tournament,date,player_a,player_b,country_a,country_b,score_a,score_b,game_scores,round,tier,sub_event,event_id,stage,player_a_raw,player_b_raw,player_x_raw,player_y_raw,result_raw,games_raw,winner_raw,year_raw
Pro Tour Grand Finals Hong Kong 2006,2006-12-15,MA Lin,SCHLAGER Werner,CHN,AUT,4,2,"15,13,11,11,9,11|13,15,5,5,11,4",R16,GRAND_SLAM,MS,1816,Main Draw,MA Lin (CHN),SCHLAGER Werner (AUT),,,4 - 2,15:13 13:15 11:5 11:5 9:11 11:4,MA Lin,2006
Pro Tour Grand Finals Hong Kong 2006,2006-12-15,SAMSONOV Vladimir,ELOI Damien,BLR,FRA,4,0,"11,11,11,11|5,8,6,5",R16,GRAND_SLAM,MS,1816,Main Draw,SAMSONOV Vladimir (BLR),ELOI Damien (FRA),,,0 - 4,5:11 8:11 6:11 5:11,SAMSONOV Vladimir,2006
Pro Tour Grand Finals Hong Kong 2006,2006-12-15,OH Sangeun,CHUANG Chih-Yuan,KOR,TPE,4,1,"11,11,9,11,11|4,7,11,9,5",R16,GRAND_SLAM,MS,1816,Main Draw,OH Sangeun (KOR),CHUANG Chih-Yuan (TPE),,,4 - 1,11:4 11:7 9:11 11:9 11:5,OH Sangeun,2006
Pro Tour Grand Finals Hong Kong 2006,2006-12-15,BOLL Timo,CHEN Weixing,GER,AUT,4,0,"12,11,11,11|10,3,5,5",R16,GRAND_SLAM,MS,1816,Main Draw,BOLL Timo (GER),CHEN Weixing (AUT),,,0 - 4,10:12 3:11 5:11 5:11,BOLL Timo,2006
Pro Tour Grand Finals Hong Kong 2006,2006-12-15,CHEN Qi,JOO Saehyuk,CHN,KOR,4,3,"11,11,7,7,4,11,11|7,8,11,11,11,9,8",R16,GRAND_SLAM,MS,1816,Main Draw,CHEN Qi (CHN),JOO Saehyuk (KOR),,,4 - 3,11:7 11:8 7:11 7:11 4:11 11:9 11:8,CHEN Qi,2006
Pro Tour Grand Finals Hong Kong 2006,2006-12-15,HOU Yingchao,KORBEL Petr,CAN,CZE,4,1,"11,9,11,13,11|5,11,3,11,6",R16,GRAND_SLAM,MS,1816,Main Draw,HOU Yingchao (CAN),KORBEL Petr (CZE),,,1 - 4,5:11 11:9 3:11 11:13 6:11,HOU Yingchao,2006
Pro Tour Grand Finals Hong Kong 2006,2006-12-15,WANG Hao,GARDOS Robert,CHN,AUT,4,1,"11,8,14,11,11|9,11,12,8,9",R16,GRAND_SLAM,MS,1816,Main Draw,WANG Hao (CHN),GARDOS Robert (AUT),,,4 - 1,11:9 8:11 14:12 11:8 11:9,WANG Hao,2006
Pro Tour Grand Finals Hong Kong 2006,2006-12-15,WANG Liqin,LI Ching,CHN,HKG,4,3,"8,13,11,11,9,11,11|11,15,3,2,11,7,6",R16,GRAND_SLAM,MS,1816,Main Draw,WANG Liqin (CHN),LI Ching (HKG),,,3 - 4,11:8 15:13 3:11 2:11 11:9 7:11 6:11,WANG Liqin,2006
Pro Tour Grand Finals Hong Kong 2006,2006-12-15,MA Lin,SAMSONOV Vladimir,CHN,BLR,4,3,"11,8,9,11,11,9,11|5,11,11,8,6,11,7",QuarterFinal,GRAND_SLAM,MS,1816,Main Draw,MA Lin (CHN),SAMSONOV Vladimir (BLR),,,4 - 3,11:5 8:11 9:11 11:8 11:6 9:11 11:7,MA Lin,2006
Pro Tour Grand Finals Hong Kong 2006,2006-12-15,OH Sangeun,BOLL Timo,KOR,GER,4,3,"4,7,12,11,11,12,11|11,11,10,8,9,14,2",QuarterFinal,GRAND_SLAM,MS,1816,Main Draw,OH Sangeun (KOR),BOLL Timo (GER),,,4 - 3,4:11 7:11 12:10 11:8 11:9 12:14 11:2,OH Sangeun,2006
Pro Tour Grand Finals Hong Kong 2006,2006-12-15,HOU Yingchao,CHEN Qi,CAN,CHN,4,2,"8,11,11,12,11,11|11,5,3,14,6,7",QuarterFinal,GRAND_SLAM,MS,1816,Main Draw,HOU Yingchao (CAN),CHEN Qi (CHN),,,2 - 4,11:8 5:11 3:11 14:12 6:11 7:11,HOU Yingchao,2006
Pro Tour Grand Finals Hong Kong 2006,2006-12-15,WANG Hao,WANG Liqin,CHN,CHN,4,1,"11,9,11,11,12|9,11,7,9,10",QuarterFinal,GRAND_SLAM,MS,1816,Main Draw,WANG Hao (CHN),WANG Liqin (CHN),,,4 - 1,11:9 9:11 11:7 11:9 12:10,WANG Hao,2006
Pro Tour Grand Finals Hong Kong 2006,2006-12-15,OH Sangeun,MA Lin,KOR,CHN,4,3,"11,11,7,5,11,7,11|7,8,11,11,7,11,8",SemiFinal,GRAND_SLAM,MS,1816,Main Draw,OH Sangeun (KOR),MA Lin (CHN),,,3 - 4,7:11 8:11 11:7 11:5 7:11 11:7 8:11,OH Sangeun,2006
Pro Tour Grand Finals Hong Kong 2006,2006-12-15,WANG Hao,HOU Yingchao,CHN,CAN,4,0,"11,11,11,11|4,7,7,6",SemiFinal,GRAND_SLAM,MS,1816,Main Draw,WANG Hao (CHN),HOU Yingchao (CAN),,,0 - 4,4:11 7:11 7:11 6:11,WANG Hao,2006
Pro Tour Grand Finals Hong Kong 2006,2006-12-15,WANG Hao,OH Sangeun,CHN,KOR,4,2,"7,11,4,11,11,12|11,8,11,2,8,10",Final,GRAND_SLAM,MS,1816,Main Draw,WANG Hao (CHN),OH Sangeun (KOR),,,2 - 4,11:7 8:11 11:4 2:11 8:11 10:12,WANG Hao,2006
Pro Tour Grand Finals Hong Kong 2006,2006-12-15,JAKAB Janos,JIANG Tianyi,HUN,HKG,4,3,"8,3,11,11,11,11,11|11,11,9,5,7,13,5",,GRAND_SLAM,U21MS,1816,Qualification,JAKAB Janos (HUN),JIANG Tianyi (HKG),,,3 - 4,11:8 11:3 9:11 5:11 7:11 13:11 5:11,JAKAB Janos,2006
Pro Tour Grand Finals Hong Kong 2006,2006-12-15,DURAN Marc,BOBILLIER Loic,ESP,FRA,4,2,"7,11,11,11,5,11|11,3,7,7,11,9",QR2,GRAND_SLAM,U21MS,1816,Qualification,DURAN Marc (ESP),BOBILLIER Loic (FRA),,,4 - 2,7:11 11:3 11:7 11:7 5:11 11:9,DURAN Marc,2006
Pro Tour Grand Finals Hong Kong 2006,2006-12-15,JIANG Tianyi,BOBILLIER Loic,HKG,FRA,4,2,"11,7,16,8,11,11|8,11,14,11,4,5",3,GRAND_SLAM,U21MS,1816,Qualification,JIANG Tianyi (HKG),BOBILLIER Loic (FRA),,,4 - 2,11:8 7:11 16:14 8:11 11:4 11:5,JIANG Tianyi,2006
Pro Tour Grand Finals Hong Kong 2006,2006-12-15,JAKAB Janos,DURAN Marc,HUN,ESP,4,2,"11,7,11,12,11,11|9,11,3,14,2,5",QR4,GRAND_SLAM,U21MS,1816,Qualification,JAKAB Janos (HUN),DURAN Marc (ESP),,,4 - 2,11:9 7:11 11:3 12:14 11:2 11:5,JAKAB Janos,2006
Pro Tour Grand Finals Hong Kong 2006,2006-12-15,DURAN Marc,JIANG Tianyi,ESP,HKG,4,3,"12,5,5,8,14,12,11|10,11,11,11,12,10,7",5,GRAND_SLAM,U21MS,1816,Qualification,DURAN Marc (ESP),JIANG Tianyi (HKG),,,3 - 4,10:12 11:5 11:5 11:8 12:14 10:12 7:11,DURAN Marc,2006
Pro Tour Grand Finals Hong Kong 2006,2006-12-15,JAKAB Janos,BOBILLIER Loic,HUN,FRA,4,3,"11,8,9,11,11,12,13|4,11,11,6,8,14,11",6,GRAND_SLAM,U21MS,1816,Qualification,JAKAB Janos (HUN),BOBILLIER Loic (FRA),,,3 - 4,4:11 11:8 11:9 6:11 8:11 14:12 11:13,JAKAB Janos,2006
Pro Tour Grand Finals Hong Kong 2006,2006-12-15,KIM Taehoon,AXELQVIST Johan,KOR,SWE,4,2,"13,13,7,9,11,11|11,11,11,11,3,9",,GRAND_SLAM,U21MS,1816,Qualification,KIM Taehoon (KOR),AXELQVIST Johan (SWE),,,2 - 4,11:13 11:13 11:7 11:9 3:11 9:11,KIM Taehoon,2006
Pro Tour Grand Finals Hong Kong 2006,2006-12-15,BAUM Patrick,MATSUMOTO Cazuo,GER,BRA,4,0,"11,11,11,11|7,9,8,8",QR2,GRAND_SLAM,U21MS,1816,Qualification,BAUM Patrick (GER),MATSUMOTO Cazuo (BRA),,,0 - 4,7:11 9:11 8:11 8:11,BAUM Patrick,2006
Pro Tour Grand Finals Hong Kong 2006,2006-12-15,BAUM Patrick,AXELQVIST Johan,GER,SWE,4,2,"10,8,11,11,11,11|12,11,5,5,8,8",3,GRAND_SLAM,U21MS,1816,Qualification,BAUM Patrick (GER),AXELQVIST Johan (SWE),,,2 - 4,12:10 11:8 5:11 5:11 8:11 8:11,BAUM Patrick,2006
Pro Tour Grand Finals Hong Kong 2006,2006-12-15,KIM Taehoon,MATSUMOTO Cazuo,KOR,BRA,4,3,"10,11,9,11,11,9,11|12,9,11,1,7,11,2",QR4,GRAND_SLAM,U21MS,1816,Qualification,KIM Taehoon (KOR),MATSUMOTO Cazuo (BRA),,,4 - 3,10:12 11:9 9:11 11:1 11:7 9:11 11:2,KIM Taehoon,2006
Pro Tour Grand Finals Hong Kong 2006,2006-12-15,MATSUMOTO Cazuo,AXELQVIST Johan,BRA,SWE,4,1,"11,3,11,11,11|7,11,7,7,9",5,GRAND_SLAM,U21MS,1816,Qualification,MATSUMOTO Cazuo (BRA),AXELQVIST Johan (SWE),,,1 - 4,7:11 11:3 7:11 7:11 9:11,MATSUMOTO Cazuo,2006
Pro Tour Grand Finals Hong Kong 2006,2006-12-15,BAUM Patrick,KIM Taehoon,GER,KOR,4,1,"11,11,11,12,14|9,5,6,14,12",6,GRAND_SLAM,U21MS,1816,Qualification,BAUM Patrick (GER),KIM Taehoon (KOR),,,4 - 1,11:9 11:5 11:6 12:14 14:12,BAUM Patrick,2006
Pro Tour Grand Finals Hong Kong 2006,2006-12-15,JAKAB Janos,KIM Taehoon,HUN,KOR,4,2,"10,12,11,6,11,11|12,10,3,11,7,9",SemiFinal,GRAND_SLAM,U21MS,1816,Main Draw,JAKAB Janos (HUN),KIM Taehoon (KOR),,,4 - 2,10:12 12:10 11:3 6:11 11:7 11:9,JAKAB Janos,2006
Pro Tour Grand Finals Hong Kong 2006,2006-12-15,BAUM Patrick,DURAN Marc,GER,ESP,4,1,"11,11,11,5,11|7,6,6,11,6",SemiFinal,GRAND_SLAM,U21MS,1816,Main Draw,BAUM Patrick (GER),DURAN Marc (ESP),,,4 - 1,11:7 11:6 11:6 5:11 11:6,BAUM Patrick,2006
Pro Tour Grand Finals Hong Kong 2006,2006-12-15,JAKAB Janos,BAUM Patrick,HUN,GER,4,1,"11,8,11,14,11|9,11,5,12,9",Final,GRAND_SLAM,U21MS,1816,Main Draw,JAKAB Janos (HUN),BAUM Patrick (GER),,,4 - 1,11:9 8:11 11:5 14:12 11:9,JAKAB Janos,2006
Pro Tour Grand Finals Hong Kong 2006,2006-12-15,LI Qiangbing,VACENOVSKA Iveta,AUT,CZE,4,3,"11,9,11,11,9,9,11|6,11,6,8,11,11,2",,GRAND_SLAM,U21WS,1816,Qualification,LI Qiangbing (AUT),VACENOVSKA Iveta (CZE),,,4 - 3,11:6 9:11 11:6 11:8 9:11 9:11 11:2,LI Qiangbing,2006
Pro Tour Grand Finals Hong Kong 2006,2006-12-15,RAMIREZ Sara,PROKHOROVA Yulia,ESP,RUS,4,0,"11,11,13,11|7,2,11,9",QR2,GRAND_SLAM,U21WS,1816,Qualification,RAMIREZ Sara (ESP),PROKHOROVA Yulia (RUS),,,0 - 4,7:11 2:11 11:13 9:11,RAMIREZ Sara,2006
Pro Tour Grand Finals Hong Kong 2006,2006-12-15,LI Qiangbing,RAMIREZ Sara,AUT,ESP,4,0,"11,11,15,14|8,8,13,12",3,GRAND_SLAM,U21WS,1816,Qualification,LI Qiangbing (AUT),RAMIREZ Sara (ESP),,,4 - 0,11:8 11:8 15:13 14:12,LI Qiangbing,2006
Pro Tour Grand Finals Hong Kong 2006,2006-12-15,VACENOVSKA Iveta,PROKHOROVA Yulia,CZE,RUS,4,0,"11,11,13,11|2,9,11,9",QR4,GRAND_SLAM,U21WS,1816,Qualification,VACENOVSKA Iveta (CZE),PROKHOROVA Yulia (RUS),,,4 - 0,11:2 11:9 13:11 11:9,VACENOVSKA Iveta,2006
Pro Tour Grand Finals Hong Kong 2006,2006-12-15,LI Qiangbing,PROKHOROVA Yulia,AUT,RUS,4,1,"7,12,11,12,11|11,10,5,10,5",5,GRAND_SLAM,U21WS,1816,Qualification,LI Qiangbing (AUT),PROKHOROVA Yulia (RUS),,,4 - 1,7:11 12:10 11:5 12:10 11:5,LI Qiangbing,2006
Pro Tour Grand Finals Hong Kong 2006,2006-12-15,VACENOVSKA Iveta,RAMIREZ Sara,CZE,ESP,4,1,"11,11,6,12,11|9,9,11,10,6",6,GRAND_SLAM,U21WS,1816,Qualification,VACENOVSKA Iveta (CZE),RAMIREZ Sara (ESP),,,1 - 4,9:11 9:11 11:6 10:12 6:11,VACENOVSKA Iveta,2006
Pro Tour Grand Finals Hong Kong 2006,2006-12-15,POTA Georgina,YU Kwok See,HUN,HKG,4,2,"11,7,11,11,11,13|13,11,7,8,6,11",,GRAND_SLAM,U21WS,1816,Qualification,POTA Georgina (HUN),YU Kwok See (HKG),,,4 - 2,11:13 7:11 11:7 11:8 11:6 13:11,POTA Georgina,2006
Pro Tour Grand Finals Hong Kong 2006,2006-12-15,GRUNDISCH Carole,HEINE Veronika,FRA,AUT,4,0,"11,11,14,12|6,7,12,10",QR2,GRAND_SLAM,U21WS,1816,Qualification,GRUNDISCH Carole (FRA),HEINE Veronika (AUT),,,0 - 4,6:11 7:11 12:14 10:12,GRUNDISCH Carole,2006
Pro Tour Grand Finals Hong Kong 2006,2006-12-15,POTA Georgina,GRUNDISCH Carole,HUN,FRA,4,0,"11,12,11,11|7,10,4,9",3,GRAND_SLAM,U21WS,1816,Qualification,POTA Georgina (HUN),GRUNDISCH Carole (FRA),,,4 - 0,11:7 12:10 11:4 11:9,POTA Georgina,2006
Pro Tour Grand Finals Hong Kong 2006,2006-12-15,HEINE Veronika,YU Kwok See,AUT,HKG,4,1,"4,11,12,11,11|11,8,10,7,9",QR4,GRAND_SLAM,U21WS,1816,Qualification,HEINE Veronika (AUT),YU Kwok See (HKG),,,1 - 4,11:4 8:11 10:12 7:11 9:11,HEINE Veronika,2006
Pro Tour Grand Finals Hong Kong 2006,2006-12-15,POTA Georgina,HEINE Veronika,HUN,AUT,4,2,"8,11,6,11,11,11|11,3,11,8,5,9",5,GRAND_SLAM,U21WS,1816,Qualification,POTA Georgina (HUN),HEINE Veronika (AUT),,,4 - 2,8:11 11:3 6:11 11:8 11:5 11:9,POTA Georgina,2006
Pro Tour Grand Finals Hong Kong 2006,2006-12-15,YU Kwok See,GRUNDISCH Carole,HKG,FRA,4,3,"7,9,11,11,11,7,11|11,11,7,7,8,11,6",6,GRAND_SLAM,U21WS,1816,Qualification,YU Kwok See (HKG),GRUNDISCH Carole (FRA),,,3 - 4,11:7 11:9 7:11 7:11 8:11 11:7 6:11,YU Kwok See,2006
Pro Tour Grand Finals Hong Kong 2006,2006-12-15,ZHANG Yining,LI Jiao,CHN,NED,4,1,"8,11,11,11,11|11,4,6,5,6",R16,GRAND_SLAM,WS,1816,Main Draw,ZHANG Yining (CHN),LI Jiao (NED),,,4 - 1,8:11 11:4 11:6 11:5 11:6,ZHANG Yining,2006
Pro Tour Grand Finals Hong Kong 2006,2006-12-15,GUO Yan (1982),ZHANG Rui,CHN,HKG,4,1,"11,11,9,11,12|8,5,11,8,10",R16,GRAND_SLAM,WS,1816,Main Draw,GUO Yan (1982) (CHN),ZHANG Rui (HKG),,,1 - 4,8:11 5:11 11:9 8:11 10:12,GUO Yan (1982),2006
Pro Tour Grand Finals Hong Kong 2006,2006-12-15,LI Jiawei,LIU Jia,SGP,AUT,4,0,"11,11,11,11|8,8,4,0",R16,GRAND_SLAM,WS,1816,Main Draw,LI Jiawei (SGP),LIU Jia (AUT),,,4 - 0,11:8 11:8 11:4 11:0,LI Jiawei,2006
Pro Tour Grand Finals Hong Kong 2006,2006-12-15,TAN Wenling,TIE Yana,ITA,HKG,4,3,"8,11,6,16,5,12,11|11,8,11,14,11,10,8",R16,GRAND_SLAM,WS,1816,Main Draw,TAN Wenling (ITA),TIE Yana (HKG),,,4 - 3,8:11 11:8 6:11 16:14 5:11 12:10 11:8,TAN Wenling,2006
Pro Tour Grand Finals Hong Kong 2006,2006-12-15,WANG Nan,GAO Jun,CHN,USA,4,2,"11,11,11,12,9,11|8,5,6,14,11,3",R16,GRAND_SLAM,WS,1816,Main Draw,WANG Nan (CHN),GAO Jun (USA),,,4 - 2,11:8 11:5 11:6 12:14 9:11 11:3,WANG Nan,2006
Pro Tour Grand Finals Hong Kong 2006,2006-12-15,LI Xiaoxia,HIRANO Sayaka,CHN,JPN,4,1,"11,13,6,11,13|9,11,11,4,11",R16,GRAND_SLAM,WS,1816,Main Draw,LI Xiaoxia (CHN),HIRANO Sayaka (JPN),,,1 - 4,9:11 11:13 11:6 4:11 11:13,LI Xiaoxia,2006
Pro Tour Grand Finals Hong Kong 2006,2006-12-15,SHEN Yanfei,JIANG Huajun,ESP,HKG,4,2,"11,9,11,11,9,11|4,11,4,5,11,6",R16,GRAND_SLAM,WS,1816,Main Draw,SHEN Yanfei (ESP),JIANG Huajun (HKG),,,2 - 4,4:11 11:9 4:11 5:11 11:9 6:11,SHEN Yanfei,2006
Pro Tour Grand Finals Hong Kong 2006,2006-12-15,WANG Yuegu,HIURA Reiko,SGP,JPN,4,1,"11,10,13,11,11|8,12,11,7,8",R16,GRAND_SLAM,WS,1816,Main Draw,WANG Yuegu (SGP),HIURA Reiko (JPN),,,1 - 4,8:11 12:10 11:13 7:11 8:11,WANG Yuegu,2006
Pro Tour Grand Finals Hong Kong 2006,2006-12-15,ZHANG Yining,GUO Yan (1982),CHN,CHN,4,1,"9,11,11,11,11|11,7,5,4,4",QuarterFinal,GRAND_SLAM,WS,1816,Main Draw,ZHANG Yining (CHN),GUO Yan (1982) (CHN),,,4 - 1,9:11 11:7 11:5 11:4 11:4,ZHANG Yining,2006
Pro Tour Grand Finals Hong Kong 2006,2006-12-15,LI Jiawei,TAN Wenling,SGP,ITA,4,1,"11,12,8,11,11|7,10,11,9,5",QuarterFinal,GRAND_SLAM,WS,1816,Main Draw,LI Jiawei (SGP),TAN Wenling (ITA),,,4 - 1,11:7 12:10 8:11 11:9 11:5,LI Jiawei,2006
Pro Tour Grand Finals Hong Kong 2006,2006-12-15,LI Xiaoxia,WANG Nan,CHN,CHN,4,2,"7,6,11,11,11,11|11,11,6,6,4,9",QuarterFinal,GRAND_SLAM,WS,1816,Main Draw,LI Xiaoxia (CHN),WANG Nan (CHN),,,2 - 4,11:7 11:6 6:11 6:11 4:11 9:11,LI Xiaoxia,2006
Pro Tour Grand Finals Hong Kong 2006,2006-12-15,SHEN Yanfei,WANG Yuegu,ESP,SGP,4,0,"12,11,11,11|10,6,8,7",QuarterFinal,GRAND_SLAM,WS,1816,Main Draw,SHEN Yanfei (ESP),WANG Yuegu (SGP),,,4 - 0,12:10 11:6 11:8 11:7,SHEN Yanfei,2006
Pro Tour Grand Finals Hong Kong 2006,2006-12-15,ZHANG Yining,LI Jiawei,CHN,SGP,4,1,"11,11,5,11,11|6,7,11,8,7",SemiFinal,GRAND_SLAM,WS,1816,Main Draw,ZHANG Yining (CHN),LI Jiawei (SGP),,,4 - 1,11:6 11:7 5:11 11:8 11:7,ZHANG Yining,2006
Pro Tour Grand Finals Hong Kong 2006,2006-12-15,LI Xiaoxia,SHEN Yanfei,CHN,ESP,4,2,"11,11,11,10,5,11|8,7,6,12,11,8",SemiFinal,GRAND_SLAM,WS,1816,Main Draw,LI Xiaoxia (CHN),SHEN Yanfei (ESP),,,4 - 2,11:8 11:7 11:6 10:12 5:11 11:8,LI Xiaoxia,2006
Pro Tour Grand Finals Hong Kong 2006,2006-12-15,ZHANG Yining,LI Xiaoxia,CHN,CHN,4,3,"9,11,11,7,8,11,11|11,3,2,11,11,6,7",Final,GRAND_SLAM,WS,1816,Main Draw,ZHANG Yining (CHN),LI Xiaoxia (CHN),,,4 - 3,9:11 11:3 11:2 7:11 8:11 11:6 11:7,ZHANG Yining,2006
Pro Tour Grand Finals Hong Kong 2006,2006-12-15,GRUNDISCH Carole,LI Qiangbing,FRA,AUT,4,2,"11,7,11,11,6,11|6,11,5,4,11,9",SemiFinal,GRAND_SLAM,U21WS,1816,Main Draw,GRUNDISCH Carole (FRA),LI Qiangbing (AUT),,,2 - 4,6:11 11:7 5:11 4:11 11:6 9:11,GRUNDISCH Carole,2006
Pro Tour Grand Finals Hong Kong 2006,2006-12-15,VACENOVSKA Iveta,POTA Georgina,CZE,HUN,4,3,"12,5,11,4,6,12,11|10,11,6,11,11,10,8",SemiFinal,GRAND_SLAM,U21WS,1816,Main Draw,VACENOVSKA Iveta (CZE),POTA Georgina (HUN),,,3 - 4,10:12 11:5 6:11 11:4 11:6 10:12 8:11,VACENOVSKA Iveta,2006
Pro Tour Grand Finals Hong Kong 2006,2006-12-15,VACENOVSKA Iveta,GRUNDISCH Carole,CZE,FRA,4,3,"8,14,11,11,8,13,11|11,16,9,8,11,11,3",Final,GRAND_SLAM,U21WS,1816,Main Draw,VACENOVSKA Iveta (CZE),GRUNDISCH Carole (FRA),,,3 - 4,11:8 16:14 9:11 8:11 11:8 11:13 3:11,VACENOVSKA Iveta,2006
Pro Tour Grand Finals Hong Kong 2006,2006-12-15,CHEN Qi/MA Lin,GAO Ning/YANG Zi,CHN,SGP,4,2,"11,8,11,7,11,11|5,11,5,11,5,5",QuarterFinal,GRAND_SLAM,MD,1816,Main Draw,CHEN Qi (CHN) / MA Lin (CHN),GAO Ning (SGP) / YANG Zi (SGP),MA Lin (CHN),YANG Zi (SGP),4 - 2,11:5 8:11 11:5 7:11 11:5 11:5,CHEN Qi,2006
Pro Tour Grand Finals Hong Kong 2006,2006-12-15,HAO Shuai/MA Long,CHEN Weixing/GARDOS Robert,CHN,AUT,4,0,"11,11,11,11|7,5,6,2",QuarterFinal,GRAND_SLAM,MD,1816,Main Draw,HAO Shuai (CHN) / MA Long (CHN),CHEN Weixing (AUT) / GARDOS Robert (AUT),MA Long (CHN),GARDOS Robert (AUT),4 - 0,11:7 11:5 11:6 11:2,HAO Shuai,2006
Pro Tour Grand Finals Hong Kong 2006,2006-12-15,CHEN Qi/MA Lin,CHEUNG Yuk/LEUNG Chu Yan,CHN,HKG,4,2,"11,11,11,9,14,11|7,9,7,11,16,9",SemiFinal,GRAND_SLAM,MD,1816,Main Draw,CHEN Qi (CHN) / MA Lin (CHN),CHEUNG Yuk (HKG) / LEUNG Chu Yan (HKG),MA Lin (CHN),LEUNG Chu Yan (HKG),4 - 2,11:7 11:9 11:7 9:11 14:16 11:9,CHEN Qi,2006
Pro Tour Grand Finals Hong Kong 2006,2006-12-15,HAO Shuai/MA Long,CHEN Qi/MA Lin,CHN,CHN,4,3,"9,5,12,11,11,7,12|11,11,10,8,9,11,10",Final,GRAND_SLAM,MD,1816,Main Draw,HAO Shuai (CHN) / MA Long (CHN),CHEN Qi (CHN) / MA Lin (CHN),MA Long (CHN),MA Lin (CHN),3 - 4,11:9 11:5 10:12 8:11 9:11 11:7 10:12,HAO Shuai,2006
Pro Tour Grand Finals Hong Kong 2006,2006-12-15,KO Lai Chak/LI Ching,BOLL Timo/SUSS Christian,HKG,GER,4,2,"11,11,7,11,5,11|8,4,11,9,11,2",QuarterFinal,GRAND_SLAM,MD,1816,Main Draw,KO Lai Chak (HKG) / LI Ching (HKG),BOLL Timo (GER) / SUSS Christian (GER),LI Ching (HKG),SUSS Christian (GER),4 - 2,11:8 11:4 7:11 11:9 5:11 11:2,KO Lai Chak,2006
Pro Tour Grand Finals Hong Kong 2006,2006-12-15,HAO Shuai/MA Long,KO Lai Chak/LI Ching,CHN,HKG,4,2,"6,8,11,11,11,11|11,11,4,8,8,7",SemiFinal,GRAND_SLAM,MD,1816,Main Draw,HAO Shuai (CHN) / MA Long (CHN),KO Lai Chak (HKG) / LI Ching (HKG),MA Long (CHN),LI Ching (HKG),2 - 4,11:6 11:8 4:11 8:11 8:11 7:11,HAO Shuai,2006
Pro Tour Grand Finals Hong Kong 2006,2006-12-15,CHEUNG Yuk/LEUNG Chu Yan,AXELQVIST Johan/SVENSSON Robert,HKG,SWE,4,1,"11,11,10,11,11|8,6,12,6,3",QuarterFinal,GRAND_SLAM,MD,1816,Main Draw,CHEUNG Yuk (HKG) / LEUNG Chu Yan (HKG),AXELQVIST Johan (SWE) / SVENSSON Robert (SWE),LEUNG Chu Yan (HKG),SVENSSON Robert (SWE),1 - 4,8:11 6:11 12:10 6:11 3:11,CHEUNG Yuk,2006
Pro Tour Grand Finals Hong Kong 2006,2006-12-15,WANG Nan/ZHANG Yining,LAU Sui Fei/LIN Ling,CHN,HKG,4,2,"4,11,11,11,11,11|11,6,3,8,13,1",QuarterFinal,GRAND_SLAM,WD,1816,Main Draw,WANG Nan (CHN) / ZHANG Yining (CHN),LAU Sui Fei (HKG) / LIN Ling (HKG),ZHANG Yining (CHN),LIN Ling (HKG),4 - 2,4:11 11:6 11:3 11:8 11:13 11:1,WANG Nan,2006
Pro Tour Grand Finals Hong Kong 2006,2006-12-15,WANG Nan/ZHANG Yining,GUO Yue/LI Xiaoxia,CHN,CHN,4,0,"11,12,11,11|6,10,5,2",SemiFinal,GRAND_SLAM,WD,1816,Main Draw,WANG Nan (CHN) / ZHANG Yining (CHN),GUO Yue (CHN) / LI Xiaoxia (CHN),ZHANG Yining (CHN),LI Xiaoxia (CHN),4 - 0,11:6 12:10 11:5 11:2,WANG Nan,2006
Pro Tour Grand Finals Hong Kong 2006,2006-12-15,WANG Nan/ZHANG Yining,GAO Jun/SHEN Yanfei,CHN,USA,4,1,"11,8,11,11,12|6,11,9,8,10",Final,GRAND_SLAM,WD,1816,Main Draw,WANG Nan (CHN) / ZHANG Yining (CHN),GAO Jun (USA) / SHEN Yanfei (ESP),ZHANG Yining (CHN),SHEN Yanfei (ESP),4 - 1,11:6 8:11 11:9 11:8 12:10,WANG Nan,2006
Pro Tour Grand Finals Hong Kong 2006,2006-12-15,GAO Jun/SHEN Yanfei,TIE Yana/ZHANG Rui,USA,HKG,4,1,"11,11,11,5,13|9,4,6,11,11",QuarterFinal,GRAND_SLAM,WD,1816,Main Draw,GAO Jun (USA) / SHEN Yanfei (ESP),TIE Yana (HKG) / ZHANG Rui (HKG),SHEN Yanfei (ESP),ZHANG Rui (HKG),4 - 1,11:9 11:4 11:6 5:11 13:11,GAO Jun,2006
Pro Tour Grand Finals Hong Kong 2006,2006-12-15,GUO Yue/LI Xiaoxia,HIRANO Sayaka/HIURA Reiko,CHN,JPN,4,2,"11,11,10,9,12,11|7,3,12,11,10,1",QuarterFinal,GRAND_SLAM,WD,1816,Main Draw,GUO Yue (CHN) / LI Xiaoxia (CHN),HIRANO Sayaka (JPN) / HIURA Reiko (JPN),LI Xiaoxia (CHN),HIURA Reiko (JPN),2 - 4,7:11 3:11 12:10 11:9 10:12 1:11,GUO Yue,2006
Pro Tour Grand Finals Hong Kong 2006,2006-12-15,GAO Jun/SHEN Yanfei,LI Jiawei/SUN Beibei,USA,SGP,4,1,"8,11,12,12,11|11,6,10,10,6",SemiFinal,GRAND_SLAM,WD,1816,Main Draw,GAO Jun (USA) / SHEN Yanfei (ESP),LI Jiawei (SGP) / SUN Beibei (SGP),SHEN Yanfei (ESP),SUN Beibei (SGP),1 - 4,11:8 6:11 10:12 10:12 6:11,GAO Jun,2006
Polish Open Warsaw 2006,2006-11-15,BOLL Timo,VOSTES Yannick,GER,BEL,4,0,"11,11,11,11|5,4,9,7",R64,GRAND_SLAM,MS,1814,Main Draw,BOLL Timo (GER),VOSTES Yannick (BEL),,,4 - 0,11:5 11:4 11:9 11:7,BOLL Timo,2006
Polish Open Warsaw 2006,2006-11-15,HE Zhiwen,GORAK Daniel,ESP,POL,4,3,"9,2,11,8,11,12,12|11,11,6,11,9,10,10",R64,GRAND_SLAM,MS,1814,Main Draw,HE Zhiwen (ESP),GORAK Daniel (POL),,,3 - 4,11:9 11:2 6:11 11:8 9:11 10:12 10:12,HE Zhiwen,2006
Polish Open Warsaw 2006,2006-11-15,YANG Min,SIMONER Christoph,ITA,AUT,4,1,"8,11,11,11,13|11,6,6,3,11",R64,GRAND_SLAM,MS,1814,Main Draw,YANG Min (ITA),SIMONER Christoph (AUT),,,4 - 1,8:11 11:6 11:6 11:3 13:11,YANG Min,2006
Polish Open Warsaw 2006,2006-11-15,OVTCHAROV Dimitrij,PLACHY Josef,GER,CZE,4,1,"11,11,15,10,11|4,7,13,12,6",R64,GRAND_SLAM,MS,1814,Main Draw,OVTCHAROV Dimitrij (GER),PLACHY Josef (CZE),,,4 - 1,11:4 11:7 15:13 10:12 11:6,OVTCHAROV Dimitrij,2006
Polish Open Warsaw 2006,2006-11-15,HOU Yingchao,BERTIN Christophe,CAN,FRA,4,2,"8,11,14,10,11,11|11,5,12,12,5,5",R64,GRAND_SLAM,MS,1814,Main Draw,HOU Yingchao (CAN),BERTIN Christophe (FRA),,,4 - 2,8:11 11:5 14:12 10:12 11:5 11:5,HOU Yingchao,2006
Polish Open Warsaw 2006,2006-11-15,GIONIS Panagiotis,MACHADO Carlos,GRE,ESP,4,0,"11,11,11,11|2,8,6,8",R64,GRAND_SLAM,MS,1814,Main Draw,GIONIS Panagiotis (GRE),MACHADO Carlos (ESP),,,0 - 4,2:11 8:11 6:11 8:11,GIONIS Panagiotis,2006
Polish Open Warsaw 2006,2006-11-15,LEGOUT Christophe,ILLAS Erik,FRA,SVK,4,2,"9,11,8,11,11,11|11,5,11,5,5,3",R64,GRAND_SLAM,MS,1814,Main Draw,LEGOUT Christophe (FRA),ILLAS Erik (SVK),,,4 - 2,9:11 11:5 8:11 11:5 11:5 11:3,LEGOUT Christophe,2006
Polish Open Warsaw 2006,2006-11-15,KORBEL Petr,MATTENET Adrien,CZE,FRA,4,2,"11,8,10,11,11,11|5,11,12,8,5,7",R64,GRAND_SLAM,MS,1814,Main Draw,KORBEL Petr (CZE),MATTENET Adrien (FRA),,,2 - 4,5:11 11:8 12:10 8:11 5:11 7:11,KORBEL Petr,2006
Polish Open Warsaw 2006,2006-11-15,SMIRNOV Alexey,JOVER Sebastien,RUS,FRA,4,2,"11,8,13,11,7,11|9,11,11,5,11,5",R64,GRAND_SLAM,MS,1814,Main Draw,SMIRNOV Alexey (RUS),JOVER Sebastien (FRA),,,4 - 2,11:9 8:11 13:11 11:5 7:11 11:5,SMIRNOV Alexey,2006
Polish Open Warsaw 2006,2006-11-15,LIN Ju,MONRAD Martin,DOM,DEN,4,2,"12,11,10,11,4,11|10,7,12,6,11,4",R64,GRAND_SLAM,MS,1814,Main Draw,LIN Ju (DOM),MONRAD Martin (DEN),,,2 - 4,10:12 7:11 12:10 6:11 11:4 4:11,LIN Ju,2006
Polish Open Warsaw 2006,2006-11-15,MAZUNOV Dmitry,MONDELLO Massimiliano,RUS,ITA,4,0,"11,12,11,11|8,10,5,5",R64,GRAND_SLAM,MS,1814,Main Draw,MAZUNOV Dmitry (RUS),MONDELLO Massimiliano (ITA),,,4 - 0,11:8 12:10 11:5 11:5,MAZUNOV Dmitry,2006
Polish Open Warsaw 2006,2006-11-15,TAKAKIWA Taku,STEGER Bastian,JPN,GER,4,1,"11,9,11,11,11|4,11,2,6,5",R64,GRAND_SLAM,MS,1814,Main Draw,TAKAKIWA Taku (JPN),STEGER Bastian (GER),,,4 - 1,11:4 9:11 11:2 11:6 11:5,TAKAKIWA Taku,2006
Polish Open Warsaw 2006,2006-11-15,PAVELKA Tomas,PRIMORAC Zoran,CZE,CRO,4,1,"11,12,11,6,11|9,10,7,11,9",R64,GRAND_SLAM,MS,1814,Main Draw,PAVELKA Tomas (CZE),PRIMORAC Zoran (CRO),,,1 - 4,9:11 10:12 7:11 11:6 9:11,PAVELKA Tomas,2006
Polish Open Warsaw 2006,2006-11-15,WOSIK Torben,KUSINSKI Marcin,GER,POL,4,3,"12,11,12,11,8,15,14|10,6,14,13,11,13,12",R64,GRAND_SLAM,MS,1814,Main Draw,WOSIK Torben (GER),KUSINSKI Marcin (POL),,,3 - 4,10:12 6:11 14:12 13:11 11:8 13:15 12:14,WOSIK Torben,2006
Polish Open Warsaw 2006,2006-11-15,KUZMIN Fedor,APOLONIA Tiago,RUS,POR,4,1,"12,2,11,11,12|10,11,8,8,10",R64,GRAND_SLAM,MS,1814,Main Draw,KUZMIN Fedor (RUS),APOLONIA Tiago (POR),,,4 - 1,12:10 2:11 11:8 11:8 12:10,KUZMIN Fedor,2006
Polish Open Warsaw 2006,2006-11-15,SCHLAGER Werner,MIZUTANI Jun,AUT,JPN,4,2,"7,11,11,14,10,11|11,9,8,12,12,6",R64,GRAND_SLAM,MS,1814,Main Draw,SCHLAGER Werner (AUT),MIZUTANI Jun (JPN),,,2 - 4,11:7 9:11 8:11 12:14 12:10 6:11,SCHLAGER Werner,2006
Polish Open Warsaw 2006,2006-11-15,SVENSSON Robert,CHEN Weixing,SWE,AUT,4,3,"6,12,7,7,14,11,11|11,10,11,11,12,9,6",R64,GRAND_SLAM,MS,1814,Main Draw,SVENSSON Robert (SWE),CHEN Weixing (AUT),,,3 - 4,11:6 10:12 11:7 11:7 12:14 9:11 6:11,SVENSSON Robert,2006
Polish Open Warsaw 2006,2006-11-15,TOKIC Bojan,OLLIVIER Brice,SLO,FRA,4,1,"11,14,11,11,11|13,12,5,5,5",R64,GRAND_SLAM,MS,1814,Main Draw,TOKIC Bojan (SLO),OLLIVIER Brice (FRA),,,1 - 4,13:11 12:14 5:11 5:11 5:11,TOKIC Bojan,2006
Polish Open Warsaw 2006,2006-11-15,TAN Ruiwu,HU Jiashun,CRO,SUI,4,0,"11,11,11,11|6,5,3,9",R64,GRAND_SLAM,MS,1814,Main Draw,TAN Ruiwu (CRO),HU Jiashun (SUI),,,4 - 0,11:6 11:5 11:3 11:9,TAN Ruiwu,2006
Polish Open Warsaw 2006,2006-11-15,ELOI Damien,SURBEK Dragutin,FRA,CRO,4,0,"11,11,11,13|8,9,8,11",R64,GRAND_SLAM,MS,1814,Main Draw,ELOI Damien (FRA),SURBEK Dragutin (CRO),,,0 - 4,8:11 9:11 8:11 11:13,ELOI Damien,2006
Polish Open Warsaw 2006,2006-11-15,BLASZCZYK Lucjan,HENZELL William,POL,AUS,4,0,"11,12,11,11|2,10,7,7",R64,GRAND_SLAM,MS,1814,Main Draw,BLASZCZYK Lucjan (POL),HENZELL William (AUS),,,4 - 0,11:2 12:10 11:7 11:7,BLASZCZYK Lucjan,2006
Polish Open Warsaw 2006,2006-11-15,SEREDA Peter,ACHANTA Sharath,SVK,IND,4,0,"11,12,11,11|7,10,7,6",R64,GRAND_SLAM,MS,1814,Main Draw,SEREDA Peter (SVK),ACHANTA Sharath (IND),,,0 - 4,7:11 10:12 7:11 6:11,SEREDA Peter,2006
Polish Open Warsaw 2006,2006-11-15,GUO Jinhao,GARDOS Robert,CHN,AUT,4,2,"10,11,11,11,8,13|12,5,6,9,11,11",R64,GRAND_SLAM,MS,1814,Main Draw,GUO Jinhao (CHN),GARDOS Robert (AUT),,,2 - 4,12:10 5:11 6:11 9:11 11:8 11:13,GUO Jinhao,2006
Polish Open Warsaw 2006,2006-11-15,CRISAN Adrian,DIDUKH Oleksandr,ROU,UKR,4,3,"11,11,8,9,11,10,17|7,7,11,11,7,12,15",R64,GRAND_SLAM,MS,1814,Main Draw,CRISAN Adrian (ROU),DIDUKH Oleksandr (UKR),,,3 - 4,7:11 7:11 11:8 11:9 7:11 12:10 15:17,CRISAN Adrian,2006
Polish Open Warsaw 2006,2006-11-15,MAZE Michael,GACINA Andrej,DEN,CRO,4,2,"11,11,11,9,10,11|5,5,9,11,12,7",R64,GRAND_SLAM,MS,1814,Main Draw,MAZE Michael (DEN),GACINA Andrej (CRO),,,4 - 2,11:5 11:5 11:9 9:11 10:12 11:7,MAZE Michael,2006
Polish Open Warsaw 2006,2006-11-15,ROBERTSON Adam,WANG Zengyi,WAL,POL,4,3,"8,16,11,5,4,12,11|11,14,9,11,11,10,8",R64,GRAND_SLAM,MS,1814,Main Draw,ROBERTSON Adam (WAL),WANG Zengyi (POL),,,4 - 3,8:11 16:14 11:9 5:11 4:11 12:10 11:8,ROBERTSON Adam,2006
Polish Open Warsaw 2006,2006-11-15,KARAKASEVIC Aleksandar,FREITAS Marcos,SRB,POR,4,1,"5,11,11,11,11|11,8,8,9,7",R64,GRAND_SLAM,MS,1814,Main Draw,KARAKASEVIC Aleksandar (SRB),FREITAS Marcos (POR),,,4 - 1,5:11 11:8 11:8 11:9 11:7,KARAKASEVIC Aleksandar,2006
Polish Open Warsaw 2006,2006-11-15,MA Wenge,LIVENTSOV Alexey,CHN,RUS,4,3,"10,7,7,11,11,15,12|12,11,11,8,2,13,10",R64,GRAND_SLAM,MS,1814,Main Draw,MA Wenge (CHN),LIVENTSOV Alexey (RUS),,,3 - 4,12:10 11:7 11:7 8:11 2:11 13:15 10:12,MA Wenge,2006
Polish Open Warsaw 2006,2006-11-15,KEINATH Thomas,LUNDQVIST Jens,SVK,SWE,4,1,"12,11,11,11,11|14,8,6,4,7",R64,GRAND_SLAM,MS,1814,Main Draw,KEINATH Thomas (SVK),LUNDQVIST Jens (SWE),,,1 - 4,14:12 8:11 6:11 4:11 7:11,KEINATH Thomas,2006
Polish Open Warsaw 2006,2006-11-15,SUSS Christian,MONTEIRO Joao,GER,POR,4,1,"8,11,11,11,12|11,9,7,8,10",R64,GRAND_SLAM,MS,1814,Main Draw,SUSS Christian (GER),MONTEIRO Joao (POR),,,1 - 4,11:8 9:11 7:11 8:11 10:12,SUSS Christian,2006
Polish Open Warsaw 2006,2006-11-15,KLASEK Marek,GRUJIC Slobodan,CZE,SRB,4,0,"12,13,11,15|10,11,5,13",R64,GRAND_SLAM,MS,1814,Main Draw,KLASEK Marek (CZE),GRUJIC Slobodan (SRB),,,0 - 4,10:12 11:13 5:11 13:15,KLASEK Marek,2006
Polish Open Warsaw 2006,2006-11-15,SAMSONOV Vladimir,OLEJNIK Martin,BLR,CZE,4,1,"11,11,11,7,14|8,8,9,11,12",R64,GRAND_SLAM,MS,1814,Main Draw,SAMSONOV Vladimir (BLR),OLEJNIK Martin (CZE),,,1 - 4,8:11 8:11 9:11 11:7 12:14,SAMSONOV Vladimir,2006
Polish Open Warsaw 2006,2006-11-15,BOLL Timo,HE Zhiwen,GER,ESP,4,2,"12,9,5,11,11,11|10,11,11,8,4,7",R32,GRAND_SLAM,MS,1814,Main Draw,BOLL Timo (GER),HE Zhiwen (ESP),,,4 - 2,12:10 9:11 5:11 11:8 11:4 11:7,BOLL Timo,2006
Polish Open Warsaw 2006,2006-11-15,YANG Min,OVTCHAROV Dimitrij,ITA,GER,4,1,"12,11,11,11,11|14,9,9,8,8",R32,GRAND_SLAM,MS,1814,Main Draw,YANG Min (ITA),OVTCHAROV Dimitrij (GER),,,4 - 1,12:14 11:9 11:9 11:8 11:8,YANG Min,2006
Polish Open Warsaw 2006,2006-11-15,HOU Yingchao,GIONIS Panagiotis,CAN,GRE,4,0,"11,11,11,11|6,3,7,7",R32,GRAND_SLAM,MS,1814,Main Draw,HOU Yingchao (CAN),GIONIS Panagiotis (GRE),,,4 - 0,11:6 11:3 11:7 11:7,HOU Yingchao,2006
Polish Open Warsaw 2006,2006-11-15,KORBEL Petr,LEGOUT Christophe,CZE,FRA,4,3,"11,3,9,11,11,11,11|5,11,11,9,13,5,8",R32,GRAND_SLAM,MS,1814,Main Draw,KORBEL Petr (CZE),LEGOUT Christophe (FRA),,,3 - 4,5:11 11:3 11:9 9:11 13:11 5:11 8:11,KORBEL Petr,2006
Polish Open Warsaw 2006,2006-11-15,SMIRNOV Alexey,LIN Ju,RUS,DOM,4,1,"11,9,11,11,12|9,11,5,9,10",R32,GRAND_SLAM,MS,1814,Main Draw,SMIRNOV Alexey (RUS),LIN Ju (DOM),,,4 - 1,11:9 9:11 11:5 11:9 12:10,SMIRNOV Alexey,2006
Polish Open Warsaw 2006,2006-11-15,TAKAKIWA Taku,MAZUNOV Dmitry,JPN,RUS,4,3,"11,11,7,11,9,7,11|9,8,11,9,11,11,8",R32,GRAND_SLAM,MS,1814,Main Draw,TAKAKIWA Taku (JPN),MAZUNOV Dmitry (RUS),,,3 - 4,9:11 8:11 11:7 9:11 11:9 11:7 8:11,TAKAKIWA Taku,2006
Polish Open Warsaw 2006,2006-11-15,WOSIK Torben,PAVELKA Tomas,GER,CZE,4,2,"11,11,9,12,6,11|9,5,11,10,11,6",R32,GRAND_SLAM,MS,1814,Main Draw,WOSIK Torben (GER),PAVELKA Tomas (CZE),,,2 - 4,9:11 5:11 11:9 10:12 11:6 6:11,WOSIK Torben,2006
Polish Open Warsaw 2006,2006-11-15,SCHLAGER Werner,KUZMIN Fedor,AUT,RUS,4,2,"11,12,6,7,11,11|8,10,11,11,7,6",R32,GRAND_SLAM,MS,1814,Main Draw,SCHLAGER Werner (AUT),KUZMIN Fedor (RUS),,,2 - 4,8:11 10:12 11:6 11:7 7:11 6:11,SCHLAGER Werner,2006
Polish Open Warsaw 2006,2006-11-15,TOKIC Bojan,SVENSSON Robert,SLO,SWE,4,2,"4,5,11,11,11,11|11,11,6,8,8,5",R32,GRAND_SLAM,MS,1814,Main Draw,TOKIC Bojan (SLO),SVENSSON Robert (SWE),,,2 - 4,11:4 11:5 6:11 8:11 8:11 5:11,TOKIC Bojan,2006
Polish Open Warsaw 2006,2006-11-15,ELOI Damien,TAN Ruiwu,FRA,CRO,4,3,"11,11,5,6,6,11,11|5,9,11,11,11,7,7",R32,GRAND_SLAM,MS,1814,Main Draw,ELOI Damien (FRA),TAN Ruiwu (CRO),,,3 - 4,5:11 9:11 11:5 11:6 11:6 7:11 7:11,ELOI Damien,2006
Polish Open Warsaw 2006,2006-11-15,BLASZCZYK Lucjan,SEREDA Peter,POL,SVK,4,3,"8,11,13,6,11,11,11|11,5,15,11,5,8,3",R32,GRAND_SLAM,MS,1814,Main Draw,BLASZCZYK Lucjan (POL),SEREDA Peter (SVK),,,4 - 3,8:11 11:5 13:15 6:11 11:5 11:8 11:3,BLASZCZYK Lucjan,2006
Polish Open Warsaw 2006,2006-11-15,CRISAN Adrian,GUO Jinhao,ROU,CHN,4,2,"6,11,12,8,11,11|11,3,10,11,5,8",R32,GRAND_SLAM,MS,1814,Main Draw,CRISAN Adrian (ROU),GUO Jinhao (CHN),,,2 - 4,11:6 3:11 10:12 11:8 5:11 8:11,CRISAN Adrian,2006
Polish Open Warsaw 2006,2006-11-15,MAZE Michael,ROBERTSON Adam,DEN,WAL,4,0,"11,12,13,11|4,10,11,4",R32,GRAND_SLAM,MS,1814,Main Draw,MAZE Michael (DEN),ROBERTSON Adam (WAL),,,4 - 0,11:4 12:10 13:11 11:4,MAZE Michael,2006
Polish Open Warsaw 2006,2006-11-15,KARAKASEVIC Aleksandar,MA Wenge,SRB,CHN,4,1,"11,11,11,5,11|6,9,8,11,9",R32,GRAND_SLAM,MS,1814,Main Draw,KARAKASEVIC Aleksandar (SRB),MA Wenge (CHN),,,4 - 1,11:6 11:9 11:8 5:11 11:9,KARAKASEVIC Aleksandar,2006
Polish Open Warsaw 2006,2006-11-15,KEINATH Thomas,SUSS Christian,SVK,GER,4,2,"11,11,11,7,9,12|7,4,5,11,11,10",R32,GRAND_SLAM,MS,1814,Main Draw,KEINATH Thomas (SVK),SUSS Christian (GER),,,4 - 2,11:7 11:4 11:5 7:11 9:11 12:10,KEINATH Thomas,2006
Polish Open Warsaw 2006,2006-11-15,SAMSONOV Vladimir,KLASEK Marek,BLR,CZE,4,1,"11,11,7,19,11|9,9,11,17,5",R32,GRAND_SLAM,MS,1814,Main Draw,SAMSONOV Vladimir (BLR),KLASEK Marek (CZE),,,1 - 4,9:11 9:11 11:7 17:19 5:11,SAMSONOV Vladimir,2006
Polish Open Warsaw 2006,2006-11-15,BOLL Timo,YANG Min,GER,ITA,4,2,"8,11,11,11,8,11|11,8,8,9,11,6",R16,GRAND_SLAM,MS,1814,Main Draw,BOLL Timo (GER),YANG Min (ITA),,,4 - 2,8:11 11:8 11:8 11:9 8:11 11:6,BOLL Timo,2006
Polish Open Warsaw 2006,2006-11-15,HOU Yingchao,KORBEL Petr,CAN,CZE,4,1,"13,11,11,7,11|11,7,5,11,9",R16,GRAND_SLAM,MS,1814,Main Draw,HOU Yingchao (CAN),KORBEL Petr (CZE),,,4 - 1,13:11 11:7 11:5 7:11 11:9,HOU Yingchao,2006
Polish Open Warsaw 2006,2006-11-15,TAKAKIWA Taku,SMIRNOV Alexey,JPN,RUS,4,0,"11,12,11,11|4,10,6,6",R16,GRAND_SLAM,MS,1814,Main Draw,TAKAKIWA Taku (JPN),SMIRNOV Alexey (RUS),,,0 - 4,4:11 10:12 6:11 6:11,TAKAKIWA Taku,2006
Polish Open Warsaw 2006,2006-11-15,SCHLAGER Werner,WOSIK Torben,AUT,GER,4,3,"6,10,11,11,11,11,11|11,12,8,9,13,1,8",R16,GRAND_SLAM,MS,1814,Main Draw,SCHLAGER Werner (AUT),WOSIK Torben (GER),,,3 - 4,11:6 12:10 8:11 9:11 13:11 1:11 8:11,SCHLAGER Werner,2006
Polish Open Warsaw 2006,2006-11-15,ELOI Damien,TOKIC Bojan,FRA,SLO,4,1,"11,7,14,12,11|8,11,12,10,7",R16,GRAND_SLAM,MS,1814,Main Draw,ELOI Damien (FRA),TOKIC Bojan (SLO),,,1 - 4,8:11 11:7 12:14 10:12 7:11,ELOI Damien,2006
Polish Open Warsaw 2006,2006-11-15,CRISAN Adrian,BLASZCZYK Lucjan,ROU,POL,4,1,"11,12,4,11,11|6,10,11,9,9",R16,GRAND_SLAM,MS,1814,Main Draw,CRISAN Adrian (ROU),BLASZCZYK Lucjan (POL),,,1 - 4,6:11 10:12 11:4 9:11 9:11,CRISAN Adrian,2006
Polish Open Warsaw 2006,2006-11-15,KARAKASEVIC Aleksandar,MAZE Michael,SRB,DEN,4,2,"11,9,7,11,13,11|8,11,11,6,11,6",R16,GRAND_SLAM,MS,1814,Main Draw,KARAKASEVIC Aleksandar (SRB),MAZE Michael (DEN),,,2 - 4,8:11 11:9 11:7 6:11 11:13 6:11,KARAKASEVIC Aleksandar,2006
Polish Open Warsaw 2006,2006-11-15,SAMSONOV Vladimir,KEINATH Thomas,BLR,SVK,4,0,"11,12,11,11|9,10,9,7",R16,GRAND_SLAM,MS,1814,Main Draw,SAMSONOV Vladimir (BLR),KEINATH Thomas (SVK),,,0 - 4,9:11 10:12 9:11 7:11,SAMSONOV Vladimir,2006
Polish Open Warsaw 2006,2006-11-15,BOLL Timo,HOU Yingchao,GER,CAN,4,0,"11,11,11,11|8,8,7,4",QuarterFinal,GRAND_SLAM,MS,1814,Main Draw,BOLL Timo (GER),HOU Yingchao (CAN),,,4 - 0,11:8 11:8 11:7 11:4,BOLL Timo,2006
Polish Open Warsaw 2006,2006-11-15,SCHLAGER Werner,TAKAKIWA Taku,AUT,JPN,4,1,"11,11,11,11,12|6,7,13,9,10",QuarterFinal,GRAND_SLAM,MS,1814,Main Draw,SCHLAGER Werner (AUT),TAKAKIWA Taku (JPN),,,1 - 4,6:11 7:11 13:11 9:11 10:12,SCHLAGER Werner,2006
Polish Open Warsaw 2006,2006-11-15,ELOI Damien,CRISAN Adrian,FRA,ROU,4,1,"11,11,5,14,12|9,9,11,12,10",QuarterFinal,GRAND_SLAM,MS,1814,Main Draw,ELOI Damien (FRA),CRISAN Adrian (ROU),,,4 - 1,11:9 11:9 5:11 14:12 12:10,ELOI Damien,2006
Polish Open Warsaw 2006,2006-11-15,SAMSONOV Vladimir,KARAKASEVIC Aleksandar,BLR,SRB,4,1,"10,11,11,11,12|12,8,4,8,10",QuarterFinal,GRAND_SLAM,MS,1814,Main Draw,SAMSONOV Vladimir (BLR),KARAKASEVIC Aleksandar (SRB),,,1 - 4,12:10 8:11 4:11 8:11 10:12,SAMSONOV Vladimir,2006
Polish Open Warsaw 2006,2006-11-15,BOLL Timo,SCHLAGER Werner,GER,AUT,4,1,"11,11,11,5,11|6,6,7,11,9",SemiFinal,GRAND_SLAM,MS,1814,Main Draw,BOLL Timo (GER),SCHLAGER Werner (AUT),,,4 - 1,11:6 11:6 11:7 5:11 11:9,BOLL Timo,2006
Polish Open Warsaw 2006,2006-11-15,SAMSONOV Vladimir,ELOI Damien,BLR,FRA,4,0,"11,11,11,11|6,5,7,5",SemiFinal,GRAND_SLAM,MS,1814,Main Draw,SAMSONOV Vladimir (BLR),ELOI Damien (FRA),,,0 - 4,6:11 5:11 7:11 5:11,SAMSONOV Vladimir,2006
Polish Open Warsaw 2006,2006-11-15,BOLL Timo,SAMSONOV Vladimir,GER,BLR,4,2,"11,11,2,8,11,11|3,6,11,11,4,5",Final,GRAND_SLAM,MS,1814,Main Draw,BOLL Timo (GER),SAMSONOV Vladimir (BLR),,,4 - 2,11:3 11:6 2:11 8:11 11:4 11:5,BOLL Timo,2006
Polish Open Warsaw 2006,2006-11-15,BERTIN Christophe,CHMIEL Piotr,FRA,POL,4,1,"15,9,11,11,11|13,11,7,7,8",R32,GRAND_SLAM,U21MS,1814,Main Draw,BERTIN Christophe (FRA),CHMIEL Piotr (POL),,,4 - 1,15:13 9:11 11:7 11:7 11:8,BERTIN Christophe,2006
Polish Open Warsaw 2006,2006-11-15,TANG Yu,YOKOYAMA Yuichi,POL,JPN,4,2,"11,11,11,8,7,13|8,7,5,11,11,11",R32,GRAND_SLAM,U21MS,1814,Main Draw,TANG Yu (POL),YOKOYAMA Yuichi (JPN),,,2 - 4,8:11 7:11 5:11 11:8 11:7 11:13,TANG Yu,2006
Polish Open Warsaw 2006,2006-11-15,FREITAS Marcos,PERSSON Jon,POR,SWE,4,1,"6,11,11,11,11|11,6,6,4,6",R32,GRAND_SLAM,U21MS,1814,Main Draw,FREITAS Marcos (POR),PERSSON Jon (SWE),,,4 - 1,6:11 11:6 11:6 11:4 11:6,FREITAS Marcos,2006
Polish Open Warsaw 2006,2006-11-15,DURAN Marc,CSABA Bence,ESP,CAN,4,1,"6,11,11,11,11|11,5,7,6,5",R32,GRAND_SLAM,U21MS,1814,Main Draw,DURAN Marc (ESP),CSABA Bence (CAN),,,1 - 4,11:6 5:11 7:11 6:11 5:11,DURAN Marc,2006
Polish Open Warsaw 2006,2006-11-15,GAVLAS Antonin,MATTENET Adrien,CZE,FRA,4,2,"17,11,9,8,11,12|15,7,11,11,9,10",R32,GRAND_SLAM,U21MS,1814,Main Draw,GAVLAS Antonin (CZE),MATTENET Adrien (FRA),,,4 - 2,17:15 11:7 9:11 8:11 11:9 12:10,GAVLAS Antonin,2006
Polish Open Warsaw 2006,2006-11-15,VOSTES Yannick,PETRUKHIN Evgeny,BEL,RUS,4,2,"9,12,10,11,15,12|11,10,12,7,13,10",R32,GRAND_SLAM,U21MS,1814,Main Draw,VOSTES Yannick (BEL),PETRUKHIN Evgeny (RUS),,,2 - 4,11:9 10:12 12:10 7:11 13:15 10:12,VOSTES Yannick,2006
Polish Open Warsaw 2006,2006-11-15,GRIGOREV Artur,KLEPRLIK Jakub,RUS,CZE,4,1,"8,11,11,11,11|11,8,9,5,4",R32,GRAND_SLAM,U21MS,1814,Main Draw,GRIGOREV Artur (RUS),KLEPRLIK Jakub (CZE),,,4 - 1,8:11 11:8 11:9 11:5 11:4,GRIGOREV Artur,2006
Polish Open Warsaw 2006,2006-11-15,CHMIEL Pawel,OYA Hidetoshi,POL,JPN,4,1,"11,12,7,11,11|5,10,11,7,9",R32,GRAND_SLAM,U21MS,1814,Main Draw,CHMIEL Pawel (POL),OYA Hidetoshi (JPN),,,1 - 4,5:11 10:12 11:7 7:11 9:11,CHMIEL Pawel,2006
Polish Open Warsaw 2006,2006-11-15,KIM Taehoon,ZHMUDENKO Yaroslav,KOR,UKR,4,2,"11,7,9,14,12,11|8,11,11,12,10,7",R32,GRAND_SLAM,U21MS,1814,Main Draw,KIM Taehoon (KOR),ZHMUDENKO Yaroslav (UKR),,,4 - 2,11:8 7:11 9:11 14:12 12:10 11:7,KIM Taehoon,2006
Polish Open Warsaw 2006,2006-11-15,SKACHKOV Kirill,ZUBCIC Tomislav,RUS,CRO,4,2,"11,10,11,8,11,14|6,12,5,11,6,12",R32,GRAND_SLAM,U21MS,1814,Main Draw,SKACHKOV Kirill (RUS),ZUBCIC Tomislav (CRO),,,4 - 2,11:6 10:12 11:5 8:11 11:6 14:12,SKACHKOV Kirill,2006
Polish Open Warsaw 2006,2006-11-15,MATSUDAIRA Kenta,LEBESSON Emmanuel,JPN,FRA,4,2,"11,11,8,11,9,11|8,3,11,5,11,4",R32,GRAND_SLAM,U21MS,1814,Main Draw,MATSUDAIRA Kenta (JPN),LEBESSON Emmanuel (FRA),,,4 - 2,11:8 11:3 8:11 11:5 9:11 11:4,MATSUDAIRA Kenta,2006
Polish Open Warsaw 2006,2006-11-15,BOBILLIER Loic,PRYSHCHEPA Ievgen,FRA,UKR,4,1,"11,11,10,11,12|6,6,12,8,10",R32,GRAND_SLAM,U21MS,1814,Main Draw,BOBILLIER Loic (FRA),PRYSHCHEPA Ievgen (UKR),,,1 - 4,6:11 6:11 12:10 8:11 10:12,BOBILLIER Loic,2006
Polish Open Warsaw 2006,2006-11-15,KNIGHT Darius,APOLONIA Tiago,ENG,POR,4,2,"8,11,14,6,11,11|11,9,12,11,9,5",R32,GRAND_SLAM,U21MS,1814,Main Draw,KNIGHT Darius (ENG),APOLONIA Tiago (POR),,,2 - 4,11:8 9:11 12:14 11:6 9:11 5:11,KNIGHT Darius,2006
Polish Open Warsaw 2006,2006-11-15,FENG Xiaoquan,KONECNY Tomas,AUT,CZE,4,3,"7,11,11,11,6,7,11|11,9,2,9,11,11,8",R32,GRAND_SLAM,U21MS,1814,Main Draw,FENG Xiaoquan (AUT),KONECNY Tomas (CZE),,,4 - 3,7:11 11:9 11:2 11:9 6:11 7:11 11:8,FENG Xiaoquan,2006
Polish Open Warsaw 2006,2006-11-15,BOBOCICA Mihai,PRUS-STROWSKI Karol,ITA,POL,4,1,"11,8,11,11,11|7,11,3,5,9",R32,GRAND_SLAM,U21MS,1814,Main Draw,BOBOCICA Mihai (ITA),PRUS-STROWSKI Karol (POL),,,4 - 1,11:7 8:11 11:3 11:5 11:9,BOBOCICA Mihai,2006
Polish Open Warsaw 2006,2006-11-15,BAUM Patrick,PEREK Jakub,GER,POL,4,2,"4,13,4,11,11,11|11,11,11,8,9,8",R32,GRAND_SLAM,U21MS,1814,Main Draw,BAUM Patrick (GER),PEREK Jakub (POL),,,2 - 4,11:4 11:13 11:4 8:11 9:11 8:11,BAUM Patrick,2006
Polish Open Warsaw 2006,2006-11-15,BERTIN Christophe,TANG Yu,FRA,POL,4,1,"11,15,8,11,11|8,13,11,9,7",R16,GRAND_SLAM,U21MS,1814,Main Draw,BERTIN Christophe (FRA),TANG Yu (POL),,,4 - 1,11:8 15:13 8:11 11:9 11:7,BERTIN Christophe,2006
Polish Open Warsaw 2006,2006-11-15,FREITAS Marcos,DURAN Marc,POR,ESP,4,1,"11,6,16,11,11|5,11,14,9,8",R16,GRAND_SLAM,U21MS,1814,Main Draw,FREITAS Marcos (POR),DURAN Marc (ESP),,,4 - 1,11:5 6:11 16:14 11:9 11:8,FREITAS Marcos,2006
Polish Open Warsaw 2006,2006-11-15,GAVLAS Antonin,VOSTES Yannick,CZE,BEL,4,0,"11,11,11,11|9,4,2,5",R16,GRAND_SLAM,U21MS,1814,Main Draw,GAVLAS Antonin (CZE),VOSTES Yannick (BEL),,,4 - 0,11:9 11:4 11:2 11:5,GAVLAS Antonin,2006
Polish Open Warsaw 2006,2006-11-15,CHMIEL Pawel,GRIGOREV Artur,POL,RUS,4,0,"11,11,11,11|5,9,3,4",R16,GRAND_SLAM,U21MS,1814,Main Draw,CHMIEL Pawel (POL),GRIGOREV Artur (RUS),,,0 - 4,5:11 9:11 3:11 4:11,CHMIEL Pawel,2006
Polish Open Warsaw 2006,2006-11-15,KIM Taehoon,SKACHKOV Kirill,KOR,RUS,4,0,"11,11,11,11|5,9,6,5",R16,GRAND_SLAM,U21MS,1814,Main Draw,KIM Taehoon (KOR),SKACHKOV Kirill (RUS),,,4 - 0,11:5 11:9 11:6 11:5,KIM Taehoon,2006
Polish Open Warsaw 2006,2006-11-15,BOBILLIER Loic,MATSUDAIRA Kenta,FRA,JPN,4,2,"5,14,11,4,11,11|11,12,3,11,4,9",R16,GRAND_SLAM,U21MS,1814,Main Draw,BOBILLIER Loic (FRA),MATSUDAIRA Kenta (JPN),,,2 - 4,11:5 12:14 3:11 11:4 4:11 9:11,BOBILLIER Loic,2006
Polish Open Warsaw 2006,2006-11-15,KNIGHT Darius,FENG Xiaoquan,ENG,AUT,4,2,"11,11,11,11,8,11|7,13,8,6,11,9",R16,GRAND_SLAM,U21MS,1814,Main Draw,KNIGHT Darius (ENG),FENG Xiaoquan (AUT),,,4 - 2,11:7 11:13 11:8 11:6 8:11 11:9,KNIGHT Darius,2006
Polish Open Warsaw 2006,2006-11-15,BAUM Patrick,BOBOCICA Mihai,GER,ITA,4,3,"9,11,11,11,5,12,11|11,13,9,7,11,10,4",R16,GRAND_SLAM,U21MS,1814,Main Draw,BAUM Patrick (GER),BOBOCICA Mihai (ITA),,,3 - 4,11:9 13:11 9:11 7:11 11:5 10:12 4:11,BAUM Patrick,2006
Polish Open Warsaw 2006,2006-11-15,FREITAS Marcos,BERTIN Christophe,POR,FRA,4,3,"11,11,8,6,11,4,11|9,9,11,11,4,11,9",QuarterFinal,GRAND_SLAM,U21MS,1814,Main Draw,FREITAS Marcos (POR),BERTIN Christophe (FRA),,,3 - 4,9:11 9:11 11:8 11:6 4:11 11:4 9:11,FREITAS Marcos,2006
Polish Open Warsaw 2006,2006-11-15,GAVLAS Antonin,CHMIEL Pawel,CZE,POL,4,3,"4,11,8,11,15,7,11|11,9,11,4,13,11,9",QuarterFinal,GRAND_SLAM,U21MS,1814,Main Draw,GAVLAS Antonin (CZE),CHMIEL Pawel (POL),,,4 - 3,4:11 11:9 8:11 11:4 15:13 7:11 11:9,GAVLAS Antonin,2006
Polish Open Warsaw 2006,2006-11-15,BOBILLIER Loic,KIM Taehoon,FRA,KOR,4,3,"5,11,11,2,11,8,11|11,3,9,11,6,11,7",QuarterFinal,GRAND_SLAM,U21MS,1814,Main Draw,BOBILLIER Loic (FRA),KIM Taehoon (KOR),,,3 - 4,11:5 3:11 9:11 11:2 6:11 11:8 7:11,BOBILLIER Loic,2006
Polish Open Warsaw 2006,2006-11-15,BAUM Patrick,KNIGHT Darius,GER,ENG,4,1,"11,11,11,10,11|6,8,3,12,6",QuarterFinal,GRAND_SLAM,U21MS,1814,Main Draw,BAUM Patrick (GER),KNIGHT Darius (ENG),,,1 - 4,6:11 8:11 3:11 12:10 6:11,BAUM Patrick,2006
Polish Open Warsaw 2006,2006-11-15,FREITAS Marcos,GAVLAS Antonin,POR,CZE,4,0,"11,11,11,11|8,8,6,6",SemiFinal,GRAND_SLAM,U21MS,1814,Main Draw,FREITAS Marcos (POR),GAVLAS Antonin (CZE),,,4 - 0,11:8 11:8 11:6 11:6,FREITAS Marcos,2006
Polish Open Warsaw 2006,2006-11-15,BAUM Patrick,BOBILLIER Loic,GER,FRA,4,2,"11,13,6,6,11,11|9,11,11,11,7,9",SemiFinal,GRAND_SLAM,U21MS,1814,Main Draw,BAUM Patrick (GER),BOBILLIER Loic (FRA),,,2 - 4,9:11 11:13 11:6 11:6 7:11 9:11,BAUM Patrick,2006
Polish Open Warsaw 2006,2006-11-15,BAUM Patrick,FREITAS Marcos,GER,POR,4,2,"5,11,11,3,11,11|11,7,8,11,9,5",Final,GRAND_SLAM,U21MS,1814,Main Draw,BAUM Patrick (GER),FREITAS Marcos (POR),,,2 - 4,11:5 7:11 8:11 11:3 9:11 5:11,BAUM Patrick,2006
Polish Open Warsaw 2006,2006-11-15,JUZBASIC Neven,AAMAN Erik,CRO,SWE,4,3,"11,6,11,11,10,9,11|8,11,6,6,12,11,9",,GRAND_SLAM,MS,1814,Qualification,JUZBASIC Neven (CRO),AAMAN Erik (SWE),,,3 - 4,8:11 11:6 6:11 6:11 12:10 11:9 9:11,JUZBASIC Neven,2006
Polish Open Warsaw 2006,2006-11-15,PLACHY Josef,JUZBASIC Neven,CZE,CRO,4,0,"11,11,11,11|8,5,5,9",QR2,GRAND_SLAM,MS,1814,Qualification,PLACHY Josef (CZE),JUZBASIC Neven (CRO),,,4 - 0,11:8 11:5 11:5 11:9,PLACHY Josef,2006
Polish Open Warsaw 2006,2006-11-15,PLACHY Josef,AAMAN Erik,CZE,SWE,4,1,"11,11,11,9,15|4,3,2,11,13",3,GRAND_SLAM,MS,1814,Qualification,PLACHY Josef (CZE),AAMAN Erik (SWE),,,4 - 1,11:4 11:3 11:2 9:11 15:13,PLACHY Josef,2006
Polish Open Warsaw 2006,2006-11-15,URBANEK Jan,CROTTI Mattia,CZE,ITA,4,2,"9,11,10,11,11,11|11,5,12,2,1,3",,GRAND_SLAM,MS,1814,Qualification,URBANEK Jan (CZE),CROTTI Mattia (ITA),,,2 - 4,11:9 5:11 12:10 2:11 1:11 3:11,URBANEK Jan,2006
Polish Open Warsaw 2006,2006-11-15,MONRAD Martin,URBANEK Jan,DEN,CZE,4,1,"11,9,11,11,11|7,11,9,8,6",QR2,GRAND_SLAM,MS,1814,Qualification,MONRAD Martin (DEN),URBANEK Jan (CZE),,,4 - 1,11:7 9:11 11:9 11:8 11:6,MONRAD Martin,2006
Polish Open Warsaw 2006,2006-11-15,MONRAD Martin,CROTTI Mattia,DEN,ITA,4,1,"11,11,11,5,11|5,9,8,11,8",3,GRAND_SLAM,MS,1814,Qualification,MONRAD Martin (DEN),CROTTI Mattia (ITA),,,4 - 1,11:5 11:9 11:8 5:11 11:8,MONRAD Martin,2006
Polish Open Warsaw 2006,2006-11-15,SALIFOU Abdel-Kader,MEHTA Pathik,BEN,IND,4,2,"11,11,9,11,10,11|7,6,11,6,12,6",,GRAND_SLAM,MS,1814,Qualification,SALIFOU Abdel-Kader (BEN),MEHTA Pathik (IND),,,4 - 2,11:7 11:6 9:11 11:6 10:12 11:6,SALIFOU Abdel-Kader,2006
Polish Open Warsaw 2006,2006-11-15,HAKANSSON Fredrik,SALIFOU Abdel-Kader,SWE,BEN,4,3,"11,11,8,11,11,6,11|13,9,11,1,6,11,7",3,GRAND_SLAM,MS,1814,Qualification,HAKANSSON Fredrik (SWE),SALIFOU Abdel-Kader (BEN),,,4 - 3,11:13 11:9 8:11 11:1 11:6 6:11 11:7,HAKANSSON Fredrik,2006
Polish Open Warsaw 2006,2006-11-15,PLATONOV Pavel,MALICKI Szymon,BLR,POL,4,1,"12,11,9,11,11|10,6,11,6,8",,GRAND_SLAM,MS,1814,Qualification,PLATONOV Pavel (BLR),MALICKI Szymon (POL),,,1 - 4,10:12 6:11 11:9 6:11 8:11,PLATONOV Pavel,2006
Polish Open Warsaw 2006,2006-11-15,ERLANDSEN Geir,PLATONOV Pavel,NOR,BLR,4,2,"11,11,11,6,8,11|9,6,7,11,11,3",QR2,GRAND_SLAM,MS,1814,Qualification,ERLANDSEN Geir (NOR),PLATONOV Pavel (BLR),,,4 - 2,11:9 11:6 11:7 6:11 8:11 11:3,ERLANDSEN Geir,2006
Polish Open Warsaw 2006,2006-11-15,MALICKI Szymon,ERLANDSEN Geir,POL,NOR,4,2,"11,5,11,11,12,11|13,11,9,9,10,7",3,GRAND_SLAM,MS,1814,Qualification,MALICKI Szymon (POL),ERLANDSEN Geir (NOR),,,2 - 4,13:11 11:5 9:11 9:11 10:12 7:11,MALICKI Szymon,2006
Polish Open Warsaw 2006,2006-11-15,VAN SCHIL Tom,CHMIEL Piotr,BEL,POL,4,3,"9,8,12,11,11,9,12|11,11,10,4,4,11,10",,GRAND_SLAM,MS,1814,Qualification,VAN SCHIL Tom (BEL),CHMIEL Piotr (POL),,,3 - 4,11:9 11:8 10:12 4:11 4:11 11:9 10:12,VAN SCHIL Tom,2006
Polish Open Warsaw 2006,2006-11-15,KEINATH Thomas,VAN SCHIL Tom,SVK,BEL,4,1,"6,11,11,11,11|11,5,7,6,9",QR2,GRAND_SLAM,MS,1814,Qualification,KEINATH Thomas (SVK),VAN SCHIL Tom (BEL),,,4 - 1,6:11 11:5 11:7 11:6 11:9,KEINATH Thomas,2006
Polish Open Warsaw 2006,2006-11-15,KEINATH Thomas,CHMIEL Piotr,SVK,POL,4,0,"11,11,11,11|8,5,9,9",3,GRAND_SLAM,MS,1814,Qualification,KEINATH Thomas (SVK),CHMIEL Piotr (POL),,,4 - 0,11:8 11:5 11:9 11:9,KEINATH Thomas,2006
Polish Open Warsaw 2006,2006-11-15,MAECK Anthony,KLEPRLIK Michal,BEL,CZE,4,1,"11,4,14,11,11|3,11,12,9,9",,GRAND_SLAM,MS,1814,Qualification,MAECK Anthony (BEL),KLEPRLIK Michal (CZE),,,4 - 1,11:3 4:11 14:12 11:9 11:9,MAECK Anthony,2006
Polish Open Warsaw 2006,2006-11-15,FILIMON Andrei,KLEPRLIK Michal,ROU,CZE,4,0,"11,11,11,11|7,6,8,8",QR2,GRAND_SLAM,MS,1814,Qualification,FILIMON Andrei (ROU),KLEPRLIK Michal (CZE),,,4 - 0,11:7 11:6 11:8 11:8,FILIMON Andrei,2006
Polish Open Warsaw 2006,2006-11-15,FILIMON Andrei,MAECK Anthony,ROU,BEL,4,0,"11,11,11,11|6,8,9,3",3,GRAND_SLAM,MS,1814,Qualification,FILIMON Andrei (ROU),MAECK Anthony (BEL),,,4 - 0,11:6 11:8 11:9 11:3,FILIMON Andrei,2006
Polish Open Warsaw 2006,2006-11-15,BAUBET Vincent,VENTURA DOS ANJOS Bruno,FRA,BRA,4,3,"11,9,11,9,11,5,11|7,11,5,11,4,11,7",,GRAND_SLAM,MS,1814,Qualification,BAUBET Vincent (FRA),VENTURA DOS ANJOS Bruno (BRA),,,3 - 4,7:11 11:9 5:11 11:9 4:11 11:5 7:11,BAUBET Vincent,2006
Polish Open Warsaw 2006,2006-11-15,MIZUTANI Jun,BAUBET Vincent,JPN,FRA,4,1,"11,11,12,11,11|8,4,14,3,6",QR2,GRAND_SLAM,MS,1814,Qualification,MIZUTANI Jun (JPN),BAUBET Vincent (FRA),,,4 - 1,11:8 11:4 12:14 11:3 11:6,MIZUTANI Jun,2006
Polish Open Warsaw 2006,2006-11-15,MIZUTANI Jun,VENTURA DOS ANJOS Bruno,JPN,BRA,4,0,"11,11,11,11|5,6,9,1",3,GRAND_SLAM,MS,1814,Qualification,MIZUTANI Jun (JPN),VENTURA DOS ANJOS Bruno (BRA),,,4 - 0,11:5 11:6 11:9 11:1,MIZUTANI Jun,2006
Polish Open Warsaw 2006,2006-11-15,LEWANDOWSKI Tomasz,REGENTOV Evgenii,POL,RUS,4,2,"11,7,11,9,11,11|8,11,8,11,2,8",,GRAND_SLAM,MS,1814,Qualification,LEWANDOWSKI Tomasz (POL),REGENTOV Evgenii (RUS),,,2 - 4,8:11 11:7 8:11 11:9 2:11 8:11,LEWANDOWSKI Tomasz,2006
Polish Open Warsaw 2006,2006-11-15,OLEJNIK Martin,LEWANDOWSKI Tomasz,CZE,POL,4,3,"4,11,11,9,11,6,11|11,3,9,11,9,11,8",QR2,GRAND_SLAM,MS,1814,Qualification,OLEJNIK Martin (CZE),LEWANDOWSKI Tomasz (POL),,,4 - 3,4:11 11:3 11:9 9:11 11:9 6:11 11:8,OLEJNIK Martin,2006
Polish Open Warsaw 2006,2006-11-15,OLEJNIK Martin,REGENTOV Evgenii,CZE,RUS,4,0,"11,11,11,12|7,7,8,10",3,GRAND_SLAM,MS,1814,Qualification,OLEJNIK Martin (CZE),REGENTOV Evgenii (RUS),,,4 - 0,11:7 11:7 11:8 12:10,OLEJNIK Martin,2006
Polish Open Warsaw 2006,2006-11-15,BALTRUSHKA Dzmitry,TACHALOV Anton,BLR,RUS,4,1,"5,11,11,11,11|11,9,7,6,8",,GRAND_SLAM,MS,1814,Qualification,BALTRUSHKA Dzmitry (BLR),TACHALOV Anton (RUS),,,1 - 4,11:5 9:11 7:11 6:11 8:11,BALTRUSHKA Dzmitry,2006
Polish Open Warsaw 2006,2006-11-15,SUCH Bartosz,BALTRUSHKA Dzmitry,POL,BLR,4,2,"11,11,11,9,8,11|1,1,3,11,11,8",QR2,GRAND_SLAM,MS,1814,Qualification,SUCH Bartosz (POL),BALTRUSHKA Dzmitry (BLR),,,4 - 2,11:1 11:1 11:3 9:11 8:11 11:8,SUCH Bartosz,2006
Polish Open Warsaw 2006,2006-11-15,SUCH Bartosz,TACHALOV Anton,POL,RUS,4,1,"11,11,11,6,11|6,7,4,11,7",3,GRAND_SLAM,MS,1814,Qualification,SUCH Bartosz (POL),TACHALOV Anton (RUS),,,4 - 1,11:6 11:7 11:4 6:11 11:7,SUCH Bartosz,2006
Polish Open Warsaw 2006,2006-11-15,PAIKOV Mikhail,KUCHUK Aleksandr,RUS,BLR,4,2,"12,8,10,11,11,11|10,11,12,6,9,1",,GRAND_SLAM,MS,1814,Qualification,PAIKOV Mikhail (RUS),KUCHUK Aleksandr (BLR),,,2 - 4,10:12 11:8 12:10 6:11 9:11 1:11,PAIKOV Mikhail,2006
Polish Open Warsaw 2006,2006-11-15,GORAK Daniel,PAIKOV Mikhail,POL,RUS,4,1,"11,11,8,11,11|7,6,11,7,7",QR2,GRAND_SLAM,MS,1814,Qualification,GORAK Daniel (POL),PAIKOV Mikhail (RUS),,,4 - 1,11:7 11:6 8:11 11:7 11:7,GORAK Daniel,2006
Polish Open Warsaw 2006,2006-11-15,GORAK Daniel,KUCHUK Aleksandr,POL,BLR,4,1,"11,5,13,11,11|9,11,11,7,7",3,GRAND_SLAM,MS,1814,Qualification,GORAK Daniel (POL),KUCHUK Aleksandr (BLR),,,4 - 1,11:9 5:11 13:11 11:7 11:7,GORAK Daniel,2006
Polish Open Warsaw 2006,2006-11-15,PICHLER Michael,SZARMACH Bartosz,AUT,POL,4,0,"11,11,11,14|8,8,7,12",,GRAND_SLAM,MS,1814,Qualification,PICHLER Michael (AUT),SZARMACH Bartosz (POL),,,4 - 0,11:8 11:8 11:7 14:12,PICHLER Michael,2006
Polish Open Warsaw 2006,2006-11-15,KLASEK Marek,SZARMACH Bartosz,CZE,POL,4,1,"13,11,11,8,11|11,9,6,11,9",QR2,GRAND_SLAM,MS,1814,Qualification,KLASEK Marek (CZE),SZARMACH Bartosz (POL),,,4 - 1,13:11 11:9 11:6 8:11 11:9,KLASEK Marek,2006
Polish Open Warsaw 2006,2006-11-15,KLASEK Marek,PICHLER Michael,CZE,AUT,4,0,"11,11,18,11|7,4,16,7",3,GRAND_SLAM,MS,1814,Qualification,KLASEK Marek (CZE),PICHLER Michael (AUT),,,4 - 0,11:7 11:4 18:16 11:7,KLASEK Marek,2006
Polish Open Warsaw 2006,2006-11-15,MATTENET Adrien,TREGLER Tomas,FRA,CZE,4,1,"14,11,11,7,11|12,5,7,11,9",,GRAND_SLAM,MS,1814,Qualification,MATTENET Adrien (FRA),TREGLER Tomas (CZE),,,4 - 1,14:12 11:5 11:7 7:11 11:9,MATTENET Adrien,2006
Polish Open Warsaw 2006,2006-11-15,ZHANG Wilson,TREGLER Tomas,CAN,CZE,4,0,"11,11,11,11|8,5,9,5",QR2,GRAND_SLAM,MS,1814,Qualification,ZHANG Wilson (CAN),TREGLER Tomas (CZE),,,4 - 0,11:8 11:5 11:9 11:5,ZHANG Wilson,2006
Polish Open Warsaw 2006,2006-11-15,MATTENET Adrien,ZHANG Wilson,FRA,CAN,4,1,"2,11,11,14,11|11,6,9,12,8",3,GRAND_SLAM,MS,1814,Qualification,MATTENET Adrien (FRA),ZHANG Wilson (CAN),,,1 - 4,11:2 6:11 9:11 12:14 8:11,MATTENET Adrien,2006
Polish Open Warsaw 2006,2006-11-15,PALCEK Martin,STAUFER Beat,SVK,SUI,4,2,"11,11,9,11,4,11|7,9,11,8,11,9",,GRAND_SLAM,MS,1814,Qualification,PALCEK Martin (SVK),STAUFER Beat (SUI),,,4 - 2,11:7 11:9 9:11 11:8 4:11 11:9,PALCEK Martin,2006
Polish Open Warsaw 2006,2006-11-15,OVTCHAROV Dimitrij,STAUFER Beat,GER,SUI,4,2,"11,11,12,11,9,11|5,1,14,9,11,4",QR2,GRAND_SLAM,MS,1814,Qualification,OVTCHAROV Dimitrij (GER),STAUFER Beat (SUI),,,4 - 2,11:5 11:1 12:14 11:9 9:11 11:4,OVTCHAROV Dimitrij,2006
Polish Open Warsaw 2006,2006-11-15,OVTCHAROV Dimitrij,PALCEK Martin,GER,SVK,4,0,"11,11,11,11|3,1,9,3",3,GRAND_SLAM,MS,1814,Qualification,OVTCHAROV Dimitrij (GER),PALCEK Martin (SVK),,,4 - 0,11:3 11:1 11:9 11:3,OVTCHAROV Dimitrij,2006
Polish Open Warsaw 2006,2006-11-15,HABESOHN Mathias,DIDUKH Viktor,AUT,UKR,4,0,"11,11,11,11|5,8,9,2",,GRAND_SLAM,MS,1814,Qualification,HABESOHN Mathias (AUT),DIDUKH Viktor (UKR),,,4 - 0,11:5 11:8 11:9 11:2,HABESOHN Mathias,2006
Polish Open Warsaw 2006,2006-11-15,MONDELLO Massimiliano,DIDUKH Viktor,ITA,UKR,4,3,"8,8,11,14,11,8,11|11,11,8,12,7,11,9",QR2,GRAND_SLAM,MS,1814,Qualification,MONDELLO Massimiliano (ITA),DIDUKH Viktor (UKR),,,4 - 3,8:11 8:11 11:8 14:12 11:7 8:11 11:9,MONDELLO Massimiliano,2006
Polish Open Warsaw 2006,2006-11-15,MONDELLO Massimiliano,HABESOHN Mathias,ITA,AUT,4,2,"15,3,11,11,3,11|13,11,8,7,11,9",3,GRAND_SLAM,MS,1814,Qualification,MONDELLO Massimiliano (ITA),HABESOHN Mathias (AUT),,,4 - 2,15:13 3:11 11:8 11:7 3:11 11:9,MONDELLO Massimiliano,2006
Polish Open Warsaw 2006,2006-11-15,JANCARIK Lubomir,RASMUSSEN Claus,CZE,DEN,4,2,"11,11,11,7,9,11|6,9,9,11,11,8",,GRAND_SLAM,MS,1814,Qualification,JANCARIK Lubomir (CZE),RASMUSSEN Claus (DEN),,,4 - 2,11:6 11:9 11:9 7:11 9:11 11:8,JANCARIK Lubomir,2006
Polish Open Warsaw 2006,2006-11-15,PISTEJ Lubomir,RASMUSSEN Claus,SVK,DEN,4,0,"13,11,11,11|11,7,4,4",QR2,GRAND_SLAM,MS,1814,Qualification,PISTEJ Lubomir (SVK),RASMUSSEN Claus (DEN),,,4 - 0,13:11 11:7 11:4 11:4,PISTEJ Lubomir,2006
Polish Open Warsaw 2006,2006-11-15,PISTEJ Lubomir,JANCARIK Lubomir,SVK,CZE,4,1,"4,11,11,11,11|11,9,5,8,5",3,GRAND_SLAM,MS,1814,Qualification,PISTEJ Lubomir (SVK),JANCARIK Lubomir (CZE),,,4 - 1,4:11 11:9 11:5 11:8 11:5,PISTEJ Lubomir,2006
Polish Open Warsaw 2006,2006-11-15,KNIGHT Darius,FILENKO Oleg,ENG,UKR,4,1,"11,12,11,11,11|9,14,8,7,6",,GRAND_SLAM,MS,1814,Qualification,KNIGHT Darius (ENG),FILENKO Oleg (UKR),,,4 - 1,11:9 12:14 11:8 11:7 11:6,KNIGHT Darius,2006
Polish Open Warsaw 2006,2006-11-15,WANG Wei,FILENKO Oleg,USA,UKR,4,0,"11,11,11,11|3,8,4,6",QR2,GRAND_SLAM,MS,1814,Qualification,WANG Wei (USA),FILENKO Oleg (UKR),,,4 - 0,11:3 11:8 11:4 11:6,WANG Wei,2006
Polish Open Warsaw 2006,2006-11-15,WANG Wei,KNIGHT Darius,USA,ENG,4,0,"11,11,11,11|8,6,4,4",3,GRAND_SLAM,MS,1814,Qualification,WANG Wei (USA),KNIGHT Darius (ENG),,,4 - 0,11:8 11:6 11:4 11:4,WANG Wei,2006
Polish Open Warsaw 2006,2006-11-15,BUROV Viacheslav,ERICSON Gustaf,RUS,SWE,4,1,"9,11,11,11,11|11,8,7,6,9",,GRAND_SLAM,MS,1814,Qualification,BUROV Viacheslav (RUS),ERICSON Gustaf (SWE),,,4 - 1,9:11 11:8 11:7 11:6 11:9,BUROV Viacheslav,2006
Polish Open Warsaw 2006,2006-11-15,VYBORNY Richard,ERICSON Gustaf,CZE,SWE,4,0,"11,11,11,11|7,7,3,5",QR2,GRAND_SLAM,MS,1814,Qualification,VYBORNY Richard (CZE),ERICSON Gustaf (SWE),,,4 - 0,11:7 11:7 11:3 11:5,VYBORNY Richard,2006
Polish Open Warsaw 2006,2006-11-15,VYBORNY Richard,BUROV Viacheslav,CZE,RUS,4,1,"11,1,11,11,11|4,11,4,8,3",3,GRAND_SLAM,MS,1814,Qualification,VYBORNY Richard (CZE),BUROV Viacheslav (RUS),,,4 - 1,11:4 1:11 11:4 11:8 11:3,VYBORNY Richard,2006
Polish Open Warsaw 2006,2006-11-15,MENDES Enio,VITTA Kilomo,POR,BEL,4,1,"11,8,11,11,11|7,11,5,7,4",,GRAND_SLAM,MS,1814,Qualification,MENDES Enio (POR),VITTA Kilomo (BEL),,,4 - 1,11:7 8:11 11:5 11:7 11:4,MENDES Enio,2006
Polish Open Warsaw 2006,2006-11-15,KUSINSKI Marcin,VITTA Kilomo,POL,BEL,4,0,"11,11,11,11|3,4,6,6",QR2,GRAND_SLAM,MS,1814,Qualification,KUSINSKI Marcin (POL),VITTA Kilomo (BEL),,,4 - 0,11:3 11:4 11:6 11:6,KUSINSKI Marcin,2006
Polish Open Warsaw 2006,2006-11-15,KUSINSKI Marcin,MENDES Enio,POL,POR,4,1,"13,13,6,11,11|11,11,11,2,8",3,GRAND_SLAM,MS,1814,Qualification,KUSINSKI Marcin (POL),MENDES Enio (POR),,,4 - 1,13:11 13:11 6:11 11:2 11:8,KUSINSKI Marcin,2006
Polish Open Warsaw 2006,2006-11-15,PETRUKHIN Evgeny,SZARMACH Karol,RUS,POL,4,3,"9,17,11,11,8,9,12|11,15,6,6,11,11,10",,GRAND_SLAM,MS,1814,Qualification,PETRUKHIN Evgeny (RUS),SZARMACH Karol (POL),,,4 - 3,9:11 17:15 11:6 11:6 8:11 9:11 12:10,PETRUKHIN Evgeny,2006
Polish Open Warsaw 2006,2006-11-15,MONTEIRO Joao,SZARMACH Karol,POR,POL,4,0,"11,11,11,11|4,6,9,6",QR2,GRAND_SLAM,MS,1814,Qualification,MONTEIRO Joao (POR),SZARMACH Karol (POL),,,4 - 0,11:4 11:6 11:9 11:6,MONTEIRO Joao,2006
Polish Open Warsaw 2006,2006-11-15,MONTEIRO Joao,PETRUKHIN Evgeny,POR,RUS,4,1,"4,11,13,11,11|11,5,11,9,6",3,GRAND_SLAM,MS,1814,Qualification,MONTEIRO Joao (POR),PETRUKHIN Evgeny (RUS),,,4 - 1,4:11 11:5 13:11 11:9 11:6,MONTEIRO Joao,2006
Polish Open Warsaw 2006,2006-11-15,KOLAREK Tomislav,MAREK David,CRO,CZE,4,3,"4,8,11,11,2,11,11|11,11,6,2,11,2,9",,GRAND_SLAM,MS,1814,Qualification,KOLAREK Tomislav (CRO),MAREK David (CZE),,,4 - 3,4:11 8:11 11:6 11:2 2:11 11:2 11:9,KOLAREK Tomislav,2006
Polish Open Warsaw 2006,2006-11-15,ACHANTA Sharath,MAREK David,IND,CZE,4,0,"11,11,12,11|8,7,10,9",QR2,GRAND_SLAM,MS,1814,Qualification,ACHANTA Sharath (IND),MAREK David (CZE),,,4 - 0,11:8 11:7 12:10 11:9,ACHANTA Sharath,2006
Polish Open Warsaw 2006,2006-11-15,ACHANTA Sharath,KOLAREK Tomislav,IND,CRO,4,0,"11,13,11,11|8,11,5,5",3,GRAND_SLAM,MS,1814,Qualification,ACHANTA Sharath (IND),KOLAREK Tomislav (CRO),,,4 - 0,11:8 13:11 11:5 11:5,ACHANTA Sharath,2006
Polish Open Warsaw 2006,2006-11-15,PERSSON Jon,BERNER Eric,SWE,NOR,4,2,"13,10,11,12,9,11|11,12,7,10,11,9",,GRAND_SLAM,MS,1814,Qualification,PERSSON Jon (SWE),BERNER Eric (NOR),,,4 - 2,13:11 10:12 11:7 12:10 9:11 11:9,PERSSON Jon,2006
Polish Open Warsaw 2006,2006-11-15,KISHIKAWA Seiya,BERNER Eric,JPN,NOR,4,0,"11,11,11,11|5,9,2,4",QR2,GRAND_SLAM,MS,1814,Qualification,KISHIKAWA Seiya (JPN),BERNER Eric (NOR),,,4 - 0,11:5 11:9 11:2 11:4,KISHIKAWA Seiya,2006
Polish Open Warsaw 2006,2006-11-15,KISHIKAWA Seiya,PERSSON Jon,JPN,SWE,4,2,"11,15,11,10,13,11|4,13,6,12,15,4",3,GRAND_SLAM,MS,1814,Qualification,KISHIKAWA Seiya (JPN),PERSSON Jon (SWE),,,4 - 2,11:4 15:13 11:6 10:12 13:15 11:4,KISHIKAWA Seiya,2006
Polish Open Warsaw 2006,2006-11-15,DIDUKH Oleksandr,CHODORSKI Piotr,UKR,POL,4,1,"11,12,4,11,11|1,10,11,8,6",QR2,GRAND_SLAM,MS,1814,Qualification,DIDUKH Oleksandr (UKR),CHODORSKI Piotr (POL),,,4 - 1,11:1 12:10 4:11 11:8 11:6,DIDUKH Oleksandr,2006
Polish Open Warsaw 2006,2006-11-15,KRIVIC Jakov,SINGH Martin,CRO,SWE,4,2,"6,4,11,11,11,11|11,11,4,3,6,9",,GRAND_SLAM,MS,1814,Qualification,KRIVIC Jakov (CRO),SINGH Martin (SWE),,,4 - 2,6:11 4:11 11:4 11:3 11:6 11:9,KRIVIC Jakov,2006
Polish Open Warsaw 2006,2006-11-15,PAVELKA Tomas,SINGH Martin,CZE,SWE,4,3,"7,9,6,11,11,12,11|11,11,11,3,9,10,3",QR2,GRAND_SLAM,MS,1814,Qualification,PAVELKA Tomas (CZE),SINGH Martin (SWE),,,4 - 3,7:11 9:11 6:11 11:3 11:9 12:10 11:3,PAVELKA Tomas,2006
Polish Open Warsaw 2006,2006-11-15,PAVELKA Tomas,KRIVIC Jakov,CZE,CRO,4,2,"7,11,11,14,9,11|11,9,3,12,11,6",3,GRAND_SLAM,MS,1814,Qualification,PAVELKA Tomas (CZE),KRIVIC Jakov (CRO),,,4 - 2,7:11 11:9 11:3 14:12 9:11 11:6,PAVELKA Tomas,2006
Polish Open Warsaw 2006,2006-11-15,KAUCKY Petr,BAK Daniel,CZE,POL,4,0,"11,11,11,11|5,7,8,5",,GRAND_SLAM,MS,1814,Qualification,KAUCKY Petr (CZE),BAK Daniel (POL),,,4 - 0,11:5 11:7 11:8 11:5,KAUCKY Petr,2006
Polish Open Warsaw 2006,2006-11-15,BERTIN Christophe,BAK Daniel,FRA,POL,4,0,"11,11,11,12|6,9,4,10",QR2,GRAND_SLAM,MS,1814,Qualification,BERTIN Christophe (FRA),BAK Daniel (POL),,,4 - 0,11:6 11:9 11:4 12:10,BERTIN Christophe,2006
Polish Open Warsaw 2006,2006-11-15,BERTIN Christophe,KAUCKY Petr,FRA,CZE,4,3,"12,5,11,11,10,12,11|14,11,7,3,12,10,3",3,GRAND_SLAM,MS,1814,Qualification,BERTIN Christophe (FRA),KAUCKY Petr (CZE),,,4 - 3,12:14 5:11 11:7 11:3 10:12 12:10 11:3,BERTIN Christophe,2006
Polish Open Warsaw 2006,2006-11-15,SIMONCIK Josef,BEZARD Pierre,CZE,FRA,4,1,"9,11,11,11,11|11,6,7,5,7",,GRAND_SLAM,MS,1814,Qualification,SIMONCIK Josef (CZE),BEZARD Pierre (FRA),,,4 - 1,9:11 11:6 11:7 11:5 11:7,SIMONCIK Josef,2006
Polish Open Warsaw 2006,2006-11-15,MACHADO Carlos,BEZARD Pierre,ESP,FRA,4,2,"7,11,9,11,11,11|11,4,11,7,9,9",QR2,GRAND_SLAM,MS,1814,Qualification,MACHADO Carlos (ESP),BEZARD Pierre (FRA),,,4 - 2,7:11 11:4 9:11 11:7 11:9 11:9,MACHADO Carlos,2006
Polish Open Warsaw 2006,2006-11-15,MACHADO Carlos,SIMONCIK Josef,ESP,CZE,4,1,"9,11,11,11,11|11,1,8,5,4",3,GRAND_SLAM,MS,1814,Qualification,MACHADO Carlos (ESP),SIMONCIK Josef (CZE),,,4 - 1,9:11 11:1 11:8 11:5 11:4,MACHADO Carlos,2006
Polish Open Warsaw 2006,2006-11-15,HU Jiashun,PLACEK Frantisek,SUI,CZE,4,2,"7,11,11,13,10,11|11,7,8,11,12,5",QR2,GRAND_SLAM,MS,1814,Qualification,HU Jiashun (SUI),PLACEK Frantisek (CZE),,,4 - 2,7:11 11:7 11:8 13:11 10:12 11:5,HU Jiashun,2006
Polish Open Warsaw 2006,2006-11-15,VUKELIC Boris,ZLAMAL Jaromir,SRB,CZE,4,2,"11,5,8,11,11,14|2,11,11,9,4,12",,GRAND_SLAM,MS,1814,Qualification,VUKELIC Boris (SRB),ZLAMAL Jaromir (CZE),,,4 - 2,11:2 5:11 8:11 11:9 11:4 14:12,VUKELIC Boris,2006
Polish Open Warsaw 2006,2006-11-15,TAKAKIWA Kenichi,ZLAMAL Jaromir,JPN,CZE,4,0,"14,11,11,11|12,4,2,5",QR2,GRAND_SLAM,MS,1814,Qualification,TAKAKIWA Kenichi (JPN),ZLAMAL Jaromir (CZE),,,4 - 0,14:12 11:4 11:2 11:5,TAKAKIWA Kenichi,2006
Polish Open Warsaw 2006,2006-11-15,VUKELIC Boris,TAKAKIWA Kenichi,SRB,JPN,4,3,"12,8,9,11,8,11,13|10,11,11,4,11,5,11",3,GRAND_SLAM,MS,1814,Qualification,VUKELIC Boris (SRB),TAKAKIWA Kenichi (JPN),,,3 - 4,10:12 11:8 11:9 4:11 11:8 5:11 11:13,VUKELIC Boris,2006
Polish Open Warsaw 2006,2006-11-15,PEREK Jakub,OBESLO Michal,POL,CZE,4,0,"11,11,11,11|2,6,5,8",,GRAND_SLAM,MS,1814,Qualification,PEREK Jakub (POL),OBESLO Michal (CZE),,,4 - 0,11:2 11:6 11:5 11:8,PEREK Jakub,2006
Polish Open Warsaw 2006,2006-11-15,SVENSSON Robert,OBESLO Michal,SWE,CZE,4,2,"10,7,11,11,11,11|12,11,8,9,7,7",QR2,GRAND_SLAM,MS,1814,Qualification,SVENSSON Robert (SWE),OBESLO Michal (CZE),,,4 - 2,10:12 7:11 11:8 11:9 11:7 11:7,SVENSSON Robert,2006
Polish Open Warsaw 2006,2006-11-15,SVENSSON Robert,PEREK Jakub,SWE,POL,4,3,"11,9,6,11,11,9,11|7,11,11,6,4,11,6",3,GRAND_SLAM,MS,1814,Qualification,SVENSSON Robert (SWE),PEREK Jakub (POL),,,4 - 3,11:7 9:11 6:11 11:6 11:4 9:11 11:6,SVENSSON Robert,2006
Polish Open Warsaw 2006,2006-11-15,OYA Hidetoshi,HOTZ Christian,JPN,SUI,4,3,"8,11,9,11,11,10,11|11,8,11,2,8,12,7",,GRAND_SLAM,MS,1814,Qualification,OYA Hidetoshi (JPN),HOTZ Christian (SUI),,,4 - 3,8:11 11:8 9:11 11:2 11:8 10:12 11:7,OYA Hidetoshi,2006
Polish Open Warsaw 2006,2006-11-15,AXELQVIST Johan,HOTZ Christian,SWE,SUI,4,1,"11,11,11,11,11|6,9,13,9,5",QR2,GRAND_SLAM,MS,1814,Qualification,AXELQVIST Johan (SWE),HOTZ Christian (SUI),,,4 - 1,11:6 11:9 11:13 11:9 11:5,AXELQVIST Johan,2006
Polish Open Warsaw 2006,2006-11-15,AXELQVIST Johan,OYA Hidetoshi,SWE,JPN,4,1,"11,8,11,12,11|6,11,8,10,9",3,GRAND_SLAM,MS,1814,Qualification,AXELQVIST Johan (SWE),OYA Hidetoshi (JPN),,,4 - 1,11:6 8:11 11:8 12:10 11:9,AXELQVIST Johan,2006
Polish Open Warsaw 2006,2006-11-15,FERTIKOWSKI Pawel,RUSHTON Andrew,POL,ENG,4,3,"12,5,9,7,12,11,11|10,11,11,11,10,9,6",,GRAND_SLAM,MS,1814,Qualification,FERTIKOWSKI Pawel (POL),RUSHTON Andrew (ENG),,,3 - 4,10:12 11:5 11:9 11:7 10:12 9:11 6:11,FERTIKOWSKI Pawel,2006
Polish Open Warsaw 2006,2006-11-15,JOVER Sebastien,FERTIKOWSKI Pawel,FRA,POL,4,0,"11,11,11,11|5,2,5,9",QR2,GRAND_SLAM,MS,1814,Qualification,JOVER Sebastien (FRA),FERTIKOWSKI Pawel (POL),,,4 - 0,11:5 11:2 11:5 11:9,JOVER Sebastien,2006
Polish Open Warsaw 2006,2006-11-15,RUSHTON Andrew,JOVER Sebastien,ENG,FRA,4,2,"11,9,5,11,11,11|8,11,11,9,6,8",3,GRAND_SLAM,MS,1814,Qualification,RUSHTON Andrew (ENG),JOVER Sebastien (FRA),,,2 - 4,8:11 11:9 11:5 9:11 6:11 8:11,RUSHTON Andrew,2006
Polish Open Warsaw 2006,2006-11-15,MILOSEVIC Bojan,HINDERSSON Mikkel,SRB,DEN,4,2,"11,11,6,4,11,11|7,5,11,11,6,6",,GRAND_SLAM,MS,1814,Qualification,MILOSEVIC Bojan (SRB),HINDERSSON Mikkel (DEN),,,4 - 2,11:7 11:5 6:11 4:11 11:6 11:6,MILOSEVIC Bojan,2006
Polish Open Warsaw 2006,2006-11-15,HENZELL William,HINDERSSON Mikkel,AUS,DEN,4,2,"11,9,11,8,11,11|4,11,2,11,8,7",QR2,GRAND_SLAM,MS,1814,Qualification,HENZELL William (AUS),HINDERSSON Mikkel (DEN),,,4 - 2,11:4 9:11 11:2 8:11 11:8 11:7,HENZELL William,2006
Polish Open Warsaw 2006,2006-11-15,HENZELL William,MILOSEVIC Bojan,AUS,SRB,4,2,"11,7,8,11,11,11|9,11,11,8,6,5",3,GRAND_SLAM,MS,1814,Qualification,HENZELL William (AUS),MILOSEVIC Bojan (SRB),,,4 - 2,11:9 7:11 8:11 11:8 11:6 11:5,HENZELL William,2006
Polish Open Warsaw 2006,2006-11-15,CHMIEL Pawel,CAZACU Alexandru,POL,ROU,4,0,"11,11,11,11|3,7,6,8",,GRAND_SLAM,MS,1814,Qualification,CHMIEL Pawel (POL),CAZACU Alexandru (ROU),,,4 - 0,11:3 11:7 11:6 11:8,CHMIEL Pawel,2006
Polish Open Warsaw 2006,2006-11-15,LIVENTSOV Alexey,CAZACU Alexandru,RUS,ROU,4,1,"11,14,7,11,11|8,12,11,7,7",QR2,GRAND_SLAM,MS,1814,Qualification,LIVENTSOV Alexey (RUS),CAZACU Alexandru (ROU),,,4 - 1,11:8 14:12 7:11 11:7 11:7,LIVENTSOV Alexey,2006
Polish Open Warsaw 2006,2006-11-15,LIVENTSOV Alexey,CHMIEL Pawel,RUS,POL,4,1,"11,11,11,5,11|9,5,8,11,8",3,GRAND_SLAM,MS,1814,Qualification,LIVENTSOV Alexey (RUS),CHMIEL Pawel (POL),,,4 - 1,11:9 11:5 11:8 5:11 11:8,LIVENTSOV Alexey,2006
Polish Open Warsaw 2006,2006-11-15,LEBESSON Emmanuel,RASMUSSEN Morten,FRA,DEN,4,0,"11,11,11,11|9,6,7,9",,GRAND_SLAM,MS,1814,Qualification,LEBESSON Emmanuel (FRA),RASMUSSEN Morten (DEN),,,4 - 0,11:9 11:6 11:7 11:9,LEBESSON Emmanuel,2006
Polish Open Warsaw 2006,2006-11-15,BAUM Patrick,RASMUSSEN Morten,GER,DEN,4,2,"11,11,2,11,6,11|7,1,11,5,11,4",QR2,GRAND_SLAM,MS,1814,Qualification,BAUM Patrick (GER),RASMUSSEN Morten (DEN),,,4 - 2,11:7 11:1 2:11 11:5 6:11 11:4,BAUM Patrick,2006
Polish Open Warsaw 2006,2006-11-15,LEBESSON Emmanuel,BAUM Patrick,FRA,GER,4,1,"11,11,11,7,11|7,9,3,11,7",3,GRAND_SLAM,MS,1814,Qualification,LEBESSON Emmanuel (FRA),BAUM Patrick (GER),,,1 - 4,7:11 9:11 3:11 11:7 7:11,LEBESSON Emmanuel,2006
Polish Open Warsaw 2006,2006-11-15,YOKOYAMA Yuichi,HABESOHN Dominik,JPN,AUT,4,3,"11,6,10,10,11,11,11|4,11,12,12,8,4,2",,GRAND_SLAM,MS,1814,Qualification,YOKOYAMA Yuichi (JPN),HABESOHN Dominik (AUT),,,4 - 3,11:4 6:11 10:12 10:12 11:8 11:4 11:2,YOKOYAMA Yuichi,2006
Polish Open Warsaw 2006,2006-11-15,KIM Taehoon,HABESOHN Dominik,KOR,AUT,4,0,"11,11,11,11|4,7,5,4",QR2,GRAND_SLAM,MS,1814,Qualification,KIM Taehoon (KOR),HABESOHN Dominik (AUT),,,4 - 0,11:4 11:7 11:5 11:4,KIM Taehoon,2006
Polish Open Warsaw 2006,2006-11-15,KIM Taehoon,YOKOYAMA Yuichi,KOR,JPN,4,0,"11,11,11,13|9,8,6,11",3,GRAND_SLAM,MS,1814,Qualification,KIM Taehoon (KOR),YOKOYAMA Yuichi (JPN),,,4 - 0,11:9 11:8 11:6 13:11,KIM Taehoon,2006
Polish Open Warsaw 2006,2006-11-15,SAHA Subhajit,GEORGANTAS Ioannis,IND,GRE,4,3,"10,12,10,6,11,11,11|12,10,12,11,4,8,9",,GRAND_SLAM,MS,1814,Qualification,SAHA Subhajit (IND),GEORGANTAS Ioannis (GRE),,,4 - 3,10:12 12:10 10:12 6:11 11:4 11:8 11:9,SAHA Subhajit,2006
Polish Open Warsaw 2006,2006-11-15,SAKAMOTO Ryusuke,GEORGANTAS Ioannis,JPN,GRE,4,0,"11,11,11,11|6,6,9,4",QR2,GRAND_SLAM,MS,1814,Qualification,SAKAMOTO Ryusuke (JPN),GEORGANTAS Ioannis (GRE),,,4 - 0,11:6 11:6 11:9 11:4,SAKAMOTO Ryusuke,2006
Polish Open Warsaw 2006,2006-11-15,SAKAMOTO Ryusuke,SAHA Subhajit,JPN,IND,4,2,"11,11,7,13,11,11|4,7,11,15,7,9",3,GRAND_SLAM,MS,1814,Qualification,SAKAMOTO Ryusuke (JPN),SAHA Subhajit (IND),,,4 - 2,11:4 11:7 7:11 13:15 11:7 11:9,SAKAMOTO Ryusuke,2006
Polish Open Warsaw 2006,2006-11-15,DAVID Petr,CHOJNOWSKI Patryk,CZE,POL,4,0,"13,11,11,11|11,9,5,9",,GRAND_SLAM,MS,1814,Qualification,DAVID Petr (CZE),CHOJNOWSKI Patryk (POL),,,4 - 0,13:11 11:9 11:5 11:9,DAVID Petr,2006
Polish Open Warsaw 2006,2006-11-15,TAKAKIWA Taku,CHOJNOWSKI Patryk,JPN,POL,4,1,"7,11,11,14,11|11,5,4,12,9",QR2,GRAND_SLAM,MS,1814,Qualification,TAKAKIWA Taku (JPN),CHOJNOWSKI Patryk (POL),,,4 - 1,7:11 11:5 11:4 14:12 11:9,TAKAKIWA Taku,2006
Polish Open Warsaw 2006,2006-11-15,TAKAKIWA Taku,DAVID Petr,JPN,CZE,4,2,"11,11,11,2,5,11|6,3,7,11,11,7",3,GRAND_SLAM,MS,1814,Qualification,TAKAKIWA Taku (JPN),DAVID Petr (CZE),,,4 - 2,11:6 11:3 11:7 2:11 5:11 11:7,TAKAKIWA Taku,2006
Polish Open Warsaw 2006,2006-11-15,JUZBASIC Ivan,MANOUSOFF Stefan,CRO,USA,4,3,"9,11,6,11,5,11,11|11,8,11,3,11,8,4",,GRAND_SLAM,MS,1814,Qualification,JUZBASIC Ivan (CRO),MANOUSOFF Stefan (USA),,,4 - 3,9:11 11:8 6:11 11:3 5:11 11:8 11:4,JUZBASIC Ivan,2006
Polish Open Warsaw 2006,2006-11-15,PHUNG Armand,MANOUSOFF Stefan,FRA,USA,4,1,"4,11,11,11,11|11,7,9,7,3",QR2,GRAND_SLAM,MS,1814,Qualification,PHUNG Armand (FRA),MANOUSOFF Stefan (USA),,,4 - 1,4:11 11:7 11:9 11:7 11:3,PHUNG Armand,2006
Polish Open Warsaw 2006,2006-11-15,JUZBASIC Ivan,PHUNG Armand,CRO,FRA,4,0,"11,11,11,11|9,9,6,6",3,GRAND_SLAM,MS,1814,Qualification,JUZBASIC Ivan (CRO),PHUNG Armand (FRA),,,0 - 4,9:11 9:11 6:11 6:11,JUZBASIC Ivan,2006
Polish Open Warsaw 2006,2006-11-15,GACINA Andrej,MOHLER Nicola,CRO,SUI,4,0,"11,11,11,11|4,3,9,5",,GRAND_SLAM,MS,1814,Qualification,GACINA Andrej (CRO),MOHLER Nicola (SUI),,,4 - 0,11:4 11:3 11:9 11:5,GACINA Andrej,2006
Polish Open Warsaw 2006,2006-11-15,MOHLER Nicola,MOLDOVAN Istvan,SUI,NOR,4,1,"11,7,11,12,11|7,11,9,10,8",QR2,GRAND_SLAM,MS,1814,Qualification,MOHLER Nicola (SUI),MOLDOVAN Istvan (NOR),,,1 - 4,7:11 11:7 9:11 10:12 8:11,MOHLER Nicola,2006
Polish Open Warsaw 2006,2006-11-15,MOLDOVAN Istvan,GACINA Andrej,NOR,CRO,4,3,"3,11,11,11,11,7,11|11,13,7,4,9,11,6",3,GRAND_SLAM,MS,1814,Qualification,MOLDOVAN Istvan (NOR),GACINA Andrej (CRO),,,4 - 3,3:11 11:13 11:7 11:4 11:9 7:11 11:6,MOLDOVAN Istvan,2006
Polish Open Warsaw 2006,2006-11-15,FENG Xiaoquan,JEZO Filip,AUT,SVK,4,1,"11,9,11,11,11|5,11,6,5,6",,GRAND_SLAM,MS,1814,Qualification,FENG Xiaoquan (AUT),JEZO Filip (SVK),,,4 - 1,11:5 9:11 11:6 11:5 11:6,FENG Xiaoquan,2006
Polish Open Warsaw 2006,2006-11-15,CIHAK Marek,JEZO Filip,CZE,SVK,4,2,"4,11,11,11,10,11|11,5,6,6,12,5",QR2,GRAND_SLAM,MS,1814,Qualification,CIHAK Marek (CZE),JEZO Filip (SVK),,,4 - 2,4:11 11:5 11:6 11:6 10:12 11:5,CIHAK Marek,2006
Polish Open Warsaw 2006,2006-11-15,CIHAK Marek,FENG Xiaoquan,CZE,AUT,4,1,"11,11,11,8,11|6,8,5,11,5",3,GRAND_SLAM,MS,1814,Qualification,CIHAK Marek (CZE),FENG Xiaoquan (AUT),,,4 - 1,11:6 11:8 11:5 8:11 11:5,CIHAK Marek,2006
Polish Open Warsaw 2006,2006-11-15,FILIMON Lucian,HOUSTON Scott,ROU,AUS,4,0,"11,11,11,11|4,2,8,8",,GRAND_SLAM,MS,1814,Qualification,FILIMON Lucian (ROU),HOUSTON Scott (AUS),,,4 - 0,11:4 11:2 11:8 11:8,FILIMON Lucian,2006
Polish Open Warsaw 2006,2006-11-15,RUBTSOV Igor,HOUSTON Scott,RUS,AUS,4,0,"11,11,11,11|4,8,3,3",QR2,GRAND_SLAM,MS,1814,Qualification,RUBTSOV Igor (RUS),HOUSTON Scott (AUS),,,4 - 0,11:4 11:8 11:3 11:3,RUBTSOV Igor,2006
Polish Open Warsaw 2006,2006-11-15,FILIMON Lucian,RUBTSOV Igor,ROU,RUS,4,1,"4,13,11,11,11|11,11,9,6,5",3,GRAND_SLAM,MS,1814,Qualification,FILIMON Lucian (ROU),RUBTSOV Igor (RUS),,,1 - 4,11:4 11:13 9:11 6:11 5:11,FILIMON Lucian,2006
Polish Open Warsaw 2006,2006-11-15,SZYMANSKI Filip,SILVA Ivo,POL,POR,4,3,"11,11,8,9,11,11,11|8,8,11,11,13,7,7",,GRAND_SLAM,MS,1814,Qualification,SZYMANSKI Filip (POL),SILVA Ivo (POR),,,4 - 3,11:8 11:8 8:11 9:11 11:13 11:7 11:7,SZYMANSKI Filip,2006
Polish Open Warsaw 2006,2006-11-15,CABESTANY Cedrik,SILVA Ivo,FRA,POR,4,2,"9,11,9,11,11,11|11,7,11,4,4,6",QR2,GRAND_SLAM,MS,1814,Qualification,CABESTANY Cedrik (FRA),SILVA Ivo (POR),,,4 - 2,9:11 11:7 9:11 11:4 11:4 11:6,CABESTANY Cedrik,2006
Polish Open Warsaw 2006,2006-11-15,SZYMANSKI Filip,CABESTANY Cedrik,POL,FRA,4,2,"7,11,5,11,11,11|11,6,11,7,9,9",3,GRAND_SLAM,MS,1814,Qualification,SZYMANSKI Filip (POL),CABESTANY Cedrik (FRA),,,2 - 4,11:7 6:11 11:5 7:11 9:11 9:11,SZYMANSKI Filip,2006
Polish Open Warsaw 2006,2006-11-15,PETER-PAUL Pradeeban,KOVAC Borna,CAN,CRO,4,3,"11,11,5,8,14,11,11|3,6,11,11,16,9,6",,GRAND_SLAM,MS,1814,Qualification,PETER-PAUL Pradeeban (CAN),KOVAC Borna (CRO),,,4 - 3,11:3 11:6 5:11 8:11 14:16 11:9 11:6,PETER-PAUL Pradeeban,2006
Polish Open Warsaw 2006,2006-11-15,LO Dany,KOVAC Borna,FRA,CRO,4,2,"6,11,5,11,14,11|11,2,11,6,12,8",QR2,GRAND_SLAM,MS,1814,Qualification,LO Dany (FRA),KOVAC Borna (CRO),,,4 - 2,6:11 11:2 5:11 11:6 14:12 11:8,LO Dany,2006
Polish Open Warsaw 2006,2006-11-15,LO Dany,PETER-PAUL Pradeeban,FRA,CAN,4,0,"11,11,11,11|8,3,7,8",3,GRAND_SLAM,MS,1814,Qualification,LO Dany (FRA),PETER-PAUL Pradeeban (CAN),,,4 - 0,11:8 11:3 11:7 11:8,LO Dany,2006
Polish Open Warsaw 2006,2006-11-15,KLEPRLIK Jakub,BYKOV Viktor,CZE,BLR,4,0,"11,11,11,11|5,8,5,9",,GRAND_SLAM,MS,1814,Qualification,KLEPRLIK Jakub (CZE),BYKOV Viktor (BLR),,,4 - 0,11:5 11:8 11:5 11:9,KLEPRLIK Jakub,2006
Polish Open Warsaw 2006,2006-11-15,BOBILLIER Loic,BYKOV Viktor,FRA,BLR,4,0,"11,11,11,12|8,7,1,10",QR2,GRAND_SLAM,MS,1814,Qualification,BOBILLIER Loic (FRA),BYKOV Viktor (BLR),,,4 - 0,11:8 11:7 11:1 12:10,BOBILLIER Loic,2006
Polish Open Warsaw 2006,2006-11-15,KLEPRLIK Jakub,BOBILLIER Loic,CZE,FRA,4,1,"11,13,11,11,11|5,11,13,8,9",3,GRAND_SLAM,MS,1814,Qualification,KLEPRLIK Jakub (CZE),BOBILLIER Loic (FRA),,,1 - 4,5:11 11:13 13:11 8:11 9:11,KLEPRLIK Jakub,2006
Polish Open Warsaw 2006,2006-11-15,GUO Jinhao,JAPEC Tomislav,CHN,CRO,4,1,"11,11,11,14,11|13,8,5,12,9",,GRAND_SLAM,MS,1814,Qualification,GUO Jinhao (CHN),JAPEC Tomislav (CRO),,,1 - 4,13:11 8:11 5:11 12:14 9:11,GUO Jinhao,2006
Polish Open Warsaw 2006,2006-11-15,GUO Jinhao,VOZICKY Bohumil,CHN,CZE,4,1,"11,11,11,7,11|8,8,7,11,5",QR2,GRAND_SLAM,MS,1814,Qualification,GUO Jinhao (CHN),VOZICKY Bohumil (CZE),,,1 - 4,8:11 8:11 7:11 11:7 5:11,GUO Jinhao,2006
Polish Open Warsaw 2006,2006-11-15,JAPEC Tomislav,VOZICKY Bohumil,CRO,CZE,4,0,"11,13,12,11|3,11,10,8",3,GRAND_SLAM,MS,1814,Qualification,JAPEC Tomislav (CRO),VOZICKY Bohumil (CZE),,,0 - 4,3:11 11:13 10:12 8:11,JAPEC Tomislav,2006
Polish Open Warsaw 2006,2006-11-15,ZHMUDENKO Yaroslav,HANAK Martin,UKR,CZE,4,1,"12,11,11,10,11|10,9,9,12,5",,GRAND_SLAM,MS,1814,Qualification,ZHMUDENKO Yaroslav (UKR),HANAK Martin (CZE),,,4 - 1,12:10 11:9 11:9 10:12 11:5,ZHMUDENKO Yaroslav,2006
Polish Open Warsaw 2006,2006-11-15,HANAK Martin,KOSOWSKI Jakub,CZE,POL,4,2,"11,7,11,11,7,11|5,11,4,7,11,5",QR2,GRAND_SLAM,MS,1814,Qualification,HANAK Martin (CZE),KOSOWSKI Jakub (POL),,,2 - 4,5:11 11:7 4:11 7:11 11:7 5:11,HANAK Martin,2006
Polish Open Warsaw 2006,2006-11-15,KOSOWSKI Jakub,ZHMUDENKO Yaroslav,POL,UKR,4,1,"11,11,12,11,11|8,6,14,9,8",3,GRAND_SLAM,MS,1814,Qualification,KOSOWSKI Jakub (POL),ZHMUDENKO Yaroslav (UKR),,,4 - 1,11:8 11:6 12:14 11:9 11:8,KOSOWSKI Jakub,2006
Polish Open Warsaw 2006,2006-11-15,DURAN Marc,HUSNIK Petr,ESP,CZE,4,1,"12,12,10,11,11|10,10,12,8,5",QR2,GRAND_SLAM,MS,1814,Qualification,DURAN Marc (ESP),HUSNIK Petr (CZE),,,4 - 1,12:10 12:10 10:12 11:8 11:5,DURAN Marc,2006
Polish Open Warsaw 2006,2006-11-15,SKACHKOV Kirill,WURAOLA Abdul,RUS,ENG,4,0,"11,11,11,11|4,5,8,7",,GRAND_SLAM,MS,1814,Qualification,SKACHKOV Kirill (RUS),WURAOLA Abdul (ENG),,,4 - 0,11:4 11:5 11:8 11:7,SKACHKOV Kirill,2006
Polish Open Warsaw 2006,2006-11-15,SCHLICHTER Jorg,WURAOLA Abdul,GER,ENG,4,0,"11,11,11,11|3,9,3,7",QR2,GRAND_SLAM,MS,1814,Qualification,SCHLICHTER Jorg (GER),WURAOLA Abdul (ENG),,,4 - 0,11:3 11:9 11:3 11:7,SCHLICHTER Jorg,2006
Polish Open Warsaw 2006,2006-11-15,SCHLICHTER Jorg,SKACHKOV Kirill,GER,RUS,4,1,"11,11,11,5,11|3,6,5,11,4",3,GRAND_SLAM,MS,1814,Qualification,SCHLICHTER Jorg (GER),SKACHKOV Kirill (RUS),,,4 - 1,11:3 11:6 11:5 5:11 11:4,SCHLICHTER Jorg,2006
Polish Open Warsaw 2006,2006-11-15,SANCHEZ Victor,ZHAO Yang,ESP,FRA,4,0,"11,11,11,11|5,7,8,4",,GRAND_SLAM,MS,1814,Qualification,SANCHEZ Victor (ESP),ZHAO Yang (FRA),,,4 - 0,11:5 11:7 11:8 11:4,SANCHEZ Victor,2006
Polish Open Warsaw 2006,2006-11-15,APOLONIA Tiago,ZHAO Yang,POR,FRA,4,0,"11,11,11,11|7,3,9,7",QR2,GRAND_SLAM,MS,1814,Qualification,APOLONIA Tiago (POR),ZHAO Yang (FRA),,,4 - 0,11:7 11:3 11:9 11:7,APOLONIA Tiago,2006
Polish Open Warsaw 2006,2006-11-15,APOLONIA Tiago,SANCHEZ Victor,POR,ESP,4,3,"4,9,11,12,11,11,12|11,11,7,14,3,8,10",3,GRAND_SLAM,MS,1814,Qualification,APOLONIA Tiago (POR),SANCHEZ Victor (ESP),,,4 - 3,4:11 9:11 11:7 12:14 11:3 11:8 12:10,APOLONIA Tiago,2006
Polish Open Warsaw 2006,2006-11-15,ADAMIAK Grzegorz,PRYSHCHEPA Ievgen,ESP,UKR,4,3,"6,10,11,11,9,11,11|11,12,3,5,11,9,9",,GRAND_SLAM,MS,1814,Qualification,ADAMIAK Grzegorz (ESP),PRYSHCHEPA Ievgen (UKR),,,3 - 4,11:6 12:10 3:11 5:11 11:9 9:11 9:11,ADAMIAK Grzegorz,2006
Polish Open Warsaw 2006,2006-11-15,ROBERTSON Adam,ADAMIAK Grzegorz,WAL,ESP,4,1,"11,11,8,11,11|5,5,11,8,9",QR2,GRAND_SLAM,MS,1814,Qualification,ROBERTSON Adam (WAL),ADAMIAK Grzegorz (ESP),,,4 - 1,11:5 11:5 8:11 11:8 11:9,ROBERTSON Adam,2006
Polish Open Warsaw 2006,2006-11-15,ROBERTSON Adam,PRYSHCHEPA Ievgen,WAL,UKR,4,2,"11,8,11,2,12,11|6,11,4,11,10,9",3,GRAND_SLAM,MS,1814,Qualification,ROBERTSON Adam (WAL),PRYSHCHEPA Ievgen (UKR),,,4 - 2,11:6 8:11 11:4 2:11 12:10 11:9,ROBERTSON Adam,2006
Polish Open Warsaw 2006,2006-11-15,DESPRES Rodolphe,ANTHONY Amalraj,FRA,IND,4,1,"11,11,10,11,11|1,8,12,4,9",,GRAND_SLAM,MS,1814,Qualification,DESPRES Rodolphe (FRA),ANTHONY Amalraj (IND),,,4 - 1,11:1 11:8 10:12 11:4 11:9,DESPRES Rodolphe,2006
Polish Open Warsaw 2006,2006-11-15,SIMONER Christoph,ANTHONY Amalraj,AUT,IND,4,2,"11,11,4,11,10,11|6,4,11,5,12,2",QR2,GRAND_SLAM,MS,1814,Qualification,SIMONER Christoph (AUT),ANTHONY Amalraj (IND),,,4 - 2,11:6 11:4 4:11 11:5 10:12 11:2,SIMONER Christoph,2006
Polish Open Warsaw 2006,2006-11-15,SIMONER Christoph,DESPRES Rodolphe,AUT,FRA,4,0,"11,11,13,11|8,5,11,5",3,GRAND_SLAM,MS,1814,Qualification,SIMONER Christoph (AUT),DESPRES Rodolphe (FRA),,,4 - 0,11:8 11:5 13:11 11:5,SIMONER Christoph,2006
Polish Open Warsaw 2006,2006-11-15,NEKHVEDOVICH Vitaly,GIDLA Jitendra Kumar,BLR,IND,4,1,"11,11,11,9,11|5,6,9,11,8",,GRAND_SLAM,MS,1814,Qualification,NEKHVEDOVICH Vitaly (BLR),GIDLA Jitendra Kumar (IND),,,4 - 1,11:5 11:6 11:9 9:11 11:8,NEKHVEDOVICH Vitaly,2006
Polish Open Warsaw 2006,2006-11-15,GAVLAS Antonin,GIDLA Jitendra Kumar,CZE,IND,4,0,"11,11,11,12|5,7,4,10",QR2,GRAND_SLAM,MS,1814,Qualification,GAVLAS Antonin (CZE),GIDLA Jitendra Kumar (IND),,,4 - 0,11:5 11:7 11:4 12:10,GAVLAS Antonin,2006
Polish Open Warsaw 2006,2006-11-15,GAVLAS Antonin,NEKHVEDOVICH Vitaly,CZE,BLR,4,1,"11,7,11,11,13|8,11,8,8,11",3,GRAND_SLAM,MS,1814,Qualification,GAVLAS Antonin (CZE),NEKHVEDOVICH Vitaly (BLR),,,4 - 1,11:8 7:11 11:8 11:8 13:11,GAVLAS Antonin,2006
Polish Open Warsaw 2006,2006-11-15,BARDON Michal,ISHIDA Daisuke,SVK,JPN,4,0,"11,11,11,11|4,5,7,7",,GRAND_SLAM,MS,1814,Qualification,BARDON Michal (SVK),ISHIDA Daisuke (JPN),,,4 - 0,11:4 11:5 11:7 11:7,BARDON Michal,2006
Polish Open Warsaw 2006,2006-11-15,GRIGOREV Artur,ISHIDA Daisuke,RUS,JPN,4,1,"11,11,11,5,11|8,8,8,11,6",QR2,GRAND_SLAM,MS,1814,Qualification,GRIGOREV Artur (RUS),ISHIDA Daisuke (JPN),,,4 - 1,11:8 11:8 11:8 5:11 11:6,GRIGOREV Artur,2006
Polish Open Warsaw 2006,2006-11-15,GRIGOREV Artur,BARDON Michal,RUS,SVK,4,2,"4,8,11,11,12,11|11,11,5,9,10,5",3,GRAND_SLAM,MS,1814,Qualification,GRIGOREV Artur (RUS),BARDON Michal (SVK),,,4 - 2,4:11 8:11 11:5 11:9 12:10 11:5,GRIGOREV Artur,2006
Polish Open Warsaw 2006,2006-11-15,SEO Myoungduck,CSABA Bence,KOR,CAN,4,3,"12,9,11,7,11,9,11|10,11,9,11,9,11,5",,GRAND_SLAM,MS,1814,Qualification,SEO Myoungduck (KOR),CSABA Bence (CAN),,,3 - 4,10:12 11:9 9:11 11:7 9:11 11:9 5:11,SEO Myoungduck,2006
Polish Open Warsaw 2006,2006-11-15,SEO Myoungduck,PIACENTINI Valentino,KOR,ITA,4,3,"8,6,11,11,13,3,11|11,11,7,5,11,11,5",QR2,GRAND_SLAM,MS,1814,Qualification,SEO Myoungduck (KOR),PIACENTINI Valentino (ITA),,,3 - 4,11:8 11:6 7:11 5:11 11:13 11:3 5:11,SEO Myoungduck,2006
Polish Open Warsaw 2006,2006-11-15,PIACENTINI Valentino,CSABA Bence,ITA,CAN,4,0,"11,11,11,11|8,7,9,6",3,GRAND_SLAM,MS,1814,Qualification,PIACENTINI Valentino (ITA),CSABA Bence (CAN),,,4 - 0,11:8 11:7 11:9 11:6,PIACENTINI Valentino,2006
Polish Open Warsaw 2006,2006-11-15,MAKOWSKI Andrezei,PAPAGEORGIOU Konstantinos,MLT,GRE,4,2,"11,11,6,2,11,11|9,8,11,11,6,9",,GRAND_SLAM,MS,1814,Qualification,MAKOWSKI Andrezei (MLT),PAPAGEORGIOU Konstantinos (GRE),,,2 - 4,9:11 8:11 11:6 11:2 6:11 9:11,MAKOWSKI Andrezei,2006
Polish Open Warsaw 2006,2006-11-15,MATSUDAIRA Kenta,MAKOWSKI Andrezei,JPN,MLT,4,1,"11,11,10,11,11|6,6,12,7,9",QR2,GRAND_SLAM,MS,1814,Qualification,MATSUDAIRA Kenta (JPN),MAKOWSKI Andrezei (MLT),,,4 - 1,11:6 11:6 10:12 11:7 11:9,MATSUDAIRA Kenta,2006
Polish Open Warsaw 2006,2006-11-15,MATSUDAIRA Kenta,PAPAGEORGIOU Konstantinos,JPN,GRE,4,2,"10,11,13,8,11,12|12,6,11,11,5,10",3,GRAND_SLAM,MS,1814,Qualification,MATSUDAIRA Kenta (JPN),PAPAGEORGIOU Konstantinos (GRE),,,4 - 2,10:12 11:6 13:11 8:11 11:5 12:10,MATSUDAIRA Kenta,2006
Polish Open Warsaw 2006,2006-11-15,BOBOCICA Mihai,DANIEL Artur,ITA,POL,4,2,"11,8,11,7,14,11|7,11,4,11,12,7",,GRAND_SLAM,MS,1814,Qualification,BOBOCICA Mihai (ITA),DANIEL Artur (POL),,,4 - 2,11:7 8:11 11:4 7:11 14:12 11:7,BOBOCICA Mihai,2006
Polish Open Warsaw 2006,2006-11-15,DANIEL Artur,ZUBCIC Tomislav,POL,CRO,4,1,"11,11,9,11,14|8,6,11,9,12",QR2,GRAND_SLAM,MS,1814,Qualification,DANIEL Artur (POL),ZUBCIC Tomislav (CRO),,,1 - 4,8:11 6:11 11:9 9:11 12:14,DANIEL Artur,2006
Polish Open Warsaw 2006,2006-11-15,ZUBCIC Tomislav,BOBOCICA Mihai,CRO,ITA,4,3,"6,11,8,10,15,13,11|11,6,11,12,13,11,8",3,GRAND_SLAM,MS,1814,Qualification,ZUBCIC Tomislav (CRO),BOBOCICA Mihai (ITA),,,4 - 3,6:11 11:6 8:11 10:12 15:13 13:11 11:8,ZUBCIC Tomislav,2006
Polish Open Warsaw 2006,2006-11-15,KOSZYK Boguslaw,PETERSEN Christoffer,POL,DEN,4,1,"9,14,11,11,11|11,12,6,9,3",,GRAND_SLAM,MS,1814,Qualification,KOSZYK Boguslaw (POL),PETERSEN Christoffer (DEN),,,1 - 4,11:9 12:14 6:11 9:11 3:11,KOSZYK Boguslaw,2006
Polish Open Warsaw 2006,2006-11-15,FREITAS Marcos,KOSZYK Boguslaw,POR,POL,4,1,"11,11,8,11,11|3,9,11,5,5",QR2,GRAND_SLAM,MS,1814,Qualification,FREITAS Marcos (POR),KOSZYK Boguslaw (POL),,,4 - 1,11:3 11:9 8:11 11:5 11:5,FREITAS Marcos,2006
Polish Open Warsaw 2006,2006-11-15,FREITAS Marcos,PETERSEN Christoffer,POR,DEN,4,2,"10,11,11,11,7,11|12,4,4,7,11,8",3,GRAND_SLAM,MS,1814,Qualification,FREITAS Marcos (POR),PETERSEN Christoffer (DEN),,,4 - 2,10:12 11:4 11:4 11:7 7:11 11:8,FREITAS Marcos,2006
Polish Open Warsaw 2006,2006-11-15,LAKEEV Vasily,PRADZINSKI Marek,RUS,POL,4,1,"11,11,14,6,11|8,9,12,11,4",,GRAND_SLAM,MS,1814,Qualification,LAKEEV Vasily (RUS),PRADZINSKI Marek (POL),,,4 - 1,11:8 11:9 14:12 6:11 11:4,LAKEEV Vasily,2006
Polish Open Warsaw 2006,2006-11-15,PRADZINSKI Marek,KONGSGAARD Christian,POL,DEN,4,2,"10,11,11,11,4,13|12,9,7,7,11,11",QR2,GRAND_SLAM,MS,1814,Qualification,PRADZINSKI Marek (POL),KONGSGAARD Christian (DEN),,,2 - 4,12:10 9:11 7:11 7:11 11:4 11:13,PRADZINSKI Marek,2006
Polish Open Warsaw 2006,2006-11-15,LAKEEV Vasily,KONGSGAARD Christian,RUS,DEN,4,0,"11,11,11,11|3,9,9,6",3,GRAND_SLAM,MS,1814,Qualification,LAKEEV Vasily (RUS),KONGSGAARD Christian (DEN),,,0 - 4,3:11 9:11 9:11 6:11,LAKEEV Vasily,2006
Polish Open Warsaw 2006,2006-11-15,TIAN Zichao,PRUS-STROWSKI Karol,BEL,POL,4,2,"7,11,12,13,11,11|11,13,10,11,5,6",,GRAND_SLAM,MS,1814,Qualification,TIAN Zichao (BEL),PRUS-STROWSKI Karol (POL),,,4 - 2,7:11 11:13 12:10 13:11 11:5 11:6,TIAN Zichao,2006
Polish Open Warsaw 2006,2006-11-15,ROY Soumyadeep,PRUS-STROWSKI Karol,IND,POL,4,3,"11,4,8,10,11,11,11|7,11,11,12,9,9,3",QR2,GRAND_SLAM,MS,1814,Qualification,ROY Soumyadeep (IND),PRUS-STROWSKI Karol (POL),,,4 - 3,11:7 4:11 8:11 10:12 11:9 11:9 11:3,ROY Soumyadeep,2006
Polish Open Warsaw 2006,2006-11-15,TIAN Zichao,ROY Soumyadeep,BEL,IND,4,2,"4,13,11,11,12,11|11,11,2,5,14,7",3,GRAND_SLAM,MS,1814,Qualification,TIAN Zichao (BEL),ROY Soumyadeep (IND),,,2 - 4,11:4 11:13 2:11 5:11 14:12 7:11,TIAN Zichao,2006
Polish Open Warsaw 2006,2006-11-15,XU Wenliang,CLOSSET Marc,POL,BEL,4,3,"11,10,8,11,10,12,11|7,12,11,7,12,10,9",,GRAND_SLAM,MS,1814,Qualification,XU Wenliang (POL),CLOSSET Marc (BEL),,,3 - 4,7:11 12:10 11:8 7:11 12:10 10:12 9:11,XU Wenliang,2006
Polish Open Warsaw 2006,2006-11-15,SURBEK Dragutin,XU Wenliang,CRO,POL,4,3,"19,11,7,11,7,11,11|21,8,11,2,11,8,5",QR2,GRAND_SLAM,MS,1814,Qualification,SURBEK Dragutin (CRO),XU Wenliang (POL),,,4 - 3,19:21 11:8 7:11 11:2 7:11 11:8 11:5,SURBEK Dragutin,2006
Polish Open Warsaw 2006,2006-11-15,SURBEK Dragutin,CLOSSET Marc,CRO,BEL,4,1,"11,9,11,11,11|6,11,6,6,9",3,GRAND_SLAM,MS,1814,Qualification,SURBEK Dragutin (CRO),CLOSSET Marc (BEL),,,4 - 1,11:6 9:11 11:6 11:6 11:9,SURBEK Dragutin,2006
Polish Open Warsaw 2006,2006-11-15,REDJEP Ronald,GYORGY Szilard,CRO,ROU,4,0,"11,11,11,11|8,6,8,8",,GRAND_SLAM,MS,1814,Qualification,REDJEP Ronald (CRO),GYORGY Szilard (ROU),,,4 - 0,11:8 11:6 11:8 11:8,REDJEP Ronald,2006
Polish Open Warsaw 2006,2006-11-15,BAGGALEY Andrew,GYORGY Szilard,ENG,ROU,4,0,"11,11,12,11|6,4,10,6",QR2,GRAND_SLAM,MS,1814,Qualification,BAGGALEY Andrew (ENG),GYORGY Szilard (ROU),,,4 - 0,11:6 11:4 12:10 11:6,BAGGALEY Andrew,2006
Polish Open Warsaw 2006,2006-11-15,REDJEP Ronald,BAGGALEY Andrew,CRO,ENG,4,1,"11,11,12,6,12|9,7,10,11,10",3,GRAND_SLAM,MS,1814,Qualification,REDJEP Ronald (CRO),BAGGALEY Andrew (ENG),,,1 - 4,9:11 7:11 10:12 11:6 10:12 0,REDJEP Ronald,2006
Polish Open Warsaw 2006,2006-11-15,PRESSLMAYER Bernhard,ANIKIN Denis,AUT,RUS,4,1,"11,11,11,1,11|4,3,5,11,7",,GRAND_SLAM,MS,1814,Qualification,PRESSLMAYER Bernhard (AUT),ANIKIN Denis (RUS),,,4 - 1,11:4 11:3 11:5 1:11 11:7,PRESSLMAYER Bernhard,2006
Polish Open Warsaw 2006,2006-11-15,ILLAS Erik,ANIKIN Denis,SVK,RUS,4,3,"3,7,11,11,14,9,11|11,11,4,9,12,11,8",QR2,GRAND_SLAM,MS,1814,Qualification,ILLAS Erik (SVK),ANIKIN Denis (RUS),,,4 - 3,3:11 7:11 11:4 11:9 14:12 9:11 11:8,ILLAS Erik,2006
Polish Open Warsaw 2006,2006-11-15,ILLAS Erik,PRESSLMAYER Bernhard,SVK,AUT,4,3,"12,11,10,9,13,11,11|14,9,12,11,11,8,9",3,GRAND_SLAM,MS,1814,Qualification,ILLAS Erik (SVK),PRESSLMAYER Bernhard (AUT),,,4 - 3,12:14 11:9 10:12 9:11 13:11 11:8 11:9,ILLAS Erik,2006
Polish Open Warsaw 2006,2006-11-15,KONECNY Tomas,KOMOV Alexander,CZE,RUS,4,1,"14,11,11,11,11|16,6,2,9,4",QR2,GRAND_SLAM,MS,1814,Qualification,KONECNY Tomas (CZE),KOMOV Alexander (RUS),,,4 - 1,14:16 11:6 11:2 11:9 11:4,KONECNY Tomas,2006
Polish Open Warsaw 2006,2006-11-15,OLLIVIER Brice,KOMOV Alexander,FRA,RUS,4,0,"11,11,11,11|2,4,7,8",3,GRAND_SLAM,MS,1814,Qualification,OLLIVIER Brice (FRA),KOMOV Alexander (RUS),,,4 - 0,11:2 11:4 11:7 11:8,OLLIVIER Brice,2006
Polish Open Warsaw 2006,2006-11-15,OLLIVIER Brice,KONECNY Tomas,FRA,CZE,4,2,"11,8,11,11,10,11|7,11,7,9,12,4",5,GRAND_SLAM,MS,1814,Qualification,OLLIVIER Brice (FRA),KONECNY Tomas (CZE),,,4 - 2,11:7 8:11 11:7 11:9 10:12 11:4,OLLIVIER Brice,2006
Polish Open Warsaw 2006,2006-11-15,KOSTAL Radek,NYLANDER Kim,CZE,SWE,4,0,"17,11,11,11|15,3,8,8",,GRAND_SLAM,MS,1814,Qualification,KOSTAL Radek (CZE),NYLANDER Kim (SWE),,,4 - 0,17:15 11:3 11:8 11:8,KOSTAL Radek,2006
Polish Open Warsaw 2006,2006-11-15,KATKOV Ivan,KOZLOV Roman,UKR,RUS,4,0,"12,11,11,12|10,7,2,10",QR2,GRAND_SLAM,MS,1814,Qualification,KATKOV Ivan (UKR),KOZLOV Roman (RUS),,,4 - 0,12:10 11:7 11:2 12:10,KATKOV Ivan,2006
Polish Open Warsaw 2006,2006-11-15,KOSTAL Radek,KOZLOV Roman,CZE,RUS,4,0,"11,11,11,13|6,5,5,11",3,GRAND_SLAM,MS,1814,Qualification,KOSTAL Radek (CZE),KOZLOV Roman (RUS),,,4 - 0,11:6 11:5 11:5 13:11,KOSTAL Radek,2006
Polish Open Warsaw 2006,2006-11-15,KATKOV Ivan,NYLANDER Kim,UKR,SWE,4,0,"11,11,11,11|8,5,4,3",QR4,GRAND_SLAM,MS,1814,Qualification,KATKOV Ivan (UKR),NYLANDER Kim (SWE),,,4 - 0,11:8 11:5 11:4 11:3,KATKOV Ivan,2006
Polish Open Warsaw 2006,2006-11-15,KATKOV Ivan,KOSTAL Radek,UKR,CZE,4,1,"11,4,11,11,11|8,11,5,9,5",5,GRAND_SLAM,MS,1814,Qualification,KATKOV Ivan (UKR),KOSTAL Radek (CZE),,,1 - 4,8:11 11:4 5:11 9:11 5:11,KATKOV Ivan,2006
Polish Open Warsaw 2006,2006-11-15,KOZLOV Roman,NYLANDER Kim,RUS,SWE,4,2,"10,11,11,8,11,11|12,4,3,11,5,9",6,GRAND_SLAM,MS,1814,Qualification,KOZLOV Roman (RUS),NYLANDER Kim (SWE),,,4 - 2,10:12 11:4 11:3 8:11 11:5 11:9,KOZLOV Roman,2006
Polish Open Warsaw 2006,2006-11-15,VOSTES Yannick,FUHRER Andi,BEL,SUI,4,0,"12,11,11,11|10,9,7,7",,GRAND_SLAM,MS,1814,Qualification,VOSTES Yannick (BEL),FUHRER Andi (SUI),,,4 - 0,12:10 11:9 11:7 11:7,VOSTES Yannick,2006
Polish Open Warsaw 2006,2006-11-15,TANG Yu,SKALENKO Vassily,POL,RUS,4,0,"11,11,11,11|9,4,5,6",QR2,GRAND_SLAM,MS,1814,Qualification,TANG Yu (POL),SKALENKO Vassily (RUS),,,4 - 0,11:9 11:4 11:5 11:6,TANG Yu,2006
Polish Open Warsaw 2006,2006-11-15,VOSTES Yannick,SKALENKO Vassily,BEL,RUS,4,1,"11,8,11,11,11|9,11,6,1,4",3,GRAND_SLAM,MS,1814,Qualification,VOSTES Yannick (BEL),SKALENKO Vassily (RUS),,,4 - 1,11:9 8:11 11:6 11:1 11:4,VOSTES Yannick,2006
Polish Open Warsaw 2006,2006-11-15,TANG Yu,FUHRER Andi,POL,SUI,4,0,"11,11,11,11|7,9,4,9",QR4,GRAND_SLAM,MS,1814,Qualification,TANG Yu (POL),FUHRER Andi (SUI),,,4 - 0,11:7 11:9 11:4 11:9,TANG Yu,2006
Polish Open Warsaw 2006,2006-11-15,VOSTES Yannick,TANG Yu,BEL,POL,4,0,"11,11,14,11|8,4,12,9",5,GRAND_SLAM,MS,1814,Qualification,VOSTES Yannick (BEL),TANG Yu (POL),,,4 - 0,11:8 11:4 14:12 11:9,VOSTES Yannick,2006
Polish Open Warsaw 2006,2006-11-15,FUHRER Andi,SKALENKO Vassily,SUI,RUS,4,1,"11,9,11,11,11|6,11,9,7,7",6,GRAND_SLAM,MS,1814,Qualification,FUHRER Andi (SUI),SKALENKO Vassily (RUS),,,1 - 4,6:11 11:9 9:11 7:11 7:11,FUHRER Andi,2006
Polish Open Warsaw 2006,2006-11-15,BAK Daniel,BEZARD Pierre,POL,FRA,3,2,"4,15,11,8,11|11,13,8,11,8",,GRAND_SLAM,U21MS,1814,Qualification,BAK Daniel (POL),BEZARD Pierre (FRA),,,3 - 2,4:11 15:13 11:8 8:11 11:8,BAK Daniel,2006
Polish Open Warsaw 2006,2006-11-15,CSABA Bence,BEZARD Pierre,CAN,FRA,3,1,"9,11,11,11|11,7,6,6",QR2,GRAND_SLAM,U21MS,1814,Qualification,CSABA Bence (CAN),BEZARD Pierre (FRA),,,3 - 1,9:11 11:7 11:6 11:6,CSABA Bence,2006
Polish Open Warsaw 2006,2006-11-15,CSABA Bence,BAK Daniel,CAN,POL,3,1,"11,9,11,12|8,11,9,10",3,GRAND_SLAM,U21MS,1814,Qualification,CSABA Bence (CAN),BAK Daniel (POL),,,3 - 1,11:8 9:11 11:9 12:10,CSABA Bence,2006
Polish Open Warsaw 2006,2006-11-15,OBESLO Michal,HOTZ Christian,CZE,SUI,3,0,"11,11,11|4,5,3",,GRAND_SLAM,U21MS,1814,Qualification,OBESLO Michal (CZE),HOTZ Christian (SUI),,,3 - 0,11:4 11:5 11:3,OBESLO Michal,2006
Polish Open Warsaw 2006,2006-11-15,PRYSHCHEPA Ievgen,HOTZ Christian,UKR,SUI,3,0,"11,11,11|7,6,8",QR2,GRAND_SLAM,U21MS,1814,Qualification,PRYSHCHEPA Ievgen (UKR),HOTZ Christian (SUI),,,3 - 0,11:7 11:6 11:8,PRYSHCHEPA Ievgen,2006
Polish Open Warsaw 2006,2006-11-15,PRYSHCHEPA Ievgen,OBESLO Michal,UKR,CZE,3,0,"11,11,11|4,7,3",3,GRAND_SLAM,U21MS,1814,Qualification,PRYSHCHEPA Ievgen (UKR),OBESLO Michal (CZE),,,3 - 0,11:4 11:7 11:3,PRYSHCHEPA Ievgen,2006
Polish Open Warsaw 2006,2006-11-15,ZLAMAL Jaromir,FERTIKOWSKI Pawel,CZE,POL,3,0,"11,11,11|8,7,8",,GRAND_SLAM,U21MS,1814,Qualification,ZLAMAL Jaromir (CZE),FERTIKOWSKI Pawel (POL),,,3 - 0,11:8 11:7 11:8,ZLAMAL Jaromir,2006
Polish Open Warsaw 2006,2006-11-15,SKACHKOV Kirill,FERTIKOWSKI Pawel,RUS,POL,3,0,"13,15,12|11,13,10",QR2,GRAND_SLAM,U21MS,1814,Qualification,SKACHKOV Kirill (RUS),FERTIKOWSKI Pawel (POL),,,3 - 0,13:11 15:13 12:10,SKACHKOV Kirill,2006
Polish Open Warsaw 2006,2006-11-15,SKACHKOV Kirill,ZLAMAL Jaromir,RUS,CZE,3,1,"11,9,11,11|6,11,3,7",3,GRAND_SLAM,U21MS,1814,Qualification,SKACHKOV Kirill (RUS),ZLAMAL Jaromir (CZE),,,3 - 1,11:6 9:11 11:3 11:7,SKACHKOV Kirill,2006
Polish Open Warsaw 2006,2006-11-15,HINDERSSON Mikkel,PLACEK Frantisek,DEN,CZE,3,0,"11,11,11|9,3,9",,GRAND_SLAM,U21MS,1814,Qualification,HINDERSSON Mikkel (DEN),PLACEK Frantisek (CZE),,,0 - 3,9:11 3:11 9:11,HINDERSSON Mikkel,2006
Polish Open Warsaw 2006,2006-11-15,ZHMUDENKO Yaroslav,HINDERSSON Mikkel,UKR,DEN,3,1,"11,11,12,11|6,6,14,5",QR2,GRAND_SLAM,U21MS,1814,Qualification,ZHMUDENKO Yaroslav (UKR),HINDERSSON Mikkel (DEN),,,3 - 1,11:6 11:6 12:14 11:5,ZHMUDENKO Yaroslav,2006
Polish Open Warsaw 2006,2006-11-15,ZHMUDENKO Yaroslav,PLACEK Frantisek,UKR,CZE,3,2,"11,12,11,9,11|7,14,8,11,9",3,GRAND_SLAM,U21MS,1814,Qualification,ZHMUDENKO Yaroslav (UKR),PLACEK Frantisek (CZE),,,3 - 2,11:7 12:14 11:8 9:11 11:9,ZHMUDENKO Yaroslav,2006
Polish Open Warsaw 2006,2006-11-15,FEJCAK Marcin,CAZACU Alexandru,POL,ROU,3,2,"8,11,8,11,11|11,8,11,7,6",,GRAND_SLAM,U21MS,1814,Qualification,FEJCAK Marcin (POL),CAZACU Alexandru (ROU),,,3 - 2,8:11 11:8 8:11 11:7 11:6,FEJCAK Marcin,2006
Polish Open Warsaw 2006,2006-11-15,KLEPRLIK Jakub,CAZACU Alexandru,CZE,ROU,3,0,"11,11,11|8,5,8",QR2,GRAND_SLAM,U21MS,1814,Qualification,KLEPRLIK Jakub (CZE),CAZACU Alexandru (ROU),,,3 - 0,11:8 11:5 11:8,KLEPRLIK Jakub,2006
Polish Open Warsaw 2006,2006-11-15,KLEPRLIK Jakub,FEJCAK Marcin,CZE,POL,3,1,"10,11,11,11|12,4,3,5",3,GRAND_SLAM,U21MS,1814,Qualification,KLEPRLIK Jakub (CZE),FEJCAK Marcin (POL),,,3 - 1,10:12 11:4 11:3 11:5,KLEPRLIK Jakub,2006
Polish Open Warsaw 2006,2006-11-15,RASMUSSEN Morten,SINGH Martin,DEN,SWE,3,1,"10,11,11,11|12,9,9,7",,GRAND_SLAM,U21MS,1814,Qualification,RASMUSSEN Morten (DEN),SINGH Martin (SWE),,,1 - 3,12:10 9:11 9:11 7:11,RASMUSSEN Morten,2006
Polish Open Warsaw 2006,2006-11-15,FENG Xiaoquan,RASMUSSEN Morten,AUT,DEN,3,0,"11,11,11|4,2,7",QR2,GRAND_SLAM,U21MS,1814,Qualification,FENG Xiaoquan (AUT),RASMUSSEN Morten (DEN),,,3 - 0,11:4 11:2 11:7,FENG Xiaoquan,2006
Polish Open Warsaw 2006,2006-11-15,FENG Xiaoquan,SINGH Martin,AUT,SWE,3,0,"11,11,11|7,6,7",3,GRAND_SLAM,U21MS,1814,Qualification,FENG Xiaoquan (AUT),SINGH Martin (SWE),,,3 - 0,11:7 11:6 11:7,FENG Xiaoquan,2006
Polish Open Warsaw 2006,2006-11-15,CHODORSKI Piotr,HABESOHN Dominik,POL,AUT,3,1,"11,11,11,12|13,8,6,10",,GRAND_SLAM,U21MS,1814,Qualification,CHODORSKI Piotr (POL),HABESOHN Dominik (AUT),,,3 - 1,11:13 11:8 11:6 12:10,CHODORSKI Piotr,2006
Polish Open Warsaw 2006,2006-11-15,YOKOYAMA Yuichi,CHODORSKI Piotr,JPN,POL,3,0,"11,11,11|9,6,8",3,GRAND_SLAM,U21MS,1814,Qualification,YOKOYAMA Yuichi (JPN),CHODORSKI Piotr (POL),,,3 - 0,11:9 11:6 11:8,YOKOYAMA Yuichi,2006
Polish Open Warsaw 2006,2006-11-15,BERNER Eric,GEORGANTAS Ioannis,NOR,GRE,3,0,"11,11,11|8,7,3",,GRAND_SLAM,U21MS,1814,Qualification,BERNER Eric (NOR),GEORGANTAS Ioannis (GRE),,,3 - 0,11:8 11:7 11:3,BERNER Eric,2006
Polish Open Warsaw 2006,2006-11-15,LEBESSON Emmanuel,GEORGANTAS Ioannis,FRA,GRE,3,0,"11,11,11|8,6,5",QR2,GRAND_SLAM,U21MS,1814,Qualification,LEBESSON Emmanuel (FRA),GEORGANTAS Ioannis (GRE),,,3 - 0,11:8 11:6 11:5,LEBESSON Emmanuel,2006
Polish Open Warsaw 2006,2006-11-15,LEBESSON Emmanuel,BERNER Eric,FRA,NOR,3,0,"11,11,11|5,5,1",3,GRAND_SLAM,U21MS,1814,Qualification,LEBESSON Emmanuel (FRA),BERNER Eric (NOR),,,3 - 0,11:5 11:5 11:1,LEBESSON Emmanuel,2006
Polish Open Warsaw 2006,2006-11-15,MANOUSOFF Stefan,VITTA Kilomo,USA,BEL,3,1,"8,11,11,11|11,4,7,9",,GRAND_SLAM,U21MS,1814,Qualification,MANOUSOFF Stefan (USA),VITTA Kilomo (BEL),,,1 - 3,11:8 4:11 7:11 9:11,MANOUSOFF Stefan,2006
Polish Open Warsaw 2006,2006-11-15,CHMIEL Pawel,MANOUSOFF Stefan,POL,USA,3,0,"11,11,11|3,7,4",QR2,GRAND_SLAM,U21MS,1814,Qualification,CHMIEL Pawel (POL),MANOUSOFF Stefan (USA),,,3 - 0,11:3 11:7 11:4,CHMIEL Pawel,2006
Polish Open Warsaw 2006,2006-11-15,CHMIEL Pawel,VITTA Kilomo,POL,BEL,3,0,"11,11,12|5,5,10",3,GRAND_SLAM,U21MS,1814,Qualification,CHMIEL Pawel (POL),VITTA Kilomo (BEL),,,3 - 0,11:5 11:5 12:10,CHMIEL Pawel,2006
Polish Open Warsaw 2006,2006-11-15,SZARMACH Karol,MOHLER Nicola,POL,SUI,3,0,"11,11,11|7,5,8",,GRAND_SLAM,U21MS,1814,Qualification,SZARMACH Karol (POL),MOHLER Nicola (SUI),,,3 - 0,11:7 11:5 11:8,SZARMACH Karol,2006
Polish Open Warsaw 2006,2006-11-15,MOHLER Nicola,OYA Hidetoshi,SUI,JPN,3,1,"13,12,4,11|11,10,11,4",QR2,GRAND_SLAM,U21MS,1814,Qualification,MOHLER Nicola (SUI),OYA Hidetoshi (JPN),,,1 - 3,11:13 10:12 11:4 4:11,MOHLER Nicola,2006
Polish Open Warsaw 2006,2006-11-15,OYA Hidetoshi,SZARMACH Karol,JPN,POL,3,0,"11,11,11|9,5,8",3,GRAND_SLAM,U21MS,1814,Qualification,OYA Hidetoshi (JPN),SZARMACH Karol (POL),,,3 - 0,11:9 11:5 11:8,OYA Hidetoshi,2006
Polish Open Warsaw 2006,2006-11-15,JEZO Filip,ERICSON Gustaf,SVK,SWE,3,1,"8,11,11,12|11,5,6,10",,GRAND_SLAM,U21MS,1814,Qualification,JEZO Filip (SVK),ERICSON Gustaf (SWE),,,1 - 3,11:8 5:11 6:11 10:12,JEZO Filip,2006
Polish Open Warsaw 2006,2006-11-15,PEREK Jakub,ERICSON Gustaf,POL,SWE,3,2,"5,11,14,6,11|11,9,12,11,8",3,GRAND_SLAM,U21MS,1814,Qualification,PEREK Jakub (POL),ERICSON Gustaf (SWE),,,3 - 2,5:11 11:9 14:12 6:11 11:8,PEREK Jakub,2006
Polish Open Warsaw 2006,2006-11-15,RASMUSSEN Claus,CHOJNOWSKI Patryk,DEN,POL,3,2,"5,6,11,12,11|11,11,6,10,8",,GRAND_SLAM,U21MS,1814,Qualification,RASMUSSEN Claus (DEN),CHOJNOWSKI Patryk (POL),,,3 - 2,5:11 6:11 11:6 12:10 11:8,RASMUSSEN Claus,2006
Polish Open Warsaw 2006,2006-11-15,PERSSON Jon,CHOJNOWSKI Patryk,SWE,POL,3,1,"8,11,11,11|11,7,5,5",QR2,GRAND_SLAM,U21MS,1814,Qualification,PERSSON Jon (SWE),CHOJNOWSKI Patryk (POL),,,3 - 1,8:11 11:7 11:5 11:5,PERSSON Jon,2006
Polish Open Warsaw 2006,2006-11-15,PERSSON Jon,RASMUSSEN Claus,SWE,DEN,3,0,"11,12,11|7,10,6",3,GRAND_SLAM,U21MS,1814,Qualification,PERSSON Jon (SWE),RASMUSSEN Claus (DEN),,,3 - 0,11:7 12:10 11:6,PERSSON Jon,2006
Polish Open Warsaw 2006,2006-11-15,DIDUKH Viktor,SILVA Ivo,UKR,POR,3,1,"10,11,11,12|12,8,3,10",,GRAND_SLAM,U21MS,1814,Qualification,DIDUKH Viktor (UKR),SILVA Ivo (POR),,,3 - 1,10:12 11:8 11:3 12:10,DIDUKH Viktor,2006
Polish Open Warsaw 2006,2006-11-15,KOLAREK Tomislav,SILVA Ivo,CRO,POR,3,1,"9,11,11,11|11,6,9,7",QR2,GRAND_SLAM,U21MS,1814,Qualification,KOLAREK Tomislav (CRO),SILVA Ivo (POR),,,3 - 1,9:11 11:6 11:9 11:7,KOLAREK Tomislav,2006
Polish Open Warsaw 2006,2006-11-15,KOLAREK Tomislav,DIDUKH Viktor,CRO,UKR,3,2,"11,14,9,11,11|5,16,11,7,4",3,GRAND_SLAM,U21MS,1814,Qualification,KOLAREK Tomislav (CRO),DIDUKH Viktor (UKR),,,3 - 2,11:5 14:16 9:11 11:7 11:4,KOLAREK Tomislav,2006
Polish Open Warsaw 2006,2006-11-15,TREGLER Tomas,KOVAC Borna,CZE,CRO,3,2,"11,7,11,8,11|6,11,9,11,6",,GRAND_SLAM,U21MS,1814,Qualification,TREGLER Tomas (CZE),KOVAC Borna (CRO),,,3 - 2,11:6 7:11 11:9 8:11 11:6,TREGLER Tomas,2006
Polish Open Warsaw 2006,2006-11-15,MENDES Enio,KOVAC Borna,POR,CRO,3,1,"11,11,8,12|2,7,11,10",QR2,GRAND_SLAM,U21MS,1814,Qualification,MENDES Enio (POR),KOVAC Borna (CRO),,,3 - 1,11:2 11:7 8:11 12:10,MENDES Enio,2006
Polish Open Warsaw 2006,2006-11-15,TREGLER Tomas,MENDES Enio,CZE,POR,3,0,"13,11,11|11,9,6",3,GRAND_SLAM,U21MS,1814,Qualification,TREGLER Tomas (CZE),MENDES Enio (POR),,,0 - 3,11:13 9:11 6:11,TREGLER Tomas,2006
Polish Open Warsaw 2006,2006-11-15,BALTRUSHKA Dzmitry,JENDRZEJEWSKI Patryk,BLR,POL,3,1,"11,12,9,11|8,10,11,9",,GRAND_SLAM,U21MS,1814,Qualification,BALTRUSHKA Dzmitry (BLR),JENDRZEJEWSKI Patryk (POL),,,3 - 1,11:8 12:10 9:11 11:9,BALTRUSHKA Dzmitry,2006
Polish Open Warsaw 2006,2006-11-15,PETRUKHIN Evgeny,JENDRZEJEWSKI Patryk,RUS,POL,3,0,"11,11,12|2,8,10",QR2,GRAND_SLAM,U21MS,1814,Qualification,PETRUKHIN Evgeny (RUS),JENDRZEJEWSKI Patryk (POL),,,3 - 0,11:2 11:8 12:10,PETRUKHIN Evgeny,2006
Polish Open Warsaw 2006,2006-11-15,PETRUKHIN Evgeny,BALTRUSHKA Dzmitry,RUS,BLR,3,0,"11,11,11|2,1,3",3,GRAND_SLAM,U21MS,1814,Qualification,PETRUKHIN Evgeny (RUS),BALTRUSHKA Dzmitry (BLR),,,3 - 0,11:2 11:1 11:3,PETRUKHIN Evgeny,2006
Polish Open Warsaw 2006,2006-11-15,ANTHONY Amalraj,SZARMACH Bartosz,IND,POL,3,1,"6,11,11,11|11,6,7,6",,GRAND_SLAM,U21MS,1814,Qualification,ANTHONY Amalraj (IND),SZARMACH Bartosz (POL),,,1 - 3,11:6 6:11 7:11 6:11,ANTHONY Amalraj,2006
Polish Open Warsaw 2006,2006-11-15,BUROV Viacheslav,ANTHONY Amalraj,RUS,IND,3,0,"11,11,12|9,9,10",QR2,GRAND_SLAM,U21MS,1814,Qualification,BUROV Viacheslav (RUS),ANTHONY Amalraj (IND),,,3 - 0,11:9 11:9 12:10,BUROV Viacheslav,2006
Polish Open Warsaw 2006,2006-11-15,BUROV Viacheslav,SZARMACH Bartosz,RUS,POL,3,1,"11,8,11,11|8,11,4,8",3,GRAND_SLAM,U21MS,1814,Qualification,BUROV Viacheslav (RUS),SZARMACH Bartosz (POL),,,3 - 1,11:8 8:11 11:4 11:8,BUROV Viacheslav,2006
Polish Open Warsaw 2006,2006-11-15,SEO Myoungduck,PAIKOV Mikhail,KOR,RUS,3,1,"11,11,10,11|6,8,12,5",,GRAND_SLAM,U21MS,1814,Qualification,SEO Myoungduck (KOR),PAIKOV Mikhail (RUS),,,1 - 3,6:11 8:11 12:10 5:11,SEO Myoungduck,2006
Polish Open Warsaw 2006,2006-11-15,KNIGHT Darius,SEO Myoungduck,ENG,KOR,3,1,"11,7,12,11|6,11,10,9",QR2,GRAND_SLAM,U21MS,1814,Qualification,KNIGHT Darius (ENG),SEO Myoungduck (KOR),,,3 - 1,11:6 7:11 12:10 11:9,KNIGHT Darius,2006
Polish Open Warsaw 2006,2006-11-15,PAIKOV Mikhail,KNIGHT Darius,RUS,ENG,3,2,"8,7,12,11,11|11,11,10,6,7",3,GRAND_SLAM,U21MS,1814,Qualification,PAIKOV Mikhail (RUS),KNIGHT Darius (ENG),,,2 - 3,11:8 11:7 10:12 6:11 7:11,PAIKOV Mikhail,2006
Polish Open Warsaw 2006,2006-11-15,LEWANDOWSKI Tomasz,KOMOV Alexander,POL,RUS,3,0,"11,11,11|4,9,6",,GRAND_SLAM,U21MS,1814,Qualification,LEWANDOWSKI Tomasz (POL),KOMOV Alexander (RUS),,,3 - 0,11:4 11:9 11:6,LEWANDOWSKI Tomasz,2006
Polish Open Warsaw 2006,2006-11-15,JANCARIK Lubomir,KOMOV Alexander,CZE,RUS,3,1,"7,11,11,11|11,8,6,7",QR2,GRAND_SLAM,U21MS,1814,Qualification,JANCARIK Lubomir (CZE),KOMOV Alexander (RUS),,,3 - 1,7:11 11:8 11:6 11:7,JANCARIK Lubomir,2006
Polish Open Warsaw 2006,2006-11-15,JANCARIK Lubomir,LEWANDOWSKI Tomasz,CZE,POL,3,1,"11,9,11,11|2,11,9,7",3,GRAND_SLAM,U21MS,1814,Qualification,JANCARIK Lubomir (CZE),LEWANDOWSKI Tomasz (POL),,,3 - 1,11:2 9:11 11:9 11:7,JANCARIK Lubomir,2006
Polish Open Warsaw 2006,2006-11-15,PRUS-STROWSKI Karol,BAUBET Vincent,POL,FRA,3,1,"6,11,11,11|11,6,9,9",,GRAND_SLAM,U21MS,1814,Qualification,PRUS-STROWSKI Karol (POL),BAUBET Vincent (FRA),,,1 - 3,11:6 6:11 9:11 9:11,PRUS-STROWSKI Karol,2006
Polish Open Warsaw 2006,2006-11-15,PRUS-STROWSKI Karol,PALCEK Martin,POL,SVK,3,1,"7,11,15,13|11,8,13,11",QR2,GRAND_SLAM,U21MS,1814,Qualification,PRUS-STROWSKI Karol (POL),PALCEK Martin (SVK),,,1 - 3,11:7 8:11 13:15 11:13,PRUS-STROWSKI Karol,2006
Polish Open Warsaw 2006,2006-11-15,XU Wenliang,VAN SCHIL Tom,POL,BEL,3,1,"7,11,11,11|11,1,7,9",,GRAND_SLAM,U21MS,1814,Qualification,XU Wenliang (POL),VAN SCHIL Tom (BEL),,,1 - 3,11:7 1:11 7:11 9:11,XU Wenliang,2006
Polish Open Warsaw 2006,2006-11-15,MATTENET Adrien,XU Wenliang,FRA,POL,3,0,"11,12,11|9,10,9",QR2,GRAND_SLAM,U21MS,1814,Qualification,MATTENET Adrien (FRA),XU Wenliang (POL),,,3 - 0,11:9 12:10 11:9,MATTENET Adrien,2006
Polish Open Warsaw 2006,2006-11-15,MATTENET Adrien,VAN SCHIL Tom,FRA,BEL,3,1,"11,11,6,11|8,6,11,3",3,GRAND_SLAM,U21MS,1814,Qualification,MATTENET Adrien (FRA),VAN SCHIL Tom (BEL),,,3 - 1,11:8 11:6 6:11 11:3,MATTENET Adrien,2006
Polish Open Warsaw 2006,2006-11-15,KOSZYK Boguslaw,KLEPRLIK Michal,POL,CZE,3,2,"14,6,11,6,11|12,11,5,11,8",,GRAND_SLAM,U21MS,1814,Qualification,KOSZYK Boguslaw (POL),KLEPRLIK Michal (CZE),,,2 - 3,12:14 11:6 5:11 11:6 8:11,KOSZYK Boguslaw,2006
Polish Open Warsaw 2006,2006-11-15,KOSZYK Boguslaw,KUCHUK Aleksandr,POL,BLR,3,1,"11,11,9,11|9,7,11,8",QR2,GRAND_SLAM,U21MS,1814,Qualification,KOSZYK Boguslaw (POL),KUCHUK Aleksandr (BLR),,,1 - 3,9:11 7:11 11:9 8:11,KOSZYK Boguslaw,2006
Polish Open Warsaw 2006,2006-11-15,KUCHUK Aleksandr,KLEPRLIK Michal,BLR,CZE,3,1,"9,11,12,11|11,5,10,0",3,GRAND_SLAM,U21MS,1814,Qualification,KUCHUK Aleksandr (BLR),KLEPRLIK Michal (CZE),,,3 - 1,9:11 11:5 12:10 11:0,KUCHUK Aleksandr,2006
Polish Open Warsaw 2006,2006-11-15,MEHTA Pathik,SKALENKO Vassily,IND,RUS,3,2,"11,14,10,7,11|5,12,12,11,4",,GRAND_SLAM,U21MS,1814,Qualification,MEHTA Pathik (IND),SKALENKO Vassily (RUS),,,3 - 2,11:5 14:12 10:12 7:11 11:4,MEHTA Pathik,2006
Polish Open Warsaw 2006,2006-11-15,CHMIEL Piotr,SKALENKO Vassily,POL,RUS,3,0,"11,11,11|5,5,3",QR2,GRAND_SLAM,U21MS,1814,Qualification,CHMIEL Piotr (POL),SKALENKO Vassily (RUS),,,3 - 0,11:5 11:5 11:3,CHMIEL Piotr,2006
Polish Open Warsaw 2006,2006-11-15,CHMIEL Piotr,MEHTA Pathik,POL,IND,3,0,"11,11,11|6,8,6",3,GRAND_SLAM,U21MS,1814,Qualification,CHMIEL Piotr (POL),MEHTA Pathik (IND),,,3 - 0,11:6 11:8 11:6,CHMIEL Piotr,2006
Polish Open Warsaw 2006,2006-11-15,URBANEK Jan,NYLANDER Kim,CZE,SWE,3,1,"11,10,11,11|6,12,5,9",,GRAND_SLAM,U21MS,1814,Qualification,URBANEK Jan (CZE),NYLANDER Kim (SWE),,,3 - 1,11:6 10:12 11:5 11:9,URBANEK Jan,2006
Polish Open Warsaw 2006,2006-11-15,MALICKI Szymon,NYLANDER Kim,POL,SWE,3,1,"11,7,13,11|6,11,11,8",QR2,GRAND_SLAM,U21MS,1814,Qualification,MALICKI Szymon (POL),NYLANDER Kim (SWE),,,3 - 1,11:6 7:11 13:11 11:8,MALICKI Szymon,2006
Polish Open Warsaw 2006,2006-11-15,URBANEK Jan,MALICKI Szymon,CZE,POL,3,2,"8,11,11,9,11|11,9,7,11,9",3,GRAND_SLAM,U21MS,1814,Qualification,URBANEK Jan (CZE),MALICKI Szymon (POL),,,2 - 3,11:8 9:11 7:11 11:9 9:11,URBANEK Jan,2006
Polish Open Warsaw 2006,2006-11-15,AAMAN Erik,FUHRER Andi,SWE,SUI,3,0,"11,11,17|4,9,15",,GRAND_SLAM,U21MS,1814,Qualification,AAMAN Erik (SWE),FUHRER Andi (SUI),,,3 - 0,11:4 11:9 17:15,AAMAN Erik,2006
Polish Open Warsaw 2006,2006-11-15,SALIFOU Abdel-Kader,FUHRER Andi,BEN,SUI,3,2,"11,10,11,9,11|2,12,6,11,7",QR2,GRAND_SLAM,U21MS,1814,Qualification,SALIFOU Abdel-Kader (BEN),FUHRER Andi (SUI),,,3 - 2,11:2 10:12 11:6 9:11 11:7,SALIFOU Abdel-Kader,2006
Polish Open Warsaw 2006,2006-11-15,SALIFOU Abdel-Kader,AAMAN Erik,BEN,SWE,3,0,"11,11,12|7,6,10",3,GRAND_SLAM,U21MS,1814,Qualification,SALIFOU Abdel-Kader (BEN),AAMAN Erik (SWE),,,3 - 0,11:7 11:6 12:10,SALIFOU Abdel-Kader,2006
Polish Open Warsaw 2006,2006-11-15,PLACHY Josef,VOSTES Yannick,CZE,BEL,4,2,"8,12,11,11,7,11|11,10,8,2,11,6",QR64,GRAND_SLAM,MS,1814,Qualification,PLACHY Josef (CZE),VOSTES Yannick (BEL),,,4 - 2,8:11 12:10 11:8 11:2 7:11 11:6,PLACHY Josef,2006
Polish Open Warsaw 2006,2006-11-15,MONRAD Martin,KATKOV Ivan,DEN,UKR,4,2,"3,11,8,11,11,11|11,8,11,2,9,6",QR64,GRAND_SLAM,MS,1814,Qualification,MONRAD Martin (DEN),KATKOV Ivan (UKR),,,4 - 2,3:11 11:8 8:11 11:2 11:9 11:6,MONRAD Martin,2006
Polish Open Warsaw 2006,2006-11-15,OLLIVIER Brice,HAKANSSON Fredrik,FRA,SWE,4,3,"4,13,8,11,11,11,11|11,15,11,3,7,5,8",QR64,GRAND_SLAM,MS,1814,Qualification,OLLIVIER Brice (FRA),HAKANSSON Fredrik (SWE),,,3 - 4,11:4 15:13 11:8 3:11 7:11 5:11 8:11,OLLIVIER Brice,2006
Polish Open Warsaw 2006,2006-11-15,ILLAS Erik,PLATONOV Pavel,SVK,BLR,4,2,"3,7,11,11,11,11|11,11,9,9,9,9",QR64,GRAND_SLAM,MS,1814,Qualification,ILLAS Erik (SVK),PLATONOV Pavel (BLR),,,2 - 4,11:3 11:7 9:11 9:11 9:11 9:11,ILLAS Erik,2006
Polish Open Warsaw 2006,2006-11-15,KEINATH Thomas,REDJEP Ronald,SVK,CRO,4,1,"11,7,13,11,11|5,11,11,7,5",QR64,GRAND_SLAM,MS,1814,Qualification,KEINATH Thomas (SVK),REDJEP Ronald (CRO),,,4 - 1,11:5 7:11 13:11 11:7 11:5,KEINATH Thomas,2006
Polish Open Warsaw 2006,2006-11-15,MIZUTANI Jun,TIAN Zichao,JPN,BEL,4,0,"11,11,13,11|5,2,11,7",QR64,GRAND_SLAM,MS,1814,Qualification,MIZUTANI Jun (JPN),TIAN Zichao (BEL),,,4 - 0,11:5 11:2 13:11 11:7,MIZUTANI Jun,2006
Polish Open Warsaw 2006,2006-11-15,OLEJNIK Martin,LAKEEV Vasily,CZE,RUS,4,3,"8,9,10,11,11,11,11|11,11,12,4,8,9,8",QR64,GRAND_SLAM,MS,1814,Qualification,OLEJNIK Martin (CZE),LAKEEV Vasily (RUS),,,4 - 3,8:11 9:11 10:12 11:4 11:8 11:9 11:8,OLEJNIK Martin,2006
Polish Open Warsaw 2006,2006-11-15,FREITAS Marcos,SUCH Bartosz,POR,POL,4,3,"8,11,11,11,11,5,13|11,8,13,8,9,11,11",QR64,GRAND_SLAM,MS,1814,Qualification,FREITAS Marcos (POR),SUCH Bartosz (POL),,,3 - 4,11:8 8:11 13:11 8:11 9:11 11:5 11:13,FREITAS Marcos,2006
Polish Open Warsaw 2006,2006-11-15,GORAK Daniel,MATSUDAIRA Kenta,POL,JPN,4,3,"7,8,11,11,11,13,14|11,11,8,13,7,11,12",QR64,GRAND_SLAM,MS,1814,Qualification,GORAK Daniel (POL),MATSUDAIRA Kenta (JPN),,,4 - 3,7:11 8:11 11:8 11:13 11:7 13:11 14:12,GORAK Daniel,2006
Polish Open Warsaw 2006,2006-11-15,KLASEK Marek,DANIEL Artur,CZE,POL,4,3,"11,11,9,11,3,10,13|7,8,11,4,11,12,11",QR64,GRAND_SLAM,MS,1814,Qualification,KLASEK Marek (CZE),DANIEL Artur (POL),,,4 - 3,11:7 11:8 9:11 11:4 3:11 10:12 13:11,KLASEK Marek,2006
Polish Open Warsaw 2006,2006-11-15,MATTENET Adrien,SEO Myoungduck,FRA,KOR,4,1,"11,11,9,11,13|9,9,11,9,11",QR64,GRAND_SLAM,MS,1814,Qualification,MATTENET Adrien (FRA),SEO Myoungduck (KOR),,,4 - 1,11:9 11:9 9:11 11:9 13:11,MATTENET Adrien,2006
Polish Open Warsaw 2006,2006-11-15,OVTCHAROV Dimitrij,GRIGOREV Artur,GER,RUS,4,3,"9,11,11,11,9,2,11|11,7,6,4,11,11,6",QR64,GRAND_SLAM,MS,1814,Qualification,OVTCHAROV Dimitrij (GER),GRIGOREV Artur (RUS),,,4 - 3,9:11 11:7 11:6 11:4 9:11 2:11 11:6,OVTCHAROV Dimitrij,2006
Polish Open Warsaw 2006,2006-11-15,MONDELLO Massimiliano,GAVLAS Antonin,ITA,CZE,4,2,"13,8,9,11,11,11|11,11,11,5,8,9",QR64,GRAND_SLAM,MS,1814,Qualification,MONDELLO Massimiliano (ITA),GAVLAS Antonin (CZE),,,4 - 2,13:11 8:11 9:11 11:5 11:8 11:9,MONDELLO Massimiliano,2006
Polish Open Warsaw 2006,2006-11-15,SIMONER Christoph,PISTEJ Lubomir,AUT,SVK,4,2,"11,11,6,10,11,11|6,9,11,12,9,9",QR64,GRAND_SLAM,MS,1814,Qualification,SIMONER Christoph (AUT),PISTEJ Lubomir (SVK),,,2 - 4,6:11 9:11 11:6 12:10 9:11 9:11,SIMONER Christoph,2006
Polish Open Warsaw 2006,2006-11-15,ROBERTSON Adam,WANG Wei,WAL,USA,4,3,"11,11,8,5,11,4,11|7,5,11,11,8,11,4",QR64,GRAND_SLAM,MS,1814,Qualification,ROBERTSON Adam (WAL),WANG Wei (USA),,,3 - 4,7:11 5:11 11:8 11:5 8:11 11:4 4:11,ROBERTSON Adam,2006
Polish Open Warsaw 2006,2006-11-15,APOLONIA Tiago,VYBORNY Richard,POR,CZE,4,3,"18,7,11,8,7,14,11|16,11,8,11,11,12,7",QR64,GRAND_SLAM,MS,1814,Qualification,APOLONIA Tiago (POR),VYBORNY Richard (CZE),,,3 - 4,16:18 11:7 8:11 11:8 11:7 12:14 7:11,APOLONIA Tiago,2006
Polish Open Warsaw 2006,2006-11-15,KUSINSKI Marcin,SCHLICHTER Jorg,POL,GER,4,1,"11,12,9,11,11|4,10,11,5,8",QR64,GRAND_SLAM,MS,1814,Qualification,KUSINSKI Marcin (POL),SCHLICHTER Jorg (GER),,,4 - 1,11:4 12:10 9:11 11:5 11:8,KUSINSKI Marcin,2006
Polish Open Warsaw 2006,2006-11-15,MONTEIRO Joao,DURAN Marc,POR,ESP,4,1,"8,11,11,11,11|11,8,8,5,3",QR64,GRAND_SLAM,MS,1814,Qualification,MONTEIRO Joao (POR),DURAN Marc (ESP),,,4 - 1,8:11 11:8 11:8 11:5 11:3,MONTEIRO Joao,2006
Polish Open Warsaw 2006,2006-11-15,ACHANTA Sharath,KOSOWSKI Jakub,IND,POL,4,2,"11,11,11,11,8,11|5,9,7,13,11,9",QR64,GRAND_SLAM,MS,1814,Qualification,ACHANTA Sharath (IND),KOSOWSKI Jakub (POL),,,4 - 2,11:5 11:9 11:7 11:13 8:11 11:9,ACHANTA Sharath,2006
Polish Open Warsaw 2006,2006-11-15,GUO Jinhao,KISHIKAWA Seiya,CHN,JPN,4,0,"11,11,11,11|7,5,6,6",QR64,GRAND_SLAM,MS,1814,Qualification,GUO Jinhao (CHN),KISHIKAWA Seiya (JPN),,,0 - 4,7:11 5:11 6:11 6:11,GUO Jinhao,2006
Polish Open Warsaw 2006,2006-11-15,DIDUKH Oleksandr,KLEPRLIK Jakub,UKR,CZE,4,0,"11,11,13,11|4,5,11,8",QR64,GRAND_SLAM,MS,1814,Qualification,DIDUKH Oleksandr (UKR),KLEPRLIK Jakub (CZE),,,4 - 0,11:4 11:5 13:11 11:8,DIDUKH Oleksandr,2006
Polish Open Warsaw 2006,2006-11-15,PAVELKA Tomas,LO Dany,CZE,FRA,4,2,"9,7,11,12,11,11|11,11,5,10,9,8",QR64,GRAND_SLAM,MS,1814,Qualification,PAVELKA Tomas (CZE),LO Dany (FRA),,,4 - 2,9:11 7:11 11:5 12:10 11:9 11:8,PAVELKA Tomas,2006
Polish Open Warsaw 2006,2006-11-15,BERTIN Christophe,SZYMANSKI Filip,FRA,POL,4,2,"9,11,11,6,11,11|11,1,7,11,5,5",QR64,GRAND_SLAM,MS,1814,Qualification,BERTIN Christophe (FRA),SZYMANSKI Filip (POL),,,4 - 2,9:11 11:1 11:7 6:11 11:5 11:5,BERTIN Christophe,2006
Polish Open Warsaw 2006,2006-11-15,MACHADO Carlos,FILIMON Lucian,ESP,ROU,4,0,"11,11,11,11|4,5,6,4",QR64,GRAND_SLAM,MS,1814,Qualification,MACHADO Carlos (ESP),FILIMON Lucian (ROU),,,4 - 0,11:4 11:5 11:6 11:4,MACHADO Carlos,2006
Polish Open Warsaw 2006,2006-11-15,HU Jiashun,CIHAK Marek,SUI,CZE,4,2,"9,13,16,9,11,11|11,11,14,11,9,6",QR64,GRAND_SLAM,MS,1814,Qualification,HU Jiashun (SUI),CIHAK Marek (CZE),,,4 - 2,9:11 13:11 16:14 9:11 11:9 11:6,HU Jiashun,2006
Polish Open Warsaw 2006,2006-11-15,GACINA Andrej,VUKELIC Boris,CRO,SRB,4,0,"11,11,12,11|7,9,10,9",QR64,GRAND_SLAM,MS,1814,Qualification,GACINA Andrej (CRO),VUKELIC Boris (SRB),,,0 - 4,7:11 9:11 10:12 9:11,GACINA Andrej,2006
Polish Open Warsaw 2006,2006-11-15,SVENSSON Robert,JUZBASIC Ivan,SWE,CRO,4,2,"11,8,12,10,11,11|7,11,10,12,7,3",QR64,GRAND_SLAM,MS,1814,Qualification,SVENSSON Robert (SWE),JUZBASIC Ivan (CRO),,,4 - 2,11:7 8:11 12:10 10:12 11:7 11:3,SVENSSON Robert,2006
Polish Open Warsaw 2006,2006-11-15,TAKAKIWA Taku,AXELQVIST Johan,JPN,SWE,4,2,"11,11,6,6,11,11|7,6,11,11,9,9",QR64,GRAND_SLAM,MS,1814,Qualification,TAKAKIWA Taku (JPN),AXELQVIST Johan (SWE),,,2 - 4,7:11 6:11 11:6 11:6 9:11 9:11,TAKAKIWA Taku,2006
Polish Open Warsaw 2006,2006-11-15,JOVER Sebastien,SAKAMOTO Ryusuke,FRA,JPN,4,2,"8,15,11,8,11,11|11,13,7,11,6,5",QR64,GRAND_SLAM,MS,1814,Qualification,JOVER Sebastien (FRA),SAKAMOTO Ryusuke (JPN),,,4 - 2,8:11 15:13 11:7 8:11 11:6 11:5,JOVER Sebastien,2006
Polish Open Warsaw 2006,2006-11-15,HENZELL William,KIM Taehoon,AUS,KOR,4,0,"11,11,12,11|5,8,10,8",QR64,GRAND_SLAM,MS,1814,Qualification,HENZELL William (AUS),KIM Taehoon (KOR),,,4 - 0,11:5 11:8 12:10 11:8,HENZELL William,2006
Polish Open Warsaw 2006,2006-11-15,LIVENTSOV Alexey,LEBESSON Emmanuel,RUS,FRA,4,1,"11,11,3,11,11|5,7,11,9,3",QR64,GRAND_SLAM,MS,1814,Qualification,LIVENTSOV Alexey (RUS),LEBESSON Emmanuel (FRA),,,4 - 1,11:5 11:7 3:11 11:9 11:3,LIVENTSOV Alexey,2006
Polish Open Warsaw 2006,2006-11-15,CHMIEL Pawel,SALIFOU Abdel-Kader,POL,BEN,3,0,"11,11,11|7,8,4",QR16,GRAND_SLAM,U21MS,1814,Qualification,CHMIEL Pawel (POL),SALIFOU Abdel-Kader (BEN),,,3 - 0,11:7 11:8 11:4,CHMIEL Pawel,2006
Polish Open Warsaw 2006,2006-11-15,OYA Hidetoshi,CHMIEL Piotr,JPN,POL,3,1,"7,11,16,11|11,3,14,9",QR16,GRAND_SLAM,U21MS,1814,Qualification,OYA Hidetoshi (JPN),CHMIEL Piotr (POL),,,3 - 1,7:11 11:3 16:14 11:9,OYA Hidetoshi,2006
Polish Open Warsaw 2006,2006-11-15,PEREK Jakub,URBANEK Jan,POL,CZE,3,1,"11,8,11,11|7,11,2,6",QR16,GRAND_SLAM,U21MS,1814,Qualification,PEREK Jakub (POL),URBANEK Jan (CZE),,,3 - 1,11:7 8:11 11:2 11:6,PEREK Jakub,2006
Polish Open Warsaw 2006,2006-11-15,PERSSON Jon,KOSZYK Boguslaw,SWE,POL,3,1,"11,5,11,11|8,11,8,9",QR16,GRAND_SLAM,U21MS,1814,Qualification,PERSSON Jon (SWE),KOSZYK Boguslaw (POL),,,3 - 1,11:8 5:11 11:8 11:9,PERSSON Jon,2006
Polish Open Warsaw 2006,2006-11-15,MATTENET Adrien,KOLAREK Tomislav,FRA,CRO,3,1,"11,5,11,11|7,11,4,7",QR16,GRAND_SLAM,U21MS,1814,Qualification,MATTENET Adrien (FRA),KOLAREK Tomislav (CRO),,,1 - 3,7:11 11:5 4:11 7:11,MATTENET Adrien,2006
Polish Open Warsaw 2006,2006-11-15,PRUS-STROWSKI Karol,TREGLER Tomas,POL,CZE,3,1,"3,11,11,11|11,8,6,9",QR16,GRAND_SLAM,U21MS,1814,Qualification,PRUS-STROWSKI Karol (POL),TREGLER Tomas (CZE),,,1 - 3,11:3 8:11 6:11 9:11,PRUS-STROWSKI Karol,2006
Polish Open Warsaw 2006,2006-11-15,PETRUKHIN Evgeny,JANCARIK Lubomir,RUS,CZE,3,0,"11,18,11|8,16,8",QR16,GRAND_SLAM,U21MS,1814,Qualification,PETRUKHIN Evgeny (RUS),JANCARIK Lubomir (CZE),,,3 - 0,11:8 18:16 11:8,PETRUKHIN Evgeny,2006
Polish Open Warsaw 2006,2006-11-15,KNIGHT Darius,BUROV Viacheslav,ENG,RUS,3,1,"11,9,12,11|6,11,10,8",QR16,GRAND_SLAM,U21MS,1814,Qualification,KNIGHT Darius (ENG),BUROV Viacheslav (RUS),,,1 - 3,6:11 11:9 10:12 8:11,KNIGHT Darius,2006
Polish Open Warsaw 2006,2006-11-15,LIU Jia,KUZMINA Elena,AUT,RUS,4,0,"11,11,12,11|7,7,10,7",R64,GRAND_SLAM,WS,1814,Main Draw,LIU Jia (AUT),KUZMINA Elena (RUS),,,4 - 0,11:7 11:7 12:10 11:7,LIU Jia,2006
Polish Open Warsaw 2006,2006-11-15,XIAN Yifang,LIU Yuan,FRA,AUT,4,3,"8,8,9,11,11,11,11|11,11,11,8,8,3,6",R64,GRAND_SLAM,WS,1814,Main Draw,XIAN Yifang (FRA),LIU Yuan (AUT),,,3 - 4,11:8 11:8 11:9 8:11 8:11 3:11 6:11,XIAN Yifang,2006
Polish Open Warsaw 2006,2006-11-15,KRAVCHENKO Marina,YOON Suwon,ISR,KOR,4,0,"11,11,11,13|2,6,1,11",R64,GRAND_SLAM,WS,1814,Main Draw,KRAVCHENKO Marina (ISR),YOON Suwon (KOR),,,4 - 0,11:2 11:6 11:1 13:11,KRAVCHENKO Marina,2006
Polish Open Warsaw 2006,2006-11-15,LI Qiangbing,WAKAMIYA Misako,AUT,JPN,4,0,"11,11,11,11|7,8,5,6",R64,GRAND_SLAM,WS,1814,Main Draw,LI Qiangbing (AUT),WAKAMIYA Misako (JPN),,,0 - 4,7:11 8:11 5:11 6:11,LI Qiangbing,2006
Polish Open Warsaw 2006,2006-11-15,BAKULA Andrea,GANINA Svetlana,CRO,RUS,4,3,"4,11,8,11,10,13,12|11,6,11,9,12,11,10",R64,GRAND_SLAM,WS,1814,Main Draw,BAKULA Andrea (CRO),GANINA Svetlana (RUS),,,3 - 4,11:4 6:11 11:8 9:11 12:10 11:13 10:12,BAKULA Andrea,2006
Polish Open Warsaw 2006,2006-11-15,ZHU Fang,JEE Minhyung,ESP,AUS,4,3,"9,11,9,11,12,9,11|11,6,11,8,10,11,9",R64,GRAND_SLAM,WS,1814,Main Draw,ZHU Fang (ESP),JEE Minhyung (AUS),,,4 - 3,9:11 11:6 9:11 11:8 12:10 9:11 11:9,ZHU Fang,2006
Polish Open Warsaw 2006,2006-11-15,LI Xue,BARTHEL Zhenqi,FRA,GER,4,0,"11,11,11,11|7,7,8,6",R64,GRAND_SLAM,WS,1814,Main Draw,LI Xue (FRA),BARTHEL Zhenqi (GER),,,4 - 0,11:7 11:7 11:8 11:6,LI Xue,2006
Polish Open Warsaw 2006,2006-11-15,BOLLMEIER Nadine,TAN Wenling,GER,ITA,4,2,"7,6,11,11,11,11|11,11,4,8,5,9",R64,GRAND_SLAM,WS,1814,Main Draw,BOLLMEIER Nadine (GER),TAN Wenling (ITA),,,4 - 2,7:11 6:11 11:4 11:8 11:5 11:9,BOLLMEIER Nadine,2006
Polish Open Warsaw 2006,2006-11-15,STEFANOVA Nikoleta,YU Yunmi,ITA,KOR,4,0,"11,11,11,11|6,7,7,6",R64,GRAND_SLAM,WS,1814,Main Draw,STEFANOVA Nikoleta (ITA),YU Yunmi (KOR),,,4 - 0,11:6 11:7 11:7 11:6,STEFANOVA Nikoleta,2006
Polish Open Warsaw 2006,2006-11-15,PAOVIC Sandra,WANG Yu (YOB=1981),CRO,ITA,4,0,"11,11,11,11|3,3,8,5",R64,GRAND_SLAM,WS,1814,Main Draw,PAOVIC Sandra (CRO),WANG Yu (YOB=1981) (ITA),,,0 - 4,3:11 3:11 8:11 5:11,PAOVIC Sandra,2006
Polish Open Warsaw 2006,2006-11-15,PALINA Irina,JANTA-LIPINSKA Anna,RUS,POL,4,0,"11,11,11,11|3,4,8,5",R64,GRAND_SLAM,WS,1814,Main Draw,PALINA Irina (RUS),JANTA-LIPINSKA Anna (POL),,,4 - 0,11:3 11:4 11:8 11:5,PALINA Irina,2006
Polish Open Warsaw 2006,2006-11-15,WU Jiaduo,CICHOCKA Magdalena,GER,POL,4,0,"11,11,11,11|7,5,5,8",R64,GRAND_SLAM,WS,1814,Main Draw,WU Jiaduo (GER),CICHOCKA Magdalena (POL),,,0 - 4,7:11 5:11 5:11 8:11,WU Jiaduo,2006
Polish Open Warsaw 2006,2006-11-15,WU Xue,TKACHOVA Tetyana,DOM,UKR,4,0,"11,11,11,11|6,3,2,5",R64,GRAND_SLAM,WS,1814,Main Draw,WU Xue (DOM),TKACHOVA Tetyana (UKR),,,4 - 0,11:6 11:3 11:2 11:5,WU Xue,2006
Polish Open Warsaw 2006,2006-11-15,XU Jie (1982),HEINE Veronika,POL,AUT,4,0,"11,11,11,11|6,2,4,6",R64,GRAND_SLAM,WS,1814,Main Draw,XU Jie (1982) (POL),HEINE Veronika (AUT),,,0 - 4,6:11 2:11 4:11 6:11,XU Jie (1982),2006
Polish Open Warsaw 2006,2006-11-15,NEGRISOLI Laura,NARKIEWICZ Paulina Joanna,ITA,POL,4,0,"11,11,11,11|5,6,8,9",R64,GRAND_SLAM,WS,1814,Main Draw,NEGRISOLI Laura (ITA),NARKIEWICZ Paulina Joanna (POL),,,4 - 0,11:5 11:6 11:8 11:9,NEGRISOLI Laura,2006
Polish Open Warsaw 2006,2006-11-15,LI Jiao,ISHIGAKI Yuka,NED,JPN,4,2,"9,11,9,11,11,11|11,9,11,6,2,8",R64,GRAND_SLAM,WS,1814,Main Draw,LI Jiao (NED),ISHIGAKI Yuka (JPN),,,2 - 4,11:9 9:11 11:9 6:11 2:11 8:11,LI Jiao,2006
Polish Open Warsaw 2006,2006-11-15,YAMANASHI Yuri,PAVLOVICH Viktoria,JPN,BLR,4,0,"11,11,11,11|9,7,9,7",R64,GRAND_SLAM,WS,1814,Main Draw,YAMANASHI Yuri (JPN),PAVLOVICH Viktoria (BLR),,,0 - 4,9:11 7:11 9:11 7:11,YAMANASHI Yuri,2006
Polish Open Warsaw 2006,2006-11-15,POHAR Martina,RAMIREZ Sara,SLO,ESP,4,0,"11,11,12,11|6,5,10,9",R64,GRAND_SLAM,WS,1814,Main Draw,POHAR Martina (SLO),RAMIREZ Sara (ESP),,,4 - 0,11:6 11:5 12:10 11:9,POHAR Martina,2006
Polish Open Warsaw 2006,2006-11-15,DODEAN Daniela,UDO Hiroe,ROU,JPN,4,2,"11,7,11,11,8,11|7,11,7,6,11,8",R64,GRAND_SLAM,WS,1814,Main Draw,DODEAN Daniela (ROU),UDO Hiroe (JPN),,,4 - 2,11:7 7:11 11:7 11:6 8:11 11:8,DODEAN Daniela,2006
Polish Open Warsaw 2006,2006-11-15,UMEMURA Aya,PARTYKA Natalia,JPN,POL,4,1,"11,9,11,11,11|7,11,9,1,6",R64,GRAND_SLAM,WS,1814,Main Draw,UMEMURA Aya (JPN),PARTYKA Natalia (POL),,,1 - 4,7:11 11:9 9:11 1:11 6:11,UMEMURA Aya,2006
Polish Open Warsaw 2006,2006-11-15,HIURA Reiko,EKHOLM Matilda,JPN,SWE,4,0,"12,13,11,11|10,11,7,9",R64,GRAND_SLAM,WS,1814,Main Draw,HIURA Reiko (JPN),EKHOLM Matilda (SWE),,,4 - 0,12:10 13:11 11:7 11:9,HIURA Reiko,2006
Polish Open Warsaw 2006,2006-11-15,FEHER Gabriela,PASKAUSKIENE Ruta,SRB,LTU,4,3,"7,11,4,11,3,11,11|11,7,11,9,11,7,6",R64,GRAND_SLAM,WS,1814,Main Draw,FEHER Gabriela (SRB),PASKAUSKIENE Ruta (LTU),,,4 - 3,7:11 11:7 4:11 11:9 3:11 11:7 11:6,FEHER Gabriela,2006
Polish Open Warsaw 2006,2006-11-15,ZHOU Xiao,IVANCAN Irene,POL,GER,4,1,"11,11,11,8,11|8,9,5,11,8",R64,GRAND_SLAM,WS,1814,Main Draw,ZHOU Xiao (POL),IVANCAN Irene (GER),,,1 - 4,8:11 9:11 5:11 11:8 8:11,ZHOU Xiao,2006
Polish Open Warsaw 2006,2006-11-15,HIRANO Sayaka,PIETKIEWICZ Monika,JPN,POL,4,0,"11,11,11,11|8,6,7,7",R64,GRAND_SLAM,WS,1814,Main Draw,HIRANO Sayaka (JPN),PIETKIEWICZ Monika (POL),,,0 - 4,8:11 6:11 7:11 7:11,HIRANO Sayaka,2006
Polish Open Warsaw 2006,2006-11-15,SHEN Yanfei,TIMINA Elena,ESP,NED,4,0,"13,11,11,11|11,6,7,9",R64,GRAND_SLAM,WS,1814,Main Draw,SHEN Yanfei (ESP),TIMINA Elena (NED),,,4 - 0,13:11 11:6 11:7 11:9,SHEN Yanfei,2006
Polish Open Warsaw 2006,2006-11-15,PAVLOVICH Veronika,PENKAVOVA Katerina,BLR,CZE,4,1,"11,11,12,5,11|7,6,10,11,8",R64,GRAND_SLAM,WS,1814,Main Draw,PAVLOVICH Veronika (BLR),PENKAVOVA Katerina (CZE),,,1 - 4,7:11 6:11 10:12 11:5 8:11,PAVLOVICH Veronika,2006
Polish Open Warsaw 2006,2006-11-15,SAMARA Elizabeta,GRUNDISCH Carole,ROU,FRA,4,1,"11,11,9,11,11|7,9,11,6,7",R64,GRAND_SLAM,WS,1814,Main Draw,SAMARA Elizabeta (ROU),GRUNDISCH Carole (FRA),,,1 - 4,7:11 9:11 11:9 6:11 7:11,SAMARA Elizabeta,2006
Polish Open Warsaw 2006,2006-11-15,SCHALL Elke,DVORAK Galia,GER,ESP,4,3,"9,11,11,11,2,6,11|11,3,9,4,11,11,4",R64,GRAND_SLAM,WS,1814,Main Draw,SCHALL Elke (GER),DVORAK Galia (ESP),,,3 - 4,11:9 3:11 9:11 4:11 11:2 11:6 4:11,SCHALL Elke,2006
Polish Open Warsaw 2006,2006-11-15,ODOROVA Eva,HARABASZOVA Lenka,SVK,CZE,4,1,"10,11,11,11,11|12,8,4,9,5",R64,GRAND_SLAM,WS,1814,Main Draw,ODOROVA Eva (SVK),HARABASZOVA Lenka (CZE),,,4 - 1,10:12 11:8 11:4 11:9 11:5,ODOROVA Eva,2006
Polish Open Warsaw 2006,2006-11-15,ROBERTSON Laura,JONSSON Carina,GER,SWE,4,1,"9,12,13,11,11|11,10,11,7,8",R64,GRAND_SLAM,WS,1814,Main Draw,ROBERTSON Laura (GER),JONSSON Carina (SWE),,,1 - 4,11:9 10:12 11:13 7:11 8:11,ROBERTSON Laura,2006
Polish Open Warsaw 2006,2006-11-15,LI Qian,CREEMERS Linda,POL,NED,4,0,"11,11,11,11|3,7,6,4",R64,GRAND_SLAM,WS,1814,Main Draw,LI Qian (POL),CREEMERS Linda (NED),,,4 - 0,11:3 11:7 11:6 11:4,LI Qian,2006
Polish Open Warsaw 2006,2006-11-15,STEFF Mihaela,ERDELJI Anamaria,ROU,SRB,4,3,"5,11,6,9,11,11,11|11,5,11,11,8,8,5",R64,GRAND_SLAM,WS,1814,Main Draw,STEFF Mihaela (ROU),ERDELJI Anamaria (SRB),,,3 - 4,11:5 5:11 11:6 11:9 8:11 8:11 5:11,STEFF Mihaela,2006
Polish Open Warsaw 2006,2006-11-15,LIU Jia,XIAN Yifang,AUT,FRA,4,2,"3,11,11,11,6,11|11,6,6,8,11,9",R32,GRAND_SLAM,WS,1814,Main Draw,LIU Jia (AUT),XIAN Yifang (FRA),,,4 - 2,3:11 11:6 11:6 11:8 6:11 11:9,LIU Jia,2006
Polish Open Warsaw 2006,2006-11-15,LI Qiangbing,KRAVCHENKO Marina,AUT,ISR,4,1,"11,11,10,14,11|8,9,12,12,7",R32,GRAND_SLAM,WS,1814,Main Draw,LI Qiangbing (AUT),KRAVCHENKO Marina (ISR),,,1 - 4,8:11 9:11 12:10 12:14 7:11,LI Qiangbing,2006
Polish Open Warsaw 2006,2006-11-15,ZHU Fang,BAKULA Andrea,ESP,CRO,4,1,"11,5,11,16,11|3,11,9,14,7",R32,GRAND_SLAM,WS,1814,Main Draw,ZHU Fang (ESP),BAKULA Andrea (CRO),,,1 - 4,3:11 11:5 9:11 14:16 7:11,ZHU Fang,2006
Polish Open Warsaw 2006,2006-11-15,LI Xue,BOLLMEIER Nadine,FRA,GER,4,1,"12,11,12,10,12|10,4,10,12,10",R32,GRAND_SLAM,WS,1814,Main Draw,LI Xue (FRA),BOLLMEIER Nadine (GER),,,4 - 1,12:10 11:4 12:10 10:12 12:10,LI Xue,2006
Polish Open Warsaw 2006,2006-11-15,PAOVIC Sandra,STEFANOVA Nikoleta,CRO,ITA,4,1,"11,11,11,11,11|6,9,9,13,7",R32,GRAND_SLAM,WS,1814,Main Draw,PAOVIC Sandra (CRO),STEFANOVA Nikoleta (ITA),,,1 - 4,6:11 9:11 9:11 13:11 7:11,PAOVIC Sandra,2006
Polish Open Warsaw 2006,2006-11-15,WU Jiaduo,PALINA Irina,GER,RUS,4,0,"11,11,11,11|9,7,7,3",R32,GRAND_SLAM,WS,1814,Main Draw,WU Jiaduo (GER),PALINA Irina (RUS),,,0 - 4,9:11 7:11 7:11 3:11,WU Jiaduo,2006
Polish Open Warsaw 2006,2006-11-15,WU Xue,XU Jie (1982),DOM,POL,4,3,"7,11,11,8,11,11,11|11,4,13,11,5,9,8",R32,GRAND_SLAM,WS,1814,Main Draw,WU Xue (DOM),XU Jie (1982) (POL),,,4 - 3,7:11 11:4 11:13 8:11 11:5 11:9 11:8,WU Xue,2006
Polish Open Warsaw 2006,2006-11-15,LI Jiao,NEGRISOLI Laura,NED,ITA,4,1,"11,11,11,8,11|8,9,2,11,8",R32,GRAND_SLAM,WS,1814,Main Draw,LI Jiao (NED),NEGRISOLI Laura (ITA),,,1 - 4,8:11 9:11 2:11 11:8 8:11,LI Jiao,2006
Polish Open Warsaw 2006,2006-11-15,POHAR Martina,YAMANASHI Yuri,SLO,JPN,4,3,"2,8,12,11,12,7,11|11,11,10,8,10,11,2",R32,GRAND_SLAM,WS,1814,Main Draw,POHAR Martina (SLO),YAMANASHI Yuri (JPN),,,3 - 4,11:2 11:8 10:12 8:11 10:12 11:7 2:11,POHAR Martina,2006
Polish Open Warsaw 2006,2006-11-15,UMEMURA Aya,DODEAN Daniela,JPN,ROU,4,1,"11,11,7,11,11|7,9,11,7,9",R32,GRAND_SLAM,WS,1814,Main Draw,UMEMURA Aya (JPN),DODEAN Daniela (ROU),,,1 - 4,7:11 9:11 11:7 7:11 9:11,UMEMURA Aya,2006
Polish Open Warsaw 2006,2006-11-15,HIURA Reiko,FEHER Gabriela,JPN,SRB,4,1,"9,11,11,11,11|11,2,9,6,8",R32,GRAND_SLAM,WS,1814,Main Draw,HIURA Reiko (JPN),FEHER Gabriela (SRB),,,4 - 1,9:11 11:2 11:9 11:6 11:8,HIURA Reiko,2006
Polish Open Warsaw 2006,2006-11-15,HIRANO Sayaka,ZHOU Xiao,JPN,POL,4,1,"13,12,11,7,11|11,10,6,11,7",R32,GRAND_SLAM,WS,1814,Main Draw,HIRANO Sayaka (JPN),ZHOU Xiao (POL),,,1 - 4,11:13 10:12 6:11 11:7 7:11,HIRANO Sayaka,2006
Polish Open Warsaw 2006,2006-11-15,SHEN Yanfei,PAVLOVICH Veronika,ESP,BLR,4,0,"12,12,15,12|10,10,13,10",R32,GRAND_SLAM,WS,1814,Main Draw,SHEN Yanfei (ESP),PAVLOVICH Veronika (BLR),,,4 - 0,12:10 12:10 15:13 12:10,SHEN Yanfei,2006
Polish Open Warsaw 2006,2006-11-15,SCHALL Elke,SAMARA Elizabeta,GER,ROU,4,1,"4,11,11,11,12|11,8,6,8,10",R32,GRAND_SLAM,WS,1814,Main Draw,SCHALL Elke (GER),SAMARA Elizabeta (ROU),,,1 - 4,11:4 8:11 6:11 8:11 10:12,SCHALL Elke,2006
Polish Open Warsaw 2006,2006-11-15,ODOROVA Eva,ROBERTSON Laura,SVK,GER,4,2,"11,4,5,11,11,12|7,11,11,3,7,10",R32,GRAND_SLAM,WS,1814,Main Draw,ODOROVA Eva (SVK),ROBERTSON Laura (GER),,,4 - 2,11:7 4:11 5:11 11:3 11:7 12:10,ODOROVA Eva,2006
Polish Open Warsaw 2006,2006-11-15,LI Qian,STEFF Mihaela,POL,ROU,4,2,"12,11,7,11,9,11|10,9,11,2,11,3",R32,GRAND_SLAM,WS,1814,Main Draw,LI Qian (POL),STEFF Mihaela (ROU),,,4 - 2,12:10 11:9 7:11 11:2 9:11 11:3,LI Qian,2006
Polish Open Warsaw 2006,2006-11-15,LIU Jia,LI Qiangbing,AUT,AUT,4,0,"11,14,11,14|2,12,6,12",R16,GRAND_SLAM,WS,1814,Main Draw,LIU Jia (AUT),LI Qiangbing (AUT),,,4 - 0,11:2 14:12 11:6 14:12,LIU Jia,2006
Polish Open Warsaw 2006,2006-11-15,LI Xue,ZHU Fang,FRA,ESP,4,1,"11,4,11,11,11|9,11,4,9,5",R16,GRAND_SLAM,WS,1814,Main Draw,LI Xue (FRA),ZHU Fang (ESP),,,1 - 4,9:11 11:4 4:11 9:11 5:11,LI Xue,2006
Polish Open Warsaw 2006,2006-11-15,PAOVIC Sandra,WU Jiaduo,CRO,GER,4,2,"11,8,9,11,11,11|6,11,11,6,7,8",R16,GRAND_SLAM,WS,1814,Main Draw,PAOVIC Sandra (CRO),WU Jiaduo (GER),,,4 - 2,11:6 8:11 9:11 11:6 11:7 11:8,PAOVIC Sandra,2006
Polish Open Warsaw 2006,2006-11-15,LI Jiao,WU Xue,NED,DOM,4,3,"4,11,11,4,11,6,11|11,5,5,11,8,11,9",R16,GRAND_SLAM,WS,1814,Main Draw,LI Jiao (NED),WU Xue (DOM),,,3 - 4,11:4 5:11 5:11 11:4 8:11 11:6 9:11,LI Jiao,2006
Polish Open Warsaw 2006,2006-11-15,UMEMURA Aya,POHAR Martina,JPN,SLO,4,3,"5,11,8,11,11,8,11|11,2,11,5,7,11,4",R16,GRAND_SLAM,WS,1814,Main Draw,UMEMURA Aya (JPN),POHAR Martina (SLO),,,3 - 4,11:5 2:11 11:8 5:11 7:11 11:8 4:11,UMEMURA Aya,2006
Polish Open Warsaw 2006,2006-11-15,HIRANO Sayaka,HIURA Reiko,JPN,JPN,4,3,"11,4,11,8,12,3,11|6,11,6,11,10,11,9",R16,GRAND_SLAM,WS,1814,Main Draw,HIRANO Sayaka (JPN),HIURA Reiko (JPN),,,3 - 4,6:11 11:4 6:11 11:8 10:12 11:3 9:11,HIRANO Sayaka,2006
Polish Open Warsaw 2006,2006-11-15,SCHALL Elke,SHEN Yanfei,GER,ESP,4,1,"12,11,5,11,11|10,6,11,3,7",R16,GRAND_SLAM,WS,1814,Main Draw,SCHALL Elke (GER),SHEN Yanfei (ESP),,,1 - 4,10:12 6:11 11:5 3:11 7:11,SCHALL Elke,2006
Polish Open Warsaw 2006,2006-11-15,LI Qian,ODOROVA Eva,POL,SVK,4,0,"11,11,11,12|7,7,3,10",R16,GRAND_SLAM,WS,1814,Main Draw,LI Qian (POL),ODOROVA Eva (SVK),,,0 - 4,7:11 7:11 3:11 10:12,LI Qian,2006
Polish Open Warsaw 2006,2006-11-15,LIU Jia,LI Xue,AUT,FRA,4,2,"4,11,7,11,15,11|11,8,11,6,13,5",QuarterFinal,GRAND_SLAM,WS,1814,Main Draw,LIU Jia (AUT),LI Xue (FRA),,,4 - 2,4:11 11:8 7:11 11:6 15:13 11:5,LIU Jia,2006
Polish Open Warsaw 2006,2006-11-15,LI Jiao,PAOVIC Sandra,NED,CRO,4,0,"11,12,12,11|8,10,10,8",QuarterFinal,GRAND_SLAM,WS,1814,Main Draw,LI Jiao (NED),PAOVIC Sandra (CRO),,,0 - 4,8:11 10:12 10:12 8:11,LI Jiao,2006
Polish Open Warsaw 2006,2006-11-15,UMEMURA Aya,HIRANO Sayaka,JPN,JPN,4,2,"11,7,8,11,11,11|8,11,11,4,8,7",QuarterFinal,GRAND_SLAM,WS,1814,Main Draw,UMEMURA Aya (JPN),HIRANO Sayaka (JPN),,,4 - 2,11:8 7:11 8:11 11:4 11:8 11:7,UMEMURA Aya,2006
Polish Open Warsaw 2006,2006-11-15,LI Qian,SCHALL Elke,POL,GER,4,2,"7,11,11,6,16,11|11,6,7,11,14,3",QuarterFinal,GRAND_SLAM,WS,1814,Main Draw,LI Qian (POL),SCHALL Elke (GER),,,2 - 4,11:7 6:11 7:11 11:6 14:16 3:11,LI Qian,2006
Polish Open Warsaw 2006,2006-11-15,LIU Jia,LI Jiao,AUT,NED,4,3,"11,11,6,11,6,5,14|2,5,11,8,11,11,12",SemiFinal,GRAND_SLAM,WS,1814,Main Draw,LIU Jia (AUT),LI Jiao (NED),,,4 - 3,11:2 11:5 6:11 11:8 6:11 5:11 14:12,LIU Jia,2006
Polish Open Warsaw 2006,2006-11-15,LI Qian,UMEMURA Aya,POL,JPN,4,1,"11,11,8,11,11|7,8,11,7,6",SemiFinal,GRAND_SLAM,WS,1814,Main Draw,LI Qian (POL),UMEMURA Aya (JPN),,,1 - 4,7:11 8:11 11:8 7:11 6:11,LI Qian,2006
Polish Open Warsaw 2006,2006-11-15,LI Qian,LIU Jia,POL,AUT,4,3,"2,9,14,11,11,11,11|11,11,16,5,8,7,6",Final,GRAND_SLAM,WS,1814,Main Draw,LI Qian (POL),LIU Jia (AUT),,,3 - 4,11:2 11:9 16:14 5:11 8:11 7:11 6:11,LI Qian,2006
Polish Open Warsaw 2006,2006-11-15,GRUNDISCH Carole,SMETEK Marta,FRA,POL,4,3,"5,11,11,11,8,11,14|11,9,7,3,11,13,12",R32,GRAND_SLAM,U21WS,1814,Main Draw,GRUNDISCH Carole (FRA),SMETEK Marta (POL),,,4 - 3,5:11 11:9 11:7 11:3 8:11 11:13 14:12,GRUNDISCH Carole,2006
Polish Open Warsaw 2006,2006-11-15,SMISTIKOVA Martina,JANTA-LIPINSKA Anna,CZE,POL,4,1,"5,11,11,11,11|11,7,7,4,6",R32,GRAND_SLAM,U21WS,1814,Main Draw,SMISTIKOVA Martina (CZE),JANTA-LIPINSKA Anna (POL),,,1 - 4,11:5 7:11 7:11 4:11 6:11,SMISTIKOVA Martina,2006
Polish Open Warsaw 2006,2006-11-15,YAMANASHI Yuri,YU Yunmi,JPN,KOR,4,0,"11,11,11,11|9,5,8,9",R32,GRAND_SLAM,U21WS,1814,Main Draw,YAMANASHI Yuri (JPN),YU Yunmi (KOR),,,0 - 4,9:11 5:11 8:11 9:11,YAMANASHI Yuri,2006
Polish Open Warsaw 2006,2006-11-15,BARTHEL Zhenqi,PHAI PANG Laurie,GER,FRA,4,0,"11,11,11,11|8,8,6,6",R32,GRAND_SLAM,U21WS,1814,Main Draw,BARTHEL Zhenqi (GER),PHAI PANG Laurie (FRA),,,0 - 4,8:11 8:11 6:11 6:11,BARTHEL Zhenqi,2006
Polish Open Warsaw 2006,2006-11-15,FEHER Gabriela,RAMIREZ Sara,SRB,ESP,4,2,"8,7,11,14,11,11|11,11,7,12,9,7",R32,GRAND_SLAM,U21WS,1814,Main Draw,FEHER Gabriela (SRB),RAMIREZ Sara (ESP),,,2 - 4,11:8 11:7 7:11 12:14 9:11 7:11,FEHER Gabriela,2006
Polish Open Warsaw 2006,2006-11-15,ERDELJI Anamaria,HUDECOVA Sona,SRB,SVK,4,0,"11,11,11,11|4,4,4,5",R32,GRAND_SLAM,U21WS,1814,Main Draw,ERDELJI Anamaria (SRB),HUDECOVA Sona (SVK),,,0 - 4,4:11 4:11 4:11 5:11,ERDELJI Anamaria,2006
Polish Open Warsaw 2006,2006-11-15,ISHIKAWA Kasumi,BOLSHAKOVA Natalia,JPN,RUS,4,0,"11,11,11,12|5,8,7,10",R32,GRAND_SLAM,U21WS,1814,Main Draw,ISHIKAWA Kasumi (JPN),BOLSHAKOVA Natalia (RUS),,,0 - 4,5:11 8:11 7:11 10:12,ISHIKAWA Kasumi,2006
Polish Open Warsaw 2006,2006-11-15,DODEAN Daniela,ZHOU Xiao,ROU,POL,4,3,"8,10,11,11,14,6,11|11,12,9,8,12,11,6",R32,GRAND_SLAM,U21WS,1814,Main Draw,DODEAN Daniela (ROU),ZHOU Xiao (POL),,,3 - 4,11:8 12:10 9:11 8:11 12:14 11:6 6:11,DODEAN Daniela,2006
Polish Open Warsaw 2006,2006-11-15,LI Xue,KUZMINA Elena,FRA,RUS,4,0,"11,11,12,11|7,4,10,6",R32,GRAND_SLAM,U21WS,1814,Main Draw,LI Xue (FRA),KUZMINA Elena (RUS),,,4 - 0,11:7 11:4 12:10 11:6,LI Xue,2006
Polish Open Warsaw 2006,2006-11-15,CICHOCKA Magdalena,MA Wenting,POL,NOR,4,3,"11,6,6,11,12,11,11|5,11,11,9,14,6,6",R32,GRAND_SLAM,U21WS,1814,Main Draw,CICHOCKA Magdalena (POL),MA Wenting (NOR),,,3 - 4,5:11 11:6 11:6 9:11 14:12 6:11 6:11,CICHOCKA Magdalena,2006
Polish Open Warsaw 2006,2006-11-15,LI Qian,NECULA Iulia,POL,ROU,4,3,"8,9,8,11,11,11,11|11,11,11,5,5,4,6",R32,GRAND_SLAM,U21WS,1814,Main Draw,LI Qian (POL),NECULA Iulia (ROU),,,3 - 4,11:8 11:9 11:8 5:11 5:11 4:11 6:11,LI Qian,2006
Polish Open Warsaw 2006,2006-11-15,ISHIGAKI Yuka,KMOTORKOVA Lenka,JPN,SVK,4,1,"5,11,11,11,11|11,8,9,4,7",R32,GRAND_SLAM,U21WS,1814,Main Draw,ISHIGAKI Yuka (JPN),KMOTORKOVA Lenka (SVK),,,1 - 4,11:5 8:11 9:11 4:11 7:11,ISHIGAKI Yuka,2006
Polish Open Warsaw 2006,2006-11-15,LIU Yuan,SAMARA Elizabeta,AUT,ROU,4,2,"12,11,11,8,11,11|14,2,5,11,5,8",R32,GRAND_SLAM,U21WS,1814,Main Draw,LIU Yuan (AUT),SAMARA Elizabeta (ROU),,,2 - 4,14:12 2:11 5:11 11:8 5:11 8:11,LIU Yuan,2006
Polish Open Warsaw 2006,2006-11-15,DVORAK Galia,PESOTSKA Margaryta,ESP,UKR,4,3,"10,11,9,12,11,5,11|12,8,11,10,6,11,3",R32,GRAND_SLAM,U21WS,1814,Main Draw,DVORAK Galia (ESP),PESOTSKA Margaryta (UKR),,,3 - 4,12:10 8:11 11:9 10:12 6:11 11:5 3:11,DVORAK Galia,2006
Polish Open Warsaw 2006,2006-11-15,NONAKA Yuki,HEINE Veronika,JPN,AUT,4,0,"11,14,12,11|6,12,10,4",R32,GRAND_SLAM,U21WS,1814,Main Draw,NONAKA Yuki (JPN),HEINE Veronika (AUT),,,0 - 4,6:11 12:14 10:12 4:11,NONAKA Yuki,2006
Polish Open Warsaw 2006,2006-11-15,JEE Minhyung,UDO Hiroe,AUS,JPN,4,3,"10,8,11,11,9,13,11|12,11,5,2,11,11,5",R32,GRAND_SLAM,U21WS,1814,Main Draw,JEE Minhyung (AUS),UDO Hiroe (JPN),,,3 - 4,12:10 11:8 5:11 2:11 11:9 11:13 5:11,JEE Minhyung,2006
Polish Open Warsaw 2006,2006-11-15,GRUNDISCH Carole,SMISTIKOVA Martina,FRA,CZE,4,1,"11,11,10,11,13|8,5,12,5,11",R16,GRAND_SLAM,U21WS,1814,Main Draw,GRUNDISCH Carole (FRA),SMISTIKOVA Martina (CZE),,,4 - 1,11:8 11:5 10:12 11:5 13:11,GRUNDISCH Carole,2006
Polish Open Warsaw 2006,2006-11-15,YAMANASHI Yuri,BARTHEL Zhenqi,JPN,GER,4,0,"11,11,13,11|9,7,11,8",R16,GRAND_SLAM,U21WS,1814,Main Draw,YAMANASHI Yuri (JPN),BARTHEL Zhenqi (GER),,,4 - 0,11:9 11:7 13:11 11:8,YAMANASHI Yuri,2006
Polish Open Warsaw 2006,2006-11-15,FEHER Gabriela,ERDELJI Anamaria,SRB,SRB,4,2,"11,11,13,8,9,11|5,7,11,11,11,7",R16,GRAND_SLAM,U21WS,1814,Main Draw,FEHER Gabriela (SRB),ERDELJI Anamaria (SRB),,,4 - 2,11:5 11:7 13:11 8:11 9:11 11:7,FEHER Gabriela,2006
Polish Open Warsaw 2006,2006-11-15,DODEAN Daniela,ISHIKAWA Kasumi,ROU,JPN,4,3,"11,2,7,11,11,9,11|2,11,11,6,7,11,5",R16,GRAND_SLAM,U21WS,1814,Main Draw,DODEAN Daniela (ROU),ISHIKAWA Kasumi (JPN),,,3 - 4,2:11 11:2 11:7 6:11 7:11 11:9 5:11,DODEAN Daniela,2006
Polish Open Warsaw 2006,2006-11-15,LI Xue,CICHOCKA Magdalena,FRA,POL,4,2,"11,11,11,10,8,11|7,6,6,12,11,2",R16,GRAND_SLAM,U21WS,1814,Main Draw,LI Xue (FRA),CICHOCKA Magdalena (POL),,,4 - 2,11:7 11:6 11:6 10:12 8:11 11:2,LI Xue,2006
Polish Open Warsaw 2006,2006-11-15,DVORAK Galia,LIU Yuan,ESP,AUT,4,1,"11,20,15,12,11|6,18,17,10,8",R16,GRAND_SLAM,U21WS,1814,Main Draw,DVORAK Galia (ESP),LIU Yuan (AUT),,,1 - 4,6:11 18:20 17:15 10:12 8:11,DVORAK Galia,2006
Polish Open Warsaw 2006,2006-11-15,JEE Minhyung,NONAKA Yuki,AUS,JPN,4,3,"6,11,11,11,6,12,11|11,5,8,6,11,14,3",R16,GRAND_SLAM,U21WS,1814,Main Draw,JEE Minhyung (AUS),NONAKA Yuki (JPN),,,3 - 4,11:6 5:11 8:11 6:11 11:6 14:12 3:11,JEE Minhyung,2006
Polish Open Warsaw 2006,2006-11-15,YAMANASHI Yuri,GRUNDISCH Carole,JPN,FRA,4,2,"11,11,11,8,9,11|6,5,7,11,11,4",QuarterFinal,GRAND_SLAM,U21WS,1814,Main Draw,YAMANASHI Yuri (JPN),GRUNDISCH Carole (FRA),,,2 - 4,6:11 5:11 7:11 11:8 11:9 4:11,YAMANASHI Yuri,2006
Polish Open Warsaw 2006,2006-11-15,DODEAN Daniela,FEHER Gabriela,ROU,SRB,4,0,"11,11,11,11|6,8,1,3",QuarterFinal,GRAND_SLAM,U21WS,1814,Main Draw,DODEAN Daniela (ROU),FEHER Gabriela (SRB),,,0 - 4,6:11 8:11 1:11 3:11,DODEAN Daniela,2006
Polish Open Warsaw 2006,2006-11-15,LI Xue,ISHIGAKI Yuka,FRA,JPN,4,2,"10,6,11,11,11,11|12,11,4,8,8,6",QuarterFinal,GRAND_SLAM,U21WS,1814,Main Draw,LI Xue (FRA),ISHIGAKI Yuka (JPN),,,4 - 2,10:12 6:11 11:4 11:8 11:8 11:6,LI Xue,2006
Polish Open Warsaw 2006,2006-11-15,DVORAK Galia,JEE Minhyung,ESP,AUS,4,3,"11,11,11,5,6,5,11|7,6,7,11,11,11,7",QuarterFinal,GRAND_SLAM,U21WS,1814,Main Draw,DVORAK Galia (ESP),JEE Minhyung (AUS),,,4 - 3,11:7 11:6 11:7 5:11 6:11 5:11 11:7,DVORAK Galia,2006
Polish Open Warsaw 2006,2006-11-15,YAMANASHI Yuri,DODEAN Daniela,JPN,ROU,4,1,"4,11,11,11,11|11,9,9,6,5",SemiFinal,GRAND_SLAM,U21WS,1814,Main Draw,YAMANASHI Yuri (JPN),DODEAN Daniela (ROU),,,4 - 1,4:11 11:9 11:9 11:6 11:5,YAMANASHI Yuri,2006
Polish Open Warsaw 2006,2006-11-15,DVORAK Galia,LI Xue,ESP,FRA,4,1,"11,11,14,19,11|9,4,16,17,5",SemiFinal,GRAND_SLAM,U21WS,1814,Main Draw,DVORAK Galia (ESP),LI Xue (FRA),,,1 - 4,9:11 4:11 16:14 17:19 5:11,DVORAK Galia,2006
Polish Open Warsaw 2006,2006-11-15,DVORAK Galia,YAMANASHI Yuri,ESP,JPN,4,0,"11,11,11,11|7,7,8,1",Final,GRAND_SLAM,U21WS,1814,Main Draw,DVORAK Galia (ESP),YAMANASHI Yuri (JPN),,,0 - 4,7:11 7:11 8:11 1:11,DVORAK Galia,2006
Polish Open Warsaw 2006,2006-11-15,WALNA Weronika,FARLADANSKA Ganna,POL,UKR,4,1,"11,11,5,11,11|6,9,11,7,2",,GRAND_SLAM,WS,1814,Qualification,WALNA Weronika (POL),FARLADANSKA Ganna (UKR),,,1 - 4,6:11 9:11 11:5 7:11 2:11,WALNA Weronika,2006
Polish Open Warsaw 2006,2006-11-15,BARTHEL Zhenqi,WALNA Weronika,GER,POL,4,1,"11,8,11,11,13|3,11,3,9,11",QR2,GRAND_SLAM,WS,1814,Qualification,BARTHEL Zhenqi (GER),WALNA Weronika (POL),,,4 - 1,11:3 8:11 11:3 11:9 13:11,BARTHEL Zhenqi,2006
Polish Open Warsaw 2006,2006-11-15,BARTHEL Zhenqi,FARLADANSKA Ganna,GER,UKR,4,2,"7,11,9,11,11,11|11,4,11,8,8,1",3,GRAND_SLAM,WS,1814,Qualification,BARTHEL Zhenqi (GER),FARLADANSKA Ganna (UKR),,,4 - 2,7:11 11:4 9:11 11:8 11:8 11:1,BARTHEL Zhenqi,2006
Polish Open Warsaw 2006,2006-11-15,TKACHOVA Tetyana,BAK Natalia,UKR,POL,4,0,"11,11,11,11|7,8,2,9",,GRAND_SLAM,WS,1814,Qualification,TKACHOVA Tetyana (UKR),BAK Natalia (POL),,,0 - 4,7:11 8:11 2:11 9:11,TKACHOVA Tetyana,2006
Polish Open Warsaw 2006,2006-11-15,KUZMINA Elena,SMETEK Marta,RUS,POL,4,2,"11,11,11,13,11,12|9,9,8,15,13,10",,GRAND_SLAM,WS,1814,Qualification,KUZMINA Elena (RUS),SMETEK Marta (POL),,,2 - 4,9:11 9:11 8:11 15:13 13:11 10:12,KUZMINA Elena,2006
Polish Open Warsaw 2006,2006-11-15,ZHU Fang,KUZMINA Elena,ESP,RUS,4,3,"7,11,11,9,12,11,11|11,5,6,11,14,7,6",QR2,GRAND_SLAM,WS,1814,Qualification,ZHU Fang (ESP),KUZMINA Elena (RUS),,,4 - 3,7:11 11:5 11:6 9:11 12:14 11:7 11:6,ZHU Fang,2006
Polish Open Warsaw 2006,2006-11-15,ZHU Fang,SMETEK Marta,ESP,POL,4,0,"11,11,11,11|5,2,9,7",3,GRAND_SLAM,WS,1814,Qualification,ZHU Fang (ESP),SMETEK Marta (POL),,,4 - 0,11:5 11:2 11:9 11:7,ZHU Fang,2006
Polish Open Warsaw 2006,2006-11-15,PASTOR Agata,VUGRINEC Suncica,POL,CRO,4,2,"11,14,11,7,7,11|7,12,6,11,11,5",,GRAND_SLAM,WS,1814,Qualification,PASTOR Agata (POL),VUGRINEC Suncica (CRO),,,2 - 4,7:11 12:14 6:11 11:7 11:7 5:11,PASTOR Agata,2006
Polish Open Warsaw 2006,2006-11-15,TIMINA Elena,PASTOR Agata,NED,POL,4,3,"9,9,11,11,7,11,11|11,11,9,5,11,4,5",QR2,GRAND_SLAM,WS,1814,Qualification,TIMINA Elena (NED),PASTOR Agata (POL),,,4 - 3,9:11 9:11 11:9 11:5 7:11 11:4 11:5,TIMINA Elena,2006
Polish Open Warsaw 2006,2006-11-15,TIMINA Elena,VUGRINEC Suncica,NED,CRO,4,1,"10,11,11,11,11|12,8,5,8,9",3,GRAND_SLAM,WS,1814,Qualification,TIMINA Elena (NED),VUGRINEC Suncica (CRO),,,4 - 1,10:12 11:8 11:5 11:8 11:9,TIMINA Elena,2006
Polish Open Warsaw 2006,2006-11-15,HAPONOVA Hanna,PETZNER Martina,UKR,AUT,4,0,"11,11,11,11|7,8,3,6",,GRAND_SLAM,WS,1814,Qualification,HAPONOVA Hanna (UKR),PETZNER Martina (AUT),,,4 - 0,11:7 11:8 11:3 11:6,HAPONOVA Hanna,2006
Polish Open Warsaw 2006,2006-11-15,EKHOLM Matilda,PETZNER Martina,SWE,AUT,4,3,"9,11,11,10,9,11,14|11,7,5,12,11,8,12",QR2,GRAND_SLAM,WS,1814,Qualification,EKHOLM Matilda (SWE),PETZNER Martina (AUT),,,4 - 3,9:11 11:7 11:5 10:12 9:11 11:8 14:12,EKHOLM Matilda,2006
Polish Open Warsaw 2006,2006-11-15,EKHOLM Matilda,HAPONOVA Hanna,SWE,UKR,4,1,"11,11,11,9,11|9,9,8,11,8",3,GRAND_SLAM,WS,1814,Qualification,EKHOLM Matilda (SWE),HAPONOVA Hanna (UKR),,,4 - 1,11:9 11:9 11:8 9:11 11:8,EKHOLM Matilda,2006
Polish Open Warsaw 2006,2006-11-15,WAKAMIYA Misako,KASTRAMINA Tatsiana (1987),JPN,BLR,4,0,"11,11,11,11|7,4,4,7",,GRAND_SLAM,WS,1814,Qualification,WAKAMIYA Misako (JPN),KASTRAMINA Tatsiana (1987) (BLR),,,4 - 0,11:7 11:4 11:4 11:7,WAKAMIYA Misako,2006
Polish Open Warsaw 2006,2006-11-15,BILENKO Tetyana,KASTRAMINA Tatsiana (1987),UKR,BLR,4,0,"11,11,11,11|8,2,3,4",QR2,GRAND_SLAM,WS,1814,Qualification,BILENKO Tetyana (UKR),KASTRAMINA Tatsiana (1987) (BLR),,,4 - 0,11:8 11:2 11:3 11:4,BILENKO Tetyana,2006
Polish Open Warsaw 2006,2006-11-15,WAKAMIYA Misako,BILENKO Tetyana,JPN,UKR,4,3,"5,11,13,11,11,6,11|11,8,15,9,9,11,9",3,GRAND_SLAM,WS,1814,Qualification,WAKAMIYA Misako (JPN),BILENKO Tetyana (UKR),,,3 - 4,11:5 8:11 15:13 9:11 9:11 11:6 9:11,WAKAMIYA Misako,2006
Polish Open Warsaw 2006,2006-11-15,BARTOSOVA Hana,SHAVYRINA Marina,CZE,RUS,4,0,"11,11,11,11|9,8,5,9",,GRAND_SLAM,WS,1814,Qualification,BARTOSOVA Hana (CZE),SHAVYRINA Marina (RUS),,,0 - 4,9:11 8:11 5:11 9:11,BARTOSOVA Hana,2006
Polish Open Warsaw 2006,2006-11-15,SAMARA Elizabeta,BARTOSOVA Hana,ROU,CZE,4,1,"12,9,11,11,11|10,11,4,9,3",QR2,GRAND_SLAM,WS,1814,Qualification,SAMARA Elizabeta (ROU),BARTOSOVA Hana (CZE),,,4 - 1,12:10 9:11 11:4 11:9 11:3,SAMARA Elizabeta,2006
Polish Open Warsaw 2006,2006-11-15,SAMARA Elizabeta,SHAVYRINA Marina,ROU,RUS,4,1,"7,11,11,11,11|11,6,9,2,5",3,GRAND_SLAM,WS,1814,Qualification,SAMARA Elizabeta (ROU),SHAVYRINA Marina (RUS),,,4 - 1,7:11 11:6 11:9 11:2 11:5,SAMARA Elizabeta,2006
Polish Open Warsaw 2006,2006-11-15,WEBEROVA Ivana,VARADY Barbora,CZE,SVK,4,0,"11,11,15,11|8,4,13,4",,GRAND_SLAM,WS,1814,Qualification,WEBEROVA Ivana (CZE),VARADY Barbora (SVK),,,4 - 0,11:8 11:4 15:13 11:4,WEBEROVA Ivana,2006
Polish Open Warsaw 2006,2006-11-15,WANG Yu (YOB=1981),VARADY Barbora,ITA,SVK,4,0,"16,11,11,11|14,5,2,2",QR2,GRAND_SLAM,WS,1814,Qualification,WANG Yu (YOB=1981) (ITA),VARADY Barbora (SVK),,,4 - 0,16:14 11:5 11:2 11:2,WANG Yu (YOB=1981),2006
Polish Open Warsaw 2006,2006-11-15,WANG Yu (YOB=1981),WEBEROVA Ivana,ITA,CZE,4,3,"11,9,3,11,11,4,12|6,11,11,4,7,11,10",3,GRAND_SLAM,WS,1814,Qualification,WANG Yu (YOB=1981) (ITA),WEBEROVA Ivana (CZE),,,4 - 3,11:6 9:11 3:11 11:4 11:7 4:11 12:10,WANG Yu (YOB=1981),2006
Polish Open Warsaw 2006,2006-11-15,ABRAMOVA Natalia,GOLOTA Marta,RUS,POL,4,1,"4,11,14,11,11|11,7,12,9,9",,GRAND_SLAM,WS,1814,Qualification,ABRAMOVA Natalia (RUS),GOLOTA Marta (POL),,,1 - 4,11:4 7:11 12:14 9:11 9:11,ABRAMOVA Natalia,2006
Polish Open Warsaw 2006,2006-11-15,POHAR Martina,ABRAMOVA Natalia,SLO,RUS,4,3,"12,11,4,11,13,8,11|10,9,11,7,15,11,4",QR2,GRAND_SLAM,WS,1814,Qualification,POHAR Martina (SLO),ABRAMOVA Natalia (RUS),,,4 - 3,12:10 11:9 4:11 11:7 13:15 8:11 11:4,POHAR Martina,2006
Polish Open Warsaw 2006,2006-11-15,POHAR Martina,GOLOTA Marta,SLO,POL,4,0,"11,11,11,11|7,3,6,5",3,GRAND_SLAM,WS,1814,Qualification,POHAR Martina (SLO),GOLOTA Marta (POL),,,4 - 0,11:7 11:3 11:6 11:5,POHAR Martina,2006
Polish Open Warsaw 2006,2006-11-15,CAMPBELL Peri,MARKOVA Ekaterina,AUS,RUS,4,3,"5,9,12,11,11,6,11|11,11,10,6,9,11,9",,GRAND_SLAM,WS,1814,Qualification,CAMPBELL Peri (AUS),MARKOVA Ekaterina (RUS),,,3 - 4,11:5 11:9 10:12 6:11 9:11 11:6 9:11,CAMPBELL Peri,2006
Polish Open Warsaw 2006,2006-11-15,BOLLMEIER Nadine,CAMPBELL Peri,GER,AUS,4,0,"11,11,11,11|4,5,6,2",QR2,GRAND_SLAM,WS,1814,Qualification,BOLLMEIER Nadine (GER),CAMPBELL Peri (AUS),,,4 - 0,11:4 11:5 11:6 11:2,BOLLMEIER Nadine,2006
Polish Open Warsaw 2006,2006-11-15,BOLLMEIER Nadine,MARKOVA Ekaterina,GER,RUS,4,0,"11,11,11,11|8,7,4,6",3,GRAND_SLAM,WS,1814,Qualification,BOLLMEIER Nadine (GER),MARKOVA Ekaterina (RUS),,,4 - 0,11:8 11:7 11:4 11:6,BOLLMEIER Nadine,2006
Polish Open Warsaw 2006,2006-11-15,PAUL Mousumi,LEMESHEVSKAYA Valeriya,IND,RUS,4,0,"11,11,11,11|8,5,9,6",,GRAND_SLAM,WS,1814,Qualification,PAUL Mousumi (IND),LEMESHEVSKAYA Valeriya (RUS),,,0 - 4,8:11 5:11 9:11 6:11,PAUL Mousumi,2006
Polish Open Warsaw 2006,2006-11-15,ISHIGAKI Yuka,PAUL Mousumi,JPN,IND,4,0,"11,11,11,11|7,5,1,7",QR2,GRAND_SLAM,WS,1814,Qualification,ISHIGAKI Yuka (JPN),PAUL Mousumi (IND),,,4 - 0,11:7 11:5 11:1 11:7,ISHIGAKI Yuka,2006
Polish Open Warsaw 2006,2006-11-15,ISHIGAKI Yuka,LEMESHEVSKAYA Valeriya,JPN,RUS,4,0,"11,11,11,11|6,5,4,5",3,GRAND_SLAM,WS,1814,Qualification,ISHIGAKI Yuka (JPN),LEMESHEVSKAYA Valeriya (RUS),,,4 - 0,11:6 11:5 11:4 11:5,ISHIGAKI Yuka,2006
Polish Open Warsaw 2006,2006-11-15,AGGARWAL Neha,SKOV Mie,IND,DEN,4,2,"11,11,10,12,11,11|7,8,12,14,8,8",,GRAND_SLAM,WS,1814,Qualification,AGGARWAL Neha (IND),SKOV Mie (DEN),,,2 - 4,7:11 8:11 12:10 14:12 8:11 8:11,AGGARWAL Neha,2006
Polish Open Warsaw 2006,2006-11-15,DVORAK Galia,AGGARWAL Neha,ESP,IND,4,2,"12,9,11,13,11,11|14,11,8,11,8,5",QR2,GRAND_SLAM,WS,1814,Qualification,DVORAK Galia (ESP),AGGARWAL Neha (IND),,,4 - 2,12:14 9:11 11:8 13:11 11:8 11:5,DVORAK Galia,2006
Polish Open Warsaw 2006,2006-11-15,DVORAK Galia,SKOV Mie,ESP,DEN,4,2,"13,5,11,11,8,11|11,11,2,3,11,5",3,GRAND_SLAM,WS,1814,Qualification,DVORAK Galia (ESP),SKOV Mie (DEN),,,4 - 2,13:11 5:11 11:2 11:3 8:11 11:5,DVORAK Galia,2006
Polish Open Warsaw 2006,2006-11-15,NOUWEN Carla,HUDECOVA Sona,NED,SVK,4,0,"11,11,11,11|5,9,3,4",,GRAND_SLAM,WS,1814,Qualification,NOUWEN Carla (NED),HUDECOVA Sona (SVK),,,4 - 0,11:5 11:9 11:3 11:4,NOUWEN Carla,2006
Polish Open Warsaw 2006,2006-11-15,HEINE Veronika,HUDECOVA Sona,AUT,SVK,4,1,"7,12,11,11,11|11,10,6,7,5",QR2,GRAND_SLAM,WS,1814,Qualification,HEINE Veronika (AUT),HUDECOVA Sona (SVK),,,4 - 1,7:11 12:10 11:6 11:7 11:5,HEINE Veronika,2006
Polish Open Warsaw 2006,2006-11-15,HEINE Veronika,NOUWEN Carla,AUT,NED,4,3,"5,5,11,11,11,6,12|11,11,6,8,4,11,10",3,GRAND_SLAM,WS,1814,Qualification,HEINE Veronika (AUT),NOUWEN Carla (NED),,,4 - 3,5:11 5:11 11:6 11:8 11:4 6:11 12:10,HEINE Veronika,2006
Polish Open Warsaw 2006,2006-11-15,GRZYBOWSKA-FRANC Katarzyna,MISIKONYTE Lina,POL,LTU,4,2,"8,11,10,11,11,11|11,9,12,8,4,6",,GRAND_SLAM,WS,1814,Qualification,GRZYBOWSKA-FRANC Katarzyna (POL),MISIKONYTE Lina (LTU),,,2 - 4,11:8 9:11 12:10 8:11 4:11 6:11,GRZYBOWSKA-FRANC Katarzyna,2006
Polish Open Warsaw 2006,2006-11-15,BAKULA Andrea,GRZYBOWSKA-FRANC Katarzyna,CRO,POL,4,0,"11,12,14,11|5,10,12,6",QR2,GRAND_SLAM,WS,1814,Qualification,BAKULA Andrea (CRO),GRZYBOWSKA-FRANC Katarzyna (POL),,,4 - 0,11:5 12:10 14:12 11:6,BAKULA Andrea,2006
Polish Open Warsaw 2006,2006-11-15,MISIKONYTE Lina,BAKULA Andrea,LTU,CRO,4,2,"13,8,11,11,11,11|15,11,7,4,7,8",3,GRAND_SLAM,WS,1814,Qualification,MISIKONYTE Lina (LTU),BAKULA Andrea (CRO),,,2 - 4,15:13 11:8 7:11 4:11 7:11 8:11,MISIKONYTE Lina,2006
Polish Open Warsaw 2006,2006-11-15,SZYMANSKA Antonina,CHAKRABORTY Kasturi,POL,IND,4,0,"11,11,11,11|5,4,7,9",,GRAND_SLAM,WS,1814,Qualification,SZYMANSKA Antonina (POL),CHAKRABORTY Kasturi (IND),,,4 - 0,11:5 11:4 11:7 11:9,SZYMANSKA Antonina,2006
Polish Open Warsaw 2006,2006-11-15,ERDELJI Anamaria,CHAKRABORTY Kasturi,SRB,IND,4,0,"11,11,11,11|1,8,6,2",QR2,GRAND_SLAM,WS,1814,Qualification,ERDELJI Anamaria (SRB),CHAKRABORTY Kasturi (IND),,,4 - 0,11:1 11:8 11:6 11:2,ERDELJI Anamaria,2006
Polish Open Warsaw 2006,2006-11-15,ERDELJI Anamaria,SZYMANSKA Antonina,SRB,POL,4,1,"11,11,11,8,11|9,8,5,11,9",3,GRAND_SLAM,WS,1814,Qualification,ERDELJI Anamaria (SRB),SZYMANSKA Antonina (POL),,,4 - 1,11:9 11:8 11:5 8:11 11:9,ERDELJI Anamaria,2006
Polish Open Warsaw 2006,2006-11-15,JANTA-LIPINSKA Anna,EXARCHOU Filareti,POL,GRE,4,2,"11,11,9,11,11,11|7,5,11,4,13,7",,GRAND_SLAM,WS,1814,Qualification,JANTA-LIPINSKA Anna (POL),EXARCHOU Filareti (GRE),,,4 - 2,11:7 11:5 9:11 11:4 11:13 11:7,JANTA-LIPINSKA Anna,2006
Polish Open Warsaw 2006,2006-11-15,SOLJA Amelie,EXARCHOU Filareti,AUT,GRE,4,0,"11,11,11,11|2,6,4,1",QR2,GRAND_SLAM,WS,1814,Qualification,SOLJA Amelie (AUT),EXARCHOU Filareti (GRE),,,4 - 0,11:2 11:6 11:4 11:1,SOLJA Amelie,2006
Polish Open Warsaw 2006,2006-11-15,JANTA-LIPINSKA Anna,SOLJA Amelie,POL,AUT,4,2,"11,10,11,6,11,11|9,12,9,11,9,8",3,GRAND_SLAM,WS,1814,Qualification,JANTA-LIPINSKA Anna (POL),SOLJA Amelie (AUT),,,2 - 4,9:11 12:10 9:11 11:6 9:11 8:11,JANTA-LIPINSKA Anna,2006
Polish Open Warsaw 2006,2006-11-15,HARABASZOVA Lenka,VAN DEN BERGH Kristel,CZE,BEL,4,0,"11,11,11,11|6,6,4,3",,GRAND_SLAM,WS,1814,Qualification,HARABASZOVA Lenka (CZE),VAN DEN BERGH Kristel (BEL),,,4 - 0,11:6 11:6 11:4 11:3,HARABASZOVA Lenka,2006
Polish Open Warsaw 2006,2006-11-15,BOLSHAKOVA Natalia,VAN DEN BERGH Kristel,RUS,BEL,4,0,"11,11,11,11|2,3,3,3",QR2,GRAND_SLAM,WS,1814,Qualification,BOLSHAKOVA Natalia (RUS),VAN DEN BERGH Kristel (BEL),,,4 - 0,11:2 11:3 11:3 11:3,BOLSHAKOVA Natalia,2006
Polish Open Warsaw 2006,2006-11-15,HARABASZOVA Lenka,BOLSHAKOVA Natalia,CZE,RUS,4,2,"12,11,11,3,10,11|10,7,1,11,12,6",3,GRAND_SLAM,WS,1814,Qualification,HARABASZOVA Lenka (CZE),BOLSHAKOVA Natalia (RUS),,,2 - 4,10:12 7:11 1:11 11:3 12:10 6:11,HARABASZOVA Lenka,2006
Polish Open Warsaw 2006,2006-11-15,PRIVALOVA Alexandra,PLAVSIC Gordana,BLR,SRB,4,1,"11,10,16,11,11|7,12,14,5,8",QR2,GRAND_SLAM,WS,1814,Qualification,PRIVALOVA Alexandra (BLR),PLAVSIC Gordana (SRB),,,1 - 4,7:11 12:10 14:16 5:11 8:11,PRIVALOVA Alexandra,2006
Polish Open Warsaw 2006,2006-11-15,PENKAVOVA Katerina,PLAVSIC Gordana,CZE,SRB,4,0,"11,12,13,11|8,10,11,9",3,GRAND_SLAM,WS,1814,Qualification,PENKAVOVA Katerina (CZE),PLAVSIC Gordana (SRB),,,0 - 4,8:11 10:12 11:13 9:11,PENKAVOVA Katerina,2006
Polish Open Warsaw 2006,2006-11-15,CECHOVA Dana,SOLDI Simona,CZE,ITA,4,1,"11,11,11,9,11|4,3,1,11,6",,GRAND_SLAM,WS,1814,Qualification,CECHOVA Dana (CZE),SOLDI Simona (ITA),,,4 - 1,11:4 11:3 11:1 9:11 11:6,CECHOVA Dana,2006
Polish Open Warsaw 2006,2006-11-15,YOON Suwon,SOLDI Simona,KOR,ITA,4,0,"11,12,11,11|5,10,6,4",QR2,GRAND_SLAM,WS,1814,Qualification,YOON Suwon (KOR),SOLDI Simona (ITA),,,4 - 0,11:5 12:10 11:6 11:4,YOON Suwon,2006
Polish Open Warsaw 2006,2006-11-15,YOON Suwon,CECHOVA Dana,KOR,CZE,4,2,"6,11,11,6,11,12|11,6,5,11,4,10",3,GRAND_SLAM,WS,1814,Qualification,YOON Suwon (KOR),CECHOVA Dana (CZE),,,4 - 2,6:11 11:6 11:5 6:11 11:4 12:10,YOON Suwon,2006
Polish Open Warsaw 2006,2006-11-15,PIETKIEWICZ Monika,CAVALLI Giulia,POL,ITA,4,0,"11,12,11,11|5,10,9,7",,GRAND_SLAM,WS,1814,Qualification,PIETKIEWICZ Monika (POL),CAVALLI Giulia (ITA),,,4 - 0,11:5 12:10 11:9 11:7,PIETKIEWICZ Monika,2006
Polish Open Warsaw 2006,2006-11-15,NECULA Iulia,CAVALLI Giulia,ROU,ITA,4,1,"11,3,11,11,12|4,11,6,9,10",QR2,GRAND_SLAM,WS,1814,Qualification,NECULA Iulia (ROU),CAVALLI Giulia (ITA),,,4 - 1,11:4 3:11 11:6 11:9 12:10,NECULA Iulia,2006
Polish Open Warsaw 2006,2006-11-15,PIETKIEWICZ Monika,NECULA Iulia,POL,ROU,4,0,"11,11,11,11|1,6,7,8",3,GRAND_SLAM,WS,1814,Qualification,PIETKIEWICZ Monika (POL),NECULA Iulia (ROU),,,0 - 4,1:11 6:11 7:11 8:11,PIETKIEWICZ Monika,2006
Polish Open Warsaw 2006,2006-11-15,CREEMERS Linda,JOLLEY Ann Marie,NED,AUS,4,0,"14,11,11,11|12,1,8,5",,GRAND_SLAM,WS,1814,Qualification,CREEMERS Linda (NED),JOLLEY Ann Marie (AUS),,,4 - 0,14:12 11:1 11:8 11:5,CREEMERS Linda,2006
Polish Open Warsaw 2006,2006-11-15,SMISTIKOVA Martina,JOLLEY Ann Marie,CZE,AUS,4,0,"11,11,11,11|7,6,2,6",QR2,GRAND_SLAM,WS,1814,Qualification,SMISTIKOVA Martina (CZE),JOLLEY Ann Marie (AUS),,,4 - 0,11:7 11:6 11:2 11:6,SMISTIKOVA Martina,2006
Polish Open Warsaw 2006,2006-11-15,CREEMERS Linda,SMISTIKOVA Martina,NED,CZE,4,2,"9,12,9,11,11,12|11,10,11,4,9,10",3,GRAND_SLAM,WS,1814,Qualification,CREEMERS Linda (NED),SMISTIKOVA Martina (CZE),,,2 - 4,11:9 10:12 11:9 4:11 9:11 10:12,CREEMERS Linda,2006
Polish Open Warsaw 2006,2006-11-15,LIU Yuan,LUCZAKOWSKA Daria,AUT,POL,4,0,"11,11,12,15|5,8,10,13",,GRAND_SLAM,WS,1814,Qualification,LIU Yuan (AUT),LUCZAKOWSKA Daria (POL),,,0 - 4,5:11 8:11 10:12 13:15,LIU Yuan,2006
Polish Open Warsaw 2006,2006-11-15,LIU Yuan,KERTAI Rita,AUT,HUN,4,1,"11,11,11,10,11|9,3,3,12,9",QR2,GRAND_SLAM,WS,1814,Qualification,LIU Yuan (AUT),KERTAI Rita (HUN),,,1 - 4,9:11 3:11 3:11 12:10 9:11,LIU Yuan,2006
Polish Open Warsaw 2006,2006-11-15,KERTAI Rita,LUCZAKOWSKA Daria,HUN,POL,4,0,"11,11,11,11|7,6,6,9",3,GRAND_SLAM,WS,1814,Qualification,KERTAI Rita (HUN),LUCZAKOWSKA Daria (POL),,,4 - 0,11:7 11:6 11:6 11:9,KERTAI Rita,2006
Polish Open Warsaw 2006,2006-11-15,JONSSON Carina,MA Wenting,SWE,NOR,4,2,"11,7,11,12,4,11|5,11,7,10,11,6",3,GRAND_SLAM,WS,1814,Qualification,JONSSON Carina (SWE),MA Wenting (NOR),,,4 - 2,11:5 7:11 11:7 12:10 4:11 11:6,JONSSON Carina,2006
Polish Open Warsaw 2006,2006-11-15,PHAI PANG Laurie,NONAKA Yuki,FRA,JPN,4,1,"2,11,11,11,12|11,7,9,3,10",,GRAND_SLAM,WS,1814,Qualification,PHAI PANG Laurie (FRA),NONAKA Yuki (JPN),,,4 - 1,2:11 11:7 11:9 11:3 12:10,PHAI PANG Laurie,2006
Polish Open Warsaw 2006,2006-11-15,NONAKA Yuki,CICHOCKA Magdalena,JPN,POL,4,1,"11,11,11,7,11|9,6,5,11,9",QR2,GRAND_SLAM,WS,1814,Qualification,NONAKA Yuki (JPN),CICHOCKA Magdalena (POL),,,1 - 4,9:11 6:11 5:11 11:7 9:11,NONAKA Yuki,2006
Polish Open Warsaw 2006,2006-11-15,CICHOCKA Magdalena,PHAI PANG Laurie,POL,FRA,4,0,"11,11,11,12|6,7,4,10",3,GRAND_SLAM,WS,1814,Qualification,CICHOCKA Magdalena (POL),PHAI PANG Laurie (FRA),,,4 - 0,11:6 11:7 11:4 12:10,CICHOCKA Magdalena,2006
Polish Open Warsaw 2006,2006-11-15,PESOTSKA Margaryta,SHIGEMOTO Sachie,UKR,JPN,4,0,"12,11,11,11|10,8,5,9",,GRAND_SLAM,WS,1814,Qualification,PESOTSKA Margaryta (UKR),SHIGEMOTO Sachie (JPN),,,4 - 0,12:10 11:8 11:5 11:9,PESOTSKA Margaryta,2006
Polish Open Warsaw 2006,2006-11-15,YU Yunmi,SHIGEMOTO Sachie,KOR,JPN,4,0,"11,11,12,12|7,9,10,10",QR2,GRAND_SLAM,WS,1814,Qualification,YU Yunmi (KOR),SHIGEMOTO Sachie (JPN),,,4 - 0,11:7 11:9 12:10 12:10,YU Yunmi,2006
Polish Open Warsaw 2006,2006-11-15,YU Yunmi,PESOTSKA Margaryta,KOR,UKR,4,2,"13,12,7,13,9,11|11,10,11,11,11,8",3,GRAND_SLAM,WS,1814,Qualification,YU Yunmi (KOR),PESOTSKA Margaryta (UKR),,,4 - 2,13:11 12:10 7:11 13:11 9:11 11:8,YU Yunmi,2006
Polish Open Warsaw 2006,2006-11-15,FEHER Gabriela,SZCZERKOWSKA Magdalena,SRB,POL,4,0,"11,11,11,11|8,2,8,9",,GRAND_SLAM,WS,1814,Qualification,FEHER Gabriela (SRB),SZCZERKOWSKA Magdalena (POL),,,4 - 0,11:8 11:2 11:8 11:9,FEHER Gabriela,2006
Polish Open Warsaw 2006,2006-11-15,TODOROVIC Biljana,SZCZERKOWSKA Magdalena,SLO,POL,4,0,"11,11,11,11|4,4,9,7",QR2,GRAND_SLAM,WS,1814,Qualification,TODOROVIC Biljana (SLO),SZCZERKOWSKA Magdalena (POL),,,4 - 0,11:4 11:4 11:9 11:7,TODOROVIC Biljana,2006
Polish Open Warsaw 2006,2006-11-15,FEHER Gabriela,TODOROVIC Biljana,SRB,SLO,4,3,"11,9,11,6,11,6,11|9,11,4,11,5,11,9",3,GRAND_SLAM,WS,1814,Qualification,FEHER Gabriela (SRB),TODOROVIC Biljana (SLO),,,3 - 4,9:11 11:9 4:11 11:6 5:11 11:6 9:11,FEHER Gabriela,2006
Polish Open Warsaw 2006,2006-11-15,DAS Mouma,GIERYN Katarzyna,IND,POL,4,0,"11,11,11,11|7,3,5,4",,GRAND_SLAM,WS,1814,Qualification,DAS Mouma (IND),GIERYN Katarzyna (POL),,,4 - 0,11:7 11:3 11:5 11:4,DAS Mouma,2006
Polish Open Warsaw 2006,2006-11-15,YAMANASHI Yuri,GIERYN Katarzyna,JPN,POL,4,0,"11,11,11,11|7,4,1,2",QR2,GRAND_SLAM,WS,1814,Qualification,YAMANASHI Yuri (JPN),GIERYN Katarzyna (POL),,,4 - 0,11:7 11:4 11:1 11:2,YAMANASHI Yuri,2006
Polish Open Warsaw 2006,2006-11-15,YAMANASHI Yuri,DAS Mouma,JPN,IND,4,2,"11,9,13,11,7,11|6,11,11,9,11,2",3,GRAND_SLAM,WS,1814,Qualification,YAMANASHI Yuri (JPN),DAS Mouma (IND),,,4 - 2,11:6 9:11 13:11 11:9 7:11 11:2,YAMANASHI Yuri,2006
Polish Open Warsaw 2006,2006-11-15,NARKIEWICZ Paulina Joanna,WAGGERMAYER Elena,POL,AUT,4,0,"11,11,11,11|5,7,7,8",,GRAND_SLAM,WS,1814,Qualification,NARKIEWICZ Paulina Joanna (POL),WAGGERMAYER Elena (AUT),,,0 - 4,5:11 7:11 7:11 8:11,NARKIEWICZ Paulina Joanna,2006
Polish Open Warsaw 2006,2006-11-15,NARKIEWICZ Paulina Joanna,PAUKOVIC Sanja,POL,CRO,4,2,"8,11,11,10,11,11|11,8,4,12,7,8",QR2,GRAND_SLAM,WS,1814,Qualification,NARKIEWICZ Paulina Joanna (POL),PAUKOVIC Sanja (CRO),,,2 - 4,11:8 8:11 4:11 12:10 7:11 8:11,NARKIEWICZ Paulina Joanna,2006
Polish Open Warsaw 2006,2006-11-15,PAUKOVIC Sanja,WAGGERMAYER Elena,CRO,AUT,4,0,"11,11,11,14|8,3,8,12",3,GRAND_SLAM,WS,1814,Qualification,PAUKOVIC Sanja (CRO),WAGGERMAYER Elena (AUT),,,4 - 0,11:8 11:3 11:8 14:12,PAUKOVIC Sanja,2006
Polish Open Warsaw 2006,2006-11-15,UDO Hiroe,HANFFOU Sarah,JPN,CMR,4,1,"6,11,11,11,12|11,7,7,6,10",3,GRAND_SLAM,WS,1814,Qualification,UDO Hiroe (JPN),HANFFOU Sarah (CMR),,,4 - 1,6:11 11:7 11:7 11:6 12:10,UDO Hiroe,2006
Polish Open Warsaw 2006,2006-11-15,ZHOU Xiao,ISHIKAWA Kasumi,POL,JPN,4,0,"11,11,11,11|4,6,6,5",,GRAND_SLAM,WS,1814,Qualification,ZHOU Xiao (POL),ISHIKAWA Kasumi (JPN),,,0 - 4,4:11 6:11 6:11 5:11,ZHOU Xiao,2006
Polish Open Warsaw 2006,2006-11-15,GHATAK Poulomi,KIM Sujin,IND,KOR,4,1,"10,11,11,11,11|12,5,5,5,4",QR2,GRAND_SLAM,WS,1814,Qualification,GHATAK Poulomi (IND),KIM Sujin (KOR),,,4 - 1,10:12 11:5 11:5 11:5 11:4,GHATAK Poulomi,2006
Polish Open Warsaw 2006,2006-11-15,KIM Sujin,ISHIKAWA Kasumi,KOR,JPN,4,0,"11,11,11,11|7,4,7,9",3,GRAND_SLAM,WS,1814,Qualification,KIM Sujin (KOR),ISHIKAWA Kasumi (JPN),,,0 - 4,7:11 4:11 7:11 9:11,KIM Sujin,2006
Polish Open Warsaw 2006,2006-11-15,ZHOU Xiao,GHATAK Poulomi,POL,IND,4,0,"11,11,11,12|5,6,6,10",QR4,GRAND_SLAM,WS,1814,Qualification,ZHOU Xiao (POL),GHATAK Poulomi (IND),,,0 - 4,5:11 6:11 6:11 10:12,ZHOU Xiao,2006
Polish Open Warsaw 2006,2006-11-15,ISHIKAWA Kasumi,GHATAK Poulomi,JPN,IND,4,0,"11,11,11,11|8,8,9,8",5,GRAND_SLAM,WS,1814,Qualification,ISHIKAWA Kasumi (JPN),GHATAK Poulomi (IND),,,4 - 0,11:8 11:8 11:9 11:8,ISHIKAWA Kasumi,2006
Polish Open Warsaw 2006,2006-11-15,ZHOU Xiao,KIM Sujin,POL,KOR,4,0,"11,11,11,11|4,8,8,9",6,GRAND_SLAM,WS,1814,Qualification,ZHOU Xiao (POL),KIM Sujin (KOR),,,0 - 4,4:11 8:11 8:11 9:11,ZHOU Xiao,2006
Polish Open Warsaw 2006,2006-11-15,PARTYKA Natalia,TAPAI Eva,POL,SRB,4,0,"11,11,11,11|3,9,7,2",,GRAND_SLAM,WS,1814,Qualification,PARTYKA Natalia (POL),TAPAI Eva (SRB),,,4 - 0,11:3 11:9 11:7 11:2,PARTYKA Natalia,2006
Polish Open Warsaw 2006,2006-11-15,KMOTORKOVA Lenka,LIM Sora,SVK,KOR,4,1,"11,5,12,11,11|7,11,10,5,8",QR2,GRAND_SLAM,WS,1814,Qualification,KMOTORKOVA Lenka (SVK),LIM Sora (KOR),,,4 - 1,11:7 5:11 12:10 11:5 11:8,KMOTORKOVA Lenka,2006
Polish Open Warsaw 2006,2006-11-15,PARTYKA Natalia,LIM Sora,POL,KOR,4,1,"11,11,11,11,11|13,9,9,9,7",3,GRAND_SLAM,WS,1814,Qualification,PARTYKA Natalia (POL),LIM Sora (KOR),,,4 - 1,11:13 11:9 11:9 11:9 11:7,PARTYKA Natalia,2006
Polish Open Warsaw 2006,2006-11-15,KMOTORKOVA Lenka,TAPAI Eva,SVK,SRB,4,0,"12,12,11,11|10,10,6,5",QR4,GRAND_SLAM,WS,1814,Qualification,KMOTORKOVA Lenka (SVK),TAPAI Eva (SRB),,,4 - 0,12:10 12:10 11:6 11:5,KMOTORKOVA Lenka,2006
Polish Open Warsaw 2006,2006-11-15,PARTYKA Natalia,KMOTORKOVA Lenka,POL,SVK,4,2,"11,1,11,11,8,11|7,11,6,5,11,7",5,GRAND_SLAM,WS,1814,Qualification,PARTYKA Natalia (POL),KMOTORKOVA Lenka (SVK),,,4 - 2,11:7 1:11 11:6 11:5 8:11 11:7,PARTYKA Natalia,2006
Polish Open Warsaw 2006,2006-11-15,LIM Sora,TAPAI Eva,KOR,SRB,4,3,"11,12,7,7,11,11,12|9,14,11,11,7,7,10",6,GRAND_SLAM,WS,1814,Qualification,LIM Sora (KOR),TAPAI Eva (SRB),,,4 - 3,11:9 12:14 7:11 7:11 11:7 11:7 12:10,LIM Sora,2006
Polish Open Warsaw 2006,2006-11-15,VARADY Barbora,KASTRAMINA Tatsiana (1987),SVK,BLR,3,1,"9,11,11,11|11,5,5,7",,GRAND_SLAM,U21WS,1814,Qualification,VARADY Barbora (SVK),KASTRAMINA Tatsiana (1987) (BLR),,,1 - 3,11:9 5:11 5:11 7:11,VARADY Barbora,2006
Polish Open Warsaw 2006,2006-11-15,YAMANASHI Yuri,VARADY Barbora,JPN,SVK,3,0,"11,11,11|7,9,2",QR2,GRAND_SLAM,U21WS,1814,Qualification,YAMANASHI Yuri (JPN),VARADY Barbora (SVK),,,3 - 0,11:7 11:9 11:2,YAMANASHI Yuri,2006
Polish Open Warsaw 2006,2006-11-15,YAMANASHI Yuri,KASTRAMINA Tatsiana (1987),JPN,BLR,3,0,"11,11,11|5,8,6",3,GRAND_SLAM,U21WS,1814,Qualification,YAMANASHI Yuri (JPN),KASTRAMINA Tatsiana (1987) (BLR),,,3 - 0,11:5 11:8 11:6,YAMANASHI Yuri,2006
Polish Open Warsaw 2006,2006-11-15,KUZMINA Elena,PAUL Mousumi,RUS,IND,3,0,"11,11,12|7,8,10",,GRAND_SLAM,U21WS,1814,Qualification,KUZMINA Elena (RUS),PAUL Mousumi (IND),,,3 - 0,11:7 11:8 12:10,KUZMINA Elena,2006
Polish Open Warsaw 2006,2006-11-15,PAUKOVIC Sanja,PAUL Mousumi,CRO,IND,3,1,"12,5,11,11|10,11,8,5",QR2,GRAND_SLAM,U21WS,1814,Qualification,PAUKOVIC Sanja (CRO),PAUL Mousumi (IND),,,3 - 1,12:10 5:11 11:8 11:5,PAUKOVIC Sanja,2006
Polish Open Warsaw 2006,2006-11-15,KUZMINA Elena,PAUKOVIC Sanja,RUS,CRO,3,0,"11,11,11|9,9,8",3,GRAND_SLAM,U21WS,1814,Qualification,KUZMINA Elena (RUS),PAUKOVIC Sanja (CRO),,,0 - 3,9:11 9:11 8:11,KUZMINA Elena,2006
Polish Open Warsaw 2006,2006-11-15,ABRAMOVA Natalia,PASTOR Agata,RUS,POL,3,1,"11,3,11,11|6,11,9,9",,GRAND_SLAM,U21WS,1814,Qualification,ABRAMOVA Natalia (RUS),PASTOR Agata (POL),,,1 - 3,6:11 11:3 9:11 9:11,ABRAMOVA Natalia,2006
Polish Open Warsaw 2006,2006-11-15,UDO Hiroe,ABRAMOVA Natalia,JPN,RUS,3,0,"11,11,12|8,9,10",QR2,GRAND_SLAM,U21WS,1814,Qualification,UDO Hiroe (JPN),ABRAMOVA Natalia (RUS),,,3 - 0,11:8 11:9 12:10,UDO Hiroe,2006
Polish Open Warsaw 2006,2006-11-15,PASTOR Agata,UDO Hiroe,POL,JPN,3,1,"11,8,11,11|4,11,6,7",3,GRAND_SLAM,U21WS,1814,Qualification,PASTOR Agata (POL),UDO Hiroe (JPN),,,1 - 3,4:11 11:8 6:11 7:11,PASTOR Agata,2006
Polish Open Warsaw 2006,2006-11-15,WALNA Weronika,AGGARWAL Neha,POL,IND,3,0,"11,11,11|6,7,8",,GRAND_SLAM,U21WS,1814,Qualification,WALNA Weronika (POL),AGGARWAL Neha (IND),,,3 - 0,11:6 11:7 11:8,WALNA Weronika,2006
Polish Open Warsaw 2006,2006-11-15,ISHIKAWA Kasumi,AGGARWAL Neha,JPN,IND,3,2,"8,8,12,11,11|11,11,10,1,8",QR2,GRAND_SLAM,U21WS,1814,Qualification,ISHIKAWA Kasumi (JPN),AGGARWAL Neha (IND),,,3 - 2,8:11 8:11 12:10 11:1 11:8,ISHIKAWA Kasumi,2006
Polish Open Warsaw 2006,2006-11-15,ISHIKAWA Kasumi,WALNA Weronika,JPN,POL,3,0,"11,11,11|8,8,5",3,GRAND_SLAM,U21WS,1814,Qualification,ISHIKAWA Kasumi (JPN),WALNA Weronika (POL),,,3 - 0,11:8 11:8 11:5,ISHIKAWA Kasumi,2006
Polish Open Warsaw 2006,2006-11-15,HUDECOVA Sona,FARLADANSKA Ganna,SVK,UKR,3,1,"11,11,5,12|7,8,11,10",,GRAND_SLAM,U21WS,1814,Qualification,HUDECOVA Sona (SVK),FARLADANSKA Ganna (UKR),,,1 - 3,7:11 8:11 11:5 10:12,HUDECOVA Sona,2006
Polish Open Warsaw 2006,2006-11-15,HUDECOVA Sona,PARTYKA Natalia,SVK,POL,3,2,"4,3,11,11,11|11,11,6,9,6",QR2,GRAND_SLAM,U21WS,1814,Qualification,HUDECOVA Sona (SVK),PARTYKA Natalia (POL),,,2 - 3,11:4 11:3 6:11 9:11 6:11,HUDECOVA Sona,2006
Polish Open Warsaw 2006,2006-11-15,PARTYKA Natalia,FARLADANSKA Ganna,POL,UKR,3,1,"11,11,8,11|9,6,11,7",3,GRAND_SLAM,U21WS,1814,Qualification,PARTYKA Natalia (POL),FARLADANSKA Ganna (UKR),,,3 - 1,11:9 11:6 8:11 11:7,PARTYKA Natalia,2006
Polish Open Warsaw 2006,2006-11-15,BAK Natalia,VAN DEN BERGH Kristel,POL,BEL,3,0,"11,11,11|6,7,4",,GRAND_SLAM,U21WS,1814,Qualification,BAK Natalia (POL),VAN DEN BERGH Kristel (BEL),,,3 - 0,11:6 11:7 11:4,BAK Natalia,2006
Polish Open Warsaw 2006,2006-11-15,KMOTORKOVA Lenka,VAN DEN BERGH Kristel,SVK,BEL,3,0,"11,11,11|3,4,4",QR2,GRAND_SLAM,U21WS,1814,Qualification,KMOTORKOVA Lenka (SVK),VAN DEN BERGH Kristel (BEL),,,3 - 0,11:3 11:4 11:4,KMOTORKOVA Lenka,2006
Polish Open Warsaw 2006,2006-11-15,KMOTORKOVA Lenka,BAK Natalia,SVK,POL,3,1,"11,7,12,11|5,11,10,7",3,GRAND_SLAM,U21WS,1814,Qualification,KMOTORKOVA Lenka (SVK),BAK Natalia (POL),,,3 - 1,11:5 7:11 12:10 11:7,KMOTORKOVA Lenka,2006
Polish Open Warsaw 2006,2006-11-15,SMETEK Marta,EXARCHOU Filareti,POL,GRE,3,2,"7,11,5,11,11|11,5,11,8,5",,GRAND_SLAM,U21WS,1814,Qualification,SMETEK Marta (POL),EXARCHOU Filareti (GRE),,,3 - 2,7:11 11:5 5:11 11:8 11:5,SMETEK Marta,2006
Polish Open Warsaw 2006,2006-11-15,HANFFOU Sarah,EXARCHOU Filareti,CMR,GRE,3,2,"11,11,8,14,11|8,13,11,12,7",QR2,GRAND_SLAM,U21WS,1814,Qualification,HANFFOU Sarah (CMR),EXARCHOU Filareti (GRE),,,3 - 2,11:8 11:13 8:11 14:12 11:7,HANFFOU Sarah,2006
Polish Open Warsaw 2006,2006-11-15,SMETEK Marta,HANFFOU Sarah,POL,CMR,3,1,"4,11,11,11|11,8,8,9",3,GRAND_SLAM,U21WS,1814,Qualification,SMETEK Marta (POL),HANFFOU Sarah (CMR),,,1 - 3,11:4 8:11 8:11 9:11,SMETEK Marta,2006
Polish Open Warsaw 2006,2006-11-15,HAPONOVA Hanna,GRZYBOWSKA-FRANC Katarzyna,UKR,POL,3,0,"11,11,11|5,5,6",,GRAND_SLAM,U21WS,1814,Qualification,HAPONOVA Hanna (UKR),GRZYBOWSKA-FRANC Katarzyna (POL),,,3 - 0,11:5 11:5 11:6,HAPONOVA Hanna,2006
Polish Open Warsaw 2006,2006-11-15,FEHER Gabriela,GRZYBOWSKA-FRANC Katarzyna,SRB,POL,3,2,"10,11,11,7,11|12,9,4,11,6",QR2,GRAND_SLAM,U21WS,1814,Qualification,FEHER Gabriela (SRB),GRZYBOWSKA-FRANC Katarzyna (POL),,,3 - 2,10:12 11:9 11:4 7:11 11:6,FEHER Gabriela,2006
Polish Open Warsaw 2006,2006-11-15,FEHER Gabriela,HAPONOVA Hanna,SRB,UKR,3,1,"11,9,11,11|7,11,8,9",3,GRAND_SLAM,U21WS,1814,Qualification,FEHER Gabriela (SRB),HAPONOVA Hanna (UKR),,,3 - 1,11:7 9:11 11:8 11:9,FEHER Gabriela,2006
Polish Open Warsaw 2006,2006-11-15,VUGRINEC Suncica,PRIVALOVA Alexandra,CRO,BLR,3,2,"11,11,11,5,11|13,9,5,11,8",,GRAND_SLAM,U21WS,1814,Qualification,VUGRINEC Suncica (CRO),PRIVALOVA Alexandra (BLR),,,3 - 2,11:13 11:9 11:5 5:11 11:8,VUGRINEC Suncica,2006
Polish Open Warsaw 2006,2006-11-15,PESOTSKA Margaryta,PRIVALOVA Alexandra,UKR,BLR,3,0,"11,11,11|7,8,7",QR2,GRAND_SLAM,U21WS,1814,Qualification,PESOTSKA Margaryta (UKR),PRIVALOVA Alexandra (BLR),,,3 - 0,11:7 11:8 11:7,PESOTSKA Margaryta,2006
Polish Open Warsaw 2006,2006-11-15,PESOTSKA Margaryta,VUGRINEC Suncica,UKR,CRO,3,0,"11,11,11|4,7,5",3,GRAND_SLAM,U21WS,1814,Qualification,PESOTSKA Margaryta (UKR),VUGRINEC Suncica (CRO),,,3 - 0,11:4 11:7 11:5,PESOTSKA Margaryta,2006
Polish Open Warsaw 2006,2006-11-15,WAKAMIYA Misako,SOLDI Simona,JPN,ITA,3,0,"11,11,11|9,6,8",,GRAND_SLAM,U21WS,1814,Qualification,WAKAMIYA Misako (JPN),SOLDI Simona (ITA),,,3 - 0,11:9 11:6 11:8,WAKAMIYA Misako,2006
Polish Open Warsaw 2006,2006-11-15,PHAI PANG Laurie,SOLDI Simona,FRA,ITA,3,1,"9,11,11,11|11,7,8,9",QR2,GRAND_SLAM,U21WS,1814,Qualification,PHAI PANG Laurie (FRA),SOLDI Simona (ITA),,,3 - 1,9:11 11:7 11:8 11:9,PHAI PANG Laurie,2006
Polish Open Warsaw 2006,2006-11-15,PHAI PANG Laurie,WAKAMIYA Misako,FRA,JPN,3,1,"11,7,13,11|5,11,11,5",3,GRAND_SLAM,U21WS,1814,Qualification,PHAI PANG Laurie (FRA),WAKAMIYA Misako (JPN),,,3 - 1,11:5 7:11 13:11 11:5,PHAI PANG Laurie,2006
Polish Open Warsaw 2006,2006-11-15,SHAVYRINA Marina,CAVALLI Giulia,RUS,ITA,3,0,"11,11,11|3,5,6",,GRAND_SLAM,U21WS,1814,Qualification,SHAVYRINA Marina (RUS),CAVALLI Giulia (ITA),,,3 - 0,11:3 11:5 11:6,SHAVYRINA Marina,2006
Polish Open Warsaw 2006,2006-11-15,MA Wenting,CAVALLI Giulia,NOR,ITA,3,1,"7,11,11,11|11,4,8,3",QR2,GRAND_SLAM,U21WS,1814,Qualification,MA Wenting (NOR),CAVALLI Giulia (ITA),,,3 - 1,7:11 11:4 11:8 11:3,MA Wenting,2006
Polish Open Warsaw 2006,2006-11-15,MA Wenting,SHAVYRINA Marina,NOR,RUS,3,0,"11,11,11|2,6,6",3,GRAND_SLAM,U21WS,1814,Qualification,MA Wenting (NOR),SHAVYRINA Marina (RUS),,,3 - 0,11:2 11:6 11:6,MA Wenting,2006
Polish Open Warsaw 2006,2006-11-15,LIU Yuan,GOLOTA Marta,AUT,POL,3,0,"11,11,11|6,4,7",,GRAND_SLAM,U21WS,1814,Qualification,LIU Yuan (AUT),GOLOTA Marta (POL),,,0 - 3,6:11 4:11 7:11,LIU Yuan,2006
Polish Open Warsaw 2006,2006-11-15,LIU Yuan,CREEMERS Linda,AUT,NED,3,0,"11,11,11|9,9,8",QR2,GRAND_SLAM,U21WS,1814,Qualification,LIU Yuan (AUT),CREEMERS Linda (NED),,,0 - 3,9:11 9:11 8:11,LIU Yuan,2006
Polish Open Warsaw 2006,2006-11-15,CREEMERS Linda,GOLOTA Marta,NED,POL,3,1,"10,11,11,11|12,8,6,5",3,GRAND_SLAM,U21WS,1814,Qualification,CREEMERS Linda (NED),GOLOTA Marta (POL),,,3 - 1,10:12 11:8 11:6 11:5,CREEMERS Linda,2006
Polish Open Warsaw 2006,2006-11-15,ZHOU Xiao,MARKOVA Ekaterina,POL,RUS,3,0,"11,11,11|8,8,7",,GRAND_SLAM,U21WS,1814,Qualification,ZHOU Xiao (POL),MARKOVA Ekaterina (RUS),,,0 - 3,8:11 8:11 7:11,ZHOU Xiao,2006
Polish Open Warsaw 2006,2006-11-15,ZHOU Xiao,PENKAVOVA Katerina,POL,CZE,3,0,"11,11,11|5,7,4",QR2,GRAND_SLAM,U21WS,1814,Qualification,ZHOU Xiao (POL),PENKAVOVA Katerina (CZE),,,0 - 3,5:11 7:11 4:11,ZHOU Xiao,2006
Polish Open Warsaw 2006,2006-11-15,PENKAVOVA Katerina,MARKOVA Ekaterina,CZE,RUS,3,2,"13,6,7,11,11|11,11,11,3,4",3,GRAND_SLAM,U21WS,1814,Qualification,PENKAVOVA Katerina (CZE),MARKOVA Ekaterina (RUS),,,3 - 2,13:11 6:11 7:11 11:3 11:4,PENKAVOVA Katerina,2006
Polish Open Warsaw 2006,2006-11-15,HARABASZOVA Lenka,SZCZERKOWSKA Magdalena,CZE,POL,3,0,"11,11,11|5,3,5",,GRAND_SLAM,U21WS,1814,Qualification,HARABASZOVA Lenka (CZE),SZCZERKOWSKA Magdalena (POL),,,3 - 0,11:5 11:3 11:5,HARABASZOVA Lenka,2006
Polish Open Warsaw 2006,2006-11-15,NONAKA Yuki,LEMESHEVSKAYA Valeriya,JPN,RUS,3,0,"11,11,11|7,4,4",QR2,GRAND_SLAM,U21WS,1814,Qualification,NONAKA Yuki (JPN),LEMESHEVSKAYA Valeriya (RUS),,,0 - 3,7:11 4:11 4:11,NONAKA Yuki,2006
Polish Open Warsaw 2006,2006-11-15,NONAKA Yuki,HARABASZOVA Lenka,JPN,CZE,3,0,"11,17,11|5,15,6",3,GRAND_SLAM,U21WS,1814,Qualification,NONAKA Yuki (JPN),HARABASZOVA Lenka (CZE),,,0 - 3,5:11 15:17 6:11,NONAKA Yuki,2006
Polish Open Warsaw 2006,2006-11-15,SZCZERKOWSKA Magdalena,LEMESHEVSKAYA Valeriya,POL,RUS,3,1,"18,11,9,11|16,7,11,7",QR4,GRAND_SLAM,U21WS,1814,Qualification,SZCZERKOWSKA Magdalena (POL),LEMESHEVSKAYA Valeriya (RUS),,,1 - 3,16:18 7:11 11:9 7:11,SZCZERKOWSKA Magdalena,2006
Polish Open Warsaw 2006,2006-11-15,LEMESHEVSKAYA Valeriya,HARABASZOVA Lenka,RUS,CZE,3,2,"11,2,11,2,11|6,11,9,11,7",5,GRAND_SLAM,U21WS,1814,Qualification,LEMESHEVSKAYA Valeriya (RUS),HARABASZOVA Lenka (CZE),,,2 - 3,6:11 11:2 9:11 11:2 7:11,LEMESHEVSKAYA Valeriya,2006
Polish Open Warsaw 2006,2006-11-15,NONAKA Yuki,SZCZERKOWSKA Magdalena,JPN,POL,3,0,"11,11,11|5,6,4",6,GRAND_SLAM,U21WS,1814,Qualification,NONAKA Yuki (JPN),SZCZERKOWSKA Magdalena (POL),,,3 - 0,11:5 11:6 11:4,NONAKA Yuki,2006
Polish Open Warsaw 2006,2006-11-15,SKOV Mie,SHIGEMOTO Sachie,DEN,JPN,3,2,"3,11,7,11,11|11,8,11,9,6",QR2,GRAND_SLAM,U21WS,1814,Qualification,SKOV Mie (DEN),SHIGEMOTO Sachie (JPN),,,3 - 2,3:11 11:8 7:11 11:9 11:6,SKOV Mie,2006
Polish Open Warsaw 2006,2006-11-15,JANTA-LIPINSKA Anna,SHIGEMOTO Sachie,POL,JPN,3,1,"11,11,9,11|6,8,11,9",3,GRAND_SLAM,U21WS,1814,Qualification,JANTA-LIPINSKA Anna (POL),SHIGEMOTO Sachie (JPN),,,3 - 1,11:6 11:8 9:11 11:9,JANTA-LIPINSKA Anna,2006
Polish Open Warsaw 2006,2006-11-15,JANTA-LIPINSKA Anna,SKOV Mie,POL,DEN,3,0,"11,11,11|7,6,1",5,GRAND_SLAM,U21WS,1814,Qualification,JANTA-LIPINSKA Anna (POL),SKOV Mie (DEN),,,3 - 0,11:7 11:6 11:1,JANTA-LIPINSKA Anna,2006
Polish Open Warsaw 2006,2006-11-15,TAPAI Eva,MISIKONYTE Lina,SRB,LTU,3,1,"12,13,4,11|10,11,11,3",,GRAND_SLAM,U21WS,1814,Qualification,TAPAI Eva (SRB),MISIKONYTE Lina (LTU),,,1 - 3,10:12 11:13 11:4 3:11,TAPAI Eva,2006
Polish Open Warsaw 2006,2006-11-15,LI Qian,NOUWEN Carla,POL,NED,3,0,"11,11,11|5,5,5",QR2,GRAND_SLAM,U21WS,1814,Qualification,LI Qian (POL),NOUWEN Carla (NED),,,0 - 3,5:11 5:11 5:11,LI Qian,2006
Polish Open Warsaw 2006,2006-11-15,LI Qian,MISIKONYTE Lina,POL,LTU,3,0,"11,11,11|8,4,2",3,GRAND_SLAM,U21WS,1814,Qualification,LI Qian (POL),MISIKONYTE Lina (LTU),,,0 - 3,8:11 4:11 2:11,LI Qian,2006
Polish Open Warsaw 2006,2006-11-15,NOUWEN Carla,TAPAI Eva,NED,SRB,3,1,"11,9,11,11|8,11,8,6",QR4,GRAND_SLAM,U21WS,1814,Qualification,NOUWEN Carla (NED),TAPAI Eva (SRB),,,3 - 1,11:8 9:11 11:8 11:6,NOUWEN Carla,2006
Polish Open Warsaw 2006,2006-11-15,NOUWEN Carla,MISIKONYTE Lina,NED,LTU,3,1,"11,6,11,11|9,11,8,5",5,GRAND_SLAM,U21WS,1814,Qualification,NOUWEN Carla (NED),MISIKONYTE Lina (LTU),,,1 - 3,9:11 11:6 8:11 5:11,NOUWEN Carla,2006
Polish Open Warsaw 2006,2006-11-15,LI Qian,TAPAI Eva,POL,SRB,3,0,"11,11,11|4,4,5",6,GRAND_SLAM,U21WS,1814,Qualification,LI Qian (POL),TAPAI Eva (SRB),,,3 - 0,11:4 11:4 11:5,LI Qian,2006
Polish Open Warsaw 2006,2006-11-15,LEGOUT Christophe/SCHLAGER Werner,AXELQVIST Johan/SVENSSON Robert,FRA,SWE,4,2,"11,8,11,7,11,11|7,11,9,11,5,5",R16,GRAND_SLAM,MD,1814,Main Draw,LEGOUT Christophe (FRA) / SCHLAGER Werner (AUT),AXELQVIST Johan (SWE) / SVENSSON Robert (SWE),SCHLAGER Werner (AUT),SVENSSON Robert (SWE),4 - 2,11:7 8:11 11:9 7:11 11:5 11:5,LEGOUT Christophe,2006
Polish Open Warsaw 2006,2006-11-15,CHEN Weixing/GARDOS Robert,LEGOUT Christophe/SCHLAGER Werner,AUT,FRA,4,1,"7,11,11,11,11|11,8,5,7,9",SemiFinal,GRAND_SLAM,MD,1814,Main Draw,CHEN Weixing (AUT) / GARDOS Robert (AUT),LEGOUT Christophe (FRA) / SCHLAGER Werner (AUT),GARDOS Robert (AUT),SCHLAGER Werner (AUT),1 - 4,11:7 8:11 5:11 7:11 9:11,CHEN Weixing,2006
Polish Open Warsaw 2006,2006-11-15,CRISAN Adrian/FILIMON Andrei,MAECK Anthony/VOSTES Yannick,ROU,BEL,4,1,"13,11,6,11,11|11,7,11,4,6",R16,GRAND_SLAM,MD,1814,Main Draw,CRISAN Adrian (ROU) / FILIMON Andrei (ROU),MAECK Anthony (BEL) / VOSTES Yannick (BEL),FILIMON Andrei (ROU),VOSTES Yannick (BEL),1 - 4,11:13 7:11 11:6 4:11 6:11,CRISAN Adrian,2006
Polish Open Warsaw 2006,2006-11-15,OVTCHAROV Dimitrij/WOSIK Torben,VAN SCHIL Tom/VITTA Kilomo,GER,BEL,3,0,"11,11,11|3,2,9",QR64,GRAND_SLAM,MD,1814,Qualification,OVTCHAROV Dimitrij (GER) / WOSIK Torben (GER),VAN SCHIL Tom (BEL) / VITTA Kilomo (BEL),WOSIK Torben (GER),VITTA Kilomo (BEL),0 - 3,3:11 2:11 9:11,OVTCHAROV Dimitrij,2006
Polish Open Warsaw 2006,2006-11-15,KEINATH Thomas/SEREDA Peter,BALTRUSHKA Dzmitry/PLATONOV Pavel,SVK,BLR,3,1,"11,11,8,12|7,6,11,10",QR64,GRAND_SLAM,MD,1814,Qualification,KEINATH Thomas (SVK) / SEREDA Peter (SVK),BALTRUSHKA Dzmitry (BLR) / PLATONOV Pavel (BLR),SEREDA Peter (SVK),PLATONOV Pavel (BLR),1 - 3,7:11 6:11 11:8 10:12,KEINATH Thomas,2006
Polish Open Warsaw 2006,2006-11-15,KUCHUK Aleksandr/NEKHVEDOVICH Vitaly,BAUBET Vincent/LEBESSON Emmanuel,BLR,FRA,3,1,"11,4,15,12|9,11,13,10",QR64,GRAND_SLAM,MD,1814,Qualification,KUCHUK Aleksandr (BLR) / NEKHVEDOVICH Vitaly (BLR),BAUBET Vincent (FRA) / LEBESSON Emmanuel (FRA),NEKHVEDOVICH Vitaly (BLR),LEBESSON Emmanuel (FRA),3 - 1,11:9 4:11 15:13 12:10,KUCHUK Aleksandr,2006
Polish Open Warsaw 2006,2006-11-15,JANCARIK Lubomir/KAUCKY Petr,KUCHUK Aleksandr/NEKHVEDOVICH Vitaly,CZE,BLR,3,0,"11,11,11|5,6,5",QR32,GRAND_SLAM,MD,1814,Qualification,JANCARIK Lubomir (CZE) / KAUCKY Petr (CZE),KUCHUK Aleksandr (BLR) / NEKHVEDOVICH Vitaly (BLR),KAUCKY Petr (CZE),NEKHVEDOVICH Vitaly (BLR),0 - 3,5:11 6:11 5:11,JANCARIK Lubomir,2006
Polish Open Warsaw 2006,2006-11-15,VENTURA DOS ANJOS Bruno/PETER-PAUL Pradeeban,CAZACU Alexandru/FUHRER Andi,BRA,ROU,3,2,"11,8,11,9,11|4,11,9,11,7",QR128,GRAND_SLAM,MD,1814,Qualification,VENTURA DOS ANJOS Bruno (BRA) / PETER-PAUL Pradeeban (CAN),CAZACU Alexandru (ROU) / FUHRER Andi (SUI),PETER-PAUL Pradeeban (CAN),FUHRER Andi (SUI),3 - 2,11:4 8:11 11:9 9:11 11:7,VENTURA DOS ANJOS Bruno,2006
Polish Open Warsaw 2006,2006-11-15,HABESOHN Mathias/SIMONER Christoph,VENTURA DOS ANJOS Bruno/PETER-PAUL Pradeeban,AUT,BRA,3,0,"11,11,11|8,7,9",QR64,GRAND_SLAM,MD,1814,Qualification,HABESOHN Mathias (AUT) / SIMONER Christoph (AUT),VENTURA DOS ANJOS Bruno (BRA) / PETER-PAUL Pradeeban (CAN),SIMONER Christoph (AUT),PETER-PAUL Pradeeban (CAN),0 - 3,8:11 7:11 9:11,HABESOHN Mathias,2006
Polish Open Warsaw 2006,2006-11-15,CHEN Weixing/GARDOS Robert,HE Zhiwen/GUO Jinhao,AUT,ESP,4,1,"11,12,6,11,11|6,10,11,4,7",QuarterFinal,GRAND_SLAM,MD,1814,Main Draw,CHEN Weixing (AUT) / GARDOS Robert (AUT),HE Zhiwen (ESP) / GUO Jinhao (CHN),GARDOS Robert (AUT),GUO Jinhao (CHN),1 - 4,6:11 10:12 11:6 4:11 7:11,CHEN Weixing,2006
Polish Open Warsaw 2006,2006-11-15,HE Zhiwen/GUO Jinhao,HABESOHN Mathias/SIMONER Christoph,ESP,AUT,3,0,"11,11,11|6,6,5",QR32,GRAND_SLAM,MD,1814,Qualification,HE Zhiwen (ESP) / GUO Jinhao (CHN),HABESOHN Mathias (AUT) / SIMONER Christoph (AUT),GUO Jinhao (CHN),SIMONER Christoph (AUT),3 - 0,11:6 11:6 11:5,HE Zhiwen,2006
Polish Open Warsaw 2006,2006-11-15,HE Zhiwen/GUO Jinhao,OVTCHAROV Dimitrij/WOSIK Torben,ESP,GER,3,0,"12,13,11|10,11,9",QR16,GRAND_SLAM,MD,1814,Qualification,HE Zhiwen (ESP) / GUO Jinhao (CHN),OVTCHAROV Dimitrij (GER) / WOSIK Torben (GER),GUO Jinhao (CHN),WOSIK Torben (GER),3 - 0,12:10 13:11 11:9,HE Zhiwen,2006
Polish Open Warsaw 2006,2006-11-15,ACHANTA Sharath/ROY Soumyadeep,CHODORSKI Piotr/KOLAREK Tomislav,IND,POL,3,1,"11,13,11,11|6,15,9,7",QR128,GRAND_SLAM,MD,1814,Qualification,ACHANTA Sharath (IND) / ROY Soumyadeep (IND),CHODORSKI Piotr (POL) / KOLAREK Tomislav (CRO),ROY Soumyadeep (IND),KOLAREK Tomislav (CRO),1 - 3,6:11 15:13 9:11 7:11,ACHANTA Sharath,2006
Polish Open Warsaw 2006,2006-11-15,JAPEC Tomislav/KOVAC Borna,GEORGANTAS Ioannis/MANOUSOFF Stefan,CRO,GRE,3,1,"11,11,9,11|7,7,11,4",QR128,GRAND_SLAM,MD,1814,Qualification,JAPEC Tomislav (CRO) / KOVAC Borna (CRO),GEORGANTAS Ioannis (GRE) / MANOUSOFF Stefan (USA),KOVAC Borna (CRO),MANOUSOFF Stefan (USA),3 - 1,11:7 11:7 9:11 11:4,JAPEC Tomislav,2006
Polish Open Warsaw 2006,2006-11-15,REDJEP Ronald/SURBEK Dragutin,BEZARD Pierre/SALIFOU Abdel-Kader,CRO,FRA,3,0,"12,11,15|10,9,13",QR128,GRAND_SLAM,MD,1814,Qualification,REDJEP Ronald (CRO) / SURBEK Dragutin (CRO),BEZARD Pierre (FRA) / SALIFOU Abdel-Kader (BEN),SURBEK Dragutin (CRO),SALIFOU Abdel-Kader (BEN),3 - 0,12:10 11:9 15:13,REDJEP Ronald,2006
Polish Open Warsaw 2006,2006-11-15,PRIMORAC Zoran/TAN Ruiwu,TANG Yu/XU Wenliang,CRO,POL,3,1,"12,11,8,11|10,8,11,5",QR64,GRAND_SLAM,MD,1814,Qualification,PRIMORAC Zoran (CRO) / TAN Ruiwu (CRO),TANG Yu (POL) / XU Wenliang (POL),TAN Ruiwu (CRO),XU Wenliang (POL),3 - 1,12:10 11:8 8:11 11:5,PRIMORAC Zoran,2006
Polish Open Warsaw 2006,2006-11-15,JAPEC Tomislav/KOVAC Borna,FILIMON Lucian/HENZELL William,CRO,ROU,3,0,"14,11,11|12,5,8",QR64,GRAND_SLAM,MD,1814,Qualification,JAPEC Tomislav (CRO) / KOVAC Borna (CRO),FILIMON Lucian (ROU) / HENZELL William (AUS),KOVAC Borna (CRO),HENZELL William (AUS),3 - 0,14:12 11:5 11:8,JAPEC Tomislav,2006
Polish Open Warsaw 2006,2006-11-15,LEGOUT Christophe/SCHLAGER Werner,JUZBASIC Ivan/JUZBASIC Neven,FRA,CRO,3,0,"11,11,11|6,6,7",QR64,GRAND_SLAM,MD,1814,Qualification,LEGOUT Christophe (FRA) / SCHLAGER Werner (AUT),JUZBASIC Ivan (CRO) / JUZBASIC Neven (CRO),SCHLAGER Werner (AUT),JUZBASIC Neven (CRO),0 - 3,6:11 6:11 7:11,LEGOUT Christophe,2006
Polish Open Warsaw 2006,2006-11-15,PRIMORAC Zoran/TAN Ruiwu,LIN Ju/HOU Yingchao,CRO,DOM,3,2,"6,11,3,11,11|11,6,11,7,6",QR32,GRAND_SLAM,MD,1814,Qualification,PRIMORAC Zoran (CRO) / TAN Ruiwu (CRO),LIN Ju (DOM) / HOU Yingchao (CAN),TAN Ruiwu (CRO),HOU Yingchao (CAN),3 - 2,6:11 11:6 3:11 11:7 11:6,PRIMORAC Zoran,2006
Polish Open Warsaw 2006,2006-11-15,PRIMORAC Zoran/TAN Ruiwu,JANCARIK Lubomir/KAUCKY Petr,CRO,CZE,3,0,"11,11,11|3,7,9",QR16,GRAND_SLAM,MD,1814,Qualification,PRIMORAC Zoran (CRO) / TAN Ruiwu (CRO),JANCARIK Lubomir (CZE) / KAUCKY Petr (CZE),TAN Ruiwu (CRO),KAUCKY Petr (CZE),3 - 0,11:3 11:7 11:9,PRIMORAC Zoran,2006
Polish Open Warsaw 2006,2006-11-15,GAVLAS Antonin/KORBEL Petr,PAIKOV Mikhail/PETRUKHIN Evgeny,CZE,RUS,3,0,"13,12,13|11,10,11",QR128,GRAND_SLAM,MD,1814,Qualification,GAVLAS Antonin (CZE) / KORBEL Petr (CZE),PAIKOV Mikhail (RUS) / PETRUKHIN Evgeny (RUS),KORBEL Petr (CZE),PETRUKHIN Evgeny (RUS),3 - 0,13:11 12:10 13:11,GAVLAS Antonin,2006
Polish Open Warsaw 2006,2006-11-15,KLEPRLIK Jakub/KLEPRLIK Michal,SZARMACH Bartosz/SZARMACH Karol,CZE,POL,3,2,"9,11,8,11,11|11,1,11,8,3",QR128,GRAND_SLAM,MD,1814,Qualification,KLEPRLIK Jakub (CZE) / KLEPRLIK Michal (CZE),SZARMACH Bartosz (POL) / SZARMACH Karol (POL),KLEPRLIK Michal (CZE),SZARMACH Karol (POL),3 - 2,9:11 11:1 8:11 11:8 11:3,KLEPRLIK Jakub,2006
Polish Open Warsaw 2006,2006-11-15,HU Jiashun/MOHLER Nicola,HANAK Martin/MAREK David,SUI,CZE,3,2,"11,12,7,13,12|8,10,11,15,10",QR128,GRAND_SLAM,MD,1814,Qualification,HU Jiashun (SUI) / MOHLER Nicola (SUI),HANAK Martin (CZE) / MAREK David (CZE),MOHLER Nicola (SUI),MAREK David (CZE),2 - 3,8:11 10:12 11:7 15:13 10:12,HU Jiashun,2006
Polish Open Warsaw 2006,2006-11-15,JANCARIK Lubomir/KAUCKY Petr,BERNER Eric/MAKOWSKI Andrezei,CZE,NOR,3,2,"12,11,8,7,12|10,3,11,11,10",QR128,GRAND_SLAM,MD,1814,Qualification,JANCARIK Lubomir (CZE) / KAUCKY Petr (CZE),BERNER Eric (NOR) / MAKOWSKI Andrezei (MLT),KAUCKY Petr (CZE),MAKOWSKI Andrezei (MLT),3 - 2,12:10 11:3 8:11 7:11 12:10,JANCARIK Lubomir,2006
Polish Open Warsaw 2006,2006-11-15,KLASEK Marek/OLEJNIK Martin,KOMOV Alexander/KOZLOV Roman,CZE,RUS,3,1,"11,14,11,11|4,16,3,0",QR128,GRAND_SLAM,MD,1814,Qualification,KLASEK Marek (CZE) / OLEJNIK Martin (CZE),KOMOV Alexander (RUS) / KOZLOV Roman (RUS),OLEJNIK Martin (CZE),KOZLOV Roman (RUS),3 - 1,11:4 14:16 11:3 11:0,KLASEK Marek,2006
Polish Open Warsaw 2006,2006-11-15,OBESLO Michal/TREGLER Tomas,MONDELLO Massimiliano/PIACENTINI Valentino,CZE,ITA,3,2,"11,6,13,11,12|9,11,15,5,10",QR128,GRAND_SLAM,MD,1814,Qualification,OBESLO Michal (CZE) / TREGLER Tomas (CZE),MONDELLO Massimiliano (ITA) / PIACENTINI Valentino (ITA),TREGLER Tomas (CZE),PIACENTINI Valentino (ITA),3 - 2,11:9 6:11 13:15 11:5 12:10,OBESLO Michal,2006
Polish Open Warsaw 2006,2006-11-15,KONECNY Tomas/PAVELKA Tomas,ISHIDA Daisuke/ZHAO Yang,CZE,JPN,3,1,"6,11,11,11|11,9,6,9",QR128,GRAND_SLAM,MD,1814,Qualification,KONECNY Tomas (CZE) / PAVELKA Tomas (CZE),ISHIDA Daisuke (JPN) / ZHAO Yang (FRA),PAVELKA Tomas (CZE),ZHAO Yang (FRA),3 - 1,6:11 11:9 11:6 11:9,KONECNY Tomas,2006
Polish Open Warsaw 2006,2006-11-15,CIHAK Marek/KOSTAL Radek,ANIKIN Denis/SKALENKO Vassily,CZE,RUS,3,0,"11,11,11|6,3,4",QR128,GRAND_SLAM,MD,1814,Qualification,CIHAK Marek (CZE) / KOSTAL Radek (CZE),ANIKIN Denis (RUS) / SKALENKO Vassily (RUS),KOSTAL Radek (CZE),SKALENKO Vassily (RUS),3 - 0,11:6 11:3 11:4,CIHAK Marek,2006
Polish Open Warsaw 2006,2006-11-15,GAVLAS Antonin/KORBEL Petr,HABESOHN Dominik/PICHLER Michael,CZE,AUT,3,0,"11,11,11|9,9,6",QR64,GRAND_SLAM,MD,1814,Qualification,GAVLAS Antonin (CZE) / KORBEL Petr (CZE),HABESOHN Dominik (AUT) / PICHLER Michael (AUT),KORBEL Petr (CZE),PICHLER Michael (AUT),3 - 0,11:9 11:9 11:6,GAVLAS Antonin,2006
Polish Open Warsaw 2006,2006-11-15,PLACHY Josef/VYBORNY Richard,CHMIEL Pawel/CHMIEL Piotr,CZE,POL,3,2,"11,10,13,11,11|4,12,15,4,9",QR64,GRAND_SLAM,MD,1814,Qualification,PLACHY Josef (CZE) / VYBORNY Richard (CZE),CHMIEL Pawel (POL) / CHMIEL Piotr (POL),VYBORNY Richard (CZE),CHMIEL Piotr (POL),3 - 2,11:4 10:12 13:15 11:4 11:9,PLACHY Josef,2006
Polish Open Warsaw 2006,2006-11-15,BUROV Viacheslav/LAKEEV Vasily,KLEPRLIK Jakub/KLEPRLIK Michal,RUS,CZE,3,0,"11,11,11|8,7,9",QR64,GRAND_SLAM,MD,1814,Qualification,BUROV Viacheslav (RUS) / LAKEEV Vasily (RUS),KLEPRLIK Jakub (CZE) / KLEPRLIK Michal (CZE),LAKEEV Vasily (RUS),KLEPRLIK Michal (CZE),0 - 3,8:11 7:11 9:11,BUROV Viacheslav,2006
Polish Open Warsaw 2006,2006-11-15,JANCARIK Lubomir/KAUCKY Petr,KONGSGAARD Christian/PETERSEN Christoffer,CZE,DEN,3,1,"12,11,4,12|10,9,11,10",QR64,GRAND_SLAM,MD,1814,Qualification,JANCARIK Lubomir (CZE) / KAUCKY Petr (CZE),KONGSGAARD Christian (DEN) / PETERSEN Christoffer (DEN),KAUCKY Petr (CZE),PETERSEN Christoffer (DEN),3 - 1,12:10 11:9 4:11 12:10,JANCARIK Lubomir,2006
Polish Open Warsaw 2006,2006-11-15,CRISAN Adrian/FILIMON Andrei,KLASEK Marek/OLEJNIK Martin,ROU,CZE,3,2,"10,7,11,11,14|12,11,5,2,12",QR64,GRAND_SLAM,MD,1814,Qualification,CRISAN Adrian (ROU) / FILIMON Andrei (ROU),KLASEK Marek (CZE) / OLEJNIK Martin (CZE),FILIMON Andrei (ROU),OLEJNIK Martin (CZE),2 - 3,12:10 11:7 5:11 2:11 12:14,CRISAN Adrian,2006
Polish Open Warsaw 2006,2006-11-15,KIM Taehoon/SEO Myoungduck,KONECNY Tomas/PAVELKA Tomas,KOR,CZE,3,2,"13,7,11,8,11|11,11,8,11,8",QR64,GRAND_SLAM,MD,1814,Qualification,KIM Taehoon (KOR) / SEO Myoungduck (KOR),KONECNY Tomas (CZE) / PAVELKA Tomas (CZE),SEO Myoungduck (KOR),PAVELKA Tomas (CZE),2 - 3,11:13 11:7 8:11 11:8 8:11,KIM Taehoon,2006
Polish Open Warsaw 2006,2006-11-15,GACINA Andrej/ZUBCIC Tomislav,PLACEK Frantisek/URBANEK Jan,CRO,CZE,3,2,"9,11,11,4,11|11,6,7,11,3",QR64,GRAND_SLAM,MD,1814,Qualification,GACINA Andrej (CRO) / ZUBCIC Tomislav (CRO),PLACEK Frantisek (CZE) / URBANEK Jan (CZE),ZUBCIC Tomislav (CRO),URBANEK Jan (CZE),2 - 3,11:9 6:11 7:11 11:4 3:11,GACINA Andrej,2006
Polish Open Warsaw 2006,2006-11-15,GAVLAS Antonin/KORBEL Petr,OLLIVIER Brice/PHUNG Armand,CZE,FRA,3,2,"13,10,7,11,11|11,12,11,8,8",QR32,GRAND_SLAM,MD,1814,Qualification,GAVLAS Antonin (CZE) / KORBEL Petr (CZE),OLLIVIER Brice (FRA) / PHUNG Armand (FRA),KORBEL Petr (CZE),PHUNG Armand (FRA),3 - 2,13:11 10:12 7:11 11:8 11:8,GAVLAS Antonin,2006
Polish Open Warsaw 2006,2006-11-15,TAKAKIWA Kenichi/TAKAKIWA Taku,PLACHY Josef/VYBORNY Richard,JPN,CZE,3,2,"11,11,11,7,13|9,4,13,11,11",QR32,GRAND_SLAM,MD,1814,Qualification,TAKAKIWA Kenichi (JPN) / TAKAKIWA Taku (JPN),PLACHY Josef (CZE) / VYBORNY Richard (CZE),TAKAKIWA Taku (JPN),VYBORNY Richard (CZE),2 - 3,9:11 4:11 13:11 11:7 11:13,TAKAKIWA Kenichi,2006
Polish Open Warsaw 2006,2006-11-15,LEGOUT Christophe/SCHLAGER Werner,CIHAK Marek/KOSTAL Radek,FRA,CZE,3,1,"11,9,11,11|9,11,5,9",QR16,GRAND_SLAM,MD,1814,Qualification,LEGOUT Christophe (FRA) / SCHLAGER Werner (AUT),CIHAK Marek (CZE) / KOSTAL Radek (CZE),SCHLAGER Werner (AUT),KOSTAL Radek (CZE),1 - 3,9:11 11:9 5:11 9:11,LEGOUT Christophe,2006
Polish Open Warsaw 2006,2006-11-15,HABESOHN Dominik/PICHLER Michael,RASMUSSEN Claus/RASMUSSEN Morten,AUT,DEN,3,1,"11,11,7,11|8,8,11,7",QR128,GRAND_SLAM,MD,1814,Qualification,HABESOHN Dominik (AUT) / PICHLER Michael (AUT),RASMUSSEN Claus (DEN) / RASMUSSEN Morten (DEN),PICHLER Michael (AUT),RASMUSSEN Morten (DEN),1 - 3,8:11 8:11 11:7 7:11,HABESOHN Dominik,2006
Polish Open Warsaw 2006,2006-11-15,ROBERTSON Adam/RUSHTON Andrew,HUSNIK Petr/ZLAMAL Jaromir,WAL,CZE,3,1,"11,4,11,13|8,11,3,11",QR128,GRAND_SLAM,MD,1814,Qualification,ROBERTSON Adam (WAL) / RUSHTON Andrew (ENG),HUSNIK Petr (CZE) / ZLAMAL Jaromir (CZE),RUSHTON Andrew (ENG),ZLAMAL Jaromir (CZE),3 - 1,11:8 4:11 11:3 13:11,ROBERTSON Adam,2006
Polish Open Warsaw 2006,2006-11-15,JUZBASIC Ivan/JUZBASIC Neven,HOUSTON Scott/KNIGHT Darius,CRO,AUS,3,0,"11,11,11|4,3,5",QR128,GRAND_SLAM,MD,1814,Qualification,JUZBASIC Ivan (CRO) / JUZBASIC Neven (CRO),HOUSTON Scott (AUS) / KNIGHT Darius (ENG),JUZBASIC Neven (CRO),KNIGHT Darius (ENG),0 - 3,4:11 3:11 5:11,JUZBASIC Ivan,2006
Polish Open Warsaw 2006,2006-11-15,TAKAKIWA Kenichi/TAKAKIWA Taku,ADAMIAK Grzegorz/WANG Wei,JPN,ESP,3,1,"10,11,11,11|12,9,5,9",QR128,GRAND_SLAM,MD,1814,Qualification,TAKAKIWA Kenichi (JPN) / TAKAKIWA Taku (JPN),ADAMIAK Grzegorz (ESP) / WANG Wei (USA),TAKAKIWA Taku (JPN),WANG Wei (USA),1 - 3,12:10 9:11 5:11 9:11,TAKAKIWA Kenichi,2006
Polish Open Warsaw 2006,2006-11-15,LEWANDOWSKI Tomasz/PEREK Jakub,DURAN Marc/SANCHEZ Victor,POL,ESP,3,1,"5,11,11,11|11,6,6,7",QR64,GRAND_SLAM,MD,1814,Qualification,LEWANDOWSKI Tomasz (POL) / PEREK Jakub (POL),DURAN Marc (ESP) / SANCHEZ Victor (ESP),PEREK Jakub (POL),SANCHEZ Victor (ESP),1 - 3,11:5 6:11 6:11 7:11,LEWANDOWSKI Tomasz,2006
Polish Open Warsaw 2006,2006-11-15,HE Zhiwen/GUO Jinhao,BERTIN Christophe/BOBILLIER Loic,ESP,FRA,4,0,"11,11,11,11|9,7,9,2",R16,GRAND_SLAM,MD,1814,Main Draw,HE Zhiwen (ESP) / GUO Jinhao (CHN),BERTIN Christophe (FRA) / BOBILLIER Loic (FRA),GUO Jinhao (CHN),BOBILLIER Loic (FRA),0 - 4,9:11 7:11 9:11 2:11,HE Zhiwen,2006
Polish Open Warsaw 2006,2006-11-15,PLACEK Frantisek/URBANEK Jan,LO Dany/MATTENET Adrien,CZE,FRA,3,2,"9,12,8,11,11|11,10,11,8,1",QR128,GRAND_SLAM,MD,1814,Qualification,PLACEK Frantisek (CZE) / URBANEK Jan (CZE),LO Dany (FRA) / MATTENET Adrien (FRA),URBANEK Jan (CZE),MATTENET Adrien (FRA),2 - 3,11:9 10:12 11:8 8:11 1:11,PLACEK Frantisek,2006
Polish Open Warsaw 2006,2006-11-15,DESPRES Rodolphe/JOVER Sebastien,BARDON Michal/PALCEK Martin,FRA,SVK,3,0,"11,15,11|6,13,6",QR64,GRAND_SLAM,MD,1814,Qualification,DESPRES Rodolphe (FRA) / JOVER Sebastien (FRA),BARDON Michal (SVK) / PALCEK Martin (SVK),JOVER Sebastien (FRA),PALCEK Martin (SVK),3 - 0,11:6 15:13 11:6,DESPRES Rodolphe,2006
Polish Open Warsaw 2006,2006-11-15,BOLL Timo/SUSS Christian,PRIMORAC Zoran/TAN Ruiwu,GER,CRO,4,1,"12,6,11,11,11|10,11,9,9,7",R16,GRAND_SLAM,MD,1814,Main Draw,BOLL Timo (GER) / SUSS Christian (GER),PRIMORAC Zoran (CRO) / TAN Ruiwu (CRO),SUSS Christian (GER),TAN Ruiwu (CRO),4 - 1,12:10 6:11 11:9 11:9 11:7,BOLL Timo,2006
Polish Open Warsaw 2006,2006-11-15,KISHIKAWA Seiya/MIZUTANI Jun,BOLL Timo/SUSS Christian,JPN,GER,4,2,"11,9,5,11,11,11|7,11,11,9,8,6",QuarterFinal,GRAND_SLAM,MD,1814,Main Draw,KISHIKAWA Seiya (JPN) / MIZUTANI Jun (JPN),BOLL Timo (GER) / SUSS Christian (GER),MIZUTANI Jun (JPN),SUSS Christian (GER),2 - 4,7:11 11:9 11:5 9:11 8:11 6:11,KISHIKAWA Seiya,2006
Polish Open Warsaw 2006,2006-11-15,CABESTANY Cedrik/CLOSSET Marc,ANTHONY Amalraj/GIDLA Jitendra Kumar,FRA,IND,3,1,"11,8,11,11|8,11,5,5",QR128,GRAND_SLAM,MD,1814,Qualification,CABESTANY Cedrik (FRA) / CLOSSET Marc (BEL),ANTHONY Amalraj (IND) / GIDLA Jitendra Kumar (IND),CLOSSET Marc (BEL),GIDLA Jitendra Kumar (IND),1 - 3,8:11 11:8 5:11 5:11,CABESTANY Cedrik,2006
Polish Open Warsaw 2006,2006-11-15,OLLIVIER Brice/PHUNG Armand,BOBOCICA Mihai/CROTTI Mattia,FRA,ITA,3,0,"11,11,11|9,6,8",QR128,GRAND_SLAM,MD,1814,Qualification,OLLIVIER Brice (FRA) / PHUNG Armand (FRA),BOBOCICA Mihai (ITA) / CROTTI Mattia (ITA),PHUNG Armand (FRA),CROTTI Mattia (ITA),0 - 3,9:11 6:11 8:11,OLLIVIER Brice,2006
Polish Open Warsaw 2006,2006-11-15,BLASZCZYK Lucjan/WANG Zengyi,KISHIKAWA Seiya/MIZUTANI Jun,POL,JPN,4,1,"6,11,11,13,11|11,5,9,11,6",SemiFinal,GRAND_SLAM,MD,1814,Main Draw,BLASZCZYK Lucjan (POL) / WANG Zengyi (POL),KISHIKAWA Seiya (JPN) / MIZUTANI Jun (JPN),WANG Zengyi (POL),MIZUTANI Jun (JPN),1 - 4,11:6 5:11 9:11 11:13 6:11,BLASZCZYK Lucjan,2006
Polish Open Warsaw 2006,2006-11-15,ERLANDSEN Geir/MOLDOVAN Istvan,OYA Hidetoshi/YOKOYAMA Yuichi,NOR,JPN,3,1,"11,6,11,14|8,11,7,12",QR128,GRAND_SLAM,MD,1814,Qualification,ERLANDSEN Geir (NOR) / MOLDOVAN Istvan (NOR),OYA Hidetoshi (JPN) / YOKOYAMA Yuichi (JPN),MOLDOVAN Istvan (NOR),YOKOYAMA Yuichi (JPN),1 - 3,8:11 11:6 7:11 12:14,ERLANDSEN Geir,2006
Polish Open Warsaw 2006,2006-11-15,MATSUDAIRA Kenta/SAKAMOTO Ryusuke,BAUM Patrick/SCHLICHTER Jorg,JPN,GER,3,2,"7,11,4,11,15|11,6,11,5,13",QR64,GRAND_SLAM,MD,1814,Qualification,MATSUDAIRA Kenta (JPN) / SAKAMOTO Ryusuke (JPN),BAUM Patrick (GER) / SCHLICHTER Jorg (GER),SAKAMOTO Ryusuke (JPN),SCHLICHTER Jorg (GER),3 - 2,7:11 11:6 4:11 11:5 15:13,MATSUDAIRA Kenta,2006
Polish Open Warsaw 2006,2006-11-15,CIHAK Marek/KOSTAL Radek,MATSUDAIRA Kenta/SAKAMOTO Ryusuke,CZE,JPN,3,1,"10,11,15,11|12,9,13,6",QR32,GRAND_SLAM,MD,1814,Qualification,CIHAK Marek (CZE) / KOSTAL Radek (CZE),MATSUDAIRA Kenta (JPN) / SAKAMOTO Ryusuke (JPN),KOSTAL Radek (CZE),SAKAMOTO Ryusuke (JPN),1 - 3,12:10 9:11 13:15 6:11,CIHAK Marek,2006
Polish Open Warsaw 2006,2006-11-15,KEINATH Thomas/SEREDA Peter,TAKAKIWA Kenichi/TAKAKIWA Taku,SVK,JPN,3,2,"11,9,10,11,11|9,11,12,8,3",QR16,GRAND_SLAM,MD,1814,Qualification,KEINATH Thomas (SVK) / SEREDA Peter (SVK),TAKAKIWA Kenichi (JPN) / TAKAKIWA Taku (JPN),SEREDA Peter (SVK),TAKAKIWA Taku (JPN),2 - 3,9:11 11:9 12:10 8:11 3:11,KEINATH Thomas,2006
Polish Open Warsaw 2006,2006-11-15,BLASZCZYK Lucjan/WANG Zengyi,CHEN Weixing/GARDOS Robert,POL,AUT,4,2,"11,8,11,10,11,12|4,11,8,12,8,10",Final,GRAND_SLAM,MD,1814,Main Draw,BLASZCZYK Lucjan (POL) / WANG Zengyi (POL),CHEN Weixing (AUT) / GARDOS Robert (AUT),WANG Zengyi (POL),GARDOS Robert (AUT),4 - 2,11:4 8:11 11:8 10:12 11:8 12:10,BLASZCZYK Lucjan,2006
Polish Open Warsaw 2006,2006-11-15,CHMIEL Pawel/CHMIEL Piotr,CSABA Bence/ZHANG Wilson,POL,CAN,3,0,"11,11,13|7,8,11",QR128,GRAND_SLAM,MD,1814,Qualification,CHMIEL Pawel (POL) / CHMIEL Piotr (POL),CSABA Bence (CAN) / ZHANG Wilson (CAN),CHMIEL Piotr (POL),ZHANG Wilson (CAN),3 - 0,11:7 11:8 13:11,CHMIEL Pawel,2006
Polish Open Warsaw 2006,2006-11-15,TANG Yu/XU Wenliang,DIDUKH Viktor/PRYSHCHEPA Ievgen,POL,UKR,3,1,"11,11,8,11|2,3,11,7",QR128,GRAND_SLAM,MD,1814,Qualification,TANG Yu (POL) / XU Wenliang (POL),DIDUKH Viktor (UKR) / PRYSHCHEPA Ievgen (UKR),XU Wenliang (POL),PRYSHCHEPA Ievgen (UKR),3 - 1,11:2 11:3 8:11 11:7,TANG Yu,2006
Polish Open Warsaw 2006,2006-11-15,HE Zhiwen/GUO Jinhao,CHOJNOWSKI Patryk/FERTIKOWSKI Pawel,ESP,POL,3,0,"11,11,11|9,7,5",QR128,GRAND_SLAM,MD,1814,Qualification,HE Zhiwen (ESP) / GUO Jinhao (CHN),CHOJNOWSKI Patryk (POL) / FERTIKOWSKI Pawel (POL),GUO Jinhao (CHN),FERTIKOWSKI Pawel (POL),0 - 3,9:11 7:11 5:11,HE Zhiwen,2006
Polish Open Warsaw 2006,2006-11-15,HABESOHN Mathias/SIMONER Christoph,BAK Daniel/MALICKI Szymon,AUT,POL,3,0,"12,11,12|10,6,10",QR128,GRAND_SLAM,MD,1814,Qualification,HABESOHN Mathias (AUT) / SIMONER Christoph (AUT),BAK Daniel (POL) / MALICKI Szymon (POL),SIMONER Christoph (AUT),MALICKI Szymon (POL),0 - 3,10:12 6:11 10:12,HABESOHN Mathias,2006
Polish Open Warsaw 2006,2006-11-15,GORAK Daniel/SZYMANSKI Filip,FILENKO Oleg/KATKOV Ivan,POL,UKR,3,1,"11,9,11,11|7,11,9,7",QR64,GRAND_SLAM,MD,1814,Qualification,GORAK Daniel (POL) / SZYMANSKI Filip (POL),FILENKO Oleg (UKR) / KATKOV Ivan (UKR),SZYMANSKI Filip (POL),KATKOV Ivan (UKR),3 - 1,11:7 9:11 11:9 11:7,GORAK Daniel,2006
Polish Open Warsaw 2006,2006-11-15,GIONIS Panagiotis/PAPAGEORGIOU Konstantinos,DANIEL Artur/KUSINSKI Marcin,GRE,POL,3,0,"11,11,11|8,5,8",QR64,GRAND_SLAM,MD,1814,Qualification,GIONIS Panagiotis (GRE) / PAPAGEORGIOU Konstantinos (GRE),DANIEL Artur (POL) / KUSINSKI Marcin (POL),PAPAGEORGIOU Konstantinos (GRE),KUSINSKI Marcin (POL),0 - 3,8:11 5:11 8:11,GIONIS Panagiotis,2006
Polish Open Warsaw 2006,2006-11-15,KOSZYK Boguslaw/PRUS-STROWSKI Karol,MA Wenge/TIAN Zichao,POL,CHN,3,1,"11,11,6,12|9,7,11,10",QR64,GRAND_SLAM,MD,1814,Qualification,KOSZYK Boguslaw (POL) / PRUS-STROWSKI Karol (POL),MA Wenge (CHN) / TIAN Zichao (BEL),PRUS-STROWSKI Karol (POL),TIAN Zichao (BEL),3 - 1,11:9 11:7 6:11 12:10,KOSZYK Boguslaw,2006
Polish Open Warsaw 2006,2006-11-15,CRISAN Adrian/FILIMON Andrei,GORAK Daniel/SZYMANSKI Filip,ROU,POL,3,0,"11,11,11|5,9,7",QR32,GRAND_SLAM,MD,1814,Qualification,CRISAN Adrian (ROU) / FILIMON Andrei (ROU),GORAK Daniel (POL) / SZYMANSKI Filip (POL),FILIMON Andrei (ROU),SZYMANSKI Filip (POL),0 - 3,5:11 9:11 7:11,CRISAN Adrian,2006
Polish Open Warsaw 2006,2006-11-15,LEWANDOWSKI Tomasz/PEREK Jakub,GACINA Andrej/ZUBCIC Tomislav,POL,CRO,3,1,"11,14,11,11|6,16,7,6",QR32,GRAND_SLAM,MD,1814,Qualification,LEWANDOWSKI Tomasz (POL) / PEREK Jakub (POL),GACINA Andrej (CRO) / ZUBCIC Tomislav (CRO),PEREK Jakub (POL),ZUBCIC Tomislav (CRO),3 - 1,11:6 14:16 11:7 11:6,LEWANDOWSKI Tomasz,2006
Polish Open Warsaw 2006,2006-11-15,OVTCHAROV Dimitrij/WOSIK Torben,KOSZYK Boguslaw/PRUS-STROWSKI Karol,GER,POL,3,0,"11,11,11|9,6,6",QR32,GRAND_SLAM,MD,1814,Qualification,OVTCHAROV Dimitrij (GER) / WOSIK Torben (GER),KOSZYK Boguslaw (POL) / PRUS-STROWSKI Karol (POL),WOSIK Torben (GER),PRUS-STROWSKI Karol (POL),0 - 3,9:11 6:11 6:11,OVTCHAROV Dimitrij,2006
Polish Open Warsaw 2006,2006-11-15,CHEN Weixing/GARDOS Robert,APOLONIA Tiago/MONTEIRO Joao,AUT,POR,4,1,"11,6,11,11,14|7,11,4,9,12",R16,GRAND_SLAM,MD,1814,Main Draw,CHEN Weixing (AUT) / GARDOS Robert (AUT),APOLONIA Tiago (POR) / MONTEIRO Joao (POR),GARDOS Robert (AUT),MONTEIRO Joao (POR),1 - 4,7:11 11:6 4:11 9:11 12:14,CHEN Weixing,2006
Polish Open Warsaw 2006,2006-11-15,APOLONIA Tiago/MONTEIRO Joao,ROBERTSON Adam/RUSHTON Andrew,POR,WAL,3,0,"13,11,11|11,6,6",QR64,GRAND_SLAM,MD,1814,Qualification,APOLONIA Tiago (POR) / MONTEIRO Joao (POR),ROBERTSON Adam (WAL) / RUSHTON Andrew (ENG),MONTEIRO Joao (POR),RUSHTON Andrew (ENG),3 - 0,13:11 11:6 11:6,APOLONIA Tiago,2006
Polish Open Warsaw 2006,2006-11-15,APOLONIA Tiago/MONTEIRO Joao,KIM Taehoon/SEO Myoungduck,POR,KOR,3,1,"11,7,11,13|9,11,9,11",QR32,GRAND_SLAM,MD,1814,Qualification,APOLONIA Tiago (POR) / MONTEIRO Joao (POR),KIM Taehoon (KOR) / SEO Myoungduck (KOR),MONTEIRO Joao (POR),SEO Myoungduck (KOR),3 - 1,11:9 7:11 11:9 13:11,APOLONIA Tiago,2006
Polish Open Warsaw 2006,2006-11-15,APOLONIA Tiago/MONTEIRO Joao,LEWANDOWSKI Tomasz/PEREK Jakub,POR,POL,3,0,"11,11,11|7,8,8",QR16,GRAND_SLAM,MD,1814,Qualification,APOLONIA Tiago (POR) / MONTEIRO Joao (POR),LEWANDOWSKI Tomasz (POL) / PEREK Jakub (POL),MONTEIRO Joao (POR),PEREK Jakub (POL),3 - 0,11:7 11:8 11:8,APOLONIA Tiago,2006
Polish Open Warsaw 2006,2006-11-15,BLASZCZYK Lucjan/WANG Zengyi,CRISAN Adrian/FILIMON Andrei,POL,ROU,4,2,"11,7,4,11,11,11|9,11,11,5,9,8",QuarterFinal,GRAND_SLAM,MD,1814,Main Draw,BLASZCZYK Lucjan (POL) / WANG Zengyi (POL),CRISAN Adrian (ROU) / FILIMON Andrei (ROU),WANG Zengyi (POL),FILIMON Andrei (ROU),2 - 4,9:11 11:7 11:4 5:11 9:11 8:11,BLASZCZYK Lucjan,2006
Polish Open Warsaw 2006,2006-11-15,CRISAN Adrian/FILIMON Andrei,GIONIS Panagiotis/PAPAGEORGIOU Konstantinos,ROU,GRE,3,0,"11,11,11|9,9,8",QR16,GRAND_SLAM,MD,1814,Qualification,CRISAN Adrian (ROU) / FILIMON Andrei (ROU),GIONIS Panagiotis (GRE) / PAPAGEORGIOU Konstantinos (GRE),FILIMON Andrei (ROU),PAPAGEORGIOU Konstantinos (GRE),3 - 0,11:9 11:9 11:8,CRISAN Adrian,2006
Polish Open Warsaw 2006,2006-11-15,BLASZCZYK Lucjan/WANG Zengyi,GRIGOREV Artur/MAZUNOV Dmitry,POL,RUS,4,3,"8,8,11,11,11,9,11|11,11,8,6,5,11,5",R16,GRAND_SLAM,MD,1814,Main Draw,BLASZCZYK Lucjan (POL) / WANG Zengyi (POL),GRIGOREV Artur (RUS) / MAZUNOV Dmitry (RUS),WANG Zengyi (POL),MAZUNOV Dmitry (RUS),3 - 4,11:8 11:8 8:11 6:11 5:11 11:9 5:11,BLASZCZYK Lucjan,2006
Polish Open Warsaw 2006,2006-11-15,BUROV Viacheslav/LAKEEV Vasily,BAGGALEY Andrew/JUZBASIC Neven,RUS,ENG,3,0,"11,11,12|9,7,10",QR128,GRAND_SLAM,MD,1814,Qualification,BUROV Viacheslav (RUS) / LAKEEV Vasily (RUS),BAGGALEY Andrew (ENG) / JUZBASIC Neven (CRO),LAKEEV Vasily (RUS),JUZBASIC Neven (CRO),3 - 0,11:9 11:7 12:10,BUROV Viacheslav,2006
Polish Open Warsaw 2006,2006-11-15,KUZMIN Fedor/SMIRNOV Alexey,MEHTA Pathik/SAHA Subhajit,RUS,IND,3,1,"11,7,11,11|8,11,5,7",QR64,GRAND_SLAM,MD,1814,Qualification,KUZMIN Fedor (RUS) / SMIRNOV Alexey (RUS),MEHTA Pathik (IND) / SAHA Subhajit (IND),SMIRNOV Alexey (RUS),SAHA Subhajit (IND),3 - 1,11:8 7:11 11:5 11:7,KUZMIN Fedor,2006
Polish Open Warsaw 2006,2006-11-15,GRIGOREV Artur/MAZUNOV Dmitry,ERLANDSEN Geir/MOLDOVAN Istvan,RUS,NOR,3,0,"11,11,16|9,6,14",QR64,GRAND_SLAM,MD,1814,Qualification,GRIGOREV Artur (RUS) / MAZUNOV Dmitry (RUS),ERLANDSEN Geir (NOR) / MOLDOVAN Istvan (NOR),MAZUNOV Dmitry (RUS),MOLDOVAN Istvan (NOR),3 - 0,11:9 11:6 16:14,GRIGOREV Artur,2006
Polish Open Warsaw 2006,2006-11-15,HE Zhiwen/GUO Jinhao,LIVENTSOV Alexey/RUBTSOV Igor,ESP,RUS,3,2,"10,7,11,12,11|12,11,7,10,7",QR64,GRAND_SLAM,MD,1814,Qualification,HE Zhiwen (ESP) / GUO Jinhao (CHN),LIVENTSOV Alexey (RUS) / RUBTSOV Igor (RUS),GUO Jinhao (CHN),RUBTSOV Igor (RUS),2 - 3,12:10 11:7 7:11 10:12 7:11,HE Zhiwen,2006
Polish Open Warsaw 2006,2006-11-15,REGENTOV Evgenii/SKACHKOV Kirill,CABESTANY Cedrik/CLOSSET Marc,RUS,FRA,3,2,"11,5,12,3,11|9,11,10,11,6",QR64,GRAND_SLAM,MD,1814,Qualification,REGENTOV Evgenii (RUS) / SKACHKOV Kirill (RUS),CABESTANY Cedrik (FRA) / CLOSSET Marc (BEL),SKACHKOV Kirill (RUS),CLOSSET Marc (BEL),3 - 2,11:9 5:11 12:10 3:11 11:6,REGENTOV Evgenii,2006
Polish Open Warsaw 2006,2006-11-15,KUZMIN Fedor/SMIRNOV Alexey,ACHANTA Sharath/ROY Soumyadeep,RUS,IND,3,1,"11,11,4,11|9,2,11,5",QR32,GRAND_SLAM,MD,1814,Qualification,KUZMIN Fedor (RUS) / SMIRNOV Alexey (RUS),ACHANTA Sharath (IND) / ROY Soumyadeep (IND),SMIRNOV Alexey (RUS),ROY Soumyadeep (IND),3 - 1,11:9 11:2 4:11 11:5,KUZMIN Fedor,2006
Polish Open Warsaw 2006,2006-11-15,KEINATH Thomas/SEREDA Peter,BUROV Viacheslav/LAKEEV Vasily,SVK,RUS,3,2,"7,11,11,7,11|11,7,9,11,6",QR32,GRAND_SLAM,MD,1814,Qualification,KEINATH Thomas (SVK) / SEREDA Peter (SVK),BUROV Viacheslav (RUS) / LAKEEV Vasily (RUS),SEREDA Peter (SVK),LAKEEV Vasily (RUS),2 - 3,11:7 7:11 9:11 11:7 6:11,KEINATH Thomas,2006
Polish Open Warsaw 2006,2006-11-15,GRIGOREV Artur/MAZUNOV Dmitry,JAPEC Tomislav/KOVAC Borna,RUS,CRO,3,1,"15,11,8,11|13,9,11,3",QR32,GRAND_SLAM,MD,1814,Qualification,GRIGOREV Artur (RUS) / MAZUNOV Dmitry (RUS),JAPEC Tomislav (CRO) / KOVAC Borna (CRO),MAZUNOV Dmitry (RUS),KOVAC Borna (CRO),3 - 1,15:13 11:9 8:11 11:3,GRIGOREV Artur,2006
Polish Open Warsaw 2006,2006-11-15,LEGOUT Christophe/SCHLAGER Werner,REGENTOV Evgenii/SKACHKOV Kirill,FRA,RUS,3,1,"11,7,11,11|8,11,1,7",QR32,GRAND_SLAM,MD,1814,Qualification,LEGOUT Christophe (FRA) / SCHLAGER Werner (AUT),REGENTOV Evgenii (RUS) / SKACHKOV Kirill (RUS),SCHLAGER Werner (AUT),SKACHKOV Kirill (RUS),1 - 3,8:11 11:7 1:11 7:11,LEGOUT Christophe,2006
Polish Open Warsaw 2006,2006-11-15,KUZMIN Fedor/SMIRNOV Alexey,GAVLAS Antonin/KORBEL Petr,RUS,CZE,3,1,"11,10,11,11|9,12,7,9",QR16,GRAND_SLAM,MD,1814,Qualification,KUZMIN Fedor (RUS) / SMIRNOV Alexey (RUS),GAVLAS Antonin (CZE) / KORBEL Petr (CZE),SMIRNOV Alexey (RUS),KORBEL Petr (CZE),3 - 1,11:9 10:12 11:7 11:9,KUZMIN Fedor,2006
Polish Open Warsaw 2006,2006-11-15,GRIGOREV Artur/MAZUNOV Dmitry,DESPRES Rodolphe/JOVER Sebastien,RUS,FRA,3,0,"11,11,11|2,9,9",QR16,GRAND_SLAM,MD,1814,Qualification,GRIGOREV Artur (RUS) / MAZUNOV Dmitry (RUS),DESPRES Rodolphe (FRA) / JOVER Sebastien (FRA),MAZUNOV Dmitry (RUS),JOVER Sebastien (FRA),3 - 0,11:2 11:9 11:9,GRIGOREV Artur,2006
Polish Open Warsaw 2006,2006-11-15,GRUJIC Slobodan/KARAKASEVIC Aleksandar,KUZMIN Fedor/SMIRNOV Alexey,SRB,RUS,4,2,"9,11,9,11,11,11|11,9,11,8,6,8",R16,GRAND_SLAM,MD,1814,Main Draw,GRUJIC Slobodan (SRB) / KARAKASEVIC Aleksandar (SRB),KUZMIN Fedor (RUS) / SMIRNOV Alexey (RUS),KARAKASEVIC Aleksandar (SRB),SMIRNOV Alexey (RUS),4 - 2,9:11 11:9 9:11 11:8 11:6 11:8,GRUJIC Slobodan,2006
Polish Open Warsaw 2006,2006-11-15,LEGOUT Christophe/SCHLAGER Werner,GRUJIC Slobodan/KARAKASEVIC Aleksandar,FRA,SRB,4,1,"11,11,12,5,11|7,4,10,11,9",QuarterFinal,GRAND_SLAM,MD,1814,Main Draw,LEGOUT Christophe (FRA) / SCHLAGER Werner (AUT),GRUJIC Slobodan (SRB) / KARAKASEVIC Aleksandar (SRB),SCHLAGER Werner (AUT),KARAKASEVIC Aleksandar (SRB),1 - 4,7:11 4:11 10:12 11:5 9:11,LEGOUT Christophe,2006
Polish Open Warsaw 2006,2006-11-15,MILOSEVIC Bojan/VUKELIC Boris,FREITAS Marcos/MENDES Enio,SRB,POR,3,2,"11,7,11,9,11|6,11,8,11,9",QR128,GRAND_SLAM,MD,1814,Qualification,MILOSEVIC Bojan (SRB) / VUKELIC Boris (SRB),FREITAS Marcos (POR) / MENDES Enio (POR),VUKELIC Boris (SRB),MENDES Enio (POR),3 - 2,11:6 7:11 11:8 9:11 11:9,MILOSEVIC Bojan,2006
Polish Open Warsaw 2006,2006-11-15,TAKAKIWA Kenichi/TAKAKIWA Taku,MILOSEVIC Bojan/VUKELIC Boris,JPN,SRB,3,0,"11,11,11|1,7,9",QR64,GRAND_SLAM,MD,1814,Qualification,TAKAKIWA Kenichi (JPN) / TAKAKIWA Taku (JPN),MILOSEVIC Bojan (SRB) / VUKELIC Boris (SRB),TAKAKIWA Taku (JPN),VUKELIC Boris (SRB),0 - 3,1:11 7:11 9:11,TAKAKIWA Kenichi,2006
Polish Open Warsaw 2006,2006-11-15,BAUBET Vincent/LEBESSON Emmanuel,HOTZ Christian/STAUFER Beat,FRA,SUI,3,0,"11,11,11|7,7,5",QR128,GRAND_SLAM,MD,1814,Qualification,BAUBET Vincent (FRA) / LEBESSON Emmanuel (FRA),HOTZ Christian (SUI) / STAUFER Beat (SUI),LEBESSON Emmanuel (FRA),STAUFER Beat (SUI),0 - 3,7:11 7:11 5:11,BAUBET Vincent,2006
Polish Open Warsaw 2006,2006-11-15,LIN Ju/HOU Yingchao,HU Jiashun/MOHLER Nicola,DOM,SUI,3,0,"11,11,11|6,5,3",QR64,GRAND_SLAM,MD,1814,Qualification,LIN Ju (DOM) / HOU Yingchao (CAN),HU Jiashun (SUI) / MOHLER Nicola (SUI),HOU Yingchao (CAN),MOHLER Nicola (SUI),0 - 3,6:11 5:11 3:11,LIN Ju,2006
Polish Open Warsaw 2006,2006-11-15,KISHIKAWA Seiya/MIZUTANI Jun,KEINATH Thomas/SEREDA Peter,JPN,SVK,4,2,"10,11,13,11,11,11|12,4,11,4,13,7",R16,GRAND_SLAM,MD,1814,Main Draw,KISHIKAWA Seiya (JPN) / MIZUTANI Jun (JPN),KEINATH Thomas (SVK) / SEREDA Peter (SVK),MIZUTANI Jun (JPN),SEREDA Peter (SVK),2 - 4,12:10 4:11 11:13 4:11 13:11 7:11,KISHIKAWA Seiya,2006
Polish Open Warsaw 2006,2006-11-15,BARDON Michal/PALCEK Martin,KOSOWSKI Jakub/SUCH Bartosz,SVK,POL,3,1,"9,11,11,11|11,8,8,8",QR128,GRAND_SLAM,MD,1814,Qualification,BARDON Michal (SVK) / PALCEK Martin (SVK),KOSOWSKI Jakub (POL) / SUCH Bartosz (POL),PALCEK Martin (SVK),SUCH Bartosz (POL),3 - 1,9:11 11:8 11:8 11:8,BARDON Michal,2006
Polish Open Warsaw 2006,2006-11-15,ILLAS Erik/PISTEJ Lubomir,OBESLO Michal/TREGLER Tomas,SVK,CZE,3,1,"12,10,11,11|10,12,6,7",QR64,GRAND_SLAM,MD,1814,Qualification,ILLAS Erik (SVK) / PISTEJ Lubomir (SVK),OBESLO Michal (CZE) / TREGLER Tomas (CZE),PISTEJ Lubomir (SVK),TREGLER Tomas (CZE),3 - 1,12:10 10:12 11:6 11:7,ILLAS Erik,2006
Polish Open Warsaw 2006,2006-11-15,GIONIS Panagiotis/PAPAGEORGIOU Konstantinos,ILLAS Erik/PISTEJ Lubomir,GRE,SVK,3,1,"9,11,11,13|11,9,8,11",QR32,GRAND_SLAM,MD,1814,Qualification,GIONIS Panagiotis (GRE) / PAPAGEORGIOU Konstantinos (GRE),ILLAS Erik (SVK) / PISTEJ Lubomir (SVK),PAPAGEORGIOU Konstantinos (GRE),PISTEJ Lubomir (SVK),1 - 3,11:9 9:11 8:11 11:13,GIONIS Panagiotis,2006
Polish Open Warsaw 2006,2006-11-15,MA Wenge/TIAN Zichao,ERICSON Gustaf/SINGH Martin,CHN,SWE,3,1,"11,11,7,11|5,7,11,3",QR128,GRAND_SLAM,MD,1814,Qualification,MA Wenge (CHN) / TIAN Zichao (BEL),ERICSON Gustaf (SWE) / SINGH Martin (SWE),TIAN Zichao (BEL),SINGH Martin (SWE),1 - 3,5:11 7:11 11:7 3:11,MA Wenge,2006
Polish Open Warsaw 2006,2006-11-15,ACHANTA Sharath/ROY Soumyadeep,AAMAN Erik/NYLANDER Kim,IND,SWE,3,2,"11,6,11,8,13|5,11,7,11,11",QR64,GRAND_SLAM,MD,1814,Qualification,ACHANTA Sharath (IND) / ROY Soumyadeep (IND),AAMAN Erik (SWE) / NYLANDER Kim (SWE),ROY Soumyadeep (IND),NYLANDER Kim (SWE),2 - 3,5:11 11:6 7:11 11:8 11:13,ACHANTA Sharath,2006
Polish Open Warsaw 2006,2006-11-15,FILENKO Oleg/KATKOV Ivan,HINDERSSON Mikkel/MONRAD Martin,UKR,DEN,3,2,"13,11,4,4,11|11,7,11,11,9",QR128,GRAND_SLAM,MD,1814,Qualification,FILENKO Oleg (UKR) / KATKOV Ivan (UKR),HINDERSSON Mikkel (DEN) / MONRAD Martin (DEN),KATKOV Ivan (UKR),MONRAD Martin (DEN),3 - 2,13:11 11:7 4:11 4:11 11:9,FILENKO Oleg,2006
Polish Open Warsaw 2006,2006-11-15,BAUM Patrick/SCHLICHTER Jorg,DIDUKH Oleksandr/ZHMUDENKO Yaroslav,GER,UKR,3,0,"12,13,13|10,11,11",QR128,GRAND_SLAM,MD,1814,Qualification,BAUM Patrick (GER) / SCHLICHTER Jorg (GER),DIDUKH Oleksandr (UKR) / ZHMUDENKO Yaroslav (UKR),SCHLICHTER Jorg (GER),ZHMUDENKO Yaroslav (UKR),0 - 3,10:12 11:13 11:13,BAUM Patrick,2006
Polish Open Warsaw 2006,2006-11-15,DESPRES Rodolphe/JOVER Sebastien,HAKANSSON Fredrik/TOKIC Bojan,FRA,SWE,3,1,"11,6,14,11|7,11,12,8",QR32,GRAND_SLAM,MD,1814,Qualification,DESPRES Rodolphe (FRA) / JOVER Sebastien (FRA),HAKANSSON Fredrik (SWE) / TOKIC Bojan (SLO),JOVER Sebastien (FRA),TOKIC Bojan (SLO),3 - 1,11:7 6:11 14:12 11:8,DESPRES Rodolphe,2006
Polish Open Warsaw 2006,2006-11-15,HAKANSSON Fredrik/TOKIC Bojan,REDJEP Ronald/SURBEK Dragutin,SWE,CRO,3,1,"13,11,3,11|11,8,11,9",QR64,GRAND_SLAM,MD,1814,Qualification,HAKANSSON Fredrik (SWE) / TOKIC Bojan (SLO),REDJEP Ronald (CRO) / SURBEK Dragutin (CRO),TOKIC Bojan (SLO),SURBEK Dragutin (CRO),1 - 3,11:13 8:11 11:3 9:11,HAKANSSON Fredrik,2006
Polish Open Warsaw 2006,2006-11-15,KOSZYK Boguslaw/PRUS-STROWSKI Karol,SIMONCIK Josef,POL,CZE,3,1,"11,11,8,11|8,8,11,8",QR128,GRAND_SLAM,MD,1814,Qualification,KOSZYK Boguslaw (POL) / PRUS-STROWSKI Karol (POL),SIMONCIK Josef (CZE),PRUS-STROWSKI Karol (POL),,1 - 3,8:11 8:11 11:8 8:11,KOSZYK Boguslaw,2006
Polish Open Warsaw 2006,2006-11-15,HEINE Veronika/LIU Jia,BARTHEL Zhenqi/ROBERTSON Laura,AUT,GER,4,3,"11,11,11,10,4,9,11|7,6,9,12,11,11,7",R16,GRAND_SLAM,WD,1814,Main Draw,HEINE Veronika (AUT) / LIU Jia (AUT),BARTHEL Zhenqi (GER) / ROBERTSON Laura (GER),LIU Jia (AUT),ROBERTSON Laura (GER),4 - 3,11:7 11:6 11:9 10:12 4:11 9:11 11:7,HEINE Veronika,2006
Polish Open Warsaw 2006,2006-11-15,STEFANOVA Nikoleta/TAN Wenling,IVANCAN Irene/SOLJA Amelie,ITA,GER,4,1,"11,7,11,11,11|9,11,7,7,5",R16,GRAND_SLAM,WD,1814,Main Draw,STEFANOVA Nikoleta (ITA) / TAN Wenling (ITA),IVANCAN Irene (GER) / SOLJA Amelie (AUT),TAN Wenling (ITA),SOLJA Amelie (AUT),1 - 4,9:11 11:7 7:11 7:11 5:11,STEFANOVA Nikoleta,2006
Polish Open Warsaw 2006,2006-11-15,HEINE Veronika/LIU Jia,UMEMURA Aya/YAMANASHI Yuri,AUT,JPN,4,2,"11,4,12,11,10,11|6,11,10,8,12,8",QuarterFinal,GRAND_SLAM,WD,1814,Main Draw,HEINE Veronika (AUT) / LIU Jia (AUT),UMEMURA Aya (JPN) / YAMANASHI Yuri (JPN),LIU Jia (AUT),YAMANASHI Yuri (JPN),4 - 2,11:6 4:11 12:10 11:8 10:12 11:8,HEINE Veronika,2006
Polish Open Warsaw 2006,2006-11-15,HEINE Veronika/LIU Jia,GANINA Svetlana/PAVLOVICH Viktoria,AUT,RUS,4,3,"11,11,5,9,11,13,11|8,8,11,11,9,15,6",SemiFinal,GRAND_SLAM,WD,1814,Main Draw,HEINE Veronika (AUT) / LIU Jia (AUT),GANINA Svetlana (RUS) / PAVLOVICH Viktoria (BLR),LIU Jia (AUT),PAVLOVICH Viktoria (BLR),4 - 3,11:8 11:8 5:11 9:11 11:9 13:15 11:6,HEINE Veronika,2006
Polish Open Warsaw 2006,2006-11-15,HIRANO Sayaka/HIURA Reiko,HEINE Veronika/LIU Jia,JPN,AUT,4,1,"11,8,11,12,12|3,11,9,10,10",Final,GRAND_SLAM,WD,1814,Main Draw,HIRANO Sayaka (JPN) / HIURA Reiko (JPN),HEINE Veronika (AUT) / LIU Jia (AUT),HIURA Reiko (JPN),LIU Jia (AUT),1 - 4,3:11 11:8 9:11 10:12 10:12,HIRANO Sayaka,2006
Polish Open Warsaw 2006,2006-11-15,LIU Yuan/WAGGERMAYER Elena,JANTA-LIPINSKA Anna/PASTOR Agata,AUT,POL,3,2,"8,11,9,11,11|11,5,11,7,9",QR64,GRAND_SLAM,WD,1814,Qualification,LIU Yuan (AUT) / WAGGERMAYER Elena (AUT),JANTA-LIPINSKA Anna (POL) / PASTOR Agata (POL),WAGGERMAYER Elena (AUT),PASTOR Agata (POL),3 - 2,8:11 11:5 9:11 11:7 11:9,LIU Yuan,2006
Polish Open Warsaw 2006,2006-11-15,JEE Minhyung/KIM Sujin,LIU Yuan/WAGGERMAYER Elena,AUS,AUT,3,2,"11,11,6,12,13|6,5,11,14,11",QR32,GRAND_SLAM,WD,1814,Qualification,JEE Minhyung (AUS) / KIM Sujin (KOR),LIU Yuan (AUT) / WAGGERMAYER Elena (AUT),KIM Sujin (KOR),WAGGERMAYER Elena (AUT),2 - 3,6:11 5:11 11:6 14:12 11:13,JEE Minhyung,2006
Polish Open Warsaw 2006,2006-11-15,VARADY Barbora/KMOTORKOVA Lenka,JOLLEY Ann Marie/VAN DEN BERGH Kristel,SVK,AUS,3,0,"11,11,11|4,7,5",QR64,GRAND_SLAM,WD,1814,Qualification,VARADY Barbora (SVK) / KMOTORKOVA Lenka (SVK),JOLLEY Ann Marie (AUS) / VAN DEN BERGH Kristel (BEL),KMOTORKOVA Lenka (SVK),VAN DEN BERGH Kristel (BEL),0 - 3,4:11 7:11 5:11,VARADY Barbora,2006
Polish Open Warsaw 2006,2006-11-15,GANINA Svetlana/PAVLOVICH Viktoria,KERTAI Rita/PAVLOVICH Veronika,RUS,HUN,4,0,"11,11,11,11|7,9,7,8",QuarterFinal,GRAND_SLAM,WD,1814,Main Draw,GANINA Svetlana (RUS) / PAVLOVICH Viktoria (BLR),KERTAI Rita (HUN) / PAVLOVICH Veronika (BLR),PAVLOVICH Viktoria (BLR),PAVLOVICH Veronika (BLR),0 - 4,7:11 9:11 7:11 8:11,GANINA Svetlana,2006
Polish Open Warsaw 2006,2006-11-15,KASTRAMINA Tatsiana (1987)/PRIVALOVA Alexandra,CHAKRABORTY Kasturi/PAUL Mousumi,BLR,IND,3,0,"11,11,11|4,4,6",QR64,GRAND_SLAM,WD,1814,Qualification,KASTRAMINA Tatsiana (1987) (BLR) / PRIVALOVA Alexandra (BLR),CHAKRABORTY Kasturi (IND) / PAUL Mousumi (IND),PRIVALOVA Alexandra (BLR),PAUL Mousumi (IND),3 - 0,11:4 11:4 11:6,KASTRAMINA Tatsiana (1987),2006
Polish Open Warsaw 2006,2006-11-15,KERTAI Rita/PAVLOVICH Veronika,NEGRISOLI Laura/WANG Yu (YOB=1981),HUN,ITA,3,2,"10,11,7,11,11|12,9,11,8,6",QR32,GRAND_SLAM,WD,1814,Qualification,KERTAI Rita (HUN) / PAVLOVICH Veronika (BLR),NEGRISOLI Laura (ITA) / WANG Yu (YOB=1981) (ITA),PAVLOVICH Veronika (BLR),WANG Yu (YOB=1981) (ITA),3 - 2,10:12 11:9 7:11 11:8 11:6,KERTAI Rita,2006
Polish Open Warsaw 2006,2006-11-15,KERTAI Rita/PAVLOVICH Veronika,POHAR Martina/TODOROVIC Biljana,HUN,SLO,3,0,"11,11,11|7,5,6",QR16,GRAND_SLAM,WD,1814,Qualification,KERTAI Rita (HUN) / PAVLOVICH Veronika (BLR),POHAR Martina (SLO) / TODOROVIC Biljana (SLO),PAVLOVICH Veronika (BLR),TODOROVIC Biljana (SLO),3 - 0,11:7 11:5 11:6,KERTAI Rita,2006
Polish Open Warsaw 2006,2006-11-15,CICHOCKA Magdalena/LUCZAKOWSKA Daria,BARTOSOVA Hana/PENKAVOVA Katerina,POL,CZE,3,1,"8,11,11,11|11,6,8,9",QR64,GRAND_SLAM,WD,1814,Qualification,CICHOCKA Magdalena (POL) / LUCZAKOWSKA Daria (POL),BARTOSOVA Hana (CZE) / PENKAVOVA Katerina (CZE),LUCZAKOWSKA Daria (POL),PENKAVOVA Katerina (CZE),1 - 3,11:8 6:11 8:11 9:11,CICHOCKA Magdalena,2006
Polish Open Warsaw 2006,2006-11-15,HARABASZOVA Lenka/WEBEROVA Ivana,ABRAMOVA Natalia/BOLSHAKOVA Natalia,CZE,RUS,3,0,"11,11,11|6,6,4",QR64,GRAND_SLAM,WD,1814,Qualification,HARABASZOVA Lenka (CZE) / WEBEROVA Ivana (CZE),ABRAMOVA Natalia (RUS) / BOLSHAKOVA Natalia (RUS),WEBEROVA Ivana (CZE),BOLSHAKOVA Natalia (RUS),3 - 0,11:6 11:6 11:4,HARABASZOVA Lenka,2006
Polish Open Warsaw 2006,2006-11-15,UMEMURA Aya/YAMANASHI Yuri,WU Xue/ZHU Fang,JPN,DOM,4,2,"7,11,11,11,8,11|11,8,7,9,11,7",R16,GRAND_SLAM,WD,1814,Main Draw,UMEMURA Aya (JPN) / YAMANASHI Yuri (JPN),WU Xue (DOM) / ZHU Fang (ESP),YAMANASHI Yuri (JPN),ZHU Fang (ESP),2 - 4,11:7 8:11 7:11 9:11 11:8 7:11,UMEMURA Aya,2006
Polish Open Warsaw 2006,2006-11-15,KERTAI Rita/PAVLOVICH Veronika,DVORAK Galia/RAMIREZ Sara,HUN,ESP,4,3,"11,11,7,6,11,2,11|6,8,11,11,5,11,5",R16,GRAND_SLAM,WD,1814,Main Draw,KERTAI Rita (HUN) / PAVLOVICH Veronika (BLR),DVORAK Galia (ESP) / RAMIREZ Sara (ESP),PAVLOVICH Veronika (BLR),RAMIREZ Sara (ESP),3 - 4,6:11 8:11 11:7 11:6 5:11 11:2 5:11,KERTAI Rita,2006
Polish Open Warsaw 2006,2006-11-15,WU Xue/ZHU Fang,CREEMERS Linda/LI Jiao,DOM,NED,3,1,"11,11,11,12|3,13,9,10",QR16,GRAND_SLAM,WD,1814,Qualification,WU Xue (DOM) / ZHU Fang (ESP),CREEMERS Linda (NED) / LI Jiao (NED),ZHU Fang (ESP),LI Jiao (NED),3 - 1,11:3 11:13 11:9 12:10,WU Xue,2006
Polish Open Warsaw 2006,2006-11-15,HANFFOU Sarah/PHAI PANG Laurie,CAVALLI Giulia/SOLDI Simona,CMR,ITA,3,0,"11,11,11|7,6,9",QR64,GRAND_SLAM,WD,1814,Qualification,HANFFOU Sarah (CMR) / PHAI PANG Laurie (FRA),CAVALLI Giulia (ITA) / SOLDI Simona (ITA),PHAI PANG Laurie (FRA),SOLDI Simona (ITA),3 - 0,11:7 11:6 11:9,HANFFOU Sarah,2006
Polish Open Warsaw 2006,2006-11-15,XIAN Yifang/GRUNDISCH Carole,MA Wenting/TKACHOVA Tetyana,FRA,NOR,3,0,"11,11,13|7,6,11",QR32,GRAND_SLAM,WD,1814,Qualification,XIAN Yifang (FRA) / GRUNDISCH Carole (FRA),MA Wenting (NOR) / TKACHOVA Tetyana (UKR),GRUNDISCH Carole (FRA),TKACHOVA Tetyana (UKR),3 - 0,11:7 11:6 13:11,XIAN Yifang,2006
Polish Open Warsaw 2006,2006-11-15,HANFFOU Sarah/PHAI PANG Laurie,HARABASZOVA Lenka/WEBEROVA Ivana,CMR,CZE,3,1,"11,7,11,12|9,11,4,10",QR32,GRAND_SLAM,WD,1814,Qualification,HANFFOU Sarah (CMR) / PHAI PANG Laurie (FRA),HARABASZOVA Lenka (CZE) / WEBEROVA Ivana (CZE),PHAI PANG Laurie (FRA),WEBEROVA Ivana (CZE),3 - 1,11:9 7:11 11:4 12:10,HANFFOU Sarah,2006
Polish Open Warsaw 2006,2006-11-15,LI Qiangbing/PETZNER Martina,XIAN Yifang/GRUNDISCH Carole,AUT,FRA,3,1,"11,11,6,12|8,5,11,10",QR16,GRAND_SLAM,WD,1814,Qualification,LI Qiangbing (AUT) / PETZNER Martina (AUT),XIAN Yifang (FRA) / GRUNDISCH Carole (FRA),PETZNER Martina (AUT),GRUNDISCH Carole (FRA),1 - 3,8:11 5:11 11:6 10:12,LI Qiangbing,2006
Polish Open Warsaw 2006,2006-11-15,BARTHEL Zhenqi/ROBERTSON Laura,HANFFOU Sarah/PHAI PANG Laurie,GER,CMR,3,1,"11,11,7,11|6,9,11,5",QR16,GRAND_SLAM,WD,1814,Qualification,BARTHEL Zhenqi (GER) / ROBERTSON Laura (GER),HANFFOU Sarah (CMR) / PHAI PANG Laurie (FRA),ROBERTSON Laura (GER),PHAI PANG Laurie (FRA),1 - 3,6:11 9:11 11:7 5:11,BARTHEL Zhenqi,2006
Polish Open Warsaw 2006,2006-11-15,SCHALL Elke/WU Jiaduo,LI Qiangbing/PETZNER Martina,GER,AUT,4,1,"14,11,9,11,11|12,9,11,3,8",R16,GRAND_SLAM,WD,1814,Main Draw,SCHALL Elke (GER) / WU Jiaduo (GER),LI Qiangbing (AUT) / PETZNER Martina (AUT),WU Jiaduo (GER),PETZNER Martina (AUT),4 - 1,14:12 11:9 9:11 11:3 11:8,SCHALL Elke,2006
Polish Open Warsaw 2006,2006-11-15,STEFANOVA Nikoleta/TAN Wenling,SCHALL Elke/WU Jiaduo,ITA,GER,4,1,"11,12,7,11,11|9,10,11,8,5",QuarterFinal,GRAND_SLAM,WD,1814,Main Draw,STEFANOVA Nikoleta (ITA) / TAN Wenling (ITA),SCHALL Elke (GER) / WU Jiaduo (GER),TAN Wenling (ITA),WU Jiaduo (GER),1 - 4,9:11 10:12 11:7 8:11 5:11,STEFANOVA Nikoleta,2006
Polish Open Warsaw 2006,2006-11-15,IVANCAN Irene/SOLJA Amelie,DAS Mouma/GHATAK Poulomi,GER,IND,3,2,"8,10,13,11,11|11,12,11,6,6",QR32,GRAND_SLAM,WD,1814,Qualification,IVANCAN Irene (GER) / SOLJA Amelie (AUT),DAS Mouma (IND) / GHATAK Poulomi (IND),SOLJA Amelie (AUT),GHATAK Poulomi (IND),2 - 3,11:8 12:10 11:13 6:11 6:11,IVANCAN Irene,2006
Polish Open Warsaw 2006,2006-11-15,NEGRISOLI Laura/WANG Yu (YOB=1981),ISHIGAKI Yuka/WAKAMIYA Misako,ITA,JPN,3,2,"9,14,8,11,11|11,12,11,7,7",QR64,GRAND_SLAM,WD,1814,Qualification,NEGRISOLI Laura (ITA) / WANG Yu (YOB=1981) (ITA),ISHIGAKI Yuka (JPN) / WAKAMIYA Misako (JPN),WANG Yu (YOB=1981) (ITA),WAKAMIYA Misako (JPN),3 - 2,9:11 14:12 8:11 11:7 11:7,NEGRISOLI Laura,2006
Polish Open Warsaw 2006,2006-11-15,HIRANO Sayaka/HIURA Reiko,DODEAN Daniela/SAMARA Elizabeta,JPN,ROU,4,3,"10,11,11,8,6,11,11|12,5,6,11,11,5,5",R16,GRAND_SLAM,WD,1814,Main Draw,HIRANO Sayaka (JPN) / HIURA Reiko (JPN),DODEAN Daniela (ROU) / SAMARA Elizabeta (ROU),HIURA Reiko (JPN),SAMARA Elizabeta (ROU),4 - 3,10:12 11:5 11:6 8:11 6:11 11:5 11:5,HIRANO Sayaka,2006
Polish Open Warsaw 2006,2006-11-15,HIRANO Sayaka/HIURA Reiko,LI Xue/LI Qian,JPN,FRA,4,3,"11,9,12,8,7,11,11|9,11,10,11,11,4,3",QuarterFinal,GRAND_SLAM,WD,1814,Main Draw,HIRANO Sayaka (JPN) / HIURA Reiko (JPN),LI Xue (FRA) / LI Qian (POL),HIURA Reiko (JPN),LI Qian (POL),4 - 3,11:9 9:11 12:10 8:11 7:11 11:4 11:3,HIRANO Sayaka,2006
Polish Open Warsaw 2006,2006-11-15,HIRANO Sayaka/HIURA Reiko,STEFANOVA Nikoleta/TAN Wenling,JPN,ITA,4,1,"11,8,11,11,12|5,11,9,7,10",SemiFinal,GRAND_SLAM,WD,1814,Main Draw,HIRANO Sayaka (JPN) / HIURA Reiko (JPN),STEFANOVA Nikoleta (ITA) / TAN Wenling (ITA),HIURA Reiko (JPN),TAN Wenling (ITA),4 - 1,11:5 8:11 11:9 11:7 12:10,HIRANO Sayaka,2006
Polish Open Warsaw 2006,2006-11-15,BOLLMEIER Nadine/NOUWEN Carla,ISHIKAWA Kasumi/UDO Hiroe,GER,JPN,3,0,"11,11,11|9,9,8",QR64,GRAND_SLAM,WD,1814,Qualification,BOLLMEIER Nadine (GER) / NOUWEN Carla (NED),ISHIKAWA Kasumi (JPN) / UDO Hiroe (JPN),NOUWEN Carla (NED),UDO Hiroe (JPN),0 - 3,9:11 9:11 8:11,BOLLMEIER Nadine,2006
Polish Open Warsaw 2006,2006-11-15,NONAKA Yuki/SHIGEMOTO Sachie,AGGARWAL Neha/EXARCHOU Filareti,JPN,IND,3,2,"6,11,11,8,13|11,7,2,11,11",QR64,GRAND_SLAM,WD,1814,Qualification,NONAKA Yuki (JPN) / SHIGEMOTO Sachie (JPN),AGGARWAL Neha (IND) / EXARCHOU Filareti (GRE),SHIGEMOTO Sachie (JPN),EXARCHOU Filareti (GRE),3 - 2,6:11 11:7 11:2 8:11 13:11,NONAKA Yuki,2006
Polish Open Warsaw 2006,2006-11-15,BARTHEL Zhenqi/ROBERTSON Laura,NONAKA Yuki/SHIGEMOTO Sachie,GER,JPN,3,0,"11,12,12|5,10,10",QR32,GRAND_SLAM,WD,1814,Qualification,BARTHEL Zhenqi (GER) / ROBERTSON Laura (GER),NONAKA Yuki (JPN) / SHIGEMOTO Sachie (JPN),ROBERTSON Laura (GER),SHIGEMOTO Sachie (JPN),0 - 3,5:11 10:12 10:12,BARTHEL Zhenqi,2006
Polish Open Warsaw 2006,2006-11-15,LI Xue/LI Qian,YOON Suwon/YU Yunmi,FRA,KOR,3,1,"10,12,11,11|12,10,6,6",QR64,GRAND_SLAM,WD,1814,Qualification,LI Xue (FRA) / LI Qian (POL),YOON Suwon (KOR) / YU Yunmi (KOR),LI Qian (POL),YU Yunmi (KOR),1 - 3,12:10 10:12 6:11 6:11,LI Xue,2006
Polish Open Warsaw 2006,2006-11-15,PASKAUSKIENE Ruta/MISIKONYTE Lina,MARKOVA Ekaterina/KUZMINA Elena,LTU,RUS,3,1,"10,11,11,11|12,7,4,7",QR32,GRAND_SLAM,WD,1814,Qualification,PASKAUSKIENE Ruta (LTU) / MISIKONYTE Lina (LTU),MARKOVA Ekaterina (RUS) / KUZMINA Elena (RUS),MISIKONYTE Lina (LTU),KUZMINA Elena (RUS),3 - 1,10:12 11:7 11:4 11:7,PASKAUSKIENE Ruta,2006
Polish Open Warsaw 2006,2006-11-15,IVANCAN Irene/SOLJA Amelie,PASKAUSKIENE Ruta/MISIKONYTE Lina,GER,LTU,3,0,"11,11,11|8,7,9",QR16,GRAND_SLAM,WD,1814,Qualification,IVANCAN Irene (GER) / SOLJA Amelie (AUT),PASKAUSKIENE Ruta (LTU) / MISIKONYTE Lina (LTU),SOLJA Amelie (AUT),MISIKONYTE Lina (LTU),0 - 3,8:11 7:11 9:11,IVANCAN Irene,2006
Polish Open Warsaw 2006,2006-11-15,EKHOLM Matilda/JONSSON Carina,BOLLMEIER Nadine/NOUWEN Carla,SWE,GER,3,2,"13,4,11,7,11|11,11,9,11,9",QR32,GRAND_SLAM,WD,1814,Qualification,EKHOLM Matilda (SWE) / JONSSON Carina (SWE),BOLLMEIER Nadine (GER) / NOUWEN Carla (NED),JONSSON Carina (SWE),NOUWEN Carla (NED),2 - 3,11:13 11:4 9:11 11:7 9:11,EKHOLM Matilda,2006
Polish Open Warsaw 2006,2006-11-15,WU Xue/ZHU Fang,PALINA Irina/TIMINA Elena,DOM,RUS,3,1,"6,11,11,13|11,9,6,11",QR32,GRAND_SLAM,WD,1814,Qualification,WU Xue (DOM) / ZHU Fang (ESP),PALINA Irina (RUS) / TIMINA Elena (NED),ZHU Fang (ESP),TIMINA Elena (NED),1 - 3,11:6 9:11 6:11 11:13,WU Xue,2006
Polish Open Warsaw 2006,2006-11-15,GANINA Svetlana/PAVLOVICH Viktoria,ODOROVA Eva/ZHOU Xiao,RUS,SVK,4,0,"11,11,11,11|7,7,3,4",R16,GRAND_SLAM,WD,1814,Main Draw,GANINA Svetlana (RUS) / PAVLOVICH Viktoria (BLR),ODOROVA Eva (SVK) / ZHOU Xiao (POL),PAVLOVICH Viktoria (BLR),ZHOU Xiao (POL),0 - 4,7:11 7:11 3:11 4:11,GANINA Svetlana,2006
Polish Open Warsaw 2006,2006-11-15,MARKOVA Ekaterina/KUZMINA Elena,GOLOTA Marta/GRZYBOWSKA-FRANC Katarzyna,RUS,POL,3,2,"9,6,14,11,11|11,11,12,7,6",QR64,GRAND_SLAM,WD,1814,Qualification,MARKOVA Ekaterina (RUS) / KUZMINA Elena (RUS),GOLOTA Marta (POL) / GRZYBOWSKA-FRANC Katarzyna (POL),KUZMINA Elena (RUS),GRZYBOWSKA-FRANC Katarzyna (POL),2 - 3,11:9 11:6 12:14 7:11 6:11,MARKOVA Ekaterina,2006
Polish Open Warsaw 2006,2006-11-15,WU Xue/ZHU Fang,GIERYN Katarzyna/NARKIEWICZ Paulina Joanna,DOM,POL,3,0,"11,11,11|1,3,2",QR64,GRAND_SLAM,WD,1814,Qualification,WU Xue (DOM) / ZHU Fang (ESP),GIERYN Katarzyna (POL) / NARKIEWICZ Paulina Joanna (POL),ZHU Fang (ESP),NARKIEWICZ Paulina Joanna (POL),0 - 3,1:11 3:11 2:11,WU Xue,2006
Polish Open Warsaw 2006,2006-11-15,CREEMERS Linda/LI Jiao,BAK Natalia/PARTYKA Natalia,NED,POL,3,0,"12,11,11|10,9,7",QR64,GRAND_SLAM,WD,1814,Qualification,CREEMERS Linda (NED) / LI Jiao (NED),BAK Natalia (POL) / PARTYKA Natalia (POL),LI Jiao (NED),PARTYKA Natalia (POL),0 - 3,10:12 9:11 7:11,CREEMERS Linda,2006
Polish Open Warsaw 2006,2006-11-15,PIETKIEWICZ Monika/XU Jie (1982),KASTRAMINA Tatsiana (1987)/PRIVALOVA Alexandra,POL,BLR,3,0,"11,11,11|7,4,5",QR32,GRAND_SLAM,WD,1814,Qualification,PIETKIEWICZ Monika (POL) / XU Jie (1982) (POL),KASTRAMINA Tatsiana (1987) (BLR) / PRIVALOVA Alexandra (BLR),XU Jie (1982) (POL),PRIVALOVA Alexandra (BLR),3 - 0,11:7 11:4 11:5,PIETKIEWICZ Monika,2006
Polish Open Warsaw 2006,2006-11-15,ODOROVA Eva/ZHOU Xiao,KRAVCHENKO Marina/PAOVIC Sandra,SVK,ISR,3,0,"11,11,13|7,7,11",QR32,GRAND_SLAM,WD,1814,Qualification,ODOROVA Eva (SVK) / ZHOU Xiao (POL),KRAVCHENKO Marina (ISR) / PAOVIC Sandra (CRO),ZHOU Xiao (POL),PAOVIC Sandra (CRO),3 - 0,11:7 11:7 13:11,ODOROVA Eva,2006
Polish Open Warsaw 2006,2006-11-15,LI Qiangbing/PETZNER Martina,CICHOCKA Magdalena/LUCZAKOWSKA Daria,AUT,POL,3,1,"9,11,11,11|11,9,7,4",QR32,GRAND_SLAM,WD,1814,Qualification,LI Qiangbing (AUT) / PETZNER Martina (AUT),CICHOCKA Magdalena (POL) / LUCZAKOWSKA Daria (POL),PETZNER Martina (AUT),LUCZAKOWSKA Daria (POL),1 - 3,11:9 9:11 7:11 4:11,LI Qiangbing,2006
Polish Open Warsaw 2006,2006-11-15,LI Xue/LI Qian,VARADY Barbora/KMOTORKOVA Lenka,FRA,SVK,3,0,"12,11,11|10,3,4",QR32,GRAND_SLAM,WD,1814,Qualification,LI Xue (FRA) / LI Qian (POL),VARADY Barbora (SVK) / KMOTORKOVA Lenka (SVK),LI Qian (POL),KMOTORKOVA Lenka (SVK),3 - 0,12:10 11:3 11:4,LI Xue,2006
Polish Open Warsaw 2006,2006-11-15,ODOROVA Eva/ZHOU Xiao,PIETKIEWICZ Monika/XU Jie (1982),SVK,POL,3,0,"11,11,11|9,9,9",QR16,GRAND_SLAM,WD,1814,Qualification,ODOROVA Eva (SVK) / ZHOU Xiao (POL),PIETKIEWICZ Monika (POL) / XU Jie (1982) (POL),ZHOU Xiao (POL),XU Jie (1982) (POL),0 - 3,9:11 9:11 9:11,ODOROVA Eva,2006
Polish Open Warsaw 2006,2006-11-15,LI Xue/LI Qian,EKHOLM Matilda/JONSSON Carina,FRA,SWE,3,2,"9,6,11,11,11|11,11,7,4,8",QR16,GRAND_SLAM,WD,1814,Qualification,LI Xue (FRA) / LI Qian (POL),EKHOLM Matilda (SWE) / JONSSON Carina (SWE),LI Qian (POL),JONSSON Carina (SWE),3 - 2,9:11 6:11 11:7 11:4 11:8,LI Xue,2006
Polish Open Warsaw 2006,2006-11-15,DODEAN Daniela/SAMARA Elizabeta,CECHOVA Dana/SMISTIKOVA Martina,ROU,CZE,3,1,"4,11,14,11|11,6,12,6",QR32,GRAND_SLAM,WD,1814,Qualification,DODEAN Daniela (ROU) / SAMARA Elizabeta (ROU),CECHOVA Dana (CZE) / SMISTIKOVA Martina (CZE),SAMARA Elizabeta (ROU),SMISTIKOVA Martina (CZE),3 - 1,4:11 11:6 14:12 11:6,DODEAN Daniela,2006
Polish Open Warsaw 2006,2006-11-15,DODEAN Daniela/SAMARA Elizabeta,JEE Minhyung/KIM Sujin,ROU,AUS,3,1,"11,11,9,11|4,7,11,8",QR16,GRAND_SLAM,WD,1814,Qualification,DODEAN Daniela (ROU) / SAMARA Elizabeta (ROU),JEE Minhyung (AUS) / KIM Sujin (KOR),SAMARA Elizabeta (ROU),KIM Sujin (KOR),3 - 1,11:4 11:7 9:11 11:8,DODEAN Daniela,2006
Polish Open Warsaw 2006,2006-11-15,POHAR Martina/TODOROVIC Biljana,SZYMANSKA Antonina/WALNA Weronika,SLO,POL,3,0,"11,11,17|5,7,15",QR64,GRAND_SLAM,WD,1814,Qualification,POHAR Martina (SLO) / TODOROVIC Biljana (SLO),SZYMANSKA Antonina (POL) / WALNA Weronika (POL),TODOROVIC Biljana (SLO),WALNA Weronika (POL),3 - 0,11:5 11:7 17:15,POHAR Martina,2006
Polish Open Warsaw 2006,2006-11-15,POHAR Martina/TODOROVIC Biljana,FARLADANSKA Ganna/PESOTSKA Margaryta,SLO,UKR,3,1,"11,7,11,11|4,11,7,8",QR32,GRAND_SLAM,WD,1814,Qualification,POHAR Martina (SLO) / TODOROVIC Biljana (SLO),FARLADANSKA Ganna (UKR) / PESOTSKA Margaryta (UKR),TODOROVIC Biljana (SLO),PESOTSKA Margaryta (UKR),3 - 1,11:4 7:11 11:7 11:8,POHAR Martina,2006
Polish Open Warsaw 2006,2006-11-15,JEE Minhyung/KIM Sujin,ERDELJI Anamaria/TAPAI Eva,AUS,SRB,3,1,"9,14,11,11|11,12,7,5",QR64,GRAND_SLAM,WD,1814,Qualification,JEE Minhyung (AUS) / KIM Sujin (KOR),ERDELJI Anamaria (SRB) / TAPAI Eva (SRB),KIM Sujin (KOR),TAPAI Eva (SRB),1 - 3,11:9 12:14 7:11 5:11,JEE Minhyung,2006
Polish Open Warsaw 2006,2006-11-15,PIETKIEWICZ Monika/XU Jie (1982),FEHER Gabriela/PLAVSIC Gordana,POL,SRB,3,0,"11,11,13|3,5,11",QR64,GRAND_SLAM,WD,1814,Qualification,PIETKIEWICZ Monika (POL) / XU Jie (1982) (POL),FEHER Gabriela (SRB) / PLAVSIC Gordana (SRB),XU Jie (1982) (POL),PLAVSIC Gordana (SRB),0 - 3,3:11 5:11 11:13,PIETKIEWICZ Monika,2006
Polish Open Warsaw 2006,2006-11-15,FARLADANSKA Ganna/PESOTSKA Margaryta,BAKULA Andrea/VUGRINEC Suncica,UKR,CRO,3,0,"14,13,11|12,11,6",QR64,GRAND_SLAM,WD,1814,Qualification,FARLADANSKA Ganna (UKR) / PESOTSKA Margaryta (UKR),BAKULA Andrea (CRO) / VUGRINEC Suncica (CRO),PESOTSKA Margaryta (UKR),VUGRINEC Suncica (CRO),3 - 0,14:12 13:11 11:6,FARLADANSKA Ganna,2006
Polish Open Warsaw 2006,2006-11-15,MA Wenting/TKACHOVA Tetyana,CAMPBELL Peri/LIM Sora,NOR,AUS,3,0,"11,11,11|9,5,9",QR64,GRAND_SLAM,WD,1814,Qualification,MA Wenting (NOR) / TKACHOVA Tetyana (UKR),CAMPBELL Peri (AUS) / LIM Sora (KOR),TKACHOVA Tetyana (UKR),LIM Sora (KOR),3 - 0,11:9 11:5 11:9,MA Wenting,2006
Polish Open Warsaw 2006,2006-11-15,HAPONOVA Hanna/BILENKO Tetyana,LEMESHEVSKAYA Valeriya/SHAVYRINA Marina,UKR,RUS,3,1,"11,8,11,11|8,11,6,8",QR64,GRAND_SLAM,WD,1814,Qualification,HAPONOVA Hanna (UKR) / BILENKO Tetyana (UKR),LEMESHEVSKAYA Valeriya (RUS) / SHAVYRINA Marina (RUS),BILENKO Tetyana (UKR),SHAVYRINA Marina (RUS),3 - 1,11:8 8:11 11:6 11:8,HAPONOVA Hanna,2006
Polish Open Warsaw 2006,2006-11-15,CREEMERS Linda/LI Jiao,HAPONOVA Hanna/BILENKO Tetyana,NED,UKR,3,0,"14,12,11|12,10,8",QR32,GRAND_SLAM,WD,1814,Qualification,CREEMERS Linda (NED) / LI Jiao (NED),HAPONOVA Hanna (UKR) / BILENKO Tetyana (UKR),LI Jiao (NED),BILENKO Tetyana (UKR),0 - 3,12:14 10:12 8:11,CREEMERS Linda,2006
Russian Open St. Petersburg 2006,2006-11-01,CHEN Weixing,LEBESSON Emmanuel,AUT,FRA,4,3,"7,9,11,11,7,11,11|11,11,6,7,11,7,3",R64,GRAND_SLAM,MS,1809,Main Draw,CHEN Weixing (AUT),LEBESSON Emmanuel (FRA),,,4 - 3,7:11 9:11 11:6 11:7 7:11 11:7 11:3,CHEN Weixing,2006
Russian Open St. Petersburg 2006,2006-11-01,PISTEJ Lubomir,CAI Xiaoli,SVK,SGP,4,0,"11,11,12,11|6,3,10,4",R64,GRAND_SLAM,MS,1809,Main Draw,PISTEJ Lubomir (SVK),CAI Xiaoli (SGP),,,0 - 4,6:11 3:11 10:12 4:11,PISTEJ Lubomir,2006
Russian Open St. Petersburg 2006,2006-11-01,KLASEK Marek,ROBERTSON Adam,CZE,WAL,4,3,"13,10,11,8,11,7,12|11,12,9,11,8,11,10",R64,GRAND_SLAM,MS,1809,Main Draw,KLASEK Marek (CZE),ROBERTSON Adam (WAL),,,4 - 3,13:11 10:12 11:9 8:11 11:8 7:11 12:10,KLASEK Marek,2006
Russian Open St. Petersburg 2006,2006-11-01,JOVER Sebastien,KUZMIN Fedor,FRA,RUS,4,1,"11,11,10,11,16|4,8,12,7,14",R64,GRAND_SLAM,MS,1809,Main Draw,JOVER Sebastien (FRA),KUZMIN Fedor (RUS),,,4 - 1,11:4 11:8 10:12 11:7 16:14,JOVER Sebastien,2006
Russian Open St. Petersburg 2006,2006-11-01,LIN Ju,KOSOWSKI Jakub,DOM,POL,4,0,"14,11,11,11|12,9,7,2",R64,GRAND_SLAM,MS,1809,Main Draw,LIN Ju (DOM),KOSOWSKI Jakub (POL),,,4 - 0,14:12 11:9 11:7 11:2,LIN Ju,2006
Russian Open St. Petersburg 2006,2006-11-01,GORAK Daniel,DEMEK Tomas,POL,CZE,4,1,"11,6,11,11,11|4,11,6,7,9",R64,GRAND_SLAM,MS,1809,Main Draw,GORAK Daniel (POL),DEMEK Tomas (CZE),,,1 - 4,4:11 11:6 6:11 7:11 9:11,GORAK Daniel,2006
Russian Open St. Petersburg 2006,2006-11-01,CHANG Yen-Shu,GAVRILOV Denis,TPE,RUS,4,0,"11,11,11,11|5,6,9,9",R64,GRAND_SLAM,MS,1809,Main Draw,CHANG Yen-Shu (TPE),GAVRILOV Denis (RUS),,,4 - 0,11:5 11:6 11:9 11:9,CHANG Yen-Shu,2006
Russian Open St. Petersburg 2006,2006-11-01,PRIMORAC Zoran,SIMONER Christoph,CRO,AUT,4,3,"11,11,8,11,8,8,11|6,7,11,6,11,11,4",R64,GRAND_SLAM,MS,1809,Main Draw,PRIMORAC Zoran (CRO),SIMONER Christoph (AUT),,,3 - 4,6:11 7:11 11:8 6:11 11:8 11:8 4:11,PRIMORAC Zoran,2006
Russian Open St. Petersburg 2006,2006-11-01,SMIRNOV Alexey,PRESSLMAYER Bernhard,RUS,AUT,4,0,"11,11,11,11|8,7,4,8",R64,GRAND_SLAM,MS,1809,Main Draw,SMIRNOV Alexey (RUS),PRESSLMAYER Bernhard (AUT),,,4 - 0,11:8 11:7 11:4 11:8,SMIRNOV Alexey,2006
Russian Open St. Petersburg 2006,2006-11-01,PETO Zsolt,TOSIC Roko,SRB,CRO,4,2,"12,7,11,11,7,11|10,11,5,9,11,6",R64,GRAND_SLAM,MS,1809,Main Draw,PETO Zsolt (SRB),TOSIC Roko (CRO),,,4 - 2,12:10 7:11 11:5 11:9 7:11 11:6,PETO Zsolt,2006
Russian Open St. Petersburg 2006,2006-11-01,LENGEROV Kostadin,BOBILLIER Loic,AUT,FRA,4,2,"16,12,6,11,9,11|14,10,11,6,11,6",R64,GRAND_SLAM,MS,1809,Main Draw,LENGEROV Kostadin (AUT),BOBILLIER Loic (FRA),,,4 - 2,16:14 12:10 6:11 11:6 9:11 11:6,LENGEROV Kostadin,2006
Russian Open St. Petersburg 2006,2006-11-01,KONECNY Tomas,GIONIS Panagiotis,CZE,GRE,4,3,"9,7,11,12,11,9,11|11,11,9,10,7,11,9",R64,GRAND_SLAM,MS,1809,Main Draw,KONECNY Tomas (CZE),GIONIS Panagiotis (GRE),,,4 - 3,9:11 7:11 11:9 12:10 11:7 9:11 11:9,KONECNY Tomas,2006
Russian Open St. Petersburg 2006,2006-11-01,ELOI Damien,KNIGHT Darius,FRA,ENG,4,0,"11,11,11,11|0,3,5,6",R64,GRAND_SLAM,MS,1809,Main Draw,ELOI Damien (FRA),KNIGHT Darius (ENG),,,4 - 0,11:0 11:3 11:5 11:6,ELOI Damien,2006
Russian Open St. Petersburg 2006,2006-11-01,MONRAD Martin,VOSTES Yannick,DEN,BEL,4,2,"14,9,11,11,8,11|12,11,6,6,11,5",R64,GRAND_SLAM,MS,1809,Main Draw,MONRAD Martin (DEN),VOSTES Yannick (BEL),,,2 - 4,12:14 11:9 6:11 6:11 11:8 5:11,MONRAD Martin,2006
Russian Open St. Petersburg 2006,2006-11-01,RUBTSOV Igor,DIDUKH Oleksandr,RUS,UKR,4,2,"6,11,11,5,11,11|11,7,8,11,5,7",R64,GRAND_SLAM,MS,1809,Main Draw,RUBTSOV Igor (RUS),DIDUKH Oleksandr (UKR),,,2 - 4,11:6 7:11 8:11 11:5 5:11 7:11,RUBTSOV Igor,2006
Russian Open St. Petersburg 2006,2006-11-01,JAKAB Janos,SAIVE Jean-Michel,HUN,BEL,4,3,"11,8,8,14,11,4,13|5,11,11,12,3,11,11",R64,GRAND_SLAM,MS,1809,Main Draw,JAKAB Janos (HUN),SAIVE Jean-Michel (BEL),,,4 - 3,11:5 8:11 8:11 14:12 11:3 4:11 13:11,JAKAB Janos,2006
Russian Open St. Petersburg 2006,2006-11-01,CHUANG Chih-Yuan,ANDRIANOV Sergei,TPE,RUS,4,0,"11,12,11,11|3,10,8,8",R64,GRAND_SLAM,MS,1809,Main Draw,CHUANG Chih-Yuan (TPE),ANDRIANOV Sergei (RUS),,,4 - 0,11:3 12:10 11:8 11:8,CHUANG Chih-Yuan,2006
Russian Open St. Petersburg 2006,2006-11-01,HOU Yingchao,MATSUMOTO Cazuo,CAN,BRA,4,0,"11,11,11,11|6,4,8,4",R64,GRAND_SLAM,MS,1809,Main Draw,HOU Yingchao (CAN),MATSUMOTO Cazuo (BRA),,,0 - 4,6:11 4:11 8:11 4:11,HOU Yingchao,2006
Russian Open St. Petersburg 2006,2006-11-01,MONTEIRO Thiago,FADEEV Evgeny,BRA,RUS,4,1,"6,13,11,11,11|11,11,7,2,9",R64,GRAND_SLAM,MS,1809,Main Draw,MONTEIRO Thiago (BRA),FADEEV Evgeny (RUS),,,4 - 1,6:11 13:11 11:7 11:2 11:9,MONTEIRO Thiago,2006
Russian Open St. Petersburg 2006,2006-11-01,CHILA Patrick,SURBEK Dragutin,FRA,CRO,4,3,"8,6,12,11,8,11,11|11,11,10,9,11,9,7",R64,GRAND_SLAM,MS,1809,Main Draw,CHILA Patrick (FRA),SURBEK Dragutin (CRO),,,3 - 4,11:8 11:6 10:12 9:11 11:8 9:11 7:11,CHILA Patrick,2006
Russian Open St. Petersburg 2006,2006-11-01,GAO Ning,PRYSHCHEPA Ievgen,SGP,UKR,4,0,"11,11,15,11|7,8,13,7",R64,GRAND_SLAM,MS,1809,Main Draw,GAO Ning (SGP),PRYSHCHEPA Ievgen (UKR),,,4 - 0,11:7 11:8 15:13 11:7,GAO Ning,2006
Russian Open St. Petersburg 2006,2006-11-01,SKACHKOV Kirill,WANG Zengyi,RUS,POL,4,3,"11,9,10,11,4,11,11|7,11,12,9,11,7,8",R64,GRAND_SLAM,MS,1809,Main Draw,SKACHKOV Kirill (RUS),WANG Zengyi (POL),,,4 - 3,11:7 9:11 10:12 11:9 4:11 11:7 11:8,SKACHKOV Kirill,2006
Russian Open St. Petersburg 2006,2006-11-01,BERTIN Christophe,STETSENKO Alexander,FRA,RUS,4,1,"12,11,8,11,11|10,5,11,9,6",R64,GRAND_SLAM,MS,1809,Main Draw,BERTIN Christophe (FRA),STETSENKO Alexander (RUS),,,4 - 1,12:10 11:5 8:11 11:9 11:6,BERTIN Christophe,2006
Russian Open St. Petersburg 2006,2006-11-01,CHIANG Peng-Lung,SEL Zolt,TPE,SRB,4,0,"11,11,11,11|3,9,5,8",R64,GRAND_SLAM,MS,1809,Main Draw,CHIANG Peng-Lung (TPE),SEL Zolt (SRB),,,0 - 4,3:11 9:11 5:11 8:11,CHIANG Peng-Lung,2006
Russian Open St. Petersburg 2006,2006-11-01,MAZE Michael,REDJEP Ronald,DEN,CRO,4,0,"11,11,11,13|5,5,8,11",R64,GRAND_SLAM,MS,1809,Main Draw,MAZE Michael (DEN),REDJEP Ronald (CRO),,,4 - 0,11:5 11:5 11:8 13:11,MAZE Michael,2006
Russian Open St. Petersburg 2006,2006-11-01,LEGOUT Christophe,NEKHVEDOVICH Vitaly,FRA,BLR,4,2,"8,11,11,9,11,11|11,5,4,11,6,7",R64,GRAND_SLAM,MS,1809,Main Draw,LEGOUT Christophe (FRA),NEKHVEDOVICH Vitaly (BLR),,,2 - 4,11:8 5:11 4:11 11:9 6:11 7:11,LEGOUT Christophe,2006
Russian Open St. Petersburg 2006,2006-11-01,PAZSY Ferenc,BRATANOV Martin,HUN,BEL,4,1,"6,11,11,11,11|11,4,5,2,6",R64,GRAND_SLAM,MS,1809,Main Draw,PAZSY Ferenc (HUN),BRATANOV Martin (BEL),,,4 - 1,6:11 11:4 11:5 11:2 11:6,PAZSY Ferenc,2006
Russian Open St. Petersburg 2006,2006-11-01,YANG Zi,KATKOV Ivan,SGP,UKR,4,1,"11,12,11,8,11|7,10,9,11,3",R64,GRAND_SLAM,MS,1809,Main Draw,YANG Zi (SGP),KATKOV Ivan (UKR),,,1 - 4,7:11 10:12 9:11 11:8 3:11,YANG Zi,2006
Russian Open St. Petersburg 2006,2006-11-01,GARDOS Robert,LIVENTSOV Alexey,AUT,RUS,4,2,"11,11,11,7,6,11|6,8,8,11,11,4",R64,GRAND_SLAM,MS,1809,Main Draw,GARDOS Robert (AUT),LIVENTSOV Alexey (RUS),,,4 - 2,11:6 11:8 11:8 7:11 6:11 11:4,GARDOS Robert,2006
Russian Open St. Petersburg 2006,2006-11-01,WOSIK Torben,LAKEEV Vasily,GER,RUS,4,2,"5,11,11,8,11,11|11,4,6,11,5,6",R64,GRAND_SLAM,MS,1809,Main Draw,WOSIK Torben (GER),LAKEEV Vasily (RUS),,,2 - 4,11:5 4:11 6:11 11:8 5:11 6:11,WOSIK Torben,2006
Russian Open St. Petersburg 2006,2006-11-01,ZWICKL Daniel,FENG Xiaoquan,HUN,AUT,4,3,"12,11,7,11,7,11,11|10,3,11,13,11,7,6",R64,GRAND_SLAM,MS,1809,Main Draw,ZWICKL Daniel (HUN),FENG Xiaoquan (AUT),,,4 - 3,12:10 11:3 7:11 11:13 7:11 11:7 11:6,ZWICKL Daniel,2006
Russian Open St. Petersburg 2006,2006-11-01,SCHLAGER Werner,REGENTOV Evgenii,AUT,RUS,4,0,"13,11,11,11|11,3,5,6",R64,GRAND_SLAM,MS,1809,Main Draw,SCHLAGER Werner (AUT),REGENTOV Evgenii (RUS),,,0 - 4,11:13 3:11 5:11 6:11,SCHLAGER Werner,2006
Russian Open St. Petersburg 2006,2006-11-01,CHEN Weixing,PISTEJ Lubomir,AUT,SVK,4,2,"8,11,11,11,11,11|11,6,7,7,13,6",R32,GRAND_SLAM,MS,1809,Main Draw,CHEN Weixing (AUT),PISTEJ Lubomir (SVK),,,4 - 2,8:11 11:6 11:7 11:7 11:13 11:6,CHEN Weixing,2006
Russian Open St. Petersburg 2006,2006-11-01,KLASEK Marek,JOVER Sebastien,CZE,FRA,4,1,"11,17,9,11,11|4,15,11,8,3",R32,GRAND_SLAM,MS,1809,Main Draw,KLASEK Marek (CZE),JOVER Sebastien (FRA),,,4 - 1,11:4 17:15 9:11 11:8 11:3,KLASEK Marek,2006
Russian Open St. Petersburg 2006,2006-11-01,GORAK Daniel,LIN Ju,POL,DOM,4,3,"9,7,11,10,11,12,11|11,11,4,12,8,10,6",R32,GRAND_SLAM,MS,1809,Main Draw,GORAK Daniel (POL),LIN Ju (DOM),,,3 - 4,11:9 11:7 4:11 12:10 8:11 10:12 6:11,GORAK Daniel,2006
Russian Open St. Petersburg 2006,2006-11-01,PRIMORAC Zoran,CHANG Yen-Shu,CRO,TPE,4,2,"4,11,13,8,11,11|11,4,11,11,7,8",R32,GRAND_SLAM,MS,1809,Main Draw,PRIMORAC Zoran (CRO),CHANG Yen-Shu (TPE),,,2 - 4,11:4 4:11 11:13 11:8 7:11 8:11,PRIMORAC Zoran,2006
Russian Open St. Petersburg 2006,2006-11-01,SMIRNOV Alexey,PETO Zsolt,RUS,SRB,4,2,"16,9,5,11,11,11|14,11,11,6,1,5",R32,GRAND_SLAM,MS,1809,Main Draw,SMIRNOV Alexey (RUS),PETO Zsolt (SRB),,,4 - 2,16:14 9:11 5:11 11:6 11:1 11:5,SMIRNOV Alexey,2006
Russian Open St. Petersburg 2006,2006-11-01,KONECNY Tomas,LENGEROV Kostadin,CZE,AUT,4,3,"6,12,8,12,9,11,11|11,10,11,10,11,8,8",R32,GRAND_SLAM,MS,1809,Main Draw,KONECNY Tomas (CZE),LENGEROV Kostadin (AUT),,,3 - 4,11:6 10:12 11:8 10:12 11:9 8:11 8:11,KONECNY Tomas,2006
Russian Open St. Petersburg 2006,2006-11-01,ELOI Damien,MONRAD Martin,FRA,DEN,4,3,"4,4,19,11,9,11,11|11,11,17,9,11,5,7",R32,GRAND_SLAM,MS,1809,Main Draw,ELOI Damien (FRA),MONRAD Martin (DEN),,,4 - 3,4:11 4:11 19:17 11:9 9:11 11:5 11:7,ELOI Damien,2006
Russian Open St. Petersburg 2006,2006-11-01,RUBTSOV Igor,JAKAB Janos,RUS,HUN,4,3,"7,11,12,11,8,11,11|11,6,10,8,11,13,8",R32,GRAND_SLAM,MS,1809,Main Draw,RUBTSOV Igor (RUS),JAKAB Janos (HUN),,,4 - 3,7:11 11:6 12:10 11:8 8:11 11:13 11:8,RUBTSOV Igor,2006
Russian Open St. Petersburg 2006,2006-11-01,HOU Yingchao,CHUANG Chih-Yuan,CAN,TPE,4,0,"11,11,11,11|2,5,5,4",R32,GRAND_SLAM,MS,1809,Main Draw,HOU Yingchao (CAN),CHUANG Chih-Yuan (TPE),,,0 - 4,2:11 5:11 5:11 4:11,HOU Yingchao,2006
Russian Open St. Petersburg 2006,2006-11-01,CHILA Patrick,MONTEIRO Thiago,FRA,BRA,4,0,"11,11,11,11|6,4,6,9",R32,GRAND_SLAM,MS,1809,Main Draw,CHILA Patrick (FRA),MONTEIRO Thiago (BRA),,,0 - 4,6:11 4:11 6:11 9:11,CHILA Patrick,2006
Russian Open St. Petersburg 2006,2006-11-01,GAO Ning,SKACHKOV Kirill,SGP,RUS,4,0,"11,14,11,11|5,12,9,6",R32,GRAND_SLAM,MS,1809,Main Draw,GAO Ning (SGP),SKACHKOV Kirill (RUS),,,4 - 0,11:5 14:12 11:9 11:6,GAO Ning,2006
Russian Open St. Petersburg 2006,2006-11-01,CHIANG Peng-Lung,BERTIN Christophe,TPE,FRA,4,1,"8,11,11,11,11|11,2,7,3,4",R32,GRAND_SLAM,MS,1809,Main Draw,CHIANG Peng-Lung (TPE),BERTIN Christophe (FRA),,,1 - 4,11:8 2:11 7:11 3:11 4:11,CHIANG Peng-Lung,2006
Russian Open St. Petersburg 2006,2006-11-01,MAZE Michael,LEGOUT Christophe,DEN,FRA,4,1,"11,11,14,8,11|6,8,12,11,4",R32,GRAND_SLAM,MS,1809,Main Draw,MAZE Michael (DEN),LEGOUT Christophe (FRA),,,4 - 1,11:6 11:8 14:12 8:11 11:4,MAZE Michael,2006
Russian Open St. Petersburg 2006,2006-11-01,YANG Zi,PAZSY Ferenc,SGP,HUN,4,1,"11,5,11,12,11|8,11,9,10,9",R32,GRAND_SLAM,MS,1809,Main Draw,YANG Zi (SGP),PAZSY Ferenc (HUN),,,1 - 4,8:11 11:5 9:11 10:12 9:11,YANG Zi,2006
Russian Open St. Petersburg 2006,2006-11-01,GARDOS Robert,WOSIK Torben,AUT,GER,4,1,"11,4,11,13,11|9,11,5,11,9",R32,GRAND_SLAM,MS,1809,Main Draw,GARDOS Robert (AUT),WOSIK Torben (GER),,,4 - 1,11:9 4:11 11:5 13:11 11:9,GARDOS Robert,2006
Russian Open St. Petersburg 2006,2006-11-01,SCHLAGER Werner,ZWICKL Daniel,AUT,HUN,4,0,"11,13,19,11|4,11,17,8",R32,GRAND_SLAM,MS,1809,Main Draw,SCHLAGER Werner (AUT),ZWICKL Daniel (HUN),,,0 - 4,4:11 11:13 17:19 8:11,SCHLAGER Werner,2006
Russian Open St. Petersburg 2006,2006-11-01,CHEN Weixing,KLASEK Marek,AUT,CZE,4,1,"11,7,11,16,11|7,11,8,14,4",R16,GRAND_SLAM,MS,1809,Main Draw,CHEN Weixing (AUT),KLASEK Marek (CZE),,,4 - 1,11:7 7:11 11:8 16:14 11:4,CHEN Weixing,2006
Russian Open St. Petersburg 2006,2006-11-01,PRIMORAC Zoran,GORAK Daniel,CRO,POL,4,0,"11,11,11,11|7,4,9,9",R16,GRAND_SLAM,MS,1809,Main Draw,PRIMORAC Zoran (CRO),GORAK Daniel (POL),,,0 - 4,7:11 4:11 9:11 9:11,PRIMORAC Zoran,2006
Russian Open St. Petersburg 2006,2006-11-01,SMIRNOV Alexey,KONECNY Tomas,RUS,CZE,4,1,"11,11,11,8,11|9,7,8,11,6",R16,GRAND_SLAM,MS,1809,Main Draw,SMIRNOV Alexey (RUS),KONECNY Tomas (CZE),,,4 - 1,11:9 11:7 11:8 8:11 11:6,SMIRNOV Alexey,2006
Russian Open St. Petersburg 2006,2006-11-01,RUBTSOV Igor,ELOI Damien,RUS,FRA,4,2,"11,7,11,11,2,11|8,11,9,8,11,8",R16,GRAND_SLAM,MS,1809,Main Draw,RUBTSOV Igor (RUS),ELOI Damien (FRA),,,2 - 4,8:11 11:7 9:11 8:11 11:2 8:11,RUBTSOV Igor,2006
Russian Open St. Petersburg 2006,2006-11-01,HOU Yingchao,CHILA Patrick,CAN,FRA,4,0,"11,11,11,11|1,6,8,5",R16,GRAND_SLAM,MS,1809,Main Draw,HOU Yingchao (CAN),CHILA Patrick (FRA),,,4 - 0,11:1 11:6 11:8 11:5,HOU Yingchao,2006
Russian Open St. Petersburg 2006,2006-11-01,GAO Ning,CHIANG Peng-Lung,SGP,TPE,4,0,"11,12,11,13|7,10,9,11",R16,GRAND_SLAM,MS,1809,Main Draw,GAO Ning (SGP),CHIANG Peng-Lung (TPE),,,4 - 0,11:7 12:10 11:9 13:11,GAO Ning,2006
Russian Open St. Petersburg 2006,2006-11-01,MAZE Michael,YANG Zi,DEN,SGP,4,1,"7,11,11,11,11|11,7,7,8,7",R16,GRAND_SLAM,MS,1809,Main Draw,MAZE Michael (DEN),YANG Zi (SGP),,,4 - 1,7:11 11:7 11:7 11:8 11:7,MAZE Michael,2006
Russian Open St. Petersburg 2006,2006-11-01,SCHLAGER Werner,GARDOS Robert,AUT,AUT,4,1,"8,11,11,11,12|11,8,3,4,10",R16,GRAND_SLAM,MS,1809,Main Draw,SCHLAGER Werner (AUT),GARDOS Robert (AUT),,,1 - 4,11:8 8:11 3:11 4:11 10:12,SCHLAGER Werner,2006
Russian Open St. Petersburg 2006,2006-11-01,PRIMORAC Zoran,CHEN Weixing,CRO,AUT,4,1,"6,11,11,11,11|11,9,8,6,3",QuarterFinal,GRAND_SLAM,MS,1809,Main Draw,PRIMORAC Zoran (CRO),CHEN Weixing (AUT),,,1 - 4,11:6 9:11 8:11 6:11 3:11,PRIMORAC Zoran,2006
Russian Open St. Petersburg 2006,2006-11-01,RUBTSOV Igor,SMIRNOV Alexey,RUS,RUS,4,2,"6,11,9,11,11,11|11,6,11,8,6,5",QuarterFinal,GRAND_SLAM,MS,1809,Main Draw,RUBTSOV Igor (RUS),SMIRNOV Alexey (RUS),,,2 - 4,11:6 6:11 11:9 8:11 6:11 5:11,RUBTSOV Igor,2006
Russian Open St. Petersburg 2006,2006-11-01,HOU Yingchao,GAO Ning,CAN,SGP,4,0,"11,11,11,11|7,4,6,5",QuarterFinal,GRAND_SLAM,MS,1809,Main Draw,HOU Yingchao (CAN),GAO Ning (SGP),,,4 - 0,11:7 11:4 11:6 11:5,HOU Yingchao,2006
Russian Open St. Petersburg 2006,2006-11-01,MAZE Michael,SCHLAGER Werner,DEN,AUT,4,2,"11,11,9,11,10,11|8,3,11,7,12,6",QuarterFinal,GRAND_SLAM,MS,1809,Main Draw,MAZE Michael (DEN),SCHLAGER Werner (AUT),,,4 - 2,11:8 11:3 9:11 11:7 10:12 11:6,MAZE Michael,2006
Russian Open St. Petersburg 2006,2006-11-01,PRIMORAC Zoran,RUBTSOV Igor,CRO,RUS,4,2,"8,11,11,11,11,11|11,5,8,13,9,8",SemiFinal,GRAND_SLAM,MS,1809,Main Draw,PRIMORAC Zoran (CRO),RUBTSOV Igor (RUS),,,4 - 2,8:11 11:5 11:8 11:13 11:9 11:8,PRIMORAC Zoran,2006
Russian Open St. Petersburg 2006,2006-11-01,HOU Yingchao,MAZE Michael,CAN,DEN,4,0,"11,11,11,12|9,4,6,10",SemiFinal,GRAND_SLAM,MS,1809,Main Draw,HOU Yingchao (CAN),MAZE Michael (DEN),,,4 - 0,11:9 11:4 11:6 12:10,HOU Yingchao,2006
Russian Open St. Petersburg 2006,2006-11-01,HOU Yingchao,PRIMORAC Zoran,CAN,CRO,4,3,"6,11,13,11,9,4,11|11,8,11,8,11,11,8",Final,GRAND_SLAM,MS,1809,Main Draw,HOU Yingchao (CAN),PRIMORAC Zoran (CRO),,,3 - 4,11:6 8:11 11:13 8:11 11:9 11:4 8:11,HOU Yingchao,2006
Russian Open St. Petersburg 2006,2006-11-01,BALTRUSHKA Dzmitry,SMIRNOV Aleksandr,BLR,EST,4,1,"10,11,11,11,13|12,9,5,4,11",,GRAND_SLAM,MS,1809,Qualification,BALTRUSHKA Dzmitry (BLR),SMIRNOV Aleksandr (EST),,,1 - 4,12:10 9:11 5:11 4:11 11:13,BALTRUSHKA Dzmitry,2006
Russian Open St. Petersburg 2006,2006-11-01,ANDRIANOV Sergei,BALTRUSHKA Dzmitry,RUS,BLR,4,0,"11,11,11,11|6,9,9,4",QR2,GRAND_SLAM,MS,1809,Qualification,ANDRIANOV Sergei (RUS),BALTRUSHKA Dzmitry (BLR),,,4 - 0,11:6 11:9 11:9 11:4,ANDRIANOV Sergei,2006
Russian Open St. Petersburg 2006,2006-11-01,ANDRIANOV Sergei,SMIRNOV Aleksandr,RUS,EST,4,2,"9,11,11,11,11,11|11,5,6,13,4,4",3,GRAND_SLAM,MS,1809,Qualification,ANDRIANOV Sergei (RUS),SMIRNOV Aleksandr (EST),,,4 - 2,9:11 11:5 11:6 11:13 11:4 11:4,ANDRIANOV Sergei,2006
Russian Open St. Petersburg 2006,2006-11-01,UTOCHKIN Artem,DIDUKH Viktor,RUS,UKR,4,3,"11,8,8,11,4,11,11|5,11,11,8,11,6,8",,GRAND_SLAM,MS,1809,Qualification,UTOCHKIN Artem (RUS),DIDUKH Viktor (UKR),,,4 - 3,11:5 8:11 8:11 11:8 4:11 11:6 11:8,UTOCHKIN Artem,2006
Russian Open St. Petersburg 2006,2006-11-01,DIDUKH Viktor,CAI Xiaoli,UKR,SGP,4,3,"11,10,7,5,12,11,11|6,12,11,11,10,8,9",QR2,GRAND_SLAM,MS,1809,Qualification,DIDUKH Viktor (UKR),CAI Xiaoli (SGP),,,3 - 4,6:11 12:10 11:7 11:5 10:12 8:11 9:11,DIDUKH Viktor,2006
Russian Open St. Petersburg 2006,2006-11-01,CAI Xiaoli,UTOCHKIN Artem,SGP,RUS,4,0,"11,12,11,11|4,10,5,6",3,GRAND_SLAM,MS,1809,Qualification,CAI Xiaoli (SGP),UTOCHKIN Artem (RUS),,,4 - 0,11:4 12:10 11:5 11:6,CAI Xiaoli,2006
Russian Open St. Petersburg 2006,2006-11-01,FILENKO Oleg,KLEPRLIK Michal,UKR,CZE,4,0,"11,11,11,11|7,5,8,7",,GRAND_SLAM,MS,1809,Qualification,FILENKO Oleg (UKR),KLEPRLIK Michal (CZE),,,0 - 4,7:11 5:11 8:11 7:11,FILENKO Oleg,2006
Russian Open St. Petersburg 2006,2006-11-01,LIVENTSOV Alexey,FILENKO Oleg,RUS,UKR,4,3,"7,9,11,7,11,12,11|11,11,8,11,9,10,5",QR2,GRAND_SLAM,MS,1809,Qualification,LIVENTSOV Alexey (RUS),FILENKO Oleg (UKR),,,4 - 3,7:11 9:11 11:8 7:11 11:9 12:10 11:5,LIVENTSOV Alexey,2006
Russian Open St. Petersburg 2006,2006-11-01,PAIKOV Mikhail,ZAKLADNYI Gennadii,RUS,UKR,4,0,"12,15,11,12|10,13,7,10",,GRAND_SLAM,MS,1809,Qualification,PAIKOV Mikhail (RUS),ZAKLADNYI Gennadii (UKR),,,0 - 4,10:12 13:15 7:11 10:12,PAIKOV Mikhail,2006
Russian Open St. Petersburg 2006,2006-11-01,JOVER Sebastien,PAIKOV Mikhail,FRA,RUS,4,1,"11,8,11,12,14|8,11,9,10,12",QR2,GRAND_SLAM,MS,1809,Qualification,JOVER Sebastien (FRA),PAIKOV Mikhail (RUS),,,4 - 1,11:8 8:11 11:9 12:10 14:12,JOVER Sebastien,2006
Russian Open St. Petersburg 2006,2006-11-01,JOVER Sebastien,ZAKLADNYI Gennadii,FRA,UKR,4,0,"11,15,11,11|6,13,5,3",3,GRAND_SLAM,MS,1809,Qualification,JOVER Sebastien (FRA),ZAKLADNYI Gennadii (UKR),,,4 - 0,11:6 15:13 11:5 11:3,JOVER Sebastien,2006
Russian Open St. Petersburg 2006,2006-11-01,MANTUROV Sergei,SHEVCHENKO Semen,EST,RUS,4,0,"12,11,11,12|10,9,8,10",,GRAND_SLAM,MS,1809,Qualification,MANTUROV Sergei (EST),SHEVCHENKO Semen (RUS),,,0 - 4,10:12 9:11 8:11 10:12,MANTUROV Sergei,2006
Russian Open St. Petersburg 2006,2006-11-01,JAKAB Janos,MANTUROV Sergei,HUN,EST,4,0,"11,11,11,11|8,8,9,4",QR2,GRAND_SLAM,MS,1809,Qualification,JAKAB Janos (HUN),MANTUROV Sergei (EST),,,4 - 0,11:8 11:8 11:9 11:4,JAKAB Janos,2006
Russian Open St. Petersburg 2006,2006-11-01,JAKAB Janos,SHEVCHENKO Semen,HUN,RUS,4,0,"11,11,11,11|3,9,4,5",3,GRAND_SLAM,MS,1809,Qualification,JAKAB Janos (HUN),SHEVCHENKO Semen (RUS),,,4 - 0,11:3 11:9 11:4 11:5,JAKAB Janos,2006
Russian Open St. Petersburg 2006,2006-11-01,STETSENKO Alexander,ZLAMAL Jaromir,RUS,CZE,4,2,"11,20,7,9,11,11|7,18,11,11,4,8",,GRAND_SLAM,MS,1809,Qualification,STETSENKO Alexander (RUS),ZLAMAL Jaromir (CZE),,,4 - 2,11:7 20:18 7:11 9:11 11:4 11:8,STETSENKO Alexander,2006
Russian Open St. Petersburg 2006,2006-11-01,MOSKAEV Ivan,YEFIMOV Viktor,RUS,UKR,4,1,"11,11,14,8,11|7,6,12,11,6",,GRAND_SLAM,MS,1809,Qualification,MOSKAEV Ivan (RUS),YEFIMOV Viktor (UKR),,,4 - 1,11:7 11:6 14:12 8:11 11:6,MOSKAEV Ivan,2006
Russian Open St. Petersburg 2006,2006-11-01,BRATANOV Martin,YEFIMOV Viktor,BEL,UKR,4,2,"11,11,7,4,11,11|5,4,11,11,5,8",QR2,GRAND_SLAM,MS,1809,Qualification,BRATANOV Martin (BEL),YEFIMOV Viktor (UKR),,,4 - 2,11:5 11:4 7:11 4:11 11:5 11:8,BRATANOV Martin,2006
Russian Open St. Petersburg 2006,2006-11-01,BRATANOV Martin,MOSKAEV Ivan,BEL,RUS,4,1,"11,11,11,5,11|4,5,9,11,8",3,GRAND_SLAM,MS,1809,Qualification,BRATANOV Martin (BEL),MOSKAEV Ivan (RUS),,,4 - 1,11:4 11:5 11:9 5:11 11:8,BRATANOV Martin,2006
Russian Open St. Petersburg 2006,2006-11-01,TUZHYLIN Olexandr,BARKHATOV Evgenij,UKR,RUS,4,0,"11,11,11,11|5,8,8,5",,GRAND_SLAM,MS,1809,Qualification,TUZHYLIN Olexandr (UKR),BARKHATOV Evgenij (RUS),,,4 - 0,11:5 11:8 11:8 11:5,TUZHYLIN Olexandr,2006
Russian Open St. Petersburg 2006,2006-11-01,BOBILLIER Loic,BARKHATOV Evgenij,FRA,RUS,4,0,"11,11,11,11|6,8,3,3",QR2,GRAND_SLAM,MS,1809,Qualification,BOBILLIER Loic (FRA),BARKHATOV Evgenij (RUS),,,4 - 0,11:6 11:8 11:3 11:3,BOBILLIER Loic,2006
Russian Open St. Petersburg 2006,2006-11-01,BOBILLIER Loic,TUZHYLIN Olexandr,FRA,UKR,4,1,"11,11,11,6,11|3,8,9,11,6",3,GRAND_SLAM,MS,1809,Qualification,BOBILLIER Loic (FRA),TUZHYLIN Olexandr (UKR),,,4 - 1,11:3 11:8 11:9 6:11 11:6,BOBILLIER Loic,2006
Russian Open St. Petersburg 2006,2006-11-01,CHMIEL Piotr,KOBES Kristian,POL,SVK,4,3,"11,10,11,6,11,8,11|6,12,4,11,8,11,8",,GRAND_SLAM,MS,1809,Qualification,CHMIEL Piotr (POL),KOBES Kristian (SVK),,,4 - 3,11:6 10:12 11:4 6:11 11:8 8:11 11:8,CHMIEL Piotr,2006
Russian Open St. Petersburg 2006,2006-11-01,RUBTSOV Igor,KOBES Kristian,RUS,SVK,4,0,"11,11,11,11|7,3,9,3",QR2,GRAND_SLAM,MS,1809,Qualification,RUBTSOV Igor (RUS),KOBES Kristian (SVK),,,4 - 0,11:7 11:3 11:9 11:3,RUBTSOV Igor,2006
Russian Open St. Petersburg 2006,2006-11-01,RUBTSOV Igor,CHMIEL Piotr,RUS,POL,4,2,"11,9,10,11,12,11|4,11,12,7,10,7",3,GRAND_SLAM,MS,1809,Qualification,RUBTSOV Igor (RUS),CHMIEL Piotr (POL),,,4 - 2,11:4 9:11 10:12 11:7 12:10 11:7,RUBTSOV Igor,2006
Russian Open St. Petersburg 2006,2006-11-01,MATSUMOTO Cazuo,GRACHEV Andrei,BRA,RUS,4,2,"11,11,10,11,11,11|7,5,12,13,4,9",3,GRAND_SLAM,MS,1809,Qualification,MATSUMOTO Cazuo (BRA),GRACHEV Andrei (RUS),,,4 - 2,11:7 11:5 10:12 11:13 11:4 11:9,MATSUMOTO Cazuo,2006
Russian Open St. Petersburg 2006,2006-11-01,KOSOWSKI Jakub,FILICHEV Vitaly,POL,RUS,4,0,"16,11,11,11|14,3,8,7",3,GRAND_SLAM,MS,1809,Qualification,KOSOWSKI Jakub (POL),FILICHEV Vitaly (RUS),,,4 - 0,16:14 11:3 11:8 11:7,KOSOWSKI Jakub,2006
Russian Open St. Petersburg 2006,2006-11-01,KUCHUK Aleksandr,OLONOV Alexander,BLR,RUS,4,3,"11,6,11,10,11,5,11|2,11,4,12,4,11,6",,GRAND_SLAM,MS,1809,Qualification,KUCHUK Aleksandr (BLR),OLONOV Alexander (RUS),,,4 - 3,11:2 6:11 11:4 10:12 11:4 5:11 11:6,KUCHUK Aleksandr,2006
Russian Open St. Petersburg 2006,2006-11-01,SIMONER Christoph,OLONOV Alexander,AUT,RUS,4,0,"11,11,11,11|4,4,3,1",QR2,GRAND_SLAM,MS,1809,Qualification,SIMONER Christoph (AUT),OLONOV Alexander (RUS),,,4 - 0,11:4 11:4 11:3 11:1,SIMONER Christoph,2006
Russian Open St. Petersburg 2006,2006-11-01,SIMONER Christoph,KUCHUK Aleksandr,AUT,BLR,4,2,"11,13,10,11,5,11|7,11,12,6,11,6",3,GRAND_SLAM,MS,1809,Qualification,SIMONER Christoph (AUT),KUCHUK Aleksandr (BLR),,,4 - 2,11:7 13:11 10:12 11:6 5:11 11:6,SIMONER Christoph,2006
Russian Open St. Petersburg 2006,2006-11-01,MAECK Anthony,BUKIN Andrey,BEL,RUS,4,2,"7,11,11,1,11,11|11,8,9,11,5,5",,GRAND_SLAM,MS,1809,Qualification,MAECK Anthony (BEL),BUKIN Andrey (RUS),,,4 - 2,7:11 11:8 11:9 1:11 11:5 11:5,MAECK Anthony,2006
Russian Open St. Petersburg 2006,2006-11-01,ROBERTSON Adam,BUKIN Andrey,WAL,RUS,4,1,"11,6,11,11,11|2,11,5,8,3",QR2,GRAND_SLAM,MS,1809,Qualification,ROBERTSON Adam (WAL),BUKIN Andrey (RUS),,,4 - 1,11:2 6:11 11:5 11:8 11:3,ROBERTSON Adam,2006
Russian Open St. Petersburg 2006,2006-11-01,ROBERTSON Adam,MAECK Anthony,WAL,BEL,4,2,"13,11,13,4,9,11|11,3,11,11,11,7",3,GRAND_SLAM,MS,1809,Qualification,ROBERTSON Adam (WAL),MAECK Anthony (BEL),,,4 - 2,13:11 11:3 13:11 4:11 9:11 11:7,ROBERTSON Adam,2006
Russian Open St. Petersburg 2006,2006-11-01,KNIGHT Darius,GASYMOV Elcin,ENG,SVK,4,2,"11,4,11,11,4,11|3,11,6,6,11,8",,GRAND_SLAM,MS,1809,Qualification,KNIGHT Darius (ENG),GASYMOV Elcin (SVK),,,4 - 2,11:3 4:11 11:6 11:6 4:11 11:8,KNIGHT Darius,2006
Russian Open St. Petersburg 2006,2006-11-01,GRIGOREV Artur,GASYMOV Elcin,RUS,SVK,4,1,"11,12,9,11,11|8,10,11,5,6",QR2,GRAND_SLAM,MS,1809,Qualification,GRIGOREV Artur (RUS),GASYMOV Elcin (SVK),,,4 - 1,11:8 12:10 9:11 11:5 11:6,GRIGOREV Artur,2006
Russian Open St. Petersburg 2006,2006-11-01,KNIGHT Darius,GRIGOREV Artur,ENG,RUS,4,0,"11,12,13,11|7,10,11,6",3,GRAND_SLAM,MS,1809,Qualification,KNIGHT Darius (ENG),GRIGOREV Artur (RUS),,,0 - 4,7:11 10:12 11:13 6:11,KNIGHT Darius,2006
Russian Open St. Petersburg 2006,2006-11-01,REGENTOV Evgenii,MERZLIKIN Taras,RUS,RUS,4,3,"11,5,11,4,11,8,11|9,11,9,11,9,11,8",,GRAND_SLAM,MS,1809,Qualification,REGENTOV Evgenii (RUS),MERZLIKIN Taras (RUS),,,4 - 3,11:9 5:11 11:9 4:11 11:9 8:11 11:8,REGENTOV Evgenii,2006
Russian Open St. Petersburg 2006,2006-11-01,ZUBCIC Tomislav,MERZLIKIN Taras,CRO,RUS,4,0,"11,11,11,11|7,3,2,5",QR2,GRAND_SLAM,MS,1809,Qualification,ZUBCIC Tomislav (CRO),MERZLIKIN Taras (RUS),,,4 - 0,11:7 11:3 11:2 11:5,ZUBCIC Tomislav,2006
Russian Open St. Petersburg 2006,2006-11-01,REGENTOV Evgenii,ZUBCIC Tomislav,RUS,CRO,4,3,"10,9,11,11,11,6,11|12,11,9,9,9,11,7",3,GRAND_SLAM,MS,1809,Qualification,REGENTOV Evgenii (RUS),ZUBCIC Tomislav (CRO),,,3 - 4,12:10 11:9 9:11 9:11 9:11 11:6 7:11,REGENTOV Evgenii,2006
Russian Open St. Petersburg 2006,2006-11-01,TACHALOV Anton,KRIVOSHEEV Viacheslav,RUS,RUS,4,3,"11,2,9,11,6,11,12|6,11,11,9,11,7,10",,GRAND_SLAM,MS,1809,Qualification,TACHALOV Anton (RUS),KRIVOSHEEV Viacheslav (RUS),,,4 - 3,11:6 2:11 9:11 11:9 6:11 11:7 12:10,TACHALOV Anton,2006
Russian Open St. Petersburg 2006,2006-11-01,SURBEK Dragutin,KRIVOSHEEV Viacheslav,CRO,RUS,4,3,"6,10,9,11,11,12,11|11,12,11,4,3,10,9",QR2,GRAND_SLAM,MS,1809,Qualification,SURBEK Dragutin (CRO),KRIVOSHEEV Viacheslav (RUS),,,4 - 3,6:11 10:12 9:11 11:4 11:3 12:10 11:9,SURBEK Dragutin,2006
Russian Open St. Petersburg 2006,2006-11-01,SURBEK Dragutin,TACHALOV Anton,CRO,RUS,4,0,"11,11,11,11|5,9,4,9",3,GRAND_SLAM,MS,1809,Qualification,SURBEK Dragutin (CRO),TACHALOV Anton (RUS),,,4 - 0,11:5 11:9 11:4 11:9,SURBEK Dragutin,2006
Russian Open St. Petersburg 2006,2006-11-01,SHIBAEV Alexander,PAPADIMITRIOU Dimitrios,RUS,GRE,4,3,"7,11,11,11,12,8,11|11,7,13,8,10,11,8",,GRAND_SLAM,MS,1809,Qualification,SHIBAEV Alexander (RUS),PAPADIMITRIOU Dimitrios (GRE),,,3 - 4,11:7 7:11 13:11 8:11 10:12 11:8 8:11,SHIBAEV Alexander,2006
Russian Open St. Petersburg 2006,2006-11-01,FADEEV Evgeny,SHIBAEV Alexander,RUS,RUS,4,2,"11,11,11,7,11,11|13,6,5,11,8,6",QR2,GRAND_SLAM,MS,1809,Qualification,FADEEV Evgeny (RUS),SHIBAEV Alexander (RUS),,,4 - 2,11:13 11:6 11:5 7:11 11:8 11:6,FADEEV Evgeny,2006
Russian Open St. Petersburg 2006,2006-11-01,FADEEV Evgeny,PAPADIMITRIOU Dimitrios,RUS,GRE,4,2,"11,7,11,7,11,11|6,11,9,11,7,8",3,GRAND_SLAM,MS,1809,Qualification,FADEEV Evgeny (RUS),PAPADIMITRIOU Dimitrios (GRE),,,4 - 2,11:6 7:11 11:9 7:11 11:7 11:8,FADEEV Evgeny,2006
Russian Open St. Petersburg 2006,2006-11-01,GOLOVANOV Stanislav,ISAEV Evgenij,BUL,LAT,4,1,"11,11,14,7,12|7,7,12,11,10",,GRAND_SLAM,MS,1809,Qualification,GOLOVANOV Stanislav (BUL),ISAEV Evgenij (LAT),,,4 - 1,11:7 11:7 14:12 7:11 12:10,GOLOVANOV Stanislav,2006
Russian Open St. Petersburg 2006,2006-11-01,GAVRILOV Denis,ISAEV Evgenij,RUS,LAT,4,0,"11,11,11,11|6,7,6,7",QR2,GRAND_SLAM,MS,1809,Qualification,GAVRILOV Denis (RUS),ISAEV Evgenij (LAT),,,4 - 0,11:6 11:7 11:6 11:7,GAVRILOV Denis,2006
Russian Open St. Petersburg 2006,2006-11-01,GAVRILOV Denis,GOLOVANOV Stanislav,RUS,BUL,4,2,"9,11,7,11,11,11|11,8,11,4,8,6",3,GRAND_SLAM,MS,1809,Qualification,GAVRILOV Denis (RUS),GOLOVANOV Stanislav (BUL),,,4 - 2,9:11 11:8 7:11 11:4 11:8 11:6,GAVRILOV Denis,2006
Russian Open St. Petersburg 2006,2006-11-01,PANCHENKO Artem,PICHLER Michael,RUS,AUT,4,2,"9,11,5,11,11,12|11,7,11,9,9,10",,GRAND_SLAM,MS,1809,Qualification,PANCHENKO Artem (RUS),PICHLER Michael (AUT),,,2 - 4,11:9 7:11 11:5 9:11 9:11 10:12,PANCHENKO Artem,2006
Russian Open St. Petersburg 2006,2006-11-01,KATKOV Ivan,PANCHENKO Artem,UKR,RUS,4,0,"11,13,11,11|8,11,7,7",QR2,GRAND_SLAM,MS,1809,Qualification,KATKOV Ivan (UKR),PANCHENKO Artem (RUS),,,4 - 0,11:8 13:11 11:7 11:7,KATKOV Ivan,2006
Russian Open St. Petersburg 2006,2006-11-01,PICHLER Michael,KATKOV Ivan,AUT,UKR,4,2,"11,11,4,11,7,17|6,8,11,6,11,15",3,GRAND_SLAM,MS,1809,Qualification,PICHLER Michael (AUT),KATKOV Ivan (UKR),,,2 - 4,6:11 8:11 11:4 6:11 11:7 15:17,PICHLER Michael,2006
Russian Open St. Petersburg 2006,2006-11-01,SARMATOV Alexei,SKALENKO Vassily,UKR,RUS,4,1,"8,11,11,11,11|11,8,3,5,3",,GRAND_SLAM,MS,1809,Qualification,SARMATOV Alexei (UKR),SKALENKO Vassily (RUS),,,4 - 1,8:11 11:8 11:3 11:5 11:3,SARMATOV Alexei,2006
Russian Open St. Petersburg 2006,2006-11-01,KONECNY Tomas,SKALENKO Vassily,CZE,RUS,4,1,"4,11,11,11,11|11,1,4,6,5",QR2,GRAND_SLAM,MS,1809,Qualification,KONECNY Tomas (CZE),SKALENKO Vassily (RUS),,,4 - 1,4:11 11:1 11:4 11:6 11:5,KONECNY Tomas,2006
Russian Open St. Petersburg 2006,2006-11-01,KONECNY Tomas,SARMATOV Alexei,CZE,UKR,4,1,"6,11,11,11,11|11,5,5,2,6",3,GRAND_SLAM,MS,1809,Qualification,KONECNY Tomas (CZE),SARMATOV Alexei (UKR),,,4 - 1,6:11 11:5 11:5 11:2 11:6,KONECNY Tomas,2006
Russian Open St. Petersburg 2006,2006-11-01,ANIKIN Denis,ZOMBORI David,RUS,HUN,4,3,"5,11,11,9,8,11,12|11,3,7,11,11,7,10",,GRAND_SLAM,MS,1809,Qualification,ANIKIN Denis (RUS),ZOMBORI David (HUN),,,3 - 4,11:5 3:11 7:11 11:9 11:8 7:11 10:12,ANIKIN Denis,2006
Russian Open St. Petersburg 2006,2006-11-01,PRESSLMAYER Bernhard,ANIKIN Denis,AUT,RUS,4,1,"11,13,6,11,11|7,11,11,6,8",QR2,GRAND_SLAM,MS,1809,Qualification,PRESSLMAYER Bernhard (AUT),ANIKIN Denis (RUS),,,4 - 1,11:7 13:11 6:11 11:6 11:8,PRESSLMAYER Bernhard,2006
Russian Open St. Petersburg 2006,2006-11-01,PRESSLMAYER Bernhard,ZOMBORI David,AUT,HUN,4,2,"12,6,7,11,11,11|10,11,11,8,8,9",3,GRAND_SLAM,MS,1809,Qualification,PRESSLMAYER Bernhard (AUT),ZOMBORI David (HUN),,,4 - 2,12:10 6:11 7:11 11:8 11:8 11:9,PRESSLMAYER Bernhard,2006
Russian Open St. Petersburg 2006,2006-11-01,DEMEK Tomas,HABESOHN Mathias,CZE,AUT,4,0,"11,11,11,11|8,8,4,5",3,GRAND_SLAM,MS,1809,Qualification,DEMEK Tomas (CZE),HABESOHN Mathias (AUT),,,4 - 0,11:8 11:8 11:4 11:5,DEMEK Tomas,2006
Russian Open St. Petersburg 2006,2006-11-01,JANCARIK Lubomir,BRIL Vladimir,CZE,RUS,4,0,"11,11,11,11|5,3,6,7",,GRAND_SLAM,MS,1809,Qualification,JANCARIK Lubomir (CZE),BRIL Vladimir (RUS),,,4 - 0,11:5 11:3 11:6 11:7,JANCARIK Lubomir,2006
Russian Open St. Petersburg 2006,2006-11-01,REDJEP Ronald,BRIL Vladimir,CRO,RUS,4,0,"11,11,12,11|6,2,10,5",QR2,GRAND_SLAM,MS,1809,Qualification,REDJEP Ronald (CRO),BRIL Vladimir (RUS),,,4 - 0,11:6 11:2 12:10 11:5,REDJEP Ronald,2006
Russian Open St. Petersburg 2006,2006-11-01,REDJEP Ronald,JANCARIK Lubomir,CRO,CZE,4,3,"7,5,11,11,10,11,11|11,11,3,7,12,9,2",3,GRAND_SLAM,MS,1809,Qualification,REDJEP Ronald (CRO),JANCARIK Lubomir (CZE),,,4 - 3,7:11 5:11 11:3 11:7 10:12 11:9 11:2,REDJEP Ronald,2006
Russian Open St. Petersburg 2006,2006-11-01,MAKSIMOV Maksim,MELNIK Valery,RUS,UKR,4,0,"11,11,11,11|5,4,8,7",,GRAND_SLAM,MS,1809,Qualification,MAKSIMOV Maksim (RUS),MELNIK Valery (UKR),,,4 - 0,11:5 11:4 11:8 11:7,MAKSIMOV Maksim,2006
Russian Open St. Petersburg 2006,2006-11-01,LAKEEV Vasily,MELNIK Valery,RUS,UKR,4,1,"11,11,5,11,15|6,9,11,5,13",QR2,GRAND_SLAM,MS,1809,Qualification,LAKEEV Vasily (RUS),MELNIK Valery (UKR),,,4 - 1,11:6 11:9 5:11 11:5 15:13,LAKEEV Vasily,2006
Russian Open St. Petersburg 2006,2006-11-01,LAKEEV Vasily,MAKSIMOV Maksim,RUS,RUS,4,1,"11,11,9,11,11|5,6,11,6,8",3,GRAND_SLAM,MS,1809,Qualification,LAKEEV Vasily (RUS),MAKSIMOV Maksim (RUS),,,4 - 1,11:5 11:6 9:11 11:6 11:8,LAKEEV Vasily,2006
Russian Open St. Petersburg 2006,2006-11-01,VOSTES Yannick,BUROV Viacheslav,BEL,RUS,4,1,"7,13,11,11,12|11,11,4,8,10",3,GRAND_SLAM,MS,1809,Qualification,VOSTES Yannick (BEL),BUROV Viacheslav (RUS),,,4 - 1,7:11 13:11 11:4 11:8 12:10,VOSTES Yannick,2006
Russian Open St. Petersburg 2006,2006-11-01,LIEVSHYN Vitaliy,KHONIN Sergei,UKR,RUS,4,1,"6,11,11,12,14|11,6,5,10,12",,GRAND_SLAM,MS,1809,Qualification,LIEVSHYN Vitaliy (UKR),KHONIN Sergei (RUS),,,4 - 1,6:11 11:6 11:5 12:10 14:12,LIEVSHYN Vitaliy,2006
Russian Open St. Petersburg 2006,2006-11-01,PAPAGEORGIOU Konstantinos,KHONIN Sergei,GRE,RUS,4,2,"9,11,8,11,11,11|11,5,11,4,6,8",QR2,GRAND_SLAM,MS,1809,Qualification,PAPAGEORGIOU Konstantinos (GRE),KHONIN Sergei (RUS),,,4 - 2,9:11 11:5 8:11 11:4 11:6 11:8,PAPAGEORGIOU Konstantinos,2006
Russian Open St. Petersburg 2006,2006-11-01,LIEVSHYN Vitaliy,PAPAGEORGIOU Konstantinos,UKR,GRE,4,3,"7,11,11,11,10,4,11|11,7,9,8,12,11,3",3,GRAND_SLAM,MS,1809,Qualification,LIEVSHYN Vitaliy (UKR),PAPAGEORGIOU Konstantinos (GRE),,,3 - 4,11:7 7:11 9:11 8:11 12:10 11:4 3:11,LIEVSHYN Vitaliy,2006
Russian Open St. Petersburg 2006,2006-11-01,PETRUKHIN Evgeny,KOMOV Alexander,RUS,RUS,4,0,"12,11,11,11|10,5,7,7",,GRAND_SLAM,MS,1809,Qualification,PETRUKHIN Evgeny (RUS),KOMOV Alexander (RUS),,,4 - 0,12:10 11:5 11:7 11:7,PETRUKHIN Evgeny,2006
Russian Open St. Petersburg 2006,2006-11-01,BARDON Michal,KOMOV Alexander,SVK,RUS,4,3,"9,5,11,13,11,9,11|11,11,8,11,5,11,7",QR2,GRAND_SLAM,MS,1809,Qualification,BARDON Michal (SVK),KOMOV Alexander (RUS),,,4 - 3,9:11 5:11 11:8 13:11 11:5 9:11 11:7,BARDON Michal,2006
Russian Open St. Petersburg 2006,2006-11-01,PETRUKHIN Evgeny,BARDON Michal,RUS,SVK,4,3,"11,9,5,9,15,11,11|5,11,11,11,13,9,7",3,GRAND_SLAM,MS,1809,Qualification,PETRUKHIN Evgeny (RUS),BARDON Michal (SVK),,,3 - 4,5:11 11:9 11:5 11:9 13:15 9:11 7:11,PETRUKHIN Evgeny,2006
Russian Open St. Petersburg 2006,2006-11-01,PRYSHCHEPA Ievgen,KOZLOV Roman,UKR,RUS,4,0,"11,11,13,11|2,6,11,5",QR2,GRAND_SLAM,MS,1809,Qualification,PRYSHCHEPA Ievgen (UKR),KOZLOV Roman (RUS),,,4 - 0,11:2 11:6 13:11 11:5,PRYSHCHEPA Ievgen,2006
Russian Open St. Petersburg 2006,2006-11-01,PRYSHCHEPA Ievgen,JEVTOVIC Marko,UKR,SRB,4,1,"13,11,11,11,11|11,6,13,6,9",3,GRAND_SLAM,MS,1809,Qualification,PRYSHCHEPA Ievgen (UKR),JEVTOVIC Marko (SRB),,,4 - 1,13:11 11:6 11:13 11:6 11:9,PRYSHCHEPA Ievgen,2006
Russian Open St. Petersburg 2006,2006-11-01,TIAPKIN Sergei,MARTYUKOV Sergey,RUS,RUS,4,0,"11,11,11,11|9,3,5,4",,GRAND_SLAM,MS,1809,Qualification,TIAPKIN Sergei (RUS),MARTYUKOV Sergey (RUS),,,4 - 0,11:9 11:3 11:5 11:4,TIAPKIN Sergei,2006
Russian Open St. Petersburg 2006,2006-11-01,DRINKHALL Paul,MARTYUKOV Sergey,ENG,RUS,4,0,"13,11,11,12|11,3,3,10",QR2,GRAND_SLAM,MS,1809,Qualification,DRINKHALL Paul (ENG),MARTYUKOV Sergey (RUS),,,4 - 0,13:11 11:3 11:3 12:10,DRINKHALL Paul,2006
Russian Open St. Petersburg 2006,2006-11-01,DRINKHALL Paul,TIAPKIN Sergei,ENG,RUS,4,1,"11,5,12,11,11|5,11,10,7,9",3,GRAND_SLAM,MS,1809,Qualification,DRINKHALL Paul (ENG),TIAPKIN Sergei (RUS),,,4 - 1,11:5 5:11 12:10 11:7 11:9,DRINKHALL Paul,2006
Russian Open St. Petersburg 2006,2006-11-01,KUPRIANOV Oleg,MEDVEDEV Sergei,RUS,RUS,4,0,"11,11,12,11|7,8,10,6",,GRAND_SLAM,MS,1809,Qualification,KUPRIANOV Oleg (RUS),MEDVEDEV Sergei (RUS),,,4 - 0,11:7 11:8 12:10 11:6,KUPRIANOV Oleg,2006
Russian Open St. Petersburg 2006,2006-11-01,DESPRES Rodolphe,MEDVEDEV Sergei,FRA,RUS,4,0,"11,16,11,11|8,14,9,5",QR2,GRAND_SLAM,MS,1809,Qualification,DESPRES Rodolphe (FRA),MEDVEDEV Sergei (RUS),,,4 - 0,11:8 16:14 11:9 11:5,DESPRES Rodolphe,2006
Russian Open St. Petersburg 2006,2006-11-01,DESPRES Rodolphe,KUPRIANOV Oleg,FRA,RUS,4,0,"11,11,11,11|9,7,5,9",3,GRAND_SLAM,MS,1809,Qualification,DESPRES Rodolphe (FRA),KUPRIANOV Oleg (RUS),,,4 - 0,11:9 11:7 11:5 11:9,DESPRES Rodolphe,2006
Russian Open St. Petersburg 2006,2006-11-01,PETO Zsolt,RUBINCHTEINE Gueorgyi,SRB,RUS,4,1,"11,11,11,9,11|5,9,7,11,5",,GRAND_SLAM,MS,1809,Qualification,PETO Zsolt (SRB),RUBINCHTEINE Gueorgyi (RUS),,,4 - 1,11:5 11:9 11:7 9:11 11:5,PETO Zsolt,2006
Russian Open St. Petersburg 2006,2006-11-01,RYZHOV Juri,BUCHATKYI Sergij,RUS,UKR,4,0,"11,11,11,11|2,9,5,2",,GRAND_SLAM,MS,1809,Qualification,RYZHOV Juri (RUS),BUCHATKYI Sergij (UKR),,,4 - 0,11:2 11:9 11:5 11:2,RYZHOV Juri,2006
Russian Open St. Petersburg 2006,2006-11-01,TSUBOI Gustavo,BUCHATKYI Sergij,BRA,UKR,4,0,"11,11,11,11|5,7,3,2",QR2,GRAND_SLAM,MS,1809,Qualification,TSUBOI Gustavo (BRA),BUCHATKYI Sergij (UKR),,,4 - 0,11:5 11:7 11:3 11:2,TSUBOI Gustavo,2006
Russian Open St. Petersburg 2006,2006-11-01,TSUBOI Gustavo,RYZHOV Juri,BRA,RUS,4,2,"6,11,11,7,11,11|11,8,8,11,9,8",3,GRAND_SLAM,MS,1809,Qualification,TSUBOI Gustavo (BRA),RYZHOV Juri (RUS),,,4 - 2,6:11 11:8 11:8 7:11 11:9 11:8,TSUBOI Gustavo,2006
Russian Open St. Petersburg 2006,2006-11-01,SZYMANSKI Filip,VINOGRADOV Alexei,POL,RUS,4,2,"11,11,7,11,11,11|5,7,11,13,4,6",,GRAND_SLAM,MS,1809,Qualification,SZYMANSKI Filip (POL),VINOGRADOV Alexei (RUS),,,4 - 2,11:5 11:7 7:11 11:13 11:4 11:6,SZYMANSKI Filip,2006
Russian Open St. Petersburg 2006,2006-11-01,SKACHKOV Kirill,VINOGRADOV Alexei,RUS,RUS,4,1,"11,11,11,7,11|4,9,8,11,8",QR2,GRAND_SLAM,MS,1809,Qualification,SKACHKOV Kirill (RUS),VINOGRADOV Alexei (RUS),,,4 - 1,11:4 11:9 11:8 7:11 11:8,SKACHKOV Kirill,2006
Russian Open St. Petersburg 2006,2006-11-01,SKACHKOV Kirill,SZYMANSKI Filip,RUS,POL,4,0,"11,11,11,11|8,4,9,7",3,GRAND_SLAM,MS,1809,Qualification,SKACHKOV Kirill (RUS),SZYMANSKI Filip (POL),,,4 - 0,11:8 11:4 11:9 11:7,SKACHKOV Kirill,2006
Russian Open St. Petersburg 2006,2006-11-01,ZAIKIN Alan,GLADYSHEV Mikhail,RUS,RUS,4,0,"11,11,13,11|7,8,11,8",,GRAND_SLAM,MS,1809,Qualification,ZAIKIN Alan (RUS),GLADYSHEV Mikhail (RUS),,,0 - 4,7:11 8:11 11:13 8:11,ZAIKIN Alan,2006
Russian Open St. Petersburg 2006,2006-11-01,ZHMUDENKO Yaroslav,ZAIKIN Alan,UKR,RUS,4,3,"11,8,9,13,11,6,11|9,11,11,11,8,11,8",QR2,GRAND_SLAM,MS,1809,Qualification,ZHMUDENKO Yaroslav (UKR),ZAIKIN Alan (RUS),,,4 - 3,11:9 8:11 9:11 13:11 11:8 6:11 11:8,ZHMUDENKO Yaroslav,2006
Russian Open St. Petersburg 2006,2006-11-01,ZHMUDENKO Yaroslav,GLADYSHEV Mikhail,UKR,RUS,4,2,"4,11,9,11,11,11|11,4,11,7,5,9",3,GRAND_SLAM,MS,1809,Qualification,ZHMUDENKO Yaroslav (UKR),GLADYSHEV Mikhail (RUS),,,4 - 2,4:11 11:4 9:11 11:7 11:5 11:9,ZHMUDENKO Yaroslav,2006
Russian Open St. Petersburg 2006,2006-11-01,VINOKUROV Aleksandr,ZAKHARUK Rostislav,RUS,RUS,4,0,"11,11,11,12|5,7,6,10",,GRAND_SLAM,MS,1809,Qualification,VINOKUROV Aleksandr (RUS),ZAKHARUK Rostislav (RUS),,,4 - 0,11:5 11:7 11:6 12:10,VINOKUROV Aleksandr,2006
Russian Open St. Petersburg 2006,2006-11-01,SEL Zolt,ZAKHARUK Rostislav,SRB,RUS,4,1,"11,8,11,14,12|4,11,8,12,10",QR2,GRAND_SLAM,MS,1809,Qualification,SEL Zolt (SRB),ZAKHARUK Rostislav (RUS),,,4 - 1,11:4 8:11 11:8 14:12 12:10,SEL Zolt,2006
Russian Open St. Petersburg 2006,2006-11-01,SEL Zolt,VINOKUROV Aleksandr,SRB,RUS,4,1,"11,11,6,11,11|7,4,11,6,4",3,GRAND_SLAM,MS,1809,Qualification,SEL Zolt (SRB),VINOKUROV Aleksandr (RUS),,,4 - 1,11:7 11:4 6:11 11:6 11:4,SEL Zolt,2006
Russian Open St. Petersburg 2006,2006-11-01,LEBESSON Emmanuel,SLEPENKOV Roman,FRA,RUS,4,0,"11,11,11,11|7,8,5,9",,GRAND_SLAM,MS,1809,Qualification,LEBESSON Emmanuel (FRA),SLEPENKOV Roman (RUS),,,4 - 0,11:7 11:8 11:5 11:9,LEBESSON Emmanuel,2006
Russian Open St. Petersburg 2006,2006-11-01,JAPEC Tomislav,SLEPENKOV Roman,CRO,RUS,4,1,"11,12,11,8,11|5,10,5,11,8",QR2,GRAND_SLAM,MS,1809,Qualification,JAPEC Tomislav (CRO),SLEPENKOV Roman (RUS),,,4 - 1,11:5 12:10 11:5 8:11 11:8,JAPEC Tomislav,2006
Russian Open St. Petersburg 2006,2006-11-01,LEBESSON Emmanuel,JAPEC Tomislav,FRA,CRO,4,1,"11,9,11,11,11|4,11,7,8,6",3,GRAND_SLAM,MS,1809,Qualification,LEBESSON Emmanuel (FRA),JAPEC Tomislav (CRO),,,1 - 4,4:11 11:9 7:11 8:11 6:11,LEBESSON Emmanuel,2006
Russian Open St. Petersburg 2006,2006-11-01,CHMIEL Pawel,CHERNYSHKOV Alexey,POL,RUS,4,0,"11,11,11,11|5,7,5,9",,GRAND_SLAM,MS,1809,Qualification,CHMIEL Pawel (POL),CHERNYSHKOV Alexey (RUS),,,4 - 0,11:5 11:7 11:5 11:9,CHMIEL Pawel,2006
Russian Open St. Petersburg 2006,2006-11-01,KLEPRLIK Jakub,CHERNYSHKOV Alexey,CZE,RUS,4,0,"11,11,11,11|4,9,6,6",QR2,GRAND_SLAM,MS,1809,Qualification,KLEPRLIK Jakub (CZE),CHERNYSHKOV Alexey (RUS),,,4 - 0,11:4 11:9 11:6 11:6,KLEPRLIK Jakub,2006
Russian Open St. Petersburg 2006,2006-11-01,CHMIEL Pawel,KLEPRLIK Jakub,POL,CZE,4,2,"11,11,11,11,9,11|8,13,6,9,11,8",3,GRAND_SLAM,MS,1809,Qualification,CHMIEL Pawel (POL),KLEPRLIK Jakub (CZE),,,2 - 4,8:11 13:11 6:11 9:11 11:9 8:11,CHMIEL Pawel,2006
Russian Open St. Petersburg 2006,2006-11-01,GACINA Andrej,STULII Maksim,CRO,RUS,4,0,"11,11,11,11|8,8,4,3",QR2,GRAND_SLAM,MS,1809,Qualification,GACINA Andrej (CRO),STULII Maksim (RUS),,,4 - 0,11:8 11:8 11:4 11:3,GACINA Andrej,2006
Russian Open St. Petersburg 2006,2006-11-01,FENG Xiaoquan,STULII Maksim,AUT,RUS,4,1,"11,11,9,11,12|5,9,11,4,10",3,GRAND_SLAM,MS,1809,Qualification,FENG Xiaoquan (AUT),STULII Maksim (RUS),,,4 - 1,11:5 11:9 9:11 11:4 12:10,FENG Xiaoquan,2006
Russian Open St. Petersburg 2006,2006-11-01,FENG Xiaoquan,GACINA Andrej,AUT,CRO,4,1,"11,11,11,6,14|4,6,9,11,12",5,GRAND_SLAM,MS,1809,Qualification,FENG Xiaoquan (AUT),GACINA Andrej (CRO),,,4 - 1,11:4 11:6 11:9 6:11 14:12,FENG Xiaoquan,2006
Russian Open St. Petersburg 2006,2006-11-01,JUZBASIC Ivan,CHUBAROV Dmitry,CRO,RUS,4,3,"10,7,13,11,13,11,11|12,11,11,6,15,9,7",,GRAND_SLAM,MS,1809,Qualification,JUZBASIC Ivan (CRO),CHUBAROV Dmitry (RUS),,,4 - 3,10:12 7:11 13:11 11:6 13:15 11:9 11:7,JUZBASIC Ivan,2006
Russian Open St. Petersburg 2006,2006-11-01,NEKHVEDOVICH Vitaly,ZNAMENSKIY Dmitri,BLR,RUS,4,1,"9,11,11,11,11|11,9,6,3,4",QR2,GRAND_SLAM,MS,1809,Qualification,NEKHVEDOVICH Vitaly (BLR),ZNAMENSKIY Dmitri (RUS),,,4 - 1,9:11 11:9 11:6 11:3 11:4,NEKHVEDOVICH Vitaly,2006
Russian Open St. Petersburg 2006,2006-11-01,JUZBASIC Ivan,ZNAMENSKIY Dmitri,CRO,RUS,4,2,"9,15,11,7,11,11|11,13,2,11,7,7",3,GRAND_SLAM,MS,1809,Qualification,JUZBASIC Ivan (CRO),ZNAMENSKIY Dmitri (RUS),,,4 - 2,9:11 15:13 11:2 7:11 11:7 11:7,JUZBASIC Ivan,2006
Russian Open St. Petersburg 2006,2006-11-01,NEKHVEDOVICH Vitaly,CHUBAROV Dmitry,BLR,RUS,4,0,"11,11,11,11|7,6,4,7",QR4,GRAND_SLAM,MS,1809,Qualification,NEKHVEDOVICH Vitaly (BLR),CHUBAROV Dmitry (RUS),,,4 - 0,11:7 11:6 11:4 11:7,NEKHVEDOVICH Vitaly,2006
Russian Open St. Petersburg 2006,2006-11-01,NEKHVEDOVICH Vitaly,JUZBASIC Ivan,BLR,CRO,4,0,"11,11,13,13|6,7,11,11",5,GRAND_SLAM,MS,1809,Qualification,NEKHVEDOVICH Vitaly (BLR),JUZBASIC Ivan (CRO),,,0 - 4,6:11 7:11 11:13 11:13,NEKHVEDOVICH Vitaly,2006
Russian Open St. Petersburg 2006,2006-11-01,CHUBAROV Dmitry,ZNAMENSKIY Dmitri,RUS,RUS,4,0,"11,12,13,11|9,10,11,8",6,GRAND_SLAM,MS,1809,Qualification,CHUBAROV Dmitry (RUS),ZNAMENSKIY Dmitri (RUS),,,0 - 4,9:11 10:12 11:13 8:11,CHUBAROV Dmitry,2006
Russian Open St. Petersburg 2006,2006-11-01,JAKAB Janos,MERZLIKIN Taras,HUN,RUS,4,0,"11,11,11,12|4,8,4,10",R32,GRAND_SLAM,U21MS,1809,Main Draw,JAKAB Janos (HUN),MERZLIKIN Taras (RUS),,,4 - 0,11:4 11:8 11:4 12:10,JAKAB Janos,2006
Russian Open St. Petersburg 2006,2006-11-01,SKACHKOV Kirill,YEFIMOV Viktor,RUS,UKR,4,3,"11,8,11,11,10,9,11|5,11,9,7,12,11,7",R32,GRAND_SLAM,U21MS,1809,Main Draw,SKACHKOV Kirill (RUS),YEFIMOV Viktor (UKR),,,3 - 4,5:11 11:8 9:11 7:11 12:10 11:9 7:11,SKACHKOV Kirill,2006
Russian Open St. Petersburg 2006,2006-11-01,ZHMUDENKO Yaroslav,KUCHUK Aleksandr,UKR,BLR,4,0,"11,11,11,11|6,8,6,8",R32,GRAND_SLAM,U21MS,1809,Main Draw,ZHMUDENKO Yaroslav (UKR),KUCHUK Aleksandr (BLR),,,4 - 0,11:6 11:8 11:6 11:8,ZHMUDENKO Yaroslav,2006
Russian Open St. Petersburg 2006,2006-11-01,LEBESSON Emmanuel,PRYSHCHEPA Ievgen,FRA,UKR,4,1,"11,11,9,11,12|5,6,11,7,10",R32,GRAND_SLAM,U21MS,1809,Main Draw,LEBESSON Emmanuel (FRA),PRYSHCHEPA Ievgen (UKR),,,4 - 1,11:5 11:6 9:11 11:7 12:10,LEBESSON Emmanuel,2006
Russian Open St. Petersburg 2006,2006-11-01,VOSTES Yannick,JANCARIK Lubomir,BEL,CZE,4,1,"11,11,9,11,11|8,8,11,7,9",R32,GRAND_SLAM,U21MS,1809,Main Draw,VOSTES Yannick (BEL),JANCARIK Lubomir (CZE),,,4 - 1,11:8 11:8 9:11 11:7 11:9,VOSTES Yannick,2006
Russian Open St. Petersburg 2006,2006-11-01,TSUBOI Gustavo,DIDUKH Viktor,BRA,UKR,4,1,"11,11,11,7,11|7,7,7,11,9",R32,GRAND_SLAM,U21MS,1809,Main Draw,TSUBOI Gustavo (BRA),DIDUKH Viktor (UKR),,,1 - 4,7:11 7:11 7:11 11:7 9:11,TSUBOI Gustavo,2006
Russian Open St. Petersburg 2006,2006-11-01,DRINKHALL Paul,CHMIEL Piotr,ENG,POL,4,1,"3,11,11,11,11|11,2,6,7,5",R32,GRAND_SLAM,U21MS,1809,Main Draw,DRINKHALL Paul (ENG),CHMIEL Piotr (POL),,,4 - 1,3:11 11:2 11:6 11:7 11:5,DRINKHALL Paul,2006
Russian Open St. Petersburg 2006,2006-11-01,MATSUMOTO Cazuo,PANCHENKO Artem,BRA,RUS,4,0,"11,11,11,11|9,5,5,6",R32,GRAND_SLAM,U21MS,1809,Main Draw,MATSUMOTO Cazuo (BRA),PANCHENKO Artem (RUS),,,4 - 0,11:9 11:5 11:5 11:6,MATSUMOTO Cazuo,2006
Russian Open St. Petersburg 2006,2006-11-01,KNIGHT Darius,FENG Xiaoquan,ENG,AUT,4,1,"11,5,11,11,11|8,11,8,9,9",R32,GRAND_SLAM,U21MS,1809,Main Draw,KNIGHT Darius (ENG),FENG Xiaoquan (AUT),,,4 - 1,11:8 5:11 11:8 11:9 11:9,KNIGHT Darius,2006
Russian Open St. Petersburg 2006,2006-11-01,CHMIEL Pawel,ZOMBORI David,POL,HUN,4,2,"14,14,11,16,3,11|16,12,9,14,11,8",R32,GRAND_SLAM,U21MS,1809,Main Draw,CHMIEL Pawel (POL),ZOMBORI David (HUN),,,4 - 2,14:16 14:12 11:9 16:14 3:11 11:8,CHMIEL Pawel,2006
Russian Open St. Petersburg 2006,2006-11-01,PAIKOV Mikhail,KONECNY Tomas,RUS,CZE,4,3,"9,12,11,11,9,10,11|11,10,9,8,11,12,8",R32,GRAND_SLAM,U21MS,1809,Main Draw,PAIKOV Mikhail (RUS),KONECNY Tomas (CZE),,,4 - 3,9:11 12:10 11:9 11:8 9:11 10:12 11:8,PAIKOV Mikhail,2006
Russian Open St. Petersburg 2006,2006-11-01,PETRUKHIN Evgeny,ZUBCIC Tomislav,RUS,CRO,4,2,"11,11,9,6,11,11|6,4,11,11,9,9",R32,GRAND_SLAM,U21MS,1809,Main Draw,PETRUKHIN Evgeny (RUS),ZUBCIC Tomislav (CRO),,,2 - 4,6:11 4:11 11:9 11:6 9:11 9:11,PETRUKHIN Evgeny,2006
Russian Open St. Petersburg 2006,2006-11-01,GACINA Andrej,GOLOVANOV Stanislav,CRO,BUL,4,3,"11,14,11,11,11,9,11|13,16,4,4,9,11,7",R32,GRAND_SLAM,U21MS,1809,Main Draw,GACINA Andrej (CRO),GOLOVANOV Stanislav (BUL),,,3 - 4,13:11 16:14 4:11 4:11 9:11 11:9 7:11,GACINA Andrej,2006
Russian Open St. Petersburg 2006,2006-11-01,JEVTOVIC Marko,KLEPRLIK Jakub,SRB,CZE,4,2,"11,11,11,2,6,12|5,9,7,11,11,10",R32,GRAND_SLAM,U21MS,1809,Main Draw,JEVTOVIC Marko (SRB),KLEPRLIK Jakub (CZE),,,2 - 4,5:11 9:11 7:11 11:2 11:6 10:12,JEVTOVIC Marko,2006
Russian Open St. Petersburg 2006,2006-11-01,BOBILLIER Loic,BUKIN Andrey,FRA,RUS,4,0,"11,11,11,11|3,8,4,7",R32,GRAND_SLAM,U21MS,1809,Main Draw,BOBILLIER Loic (FRA),BUKIN Andrey (RUS),,,0 - 4,3:11 8:11 4:11 7:11,BOBILLIER Loic,2006
Russian Open St. Petersburg 2006,2006-11-01,SKACHKOV Kirill,JAKAB Janos,RUS,HUN,4,3,"9,11,8,11,11,8,12|11,7,11,8,7,11,10",R16,GRAND_SLAM,U21MS,1809,Main Draw,SKACHKOV Kirill (RUS),JAKAB Janos (HUN),,,3 - 4,11:9 7:11 11:8 8:11 7:11 11:8 10:12,SKACHKOV Kirill,2006
Russian Open St. Petersburg 2006,2006-11-01,LEBESSON Emmanuel,ZHMUDENKO Yaroslav,FRA,UKR,4,1,"11,11,11,10,11|8,9,7,12,6",R16,GRAND_SLAM,U21MS,1809,Main Draw,LEBESSON Emmanuel (FRA),ZHMUDENKO Yaroslav (UKR),,,1 - 4,8:11 9:11 7:11 12:10 6:11,LEBESSON Emmanuel,2006
Russian Open St. Petersburg 2006,2006-11-01,VOSTES Yannick,TSUBOI Gustavo,BEL,BRA,4,1,"8,11,11,11,12|11,7,8,7,10",R16,GRAND_SLAM,U21MS,1809,Main Draw,VOSTES Yannick (BEL),TSUBOI Gustavo (BRA),,,4 - 1,8:11 11:7 11:8 11:7 12:10,VOSTES Yannick,2006
Russian Open St. Petersburg 2006,2006-11-01,GRIGOREV Artur,DRINKHALL Paul,RUS,ENG,4,3,"11,11,11,8,10,11,11|4,13,7,11,12,3,8",R16,GRAND_SLAM,U21MS,1809,Main Draw,GRIGOREV Artur (RUS),DRINKHALL Paul (ENG),,,3 - 4,4:11 13:11 7:11 11:8 12:10 3:11 8:11,GRIGOREV Artur,2006
Russian Open St. Petersburg 2006,2006-11-01,MATSUMOTO Cazuo,KNIGHT Darius,BRA,ENG,4,1,"11,11,11,7,11|9,4,5,11,3",R16,GRAND_SLAM,U21MS,1809,Main Draw,MATSUMOTO Cazuo (BRA),KNIGHT Darius (ENG),,,4 - 1,11:9 11:4 11:5 7:11 11:3,MATSUMOTO Cazuo,2006
Russian Open St. Petersburg 2006,2006-11-01,CHMIEL Pawel,PAIKOV Mikhail,POL,RUS,4,2,"8,9,11,11,13,11|11,11,4,8,11,7",R16,GRAND_SLAM,U21MS,1809,Main Draw,CHMIEL Pawel (POL),PAIKOV Mikhail (RUS),,,4 - 2,8:11 9:11 11:4 11:8 13:11 11:7,CHMIEL Pawel,2006
Russian Open St. Petersburg 2006,2006-11-01,GACINA Andrej,PETRUKHIN Evgeny,CRO,RUS,4,1,"11,11,12,6,11|9,7,10,11,6",R16,GRAND_SLAM,U21MS,1809,Main Draw,GACINA Andrej (CRO),PETRUKHIN Evgeny (RUS),,,1 - 4,9:11 7:11 10:12 11:6 6:11,GACINA Andrej,2006
Russian Open St. Petersburg 2006,2006-11-01,JEVTOVIC Marko,BOBILLIER Loic,SRB,FRA,4,3,"20,8,11,11,7,11,11|22,11,7,8,11,2,7",R16,GRAND_SLAM,U21MS,1809,Main Draw,JEVTOVIC Marko (SRB),BOBILLIER Loic (FRA),,,4 - 3,20:22 8:11 11:7 11:8 7:11 11:2 11:7,JEVTOVIC Marko,2006
Russian Open St. Petersburg 2006,2006-11-01,LEBESSON Emmanuel,SKACHKOV Kirill,FRA,RUS,4,1,"11,11,9,11,11|8,9,11,7,9",QuarterFinal,GRAND_SLAM,U21MS,1809,Main Draw,LEBESSON Emmanuel (FRA),SKACHKOV Kirill (RUS),,,1 - 4,8:11 9:11 11:9 7:11 9:11,LEBESSON Emmanuel,2006
Russian Open St. Petersburg 2006,2006-11-01,GRIGOREV Artur,VOSTES Yannick,RUS,BEL,4,2,"11,14,9,9,11,11|9,12,11,11,7,7",QuarterFinal,GRAND_SLAM,U21MS,1809,Main Draw,GRIGOREV Artur (RUS),VOSTES Yannick (BEL),,,2 - 4,9:11 12:14 11:9 11:9 7:11 7:11,GRIGOREV Artur,2006
Russian Open St. Petersburg 2006,2006-11-01,GACINA Andrej,JEVTOVIC Marko,CRO,SRB,4,2,"5,16,6,11,11,11|11,14,11,8,9,6",QuarterFinal,GRAND_SLAM,U21MS,1809,Main Draw,GACINA Andrej (CRO),JEVTOVIC Marko (SRB),,,4 - 2,5:11 16:14 6:11 11:8 11:9 11:6,GACINA Andrej,2006
Russian Open St. Petersburg 2006,2006-11-01,LEBESSON Emmanuel,GRIGOREV Artur,FRA,RUS,4,1,"11,11,11,9,15|9,4,6,11,13",SemiFinal,GRAND_SLAM,U21MS,1809,Main Draw,LEBESSON Emmanuel (FRA),GRIGOREV Artur (RUS),,,4 - 1,11:9 11:4 11:6 9:11 15:13,LEBESSON Emmanuel,2006
Russian Open St. Petersburg 2006,2006-11-01,MATSUMOTO Cazuo,GACINA Andrej,BRA,CRO,4,3,"7,3,11,4,11,11,11|11,11,7,11,8,9,5",SemiFinal,GRAND_SLAM,U21MS,1809,Main Draw,MATSUMOTO Cazuo (BRA),GACINA Andrej (CRO),,,4 - 3,7:11 3:11 11:7 4:11 11:8 11:9 11:5,MATSUMOTO Cazuo,2006
Russian Open St. Petersburg 2006,2006-11-01,MATSUMOTO Cazuo,LEBESSON Emmanuel,BRA,FRA,4,3,"6,10,11,11,6,11,11|11,12,6,8,11,7,9",Final,GRAND_SLAM,U21MS,1809,Main Draw,MATSUMOTO Cazuo (BRA),LEBESSON Emmanuel (FRA),,,3 - 4,11:6 12:10 6:11 8:11 11:6 7:11 9:11,MATSUMOTO Cazuo,2006
Russian Open St. Petersburg 2006,2006-11-01,KRIVOSHEEV Viacheslav,SHIBAEV Alexander,RUS,RUS,3,0,"11,11,11|7,9,2",,GRAND_SLAM,U21MS,1809,Qualification,KRIVOSHEEV Viacheslav (RUS),SHIBAEV Alexander (RUS),,,3 - 0,11:7 11:9 11:2,KRIVOSHEEV Viacheslav,2006
Russian Open St. Petersburg 2006,2006-11-01,LEBESSON Emmanuel,SHIBAEV Alexander,FRA,RUS,3,0,"11,11,11|9,7,5",QR2,GRAND_SLAM,U21MS,1809,Qualification,LEBESSON Emmanuel (FRA),SHIBAEV Alexander (RUS),,,3 - 0,11:9 11:7 11:5,LEBESSON Emmanuel,2006
Russian Open St. Petersburg 2006,2006-11-01,LEBESSON Emmanuel,KRIVOSHEEV Viacheslav,FRA,RUS,3,0,"11,15,11|9,13,7",3,GRAND_SLAM,U21MS,1809,Qualification,LEBESSON Emmanuel (FRA),KRIVOSHEEV Viacheslav (RUS),,,3 - 0,11:9 15:13 11:7,LEBESSON Emmanuel,2006
Russian Open St. Petersburg 2006,2006-11-01,YEFIMOV Viktor,OLONOV Alexander,UKR,RUS,3,1,"14,11,7,11|12,9,11,7",,GRAND_SLAM,U21MS,1809,Qualification,YEFIMOV Viktor (UKR),OLONOV Alexander (RUS),,,3 - 1,14:12 11:9 7:11 11:7,YEFIMOV Viktor,2006
Russian Open St. Petersburg 2006,2006-11-01,PETO Zsolt,OLONOV Alexander,SRB,RUS,3,2,"6,7,11,11,11|11,11,6,5,6",QR2,GRAND_SLAM,U21MS,1809,Qualification,PETO Zsolt (SRB),OLONOV Alexander (RUS),,,3 - 2,6:11 7:11 11:6 11:5 11:6,PETO Zsolt,2006
Russian Open St. Petersburg 2006,2006-11-01,YEFIMOV Viktor,PETO Zsolt,UKR,SRB,3,2,"6,2,11,12,11|11,11,8,10,8",3,GRAND_SLAM,U21MS,1809,Qualification,YEFIMOV Viktor (UKR),PETO Zsolt (SRB),,,2 - 3,11:6 11:2 8:11 10:12 8:11,YEFIMOV Viktor,2006
Russian Open St. Petersburg 2006,2006-11-01,ZLAMAL Jaromir,KOBES Kristian,CZE,SVK,3,2,"11,11,11,14,12|9,5,13,16,10",,GRAND_SLAM,U21MS,1809,Qualification,ZLAMAL Jaromir (CZE),KOBES Kristian (SVK),,,3 - 2,11:9 11:5 11:13 14:16 12:10,ZLAMAL Jaromir,2006
Russian Open St. Petersburg 2006,2006-11-01,PETRUKHIN Evgeny,KOBES Kristian,RUS,SVK,3,0,"11,11,11|5,8,8",QR2,GRAND_SLAM,U21MS,1809,Qualification,PETRUKHIN Evgeny (RUS),KOBES Kristian (SVK),,,3 - 0,11:5 11:8 11:8,PETRUKHIN Evgeny,2006
Russian Open St. Petersburg 2006,2006-11-01,PETRUKHIN Evgeny,ZLAMAL Jaromir,RUS,CZE,3,0,"11,11,11|6,8,8",3,GRAND_SLAM,U21MS,1809,Qualification,PETRUKHIN Evgeny (RUS),ZLAMAL Jaromir (CZE),,,3 - 0,11:6 11:8 11:8,PETRUKHIN Evgeny,2006
Russian Open St. Petersburg 2006,2006-11-01,BUKIN Andrey,GASYMOV Elcin,RUS,SVK,3,2,"11,11,7,10,11|7,7,11,12,8",,GRAND_SLAM,U21MS,1809,Qualification,BUKIN Andrey (RUS),GASYMOV Elcin (SVK),,,3 - 2,11:7 11:7 7:11 10:12 11:8,BUKIN Andrey,2006
Russian Open St. Petersburg 2006,2006-11-01,JEVTOVIC Marko,GASYMOV Elcin,SRB,SVK,3,0,"11,12,11|3,10,5",QR2,GRAND_SLAM,U21MS,1809,Qualification,JEVTOVIC Marko (SRB),GASYMOV Elcin (SVK),,,3 - 0,11:3 12:10 11:5,JEVTOVIC Marko,2006
Russian Open St. Petersburg 2006,2006-11-01,JEVTOVIC Marko,BUKIN Andrey,SRB,RUS,3,1,"9,11,11,11|11,8,7,6",3,GRAND_SLAM,U21MS,1809,Qualification,JEVTOVIC Marko (SRB),BUKIN Andrey (RUS),,,3 - 1,9:11 11:8 11:7 11:6,JEVTOVIC Marko,2006
Russian Open St. Petersburg 2006,2006-11-01,DIDUKH Viktor,MERZLIKIN Taras,UKR,RUS,3,1,"11,11,11,11|6,13,7,5",,GRAND_SLAM,U21MS,1809,Qualification,DIDUKH Viktor (UKR),MERZLIKIN Taras (RUS),,,3 - 1,11:6 11:13 11:7 11:5,DIDUKH Viktor,2006
Russian Open St. Petersburg 2006,2006-11-01,MERZLIKIN Taras,BUROV Viacheslav,RUS,RUS,3,2,"11,7,8,11,11|9,11,11,7,6",QR2,GRAND_SLAM,U21MS,1809,Qualification,MERZLIKIN Taras (RUS),BUROV Viacheslav (RUS),,,2 - 3,9:11 11:7 11:8 7:11 6:11,MERZLIKIN Taras,2006
Russian Open St. Petersburg 2006,2006-11-01,DIDUKH Viktor,BUROV Viacheslav,UKR,RUS,3,0,"11,12,12|8,10,10",3,GRAND_SLAM,U21MS,1809,Qualification,DIDUKH Viktor (UKR),BUROV Viacheslav (RUS),,,0 - 3,8:11 10:12 10:12,DIDUKH Viktor,2006
Russian Open St. Petersburg 2006,2006-11-01,PANCHENKO Artem,BALTRUSHKA Dzmitry,RUS,BLR,3,0,"11,11,12|9,8,10",,GRAND_SLAM,U21MS,1809,Qualification,PANCHENKO Artem (RUS),BALTRUSHKA Dzmitry (BLR),,,0 - 3,9:11 8:11 10:12,PANCHENKO Artem,2006
Russian Open St. Petersburg 2006,2006-11-01,JANCARIK Lubomir,PANCHENKO Artem,CZE,RUS,3,0,"11,14,11|9,12,8",QR2,GRAND_SLAM,U21MS,1809,Qualification,JANCARIK Lubomir (CZE),PANCHENKO Artem (RUS),,,3 - 0,11:9 14:12 11:8,JANCARIK Lubomir,2006
Russian Open St. Petersburg 2006,2006-11-01,JANCARIK Lubomir,BALTRUSHKA Dzmitry,CZE,BLR,3,0,"11,11,11|8,2,9",3,GRAND_SLAM,U21MS,1809,Qualification,JANCARIK Lubomir (CZE),BALTRUSHKA Dzmitry (BLR),,,3 - 0,11:8 11:2 11:9,JANCARIK Lubomir,2006
Russian Open St. Petersburg 2006,2006-11-01,PAIKOV Mikhail,SKALENKO Vassily,RUS,RUS,3,0,"12,11,11|10,5,9",,GRAND_SLAM,U21MS,1809,Qualification,PAIKOV Mikhail (RUS),SKALENKO Vassily (RUS),,,3 - 0,12:10 11:5 11:9,PAIKOV Mikhail,2006
Russian Open St. Petersburg 2006,2006-11-01,ZOMBORI David,SKALENKO Vassily,HUN,RUS,3,0,"11,11,11|8,5,5",QR2,GRAND_SLAM,U21MS,1809,Qualification,ZOMBORI David (HUN),SKALENKO Vassily (RUS),,,3 - 0,11:8 11:5 11:5,ZOMBORI David,2006
Russian Open St. Petersburg 2006,2006-11-01,PAIKOV Mikhail,ZOMBORI David,RUS,HUN,3,1,"11,11,8,11|8,8,11,7",3,GRAND_SLAM,U21MS,1809,Qualification,PAIKOV Mikhail (RUS),ZOMBORI David (HUN),,,1 - 3,8:11 8:11 11:8 7:11,PAIKOV Mikhail,2006
Russian Open St. Petersburg 2006,2006-11-01,GOLOVANOV Stanislav,SMIRNOV Aleksandr,BUL,EST,3,0,"13,11,11|11,9,6",3,GRAND_SLAM,U21MS,1809,Qualification,GOLOVANOV Stanislav (BUL),SMIRNOV Aleksandr (EST),,,3 - 0,13:11 11:9 11:6,GOLOVANOV Stanislav,2006
Russian Open St. Petersburg 2006,2006-11-01,UTOCHKIN Artem,KOMOV Alexander,RUS,RUS,3,0,"11,11,11|9,8,6",,GRAND_SLAM,U21MS,1809,Qualification,UTOCHKIN Artem (RUS),KOMOV Alexander (RUS),,,3 - 0,11:9 11:8 11:6,UTOCHKIN Artem,2006
Russian Open St. Petersburg 2006,2006-11-01,KNIGHT Darius,KOMOV Alexander,ENG,RUS,3,0,"11,12,16|2,10,14",QR2,GRAND_SLAM,U21MS,1809,Qualification,KNIGHT Darius (ENG),KOMOV Alexander (RUS),,,3 - 0,11:2 12:10 16:14,KNIGHT Darius,2006
Russian Open St. Petersburg 2006,2006-11-01,KNIGHT Darius,UTOCHKIN Artem,ENG,RUS,3,0,"14,11,11|12,5,6",3,GRAND_SLAM,U21MS,1809,Qualification,KNIGHT Darius (ENG),UTOCHKIN Artem (RUS),,,3 - 0,14:12 11:5 11:6,KNIGHT Darius,2006
Russian Open St. Petersburg 2006,2006-11-01,KUCHUK Aleksandr,ZAKHARUK Rostislav,BLR,RUS,3,0,"11,11,11|5,2,2",,GRAND_SLAM,U21MS,1809,Qualification,KUCHUK Aleksandr (BLR),ZAKHARUK Rostislav (RUS),,,3 - 0,11:5 11:2 11:2,KUCHUK Aleksandr,2006
Russian Open St. Petersburg 2006,2006-11-01,KLEPRLIK Michal,MARTYUKOV Sergey,CZE,RUS,3,1,"12,5,11,12|10,11,6,10",QR2,GRAND_SLAM,U21MS,1809,Qualification,KLEPRLIK Michal (CZE),MARTYUKOV Sergey (RUS),,,3 - 1,12:10 5:11 11:6 12:10,KLEPRLIK Michal,2006
Russian Open St. Petersburg 2006,2006-11-01,KUCHUK Aleksandr,MARTYUKOV Sergey,BLR,RUS,3,1,"11,5,11,13|9,11,9,11",3,GRAND_SLAM,U21MS,1809,Qualification,KUCHUK Aleksandr (BLR),MARTYUKOV Sergey (RUS),,,3 - 1,11:9 5:11 11:9 13:11,KUCHUK Aleksandr,2006
Russian Open St. Petersburg 2006,2006-11-01,KLEPRLIK Michal,ZAKHARUK Rostislav,CZE,RUS,3,0,"11,11,12|9,5,10",QR4,GRAND_SLAM,U21MS,1809,Qualification,KLEPRLIK Michal (CZE),ZAKHARUK Rostislav (RUS),,,3 - 0,11:9 11:5 12:10,KLEPRLIK Michal,2006
Russian Open St. Petersburg 2006,2006-11-01,KUCHUK Aleksandr,KLEPRLIK Michal,BLR,CZE,3,0,"11,11,11|8,6,4",5,GRAND_SLAM,U21MS,1809,Qualification,KUCHUK Aleksandr (BLR),KLEPRLIK Michal (CZE),,,3 - 0,11:8 11:6 11:4,KUCHUK Aleksandr,2006
Russian Open St. Petersburg 2006,2006-11-01,MARTYUKOV Sergey,ZAKHARUK Rostislav,RUS,RUS,3,1,"11,13,9,11|5,11,11,8",6,GRAND_SLAM,U21MS,1809,Qualification,MARTYUKOV Sergey (RUS),ZAKHARUK Rostislav (RUS),,,3 - 1,11:5 13:11 9:11 11:8,MARTYUKOV Sergey,2006
Russian Open St. Petersburg 2006,2006-11-01,CHMIEL Piotr,BUCHATKYI Sergij,POL,UKR,3,0,"11,11,11|5,7,7",,GRAND_SLAM,U21MS,1809,Qualification,CHMIEL Piotr (POL),BUCHATKYI Sergij (UKR),,,3 - 0,11:5 11:7 11:7,CHMIEL Piotr,2006
Russian Open St. Petersburg 2006,2006-11-01,CHMIEL Piotr,SLEPENKOV Roman,POL,RUS,3,0,"11,11,11|1,7,7",3,GRAND_SLAM,U21MS,1809,Qualification,CHMIEL Piotr (POL),SLEPENKOV Roman (RUS),,,3 - 0,11:1 11:7 11:7,CHMIEL Piotr,2006
Russian Open St. Petersburg 2006,2006-11-01,SLEPENKOV Roman,BUCHATKYI Sergij,RUS,UKR,3,1,"11,12,5,11|8,10,11,4",6,GRAND_SLAM,U21MS,1809,Qualification,SLEPENKOV Roman (RUS),BUCHATKYI Sergij (UKR),,,3 - 1,11:8 12:10 5:11 11:4,SLEPENKOV Roman,2006
Russian Open St. Petersburg 2006,2006-11-01,NEKHVEDOVICH Vitaly,LIEVSHYN Vitaliy,BLR,UKR,4,2,"8,11,9,13,11,11|11,7,11,11,9,6",QR16,GRAND_SLAM,MS,1809,Qualification,NEKHVEDOVICH Vitaly (BLR),LIEVSHYN Vitaliy (UKR),,,2 - 4,11:8 7:11 11:9 11:13 9:11 6:11,NEKHVEDOVICH Vitaly,2006
Russian Open St. Petersburg 2006,2006-11-01,FENG Xiaoquan,PETRUKHIN Evgeny,AUT,RUS,4,1,"11,11,7,11,11|9,3,11,9,6",QR16,GRAND_SLAM,MS,1809,Qualification,FENG Xiaoquan (AUT),PETRUKHIN Evgeny (RUS),,,1 - 4,9:11 3:11 11:7 9:11 6:11,FENG Xiaoquan,2006
Russian Open St. Petersburg 2006,2006-11-01,PRYSHCHEPA Ievgen,CHMIEL Pawel,UKR,POL,4,1,"7,11,11,11,11|11,4,5,5,6",QR16,GRAND_SLAM,MS,1809,Qualification,PRYSHCHEPA Ievgen (UKR),CHMIEL Pawel (POL),,,4 - 1,7:11 11:4 11:5 11:5 11:6,PRYSHCHEPA Ievgen,2006
Russian Open St. Petersburg 2006,2006-11-01,LEBESSON Emmanuel,DRINKHALL Paul,FRA,ENG,4,1,"11,11,11,9,11|8,7,4,11,9",QR16,GRAND_SLAM,MS,1809,Qualification,LEBESSON Emmanuel (FRA),DRINKHALL Paul (ENG),,,1 - 4,8:11 7:11 4:11 11:9 9:11,LEBESSON Emmanuel,2006
Russian Open St. Petersburg 2006,2006-11-01,SEL Zolt,DESPRES Rodolphe,SRB,FRA,4,2,"5,5,11,11,13,11|11,11,8,1,11,8",QR16,GRAND_SLAM,MS,1809,Qualification,SEL Zolt (SRB),DESPRES Rodolphe (FRA),,,2 - 4,11:5 11:5 8:11 1:11 11:13 8:11,SEL Zolt,2006
Russian Open St. Petersburg 2006,2006-11-01,PETO Zsolt,ZHMUDENKO Yaroslav,SRB,UKR,4,2,"15,7,8,11,11,11|13,11,11,9,8,8",QR16,GRAND_SLAM,MS,1809,Qualification,PETO Zsolt (SRB),ZHMUDENKO Yaroslav (UKR),,,4 - 2,15:13 7:11 8:11 11:9 11:8 11:8,PETO Zsolt,2006
Russian Open St. Petersburg 2006,2006-11-01,SKACHKOV Kirill,TSUBOI Gustavo,RUS,BRA,4,2,"5,11,7,11,11,11|11,5,11,6,8,4",QR16,GRAND_SLAM,MS,1809,Qualification,SKACHKOV Kirill (RUS),TSUBOI Gustavo (BRA),,,2 - 4,11:5 5:11 11:7 6:11 8:11 4:11,SKACHKOV Kirill,2006
Russian Open St. Petersburg 2006,2006-11-01,LI Jiawei,KASTRAMINA Tatsiana (1987),SGP,BLR,4,0,"11,11,11,11|5,4,5,2",R64,GRAND_SLAM,WS,1809,Main Draw,LI Jiawei (SGP),KASTRAMINA Tatsiana (1987) (BLR),,,4 - 0,11:5 11:4 11:5 11:2,LI Jiawei,2006
Russian Open St. Petersburg 2006,2006-11-01,LANG Kristin,KUZMINA Elena,GER,RUS,4,3,"11,7,11,6,11,11,11|7,11,4,11,3,13,6",R64,GRAND_SLAM,WS,1809,Main Draw,LANG Kristin (GER),KUZMINA Elena (RUS),,,3 - 4,7:11 11:7 4:11 11:6 3:11 13:11 6:11,LANG Kristin,2006
Russian Open St. Petersburg 2006,2006-11-01,XIAN Yifang,WAGGERMAYER Elena,FRA,AUT,4,0,"11,11,11,14|6,3,8,12",R64,GRAND_SLAM,WS,1809,Main Draw,XIAN Yifang (FRA),WAGGERMAYER Elena (AUT),,,4 - 0,11:6 11:3 11:8 14:12,XIAN Yifang,2006
Russian Open St. Petersburg 2006,2006-11-01,SUN Beibei,ABAIMOVA Elena,SGP,RUS,4,3,"9,8,10,11,14,11,11|11,11,12,6,12,6,6",R64,GRAND_SLAM,WS,1809,Main Draw,SUN Beibei (SGP),ABAIMOVA Elena (RUS),,,3 - 4,11:9 11:8 12:10 6:11 12:14 6:11 6:11,SUN Beibei,2006
Russian Open St. Petersburg 2006,2006-11-01,ZHANG Xueling,KREKINA Svetlana,SGP,RUS,4,0,"11,11,11,11|5,2,9,2",R64,GRAND_SLAM,WS,1809,Main Draw,ZHANG Xueling (SGP),KREKINA Svetlana (RUS),,,4 - 0,11:5 11:2 11:9 11:2,ZHANG Xueling,2006
Russian Open St. Petersburg 2006,2006-11-01,LI Bin,PAOVIC Sandra,HUN,CRO,4,0,"13,11,11,12|11,9,9,10",R64,GRAND_SLAM,WS,1809,Main Draw,LI Bin (HUN),PAOVIC Sandra (CRO),,,4 - 0,13:11 11:9 11:9 12:10,LI Bin,2006
Russian Open St. Petersburg 2006,2006-11-01,TAN Paey Fern,MIKHAILOVA Polina,SGP,RUS,4,0,"11,11,11,11|8,5,4,6",R64,GRAND_SLAM,WS,1809,Main Draw,TAN Paey Fern (SGP),MIKHAILOVA Polina (RUS),,,4 - 0,11:8 11:5 11:4 11:6,TAN Paey Fern,2006
Russian Open St. Petersburg 2006,2006-11-01,TOTH Krisztina,RECKO Ema,HUN,SRB,4,1,"11,11,6,11,16|2,8,11,9,14",R64,GRAND_SLAM,WS,1809,Main Draw,TOTH Krisztina (HUN),RECKO Ema (SRB),,,1 - 4,2:11 8:11 11:6 9:11 14:16,TOTH Krisztina,2006
Russian Open St. Petersburg 2006,2006-11-01,LI Jiao,KMOTORKOVA Lenka,NED,SVK,4,0,"11,11,11,11|3,8,4,6",R64,GRAND_SLAM,WS,1809,Main Draw,LI Jiao (NED),KMOTORKOVA Lenka (SVK),,,4 - 0,11:3 11:8 11:4 11:6,LI Jiao,2006
Russian Open St. Petersburg 2006,2006-11-01,KOTIKHINA Irina,WEBEROVA Ivana,RUS,CZE,4,0,"11,11,11,11|8,6,8,5",R64,GRAND_SLAM,WS,1809,Main Draw,KOTIKHINA Irina (RUS),WEBEROVA Ivana (CZE),,,0 - 4,8:11 6:11 8:11 5:11,KOTIKHINA Irina,2006
Russian Open St. Petersburg 2006,2006-11-01,VACENOVSKA Iveta,MIKHAYLOVA Olga,CZE,RUS,4,1,"11,11,8,11,11|3,6,11,7,6",R64,GRAND_SLAM,WS,1809,Main Draw,VACENOVSKA Iveta (CZE),MIKHAYLOVA Olga (RUS),,,4 - 1,11:3 11:6 8:11 11:7 11:6,VACENOVSKA Iveta,2006
Russian Open St. Petersburg 2006,2006-11-01,TAN Wenling,HUANG Kang Kang,ITA,SGP,4,0,"11,13,11,11|6,11,6,3",R64,GRAND_SLAM,WS,1809,Main Draw,TAN Wenling (ITA),HUANG Kang Kang (SGP),,,0 - 4,6:11 11:13 6:11 3:11,TAN Wenling,2006
Russian Open St. Petersburg 2006,2006-11-01,KRAMER Tanja,WANG Yu (YOB=1981),GER,ITA,4,0,"15,11,11,11|13,5,9,5",R64,GRAND_SLAM,WS,1809,Main Draw,KRAMER Tanja (GER),WANG Yu (YOB=1981) (ITA),,,4 - 0,15:13 11:5 11:9 11:5,KRAMER Tanja,2006
Russian Open St. Petersburg 2006,2006-11-01,PALINA Irina,GOLOTA Marta,RUS,POL,4,2,"11,6,12,7,11,11|9,11,10,11,6,8",R64,GRAND_SLAM,WS,1809,Main Draw,PALINA Irina (RUS),GOLOTA Marta (POL),,,2 - 4,9:11 11:6 10:12 11:7 6:11 8:11,PALINA Irina,2006
Russian Open St. Petersburg 2006,2006-11-01,ROBERTSON Laura,DOBESOVA Jana,GER,CZE,4,3,"10,14,7,7,11,11,12|12,12,11,11,8,3,10",R64,GRAND_SLAM,WS,1809,Main Draw,ROBERTSON Laura (GER),DOBESOVA Jana (CZE),,,4 - 3,10:12 14:12 7:11 7:11 11:8 11:3 12:10,ROBERTSON Laura,2006
Russian Open St. Petersburg 2006,2006-11-01,PAVLOVICH Viktoria,LAKHOVA Tatiana,BLR,RUS,4,0,"11,11,11,11|5,6,5,7",R64,GRAND_SLAM,WS,1809,Main Draw,PAVLOVICH Viktoria (BLR),LAKHOVA Tatiana (RUS),,,0 - 4,5:11 6:11 5:11 7:11,PAVLOVICH Viktoria,2006
Russian Open St. Petersburg 2006,2006-11-01,WANG Yuegu,BAK Natalia,SGP,POL,4,0,"11,11,11,11|1,1,5,4",R64,GRAND_SLAM,WS,1809,Main Draw,WANG Yuegu (SGP),BAK Natalia (POL),,,4 - 0,11:1 11:1 11:5 11:4,WANG Yuegu,2006
Russian Open St. Petersburg 2006,2006-11-01,LOVAS Petra,HEINE Veronika,HUN,AUT,4,3,"4,9,11,11,11,13,11|11,11,9,9,4,15,7",R64,GRAND_SLAM,WS,1809,Main Draw,LOVAS Petra (HUN),HEINE Veronika (AUT),,,3 - 4,11:4 11:9 9:11 9:11 4:11 15:13 7:11,LOVAS Petra,2006
Russian Open St. Petersburg 2006,2006-11-01,PERGEL Szandra,FADEEVA Oxana,HUN,RUS,4,1,"12,11,5,11,14|10,7,11,8,12",R64,GRAND_SLAM,WS,1809,Main Draw,PERGEL Szandra (HUN),FADEEVA Oxana (RUS),,,1 - 4,10:12 7:11 11:5 8:11 12:14,PERGEL Szandra,2006
Russian Open St. Petersburg 2006,2006-11-01,GANINA Svetlana,ERDELJI Anamaria,RUS,SRB,4,3,"8,11,1,11,8,13,11|11,3,11,5,11,11,7",R64,GRAND_SLAM,WS,1809,Main Draw,GANINA Svetlana (RUS),ERDELJI Anamaria (SRB),,,3 - 4,11:8 3:11 11:1 5:11 11:8 11:13 7:11,GANINA Svetlana,2006
Russian Open St. Petersburg 2006,2006-11-01,LI Qiangbing,HARABASZOVA Lenka,AUT,CZE,4,3,"12,8,11,4,11,11,11|14,11,7,11,6,7,6",R64,GRAND_SLAM,WS,1809,Main Draw,LI Qiangbing (AUT),HARABASZOVA Lenka (CZE),,,4 - 3,12:14 8:11 11:7 4:11 11:6 11:7 11:6,LI Qiangbing,2006
Russian Open St. Petersburg 2006,2006-11-01,GRUNDISCH Carole,PLAVSIC Gordana,FRA,SRB,4,0,"12,11,11,11|10,5,5,8",R64,GRAND_SLAM,WS,1809,Main Draw,GRUNDISCH Carole (FRA),PLAVSIC Gordana (SRB),,,0 - 4,10:12 5:11 5:11 8:11,GRUNDISCH Carole,2006
Russian Open St. Petersburg 2006,2006-11-01,POTA Georgina,PARTYKA Natalia,HUN,POL,4,2,"11,12,9,10,11,11|6,10,11,12,4,1",R64,GRAND_SLAM,WS,1809,Main Draw,POTA Georgina (HUN),PARTYKA Natalia (POL),,,4 - 2,11:6 12:10 9:11 10:12 11:4 11:1,POTA Georgina,2006
Russian Open St. Petersburg 2006,2006-11-01,BILENKO Tetyana,MIKHAILOVA Tatiana,UKR,RUS,4,1,"11,11,11,7,11|3,9,5,11,7",R64,GRAND_SLAM,WS,1809,Main Draw,BILENKO Tetyana (UKR),MIKHAILOVA Tatiana (RUS),,,1 - 4,3:11 9:11 5:11 11:7 7:11,BILENKO Tetyana,2006
Russian Open St. Petersburg 2006,2006-11-01,LIU Jia,KIRITSA Liudmila,AUT,RUS,4,1,"12,9,11,11,11|10,11,6,9,6",R64,GRAND_SLAM,WS,1809,Main Draw,LIU Jia (AUT),KIRITSA Liudmila (RUS),,,4 - 1,12:10 9:11 11:6 11:9 11:6,LIU Jia,2006
Russian Open St. Petersburg 2006,2006-11-01,YU Mengyu,TIKHOMIROVA Anna,SGP,RUS,4,3,"7,9,16,11,12,8,11|11,11,14,4,10,11,8",R64,GRAND_SLAM,WS,1809,Main Draw,YU Mengyu (SGP),TIKHOMIROVA Anna (RUS),,,3 - 4,11:7 11:9 14:16 4:11 10:12 11:8 8:11,YU Mengyu,2006
Russian Open St. Petersburg 2006,2006-11-01,PAVLOVICH Veronika,PHAI PANG Laurie,BLR,FRA,4,1,"11,10,11,11,11|8,12,7,9,8",R64,GRAND_SLAM,WS,1809,Main Draw,PAVLOVICH Veronika (BLR),PHAI PANG Laurie (FRA),,,4 - 1,11:8 10:12 11:7 11:9 11:8,PAVLOVICH Veronika,2006
Russian Open St. Petersburg 2006,2006-11-01,STEFANOVA Nikoleta,SHAPOVALOVA Elena,ITA,UKR,4,1,"11,11,8,11,11|7,5,11,6,5",R64,GRAND_SLAM,WS,1809,Main Draw,STEFANOVA Nikoleta (ITA),SHAPOVALOVA Elena (UKR),,,1 - 4,7:11 5:11 11:8 6:11 5:11,STEFANOVA Nikoleta,2006
Russian Open St. Petersburg 2006,2006-11-01,SONG Ah Sim,KULAGINA Tatjana,HKG,RUS,4,1,"16,9,12,12,11|14,11,10,10,6",R64,GRAND_SLAM,WS,1809,Main Draw,SONG Ah Sim (HKG),KULAGINA Tatjana (RUS),,,4 - 1,16:14 9:11 12:10 12:10 11:6,SONG Ah Sim,2006
Russian Open St. Petersburg 2006,2006-11-01,NEGRISOLI Laura,VORONOVA Anastasia,ITA,RUS,4,2,"9,12,11,11,5,11|11,10,5,8,11,8",R64,GRAND_SLAM,WS,1809,Main Draw,NEGRISOLI Laura (ITA),VORONOVA Anastasia (RUS),,,2 - 4,11:9 10:12 5:11 8:11 11:5 8:11,NEGRISOLI Laura,2006
Russian Open St. Petersburg 2006,2006-11-01,MOLNAR Cornelia,KERTAI Rita,CRO,HUN,4,2,"13,11,9,11,6,11|11,7,11,9,11,5",R64,GRAND_SLAM,WS,1809,Main Draw,MOLNAR Cornelia (CRO),KERTAI Rita (HUN),,,4 - 2,13:11 11:7 9:11 11:9 6:11 11:5,MOLNAR Cornelia,2006
Russian Open St. Petersburg 2006,2006-11-01,GAO Jun,PESOTSKA Margaryta,USA,UKR,4,0,"11,11,11,11|2,9,6,5",R64,GRAND_SLAM,WS,1809,Main Draw,GAO Jun (USA),PESOTSKA Margaryta (UKR),,,0 - 4,2:11 9:11 6:11 5:11,GAO Jun,2006
Russian Open St. Petersburg 2006,2006-11-01,LI Jiawei,LANG Kristin,SGP,GER,4,2,"11,11,14,11,10,11|13,6,12,9,12,7",R32,GRAND_SLAM,WS,1809,Main Draw,LI Jiawei (SGP),LANG Kristin (GER),,,4 - 2,11:13 11:6 14:12 11:9 10:12 11:7,LI Jiawei,2006
Russian Open St. Petersburg 2006,2006-11-01,SUN Beibei,XIAN Yifang,SGP,FRA,4,3,"10,5,12,11,11,9,11|12,11,10,4,4,11,6",R32,GRAND_SLAM,WS,1809,Main Draw,SUN Beibei (SGP),XIAN Yifang (FRA),,,3 - 4,12:10 11:5 10:12 4:11 4:11 11:9 6:11,SUN Beibei,2006
Russian Open St. Petersburg 2006,2006-11-01,LI Bin,ZHANG Xueling,HUN,SGP,4,3,"15,7,8,11,7,11,11|13,11,11,8,11,8,7",R32,GRAND_SLAM,WS,1809,Main Draw,LI Bin (HUN),ZHANG Xueling (SGP),,,3 - 4,13:15 11:7 11:8 8:11 11:7 8:11 7:11,LI Bin,2006
Russian Open St. Petersburg 2006,2006-11-01,TOTH Krisztina,TAN Paey Fern,HUN,SGP,4,0,"11,11,11,11|9,2,6,7",R32,GRAND_SLAM,WS,1809,Main Draw,TOTH Krisztina (HUN),TAN Paey Fern (SGP),,,0 - 4,9:11 2:11 6:11 7:11,TOTH Krisztina,2006
Russian Open St. Petersburg 2006,2006-11-01,LI Jiao,KOTIKHINA Irina,NED,RUS,4,0,"11,11,11,11|3,8,6,3",R32,GRAND_SLAM,WS,1809,Main Draw,LI Jiao (NED),KOTIKHINA Irina (RUS),,,4 - 0,11:3 11:8 11:6 11:3,LI Jiao,2006
Russian Open St. Petersburg 2006,2006-11-01,TAN Wenling,VACENOVSKA Iveta,ITA,CZE,4,2,"8,11,11,10,11,11|11,9,6,12,4,1",R32,GRAND_SLAM,WS,1809,Main Draw,TAN Wenling (ITA),VACENOVSKA Iveta (CZE),,,2 - 4,11:8 9:11 6:11 12:10 4:11 1:11,TAN Wenling,2006
Russian Open St. Petersburg 2006,2006-11-01,KRAMER Tanja,PALINA Irina,GER,RUS,4,3,"11,11,9,11,7,5,14|9,9,11,6,11,11,12",R32,GRAND_SLAM,WS,1809,Main Draw,KRAMER Tanja (GER),PALINA Irina (RUS),,,4 - 3,11:9 11:9 9:11 11:6 7:11 5:11 14:12,KRAMER Tanja,2006
Russian Open St. Petersburg 2006,2006-11-01,PAVLOVICH Viktoria,ROBERTSON Laura,BLR,GER,4,2,"11,11,11,11,5,11|8,13,3,5,11,3",R32,GRAND_SLAM,WS,1809,Main Draw,PAVLOVICH Viktoria (BLR),ROBERTSON Laura (GER),,,2 - 4,8:11 13:11 3:11 5:11 11:5 3:11,PAVLOVICH Viktoria,2006
Russian Open St. Petersburg 2006,2006-11-01,WANG Yuegu,LOVAS Petra,SGP,HUN,4,1,"11,11,8,11,11|8,5,11,4,8",R32,GRAND_SLAM,WS,1809,Main Draw,WANG Yuegu (SGP),LOVAS Petra (HUN),,,4 - 1,11:8 11:5 8:11 11:4 11:8,WANG Yuegu,2006
Russian Open St. Petersburg 2006,2006-11-01,GANINA Svetlana,PERGEL Szandra,RUS,HUN,4,2,"11,11,5,11,4,11|7,9,11,1,11,8",R32,GRAND_SLAM,WS,1809,Main Draw,GANINA Svetlana (RUS),PERGEL Szandra (HUN),,,2 - 4,7:11 9:11 11:5 1:11 11:4 8:11,GANINA Svetlana,2006
Russian Open St. Petersburg 2006,2006-11-01,LI Qiangbing,GRUNDISCH Carole,AUT,FRA,4,2,"11,9,6,13,14,11|9,11,11,11,12,8",R32,GRAND_SLAM,WS,1809,Main Draw,LI Qiangbing (AUT),GRUNDISCH Carole (FRA),,,4 - 2,11:9 9:11 6:11 13:11 14:12 11:8,LI Qiangbing,2006
Russian Open St. Petersburg 2006,2006-11-01,POTA Georgina,BILENKO Tetyana,HUN,UKR,4,2,"11,11,7,4,11,11|9,5,11,11,8,5",R32,GRAND_SLAM,WS,1809,Main Draw,POTA Georgina (HUN),BILENKO Tetyana (UKR),,,4 - 2,11:9 11:5 7:11 4:11 11:8 11:5,POTA Georgina,2006
Russian Open St. Petersburg 2006,2006-11-01,YU Mengyu,LIU Jia,SGP,AUT,4,2,"2,11,12,7,11,11|11,7,10,11,6,8",R32,GRAND_SLAM,WS,1809,Main Draw,YU Mengyu (SGP),LIU Jia (AUT),,,2 - 4,11:2 7:11 10:12 11:7 6:11 8:11,YU Mengyu,2006
Russian Open St. Petersburg 2006,2006-11-01,STEFANOVA Nikoleta,PAVLOVICH Veronika,ITA,BLR,4,1,"11,5,11,11,11|9,11,6,8,2",R32,GRAND_SLAM,WS,1809,Main Draw,STEFANOVA Nikoleta (ITA),PAVLOVICH Veronika (BLR),,,1 - 4,9:11 11:5 6:11 8:11 2:11,STEFANOVA Nikoleta,2006
Russian Open St. Petersburg 2006,2006-11-01,SONG Ah Sim,NEGRISOLI Laura,HKG,ITA,4,1,"5,11,11,11,11|11,5,7,8,5",R32,GRAND_SLAM,WS,1809,Main Draw,SONG Ah Sim (HKG),NEGRISOLI Laura (ITA),,,4 - 1,5:11 11:5 11:7 11:8 11:5,SONG Ah Sim,2006
Russian Open St. Petersburg 2006,2006-11-01,GAO Jun,MOLNAR Cornelia,USA,CRO,4,1,"16,14,11,11,11|14,12,8,13,3",R32,GRAND_SLAM,WS,1809,Main Draw,GAO Jun (USA),MOLNAR Cornelia (CRO),,,1 - 4,14:16 12:14 8:11 13:11 3:11,GAO Jun,2006
Russian Open St. Petersburg 2006,2006-11-01,LI Jiawei,SUN Beibei,SGP,SGP,4,2,"11,11,5,2,11,11|7,8,11,11,4,9",R16,GRAND_SLAM,WS,1809,Main Draw,LI Jiawei (SGP),SUN Beibei (SGP),,,4 - 2,11:7 11:8 5:11 2:11 11:4 11:9,LI Jiawei,2006
Russian Open St. Petersburg 2006,2006-11-01,TOTH Krisztina,LI Bin,HUN,HUN,4,1,"11,11,6,11,11|8,9,11,8,6",R16,GRAND_SLAM,WS,1809,Main Draw,TOTH Krisztina (HUN),LI Bin (HUN),,,1 - 4,8:11 9:11 11:6 8:11 6:11,TOTH Krisztina,2006
Russian Open St. Petersburg 2006,2006-11-01,LI Jiao,TAN Wenling,NED,ITA,4,1,"11,11,11,5,11|7,5,8,11,8",R16,GRAND_SLAM,WS,1809,Main Draw,LI Jiao (NED),TAN Wenling (ITA),,,4 - 1,11:7 11:5 11:8 5:11 11:8,LI Jiao,2006
Russian Open St. Petersburg 2006,2006-11-01,KRAMER Tanja,PAVLOVICH Viktoria,GER,BLR,4,1,"11,11,13,6,11|8,5,11,11,9",R16,GRAND_SLAM,WS,1809,Main Draw,KRAMER Tanja (GER),PAVLOVICH Viktoria (BLR),,,4 - 1,11:8 11:5 13:11 6:11 11:9,KRAMER Tanja,2006
Russian Open St. Petersburg 2006,2006-11-01,WANG Yuegu,GANINA Svetlana,SGP,RUS,4,1,"11,7,11,11,18|5,11,9,9,16",R16,GRAND_SLAM,WS,1809,Main Draw,WANG Yuegu (SGP),GANINA Svetlana (RUS),,,4 - 1,11:5 7:11 11:9 11:9 18:16,WANG Yuegu,2006
Russian Open St. Petersburg 2006,2006-11-01,LI Qiangbing,POTA Georgina,AUT,HUN,4,3,"11,12,11,3,11,10,12|3,14,2,11,9,12,10",R16,GRAND_SLAM,WS,1809,Main Draw,LI Qiangbing (AUT),POTA Georgina (HUN),,,4 - 3,11:3 12:14 11:2 3:11 11:9 10:12 12:10,LI Qiangbing,2006
Russian Open St. Petersburg 2006,2006-11-01,STEFANOVA Nikoleta,YU Mengyu,ITA,SGP,4,3,"9,5,13,5,11,19,11|11,11,11,11,7,17,9",R16,GRAND_SLAM,WS,1809,Main Draw,STEFANOVA Nikoleta (ITA),YU Mengyu (SGP),,,3 - 4,11:9 11:5 11:13 11:5 7:11 17:19 9:11,STEFANOVA Nikoleta,2006
Russian Open St. Petersburg 2006,2006-11-01,SONG Ah Sim,GAO Jun,HKG,USA,4,0,"11,11,11,11|5,9,9,6",R16,GRAND_SLAM,WS,1809,Main Draw,SONG Ah Sim (HKG),GAO Jun (USA),,,4 - 0,11:5 11:9 11:9 11:6,SONG Ah Sim,2006
Russian Open St. Petersburg 2006,2006-11-01,LI Jiawei,TOTH Krisztina,SGP,HUN,4,1,"6,12,12,11,11|11,10,10,6,6",QuarterFinal,GRAND_SLAM,WS,1809,Main Draw,LI Jiawei (SGP),TOTH Krisztina (HUN),,,4 - 1,6:11 12:10 12:10 11:6 11:6,LI Jiawei,2006
Russian Open St. Petersburg 2006,2006-11-01,LI Jiao,KRAMER Tanja,NED,GER,4,1,"11,10,11,11,13|3,12,3,8,11",QuarterFinal,GRAND_SLAM,WS,1809,Main Draw,LI Jiao (NED),KRAMER Tanja (GER),,,4 - 1,11:3 10:12 11:3 11:8 13:11,LI Jiao,2006
Russian Open St. Petersburg 2006,2006-11-01,WANG Yuegu,LI Qiangbing,SGP,AUT,4,0,"11,11,11,11|9,4,6,8",QuarterFinal,GRAND_SLAM,WS,1809,Main Draw,WANG Yuegu (SGP),LI Qiangbing (AUT),,,4 - 0,11:9 11:4 11:6 11:8,WANG Yuegu,2006
Russian Open St. Petersburg 2006,2006-11-01,SONG Ah Sim,STEFANOVA Nikoleta,HKG,ITA,4,2,"11,9,7,11,11,11|8,11,11,8,4,3",QuarterFinal,GRAND_SLAM,WS,1809,Main Draw,SONG Ah Sim (HKG),STEFANOVA Nikoleta (ITA),,,2 - 4,8:11 11:9 11:7 8:11 4:11 3:11,SONG Ah Sim,2006
Russian Open St. Petersburg 2006,2006-11-01,LI Jiawei,LI Jiao,SGP,NED,4,1,"11,12,11,10,11|8,10,8,12,6",SemiFinal,GRAND_SLAM,WS,1809,Main Draw,LI Jiawei (SGP),LI Jiao (NED),,,4 - 1,11:8 12:10 11:8 10:12 11:6,LI Jiawei,2006
Russian Open St. Petersburg 2006,2006-11-01,WANG Yuegu,SONG Ah Sim,SGP,HKG,4,2,"11,12,11,11,1,11|6,14,4,8,11,7",SemiFinal,GRAND_SLAM,WS,1809,Main Draw,WANG Yuegu (SGP),SONG Ah Sim (HKG),,,4 - 2,11:6 12:14 11:4 11:8 1:11 11:7,WANG Yuegu,2006
Russian Open St. Petersburg 2006,2006-11-01,LI Jiawei,WANG Yuegu,SGP,SGP,4,2,"11,12,11,7,5,11|6,10,6,11,11,9",Final,GRAND_SLAM,WS,1809,Main Draw,LI Jiawei (SGP),WANG Yuegu (SGP),,,4 - 2,11:6 12:10 11:6 7:11 5:11 11:9,LI Jiawei,2006
Russian Open St. Petersburg 2006,2006-11-01,LAKHOVA Tatiana,ISAEVA Sasha,RUS,RUS,4,2,"11,11,11,6,8,11|9,8,4,11,11,9",,GRAND_SLAM,WS,1809,Qualification,LAKHOVA Tatiana (RUS),ISAEVA Sasha (RUS),,,2 - 4,9:11 8:11 4:11 11:6 11:8 9:11,LAKHOVA Tatiana,2006
Russian Open St. Petersburg 2006,2006-11-01,KRAMER Tanja,LAKHOVA Tatiana,GER,RUS,4,0,"11,11,11,11|6,4,7,4",QR2,GRAND_SLAM,WS,1809,Qualification,KRAMER Tanja (GER),LAKHOVA Tatiana (RUS),,,4 - 0,11:6 11:4 11:7 11:4,KRAMER Tanja,2006
Russian Open St. Petersburg 2006,2006-11-01,KRAMER Tanja,ISAEVA Sasha,GER,RUS,4,0,"11,11,11,11|3,4,8,5",3,GRAND_SLAM,WS,1809,Qualification,KRAMER Tanja (GER),ISAEVA Sasha (RUS),,,4 - 0,11:3 11:4 11:8 11:5,KRAMER Tanja,2006
Russian Open St. Petersburg 2006,2006-11-01,KUZMINA Elena,COULIBALY Dieniouma,RUS,FRA,4,3,"11,11,8,11,7,8,11|8,7,11,8,11,11,9",,GRAND_SLAM,WS,1809,Qualification,KUZMINA Elena (RUS),COULIBALY Dieniouma (FRA),,,4 - 3,11:8 11:7 8:11 11:8 7:11 8:11 11:9,KUZMINA Elena,2006
Russian Open St. Petersburg 2006,2006-11-01,BILENKO Tetyana,COULIBALY Dieniouma,UKR,FRA,4,2,"11,14,5,8,11,11|3,12,11,11,5,7",QR2,GRAND_SLAM,WS,1809,Qualification,BILENKO Tetyana (UKR),COULIBALY Dieniouma (FRA),,,4 - 2,11:3 14:12 5:11 8:11 11:5 11:7,BILENKO Tetyana,2006
Russian Open St. Petersburg 2006,2006-11-01,BILENKO Tetyana,KUZMINA Elena,UKR,RUS,4,2,"6,11,11,6,11,11|11,5,7,11,2,3",3,GRAND_SLAM,WS,1809,Qualification,BILENKO Tetyana (UKR),KUZMINA Elena (RUS),,,4 - 2,6:11 11:5 11:7 6:11 11:2 11:3,BILENKO Tetyana,2006
Russian Open St. Petersburg 2006,2006-11-01,ERMAKOVA Irina,MORKOVKINA Irina,RUS,RUS,4,1,"11,10,14,11,13|4,12,12,9,11",,GRAND_SLAM,WS,1809,Qualification,ERMAKOVA Irina (RUS),MORKOVKINA Irina (RUS),,,1 - 4,4:11 12:10 12:14 9:11 11:13,ERMAKOVA Irina,2006
Russian Open St. Petersburg 2006,2006-11-01,WANG Yu (YOB=1981),ERMAKOVA Irina,ITA,RUS,4,2,"11,12,11,8,8,11|9,10,3,11,11,5",QR2,GRAND_SLAM,WS,1809,Qualification,WANG Yu (YOB=1981) (ITA),ERMAKOVA Irina (RUS),,,4 - 2,11:9 12:10 11:3 8:11 8:11 11:5,WANG Yu (YOB=1981),2006
Russian Open St. Petersburg 2006,2006-11-01,WANG Yu (YOB=1981),MORKOVKINA Irina,ITA,RUS,4,0,"11,11,11,11|6,5,3,5",3,GRAND_SLAM,WS,1809,Qualification,WANG Yu (YOB=1981) (ITA),MORKOVKINA Irina (RUS),,,4 - 0,11:6 11:5 11:3 11:5,WANG Yu (YOB=1981),2006
Russian Open St. Petersburg 2006,2006-11-01,MIKHAILOVA Tatiana,SEDYKH Irena,RUS,RUS,4,0,"11,11,11,14|6,7,8,12",,GRAND_SLAM,WS,1809,Qualification,MIKHAILOVA Tatiana (RUS),SEDYKH Irena (RUS),,,4 - 0,11:6 11:7 11:8 14:12,MIKHAILOVA Tatiana,2006
Russian Open St. Petersburg 2006,2006-11-01,HEINE Veronika,SEDYKH Irena,AUT,RUS,4,1,"11,3,11,11,11|4,11,5,9,9",QR2,GRAND_SLAM,WS,1809,Qualification,HEINE Veronika (AUT),SEDYKH Irena (RUS),,,4 - 1,11:4 3:11 11:5 11:9 11:9,HEINE Veronika,2006
Russian Open St. Petersburg 2006,2006-11-01,HEINE Veronika,MIKHAILOVA Tatiana,AUT,RUS,4,1,"11,11,11,9,16|6,5,8,11,14",3,GRAND_SLAM,WS,1809,Qualification,HEINE Veronika (AUT),MIKHAILOVA Tatiana (RUS),,,4 - 1,11:6 11:5 11:8 9:11 16:14,HEINE Veronika,2006
Russian Open St. Petersburg 2006,2006-11-01,ABRAMOVA Natalia,TKACHOVA Tetyana,RUS,UKR,4,2,"11,8,15,8,11,13|7,11,13,11,7,11",,GRAND_SLAM,WS,1809,Qualification,ABRAMOVA Natalia (RUS),TKACHOVA Tetyana (UKR),,,2 - 4,7:11 11:8 13:15 11:8 7:11 11:13,ABRAMOVA Natalia,2006
Russian Open St. Petersburg 2006,2006-11-01,ERDELJI Anamaria,ABRAMOVA Natalia,SRB,RUS,4,1,"11,7,11,11,11|9,11,3,9,4",QR2,GRAND_SLAM,WS,1809,Qualification,ERDELJI Anamaria (SRB),ABRAMOVA Natalia (RUS),,,4 - 1,11:9 7:11 11:3 11:9 11:4,ERDELJI Anamaria,2006
Russian Open St. Petersburg 2006,2006-11-01,TKACHOVA Tetyana,ERDELJI Anamaria,UKR,SRB,4,3,"13,8,11,6,14,10,11|11,11,9,11,12,12,7",3,GRAND_SLAM,WS,1809,Qualification,TKACHOVA Tetyana (UKR),ERDELJI Anamaria (SRB),,,3 - 4,11:13 11:8 9:11 11:6 12:14 12:10 7:11,TKACHOVA Tetyana,2006
Russian Open St. Petersburg 2006,2006-11-01,BAK Natalia,AKHMETOVA Liubov,POL,RUS,4,3,"11,7,9,11,11,9,11|5,11,11,6,5,11,7",,GRAND_SLAM,WS,1809,Qualification,BAK Natalia (POL),AKHMETOVA Liubov (RUS),,,4 - 3,11:5 7:11 9:11 11:6 11:5 9:11 11:7,BAK Natalia,2006
Russian Open St. Petersburg 2006,2006-11-01,DOBESOVA Jana,AKHMETOVA Liubov,CZE,RUS,4,0,"13,11,11,11|11,4,9,8",QR2,GRAND_SLAM,WS,1809,Qualification,DOBESOVA Jana (CZE),AKHMETOVA Liubov (RUS),,,4 - 0,13:11 11:4 11:9 11:8,DOBESOVA Jana,2006
Russian Open St. Petersburg 2006,2006-11-01,DOBESOVA Jana,BAK Natalia,CZE,POL,4,3,"11,13,8,8,6,11,12|7,11,11,11,11,8,10",3,GRAND_SLAM,WS,1809,Qualification,DOBESOVA Jana (CZE),BAK Natalia (POL),,,4 - 3,11:7 13:11 8:11 8:11 6:11 11:8 12:10,DOBESOVA Jana,2006
Russian Open St. Petersburg 2006,2006-11-01,KULAGINA Tatjana,KASTRAMINA Tatsiana (1987),RUS,BLR,4,0,"11,11,11,11|5,5,4,9",QR2,GRAND_SLAM,WS,1809,Qualification,KULAGINA Tatjana (RUS),KASTRAMINA Tatsiana (1987) (BLR),,,4 - 0,11:5 11:5 11:4 11:9,KULAGINA Tatjana,2006
Russian Open St. Petersburg 2006,2006-11-01,HAPONOVA Hanna,VINOGRADOVA Mariia,UKR,RUS,4,0,"13,11,11,11|11,6,9,4",,GRAND_SLAM,WS,1809,Qualification,HAPONOVA Hanna (UKR),VINOGRADOVA Mariia (RUS),,,4 - 0,13:11 11:6 11:9 11:4,HAPONOVA Hanna,2006
Russian Open St. Petersburg 2006,2006-11-01,KREKINA Svetlana,VINOGRADOVA Mariia,RUS,RUS,4,0,"11,12,12,11|8,10,10,4",QR2,GRAND_SLAM,WS,1809,Qualification,KREKINA Svetlana (RUS),VINOGRADOVA Mariia (RUS),,,4 - 0,11:8 12:10 12:10 11:4,KREKINA Svetlana,2006
Russian Open St. Petersburg 2006,2006-11-01,KREKINA Svetlana,HAPONOVA Hanna,RUS,UKR,4,2,"5,8,11,11,11,11|11,11,8,4,7,6",3,GRAND_SLAM,WS,1809,Qualification,KREKINA Svetlana (RUS),HAPONOVA Hanna (UKR),,,4 - 2,5:11 8:11 11:8 11:4 11:7 11:6,KREKINA Svetlana,2006
Russian Open St. Petersburg 2006,2006-11-01,MIKHAYLOVA Olga,OWEN Naomi,RUS,WAL,4,0,"11,11,11,11|6,5,6,4",,GRAND_SLAM,WS,1809,Qualification,MIKHAYLOVA Olga (RUS),OWEN Naomi (WAL),,,4 - 0,11:6 11:5 11:6 11:4,MIKHAYLOVA Olga,2006
Russian Open St. Petersburg 2006,2006-11-01,BOLSHAKOVA Natalia,OWEN Naomi,RUS,WAL,4,0,"11,13,11,11|3,11,8,5",QR2,GRAND_SLAM,WS,1809,Qualification,BOLSHAKOVA Natalia (RUS),OWEN Naomi (WAL),,,4 - 0,11:3 13:11 11:8 11:5,BOLSHAKOVA Natalia,2006
Russian Open St. Petersburg 2006,2006-11-01,MIKHAYLOVA Olga,BOLSHAKOVA Natalia,RUS,RUS,4,3,"10,10,15,11,10,11,12|12,12,13,6,12,5,10",3,GRAND_SLAM,WS,1809,Qualification,MIKHAYLOVA Olga (RUS),BOLSHAKOVA Natalia (RUS),,,3 - 4,12:10 12:10 13:15 6:11 12:10 5:11 10:12,MIKHAYLOVA Olga,2006
Russian Open St. Petersburg 2006,2006-11-01,KOZLOVSKAIAI Anna,RYLSKAYA Ekaterina,RUS,RUS,4,1,"11,11,11,10,11|9,7,8,12,7",,GRAND_SLAM,WS,1809,Qualification,KOZLOVSKAIAI Anna (RUS),RYLSKAYA Ekaterina (RUS),,,4 - 1,11:9 11:7 11:8 10:12 11:7,KOZLOVSKAIAI Anna,2006
Russian Open St. Petersburg 2006,2006-11-01,PLAVSIC Gordana,RYLSKAYA Ekaterina,SRB,RUS,4,1,"10,11,11,11,11|12,6,6,6,4",QR2,GRAND_SLAM,WS,1809,Qualification,PLAVSIC Gordana (SRB),RYLSKAYA Ekaterina (RUS),,,4 - 1,10:12 11:6 11:6 11:6 11:4,PLAVSIC Gordana,2006
Russian Open St. Petersburg 2006,2006-11-01,PLAVSIC Gordana,KOZLOVSKAIAI Anna,SRB,RUS,4,1,"7,11,11,11,11|11,5,8,8,9",3,GRAND_SLAM,WS,1809,Qualification,PLAVSIC Gordana (SRB),KOZLOVSKAIAI Anna (RUS),,,4 - 1,7:11 11:5 11:8 11:8 11:9,PLAVSIC Gordana,2006
Russian Open St. Petersburg 2006,2006-11-01,PRIVALOVA Alexandra,SHAVYRINA Marina,BLR,RUS,4,2,"6,11,4,11,11,11|11,7,11,7,8,9",,GRAND_SLAM,WS,1809,Qualification,PRIVALOVA Alexandra (BLR),SHAVYRINA Marina (RUS),,,2 - 4,11:6 7:11 11:4 7:11 8:11 9:11,PRIVALOVA Alexandra,2006
Russian Open St. Petersburg 2006,2006-11-01,KERTAI Rita,PRIVALOVA Alexandra,HUN,BLR,4,1,"11,11,12,11,11|13,8,10,7,7",QR2,GRAND_SLAM,WS,1809,Qualification,KERTAI Rita (HUN),PRIVALOVA Alexandra (BLR),,,4 - 1,11:13 11:8 12:10 11:7 11:7,KERTAI Rita,2006
Russian Open St. Petersburg 2006,2006-11-01,SHAVYRINA Marina,KERTAI Rita,RUS,HUN,4,3,"11,15,4,11,6,11,11|6,17,11,8,11,7,9",3,GRAND_SLAM,WS,1809,Qualification,SHAVYRINA Marina (RUS),KERTAI Rita (HUN),,,3 - 4,6:11 17:15 11:4 8:11 11:6 7:11 9:11,SHAVYRINA Marina,2006
Russian Open St. Petersburg 2006,2006-11-01,FETUKHINA Margarita,VOROBYEVA Ekaterina,RUS,RUS,4,3,"11,11,8,9,9,11,11|8,8,11,11,11,6,2",,GRAND_SLAM,WS,1809,Qualification,FETUKHINA Margarita (RUS),VOROBYEVA Ekaterina (RUS),,,4 - 3,11:8 11:8 8:11 9:11 9:11 11:6 11:2,FETUKHINA Margarita,2006
Russian Open St. Petersburg 2006,2006-11-01,LI Bin,VOROBYEVA Ekaterina,HUN,RUS,4,1,"11,11,9,11,11|6,9,11,5,4",QR2,GRAND_SLAM,WS,1809,Qualification,LI Bin (HUN),VOROBYEVA Ekaterina (RUS),,,4 - 1,11:6 11:9 9:11 11:5 11:4,LI Bin,2006
Russian Open St. Petersburg 2006,2006-11-01,LI Bin,FETUKHINA Margarita,HUN,RUS,4,0,"11,11,13,11|9,8,11,5",3,GRAND_SLAM,WS,1809,Qualification,LI Bin (HUN),FETUKHINA Margarita (RUS),,,4 - 0,11:9 11:8 13:11 11:5,LI Bin,2006
Russian Open St. Petersburg 2006,2006-11-01,ABAIMOVA Elena,SIBLEY Kelly,RUS,ENG,4,2,"11,6,10,11,11,11|7,11,12,9,8,5",,GRAND_SLAM,WS,1809,Qualification,ABAIMOVA Elena (RUS),SIBLEY Kelly (ENG),,,2 - 4,7:11 11:6 12:10 9:11 8:11 5:11,ABAIMOVA Elena,2006
Russian Open St. Petersburg 2006,2006-11-01,ABAIMOVA Elena,DOLGIKH Maria,RUS,RUS,4,1,"11,8,11,11,11|3,11,4,9,5",QR2,GRAND_SLAM,WS,1809,Qualification,ABAIMOVA Elena (RUS),DOLGIKH Maria (RUS),,,1 - 4,3:11 11:8 4:11 9:11 5:11,ABAIMOVA Elena,2006
Russian Open St. Petersburg 2006,2006-11-01,DOLGIKH Maria,SIBLEY Kelly,RUS,ENG,4,1,"11,11,12,11,11|6,6,14,5,6",3,GRAND_SLAM,WS,1809,Qualification,DOLGIKH Maria (RUS),SIBLEY Kelly (ENG),,,4 - 1,11:6 11:6 12:14 11:5 11:6,DOLGIKH Maria,2006
Russian Open St. Petersburg 2006,2006-11-01,WEBEROVA Ivana,PROKHOROVA Yulia,CZE,RUS,4,2,"12,14,11,11,8,11|10,16,9,9,11,7",3,GRAND_SLAM,WS,1809,Qualification,WEBEROVA Ivana (CZE),PROKHOROVA Yulia (RUS),,,2 - 4,10:12 16:14 9:11 9:11 11:8 7:11,WEBEROVA Ivana,2006
Russian Open St. Petersburg 2006,2006-11-01,GAJIC Jelena,ERSHOVA Maria,SRB,RUS,4,1,"11,7,11,11,11|5,11,6,4,7",,GRAND_SLAM,WS,1809,Qualification,GAJIC Jelena (SRB),ERSHOVA Maria (RUS),,,4 - 1,11:5 7:11 11:6 11:4 11:7,GAJIC Jelena,2006
Russian Open St. Petersburg 2006,2006-11-01,TIKHOMIROVA Anna,ERSHOVA Maria,RUS,RUS,4,0,"11,11,11,11|4,5,4,5",QR2,GRAND_SLAM,WS,1809,Qualification,TIKHOMIROVA Anna (RUS),ERSHOVA Maria (RUS),,,4 - 0,11:4 11:5 11:4 11:5,TIKHOMIROVA Anna,2006
Russian Open St. Petersburg 2006,2006-11-01,TIKHOMIROVA Anna,GAJIC Jelena,RUS,SRB,4,0,"11,11,11,11|3,9,9,8",3,GRAND_SLAM,WS,1809,Qualification,TIKHOMIROVA Anna (RUS),GAJIC Jelena (SRB),,,4 - 0,11:3 11:9 11:9 11:8,TIKHOMIROVA Anna,2006
Russian Open St. Petersburg 2006,2006-11-01,KIRITSA Liudmila,ROZHKOVA Maria,RUS,RUS,4,0,"11,11,11,11|8,6,7,8",,GRAND_SLAM,WS,1809,Qualification,KIRITSA Liudmila (RUS),ROZHKOVA Maria (RUS),,,4 - 0,11:8 11:6 11:7 11:8,KIRITSA Liudmila,2006
Russian Open St. Petersburg 2006,2006-11-01,PERGEL Szandra,ROZHKOVA Maria,HUN,RUS,4,0,"11,12,11,16|2,10,7,14",QR2,GRAND_SLAM,WS,1809,Qualification,PERGEL Szandra (HUN),ROZHKOVA Maria (RUS),,,4 - 0,11:2 12:10 11:7 16:14,PERGEL Szandra,2006
Russian Open St. Petersburg 2006,2006-11-01,PERGEL Szandra,KIRITSA Liudmila,HUN,RUS,4,1,"12,11,11,9,17|10,4,9,11,15",3,GRAND_SLAM,WS,1809,Qualification,PERGEL Szandra (HUN),KIRITSA Liudmila (RUS),,,4 - 1,12:10 11:4 11:9 9:11 17:15,PERGEL Szandra,2006
Russian Open St. Petersburg 2006,2006-11-01,GOLOTA Marta,KMOTORKOVA Lenka,POL,SVK,4,2,"11,11,4,11,4,12|7,9,11,7,11,10",3,GRAND_SLAM,WS,1809,Qualification,GOLOTA Marta (POL),KMOTORKOVA Lenka (SVK),,,2 - 4,7:11 9:11 11:4 7:11 11:4 10:12,GOLOTA Marta,2006
Russian Open St. Petersburg 2006,2006-11-01,MARKOVA Ekaterina,SHISHMAREVA Olga,RUS,RUS,4,1,"11,9,11,11,11|6,11,7,2,8",,GRAND_SLAM,WS,1809,Qualification,MARKOVA Ekaterina (RUS),SHISHMAREVA Olga (RUS),,,4 - 1,11:6 9:11 11:7 11:2 11:8,MARKOVA Ekaterina,2006
Russian Open St. Petersburg 2006,2006-11-01,PARTYKA Natalia,SHISHMAREVA Olga,POL,RUS,4,0,"11,11,11,12|9,7,6,10",QR2,GRAND_SLAM,WS,1809,Qualification,PARTYKA Natalia (POL),SHISHMAREVA Olga (RUS),,,4 - 0,11:9 11:7 11:6 12:10,PARTYKA Natalia,2006
Russian Open St. Petersburg 2006,2006-11-01,PARTYKA Natalia,MARKOVA Ekaterina,POL,RUS,4,1,"11,8,11,11,11|5,11,6,4,3",3,GRAND_SLAM,WS,1809,Qualification,PARTYKA Natalia (POL),MARKOVA Ekaterina (RUS),,,4 - 1,11:5 8:11 11:6 11:4 11:3,PARTYKA Natalia,2006
Russian Open St. Petersburg 2006,2006-11-01,RECKO Ema,SHLYANIKOVA Anna,SRB,RUS,4,0,"11,11,11,13|5,7,9,11",,GRAND_SLAM,WS,1809,Qualification,RECKO Ema (SRB),SHLYANIKOVA Anna (RUS),,,4 - 0,11:5 11:7 11:9 13:11,RECKO Ema,2006
Russian Open St. Petersburg 2006,2006-11-01,WAGGERMAYER Elena,SHLYANIKOVA Anna,AUT,RUS,4,0,"11,11,11,11|7,6,5,2",QR2,GRAND_SLAM,WS,1809,Qualification,WAGGERMAYER Elena (AUT),SHLYANIKOVA Anna (RUS),,,4 - 0,11:7 11:6 11:5 11:2,WAGGERMAYER Elena,2006
Russian Open St. Petersburg 2006,2006-11-01,WAGGERMAYER Elena,RECKO Ema,AUT,SRB,4,2,"11,10,11,10,11,11|5,12,3,12,7,6",3,GRAND_SLAM,WS,1809,Qualification,WAGGERMAYER Elena (AUT),RECKO Ema (SRB),,,4 - 2,11:5 10:12 11:3 10:12 11:7 11:6,WAGGERMAYER Elena,2006
Russian Open St. Petersburg 2006,2006-11-01,LEMESHEVSKAYA Valeriya,TREPEZKAIA Olga,RUS,RUS,4,0,"11,11,13,11|7,5,11,5",,GRAND_SLAM,WS,1809,Qualification,LEMESHEVSKAYA Valeriya (RUS),TREPEZKAIA Olga (RUS),,,4 - 0,11:7 11:5 13:11 11:5,LEMESHEVSKAYA Valeriya,2006
Russian Open St. Petersburg 2006,2006-11-01,HUANG Kang Kang,TREPEZKAIA Olga,SGP,RUS,4,0,"11,11,11,13|7,4,8,11",QR2,GRAND_SLAM,WS,1809,Qualification,HUANG Kang Kang (SGP),TREPEZKAIA Olga (RUS),,,4 - 0,11:7 11:4 11:8 13:11,HUANG Kang Kang,2006
Russian Open St. Petersburg 2006,2006-11-01,HUANG Kang Kang,LEMESHEVSKAYA Valeriya,SGP,RUS,4,3,"2,6,11,5,12,11,11|11,11,7,11,10,9,9",3,GRAND_SLAM,WS,1809,Qualification,HUANG Kang Kang (SGP),LEMESHEVSKAYA Valeriya (RUS),,,4 - 3,2:11 6:11 11:7 5:11 12:10 11:9 11:9,HUANG Kang Kang,2006
Russian Open St. Petersburg 2006,2006-11-01,VORONOVA Anastasia,VLASOVA Olga,RUS,RUS,4,0,"11,11,11,11|7,5,6,6",,GRAND_SLAM,WS,1809,Qualification,VORONOVA Anastasia (RUS),VLASOVA Olga (RUS),,,4 - 0,11:7 11:5 11:6 11:6,VORONOVA Anastasia,2006
Russian Open St. Petersburg 2006,2006-11-01,VLASOVA Olga,PESOTSKA Margaryta,RUS,UKR,4,2,"11,11,7,11,11,11|13,6,11,5,4,7",QR2,GRAND_SLAM,WS,1809,Qualification,VLASOVA Olga (RUS),PESOTSKA Margaryta (UKR),,,2 - 4,13:11 6:11 11:7 5:11 4:11 7:11,VLASOVA Olga,2006
Russian Open St. Petersburg 2006,2006-11-01,PESOTSKA Margaryta,VORONOVA Anastasia,UKR,RUS,4,1,"12,11,11,11,11|10,5,13,4,8",3,GRAND_SLAM,WS,1809,Qualification,PESOTSKA Margaryta (UKR),VORONOVA Anastasia (RUS),,,4 - 1,12:10 11:5 11:13 11:4 11:8,PESOTSKA Margaryta,2006
Russian Open St. Petersburg 2006,2006-11-01,MIKHAILOVA Polina,ZALESSKAJA Lillia,RUS,RUS,4,0,"11,14,16,11|7,12,14,4",,GRAND_SLAM,WS,1809,Qualification,MIKHAILOVA Polina (RUS),ZALESSKAJA Lillia (RUS),,,4 - 0,11:7 14:12 16:14 11:4,MIKHAILOVA Polina,2006
Russian Open St. Petersburg 2006,2006-11-01,FEHER Gabriela,ZALESSKAJA Lillia,SRB,RUS,4,3,"11,7,9,11,6,11,11|8,11,11,6,11,8,6",QR2,GRAND_SLAM,WS,1809,Qualification,FEHER Gabriela (SRB),ZALESSKAJA Lillia (RUS),,,4 - 3,11:8 7:11 9:11 11:6 6:11 11:8 11:6,FEHER Gabriela,2006
Russian Open St. Petersburg 2006,2006-11-01,MIKHAILOVA Polina,FEHER Gabriela,RUS,SRB,4,1,"11,11,11,5,11|8,9,9,11,3",3,GRAND_SLAM,WS,1809,Qualification,MIKHAILOVA Polina (RUS),FEHER Gabriela (SRB),,,1 - 4,8:11 9:11 9:11 11:5 3:11,MIKHAILOVA Polina,2006
Russian Open St. Petersburg 2006,2006-11-01,PHAI PANG Laurie,NOVIKOVA Ekaterina,FRA,RUS,4,1,"6,11,11,11,11|11,6,3,4,7",,GRAND_SLAM,WS,1809,Qualification,PHAI PANG Laurie (FRA),NOVIKOVA Ekaterina (RUS),,,4 - 1,6:11 11:6 11:3 11:4 11:7,PHAI PANG Laurie,2006
Russian Open St. Petersburg 2006,2006-11-01,PIETKIEWICZ Monika,VOROBEVA Olga,POL,RUS,4,1,"12,11,11,10,11|10,1,3,12,4",QR2,GRAND_SLAM,WS,1809,Qualification,PIETKIEWICZ Monika (POL),VOROBEVA Olga (RUS),,,4 - 1,12:10 11:1 11:3 10:12 11:4,PIETKIEWICZ Monika,2006
Russian Open St. Petersburg 2006,2006-11-01,PHAI PANG Laurie,VOROBEVA Olga,FRA,RUS,4,0,"11,11,11,11|7,5,2,5",3,GRAND_SLAM,WS,1809,Qualification,PHAI PANG Laurie (FRA),VOROBEVA Olga (RUS),,,4 - 0,11:7 11:5 11:2 11:5,PHAI PANG Laurie,2006
Russian Open St. Petersburg 2006,2006-11-01,PIETKIEWICZ Monika,NOVIKOVA Ekaterina,POL,RUS,4,0,"11,11,11,11|7,6,6,7",QR4,GRAND_SLAM,WS,1809,Qualification,PIETKIEWICZ Monika (POL),NOVIKOVA Ekaterina (RUS),,,4 - 0,11:7 11:6 11:6 11:7,PIETKIEWICZ Monika,2006
Russian Open St. Petersburg 2006,2006-11-01,PHAI PANG Laurie,PIETKIEWICZ Monika,FRA,POL,4,2,"11,10,9,11,12,11|4,12,11,7,10,6",5,GRAND_SLAM,WS,1809,Qualification,PHAI PANG Laurie (FRA),PIETKIEWICZ Monika (POL),,,4 - 2,11:4 10:12 9:11 11:7 12:10 11:6,PHAI PANG Laurie,2006
Russian Open St. Petersburg 2006,2006-11-01,VOROBEVA Olga,NOVIKOVA Ekaterina,RUS,RUS,4,3,"11,8,11,6,11,5,11|3,11,6,11,9,11,7",6,GRAND_SLAM,WS,1809,Qualification,VOROBEVA Olga (RUS),NOVIKOVA Ekaterina (RUS),,,4 - 3,11:3 8:11 11:6 6:11 11:9 5:11 11:7,VOROBEVA Olga,2006
Russian Open St. Petersburg 2006,2006-11-01,LOSOSOVSKAYA Olga,KLYUKINA Elena,RUS,RUS,4,2,"11,8,14,9,11,11|8,11,12,11,5,9",,GRAND_SLAM,WS,1809,Qualification,LOSOSOVSKAYA Olga (RUS),KLYUKINA Elena (RUS),,,4 - 2,11:8 8:11 14:12 9:11 11:5 11:9,LOSOSOVSKAYA Olga,2006
Russian Open St. Petersburg 2006,2006-11-01,SHAPOVALOVA Elena,DRINKHALL Joanna,UKR,ENG,4,2,"11,11,8,11,7,11|8,5,11,9,11,9",QR2,GRAND_SLAM,WS,1809,Qualification,SHAPOVALOVA Elena (UKR),DRINKHALL Joanna (ENG),,,2 - 4,8:11 5:11 11:8 9:11 11:7 9:11,SHAPOVALOVA Elena,2006
Russian Open St. Petersburg 2006,2006-11-01,SHAPOVALOVA Elena,LOSOSOVSKAYA Olga,UKR,RUS,4,1,"11,2,11,11,11|2,11,9,7,9",3,GRAND_SLAM,WS,1809,Qualification,SHAPOVALOVA Elena (UKR),LOSOSOVSKAYA Olga (RUS),,,1 - 4,2:11 11:2 9:11 7:11 9:11,SHAPOVALOVA Elena,2006
Russian Open St. Petersburg 2006,2006-11-01,DRINKHALL Joanna,KLYUKINA Elena,ENG,RUS,4,3,"12,11,9,11,8,6,11|10,5,11,8,11,11,7",QR4,GRAND_SLAM,WS,1809,Qualification,DRINKHALL Joanna (ENG),KLYUKINA Elena (RUS),,,4 - 3,12:10 11:5 9:11 11:8 8:11 6:11 11:7,DRINKHALL Joanna,2006
Russian Open St. Petersburg 2006,2006-11-01,LOSOSOVSKAYA Olga,DRINKHALL Joanna,RUS,ENG,4,2,"3,6,11,11,11,12|11,11,4,5,8,10",5,GRAND_SLAM,WS,1809,Qualification,LOSOSOVSKAYA Olga (RUS),DRINKHALL Joanna (ENG),,,4 - 2,3:11 6:11 11:4 11:5 11:8 12:10,LOSOSOVSKAYA Olga,2006
Russian Open St. Petersburg 2006,2006-11-01,KLYUKINA Elena,SHAPOVALOVA Elena,RUS,UKR,4,1,"11,6,11,11,11|8,11,7,7,8",6,GRAND_SLAM,WS,1809,Qualification,KLYUKINA Elena (RUS),SHAPOVALOVA Elena (UKR),,,1 - 4,8:11 11:6 7:11 7:11 8:11,KLYUKINA Elena,2006
Russian Open St. Petersburg 2006,2006-11-01,RYLSKAYA Ekaterina,VINOGRADOVA Mariia,RUS,RUS,3,0,"11,14,11|9,12,8",,GRAND_SLAM,U21WS,1809,Qualification,RYLSKAYA Ekaterina (RUS),VINOGRADOVA Mariia (RUS),,,0 - 3,9:11 12:14 8:11,RYLSKAYA Ekaterina,2006
Russian Open St. Petersburg 2006,2006-11-01,FEHER Gabriela,RYLSKAYA Ekaterina,SRB,RUS,3,0,"11,11,11|3,8,4",QR2,GRAND_SLAM,U21WS,1809,Qualification,FEHER Gabriela (SRB),RYLSKAYA Ekaterina (RUS),,,3 - 0,11:3 11:8 11:4,FEHER Gabriela,2006
Russian Open St. Petersburg 2006,2006-11-01,FEHER Gabriela,VINOGRADOVA Mariia,SRB,RUS,3,2,"9,10,11,11,11|11,12,8,8,9",3,GRAND_SLAM,U21WS,1809,Qualification,FEHER Gabriela (SRB),VINOGRADOVA Mariia (RUS),,,3 - 2,9:11 10:12 11:8 11:8 11:9,FEHER Gabriela,2006
Russian Open St. Petersburg 2006,2006-11-01,ABRAMOVA Natalia,ISAEVA Sasha,RUS,RUS,3,1,"11,7,11,11|8,11,6,5",,GRAND_SLAM,U21WS,1809,Qualification,ABRAMOVA Natalia (RUS),ISAEVA Sasha (RUS),,,3 - 1,11:8 7:11 11:6 11:5,ABRAMOVA Natalia,2006
Russian Open St. Petersburg 2006,2006-11-01,ABRAMOVA Natalia,HANFFOU Sarah,RUS,CMR,4,0,,3,GRAND_SLAM,U21WS,1809,Qualification,ABRAMOVA Natalia (RUS),HANFFOU Sarah (CMR),,,0 - 4,,ABRAMOVA Natalia,2006
Russian Open St. Petersburg 2006,2006-11-01,PHAI PANG Laurie,AKHMETOVA Liubov,FRA,RUS,3,0,"11,12,11|2,10,6",3,GRAND_SLAM,U21WS,1809,Qualification,PHAI PANG Laurie (FRA),AKHMETOVA Liubov (RUS),,,3 - 0,11:2 12:10 11:6,PHAI PANG Laurie,2006
Russian Open St. Petersburg 2006,2006-11-01,KUZMINA Elena,VOROBYEVA Ekaterina,RUS,RUS,3,0,"11,11,11|8,7,9",,GRAND_SLAM,U21WS,1809,Qualification,KUZMINA Elena (RUS),VOROBYEVA Ekaterina (RUS),,,3 - 0,11:8 11:7 11:9,KUZMINA Elena,2006
Russian Open St. Petersburg 2006,2006-11-01,DRINKHALL Joanna,VOROBYEVA Ekaterina,ENG,RUS,3,0,"11,11,11|4,4,4",QR2,GRAND_SLAM,U21WS,1809,Qualification,DRINKHALL Joanna (ENG),VOROBYEVA Ekaterina (RUS),,,3 - 0,11:4 11:4 11:4,DRINKHALL Joanna,2006
Russian Open St. Petersburg 2006,2006-11-01,KUZMINA Elena,DRINKHALL Joanna,RUS,ENG,3,2,"7,11,7,11,15|11,2,11,9,13",3,GRAND_SLAM,U21WS,1809,Qualification,KUZMINA Elena (RUS),DRINKHALL Joanna (ENG),,,2 - 3,11:7 2:11 11:7 9:11 13:15,KUZMINA Elena,2006
Russian Open St. Petersburg 2006,2006-11-01,SEDYKH Irena,ERSHOVA Maria,RUS,RUS,3,1,"11,11,8,11|9,9,11,9",,GRAND_SLAM,U21WS,1809,Qualification,SEDYKH Irena (RUS),ERSHOVA Maria (RUS),,,3 - 1,11:9 11:9 8:11 11:9,SEDYKH Irena,2006
Russian Open St. Petersburg 2006,2006-11-01,HARABASZOVA Lenka,ERSHOVA Maria,CZE,RUS,3,0,"11,11,11|7,9,8",QR2,GRAND_SLAM,U21WS,1809,Qualification,HARABASZOVA Lenka (CZE),ERSHOVA Maria (RUS),,,3 - 0,11:7 11:9 11:8,HARABASZOVA Lenka,2006
Russian Open St. Petersburg 2006,2006-11-01,HARABASZOVA Lenka,SEDYKH Irena,CZE,RUS,3,1,"11,11,8,11|9,6,11,5",3,GRAND_SLAM,U21WS,1809,Qualification,HARABASZOVA Lenka (CZE),SEDYKH Irena (RUS),,,3 - 1,11:9 11:6 8:11 11:5,HARABASZOVA Lenka,2006
Russian Open St. Petersburg 2006,2006-11-01,ROZHKOVA Maria,COULIBALY Dieniouma,RUS,FRA,3,1,"5,11,11,11|11,4,7,7",,GRAND_SLAM,U21WS,1809,Qualification,ROZHKOVA Maria (RUS),COULIBALY Dieniouma (FRA),,,1 - 3,11:5 4:11 7:11 7:11,ROZHKOVA Maria,2006
Russian Open St. Petersburg 2006,2006-11-01,MIKHAILOVA Polina,ROZHKOVA Maria,RUS,RUS,3,0,"11,11,12|7,3,10",QR2,GRAND_SLAM,U21WS,1809,Qualification,MIKHAILOVA Polina (RUS),ROZHKOVA Maria (RUS),,,3 - 0,11:7 11:3 12:10,MIKHAILOVA Polina,2006
Russian Open St. Petersburg 2006,2006-11-01,MIKHAILOVA Polina,COULIBALY Dieniouma,RUS,FRA,3,2,"11,13,5,8,11|9,11,11,11,5",3,GRAND_SLAM,U21WS,1809,Qualification,MIKHAILOVA Polina (RUS),COULIBALY Dieniouma (FRA),,,3 - 2,11:9 13:11 5:11 8:11 11:5,MIKHAILOVA Polina,2006
Russian Open St. Petersburg 2006,2006-11-01,OWEN Naomi,SHIBAEVA Elza,WAL,RUS,3,1,"6,11,11,16|11,7,4,14",,GRAND_SLAM,U21WS,1809,Qualification,OWEN Naomi (WAL),SHIBAEVA Elza (RUS),,,3 - 1,6:11 11:7 11:4 16:14,OWEN Naomi,2006
Russian Open St. Petersburg 2006,2006-11-01,VORONOVA Anastasia,SHIBAEVA Elza,RUS,RUS,3,1,"11,8,11,11|3,11,9,7",QR2,GRAND_SLAM,U21WS,1809,Qualification,VORONOVA Anastasia (RUS),SHIBAEVA Elza (RUS),,,3 - 1,11:3 8:11 11:9 11:7,VORONOVA Anastasia,2006
Russian Open St. Petersburg 2006,2006-11-01,VORONOVA Anastasia,OWEN Naomi,RUS,WAL,3,1,"11,10,11,11|8,12,6,6",3,GRAND_SLAM,U21WS,1809,Qualification,VORONOVA Anastasia (RUS),OWEN Naomi (WAL),,,3 - 1,11:8 10:12 11:6 11:6,VORONOVA Anastasia,2006
Russian Open St. Petersburg 2006,2006-11-01,SHISHMAREVA Olga,KASTRAMINA Tatsiana (1987),RUS,BLR,3,1,"14,12,3,11|12,10,11,6",,GRAND_SLAM,U21WS,1809,Qualification,SHISHMAREVA Olga (RUS),KASTRAMINA Tatsiana (1987) (BLR),,,1 - 3,12:14 10:12 11:3 6:11,SHISHMAREVA Olga,2006
Russian Open St. Petersburg 2006,2006-11-01,SHISHMAREVA Olga,LEMESHEVSKAYA Valeriya,RUS,RUS,3,0,"13,11,11|11,4,7",QR2,GRAND_SLAM,U21WS,1809,Qualification,SHISHMAREVA Olga (RUS),LEMESHEVSKAYA Valeriya (RUS),,,0 - 3,11:13 4:11 7:11,SHISHMAREVA Olga,2006
Russian Open St. Petersburg 2006,2006-11-01,KASTRAMINA Tatsiana (1987),LEMESHEVSKAYA Valeriya,BLR,RUS,3,0,"11,11,11|2,7,5",3,GRAND_SLAM,U21WS,1809,Qualification,KASTRAMINA Tatsiana (1987) (BLR),LEMESHEVSKAYA Valeriya (RUS),,,0 - 3,2:11 7:11 5:11,KASTRAMINA Tatsiana (1987),2006
Russian Open St. Petersburg 2006,2006-11-01,KOZLOVSKAIAI Anna,SHLYANIKOVA Anna,RUS,RUS,3,0,"11,11,11|9,5,3",,GRAND_SLAM,U21WS,1809,Qualification,KOZLOVSKAIAI Anna (RUS),SHLYANIKOVA Anna (RUS),,,3 - 0,11:9 11:5 11:3,KOZLOVSKAIAI Anna,2006
Russian Open St. Petersburg 2006,2006-11-01,RECKO Ema,KOZLOVSKAIAI Anna,SRB,RUS,3,1,"11,6,18,11|6,11,16,7",3,GRAND_SLAM,U21WS,1809,Qualification,RECKO Ema (SRB),KOZLOVSKAIAI Anna (RUS),,,3 - 1,11:6 6:11 18:16 11:7,RECKO Ema,2006
Russian Open St. Petersburg 2006,2006-11-01,BAK Natalia,TREPEZKAIA Olga,POL,RUS,3,0,"11,11,11|6,8,6",,GRAND_SLAM,U21WS,1809,Qualification,BAK Natalia (POL),TREPEZKAIA Olga (RUS),,,3 - 0,11:6 11:8 11:6,BAK Natalia,2006
Russian Open St. Petersburg 2006,2006-11-01,MARKOVA Ekaterina,TREPEZKAIA Olga,RUS,RUS,3,0,"11,11,11|7,7,7",QR2,GRAND_SLAM,U21WS,1809,Qualification,MARKOVA Ekaterina (RUS),TREPEZKAIA Olga (RUS),,,3 - 0,11:7 11:7 11:7,MARKOVA Ekaterina,2006
Russian Open St. Petersburg 2006,2006-11-01,MARKOVA Ekaterina,BAK Natalia,RUS,POL,3,2,"11,9,11,10,11|8,11,6,12,5",3,GRAND_SLAM,U21WS,1809,Qualification,MARKOVA Ekaterina (RUS),BAK Natalia (POL),,,3 - 2,11:8 9:11 11:6 10:12 11:5,MARKOVA Ekaterina,2006
Russian Open St. Petersburg 2006,2006-11-01,MIKHAYLOVA Olga,VLASOVA Olga,RUS,RUS,3,1,"14,9,11,11|12,11,6,8",,GRAND_SLAM,U21WS,1809,Qualification,MIKHAYLOVA Olga (RUS),VLASOVA Olga (RUS),,,3 - 1,14:12 9:11 11:6 11:8,MIKHAYLOVA Olga,2006
Russian Open St. Petersburg 2006,2006-11-01,GOLOTA Marta,VLASOVA Olga,POL,RUS,3,0,"11,11,11|8,7,9",QR2,GRAND_SLAM,U21WS,1809,Qualification,GOLOTA Marta (POL),VLASOVA Olga (RUS),,,3 - 0,11:8 11:7 11:9,GOLOTA Marta,2006
Russian Open St. Petersburg 2006,2006-11-01,GOLOTA Marta,MIKHAYLOVA Olga,POL,RUS,3,2,"11,12,6,10,11|7,10,11,12,8",3,GRAND_SLAM,U21WS,1809,Qualification,GOLOTA Marta (POL),MIKHAYLOVA Olga (RUS),,,3 - 2,11:7 12:10 6:11 10:12 11:8,GOLOTA Marta,2006
Russian Open St. Petersburg 2006,2006-11-01,SHAVYRINA Marina,VOROBEVA Olga,RUS,RUS,3,1,"10,14,11,11|12,12,7,7",,GRAND_SLAM,U21WS,1809,Qualification,SHAVYRINA Marina (RUS),VOROBEVA Olga (RUS),,,3 - 1,10:12 14:12 11:7 11:7,SHAVYRINA Marina,2006
Russian Open St. Petersburg 2006,2006-11-01,SIBLEY Kelly,VOROBEVA Olga,ENG,RUS,3,1,"7,11,11,11|11,5,6,1",QR2,GRAND_SLAM,U21WS,1809,Qualification,SIBLEY Kelly (ENG),VOROBEVA Olga (RUS),,,3 - 1,7:11 11:5 11:6 11:1,SIBLEY Kelly,2006
Russian Open St. Petersburg 2006,2006-11-01,SIBLEY Kelly,SHAVYRINA Marina,ENG,RUS,3,2,"11,14,12,9,17|5,12,14,11,15",3,GRAND_SLAM,U21WS,1809,Qualification,SIBLEY Kelly (ENG),SHAVYRINA Marina (RUS),,,3 - 2,11:5 14:12 12:14 9:11 17:15,SIBLEY Kelly,2006
Russian Open St. Petersburg 2006,2006-11-01,HAPONOVA Hanna,KLYUKINA Elena,UKR,RUS,3,1,"11,11,8,11|6,6,11,5",,GRAND_SLAM,U21WS,1809,Qualification,HAPONOVA Hanna (UKR),KLYUKINA Elena (RUS),,,3 - 1,11:6 11:6 8:11 11:5,HAPONOVA Hanna,2006
Russian Open St. Petersburg 2006,2006-11-01,KLYUKINA Elena,FETUKHINA Margarita,RUS,RUS,3,1,"11,11,7,11|9,4,11,8",QR2,GRAND_SLAM,U21WS,1809,Qualification,KLYUKINA Elena (RUS),FETUKHINA Margarita (RUS),,,1 - 3,9:11 4:11 11:7 8:11,KLYUKINA Elena,2006
Russian Open St. Petersburg 2006,2006-11-01,HAPONOVA Hanna,FETUKHINA Margarita,UKR,RUS,3,2,"12,11,8,11,11|10,13,11,7,7",3,GRAND_SLAM,U21WS,1809,Qualification,HAPONOVA Hanna (UKR),FETUKHINA Margarita (RUS),,,2 - 3,10:12 13:11 11:8 7:11 7:11,HAPONOVA Hanna,2006
Russian Open St. Petersburg 2006,2006-11-01,LI Qiangbing,RYLSKAYA Ekaterina,AUT,RUS,4,0,"11,12,12,11|9,10,10,5",R32,GRAND_SLAM,U21WS,1809,Main Draw,LI Qiangbing (AUT),RYLSKAYA Ekaterina (RUS),,,4 - 0,11:9 12:10 12:10 11:5,LI Qiangbing,2006
Russian Open St. Petersburg 2006,2006-11-01,FEHER Gabriela,DOLGIKH Maria,SRB,RUS,4,1,"11,11,11,3,12|5,8,4,11,10",R32,GRAND_SLAM,U21WS,1809,Main Draw,FEHER Gabriela (SRB),DOLGIKH Maria (RUS),,,4 - 1,11:5 11:8 11:4 3:11 12:10,FEHER Gabriela,2006
Russian Open St. Petersburg 2006,2006-11-01,SIBLEY Kelly,PROKHOROVA Yulia,ENG,RUS,4,2,"11,11,8,12,12,11|8,9,11,14,10,5",R32,GRAND_SLAM,U21WS,1809,Main Draw,SIBLEY Kelly (ENG),PROKHOROVA Yulia (RUS),,,2 - 4,8:11 9:11 11:8 14:12 10:12 5:11,SIBLEY Kelly,2006
Russian Open St. Petersburg 2006,2006-11-01,HAPONOVA Hanna,BOLSHAKOVA Natalia,UKR,RUS,4,1,"10,11,11,12,11|12,5,6,10,7",R32,GRAND_SLAM,U21WS,1809,Main Draw,HAPONOVA Hanna (UKR),BOLSHAKOVA Natalia (RUS),,,4 - 1,10:12 11:5 11:6 12:10 11:7,HAPONOVA Hanna,2006
Russian Open St. Petersburg 2006,2006-11-01,ERDELJI Anamaria,KUZMINA Elena,SRB,RUS,4,0,"12,11,11,13|10,3,9,11",R32,GRAND_SLAM,U21WS,1809,Main Draw,ERDELJI Anamaria (SRB),KUZMINA Elena (RUS),,,4 - 0,12:10 11:3 11:9 13:11,ERDELJI Anamaria,2006
Russian Open St. Petersburg 2006,2006-11-01,PHAI PANG Laurie,HUANG Kang Kang,FRA,SGP,4,2,"9,11,3,11,11,11|11,3,11,3,8,3",R32,GRAND_SLAM,U21WS,1809,Main Draw,PHAI PANG Laurie (FRA),HUANG Kang Kang (SGP),,,4 - 2,9:11 11:3 3:11 11:3 11:8 11:3,PHAI PANG Laurie,2006
Russian Open St. Petersburg 2006,2006-11-01,HARABASZOVA Lenka,PESOTSKA Margaryta,CZE,UKR,4,2,"11,8,13,11,4,11|7,11,11,6,11,9",R32,GRAND_SLAM,U21WS,1809,Main Draw,HARABASZOVA Lenka (CZE),PESOTSKA Margaryta (UKR),,,2 - 4,7:11 11:8 11:13 6:11 11:4 9:11,HARABASZOVA Lenka,2006
Russian Open St. Petersburg 2006,2006-11-01,YU Mengyu,SHAVYRINA Marina,SGP,RUS,4,2,"9,11,11,10,11,11|11,3,4,12,9,8",R32,GRAND_SLAM,U21WS,1809,Main Draw,YU Mengyu (SGP),SHAVYRINA Marina (RUS),,,2 - 4,11:9 3:11 4:11 12:10 9:11 8:11,YU Mengyu,2006
Russian Open St. Petersburg 2006,2006-11-01,GRUNDISCH Carole,VORONOVA Anastasia,FRA,RUS,4,0,"11,11,11,11|6,6,5,9",R32,GRAND_SLAM,U21WS,1809,Main Draw,GRUNDISCH Carole (FRA),VORONOVA Anastasia (RUS),,,4 - 0,11:6 11:6 11:5 11:9,GRUNDISCH Carole,2006
Russian Open St. Petersburg 2006,2006-11-01,KMOTORKOVA Lenka,GOLOTA Marta,SVK,POL,4,1,"11,12,9,11,11|9,10,11,4,4",R32,GRAND_SLAM,U21WS,1809,Main Draw,KMOTORKOVA Lenka (SVK),GOLOTA Marta (POL),,,1 - 4,9:11 10:12 11:9 4:11 4:11,KMOTORKOVA Lenka,2006
Russian Open St. Petersburg 2006,2006-11-01,PERGEL Szandra,MARKOVA Ekaterina,HUN,RUS,4,2,"11,7,11,11,6,11|4,11,8,2,11,3",R32,GRAND_SLAM,U21WS,1809,Main Draw,PERGEL Szandra (HUN),MARKOVA Ekaterina (RUS),,,4 - 2,11:4 7:11 11:8 11:2 6:11 11:3,PERGEL Szandra,2006
Russian Open St. Petersburg 2006,2006-11-01,VACENOVSKA Iveta,RECKO Ema,CZE,SRB,4,0,"11,11,15,11|8,6,13,4",R32,GRAND_SLAM,U21WS,1809,Main Draw,VACENOVSKA Iveta (CZE),RECKO Ema (SRB),,,0 - 4,8:11 6:11 13:15 4:11,VACENOVSKA Iveta,2006
Russian Open St. Petersburg 2006,2006-11-01,MIKHAILOVA Polina,HEINE Veronika,RUS,AUT,4,0,"11,11,11,11|7,4,8,5",R32,GRAND_SLAM,U21WS,1809,Main Draw,MIKHAILOVA Polina (RUS),HEINE Veronika (AUT),,,0 - 4,7:11 4:11 8:11 5:11,MIKHAILOVA Polina,2006
Russian Open St. Petersburg 2006,2006-11-01,ABRAMOVA Natalia,LI Bin,RUS,HUN,4,3,"11,9,11,9,9,11,13|5,11,7,11,11,7,11",R32,GRAND_SLAM,U21WS,1809,Main Draw,ABRAMOVA Natalia (RUS),LI Bin (HUN),,,4 - 3,11:5 9:11 11:7 9:11 9:11 11:7 13:11,ABRAMOVA Natalia,2006
Russian Open St. Petersburg 2006,2006-11-01,POTA Georgina,OWEN Naomi,HUN,WAL,4,1,"11,11,11,11,11|3,13,5,6,9",R32,GRAND_SLAM,U21WS,1809,Main Draw,POTA Georgina (HUN),OWEN Naomi (WAL),,,1 - 4,3:11 13:11 5:11 6:11 9:11,POTA Georgina,2006
Russian Open St. Petersburg 2006,2006-11-01,LI Qiangbing,FEHER Gabriela,AUT,SRB,4,1,"11,11,8,11,11|8,5,11,1,7",R16,GRAND_SLAM,U21WS,1809,Main Draw,LI Qiangbing (AUT),FEHER Gabriela (SRB),,,4 - 1,11:8 11:5 8:11 11:1 11:7,LI Qiangbing,2006
Russian Open St. Petersburg 2006,2006-11-01,HAPONOVA Hanna,SIBLEY Kelly,UKR,ENG,4,1,"11,11,9,11,14|9,4,11,6,12",R16,GRAND_SLAM,U21WS,1809,Main Draw,HAPONOVA Hanna (UKR),SIBLEY Kelly (ENG),,,1 - 4,9:11 4:11 11:9 6:11 12:14,HAPONOVA Hanna,2006
Russian Open St. Petersburg 2006,2006-11-01,ERDELJI Anamaria,PHAI PANG Laurie,SRB,FRA,4,2,"4,11,11,16,6,11|11,6,6,14,11,7",R16,GRAND_SLAM,U21WS,1809,Main Draw,ERDELJI Anamaria (SRB),PHAI PANG Laurie (FRA),,,4 - 2,4:11 11:6 11:6 16:14 6:11 11:7,ERDELJI Anamaria,2006
Russian Open St. Petersburg 2006,2006-11-01,YU Mengyu,HARABASZOVA Lenka,SGP,CZE,4,3,"12,11,6,7,9,12,11|10,4,11,11,11,10,5",R16,GRAND_SLAM,U21WS,1809,Main Draw,YU Mengyu (SGP),HARABASZOVA Lenka (CZE),,,3 - 4,10:12 4:11 11:6 11:7 11:9 10:12 5:11,YU Mengyu,2006
Russian Open St. Petersburg 2006,2006-11-01,VACENOVSKA Iveta,PERGEL Szandra,CZE,HUN,4,1,"8,11,11,11,11|11,6,5,8,2",R16,GRAND_SLAM,U21WS,1809,Main Draw,VACENOVSKA Iveta (CZE),PERGEL Szandra (HUN),,,1 - 4,11:8 6:11 5:11 8:11 2:11,VACENOVSKA Iveta,2006
Russian Open St. Petersburg 2006,2006-11-01,MIKHAILOVA Polina,ABRAMOVA Natalia,RUS,RUS,4,3,"11,11,11,11,8,7,11|8,13,7,9,11,11,9",R16,GRAND_SLAM,U21WS,1809,Main Draw,MIKHAILOVA Polina (RUS),ABRAMOVA Natalia (RUS),,,4 - 3,11:8 11:13 11:7 11:9 8:11 7:11 11:9,MIKHAILOVA Polina,2006
Russian Open St. Petersburg 2006,2006-11-01,LI Qiangbing,HAPONOVA Hanna,AUT,UKR,4,3,"7,6,11,11,11,5,11|11,11,6,9,5,11,8",QuarterFinal,GRAND_SLAM,U21WS,1809,Main Draw,LI Qiangbing (AUT),HAPONOVA Hanna (UKR),,,4 - 3,7:11 6:11 11:6 11:9 11:5 5:11 11:8,LI Qiangbing,2006
Russian Open St. Petersburg 2006,2006-11-01,GRUNDISCH Carole,VACENOVSKA Iveta,FRA,CZE,4,3,"11,4,11,4,9,11,11|4,11,4,11,11,6,9",QuarterFinal,GRAND_SLAM,U21WS,1809,Main Draw,GRUNDISCH Carole (FRA),VACENOVSKA Iveta (CZE),,,4 - 3,11:4 4:11 11:4 4:11 9:11 11:6 11:9,GRUNDISCH Carole,2006
Russian Open St. Petersburg 2006,2006-11-01,POTA Georgina,MIKHAILOVA Polina,HUN,RUS,4,1,"12,11,11,3,12|10,8,9,11,10",QuarterFinal,GRAND_SLAM,U21WS,1809,Main Draw,POTA Georgina (HUN),MIKHAILOVA Polina (RUS),,,1 - 4,10:12 8:11 9:11 11:3 10:12,POTA Georgina,2006
Russian Open St. Petersburg 2006,2006-11-01,LI Qiangbing,YU Mengyu,AUT,SGP,4,2,"11,11,4,11,14,11|8,9,11,3,16,8",SemiFinal,GRAND_SLAM,U21WS,1809,Main Draw,LI Qiangbing (AUT),YU Mengyu (SGP),,,4 - 2,11:8 11:9 4:11 11:3 14:16 11:8,LI Qiangbing,2006
Russian Open St. Petersburg 2006,2006-11-01,POTA Georgina,GRUNDISCH Carole,HUN,FRA,4,2,"9,11,13,7,11,11|11,8,11,11,6,7",SemiFinal,GRAND_SLAM,U21WS,1809,Main Draw,POTA Georgina (HUN),GRUNDISCH Carole (FRA),,,2 - 4,11:9 8:11 11:13 11:7 6:11 7:11,POTA Georgina,2006
Russian Open St. Petersburg 2006,2006-11-01,POTA Georgina,LI Qiangbing,HUN,AUT,4,2,"11,7,11,11,5,11|8,11,8,4,11,6",Final,GRAND_SLAM,U21WS,1809,Main Draw,POTA Georgina (HUN),LI Qiangbing (AUT),,,2 - 4,8:11 11:7 8:11 4:11 11:5 6:11,POTA Georgina,2006
Russian Open St. Petersburg 2006,2006-11-01,CHEN Weixing/GARDOS Robert,DESPRES Rodolphe/JOVER Sebastien,AUT,FRA,4,2,"11,11,5,12,8,11|8,4,11,10,11,9",R16,GRAND_SLAM,MD,1809,Main Draw,CHEN Weixing (AUT) / GARDOS Robert (AUT),DESPRES Rodolphe (FRA) / JOVER Sebastien (FRA),GARDOS Robert (AUT),JOVER Sebastien (FRA),4 - 2,11:8 11:4 5:11 12:10 8:11 11:9,CHEN Weixing,2006
Russian Open St. Petersburg 2006,2006-11-01,BRATANOV Martin/TOSIC Roko,CHILA Patrick/SCHLAGER Werner,BEL,FRA,4,3,"11,9,2,11,11,10,12|6,11,11,7,9,12,10",R16,GRAND_SLAM,MD,1809,Main Draw,BRATANOV Martin (BEL) / TOSIC Roko (CRO),CHILA Patrick (FRA) / SCHLAGER Werner (AUT),TOSIC Roko (CRO),SCHLAGER Werner (AUT),3 - 4,6:11 11:9 11:2 7:11 9:11 12:10 10:12,BRATANOV Martin,2006
Russian Open St. Petersburg 2006,2006-11-01,GAO Ning/YANG Zi,CHEN Weixing/GARDOS Robert,SGP,AUT,4,0,"13,11,12,11|11,7,10,6",QuarterFinal,GRAND_SLAM,MD,1809,Main Draw,GAO Ning (SGP) / YANG Zi (SGP),CHEN Weixing (AUT) / GARDOS Robert (AUT),YANG Zi (SGP),GARDOS Robert (AUT),0 - 4,11:13 7:11 10:12 6:11,GAO Ning,2006
Russian Open St. Petersburg 2006,2006-11-01,LENGEROV Kostadin/PICHLER Michael,TACHALOV Anton/TIAPKIN Sergei,AUT,RUS,3,2,"11,10,11,11,11|8,12,13,4,6",QR64,GRAND_SLAM,MD,1809,Qualification,LENGEROV Kostadin (AUT) / PICHLER Michael (AUT),TACHALOV Anton (RUS) / TIAPKIN Sergei (RUS),PICHLER Michael (AUT),TIAPKIN Sergei (RUS),3 - 2,11:8 10:12 11:13 11:4 11:6,LENGEROV Kostadin,2006
Russian Open St. Petersburg 2006,2006-11-01,HABESOHN Mathias/SIMONER Christoph,KATKOV Ivan/SARMATOV Alexei,AUT,UKR,3,0,"11,11,11|8,9,5",QR64,GRAND_SLAM,MD,1809,Qualification,HABESOHN Mathias (AUT) / SIMONER Christoph (AUT),KATKOV Ivan (UKR) / SARMATOV Alexei (UKR),SIMONER Christoph (AUT),SARMATOV Alexei (UKR),3 - 0,11:8 11:9 11:5,HABESOHN Mathias,2006
Russian Open St. Petersburg 2006,2006-11-01,JANCARIK Lubomir/KONECNY Tomas,LENGEROV Kostadin/PICHLER Michael,CZE,AUT,3,0,"11,11,11|8,8,6",QR32,GRAND_SLAM,MD,1809,Qualification,JANCARIK Lubomir (CZE) / KONECNY Tomas (CZE),LENGEROV Kostadin (AUT) / PICHLER Michael (AUT),KONECNY Tomas (CZE),PICHLER Michael (AUT),0 - 3,8:11 8:11 6:11,JANCARIK Lubomir,2006
Russian Open St. Petersburg 2006,2006-11-01,HABESOHN Mathias/SIMONER Christoph,DIDUKH Oleksandr/PISTEJ Lubomir,AUT,UKR,3,1,"14,11,9,11|12,8,11,6",QR32,GRAND_SLAM,MD,1809,Qualification,HABESOHN Mathias (AUT) / SIMONER Christoph (AUT),DIDUKH Oleksandr (UKR) / PISTEJ Lubomir (SVK),SIMONER Christoph (AUT),PISTEJ Lubomir (SVK),3 - 1,14:12 11:8 9:11 11:6,HABESOHN Mathias,2006
Russian Open St. Petersburg 2006,2006-11-01,DESPRES Rodolphe/JOVER Sebastien,FENG Xiaoquan/PRESSLMAYER Bernhard,FRA,AUT,3,1,"11,11,12,11|6,13,10,9",QR16,GRAND_SLAM,MD,1809,Qualification,DESPRES Rodolphe (FRA) / JOVER Sebastien (FRA),FENG Xiaoquan (AUT) / PRESSLMAYER Bernhard (AUT),JOVER Sebastien (FRA),PRESSLMAYER Bernhard (AUT),1 - 3,6:11 13:11 10:12 9:11,DESPRES Rodolphe,2006
Russian Open St. Petersburg 2006,2006-11-01,JAKAB Janos/ZWICKL Daniel,MAECK Anthony/VOSTES Yannick,HUN,BEL,4,0,"11,11,11,13|5,8,5,11",R16,GRAND_SLAM,MD,1809,Main Draw,JAKAB Janos (HUN) / ZWICKL Daniel (HUN),MAECK Anthony (BEL) / VOSTES Yannick (BEL),ZWICKL Daniel (HUN),VOSTES Yannick (BEL),0 - 4,5:11 8:11 5:11 11:13,JAKAB Janos,2006
Russian Open St. Petersburg 2006,2006-11-01,MAECK Anthony/VOSTES Yannick,LIEVSHYN Vitaliy/TUZHYLIN Olexandr,BEL,UKR,3,2,"6,13,11,9,11|11,11,4,11,6",QR32,GRAND_SLAM,MD,1809,Qualification,MAECK Anthony (BEL) / VOSTES Yannick (BEL),LIEVSHYN Vitaliy (UKR) / TUZHYLIN Olexandr (UKR),VOSTES Yannick (BEL),TUZHYLIN Olexandr (UKR),3 - 2,6:11 13:11 11:4 9:11 11:6,MAECK Anthony,2006
Russian Open St. Petersburg 2006,2006-11-01,MAECK Anthony/VOSTES Yannick,JEVTOVIC Marko/PETO Zsolt,BEL,SRB,3,1,"11,11,8,11|7,3,11,8",QR16,GRAND_SLAM,MD,1809,Qualification,MAECK Anthony (BEL) / VOSTES Yannick (BEL),JEVTOVIC Marko (SRB) / PETO Zsolt (SRB),VOSTES Yannick (BEL),PETO Zsolt (SRB),3 - 1,11:7 11:3 8:11 11:8,MAECK Anthony,2006
Russian Open St. Petersburg 2006,2006-11-01,BRATANOV Martin/TOSIC Roko,JAKAB Janos/ZWICKL Daniel,BEL,HUN,4,2,"9,11,7,11,11,11|11,8,11,6,4,0",QuarterFinal,GRAND_SLAM,MD,1809,Main Draw,BRATANOV Martin (BEL) / TOSIC Roko (CRO),JAKAB Janos (HUN) / ZWICKL Daniel (HUN),TOSIC Roko (CRO),ZWICKL Daniel (HUN),4 - 2,9:11 11:8 7:11 11:6 11:4 11:0,BRATANOV Martin,2006
Russian Open St. Petersburg 2006,2006-11-01,HOU Yingchao/LIN Ju,BRATANOV Martin/TOSIC Roko,CAN,BEL,4,1,"11,7,11,11,11|3,11,7,9,7",SemiFinal,GRAND_SLAM,MD,1809,Main Draw,HOU Yingchao (CAN) / LIN Ju (DOM),BRATANOV Martin (BEL) / TOSIC Roko (CRO),LIN Ju (DOM),TOSIC Roko (CRO),1 - 4,3:11 11:7 7:11 9:11 7:11,HOU Yingchao,2006
Russian Open St. Petersburg 2006,2006-11-01,GACINA Andrej/ZUBCIC Tomislav,STULII Maksim/ZNAMENSKIJ Mikhail,CRO,RUS,3,0,"11,11,11|8,5,5",QR64,GRAND_SLAM,MD,1809,Qualification,GACINA Andrej (CRO) / ZUBCIC Tomislav (CRO),STULII Maksim (RUS) / ZNAMENSKIJ Mikhail (RUS),ZUBCIC Tomislav (CRO),ZNAMENSKIJ Mikhail (RUS),3 - 0,11:8 11:5 11:5,GACINA Andrej,2006
Russian Open St. Petersburg 2006,2006-11-01,JAPEC Tomislav/JUZBASIC Ivan,MARTYUKOV Sergey/MOSKAEV Ivan,CRO,RUS,3,1,"8,11,11,11|11,8,4,5",QR64,GRAND_SLAM,MD,1809,Qualification,JAPEC Tomislav (CRO) / JUZBASIC Ivan (CRO),MARTYUKOV Sergey (RUS) / MOSKAEV Ivan (RUS),JUZBASIC Ivan (CRO),MOSKAEV Ivan (RUS),3 - 1,8:11 11:8 11:4 11:5,JAPEC Tomislav,2006
Russian Open St. Petersburg 2006,2006-11-01,GACINA Andrej/ZUBCIC Tomislav,KOSOWSKI Jakub/SZYMANSKI Filip,CRO,POL,3,0,"11,11,11|6,5,3",QR32,GRAND_SLAM,MD,1809,Qualification,GACINA Andrej (CRO) / ZUBCIC Tomislav (CRO),KOSOWSKI Jakub (POL) / SZYMANSKI Filip (POL),ZUBCIC Tomislav (CRO),SZYMANSKI Filip (POL),3 - 0,11:6 11:5 11:3,GACINA Andrej,2006
Russian Open St. Petersburg 2006,2006-11-01,CHANG Yen-Shu/LEGOUT Christophe,REDJEP Ronald/SURBEK Dragutin,TPE,CRO,3,0,"11,11,11|2,4,6",QR32,GRAND_SLAM,MD,1809,Qualification,CHANG Yen-Shu (TPE) / LEGOUT Christophe (FRA),REDJEP Ronald (CRO) / SURBEK Dragutin (CRO),LEGOUT Christophe (FRA),SURBEK Dragutin (CRO),0 - 3,2:11 4:11 6:11,CHANG Yen-Shu,2006
Russian Open St. Petersburg 2006,2006-11-01,JAPEC Tomislav/JUZBASIC Ivan,MONTEIRO Thiago/SEL Zolt,CRO,BRA,3,1,"8,11,11,11|11,8,7,7",QR32,GRAND_SLAM,MD,1809,Qualification,JAPEC Tomislav (CRO) / JUZBASIC Ivan (CRO),MONTEIRO Thiago (BRA) / SEL Zolt (SRB),JUZBASIC Ivan (CRO),SEL Zolt (SRB),3 - 1,8:11 11:8 11:7 11:7,JAPEC Tomislav,2006
Russian Open St. Petersburg 2006,2006-11-01,ANDRIANOV Sergei/REGENTOV Alexei,GACINA Andrej/ZUBCIC Tomislav,RUS,CRO,3,2,"12,12,11,6,11|10,14,8,11,5",QR16,GRAND_SLAM,MD,1809,Qualification,ANDRIANOV Sergei (RUS) / REGENTOV Alexei (RUS),GACINA Andrej (CRO) / ZUBCIC Tomislav (CRO),REGENTOV Alexei (RUS),ZUBCIC Tomislav (CRO),2 - 3,10:12 14:12 8:11 11:6 5:11,ANDRIANOV Sergei,2006
Russian Open St. Petersburg 2006,2006-11-01,CHANG Yen-Shu/LEGOUT Christophe,JANCARIK Lubomir/KONECNY Tomas,TPE,CZE,3,1,"11,11,7,11|4,6,11,6",QR16,GRAND_SLAM,MD,1809,Qualification,CHANG Yen-Shu (TPE) / LEGOUT Christophe (FRA),JANCARIK Lubomir (CZE) / KONECNY Tomas (CZE),LEGOUT Christophe (FRA),KONECNY Tomas (CZE),1 - 3,4:11 6:11 11:7 6:11,CHANG Yen-Shu,2006
Russian Open St. Petersburg 2006,2006-11-01,HOU Yingchao/LIN Ju,KUZMIN Fedor/SMIRNOV Alexey,CAN,RUS,4,3,"11,12,11,2,6,11,11|8,14,7,11,11,8,5",R16,GRAND_SLAM,MD,1809,Main Draw,HOU Yingchao (CAN) / LIN Ju (DOM),KUZMIN Fedor (RUS) / SMIRNOV Alexey (RUS),LIN Ju (DOM),SMIRNOV Alexey (RUS),4 - 3,11:8 12:14 11:7 2:11 6:11 11:8 11:5,HOU Yingchao,2006
Russian Open St. Petersburg 2006,2006-11-01,DRINKHALL Paul/KNIGHT Darius,MELNIK Valery/ZAKLADNYI Gennadii,ENG,UKR,3,1,"7,12,11,11|11,10,6,2",QR64,GRAND_SLAM,MD,1809,Qualification,DRINKHALL Paul (ENG) / KNIGHT Darius (ENG),MELNIK Valery (UKR) / ZAKLADNYI Gennadii (UKR),KNIGHT Darius (ENG),ZAKLADNYI Gennadii (UKR),3 - 1,7:11 12:10 11:6 11:2,DRINKHALL Paul,2006
Russian Open St. Petersburg 2006,2006-11-01,HOU Yingchao/LIN Ju,DRINKHALL Paul/KNIGHT Darius,CAN,ENG,3,0,"11,11,11|9,4,5",QR32,GRAND_SLAM,MD,1809,Qualification,HOU Yingchao (CAN) / LIN Ju (DOM),DRINKHALL Paul (ENG) / KNIGHT Darius (ENG),LIN Ju (DOM),KNIGHT Darius (ENG),0 - 3,9:11 4:11 5:11,HOU Yingchao,2006
Russian Open St. Petersburg 2006,2006-11-01,KOSOWSKI Jakub/SZYMANSKI Filip,MANTUROV Sergei/SMIRNOV Aleksandr,POL,EST,3,1,"7,11,11,11|11,9,7,5",QR64,GRAND_SLAM,MD,1809,Qualification,KOSOWSKI Jakub (POL) / SZYMANSKI Filip (POL),MANTUROV Sergei (EST) / SMIRNOV Aleksandr (EST),SZYMANSKI Filip (POL),SMIRNOV Aleksandr (EST),1 - 3,11:7 9:11 7:11 5:11,KOSOWSKI Jakub,2006
Russian Open St. Petersburg 2006,2006-11-01,BERTIN Christophe/BOBILLIER Loic,HABESOHN Mathias/SIMONER Christoph,FRA,AUT,4,2,"11,11,4,12,11,11|9,9,11,14,3,7",R16,GRAND_SLAM,MD,1809,Main Draw,BERTIN Christophe (FRA) / BOBILLIER Loic (FRA),HABESOHN Mathias (AUT) / SIMONER Christoph (AUT),BOBILLIER Loic (FRA),SIMONER Christoph (AUT),4 - 2,11:9 11:9 4:11 12:14 11:3 11:7,BERTIN Christophe,2006
Russian Open St. Petersburg 2006,2006-11-01,CHIANG Peng-Lung/CHUANG Chih-Yuan,CHANG Yen-Shu/LEGOUT Christophe,TPE,TPE,4,1,"4,14,11,11,12|11,12,8,8,10",R16,GRAND_SLAM,MD,1809,Main Draw,CHIANG Peng-Lung (TPE) / CHUANG Chih-Yuan (TPE),CHANG Yen-Shu (TPE) / LEGOUT Christophe (FRA),CHUANG Chih-Yuan (TPE),LEGOUT Christophe (FRA),1 - 4,11:4 12:14 8:11 8:11 10:12,CHIANG Peng-Lung,2006
Russian Open St. Petersburg 2006,2006-11-01,CHIANG Peng-Lung/CHUANG Chih-Yuan,BERTIN Christophe/BOBILLIER Loic,TPE,FRA,4,1,"6,11,11,15,11|11,2,8,13,4",QuarterFinal,GRAND_SLAM,MD,1809,Main Draw,CHIANG Peng-Lung (TPE) / CHUANG Chih-Yuan (TPE),BERTIN Christophe (FRA) / BOBILLIER Loic (FRA),CHUANG Chih-Yuan (TPE),BOBILLIER Loic (FRA),1 - 4,11:6 2:11 8:11 13:15 4:11,CHIANG Peng-Lung,2006
Russian Open St. Petersburg 2006,2006-11-01,GRIGOREV Artur/LEBESSON Emmanuel,BARDON Michal/KOBES Kristian,RUS,SVK,3,1,"11,11,11,11|13,7,3,5",QR64,GRAND_SLAM,MD,1809,Qualification,GRIGOREV Artur (RUS) / LEBESSON Emmanuel (FRA),BARDON Michal (SVK) / KOBES Kristian (SVK),LEBESSON Emmanuel (FRA),KOBES Kristian (SVK),3 - 1,11:13 11:7 11:3 11:5,GRIGOREV Artur,2006
Russian Open St. Petersburg 2006,2006-11-01,BRATANOV Martin/TOSIC Roko,GRIGOREV Artur/LEBESSON Emmanuel,BEL,RUS,3,2,"10,14,11,11,11|12,16,5,8,9",QR32,GRAND_SLAM,MD,1809,Qualification,BRATANOV Martin (BEL) / TOSIC Roko (CRO),GRIGOREV Artur (RUS) / LEBESSON Emmanuel (FRA),TOSIC Roko (CRO),LEBESSON Emmanuel (FRA),2 - 3,12:10 16:14 5:11 8:11 9:11,BRATANOV Martin,2006
Russian Open St. Petersburg 2006,2006-11-01,PAPADIMITRIOU Dimitrios/PAPAGEORGIOU Konstantinos,MATSUMOTO Cazuo/TSUBOI Gustavo,GRE,BRA,3,2,"11,12,14,6,11|7,14,12,11,9",QR32,GRAND_SLAM,MD,1809,Qualification,PAPADIMITRIOU Dimitrios (GRE) / PAPAGEORGIOU Konstantinos (GRE),MATSUMOTO Cazuo (BRA) / TSUBOI Gustavo (BRA),PAPAGEORGIOU Konstantinos (GRE),TSUBOI Gustavo (BRA),3 - 2,11:7 12:14 14:12 6:11 11:9,PAPADIMITRIOU Dimitrios,2006
Russian Open St. Petersburg 2006,2006-11-01,BRATANOV Martin/TOSIC Roko,PAPADIMITRIOU Dimitrios/PAPAGEORGIOU Konstantinos,BEL,GRE,3,0,"11,12,11|7,10,5",QR16,GRAND_SLAM,MD,1809,Qualification,BRATANOV Martin (BEL) / TOSIC Roko (CRO),PAPADIMITRIOU Dimitrios (GRE) / PAPAGEORGIOU Konstantinos (GRE),TOSIC Roko (CRO),PAPAGEORGIOU Konstantinos (GRE),0 - 3,7:11 10:12 5:11,BRATANOV Martin,2006
Russian Open St. Petersburg 2006,2006-11-01,BALTRUSHKA Dzmitry/ZOMBORI David,MERZLIKIN Taras/SLEPENKOV Roman,BLR,RUS,3,2,"7,11,11,4,11|11,5,5,11,8",QR64,GRAND_SLAM,MD,1809,Qualification,BALTRUSHKA Dzmitry (BLR) / ZOMBORI David (HUN),MERZLIKIN Taras (RUS) / SLEPENKOV Roman (RUS),ZOMBORI David (HUN),SLEPENKOV Roman (RUS),3 - 2,7:11 11:5 11:5 4:11 11:8,BALTRUSHKA Dzmitry,2006
Russian Open St. Petersburg 2006,2006-11-01,KLASEK Marek/PAZSY Ferenc,GLADYSHEV Mikhail/GRACHEV Andrei,CZE,RUS,3,0,"11,13,11|3,11,7",QR64,GRAND_SLAM,MD,1809,Qualification,KLASEK Marek (CZE) / PAZSY Ferenc (HUN),GLADYSHEV Mikhail (RUS) / GRACHEV Andrei (RUS),PAZSY Ferenc (HUN),GRACHEV Andrei (RUS),3 - 0,11:3 13:11 11:7,KLASEK Marek,2006
Russian Open St. Petersburg 2006,2006-11-01,JEVTOVIC Marko/PETO Zsolt,BALTRUSHKA Dzmitry/ZOMBORI David,SRB,BLR,3,2,"7,7,11,11,11|11,11,7,3,3",QR32,GRAND_SLAM,MD,1809,Qualification,JEVTOVIC Marko (SRB) / PETO Zsolt (SRB),BALTRUSHKA Dzmitry (BLR) / ZOMBORI David (HUN),PETO Zsolt (SRB),ZOMBORI David (HUN),2 - 3,11:7 11:7 7:11 3:11 3:11,JEVTOVIC Marko,2006
Russian Open St. Petersburg 2006,2006-11-01,KLASEK Marek/PAZSY Ferenc,KUCHUK Aleksandr/NEKHVEDOVICH Vitaly,CZE,BLR,3,1,"11,10,11,11|6,12,8,6",QR32,GRAND_SLAM,MD,1809,Qualification,KLASEK Marek (CZE) / PAZSY Ferenc (HUN),KUCHUK Aleksandr (BLR) / NEKHVEDOVICH Vitaly (BLR),PAZSY Ferenc (HUN),NEKHVEDOVICH Vitaly (BLR),3 - 1,11:6 10:12 11:8 11:6,KLASEK Marek,2006
Russian Open St. Petersburg 2006,2006-11-01,HOU Yingchao/LIN Ju,KLASEK Marek/PAZSY Ferenc,CAN,CZE,3,1,"11,3,11,12|5,11,7,10",QR16,GRAND_SLAM,MD,1809,Qualification,HOU Yingchao (CAN) / LIN Ju (DOM),KLASEK Marek (CZE) / PAZSY Ferenc (HUN),LIN Ju (DOM),PAZSY Ferenc (HUN),1 - 3,5:11 11:3 7:11 10:12,HOU Yingchao,2006
Russian Open St. Petersburg 2006,2006-11-01,GORAK Daniel/WANG Zengyi,JAPEC Tomislav/JUZBASIC Ivan,POL,CRO,4,3,"8,11,12,7,5,11,11|11,5,10,11,11,9,7",R16,GRAND_SLAM,MD,1809,Main Draw,GORAK Daniel (POL) / WANG Zengyi (POL),JAPEC Tomislav (CRO) / JUZBASIC Ivan (CRO),WANG Zengyi (POL),JUZBASIC Ivan (CRO),4 - 3,8:11 11:5 12:10 7:11 5:11 11:9 11:7,GORAK Daniel,2006
Russian Open St. Petersburg 2006,2006-11-01,HOU Yingchao/LIN Ju,GORAK Daniel/WANG Zengyi,CAN,POL,4,3,"12,10,6,11,11,11,11|10,12,11,6,13,6,9",QuarterFinal,GRAND_SLAM,MD,1809,Main Draw,HOU Yingchao (CAN) / LIN Ju (DOM),GORAK Daniel (POL) / WANG Zengyi (POL),LIN Ju (DOM),WANG Zengyi (POL),3 - 4,10:12 12:10 11:6 6:11 13:11 6:11 9:11,HOU Yingchao,2006
Russian Open St. Petersburg 2006,2006-11-01,GAO Ning/YANG Zi,ANDRIANOV Sergei/REGENTOV Evgenii,SGP,RUS,4,2,"11,8,8,11,11,11|9,11,11,9,6,9",R16,GRAND_SLAM,MD,1809,Main Draw,GAO Ning (SGP) / YANG Zi (SGP),ANDRIANOV Sergei (RUS) / REGENTOV Evgenii (RUS),YANG Zi (SGP),REGENTOV Evgenii (RUS),2 - 4,9:11 11:8 11:8 9:11 6:11 9:11,GAO Ning,2006
Russian Open St. Petersburg 2006,2006-11-01,ANDRIANOV Sergei/REGENTOV Alexei,DEMEK Tomas/ZLAMAL Jaromir,RUS,CZE,3,1,"7,11,11,11|11,2,5,8",QR64,GRAND_SLAM,MD,1809,Qualification,ANDRIANOV Sergei (RUS) / REGENTOV Alexei (RUS),DEMEK Tomas (CZE) / ZLAMAL Jaromir (CZE),REGENTOV Alexei (RUS),ZLAMAL Jaromir (CZE),3 - 1,7:11 11:2 11:5 11:8,ANDRIANOV Sergei,2006
Russian Open St. Petersburg 2006,2006-11-01,KUCHUK Aleksandr/NEKHVEDOVICH Vitaly,FADEEV Evgeny/ZAIKIN Alan,BLR,RUS,3,0,"14,11,11|12,9,5",QR64,GRAND_SLAM,MD,1809,Qualification,KUCHUK Aleksandr (BLR) / NEKHVEDOVICH Vitaly (BLR),FADEEV Evgeny (RUS) / ZAIKIN Alan (RUS),NEKHVEDOVICH Vitaly (BLR),ZAIKIN Alan (RUS),0 - 3,12:14 9:11 5:11,KUCHUK Aleksandr,2006
Russian Open St. Petersburg 2006,2006-11-01,JANCARIK Lubomir/KONECNY Tomas,MEDVEDEV Sergei/PETRUKHIN Evgeny,CZE,RUS,3,1,"11,11,9,11|5,3,11,5",QR64,GRAND_SLAM,MD,1809,Qualification,JANCARIK Lubomir (CZE) / KONECNY Tomas (CZE),MEDVEDEV Sergei (RUS) / PETRUKHIN Evgeny (RUS),KONECNY Tomas (CZE),PETRUKHIN Evgeny (RUS),1 - 3,5:11 3:11 11:9 5:11,JANCARIK Lubomir,2006
Russian Open St. Petersburg 2006,2006-11-01,FENG Xiaoquan/PRESSLMAYER Bernhard,CHERNYSHKOV Alexey/FILICHEV Vitaly,AUT,RUS,3,1,"7,11,11,11|11,8,7,5",QR64,GRAND_SLAM,MD,1809,Qualification,FENG Xiaoquan (AUT) / PRESSLMAYER Bernhard (AUT),CHERNYSHKOV Alexey (RUS) / FILICHEV Vitaly (RUS),PRESSLMAYER Bernhard (AUT),FILICHEV Vitaly (RUS),1 - 3,11:7 8:11 7:11 5:11,FENG Xiaoquan,2006
Russian Open St. Petersburg 2006,2006-11-01,DESPRES Rodolphe/JOVER Sebastien,MAKSIMOV Maksim/VINOGRADOV Alexei,FRA,RUS,3,1,"11,4,11,11|4,11,5,9",QR64,GRAND_SLAM,MD,1809,Qualification,DESPRES Rodolphe (FRA) / JOVER Sebastien (FRA),MAKSIMOV Maksim (RUS) / VINOGRADOV Alexei (RUS),JOVER Sebastien (FRA),VINOGRADOV Alexei (RUS),1 - 3,4:11 11:4 5:11 9:11,DESPRES Rodolphe,2006
Russian Open St. Petersburg 2006,2006-11-01,GAVRILOV Denis/SKACHKOV Kirill,CHMIEL Pawel/CHMIEL Piotr,RUS,POL,3,0,"11,15,12|8,13,10",QR64,GRAND_SLAM,MD,1809,Qualification,GAVRILOV Denis (RUS) / SKACHKOV Kirill (RUS),CHMIEL Pawel (POL) / CHMIEL Piotr (POL),SKACHKOV Kirill (RUS),CHMIEL Piotr (POL),3 - 0,11:8 15:13 12:10,GAVRILOV Denis,2006
Russian Open St. Petersburg 2006,2006-11-01,DIDUKH Viktor/PRYSHCHEPA Ievgen,BUKIN Andrey/UTOCHKIN Artem,UKR,RUS,3,2,"11,11,8,9,11|9,7,11,11,8",QR64,GRAND_SLAM,MD,1809,Qualification,DIDUKH Viktor (UKR) / PRYSHCHEPA Ievgen (UKR),BUKIN Andrey (RUS) / UTOCHKIN Artem (RUS),PRYSHCHEPA Ievgen (UKR),UTOCHKIN Artem (RUS),2 - 3,9:11 7:11 11:8 11:9 8:11,DIDUKH Viktor,2006
Russian Open St. Petersburg 2006,2006-11-01,MONTEIRO Thiago/SEL Zolt,BUROV Viacheslav/STETSENKO Alexander,BRA,RUS,3,0,"11,11,11|8,2,4",QR64,GRAND_SLAM,MD,1809,Qualification,MONTEIRO Thiago (BRA) / SEL Zolt (SRB),BUROV Viacheslav (RUS) / STETSENKO Alexander (RUS),SEL Zolt (SRB),STETSENKO Alexander (RUS),0 - 3,8:11 2:11 4:11,MONTEIRO Thiago,2006
Russian Open St. Petersburg 2006,2006-11-01,DIDUKH Oleksandr/PISTEJ Lubomir,OLONOV Alexander/SHIBAEV Alexander,UKR,RUS,3,0,"11,11,11|5,9,7",QR64,GRAND_SLAM,MD,1809,Qualification,DIDUKH Oleksandr (UKR) / PISTEJ Lubomir (SVK),OLONOV Alexander (RUS) / SHIBAEV Alexander (RUS),PISTEJ Lubomir (SVK),SHIBAEV Alexander (RUS),0 - 3,5:11 9:11 7:11,DIDUKH Oleksandr,2006
Russian Open St. Petersburg 2006,2006-11-01,ANDRIANOV Sergei/REGENTOV Alexei,FILENKO Oleg/GASYMOV Elcin,RUS,UKR,3,1,"11,8,11,11|8,11,5,1",QR32,GRAND_SLAM,MD,1809,Qualification,ANDRIANOV Sergei (RUS) / REGENTOV Alexei (RUS),FILENKO Oleg (UKR) / GASYMOV Elcin (SVK),REGENTOV Alexei (RUS),GASYMOV Elcin (SVK),3 - 1,11:8 8:11 11:5 11:1,ANDRIANOV Sergei,2006
Russian Open St. Petersburg 2006,2006-11-01,FENG Xiaoquan/PRESSLMAYER Bernhard,LIVENTSOV Alexey/RUBTSOV Igor,AUT,RUS,3,0,"11,11,13|9,6,11",QR32,GRAND_SLAM,MD,1809,Qualification,FENG Xiaoquan (AUT) / PRESSLMAYER Bernhard (AUT),LIVENTSOV Alexey (RUS) / RUBTSOV Igor (RUS),PRESSLMAYER Bernhard (AUT),RUBTSOV Igor (RUS),0 - 3,9:11 6:11 11:13,FENG Xiaoquan,2006
Russian Open St. Petersburg 2006,2006-11-01,DESPRES Rodolphe/JOVER Sebastien,GOLOVANOV Stanislav/PAIKOV Mikhail,FRA,BUL,3,1,"7,11,11,11|11,7,3,9",QR32,GRAND_SLAM,MD,1809,Qualification,DESPRES Rodolphe (FRA) / JOVER Sebastien (FRA),GOLOVANOV Stanislav (BUL) / PAIKOV Mikhail (RUS),JOVER Sebastien (FRA),PAIKOV Mikhail (RUS),1 - 3,11:7 7:11 3:11 9:11,DESPRES Rodolphe,2006
Russian Open St. Petersburg 2006,2006-11-01,DIDUKH Viktor/PRYSHCHEPA Ievgen,GAVRILOV Denis/SKACHKOV Kirill,UKR,RUS,3,1,"11,11,8,11|7,7,11,6",QR32,GRAND_SLAM,MD,1809,Qualification,DIDUKH Viktor (UKR) / PRYSHCHEPA Ievgen (UKR),GAVRILOV Denis (RUS) / SKACHKOV Kirill (RUS),PRYSHCHEPA Ievgen (UKR),SKACHKOV Kirill (RUS),1 - 3,7:11 7:11 11:8 6:11,DIDUKH Viktor,2006
Russian Open St. Petersburg 2006,2006-11-01,GAO Ning/YANG Zi,CHIANG Peng-Lung/CHUANG Chih-Yuan,SGP,TPE,4,3,"11,9,7,11,10,11,11|7,11,11,6,12,9,9",SemiFinal,GRAND_SLAM,MD,1809,Main Draw,GAO Ning (SGP) / YANG Zi (SGP),CHIANG Peng-Lung (TPE) / CHUANG Chih-Yuan (TPE),YANG Zi (SGP),CHUANG Chih-Yuan (TPE),4 - 3,11:7 9:11 7:11 11:6 10:12 11:9 11:9,GAO Ning,2006
Russian Open St. Petersburg 2006,2006-11-01,HOU Yingchao/LIN Ju,GAO Ning/YANG Zi,CAN,SGP,4,1,"9,11,11,11,11|11,6,8,4,6",Final,GRAND_SLAM,MD,1809,Main Draw,HOU Yingchao (CAN) / LIN Ju (DOM),GAO Ning (SGP) / YANG Zi (SGP),LIN Ju (DOM),YANG Zi (SGP),1 - 4,11:9 6:11 8:11 4:11 6:11,HOU Yingchao,2006
Russian Open St. Petersburg 2006,2006-11-01,JAPEC Tomislav/JUZBASIC Ivan,DIDUKH Viktor/PRYSHCHEPA Ievgen,CRO,UKR,3,0,"11,11,14|7,9,12",QR16,GRAND_SLAM,MD,1809,Qualification,JAPEC Tomislav (CRO) / JUZBASIC Ivan (CRO),DIDUKH Viktor (UKR) / PRYSHCHEPA Ievgen (UKR),JUZBASIC Ivan (CRO),PRYSHCHEPA Ievgen (UKR),0 - 3,7:11 9:11 12:14,JAPEC Tomislav,2006
Russian Open St. Petersburg 2006,2006-11-01,CAI Xiaoli/ROBERTSON Adam,RYZHOV Juri/VINOKUROV Aleksandr,SGP,RUS,3,2,"7,11,4,11,11|11,3,11,6,9",QR64,GRAND_SLAM,MD,1809,Qualification,CAI Xiaoli (SGP) / ROBERTSON Adam (WAL),RYZHOV Juri (RUS) / VINOKUROV Aleksandr (RUS),ROBERTSON Adam (WAL),VINOKUROV Aleksandr (RUS),3 - 2,7:11 11:3 4:11 11:6 11:9,CAI Xiaoli,2006
Russian Open St. Petersburg 2006,2006-11-01,CAI Xiaoli/ROBERTSON Adam,YEFIMOV Viktor/ZHMUDENKO Yaroslav,SGP,UKR,3,0,"11,11,11|6,5,8",QR32,GRAND_SLAM,MD,1809,Qualification,CAI Xiaoli (SGP) / ROBERTSON Adam (WAL),YEFIMOV Viktor (UKR) / ZHMUDENKO Yaroslav (UKR),ROBERTSON Adam (WAL),ZHMUDENKO Yaroslav (UKR),3 - 0,11:6 11:5 11:8,CAI Xiaoli,2006
Russian Open St. Petersburg 2006,2006-11-01,HABESOHN Mathias/SIMONER Christoph,CAI Xiaoli/ROBERTSON Adam,AUT,SGP,3,2,"5,11,11,6,19|11,6,1,11,17",QR16,GRAND_SLAM,MD,1809,Qualification,HABESOHN Mathias (AUT) / SIMONER Christoph (AUT),CAI Xiaoli (SGP) / ROBERTSON Adam (WAL),SIMONER Christoph (AUT),ROBERTSON Adam (WAL),2 - 3,11:5 6:11 1:11 11:6 17:19,HABESOHN Mathias,2006
Russian Open St. Petersburg 2006,2006-11-01,KASTRAMINA Tatsiana (1987)/WAGGERMAYER Elena,VLASOVA Olga/VOROBYEVA Ekaterina,BLR,RUS,3,2,"11,11,6,8,21|9,9,11,11,19",QR64,GRAND_SLAM,WD,1809,Qualification,KASTRAMINA Tatsiana (1987) (BLR) / WAGGERMAYER Elena (AUT),VLASOVA Olga (RUS) / VOROBYEVA Ekaterina (RUS),WAGGERMAYER Elena (AUT),VOROBYEVA Ekaterina (RUS),3 - 2,11:9 11:9 6:11 8:11 21:19,KASTRAMINA Tatsiana (1987),2006
Russian Open St. Petersburg 2006,2006-11-01,KREKINA Svetlana/VORONOVA Anastasia,KASTRAMINA Tatsiana (1987)/WAGGERMAYER Elena,RUS,BLR,3,2,"8,11,7,11,11|11,7,11,7,3",QR32,GRAND_SLAM,WD,1809,Qualification,KREKINA Svetlana (RUS) / VORONOVA Anastasia (RUS),KASTRAMINA Tatsiana (1987) (BLR) / WAGGERMAYER Elena (AUT),VORONOVA Anastasia (RUS),WAGGERMAYER Elena (AUT),2 - 3,11:8 7:11 11:7 7:11 3:11,KREKINA Svetlana,2006
Russian Open St. Petersburg 2006,2006-11-01,GANINA Svetlana/PAVLOVICH Viktoria,KRAMER Tanja/ROBERTSON Laura,RUS,GER,4,3,"8,3,5,11,11,11,11|11,11,11,5,6,9,7",R16,GRAND_SLAM,WD,1809,Main Draw,GANINA Svetlana (RUS) / PAVLOVICH Viktoria (BLR),KRAMER Tanja (GER) / ROBERTSON Laura (GER),PAVLOVICH Viktoria (BLR),ROBERTSON Laura (GER),4 - 3,8:11 3:11 5:11 11:5 11:6 11:9 11:7,GANINA Svetlana,2006
Russian Open St. Petersburg 2006,2006-11-01,TAN Paey Fern/ZHANG Xueling,FADEEVA Oxana/PAVLOVICH Veronika,SGP,RUS,4,0,"11,11,11,11|5,1,5,9",QuarterFinal,GRAND_SLAM,WD,1809,Main Draw,TAN Paey Fern (SGP) / ZHANG Xueling (SGP),FADEEVA Oxana (RUS) / PAVLOVICH Veronika (BLR),ZHANG Xueling (SGP),PAVLOVICH Veronika (BLR),0 - 4,5:11 1:11 5:11 9:11,TAN Paey Fern,2006
Russian Open St. Petersburg 2006,2006-11-01,GANINA Svetlana/PAVLOVICH Viktoria,HEINE Veronika/LIU Jia,RUS,AUT,4,1,"11,9,11,17,11|7,11,8,15,5",QuarterFinal,GRAND_SLAM,WD,1809,Main Draw,GANINA Svetlana (RUS) / PAVLOVICH Viktoria (BLR),HEINE Veronika (AUT) / LIU Jia (AUT),PAVLOVICH Viktoria (BLR),LIU Jia (AUT),4 - 1,11:7 9:11 11:8 17:15 11:5,GANINA Svetlana,2006
Russian Open St. Petersburg 2006,2006-11-01,ABAIMOVA Elena/KULAGINA Tatjana,OWEN Naomi/PRIVALOVA Alexandra,RUS,WAL,3,0,"11,11,11|9,4,4",QR64,GRAND_SLAM,WD,1809,Qualification,ABAIMOVA Elena (RUS) / KULAGINA Tatjana (RUS),OWEN Naomi (WAL) / PRIVALOVA Alexandra (BLR),KULAGINA Tatjana (RUS),PRIVALOVA Alexandra (BLR),0 - 3,9:11 4:11 4:11,ABAIMOVA Elena,2006
Russian Open St. Petersburg 2006,2006-11-01,FADEEVA Oxana/PAVLOVICH Veronika,LEMESHEVSKAYA Valeriya/SHAVYRINA Marina,RUS,RUS,3,0,"11,11,11|6,6,5",QR32,GRAND_SLAM,WD,1809,Qualification,FADEEVA Oxana (RUS) / PAVLOVICH Veronika (BLR),LEMESHEVSKAYA Valeriya (RUS) / SHAVYRINA Marina (RUS),PAVLOVICH Veronika (BLR),SHAVYRINA Marina (RUS),3 - 0,11:6 11:6 11:5,FADEEVA Oxana,2006
Russian Open St. Petersburg 2006,2006-11-01,FADEEVA Oxana/PAVLOVICH Veronika,FEHER Gabriela/PLAVSIC Gordana,RUS,SRB,3,0,"11,11,11|4,8,7",QR16,GRAND_SLAM,WD,1809,Qualification,FADEEVA Oxana (RUS) / PAVLOVICH Veronika (BLR),FEHER Gabriela (SRB) / PLAVSIC Gordana (SRB),PAVLOVICH Veronika (BLR),PLAVSIC Gordana (SRB),3 - 0,11:4 11:8 11:7,FADEEVA Oxana,2006
Russian Open St. Petersburg 2006,2006-11-01,PAOVIC Sandra/MOLNAR Cornelia,HARABASZOVA Lenka/WEBEROVA Ivana,CRO,CZE,3,1,"7,11,11,11|11,6,7,5",QR32,GRAND_SLAM,WD,1809,Qualification,PAOVIC Sandra (CRO) / MOLNAR Cornelia (CRO),HARABASZOVA Lenka (CZE) / WEBEROVA Ivana (CZE),MOLNAR Cornelia (CRO),WEBEROVA Ivana (CZE),3 - 1,7:11 11:6 11:7 11:5,PAOVIC Sandra,2006
Russian Open St. Petersburg 2006,2006-11-01,PROKHOROVA Yulia/DOLGIKH Maria,PAOVIC Sandra/MOLNAR Cornelia,RUS,CRO,3,1,"11,6,11,11|9,11,8,4",QR16,GRAND_SLAM,WD,1809,Qualification,PROKHOROVA Yulia (RUS) / DOLGIKH Maria (RUS),PAOVIC Sandra (CRO) / MOLNAR Cornelia (CRO),DOLGIKH Maria (RUS),MOLNAR Cornelia (CRO),1 - 3,9:11 11:6 8:11 4:11,PROKHOROVA Yulia,2006
Russian Open St. Petersburg 2006,2006-11-01,KMOTORKOVA Lenka/VACENOVSKA Iveta,MARKOVA Ekaterina/KUZMINA Elena,SVK,RUS,3,0,"11,11,11|8,8,7",QR32,GRAND_SLAM,WD,1809,Qualification,KMOTORKOVA Lenka (SVK) / VACENOVSKA Iveta (CZE),MARKOVA Ekaterina (RUS) / KUZMINA Elena (RUS),VACENOVSKA Iveta (CZE),KUZMINA Elena (RUS),3 - 0,11:8 11:8 11:7,KMOTORKOVA Lenka,2006
Russian Open St. Petersburg 2006,2006-11-01,KMOTORKOVA Lenka/VACENOVSKA Iveta,ABRAMOVA Natalia/AKHMETOVA Liubov,SVK,RUS,3,2,"8,7,11,11,11|11,11,3,0,3",QR16,GRAND_SLAM,WD,1809,Qualification,KMOTORKOVA Lenka (SVK) / VACENOVSKA Iveta (CZE),ABRAMOVA Natalia (RUS) / AKHMETOVA Liubov (RUS),VACENOVSKA Iveta (CZE),AKHMETOVA Liubov (RUS),3 - 2,8:11 7:11 11:3 11:0 11:3,KMOTORKOVA Lenka,2006
Russian Open St. Petersburg 2006,2006-11-01,DRINKHALL Joanna/SIBLEY Kelly,NEGRISOLI Laura/WANG Yu (YOB=1981),ENG,ITA,3,1,"4,11,11,11|11,6,4,7",QR32,GRAND_SLAM,WD,1809,Qualification,DRINKHALL Joanna (ENG) / SIBLEY Kelly (ENG),NEGRISOLI Laura (ITA) / WANG Yu (YOB=1981) (ITA),SIBLEY Kelly (ENG),WANG Yu (YOB=1981) (ITA),3 - 1,4:11 11:6 11:4 11:7,DRINKHALL Joanna,2006
Russian Open St. Petersburg 2006,2006-11-01,XIAN Yifang/GRUNDISCH Carole,DRINKHALL Joanna/SIBLEY Kelly,FRA,ENG,3,0,"11,11,11|7,5,7",QR16,GRAND_SLAM,WD,1809,Qualification,XIAN Yifang (FRA) / GRUNDISCH Carole (FRA),DRINKHALL Joanna (ENG) / SIBLEY Kelly (ENG),GRUNDISCH Carole (FRA),SIBLEY Kelly (ENG),0 - 3,7:11 5:11 7:11,XIAN Yifang,2006
Russian Open St. Petersburg 2006,2006-11-01,FADEEVA Oxana/PAVLOVICH Veronika,GAO Jun/SONG Ah Sim,RUS,USA,4,2,"6,11,12,11,13,11|11,9,14,7,11,8",R16,GRAND_SLAM,WD,1809,Main Draw,FADEEVA Oxana (RUS) / PAVLOVICH Veronika (BLR),GAO Jun (USA) / SONG Ah Sim (HKG),PAVLOVICH Veronika (BLR),SONG Ah Sim (HKG),2 - 4,11:6 9:11 14:12 7:11 11:13 8:11,FADEEVA Oxana,2006
Russian Open St. Petersburg 2006,2006-11-01,POTA Georgina/TOTH Krisztina,KMOTORKOVA Lenka/VACENOVSKA Iveta,HUN,SVK,4,0,"11,11,11,11|6,1,8,8",R16,GRAND_SLAM,WD,1809,Main Draw,POTA Georgina (HUN) / TOTH Krisztina (HUN),KMOTORKOVA Lenka (SVK) / VACENOVSKA Iveta (CZE),TOTH Krisztina (HUN),VACENOVSKA Iveta (CZE),4 - 0,11:6 11:1 11:8 11:8,POTA Georgina,2006
Russian Open St. Petersburg 2006,2006-11-01,HEINE Veronika/LIU Jia,KERTAI Rita/LOVAS Petra,AUT,HUN,4,0,"11,11,11,11|6,6,7,7",R16,GRAND_SLAM,WD,1809,Main Draw,HEINE Veronika (AUT) / LIU Jia (AUT),KERTAI Rita (HUN) / LOVAS Petra (HUN),LIU Jia (AUT),LOVAS Petra (HUN),0 - 4,6:11 6:11 7:11 7:11,HEINE Veronika,2006
Russian Open St. Petersburg 2006,2006-11-01,POTA Georgina/TOTH Krisztina,STEFANOVA Nikoleta/TAN Wenling,HUN,ITA,4,1,"11,11,12,6,11|7,9,10,11,5",QuarterFinal,GRAND_SLAM,WD,1809,Main Draw,POTA Georgina (HUN) / TOTH Krisztina (HUN),STEFANOVA Nikoleta (ITA) / TAN Wenling (ITA),TOTH Krisztina (HUN),TAN Wenling (ITA),4 - 1,11:7 11:9 12:10 6:11 11:5,POTA Georgina,2006
Russian Open St. Petersburg 2006,2006-11-01,LI Jiawei/SUN Beibei,POTA Georgina/TOTH Krisztina,SGP,HUN,4,2,"11,7,11,6,11,12|4,11,7,11,9,10",Final,GRAND_SLAM,WD,1809,Main Draw,LI Jiawei (SGP) / SUN Beibei (SGP),POTA Georgina (HUN) / TOTH Krisztina (HUN),SUN Beibei (SGP),TOTH Krisztina (HUN),2 - 4,4:11 11:7 7:11 11:6 9:11 10:12,LI Jiawei,2006
Russian Open St. Petersburg 2006,2006-11-01,ABAIMOVA Elena/KULAGINA Tatjana,LI Bin/PERGEL Szandra,RUS,HUN,3,0,"11,14,11|6,12,3",QR32,GRAND_SLAM,WD,1809,Qualification,ABAIMOVA Elena (RUS) / KULAGINA Tatjana (RUS),LI Bin (HUN) / PERGEL Szandra (HUN),KULAGINA Tatjana (RUS),PERGEL Szandra (HUN),0 - 3,6:11 12:14 3:11,ABAIMOVA Elena,2006
Russian Open St. Petersburg 2006,2006-11-01,KERTAI Rita/LOVAS Petra,VOROBEVA Olga/NOVIKOVA Ekaterina,HUN,RUS,3,1,"11,11,3,11|9,9,11,2",QR32,GRAND_SLAM,WD,1809,Qualification,KERTAI Rita (HUN) / LOVAS Petra (HUN),VOROBEVA Olga (RUS) / NOVIKOVA Ekaterina (RUS),LOVAS Petra (HUN),NOVIKOVA Ekaterina (RUS),3 - 1,11:9 11:9 3:11 11:2,KERTAI Rita,2006
Russian Open St. Petersburg 2006,2006-11-01,KERTAI Rita/LOVAS Petra,ERMAKOVA Irina/MORKOVKINA Irina,HUN,RUS,3,1,"11,11,8,11|5,8,11,4",QR16,GRAND_SLAM,WD,1809,Qualification,KERTAI Rita (HUN) / LOVAS Petra (HUN),ERMAKOVA Irina (RUS) / MORKOVKINA Irina (RUS),LOVAS Petra (HUN),MORKOVKINA Irina (RUS),3 - 1,11:5 11:8 8:11 11:4,KERTAI Rita,2006
Russian Open St. Petersburg 2006,2006-11-01,GOLOTA Marta/PARTYKA Natalia,HUANG Kang Kang/WANG Yuegu,POL,SGP,3,2,"11,11,8,4,12|8,8,11,11,10",QR32,GRAND_SLAM,WD,1809,Qualification,GOLOTA Marta (POL) / PARTYKA Natalia (POL),HUANG Kang Kang (SGP) / WANG Yuegu (SGP),PARTYKA Natalia (POL),WANG Yuegu (SGP),3 - 2,11:8 11:8 8:11 4:11 12:10,GOLOTA Marta,2006
Russian Open St. Petersburg 2006,2006-11-01,KRAMER Tanja/ROBERTSON Laura,BAK Natalia/PIETKIEWICZ Monika,GER,POL,3,2,"11,7,11,5,11|5,11,8,11,4",QR16,GRAND_SLAM,WD,1809,Qualification,KRAMER Tanja (GER) / ROBERTSON Laura (GER),BAK Natalia (POL) / PIETKIEWICZ Monika (POL),ROBERTSON Laura (GER),PIETKIEWICZ Monika (POL),2 - 3,5:11 11:7 8:11 11:5 4:11,KRAMER Tanja,2006
Russian Open St. Petersburg 2006,2006-11-01,TAN Paey Fern/ZHANG Xueling,PROKHOROVA Yulia/DOLGIKH Maria,SGP,RUS,4,0,"11,11,11,11|4,9,8,4",R16,GRAND_SLAM,WD,1809,Main Draw,TAN Paey Fern (SGP) / ZHANG Xueling (SGP),PROKHOROVA Yulia (RUS) / DOLGIKH Maria (RUS),ZHANG Xueling (SGP),DOLGIKH Maria (RUS),0 - 4,4:11 9:11 8:11 4:11,TAN Paey Fern,2006
Russian Open St. Petersburg 2006,2006-11-01,STEFANOVA Nikoleta/TAN Wenling,ABAIMOVA Elena/KULAGINA Tatjana,ITA,RUS,4,1,"11,11,11,9,11|2,9,9,11,7",R16,GRAND_SLAM,WD,1809,Main Draw,STEFANOVA Nikoleta (ITA) / TAN Wenling (ITA),ABAIMOVA Elena (RUS) / KULAGINA Tatjana (RUS),TAN Wenling (ITA),KULAGINA Tatjana (RUS),1 - 4,2:11 9:11 9:11 11:9 7:11,STEFANOVA Nikoleta,2006
Russian Open St. Petersburg 2006,2006-11-01,VOROBEVA Olga/NOVIKOVA Ekaterina,DOBESOVA Jana/ZALESSKAJA Lillia,RUS,CZE,3,2,"11,4,3,11,11|7,11,11,3,8",QR64,GRAND_SLAM,WD,1809,Qualification,VOROBEVA Olga (RUS) / NOVIKOVA Ekaterina (RUS),DOBESOVA Jana (CZE) / ZALESSKAJA Lillia (RUS),NOVIKOVA Ekaterina (RUS),ZALESSKAJA Lillia (RUS),3 - 2,11:7 4:11 3:11 11:3 11:8,VOROBEVA Olga,2006
Russian Open St. Petersburg 2006,2006-11-01,ERMAKOVA Irina/MORKOVKINA Irina,PESOTSKA Margaryta/TKACHOVA Tetyana,RUS,UKR,3,1,"11,11,7,15|2,8,11,13",QR64,GRAND_SLAM,WD,1809,Qualification,ERMAKOVA Irina (RUS) / MORKOVKINA Irina (RUS),PESOTSKA Margaryta (UKR) / TKACHOVA Tetyana (UKR),MORKOVKINA Irina (RUS),TKACHOVA Tetyana (UKR),3 - 1,11:2 11:8 7:11 15:13,ERMAKOVA Irina,2006
Russian Open St. Petersburg 2006,2006-11-01,GOLOTA Marta/PARTYKA Natalia,VINOGRADOVA Mariia/LAKHOVA Tatiana,POL,RUS,3,1,"11,11,9,11|6,7,11,4",QR64,GRAND_SLAM,WD,1809,Qualification,GOLOTA Marta (POL) / PARTYKA Natalia (POL),VINOGRADOVA Mariia (RUS) / LAKHOVA Tatiana (RUS),PARTYKA Natalia (POL),LAKHOVA Tatiana (RUS),1 - 3,6:11 7:11 11:9 4:11,GOLOTA Marta,2006
Russian Open St. Petersburg 2006,2006-11-01,ABRAMOVA Natalia/AKHMETOVA Liubov,KOZLOVSKAIAI Anna/MIKHAYLOVA Olga,RUS,RUS,3,1,"6,12,16,11|11,10,14,8",QR32,GRAND_SLAM,WD,1809,Qualification,ABRAMOVA Natalia (RUS) / AKHMETOVA Liubov (RUS),KOZLOVSKAIAI Anna (RUS) / MIKHAYLOVA Olga (RUS),AKHMETOVA Liubov (RUS),MIKHAYLOVA Olga (RUS),1 - 3,11:6 10:12 14:16 8:11,ABRAMOVA Natalia,2006
Russian Open St. Petersburg 2006,2006-11-01,BAK Natalia/PIETKIEWICZ Monika,TIKHOMIROVA Anna/TREPEZKAIA Olga,POL,RUS,3,2,"11,11,7,7,11|9,9,11,11,4",QR32,GRAND_SLAM,WD,1809,Qualification,BAK Natalia (POL) / PIETKIEWICZ Monika (POL),TIKHOMIROVA Anna (RUS) / TREPEZKAIA Olga (RUS),PIETKIEWICZ Monika (POL),TREPEZKAIA Olga (RUS),2 - 3,9:11 9:11 11:7 11:7 4:11,BAK Natalia,2006
Russian Open St. Petersburg 2006,2006-11-01,KRAMER Tanja/ROBERTSON Laura,KIRITSA Liudmila/FETUKHINA Margarita,GER,RUS,3,0,"11,11,11|9,6,9",QR32,GRAND_SLAM,WD,1809,Qualification,KRAMER Tanja (GER) / ROBERTSON Laura (GER),KIRITSA Liudmila (RUS) / FETUKHINA Margarita (RUS),ROBERTSON Laura (GER),FETUKHINA Margarita (RUS),0 - 3,9:11 6:11 9:11,KRAMER Tanja,2006
Russian Open St. Petersburg 2006,2006-11-01,XIAN Yifang/GRUNDISCH Carole,SHISHMAREVA Olga/SHLYANIKOVA Anna,FRA,RUS,3,0,"11,11,11|7,1,7",QR32,GRAND_SLAM,WD,1809,Qualification,XIAN Yifang (FRA) / GRUNDISCH Carole (FRA),SHISHMAREVA Olga (RUS) / SHLYANIKOVA Anna (RUS),GRUNDISCH Carole (FRA),SHLYANIKOVA Anna (RUS),0 - 3,7:11 1:11 7:11,XIAN Yifang,2006
Russian Open St. Petersburg 2006,2006-11-01,ERMAKOVA Irina/MORKOVKINA Irina,BOLSHAKOVA Natalia/LOSOSOVSKAYA Olga,RUS,RUS,3,1,"12,5,11,11|10,11,8,7",QR32,GRAND_SLAM,WD,1809,Qualification,ERMAKOVA Irina (RUS) / MORKOVKINA Irina (RUS),BOLSHAKOVA Natalia (RUS) / LOSOSOVSKAYA Olga (RUS),MORKOVKINA Irina (RUS),LOSOSOVSKAYA Olga (RUS),3 - 1,12:10 5:11 11:8 11:7,ERMAKOVA Irina,2006
Russian Open St. Petersburg 2006,2006-11-01,ABAIMOVA Elena/KULAGINA Tatjana,KREKINA Svetlana/VORONOVA Anastasia,RUS,RUS,3,2,"11,8,8,11,11|6,11,11,7,6",QR16,GRAND_SLAM,WD,1809,Qualification,ABAIMOVA Elena (RUS) / KULAGINA Tatjana (RUS),KREKINA Svetlana (RUS) / VORONOVA Anastasia (RUS),KULAGINA Tatjana (RUS),VORONOVA Anastasia (RUS),3 - 2,11:6 8:11 8:11 11:7 11:6,ABAIMOVA Elena,2006
Russian Open St. Petersburg 2006,2006-11-01,LI Jiawei/SUN Beibei,XIAN Yifang/GRUNDISCH Carole,SGP,FRA,4,2,"9,11,11,11,9,11|11,5,2,9,11,6",R16,GRAND_SLAM,WD,1809,Main Draw,LI Jiawei (SGP) / SUN Beibei (SGP),XIAN Yifang (FRA) / GRUNDISCH Carole (FRA),SUN Beibei (SGP),GRUNDISCH Carole (FRA),4 - 2,9:11 11:5 11:2 11:9 9:11 11:6,LI Jiawei,2006
Russian Open St. Petersburg 2006,2006-11-01,KOTIKHINA Irina/PALINA Irina,LI Jiao/YU Mengyu,RUS,NED,4,3,"9,12,4,11,4,11,11|11,10,11,9,11,3,5",R16,GRAND_SLAM,WD,1809,Main Draw,KOTIKHINA Irina (RUS) / PALINA Irina (RUS),LI Jiao (NED) / YU Mengyu (SGP),PALINA Irina (RUS),YU Mengyu (SGP),3 - 4,11:9 10:12 11:4 9:11 11:4 3:11 5:11,KOTIKHINA Irina,2006
Russian Open St. Petersburg 2006,2006-11-01,LI Jiawei/SUN Beibei,KOTIKHINA Irina/PALINA Irina,SGP,RUS,4,2,"11,11,12,7,9,11|7,5,10,11,11,7",QuarterFinal,GRAND_SLAM,WD,1809,Main Draw,LI Jiawei (SGP) / SUN Beibei (SGP),KOTIKHINA Irina (RUS) / PALINA Irina (RUS),SUN Beibei (SGP),PALINA Irina (RUS),4 - 2,11:7 11:5 12:10 7:11 9:11 11:7,LI Jiawei,2006
Russian Open St. Petersburg 2006,2006-11-01,POTA Georgina/TOTH Krisztina,TAN Paey Fern/ZHANG Xueling,HUN,SGP,4,1,"11,4,11,11,11|8,11,6,7,6",SemiFinal,GRAND_SLAM,WD,1809,Main Draw,POTA Georgina (HUN) / TOTH Krisztina (HUN),TAN Paey Fern (SGP) / ZHANG Xueling (SGP),TOTH Krisztina (HUN),ZHANG Xueling (SGP),1 - 4,8:11 11:4 6:11 7:11 6:11,POTA Georgina,2006
Russian Open St. Petersburg 2006,2006-11-01,LI Jiawei/SUN Beibei,GANINA Svetlana/PAVLOVICH Viktoria,SGP,RUS,4,1,"9,11,11,12,11|11,8,8,10,3",SemiFinal,GRAND_SLAM,WD,1809,Main Draw,LI Jiawei (SGP) / SUN Beibei (SGP),GANINA Svetlana (RUS) / PAVLOVICH Viktoria (BLR),SUN Beibei (SGP),PAVLOVICH Viktoria (BLR),4 - 1,9:11 11:8 11:8 12:10 11:3,LI Jiawei,2006
Russian Open St. Petersburg 2006,2006-11-01,LI Jiao/YU Mengyu,ERDELJI Anamaria/RECKO Ema,NED,SRB,3,0,"11,11,11|9,5,8",QR32,GRAND_SLAM,WD,1809,Qualification,LI Jiao (NED) / YU Mengyu (SGP),ERDELJI Anamaria (SRB) / RECKO Ema (SRB),YU Mengyu (SGP),RECKO Ema (SRB),3 - 0,11:9 11:5 11:8,LI Jiao,2006
Russian Open St. Petersburg 2006,2006-11-01,LI Jiao/YU Mengyu,GOLOTA Marta/PARTYKA Natalia,NED,POL,3,0,"11,11,11|7,5,8",QR16,GRAND_SLAM,WD,1809,Qualification,LI Jiao (NED) / YU Mengyu (SGP),GOLOTA Marta (POL) / PARTYKA Natalia (POL),YU Mengyu (SGP),PARTYKA Natalia (POL),3 - 0,11:7 11:5 11:8,LI Jiao,2006
Russian Open St. Petersburg 2006,2006-11-01,FEHER Gabriela/PLAVSIC Gordana,KLYUKINA Elena/ISAEVA Sasha,SRB,RUS,3,0,"11,14,11|8,12,4",QR64,GRAND_SLAM,WD,1809,Qualification,FEHER Gabriela (SRB) / PLAVSIC Gordana (SRB),KLYUKINA Elena (RUS) / ISAEVA Sasha (RUS),PLAVSIC Gordana (SRB),ISAEVA Sasha (RUS),3 - 0,11:8 14:12 11:4,FEHER Gabriela,2006
Russian Open St. Petersburg 2006,2006-11-01,FEHER Gabriela/PLAVSIC Gordana,COULIBALY Dieniouma/PHAI PANG Laurie,SRB,FRA,3,0,"11,11,11|6,7,9",QR32,GRAND_SLAM,WD,1809,Qualification,FEHER Gabriela (SRB) / PLAVSIC Gordana (SRB),COULIBALY Dieniouma (FRA) / PHAI PANG Laurie (FRA),PLAVSIC Gordana (SRB),PHAI PANG Laurie (FRA),3 - 0,11:6 11:7 11:9,FEHER Gabriela,2006
Russian Open St. Petersburg 2006,2006-11-01,HAPONOVA Hanna/BILENKO Tetyana,MIKHAILOVA Tatiana/ROZHKOVA Maria,UKR,RUS,3,2,"11,9,11,9,11|7,11,4,11,7",QR64,GRAND_SLAM,WD,1809,Qualification,HAPONOVA Hanna (UKR) / BILENKO Tetyana (UKR),MIKHAILOVA Tatiana (RUS) / ROZHKOVA Maria (RUS),BILENKO Tetyana (UKR),ROZHKOVA Maria (RUS),3 - 2,11:7 9:11 11:4 9:11 11:7,HAPONOVA Hanna,2006
Russian Open St. Petersburg 2006,2006-11-01,SHISHMAREVA Olga/SHLYANIKOVA Anna,GAJIC Jelena/SHAPOVALOVA Elena,RUS,SRB,3,2,"11,11,4,4,11|6,5,11,11,7",QR64,GRAND_SLAM,WD,1809,Qualification,SHISHMAREVA Olga (RUS) / SHLYANIKOVA Anna (RUS),GAJIC Jelena (SRB) / SHAPOVALOVA Elena (UKR),SHLYANIKOVA Anna (RUS),SHAPOVALOVA Elena (UKR),2 - 3,6:11 5:11 11:4 11:4 7:11,SHISHMAREVA Olga,2006
Russian Open St. Petersburg 2006,2006-11-01,PROKHOROVA Yulia/DOLGIKH Maria,HAPONOVA Hanna/BILENKO Tetyana,RUS,UKR,3,2,"11,13,6,4,11|8,11,11,11,9",QR32,GRAND_SLAM,WD,1809,Qualification,PROKHOROVA Yulia (RUS) / DOLGIKH Maria (RUS),HAPONOVA Hanna (UKR) / BILENKO Tetyana (UKR),DOLGIKH Maria (RUS),BILENKO Tetyana (UKR),2 - 3,8:11 11:13 11:6 11:4 9:11,PROKHOROVA Yulia,2006
Men's World Cup Paris 2006,2006-10-27,CHEN Weixing,HENZELL William,AUT,AUS,4,1,"11,12,10,11,11|5,10,12,9,9",,WORLD_CUP,MS,1810,Qualification,CHEN Weixing (AUT),HENZELL William (AUS),,,4 - 1,11:5 12:10 10:12 11:9 11:9,CHEN Weixing,2006
Men's World Cup Paris 2006,2006-10-27,WANG Liqin,SAIVE Jean-Michel,CHN,BEL,4,0,"11,11,11,11|7,6,6,2",QR2,WORLD_CUP,MS,1810,Qualification,WANG Liqin (CHN),SAIVE Jean-Michel (BEL),,,4 - 0,11:7 11:6 11:6 11:2,WANG Liqin,2006
Men's World Cup Paris 2006,2006-10-27,WANG Liqin,CHEN Weixing,CHN,AUT,4,2,"7,8,11,11,11,11|11,11,8,3,6,3",3,WORLD_CUP,MS,1810,Qualification,WANG Liqin (CHN),CHEN Weixing (AUT),,,4 - 2,7:11 8:11 11:8 11:3 11:6 11:3,WANG Liqin,2006
Men's World Cup Paris 2006,2006-10-27,SAIVE Jean-Michel,HENZELL William,BEL,AUS,4,1,"11,11,11,10,11|8,8,5,12,3",QR4,WORLD_CUP,MS,1810,Qualification,SAIVE Jean-Michel (BEL),HENZELL William (AUS),,,4 - 1,11:8 11:8 11:5 10:12 11:3,SAIVE Jean-Michel,2006
Men's World Cup Paris 2006,2006-10-27,WANG Liqin,HENZELL William,CHN,AUS,4,0,"11,11,11,11|4,6,5,7",5,WORLD_CUP,MS,1810,Qualification,WANG Liqin (CHN),HENZELL William (AUS),,,4 - 0,11:4 11:6 11:5 11:7,WANG Liqin,2006
Men's World Cup Paris 2006,2006-10-27,CHEN Weixing,SAIVE Jean-Michel,AUT,BEL,4,3,"8,11,11,12,7,7,15|11,5,8,10,11,11,13",6,WORLD_CUP,MS,1810,Qualification,CHEN Weixing (AUT),SAIVE Jean-Michel (BEL),,,4 - 3,8:11 11:5 11:8 12:10 7:11 7:11 15:13,CHEN Weixing,2006
Men's World Cup Paris 2006,2006-10-27,SAMSONOV Vladimir,LASHIN Elsayed,BLR,EGY,4,1,"4,11,11,13,11|11,6,1,11,2",,WORLD_CUP,MS,1810,Qualification,SAMSONOV Vladimir (BLR),LASHIN Elsayed (EGY),,,4 - 1,4:11 11:6 11:1 13:11 11:2,SAMSONOV Vladimir,2006
Men's World Cup Paris 2006,2006-10-27,KREANGA Kalinikos,BOLL Timo,GRE,GER,4,2,"7,11,5,11,11,13|11,9,11,6,7,11",QR2,WORLD_CUP,MS,1810,Qualification,KREANGA Kalinikos (GRE),BOLL Timo (GER),,,2 - 4,11:7 9:11 11:5 6:11 7:11 11:13,KREANGA Kalinikos,2006
Men's World Cup Paris 2006,2006-10-27,SAMSONOV Vladimir,BOLL Timo,BLR,GER,4,2,"8,12,11,11,11,11|11,14,7,6,3,9",3,WORLD_CUP,MS,1810,Qualification,SAMSONOV Vladimir (BLR),BOLL Timo (GER),,,2 - 4,11:8 14:12 7:11 6:11 3:11 9:11,SAMSONOV Vladimir,2006
Men's World Cup Paris 2006,2006-10-27,KREANGA Kalinikos,LASHIN Elsayed,GRE,EGY,4,1,"11,11,10,11,11|8,6,12,2,4",QR4,WORLD_CUP,MS,1810,Qualification,KREANGA Kalinikos (GRE),LASHIN Elsayed (EGY),,,4 - 1,11:8 11:6 10:12 11:2 11:4,KREANGA Kalinikos,2006
Men's World Cup Paris 2006,2006-10-27,BOLL Timo,LASHIN Elsayed,GER,EGY,4,0,"11,11,11,11|1,2,2,3",5,WORLD_CUP,MS,1810,Qualification,BOLL Timo (GER),LASHIN Elsayed (EGY),,,4 - 0,11:1 11:2 11:2 11:3,BOLL Timo,2006
Men's World Cup Paris 2006,2006-10-27,SAMSONOV Vladimir,KREANGA Kalinikos,BLR,GRE,4,1,"11,14,11,11,11|9,16,9,9,9",6,WORLD_CUP,MS,1810,Qualification,SAMSONOV Vladimir (BLR),KREANGA Kalinikos (GRE),,,4 - 1,11:9 14:16 11:9 11:9 11:9,SAMSONOV Vladimir,2006
Men's World Cup Paris 2006,2006-10-27,SCHLAGER Werner,LIU Song,AUT,ARG,4,2,"11,3,11,9,11,11|5,11,7,11,9,4",,WORLD_CUP,MS,1810,Qualification,SCHLAGER Werner (AUT),LIU Song (ARG),,,4 - 2,11:5 3:11 11:7 9:11 11:9 11:4,SCHLAGER Werner,2006
Men's World Cup Paris 2006,2006-10-27,MA Lin,CHILA Patrick,CHN,FRA,4,3,"7,11,11,9,9,11,11|11,4,9,11,11,7,6",QR2,WORLD_CUP,MS,1810,Qualification,MA Lin (CHN),CHILA Patrick (FRA),,,4 - 3,7:11 11:4 11:9 9:11 9:11 11:7 11:6,MA Lin,2006
Men's World Cup Paris 2006,2006-10-27,MA Lin,SCHLAGER Werner,CHN,AUT,4,2,"11,11,7,11,7,11|7,6,11,4,11,9",3,WORLD_CUP,MS,1810,Qualification,MA Lin (CHN),SCHLAGER Werner (AUT),,,4 - 2,11:7 11:6 7:11 11:4 7:11 11:9,MA Lin,2006
Men's World Cup Paris 2006,2006-10-27,CHILA Patrick,LIU Song,FRA,ARG,4,3,"10,13,13,10,11,8,11|12,11,11,12,9,11,9",QR4,WORLD_CUP,MS,1810,Qualification,CHILA Patrick (FRA),LIU Song (ARG),,,4 - 3,10:12 13:11 13:11 10:12 11:9 8:11 11:9,CHILA Patrick,2006
Men's World Cup Paris 2006,2006-10-27,MA Lin,LIU Song,CHN,ARG,4,0,"11,11,11,11|8,7,6,7",5,WORLD_CUP,MS,1810,Qualification,MA Lin (CHN),LIU Song (ARG),,,4 - 0,11:8 11:7 11:6 11:7,MA Lin,2006
Men's World Cup Paris 2006,2006-10-27,SCHLAGER Werner,CHILA Patrick,AUT,FRA,4,1,"2,11,11,11,11|11,6,3,6,5",6,WORLD_CUP,MS,1810,Qualification,SCHLAGER Werner (AUT),CHILA Patrick (FRA),,,4 - 1,2:11 11:6 11:3 11:6 11:5,SCHLAGER Werner,2006
Men's World Cup Paris 2006,2006-10-27,CHUANG Chih-Yuan,CSABA Bence,TPE,CAN,4,0,"11,11,11,11|6,7,4,4",,WORLD_CUP,MS,1810,Qualification,CHUANG Chih-Yuan (TPE),CSABA Bence (CAN),,,4 - 0,11:6 11:7 11:4 11:4,CHUANG Chih-Yuan,2006
Men's World Cup Paris 2006,2006-10-27,WANG Hao,ELOI Damien,CHN,FRA,4,2,"9,11,14,11,5,11|11,5,12,8,11,9",QR2,WORLD_CUP,MS,1810,Qualification,WANG Hao (CHN),ELOI Damien (FRA),,,4 - 2,9:11 11:5 14:12 11:8 5:11 11:9,WANG Hao,2006
Men's World Cup Paris 2006,2006-10-27,WANG Hao,CHUANG Chih-Yuan,CHN,TPE,4,0,"13,11,11,11|11,9,6,9",3,WORLD_CUP,MS,1810,Qualification,WANG Hao (CHN),CHUANG Chih-Yuan (TPE),,,4 - 0,13:11 11:9 11:6 11:9,WANG Hao,2006
Men's World Cup Paris 2006,2006-10-27,ELOI Damien,CSABA Bence,FRA,CAN,4,1,"13,11,11,11,11|15,9,4,7,8",QR4,WORLD_CUP,MS,1810,Qualification,ELOI Damien (FRA),CSABA Bence (CAN),,,4 - 1,13:15 11:9 11:4 11:7 11:8,ELOI Damien,2006
Men's World Cup Paris 2006,2006-10-27,WANG Hao,CSABA Bence,CHN,CAN,4,1,"11,11,8,11,11|5,8,11,9,5",5,WORLD_CUP,MS,1810,Qualification,WANG Hao (CHN),CSABA Bence (CAN),,,4 - 1,11:5 11:8 8:11 11:9 11:5,WANG Hao,2006
Men's World Cup Paris 2006,2006-10-27,CHUANG Chih-Yuan,ELOI Damien,TPE,FRA,4,1,"9,11,11,11,12|11,4,9,7,10",6,WORLD_CUP,MS,1810,Qualification,CHUANG Chih-Yuan (TPE),ELOI Damien (FRA),,,4 - 1,9:11 11:4 11:9 11:7 12:10,CHUANG Chih-Yuan,2006
Men's World Cup Paris 2006,2006-10-27,WANG Liqin,CHUANG Chih-Yuan,CHN,TPE,4,0,"11,11,15,11|6,9,13,8",QuarterFinal,WORLD_CUP,MS,1810,Main Draw,WANG Liqin (CHN),CHUANG Chih-Yuan (TPE),,,4 - 0,11:6 11:9 15:13 11:8,WANG Liqin,2006
Men's World Cup Paris 2006,2006-10-27,MA Lin,KREANGA Kalinikos,CHN,GRE,4,1,"11,11,11,9,11|9,6,7,11,6",QuarterFinal,WORLD_CUP,MS,1810,Main Draw,MA Lin (CHN),KREANGA Kalinikos (GRE),,,1 - 4,9:11 6:11 7:11 11:9 6:11,MA Lin,2006
Men's World Cup Paris 2006,2006-10-27,WANG Hao,SCHLAGER Werner,CHN,AUT,4,1,"11,11,7,11,11|4,8,11,5,5",QuarterFinal,WORLD_CUP,MS,1810,Main Draw,WANG Hao (CHN),SCHLAGER Werner (AUT),,,4 - 1,11:4 11:8 7:11 11:5 11:5,WANG Hao,2006
Men's World Cup Paris 2006,2006-10-27,SAMSONOV Vladimir,CHEN Weixing,BLR,AUT,4,1,"11,11,5,11,11|7,7,11,8,6",QuarterFinal,WORLD_CUP,MS,1810,Main Draw,SAMSONOV Vladimir (BLR),CHEN Weixing (AUT),,,1 - 4,7:11 7:11 11:5 8:11 6:11,SAMSONOV Vladimir,2006
Men's World Cup Paris 2006,2006-10-27,MA Lin,WANG Liqin,CHN,CHN,4,0,"11,11,11,11|2,3,5,7",SemiFinal,WORLD_CUP,MS,1810,Main Draw,MA Lin (CHN),WANG Liqin (CHN),,,0 - 4,2:11 3:11 5:11 7:11,MA Lin,2006
Men's World Cup Paris 2006,2006-10-27,WANG Hao,SAMSONOV Vladimir,CHN,BLR,4,0,"11,11,11,11|5,6,8,8",SemiFinal,WORLD_CUP,MS,1810,Main Draw,WANG Hao (CHN),SAMSONOV Vladimir (BLR),,,4 - 0,11:5 11:6 11:8 11:8,WANG Hao,2006
Serbian Open Belgrade 2006,2006-10-19,KAN Yo,KEEN Trinko,JPN,NED,4,3,"9,6,7,11,11,12,11|11,11,11,4,7,10,9",R64,GRAND_SLAM,MS,1808,Main Draw,KAN Yo (JPN),KEEN Trinko (NED),,,3 - 4,11:9 11:6 11:7 4:11 7:11 10:12 9:11,KAN Yo,2006
Serbian Open Belgrade 2006,2006-10-19,RUBTSOV Igor,CHMIEL Piotr,RUS,POL,4,0,"11,11,11,11|2,2,4,8",R64,GRAND_SLAM,MS,1808,Main Draw,RUBTSOV Igor (RUS),CHMIEL Piotr (POL),,,0 - 4,2:11 2:11 4:11 8:11,RUBTSOV Igor,2006
Serbian Open Belgrade 2006,2006-10-19,VOZICKY Bohumil,JUZBASIC Neven,CZE,CRO,4,0,"11,11,11,11|9,6,9,8",R64,GRAND_SLAM,MS,1808,Main Draw,VOZICKY Bohumil (CZE),JUZBASIC Neven (CRO),,,4 - 0,11:9 11:6 11:9 11:8,VOZICKY Bohumil,2006
Serbian Open Belgrade 2006,2006-10-19,APOLONIA Tiago,PAIKOV Mikhail,POR,RUS,4,2,"11,11,7,11,7,11|8,5,11,6,11,8",R64,GRAND_SLAM,MS,1808,Main Draw,APOLONIA Tiago (POR),PAIKOV Mikhail (RUS),,,2 - 4,8:11 5:11 11:7 6:11 11:7 8:11,APOLONIA Tiago,2006
Serbian Open Belgrade 2006,2006-10-19,OLEJNIK Martin,VARGA Zoltan,CZE,HUN,4,3,"13,7,11,8,11,8,11|11,11,1,11,2,11,8",R64,GRAND_SLAM,MS,1808,Main Draw,OLEJNIK Martin (CZE),VARGA Zoltan (HUN),,,4 - 3,13:11 7:11 11:1 8:11 11:2 8:11 11:8,OLEJNIK Martin,2006
Serbian Open Belgrade 2006,2006-10-19,PRESSLMAYER Bernhard,ANDRIANOV Sergei,AUT,RUS,4,3,"14,11,5,9,7,11,11|12,3,11,11,11,8,5",R64,GRAND_SLAM,MS,1808,Main Draw,PRESSLMAYER Bernhard (AUT),ANDRIANOV Sergei (RUS),,,4 - 3,14:12 11:3 5:11 9:11 7:11 11:8 11:5,PRESSLMAYER Bernhard,2006
Serbian Open Belgrade 2006,2006-10-19,CABESTANY Cedrik,PRYSHCHEPA Ievgen,FRA,UKR,4,0,"11,11,16,11|6,7,14,7",R64,GRAND_SLAM,MS,1808,Main Draw,CABESTANY Cedrik (FRA),PRYSHCHEPA Ievgen (UKR),,,4 - 0,11:6 11:7 16:14 11:7,CABESTANY Cedrik,2006
Serbian Open Belgrade 2006,2006-10-19,WANG Zengyi,SEL Zolt,POL,SRB,4,0,"11,11,11,11|7,6,7,3",R64,GRAND_SLAM,MS,1808,Main Draw,WANG Zengyi (POL),SEL Zolt (SRB),,,0 - 4,7:11 6:11 7:11 3:11,WANG Zengyi,2006
Serbian Open Belgrade 2006,2006-10-19,VITSEK Ivan,SEREDA Peter,HUN,SVK,4,3,"11,6,11,11,8,7,11|6,11,8,2,11,11,5",R64,GRAND_SLAM,MS,1808,Main Draw,VITSEK Ivan (HUN),SEREDA Peter (SVK),,,3 - 4,6:11 11:6 8:11 2:11 11:8 11:7 5:11,VITSEK Ivan,2006
Serbian Open Belgrade 2006,2006-10-19,JAKAB Janos,DEMEK Tomas,HUN,CZE,4,1,"11,6,11,11,11|7,11,6,6,8",R64,GRAND_SLAM,MS,1808,Main Draw,JAKAB Janos (HUN),DEMEK Tomas (CZE),,,1 - 4,7:11 11:6 6:11 6:11 8:11,JAKAB Janos,2006
Serbian Open Belgrade 2006,2006-10-19,AXELQVIST Johan,GRIGOREV Artur,SWE,RUS,4,2,"11,7,7,13,11,13|6,11,11,11,7,11",R64,GRAND_SLAM,MS,1808,Main Draw,AXELQVIST Johan (SWE),GRIGOREV Artur (RUS),,,4 - 2,11:6 7:11 7:11 13:11 11:7 13:11,AXELQVIST Johan,2006
Serbian Open Belgrade 2006,2006-10-19,WIJERS Barry,TUGWELL Finn,NED,DEN,4,3,"12,7,9,11,1,11,11|10,11,11,8,11,9,8",R64,GRAND_SLAM,MS,1808,Main Draw,WIJERS Barry (NED),TUGWELL Finn (DEN),,,4 - 3,12:10 7:11 9:11 11:8 1:11 11:9 11:8,WIJERS Barry,2006
Serbian Open Belgrade 2006,2006-10-19,MAGYAR Laszlo,FILIMON Andrei,HUN,ROU,4,3,"8,12,11,3,11,11,11|11,14,5,11,8,9,8",R64,GRAND_SLAM,MS,1808,Main Draw,MAGYAR Laszlo (HUN),FILIMON Andrei (ROU),,,3 - 4,11:8 14:12 5:11 11:3 8:11 9:11 8:11,MAGYAR Laszlo,2006
Serbian Open Belgrade 2006,2006-10-19,BERTIN Christophe,PICHLER Michael,FRA,AUT,4,2,"11,11,5,12,9,11|1,7,11,10,11,5",R64,GRAND_SLAM,MS,1808,Main Draw,BERTIN Christophe (FRA),PICHLER Michael (AUT),,,2 - 4,1:11 7:11 11:5 10:12 11:9 5:11,BERTIN Christophe,2006
Serbian Open Belgrade 2006,2006-10-19,HENZELL William,SIMONER Christoph,AUS,AUT,4,3,"9,11,7,11,11,9,11|11,7,11,6,8,11,7",R64,GRAND_SLAM,MS,1808,Main Draw,HENZELL William (AUS),SIMONER Christoph (AUT),,,4 - 3,9:11 11:7 7:11 11:6 11:8 9:11 11:7,HENZELL William,2006
Serbian Open Belgrade 2006,2006-10-19,YOSHIDA Kaii,VUKELIC Boris,JPN,SRB,4,0,"11,11,11,11|7,6,6,5",R64,GRAND_SLAM,MS,1808,Main Draw,YOSHIDA Kaii (JPN),VUKELIC Boris (SRB),,,0 - 4,7:11 6:11 6:11 5:11,YOSHIDA Kaii,2006
Serbian Open Belgrade 2006,2006-10-19,GIONIS Panagiotis,JANCARIK Lubomir,GRE,CZE,4,0,"11,11,11,11|5,6,5,3",R64,GRAND_SLAM,MS,1808,Main Draw,GIONIS Panagiotis (GRE),JANCARIK Lubomir (CZE),,,4 - 0,11:5 11:6 11:5 11:3,GIONIS Panagiotis,2006
Serbian Open Belgrade 2006,2006-10-19,BOBILLIER Loic,STERNBERG Kasper,FRA,DEN,4,2,"5,11,11,11,10,11|11,7,9,7,12,6",R64,GRAND_SLAM,MS,1808,Main Draw,BOBILLIER Loic (FRA),STERNBERG Kasper (DEN),,,2 - 4,11:5 7:11 9:11 7:11 12:10 6:11,BOBILLIER Loic,2006
Serbian Open Belgrade 2006,2006-10-19,ZWICKL Daniel,PIACENTINI Valentino,HUN,ITA,4,1,"11,15,11,9,11|4,13,7,11,9",R64,GRAND_SLAM,MS,1808,Main Draw,ZWICKL Daniel (HUN),PIACENTINI Valentino (ITA),,,4 - 1,11:4 15:13 11:7 9:11 11:9,ZWICKL Daniel,2006
Serbian Open Belgrade 2006,2006-10-19,PAZSY Ferenc,BARDON Michal,HUN,SVK,4,0,"11,11,11,11|9,9,4,4",R64,GRAND_SLAM,MS,1808,Main Draw,PAZSY Ferenc (HUN),BARDON Michal (SVK),,,0 - 4,9:11 9:11 4:11 4:11,PAZSY Ferenc,2006
Serbian Open Belgrade 2006,2006-10-19,KLASEK Marek,ZUBCIC Tomislav,CZE,CRO,4,2,"11,11,13,10,11,11|5,6,15,12,8,9",R64,GRAND_SLAM,MS,1808,Main Draw,KLASEK Marek (CZE),ZUBCIC Tomislav (CRO),,,4 - 2,11:5 11:6 13:15 10:12 11:8 11:9,KLASEK Marek,2006
Serbian Open Belgrade 2006,2006-10-19,REDJEP Ronald,LIVENTSOV Alexey,CRO,RUS,4,3,"6,11,11,11,8,7,11|11,5,1,4,11,11,6",R64,GRAND_SLAM,MS,1808,Main Draw,REDJEP Ronald (CRO),LIVENTSOV Alexey (RUS),,,4 - 3,6:11 11:5 11:1 11:4 8:11 7:11 11:6,REDJEP Ronald,2006
Serbian Open Belgrade 2006,2006-10-19,LENGEROV Kostadin,KONGSGAARD Christian,AUT,DEN,4,3,"9,8,11,15,8,11,11|11,11,4,13,11,5,5",R64,GRAND_SLAM,MS,1808,Main Draw,LENGEROV Kostadin (AUT),KONGSGAARD Christian (DEN),,,4 - 3,9:11 8:11 11:4 15:13 8:11 11:5 11:5,LENGEROV Kostadin,2006
Serbian Open Belgrade 2006,2006-10-19,YOKOYAMA Yuichi,MONRAD Martin,JPN,DEN,4,1,"11,17,11,12,12|9,15,9,14,10",R64,GRAND_SLAM,MS,1808,Main Draw,YOKOYAMA Yuichi (JPN),MONRAD Martin (DEN),,,4 - 1,11:9 17:15 11:9 12:14 12:10,YOKOYAMA Yuichi,2006
Serbian Open Belgrade 2006,2006-10-19,BOBOCICA Mihai,TOSIC Roko,ITA,CRO,4,2,"11,11,12,6,7,11|7,9,10,11,11,9",R64,GRAND_SLAM,MS,1808,Main Draw,BOBOCICA Mihai (ITA),TOSIC Roko (CRO),,,2 - 4,7:11 9:11 10:12 11:6 11:7 9:11,BOBOCICA Mihai,2006
Serbian Open Belgrade 2006,2006-10-19,LO Dany,MALICKI Szymon,FRA,POL,4,2,"11,11,2,11,8,11|7,7,11,9,11,5",R64,GRAND_SLAM,MS,1808,Main Draw,LO Dany (FRA),MALICKI Szymon (POL),,,2 - 4,7:11 7:11 11:2 9:11 11:8 5:11,LO Dany,2006
Serbian Open Belgrade 2006,2006-10-19,MILOSEVIC Bojan,PAPADIMITRIOU Dimitrios,SRB,GRE,4,0,"12,11,11,11|10,8,6,6",R64,GRAND_SLAM,MS,1808,Main Draw,MILOSEVIC Bojan (SRB),PAPADIMITRIOU Dimitrios (GRE),,,4 - 0,12:10 11:8 11:6 11:6,MILOSEVIC Bojan,2006
Serbian Open Belgrade 2006,2006-10-19,GORAK Daniel,SLATINSEK Uros,POL,SLO,4,1,"10,11,11,14,11|12,6,5,12,5",R64,GRAND_SLAM,MS,1808,Main Draw,GORAK Daniel (POL),SLATINSEK Uros (SLO),,,1 - 4,12:10 6:11 5:11 12:14 5:11,GORAK Daniel,2006
Serbian Open Belgrade 2006,2006-10-19,DIDUKH Oleksandr,ILLAS Erik,UKR,SVK,4,1,"9,11,12,11,11|11,7,10,5,5",R64,GRAND_SLAM,MS,1808,Main Draw,DIDUKH Oleksandr (UKR),ILLAS Erik (SVK),,,4 - 1,9:11 11:7 12:10 11:5 11:5,DIDUKH Oleksandr,2006
Serbian Open Belgrade 2006,2006-10-19,SVENSSON Robert,SURBEK Dragutin,SWE,CRO,4,3,"6,11,10,11,8,11,11|11,6,12,2,11,7,9",R64,GRAND_SLAM,MS,1808,Main Draw,SVENSSON Robert (SWE),SURBEK Dragutin (CRO),,,3 - 4,11:6 6:11 12:10 2:11 11:8 7:11 9:11,SVENSSON Robert,2006
Serbian Open Belgrade 2006,2006-10-19,JOVER Sebastien,MUSKO Peter,FRA,HUN,4,1,"11,25,9,11,11|9,23,11,8,5",R64,GRAND_SLAM,MS,1808,Main Draw,JOVER Sebastien (FRA),MUSKO Peter (HUN),,,4 - 1,11:9 25:23 9:11 11:8 11:5,JOVER Sebastien,2006
Serbian Open Belgrade 2006,2006-10-19,KARAKASEVIC Aleksandar,LASAN Sas,SRB,SLO,4,0,"11,11,11,11|7,7,6,8",R64,GRAND_SLAM,MS,1808,Main Draw,KARAKASEVIC Aleksandar (SRB),LASAN Sas (SLO),,,0 - 4,7:11 7:11 6:11 8:11,KARAKASEVIC Aleksandar,2006
Serbian Open Belgrade 2006,2006-10-19,KAN Yo,RUBTSOV Igor,JPN,RUS,4,1,"11,9,11,11,11|9,11,7,6,8",R32,GRAND_SLAM,MS,1808,Main Draw,KAN Yo (JPN),RUBTSOV Igor (RUS),,,4 - 1,11:9 9:11 11:7 11:6 11:8,KAN Yo,2006
Serbian Open Belgrade 2006,2006-10-19,VOZICKY Bohumil,APOLONIA Tiago,CZE,POR,4,1,"11,12,6,11,11|7,10,11,9,7",R32,GRAND_SLAM,MS,1808,Main Draw,VOZICKY Bohumil (CZE),APOLONIA Tiago (POR),,,4 - 1,11:7 12:10 6:11 11:9 11:7,VOZICKY Bohumil,2006
Serbian Open Belgrade 2006,2006-10-19,PRESSLMAYER Bernhard,OLEJNIK Martin,AUT,CZE,4,1,"11,12,11,11,11|13,10,8,6,9",R32,GRAND_SLAM,MS,1808,Main Draw,PRESSLMAYER Bernhard (AUT),OLEJNIK Martin (CZE),,,1 - 4,13:11 10:12 8:11 6:11 9:11,PRESSLMAYER Bernhard,2006
Serbian Open Belgrade 2006,2006-10-19,WANG Zengyi,CABESTANY Cedrik,POL,FRA,4,3,"11,11,9,6,10,11,11|8,5,11,11,12,5,6",R32,GRAND_SLAM,MS,1808,Main Draw,WANG Zengyi (POL),CABESTANY Cedrik (FRA),,,3 - 4,8:11 5:11 11:9 11:6 12:10 5:11 6:11,WANG Zengyi,2006
Serbian Open Belgrade 2006,2006-10-19,JAKAB Janos,VITSEK Ivan,HUN,HUN,4,3,"11,7,12,11,11,7,11|7,11,10,5,13,11,8",R32,GRAND_SLAM,MS,1808,Main Draw,JAKAB Janos (HUN),VITSEK Ivan (HUN),,,3 - 4,7:11 11:7 10:12 5:11 13:11 11:7 8:11,JAKAB Janos,2006
Serbian Open Belgrade 2006,2006-10-19,AXELQVIST Johan,WIJERS Barry,SWE,NED,4,1,"7,11,11,11,11|11,7,8,7,8",R32,GRAND_SLAM,MS,1808,Main Draw,AXELQVIST Johan (SWE),WIJERS Barry (NED),,,4 - 1,7:11 11:7 11:8 11:7 11:8,AXELQVIST Johan,2006
Serbian Open Belgrade 2006,2006-10-19,MAGYAR Laszlo,BERTIN Christophe,HUN,FRA,4,1,"11,12,11,11,15|6,14,9,6,13",R32,GRAND_SLAM,MS,1808,Main Draw,MAGYAR Laszlo (HUN),BERTIN Christophe (FRA),,,4 - 1,11:6 12:14 11:9 11:6 15:13,MAGYAR Laszlo,2006
Serbian Open Belgrade 2006,2006-10-19,YOSHIDA Kaii,HENZELL William,JPN,AUS,4,0,"11,11,11,11|7,6,9,7",R32,GRAND_SLAM,MS,1808,Main Draw,YOSHIDA Kaii (JPN),HENZELL William (AUS),,,0 - 4,7:11 6:11 9:11 7:11,YOSHIDA Kaii,2006
Serbian Open Belgrade 2006,2006-10-19,GIONIS Panagiotis,BOBILLIER Loic,GRE,FRA,4,0,"11,11,11,11|2,5,6,9",R32,GRAND_SLAM,MS,1808,Main Draw,GIONIS Panagiotis (GRE),BOBILLIER Loic (FRA),,,4 - 0,11:2 11:5 11:6 11:9,GIONIS Panagiotis,2006
Serbian Open Belgrade 2006,2006-10-19,PAZSY Ferenc,ZWICKL Daniel,HUN,HUN,4,0,"11,11,11,11|9,5,9,8",R32,GRAND_SLAM,MS,1808,Main Draw,PAZSY Ferenc (HUN),ZWICKL Daniel (HUN),,,0 - 4,9:11 5:11 9:11 8:11,PAZSY Ferenc,2006
Serbian Open Belgrade 2006,2006-10-19,REDJEP Ronald,KLASEK Marek,CRO,CZE,4,2,"13,9,11,11,9,11|11,11,5,6,11,9",R32,GRAND_SLAM,MS,1808,Main Draw,REDJEP Ronald (CRO),KLASEK Marek (CZE),,,2 - 4,11:13 11:9 5:11 6:11 11:9 9:11,REDJEP Ronald,2006
Serbian Open Belgrade 2006,2006-10-19,LENGEROV Kostadin,YOKOYAMA Yuichi,AUT,JPN,4,2,"3,11,11,9,11,12|11,8,6,11,8,10",R32,GRAND_SLAM,MS,1808,Main Draw,LENGEROV Kostadin (AUT),YOKOYAMA Yuichi (JPN),,,4 - 2,3:11 11:8 11:6 9:11 11:8 12:10,LENGEROV Kostadin,2006
Serbian Open Belgrade 2006,2006-10-19,BOBOCICA Mihai,LO Dany,ITA,FRA,4,0,"11,11,11,11|6,9,9,9",R32,GRAND_SLAM,MS,1808,Main Draw,BOBOCICA Mihai (ITA),LO Dany (FRA),,,4 - 0,11:6 11:9 11:9 11:9,BOBOCICA Mihai,2006
Serbian Open Belgrade 2006,2006-10-19,GORAK Daniel,MILOSEVIC Bojan,POL,SRB,4,1,"9,11,11,11,15|11,9,8,9,13",R32,GRAND_SLAM,MS,1808,Main Draw,GORAK Daniel (POL),MILOSEVIC Bojan (SRB),,,1 - 4,11:9 9:11 8:11 9:11 13:15,GORAK Daniel,2006
Serbian Open Belgrade 2006,2006-10-19,SVENSSON Robert,DIDUKH Oleksandr,SWE,UKR,4,2,"8,11,17,14,11,11|11,8,19,12,9,6",R32,GRAND_SLAM,MS,1808,Main Draw,SVENSSON Robert (SWE),DIDUKH Oleksandr (UKR),,,2 - 4,11:8 8:11 19:17 12:14 9:11 6:11,SVENSSON Robert,2006
Serbian Open Belgrade 2006,2006-10-19,KARAKASEVIC Aleksandar,JOVER Sebastien,SRB,FRA,4,0,"11,11,11,18|4,8,9,16",R32,GRAND_SLAM,MS,1808,Main Draw,KARAKASEVIC Aleksandar (SRB),JOVER Sebastien (FRA),,,0 - 4,4:11 8:11 9:11 16:18,KARAKASEVIC Aleksandar,2006
Serbian Open Belgrade 2006,2006-10-19,KAN Yo,VOZICKY Bohumil,JPN,CZE,4,2,"11,3,10,11,11,11|7,11,12,5,8,7",R16,GRAND_SLAM,MS,1808,Main Draw,KAN Yo (JPN),VOZICKY Bohumil (CZE),,,4 - 2,11:7 3:11 10:12 11:5 11:8 11:7,KAN Yo,2006
Serbian Open Belgrade 2006,2006-10-19,PRESSLMAYER Bernhard,WANG Zengyi,AUT,POL,4,2,"13,6,11,11,8,11|11,11,8,6,11,9",R16,GRAND_SLAM,MS,1808,Main Draw,PRESSLMAYER Bernhard (AUT),WANG Zengyi (POL),,,4 - 2,13:11 6:11 11:8 11:6 8:11 11:9,PRESSLMAYER Bernhard,2006
Serbian Open Belgrade 2006,2006-10-19,JAKAB Janos,AXELQVIST Johan,HUN,SWE,4,2,"11,4,11,11,6,13|3,11,7,8,11,11",R16,GRAND_SLAM,MS,1808,Main Draw,JAKAB Janos (HUN),AXELQVIST Johan (SWE),,,4 - 2,11:3 4:11 11:7 11:8 6:11 13:11,JAKAB Janos,2006
Serbian Open Belgrade 2006,2006-10-19,YOSHIDA Kaii,MAGYAR Laszlo,JPN,HUN,4,1,"11,7,11,11,11|3,11,6,8,9",R16,GRAND_SLAM,MS,1808,Main Draw,YOSHIDA Kaii (JPN),MAGYAR Laszlo (HUN),,,1 - 4,3:11 11:7 6:11 8:11 9:11,YOSHIDA Kaii,2006
Serbian Open Belgrade 2006,2006-10-19,PAZSY Ferenc,GIONIS Panagiotis,HUN,GRE,4,1,"10,11,11,11,11|12,8,9,6,7",R16,GRAND_SLAM,MS,1808,Main Draw,PAZSY Ferenc (HUN),GIONIS Panagiotis (GRE),,,1 - 4,12:10 8:11 9:11 6:11 7:11,PAZSY Ferenc,2006
Serbian Open Belgrade 2006,2006-10-19,LENGEROV Kostadin,REDJEP Ronald,AUT,CRO,4,0,"11,11,11,13|6,7,4,11",R16,GRAND_SLAM,MS,1808,Main Draw,LENGEROV Kostadin (AUT),REDJEP Ronald (CRO),,,0 - 4,6:11 7:11 4:11 11:13,LENGEROV Kostadin,2006
Serbian Open Belgrade 2006,2006-10-19,BOBOCICA Mihai,GORAK Daniel,ITA,POL,4,2,"11,8,6,11,11,11|7,11,11,7,8,7",R16,GRAND_SLAM,MS,1808,Main Draw,BOBOCICA Mihai (ITA),GORAK Daniel (POL),,,4 - 2,11:7 8:11 6:11 11:7 11:8 11:7,BOBOCICA Mihai,2006
Serbian Open Belgrade 2006,2006-10-19,KARAKASEVIC Aleksandar,SVENSSON Robert,SRB,SWE,4,2,"11,8,11,5,12,11|4,11,7,11,10,9",R16,GRAND_SLAM,MS,1808,Main Draw,KARAKASEVIC Aleksandar (SRB),SVENSSON Robert (SWE),,,2 - 4,4:11 11:8 7:11 11:5 10:12 9:11,KARAKASEVIC Aleksandar,2006
Serbian Open Belgrade 2006,2006-10-19,PRESSLMAYER Bernhard,KAN Yo,AUT,JPN,4,2,"12,11,5,7,11,11|10,8,11,11,9,9",QuarterFinal,GRAND_SLAM,MS,1808,Main Draw,PRESSLMAYER Bernhard (AUT),KAN Yo (JPN),,,2 - 4,10:12 8:11 11:5 11:7 9:11 9:11,PRESSLMAYER Bernhard,2006
Serbian Open Belgrade 2006,2006-10-19,YOSHIDA Kaii,JAKAB Janos,JPN,HUN,4,0,"11,11,11,11|7,6,9,8",QuarterFinal,GRAND_SLAM,MS,1808,Main Draw,YOSHIDA Kaii (JPN),JAKAB Janos (HUN),,,0 - 4,7:11 6:11 9:11 8:11,YOSHIDA Kaii,2006
Serbian Open Belgrade 2006,2006-10-19,LENGEROV Kostadin,PAZSY Ferenc,AUT,HUN,4,1,"11,8,12,13,11|8,11,10,11,8",QuarterFinal,GRAND_SLAM,MS,1808,Main Draw,LENGEROV Kostadin (AUT),PAZSY Ferenc (HUN),,,1 - 4,8:11 11:8 10:12 11:13 8:11,LENGEROV Kostadin,2006
Serbian Open Belgrade 2006,2006-10-19,BOBOCICA Mihai,KARAKASEVIC Aleksandar,ITA,SRB,4,1,"11,11,11,9,12|6,8,7,11,10",QuarterFinal,GRAND_SLAM,MS,1808,Main Draw,BOBOCICA Mihai (ITA),KARAKASEVIC Aleksandar (SRB),,,4 - 1,11:6 11:8 11:7 9:11 12:10,BOBOCICA Mihai,2006
Serbian Open Belgrade 2006,2006-10-19,YOSHIDA Kaii,PRESSLMAYER Bernhard,JPN,AUT,4,1,"11,11,11,5,11|7,4,9,11,8",SemiFinal,GRAND_SLAM,MS,1808,Main Draw,YOSHIDA Kaii (JPN),PRESSLMAYER Bernhard (AUT),,,1 - 4,7:11 4:11 9:11 11:5 8:11,YOSHIDA Kaii,2006
Serbian Open Belgrade 2006,2006-10-19,LENGEROV Kostadin,BOBOCICA Mihai,AUT,ITA,4,0,"11,11,12,11|9,4,10,3",SemiFinal,GRAND_SLAM,MS,1808,Main Draw,LENGEROV Kostadin (AUT),BOBOCICA Mihai (ITA),,,4 - 0,11:9 11:4 12:10 11:3,LENGEROV Kostadin,2006
Serbian Open Belgrade 2006,2006-10-19,YOSHIDA Kaii,LENGEROV Kostadin,JPN,AUT,4,0,"11,11,11,11|9,5,8,8",Final,GRAND_SLAM,MS,1808,Main Draw,YOSHIDA Kaii (JPN),LENGEROV Kostadin (AUT),,,4 - 0,11:9 11:5 11:8 11:8,YOSHIDA Kaii,2006
Serbian Open Belgrade 2006,2006-10-19,GROZDANOV Grozdan,DIDUKH Viktor,BUL,UKR,4,0,"11,11,11,11|8,7,8,5",,GRAND_SLAM,MS,1808,Qualification,GROZDANOV Grozdan (BUL),DIDUKH Viktor (UKR),,,4 - 0,11:8 11:7 11:8 11:5,GROZDANOV Grozdan,2006
Serbian Open Belgrade 2006,2006-10-19,APOLONIA Tiago,DIDUKH Viktor,POR,UKR,4,0,"11,11,11,11|8,2,4,4",QR2,GRAND_SLAM,MS,1808,Qualification,APOLONIA Tiago (POR),DIDUKH Viktor (UKR),,,4 - 0,11:8 11:2 11:4 11:4,APOLONIA Tiago,2006
Serbian Open Belgrade 2006,2006-10-19,APOLONIA Tiago,GROZDANOV Grozdan,POR,BUL,4,0,"11,12,13,11|8,10,11,4",3,GRAND_SLAM,MS,1808,Qualification,APOLONIA Tiago (POR),GROZDANOV Grozdan (BUL),,,4 - 0,11:8 12:10 13:11 11:4,APOLONIA Tiago,2006
Serbian Open Belgrade 2006,2006-10-19,CRHA Jakub,NAGY Krisztian,CZE,HUN,4,3,"12,8,11,9,11,3,11|10,11,7,11,2,11,7",,GRAND_SLAM,MS,1808,Qualification,CRHA Jakub (CZE),NAGY Krisztian (HUN),,,4 - 3,12:10 8:11 11:7 9:11 11:2 3:11 11:7,CRHA Jakub,2006
Serbian Open Belgrade 2006,2006-10-19,SIMONER Christoph,NAGY Krisztian,AUT,HUN,4,3,"9,11,8,11,8,11,14|11,1,11,9,11,6,12",QR2,GRAND_SLAM,MS,1808,Qualification,SIMONER Christoph (AUT),NAGY Krisztian (HUN),,,4 - 3,9:11 11:1 8:11 11:9 8:11 11:6 14:12,SIMONER Christoph,2006
Serbian Open Belgrade 2006,2006-10-19,SIMONER Christoph,CRHA Jakub,AUT,CZE,4,1,"11,8,12,11,11|4,11,10,8,5",3,GRAND_SLAM,MS,1808,Qualification,SIMONER Christoph (AUT),CRHA Jakub (CZE),,,4 - 1,11:4 8:11 12:10 11:8 11:5,SIMONER Christoph,2006
Serbian Open Belgrade 2006,2006-10-19,ROGIERS Benjamin,CONIC Daniel,BEL,SRB,4,3,"11,10,11,11,6,13,11|13,12,6,9,11,11,6",,GRAND_SLAM,MS,1808,Qualification,ROGIERS Benjamin (BEL),CONIC Daniel (SRB),,,4 - 3,11:13 10:12 11:6 11:9 6:11 13:11 11:6,ROGIERS Benjamin,2006
Serbian Open Belgrade 2006,2006-10-19,PIACENTINI Valentino,CONIC Daniel,ITA,SRB,4,2,"9,11,7,11,11,11|11,6,11,5,7,6",QR2,GRAND_SLAM,MS,1808,Qualification,PIACENTINI Valentino (ITA),CONIC Daniel (SRB),,,4 - 2,9:11 11:6 7:11 11:5 11:7 11:6,PIACENTINI Valentino,2006
Serbian Open Belgrade 2006,2006-10-19,PIACENTINI Valentino,ROGIERS Benjamin,ITA,BEL,4,2,"5,12,11,9,11,11|11,10,7,11,3,4",3,GRAND_SLAM,MS,1808,Qualification,PIACENTINI Valentino (ITA),ROGIERS Benjamin (BEL),,,4 - 2,5:11 12:10 11:7 9:11 11:3 11:4,PIACENTINI Valentino,2006
Serbian Open Belgrade 2006,2006-10-19,STERNBERG Kasper,BAUBET Vincent,DEN,FRA,4,3,"9,11,11,8,15,7,11|11,9,7,11,13,11,9",,GRAND_SLAM,MS,1808,Qualification,STERNBERG Kasper (DEN),BAUBET Vincent (FRA),,,3 - 4,11:9 9:11 7:11 11:8 13:15 11:7 9:11,STERNBERG Kasper,2006
Serbian Open Belgrade 2006,2006-10-19,STERNBERG Kasper,MILICEVIC Srdan,DEN,BIH,4,0,,QR2,GRAND_SLAM,MS,1808,Qualification,STERNBERG Kasper (DEN),MILICEVIC Srdan (BIH),,,0 - 4,,STERNBERG Kasper,2006
Serbian Open Belgrade 2006,2006-10-19,BAUBET Vincent,MILICEVIC Srdan,FRA,BIH,4,0,,3,GRAND_SLAM,MS,1808,Qualification,BAUBET Vincent (FRA),MILICEVIC Srdan (BIH),,,0 - 4,,BAUBET Vincent,2006
Serbian Open Belgrade 2006,2006-10-19,MATTENET Adrien,BALAZ Michal,FRA,SVK,4,3,"11,11,4,3,10,12,11|9,7,11,11,12,10,4",,GRAND_SLAM,MS,1808,Qualification,MATTENET Adrien (FRA),BALAZ Michal (SVK),,,4 - 3,11:9 11:7 4:11 3:11 10:12 12:10 11:4,MATTENET Adrien,2006
Serbian Open Belgrade 2006,2006-10-19,GRIGOREV Artur,BALAZ Michal,RUS,SVK,4,2,"9,11,8,12,11,11|11,5,11,10,7,8",QR2,GRAND_SLAM,MS,1808,Qualification,GRIGOREV Artur (RUS),BALAZ Michal (SVK),,,4 - 2,9:11 11:5 8:11 12:10 11:7 11:8,GRIGOREV Artur,2006
Serbian Open Belgrade 2006,2006-10-19,GRIGOREV Artur,MATTENET Adrien,RUS,FRA,4,3,"10,11,11,3,12,11,11|12,7,7,11,14,8,7",3,GRAND_SLAM,MS,1808,Qualification,GRIGOREV Artur (RUS),MATTENET Adrien (FRA),,,4 - 3,10:12 11:7 11:7 3:11 12:14 11:8 11:7,GRIGOREV Artur,2006
Serbian Open Belgrade 2006,2006-10-19,PAIKOV Mikhail,STEFANELLI Andrea,RUS,SMR,4,3,"2,12,8,11,13,8,12|11,10,11,7,11,11,10",,GRAND_SLAM,MS,1808,Qualification,PAIKOV Mikhail (RUS),STEFANELLI Andrea (SMR),,,4 - 3,2:11 12:10 8:11 11:7 13:11 8:11 12:10,PAIKOV Mikhail,2006
Serbian Open Belgrade 2006,2006-10-19,ABRAMOV Isaak,STEFANELLI Andrea,ISR,SMR,4,0,"11,11,11,12|5,6,1,10",QR2,GRAND_SLAM,MS,1808,Qualification,ABRAMOV Isaak (ISR),STEFANELLI Andrea (SMR),,,4 - 0,11:5 11:6 11:1 12:10,ABRAMOV Isaak,2006
Serbian Open Belgrade 2006,2006-10-19,PAIKOV Mikhail,ABRAMOV Isaak,RUS,ISR,4,1,"11,11,6,11,11|8,9,11,8,6",3,GRAND_SLAM,MS,1808,Qualification,PAIKOV Mikhail (RUS),ABRAMOV Isaak (ISR),,,1 - 4,8:11 9:11 11:6 8:11 6:11,PAIKOV Mikhail,2006
Serbian Open Belgrade 2006,2006-10-19,TANCHEV Vladislav,REDINI Alberto,BUL,ITA,4,0,"11,11,11,11|9,3,5,5",,GRAND_SLAM,MS,1808,Qualification,TANCHEV Vladislav (BUL),REDINI Alberto (ITA),,,4 - 0,11:9 11:3 11:5 11:5,TANCHEV Vladislav,2006
Serbian Open Belgrade 2006,2006-10-19,VARGA Zoltan,REDINI Alberto,HUN,ITA,4,0,"11,11,11,11|5,3,6,5",QR2,GRAND_SLAM,MS,1808,Qualification,VARGA Zoltan (HUN),REDINI Alberto (ITA),,,4 - 0,11:5 11:3 11:6 11:5,VARGA Zoltan,2006
Serbian Open Belgrade 2006,2006-10-19,VARGA Zoltan,TANCHEV Vladislav,HUN,BUL,4,1,"11,11,9,11,11|3,6,11,1,9",3,GRAND_SLAM,MS,1808,Qualification,VARGA Zoltan (HUN),TANCHEV Vladislav (BUL),,,4 - 1,11:3 11:6 9:11 11:1 11:9,VARGA Zoltan,2006
Serbian Open Belgrade 2006,2006-10-19,DEVAUX Jimmy,POPOV Kiril,FRA,BUL,4,1,"9,11,11,11,11|11,6,7,5,4",,GRAND_SLAM,MS,1808,Qualification,DEVAUX Jimmy (FRA),POPOV Kiril (BUL),,,4 - 1,9:11 11:6 11:7 11:5 11:4,DEVAUX Jimmy,2006
Serbian Open Belgrade 2006,2006-10-19,ZUBCIC Tomislav,POPOV Kiril,CRO,BUL,4,2,"11,11,11,11,8,11|9,13,4,8,11,9",QR2,GRAND_SLAM,MS,1808,Qualification,ZUBCIC Tomislav (CRO),POPOV Kiril (BUL),,,4 - 2,11:9 11:13 11:4 11:8 8:11 11:9,ZUBCIC Tomislav,2006
Serbian Open Belgrade 2006,2006-10-19,ZUBCIC Tomislav,DEVAUX Jimmy,CRO,FRA,4,2,"11,15,11,11,9,12|9,17,3,6,11,10",3,GRAND_SLAM,MS,1808,Qualification,ZUBCIC Tomislav (CRO),DEVAUX Jimmy (FRA),,,4 - 2,11:9 15:17 11:3 11:6 9:11 12:10,ZUBCIC Tomislav,2006
Serbian Open Belgrade 2006,2006-10-19,ZLAMAL Jaromir,SALIFOU Abdel-Kader,CZE,BEN,4,0,"11,14,11,11|7,12,5,9",,GRAND_SLAM,MS,1808,Qualification,ZLAMAL Jaromir (CZE),SALIFOU Abdel-Kader (BEN),,,0 - 4,7:11 12:14 5:11 9:11,ZLAMAL Jaromir,2006
Serbian Open Belgrade 2006,2006-10-19,SURBEK Dragutin,ZLAMAL Jaromir,CRO,CZE,4,0,"11,11,11,12|2,9,6,10",QR2,GRAND_SLAM,MS,1808,Qualification,SURBEK Dragutin (CRO),ZLAMAL Jaromir (CZE),,,4 - 0,11:2 11:9 11:6 12:10,SURBEK Dragutin,2006
Serbian Open Belgrade 2006,2006-10-19,SURBEK Dragutin,SALIFOU Abdel-Kader,CRO,BEN,4,1,"11,11,11,6,11|6,7,2,11,9",3,GRAND_SLAM,MS,1808,Qualification,SURBEK Dragutin (CRO),SALIFOU Abdel-Kader (BEN),,,4 - 1,11:6 11:7 11:2 6:11 11:9,SURBEK Dragutin,2006
Serbian Open Belgrade 2006,2006-10-19,KLEPRLIK Michal,BEZARD Pierre,CZE,FRA,4,0,"11,11,11,11|5,5,8,7",,GRAND_SLAM,MS,1808,Qualification,KLEPRLIK Michal (CZE),BEZARD Pierre (FRA),,,4 - 0,11:5 11:5 11:8 11:7,KLEPRLIK Michal,2006
Serbian Open Belgrade 2006,2006-10-19,KONGSGAARD Christian,BEZARD Pierre,DEN,FRA,4,1,"6,12,11,11,11|11,10,7,9,6",QR2,GRAND_SLAM,MS,1808,Qualification,KONGSGAARD Christian (DEN),BEZARD Pierre (FRA),,,4 - 1,6:11 12:10 11:7 11:9 11:6,KONGSGAARD Christian,2006
Serbian Open Belgrade 2006,2006-10-19,KONGSGAARD Christian,KLEPRLIK Michal,DEN,CZE,4,1,"0,13,11,11,11|11,11,7,8,8",3,GRAND_SLAM,MS,1808,Qualification,KONGSGAARD Christian (DEN),KLEPRLIK Michal (CZE),,,4 - 1,0:11 13:11 11:7 11:8 11:8,KONGSGAARD Christian,2006
Serbian Open Belgrade 2006,2006-10-19,PETO Zoltan,HINDERSSON Mikkel,SRB,DEN,4,0,"11,11,11,11|2,5,6,9",,GRAND_SLAM,MS,1808,Qualification,PETO Zoltan (SRB),HINDERSSON Mikkel (DEN),,,4 - 0,11:2 11:5 11:6 11:9,PETO Zoltan,2006
Serbian Open Belgrade 2006,2006-10-19,MAGYAR Laszlo,HINDERSSON Mikkel,HUN,DEN,4,1,"11,11,7,11,11|9,5,11,9,3",QR2,GRAND_SLAM,MS,1808,Qualification,MAGYAR Laszlo (HUN),HINDERSSON Mikkel (DEN),,,4 - 1,11:9 11:5 7:11 11:9 11:3,MAGYAR Laszlo,2006
Serbian Open Belgrade 2006,2006-10-19,MAGYAR Laszlo,PETO Zoltan,HUN,SRB,4,2,"7,11,9,11,11,11|11,5,11,8,0,6",3,GRAND_SLAM,MS,1808,Qualification,MAGYAR Laszlo (HUN),PETO Zoltan (SRB),,,4 - 2,7:11 11:5 9:11 11:8 11:0 11:6,MAGYAR Laszlo,2006
Serbian Open Belgrade 2006,2006-10-19,URBANEK Jan,KOSZO Atila,CZE,SRB,4,2,"11,11,8,11,4,11|1,6,11,8,11,5",,GRAND_SLAM,MS,1808,Qualification,URBANEK Jan (CZE),KOSZO Atila (SRB),,,4 - 2,11:1 11:6 8:11 11:8 4:11 11:5,URBANEK Jan,2006
Serbian Open Belgrade 2006,2006-10-19,ILLAS Erik,KOSZO Atila,SVK,SRB,4,1,"11,11,6,11,11|9,6,11,3,3",QR2,GRAND_SLAM,MS,1808,Qualification,ILLAS Erik (SVK),KOSZO Atila (SRB),,,4 - 1,11:9 11:6 6:11 11:3 11:3,ILLAS Erik,2006
Serbian Open Belgrade 2006,2006-10-19,ILLAS Erik,URBANEK Jan,SVK,CZE,4,1,"11,6,12,11,11|6,11,10,6,6",3,GRAND_SLAM,MS,1808,Qualification,ILLAS Erik (SVK),URBANEK Jan (CZE),,,4 - 1,11:6 6:11 12:10 11:6 11:6,ILLAS Erik,2006
Serbian Open Belgrade 2006,2006-10-19,JUZBASIC Neven,SEHIC Adnan,CRO,BIH,4,0,,,GRAND_SLAM,MS,1808,Qualification,JUZBASIC Neven (CRO),SEHIC Adnan (BIH),,,4 - 0,,JUZBASIC Neven,2006
Serbian Open Belgrade 2006,2006-10-19,KOSTAL Radek,SEHIC Adnan,CZE,BIH,4,1,"11,11,7,11,11|1,8,11,8,9",QR2,GRAND_SLAM,MS,1808,Qualification,KOSTAL Radek (CZE),SEHIC Adnan (BIH),,,4 - 1,11:1 11:8 7:11 11:8 11:9,KOSTAL Radek,2006
Serbian Open Belgrade 2006,2006-10-19,JUZBASIC Neven,KOSTAL Radek,CRO,CZE,4,1,"11,11,7,11,11|3,9,11,7,7",3,GRAND_SLAM,MS,1808,Qualification,JUZBASIC Neven (CRO),KOSTAL Radek (CZE),,,1 - 4,3:11 9:11 11:7 7:11 7:11,JUZBASIC Neven,2006
Serbian Open Belgrade 2006,2006-10-19,CROTTI Mattia,BORCIC Dorde,ITA,SRB,4,2,"11,11,8,11,10,11|9,9,11,9,12,8",,GRAND_SLAM,MS,1808,Qualification,CROTTI Mattia (ITA),BORCIC Dorde (SRB),,,4 - 2,11:9 11:9 8:11 11:9 10:12 11:8,CROTTI Mattia,2006
Serbian Open Belgrade 2006,2006-10-19,WIJERS Barry,BORCIC Dorde,NED,SRB,4,3,"9,11,11,11,8,7,11|11,9,5,6,11,11,7",QR2,GRAND_SLAM,MS,1808,Qualification,WIJERS Barry (NED),BORCIC Dorde (SRB),,,4 - 3,9:11 11:9 11:5 11:6 8:11 7:11 11:7,WIJERS Barry,2006
Serbian Open Belgrade 2006,2006-10-19,WIJERS Barry,CROTTI Mattia,NED,ITA,4,0,"11,12,11,12|4,10,9,10",3,GRAND_SLAM,MS,1808,Qualification,WIJERS Barry (NED),CROTTI Mattia (ITA),,,4 - 0,11:4 12:10 11:9 12:10,WIJERS Barry,2006
Serbian Open Belgrade 2006,2006-10-19,CHMIEL Piotr,KOBES Kristian,POL,SVK,4,0,"11,11,11,12|5,3,6,10",,GRAND_SLAM,MS,1808,Qualification,CHMIEL Piotr (POL),KOBES Kristian (SVK),,,4 - 0,11:5 11:3 11:6 12:10,CHMIEL Piotr,2006
Serbian Open Belgrade 2006,2006-10-19,KOBES Kristian,GAVRILOV Denis,SVK,RUS,4,0,,QR2,GRAND_SLAM,MS,1808,Qualification,KOBES Kristian (SVK),GAVRILOV Denis (RUS),,,0 - 4,,KOBES Kristian,2006
Serbian Open Belgrade 2006,2006-10-19,CHMIEL Piotr,GAVRILOV Denis,POL,RUS,4,0,,3,GRAND_SLAM,MS,1808,Qualification,CHMIEL Piotr (POL),GAVRILOV Denis (RUS),,,0 - 4,,CHMIEL Piotr,2006
Serbian Open Belgrade 2006,2006-10-19,MALICKI Szymon,JEZO Filip,POL,SVK,4,1,"9,11,11,11,11|11,9,9,9,7",,GRAND_SLAM,MS,1808,Qualification,MALICKI Szymon (POL),JEZO Filip (SVK),,,4 - 1,9:11 11:9 11:9 11:9 11:7,MALICKI Szymon,2006
Serbian Open Belgrade 2006,2006-10-19,KATKOV Ivan,JEZO Filip,UKR,SVK,4,0,"11,11,11,11|5,7,7,9",QR2,GRAND_SLAM,MS,1808,Qualification,KATKOV Ivan (UKR),JEZO Filip (SVK),,,4 - 0,11:5 11:7 11:7 11:9,KATKOV Ivan,2006
Serbian Open Belgrade 2006,2006-10-19,MALICKI Szymon,KATKOV Ivan,POL,UKR,4,3,"15,11,7,11,3,7,11|13,6,11,5,11,11,5",3,GRAND_SLAM,MS,1808,Qualification,MALICKI Szymon (POL),KATKOV Ivan (UKR),,,3 - 4,13:15 6:11 11:7 5:11 11:3 11:7 5:11,MALICKI Szymon,2006
Serbian Open Belgrade 2006,2006-10-19,SLATINSEK Uros,SAVIC Zoran,SLO,SRB,4,1,"11,11,9,11,11|6,7,11,2,5",,GRAND_SLAM,MS,1808,Qualification,SLATINSEK Uros (SLO),SAVIC Zoran (SRB),,,4 - 1,11:6 11:7 9:11 11:2 11:5,SLATINSEK Uros,2006
Serbian Open Belgrade 2006,2006-10-19,KONECNY Tomas,SAVIC Zoran,CZE,SRB,4,1,"11,10,11,14,11|5,12,5,12,3",QR2,GRAND_SLAM,MS,1808,Qualification,KONECNY Tomas (CZE),SAVIC Zoran (SRB),,,4 - 1,11:5 10:12 11:5 14:12 11:3,KONECNY Tomas,2006
Serbian Open Belgrade 2006,2006-10-19,SLATINSEK Uros,KONECNY Tomas,SLO,CZE,4,0,"16,11,11,12|14,1,4,10",3,GRAND_SLAM,MS,1808,Qualification,SLATINSEK Uros (SLO),KONECNY Tomas (CZE),,,0 - 4,14:16 1:11 4:11 10:12,SLATINSEK Uros,2006
Serbian Open Belgrade 2006,2006-10-19,PAPADIMITRIOU Dimitrios,TAROCCO Andrea,GRE,ITA,4,3,"8,11,11,7,7,11,11|11,7,8,11,11,7,8",,GRAND_SLAM,MS,1808,Qualification,PAPADIMITRIOU Dimitrios (GRE),TAROCCO Andrea (ITA),,,4 - 3,8:11 11:7 11:8 7:11 7:11 11:7 11:8,PAPADIMITRIOU Dimitrios,2006
Serbian Open Belgrade 2006,2006-10-19,PATTANTYUS Adam,TAROCCO Andrea,HUN,ITA,4,0,"11,11,11,11|4,8,9,3",QR2,GRAND_SLAM,MS,1808,Qualification,PATTANTYUS Adam (HUN),TAROCCO Andrea (ITA),,,4 - 0,11:4 11:8 11:9 11:3,PATTANTYUS Adam,2006
Serbian Open Belgrade 2006,2006-10-19,PAPADIMITRIOU Dimitrios,PATTANTYUS Adam,GRE,HUN,4,1,"11,10,11,11,11|9,12,9,9,9",3,GRAND_SLAM,MS,1808,Qualification,PAPADIMITRIOU Dimitrios (GRE),PATTANTYUS Adam (HUN),,,1 - 4,9:11 12:10 9:11 9:11 9:11,PAPADIMITRIOU Dimitrios,2006
Serbian Open Belgrade 2006,2006-10-19,GOLOVANOV Stanislav,DIVOVIC Almir,BUL,BIH,4,0,,,GRAND_SLAM,MS,1808,Qualification,GOLOVANOV Stanislav (BUL),DIVOVIC Almir (BIH),,,4 - 0,,GOLOVANOV Stanislav,2006
Serbian Open Belgrade 2006,2006-10-19,PRESSLMAYER Bernhard,DIVOVIC Almir,AUT,BIH,4,0,,QR2,GRAND_SLAM,MS,1808,Qualification,PRESSLMAYER Bernhard (AUT),DIVOVIC Almir (BIH),,,4 - 0,,PRESSLMAYER Bernhard,2006
Serbian Open Belgrade 2006,2006-10-19,PRESSLMAYER Bernhard,GOLOVANOV Stanislav,AUT,BUL,4,0,"11,11,11,11|4,6,8,7",3,GRAND_SLAM,MS,1808,Qualification,PRESSLMAYER Bernhard (AUT),GOLOVANOV Stanislav (BUL),,,4 - 0,11:4 11:6 11:8 11:7,PRESSLMAYER Bernhard,2006
Serbian Open Belgrade 2006,2006-10-19,PICHLER Michael,NAMESTOVSKI Atila,AUT,SRB,4,0,"11,12,11,11|9,10,9,5",,GRAND_SLAM,MS,1808,Qualification,PICHLER Michael (AUT),NAMESTOVSKI Atila (SRB),,,4 - 0,11:9 12:10 11:9 11:5,PICHLER Michael,2006
Serbian Open Belgrade 2006,2006-10-19,NAMESTOVSKI Atila,CLOSSET Marc,SRB,BEL,4,3,"8,11,11,4,13,11,11|11,3,9,11,15,7,5",QR2,GRAND_SLAM,MS,1808,Qualification,NAMESTOVSKI Atila (SRB),CLOSSET Marc (BEL),,,3 - 4,11:8 3:11 9:11 11:4 15:13 7:11 5:11,NAMESTOVSKI Atila,2006
Serbian Open Belgrade 2006,2006-10-19,PICHLER Michael,CLOSSET Marc,AUT,BEL,4,2,"11,11,8,8,11,15|8,8,11,11,7,13",3,GRAND_SLAM,MS,1808,Qualification,PICHLER Michael (AUT),CLOSSET Marc (BEL),,,2 - 4,8:11 8:11 11:8 11:8 7:11 13:15,PICHLER Michael,2006
Serbian Open Belgrade 2006,2006-10-19,PALCEK Martin,MLADENOV Dobrin,SVK,BUL,4,1,"11,12,11,11,11|7,14,4,5,8",,GRAND_SLAM,MS,1808,Qualification,PALCEK Martin (SVK),MLADENOV Dobrin (BUL),,,4 - 1,11:7 12:14 11:4 11:5 11:8,PALCEK Martin,2006
Serbian Open Belgrade 2006,2006-10-19,DEMEK Tomas,MLADENOV Dobrin,CZE,BUL,4,1,"11,9,11,11,11|3,11,4,6,6",QR2,GRAND_SLAM,MS,1808,Qualification,DEMEK Tomas (CZE),MLADENOV Dobrin (BUL),,,4 - 1,11:3 9:11 11:4 11:6 11:6,DEMEK Tomas,2006
Serbian Open Belgrade 2006,2006-10-19,DEMEK Tomas,PALCEK Martin,CZE,SVK,4,1,"11,11,6,11,11|8,5,11,8,3",3,GRAND_SLAM,MS,1808,Qualification,DEMEK Tomas (CZE),PALCEK Martin (SVK),,,4 - 1,11:8 11:5 6:11 11:8 11:3,DEMEK Tomas,2006
Serbian Open Belgrade 2006,2006-10-19,ZOMBORI David,VANNUCCI Marco,HUN,SMR,4,1,"11,11,7,11,11|9,1,11,1,6",,GRAND_SLAM,MS,1808,Qualification,ZOMBORI David (HUN),VANNUCCI Marco (SMR),,,4 - 1,11:9 11:1 7:11 11:1 11:6,ZOMBORI David,2006
Serbian Open Belgrade 2006,2006-10-19,REDJEP Ronald,VANNUCCI Marco,CRO,SMR,4,1,"11,9,11,11,11|1,11,6,4,6",QR2,GRAND_SLAM,MS,1808,Qualification,REDJEP Ronald (CRO),VANNUCCI Marco (SMR),,,4 - 1,11:1 9:11 11:6 11:4 11:6,REDJEP Ronald,2006
Serbian Open Belgrade 2006,2006-10-19,REDJEP Ronald,ZOMBORI David,CRO,HUN,4,1,"12,11,8,11,11|10,5,11,6,7",3,GRAND_SLAM,MS,1808,Qualification,REDJEP Ronald (CRO),ZOMBORI David (HUN),,,4 - 1,12:10 11:5 8:11 11:6 11:7,REDJEP Ronald,2006
Serbian Open Belgrade 2006,2006-10-19,MOLNAR Krisztian,MUJIC Elvis,HUN,BIH,4,0,"11,11,11,11|3,6,4,4",,GRAND_SLAM,MS,1808,Qualification,MOLNAR Krisztian (HUN),MUJIC Elvis (BIH),,,4 - 0,11:3 11:6 11:4 11:4,MOLNAR Krisztian,2006
Serbian Open Belgrade 2006,2006-10-19,BOBOCICA Mihai,MUJIC Elvis,ITA,BIH,4,0,"11,11,11,11|3,3,6,4",QR2,GRAND_SLAM,MS,1808,Qualification,BOBOCICA Mihai (ITA),MUJIC Elvis (BIH),,,4 - 0,11:3 11:3 11:6 11:4,BOBOCICA Mihai,2006
Serbian Open Belgrade 2006,2006-10-19,BOBOCICA Mihai,MOLNAR Krisztian,ITA,HUN,4,2,"11,15,6,11,11,11|7,17,11,8,8,4",3,GRAND_SLAM,MS,1808,Qualification,BOBOCICA Mihai (ITA),MOLNAR Krisztian (HUN),,,4 - 2,11:7 15:17 6:11 11:8 11:8 11:4,BOBOCICA Mihai,2006
Serbian Open Belgrade 2006,2006-10-19,JANCARIK Lubomir,KITTENBERGER Hiroshi,CZE,AUT,4,1,"8,11,11,11,11|11,9,5,7,2",,GRAND_SLAM,MS,1808,Qualification,JANCARIK Lubomir (CZE),KITTENBERGER Hiroshi (AUT),,,4 - 1,8:11 11:9 11:5 11:7 11:2,JANCARIK Lubomir,2006
Serbian Open Belgrade 2006,2006-10-19,VOSTES Yannick,KITTENBERGER Hiroshi,BEL,AUT,4,1,"2,11,13,13,11|11,1,11,11,7",QR2,GRAND_SLAM,MS,1808,Qualification,VOSTES Yannick (BEL),KITTENBERGER Hiroshi (AUT),,,4 - 1,2:11 11:1 13:11 13:11 11:7,VOSTES Yannick,2006
Serbian Open Belgrade 2006,2006-10-19,JANCARIK Lubomir,VOSTES Yannick,CZE,BEL,4,1,"11,11,13,6,12|6,8,11,11,10",3,GRAND_SLAM,MS,1808,Qualification,JANCARIK Lubomir (CZE),VOSTES Yannick (BEL),,,1 - 4,6:11 8:11 11:13 11:6 10:12,JANCARIK Lubomir,2006
Serbian Open Belgrade 2006,2006-10-19,HABESOHN Mathias,DIZDAREVIC Mirza,AUT,BIH,4,0,,,GRAND_SLAM,MS,1808,Qualification,HABESOHN Mathias (AUT),DIZDAREVIC Mirza (BIH),,,4 - 0,,HABESOHN Mathias,2006
Serbian Open Belgrade 2006,2006-10-19,BARDON Michal,DIZDAREVIC Mirza,SVK,BIH,4,0,,QR2,GRAND_SLAM,MS,1808,Qualification,BARDON Michal (SVK),DIZDAREVIC Mirza (BIH),,,4 - 0,,BARDON Michal,2006
Serbian Open Belgrade 2006,2006-10-19,BARDON Michal,HABESOHN Mathias,SVK,AUT,4,1,"11,8,11,11,13|8,11,8,4,11",3,GRAND_SLAM,MS,1808,Qualification,BARDON Michal (SVK),HABESOHN Mathias (AUT),,,4 - 1,11:8 8:11 11:8 11:4 13:11,BARDON Michal,2006
Serbian Open Belgrade 2006,2006-10-19,MUSKO Peter,BUBA Ondrej,HUN,CZE,4,0,"11,11,11,11|4,6,7,6",,GRAND_SLAM,MS,1808,Qualification,MUSKO Peter (HUN),BUBA Ondrej (CZE),,,4 - 0,11:4 11:6 11:7 11:6,MUSKO Peter,2006
Serbian Open Belgrade 2006,2006-10-19,BUBA Ondrej,PETERSEN Christoffer,CZE,DEN,4,2,"12,6,11,10,11,11|10,11,8,12,5,4",QR2,GRAND_SLAM,MS,1808,Qualification,BUBA Ondrej (CZE),PETERSEN Christoffer (DEN),,,2 - 4,10:12 11:6 8:11 12:10 5:11 4:11,BUBA Ondrej,2006
Serbian Open Belgrade 2006,2006-10-19,MUSKO Peter,PETERSEN Christoffer,HUN,DEN,4,2,"13,11,9,9,12,11|11,7,11,11,10,6",3,GRAND_SLAM,MS,1808,Qualification,MUSKO Peter (HUN),PETERSEN Christoffer (DEN),,,2 - 4,11:13 7:11 11:9 11:9 10:12 6:11,MUSKO Peter,2006
Serbian Open Belgrade 2006,2006-10-19,BUROV Viacheslav,FEBER Richard,RUS,CZE,4,3,"7,11,11,11,4,8,13|11,8,6,9,11,11,11",,GRAND_SLAM,MS,1808,Qualification,BUROV Viacheslav (RUS),FEBER Richard (CZE),,,4 - 3,7:11 11:8 11:6 11:9 4:11 8:11 13:11,BUROV Viacheslav,2006
Serbian Open Belgrade 2006,2006-10-19,PRYSHCHEPA Ievgen,FEBER Richard,UKR,CZE,4,3,"8,7,11,12,11,11,11|11,11,7,14,4,5,5",QR2,GRAND_SLAM,MS,1808,Qualification,PRYSHCHEPA Ievgen (UKR),FEBER Richard (CZE),,,4 - 3,8:11 7:11 11:7 12:14 11:4 11:5 11:5,PRYSHCHEPA Ievgen,2006
Serbian Open Belgrade 2006,2006-10-19,PRYSHCHEPA Ievgen,BUROV Viacheslav,UKR,RUS,4,3,"7,6,11,9,11,11,11|11,11,9,11,7,8,9",3,GRAND_SLAM,MS,1808,Qualification,PRYSHCHEPA Ievgen (UKR),BUROV Viacheslav (RUS),,,4 - 3,7:11 6:11 11:9 9:11 11:7 11:8 11:9,PRYSHCHEPA Ievgen,2006
Serbian Open Belgrade 2006,2006-10-19,PERSSON Jon,JANASEK Thomas,SWE,CZE,4,0,,,GRAND_SLAM,MS,1808,Qualification,PERSSON Jon (SWE),JANASEK Thomas (CZE),,,4 - 0,,PERSSON Jon,2006
Serbian Open Belgrade 2006,2006-10-19,VITSEK Ivan,JANASEK Thomas,HUN,CZE,4,0,,QR2,GRAND_SLAM,MS,1808,Qualification,VITSEK Ivan (HUN),JANASEK Thomas (CZE),,,4 - 0,,VITSEK Ivan,2006
Serbian Open Belgrade 2006,2006-10-19,VITSEK Ivan,PERSSON Jon,HUN,SWE,4,1,"9,15,11,11,11|11,13,8,8,9",3,GRAND_SLAM,MS,1808,Qualification,VITSEK Ivan (HUN),PERSSON Jon (SWE),,,4 - 1,9:11 15:13 11:8 11:8 11:9,VITSEK Ivan,2006
Serbian Open Belgrade 2006,2006-10-19,KAN Yo,JEVTOVIC Marko,JPN,SRB,4,1,"11,11,11,11,12|13,6,6,9,10",,GRAND_SLAM,MS,1808,Qualification,KAN Yo (JPN),JEVTOVIC Marko (SRB),,,1 - 4,13:11 6:11 6:11 9:11 10:12,KAN Yo,2006
Serbian Open Belgrade 2006,2006-10-19,KAN Yo,DESPRES Rodolphe,JPN,FRA,4,1,"9,11,12,11,11|11,5,10,8,7",QR2,GRAND_SLAM,MS,1808,Qualification,KAN Yo (JPN),DESPRES Rodolphe (FRA),,,1 - 4,11:9 5:11 10:12 8:11 7:11,KAN Yo,2006
Serbian Open Belgrade 2006,2006-10-19,JEVTOVIC Marko,DESPRES Rodolphe,SRB,FRA,4,3,"5,11,7,1,12,11,11|11,8,11,11,10,8,7",3,GRAND_SLAM,MS,1808,Qualification,JEVTOVIC Marko (SRB),DESPRES Rodolphe (FRA),,,3 - 4,11:5 8:11 11:7 11:1 10:12 8:11 7:11,JEVTOVIC Marko,2006
Serbian Open Belgrade 2006,2006-10-19,PETO Zsolt,ZHAO Yang,SRB,FRA,4,1,"11,12,11,11,11|8,10,5,13,6",,GRAND_SLAM,MS,1808,Qualification,PETO Zsolt (SRB),ZHAO Yang (FRA),,,4 - 1,11:8 12:10 11:5 11:13 11:6,PETO Zsolt,2006
Serbian Open Belgrade 2006,2006-10-19,SKACHKOV Kirill,ZHAO Yang,RUS,FRA,4,1,"11,13,7,11,11|5,11,11,8,5",QR2,GRAND_SLAM,MS,1808,Qualification,SKACHKOV Kirill (RUS),ZHAO Yang (FRA),,,4 - 1,11:5 13:11 7:11 11:8 11:5,SKACHKOV Kirill,2006
Serbian Open Belgrade 2006,2006-10-19,SKACHKOV Kirill,PETO Zsolt,RUS,SRB,4,0,"11,11,14,11|9,9,12,9",3,GRAND_SLAM,MS,1808,Qualification,SKACHKOV Kirill (RUS),PETO Zsolt (SRB),,,4 - 0,11:9 11:9 14:12 11:9,SKACHKOV Kirill,2006
Serbian Open Belgrade 2006,2006-10-19,KOLAREK Tomislav,ALILOVIC Samir,CRO,MNE,4,0,"11,11,11,12|2,4,6,10",,GRAND_SLAM,MS,1808,Qualification,KOLAREK Tomislav (CRO),ALILOVIC Samir (MNE),,,4 - 0,11:2 11:4 11:6 12:10,KOLAREK Tomislav,2006
Serbian Open Belgrade 2006,2006-10-19,ZHMUDENKO Yaroslav,ALILOVIC Samir,UKR,MNE,4,0,"11,11,11,11|3,4,5,2",QR2,GRAND_SLAM,MS,1808,Qualification,ZHMUDENKO Yaroslav (UKR),ALILOVIC Samir (MNE),,,4 - 0,11:3 11:4 11:5 11:2,ZHMUDENKO Yaroslav,2006
Serbian Open Belgrade 2006,2006-10-19,ZHMUDENKO Yaroslav,KOLAREK Tomislav,UKR,CRO,4,0,"20,11,11,11|18,6,5,5",3,GRAND_SLAM,MS,1808,Qualification,ZHMUDENKO Yaroslav (UKR),KOLAREK Tomislav (CRO),,,4 - 0,20:18 11:6 11:5 11:5,ZHMUDENKO Yaroslav,2006
Serbian Open Belgrade 2006,2006-10-19,KRIVIC Jakov,KOMOV Alexander,CRO,RUS,4,0,"11,11,11,14|9,3,8,12",,GRAND_SLAM,MS,1808,Qualification,KRIVIC Jakov (CRO),KOMOV Alexander (RUS),,,4 - 0,11:9 11:3 11:8 14:12,KRIVIC Jakov,2006
Serbian Open Belgrade 2006,2006-10-19,SEL Zolt,KOMOV Alexander,SRB,RUS,4,1,"4,11,11,11,11|11,3,6,2,8",QR2,GRAND_SLAM,MS,1808,Qualification,SEL Zolt (SRB),KOMOV Alexander (RUS),,,4 - 1,4:11 11:3 11:6 11:2 11:8,SEL Zolt,2006
Serbian Open Belgrade 2006,2006-10-19,SEL Zolt,KRIVIC Jakov,SRB,CRO,4,1,"11,11,1,14,11|4,7,11,12,0",3,GRAND_SLAM,MS,1808,Qualification,SEL Zolt (SRB),KRIVIC Jakov (CRO),,,4 - 1,11:4 11:7 1:11 14:12 11:0,SEL Zolt,2006
Serbian Open Belgrade 2006,2006-10-19,FILIMON Lucian,IGNJATOV Nemanja,ROU,SRB,4,2,"11,11,6,8,11,15|4,4,11,11,8,13",,GRAND_SLAM,MS,1808,Qualification,FILIMON Lucian (ROU),IGNJATOV Nemanja (SRB),,,4 - 2,11:4 11:4 6:11 8:11 11:8 15:13,FILIMON Lucian,2006
Serbian Open Belgrade 2006,2006-10-19,LASAN Sas,IGNJATOV Nemanja,SLO,SRB,4,0,"11,11,11,11|8,6,6,5",QR2,GRAND_SLAM,MS,1808,Qualification,LASAN Sas (SLO),IGNJATOV Nemanja (SRB),,,4 - 0,11:8 11:6 11:6 11:5,LASAN Sas,2006
Serbian Open Belgrade 2006,2006-10-19,LASAN Sas,FILIMON Lucian,SLO,ROU,4,0,"11,11,11,11|9,7,9,5",3,GRAND_SLAM,MS,1808,Qualification,LASAN Sas (SLO),FILIMON Lucian (ROU),,,4 - 0,11:9 11:7 11:9 11:5,LASAN Sas,2006
Serbian Open Belgrade 2006,2006-10-19,KLAJIC Dragan,KAUCKY Petr,SRB,CZE,4,0,"16,11,11,11|14,8,7,8",,GRAND_SLAM,MS,1808,Qualification,KLAJIC Dragan (SRB),KAUCKY Petr (CZE),,,0 - 4,14:16 8:11 7:11 8:11,KLAJIC Dragan,2006
Serbian Open Belgrade 2006,2006-10-19,JAPEC Tomislav,KLAJIC Dragan,CRO,SRB,4,2,"11,8,11,12,9,11|7,11,5,10,11,8",QR2,GRAND_SLAM,MS,1808,Qualification,JAPEC Tomislav (CRO),KLAJIC Dragan (SRB),,,4 - 2,11:7 8:11 11:5 12:10 9:11 11:8,JAPEC Tomislav,2006
Serbian Open Belgrade 2006,2006-10-19,KAUCKY Petr,JAPEC Tomislav,CZE,CRO,4,3,"4,16,11,7,7,11,11|11,14,7,11,11,5,8",3,GRAND_SLAM,MS,1808,Qualification,KAUCKY Petr (CZE),JAPEC Tomislav (CRO),,,3 - 4,11:4 14:16 7:11 11:7 11:7 5:11 8:11,KAUCKY Petr,2006
Serbian Open Belgrade 2006,2006-10-19,SEREDA Tomas,VUKELIC Boris,SVK,SRB,4,3,"11,11,7,9,10,11,11|9,7,11,11,12,7,6",,GRAND_SLAM,MS,1808,Qualification,SEREDA Tomas (SVK),VUKELIC Boris (SRB),,,3 - 4,9:11 7:11 11:7 11:9 12:10 7:11 6:11,SEREDA Tomas,2006
Serbian Open Belgrade 2006,2006-10-19,KLEPRLIK Jakub,SEREDA Tomas,CZE,SVK,4,2,"8,11,11,11,4,11|11,9,8,9,11,7",QR2,GRAND_SLAM,MS,1808,Qualification,KLEPRLIK Jakub (CZE),SEREDA Tomas (SVK),,,4 - 2,8:11 11:9 11:8 11:9 4:11 11:7,KLEPRLIK Jakub,2006
Serbian Open Belgrade 2006,2006-10-19,VUKELIC Boris,KLEPRLIK Jakub,SRB,CZE,4,0,"11,13,11,12|7,11,7,10",3,GRAND_SLAM,MS,1808,Qualification,VUKELIC Boris (SRB),KLEPRLIK Jakub (CZE),,,0 - 4,7:11 11:13 7:11 10:12,VUKELIC Boris,2006
Serbian Open Belgrade 2006,2006-10-19,SIMONCIK Josef,PEJAK Djordje,CZE,SRB,4,2,"5,11,11,8,11,14|11,3,9,11,7,12",,GRAND_SLAM,MS,1808,Qualification,SIMONCIK Josef (CZE),PEJAK Djordje (SRB),,,4 - 2,5:11 11:3 11:9 8:11 11:7 14:12,SIMONCIK Josef,2006
Serbian Open Belgrade 2006,2006-10-19,FENG Xiaoquan,PEJAK Djordje,AUT,SRB,4,1,"9,11,11,11,13|11,4,7,8,11",QR2,GRAND_SLAM,MS,1808,Qualification,FENG Xiaoquan (AUT),PEJAK Djordje (SRB),,,4 - 1,9:11 11:4 11:7 11:8 13:11,FENG Xiaoquan,2006
Serbian Open Belgrade 2006,2006-10-19,SIMONCIK Josef,FENG Xiaoquan,CZE,AUT,4,0,"11,11,13,11|6,5,11,6",3,GRAND_SLAM,MS,1808,Qualification,SIMONCIK Josef (CZE),FENG Xiaoquan (AUT),,,0 - 4,6:11 5:11 11:13 6:11,SIMONCIK Josef,2006
Serbian Open Belgrade 2006,2006-10-19,LEBESSON Emmanuel,ZIBRAT Jan,FRA,SLO,4,0,"11,11,11,11|8,3,8,5",,GRAND_SLAM,MS,1808,Qualification,LEBESSON Emmanuel (FRA),ZIBRAT Jan (SLO),,,4 - 0,11:8 11:3 11:8 11:5,LEBESSON Emmanuel,2006
Serbian Open Belgrade 2006,2006-10-19,JUZBASIC Ivan,ZIBRAT Jan,CRO,SLO,4,1,"11,11,11,9,11|6,5,8,11,8",QR2,GRAND_SLAM,MS,1808,Qualification,JUZBASIC Ivan (CRO),ZIBRAT Jan (SLO),,,4 - 1,11:6 11:5 11:8 9:11 11:8,JUZBASIC Ivan,2006
Serbian Open Belgrade 2006,2006-10-19,JUZBASIC Ivan,LEBESSON Emmanuel,CRO,FRA,4,2,"10,14,11,10,11,11|12,12,4,12,9,4",3,GRAND_SLAM,MS,1808,Qualification,JUZBASIC Ivan (CRO),LEBESSON Emmanuel (FRA),,,4 - 2,10:12 14:12 11:4 10:12 11:9 11:4,JUZBASIC Ivan,2006
Serbian Open Belgrade 2006,2006-10-19,CHMIEL Pawel,RENOUVIN Xavier,POL,FRA,4,0,,,GRAND_SLAM,MS,1808,Qualification,CHMIEL Pawel (POL),RENOUVIN Xavier (FRA),,,4 - 0,,CHMIEL Pawel,2006
Serbian Open Belgrade 2006,2006-10-19,YOKOYAMA Yuichi,RENOUVIN Xavier,JPN,FRA,4,0,,QR2,GRAND_SLAM,MS,1808,Qualification,YOKOYAMA Yuichi (JPN),RENOUVIN Xavier (FRA),,,4 - 0,,YOKOYAMA Yuichi,2006
Serbian Open Belgrade 2006,2006-10-19,YOKOYAMA Yuichi,CHMIEL Pawel,JPN,POL,4,3,"11,11,7,4,11,10,12|8,8,11,11,7,12,10",3,GRAND_SLAM,MS,1808,Qualification,YOKOYAMA Yuichi (JPN),CHMIEL Pawel (POL),,,4 - 3,11:8 11:8 7:11 4:11 11:7 10:12 12:10,YOKOYAMA Yuichi,2006
Serbian Open Belgrade 2006,2006-10-19,DAVID Petr,LUPULESKU Lorencio,CZE,SRB,4,1,"11,11,10,11,11|3,9,12,2,4",,GRAND_SLAM,MS,1808,Qualification,DAVID Petr (CZE),LUPULESKU Lorencio (SRB),,,4 - 1,11:3 11:9 10:12 11:2 11:4,DAVID Petr,2006
Serbian Open Belgrade 2006,2006-10-19,GACINA Andrej,LUPULESKU Lorencio,CRO,SRB,4,1,"11,11,9,11,12|7,6,11,9,10",QR2,GRAND_SLAM,MS,1808,Qualification,GACINA Andrej (CRO),LUPULESKU Lorencio (SRB),,,4 - 1,11:7 11:6 9:11 11:9 12:10,GACINA Andrej,2006
Serbian Open Belgrade 2006,2006-10-19,DAVID Petr,GACINA Andrej,CZE,CRO,4,1,"11,11,5,11,11|7,8,11,8,9",3,GRAND_SLAM,MS,1808,Qualification,DAVID Petr (CZE),GACINA Andrej (CRO),,,1 - 4,7:11 8:11 11:5 8:11 9:11,DAVID Petr,2006
Serbian Open Belgrade 2006,2006-10-19,ZLAMAL Jaromir,POPOV Kiril,CZE,BUL,3,2,"12,12,11,12,11|14,10,3,14,5",,GRAND_SLAM,U21MS,1808,Qualification,ZLAMAL Jaromir (CZE),POPOV Kiril (BUL),,,2 - 3,14:12 10:12 3:11 14:12 5:11,ZLAMAL Jaromir,2006
Serbian Open Belgrade 2006,2006-10-19,CHMIEL Pawel,ZLAMAL Jaromir,POL,CZE,3,0,"11,11,12|6,3,10",QR2,GRAND_SLAM,U21MS,1808,Qualification,CHMIEL Pawel (POL),ZLAMAL Jaromir (CZE),,,3 - 0,11:6 11:3 12:10,CHMIEL Pawel,2006
Serbian Open Belgrade 2006,2006-10-19,CHMIEL Pawel,POPOV Kiril,POL,BUL,3,0,"11,11,11|4,7,5",3,GRAND_SLAM,U21MS,1808,Qualification,CHMIEL Pawel (POL),POPOV Kiril (BUL),,,3 - 0,11:4 11:7 11:5,CHMIEL Pawel,2006
Serbian Open Belgrade 2006,2006-10-19,REDINI Alberto,HINDERSSON Mikkel,ITA,DEN,3,2,"11,11,11,6,11|8,8,13,11,5",,GRAND_SLAM,U21MS,1808,Qualification,REDINI Alberto (ITA),HINDERSSON Mikkel (DEN),,,3 - 2,11:8 11:8 11:13 6:11 11:5,REDINI Alberto,2006
Serbian Open Belgrade 2006,2006-10-19,LEBESSON Emmanuel,HINDERSSON Mikkel,FRA,DEN,3,0,"15,12,11|13,10,5",QR2,GRAND_SLAM,U21MS,1808,Qualification,LEBESSON Emmanuel (FRA),HINDERSSON Mikkel (DEN),,,3 - 0,15:13 12:10 11:5,LEBESSON Emmanuel,2006
Serbian Open Belgrade 2006,2006-10-19,LEBESSON Emmanuel,REDINI Alberto,FRA,ITA,3,0,"11,11,11|1,5,6",3,GRAND_SLAM,U21MS,1808,Qualification,LEBESSON Emmanuel (FRA),REDINI Alberto (ITA),,,3 - 0,11:1 11:5 11:6,LEBESSON Emmanuel,2006
Serbian Open Belgrade 2006,2006-10-19,BALAZ Michal,KOSZO Atila,SVK,SRB,3,0,"12,11,11|10,6,6",,GRAND_SLAM,U21MS,1808,Qualification,BALAZ Michal (SVK),KOSZO Atila (SRB),,,3 - 0,12:10 11:6 11:6,BALAZ Michal,2006
Serbian Open Belgrade 2006,2006-10-19,KOLAREK Tomislav,KOSZO Atila,CRO,SRB,3,1,"11,11,5,11|9,5,11,6",QR2,GRAND_SLAM,U21MS,1808,Qualification,KOLAREK Tomislav (CRO),KOSZO Atila (SRB),,,3 - 1,11:9 11:5 5:11 11:6,KOLAREK Tomislav,2006
Serbian Open Belgrade 2006,2006-10-19,BALAZ Michal,KOLAREK Tomislav,SVK,CRO,3,2,"11,4,4,11,11|9,11,11,9,7",3,GRAND_SLAM,U21MS,1808,Qualification,BALAZ Michal (SVK),KOLAREK Tomislav (CRO),,,2 - 3,9:11 11:4 11:4 9:11 7:11,BALAZ Michal,2006
Serbian Open Belgrade 2006,2006-10-19,STERNBERG Kasper,BEZARD Pierre,DEN,FRA,3,0,"11,11,11|8,5,9",,GRAND_SLAM,U21MS,1808,Qualification,STERNBERG Kasper (DEN),BEZARD Pierre (FRA),,,3 - 0,11:8 11:5 11:9,STERNBERG Kasper,2006
Serbian Open Belgrade 2006,2006-10-19,PETO Zsolt,BEZARD Pierre,SRB,FRA,3,0,"11,11,11|5,8,6",QR2,GRAND_SLAM,U21MS,1808,Qualification,PETO Zsolt (SRB),BEZARD Pierre (FRA),,,3 - 0,11:5 11:8 11:6,PETO Zsolt,2006
Serbian Open Belgrade 2006,2006-10-19,PETO Zsolt,STERNBERG Kasper,SRB,DEN,3,2,"11,12,9,9,11|6,10,11,11,9",3,GRAND_SLAM,U21MS,1808,Qualification,PETO Zsolt (SRB),STERNBERG Kasper (DEN),,,3 - 2,11:6 12:10 9:11 9:11 11:9,PETO Zsolt,2006
Serbian Open Belgrade 2006,2006-10-19,NAGY Krisztian,KOBES Kristian,HUN,SVK,3,0,"11,11,11|6,6,6",,GRAND_SLAM,U21MS,1808,Qualification,NAGY Krisztian (HUN),KOBES Kristian (SVK),,,3 - 0,11:6 11:6 11:6,NAGY Krisztian,2006
Serbian Open Belgrade 2006,2006-10-19,JEVTOVIC Marko,KOBES Kristian,SRB,SVK,3,0,"12,11,12|10,7,10",QR2,GRAND_SLAM,U21MS,1808,Qualification,JEVTOVIC Marko (SRB),KOBES Kristian (SVK),,,3 - 0,12:10 11:7 12:10,JEVTOVIC Marko,2006
Serbian Open Belgrade 2006,2006-10-19,NAGY Krisztian,JEVTOVIC Marko,HUN,SRB,3,1,"11,11,9,11|6,8,11,4",3,GRAND_SLAM,U21MS,1808,Qualification,NAGY Krisztian (HUN),JEVTOVIC Marko (SRB),,,1 - 3,6:11 8:11 11:9 4:11,NAGY Krisztian,2006
Serbian Open Belgrade 2006,2006-10-19,CONIC Daniel,JEZO Filip,SRB,SVK,3,2,"12,11,7,9,13|10,5,11,11,11",,GRAND_SLAM,U21MS,1808,Qualification,CONIC Daniel (SRB),JEZO Filip (SVK),,,3 - 2,12:10 11:5 7:11 9:11 13:11,CONIC Daniel,2006
Serbian Open Belgrade 2006,2006-10-19,PERSSON Jon,JEZO Filip,SWE,SVK,3,0,"11,14,11|7,12,7",QR2,GRAND_SLAM,U21MS,1808,Qualification,PERSSON Jon (SWE),JEZO Filip (SVK),,,3 - 0,11:7 14:12 11:7,PERSSON Jon,2006
Serbian Open Belgrade 2006,2006-10-19,PERSSON Jon,CONIC Daniel,SWE,SRB,3,1,"12,7,11,11|10,11,6,7",3,GRAND_SLAM,U21MS,1808,Qualification,PERSSON Jon (SWE),CONIC Daniel (SRB),,,3 - 1,12:10 7:11 11:6 11:7,PERSSON Jon,2006
Serbian Open Belgrade 2006,2006-10-19,BORCIC Dorde,DIDUKH Viktor,SRB,UKR,3,2,"13,11,11,8,14|11,13,4,11,12",,GRAND_SLAM,U21MS,1808,Qualification,BORCIC Dorde (SRB),DIDUKH Viktor (UKR),,,2 - 3,11:13 13:11 4:11 11:8 12:14,BORCIC Dorde,2006
Serbian Open Belgrade 2006,2006-10-19,BUROV Viacheslav,BORCIC Dorde,RUS,SRB,3,1,"11,11,7,11|8,8,11,2",QR2,GRAND_SLAM,U21MS,1808,Qualification,BUROV Viacheslav (RUS),BORCIC Dorde (SRB),,,3 - 1,11:8 11:8 7:11 11:2,BUROV Viacheslav,2006
Serbian Open Belgrade 2006,2006-10-19,DIDUKH Viktor,BUROV Viacheslav,UKR,RUS,3,1,"11,8,16,11|6,11,14,7",3,GRAND_SLAM,U21MS,1808,Qualification,DIDUKH Viktor (UKR),BUROV Viacheslav (RUS),,,1 - 3,6:11 11:8 14:16 7:11,DIDUKH Viktor,2006
Serbian Open Belgrade 2006,2006-10-19,ROGIERS Benjamin,SAVIC Zoran,BEL,SRB,3,2,"9,11,11,12,15|11,7,13,10,13",,GRAND_SLAM,U21MS,1808,Qualification,ROGIERS Benjamin (BEL),SAVIC Zoran (SRB),,,3 - 2,9:11 11:7 11:13 12:10 15:13,ROGIERS Benjamin,2006
Serbian Open Belgrade 2006,2006-10-19,JANCARIK Lubomir,SAVIC Zoran,CZE,SRB,3,0,"11,11,11|1,7,4",QR2,GRAND_SLAM,U21MS,1808,Qualification,JANCARIK Lubomir (CZE),SAVIC Zoran (SRB),,,3 - 0,11:1 11:7 11:4,JANCARIK Lubomir,2006
Serbian Open Belgrade 2006,2006-10-19,JANCARIK Lubomir,ROGIERS Benjamin,CZE,BEL,3,1,"11,12,12,11|5,14,10,4",3,GRAND_SLAM,U21MS,1808,Qualification,JANCARIK Lubomir (CZE),ROGIERS Benjamin (BEL),,,3 - 1,11:5 12:14 12:10 11:4,JANCARIK Lubomir,2006
Serbian Open Belgrade 2006,2006-10-19,CRHA Jakub,TAROCCO Andrea,CZE,ITA,3,2,"8,9,11,12,11|11,11,9,10,8",,GRAND_SLAM,U21MS,1808,Qualification,CRHA Jakub (CZE),TAROCCO Andrea (ITA),,,3 - 2,8:11 9:11 11:9 12:10 11:8,CRHA Jakub,2006
Serbian Open Belgrade 2006,2006-10-19,MOLNAR Krisztian,TAROCCO Andrea,HUN,ITA,3,1,"6,11,11,11|11,8,6,9",QR2,GRAND_SLAM,U21MS,1808,Qualification,MOLNAR Krisztian (HUN),TAROCCO Andrea (ITA),,,3 - 1,6:11 11:8 11:6 11:9,MOLNAR Krisztian,2006
Serbian Open Belgrade 2006,2006-10-19,MOLNAR Krisztian,CRHA Jakub,HUN,CZE,3,1,"11,10,11,11|7,12,5,7",3,GRAND_SLAM,U21MS,1808,Qualification,MOLNAR Krisztian (HUN),CRHA Jakub (CZE),,,3 - 1,11:7 10:12 11:5 11:7,MOLNAR Krisztian,2006
Serbian Open Belgrade 2006,2006-10-19,NAMESTOVSKI Atila,BAUBET Vincent,SRB,FRA,3,0,"11,11,11|5,6,8",,GRAND_SLAM,U21MS,1808,Qualification,NAMESTOVSKI Atila (SRB),BAUBET Vincent (FRA),,,0 - 3,5:11 6:11 8:11,NAMESTOVSKI Atila,2006
Serbian Open Belgrade 2006,2006-10-19,ZOMBORI David,NAMESTOVSKI Atila,HUN,SRB,3,0,"11,12,11|9,10,5",QR2,GRAND_SLAM,U21MS,1808,Qualification,ZOMBORI David (HUN),NAMESTOVSKI Atila (SRB),,,3 - 0,11:9 12:10 11:5,ZOMBORI David,2006
Serbian Open Belgrade 2006,2006-10-19,ZOMBORI David,BAUBET Vincent,HUN,FRA,3,0,"11,11,12|5,8,10",3,GRAND_SLAM,U21MS,1808,Qualification,ZOMBORI David (HUN),BAUBET Vincent (FRA),,,3 - 0,11:5 11:8 12:10,ZOMBORI David,2006
Serbian Open Belgrade 2006,2006-10-19,MATTENET Adrien,MLADENOV Dobrin,FRA,BUL,3,0,"11,11,11|8,2,4",,GRAND_SLAM,U21MS,1808,Qualification,MATTENET Adrien (FRA),MLADENOV Dobrin (BUL),,,3 - 0,11:8 11:2 11:4,MATTENET Adrien,2006
Serbian Open Belgrade 2006,2006-10-19,PALCEK Martin,MATTENET Adrien,SVK,FRA,3,2,"4,11,11,2,15|11,8,8,11,13",3,GRAND_SLAM,U21MS,1808,Qualification,PALCEK Martin (SVK),MATTENET Adrien (FRA),,,3 - 2,4:11 11:8 11:8 2:11 15:13,PALCEK Martin,2006
Serbian Open Belgrade 2006,2006-10-19,VANNUCCI Marco,DEVAUX Jimmy,SMR,FRA,3,0,,,GRAND_SLAM,U21MS,1808,Qualification,VANNUCCI Marco (SMR),DEVAUX Jimmy (FRA),,,0 - 3,,VANNUCCI Marco,2006
Serbian Open Belgrade 2006,2006-10-19,GOLOVANOV Stanislav,VANNUCCI Marco,BUL,SMR,3,0,"11,11,11|6,5,9",QR2,GRAND_SLAM,U21MS,1808,Qualification,GOLOVANOV Stanislav (BUL),VANNUCCI Marco (SMR),,,3 - 0,11:6 11:5 11:9,GOLOVANOV Stanislav,2006
Serbian Open Belgrade 2006,2006-10-19,GOLOVANOV Stanislav,DEVAUX Jimmy,BUL,FRA,3,0,,3,GRAND_SLAM,U21MS,1808,Qualification,GOLOVANOV Stanislav (BUL),DEVAUX Jimmy (FRA),,,3 - 0,,GOLOVANOV Stanislav,2006
Serbian Open Belgrade 2006,2006-10-19,BUBA Ondrej,SALIFOU Abdel-Kader,CZE,BEN,4,1,"11,8,11,11,11|5,11,9,8,9",,GRAND_SLAM,U21MS,1808,Qualification,BUBA Ondrej (CZE),SALIFOU Abdel-Kader (BEN),,,1 - 4,5:11 11:8 9:11 8:11 9:11,BUBA Ondrej,2006
Serbian Open Belgrade 2006,2006-10-19,CHMIEL Piotr,BUBA Ondrej,POL,CZE,4,0,"11,13,11,11|9,11,9,5",QR2,GRAND_SLAM,U21MS,1808,Qualification,CHMIEL Piotr (POL),BUBA Ondrej (CZE),,,4 - 0,11:9 13:11 11:9 11:5,CHMIEL Piotr,2006
Serbian Open Belgrade 2006,2006-10-19,CHMIEL Piotr,SALIFOU Abdel-Kader,POL,BEN,4,2,"11,10,11,11,8,11|6,12,9,9,11,8",3,GRAND_SLAM,U21MS,1808,Qualification,CHMIEL Piotr (POL),SALIFOU Abdel-Kader (BEN),,,4 - 2,11:6 10:12 11:9 11:9 8:11 11:8,CHMIEL Piotr,2006
Serbian Open Belgrade 2006,2006-10-19,KLEPRLIK Michal,MUJIC Elvis,CZE,BIH,4,1,"11,16,9,12,11|9,14,11,10,7",,GRAND_SLAM,U21MS,1808,Qualification,KLEPRLIK Michal (CZE),MUJIC Elvis (BIH),,,4 - 1,11:9 16:14 9:11 12:10 11:7,KLEPRLIK Michal,2006
Serbian Open Belgrade 2006,2006-10-19,MALICKI Szymon,KOMOV Alexander,POL,RUS,4,1,"11,11,11,11,13|9,6,8,13,11",QR2,GRAND_SLAM,U21MS,1808,Qualification,MALICKI Szymon (POL),KOMOV Alexander (RUS),,,4 - 1,11:9 11:6 11:8 11:13 13:11,MALICKI Szymon,2006
Serbian Open Belgrade 2006,2006-10-19,KLEPRLIK Michal,KOMOV Alexander,CZE,RUS,4,2,"11,8,11,11,6,11|7,11,6,7,11,3",3,GRAND_SLAM,U21MS,1808,Qualification,KLEPRLIK Michal (CZE),KOMOV Alexander (RUS),,,4 - 2,11:7 8:11 11:6 11:7 6:11 11:3,KLEPRLIK Michal,2006
Serbian Open Belgrade 2006,2006-10-19,MALICKI Szymon,MUJIC Elvis,POL,BIH,4,0,"11,11,11,11|9,6,9,2",QR4,GRAND_SLAM,U21MS,1808,Qualification,MALICKI Szymon (POL),MUJIC Elvis (BIH),,,4 - 0,11:9 11:6 11:9 11:2,MALICKI Szymon,2006
Serbian Open Belgrade 2006,2006-10-19,KOMOV Alexander,MUJIC Elvis,RUS,BIH,4,1,"8,11,11,11,11|11,7,2,1,8",5,GRAND_SLAM,U21MS,1808,Qualification,KOMOV Alexander (RUS),MUJIC Elvis (BIH),,,1 - 4,11:8 7:11 2:11 1:11 8:11,KOMOV Alexander,2006
Serbian Open Belgrade 2006,2006-10-19,KLEPRLIK Michal,MALICKI Szymon,CZE,POL,4,3,"4,11,11,11,11,5,11|11,8,8,5,13,11,8",6,GRAND_SLAM,U21MS,1808,Qualification,KLEPRLIK Michal (CZE),MALICKI Szymon (POL),,,3 - 4,11:4 8:11 8:11 5:11 13:11 11:5 8:11,KLEPRLIK Michal,2006
Serbian Open Belgrade 2006,2006-10-19,URBANEK Jan,JUSKOVIC Nikola,CZE,MNE,4,0,"13,11,11,11|11,8,7,8",,GRAND_SLAM,U21MS,1808,Qualification,URBANEK Jan (CZE),JUSKOVIC Nikola (MNE),,,4 - 0,13:11 11:8 11:7 11:8,URBANEK Jan,2006
Serbian Open Belgrade 2006,2006-10-19,LUPULESKU Lorencio,JUZBASIC Neven,SRB,CRO,3,0,,QR2,GRAND_SLAM,U21MS,1808,Qualification,LUPULESKU Lorencio (SRB),JUZBASIC Neven (CRO),,,0 - 3,,LUPULESKU Lorencio,2006
Serbian Open Belgrade 2006,2006-10-19,URBANEK Jan,LUPULESKU Lorencio,CZE,SRB,4,1,"11,12,9,11,11|5,10,11,3,7",3,GRAND_SLAM,U21MS,1808,Qualification,URBANEK Jan (CZE),LUPULESKU Lorencio (SRB),,,4 - 1,11:5 12:10 9:11 11:3 11:7,URBANEK Jan,2006
Serbian Open Belgrade 2006,2006-10-19,JUSKOVIC Nikola,JUZBASIC Neven,MNE,CRO,3,0,,QR4,GRAND_SLAM,U21MS,1808,Qualification,JUSKOVIC Nikola (MNE),JUZBASIC Neven (CRO),,,0 - 3,,JUSKOVIC Nikola,2006
Serbian Open Belgrade 2006,2006-10-19,LUPULESKU Lorencio,JUSKOVIC Nikola,SRB,MNE,4,1,"11,5,11,11,11|6,11,6,6,6",5,GRAND_SLAM,U21MS,1808,Qualification,LUPULESKU Lorencio (SRB),JUSKOVIC Nikola (MNE),,,1 - 4,6:11 11:5 6:11 6:11 6:11,LUPULESKU Lorencio,2006
Serbian Open Belgrade 2006,2006-10-19,URBANEK Jan,JUZBASIC Neven,CZE,CRO,3,0,,6,GRAND_SLAM,U21MS,1808,Qualification,URBANEK Jan (CZE),JUZBASIC Neven (CRO),,,0 - 3,,URBANEK Jan,2006
Serbian Open Belgrade 2006,2006-10-19,AXELQVIST Johan,MATTENET Adrien,SWE,FRA,4,2,"11,11,11,6,9,11|7,4,7,11,11,9",R32,GRAND_SLAM,U21MS,1808,Main Draw,AXELQVIST Johan (SWE),MATTENET Adrien (FRA),,,4 - 2,11:7 11:4 11:7 6:11 9:11 11:9,AXELQVIST Johan,2006
Serbian Open Belgrade 2006,2006-10-19,FENG Xiaoquan,PERSSON Jon,AUT,SWE,4,0,"11,11,11,11|7,5,3,8",R32,GRAND_SLAM,U21MS,1808,Main Draw,FENG Xiaoquan (AUT),PERSSON Jon (SWE),,,0 - 4,7:11 5:11 3:11 8:11,FENG Xiaoquan,2006
Serbian Open Belgrade 2006,2006-10-19,KLEPRLIK Jakub,PETO Zsolt,CZE,SRB,4,1,"7,15,11,11,14|11,13,4,5,12",R32,GRAND_SLAM,U21MS,1808,Main Draw,KLEPRLIK Jakub (CZE),PETO Zsolt (SRB),,,4 - 1,7:11 15:13 11:4 11:5 14:12,KLEPRLIK Jakub,2006
Serbian Open Belgrade 2006,2006-10-19,GRIGOREV Artur,JANCARIK Lubomir,RUS,CZE,4,1,"11,13,5,11,11|8,11,11,7,8",R32,GRAND_SLAM,U21MS,1808,Main Draw,GRIGOREV Artur (RUS),JANCARIK Lubomir (CZE),,,1 - 4,8:11 11:13 11:5 7:11 8:11,GRIGOREV Artur,2006
Serbian Open Belgrade 2006,2006-10-19,BOBOCICA Mihai,LEBESSON Emmanuel,ITA,FRA,4,3,"11,7,11,5,11,9,11|6,11,5,11,9,11,7",R32,GRAND_SLAM,U21MS,1808,Main Draw,BOBOCICA Mihai (ITA),LEBESSON Emmanuel (FRA),,,4 - 3,11:6 7:11 11:5 5:11 11:9 9:11 11:7,BOBOCICA Mihai,2006
Serbian Open Belgrade 2006,2006-10-19,BALAZ Michal,PRYSHCHEPA Ievgen,SVK,UKR,4,0,"11,13,11,11|9,11,9,8",R32,GRAND_SLAM,U21MS,1808,Main Draw,BALAZ Michal (SVK),PRYSHCHEPA Ievgen (UKR),,,4 - 0,11:9 13:11 11:9 11:8,BALAZ Michal,2006
Serbian Open Belgrade 2006,2006-10-19,YOKOYAMA Yuichi,PALCEK Martin,JPN,SVK,4,1,"11,8,11,11,11|5,11,4,6,4",R32,GRAND_SLAM,U21MS,1808,Main Draw,YOKOYAMA Yuichi (JPN),PALCEK Martin (SVK),,,4 - 1,11:5 8:11 11:4 11:6 11:4,YOKOYAMA Yuichi,2006
Serbian Open Belgrade 2006,2006-10-19,APOLONIA Tiago,KLEPRLIK Michal,POR,CZE,4,1,"11,11,12,10,11|3,9,10,12,5",R32,GRAND_SLAM,U21MS,1808,Main Draw,APOLONIA Tiago (POR),KLEPRLIK Michal (CZE),,,1 - 4,3:11 9:11 10:12 12:10 5:11,APOLONIA Tiago,2006
Serbian Open Belgrade 2006,2006-10-19,BOBILLIER Loic,ZOMBORI David,FRA,HUN,4,0,"11,11,11,11|7,8,4,5",R32,GRAND_SLAM,U21MS,1808,Main Draw,BOBILLIER Loic (FRA),ZOMBORI David (HUN),,,4 - 0,11:7 11:8 11:4 11:5,BOBILLIER Loic,2006
Serbian Open Belgrade 2006,2006-10-19,GACINA Andrej,URBANEK Jan,CRO,CZE,4,0,"11,11,12,11|1,5,10,5",R32,GRAND_SLAM,U21MS,1808,Main Draw,GACINA Andrej (CRO),URBANEK Jan (CZE),,,0 - 4,1:11 5:11 10:12 5:11,GACINA Andrej,2006
Serbian Open Belgrade 2006,2006-10-19,NAGY Krisztian,ZHMUDENKO Yaroslav,HUN,UKR,4,3,"8,16,11,11,8,8,11|11,14,9,5,11,11,5",R32,GRAND_SLAM,U21MS,1808,Main Draw,NAGY Krisztian (HUN),ZHMUDENKO Yaroslav (UKR),,,3 - 4,11:8 14:16 9:11 5:11 11:8 11:8 5:11,NAGY Krisztian,2006
Serbian Open Belgrade 2006,2006-10-19,KONECNY Tomas,MOLNAR Krisztian,CZE,HUN,4,2,"11,11,7,9,11,11|5,7,11,11,8,7",R32,GRAND_SLAM,U21MS,1808,Main Draw,KONECNY Tomas (CZE),MOLNAR Krisztian (HUN),,,2 - 4,5:11 7:11 11:7 11:9 8:11 7:11,KONECNY Tomas,2006
Serbian Open Belgrade 2006,2006-10-19,ZUBCIC Tomislav,DIDUKH Viktor,CRO,UKR,4,1,"11,11,9,11,11|6,4,11,6,7",R32,GRAND_SLAM,U21MS,1808,Main Draw,ZUBCIC Tomislav (CRO),DIDUKH Viktor (UKR),,,4 - 1,11:6 11:4 9:11 11:6 11:7,ZUBCIC Tomislav,2006
Serbian Open Belgrade 2006,2006-10-19,VOSTES Yannick,GOLOVANOV Stanislav,BEL,BUL,4,1,"11,11,10,11,12|8,6,12,9,10",R32,GRAND_SLAM,U21MS,1808,Main Draw,VOSTES Yannick (BEL),GOLOVANOV Stanislav (BUL),,,1 - 4,8:11 6:11 12:10 9:11 10:12,VOSTES Yannick,2006
Serbian Open Belgrade 2006,2006-10-19,SKACHKOV Kirill,CHMIEL Piotr,RUS,POL,4,0,"11,11,11,11|9,7,6,7",R32,GRAND_SLAM,U21MS,1808,Main Draw,SKACHKOV Kirill (RUS),CHMIEL Piotr (POL),,,4 - 0,11:9 11:7 11:6 11:7,SKACHKOV Kirill,2006
Serbian Open Belgrade 2006,2006-10-19,JAKAB Janos,CHMIEL Pawel,HUN,POL,4,1,"11,11,9,11,11|9,8,11,5,7",R32,GRAND_SLAM,U21MS,1808,Main Draw,JAKAB Janos (HUN),CHMIEL Pawel (POL),,,1 - 4,9:11 8:11 11:9 5:11 7:11,JAKAB Janos,2006
Serbian Open Belgrade 2006,2006-10-19,FENG Xiaoquan,AXELQVIST Johan,AUT,SWE,4,1,"12,5,11,12,11|10,11,8,10,5",R16,GRAND_SLAM,U21MS,1808,Main Draw,FENG Xiaoquan (AUT),AXELQVIST Johan (SWE),,,1 - 4,10:12 11:5 8:11 10:12 5:11,FENG Xiaoquan,2006
Serbian Open Belgrade 2006,2006-10-19,GRIGOREV Artur,KLEPRLIK Jakub,RUS,CZE,4,3,"11,4,12,8,11,6,11|5,11,10,11,9,11,9",R16,GRAND_SLAM,U21MS,1808,Main Draw,GRIGOREV Artur (RUS),KLEPRLIK Jakub (CZE),,,3 - 4,5:11 11:4 10:12 11:8 9:11 11:6 9:11,GRIGOREV Artur,2006
Serbian Open Belgrade 2006,2006-10-19,BOBOCICA Mihai,BALAZ Michal,ITA,SVK,4,0,"11,11,11,16|3,9,7,14",R16,GRAND_SLAM,U21MS,1808,Main Draw,BOBOCICA Mihai (ITA),BALAZ Michal (SVK),,,4 - 0,11:3 11:9 11:7 16:14,BOBOCICA Mihai,2006
Serbian Open Belgrade 2006,2006-10-19,APOLONIA Tiago,YOKOYAMA Yuichi,POR,JPN,4,1,"5,11,11,11,11|11,4,7,8,7",R16,GRAND_SLAM,U21MS,1808,Main Draw,APOLONIA Tiago (POR),YOKOYAMA Yuichi (JPN),,,1 - 4,11:5 4:11 7:11 8:11 7:11,APOLONIA Tiago,2006
Serbian Open Belgrade 2006,2006-10-19,GACINA Andrej,BOBILLIER Loic,CRO,FRA,4,2,"11,11,3,13,9,11|6,6,11,11,11,9",R16,GRAND_SLAM,U21MS,1808,Main Draw,GACINA Andrej (CRO),BOBILLIER Loic (FRA),,,2 - 4,6:11 6:11 11:3 11:13 11:9 9:11,GACINA Andrej,2006
Serbian Open Belgrade 2006,2006-10-19,KONECNY Tomas,NAGY Krisztian,CZE,HUN,4,2,"11,11,11,9,8,11|6,7,9,11,11,8",R16,GRAND_SLAM,U21MS,1808,Main Draw,KONECNY Tomas (CZE),NAGY Krisztian (HUN),,,2 - 4,6:11 7:11 9:11 11:9 11:8 8:11,KONECNY Tomas,2006
Serbian Open Belgrade 2006,2006-10-19,ZUBCIC Tomislav,VOSTES Yannick,CRO,BEL,4,1,"11,11,8,11,11|5,8,11,3,6",R16,GRAND_SLAM,U21MS,1808,Main Draw,ZUBCIC Tomislav (CRO),VOSTES Yannick (BEL),,,4 - 1,11:5 11:8 8:11 11:3 11:6,ZUBCIC Tomislav,2006
Serbian Open Belgrade 2006,2006-10-19,JAKAB Janos,SKACHKOV Kirill,HUN,RUS,4,0,"11,11,11,11|8,7,6,9",R16,GRAND_SLAM,U21MS,1808,Main Draw,JAKAB Janos (HUN),SKACHKOV Kirill (RUS),,,0 - 4,8:11 7:11 6:11 9:11,JAKAB Janos,2006
Serbian Open Belgrade 2006,2006-10-19,FENG Xiaoquan,GRIGOREV Artur,AUT,RUS,4,2,"12,11,4,11,4,11|10,4,11,7,11,5",QuarterFinal,GRAND_SLAM,U21MS,1808,Main Draw,FENG Xiaoquan (AUT),GRIGOREV Artur (RUS),,,4 - 2,12:10 11:4 4:11 11:7 4:11 11:5,FENG Xiaoquan,2006
Serbian Open Belgrade 2006,2006-10-19,BOBOCICA Mihai,APOLONIA Tiago,ITA,POR,4,2,"11,11,7,11,12,11|4,13,11,7,10,5",QuarterFinal,GRAND_SLAM,U21MS,1808,Main Draw,BOBOCICA Mihai (ITA),APOLONIA Tiago (POR),,,4 - 2,11:4 11:13 7:11 11:7 12:10 11:5,BOBOCICA Mihai,2006
Serbian Open Belgrade 2006,2006-10-19,KONECNY Tomas,GACINA Andrej,CZE,CRO,4,3,"11,11,5,4,9,11,12|9,9,11,11,11,7,10",QuarterFinal,GRAND_SLAM,U21MS,1808,Main Draw,KONECNY Tomas (CZE),GACINA Andrej (CRO),,,3 - 4,9:11 9:11 11:5 11:4 11:9 7:11 10:12,KONECNY Tomas,2006
Serbian Open Belgrade 2006,2006-10-19,JAKAB Janos,ZUBCIC Tomislav,HUN,CRO,4,0,"11,12,11,11|9,10,4,7",QuarterFinal,GRAND_SLAM,U21MS,1808,Main Draw,JAKAB Janos (HUN),ZUBCIC Tomislav (CRO),,,0 - 4,9:11 10:12 4:11 7:11,JAKAB Janos,2006
Serbian Open Belgrade 2006,2006-10-19,FENG Xiaoquan,BOBOCICA Mihai,AUT,ITA,4,2,"11,11,6,11,6,11|7,9,11,4,11,3",SemiFinal,GRAND_SLAM,U21MS,1808,Main Draw,FENG Xiaoquan (AUT),BOBOCICA Mihai (ITA),,,4 - 2,11:7 11:9 6:11 11:4 6:11 11:3,FENG Xiaoquan,2006
Serbian Open Belgrade 2006,2006-10-19,KONECNY Tomas,JAKAB Janos,CZE,HUN,4,3,"6,6,11,11,11,4,11|11,11,9,4,5,11,7",SemiFinal,GRAND_SLAM,U21MS,1808,Main Draw,KONECNY Tomas (CZE),JAKAB Janos (HUN),,,4 - 3,6:11 6:11 11:9 11:4 11:5 4:11 11:7,KONECNY Tomas,2006
Serbian Open Belgrade 2006,2006-10-19,FENG Xiaoquan,KONECNY Tomas,AUT,CZE,4,2,"11,11,11,11,10,11|13,6,4,9,12,6",Final,GRAND_SLAM,U21MS,1808,Main Draw,FENG Xiaoquan (AUT),KONECNY Tomas (CZE),,,4 - 2,11:13 11:6 11:4 11:9 10:12 11:6,FENG Xiaoquan,2006
Serbian Open Belgrade 2006,2006-10-19,VITSEK Ivan,DAVID Petr,HUN,CZE,4,3,"9,9,9,11,11,11,11|11,11,11,9,8,7,8",QR16,GRAND_SLAM,MS,1808,Qualification,VITSEK Ivan (HUN),DAVID Petr (CZE),,,4 - 3,9:11 9:11 9:11 11:9 11:8 11:7 11:8,VITSEK Ivan,2006
Serbian Open Belgrade 2006,2006-10-19,KAN Yo,JUZBASIC Ivan,JPN,CRO,4,2,"11,11,10,11,7,11|5,9,12,7,11,8",QR16,GRAND_SLAM,MS,1808,Qualification,KAN Yo (JPN),JUZBASIC Ivan (CRO),,,4 - 2,11:5 11:9 10:12 11:7 7:11 11:8,KAN Yo,2006
Serbian Open Belgrade 2006,2006-10-19,YOKOYAMA Yuichi,SKACHKOV Kirill,JPN,RUS,4,2,"6,12,11,11,12,11|11,10,13,9,10,9",QR16,GRAND_SLAM,MS,1808,Qualification,YOKOYAMA Yuichi (JPN),SKACHKOV Kirill (RUS),,,2 - 4,11:6 10:12 13:11 9:11 10:12 9:11,YOKOYAMA Yuichi,2006
Serbian Open Belgrade 2006,2006-10-19,VUKELIC Boris,ZHMUDENKO Yaroslav,SRB,UKR,4,2,"11,7,11,3,11,13|9,11,8,11,5,11",QR16,GRAND_SLAM,MS,1808,Qualification,VUKELIC Boris (SRB),ZHMUDENKO Yaroslav (UKR),,,2 - 4,9:11 11:7 8:11 11:3 5:11 11:13,VUKELIC Boris,2006
Serbian Open Belgrade 2006,2006-10-19,SEL Zolt,SIMONCIK Josef,SRB,CZE,4,3,"11,11,14,8,5,6,11|9,7,12,11,11,11,9",QR16,GRAND_SLAM,MS,1808,Qualification,SEL Zolt (SRB),SIMONCIK Josef (CZE),,,4 - 3,11:9 11:7 14:12 8:11 5:11 6:11 11:9,SEL Zolt,2006
Serbian Open Belgrade 2006,2006-10-19,LASAN Sas,KLAJIC Dragan,SLO,SRB,4,1,"11,11,6,11,11|5,9,11,8,9",QR16,GRAND_SLAM,MS,1808,Qualification,LASAN Sas (SLO),KLAJIC Dragan (SRB),,,4 - 1,11:5 11:9 6:11 11:8 11:9,LASAN Sas,2006
Serbian Open Belgrade 2006,2006-10-19,HIRANO Sayaka,GOLOTA Marta,JPN,POL,4,1,"11,9,13,11,11|8,11,11,4,3",R64,GRAND_SLAM,WS,1808,Main Draw,HIRANO Sayaka (JPN),GOLOTA Marta (POL),,,4 - 1,11:8 9:11 13:11 11:4 11:3,HIRANO Sayaka,2006
Serbian Open Belgrade 2006,2006-10-19,POHAR Martina,FADEEVA Oxana,SLO,RUS,4,1,"11,15,11,6,19|6,13,9,11,17",R64,GRAND_SLAM,WS,1808,Main Draw,POHAR Martina (SLO),FADEEVA Oxana (RUS),,,4 - 1,11:6 15:13 11:9 6:11 19:17,POHAR Martina,2006
Serbian Open Belgrade 2006,2006-10-19,NISHII Yuka,GOBEL Jessica,JPN,GER,4,2,"11,11,9,4,12,15|5,9,11,11,10,13",R64,GRAND_SLAM,WS,1808,Main Draw,NISHII Yuka (JPN),GOBEL Jessica (GER),,,2 - 4,5:11 9:11 11:9 11:4 10:12 13:15,NISHII Yuka,2006
Serbian Open Belgrade 2006,2006-10-19,POTA Georgina,PLAVSIC Gordana,HUN,SRB,4,1,"4,11,11,11,11|11,8,4,6,9",R64,GRAND_SLAM,WS,1808,Main Draw,POTA Georgina (HUN),PLAVSIC Gordana (SRB),,,1 - 4,11:4 8:11 4:11 6:11 9:11,POTA Georgina,2006
Serbian Open Belgrade 2006,2006-10-19,XIAN Yifang,NECULA Iulia,FRA,ROU,4,2,"11,6,11,11,10,14|9,11,3,5,12,12",R64,GRAND_SLAM,WS,1808,Main Draw,XIAN Yifang (FRA),NECULA Iulia (ROU),,,4 - 2,11:9 6:11 11:3 11:5 10:12 14:12,XIAN Yifang,2006
Serbian Open Belgrade 2006,2006-10-19,PHAI PANG Laurie,PASKAUSKIENE Ruta,FRA,LTU,4,0,,R64,GRAND_SLAM,WS,1808,Main Draw,PHAI PANG Laurie (FRA),PASKAUSKIENE Ruta (LTU),,,4 - 0,,PHAI PANG Laurie,2006
Serbian Open Belgrade 2006,2006-10-19,ONO Shiho,VACENOVSKA Iveta,JPN,CZE,4,3,"7,11,7,16,6,11,11|11,7,11,14,11,6,6",R64,GRAND_SLAM,WS,1808,Main Draw,ONO Shiho (JPN),VACENOVSKA Iveta (CZE),,,3 - 4,11:7 7:11 11:7 14:16 11:6 6:11 6:11,ONO Shiho,2006
Serbian Open Belgrade 2006,2006-10-19,HIURA Reiko,MISIKONYTE Lina,JPN,LTU,4,2,"9,11,12,13,11,11|11,8,10,11,13,2",R64,GRAND_SLAM,WS,1808,Main Draw,HIURA Reiko (JPN),MISIKONYTE Lina (LTU),,,2 - 4,11:9 8:11 10:12 11:13 13:11 2:11,HIURA Reiko,2006
Serbian Open Belgrade 2006,2006-10-19,FUJINUMA Ai,OPDENCAMP Karen,JPN,BEL,4,0,"11,12,13,11|7,10,11,6",R64,GRAND_SLAM,WS,1808,Main Draw,FUJINUMA Ai (JPN),OPDENCAMP Karen (BEL),,,4 - 0,11:7 12:10 13:11 11:6,FUJINUMA Ai,2006
Serbian Open Belgrade 2006,2006-10-19,ERDELJI Anamaria,PIETKIEWICZ Monika,SRB,POL,4,1,"11,11,10,11,14|4,3,12,9,12",R64,GRAND_SLAM,WS,1808,Main Draw,ERDELJI Anamaria (SRB),PIETKIEWICZ Monika (POL),,,1 - 4,4:11 3:11 12:10 9:11 12:14,ERDELJI Anamaria,2006
Serbian Open Belgrade 2006,2006-10-19,GRUNDISCH Carole,SMISTIKOVA Martina,FRA,CZE,4,0,"11,11,11,11|9,3,6,6",R64,GRAND_SLAM,WS,1808,Main Draw,GRUNDISCH Carole (FRA),SMISTIKOVA Martina (CZE),,,4 - 0,11:9 11:3 11:6 11:6,GRUNDISCH Carole,2006
Serbian Open Belgrade 2006,2006-10-19,TASEI Mikie,SOLJA Amelie,JPN,AUT,4,2,"7,11,11,8,11,11|11,7,7,11,3,4",R64,GRAND_SLAM,WS,1808,Main Draw,TASEI Mikie (JPN),SOLJA Amelie (AUT),,,2 - 4,11:7 7:11 7:11 11:8 3:11 4:11,TASEI Mikie,2006
Serbian Open Belgrade 2006,2006-10-19,ZHANG Mo,MOLNAR Cornelia,CAN,CRO,4,0,"11,11,11,11|4,7,6,8",R64,GRAND_SLAM,WS,1808,Main Draw,ZHANG Mo (CAN),MOLNAR Cornelia (CRO),,,0 - 4,4:11 7:11 6:11 8:11,ZHANG Mo,2006
Serbian Open Belgrade 2006,2006-10-19,VORONOVA Anastasia,KRAVCHENKO Marina,RUS,ISR,4,3,"7,11,4,7,11,11,11|11,6,11,11,9,7,9",R64,GRAND_SLAM,WS,1808,Main Draw,VORONOVA Anastasia (RUS),KRAVCHENKO Marina (ISR),,,4 - 3,7:11 11:6 4:11 7:11 11:9 11:7 11:9,VORONOVA Anastasia,2006
Serbian Open Belgrade 2006,2006-10-19,TODOROVIC Biljana,FEHER Gabriela,SLO,SRB,4,2,"5,11,11,7,11,11|11,8,3,11,8,6",R64,GRAND_SLAM,WS,1808,Main Draw,TODOROVIC Biljana (SLO),FEHER Gabriela (SRB),,,2 - 4,11:5 8:11 3:11 11:7 8:11 6:11,TODOROVIC Biljana,2006
Serbian Open Belgrade 2006,2006-10-19,STEFANOVA Nikoleta,KREKINA Svetlana,ITA,RUS,4,0,"11,11,11,11|8,5,3,8",R64,GRAND_SLAM,WS,1808,Main Draw,STEFANOVA Nikoleta (ITA),KREKINA Svetlana (RUS),,,0 - 4,8:11 5:11 3:11 8:11,STEFANOVA Nikoleta,2006
Serbian Open Belgrade 2006,2006-10-19,WU Jiaduo,PERGEL Szandra,GER,HUN,4,0,"11,11,11,11|6,2,5,7",R64,GRAND_SLAM,WS,1808,Main Draw,WU Jiaduo (GER),PERGEL Szandra (HUN),,,4 - 0,11:6 11:2 11:5 11:7,WU Jiaduo,2006
Serbian Open Belgrade 2006,2006-10-19,NEGRISOLI Laura,LONG Judy (Zhu),ITA,CAN,4,1,"11,11,11,8,11|9,4,3,11,8",R64,GRAND_SLAM,WS,1808,Main Draw,NEGRISOLI Laura (ITA),LONG Judy (Zhu) (CAN),,,1 - 4,9:11 4:11 3:11 11:8 8:11,NEGRISOLI Laura,2006
Serbian Open Belgrade 2006,2006-10-19,LOVAS Petra,BARTOSOVA Hana,HUN,CZE,4,3,"11,12,6,11,5,8,11|5,10,11,7,11,11,6",R64,GRAND_SLAM,WS,1808,Main Draw,LOVAS Petra (HUN),BARTOSOVA Hana (CZE),,,4 - 3,11:5 12:10 6:11 11:7 5:11 8:11 11:6,LOVAS Petra,2006
Serbian Open Belgrade 2006,2006-10-19,FUJII Hiroko,LI Bin,JPN,HUN,4,2,"11,7,7,11,11,13|7,11,11,3,4,11",R64,GRAND_SLAM,WS,1808,Main Draw,FUJII Hiroko (JPN),LI Bin (HUN),,,2 - 4,7:11 11:7 11:7 3:11 4:11 11:13,FUJII Hiroko,2006
Serbian Open Belgrade 2006,2006-10-19,LI Xue,LANG Kristin,FRA,GER,4,0,"11,11,11,12|9,6,4,10",R64,GRAND_SLAM,WS,1808,Main Draw,LI Xue (FRA),LANG Kristin (GER),,,0 - 4,9:11 6:11 4:11 10:12,LI Xue,2006
Serbian Open Belgrade 2006,2006-10-19,KOTIKHINA Irina,JONSSON Carina,RUS,SWE,4,1,"11,13,11,11,11|13,11,6,7,2",R64,GRAND_SLAM,WS,1808,Main Draw,KOTIKHINA Irina (RUS),JONSSON Carina (SWE),,,1 - 4,13:11 11:13 6:11 7:11 2:11,KOTIKHINA Irina,2006
Serbian Open Belgrade 2006,2006-10-19,BRAUN Eva,PAOVIC Sandra,HUN,CRO,4,2,"11,12,9,14,6,11|3,10,11,12,11,6",R64,GRAND_SLAM,WS,1808,Main Draw,BRAUN Eva (HUN),PAOVIC Sandra (CRO),,,2 - 4,3:11 10:12 11:9 12:14 11:6 6:11,BRAUN Eva,2006
Serbian Open Belgrade 2006,2006-10-19,FUKUOKA Haruna,CSERNYIK Ildiko,JPN,HUN,4,0,"11,11,11,11|4,0,3,3",R64,GRAND_SLAM,WS,1808,Main Draw,FUKUOKA Haruna (JPN),CSERNYIK Ildiko (HUN),,,0 - 4,4:11 0:11 3:11 3:11,FUKUOKA Haruna,2006
Serbian Open Belgrade 2006,2006-10-19,TKACHOVA Tetyana,SCHALL Elke,UKR,GER,4,2,"11,11,9,13,7,11|2,7,11,11,11,9",R64,GRAND_SLAM,WS,1808,Main Draw,TKACHOVA Tetyana (UKR),SCHALL Elke (GER),,,2 - 4,2:11 7:11 11:9 11:13 11:7 9:11,TKACHOVA Tetyana,2006
Serbian Open Belgrade 2006,2006-10-19,SAMARA Elizabeta,ROBERTSON Laura,ROU,GER,4,2,"3,11,11,13,11,11|11,3,7,11,13,4",R64,GRAND_SLAM,WS,1808,Main Draw,SAMARA Elizabeta (ROU),ROBERTSON Laura (GER),,,4 - 2,3:11 11:3 11:7 13:11 11:13 11:4,SAMARA Elizabeta,2006
Serbian Open Belgrade 2006,2006-10-19,KRAMER Tanja,EKHOLM Matilda,GER,SWE,4,0,"12,11,11,11|10,7,6,6",R64,GRAND_SLAM,WS,1808,Main Draw,KRAMER Tanja (GER),EKHOLM Matilda (SWE),,,4 - 0,12:10 11:7 11:6 11:6,KRAMER Tanja,2006
Serbian Open Belgrade 2006,2006-10-19,KONISHI An,PARTYKA Natalia,JPN,POL,4,1,"11,11,12,8,11|4,7,10,11,9",R64,GRAND_SLAM,WS,1808,Main Draw,KONISHI An (JPN),PARTYKA Natalia (POL),,,1 - 4,4:11 7:11 10:12 11:8 9:11,KONISHI An,2006
Serbian Open Belgrade 2006,2006-10-19,BADESCU Otilia,GAJIC Jelena,ROU,SRB,4,1,"11,11,9,11,11|6,7,11,7,9",R64,GRAND_SLAM,WS,1808,Main Draw,BADESCU Otilia (ROU),GAJIC Jelena (SRB),,,4 - 1,11:6 11:7 9:11 11:7 11:9,BADESCU Otilia,2006
Serbian Open Belgrade 2006,2006-10-19,WANG Yu (YOB=1981),BILENKO Tetyana,ITA,UKR,4,1,"14,11,11,4,11|12,6,7,11,7",R64,GRAND_SLAM,WS,1808,Main Draw,WANG Yu (YOB=1981) (ITA),BILENKO Tetyana (UKR),,,4 - 1,14:12 11:6 11:7 4:11 11:7,WANG Yu (YOB=1981),2006
Serbian Open Belgrade 2006,2006-10-19,DODEAN Daniela,PENKAVOVA Katerina,ROU,CZE,4,1,"11,11,11,8,11|9,6,6,11,4",R64,GRAND_SLAM,WS,1808,Main Draw,DODEAN Daniela (ROU),PENKAVOVA Katerina (CZE),,,4 - 1,11:9 11:6 11:6 8:11 11:4,DODEAN Daniela,2006
Serbian Open Belgrade 2006,2006-10-19,TAN Wenling,DRAGOLJEVIC Sladjana,ITA,SRB,4,0,"11,11,11,11|5,9,8,4",R64,GRAND_SLAM,WS,1808,Main Draw,TAN Wenling (ITA),DRAGOLJEVIC Sladjana (SRB),,,0 - 4,5:11 9:11 8:11 4:11,TAN Wenling,2006
Serbian Open Belgrade 2006,2006-10-19,HIRANO Sayaka,POHAR Martina,JPN,SLO,4,0,"11,11,12,11|7,3,10,4",R32,GRAND_SLAM,WS,1808,Main Draw,HIRANO Sayaka (JPN),POHAR Martina (SLO),,,4 - 0,11:7 11:3 12:10 11:4,HIRANO Sayaka,2006
Serbian Open Belgrade 2006,2006-10-19,POTA Georgina,NISHII Yuka,HUN,JPN,4,2,"9,11,11,7,11,11|11,9,6,11,9,4",R32,GRAND_SLAM,WS,1808,Main Draw,POTA Georgina (HUN),NISHII Yuka (JPN),,,2 - 4,11:9 9:11 6:11 11:7 9:11 4:11,POTA Georgina,2006
Serbian Open Belgrade 2006,2006-10-19,XIAN Yifang,PHAI PANG Laurie,FRA,FRA,4,1,"12,9,11,11,11|6,11,5,8,7",R32,GRAND_SLAM,WS,1808,Main Draw,XIAN Yifang (FRA),PHAI PANG Laurie (FRA),,,4 - 1,12:6 9:11 11:5 11:8 11:7,XIAN Yifang,2006
Serbian Open Belgrade 2006,2006-10-19,HIURA Reiko,ONO Shiho,JPN,JPN,4,1,"11,11,5,11,11|8,7,11,6,3",R32,GRAND_SLAM,WS,1808,Main Draw,HIURA Reiko (JPN),ONO Shiho (JPN),,,1 - 4,8:11 7:11 11:5 6:11 3:11,HIURA Reiko,2006
Serbian Open Belgrade 2006,2006-10-19,ERDELJI Anamaria,FUJINUMA Ai,SRB,JPN,4,3,"6,6,11,7,14,11,11|11,11,9,11,12,8,6",R32,GRAND_SLAM,WS,1808,Main Draw,ERDELJI Anamaria (SRB),FUJINUMA Ai (JPN),,,3 - 4,11:6 11:6 9:11 11:7 12:14 8:11 6:11,ERDELJI Anamaria,2006
Serbian Open Belgrade 2006,2006-10-19,GRUNDISCH Carole,TASEI Mikie,FRA,JPN,4,2,"11,12,12,10,7,11|8,10,10,12,11,8",R32,GRAND_SLAM,WS,1808,Main Draw,GRUNDISCH Carole (FRA),TASEI Mikie (JPN),,,4 - 2,11:8 12:10 12:10 10:12 7:11 11:8,GRUNDISCH Carole,2006
Serbian Open Belgrade 2006,2006-10-19,ZHANG Mo,VORONOVA Anastasia,CAN,RUS,4,1,"11,4,11,11,11|3,11,7,8,7",R32,GRAND_SLAM,WS,1808,Main Draw,ZHANG Mo (CAN),VORONOVA Anastasia (RUS),,,4 - 1,11:3 4:11 11:7 11:8 11:7,ZHANG Mo,2006
Serbian Open Belgrade 2006,2006-10-19,STEFANOVA Nikoleta,TODOROVIC Biljana,ITA,SLO,4,0,"11,11,11,11|7,3,8,5",R32,GRAND_SLAM,WS,1808,Main Draw,STEFANOVA Nikoleta (ITA),TODOROVIC Biljana (SLO),,,0 - 4,7:11 3:11 8:11 5:11,STEFANOVA Nikoleta,2006
Serbian Open Belgrade 2006,2006-10-19,WU Jiaduo,NEGRISOLI Laura,GER,ITA,4,0,"12,11,11,11|10,6,9,5",R32,GRAND_SLAM,WS,1808,Main Draw,WU Jiaduo (GER),NEGRISOLI Laura (ITA),,,4 - 0,12:10 11:6 11:9 11:5,WU Jiaduo,2006
Serbian Open Belgrade 2006,2006-10-19,FUJII Hiroko,LOVAS Petra,JPN,HUN,4,0,"11,11,11,11|5,9,9,5",R32,GRAND_SLAM,WS,1808,Main Draw,FUJII Hiroko (JPN),LOVAS Petra (HUN),,,0 - 4,5:11 9:11 9:11 5:11,FUJII Hiroko,2006
Serbian Open Belgrade 2006,2006-10-19,LI Xue,KOTIKHINA Irina,FRA,RUS,4,2,"11,9,11,9,11,11|8,11,6,11,6,8",R32,GRAND_SLAM,WS,1808,Main Draw,LI Xue (FRA),KOTIKHINA Irina (RUS),,,4 - 2,11:8 9:11 11:6 9:11 11:6 11:8,LI Xue,2006
Serbian Open Belgrade 2006,2006-10-19,FUKUOKA Haruna,BRAUN Eva,JPN,HUN,4,2,"11,11,11,8,3,11|5,6,9,11,11,6",R32,GRAND_SLAM,WS,1808,Main Draw,FUKUOKA Haruna (JPN),BRAUN Eva (HUN),,,2 - 4,5:11 6:11 9:11 11:8 11:3 6:11,FUKUOKA Haruna,2006
Serbian Open Belgrade 2006,2006-10-19,SAMARA Elizabeta,TKACHOVA Tetyana,ROU,UKR,4,0,"15,11,11,15|13,7,8,13",R32,GRAND_SLAM,WS,1808,Main Draw,SAMARA Elizabeta (ROU),TKACHOVA Tetyana (UKR),,,0 - 4,13:15 7:11 8:11 13:15,SAMARA Elizabeta,2006
Serbian Open Belgrade 2006,2006-10-19,KONISHI An,KRAMER Tanja,JPN,GER,4,0,"11,11,11,11|5,5,7,8",R32,GRAND_SLAM,WS,1808,Main Draw,KONISHI An (JPN),KRAMER Tanja (GER),,,0 - 4,5:11 5:11 7:11 8:11,KONISHI An,2006
Serbian Open Belgrade 2006,2006-10-19,BADESCU Otilia,WANG Yu (YOB=1981),ROU,ITA,4,2,"11,7,18,13,7,11|0,11,16,11,11,8",R32,GRAND_SLAM,WS,1808,Main Draw,BADESCU Otilia (ROU),WANG Yu (YOB=1981) (ITA),,,4 - 2,11:0 7:11 18:16 13:11 7:11 11:8,BADESCU Otilia,2006
Serbian Open Belgrade 2006,2006-10-19,TAN Wenling,DODEAN Daniela,ITA,ROU,4,3,"11,10,11,7,8,11,11|9,12,5,11,11,4,6",R32,GRAND_SLAM,WS,1808,Main Draw,TAN Wenling (ITA),DODEAN Daniela (ROU),,,3 - 4,9:11 12:10 5:11 11:7 11:8 4:11 6:11,TAN Wenling,2006
Serbian Open Belgrade 2006,2006-10-19,HIRANO Sayaka,POTA Georgina,JPN,HUN,4,1,"12,7,11,11,11|10,11,6,5,8",R16,GRAND_SLAM,WS,1808,Main Draw,HIRANO Sayaka (JPN),POTA Georgina (HUN),,,4 - 1,12:10 7:11 11:6 11:5 11:8,HIRANO Sayaka,2006
Serbian Open Belgrade 2006,2006-10-19,HIURA Reiko,XIAN Yifang,JPN,FRA,4,0,"11,11,12,11|3,9,10,7",R16,GRAND_SLAM,WS,1808,Main Draw,HIURA Reiko (JPN),XIAN Yifang (FRA),,,0 - 4,3:11 9:11 10:12 7:11,HIURA Reiko,2006
Serbian Open Belgrade 2006,2006-10-19,GRUNDISCH Carole,ERDELJI Anamaria,FRA,SRB,4,3,"11,11,9,15,9,9,11|9,4,11,13,11,11,8",R16,GRAND_SLAM,WS,1808,Main Draw,GRUNDISCH Carole (FRA),ERDELJI Anamaria (SRB),,,3 - 4,9:11 4:11 11:9 13:15 11:9 11:9 8:11,GRUNDISCH Carole,2006
Serbian Open Belgrade 2006,2006-10-19,STEFANOVA Nikoleta,ZHANG Mo,ITA,CAN,4,0,"11,11,11,11|3,7,8,8",R16,GRAND_SLAM,WS,1808,Main Draw,STEFANOVA Nikoleta (ITA),ZHANG Mo (CAN),,,0 - 4,3:11 7:11 8:11 8:11,STEFANOVA Nikoleta,2006
Serbian Open Belgrade 2006,2006-10-19,WU Jiaduo,FUJII Hiroko,GER,JPN,4,3,"6,11,11,11,7,14,11|11,5,6,6,11,16,6",R16,GRAND_SLAM,WS,1808,Main Draw,WU Jiaduo (GER),FUJII Hiroko (JPN),,,4 - 3,6:11 11:5 11:6 11:6 7:11 14:16 11:6,WU Jiaduo,2006
Serbian Open Belgrade 2006,2006-10-19,LI Xue,FUKUOKA Haruna,FRA,JPN,4,2,"3,11,7,11,11,11|11,6,11,9,4,7",R16,GRAND_SLAM,WS,1808,Main Draw,LI Xue (FRA),FUKUOKA Haruna (JPN),,,4 - 2,3:11 11:6 7:11 11:9 11:4 11:7,LI Xue,2006
Serbian Open Belgrade 2006,2006-10-19,SAMARA Elizabeta,KONISHI An,ROU,JPN,4,2,"11,8,7,11,11,11|8,11,11,5,7,7",R16,GRAND_SLAM,WS,1808,Main Draw,SAMARA Elizabeta (ROU),KONISHI An (JPN),,,4 - 2,11:8 8:11 7:11 11:5 11:7 11:7,SAMARA Elizabeta,2006
Serbian Open Belgrade 2006,2006-10-19,TAN Wenling,BADESCU Otilia,ITA,ROU,4,2,"11,9,11,9,11,11|8,11,7,11,7,9",R16,GRAND_SLAM,WS,1808,Main Draw,TAN Wenling (ITA),BADESCU Otilia (ROU),,,2 - 4,8:11 11:9 7:11 11:9 7:11 9:11,TAN Wenling,2006
Serbian Open Belgrade 2006,2006-10-19,HIRANO Sayaka,HIURA Reiko,JPN,JPN,4,2,"11,7,11,13,7,11|9,11,4,11,11,3",QuarterFinal,GRAND_SLAM,WS,1808,Main Draw,HIRANO Sayaka (JPN),HIURA Reiko (JPN),,,4 - 2,11:9 7:11 11:4 13:11 7:11 11:3,HIRANO Sayaka,2006
Serbian Open Belgrade 2006,2006-10-19,STEFANOVA Nikoleta,GRUNDISCH Carole,ITA,FRA,4,1,"11,10,11,11,11|9,12,7,8,6",QuarterFinal,GRAND_SLAM,WS,1808,Main Draw,STEFANOVA Nikoleta (ITA),GRUNDISCH Carole (FRA),,,1 - 4,9:11 12:10 7:11 8:11 6:11,STEFANOVA Nikoleta,2006
Serbian Open Belgrade 2006,2006-10-19,WU Jiaduo,LI Xue,GER,FRA,4,3,"11,11,8,10,11,9,11|7,8,11,12,8,11,7",QuarterFinal,GRAND_SLAM,WS,1808,Main Draw,WU Jiaduo (GER),LI Xue (FRA),,,4 - 3,11:7 11:8 8:11 10:12 11:8 9:11 11:7,WU Jiaduo,2006
Serbian Open Belgrade 2006,2006-10-19,TAN Wenling,SAMARA Elizabeta,ITA,ROU,4,3,"11,5,8,11,13,12,11|5,11,11,6,15,10,6",QuarterFinal,GRAND_SLAM,WS,1808,Main Draw,TAN Wenling (ITA),SAMARA Elizabeta (ROU),,,3 - 4,5:11 11:5 11:8 6:11 15:13 10:12 6:11,TAN Wenling,2006
Serbian Open Belgrade 2006,2006-10-19,HIRANO Sayaka,STEFANOVA Nikoleta,JPN,ITA,4,2,"11,12,13,3,9,11|8,10,11,11,11,3",SemiFinal,GRAND_SLAM,WS,1808,Main Draw,HIRANO Sayaka (JPN),STEFANOVA Nikoleta (ITA),,,4 - 2,11:8 12:10 13:11 3:11 9:11 11:3,HIRANO Sayaka,2006
Serbian Open Belgrade 2006,2006-10-19,TAN Wenling,WU Jiaduo,ITA,GER,4,2,"11,11,11,9,6,11|7,5,4,11,11,7",SemiFinal,GRAND_SLAM,WS,1808,Main Draw,TAN Wenling (ITA),WU Jiaduo (GER),,,2 - 4,7:11 5:11 4:11 11:9 11:6 7:11,TAN Wenling,2006
Serbian Open Belgrade 2006,2006-10-19,HIRANO Sayaka,TAN Wenling,JPN,ITA,4,3,"12,11,9,11,9,6,11|10,7,11,9,11,11,7",Final,GRAND_SLAM,WS,1808,Main Draw,HIRANO Sayaka (JPN),TAN Wenling (ITA),,,4 - 3,12:10 11:7 9:11 11:9 9:11 6:11 11:7,HIRANO Sayaka,2006
Serbian Open Belgrade 2006,2006-10-19,TKACHOVA Tetyana,JUHASZ Mariann,UKR,HUN,4,3,"6,10,11,7,15,14,11|11,12,5,11,13,12,8",,GRAND_SLAM,WS,1808,Qualification,TKACHOVA Tetyana (UKR),JUHASZ Mariann (HUN),,,3 - 4,11:6 12:10 5:11 11:7 13:15 12:14 8:11,TKACHOVA Tetyana,2006
Serbian Open Belgrade 2006,2006-10-19,POHAR Martina,TKACHOVA Tetyana,SLO,UKR,4,2,"3,11,11,7,11,11|11,6,4,11,5,4",QR2,GRAND_SLAM,WS,1808,Qualification,POHAR Martina (SLO),TKACHOVA Tetyana (UKR),,,4 - 2,3:11 11:6 11:4 7:11 11:5 11:4,POHAR Martina,2006
Serbian Open Belgrade 2006,2006-10-19,POHAR Martina,JUHASZ Mariann,SLO,HUN,4,1,"6,13,11,11,11|11,11,7,8,4",3,GRAND_SLAM,WS,1808,Qualification,POHAR Martina (SLO),JUHASZ Mariann (HUN),,,4 - 1,6:11 13:11 11:7 11:8 11:4,POHAR Martina,2006
Serbian Open Belgrade 2006,2006-10-19,KOKAI Agnes,BAK Natalia,HUN,POL,4,3,"11,11,9,6,8,11,11|7,9,11,11,11,5,9",,GRAND_SLAM,WS,1808,Qualification,KOKAI Agnes (HUN),BAK Natalia (POL),,,3 - 4,7:11 9:11 11:9 11:6 11:8 5:11 9:11,KOKAI Agnes,2006
Serbian Open Belgrade 2006,2006-10-19,EKHOLM Matilda,KOKAI Agnes,SWE,HUN,4,0,"11,13,11,11|8,11,5,3",QR2,GRAND_SLAM,WS,1808,Qualification,EKHOLM Matilda (SWE),KOKAI Agnes (HUN),,,4 - 0,11:8 13:11 11:5 11:3,EKHOLM Matilda,2006
Serbian Open Belgrade 2006,2006-10-19,EKHOLM Matilda,BAK Natalia,SWE,POL,4,0,"11,11,11,11|5,8,8,9",3,GRAND_SLAM,WS,1808,Qualification,EKHOLM Matilda (SWE),BAK Natalia (POL),,,4 - 0,11:5 11:8 11:8 11:9,EKHOLM Matilda,2006
Serbian Open Belgrade 2006,2006-10-19,MATZKE Laura,TOMAZINI Jana,GER,SLO,4,1,"5,11,11,11,11|11,6,3,9,9",,GRAND_SLAM,WS,1808,Qualification,MATZKE Laura (GER),TOMAZINI Jana (SLO),,,1 - 4,11:5 6:11 3:11 9:11 9:11,MATZKE Laura,2006
Serbian Open Belgrade 2006,2006-10-19,SAMARA Elizabeta,MATZKE Laura,ROU,GER,4,0,"11,11,11,13|7,8,7,11",QR2,GRAND_SLAM,WS,1808,Qualification,SAMARA Elizabeta (ROU),MATZKE Laura (GER),,,4 - 0,11:7 11:8 11:7 13:11,SAMARA Elizabeta,2006
Serbian Open Belgrade 2006,2006-10-19,SAMARA Elizabeta,TOMAZINI Jana,ROU,SLO,4,0,"11,11,11,11|6,9,4,8",3,GRAND_SLAM,WS,1808,Qualification,SAMARA Elizabeta (ROU),TOMAZINI Jana (SLO),,,4 - 0,11:6 11:9 11:4 11:8,SAMARA Elizabeta,2006
Serbian Open Belgrade 2006,2006-10-19,WERSALL Caroline,PETERMAN-VARGA Timea,SWE,HUN,4,3,"11,11,5,11,7,4,15|8,7,11,7,11,11,13",,GRAND_SLAM,WS,1808,Qualification,WERSALL Caroline (SWE),PETERMAN-VARGA Timea (HUN),,,4 - 3,11:8 11:7 5:11 11:7 7:11 4:11 15:13,WERSALL Caroline,2006
Serbian Open Belgrade 2006,2006-10-19,LI Xue,PETERMAN-VARGA Timea,FRA,HUN,4,1,"11,11,6,11,11|5,4,11,1,2",QR2,GRAND_SLAM,WS,1808,Qualification,LI Xue (FRA),PETERMAN-VARGA Timea (HUN),,,4 - 1,11:5 11:4 6:11 11:1 11:2,LI Xue,2006
Serbian Open Belgrade 2006,2006-10-19,LI Xue,WERSALL Caroline,FRA,SWE,4,2,"9,11,10,11,11,11|11,9,12,2,1,3",3,GRAND_SLAM,WS,1808,Qualification,LI Xue (FRA),WERSALL Caroline (SWE),,,4 - 2,9:11 11:9 10:12 11:2 11:1 11:3,LI Xue,2006
Serbian Open Belgrade 2006,2006-10-19,TAPAI Timea,COULIBALY Dieniouma,SRB,FRA,4,3,"11,11,8,11,8,5,11|9,7,11,5,11,11,5",,GRAND_SLAM,WS,1808,Qualification,TAPAI Timea (SRB),COULIBALY Dieniouma (FRA),,,4 - 3,11:9 11:7 8:11 11:5 8:11 5:11 11:5,TAPAI Timea,2006
Serbian Open Belgrade 2006,2006-10-19,WANG Yu (YOB=1981),COULIBALY Dieniouma,ITA,FRA,4,3,"11,11,12,9,8,8,11|9,6,10,11,11,11,5",QR2,GRAND_SLAM,WS,1808,Qualification,WANG Yu (YOB=1981) (ITA),COULIBALY Dieniouma (FRA),,,4 - 3,11:9 11:6 12:10 9:11 8:11 8:11 11:5,WANG Yu (YOB=1981),2006
Serbian Open Belgrade 2006,2006-10-19,WANG Yu (YOB=1981),TAPAI Timea,ITA,SRB,4,0,"11,11,11,11|5,2,5,6",3,GRAND_SLAM,WS,1808,Qualification,WANG Yu (YOB=1981) (ITA),TAPAI Timea (SRB),,,4 - 0,11:5 11:2 11:5 11:6,WANG Yu (YOB=1981),2006
Serbian Open Belgrade 2006,2006-10-19,VUGRINEC Suncica,VASILJEVIC Suzana,CRO,SRB,4,1,"11,11,3,11,23|8,5,11,8,21",,GRAND_SLAM,WS,1808,Qualification,VUGRINEC Suncica (CRO),VASILJEVIC Suzana (SRB),,,4 - 1,11:8 11:5 3:11 11:8 23:21,VUGRINEC Suncica,2006
Serbian Open Belgrade 2006,2006-10-19,ZHANG Mo,VASILJEVIC Suzana,CAN,SRB,4,0,"11,11,11,12|8,5,7,10",QR2,GRAND_SLAM,WS,1808,Qualification,ZHANG Mo (CAN),VASILJEVIC Suzana (SRB),,,4 - 0,11:8 11:5 11:7 12:10,ZHANG Mo,2006
Serbian Open Belgrade 2006,2006-10-19,ZHANG Mo,VUGRINEC Suncica,CAN,CRO,4,0,"11,11,11,11|9,3,5,9",3,GRAND_SLAM,WS,1808,Qualification,ZHANG Mo (CAN),VUGRINEC Suncica (CRO),,,4 - 0,11:9 11:3 11:5 11:9,ZHANG Mo,2006
Serbian Open Belgrade 2006,2006-10-19,BARTOSOVA Hana,HAPONOVA Hanna,CZE,UKR,4,3,"11,4,11,9,12,5,11|7,11,5,11,10,11,4",,GRAND_SLAM,WS,1808,Qualification,BARTOSOVA Hana (CZE),HAPONOVA Hanna (UKR),,,3 - 4,7:11 11:4 5:11 11:9 10:12 11:5 4:11,BARTOSOVA Hana,2006
Serbian Open Belgrade 2006,2006-10-19,BARTOSOVA Hana,KREKINA Svetlana,CZE,RUS,4,2,"6,13,11,6,11,11|11,11,9,11,6,1",QR2,GRAND_SLAM,WS,1808,Qualification,BARTOSOVA Hana (CZE),KREKINA Svetlana (RUS),,,2 - 4,11:6 11:13 9:11 11:6 6:11 1:11,BARTOSOVA Hana,2006
Serbian Open Belgrade 2006,2006-10-19,KREKINA Svetlana,HAPONOVA Hanna,RUS,UKR,4,0,"11,11,11,11|5,8,3,9",3,GRAND_SLAM,WS,1808,Qualification,KREKINA Svetlana (RUS),HAPONOVA Hanna (UKR),,,4 - 0,11:5 11:8 11:3 11:9,KREKINA Svetlana,2006
Serbian Open Belgrade 2006,2006-10-19,TAPAI Eva,PROLE Majda,SRB,BIH,4,1,"11,11,11,9,12|4,7,7,11,10",,GRAND_SLAM,WS,1808,Qualification,TAPAI Eva (SRB),PROLE Majda (BIH),,,4 - 1,11:4 11:7 11:7 9:11 12:10,TAPAI Eva,2006
Serbian Open Belgrade 2006,2006-10-19,ONO Shiho,PROLE Majda,JPN,BIH,4,1,"11,6,11,11,11|4,11,3,9,4",QR2,GRAND_SLAM,WS,1808,Qualification,ONO Shiho (JPN),PROLE Majda (BIH),,,4 - 1,11:4 6:11 11:3 11:9 11:4,ONO Shiho,2006
Serbian Open Belgrade 2006,2006-10-19,ONO Shiho,TAPAI Eva,JPN,SRB,4,1,"11,11,11,14,11|5,6,8,16,9",3,GRAND_SLAM,WS,1808,Qualification,ONO Shiho (JPN),TAPAI Eva (SRB),,,4 - 1,11:5 11:6 11:8 14:16 11:9,ONO Shiho,2006
Serbian Open Belgrade 2006,2006-10-19,GOLOTA Marta,SIVEC Sashka,POL,SLO,4,0,"11,11,12,11|9,6,10,4",,GRAND_SLAM,WS,1808,Qualification,GOLOTA Marta (POL),SIVEC Sashka (SLO),,,4 - 0,11:9 11:6 12:10 11:4,GOLOTA Marta,2006
Serbian Open Belgrade 2006,2006-10-19,PLAVSIC Gordana,SIVEC Sashka,SRB,SLO,4,1,"12,11,9,15,16|10,7,11,13,14",QR2,GRAND_SLAM,WS,1808,Qualification,PLAVSIC Gordana (SRB),SIVEC Sashka (SLO),,,4 - 1,12:10 11:7 9:11 15:13 16:14,PLAVSIC Gordana,2006
Serbian Open Belgrade 2006,2006-10-19,PLAVSIC Gordana,GOLOTA Marta,SRB,POL,4,0,"11,11,12,11|8,9,10,9",3,GRAND_SLAM,WS,1808,Qualification,PLAVSIC Gordana (SRB),GOLOTA Marta (POL),,,4 - 0,11:8 11:9 12:10 11:9,PLAVSIC Gordana,2006
Serbian Open Belgrade 2006,2006-10-19,GAJIC Jelena,CAMPBELL Peri,SRB,AUS,4,2,"16,9,11,11,9,12|14,11,7,6,11,10",,GRAND_SLAM,WS,1808,Qualification,GAJIC Jelena (SRB),CAMPBELL Peri (AUS),,,4 - 2,16:14 9:11 11:7 11:6 9:11 12:10,GAJIC Jelena,2006
Serbian Open Belgrade 2006,2006-10-19,KERTAI Rita,CAMPBELL Peri,HUN,AUS,4,3,"14,11,11,8,7,8,11|12,7,8,11,11,11,8",QR2,GRAND_SLAM,WS,1808,Qualification,KERTAI Rita (HUN),CAMPBELL Peri (AUS),,,4 - 3,14:12 11:7 11:8 8:11 7:11 8:11 11:8,KERTAI Rita,2006
Serbian Open Belgrade 2006,2006-10-19,GAJIC Jelena,KERTAI Rita,SRB,HUN,4,2,"11,8,8,11,11,11|9,11,11,3,3,9",3,GRAND_SLAM,WS,1808,Qualification,GAJIC Jelena (SRB),KERTAI Rita (HUN),,,2 - 4,9:11 11:8 11:8 3:11 3:11 9:11,GAJIC Jelena,2006
Serbian Open Belgrade 2006,2006-10-19,RECKO Ema,KERKEZ Dragana,SRB,BIH,4,1,"11,11,11,9,11|5,6,6,11,9",,GRAND_SLAM,WS,1808,Qualification,RECKO Ema (SRB),KERKEZ Dragana (BIH),,,4 - 1,11:5 11:6 11:6 9:11 11:9,RECKO Ema,2006
Serbian Open Belgrade 2006,2006-10-19,LI Bin,KERKEZ Dragana,HUN,BIH,4,1,"12,11,11,11,11|14,8,5,2,7",QR2,GRAND_SLAM,WS,1808,Qualification,LI Bin (HUN),KERKEZ Dragana (BIH),,,4 - 1,12:14 11:8 11:5 11:2 11:7,LI Bin,2006
Serbian Open Belgrade 2006,2006-10-19,LI Bin,RECKO Ema,HUN,SRB,4,0,"11,12,11,11|8,10,8,9",3,GRAND_SLAM,WS,1808,Qualification,LI Bin (HUN),RECKO Ema (SRB),,,4 - 0,11:8 12:10 11:8 11:9,LI Bin,2006
Serbian Open Belgrade 2006,2006-10-19,KNEZEVIC Monika,AMBRUS Timea,SRB,HUN,4,1,"14,6,11,11,11|12,11,6,7,4",,GRAND_SLAM,WS,1808,Qualification,KNEZEVIC Monika (SRB),AMBRUS Timea (HUN),,,1 - 4,12:14 11:6 6:11 7:11 4:11,KNEZEVIC Monika,2006
Serbian Open Belgrade 2006,2006-10-19,SMISTIKOVA Martina,KNEZEVIC Monika,CZE,SRB,4,0,"11,11,11,11|7,5,3,8",QR2,GRAND_SLAM,WS,1808,Qualification,SMISTIKOVA Martina (CZE),KNEZEVIC Monika (SRB),,,4 - 0,11:7 11:5 11:3 11:8,SMISTIKOVA Martina,2006
Serbian Open Belgrade 2006,2006-10-19,SMISTIKOVA Martina,AMBRUS Timea,CZE,HUN,4,2,"11,3,11,8,11,11|7,11,9,11,3,5",3,GRAND_SLAM,WS,1808,Qualification,SMISTIKOVA Martina (CZE),AMBRUS Timea (HUN),,,4 - 2,11:7 3:11 11:9 8:11 11:3 11:5,SMISTIKOVA Martina,2006
Serbian Open Belgrade 2006,2006-10-19,CSERNYIK Ildiko,PETROVA Zhana,HUN,BUL,4,1,"11,12,11,8,11|7,10,8,11,7",,GRAND_SLAM,WS,1808,Qualification,CSERNYIK Ildiko (HUN),PETROVA Zhana (BUL),,,4 - 1,11:7 12:10 11:8 8:11 11:7,CSERNYIK Ildiko,2006
Serbian Open Belgrade 2006,2006-10-19,NECULA Iulia,PETROVA Zhana,ROU,BUL,4,1,"11,11,11,8,11|4,6,9,11,5",QR2,GRAND_SLAM,WS,1808,Qualification,NECULA Iulia (ROU),PETROVA Zhana (BUL),,,4 - 1,11:4 11:6 11:9 8:11 11:5,NECULA Iulia,2006
Serbian Open Belgrade 2006,2006-10-19,NECULA Iulia,CSERNYIK Ildiko,ROU,HUN,4,2,"4,4,11,12,11,11|11,11,7,10,3,6",3,GRAND_SLAM,WS,1808,Qualification,NECULA Iulia (ROU),CSERNYIK Ildiko (HUN),,,4 - 2,4:11 4:11 11:7 12:10 11:3 11:6,NECULA Iulia,2006
Serbian Open Belgrade 2006,2006-10-19,MAMALIGA Andreea,OBRADOVIC Sonja,ROU,NOR,4,0,,,GRAND_SLAM,WS,1808,Qualification,MAMALIGA Andreea (ROU),OBRADOVIC Sonja (NOR),,,4 - 0,,MAMALIGA Andreea,2006
Serbian Open Belgrade 2006,2006-10-19,BRAUN Eva,OBRADOVIC Sonja,HUN,NOR,4,0,,QR2,GRAND_SLAM,WS,1808,Qualification,BRAUN Eva (HUN),OBRADOVIC Sonja (NOR),,,4 - 0,,BRAUN Eva,2006
Serbian Open Belgrade 2006,2006-10-19,BRAUN Eva,MAMALIGA Andreea,HUN,ROU,4,0,"11,13,11,12|8,11,8,10",3,GRAND_SLAM,WS,1808,Qualification,BRAUN Eva (HUN),MAMALIGA Andreea (ROU),,,4 - 0,11:8 13:11 11:8 12:10,BRAUN Eva,2006
Serbian Open Belgrade 2006,2006-10-19,SKOV Mie,KRSMANOVIC Sladana,DEN,SRB,4,0,"11,11,12,12|8,7,10,10",,GRAND_SLAM,WS,1808,Qualification,SKOV Mie (DEN),KRSMANOVIC Sladana (SRB),,,4 - 0,11:8 11:7 12:10 12:10,SKOV Mie,2006
Serbian Open Belgrade 2006,2006-10-19,JONSSON Carina,KRSMANOVIC Sladana,SWE,SRB,4,0,"11,11,11,11|3,1,4,7",QR2,GRAND_SLAM,WS,1808,Qualification,JONSSON Carina (SWE),KRSMANOVIC Sladana (SRB),,,4 - 0,11:3 11:1 11:4 11:7,JONSSON Carina,2006
Serbian Open Belgrade 2006,2006-10-19,JONSSON Carina,SKOV Mie,SWE,DEN,4,0,"11,11,11,11|6,6,5,7",3,GRAND_SLAM,WS,1808,Qualification,JONSSON Carina (SWE),SKOV Mie (DEN),,,4 - 0,11:6 11:6 11:5 11:7,JONSSON Carina,2006
Serbian Open Belgrade 2006,2006-10-19,MATTENET Audrey,MISHEVA Iliana,FRA,BUL,4,0,"11,11,11,11|3,6,3,5",,GRAND_SLAM,WS,1808,Qualification,MATTENET Audrey (FRA),MISHEVA Iliana (BUL),,,4 - 0,11:3 11:6 11:3 11:5,MATTENET Audrey,2006
Serbian Open Belgrade 2006,2006-10-19,TODOROVIC Biljana,MISHEVA Iliana,SLO,BUL,4,0,"11,11,11,11|2,3,7,5",QR2,GRAND_SLAM,WS,1808,Qualification,TODOROVIC Biljana (SLO),MISHEVA Iliana (BUL),,,4 - 0,11:2 11:3 11:7 11:5,TODOROVIC Biljana,2006
Serbian Open Belgrade 2006,2006-10-19,TODOROVIC Biljana,MATTENET Audrey,SLO,FRA,4,2,"11,11,7,11,5,11|4,4,11,6,11,3",3,GRAND_SLAM,WS,1808,Qualification,TODOROVIC Biljana (SLO),MATTENET Audrey (FRA),,,4 - 2,11:4 11:4 7:11 11:6 5:11 11:3,TODOROVIC Biljana,2006
Serbian Open Belgrade 2006,2006-10-19,VORONOVA Anastasia,AHMIC Lejla,RUS,BIH,4,0,,,GRAND_SLAM,WS,1808,Qualification,VORONOVA Anastasia (RUS),AHMIC Lejla (BIH),,,4 - 0,,VORONOVA Anastasia,2006
Serbian Open Belgrade 2006,2006-10-19,PERGEL Szandra,AHMIC Lejla,HUN,BIH,4,0,,QR2,GRAND_SLAM,WS,1808,Qualification,PERGEL Szandra (HUN),AHMIC Lejla (BIH),,,4 - 0,,PERGEL Szandra,2006
Serbian Open Belgrade 2006,2006-10-19,VORONOVA Anastasia,PERGEL Szandra,RUS,HUN,4,1,"9,11,11,11,12|11,9,7,4,10",3,GRAND_SLAM,WS,1808,Qualification,VORONOVA Anastasia (RUS),PERGEL Szandra (HUN),,,1 - 4,11:9 9:11 7:11 4:11 10:12,VORONOVA Anastasia,2006
Serbian Open Belgrade 2006,2006-10-19,MISIKONYTE Lina,ANTONIC Miljana,LTU,BIH,4,1,"11,11,11,10,11|4,8,4,12,8",,GRAND_SLAM,WS,1808,Qualification,MISIKONYTE Lina (LTU),ANTONIC Miljana (BIH),,,4 - 1,11:4 11:8 11:4 10:12 11:8,MISIKONYTE Lina,2006
Serbian Open Belgrade 2006,2006-10-19,SOLJA Amelie,ANTONIC Miljana,AUT,BIH,4,0,"11,11,11,11|5,2,6,4",QR2,GRAND_SLAM,WS,1808,Qualification,SOLJA Amelie (AUT),ANTONIC Miljana (BIH),,,4 - 0,11:5 11:2 11:6 11:4,SOLJA Amelie,2006
Serbian Open Belgrade 2006,2006-10-19,SOLJA Amelie,MISIKONYTE Lina,AUT,LTU,4,2,"11,8,11,7,11,11|2,11,0,11,1,9",3,GRAND_SLAM,WS,1808,Qualification,SOLJA Amelie (AUT),MISIKONYTE Lina (LTU),,,4 - 2,11:2 8:11 11:0 7:11 11:1 11:9,SOLJA Amelie,2006
Serbian Open Belgrade 2006,2006-10-19,LONG Judy (Zhu),BURGAR Spela,CAN,SLO,4,0,,,GRAND_SLAM,WS,1808,Qualification,LONG Judy (Zhu) (CAN),BURGAR Spela (SLO),,,0 - 4,,LONG Judy (Zhu),2006
Serbian Open Belgrade 2006,2006-10-19,LONG Judy (Zhu),KMOTORKOVA Lenka,CAN,SVK,4,2,"12,8,10,11,11,11|10,11,12,7,9,1",QR2,GRAND_SLAM,WS,1808,Qualification,LONG Judy (Zhu) (CAN),KMOTORKOVA Lenka (SVK),,,2 - 4,10:12 11:8 12:10 7:11 9:11 1:11,LONG Judy (Zhu),2006
Serbian Open Belgrade 2006,2006-10-19,KMOTORKOVA Lenka,BURGAR Spela,SVK,SLO,4,0,,3,GRAND_SLAM,WS,1808,Qualification,KMOTORKOVA Lenka (SVK),BURGAR Spela (SLO),,,4 - 0,,KMOTORKOVA Lenka,2006
Serbian Open Belgrade 2006,2006-10-19,OPDENCAMP Karen,BARNA Blanka,BEL,SRB,4,0,,,GRAND_SLAM,WS,1808,Qualification,OPDENCAMP Karen (BEL),BARNA Blanka (SRB),,,4 - 0,,OPDENCAMP Karen,2006
Serbian Open Belgrade 2006,2006-10-19,PARTYKA Natalia,BARNA Blanka,POL,SRB,4,0,,QR2,GRAND_SLAM,WS,1808,Qualification,PARTYKA Natalia (POL),BARNA Blanka (SRB),,,4 - 0,,PARTYKA Natalia,2006
Serbian Open Belgrade 2006,2006-10-19,PARTYKA Natalia,OPDENCAMP Karen,POL,BEL,4,2,"6,11,6,14,11,11|11,3,11,12,2,7",3,GRAND_SLAM,WS,1808,Qualification,PARTYKA Natalia (POL),OPDENCAMP Karen (BEL),,,4 - 2,6:11 11:3 6:11 14:12 11:2 11:7,PARTYKA Natalia,2006
Serbian Open Belgrade 2006,2006-10-19,PIETKIEWICZ Monika,DRAGOLJEVIC Sladjana,POL,SRB,4,0,"11,11,11,11|6,3,9,9",,GRAND_SLAM,WS,1808,Qualification,PIETKIEWICZ Monika (POL),DRAGOLJEVIC Sladjana (SRB),,,4 - 0,11:6 11:3 11:9 11:9,PIETKIEWICZ Monika,2006
Serbian Open Belgrade 2006,2006-10-19,DRAGOLJEVIC Sladjana,KASABOVA Asya,SRB,BUL,4,1,"11,7,11,11,13|6,11,7,4,11",QR2,GRAND_SLAM,WS,1808,Qualification,DRAGOLJEVIC Sladjana (SRB),KASABOVA Asya (BUL),,,1 - 4,6:11 11:7 7:11 4:11 11:13,DRAGOLJEVIC Sladjana,2006
Serbian Open Belgrade 2006,2006-10-19,KASABOVA Asya,PIETKIEWICZ Monika,BUL,POL,4,3,"7,11,11,10,7,11,11|11,8,9,12,11,5,7",3,GRAND_SLAM,WS,1808,Qualification,KASABOVA Asya (BUL),PIETKIEWICZ Monika (POL),,,4 - 3,7:11 11:8 11:9 10:12 7:11 11:5 11:7,KASABOVA Asya,2006
Serbian Open Belgrade 2006,2006-10-19,PENKAVOVA Katerina,SIKORSKA Magdalena,CZE,POL,4,3,"11,9,7,9,11,11,11|7,11,11,11,8,3,5",,GRAND_SLAM,WS,1808,Qualification,PENKAVOVA Katerina (CZE),SIKORSKA Magdalena (POL),,,4 - 3,11:7 9:11 7:11 9:11 11:8 11:3 11:5,PENKAVOVA Katerina,2006
Serbian Open Belgrade 2006,2006-10-19,SIKORSKA Magdalena,CAHOREAU Nathalie,POL,FRA,4,1,"7,11,11,11,11|11,9,9,0,0",QR2,GRAND_SLAM,WS,1808,Qualification,SIKORSKA Magdalena (POL),CAHOREAU Nathalie (FRA),,,1 - 4,11:7 9:11 9:11 0:11 0:11,SIKORSKA Magdalena,2006
Serbian Open Belgrade 2006,2006-10-19,PENKAVOVA Katerina,CAHOREAU Nathalie,CZE,FRA,4,0,,3,GRAND_SLAM,WS,1808,Qualification,PENKAVOVA Katerina (CZE),CAHOREAU Nathalie (FRA),,,0 - 4,,PENKAVOVA Katerina,2006
Serbian Open Belgrade 2006,2006-10-19,PHAI PANG Laurie,BALIC Daniela,FRA,BIH,4,0,"11,11,11,11|4,8,5,4",,GRAND_SLAM,WS,1808,Qualification,PHAI PANG Laurie (FRA),BALIC Daniela (BIH),,,4 - 0,11:4 11:8 11:5 11:4,PHAI PANG Laurie,2006
Serbian Open Belgrade 2006,2006-10-19,CREEMERS Linda,MANCIC Tatjana,NED,SRB,4,0,,QR2,GRAND_SLAM,WS,1808,Qualification,CREEMERS Linda (NED),MANCIC Tatjana (SRB),,,4 - 0,,CREEMERS Linda,2006
Serbian Open Belgrade 2006,2006-10-19,PHAI PANG Laurie,MANCIC Tatjana,FRA,SRB,4,0,,3,GRAND_SLAM,WS,1808,Qualification,PHAI PANG Laurie (FRA),MANCIC Tatjana (SRB),,,4 - 0,,PHAI PANG Laurie,2006
Serbian Open Belgrade 2006,2006-10-19,CREEMERS Linda,BALIC Daniela,NED,BIH,4,0,"11,11,11,11|8,8,9,8",QR4,GRAND_SLAM,WS,1808,Qualification,CREEMERS Linda (NED),BALIC Daniela (BIH),,,4 - 0,11:8 11:8 11:9 11:8,CREEMERS Linda,2006
Serbian Open Belgrade 2006,2006-10-19,BALIC Daniela,MANCIC Tatjana,BIH,SRB,4,0,,5,GRAND_SLAM,WS,1808,Qualification,BALIC Daniela (BIH),MANCIC Tatjana (SRB),,,4 - 0,,BALIC Daniela,2006
Serbian Open Belgrade 2006,2006-10-19,PHAI PANG Laurie,CREEMERS Linda,FRA,NED,4,2,"12,10,11,13,11,11|10,12,5,11,13,8",6,GRAND_SLAM,WS,1808,Qualification,PHAI PANG Laurie (FRA),CREEMERS Linda (NED),,,2 - 4,10:12 12:10 5:11 11:13 13:11 8:11,PHAI PANG Laurie,2006
Serbian Open Belgrade 2006,2006-10-19,NISHII Yuka,CECHOVA Dana,JPN,CZE,4,0,"13,11,13,11|11,5,11,6",,GRAND_SLAM,WS,1808,Qualification,NISHII Yuka (JPN),CECHOVA Dana (CZE),,,0 - 4,11:13 5:11 11:13 6:11,NISHII Yuka,2006
Serbian Open Belgrade 2006,2006-10-19,HANFFOU Sarah,BOSANCIC Stanislava,CMR,SRB,4,0,"11,11,11,11|7,7,5,4",QR2,GRAND_SLAM,WS,1808,Qualification,HANFFOU Sarah (CMR),BOSANCIC Stanislava (SRB),,,4 - 0,11:7 11:7 11:5 11:4,HANFFOU Sarah,2006
Serbian Open Belgrade 2006,2006-10-19,CECHOVA Dana,BOSANCIC Stanislava,CZE,SRB,4,0,"11,11,11,11|1,7,7,8",3,GRAND_SLAM,WS,1808,Qualification,CECHOVA Dana (CZE),BOSANCIC Stanislava (SRB),,,4 - 0,11:1 11:7 11:7 11:8,CECHOVA Dana,2006
Serbian Open Belgrade 2006,2006-10-19,NISHII Yuka,HANFFOU Sarah,JPN,CMR,4,0,"11,12,11,11|7,10,9,9",QR4,GRAND_SLAM,WS,1808,Qualification,NISHII Yuka (JPN),HANFFOU Sarah (CMR),,,0 - 4,7:11 10:12 9:11 9:11,NISHII Yuka,2006
Serbian Open Belgrade 2006,2006-10-19,NISHII Yuka,BOSANCIC Stanislava,JPN,SRB,4,0,"11,11,11,11|5,4,3,1",5,GRAND_SLAM,WS,1808,Qualification,NISHII Yuka (JPN),BOSANCIC Stanislava (SRB),,,4 - 0,11:5 11:4 11:3 11:1,NISHII Yuka,2006
Serbian Open Belgrade 2006,2006-10-19,HANFFOU Sarah,CECHOVA Dana,CMR,CZE,4,3,"11,11,8,7,11,11,11|7,7,11,11,13,5,8",6,GRAND_SLAM,WS,1808,Qualification,HANFFOU Sarah (CMR),CECHOVA Dana (CZE),,,4 - 3,11:7 11:7 8:11 7:11 11:13 11:5 11:8,HANFFOU Sarah,2006
Serbian Open Belgrade 2006,2006-10-19,VASILJEVIC Suzana,PROLE Majda,SRB,BIH,3,0,"11,11,11|4,8,8",,GRAND_SLAM,U21WS,1808,Qualification,VASILJEVIC Suzana (SRB),PROLE Majda (BIH),,,3 - 0,11:4 11:8 11:8,VASILJEVIC Suzana,2006
Serbian Open Belgrade 2006,2006-10-19,PROLE Majda,CAHOREAU Nathalie,BIH,FRA,3,0,,QR2,GRAND_SLAM,U21WS,1808,Qualification,PROLE Majda (BIH),CAHOREAU Nathalie (FRA),,,0 - 3,,PROLE Majda,2006
Serbian Open Belgrade 2006,2006-10-19,VASILJEVIC Suzana,CAHOREAU Nathalie,SRB,FRA,3,0,,3,GRAND_SLAM,U21WS,1808,Qualification,VASILJEVIC Suzana (SRB),CAHOREAU Nathalie (FRA),,,0 - 3,,VASILJEVIC Suzana,2006
Serbian Open Belgrade 2006,2006-10-19,COULIBALY Dieniouma,KERKEZ Dragana,FRA,BIH,3,1,"11,11,10,11|6,4,12,3",,GRAND_SLAM,U21WS,1808,Qualification,COULIBALY Dieniouma (FRA),KERKEZ Dragana (BIH),,,3 - 1,11:6 11:4 10:12 11:3,COULIBALY Dieniouma,2006
Serbian Open Belgrade 2006,2006-10-19,FEHER Gabriela,KERKEZ Dragana,SRB,BIH,3,0,"11,11,11|6,8,9",QR2,GRAND_SLAM,U21WS,1808,Qualification,FEHER Gabriela (SRB),KERKEZ Dragana (BIH),,,3 - 0,11:6 11:8 11:9,FEHER Gabriela,2006
Serbian Open Belgrade 2006,2006-10-19,FEHER Gabriela,COULIBALY Dieniouma,SRB,FRA,3,2,"11,6,5,11,16|7,11,11,6,14",3,GRAND_SLAM,U21WS,1808,Qualification,FEHER Gabriela (SRB),COULIBALY Dieniouma (FRA),,,3 - 2,11:7 6:11 5:11 11:6 16:14,FEHER Gabriela,2006
Serbian Open Belgrade 2006,2006-10-19,PETERMAN-VARGA Timea,KNEZEVIC Monika,HUN,SRB,3,0,"11,11,11|5,5,7",,GRAND_SLAM,U21WS,1808,Qualification,PETERMAN-VARGA Timea (HUN),KNEZEVIC Monika (SRB),,,3 - 0,11:5 11:5 11:7,PETERMAN-VARGA Timea,2006
Serbian Open Belgrade 2006,2006-10-19,CREEMERS Linda,KNEZEVIC Monika,NED,SRB,3,2,"9,10,12,12,11|11,12,10,10,4",QR2,GRAND_SLAM,U21WS,1808,Qualification,CREEMERS Linda (NED),KNEZEVIC Monika (SRB),,,3 - 2,9:11 10:12 12:10 12:10 11:4,CREEMERS Linda,2006
Serbian Open Belgrade 2006,2006-10-19,CREEMERS Linda,PETERMAN-VARGA Timea,NED,HUN,3,2,"9,11,11,6,11|11,9,9,11,7",3,GRAND_SLAM,U21WS,1808,Qualification,CREEMERS Linda (NED),PETERMAN-VARGA Timea (HUN),,,3 - 2,9:11 11:9 11:9 6:11 11:7,CREEMERS Linda,2006
Serbian Open Belgrade 2006,2006-10-19,MATZKE Laura,PETROVA Zhana,GER,BUL,3,0,"11,11,11|8,5,7",,GRAND_SLAM,U21WS,1808,Qualification,MATZKE Laura (GER),PETROVA Zhana (BUL),,,3 - 0,11:8 11:5 11:7,MATZKE Laura,2006
Serbian Open Belgrade 2006,2006-10-19,HANFFOU Sarah,PETROVA Zhana,CMR,BUL,3,1,"11,11,19,11|9,6,21,2",QR2,GRAND_SLAM,U21WS,1808,Qualification,HANFFOU Sarah (CMR),PETROVA Zhana (BUL),,,3 - 1,11:9 11:6 19:21 11:2,HANFFOU Sarah,2006
Serbian Open Belgrade 2006,2006-10-19,HANFFOU Sarah,MATZKE Laura,CMR,GER,3,2,"11,11,10,8,11|6,9,12,11,5",3,GRAND_SLAM,U21WS,1808,Qualification,HANFFOU Sarah (CMR),MATZKE Laura (GER),,,3 - 2,11:6 11:9 10:12 8:11 11:5,HANFFOU Sarah,2006
Serbian Open Belgrade 2006,2006-10-19,JUHASZ Mariann,OBRADOVIC Sonja,HUN,NOR,3,0,,,GRAND_SLAM,U21WS,1808,Qualification,JUHASZ Mariann (HUN),OBRADOVIC Sonja (NOR),,,3 - 0,,JUHASZ Mariann,2006
Serbian Open Belgrade 2006,2006-10-19,PHAI PANG Laurie,OBRADOVIC Sonja,FRA,NOR,3,0,,QR2,GRAND_SLAM,U21WS,1808,Qualification,PHAI PANG Laurie (FRA),OBRADOVIC Sonja (NOR),,,3 - 0,,PHAI PANG Laurie,2006
Serbian Open Belgrade 2006,2006-10-19,JUHASZ Mariann,PHAI PANG Laurie,HUN,FRA,3,1,"11,12,8,11|9,10,11,8",3,GRAND_SLAM,U21WS,1808,Qualification,JUHASZ Mariann (HUN),PHAI PANG Laurie (FRA),,,1 - 3,9:11 10:12 11:8 8:11,JUHASZ Mariann,2006
Serbian Open Belgrade 2006,2006-10-19,BAK Natalia,KRSMANOVIC Sladana,POL,SRB,3,2,"11,8,7,11,11|6,11,11,8,7",,GRAND_SLAM,U21WS,1808,Qualification,BAK Natalia (POL),KRSMANOVIC Sladana (SRB),,,3 - 2,11:6 8:11 7:11 11:8 11:7,BAK Natalia,2006
Serbian Open Belgrade 2006,2006-10-19,PENKAVOVA Katerina,KRSMANOVIC Sladana,CZE,SRB,3,2,"11,11,13,8,11|6,1,15,11,1",QR2,GRAND_SLAM,U21WS,1808,Qualification,PENKAVOVA Katerina (CZE),KRSMANOVIC Sladana (SRB),,,3 - 2,11:6 11:1 13:15 8:11 11:1,PENKAVOVA Katerina,2006
Serbian Open Belgrade 2006,2006-10-19,BAK Natalia,PENKAVOVA Katerina,POL,CZE,3,2,"13,7,11,8,11|11,11,8,11,8",3,GRAND_SLAM,U21WS,1808,Qualification,BAK Natalia (POL),PENKAVOVA Katerina (CZE),,,2 - 3,11:13 11:7 8:11 11:8 8:11,BAK Natalia,2006
Serbian Open Belgrade 2006,2006-10-19,WERSALL Caroline,MISHEVA Iliana,SWE,BUL,3,1,"12,6,11,12|10,11,2,10",,GRAND_SLAM,U21WS,1808,Qualification,WERSALL Caroline (SWE),MISHEVA Iliana (BUL),,,3 - 1,12:10 6:11 11:2 12:10,WERSALL Caroline,2006
Serbian Open Belgrade 2006,2006-10-19,MISIKONYTE Lina,MISHEVA Iliana,LTU,BUL,3,1,"11,7,11,11|9,11,6,8",QR2,GRAND_SLAM,U21WS,1808,Qualification,MISIKONYTE Lina (LTU),MISHEVA Iliana (BUL),,,3 - 1,11:9 7:11 11:6 11:8,MISIKONYTE Lina,2006
Serbian Open Belgrade 2006,2006-10-19,WERSALL Caroline,MISIKONYTE Lina,SWE,LTU,3,2,"5,8,11,11,15|11,11,7,9,13",3,GRAND_SLAM,U21WS,1808,Qualification,WERSALL Caroline (SWE),MISIKONYTE Lina (LTU),,,2 - 3,11:5 11:8 7:11 9:11 13:15,WERSALL Caroline,2006
Serbian Open Belgrade 2006,2006-10-19,TAPAI Timea,AHMIC Lejla,SRB,BIH,3,0,,,GRAND_SLAM,U21WS,1808,Qualification,TAPAI Timea (SRB),AHMIC Lejla (BIH),,,3 - 0,,TAPAI Timea,2006
Serbian Open Belgrade 2006,2006-10-19,MATTENET Audrey,AHMIC Lejla,FRA,BIH,3,0,,QR2,GRAND_SLAM,U21WS,1808,Qualification,MATTENET Audrey (FRA),AHMIC Lejla (BIH),,,3 - 0,,MATTENET Audrey,2006
Serbian Open Belgrade 2006,2006-10-19,MATTENET Audrey,TAPAI Timea,FRA,SRB,3,1,"12,11,8,14|10,7,11,12",3,GRAND_SLAM,U21WS,1808,Qualification,MATTENET Audrey (FRA),TAPAI Timea (SRB),,,3 - 1,12:10 11:7 8:11 14:12,MATTENET Audrey,2006
Serbian Open Belgrade 2006,2006-10-19,VUGRINEC Suncica,BOSANCIC Stanislava,CRO,SRB,3,1,"4,11,11,11|11,8,3,8",,GRAND_SLAM,U21WS,1808,Qualification,VUGRINEC Suncica (CRO),BOSANCIC Stanislava (SRB),,,3 - 1,4:11 11:8 11:3 11:8,VUGRINEC Suncica,2006
Serbian Open Belgrade 2006,2006-10-19,SKOV Mie,BOSANCIC Stanislava,DEN,SRB,3,0,"11,11,11|5,8,8",QR2,GRAND_SLAM,U21WS,1808,Qualification,SKOV Mie (DEN),BOSANCIC Stanislava (SRB),,,3 - 0,11:5 11:8 11:8,SKOV Mie,2006
Serbian Open Belgrade 2006,2006-10-19,SKOV Mie,VUGRINEC Suncica,DEN,CRO,3,1,"13,12,7,11|11,10,11,6",3,GRAND_SLAM,U21WS,1808,Qualification,SKOV Mie (DEN),VUGRINEC Suncica (CRO),,,3 - 1,13:11 12:10 7:11 11:6,SKOV Mie,2006
Serbian Open Belgrade 2006,2006-10-19,TAPAI Eva,BARNA Blanka,SRB,SRB,3,0,,,GRAND_SLAM,U21WS,1808,Qualification,TAPAI Eva (SRB),BARNA Blanka (SRB),,,3 - 0,,TAPAI Eva,2006
Serbian Open Belgrade 2006,2006-10-19,MAMALIGA Andreea,BARNA Blanka,ROU,SRB,3,0,,QR2,GRAND_SLAM,U21WS,1808,Qualification,MAMALIGA Andreea (ROU),BARNA Blanka (SRB),,,3 - 0,,MAMALIGA Andreea,2006
Serbian Open Belgrade 2006,2006-10-19,MAMALIGA Andreea,TAPAI Eva,ROU,SRB,3,0,"11,11,11|5,7,7",3,GRAND_SLAM,U21WS,1808,Qualification,MAMALIGA Andreea (ROU),TAPAI Eva (SRB),,,3 - 0,11:5 11:7 11:7,MAMALIGA Andreea,2006
Serbian Open Belgrade 2006,2006-10-19,HAPONOVA Hanna,ANTONIC Miljana,UKR,BIH,3,0,"11,11,11|2,8,4",,GRAND_SLAM,U21WS,1808,Qualification,HAPONOVA Hanna (UKR),ANTONIC Miljana (BIH),,,3 - 0,11:2 11:8 11:4,HAPONOVA Hanna,2006
Serbian Open Belgrade 2006,2006-10-19,RECKO Ema,SIKORSKA Magdalena,SRB,POL,3,1,"11,5,11,11|6,11,7,8",QR2,GRAND_SLAM,U21WS,1808,Qualification,RECKO Ema (SRB),SIKORSKA Magdalena (POL),,,3 - 1,11:6 5:11 11:7 11:8,RECKO Ema,2006
Serbian Open Belgrade 2006,2006-10-19,HAPONOVA Hanna,SIKORSKA Magdalena,UKR,POL,3,1,"8,11,11,11|11,6,6,5",3,GRAND_SLAM,U21WS,1808,Qualification,HAPONOVA Hanna (UKR),SIKORSKA Magdalena (POL),,,3 - 1,8:11 11:6 11:6 11:5,HAPONOVA Hanna,2006
Serbian Open Belgrade 2006,2006-10-19,RECKO Ema,ANTONIC Miljana,SRB,BIH,3,0,"11,11,11|3,3,6",QR4,GRAND_SLAM,U21WS,1808,Qualification,RECKO Ema (SRB),ANTONIC Miljana (BIH),,,3 - 0,11:3 11:3 11:6,RECKO Ema,2006
Serbian Open Belgrade 2006,2006-10-19,SIKORSKA Magdalena,ANTONIC Miljana,POL,BIH,3,0,"11,11,11|8,4,7",5,GRAND_SLAM,U21WS,1808,Qualification,SIKORSKA Magdalena (POL),ANTONIC Miljana (BIH),,,0 - 3,8:11 4:11 7:11,SIKORSKA Magdalena,2006
Serbian Open Belgrade 2006,2006-10-19,RECKO Ema,HAPONOVA Hanna,SRB,UKR,3,0,"11,11,16|6,8,14",6,GRAND_SLAM,U21WS,1808,Qualification,RECKO Ema (SRB),HAPONOVA Hanna (UKR),,,3 - 0,11:6 11:8 16:14,RECKO Ema,2006
Serbian Open Belgrade 2006,2006-10-19,GOLOTA Marta,BALIC Daniela,POL,BIH,4,0,"11,11,11,11|3,8,5,6",,GRAND_SLAM,U21WS,1808,Qualification,GOLOTA Marta (POL),BALIC Daniela (BIH),,,4 - 0,11:3 11:8 11:5 11:6,GOLOTA Marta,2006
Serbian Open Belgrade 2006,2006-10-19,AMBRUS Timea,GALONJA Marija,HUN,SRB,3,0,,QR2,GRAND_SLAM,U21WS,1808,Qualification,AMBRUS Timea (HUN),GALONJA Marija (SRB),,,3 - 0,,AMBRUS Timea,2006
Serbian Open Belgrade 2006,2006-10-19,GOLOTA Marta,GALONJA Marija,POL,SRB,3,0,,3,GRAND_SLAM,U21WS,1808,Qualification,GOLOTA Marta (POL),GALONJA Marija (SRB),,,3 - 0,,GOLOTA Marta,2006
Serbian Open Belgrade 2006,2006-10-19,AMBRUS Timea,BALIC Daniela,HUN,BIH,4,0,"11,11,11,11|8,8,6,9",QR4,GRAND_SLAM,U21WS,1808,Qualification,AMBRUS Timea (HUN),BALIC Daniela (BIH),,,4 - 0,11:8 11:8 11:6 11:9,AMBRUS Timea,2006
Serbian Open Belgrade 2006,2006-10-19,BALIC Daniela,GALONJA Marija,BIH,SRB,3,0,,5,GRAND_SLAM,U21WS,1808,Qualification,BALIC Daniela (BIH),GALONJA Marija (SRB),,,3 - 0,,BALIC Daniela,2006
Serbian Open Belgrade 2006,2006-10-19,GOLOTA Marta,AMBRUS Timea,POL,HUN,4,3,"11,11,7,11,6,10,11|8,9,11,8,11,12,9",6,GRAND_SLAM,U21WS,1808,Qualification,GOLOTA Marta (POL),AMBRUS Timea (HUN),,,3 - 4,8:11 9:11 11:7 8:11 11:6 12:10 9:11,GOLOTA Marta,2006
Serbian Open Belgrade 2006,2006-10-19,POTA Georgina,HAPONOVA Hanna,HUN,UKR,4,0,,R32,GRAND_SLAM,U21WS,1808,Main Draw,POTA Georgina (HUN),HAPONOVA Hanna (UKR),,,4 - 0,,POTA Georgina,2006
Serbian Open Belgrade 2006,2006-10-19,KMOTORKOVA Lenka,VASILJEVIC Suzana,SVK,SRB,4,1,"11,11,10,11,11|6,4,12,5,3",R32,GRAND_SLAM,U21WS,1808,Main Draw,KMOTORKOVA Lenka (SVK),VASILJEVIC Suzana (SRB),,,1 - 4,6:11 4:11 12:10 5:11 3:11,KMOTORKOVA Lenka,2006
Serbian Open Belgrade 2006,2006-10-19,LI Bin,JUHASZ Mariann,HUN,HUN,4,3,"9,11,6,18,11,11,11|11,13,11,16,9,9,5",R32,GRAND_SLAM,U21WS,1808,Main Draw,LI Bin (HUN),JUHASZ Mariann (HUN),,,4 - 3,9:11 11:13 6:11 18:16 11:9 11:9 11:5,LI Bin,2006
Serbian Open Belgrade 2006,2006-10-19,FEHER Gabriela,ZHANG Mo,SRB,CAN,4,1,"11,11,11,10,11|7,3,9,12,7",R32,GRAND_SLAM,U21WS,1808,Main Draw,FEHER Gabriela (SRB),ZHANG Mo (CAN),,,4 - 1,11:7 11:3 11:9 10:12 11:7,FEHER Gabriela,2006
Serbian Open Belgrade 2006,2006-10-19,LI Xue,VUGRINEC Suncica,FRA,CRO,4,0,"11,18,11,11|8,16,6,9",R32,GRAND_SLAM,U21WS,1808,Main Draw,LI Xue (FRA),VUGRINEC Suncica (CRO),,,4 - 0,11:8 18:16 11:6 11:9,LI Xue,2006
Serbian Open Belgrade 2006,2006-10-19,MAMALIGA Andreea,SMISTIKOVA Martina,ROU,CZE,4,3,"8,11,8,13,8,11,12|11,8,11,11,11,4,10",R32,GRAND_SLAM,U21WS,1808,Main Draw,MAMALIGA Andreea (ROU),SMISTIKOVA Martina (CZE),,,4 - 3,8:11 11:8 8:11 13:11 8:11 11:4 12:10,MAMALIGA Andreea,2006
Serbian Open Belgrade 2006,2006-10-19,ONO Shiho,MATTENET Audrey,JPN,FRA,4,1,"9,11,13,11,11|11,7,11,6,7",R32,GRAND_SLAM,U21WS,1808,Main Draw,ONO Shiho (JPN),MATTENET Audrey (FRA),,,4 - 1,9:11 11:7 13:11 11:6 11:7,ONO Shiho,2006
Serbian Open Belgrade 2006,2006-10-19,HANFFOU Sarah,VACENOVSKA Iveta,CMR,CZE,4,3,"7,11,9,11,11,8,11|11,3,11,9,9,11,7",R32,GRAND_SLAM,U21WS,1808,Main Draw,HANFFOU Sarah (CMR),VACENOVSKA Iveta (CZE),,,4 - 3,7:11 11:3 9:11 11:9 11:9 8:11 11:7,HANFFOU Sarah,2006
Serbian Open Belgrade 2006,2006-10-19,DODEAN Daniela,PETERMAN-VARGA Timea,ROU,HUN,4,1,"11,11,11,7,11|3,7,8,11,9",R32,GRAND_SLAM,U21WS,1808,Main Draw,DODEAN Daniela (ROU),PETERMAN-VARGA Timea (HUN),,,4 - 1,11:3 11:7 11:8 7:11 11:9,DODEAN Daniela,2006
Serbian Open Belgrade 2006,2006-10-19,PARTYKA Natalia,CREEMERS Linda,POL,NED,4,2,"9,11,3,11,11,11|11,4,11,7,6,7",R32,GRAND_SLAM,U21WS,1808,Main Draw,PARTYKA Natalia (POL),CREEMERS Linda (NED),,,2 - 4,11:9 4:11 11:3 7:11 6:11 7:11,PARTYKA Natalia,2006
Serbian Open Belgrade 2006,2006-10-19,PERGEL Szandra,RECKO Ema,HUN,SRB,4,2,"8,7,11,11,11,11|11,11,5,8,8,7",R32,GRAND_SLAM,U21WS,1808,Main Draw,PERGEL Szandra (HUN),RECKO Ema (SRB),,,4 - 2,8:11 7:11 11:5 11:8 11:8 11:7,PERGEL Szandra,2006
Serbian Open Belgrade 2006,2006-10-19,ERDELJI Anamaria,GOLOTA Marta,SRB,POL,4,0,"11,11,11,13|3,6,8,11",R32,GRAND_SLAM,U21WS,1808,Main Draw,ERDELJI Anamaria (SRB),GOLOTA Marta (POL),,,0 - 4,3:11 6:11 8:11 11:13,ERDELJI Anamaria,2006
Serbian Open Belgrade 2006,2006-10-19,SAMARA Elizabeta,BAK Natalia,ROU,POL,4,0,"11,12,11,11|7,10,9,9",R32,GRAND_SLAM,U21WS,1808,Main Draw,SAMARA Elizabeta (ROU),BAK Natalia (POL),,,4 - 0,11:7 12:10 11:9 11:9,SAMARA Elizabeta,2006
Serbian Open Belgrade 2006,2006-10-19,SOLJA Amelie,PHAI PANG Laurie,AUT,FRA,4,1,"11,11,5,11,11|5,6,11,6,6",R32,GRAND_SLAM,U21WS,1808,Main Draw,SOLJA Amelie (AUT),PHAI PANG Laurie (FRA),,,1 - 4,5:11 6:11 11:5 6:11 6:11,SOLJA Amelie,2006
Serbian Open Belgrade 2006,2006-10-19,SKOV Mie,NECULA Iulia,DEN,ROU,4,3,"9,11,11,3,11,12,18|11,13,9,11,8,10,16",R32,GRAND_SLAM,U21WS,1808,Main Draw,SKOV Mie (DEN),NECULA Iulia (ROU),,,3 - 4,11:9 13:11 9:11 11:3 8:11 10:12 16:18,SKOV Mie,2006
Serbian Open Belgrade 2006,2006-10-19,GRUNDISCH Carole,WERSALL Caroline,FRA,SWE,4,1,"13,11,16,11,11|15,2,14,7,8",R32,GRAND_SLAM,U21WS,1808,Main Draw,GRUNDISCH Carole (FRA),WERSALL Caroline (SWE),,,1 - 4,15:13 2:11 14:16 7:11 8:11,GRUNDISCH Carole,2006
Serbian Open Belgrade 2006,2006-10-19,POTA Georgina,KMOTORKOVA Lenka,HUN,SVK,4,2,"11,8,11,11,6,12|5,11,7,8,11,10",R16,GRAND_SLAM,U21WS,1808,Main Draw,POTA Georgina (HUN),KMOTORKOVA Lenka (SVK),,,4 - 2,11:5 8:11 11:7 11:8 6:11 12:10,POTA Georgina,2006
Serbian Open Belgrade 2006,2006-10-19,FEHER Gabriela,LI Bin,SRB,HUN,4,3,"7,11,11,11,11,7,11|11,13,6,5,7,11,4",R16,GRAND_SLAM,U21WS,1808,Main Draw,FEHER Gabriela (SRB),LI Bin (HUN),,,3 - 4,11:7 13:11 6:11 5:11 7:11 11:7 4:11,FEHER Gabriela,2006
Serbian Open Belgrade 2006,2006-10-19,LI Xue,MAMALIGA Andreea,FRA,ROU,4,2,"10,11,3,11,12,11|12,5,11,4,10,5",R16,GRAND_SLAM,U21WS,1808,Main Draw,LI Xue (FRA),MAMALIGA Andreea (ROU),,,4 - 2,10:12 11:5 3:11 11:4 12:10 11:5,LI Xue,2006
Serbian Open Belgrade 2006,2006-10-19,ONO Shiho,HANFFOU Sarah,JPN,CMR,4,1,"11,11,9,11,17|7,4,11,7,15",R16,GRAND_SLAM,U21WS,1808,Main Draw,ONO Shiho (JPN),HANFFOU Sarah (CMR),,,4 - 1,11:7 11:4 9:11 11:7 17:15,ONO Shiho,2006
Serbian Open Belgrade 2006,2006-10-19,DODEAN Daniela,PARTYKA Natalia,ROU,POL,4,2,"13,11,8,11,11,11|15,5,11,8,7,8",R16,GRAND_SLAM,U21WS,1808,Main Draw,DODEAN Daniela (ROU),PARTYKA Natalia (POL),,,4 - 2,13:15 11:5 8:11 11:8 11:7 11:8,DODEAN Daniela,2006
Serbian Open Belgrade 2006,2006-10-19,PERGEL Szandra,ERDELJI Anamaria,HUN,SRB,4,3,"11,10,12,9,11,8,11|7,12,10,11,8,11,9",R16,GRAND_SLAM,U21WS,1808,Main Draw,PERGEL Szandra (HUN),ERDELJI Anamaria (SRB),,,4 - 3,11:7 10:12 12:10 9:11 11:8 8:11 11:9,PERGEL Szandra,2006
Serbian Open Belgrade 2006,2006-10-19,SAMARA Elizabeta,SOLJA Amelie,ROU,AUT,4,2,"9,11,11,11,11,11|11,9,13,8,9,5",R16,GRAND_SLAM,U21WS,1808,Main Draw,SAMARA Elizabeta (ROU),SOLJA Amelie (AUT),,,4 - 2,9:11 11:9 11:13 11:8 11:9 11:5,SAMARA Elizabeta,2006
Serbian Open Belgrade 2006,2006-10-19,GRUNDISCH Carole,SKOV Mie,FRA,DEN,4,3,"11,11,9,7,7,13,11|5,5,11,11,11,11,8",R16,GRAND_SLAM,U21WS,1808,Main Draw,GRUNDISCH Carole (FRA),SKOV Mie (DEN),,,3 - 4,5:11 5:11 11:9 11:7 11:7 11:13 8:11,GRUNDISCH Carole,2006
Serbian Open Belgrade 2006,2006-10-19,POTA Georgina,FEHER Gabriela,HUN,SRB,4,2,"10,11,11,15,8,11|12,7,3,13,11,7",QuarterFinal,GRAND_SLAM,U21WS,1808,Main Draw,POTA Georgina (HUN),FEHER Gabriela (SRB),,,4 - 2,10:12 11:7 11:3 15:13 8:11 11:7,POTA Georgina,2006
Serbian Open Belgrade 2006,2006-10-19,LI Xue,ONO Shiho,FRA,JPN,4,1,"11,13,8,11,11|5,11,11,7,4",QuarterFinal,GRAND_SLAM,U21WS,1808,Main Draw,LI Xue (FRA),ONO Shiho (JPN),,,4 - 1,11:5 13:11 8:11 11:7 11:4,LI Xue,2006
Serbian Open Belgrade 2006,2006-10-19,DODEAN Daniela,PERGEL Szandra,ROU,HUN,4,3,"13,9,11,7,9,11,11|11,11,2,11,11,7,6",QuarterFinal,GRAND_SLAM,U21WS,1808,Main Draw,DODEAN Daniela (ROU),PERGEL Szandra (HUN),,,4 - 3,13:11 9:11 11:2 7:11 9:11 11:7 11:6,DODEAN Daniela,2006
Serbian Open Belgrade 2006,2006-10-19,GRUNDISCH Carole,SAMARA Elizabeta,FRA,ROU,4,1,"16,6,11,11,11|14,11,5,5,4",QuarterFinal,GRAND_SLAM,U21WS,1808,Main Draw,GRUNDISCH Carole (FRA),SAMARA Elizabeta (ROU),,,1 - 4,14:16 11:6 5:11 5:11 4:11,GRUNDISCH Carole,2006
Serbian Open Belgrade 2006,2006-10-19,LI Xue,POTA Georgina,FRA,HUN,4,1,"12,11,11,11,11|14,2,7,4,8",SemiFinal,GRAND_SLAM,U21WS,1808,Main Draw,LI Xue (FRA),POTA Georgina (HUN),,,1 - 4,14:12 2:11 7:11 4:11 8:11,LI Xue,2006
Serbian Open Belgrade 2006,2006-10-19,DODEAN Daniela,GRUNDISCH Carole,ROU,FRA,4,2,"9,11,11,11,5,11|11,5,3,9,11,5",SemiFinal,GRAND_SLAM,U21WS,1808,Main Draw,DODEAN Daniela (ROU),GRUNDISCH Carole (FRA),,,4 - 2,9:11 11:5 11:3 11:9 5:11 11:5,DODEAN Daniela,2006
Serbian Open Belgrade 2006,2006-10-19,DODEAN Daniela,LI Xue,ROU,FRA,4,0,"11,11,11,12|6,6,6,10",Final,GRAND_SLAM,U21WS,1808,Main Draw,DODEAN Daniela (ROU),LI Xue (FRA),,,0 - 4,6:11 6:11 6:11 10:12,DODEAN Daniela,2006
Serbian Open Belgrade 2006,2006-10-19,FILIMON Lucian/HENZELL William,CONIC Daniel/SEL Zolt,ROU,SRB,3,0,"11,11,11|8,6,7",QR64,GRAND_SLAM,MD,1808,Qualification,FILIMON Lucian (ROU) / HENZELL William (AUS),CONIC Daniel (SRB) / SEL Zolt (SRB),HENZELL William (AUS),SEL Zolt (SRB),3 - 0,11:8 11:6 11:7,FILIMON Lucian,2006
Serbian Open Belgrade 2006,2006-10-19,FILIMON Lucian/HENZELL William,GOLOVANOV Stanislav/PAIKOV Mikhail,ROU,BUL,3,1,"12,11,10,11|4,7,12,9",QR32,GRAND_SLAM,MD,1808,Qualification,FILIMON Lucian (ROU) / HENZELL William (AUS),GOLOVANOV Stanislav (BUL) / PAIKOV Mikhail (RUS),HENZELL William (AUS),PAIKOV Mikhail (RUS),3 - 1,12:4 11:7 10:12 11:9,FILIMON Lucian,2006
Serbian Open Belgrade 2006,2006-10-19,FILIMON Andrei/KARAKASEVIC Aleksandar,FENG Xiaoquan/PRESSLMAYER Bernhard,ROU,AUT,4,3,"11,11,11,11,11,6,11|9,7,6,13,13,11,6",QuarterFinal,GRAND_SLAM,MD,1808,Main Draw,FILIMON Andrei (ROU) / KARAKASEVIC Aleksandar (SRB),FENG Xiaoquan (AUT) / PRESSLMAYER Bernhard (AUT),KARAKASEVIC Aleksandar (SRB),PRESSLMAYER Bernhard (AUT),3 - 4,9:11 7:11 6:11 13:11 13:11 11:6 6:11,FILIMON Andrei,2006
Serbian Open Belgrade 2006,2006-10-19,GORAK Daniel/WANG Zengyi,HABESOHN Mathias/SIMONER Christoph,POL,AUT,4,1,"11,11,11,9,11|8,8,7,11,5",QuarterFinal,GRAND_SLAM,MD,1808,Main Draw,GORAK Daniel (POL) / WANG Zengyi (POL),HABESOHN Mathias (AUT) / SIMONER Christoph (AUT),WANG Zengyi (POL),SIMONER Christoph (AUT),1 - 4,8:11 8:11 7:11 11:9 5:11,GORAK Daniel,2006
Serbian Open Belgrade 2006,2006-10-19,HABESOHN Mathias/SIMONER Christoph,BORCIC Dorde/KLAJIC Dragan,AUT,SRB,3,0,"12,11,11|10,9,8",QR64,GRAND_SLAM,MD,1808,Qualification,HABESOHN Mathias (AUT) / SIMONER Christoph (AUT),BORCIC Dorde (SRB) / KLAJIC Dragan (SRB),SIMONER Christoph (AUT),KLAJIC Dragan (SRB),3 - 0,12:10 11:9 11:8,HABESOHN Mathias,2006
Serbian Open Belgrade 2006,2006-10-19,HABESOHN Mathias/SIMONER Christoph,URBANEK Jan/ZLAMAL Jaromir,AUT,CZE,3,0,"12,11,11|6,4,8",QR32,GRAND_SLAM,MD,1808,Qualification,HABESOHN Mathias (AUT) / SIMONER Christoph (AUT),URBANEK Jan (CZE) / ZLAMAL Jaromir (CZE),SIMONER Christoph (AUT),ZLAMAL Jaromir (CZE),3 - 0,12:6 11:4 11:8,HABESOHN Mathias,2006
Serbian Open Belgrade 2006,2006-10-19,HABESOHN Mathias/SIMONER Christoph,KONGSGAARD Christian/PETERSEN Christoffer,AUT,DEN,3,1,"11,11,11,11|13,2,5,9",QR16,GRAND_SLAM,MD,1808,Qualification,HABESOHN Mathias (AUT) / SIMONER Christoph (AUT),KONGSGAARD Christian (DEN) / PETERSEN Christoffer (DEN),SIMONER Christoph (AUT),PETERSEN Christoffer (DEN),3 - 1,11:13 11:2 11:5 11:9,HABESOHN Mathias,2006
Serbian Open Belgrade 2006,2006-10-19,FENG Xiaoquan/PRESSLMAYER Bernhard,HINDERSSON Mikkel/STERNBERG Kasper,AUT,DEN,3,1,"11,6,11,11|8,11,9,9",QR16,GRAND_SLAM,MD,1808,Qualification,FENG Xiaoquan (AUT) / PRESSLMAYER Bernhard (AUT),HINDERSSON Mikkel (DEN) / STERNBERG Kasper (DEN),PRESSLMAYER Bernhard (AUT),STERNBERG Kasper (DEN),3 - 1,11:8 6:11 11:9 11:9,FENG Xiaoquan,2006
Serbian Open Belgrade 2006,2006-10-19,KLASEK Marek/OLEJNIK Martin,DEVAUX Jimmy/ROGIERS Benjamin,CZE,FRA,3,0,,QR64,GRAND_SLAM,MD,1808,Qualification,KLASEK Marek (CZE) / OLEJNIK Martin (CZE),DEVAUX Jimmy (FRA) / ROGIERS Benjamin (BEL),OLEJNIK Martin (CZE),ROGIERS Benjamin (BEL),0 - 3,,KLASEK Marek,2006
Serbian Open Belgrade 2006,2006-10-19,SIMONCIK Josef/VOZICKY Bohumil,MILICEVIC Srdan/SEHIC Adnan,CZE,BIH,3,0,,QR128,GRAND_SLAM,MD,1808,Qualification,SIMONCIK Josef (CZE) / VOZICKY Bohumil (CZE),MILICEVIC Srdan (BIH) / SEHIC Adnan (BIH),VOZICKY Bohumil (CZE),SEHIC Adnan (BIH),0 - 3,,SIMONCIK Josef,2006
Serbian Open Belgrade 2006,2006-10-19,KAN Yo/YOSHIDA Kaii,GROZDANOV Grozdan/POPOV Kiril,JPN,BUL,3,0,"11,12,11|9,10,4",QR32,GRAND_SLAM,MD,1808,Qualification,KAN Yo (JPN) / YOSHIDA Kaii (JPN),GROZDANOV Grozdan (BUL) / POPOV Kiril (BUL),YOSHIDA Kaii (JPN),POPOV Kiril (BUL),0 - 3,9:11 10:12 4:11,KAN Yo,2006
Serbian Open Belgrade 2006,2006-10-19,SEREDA Peter/TOSIC Roko,FILIMON Lucian/HENZELL William,SVK,ROU,4,1,"11,12,11,10,11|3,10,5,12,9",R16,GRAND_SLAM,MD,1808,Main Draw,SEREDA Peter (SVK) / TOSIC Roko (CRO),FILIMON Lucian (ROU) / HENZELL William (AUS),TOSIC Roko (CRO),HENZELL William (AUS),4 - 1,11:3 12:10 11:5 10:12 11:9,SEREDA Peter,2006
Serbian Open Belgrade 2006,2006-10-19,SEREDA Peter/TOSIC Roko,KAN Yo/YOSHIDA Kaii,SVK,JPN,4,2,"11,9,11,11,7,11|5,11,4,7,11,3",QuarterFinal,GRAND_SLAM,MD,1808,Main Draw,SEREDA Peter (SVK) / TOSIC Roko (CRO),KAN Yo (JPN) / YOSHIDA Kaii (JPN),TOSIC Roko (CRO),YOSHIDA Kaii (JPN),4 - 2,11:5 9:11 11:4 11:7 7:11 11:3,SEREDA Peter,2006
Serbian Open Belgrade 2006,2006-10-19,GORAK Daniel/WANG Zengyi,SEREDA Peter/TOSIC Roko,POL,SVK,4,3,"13,12,11,9,9,12,11|11,10,7,11,11,14,5",SemiFinal,GRAND_SLAM,MD,1808,Main Draw,GORAK Daniel (POL) / WANG Zengyi (POL),SEREDA Peter (SVK) / TOSIC Roko (CRO),WANG Zengyi (POL),TOSIC Roko (CRO),3 - 4,11:13 10:12 7:11 11:9 11:9 14:12 5:11,GORAK Daniel,2006
Serbian Open Belgrade 2006,2006-10-19,KAN Yo/YOSHIDA Kaii,JUZBASIC Ivan/JUZBASIC Neven,JPN,CRO,3,1,"12,11,11,11|14,7,7,7",QR64,GRAND_SLAM,MD,1808,Qualification,KAN Yo (JPN) / YOSHIDA Kaii (JPN),JUZBASIC Ivan (CRO) / JUZBASIC Neven (CRO),YOSHIDA Kaii (JPN),JUZBASIC Neven (CRO),1 - 3,14:12 7:11 7:11 7:11,KAN Yo,2006
Serbian Open Belgrade 2006,2006-10-19,MOLNAR Krisztian/VARGA Zoltan,JAPEC Tomislav/KRIVIC Jakov,HUN,CRO,3,0,,QR64,GRAND_SLAM,MD,1808,Qualification,MOLNAR Krisztian (HUN) / VARGA Zoltan (HUN),JAPEC Tomislav (CRO) / KRIVIC Jakov (CRO),VARGA Zoltan (HUN),KRIVIC Jakov (CRO),0 - 3,,MOLNAR Krisztian,2006
Serbian Open Belgrade 2006,2006-10-19,KOLAREK Tomislav/SURBEK Dragutin,MLADENOV Dobrin/TANCHEV Vladislav,CRO,BUL,3,1,"11,10,11,11|8,12,4,6",QR64,GRAND_SLAM,MD,1808,Qualification,KOLAREK Tomislav (CRO) / SURBEK Dragutin (CRO),MLADENOV Dobrin (BUL) / TANCHEV Vladislav (BUL),SURBEK Dragutin (CRO),TANCHEV Vladislav (BUL),3 - 1,11:8 10:12 11:4 11:6,KOLAREK Tomislav,2006
Serbian Open Belgrade 2006,2006-10-19,APOLONIA Tiago/REDJEP Ronald,KOLAREK Tomislav/SURBEK Dragutin,POR,CRO,3,1,"15,11,7,11|13,7,11,8",QR32,GRAND_SLAM,MD,1808,Qualification,APOLONIA Tiago (POR) / REDJEP Ronald (CRO),KOLAREK Tomislav (CRO) / SURBEK Dragutin (CRO),REDJEP Ronald (CRO),SURBEK Dragutin (CRO),1 - 3,13:15 7:11 11:7 8:11,APOLONIA Tiago,2006
Serbian Open Belgrade 2006,2006-10-19,SIMONCIK Josef/VOZICKY Bohumil,JAKAB Janos/ZWICKL Daniel,CZE,HUN,4,0,"12,12,12,11|10,10,10,6",R16,GRAND_SLAM,MD,1808,Main Draw,SIMONCIK Josef (CZE) / VOZICKY Bohumil (CZE),JAKAB Janos (HUN) / ZWICKL Daniel (HUN),VOZICKY Bohumil (CZE),ZWICKL Daniel (HUN),4 - 0,12:10 12:10 12:10 11:6,SIMONCIK Josef,2006
Serbian Open Belgrade 2006,2006-10-19,GROZDANOV Grozdan/POPOV Kiril,DAVID Petr/KAUCKY Petr,BUL,CZE,3,2,"11,11,5,4,11|7,6,11,11,9",QR64,GRAND_SLAM,MD,1808,Qualification,GROZDANOV Grozdan (BUL) / POPOV Kiril (BUL),DAVID Petr (CZE) / KAUCKY Petr (CZE),POPOV Kiril (BUL),KAUCKY Petr (CZE),2 - 3,7:11 6:11 11:5 11:4 9:11,GROZDANOV Grozdan,2006
Serbian Open Belgrade 2006,2006-10-19,URBANEK Jan/ZLAMAL Jaromir,ABRAMOV Isaak/GRIGOREV Artur,CZE,ISR,3,0,,QR64,GRAND_SLAM,MD,1808,Qualification,URBANEK Jan (CZE) / ZLAMAL Jaromir (CZE),ABRAMOV Isaak (ISR) / GRIGOREV Artur (RUS),ZLAMAL Jaromir (CZE),GRIGOREV Artur (RUS),3 - 0,,URBANEK Jan,2006
Serbian Open Belgrade 2006,2006-10-19,SIMONCIK Josef/VOZICKY Bohumil,LASAN Sas/SLATINSEK Uros,CZE,SLO,3,0,"11,11,11|5,9,8",QR64,GRAND_SLAM,MD,1808,Qualification,SIMONCIK Josef (CZE) / VOZICKY Bohumil (CZE),LASAN Sas (SLO) / SLATINSEK Uros (SLO),VOZICKY Bohumil (CZE),SLATINSEK Uros (SLO),3 - 0,11:5 11:9 11:8,SIMONCIK Josef,2006
Serbian Open Belgrade 2006,2006-10-19,MUSKO Peter/VITSEK Ivan,KLEPRLIK Jakub/KLEPRLIK Michal,HUN,CZE,3,0,"11,13,11|7,11,7",QR64,GRAND_SLAM,MD,1808,Qualification,MUSKO Peter (HUN) / VITSEK Ivan (HUN),KLEPRLIK Jakub (CZE) / KLEPRLIK Michal (CZE),VITSEK Ivan (HUN),KLEPRLIK Michal (CZE),0 - 3,7:11 11:13 7:11,MUSKO Peter,2006
Serbian Open Belgrade 2006,2006-10-19,JANCARIK Lubomir/KONECNY Tomas,PALCEK Martin/SEREDA Tomas,CZE,SVK,3,0,"11,11,11|7,9,4",QR64,GRAND_SLAM,MD,1808,Qualification,JANCARIK Lubomir (CZE) / KONECNY Tomas (CZE),PALCEK Martin (SVK) / SEREDA Tomas (SVK),KONECNY Tomas (CZE),SEREDA Tomas (SVK),3 - 0,11:7 11:9 11:4,JANCARIK Lubomir,2006
Serbian Open Belgrade 2006,2006-10-19,JANCARIK Lubomir/KONECNY Tomas,GACINA Andrej/ZUBCIC Tomislav,CZE,CRO,3,1,"12,7,11,11|7,11,4,9",QR32,GRAND_SLAM,MD,1808,Qualification,JANCARIK Lubomir (CZE) / KONECNY Tomas (CZE),GACINA Andrej (CRO) / ZUBCIC Tomislav (CRO),KONECNY Tomas (CZE),ZUBCIC Tomislav (CRO),3 - 1,12:7 7:11 11:4 11:9,JANCARIK Lubomir,2006
Serbian Open Belgrade 2006,2006-10-19,SIMONCIK Josef/VOZICKY Bohumil,APOLONIA Tiago/REDJEP Ronald,CZE,POR,3,1,"8,11,11,11|11,7,7,7",QR16,GRAND_SLAM,MD,1808,Qualification,SIMONCIK Josef (CZE) / VOZICKY Bohumil (CZE),APOLONIA Tiago (POR) / REDJEP Ronald (CRO),VOZICKY Bohumil (CZE),REDJEP Ronald (CRO),3 - 1,8:11 11:7 11:7 11:7,SIMONCIK Josef,2006
Serbian Open Belgrade 2006,2006-10-19,CABESTANY Cedrik/PAZSY Ferenc,MONRAD Martin/TUGWELL Finn,FRA,DEN,4,0,,R16,GRAND_SLAM,MD,1808,Main Draw,CABESTANY Cedrik (FRA) / PAZSY Ferenc (HUN),MONRAD Martin (DEN) / TUGWELL Finn (DEN),PAZSY Ferenc (HUN),TUGWELL Finn (DEN),0 - 4,,CABESTANY Cedrik,2006
Serbian Open Belgrade 2006,2006-10-19,HINDERSSON Mikkel/STERNBERG Kasper,DIDUKH Oleksandr/ZHMUDENKO Yaroslav,DEN,UKR,3,2,"2,11,12,9,11|11,9,10,11,9",QR32,GRAND_SLAM,MD,1808,Qualification,HINDERSSON Mikkel (DEN) / STERNBERG Kasper (DEN),DIDUKH Oleksandr (UKR) / ZHMUDENKO Yaroslav (UKR),STERNBERG Kasper (DEN),ZHMUDENKO Yaroslav (UKR),3 - 2,2:11 11:9 12:10 9:11 11:9,HINDERSSON Mikkel,2006
Serbian Open Belgrade 2006,2006-10-19,FENG Xiaoquan/PRESSLMAYER Bernhard,BERTIN Christophe/BOBILLIER Loic,AUT,FRA,4,3,"11,12,11,5,11,9,11|5,14,8,11,7,11,8",R16,GRAND_SLAM,MD,1808,Main Draw,FENG Xiaoquan (AUT) / PRESSLMAYER Bernhard (AUT),BERTIN Christophe (FRA) / BOBILLIER Loic (FRA),PRESSLMAYER Bernhard (AUT),BOBILLIER Loic (FRA),3 - 4,5:11 14:12 8:11 11:5 7:11 11:9 8:11,FENG Xiaoquan,2006
Serbian Open Belgrade 2006,2006-10-19,DESPRES Rodolphe/MATTENET Adrien,FEBER Richard/KOSTAL Radek,FRA,CZE,3,0,"11,12,11|5,10,7",QR64,GRAND_SLAM,MD,1808,Qualification,DESPRES Rodolphe (FRA) / MATTENET Adrien (FRA),FEBER Richard (CZE) / KOSTAL Radek (CZE),MATTENET Adrien (FRA),KOSTAL Radek (CZE),3 - 0,11:5 12:10 11:7,DESPRES Rodolphe,2006
Serbian Open Belgrade 2006,2006-10-19,LENGEROV Kostadin/PICHLER Michael,YOKOYAMA Yuichi/ZHAO Yang,AUT,JPN,3,2,"6,11,6,11,11|11,4,11,5,9",QR64,GRAND_SLAM,MD,1808,Qualification,LENGEROV Kostadin (AUT) / PICHLER Michael (AUT),YOKOYAMA Yuichi (JPN) / ZHAO Yang (FRA),PICHLER Michael (AUT),ZHAO Yang (FRA),2 - 3,11:6 4:11 11:6 5:11 9:11,LENGEROV Kostadin,2006
Serbian Open Belgrade 2006,2006-10-19,APOLONIA Tiago/REDJEP Ronald,BEZARD Pierre/SALIFOU Abdel-Kader,POR,FRA,3,0,"11,13,11|6,11,5",QR64,GRAND_SLAM,MD,1808,Qualification,APOLONIA Tiago (POR) / REDJEP Ronald (CRO),BEZARD Pierre (FRA) / SALIFOU Abdel-Kader (BEN),REDJEP Ronald (CRO),SALIFOU Abdel-Kader (BEN),0 - 3,6:11 11:13 5:11,APOLONIA Tiago,2006
Serbian Open Belgrade 2006,2006-10-19,JEVTOVIC Marko/PETO Zsolt,JOVER Sebastien/LO Dany,SRB,FRA,3,0,"11,11,11|8,4,9",QR64,GRAND_SLAM,MD,1808,Qualification,JEVTOVIC Marko (SRB) / PETO Zsolt (SRB),JOVER Sebastien (FRA) / LO Dany (FRA),PETO Zsolt (SRB),LO Dany (FRA),0 - 3,8:11 4:11 9:11,JEVTOVIC Marko,2006
Serbian Open Belgrade 2006,2006-10-19,DESPRES Rodolphe/MATTENET Adrien,BALAZ Michal/KOBES Kristian,FRA,SVK,3,1,"6,11,11,11|11,8,8,8",QR32,GRAND_SLAM,MD,1808,Qualification,DESPRES Rodolphe (FRA) / MATTENET Adrien (FRA),BALAZ Michal (SVK) / KOBES Kristian (SVK),MATTENET Adrien (FRA),KOBES Kristian (SVK),3 - 1,6:11 11:8 11:8 11:8,DESPRES Rodolphe,2006
Serbian Open Belgrade 2006,2006-10-19,KONGSGAARD Christian/PETERSEN Christoffer,BAUBET Vincent/LEBESSON Emmanuel,DEN,FRA,3,0,"11,11,11|9,8,5",QR32,GRAND_SLAM,MD,1808,Qualification,KONGSGAARD Christian (DEN) / PETERSEN Christoffer (DEN),BAUBET Vincent (FRA) / LEBESSON Emmanuel (FRA),PETERSEN Christoffer (DEN),LEBESSON Emmanuel (FRA),0 - 3,9:11 8:11 5:11,KONGSGAARD Christian,2006
Serbian Open Belgrade 2006,2006-10-19,FILIMON Lucian/HENZELL William,DESPRES Rodolphe/MATTENET Adrien,ROU,FRA,3,2,"5,11,11,9,11|11,7,8,11,5",QR16,GRAND_SLAM,MD,1808,Qualification,FILIMON Lucian (ROU) / HENZELL William (AUS),DESPRES Rodolphe (FRA) / MATTENET Adrien (FRA),HENZELL William (AUS),MATTENET Adrien (FRA),2 - 3,11:5 7:11 8:11 11:9 5:11,FILIMON Lucian,2006
Serbian Open Belgrade 2006,2006-10-19,HABESOHN Mathias/SIMONER Christoph,GIONIS Panagiotis/PAPADIMITRIOU Dimitrios,AUT,GRE,4,2,"11,12,11,7,6,11|1,10,8,11,11,6",R16,GRAND_SLAM,MD,1808,Main Draw,HABESOHN Mathias (AUT) / SIMONER Christoph (AUT),GIONIS Panagiotis (GRE) / PAPADIMITRIOU Dimitrios (GRE),SIMONER Christoph (AUT),PAPADIMITRIOU Dimitrios (GRE),2 - 4,1:11 10:12 8:11 11:7 11:6 6:11,HABESOHN Mathias,2006
Serbian Open Belgrade 2006,2006-10-19,SIMONCIK Josef/VOZICKY Bohumil,CABESTANY Cedrik/PAZSY Ferenc,CZE,FRA,4,2,"11,6,14,9,11,11|9,11,12,11,3,5",QuarterFinal,GRAND_SLAM,MD,1808,Main Draw,SIMONCIK Josef (CZE) / VOZICKY Bohumil (CZE),CABESTANY Cedrik (FRA) / PAZSY Ferenc (HUN),VOZICKY Bohumil (CZE),PAZSY Ferenc (HUN),2 - 4,9:11 11:6 12:14 11:9 3:11 5:11,SIMONCIK Josef,2006
Serbian Open Belgrade 2006,2006-10-19,NAGY Krisztian/ZOMBORI David,ALILOVIC Samir/JUSKOVIC Nikola,HUN,MNE,3,0,"11,14,11|3,12,7",QR64,GRAND_SLAM,MD,1808,Qualification,NAGY Krisztian (HUN) / ZOMBORI David (HUN),ALILOVIC Samir (MNE) / JUSKOVIC Nikola (MNE),ZOMBORI David (HUN),JUSKOVIC Nikola (MNE),3 - 0,11:3 14:12 11:7,NAGY Krisztian,2006
Serbian Open Belgrade 2006,2006-10-19,CABESTANY Cedrik/PAZSY Ferenc,BUBA Ondrej/DEMEK Tomas,FRA,CZE,3,0,"11,11,11|8,3,1",QR64,GRAND_SLAM,MD,1808,Qualification,CABESTANY Cedrik (FRA) / PAZSY Ferenc (HUN),BUBA Ondrej (CZE) / DEMEK Tomas (CZE),PAZSY Ferenc (HUN),DEMEK Tomas (CZE),3 - 0,11:8 11:3 11:1,CABESTANY Cedrik,2006
Serbian Open Belgrade 2006,2006-10-19,NAGY Krisztian/ZOMBORI David,KLASEK Marek/OLEJNIK Martin,HUN,CZE,3,0,,QR32,GRAND_SLAM,MD,1808,Qualification,NAGY Krisztian (HUN) / ZOMBORI David (HUN),KLASEK Marek (CZE) / OLEJNIK Martin (CZE),ZOMBORI David (HUN),OLEJNIK Martin (CZE),3 - 0,,NAGY Krisztian,2006
Serbian Open Belgrade 2006,2006-10-19,CABESTANY Cedrik/PAZSY Ferenc,CROTTI Mattia/PIACENTINI Valentino,FRA,ITA,3,2,"12,9,11,6,11|6,11,6,11,8",QR32,GRAND_SLAM,MD,1808,Qualification,CABESTANY Cedrik (FRA) / PAZSY Ferenc (HUN),CROTTI Mattia (ITA) / PIACENTINI Valentino (ITA),PAZSY Ferenc (HUN),PIACENTINI Valentino (ITA),3 - 2,12:6 9:11 11:6 6:11 11:8,CABESTANY Cedrik,2006
Serbian Open Belgrade 2006,2006-10-19,MOLNAR Krisztian/VARGA Zoltan,LENGEROV Kostadin/PICHLER Michael,HUN,AUT,3,0,"12,11,11|6,8,8",QR32,GRAND_SLAM,MD,1808,Qualification,MOLNAR Krisztian (HUN) / VARGA Zoltan (HUN),LENGEROV Kostadin (AUT) / PICHLER Michael (AUT),VARGA Zoltan (HUN),PICHLER Michael (AUT),3 - 0,12:6 11:8 11:8,MOLNAR Krisztian,2006
Serbian Open Belgrade 2006,2006-10-19,FENG Xiaoquan/PRESSLMAYER Bernhard,MUSKO Peter/VITSEK Ivan,AUT,HUN,3,1,"11,11,11,11|14,6,7,5",QR32,GRAND_SLAM,MD,1808,Qualification,FENG Xiaoquan (AUT) / PRESSLMAYER Bernhard (AUT),MUSKO Peter (HUN) / VITSEK Ivan (HUN),PRESSLMAYER Bernhard (AUT),VITSEK Ivan (HUN),1 - 3,14:11 6:11 7:11 5:11,FENG Xiaoquan,2006
Serbian Open Belgrade 2006,2006-10-19,CABESTANY Cedrik/PAZSY Ferenc,MOLNAR Krisztian/VARGA Zoltan,FRA,HUN,3,1,"11,11,5,11|7,6,11,4",QR16,GRAND_SLAM,MD,1808,Qualification,CABESTANY Cedrik (FRA) / PAZSY Ferenc (HUN),MOLNAR Krisztian (HUN) / VARGA Zoltan (HUN),PAZSY Ferenc (HUN),VARGA Zoltan (HUN),3 - 1,11:7 11:6 5:11 11:4,CABESTANY Cedrik,2006
Serbian Open Belgrade 2006,2006-10-19,DIDUKH Oleksandr/ZHMUDENKO Yaroslav,REDINI Alberto/TAROCCO Andrea,UKR,ITA,3,0,"11,11,11|9,6,7",QR64,GRAND_SLAM,MD,1808,Qualification,DIDUKH Oleksandr (UKR) / ZHMUDENKO Yaroslav (UKR),REDINI Alberto (ITA) / TAROCCO Andrea (ITA),ZHMUDENKO Yaroslav (UKR),TAROCCO Andrea (ITA),0 - 3,9:11 6:11 7:11,DIDUKH Oleksandr,2006
Serbian Open Belgrade 2006,2006-10-19,KAN Yo/YOSHIDA Kaii,AXELQVIST Johan/SVENSSON Robert,JPN,SWE,4,1,"10,11,11,11,11|12,7,8,8,7",R16,GRAND_SLAM,MD,1808,Main Draw,KAN Yo (JPN) / YOSHIDA Kaii (JPN),AXELQVIST Johan (SWE) / SVENSSON Robert (SWE),YOSHIDA Kaii (JPN),SVENSSON Robert (SWE),4 - 1,10:12 11:7 11:8 11:8 11:7,KAN Yo,2006
Serbian Open Belgrade 2006,2006-10-19,KEEN Trinko/WIJERS Barry,DIVOVIC Almir/MUJIC Elvis,NED,BIH,3,0,,QR64,GRAND_SLAM,MD,1808,Qualification,KEEN Trinko (NED) / WIJERS Barry (NED),DIVOVIC Almir (BIH) / MUJIC Elvis (BIH),WIJERS Barry (NED),MUJIC Elvis (BIH),3 - 0,,KEEN Trinko,2006
Serbian Open Belgrade 2006,2006-10-19,CIOTI Constantin/FILIMON Andrei,KEEN Trinko/WIJERS Barry,ROU,NED,3,1,"11,11,4,11|6,8,11,6",QR32,GRAND_SLAM,MD,1808,Qualification,CIOTI Constantin (ROU) / FILIMON Andrei (ROU),KEEN Trinko (NED) / WIJERS Barry (NED),FILIMON Andrei (ROU),WIJERS Barry (NED),1 - 3,6:11 8:11 11:4 6:11,CIOTI Constantin,2006
Serbian Open Belgrade 2006,2006-10-19,FENG Xiaoquan/PRESSLMAYER Bernhard,CHMIEL Pawel/CHMIEL Piotr,AUT,POL,3,0,"11,11,12|8,3,10",QR64,GRAND_SLAM,MD,1808,Qualification,FENG Xiaoquan (AUT) / PRESSLMAYER Bernhard (AUT),CHMIEL Pawel (POL) / CHMIEL Piotr (POL),PRESSLMAYER Bernhard (AUT),CHMIEL Piotr (POL),0 - 3,8:11 3:11 10:12,FENG Xiaoquan,2006
Serbian Open Belgrade 2006,2006-10-19,HINDERSSON Mikkel/STERNBERG Kasper,GAVRILOV Denis/MALICKI Szymon,DEN,RUS,3,0,,QR64,GRAND_SLAM,MD,1808,Qualification,HINDERSSON Mikkel (DEN) / STERNBERG Kasper (DEN),GAVRILOV Denis (RUS) / MALICKI Szymon (POL),STERNBERG Kasper (DEN),MALICKI Szymon (POL),0 - 3,,HINDERSSON Mikkel,2006
Serbian Open Belgrade 2006,2006-10-19,KARAKASEVIC Aleksandar/FILIMON Andrei,NAGY Krisztian/ZOMBORI David,SRB,HUN,3,1,"11,9,12,11|9,11,10,6",QR16,GRAND_SLAM,MD,1808,Qualification,KARAKASEVIC Aleksandar (SRB) / FILIMON Andrei (ROU),NAGY Krisztian (HUN) / ZOMBORI David (HUN),FILIMON Andrei (ROU),ZOMBORI David (HUN),3 - 1,11:9 9:11 12:10 11:6,KARAKASEVIC Aleksandar,2006
Serbian Open Belgrade 2006,2006-10-19,LIVENTSOV Alexey/RUBTSOV Igor,CRHA Jakub/JEZO Filip,RUS,CZE,3,0,"11,11,11|4,6,5",QR64,GRAND_SLAM,MD,1808,Qualification,LIVENTSOV Alexey (RUS) / RUBTSOV Igor (RUS),CRHA Jakub (CZE) / JEZO Filip (SVK),RUBTSOV Igor (RUS),JEZO Filip (SVK),3 - 0,11:4 11:6 11:5,LIVENTSOV Alexey,2006
Serbian Open Belgrade 2006,2006-10-19,GOLOVANOV Stanislav/PAIKOV Mikhail,PERSSON Jon/VOSTES Yannick,BUL,SWE,3,2,"7,11,8,11,11|11,4,11,6,8",QR64,GRAND_SLAM,MD,1808,Qualification,GOLOVANOV Stanislav (BUL) / PAIKOV Mikhail (RUS),PERSSON Jon (SWE) / VOSTES Yannick (BEL),PAIKOV Mikhail (RUS),VOSTES Yannick (BEL),3 - 2,7:11 11:4 8:11 11:6 11:8,GOLOVANOV Stanislav,2006
Serbian Open Belgrade 2006,2006-10-19,ANDRIANOV Sergei/SKACHKOV Kirill,DIZDAREVIC Mirza/PEJAK Djordje,RUS,BIH,3,0,,QR64,GRAND_SLAM,MD,1808,Qualification,ANDRIANOV Sergei (RUS) / SKACHKOV Kirill (RUS),DIZDAREVIC Mirza (BIH) / PEJAK Djordje (SRB),SKACHKOV Kirill (RUS),PEJAK Djordje (SRB),3 - 0,,ANDRIANOV Sergei,2006
Serbian Open Belgrade 2006,2006-10-19,BUROV Viacheslav/KOMOV Alexander,MAGYAR Laszlo/PATTANTYUS Adam,RUS,HUN,3,2,"9,12,4,13,11|11,10,11,11,7",QR64,GRAND_SLAM,MD,1808,Qualification,BUROV Viacheslav (RUS) / KOMOV Alexander (RUS),MAGYAR Laszlo (HUN) / PATTANTYUS Adam (HUN),KOMOV Alexander (RUS),PATTANTYUS Adam (HUN),3 - 2,9:11 12:10 4:11 13:11 11:7,BUROV Viacheslav,2006
Serbian Open Belgrade 2006,2006-10-19,LIVENTSOV Alexey/RUBTSOV Igor,DIDUKH Viktor/PRYSHCHEPA Ievgen,RUS,UKR,3,0,"12,11,11|9,8,7",QR32,GRAND_SLAM,MD,1808,Qualification,LIVENTSOV Alexey (RUS) / RUBTSOV Igor (RUS),DIDUKH Viktor (UKR) / PRYSHCHEPA Ievgen (UKR),RUBTSOV Igor (RUS),PRYSHCHEPA Ievgen (UKR),3 - 0,12:9 11:8 11:7,LIVENTSOV Alexey,2006
Serbian Open Belgrade 2006,2006-10-19,SIMONCIK Josef/VOZICKY Bohumil,ANDRIANOV Sergei/SKACHKOV Kirill,CZE,RUS,3,1,"11,12,9,11|7,10,11,8",QR32,GRAND_SLAM,MD,1808,Qualification,SIMONCIK Josef (CZE) / VOZICKY Bohumil (CZE),ANDRIANOV Sergei (RUS) / SKACHKOV Kirill (RUS),VOZICKY Bohumil (CZE),SKACHKOV Kirill (RUS),1 - 3,7:11 10:12 11:9 8:11,SIMONCIK Josef,2006
Serbian Open Belgrade 2006,2006-10-19,KAN Yo/YOSHIDA Kaii,LIVENTSOV Alexey/RUBTSOV Igor,JPN,RUS,3,1,"4,11,11,11|11,8,5,9",QR16,GRAND_SLAM,MD,1808,Qualification,KAN Yo (JPN) / YOSHIDA Kaii (JPN),LIVENTSOV Alexey (RUS) / RUBTSOV Igor (RUS),YOSHIDA Kaii (JPN),RUBTSOV Igor (RUS),1 - 3,11:4 8:11 5:11 9:11,KAN Yo,2006
Serbian Open Belgrade 2006,2006-10-19,LASAN Sas/SLATINSEK Uros,KATKOV Ivan/RENOUVIN Xavier,SLO,UKR,3,0,,QR128,GRAND_SLAM,MD,1808,Qualification,LASAN Sas (SLO) / SLATINSEK Uros (SLO),KATKOV Ivan (UKR) / RENOUVIN Xavier (FRA),SLATINSEK Uros (SLO),RENOUVIN Xavier (FRA),3 - 0,,LASAN Sas,2006
Serbian Open Belgrade 2006,2006-10-19,CIOTI Constantin/FILIMON Andrei,KITTENBERGER Hiroshi/ZIBRAT Jan,ROU,AUT,3,0,"11,11,11|9,6,3",QR64,GRAND_SLAM,MD,1808,Qualification,CIOTI Constantin (ROU) / FILIMON Andrei (ROU),KITTENBERGER Hiroshi (AUT) / ZIBRAT Jan (SLO),FILIMON Andrei (ROU),ZIBRAT Jan (SLO),0 - 3,9:11 6:11 3:11,CIOTI Constantin,2006
Serbian Open Belgrade 2006,2006-10-19,GACINA Andrej/ZUBCIC Tomislav,STEFANELLI Andrea/VANNUCCI Marco,CRO,SMR,3,0,"11,11,11|8,8,6",QR64,GRAND_SLAM,MD,1808,Qualification,GACINA Andrej (CRO) / ZUBCIC Tomislav (CRO),STEFANELLI Andrea (SMR) / VANNUCCI Marco (SMR),ZUBCIC Tomislav (CRO),VANNUCCI Marco (SMR),0 - 3,8:11 8:11 6:11,GACINA Andrej,2006
Serbian Open Belgrade 2006,2006-10-19,FILIMON Andrei/KARAKASEVIC Aleksandar,MILOSEVIC Bojan/VUKELIC Boris,ROU,SRB,4,2,"4,11,11,11,7,12|11,6,9,8,11,10",R16,GRAND_SLAM,MD,1808,Main Draw,FILIMON Andrei (ROU) / KARAKASEVIC Aleksandar (SRB),MILOSEVIC Bojan (SRB) / VUKELIC Boris (SRB),KARAKASEVIC Aleksandar (SRB),VUKELIC Boris (SRB),4 - 2,4:11 11:6 11:9 11:8 7:11 12:10,FILIMON Andrei,2006
Serbian Open Belgrade 2006,2006-10-19,GORAK Daniel/WANG Zengyi,JEVTOVIC Marko/PETO Zsolt,POL,SRB,4,3,"12,11,8,11,8,7,11|10,6,11,7,11,11,8",R16,GRAND_SLAM,MD,1808,Main Draw,GORAK Daniel (POL) / WANG Zengyi (POL),JEVTOVIC Marko (SRB) / PETO Zsolt (SRB),WANG Zengyi (POL),PETO Zsolt (SRB),3 - 4,10:12 6:11 11:8 7:11 11:8 11:7 8:11,GORAK Daniel,2006
Serbian Open Belgrade 2006,2006-10-19,FILIMON Andrei/KARAKASEVIC Aleksandar,SIMONCIK Josef/VOZICKY Bohumil,ROU,CZE,4,2,"13,10,12,11,4,11|11,12,10,9,11,8",SemiFinal,GRAND_SLAM,MD,1808,Main Draw,FILIMON Andrei (ROU) / KARAKASEVIC Aleksandar (SRB),SIMONCIK Josef (CZE) / VOZICKY Bohumil (CZE),KARAKASEVIC Aleksandar (SRB),VOZICKY Bohumil (CZE),4 - 2,13:11 10:12 12:10 11:9 4:11 11:8,FILIMON Andrei,2006
Serbian Open Belgrade 2006,2006-10-19,FILIMON Andrei/KARAKASEVIC Aleksandar,GORAK Daniel/WANG Zengyi,ROU,POL,4,1,"11,9,11,11,11|5,11,8,5,5",Final,GRAND_SLAM,MD,1808,Main Draw,FILIMON Andrei (ROU) / KARAKASEVIC Aleksandar (SRB),GORAK Daniel (POL) / WANG Zengyi (POL),KARAKASEVIC Aleksandar (SRB),WANG Zengyi (POL),4 - 1,11:5 9:11 11:8 11:5 11:5,FILIMON Andrei,2006
Serbian Open Belgrade 2006,2006-10-19,DIDUKH Viktor/PRYSHCHEPA Ievgen,KOSZO Atila/NAMESTOVSKI Atila,UKR,SRB,3,0,"11,13,12|6,11,10",QR64,GRAND_SLAM,MD,1808,Qualification,DIDUKH Viktor (UKR) / PRYSHCHEPA Ievgen (UKR),KOSZO Atila (SRB) / NAMESTOVSKI Atila (SRB),PRYSHCHEPA Ievgen (UKR),NAMESTOVSKI Atila (SRB),0 - 3,6:11 11:13 10:12,DIDUKH Viktor,2006
Serbian Open Belgrade 2006,2006-10-19,JEVTOVIC Marko/PETO Zsolt,BUROV Viacheslav/KOMOV Alexander,SRB,RUS,3,0,"12,11,11|4,9,6",QR32,GRAND_SLAM,MD,1808,Qualification,JEVTOVIC Marko (SRB) / PETO Zsolt (SRB),BUROV Viacheslav (RUS) / KOMOV Alexander (RUS),PETO Zsolt (SRB),KOMOV Alexander (RUS),3 - 0,12:4 11:9 11:6,JEVTOVIC Marko,2006
Serbian Open Belgrade 2006,2006-10-19,JEVTOVIC Marko/PETO Zsolt,JANCARIK Lubomir/KONECNY Tomas,SRB,CZE,3,0,"13,11,11|11,6,5",QR16,GRAND_SLAM,MD,1808,Qualification,JEVTOVIC Marko (SRB) / PETO Zsolt (SRB),JANCARIK Lubomir (CZE) / KONECNY Tomas (CZE),PETO Zsolt (SRB),KONECNY Tomas (CZE),3 - 0,13:11 11:6 11:5,JEVTOVIC Marko,2006
Serbian Open Belgrade 2006,2006-10-19,BALAZ Michal/KOBES Kristian,IGNJATOV Nemanja/PETO Zoltan,SVK,SRB,3,2,"11,5,11,10,13|5,11,7,12,11",QR64,GRAND_SLAM,MD,1808,Qualification,BALAZ Michal (SVK) / KOBES Kristian (SVK),IGNJATOV Nemanja (SRB) / PETO Zoltan (SRB),KOBES Kristian (SVK),PETO Zoltan (SRB),3 - 2,11:5 5:11 11:7 10:12 13:11,BALAZ Michal,2006
Serbian Open Belgrade 2006,2006-10-19,KONGSGAARD Christian/PETERSEN Christoffer,BARDON Michal/ILLAS Erik,DEN,SVK,3,1,"11,11,10,11|8,6,12,8",QR64,GRAND_SLAM,MD,1808,Qualification,KONGSGAARD Christian (DEN) / PETERSEN Christoffer (DEN),BARDON Michal (SVK) / ILLAS Erik (SVK),PETERSEN Christoffer (DEN),ILLAS Erik (SVK),1 - 3,8:11 6:11 12:10 8:11,KONGSGAARD Christian,2006
Serbian Open Belgrade 2006,2006-10-19,MATZKE Laura/SOLJA Amelie,FADEEVA Oxana/VORONOVA Anastasia,GER,RUS,4,2,"11,6,7,11,11,11|6,11,11,6,7,7",R16,GRAND_SLAM,WD,1808,Main Draw,MATZKE Laura (GER) / SOLJA Amelie (AUT),FADEEVA Oxana (RUS) / VORONOVA Anastasia (RUS),SOLJA Amelie (AUT),VORONOVA Anastasia (RUS),4 - 2,11:6 6:11 7:11 11:6 11:7 11:7,MATZKE Laura,2006
Serbian Open Belgrade 2006,2006-10-19,STEFANOVA Nikoleta/TAN Wenling,MATZKE Laura/SOLJA Amelie,ITA,GER,4,0,"11,11,11,11|9,5,9,5",SemiFinal,GRAND_SLAM,WD,1808,Main Draw,STEFANOVA Nikoleta (ITA) / TAN Wenling (ITA),MATZKE Laura (GER) / SOLJA Amelie (AUT),TAN Wenling (ITA),SOLJA Amelie (AUT),0 - 4,9:11 5:11 9:11 5:11,STEFANOVA Nikoleta,2006
Serbian Open Belgrade 2006,2006-10-19,MATZKE Laura/SOLJA Amelie,CREEMERS Linda/MAMALIGA Andreea,GER,NED,3,2,"11,7,9,11,11|9,11,11,7,8",QR64,GRAND_SLAM,WD,1808,Qualification,MATZKE Laura (GER) / SOLJA Amelie (AUT),CREEMERS Linda (NED) / MAMALIGA Andreea (ROU),SOLJA Amelie (AUT),MAMALIGA Andreea (ROU),3 - 2,11:9 7:11 9:11 11:7 11:8,MATZKE Laura,2006
Serbian Open Belgrade 2006,2006-10-19,MATZKE Laura/SOLJA Amelie,POHAR Martina/TODOROVIC Biljana,GER,SLO,3,1,"11,11,8,11|4,9,11,4",QR16,GRAND_SLAM,WD,1808,Qualification,MATZKE Laura (GER) / SOLJA Amelie (AUT),POHAR Martina (SLO) / TODOROVIC Biljana (SLO),SOLJA Amelie (AUT),TODOROVIC Biljana (SLO),3 - 1,11:4 11:9 8:11 11:4,MATZKE Laura,2006
Serbian Open Belgrade 2006,2006-10-19,CSERNYIK Ildiko/OPDENCAMP Karen,BURGAR Spela/TOMAZINI Jana,HUN,SLO,3,0,,QR64,GRAND_SLAM,WD,1808,Qualification,CSERNYIK Ildiko (HUN) / OPDENCAMP Karen (BEL),BURGAR Spela (SLO) / TOMAZINI Jana (SLO),OPDENCAMP Karen (BEL),TOMAZINI Jana (SLO),3 - 0,,CSERNYIK Ildiko,2006
Serbian Open Belgrade 2006,2006-10-19,KONISHI An/ONO Shiho,ANTONIC Miljana/KERKEZ Dragana,JPN,BIH,3,0,"11,11,11|7,4,3",QR16,GRAND_SLAM,WD,1808,Qualification,KONISHI An (JPN) / ONO Shiho (JPN),ANTONIC Miljana (BIH) / KERKEZ Dragana (BIH),ONO Shiho (JPN),KERKEZ Dragana (BIH),0 - 3,7:11 4:11 3:11,KONISHI An,2006
Serbian Open Belgrade 2006,2006-10-19,MISHEVA Iliana/PETROVA Zhana,CAHOREAU Nathalie/COULIBALY Dieniouma,BUL,FRA,3,0,,QR32,GRAND_SLAM,WD,1808,Qualification,MISHEVA Iliana (BUL) / PETROVA Zhana (BUL),CAHOREAU Nathalie (FRA) / COULIBALY Dieniouma (FRA),PETROVA Zhana (BUL),COULIBALY Dieniouma (FRA),3 - 0,,MISHEVA Iliana,2006
Serbian Open Belgrade 2006,2006-10-19,MATZKE Laura/SOLJA Amelie,PAOVIC Sandra/MOLNAR Cornelia,GER,CRO,3,0,"12,11,13|10,4,11",QR32,GRAND_SLAM,WD,1808,Qualification,MATZKE Laura (GER) / SOLJA Amelie (AUT),PAOVIC Sandra (CRO) / MOLNAR Cornelia (CRO),SOLJA Amelie (AUT),MOLNAR Cornelia (CRO),0 - 3,10:12 4:11 11:13,MATZKE Laura,2006
Serbian Open Belgrade 2006,2006-10-19,STEFANOVA Nikoleta/TAN Wenling,GOBEL Jessica/VACENOVSKA Iveta,ITA,GER,4,2,"8,11,11,7,11,11|11,4,7,11,6,9",R16,GRAND_SLAM,WD,1808,Main Draw,STEFANOVA Nikoleta (ITA) / TAN Wenling (ITA),GOBEL Jessica (GER) / VACENOVSKA Iveta (CZE),TAN Wenling (ITA),VACENOVSKA Iveta (CZE),2 - 4,11:8 4:11 7:11 11:7 6:11 9:11,STEFANOVA Nikoleta,2006
Serbian Open Belgrade 2006,2006-10-19,CECHOVA Dana/SMISTIKOVA Martina,BARNA Blanka/MANCIC Tatjana,CZE,SRB,3,0,,QR64,GRAND_SLAM,WD,1808,Qualification,CECHOVA Dana (CZE) / SMISTIKOVA Martina (CZE),BARNA Blanka (SRB) / MANCIC Tatjana (SRB),SMISTIKOVA Martina (CZE),MANCIC Tatjana (SRB),3 - 0,,CECHOVA Dana,2006
Serbian Open Belgrade 2006,2006-10-19,KONISHI An/ONO Shiho,BARTOSOVA Hana/PENKAVOVA Katerina,JPN,CZE,3,0,"11,11,11|9,8,7",QR32,GRAND_SLAM,WD,1808,Qualification,KONISHI An (JPN) / ONO Shiho (JPN),BARTOSOVA Hana (CZE) / PENKAVOVA Katerina (CZE),ONO Shiho (JPN),PENKAVOVA Katerina (CZE),0 - 3,9:11 8:11 7:11,KONISHI An,2006
Serbian Open Belgrade 2006,2006-10-19,GOBEL Jessica/VACENOVSKA Iveta,GOLOTA Marta/PARTYKA Natalia,GER,POL,3,1,"11,11,5,11|6,8,11,9",QR32,GRAND_SLAM,WD,1808,Qualification,GOBEL Jessica (GER) / VACENOVSKA Iveta (CZE),GOLOTA Marta (POL) / PARTYKA Natalia (POL),VACENOVSKA Iveta (CZE),PARTYKA Natalia (POL),3 - 1,11:6 11:8 5:11 11:9,GOBEL Jessica,2006
Serbian Open Belgrade 2006,2006-10-19,SCHALL Elke/WU Jiaduo,CECHOVA Dana/SMISTIKOVA Martina,GER,CZE,3,0,"14,13,15|12,11,13",QR32,GRAND_SLAM,WD,1808,Qualification,SCHALL Elke (GER) / WU Jiaduo (GER),CECHOVA Dana (CZE) / SMISTIKOVA Martina (CZE),WU Jiaduo (GER),SMISTIKOVA Martina (CZE),0 - 3,12:14 11:13 13:15,SCHALL Elke,2006
Serbian Open Belgrade 2006,2006-10-19,GOBEL Jessica/VACENOVSKA Iveta,HAPONOVA Hanna/BILENKO Tetyana,GER,UKR,3,1,"13,11,6,14|11,6,11,12",QR16,GRAND_SLAM,WD,1808,Qualification,GOBEL Jessica (GER) / VACENOVSKA Iveta (CZE),HAPONOVA Hanna (UKR) / BILENKO Tetyana (UKR),VACENOVSKA Iveta (CZE),BILENKO Tetyana (UKR),3 - 1,13:11 11:6 6:11 14:12,GOBEL Jessica,2006
Serbian Open Belgrade 2006,2006-10-19,KNEZEVIC Monika/TAPAI Timea,KASABOVA Asya/SKOV Mie,SRB,BUL,3,0,,QR64,GRAND_SLAM,WD,1808,Qualification,KNEZEVIC Monika (SRB) / TAPAI Timea (SRB),KASABOVA Asya (BUL) / SKOV Mie (DEN),TAPAI Timea (SRB),SKOV Mie (DEN),0 - 3,,KNEZEVIC Monika,2006
Serbian Open Belgrade 2006,2006-10-19,XIAN Yifang/LI Xue,CSERNYIK Ildiko/OPDENCAMP Karen,FRA,HUN,3,2,"5,8,11,11,11|11,11,1,6,4",QR32,GRAND_SLAM,WD,1808,Qualification,XIAN Yifang (FRA) / LI Xue (FRA),CSERNYIK Ildiko (HUN) / OPDENCAMP Karen (BEL),LI Xue (FRA),OPDENCAMP Karen (BEL),3 - 2,5:11 8:11 11:1 11:6 11:4,XIAN Yifang,2006
Serbian Open Belgrade 2006,2006-10-19,XIAN Yifang/LI Xue,LONG Judy (Zhu)/ZHANG Mo,FRA,CAN,3,0,"12,11,11|10,8,4",QR16,GRAND_SLAM,WD,1808,Qualification,XIAN Yifang (FRA) / LI Xue (FRA),LONG Judy (Zhu) (CAN) / ZHANG Mo (CAN),LI Xue (FRA),ZHANG Mo (CAN),3 - 0,12:10 11:8 11:4,XIAN Yifang,2006
Serbian Open Belgrade 2006,2006-10-19,LANG Kristin/ROBERTSON Laura,BAK Natalia/PIETKIEWICZ Monika,GER,POL,3,2,"9,7,11,11,11|11,11,8,9,7",QR32,GRAND_SLAM,WD,1808,Qualification,LANG Kristin (GER) / ROBERTSON Laura (GER),BAK Natalia (POL) / PIETKIEWICZ Monika (POL),ROBERTSON Laura (GER),PIETKIEWICZ Monika (POL),3 - 2,9:11 7:11 11:8 11:9 11:7,LANG Kristin,2006
Serbian Open Belgrade 2006,2006-10-19,LANG Kristin/ROBERTSON Laura,MISHEVA Iliana/PETROVA Zhana,GER,BUL,3,0,"11,11,13|4,6,11",QR16,GRAND_SLAM,WD,1808,Qualification,LANG Kristin (GER) / ROBERTSON Laura (GER),MISHEVA Iliana (BUL) / PETROVA Zhana (BUL),ROBERTSON Laura (GER),PETROVA Zhana (BUL),3 - 0,11:4 11:6 13:11,LANG Kristin,2006
Serbian Open Belgrade 2006,2006-10-19,PERGEL Szandra/POTA Georgina,XIAN Yifang/LI Xue,HUN,FRA,4,3,"2,13,5,10,11,11,11|11,11,11,12,9,3,8",R16,GRAND_SLAM,WD,1808,Main Draw,PERGEL Szandra (HUN) / POTA Georgina (HUN),XIAN Yifang (FRA) / LI Xue (FRA),POTA Georgina (HUN),LI Xue (FRA),4 - 3,2:11 13:11 5:11 10:12 11:9 11:3 11:8,PERGEL Szandra,2006
Serbian Open Belgrade 2006,2006-10-19,MATZKE Laura/SOLJA Amelie,PERGEL Szandra/POTA Georgina,GER,HUN,4,2,"9,11,9,12,12,11|11,9,11,10,10,8",QuarterFinal,GRAND_SLAM,WD,1808,Main Draw,MATZKE Laura (GER) / SOLJA Amelie (AUT),PERGEL Szandra (HUN) / POTA Georgina (HUN),SOLJA Amelie (AUT),POTA Georgina (HUN),2 - 4,11:9 9:11 11:9 10:12 10:12 8:11,MATZKE Laura,2006
Serbian Open Belgrade 2006,2006-10-19,ANTONIC Miljana/KERKEZ Dragana,SIVEC Sashka/PETERMAN-VARGA Timea,BIH,SLO,3,1,"15,2,11,11|13,11,8,9",QR64,GRAND_SLAM,WD,1808,Qualification,ANTONIC Miljana (BIH) / KERKEZ Dragana (BIH),SIVEC Sashka (SLO) / PETERMAN-VARGA Timea (HUN),KERKEZ Dragana (BIH),PETERMAN-VARGA Timea (HUN),1 - 3,13:15 11:2 8:11 9:11,ANTONIC Miljana,2006
Serbian Open Belgrade 2006,2006-10-19,BADESCU Otilia/KREKINA Svetlana,AMBRUS Timea/KOKAI Agnes,ROU,HUN,3,0,"11,11,11|8,3,9",QR32,GRAND_SLAM,WD,1808,Qualification,BADESCU Otilia (ROU) / KREKINA Svetlana (RUS),AMBRUS Timea (HUN) / KOKAI Agnes (HUN),KREKINA Svetlana (RUS),KOKAI Agnes (HUN),0 - 3,8:11 3:11 9:11,BADESCU Otilia,2006
Serbian Open Belgrade 2006,2006-10-19,JUHASZ Mariann/LI Bin,GRUNDISCH Carole/PHAI PANG Laurie,HUN,FRA,3,2,"8,11,7,12,11|11,8,11,10,8",QR32,GRAND_SLAM,WD,1808,Qualification,JUHASZ Mariann (HUN) / LI Bin (HUN),GRUNDISCH Carole (FRA) / PHAI PANG Laurie (FRA),LI Bin (HUN),PHAI PANG Laurie (FRA),3 - 2,8:11 11:8 7:11 12:10 11:8,JUHASZ Mariann,2006
Serbian Open Belgrade 2006,2006-10-19,FUJINUMA Ai/HIRANO Sayaka,BADESCU Otilia/KREKINA Svetlana,JPN,ROU,4,1,"11,12,8,11,11|7,10,11,5,3",R16,GRAND_SLAM,WD,1808,Main Draw,FUJINUMA Ai (JPN) / HIRANO Sayaka (JPN),BADESCU Otilia (ROU) / KREKINA Svetlana (RUS),HIRANO Sayaka (JPN),KREKINA Svetlana (RUS),4 - 1,11:7 12:10 8:11 11:5 11:3,FUJINUMA Ai,2006
Serbian Open Belgrade 2006,2006-10-19,KONISHI An/ONO Shiho,KERTAI Rita/LOVAS Petra,JPN,HUN,4,0,"11,11,11,11|7,8,7,3",R16,GRAND_SLAM,WD,1808,Main Draw,KONISHI An (JPN) / ONO Shiho (JPN),KERTAI Rita (HUN) / LOVAS Petra (HUN),ONO Shiho (JPN),LOVAS Petra (HUN),4 - 0,11:7 11:8 11:7 11:3,KONISHI An,2006
Serbian Open Belgrade 2006,2006-10-19,FUJINUMA Ai/HIRANO Sayaka,KONISHI An/ONO Shiho,JPN,JPN,4,1,"11,11,6,13,11|8,9,11,11,5",QuarterFinal,GRAND_SLAM,WD,1808,Main Draw,FUJINUMA Ai (JPN) / HIRANO Sayaka (JPN),KONISHI An (JPN) / ONO Shiho (JPN),HIRANO Sayaka (JPN),ONO Shiho (JPN),4 - 1,11:8 11:9 6:11 13:11 11:5,FUJINUMA Ai,2006
Serbian Open Belgrade 2006,2006-10-19,FUJINUMA Ai/HIRANO Sayaka,FUKUOKA Haruna/HIURA Reiko,JPN,JPN,4,2,"11,6,11,11,13,13|5,11,7,6,15,11",SemiFinal,GRAND_SLAM,WD,1808,Main Draw,FUJINUMA Ai (JPN) / HIRANO Sayaka (JPN),FUKUOKA Haruna (JPN) / HIURA Reiko (JPN),HIRANO Sayaka (JPN),HIURA Reiko (JPN),4 - 2,11:5 6:11 11:7 11:6 13:15 13:11,FUJINUMA Ai,2006
Serbian Open Belgrade 2006,2006-10-19,STEFANOVA Nikoleta/TAN Wenling,FUJINUMA Ai/HIRANO Sayaka,ITA,JPN,4,2,"9,9,11,11,11,11|11,11,9,9,4,3",Final,GRAND_SLAM,WD,1808,Main Draw,STEFANOVA Nikoleta (ITA) / TAN Wenling (ITA),FUJINUMA Ai (JPN) / HIRANO Sayaka (JPN),TAN Wenling (ITA),HIRANO Sayaka (JPN),2 - 4,11:9 11:9 9:11 9:11 4:11 3:11,STEFANOVA Nikoleta,2006
Serbian Open Belgrade 2006,2006-10-19,NISHII Yuka/TASEI Mikie,ERDELJI Anamaria/RECKO Ema,JPN,SRB,3,0,"11,12,11|7,10,7",QR32,GRAND_SLAM,WD,1808,Qualification,NISHII Yuka (JPN) / TASEI Mikie (JPN),ERDELJI Anamaria (SRB) / RECKO Ema (SRB),TASEI Mikie (JPN),RECKO Ema (SRB),3 - 0,11:7 12:10 11:7,NISHII Yuka,2006
Serbian Open Belgrade 2006,2006-10-19,BADESCU Otilia/KREKINA Svetlana,NISHII Yuka/TASEI Mikie,ROU,JPN,3,0,"11,11,11|9,4,6",QR16,GRAND_SLAM,WD,1808,Qualification,BADESCU Otilia (ROU) / KREKINA Svetlana (RUS),NISHII Yuka (JPN) / TASEI Mikie (JPN),KREKINA Svetlana (RUS),TASEI Mikie (JPN),0 - 3,9:11 4:11 6:11,BADESCU Otilia,2006
Serbian Open Belgrade 2006,2006-10-19,BAK Natalia/PIETKIEWICZ Monika,AHMIC Lejla/BALIC Daniela,POL,BIH,3,0,,QR64,GRAND_SLAM,WD,1808,Qualification,BAK Natalia (POL) / PIETKIEWICZ Monika (POL),AHMIC Lejla (BIH) / BALIC Daniela (BIH),PIETKIEWICZ Monika (POL),BALIC Daniela (BIH),3 - 0,,BAK Natalia,2006
Serbian Open Belgrade 2006,2006-10-19,GOLOTA Marta/PARTYKA Natalia,BRAUN Eva/KRAVCHENKO Marina,POL,HUN,3,2,"5,9,11,11,11|11,11,9,3,9",QR64,GRAND_SLAM,WD,1808,Qualification,GOLOTA Marta (POL) / PARTYKA Natalia (POL),BRAUN Eva (HUN) / KRAVCHENKO Marina (ISR),PARTYKA Natalia (POL),KRAVCHENKO Marina (ISR),3 - 2,5:11 9:11 11:9 11:3 11:9,GOLOTA Marta,2006
Serbian Open Belgrade 2006,2006-10-19,KRAMER Tanja/NECULA Iulia,LANG Kristin/ROBERTSON Laura,GER,GER,4,1,"11,11,11,11,11|5,5,7,13,3",R16,GRAND_SLAM,WD,1808,Main Draw,KRAMER Tanja (GER) / NECULA Iulia (ROU),LANG Kristin (GER) / ROBERTSON Laura (GER),NECULA Iulia (ROU),ROBERTSON Laura (GER),4 - 1,11:5 11:5 11:7 11:13 11:3,KRAMER Tanja,2006
Serbian Open Belgrade 2006,2006-10-19,FUKUOKA Haruna/HIURA Reiko,KRAMER Tanja/NECULA Iulia,JPN,GER,4,1,"6,11,11,11,11|11,4,4,3,9",QuarterFinal,GRAND_SLAM,WD,1808,Main Draw,FUKUOKA Haruna (JPN) / HIURA Reiko (JPN),KRAMER Tanja (GER) / NECULA Iulia (ROU),HIURA Reiko (JPN),NECULA Iulia (ROU),1 - 4,11:6 4:11 4:11 3:11 9:11,FUKUOKA Haruna,2006
Serbian Open Belgrade 2006,2006-10-19,DODEAN Daniela/SAMARA Elizabeta,HANFFOU Sarah/MATTENET Audrey,ROU,CMR,3,1,"10,11,11,11|12,4,5,8",QR32,GRAND_SLAM,WD,1808,Qualification,DODEAN Daniela (ROU) / SAMARA Elizabeta (ROU),HANFFOU Sarah (CMR) / MATTENET Audrey (FRA),SAMARA Elizabeta (ROU),MATTENET Audrey (FRA),3 - 1,10:12 11:4 11:5 11:8,DODEAN Daniela,2006
Serbian Open Belgrade 2006,2006-10-19,SCHALL Elke/WU Jiaduo,DODEAN Daniela/SAMARA Elizabeta,GER,ROU,3,1,"11,12,5,11|6,10,11,9",QR16,GRAND_SLAM,WD,1808,Qualification,SCHALL Elke (GER) / WU Jiaduo (GER),DODEAN Daniela (ROU) / SAMARA Elizabeta (ROU),WU Jiaduo (GER),SAMARA Elizabeta (ROU),1 - 3,6:11 10:12 11:5 9:11,SCHALL Elke,2006
Serbian Open Belgrade 2006,2006-10-19,POHAR Martina/TODOROVIC Biljana,GAJIC Jelena/TAPAI Eva,SLO,SRB,3,0,"16,11,11|14,9,8",QR64,GRAND_SLAM,WD,1808,Qualification,POHAR Martina (SLO) / TODOROVIC Biljana (SLO),GAJIC Jelena (SRB) / TAPAI Eva (SRB),TODOROVIC Biljana (SLO),TAPAI Eva (SRB),3 - 0,16:14 11:9 11:8,POHAR Martina,2006
Serbian Open Belgrade 2006,2006-10-19,POHAR Martina/TODOROVIC Biljana,MISIKONYTE Lina/PASKAUSKIENE Ruta,SLO,LTU,3,0,,QR32,GRAND_SLAM,WD,1808,Qualification,POHAR Martina (SLO) / TODOROVIC Biljana (SLO),MISIKONYTE Lina (LTU) / PASKAUSKIENE Ruta (LTU),TODOROVIC Biljana (SLO),PASKAUSKIENE Ruta (LTU),3 - 0,,POHAR Martina,2006
Serbian Open Belgrade 2006,2006-10-19,FEHER Gabriela/PLAVSIC Gordana,SCHALL Elke/WU Jiaduo,SRB,GER,4,2,"11,9,7,14,11,11|8,11,11,12,9,6",R16,GRAND_SLAM,WD,1808,Main Draw,FEHER Gabriela (SRB) / PLAVSIC Gordana (SRB),SCHALL Elke (GER) / WU Jiaduo (GER),PLAVSIC Gordana (SRB),WU Jiaduo (GER),4 - 2,11:8 9:11 7:11 14:12 11:9 11:6,FEHER Gabriela,2006
Serbian Open Belgrade 2006,2006-10-19,STEFANOVA Nikoleta/TAN Wenling,FEHER Gabriela/PLAVSIC Gordana,ITA,SRB,4,1,"11,5,11,11,11|7,11,4,4,7",QuarterFinal,GRAND_SLAM,WD,1808,Main Draw,STEFANOVA Nikoleta (ITA) / TAN Wenling (ITA),FEHER Gabriela (SRB) / PLAVSIC Gordana (SRB),TAN Wenling (ITA),PLAVSIC Gordana (SRB),1 - 4,7:11 11:5 4:11 4:11 7:11,STEFANOVA Nikoleta,2006
Serbian Open Belgrade 2006,2006-10-19,ERDELJI Anamaria/RECKO Ema,SIKORSKA Magdalena/VUGRINEC Suncica,SRB,POL,3,1,"11,11,11,11|13,3,4,6",QR64,GRAND_SLAM,WD,1808,Qualification,ERDELJI Anamaria (SRB) / RECKO Ema (SRB),SIKORSKA Magdalena (POL) / VUGRINEC Suncica (CRO),RECKO Ema (SRB),VUGRINEC Suncica (CRO),3 - 1,11:13 11:3 11:4 11:6,ERDELJI Anamaria,2006
Serbian Open Belgrade 2006,2006-10-19,NEGRISOLI Laura/WANG Yu (YOB=1981),BOSANCIC Stanislava/DRAGOLJEVIC Sladjana,ITA,SRB,3,0,"11,11,11|8,6,8",QR64,GRAND_SLAM,WD,1808,Qualification,NEGRISOLI Laura (ITA) / WANG Yu (YOB=1981) (ITA),BOSANCIC Stanislava (SRB) / DRAGOLJEVIC Sladjana (SRB),WANG Yu (YOB=1981) (ITA),DRAGOLJEVIC Sladjana (SRB),0 - 3,8:11 6:11 8:11,NEGRISOLI Laura,2006
Serbian Open Belgrade 2006,2006-10-19,LONG Judy (Zhu)/ZHANG Mo,KNEZEVIC Monika/TAPAI Timea,CAN,SRB,3,2,"15,9,9,11,11|13,11,11,4,5",QR32,GRAND_SLAM,WD,1808,Qualification,LONG Judy (Zhu) (CAN) / ZHANG Mo (CAN),KNEZEVIC Monika (SRB) / TAPAI Timea (SRB),ZHANG Mo (CAN),TAPAI Timea (SRB),2 - 3,13:15 11:9 11:9 4:11 5:11,LONG Judy (Zhu),2006
Serbian Open Belgrade 2006,2006-10-19,FUKUOKA Haruna/HIURA Reiko,CAMPBELL Peri/JONSSON Carina,JPN,AUS,4,0,"11,11,11,11|8,7,3,8",R16,GRAND_SLAM,WD,1808,Main Draw,FUKUOKA Haruna (JPN) / HIURA Reiko (JPN),CAMPBELL Peri (AUS) / JONSSON Carina (SWE),HIURA Reiko (JPN),JONSSON Carina (SWE),0 - 4,8:11 7:11 3:11 8:11,FUKUOKA Haruna,2006
Serbian Open Belgrade 2006,2006-10-19,CAMPBELL Peri/JONSSON Carina,NEGRISOLI Laura/WANG Yu (YOB=1981),AUS,ITA,3,2,"7,12,10,11,11|11,10,12,3,8",QR32,GRAND_SLAM,WD,1808,Qualification,CAMPBELL Peri (AUS) / JONSSON Carina (SWE),NEGRISOLI Laura (ITA) / WANG Yu (YOB=1981) (ITA),JONSSON Carina (SWE),WANG Yu (YOB=1981) (ITA),3 - 2,7:11 12:10 10:12 11:3 11:8,CAMPBELL Peri,2006
Serbian Open Belgrade 2006,2006-10-19,ANTONIC Miljana/KERKEZ Dragana,EKHOLM Matilda/WERSALL Caroline,BIH,SWE,3,0,,QR32,GRAND_SLAM,WD,1808,Qualification,ANTONIC Miljana (BIH) / KERKEZ Dragana (BIH),EKHOLM Matilda (SWE) / WERSALL Caroline (SWE),KERKEZ Dragana (BIH),WERSALL Caroline (SWE),0 - 3,,ANTONIC Miljana,2006
Serbian Open Belgrade 2006,2006-10-19,CAMPBELL Peri/JONSSON Carina,JUHASZ Mariann/LI Bin,AUS,HUN,3,1,"11,11,12,16|13,7,10,14",QR16,GRAND_SLAM,WD,1808,Qualification,CAMPBELL Peri (AUS) / JONSSON Carina (SWE),JUHASZ Mariann (HUN) / LI Bin (HUN),JONSSON Carina (SWE),LI Bin (HUN),3 - 1,11:13 11:7 12:10 16:14,CAMPBELL Peri,2006
Serbian Open Belgrade 2006,2006-10-19,HAPONOVA Hanna/BILENKO Tetyana,KRSMANOVIC Sladana/VASILJEVIC Suzana,UKR,SRB,3,0,"11,11,11|6,9,5",QR64,GRAND_SLAM,WD,1808,Qualification,HAPONOVA Hanna (UKR) / BILENKO Tetyana (UKR),KRSMANOVIC Sladana (SRB) / VASILJEVIC Suzana (SRB),BILENKO Tetyana (UKR),VASILJEVIC Suzana (SRB),3 - 0,11:6 11:9 11:5,HAPONOVA Hanna,2006
Serbian Open Belgrade 2006,2006-10-19,HAPONOVA Hanna/BILENKO Tetyana,KOTIKHINA Irina/KMOTORKOVA Lenka,UKR,RUS,3,0,"11,11,11|7,4,9",QR32,GRAND_SLAM,WD,1808,Qualification,HAPONOVA Hanna (UKR) / BILENKO Tetyana (UKR),KOTIKHINA Irina (RUS) / KMOTORKOVA Lenka (SVK),BILENKO Tetyana (UKR),KMOTORKOVA Lenka (SVK),3 - 0,11:7 11:4 11:9,HAPONOVA Hanna,2006
Women's World Cup Urumqi 2006,2006-09-29,ZHANG Yining,FUKUHARA Ai,CHN,JPN,4,0,"11,11,11,11|8,7,6,3",,WORLD_CUP,WS,1807,Qualification,ZHANG Yining (CHN),FUKUHARA Ai (JPN),,,4 - 0,11:8 11:7 11:6 11:3,ZHANG Yining,2006
Women's World Cup Urumqi 2006,2006-09-29,GAO Jun,OSMAN Bacent,USA,EGY,4,0,"11,11,11,11|3,6,2,4",QR2,WORLD_CUP,WS,1807,Qualification,GAO Jun (USA),OSMAN Bacent (EGY),,,4 - 0,11:3 11:6 11:2 11:4,GAO Jun,2006
Women's World Cup Urumqi 2006,2006-09-29,ZHANG Yining,GAO Jun,CHN,USA,4,2,"8,11,11,11,11,11|11,7,6,13,5,3",3,WORLD_CUP,WS,1807,Qualification,ZHANG Yining (CHN),GAO Jun (USA),,,4 - 2,8:11 11:7 11:6 11:13 11:5 11:3,ZHANG Yining,2006
Women's World Cup Urumqi 2006,2006-09-29,FUKUHARA Ai,OSMAN Bacent,JPN,EGY,4,0,"11,11,11,11|2,2,3,1",QR4,WORLD_CUP,WS,1807,Qualification,FUKUHARA Ai (JPN),OSMAN Bacent (EGY),,,4 - 0,11:2 11:2 11:3 11:1,FUKUHARA Ai,2006
Women's World Cup Urumqi 2006,2006-09-29,ZHANG Yining,OSMAN Bacent,CHN,EGY,4,0,"11,11,11,11|3,2,3,3",5,WORLD_CUP,WS,1807,Qualification,ZHANG Yining (CHN),OSMAN Bacent (EGY),,,4 - 0,11:3 11:2 11:3 11:3,ZHANG Yining,2006
Women's World Cup Urumqi 2006,2006-09-29,FUKUHARA Ai,GAO Jun,JPN,USA,4,2,"11,11,3,11,14,13|8,3,11,7,16,11",6,WORLD_CUP,WS,1807,Qualification,FUKUHARA Ai (JPN),GAO Jun (USA),,,2 - 4,8:11 3:11 11:3 7:11 16:14 11:13,FUKUHARA Ai,2006
Women's World Cup Urumqi 2006,2006-09-29,GUO Yan (1982),PAVLOVICH Viktoria,CHN,BLR,4,0,"11,11,11,12|5,6,5,10",,WORLD_CUP,WS,1807,Qualification,GUO Yan (1982) (CHN),PAVLOVICH Viktoria (BLR),,,4 - 0,11:5 11:6 11:5 12:10,GUO Yan (1982),2006
Women's World Cup Urumqi 2006,2006-09-29,LIN Ling,SILVA Ligia,HKG,BRA,4,0,"11,11,11,11|2,3,4,9",QR2,WORLD_CUP,WS,1807,Qualification,LIN Ling (HKG),SILVA Ligia (BRA),,,4 - 0,11:2 11:3 11:4 11:9,LIN Ling,2006
Women's World Cup Urumqi 2006,2006-09-29,GUO Yan (1982),LIN Ling,CHN,HKG,4,1,"9,11,11,11,11|11,5,9,3,1",3,WORLD_CUP,WS,1807,Qualification,GUO Yan (1982) (CHN),LIN Ling (HKG),,,4 - 1,9:11 11:5 11:9 11:3 11:1,GUO Yan (1982),2006
Women's World Cup Urumqi 2006,2006-09-29,PAVLOVICH Viktoria,SILVA Ligia,BLR,BRA,4,0,"11,11,11,11|3,7,7,4",QR4,WORLD_CUP,WS,1807,Qualification,PAVLOVICH Viktoria (BLR),SILVA Ligia (BRA),,,4 - 0,11:3 11:7 11:7 11:4,PAVLOVICH Viktoria,2006
Women's World Cup Urumqi 2006,2006-09-29,GUO Yan (1982),SILVA Ligia,CHN,BRA,4,0,"11,11,11,11|2,2,4,7",5,WORLD_CUP,WS,1807,Qualification,GUO Yan (1982) (CHN),SILVA Ligia (BRA),,,4 - 0,11:2 11:2 11:4 11:7,GUO Yan (1982),2006
Women's World Cup Urumqi 2006,2006-09-29,PAVLOVICH Viktoria,LIN Ling,BLR,HKG,4,2,"11,11,7,11,13,12|7,5,11,9,15,10",6,WORLD_CUP,WS,1807,Qualification,PAVLOVICH Viktoria (BLR),LIN Ling (HKG),,,2 - 4,7:11 5:11 11:7 9:11 15:13 10:12,PAVLOVICH Viktoria,2006
Women's World Cup Urumqi 2006,2006-09-29,TIE Yana,STRUSE Nicole,HKG,GER,4,0,"15,11,12,11|13,4,10,7",,WORLD_CUP,WS,1807,Qualification,TIE Yana (HKG),STRUSE Nicole (GER),,,4 - 0,15:13 11:4 12:10 11:7,TIE Yana,2006
Women's World Cup Urumqi 2006,2006-09-29,LI Jiawei,WANG Chen,SGP,USA,4,0,"11,11,11,11|4,9,5,4",QR2,WORLD_CUP,WS,1807,Qualification,LI Jiawei (SGP),WANG Chen (USA),,,4 - 0,11:4 11:9 11:5 11:4,LI Jiawei,2006
Women's World Cup Urumqi 2006,2006-09-29,TIE Yana,LI Jiawei,HKG,SGP,4,0,"11,11,11,11|3,6,7,4",3,WORLD_CUP,WS,1807,Qualification,TIE Yana (HKG),LI Jiawei (SGP),,,4 - 0,11:3 11:6 11:7 11:4,TIE Yana,2006
Women's World Cup Urumqi 2006,2006-09-29,WANG Chen,STRUSE Nicole,USA,GER,4,2,"11,8,3,11,11,13|4,11,11,8,5,11",QR4,WORLD_CUP,WS,1807,Qualification,WANG Chen (USA),STRUSE Nicole (GER),,,2 - 4,4:11 11:8 11:3 8:11 5:11 11:13,WANG Chen,2006
Women's World Cup Urumqi 2006,2006-09-29,TIE Yana,WANG Chen,HKG,USA,4,1,"5,11,11,11,11|11,6,1,9,9",5,WORLD_CUP,WS,1807,Qualification,TIE Yana (HKG),WANG Chen (USA),,,4 - 1,5:11 11:6 11:1 11:9 11:9,TIE Yana,2006
Women's World Cup Urumqi 2006,2006-09-29,LI Jiawei,STRUSE Nicole,SGP,GER,4,2,"11,12,11,15,5,11|5,10,2,17,11,3",6,WORLD_CUP,WS,1807,Qualification,LI Jiawei (SGP),STRUSE Nicole (GER),,,4 - 2,11:5 12:10 11:2 15:17 5:11 11:3,LI Jiawei,2006
Women's World Cup Urumqi 2006,2006-09-29,LIU Jia,LI Xiaoxia,AUT,CHN,4,3,"11,8,6,7,11,11,11|9,11,11,11,7,8,6",,WORLD_CUP,WS,1807,Qualification,LIU Jia (AUT),LI Xiaoxia (CHN),,,3 - 4,9:11 11:8 11:6 11:7 7:11 8:11 6:11,LIU Jia,2006
Women's World Cup Urumqi 2006,2006-09-29,KIM Kyungah,LI Karen,KOR,NZL,4,0,"11,11,11,11|6,7,7,7",QR2,WORLD_CUP,WS,1807,Qualification,KIM Kyungah (KOR),LI Karen (NZL),,,4 - 0,11:6 11:7 11:7 11:7,KIM Kyungah,2006
Women's World Cup Urumqi 2006,2006-09-29,LI Xiaoxia,KIM Kyungah,CHN,KOR,4,3,"3,11,8,8,11,12,11|11,3,11,11,7,10,8",3,WORLD_CUP,WS,1807,Qualification,LI Xiaoxia (CHN),KIM Kyungah (KOR),,,4 - 3,3:11 11:3 8:11 8:11 11:7 12:10 11:8,LI Xiaoxia,2006
Women's World Cup Urumqi 2006,2006-09-29,LIU Jia,LI Karen,AUT,NZL,4,1,"11,11,11,9,11|4,6,6,11,4",QR4,WORLD_CUP,WS,1807,Qualification,LIU Jia (AUT),LI Karen (NZL),,,4 - 1,11:4 11:6 11:6 9:11 11:4,LIU Jia,2006
Women's World Cup Urumqi 2006,2006-09-29,LI Xiaoxia,LI Karen,CHN,NZL,4,0,"11,11,11,12|3,6,6,10",5,WORLD_CUP,WS,1807,Qualification,LI Xiaoxia (CHN),LI Karen (NZL),,,4 - 0,11:3 11:6 11:6 12:10,LI Xiaoxia,2006
Women's World Cup Urumqi 2006,2006-09-29,KIM Kyungah,LIU Jia,KOR,AUT,4,1,"6,11,11,11,11|11,3,9,4,9",6,WORLD_CUP,WS,1807,Qualification,KIM Kyungah (KOR),LIU Jia (AUT),,,4 - 1,6:11 11:3 11:9 11:4 11:9,KIM Kyungah,2006
Women's World Cup Urumqi 2006,2006-09-29,ZHANG Yining,PAVLOVICH Viktoria,CHN,BLR,4,0,"11,11,11,11|8,6,8,6",QuarterFinal,WORLD_CUP,WS,1807,Main Draw,ZHANG Yining (CHN),PAVLOVICH Viktoria (BLR),,,4 - 0,11:8 11:6 11:8 11:6,ZHANG Yining,2006
Women's World Cup Urumqi 2006,2006-09-29,LI Jiawei,KIM Kyungah,SGP,KOR,4,3,"8,11,11,3,9,11,11|11,3,6,11,11,2,6",QuarterFinal,WORLD_CUP,WS,1807,Main Draw,LI Jiawei (SGP),KIM Kyungah (KOR),,,4 - 3,8:11 11:3 11:6 3:11 9:11 11:2 11:6,LI Jiawei,2006
Women's World Cup Urumqi 2006,2006-09-29,TIE Yana,FUKUHARA Ai,HKG,JPN,4,0,"11,11,12,11|6,5,10,8",QuarterFinal,WORLD_CUP,WS,1807,Main Draw,TIE Yana (HKG),FUKUHARA Ai (JPN),,,4 - 0,11:6 11:5 12:10 11:8,TIE Yana,2006
Women's World Cup Urumqi 2006,2006-09-29,GUO Yan (1982),LI Xiaoxia,CHN,CHN,4,1,"11,11,12,10,11|8,4,10,12,7",QuarterFinal,WORLD_CUP,WS,1807,Main Draw,GUO Yan (1982) (CHN),LI Xiaoxia (CHN),,,1 - 4,8:11 4:11 10:12 12:10 7:11,GUO Yan (1982),2006
Women's World Cup Urumqi 2006,2006-09-29,ZHANG Yining,LI Jiawei,CHN,SGP,4,2,"11,11,8,11,11,11|9,13,11,6,7,5",SemiFinal,WORLD_CUP,WS,1807,Main Draw,ZHANG Yining (CHN),LI Jiawei (SGP),,,4 - 2,11:9 11:13 8:11 11:6 11:7 11:5,ZHANG Yining,2006
Women's World Cup Urumqi 2006,2006-09-29,GUO Yan (1982),TIE Yana,CHN,HKG,4,2,"11,11,11,12,8,11|9,6,8,14,11,8",SemiFinal,WORLD_CUP,WS,1807,Main Draw,GUO Yan (1982) (CHN),TIE Yana (HKG),,,2 - 4,9:11 6:11 8:11 14:12 11:8 8:11,GUO Yan (1982),2006
Women's World Cup Urumqi 2006,2006-09-29,LI Jiawei,TIE Yana,SGP,HKG,4,1,"8,14,11,11,11|11,12,4,4,9",2,WORLD_CUP,WS,1807,Position Draw,LI Jiawei (SGP),TIE Yana (HKG),,,4 - 1,8:11 14:12 11:4 11:4 11:9,LI Jiawei,2006
Women's World Cup Urumqi 2006,2006-09-29,GUO Yan (1982),ZHANG Yining,CHN,CHN,4,3,"13,12,9,7,11,11,11|15,10,11,11,7,8,6",Final,WORLD_CUP,WS,1807,Main Draw,GUO Yan (1982) (CHN),ZHANG Yining (CHN),,,3 - 4,15:13 10:12 11:9 11:7 7:11 8:11 6:11,GUO Yan (1982),2006
Japan Open Yokohama 2006,2006-09-21,WANG Liqin,TAKAKIWA Taku,CHN,JPN,4,0,"11,11,12,11|6,6,10,7",R64,GRAND_SLAM,MS,1806,Main Draw,WANG Liqin (CHN),TAKAKIWA Taku (JPN),,,4 - 0,11:6 11:6 12:10 11:7,WANG Liqin,2006
Japan Open Yokohama 2006,2006-09-21,TOKIC Bojan,ROSSKOPF Jorg,SLO,GER,4,0,"11,11,11,11|2,3,7,3",R64,GRAND_SLAM,MS,1806,Main Draw,TOKIC Bojan (SLO),ROSSKOPF Jorg (GER),,,4 - 0,11:2 11:3 11:7 11:3,TOKIC Bojan,2006
Japan Open Yokohama 2006,2006-09-21,HOU Yingchao,SMIRNOV Alexey,CAN,RUS,4,0,"11,11,11,11|8,6,6,6",R64,GRAND_SLAM,MS,1806,Main Draw,HOU Yingchao (CAN),SMIRNOV Alexey (RUS),,,0 - 4,8:11 6:11 6:11 6:11,HOU Yingchao,2006
Japan Open Yokohama 2006,2006-09-21,SCHLAGER Werner,SAKAMOTO Ryusuke,AUT,JPN,4,1,"8,11,11,11,11|11,5,7,7,7",R64,GRAND_SLAM,MS,1806,Main Draw,SCHLAGER Werner (AUT),SAKAMOTO Ryusuke (JPN),,,1 - 4,11:8 5:11 7:11 7:11 7:11,SCHLAGER Werner,2006
Japan Open Yokohama 2006,2006-09-21,YANG Zi,LI Ching,SGP,HKG,4,0,"11,11,11,11|9,6,6,9",R64,GRAND_SLAM,MS,1806,Main Draw,YANG Zi (SGP),LI Ching (HKG),,,0 - 4,9:11 6:11 6:11 9:11,YANG Zi,2006
Japan Open Yokohama 2006,2006-09-21,YOON Jaeyoung,YOSHIDA Kaii,KOR,JPN,4,2,"11,4,11,11,10,11|4,11,8,6,12,9",R64,GRAND_SLAM,MS,1806,Main Draw,YOON Jaeyoung (KOR),YOSHIDA Kaii (JPN),,,4 - 2,11:4 4:11 11:8 11:6 10:12 11:9,YOON Jaeyoung,2006
Japan Open Yokohama 2006,2006-09-21,BLASZCZYK Lucjan,DURAN Marc,POL,ESP,4,0,"11,11,11,11|8,7,5,6",R64,GRAND_SLAM,MS,1806,Main Draw,BLASZCZYK Lucjan (POL),DURAN Marc (ESP),,,4 - 0,11:8 11:7 11:5 11:6,BLASZCZYK Lucjan,2006
Japan Open Yokohama 2006,2006-09-21,CHEN Weixing,LEGOUT Christophe,AUT,FRA,4,1,"11,11,11,8,11|2,3,2,11,7",R64,GRAND_SLAM,MS,1806,Main Draw,CHEN Weixing (AUT),LEGOUT Christophe (FRA),,,1 - 4,2:11 3:11 2:11 11:8 7:11,CHEN Weixing,2006
Japan Open Yokohama 2006,2006-09-21,CHEN Qi,WOSIK Torben,CHN,GER,4,0,"11,11,11,11|2,0,0,0",R64,GRAND_SLAM,MS,1806,Main Draw,CHEN Qi (CHN),WOSIK Torben (GER),,,4 - 0,11:2 11:0 11:0 11:0,CHEN Qi,2006
Japan Open Yokohama 2006,2006-09-21,GAO Ning,BAUM Patrick,SGP,GER,4,1,"11,9,11,12,11|5,11,4,10,7",R64,GRAND_SLAM,MS,1806,Main Draw,GAO Ning (SGP),BAUM Patrick (GER),,,1 - 4,5:11 11:9 4:11 10:12 7:11,GAO Ning,2006
Japan Open Yokohama 2006,2006-09-21,LEE Jinkwon,FEJER-KONNERTH Zoltan,KOR,GER,4,3,"12,9,4,11,9,11,12|10,11,11,8,11,8,10",R64,GRAND_SLAM,MS,1806,Main Draw,LEE Jinkwon (KOR),FEJER-KONNERTH Zoltan (GER),,,3 - 4,10:12 11:9 11:4 8:11 11:9 8:11 10:12,LEE Jinkwon,2006
Japan Open Yokohama 2006,2006-09-21,ZHANG Wilson,MAZE Michael,CAN,DEN,4,3,"3,7,3,11,11,11,11|11,11,11,7,5,5,5",R64,GRAND_SLAM,MS,1806,Main Draw,ZHANG Wilson (CAN),MAZE Michael (DEN),,,4 - 3,3:11 7:11 3:11 11:7 11:5 11:5 11:5,ZHANG Wilson,2006
Japan Open Yokohama 2006,2006-09-21,KONG Linghui,MONTEIRO Joao,CHN,POR,4,1,"11,9,11,11,11|4,11,5,6,5",R64,GRAND_SLAM,MS,1806,Main Draw,KONG Linghui (CHN),MONTEIRO Joao (POR),,,4 - 1,11:4 9:11 11:5 11:6 11:5,KONG Linghui,2006
Japan Open Yokohama 2006,2006-09-21,KO Lai Chak,MATSUDAIRA Kenta,HKG,JPN,4,0,"11,11,11,11|8,7,9,7",R64,GRAND_SLAM,MS,1806,Main Draw,KO Lai Chak (HKG),MATSUDAIRA Kenta (JPN),,,0 - 4,8:11 7:11 9:11 7:11,KO Lai Chak,2006
Japan Open Yokohama 2006,2006-09-21,KEEN Trinko,CHO Eonrae,NED,KOR,4,2,"2,11,17,11,8,11|11,5,15,8,11,8",R64,GRAND_SLAM,MS,1806,Main Draw,KEEN Trinko (NED),CHO Eonrae (KOR),,,4 - 2,2:11 11:5 17:15 11:8 8:11 11:8,KEEN Trinko,2006
Japan Open Yokohama 2006,2006-09-21,MA Lin,KEINATH Thomas,CHN,SVK,4,0,"11,11,11,11|4,6,8,5",R64,GRAND_SLAM,MS,1806,Main Draw,MA Lin (CHN),KEINATH Thomas (SVK),,,0 - 4,4:11 6:11 8:11 5:11,MA Lin,2006
Japan Open Yokohama 2006,2006-09-21,WANG Hao,CAI Xiaoli,CHN,SGP,4,0,"11,11,11,13|6,6,8,11",R64,GRAND_SLAM,MS,1806,Main Draw,WANG Hao (CHN),CAI Xiaoli (SGP),,,4 - 0,11:6 11:6 11:8 13:11,WANG Hao,2006
Japan Open Yokohama 2006,2006-09-21,CHIANG Hung-Chieh,KUZMIN Fedor,TPE,RUS,4,0,"13,14,12,11|11,12,10,4",R64,GRAND_SLAM,MS,1806,Main Draw,CHIANG Hung-Chieh (TPE),KUZMIN Fedor (RUS),,,4 - 0,13:11 14:12 12:10 11:4,CHIANG Hung-Chieh,2006
Japan Open Yokohama 2006,2006-09-21,MATSUSHITA Koji,SUSS Christian,JPN,GER,4,2,"11,12,6,11,6,11|6,10,11,8,11,5",R64,GRAND_SLAM,MS,1806,Main Draw,MATSUSHITA Koji (JPN),SUSS Christian (GER),,,4 - 2,11:6 12:10 6:11 11:8 6:11 11:5,MATSUSHITA Koji,2006
Japan Open Yokohama 2006,2006-09-21,CHUANG Chih-Yuan,KISHIKAWA Seiya,TPE,JPN,4,0,"12,12,11,13|10,10,2,11",R64,GRAND_SLAM,MS,1806,Main Draw,CHUANG Chih-Yuan (TPE),KISHIKAWA Seiya (JPN),,,0 - 4,10:12 10:12 2:11 11:13,CHUANG Chih-Yuan,2006
Japan Open Yokohama 2006,2006-09-21,OVTCHAROV Dimitrij,KORBEL Petr,GER,CZE,4,1,"9,11,11,13,15|11,8,8,11,13",R64,GRAND_SLAM,MS,1806,Main Draw,OVTCHAROV Dimitrij (GER),KORBEL Petr (CZE),,,1 - 4,11:9 8:11 8:11 11:13 13:15,OVTCHAROV Dimitrij,2006
Japan Open Yokohama 2006,2006-09-21,CHANG Yen-Shu,CHILA Patrick,TPE,FRA,4,1,"11,11,6,11,11|7,4,11,8,3",R64,GRAND_SLAM,MS,1806,Main Draw,CHANG Yen-Shu (TPE),CHILA Patrick (FRA),,,4 - 1,11:7 11:4 6:11 11:8 11:3,CHANG Yen-Shu,2006
Japan Open Yokohama 2006,2006-09-21,CHEUNG Yuk,MIZUTANI Jun,HKG,JPN,4,1,"11,3,11,11,13|8,11,6,6,11",R64,GRAND_SLAM,MS,1806,Main Draw,CHEUNG Yuk (HKG),MIZUTANI Jun (JPN),,,4 - 1,11:8 3:11 11:6 11:6 13:11,CHEUNG Yuk,2006
Japan Open Yokohama 2006,2006-09-21,RYU Seungmin,DRINKHALL Paul,KOR,ENG,4,1,"12,11,11,11,11|10,9,4,13,1",R64,GRAND_SLAM,MS,1806,Main Draw,RYU Seungmin (KOR),DRINKHALL Paul (ENG),,,1 - 4,10:12 9:11 4:11 13:11 1:11,RYU Seungmin,2006
Japan Open Yokohama 2006,2006-09-21,OH Sangeun,KIHO Shinnosuke,KOR,JPN,4,1,"11,11,11,4,11|4,8,3,11,6",R64,GRAND_SLAM,MS,1806,Main Draw,OH Sangeun (KOR),KIHO Shinnosuke (JPN),,,4 - 1,11:4 11:8 11:3 4:11 11:6,OH Sangeun,2006
Japan Open Yokohama 2006,2006-09-21,LEE Jungwoo,KAN Yo,KOR,JPN,4,1,"11,11,11,11,11|8,8,13,7,9",R64,GRAND_SLAM,MS,1806,Main Draw,LEE Jungwoo (KOR),KAN Yo (JPN),,,1 - 4,8:11 8:11 13:11 7:11 9:11,LEE Jungwoo,2006
Japan Open Yokohama 2006,2006-09-21,LEUNG Chu Yan,KIM Junghoon,HKG,KOR,4,1,"11,11,11,4,11|6,9,8,11,8",R64,GRAND_SLAM,MS,1806,Main Draw,LEUNG Chu Yan (HKG),KIM Junghoon (KOR),,,4 - 1,11:6 11:9 11:8 4:11 11:8,LEUNG Chu Yan,2006
Japan Open Yokohama 2006,2006-09-21,LIM Jaehyun,CRISAN Adrian,KOR,ROU,4,3,"11,8,11,9,11,9,12|6,11,8,11,6,11,10",R64,GRAND_SLAM,MS,1806,Main Draw,LIM Jaehyun (KOR),CRISAN Adrian (ROU),,,4 - 3,11:6 8:11 11:8 9:11 11:6 9:11 12:10,LIM Jaehyun,2006
Japan Open Yokohama 2006,2006-09-21,JOO Saehyuk,TAKASHI Akira,KOR,JPN,4,1,"12,11,11,11,11|10,13,8,3,5",R64,GRAND_SLAM,MS,1806,Main Draw,JOO Saehyuk (KOR),TAKASHI Akira (JPN),,,4 - 1,12:10 11:13 11:8 11:3 11:5,JOO Saehyuk,2006
Japan Open Yokohama 2006,2006-09-21,CHIANG Peng-Lung,TUGWELL Finn,TPE,DEN,4,1,"11,11,9,11,11|5,6,11,6,7",R64,GRAND_SLAM,MS,1806,Main Draw,CHIANG Peng-Lung (TPE),TUGWELL Finn (DEN),,,1 - 4,5:11 6:11 11:9 6:11 7:11,CHIANG Peng-Lung,2006
Japan Open Yokohama 2006,2006-09-21,STEGER Bastian,WU Chih-Chi,GER,TPE,4,2,"13,8,7,12,11,12|11,11,11,10,6,10",R64,GRAND_SLAM,MS,1806,Main Draw,STEGER Bastian (GER),WU Chih-Chi (TPE),,,4 - 2,13:11 8:11 7:11 12:10 11:6 12:10,STEGER Bastian,2006
Japan Open Yokohama 2006,2006-09-21,BOLL Timo,TAKAKIWA Kenichi,GER,JPN,4,0,"11,11,11,11|7,9,4,5",R64,GRAND_SLAM,MS,1806,Main Draw,BOLL Timo (GER),TAKAKIWA Kenichi (JPN),,,0 - 4,7:11 9:11 4:11 5:11,BOLL Timo,2006
Japan Open Yokohama 2006,2006-09-21,WANG Liqin,TOKIC Bojan,CHN,SLO,4,0,"11,11,11,12|3,6,6,10",R32,GRAND_SLAM,MS,1806,Main Draw,WANG Liqin (CHN),TOKIC Bojan (SLO),,,4 - 0,11:3 11:6 11:6 12:10,WANG Liqin,2006
Japan Open Yokohama 2006,2006-09-21,HOU Yingchao,SCHLAGER Werner,CAN,AUT,4,1,"17,4,11,12,11|15,11,3,10,9",R32,GRAND_SLAM,MS,1806,Main Draw,HOU Yingchao (CAN),SCHLAGER Werner (AUT),,,4 - 1,17:15 4:11 11:3 12:10 11:9,HOU Yingchao,2006
Japan Open Yokohama 2006,2006-09-21,YOON Jaeyoung,YANG Zi,KOR,SGP,4,1,"7,11,11,12,11|11,3,7,10,5",R32,GRAND_SLAM,MS,1806,Main Draw,YOON Jaeyoung (KOR),YANG Zi (SGP),,,1 - 4,11:7 3:11 7:11 10:12 5:11,YOON Jaeyoung,2006
Japan Open Yokohama 2006,2006-09-21,BLASZCZYK Lucjan,CHEN Weixing,POL,AUT,4,2,"14,11,7,11,8,11|12,7,11,4,11,7",R32,GRAND_SLAM,MS,1806,Main Draw,BLASZCZYK Lucjan (POL),CHEN Weixing (AUT),,,4 - 2,14:12 11:7 7:11 11:4 8:11 11:7,BLASZCZYK Lucjan,2006
Japan Open Yokohama 2006,2006-09-21,CHEN Qi,GAO Ning,CHN,SGP,4,1,"11,11,13,9,11|8,9,11,11,8",R32,GRAND_SLAM,MS,1806,Main Draw,CHEN Qi (CHN),GAO Ning (SGP),,,4 - 1,11:8 11:9 13:11 9:11 11:8,CHEN Qi,2006
Japan Open Yokohama 2006,2006-09-21,LEE Jinkwon,ZHANG Wilson,KOR,CAN,4,1,"11,11,11,11,11|4,7,13,6,9",R32,GRAND_SLAM,MS,1806,Main Draw,LEE Jinkwon (KOR),ZHANG Wilson (CAN),,,4 - 1,11:4 11:7 11:13 11:6 11:9,LEE Jinkwon,2006
Japan Open Yokohama 2006,2006-09-21,KONG Linghui,KO Lai Chak,CHN,HKG,4,3,"11,8,12,11,5,4,15|5,11,10,9,11,11,13",R32,GRAND_SLAM,MS,1806,Main Draw,KONG Linghui (CHN),KO Lai Chak (HKG),,,4 - 3,11:5 8:11 12:10 11:9 5:11 4:11 15:13,KONG Linghui,2006
Japan Open Yokohama 2006,2006-09-21,MA Lin,KEEN Trinko,CHN,NED,4,1,"11,11,11,11,11|9,5,4,13,2",R32,GRAND_SLAM,MS,1806,Main Draw,MA Lin (CHN),KEEN Trinko (NED),,,1 - 4,9:11 5:11 4:11 13:11 2:11,MA Lin,2006
Japan Open Yokohama 2006,2006-09-21,WANG Hao,CHIANG Hung-Chieh,CHN,TPE,4,1,"11,11,13,9,11|9,7,11,11,7",R32,GRAND_SLAM,MS,1806,Main Draw,WANG Hao (CHN),CHIANG Hung-Chieh (TPE),,,4 - 1,11:9 11:7 13:11 9:11 11:7,WANG Hao,2006
Japan Open Yokohama 2006,2006-09-21,CHUANG Chih-Yuan,MATSUSHITA Koji,TPE,JPN,4,2,"9,11,11,11,6,11|11,3,4,7,11,7",R32,GRAND_SLAM,MS,1806,Main Draw,CHUANG Chih-Yuan (TPE),MATSUSHITA Koji (JPN),,,2 - 4,11:9 3:11 4:11 7:11 11:6 7:11,CHUANG Chih-Yuan,2006
Japan Open Yokohama 2006,2006-09-21,CHANG Yen-Shu,OVTCHAROV Dimitrij,TPE,GER,4,3,"11,14,11,10,5,9,18|7,12,6,12,11,11,16",R32,GRAND_SLAM,MS,1806,Main Draw,CHANG Yen-Shu (TPE),OVTCHAROV Dimitrij (GER),,,3 - 4,7:11 12:14 6:11 12:10 11:5 11:9 16:18,CHANG Yen-Shu,2006
Japan Open Yokohama 2006,2006-09-21,RYU Seungmin,CHEUNG Yuk,KOR,HKG,4,1,"11,11,9,11,11|6,7,11,6,9",R32,GRAND_SLAM,MS,1806,Main Draw,RYU Seungmin (KOR),CHEUNG Yuk (HKG),,,1 - 4,6:11 7:11 11:9 6:11 9:11,RYU Seungmin,2006
Japan Open Yokohama 2006,2006-09-21,OH Sangeun,LEE Jungwoo,KOR,KOR,4,1,"11,13,10,11,11|5,11,12,8,5",R32,GRAND_SLAM,MS,1806,Main Draw,OH Sangeun (KOR),LEE Jungwoo (KOR),,,4 - 1,11:5 13:11 10:12 11:8 11:5,OH Sangeun,2006
Japan Open Yokohama 2006,2006-09-21,LIM Jaehyun,LEUNG Chu Yan,KOR,HKG,4,0,"11,11,11,11|8,6,9,8",R32,GRAND_SLAM,MS,1806,Main Draw,LIM Jaehyun (KOR),LEUNG Chu Yan (HKG),,,0 - 4,8:11 6:11 9:11 8:11,LIM Jaehyun,2006
Japan Open Yokohama 2006,2006-09-21,JOO Saehyuk,CHIANG Peng-Lung,KOR,TPE,4,3,"7,11,11,11,13,11,11|11,5,13,9,15,9,9",R32,GRAND_SLAM,MS,1806,Main Draw,JOO Saehyuk (KOR),CHIANG Peng-Lung (TPE),,,4 - 3,7:11 11:5 11:13 11:9 13:15 11:9 11:9,JOO Saehyuk,2006
Japan Open Yokohama 2006,2006-09-21,BOLL Timo,STEGER Bastian,GER,GER,4,0,"13,11,11,11|11,9,6,3",R32,GRAND_SLAM,MS,1806,Main Draw,BOLL Timo (GER),STEGER Bastian (GER),,,0 - 4,11:13 9:11 6:11 3:11,BOLL Timo,2006
Japan Open Yokohama 2006,2006-09-21,WANG Liqin,HOU Yingchao,CHN,CAN,4,2,"11,11,9,11,9,12|6,2,11,5,11,10",R16,GRAND_SLAM,MS,1806,Main Draw,WANG Liqin (CHN),HOU Yingchao (CAN),,,4 - 2,11:6 11:2 9:11 11:5 9:11 12:10,WANG Liqin,2006
Japan Open Yokohama 2006,2006-09-21,YOON Jaeyoung,BLASZCZYK Lucjan,KOR,POL,4,3,"5,11,11,7,11,7,11|11,3,4,11,9,11,5",R16,GRAND_SLAM,MS,1806,Main Draw,YOON Jaeyoung (KOR),BLASZCZYK Lucjan (POL),,,4 - 3,5:11 11:3 11:4 7:11 11:9 7:11 11:5,YOON Jaeyoung,2006
Japan Open Yokohama 2006,2006-09-21,CHEN Qi,LEE Jinkwon,CHN,KOR,4,2,"11,11,11,8,8,11|8,6,5,11,11,2",R16,GRAND_SLAM,MS,1806,Main Draw,CHEN Qi (CHN),LEE Jinkwon (KOR),,,4 - 2,11:8 11:6 11:5 8:11 8:11 11:2,CHEN Qi,2006
Japan Open Yokohama 2006,2006-09-21,MA Lin,KONG Linghui,CHN,CHN,4,0,,R16,GRAND_SLAM,MS,1806,Main Draw,MA Lin (CHN),KONG Linghui (CHN),,,0 - 4,,MA Lin,2006
Japan Open Yokohama 2006,2006-09-21,WANG Hao,CHUANG Chih-Yuan,CHN,TPE,4,2,"7,11,11,3,11,11|11,5,7,11,5,6",R16,GRAND_SLAM,MS,1806,Main Draw,WANG Hao (CHN),CHUANG Chih-Yuan (TPE),,,4 - 2,7:11 11:5 11:7 3:11 11:5 11:6,WANG Hao,2006
Japan Open Yokohama 2006,2006-09-21,RYU Seungmin,CHANG Yen-Shu,KOR,TPE,4,0,"11,11,11,11|5,6,7,3",R16,GRAND_SLAM,MS,1806,Main Draw,RYU Seungmin (KOR),CHANG Yen-Shu (TPE),,,0 - 4,5:11 6:11 7:11 3:11,RYU Seungmin,2006
Japan Open Yokohama 2006,2006-09-21,OH Sangeun,LIM Jaehyun,KOR,KOR,4,0,"11,13,11,11|4,11,8,6",R16,GRAND_SLAM,MS,1806,Main Draw,OH Sangeun (KOR),LIM Jaehyun (KOR),,,4 - 0,11:4 13:11 11:8 11:6,OH Sangeun,2006
Japan Open Yokohama 2006,2006-09-21,BOLL Timo,JOO Saehyuk,GER,KOR,4,0,"11,11,11,11|7,4,6,7",R16,GRAND_SLAM,MS,1806,Main Draw,BOLL Timo (GER),JOO Saehyuk (KOR),,,0 - 4,7:11 4:11 6:11 7:11,BOLL Timo,2006
Japan Open Yokohama 2006,2006-09-21,WANG Liqin,YOON Jaeyoung,CHN,KOR,4,0,"13,11,11,11|11,8,6,9",QuarterFinal,GRAND_SLAM,MS,1806,Main Draw,WANG Liqin (CHN),YOON Jaeyoung (KOR),,,4 - 0,13:11 11:8 11:6 11:9,WANG Liqin,2006
Japan Open Yokohama 2006,2006-09-21,MA Lin,CHEN Qi,CHN,CHN,4,3,"11,9,11,11,7,9,14|8,11,8,7,11,11,12",QuarterFinal,GRAND_SLAM,MS,1806,Main Draw,MA Lin (CHN),CHEN Qi (CHN),,,3 - 4,8:11 11:9 8:11 7:11 11:7 11:9 12:14,MA Lin,2006
Japan Open Yokohama 2006,2006-09-21,WANG Hao,RYU Seungmin,CHN,KOR,4,1,"7,11,11,11,11|11,6,7,4,1",QuarterFinal,GRAND_SLAM,MS,1806,Main Draw,WANG Hao (CHN),RYU Seungmin (KOR),,,4 - 1,7:11 11:6 11:7 11:4 11:1,WANG Hao,2006
Japan Open Yokohama 2006,2006-09-21,BOLL Timo,OH Sangeun,GER,KOR,4,1,"11,11,11,5,11|4,7,4,11,9",QuarterFinal,GRAND_SLAM,MS,1806,Main Draw,BOLL Timo (GER),OH Sangeun (KOR),,,1 - 4,4:11 7:11 4:11 11:5 9:11,BOLL Timo,2006
Japan Open Yokohama 2006,2006-09-21,WANG Liqin,MA Lin,CHN,CHN,4,3,"11,8,11,11,6,6,11|9,11,7,9,11,11,4",SemiFinal,GRAND_SLAM,MS,1806,Main Draw,WANG Liqin (CHN),MA Lin (CHN),,,4 - 3,11:9 8:11 11:7 11:9 6:11 6:11 11:4,WANG Liqin,2006
Japan Open Yokohama 2006,2006-09-21,WANG Hao,BOLL Timo,CHN,GER,4,2,"7,16,11,5,11,11|11,14,8,11,7,9",SemiFinal,GRAND_SLAM,MS,1806,Main Draw,WANG Hao (CHN),BOLL Timo (GER),,,4 - 2,7:11 16:14 11:8 5:11 11:7 11:9,WANG Hao,2006
Japan Open Yokohama 2006,2006-09-21,WANG Liqin,WANG Hao,CHN,CHN,4,0,"12,11,11,11|10,7,9,8",Final,GRAND_SLAM,MS,1806,Main Draw,WANG Liqin (CHN),WANG Hao (CHN),,,4 - 0,12:10 11:7 11:9 11:8,WANG Liqin,2006
Japan Open Yokohama 2006,2006-09-21,OVTCHAROV Dimitrij,SUN Wen-Wei,GER,TPE,4,1,"12,10,11,11,11|10,12,6,9,9",R16,GRAND_SLAM,U21MS,1806,Main Draw,OVTCHAROV Dimitrij (GER),SUN Wen-Wei (TPE),,,4 - 1,12:10 10:12 11:6 11:9 11:9,OVTCHAROV Dimitrij,2006
Japan Open Yokohama 2006,2006-09-21,MATSUDAIRA Kenji,BOBILLIER Loic,JPN,FRA,4,3,"11,11,9,4,8,11,11|2,6,11,11,11,6,9",R16,GRAND_SLAM,U21MS,1806,Main Draw,MATSUDAIRA Kenji (JPN),BOBILLIER Loic (FRA),,,4 - 3,11:2 11:6 9:11 4:11 8:11 11:6 11:9,MATSUDAIRA Kenji,2006
Japan Open Yokohama 2006,2006-09-21,GAVLAS Antonin,DRINKHALL Paul,CZE,ENG,4,2,"4,8,12,11,11,11|11,11,10,7,9,9",R16,GRAND_SLAM,U21MS,1806,Main Draw,GAVLAS Antonin (CZE),DRINKHALL Paul (ENG),,,4 - 2,4:11 8:11 12:10 11:7 11:9 11:9,GAVLAS Antonin,2006
Japan Open Yokohama 2006,2006-09-21,JAKAB Janos,DURAN Marc,HUN,ESP,4,2,"11,11,2,10,11,11|5,8,11,12,4,6",R16,GRAND_SLAM,U21MS,1806,Main Draw,JAKAB Janos (HUN),DURAN Marc (ESP),,,2 - 4,5:11 8:11 11:2 12:10 4:11 6:11,JAKAB Janos,2006
Japan Open Yokohama 2006,2006-09-21,CHIANG Hung-Chieh,LEBESSON Emmanuel,TPE,FRA,4,1,"13,11,10,11,11|11,1,12,6,6",R16,GRAND_SLAM,U21MS,1806,Main Draw,CHIANG Hung-Chieh (TPE),LEBESSON Emmanuel (FRA),,,4 - 1,13:11 11:1 10:12 11:6 11:6,CHIANG Hung-Chieh,2006
Japan Open Yokohama 2006,2006-09-21,BAUM Patrick,HUANG Sheng-Sheng,GER,TPE,4,1,"11,11,11,10,12|4,7,9,12,10",R16,GRAND_SLAM,U21MS,1806,Main Draw,BAUM Patrick (GER),HUANG Sheng-Sheng (TPE),,,1 - 4,4:11 7:11 9:11 12:10 10:12,BAUM Patrick,2006
Japan Open Yokohama 2006,2006-09-21,TAKAKIWA Taku,KIM Jungkyu,JPN,KOR,4,0,"11,11,11,11|6,7,3,8",R16,GRAND_SLAM,U21MS,1806,Main Draw,TAKAKIWA Taku (JPN),KIM Jungkyu (KOR),,,4 - 0,11:6 11:7 11:3 11:8,TAKAKIWA Taku,2006
Japan Open Yokohama 2006,2006-09-21,WU Chih-Chi,TSE Ka Chun,TPE,HKG,4,0,"11,11,14,12|9,8,12,10",R16,GRAND_SLAM,U21MS,1806,Main Draw,WU Chih-Chi (TPE),TSE Ka Chun (HKG),,,0 - 4,9:11 8:11 12:14 10:12,WU Chih-Chi,2006
Japan Open Yokohama 2006,2006-09-21,OVTCHAROV Dimitrij,MATSUDAIRA Kenji,GER,JPN,4,1,"6,11,11,11,11|11,5,9,9,8",QuarterFinal,GRAND_SLAM,U21MS,1806,Main Draw,OVTCHAROV Dimitrij (GER),MATSUDAIRA Kenji (JPN),,,4 - 1,6:11 11:5 11:9 11:9 11:8,OVTCHAROV Dimitrij,2006
Japan Open Yokohama 2006,2006-09-21,JAKAB Janos,GAVLAS Antonin,HUN,CZE,4,0,"11,11,11,11|6,8,5,8",QuarterFinal,GRAND_SLAM,U21MS,1806,Main Draw,JAKAB Janos (HUN),GAVLAS Antonin (CZE),,,0 - 4,6:11 8:11 5:11 8:11,JAKAB Janos,2006
Japan Open Yokohama 2006,2006-09-21,CHIANG Hung-Chieh,BAUM Patrick,TPE,GER,4,3,"8,11,11,11,7,10,11|11,9,5,7,11,12,5",QuarterFinal,GRAND_SLAM,U21MS,1806,Main Draw,CHIANG Hung-Chieh (TPE),BAUM Patrick (GER),,,4 - 3,8:11 11:9 11:5 11:7 7:11 10:12 11:5,CHIANG Hung-Chieh,2006
Japan Open Yokohama 2006,2006-09-21,TAKAKIWA Taku,WU Chih-Chi,JPN,TPE,4,1,"11,11,8,13,11|3,6,11,11,2",QuarterFinal,GRAND_SLAM,U21MS,1806,Main Draw,TAKAKIWA Taku (JPN),WU Chih-Chi (TPE),,,4 - 1,11:3 11:6 8:11 13:11 11:2,TAKAKIWA Taku,2006
Japan Open Yokohama 2006,2006-09-21,OVTCHAROV Dimitrij,JAKAB Janos,GER,HUN,4,0,"11,11,11,11|6,5,3,8",SemiFinal,GRAND_SLAM,U21MS,1806,Main Draw,OVTCHAROV Dimitrij (GER),JAKAB Janos (HUN),,,4 - 0,11:6 11:5 11:3 11:8,OVTCHAROV Dimitrij,2006
Japan Open Yokohama 2006,2006-09-21,CHIANG Hung-Chieh,TAKAKIWA Taku,TPE,JPN,4,2,"8,11,9,11,13,11|11,6,11,6,11,7",SemiFinal,GRAND_SLAM,U21MS,1806,Main Draw,CHIANG Hung-Chieh (TPE),TAKAKIWA Taku (JPN),,,4 - 2,8:11 11:6 9:11 11:6 13:11 11:7,CHIANG Hung-Chieh,2006
Japan Open Yokohama 2006,2006-09-21,CHIANG Hung-Chieh,OVTCHAROV Dimitrij,TPE,GER,4,3,"5,4,11,11,11,5,13|11,11,6,8,3,11,11",Final,GRAND_SLAM,U21MS,1806,Main Draw,CHIANG Hung-Chieh (TPE),OVTCHAROV Dimitrij (GER),,,3 - 4,11:5 11:4 6:11 8:11 3:11 11:5 11:13,CHIANG Hung-Chieh,2006
Japan Open Yokohama 2006,2006-09-21,SUSS Christian,TAKAKIWA Taku,GER,JPN,4,1,"14,7,11,11,11|12,11,4,8,9",,GRAND_SLAM,MS,1806,Qualification,SUSS Christian (GER),TAKAKIWA Taku (JPN),,,4 - 1,14:12 7:11 11:4 11:8 11:9,SUSS Christian,2006
Japan Open Yokohama 2006,2006-09-21,SUSS Christian,CABESTANY Cedrik,GER,FRA,4,2,"7,11,6,11,11,11|11,5,11,6,5,9",QR2,GRAND_SLAM,MS,1806,Qualification,SUSS Christian (GER),CABESTANY Cedrik (FRA),,,4 - 2,7:11 11:5 6:11 11:6 11:5 11:9,SUSS Christian,2006
Japan Open Yokohama 2006,2006-09-21,TAKAKIWA Taku,CABESTANY Cedrik,JPN,FRA,4,2,"7,11,11,11,8,11|11,9,7,8,11,6",3,GRAND_SLAM,MS,1806,Qualification,TAKAKIWA Taku (JPN),CABESTANY Cedrik (FRA),,,2 - 4,11:7 9:11 7:11 8:11 11:8 6:11,TAKAKIWA Taku,2006
Japan Open Yokohama 2006,2006-09-21,BAUM Patrick,YANG Zi,GER,SGP,4,1,"7,12,11,11,11|11,10,9,6,4",,GRAND_SLAM,MS,1806,Qualification,BAUM Patrick (GER),YANG Zi (SGP),,,1 - 4,11:7 10:12 9:11 6:11 4:11,BAUM Patrick,2006
Japan Open Yokohama 2006,2006-09-21,YANG Zi,LO Dany,SGP,FRA,4,0,"11,11,15,11|6,7,13,9",QR2,GRAND_SLAM,MS,1806,Qualification,YANG Zi (SGP),LO Dany (FRA),,,4 - 0,11:6 11:7 15:13 11:9,YANG Zi,2006
Japan Open Yokohama 2006,2006-09-21,BAUM Patrick,LO Dany,GER,FRA,4,3,"8,11,9,15,9,11,11|11,9,11,13,11,8,7",3,GRAND_SLAM,MS,1806,Qualification,BAUM Patrick (GER),LO Dany (FRA),,,3 - 4,11:8 9:11 11:9 13:15 11:9 8:11 7:11,BAUM Patrick,2006
Japan Open Yokohama 2006,2006-09-21,LEGOUT Christophe,SCHLICHTER Jorg,FRA,GER,4,1,"11,9,11,12,11|8,11,4,10,7",,GRAND_SLAM,MS,1806,Qualification,LEGOUT Christophe (FRA),SCHLICHTER Jorg (GER),,,4 - 1,11:8 9:11 11:4 12:10 11:7,LEGOUT Christophe,2006
Japan Open Yokohama 2006,2006-09-21,CHIANG Hung-Chieh,LEGOUT Christophe,TPE,FRA,4,3,"8,11,4,13,11,14,11|11,3,11,15,4,12,8",QR2,GRAND_SLAM,MS,1806,Qualification,CHIANG Hung-Chieh (TPE),LEGOUT Christophe (FRA),,,3 - 4,11:8 3:11 11:4 15:13 4:11 12:14 8:11,CHIANG Hung-Chieh,2006
Japan Open Yokohama 2006,2006-09-21,CHIANG Hung-Chieh,SCHLICHTER Jorg,TPE,GER,4,3,"8,7,9,11,11,12,11|11,11,11,7,6,10,6",3,GRAND_SLAM,MS,1806,Qualification,CHIANG Hung-Chieh (TPE),SCHLICHTER Jorg (GER),,,4 - 3,8:11 7:11 9:11 11:7 11:6 12:10 11:6,CHIANG Hung-Chieh,2006
Japan Open Yokohama 2006,2006-09-21,HOU Yingchao,BOBILLIER Loic,CAN,FRA,4,0,"11,11,11,11|9,4,4,9",,GRAND_SLAM,MS,1806,Qualification,HOU Yingchao (CAN),BOBILLIER Loic (FRA),,,4 - 0,11:9 11:4 11:4 11:9,HOU Yingchao,2006
Japan Open Yokohama 2006,2006-09-21,HOU Yingchao,SAKAMOTO Ryusuke,CAN,JPN,4,0,"11,11,11,11|5,5,5,7",QR2,GRAND_SLAM,MS,1806,Qualification,HOU Yingchao (CAN),SAKAMOTO Ryusuke (JPN),,,4 - 0,11:5 11:5 11:5 11:7,HOU Yingchao,2006
Japan Open Yokohama 2006,2006-09-21,SAKAMOTO Ryusuke,BOBILLIER Loic,JPN,FRA,4,2,"14,11,7,6,11,11|12,5,11,11,4,8",3,GRAND_SLAM,MS,1806,Qualification,SAKAMOTO Ryusuke (JPN),BOBILLIER Loic (FRA),,,4 - 2,14:12 11:5 7:11 6:11 11:4 11:8,SAKAMOTO Ryusuke,2006
Japan Open Yokohama 2006,2006-09-21,WOSIK Torben,GAVLAS Antonin,GER,CZE,4,2,"9,11,11,13,12,11|11,7,9,15,10,9",,GRAND_SLAM,MS,1806,Qualification,WOSIK Torben (GER),GAVLAS Antonin (CZE),,,4 - 2,9:11 11:7 11:9 13:15 12:10 11:9,WOSIK Torben,2006
Japan Open Yokohama 2006,2006-09-21,KAN Yo,JAKAB Janos,JPN,HUN,4,2,"11,11,2,12,11,11|4,9,11,10,13,7",QR2,GRAND_SLAM,MS,1806,Qualification,KAN Yo (JPN),JAKAB Janos (HUN),,,2 - 4,4:11 9:11 11:2 10:12 13:11 7:11,KAN Yo,2006
Japan Open Yokohama 2006,2006-09-21,WOSIK Torben,JAKAB Janos,GER,HUN,4,3,"3,11,11,11,7,9,11|11,5,4,8,11,11,9",3,GRAND_SLAM,MS,1806,Qualification,WOSIK Torben (GER),JAKAB Janos (HUN),,,4 - 3,3:11 11:5 11:4 11:8 7:11 9:11 11:9,WOSIK Torben,2006
Japan Open Yokohama 2006,2006-09-21,KAN Yo,GAVLAS Antonin,JPN,CZE,4,0,"11,11,11,11|5,9,7,7",QR4,GRAND_SLAM,MS,1806,Qualification,KAN Yo (JPN),GAVLAS Antonin (CZE),,,0 - 4,5:11 9:11 7:11 7:11,KAN Yo,2006
Japan Open Yokohama 2006,2006-09-21,KAN Yo,WOSIK Torben,JPN,GER,4,2,"11,8,11,8,11,11|5,11,4,11,5,5",6,GRAND_SLAM,MS,1806,Qualification,KAN Yo (JPN),WOSIK Torben (GER),,,2 - 4,5:11 11:8 4:11 11:8 5:11 5:11,KAN Yo,2006
Japan Open Yokohama 2006,2006-09-21,DURAN Marc,LIM Jaehyun,ESP,KOR,4,1,"11,10,11,11,11|8,12,2,3,4",,GRAND_SLAM,MS,1806,Qualification,DURAN Marc (ESP),LIM Jaehyun (KOR),,,1 - 4,8:11 12:10 2:11 3:11 4:11,DURAN Marc,2006
Japan Open Yokohama 2006,2006-09-21,JOVER Sebastien,TAKEYA Koichi,FRA,JPN,4,0,"12,11,11,11|10,7,5,8",QR2,GRAND_SLAM,MS,1806,Qualification,JOVER Sebastien (FRA),TAKEYA Koichi (JPN),,,4 - 0,12:10 11:7 11:5 11:8,JOVER Sebastien,2006
Japan Open Yokohama 2006,2006-09-21,LIM Jaehyun,JOVER Sebastien,KOR,FRA,4,1,"11,6,11,11,11|8,11,9,3,9",3,GRAND_SLAM,MS,1806,Qualification,LIM Jaehyun (KOR),JOVER Sebastien (FRA),,,4 - 1,11:8 6:11 11:9 11:3 11:9,LIM Jaehyun,2006
Japan Open Yokohama 2006,2006-09-21,DURAN Marc,TAKEYA Koichi,ESP,JPN,4,1,"11,13,8,11,11|6,11,11,3,9",QR4,GRAND_SLAM,MS,1806,Qualification,DURAN Marc (ESP),TAKEYA Koichi (JPN),,,4 - 1,11:6 13:11 8:11 11:3 11:9,DURAN Marc,2006
Japan Open Yokohama 2006,2006-09-21,JOVER Sebastien,DURAN Marc,FRA,ESP,4,2,"11,11,7,11,9,11|7,9,11,9,11,7",5,GRAND_SLAM,MS,1806,Qualification,JOVER Sebastien (FRA),DURAN Marc (ESP),,,4 - 2,11:7 11:9 7:11 11:9 9:11 11:7,JOVER Sebastien,2006
Japan Open Yokohama 2006,2006-09-21,LIM Jaehyun,TAKEYA Koichi,KOR,JPN,4,0,"11,11,11,11|4,7,7,7",6,GRAND_SLAM,MS,1806,Qualification,LIM Jaehyun (KOR),TAKEYA Koichi (JPN),,,4 - 0,11:4 11:7 11:7 11:7,LIM Jaehyun,2006
Japan Open Yokohama 2006,2006-09-21,TOKIC Bojan,OMORI Takahiro,SLO,JPN,4,2,"11,6,11,9,11,11|7,11,8,11,2,9",,GRAND_SLAM,MS,1806,Qualification,TOKIC Bojan (SLO),OMORI Takahiro (JPN),,,4 - 2,11:7 6:11 11:8 9:11 11:2 11:9,TOKIC Bojan,2006
Japan Open Yokohama 2006,2006-09-21,TOKIC Bojan,CAI Xiaoli,SLO,SGP,4,0,"11,12,11,11|7,10,4,4",QR2,GRAND_SLAM,MS,1806,Qualification,TOKIC Bojan (SLO),CAI Xiaoli (SGP),,,4 - 0,11:7 12:10 11:4 11:4,TOKIC Bojan,2006
Japan Open Yokohama 2006,2006-09-21,CAI Xiaoli,OMORI Takahiro,SGP,JPN,4,3,"10,11,6,5,11,11,11|12,9,11,11,8,5,6",3,GRAND_SLAM,MS,1806,Qualification,CAI Xiaoli (SGP),OMORI Takahiro (JPN),,,4 - 3,10:12 11:9 6:11 5:11 11:8 11:5 11:6,CAI Xiaoli,2006
Japan Open Yokohama 2006,2006-09-21,YOON Jaeyoung,CHOU Tung-Yu,KOR,TPE,4,0,"14,11,11,11|12,3,4,9",,GRAND_SLAM,MS,1806,Qualification,YOON Jaeyoung (KOR),CHOU Tung-Yu (TPE),,,4 - 0,14:12 11:3 11:4 11:9,YOON Jaeyoung,2006
Japan Open Yokohama 2006,2006-09-21,YOON Jaeyoung,KIHO Shinnosuke,KOR,JPN,4,1,"11,8,11,11,11|7,11,9,9,6",QR2,GRAND_SLAM,MS,1806,Qualification,YOON Jaeyoung (KOR),KIHO Shinnosuke (JPN),,,4 - 1,11:7 8:11 11:9 11:9 11:6,YOON Jaeyoung,2006
Japan Open Yokohama 2006,2006-09-21,KIHO Shinnosuke,CHOU Tung-Yu,JPN,TPE,4,2,"8,11,11,13,9,13|11,8,5,11,11,11",3,GRAND_SLAM,MS,1806,Qualification,KIHO Shinnosuke (JPN),CHOU Tung-Yu (TPE),,,4 - 2,8:11 11:8 11:5 13:11 9:11 13:11,KIHO Shinnosuke,2006
Japan Open Yokohama 2006,2006-09-21,CHO Eonrae,HUANG Sheng-Sheng,KOR,TPE,4,0,"11,12,11,11|7,10,3,5",,GRAND_SLAM,MS,1806,Qualification,CHO Eonrae (KOR),HUANG Sheng-Sheng (TPE),,,4 - 0,11:7 12:10 11:3 11:5,CHO Eonrae,2006
Japan Open Yokohama 2006,2006-09-21,TAKAKIWA Kenichi,GREEN Wally,JPN,USA,4,0,"11,11,11,11|6,1,6,2",QR2,GRAND_SLAM,MS,1806,Qualification,TAKAKIWA Kenichi (JPN),GREEN Wally (USA),,,4 - 0,11:6 11:1 11:6 11:2,TAKAKIWA Kenichi,2006
Japan Open Yokohama 2006,2006-09-21,CHO Eonrae,TAKAKIWA Kenichi,KOR,JPN,4,0,"11,11,11,11|4,6,5,9",3,GRAND_SLAM,MS,1806,Qualification,CHO Eonrae (KOR),TAKAKIWA Kenichi (JPN),,,4 - 0,11:4 11:6 11:5 11:9,CHO Eonrae,2006
Japan Open Yokohama 2006,2006-09-21,HUANG Sheng-Sheng,GREEN Wally,TPE,USA,4,0,"11,11,11,11|8,4,3,9",QR4,GRAND_SLAM,MS,1806,Qualification,HUANG Sheng-Sheng (TPE),GREEN Wally (USA),,,4 - 0,11:8 11:4 11:3 11:9,HUANG Sheng-Sheng,2006
Japan Open Yokohama 2006,2006-09-21,TAKAKIWA Kenichi,HUANG Sheng-Sheng,JPN,TPE,4,2,"17,11,11,11,2,11|15,6,13,1,11,3",5,GRAND_SLAM,MS,1806,Qualification,TAKAKIWA Kenichi (JPN),HUANG Sheng-Sheng (TPE),,,4 - 2,17:15 11:6 11:13 11:1 2:11 11:3,TAKAKIWA Kenichi,2006
Japan Open Yokohama 2006,2006-09-21,CHO Eonrae,GREEN Wally,KOR,USA,4,0,"11,11,11,11|3,1,8,6",6,GRAND_SLAM,MS,1806,Qualification,CHO Eonrae (KOR),GREEN Wally (USA),,,4 - 0,11:3 11:1 11:8 11:6,CHO Eonrae,2006
Japan Open Yokohama 2006,2006-09-21,TAKASHI Akira,MONRAD Martin,JPN,DEN,4,0,"11,11,11,12|5,6,4,10",,GRAND_SLAM,MS,1806,Qualification,TAKASHI Akira (JPN),MONRAD Martin (DEN),,,0 - 4,5:11 6:11 4:11 10:12,TAKASHI Akira,2006
Japan Open Yokohama 2006,2006-09-21,WU Chih-Chi,KIM Chulwoo,TPE,KOR,4,1,"11,3,11,13,12|3,11,3,11,10",QR2,GRAND_SLAM,MS,1806,Qualification,WU Chih-Chi (TPE),KIM Chulwoo (KOR),,,4 - 1,11:3 3:11 11:3 13:11 12:10,WU Chih-Chi,2006
Japan Open Yokohama 2006,2006-09-21,MONRAD Martin,WU Chih-Chi,DEN,TPE,4,2,"4,11,11,11,8,14|11,9,8,8,11,12",3,GRAND_SLAM,MS,1806,Qualification,MONRAD Martin (DEN),WU Chih-Chi (TPE),,,4 - 2,4:11 11:9 11:8 11:8 8:11 14:12,MONRAD Martin,2006
Japan Open Yokohama 2006,2006-09-21,TAKASHI Akira,KIM Chulwoo,JPN,KOR,4,0,"11,11,11,11|7,7,9,7",QR4,GRAND_SLAM,MS,1806,Qualification,TAKASHI Akira (JPN),KIM Chulwoo (KOR),,,4 - 0,11:7 11:7 11:9 11:7,TAKASHI Akira,2006
Japan Open Yokohama 2006,2006-09-21,WU Chih-Chi,TAKASHI Akira,TPE,JPN,4,2,"11,7,2,11,11,11|8,11,11,8,0,8",5,GRAND_SLAM,MS,1806,Qualification,WU Chih-Chi (TPE),TAKASHI Akira (JPN),,,4 - 2,11:8 7:11 2:11 11:8 11:0 11:8,WU Chih-Chi,2006
Japan Open Yokohama 2006,2006-09-21,KIM Chulwoo,MONRAD Martin,KOR,DEN,4,1,"9,11,11,11,11|11,7,9,8,9",6,GRAND_SLAM,MS,1806,Qualification,KIM Chulwoo (KOR),MONRAD Martin (DEN),,,1 - 4,11:9 7:11 9:11 8:11 9:11,KIM Chulwoo,2006
Japan Open Yokohama 2006,2006-09-21,DRINKHALL Paul,LEE Jinkwon,ENG,KOR,4,2,"6,13,11,8,11,11|11,11,9,11,5,9",,GRAND_SLAM,MS,1806,Qualification,DRINKHALL Paul (ENG),LEE Jinkwon (KOR),,,2 - 4,11:6 11:13 9:11 11:8 5:11 9:11,DRINKHALL Paul,2006
Japan Open Yokohama 2006,2006-09-21,ZWICKL Daniel,MATSUDAIRA Kenji,HUN,JPN,4,1,"12,11,11,8,11|10,5,4,11,6",QR2,GRAND_SLAM,MS,1806,Qualification,ZWICKL Daniel (HUN),MATSUDAIRA Kenji (JPN),,,4 - 1,12:10 11:5 11:4 8:11 11:6,ZWICKL Daniel,2006
Japan Open Yokohama 2006,2006-09-21,LEE Jinkwon,ZWICKL Daniel,KOR,HUN,4,0,"11,13,13,11|2,11,11,1",3,GRAND_SLAM,MS,1806,Qualification,LEE Jinkwon (KOR),ZWICKL Daniel (HUN),,,4 - 0,11:2 13:11 13:11 11:1,LEE Jinkwon,2006
Japan Open Yokohama 2006,2006-09-21,DRINKHALL Paul,MATSUDAIRA Kenji,ENG,JPN,4,2,"11,11,2,6,11,11|9,5,11,11,5,4",QR4,GRAND_SLAM,MS,1806,Qualification,DRINKHALL Paul (ENG),MATSUDAIRA Kenji (JPN),,,4 - 2,11:9 11:5 2:11 6:11 11:5 11:4,DRINKHALL Paul,2006
Japan Open Yokohama 2006,2006-09-21,ZWICKL Daniel,DRINKHALL Paul,HUN,ENG,4,3,"8,10,11,11,11,11,11|11,12,2,6,3,13,5",5,GRAND_SLAM,MS,1806,Qualification,ZWICKL Daniel (HUN),DRINKHALL Paul (ENG),,,4 - 3,8:11 10:12 11:2 11:6 11:3 11:13 11:5,ZWICKL Daniel,2006
Japan Open Yokohama 2006,2006-09-21,LEE Jinkwon,MATSUDAIRA Kenji,KOR,JPN,4,1,"11,11,4,11,11|4,8,11,6,9",6,GRAND_SLAM,MS,1806,Qualification,LEE Jinkwon (KOR),MATSUDAIRA Kenji (JPN),,,4 - 1,11:4 11:8 4:11 11:6 11:9,LEE Jinkwon,2006
Japan Open Yokohama 2006,2006-09-21,MATSUDAIRA Kenta,KEINATH Thomas,JPN,SVK,4,1,"10,11,11,11,11|12,9,5,8,6",,GRAND_SLAM,MS,1806,Qualification,MATSUDAIRA Kenta (JPN),KEINATH Thomas (SVK),,,1 - 4,12:10 9:11 5:11 8:11 6:11,MATSUDAIRA Kenta,2006
Japan Open Yokohama 2006,2006-09-21,CHO Jihoon,HOU Ming-Tsung,KOR,TPE,4,0,,QR2,GRAND_SLAM,MS,1806,Qualification,CHO Jihoon (KOR),HOU Ming-Tsung (TPE),,,4 - 0,,CHO Jihoon,2006
Japan Open Yokohama 2006,2006-09-21,KEINATH Thomas,CHO Jihoon,SVK,KOR,4,3,"11,6,9,11,5,15,11|2,11,11,5,11,13,6",3,GRAND_SLAM,MS,1806,Qualification,KEINATH Thomas (SVK),CHO Jihoon (KOR),,,4 - 3,11:2 6:11 9:11 11:5 5:11 15:13 11:6,KEINATH Thomas,2006
Japan Open Yokohama 2006,2006-09-21,MATSUDAIRA Kenta,HOU Ming-Tsung,JPN,TPE,4,0,,QR4,GRAND_SLAM,MS,1806,Qualification,MATSUDAIRA Kenta (JPN),HOU Ming-Tsung (TPE),,,4 - 0,,MATSUDAIRA Kenta,2006
Japan Open Yokohama 2006,2006-09-21,MATSUDAIRA Kenta,CHO Jihoon,JPN,KOR,4,0,"11,11,11,11|7,7,9,4",5,GRAND_SLAM,MS,1806,Qualification,MATSUDAIRA Kenta (JPN),CHO Jihoon (KOR),,,0 - 4,7:11 7:11 9:11 4:11,MATSUDAIRA Kenta,2006
Japan Open Yokohama 2006,2006-09-21,KEINATH Thomas,HOU Ming-Tsung,SVK,TPE,4,0,,6,GRAND_SLAM,MS,1806,Qualification,KEINATH Thomas (SVK),HOU Ming-Tsung (TPE),,,4 - 0,,KEINATH Thomas,2006
Japan Open Yokohama 2006,2006-09-21,MIZUTANI Jun,KIM Jungkyu,JPN,KOR,4,1,"6,11,11,11,11|11,1,6,6,7",,GRAND_SLAM,MS,1806,Qualification,MIZUTANI Jun (JPN),KIM Jungkyu (KOR),,,4 - 1,6:11 11:1 11:6 11:6 11:7,MIZUTANI Jun,2006
Japan Open Yokohama 2006,2006-09-21,OVTCHAROV Dimitrij,REED Daniel,GER,ENG,4,0,"11,11,11,11|4,1,4,9",QR2,GRAND_SLAM,MS,1806,Qualification,OVTCHAROV Dimitrij (GER),REED Daniel (ENG),,,4 - 0,11:4 11:1 11:4 11:9,OVTCHAROV Dimitrij,2006
Japan Open Yokohama 2006,2006-09-21,MIZUTANI Jun,OVTCHAROV Dimitrij,JPN,GER,4,0,"11,11,11,12|8,4,6,10",3,GRAND_SLAM,MS,1806,Qualification,MIZUTANI Jun (JPN),OVTCHAROV Dimitrij (GER),,,4 - 0,11:8 11:4 11:6 12:10,MIZUTANI Jun,2006
Japan Open Yokohama 2006,2006-09-21,REED Daniel,KIM Jungkyu,ENG,KOR,4,3,"11,7,11,4,11,6,11|8,11,6,11,8,11,8",QR4,GRAND_SLAM,MS,1806,Qualification,REED Daniel (ENG),KIM Jungkyu (KOR),,,3 - 4,8:11 11:7 6:11 11:4 8:11 11:6 8:11,REED Daniel,2006
Japan Open Yokohama 2006,2006-09-21,OVTCHAROV Dimitrij,KIM Jungkyu,GER,KOR,4,1,"11,11,11,11,11|13,6,5,9,5",5,GRAND_SLAM,MS,1806,Qualification,OVTCHAROV Dimitrij (GER),KIM Jungkyu (KOR),,,4 - 1,11:13 11:6 11:5 11:9 11:5,OVTCHAROV Dimitrij,2006
Japan Open Yokohama 2006,2006-09-21,MIZUTANI Jun,REED Daniel,JPN,ENG,4,1,"11,12,11,11,11|5,14,7,3,4",6,GRAND_SLAM,MS,1806,Qualification,MIZUTANI Jun (JPN),REED Daniel (ENG),,,4 - 1,11:5 12:14 11:7 11:3 11:4,MIZUTANI Jun,2006
Japan Open Yokohama 2006,2006-09-21,KIM Junghoon,LEBESSON Emmanuel,KOR,FRA,4,2,"6,11,8,11,11,11|11,8,11,9,9,5",,GRAND_SLAM,MS,1806,Qualification,KIM Junghoon (KOR),LEBESSON Emmanuel (FRA),,,4 - 2,6:11 11:8 8:11 11:9 11:9 11:5,KIM Junghoon,2006
Japan Open Yokohama 2006,2006-09-21,ZHANG Wilson,SUN Wen-Wei,CAN,TPE,4,2,"9,11,11,11,5,11|11,9,4,5,11,9",QR2,GRAND_SLAM,MS,1806,Qualification,ZHANG Wilson (CAN),SUN Wen-Wei (TPE),,,4 - 2,9:11 11:9 11:4 11:5 5:11 11:9,ZHANG Wilson,2006
Japan Open Yokohama 2006,2006-09-21,KIM Junghoon,ZHANG Wilson,KOR,CAN,4,1,"6,12,11,11,11|11,10,3,4,4",3,GRAND_SLAM,MS,1806,Qualification,KIM Junghoon (KOR),ZHANG Wilson (CAN),,,4 - 1,6:11 12:10 11:3 11:4 11:4,KIM Junghoon,2006
Japan Open Yokohama 2006,2006-09-21,LEBESSON Emmanuel,SUN Wen-Wei,FRA,TPE,4,2,"7,11,11,11,9,11|11,5,9,8,11,5",QR4,GRAND_SLAM,MS,1806,Qualification,LEBESSON Emmanuel (FRA),SUN Wen-Wei (TPE),,,4 - 2,7:11 11:5 11:9 11:8 9:11 11:5,LEBESSON Emmanuel,2006
Japan Open Yokohama 2006,2006-09-21,ZHANG Wilson,LEBESSON Emmanuel,CAN,FRA,4,2,"11,10,11,11,4,11|7,12,8,5,11,7",5,GRAND_SLAM,MS,1806,Qualification,ZHANG Wilson (CAN),LEBESSON Emmanuel (FRA),,,4 - 2,11:7 10:12 11:8 11:5 4:11 11:7,ZHANG Wilson,2006
Japan Open Yokohama 2006,2006-09-21,KIM Junghoon,SUN Wen-Wei,KOR,TPE,4,1,"11,11,11,11,12|4,7,13,7,10",6,GRAND_SLAM,MS,1806,Qualification,KIM Junghoon (KOR),SUN Wen-Wei (TPE),,,4 - 1,11:4 11:7 11:13 11:7 12:10,KIM Junghoon,2006
Japan Open Yokohama 2006,2006-09-21,CHANG Yen-Shu,KNIGHT Darius,TPE,ENG,4,1,"11,15,11,14,12|8,13,8,16,10",,GRAND_SLAM,MS,1806,Qualification,CHANG Yen-Shu (TPE),KNIGHT Darius (ENG),,,4 - 1,11:8 15:13 11:8 14:16 12:10,CHANG Yen-Shu,2006
Japan Open Yokohama 2006,2006-09-21,KISHIKAWA Seiya,DUBINA Samson,JPN,USA,4,0,"11,11,11,11|7,3,6,3",QR2,GRAND_SLAM,MS,1806,Qualification,KISHIKAWA Seiya (JPN),DUBINA Samson (USA),,,4 - 0,11:7 11:3 11:6 11:3,KISHIKAWA Seiya,2006
Japan Open Yokohama 2006,2006-09-21,CHANG Yen-Shu,KISHIKAWA Seiya,TPE,JPN,4,1,"14,7,11,11,13|12,11,4,8,11",3,GRAND_SLAM,MS,1806,Qualification,CHANG Yen-Shu (TPE),KISHIKAWA Seiya (JPN),,,4 - 1,14:12 7:11 11:4 11:8 13:11,CHANG Yen-Shu,2006
Japan Open Yokohama 2006,2006-09-21,KNIGHT Darius,DUBINA Samson,ENG,USA,4,0,"11,11,15,11|7,9,13,7",QR4,GRAND_SLAM,MS,1806,Qualification,KNIGHT Darius (ENG),DUBINA Samson (USA),,,4 - 0,11:7 11:9 15:13 11:7,KNIGHT Darius,2006
Japan Open Yokohama 2006,2006-09-21,KISHIKAWA Seiya,KNIGHT Darius,JPN,ENG,4,0,"11,11,14,11|9,2,2,6",5,GRAND_SLAM,MS,1806,Qualification,KISHIKAWA Seiya (JPN),KNIGHT Darius (ENG),,,4 - 0,11:9 11:2 14:2 11:6,KISHIKAWA Seiya,2006
Japan Open Yokohama 2006,2006-09-21,CHANG Yen-Shu,DUBINA Samson,TPE,USA,4,0,"11,11,13,11|9,9,11,3",6,GRAND_SLAM,MS,1806,Qualification,CHANG Yen-Shu (TPE),DUBINA Samson (USA),,,4 - 0,11:9 11:9 13:11 11:3,CHANG Yen-Shu,2006
Japan Open Yokohama 2006,2006-09-21,MONTEIRO Joao,CHEN Chien-An,POR,TPE,4,1,"11,11,9,11,11|5,7,11,9,8",,GRAND_SLAM,MS,1806,Qualification,MONTEIRO Joao (POR),CHEN Chien-An (TPE),,,4 - 1,11:5 11:7 9:11 11:9 11:8,MONTEIRO Joao,2006
Japan Open Yokohama 2006,2006-09-21,TUGWELL Finn,TSE Ka Chun,DEN,HKG,4,2,"8,15,8,11,11,11|11,13,11,6,3,4",QR2,GRAND_SLAM,MS,1806,Qualification,TUGWELL Finn (DEN),TSE Ka Chun (HKG),,,4 - 2,8:11 15:13 8:11 11:6 11:3 11:4,TUGWELL Finn,2006
Japan Open Yokohama 2006,2006-09-21,TUGWELL Finn,MONTEIRO Joao,DEN,POR,4,3,"5,11,11,9,11,8,11|11,8,7,11,7,11,8",3,GRAND_SLAM,MS,1806,Qualification,TUGWELL Finn (DEN),MONTEIRO Joao (POR),,,3 - 4,11:5 8:11 7:11 11:9 7:11 11:8 8:11,TUGWELL Finn,2006
Japan Open Yokohama 2006,2006-09-21,CHEN Chien-An,TSE Ka Chun,TPE,HKG,4,1,"15,11,7,11,11|13,4,11,8,9",QR4,GRAND_SLAM,MS,1806,Qualification,CHEN Chien-An (TPE),TSE Ka Chun (HKG),,,4 - 1,15:13 11:4 7:11 11:8 11:9,CHEN Chien-An,2006
Japan Open Yokohama 2006,2006-09-21,TUGWELL Finn,CHEN Chien-An,DEN,TPE,4,0,"11,11,11,11|7,8,9,5",5,GRAND_SLAM,MS,1806,Qualification,TUGWELL Finn (DEN),CHEN Chien-An (TPE),,,4 - 0,11:7 11:8 11:9 11:5,TUGWELL Finn,2006
Japan Open Yokohama 2006,2006-09-21,MONTEIRO Joao,TSE Ka Chun,POR,HKG,4,0,"11,11,11,12|7,5,7,10",6,GRAND_SLAM,MS,1806,Qualification,MONTEIRO Joao (POR),TSE Ka Chun (HKG),,,4 - 0,11:7 11:5 11:7 12:10,MONTEIRO Joao,2006
Japan Open Yokohama 2006,2006-09-21,SUN Wen-Wei,GEN Kazumine,TPE,JPN,3,1,"11,6,11,11|7,11,6,6",,GRAND_SLAM,U21MS,1806,Qualification,SUN Wen-Wei (TPE),GEN Kazumine (JPN),,,3 - 1,11:7 6:11 11:6 11:6,SUN Wen-Wei,2006
Japan Open Yokohama 2006,2006-09-21,DURAN Marc,GEN Kazumine,ESP,JPN,3,0,"11,11,11|3,2,6",QR2,GRAND_SLAM,U21MS,1806,Qualification,DURAN Marc (ESP),GEN Kazumine (JPN),,,3 - 0,11:3 11:2 11:6,DURAN Marc,2006
Japan Open Yokohama 2006,2006-09-21,DURAN Marc,SUN Wen-Wei,ESP,TPE,3,0,"15,15,13|13,6,11",3,GRAND_SLAM,U21MS,1806,Qualification,DURAN Marc (ESP),SUN Wen-Wei (TPE),,,3 - 0,15:13 15:6 13:11,DURAN Marc,2006
Japan Open Yokohama 2006,2006-09-21,MATSUDAIRA Kenji,REED Daniel,JPN,ENG,3,0,"11,11,11|3,8,5",,GRAND_SLAM,U21MS,1806,Qualification,MATSUDAIRA Kenji (JPN),REED Daniel (ENG),,,3 - 0,11:3 11:8 11:5,MATSUDAIRA Kenji,2006
Japan Open Yokohama 2006,2006-09-21,CHOU Tung-Yu,REED Daniel,TPE,ENG,3,0,"11,12,11|8,10,9",QR2,GRAND_SLAM,U21MS,1806,Qualification,CHOU Tung-Yu (TPE),REED Daniel (ENG),,,3 - 0,11:8 12:10 11:9,CHOU Tung-Yu,2006
Japan Open Yokohama 2006,2006-09-21,MATSUDAIRA Kenji,CHOU Tung-Yu,JPN,TPE,3,1,"10,11,11,12|12,8,5,10",3,GRAND_SLAM,U21MS,1806,Qualification,MATSUDAIRA Kenji (JPN),CHOU Tung-Yu (TPE),,,1 - 3,12:10 8:11 5:11 10:12,MATSUDAIRA Kenji,2006
Japan Open Yokohama 2006,2006-09-21,TSE Ka Chun,KAWAGUCHI Hiromu,HKG,JPN,3,0,"11,11,11|9,8,8",,GRAND_SLAM,U21MS,1806,Qualification,TSE Ka Chun (HKG),KAWAGUCHI Hiromu (JPN),,,3 - 0,11:9 11:8 11:8,TSE Ka Chun,2006
Japan Open Yokohama 2006,2006-09-21,HUANG Sheng-Sheng,KAWAGUCHI Hiromu,TPE,JPN,3,0,"11,11,11|7,5,8",QR2,GRAND_SLAM,U21MS,1806,Qualification,HUANG Sheng-Sheng (TPE),KAWAGUCHI Hiromu (JPN),,,3 - 0,11:7 11:5 11:8,HUANG Sheng-Sheng,2006
Japan Open Yokohama 2006,2006-09-21,HUANG Sheng-Sheng,TSE Ka Chun,TPE,HKG,3,1,"11,11,10,11|8,7,12,9",3,GRAND_SLAM,U21MS,1806,Qualification,HUANG Sheng-Sheng (TPE),TSE Ka Chun (HKG),,,3 - 1,11:8 11:7 10:12 11:9,HUANG Sheng-Sheng,2006
Japan Open Yokohama 2006,2006-09-21,KNIGHT Darius,SHIMOKAWA Takaomi,ENG,JPN,3,0,"11,12,11|5,10,5",,GRAND_SLAM,U21MS,1806,Qualification,KNIGHT Darius (ENG),SHIMOKAWA Takaomi (JPN),,,3 - 0,11:5 12:10 11:5,KNIGHT Darius,2006
Japan Open Yokohama 2006,2006-09-21,KIM Jungkyu,SHIMOKAWA Takaomi,KOR,JPN,3,0,"11,11,11|7,6,4",QR2,GRAND_SLAM,U21MS,1806,Qualification,KIM Jungkyu (KOR),SHIMOKAWA Takaomi (JPN),,,3 - 0,11:7 11:6 11:4,KIM Jungkyu,2006
Japan Open Yokohama 2006,2006-09-21,KIM Jungkyu,KNIGHT Darius,KOR,ENG,3,2,"11,9,8,11,11|9,11,11,5,6",3,GRAND_SLAM,U21MS,1806,Qualification,KIM Jungkyu (KOR),KNIGHT Darius (ENG),,,3 - 2,11:9 9:11 8:11 11:5 11:6,KIM Jungkyu,2006
Japan Open Yokohama 2006,2006-09-21,CHEN Chien-An,HOSONO Hiroto,TPE,JPN,3,0,"11,11,11|4,3,9",,GRAND_SLAM,U21MS,1806,Qualification,CHEN Chien-An (TPE),HOSONO Hiroto (JPN),,,3 - 0,11:4 11:3 11:9,CHEN Chien-An,2006
Japan Open Yokohama 2006,2006-09-21,DRINKHALL Paul,HOSONO Hiroto,ENG,JPN,3,1,"8,11,11,11|11,6,5,7",QR2,GRAND_SLAM,U21MS,1806,Qualification,DRINKHALL Paul (ENG),HOSONO Hiroto (JPN),,,3 - 1,8:11 11:6 11:5 11:7,DRINKHALL Paul,2006
Japan Open Yokohama 2006,2006-09-21,DRINKHALL Paul,CHEN Chien-An,ENG,TPE,3,0,"11,11,14|2,3,12",3,GRAND_SLAM,U21MS,1806,Qualification,DRINKHALL Paul (ENG),CHEN Chien-An (TPE),,,3 - 0,11:2 11:3 14:12,DRINKHALL Paul,2006
Japan Open Yokohama 2006,2006-09-21,LEBESSON Emmanuel,HOU Ming-Tsung,FRA,TPE,3,0,,,GRAND_SLAM,U21MS,1806,Qualification,LEBESSON Emmanuel (FRA),HOU Ming-Tsung (TPE),,,3 - 0,,LEBESSON Emmanuel,2006
Japan Open Yokohama 2006,2006-09-21,LEBESSON Emmanuel,MATSUDAIRA Kenta,FRA,JPN,3,1,"11,11,4,11|7,6,11,4",3,GRAND_SLAM,U21MS,1806,Qualification,LEBESSON Emmanuel (FRA),MATSUDAIRA Kenta (JPN),,,1 - 3,7:11 6:11 11:4 4:11,LEBESSON Emmanuel,2006
Japan Open Yokohama 2006,2006-09-21,GUO Yan (1982),HEINE Veronika,CHN,AUT,4,0,"11,11,11,11|8,9,3,5",R64,GRAND_SLAM,WS,1806,Main Draw,GUO Yan (1982) (CHN),HEINE Veronika (AUT),,,4 - 0,11:8 11:9 11:3 11:5,GUO Yan (1982),2006
Japan Open Yokohama 2006,2006-09-21,KANAZAWA Saki,PAVLOVICH Veronika,JPN,BLR,4,0,"11,11,11,12|5,1,7,10",R64,GRAND_SLAM,WS,1806,Main Draw,KANAZAWA Saki (JPN),PAVLOVICH Veronika (BLR),,,0 - 4,5:11 1:11 7:11 10:12,KANAZAWA Saki,2006
Japan Open Yokohama 2006,2006-09-21,IVANCAN Irene,PARK Miyoung,GER,KOR,4,3,"10,11,8,8,11,11,11|12,9,11,11,6,6,6",R64,GRAND_SLAM,WS,1806,Main Draw,IVANCAN Irene (GER),PARK Miyoung (KOR),,,3 - 4,12:10 9:11 11:8 11:8 6:11 6:11 6:11,IVANCAN Irene,2006
Japan Open Yokohama 2006,2006-09-21,TOTH Krisztina,TERUI Moemi,HUN,JPN,4,0,"11,11,12,11|8,3,10,4",R64,GRAND_SLAM,WS,1806,Main Draw,TOTH Krisztina (HUN),TERUI Moemi (JPN),,,0 - 4,8:11 3:11 10:12 4:11,TOTH Krisztina,2006
Japan Open Yokohama 2006,2006-09-21,TASEI Mikie,JIANG Huajun,JPN,HKG,4,2,"13,12,10,9,11,11|11,10,12,11,7,8",R64,GRAND_SLAM,WS,1806,Main Draw,TASEI Mikie (JPN),JIANG Huajun (HKG),,,2 - 4,11:13 10:12 12:10 11:9 7:11 8:11,TASEI Mikie,2006
Japan Open Yokohama 2006,2006-09-21,STEFANOVA Nikoleta,PARK Seonghye,ITA,KOR,4,2,"9,10,11,11,11,11|11,12,6,6,7,9",R64,GRAND_SLAM,WS,1806,Main Draw,STEFANOVA Nikoleta (ITA),PARK Seonghye (KOR),,,2 - 4,11:9 12:10 6:11 6:11 7:11 9:11,STEFANOVA Nikoleta,2006
Japan Open Yokohama 2006,2006-09-21,SCHALL Elke,KOMWONG Nanthana,GER,THA,4,3,"12,11,9,16,6,11,11|14,9,11,14,11,8,5",R64,GRAND_SLAM,WS,1806,Main Draw,SCHALL Elke (GER),KOMWONG Nanthana (THA),,,4 - 3,12:14 11:9 9:11 16:14 6:11 11:8 11:5,SCHALL Elke,2006
Japan Open Yokohama 2006,2006-09-21,GAO Jun,MUANGSUK Anisara,USA,THA,4,1,"11,11,9,11,11|9,8,11,6,3",R64,GRAND_SLAM,WS,1806,Main Draw,GAO Jun (USA),MUANGSUK Anisara (THA),,,1 - 4,9:11 8:11 11:9 6:11 3:11,GAO Jun,2006
Japan Open Yokohama 2006,2006-09-21,CAO Zhen,LEE I-Chen,CHN,TPE,4,0,"12,11,11,11|10,7,3,8",R64,GRAND_SLAM,WS,1806,Main Draw,CAO Zhen (CHN),LEE I-Chen (TPE),,,4 - 0,12:10 11:7 11:3 11:8,CAO Zhen,2006
Japan Open Yokohama 2006,2006-09-21,DING Ning,KWAK Bangbang,CHN,KOR,4,0,"11,11,13,11|9,4,11,8",R64,GRAND_SLAM,WS,1806,Main Draw,DING Ning (CHN),KWAK Bangbang (KOR),,,0 - 4,9:11 4:11 11:13 8:11,DING Ning,2006
Japan Open Yokohama 2006,2006-09-21,PENG Luyang,WU Jiaduo,CHN,GER,4,1,"11,9,11,11,11|5,11,4,8,7",R64,GRAND_SLAM,WS,1806,Main Draw,PENG Luyang (CHN),WU Jiaduo (GER),,,1 - 4,5:11 11:9 4:11 8:11 7:11,PENG Luyang,2006
Japan Open Yokohama 2006,2006-09-21,STRUSE Nicole,KISHIDA Satoko,GER,JPN,4,3,"6,8,11,11,11,3,11|11,11,8,6,7,11,6",R64,GRAND_SLAM,WS,1806,Main Draw,STRUSE Nicole (GER),KISHIDA Satoko (JPN),,,3 - 4,11:6 11:8 8:11 6:11 7:11 11:3 6:11,STRUSE Nicole,2006
Japan Open Yokohama 2006,2006-09-21,ONO Shiho,PAVLOVICH Viktoria,JPN,BLR,4,1,"12,11,10,11,16|10,9,12,8,14",R64,GRAND_SLAM,WS,1806,Main Draw,ONO Shiho (JPN),PAVLOVICH Viktoria (BLR),,,1 - 4,10:12 9:11 12:10 8:11 14:16,ONO Shiho,2006
Japan Open Yokohama 2006,2006-09-21,FUKUOKA Haruna,BARTHEL Zhenqi,JPN,GER,4,1,"11,11,6,14,11|9,7,11,12,9",R64,GRAND_SLAM,WS,1806,Main Draw,FUKUOKA Haruna (JPN),BARTHEL Zhenqi (GER),,,1 - 4,9:11 7:11 11:6 12:14 9:11,FUKUOKA Haruna,2006
Japan Open Yokohama 2006,2006-09-21,TAN Wenling,SHIM Serom,ITA,KOR,4,1,"11,11,12,7,11|7,5,10,11,9",R64,GRAND_SLAM,WS,1806,Main Draw,TAN Wenling (ITA),SHIM Serom (KOR),,,4 - 1,11:7 11:5 12:10 7:11 11:9,TAN Wenling,2006
Japan Open Yokohama 2006,2006-09-21,LI Jiawei,HSU Hui-Tsun,SGP,TPE,4,1,"11,8,11,11,11|7,11,8,6,7",R64,GRAND_SLAM,WS,1806,Main Draw,LI Jiawei (SGP),HSU Hui-Tsun (TPE),,,1 - 4,7:11 11:8 8:11 6:11 7:11,LI Jiawei,2006
Japan Open Yokohama 2006,2006-09-21,WANG Nan,KIM Soongsil,CHN,KOR,4,0,"11,11,11,11|6,5,7,9",R64,GRAND_SLAM,WS,1806,Main Draw,WANG Nan (CHN),KIM Soongsil (KOR),,,4 - 0,11:6 11:5 11:7 11:9,WANG Nan,2006
Japan Open Yokohama 2006,2006-09-21,ZHANG Rui,KONISHI An,HKG,JPN,4,1,"11,11,14,5,11|8,8,12,11,5",R64,GRAND_SLAM,WS,1806,Main Draw,ZHANG Rui (HKG),KONISHI An (JPN),,,1 - 4,8:11 8:11 12:14 11:5 5:11,ZHANG Rui,2006
Japan Open Yokohama 2006,2006-09-21,SUN Beibei,LI Qiangbing,SGP,AUT,4,0,"11,11,11,11|4,9,2,8",R64,GRAND_SLAM,WS,1806,Main Draw,SUN Beibei (SGP),LI Qiangbing (AUT),,,4 - 0,11:4 11:9 11:2 11:8,SUN Beibei,2006
Japan Open Yokohama 2006,2006-09-21,WANG Yuegu,ISHIKAWA Kasumi,SGP,JPN,4,0,"11,11,11,11|5,7,5,8",R64,GRAND_SLAM,WS,1806,Main Draw,WANG Yuegu (SGP),ISHIKAWA Kasumi (JPN),,,0 - 4,5:11 7:11 5:11 8:11,WANG Yuegu,2006
Japan Open Yokohama 2006,2006-09-21,LU Yun-Feng,LAU Sui Fei,TPE,HKG,4,3,"11,3,6,11,2,11,11|2,11,11,8,11,1,6",R64,GRAND_SLAM,WS,1806,Main Draw,LU Yun-Feng (TPE),LAU Sui Fei (HKG),,,3 - 4,2:11 11:3 11:6 8:11 11:2 1:11 6:11,LU Yun-Feng,2006
Japan Open Yokohama 2006,2006-09-21,GANINA Svetlana,POTA Georgina,RUS,HUN,4,1,"11,9,11,13,11|9,11,8,11,4",R64,GRAND_SLAM,WS,1806,Main Draw,GANINA Svetlana (RUS),POTA Georgina (HUN),,,1 - 4,9:11 11:9 8:11 11:13 4:11,GANINA Svetlana,2006
Japan Open Yokohama 2006,2006-09-21,HIRANO Sayaka,RAMIREZ Sara,JPN,ESP,4,2,"8,8,11,11,11,11|11,11,7,6,3,4",R64,GRAND_SLAM,WS,1806,Main Draw,HIRANO Sayaka (JPN),RAMIREZ Sara (ESP),,,4 - 2,8:11 8:11 11:7 11:6 11:3 11:4,HIRANO Sayaka,2006
Japan Open Yokohama 2006,2006-09-21,LIN Ling,ISHIGAKI Yuka,HKG,JPN,4,3,"11,4,11,6,6,11,11|8,11,8,11,11,8,4",R64,GRAND_SLAM,WS,1806,Main Draw,LIN Ling (HKG),ISHIGAKI Yuka (JPN),,,3 - 4,8:11 11:4 8:11 11:6 11:6 8:11 4:11,LIN Ling,2006
Japan Open Yokohama 2006,2006-09-21,CHEN Qing,UDO Hiroe,CHN,JPN,4,1,"12,6,11,11,11|10,11,6,8,6",R64,GRAND_SLAM,WS,1806,Main Draw,CHEN Qing (CHN),UDO Hiroe (JPN),,,4 - 1,12:10 6:11 11:6 11:8 11:6,CHEN Qing,2006
Japan Open Yokohama 2006,2006-09-21,HIURA Reiko,TAN Paey Fern,JPN,SGP,4,1,"11,11,11,11,11|7,13,7,3,8",R64,GRAND_SLAM,WS,1806,Main Draw,HIURA Reiko (JPN),TAN Paey Fern (SGP),,,1 - 4,7:11 13:11 7:11 3:11 8:11,HIURA Reiko,2006
Japan Open Yokohama 2006,2006-09-21,KIM Bokrae,FUJINUMA Ai,KOR,JPN,4,1,"9,11,11,11,11|11,4,4,3,9",R64,GRAND_SLAM,WS,1806,Main Draw,KIM Bokrae (KOR),FUJINUMA Ai (JPN),,,1 - 4,11:9 4:11 4:11 3:11 9:11,KIM Bokrae,2006
Japan Open Yokohama 2006,2006-09-21,LIU Jia,WANG Yu (YOB=1981),AUT,ITA,4,0,"11,11,11,11|4,2,3,7",R64,GRAND_SLAM,WS,1806,Main Draw,LIU Jia (AUT),WANG Yu (YOB=1981) (ITA),,,0 - 4,4:11 2:11 3:11 7:11,LIU Jia,2006
Japan Open Yokohama 2006,2006-09-21,FUKUHARA Ai,CHOI Moonyoung,JPN,KOR,4,1,"11,7,11,11,11|0,11,6,5,9",R64,GRAND_SLAM,WS,1806,Main Draw,FUKUHARA Ai (JPN),CHOI Moonyoung (KOR),,,4 - 1,11:0 7:11 11:6 11:5 11:9,FUKUHARA Ai,2006
Japan Open Yokohama 2006,2006-09-21,SONG Ah Sim,LEE Eunhee,HKG,KOR,4,0,"11,11,11,11|8,6,8,3",R64,GRAND_SLAM,WS,1806,Main Draw,SONG Ah Sim (HKG),LEE Eunhee (KOR),,,0 - 4,8:11 6:11 8:11 3:11,SONG Ah Sim,2006
Japan Open Yokohama 2006,2006-09-21,FUJII Hiroko,MOON Hyunjung,JPN,KOR,4,2,"11,11,14,11,12,11|8,4,16,6,14,2",R64,GRAND_SLAM,WS,1806,Main Draw,FUJII Hiroko (JPN),MOON Hyunjung (KOR),,,2 - 4,8:11 4:11 16:14 6:11 14:12 2:11,FUJII Hiroko,2006
Japan Open Yokohama 2006,2006-09-21,TIE Yana,NEGRISOLI Laura,HKG,ITA,4,2,"11,13,7,11,7,11|2,11,11,4,11,9",R64,GRAND_SLAM,WS,1806,Main Draw,TIE Yana (HKG),NEGRISOLI Laura (ITA),,,2 - 4,2:11 11:13 11:7 4:11 11:7 9:11,TIE Yana,2006
Japan Open Yokohama 2006,2006-09-21,GUO Yan (1982),KANAZAWA Saki,CHN,JPN,4,0,"11,11,11,11|5,5,7,6",R32,GRAND_SLAM,WS,1806,Main Draw,GUO Yan (1982) (CHN),KANAZAWA Saki (JPN),,,4 - 0,11:5 11:5 11:7 11:6,GUO Yan (1982),2006
Japan Open Yokohama 2006,2006-09-21,IVANCAN Irene,TOTH Krisztina,GER,HUN,4,2,"11,12,7,11,6,11|6,10,11,9,11,6",R32,GRAND_SLAM,WS,1806,Main Draw,IVANCAN Irene (GER),TOTH Krisztina (HUN),,,4 - 2,11:6 12:10 7:11 11:9 6:11 11:6,IVANCAN Irene,2006
Japan Open Yokohama 2006,2006-09-21,STEFANOVA Nikoleta,TASEI Mikie,ITA,JPN,4,0,"11,11,11,11|7,8,2,9",R32,GRAND_SLAM,WS,1806,Main Draw,STEFANOVA Nikoleta (ITA),TASEI Mikie (JPN),,,0 - 4,7:11 8:11 2:11 9:11,STEFANOVA Nikoleta,2006
Japan Open Yokohama 2006,2006-09-21,GAO Jun,SCHALL Elke,USA,GER,4,1,"9,11,11,11,11|11,7,4,9,8",R32,GRAND_SLAM,WS,1806,Main Draw,GAO Jun (USA),SCHALL Elke (GER),,,1 - 4,11:9 7:11 4:11 9:11 8:11,GAO Jun,2006
Japan Open Yokohama 2006,2006-09-21,DING Ning,CAO Zhen,CHN,CHN,4,0,"11,11,11,11|2,9,5,8",R32,GRAND_SLAM,WS,1806,Main Draw,DING Ning (CHN),CAO Zhen (CHN),,,0 - 4,2:11 9:11 5:11 8:11,DING Ning,2006
Japan Open Yokohama 2006,2006-09-21,PENG Luyang,STRUSE Nicole,CHN,GER,4,0,"11,11,11,11|1,7,6,5",R32,GRAND_SLAM,WS,1806,Main Draw,PENG Luyang (CHN),STRUSE Nicole (GER),,,4 - 0,11:1 11:7 11:6 11:5,PENG Luyang,2006
Japan Open Yokohama 2006,2006-09-21,FUKUOKA Haruna,ONO Shiho,JPN,JPN,4,1,"14,11,9,12,11|12,9,11,10,6",R32,GRAND_SLAM,WS,1806,Main Draw,FUKUOKA Haruna (JPN),ONO Shiho (JPN),,,1 - 4,12:14 9:11 11:9 10:12 6:11,FUKUOKA Haruna,2006
Japan Open Yokohama 2006,2006-09-21,LI Jiawei,TAN Wenling,SGP,ITA,4,1,"11,13,3,11,11|7,11,11,3,8",R32,GRAND_SLAM,WS,1806,Main Draw,LI Jiawei (SGP),TAN Wenling (ITA),,,1 - 4,7:11 11:13 11:3 3:11 8:11,LI Jiawei,2006
Japan Open Yokohama 2006,2006-09-21,ZHANG Rui,WANG Nan,HKG,CHN,4,3,"13,11,2,16,5,7,11|11,6,11,14,11,11,8",R32,GRAND_SLAM,WS,1806,Main Draw,ZHANG Rui (HKG),WANG Nan (CHN),,,3 - 4,11:13 6:11 11:2 14:16 11:5 11:7 8:11,ZHANG Rui,2006
Japan Open Yokohama 2006,2006-09-21,WANG Yuegu,SUN Beibei,SGP,SGP,4,1,"11,11,5,11,11|5,4,11,7,9",R32,GRAND_SLAM,WS,1806,Main Draw,WANG Yuegu (SGP),SUN Beibei (SGP),,,1 - 4,5:11 4:11 11:5 7:11 9:11,WANG Yuegu,2006
Japan Open Yokohama 2006,2006-09-21,LU Yun-Feng,GANINA Svetlana,TPE,RUS,4,3,"10,8,9,11,11,11,11|12,11,11,9,9,5,8",R32,GRAND_SLAM,WS,1806,Main Draw,LU Yun-Feng (TPE),GANINA Svetlana (RUS),,,4 - 3,10:12 8:11 9:11 11:9 11:9 11:5 11:8,LU Yun-Feng,2006
Japan Open Yokohama 2006,2006-09-21,LIN Ling,HIRANO Sayaka,HKG,JPN,4,2,"5,11,11,8,11,11|11,6,9,11,7,3",R32,GRAND_SLAM,WS,1806,Main Draw,LIN Ling (HKG),HIRANO Sayaka (JPN),,,2 - 4,11:5 6:11 9:11 11:8 7:11 3:11,LIN Ling,2006
Japan Open Yokohama 2006,2006-09-21,CHEN Qing,HIURA Reiko,CHN,JPN,4,3,"14,6,16,11,11,7,11|16,11,14,8,8,11,8",R32,GRAND_SLAM,WS,1806,Main Draw,CHEN Qing (CHN),HIURA Reiko (JPN),,,4 - 3,14:16 6:11 16:14 11:8 11:8 7:11 11:8,CHEN Qing,2006
Japan Open Yokohama 2006,2006-09-21,KIM Bokrae,LIU Jia,KOR,AUT,4,0,"11,14,11,11|6,12,7,8",R32,GRAND_SLAM,WS,1806,Main Draw,KIM Bokrae (KOR),LIU Jia (AUT),,,4 - 0,11:6 14:12 11:7 11:8,KIM Bokrae,2006
Japan Open Yokohama 2006,2006-09-21,FUKUHARA Ai,SONG Ah Sim,JPN,HKG,4,1,"11,11,10,11,11|5,4,12,9,5",R32,GRAND_SLAM,WS,1806,Main Draw,FUKUHARA Ai (JPN),SONG Ah Sim (HKG),,,4 - 1,11:5 11:4 10:12 11:9 11:5,FUKUHARA Ai,2006
Japan Open Yokohama 2006,2006-09-21,FUJII Hiroko,TIE Yana,JPN,HKG,4,3,"4,11,4,9,11,12,11|11,9,11,11,5,10,9",R32,GRAND_SLAM,WS,1806,Main Draw,FUJII Hiroko (JPN),TIE Yana (HKG),,,4 - 3,4:11 11:9 4:11 9:11 11:5 12:10 11:9,FUJII Hiroko,2006
Japan Open Yokohama 2006,2006-09-21,GUO Yan (1982),IVANCAN Irene,CHN,GER,4,1,"3,11,11,11,11|11,7,7,7,9",R16,GRAND_SLAM,WS,1806,Main Draw,GUO Yan (1982) (CHN),IVANCAN Irene (GER),,,4 - 1,3:11 11:7 11:7 11:7 11:9,GUO Yan (1982),2006
Japan Open Yokohama 2006,2006-09-21,GAO Jun,STEFANOVA Nikoleta,USA,ITA,4,0,"11,14,12,11|7,12,10,8",R16,GRAND_SLAM,WS,1806,Main Draw,GAO Jun (USA),STEFANOVA Nikoleta (ITA),,,0 - 4,7:11 12:14 10:12 8:11,GAO Jun,2006
Japan Open Yokohama 2006,2006-09-21,DING Ning,PENG Luyang,CHN,CHN,4,1,"11,8,12,11,11|7,11,10,8,9",R16,GRAND_SLAM,WS,1806,Main Draw,DING Ning (CHN),PENG Luyang (CHN),,,4 - 1,11:7 8:11 12:10 11:8 11:9,DING Ning,2006
Japan Open Yokohama 2006,2006-09-21,FUKUOKA Haruna,LI Jiawei,JPN,SGP,4,3,"11,11,13,11,7,8,11|8,9,15,5,11,11,9",R16,GRAND_SLAM,WS,1806,Main Draw,FUKUOKA Haruna (JPN),LI Jiawei (SGP),,,4 - 3,11:8 11:9 13:15 11:5 7:11 8:11 11:9,FUKUOKA Haruna,2006
Japan Open Yokohama 2006,2006-09-21,WANG Yuegu,ZHANG Rui,SGP,HKG,4,0,"11,12,11,11|5,10,9,9",R16,GRAND_SLAM,WS,1806,Main Draw,WANG Yuegu (SGP),ZHANG Rui (HKG),,,0 - 4,5:11 10:12 9:11 9:11,WANG Yuegu,2006
Japan Open Yokohama 2006,2006-09-21,LIN Ling,LU Yun-Feng,HKG,TPE,4,1,"11,11,11,8,11|8,4,5,11,9",R16,GRAND_SLAM,WS,1806,Main Draw,LIN Ling (HKG),LU Yun-Feng (TPE),,,1 - 4,8:11 4:11 5:11 11:8 9:11,LIN Ling,2006
Japan Open Yokohama 2006,2006-09-21,CHEN Qing,KIM Bokrae,CHN,KOR,4,0,"11,11,11,11|7,8,8,6",R16,GRAND_SLAM,WS,1806,Main Draw,CHEN Qing (CHN),KIM Bokrae (KOR),,,4 - 0,11:7 11:8 11:8 11:6,CHEN Qing,2006
Japan Open Yokohama 2006,2006-09-21,FUJII Hiroko,FUKUHARA Ai,JPN,JPN,4,2,"12,11,7,11,11,11|14,5,11,9,9,6",R16,GRAND_SLAM,WS,1806,Main Draw,FUJII Hiroko (JPN),FUKUHARA Ai (JPN),,,2 - 4,14:12 5:11 11:7 9:11 9:11 6:11,FUJII Hiroko,2006
Japan Open Yokohama 2006,2006-09-21,GUO Yan (1982),GAO Jun,CHN,USA,4,0,"11,11,11,11|6,6,3,2",QuarterFinal,GRAND_SLAM,WS,1806,Main Draw,GUO Yan (1982) (CHN),GAO Jun (USA),,,4 - 0,11:6 11:6 11:3 11:2,GUO Yan (1982),2006
Japan Open Yokohama 2006,2006-09-21,FUKUOKA Haruna,DING Ning,JPN,CHN,4,3,"11,3,3,11,8,12,11|8,11,11,8,11,10,6",QuarterFinal,GRAND_SLAM,WS,1806,Main Draw,FUKUOKA Haruna (JPN),DING Ning (CHN),,,3 - 4,8:11 11:3 11:3 8:11 11:8 10:12 6:11,FUKUOKA Haruna,2006
Japan Open Yokohama 2006,2006-09-21,WANG Yuegu,LIN Ling,SGP,HKG,4,1,"11,11,11,7,11|7,5,1,11,4",QuarterFinal,GRAND_SLAM,WS,1806,Main Draw,WANG Yuegu (SGP),LIN Ling (HKG),,,4 - 1,11:7 11:5 11:1 7:11 11:4,WANG Yuegu,2006
Japan Open Yokohama 2006,2006-09-21,CHEN Qing,FUJII Hiroko,CHN,JPN,4,0,"11,11,12,11|5,7,10,5",QuarterFinal,GRAND_SLAM,WS,1806,Main Draw,CHEN Qing (CHN),FUJII Hiroko (JPN),,,4 - 0,11:5 11:7 12:10 11:5,CHEN Qing,2006
Japan Open Yokohama 2006,2006-09-21,GUO Yan (1982),FUKUOKA Haruna,CHN,JPN,4,1,"12,7,15,11,11|10,11,13,4,6",SemiFinal,GRAND_SLAM,WS,1806,Main Draw,GUO Yan (1982) (CHN),FUKUOKA Haruna (JPN),,,4 - 1,12:10 7:11 15:13 11:4 11:6,GUO Yan (1982),2006
Japan Open Yokohama 2006,2006-09-21,WANG Yuegu,CHEN Qing,SGP,CHN,4,1,"11,9,11,12,12|5,11,9,10,10",SemiFinal,GRAND_SLAM,WS,1806,Main Draw,WANG Yuegu (SGP),CHEN Qing (CHN),,,4 - 1,11:5 9:11 11:9 12:10 12:10,WANG Yuegu,2006
Japan Open Yokohama 2006,2006-09-21,WANG Yuegu,GUO Yan (1982),SGP,CHN,4,3,"8,14,7,4,11,12,14|11,12,11,11,9,10,12",Final,GRAND_SLAM,WS,1806,Main Draw,WANG Yuegu (SGP),GUO Yan (1982) (CHN),,,3 - 4,11:8 12:14 11:7 11:4 9:11 10:12 12:14,WANG Yuegu,2006
Japan Open Yokohama 2006,2006-09-21,LI Qiangbing,WAKAMIYA Misako,AUT,JPN,4,0,"11,11,11,11|8,6,6,4",R16,GRAND_SLAM,U21WS,1806,Main Draw,LI Qiangbing (AUT),WAKAMIYA Misako (JPN),,,4 - 0,11:8 11:6 11:6 11:4,LI Qiangbing,2006
Japan Open Yokohama 2006,2006-09-21,CHENG I-Ching,HEINE Veronika,TPE,AUT,4,3,"11,10,11,11,8,12,11|6,12,5,8,11,14,7",R16,GRAND_SLAM,U21WS,1806,Main Draw,CHENG I-Ching (TPE),HEINE Veronika (AUT),,,4 - 3,11:6 10:12 11:5 11:8 8:11 12:14 11:7,CHENG I-Ching,2006
Japan Open Yokohama 2006,2006-09-21,LEE I-Chen,PARK Seonghye,TPE,KOR,4,0,"11,11,11,11|7,8,5,5",R16,GRAND_SLAM,U21WS,1806,Main Draw,LEE I-Chen (TPE),PARK Seonghye (KOR),,,4 - 0,11:7 11:8 11:5 11:5,LEE I-Chen,2006
Japan Open Yokohama 2006,2006-09-21,BARTHEL Zhenqi,YAMANASHI Yuri,GER,JPN,4,2,"6,13,11,11,11,11|11,15,9,4,8,9",R16,GRAND_SLAM,U21WS,1806,Main Draw,BARTHEL Zhenqi (GER),YAMANASHI Yuri (JPN),,,2 - 4,11:6 15:13 9:11 4:11 8:11 9:11,BARTHEL Zhenqi,2006
Japan Open Yokohama 2006,2006-09-21,RAMIREZ Sara,LIU Hsing-Yin,ESP,TPE,4,2,"11,11,2,11,9,11|8,8,11,6,11,5",R16,GRAND_SLAM,U21WS,1806,Main Draw,RAMIREZ Sara (ESP),LIU Hsing-Yin (TPE),,,4 - 2,11:8 11:8 2:11 11:6 9:11 11:5,RAMIREZ Sara,2006
Japan Open Yokohama 2006,2006-09-21,ONO Shiho,CHOI Moonyoung,JPN,KOR,4,1,"11,4,11,11,13|3,11,5,4,11",R16,GRAND_SLAM,U21WS,1806,Main Draw,ONO Shiho (JPN),CHOI Moonyoung (KOR),,,1 - 4,3:11 11:4 5:11 4:11 11:13,ONO Shiho,2006
Japan Open Yokohama 2006,2006-09-21,SHIM Serom,LIN Chia-Hui,KOR,TPE,4,0,"11,11,11,11|7,3,5,9",R16,GRAND_SLAM,U21WS,1806,Main Draw,SHIM Serom (KOR),LIN Chia-Hui (TPE),,,4 - 0,11:7 11:3 11:5 11:9,SHIM Serom,2006
Japan Open Yokohama 2006,2006-09-21,POTA Georgina,UDO Hiroe,HUN,JPN,4,3,"11,11,7,4,11,4,11|2,6,11,11,8,11,5",R16,GRAND_SLAM,U21WS,1806,Main Draw,POTA Georgina (HUN),UDO Hiroe (JPN),,,3 - 4,2:11 6:11 11:7 11:4 8:11 11:4 5:11,POTA Georgina,2006
Japan Open Yokohama 2006,2006-09-21,LI Qiangbing,CHENG I-Ching,AUT,TPE,4,3,"11,11,12,9,8,8,11|7,9,10,11,11,11,3",QuarterFinal,GRAND_SLAM,U21WS,1806,Main Draw,LI Qiangbing (AUT),CHENG I-Ching (TPE),,,4 - 3,11:7 11:9 12:10 9:11 8:11 8:11 11:3,LI Qiangbing,2006
Japan Open Yokohama 2006,2006-09-21,BARTHEL Zhenqi,LEE I-Chen,GER,TPE,4,1,"11,10,11,11,11|3,12,4,4,7",QuarterFinal,GRAND_SLAM,U21WS,1806,Main Draw,BARTHEL Zhenqi (GER),LEE I-Chen (TPE),,,1 - 4,3:11 12:10 4:11 4:11 7:11,BARTHEL Zhenqi,2006
Japan Open Yokohama 2006,2006-09-21,RAMIREZ Sara,ONO Shiho,ESP,JPN,4,3,"10,9,11,11,11,7,11|12,11,5,8,7,11,6",QuarterFinal,GRAND_SLAM,U21WS,1806,Main Draw,RAMIREZ Sara (ESP),ONO Shiho (JPN),,,4 - 3,10:12 9:11 11:5 11:8 11:7 7:11 11:6,RAMIREZ Sara,2006
Japan Open Yokohama 2006,2006-09-21,POTA Georgina,SHIM Serom,HUN,KOR,4,0,"11,11,11,13|8,9,5,11",QuarterFinal,GRAND_SLAM,U21WS,1806,Main Draw,POTA Georgina (HUN),SHIM Serom (KOR),,,0 - 4,8:11 9:11 5:11 11:13,POTA Georgina,2006
Japan Open Yokohama 2006,2006-09-21,LI Qiangbing,BARTHEL Zhenqi,AUT,GER,4,1,"11,11,11,9,11|9,4,9,11,3",SemiFinal,GRAND_SLAM,U21WS,1806,Main Draw,LI Qiangbing (AUT),BARTHEL Zhenqi (GER),,,4 - 1,11:9 11:4 11:9 9:11 11:3,LI Qiangbing,2006
Japan Open Yokohama 2006,2006-09-21,POTA Georgina,RAMIREZ Sara,HUN,ESP,4,0,"11,11,12,11|6,5,10,8",SemiFinal,GRAND_SLAM,U21WS,1806,Main Draw,POTA Georgina (HUN),RAMIREZ Sara (ESP),,,0 - 4,6:11 5:11 10:12 8:11,POTA Georgina,2006
Japan Open Yokohama 2006,2006-09-21,LI Qiangbing,POTA Georgina,AUT,HUN,4,2,"8,11,11,11,7,11|11,6,9,8,11,9",Final,GRAND_SLAM,U21WS,1806,Main Draw,LI Qiangbing (AUT),POTA Georgina (HUN),,,4 - 2,8:11 11:6 11:9 11:8 7:11 11:9,LI Qiangbing,2006
Japan Open Yokohama 2006,2006-09-21,CHEN Qing,ONO Shiho,CHN,JPN,4,1,"7,11,11,11,11|11,8,6,5,5",,GRAND_SLAM,WS,1806,Qualification,CHEN Qing (CHN),ONO Shiho (JPN),,,4 - 1,7:11 11:8 11:6 11:5 11:5,CHEN Qing,2006
Japan Open Yokohama 2006,2006-09-21,CHEN Qing,PAN Chun-Chu,CHN,TPE,4,0,"13,11,11,11|11,2,7,9",QR2,GRAND_SLAM,WS,1806,Qualification,CHEN Qing (CHN),PAN Chun-Chu (TPE),,,4 - 0,13:11 11:2 11:7 11:9,CHEN Qing,2006
Japan Open Yokohama 2006,2006-09-21,ONO Shiho,PAN Chun-Chu,JPN,TPE,4,1,"11,11,11,11,11|13,6,5,7,7",3,GRAND_SLAM,WS,1806,Qualification,ONO Shiho (JPN),PAN Chun-Chu (TPE),,,1 - 4,13:11 6:11 5:11 7:11 7:11,ONO Shiho,2006
Japan Open Yokohama 2006,2006-09-21,LEE Eunhee,TERUI Moemi,KOR,JPN,4,1,"11,6,11,11,11|6,11,5,9,6",,GRAND_SLAM,WS,1806,Qualification,LEE Eunhee (KOR),TERUI Moemi (JPN),,,4 - 1,11:6 6:11 11:5 11:9 11:6,LEE Eunhee,2006
Japan Open Yokohama 2006,2006-09-21,LEE Eunhee,LEE I-Chen,KOR,TPE,4,1,"11,11,9,11,11|9,3,11,5,8",QR2,GRAND_SLAM,WS,1806,Qualification,LEE Eunhee (KOR),LEE I-Chen (TPE),,,4 - 1,11:9 11:3 9:11 11:5 11:8,LEE Eunhee,2006
Japan Open Yokohama 2006,2006-09-21,TERUI Moemi,LEE I-Chen,JPN,TPE,4,0,"11,11,11,13|8,7,9,11",3,GRAND_SLAM,WS,1806,Qualification,TERUI Moemi (JPN),LEE I-Chen (TPE),,,0 - 4,8:11 7:11 9:11 11:13,TERUI Moemi,2006
Japan Open Yokohama 2006,2006-09-21,PENG Luyang,KIM Soongsil,CHN,KOR,4,0,"11,11,11,11|4,2,4,6",,GRAND_SLAM,WS,1806,Qualification,PENG Luyang (CHN),KIM Soongsil (KOR),,,4 - 0,11:4 11:2 11:4 11:6,PENG Luyang,2006
Japan Open Yokohama 2006,2006-09-21,PENG Luyang,IVANCAN Irene,CHN,GER,4,2,"7,11,11,9,11,11|11,8,5,11,5,7",QR2,GRAND_SLAM,WS,1806,Qualification,PENG Luyang (CHN),IVANCAN Irene (GER),,,4 - 2,7:11 11:8 11:5 9:11 11:5 11:7,PENG Luyang,2006
Japan Open Yokohama 2006,2006-09-21,IVANCAN Irene,KIM Soongsil,GER,KOR,4,3,"6,13,3,17,4,11,11|11,11,11,15,11,9,5",3,GRAND_SLAM,WS,1806,Qualification,IVANCAN Irene (GER),KIM Soongsil (KOR),,,4 - 3,6:11 13:11 3:11 17:15 4:11 11:9 11:5,IVANCAN Irene,2006
Japan Open Yokohama 2006,2006-09-21,FUJII Hiroko,CHENG I-Ching,JPN,TPE,4,1,"11,11,7,11,11|9,1,11,3,5",,GRAND_SLAM,WS,1806,Qualification,FUJII Hiroko (JPN),CHENG I-Ching (TPE),,,4 - 1,11:9 11:1 7:11 11:3 11:5,FUJII Hiroko,2006
Japan Open Yokohama 2006,2006-09-21,FUJII Hiroko,SHIM Serom,JPN,KOR,4,0,"11,11,13,11|3,4,11,8",QR2,GRAND_SLAM,WS,1806,Qualification,FUJII Hiroko (JPN),SHIM Serom (KOR),,,4 - 0,11:3 11:4 13:11 11:8,FUJII Hiroko,2006
Japan Open Yokohama 2006,2006-09-21,SHIM Serom,CHENG I-Ching,KOR,TPE,4,2,"11,4,11,9,13,13|9,11,9,11,11,11",3,GRAND_SLAM,WS,1806,Qualification,SHIM Serom (KOR),CHENG I-Ching (TPE),,,4 - 2,11:9 4:11 11:9 9:11 13:11 13:11,SHIM Serom,2006
Japan Open Yokohama 2006,2006-09-21,KWAK Bangbang,LIN Chia-Hui,KOR,TPE,4,2,"6,11,11,11,9,11|11,4,5,8,11,7",,GRAND_SLAM,WS,1806,Qualification,KWAK Bangbang (KOR),LIN Chia-Hui (TPE),,,4 - 2,6:11 11:4 11:5 11:8 9:11 11:7,KWAK Bangbang,2006
Japan Open Yokohama 2006,2006-09-21,KWAK Bangbang,ISHIGAKI Yuka,KOR,JPN,4,3,"9,7,11,11,6,11,13|11,11,9,9,11,6,11",QR2,GRAND_SLAM,WS,1806,Qualification,KWAK Bangbang (KOR),ISHIGAKI Yuka (JPN),,,4 - 3,9:11 7:11 11:9 11:9 6:11 11:6 13:11,KWAK Bangbang,2006
Japan Open Yokohama 2006,2006-09-21,ISHIGAKI Yuka,LIN Chia-Hui,JPN,TPE,4,0,"11,11,11,14|1,6,9,12",3,GRAND_SLAM,WS,1806,Qualification,ISHIGAKI Yuka (JPN),LIN Chia-Hui (TPE),,,4 - 0,11:1 11:6 11:9 14:12,ISHIGAKI Yuka,2006
Japan Open Yokohama 2006,2006-09-21,KONISHI An,PARK Seonghye,JPN,KOR,4,0,"11,11,11,11|2,7,8,8",,GRAND_SLAM,WS,1806,Qualification,KONISHI An (JPN),PARK Seonghye (KOR),,,4 - 0,11:2 11:7 11:8 11:8,KONISHI An,2006
Japan Open Yokohama 2006,2006-09-21,KONISHI An,HEINE Veronika,JPN,AUT,4,0,"11,11,11,11|8,2,7,5",QR2,GRAND_SLAM,WS,1806,Qualification,KONISHI An (JPN),HEINE Veronika (AUT),,,4 - 0,11:8 11:2 11:7 11:5,KONISHI An,2006
Japan Open Yokohama 2006,2006-09-21,PARK Seonghye,HEINE Veronika,KOR,AUT,4,3,"9,11,12,10,11,14,14|11,9,10,12,13,12,12",3,GRAND_SLAM,WS,1806,Qualification,PARK Seonghye (KOR),HEINE Veronika (AUT),,,3 - 4,11:9 9:11 10:12 12:10 13:11 12:14 12:14,PARK Seonghye,2006
Japan Open Yokohama 2006,2006-09-21,YOON Suwon,LI Qiangbing,KOR,AUT,4,3,"6,11,11,4,11,7,11|11,7,8,11,9,11,8",,GRAND_SLAM,WS,1806,Qualification,YOON Suwon (KOR),LI Qiangbing (AUT),,,3 - 4,11:6 7:11 8:11 11:4 9:11 11:7 8:11,YOON Suwon,2006
Japan Open Yokohama 2006,2006-09-21,LI Qiangbing,WANG Yu (YOB=1981),AUT,ITA,4,0,"11,11,11,11|9,8,4,2",QR2,GRAND_SLAM,WS,1806,Qualification,LI Qiangbing (AUT),WANG Yu (YOB=1981) (ITA),,,4 - 0,11:9 11:8 11:4 11:2,LI Qiangbing,2006
Japan Open Yokohama 2006,2006-09-21,WANG Yu (YOB=1981),YOON Suwon,ITA,KOR,4,1,"11,9,11,13,11|4,11,6,11,8",3,GRAND_SLAM,WS,1806,Qualification,WANG Yu (YOB=1981) (ITA),YOON Suwon (KOR),,,4 - 1,11:4 9:11 11:6 13:11 11:8,WANG Yu (YOB=1981),2006
Japan Open Yokohama 2006,2006-09-21,KIM Bokrae,NOUWEN Carla,KOR,NED,4,0,"11,11,11,11|6,4,6,2",,GRAND_SLAM,WS,1806,Qualification,KIM Bokrae (KOR),NOUWEN Carla (NED),,,4 - 0,11:6 11:4 11:6 11:2,KIM Bokrae,2006
Japan Open Yokohama 2006,2006-09-21,KIM Bokrae,LU Yun-Feng,KOR,TPE,4,0,"11,11,11,11|5,2,8,5",QR2,GRAND_SLAM,WS,1806,Qualification,KIM Bokrae (KOR),LU Yun-Feng (TPE),,,4 - 0,11:5 11:2 11:8 11:5,KIM Bokrae,2006
Japan Open Yokohama 2006,2006-09-21,LU Yun-Feng,NOUWEN Carla,TPE,NED,4,0,"11,11,13,11|6,8,11,5",3,GRAND_SLAM,WS,1806,Qualification,LU Yun-Feng (TPE),NOUWEN Carla (NED),,,4 - 0,11:6 11:8 13:11 11:5,LU Yun-Feng,2006
Japan Open Yokohama 2006,2006-09-21,POTA Georgina,LIU Hsing-Yin,HUN,TPE,4,0,"11,11,11,11|5,5,8,5",,GRAND_SLAM,WS,1806,Qualification,POTA Georgina (HUN),LIU Hsing-Yin (TPE),,,4 - 0,11:5 11:5 11:8 11:5,POTA Georgina,2006
Japan Open Yokohama 2006,2006-09-21,POTA Georgina,MUANGSUK Anisara,HUN,THA,4,0,"11,11,11,11|5,8,8,9",QR2,GRAND_SLAM,WS,1806,Qualification,POTA Georgina (HUN),MUANGSUK Anisara (THA),,,4 - 0,11:5 11:8 11:8 11:9,POTA Georgina,2006
Japan Open Yokohama 2006,2006-09-21,MUANGSUK Anisara,LIU Hsing-Yin,THA,TPE,4,1,"11,11,11,7,12|4,3,6,11,10",3,GRAND_SLAM,WS,1806,Qualification,MUANGSUK Anisara (THA),LIU Hsing-Yin (TPE),,,4 - 1,11:4 11:3 11:6 7:11 12:10,MUANGSUK Anisara,2006
Japan Open Yokohama 2006,2006-09-21,TASEI Mikie,HSU Hui-Tsun,JPN,TPE,4,0,"11,11,11,11|7,6,3,8",,GRAND_SLAM,WS,1806,Qualification,TASEI Mikie (JPN),HSU Hui-Tsun (TPE),,,4 - 0,11:7 11:6 11:3 11:8,TASEI Mikie,2006
Japan Open Yokohama 2006,2006-09-21,BARTHEL Zhenqi,TASEI Mikie,GER,JPN,4,2,"12,9,11,9,11,11|10,11,7,11,4,9",QR2,GRAND_SLAM,WS,1806,Qualification,BARTHEL Zhenqi (GER),TASEI Mikie (JPN),,,2 - 4,10:12 11:9 7:11 11:9 4:11 9:11,BARTHEL Zhenqi,2006
Japan Open Yokohama 2006,2006-09-21,BARTHEL Zhenqi,HSU Hui-Tsun,GER,TPE,4,1,"11,10,11,11,11|5,12,5,9,3",3,GRAND_SLAM,WS,1806,Qualification,BARTHEL Zhenqi (GER),HSU Hui-Tsun (TPE),,,4 - 1,11:5 10:12 11:5 11:9 11:3,BARTHEL Zhenqi,2006
Japan Open Yokohama 2006,2006-09-21,ISHIKAWA Kasumi,LANG Kristin,JPN,GER,4,3,"5,11,7,11,11,7,11|11,6,11,9,4,11,8",,GRAND_SLAM,WS,1806,Qualification,ISHIKAWA Kasumi (JPN),LANG Kristin (GER),,,3 - 4,11:5 6:11 11:7 9:11 4:11 11:7 8:11,ISHIKAWA Kasumi,2006
Japan Open Yokohama 2006,2006-09-21,RAMIREZ Sara,LANG Kristin,ESP,GER,4,0,,QR2,GRAND_SLAM,WS,1806,Qualification,RAMIREZ Sara (ESP),LANG Kristin (GER),,,0 - 4,,RAMIREZ Sara,2006
Japan Open Yokohama 2006,2006-09-21,RAMIREZ Sara,ISHIKAWA Kasumi,ESP,JPN,4,1,"9,11,11,11,11|11,7,6,5,6",3,GRAND_SLAM,WS,1806,Qualification,RAMIREZ Sara (ESP),ISHIKAWA Kasumi (JPN),,,4 - 1,9:11 11:7 11:6 11:5 11:6,RAMIREZ Sara,2006
Japan Open Yokohama 2006,2006-09-21,UDO Hiroe,PAVLOVICH Veronika,JPN,BLR,4,3,"12,4,9,7,11,11,11|10,11,11,11,7,7,9",,GRAND_SLAM,WS,1806,Qualification,UDO Hiroe (JPN),PAVLOVICH Veronika (BLR),,,3 - 4,10:12 11:4 11:9 11:7 7:11 7:11 9:11,UDO Hiroe,2006
Japan Open Yokohama 2006,2006-09-21,NEGRISOLI Laura,PARK Inae,ITA,KOR,4,0,"11,11,11,11|8,6,2,7",QR2,GRAND_SLAM,WS,1806,Qualification,NEGRISOLI Laura (ITA),PARK Inae (KOR),,,4 - 0,11:8 11:6 11:2 11:7,NEGRISOLI Laura,2006
Japan Open Yokohama 2006,2006-09-21,PAVLOVICH Veronika,NEGRISOLI Laura,BLR,ITA,4,1,"5,11,11,11,11|11,9,5,4,6",3,GRAND_SLAM,WS,1806,Qualification,PAVLOVICH Veronika (BLR),NEGRISOLI Laura (ITA),,,4 - 1,5:11 11:9 11:5 11:4 11:6,PAVLOVICH Veronika,2006
Japan Open Yokohama 2006,2006-09-21,UDO Hiroe,PARK Inae,JPN,KOR,4,0,"11,11,11,11|8,6,7,3",QR4,GRAND_SLAM,WS,1806,Qualification,UDO Hiroe (JPN),PARK Inae (KOR),,,4 - 0,11:8 11:6 11:7 11:3,UDO Hiroe,2006
Japan Open Yokohama 2006,2006-09-21,NEGRISOLI Laura,UDO Hiroe,ITA,JPN,4,2,"11,7,9,13,11,11|8,11,11,11,4,9",5,GRAND_SLAM,WS,1806,Qualification,NEGRISOLI Laura (ITA),UDO Hiroe (JPN),,,4 - 2,11:8 7:11 9:11 13:11 11:4 11:9,NEGRISOLI Laura,2006
Japan Open Yokohama 2006,2006-09-21,PAVLOVICH Veronika,PARK Inae,BLR,KOR,4,0,"11,11,11,11|9,8,9,5",6,GRAND_SLAM,WS,1806,Qualification,PAVLOVICH Veronika (BLR),PARK Inae (KOR),,,4 - 0,11:9 11:8 11:9 11:5,PAVLOVICH Veronika,2006
Japan Open Yokohama 2006,2006-09-21,TAN Paey Fern,LEE Hyosim,SGP,KOR,4,3,"9,6,11,11,11,13,11|11,11,5,7,8,15,8",,GRAND_SLAM,WS,1806,Qualification,TAN Paey Fern (SGP),LEE Hyosim (KOR),,,4 - 3,9:11 6:11 11:5 11:7 11:8 13:15 11:8,TAN Paey Fern,2006
Japan Open Yokohama 2006,2006-09-21,TAN Paey Fern,KISHIDA Satoko,SGP,JPN,4,2,"11,11,6,9,11,13|4,9,11,11,3,11",QR2,GRAND_SLAM,WS,1806,Qualification,TAN Paey Fern (SGP),KISHIDA Satoko (JPN),,,4 - 2,11:4 11:9 6:11 9:11 11:3 13:11,TAN Paey Fern,2006
Japan Open Yokohama 2006,2006-09-21,KISHIDA Satoko,LEE Hyosim,JPN,KOR,4,2,"15,11,9,7,11,11|13,9,11,11,9,9",3,GRAND_SLAM,WS,1806,Qualification,KISHIDA Satoko (JPN),LEE Hyosim (KOR),,,4 - 2,15:13 11:9 9:11 7:11 11:9 11:9,KISHIDA Satoko,2006
Japan Open Yokohama 2006,2006-09-21,KOMWONG Nanthana,CHOI Moonyoung,THA,KOR,4,2,"11,8,8,11,11,11|4,11,11,7,8,6",,GRAND_SLAM,WS,1806,Qualification,KOMWONG Nanthana (THA),CHOI Moonyoung (KOR),,,4 - 2,11:4 8:11 8:11 11:7 11:8 11:6,KOMWONG Nanthana,2006
Japan Open Yokohama 2006,2006-09-21,KOMWONG Nanthana,HUANG Yi-Hua,THA,TPE,4,0,"11,11,11,11|2,5,8,8",QR2,GRAND_SLAM,WS,1806,Qualification,KOMWONG Nanthana (THA),HUANG Yi-Hua (TPE),,,4 - 0,11:2 11:5 11:8 11:8,KOMWONG Nanthana,2006
Japan Open Yokohama 2006,2006-09-21,CHOI Moonyoung,HUANG Yi-Hua,KOR,TPE,4,3,"8,11,9,11,11,9,11|11,9,11,7,8,11,8",3,GRAND_SLAM,WS,1806,Qualification,CHOI Moonyoung (KOR),HUANG Yi-Hua (TPE),,,3 - 4,11:8 9:11 11:9 7:11 8:11 11:9 8:11,CHOI Moonyoung,2006
Japan Open Yokohama 2006,2006-09-21,CHENG I-Ching,PARK Inae,TPE,KOR,3,0,"11,11,12|9,5,10",,GRAND_SLAM,U21WS,1806,Qualification,CHENG I-Ching (TPE),PARK Inae (KOR),,,3 - 0,11:9 11:5 12:10,CHENG I-Ching,2006
Japan Open Yokohama 2006,2006-09-21,UDO Hiroe,FUJITA Makiko,JPN,JPN,3,0,"12,11,11|10,9,2",QR2,GRAND_SLAM,U21WS,1806,Qualification,UDO Hiroe (JPN),FUJITA Makiko (JPN),,,3 - 0,12:10 11:9 11:2,UDO Hiroe,2006
Japan Open Yokohama 2006,2006-09-21,CHENG I-Ching,UDO Hiroe,TPE,JPN,3,1,"5,11,11,11|11,9,4,9",3,GRAND_SLAM,U21WS,1806,Qualification,CHENG I-Ching (TPE),UDO Hiroe (JPN),,,3 - 1,5:11 11:9 11:4 11:9,CHENG I-Ching,2006
Japan Open Yokohama 2006,2006-09-21,PARK Inae,FUJITA Makiko,KOR,JPN,3,0,"11,11,11|5,9,6",QR4,GRAND_SLAM,U21WS,1806,Qualification,PARK Inae (KOR),FUJITA Makiko (JPN),,,3 - 0,11:5 11:9 11:6,PARK Inae,2006
Japan Open Yokohama 2006,2006-09-21,CHENG I-Ching,FUJITA Makiko,TPE,JPN,3,1,"11,11,11,11|2,6,13,7",6,GRAND_SLAM,U21WS,1806,Qualification,CHENG I-Ching (TPE),FUJITA Makiko (JPN),,,3 - 1,11:2 11:6 11:13 11:7,CHENG I-Ching,2006
Japan Open Yokohama 2006,2006-09-21,CHOI Moonyoung,YAMANASHI Yuri,KOR,JPN,3,0,"11,11,11|9,9,4",,GRAND_SLAM,U21WS,1806,Qualification,CHOI Moonyoung (KOR),YAMANASHI Yuri (JPN),,,0 - 3,9:11 9:11 4:11,CHOI Moonyoung,2006
Japan Open Yokohama 2006,2006-09-21,YAMANASHI Yuri,HSU Hui-Tsun,JPN,TPE,3,0,"11,11,11|7,7,7",QR2,GRAND_SLAM,U21WS,1806,Qualification,YAMANASHI Yuri (JPN),HSU Hui-Tsun (TPE),,,3 - 0,11:7 11:7 11:7,YAMANASHI Yuri,2006
Japan Open Yokohama 2006,2006-09-21,CHOI Moonyoung,HSU Hui-Tsun,KOR,TPE,3,0,"11,11,11|6,4,4",3,GRAND_SLAM,U21WS,1806,Qualification,CHOI Moonyoung (KOR),HSU Hui-Tsun (TPE),,,0 - 3,6:11 4:11 4:11,CHOI Moonyoung,2006
Japan Open Yokohama 2006,2006-09-21,PARK Seonghye,NAKAJIMA Misaki,KOR,JPN,3,2,"10,9,11,11,11|12,11,4,7,4",,GRAND_SLAM,U21WS,1806,Qualification,PARK Seonghye (KOR),NAKAJIMA Misaki (JPN),,,3 - 2,10:12 9:11 11:4 11:7 11:4,PARK Seonghye,2006
Japan Open Yokohama 2006,2006-09-21,LIU Hsing-Yin,MORITO Minami,TPE,JPN,3,1,"11,11,9,11|5,8,11,9",QR2,GRAND_SLAM,U21WS,1806,Qualification,LIU Hsing-Yin (TPE),MORITO Minami (JPN),,,3 - 1,11:5 11:8 9:11 11:9,LIU Hsing-Yin,2006
Japan Open Yokohama 2006,2006-09-21,PARK Seonghye,LIU Hsing-Yin,KOR,TPE,3,2,"11,11,9,11,11|7,8,11,13,7",3,GRAND_SLAM,U21WS,1806,Qualification,PARK Seonghye (KOR),LIU Hsing-Yin (TPE),,,3 - 2,11:7 11:8 9:11 11:13 11:7,PARK Seonghye,2006
Japan Open Yokohama 2006,2006-09-21,NAKAJIMA Misaki,MORITO Minami,JPN,JPN,3,1,"11,11,11,11|9,6,13,9",QR4,GRAND_SLAM,U21WS,1806,Qualification,NAKAJIMA Misaki (JPN),MORITO Minami (JPN),,,3 - 1,11:9 11:6 11:13 11:9,NAKAJIMA Misaki,2006
Japan Open Yokohama 2006,2006-09-21,LIU Hsing-Yin,NAKAJIMA Misaki,TPE,JPN,3,1,"13,12,9,11|11,10,11,6",5,GRAND_SLAM,U21WS,1806,Qualification,LIU Hsing-Yin (TPE),NAKAJIMA Misaki (JPN),,,3 - 1,13:11 12:10 9:11 11:6,LIU Hsing-Yin,2006
Japan Open Yokohama 2006,2006-09-21,PARK Seonghye,MORITO Minami,KOR,JPN,3,0,"11,11,11|4,5,5",6,GRAND_SLAM,U21WS,1806,Qualification,PARK Seonghye (KOR),MORITO Minami (JPN),,,3 - 0,11:4 11:5 11:5,PARK Seonghye,2006
Japan Open Yokohama 2006,2006-09-21,LIN Chia-Hui,WAKAMIYA Misako,TPE,JPN,3,1,"12,10,11,11|10,12,7,6",,GRAND_SLAM,U21WS,1806,Qualification,LIN Chia-Hui (TPE),WAKAMIYA Misako (JPN),,,3 - 1,12:10 10:12 11:7 11:6,LIN Chia-Hui,2006
Japan Open Yokohama 2006,2006-09-21,NOUWEN Carla,BIRUKAWA Kotoha,NED,JPN,3,1,"9,11,12,14|11,6,10,12",QR2,GRAND_SLAM,U21WS,1806,Qualification,NOUWEN Carla (NED),BIRUKAWA Kotoha (JPN),,,3 - 1,9:11 11:6 12:10 14:12,NOUWEN Carla,2006
Japan Open Yokohama 2006,2006-09-21,LIN Chia-Hui,NOUWEN Carla,TPE,NED,3,0,"11,11,14|8,4,12",3,GRAND_SLAM,U21WS,1806,Qualification,LIN Chia-Hui (TPE),NOUWEN Carla (NED),,,3 - 0,11:8 11:4 14:12,LIN Chia-Hui,2006
Japan Open Yokohama 2006,2006-09-21,WAKAMIYA Misako,BIRUKAWA Kotoha,JPN,JPN,3,0,"15,11,11|13,2,3",QR4,GRAND_SLAM,U21WS,1806,Qualification,WAKAMIYA Misako (JPN),BIRUKAWA Kotoha (JPN),,,3 - 0,15:13 11:2 11:3,WAKAMIYA Misako,2006
Japan Open Yokohama 2006,2006-09-21,WAKAMIYA Misako,NOUWEN Carla,JPN,NED,3,2,"9,6,11,11,11|11,11,9,6,5",5,GRAND_SLAM,U21WS,1806,Qualification,WAKAMIYA Misako (JPN),NOUWEN Carla (NED),,,2 - 3,11:9 11:6 9:11 6:11 5:11,WAKAMIYA Misako,2006
Japan Open Yokohama 2006,2006-09-21,LIN Chia-Hui,BIRUKAWA Kotoha,TPE,JPN,3,0,"11,11,11|2,4,3",6,GRAND_SLAM,U21WS,1806,Qualification,LIN Chia-Hui (TPE),BIRUKAWA Kotoha (JPN),,,3 - 0,11:2 11:4 11:3,LIN Chia-Hui,2006
Japan Open Yokohama 2006,2006-09-21,CAI Xiaoli/ZHANG Wilson,CHILA Patrick/SCHLAGER Werner,SGP,FRA,3,0,"11,12,11|5,10,3",QR32,GRAND_SLAM,MD,1806,Qualification,CAI Xiaoli (SGP) / ZHANG Wilson (CAN),CHILA Patrick (FRA) / SCHLAGER Werner (AUT),ZHANG Wilson (CAN),SCHLAGER Werner (AUT),0 - 3,5:11 10:12 3:11,CAI Xiaoli,2006
Japan Open Yokohama 2006,2006-09-21,MATSUDAIRA Kenta/SAKAMOTO Ryusuke,CAI Xiaoli/ZHANG Wilson,JPN,SGP,3,0,"11,11,11|9,8,7",QR16,GRAND_SLAM,MD,1806,Qualification,MATSUDAIRA Kenta (JPN) / SAKAMOTO Ryusuke (JPN),CAI Xiaoli (SGP) / ZHANG Wilson (CAN),SAKAMOTO Ryusuke (JPN),ZHANG Wilson (CAN),0 - 3,9:11 8:11 7:11,MATSUDAIRA Kenta,2006
Japan Open Yokohama 2006,2006-09-21,CHEN Qi/WANG Liqin,HOU Yingchao/KONG Linghui,CHN,CAN,4,0,,QuarterFinal,GRAND_SLAM,MD,1806,Main Draw,CHEN Qi (CHN) / WANG Liqin (CHN),HOU Yingchao (CAN) / KONG Linghui (CHN),WANG Liqin (CHN),KONG Linghui (CHN),0 - 4,,CHEN Qi,2006
Japan Open Yokohama 2006,2006-09-21,MA Lin/WANG Hao,CHEN Qi/WANG Liqin,CHN,CHN,4,3,"7,10,4,11,11,11,11|11,12,11,7,8,6,6",Final,GRAND_SLAM,MD,1806,Main Draw,MA Lin (CHN) / WANG Hao (CHN),CHEN Qi (CHN) / WANG Liqin (CHN),WANG Hao (CHN),WANG Liqin (CHN),4 - 3,7:11 10:12 4:11 11:7 11:8 11:6 11:6,MA Lin,2006
Japan Open Yokohama 2006,2006-09-21,BLASZCZYK Lucjan/TOKIC Bojan,GAVLAS Antonin/KORBEL Petr,POL,CZE,3,2,"11,7,11,9,11|7,11,7,11,8",QR16,GRAND_SLAM,MD,1806,Qualification,BLASZCZYK Lucjan (POL) / TOKIC Bojan (SLO),GAVLAS Antonin (CZE) / KORBEL Petr (CZE),TOKIC Bojan (SLO),KORBEL Petr (CZE),2 - 3,7:11 11:7 7:11 11:9 8:11,BLASZCZYK Lucjan,2006
Japan Open Yokohama 2006,2006-09-21,CHIANG Peng-Lung/CHUANG Chih-Yuan,DRINKHALL Paul/KNIGHT Darius,TPE,ENG,3,0,"11,11,11|4,6,9",QR16,GRAND_SLAM,MD,1806,Qualification,CHIANG Peng-Lung (TPE) / CHUANG Chih-Yuan (TPE),DRINKHALL Paul (ENG) / KNIGHT Darius (ENG),CHUANG Chih-Yuan (TPE),KNIGHT Darius (ENG),0 - 3,4:11 6:11 9:11,CHIANG Peng-Lung,2006
Japan Open Yokohama 2006,2006-09-21,ROSSKOPF Jorg/STEGER Bastian,CABESTANY Cedrik/LEGOUT Christophe,GER,FRA,3,1,"11,9,11,11|7,11,7,9",QR32,GRAND_SLAM,MD,1806,Qualification,ROSSKOPF Jorg (GER) / STEGER Bastian (GER),CABESTANY Cedrik (FRA) / LEGOUT Christophe (FRA),STEGER Bastian (GER),LEGOUT Christophe (FRA),1 - 3,7:11 11:9 7:11 9:11,ROSSKOPF Jorg,2006
Japan Open Yokohama 2006,2006-09-21,BOLL Timo/SUSS Christian,MATSUDAIRA Kenta/SAKAMOTO Ryusuke,GER,JPN,4,0,"11,11,11,11|5,7,9,8",R16,GRAND_SLAM,MD,1806,Main Draw,BOLL Timo (GER) / SUSS Christian (GER),MATSUDAIRA Kenta (JPN) / SAKAMOTO Ryusuke (JPN),SUSS Christian (GER),SAKAMOTO Ryusuke (JPN),4 - 0,11:5 11:7 11:9 11:8,BOLL Timo,2006
Japan Open Yokohama 2006,2006-09-21,LEE Jungwoo/OH Sangeun,BOLL Timo/SUSS Christian,KOR,GER,4,3,"9,9,11,6,11,11,11|11,11,7,11,7,7,7",QuarterFinal,GRAND_SLAM,MD,1806,Main Draw,LEE Jungwoo (KOR) / OH Sangeun (KOR),BOLL Timo (GER) / SUSS Christian (GER),OH Sangeun (KOR),SUSS Christian (GER),3 - 4,11:9 11:9 7:11 11:6 7:11 7:11 7:11,LEE Jungwoo,2006
Japan Open Yokohama 2006,2006-09-21,BAUM Patrick/OVTCHAROV Dimitrij,HOSONO Hiroto/SHIMOKAWA Takaomi,GER,JPN,3,0,"11,11,11|9,8,9",QR64,GRAND_SLAM,MD,1806,Qualification,BAUM Patrick (GER) / OVTCHAROV Dimitrij (GER),HOSONO Hiroto (JPN) / SHIMOKAWA Takaomi (JPN),OVTCHAROV Dimitrij (GER),SHIMOKAWA Takaomi (JPN),3 - 0,11:9 11:8 11:9,BAUM Patrick,2006
Japan Open Yokohama 2006,2006-09-21,MATSUDAIRA Kenta/SAKAMOTO Ryusuke,DURAN Marc/SCHLICHTER Jorg,JPN,ESP,3,1,"14,11,7,13|12,5,11,11",QR32,GRAND_SLAM,MD,1806,Qualification,MATSUDAIRA Kenta (JPN) / SAKAMOTO Ryusuke (JPN),DURAN Marc (ESP) / SCHLICHTER Jorg (GER),SAKAMOTO Ryusuke (JPN),SCHLICHTER Jorg (GER),1 - 3,12:14 5:11 11:7 11:13,MATSUDAIRA Kenta,2006
Japan Open Yokohama 2006,2006-09-21,BLASZCZYK Lucjan/TOKIC Bojan,BAUM Patrick/OVTCHAROV Dimitrij,POL,GER,3,1,"11,10,11,11|5,12,7,1",QR32,GRAND_SLAM,MD,1806,Qualification,BLASZCZYK Lucjan (POL) / TOKIC Bojan (SLO),BAUM Patrick (GER) / OVTCHAROV Dimitrij (GER),TOKIC Bojan (SLO),OVTCHAROV Dimitrij (GER),1 - 3,5:11 12:10 7:11 1:11,BLASZCZYK Lucjan,2006
Japan Open Yokohama 2006,2006-09-21,FEJER-KONNERTH Zoltan/WOSIK Torben,LEBESSON Emmanuel/LO Dany,GER,FRA,3,1,"11,10,11,11|3,12,6,6",QR32,GRAND_SLAM,MD,1806,Qualification,FEJER-KONNERTH Zoltan (GER) / WOSIK Torben (GER),LEBESSON Emmanuel (FRA) / LO Dany (FRA),WOSIK Torben (GER),LO Dany (FRA),3 - 1,11:3 10:12 11:6 11:6,FEJER-KONNERTH Zoltan,2006
Japan Open Yokohama 2006,2006-09-21,HOU Yingchao/KONG Linghui,FEJER-KONNERTH Zoltan/WOSIK Torben,CAN,GER,3,2,"9,11,12,11,11|11,5,14,7,7",QR16,GRAND_SLAM,MD,1806,Qualification,HOU Yingchao (CAN) / KONG Linghui (CHN),FEJER-KONNERTH Zoltan (GER) / WOSIK Torben (GER),KONG Linghui (CHN),WOSIK Torben (GER),2 - 3,11:9 5:11 14:12 7:11 7:11,HOU Yingchao,2006
Japan Open Yokohama 2006,2006-09-21,KO Lai Chak/LI Ching,BLASZCZYK Lucjan/TOKIC Bojan,HKG,POL,4,1,"11,11,11,14,11|6,9,5,16,3",R16,GRAND_SLAM,MD,1806,Main Draw,KO Lai Chak (HKG) / LI Ching (HKG),BLASZCZYK Lucjan (POL) / TOKIC Bojan (SLO),LI Ching (HKG),TOKIC Bojan (SLO),4 - 1,11:6 11:9 11:5 14:16 11:3,KO Lai Chak,2006
Japan Open Yokohama 2006,2006-09-21,KO Lai Chak/LI Ching,CHEN Weixing/MATSUSHITA Koji,HKG,AUT,4,0,"11,11,11,11|6,8,5,3",QuarterFinal,GRAND_SLAM,MD,1806,Main Draw,KO Lai Chak (HKG) / LI Ching (HKG),CHEN Weixing (AUT) / MATSUSHITA Koji (JPN),LI Ching (HKG),MATSUSHITA Koji (JPN),4 - 0,11:6 11:8 11:5 11:3,KO Lai Chak,2006
Japan Open Yokohama 2006,2006-09-21,CHEN Qi/WANG Liqin,KO Lai Chak/LI Ching,CHN,HKG,4,0,"13,11,11,11|11,7,2,5",SemiFinal,GRAND_SLAM,MD,1806,Main Draw,CHEN Qi (CHN) / WANG Liqin (CHN),KO Lai Chak (HKG) / LI Ching (HKG),WANG Liqin (CHN),LI Ching (HKG),0 - 4,11:13 7:11 2:11 5:11,CHEN Qi,2006
Japan Open Yokohama 2006,2006-09-21,LEBESSON Emmanuel/LO Dany,REED Daniel/TSE Ka Chun,FRA,ENG,3,1,"11,3,11,11|7,11,7,8",QR64,GRAND_SLAM,MD,1806,Qualification,LEBESSON Emmanuel (FRA) / LO Dany (FRA),REED Daniel (ENG) / TSE Ka Chun (HKG),LO Dany (FRA),TSE Ka Chun (HKG),1 - 3,7:11 11:3 7:11 8:11,LEBESSON Emmanuel,2006
Japan Open Yokohama 2006,2006-09-21,CHIANG Peng-Lung/CHUANG Chih-Yuan,KISHIKAWA Seiya/MIZUTANI Jun,TPE,JPN,4,2,"11,11,11,2,7,11|7,7,9,11,11,7",R16,GRAND_SLAM,MD,1806,Main Draw,CHIANG Peng-Lung (TPE) / CHUANG Chih-Yuan (TPE),KISHIKAWA Seiya (JPN) / MIZUTANI Jun (JPN),CHUANG Chih-Yuan (TPE),MIZUTANI Jun (JPN),2 - 4,7:11 7:11 9:11 11:2 11:7 7:11,CHIANG Peng-Lung,2006
Japan Open Yokohama 2006,2006-09-21,CHEN Weixing/MATSUSHITA Koji,CHEUNG Yuk/LEUNG Chu Yan,AUT,HKG,4,0,"14,11,11,11|12,6,8,5",R16,GRAND_SLAM,MD,1806,Main Draw,CHEN Weixing (AUT) / MATSUSHITA Koji (JPN),CHEUNG Yuk (HKG) / LEUNG Chu Yan (HKG),MATSUSHITA Koji (JPN),LEUNG Chu Yan (HKG),4 - 0,14:12 11:6 11:8 11:5,CHEN Weixing,2006
Japan Open Yokohama 2006,2006-09-21,CHEN Qi/WANG Liqin,TAKAKIWA Kenichi/TAKAKIWA Taku,CHN,JPN,4,0,"11,11,11,11|6,5,3,1",R16,GRAND_SLAM,MD,1806,Main Draw,CHEN Qi (CHN) / WANG Liqin (CHN),TAKAKIWA Kenichi (JPN) / TAKAKIWA Taku (JPN),WANG Liqin (CHN),TAKAKIWA Taku (JPN),0 - 4,6:11 5:11 3:11 1:11,CHEN Qi,2006
Japan Open Yokohama 2006,2006-09-21,CHEN Weixing/MATSUSHITA Koji,CHIANG Hung-Chieh/HUANG Sheng-Sheng,AUT,TPE,3,1,"11,9,11,11|9,11,8,2",QR32,GRAND_SLAM,MD,1806,Qualification,CHEN Weixing (AUT) / MATSUSHITA Koji (JPN),CHIANG Hung-Chieh (TPE) / HUANG Sheng-Sheng (TPE),MATSUSHITA Koji (JPN),HUANG Sheng-Sheng (TPE),3 - 1,11:9 9:11 11:8 11:2,CHEN Weixing,2006
Japan Open Yokohama 2006,2006-09-21,JAKAB Janos/ZWICKL Daniel,JOVER Sebastien/MATSUDAIRA Kenji,HUN,FRA,3,1,"16,9,11,11|14,11,8,9",QR32,GRAND_SLAM,MD,1806,Qualification,JAKAB Janos (HUN) / ZWICKL Daniel (HUN),JOVER Sebastien (FRA) / MATSUDAIRA Kenji (JPN),ZWICKL Daniel (HUN),MATSUDAIRA Kenji (JPN),1 - 3,14:16 11:9 8:11 9:11,JAKAB Janos,2006
Japan Open Yokohama 2006,2006-09-21,HOU Yingchao/KONG Linghui,KAN Yo/YOSHIDA Kaii,CAN,JPN,3,0,"11,14,11|9,12,6",QR32,GRAND_SLAM,MD,1806,Qualification,HOU Yingchao (CAN) / KONG Linghui (CHN),KAN Yo (JPN) / YOSHIDA Kaii (JPN),KONG Linghui (CHN),YOSHIDA Kaii (JPN),0 - 3,9:11 12:14 6:11,HOU Yingchao,2006
Japan Open Yokohama 2006,2006-09-21,KEEN Trinko/KEINATH Thomas,KIHO Shinnosuke/OMORI Takahiro,NED,JPN,3,1,"6,11,11,12|11,9,6,10",QR32,GRAND_SLAM,MD,1806,Qualification,KEEN Trinko (NED) / KEINATH Thomas (SVK),KIHO Shinnosuke (JPN) / OMORI Takahiro (JPN),KEINATH Thomas (SVK),OMORI Takahiro (JPN),1 - 3,11:6 9:11 6:11 10:12,KEEN Trinko,2006
Japan Open Yokohama 2006,2006-09-21,TAKAKIWA Kenichi/TAKAKIWA Taku,ROSSKOPF Jorg/STEGER Bastian,JPN,GER,3,1,"7,11,11,11|11,6,9,4",QR16,GRAND_SLAM,MD,1806,Qualification,TAKAKIWA Kenichi (JPN) / TAKAKIWA Taku (JPN),ROSSKOPF Jorg (GER) / STEGER Bastian (GER),TAKAKIWA Taku (JPN),STEGER Bastian (GER),3 - 1,7:11 11:6 11:9 11:4,TAKAKIWA Kenichi,2006
Japan Open Yokohama 2006,2006-09-21,CHEN Weixing/MATSUSHITA Koji,JAKAB Janos/ZWICKL Daniel,AUT,HUN,3,1,"11,12,6,11|5,10,11,8",QR16,GRAND_SLAM,MD,1806,Qualification,CHEN Weixing (AUT) / MATSUSHITA Koji (JPN),JAKAB Janos (HUN) / ZWICKL Daniel (HUN),MATSUSHITA Koji (JPN),ZWICKL Daniel (HUN),3 - 1,11:5 12:10 6:11 11:8,CHEN Weixing,2006
Japan Open Yokohama 2006,2006-09-21,MA Lin/WANG Hao,LEE Jungwoo/OH Sangeun,CHN,KOR,4,1,"11,11,9,11,11|6,8,11,8,5",SemiFinal,GRAND_SLAM,MD,1806,Main Draw,MA Lin (CHN) / WANG Hao (CHN),LEE Jungwoo (KOR) / OH Sangeun (KOR),WANG Hao (CHN),OH Sangeun (KOR),1 - 4,6:11 8:11 11:9 8:11 5:11,MA Lin,2006
Japan Open Yokohama 2006,2006-09-21,KIM Chulwoo/KIM Jungkyu,GEN Kazumine/KAWAGUCHI Hiromu,KOR,JPN,3,2,"6,11,11,5,11|11,6,2,11,8",QR64,GRAND_SLAM,MD,1806,Qualification,KIM Chulwoo (KOR) / KIM Jungkyu (KOR),GEN Kazumine (JPN) / KAWAGUCHI Hiromu (JPN),KIM Jungkyu (KOR),KAWAGUCHI Hiromu (JPN),3 - 2,6:11 11:6 11:2 5:11 11:8,KIM Chulwoo,2006
Japan Open Yokohama 2006,2006-09-21,CHANG Yen-Shu/WU Chih-Chi,KIM Junghoon/LIM Jaehyun,TPE,KOR,3,1,"11,14,11,11|7,16,9,8",QR32,GRAND_SLAM,MD,1806,Qualification,CHANG Yen-Shu (TPE) / WU Chih-Chi (TPE),KIM Junghoon (KOR) / LIM Jaehyun (KOR),WU Chih-Chi (TPE),LIM Jaehyun (KOR),1 - 3,7:11 16:14 9:11 8:11,CHANG Yen-Shu,2006
Japan Open Yokohama 2006,2006-09-21,TAKAKIWA Kenichi/TAKAKIWA Taku,RYU Seungmin/YOON Jaeyoung,JPN,KOR,3,2,"13,4,12,8,11|11,11,10,11,8",QR32,GRAND_SLAM,MD,1806,Qualification,TAKAKIWA Kenichi (JPN) / TAKAKIWA Taku (JPN),RYU Seungmin (KOR) / YOON Jaeyoung (KOR),TAKAKIWA Taku (JPN),YOON Jaeyoung (KOR),2 - 3,11:13 11:4 10:12 11:8 8:11,TAKAKIWA Kenichi,2006
Japan Open Yokohama 2006,2006-09-21,GAVLAS Antonin/KORBEL Petr,JOO Saehyuk/LEE Jinkwon,CZE,KOR,3,2,"11,9,8,11,11|9,11,11,8,5",QR32,GRAND_SLAM,MD,1806,Qualification,GAVLAS Antonin (CZE) / KORBEL Petr (CZE),JOO Saehyuk (KOR) / LEE Jinkwon (KOR),KORBEL Petr (CZE),LEE Jinkwon (KOR),2 - 3,9:11 11:9 11:8 8:11 5:11,GAVLAS Antonin,2006
Japan Open Yokohama 2006,2006-09-21,DRINKHALL Paul/KNIGHT Darius,CHO Eonrae/CHO Jihoon,ENG,KOR,3,2,"11,11,4,6,11|6,6,11,11,9",QR32,GRAND_SLAM,MD,1806,Qualification,DRINKHALL Paul (ENG) / KNIGHT Darius (ENG),CHO Eonrae (KOR) / CHO Jihoon (KOR),KNIGHT Darius (ENG),CHO Jihoon (KOR),2 - 3,6:11 6:11 11:4 11:6 9:11,DRINKHALL Paul,2006
Japan Open Yokohama 2006,2006-09-21,CHIANG Peng-Lung/CHUANG Chih-Yuan,KIM Chulwoo/KIM Jungkyu,TPE,KOR,3,0,"11,12,11|7,10,6",QR32,GRAND_SLAM,MD,1806,Qualification,CHIANG Peng-Lung (TPE) / CHUANG Chih-Yuan (TPE),KIM Chulwoo (KOR) / KIM Jungkyu (KOR),CHUANG Chih-Yuan (TPE),KIM Jungkyu (KOR),0 - 3,7:11 10:12 6:11,CHIANG Peng-Lung,2006
Japan Open Yokohama 2006,2006-09-21,CRISAN Adrian/MONTEIRO Joao,DUBINA Samson/GREEN Wally,ROU,USA,3,0,"11,11,11|2,4,5",QR64,GRAND_SLAM,MD,1806,Qualification,CRISAN Adrian (ROU) / MONTEIRO Joao (POR),DUBINA Samson (USA) / GREEN Wally (USA),MONTEIRO Joao (POR),GREEN Wally (USA),3 - 0,11:2 11:4 11:5,CRISAN Adrian,2006
Japan Open Yokohama 2006,2006-09-21,CRISAN Adrian/MONTEIRO Joao,MONRAD Martin/TUGWELL Finn,ROU,DEN,3,0,"11,11,11|5,8,7",QR32,GRAND_SLAM,MD,1806,Qualification,CRISAN Adrian (ROU) / MONTEIRO Joao (POR),MONRAD Martin (DEN) / TUGWELL Finn (DEN),MONTEIRO Joao (POR),TUGWELL Finn (DEN),3 - 0,11:5 11:8 11:7,CRISAN Adrian,2006
Japan Open Yokohama 2006,2006-09-21,HOU Yingchao/KONG Linghui,KUZMIN Fedor/SMIRNOV Alexey,CAN,RUS,4,1,"12,11,9,11,12|10,4,11,7,10",R16,GRAND_SLAM,MD,1806,Main Draw,HOU Yingchao (CAN) / KONG Linghui (CHN),KUZMIN Fedor (RUS) / SMIRNOV Alexey (RUS),KONG Linghui (CHN),SMIRNOV Alexey (RUS),1 - 4,10:12 4:11 11:9 7:11 10:12,HOU Yingchao,2006
Japan Open Yokohama 2006,2006-09-21,MA Lin/WANG Hao,GAO Ning/YANG Zi,CHN,SGP,4,0,"11,11,11,11|8,7,8,6",R16,GRAND_SLAM,MD,1806,Main Draw,MA Lin (CHN) / WANG Hao (CHN),GAO Ning (SGP) / YANG Zi (SGP),WANG Hao (CHN),YANG Zi (SGP),0 - 4,8:11 7:11 8:11 6:11,MA Lin,2006
Japan Open Yokohama 2006,2006-09-21,GAO Ning/YANG Zi,MIHARA Takahiro/TAKASHI Akira,SGP,JPN,3,1,"11,11,8,11|6,9,11,9",QR32,GRAND_SLAM,MD,1806,Qualification,GAO Ning (SGP) / YANG Zi (SGP),MIHARA Takahiro (JPN) / TAKASHI Akira (JPN),YANG Zi (SGP),TAKASHI Akira (JPN),3 - 1,11:6 11:9 8:11 11:9,GAO Ning,2006
Japan Open Yokohama 2006,2006-09-21,GAO Ning/YANG Zi,KEEN Trinko/KEINATH Thomas,SGP,NED,3,1,"10,11,11,11|12,3,6,3",QR16,GRAND_SLAM,MD,1806,Qualification,GAO Ning (SGP) / YANG Zi (SGP),KEEN Trinko (NED) / KEINATH Thomas (SVK),YANG Zi (SGP),KEINATH Thomas (SVK),3 - 1,10:12 11:3 11:6 11:3,GAO Ning,2006
Japan Open Yokohama 2006,2006-09-21,LEE Jungwoo/OH Sangeun,CHANG Yen-Shu/WU Chih-Chi,KOR,TPE,4,1,"11,11,11,11,11|9,8,13,5,6",R16,GRAND_SLAM,MD,1806,Main Draw,LEE Jungwoo (KOR) / OH Sangeun (KOR),CHANG Yen-Shu (TPE) / WU Chih-Chi (TPE),OH Sangeun (KOR),WU Chih-Chi (TPE),1 - 4,9:11 8:11 13:11 5:11 6:11,LEE Jungwoo,2006
Japan Open Yokohama 2006,2006-09-21,MA Lin/WANG Hao,CHIANG Peng-Lung/CHUANG Chih-Yuan,CHN,TPE,4,2,"11,11,9,11,11,11|8,4,11,6,13,4",QuarterFinal,GRAND_SLAM,MD,1806,Main Draw,MA Lin (CHN) / WANG Hao (CHN),CHIANG Peng-Lung (TPE) / CHUANG Chih-Yuan (TPE),WANG Hao (CHN),CHUANG Chih-Yuan (TPE),2 - 4,8:11 4:11 11:9 6:11 13:11 4:11,MA Lin,2006
Japan Open Yokohama 2006,2006-09-21,KIHO Shinnosuke/OMORI Takahiro,CHEN Chien-An/CHOU Tung-Yu,JPN,TPE,3,2,"11,9,8,11,11|5,11,11,5,6",QR64,GRAND_SLAM,MD,1806,Qualification,KIHO Shinnosuke (JPN) / OMORI Takahiro (JPN),CHEN Chien-An (TPE) / CHOU Tung-Yu (TPE),OMORI Takahiro (JPN),CHOU Tung-Yu (TPE),2 - 3,5:11 11:9 11:8 5:11 6:11,KIHO Shinnosuke,2006
Japan Open Yokohama 2006,2006-09-21,CHANG Yen-Shu/WU Chih-Chi,CRISAN Adrian/MONTEIRO Joao,TPE,ROU,3,0,"11,11,13|7,9,11",QR16,GRAND_SLAM,MD,1806,Qualification,CHANG Yen-Shu (TPE) / WU Chih-Chi (TPE),CRISAN Adrian (ROU) / MONTEIRO Joao (POR),WU Chih-Chi (TPE),MONTEIRO Joao (POR),3 - 0,11:7 11:9 13:11,CHANG Yen-Shu,2006
Japan Open Yokohama 2006,2006-09-21,CAO Zhen/PENG Luyang,HEINE Veronika/LIU Jia,CHN,AUT,4,0,"11,11,11,11|5,3,6,4",R16,GRAND_SLAM,WD,1806,Main Draw,CAO Zhen (CHN) / PENG Luyang (CHN),HEINE Veronika (AUT) / LIU Jia (AUT),PENG Luyang (CHN),LIU Jia (AUT),0 - 4,5:11 3:11 6:11 4:11,CAO Zhen,2006
Japan Open Yokohama 2006,2006-09-21,IVANCAN Irene/PAVLOVICH Veronika,LEE I-Chen/PAN Chun-Chu,GER,TPE,3,1,"6,11,11,12|11,2,8,10",QR32,GRAND_SLAM,WD,1806,Qualification,IVANCAN Irene (GER) / PAVLOVICH Veronika (BLR),LEE I-Chen (TPE) / PAN Chun-Chu (TPE),PAVLOVICH Veronika (BLR),PAN Chun-Chu (TPE),3 - 1,6:11 11:2 11:8 12:10,IVANCAN Irene,2006
Japan Open Yokohama 2006,2006-09-21,GANINA Svetlana/PAVLOVICH Viktoria,BARTHEL Zhenqi/CHOI Moonyoung,RUS,GER,3,0,"11,11,11|5,6,3",QR16,GRAND_SLAM,WD,1806,Qualification,GANINA Svetlana (RUS) / PAVLOVICH Viktoria (BLR),BARTHEL Zhenqi (GER) / CHOI Moonyoung (KOR),PAVLOVICH Viktoria (BLR),CHOI Moonyoung (KOR),3 - 0,11:5 11:6 11:3,GANINA Svetlana,2006
Japan Open Yokohama 2006,2006-09-21,CAO Zhen/PENG Luyang,LI Jiawei/SUN Beibei,CHN,SGP,4,3,"11,11,5,11,10,9,17|9,8,11,7,12,11,15",QuarterFinal,GRAND_SLAM,WD,1806,Main Draw,CAO Zhen (CHN) / PENG Luyang (CHN),LI Jiawei (SGP) / SUN Beibei (SGP),PENG Luyang (CHN),SUN Beibei (SGP),4 - 3,11:9 11:8 5:11 11:7 10:12 9:11 17:15,CAO Zhen,2006
Japan Open Yokohama 2006,2006-09-21,DING Ning/GUO Yan (1982),LEE Hyosim/PARK Inae,CHN,KOR,3,0,"11,11,11|5,3,5",QR32,GRAND_SLAM,WD,1806,Qualification,DING Ning (CHN) / GUO Yan (1982) (CHN),LEE Hyosim (KOR) / PARK Inae (KOR),GUO Yan (1982) (CHN),PARK Inae (KOR),3 - 0,11:5 11:3 11:5,DING Ning,2006
Japan Open Yokohama 2006,2006-09-21,DING Ning/GUO Yan (1982),KONISHI An/TASEI Mikie,CHN,JPN,3,1,"11,7,11,12|9,11,7,10",QR16,GRAND_SLAM,WD,1806,Qualification,DING Ning (CHN) / GUO Yan (1982) (CHN),KONISHI An (JPN) / TASEI Mikie (JPN),GUO Yan (1982) (CHN),TASEI Mikie (JPN),3 - 1,11:9 7:11 11:7 12:10,DING Ning,2006
Japan Open Yokohama 2006,2006-09-21,LI Jiawei/SUN Beibei,STRUSE Nicole/WU Jiaduo,SGP,GER,4,0,"11,11,11,11|5,7,6,3",R16,GRAND_SLAM,WD,1806,Main Draw,LI Jiawei (SGP) / SUN Beibei (SGP),STRUSE Nicole (GER) / WU Jiaduo (GER),SUN Beibei (SGP),WU Jiaduo (GER),0 - 4,5:11 7:11 6:11 3:11,LI Jiawei,2006
Japan Open Yokohama 2006,2006-09-21,PARK Seonghye/SHIM Serom,LANG Kristin/SCHALL Elke,KOR,GER,3,0,,QR32,GRAND_SLAM,WD,1806,Qualification,PARK Seonghye (KOR) / SHIM Serom (KOR),LANG Kristin (GER) / SCHALL Elke (GER),SHIM Serom (KOR),SCHALL Elke (GER),0 - 3,,PARK Seonghye,2006
Japan Open Yokohama 2006,2006-09-21,STRUSE Nicole/WU Jiaduo,MORIMOTO Fumie/ONO Shiho,GER,JPN,3,1,"11,12,7,11|7,10,11,8",QR32,GRAND_SLAM,WD,1806,Qualification,STRUSE Nicole (GER) / WU Jiaduo (GER),MORIMOTO Fumie (JPN) / ONO Shiho (JPN),WU Jiaduo (GER),ONO Shiho (JPN),3 - 1,11:7 12:10 7:11 11:8,STRUSE Nicole,2006
Japan Open Yokohama 2006,2006-09-21,STRUSE Nicole/WU Jiaduo,LAU Sui Fei/LIN Ling,GER,HKG,3,1,"11,1,11,12|6,11,7,10",QR16,GRAND_SLAM,WD,1806,Qualification,STRUSE Nicole (GER) / WU Jiaduo (GER),LAU Sui Fei (HKG) / LIN Ling (HKG),WU Jiaduo (GER),LIN Ling (HKG),3 - 1,11:6 1:11 11:7 12:10,STRUSE Nicole,2006
Japan Open Yokohama 2006,2006-09-21,TIE Yana/ZHANG Rui,FUKUOKA Haruna/HIURA Reiko,HKG,JPN,4,0,"11,11,11,11|6,9,4,8",R16,GRAND_SLAM,WD,1806,Main Draw,TIE Yana (HKG) / ZHANG Rui (HKG),FUKUOKA Haruna (JPN) / HIURA Reiko (JPN),ZHANG Rui (HKG),HIURA Reiko (JPN),4 - 0,11:6 11:9 11:4 11:8,TIE Yana,2006
Japan Open Yokohama 2006,2006-09-21,TIE Yana/ZHANG Rui,HIRANO Sayaka/ISHIKAWA Kasumi,HKG,JPN,4,1,"11,7,11,12,11|6,11,4,10,6",QuarterFinal,GRAND_SLAM,WD,1806,Main Draw,TIE Yana (HKG) / ZHANG Rui (HKG),HIRANO Sayaka (JPN) / ISHIKAWA Kasumi (JPN),ZHANG Rui (HKG),ISHIKAWA Kasumi (JPN),4 - 1,11:6 7:11 11:4 12:10 11:6,TIE Yana,2006
Japan Open Yokohama 2006,2006-09-21,TIE Yana/ZHANG Rui,CAO Zhen/PENG Luyang,HKG,CHN,4,3,"12,10,11,11,6,6,11|10,12,7,4,11,11,5",SemiFinal,GRAND_SLAM,WD,1806,Main Draw,TIE Yana (HKG) / ZHANG Rui (HKG),CAO Zhen (CHN) / PENG Luyang (CHN),ZHANG Rui (HKG),PENG Luyang (CHN),4 - 3,12:10 10:12 11:7 11:4 6:11 6:11 11:5,TIE Yana,2006
Japan Open Yokohama 2006,2006-09-21,TIE Yana/ZHANG Rui,CHEN Qing/WANG Nan,HKG,CHN,4,1,"11,11,6,11,12|9,9,11,9,10",Final,GRAND_SLAM,WD,1806,Main Draw,TIE Yana (HKG) / ZHANG Rui (HKG),CHEN Qing (CHN) / WANG Nan (CHN),ZHANG Rui (HKG),WANG Nan (CHN),4 - 1,11:9 11:9 6:11 11:9 12:10,TIE Yana,2006
Japan Open Yokohama 2006,2006-09-21,STEFANOVA Nikoleta/TAN Wenling,GANINA Svetlana/PAVLOVICH Viktoria,ITA,RUS,4,2,"11,8,11,11,7,11|7,11,2,5,11,6",R16,GRAND_SLAM,WD,1806,Main Draw,STEFANOVA Nikoleta (ITA) / TAN Wenling (ITA),GANINA Svetlana (RUS) / PAVLOVICH Viktoria (BLR),TAN Wenling (ITA),PAVLOVICH Viktoria (BLR),4 - 2,11:7 8:11 11:2 11:5 7:11 11:6,STEFANOVA Nikoleta,2006
Japan Open Yokohama 2006,2006-09-21,CHEN Qing/WANG Nan,STEFANOVA Nikoleta/TAN Wenling,CHN,ITA,4,1,"11,12,13,11,11|5,10,15,6,7",QuarterFinal,GRAND_SLAM,WD,1806,Main Draw,CHEN Qing (CHN) / WANG Nan (CHN),STEFANOVA Nikoleta (ITA) / TAN Wenling (ITA),WANG Nan (CHN),TAN Wenling (ITA),1 - 4,5:11 10:12 15:13 6:11 7:11,CHEN Qing,2006
Japan Open Yokohama 2006,2006-09-21,HIRANO Sayaka/ISHIKAWA Kasumi,POTA Georgina/TOTH Krisztina,JPN,HUN,4,0,"12,11,11,11|10,5,2,8",R16,GRAND_SLAM,WD,1806,Main Draw,HIRANO Sayaka (JPN) / ISHIKAWA Kasumi (JPN),POTA Georgina (HUN) / TOTH Krisztina (HUN),ISHIKAWA Kasumi (JPN),TOTH Krisztina (HUN),4 - 0,12:10 11:5 11:2 11:8,HIRANO Sayaka,2006
Japan Open Yokohama 2006,2006-09-21,FUJINUMA Ai/FUKUHARA Ai,DING Ning/GUO Yan (1982),JPN,CHN,4,1,"11,11,12,6,11|9,9,10,11,7",R16,GRAND_SLAM,WD,1806,Main Draw,FUJINUMA Ai (JPN) / FUKUHARA Ai (JPN),DING Ning (CHN) / GUO Yan (1982) (CHN),FUKUHARA Ai (JPN),GUO Yan (1982) (CHN),4 - 1,11:9 11:9 12:10 6:11 11:7,FUJINUMA Ai,2006
Japan Open Yokohama 2006,2006-09-21,CHEN Qing/WANG Nan,FUJII Hiroko/KANAZAWA Saki,CHN,JPN,4,0,"11,11,11,11|4,6,7,7",R16,GRAND_SLAM,WD,1806,Main Draw,CHEN Qing (CHN) / WANG Nan (CHN),FUJII Hiroko (JPN) / KANAZAWA Saki (JPN),WANG Nan (CHN),KANAZAWA Saki (JPN),0 - 4,4:11 6:11 7:11 7:11,CHEN Qing,2006
Japan Open Yokohama 2006,2006-09-21,FUJINUMA Ai/FUKUHARA Ai,KIM Bokrae/PARK Miyoung,JPN,KOR,4,3,"11,14,4,11,11,7,11|13,12,11,9,4,11,9",QuarterFinal,GRAND_SLAM,WD,1806,Main Draw,FUJINUMA Ai (JPN) / FUKUHARA Ai (JPN),KIM Bokrae (KOR) / PARK Miyoung (KOR),FUKUHARA Ai (JPN),PARK Miyoung (KOR),4 - 3,11:13 14:12 4:11 11:9 11:4 7:11 11:9,FUJINUMA Ai,2006
Japan Open Yokohama 2006,2006-09-21,CHEN Qing/WANG Nan,FUJINUMA Ai/FUKUHARA Ai,CHN,JPN,4,1,"11,11,6,11,11|8,3,11,6,2",SemiFinal,GRAND_SLAM,WD,1806,Main Draw,CHEN Qing (CHN) / WANG Nan (CHN),FUJINUMA Ai (JPN) / FUKUHARA Ai (JPN),WANG Nan (CHN),FUKUHARA Ai (JPN),1 - 4,8:11 3:11 11:6 6:11 2:11,CHEN Qing,2006
Japan Open Yokohama 2006,2006-09-21,CAO Zhen/PENG Luyang,ISHIGAKI Yuka/TERUI Moemi,CHN,JPN,3,0,"11,11,11|8,8,3",QR32,GRAND_SLAM,WD,1806,Qualification,CAO Zhen (CHN) / PENG Luyang (CHN),ISHIGAKI Yuka (JPN) / TERUI Moemi (JPN),PENG Luyang (CHN),TERUI Moemi (JPN),0 - 3,8:11 8:11 3:11,CAO Zhen,2006
Japan Open Yokohama 2006,2006-09-21,FUKUOKA Haruna/HIURA Reiko,KWAK Bangbang/YOON Suwon,JPN,KOR,3,0,"17,14,11|15,12,7",QR32,GRAND_SLAM,WD,1806,Qualification,FUKUOKA Haruna (JPN) / HIURA Reiko (JPN),KWAK Bangbang (KOR) / YOON Suwon (KOR),HIURA Reiko (JPN),YOON Suwon (KOR),3 - 0,17:15 14:12 11:7,FUKUOKA Haruna,2006
Japan Open Yokohama 2006,2006-09-21,JIANG Huajun/SONG Ah Sim,BIRUKAWA Kotoha/MORITO Minami,HKG,JPN,3,0,"11,11,11|6,5,2",QR32,GRAND_SLAM,WD,1806,Qualification,JIANG Huajun (HKG) / SONG Ah Sim (HKG),BIRUKAWA Kotoha (JPN) / MORITO Minami (JPN),SONG Ah Sim (HKG),MORITO Minami (JPN),0 - 3,6:11 5:11 2:11,JIANG Huajun,2006
Japan Open Yokohama 2006,2006-09-21,HIRANO Sayaka/ISHIKAWA Kasumi,KOMWONG Nanthana/MUANGSUK Anisara,JPN,THA,3,1,"9,17,11,11|11,15,9,8",QR32,GRAND_SLAM,WD,1806,Qualification,HIRANO Sayaka (JPN) / ISHIKAWA Kasumi (JPN),KOMWONG Nanthana (THA) / MUANGSUK Anisara (THA),ISHIKAWA Kasumi (JPN),MUANGSUK Anisara (THA),3 - 1,9:11 17:15 11:9 11:8,HIRANO Sayaka,2006
Japan Open Yokohama 2006,2006-09-21,FUJITA Makiko/NAKAJIMA Misaki,LEE Eunhee/MOON Hyunjung,JPN,KOR,3,2,"8,11,11,8,11|11,7,6,11,3",QR32,GRAND_SLAM,WD,1806,Qualification,FUJITA Makiko (JPN) / NAKAJIMA Misaki (JPN),LEE Eunhee (KOR) / MOON Hyunjung (KOR),NAKAJIMA Misaki (JPN),MOON Hyunjung (KOR),3 - 2,8:11 11:7 11:6 8:11 11:3,FUJITA Makiko,2006
Japan Open Yokohama 2006,2006-09-21,FUKUOKA Haruna/HIURA Reiko,JIANG Huajun/SONG Ah Sim,JPN,HKG,3,2,"12,11,11,9,11|10,13,7,11,5",QR16,GRAND_SLAM,WD,1806,Qualification,FUKUOKA Haruna (JPN) / HIURA Reiko (JPN),JIANG Huajun (HKG) / SONG Ah Sim (HKG),HIURA Reiko (JPN),SONG Ah Sim (HKG),3 - 2,12:10 11:13 11:7 9:11 11:5,FUKUOKA Haruna,2006
Japan Open Yokohama 2006,2006-09-21,HIRANO Sayaka/ISHIKAWA Kasumi,FUJITA Makiko/NAKAJIMA Misaki,JPN,JPN,3,1,"11,9,11,11|3,11,9,6",QR16,GRAND_SLAM,WD,1806,Qualification,HIRANO Sayaka (JPN) / ISHIKAWA Kasumi (JPN),FUJITA Makiko (JPN) / NAKAJIMA Misaki (JPN),ISHIKAWA Kasumi (JPN),NAKAJIMA Misaki (JPN),3 - 1,11:3 9:11 11:9 11:6,HIRANO Sayaka,2006
Japan Open Yokohama 2006,2006-09-21,BARTHEL Zhenqi/CHOI Moonyoung,NOUWEN Carla/RAMIREZ Sara,GER,NED,3,2,"11,6,9,11,11|9,11,11,5,4",QR32,GRAND_SLAM,WD,1806,Qualification,BARTHEL Zhenqi (GER) / CHOI Moonyoung (KOR),NOUWEN Carla (NED) / RAMIREZ Sara (ESP),CHOI Moonyoung (KOR),RAMIREZ Sara (ESP),3 - 2,11:9 6:11 9:11 11:5 11:4,BARTHEL Zhenqi,2006
Japan Open Yokohama 2006,2006-09-21,FUJII Hiroko/KANAZAWA Saki,PARK Seonghye/SHIM Serom,JPN,KOR,3,1,"11,11,9,11|8,8,11,9",QR16,GRAND_SLAM,WD,1806,Qualification,FUJII Hiroko (JPN) / KANAZAWA Saki (JPN),PARK Seonghye (KOR) / SHIM Serom (KOR),KANAZAWA Saki (JPN),SHIM Serom (KOR),1 - 3,8:11 8:11 11:9 9:11,FUJII Hiroko,2006
Japan Open Yokohama 2006,2006-09-21,KIM Bokrae/PARK Miyoung,TAN Paey Fern/WANG Yuegu,KOR,SGP,4,2,"10,11,8,11,11,11|12,7,11,5,7,4",R16,GRAND_SLAM,WD,1806,Main Draw,KIM Bokrae (KOR) / PARK Miyoung (KOR),TAN Paey Fern (SGP) / WANG Yuegu (SGP),PARK Miyoung (KOR),WANG Yuegu (SGP),2 - 4,12:10 7:11 11:8 5:11 7:11 4:11,KIM Bokrae,2006
Japan Open Yokohama 2006,2006-09-21,TAN Paey Fern/WANG Yuegu,NEGRISOLI Laura/WANG Yu (YOB=1981),SGP,ITA,3,1,"11,11,9,11|4,9,11,5",QR32,GRAND_SLAM,WD,1806,Qualification,TAN Paey Fern (SGP) / WANG Yuegu (SGP),NEGRISOLI Laura (ITA) / WANG Yu (YOB=1981) (ITA),WANG Yuegu (SGP),WANG Yu (YOB=1981) (ITA),3 - 1,11:4 11:9 9:11 11:5,TAN Paey Fern,2006
Japan Open Yokohama 2006,2006-09-21,TAN Paey Fern/WANG Yuegu,IVANCAN Irene/PAVLOVICH Veronika,SGP,GER,3,2,"6,9,11,12,11|11,11,5,10,9",QR16,GRAND_SLAM,WD,1806,Qualification,TAN Paey Fern (SGP) / WANG Yuegu (SGP),IVANCAN Irene (GER) / PAVLOVICH Veronika (BLR),WANG Yuegu (SGP),PAVLOVICH Veronika (BLR),3 - 2,6:11 9:11 11:5 12:10 11:9,TAN Paey Fern,2006
Japan Open Yokohama 2006,2006-09-21,FUJII Hiroko/KANAZAWA Saki,CHENG I-Ching/HSU Hui-Tsun,JPN,TPE,3,0,"11,13,11|4,11,6",QR32,GRAND_SLAM,WD,1806,Qualification,FUJII Hiroko (JPN) / KANAZAWA Saki (JPN),CHENG I-Ching (TPE) / HSU Hui-Tsun (TPE),KANAZAWA Saki (JPN),HSU Hui-Tsun (TPE),0 - 3,4:11 11:13 6:11,FUJII Hiroko,2006
Japan Open Yokohama 2006,2006-09-21,KONISHI An/TASEI Mikie,LIN Chia-Hui/LIU Hsing-Yin,JPN,TPE,3,0,"11,11,11|8,7,5",QR32,GRAND_SLAM,WD,1806,Qualification,KONISHI An (JPN) / TASEI Mikie (JPN),LIN Chia-Hui (TPE) / LIU Hsing-Yin (TPE),TASEI Mikie (JPN),LIU Hsing-Yin (TPE),0 - 3,8:11 7:11 5:11,KONISHI An,2006
Japan Open Yokohama 2006,2006-09-21,CAO Zhen/PENG Luyang,HUANG Yi-Hua/LU Yun-Feng,CHN,TPE,3,0,"11,11,12|8,4,10",QR16,GRAND_SLAM,WD,1806,Qualification,CAO Zhen (CHN) / PENG Luyang (CHN),HUANG Yi-Hua (TPE) / LU Yun-Feng (TPE),PENG Luyang (CHN),LU Yun-Feng (TPE),0 - 3,8:11 4:11 10:12,CAO Zhen,2006
Panasonic China Open Guangzhou 2006,2006-09-14,WANG Liqin,SAHA Subhajit,CHN,IND,4,0,"11,11,11,11|3,4,2,7",R64,GRAND_SLAM,MS,1804,Main Draw,WANG Liqin (CHN),SAHA Subhajit (IND),,,4 - 0,11:3 11:4 11:2 11:7,WANG Liqin,2006
Panasonic China Open Guangzhou 2006,2006-09-14,YANG Zi,KEINATH Thomas,SGP,SVK,4,1,"11,14,11,7,11|5,12,9,11,8",R64,GRAND_SLAM,MS,1804,Main Draw,YANG Zi (SGP),KEINATH Thomas (SVK),,,1 - 4,5:11 12:14 9:11 11:7 8:11,YANG Zi,2006
Panasonic China Open Guangzhou 2006,2006-09-14,FEJER-KONNERTH Zoltan,LEE Jinkwon,GER,KOR,4,3,"9,11,12,14,8,6,12|11,4,10,12,11,11,10",R64,GRAND_SLAM,MS,1804,Main Draw,FEJER-KONNERTH Zoltan (GER),LEE Jinkwon (KOR),,,4 - 3,9:11 11:4 12:10 14:12 8:11 6:11 12:10,FEJER-KONNERTH Zoltan,2006
Panasonic China Open Guangzhou 2006,2006-09-14,MA Long,HUANG Sheng-Sheng,CHN,TPE,4,0,"11,11,11,11|8,6,5,6",R64,GRAND_SLAM,MS,1804,Main Draw,MA Long (CHN),HUANG Sheng-Sheng (TPE),,,0 - 4,8:11 6:11 5:11 6:11,MA Long,2006
Panasonic China Open Guangzhou 2006,2006-09-14,JOO Saehyuk,JOVER Sebastien,KOR,FRA,4,1,"11,11,11,3,11|6,7,8,11,8",R64,GRAND_SLAM,MS,1804,Main Draw,JOO Saehyuk (KOR),JOVER Sebastien (FRA),,,4 - 1,11:6 11:7 11:8 3:11 11:8,JOO Saehyuk,2006
Panasonic China Open Guangzhou 2006,2006-09-14,RI Chol Guk,LEGOUT Christophe,PRK,FRA,4,0,"11,11,11,11|9,3,8,5",R64,GRAND_SLAM,MS,1804,Main Draw,RI Chol Guk (PRK),LEGOUT Christophe (FRA),,,4 - 0,11:9 11:3 11:8 11:5,RI Chol Guk,2006
Panasonic China Open Guangzhou 2006,2006-09-14,LIN Ju,CHOI Hyunjin,DOM,KOR,4,1,"11,11,11,11,11|7,7,7,13,4",R64,GRAND_SLAM,MS,1804,Main Draw,LIN Ju (DOM),CHOI Hyunjin (KOR),,,4 - 1,11:7 11:7 11:7 11:13 11:4,LIN Ju,2006
Panasonic China Open Guangzhou 2006,2006-09-14,OH Sangeun,ZWICKL Daniel,KOR,HUN,4,3,"5,9,11,10,12,11,11|11,11,8,12,10,7,9",R64,GRAND_SLAM,MS,1804,Main Draw,OH Sangeun (KOR),ZWICKL Daniel (HUN),,,3 - 4,11:5 11:9 8:11 12:10 10:12 7:11 9:11,OH Sangeun,2006
Panasonic China Open Guangzhou 2006,2006-09-14,HAO Shuai,KIM Song Chol,CHN,PRK,4,0,"11,11,11,11|3,2,5,9",R64,GRAND_SLAM,MS,1804,Main Draw,HAO Shuai (CHN),KIM Song Chol (PRK),,,4 - 0,11:3 11:2 11:5 11:9,HAO Shuai,2006
Panasonic China Open Guangzhou 2006,2006-09-14,LEE Jungwoo,JIANG Tianyi,KOR,HKG,4,2,"7,11,9,11,16,11|11,3,11,6,14,6",R64,GRAND_SLAM,MS,1804,Main Draw,LEE Jungwoo (KOR),JIANG Tianyi (HKG),,,2 - 4,11:7 3:11 11:9 6:11 14:16 6:11,LEE Jungwoo,2006
Panasonic China Open Guangzhou 2006,2006-09-14,CHANG Yen-Shu,BLASZCZYK Lucjan,TPE,POL,4,3,"11,6,10,13,9,11,11|9,11,12,11,11,8,6",R64,GRAND_SLAM,MS,1804,Main Draw,CHANG Yen-Shu (TPE),BLASZCZYK Lucjan (POL),,,3 - 4,9:11 11:6 12:10 11:13 11:9 8:11 6:11,CHANG Yen-Shu,2006
Panasonic China Open Guangzhou 2006,2006-09-14,SMIRNOV Alexey,YOON Jaeyoung,RUS,KOR,4,3,"5,6,8,11,11,11,11|11,11,11,9,9,9,3",R64,GRAND_SLAM,MS,1804,Main Draw,SMIRNOV Alexey (RUS),YOON Jaeyoung (KOR),,,3 - 4,11:5 11:6 11:8 9:11 9:11 9:11 3:11,SMIRNOV Alexey,2006
Panasonic China Open Guangzhou 2006,2006-09-14,CRISAN Adrian,MONTEIRO Joao,ROU,POR,4,1,"11,11,9,11,11|6,6,11,5,7",R64,GRAND_SLAM,MS,1804,Main Draw,CRISAN Adrian (ROU),MONTEIRO Joao (POR),,,4 - 1,11:6 11:6 9:11 11:5 11:7,CRISAN Adrian,2006
Panasonic China Open Guangzhou 2006,2006-09-14,MATSUSHITA Koji,SVENSSON Robert,JPN,SWE,4,1,"11,11,9,12,11|9,7,11,10,8",R64,GRAND_SLAM,MS,1804,Main Draw,MATSUSHITA Koji (JPN),SVENSSON Robert (SWE),,,1 - 4,9:11 7:11 11:9 10:12 8:11,MATSUSHITA Koji,2006
Panasonic China Open Guangzhou 2006,2006-09-14,GAO Ning,GERELL Par,SGP,SWE,4,2,"11,15,11,6,9,11|6,13,3,11,11,2",R64,GRAND_SLAM,MS,1804,Main Draw,GAO Ning (SGP),GERELL Par (SWE),,,4 - 2,11:6 15:13 11:3 6:11 9:11 11:2,GAO Ning,2006
Panasonic China Open Guangzhou 2006,2006-09-14,CHEN Qi,ROY Soumyadeep,CHN,IND,4,0,"11,11,11,11|7,9,5,6",R64,GRAND_SLAM,MS,1804,Main Draw,CHEN Qi (CHN),ROY Soumyadeep (IND),,,0 - 4,7:11 9:11 5:11 6:11,CHEN Qi,2006
Panasonic China Open Guangzhou 2006,2006-09-14,MA Lin,KIM Song Nam,CHN,PRK,4,0,"11,11,11,12|2,5,4,10",R64,GRAND_SLAM,MS,1804,Main Draw,MA Lin (CHN),KIM Song Nam (PRK),,,4 - 0,11:2 11:5 11:4 12:10,MA Lin,2006
Panasonic China Open Guangzhou 2006,2006-09-14,GARDOS Robert,WANG Zengyi,AUT,POL,4,2,"11,13,11,11,7,11|7,11,13,9,11,3",R64,GRAND_SLAM,MS,1804,Main Draw,GARDOS Robert (AUT),WANG Zengyi (POL),,,2 - 4,7:11 11:13 13:11 9:11 11:7 3:11,GARDOS Robert,2006
Panasonic China Open Guangzhou 2006,2006-09-14,MATSUDAIRA Kenta,TANG Peng,JPN,HKG,4,2,"11,8,11,11,9,16|4,11,9,6,11,14",R64,GRAND_SLAM,MS,1804,Main Draw,MATSUDAIRA Kenta (JPN),TANG Peng (HKG),,,2 - 4,4:11 11:8 9:11 6:11 11:9 14:16,MATSUDAIRA Kenta,2006
Panasonic China Open Guangzhou 2006,2006-09-14,LI Ching,CHOU Tung-Yu,HKG,TPE,4,0,"11,11,11,11|7,9,7,4",R64,GRAND_SLAM,MS,1804,Main Draw,LI Ching (HKG),CHOU Tung-Yu (TPE),,,0 - 4,7:11 9:11 7:11 4:11,LI Ching,2006
Panasonic China Open Guangzhou 2006,2006-09-14,SCHLAGER Werner,BAUM Patrick,AUT,GER,4,1,"10,11,12,11,11|12,5,10,9,6",R64,GRAND_SLAM,MS,1804,Main Draw,SCHLAGER Werner (AUT),BAUM Patrick (GER),,,4 - 1,10:12 11:5 12:10 11:9 11:6,SCHLAGER Werner,2006
Panasonic China Open Guangzhou 2006,2006-09-14,SUSS Christian,ZHANG Wilson,GER,CAN,4,2,"7,9,11,11,11,11|11,11,7,3,3,6",R64,GRAND_SLAM,MS,1804,Main Draw,SUSS Christian (GER),ZHANG Wilson (CAN),,,2 - 4,11:7 11:9 7:11 3:11 3:11 6:11,SUSS Christian,2006
Panasonic China Open Guangzhou 2006,2006-09-14,WU Chih-Chi,LEUNG Chu Yan,TPE,HKG,4,2,"10,12,11,16,6,11|12,10,7,14,11,6",R64,GRAND_SLAM,MS,1804,Main Draw,WU Chih-Chi (TPE),LEUNG Chu Yan (HKG),,,2 - 4,12:10 10:12 7:11 14:16 11:6 6:11,WU Chih-Chi,2006
Panasonic China Open Guangzhou 2006,2006-09-14,RYU Seungmin,DRINKHALL Paul,KOR,ENG,4,3,"6,7,11,11,4,11,13|11,11,9,7,11,9,11",R64,GRAND_SLAM,MS,1804,Main Draw,RYU Seungmin (KOR),DRINKHALL Paul (ENG),,,3 - 4,11:6 11:7 9:11 7:11 11:4 9:11 11:13,RYU Seungmin,2006
Panasonic China Open Guangzhou 2006,2006-09-14,CHEN Weixing,ACHANTA Sharath,AUT,IND,4,3,"11,7,9,14,9,11,11|8,11,11,12,11,9,8",R64,GRAND_SLAM,MS,1804,Main Draw,CHEN Weixing (AUT),ACHANTA Sharath (IND),,,4 - 3,11:8 7:11 9:11 14:12 9:11 11:9 11:8,CHEN Weixing,2006
Panasonic China Open Guangzhou 2006,2006-09-14,HOU Yingchao,STEGER Bastian,CAN,GER,4,1,"11,11,11,9,11|6,7,8,11,6",R64,GRAND_SLAM,MS,1804,Main Draw,HOU Yingchao (CAN),STEGER Bastian (GER),,,4 - 1,11:6 11:7 11:8 9:11 11:6,HOU Yingchao,2006
Panasonic China Open Guangzhou 2006,2006-09-14,TAN Ruiwu,JAKAB Janos,CRO,HUN,4,2,"11,6,10,11,11,11|8,11,12,8,4,4",R64,GRAND_SLAM,MS,1804,Main Draw,TAN Ruiwu (CRO),JAKAB Janos (HUN),,,4 - 2,11:8 6:11 10:12 11:8 11:4 11:4,TAN Ruiwu,2006
Panasonic China Open Guangzhou 2006,2006-09-14,CHEUNG Yuk,MACHADO Carlos,HKG,ESP,4,3,"8,9,12,5,11,11,12|11,11,10,11,7,5,10",R64,GRAND_SLAM,MS,1804,Main Draw,CHEUNG Yuk (HKG),MACHADO Carlos (ESP),,,3 - 4,11:8 11:9 10:12 11:5 7:11 5:11 10:12,CHEUNG Yuk,2006
Panasonic China Open Guangzhou 2006,2006-09-14,KO Lai Chak,CHO Eonrae,HKG,KOR,4,2,"11,6,11,8,11,14|7,11,8,11,6,12",R64,GRAND_SLAM,MS,1804,Main Draw,KO Lai Chak (HKG),CHO Eonrae (KOR),,,4 - 2,11:7 6:11 11:8 8:11 11:6 14:12,KO Lai Chak,2006
Panasonic China Open Guangzhou 2006,2006-09-14,KUZMIN Fedor,CHIANG Hung-Chieh,RUS,TPE,4,1,"13,11,7,11,11|11,8,11,5,4",R64,GRAND_SLAM,MS,1804,Main Draw,KUZMIN Fedor (RUS),CHIANG Hung-Chieh (TPE),,,1 - 4,11:13 8:11 11:7 5:11 4:11,KUZMIN Fedor,2006
Panasonic China Open Guangzhou 2006,2006-09-14,ROSSKOPF Jorg,LIM Jaehyun,GER,KOR,4,2,"9,11,11,11,10,11|11,8,9,8,12,5",R64,GRAND_SLAM,MS,1804,Main Draw,ROSSKOPF Jorg (GER),LIM Jaehyun (KOR),,,4 - 2,9:11 11:8 11:9 11:8 10:12 11:5,ROSSKOPF Jorg,2006
Panasonic China Open Guangzhou 2006,2006-09-14,BOLL Timo,KOSOWSKI Jakub,GER,POL,4,0,"11,12,11,11|3,10,9,8",R64,GRAND_SLAM,MS,1804,Main Draw,BOLL Timo (GER),KOSOWSKI Jakub (POL),,,0 - 4,3:11 10:12 9:11 8:11,BOLL Timo,2006
Panasonic China Open Guangzhou 2006,2006-09-14,WANG Liqin,YANG Zi,CHN,SGP,4,0,"11,11,11,11|5,7,6,4",R32,GRAND_SLAM,MS,1804,Main Draw,WANG Liqin (CHN),YANG Zi (SGP),,,4 - 0,11:5 11:7 11:6 11:4,WANG Liqin,2006
Panasonic China Open Guangzhou 2006,2006-09-14,MA Long,FEJER-KONNERTH Zoltan,CHN,GER,4,0,"11,11,11,12|4,5,8,10",R32,GRAND_SLAM,MS,1804,Main Draw,MA Long (CHN),FEJER-KONNERTH Zoltan (GER),,,0 - 4,4:11 5:11 8:11 10:12,MA Long,2006
Panasonic China Open Guangzhou 2006,2006-09-14,JOO Saehyuk,RI Chol Guk,KOR,PRK,4,1,"9,14,11,11,11|11,12,6,7,8",R32,GRAND_SLAM,MS,1804,Main Draw,JOO Saehyuk (KOR),RI Chol Guk (PRK),,,4 - 1,9:11 14:12 11:6 11:7 11:8,JOO Saehyuk,2006
Panasonic China Open Guangzhou 2006,2006-09-14,OH Sangeun,LIN Ju,KOR,DOM,4,0,"11,11,11,11|9,9,5,7",R32,GRAND_SLAM,MS,1804,Main Draw,OH Sangeun (KOR),LIN Ju (DOM),,,0 - 4,9:11 9:11 5:11 7:11,OH Sangeun,2006
Panasonic China Open Guangzhou 2006,2006-09-14,HAO Shuai,LEE Jungwoo,CHN,KOR,4,3,"8,11,9,6,11,12,11|11,6,11,11,7,10,7",R32,GRAND_SLAM,MS,1804,Main Draw,HAO Shuai (CHN),LEE Jungwoo (KOR),,,4 - 3,8:11 11:6 9:11 6:11 11:7 12:10 11:7,HAO Shuai,2006
Panasonic China Open Guangzhou 2006,2006-09-14,SMIRNOV Alexey,CHANG Yen-Shu,RUS,TPE,4,1,"11,12,7,11,11|9,10,11,6,8",R32,GRAND_SLAM,MS,1804,Main Draw,SMIRNOV Alexey (RUS),CHANG Yen-Shu (TPE),,,1 - 4,9:11 10:12 11:7 6:11 8:11,SMIRNOV Alexey,2006
Panasonic China Open Guangzhou 2006,2006-09-14,MATSUSHITA Koji,CRISAN Adrian,JPN,ROU,4,2,"12,5,12,11,11,11|10,11,14,8,7,2",R32,GRAND_SLAM,MS,1804,Main Draw,MATSUSHITA Koji (JPN),CRISAN Adrian (ROU),,,2 - 4,10:12 11:5 14:12 8:11 7:11 2:11,MATSUSHITA Koji,2006
Panasonic China Open Guangzhou 2006,2006-09-14,CHEN Qi,GAO Ning,CHN,SGP,4,1,"11,11,7,11,11|2,8,11,8,8",R32,GRAND_SLAM,MS,1804,Main Draw,CHEN Qi (CHN),GAO Ning (SGP),,,1 - 4,2:11 8:11 11:7 8:11 8:11,CHEN Qi,2006
Panasonic China Open Guangzhou 2006,2006-09-14,MA Lin,GARDOS Robert,CHN,AUT,4,2,"11,11,6,3,11,11|5,6,11,11,9,1",R32,GRAND_SLAM,MS,1804,Main Draw,MA Lin (CHN),GARDOS Robert (AUT),,,4 - 2,11:5 11:6 6:11 3:11 11:9 11:1,MA Lin,2006
Panasonic China Open Guangzhou 2006,2006-09-14,LI Ching,MATSUDAIRA Kenta,HKG,JPN,4,0,"11,11,11,11|7,8,7,7",R32,GRAND_SLAM,MS,1804,Main Draw,LI Ching (HKG),MATSUDAIRA Kenta (JPN),,,0 - 4,7:11 8:11 7:11 7:11,LI Ching,2006
Panasonic China Open Guangzhou 2006,2006-09-14,SCHLAGER Werner,SUSS Christian,AUT,GER,4,3,"12,12,9,11,7,11,11|10,14,11,9,11,8,7",R32,GRAND_SLAM,MS,1804,Main Draw,SCHLAGER Werner (AUT),SUSS Christian (GER),,,4 - 3,12:10 12:14 9:11 11:9 7:11 11:8 11:7,SCHLAGER Werner,2006
Panasonic China Open Guangzhou 2006,2006-09-14,RYU Seungmin,WU Chih-Chi,KOR,TPE,4,0,"11,11,11,12|9,6,8,10",R32,GRAND_SLAM,MS,1804,Main Draw,RYU Seungmin (KOR),WU Chih-Chi (TPE),,,0 - 4,9:11 6:11 8:11 10:12,RYU Seungmin,2006
Panasonic China Open Guangzhou 2006,2006-09-14,HOU Yingchao,CHEN Weixing,CAN,AUT,4,2,"11,11,11,7,7,11|9,8,5,11,11,4",R32,GRAND_SLAM,MS,1804,Main Draw,HOU Yingchao (CAN),CHEN Weixing (AUT),,,2 - 4,9:11 8:11 5:11 11:7 11:7 4:11,HOU Yingchao,2006
Panasonic China Open Guangzhou 2006,2006-09-14,CHEUNG Yuk,TAN Ruiwu,HKG,CRO,4,3,"3,13,11,7,10,11,12|11,11,6,11,12,4,10",R32,GRAND_SLAM,MS,1804,Main Draw,CHEUNG Yuk (HKG),TAN Ruiwu (CRO),,,3 - 4,11:3 11:13 6:11 11:7 12:10 4:11 10:12,CHEUNG Yuk,2006
Panasonic China Open Guangzhou 2006,2006-09-14,KO Lai Chak,KUZMIN Fedor,HKG,RUS,4,1,"11,13,9,11,11|7,11,11,7,7",R32,GRAND_SLAM,MS,1804,Main Draw,KO Lai Chak (HKG),KUZMIN Fedor (RUS),,,4 - 1,11:7 13:11 9:11 11:7 11:7,KO Lai Chak,2006
Panasonic China Open Guangzhou 2006,2006-09-14,BOLL Timo,ROSSKOPF Jorg,GER,GER,4,3,"11,11,2,9,10,11,11|9,6,11,11,12,4,1",R32,GRAND_SLAM,MS,1804,Main Draw,BOLL Timo (GER),ROSSKOPF Jorg (GER),,,3 - 4,9:11 6:11 11:2 11:9 12:10 4:11 1:11,BOLL Timo,2006
Panasonic China Open Guangzhou 2006,2006-09-14,WANG Liqin,MA Long,CHN,CHN,4,1,"12,11,8,11,11|10,4,11,5,9",R16,GRAND_SLAM,MS,1804,Main Draw,WANG Liqin (CHN),MA Long (CHN),,,4 - 1,12:10 11:4 8:11 11:5 11:9,WANG Liqin,2006
Panasonic China Open Guangzhou 2006,2006-09-14,OH Sangeun,JOO Saehyuk,KOR,KOR,4,0,"11,11,15,11|6,7,13,9",R16,GRAND_SLAM,MS,1804,Main Draw,OH Sangeun (KOR),JOO Saehyuk (KOR),,,0 - 4,6:11 7:11 13:15 9:11,OH Sangeun,2006
Panasonic China Open Guangzhou 2006,2006-09-14,HAO Shuai,SMIRNOV Alexey,CHN,RUS,4,1,"11,11,8,11,11|9,5,11,3,8",R16,GRAND_SLAM,MS,1804,Main Draw,HAO Shuai (CHN),SMIRNOV Alexey (RUS),,,4 - 1,11:9 11:5 8:11 11:3 11:8,HAO Shuai,2006
Panasonic China Open Guangzhou 2006,2006-09-14,CHEN Qi,MATSUSHITA Koji,CHN,JPN,4,0,"11,11,11,11|6,7,8,9",R16,GRAND_SLAM,MS,1804,Main Draw,CHEN Qi (CHN),MATSUSHITA Koji (JPN),,,0 - 4,6:11 7:11 8:11 9:11,CHEN Qi,2006
Panasonic China Open Guangzhou 2006,2006-09-14,LI Ching,MA Lin,HKG,CHN,4,3,"11,11,11,9,6,8,11|8,8,7,11,11,11,7",R16,GRAND_SLAM,MS,1804,Main Draw,LI Ching (HKG),MA Lin (CHN),,,3 - 4,8:11 8:11 7:11 11:9 11:6 11:8 7:11,LI Ching,2006
Panasonic China Open Guangzhou 2006,2006-09-14,SCHLAGER Werner,RYU Seungmin,AUT,KOR,4,2,"11,13,5,13,10,11|7,11,11,11,12,8",R16,GRAND_SLAM,MS,1804,Main Draw,SCHLAGER Werner (AUT),RYU Seungmin (KOR),,,4 - 2,11:7 13:11 5:11 13:11 10:12 11:8,SCHLAGER Werner,2006
Panasonic China Open Guangzhou 2006,2006-09-14,HOU Yingchao,CHEUNG Yuk,CAN,HKG,4,3,"4,8,11,6,11,12,11|11,11,4,11,9,10,4",R16,GRAND_SLAM,MS,1804,Main Draw,HOU Yingchao (CAN),CHEUNG Yuk (HKG),,,4 - 3,4:11 8:11 11:4 6:11 11:9 12:10 11:4,HOU Yingchao,2006
Panasonic China Open Guangzhou 2006,2006-09-14,BOLL Timo,KO Lai Chak,GER,HKG,4,2,"12,11,6,11,7,11|10,7,11,6,11,6",R16,GRAND_SLAM,MS,1804,Main Draw,BOLL Timo (GER),KO Lai Chak (HKG),,,2 - 4,10:12 7:11 11:6 6:11 11:7 6:11,BOLL Timo,2006
Panasonic China Open Guangzhou 2006,2006-09-14,WANG Liqin,OH Sangeun,CHN,KOR,4,0,"11,11,11,11|4,5,9,4",QuarterFinal,GRAND_SLAM,MS,1804,Main Draw,WANG Liqin (CHN),OH Sangeun (KOR),,,4 - 0,11:4 11:5 11:9 11:4,WANG Liqin,2006
Panasonic China Open Guangzhou 2006,2006-09-14,CHEN Qi,HAO Shuai,CHN,CHN,4,2,"9,11,11,11,6,14|11,9,6,4,11,12",QuarterFinal,GRAND_SLAM,MS,1804,Main Draw,CHEN Qi (CHN),HAO Shuai (CHN),,,2 - 4,11:9 9:11 6:11 4:11 11:6 12:14,CHEN Qi,2006
Panasonic China Open Guangzhou 2006,2006-09-14,LI Ching,SCHLAGER Werner,HKG,AUT,4,1,"9,11,11,11,11|11,9,8,9,6",QuarterFinal,GRAND_SLAM,MS,1804,Main Draw,LI Ching (HKG),SCHLAGER Werner (AUT),,,4 - 1,9:11 11:9 11:8 11:9 11:6,LI Ching,2006
Panasonic China Open Guangzhou 2006,2006-09-14,BOLL Timo,HOU Yingchao,GER,CAN,4,2,"7,12,11,11,2,11|11,10,9,4,11,9",QuarterFinal,GRAND_SLAM,MS,1804,Main Draw,BOLL Timo (GER),HOU Yingchao (CAN),,,2 - 4,11:7 10:12 9:11 4:11 11:2 9:11,BOLL Timo,2006
Panasonic China Open Guangzhou 2006,2006-09-14,WANG Liqin,CHEN Qi,CHN,CHN,4,3,"7,11,11,9,8,11,11|11,9,9,11,11,4,4",SemiFinal,GRAND_SLAM,MS,1804,Main Draw,WANG Liqin (CHN),CHEN Qi (CHN),,,4 - 3,7:11 11:9 11:9 9:11 8:11 11:4 11:4,WANG Liqin,2006
Panasonic China Open Guangzhou 2006,2006-09-14,BOLL Timo,LI Ching,GER,HKG,4,2,"11,9,11,11,10,11|8,11,2,7,12,4",SemiFinal,GRAND_SLAM,MS,1804,Main Draw,BOLL Timo (GER),LI Ching (HKG),,,2 - 4,8:11 11:9 2:11 7:11 12:10 4:11,BOLL Timo,2006
Panasonic China Open Guangzhou 2006,2006-09-14,BOLL Timo,WANG Liqin,GER,CHN,4,2,"11,5,11,11,9,11|8,11,8,4,11,8",Final,GRAND_SLAM,MS,1804,Main Draw,BOLL Timo (GER),WANG Liqin (CHN),,,2 - 4,8:11 11:5 8:11 4:11 11:9 8:11,BOLL Timo,2006
Panasonic China Open Guangzhou 2006,2006-09-14,HOU Yingchao,BAUM Patrick,CAN,GER,4,0,"11,11,11,11|7,8,5,5",,GRAND_SLAM,MS,1804,Qualification,HOU Yingchao (CAN),BAUM Patrick (GER),,,4 - 0,11:7 11:8 11:5 11:5,HOU Yingchao,2006
Panasonic China Open Guangzhou 2006,2006-09-14,HOU Yingchao,BOBILLIER Loic,CAN,FRA,4,0,"11,11,11,11|1,2,3,3",QR2,GRAND_SLAM,MS,1804,Qualification,HOU Yingchao (CAN),BOBILLIER Loic (FRA),,,4 - 0,11:1 11:2 11:3 11:3,HOU Yingchao,2006
Panasonic China Open Guangzhou 2006,2006-09-14,BAUM Patrick,BOBILLIER Loic,GER,FRA,4,1,"11,9,11,11,11|6,11,8,6,6",3,GRAND_SLAM,MS,1804,Qualification,BAUM Patrick (GER),BOBILLIER Loic (FRA),,,1 - 4,6:11 11:9 8:11 6:11 6:11,BAUM Patrick,2006
Panasonic China Open Guangzhou 2006,2006-09-14,LIM Jaehyun,SCHLICHTER Jorg,KOR,GER,4,3,"11,14,11,7,7,9,11|5,12,5,11,11,11,8",,GRAND_SLAM,MS,1804,Qualification,LIM Jaehyun (KOR),SCHLICHTER Jorg (GER),,,4 - 3,11:5 14:12 11:5 7:11 7:11 9:11 11:8,LIM Jaehyun,2006
Panasonic China Open Guangzhou 2006,2006-09-14,KIM Song Nam,CABESTANY Cedrik,PRK,FRA,4,2,"11,11,5,12,11,11|6,5,11,14,5,7",QR2,GRAND_SLAM,MS,1804,Qualification,KIM Song Nam (PRK),CABESTANY Cedrik (FRA),,,4 - 2,11:6 11:5 5:11 12:14 11:5 11:7,KIM Song Nam,2006
Panasonic China Open Guangzhou 2006,2006-09-14,LIM Jaehyun,CABESTANY Cedrik,KOR,FRA,4,2,"9,6,12,11,12,11|11,11,10,8,10,7",3,GRAND_SLAM,MS,1804,Qualification,LIM Jaehyun (KOR),CABESTANY Cedrik (FRA),,,4 - 2,9:11 6:11 12:10 11:8 12:10 11:7,LIM Jaehyun,2006
Panasonic China Open Guangzhou 2006,2006-09-14,KIM Song Nam,SCHLICHTER Jorg,PRK,GER,4,3,"9,11,12,8,11,11,11|11,13,10,11,9,7,8",QR4,GRAND_SLAM,MS,1804,Qualification,KIM Song Nam (PRK),SCHLICHTER Jorg (GER),,,3 - 4,11:9 13:11 10:12 11:8 9:11 7:11 8:11,KIM Song Nam,2006
Panasonic China Open Guangzhou 2006,2006-09-14,LIM Jaehyun,KIM Song Nam,KOR,PRK,4,3,"11,8,11,9,9,11,11|8,11,9,11,11,6,8",5,GRAND_SLAM,MS,1804,Qualification,LIM Jaehyun (KOR),KIM Song Nam (PRK),,,4 - 3,11:8 8:11 11:9 9:11 9:11 11:6 11:8,LIM Jaehyun,2006
Panasonic China Open Guangzhou 2006,2006-09-14,CABESTANY Cedrik,SCHLICHTER Jorg,FRA,GER,4,3,"7,6,6,11,11,11,11|11,11,11,6,8,9,6",6,GRAND_SLAM,MS,1804,Qualification,CABESTANY Cedrik (FRA),SCHLICHTER Jorg (GER),,,4 - 3,7:11 6:11 6:11 11:6 11:8 11:9 11:6,CABESTANY Cedrik,2006
Panasonic China Open Guangzhou 2006,2006-09-14,WANG Zengyi,KIM Song Chol,POL,PRK,4,2,"15,9,11,11,13,14|13,11,6,4,15,12",,GRAND_SLAM,MS,1804,Qualification,WANG Zengyi (POL),KIM Song Chol (PRK),,,4 - 2,15:13 9:11 11:6 11:4 13:15 14:12,WANG Zengyi,2006
Panasonic China Open Guangzhou 2006,2006-09-14,LO Dany,CHEN Chao-Shun (1977),FRA,TPE,4,0,"11,11,12,11|4,6,10,7",QR2,GRAND_SLAM,MS,1804,Qualification,LO Dany (FRA),CHEN Chao-Shun (1977) (TPE),,,0 - 4,4:11 6:11 10:12 7:11,LO Dany,2006
Panasonic China Open Guangzhou 2006,2006-09-14,WANG Zengyi,LO Dany,POL,FRA,4,1,"9,11,11,11,11|11,6,8,4,5",3,GRAND_SLAM,MS,1804,Qualification,WANG Zengyi (POL),LO Dany (FRA),,,4 - 1,9:11 11:6 11:8 11:4 11:5,WANG Zengyi,2006
Panasonic China Open Guangzhou 2006,2006-09-14,KIM Song Chol,CHEN Chao-Shun (1977),PRK,TPE,4,1,"11,9,11,11,11|2,11,6,4,9",QR4,GRAND_SLAM,MS,1804,Qualification,KIM Song Chol (PRK),CHEN Chao-Shun (1977) (TPE),,,4 - 1,11:2 9:11 11:6 11:4 11:9,KIM Song Chol,2006
Panasonic China Open Guangzhou 2006,2006-09-14,WANG Zengyi,CHEN Chao-Shun (1977),POL,TPE,4,0,"11,11,11,11|7,2,2,7",5,GRAND_SLAM,MS,1804,Qualification,WANG Zengyi (POL),CHEN Chao-Shun (1977) (TPE),,,4 - 0,11:7 11:2 11:2 11:7,WANG Zengyi,2006
Panasonic China Open Guangzhou 2006,2006-09-14,KIM Song Chol,LO Dany,PRK,FRA,4,0,"11,11,11,11|4,5,6,4",6,GRAND_SLAM,MS,1804,Qualification,KIM Song Chol (PRK),LO Dany (FRA),,,0 - 4,4:11 5:11 6:11 4:11,KIM Song Chol,2006
Panasonic China Open Guangzhou 2006,2006-09-14,KOSOWSKI Jakub,TOKIC Bojan,POL,SLO,4,2,"14,11,12,9,8,11|12,3,10,11,11,8",,GRAND_SLAM,MS,1804,Qualification,KOSOWSKI Jakub (POL),TOKIC Bojan (SLO),,,2 - 4,12:14 3:11 10:12 11:9 11:8 8:11,KOSOWSKI Jakub,2006
Panasonic China Open Guangzhou 2006,2006-09-14,CHIANG Hung-Chieh,SEO Younggyun,TPE,KOR,4,1,"11,13,11,8,11|7,11,7,11,8",QR2,GRAND_SLAM,MS,1804,Qualification,CHIANG Hung-Chieh (TPE),SEO Younggyun (KOR),,,1 - 4,7:11 11:13 7:11 11:8 8:11,CHIANG Hung-Chieh,2006
Panasonic China Open Guangzhou 2006,2006-09-14,CHIANG Hung-Chieh,TOKIC Bojan,TPE,SLO,4,3,"13,8,11,8,15,11,11|15,11,9,11,13,6,6",3,GRAND_SLAM,MS,1804,Qualification,CHIANG Hung-Chieh (TPE),TOKIC Bojan (SLO),,,3 - 4,15:13 11:8 9:11 11:8 13:15 6:11 6:11,CHIANG Hung-Chieh,2006
Panasonic China Open Guangzhou 2006,2006-09-14,KOSOWSKI Jakub,SEO Younggyun,POL,KOR,4,1,"11,11,12,10,11|5,9,10,12,8",QR4,GRAND_SLAM,MS,1804,Qualification,KOSOWSKI Jakub (POL),SEO Younggyun (KOR),,,4 - 1,11:5 11:9 12:10 10:12 11:8,KOSOWSKI Jakub,2006
Panasonic China Open Guangzhou 2006,2006-09-14,TOKIC Bojan,SEO Younggyun,SLO,KOR,4,1,"11,6,11,11,11|6,11,7,7,3",5,GRAND_SLAM,MS,1804,Qualification,TOKIC Bojan (SLO),SEO Younggyun (KOR),,,4 - 1,11:6 6:11 11:7 11:7 11:3,TOKIC Bojan,2006
Panasonic China Open Guangzhou 2006,2006-09-14,CHIANG Hung-Chieh,KOSOWSKI Jakub,TPE,POL,4,0,"11,11,11,11|4,5,6,9",6,GRAND_SLAM,MS,1804,Qualification,CHIANG Hung-Chieh (TPE),KOSOWSKI Jakub (POL),,,4 - 0,11:4 11:5 11:6 11:9,CHIANG Hung-Chieh,2006
Panasonic China Open Guangzhou 2006,2006-09-14,RI Chol Guk,YOON Jaeyoung,PRK,KOR,4,1,"11,8,11,11,11|6,11,6,9,3",,GRAND_SLAM,MS,1804,Qualification,RI Chol Guk (PRK),YOON Jaeyoung (KOR),,,1 - 4,6:11 11:8 6:11 9:11 3:11,RI Chol Guk,2006
Panasonic China Open Guangzhou 2006,2006-09-14,CARNEROS Alfredo,HOU Ming-Tsung,ESP,TPE,4,0,,QR2,GRAND_SLAM,MS,1804,Qualification,CARNEROS Alfredo (ESP),HOU Ming-Tsung (TPE),,,0 - 4,,CARNEROS Alfredo,2006
Panasonic China Open Guangzhou 2006,2006-09-14,YOON Jaeyoung,CARNEROS Alfredo,KOR,ESP,4,0,"13,11,12,11|11,7,10,3",3,GRAND_SLAM,MS,1804,Qualification,YOON Jaeyoung (KOR),CARNEROS Alfredo (ESP),,,4 - 0,13:11 11:7 12:10 11:3,YOON Jaeyoung,2006
Panasonic China Open Guangzhou 2006,2006-09-14,RI Chol Guk,HOU Ming-Tsung,PRK,TPE,4,0,,QR4,GRAND_SLAM,MS,1804,Qualification,RI Chol Guk (PRK),HOU Ming-Tsung (TPE),,,4 - 0,,RI Chol Guk,2006
Panasonic China Open Guangzhou 2006,2006-09-14,YOON Jaeyoung,HOU Ming-Tsung,KOR,TPE,4,0,,5,GRAND_SLAM,MS,1804,Qualification,YOON Jaeyoung (KOR),HOU Ming-Tsung (TPE),,,4 - 0,,YOON Jaeyoung,2006
Panasonic China Open Guangzhou 2006,2006-09-14,RI Chol Guk,CARNEROS Alfredo,PRK,ESP,4,2,"11,11,11,14,12,11|13,5,7,12,14,4",6,GRAND_SLAM,MS,1804,Qualification,RI Chol Guk (PRK),CARNEROS Alfredo (ESP),,,2 - 4,13:11 5:11 7:11 12:14 14:12 4:11,RI Chol Guk,2006
Panasonic China Open Guangzhou 2006,2006-09-14,CHO Eonrae,GAVLAS Antonin,KOR,CZE,4,2,"6,11,9,11,11,11|11,7,11,6,4,8",,GRAND_SLAM,MS,1804,Qualification,CHO Eonrae (KOR),GAVLAS Antonin (CZE),,,4 - 2,6:11 11:7 9:11 11:6 11:4 11:8,CHO Eonrae,2006
Panasonic China Open Guangzhou 2006,2006-09-14,JAKAB Janos,KU Mu-Hsuan,HUN,TPE,4,0,"11,11,11,11|5,3,7,5",QR2,GRAND_SLAM,MS,1804,Qualification,JAKAB Janos (HUN),KU Mu-Hsuan (TPE),,,0 - 4,5:11 3:11 7:11 5:11,JAKAB Janos,2006
Panasonic China Open Guangzhou 2006,2006-09-14,JAKAB Janos,CHO Eonrae,HUN,KOR,4,1,"13,7,11,12,11|11,11,9,10,6",3,GRAND_SLAM,MS,1804,Qualification,JAKAB Janos (HUN),CHO Eonrae (KOR),,,1 - 4,11:13 11:7 9:11 10:12 6:11,JAKAB Janos,2006
Panasonic China Open Guangzhou 2006,2006-09-14,GAVLAS Antonin,KU Mu-Hsuan,CZE,TPE,4,0,"11,11,11,11|9,7,5,6",QR4,GRAND_SLAM,MS,1804,Qualification,GAVLAS Antonin (CZE),KU Mu-Hsuan (TPE),,,4 - 0,11:9 11:7 11:5 11:6,GAVLAS Antonin,2006
Panasonic China Open Guangzhou 2006,2006-09-14,CHO Eonrae,KU Mu-Hsuan,KOR,TPE,4,0,"11,11,11,11|3,8,8,6",5,GRAND_SLAM,MS,1804,Qualification,CHO Eonrae (KOR),KU Mu-Hsuan (TPE),,,4 - 0,11:3 11:8 11:8 11:6,CHO Eonrae,2006
Panasonic China Open Guangzhou 2006,2006-09-14,JAKAB Janos,GAVLAS Antonin,HUN,CZE,4,0,"11,11,11,11|9,6,7,6",6,GRAND_SLAM,MS,1804,Qualification,JAKAB Janos (HUN),GAVLAS Antonin (CZE),,,4 - 0,11:9 11:6 11:7 11:6,JAKAB Janos,2006
Panasonic China Open Guangzhou 2006,2006-09-14,CHOI Hyunjin,DURAN Marc,KOR,ESP,4,2,"9,11,11,9,12,11|11,4,8,11,10,4",,GRAND_SLAM,MS,1804,Qualification,CHOI Hyunjin (KOR),DURAN Marc (ESP),,,4 - 2,9:11 11:4 11:8 9:11 12:10 11:4,CHOI Hyunjin,2006
Panasonic China Open Guangzhou 2006,2006-09-14,JOVER Sebastien,GREEN Wally,FRA,USA,4,0,"11,11,11,11|3,3,4,4",QR2,GRAND_SLAM,MS,1804,Qualification,JOVER Sebastien (FRA),GREEN Wally (USA),,,0 - 4,3:11 3:11 4:11 4:11,JOVER Sebastien,2006
Panasonic China Open Guangzhou 2006,2006-09-14,JOVER Sebastien,CHOI Hyunjin,FRA,KOR,4,2,"9,11,11,4,12,11|11,9,8,11,10,9",3,GRAND_SLAM,MS,1804,Qualification,JOVER Sebastien (FRA),CHOI Hyunjin (KOR),,,2 - 4,11:9 9:11 8:11 11:4 10:12 9:11,JOVER Sebastien,2006
Panasonic China Open Guangzhou 2006,2006-09-14,DURAN Marc,GREEN Wally,ESP,USA,4,0,"11,11,11,11|3,6,5,6",QR4,GRAND_SLAM,MS,1804,Qualification,DURAN Marc (ESP),GREEN Wally (USA),,,4 - 0,11:3 11:6 11:5 11:6,DURAN Marc,2006
Panasonic China Open Guangzhou 2006,2006-09-14,CHOI Hyunjin,GREEN Wally,KOR,USA,4,0,"11,11,11,11|2,8,9,6",5,GRAND_SLAM,MS,1804,Qualification,CHOI Hyunjin (KOR),GREEN Wally (USA),,,4 - 0,11:2 11:8 11:9 11:6,CHOI Hyunjin,2006
Panasonic China Open Guangzhou 2006,2006-09-14,DURAN Marc,JOVER Sebastien,ESP,FRA,4,2,"5,11,11,11,11,11|11,8,13,8,9,8",6,GRAND_SLAM,MS,1804,Qualification,DURAN Marc (ESP),JOVER Sebastien (FRA),,,2 - 4,11:5 8:11 13:11 8:11 9:11 8:11,DURAN Marc,2006
Panasonic China Open Guangzhou 2006,2006-09-14,LEE Jinkwon,CHOU Tung-Yu,KOR,TPE,4,2,"8,11,11,11,9,12|11,6,3,8,11,10",,GRAND_SLAM,MS,1804,Qualification,LEE Jinkwon (KOR),CHOU Tung-Yu (TPE),,,4 - 2,8:11 11:6 11:3 11:8 9:11 12:10,LEE Jinkwon,2006
Panasonic China Open Guangzhou 2006,2006-09-14,CAI Xiaoli,AL-BAHRANI Husain,SGP,KUW,4,0,,QR2,GRAND_SLAM,MS,1804,Qualification,CAI Xiaoli (SGP),AL-BAHRANI Husain (KUW),,,0 - 4,,CAI Xiaoli,2006
Panasonic China Open Guangzhou 2006,2006-09-14,LEE Jinkwon,CAI Xiaoli,KOR,SGP,4,1,"11,12,11,11,11|9,10,5,13,3",3,GRAND_SLAM,MS,1804,Qualification,LEE Jinkwon (KOR),CAI Xiaoli (SGP),,,4 - 1,11:9 12:10 11:5 11:13 11:3,LEE Jinkwon,2006
Panasonic China Open Guangzhou 2006,2006-09-14,CHOU Tung-Yu,AL-BAHRANI Husain,TPE,KUW,4,0,,QR4,GRAND_SLAM,MS,1804,Qualification,CHOU Tung-Yu (TPE),AL-BAHRANI Husain (KUW),,,4 - 0,,CHOU Tung-Yu,2006
Panasonic China Open Guangzhou 2006,2006-09-14,LEE Jinkwon,AL-BAHRANI Husain,KOR,KUW,4,0,,5,GRAND_SLAM,MS,1804,Qualification,LEE Jinkwon (KOR),AL-BAHRANI Husain (KUW),,,4 - 0,,LEE Jinkwon,2006
Panasonic China Open Guangzhou 2006,2006-09-14,CHOU Tung-Yu,CAI Xiaoli,TPE,SGP,4,3,"8,12,14,11,9,6,11|11,10,12,5,11,11,9",6,GRAND_SLAM,MS,1804,Qualification,CHOU Tung-Yu (TPE),CAI Xiaoli (SGP),,,3 - 4,11:8 10:12 12:14 5:11 11:9 11:6 9:11,CHOU Tung-Yu,2006
Panasonic China Open Guangzhou 2006,2006-09-14,KEINATH Thomas,ROY Soumyadeep,SVK,IND,4,1,"11,11,12,11,11|13,6,10,8,4",,GRAND_SLAM,MS,1804,Qualification,KEINATH Thomas (SVK),ROY Soumyadeep (IND),,,4 - 1,11:13 11:6 12:10 11:8 11:4,KEINATH Thomas,2006
Panasonic China Open Guangzhou 2006,2006-09-14,KIHO Shinnosuke,REED Daniel,JPN,ENG,4,0,"11,11,11,11|9,7,9,0",QR2,GRAND_SLAM,MS,1804,Qualification,KIHO Shinnosuke (JPN),REED Daniel (ENG),,,0 - 4,9:11 7:11 9:11 0:11,KIHO Shinnosuke,2006
Panasonic China Open Guangzhou 2006,2006-09-14,KEINATH Thomas,KIHO Shinnosuke,SVK,JPN,4,1,"12,11,11,9,11|10,9,7,11,8",3,GRAND_SLAM,MS,1804,Qualification,KEINATH Thomas (SVK),KIHO Shinnosuke (JPN),,,4 - 1,12:10 11:9 11:7 9:11 11:8,KEINATH Thomas,2006
Panasonic China Open Guangzhou 2006,2006-09-14,ROY Soumyadeep,REED Daniel,IND,ENG,4,2,"11,6,11,5,11,11|7,11,5,11,9,5",QR4,GRAND_SLAM,MS,1804,Qualification,ROY Soumyadeep (IND),REED Daniel (ENG),,,4 - 2,11:7 6:11 11:5 5:11 11:9 11:5,ROY Soumyadeep,2006
Panasonic China Open Guangzhou 2006,2006-09-14,KEINATH Thomas,REED Daniel,SVK,ENG,4,1,"8,11,11,11,11|11,2,9,7,7",5,GRAND_SLAM,MS,1804,Qualification,KEINATH Thomas (SVK),REED Daniel (ENG),,,4 - 1,8:11 11:2 11:9 11:7 11:7,KEINATH Thomas,2006
Panasonic China Open Guangzhou 2006,2006-09-14,ROY Soumyadeep,KIHO Shinnosuke,IND,JPN,4,1,"11,11,12,7,11|2,9,10,11,9",6,GRAND_SLAM,MS,1804,Qualification,ROY Soumyadeep (IND),KIHO Shinnosuke (JPN),,,1 - 4,2:11 9:11 10:12 11:7 9:11,ROY Soumyadeep,2006
Panasonic China Open Guangzhou 2006,2006-09-14,HUANG Sheng-Sheng,SUCH Bartosz,TPE,POL,4,0,"11,12,11,11|8,10,7,0",,GRAND_SLAM,MS,1804,Qualification,HUANG Sheng-Sheng (TPE),SUCH Bartosz (POL),,,0 - 4,8:11 10:12 7:11 0:11,HUANG Sheng-Sheng,2006
Panasonic China Open Guangzhou 2006,2006-09-14,SVENSSON Robert,TSE Ka Chun,SWE,HKG,4,1,"11,5,11,11,11|6,11,2,5,5",QR2,GRAND_SLAM,MS,1804,Qualification,SVENSSON Robert (SWE),TSE Ka Chun (HKG),,,1 - 4,6:11 11:5 2:11 5:11 5:11,SVENSSON Robert,2006
Panasonic China Open Guangzhou 2006,2006-09-14,SVENSSON Robert,SUCH Bartosz,SWE,POL,4,0,,3,GRAND_SLAM,MS,1804,Qualification,SVENSSON Robert (SWE),SUCH Bartosz (POL),,,0 - 4,,SVENSSON Robert,2006
Panasonic China Open Guangzhou 2006,2006-09-14,HUANG Sheng-Sheng,TSE Ka Chun,TPE,HKG,4,2,"12,7,11,11,8,14|10,11,6,9,11,12",QR4,GRAND_SLAM,MS,1804,Qualification,HUANG Sheng-Sheng (TPE),TSE Ka Chun (HKG),,,4 - 2,12:10 7:11 11:6 11:9 8:11 14:12,HUANG Sheng-Sheng,2006
Panasonic China Open Guangzhou 2006,2006-09-14,TSE Ka Chun,SUCH Bartosz,HKG,POL,4,0,,5,GRAND_SLAM,MS,1804,Qualification,TSE Ka Chun (HKG),SUCH Bartosz (POL),,,0 - 4,,TSE Ka Chun,2006
Panasonic China Open Guangzhou 2006,2006-09-14,SVENSSON Robert,HUANG Sheng-Sheng,SWE,TPE,4,3,"11,7,11,9,7,11,11|9,11,3,11,11,8,9",6,GRAND_SLAM,MS,1804,Qualification,SVENSSON Robert (SWE),HUANG Sheng-Sheng (TPE),,,4 - 3,11:9 7:11 11:3 9:11 7:11 11:8 11:9,SVENSSON Robert,2006
Panasonic China Open Guangzhou 2006,2006-09-14,JIANG Tianyi,VOSTES Yannick,HKG,BEL,4,1,"9,11,11,12,11|11,4,7,10,9",,GRAND_SLAM,MS,1804,Qualification,JIANG Tianyi (HKG),VOSTES Yannick (BEL),,,4 - 1,9:11 11:4 11:7 12:10 11:9,JIANG Tianyi,2006
Panasonic China Open Guangzhou 2006,2006-09-14,MACHADO Carlos,CHEN Chien-An,ESP,TPE,4,1,"11,11,11,5,11|6,9,7,11,6",QR2,GRAND_SLAM,MS,1804,Qualification,MACHADO Carlos (ESP),CHEN Chien-An (TPE),,,1 - 4,6:11 9:11 7:11 11:5 6:11,MACHADO Carlos,2006
Panasonic China Open Guangzhou 2006,2006-09-14,JIANG Tianyi,MACHADO Carlos,HKG,ESP,4,0,"11,11,11,11|6,9,5,8",3,GRAND_SLAM,MS,1804,Qualification,JIANG Tianyi (HKG),MACHADO Carlos (ESP),,,4 - 0,11:6 11:9 11:5 11:8,JIANG Tianyi,2006
Panasonic China Open Guangzhou 2006,2006-09-14,CHEN Chien-An,VOSTES Yannick,TPE,BEL,4,3,"7,3,4,11,11,15,11|11,11,11,5,7,13,4",QR4,GRAND_SLAM,MS,1804,Qualification,CHEN Chien-An (TPE),VOSTES Yannick (BEL),,,3 - 4,11:7 11:3 11:4 5:11 7:11 13:15 4:11,CHEN Chien-An,2006
Panasonic China Open Guangzhou 2006,2006-09-14,JIANG Tianyi,CHEN Chien-An,HKG,TPE,4,1,"11,11,11,10,13|3,7,8,12,11",5,GRAND_SLAM,MS,1804,Qualification,JIANG Tianyi (HKG),CHEN Chien-An (TPE),,,4 - 1,11:3 11:7 11:8 10:12 13:11,JIANG Tianyi,2006
Panasonic China Open Guangzhou 2006,2006-09-14,MACHADO Carlos,VOSTES Yannick,ESP,BEL,4,0,,6,GRAND_SLAM,MS,1804,Qualification,MACHADO Carlos (ESP),VOSTES Yannick (BEL),,,4 - 0,,MACHADO Carlos,2006
Panasonic China Open Guangzhou 2006,2006-09-14,DRINKHALL Paul,KIM Junghoon,ENG,KOR,4,2,"11,6,11,11,8,11|9,11,3,6,11,8",,GRAND_SLAM,MS,1804,Qualification,DRINKHALL Paul (ENG),KIM Junghoon (KOR),,,2 - 4,9:11 11:6 3:11 6:11 11:8 8:11,DRINKHALL Paul,2006
Panasonic China Open Guangzhou 2006,2006-09-14,WU Chih-Chi,MAECK Anthony,TPE,BEL,4,2,"11,9,12,11,9,11|8,11,10,4,11,2",QR2,GRAND_SLAM,MS,1804,Qualification,WU Chih-Chi (TPE),MAECK Anthony (BEL),,,2 - 4,8:11 11:9 10:12 4:11 11:9 2:11,WU Chih-Chi,2006
Panasonic China Open Guangzhou 2006,2006-09-14,WU Chih-Chi,KIM Junghoon,TPE,KOR,4,2,"4,9,11,11,11,12|11,11,8,6,7,10",3,GRAND_SLAM,MS,1804,Qualification,WU Chih-Chi (TPE),KIM Junghoon (KOR),,,2 - 4,11:4 11:9 8:11 6:11 7:11 10:12,WU Chih-Chi,2006
Panasonic China Open Guangzhou 2006,2006-09-14,DRINKHALL Paul,MAECK Anthony,ENG,BEL,4,3,"11,7,11,12,7,4,13|9,11,9,10,11,11,11",QR4,GRAND_SLAM,MS,1804,Qualification,DRINKHALL Paul (ENG),MAECK Anthony (BEL),,,4 - 3,11:9 7:11 11:9 12:10 7:11 4:11 13:11,DRINKHALL Paul,2006
Panasonic China Open Guangzhou 2006,2006-09-14,KIM Junghoon,MAECK Anthony,KOR,BEL,4,2,"8,12,11,11,11,11|11,10,13,5,3,7",5,GRAND_SLAM,MS,1804,Qualification,KIM Junghoon (KOR),MAECK Anthony (BEL),,,4 - 2,8:11 12:10 11:13 11:5 11:3 11:7,KIM Junghoon,2006
Panasonic China Open Guangzhou 2006,2006-09-14,WU Chih-Chi,DRINKHALL Paul,TPE,ENG,4,2,"7,11,3,11,11,11|11,3,11,6,4,9",6,GRAND_SLAM,MS,1804,Qualification,WU Chih-Chi (TPE),DRINKHALL Paul (ENG),,,4 - 2,7:11 11:3 3:11 11:6 11:4 11:9,WU Chih-Chi,2006
Panasonic China Open Guangzhou 2006,2006-09-14,CHANG Yen-Shu,SKACHKOV Kirill,TPE,RUS,4,0,"11,11,11,12|6,5,7,10",,GRAND_SLAM,MS,1804,Qualification,CHANG Yen-Shu (TPE),SKACHKOV Kirill (RUS),,,4 - 0,11:6 11:5 11:7 12:10,CHANG Yen-Shu,2006
Panasonic China Open Guangzhou 2006,2006-09-14,ZWICKL Daniel,KNIGHT Darius,HUN,ENG,4,0,"11,11,11,11|4,3,3,8",QR2,GRAND_SLAM,MS,1804,Qualification,ZWICKL Daniel (HUN),KNIGHT Darius (ENG),,,0 - 4,4:11 3:11 3:11 8:11,ZWICKL Daniel,2006
Panasonic China Open Guangzhou 2006,2006-09-14,CHANG Yen-Shu,ZWICKL Daniel,TPE,HUN,4,1,"14,11,7,11,11|12,4,11,5,6",3,GRAND_SLAM,MS,1804,Qualification,CHANG Yen-Shu (TPE),ZWICKL Daniel (HUN),,,4 - 1,14:12 11:4 7:11 11:5 11:6,CHANG Yen-Shu,2006
Panasonic China Open Guangzhou 2006,2006-09-14,KNIGHT Darius,SKACHKOV Kirill,ENG,RUS,4,3,"11,11,8,7,11,2,11|7,5,11,11,6,11,8",QR4,GRAND_SLAM,MS,1804,Qualification,KNIGHT Darius (ENG),SKACHKOV Kirill (RUS),,,3 - 4,7:11 5:11 11:8 11:7 6:11 11:2 8:11,KNIGHT Darius,2006
Panasonic China Open Guangzhou 2006,2006-09-14,CHANG Yen-Shu,KNIGHT Darius,TPE,ENG,4,1,"11,8,11,11,11|7,11,5,4,2",5,GRAND_SLAM,MS,1804,Qualification,CHANG Yen-Shu (TPE),KNIGHT Darius (ENG),,,4 - 1,11:7 8:11 11:5 11:4 11:2,CHANG Yen-Shu,2006
Panasonic China Open Guangzhou 2006,2006-09-14,SKACHKOV Kirill,ZWICKL Daniel,RUS,HUN,4,3,"5,15,11,11,3,8,11|11,13,7,9,11,11,8",6,GRAND_SLAM,MS,1804,Qualification,SKACHKOV Kirill (RUS),ZWICKL Daniel (HUN),,,3 - 4,11:5 13:15 7:11 9:11 11:3 11:8 8:11,SKACHKOV Kirill,2006
Panasonic China Open Guangzhou 2006,2006-09-14,MATSUDAIRA Kenta,MONTEIRO Joao,JPN,POR,4,3,"9,11,8,11,11,6,11|11,7,11,3,6,11,6",,GRAND_SLAM,MS,1804,Qualification,MATSUDAIRA Kenta (JPN),MONTEIRO Joao (POR),,,3 - 4,11:9 7:11 11:8 3:11 6:11 11:6 6:11,MATSUDAIRA Kenta,2006
Panasonic China Open Guangzhou 2006,2006-09-14,AXELQVIST Johan,AL-HASAN Ibrahem,SWE,KUW,4,0,,QR2,GRAND_SLAM,MS,1804,Qualification,AXELQVIST Johan (SWE),AL-HASAN Ibrahem (KUW),,,0 - 4,,AXELQVIST Johan,2006
Panasonic China Open Guangzhou 2006,2006-09-14,MONTEIRO Joao,AXELQVIST Johan,POR,SWE,4,2,"7,11,11,7,11,11|11,8,5,11,8,4",3,GRAND_SLAM,MS,1804,Qualification,MONTEIRO Joao (POR),AXELQVIST Johan (SWE),,,4 - 2,7:11 11:8 11:5 7:11 11:8 11:4,MONTEIRO Joao,2006
Panasonic China Open Guangzhou 2006,2006-09-14,MATSUDAIRA Kenta,AL-HASAN Ibrahem,JPN,KUW,4,0,,QR4,GRAND_SLAM,MS,1804,Qualification,MATSUDAIRA Kenta (JPN),AL-HASAN Ibrahem (KUW),,,4 - 0,,MATSUDAIRA Kenta,2006
Panasonic China Open Guangzhou 2006,2006-09-14,MONTEIRO Joao,AL-HASAN Ibrahem,POR,KUW,4,0,,5,GRAND_SLAM,MS,1804,Qualification,MONTEIRO Joao (POR),AL-HASAN Ibrahem (KUW),,,4 - 0,,MONTEIRO Joao,2006
Panasonic China Open Guangzhou 2006,2006-09-14,MATSUDAIRA Kenta,AXELQVIST Johan,JPN,SWE,4,3,"11,10,11,5,11,10,11|0,12,9,11,6,12,7",6,GRAND_SLAM,MS,1804,Qualification,MATSUDAIRA Kenta (JPN),AXELQVIST Johan (SWE),,,3 - 4,0:11 12:10 9:11 11:5 6:11 12:10 7:11,MATSUDAIRA Kenta,2006
Panasonic China Open Guangzhou 2006,2006-09-14,ZHANG Wilson,TSUBOGUCHI Michikazu,CAN,JPN,4,2,"7,16,12,8,11,11|11,14,10,11,6,9",,GRAND_SLAM,MS,1804,Qualification,ZHANG Wilson (CAN),TSUBOGUCHI Michikazu (JPN),,,4 - 2,7:11 16:14 12:10 8:11 11:6 11:9,ZHANG Wilson,2006
Panasonic China Open Guangzhou 2006,2006-09-14,OVTCHAROV Dimitrij,SAHA Subhajit,GER,IND,4,2,"11,5,11,9,11,12|6,11,7,11,8,10",QR2,GRAND_SLAM,MS,1804,Qualification,OVTCHAROV Dimitrij (GER),SAHA Subhajit (IND),,,2 - 4,6:11 11:5 7:11 11:9 8:11 10:12,OVTCHAROV Dimitrij,2006
Panasonic China Open Guangzhou 2006,2006-09-14,ZHANG Wilson,OVTCHAROV Dimitrij,CAN,GER,4,3,"2,11,11,11,4,11,11|11,9,7,9,11,13,5",3,GRAND_SLAM,MS,1804,Qualification,ZHANG Wilson (CAN),OVTCHAROV Dimitrij (GER),,,4 - 3,2:11 11:9 11:7 11:9 4:11 11:13 11:5,ZHANG Wilson,2006
Panasonic China Open Guangzhou 2006,2006-09-14,SAHA Subhajit,TSUBOGUCHI Michikazu,IND,JPN,4,1,"14,11,10,11,11|12,8,12,9,5",QR4,GRAND_SLAM,MS,1804,Qualification,SAHA Subhajit (IND),TSUBOGUCHI Michikazu (JPN),,,1 - 4,12:14 8:11 12:10 9:11 5:11,SAHA Subhajit,2006
Panasonic China Open Guangzhou 2006,2006-09-14,ZHANG Wilson,SAHA Subhajit,CAN,IND,4,2,"13,11,6,11,11,11|15,6,11,5,4,5",5,GRAND_SLAM,MS,1804,Qualification,ZHANG Wilson (CAN),SAHA Subhajit (IND),,,4 - 2,13:15 11:6 6:11 11:5 11:4 11:5,ZHANG Wilson,2006
Panasonic China Open Guangzhou 2006,2006-09-14,TSUBOGUCHI Michikazu,OVTCHAROV Dimitrij,JPN,GER,4,2,"12,9,11,11,11,11|10,11,9,4,13,4",6,GRAND_SLAM,MS,1804,Qualification,TSUBOGUCHI Michikazu (JPN),OVTCHAROV Dimitrij (GER),,,2 - 4,10:12 11:9 9:11 4:11 13:11 4:11,TSUBOGUCHI Michikazu,2006
Panasonic China Open Guangzhou 2006,2006-09-14,ACHANTA Sharath,LEBESSON Emmanuel,IND,FRA,4,0,"11,11,11,11|5,4,9,3",,GRAND_SLAM,MS,1804,Qualification,ACHANTA Sharath (IND),LEBESSON Emmanuel (FRA),,,4 - 0,11:5 11:4 11:9 11:3,ACHANTA Sharath,2006
Panasonic China Open Guangzhou 2006,2006-09-14,GERELL Par,KURASHIMA Yosuke,SWE,JPN,4,2,"5,11,9,11,11,11|11,9,11,8,6,6",QR2,GRAND_SLAM,MS,1804,Qualification,GERELL Par (SWE),KURASHIMA Yosuke (JPN),,,2 - 4,11:5 9:11 11:9 8:11 6:11 6:11,GERELL Par,2006
Panasonic China Open Guangzhou 2006,2006-09-14,GERELL Par,ACHANTA Sharath,SWE,IND,4,2,"11,7,11,8,11,13|7,11,9,11,7,11",3,GRAND_SLAM,MS,1804,Qualification,GERELL Par (SWE),ACHANTA Sharath (IND),,,2 - 4,7:11 11:7 9:11 11:8 7:11 11:13,GERELL Par,2006
Panasonic China Open Guangzhou 2006,2006-09-14,LEBESSON Emmanuel,KURASHIMA Yosuke,FRA,JPN,4,3,"11,8,10,11,11,11,12|6,11,12,8,8,13,10",QR4,GRAND_SLAM,MS,1804,Qualification,LEBESSON Emmanuel (FRA),KURASHIMA Yosuke (JPN),,,4 - 3,11:6 8:11 10:12 11:8 11:8 11:13 12:10,LEBESSON Emmanuel,2006
Panasonic China Open Guangzhou 2006,2006-09-14,ACHANTA Sharath,KURASHIMA Yosuke,IND,JPN,4,3,"7,11,8,11,11,9,11|11,8,11,9,6,11,6",5,GRAND_SLAM,MS,1804,Qualification,ACHANTA Sharath (IND),KURASHIMA Yosuke (JPN),,,4 - 3,7:11 11:8 8:11 11:9 11:6 9:11 11:6,ACHANTA Sharath,2006
Panasonic China Open Guangzhou 2006,2006-09-14,GERELL Par,LEBESSON Emmanuel,SWE,FRA,4,1,"10,11,11,11,11|12,7,1,7,7",6,GRAND_SLAM,MS,1804,Qualification,GERELL Par (SWE),LEBESSON Emmanuel (FRA),,,4 - 1,10:12 11:7 11:1 11:7 11:7,GERELL Par,2006
Panasonic China Open Guangzhou 2006,2006-09-14,TSE Ka Chun,REED Daniel,HKG,ENG,3,2,"11,11,8,12,11|2,6,11,14,9",,GRAND_SLAM,U21MS,1804,Qualification,TSE Ka Chun (HKG),REED Daniel (ENG),,,3 - 2,11:2 11:6 8:11 12:14 11:9,TSE Ka Chun,2006
Panasonic China Open Guangzhou 2006,2006-09-14,GAVLAS Antonin,REED Daniel,CZE,ENG,3,1,"11,12,7,11|7,10,11,1",QR2,GRAND_SLAM,U21MS,1804,Qualification,GAVLAS Antonin (CZE),REED Daniel (ENG),,,3 - 1,11:7 12:10 7:11 11:1,GAVLAS Antonin,2006
Panasonic China Open Guangzhou 2006,2006-09-14,TSE Ka Chun,GAVLAS Antonin,HKG,CZE,3,2,"11,8,11,8,11|6,11,6,11,9",3,GRAND_SLAM,U21MS,1804,Qualification,TSE Ka Chun (HKG),GAVLAS Antonin (CZE),,,2 - 3,6:11 11:8 6:11 11:8 9:11,TSE Ka Chun,2006
Panasonic China Open Guangzhou 2006,2006-09-14,CHEN Chien-An,AL-BAHRANI Husain,TPE,KUW,3,0,,,GRAND_SLAM,U21MS,1804,Qualification,CHEN Chien-An (TPE),AL-BAHRANI Husain (KUW),,,3 - 0,,CHEN Chien-An,2006
Panasonic China Open Guangzhou 2006,2006-09-14,DURAN Marc,AL-BAHRANI Husain,ESP,KUW,3,0,,QR2,GRAND_SLAM,U21MS,1804,Qualification,DURAN Marc (ESP),AL-BAHRANI Husain (KUW),,,3 - 0,,DURAN Marc,2006
Panasonic China Open Guangzhou 2006,2006-09-14,DURAN Marc,CHEN Chien-An,ESP,TPE,3,0,"11,11,11|5,4,5",3,GRAND_SLAM,U21MS,1804,Qualification,DURAN Marc (ESP),CHEN Chien-An (TPE),,,3 - 0,11:5 11:4 11:5,DURAN Marc,2006
Panasonic China Open Guangzhou 2006,2006-09-14,SEO Younggyun,KNIGHT Darius,KOR,ENG,3,0,"11,11,11|9,5,7",,GRAND_SLAM,U21MS,1804,Qualification,SEO Younggyun (KOR),KNIGHT Darius (ENG),,,0 - 3,9:11 5:11 7:11,SEO Younggyun,2006
Panasonic China Open Guangzhou 2006,2006-09-14,CHOU Tung-Yu,SEO Younggyun,TPE,KOR,3,1,"2,11,11,13|11,7,9,11",QR2,GRAND_SLAM,U21MS,1804,Qualification,CHOU Tung-Yu (TPE),SEO Younggyun (KOR),,,3 - 1,2:11 11:7 11:9 13:11,CHOU Tung-Yu,2006
Panasonic China Open Guangzhou 2006,2006-09-14,KNIGHT Darius,CHOU Tung-Yu,ENG,TPE,3,0,"11,11,11|8,9,7",3,GRAND_SLAM,U21MS,1804,Qualification,KNIGHT Darius (ENG),CHOU Tung-Yu (TPE),,,0 - 3,8:11 9:11 7:11,KNIGHT Darius,2006
Panasonic China Open Guangzhou 2006,2006-09-14,KIM Song Nam,AL-HASAN Ibrahem,PRK,KUW,3,0,,,GRAND_SLAM,U21MS,1804,Qualification,KIM Song Nam (PRK),AL-HASAN Ibrahem (KUW),,,0 - 3,,KIM Song Nam,2006
Panasonic China Open Guangzhou 2006,2006-09-14,KIM Song Nam,HUANG Sheng-Sheng,PRK,TPE,3,2,"5,11,6,11,11|11,8,11,8,8",QR2,GRAND_SLAM,U21MS,1804,Qualification,KIM Song Nam (PRK),HUANG Sheng-Sheng (TPE),,,2 - 3,11:5 8:11 11:6 8:11 8:11,KIM Song Nam,2006
Panasonic China Open Guangzhou 2006,2006-09-14,HUANG Sheng-Sheng,AL-HASAN Ibrahem,TPE,KUW,3,0,,3,GRAND_SLAM,U21MS,1804,Qualification,HUANG Sheng-Sheng (TPE),AL-HASAN Ibrahem (KUW),,,3 - 0,,HUANG Sheng-Sheng,2006
Panasonic China Open Guangzhou 2006,2006-09-14,LEBESSON Emmanuel,KU Mu-Hsuan,FRA,TPE,3,1,"10,11,11,11|12,3,7,2",,GRAND_SLAM,U21MS,1804,Qualification,LEBESSON Emmanuel (FRA),KU Mu-Hsuan (TPE),,,3 - 1,10:12 11:3 11:7 11:2,LEBESSON Emmanuel,2006
Panasonic China Open Guangzhou 2006,2006-09-14,KU Mu-Hsuan,VOSTES Yannick,TPE,BEL,3,0,,QR2,GRAND_SLAM,U21MS,1804,Qualification,KU Mu-Hsuan (TPE),VOSTES Yannick (BEL),,,0 - 3,,KU Mu-Hsuan,2006
Panasonic China Open Guangzhou 2006,2006-09-14,LEBESSON Emmanuel,VOSTES Yannick,FRA,BEL,3,0,,3,GRAND_SLAM,U21MS,1804,Qualification,LEBESSON Emmanuel (FRA),VOSTES Yannick (BEL),,,0 - 3,,LEBESSON Emmanuel,2006
Panasonic China Open Guangzhou 2006,2006-09-14,TSUBOGUCHI Michikazu,HOU Ming-Tsung,JPN,TPE,3,0,,,GRAND_SLAM,U21MS,1804,Qualification,TSUBOGUCHI Michikazu (JPN),HOU Ming-Tsung (TPE),,,3 - 0,,TSUBOGUCHI Michikazu,2006
Panasonic China Open Guangzhou 2006,2006-09-14,DRINKHALL Paul,HOU Ming-Tsung,ENG,TPE,3,0,,QR2,GRAND_SLAM,U21MS,1804,Qualification,DRINKHALL Paul (ENG),HOU Ming-Tsung (TPE),,,3 - 0,,DRINKHALL Paul,2006
Panasonic China Open Guangzhou 2006,2006-09-14,TSUBOGUCHI Michikazu,DRINKHALL Paul,JPN,ENG,3,1,"13,11,11,11|15,6,1,7",3,GRAND_SLAM,U21MS,1804,Qualification,TSUBOGUCHI Michikazu (JPN),DRINKHALL Paul (ENG),,,1 - 3,15:13 6:11 1:11 7:11,TSUBOGUCHI Michikazu,2006
Panasonic China Open Guangzhou 2006,2006-09-14,MATSUDAIRA Kenta,CHEN Chao-Shun (1977),JPN,TPE,3,0,"11,11,11|9,3,3",,GRAND_SLAM,U21MS,1804,Qualification,MATSUDAIRA Kenta (JPN),CHEN Chao-Shun (1977) (TPE),,,3 - 0,11:9 11:3 11:3,MATSUDAIRA Kenta,2006
Panasonic China Open Guangzhou 2006,2006-09-14,SKACHKOV Kirill,CHEN Chao-Shun (1977),RUS,TPE,3,1,"11,11,8,11|4,7,11,5",QR2,GRAND_SLAM,U21MS,1804,Qualification,SKACHKOV Kirill (RUS),CHEN Chao-Shun (1977) (TPE),,,3 - 1,11:4 11:7 8:11 11:5,SKACHKOV Kirill,2006
Panasonic China Open Guangzhou 2006,2006-09-14,MATSUDAIRA Kenta,SKACHKOV Kirill,JPN,RUS,3,1,"11,11,4,11|7,8,11,9",3,GRAND_SLAM,U21MS,1804,Qualification,MATSUDAIRA Kenta (JPN),SKACHKOV Kirill (RUS),,,1 - 3,7:11 8:11 11:4 9:11,MATSUDAIRA Kenta,2006
Panasonic China Open Guangzhou 2006,2006-09-14,JIANG Tianyi,KU Mu-Hsuan,HKG,TPE,4,0,,R16,GRAND_SLAM,U21MS,1804,Main Draw,JIANG Tianyi (HKG),KU Mu-Hsuan (TPE),,,4 - 0,,JIANG Tianyi,2006
Panasonic China Open Guangzhou 2006,2006-09-14,BOBILLIER Loic,TSE Ka Chun,FRA,HKG,4,1,"11,5,11,11,11|7,11,8,9,2",R16,GRAND_SLAM,U21MS,1804,Main Draw,BOBILLIER Loic (FRA),TSE Ka Chun (HKG),,,1 - 4,7:11 11:5 8:11 9:11 2:11,BOBILLIER Loic,2006
Panasonic China Open Guangzhou 2006,2006-09-14,JAKAB Janos,LEBESSON Emmanuel,HUN,FRA,4,1,"12,11,9,11,11|10,7,11,7,7",R16,GRAND_SLAM,U21MS,1804,Main Draw,JAKAB Janos (HUN),LEBESSON Emmanuel (FRA),,,4 - 1,12:10 11:7 9:11 11:7 11:7,JAKAB Janos,2006
Panasonic China Open Guangzhou 2006,2006-09-14,DURAN Marc,WU Chih-Chi,ESP,TPE,4,0,,R16,GRAND_SLAM,U21MS,1804,Main Draw,DURAN Marc (ESP),WU Chih-Chi (TPE),,,4 - 0,,DURAN Marc,2006
Panasonic China Open Guangzhou 2006,2006-09-14,AXELQVIST Johan,KIM Song Nam,SWE,PRK,4,1,"11,11,19,12,11|5,8,17,14,8",R16,GRAND_SLAM,U21MS,1804,Main Draw,AXELQVIST Johan (SWE),KIM Song Nam (PRK),,,4 - 1,11:5 11:8 19:17 12:14 11:8,AXELQVIST Johan,2006
Panasonic China Open Guangzhou 2006,2006-09-14,TSUBOGUCHI Michikazu,CHIANG Hung-Chieh,JPN,TPE,4,3,"11,9,11,9,11,20,12|8,11,6,11,6,22,10",R16,GRAND_SLAM,U21MS,1804,Main Draw,TSUBOGUCHI Michikazu (JPN),CHIANG Hung-Chieh (TPE),,,4 - 3,11:8 9:11 11:6 9:11 11:6 20:22 12:10,TSUBOGUCHI Michikazu,2006
Panasonic China Open Guangzhou 2006,2006-09-14,BAUM Patrick,SEO Younggyun,GER,KOR,4,2,"11,11,9,11,16,11|6,6,11,4,18,5",R16,GRAND_SLAM,U21MS,1804,Main Draw,BAUM Patrick (GER),SEO Younggyun (KOR),,,4 - 2,11:6 11:6 9:11 11:4 16:18 11:5,BAUM Patrick,2006
Panasonic China Open Guangzhou 2006,2006-09-14,OVTCHAROV Dimitrij,MATSUDAIRA Kenta,GER,JPN,4,1,"11,11,11,9,16|5,8,9,11,14",R16,GRAND_SLAM,U21MS,1804,Main Draw,OVTCHAROV Dimitrij (GER),MATSUDAIRA Kenta (JPN),,,1 - 4,5:11 8:11 9:11 11:9 14:16,OVTCHAROV Dimitrij,2006
Panasonic China Open Guangzhou 2006,2006-09-14,JIANG Tianyi,BOBILLIER Loic,HKG,FRA,4,3,"11,11,11,8,11,6,11|6,8,3,11,13,11,8",QuarterFinal,GRAND_SLAM,U21MS,1804,Main Draw,JIANG Tianyi (HKG),BOBILLIER Loic (FRA),,,4 - 3,11:6 11:8 11:3 8:11 11:13 6:11 11:8,JIANG Tianyi,2006
Panasonic China Open Guangzhou 2006,2006-09-14,JAKAB Janos,DURAN Marc,HUN,ESP,4,0,"11,16,11,11|6,14,5,3",QuarterFinal,GRAND_SLAM,U21MS,1804,Main Draw,JAKAB Janos (HUN),DURAN Marc (ESP),,,4 - 0,11:6 16:14 11:5 11:3,JAKAB Janos,2006
Panasonic China Open Guangzhou 2006,2006-09-14,TSUBOGUCHI Michikazu,AXELQVIST Johan,JPN,SWE,4,1,"6,12,14,11,11|11,10,12,9,6",QuarterFinal,GRAND_SLAM,U21MS,1804,Main Draw,TSUBOGUCHI Michikazu (JPN),AXELQVIST Johan (SWE),,,1 - 4,11:6 10:12 12:14 9:11 6:11,TSUBOGUCHI Michikazu,2006
Panasonic China Open Guangzhou 2006,2006-09-14,OVTCHAROV Dimitrij,BAUM Patrick,GER,GER,4,2,"9,11,6,11,11,11|11,2,11,9,7,5",QuarterFinal,GRAND_SLAM,U21MS,1804,Main Draw,OVTCHAROV Dimitrij (GER),BAUM Patrick (GER),,,2 - 4,11:9 2:11 11:6 9:11 7:11 5:11,OVTCHAROV Dimitrij,2006
Panasonic China Open Guangzhou 2006,2006-09-14,JIANG Tianyi,JAKAB Janos,HKG,HUN,4,1,"7,11,11,11,11|11,6,8,6,8",SemiFinal,GRAND_SLAM,U21MS,1804,Main Draw,JIANG Tianyi (HKG),JAKAB Janos (HUN),,,4 - 1,7:11 11:6 11:8 11:6 11:8,JIANG Tianyi,2006
Panasonic China Open Guangzhou 2006,2006-09-14,OVTCHAROV Dimitrij,TSUBOGUCHI Michikazu,GER,JPN,4,0,"11,11,11,11|8,7,8,7",SemiFinal,GRAND_SLAM,U21MS,1804,Main Draw,OVTCHAROV Dimitrij (GER),TSUBOGUCHI Michikazu (JPN),,,0 - 4,8:11 7:11 8:11 7:11,OVTCHAROV Dimitrij,2006
Panasonic China Open Guangzhou 2006,2006-09-14,JIANG Tianyi,OVTCHAROV Dimitrij,HKG,GER,4,0,"11,11,11,11|8,4,9,7",Final,GRAND_SLAM,U21MS,1804,Main Draw,JIANG Tianyi (HKG),OVTCHAROV Dimitrij (GER),,,4 - 0,11:8 11:4 11:9 11:7,JIANG Tianyi,2006
Panasonic China Open Guangzhou 2006,2006-09-14,ZHANG Yining,RAMIREZ Sara,CHN,ESP,4,0,"11,11,11,11|6,5,6,5",R32,GRAND_SLAM,WS,1804,Main Draw,ZHANG Yining (CHN),RAMIREZ Sara (ESP),,,4 - 0,11:6 11:5 11:6 11:5,ZHANG Yining,2006
Panasonic China Open Guangzhou 2006,2006-09-14,LIU Jia,SUN Beibei,AUT,SGP,4,1,"10,11,12,13,11|12,6,10,11,7",R32,GRAND_SLAM,WS,1804,Main Draw,LIU Jia (AUT),SUN Beibei (SGP),,,1 - 4,12:10 6:11 10:12 11:13 7:11,LIU Jia,2006
Panasonic China Open Guangzhou 2006,2006-09-14,LAU Sui Fei,KONISHI An,HKG,JPN,4,0,"11,11,13,11|7,7,11,5",R32,GRAND_SLAM,WS,1804,Main Draw,LAU Sui Fei (HKG),KONISHI An (JPN),,,4 - 0,11:7 11:7 13:11 11:5,LAU Sui Fei,2006
Panasonic China Open Guangzhou 2006,2006-09-14,LI Xiaoxia,MOON Hyunjung,CHN,KOR,4,2,"11,11,7,11,11,11|13,5,11,6,1,2",R32,GRAND_SLAM,WS,1804,Main Draw,LI Xiaoxia (CHN),MOON Hyunjung (KOR),,,2 - 4,13:11 5:11 11:7 6:11 1:11 2:11,LI Xiaoxia,2006
Panasonic China Open Guangzhou 2006,2006-09-14,LIN Ling,WU Jiaduo,HKG,GER,4,2,"11,11,6,11,10,14|8,9,11,3,12,12",R32,GRAND_SLAM,WS,1804,Main Draw,LIN Ling (HKG),WU Jiaduo (GER),,,4 - 2,11:8 11:9 6:11 11:3 10:12 14:12,LIN Ling,2006
Panasonic China Open Guangzhou 2006,2006-09-14,PARK Miyoung,POTA Georgina,KOR,HUN,4,2,"9,11,11,11,5,11|11,2,9,4,11,9",R32,GRAND_SLAM,WS,1804,Main Draw,PARK Miyoung (KOR),POTA Georgina (HUN),,,2 - 4,11:9 2:11 9:11 4:11 11:5 9:11,PARK Miyoung,2006
Panasonic China Open Guangzhou 2006,2006-09-14,ZHANG Rui,GAO Jun,HKG,USA,4,2,"12,11,11,12,11,11|14,8,6,10,13,8",R32,GRAND_SLAM,WS,1804,Main Draw,ZHANG Rui (HKG),GAO Jun (USA),,,2 - 4,14:12 8:11 6:11 10:12 13:11 8:11,ZHANG Rui,2006
Panasonic China Open Guangzhou 2006,2006-09-14,TIE Yana,FADEEVA Oxana,HKG,RUS,4,0,"11,11,11,11|5,7,8,4",R32,GRAND_SLAM,WS,1804,Main Draw,TIE Yana (HKG),FADEEVA Oxana (RUS),,,0 - 4,5:11 7:11 8:11 4:11,TIE Yana,2006
Panasonic China Open Guangzhou 2006,2006-09-14,WANG Nan,LI Qiangbing,CHN,AUT,4,0,"11,13,13,11|3,11,11,2",R32,GRAND_SLAM,WS,1804,Main Draw,WANG Nan (CHN),LI Qiangbing (AUT),,,4 - 0,11:3 13:11 13:11 11:2,WANG Nan,2006
Panasonic China Open Guangzhou 2006,2006-09-14,SHEN Yanfei,LEE Eunhee,ESP,KOR,4,0,"11,11,11,11|9,6,9,4",R32,GRAND_SLAM,WS,1804,Main Draw,SHEN Yanfei (ESP),LEE Eunhee (KOR),,,0 - 4,9:11 6:11 9:11 4:11,SHEN Yanfei,2006
Panasonic China Open Guangzhou 2006,2006-09-14,WANG Yuegu,KIM Kyungha,SGP,KOR,4,0,"11,11,11,11|2,3,8,8",R32,GRAND_SLAM,WS,1804,Main Draw,WANG Yuegu (SGP),KIM Kyungha (KOR),,,4 - 0,11:2 11:3 11:8 11:8,WANG Yuegu,2006
Panasonic China Open Guangzhou 2006,2006-09-14,LI Jiawei,LIU Shiwen,SGP,CHN,4,0,"11,11,11,11|9,8,3,9",R32,GRAND_SLAM,WS,1804,Main Draw,LI Jiawei (SGP),LIU Shiwen (CHN),,,0 - 4,9:11 8:11 3:11 9:11,LI Jiawei,2006
Panasonic China Open Guangzhou 2006,2006-09-14,KIM Kyungah,PENG Luyang,KOR,CHN,4,2,"17,13,12,5,3,11|15,11,10,11,11,6",R32,GRAND_SLAM,WS,1804,Main Draw,KIM Kyungah (KOR),PENG Luyang (CHN),,,4 - 2,17:15 13:11 12:10 5:11 3:11 11:6,KIM Kyungah,2006
Panasonic China Open Guangzhou 2006,2006-09-14,JIANG Huajun,KIM Mi Yong,HKG,PRK,4,0,"12,13,11,11|10,11,8,8",R32,GRAND_SLAM,WS,1804,Main Draw,JIANG Huajun (HKG),KIM Mi Yong (PRK),,,0 - 4,10:12 11:13 8:11 8:11,JIANG Huajun,2006
Panasonic China Open Guangzhou 2006,2006-09-14,SCHALL Elke,PAVLOVICH Viktoria,GER,BLR,4,3,"6,12,8,11,11,7,11|11,10,11,7,8,11,9",R32,GRAND_SLAM,WS,1804,Main Draw,SCHALL Elke (GER),PAVLOVICH Viktoria (BLR),,,3 - 4,11:6 10:12 11:8 7:11 8:11 11:7 9:11,SCHALL Elke,2006
Panasonic China Open Guangzhou 2006,2006-09-14,GUO Yan (1982),HUANG Yi-Hua,CHN,TPE,4,2,"11,11,8,6,11,11|4,7,11,11,6,7",R32,GRAND_SLAM,WS,1804,Main Draw,GUO Yan (1982) (CHN),HUANG Yi-Hua (TPE),,,2 - 4,4:11 7:11 11:8 11:6 6:11 7:11,GUO Yan (1982),2006
Panasonic China Open Guangzhou 2006,2006-09-14,ZHANG Yining,LIU Jia,CHN,AUT,4,0,"11,11,11,13|7,6,5,11",R16,GRAND_SLAM,WS,1804,Main Draw,ZHANG Yining (CHN),LIU Jia (AUT),,,4 - 0,11:7 11:6 11:5 13:11,ZHANG Yining,2006
Panasonic China Open Guangzhou 2006,2006-09-14,LI Xiaoxia,LAU Sui Fei,CHN,HKG,4,3,"11,9,2,11,7,11,11|9,11,11,9,11,6,2",R16,GRAND_SLAM,WS,1804,Main Draw,LI Xiaoxia (CHN),LAU Sui Fei (HKG),,,3 - 4,9:11 11:9 11:2 9:11 11:7 6:11 2:11,LI Xiaoxia,2006
Panasonic China Open Guangzhou 2006,2006-09-14,PARK Miyoung,LIN Ling,KOR,HKG,4,3,"11,11,8,11,11,9,13|13,7,11,3,8,11,11",R16,GRAND_SLAM,WS,1804,Main Draw,PARK Miyoung (KOR),LIN Ling (HKG),,,3 - 4,13:11 7:11 11:8 3:11 8:11 11:9 11:13,PARK Miyoung,2006
Panasonic China Open Guangzhou 2006,2006-09-14,TIE Yana,ZHANG Rui,HKG,HKG,4,2,"11,11,5,11,6,11|5,6,11,8,11,2",R16,GRAND_SLAM,WS,1804,Main Draw,TIE Yana (HKG),ZHANG Rui (HKG),,,2 - 4,5:11 6:11 11:5 8:11 11:6 2:11,TIE Yana,2006
Panasonic China Open Guangzhou 2006,2006-09-14,WANG Nan,SHEN Yanfei,CHN,ESP,4,0,"11,11,11,11|1,4,7,6",R16,GRAND_SLAM,WS,1804,Main Draw,WANG Nan (CHN),SHEN Yanfei (ESP),,,4 - 0,11:1 11:4 11:7 11:6,WANG Nan,2006
Panasonic China Open Guangzhou 2006,2006-09-14,LI Jiawei,WANG Yuegu,SGP,SGP,4,2,"8,5,11,11,11,12|11,11,6,9,9,10",R16,GRAND_SLAM,WS,1804,Main Draw,LI Jiawei (SGP),WANG Yuegu (SGP),,,2 - 4,11:8 11:5 6:11 9:11 9:11 10:12,LI Jiawei,2006
Panasonic China Open Guangzhou 2006,2006-09-14,JIANG Huajun,KIM Kyungah,HKG,KOR,4,2,"11,5,9,12,11,11|9,11,11,10,2,8",R16,GRAND_SLAM,WS,1804,Main Draw,JIANG Huajun (HKG),KIM Kyungah (KOR),,,2 - 4,9:11 11:5 11:9 10:12 2:11 8:11,JIANG Huajun,2006
Panasonic China Open Guangzhou 2006,2006-09-14,GUO Yan (1982),SCHALL Elke,CHN,GER,4,0,"13,11,11,11|11,4,4,4",R16,GRAND_SLAM,WS,1804,Main Draw,GUO Yan (1982) (CHN),SCHALL Elke (GER),,,0 - 4,11:13 4:11 4:11 4:11,GUO Yan (1982),2006
Panasonic China Open Guangzhou 2006,2006-09-14,ZHANG Yining,LI Xiaoxia,CHN,CHN,4,3,"12,12,11,3,5,11,12|14,10,4,11,11,8,10",QuarterFinal,GRAND_SLAM,WS,1804,Main Draw,ZHANG Yining (CHN),LI Xiaoxia (CHN),,,4 - 3,12:14 12:10 11:4 3:11 5:11 11:8 12:10,ZHANG Yining,2006
Panasonic China Open Guangzhou 2006,2006-09-14,TIE Yana,PARK Miyoung,HKG,KOR,4,1,"11,19,8,11,11|3,17,11,6,4",QuarterFinal,GRAND_SLAM,WS,1804,Main Draw,TIE Yana (HKG),PARK Miyoung (KOR),,,1 - 4,3:11 17:19 11:8 6:11 4:11,TIE Yana,2006
Panasonic China Open Guangzhou 2006,2006-09-14,WANG Nan,LI Jiawei,CHN,SGP,4,0,"11,11,11,11|7,4,6,9",QuarterFinal,GRAND_SLAM,WS,1804,Main Draw,WANG Nan (CHN),LI Jiawei (SGP),,,4 - 0,11:7 11:4 11:6 11:9,WANG Nan,2006
Panasonic China Open Guangzhou 2006,2006-09-14,GUO Yan (1982),JIANG Huajun,CHN,HKG,4,1,"9,11,11,11,11|11,9,4,7,9",QuarterFinal,GRAND_SLAM,WS,1804,Main Draw,GUO Yan (1982) (CHN),JIANG Huajun (HKG),,,1 - 4,11:9 9:11 4:11 7:11 9:11,GUO Yan (1982),2006
Panasonic China Open Guangzhou 2006,2006-09-14,ZHANG Yining,TIE Yana,CHN,HKG,4,0,"11,11,12,11|9,9,10,7",SemiFinal,GRAND_SLAM,WS,1804,Main Draw,ZHANG Yining (CHN),TIE Yana (HKG),,,4 - 0,11:9 11:9 12:10 11:7,ZHANG Yining,2006
Panasonic China Open Guangzhou 2006,2006-09-14,WANG Nan,GUO Yan (1982),CHN,CHN,4,2,"10,11,11,11,9,11|12,6,8,3,11,8",SemiFinal,GRAND_SLAM,WS,1804,Main Draw,WANG Nan (CHN),GUO Yan (1982) (CHN),,,4 - 2,10:12 11:6 11:8 11:3 9:11 11:8,WANG Nan,2006
Panasonic China Open Guangzhou 2006,2006-09-14,ZHANG Yining,WANG Nan,CHN,CHN,4,3,"9,7,16,13,12,8,11|11,11,14,11,10,11,7",Final,GRAND_SLAM,WS,1804,Main Draw,ZHANG Yining (CHN),WANG Nan (CHN),,,4 - 3,9:11 7:11 16:14 13:11 12:10 8:11 11:7,ZHANG Yining,2006
Panasonic China Open Guangzhou 2006,2006-09-14,IVANCAN Irene,HEINE Veronika,GER,AUT,4,2,"11,8,10,17,11,11|6,11,12,15,5,5",,GRAND_SLAM,WS,1804,Qualification,IVANCAN Irene (GER),HEINE Veronika (AUT),,,2 - 4,6:11 11:8 12:10 15:17 5:11 5:11,IVANCAN Irene,2006
Panasonic China Open Guangzhou 2006,2006-09-14,MOON Hyunjung,IVANCAN Irene,KOR,GER,4,2,"14,8,13,11,5,11|12,11,11,2,11,7",QR2,GRAND_SLAM,WS,1804,Qualification,MOON Hyunjung (KOR),IVANCAN Irene (GER),,,4 - 2,14:12 8:11 13:11 11:2 5:11 11:7,MOON Hyunjung,2006
Panasonic China Open Guangzhou 2006,2006-09-14,MOON Hyunjung,HEINE Veronika,KOR,AUT,4,0,"11,11,11,11|8,7,7,6",3,GRAND_SLAM,WS,1804,Qualification,MOON Hyunjung (KOR),HEINE Veronika (AUT),,,4 - 0,11:8 11:7 11:7 11:6,MOON Hyunjung,2006
Panasonic China Open Guangzhou 2006,2006-09-14,BARTHEL Zhenqi,DVORAK Galia,GER,ESP,4,1,"11,11,5,11,11|9,6,11,5,6",,GRAND_SLAM,WS,1804,Qualification,BARTHEL Zhenqi (GER),DVORAK Galia (ESP),,,4 - 1,11:9 11:6 5:11 11:5 11:6,BARTHEL Zhenqi,2006
Panasonic China Open Guangzhou 2006,2006-09-14,ZHANG Rui,DVORAK Galia,HKG,ESP,4,1,"11,6,14,11,11|7,11,12,8,6",QR2,GRAND_SLAM,WS,1804,Qualification,ZHANG Rui (HKG),DVORAK Galia (ESP),,,4 - 1,11:7 6:11 14:12 11:8 11:6,ZHANG Rui,2006
Panasonic China Open Guangzhou 2006,2006-09-14,ZHANG Rui,BARTHEL Zhenqi,HKG,GER,4,0,"11,11,11,11|4,4,1,7",3,GRAND_SLAM,WS,1804,Qualification,ZHANG Rui (HKG),BARTHEL Zhenqi (GER),,,4 - 0,11:4 11:4 11:1 11:7,ZHANG Rui,2006
Panasonic China Open Guangzhou 2006,2006-09-14,LU Yun-Feng,LEE Hyangmi,TPE,KOR,4,1,"11,9,11,11,11|8,11,6,6,7",,GRAND_SLAM,WS,1804,Qualification,LU Yun-Feng (TPE),LEE Hyangmi (KOR),,,4 - 1,11:8 9:11 11:6 11:6 11:7,LU Yun-Feng,2006
Panasonic China Open Guangzhou 2006,2006-09-14,WU Jiaduo,LEE Hyangmi,GER,KOR,4,0,"11,11,11,11|4,9,9,4",QR2,GRAND_SLAM,WS,1804,Qualification,WU Jiaduo (GER),LEE Hyangmi (KOR),,,4 - 0,11:4 11:9 11:9 11:4,WU Jiaduo,2006
Panasonic China Open Guangzhou 2006,2006-09-14,WU Jiaduo,LU Yun-Feng,GER,TPE,4,3,"5,11,11,9,15,9,11|11,2,9,11,13,11,9",3,GRAND_SLAM,WS,1804,Qualification,WU Jiaduo (GER),LU Yun-Feng (TPE),,,4 - 3,5:11 11:2 11:9 9:11 15:13 9:11 11:9,WU Jiaduo,2006
Panasonic China Open Guangzhou 2006,2006-09-14,RAMIREZ Sara,LEE I-Chen,ESP,TPE,4,2,"11,12,6,11,7,11|5,10,11,5,11,9",,GRAND_SLAM,WS,1804,Qualification,RAMIREZ Sara (ESP),LEE I-Chen (TPE),,,4 - 2,11:5 12:10 6:11 11:5 7:11 11:9,RAMIREZ Sara,2006
Panasonic China Open Guangzhou 2006,2006-09-14,SUN Beibei,LEE I-Chen,SGP,TPE,4,0,"11,11,11,11|3,1,8,9",QR2,GRAND_SLAM,WS,1804,Qualification,SUN Beibei (SGP),LEE I-Chen (TPE),,,4 - 0,11:3 11:1 11:8 11:9,SUN Beibei,2006
Panasonic China Open Guangzhou 2006,2006-09-14,SUN Beibei,RAMIREZ Sara,SGP,ESP,4,1,"11,11,3,11,11|5,6,11,6,5",3,GRAND_SLAM,WS,1804,Qualification,SUN Beibei (SGP),RAMIREZ Sara (ESP),,,4 - 1,11:5 11:6 3:11 11:6 11:5,SUN Beibei,2006
Panasonic China Open Guangzhou 2006,2006-09-14,JANG Hyon Ae,KREKINA Svetlana,PRK,RUS,4,0,"11,11,11,11|6,6,6,7",,GRAND_SLAM,WS,1804,Qualification,JANG Hyon Ae (PRK),KREKINA Svetlana (RUS),,,4 - 0,11:6 11:6 11:6 11:7,JANG Hyon Ae,2006
Panasonic China Open Guangzhou 2006,2006-09-14,SCHALL Elke,KREKINA Svetlana,GER,RUS,4,1,"11,8,11,11,11|8,11,6,8,5",QR2,GRAND_SLAM,WS,1804,Qualification,SCHALL Elke (GER),KREKINA Svetlana (RUS),,,4 - 1,11:8 8:11 11:6 11:8 11:5,SCHALL Elke,2006
Panasonic China Open Guangzhou 2006,2006-09-14,SCHALL Elke,JANG Hyon Ae,GER,PRK,4,2,"9,8,11,11,11,11|11,11,8,8,9,8",3,GRAND_SLAM,WS,1804,Qualification,SCHALL Elke (GER),JANG Hyon Ae (PRK),,,4 - 2,9:11 8:11 11:8 11:8 11:9 11:8,SCHALL Elke,2006
Panasonic China Open Guangzhou 2006,2006-09-14,KIM Kyungha,PAN Chun-Chu,KOR,TPE,4,0,"11,11,11,11|6,9,9,9",,GRAND_SLAM,WS,1804,Qualification,KIM Kyungha (KOR),PAN Chun-Chu (TPE),,,4 - 0,11:6 11:9 11:9 11:9,KIM Kyungha,2006
Panasonic China Open Guangzhou 2006,2006-09-14,GANINA Svetlana,PAN Chun-Chu,RUS,TPE,4,2,"11,6,11,11,10,11|6,11,6,3,12,6",QR2,GRAND_SLAM,WS,1804,Qualification,GANINA Svetlana (RUS),PAN Chun-Chu (TPE),,,4 - 2,11:6 6:11 11:6 11:3 10:12 11:6,GANINA Svetlana,2006
Panasonic China Open Guangzhou 2006,2006-09-14,KIM Kyungha,GANINA Svetlana,KOR,RUS,4,3,"8,12,12,6,5,11,11|11,10,10,11,11,4,4",3,GRAND_SLAM,WS,1804,Qualification,KIM Kyungha (KOR),GANINA Svetlana (RUS),,,3 - 4,11:8 10:12 10:12 11:6 11:5 4:11 4:11,KIM Kyungha,2006
Panasonic China Open Guangzhou 2006,2006-09-14,KRAMER Tanja,PROKHOROVA Yulia,GER,RUS,4,3,"11,9,11,6,8,11,11|9,11,6,11,11,6,8",,GRAND_SLAM,WS,1804,Qualification,KRAMER Tanja (GER),PROKHOROVA Yulia (RUS),,,4 - 3,11:9 9:11 11:6 6:11 8:11 11:6 11:8,KRAMER Tanja,2006
Panasonic China Open Guangzhou 2006,2006-09-14,LEE Eunhee,PROKHOROVA Yulia,KOR,RUS,4,3,"10,9,11,12,10,11,13|12,11,0,10,12,5,11",QR2,GRAND_SLAM,WS,1804,Qualification,LEE Eunhee (KOR),PROKHOROVA Yulia (RUS),,,4 - 3,10:12 9:11 11:0 12:10 10:12 11:5 13:11,LEE Eunhee,2006
Panasonic China Open Guangzhou 2006,2006-09-14,LEE Eunhee,KRAMER Tanja,KOR,GER,4,3,"12,4,6,11,11,9,11|10,11,11,7,1,11,8",3,GRAND_SLAM,WS,1804,Qualification,LEE Eunhee (KOR),KRAMER Tanja (GER),,,4 - 3,12:10 4:11 6:11 11:7 11:1 9:11 11:8,LEE Eunhee,2006
Panasonic China Open Guangzhou 2006,2006-09-14,CHENG I-Ching,KIM Jong,TPE,PRK,4,1,"9,11,12,11,12|11,6,10,8,10",,GRAND_SLAM,WS,1804,Qualification,CHENG I-Ching (TPE),KIM Jong (PRK),,,1 - 4,11:9 6:11 10:12 8:11 10:12,CHENG I-Ching,2006
Panasonic China Open Guangzhou 2006,2006-09-14,PENG Luyang,CHENG I-Ching,CHN,TPE,4,0,"16,11,11,11|14,6,8,4",QR2,GRAND_SLAM,WS,1804,Qualification,PENG Luyang (CHN),CHENG I-Ching (TPE),,,4 - 0,16:14 11:6 11:8 11:4,PENG Luyang,2006
Panasonic China Open Guangzhou 2006,2006-09-14,PENG Luyang,KIM Jong,CHN,PRK,4,0,"11,11,11,11|2,9,9,2",3,GRAND_SLAM,WS,1804,Qualification,PENG Luyang (CHN),KIM Jong (PRK),,,4 - 0,11:2 11:9 11:9 11:2,PENG Luyang,2006
Panasonic China Open Guangzhou 2006,2006-09-14,RYOM Won Ok,YU Kwok See,PRK,HKG,4,1,"11,11,9,11,11|9,7,11,6,5",,GRAND_SLAM,WS,1804,Qualification,RYOM Won Ok (PRK),YU Kwok See (HKG),,,4 - 1,11:9 11:7 9:11 11:6 11:5,RYOM Won Ok,2006
Panasonic China Open Guangzhou 2006,2006-09-14,LIU Shiwen,YU Kwok See,CHN,HKG,4,0,"11,11,11,11|8,6,4,3",QR2,GRAND_SLAM,WS,1804,Qualification,LIU Shiwen (CHN),YU Kwok See (HKG),,,4 - 0,11:8 11:6 11:4 11:3,LIU Shiwen,2006
Panasonic China Open Guangzhou 2006,2006-09-14,LIU Shiwen,RYOM Won Ok,CHN,PRK,4,2,"11,8,11,11,12,11|2,11,8,6,14,6",3,GRAND_SLAM,WS,1804,Qualification,LIU Shiwen (CHN),RYOM Won Ok (PRK),,,4 - 2,11:2 8:11 11:8 11:6 12:14 11:6,LIU Shiwen,2006
Panasonic China Open Guangzhou 2006,2006-09-14,KO Un Gyong,HUANG Kang Kang,PRK,SGP,4,0,"11,11,11,12|4,2,6,10",,GRAND_SLAM,WS,1804,Qualification,KO Un Gyong (PRK),HUANG Kang Kang (SGP),,,4 - 0,11:4 11:2 11:6 12:10,KO Un Gyong,2006
Panasonic China Open Guangzhou 2006,2006-09-14,HUANG Kang Kang,KONISHI An,SGP,JPN,4,3,"11,9,11,6,2,11,11|9,11,5,11,11,7,8",QR2,GRAND_SLAM,WS,1804,Qualification,HUANG Kang Kang (SGP),KONISHI An (JPN),,,3 - 4,9:11 11:9 5:11 11:6 11:2 7:11 8:11,HUANG Kang Kang,2006
Panasonic China Open Guangzhou 2006,2006-09-14,KONISHI An,KO Un Gyong,JPN,PRK,4,0,"11,11,11,11|8,6,7,8",3,GRAND_SLAM,WS,1804,Qualification,KONISHI An (JPN),KO Un Gyong (PRK),,,4 - 0,11:8 11:6 11:7 11:8,KONISHI An,2006
Panasonic China Open Guangzhou 2006,2006-09-14,HUANG Yi-Hua,HYON Ryon Hui,TPE,PRK,4,0,"12,11,11,11|10,4,6,9",,GRAND_SLAM,WS,1804,Qualification,HUANG Yi-Hua (TPE),HYON Ryon Hui (PRK),,,4 - 0,12:10 11:4 11:6 11:9,HUANG Yi-Hua,2006
Panasonic China Open Guangzhou 2006,2006-09-14,LI Qiangbing,HYON Ryon Hui,AUT,PRK,4,0,"15,11,11,11|13,6,8,8",QR2,GRAND_SLAM,WS,1804,Qualification,LI Qiangbing (AUT),HYON Ryon Hui (PRK),,,4 - 0,15:13 11:6 11:8 11:8,LI Qiangbing,2006
Panasonic China Open Guangzhou 2006,2006-09-14,LI Qiangbing,HUANG Yi-Hua,AUT,TPE,4,1,"11,9,11,11,11|7,11,7,5,8",3,GRAND_SLAM,WS,1804,Qualification,LI Qiangbing (AUT),HUANG Yi-Hua (TPE),,,4 - 1,11:7 9:11 11:7 11:5 11:8,LI Qiangbing,2006
Panasonic China Open Guangzhou 2006,2006-09-14,FADEEVA Oxana,HSU Hui-Tsun,RUS,TPE,4,0,"11,11,11|9,3,5",,GRAND_SLAM,WS,1804,Qualification,FADEEVA Oxana (RUS),HSU Hui-Tsun (TPE),,,4 - 0,11:9 11:3 11:5 7 11,FADEEVA Oxana,2006
Panasonic China Open Guangzhou 2006,2006-09-14,KIM Bokrae,HSU Hui-Tsun,KOR,TPE,4,1,"5,11,11,11,11|11,5,4,1,9",QR2,GRAND_SLAM,WS,1804,Qualification,KIM Bokrae (KOR),HSU Hui-Tsun (TPE),,,4 - 1,5:11 11:5 11:4 11:1 11:9,KIM Bokrae,2006
Panasonic China Open Guangzhou 2006,2006-09-14,FADEEVA Oxana,KIM Bokrae,RUS,KOR,4,2,"11,10,11,11,9,12|3,12,8,7,11,10",3,GRAND_SLAM,WS,1804,Qualification,FADEEVA Oxana (RUS),KIM Bokrae (KOR),,,2 - 4,3:11 12:10 8:11 7:11 11:9 10:12,FADEEVA Oxana,2006
Panasonic China Open Guangzhou 2006,2006-09-14,PAVLOVICH Veronika,SOLICHERO Carmen,BLR,ESP,4,1,"11,7,11,11,11|6,11,5,7,5",,GRAND_SLAM,WS,1804,Qualification,PAVLOVICH Veronika (BLR),SOLICHERO Carmen (ESP),,,4 - 1,11:6 7:11 11:5 11:7 11:5,PAVLOVICH Veronika,2006
Panasonic China Open Guangzhou 2006,2006-09-14,KIM Mi Yong,SOLICHERO Carmen,PRK,ESP,4,0,"11,11,11,11|6,8,7,6",QR2,GRAND_SLAM,WS,1804,Qualification,KIM Mi Yong (PRK),SOLICHERO Carmen (ESP),,,4 - 0,11:6 11:8 11:7 11:6,KIM Mi Yong,2006
Panasonic China Open Guangzhou 2006,2006-09-14,KIM Mi Yong,PAVLOVICH Veronika,PRK,BLR,4,2,"11,9,11,9,12,11|8,11,4,11,10,8",3,GRAND_SLAM,WS,1804,Qualification,KIM Mi Yong (PRK),PAVLOVICH Veronika (BLR),,,4 - 2,11:8 9:11 11:4 9:11 12:10 11:8,KIM Mi Yong,2006
Panasonic China Open Guangzhou 2006,2006-09-14,LANG Kristin,SIN Hye Song,GER,PRK,4,0,"12,11,11,11|10,5,7,4",,GRAND_SLAM,WS,1804,Qualification,LANG Kristin (GER),SIN Hye Song (PRK),,,4 - 0,12:10 11:5 11:7 11:4,LANG Kristin,2006
Panasonic China Open Guangzhou 2006,2006-09-14,POTA Georgina,SIN Hye Song,HUN,PRK,4,0,"11,16,11,11|5,14,8,6",QR2,GRAND_SLAM,WS,1804,Qualification,POTA Georgina (HUN),SIN Hye Song (PRK),,,4 - 0,11:5 16:14 11:8 11:6,POTA Georgina,2006
Panasonic China Open Guangzhou 2006,2006-09-14,POTA Georgina,LANG Kristin,HUN,GER,4,1,"11,11,11,7,11|7,6,3,11,1",3,GRAND_SLAM,WS,1804,Qualification,POTA Georgina (HUN),LANG Kristin (GER),,,4 - 1,11:7 11:6 11:3 7:11 11:1,POTA Georgina,2006
Panasonic China Open Guangzhou 2006,2006-09-14,RAMIREZ Sara,HSU Hui-Tsun,ESP,TPE,3,2,"8,11,6,13,11|11,4,11,11,7",,GRAND_SLAM,U21WS,1804,Qualification,RAMIREZ Sara (ESP),HSU Hui-Tsun (TPE),,,3 - 2,8:11 11:4 6:11 13:11 11:7,RAMIREZ Sara,2006
Panasonic China Open Guangzhou 2006,2006-09-14,RAMIREZ Sara,YU Kwok See,ESP,HKG,3,2,"12,10,11,7,11|10,12,9,11,8",QR2,GRAND_SLAM,U21WS,1804,Qualification,RAMIREZ Sara (ESP),YU Kwok See (HKG),,,3 - 2,12:10 10:12 11:9 7:11 11:8,RAMIREZ Sara,2006
Panasonic China Open Guangzhou 2006,2006-09-14,YU Kwok See,HSU Hui-Tsun,HKG,TPE,3,0,,3,GRAND_SLAM,U21WS,1804,Qualification,YU Kwok See (HKG),HSU Hui-Tsun (TPE),,,3 - 0,,YU Kwok See,2006
Panasonic China Open Guangzhou 2006,2006-09-14,HYON Ryon Hui,BARTHEL Zhenqi,PRK,GER,3,0,"11,11,12|6,5,10",,GRAND_SLAM,U21WS,1804,Qualification,HYON Ryon Hui (PRK),BARTHEL Zhenqi (GER),,,0 - 3,6:11 5:11 10:12,HYON Ryon Hui,2006
Panasonic China Open Guangzhou 2006,2006-09-14,HUANG Kang Kang,BARTHEL Zhenqi,SGP,GER,3,1,"11,7,12,13|7,11,10,11",QR2,GRAND_SLAM,U21WS,1804,Qualification,HUANG Kang Kang (SGP),BARTHEL Zhenqi (GER),,,1 - 3,7:11 11:7 10:12 11:13,HUANG Kang Kang,2006
Panasonic China Open Guangzhou 2006,2006-09-14,HUANG Kang Kang,HYON Ryon Hui,SGP,PRK,3,2,"11,9,11,3,11|9,11,9,11,7",3,GRAND_SLAM,U21WS,1804,Qualification,HUANG Kang Kang (SGP),HYON Ryon Hui (PRK),,,3 - 2,11:9 9:11 11:9 3:11 11:7,HUANG Kang Kang,2006
Panasonic China Open Guangzhou 2006,2006-09-14,HEINE Veronika,SOLICHERO Carmen,AUT,ESP,3,1,"11,11,6,13|7,7,11,11",,GRAND_SLAM,U21WS,1804,Qualification,HEINE Veronika (AUT),SOLICHERO Carmen (ESP),,,3 - 1,11:7 11:7 6:11 13:11,HEINE Veronika,2006
Panasonic China Open Guangzhou 2006,2006-09-14,CHENG I-Ching,HEINE Veronika,TPE,AUT,3,1,"11,14,5,14|2,12,11,12",QR2,GRAND_SLAM,U21WS,1804,Qualification,CHENG I-Ching (TPE),HEINE Veronika (AUT),,,1 - 3,2:11 12:14 11:5 12:14,CHENG I-Ching,2006
Panasonic China Open Guangzhou 2006,2006-09-14,CHENG I-Ching,SOLICHERO Carmen,TPE,ESP,3,0,"11,11,12|5,8,10",3,GRAND_SLAM,U21WS,1804,Qualification,CHENG I-Ching (TPE),SOLICHERO Carmen (ESP),,,3 - 0,11:5 11:8 12:10,CHENG I-Ching,2006
Panasonic China Open Guangzhou 2006,2006-09-14,DVORAK Galia,SIN Hye Song,ESP,PRK,3,2,"8,11,8,11,11|11,8,11,8,3",,GRAND_SLAM,U21WS,1804,Qualification,DVORAK Galia (ESP),SIN Hye Song (PRK),,,3 - 2,8:11 11:8 8:11 11:8 11:3,DVORAK Galia,2006
Panasonic China Open Guangzhou 2006,2006-09-14,LEE I-Chen,PROKHOROVA Yulia,TPE,RUS,3,2,"11,8,11,6,11|6,11,7,11,7",QR2,GRAND_SLAM,U21WS,1804,Qualification,LEE I-Chen (TPE),PROKHOROVA Yulia (RUS),,,3 - 2,11:6 8:11 11:7 6:11 11:7,LEE I-Chen,2006
Panasonic China Open Guangzhou 2006,2006-09-14,DVORAK Galia,LEE I-Chen,ESP,TPE,3,0,"11,11,11|9,5,6",3,GRAND_SLAM,U21WS,1804,Qualification,DVORAK Galia (ESP),LEE I-Chen (TPE),,,3 - 0,11:9 11:5 11:6,DVORAK Galia,2006
Panasonic China Open Guangzhou 2006,2006-09-14,SIN Hye Song,PROKHOROVA Yulia,PRK,RUS,3,2,"11,13,7,11,11|5,15,11,8,2",QR4,GRAND_SLAM,U21WS,1804,Qualification,SIN Hye Song (PRK),PROKHOROVA Yulia (RUS),,,3 - 2,11:5 13:15 7:11 11:8 11:2,SIN Hye Song,2006
Panasonic China Open Guangzhou 2006,2006-09-14,DVORAK Galia,PROKHOROVA Yulia,ESP,RUS,3,1,"11,8,11,11|5,11,5,9",5,GRAND_SLAM,U21WS,1804,Qualification,DVORAK Galia (ESP),PROKHOROVA Yulia (RUS),,,3 - 1,11:5 8:11 11:5 11:9,DVORAK Galia,2006
Panasonic China Open Guangzhou 2006,2006-09-14,SIN Hye Song,LEE I-Chen,PRK,TPE,3,1,"7,11,11,11|11,8,6,8",6,GRAND_SLAM,U21WS,1804,Qualification,SIN Hye Song (PRK),LEE I-Chen (TPE),,,1 - 3,11:7 8:11 6:11 8:11,SIN Hye Song,2006
Panasonic China Open Guangzhou 2006,2006-09-14,CHENG I-Ching,YU Kwok See,TPE,HKG,4,2,"11,8,11,12,9,11|5,11,7,10,11,8",R16,GRAND_SLAM,U21WS,1804,Main Draw,CHENG I-Ching (TPE),YU Kwok See (HKG),,,2 - 4,5:11 11:8 7:11 10:12 11:9 8:11,CHENG I-Ching,2006
Panasonic China Open Guangzhou 2006,2006-09-14,HEINE Veronika,DVORAK Galia,AUT,ESP,4,3,"11,11,9,2,11,8,11|7,6,11,11,7,11,7",R16,GRAND_SLAM,U21WS,1804,Main Draw,HEINE Veronika (AUT),DVORAK Galia (ESP),,,3 - 4,7:11 6:11 11:9 11:2 7:11 11:8 7:11,HEINE Veronika,2006
Panasonic China Open Guangzhou 2006,2006-09-14,HYON Ryon Hui,RAMIREZ Sara,PRK,ESP,4,2,"9,11,10,11,11,11|11,7,12,7,9,5",R16,GRAND_SLAM,U21WS,1804,Main Draw,HYON Ryon Hui (PRK),RAMIREZ Sara (ESP),,,4 - 2,9:11 11:7 10:12 11:7 11:9 11:5,HYON Ryon Hui,2006
Panasonic China Open Guangzhou 2006,2006-09-14,HUANG Kang Kang,SIN Hye Song,SGP,PRK,4,1,"11,8,11,11,14|9,11,4,8,12",R16,GRAND_SLAM,U21WS,1804,Main Draw,HUANG Kang Kang (SGP),SIN Hye Song (PRK),,,4 - 1,11:9 8:11 11:4 11:8 14:12,HUANG Kang Kang,2006
Panasonic China Open Guangzhou 2006,2006-09-14,LI Qiangbing,CHENG I-Ching,AUT,TPE,4,2,"9,11,11,8,12,11|11,4,9,11,10,7",QuarterFinal,GRAND_SLAM,U21WS,1804,Main Draw,LI Qiangbing (AUT),CHENG I-Ching (TPE),,,4 - 2,9:11 11:4 11:9 8:11 12:10 11:7,LI Qiangbing,2006
Panasonic China Open Guangzhou 2006,2006-09-14,JANG Hyon Ae,HEINE Veronika,PRK,AUT,4,3,"11,11,10,10,11,11,11|13,7,12,12,9,4,9",QuarterFinal,GRAND_SLAM,U21WS,1804,Main Draw,JANG Hyon Ae (PRK),HEINE Veronika (AUT),,,3 - 4,13:11 7:11 12:10 12:10 9:11 4:11 9:11,JANG Hyon Ae,2006
Panasonic China Open Guangzhou 2006,2006-09-14,KIM Jong,HYON Ryon Hui,PRK,PRK,4,3,"11,11,11,10,9,4,11|6,7,5,12,11,11,7",QuarterFinal,GRAND_SLAM,U21WS,1804,Main Draw,KIM Jong (PRK),HYON Ryon Hui (PRK),,,4 - 3,11:6 11:7 11:5 10:12 9:11 4:11 11:7,KIM Jong,2006
Panasonic China Open Guangzhou 2006,2006-09-14,HUANG Kang Kang,POTA Georgina,SGP,HUN,4,2,"11,5,11,11,9,11|5,11,6,9,11,3",QuarterFinal,GRAND_SLAM,U21WS,1804,Main Draw,HUANG Kang Kang (SGP),POTA Georgina (HUN),,,4 - 2,11:5 5:11 11:6 11:9 9:11 11:3,HUANG Kang Kang,2006
Panasonic China Open Guangzhou 2006,2006-09-14,LI Qiangbing,JANG Hyon Ae,AUT,PRK,4,1,"11,10,11,11,11|8,12,3,4,5",SemiFinal,GRAND_SLAM,U21WS,1804,Main Draw,LI Qiangbing (AUT),JANG Hyon Ae (PRK),,,4 - 1,11:8 10:12 11:3 11:4 11:5,LI Qiangbing,2006
Panasonic China Open Guangzhou 2006,2006-09-14,KIM Jong,HUANG Kang Kang,PRK,SGP,4,0,"11,11,11,11|7,9,7,6",SemiFinal,GRAND_SLAM,U21WS,1804,Main Draw,KIM Jong (PRK),HUANG Kang Kang (SGP),,,4 - 0,11:7 11:9 11:7 11:6,KIM Jong,2006
Panasonic China Open Guangzhou 2006,2006-09-14,KIM Jong,LI Qiangbing,PRK,AUT,4,3,"13,12,7,8,8,11,11|11,10,11,11,11,9,7",Final,GRAND_SLAM,U21WS,1804,Main Draw,KIM Jong (PRK),LI Qiangbing (AUT),,,3 - 4,11:13 10:12 11:7 11:8 11:8 9:11 7:11,KIM Jong,2006
Panasonic China Open Guangzhou 2006,2006-09-14,HAO Shuai/WANG Liqin,KO Lai Chak/LI Ching,CHN,HKG,4,3,"11,7,3,11,11,4,11|1,11,11,3,9,11,7",R16,GRAND_SLAM,MD,1804,Main Draw,HAO Shuai (CHN) / WANG Liqin (CHN),KO Lai Chak (HKG) / LI Ching (HKG),WANG Liqin (CHN),LI Ching (HKG),4 - 3,11:1 7:11 3:11 11:3 11:9 4:11 11:7,HAO Shuai,2006
Panasonic China Open Guangzhou 2006,2006-09-14,CHEN Qi/MA Lin,GAO Ning/YANG Zi,CHN,SGP,4,1,"11,11,9,11,14|7,9,11,6,12",QuarterFinal,GRAND_SLAM,MD,1804,Main Draw,CHEN Qi (CHN) / MA Lin (CHN),GAO Ning (SGP) / YANG Zi (SGP),MA Lin (CHN),YANG Zi (SGP),4 - 1,11:7 11:9 9:11 11:6 14:12,CHEN Qi,2006
Panasonic China Open Guangzhou 2006,2006-09-14,HAO Shuai/WANG Liqin,HOU Yingchao/MA Long,CHN,CAN,4,2,"11,11,7,13,3,11|5,7,11,11,11,9",QuarterFinal,GRAND_SLAM,MD,1804,Main Draw,HAO Shuai (CHN) / WANG Liqin (CHN),HOU Yingchao (CAN) / MA Long (CHN),WANG Liqin (CHN),MA Long (CHN),2 - 4,5:11 7:11 11:7 11:13 11:3 9:11,HAO Shuai,2006
Panasonic China Open Guangzhou 2006,2006-09-14,CHEN Qi/MA Lin,LEE Jungwoo/OH Sangeun,CHN,KOR,4,3,"6,8,11,8,12,11,11|11,11,7,11,10,9,9",SemiFinal,GRAND_SLAM,MD,1804,Main Draw,CHEN Qi (CHN) / MA Lin (CHN),LEE Jungwoo (KOR) / OH Sangeun (KOR),MA Lin (CHN),OH Sangeun (KOR),4 - 3,6:11 8:11 11:7 8:11 12:10 11:9 11:9,CHEN Qi,2006
Panasonic China Open Guangzhou 2006,2006-09-14,HAO Shuai/WANG Liqin,CHEN Qi/MA Lin,CHN,CHN,4,1,"11,11,8,11,12|9,8,11,3,10",Final,GRAND_SLAM,MD,1804,Main Draw,HAO Shuai (CHN) / WANG Liqin (CHN),CHEN Qi (CHN) / MA Lin (CHN),WANG Liqin (CHN),MA Lin (CHN),1 - 4,9:11 8:11 11:8 3:11 10:12,HAO Shuai,2006
Panasonic China Open Guangzhou 2006,2006-09-14,CHEN Qi/MA Lin,CHEN Chien-An/CHOU Tung-Yu,CHN,TPE,3,0,"11,11,11|3,3,3",QR32,GRAND_SLAM,MD,1804,Qualification,CHEN Qi (CHN) / MA Lin (CHN),CHEN Chien-An (TPE) / CHOU Tung-Yu (TPE),MA Lin (CHN),CHOU Tung-Yu (TPE),3 - 0,11:3 11:3 11:3,CHEN Qi,2006
Panasonic China Open Guangzhou 2006,2006-09-14,CHEN Qi/MA Lin,JIANG Tianyi/TANG Peng,CHN,HKG,3,0,"11,11,11|7,7,9",QR16,GRAND_SLAM,MD,1804,Qualification,CHEN Qi (CHN) / MA Lin (CHN),JIANG Tianyi (HKG) / TANG Peng (HKG),MA Lin (CHN),TANG Peng (HKG),3 - 0,11:7 11:7 11:9,CHEN Qi,2006
Panasonic China Open Guangzhou 2006,2006-09-14,HOU Yingchao/MA Long,CABESTANY Cedrik/LEGOUT Christophe,CAN,FRA,3,1,"11,5,11,11|5,11,1,9",QR16,GRAND_SLAM,MD,1804,Qualification,HOU Yingchao (CAN) / MA Long (CHN),CABESTANY Cedrik (FRA) / LEGOUT Christophe (FRA),MA Long (CHN),LEGOUT Christophe (FRA),3 - 1,11:5 5:11 11:1 11:9,HOU Yingchao,2006
Panasonic China Open Guangzhou 2006,2006-09-14,BLASZCZYK Lucjan/TAN Ruiwu,WANG Zengyi/ZHANG Wilson,POL,POL,4,1,"11,11,11,9,11|4,7,4,11,6",R16,GRAND_SLAM,MD,1804,Main Draw,BLASZCZYK Lucjan (POL) / TAN Ruiwu (CRO),WANG Zengyi (POL) / ZHANG Wilson (CAN),TAN Ruiwu (CRO),ZHANG Wilson (CAN),4 - 1,11:4 11:7 11:4 9:11 11:6,BLASZCZYK Lucjan,2006
Panasonic China Open Guangzhou 2006,2006-09-14,LEE Jungwoo/OH Sangeun,BLASZCZYK Lucjan/TAN Ruiwu,KOR,POL,4,2,"11,11,11,9,5,11|3,3,5,11,11,9",QuarterFinal,GRAND_SLAM,MD,1804,Main Draw,LEE Jungwoo (KOR) / OH Sangeun (KOR),BLASZCZYK Lucjan (POL) / TAN Ruiwu (CRO),OH Sangeun (KOR),TAN Ruiwu (CRO),2 - 4,3:11 3:11 5:11 11:9 11:5 9:11,LEE Jungwoo,2006
Panasonic China Open Guangzhou 2006,2006-09-14,JIANG Tianyi/TANG Peng,CARNEROS Alfredo/DURAN Marc,HKG,ESP,3,1,"11,11,10,11|9,4,12,7",QR32,GRAND_SLAM,MD,1804,Qualification,JIANG Tianyi (HKG) / TANG Peng (HKG),CARNEROS Alfredo (ESP) / DURAN Marc (ESP),TANG Peng (HKG),DURAN Marc (ESP),1 - 3,9:11 4:11 12:10 7:11,JIANG Tianyi,2006
Panasonic China Open Guangzhou 2006,2006-09-14,WANG Zengyi/ZHANG Wilson,LIN Ju/MACHADO Carlos,POL,DOM,3,2,"11,9,9,11,11|5,11,11,8,4",QR16,GRAND_SLAM,MD,1804,Qualification,WANG Zengyi (POL) / ZHANG Wilson (CAN),LIN Ju (DOM) / MACHADO Carlos (ESP),ZHANG Wilson (CAN),MACHADO Carlos (ESP),2 - 3,5:11 11:9 11:9 8:11 4:11,WANG Zengyi,2006
Panasonic China Open Guangzhou 2006,2006-09-14,LEBESSON Emmanuel/LO Dany,GREEN Wally/REED Daniel,FRA,USA,3,0,"11,11,11|7,5,7",QR64,GRAND_SLAM,MD,1804,Qualification,LEBESSON Emmanuel (FRA) / LO Dany (FRA),GREEN Wally (USA) / REED Daniel (ENG),LO Dany (FRA),REED Daniel (ENG),3 - 0,11:7 11:5 11:7,LEBESSON Emmanuel,2006
Panasonic China Open Guangzhou 2006,2006-09-14,HAO Shuai/WANG Liqin,LEBESSON Emmanuel/LO Dany,CHN,FRA,3,0,"11,11,11|7,2,5",QR32,GRAND_SLAM,MD,1804,Qualification,HAO Shuai (CHN) / WANG Liqin (CHN),LEBESSON Emmanuel (FRA) / LO Dany (FRA),WANG Liqin (CHN),LO Dany (FRA),0 - 3,7:11 2:11 5:11,HAO Shuai,2006
Panasonic China Open Guangzhou 2006,2006-09-14,CHEN Qi/MA Lin,BOLL Timo/SUSS Christian,CHN,GER,4,2,"11,9,9,11,12,11|7,11,11,4,10,9",R16,GRAND_SLAM,MD,1804,Main Draw,CHEN Qi (CHN) / MA Lin (CHN),BOLL Timo (GER) / SUSS Christian (GER),MA Lin (CHN),SUSS Christian (GER),2 - 4,7:11 11:9 11:9 4:11 10:12 9:11,CHEN Qi,2006
Panasonic China Open Guangzhou 2006,2006-09-14,LIN Ju/MACHADO Carlos,JOO Saehyuk/STEGER Bastian,DOM,KOR,3,2,"11,3,7,12,13|6,11,11,10,11",QR32,GRAND_SLAM,MD,1804,Qualification,LIN Ju (DOM) / MACHADO Carlos (ESP),JOO Saehyuk (KOR) / STEGER Bastian (GER),MACHADO Carlos (ESP),STEGER Bastian (GER),2 - 3,6:11 11:3 11:7 10:12 11:13,LIN Ju,2006
Panasonic China Open Guangzhou 2006,2006-09-14,FEJER-KONNERTH Zoltan/ROSSKOPF Jorg,CHOI Hyunjin/SEO Younggyun,GER,KOR,3,2,"7,11,11,5,11|11,8,3,11,3",QR32,GRAND_SLAM,MD,1804,Qualification,FEJER-KONNERTH Zoltan (GER) / ROSSKOPF Jorg (GER),CHOI Hyunjin (KOR) / SEO Younggyun (KOR),ROSSKOPF Jorg (GER),SEO Younggyun (KOR),3 - 2,7:11 11:8 11:3 5:11 11:3,FEJER-KONNERTH Zoltan,2006
Panasonic China Open Guangzhou 2006,2006-09-14,BAUM Patrick/OVTCHAROV Dimitrij,KOSOWSKI Jakub/SUCH Bartosz,GER,POL,3,0,,QR32,GRAND_SLAM,MD,1804,Qualification,BAUM Patrick (GER) / OVTCHAROV Dimitrij (GER),KOSOWSKI Jakub (POL) / SUCH Bartosz (POL),OVTCHAROV Dimitrij (GER),SUCH Bartosz (POL),3 - 0,,BAUM Patrick,2006
Panasonic China Open Guangzhou 2006,2006-09-14,CHIANG Hung-Chieh/HUANG Sheng-Sheng,FEJER-KONNERTH Zoltan/ROSSKOPF Jorg,TPE,GER,3,2,"9,11,11,11,11|11,7,13,7,7",QR16,GRAND_SLAM,MD,1804,Qualification,CHIANG Hung-Chieh (TPE) / HUANG Sheng-Sheng (TPE),FEJER-KONNERTH Zoltan (GER) / ROSSKOPF Jorg (GER),HUANG Sheng-Sheng (TPE),ROSSKOPF Jorg (GER),2 - 3,11:9 7:11 13:11 7:11 7:11,CHIANG Hung-Chieh,2006
Panasonic China Open Guangzhou 2006,2006-09-14,HAO Shuai/WANG Liqin,BAUM Patrick/OVTCHAROV Dimitrij,CHN,GER,3,0,"11,11,14|8,8,12",QR16,GRAND_SLAM,MD,1804,Qualification,HAO Shuai (CHN) / WANG Liqin (CHN),BAUM Patrick (GER) / OVTCHAROV Dimitrij (GER),WANG Liqin (CHN),OVTCHAROV Dimitrij (GER),0 - 3,8:11 8:11 12:14,HAO Shuai,2006
Panasonic China Open Guangzhou 2006,2006-09-14,CHEUNG Yuk/LEUNG Chu Yan,CHIANG Hung-Chieh/HUANG Sheng-Sheng,HKG,TPE,4,1,"8,11,12,11,13|11,5,10,8,11",R16,GRAND_SLAM,MD,1804,Main Draw,CHEUNG Yuk (HKG) / LEUNG Chu Yan (HKG),CHIANG Hung-Chieh (TPE) / HUANG Sheng-Sheng (TPE),LEUNG Chu Yan (HKG),HUANG Sheng-Sheng (TPE),4 - 1,8:11 11:5 12:10 11:8 13:11,CHEUNG Yuk,2006
Panasonic China Open Guangzhou 2006,2006-09-14,CHEUNG Yuk/LEUNG Chu Yan,CHEN Weixing/GARDOS Robert,HKG,AUT,4,0,"11,13,11,13|9,11,7,11",QuarterFinal,GRAND_SLAM,MD,1804,Main Draw,CHEUNG Yuk (HKG) / LEUNG Chu Yan (HKG),CHEN Weixing (AUT) / GARDOS Robert (AUT),LEUNG Chu Yan (HKG),GARDOS Robert (AUT),4 - 0,11:9 13:11 11:7 13:11,CHEUNG Yuk,2006
Panasonic China Open Guangzhou 2006,2006-09-14,HAO Shuai/WANG Liqin,CHEUNG Yuk/LEUNG Chu Yan,CHN,HKG,4,0,"11,11,11,11|4,5,9,7",SemiFinal,GRAND_SLAM,MD,1804,Main Draw,HAO Shuai (CHN) / WANG Liqin (CHN),CHEUNG Yuk (HKG) / LEUNG Chu Yan (HKG),WANG Liqin (CHN),LEUNG Chu Yan (HKG),0 - 4,4:11 5:11 9:11 7:11,HAO Shuai,2006
Panasonic China Open Guangzhou 2006,2006-09-14,SCHLICHTER Jorg/TSE Ka Chun,DRINKHALL Paul/KNIGHT Darius,GER,ENG,3,0,"13,11,11|11,4,3",QR64,GRAND_SLAM,MD,1804,Qualification,SCHLICHTER Jorg (GER) / TSE Ka Chun (HKG),DRINKHALL Paul (ENG) / KNIGHT Darius (ENG),TSE Ka Chun (HKG),KNIGHT Darius (ENG),3 - 0,13:11 11:4 11:3,SCHLICHTER Jorg,2006
Panasonic China Open Guangzhou 2006,2006-09-14,LEE Jungwoo/OH Sangeun,JAKAB Janos/ZWICKL Daniel,KOR,HUN,4,0,"11,11,11,11|6,6,7,9",R16,GRAND_SLAM,MD,1804,Main Draw,LEE Jungwoo (KOR) / OH Sangeun (KOR),JAKAB Janos (HUN) / ZWICKL Daniel (HUN),OH Sangeun (KOR),ZWICKL Daniel (HUN),0 - 4,6:11 6:11 7:11 9:11,LEE Jungwoo,2006
Panasonic China Open Guangzhou 2006,2006-09-14,JAKAB Janos/ZWICKL Daniel,GAVLAS Antonin/KEINATH Thomas,HUN,CZE,3,1,"10,12,11,11|12,10,4,6",QR32,GRAND_SLAM,MD,1804,Qualification,JAKAB Janos (HUN) / ZWICKL Daniel (HUN),GAVLAS Antonin (CZE) / KEINATH Thomas (SVK),ZWICKL Daniel (HUN),KEINATH Thomas (SVK),3 - 1,10:12 12:10 11:4 11:6,JAKAB Janos,2006
Panasonic China Open Guangzhou 2006,2006-09-14,JAKAB Janos/ZWICKL Daniel,CHO Eonrae/LEE Jinkwon,HUN,KOR,3,2,"9,11,11,8,11|11,6,9,11,8",QR16,GRAND_SLAM,MD,1804,Qualification,JAKAB Janos (HUN) / ZWICKL Daniel (HUN),CHO Eonrae (KOR) / LEE Jinkwon (KOR),ZWICKL Daniel (HUN),LEE Jinkwon (KOR),3 - 2,9:11 11:6 11:9 8:11 11:8,JAKAB Janos,2006
Panasonic China Open Guangzhou 2006,2006-09-14,ACHANTA Sharath/ROY Soumyadeep,MAECK Anthony/VOSTES Yannick,IND,BEL,3,0,,QR32,GRAND_SLAM,MD,1804,Qualification,ACHANTA Sharath (IND) / ROY Soumyadeep (IND),MAECK Anthony (BEL) / VOSTES Yannick (BEL),ROY Soumyadeep (IND),VOSTES Yannick (BEL),3 - 0,,ACHANTA Sharath,2006
Panasonic China Open Guangzhou 2006,2006-09-14,KIHO Shinnosuke/KURASHIMA Yosuke,SAHA Subhajit/SKACHKOV Kirill,JPN,IND,3,1,"11,7,11,11|8,11,4,9",QR64,GRAND_SLAM,MD,1804,Qualification,KIHO Shinnosuke (JPN) / KURASHIMA Yosuke (JPN),SAHA Subhajit (IND) / SKACHKOV Kirill (RUS),KURASHIMA Yosuke (JPN),SKACHKOV Kirill (RUS),3 - 1,11:8 7:11 11:4 11:9,KIHO Shinnosuke,2006
Panasonic China Open Guangzhou 2006,2006-09-14,CHO Eonrae/LEE Jinkwon,KIHO Shinnosuke/KURASHIMA Yosuke,KOR,JPN,3,2,"11,13,11,11,11|13,15,6,7,9",QR32,GRAND_SLAM,MD,1804,Qualification,CHO Eonrae (KOR) / LEE Jinkwon (KOR),KIHO Shinnosuke (JPN) / KURASHIMA Yosuke (JPN),LEE Jinkwon (KOR),KURASHIMA Yosuke (JPN),2 - 3,13:11 15:13 6:11 7:11 9:11,CHO Eonrae,2006
Panasonic China Open Guangzhou 2006,2006-09-14,KIM Junghoon/LIM Jaehyun,AXELQVIST Johan/SVENSSON Robert,KOR,SWE,3,2,"11,6,8,11,11|7,11,11,8,7",QR32,GRAND_SLAM,MD,1804,Qualification,KIM Junghoon (KOR) / LIM Jaehyun (KOR),AXELQVIST Johan (SWE) / SVENSSON Robert (SWE),LIM Jaehyun (KOR),SVENSSON Robert (SWE),3 - 2,11:7 6:11 8:11 11:8 11:7,KIM Junghoon,2006
Panasonic China Open Guangzhou 2006,2006-09-14,HOU Yingchao/MA Long,RYU Seungmin/YOON Jaeyoung,CAN,KOR,3,2,"14,20,8,10,11|12,18,11,12,5",QR32,GRAND_SLAM,MD,1804,Qualification,HOU Yingchao (CAN) / MA Long (CHN),RYU Seungmin (KOR) / YOON Jaeyoung (KOR),MA Long (CHN),YOON Jaeyoung (KOR),2 - 3,12:14 18:20 11:8 12:10 5:11,HOU Yingchao,2006
Panasonic China Open Guangzhou 2006,2006-09-14,GAO Ning/YANG Zi,KIM Junghoon/LIM Jaehyun,SGP,KOR,3,0,"11,11,11|8,8,7",QR16,GRAND_SLAM,MD,1804,Qualification,GAO Ning (SGP) / YANG Zi (SGP),KIM Junghoon (KOR) / LIM Jaehyun (KOR),YANG Zi (SGP),LIM Jaehyun (KOR),0 - 3,8:11 8:11 7:11,GAO Ning,2006
Panasonic China Open Guangzhou 2006,2006-09-14,CHEN Chien-An/CHOU Tung-Yu,AL-BAHRANI Husain/AL-HASAN Ibrahem,TPE,KUW,3,0,,QR64,GRAND_SLAM,MD,1804,Qualification,CHEN Chien-An (TPE) / CHOU Tung-Yu (TPE),AL-BAHRANI Husain (KUW) / AL-HASAN Ibrahem (KUW),CHOU Tung-Yu (TPE),AL-HASAN Ibrahem (KUW),0 - 3,,CHEN Chien-An,2006
Panasonic China Open Guangzhou 2006,2006-09-14,KIM Song Chol/RI Chol Guk,MATSUDAIRA Kenta/TSUBOGUCHI Michikazu,PRK,JPN,3,1,"11,11,2,11|8,4,11,5",QR64,GRAND_SLAM,MD,1804,Qualification,KIM Song Chol (PRK) / RI Chol Guk (PRK),MATSUDAIRA Kenta (JPN) / TSUBOGUCHI Michikazu (JPN),RI Chol Guk (PRK),TSUBOGUCHI Michikazu (JPN),3 - 1,11:8 11:4 2:11 11:5,KIM Song Chol,2006
Panasonic China Open Guangzhou 2006,2006-09-14,CABESTANY Cedrik/LEGOUT Christophe,CAI Xiaoli/KIM Song Nam,FRA,SGP,3,0,"11,11,11|4,8,7",QR32,GRAND_SLAM,MD,1804,Qualification,CABESTANY Cedrik (FRA) / LEGOUT Christophe (FRA),CAI Xiaoli (SGP) / KIM Song Nam (PRK),LEGOUT Christophe (FRA),KIM Song Nam (PRK),0 - 3,4:11 8:11 7:11,CABESTANY Cedrik,2006
Panasonic China Open Guangzhou 2006,2006-09-14,WANG Zengyi/ZHANG Wilson,KIM Song Chol/RI Chol Guk,POL,PRK,3,2,"11,5,11,11,11|13,11,7,8,6",QR32,GRAND_SLAM,MD,1804,Qualification,WANG Zengyi (POL) / ZHANG Wilson (CAN),KIM Song Chol (PRK) / RI Chol Guk (PRK),ZHANG Wilson (CAN),RI Chol Guk (PRK),2 - 3,13:11 11:5 7:11 8:11 6:11,WANG Zengyi,2006
Panasonic China Open Guangzhou 2006,2006-09-14,HOU Yingchao/MA Long,KUZMIN Fedor/SMIRNOV Alexey,CAN,RUS,4,1,"11,11,12,7,15|7,6,10,11,13",R16,GRAND_SLAM,MD,1804,Main Draw,HOU Yingchao (CAN) / MA Long (CHN),KUZMIN Fedor (RUS) / SMIRNOV Alexey (RUS),MA Long (CHN),SMIRNOV Alexey (RUS),1 - 4,7:11 6:11 10:12 11:7 13:15,HOU Yingchao,2006
Panasonic China Open Guangzhou 2006,2006-09-14,GAO Ning/YANG Zi,JOVER Sebastien/SCHLAGER Werner,SGP,FRA,4,2,"11,11,8,7,11,11|3,3,11,11,3,5",R16,GRAND_SLAM,MD,1804,Main Draw,GAO Ning (SGP) / YANG Zi (SGP),JOVER Sebastien (FRA) / SCHLAGER Werner (AUT),YANG Zi (SGP),SCHLAGER Werner (AUT),4 - 2,11:3 11:3 8:11 7:11 11:3 11:5,GAO Ning,2006
Panasonic China Open Guangzhou 2006,2006-09-14,CHEN Weixing/GARDOS Robert,MONTEIRO Joao/TOKIC Bojan,AUT,POR,4,1,"11,11,11,12,11|9,3,2,14,4",R16,GRAND_SLAM,MD,1804,Main Draw,CHEN Weixing (AUT) / GARDOS Robert (AUT),MONTEIRO Joao (POR) / TOKIC Bojan (SLO),GARDOS Robert (AUT),TOKIC Bojan (SLO),1 - 4,9:11 3:11 2:11 14:12 4:11,CHEN Weixing,2006
Panasonic China Open Guangzhou 2006,2006-09-14,MONTEIRO Joao/TOKIC Bojan,SCHLICHTER Jorg/TSE Ka Chun,POR,GER,3,0,"12,11,11|10,6,6",QR32,GRAND_SLAM,MD,1804,Qualification,MONTEIRO Joao (POR) / TOKIC Bojan (SLO),SCHLICHTER Jorg (GER) / TSE Ka Chun (HKG),TOKIC Bojan (SLO),TSE Ka Chun (HKG),3 - 0,12:10 11:6 11:6,MONTEIRO Joao,2006
Panasonic China Open Guangzhou 2006,2006-09-14,MONTEIRO Joao/TOKIC Bojan,ACHANTA Sharath/ROY Soumyadeep,POR,IND,3,0,"11,11,11|2,8,8",QR16,GRAND_SLAM,MD,1804,Qualification,MONTEIRO Joao (POR) / TOKIC Bojan (SLO),ACHANTA Sharath (IND) / ROY Soumyadeep (IND),TOKIC Bojan (SLO),ROY Soumyadeep (IND),3 - 0,11:2 11:8 11:8,MONTEIRO Joao,2006
Panasonic China Open Guangzhou 2006,2006-09-14,HOU Yingchao/MA Long,CHEN Chao-Shun (1977)/KU Mu-Hsuan,CAN,TPE,3,0,"11,11,11|3,8,3",QR64,GRAND_SLAM,MD,1804,Qualification,HOU Yingchao (CAN) / MA Long (CHN),CHEN Chao-Shun (1977) (TPE) / KU Mu-Hsuan (TPE),MA Long (CHN),KU Mu-Hsuan (TPE),0 - 3,3:11 8:11 3:11,HOU Yingchao,2006
Panasonic China Open Guangzhou 2006,2006-09-14,GAO Ning/YANG Zi,CHANG Yen-Shu/WU Chih-Chi,SGP,TPE,3,1,"11,7,11,11|6,11,9,2",QR32,GRAND_SLAM,MD,1804,Qualification,GAO Ning (SGP) / YANG Zi (SGP),CHANG Yen-Shu (TPE) / WU Chih-Chi (TPE),YANG Zi (SGP),WU Chih-Chi (TPE),1 - 3,6:11 11:7 9:11 2:11,GAO Ning,2006
Panasonic China Open Guangzhou 2006,2006-09-14,CHIANG Hung-Chieh/HUANG Sheng-Sheng,CRISAN Adrian/GERELL Par,TPE,ROU,3,1,"11,11,6,11|7,4,11,7",QR32,GRAND_SLAM,MD,1804,Qualification,CHIANG Hung-Chieh (TPE) / HUANG Sheng-Sheng (TPE),CRISAN Adrian (ROU) / GERELL Par (SWE),HUANG Sheng-Sheng (TPE),GERELL Par (SWE),3 - 1,11:7 11:4 6:11 11:7,CHIANG Hung-Chieh,2006
Panasonic China Open Guangzhou 2006,2006-09-14,GAO Jun/SHEN Yanfei,FADEEVA Oxana/PAVLOVICH Veronika,USA,RUS,4,2,"9,11,11,11,11,11|11,9,13,9,5,5",R16,GRAND_SLAM,WD,1804,Main Draw,GAO Jun (USA) / SHEN Yanfei (ESP),FADEEVA Oxana (RUS) / PAVLOVICH Veronika (BLR),SHEN Yanfei (ESP),PAVLOVICH Veronika (BLR),2 - 4,11:9 9:11 13:11 9:11 5:11 5:11,GAO Jun,2006
Panasonic China Open Guangzhou 2006,2006-09-14,GUO Yan (1982)/ZHANG Yining,GANINA Svetlana/PAVLOVICH Viktoria,CHN,RUS,4,1,"11,12,11,9,11|7,10,4,11,7",QuarterFinal,GRAND_SLAM,WD,1804,Main Draw,GUO Yan (1982) (CHN) / ZHANG Yining (CHN),GANINA Svetlana (RUS) / PAVLOVICH Viktoria (BLR),ZHANG Yining (CHN),PAVLOVICH Viktoria (BLR),1 - 4,7:11 10:12 4:11 11:9 7:11,GUO Yan (1982),2006
Panasonic China Open Guangzhou 2006,2006-09-14,LI Xiaoxia/WANG Nan,HUANG Kang Kang/WANG Yuegu,CHN,SGP,4,0,"11,11,11,11|3,7,5,9",R16,GRAND_SLAM,WD,1804,Main Draw,LI Xiaoxia (CHN) / WANG Nan (CHN),HUANG Kang Kang (SGP) / WANG Yuegu (SGP),WANG Nan (CHN),WANG Yuegu (SGP),4 - 0,11:3 11:7 11:5 11:9,LI Xiaoxia,2006
Panasonic China Open Guangzhou 2006,2006-09-14,KIM Bokrae/KIM Kyungah,LIU Shiwen/PENG Luyang,KOR,CHN,4,2,"9,11,11,11,12,11|11,7,6,7,14,8",QuarterFinal,GRAND_SLAM,WD,1804,Main Draw,KIM Bokrae (KOR) / KIM Kyungah (KOR),LIU Shiwen (CHN) / PENG Luyang (CHN),KIM Kyungah (KOR),PENG Luyang (CHN),2 - 4,11:9 7:11 6:11 7:11 14:12 8:11,KIM Bokrae,2006
Panasonic China Open Guangzhou 2006,2006-09-14,LI Xiaoxia/WANG Nan,LAU Sui Fei/LIN Ling,CHN,HKG,4,0,"11,11,11,11|3,8,6,5",QuarterFinal,GRAND_SLAM,WD,1804,Main Draw,LI Xiaoxia (CHN) / WANG Nan (CHN),LAU Sui Fei (HKG) / LIN Ling (HKG),WANG Nan (CHN),LIN Ling (HKG),4 - 0,11:3 11:8 11:6 11:5,LI Xiaoxia,2006
Panasonic China Open Guangzhou 2006,2006-09-14,LI Xiaoxia/WANG Nan,GUO Yan (1982)/ZHANG Yining,CHN,CHN,4,1,"11,12,11,11,11|13,10,6,3,6",SemiFinal,GRAND_SLAM,WD,1804,Main Draw,LI Xiaoxia (CHN) / WANG Nan (CHN),GUO Yan (1982) (CHN) / ZHANG Yining (CHN),WANG Nan (CHN),ZHANG Yining (CHN),4 - 1,11:13 12:10 11:6 11:3 11:6,LI Xiaoxia,2006
Panasonic China Open Guangzhou 2006,2006-09-14,GAO Jun/SHEN Yanfei,KIM Bokrae/KIM Kyungah,USA,KOR,4,2,"11,11,4,11,7,17|7,8,11,9,11,15",SemiFinal,GRAND_SLAM,WD,1804,Main Draw,GAO Jun (USA) / SHEN Yanfei (ESP),KIM Bokrae (KOR) / KIM Kyungah (KOR),SHEN Yanfei (ESP),KIM Kyungah (KOR),4 - 2,11:7 11:8 4:11 11:9 7:11 17:15,GAO Jun,2006
Panasonic China Open Guangzhou 2006,2006-09-14,GAO Jun/SHEN Yanfei,LI Xiaoxia/WANG Nan,USA,CHN,4,2,"11,7,5,11,11,11|8,11,11,7,8,7",Final,GRAND_SLAM,WD,1804,Main Draw,GAO Jun (USA) / SHEN Yanfei (ESP),LI Xiaoxia (CHN) / WANG Nan (CHN),SHEN Yanfei (ESP),WANG Nan (CHN),4 - 2,11:8 7:11 5:11 11:7 11:8 11:7,GAO Jun,2006
Panasonic China Open Guangzhou 2006,2006-09-14,GANINA Svetlana/PAVLOVICH Viktoria,DVORAK Galia/RAMIREZ Sara,RUS,ESP,3,0,"11,11,11|1,6,5",QR16,GRAND_SLAM,WD,1804,Qualification,GANINA Svetlana (RUS) / PAVLOVICH Viktoria (BLR),DVORAK Galia (ESP) / RAMIREZ Sara (ESP),PAVLOVICH Viktoria (BLR),RAMIREZ Sara (ESP),0 - 3,1:11 6:11 5:11,GANINA Svetlana,2006
Panasonic China Open Guangzhou 2006,2006-09-14,KIM Bokrae/KIM Kyungah,LANG Kristin/SCHALL Elke,KOR,GER,4,1,"11,11,9,11,11|8,7,11,5,7",R16,GRAND_SLAM,WD,1804,Main Draw,KIM Bokrae (KOR) / KIM Kyungah (KOR),LANG Kristin (GER) / SCHALL Elke (GER),KIM Kyungah (KOR),SCHALL Elke (GER),1 - 4,8:11 7:11 11:9 5:11 7:11,KIM Bokrae,2006
Panasonic China Open Guangzhou 2006,2006-09-14,LANG Kristin/SCHALL Elke,KREKINA Svetlana/PROKHOROVA Yulia,GER,RUS,3,1,"12,8,11,11|10,11,7,7",QR16,GRAND_SLAM,WD,1804,Qualification,LANG Kristin (GER) / SCHALL Elke (GER),KREKINA Svetlana (RUS) / PROKHOROVA Yulia (RUS),SCHALL Elke (GER),PROKHOROVA Yulia (RUS),3 - 1,12:10 8:11 11:7 11:7,LANG Kristin,2006
Panasonic China Open Guangzhou 2006,2006-09-14,TIE Yana/ZHANG Rui,MOON Hyunjung/PARK Miyoung,HKG,KOR,4,3,"11,4,11,11,11,10,11|8,11,4,8,13,12,6",R16,GRAND_SLAM,WD,1804,Main Draw,TIE Yana (HKG) / ZHANG Rui (HKG),MOON Hyunjung (KOR) / PARK Miyoung (KOR),ZHANG Rui (HKG),PARK Miyoung (KOR),4 - 3,11:8 4:11 11:4 11:8 11:13 10:12 11:6,TIE Yana,2006
Panasonic China Open Guangzhou 2006,2006-09-14,LAU Sui Fei/LIN Ling,HEINE Veronika/LIU Jia,HKG,AUT,4,2,"11,11,3,11,7,12|8,6,11,7,11,10",R16,GRAND_SLAM,WD,1804,Main Draw,LAU Sui Fei (HKG) / LIN Ling (HKG),HEINE Veronika (AUT) / LIU Jia (AUT),LIN Ling (HKG),LIU Jia (AUT),4 - 2,11:8 11:6 3:11 11:7 7:11 12:10,LAU Sui Fei,2006
Panasonic China Open Guangzhou 2006,2006-09-14,GAO Jun/SHEN Yanfei,TIE Yana/ZHANG Rui,USA,HKG,4,3,"3,9,10,12,12,11,11|11,11,12,10,10,8,6",QuarterFinal,GRAND_SLAM,WD,1804,Main Draw,GAO Jun (USA) / SHEN Yanfei (ESP),TIE Yana (HKG) / ZHANG Rui (HKG),SHEN Yanfei (ESP),ZHANG Rui (HKG),3 - 4,11:3 11:9 12:10 10:12 10:12 8:11 6:11,GAO Jun,2006
Panasonic China Open Guangzhou 2006,2006-09-14,LAU Sui Fei/LIN Ling,BARTHEL Zhenqi/WU Jiaduo,HKG,GER,3,0,"11,11,11|4,7,8",QR16,GRAND_SLAM,WD,1804,Qualification,LAU Sui Fei (HKG) / LIN Ling (HKG),BARTHEL Zhenqi (GER) / WU Jiaduo (GER),LIN Ling (HKG),WU Jiaduo (GER),3 - 0,11:4 11:7 11:8,LAU Sui Fei,2006
Panasonic China Open Guangzhou 2006,2006-09-14,GUO Yan (1982)/ZHANG Yining,KRAMER Tanja/POTA Georgina,CHN,GER,4,0,"12,11,11,11|10,6,7,7",R16,GRAND_SLAM,WD,1804,Main Draw,GUO Yan (1982) (CHN) / ZHANG Yining (CHN),KRAMER Tanja (GER) / POTA Georgina (HUN),ZHANG Yining (CHN),POTA Georgina (HUN),0 - 4,10:12 6:11 7:11 7:11,GUO Yan (1982),2006
Panasonic China Open Guangzhou 2006,2006-09-14,KRAMER Tanja/POTA Georgina,KIM Mi Yong/KO Un Gyong,GER,PRK,3,1,"11,6,16,11|4,11,14,5",QR16,GRAND_SLAM,WD,1804,Qualification,KRAMER Tanja (GER) / POTA Georgina (HUN),KIM Mi Yong (PRK) / KO Un Gyong (PRK),POTA Georgina (HUN),KO Un Gyong (PRK),3 - 1,11:4 6:11 16:14 11:5,KRAMER Tanja,2006
Panasonic China Open Guangzhou 2006,2006-09-14,KIM Mi Yong/KO Un Gyong,IVANCAN Irene/LEE Hyangmi,PRK,GER,3,1,"11,11,11,12|6,8,13,10",QR32,GRAND_SLAM,WD,1804,Qualification,KIM Mi Yong (PRK) / KO Un Gyong (PRK),IVANCAN Irene (GER) / LEE Hyangmi (KOR),KO Un Gyong (PRK),LEE Hyangmi (KOR),1 - 3,6:11 8:11 13:11 10:12,KIM Mi Yong,2006
Panasonic China Open Guangzhou 2006,2006-09-14,HUANG Kang Kang/WANG Yuegu,KIM Kyungha/LEE Eunhee,SGP,KOR,3,0,"11,11,12|3,6,10",QR16,GRAND_SLAM,WD,1804,Qualification,HUANG Kang Kang (SGP) / WANG Yuegu (SGP),KIM Kyungha (KOR) / LEE Eunhee (KOR),WANG Yuegu (SGP),LEE Eunhee (KOR),0 - 3,3:11 6:11 10:12,HUANG Kang Kang,2006
Panasonic China Open Guangzhou 2006,2006-09-14,BARTHEL Zhenqi/WU Jiaduo,KONISHI An/SIN Hye Song,GER,JPN,3,2,"10,12,11,8,11|12,10,6,11,6",QR32,GRAND_SLAM,WD,1804,Qualification,BARTHEL Zhenqi (GER) / WU Jiaduo (GER),KONISHI An (JPN) / SIN Hye Song (PRK),WU Jiaduo (GER),SIN Hye Song (PRK),2 - 3,12:10 10:12 6:11 11:8 6:11,BARTHEL Zhenqi,2006
Panasonic China Open Guangzhou 2006,2006-09-14,HYON Ryon Hui/KIM Jong,JIANG Huajun/YU Kwok See,PRK,HKG,3,2,"12,7,8,11,11|10,11,11,6,7",QR32,GRAND_SLAM,WD,1804,Qualification,HYON Ryon Hui (PRK) / KIM Jong (PRK),JIANG Huajun (HKG) / YU Kwok See (HKG),KIM Jong (PRK),YU Kwok See (HKG),3 - 2,12:10 7:11 8:11 11:6 11:7,HYON Ryon Hui,2006
Panasonic China Open Guangzhou 2006,2006-09-14,LIU Shiwen/PENG Luyang,JANG Hyon Ae/RYOM Won Ok,CHN,PRK,3,0,"11,11,11|3,7,2",QR16,GRAND_SLAM,WD,1804,Qualification,LIU Shiwen (CHN) / PENG Luyang (CHN),JANG Hyon Ae (PRK) / RYOM Won Ok (PRK),PENG Luyang (CHN),RYOM Won Ok (PRK),0 - 3,3:11 7:11 2:11,LIU Shiwen,2006
Panasonic China Open Guangzhou 2006,2006-09-14,MOON Hyunjung/PARK Miyoung,HYON Ryon Hui/KIM Jong,KOR,PRK,3,1,"11,13,9,11|5,11,11,8",QR16,GRAND_SLAM,WD,1804,Qualification,MOON Hyunjung (KOR) / PARK Miyoung (KOR),HYON Ryon Hui (PRK) / KIM Jong (PRK),PARK Miyoung (KOR),KIM Jong (PRK),1 - 3,5:11 11:13 11:9 8:11,MOON Hyunjung,2006
Panasonic China Open Guangzhou 2006,2006-09-14,LIU Shiwen/PENG Luyang,LI Jiawei/SUN Beibei,CHN,SGP,4,1,"11,5,11,11,13|8,11,9,8,11",R16,GRAND_SLAM,WD,1804,Main Draw,LIU Shiwen (CHN) / PENG Luyang (CHN),LI Jiawei (SGP) / SUN Beibei (SGP),PENG Luyang (CHN),SUN Beibei (SGP),1 - 4,8:11 11:5 9:11 8:11 11:13,LIU Shiwen,2006
Panasonic China Open Guangzhou 2006,2006-09-14,GANINA Svetlana/PAVLOVICH Viktoria,HUANG Yi-Hua/LU Yun-Feng,RUS,TPE,4,2,"11,11,11,11,9,14|5,8,13,6,11,12",R16,GRAND_SLAM,WD,1804,Main Draw,GANINA Svetlana (RUS) / PAVLOVICH Viktoria (BLR),HUANG Yi-Hua (TPE) / LU Yun-Feng (TPE),PAVLOVICH Viktoria (BLR),LU Yun-Feng (TPE),2 - 4,5:11 8:11 13:11 6:11 11:9 12:14,GANINA Svetlana,2006
Panasonic China Open Guangzhou 2006,2006-09-14,DVORAK Galia/RAMIREZ Sara,CHENG I-Ching/HSU Hui-Tsun,ESP,TPE,3,1,"6,11,11,11|11,2,7,6",QR32,GRAND_SLAM,WD,1804,Qualification,DVORAK Galia (ESP) / RAMIREZ Sara (ESP),CHENG I-Ching (TPE) / HSU Hui-Tsun (TPE),RAMIREZ Sara (ESP),HSU Hui-Tsun (TPE),1 - 3,11:6 2:11 7:11 6:11,DVORAK Galia,2006
Panasonic China Open Guangzhou 2006,2006-09-14,FADEEVA Oxana/PAVLOVICH Veronika,LEE I-Chen/PAN Chun-Chu,RUS,TPE,3,1,"10,11,13,11|12,3,11,9",QR16,GRAND_SLAM,WD,1804,Qualification,FADEEVA Oxana (RUS) / PAVLOVICH Veronika (BLR),LEE I-Chen (TPE) / PAN Chun-Chu (TPE),PAVLOVICH Veronika (BLR),PAN Chun-Chu (TPE),1 - 3,12:10 3:11 11:13 9:11,FADEEVA Oxana,2006
Singapore Open 2006,2006-09-07,ACHANTA Sharath,TAKEYA Koichi,IND,JPN,4,2,"11,8,17,11,11,11|5,11,19,6,8,8",,GRAND_SLAM,MS,1802,Qualification,ACHANTA Sharath (IND),TAKEYA Koichi (JPN),,,4 - 2,11:5 8:11 17:19 11:6 11:8 11:8,ACHANTA Sharath,2006
Singapore Open 2006,2006-09-07,ACHANTA Sharath,AL-BAHRANI Husain,IND,KUW,4,0,,QR2,GRAND_SLAM,MS,1802,Qualification,ACHANTA Sharath (IND),AL-BAHRANI Husain (KUW),,,4 - 0,,ACHANTA Sharath,2006
Singapore Open 2006,2006-09-07,TAKEYA Koichi,AL-BAHRANI Husain,JPN,KUW,4,0,,3,GRAND_SLAM,MS,1802,Qualification,TAKEYA Koichi (JPN),AL-BAHRANI Husain (KUW),,,0 - 4,,TAKEYA Koichi,2006
Singapore Open 2006,2006-09-07,AXELQVIST Johan,TANG Hua,SWE,SGP,4,3,"5,11,11,11,8,5,11|11,8,8,8,11,11,5",,GRAND_SLAM,MS,1802,Qualification,AXELQVIST Johan (SWE),TANG Hua (SGP),,,4 - 3,5:11 11:8 11:8 11:8 8:11 5:11 11:5,AXELQVIST Johan,2006
Singapore Open 2006,2006-09-07,AXELQVIST Johan,VIPAWATANAKUL Tanawat,SWE,THA,4,0,"12,11,11,11|10,2,8,7",QR2,GRAND_SLAM,MS,1802,Qualification,AXELQVIST Johan (SWE),VIPAWATANAKUL Tanawat (THA),,,4 - 0,12:10 11:2 11:8 11:7,AXELQVIST Johan,2006
Singapore Open 2006,2006-09-07,TANG Hua,VIPAWATANAKUL Tanawat,SGP,THA,4,0,"14,11,11,11|12,6,7,6",3,GRAND_SLAM,MS,1802,Qualification,TANG Hua (SGP),VIPAWATANAKUL Tanawat (THA),,,0 - 4,12:14 6:11 7:11 6:11,TANG Hua,2006
Singapore Open 2006,2006-09-07,WU Chih-Chi,HAO Anlin,TPE,SGP,4,1,"11,11,9,11,11|8,6,11,3,8",,GRAND_SLAM,MS,1802,Qualification,WU Chih-Chi (TPE),HAO Anlin (SGP),,,4 - 1,11:8 11:6 9:11 11:3 11:8,WU Chih-Chi,2006
Singapore Open 2006,2006-09-07,WU Chih-Chi,VIPAWATANAKUL Sithichok,TPE,AUS,4,0,"11,11,11,11|5,7,5,9",QR2,GRAND_SLAM,MS,1802,Qualification,WU Chih-Chi (TPE),VIPAWATANAKUL Sithichok (AUS),,,4 - 0,11:5 11:7 11:5 11:9,WU Chih-Chi,2006
Singapore Open 2006,2006-09-07,HAO Anlin,VIPAWATANAKUL Sithichok,SGP,AUS,4,0,"11,11,11,11|5,7,9,5",3,GRAND_SLAM,MS,1802,Qualification,HAO Anlin (SGP),VIPAWATANAKUL Sithichok (AUS),,,0 - 4,5:11 7:11 9:11 5:11,HAO Anlin,2006
Singapore Open 2006,2006-09-07,MACHADO Carlos,OGUSHI Haruhumi,ESP,JPN,4,2,"15,8,11,11,10,11|13,11,4,3,12,2",,GRAND_SLAM,MS,1802,Qualification,MACHADO Carlos (ESP),OGUSHI Haruhumi (JPN),,,4 - 2,15:13 8:11 11:4 11:3 10:12 11:2,MACHADO Carlos,2006
Singapore Open 2006,2006-09-07,MACHADO Carlos,SUN Wen-Wei,ESP,TPE,4,0,"11,11,12,11|9,2,10,7",QR2,GRAND_SLAM,MS,1802,Qualification,MACHADO Carlos (ESP),SUN Wen-Wei (TPE),,,4 - 0,11:9 11:2 12:10 11:7,MACHADO Carlos,2006
Singapore Open 2006,2006-09-07,SUN Wen-Wei,OGUSHI Haruhumi,TPE,JPN,4,1,"7,11,11,11,11|11,5,7,9,9",3,GRAND_SLAM,MS,1802,Qualification,SUN Wen-Wei (TPE),OGUSHI Haruhumi (JPN),,,4 - 1,7:11 11:5 11:7 11:9 11:9,SUN Wen-Wei,2006
Singapore Open 2006,2006-09-07,SVENSSON Robert,ANDI Ngadia,SWE,INA,4,0,"11,11,11,11|3,6,2,5",,GRAND_SLAM,MS,1802,Qualification,SVENSSON Robert (SWE),ANDI Ngadia (INA),,,4 - 0,11:3 11:6 11:2 11:5,SVENSSON Robert,2006
Singapore Open 2006,2006-09-07,SVENSSON Robert,MAECK Anthony,SWE,BEL,4,1,"11,11,11,9,11|9,9,4,11,8",QR2,GRAND_SLAM,MS,1802,Qualification,SVENSSON Robert (SWE),MAECK Anthony (BEL),,,4 - 1,11:9 11:9 11:4 9:11 11:8,SVENSSON Robert,2006
Singapore Open 2006,2006-09-07,MAECK Anthony,ANDI Ngadia,BEL,INA,4,0,"11,11,11,11|2,3,5,6",3,GRAND_SLAM,MS,1802,Qualification,MAECK Anthony (BEL),ANDI Ngadia (INA),,,4 - 0,11:2 11:3 11:5 11:6,MAECK Anthony,2006
Singapore Open 2006,2006-09-07,KIHO Shinnosuke,LI Hang,JPN,SGP,4,3,"10,5,11,12,11,11,11|12,11,8,10,8,13,9",,GRAND_SLAM,MS,1802,Qualification,KIHO Shinnosuke (JPN),LI Hang (SGP),,,4 - 3,10:12 5:11 11:8 12:10 11:8 11:13 11:9,KIHO Shinnosuke,2006
Singapore Open 2006,2006-09-07,KIHO Shinnosuke,CHAITAT Chaisit,JPN,THA,4,0,"11,11,11,11|2,4,4,6",QR2,GRAND_SLAM,MS,1802,Qualification,KIHO Shinnosuke (JPN),CHAITAT Chaisit (THA),,,4 - 0,11:2 11:4 11:4 11:6,KIHO Shinnosuke,2006
Singapore Open 2006,2006-09-07,LI Hang,CHAITAT Chaisit,SGP,THA,4,0,"11,12,11,11|7,10,6,4",3,GRAND_SLAM,MS,1802,Qualification,LI Hang (SGP),CHAITAT Chaisit (THA),,,0 - 4,7:11 10:12 6:11 4:11,LI Hang,2006
Singapore Open 2006,2006-09-07,CAI Xiaoli,KAWAHARA Yuji,SGP,JPN,4,1,"11,11,6,11,11|6,8,11,8,9",,GRAND_SLAM,MS,1802,Qualification,CAI Xiaoli (SGP),KAWAHARA Yuji (JPN),,,4 - 1,11:6 11:8 6:11 11:8 11:9,CAI Xiaoli,2006
Singapore Open 2006,2006-09-07,CAI Xiaoli,CHEN Chien-An,SGP,TPE,4,0,"11,11,12,11|3,4,10,4",QR2,GRAND_SLAM,MS,1802,Qualification,CAI Xiaoli (SGP),CHEN Chien-An (TPE),,,4 - 0,11:3 11:4 12:10 11:4,CAI Xiaoli,2006
Singapore Open 2006,2006-09-07,CHEN Chien-An,KAWAHARA Yuji,TPE,JPN,4,2,"11,8,12,8,11,11|8,11,10,11,7,8",3,GRAND_SLAM,MS,1802,Qualification,CHEN Chien-An (TPE),KAWAHARA Yuji (JPN),,,4 - 2,11:8 8:11 12:10 8:11 11:7 11:8,CHEN Chien-An,2006
Singapore Open 2006,2006-09-07,CARNEROS Alfredo,UY Arnie,ESP,PHI,4,1,"3,11,11,11,11|11,3,3,4,7",,GRAND_SLAM,MS,1802,Qualification,CARNEROS Alfredo (ESP),UY Arnie (PHI),,,4 - 1,3:11 11:3 11:3 11:4 11:7,CARNEROS Alfredo,2006
Singapore Open 2006,2006-09-07,CARNEROS Alfredo,AL-HASAN Ibrahem,ESP,KUW,4,0,,QR2,GRAND_SLAM,MS,1802,Qualification,CARNEROS Alfredo (ESP),AL-HASAN Ibrahem (KUW),,,4 - 0,,CARNEROS Alfredo,2006
Singapore Open 2006,2006-09-07,UY Arnie,AL-HASAN Ibrahem,PHI,KUW,4,0,,3,GRAND_SLAM,MS,1802,Qualification,UY Arnie (PHI),AL-HASAN Ibrahem (KUW),,,0 - 4,,UY Arnie,2006
Singapore Open 2006,2006-09-07,CHIANG Hung-Chieh,ZHANG Lu,TPE,SGP,4,1,"9,11,11,11,11|11,9,6,8,3",,GRAND_SLAM,MS,1802,Qualification,CHIANG Hung-Chieh (TPE),ZHANG Lu (SGP),,,4 - 1,9:11 11:9 11:6 11:8 11:3,CHIANG Hung-Chieh,2006
Singapore Open 2006,2006-09-07,CHIANG Hung-Chieh,KURASHIMA Yosuke,TPE,JPN,4,3,"9,12,6,7,11,11,16|11,10,11,11,6,7,14",QR2,GRAND_SLAM,MS,1802,Qualification,CHIANG Hung-Chieh (TPE),KURASHIMA Yosuke (JPN),,,4 - 3,9:11 12:10 6:11 7:11 11:6 11:7 16:14,CHIANG Hung-Chieh,2006
Singapore Open 2006,2006-09-07,KURASHIMA Yosuke,ZHANG Lu,JPN,SGP,4,1,"11,9,11,12,11|7,11,7,10,2",3,GRAND_SLAM,MS,1802,Qualification,KURASHIMA Yosuke (JPN),ZHANG Lu (SGP),,,4 - 1,11:7 9:11 11:7 12:10 11:2,KURASHIMA Yosuke,2006
Singapore Open 2006,2006-09-07,OMORI Takahiro,LI Xiao Shuang,JPN,SGP,4,0,"11,11,11,11|4,7,9,9",,GRAND_SLAM,MS,1802,Qualification,OMORI Takahiro (JPN),LI Xiao Shuang (SGP),,,4 - 0,11:4 11:7 11:9 11:9,OMORI Takahiro,2006
Singapore Open 2006,2006-09-07,OMORI Takahiro,SAHA Subhajit,JPN,IND,4,0,"11,11,11,12|9,8,9,10",QR2,GRAND_SLAM,MS,1802,Qualification,OMORI Takahiro (JPN),SAHA Subhajit (IND),,,4 - 0,11:9 11:8 11:9 12:10,OMORI Takahiro,2006
Singapore Open 2006,2006-09-07,LI Xiao Shuang,SAHA Subhajit,SGP,IND,4,1,"9,11,11,11,11|11,6,8,7,8",3,GRAND_SLAM,MS,1802,Qualification,LI Xiao Shuang (SGP),SAHA Subhajit (IND),,,1 - 4,11:9 6:11 8:11 7:11 8:11,LI Xiao Shuang,2006
Singapore Open 2006,2006-09-07,KAN Yo,CHOU Tung-Yu,JPN,TPE,4,0,"11,11,11,11|1,7,8,9",,GRAND_SLAM,MS,1802,Qualification,KAN Yo (JPN),CHOU Tung-Yu (TPE),,,0 - 4,1:11 7:11 8:11 9:11,KAN Yo,2006
Singapore Open 2006,2006-09-07,SANGUANSIN Phuchong,CHOU Tung-Yu,THA,TPE,4,2,"14,4,7,11,11,11|12,11,11,5,7,8",QR2,GRAND_SLAM,MS,1802,Qualification,SANGUANSIN Phuchong (THA),CHOU Tung-Yu (TPE),,,2 - 4,12:14 11:4 11:7 5:11 7:11 8:11,SANGUANSIN Phuchong,2006
Singapore Open 2006,2006-09-07,KAN Yo,SANGUANSIN Phuchong,JPN,THA,4,0,"11,11,12,11|5,9,10,4",3,GRAND_SLAM,MS,1802,Qualification,KAN Yo (JPN),SANGUANSIN Phuchong (THA),,,0 - 4,5:11 9:11 10:12 4:11,KAN Yo,2006
Singapore Open 2006,2006-09-07,JOO Baijun,ROY Soumyadeep,KOR,IND,4,0,"11,11,11,11|3,4,4,8",,GRAND_SLAM,MS,1802,Qualification,JOO Baijun (KOR),ROY Soumyadeep (IND),,,0 - 4,3:11 4:11 4:11 8:11,JOO Baijun,2006
Singapore Open 2006,2006-09-07,KITO Akira,ROY Soumyadeep,JPN,IND,4,2,"7,15,11,11,8,11|11,13,3,4,11,8",QR2,GRAND_SLAM,MS,1802,Qualification,KITO Akira (JPN),ROY Soumyadeep (IND),,,2 - 4,11:7 13:15 3:11 4:11 11:8 8:11,KITO Akira,2006
Singapore Open 2006,2006-09-07,JOO Baijun,KITO Akira,KOR,JPN,4,3,"4,6,13,11,3,11,11|11,11,11,8,11,9,9",3,GRAND_SLAM,MS,1802,Qualification,JOO Baijun (KOR),KITO Akira (JPN),,,3 - 4,11:4 11:6 11:13 8:11 11:3 9:11 9:11,JOO Baijun,2006
Singapore Open 2006,2006-09-07,SHIMOYAMA Takanori,TANG Fei,JPN,SGP,4,0,"11,11,11,11|8,9,5,9",,GRAND_SLAM,MS,1802,Qualification,SHIMOYAMA Takanori (JPN),TANG Fei (SGP),,,4 - 0,11:8 11:9 11:5 11:9,SHIMOYAMA Takanori,2006
Singapore Open 2006,2006-09-07,SHIMOYAMA Takanori,TABACHNIK Pablo,JPN,ARG,4,3,"11,11,3,6,11,9,11|8,5,11,11,3,11,4",QR2,GRAND_SLAM,MS,1802,Qualification,SHIMOYAMA Takanori (JPN),TABACHNIK Pablo (ARG),,,4 - 3,11:8 11:5 3:11 6:11 11:3 9:11 11:4,SHIMOYAMA Takanori,2006
Singapore Open 2006,2006-09-07,TABACHNIK Pablo,TANG Fei,ARG,SGP,4,3,"8,11,14,8,11,3,11|11,6,12,11,4,11,8",3,GRAND_SLAM,MS,1802,Qualification,TABACHNIK Pablo (ARG),TANG Fei (SGP),,,4 - 3,8:11 11:6 14:12 8:11 11:4 3:11 11:8,TABACHNIK Pablo,2006
Singapore Open 2006,2006-09-07,ZHOU Bin,HUANG Sheng-Sheng,CHN,TPE,4,0,"11,11,11,11|7,6,7,9",,GRAND_SLAM,MS,1802,Qualification,ZHOU Bin (CHN),HUANG Sheng-Sheng (TPE),,,0 - 4,7:11 6:11 7:11 9:11,ZHOU Bin,2006
Singapore Open 2006,2006-09-07,SANGUANSIN Phakpoom,HUANG Sheng-Sheng,THA,TPE,4,1,"7,13,11,11,11|11,11,9,8,5",QR2,GRAND_SLAM,MS,1802,Qualification,SANGUANSIN Phakpoom (THA),HUANG Sheng-Sheng (TPE),,,1 - 4,11:7 11:13 9:11 8:11 5:11,SANGUANSIN Phakpoom,2006
Singapore Open 2006,2006-09-07,ZHOU Bin,SANGUANSIN Phakpoom,CHN,THA,4,0,"11,12,12,11|1,10,10,7",3,GRAND_SLAM,MS,1802,Qualification,ZHOU Bin (CHN),SANGUANSIN Phakpoom (THA),,,0 - 4,1:11 10:12 10:12 7:11,ZHOU Bin,2006
Singapore Open 2006,2006-09-07,LIU Zhongze,JUARDIS Nisban,SGP,INA,4,0,"11,11,11,11|1,4,2,5",,GRAND_SLAM,MS,1802,Qualification,LIU Zhongze (SGP),JUARDIS Nisban (INA),,,4 - 0,11:1 11:4 11:2 11:5,LIU Zhongze,2006
Singapore Open 2006,2006-09-07,NAKANO Yusuke,HOU Ming-Tsung,JPN,TPE,4,2,"10,7,11,11,11,11|12,11,4,9,8,2",QR2,GRAND_SLAM,MS,1802,Qualification,NAKANO Yusuke (JPN),HOU Ming-Tsung (TPE),,,4 - 2,10:12 7:11 11:4 11:9 11:8 11:2,NAKANO Yusuke,2006
Singapore Open 2006,2006-09-07,HOU Ming-Tsung,JUARDIS Nisban,TPE,INA,4,0,"11,11,15,11|6,8,13,9",3,GRAND_SLAM,MS,1802,Qualification,HOU Ming-Tsung (TPE),JUARDIS Nisban (INA),,,4 - 0,11:6 11:8 15:13 11:9,HOU Ming-Tsung,2006
Singapore Open 2006,2006-09-07,LIU Zhongze,NAKANO Yusuke,SGP,JPN,4,1,"3,11,11,12,11|11,9,6,10,5",QR4,GRAND_SLAM,MS,1802,Qualification,LIU Zhongze (SGP),NAKANO Yusuke (JPN),,,1 - 4,11:3 9:11 6:11 10:12 5:11,LIU Zhongze,2006
Singapore Open 2006,2006-09-07,NAKANO Yusuke,JUARDIS Nisban,JPN,INA,4,0,"11,11,11,11|7,3,5,3",5,GRAND_SLAM,MS,1802,Qualification,NAKANO Yusuke (JPN),JUARDIS Nisban (INA),,,4 - 0,11:7 11:3 11:5 11:3,NAKANO Yusuke,2006
Singapore Open 2006,2006-09-07,LIU Zhongze,HOU Ming-Tsung,SGP,TPE,4,0,"11,11,11,11|8,6,4,9",6,GRAND_SLAM,MS,1802,Qualification,LIU Zhongze (SGP),HOU Ming-Tsung (TPE),,,4 - 0,11:8 11:6 11:4 11:9,LIU Zhongze,2006
Singapore Open 2006,2006-09-07,MA Liang,APIWATTANASOM Ruthakom,SGP,THA,4,2,"11,8,4,11,11,11|5,11,11,7,8,6",,GRAND_SLAM,MS,1802,Qualification,MA Liang (SGP),APIWATTANASOM Ruthakom (THA),,,4 - 2,11:5 8:11 4:11 11:7 11:8 11:6,MA Liang,2006
Singapore Open 2006,2006-09-07,VOSTES Yannick,BARING Harold,BEL,PHI,4,0,"15,11,11,11|13,4,7,4",QR2,GRAND_SLAM,MS,1802,Qualification,VOSTES Yannick (BEL),BARING Harold (PHI),,,4 - 0,15:13 11:4 11:7 11:4,VOSTES Yannick,2006
Singapore Open 2006,2006-09-07,BARING Harold,APIWATTANASOM Ruthakom,PHI,THA,4,0,"11,13,11,11|6,11,2,7",3,GRAND_SLAM,MS,1802,Qualification,BARING Harold (PHI),APIWATTANASOM Ruthakom (THA),,,4 - 0,11:6 13:11 11:2 11:7,BARING Harold,2006
Singapore Open 2006,2006-09-07,VOSTES Yannick,MA Liang,BEL,SGP,4,2,"11,3,11,11,11,11|13,11,6,5,3,5",QR4,GRAND_SLAM,MS,1802,Qualification,VOSTES Yannick (BEL),MA Liang (SGP),,,4 - 2,11:13 3:11 11:6 11:5 11:3 11:5,VOSTES Yannick,2006
Singapore Open 2006,2006-09-07,VOSTES Yannick,APIWATTANASOM Ruthakom,BEL,THA,4,0,"11,11,11,11|4,3,5,6",5,GRAND_SLAM,MS,1802,Qualification,VOSTES Yannick (BEL),APIWATTANASOM Ruthakom (THA),,,4 - 0,11:4 11:3 11:5 11:6,VOSTES Yannick,2006
Singapore Open 2006,2006-09-07,MA Liang,BARING Harold,SGP,PHI,4,0,"11,11,11,11|6,8,5,7",6,GRAND_SLAM,MS,1802,Qualification,MA Liang (SGP),BARING Harold (PHI),,,4 - 0,11:6 11:8 11:5 11:7,MA Liang,2006
Singapore Open 2006,2006-09-07,MA Liang,HAO Anlin,SGP,SGP,3,0,"11,11,11|7,8,4",,GRAND_SLAM,U21MS,1802,Qualification,MA Liang (SGP),HAO Anlin (SGP),,,3 - 0,11:7 11:8 11:4,MA Liang,2006
Singapore Open 2006,2006-09-07,MA Liang,AL-BAHRANI Husain,SGP,KUW,3,0,,QR2,GRAND_SLAM,U21MS,1802,Qualification,MA Liang (SGP),AL-BAHRANI Husain (KUW),,,3 - 0,,MA Liang,2006
Singapore Open 2006,2006-09-07,HAO Anlin,AL-BAHRANI Husain,SGP,KUW,3,0,,3,GRAND_SLAM,U21MS,1802,Qualification,HAO Anlin (SGP),AL-BAHRANI Husain (KUW),,,0 - 3,,HAO Anlin,2006
Singapore Open 2006,2006-09-07,LIU Zhongze,ZHANG Lu,SGP,SGP,3,0,"11,17,11|5,15,7",,GRAND_SLAM,U21MS,1802,Qualification,LIU Zhongze (SGP),ZHANG Lu (SGP),,,3 - 0,11:5 17:15 11:7,LIU Zhongze,2006
Singapore Open 2006,2006-09-07,LIU Zhongze,VIPAWATANAKUL Sithichok,SGP,AUS,3,0,"11,11,11|8,9,3",QR2,GRAND_SLAM,U21MS,1802,Qualification,LIU Zhongze (SGP),VIPAWATANAKUL Sithichok (AUS),,,3 - 0,11:8 11:9 11:3,LIU Zhongze,2006
Singapore Open 2006,2006-09-07,ZHANG Lu,VIPAWATANAKUL Sithichok,SGP,AUS,3,0,"11,11,11|8,6,8",3,GRAND_SLAM,U21MS,1802,Qualification,ZHANG Lu (SGP),VIPAWATANAKUL Sithichok (AUS),,,0 - 3,8:11 6:11 8:11,ZHANG Lu,2006
Singapore Open 2006,2006-09-07,PANG Xue Jie,AL-HASAN Ibrahem,SGP,KUW,3,0,,,GRAND_SLAM,U21MS,1802,Qualification,PANG Xue Jie (SGP),AL-HASAN Ibrahem (KUW),,,0 - 3,,PANG Xue Jie,2006
Singapore Open 2006,2006-09-07,LEE Tien Hoe Clarence,AL-HASAN Ibrahem,SGP,KUW,3,0,,QR2,GRAND_SLAM,U21MS,1802,Qualification,LEE Tien Hoe Clarence (SGP),AL-HASAN Ibrahem (KUW),,,0 - 3,,LEE Tien Hoe Clarence,2006
Singapore Open 2006,2006-09-07,LEE Tien Hoe Clarence,PANG Xue Jie,SGP,SGP,3,0,"11,11,11|7,6,7",3,GRAND_SLAM,U21MS,1802,Qualification,LEE Tien Hoe Clarence (SGP),PANG Xue Jie (SGP),,,3 - 0,11:7 11:6 11:7,LEE Tien Hoe Clarence,2006
Singapore Open 2006,2006-09-07,CHEN Chien-An,GOH Yi Long,TPE,SGP,3,0,"11,11,11|4,5,5",,GRAND_SLAM,U21MS,1802,Qualification,CHEN Chien-An (TPE),GOH Yi Long (SGP),,,3 - 0,11:4 11:5 11:5,CHEN Chien-An,2006
Singapore Open 2006,2006-09-07,LI Hang,WONG Daniel,SGP,SGP,3,0,"11,11,11|5,5,5",QR2,GRAND_SLAM,U21MS,1802,Qualification,LI Hang (SGP),WONG Daniel (SGP),,,3 - 0,11:5 11:5 11:5,LI Hang,2006
Singapore Open 2006,2006-09-07,CHEN Chien-An,WONG Daniel,TPE,SGP,3,0,"11,11,11|5,4,7",3,GRAND_SLAM,U21MS,1802,Qualification,CHEN Chien-An (TPE),WONG Daniel (SGP),,,3 - 0,11:5 11:4 11:7,CHEN Chien-An,2006
Singapore Open 2006,2006-09-07,LI Hang,GOH Yi Long,SGP,SGP,3,0,"11,15,11|3,13,9",QR4,GRAND_SLAM,U21MS,1802,Qualification,LI Hang (SGP),GOH Yi Long (SGP),,,3 - 0,11:3 15:13 11:9,LI Hang,2006
Singapore Open 2006,2006-09-07,CHEN Chien-An,LI Hang,TPE,SGP,3,1,"11,7,14,11|8,11,12,8",5,GRAND_SLAM,U21MS,1802,Qualification,CHEN Chien-An (TPE),LI Hang (SGP),,,3 - 1,11:8 7:11 14:12 11:8,CHEN Chien-An,2006
Singapore Open 2006,2006-09-07,GOH Yi Long,WONG Daniel,SGP,SGP,3,2,"8,12,10,11,11|11,10,12,9,9",6,GRAND_SLAM,U21MS,1802,Qualification,GOH Yi Long (SGP),WONG Daniel (SGP),,,2 - 3,11:8 10:12 12:10 9:11 9:11,GOH Yi Long,2006
Singapore Open 2006,2006-09-07,TANG Fei,VIPAWATANAKUL Sithichok,SGP,AUS,3,0,"11,11,12|5,2,10",,GRAND_SLAM,U21MS,1802,Qualification,TANG Fei (SGP),VIPAWATANAKUL Sithichok (AUS),,,0 - 3,5:11 2:11 10:12,TANG Fei,2006
Singapore Open 2006,2006-09-07,LI Xiao Shuang,HOU Ming-Tsung,SGP,TPE,3,1,"11,11,8,11|4,6,11,9",QR2,GRAND_SLAM,U21MS,1802,Qualification,LI Xiao Shuang (SGP),HOU Ming-Tsung (TPE),,,3 - 1,11:4 11:6 8:11 11:9,LI Xiao Shuang,2006
Singapore Open 2006,2006-09-07,HOU Ming-Tsung,VIPAWATANAKUL Sithichok,TPE,AUS,3,1,"11,11,7,11|2,9,11,7",3,GRAND_SLAM,U21MS,1802,Qualification,HOU Ming-Tsung (TPE),VIPAWATANAKUL Sithichok (AUS),,,1 - 3,2:11 9:11 11:7 7:11,HOU Ming-Tsung,2006
Singapore Open 2006,2006-09-07,TANG Fei,LI Xiao Shuang,SGP,SGP,3,0,"11,11,11|9,4,7",QR4,GRAND_SLAM,U21MS,1802,Qualification,TANG Fei (SGP),LI Xiao Shuang (SGP),,,0 - 3,9:11 4:11 7:11,TANG Fei,2006
Singapore Open 2006,2006-09-07,LI Xiao Shuang,VIPAWATANAKUL Sithichok,SGP,AUS,3,0,"11,11,11|3,8,9",5,GRAND_SLAM,U21MS,1802,Qualification,LI Xiao Shuang (SGP),VIPAWATANAKUL Sithichok (AUS),,,0 - 3,3:11 8:11 9:11,LI Xiao Shuang,2006
Singapore Open 2006,2006-09-07,TANG Fei,HOU Ming-Tsung,SGP,TPE,3,0,"11,11,11|9,6,9",6,GRAND_SLAM,U21MS,1802,Qualification,TANG Fei (SGP),HOU Ming-Tsung (TPE),,,0 - 3,9:11 6:11 9:11,TANG Fei,2006
Singapore Open 2006,2006-09-07,WANG Liqin,LI Xiao Shuang,CHN,SGP,4,0,"11,11,11,11|7,4,3,4",R64,GRAND_SLAM,MS,1802,Main Draw,WANG Liqin (CHN),LI Xiao Shuang (SGP),,,4 - 0,11:7 11:4 11:3 11:4,WANG Liqin,2006
Singapore Open 2006,2006-09-07,YOON Jaeyoung,SHIMOYAMA Takanori,KOR,JPN,4,2,"11,11,3,3,14,11|8,5,11,11,12,6",R64,GRAND_SLAM,MS,1802,Main Draw,YOON Jaeyoung (KOR),SHIMOYAMA Takanori (JPN),,,2 - 4,8:11 5:11 11:3 11:3 12:14 6:11,YOON Jaeyoung,2006
Singapore Open 2006,2006-09-07,LIU Zhongze,FENG Zhe,SGP,BUL,4,0,,R64,GRAND_SLAM,MS,1802,Main Draw,LIU Zhongze (SGP),FENG Zhe (BUL),,,0 - 4,,LIU Zhongze,2006
Singapore Open 2006,2006-09-07,MA Long,SANGUANSIN Phuchong,CHN,THA,4,0,"11,11,12,11|7,6,10,8",R64,GRAND_SLAM,MS,1802,Main Draw,MA Long (CHN),SANGUANSIN Phuchong (THA),,,0 - 4,7:11 6:11 10:12 8:11,MA Long,2006
Singapore Open 2006,2006-09-07,KO Lai Chak,LI Hang,HKG,SGP,4,2,"11,11,6,11,6,11|9,6,11,5,11,7",R64,GRAND_SLAM,MS,1802,Main Draw,KO Lai Chak (HKG),LI Hang (SGP),,,4 - 2,11:9 11:6 6:11 11:5 6:11 11:7,KO Lai Chak,2006
Singapore Open 2006,2006-09-07,CHO Eonrae,CHIANG Hung-Chieh,KOR,TPE,4,1,"8,11,11,11,11|11,8,8,8,9",R64,GRAND_SLAM,MS,1802,Main Draw,CHO Eonrae (KOR),CHIANG Hung-Chieh (TPE),,,1 - 4,11:8 8:11 8:11 8:11 9:11,CHO Eonrae,2006
Singapore Open 2006,2006-09-07,LEE Jinkwon,WU Chih-Chi,KOR,TPE,4,3,"11,9,11,7,11,12,11|5,11,4,11,13,10,6",R64,GRAND_SLAM,MS,1802,Main Draw,LEE Jinkwon (KOR),WU Chih-Chi (TPE),,,4 - 3,11:5 9:11 11:4 7:11 11:13 12:10 11:6,LEE Jinkwon,2006
Singapore Open 2006,2006-09-07,SCHLAGER Werner,TANG Hua,AUT,SGP,4,1,"11,10,11,11,11|1,12,8,3,9",R64,GRAND_SLAM,MS,1802,Main Draw,SCHLAGER Werner (AUT),TANG Hua (SGP),,,1 - 4,1:11 12:10 8:11 3:11 9:11,SCHLAGER Werner,2006
Singapore Open 2006,2006-09-07,CHUANG Chih-Yuan,UY Arnie,TPE,PHI,4,0,"11,11,11,11|5,2,3,9",R64,GRAND_SLAM,MS,1802,Main Draw,CHUANG Chih-Yuan (TPE),UY Arnie (PHI),,,4 - 0,11:5 11:2 11:3 11:9,CHUANG Chih-Yuan,2006
Singapore Open 2006,2006-09-07,YANG Zi,AXELQVIST Johan,SGP,SWE,4,1,"11,7,11,12,11|6,11,6,10,5",R64,GRAND_SLAM,MS,1802,Main Draw,YANG Zi (SGP),AXELQVIST Johan (SWE),,,1 - 4,6:11 11:7 6:11 10:12 5:11,YANG Zi,2006
Singapore Open 2006,2006-09-07,TANG Peng,ACHANTA Sharath,HKG,IND,4,0,"11,11,11,11|9,3,6,8",R64,GRAND_SLAM,MS,1802,Main Draw,TANG Peng (HKG),ACHANTA Sharath (IND),,,4 - 0,11:9 11:3 11:6 11:8,TANG Peng,2006
Singapore Open 2006,2006-09-07,LEE Jungwoo,NAKANO Yusuke,KOR,JPN,4,0,"11,11,11,11|5,5,5,7",R64,GRAND_SLAM,MS,1802,Main Draw,LEE Jungwoo (KOR),NAKANO Yusuke (JPN),,,0 - 4,5:11 5:11 5:11 7:11,LEE Jungwoo,2006
Singapore Open 2006,2006-09-07,LI Ching,MA Liang,HKG,SGP,4,0,"11,11,11,11|6,7,8,9",R64,GRAND_SLAM,MS,1802,Main Draw,LI Ching (HKG),MA Liang (SGP),,,4 - 0,11:6 11:7 11:8 11:9,LI Ching,2006
Singapore Open 2006,2006-09-07,WOSIK Torben,SVENSSON Robert,GER,SWE,4,2,"8,11,9,11,12,11|11,5,11,9,10,9",R64,GRAND_SLAM,MS,1802,Main Draw,WOSIK Torben (GER),SVENSSON Robert (SWE),,,2 - 4,11:8 5:11 11:9 9:11 10:12 9:11,WOSIK Torben,2006
Singapore Open 2006,2006-09-07,HOU Yingchao,OMORI Takahiro,CAN,JPN,4,0,"11,11,12,11|6,9,10,7",R64,GRAND_SLAM,MS,1802,Main Draw,HOU Yingchao (CAN),OMORI Takahiro (JPN),,,4 - 0,11:6 11:9 12:10 11:7,HOU Yingchao,2006
Singapore Open 2006,2006-09-07,CHEN Qi,KITO Akira,CHN,JPN,4,0,"11,11,11,11|5,9,7,7",R64,GRAND_SLAM,MS,1802,Main Draw,CHEN Qi (CHN),KITO Akira (JPN),,,0 - 4,5:11 9:11 7:11 7:11,CHEN Qi,2006
Singapore Open 2006,2006-09-07,OH Sangeun,TAKEYA Koichi,KOR,JPN,4,1,"8,11,11,11,11|11,8,5,5,9",R64,GRAND_SLAM,MS,1802,Main Draw,OH Sangeun (KOR),TAKEYA Koichi (JPN),,,4 - 1,8:11 11:8 11:5 11:5 11:9,OH Sangeun,2006
Singapore Open 2006,2006-09-07,CHOI Hyunjin,MACHADO Carlos,KOR,ESP,4,1,"14,15,11,7,11|12,13,7,11,9",R64,GRAND_SLAM,MS,1802,Main Draw,CHOI Hyunjin (KOR),MACHADO Carlos (ESP),,,1 - 4,12:14 13:15 7:11 11:7 9:11,CHOI Hyunjin,2006
Singapore Open 2006,2006-09-07,VOSTES Yannick,ZHANG Wilson,BEL,CAN,4,3,"14,11,11,5,11,6,11|12,13,1,11,6,11,8",R64,GRAND_SLAM,MS,1802,Main Draw,VOSTES Yannick (BEL),ZHANG Wilson (CAN),,,3 - 4,12:14 13:11 1:11 11:5 6:11 11:6 8:11,VOSTES Yannick,2006
Singapore Open 2006,2006-09-07,JOO Saehyuk,TABACHNIK Pablo,KOR,ARG,4,0,"11,11,11,11|7,5,6,8",R64,GRAND_SLAM,MS,1802,Main Draw,JOO Saehyuk (KOR),TABACHNIK Pablo (ARG),,,0 - 4,7:11 5:11 6:11 8:11,JOO Saehyuk,2006
Singapore Open 2006,2006-09-07,GARDOS Robert,KURASHIMA Yosuke,AUT,JPN,4,2,"11,14,11,9,11,11|5,12,13,11,4,5",R64,GRAND_SLAM,MS,1802,Main Draw,GARDOS Robert (AUT),KURASHIMA Yosuke (JPN),,,4 - 2,11:5 14:12 11:13 9:11 11:4 11:5,GARDOS Robert,2006
Singapore Open 2006,2006-09-07,LIU Song,JOO Baijun,ARG,KOR,4,1,"11,7,11,11,11|7,11,1,9,7",R64,GRAND_SLAM,MS,1802,Main Draw,LIU Song (ARG),JOO Baijun (KOR),,,1 - 4,7:11 11:7 1:11 9:11 7:11,LIU Song,2006
Singapore Open 2006,2006-09-07,ZHOU Bin,TOSIC Roko,CHN,CRO,4,1,"11,14,11,11,11|8,16,5,9,2",R64,GRAND_SLAM,MS,1802,Main Draw,ZHOU Bin (CHN),TOSIC Roko (CRO),,,1 - 4,8:11 16:14 5:11 9:11 2:11,ZHOU Bin,2006
Singapore Open 2006,2006-09-07,RYU Seungmin,HAO Anlin,KOR,SGP,4,1,"11,11,18,11,11|6,2,20,1,6",R64,GRAND_SLAM,MS,1802,Main Draw,RYU Seungmin (KOR),HAO Anlin (SGP),,,1 - 4,6:11 2:11 20:18 1:11 6:11,RYU Seungmin,2006
Singapore Open 2006,2006-09-07,CHEN Weixing,MAECK Anthony,AUT,BEL,4,0,"11,11,11,11|9,8,3,6",R64,GRAND_SLAM,MS,1802,Main Draw,CHEN Weixing (AUT),MAECK Anthony (BEL),,,4 - 0,11:9 11:8 11:3 11:6,CHEN Weixing,2006
Singapore Open 2006,2006-09-07,GIONIS Panagiotis,KIHO Shinnosuke,GRE,JPN,4,3,"11,9,11,11,9,9,16|5,11,9,7,11,11,14",R64,GRAND_SLAM,MS,1802,Main Draw,GIONIS Panagiotis (GRE),KIHO Shinnosuke (JPN),,,3 - 4,5:11 11:9 9:11 7:11 11:9 11:9 14:16,GIONIS Panagiotis,2006
Singapore Open 2006,2006-09-07,KAN Yo,LIM Jaehyun,JPN,KOR,4,2,"11,5,11,14,5,12|8,11,7,12,11,10",R64,GRAND_SLAM,MS,1802,Main Draw,KAN Yo (JPN),LIM Jaehyun (KOR),,,2 - 4,8:11 11:5 7:11 12:14 11:5 10:12,KAN Yo,2006
Singapore Open 2006,2006-09-07,GAO Ning,SANGUANSIN Phakpoom,SGP,THA,4,0,"11,11,11,11|5,8,7,7",R64,GRAND_SLAM,MS,1802,Main Draw,GAO Ning (SGP),SANGUANSIN Phakpoom (THA),,,0 - 4,5:11 8:11 7:11 7:11,GAO Ning,2006
Singapore Open 2006,2006-09-07,YOSHIDA Kaii,SUN Wen-Wei,JPN,TPE,4,2,"9,11,12,8,11,11|11,4,10,11,7,4",R64,GRAND_SLAM,MS,1802,Main Draw,YOSHIDA Kaii (JPN),SUN Wen-Wei (TPE),,,4 - 2,9:11 11:4 12:10 8:11 11:7 11:4,YOSHIDA Kaii,2006
Singapore Open 2006,2006-09-07,JIANG Tianyi,CARNEROS Alfredo,HKG,ESP,4,0,"14,11,11,11|12,8,6,7",R64,GRAND_SLAM,MS,1802,Main Draw,JIANG Tianyi (HKG),CARNEROS Alfredo (ESP),,,0 - 4,12:14 8:11 6:11 7:11,JIANG Tianyi,2006
Singapore Open 2006,2006-09-07,KIM Junghoon,CAI Xiaoli,KOR,SGP,4,0,"11,11,11,11|7,6,7,8",R64,GRAND_SLAM,MS,1802,Main Draw,KIM Junghoon (KOR),CAI Xiaoli (SGP),,,4 - 0,11:7 11:6 11:7 11:8,KIM Junghoon,2006
Singapore Open 2006,2006-09-07,MA Lin,CHEN Chien-An,CHN,TPE,4,0,"11,11,11,11|5,8,6,2",R64,GRAND_SLAM,MS,1802,Main Draw,MA Lin (CHN),CHEN Chien-An (TPE),,,0 - 4,5:11 8:11 6:11 2:11,MA Lin,2006
Singapore Open 2006,2006-09-07,WANG Liqin,YOON Jaeyoung,CHN,KOR,4,0,"11,11,11,11|4,3,8,2",R32,GRAND_SLAM,MS,1802,Main Draw,WANG Liqin (CHN),YOON Jaeyoung (KOR),,,4 - 0,11:4 11:3 11:8 11:2,WANG Liqin,2006
Singapore Open 2006,2006-09-07,MA Long,LIU Zhongze,CHN,SGP,4,0,"12,11,11,11|10,3,7,9",R32,GRAND_SLAM,MS,1802,Main Draw,MA Long (CHN),LIU Zhongze (SGP),,,0 - 4,10:12 3:11 7:11 9:11,MA Long,2006
Singapore Open 2006,2006-09-07,CHO Eonrae,KO Lai Chak,KOR,HKG,4,3,"11,4,8,11,11,9,11|9,11,11,3,4,11,9",R32,GRAND_SLAM,MS,1802,Main Draw,CHO Eonrae (KOR),KO Lai Chak (HKG),,,3 - 4,9:11 11:4 11:8 3:11 4:11 11:9 9:11,CHO Eonrae,2006
Singapore Open 2006,2006-09-07,SCHLAGER Werner,LEE Jinkwon,AUT,KOR,4,2,"11,9,11,12,4,11|6,11,6,10,11,9",R32,GRAND_SLAM,MS,1802,Main Draw,SCHLAGER Werner (AUT),LEE Jinkwon (KOR),,,2 - 4,6:11 11:9 6:11 10:12 11:4 9:11,SCHLAGER Werner,2006
Singapore Open 2006,2006-09-07,CHUANG Chih-Yuan,YANG Zi,TPE,SGP,4,3,"6,8,6,11,11,11,13|11,11,11,3,7,8,11",R32,GRAND_SLAM,MS,1802,Main Draw,CHUANG Chih-Yuan (TPE),YANG Zi (SGP),,,4 - 3,6:11 8:11 6:11 11:3 11:7 11:8 13:11,CHUANG Chih-Yuan,2006
Singapore Open 2006,2006-09-07,LEE Jungwoo,TANG Peng,KOR,HKG,4,0,"11,11,11,11|9,9,8,6",R32,GRAND_SLAM,MS,1802,Main Draw,LEE Jungwoo (KOR),TANG Peng (HKG),,,0 - 4,9:11 9:11 8:11 6:11,LEE Jungwoo,2006
Singapore Open 2006,2006-09-07,LI Ching,WOSIK Torben,HKG,GER,4,1,"11,11,5,12,11|7,7,11,10,5",R32,GRAND_SLAM,MS,1802,Main Draw,LI Ching (HKG),WOSIK Torben (GER),,,4 - 1,11:7 11:7 5:11 12:10 11:5,LI Ching,2006
Singapore Open 2006,2006-09-07,HOU Yingchao,CHEN Qi,CAN,CHN,4,1,"11,11,11,6,11|7,5,8,11,9",R32,GRAND_SLAM,MS,1802,Main Draw,HOU Yingchao (CAN),CHEN Qi (CHN),,,4 - 1,11:7 11:5 11:8 6:11 11:9,HOU Yingchao,2006
Singapore Open 2006,2006-09-07,OH Sangeun,CHOI Hyunjin,KOR,KOR,4,0,"13,11,11,12|11,7,9,10",R32,GRAND_SLAM,MS,1802,Main Draw,OH Sangeun (KOR),CHOI Hyunjin (KOR),,,4 - 0,13:11 11:7 11:9 12:10,OH Sangeun,2006
Singapore Open 2006,2006-09-07,JOO Saehyuk,VOSTES Yannick,KOR,BEL,4,0,"11,11,11,11|3,7,9,8",R32,GRAND_SLAM,MS,1802,Main Draw,JOO Saehyuk (KOR),VOSTES Yannick (BEL),,,0 - 4,3:11 7:11 9:11 8:11,JOO Saehyuk,2006
Singapore Open 2006,2006-09-07,LIU Song,GARDOS Robert,ARG,AUT,4,1,"11,5,12,11,11|9,11,10,8,8",R32,GRAND_SLAM,MS,1802,Main Draw,LIU Song (ARG),GARDOS Robert (AUT),,,1 - 4,9:11 11:5 10:12 8:11 8:11,LIU Song,2006
Singapore Open 2006,2006-09-07,ZHOU Bin,RYU Seungmin,CHN,KOR,4,0,"11,11,11,11|4,7,9,9",R32,GRAND_SLAM,MS,1802,Main Draw,ZHOU Bin (CHN),RYU Seungmin (KOR),,,4 - 0,11:4 11:7 11:9 11:9,ZHOU Bin,2006
Singapore Open 2006,2006-09-07,CHEN Weixing,GIONIS Panagiotis,AUT,GRE,4,1,"11,11,11,9,11|5,5,3,11,4",R32,GRAND_SLAM,MS,1802,Main Draw,CHEN Weixing (AUT),GIONIS Panagiotis (GRE),,,4 - 1,11:5 11:5 11:3 9:11 11:4,CHEN Weixing,2006
Singapore Open 2006,2006-09-07,GAO Ning,KAN Yo,SGP,JPN,4,0,"12,11,11,11|10,9,7,5",R32,GRAND_SLAM,MS,1802,Main Draw,GAO Ning (SGP),KAN Yo (JPN),,,0 - 4,10:12 9:11 7:11 5:11,GAO Ning,2006
Singapore Open 2006,2006-09-07,JIANG Tianyi,YOSHIDA Kaii,HKG,JPN,4,1,"6,11,12,11,12|11,9,10,5,10",R32,GRAND_SLAM,MS,1802,Main Draw,JIANG Tianyi (HKG),YOSHIDA Kaii (JPN),,,1 - 4,11:6 9:11 10:12 5:11 10:12,JIANG Tianyi,2006
Singapore Open 2006,2006-09-07,MA Lin,KIM Junghoon,CHN,KOR,4,0,"11,11,11,12|7,6,9,10",R32,GRAND_SLAM,MS,1802,Main Draw,MA Lin (CHN),KIM Junghoon (KOR),,,0 - 4,7:11 6:11 9:11 10:12,MA Lin,2006
Singapore Open 2006,2006-09-07,MA Long,WANG Liqin,CHN,CHN,4,1,"11,11,11,4,11|9,7,8,11,5",R16,GRAND_SLAM,MS,1802,Main Draw,MA Long (CHN),WANG Liqin (CHN),,,1 - 4,9:11 7:11 8:11 11:4 5:11,MA Long,2006
Singapore Open 2006,2006-09-07,SCHLAGER Werner,CHO Eonrae,AUT,KOR,4,1,"6,11,11,14,11|11,8,4,12,7",R16,GRAND_SLAM,MS,1802,Main Draw,SCHLAGER Werner (AUT),CHO Eonrae (KOR),,,1 - 4,11:6 8:11 4:11 12:14 7:11,SCHLAGER Werner,2006
Singapore Open 2006,2006-09-07,CHUANG Chih-Yuan,LEE Jungwoo,TPE,KOR,4,1,"11,13,9,11,11|9,11,11,7,4",R16,GRAND_SLAM,MS,1802,Main Draw,CHUANG Chih-Yuan (TPE),LEE Jungwoo (KOR),,,4 - 1,11:9 13:11 9:11 11:7 11:4,CHUANG Chih-Yuan,2006
Singapore Open 2006,2006-09-07,LI Ching,HOU Yingchao,HKG,CAN,4,1,"4,13,11,14,11|11,11,8,12,9",R16,GRAND_SLAM,MS,1802,Main Draw,LI Ching (HKG),HOU Yingchao (CAN),,,4 - 1,4:11 13:11 11:8 14:12 11:9,LI Ching,2006
Singapore Open 2006,2006-09-07,OH Sangeun,JOO Saehyuk,KOR,KOR,4,1,"7,11,11,11,11|11,5,2,8,8",R16,GRAND_SLAM,MS,1802,Main Draw,OH Sangeun (KOR),JOO Saehyuk (KOR),,,4 - 1,7:11 11:5 11:2 11:8 11:8,OH Sangeun,2006
Singapore Open 2006,2006-09-07,ZHOU Bin,LIU Song,CHN,ARG,4,3,"6,11,9,9,11,11,11|11,9,11,11,9,8,5",R16,GRAND_SLAM,MS,1802,Main Draw,ZHOU Bin (CHN),LIU Song (ARG),,,3 - 4,11:6 9:11 11:9 11:9 9:11 8:11 5:11,ZHOU Bin,2006
Singapore Open 2006,2006-09-07,CHEN Weixing,GAO Ning,AUT,SGP,4,2,"11,10,9,11,11,11|6,12,11,9,8,5",R16,GRAND_SLAM,MS,1802,Main Draw,CHEN Weixing (AUT),GAO Ning (SGP),,,4 - 2,11:6 10:12 9:11 11:9 11:8 11:5,CHEN Weixing,2006
Singapore Open 2006,2006-09-07,MA Lin,JIANG Tianyi,CHN,HKG,4,1,"7,12,11,11,11|11,10,7,7,6",R16,GRAND_SLAM,MS,1802,Main Draw,MA Lin (CHN),JIANG Tianyi (HKG),,,1 - 4,11:7 10:12 7:11 7:11 6:11,MA Lin,2006
Singapore Open 2006,2006-09-07,MA Long,SCHLAGER Werner,CHN,AUT,4,1,"11,9,11,11,11|8,11,2,6,7",QuarterFinal,GRAND_SLAM,MS,1802,Main Draw,MA Long (CHN),SCHLAGER Werner (AUT),,,4 - 1,11:8 9:11 11:2 11:6 11:7,MA Long,2006
Singapore Open 2006,2006-09-07,CHUANG Chih-Yuan,LI Ching,TPE,HKG,4,0,"11,11,12,11|6,9,10,8",QuarterFinal,GRAND_SLAM,MS,1802,Main Draw,CHUANG Chih-Yuan (TPE),LI Ching (HKG),,,4 - 0,11:6 11:9 12:10 11:8,CHUANG Chih-Yuan,2006
Singapore Open 2006,2006-09-07,ZHOU Bin,OH Sangeun,CHN,KOR,4,1,"8,11,11,11,13|11,5,7,7,11",QuarterFinal,GRAND_SLAM,MS,1802,Main Draw,ZHOU Bin (CHN),OH Sangeun (KOR),,,1 - 4,11:8 5:11 7:11 7:11 11:13,ZHOU Bin,2006
Singapore Open 2006,2006-09-07,MA Lin,CHEN Weixing,CHN,AUT,4,1,"8,13,12,11,11|11,11,10,6,7",QuarterFinal,GRAND_SLAM,MS,1802,Main Draw,MA Lin (CHN),CHEN Weixing (AUT),,,1 - 4,11:8 11:13 10:12 6:11 7:11,MA Lin,2006
Singapore Open 2006,2006-09-07,CHUANG Chih-Yuan,MA Long,TPE,CHN,4,2,"13,5,11,7,13,11|11,11,5,11,11,5",SemiFinal,GRAND_SLAM,MS,1802,Main Draw,CHUANG Chih-Yuan (TPE),MA Long (CHN),,,2 - 4,11:13 11:5 5:11 11:7 11:13 5:11,CHUANG Chih-Yuan,2006
Singapore Open 2006,2006-09-07,MA Lin,ZHOU Bin,CHN,CHN,4,1,"11,5,11,11,11|7,11,7,8,5",SemiFinal,GRAND_SLAM,MS,1802,Main Draw,MA Lin (CHN),ZHOU Bin (CHN),,,1 - 4,7:11 11:5 7:11 8:11 5:11,MA Lin,2006
Singapore Open 2006,2006-09-07,MA Lin,CHUANG Chih-Yuan,CHN,TPE,4,3,"6,11,11,11,12,11,11|11,13,2,9,14,9,5",Final,GRAND_SLAM,MS,1802,Main Draw,MA Lin (CHN),CHUANG Chih-Yuan (TPE),,,3 - 4,11:6 13:11 2:11 9:11 14:12 9:11 5:11,MA Lin,2006
Singapore Open 2006,2006-09-07,JIANG Tianyi,ZHANG Lu,HKG,SGP,4,1,"11,11,2,11,11|2,6,11,3,6",R16,GRAND_SLAM,U21MS,1802,Main Draw,JIANG Tianyi (HKG),ZHANG Lu (SGP),,,4 - 1,11:2 11:6 2:11 11:3 11:6,JIANG Tianyi,2006
Singapore Open 2006,2006-09-07,LIU Zhongze,HUANG Sheng-Sheng,SGP,TPE,4,1,"5,11,11,11,11|11,9,5,8,7",R16,GRAND_SLAM,U21MS,1802,Main Draw,LIU Zhongze (SGP),HUANG Sheng-Sheng (TPE),,,4 - 1,5:11 11:9 11:5 11:8 11:7,LIU Zhongze,2006
Singapore Open 2006,2006-09-07,CHOU Tung-Yu,TANG Fei,TPE,SGP,4,0,"11,11,11,11|9,2,8,7",R16,GRAND_SLAM,U21MS,1802,Main Draw,CHOU Tung-Yu (TPE),TANG Fei (SGP),,,4 - 0,11:9 11:2 11:8 11:7,CHOU Tung-Yu,2006
Singapore Open 2006,2006-09-07,CHIANG Hung-Chieh,MA Liang,TPE,SGP,4,3,"8,4,11,7,11,16,11|11,11,3,11,6,14,3",R16,GRAND_SLAM,U21MS,1802,Main Draw,CHIANG Hung-Chieh (TPE),MA Liang (SGP),,,3 - 4,11:8 11:4 3:11 11:7 6:11 14:16 3:11,CHIANG Hung-Chieh,2006
Singapore Open 2006,2006-09-07,WU Chih-Chi,PANG Xue Jie,TPE,SGP,4,1,"11,11,11,8,11|7,4,6,11,2",R16,GRAND_SLAM,U21MS,1802,Main Draw,WU Chih-Chi (TPE),PANG Xue Jie (SGP),,,4 - 1,11:7 11:4 11:6 8:11 11:2,WU Chih-Chi,2006
Singapore Open 2006,2006-09-07,SHIMOYAMA Takanori,CHEN Chien-An,JPN,TPE,4,0,"11,11,11,11|5,6,5,4",R16,GRAND_SLAM,U21MS,1802,Main Draw,SHIMOYAMA Takanori (JPN),CHEN Chien-An (TPE),,,0 - 4,5:11 6:11 5:11 4:11,SHIMOYAMA Takanori,2006
Singapore Open 2006,2006-09-07,VOSTES Yannick,LEE Tien Hoe Clarence,BEL,SGP,4,0,"11,11,12,11|4,8,10,8",R16,GRAND_SLAM,U21MS,1802,Main Draw,VOSTES Yannick (BEL),LEE Tien Hoe Clarence (SGP),,,4 - 0,11:4 11:8 12:10 11:8,VOSTES Yannick,2006
Singapore Open 2006,2006-09-07,AXELQVIST Johan,LI Hang,SWE,SGP,4,1,"11,11,10,11,11|6,5,12,6,9",R16,GRAND_SLAM,U21MS,1802,Main Draw,AXELQVIST Johan (SWE),LI Hang (SGP),,,1 - 4,6:11 5:11 12:10 6:11 9:11,AXELQVIST Johan,2006
Singapore Open 2006,2006-09-07,LIU Zhongze,JIANG Tianyi,SGP,HKG,4,3,"6,6,9,11,11,11,11|11,11,11,9,7,9,8",QuarterFinal,GRAND_SLAM,U21MS,1802,Main Draw,LIU Zhongze (SGP),JIANG Tianyi (HKG),,,3 - 4,11:6 11:6 11:9 9:11 7:11 9:11 8:11,LIU Zhongze,2006
Singapore Open 2006,2006-09-07,CHIANG Hung-Chieh,CHOU Tung-Yu,TPE,TPE,4,2,"11,7,7,13,11,12|8,11,11,11,6,10",QuarterFinal,GRAND_SLAM,U21MS,1802,Main Draw,CHIANG Hung-Chieh (TPE),CHOU Tung-Yu (TPE),,,2 - 4,8:11 11:7 11:7 11:13 6:11 10:12,CHIANG Hung-Chieh,2006
Singapore Open 2006,2006-09-07,WU Chih-Chi,SHIMOYAMA Takanori,TPE,JPN,4,0,"12,11,11,11|10,6,9,5",QuarterFinal,GRAND_SLAM,U21MS,1802,Main Draw,WU Chih-Chi (TPE),SHIMOYAMA Takanori (JPN),,,4 - 0,12:10 11:6 11:9 11:5,WU Chih-Chi,2006
Singapore Open 2006,2006-09-07,AXELQVIST Johan,VOSTES Yannick,SWE,BEL,4,1,"11,11,5,11,11|8,9,11,9,6",QuarterFinal,GRAND_SLAM,U21MS,1802,Main Draw,AXELQVIST Johan (SWE),VOSTES Yannick (BEL),,,1 - 4,8:11 9:11 11:5 9:11 6:11,AXELQVIST Johan,2006
Singapore Open 2006,2006-09-07,LIU Zhongze,CHIANG Hung-Chieh,SGP,TPE,4,1,"11,11,12,7,11|5,7,10,11,9",SemiFinal,GRAND_SLAM,U21MS,1802,Main Draw,LIU Zhongze (SGP),CHIANG Hung-Chieh (TPE),,,4 - 1,11:5 11:7 12:10 7:11 11:9,LIU Zhongze,2006
Singapore Open 2006,2006-09-07,WU Chih-Chi,AXELQVIST Johan,TPE,SWE,4,0,"12,11,11,11|10,7,6,7",SemiFinal,GRAND_SLAM,U21MS,1802,Main Draw,WU Chih-Chi (TPE),AXELQVIST Johan (SWE),,,4 - 0,12:10 11:7 11:6 11:7,WU Chih-Chi,2006
Singapore Open 2006,2006-09-07,WU Chih-Chi,LIU Zhongze,TPE,SGP,4,3,"7,11,8,11,11,10,11|11,7,11,7,8,12,5",Final,GRAND_SLAM,U21MS,1802,Main Draw,WU Chih-Chi (TPE),LIU Zhongze (SGP),,,3 - 4,11:7 7:11 11:8 7:11 8:11 12:10 5:11,WU Chih-Chi,2006
Singapore Open 2006,2006-09-07,LEE Hyangmi,ZHANG Xueling,KOR,SGP,4,1,"11,11,11,7,11|9,5,5,11,7",,GRAND_SLAM,WS,1802,Qualification,LEE Hyangmi (KOR),ZHANG Xueling (SGP),,,1 - 4,9:11 5:11 5:11 11:7 7:11,LEE Hyangmi,2006
Singapore Open 2006,2006-09-07,ZHANG Xueling,DVORAK Galia,SGP,ESP,4,1,"11,11,13,11,11|9,6,15,8,7",QR2,GRAND_SLAM,WS,1802,Qualification,ZHANG Xueling (SGP),DVORAK Galia (ESP),,,4 - 1,11:9 11:6 13:15 11:8 11:7,ZHANG Xueling,2006
Singapore Open 2006,2006-09-07,DVORAK Galia,LEE Hyangmi,ESP,KOR,4,2,"15,12,9,11,7,11|13,10,11,8,11,9",3,GRAND_SLAM,WS,1802,Qualification,DVORAK Galia (ESP),LEE Hyangmi (KOR),,,4 - 2,15:13 12:10 9:11 11:8 7:11 11:9,DVORAK Galia,2006
Singapore Open 2006,2006-09-07,CHANG Chenchen,LEE I-Chen,CHN,TPE,4,0,"11,11,11,11|8,9,2,6",,GRAND_SLAM,WS,1802,Qualification,CHANG Chenchen (CHN),LEE I-Chen (TPE),,,4 - 0,11:8 11:9 11:2 11:6,CHANG Chenchen,2006
Singapore Open 2006,2006-09-07,CHANG Chenchen,SHIM Serom,CHN,KOR,4,0,"11,11,11,11|1,4,6,9",QR2,GRAND_SLAM,WS,1802,Qualification,CHANG Chenchen (CHN),SHIM Serom (KOR),,,4 - 0,11:1 11:4 11:6 11:9,CHANG Chenchen,2006
Singapore Open 2006,2006-09-07,SHIM Serom,LEE I-Chen,KOR,TPE,4,0,"11,11,11,11|6,9,7,7",3,GRAND_SLAM,WS,1802,Qualification,SHIM Serom (KOR),LEE I-Chen (TPE),,,4 - 0,11:6 11:9 11:7 11:7,SHIM Serom,2006
Singapore Open 2006,2006-09-07,YU Mengyu,LU Yun-Feng,SGP,TPE,4,1,"11,12,11,7,11|6,10,5,11,8",,GRAND_SLAM,WS,1802,Qualification,YU Mengyu (SGP),LU Yun-Feng (TPE),,,1 - 4,6:11 10:12 5:11 11:7 8:11,YU Mengyu,2006
Singapore Open 2006,2006-09-07,DING Ning,SHIOSAKI Yuka,CHN,JPN,4,1,"11,11,11,9,11|9,7,2,11,4",QR2,GRAND_SLAM,WS,1802,Qualification,DING Ning (CHN),SHIOSAKI Yuka (JPN),,,4 - 1,11:9 11:7 11:2 9:11 11:4,DING Ning,2006
Singapore Open 2006,2006-09-07,SHIOSAKI Yuka,YU Mengyu,JPN,SGP,4,3,"11,11,8,11,9,9,11|8,8,11,7,11,11,5",3,GRAND_SLAM,WS,1802,Qualification,SHIOSAKI Yuka (JPN),YU Mengyu (SGP),,,4 - 3,11:8 11:8 8:11 11:7 9:11 9:11 11:5,SHIOSAKI Yuka,2006
Singapore Open 2006,2006-09-07,DING Ning,LU Yun-Feng,CHN,TPE,4,0,"11,11,11,12|9,6,3,10",QR4,GRAND_SLAM,WS,1802,Qualification,DING Ning (CHN),LU Yun-Feng (TPE),,,4 - 0,11:9 11:6 11:3 12:10,DING Ning,2006
Singapore Open 2006,2006-09-07,DING Ning,YU Mengyu,CHN,SGP,4,1,"11,11,11,11,11|6,5,8,13,6",5,GRAND_SLAM,WS,1802,Qualification,DING Ning (CHN),YU Mengyu (SGP),,,4 - 1,11:6 11:5 11:8 11:13 11:6,DING Ning,2006
Singapore Open 2006,2006-09-07,LU Yun-Feng,SHIOSAKI Yuka,TPE,JPN,4,2,"11,11,7,6,11,11|5,5,11,11,4,7",6,GRAND_SLAM,WS,1802,Qualification,LU Yun-Feng (TPE),SHIOSAKI Yuka (JPN),,,4 - 2,11:5 11:5 7:11 6:11 11:4 11:7,LU Yun-Feng,2006
Singapore Open 2006,2006-09-07,ETSUZAKI Ayumi,YAMAMOTO Mari,JPN,JPN,4,0,"11,11,12,11|7,6,10,8",,GRAND_SLAM,WS,1802,Qualification,ETSUZAKI Ayumi (JPN),YAMAMOTO Mari (JPN),,,4 - 0,11:7 11:6 12:10 11:8,ETSUZAKI Ayumi,2006
Singapore Open 2006,2006-09-07,SUN Beibei,PAN Chun-Chu,SGP,TPE,4,0,"11,11,12,11|6,6,10,8",QR2,GRAND_SLAM,WS,1802,Qualification,SUN Beibei (SGP),PAN Chun-Chu (TPE),,,4 - 0,11:6 11:6 12:10 11:8,SUN Beibei,2006
Singapore Open 2006,2006-09-07,YAMAMOTO Mari,PAN Chun-Chu,JPN,TPE,4,3,"11,7,11,8,14,10,11|8,11,7,11,12,12,8",3,GRAND_SLAM,WS,1802,Qualification,YAMAMOTO Mari (JPN),PAN Chun-Chu (TPE),,,3 - 4,8:11 11:7 7:11 11:8 12:14 12:10 8:11,YAMAMOTO Mari,2006
Singapore Open 2006,2006-09-07,SUN Beibei,ETSUZAKI Ayumi,SGP,JPN,4,0,"11,11,11,11|8,6,4,8",QR4,GRAND_SLAM,WS,1802,Qualification,SUN Beibei (SGP),ETSUZAKI Ayumi (JPN),,,4 - 0,11:8 11:6 11:4 11:8,SUN Beibei,2006
Singapore Open 2006,2006-09-07,SUN Beibei,YAMAMOTO Mari,SGP,JPN,4,1,"11,11,7,11,11|2,4,11,6,6",5,GRAND_SLAM,WS,1802,Qualification,SUN Beibei (SGP),YAMAMOTO Mari (JPN),,,4 - 1,11:2 11:4 7:11 11:6 11:6,SUN Beibei,2006
Singapore Open 2006,2006-09-07,ETSUZAKI Ayumi,PAN Chun-Chu,JPN,TPE,4,0,"11,11,11,11|0,9,5,3",6,GRAND_SLAM,WS,1802,Qualification,ETSUZAKI Ayumi (JPN),PAN Chun-Chu (TPE),,,4 - 0,11:0 11:9 11:5 11:3,ETSUZAKI Ayumi,2006
Singapore Open 2006,2006-09-07,MUANGSUK Anisara,CHENG I-Ching,THA,TPE,4,0,"11,11,11,11|7,4,3,3",,GRAND_SLAM,WS,1802,Qualification,MUANGSUK Anisara (THA),CHENG I-Ching (TPE),,,4 - 0,11:7 11:4 11:3 11:3,MUANGSUK Anisara,2006
Singapore Open 2006,2006-09-07,KANAZAWA Saki,YAMAZAKI Ayae,JPN,JPN,4,0,"11,11,11,12|6,9,4,10",QR2,GRAND_SLAM,WS,1802,Qualification,KANAZAWA Saki (JPN),YAMAZAKI Ayae (JPN),,,4 - 0,11:6 11:9 11:4 12:10,KANAZAWA Saki,2006
Singapore Open 2006,2006-09-07,YAMAZAKI Ayae,CHENG I-Ching,JPN,TPE,4,3,"9,6,11,5,11,11,11|11,11,9,11,8,8,7",3,GRAND_SLAM,WS,1802,Qualification,YAMAZAKI Ayae (JPN),CHENG I-Ching (TPE),,,4 - 3,9:11 6:11 11:9 5:11 11:8 11:8 11:7,YAMAZAKI Ayae,2006
Singapore Open 2006,2006-09-07,KANAZAWA Saki,MUANGSUK Anisara,JPN,THA,4,1,"12,11,11,10,11|10,7,6,12,7",QR4,GRAND_SLAM,WS,1802,Qualification,KANAZAWA Saki (JPN),MUANGSUK Anisara (THA),,,4 - 1,12:10 11:7 11:6 10:12 11:7,KANAZAWA Saki,2006
Singapore Open 2006,2006-09-07,KANAZAWA Saki,CHENG I-Ching,JPN,TPE,4,0,"11,11,11,11|3,3,5,4",5,GRAND_SLAM,WS,1802,Qualification,KANAZAWA Saki (JPN),CHENG I-Ching (TPE),,,4 - 0,11:3 11:3 11:5 11:4,KANAZAWA Saki,2006
Singapore Open 2006,2006-09-07,MUANGSUK Anisara,YAMAZAKI Ayae,THA,JPN,4,0,"11,15,11,11|5,13,6,7",6,GRAND_SLAM,WS,1802,Qualification,MUANGSUK Anisara (THA),YAMAZAKI Ayae (JPN),,,4 - 0,11:5 15:13 11:6 11:7,MUANGSUK Anisara,2006
Singapore Open 2006,2006-09-07,KRAMER Tanja,KAWAMURA Yuka,GER,JPN,4,0,"11,11,13,11|7,7,11,4",,GRAND_SLAM,WS,1802,Qualification,KRAMER Tanja (GER),KAWAMURA Yuka (JPN),,,4 - 0,11:7 11:7 13:11 11:4,KRAMER Tanja,2006
Singapore Open 2006,2006-09-07,LEE Eunhee,OHATA Nahoko,KOR,JPN,4,1,"11,11,11,11,11|13,6,7,8,8",QR2,GRAND_SLAM,WS,1802,Qualification,LEE Eunhee (KOR),OHATA Nahoko (JPN),,,4 - 1,11:13 11:6 11:7 11:8 11:8,LEE Eunhee,2006
Singapore Open 2006,2006-09-07,KAWAMURA Yuka,OHATA Nahoko,JPN,JPN,4,1,"12,9,11,11,11|10,11,6,4,8",3,GRAND_SLAM,WS,1802,Qualification,KAWAMURA Yuka (JPN),OHATA Nahoko (JPN),,,1 - 4,10:12 11:9 6:11 4:11 8:11,KAWAMURA Yuka,2006
Singapore Open 2006,2006-09-07,LEE Eunhee,KRAMER Tanja,KOR,GER,4,1,"11,5,11,11,11|8,11,8,3,6",QR4,GRAND_SLAM,WS,1802,Qualification,LEE Eunhee (KOR),KRAMER Tanja (GER),,,4 - 1,11:8 5:11 11:8 11:3 11:6,LEE Eunhee,2006
Singapore Open 2006,2006-09-07,LEE Eunhee,KAWAMURA Yuka,KOR,JPN,4,1,"11,9,14,11,11|6,11,12,6,4",5,GRAND_SLAM,WS,1802,Qualification,LEE Eunhee (KOR),KAWAMURA Yuka (JPN),,,4 - 1,11:6 9:11 14:12 11:6 11:4,LEE Eunhee,2006
Singapore Open 2006,2006-09-07,KRAMER Tanja,OHATA Nahoko,GER,JPN,4,2,"5,11,11,5,11,12|11,8,8,11,9,10",6,GRAND_SLAM,WS,1802,Qualification,KRAMER Tanja (GER),OHATA Nahoko (JPN),,,4 - 2,5:11 11:8 11:8 5:11 11:9 12:10,KRAMER Tanja,2006
Singapore Open 2006,2006-09-07,KIM Junghyun,SOLICHERO Carmen,KOR,ESP,4,2,"9,11,11,11,9,11|11,8,8,4,11,4",,GRAND_SLAM,WS,1802,Qualification,KIM Junghyun (KOR),SOLICHERO Carmen (ESP),,,4 - 2,9:11 11:8 11:8 11:4 9:11 11:4,KIM Junghyun,2006
Singapore Open 2006,2006-09-07,FUJII Hiroko,HUANG Kang Kang,JPN,SGP,4,2,"11,11,11,7,8,11|5,7,3,11,11,2",QR2,GRAND_SLAM,WS,1802,Qualification,FUJII Hiroko (JPN),HUANG Kang Kang (SGP),,,4 - 2,11:5 11:7 11:3 7:11 8:11 11:2,FUJII Hiroko,2006
Singapore Open 2006,2006-09-07,HUANG Kang Kang,SOLICHERO Carmen,SGP,ESP,4,0,"11,11,12,11|9,3,10,3",3,GRAND_SLAM,WS,1802,Qualification,HUANG Kang Kang (SGP),SOLICHERO Carmen (ESP),,,4 - 0,11:9 11:3 12:10 11:3,HUANG Kang Kang,2006
Singapore Open 2006,2006-09-07,KIM Junghyun,FUJII Hiroko,KOR,JPN,4,3,"3,9,4,11,11,11,11|11,11,11,8,9,7,6",QR4,GRAND_SLAM,WS,1802,Qualification,KIM Junghyun (KOR),FUJII Hiroko (JPN),,,3 - 4,11:3 11:9 11:4 8:11 9:11 7:11 6:11,KIM Junghyun,2006
Singapore Open 2006,2006-09-07,FUJII Hiroko,SOLICHERO Carmen,JPN,ESP,4,0,"11,11,11,11|5,9,5,7",5,GRAND_SLAM,WS,1802,Qualification,FUJII Hiroko (JPN),SOLICHERO Carmen (ESP),,,4 - 0,11:5 11:9 11:5 11:7,FUJII Hiroko,2006
Singapore Open 2006,2006-09-07,HUANG Kang Kang,KIM Junghyun,SGP,KOR,4,1,"12,11,3,14,11|10,8,11,12,4",6,GRAND_SLAM,WS,1802,Qualification,HUANG Kang Kang (SGP),KIM Junghyun (KOR),,,1 - 4,10:12 8:11 11:3 12:14 4:11,HUANG Kang Kang,2006
Singapore Open 2006,2006-09-07,KISHIDA Satoko,HSU Hui-Tsun,JPN,TPE,4,1,"11,11,7,11,11|7,2,11,1,6",,GRAND_SLAM,WS,1802,Qualification,KISHIDA Satoko (JPN),HSU Hui-Tsun (TPE),,,4 - 1,11:7 11:2 7:11 11:1 11:6,KISHIDA Satoko,2006
Singapore Open 2006,2006-09-07,KWAK Bangbang,SU Yue,KOR,SGP,4,2,"12,11,9,11,8,11|10,7,11,6,11,5",QR2,GRAND_SLAM,WS,1802,Qualification,KWAK Bangbang (KOR),SU Yue (SGP),,,4 - 2,12:10 11:7 9:11 11:6 8:11 11:5,KWAK Bangbang,2006
Singapore Open 2006,2006-09-07,SU Yue,HSU Hui-Tsun,SGP,TPE,4,0,"11,11,18,11|6,8,16,9",3,GRAND_SLAM,WS,1802,Qualification,SU Yue (SGP),HSU Hui-Tsun (TPE),,,4 - 0,11:6 11:8 18:16 11:9,SU Yue,2006
Singapore Open 2006,2006-09-07,KWAK Bangbang,KISHIDA Satoko,KOR,JPN,4,1,"11,5,11,11,11|9,11,7,6,6",QR4,GRAND_SLAM,WS,1802,Qualification,KWAK Bangbang (KOR),KISHIDA Satoko (JPN),,,4 - 1,11:9 5:11 11:7 11:6 11:6,KWAK Bangbang,2006
Singapore Open 2006,2006-09-07,KWAK Bangbang,HSU Hui-Tsun,KOR,TPE,4,1,"11,6,11,11,11|4,11,9,9,6",5,GRAND_SLAM,WS,1802,Qualification,KWAK Bangbang (KOR),HSU Hui-Tsun (TPE),,,4 - 1,11:4 6:11 11:9 11:9 11:6,KWAK Bangbang,2006
Singapore Open 2006,2006-09-07,KISHIDA Satoko,SU Yue,JPN,SGP,4,2,"8,10,12,11,11,11|11,12,10,6,6,7",6,GRAND_SLAM,WS,1802,Qualification,KISHIDA Satoko (JPN),SU Yue (SGP),,,4 - 2,8:11 10:12 12:10 11:6 11:6 11:7,KISHIDA Satoko,2006
Singapore Open 2006,2006-09-07,HUANG Yi-Hua,MA Minglu,TPE,SGP,4,0,"11,11,11,11|7,9,7,3",,GRAND_SLAM,WS,1802,Qualification,HUANG Yi-Hua (TPE),MA Minglu (SGP),,,4 - 0,11:7 11:9 11:7 11:3,HUANG Yi-Hua,2006
Singapore Open 2006,2006-09-07,LEE Kyeola,TASEI Mikie,KOR,JPN,4,2,"8,11,7,11,11,11|11,9,11,7,8,9",QR2,GRAND_SLAM,WS,1802,Qualification,LEE Kyeola (KOR),TASEI Mikie (JPN),,,2 - 4,11:8 9:11 11:7 7:11 8:11 9:11,LEE Kyeola,2006
Singapore Open 2006,2006-09-07,MA Minglu,LEE Kyeola,SGP,KOR,4,3,"4,4,8,11,11,11,11|11,11,11,8,7,8,7",3,GRAND_SLAM,WS,1802,Qualification,MA Minglu (SGP),LEE Kyeola (KOR),,,3 - 4,11:4 11:4 11:8 8:11 7:11 8:11 7:11,MA Minglu,2006
Singapore Open 2006,2006-09-07,TASEI Mikie,HUANG Yi-Hua,JPN,TPE,4,2,"12,11,5,14,11,11|10,9,11,16,9,8",QR4,GRAND_SLAM,WS,1802,Qualification,TASEI Mikie (JPN),HUANG Yi-Hua (TPE),,,4 - 2,12:10 11:9 5:11 14:16 11:9 11:8,TASEI Mikie,2006
Singapore Open 2006,2006-09-07,TASEI Mikie,MA Minglu,JPN,SGP,4,1,"11,11,10,13,11|6,7,12,11,1",5,GRAND_SLAM,WS,1802,Qualification,TASEI Mikie (JPN),MA Minglu (SGP),,,4 - 1,11:6 11:7 10:12 13:11 11:1,TASEI Mikie,2006
Singapore Open 2006,2006-09-07,HUANG Yi-Hua,LEE Kyeola,TPE,KOR,4,1,"11,11,15,9,11|7,8,13,11,4",6,GRAND_SLAM,WS,1802,Qualification,HUANG Yi-Hua (TPE),LEE Kyeola (KOR),,,4 - 1,11:7 11:8 15:13 9:11 11:4,HUANG Yi-Hua,2006
Singapore Open 2006,2006-09-07,KOMWONG Nanthana,NAM Hyejin (1985),THA,KOR,4,2,"11,11,4,9,11,11|9,5,11,11,6,3",,GRAND_SLAM,WS,1802,Qualification,KOMWONG Nanthana (THA),NAM Hyejin (1985) (KOR),,,4 - 2,11:9 11:5 4:11 9:11 11:6 11:3,KOMWONG Nanthana,2006
Singapore Open 2006,2006-09-07,TAN Paey Fern,KAWAMURA Mai,SGP,JPN,4,2,"6,12,11,4,11,11|11,10,7,11,9,5",QR2,GRAND_SLAM,WS,1802,Qualification,TAN Paey Fern (SGP),KAWAMURA Mai (JPN),,,4 - 2,6:11 12:10 11:7 4:11 11:9 11:5,TAN Paey Fern,2006
Singapore Open 2006,2006-09-07,NAM Hyejin (1985),KAWAMURA Mai,KOR,JPN,4,3,"8,11,9,11,11,11,11|11,8,11,5,13,6,8",3,GRAND_SLAM,WS,1802,Qualification,NAM Hyejin (1985) (KOR),KAWAMURA Mai (JPN),,,3 - 4,11:8 8:11 11:9 5:11 13:11 6:11 8:11,NAM Hyejin (1985),2006
Singapore Open 2006,2006-09-07,TAN Paey Fern,KOMWONG Nanthana,SGP,THA,4,3,"10,11,11,8,11,5,11|12,3,4,11,6,11,6",QR4,GRAND_SLAM,WS,1802,Qualification,TAN Paey Fern (SGP),KOMWONG Nanthana (THA),,,4 - 3,10:12 11:3 11:4 8:11 11:6 5:11 11:6,TAN Paey Fern,2006
Singapore Open 2006,2006-09-07,TAN Paey Fern,NAM Hyejin (1985),SGP,KOR,4,0,"11,12,11,11|5,10,7,9",5,GRAND_SLAM,WS,1802,Qualification,TAN Paey Fern (SGP),NAM Hyejin (1985) (KOR),,,4 - 0,11:5 12:10 11:7 11:9,TAN Paey Fern,2006
Singapore Open 2006,2006-09-07,KOMWONG Nanthana,KAWAMURA Mai,THA,JPN,4,0,"11,11,11,11|5,8,6,6",6,GRAND_SLAM,WS,1802,Qualification,KOMWONG Nanthana (THA),KAWAMURA Mai (JPN),,,4 - 0,11:5 11:8 11:6 11:6,KOMWONG Nanthana,2006
Singapore Open 2006,2006-09-07,YU Mengyu,LIM Peixin,SGP,SGP,3,1,"11,11,9,11|5,6,11,4",,GRAND_SLAM,U21WS,1802,Qualification,YU Mengyu (SGP),LIM Peixin (SGP),,,3 - 1,11:5 11:6 9:11 11:4,YU Mengyu,2006
Singapore Open 2006,2006-09-07,YU Mengyu,CHENG I-Ching,SGP,TPE,3,0,"11,11,11|4,5,6",QR2,GRAND_SLAM,U21WS,1802,Qualification,YU Mengyu (SGP),CHENG I-Ching (TPE),,,3 - 0,11:4 11:5 11:6,YU Mengyu,2006
Singapore Open 2006,2006-09-07,CHENG I-Ching,LIM Peixin,TPE,SGP,3,0,"11,11,11|7,9,7",3,GRAND_SLAM,U21WS,1802,Qualification,CHENG I-Ching (TPE),LIM Peixin (SGP),,,3 - 0,11:7 11:9 11:7,CHENG I-Ching,2006
Singapore Open 2006,2006-09-07,HUANG Kang Kang,HENG Wei Chen,SGP,SGP,3,0,"11,11,11|3,9,7",,GRAND_SLAM,U21WS,1802,Qualification,HUANG Kang Kang (SGP),HENG Wei Chen (SGP),,,3 - 0,11:3 11:9 11:7,HUANG Kang Kang,2006
Singapore Open 2006,2006-09-07,SOLICHERO Carmen,HENG Wei Chen,ESP,SGP,3,1,"11,11,9,11|4,9,11,3",3,GRAND_SLAM,U21WS,1802,Qualification,SOLICHERO Carmen (ESP),HENG Wei Chen (SGP),,,3 - 1,11:4 11:9 9:11 11:3,SOLICHERO Carmen,2006
Singapore Open 2006,2006-09-07,MA Minglu,TAN Yan Zhen,SGP,SGP,3,0,"11,11,11|3,1,6",,GRAND_SLAM,U21WS,1802,Qualification,MA Minglu (SGP),TAN Yan Zhen (SGP),,,3 - 0,11:3 11:1 11:6,MA Minglu,2006
Singapore Open 2006,2006-09-07,NAM Hyejin (1985),MA Minglu,KOR,SGP,3,2,"4,11,3,11,11|11,4,11,8,7",QR2,GRAND_SLAM,U21WS,1802,Qualification,NAM Hyejin (1985) (KOR),MA Minglu (SGP),,,2 - 3,11:4 4:11 11:3 8:11 7:11,NAM Hyejin (1985),2006
Singapore Open 2006,2006-09-07,NAM Hyejin (1985),TAN Yan Zhen,KOR,SGP,3,0,"11,11,11|6,6,8",3,GRAND_SLAM,U21WS,1802,Qualification,NAM Hyejin (1985) (KOR),TAN Yan Zhen (SGP),,,3 - 0,11:6 11:6 11:8,NAM Hyejin (1985),2006
Singapore Open 2006,2006-09-07,SU Yue,SIM Kai Xin Zena,SGP,SGP,3,1,"9,11,12,11|11,4,10,9",,GRAND_SLAM,U21WS,1802,Qualification,SU Yue (SGP),SIM Kai Xin Zena (SGP),,,3 - 1,9:11 11:4 12:10 11:9,SU Yue,2006
Singapore Open 2006,2006-09-07,HSU Hui-Tsun,SIM Kai Xin Zena,TPE,SGP,3,0,"11,11,11|6,6,8",3,GRAND_SLAM,U21WS,1802,Qualification,HSU Hui-Tsun (TPE),SIM Kai Xin Zena (SGP),,,3 - 0,11:6 11:6 11:8,HSU Hui-Tsun,2006
Singapore Open 2006,2006-09-07,ZHANG Yining,ZHANG Xueling,CHN,SGP,4,2,"6,12,11,11,8,14|11,10,6,4,11,12",R32,GRAND_SLAM,WS,1802,Main Draw,ZHANG Yining (CHN),ZHANG Xueling (SGP),,,4 - 2,6:11 12:10 11:6 11:4 8:11 14:12,ZHANG Yining,2006
Singapore Open 2006,2006-09-07,GAO Jun,TAN Paey Fern,USA,SGP,4,0,"11,11,16,11|9,7,14,4",R32,GRAND_SLAM,WS,1802,Main Draw,GAO Jun (USA),TAN Paey Fern (SGP),,,0 - 4,9:11 7:11 14:16 4:11,GAO Jun,2006
Singapore Open 2006,2006-09-07,LEE Hyangmi,ZHANG Rui,KOR,HKG,4,2,"13,9,12,11,8,12|11,11,10,5,11,10",R32,GRAND_SLAM,WS,1802,Main Draw,LEE Hyangmi (KOR),ZHANG Rui (HKG),,,2 - 4,11:13 11:9 10:12 5:11 11:8 10:12,LEE Hyangmi,2006
Singapore Open 2006,2006-09-07,CAO Zhen,SUN Beibei,CHN,SGP,4,0,"11,11,11,11|8,7,5,2",R32,GRAND_SLAM,WS,1802,Main Draw,CAO Zhen (CHN),SUN Beibei (SGP),,,0 - 4,8:11 7:11 5:11 2:11,CAO Zhen,2006
Singapore Open 2006,2006-09-07,KIM Kyungah,MUANGSUK Anisara,KOR,THA,4,0,"11,11,11,11|7,9,7,8",R32,GRAND_SLAM,WS,1802,Main Draw,KIM Kyungah (KOR),MUANGSUK Anisara (THA),,,4 - 0,11:7 11:9 11:7 11:8,KIM Kyungah,2006
Singapore Open 2006,2006-09-07,TASEI Mikie,MOON Hyunjung,JPN,KOR,4,2,"11,11,11,9,9,11|6,6,7,11,11,7",R32,GRAND_SLAM,WS,1802,Main Draw,TASEI Mikie (JPN),MOON Hyunjung (KOR),,,4 - 2,11:6 11:6 11:7 9:11 9:11 11:7,TASEI Mikie,2006
Singapore Open 2006,2006-09-07,JIANG Huajun,DING Ning,HKG,CHN,4,0,"11,11,11,11|9,9,8,7",R32,GRAND_SLAM,WS,1802,Main Draw,JIANG Huajun (HKG),DING Ning (CHN),,,4 - 0,11:9 11:9 11:8 11:7,JIANG Huajun,2006
Singapore Open 2006,2006-09-07,TIE Yana,YU Mengyu,HKG,SGP,4,3,"11,12,16,9,11,7,11|4,14,14,11,4,11,8",R32,GRAND_SLAM,WS,1802,Main Draw,TIE Yana (HKG),YU Mengyu (SGP),,,3 - 4,4:11 14:12 14:16 11:9 4:11 11:7 8:11,TIE Yana,2006
Singapore Open 2006,2006-09-07,WANG Nan,KOMWONG Nanthana,CHN,THA,4,0,"11,11,11,11|7,3,5,9",R32,GRAND_SLAM,WS,1802,Main Draw,WANG Nan (CHN),KOMWONG Nanthana (THA),,,4 - 0,11:7 11:3 11:5 11:9,WANG Nan,2006
Singapore Open 2006,2006-09-07,LEE Eunhee,LAU Sui Fei,KOR,HKG,4,3,"11,14,9,8,11,2,11|9,12,11,11,4,11,9",R32,GRAND_SLAM,WS,1802,Main Draw,LEE Eunhee (KOR),LAU Sui Fei (HKG),,,4 - 3,11:9 14:12 9:11 8:11 11:4 2:11 11:9,LEE Eunhee,2006
Singapore Open 2006,2006-09-07,HUANG Kang Kang,SHEN Yanfei,SGP,ESP,4,3,"11,12,7,11,6,8,11|8,10,11,2,11,11,3",R32,GRAND_SLAM,WS,1802,Main Draw,HUANG Kang Kang (SGP),SHEN Yanfei (ESP),,,3 - 4,8:11 10:12 11:7 2:11 11:6 11:8 3:11,HUANG Kang Kang,2006
Singapore Open 2006,2006-09-07,LI Jiawei,HUANG Yi-Hua,SGP,TPE,4,0,"11,15,11,11|9,13,8,9",R32,GRAND_SLAM,WS,1802,Main Draw,LI Jiawei (SGP),HUANG Yi-Hua (TPE),,,0 - 4,9:11 13:15 8:11 9:11,LI Jiawei,2006
Singapore Open 2006,2006-09-07,CHANG Chenchen,LIN Ling,CHN,HKG,4,2,"11,11,11,3,7,11|6,7,4,11,11,9",R32,GRAND_SLAM,WS,1802,Main Draw,CHANG Chenchen (CHN),LIN Ling (HKG),,,2 - 4,6:11 7:11 4:11 11:3 11:7 9:11,CHANG Chenchen,2006
Singapore Open 2006,2006-09-07,WANG Yuegu,KWAK Bangbang,SGP,KOR,4,0,"11,11,14,11|6,1,12,2",R32,GRAND_SLAM,WS,1802,Main Draw,WANG Yuegu (SGP),KWAK Bangbang (KOR),,,0 - 4,6:11 1:11 12:14 2:11,WANG Yuegu,2006
Singapore Open 2006,2006-09-07,KANAZAWA Saki,PARK Miyoung,JPN,KOR,4,0,"11,11,11,13|1,6,8,11",R32,GRAND_SLAM,WS,1802,Main Draw,KANAZAWA Saki (JPN),PARK Miyoung (KOR),,,0 - 4,1:11 6:11 8:11 11:13,KANAZAWA Saki,2006
Singapore Open 2006,2006-09-07,GUO Yan (1982),KISHIDA Satoko,CHN,JPN,4,0,"11,11,11,11|7,8,9,2",R32,GRAND_SLAM,WS,1802,Main Draw,GUO Yan (1982) (CHN),KISHIDA Satoko (JPN),,,0 - 4,7:11 8:11 9:11 2:11,GUO Yan (1982),2006
Singapore Open 2006,2006-09-07,ZHANG Yining,GAO Jun,CHN,USA,4,1,"12,11,11,11,12|14,7,6,9,10",R16,GRAND_SLAM,WS,1802,Main Draw,ZHANG Yining (CHN),GAO Jun (USA),,,4 - 1,12:14 11:7 11:6 11:9 12:10,ZHANG Yining,2006
Singapore Open 2006,2006-09-07,CAO Zhen,LEE Hyangmi,CHN,KOR,4,1,"11,9,11,11,11|3,11,7,3,7",R16,GRAND_SLAM,WS,1802,Main Draw,CAO Zhen (CHN),LEE Hyangmi (KOR),,,1 - 4,3:11 11:9 7:11 3:11 7:11,CAO Zhen,2006
Singapore Open 2006,2006-09-07,KIM Kyungah,TASEI Mikie,KOR,JPN,4,0,"11,11,11,11|2,8,4,5",R16,GRAND_SLAM,WS,1802,Main Draw,KIM Kyungah (KOR),TASEI Mikie (JPN),,,4 - 0,11:2 11:8 11:4 11:5,KIM Kyungah,2006
Singapore Open 2006,2006-09-07,JIANG Huajun,TIE Yana,HKG,HKG,4,2,"11,8,11,5,11,11|2,11,5,11,3,6",R16,GRAND_SLAM,WS,1802,Main Draw,JIANG Huajun (HKG),TIE Yana (HKG),,,4 - 2,11:2 8:11 11:5 5:11 11:3 11:6,JIANG Huajun,2006
Singapore Open 2006,2006-09-07,WANG Nan,LEE Eunhee,CHN,KOR,4,0,"15,11,11,11|13,7,6,6",R16,GRAND_SLAM,WS,1802,Main Draw,WANG Nan (CHN),LEE Eunhee (KOR),,,4 - 0,15:13 11:7 11:6 11:6,WANG Nan,2006
Singapore Open 2006,2006-09-07,LI Jiawei,HUANG Kang Kang,SGP,SGP,4,0,"11,11,11,11|7,9,8,9",R16,GRAND_SLAM,WS,1802,Main Draw,LI Jiawei (SGP),HUANG Kang Kang (SGP),,,0 - 4,7:11 9:11 8:11 9:11,LI Jiawei,2006
Singapore Open 2006,2006-09-07,WANG Yuegu,CHANG Chenchen,SGP,CHN,4,3,"11,5,6,12,12,9,11|7,11,11,10,10,11,7",R16,GRAND_SLAM,WS,1802,Main Draw,WANG Yuegu (SGP),CHANG Chenchen (CHN),,,3 - 4,7:11 11:5 11:6 10:12 10:12 11:9 7:11,WANG Yuegu,2006
Singapore Open 2006,2006-09-07,GUO Yan (1982),KANAZAWA Saki,CHN,JPN,4,1,"11,11,6,11,11|5,5,11,6,7",R16,GRAND_SLAM,WS,1802,Main Draw,GUO Yan (1982) (CHN),KANAZAWA Saki (JPN),,,1 - 4,5:11 5:11 11:6 6:11 7:11,GUO Yan (1982),2006
Singapore Open 2006,2006-09-07,ZHANG Yining,CAO Zhen,CHN,CHN,4,1,"4,11,11,11,11|11,5,2,6,7",QuarterFinal,GRAND_SLAM,WS,1802,Main Draw,ZHANG Yining (CHN),CAO Zhen (CHN),,,4 - 1,4:11 11:5 11:2 11:6 11:7,ZHANG Yining,2006
Singapore Open 2006,2006-09-07,KIM Kyungah,JIANG Huajun,KOR,HKG,4,3,"8,11,4,8,14,11,11|11,7,11,11,12,5,5",QuarterFinal,GRAND_SLAM,WS,1802,Main Draw,KIM Kyungah (KOR),JIANG Huajun (HKG),,,4 - 3,8:11 11:7 4:11 8:11 14:12 11:5 11:5,KIM Kyungah,2006
Singapore Open 2006,2006-09-07,WANG Nan,LI Jiawei,CHN,SGP,4,1,"7,11,12,11,11|11,8,10,7,2",QuarterFinal,GRAND_SLAM,WS,1802,Main Draw,WANG Nan (CHN),LI Jiawei (SGP),,,4 - 1,7:11 11:8 12:10 11:7 11:2,WANG Nan,2006
Singapore Open 2006,2006-09-07,GUO Yan (1982),WANG Yuegu,CHN,SGP,4,0,"11,11,11,11|9,8,3,8",QuarterFinal,GRAND_SLAM,WS,1802,Main Draw,GUO Yan (1982) (CHN),WANG Yuegu (SGP),,,0 - 4,9:11 8:11 3:11 8:11,GUO Yan (1982),2006
Singapore Open 2006,2006-09-07,ZHANG Yining,KIM Kyungah,CHN,KOR,4,0,"11,11,11,12|9,6,6,10",SemiFinal,GRAND_SLAM,WS,1802,Main Draw,ZHANG Yining (CHN),KIM Kyungah (KOR),,,4 - 0,11:9 11:6 11:6 12:10,ZHANG Yining,2006
Singapore Open 2006,2006-09-07,WANG Nan,GUO Yan (1982),CHN,CHN,4,3,"12,11,5,11,7,5,11|10,5,11,9,11,11,8",SemiFinal,GRAND_SLAM,WS,1802,Main Draw,WANG Nan (CHN),GUO Yan (1982) (CHN),,,4 - 3,12:10 11:5 5:11 11:9 7:11 5:11 11:8,WANG Nan,2006
Singapore Open 2006,2006-09-07,ZHANG Yining,WANG Nan,CHN,CHN,4,2,"11,11,11,5,8,11|8,8,8,11,11,9",Final,GRAND_SLAM,WS,1802,Main Draw,ZHANG Yining (CHN),WANG Nan (CHN),,,4 - 2,11:8 11:8 11:8 5:11 8:11 11:9,ZHANG Yining,2006
Singapore Open 2006,2006-09-07,KOMWONG Nanthana,ZHANG Xueling,THA,SGP,4,3,"11,12,11,7,9,7,12|8,10,3,11,11,11,10",QR16,GRAND_SLAM,WS,1802,Qualification,KOMWONG Nanthana (THA),ZHANG Xueling (SGP),,,3 - 4,8:11 10:12 3:11 11:7 11:9 11:7 10:12,KOMWONG Nanthana,2006
Singapore Open 2006,2006-09-07,KISHIDA Satoko,SHIM Serom,JPN,KOR,4,0,,QR16,GRAND_SLAM,WS,1802,Qualification,KISHIDA Satoko (JPN),SHIM Serom (KOR),,,0 - 4,,KISHIDA Satoko,2006
Singapore Open 2006,2006-09-07,YU Mengyu,FUJII Hiroko,SGP,JPN,4,0,"11,11,11,12|9,8,4,10",QR16,GRAND_SLAM,WS,1802,Qualification,YU Mengyu (SGP),FUJII Hiroko (JPN),,,4 - 0,11:9 11:8 11:4 12:10,YU Mengyu,2006
Singapore Open 2006,2006-09-07,HUANG Yi-Hua,ETSUZAKI Ayumi,TPE,JPN,4,1,"5,14,11,11,11|11,12,9,5,4",QR16,GRAND_SLAM,WS,1802,Qualification,HUANG Yi-Hua (TPE),ETSUZAKI Ayumi (JPN),,,1 - 4,11:5 12:14 9:11 5:11 4:11,HUANG Yi-Hua,2006
Singapore Open 2006,2006-09-07,MUANGSUK Anisara,KRAMER Tanja,THA,GER,4,3,"9,11,11,10,9,11,11|11,3,9,12,11,9,2",QR16,GRAND_SLAM,WS,1802,Qualification,MUANGSUK Anisara (THA),KRAMER Tanja (GER),,,4 - 3,9:11 11:3 11:9 10:12 9:11 11:9 11:2,MUANGSUK Anisara,2006
Singapore Open 2006,2006-09-07,CHENG I-Ching,NAM Hyejin (1985),TPE,KOR,4,2,"9,14,11,11,6,11|11,12,6,9,11,7",R16,GRAND_SLAM,U21WS,1802,Main Draw,CHENG I-Ching (TPE),NAM Hyejin (1985) (KOR),,,4 - 2,9:11 14:12 11:6 11:9 6:11 11:7,CHENG I-Ching,2006
Singapore Open 2006,2006-09-07,SU Yue,SOLICHERO Carmen,SGP,ESP,4,2,"7,11,12,11,6,11|11,2,10,8,11,6",R16,GRAND_SLAM,U21WS,1802,Main Draw,SU Yue (SGP),SOLICHERO Carmen (ESP),,,4 - 2,7:11 11:2 12:10 11:8 6:11 11:6,SU Yue,2006
Singapore Open 2006,2006-09-07,HUANG Kang Kang,MA Minglu,SGP,SGP,4,1,"11,6,11,16,11|2,11,8,14,4",R16,GRAND_SLAM,U21WS,1802,Main Draw,HUANG Kang Kang (SGP),MA Minglu (SGP),,,1 - 4,2:11 11:6 8:11 14:16 4:11,HUANG Kang Kang,2006
Singapore Open 2006,2006-09-07,YU Mengyu,HSU Hui-Tsun,SGP,TPE,4,1,"22,11,11,9,11|4,5,9,11,3",R16,GRAND_SLAM,U21WS,1802,Main Draw,YU Mengyu (SGP),HSU Hui-Tsun (TPE),,,4 - 1,22:4 11:5 11:9 9:11 11:3,YU Mengyu,2006
Singapore Open 2006,2006-09-07,KIM Junghyun,CHENG I-Ching,KOR,TPE,4,1,"5,11,13,11,12|11,7,11,8,10",QuarterFinal,GRAND_SLAM,U21WS,1802,Main Draw,KIM Junghyun (KOR),CHENG I-Ching (TPE),,,4 - 1,5:11 11:7 13:11 11:8 12:10,KIM Junghyun,2006
Singapore Open 2006,2006-09-07,SU Yue,LEE I-Chen,SGP,TPE,4,1,"13,12,11,11,13|11,14,7,7,11",QuarterFinal,GRAND_SLAM,U21WS,1802,Main Draw,SU Yue (SGP),LEE I-Chen (TPE),,,4 - 1,13:11 12:14 11:7 11:7 13:11,SU Yue,2006
Singapore Open 2006,2006-09-07,DVORAK Galia,HUANG Kang Kang,ESP,SGP,4,1,"11,9,11,11,11|7,11,6,6,3",QuarterFinal,GRAND_SLAM,U21WS,1802,Main Draw,DVORAK Galia (ESP),HUANG Kang Kang (SGP),,,4 - 1,11:7 9:11 11:6 11:6 11:3,DVORAK Galia,2006
Singapore Open 2006,2006-09-07,YU Mengyu,SHIM Serom,SGP,KOR,4,0,"11,11,11,11|8,7,3,6",QuarterFinal,GRAND_SLAM,U21WS,1802,Main Draw,YU Mengyu (SGP),SHIM Serom (KOR),,,4 - 0,11:8 11:7 11:3 11:6,YU Mengyu,2006
Singapore Open 2006,2006-09-07,SU Yue,KIM Junghyun,SGP,KOR,4,1,"13,11,11,10,11|1,8,9,12,5",SemiFinal,GRAND_SLAM,U21WS,1802,Main Draw,SU Yue (SGP),KIM Junghyun (KOR),,,1 - 4,1:13 8:11 9:11 12:10 5:11,SU Yue,2006
Singapore Open 2006,2006-09-07,YU Mengyu,DVORAK Galia,SGP,ESP,4,1,"5,12,11,11,11|11,10,9,9,4",SemiFinal,GRAND_SLAM,U21WS,1802,Main Draw,YU Mengyu (SGP),DVORAK Galia (ESP),,,1 - 4,11:5 10:12 9:11 9:11 4:11,YU Mengyu,2006
Singapore Open 2006,2006-09-07,YU Mengyu,SU Yue,SGP,SGP,4,3,"8,11,9,11,11,8,11|11,4,11,8,7,11,9",Final,GRAND_SLAM,U21WS,1802,Main Draw,YU Mengyu (SGP),SU Yue (SGP),,,3 - 4,11:8 4:11 11:9 8:11 7:11 11:8 9:11,YU Mengyu,2006
Singapore Open 2006,2006-09-07,LEE Jungwoo/OH Sangeun,LIU Song/TABACHNIK Pablo,KOR,ARG,4,0,"11,11,11,11|9,3,5,7",R16,GRAND_SLAM,MD,1802,Main Draw,LEE Jungwoo (KOR) / OH Sangeun (KOR),LIU Song (ARG) / TABACHNIK Pablo (ARG),OH Sangeun (KOR),TABACHNIK Pablo (ARG),0 - 4,9:11 3:11 5:11 7:11,LEE Jungwoo,2006
Singapore Open 2006,2006-09-07,MAECK Anthony/VOSTES Yannick,AL-BAHRANI Husain/AL-HASAN Ibrahem,BEL,KUW,3,0,,QR32,GRAND_SLAM,MD,1802,Qualification,MAECK Anthony (BEL) / VOSTES Yannick (BEL),AL-BAHRANI Husain (KUW) / AL-HASAN Ibrahem (KUW),VOSTES Yannick (BEL),AL-HASAN Ibrahem (KUW),3 - 0,,MAECK Anthony,2006
Singapore Open 2006,2006-09-07,LIU Song/TABACHNIK Pablo,MAECK Anthony/VOSTES Yannick,ARG,BEL,3,2,"11,12,11,9,11|5,10,13,11,3",QR16,GRAND_SLAM,MD,1802,Qualification,LIU Song (ARG) / TABACHNIK Pablo (ARG),MAECK Anthony (BEL) / VOSTES Yannick (BEL),TABACHNIK Pablo (ARG),VOSTES Yannick (BEL),2 - 3,5:11 10:12 13:11 11:9 3:11,LIU Song,2006
Singapore Open 2006,2006-09-07,KAN Yo/YOSHIDA Kaii,FENG Zhe/ZHANG Wilson,JPN,BUL,3,0,,QR32,GRAND_SLAM,MD,1802,Qualification,KAN Yo (JPN) / YOSHIDA Kaii (JPN),FENG Zhe (BUL) / ZHANG Wilson (CAN),YOSHIDA Kaii (JPN),ZHANG Wilson (CAN),0 - 3,,KAN Yo,2006
Singapore Open 2006,2006-09-07,MA Long/WANG Liqin,GAO Ning/YANG Zi,CHN,SGP,4,0,"11,11,11,11|9,6,9,7",R16,GRAND_SLAM,MD,1802,Main Draw,MA Long (CHN) / WANG Liqin (CHN),GAO Ning (SGP) / YANG Zi (SGP),WANG Liqin (CHN),YANG Zi (SGP),4 - 0,11:9 11:6 11:9 11:7,MA Long,2006
Singapore Open 2006,2006-09-07,CHEN Qi/MA Lin,LEE Jungwoo/OH Sangeun,CHN,KOR,4,3,"4,11,12,7,14,10,11|11,4,10,11,12,12,5",QuarterFinal,GRAND_SLAM,MD,1802,Main Draw,CHEN Qi (CHN) / MA Lin (CHN),LEE Jungwoo (KOR) / OH Sangeun (KOR),MA Lin (CHN),OH Sangeun (KOR),4 - 3,4:11 11:4 12:10 7:11 14:12 10:12 11:5,CHEN Qi,2006
Singapore Open 2006,2006-09-07,MA Long/WANG Liqin,CHEN Weixing/GARDOS Robert,CHN,AUT,4,0,"11,11,11,11|9,6,8,4",SemiFinal,GRAND_SLAM,MD,1802,Main Draw,MA Long (CHN) / WANG Liqin (CHN),CHEN Weixing (AUT) / GARDOS Robert (AUT),WANG Liqin (CHN),GARDOS Robert (AUT),4 - 0,11:9 11:6 11:8 11:4,MA Long,2006
Singapore Open 2006,2006-09-07,CHEN Qi/MA Lin,MA Long/WANG Liqin,CHN,CHN,4,2,"11,7,7,12,11,11|8,11,11,10,8,6",Final,GRAND_SLAM,MD,1802,Main Draw,CHEN Qi (CHN) / MA Lin (CHN),MA Long (CHN) / WANG Liqin (CHN),MA Lin (CHN),WANG Liqin (CHN),2 - 4,8:11 11:7 11:7 10:12 8:11 6:11,CHEN Qi,2006
Singapore Open 2006,2006-09-07,CHEN Qi/MA Lin,APIWATTANASOM Ruthakom/CHAITAT Chaisit,CHN,THA,3,0,"11,11,11|5,2,6",QR32,GRAND_SLAM,MD,1802,Qualification,CHEN Qi (CHN) / MA Lin (CHN),APIWATTANASOM Ruthakom (THA) / CHAITAT Chaisit (THA),MA Lin (CHN),CHAITAT Chaisit (THA),3 - 0,11:5 11:2 11:6,CHEN Qi,2006
Singapore Open 2006,2006-09-07,CHEN Qi/MA Lin,LIU Zhongze/MA Liang,CHN,SGP,3,0,"11,11,11|5,5,8",QR16,GRAND_SLAM,MD,1802,Qualification,CHEN Qi (CHN) / MA Lin (CHN),LIU Zhongze (SGP) / MA Liang (SGP),MA Lin (CHN),MA Liang (SGP),3 - 0,11:5 11:5 11:8,CHEN Qi,2006
Singapore Open 2006,2006-09-07,JIANG Tianyi/TANG Peng,HOU Yingchao/ZHOU Bin,HKG,CAN,3,2,"11,6,5,11,11|9,11,11,7,5",QR16,GRAND_SLAM,MD,1802,Qualification,JIANG Tianyi (HKG) / TANG Peng (HKG),HOU Yingchao (CAN) / ZHOU Bin (CHN),TANG Peng (HKG),ZHOU Bin (CHN),2 - 3,9:11 11:6 11:5 7:11 5:11,JIANG Tianyi,2006
Singapore Open 2006,2006-09-07,CHEN Qi/MA Lin,GIONIS Panagiotis/TOSIC Roko,CHN,GRE,4,0,,R16,GRAND_SLAM,MD,1802,Main Draw,CHEN Qi (CHN) / MA Lin (CHN),GIONIS Panagiotis (GRE) / TOSIC Roko (CRO),MA Lin (CHN),TOSIC Roko (CRO),0 - 4,,CHEN Qi,2006
Singapore Open 2006,2006-09-07,SANGUANSIN Phakpoom/SANGUANSIN Phuchong,CARNEROS Alfredo/MACHADO Carlos,THA,ESP,3,2,"11,8,9,15,11|9,11,11,13,7",QR32,GRAND_SLAM,MD,1802,Qualification,SANGUANSIN Phakpoom (THA) / SANGUANSIN Phuchong (THA),CARNEROS Alfredo (ESP) / MACHADO Carlos (ESP),SANGUANSIN Phuchong (THA),MACHADO Carlos (ESP),2 - 3,9:11 11:8 11:9 13:15 7:11,SANGUANSIN Phakpoom,2006
Singapore Open 2006,2006-09-07,SCHLAGER Werner/WOSIK Torben,CHUANG Chih-Yuan/HOU Ming-Tsung,AUT,TPE,4,1,"11,15,11,9,12|9,13,3,11,10",R16,GRAND_SLAM,MD,1802,Main Draw,SCHLAGER Werner (AUT) / WOSIK Torben (GER),CHUANG Chih-Yuan (TPE) / HOU Ming-Tsung (TPE),WOSIK Torben (GER),HOU Ming-Tsung (TPE),4 - 1,11:9 15:13 11:3 9:11 12:10,SCHLAGER Werner,2006
Singapore Open 2006,2006-09-07,CHEN Weixing/GARDOS Robert,SCHLAGER Werner/WOSIK Torben,AUT,AUT,4,3,"11,10,6,10,11,11,11|5,12,11,13,5,8,5",QuarterFinal,GRAND_SLAM,MD,1802,Main Draw,CHEN Weixing (AUT) / GARDOS Robert (AUT),SCHLAGER Werner (AUT) / WOSIK Torben (GER),GARDOS Robert (AUT),WOSIK Torben (GER),3 - 4,5:11 12:10 11:6 13:10 5:11 8:11 5:11,CHEN Weixing,2006
Singapore Open 2006,2006-09-07,CHO Eonrae/CHOI Hyunjin,KO Lai Chak/LI Ching,KOR,HKG,4,3,"7,11,4,11,6,11,11|11,6,11,4,11,3,8",R16,GRAND_SLAM,MD,1802,Main Draw,CHO Eonrae (KOR) / CHOI Hyunjin (KOR),KO Lai Chak (HKG) / LI Ching (HKG),CHOI Hyunjin (KOR),LI Ching (HKG),3 - 4,11:7 6:11 11:4 4:11 11:6 3:11 8:11,CHO Eonrae,2006
Singapore Open 2006,2006-09-07,JIANG Tianyi/TANG Peng,LEE Jinkwon/YOON Jaeyoung,HKG,KOR,4,0,"11,11,11,11|9,8,7,7",R16,GRAND_SLAM,MD,1802,Main Draw,JIANG Tianyi (HKG) / TANG Peng (HKG),LEE Jinkwon (KOR) / YOON Jaeyoung (KOR),TANG Peng (HKG),YOON Jaeyoung (KOR),4 - 0,11:9 11:8 11:7 11:7,JIANG Tianyi,2006
Singapore Open 2006,2006-09-07,CHEN Qi/MA Lin,JIANG Tianyi/TANG Peng,CHN,HKG,4,0,"11,11,11,11|5,6,5,8",SemiFinal,GRAND_SLAM,MD,1802,Main Draw,CHEN Qi (CHN) / MA Lin (CHN),JIANG Tianyi (HKG) / TANG Peng (HKG),MA Lin (CHN),TANG Peng (HKG),0 - 4,5:11 6:11 5:11 8:11,CHEN Qi,2006
Singapore Open 2006,2006-09-07,LIU Zhongze/MA Liang,ANDI Ngadia/JUARDIS Nisban,SGP,INA,3,0,"11,11,11|3,2,3",QR32,GRAND_SLAM,MD,1802,Qualification,LIU Zhongze (SGP) / MA Liang (SGP),ANDI Ngadia (INA) / JUARDIS Nisban (INA),MA Liang (SGP),JUARDIS Nisban (INA),0 - 3,3:11 2:11 3:11,LIU Zhongze,2006
Singapore Open 2006,2006-09-07,LIU Song/TABACHNIK Pablo,KAWAHARA Yuji/NAKANO Yusuke,ARG,JPN,3,1,"11,11,6,11|8,3,11,8",QR32,GRAND_SLAM,MD,1802,Qualification,LIU Song (ARG) / TABACHNIK Pablo (ARG),KAWAHARA Yuji (JPN) / NAKANO Yusuke (JPN),TABACHNIK Pablo (ARG),NAKANO Yusuke (JPN),1 - 3,8:11 3:11 11:6 8:11,LIU Song,2006
Singapore Open 2006,2006-09-07,CHO Eonrae/CHOI Hyunjin,OGUSHI Haruhumi/TAKEYA Koichi,KOR,JPN,3,1,"11,9,11,11|4,11,9,7",QR32,GRAND_SLAM,MD,1802,Qualification,CHO Eonrae (KOR) / CHOI Hyunjin (KOR),OGUSHI Haruhumi (JPN) / TAKEYA Koichi (JPN),CHOI Hyunjin (KOR),TAKEYA Koichi (JPN),1 - 3,4:11 11:9 9:11 7:11,CHO Eonrae,2006
Singapore Open 2006,2006-09-07,JIANG Tianyi/TANG Peng,SAHA Subhajit/SHIMOYAMA Takanori,HKG,IND,3,0,"11,11,11|8,9,5",QR32,GRAND_SLAM,MD,1802,Qualification,JIANG Tianyi (HKG) / TANG Peng (HKG),SAHA Subhajit (IND) / SHIMOYAMA Takanori (JPN),TANG Peng (HKG),SHIMOYAMA Takanori (JPN),0 - 3,8:11 9:11 5:11,JIANG Tianyi,2006
Singapore Open 2006,2006-09-07,CAI Xiaoli/TANG Hua,KIHO Shinnosuke/KURASHIMA Yosuke,SGP,JPN,3,1,"11,8,11,11|7,11,6,5",QR32,GRAND_SLAM,MD,1802,Qualification,CAI Xiaoli (SGP) / TANG Hua (SGP),KIHO Shinnosuke (JPN) / KURASHIMA Yosuke (JPN),TANG Hua (SGP),KURASHIMA Yosuke (JPN),1 - 3,7:11 11:8 6:11 5:11,CAI Xiaoli,2006
Singapore Open 2006,2006-09-07,KITO Akira/OMORI Takahiro,VIPAWATANAKUL Sithichok/VIPAWATANAKUL Tanawat,JPN,AUS,3,0,"11,11,11|3,9,2",QR32,GRAND_SLAM,MD,1802,Qualification,KITO Akira (JPN) / OMORI Takahiro (JPN),VIPAWATANAKUL Sithichok (AUS) / VIPAWATANAKUL Tanawat (THA),OMORI Takahiro (JPN),VIPAWATANAKUL Tanawat (THA),3 - 0,11:3 11:9 11:2,KITO Akira,2006
Singapore Open 2006,2006-09-07,MA Long/WANG Liqin,KITO Akira/OMORI Takahiro,CHN,JPN,3,1,"11,13,11,11|7,15,9,3",QR16,GRAND_SLAM,MD,1802,Qualification,MA Long (CHN) / WANG Liqin (CHN),KITO Akira (JPN) / OMORI Takahiro (JPN),WANG Liqin (CHN),OMORI Takahiro (JPN),1 - 3,7:11 15:13 9:11 3:11,MA Long,2006
Singapore Open 2006,2006-09-07,CAI Xiaoli/TANG Hua,LIM Jaehyun/RYU Seungmin,SGP,KOR,4,2,"11,11,13,7,11,11|13,4,11,11,8,7",R16,GRAND_SLAM,MD,1802,Main Draw,CAI Xiaoli (SGP) / TANG Hua (SGP),LIM Jaehyun (KOR) / RYU Seungmin (KOR),TANG Hua (SGP),RYU Seungmin (KOR),2 - 4,13:11 4:11 11:13 11:7 8:11 7:11,CAI Xiaoli,2006
Singapore Open 2006,2006-09-07,MA Long/WANG Liqin,CHO Eonrae/CHOI Hyunjin,CHN,KOR,4,1,"11,11,5,11,11|7,8,11,9,2",QuarterFinal,GRAND_SLAM,MD,1802,Main Draw,MA Long (CHN) / WANG Liqin (CHN),CHO Eonrae (KOR) / CHOI Hyunjin (KOR),WANG Liqin (CHN),CHOI Hyunjin (KOR),1 - 4,7:11 8:11 11:5 9:11 2:11,MA Long,2006
Singapore Open 2006,2006-09-07,CHEN Chien-An/SUN Wen-Wei,JOO Baijun/JOO Saehyuk,TPE,KOR,3,1,"7,11,11,11|11,9,6,9",QR32,GRAND_SLAM,MD,1802,Qualification,CHEN Chien-An (TPE) / SUN Wen-Wei (TPE),JOO Baijun (KOR) / JOO Saehyuk (KOR),SUN Wen-Wei (TPE),JOO Saehyuk (KOR),1 - 3,11:7 9:11 6:11 9:11,CHEN Chien-An,2006
Singapore Open 2006,2006-09-07,MA Long/WANG Liqin,BARING Harold/UY Arnie,CHN,PHI,3,0,"11,11,11|1,2,4",QR32,GRAND_SLAM,MD,1802,Qualification,MA Long (CHN) / WANG Liqin (CHN),BARING Harold (PHI) / UY Arnie (PHI),WANG Liqin (CHN),UY Arnie (PHI),0 - 3,1:11 2:11 4:11,MA Long,2006
Singapore Open 2006,2006-09-07,JIANG Tianyi/TANG Peng,CAI Xiaoli/TANG Hua,HKG,SGP,4,0,"11,11,13,11|5,4,11,9",QuarterFinal,GRAND_SLAM,MD,1802,Main Draw,JIANG Tianyi (HKG) / TANG Peng (HKG),CAI Xiaoli (SGP) / TANG Hua (SGP),TANG Peng (HKG),TANG Hua (SGP),0 - 4,5:11 4:11 11:13 9:11,JIANG Tianyi,2006
Singapore Open 2006,2006-09-07,AXELQVIST Johan/SVENSSON Robert,HAO Anlin/LI Hang,SWE,SGP,3,0,"11,11,11|7,9,5",QR32,GRAND_SLAM,MD,1802,Qualification,AXELQVIST Johan (SWE) / SVENSSON Robert (SWE),HAO Anlin (SGP) / LI Hang (SGP),SVENSSON Robert (SWE),LI Hang (SGP),0 - 3,7:11 9:11 5:11,AXELQVIST Johan,2006
Singapore Open 2006,2006-09-07,CHEN Weixing/GARDOS Robert,AXELQVIST Johan/SVENSSON Robert,AUT,SWE,4,2,"11,11,9,11,8,11|2,6,11,9,11,7",R16,GRAND_SLAM,MD,1802,Main Draw,CHEN Weixing (AUT) / GARDOS Robert (AUT),AXELQVIST Johan (SWE) / SVENSSON Robert (SWE),GARDOS Robert (AUT),SVENSSON Robert (SWE),2 - 4,2:11 6:11 11:9 9:11 11:8 7:11,CHEN Weixing,2006
Singapore Open 2006,2006-09-07,CAI Xiaoli/TANG Hua,SANGUANSIN Phakpoom/SANGUANSIN Phuchong,SGP,THA,3,2,"11,8,9,11,11|7,11,11,9,6",QR16,GRAND_SLAM,MD,1802,Qualification,CAI Xiaoli (SGP) / TANG Hua (SGP),SANGUANSIN Phakpoom (THA) / SANGUANSIN Phuchong (THA),TANG Hua (SGP),SANGUANSIN Phuchong (THA),2 - 3,7:11 11:8 11:9 9:11 6:11,CAI Xiaoli,2006
Singapore Open 2006,2006-09-07,CHIANG Hung-Chieh/HUANG Sheng-Sheng,ACHANTA Sharath/ROY Soumyadeep,TPE,IND,3,1,"14,11,10,12|12,5,12,10",QR32,GRAND_SLAM,MD,1802,Qualification,CHIANG Hung-Chieh (TPE) / HUANG Sheng-Sheng (TPE),ACHANTA Sharath (IND) / ROY Soumyadeep (IND),HUANG Sheng-Sheng (TPE),ROY Soumyadeep (IND),3 - 1,14:12 11:5 10:12 12:10,CHIANG Hung-Chieh,2006
Singapore Open 2006,2006-09-07,CHUANG Chih-Yuan/HOU Ming-Tsung,LI Xiao Shuang/TANG Fei,TPE,SGP,3,2,"6,11,11,2,11|11,9,7,11,9",QR32,GRAND_SLAM,MD,1802,Qualification,CHUANG Chih-Yuan (TPE) / HOU Ming-Tsung (TPE),LI Xiao Shuang (SGP) / TANG Fei (SGP),HOU Ming-Tsung (TPE),TANG Fei (SGP),3 - 2,6:11 11:9 11:7 2:11 11:9,CHUANG Chih-Yuan,2006
Singapore Open 2006,2006-09-07,HOU Yingchao/ZHOU Bin,CHOU Tung-Yu/WU Chih-Chi,CAN,TPE,3,1,"11,7,15,11|7,11,13,9",QR32,GRAND_SLAM,MD,1802,Qualification,HOU Yingchao (CAN) / ZHOU Bin (CHN),CHOU Tung-Yu (TPE) / WU Chih-Chi (TPE),ZHOU Bin (CHN),WU Chih-Chi (TPE),1 - 3,7:11 11:7 13:15 9:11,HOU Yingchao,2006
Singapore Open 2006,2006-09-07,AXELQVIST Johan/SVENSSON Robert,CHEN Chien-An/SUN Wen-Wei,SWE,TPE,3,2,"11,11,8,8,11|6,8,11,11,8",QR16,GRAND_SLAM,MD,1802,Qualification,AXELQVIST Johan (SWE) / SVENSSON Robert (SWE),CHEN Chien-An (TPE) / SUN Wen-Wei (TPE),SVENSSON Robert (SWE),SUN Wen-Wei (TPE),2 - 3,6:11 8:11 11:8 11:8 8:11,AXELQVIST Johan,2006
Singapore Open 2006,2006-09-07,CHO Eonrae/CHOI Hyunjin,CHIANG Hung-Chieh/HUANG Sheng-Sheng,KOR,TPE,3,2,"11,7,6,11,11|7,11,11,4,8",QR16,GRAND_SLAM,MD,1802,Qualification,CHO Eonrae (KOR) / CHOI Hyunjin (KOR),CHIANG Hung-Chieh (TPE) / HUANG Sheng-Sheng (TPE),CHOI Hyunjin (KOR),HUANG Sheng-Sheng (TPE),2 - 3,7:11 11:7 11:6 4:11 8:11,CHO Eonrae,2006
Singapore Open 2006,2006-09-07,CHUANG Chih-Yuan/HOU Ming-Tsung,KAN Yo/YOSHIDA Kaii,TPE,JPN,3,2,"9,11,8,11,11|11,8,11,9,9",QR16,GRAND_SLAM,MD,1802,Qualification,CHUANG Chih-Yuan (TPE) / HOU Ming-Tsung (TPE),KAN Yo (JPN) / YOSHIDA Kaii (JPN),HOU Ming-Tsung (TPE),YOSHIDA Kaii (JPN),3 - 2,9:11 11:8 8:11 11:9 11:9,CHUANG Chih-Yuan,2006
Singapore Open 2006,2006-09-07,WANG Nan/ZHANG Yining,KRAMER Tanja/JIANG Huajun,CHN,GER,4,0,"12,11,11,11|10,6,3,7",R16,GRAND_SLAM,WD,1802,Main Draw,WANG Nan (CHN) / ZHANG Yining (CHN),KRAMER Tanja (GER) / JIANG Huajun (HKG),ZHANG Yining (CHN),JIANG Huajun (HKG),4 - 0,12:10 11:6 11:3 11:7,WANG Nan,2006
Singapore Open 2006,2006-09-07,TIE Yana/ZHANG Rui,DING Ning/GUO Yan (1982),HKG,CHN,4,1,"12,11,11,9,11|10,9,6,11,9",R16,GRAND_SLAM,WD,1802,Main Draw,TIE Yana (HKG) / ZHANG Rui (HKG),DING Ning (CHN) / GUO Yan (1982) (CHN),ZHANG Rui (HKG),GUO Yan (1982) (CHN),1 - 4,10:12 9:11 6:11 11:9 9:11,TIE Yana,2006
Singapore Open 2006,2006-09-07,WANG Nan/ZHANG Yining,LAU Sui Fei/LIN Ling,CHN,HKG,4,1,"5,11,11,11,11|11,6,6,8,5",QuarterFinal,GRAND_SLAM,WD,1802,Main Draw,WANG Nan (CHN) / ZHANG Yining (CHN),LAU Sui Fei (HKG) / LIN Ling (HKG),ZHANG Yining (CHN),LIN Ling (HKG),4 - 1,5:11 11:6 11:6 11:8 11:5,WANG Nan,2006
Singapore Open 2006,2006-09-07,CAO Zhen/CHANG Chenchen,LI Jiawei/SUN Beibei,CHN,SGP,4,3,"11,9,5,11,11,7,12|4,11,11,4,8,11,10",QuarterFinal,GRAND_SLAM,WD,1802,Main Draw,CAO Zhen (CHN) / CHANG Chenchen (CHN),LI Jiawei (SGP) / SUN Beibei (SGP),CHANG Chenchen (CHN),SUN Beibei (SGP),4 - 3,11:4 9:11 5:11 11:4 11:8 7:11 12:10,CAO Zhen,2006
Singapore Open 2006,2006-09-07,WANG Nan/ZHANG Yining,CAO Zhen/CHANG Chenchen,CHN,CHN,4,2,"11,11,8,3,11,11|7,8,11,11,7,4",SemiFinal,GRAND_SLAM,WD,1802,Main Draw,WANG Nan (CHN) / ZHANG Yining (CHN),CAO Zhen (CHN) / CHANG Chenchen (CHN),ZHANG Yining (CHN),CHANG Chenchen (CHN),4 - 2,11:7 11:8 8:11 3:11 11:7 11:4,WANG Nan,2006
Singapore Open 2006,2006-09-07,WANG Nan/ZHANG Yining,TIE Yana/ZHANG Rui,CHN,HKG,4,0,"11,11,11,11|1,7,9,8",Final,GRAND_SLAM,WD,1802,Main Draw,WANG Nan (CHN) / ZHANG Yining (CHN),TIE Yana (HKG) / ZHANG Rui (HKG),ZHANG Yining (CHN),ZHANG Rui (HKG),4 - 0,11:1 11:7 11:9 11:8,WANG Nan,2006
Singapore Open 2006,2006-09-07,CAO Zhen/CHANG Chenchen,KAWAMURA Yuka/OHATA Nahoko,CHN,JPN,3,0,"11,11,11|9,5,3",QR16,GRAND_SLAM,WD,1802,Qualification,CAO Zhen (CHN) / CHANG Chenchen (CHN),KAWAMURA Yuka (JPN) / OHATA Nahoko (JPN),CHANG Chenchen (CHN),OHATA Nahoko (JPN),3 - 0,11:9 11:5 11:3,CAO Zhen,2006
Singapore Open 2006,2006-09-07,DING Ning/GUO Yan (1982),LEE Kyeola/SHIM Serom,CHN,KOR,3,0,"11,11,11|6,9,3",QR16,GRAND_SLAM,WD,1802,Qualification,DING Ning (CHN) / GUO Yan (1982) (CHN),LEE Kyeola (KOR) / SHIM Serom (KOR),GUO Yan (1982) (CHN),SHIM Serom (KOR),3 - 0,11:6 11:9 11:3,DING Ning,2006
Singapore Open 2006,2006-09-07,FUJII Hiroko/KANAZAWA Saki,GAO Jun/SHEN Yanfei,JPN,USA,4,2,"11,5,11,8,11,11|6,11,3,11,9,6",R16,GRAND_SLAM,WD,1802,Main Draw,FUJII Hiroko (JPN) / KANAZAWA Saki (JPN),GAO Jun (USA) / SHEN Yanfei (ESP),KANAZAWA Saki (JPN),SHEN Yanfei (ESP),2 - 4,6:11 11:5 3:11 11:8 9:11 6:11,FUJII Hiroko,2006
Singapore Open 2006,2006-09-07,YAMAMOTO Mari/YAMAZAKI Ayae,DVORAK Galia/SOLICHERO Carmen,JPN,ESP,3,0,"11,11,11|3,1,4",QR32,GRAND_SLAM,WD,1802,Qualification,YAMAMOTO Mari (JPN) / YAMAZAKI Ayae (JPN),DVORAK Galia (ESP) / SOLICHERO Carmen (ESP),YAMAZAKI Ayae (JPN),SOLICHERO Carmen (ESP),0 - 3,3:11 1:11 4:11,YAMAMOTO Mari,2006
Singapore Open 2006,2006-09-07,FUJII Hiroko/KANAZAWA Saki,TAN Paey Fern/ZHANG Xueling,JPN,SGP,4,0,"11,11,12,11|4,6,10,5",QuarterFinal,GRAND_SLAM,WD,1802,Main Draw,FUJII Hiroko (JPN) / KANAZAWA Saki (JPN),TAN Paey Fern (SGP) / ZHANG Xueling (SGP),KANAZAWA Saki (JPN),ZHANG Xueling (SGP),4 - 0,11:4 11:6 12:10 11:5,FUJII Hiroko,2006
Singapore Open 2006,2006-09-07,TIE Yana/ZHANG Rui,FUJII Hiroko/KANAZAWA Saki,HKG,JPN,4,0,"11,12,11,15|7,10,9,13",SemiFinal,GRAND_SLAM,WD,1802,Main Draw,TIE Yana (HKG) / ZHANG Rui (HKG),FUJII Hiroko (JPN) / KANAZAWA Saki (JPN),ZHANG Rui (HKG),KANAZAWA Saki (JPN),0 - 4,7:11 10:12 9:11 13:15,TIE Yana,2006
Singapore Open 2006,2006-09-07,FUJII Hiroko/KANAZAWA Saki,CHENG I-Ching/HSU Hui-Tsun,JPN,TPE,3,1,"13,8,11,11|11,11,8,4",QR16,GRAND_SLAM,WD,1802,Qualification,FUJII Hiroko (JPN) / KANAZAWA Saki (JPN),CHENG I-Ching (TPE) / HSU Hui-Tsun (TPE),KANAZAWA Saki (JPN),HSU Hui-Tsun (TPE),3 - 1,13:11 8:11 11:8 11:4,FUJII Hiroko,2006
Singapore Open 2006,2006-09-07,LEE Eunhee/LEE Hyangmi,KAWAMURA Mai/KISHIDA Satoko,KOR,JPN,3,0,"11,11,11|1,5,6",QR16,GRAND_SLAM,WD,1802,Qualification,LEE Eunhee (KOR) / LEE Hyangmi (KOR),KAWAMURA Mai (JPN) / KISHIDA Satoko (JPN),LEE Hyangmi (KOR),KISHIDA Satoko (JPN),0 - 3,1:11 5:11 6:11,LEE Eunhee,2006
Singapore Open 2006,2006-09-07,KRAMER Tanja/JIANG Huajun,SHIOSAKI Yuka/TASEI Mikie,GER,JPN,3,2,"4,9,11,11,11|11,11,4,7,8",QR16,GRAND_SLAM,WD,1802,Qualification,KRAMER Tanja (GER) / JIANG Huajun (HKG),SHIOSAKI Yuka (JPN) / TASEI Mikie (JPN),JIANG Huajun (HKG),TASEI Mikie (JPN),2 - 3,11:4 11:9 4:11 7:11 8:11,KRAMER Tanja,2006
Singapore Open 2006,2006-09-07,KIM Junghyun/MOON Hyunjung,YAMAMOTO Mari/YAMAZAKI Ayae,KOR,JPN,3,0,"11,11,11|4,8,7",QR16,GRAND_SLAM,WD,1802,Qualification,KIM Junghyun (KOR) / MOON Hyunjung (KOR),YAMAMOTO Mari (JPN) / YAMAZAKI Ayae (JPN),MOON Hyunjung (KOR),YAMAZAKI Ayae (JPN),0 - 3,4:11 8:11 7:11,KIM Junghyun,2006
Singapore Open 2006,2006-09-07,LAU Sui Fei/LIN Ling,LEE Eunhee/LEE Hyangmi,HKG,KOR,4,0,"11,11,12,11|9,2,10,6",R16,GRAND_SLAM,WD,1802,Main Draw,LAU Sui Fei (HKG) / LIN Ling (HKG),LEE Eunhee (KOR) / LEE Hyangmi (KOR),LIN Ling (HKG),LEE Hyangmi (KOR),0 - 4,9:11 2:11 10:12 6:11,LAU Sui Fei,2006
Singapore Open 2006,2006-09-07,CAO Zhen/CHANG Chenchen,KIM Kyungah/PARK Miyoung,CHN,KOR,4,3,"10,5,7,11,12,11,11|12,11,11,9,10,4,7",R16,GRAND_SLAM,WD,1802,Main Draw,CAO Zhen (CHN) / CHANG Chenchen (CHN),KIM Kyungah (KOR) / PARK Miyoung (KOR),CHANG Chenchen (CHN),PARK Miyoung (KOR),3 - 4,12:10 11:5 11:7 9:11 10:12 4:11 7:11,CAO Zhen,2006
Singapore Open 2006,2006-09-07,LI Jiawei/SUN Beibei,KWAK Bangbang/NAM Hyejin (1985),SGP,KOR,4,0,"11,11,12,13|8,9,10,11",R16,GRAND_SLAM,WD,1802,Main Draw,LI Jiawei (SGP) / SUN Beibei (SGP),KWAK Bangbang (KOR) / NAM Hyejin (1985) (KOR),SUN Beibei (SGP),NAM Hyejin (1985) (KOR),0 - 4,8:11 9:11 10:12 11:13,LI Jiawei,2006
Singapore Open 2006,2006-09-07,TAN Paey Fern/ZHANG Xueling,KIM Junghyun/MOON Hyunjung,SGP,KOR,4,3,"10,11,9,6,11,11,11|12,3,11,11,9,9,6",R16,GRAND_SLAM,WD,1802,Main Draw,TAN Paey Fern (SGP) / ZHANG Xueling (SGP),KIM Junghyun (KOR) / MOON Hyunjung (KOR),ZHANG Xueling (SGP),MOON Hyunjung (KOR),3 - 4,12:10 3:11 11:9 11:6 9:11 9:11 6:11,TAN Paey Fern,2006
Singapore Open 2006,2006-09-07,HUANG Kang Kang/WANG Yuegu,KOMWONG Nanthana/MUANGSUK Anisara,SGP,THA,3,2,"11,7,11,8,11|4,11,5,11,5",QR16,GRAND_SLAM,WD,1802,Qualification,HUANG Kang Kang (SGP) / WANG Yuegu (SGP),KOMWONG Nanthana (THA) / MUANGSUK Anisara (THA),WANG Yuegu (SGP),MUANGSUK Anisara (THA),2 - 3,4:11 11:7 5:11 11:8 5:11,HUANG Kang Kang,2006
Singapore Open 2006,2006-09-07,HUANG Yi-Hua/LU Yun-Feng,HUANG Kang Kang/WANG Yuegu,TPE,SGP,4,2,"11,7,8,13,11,11|5,11,11,11,6,8",R16,GRAND_SLAM,WD,1802,Main Draw,HUANG Yi-Hua (TPE) / LU Yun-Feng (TPE),HUANG Kang Kang (SGP) / WANG Yuegu (SGP),LU Yun-Feng (TPE),WANG Yuegu (SGP),4 - 2,11:5 7:11 8:11 13:11 11:6 11:8,HUANG Yi-Hua,2006
Singapore Open 2006,2006-09-07,TIE Yana/ZHANG Rui,HUANG Yi-Hua/LU Yun-Feng,HKG,TPE,4,1,"11,11,11,9,11|9,4,7,11,7",QuarterFinal,GRAND_SLAM,WD,1802,Main Draw,TIE Yana (HKG) / ZHANG Rui (HKG),HUANG Yi-Hua (TPE) / LU Yun-Feng (TPE),ZHANG Rui (HKG),LU Yun-Feng (TPE),1 - 4,9:11 4:11 7:11 11:9 7:11,TIE Yana,2006
Singapore Open 2006,2006-09-07,CHENG I-Ching/HSU Hui-Tsun,MA Minglu/YU Mengyu,TPE,SGP,3,2,"11,8,11,7,11|8,11,6,11,7",QR32,GRAND_SLAM,WD,1802,Qualification,CHENG I-Ching (TPE) / HSU Hui-Tsun (TPE),MA Minglu (SGP) / YU Mengyu (SGP),HSU Hui-Tsun (TPE),YU Mengyu (SGP),3 - 2,11:8 8:11 11:6 7:11 11:7,CHENG I-Ching,2006
Singapore Open 2006,2006-09-07,KWAK Bangbang/NAM Hyejin (1985),LEE I-Chen/PAN Chun-Chu,KOR,TPE,3,2,"11,11,11,7,11|6,8,13,11,7",QR16,GRAND_SLAM,WD,1802,Qualification,KWAK Bangbang (KOR) / NAM Hyejin (1985) (KOR),LEE I-Chen (TPE) / PAN Chun-Chu (TPE),NAM Hyejin (1985) (KOR),PAN Chun-Chu (TPE),2 - 3,6:11 8:11 13:11 11:7 7:11,KWAK Bangbang,2006
