tournament,date,player_a,player_b,country_a,country_b,score_a,score_b,game_scores,round,tier,sub_event,event_id,stage,player_a_raw,player_b_raw,player_x_raw,player_y_raw,result_raw,games_raw,winner_raw,year_raw
ITTF-Oceania Cup 2022,2022-12-17,YEE Grace Rosi,WANEGUI Julie,FIJ,NCL,4,3,"11,9,11,11,9,9,11|4,11,8,6,11,11,6",QUAL,OTHER,WS,2670,Qualification,YEE Grace Rosi (FIJ),WANEGUI Julie (NCL),,,4 - 3,11:4 9:11 11:8 11:6 9:11 9:11 11:6,YEE Grace Rosi,2022
ITTF-Oceania Cup 2022,2022-12-17,LUM Nicholas,ZHANG Bei Yan,AUS,FIJ,4,0,"11,11,11,11|6,5,6,5",QUAL,OTHER,MS,2670,Qualification,LUM Nicholas (AUS),ZHANG Bei Yan (FIJ),,,4 - 0,11:6 11:5 11:6 11:5,LUM Nicholas,2022
ITTF-Oceania Cup 2022,2022-12-17,DEY Jeremy,AMOR Kelsey,NCL,NZL,4,0,"11,11,11,11|8,4,4,7",QUAL,OTHER,MS,2670,Qualification,DEY Jeremy (NCL),AMOR Kelsey (NZL),,,4 - 0,11:8 11:4 11:4 11:7,DEY Jeremy,2022
ITTF-Oceania Cup 2022,2022-12-17,LIU Yangzi,HANE Maryanne,AUS,PNG,4,0,"11,11,11,11|0,0,5,2",QUAL,OTHER,WS,2670,Qualification,LIU Yangzi (AUS),HANE Maryanne (PNG),,,4 - 0,11:0 11:0 11:5 11:2,LIU Yangzi,2022
ITTF-Oceania Cup 2022,2022-12-17,LI Carolyn,PAUL Anais,FIJ,NCL,4,3,"11,8,9,9,11,11,11|3,11,11,11,8,8,3",QUAL,OTHER,WS,2670,Qualification,LI Carolyn (FIJ),PAUL Anais (NCL),,,4 - 3,11:3 8:11 9:11 9:11 11:8 11:8 11:3,LI Carolyn,2022
ITTF-Oceania Cup 2022,2022-12-17,YAN Xin,WU Vicky,AUS,FIJ,4,0,"11,11,11,11|4,5,2,4",QUAL,OTHER,MS,2670,Qualification,YAN Xin (AUS),WU Vicky (FIJ),,,4 - 0,11:4 11:5 11:2 11:4,YAN Xin,2022
ITTF-Oceania Cup 2022,2022-12-17,DELA PENA Alfred,LOI Geoffrey,NZL,PNG,4,2,"7,11,11,11,11,11|11,6,2,13,7,8",QUAL,OTHER,MS,2670,Qualification,DELA PENA Alfred (NZL),LOI Geoffrey (PNG),,,4 - 2,7:11 11:6 11:2 11:13 11:7 11:8,DELA PENA Alfred,2022
ITTF-Oceania Cup 2022,2022-12-17,JEE Minhyung,AGARI Tammi,AUS,PNG,4,0,"11,11,11,11|3,4,2,3",QUAL,OTHER,WS,2670,Qualification,JEE Minhyung (AUS),AGARI Tammi (PNG),,,4 - 0,11:3 11:4 11:2 11:3,JEE Minhyung,2022
ITTF-Oceania Cup 2022,2022-12-17,YEE Grace Rosi,HANE Maryanne,FIJ,PNG,4,0,"11,11,11,11|6,6,5,3",QUAL,OTHER,WS,2670,Qualification,YEE Grace Rosi (FIJ),HANE Maryanne (PNG),,,4 - 0,11:6 11:6 11:5 11:3,YEE Grace Rosi,2022
ITTF-Oceania Cup 2022,2022-12-17,DEY Jeremy,ZHANG Bei Yan,NCL,FIJ,4,1,"11,11,9,11,11|3,3,11,5,8",QUAL,OTHER,MS,2670,Qualification,DEY Jeremy (NCL),ZHANG Bei Yan (FIJ),,,4 - 1,11:3 11:3 9:11 11:5 11:8,DEY Jeremy,2022
ITTF-Oceania Cup 2022,2022-12-17,LUM Nicholas,AMOR Kelsey,AUS,NZL,4,0,"11,11,11,11|5,7,4,2",QUAL,OTHER,MS,2670,Qualification,LUM Nicholas (AUS),AMOR Kelsey (NZL),,,4 - 0,11:5 11:7 11:4 11:2,LUM Nicholas,2022
ITTF-Oceania Cup 2022,2022-12-17,LIU Yangzi,WANEGUI Julie,AUS,NCL,4,0,"11,11,11,11|4,3,5,5",QUAL,OTHER,WS,2670,Qualification,LIU Yangzi (AUS),WANEGUI Julie (NCL),,,4 - 0,11:4 11:3 11:5 11:5,LIU Yangzi,2022
ITTF-Oceania Cup 2022,2022-12-17,LI Carolyn,AGARI Tammi,FIJ,PNG,4,0,"11,12,11,11|9,10,7,2",QUAL,OTHER,WS,2670,Qualification,LI Carolyn (FIJ),AGARI Tammi (PNG),,,4 - 0,11:9 12:10 11:7 11:2,LI Carolyn,2022
ITTF-Oceania Cup 2022,2022-12-17,DELA PENA Alfred,WU Vicky,NZL,FIJ,4,0,"11,11,13,11|6,1,11,4",QUAL,OTHER,MS,2670,Qualification,DELA PENA Alfred (NZL),WU Vicky (FIJ),,,4 - 0,11:6 11:1 13:11 11:4,DELA PENA Alfred,2022
ITTF-Oceania Cup 2022,2022-12-17,YAN Xin,LOI Geoffrey,AUS,PNG,4,0,"11,11,11,11|4,2,2,6",QUAL,OTHER,MS,2670,Qualification,YAN Xin (AUS),LOI Geoffrey (PNG),,,4 - 0,11:4 11:2 11:2 11:6,YAN Xin,2022
ITTF-Oceania Cup 2022,2022-12-17,JEE Minhyung,PAUL Anais,AUS,NCL,4,0,"11,11,11,11|3,2,2,4",QUAL,OTHER,WS,2670,Qualification,JEE Minhyung (AUS),PAUL Anais (NCL),,,4 - 0,11:3 11:2 11:2 11:4,JEE Minhyung,2022
ITTF-Oceania Cup 2022,2022-12-17,LIU Yangzi,YEE Grace Rosi,AUS,FIJ,4,0,"11,11,11,11|4,5,5,4",QUAL,OTHER,WS,2670,Qualification,LIU Yangzi (AUS),YEE Grace Rosi (FIJ),,,4 - 0,11:4 11:5 11:5 11:4,LIU Yangzi,2022
ITTF-Oceania Cup 2022,2022-12-17,AMOR Kelsey,ZHANG Bei Yan,NZL,FIJ,4,0,"11,11,11,11|6,2,3,6",QUAL,OTHER,MS,2670,Qualification,AMOR Kelsey (NZL),ZHANG Bei Yan (FIJ),,,4 - 0,11:6 11:2 11:3 11:6,AMOR Kelsey,2022
ITTF-Oceania Cup 2022,2022-12-17,LUM Nicholas,DEY Jeremy,AUS,NCL,4,0,"11,11,11,11|4,4,4,9",QUAL,OTHER,MS,2670,Qualification,LUM Nicholas (AUS),DEY Jeremy (NCL),,,4 - 0,11:4 11:4 11:4 11:9,LUM Nicholas,2022
ITTF-Oceania Cup 2022,2022-12-17,WANEGUI Julie,HANE Maryanne,NCL,PNG,4,0,"11,11,11,11|7,1,4,4",QUAL,OTHER,WS,2670,Qualification,WANEGUI Julie (NCL),HANE Maryanne (PNG),,,4 - 0,11:7 11:1 11:4 11:4,WANEGUI Julie,2022
ITTF-Oceania Cup 2022,2022-12-17,JEE Minhyung,LI Carolyn,AUS,FIJ,4,0,"11,11,11,11|3,4,2,1",QUAL,OTHER,WS,2670,Qualification,JEE Minhyung (AUS),LI Carolyn (FIJ),,,4 - 0,11:3 11:4 11:2 11:1,JEE Minhyung,2022
ITTF-Oceania Cup 2022,2022-12-17,LOI Geoffrey,WU Vicky,PNG,FIJ,4,2,"14,7,4,11,11,11|12,11,11,3,7,9",QUAL,OTHER,MS,2670,Qualification,LOI Geoffrey (PNG),WU Vicky (FIJ),,,4 - 2,14:12 7:11 4:11 11:3 11:7 11:9,LOI Geoffrey,2022
ITTF-Oceania Cup 2022,2022-12-17,YAN Xin,DELA PENA Alfred,AUS,NZL,4,0,"11,11,11,11|7,4,7,5",QUAL,OTHER,MS,2670,Qualification,YAN Xin (AUS),DELA PENA Alfred (NZL),,,4 - 0,11:7 11:4 11:7 11:5,YAN Xin,2022
ITTF-Oceania Cup 2022,2022-12-17,PAUL Anais,AGARI Tammi,NCL,PNG,4,0,"11,11,11,11|6,6,5,7",QUAL,OTHER,WS,2670,Qualification,PAUL Anais (NCL),AGARI Tammi (PNG),,,4 - 0,11:6 11:6 11:5 11:7,PAUL Anais,2022
ITTF-Oceania Cup 2022,2022-12-17,WANEGUI Julie,LI Carolyn,FIJ,NCL,4,0,"11,11,11,11|8,8,3,7",QF,OTHER,WS,2670,Main Draw,WANEGUI Julie (NCL),LI Carolyn (FIJ),,,0 - 4,8:11 8:11 3:11 7:11,LI Carolyn,2022
ITTF-Oceania Cup 2022,2022-12-17,AMOR Kelsey,DELA PENA Alfred,NZL,NZL,4,1,"11,11,11,6,11|2,3,5,11,4",QF,OTHER,MS,2670,Main Draw,AMOR Kelsey (NZL),DELA PENA Alfred (NZL),,,1 - 4,2:11 3:11 5:11 11:6 4:11,DELA PENA Alfred,2022
ITTF-Oceania Cup 2022,2022-12-17,DEY Jeremy,LOI Geoffrey,NCL,PNG,4,0,"11,11,11,11|3,4,6,9",QF,OTHER,MS,2670,Main Draw,DEY Jeremy (NCL),LOI Geoffrey (PNG),,,4 - 0,11:3 11:4 11:6 11:9,DEY Jeremy,2022
ITTF-Oceania Cup 2022,2022-12-17,YEE Grace Rosi,PAUL Anais,FIJ,NCL,4,0,"11,11,11,11|6,6,8,7",QF,OTHER,WS,2670,Main Draw,YEE Grace Rosi (FIJ),PAUL Anais (NCL),,,4 - 0,11:6 11:6 11:8 11:7,YEE Grace Rosi,2022
ITTF-Oceania Cup 2022,2022-12-17,LIU Yangzi,LI Carolyn,AUS,FIJ,4,0,"11,11,11,11|2,3,3,0",SF,OTHER,WS,2670,Main Draw,LIU Yangzi (AUS),LI Carolyn (FIJ),,,4 - 0,11:2 11:3 11:3 11:0,LIU Yangzi,2022
ITTF-Oceania Cup 2022,2022-12-17,YEE Grace Rosi,JEE Minhyung,AUS,FIJ,4,0,"11,11,11,11|6,1,1,8",SF,OTHER,WS,2670,Main Draw,YEE Grace Rosi (FIJ),JEE Minhyung (AUS),,,0 - 4,6:11 1:11 1:11 8:11,JEE Minhyung,2022
ITTF-Oceania Cup 2022,2022-12-17,LUM Nicholas,DELA PENA Alfred,AUS,NZL,4,1,"4,11,11,11,11|11,8,8,9,5",SF,OTHER,MS,2670,Main Draw,LUM Nicholas (AUS),DELA PENA Alfred (NZL),,,4 - 1,4:11 11:8 11:8 11:9 11:5,LUM Nicholas,2022
ITTF-Oceania Cup 2022,2022-12-17,DEY Jeremy,YAN Xin,AUS,NCL,4,0,"11,11,11,11|4,4,5,7",SF,OTHER,MS,2670,Main Draw,DEY Jeremy (NCL),YAN Xin (AUS),,,0 - 4,4:11 4:11 5:11 7:11,YAN Xin,2022
ITTF-Oceania Cup 2022,2022-12-17,LI Carolyn,YEE Grace Rosi,FIJ,FIJ,4,0,"11,11,12,11|8,6,10,9",2,OTHER,WS,2670,Position Draw,LI Carolyn (FIJ),YEE Grace Rosi (FIJ),,,0 - 4,8:11 6:11 10:12 9:11,YEE Grace Rosi,2022
ITTF-Oceania Cup 2022,2022-12-17,DELA PENA Alfred,DEY Jeremy,NZL,NCL,4,0,"11,11,11,11|9,8,7,9",2,OTHER,MS,2670,Position Draw,DELA PENA Alfred (NZL),DEY Jeremy (NCL),,,4 - 0,11:9 11:8 11:7 11:9,DELA PENA Alfred,2022
ITTF-Oceania Cup 2022,2022-12-17,LIU Yangzi,JEE Minhyung,AUS,AUS,4,3,"11,12,11,9,11,7,11|9,14,7,11,3,11,9",F,OTHER,WS,2670,Main Draw,LIU Yangzi (AUS),JEE Minhyung (AUS),,,3 - 4,9:11 14:12 7:11 11:9 3:11 11:7 9:11,JEE Minhyung,2022
ITTF-Oceania Cup 2022,2022-12-17,LUM Nicholas,YAN Xin,AUS,AUS,4,1,"11,6,11,11,11|9,11,8,8,9",F,OTHER,MS,2670,Main Draw,LUM Nicholas (AUS),YAN Xin (AUS),,,4 - 1,11:9 6:11 11:8 11:8 11:9,LUM Nicholas,2022
ITTF-ATTU Asian Cup Bangkok 2022,2022-11-17,WANG Yidi,AKASHEVA Zauresh,CHN,KAZ,4,0,"11,11,11,11|2,6,3,6",R16,OTHER,WS,2628,Main Draw,WANG Yidi (CHN),AKASHEVA Zauresh (KAZ),,,4 - 0,11:2 11:6 11:3 11:6,WANG Yidi,2022
ITTF-ATTU Asian Cup Bangkok 2022,2022-11-17,PARANANG Orawan,SHIN Yubin,KOR,THA,4,2,"15,11,11,7,11,11|13,7,13,11,4,5",R16,OTHER,WS,2628,Main Draw,PARANANG Orawan (THA),SHIN Yubin (KOR),,,2 - 4,13:15 7:11 13:11 11:7 4:11 5:11,SHIN Yubin,2022
ITTF-ATTU Asian Cup Bangkok 2022,2022-11-17,DOO Hoi Kem,CHENG I-Ching,HKG,TPE,4,2,"11,11,12,5,8,11|9,7,10,11,11,9",R16,OTHER,WS,2628,Main Draw,DOO Hoi Kem (HKG),CHENG I-Ching (TPE),,,4 - 2,11:9 11:7 12:10 5:11 8:11 11:9,DOO Hoi Kem,2022
ITTF-ATTU Asian Cup Bangkok 2022,2022-11-17,ZENG Jian,HAYATA Hina,JPN,SGP,4,3,"12,8,11,9,12,7,11|10,11,4,11,10,11,3",R16,OTHER,WS,2628,Main Draw,ZENG Jian (SGP),HAYATA Hina (JPN),,,3 - 4,10:12 11:8 4:11 11:9 10:12 11:7 3:11,HAYATA Hina,2022
ITTF-ATTU Asian Cup Bangkok 2022,2022-11-17,WANG Chuqin,GERASSIMENKO Kirill,CHN,KAZ,4,1,"11,11,11,5,11|8,6,5,11,2",R16,OTHER,MS,2628,Main Draw,WANG Chuqin (CHN),GERASSIMENKO Kirill (KAZ),,,4 - 1,11:8 11:6 11:5 5:11 11:2,WANG Chuqin,2022
ITTF-ATTU Asian Cup Bangkok 2022,2022-11-17,ALKHADRAWI Ali,LIM Jonghoon,KOR,KSA,4,0,"11,11,11,11|7,4,7,8",R16,OTHER,MS,2628,Main Draw,ALKHADRAWI Ali (KSA),LIM Jonghoon (KOR),,,0 - 4,7:11 4:11 7:11 8:11,LIM Jonghoon,2022
ITTF-ATTU Asian Cup Bangkok 2022,2022-11-17,UDA Yukiya,GNANASEKARAN Sathiyan,JPN,IND,4,3,"11,11,7,9,11,10,11|9,8,11,11,6,12,6",R16,OTHER,MS,2628,Main Draw,UDA Yukiya (JPN),GNANASEKARAN Sathiyan (IND),,,4 - 3,11:9 11:8 7:11 9:11 11:6 10:12 11:6,UDA Yukiya,2022
ITTF-ATTU Asian Cup Bangkok 2022,2022-11-17,WONG Chun Ting,LIN Yun-Ju,HKG,TPE,4,2,"11,9,11,6,11,11|9,11,2,11,5,5",R16,OTHER,MS,2628,Main Draw,WONG Chun Ting (HKG),LIN Yun-Ju (TPE),,,4 - 2,11:9 9:11 11:2 6:11 11:5 11:5,WONG Chun Ting,2022
ITTF-ATTU Asian Cup Bangkok 2022,2022-11-17,CHEN Xingtong,BATRA Manika,IND,CHN,4,3,"8,11,11,11,9,8,11|11,9,6,6,11,11,9",R16,OTHER,WS,2628,Main Draw,CHEN Xingtong (CHN),BATRA Manika (IND),,,3 - 4,11:8 9:11 6:11 6:11 11:9 11:8 9:11,BATRA Manika,2022
ITTF-ATTU Asian Cup Bangkok 2022,2022-11-17,SAWETTABUT Suthasini,CHEN Szu-Yu,TPE,THA,4,2,"13,11,4,11,4,11|11,9,11,7,11,8",R16,OTHER,WS,2628,Main Draw,SAWETTABUT Suthasini (THA),CHEN Szu-Yu (TPE),,,2 - 4,11:13 9:11 11:4 7:11 11:4 8:11,CHEN Szu-Yu,2022
ITTF-ATTU Asian Cup Bangkok 2022,2022-11-17,JEON Jihee,LEE Ho Ching,KOR,HKG,4,1,"11,11,9,11,11|5,6,11,8,5",R16,OTHER,WS,2628,Main Draw,JEON Jihee (KOR),LEE Ho Ching (HKG),,,4 - 1,11:5 11:6 9:11 11:8 11:5,JEON Jihee,2022
ITTF-ATTU Asian Cup Bangkok 2022,2022-11-17,ALI Maryam,ITO Mima,JPN,QAT,4,0,"11,11,11,11|0,1,1,1",R16,OTHER,WS,2628,Main Draw,ALI Maryam (QAT),ITO Mima (JPN),,,0 - 4,0:11 1:11 1:11 1:11,ITO Mima,2022
ITTF-ATTU Asian Cup Bangkok 2022,2022-11-17,LIN Gaoyuan,ALAMIYAN Noshad,IRI,CHN,4,2,"11,11,5,12,11,11|4,3,11,14,9,6",R16,OTHER,MS,2628,Main Draw,LIN Gaoyuan (CHN),ALAMIYAN Noshad (IRI),,,2 - 4,4:11 3:11 11:5 14:12 9:11 6:11,ALAMIYAN Noshad,2022
ITTF-ATTU Asian Cup Bangkok 2022,2022-11-17,ACHANTA Sharath,CHUANG Chih-Yuan,TPE,IND,4,1,"7,11,11,11,11|11,4,7,4,6",R16,OTHER,MS,2628,Main Draw,ACHANTA Sharath (IND),CHUANG Chih-Yuan (TPE),,,1 - 4,11:7 4:11 7:11 4:11 6:11,CHUANG Chih-Yuan,2022
ITTF-ATTU Asian Cup Bangkok 2022,2022-11-17,LEE Sang Su,TANVIRIYAVECHAKUL Padasak,KOR,THA,4,0,"11,12,11,11|9,10,6,9",R16,OTHER,MS,2628,Main Draw,LEE Sang Su (KOR),TANVIRIYAVECHAKUL Padasak (THA),,,4 - 0,11:9 12:10 11:6 11:9,LEE Sang Su,2022
ITTF-ATTU Asian Cup Bangkok 2022,2022-11-17,PANG Koen,HARIMOTO Tomokazu,JPN,SGP,4,1,"11,7,11,11,11|2,11,4,6,9",R16,OTHER,MS,2628,Main Draw,PANG Koen (SGP),HARIMOTO Tomokazu (JPN),,,1 - 4,2:11 11:7 4:11 6:11 9:11,HARIMOTO Tomokazu,2022
ITTF-ATTU Asian Cup Bangkok 2022,2022-11-17,WANG Yidi,SHIN Yubin,CHN,KOR,4,1,"7,11,11,11,11|11,6,3,3,5",QF,OTHER,WS,2628,Main Draw,WANG Yidi (CHN),SHIN Yubin (KOR),,,4 - 1,7:11 11:6 11:3 11:3 11:5,WANG Yidi,2022
ITTF-ATTU Asian Cup Bangkok 2022,2022-11-17,DOO Hoi Kem,HAYATA Hina,JPN,HKG,4,3,"11,7,9,9,11,11,11|8,11,11,11,6,4,6",QF,OTHER,WS,2628,Main Draw,DOO Hoi Kem (HKG),HAYATA Hina (JPN),,,3 - 4,8:11 11:7 11:9 11:9 6:11 4:11 6:11,HAYATA Hina,2022
ITTF-ATTU Asian Cup Bangkok 2022,2022-11-17,WANG Chuqin,LIM Jonghoon,KOR,CHN,4,3,"11,9,11,11,6,9,12|6,11,5,7,11,11,10",QF,OTHER,MS,2628,Main Draw,WANG Chuqin (CHN),LIM Jonghoon (KOR),,,3 - 4,6:11 11:9 5:11 7:11 11:6 11:9 10:12,LIM Jonghoon,2022
ITTF-ATTU Asian Cup Bangkok 2022,2022-11-17,UDA Yukiya,WONG Chun Ting,JPN,HKG,4,3,"11,11,11,8,6,4,11|3,7,8,11,11,11,8",QF,OTHER,MS,2628,Main Draw,UDA Yukiya (JPN),WONG Chun Ting (HKG),,,4 - 3,11:3 11:7 11:8 8:11 6:11 4:11 11:8,UDA Yukiya,2022
ITTF-ATTU Asian Cup Bangkok 2022,2022-11-17,BATRA Manika,CHEN Szu-Yu,IND,TPE,4,3,"6,11,11,11,8,9,11|11,6,5,7,11,11,9",QF,OTHER,WS,2628,Main Draw,BATRA Manika (IND),CHEN Szu-Yu (TPE),,,4 - 3,6:11 11:6 11:5 11:7 8:11 9:11 11:9,BATRA Manika,2022
ITTF-ATTU Asian Cup Bangkok 2022,2022-11-17,JEON Jihee,ITO Mima,JPN,KOR,4,0,"11,11,12,15|8,5,10,13",QF,OTHER,WS,2628,Main Draw,JEON Jihee (KOR),ITO Mima (JPN),,,0 - 4,8:11 5:11 10:12 13:15,ITO Mima,2022
ITTF-ATTU Asian Cup Bangkok 2022,2022-11-17,ALAMIYAN Noshad,CHUANG Chih-Yuan,TPE,IRI,4,2,"11,7,11,11,6,11|7,11,7,7,11,9",QF,OTHER,MS,2628,Main Draw,ALAMIYAN Noshad (IRI),CHUANG Chih-Yuan (TPE),,,2 - 4,7:11 11:7 7:11 7:11 11:6 9:11,CHUANG Chih-Yuan,2022
ITTF-ATTU Asian Cup Bangkok 2022,2022-11-17,LEE Sang Su,HARIMOTO Tomokazu,JPN,KOR,4,1,"11,11,7,11,11|6,6,11,7,9",QF,OTHER,MS,2628,Main Draw,LEE Sang Su (KOR),HARIMOTO Tomokazu (JPN),,,1 - 4,6:11 6:11 11:7 7:11 9:11,HARIMOTO Tomokazu,2022
ITTF-ATTU Asian Cup Bangkok 2022,2022-11-17,WANG Yidi,HAYATA Hina,CHN,JPN,4,1,"11,6,11,11,11|7,11,4,9,5",SF,OTHER,WS,2628,Main Draw,WANG Yidi (CHN),HAYATA Hina (JPN),,,4 - 1,11:7 6:11 11:4 11:9 11:5,WANG Yidi,2022
ITTF-ATTU Asian Cup Bangkok 2022,2022-11-17,BATRA Manika,ITO Mima,JPN,IND,4,2,"11,7,11,11,8,11|8,11,7,6,11,7",SF,OTHER,WS,2628,Main Draw,BATRA Manika (IND),ITO Mima (JPN),,,2 - 4,8:11 11:7 7:11 6:11 11:8 7:11,ITO Mima,2022
ITTF-ATTU Asian Cup Bangkok 2022,2022-11-17,LIM Jonghoon,UDA Yukiya,KOR,JPN,4,1,"11,6,12,11,11|9,11,10,5,4",SF,OTHER,MS,2628,Main Draw,LIM Jonghoon (KOR),UDA Yukiya (JPN),,,4 - 1,11:9 6:11 12:10 11:5 11:4,LIM Jonghoon,2022
ITTF-ATTU Asian Cup Bangkok 2022,2022-11-17,CHUANG Chih-Yuan,HARIMOTO Tomokazu,JPN,TPE,4,1,"11,9,11,11,14|8,11,1,9,12",SF,OTHER,MS,2628,Main Draw,CHUANG Chih-Yuan (TPE),HARIMOTO Tomokazu (JPN),,,1 - 4,8:11 11:9 1:11 9:11 12:14,HARIMOTO Tomokazu,2022
ITTF-ATTU Asian Cup Bangkok 2022,2022-11-17,HAYATA Hina,BATRA Manika,IND,JPN,4,2,"11,6,11,12,4,11|6,11,7,10,11,2",2,OTHER,WS,2628,Position Draw,HAYATA Hina (JPN),BATRA Manika (IND),,,2 - 4,6:11 11:6 7:11 10:12 11:4 2:11,BATRA Manika,2022
ITTF-ATTU Asian Cup Bangkok 2022,2022-11-17,UDA Yukiya,CHUANG Chih-Yuan,TPE,JPN,4,2,"6,11,9,12,11,11|11,9,11,10,7,9",2,OTHER,MS,2628,Position Draw,UDA Yukiya (JPN),CHUANG Chih-Yuan (TPE),,,2 - 4,11:6 9:11 11:9 10:12 7:11 9:11,CHUANG Chih-Yuan,2022
ITTF-ATTU Asian Cup Bangkok 2022,2022-11-17,WANG Yidi,ITO Mima,CHN,JPN,4,2,"4,11,9,12,11,11|11,6,11,10,9,8",F,OTHER,WS,2628,Main Draw,WANG Yidi (CHN),ITO Mima (JPN),,,4 - 2,4:11 11:6 9:11 12:10 11:9 11:8,WANG Yidi,2022
ITTF-ATTU Asian Cup Bangkok 2022,2022-11-17,LIM Jonghoon,HARIMOTO Tomokazu,JPN,KOR,4,1,"11,7,11,12,11|9,11,8,10,2",F,OTHER,MS,2628,Main Draw,LIM Jonghoon (KOR),HARIMOTO Tomokazu (JPN),,,1 - 4,9:11 11:7 8:11 10:12 2:11,HARIMOTO Tomokazu,2022
ITTF-Pan American Championships 2022,2022-10-31,DIAZ Mariangel,ARGUELLES Camila,ARG,VEN,3,1,"14,10,11,11|12,12,2,4",R16,OTHER,WT,2611,Main Draw,DIAZ Mariangel (VEN),ARGUELLES Camila (ARG),OBANDO Camila (VEN),CODINA Ana (ARG),1 - 3,12:14 12:10 2:11 4:11,ARGUELLES Camila,2022
ITTF-Pan American Championships 2022,2022-10-31,CARDENAS MALLIOTAKIS Isaleym Mariam,KAIZOJI Camila,ARG,VEN,3,1,"12,9,11,11|10,11,7,8",R16,OTHER,WT,2611,Main Draw,CARDENAS MALLIOTAKIS Isaleym Mariam (VEN),KAIZOJI Camila (ARG),,,1 - 3,10:12 11:9 7:11 8:11,KAIZOJI Camila,2022
ITTF-Pan American Championships 2022,2022-10-31,OBANDO Camila,CODINA Ana,ARG,VEN,3,2,"11,11,9,10,11|5,9,11,12,4",R16,OTHER,WT,2611,Main Draw,OBANDO Camila (VEN),CODINA Ana (ARG),,,2 - 3,5:11 9:11 11:9 12:10 4:11,CODINA Ana,2022
ITTF-Pan American Championships 2022,2022-10-31,LOVET Idalys,ARAYA Angie,CUB,CRC,3,1,"11,11,4,11|8,5,11,6",R16,OTHER,WT,2611,Main Draw,LOVET Idalys (CUB),ARAYA Angie (CRC),RODRIGUEZ Lizdainet (CUB),ZAVALETA Lucia (CRC),3 - 1,11:8 11:5 4:11 11:6,LOVET Idalys,2022
ITTF-Pan American Championships 2022,2022-10-31,FONSECA Daniela,PEREZ Sofia,CUB,CRC,3,0,"11,11,11|0,0,0",R16,OTHER,WT,2611,Main Draw,FONSECA Daniela (CUB),PEREZ Sofia (CRC),,,3 - 0,11:0 11:0 11:0,FONSECA Daniela,2022
ITTF-Pan American Championships 2022,2022-10-31,RODRIGUEZ Lizdainet,ZAVALETA Lucia,CUB,CRC,3,0,"11,11,11|9,4,6",R16,OTHER,WT,2611,Main Draw,RODRIGUEZ Lizdainet (CUB),ZAVALETA Lucia (CRC),,,3 - 0,11:9 11:4 11:6,RODRIGUEZ Lizdainet,2022
ITTF-Pan American Championships 2022,2022-10-31,MAXWELL Ramon,GOMEZ Gustavo,CHI,BAR,3,0,"11,11,11|5,4,4",R16,OTHER,MT,2611,Main Draw,MAXWELL Ramon (BAR),GOMEZ Gustavo (CHI),KNIGHT Tyrese (BAR),BURGOS Nicolas (CHI),0 - 3,5:11 4:11 4:11,GOMEZ Gustavo,2022
ITTF-Pan American Championships 2022,2022-10-31,FARLEY Kevin,MOYA Manuel,CHI,BAR,3,0,"11,11,11|5,4,5",R16,OTHER,MT,2611,Main Draw,FARLEY Kevin (BAR),MOYA Manuel (CHI),,,0 - 3,5:11 4:11 5:11,MOYA Manuel,2022
ITTF-Pan American Championships 2022,2022-10-31,KNIGHT Tyrese,BURGOS Nicolas,CHI,BAR,3,0,"11,11,12|3,7,10",R16,OTHER,MT,2611,Main Draw,KNIGHT Tyrese (BAR),BURGOS Nicolas (CHI),,,0 - 3,3:11 7:11 10:12,BURGOS Nicolas,2022
ITTF-Pan American Championships 2022,2022-10-31,HIDALGO Rodrigo,GASTELUM Pablo,PER,MEX,3,0,"11,11,11|0,0,0",R16,OTHER,MT,2611,Main Draw,HIDALGO Rodrigo (PER),GASTELUM Pablo (MEX),FERNANDEZ Carlos (PER),ARCE Dario (MEX),3 - 0,11:0 11:0 11:0,HIDALGO Rodrigo,2022
ITTF-Pan American Championships 2022,2022-10-31,VIGO Rodrigo,GOMEZ Juan Jesus,PER,MEX,3,0,"11,11,11|0,0,0",R16,OTHER,MT,2611,Main Draw,VIGO Rodrigo (PER),GOMEZ Juan Jesus (MEX),,,3 - 0,11:0 11:0 11:0,VIGO Rodrigo,2022
ITTF-Pan American Championships 2022,2022-10-31,FERNANDEZ Carlos,ARCE Dario,PER,MEX,3,0,"11,11,11|0,0,0",R16,OTHER,MT,2611,Main Draw,FERNANDEZ Carlos (PER),ARCE Dario (MEX),,,3 - 0,11:0 11:0 11:0,FERNANDEZ Carlos,2022
ITTF-Pan American Championships 2022,2022-10-31,RODRIGUEZ Lizdainet,RIOS Daniely,CUB,PUR,3,2,"13,11,3,2,11|11,9,11,11,9",QF,OTHER,WT,2611,Main Draw,RODRIGUEZ Lizdainet (CUB),RIOS Daniely (PUR),LOVET Idalys (CUB),DIAZ Melanie (PUR),3 - 2,13:11 11:9 3:11 2:11 11:9,RODRIGUEZ Lizdainet,2022
ITTF-Pan American Championships 2022,2022-10-31,FONSECA Daniela,BURGOS Brianna,PUR,CUB,3,2,"9,11,13,5,11|11,7,11,11,8",QF,OTHER,WT,2611,Main Draw,FONSECA Daniela (CUB),BURGOS Brianna (PUR),,,2 - 3,11:9 7:11 11:13 11:5 8:11,BURGOS Brianna,2022
ITTF-Pan American Championships 2022,2022-10-31,LOVET Idalys,DIAZ Melanie,PUR,CUB,3,2,"11,8,13,11,11|4,11,15,7,9",QF,OTHER,WT,2611,Main Draw,LOVET Idalys (CUB),DIAZ Melanie (PUR),,,2 - 3,4:11 11:8 15:13 7:11 9:11,DIAZ Melanie,2022
ITTF-Pan American Championships 2022,2022-10-31,FONSECA Daniela,RIOS Daniely,PUR,CUB,3,0,"14,11,11|12,9,8",QF,OTHER,WT,2611,Main Draw,FONSECA Daniela (CUB),RIOS Daniely (PUR),,,0 - 3,12:14 9:11 8:11,RIOS Daniely,2022
ITTF-Pan American Championships 2022,2022-10-31,MOLERO Candela,KUMAHARA Luca,ARG,BRA,3,1,"11,7,11,11|6,11,7,6",QF,OTHER,WT,2611,Main Draw,MOLERO Candela (ARG),KUMAHARA Luca (BRA),ARGUELLES Camila (ARG),TAKAHASHI Giulia (BRA),3 - 1,11:6 7:11 11:7 11:6,MOLERO Candela,2022
ITTF-Pan American Championships 2022,2022-10-31,KAIZOJI Camila,TAKAHASHI Bruna,BRA,ARG,3,0,"13,11,11|11,4,8",QF,OTHER,WT,2611,Main Draw,KAIZOJI Camila (ARG),TAKAHASHI Bruna (BRA),,,0 - 3,11:13 4:11 8:11,TAKAHASHI Bruna,2022
ITTF-Pan American Championships 2022,2022-10-31,ARGUELLES Camila,TAKAHASHI Giulia,BRA,ARG,3,2,"6,13,9,11,11|11,11,11,7,6",QF,OTHER,WT,2611,Main Draw,ARGUELLES Camila (ARG),TAKAHASHI Giulia (BRA),,,2 - 3,11:6 11:13 11:9 7:11 6:11,TAKAHASHI Giulia,2022
ITTF-Pan American Championships 2022,2022-10-31,KAIZOJI Camila,KUMAHARA Luca,BRA,ARG,3,1,"11,11,9,11|6,2,11,8",QF,OTHER,WT,2611,Main Draw,KAIZOJI Camila (ARG),KUMAHARA Luca (BRA),,,1 - 3,6:11 2:11 11:9 8:11,KUMAHARA Luca,2022
ITTF-Pan American Championships 2022,2022-10-31,LIAO Ivy,VEGA Paulina,CHI,CAN,3,2,"11,5,11,9,11|4,11,4,11,7",QF,OTHER,WT,2611,Main Draw,LIAO Ivy (CAN),VEGA Paulina (CHI),LIU Crystal (CAN),ORTEGA Daniela (CHI),2 - 3,4:11 11:5 4:11 11:9 7:11,VEGA Paulina,2022
ITTF-Pan American Championships 2022,2022-10-31,ZHANG Mo,MORALES Judith,CAN,CHI,3,0,"11,11,11|9,4,6",QF,OTHER,WT,2611,Main Draw,ZHANG Mo (CAN),MORALES Judith (CHI),,,3 - 0,11:9 11:4 11:6,ZHANG Mo,2022
ITTF-Pan American Championships 2022,2022-10-31,LIU Crystal,ORTEGA Daniela,CHI,CAN,3,0,"11,11,11|8,7,9",QF,OTHER,WT,2611,Main Draw,LIU Crystal (CAN),ORTEGA Daniela (CHI),,,0 - 3,8:11 7:11 9:11,ORTEGA Daniela,2022
ITTF-Pan American Championships 2022,2022-10-31,ZHANG Mo,VEGA Paulina,CAN,CHI,3,0,"12,12,11|10,10,6",QF,OTHER,WT,2611,Main Draw,ZHANG Mo (CAN),VEGA Paulina (CHI),,,3 - 0,12:10 12:10 11:6,ZHANG Mo,2022
ITTF-Pan American Championships 2022,2022-10-31,LIAO Ivy,MORALES Judith,CHI,CAN,3,2,"12,11,9,7,12|10,6,11,11,10",QF,OTHER,WT,2611,Main Draw,LIAO Ivy (CAN),MORALES Judith (CHI),,,2 - 3,10:12 6:11 11:9 11:7 10:12,MORALES Judith,2022
ITTF-Pan American Championships 2022,2022-10-31,WANG Amy,SILVA Yadira,USA,MEX,3,1,"10,13,11,11|12,11,8,9",QF,OTHER,WT,2611,Main Draw,WANG Amy (USA),SILVA Yadira (MEX),SUNG Rachel (USA),BARCENAS Clio (MEX),3 - 1,10:12 13:11 11:8 11:9,WANG Amy,2022
ITTF-Pan American Championships 2022,2022-10-31,ZHANG Lily,COSSIO Arantxa,USA,MEX,3,1,"9,11,11,11|11,7,5,4",QF,OTHER,WT,2611,Main Draw,ZHANG Lily (USA),COSSIO Arantxa (MEX),,,3 - 1,9:11 11:7 11:5 11:4,ZHANG Lily,2022
ITTF-Pan American Championships 2022,2022-10-31,SUNG Rachel,BARCENAS Clio,USA,MEX,3,0,"11,11,11|6,4,4",QF,OTHER,WT,2611,Main Draw,SUNG Rachel (USA),BARCENAS Clio (MEX),,,3 - 0,11:6 11:4 11:4,SUNG Rachel,2022
ITTF-Pan American Championships 2022,2022-10-31,GOMEZ Gustavo,GONZALEZ Daniel,CHI,PUR,3,1,"11,11,9,11|5,3,11,4",QF,OTHER,MT,2611,Main Draw,GOMEZ Gustavo (CHI),GONZALEZ Daniel (PUR),BURGOS Nicolas (CHI),NARANJO Angel (PUR),3 - 1,11:5 11:3 9:11 11:4,GOMEZ Gustavo,2022
ITTF-Pan American Championships 2022,2022-10-31,OLAVE Alfonso,AFANADOR Brian,PUR,CHI,3,1,"12,11,9,11|10,6,11,8",QF,OTHER,MT,2611,Main Draw,OLAVE Alfonso (CHI),AFANADOR Brian (PUR),,,1 - 3,10:12 6:11 11:9 8:11,AFANADOR Brian,2022
ITTF-Pan American Championships 2022,2022-10-31,BURGOS Nicolas,NARANJO Angel,CHI,PUR,3,1,"11,11,8,11|8,4,11,5",QF,OTHER,MT,2611,Main Draw,BURGOS Nicolas (CHI),NARANJO Angel (PUR),,,3 - 1,11:8 11:4 8:11 11:5,BURGOS Nicolas,2022
ITTF-Pan American Championships 2022,2022-10-31,OLAVE Alfonso,GONZALEZ Daniel,PUR,CHI,3,0,"14,11,11|12,7,6",QF,OTHER,MT,2611,Main Draw,OLAVE Alfonso (CHI),GONZALEZ Daniel (PUR),,,0 - 3,12:14 7:11 6:11,GONZALEZ Daniel,2022
ITTF-Pan American Championships 2022,2022-10-31,GOMEZ Gustavo,AFANADOR Brian,PUR,CHI,3,2,"12,12,11,11,11|10,14,13,8,7",QF,OTHER,MT,2611,Main Draw,GOMEZ Gustavo (CHI),AFANADOR Brian (PUR),,,2 - 3,10:12 14:12 13:11 8:11 7:11,AFANADOR Brian,2022
ITTF-Pan American Championships 2022,2022-10-31,TEODORO Guilherme,HAZIN Jeremy,BRA,CAN,3,0,"11,11,16|8,8,14",QF,OTHER,MT,2611,Main Draw,TEODORO Guilherme (BRA),HAZIN Jeremy (CAN),JOUTI Eric (BRA),LY Edward (CAN),3 - 0,11:8 11:8 16:14,TEODORO Guilherme,2022
ITTF-Pan American Championships 2022,2022-10-31,ISHIY Vitor,WANG Eugene,BRA,CAN,3,1,"11,11,8,13|1,8,11,11",QF,OTHER,MT,2611,Main Draw,ISHIY Vitor (BRA),WANG Eugene (CAN),,,3 - 1,11:1 11:8 8:11 13:11,ISHIY Vitor,2022
ITTF-Pan American Championships 2022,2022-10-31,JOUTI Eric,LY Edward,CAN,BRA,3,1,"11,4,11,11|8,11,8,7",QF,OTHER,MT,2611,Main Draw,JOUTI Eric (BRA),LY Edward (CAN),,,1 - 3,8:11 11:4 8:11 7:11,LY Edward,2022
ITTF-Pan American Championships 2022,2022-10-31,ISHIY Vitor,HAZIN Jeremy,BRA,CAN,3,0,"12,11,11|10,7,7",QF,OTHER,MT,2611,Main Draw,ISHIY Vitor (BRA),HAZIN Jeremy (CAN),,,3 - 0,12:10 11:7 11:7,ISHIY Vitor,2022
ITTF-Pan American Championships 2022,2022-10-31,VIGO Rodrigo,CIFUENTES Horacio,ARG,PER,3,1,"11,10,11,11|3,12,5,5",QF,OTHER,MT,2611,Main Draw,VIGO Rodrigo (PER),CIFUENTES Horacio (ARG),FERNANDEZ Carlos (PER),ALTO Gaston (ARG),1 - 3,3:11 12:10 5:11 5:11,CIFUENTES Horacio,2022
ITTF-Pan American Championships 2022,2022-10-31,HIDALGO Rodrigo,LORENZO Santiago,PER,ARG,3,2,"11,9,5,11,11|9,11,11,7,7",QF,OTHER,MT,2611,Main Draw,HIDALGO Rodrigo (PER),LORENZO Santiago (ARG),,,3 - 2,11:9 9:11 5:11 11:7 11:7,HIDALGO Rodrigo,2022
ITTF-Pan American Championships 2022,2022-10-31,FERNANDEZ Carlos,ALTO Gaston,ARG,PER,3,1,"11,13,14,12|8,11,16,10",QF,OTHER,MT,2611,Main Draw,FERNANDEZ Carlos (PER),ALTO Gaston (ARG),,,1 - 3,8:11 11:13 16:14 10:12,ALTO Gaston,2022
ITTF-Pan American Championships 2022,2022-10-31,HIDALGO Rodrigo,CIFUENTES Horacio,ARG,PER,3,0,"11,11,11|6,6,4",QF,OTHER,MT,2611,Main Draw,HIDALGO Rodrigo (PER),CIFUENTES Horacio (ARG),,,0 - 3,6:11 6:11 4:11,CIFUENTES Horacio,2022
ITTF-Pan American Championships 2022,2022-10-31,LIANG Jishan,GOMEZ ROJAS Eday,USA,CUB,3,2,"10,11,11,7,11|12,5,5,11,6",QF,OTHER,MT,2611,Main Draw,LIANG Jishan (USA),GOMEZ ROJAS Eday (CUB),ALGUETTI Sharon (USA),MARTINEZ Livan (CUB),3 - 2,10:12 11:5 11:5 7:11 11:6,LIANG Jishan,2022
ITTF-Pan American Championships 2022,2022-10-31,JHA Kanak,CAMPOS Jorge,USA,CUB,3,1,"6,12,11,11|11,10,6,8",QF,OTHER,MT,2611,Main Draw,JHA Kanak (USA),CAMPOS Jorge (CUB),,,3 - 1,6:11 12:10 11:6 11:8,JHA Kanak,2022
ITTF-Pan American Championships 2022,2022-10-31,ALGUETTI Sharon,MARTINEZ Livan,USA,CUB,3,2,"14,11,7,12,11|12,7,11,14,8",QF,OTHER,MT,2611,Main Draw,ALGUETTI Sharon (USA),MARTINEZ Livan (CUB),,,3 - 2,14:12 11:7 7:11 12:14 11:8,ALGUETTI Sharon,2022
ITTF-Pan American Championships 2022,2022-10-31,RIOS Daniely,WANG Amy,USA,PUR,3,0,"11,11,11|8,7,7",SF,OTHER,WT,2611,Main Draw,RIOS Daniely (PUR),WANG Amy (USA),DIAZ Melanie (PUR),SUNG Rachel (USA),0 - 3,8:11 7:11 7:11,WANG Amy,2022
ITTF-Pan American Championships 2022,2022-10-31,BURGOS Brianna,ZHANG Lily,USA,PUR,3,1,"11,11,11,11|13,5,5,8",SF,OTHER,WT,2611,Main Draw,BURGOS Brianna (PUR),ZHANG Lily (USA),,,1 - 3,13:11 5:11 5:11 8:11,ZHANG Lily,2022
ITTF-Pan American Championships 2022,2022-10-31,DIAZ Melanie,SUNG Rachel,USA,PUR,3,1,"7,11,11,11|11,6,4,9",SF,OTHER,WT,2611,Main Draw,DIAZ Melanie (PUR),SUNG Rachel (USA),,,1 - 3,11:7 6:11 4:11 9:11,SUNG Rachel,2022
ITTF-Pan American Championships 2022,2022-10-31,ORTEGA Daniela,KUMAHARA Luca,BRA,CHI,3,1,"11,11,9,11|7,7,11,6",SF,OTHER,WT,2611,Main Draw,ORTEGA Daniela (CHI),KUMAHARA Luca (BRA),VEGA Paulina (CHI),TAKAHASHI Giulia (BRA),1 - 3,7:11 7:11 11:9 6:11,KUMAHARA Luca,2022
ITTF-Pan American Championships 2022,2022-10-31,MORALES Judith,TAKAHASHI Bruna,BRA,CHI,3,0,"11,11,11|5,5,5",SF,OTHER,WT,2611,Main Draw,MORALES Judith (CHI),TAKAHASHI Bruna (BRA),,,0 - 3,5:11 5:11 5:11,TAKAHASHI Bruna,2022
ITTF-Pan American Championships 2022,2022-10-31,VEGA Paulina,TAKAHASHI Giulia,BRA,CHI,3,2,"11,8,11,11,11|8,11,13,6,8",SF,OTHER,WT,2611,Main Draw,VEGA Paulina (CHI),TAKAHASHI Giulia (BRA),,,2 - 3,8:11 11:8 13:11 6:11 8:11,TAKAHASHI Giulia,2022
ITTF-Pan American Championships 2022,2022-10-31,GONZALEZ Daniel,TEODORO Guilherme,BRA,PUR,3,0,"11,11,11|6,7,7",SF,OTHER,MT,2611,Main Draw,GONZALEZ Daniel (PUR),TEODORO Guilherme (BRA),BIRRIEL Oscar (PUR),ISHIY Vitor (BRA),0 - 3,6:11 7:11 7:11,TEODORO Guilherme,2022
ITTF-Pan American Championships 2022,2022-10-31,NARANJO Angel,CALDERANO Hugo,BRA,PUR,3,0,"11,11,11|5,4,7",SF,OTHER,MT,2611,Main Draw,NARANJO Angel (PUR),CALDERANO Hugo (BRA),,,0 - 3,5:11 4:11 7:11,CALDERANO Hugo,2022
ITTF-Pan American Championships 2022,2022-10-31,BIRRIEL Oscar,ISHIY Vitor,BRA,PUR,3,1,"11,11,9,11|8,9,11,3",SF,OTHER,MT,2611,Main Draw,BIRRIEL Oscar (PUR),ISHIY Vitor (BRA),,,1 - 3,8:11 9:11 11:9 3:11,ISHIY Vitor,2022
ITTF-Pan American Championships 2022,2022-10-31,ALTO Gaston,LIANG Jishan,USA,ARG,3,1,"11,13,11,11|8,15,7,9",SF,OTHER,MT,2611,Main Draw,ALTO Gaston (ARG),LIANG Jishan (USA),CIFUENTES Horacio (ARG),ALGUETTI Sharon (USA),1 - 3,8:11 15:13 7:11 9:11,LIANG Jishan,2022
ITTF-Pan American Championships 2022,2022-10-31,LORENZO Santiago,JHA Kanak,USA,ARG,3,1,"11,11,11,11|13,6,4,2",SF,OTHER,MT,2611,Main Draw,LORENZO Santiago (ARG),JHA Kanak (USA),,,1 - 3,13:11 6:11 4:11 2:11,JHA Kanak,2022
ITTF-Pan American Championships 2022,2022-10-31,CIFUENTES Horacio,ALGUETTI Sharon,USA,ARG,3,2,"11,3,10,11,11|8,11,12,9,6",SF,OTHER,MT,2611,Main Draw,CIFUENTES Horacio (ARG),ALGUETTI Sharon (USA),,,2 - 3,8:11 11:3 12:10 9:11 6:11,ALGUETTI Sharon,2022
ITTF-Pan American Championships 2022,2022-10-31,SUNG Rachel,TAKAHASHI Giulia,USA,BRA,3,1,"12,11,7,11|10,4,11,2",F,OTHER,WT,2611,Main Draw,SUNG Rachel (USA),TAKAHASHI Giulia (BRA),WANG Amy (USA),KUMAHARA Luca (BRA),3 - 1,12:10 11:4 7:11 11:2,SUNG Rachel,2022
ITTF-Pan American Championships 2022,2022-10-31,ZHANG Lily,TAKAHASHI Bruna,BRA,USA,3,1,"11,11,7,11|6,2,11,9",F,OTHER,WT,2611,Main Draw,ZHANG Lily (USA),TAKAHASHI Bruna (BRA),,,1 - 3,6:11 2:11 11:7 9:11,TAKAHASHI Bruna,2022
ITTF-Pan American Championships 2022,2022-10-31,WANG Amy,KUMAHARA Luca,BRA,USA,3,1,"8,11,12,11|11,3,10,7",F,OTHER,WT,2611,Main Draw,WANG Amy (USA),KUMAHARA Luca (BRA),,,1 - 3,11:8 3:11 10:12 7:11,KUMAHARA Luca,2022
ITTF-Pan American Championships 2022,2022-10-31,ZHANG Lily,TAKAHASHI Giulia,USA,BRA,3,1,"11,11,11,11|7,13,2,4",F,OTHER,WT,2611,Main Draw,ZHANG Lily (USA),TAKAHASHI Giulia (BRA),,,3 - 1,11:7 11:13 11:2 11:4,ZHANG Lily,2022
ITTF-Pan American Championships 2022,2022-10-31,SUNG Rachel,TAKAHASHI Bruna,BRA,USA,3,0,"11,11,14|9,9,12",F,OTHER,WT,2611,Main Draw,SUNG Rachel (USA),TAKAHASHI Bruna (BRA),,,0 - 3,9:11 9:11 12:14,TAKAHASHI Bruna,2022
ITTF-Pan American Championships 2022,2022-10-31,LIANG Jishan,TEODORO Guilherme,BRA,USA,3,0,"11,11,11|6,8,9",F,OTHER,MT,2611,Main Draw,LIANG Jishan (USA),TEODORO Guilherme (BRA),ALGUETTI Sharon (USA),ISHIY Vitor (BRA),0 - 3,6:11 8:11 9:11,TEODORO Guilherme,2022
ITTF-Pan American Championships 2022,2022-10-31,JHA Kanak,CALDERANO Hugo,USA,BRA,3,0,"11,11,11|7,9,9",F,OTHER,MT,2611,Main Draw,JHA Kanak (USA),CALDERANO Hugo (BRA),,,3 - 0,11:7 11:9 11:9,JHA Kanak,2022
ITTF-Pan American Championships 2022,2022-10-31,ALGUETTI Sharon,ISHIY Vitor,BRA,USA,3,0,"11,11,11|7,4,7",F,OTHER,MT,2611,Main Draw,ALGUETTI Sharon (USA),ISHIY Vitor (BRA),,,0 - 3,7:11 4:11 7:11,ISHIY Vitor,2022
ITTF-Pan American Championships 2022,2022-10-31,JHA Kanak,TEODORO Guilherme,USA,BRA,3,1,"11,10,11,11|3,12,9,9",F,OTHER,MT,2611,Main Draw,JHA Kanak (USA),TEODORO Guilherme (BRA),,,3 - 1,11:3 10:12 11:9 11:9,JHA Kanak,2022
ITTF-Pan American Championships 2022,2022-10-31,LIANG Jishan,CALDERANO Hugo,BRA,USA,3,1,"11,10,11,11|4,12,3,4",F,OTHER,MT,2611,Main Draw,LIANG Jishan (USA),CALDERANO Hugo (BRA),,,1 - 3,4:11 12:10 3:11 4:11,CALDERANO Hugo,2022
ITTF-Pan American Championships 2022,2022-10-31,ALTO Gaston,RIOS Carlos,ARG,VEN,3,1,"11,11,10,15|5,6,12,13",R32,OTHER,XD,2611,Main Draw,ALTO Gaston (ARG),RIOS Carlos (VEN),MOLERO Candela (ARG),DIAZ Mariangel (VEN),3 - 1,11:5 11:6 10:12 15:13,ALTO Gaston,2022
ITTF-Pan American Championships 2022,2022-10-31,MONTOYA Alejandro,CAMPOS Jorge,CUB,CRC,3,0,"11,11,11|6,6,2",R32,OTHER,XD,2611,Main Draw,MONTOYA Alejandro (CRC),CAMPOS Jorge (CUB),ZAVALETA Lucia (CRC),FONSECA Daniela (CUB),0 - 3,6:11 6:11 2:11,CAMPOS Jorge,2022
ITTF-Pan American Championships 2022,2022-10-31,KUMAR Nikhil,MARTINEZ Livan,USA,CUB,3,0,"12,11,11|10,5,3",R32,OTHER,XD,2611,Main Draw,KUMAR Nikhil (USA),MARTINEZ Livan (CUB),WANG Amy (USA),LOVET Idalys (CUB),3 - 0,12:10 11:5 11:3,KUMAR Nikhil,2022
ITTF-Pan American Championships 2022,2022-10-31,ARAYA Daniel,ARCE Dario,CRC,MEX,3,0,"11,11,11|0,0,0",R32,OTHER,XD,2611,Main Draw,ARAYA Daniel (CRC),ARCE Dario (MEX),ARAYA Angie (CRC),BARCENAS Clio (MEX),3 - 0,11:0 11:0 11:0,ARAYA Daniel,2022
ITTF-Pan American Championships 2022,2022-10-31,ALTO Gaston,GONZALEZ Daniel,PUR,ARG,3,2,"11,6,7,11,11|7,11,11,3,8",R16,OTHER,XD,2611,Main Draw,ALTO Gaston (ARG),GONZALEZ Daniel (PUR),MOLERO Candela (ARG),DIAZ Melanie (PUR),2 - 3,7:11 11:6 11:7 3:11 8:11,GONZALEZ Daniel,2022
ITTF-Pan American Championships 2022,2022-10-31,ISHIY Vitor,MADRID Marcos,BRA,MEX,3,0,"16,11,11|14,7,7",R16,OTHER,XD,2611,Main Draw,ISHIY Vitor (BRA),MADRID Marcos (MEX),TAKAHASHI Bruna (BRA),SILVA Yadira (MEX),3 - 0,16:14 11:7 11:7,ISHIY Vitor,2022
ITTF-Pan American Championships 2022,2022-10-31,BURGOS Nicolas,CAMPOS Jorge,CHI,CUB,3,0,"12,11,11|10,3,5",R16,OTHER,XD,2611,Main Draw,BURGOS Nicolas (CHI),CAMPOS Jorge (CUB),VEGA Paulina (CHI),FONSECA Daniela (CUB),3 - 0,12:10 11:3 11:5,BURGOS Nicolas,2022
ITTF-Pan American Championships 2022,2022-10-31,HAZIN Jeremy,JHA Kanak,USA,CAN,3,1,"11,11,9,11|7,6,11,8",R16,OTHER,XD,2611,Main Draw,HAZIN Jeremy (CAN),JHA Kanak (USA),LIU Crystal (CAN),ZHANG Lily (USA),1 - 3,7:11 6:11 11:9 8:11,JHA Kanak,2022
ITTF-Pan American Championships 2022,2022-10-31,AFANADOR Brian,WANG Eugene,CAN,PUR,3,1,"15,8,11,11|13,11,4,9",R16,OTHER,XD,2611,Main Draw,AFANADOR Brian (PUR),WANG Eugene (CAN),DIAZ Adriana (PUR),ZHANG Mo (CAN),1 - 3,13:15 11:8 4:11 9:11,WANG Eugene,2022
ITTF-Pan American Championships 2022,2022-10-31,CASTILLO Cesar,CIFUENTES Horacio,ARG,VEN,3,0,"11,11,11|6,7,7",R16,OTHER,XD,2611,Main Draw,CASTILLO Cesar (VEN),CIFUENTES Horacio (ARG),OBANDO Camila (VEN),ARGUELLES Camila (ARG),0 - 3,6:11 7:11 7:11,CIFUENTES Horacio,2022
ITTF-Pan American Championships 2022,2022-10-31,JOUTI Eric,ARAYA Daniel,BRA,CRC,3,0,"11,11,11|6,2,9",R16,OTHER,XD,2611,Main Draw,JOUTI Eric (BRA),ARAYA Daniel (CRC),KUMAHARA Luca (BRA),ARAYA Angie (CRC),3 - 0,11:6 11:2 11:9,JOUTI Eric,2022
ITTF-Pan American Championships 2022,2022-10-31,KUMAR Nikhil,GOMEZ Gustavo,USA,CHI,3,1,"11,6,11,12|8,11,4,10",R16,OTHER,XD,2611,Main Draw,KUMAR Nikhil (USA),GOMEZ Gustavo (CHI),WANG Amy (USA),ORTEGA Daniela (CHI),3 - 1,11:8 6:11 11:4 12:10,KUMAR Nikhil,2022
ITTF-Pan American Championships 2022,2022-10-31,ARAYA Angie,COSSIO Arantxa,MEX,CRC,3,0,"11,11,11|3,7,5",R16,OTHER,WD,2611,Main Draw,ARAYA Angie (CRC),COSSIO Arantxa (MEX),ZAVALETA Lucia (CRC),SILVA Yadira (MEX),0 - 3,3:11 7:11 5:11,COSSIO Arantxa,2022
ITTF-Pan American Championships 2022,2022-10-31,DIAZ Mariangel,LOVET Idalys,CUB,VEN,3,0,"11,11,13|4,4,11",R16,OTHER,WD,2611,Main Draw,DIAZ Mariangel (VEN),LOVET Idalys (CUB),OBANDO Camila (VEN),FONSECA Daniela (CUB),0 - 3,4:11 4:11 11:13,LOVET Idalys,2022
ITTF-Pan American Championships 2022,2022-10-31,ARAYA Daniel,HIDALGO Rodrigo,PER,CRC,3,0,"11,11,11|4,4,1",R16,OTHER,MD,2611,Main Draw,ARAYA Daniel (CRC),HIDALGO Rodrigo (PER),MONTOYA Alejandro (CRC),FERNANDEZ Carlos (PER),0 - 3,4:11 4:11 1:11,HIDALGO Rodrigo,2022
ITTF-Pan American Championships 2022,2022-10-31,TORANZOS Alejandro,MARTINEZ Livan,PAR,CUB,3,2,"11,5,11,6,11|6,11,9,11,7",R16,OTHER,MD,2611,Main Draw,TORANZOS Alejandro (PAR),MARTINEZ Livan (CUB),AGUIRRE Marcelo (PAR),CAMPOS Jorge (CUB),3 - 2,11:6 5:11 11:9 6:11 11:7,TORANZOS Alejandro,2022
ITTF-Pan American Championships 2022,2022-10-31,LIANG Jishan,JOUTI Eric,BRA,USA,3,0,"11,11,11|8,6,6",R16,OTHER,MD,2611,Main Draw,LIANG Jishan (USA),JOUTI Eric (BRA),ALGUETTI Sharon (USA),ISHIY Vitor (BRA),0 - 3,8:11 6:11 6:11,JOUTI Eric,2022
ITTF-Pan American Championships 2022,2022-10-31,CASTILLO Cesar,KNIGHT Tyrese,VEN,BAR,3,2,"7,10,11,11,11|11,12,7,9,7",R16,OTHER,MD,2611,Main Draw,CASTILLO Cesar (VEN),KNIGHT Tyrese (BAR),RIOS Carlos (VEN),MAXWELL Ramon (BAR),3 - 2,7:11 10:12 11:7 11:9 11:7,CASTILLO Cesar,2022
ITTF-Pan American Championships 2022,2022-10-31,GOMEZ Gustavo,ARCE Dario,CHI,MEX,3,0,"11,11,11|0,0,0",R16,OTHER,MD,2611,Main Draw,GOMEZ Gustavo (CHI),ARCE Dario (MEX),BURGOS Nicolas (CHI),MADRID Marcos (MEX),3 - 0,11:0 11:0 11:0,GOMEZ Gustavo,2022
ITTF-Pan American Championships 2022,2022-10-31,RIOFRIO Emiliano,LY Edward,ECU,CAN,3,2,"11,11,8,7,11|4,5,11,11,8",R16,OTHER,MD,2611,Main Draw,RIOFRIO Emiliano (ECU),LY Edward (CAN),MINO Alberto (ECU),WANG Eugene (CAN),3 - 2,11:4 11:5 8:11 7:11 11:8,RIOFRIO Emiliano,2022
ITTF-Pan American Championships 2022,2022-10-31,JOUTI Eric,CIFUENTES Horacio,ARG,BRA,3,2,"11,8,9,11,11|8,11,11,8,9",QF,OTHER,XD,2611,Main Draw,JOUTI Eric (BRA),CIFUENTES Horacio (ARG),KUMAHARA Luca (BRA),ARGUELLES Camila (ARG),2 - 3,8:11 11:8 11:9 8:11 9:11,CIFUENTES Horacio,2022
ITTF-Pan American Championships 2022,2022-10-31,WANG Eugene,KUMAR Nikhil,USA,CAN,3,2,"8,16,11,9,11|11,14,8,11,5",QF,OTHER,XD,2611,Main Draw,WANG Eugene (CAN),KUMAR Nikhil (USA),ZHANG Mo (CAN),WANG Amy (USA),2 - 3,11:8 14:16 8:11 11:9 5:11,KUMAR Nikhil,2022
ITTF-Pan American Championships 2022,2022-10-31,ISHIY Vitor,GONZALEZ Daniel,BRA,PUR,3,0,"11,11,13|9,6,11",QF,OTHER,XD,2611,Main Draw,ISHIY Vitor (BRA),GONZALEZ Daniel (PUR),TAKAHASHI Bruna (BRA),DIAZ Melanie (PUR),3 - 0,11:9 11:6 13:11,ISHIY Vitor,2022
ITTF-Pan American Championships 2022,2022-10-31,BURGOS Nicolas,JHA Kanak,CHI,USA,3,2,"7,9,11,11,11|11,11,7,8,5",QF,OTHER,XD,2611,Main Draw,BURGOS Nicolas (CHI),JHA Kanak (USA),VEGA Paulina (CHI),ZHANG Lily (USA),3 - 2,7:11 9:11 11:7 11:8 11:5,BURGOS Nicolas,2022
ITTF-Pan American Championships 2022,2022-10-31,TAKAHASHI Giulia,RODRIGUEZ Lizdainet,BRA,CUB,4,0,"11,11,11,12|9,4,3,10",R64,OTHER,WS,2611,Main Draw,TAKAHASHI Giulia (BRA),RODRIGUEZ Lizdainet (CUB),,,4 - 0,11:9 11:4 11:3 12:10,TAKAHASHI Giulia,2022
ITTF-Pan American Championships 2022,2022-10-31,ZAVALETA Lucia,MOLERO Candela,ARG,CRC,4,2,"11,8,11,9,13,11|6,11,4,11,11,7",R64,OTHER,WS,2611,Main Draw,ZAVALETA Lucia (CRC),MOLERO Candela (ARG),,,2 - 4,6:11 11:8 4:11 11:9 11:13 7:11,MOLERO Candela,2022
ITTF-Pan American Championships 2022,2022-10-31,ARAYA Angie,LIU Crystal,CAN,CRC,4,3,"8,11,16,6,11,11,11|11,7,14,11,8,13,6",R64,OTHER,WS,2611,Main Draw,ARAYA Angie (CRC),LIU Crystal (CAN),,,3 - 4,11:8 7:11 14:16 11:6 8:11 13:11 6:11,LIU Crystal,2022
ITTF-Pan American Championships 2022,2022-10-31,NIE Jiayi,CODINA Ana,ARG,CAN,4,2,"9,12,11,10,23,11|11,10,7,12,21,4",R64,OTHER,WS,2611,Main Draw,NIE Jiayi (CAN),CODINA Ana (ARG),,,2 - 4,11:9 10:12 7:11 12:10 21:23 4:11,CODINA Ana,2022
ITTF-Pan American Championships 2022,2022-10-31,WATANABE Laura,PEREZ Sofia,BRA,CRC,4,0,"11,11,11,11|0,0,0,0",R64,OTHER,WS,2611,Main Draw,WATANABE Laura (BRA),PEREZ Sofia (CRC),,,4 - 0,11:0 11:0 11:0 11:0,WATANABE Laura,2022
ITTF-Pan American Championships 2022,2022-10-31,BIRRIEL Oscar,GOMEZ ROJAS Eday,CUB,PUR,4,3,"11,4,11,11,11,7,11|4,11,5,13,6,11,6",R64,OTHER,MS,2611,Main Draw,BIRRIEL Oscar (PUR),GOMEZ ROJAS Eday (CUB),,,3 - 4,4:11 11:4 5:11 13:11 6:11 11:7 6:11,GOMEZ ROJAS Eday,2022
ITTF-Pan American Championships 2022,2022-10-31,MONTOYA Alejandro,GOMEZ Gustavo,CHI,CRC,4,0,"11,11,11,11|6,3,9,4",R64,OTHER,MS,2611,Main Draw,MONTOYA Alejandro (CRC),GOMEZ Gustavo (CHI),,,0 - 4,6:11 3:11 9:11 4:11,GOMEZ Gustavo,2022
ITTF-Pan American Championships 2022,2022-10-31,KNIGHT Tyrese,KUMAR Nikhil,USA,BAR,4,0,"11,11,11,11|5,7,8,8",R64,OTHER,MS,2611,Main Draw,KNIGHT Tyrese (BAR),KUMAR Nikhil (USA),,,0 - 4,5:11 7:11 8:11 8:11,KUMAR Nikhil,2022
ITTF-Pan American Championships 2022,2022-10-31,MOYA Manuel,SANCHI Francisco,CHI,ARG,4,3,"11,11,13,6,8,4,11|9,5,11,11,11,11,6",R64,OTHER,MS,2611,Main Draw,MOYA Manuel (CHI),SANCHI Francisco (ARG),,,4 - 3,11:9 11:5 13:11 6:11 8:11 4:11 11:6,MOYA Manuel,2022
ITTF-Pan American Championships 2022,2022-10-31,GASTELUM Pablo,LIANG Jishan,USA,MEX,4,0,"11,11,11,11|0,0,0,0",R64,OTHER,MS,2611,Main Draw,GASTELUM Pablo (MEX),LIANG Jishan (USA),,,0 - 4,0:11 0:11 0:11 0:11,LIANG Jishan,2022
ITTF-Pan American Championships 2022,2022-10-31,CASTILLO Cesar,BRITTON Shemar,VEN,GUY,4,3,"11,9,8,6,11,11,11|5,11,11,11,8,6,9",R64,OTHER,MS,2611,Main Draw,CASTILLO Cesar (VEN),BRITTON Shemar (GUY),,,4 - 3,11:5 9:11 8:11 6:11 11:8 11:6 11:9,CASTILLO Cesar,2022
ITTF-Pan American Championships 2022,2022-10-31,MAXWELL Ramon,RIOFRIO Emiliano,ECU,BAR,4,0,"11,11,11,11|2,2,6,2",R64,OTHER,MS,2611,Main Draw,MAXWELL Ramon (BAR),RIOFRIO Emiliano (ECU),,,0 - 4,2:11 2:11 6:11 2:11,RIOFRIO Emiliano,2022
ITTF-Pan American Championships 2022,2022-10-31,FERNANDEZ Carlos,LY Edward,CAN,PER,4,1,"11,11,7,13,11|7,6,11,11,9",R64,OTHER,MS,2611,Main Draw,FERNANDEZ Carlos (PER),LY Edward (CAN),,,1 - 4,7:11 6:11 11:7 11:13 9:11,LY Edward,2022
ITTF-Pan American Championships 2022,2022-10-31,CAMPOS Jorge,FARLEY Kevin,CUB,BAR,4,0,"11,11,11,11|6,2,2,4",R64,OTHER,MS,2611,Main Draw,CAMPOS Jorge (CUB),FARLEY Kevin (BAR),,,4 - 0,11:6 11:2 11:2 11:4,CAMPOS Jorge,2022
ITTF-Pan American Championships 2022,2022-10-31,OLAVE Alfonso,GOMEZ Juan Jesus,CHI,MEX,4,3,"11,8,5,5,11,11,11|7,11,11,11,9,6,8",R64,OTHER,MS,2611,Main Draw,OLAVE Alfonso (CHI),GOMEZ Juan Jesus (MEX),,,4 - 3,11:7 8:11 5:11 5:11 11:9 11:6 11:8,OLAVE Alfonso,2022
ITTF-Pan American Championships 2022,2022-10-31,RIOS Carlos,TORANZOS Alejandro,PAR,VEN,4,0,"11,11,11,11|5,5,9,5",R64,OTHER,MS,2611,Main Draw,RIOS Carlos (VEN),TORANZOS Alejandro (PAR),,,0 - 4,5:11 5:11 9:11 5:11,TORANZOS Alejandro,2022
ITTF-Pan American Championships 2022,2022-10-31,ARAYA Daniel,VIGO Rodrigo,PER,CRC,4,1,"13,11,11,7,11|11,7,6,11,3",R64,OTHER,MS,2611,Main Draw,ARAYA Daniel (CRC),VIGO Rodrigo (PER),,,1 - 4,11:13 7:11 6:11 11:7 3:11,VIGO Rodrigo,2022
ITTF-Pan American Championships 2022,2022-10-31,NARANJO Angel,WANG Zexuan,PUR,CAN,4,2,"9,15,5,11,11,11|11,13,11,7,5,8",R64,OTHER,MS,2611,Main Draw,NARANJO Angel (PUR),WANG Zexuan (CAN),,,4 - 2,9:11 15:13 5:11 11:7 11:5 11:8,NARANJO Angel,2022
ITTF-Pan American Championships 2022,2022-10-31,TEODORO Guilherme,MARTINEZ Livan,CUB,BRA,4,3,"5,5,8,11,13,11,11|11,11,11,8,11,7,8",R64,OTHER,MS,2611,Main Draw,TEODORO Guilherme (BRA),MARTINEZ Livan (CUB),,,3 - 4,11:5 11:5 11:8 8:11 11:13 7:11 8:11,MARTINEZ Livan,2022
ITTF-Pan American Championships 2022,2022-10-31,RILEY Tre,HIDALGO Rodrigo,PER,BAR,4,0,"11,11,11,11|2,3,6,7",R64,OTHER,MS,2611,Main Draw,RILEY Tre (BAR),HIDALGO Rodrigo (PER),,,0 - 4,2:11 3:11 6:11 7:11,HIDALGO Rodrigo,2022
ITTF-Pan American Championships 2022,2022-10-31,ZHANG Lily,CODINA Ana,USA,ARG,4,0,"11,11,11,11|2,6,3,4",R32,OTHER,WS,2611,Main Draw,ZHANG Lily (USA),CODINA Ana (ARG),,,4 - 0,11:2 11:6 11:3 11:4,ZHANG Lily,2022
ITTF-Pan American Championships 2022,2022-10-31,TAKAHASHI Giulia,ORTEGA Daniela,BRA,CHI,4,1,"11,11,11,11,11|7,13,6,0,0",R32,OTHER,WS,2611,Main Draw,TAKAHASHI Giulia (BRA),ORTEGA Daniela (CHI),,,4 - 1,11:7 11:13 11:6 11:0 11:0,TAKAHASHI Giulia,2022
ITTF-Pan American Championships 2022,2022-10-31,WANG Amy,OBANDO Camila,USA,VEN,4,0,"11,11,11,11|6,6,4,6",R32,OTHER,WS,2611,Main Draw,WANG Amy (USA),OBANDO Camila (VEN),,,4 - 0,11:6 11:6 11:4 11:6,WANG Amy,2022
ITTF-Pan American Championships 2022,2022-10-31,LIU Crystal,SILVA Yadira,MEX,CAN,4,0,"11,11,11,12|6,9,5,10",R32,OTHER,WS,2611,Main Draw,LIU Crystal (CAN),SILVA Yadira (MEX),,,0 - 4,6:11 9:11 5:11 10:12,SILVA Yadira,2022
ITTF-Pan American Championships 2022,2022-10-31,DIAZ Melanie,MOLERO Candela,PUR,ARG,4,2,"11,5,10,15,11,13|9,11,12,13,2,11",R32,OTHER,WS,2611,Main Draw,DIAZ Melanie (PUR),MOLERO Candela (ARG),,,4 - 2,11:9 5:11 10:12 15:13 11:2 13:11,DIAZ Melanie,2022
ITTF-Pan American Championships 2022,2022-10-31,KUMAHARA Luca,SUNG Rachel,BRA,USA,4,0,"11,11,11,11|7,4,8,4",R32,OTHER,WS,2611,Main Draw,KUMAHARA Luca (BRA),SUNG Rachel (USA),,,4 - 0,11:7 11:4 11:8 11:4,KUMAHARA Luca,2022
ITTF-Pan American Championships 2022,2022-10-31,BARCENAS Clio,LOVET Idalys,MEX,CUB,4,1,"8,11,11,11,11|11,9,1,8,4",R32,OTHER,WS,2611,Main Draw,BARCENAS Clio (MEX),LOVET Idalys (CUB),,,4 - 1,8:11 11:9 11:1 11:8 11:4,BARCENAS Clio,2022
ITTF-Pan American Championships 2022,2022-10-31,RIOS Valentina,ZHANG Mo,CAN,CHI,4,0,"11,11,11,11|6,8,9,5",R32,OTHER,WS,2611,Main Draw,RIOS Valentina (CHI),ZHANG Mo (CAN),,,0 - 4,6:11 8:11 9:11 5:11,ZHANG Mo,2022
ITTF-Pan American Championships 2022,2022-10-31,FONSECA Daniela,TAKAHASHI Bruna,BRA,CUB,4,0,"11,11,11,11|4,7,6,6",R32,OTHER,WS,2611,Main Draw,FONSECA Daniela (CUB),TAKAHASHI Bruna (BRA),,,0 - 4,4:11 7:11 6:11 6:11,TAKAHASHI Bruna,2022
ITTF-Pan American Championships 2022,2022-10-31,RIOS Daniely,ARGUELLES Camila,PUR,ARG,4,2,"4,11,11,15,6,11|11,5,7,13,11,4",R32,OTHER,WS,2611,Main Draw,RIOS Daniely (PUR),ARGUELLES Camila (ARG),,,4 - 2,4:11 11:5 11:7 15:13 6:11 11:4,RIOS Daniely,2022
ITTF-Pan American Championships 2022,2022-10-31,BURGOS Brianna,PEREZ GONZALEZ Karla,PUR,CUB,4,0,"11,11,11,11|6,4,5,9",R32,OTHER,WS,2611,Main Draw,BURGOS Brianna (PUR),PEREZ GONZALEZ Karla (CUB),,,4 - 0,11:6 11:4 11:5 11:9,BURGOS Brianna,2022
ITTF-Pan American Championships 2022,2022-10-31,MORALES Judith,LIAO Ivy,CAN,CHI,4,1,"11,11,11,5,11|6,6,8,11,7",R32,OTHER,WS,2611,Main Draw,MORALES Judith (CHI),LIAO Ivy (CAN),,,1 - 4,6:11 6:11 8:11 11:5 7:11,LIAO Ivy,2022
ITTF-Pan American Championships 2022,2022-10-31,DIAZ Adriana,KAIZOJI Camila,PUR,ARG,4,0,"11,11,11,11|4,4,7,7",R32,OTHER,WS,2611,Main Draw,DIAZ Adriana (PUR),KAIZOJI Camila (ARG),,,4 - 0,11:4 11:4 11:7 11:7,DIAZ Adriana,2022
ITTF-Pan American Championships 2022,2022-10-31,CARDENAS MALLIOTAKIS Isaleym Mariam,VEGA Paulina,CHI,VEN,4,0,"11,11,11,11|7,7,7,7",R32,OTHER,WS,2611,Main Draw,CARDENAS MALLIOTAKIS Isaleym Mariam (VEN),VEGA Paulina (CHI),,,0 - 4,7:11 7:11 7:11 7:11,VEGA Paulina,2022
ITTF-Pan American Championships 2022,2022-10-31,JALLI Sarah,ACEVES Marbella,USA,MEX,4,0,"11,11,11,11|0,0,0,0",R32,OTHER,WS,2611,Main Draw,JALLI Sarah (USA),ACEVES Marbella (MEX),,,4 - 0,11:0 11:0 11:0 11:0,JALLI Sarah,2022
ITTF-Pan American Championships 2022,2022-10-31,WATANABE Laura,COSSIO Arantxa,MEX,BRA,4,3,"10,12,14,9,8,11,12|12,10,12,11,11,7,10",R32,OTHER,WS,2611,Main Draw,WATANABE Laura (BRA),COSSIO Arantxa (MEX),,,3 - 4,12:10 10:12 12:14 11:9 11:8 7:11 10:12,COSSIO Arantxa,2022
ITTF-Pan American Championships 2022,2022-10-31,CIFUENTES Horacio,TORANZOS Alejandro,ARG,PAR,4,0,"13,16,11,11|11,14,1,6",R32,OTHER,MS,2611,Main Draw,CIFUENTES Horacio (ARG),TORANZOS Alejandro (PAR),,,4 - 0,13:11 16:14 11:1 11:6,CIFUENTES Horacio,2022
ITTF-Pan American Championships 2022,2022-10-31,LIANG Jishan,GONZALEZ Daniel,USA,PUR,4,0,"11,11,11,11|7,7,7,6",R32,OTHER,MS,2611,Main Draw,LIANG Jishan (USA),GONZALEZ Daniel (PUR),,,4 - 0,11:7 11:7 11:7 11:6,LIANG Jishan,2022
ITTF-Pan American Championships 2022,2022-10-31,BURGOS Nicolas,HIDALGO Rodrigo,CHI,PER,4,1,"6,11,11,11,11|11,5,3,9,9",R32,OTHER,MS,2611,Main Draw,BURGOS Nicolas (CHI),HIDALGO Rodrigo (PER),,,4 - 1,6:11 11:5 11:3 11:9 11:9,BURGOS Nicolas,2022
ITTF-Pan American Championships 2022,2022-10-31,GOMEZ ROJAS Eday,ARCE Dario,CUB,MEX,4,0,"11,11,11,11|0,0,0,0",R32,OTHER,MS,2611,Main Draw,GOMEZ ROJAS Eday (CUB),ARCE Dario (MEX),,,4 - 0,11:0 11:0 11:0 11:0,GOMEZ ROJAS Eday,2022
ITTF-Pan American Championships 2022,2022-10-31,VIGO Rodrigo,AFANADOR Brian,PUR,PER,4,0,"11,12,11,11|7,10,5,6",R32,OTHER,MS,2611,Main Draw,VIGO Rodrigo (PER),AFANADOR Brian (PUR),,,0 - 4,7:11 10:12 5:11 6:11,AFANADOR Brian,2022
ITTF-Pan American Championships 2022,2022-10-31,ALGUETTI Sharon,LORENZO Santiago,ARG,USA,4,3,"8,11,11,7,11,3,11|11,7,7,11,8,11,7",R32,OTHER,MS,2611,Main Draw,ALGUETTI Sharon (USA),LORENZO Santiago (ARG),,,3 - 4,11:8 7:11 7:11 11:7 8:11 11:3 7:11,LORENZO Santiago,2022
ITTF-Pan American Championships 2022,2022-10-31,HAZIN Jeremy,OLAVE Alfonso,CHI,CAN,4,2,"11,11,7,11,6,11|9,8,11,6,11,6",R32,OTHER,MS,2611,Main Draw,HAZIN Jeremy (CAN),OLAVE Alfonso (CHI),,,2 - 4,9:11 8:11 11:7 6:11 11:6 6:11,OLAVE Alfonso,2022
ITTF-Pan American Championships 2022,2022-10-31,ISHIY Vitor,RIOFRIO Emiliano,BRA,ECU,4,0,"11,11,11,11|2,2,3,6",R32,OTHER,MS,2611,Main Draw,ISHIY Vitor (BRA),RIOFRIO Emiliano (ECU),,,4 - 0,11:2 11:2 11:3 11:6,ISHIY Vitor,2022
ITTF-Pan American Championships 2022,2022-10-31,CALDERANO Hugo,KUMAR Nikhil,BRA,USA,4,0,"11,11,11,11|9,3,7,6",R32,OTHER,MS,2611,Main Draw,CALDERANO Hugo (BRA),KUMAR Nikhil (USA),,,4 - 0,11:9 11:3 11:7 11:6,CALDERANO Hugo,2022
ITTF-Pan American Championships 2022,2022-10-31,ALTO Gaston,GOMEZ Gustavo,ARG,CHI,4,2,"11,8,5,11,11,11|4,11,11,6,7,5",R32,OTHER,MS,2611,Main Draw,ALTO Gaston (ARG),GOMEZ Gustavo (CHI),,,4 - 2,11:4 8:11 5:11 11:6 11:7 11:5,ALTO Gaston,2022
ITTF-Pan American Championships 2022,2022-10-31,MINO Alberto,CASTILLO Cesar,ECU,VEN,4,0,"11,11,11,11|7,1,9,4",R32,OTHER,MS,2611,Main Draw,MINO Alberto (ECU),CASTILLO Cesar (VEN),,,4 - 0,11:7 11:1 11:9 11:4,MINO Alberto,2022
ITTF-Pan American Championships 2022,2022-10-31,CAMPOS Jorge,WANG Eugene,CAN,CUB,4,3,"13,7,11,9,11,5,11|11,11,4,11,7,11,6",R32,OTHER,MS,2611,Main Draw,CAMPOS Jorge (CUB),WANG Eugene (CAN),,,3 - 4,11:13 11:7 4:11 11:9 7:11 11:5 6:11,WANG Eugene,2022
ITTF-Pan American Championships 2022,2022-10-31,NARANJO Angel,JHA Kanak,USA,PUR,4,1,"11,11,11,8,11|7,8,9,11,6",R32,OTHER,MS,2611,Main Draw,NARANJO Angel (PUR),JHA Kanak (USA),,,1 - 4,7:11 8:11 9:11 11:8 6:11,JHA Kanak,2022
ITTF-Pan American Championships 2022,2022-10-31,JOUTI Eric,MOYA Manuel,BRA,CHI,4,0,"11,11,11,11|8,8,9,2",R32,OTHER,MS,2611,Main Draw,JOUTI Eric (BRA),MOYA Manuel (CHI),,,4 - 0,11:8 11:8 11:9 11:2,JOUTI Eric,2022
ITTF-Pan American Championships 2022,2022-10-31,MARTINEZ Livan,MADRID Marcos,MEX,CUB,4,3,"8,9,7,15,11,11,11|11,11,11,13,6,4,9",R32,OTHER,MS,2611,Main Draw,MARTINEZ Livan (CUB),MADRID Marcos (MEX),,,3 - 4,11:8 11:9 11:7 13:15 6:11 4:11 9:11,MADRID Marcos,2022
ITTF-Pan American Championships 2022,2022-10-31,LY Edward,AGUIRRE Marcelo,PAR,CAN,4,0,"11,11,11,11|5,8,8,3",R32,OTHER,MS,2611,Main Draw,LY Edward (CAN),AGUIRRE Marcelo (PAR),,,0 - 4,5:11 8:11 8:11 3:11,AGUIRRE Marcelo,2022
ITTF-Pan American Championships 2022,2022-10-31,DIAZ Adriana,COSSIO Arantxa,PUR,MEX,3,1,"7,11,11,11|11,8,9,7",QF,OTHER,WD,2611,Main Draw,DIAZ Adriana (PUR),COSSIO Arantxa (MEX),DIAZ Melanie (PUR),SILVA Yadira (MEX),3 - 1,7:11 11:8 11:9 11:7,DIAZ Adriana,2022
ITTF-Pan American Championships 2022,2022-10-31,ZHANG Mo,TAKAHASHI Bruna,BRA,CAN,3,1,"9,11,11,11|11,7,8,8",QF,OTHER,WD,2611,Main Draw,ZHANG Mo (CAN),TAKAHASHI Bruna (BRA),LIAO Ivy (CAN),KUMAHARA Luca (BRA),1 - 3,11:9 7:11 8:11 8:11,TAKAHASHI Bruna,2022
ITTF-Pan American Championships 2022,2022-10-31,WANG Amy,MOLERO Candela,USA,ARG,3,2,"11,11,8,4,11|1,9,11,11,6",QF,OTHER,WD,2611,Main Draw,WANG Amy (USA),MOLERO Candela (ARG),SUNG Rachel (USA),ARGUELLES Camila (ARG),3 - 2,11:1 11:9 8:11 4:11 11:6,WANG Amy,2022
ITTF-Pan American Championships 2022,2022-10-31,LOVET Idalys,VEGA Paulina,CUB,CHI,3,0,"11,11,11|0,0,0",QF,OTHER,WD,2611,Main Draw,LOVET Idalys (CUB),VEGA Paulina (CHI),FONSECA Daniela (CUB),ORTEGA Daniela (CHI),3 - 0,11:0 11:0 11:0,LOVET Idalys,2022
ITTF-Pan American Championships 2022,2022-10-31,RIOFRIO Emiliano,AFANADOR Brian,ECU,PUR,3,2,"11,6,9,11,11|5,11,11,8,5",QF,OTHER,MD,2611,Main Draw,RIOFRIO Emiliano (ECU),AFANADOR Brian (PUR),MINO Alberto (ECU),GONZALEZ Daniel (PUR),3 - 2,11:5 6:11 9:11 11:8 11:5,RIOFRIO Emiliano,2022
ITTF-Pan American Championships 2022,2022-10-31,TORANZOS Alejandro,JOUTI Eric,BRA,PAR,3,0,"11,11,11|9,7,9",QF,OTHER,MD,2611,Main Draw,TORANZOS Alejandro (PAR),JOUTI Eric (BRA),AGUIRRE Marcelo (PAR),ISHIY Vitor (BRA),0 - 3,9:11 7:11 9:11,JOUTI Eric,2022
ITTF-Pan American Championships 2022,2022-10-31,GOMEZ Gustavo,CASTILLO Cesar,CHI,VEN,3,0,"11,11,11|5,9,7",QF,OTHER,MD,2611,Main Draw,GOMEZ Gustavo (CHI),CASTILLO Cesar (VEN),BURGOS Nicolas (CHI),RIOS Carlos (VEN),3 - 0,11:5 11:9 11:7,GOMEZ Gustavo,2022
ITTF-Pan American Championships 2022,2022-10-31,DIAZ Adriana,TAKAHASHI Giulia,PUR,BRA,4,1,"10,11,11,11,11|12,7,8,5,9",R16,OTHER,WS,2611,Main Draw,DIAZ Adriana (PUR),TAKAHASHI Giulia (BRA),,,4 - 1,10:12 11:7 11:8 11:5 11:9,DIAZ Adriana,2022
ITTF-Pan American Championships 2022,2022-10-31,MINO Alberto,LIANG Jishan,ECU,USA,4,2,"9,11,9,11,14,11|11,4,11,8,12,3",R16,OTHER,MS,2611,Main Draw,MINO Alberto (ECU),LIANG Jishan (USA),,,4 - 2,9:11 11:4 9:11 11:8 14:12 11:3,MINO Alberto,2022
ITTF-Pan American Championships 2022,2022-10-31,JOUTI Eric,WANG Eugene,CAN,BRA,4,1,"8,11,11,11,11|11,7,5,3,9",R16,OTHER,MS,2611,Main Draw,JOUTI Eric (BRA),WANG Eugene (CAN),,,1 - 4,11:8 7:11 5:11 3:11 9:11,WANG Eugene,2022
ITTF-Pan American Championships 2022,2022-10-31,KUMAHARA Luca,RIOS Daniely,BRA,PUR,4,0,"11,11,11,11|2,2,8,8",R16,OTHER,WS,2611,Main Draw,KUMAHARA Luca (BRA),RIOS Daniely (PUR),,,4 - 0,11:2 11:2 11:8 11:8,KUMAHARA Luca,2022
ITTF-Pan American Championships 2022,2022-10-31,BARCENAS Clio,ZHANG Mo,CAN,MEX,4,0,"11,11,11,11|8,8,5,5",R16,OTHER,WS,2611,Main Draw,BARCENAS Clio (MEX),ZHANG Mo (CAN),,,0 - 4,8:11 8:11 5:11 5:11,ZHANG Mo,2022
ITTF-Pan American Championships 2022,2022-10-31,BURGOS Nicolas,JHA Kanak,USA,CHI,4,1,"11,10,11,12,11|8,12,7,10,6",R16,OTHER,MS,2611,Main Draw,BURGOS Nicolas (CHI),JHA Kanak (USA),,,1 - 4,8:11 12:10 7:11 10:12 6:11,JHA Kanak,2022
ITTF-Pan American Championships 2022,2022-10-31,ISHIY Vitor,LORENZO Santiago,ARG,BRA,4,2,"12,11,5,11,11,17|10,13,11,9,2,15",R16,OTHER,MS,2611,Main Draw,ISHIY Vitor (BRA),LORENZO Santiago (ARG),,,2 - 4,10:12 13:11 11:5 9:11 2:11 15:17,LORENZO Santiago,2022
ITTF-Pan American Championships 2022,2022-10-31,BURGOS Brianna,VEGA Paulina,CHI,PUR,4,1,"11,11,5,11,11|8,3,11,8,9",R16,OTHER,WS,2611,Main Draw,BURGOS Brianna (PUR),VEGA Paulina (CHI),,,1 - 4,8:11 3:11 11:5 8:11 9:11,VEGA Paulina,2022
ITTF-Pan American Championships 2022,2022-10-31,CALDERANO Hugo,GOMEZ ROJAS Eday,BRA,CUB,4,0,"13,11,11,11|11,5,3,4",R16,OTHER,MS,2611,Main Draw,CALDERANO Hugo (BRA),GOMEZ ROJAS Eday (CUB),,,4 - 0,13:11 11:5 11:3 11:4,CALDERANO Hugo,2022
ITTF-Pan American Championships 2022,2022-10-31,CIFUENTES Horacio,MADRID Marcos,ARG,MEX,4,0,"11,11,11,11|9,6,5,8",R16,OTHER,MS,2611,Main Draw,CIFUENTES Horacio (ARG),MADRID Marcos (MEX),,,4 - 0,11:9 11:6 11:5 11:8,CIFUENTES Horacio,2022
ITTF-Pan American Championships 2022,2022-10-31,DIAZ Melanie,LIAO Ivy,PUR,CAN,4,1,"11,11,12,4,12|9,4,10,11,10",R16,OTHER,WS,2611,Main Draw,DIAZ Melanie (PUR),LIAO Ivy (CAN),,,4 - 1,11:9 11:4 12:10 4:11 12:10,DIAZ Melanie,2022
ITTF-Pan American Championships 2022,2022-10-31,JALLI Sarah,TAKAHASHI Bruna,USA,BRA,4,3,"11,7,3,11,12,8,11|7,11,11,9,10,11,8",R16,OTHER,WS,2611,Main Draw,JALLI Sarah (USA),TAKAHASHI Bruna (BRA),,,4 - 3,11:7 7:11 3:11 11:9 12:10 8:11 11:8,JALLI Sarah,2022
ITTF-Pan American Championships 2022,2022-10-31,ALTO Gaston,AGUIRRE Marcelo,PAR,ARG,4,1,"8,11,11,14,11|11,8,7,12,9",R16,OTHER,MS,2611,Main Draw,ALTO Gaston (ARG),AGUIRRE Marcelo (PAR),,,1 - 4,11:8 8:11 7:11 12:14 9:11,AGUIRRE Marcelo,2022
ITTF-Pan American Championships 2022,2022-10-31,DIAZ Melanie,JALLI Sarah,USA,PUR,4,1,"11,8,11,11,11|8,11,8,4,6",QF,OTHER,WS,2611,Main Draw,DIAZ Melanie (PUR),JALLI Sarah (USA),,,1 - 4,8:11 11:8 8:11 4:11 6:11,JALLI Sarah,2022
ITTF-Pan American Championships 2022,2022-10-31,KUMAHARA Luca,ZHANG Mo,CAN,BRA,4,2,"8,11,11,8,11,11|11,9,8,11,5,3",QF,OTHER,WS,2611,Main Draw,KUMAHARA Luca (BRA),ZHANG Mo (CAN),,,2 - 4,11:8 9:11 8:11 11:8 5:11 3:11,ZHANG Mo,2022
ITTF-Pan American Championships 2022,2022-10-31,CIFUENTES Horacio,JHA Kanak,USA,ARG,4,2,"11,11,6,11,12,17|9,7,11,7,14,15",QF,OTHER,MS,2611,Main Draw,CIFUENTES Horacio (ARG),JHA Kanak (USA),,,2 - 4,9:11 7:11 11:6 7:11 14:12 15:17,JHA Kanak,2022
ITTF-Pan American Championships 2022,2022-10-31,MINO Alberto,WANG Eugene,ECU,CAN,4,3,"11,15,15,7,8,8,11|4,13,13,11,11,11,9",QF,OTHER,MS,2611,Main Draw,MINO Alberto (ECU),WANG Eugene (CAN),,,4 - 3,11:4 15:13 15:13 7:11 8:11 8:11 11:9,MINO Alberto,2022
ITTF-Pan American Championships 2022,2022-10-31,DIAZ Adriana,WANG Amy,PUR,USA,4,3,"11,4,8,11,7,11,11|5,11,11,2,11,7,2",QF,OTHER,WS,2611,Main Draw,DIAZ Adriana (PUR),WANG Amy (USA),,,4 - 3,11:5 4:11 8:11 11:2 7:11 11:7 11:2,DIAZ Adriana,2022
ITTF-Pan American Championships 2022,2022-10-31,ZHANG Lily,VEGA Paulina,USA,CHI,4,0,"13,11,11,11|11,3,6,6",QF,OTHER,WS,2611,Main Draw,ZHANG Lily (USA),VEGA Paulina (CHI),,,4 - 0,13:11 11:3 11:6 11:6,ZHANG Lily,2022
ITTF-Pan American Championships 2022,2022-10-31,CALDERANO Hugo,AGUIRRE Marcelo,BRA,PAR,4,0,"13,11,11,11|11,6,5,8",QF,OTHER,MS,2611,Main Draw,CALDERANO Hugo (BRA),AGUIRRE Marcelo (PAR),,,4 - 0,13:11 11:6 11:5 11:8,CALDERANO Hugo,2022
ITTF-Pan American Championships 2022,2022-10-31,LORENZO Santiago,AFANADOR Brian,ARG,PUR,4,0,"13,11,11,11|11,5,6,7",QF,OTHER,MS,2611,Main Draw,LORENZO Santiago (ARG),AFANADOR Brian (PUR),,,4 - 0,13:11 11:5 11:6 11:7,LORENZO Santiago,2022
ITTF-Pan American Championships 2022,2022-10-31,KUMAR Nikhil,CIFUENTES Horacio,USA,ARG,3,2,"14,8,3,11,13|12,11,11,5,11",SF,OTHER,XD,2611,Main Draw,KUMAR Nikhil (USA),CIFUENTES Horacio (ARG),WANG Amy (USA),ARGUELLES Camila (ARG),3 - 2,14:12 8:11 3:11 11:5 13:11,KUMAR Nikhil,2022
ITTF-Pan American Championships 2022,2022-10-31,ISHIY Vitor,BURGOS Nicolas,BRA,CHI,3,0,"12,11,11|10,6,4",SF,OTHER,XD,2611,Main Draw,ISHIY Vitor (BRA),BURGOS Nicolas (CHI),TAKAHASHI Bruna (BRA),VEGA Paulina (CHI),3 - 0,12:10 11:6 11:4,ISHIY Vitor,2022
ITTF-Pan American Championships 2022,2022-10-31,ZHANG Lily,JALLI Sarah,USA,USA,4,3,"13,11,8,9,11,10,11|11,3,11,11,9,12,7",SF,OTHER,WS,2611,Main Draw,ZHANG Lily (USA),JALLI Sarah (USA),,,4 - 3,13:11 11:3 8:11 9:11 11:9 10:12 11:7,ZHANG Lily,2022
ITTF-Pan American Championships 2022,2022-10-31,DIAZ Adriana,ZHANG Mo,PUR,CAN,4,3,"9,11,5,11,11,9,11|11,5,11,5,8,11,3",SF,OTHER,WS,2611,Main Draw,DIAZ Adriana (PUR),ZHANG Mo (CAN),,,4 - 3,9:11 11:5 5:11 11:5 11:8 9:11 11:3,DIAZ Adriana,2022
ITTF-Pan American Championships 2022,2022-10-31,CALDERANO Hugo,MINO Alberto,BRA,ECU,4,1,"11,9,11,11,11|9,11,5,8,6",SF,OTHER,MS,2611,Main Draw,CALDERANO Hugo (BRA),MINO Alberto (ECU),,,4 - 1,11:9 9:11 11:5 11:8 11:6,CALDERANO Hugo,2022
ITTF-Pan American Championships 2022,2022-10-31,ISHIY Vitor,KUMAR Nikhil,BRA,USA,3,1,"11,5,11,11|8,11,6,5",F,OTHER,XD,2611,Main Draw,ISHIY Vitor (BRA),KUMAR Nikhil (USA),TAKAHASHI Bruna (BRA),WANG Amy (USA),3 - 1,11:8 5:11 11:6 11:5,ISHIY Vitor,2022
ITTF-Pan American Championships 2022,2022-10-31,WANG Amy,LOVET Idalys,USA,CUB,3,0,"11,11,11|8,3,8",SF,OTHER,WD,2611,Main Draw,WANG Amy (USA),LOVET Idalys (CUB),SUNG Rachel (USA),FONSECA Daniela (CUB),3 - 0,11:8 11:3 11:8,WANG Amy,2022
ITTF-Pan American Championships 2022,2022-10-31,DIAZ Adriana,TAKAHASHI Bruna,BRA,PUR,3,0,"11,11,11|7,3,7",SF,OTHER,WD,2611,Main Draw,DIAZ Adriana (PUR),TAKAHASHI Bruna (BRA),DIAZ Melanie (PUR),KUMAHARA Luca (BRA),0 - 3,7:11 3:11 7:11,TAKAHASHI Bruna,2022
ITTF-Pan American Championships 2022,2022-10-31,GOMEZ Gustavo,RIOFRIO Emiliano,CHI,ECU,3,0,"11,11,11|9,9,7",SF,OTHER,MD,2611,Main Draw,GOMEZ Gustavo (CHI),RIOFRIO Emiliano (ECU),BURGOS Nicolas (CHI),MINO Alberto (ECU),3 - 0,11:9 11:9 11:7,GOMEZ Gustavo,2022
ITTF-Pan American Championships 2022,2022-10-31,TAKAHASHI Bruna,WANG Amy,USA,BRA,3,2,"7,11,11,11,12|11,9,7,13,10",F,OTHER,WD,2611,Main Draw,TAKAHASHI Bruna (BRA),WANG Amy (USA),KUMAHARA Luca (BRA),SUNG Rachel (USA),2 - 3,11:7 9:11 7:11 13:11 10:12,WANG Amy,2022
ITTF-Pan American Championships 2022,2022-10-31,CIFUENTES Horacio,GOMEZ Gustavo,ARG,CHI,3,0,"11,12,11|7,10,5",F,OTHER,MD,2611,Main Draw,CIFUENTES Horacio (ARG),GOMEZ Gustavo (CHI),ALTO Gaston (ARG),BURGOS Nicolas (CHI),3 - 0,11:7 12:10 11:5,CIFUENTES Horacio,2022
ITTF-Pan American Championships 2022,2022-10-31,DIAZ Adriana,ZHANG Lily,PUR,USA,4,1,"9,11,11,11,11|11,4,5,5,3",F,OTHER,WS,2611,Main Draw,DIAZ Adriana (PUR),ZHANG Lily (USA),,,4 - 1,9:11 11:4 11:5 11:5 11:3,DIAZ Adriana,2022
ITTF-Pan American Championships 2022,2022-10-31,CALDERANO Hugo,JHA Kanak,BRA,USA,4,0,"15,11,11,11|13,8,8,8",F,OTHER,MS,2611,Main Draw,CALDERANO Hugo (BRA),JHA Kanak (USA),,,4 - 0,15:13 11:8 11:8 11:8,CALDERANO Hugo,2022
WTT Cup Finals Xinxiang 2022 Presented by China Construction Bank,2022-10-27,KIHARA Miyuu,ISHIKAWA Kasumi,JPN,JPN,3,1,"7,11,11,11|11,5,4,6",R16,WTT_CHAMPIONS,WS,2627,Main Draw,KIHARA Miyuu (JPN),ISHIKAWA Kasumi (JPN),,,1 - 3,11:7 5:11 4:11 6:11,ISHIKAWA Kasumi,2022
WTT Cup Finals Xinxiang 2022 Presented by China Construction Bank,2022-10-27,HARIMOTO Tomokazu,FRANZISKA Patrick,JPN,GER,3,0,"11,11,11|4,9,6",R16,WTT_CHAMPIONS,MS,2627,Main Draw,HARIMOTO Tomokazu (JPN),FRANZISKA Patrick (GER),,,3 - 0,11:4 11:9 11:6,HARIMOTO Tomokazu,2022
WTT Cup Finals Xinxiang 2022 Presented by China Construction Bank,2022-10-27,ITO Mima,YU Fu,JPN,POR,3,0,"11,11,11|7,7,5",R16,WTT_CHAMPIONS,WS,2627,Main Draw,ITO Mima (JPN),YU Fu (POR),,,3 - 0,11:7 11:7 11:5,ITO Mima,2022
WTT Cup Finals Xinxiang 2022 Presented by China Construction Bank,2022-10-27,LIN Yun-Ju,ARUNA Quadri,TPE,NGR,3,1,"11,11,8,11|4,6,11,4",R16,WTT_CHAMPIONS,MS,2627,Main Draw,LIN Yun-Ju (TPE),ARUNA Quadri (NGR),,,3 - 1,11:4 11:6 8:11 11:4,LIN Yun-Ju,2022
WTT Cup Finals Xinxiang 2022 Presented by China Construction Bank,2022-10-27,HAN Ying,WANG Manyu,CHN,GER,3,1,"6,11,11,13|11,6,5,11",R16,WTT_CHAMPIONS,WS,2627,Main Draw,HAN Ying (GER),WANG Manyu (CHN),,,1 - 3,11:6 6:11 5:11 11:13,WANG Manyu,2022
WTT Cup Finals Xinxiang 2022 Presented by China Construction Bank,2022-10-27,CHUANG Chih-Yuan,OVTCHAROV Dimitrij,GER,TPE,3,2,"11,9,11,5,11|3,11,7,11,5",R16,WTT_CHAMPIONS,MS,2627,Main Draw,CHUANG Chih-Yuan (TPE),OVTCHAROV Dimitrij (GER),,,2 - 3,3:11 11:9 7:11 11:5 5:11,OVTCHAROV Dimitrij,2022
WTT Cup Finals Xinxiang 2022 Presented by China Construction Bank,2022-10-27,DOO Hoi Kem,DIAZ Adriana,PUR,HKG,3,1,"10,11,11,14|12,5,8,12",R16,WTT_CHAMPIONS,WS,2627,Main Draw,DOO Hoi Kem (HKG),DIAZ Adriana (PUR),,,1 - 3,12:10 5:11 8:11 12:14,DIAZ Adriana,2022
WTT Cup Finals Xinxiang 2022 Presented by China Construction Bank,2022-10-27,WANG Yidi,JEON Jihee,CHN,KOR,3,0,"11,11,13|1,2,11",R16,WTT_CHAMPIONS,WS,2627,Main Draw,WANG Yidi (CHN),JEON Jihee (KOR),,,3 - 0,11:1 11:2 13:11,WANG Yidi,2022
WTT Cup Finals Xinxiang 2022 Presented by China Construction Bank,2022-10-27,LIN Gaoyuan,BOLL Timo,GER,CHN,3,2,"9,11,11,6,11|11,9,8,11,5",R16,WTT_CHAMPIONS,MS,2627,Main Draw,LIN Gaoyuan (CHN),BOLL Timo (GER),,,2 - 3,11:9 9:11 8:11 11:6 5:11,BOLL Timo,2022
WTT Cup Finals Xinxiang 2022 Presented by China Construction Bank,2022-10-27,SUN Yingsha,MITTELHAM Nina,CHN,GER,3,0,"11,11,11|8,4,6",R16,WTT_CHAMPIONS,WS,2627,Main Draw,SUN Yingsha (CHN),MITTELHAM Nina (GER),,,3 - 0,11:8 11:4 11:6,SUN Yingsha,2022
WTT Cup Finals Xinxiang 2022 Presented by China Construction Bank,2022-10-27,JORGIC Darko,MA Long,CHN,SLO,3,1,"9,12,11,11|11,10,2,5",R16,WTT_CHAMPIONS,MS,2627,Main Draw,JORGIC Darko (SLO),MA Long (CHN),,,1 - 3,11:9 10:12 2:11 5:11,MA Long,2022
WTT Cup Finals Xinxiang 2022 Presented by China Construction Bank,2022-10-27,YUAN Jia Nan,CHEN Meng,CHN,FRA,3,1,"7,13,11,11|11,11,4,4",R16,WTT_CHAMPIONS,WS,2627,Main Draw,YUAN Jia Nan (FRA),CHEN Meng (CHN),,,1 - 3,11:7 11:13 4:11 4:11,CHEN Meng,2022
WTT Cup Finals Xinxiang 2022 Presented by China Construction Bank,2022-10-27,WANG Chuqin,QIU Dang,CHN,GER,3,1,"10,11,11,11|12,8,8,5",R16,WTT_CHAMPIONS,MS,2627,Main Draw,WANG Chuqin (CHN),QIU Dang (GER),,,3 - 1,10:12 11:8 11:8 11:5,WANG Chuqin,2022
WTT Cup Finals Xinxiang 2022 Presented by China Construction Bank,2022-10-27,CHEN Xingtong,YANG Xiaoxin,CHN,MON,3,1,"11,9,11,11|9,11,8,5",R16,WTT_CHAMPIONS,WS,2627,Main Draw,CHEN Xingtong (CHN),YANG Xiaoxin (MON),,,3 - 1,11:9 9:11 11:8 11:5,CHEN Xingtong,2022
WTT Cup Finals Xinxiang 2022 Presented by China Construction Bank,2022-10-27,CALDERANO Hugo,MOREGARD Truls,SWE,BRA,3,1,"11,11,10,11|5,6,12,9",R16,WTT_CHAMPIONS,MS,2627,Main Draw,CALDERANO Hugo (BRA),MOREGARD Truls (SWE),,,1 - 3,5:11 6:11 12:10 9:11,MOREGARD Truls,2022
WTT Cup Finals Xinxiang 2022 Presented by China Construction Bank,2022-10-27,HARIMOTO Tomokazu,BOLL Timo,JPN,GER,3,0,"11,11,12|8,4,10",QF,WTT_CHAMPIONS,MS,2627,Main Draw,HARIMOTO Tomokazu (JPN),BOLL Timo (GER),,,3 - 0,11:8 11:4 12:10,HARIMOTO Tomokazu,2022
WTT Cup Finals Xinxiang 2022 Presented by China Construction Bank,2022-10-27,ITO Mima,WANG Manyu,CHN,JPN,3,0,"11,11,11|4,4,4",QF,WTT_CHAMPIONS,WS,2627,Main Draw,ITO Mima (JPN),WANG Manyu (CHN),,,0 - 3,4:11 4:11 4:11,WANG Manyu,2022
WTT Cup Finals Xinxiang 2022 Presented by China Construction Bank,2022-10-27,FAN Zhendong,OVTCHAROV Dimitrij,GER,CHN,3,2,"4,11,11,7,11|11,6,8,11,6",QF,WTT_CHAMPIONS,MS,2627,Main Draw,FAN Zhendong (CHN),OVTCHAROV Dimitrij (GER),,,2 - 3,11:4 6:11 8:11 11:7 6:11,OVTCHAROV Dimitrij,2022
WTT Cup Finals Xinxiang 2022 Presented by China Construction Bank,2022-10-27,WANG Yidi,DIAZ Adriana,CHN,PUR,3,0,"11,11,11|7,5,6",QF,WTT_CHAMPIONS,WS,2627,Main Draw,WANG Yidi (CHN),DIAZ Adriana (PUR),,,3 - 0,11:7 11:5 11:6,WANG Yidi,2022
WTT Cup Finals Xinxiang 2022 Presented by China Construction Bank,2022-10-27,LIN Yun-Ju,MA Long,CHN,TPE,3,2,"11,7,11,8,11|4,11,7,11,3",QF,WTT_CHAMPIONS,MS,2627,Main Draw,LIN Yun-Ju (TPE),MA Long (CHN),,,2 - 3,4:11 11:7 7:11 11:8 3:11,MA Long,2022
WTT Cup Finals Xinxiang 2022 Presented by China Construction Bank,2022-10-27,SUN Yingsha,ISHIKAWA Kasumi,CHN,JPN,3,0,"11,11,11|6,4,7",QF,WTT_CHAMPIONS,WS,2627,Main Draw,SUN Yingsha (CHN),ISHIKAWA Kasumi (JPN),,,3 - 0,11:6 11:4 11:7,SUN Yingsha,2022
WTT Cup Finals Xinxiang 2022 Presented by China Construction Bank,2022-10-27,WANG Chuqin,MOREGARD Truls,CHN,SWE,3,0,"11,11,15|8,3,13",QF,WTT_CHAMPIONS,MS,2627,Main Draw,WANG Chuqin (CHN),MOREGARD Truls (SWE),,,3 - 0,11:8 11:3 15:13,WANG Chuqin,2022
WTT Cup Finals Xinxiang 2022 Presented by China Construction Bank,2022-10-27,CHEN Xingtong,CHEN Meng,CHN,CHN,3,1,"7,11,11,11|11,8,7,6",QF,WTT_CHAMPIONS,WS,2627,Main Draw,CHEN Xingtong (CHN),CHEN Meng (CHN),,,1 - 3,11:7 8:11 7:11 6:11,CHEN Meng,2022
WTT Cup Finals Xinxiang 2022 Presented by China Construction Bank,2022-10-27,SUN Yingsha,WANG Yidi,CHN,CHN,4,1,"11,11,4,14,11|6,4,11,12,6",SF,WTT_CHAMPIONS,WS,2627,Main Draw,SUN Yingsha (CHN),WANG Yidi (CHN),,,4 - 1,11:6 11:4 4:11 14:12 11:6,SUN Yingsha,2022
WTT Cup Finals Xinxiang 2022 Presented by China Construction Bank,2022-10-27,OVTCHAROV Dimitrij,HARIMOTO Tomokazu,JPN,GER,4,0,"11,11,11,11|7,6,5,7",SF,WTT_CHAMPIONS,MS,2627,Main Draw,OVTCHAROV Dimitrij (GER),HARIMOTO Tomokazu (JPN),,,0 - 4,7:11 6:11 5:11 7:11,HARIMOTO Tomokazu,2022
WTT Cup Finals Xinxiang 2022 Presented by China Construction Bank,2022-10-27,WANG Manyu,CHEN Meng,CHN,CHN,4,1,"11,11,11,11,11|9,3,9,13,6",SF,WTT_CHAMPIONS,WS,2627,Main Draw,WANG Manyu (CHN),CHEN Meng (CHN),,,1 - 4,9:11 3:11 9:11 13:11 6:11,CHEN Meng,2022
WTT Cup Finals Xinxiang 2022 Presented by China Construction Bank,2022-10-27,WANG Chuqin,MA Long,CHN,CHN,4,3,"11,11,11,9,7,11,11|7,5,5,11,11,13,8",SF,WTT_CHAMPIONS,MS,2627,Main Draw,WANG Chuqin (CHN),MA Long (CHN),,,4 - 3,11:7 11:5 11:5 9:11 7:11 11:13 11:8,WANG Chuqin,2022
WTT Cup Finals Xinxiang 2022 Presented by China Construction Bank,2022-10-27,SUN Yingsha,CHEN Meng,CHN,CHN,4,3,"4,11,11,12,6,10,12|11,4,8,10,11,12,10",F,WTT_CHAMPIONS,WS,2627,Main Draw,SUN Yingsha (CHN),CHEN Meng (CHN),,,4 - 3,4:11 11:4 11:8 12:10 6:11 10:12 12:10,SUN Yingsha,2022
WTT Cup Finals Xinxiang 2022 Presented by China Construction Bank,2022-10-27,HARIMOTO Tomokazu,WANG Chuqin,CHN,JPN,4,2,"8,11,11,11,8,11|11,8,9,8,11,7",F,WTT_CHAMPIONS,MS,2627,Main Draw,HARIMOTO Tomokazu (JPN),WANG Chuqin (CHN),,,2 - 4,11:8 8:11 9:11 8:11 11:8 7:11,WANG Chuqin,2022
South American Games Asuncion 2022,2022-10-09,QUEZADA Karen,ZELADA Valeria Thaiz,PAR,PAN,4,0,"11,11,11,11|6,7,9,7",R64,OTHER,WS,2680,Main Draw,QUEZADA Karen (PAN),ZELADA Valeria Thaiz (PAR),,,0 - 4,6:11 7:11 9:11 7:11,ZELADA Valeria Thaiz,2022
South American Games Asuncion 2022,2022-10-09,MUTTI Cielo,RUBIO Anie,PAR,ECU,4,0,"11,11,12,11|7,7,10,7",R64,OTHER,WS,2680,Main Draw,MUTTI Cielo (PAR),RUBIO Anie (ECU),,,4 - 0,11:7 11:7 12:10 11:7,MUTTI Cielo,2022
South American Games Asuncion 2022,2022-10-09,LEON Dimitri,LEON David,PAR,CUW,4,1,"11,9,11,11,11|4,11,5,7,7",R64,OTHER,MS,2680,Main Draw,LEON Dimitri (CUW),LEON David (PAR),,,1 - 4,4:11 11:9 5:11 7:11 7:11,LEON David,2022
South American Games Asuncion 2022,2022-10-09,AVILA Diego,MORINIGO Manuel,PAR,BOL,4,0,"11,12,11,11|5,10,5,7",R64,OTHER,MS,2680,Main Draw,AVILA Diego (BOL),MORINIGO Manuel (PAR),,,0 - 4,5:11 10:12 5:11 7:11,MORINIGO Manuel,2022
South American Games Asuncion 2022,2022-10-09,VANEGAS Luis,GONZALEZ Camilo,COL,VEN,4,2,"11,6,11,11,7,11|4,11,8,6,11,6",R64,OTHER,MS,2680,Main Draw,VANEGAS Luis (VEN),GONZALEZ Camilo (COL),,,2 - 4,4:11 11:6 8:11 6:11 11:7 6:11,GONZALEZ Camilo,2022
South American Games Asuncion 2022,2022-10-09,LIZARAZU Eduardo,CHOCK GOMEZ Jahir,BOL,PAN,3,1,"11,3,11,11|6,11,6,9",R32,OTHER,XD,2680,Main Draw,LIZARAZU Eduardo (BOL),CHOCK GOMEZ Jahir (PAN),HERRERA Maria (BOL),QUEZADA Karen (PAN),3 - 1,11:6 3:11 11:6 11:9,LIZARAZU Eduardo,2022
South American Games Asuncion 2022,2022-10-09,MEDINA Raymundo,TURRINI Rafael,BRA,VEN,3,2,"8,4,11,11,11|11,11,6,4,9",R32,OTHER,XD,2680,Main Draw,MEDINA Raymundo (VEN),TURRINI Rafael (BRA),GONZALEZ Roxy (VEN),STRASSBURGER Victoria (BRA),2 - 3,11:8 11:4 6:11 4:11 9:11,TURRINI Rafael,2022
South American Games Asuncion 2022,2022-10-09,VANEGAS Luis,TORANZOS Alejandro,VEN,PAR,3,2,"6,11,3,11,11|11,2,11,5,4",R32,OTHER,XD,2680,Main Draw,VANEGAS Luis (VEN),TORANZOS Alejandro (PAR),OBANDO Camila (VEN),GOMEZ Leyla (PAR),3 - 2,6:11 11:2 3:11 11:5 11:4,VANEGAS Luis,2022
South American Games Asuncion 2022,2022-10-09,AGUIRRE Marcelo,FRANKLIN Christopher,PAR,GUY,3,1,"7,13,11,11|11,11,6,6",R32,OTHER,XD,2680,Main Draw,AGUIRRE Marcelo (PAR),FRANKLIN Christopher (GUY),OVELAR Lucero (PAR),CUMMINGS Natalie (GUY),3 - 1,7:11 13:11 11:6 11:6,AGUIRRE Marcelo,2022
South American Games Asuncion 2022,2022-10-09,BRITTON Shemar,AVILA Diego,GUY,BOL,3,0,"11,11,11|6,5,7",R32,OTHER,XD,2680,Main Draw,BRITTON Shemar (GUY),AVILA Diego (BOL),EDGHILL Chelsea (GUY),TERRAZAS Andrea (BOL),3 - 0,11:6 11:5 11:7,BRITTON Shemar,2022
South American Games Asuncion 2022,2022-10-09,GONZALEZ Roxy,GOMEZ Leyla,VEN,PAR,3,1,"12,10,11,11|10,12,5,8",R16,OTHER,WD,2680,Main Draw,GONZALEZ Roxy (VEN),GOMEZ Leyla (PAR),OBANDO Camila (VEN),OVELAR Lucero (PAR),3 - 1,12:10 10:12 11:5 11:8,GONZALEZ Roxy,2022
South American Games Asuncion 2022,2022-10-09,TERRAZAS Andrea,PAREDES Nathaly,ECU,BOL,3,0,"11,11,11|8,9,5",R16,OTHER,WD,2680,Main Draw,TERRAZAS Andrea (BOL),PAREDES Nathaly (ECU),HERRERA Maria (BOL),ARELLANO Angelica (ECU),0 - 3,8:11 9:11 5:11,PAREDES Nathaly,2022
South American Games Asuncion 2022,2022-10-09,MEDINA Raymundo,HIDALGO Rodrigo,VEN,PER,3,0,"13,11,11|11,4,6",R16,OTHER,MD,2680,Main Draw,MEDINA Raymundo (VEN),HIDALGO Rodrigo (PER),VANEGAS Luis (VEN),FERNANDEZ Carlos (PER),3 - 0,13:11 11:4 11:6,MEDINA Raymundo,2022
South American Games Asuncion 2022,2022-10-09,BRITTON Shemar,LIZARAZU Eduardo,GUY,BOL,3,1,"11,7,11,11|5,11,2,7",R16,OTHER,MD,2680,Main Draw,BRITTON Shemar (GUY),LIZARAZU Eduardo (BOL),FRANKLIN Christopher (GUY),FERNANDEZ Fernando (BOL),3 - 1,11:5 7:11 11:2 11:7,BRITTON Shemar,2022
South American Games Asuncion 2022,2022-10-09,ARGUELLES Camila,GREAVES Priscilla,ARG,GUY,4,0,"11,11,11,11|4,3,6,6",R32,OTHER,WS,2680,Main Draw,ARGUELLES Camila (ARG),GREAVES Priscilla (GUY),,,4 - 0,11:4 11:3 11:6 11:6,ARGUELLES Camila,2022
South American Games Asuncion 2022,2022-10-09,KUMAHARA Luca,HERRERA Maria,BRA,BOL,4,0,"11,11,11,11|3,6,2,5",R32,OTHER,WS,2680,Main Draw,KUMAHARA Luca (BRA),HERRERA Maria (BOL),,,4 - 0,11:3 11:6 11:2 11:5,KUMAHARA Luca,2022
South American Games Asuncion 2022,2022-10-09,ARELLANO Angelica,SANDOVAL Ana,ECU,PAR,4,0,"11,11,11,11|3,6,3,5",R32,OTHER,WS,2680,Main Draw,ARELLANO Angelica (ECU),SANDOVAL Ana (PAR),,,4 - 0,11:3 11:6 11:3 11:5,ARELLANO Angelica,2022
South American Games Asuncion 2022,2022-10-09,PRIETO Alejandra,MORALES Judith,CHI,PER,4,0,"11,11,11,11|5,6,2,7",R32,OTHER,WS,2680,Main Draw,PRIETO Alejandra (PER),MORALES Judith (CHI),,,0 - 4,5:11 6:11 2:11 7:11,MORALES Judith,2022
South American Games Asuncion 2022,2022-10-09,BURGOS Nicolas,APUD Elias,CHI,PAR,4,0,"11,11,12,11|4,3,10,3",R32,OTHER,MS,2680,Main Draw,BURGOS Nicolas (CHI),APUD Elias (PAR),,,4 - 0,11:4 11:3 12:10 11:3,BURGOS Nicolas,2022
South American Games Asuncion 2022,2022-10-09,TEODORO Guilherme,OLAVE Alfonso,BRA,CHI,4,1,"11,10,11,12,12|6,12,6,10,10",R32,OTHER,MS,2680,Main Draw,TEODORO Guilherme (BRA),OLAVE Alfonso (CHI),,,4 - 1,11:6 10:12 11:6 12:10 12:10,TEODORO Guilherme,2022
South American Games Asuncion 2022,2022-10-09,RIOFRIO Emiliano,MORINIGO Manuel,ECU,PAR,4,0,"11,11,11,11|9,8,4,1",R32,OTHER,MS,2680,Main Draw,RIOFRIO Emiliano (ECU),MORINIGO Manuel (PAR),,,4 - 0,11:9 11:8 11:4 11:1,RIOFRIO Emiliano,2022
South American Games Asuncion 2022,2022-10-09,DUFFOO Felipe,LORENZO Santiago,ARG,PER,4,0,"11,11,11,11|7,7,7,9",R32,OTHER,MS,2680,Main Draw,DUFFOO Felipe (PER),LORENZO Santiago (ARG),,,0 - 4,7:11 7:11 7:11 9:11,LORENZO Santiago,2022
South American Games Asuncion 2022,2022-10-09,MOLERO Candela,STRASSBURGER Victoria,BRA,ARG,4,1,"5,11,11,12,11|11,7,9,10,8",R32,OTHER,WS,2680,Main Draw,MOLERO Candela (ARG),STRASSBURGER Victoria (BRA),,,1 - 4,11:5 7:11 9:11 10:12 8:11,STRASSBURGER Victoria,2022
South American Games Asuncion 2022,2022-10-09,MUTTI Cielo,OBANDO Camila,VEN,PAR,4,0,"11,11,11,11|8,6,1,2",R32,OTHER,WS,2680,Main Draw,MUTTI Cielo (PAR),OBANDO Camila (VEN),,,0 - 4,8:11 6:11 1:11 2:11,OBANDO Camila,2022
South American Games Asuncion 2022,2022-10-09,CUMMINGS Natalie,MALDONADO Maria,GUY,PER,4,0,"13,11,11,11|11,2,5,6",R32,OTHER,WS,2680,Main Draw,CUMMINGS Natalie (GUY),MALDONADO Maria (PER),,,4 - 0,13:11 11:2 11:5 11:6,CUMMINGS Natalie,2022
South American Games Asuncion 2022,2022-10-09,VEDIA Carolina,ORTEGA Daniela,CHI,BOL,4,0,"11,11,11,11|6,6,0,5",R32,OTHER,WS,2680,Main Draw,VEDIA Carolina (BOL),ORTEGA Daniela (CHI),,,0 - 4,6:11 6:11 0:11 5:11,ORTEGA Daniela,2022
South American Games Asuncion 2022,2022-10-09,GOMEZ Gustavo,RAMOS Julian,CHI,COL,4,0,"11,11,11,11|4,9,6,9",R32,OTHER,MS,2680,Main Draw,GOMEZ Gustavo (CHI),RAMOS Julian (COL),,,4 - 0,11:4 11:9 11:6 11:9,GOMEZ Gustavo,2022
South American Games Asuncion 2022,2022-10-09,MEDINA Raymundo,FERNANDEZ Carlos,PER,VEN,4,3,"5,12,11,7,11,8,11|11,10,7,11,7,11,7",R32,OTHER,MS,2680,Main Draw,MEDINA Raymundo (VEN),FERNANDEZ Carlos (PER),,,3 - 4,11:5 10:12 7:11 11:7 7:11 11:8 7:11,FERNANDEZ Carlos,2022
South American Games Asuncion 2022,2022-10-09,TURRINI Rafael,FRANKLIN Christopher,BRA,GUY,4,0,"11,11,11,11|6,4,7,6",R32,OTHER,MS,2680,Main Draw,TURRINI Rafael (BRA),FRANKLIN Christopher (GUY),,,4 - 0,11:6 11:4 11:7 11:6,TURRINI Rafael,2022
South American Games Asuncion 2022,2022-10-09,OSORIO Santiago,ALTO Gaston,ARG,PAR,4,0,"11,11,11,11|4,2,5,3",R32,OTHER,MS,2680,Main Draw,OSORIO Santiago (PAR),ALTO Gaston (ARG),,,0 - 4,4:11 2:11 5:11 3:11,ALTO Gaston,2022
South American Games Asuncion 2022,2022-10-09,GOMEZ Leyla,ECHEVERRY Manuela,PAR,COL,4,0,"11,11,11,11|4,7,9,8",R32,OTHER,WS,2680,Main Draw,GOMEZ Leyla (PAR),ECHEVERRY Manuela (COL),,,4 - 0,11:4 11:7 11:9 11:8,GOMEZ Leyla,2022
South American Games Asuncion 2022,2022-10-09,EDGHILL Chelsea,ZELADA Valeria Thaiz,GUY,PAR,4,0,"11,11,11,11|6,1,5,5",R32,OTHER,WS,2680,Main Draw,EDGHILL Chelsea (GUY),ZELADA Valeria Thaiz (PAR),,,4 - 0,11:6 11:1 11:5 11:5,EDGHILL Chelsea,2022
South American Games Asuncion 2022,2022-10-09,CASAS Marta,TERRAZAS Andrea,COL,BOL,4,0,"11,11,11,11|2,5,6,6",R32,OTHER,WS,2680,Main Draw,CASAS Marta (COL),TERRAZAS Andrea (BOL),,,4 - 0,11:2 11:5 11:6 11:6,CASAS Marta,2022
South American Games Asuncion 2022,2022-10-09,KANASHIRO Beatriz,PAREDES Nathaly,BRA,ECU,4,3,"9,11,6,11,8,11,11|11,9,11,4,11,8,6",R32,OTHER,WS,2680,Main Draw,KANASHIRO Beatriz (BRA),PAREDES Nathaly (ECU),,,4 - 3,9:11 11:9 6:11 11:4 8:11 11:8 11:6,KANASHIRO Beatriz,2022
South American Games Asuncion 2022,2022-10-09,AGUIRRE Marcelo,MONTES Santiago,PAR,COL,4,2,"9,11,11,9,11,11|11,3,5,11,4,2",R32,OTHER,MS,2680,Main Draw,AGUIRRE Marcelo (PAR),MONTES Santiago (COL),,,4 - 2,9:11 11:3 11:5 9:11 11:4 11:2,AGUIRRE Marcelo,2022
South American Games Asuncion 2022,2022-10-09,JOHNSON Elishaba,ROBALINO Neycer,ECU,GUY,4,3,"11,9,12,11,10,6,11|3,11,10,9,12,11,5",R32,OTHER,MS,2680,Main Draw,JOHNSON Elishaba (GUY),ROBALINO Neycer (ECU),,,3 - 4,3:11 11:9 10:12 9:11 12:10 11:6 5:11,ROBALINO Neycer,2022
South American Games Asuncion 2022,2022-10-09,ISHIDA Carlos,CHOCK GOMEZ Jahir,BRA,PAN,4,0,"11,11,11,11|1,4,4,6",R32,OTHER,MS,2680,Main Draw,ISHIDA Carlos (BRA),CHOCK GOMEZ Jahir (PAN),,,4 - 0,11:1 11:4 11:4 11:6,ISHIDA Carlos,2022
South American Games Asuncion 2022,2022-10-09,CIFUENTES Horacio,GONZALEZ Camilo,ARG,COL,4,0,"11,11,11,11|2,8,2,6",R32,OTHER,MS,2680,Main Draw,CIFUENTES Horacio (ARG),GONZALEZ Camilo (COL),,,4 - 0,11:2 11:8 11:2 11:6,CIFUENTES Horacio,2022
South American Games Asuncion 2022,2022-10-09,GONZALEZ Roxy,OVELAR Lucero,VEN,PAR,4,2,"8,13,11,11,8,11|11,11,5,8,11,9",R32,OTHER,WS,2680,Main Draw,GONZALEZ Roxy (VEN),OVELAR Lucero (PAR),,,4 - 2,8:11 13:11 11:5 11:8 8:11 11:9,GONZALEZ Roxy,2022
South American Games Asuncion 2022,2022-10-09,DIAZ Mariangel,DUFFOO Isabel,PER,VEN,4,3,"11,11,7,11,11,6,12|7,8,11,13,5,11,10",R32,OTHER,WS,2680,Main Draw,DIAZ Mariangel (VEN),DUFFOO Isabel (PER),,,3 - 4,7:11 8:11 11:7 13:11 5:11 11:6 10:12,DUFFOO Isabel,2022
South American Games Asuncion 2022,2022-10-09,KAIZOJI Camila,TELLEZ Cory,COL,ARG,4,1,"9,11,11,11,11|11,9,9,9,7",R32,OTHER,WS,2680,Main Draw,KAIZOJI Camila (ARG),TELLEZ Cory (COL),,,1 - 4,11:9 9:11 9:11 9:11 7:11,TELLEZ Cory,2022
South American Games Asuncion 2022,2022-10-09,CUENCA Rebeca,VEGA Paulina,CHI,PAR,4,0,"11,11,11,11|4,4,4,6",R32,OTHER,WS,2680,Main Draw,CUENCA Rebeca (PAR),VEGA Paulina (CHI),,,0 - 4,4:11 4:11 4:11 6:11,VEGA Paulina,2022
South American Games Asuncion 2022,2022-10-09,FERNANDEZ Fernando,TORANZOS Alejandro,PAR,BOL,4,0,"14,11,11,11|12,8,3,5",R32,OTHER,MS,2680,Main Draw,FERNANDEZ Fernando (BOL),TORANZOS Alejandro (PAR),,,0 - 4,12:14 8:11 3:11 5:11,TORANZOS Alejandro,2022
South American Games Asuncion 2022,2022-10-09,RIOS Carlos,MINO Alberto,ECU,VEN,4,0,"11,11,11,11|8,4,6,5",R32,OTHER,MS,2680,Main Draw,RIOS Carlos (VEN),MINO Alberto (ECU),,,0 - 4,8:11 4:11 6:11 5:11,MINO Alberto,2022
South American Games Asuncion 2022,2022-10-09,BRITTON Shemar,LEON David,GUY,PAR,4,0,"11,11,11,11|8,8,5,9",R32,OTHER,MS,2680,Main Draw,BRITTON Shemar (GUY),LEON David (PAR),,,4 - 0,11:8 11:8 11:5 11:9,BRITTON Shemar,2022
South American Games Asuncion 2022,2022-10-09,LIZARAZU Eduardo,HIDALGO Rodrigo,PER,BOL,4,0,"11,11,12,11|6,7,10,4",R32,OTHER,MS,2680,Main Draw,LIZARAZU Eduardo (BOL),HIDALGO Rodrigo (PER),,,0 - 4,6:11 7:11 10:12 4:11,HIDALGO Rodrigo,2022
South American Games Asuncion 2022,2022-10-09,DUFFOO Felipe,MINO Alberto,ECU,PER,3,1,"11,8,11,11|8,11,6,8",R16,OTHER,XD,2680,Main Draw,DUFFOO Felipe (PER),MINO Alberto (ECU),DUFFOO Isabel (PER),PAREDES Nathaly (ECU),1 - 3,8:11 11:8 6:11 8:11,MINO Alberto,2022
South American Games Asuncion 2022,2022-10-09,CIFUENTES Horacio,VANEGAS Luis,ARG,VEN,3,0,"11,11,11|6,1,3",R16,OTHER,XD,2680,Main Draw,CIFUENTES Horacio (ARG),VANEGAS Luis (VEN),ARGUELLES Camila (ARG),OBANDO Camila (VEN),3 - 0,11:6 11:1 11:3,CIFUENTES Horacio,2022
South American Games Asuncion 2022,2022-10-09,MONTES Santiago,BURGOS Nicolas,CHI,COL,3,1,"11,11,8,11|3,8,11,6",R16,OTHER,XD,2680,Main Draw,MONTES Santiago (COL),BURGOS Nicolas (CHI),CASAS Marta (COL),VEGA Paulina (CHI),1 - 3,3:11 8:11 11:8 6:11,BURGOS Nicolas,2022
South American Games Asuncion 2022,2022-10-09,FERNANDEZ Carlos,RIOFRIO Emiliano,ECU,PER,3,1,"11,7,11,11|6,11,8,8",R16,OTHER,XD,2680,Main Draw,FERNANDEZ Carlos (PER),RIOFRIO Emiliano (ECU),MALDONADO Maria (PER),ARELLANO Angelica (ECU),1 - 3,6:11 11:7 8:11 8:11,RIOFRIO Emiliano,2022
South American Games Asuncion 2022,2022-10-09,AGUIRRE Marcelo,GOMEZ Gustavo,CHI,PAR,3,1,"11,5,11,11|8,11,5,7",R16,OTHER,XD,2680,Main Draw,AGUIRRE Marcelo (PAR),GOMEZ Gustavo (CHI),OVELAR Lucero (PAR),ORTEGA Daniela (CHI),1 - 3,8:11 11:5 5:11 7:11,GOMEZ Gustavo,2022
South American Games Asuncion 2022,2022-10-09,TEODORO Guilherme,BRITTON Shemar,BRA,GUY,3,0,"11,11,11|6,6,6",R16,OTHER,XD,2680,Main Draw,TEODORO Guilherme (BRA),BRITTON Shemar (GUY),KUMAHARA Luca (BRA),EDGHILL Chelsea (GUY),3 - 0,11:6 11:6 11:6,TEODORO Guilherme,2022
South American Games Asuncion 2022,2022-10-09,LIZARAZU Eduardo,RAMOS Julian,COL,BOL,3,1,"8,13,11,11|11,11,6,6",R16,OTHER,XD,2680,Main Draw,LIZARAZU Eduardo (BOL),RAMOS Julian (COL),HERRERA Maria (BOL),ECHEVERRY Manuela (COL),1 - 3,11:8 11:13 6:11 6:11,RAMOS Julian,2022
South American Games Asuncion 2022,2022-10-09,ALTO Gaston,TURRINI Rafael,ARG,BRA,3,1,"11,11,8,11|9,8,11,4",R16,OTHER,XD,2680,Main Draw,ALTO Gaston (ARG),TURRINI Rafael (BRA),MOLERO Candela (ARG),STRASSBURGER Victoria (BRA),3 - 1,11:9 11:8 8:11 11:4,ALTO Gaston,2022
South American Games Asuncion 2022,2022-10-09,ECHEVERRY Manuela,KANASHIRO Beatriz,BRA,COL,3,0,"11,11,11|8,7,9",QF,OTHER,WD,2680,Main Draw,ECHEVERRY Manuela (COL),KANASHIRO Beatriz (BRA),TELLEZ Cory (COL),KUMAHARA Luca (BRA),0 - 3,8:11 7:11 9:11,KANASHIRO Beatriz,2022
South American Games Asuncion 2022,2022-10-09,VEGA Paulina,PAREDES Nathaly,CHI,ECU,3,1,"11,6,11,12|5,11,2,10",QF,OTHER,WD,2680,Main Draw,VEGA Paulina (CHI),PAREDES Nathaly (ECU),ORTEGA Daniela (CHI),ARELLANO Angelica (ECU),3 - 1,11:5 6:11 11:2 12:10,VEGA Paulina,2022
South American Games Asuncion 2022,2022-10-09,ARGUELLES Camila,CUMMINGS Natalie,ARG,GUY,3,0,"11,11,11|6,4,7",QF,OTHER,WD,2680,Main Draw,ARGUELLES Camila (ARG),CUMMINGS Natalie (GUY),MOLERO Candela (ARG),EDGHILL Chelsea (GUY),3 - 0,11:6 11:4 11:7,ARGUELLES Camila,2022
South American Games Asuncion 2022,2022-10-09,GONZALEZ Roxy,DUFFOO Isabel,VEN,PER,3,1,"7,11,11,11|11,7,6,6",QF,OTHER,WD,2680,Main Draw,GONZALEZ Roxy (VEN),DUFFOO Isabel (PER),OBANDO Camila (VEN),MALDONADO Maria (PER),3 - 1,7:11 11:7 11:6 11:6,GONZALEZ Roxy,2022
South American Games Asuncion 2022,2022-10-09,BRITTON Shemar,AGUIRRE Marcelo,PAR,GUY,3,1,"11,11,10,11|1,8,12,3",QF,OTHER,MD,2680,Main Draw,BRITTON Shemar (GUY),AGUIRRE Marcelo (PAR),FRANKLIN Christopher (GUY),TORANZOS Alejandro (PAR),1 - 3,1:11 8:11 12:10 3:11,AGUIRRE Marcelo,2022
South American Games Asuncion 2022,2022-10-09,MONTES Santiago,MINO Alberto,ECU,COL,3,0,"11,11,11|3,7,5",QF,OTHER,MD,2680,Main Draw,MONTES Santiago (COL),MINO Alberto (ECU),GONZALEZ Camilo (COL),RIOFRIO Emiliano (ECU),0 - 3,3:11 7:11 5:11,MINO Alberto,2022
South American Games Asuncion 2022,2022-10-09,GOMEZ Gustavo,MEDINA Raymundo,CHI,VEN,3,0,"11,11,11|4,4,5",QF,OTHER,MD,2680,Main Draw,GOMEZ Gustavo (CHI),MEDINA Raymundo (VEN),BURGOS Nicolas (CHI),VANEGAS Luis (VEN),3 - 0,11:4 11:4 11:5,GOMEZ Gustavo,2022
South American Games Asuncion 2022,2022-10-09,CIFUENTES Horacio,ISHIDA Carlos,ARG,BRA,3,2,"10,5,11,11,11|12,11,7,7,8",QF,OTHER,MD,2680,Main Draw,CIFUENTES Horacio (ARG),ISHIDA Carlos (BRA),ALTO Gaston (ARG),TEODORO Guilherme (BRA),3 - 2,10:12 5:11 11:7 11:7 11:8,CIFUENTES Horacio,2022
South American Games Asuncion 2022,2022-10-09,MINO Alberto,RAMOS Julian,ECU,COL,3,0,"11,11,11|7,5,6",QF,OTHER,XD,2680,Main Draw,MINO Alberto (ECU),RAMOS Julian (COL),PAREDES Nathaly (ECU),ECHEVERRY Manuela (COL),3 - 0,11:7 11:5 11:6,MINO Alberto,2022
South American Games Asuncion 2022,2022-10-09,TEODORO Guilherme,BURGOS Nicolas,BRA,CHI,3,1,"8,11,11,11|11,6,9,1",QF,OTHER,XD,2680,Main Draw,TEODORO Guilherme (BRA),BURGOS Nicolas (CHI),KUMAHARA Luca (BRA),VEGA Paulina (CHI),3 - 1,8:11 11:6 11:9 11:1,TEODORO Guilherme,2022
South American Games Asuncion 2022,2022-10-09,CIFUENTES Horacio,RIOFRIO Emiliano,ARG,ECU,3,0,"11,11,11|1,9,5",QF,OTHER,XD,2680,Main Draw,CIFUENTES Horacio (ARG),RIOFRIO Emiliano (ECU),ARGUELLES Camila (ARG),ARELLANO Angelica (ECU),3 - 0,11:1 11:9 11:5,CIFUENTES Horacio,2022
South American Games Asuncion 2022,2022-10-09,ALTO Gaston,GOMEZ Gustavo,CHI,ARG,3,1,"7,11,11,11|11,7,5,5",QF,OTHER,XD,2680,Main Draw,ALTO Gaston (ARG),GOMEZ Gustavo (CHI),MOLERO Candela (ARG),ORTEGA Daniela (CHI),1 - 3,11:7 7:11 5:11 5:11,GOMEZ Gustavo,2022
South American Games Asuncion 2022,2022-10-09,VEGA Paulina,KANASHIRO Beatriz,CHI,BRA,3,0,"11,11,11|5,4,5",SF,OTHER,WD,2680,Main Draw,VEGA Paulina (CHI),KANASHIRO Beatriz (BRA),ORTEGA Daniela (CHI),KUMAHARA Luca (BRA),3 - 0,11:5 11:4 11:5,VEGA Paulina,2022
South American Games Asuncion 2022,2022-10-09,ARGUELLES Camila,GONZALEZ Roxy,ARG,VEN,3,0,"11,11,11|9,7,7",SF,OTHER,WD,2680,Main Draw,ARGUELLES Camila (ARG),GONZALEZ Roxy (VEN),MOLERO Candela (ARG),OBANDO Camila (VEN),3 - 0,11:9 11:7 11:7,ARGUELLES Camila,2022
South American Games Asuncion 2022,2022-10-09,CIFUENTES Horacio,AGUIRRE Marcelo,ARG,PAR,3,0,"11,11,11|8,5,8",SF,OTHER,MD,2680,Main Draw,CIFUENTES Horacio (ARG),AGUIRRE Marcelo (PAR),ALTO Gaston (ARG),TORANZOS Alejandro (PAR),3 - 0,11:8 11:5 11:8,CIFUENTES Horacio,2022
South American Games Asuncion 2022,2022-10-09,GOMEZ Gustavo,MINO Alberto,CHI,ECU,3,2,"10,6,11,11,11|12,11,8,8,8",SF,OTHER,MD,2680,Main Draw,GOMEZ Gustavo (CHI),MINO Alberto (ECU),BURGOS Nicolas (CHI),RIOFRIO Emiliano (ECU),3 - 2,10:12 6:11 11:8 11:8 11:8,GOMEZ Gustavo,2022
South American Games Asuncion 2022,2022-10-09,CIFUENTES Horacio,TEODORO Guilherme,ARG,BRA,3,0,"11,11,11|8,2,8",SF,OTHER,XD,2680,Main Draw,CIFUENTES Horacio (ARG),TEODORO Guilherme (BRA),ARGUELLES Camila (ARG),KUMAHARA Luca (BRA),3 - 0,11:8 11:2 11:8,CIFUENTES Horacio,2022
South American Games Asuncion 2022,2022-10-09,CIFUENTES Horacio,GOMEZ Gustavo,CHI,ARG,3,0,"11,11,11|9,7,7",F,OTHER,XD,2680,Main Draw,CIFUENTES Horacio (ARG),GOMEZ Gustavo (CHI),ARGUELLES Camila (ARG),ORTEGA Daniela (CHI),0 - 3,9:11 7:11 7:11,GOMEZ Gustavo,2022
South American Games Asuncion 2022,2022-10-09,CASAS Marta,KANASHIRO Beatriz,BRA,COL,4,0,"11,12,11,11|6,10,8,6",R16,OTHER,WS,2680,Main Draw,CASAS Marta (COL),KANASHIRO Beatriz (BRA),,,0 - 4,6:11 10:12 8:11 6:11,KANASHIRO Beatriz,2022
South American Games Asuncion 2022,2022-10-09,ARELLANO Angelica,MORALES Judith,ECU,CHI,4,1,"6,14,11,11,11|11,12,6,8,9",R16,OTHER,WS,2680,Main Draw,ARELLANO Angelica (ECU),MORALES Judith (CHI),,,4 - 1,6:11 14:12 11:6 11:8 11:9,ARELLANO Angelica,2022
South American Games Asuncion 2022,2022-10-09,EDGHILL Chelsea,DUFFOO Isabel,GUY,PER,4,1,"12,11,11,6,11|10,9,8,11,7",R16,OTHER,WS,2680,Main Draw,EDGHILL Chelsea (GUY),DUFFOO Isabel (PER),,,4 - 1,12:10 11:9 11:8 6:11 11:7,EDGHILL Chelsea,2022
South American Games Asuncion 2022,2022-10-09,STRASSBURGER Victoria,OBANDO Camila,BRA,VEN,4,2,"9,11,10,13,11,11|11,9,12,11,9,7",R16,OTHER,WS,2680,Main Draw,STRASSBURGER Victoria (BRA),OBANDO Camila (VEN),,,4 - 2,9:11 11:9 10:12 13:11 11:9 11:7,STRASSBURGER Victoria,2022
South American Games Asuncion 2022,2022-10-09,KUMAHARA Luca,GOMEZ Leyla,BRA,PAR,4,0,"11,11,11,11|4,9,6,5",R16,OTHER,WS,2680,Main Draw,KUMAHARA Luca (BRA),GOMEZ Leyla (PAR),,,4 - 0,11:4 11:9 11:6 11:5,KUMAHARA Luca,2022
South American Games Asuncion 2022,2022-10-09,CUMMINGS Natalie,ORTEGA Daniela,CHI,GUY,4,0,"11,11,11,11|5,7,3,6",R16,OTHER,WS,2680,Main Draw,CUMMINGS Natalie (GUY),ORTEGA Daniela (CHI),,,0 - 4,5:11 7:11 3:11 6:11,ORTEGA Daniela,2022
South American Games Asuncion 2022,2022-10-09,TELLEZ Cory,VEGA Paulina,COL,CHI,4,3,"8,11,9,9,11,11,11|11,9,11,11,8,4,8",R16,OTHER,WS,2680,Main Draw,TELLEZ Cory (COL),VEGA Paulina (CHI),,,4 - 3,8:11 11:9 9:11 9:11 11:8 11:4 11:8,TELLEZ Cory,2022
South American Games Asuncion 2022,2022-10-09,AGUIRRE Marcelo,TEODORO Guilherme,BRA,PAR,4,3,"13,5,8,11,12,8,11|11,11,11,5,10,11,6",R16,OTHER,MS,2680,Main Draw,AGUIRRE Marcelo (PAR),TEODORO Guilherme (BRA),,,3 - 4,11:13 11:5 11:8 5:11 10:12 11:8 6:11,TEODORO Guilherme,2022
South American Games Asuncion 2022,2022-10-09,RIOFRIO Emiliano,LORENZO Santiago,ARG,ECU,4,0,"12,11,11,11|10,9,6,9",R16,OTHER,MS,2680,Main Draw,RIOFRIO Emiliano (ECU),LORENZO Santiago (ARG),,,0 - 4,10:12 9:11 6:11 9:11,LORENZO Santiago,2022
South American Games Asuncion 2022,2022-10-09,GOMEZ Gustavo,FERNANDEZ Carlos,CHI,PER,4,2,"11,11,4,8,11,13|9,9,11,11,5,11",R16,OTHER,MS,2680,Main Draw,GOMEZ Gustavo (CHI),FERNANDEZ Carlos (PER),,,4 - 2,11:9 11:9 4:11 8:11 11:5 13:11,GOMEZ Gustavo,2022
South American Games Asuncion 2022,2022-10-09,ISHIDA Carlos,TORANZOS Alejandro,BRA,PAR,4,2,"9,11,11,9,11,12|11,6,5,11,6,10",R16,OTHER,MS,2680,Main Draw,ISHIDA Carlos (BRA),TORANZOS Alejandro (PAR),,,4 - 2,9:11 11:6 11:5 9:11 11:6 12:10,ISHIDA Carlos,2022
South American Games Asuncion 2022,2022-10-09,BRITTON Shemar,MINO Alberto,ECU,GUY,4,0,"11,11,11,11|2,6,6,3",R16,OTHER,MS,2680,Main Draw,BRITTON Shemar (GUY),MINO Alberto (ECU),,,0 - 4,2:11 6:11 6:11 3:11,MINO Alberto,2022
South American Games Asuncion 2022,2022-10-09,BURGOS Nicolas,HIDALGO Rodrigo,CHI,PER,4,2,"10,11,11,11,7,11|12,9,8,3,11,8",R16,OTHER,MS,2680,Main Draw,BURGOS Nicolas (CHI),HIDALGO Rodrigo (PER),,,4 - 2,10:12 11:9 11:8 11:3 7:11 11:8,BURGOS Nicolas,2022
South American Games Asuncion 2022,2022-10-09,CIFUENTES Horacio,ROBALINO Neycer,ARG,ECU,4,0,"11,11,11,11|5,4,4,6",R16,OTHER,MS,2680,Main Draw,CIFUENTES Horacio (ARG),ROBALINO Neycer (ECU),,,4 - 0,11:5 11:4 11:4 11:6,CIFUENTES Horacio,2022
South American Games Asuncion 2022,2022-10-09,KUMAHARA Luca,ARELLANO Angelica,BRA,ECU,4,0,"11,11,11,11|5,8,5,6",QF,OTHER,WS,2680,Main Draw,KUMAHARA Luca (BRA),ARELLANO Angelica (ECU),,,4 - 0,11:5 11:8 11:5 11:6,KUMAHARA Luca,2022
South American Games Asuncion 2022,2022-10-09,STRASSBURGER Victoria,ORTEGA Daniela,CHI,BRA,4,0,"11,11,11,12|4,9,3,10",QF,OTHER,WS,2680,Main Draw,STRASSBURGER Victoria (BRA),ORTEGA Daniela (CHI),,,0 - 4,4:11 9:11 3:11 10:12,ORTEGA Daniela,2022
South American Games Asuncion 2022,2022-10-09,EDGHILL Chelsea,TELLEZ Cory,COL,GUY,4,0,"11,11,11,11|6,6,6,2",QF,OTHER,WS,2680,Main Draw,EDGHILL Chelsea (GUY),TELLEZ Cory (COL),,,0 - 4,6:11 6:11 6:11 2:11,TELLEZ Cory,2022
South American Games Asuncion 2022,2022-10-09,ARGUELLES Camila,KANASHIRO Beatriz,ARG,BRA,4,0,"11,11,11,11|4,8,8,6",QF,OTHER,WS,2680,Main Draw,ARGUELLES Camila (ARG),KANASHIRO Beatriz (BRA),,,4 - 0,11:4 11:8 11:8 11:6,ARGUELLES Camila,2022
South American Games Asuncion 2022,2022-10-09,TEODORO Guilherme,LORENZO Santiago,ARG,BRA,4,2,"6,15,8,11,11,11|11,13,11,7,1,9",QF,OTHER,MS,2680,Main Draw,TEODORO Guilherme (BRA),LORENZO Santiago (ARG),,,2 - 4,11:6 13:15 11:8 7:11 1:11 9:11,LORENZO Santiago,2022
South American Games Asuncion 2022,2022-10-09,GOMEZ Gustavo,ALTO Gaston,ARG,CHI,4,0,"11,11,11,11|9,9,9,6",QF,OTHER,MS,2680,Main Draw,GOMEZ Gustavo (CHI),ALTO Gaston (ARG),,,0 - 4,9:11 9:11 9:11 6:11,ALTO Gaston,2022
South American Games Asuncion 2022,2022-10-09,BURGOS Nicolas,MINO Alberto,CHI,ECU,4,2,"14,5,11,8,11,11|12,11,4,11,8,7",QF,OTHER,MS,2680,Main Draw,BURGOS Nicolas (CHI),MINO Alberto (ECU),,,4 - 2,14:12 5:11 11:4 8:11 11:8 11:7,BURGOS Nicolas,2022
South American Games Asuncion 2022,2022-10-09,VEGA Paulina,ARGUELLES Camila,CHI,ARG,3,0,"11,11,11|6,8,7",F,OTHER,WD,2680,Main Draw,VEGA Paulina (CHI),ARGUELLES Camila (ARG),ORTEGA Daniela (CHI),MOLERO Candela (ARG),3 - 0,11:6 11:8 11:7,VEGA Paulina,2022
South American Games Asuncion 2022,2022-10-09,CIFUENTES Horacio,GOMEZ Gustavo,ARG,CHI,3,0,"11,11,11|7,6,8",F,OTHER,MD,2680,Main Draw,CIFUENTES Horacio (ARG),GOMEZ Gustavo (CHI),ALTO Gaston (ARG),BURGOS Nicolas (CHI),3 - 0,11:7 11:6 11:8,CIFUENTES Horacio,2022
South American Games Asuncion 2022,2022-10-09,KUMAHARA Luca,ORTEGA Daniela,BRA,CHI,4,2,"12,13,12,11,12,11|14,11,14,7,10,4",SF,OTHER,WS,2680,Main Draw,KUMAHARA Luca (BRA),ORTEGA Daniela (CHI),,,4 - 2,12:14 13:11 12:14 11:7 12:10 11:4,KUMAHARA Luca,2022
South American Games Asuncion 2022,2022-10-09,ARGUELLES Camila,TELLEZ Cory,ARG,COL,4,3,"11,4,11,4,11,8,11|3,11,4,11,3,11,7",SF,OTHER,WS,2680,Main Draw,ARGUELLES Camila (ARG),TELLEZ Cory (COL),,,4 - 3,11:3 4:11 11:4 4:11 11:3 8:11 11:7,ARGUELLES Camila,2022
South American Games Asuncion 2022,2022-10-09,CIFUENTES Horacio,BURGOS Nicolas,ARG,CHI,4,3,"11,4,12,4,9,11,11|6,11,10,11,11,4,9",SF,OTHER,MS,2680,Main Draw,CIFUENTES Horacio (ARG),BURGOS Nicolas (CHI),,,4 - 3,11:6 4:11 12:10 4:11 9:11 11:4 11:9,CIFUENTES Horacio,2022
South American Games Asuncion 2022,2022-10-09,LORENZO Santiago,ALTO Gaston,ARG,ARG,4,1,"18,11,12,8,11|16,6,10,11,5",SF,OTHER,MS,2680,Main Draw,LORENZO Santiago (ARG),ALTO Gaston (ARG),,,4 - 1,18:16 11:6 12:10 8:11 11:5,LORENZO Santiago,2022
South American Games Asuncion 2022,2022-10-09,KUMAHARA Luca,ARGUELLES Camila,BRA,ARG,4,1,"11,11,11,6,13|8,7,8,11,11",F,OTHER,WS,2680,Main Draw,KUMAHARA Luca (BRA),ARGUELLES Camila (ARG),,,4 - 1,11:8 11:7 11:8 6:11 13:11,KUMAHARA Luca,2022
South American Games Asuncion 2022,2022-10-09,LORENZO Santiago,CIFUENTES Horacio,ARG,ARG,4,1,"11,9,12,11,11|9,11,10,8,9",F,OTHER,MS,2680,Main Draw,LORENZO Santiago (ARG),CIFUENTES Horacio (ARG),,,4 - 1,11:9 9:11 12:10 11:8 11:9,LORENZO Santiago,2022
South American Games Asuncion 2022,2022-10-09,MUTTI Cielo,MOLERO Candela,ARG,PAR,3,0,"11,11,13|2,7,11",QUAL,OTHER,WT,2680,Qualification,MUTTI Cielo (PAR),MOLERO Candela (ARG),GOMEZ Leyla (PAR),ARGUELLES Camila (ARG),0 - 3,2:11 7:11 11:13,MOLERO Candela,2022
South American Games Asuncion 2022,2022-10-09,OVELAR Lucero,KAIZOJI Camila,ARG,PAR,3,1,"11,6,11,11|9,11,8,9",QUAL,OTHER,WT,2680,Qualification,OVELAR Lucero (PAR),KAIZOJI Camila (ARG),,,1 - 3,9:11 11:6 8:11 9:11,KAIZOJI Camila,2022
South American Games Asuncion 2022,2022-10-09,GOMEZ Leyla,ARGUELLES Camila,ARG,PAR,3,1,"11,11,8,11|7,9,11,5",QUAL,OTHER,WT,2680,Qualification,GOMEZ Leyla (PAR),ARGUELLES Camila (ARG),,,1 - 3,7:11 9:11 11:8 5:11,ARGUELLES Camila,2022
South American Games Asuncion 2022,2022-10-09,RUBIO Anie,MORALES Judith,CHI,ECU,3,0,"11,11,11|3,7,9",QUAL,OTHER,WT,2680,Qualification,RUBIO Anie (ECU),MORALES Judith (CHI),ARELLANO Angelica (ECU),VEGA Paulina (CHI),0 - 3,3:11 7:11 9:11,MORALES Judith,2022
South American Games Asuncion 2022,2022-10-09,PAREDES Nathaly,ORTEGA Daniela,CHI,ECU,3,1,"12,7,11,11|10,11,9,9",QUAL,OTHER,WT,2680,Qualification,PAREDES Nathaly (ECU),ORTEGA Daniela (CHI),,,1 - 3,10:12 11:7 9:11 9:11,ORTEGA Daniela,2022
South American Games Asuncion 2022,2022-10-09,ARELLANO Angelica,VEGA Paulina,CHI,ECU,3,1,"10,11,11,11|12,5,4,8",QUAL,OTHER,WT,2680,Qualification,ARELLANO Angelica (ECU),VEGA Paulina (CHI),,,1 - 3,12:10 5:11 4:11 8:11,VEGA Paulina,2022
South American Games Asuncion 2022,2022-10-09,KANASHIRO Beatriz,GONZALEZ Roxy,VEN,BRA,3,0,"11,11,12|8,9,10",QUAL,OTHER,WT,2680,Qualification,KANASHIRO Beatriz (BRA),GONZALEZ Roxy (VEN),STRASSBURGER Victoria (BRA),OBANDO Camila (VEN),0 - 3,8:11 9:11 10:12,GONZALEZ Roxy,2022
South American Games Asuncion 2022,2022-10-09,KUMAHARA Luca,DIAZ Mariangel,BRA,VEN,3,0,"11,11,11|5,3,8",QUAL,OTHER,WT,2680,Qualification,KUMAHARA Luca (BRA),DIAZ Mariangel (VEN),,,3 - 0,11:5 11:3 11:8,KUMAHARA Luca,2022
South American Games Asuncion 2022,2022-10-09,STRASSBURGER Victoria,OBANDO Camila,VEN,BRA,3,1,"11,11,11,11|13,5,6,4",QUAL,OTHER,WT,2680,Qualification,STRASSBURGER Victoria (BRA),OBANDO Camila (VEN),,,1 - 3,13:11 5:11 6:11 4:11,OBANDO Camila,2022
South American Games Asuncion 2022,2022-10-09,KUMAHARA Luca,GONZALEZ Roxy,BRA,VEN,3,0,"11,11,11|7,7,5",QUAL,OTHER,WT,2680,Qualification,KUMAHARA Luca (BRA),GONZALEZ Roxy (VEN),,,3 - 0,11:7 11:7 11:5,KUMAHARA Luca,2022
South American Games Asuncion 2022,2022-10-09,KANASHIRO Beatriz,DIAZ Mariangel,VEN,BRA,3,0,"13,11,11|11,7,8",QUAL,OTHER,WT,2680,Qualification,KANASHIRO Beatriz (BRA),DIAZ Mariangel (VEN),,,0 - 3,11:13 7:11 8:11,DIAZ Mariangel,2022
South American Games Asuncion 2022,2022-10-09,ECHEVERRY Manuela,HERRERA Maria,COL,BOL,3,0,"11,11,11|3,5,8",QUAL,OTHER,WT,2680,Qualification,ECHEVERRY Manuela (COL),HERRERA Maria (BOL),CASAS Marta (COL),TERRAZAS Andrea (BOL),3 - 0,11:3 11:5 11:8,ECHEVERRY Manuela,2022
South American Games Asuncion 2022,2022-10-09,TELLEZ Cory,VEDIA Carolina,COL,BOL,3,1,"11,11,9,11|6,3,11,3",QUAL,OTHER,WT,2680,Qualification,TELLEZ Cory (COL),VEDIA Carolina (BOL),,,3 - 1,11:6 11:3 9:11 11:3,TELLEZ Cory,2022
South American Games Asuncion 2022,2022-10-09,LIZARAZU Eduardo,OSORIO Santiago,BOL,PAR,3,1,"11,8,13,12|7,11,11,10",QUAL,OTHER,MT,2680,Qualification,LIZARAZU Eduardo (BOL),OSORIO Santiago (PAR),,,3 - 1,11:7 8:11 13:11 12:10,LIZARAZU Eduardo,2022
South American Games Asuncion 2022,2022-10-09,AVILA Diego,AGUIRRE Marcelo,PAR,BOL,3,0,"11,11,11|7,5,3",QUAL,OTHER,MT,2680,Qualification,AVILA Diego (BOL),AGUIRRE Marcelo (PAR),,,0 - 3,7:11 5:11 3:11,AGUIRRE Marcelo,2022
South American Games Asuncion 2022,2022-10-09,LIZARAZU Eduardo,TORANZOS Alejandro,PAR,BOL,3,0,"11,11,11|4,7,9",QUAL,OTHER,MT,2680,Qualification,LIZARAZU Eduardo (BOL),TORANZOS Alejandro (PAR),,,0 - 3,4:11 7:11 9:11,TORANZOS Alejandro,2022
South American Games Asuncion 2022,2022-10-09,GONZALEZ Camilo,TURRINI Rafael,BRA,COL,3,0,"11,12,13|5,10,11",QUAL,OTHER,MT,2680,Qualification,GONZALEZ Camilo (COL),TURRINI Rafael (BRA),MONTES Santiago (COL),ISHIDA Carlos (BRA),0 - 3,5:11 10:12 11:13,TURRINI Rafael,2022
South American Games Asuncion 2022,2022-10-09,RAMOS Julian,TEODORO Guilherme,BRA,COL,3,0,"11,13,11|6,11,7",QUAL,OTHER,MT,2680,Qualification,RAMOS Julian (COL),TEODORO Guilherme (BRA),,,0 - 3,6:11 11:13 7:11,TEODORO Guilherme,2022
South American Games Asuncion 2022,2022-10-09,MONTES Santiago,ISHIDA Carlos,BRA,COL,3,0,"11,11,11|4,6,5",QUAL,OTHER,MT,2680,Qualification,MONTES Santiago (COL),ISHIDA Carlos (BRA),,,0 - 3,4:11 6:11 5:11,ISHIDA Carlos,2022
South American Games Asuncion 2022,2022-10-09,OLAVE Alfonso,VANEGAS Luis,CHI,VEN,3,1,"4,11,14,11|11,6,12,7",QUAL,OTHER,MT,2680,Qualification,OLAVE Alfonso (CHI),VANEGAS Luis (VEN),,,3 - 1,4:11 11:6 14:12 11:7,OLAVE Alfonso,2022
South American Games Asuncion 2022,2022-10-09,BURGOS Nicolas,RIOS Carlos,CHI,VEN,3,1,"9,11,11,11|11,8,5,6",QUAL,OTHER,MT,2680,Qualification,BURGOS Nicolas (CHI),RIOS Carlos (VEN),,,3 - 1,9:11 11:8 11:5 11:6,BURGOS Nicolas,2022
South American Games Asuncion 2022,2022-10-09,FRANKLIN Christopher,CIFUENTES Horacio,ARG,GUY,3,0,"11,11,11|4,3,3",QUAL,OTHER,MT,2680,Qualification,FRANKLIN Christopher (GUY),CIFUENTES Horacio (ARG),JOHNSON Elishaba (GUY),ALTO Gaston (ARG),0 - 3,4:11 3:11 3:11,CIFUENTES Horacio,2022
South American Games Asuncion 2022,2022-10-09,BRITTON Shemar,LORENZO Santiago,ARG,GUY,3,0,"11,11,11|7,8,6",QUAL,OTHER,MT,2680,Qualification,BRITTON Shemar (GUY),LORENZO Santiago (ARG),,,0 - 3,7:11 8:11 6:11,LORENZO Santiago,2022
South American Games Asuncion 2022,2022-10-09,JOHNSON Elishaba,ALTO Gaston,ARG,GUY,3,0,"11,11,11|3,8,3",QUAL,OTHER,MT,2680,Qualification,JOHNSON Elishaba (GUY),ALTO Gaston (ARG),,,0 - 3,3:11 8:11 3:11,ALTO Gaston,2022
South American Games Asuncion 2022,2022-10-09,KANASHIRO Beatriz,MALDONADO Maria,BRA,PER,3,1,"4,12,11,13|11,10,8,11",QUAL,OTHER,WT,2680,Qualification,KANASHIRO Beatriz (BRA),MALDONADO Maria (PER),STRASSBURGER Victoria (BRA),DUFFOO Isabel (PER),3 - 1,4:11 12:10 11:8 13:11,KANASHIRO Beatriz,2022
South American Games Asuncion 2022,2022-10-09,KUMAHARA Luca,PRIETO Alejandra,BRA,PER,3,0,"11,11,11|6,4,5",QUAL,OTHER,WT,2680,Qualification,KUMAHARA Luca (BRA),PRIETO Alejandra (PER),,,3 - 0,11:6 11:4 11:5,KUMAHARA Luca,2022
South American Games Asuncion 2022,2022-10-09,STRASSBURGER Victoria,DUFFOO Isabel,BRA,PER,3,0,"11,11,11|9,7,9",QUAL,OTHER,WT,2680,Qualification,STRASSBURGER Victoria (BRA),DUFFOO Isabel (PER),,,3 - 0,11:9 11:7 11:9,STRASSBURGER Victoria,2022
South American Games Asuncion 2022,2022-10-09,EDGHILL Chelsea,ORTEGA Daniela,CHI,GUY,3,0,"11,11,11|5,5,4",QUAL,OTHER,WT,2680,Qualification,EDGHILL Chelsea (GUY),ORTEGA Daniela (CHI),CUMMINGS Natalie (GUY),VEGA Paulina (CHI),0 - 3,5:11 5:11 4:11,ORTEGA Daniela,2022
South American Games Asuncion 2022,2022-10-09,GREAVES Priscilla,MORALES Judith,CHI,GUY,3,0,"11,11,11|1,6,6",QUAL,OTHER,WT,2680,Qualification,GREAVES Priscilla (GUY),MORALES Judith (CHI),,,0 - 3,1:11 6:11 6:11,MORALES Judith,2022
South American Games Asuncion 2022,2022-10-09,CUMMINGS Natalie,VEGA Paulina,CHI,GUY,3,0,"11,11,12|4,7,10",QUAL,OTHER,WT,2680,Qualification,CUMMINGS Natalie (GUY),VEGA Paulina (CHI),,,0 - 3,4:11 7:11 10:12,VEGA Paulina,2022
South American Games Asuncion 2022,2022-10-09,ECHEVERRY Manuela,ARGUELLES Camila,ARG,COL,3,0,"11,11,11|9,4,6",QUAL,OTHER,WT,2680,Qualification,ECHEVERRY Manuela (COL),ARGUELLES Camila (ARG),TELLEZ Cory (COL),MOLERO Candela (ARG),0 - 3,9:11 4:11 6:11,ARGUELLES Camila,2022
South American Games Asuncion 2022,2022-10-09,CASAS Marta,KAIZOJI Camila,ARG,COL,3,1,"11,7,11,11|6,11,9,9",QUAL,OTHER,WT,2680,Qualification,CASAS Marta (COL),KAIZOJI Camila (ARG),,,1 - 3,6:11 11:7 9:11 9:11,KAIZOJI Camila,2022
South American Games Asuncion 2022,2022-10-09,TELLEZ Cory,MOLERO Candela,ARG,COL,3,0,"11,11,11|8,6,5",QUAL,OTHER,WT,2680,Qualification,TELLEZ Cory (COL),MOLERO Candela (ARG),,,0 - 3,8:11 6:11 5:11,MOLERO Candela,2022
South American Games Asuncion 2022,2022-10-09,HERRERA Maria,OVELAR Lucero,PAR,BOL,3,0,"11,11,11|5,6,5",QUAL,OTHER,WT,2680,Qualification,HERRERA Maria (BOL),OVELAR Lucero (PAR),VEDIA Carolina (BOL),GOMEZ Leyla (PAR),0 - 3,5:11 6:11 5:11,OVELAR Lucero,2022
South American Games Asuncion 2022,2022-10-09,TERRAZAS Andrea,MUTTI Cielo,PAR,BOL,3,1,"11,11,12,11|5,7,14,8",QUAL,OTHER,WT,2680,Qualification,TERRAZAS Andrea (BOL),MUTTI Cielo (PAR),,,1 - 3,5:11 7:11 14:12 8:11,MUTTI Cielo,2022
South American Games Asuncion 2022,2022-10-09,VEDIA Carolina,GOMEZ Leyla,PAR,BOL,3,0,"11,11,11|9,5,5",QUAL,OTHER,WT,2680,Qualification,VEDIA Carolina (BOL),GOMEZ Leyla (PAR),,,0 - 3,9:11 5:11 5:11,GOMEZ Leyla,2022
South American Games Asuncion 2022,2022-10-09,FERNANDEZ Carlos,TURRINI Rafael,BRA,PER,3,2,"11,9,4,11,12|8,11,11,9,10",QUAL,OTHER,MT,2680,Qualification,FERNANDEZ Carlos (PER),TURRINI Rafael (BRA),DUFFOO Felipe (PER),TEODORO Guilherme (BRA),2 - 3,8:11 11:9 11:4 9:11 10:12,TURRINI Rafael,2022
South American Games Asuncion 2022,2022-10-09,HIDALGO Rodrigo,ISHIDA Carlos,BRA,PER,3,2,"13,9,8,11,11|11,11,11,7,2",QUAL,OTHER,MT,2680,Qualification,HIDALGO Rodrigo (PER),ISHIDA Carlos (BRA),,,2 - 3,11:13 11:9 11:8 7:11 2:11,ISHIDA Carlos,2022
South American Games Asuncion 2022,2022-10-09,DUFFOO Felipe,TEODORO Guilherme,BRA,PER,3,0,"11,12,11|9,10,5",QUAL,OTHER,MT,2680,Qualification,DUFFOO Felipe (PER),TEODORO Guilherme (BRA),,,0 - 3,9:11 10:12 5:11,TEODORO Guilherme,2022
South American Games Asuncion 2022,2022-10-09,ROBALINO Neycer,ALTO Gaston,ARG,ECU,3,0,"11,14,11|4,12,5",QUAL,OTHER,MT,2680,Qualification,ROBALINO Neycer (ECU),ALTO Gaston (ARG),RIOFRIO Emiliano (ECU),CIFUENTES Horacio (ARG),0 - 3,4:11 12:14 5:11,ALTO Gaston,2022
South American Games Asuncion 2022,2022-10-09,MINO Alberto,LORENZO Santiago,ARG,ECU,3,2,"11,11,6,7,11|7,8,11,11,9",QUAL,OTHER,MT,2680,Qualification,MINO Alberto (ECU),LORENZO Santiago (ARG),,,2 - 3,7:11 8:11 11:6 11:7 9:11,LORENZO Santiago,2022
South American Games Asuncion 2022,2022-10-09,OSORIO Santiago,GOMEZ Gustavo,CHI,PAR,3,0,"11,11,11|9,3,6",QUAL,OTHER,MT,2680,Qualification,OSORIO Santiago (PAR),GOMEZ Gustavo (CHI),TORANZOS Alejandro (PAR),BURGOS Nicolas (CHI),0 - 3,9:11 3:11 6:11,GOMEZ Gustavo,2022
South American Games Asuncion 2022,2022-10-09,AGUIRRE Marcelo,OLAVE Alfonso,PAR,CHI,3,0,"11,11,11|5,5,7",QUAL,OTHER,MT,2680,Qualification,AGUIRRE Marcelo (PAR),OLAVE Alfonso (CHI),,,3 - 0,11:5 11:5 11:7,AGUIRRE Marcelo,2022
South American Games Asuncion 2022,2022-10-09,TORANZOS Alejandro,BURGOS Nicolas,CHI,PAR,3,2,"11,11,5,8,11|9,3,11,11,7",QUAL,OTHER,MT,2680,Qualification,TORANZOS Alejandro (PAR),BURGOS Nicolas (CHI),,,2 - 3,9:11 3:11 11:5 11:8 7:11,BURGOS Nicolas,2022
South American Games Asuncion 2022,2022-10-09,AGUIRRE Marcelo,GOMEZ Gustavo,PAR,CHI,3,0,"11,11,11|5,6,3",QUAL,OTHER,MT,2680,Qualification,AGUIRRE Marcelo (PAR),GOMEZ Gustavo (CHI),,,3 - 0,11:5 11:6 11:3,AGUIRRE Marcelo,2022
South American Games Asuncion 2022,2022-10-09,OSORIO Santiago,OLAVE Alfonso,CHI,PAR,3,0,"11,11,11|4,5,7",QUAL,OTHER,MT,2680,Qualification,OSORIO Santiago (PAR),OLAVE Alfonso (CHI),,,0 - 3,4:11 5:11 7:11,OLAVE Alfonso,2022
South American Games Asuncion 2022,2022-10-09,MEDINA Raymundo,AVILA Diego,VEN,BOL,3,0,"11,11,11|4,9,8",QUAL,OTHER,MT,2680,Qualification,MEDINA Raymundo (VEN),AVILA Diego (BOL),VANEGAS Luis (VEN),LIZARAZU Eduardo (BOL),3 - 0,11:4 11:9 11:8,MEDINA Raymundo,2022
South American Games Asuncion 2022,2022-10-09,RIOS Carlos,FERNANDEZ Fernando,VEN,BOL,3,0,"11,11,12|5,3,10",QUAL,OTHER,MT,2680,Qualification,RIOS Carlos (VEN),FERNANDEZ Fernando (BOL),,,3 - 0,11:5 11:3 12:10,RIOS Carlos,2022
South American Games Asuncion 2022,2022-10-09,VANEGAS Luis,LIZARAZU Eduardo,VEN,BOL,3,0,"11,11,11|9,4,6",QUAL,OTHER,MT,2680,Qualification,VANEGAS Luis (VEN),LIZARAZU Eduardo (BOL),,,3 - 0,11:9 11:4 11:6,VANEGAS Luis,2022
South American Games Asuncion 2022,2022-10-09,CASAS Marta,MUTTI Cielo,COL,PAR,3,0,"11,11,11|7,6,3",QUAL,OTHER,WT,2680,Qualification,CASAS Marta (COL),MUTTI Cielo (PAR),,,3 - 0,11:7 11:6 11:3,CASAS Marta,2022
South American Games Asuncion 2022,2022-10-09,TELLEZ Cory,OVELAR Lucero,PAR,COL,3,2,"6,11,12,6,14|11,2,10,11,12",QUAL,OTHER,WT,2680,Qualification,TELLEZ Cory (COL),OVELAR Lucero (PAR),,,2 - 3,11:6 2:11 10:12 11:6 12:14,OVELAR Lucero,2022
South American Games Asuncion 2022,2022-10-09,CASAS Marta,GOMEZ Leyla,PAR,COL,3,2,"11,11,5,11,12|4,5,11,13,10",QUAL,OTHER,WT,2680,Qualification,CASAS Marta (COL),GOMEZ Leyla (PAR),,,2 - 3,4:11 5:11 11:5 13:11 10:12,GOMEZ Leyla,2022
South American Games Asuncion 2022,2022-10-09,GONZALEZ Roxy,MALDONADO Maria,VEN,PER,3,0,"11,11,11|9,2,8",QUAL,OTHER,WT,2680,Qualification,GONZALEZ Roxy (VEN),MALDONADO Maria (PER),OBANDO Camila (VEN),DUFFOO Isabel (PER),3 - 0,11:9 11:2 11:8,GONZALEZ Roxy,2022
South American Games Asuncion 2022,2022-10-09,DIAZ Mariangel,PRIETO Alejandra,VEN,PER,3,0,"11,11,11|3,9,5",QUAL,OTHER,WT,2680,Qualification,DIAZ Mariangel (VEN),PRIETO Alejandra (PER),,,3 - 0,11:3 11:9 11:5,DIAZ Mariangel,2022
South American Games Asuncion 2022,2022-10-09,OBANDO Camila,DUFFOO Isabel,VEN,PER,3,2,"13,11,11,10,11|15,7,9,12,5",QUAL,OTHER,WT,2680,Qualification,OBANDO Camila (VEN),DUFFOO Isabel (PER),,,3 - 2,13:15 11:7 11:9 10:12 11:5,OBANDO Camila,2022
South American Games Asuncion 2022,2022-10-09,ARGUELLES Camila,TERRAZAS Andrea,ARG,BOL,3,0,"11,11,11|9,7,3",QUAL,OTHER,WT,2680,Qualification,ARGUELLES Camila (ARG),TERRAZAS Andrea (BOL),MOLERO Candela (ARG),VEDIA Carolina (BOL),3 - 0,11:9 11:7 11:3,ARGUELLES Camila,2022
South American Games Asuncion 2022,2022-10-09,KAIZOJI Camila,HERRERA Maria,ARG,BOL,3,1,"11,11,9,11|3,2,11,3",QUAL,OTHER,WT,2680,Qualification,KAIZOJI Camila (ARG),HERRERA Maria (BOL),,,3 - 1,11:3 11:2 9:11 11:3,KAIZOJI Camila,2022
South American Games Asuncion 2022,2022-10-09,MOLERO Candela,VEDIA Carolina,ARG,BOL,3,0,"11,13,11|4,11,2",QUAL,OTHER,WT,2680,Qualification,MOLERO Candela (ARG),VEDIA Carolina (BOL),,,3 - 0,11:4 13:11 11:2,MOLERO Candela,2022
South American Games Asuncion 2022,2022-10-09,RUBIO Anie,CUMMINGS Natalie,ECU,GUY,3,1,"12,11,8,11|10,5,11,9",QUAL,OTHER,WT,2680,Qualification,RUBIO Anie (ECU),CUMMINGS Natalie (GUY),ARELLANO Angelica (ECU),EDGHILL Chelsea (GUY),3 - 1,12:10 11:5 8:11 11:9,RUBIO Anie,2022
South American Games Asuncion 2022,2022-10-09,PAREDES Nathaly,GREAVES Priscilla,ECU,GUY,3,0,"11,11,11|8,6,7",QUAL,OTHER,WT,2680,Qualification,PAREDES Nathaly (ECU),GREAVES Priscilla (GUY),,,3 - 0,11:8 11:6 11:7,PAREDES Nathaly,2022
South American Games Asuncion 2022,2022-10-09,ARELLANO Angelica,EDGHILL Chelsea,ECU,GUY,3,1,"6,11,11,11|11,6,6,8",QUAL,OTHER,WT,2680,Qualification,ARELLANO Angelica (ECU),EDGHILL Chelsea (GUY),,,3 - 1,6:11 11:6 11:6 11:8,ARELLANO Angelica,2022
South American Games Asuncion 2022,2022-10-09,OSORIO Santiago,VANEGAS Luis,VEN,PAR,3,1,"5,11,11,11|11,6,3,9",QUAL,OTHER,MT,2680,Qualification,OSORIO Santiago (PAR),VANEGAS Luis (VEN),TORANZOS Alejandro (PAR),MEDINA Raymundo (VEN),1 - 3,11:5 6:11 3:11 9:11,VANEGAS Luis,2022
South American Games Asuncion 2022,2022-10-09,AGUIRRE Marcelo,RIOS Carlos,PAR,VEN,3,0,"11,11,11|8,8,8",QUAL,OTHER,MT,2680,Qualification,AGUIRRE Marcelo (PAR),RIOS Carlos (VEN),,,3 - 0,11:8 11:8 11:8,AGUIRRE Marcelo,2022
South American Games Asuncion 2022,2022-10-09,TORANZOS Alejandro,MEDINA Raymundo,PAR,VEN,3,0,"11,11,11|3,5,9",QUAL,OTHER,MT,2680,Qualification,TORANZOS Alejandro (PAR),MEDINA Raymundo (VEN),,,3 - 0,11:3 11:5 11:9,TORANZOS Alejandro,2022
South American Games Asuncion 2022,2022-10-09,AGUIRRE Marcelo,VANEGAS Luis,PAR,VEN,3,0,"11,11,11|4,7,8",QUAL,OTHER,MT,2680,Qualification,AGUIRRE Marcelo (PAR),VANEGAS Luis (VEN),,,3 - 0,11:4 11:7 11:8,AGUIRRE Marcelo,2022
South American Games Asuncion 2022,2022-10-09,FERNANDEZ Carlos,MONTES Santiago,PER,COL,3,0,"11,11,11|7,8,6",QUAL,OTHER,MT,2680,Qualification,FERNANDEZ Carlos (PER),MONTES Santiago (COL),DUFFOO Felipe (PER),GONZALEZ Camilo (COL),3 - 0,11:7 11:8 11:6,FERNANDEZ Carlos,2022
South American Games Asuncion 2022,2022-10-09,HIDALGO Rodrigo,RAMOS Julian,COL,PER,3,2,"7,11,7,11,11|11,9,11,6,6",QUAL,OTHER,MT,2680,Qualification,HIDALGO Rodrigo (PER),RAMOS Julian (COL),,,2 - 3,11:7 9:11 11:7 6:11 6:11,RAMOS Julian,2022
South American Games Asuncion 2022,2022-10-09,DUFFOO Felipe,GONZALEZ Camilo,PER,COL,3,1,"4,11,11,14|11,4,5,12",QUAL,OTHER,MT,2680,Qualification,DUFFOO Felipe (PER),GONZALEZ Camilo (COL),,,3 - 1,4:11 11:4 11:5 14:12,DUFFOO Felipe,2022
South American Games Asuncion 2022,2022-10-09,HIDALGO Rodrigo,MONTES Santiago,PER,COL,3,2,"6,7,11,11,11|11,11,7,6,1",QUAL,OTHER,MT,2680,Qualification,HIDALGO Rodrigo (PER),MONTES Santiago (COL),,,3 - 2,6:11 7:11 11:7 11:6 11:1,HIDALGO Rodrigo,2022
South American Games Asuncion 2022,2022-10-09,LIZARAZU Eduardo,BURGOS Nicolas,CHI,BOL,3,0,"11,11,11|6,5,3",QUAL,OTHER,MT,2680,Qualification,LIZARAZU Eduardo (BOL),BURGOS Nicolas (CHI),FERNANDEZ Fernando (BOL),GOMEZ Gustavo (CHI),0 - 3,6:11 5:11 3:11,BURGOS Nicolas,2022
South American Games Asuncion 2022,2022-10-09,AVILA Diego,OLAVE Alfonso,CHI,BOL,3,0,"11,11,11|4,8,4",QUAL,OTHER,MT,2680,Qualification,AVILA Diego (BOL),OLAVE Alfonso (CHI),,,0 - 3,4:11 8:11 4:11,OLAVE Alfonso,2022
South American Games Asuncion 2022,2022-10-09,FERNANDEZ Fernando,GOMEZ Gustavo,CHI,BOL,3,0,"11,11,11|1,2,5",QUAL,OTHER,MT,2680,Qualification,FERNANDEZ Fernando (BOL),GOMEZ Gustavo (CHI),,,0 - 3,1:11 2:11 5:11,GOMEZ Gustavo,2022
South American Games Asuncion 2022,2022-10-09,FRANKLIN Christopher,ROBALINO Neycer,ECU,GUY,3,0,"11,11,11|6,7,6",QUAL,OTHER,MT,2680,Qualification,FRANKLIN Christopher (GUY),ROBALINO Neycer (ECU),BRITTON Shemar (GUY),RIOFRIO Emiliano (ECU),0 - 3,6:11 7:11 6:11,ROBALINO Neycer,2022
South American Games Asuncion 2022,2022-10-09,JOHNSON Elishaba,MINO Alberto,ECU,GUY,3,0,"11,11,11|2,5,3",QUAL,OTHER,MT,2680,Qualification,JOHNSON Elishaba (GUY),MINO Alberto (ECU),,,0 - 3,2:11 5:11 3:11,MINO Alberto,2022
South American Games Asuncion 2022,2022-10-09,BRITTON Shemar,RIOFRIO Emiliano,ECU,GUY,3,0,"11,11,11|6,5,4",QUAL,OTHER,MT,2680,Qualification,BRITTON Shemar (GUY),RIOFRIO Emiliano (ECU),,,0 - 3,6:11 5:11 4:11,RIOFRIO Emiliano,2022
South American Games Asuncion 2022,2022-10-09,KANASHIRO Beatriz,GOMEZ Leyla,PAR,BRA,3,1,"8,11,11,11|11,9,3,3",QF,OTHER,WT,2680,Main Draw,KANASHIRO Beatriz (BRA),GOMEZ Leyla (PAR),STRASSBURGER Victoria (BRA),OVELAR Lucero (PAR),1 - 3,11:8 9:11 3:11 3:11,GOMEZ Leyla,2022
South American Games Asuncion 2022,2022-10-09,KUMAHARA Luca,MUTTI Cielo,BRA,PAR,3,0,"11,11,11|4,2,5",QF,OTHER,WT,2680,Main Draw,KUMAHARA Luca (BRA),MUTTI Cielo (PAR),,,3 - 0,11:4 11:2 11:5,KUMAHARA Luca,2022
South American Games Asuncion 2022,2022-10-09,STRASSBURGER Victoria,OVELAR Lucero,PAR,BRA,3,2,"7,11,9,11,11|11,3,11,5,9",QF,OTHER,WT,2680,Main Draw,STRASSBURGER Victoria (BRA),OVELAR Lucero (PAR),,,2 - 3,11:7 3:11 11:9 5:11 9:11,OVELAR Lucero,2022
South American Games Asuncion 2022,2022-10-09,KANASHIRO Beatriz,MUTTI Cielo,BRA,PAR,3,1,"7,11,11,11|11,5,3,4",QF,OTHER,WT,2680,Main Draw,KANASHIRO Beatriz (BRA),MUTTI Cielo (PAR),,,3 - 1,7:11 11:5 11:3 11:4,KANASHIRO Beatriz,2022
South American Games Asuncion 2022,2022-10-09,RUBIO Anie,ARGUELLES Camila,ARG,ECU,3,1,"8,11,11,11|11,1,4,5",QF,OTHER,WT,2680,Main Draw,RUBIO Anie (ECU),ARGUELLES Camila (ARG),ARELLANO Angelica (ECU),MOLERO Candela (ARG),1 - 3,11:8 1:11 4:11 5:11,ARGUELLES Camila,2022
South American Games Asuncion 2022,2022-10-09,PAREDES Nathaly,KAIZOJI Camila,ECU,ARG,3,1,"11,8,11,11|7,11,8,6",QF,OTHER,WT,2680,Main Draw,PAREDES Nathaly (ECU),KAIZOJI Camila (ARG),,,3 - 1,11:7 8:11 11:8 11:6,PAREDES Nathaly,2022
South American Games Asuncion 2022,2022-10-09,ARELLANO Angelica,MOLERO Candela,ARG,ECU,3,1,"7,11,11,11|11,7,9,9",QF,OTHER,WT,2680,Main Draw,ARELLANO Angelica (ECU),MOLERO Candela (ARG),,,1 - 3,11:7 7:11 9:11 9:11,MOLERO Candela,2022
South American Games Asuncion 2022,2022-10-09,PAREDES Nathaly,ARGUELLES Camila,ARG,ECU,3,0,"11,11,13|6,4,11",QF,OTHER,WT,2680,Main Draw,PAREDES Nathaly (ECU),ARGUELLES Camila (ARG),,,0 - 3,6:11 4:11 11:13,ARGUELLES Camila,2022
South American Games Asuncion 2022,2022-10-09,RIOFRIO Emiliano,TORANZOS Alejandro,PAR,ECU,3,1,"12,10,11,11|10,12,4,4",QF,OTHER,MT,2680,Main Draw,RIOFRIO Emiliano (ECU),TORANZOS Alejandro (PAR),ROBALINO Neycer (ECU),AGUIRRE Marcelo (PAR),1 - 3,10:12 12:10 4:11 4:11,TORANZOS Alejandro,2022
South American Games Asuncion 2022,2022-10-09,MINO Alberto,OSORIO Santiago,ECU,PAR,3,0,"11,11,11|1,4,4",QF,OTHER,MT,2680,Main Draw,MINO Alberto (ECU),OSORIO Santiago (PAR),,,3 - 0,11:1 11:4 11:4,MINO Alberto,2022
South American Games Asuncion 2022,2022-10-09,ROBALINO Neycer,AGUIRRE Marcelo,PAR,ECU,3,1,"11,11,8,11|9,7,11,2",QF,OTHER,MT,2680,Main Draw,ROBALINO Neycer (ECU),AGUIRRE Marcelo (PAR),,,1 - 3,9:11 7:11 11:8 2:11,AGUIRRE Marcelo,2022
South American Games Asuncion 2022,2022-10-09,MINO Alberto,TORANZOS Alejandro,ECU,PAR,3,0,"11,11,11|8,6,3",QF,OTHER,MT,2680,Main Draw,MINO Alberto (ECU),TORANZOS Alejandro (PAR),,,3 - 0,11:8 11:6 11:3,MINO Alberto,2022
South American Games Asuncion 2022,2022-10-09,RIOFRIO Emiliano,OSORIO Santiago,ECU,PAR,3,0,"11,11,11|6,7,8",QF,OTHER,MT,2680,Main Draw,RIOFRIO Emiliano (ECU),OSORIO Santiago (PAR),,,3 - 0,11:6 11:7 11:8,RIOFRIO Emiliano,2022
South American Games Asuncion 2022,2022-10-09,HIDALGO Rodrigo,OLAVE Alfonso,CHI,PER,3,1,"11,11,7,11|6,9,11,5",QF,OTHER,MT,2680,Main Draw,HIDALGO Rodrigo (PER),OLAVE Alfonso (CHI),,,1 - 3,6:11 9:11 11:7 5:11,OLAVE Alfonso,2022
South American Games Asuncion 2022,2022-10-09,DUFFOO Felipe,BURGOS Nicolas,CHI,PER,3,0,"12,11,11|10,7,4",QF,OTHER,MT,2680,Main Draw,DUFFOO Felipe (PER),BURGOS Nicolas (CHI),,,0 - 3,10:12 7:11 4:11,BURGOS Nicolas,2022
South American Games Asuncion 2022,2022-10-09,KUMAHARA Luca,MORALES Judith,BRA,CHI,3,2,"13,3,14,11,11|11,11,12,13,9",SF,OTHER,WT,2680,Main Draw,KUMAHARA Luca (BRA),MORALES Judith (CHI),KANASHIRO Beatriz (BRA),VEGA Paulina (CHI),3 - 2,13:11 3:11 14:12 11:13 11:9,KUMAHARA Luca,2022
South American Games Asuncion 2022,2022-10-09,STRASSBURGER Victoria,MORALES Judith,CHI,BRA,3,1,"7,11,11,11|11,9,6,8",SF,OTHER,WT,2680,Main Draw,STRASSBURGER Victoria (BRA),MORALES Judith (CHI),,,1 - 3,11:7 9:11 6:11 8:11,MORALES Judith,2022
South American Games Asuncion 2022,2022-10-09,MOLERO Candela,GONZALEZ Roxy,ARG,VEN,3,2,"8,11,11,4,11|11,7,2,11,7",SF,OTHER,WT,2680,Main Draw,MOLERO Candela (ARG),GONZALEZ Roxy (VEN),ARGUELLES Camila (ARG),OBANDO Camila (VEN),3 - 2,8:11 11:7 11:2 4:11 11:7,MOLERO Candela,2022
South American Games Asuncion 2022,2022-10-09,KAIZOJI Camila,DIAZ Mariangel,ARG,VEN,3,0,"11,11,11|5,8,7",SF,OTHER,WT,2680,Main Draw,KAIZOJI Camila (ARG),DIAZ Mariangel (VEN),,,3 - 0,11:5 11:8 11:7,KAIZOJI Camila,2022
South American Games Asuncion 2022,2022-10-09,ARGUELLES Camila,OBANDO Camila,ARG,VEN,3,0,"11,11,11|4,9,8",SF,OTHER,WT,2680,Main Draw,ARGUELLES Camila (ARG),OBANDO Camila (VEN),,,3 - 0,11:4 11:9 11:8,ARGUELLES Camila,2022
South American Games Asuncion 2022,2022-10-09,RIOFRIO Emiliano,ISHIDA Carlos,BRA,ECU,3,0,"14,11,11|12,7,8",SF,OTHER,MT,2680,Main Draw,RIOFRIO Emiliano (ECU),ISHIDA Carlos (BRA),ROBALINO Neycer (ECU),TEODORO Guilherme (BRA),0 - 3,12:14 7:11 8:11,ISHIDA Carlos,2022
South American Games Asuncion 2022,2022-10-09,MINO Alberto,TURRINI Rafael,ECU,BRA,3,0,"12,11,11|10,6,8",SF,OTHER,MT,2680,Main Draw,MINO Alberto (ECU),TURRINI Rafael (BRA),,,3 - 0,12:10 11:6 11:8,MINO Alberto,2022
South American Games Asuncion 2022,2022-10-09,ROBALINO Neycer,TEODORO Guilherme,BRA,ECU,3,0,"11,11,11|5,9,8",SF,OTHER,MT,2680,Main Draw,ROBALINO Neycer (ECU),TEODORO Guilherme (BRA),,,0 - 3,5:11 9:11 8:11,TEODORO Guilherme,2022
South American Games Asuncion 2022,2022-10-09,MINO Alberto,ISHIDA Carlos,ECU,BRA,3,0,"11,11,12|9,9,10",SF,OTHER,MT,2680,Main Draw,MINO Alberto (ECU),ISHIDA Carlos (BRA),,,3 - 0,11:9 11:9 12:10,MINO Alberto,2022
South American Games Asuncion 2022,2022-10-09,RIOFRIO Emiliano,TURRINI Rafael,BRA,ECU,3,1,"11,9,11,11|4,11,6,6",SF,OTHER,MT,2680,Main Draw,RIOFRIO Emiliano (ECU),TURRINI Rafael (BRA),,,1 - 3,4:11 11:9 6:11 6:11,TURRINI Rafael,2022
South American Games Asuncion 2022,2022-10-09,LORENZO Santiago,OLAVE Alfonso,ARG,CHI,3,0,"11,11,11|3,7,8",SF,OTHER,MT,2680,Main Draw,LORENZO Santiago (ARG),OLAVE Alfonso (CHI),,,3 - 0,11:3 11:7 11:8,LORENZO Santiago,2022
South American Games Asuncion 2022,2022-10-09,LORENZO Santiago,GOMEZ Gustavo,ARG,CHI,3,0,"11,14,11|8,12,6",SF,OTHER,MT,2680,Main Draw,LORENZO Santiago (ARG),GOMEZ Gustavo (CHI),,,3 - 0,11:8 14:12 11:6,LORENZO Santiago,2022
South American Games Asuncion 2022,2022-10-09,MORALES Judith,MOLERO Candela,ARG,CHI,3,0,"12,11,11|10,4,4",F,OTHER,WT,2680,Main Draw,MORALES Judith (CHI),MOLERO Candela (ARG),VEGA Paulina (CHI),ARGUELLES Camila (ARG),0 - 3,10:12 4:11 4:11,MOLERO Candela,2022
South American Games Asuncion 2022,2022-10-09,ORTEGA Daniela,KAIZOJI Camila,CHI,ARG,3,0,"11,11,11|8,7,2",F,OTHER,WT,2680,Main Draw,ORTEGA Daniela (CHI),KAIZOJI Camila (ARG),,,3 - 0,11:8 11:7 11:2,ORTEGA Daniela,2022
South American Games Asuncion 2022,2022-10-09,ORTEGA Daniela,MOLERO Candela,CHI,ARG,3,0,"11,11,11|4,5,3",F,OTHER,WT,2680,Main Draw,ORTEGA Daniela (CHI),MOLERO Candela (ARG),,,3 - 0,11:4 11:5 11:3,ORTEGA Daniela,2022
South American Games Asuncion 2022,2022-10-09,ALTO Gaston,ISHIDA Carlos,ARG,BRA,3,1,"11,5,12,11|6,11,10,7",F,OTHER,MT,2680,Main Draw,ALTO Gaston (ARG),ISHIDA Carlos (BRA),CIFUENTES Horacio (ARG),TEODORO Guilherme (BRA),3 - 1,11:6 5:11 12:10 11:7,ALTO Gaston,2022
South American Games Asuncion 2022,2022-10-09,LORENZO Santiago,TURRINI Rafael,ARG,BRA,3,1,"11,11,8,11|7,9,11,7",F,OTHER,MT,2680,Main Draw,LORENZO Santiago (ARG),TURRINI Rafael (BRA),,,3 - 1,11:7 11:9 8:11 11:7,LORENZO Santiago,2022
South American Games Asuncion 2022,2022-10-09,CIFUENTES Horacio,TEODORO Guilherme,BRA,ARG,3,2,"11,11,4,9,11|8,9,11,11,3",F,OTHER,MT,2680,Main Draw,CIFUENTES Horacio (ARG),TEODORO Guilherme (BRA),,,2 - 3,8:11 9:11 11:4 11:9 3:11,TEODORO Guilherme,2022
South American Games Asuncion 2022,2022-10-09,LORENZO Santiago,ISHIDA Carlos,ARG,BRA,3,1,"9,11,11,11|11,5,9,6",F,OTHER,MT,2680,Main Draw,LORENZO Santiago (ARG),ISHIDA Carlos (BRA),,,3 - 1,9:11 11:5 11:9 11:6,LORENZO Santiago,2022
ITTF World Team Championships Finals Presented by China Telecom 2022,2022-09-30,CALDERANO Hugo,LIND Anders,BRA,DEN,3,1,"9,11,11,11|11,9,6,9",QUAL,WORLD_CHAMPIONSHIPS,MT,2535,Qualification,CALDERANO Hugo (BRA),LIND Anders (DEN),,,3 - 1,9:11 11:9 11:6 11:9,CALDERANO Hugo,2022
ITTF World Team Championships Finals Presented by China Telecom 2022,2022-09-30,JOUTI Eric,RASMUSSEN Tobias,BRA,DEN,3,1,"11,9,12,11|7,11,10,5",QUAL,WORLD_CHAMPIONSHIPS,MT,2535,Qualification,JOUTI Eric (BRA),RASMUSSEN Tobias (DEN),,,3 - 1,11:7 9:11 12:10 11:5,JOUTI Eric,2022
ITTF World Team Championships Finals Presented by China Telecom 2022,2022-09-30,ISHIY Vitor,LIND Anders,DEN,BRA,3,1,"11,6,11,11|9,11,8,9",QUAL,WORLD_CHAMPIONSHIPS,MT,2535,Qualification,ISHIY Vitor (BRA),LIND Anders (DEN),,,1 - 3,9:11 11:6 8:11 9:11,LIND Anders,2022
ITTF World Team Championships Finals Presented by China Telecom 2022,2022-09-30,CALDERANO Hugo,BUCH Martin,BRA,DEN,3,0,"11,11,11|5,5,3",QUAL,WORLD_CHAMPIONSHIPS,MT,2535,Qualification,CALDERANO Hugo (BRA),BUCH Martin (DEN),,,3 - 0,11:5 11:5 11:3,CALDERANO Hugo,2022
ITTF World Team Championships Finals Presented by China Telecom 2022,2022-09-30,DOO Hoi Kem,VIVARELLI Debora,HKG,ITA,3,0,"11,12,11|5,10,5",QUAL,WORLD_CHAMPIONSHIPS,WT,2535,Qualification,DOO Hoi Kem (HKG),VIVARELLI Debora (ITA),,,3 - 0,11:5 12:10 11:5,DOO Hoi Kem,2022
ITTF World Team Championships Finals Presented by China Telecom 2022,2022-09-30,ZHU Chengzhu,PICCOLIN Giorgia,HKG,ITA,3,1,"11,7,11,11|8,11,5,1",QUAL,WORLD_CHAMPIONSHIPS,WT,2535,Qualification,ZHU Chengzhu (HKG),PICCOLIN Giorgia (ITA),,,3 - 1,11:8 7:11 11:5 11:1,ZHU Chengzhu,2022
ITTF World Team Championships Finals Presented by China Telecom 2022,2022-09-30,LEE Ho Ching,ARLIA Nicole,HKG,ITA,3,0,"11,11,12|6,7,10",QUAL,WORLD_CHAMPIONSHIPS,WT,2535,Qualification,LEE Ho Ching (HKG),ARLIA Nicole (ITA),,,3 - 0,11:6 11:7 12:10,LEE Ho Ching,2022
ITTF World Team Championships Finals Presented by China Telecom 2022,2022-09-30,SANGUANSIN Phakpoom,LEVINSKI Mishel,THA,USA,3,2,"11,6,11,9,11|9,11,7,11,9",QUAL,WORLD_CHAMPIONSHIPS,MT,2535,Qualification,SANGUANSIN Phakpoom (THA),LEVINSKI Mishel (USA),,,3 - 2,11:9 6:11 11:7 9:11 11:9,SANGUANSIN Phakpoom,2022
ITTF World Team Championships Finals Presented by China Telecom 2022,2022-09-30,PASSARA Pattaratorn,LIANG Jishan,USA,THA,3,0,"11,11,11|7,4,5",QUAL,WORLD_CHAMPIONSHIPS,MT,2535,Qualification,PASSARA Pattaratorn (THA),LIANG Jishan (USA),,,0 - 3,7:11 4:11 5:11,LIANG Jishan,2022
ITTF World Team Championships Finals Presented by China Telecom 2022,2022-09-30,TANCHAROEN Sarayut,ALTO Earl James,THA,USA,3,0,"11,11,11|8,8,8",QUAL,WORLD_CHAMPIONSHIPS,MT,2535,Qualification,TANCHAROEN Sarayut (THA),ALTO Earl James (USA),,,3 - 0,11:8 11:8 11:8,TANCHAROEN Sarayut,2022
ITTF World Team Championships Finals Presented by China Telecom 2022,2022-09-30,SANGUANSIN Phakpoom,LIANG Jishan,USA,THA,3,2,"11,11,3,9,11|8,9,11,11,6",QUAL,WORLD_CHAMPIONSHIPS,MT,2535,Qualification,SANGUANSIN Phakpoom (THA),LIANG Jishan (USA),,,2 - 3,8:11 9:11 11:3 11:9 6:11,LIANG Jishan,2022
ITTF World Team Championships Finals Presented by China Telecom 2022,2022-09-30,PASSARA Pattaratorn,LEVINSKI Mishel,USA,THA,3,0,"11,11,11|8,7,4",QUAL,WORLD_CHAMPIONSHIPS,MT,2535,Qualification,PASSARA Pattaratorn (THA),LEVINSKI Mishel (USA),,,0 - 3,8:11 7:11 4:11,LEVINSKI Mishel,2022
ITTF World Team Championships Finals Presented by China Telecom 2022,2022-09-30,TAKAHASHI Bruna,KALAM Musfiquh,BRA,RSA,3,0,"11,11,11|4,2,5",QUAL,WORLD_CHAMPIONSHIPS,WT,2535,Qualification,TAKAHASHI Bruna (BRA),KALAM Musfiquh (RSA),,,3 - 0,11:4 11:2 11:5,TAKAHASHI Bruna,2022
ITTF World Team Championships Finals Presented by China Telecom 2022,2022-09-30,TAKAHASHI Giulia,PATEL Danisha,BRA,RSA,3,0,"11,11,11|3,4,7",QUAL,WORLD_CHAMPIONSHIPS,WT,2535,Qualification,TAKAHASHI Giulia (BRA),PATEL Danisha (RSA),,,3 - 0,11:3 11:4 11:7,TAKAHASHI Giulia,2022
ITTF World Team Championships Finals Presented by China Telecom 2022,2022-09-30,WATANABE Laura,EDWARDS Lailaa,BRA,RSA,3,0,"11,11,11|4,5,1",QUAL,WORLD_CHAMPIONSHIPS,WT,2535,Qualification,WATANABE Laura (BRA),EDWARDS Lailaa (RSA),,,3 - 0,11:4 11:5 11:1,WATANABE Laura,2022
ITTF World Team Championships Finals Presented by China Telecom 2022,2022-09-30,JORGIC Darko,GONZALEZ Daniel,SLO,PUR,3,0,"11,11,11|8,8,8",QUAL,WORLD_CHAMPIONSHIPS,MT,2535,Qualification,JORGIC Darko (SLO),GONZALEZ Daniel (PUR),,,3 - 0,11:8 11:8 11:8,JORGIC Darko,2022
ITTF World Team Championships Finals Presented by China Telecom 2022,2022-09-30,KOZUL Deni,AFANADOR Brian,SLO,PUR,3,0,"11,11,13|7,7,11",QUAL,WORLD_CHAMPIONSHIPS,MT,2535,Qualification,KOZUL Deni (SLO),AFANADOR Brian (PUR),,,3 - 0,11:7 11:7 13:11,KOZUL Deni,2022
ITTF World Team Championships Finals Presented by China Telecom 2022,2022-09-30,HRIBAR Peter,NARANJO Angel,PUR,SLO,3,1,"9,11,11,11|11,9,7,6",QUAL,WORLD_CHAMPIONSHIPS,MT,2535,Qualification,HRIBAR Peter (SLO),NARANJO Angel (PUR),,,1 - 3,11:9 9:11 7:11 6:11,NARANJO Angel,2022
ITTF World Team Championships Finals Presented by China Telecom 2022,2022-09-30,JORGIC Darko,AFANADOR Brian,SLO,PUR,3,0,"11,11,13|9,9,11",QUAL,WORLD_CHAMPIONSHIPS,MT,2535,Qualification,JORGIC Darko (SLO),AFANADOR Brian (PUR),,,3 - 0,11:9 11:9 13:11,JORGIC Darko,2022
ITTF World Team Championships Finals Presented by China Telecom 2022,2022-09-30,CHEN Szu-Yu,SHAO Jieni,TPE,POR,3,1,"11,5,16,13|7,11,14,11",QUAL,WORLD_CHAMPIONSHIPS,WT,2535,Qualification,CHEN Szu-Yu (TPE),SHAO Jieni (POR),,,3 - 1,11:7 5:11 16:14 13:11,CHEN Szu-Yu,2022
ITTF World Team Championships Finals Presented by China Telecom 2022,2022-09-30,CHENG I-Ching,YU Fu,TPE,POR,3,2,"5,11,9,11,11|11,4,11,7,5",QUAL,WORLD_CHAMPIONSHIPS,WT,2535,Qualification,CHENG I-Ching (TPE),YU Fu (POR),,,3 - 2,5:11 11:4 9:11 11:7 11:5,CHENG I-Ching,2022
ITTF World Team Championships Finals Presented by China Telecom 2022,2022-09-30,LIU Hsing-Yin,MATOS Ines,TPE,POR,3,0,"11,11,11|8,7,7",QUAL,WORLD_CHAMPIONSHIPS,WT,2535,Qualification,LIU Hsing-Yin (TPE),MATOS Ines (POR),,,3 - 0,11:8 11:7 11:7,LIU Hsing-Yin,2022
ITTF World Team Championships Finals Presented by China Telecom 2022,2022-09-30,GERASSIMENKO Kirill,DUDA Benedikt,GER,KAZ,3,1,"8,11,11,11|11,5,8,9",QUAL,WORLD_CHAMPIONSHIPS,MT,2535,Qualification,GERASSIMENKO Kirill (KAZ),DUDA Benedikt (GER),,,1 - 3,11:8 5:11 8:11 9:11,DUDA Benedikt,2022
ITTF World Team Championships Finals Presented by China Telecom 2022,2022-09-30,ZHOLUDEV Denis,QIU Dang,GER,KAZ,3,0,"11,11,11|5,8,4",QUAL,WORLD_CHAMPIONSHIPS,MT,2535,Qualification,ZHOLUDEV Denis (KAZ),QIU Dang (GER),,,0 - 3,5:11 8:11 4:11,QIU Dang,2022
ITTF World Team Championships Finals Presented by China Telecom 2022,2022-09-30,KURMANGALIYEV Alan,WALTHER Ricardo,GER,KAZ,3,0,"11,11,11|5,5,6",QUAL,WORLD_CHAMPIONSHIPS,MT,2535,Qualification,KURMANGALIYEV Alan (KAZ),WALTHER Ricardo (GER),,,0 - 3,5:11 5:11 6:11,WALTHER Ricardo,2022
ITTF World Team Championships Finals Presented by China Telecom 2022,2022-09-30,SHAHSAVARI Neda,WONG Xin Ru,SGP,IRI,3,0,"11,11,11|8,7,4",QUAL,WORLD_CHAMPIONSHIPS,WT,2535,Qualification,SHAHSAVARI Neda (IRI),WONG Xin Ru (SGP),,,0 - 3,8:11 7:11 4:11,WONG Xin Ru,2022
ITTF World Team Championships Finals Presented by China Telecom 2022,2022-09-30,ASHTARI Mahshid,ZENG Jian,SGP,IRI,3,0,"11,11,11|9,9,2",QUAL,WORLD_CHAMPIONSHIPS,WT,2535,Qualification,ASHTARI Mahshid (IRI),ZENG Jian (SGP),,,0 - 3,9:11 9:11 2:11,ZENG Jian,2022
ITTF World Team Championships Finals Presented by China Telecom 2022,2022-09-30,HAJILOU Parinaz,ZHOU Jingyi,SGP,IRI,3,0,"11,11,13|7,9,11",QUAL,WORLD_CHAMPIONSHIPS,WT,2535,Qualification,HAJILOU Parinaz (IRI),ZHOU Jingyi (SGP),,,0 - 3,7:11 9:11 11:13,ZHOU Jingyi,2022
ITTF World Team Championships Finals Presented by China Telecom 2022,2022-09-30,LEBRUN Alexis,ANORBOEV Abdulaziz,FRA,UZB,3,0,"11,11,11|2,7,3",QUAL,WORLD_CHAMPIONSHIPS,MT,2535,Qualification,LEBRUN Alexis (FRA),ANORBOEV Abdulaziz (UZB),,,3 - 0,11:2 11:7 11:3,LEBRUN Alexis,2022
ITTF World Team Championships Finals Presented by China Telecom 2022,2022-09-30,LEBRUN Felix,KHOLIKOV Elmurod,FRA,UZB,3,0,"11,11,11|6,1,2",QUAL,WORLD_CHAMPIONSHIPS,MT,2535,Qualification,LEBRUN Felix (FRA),KHOLIKOV Elmurod (UZB),,,3 - 0,11:6 11:1 11:2,LEBRUN Felix,2022
ITTF World Team Championships Finals Presented by China Telecom 2022,2022-09-30,ROLLAND Jules,ISKANDAROV Shokhrukh,FRA,UZB,3,0,"11,11,11|3,6,4",QUAL,WORLD_CHAMPIONSHIPS,MT,2535,Qualification,ROLLAND Jules (FRA),ISKANDAROV Shokhrukh (UZB),,,3 - 0,11:3 11:6 11:4,ROLLAND Jules,2022
ITTF World Team Championships Finals Presented by China Telecom 2022,2022-09-30,LY Edward,AN Jaehyun,KOR,CAN,3,0,"11,11,14|7,7,12",QUAL,WORLD_CHAMPIONSHIPS,MT,2535,Qualification,LY Edward (CAN),AN Jaehyun (KOR),,,0 - 3,7:11 7:11 12:14,AN Jaehyun,2022
ITTF World Team Championships Finals Presented by China Telecom 2022,2022-09-30,WANG Zexuan,JANG Woojin,KOR,CAN,3,0,"11,11,11|6,4,1",QUAL,WORLD_CHAMPIONSHIPS,MT,2535,Qualification,WANG Zexuan (CAN),JANG Woojin (KOR),,,0 - 3,6:11 4:11 1:11,JANG Woojin,2022
ITTF World Team Championships Finals Presented by China Telecom 2022,2022-09-30,XU David,CHO Seungmin,KOR,CAN,3,1,"11,7,11,11|6,11,7,3",QUAL,WORLD_CHAMPIONSHIPS,MT,2535,Qualification,XU David (CAN),CHO Seungmin (KOR),,,1 - 3,6:11 11:7 7:11 3:11,CHO Seungmin,2022
ITTF World Team Championships Finals Presented by China Telecom 2022,2022-09-30,ALKHADRAWI Ali,ABDELAZIZ Youssef,EGY,KSA,3,0,"11,11,11|9,6,2",QUAL,WORLD_CHAMPIONSHIPS,MT,2535,Qualification,ALKHADRAWI Ali (KSA),ABDELAZIZ Youssef (EGY),,,0 - 3,9:11 6:11 2:11,ABDELAZIZ Youssef,2022
ITTF World Team Championships Finals Presented by China Telecom 2022,2022-09-30,BU SHULAYBI Abdulaziz,ELBEIALI Mohamed,EGY,KSA,3,0,"11,11,13|9,4,11",QUAL,WORLD_CHAMPIONSHIPS,MT,2535,Qualification,BU SHULAYBI Abdulaziz (KSA),ELBEIALI Mohamed (EGY),,,0 - 3,9:11 4:11 11:13,ELBEIALI Mohamed,2022
ITTF World Team Championships Finals Presented by China Telecom 2022,2022-09-30,ALSHAREIF Khalid,SHOUMAN Mohamed,EGY,KSA,3,2,"7,5,11,11,11|11,11,9,2,3",QUAL,WORLD_CHAMPIONSHIPS,MT,2535,Qualification,ALSHAREIF Khalid (KSA),SHOUMAN Mohamed (EGY),,,2 - 3,11:7 11:5 9:11 2:11 3:11,SHOUMAN Mohamed,2022
ITTF World Team Championships Finals Presented by China Telecom 2022,2022-09-30,LEE Zion,DE NUTTE Sarah,KOR,LUX,3,0,"11,11,11|9,4,9",QUAL,WORLD_CHAMPIONSHIPS,WT,2535,Qualification,LEE Zion (KOR),DE NUTTE Sarah (LUX),,,3 - 0,11:9 11:4 11:9,LEE Zion,2022
ITTF World Team Championships Finals Presented by China Telecom 2022,2022-09-30,JEON Jihee,NI Xia Lian,LUX,KOR,3,1,"11,8,11,11|4,11,6,9",QUAL,WORLD_CHAMPIONSHIPS,WT,2535,Qualification,JEON Jihee (KOR),NI Xia Lian (LUX),,,1 - 3,4:11 11:8 6:11 9:11,NI Xia Lian,2022
ITTF World Team Championships Finals Presented by China Telecom 2022,2022-09-30,KIM Hayeong,GONDERINGER Tessy,LUX,KOR,3,1,"12,11,2,11|10,9,11,9",QUAL,WORLD_CHAMPIONSHIPS,WT,2535,Qualification,KIM Hayeong (KOR),GONDERINGER Tessy (LUX),,,1 - 3,10:12 9:11 11:2 9:11,GONDERINGER Tessy,2022
ITTF World Team Championships Finals Presented by China Telecom 2022,2022-09-30,LEE Zion,NI Xia Lian,LUX,KOR,3,2,"11,10,11,7,11|3,12,9,11,4",QUAL,WORLD_CHAMPIONSHIPS,WT,2535,Qualification,LEE Zion (KOR),NI Xia Lian (LUX),,,2 - 3,3:11 12:10 9:11 11:7 4:11,NI Xia Lian,2022
ITTF World Team Championships Finals Presented by China Telecom 2022,2022-09-30,ALAMIYAN Noshad,TOGAMI Shunsuke,JPN,IRI,3,0,"11,11,11|8,5,9",QUAL,WORLD_CHAMPIONSHIPS,MT,2535,Qualification,ALAMIYAN Noshad (IRI),TOGAMI Shunsuke (JPN),,,0 - 3,8:11 5:11 9:11,TOGAMI Shunsuke,2022
ITTF World Team Championships Finals Presented by China Telecom 2022,2022-09-30,ALAMIAN Nima,HARIMOTO Tomokazu,JPN,IRI,3,1,"8,12,11,11|11,10,5,8",QUAL,WORLD_CHAMPIONSHIPS,MT,2535,Qualification,ALAMIAN Nima (IRI),HARIMOTO Tomokazu (JPN),,,1 - 3,11:8 10:12 5:11 8:11,HARIMOTO Tomokazu,2022
ITTF World Team Championships Finals Presented by China Telecom 2022,2022-09-30,HODAEI Amir Hossein,OIKAWA Mizuki,JPN,IRI,3,2,"5,11,9,11,11|11,5,11,7,9",QUAL,WORLD_CHAMPIONSHIPS,MT,2535,Qualification,HODAEI Amir Hossein (IRI),OIKAWA Mizuki (JPN),,,2 - 3,11:5 5:11 11:9 7:11 9:11,OIKAWA Mizuki,2022
ITTF World Team Championships Finals Presented by China Telecom 2022,2022-09-30,SZOCS Bernadette,HANSSON Matilda,ROU,SWE,3,0,"11,11,11|3,4,8",QUAL,WORLD_CHAMPIONSHIPS,WT,2535,Qualification,SZOCS Bernadette (ROU),HANSSON Matilda (SWE),,,3 - 0,11:3 11:4 11:8,SZOCS Bernadette,2022
ITTF World Team Championships Finals Presented by China Telecom 2022,2022-09-30,SAMARA Elizabeta,BERGSTROM Linda,SWE,ROU,3,2,"11,11,6,14,11|8,8,11,16,9",QUAL,WORLD_CHAMPIONSHIPS,WT,2535,Qualification,SAMARA Elizabeta (ROU),BERGSTROM Linda (SWE),,,2 - 3,8:11 8:11 11:6 16:14 9:11,BERGSTROM Linda,2022
ITTF World Team Championships Finals Presented by China Telecom 2022,2022-09-30,DIACONU Adina,BERGAND Filippa,ROU,SWE,3,0,"11,11,11|3,3,4",QUAL,WORLD_CHAMPIONSHIPS,WT,2535,Qualification,DIACONU Adina (ROU),BERGAND Filippa (SWE),,,3 - 0,11:3 11:3 11:4,DIACONU Adina,2022
ITTF World Team Championships Finals Presented by China Telecom 2022,2022-09-30,SZOCS Bernadette,BERGSTROM Linda,SWE,ROU,3,2,"11,7,14,7,11|7,11,12,11,2",QUAL,WORLD_CHAMPIONSHIPS,WT,2535,Qualification,SZOCS Bernadette (ROU),BERGSTROM Linda (SWE),,,2 - 3,7:11 11:7 12:14 11:7 2:11,BERGSTROM Linda,2022
ITTF World Team Championships Finals Presented by China Telecom 2022,2022-09-30,SAMARA Elizabeta,HANSSON Matilda,ROU,SWE,3,2,"11,7,10,11,11|3,11,12,8,8",QUAL,WORLD_CHAMPIONSHIPS,WT,2535,Qualification,SAMARA Elizabeta (ROU),HANSSON Matilda (SWE),,,3 - 2,11:3 7:11 10:12 11:8 11:8,SAMARA Elizabeta,2022
ITTF World Team Championships Finals Presented by China Telecom 2022,2022-09-30,CHAMBERS Dillon,KARLSSON Mattias,SWE,AUS,3,0,"11,11,11|1,9,8",QUAL,WORLD_CHAMPIONSHIPS,MT,2535,Qualification,CHAMBERS Dillon (AUS),KARLSSON Mattias (SWE),,,0 - 3,1:11 9:11 8:11,KARLSSON Mattias,2022
ITTF World Team Championships Finals Presented by China Telecom 2022,2022-09-30,LUU Finn,KARLSSON Kristian,SWE,AUS,3,0,"11,11,11|4,7,4",QUAL,WORLD_CHAMPIONSHIPS,MT,2535,Qualification,LUU Finn (AUS),KARLSSON Kristian (SWE),,,0 - 3,4:11 7:11 4:11,KARLSSON Kristian,2022
ITTF World Team Championships Finals Presented by China Telecom 2022,2022-09-30,LEE Yonghun,KALLBERG Anton,SWE,AUS,3,0,"11,11,12|6,4,10",QUAL,WORLD_CHAMPIONSHIPS,MT,2535,Qualification,LEE Yonghun (AUS),KALLBERG Anton (SWE),,,0 - 3,6:11 4:11 10:12,KALLBERG Anton,2022
ITTF World Team Championships Finals Presented by China Telecom 2022,2022-09-30,KULCZYCKI Samuel,MCBEATH David,POL,ENG,3,1,"12,11,11,11|14,5,5,4",QUAL,WORLD_CHAMPIONSHIPS,MT,2535,Qualification,KULCZYCKI Samuel (POL),MCBEATH David (ENG),,,3 - 1,12:14 11:5 11:5 11:4,KULCZYCKI Samuel,2022
ITTF World Team Championships Finals Presented by China Telecom 2022,2022-09-30,REDZIMSKI Milosz,PITCHFORD Liam,ENG,POL,3,0,"11,11,12|7,4,10",QUAL,WORLD_CHAMPIONSHIPS,MT,2535,Qualification,REDZIMSKI Milosz (POL),PITCHFORD Liam (ENG),,,0 - 3,7:11 4:11 10:12,PITCHFORD Liam,2022
ITTF World Team Championships Finals Presented by China Telecom 2022,2022-09-30,KUBIK Maciej,WALKER Samuel,POL,ENG,3,1,"6,12,11,11|11,10,8,9",QUAL,WORLD_CHAMPIONSHIPS,MT,2535,Qualification,KUBIK Maciej (POL),WALKER Samuel (ENG),,,3 - 1,6:11 12:10 11:8 11:9,KUBIK Maciej,2022
ITTF World Team Championships Finals Presented by China Telecom 2022,2022-09-30,KULCZYCKI Samuel,PITCHFORD Liam,ENG,POL,3,0,"13,11,11|11,6,6",QUAL,WORLD_CHAMPIONSHIPS,MT,2535,Qualification,KULCZYCKI Samuel (POL),PITCHFORD Liam (ENG),,,0 - 3,11:13 6:11 6:11,PITCHFORD Liam,2022
ITTF World Team Championships Finals Presented by China Telecom 2022,2022-09-30,REDZIMSKI Milosz,MCBEATH David,POL,ENG,3,0,"11,11,11|7,9,8",QUAL,WORLD_CHAMPIONSHIPS,MT,2535,Qualification,REDZIMSKI Milosz (POL),MCBEATH David (ENG),,,3 - 0,11:7 11:9 11:8,REDZIMSKI Milosz,2022
ITTF World Team Championships Finals Presented by China Telecom 2022,2022-09-30,SZUDI Adam,LAM Siu Hang,HUN,HKG,3,1,"11,11,4,11|7,5,11,8",QUAL,WORLD_CHAMPIONSHIPS,MT,2535,Qualification,SZUDI Adam (HUN),LAM Siu Hang (HKG),,,3 - 1,11:7 11:5 4:11 11:8,SZUDI Adam,2022
ITTF World Team Championships Finals Presented by China Telecom 2022,2022-09-30,LAKATOS Tamas,WONG Chun Ting,HKG,HUN,3,0,"16,12,11|14,10,6",QUAL,WORLD_CHAMPIONSHIPS,MT,2535,Qualification,LAKATOS Tamas (HUN),WONG Chun Ting (HKG),,,0 - 3,14:16 10:12 6:11,WONG Chun Ting,2022
ITTF World Team Championships Finals Presented by China Telecom 2022,2022-09-30,ECSEKI Nandor,NG Pak Nam,HKG,HUN,3,1,"3,13,13,12|11,11,11,10",QUAL,WORLD_CHAMPIONSHIPS,MT,2535,Qualification,ECSEKI Nandor (HUN),NG Pak Nam (HKG),,,1 - 3,11:3 11:13 11:13 10:12,NG Pak Nam,2022
ITTF World Team Championships Finals Presented by China Telecom 2022,2022-09-30,SZUDI Adam,WONG Chun Ting,HKG,HUN,3,2,"11,14,11,10,12|7,16,4,12,10",QUAL,WORLD_CHAMPIONSHIPS,MT,2535,Qualification,SZUDI Adam (HUN),WONG Chun Ting (HKG),,,2 - 3,7:11 16:14 4:11 12:10 10:12,WONG Chun Ting,2022
ITTF World Team Championships Finals Presented by China Telecom 2022,2022-09-30,VARADY Barbora,KIHARA Miyuu,JPN,SVK,3,1,"9,11,11,11|11,8,6,6",QUAL,WORLD_CHAMPIONSHIPS,WT,2535,Qualification,VARADY Barbora (SVK),KIHARA Miyuu (JPN),,,1 - 3,11:9 8:11 6:11 6:11,KIHARA Miyuu,2022
ITTF World Team Championships Finals Presented by China Telecom 2022,2022-09-30,LABOSOVA Ema,ITO Mima,JPN,SVK,3,1,"11,11,4,12|6,8,11,10",QUAL,WORLD_CHAMPIONSHIPS,WT,2535,Qualification,LABOSOVA Ema (SVK),ITO Mima (JPN),,,1 - 3,6:11 8:11 11:4 10:12,ITO Mima,2022
ITTF World Team Championships Finals Presented by China Telecom 2022,2022-09-30,KUKULKOVA Tatiana,NAGASAKI Miyu,JPN,SVK,3,0,"11,11,11|5,3,5",QUAL,WORLD_CHAMPIONSHIPS,WT,2535,Qualification,KUKULKOVA Tatiana (SVK),NAGASAKI Miyu (JPN),,,0 - 3,5:11 3:11 5:11,NAGASAKI Miyu,2022
ITTF World Team Championships Finals Presented by China Telecom 2022,2022-09-30,WANG Yang,GERALDO Joao,SVK,POR,3,2,"6,11,14,12,11|11,4,16,10,5",QUAL,WORLD_CHAMPIONSHIPS,MT,2535,Qualification,WANG Yang (SVK),GERALDO Joao (POR),,,3 - 2,6:11 11:4 14:16 12:10 11:5,WANG Yang,2022
ITTF World Team Championships Finals Presented by China Telecom 2022,2022-09-30,ZELINKA Jakub,FREITAS Marcos,POR,SVK,3,0,"11,11,11|9,6,4",QUAL,WORLD_CHAMPIONSHIPS,MT,2535,Qualification,ZELINKA Jakub (SVK),FREITAS Marcos (POR),,,0 - 3,9:11 6:11 4:11,FREITAS Marcos,2022
ITTF World Team Championships Finals Presented by China Telecom 2022,2022-09-30,KLAJBER Adam,MONTEIRO Joao,POR,SVK,3,1,"5,11,11,11|11,4,4,6",QUAL,WORLD_CHAMPIONSHIPS,MT,2535,Qualification,KLAJBER Adam (SVK),MONTEIRO Joao (POR),,,1 - 3,11:5 4:11 4:11 6:11,MONTEIRO Joao,2022
ITTF World Team Championships Finals Presented by China Telecom 2022,2022-09-30,WANG Yang,FREITAS Marcos,POR,SVK,3,1,"8,12,11,14|11,10,8,12",QUAL,WORLD_CHAMPIONSHIPS,MT,2535,Qualification,WANG Yang (SVK),FREITAS Marcos (POR),,,1 - 3,11:8 10:12 8:11 12:14,FREITAS Marcos,2022
ITTF World Team Championships Finals Presented by China Telecom 2022,2022-09-30,MADARASZ Dora,MAGDIEVA Markhabo,HUN,UZB,3,1,"9,13,11,11|11,11,9,8",QUAL,WORLD_CHAMPIONSHIPS,WT,2535,Qualification,MADARASZ Dora (HUN),MAGDIEVA Markhabo (UZB),,,3 - 1,9:11 13:11 11:9 11:8,MADARASZ Dora,2022
ITTF World Team Championships Finals Presented by China Telecom 2022,2022-09-30,HARTBRICH Leonie,MADALIEVA Sugdiyona,HUN,UZB,3,2,"11,11,6,6,11|8,6,11,11,2",QUAL,WORLD_CHAMPIONSHIPS,WT,2535,Qualification,HARTBRICH Leonie (HUN),MADALIEVA Sugdiyona (UZB),,,3 - 2,11:8 11:6 6:11 6:11 11:2,HARTBRICH Leonie,2022
ITTF World Team Championships Finals Presented by China Telecom 2022,2022-09-30,DARI Helga,KHADJIEVA Rozalina,UZB,HUN,3,1,"11,11,9,11|9,7,11,7",QUAL,WORLD_CHAMPIONSHIPS,WT,2535,Qualification,DARI Helga (HUN),KHADJIEVA Rozalina (UZB),,,1 - 3,9:11 7:11 11:9 7:11,KHADJIEVA Rozalina,2022
ITTF World Team Championships Finals Presented by China Telecom 2022,2022-09-30,MADARASZ Dora,MADALIEVA Sugdiyona,HUN,UZB,3,0,"11,11,11|4,6,5",QUAL,WORLD_CHAMPIONSHIPS,WT,2535,Qualification,MADARASZ Dora (HUN),MADALIEVA Sugdiyona (UZB),,,3 - 0,11:4 11:6 11:5,MADARASZ Dora,2022
ITTF World Team Championships Finals Presented by China Telecom 2022,2022-09-30,LIU Crystal,JALLI Sarah,USA,CAN,3,1,"7,11,12,13|11,8,10,11",QUAL,WORLD_CHAMPIONSHIPS,WT,2535,Qualification,LIU Crystal (CAN),JALLI Sarah (USA),,,1 - 3,11:7 8:11 10:12 11:13,JALLI Sarah,2022
ITTF World Team Championships Finals Presented by China Telecom 2022,2022-09-30,LIAO Ivy,ZHANG Lily,USA,CAN,3,0,"11,11,11|4,8,6",QUAL,WORLD_CHAMPIONSHIPS,WT,2535,Qualification,LIAO Ivy (CAN),ZHANG Lily (USA),,,0 - 3,4:11 8:11 6:11,ZHANG Lily,2022
ITTF World Team Championships Finals Presented by China Telecom 2022,2022-09-30,NIE Jiayi,KE Tiffany,USA,CAN,3,0,"11,12,11|7,10,7",QUAL,WORLD_CHAMPIONSHIPS,WT,2535,Qualification,NIE Jiayi (CAN),KE Tiffany (USA),,,0 - 3,7:11 10:12 7:11,KE Tiffany,2022
ITTF World Team Championships Finals Presented by China Telecom 2022,2022-09-30,LYNE Karen,RIOS Daniely,MAS,PUR,3,0,"12,11,11|10,5,4",QUAL,WORLD_CHAMPIONSHIPS,WT,2535,Qualification,LYNE Karen (MAS),RIOS Daniely (PUR),,,3 - 0,12:10 11:5 11:4,LYNE Karen,2022
ITTF World Team Championships Finals Presented by China Telecom 2022,2022-09-30,HO Ying,DIAZ Adriana,PUR,MAS,3,0,"11,11,11|9,5,7",QUAL,WORLD_CHAMPIONSHIPS,WT,2535,Qualification,HO Ying (MAS),DIAZ Adriana (PUR),,,0 - 3,9:11 5:11 7:11,DIAZ Adriana,2022
ITTF World Team Championships Finals Presented by China Telecom 2022,2022-09-30,TEE Ai Xin,DIAZ Melanie,MAS,PUR,3,0,"11,11,15|6,8,13",QUAL,WORLD_CHAMPIONSHIPS,WT,2535,Qualification,TEE Ai Xin (MAS),DIAZ Melanie (PUR),,,3 - 0,11:6 11:8 15:13,TEE Ai Xin,2022
ITTF World Team Championships Finals Presented by China Telecom 2022,2022-09-30,LYNE Karen,DIAZ Adriana,PUR,MAS,3,1,"11,12,8,11|5,10,11,6",QUAL,WORLD_CHAMPIONSHIPS,WT,2535,Qualification,LYNE Karen (MAS),DIAZ Adriana (PUR),,,1 - 3,5:11 10:12 11:8 6:11,DIAZ Adriana,2022
ITTF World Team Championships Finals Presented by China Telecom 2022,2022-09-30,HO Ying,RIOS Daniely,PUR,MAS,3,2,"9,11,10,11,11|11,5,12,4,6",QUAL,WORLD_CHAMPIONSHIPS,WT,2535,Qualification,HO Ying (MAS),RIOS Daniely (PUR),,,2 - 3,11:9 5:11 12:10 4:11 6:11,RIOS Daniely,2022
ITTF World Team Championships Finals Presented by China Telecom 2022,2022-09-30,CHEN Szu-Yu,SAMARA Elizabeta,TPE,ROU,3,2,"11,11,11,8,11|2,5,13,11,6",QUAL,WORLD_CHAMPIONSHIPS,WT,2535,Qualification,CHEN Szu-Yu (TPE),SAMARA Elizabeta (ROU),,,3 - 2,11:2 11:5 11:13 8:11 11:6,CHEN Szu-Yu,2022
ITTF World Team Championships Finals Presented by China Telecom 2022,2022-09-30,CHENG I-Ching,SZOCS Bernadette,ROU,TPE,3,0,"11,11,11|6,6,8",QUAL,WORLD_CHAMPIONSHIPS,WT,2535,Qualification,CHENG I-Ching (TPE),SZOCS Bernadette (ROU),,,0 - 3,6:11 6:11 8:11,SZOCS Bernadette,2022
ITTF World Team Championships Finals Presented by China Telecom 2022,2022-09-30,LI Yu-Jhun,DIACONU Adina,TPE,ROU,3,0,"11,11,11|9,8,6",QUAL,WORLD_CHAMPIONSHIPS,WT,2535,Qualification,LI Yu-Jhun (TPE),DIACONU Adina (ROU),,,3 - 0,11:9 11:8 11:6,LI Yu-Jhun,2022
ITTF World Team Championships Finals Presented by China Telecom 2022,2022-09-30,CHEN Szu-Yu,SZOCS Bernadette,TPE,ROU,3,2,"14,7,11,8,11|12,11,6,11,6",QUAL,WORLD_CHAMPIONSHIPS,WT,2535,Qualification,CHEN Szu-Yu (TPE),SZOCS Bernadette (ROU),,,3 - 2,14:12 7:11 11:6 8:11 11:6,CHEN Szu-Yu,2022
ITTF World Team Championships Finals Presented by China Telecom 2022,2022-09-30,PICCOLIN Giorgia,WATANABE Laura,ITA,BRA,3,0,"11,11,11|8,8,5",QUAL,WORLD_CHAMPIONSHIPS,WT,2535,Qualification,PICCOLIN Giorgia (ITA),WATANABE Laura (BRA),,,3 - 0,11:8 11:8 11:5,PICCOLIN Giorgia,2022
ITTF World Team Championships Finals Presented by China Telecom 2022,2022-09-30,ARLIA Nicole,TAKAHASHI Bruna,BRA,ITA,3,1,"11,11,8,11|5,7,11,4",QUAL,WORLD_CHAMPIONSHIPS,WT,2535,Qualification,ARLIA Nicole (ITA),TAKAHASHI Bruna (BRA),,,1 - 3,5:11 7:11 11:8 4:11,TAKAHASHI Bruna,2022
ITTF World Team Championships Finals Presented by China Telecom 2022,2022-09-30,VIVARELLI Debora,TAKAHASHI Giulia,ITA,BRA,3,1,"11,11,10,11|8,6,12,6",QUAL,WORLD_CHAMPIONSHIPS,WT,2535,Qualification,VIVARELLI Debora (ITA),TAKAHASHI Giulia (BRA),,,3 - 1,11:8 11:6 10:12 11:6,VIVARELLI Debora,2022
ITTF World Team Championships Finals Presented by China Telecom 2022,2022-09-30,PICCOLIN Giorgia,TAKAHASHI Bruna,ITA,BRA,3,1,"11,11,8,11|5,9,11,9",QUAL,WORLD_CHAMPIONSHIPS,WT,2535,Qualification,PICCOLIN Giorgia (ITA),TAKAHASHI Bruna (BRA),,,3 - 1,11:5 11:9 8:11 11:9,PICCOLIN Giorgia,2022
ITTF World Team Championships Finals Presented by China Telecom 2022,2022-09-30,BERGSTROM Linda,SHAO Jieni,SWE,POR,3,0,"11,11,11|6,6,6",QUAL,WORLD_CHAMPIONSHIPS,WT,2535,Qualification,BERGSTROM Linda (SWE),SHAO Jieni (POR),,,3 - 0,11:6 11:6 11:6,BERGSTROM Linda,2022
ITTF World Team Championships Finals Presented by China Telecom 2022,2022-09-30,HANSSON Matilda,YU Fu,POR,SWE,3,0,"11,11,11|3,5,4",QUAL,WORLD_CHAMPIONSHIPS,WT,2535,Qualification,HANSSON Matilda (SWE),YU Fu (POR),,,0 - 3,3:11 5:11 4:11,YU Fu,2022
ITTF World Team Championships Finals Presented by China Telecom 2022,2022-09-30,BERGAND Filippa,MATOS Ines,SWE,POR,3,1,"11,9,11,11|9,11,4,9",QUAL,WORLD_CHAMPIONSHIPS,WT,2535,Qualification,BERGAND Filippa (SWE),MATOS Ines (POR),,,3 - 1,11:9 9:11 11:4 11:9,BERGAND Filippa,2022
ITTF World Team Championships Finals Presented by China Telecom 2022,2022-09-30,BERGSTROM Linda,YU Fu,POR,SWE,3,2,"7,11,11,11,11|11,7,8,13,9",QUAL,WORLD_CHAMPIONSHIPS,WT,2535,Qualification,BERGSTROM Linda (SWE),YU Fu (POR),,,2 - 3,11:7 7:11 8:11 13:11 9:11,YU Fu,2022
ITTF World Team Championships Finals Presented by China Telecom 2022,2022-09-30,HANSSON Matilda,SHAO Jieni,POR,SWE,3,0,"11,11,11|3,6,7",QUAL,WORLD_CHAMPIONSHIPS,WT,2535,Qualification,HANSSON Matilda (SWE),SHAO Jieni (POR),,,0 - 3,3:11 6:11 7:11,SHAO Jieni,2022
ITTF World Team Championships Finals Presented by China Telecom 2022,2022-09-30,PATEL Danisha,PAVADE Prithika,FRA,RSA,3,0,"11,11,11|6,6,5",QUAL,WORLD_CHAMPIONSHIPS,WT,2535,Qualification,PATEL Danisha (RSA),PAVADE Prithika (FRA),,,0 - 3,6:11 6:11 5:11,PAVADE Prithika,2022
ITTF World Team Championships Finals Presented by China Telecom 2022,2022-09-30,KALAM Musfiquh,YUAN Jia Nan,FRA,RSA,3,0,"11,11,11|0,4,0",QUAL,WORLD_CHAMPIONSHIPS,WT,2535,Qualification,KALAM Musfiquh (RSA),YUAN Jia Nan (FRA),,,0 - 3,0:11 4:11 0:11,YUAN Jia Nan,2022
ITTF World Team Championships Finals Presented by China Telecom 2022,2022-09-30,MAPHANGA Zodwa,LUTZ Charlotte,FRA,RSA,3,0,"11,11,11|5,2,9",QUAL,WORLD_CHAMPIONSHIPS,WT,2535,Qualification,MAPHANGA Zodwa (RSA),LUTZ Charlotte (FRA),,,0 - 3,5:11 2:11 9:11,LUTZ Charlotte,2022
ITTF World Team Championships Finals Presented by China Telecom 2022,2022-09-30,GERASSIMENKO Kirill,LEBRUN Felix,FRA,KAZ,3,0,"11,11,11|5,5,9",QUAL,WORLD_CHAMPIONSHIPS,MT,2535,Qualification,GERASSIMENKO Kirill (KAZ),LEBRUN Felix (FRA),,,0 - 3,5:11 5:11 9:11,LEBRUN Felix,2022
ITTF World Team Championships Finals Presented by China Telecom 2022,2022-09-30,ZHOLUDEV Denis,LEBRUN Alexis,FRA,KAZ,3,1,"11,11,9,11|5,9,11,3",QUAL,WORLD_CHAMPIONSHIPS,MT,2535,Qualification,ZHOLUDEV Denis (KAZ),LEBRUN Alexis (FRA),,,1 - 3,5:11 9:11 11:9 3:11,LEBRUN Alexis,2022
ITTF World Team Championships Finals Presented by China Telecom 2022,2022-09-30,KENZHIGULOV Aidos,LEBESSON Emmanuel,FRA,KAZ,3,1,"11,11,9,11|4,8,11,6",QUAL,WORLD_CHAMPIONSHIPS,MT,2535,Qualification,KENZHIGULOV Aidos (KAZ),LEBESSON Emmanuel (FRA),,,1 - 3,4:11 8:11 11:9 6:11,LEBESSON Emmanuel,2022
ITTF World Team Championships Finals Presented by China Telecom 2022,2022-09-30,KHOLIKOV Elmurod,DESAI Harmeet,IND,UZB,3,0,"11,11,11|9,9,1",QUAL,WORLD_CHAMPIONSHIPS,MT,2535,Qualification,KHOLIKOV Elmurod (UZB),DESAI Harmeet (IND),,,0 - 3,9:11 9:11 1:11,DESAI Harmeet,2022
ITTF World Team Championships Finals Presented by China Telecom 2022,2022-09-30,ANORBOEV Abdulaziz,GNANASEKARAN Sathiyan,IND,UZB,3,0,"11,11,11|3,6,9",QUAL,WORLD_CHAMPIONSHIPS,MT,2535,Qualification,ANORBOEV Abdulaziz (UZB),GNANASEKARAN Sathiyan (IND),,,0 - 3,3:11 6:11 9:11,GNANASEKARAN Sathiyan,2022
ITTF World Team Championships Finals Presented by China Telecom 2022,2022-09-30,ISKANDAROV Shokhrukh,THAKKAR Manav,IND,UZB,3,0,"11,11,11|8,5,5",QUAL,WORLD_CHAMPIONSHIPS,MT,2535,Qualification,ISKANDAROV Shokhrukh (UZB),THAKKAR Manav (IND),,,0 - 3,8:11 5:11 5:11,THAKKAR Manav,2022
ITTF World Team Championships Finals Presented by China Telecom 2022,2022-09-30,MOREGARD Truls,WALKER Samuel,SWE,ENG,3,1,"11,9,11,11|5,11,3,5",QUAL,WORLD_CHAMPIONSHIPS,MT,2535,Qualification,MOREGARD Truls (SWE),WALKER Samuel (ENG),,,3 - 1,11:5 9:11 11:3 11:5,MOREGARD Truls,2022
ITTF World Team Championships Finals Presented by China Telecom 2022,2022-09-30,KALLBERG Anton,PITCHFORD Liam,ENG,SWE,3,1,"11,5,11,11|8,11,9,9",QUAL,WORLD_CHAMPIONSHIPS,MT,2535,Qualification,KALLBERG Anton (SWE),PITCHFORD Liam (ENG),,,1 - 3,8:11 11:5 9:11 9:11,PITCHFORD Liam,2022
ITTF World Team Championships Finals Presented by China Telecom 2022,2022-09-30,KARLSSON Kristian,MCBEATH David,SWE,ENG,3,0,"11,11,11|9,4,4",QUAL,WORLD_CHAMPIONSHIPS,MT,2535,Qualification,KARLSSON Kristian (SWE),MCBEATH David (ENG),,,3 - 0,11:9 11:4 11:4,KARLSSON Kristian,2022
ITTF World Team Championships Finals Presented by China Telecom 2022,2022-09-30,MOREGARD Truls,PITCHFORD Liam,SWE,ENG,3,1,"11,11,7,11|8,7,11,7",QUAL,WORLD_CHAMPIONSHIPS,MT,2535,Qualification,MOREGARD Truls (SWE),PITCHFORD Liam (ENG),,,3 - 1,11:8 11:7 7:11 11:7,MOREGARD Truls,2022
ITTF World Team Championships Finals Presented by China Telecom 2022,2022-09-30,ALAMIAN Nima,NG Pak Nam,IRI,HKG,3,0,"11,11,11|7,5,5",QUAL,WORLD_CHAMPIONSHIPS,MT,2535,Qualification,ALAMIAN Nima (IRI),NG Pak Nam (HKG),,,3 - 0,11:7 11:5 11:5,ALAMIAN Nima,2022
ITTF World Team Championships Finals Presented by China Telecom 2022,2022-09-30,HODAEI Amir Hossein,WONG Chun Ting,HKG,IRI,3,0,"11,11,11|3,6,4",QUAL,WORLD_CHAMPIONSHIPS,MT,2535,Qualification,HODAEI Amir Hossein (IRI),WONG Chun Ting (HKG),,,0 - 3,3:11 6:11 4:11,WONG Chun Ting,2022
ITTF World Team Championships Finals Presented by China Telecom 2022,2022-09-30,ALAMIYAN Noshad,LAM Siu Hang,IRI,HKG,3,0,"11,11,11|6,3,6",QUAL,WORLD_CHAMPIONSHIPS,MT,2535,Qualification,ALAMIYAN Noshad (IRI),LAM Siu Hang (HKG),,,3 - 0,11:6 11:3 11:6,ALAMIYAN Noshad,2022
ITTF World Team Championships Finals Presented by China Telecom 2022,2022-09-30,ALAMIAN Nima,WONG Chun Ting,HKG,IRI,3,2,"8,7,17,11,11|11,11,15,8,9",QUAL,WORLD_CHAMPIONSHIPS,MT,2535,Qualification,ALAMIAN Nima (IRI),WONG Chun Ting (HKG),,,2 - 3,11:8 11:7 15:17 8:11 9:11,WONG Chun Ting,2022
ITTF World Team Championships Finals Presented by China Telecom 2022,2022-09-30,HODAEI Amir Hossein,NG Pak Nam,HKG,IRI,3,1,"9,11,11,11|11,9,9,8",QUAL,WORLD_CHAMPIONSHIPS,MT,2535,Qualification,HODAEI Amir Hossein (IRI),NG Pak Nam (HKG),,,1 - 3,11:9 9:11 9:11 8:11,NG Pak Nam,2022
ITTF World Team Championships Finals Presented by China Telecom 2022,2022-09-30,KULCZYCKI Samuel,CHAMBERS Dillon,POL,AUS,3,0,"11,11,11|4,4,9",QUAL,WORLD_CHAMPIONSHIPS,MT,2535,Qualification,KULCZYCKI Samuel (POL),CHAMBERS Dillon (AUS),,,3 - 0,11:4 11:4 11:9,KULCZYCKI Samuel,2022
ITTF World Team Championships Finals Presented by China Telecom 2022,2022-09-30,REDZIMSKI Milosz,LUM Nicholas,POL,AUS,3,2,"5,8,14,11,11|11,11,12,3,9",QUAL,WORLD_CHAMPIONSHIPS,MT,2535,Qualification,REDZIMSKI Milosz (POL),LUM Nicholas (AUS),,,3 - 2,5:11 8:11 14:12 11:3 11:9,REDZIMSKI Milosz,2022
ITTF World Team Championships Finals Presented by China Telecom 2022,2022-09-30,KUBIK Maciej,LUU Finn,POL,AUS,3,0,"11,11,11|5,8,8",QUAL,WORLD_CHAMPIONSHIPS,MT,2535,Qualification,KUBIK Maciej (POL),LUU Finn (AUS),,,3 - 0,11:5 11:8 11:8,KUBIK Maciej,2022
ITTF World Team Championships Finals Presented by China Telecom 2022,2022-09-30,MAGDIEVA Markhabo,WEGRZYN Anna,POL,UZB,3,2,"11,11,7,12,11|8,9,11,14,9",QUAL,WORLD_CHAMPIONSHIPS,WT,2535,Qualification,MAGDIEVA Markhabo (UZB),WEGRZYN Anna (POL),,,2 - 3,8:11 9:11 11:7 14:12 9:11,WEGRZYN Anna,2022
ITTF World Team Championships Finals Presented by China Telecom 2022,2022-09-30,ERKEBAEVA Asel,WEGRZYN Katarzyna,POL,UZB,3,1,"11,11,10,11|3,6,12,4",QUAL,WORLD_CHAMPIONSHIPS,WT,2535,Qualification,ERKEBAEVA Asel (UZB),WEGRZYN Katarzyna (POL),,,1 - 3,3:11 6:11 12:10 4:11,WEGRZYN Katarzyna,2022
ITTF World Team Championships Finals Presented by China Telecom 2022,2022-09-30,KHADJIEVA Rozalina,KRZYSIEK Paulina,UZB,POL,3,1,"11,11,7,11|9,5,11,4",QUAL,WORLD_CHAMPIONSHIPS,WT,2535,Qualification,KHADJIEVA Rozalina (UZB),KRZYSIEK Paulina (POL),,,3 - 1,11:9 11:5 7:11 11:4,KHADJIEVA Rozalina,2022
ITTF World Team Championships Finals Presented by China Telecom 2022,2022-09-30,MAGDIEVA Markhabo,WEGRZYN Katarzyna,UZB,POL,3,1,"11,11,10,11|8,8,12,9",QUAL,WORLD_CHAMPIONSHIPS,WT,2535,Qualification,MAGDIEVA Markhabo (UZB),WEGRZYN Katarzyna (POL),,,3 - 1,11:8 11:8 10:12 11:9,MAGDIEVA Markhabo,2022
ITTF World Team Championships Finals Presented by China Telecom 2022,2022-09-30,ERKEBAEVA Asel,WEGRZYN Anna,POL,UZB,3,0,"11,11,11|4,7,2",QUAL,WORLD_CHAMPIONSHIPS,WT,2535,Qualification,ERKEBAEVA Asel (UZB),WEGRZYN Anna (POL),,,0 - 3,4:11 7:11 2:11,WEGRZYN Anna,2022
ITTF World Team Championships Finals Presented by China Telecom 2022,2022-09-30,BATRA Manika,HAN Ying,GER,IND,3,0,"11,11,11|3,1,2",QUAL,WORLD_CHAMPIONSHIPS,WT,2535,Qualification,BATRA Manika (IND),HAN Ying (GER),,,0 - 3,3:11 1:11 2:11,HAN Ying,2022
ITTF World Team Championships Finals Presented by China Telecom 2022,2022-09-30,AKULA Sreeja,MITTELHAM Nina,IND,GER,3,0,"11,12,11|9,10,7",QUAL,WORLD_CHAMPIONSHIPS,WT,2535,Qualification,AKULA Sreeja (IND),MITTELHAM Nina (GER),,,3 - 0,11:9 12:10 11:7,AKULA Sreeja,2022
ITTF World Team Championships Finals Presented by China Telecom 2022,2022-09-30,CHITALE Diya,WINTER Sabine,IND,GER,3,1,"11,11,6,13|9,8,11,11",QUAL,WORLD_CHAMPIONSHIPS,WT,2535,Qualification,CHITALE Diya (IND),WINTER Sabine (GER),,,3 - 1,11:9 11:8 6:11 13:11,CHITALE Diya,2022
ITTF World Team Championships Finals Presented by China Telecom 2022,2022-09-30,BATRA Manika,MITTELHAM Nina,GER,IND,3,1,"7,11,11,11|11,6,7,8",QUAL,WORLD_CHAMPIONSHIPS,WT,2535,Qualification,BATRA Manika (IND),MITTELHAM Nina (GER),,,1 - 3,11:7 6:11 7:11 8:11,MITTELHAM Nina,2022
ITTF World Team Championships Finals Presented by China Telecom 2022,2022-09-30,AKULA Sreeja,HAN Ying,GER,IND,3,0,"11,11,11|3,5,4",QUAL,WORLD_CHAMPIONSHIPS,WT,2535,Qualification,AKULA Sreeja (IND),HAN Ying (GER),,,0 - 3,3:11 5:11 4:11,HAN Ying,2022
ITTF World Team Championships Finals Presented by China Telecom 2022,2022-09-30,MESHREF Dina,SEVCIKOVA Marketa,EGY,CZE,3,1,"8,11,12,11|11,6,10,5",QUAL,WORLD_CHAMPIONSHIPS,WT,2535,Qualification,MESHREF Dina (EGY),SEVCIKOVA Marketa (CZE),,,3 - 1,8:11 11:6 12:10 11:5,MESHREF Dina,2022
ITTF World Team Championships Finals Presented by China Telecom 2022,2022-09-30,GODA Hana,MATELOVA Hana,CZE,EGY,3,0,"11,11,11|8,5,9",QUAL,WORLD_CHAMPIONSHIPS,WT,2535,Qualification,GODA Hana (EGY),MATELOVA Hana (CZE),,,0 - 3,8:11 5:11 9:11,MATELOVA Hana,2022
ITTF World Team Championships Finals Presented by China Telecom 2022,2022-09-30,HELMY Yousra,TOMANOVSKA Katerina,CZE,EGY,3,2,"11,9,8,11,11|8,11,11,9,6",QUAL,WORLD_CHAMPIONSHIPS,WT,2535,Qualification,HELMY Yousra (EGY),TOMANOVSKA Katerina (CZE),,,2 - 3,8:11 11:9 11:8 9:11 6:11,TOMANOVSKA Katerina,2022
ITTF World Team Championships Finals Presented by China Telecom 2022,2022-09-30,MESHREF Dina,MATELOVA Hana,CZE,EGY,3,1,"8,11,11,14|11,7,6,12",QUAL,WORLD_CHAMPIONSHIPS,WT,2535,Qualification,MESHREF Dina (EGY),MATELOVA Hana (CZE),,,1 - 3,11:8 7:11 6:11 12:14,MATELOVA Hana,2022
ITTF World Team Championships Finals Presented by China Telecom 2022,2022-09-30,AFANADOR Brian,FAN Zhendong,CHN,PUR,3,0,"11,11,11|2,4,7",QUAL,WORLD_CHAMPIONSHIPS,MT,2535,Qualification,AFANADOR Brian (PUR),FAN Zhendong (CHN),,,0 - 3,2:11 4:11 7:11,FAN Zhendong,2022
ITTF World Team Championships Finals Presented by China Telecom 2022,2022-09-30,GONZALEZ Daniel,MA Long,CHN,PUR,3,0,"11,11,11|6,2,6",QUAL,WORLD_CHAMPIONSHIPS,MT,2535,Qualification,GONZALEZ Daniel (PUR),MA Long (CHN),,,0 - 3,6:11 2:11 6:11,MA Long,2022
ITTF World Team Championships Finals Presented by China Telecom 2022,2022-09-30,NARANJO Angel,WANG Chuqin,CHN,PUR,3,1,"11,11,8,11|1,7,11,4",QUAL,WORLD_CHAMPIONSHIPS,MT,2535,Qualification,NARANJO Angel (PUR),WANG Chuqin (CHN),,,1 - 3,1:11 7:11 11:8 4:11,WANG Chuqin,2022
ITTF World Team Championships Finals Presented by China Telecom 2022,2022-09-30,MADARASZ Dora,KUKULKOVA Tatiana,HUN,SVK,3,0,"12,11,11|10,7,6",QUAL,WORLD_CHAMPIONSHIPS,WT,2535,Qualification,MADARASZ Dora (HUN),KUKULKOVA Tatiana (SVK),,,3 - 0,12:10 11:7 11:6,MADARASZ Dora,2022
ITTF World Team Championships Finals Presented by China Telecom 2022,2022-09-30,DARI Helga,VARADY Barbora,SVK,HUN,3,0,"11,11,11|6,4,9",QUAL,WORLD_CHAMPIONSHIPS,WT,2535,Qualification,DARI Helga (HUN),VARADY Barbora (SVK),,,0 - 3,6:11 4:11 9:11,VARADY Barbora,2022
ITTF World Team Championships Finals Presented by China Telecom 2022,2022-09-30,HARTBRICH Leonie,LABOSOVA Ema,SVK,HUN,3,1,"11,11,9,11|6,8,11,3",QUAL,WORLD_CHAMPIONSHIPS,WT,2535,Qualification,HARTBRICH Leonie (HUN),LABOSOVA Ema (SVK),,,1 - 3,6:11 8:11 11:9 3:11,LABOSOVA Ema,2022
ITTF World Team Championships Finals Presented by China Telecom 2022,2022-09-30,MADARASZ Dora,VARADY Barbora,SVK,HUN,3,1,"11,11,7,11|7,8,11,7",QUAL,WORLD_CHAMPIONSHIPS,WT,2535,Qualification,MADARASZ Dora (HUN),VARADY Barbora (SVK),,,1 - 3,7:11 8:11 11:7 7:11,VARADY Barbora,2022
ITTF World Team Championships Finals Presented by China Telecom 2022,2022-09-30,SANGUANSIN Phakpoom,KOZUL Deni,SLO,THA,3,0,"14,11,11|12,5,3",QUAL,WORLD_CHAMPIONSHIPS,MT,2535,Qualification,SANGUANSIN Phakpoom (THA),KOZUL Deni (SLO),,,0 - 3,12:14 5:11 3:11,KOZUL Deni,2022
ITTF World Team Championships Finals Presented by China Telecom 2022,2022-09-30,TANCHAROEN Sarayut,JORGIC Darko,SLO,THA,3,0,"11,11,11|6,9,7",QUAL,WORLD_CHAMPIONSHIPS,MT,2535,Qualification,TANCHAROEN Sarayut (THA),JORGIC Darko (SLO),,,0 - 3,6:11 9:11 7:11,JORGIC Darko,2022
ITTF World Team Championships Finals Presented by China Telecom 2022,2022-09-30,PASSARA Pattaratorn,HRIBAR Peter,SLO,THA,3,2,"9,11,11,9,11|11,4,7,11,8",QUAL,WORLD_CHAMPIONSHIPS,MT,2535,Qualification,PASSARA Pattaratorn (THA),HRIBAR Peter (SLO),,,2 - 3,11:9 4:11 7:11 11:9 8:11,HRIBAR Peter,2022
ITTF World Team Championships Finals Presented by China Telecom 2022,2022-09-30,SZUDI Adam,SZOCS Hunor,HUN,ROU,3,2,"9,9,13,11,11|11,11,11,6,4",QUAL,WORLD_CHAMPIONSHIPS,MT,2535,Qualification,SZUDI Adam (HUN),SZOCS Hunor (ROU),,,3 - 2,9:11 9:11 13:11 11:6 11:4,SZUDI Adam,2022
ITTF World Team Championships Finals Presented by China Telecom 2022,2022-09-30,MAJOROS Bence,IONESCU Ovidiu,ROU,HUN,3,1,"11,11,7,11|5,8,11,4",QUAL,WORLD_CHAMPIONSHIPS,MT,2535,Qualification,MAJOROS Bence (HUN),IONESCU Ovidiu (ROU),,,1 - 3,5:11 8:11 11:7 4:11,IONESCU Ovidiu,2022
ITTF World Team Championships Finals Presented by China Telecom 2022,2022-09-30,LAKATOS Tamas,IONESCU Eduard,HUN,ROU,3,1,"5,11,11,11|11,6,6,3",QUAL,WORLD_CHAMPIONSHIPS,MT,2535,Qualification,LAKATOS Tamas (HUN),IONESCU Eduard (ROU),,,3 - 1,5:11 11:6 11:6 11:3,LAKATOS Tamas,2022
ITTF World Team Championships Finals Presented by China Telecom 2022,2022-09-30,SZUDI Adam,IONESCU Ovidiu,ROU,HUN,3,1,"7,11,11,11|11,2,8,8",QUAL,WORLD_CHAMPIONSHIPS,MT,2535,Qualification,SZUDI Adam (HUN),IONESCU Ovidiu (ROU),,,1 - 3,11:7 2:11 8:11 8:11,IONESCU Ovidiu,2022
ITTF World Team Championships Finals Presented by China Telecom 2022,2022-09-30,MAJOROS Bence,SZOCS Hunor,HUN,ROU,3,0,"11,11,11|8,6,8",QUAL,WORLD_CHAMPIONSHIPS,MT,2535,Qualification,MAJOROS Bence (HUN),SZOCS Hunor (ROU),,,3 - 0,11:8 11:6 11:8,MAJOROS Bence,2022
ITTF World Team Championships Finals Presented by China Telecom 2022,2022-09-30,LY Edward,ABDELAZIZ Youssef,EGY,CAN,3,0,"12,11,12|10,6,10",QUAL,WORLD_CHAMPIONSHIPS,MT,2535,Qualification,LY Edward (CAN),ABDELAZIZ Youssef (EGY),,,0 - 3,10:12 6:11 10:12,ABDELAZIZ Youssef,2022
ITTF World Team Championships Finals Presented by China Telecom 2022,2022-09-30,XU David,ELBEIALI Mohamed,EGY,CAN,3,0,"11,11,11|8,1,4",QUAL,WORLD_CHAMPIONSHIPS,MT,2535,Qualification,XU David (CAN),ELBEIALI Mohamed (EGY),,,0 - 3,8:11 1:11 4:11,ELBEIALI Mohamed,2022
ITTF World Team Championships Finals Presented by China Telecom 2022,2022-09-30,WANG Zexuan,SHOUMAN Mohamed,EGY,CAN,3,1,"11,11,7,11|4,6,11,3",QUAL,WORLD_CHAMPIONSHIPS,MT,2535,Qualification,WANG Zexuan (CAN),SHOUMAN Mohamed (EGY),,,1 - 3,4:11 6:11 11:7 3:11,SHOUMAN Mohamed,2022
ITTF World Team Championships Finals Presented by China Telecom 2022,2022-09-30,ALKHADRAWI Ali,VALENTA Jan,KSA,CZE,3,2,"11,12,9,9,11|5,10,11,11,9",QUAL,WORLD_CHAMPIONSHIPS,MT,2535,Qualification,ALKHADRAWI Ali (KSA),VALENTA Jan (CZE),,,3 - 2,11:5 12:10 9:11 9:11 11:9,ALKHADRAWI Ali,2022
ITTF World Team Championships Finals Presented by China Telecom 2022,2022-09-30,BU SHULAYBI Abdulaziz,POLANSKY Tomas,CZE,KSA,3,1,"11,11,8,11|2,5,11,5",QUAL,WORLD_CHAMPIONSHIPS,MT,2535,Qualification,BU SHULAYBI Abdulaziz (KSA),POLANSKY Tomas (CZE),,,1 - 3,2:11 5:11 11:8 5:11,POLANSKY Tomas,2022
ITTF World Team Championships Finals Presented by China Telecom 2022,2022-09-30,ALIM Azzam,KOLDAS Tomas,CZE,KSA,3,1,"12,11,7,11|10,8,11,8",QUAL,WORLD_CHAMPIONSHIPS,MT,2535,Qualification,ALIM Azzam (KSA),KOLDAS Tomas (CZE),,,1 - 3,10:12 8:11 11:7 8:11,KOLDAS Tomas,2022
ITTF World Team Championships Finals Presented by China Telecom 2022,2022-09-30,ALKHADRAWI Ali,POLANSKY Tomas,CZE,KSA,3,0,"11,11,11|5,7,5",QUAL,WORLD_CHAMPIONSHIPS,MT,2535,Qualification,ALKHADRAWI Ali (KSA),POLANSKY Tomas (CZE),,,0 - 3,5:11 7:11 5:11,POLANSKY Tomas,2022
ITTF World Team Championships Finals Presented by China Telecom 2022,2022-09-30,CHEN Meng,LIAO Ivy,CHN,CAN,3,0,"11,11,11|5,2,5",QUAL,WORLD_CHAMPIONSHIPS,WT,2535,Qualification,CHEN Meng (CHN),LIAO Ivy (CAN),,,3 - 0,11:5 11:2 11:5,CHEN Meng,2022
ITTF World Team Championships Finals Presented by China Telecom 2022,2022-09-30,SUN Yingsha,LIU Crystal,CHN,CAN,3,0,"11,11,11|8,4,5",QUAL,WORLD_CHAMPIONSHIPS,WT,2535,Qualification,SUN Yingsha (CHN),LIU Crystal (CAN),,,3 - 0,11:8 11:4 11:5,SUN Yingsha,2022
ITTF World Team Championships Finals Presented by China Telecom 2022,2022-09-30,WANG Manyu,NIE Jiayi,CHN,CAN,3,0,"11,11,11|3,3,4",QUAL,WORLD_CHAMPIONSHIPS,WT,2535,Qualification,WANG Manyu (CHN),NIE Jiayi (CAN),,,3 - 0,11:3 11:3 11:4,WANG Manyu,2022
ITTF World Team Championships Finals Presented by China Telecom 2022,2022-09-30,ZENG Jian,DE NUTTE Sarah,SGP,LUX,3,1,"11,6,11,11|2,11,3,9",QUAL,WORLD_CHAMPIONSHIPS,WT,2535,Qualification,ZENG Jian (SGP),DE NUTTE Sarah (LUX),,,3 - 1,11:2 6:11 11:3 11:9,ZENG Jian,2022
ITTF World Team Championships Finals Presented by China Telecom 2022,2022-09-30,ZHOU Jingyi,NI Xia Lian,SGP,LUX,3,2,"4,6,11,11,14|11,11,5,8,12",QUAL,WORLD_CHAMPIONSHIPS,WT,2535,Qualification,ZHOU Jingyi (SGP),NI Xia Lian (LUX),,,3 - 2,4:11 6:11 11:5 11:8 14:12,ZHOU Jingyi,2022
ITTF World Team Championships Finals Presented by China Telecom 2022,2022-09-30,WONG Xin Ru,GONDERINGER Tessy,SGP,LUX,3,0,"11,11,11|8,7,5",QUAL,WORLD_CHAMPIONSHIPS,WT,2535,Qualification,WONG Xin Ru (SGP),GONDERINGER Tessy (LUX),,,3 - 0,11:8 11:7 11:5,WONG Xin Ru,2022
ITTF World Team Championships Finals Presented by China Telecom 2022,2022-09-30,ZHANG Lily,LYNE Karen,USA,MAS,3,0,"11,11,11|9,5,4",QUAL,WORLD_CHAMPIONSHIPS,WT,2535,Qualification,ZHANG Lily (USA),LYNE Karen (MAS),,,3 - 0,11:9 11:5 11:4,ZHANG Lily,2022
ITTF World Team Championships Finals Presented by China Telecom 2022,2022-09-30,JALLI Sarah,CHANG Li Sian,MAS,USA,3,0,"11,11,11|5,7,8",QUAL,WORLD_CHAMPIONSHIPS,WT,2535,Qualification,JALLI Sarah (USA),CHANG Li Sian (MAS),,,0 - 3,5:11 7:11 8:11,CHANG Li Sian,2022
ITTF World Team Championships Finals Presented by China Telecom 2022,2022-09-30,KE Tiffany,TEE Ai Xin,MAS,USA,3,1,"11,12,11,11|7,10,13,5",QUAL,WORLD_CHAMPIONSHIPS,WT,2535,Qualification,KE Tiffany (USA),TEE Ai Xin (MAS),,,1 - 3,7:11 10:12 13:11 5:11,TEE Ai Xin,2022
ITTF World Team Championships Finals Presented by China Telecom 2022,2022-09-30,ZHANG Lily,CHANG Li Sian,USA,MAS,3,2,"10,11,7,11,11|12,5,11,5,9",QUAL,WORLD_CHAMPIONSHIPS,WT,2535,Qualification,ZHANG Lily (USA),CHANG Li Sian (MAS),,,3 - 2,10:12 11:5 7:11 11:5 11:9,ZHANG Lily,2022
ITTF World Team Championships Finals Presented by China Telecom 2022,2022-09-30,JALLI Sarah,LYNE Karen,MAS,USA,3,0,"11,11,11|3,9,8",QUAL,WORLD_CHAMPIONSHIPS,WT,2535,Qualification,JALLI Sarah (USA),LYNE Karen (MAS),,,0 - 3,3:11 9:11 8:11,LYNE Karen,2022
ITTF World Team Championships Finals Presented by China Telecom 2022,2022-09-30,PARANANG Orawan,ASHTARI Mahshid,THA,IRI,3,0,"12,11,11|10,2,9",QUAL,WORLD_CHAMPIONSHIPS,WT,2535,Qualification,PARANANG Orawan (THA),ASHTARI Mahshid (IRI),,,3 - 0,12:10 11:2 11:9,PARANANG Orawan,2022
ITTF World Team Championships Finals Presented by China Telecom 2022,2022-09-30,SAWETTABUT Jinnipa,SHAHSAVARI Neda,THA,IRI,3,2,"11,11,11,6,11|9,13,5,11,8",QUAL,WORLD_CHAMPIONSHIPS,WT,2535,Qualification,SAWETTABUT Jinnipa (THA),SHAHSAVARI Neda (IRI),,,3 - 2,11:9 11:13 11:5 6:11 11:8,SAWETTABUT Jinnipa,2022
ITTF World Team Championships Finals Presented by China Telecom 2022,2022-09-30,AUEAWIRIYAYOTHIN Wanwisa,HAJILOU Parinaz,THA,IRI,3,1,"11,16,6,11|5,14,11,6",QUAL,WORLD_CHAMPIONSHIPS,WT,2535,Qualification,AUEAWIRIYAYOTHIN Wanwisa (THA),HAJILOU Parinaz (IRI),,,3 - 1,11:5 16:14 6:11 11:6,AUEAWIRIYAYOTHIN Wanwisa,2022
ITTF World Team Championships Finals Presented by China Telecom 2022,2022-09-30,CHUANG Chih-Yuan,ALLEGRO Martin,TPE,BEL,3,1,"11,13,4,11|3,11,11,6",QUAL,WORLD_CHAMPIONSHIPS,MT,2535,Qualification,CHUANG Chih-Yuan (TPE),ALLEGRO Martin (BEL),,,3 - 1,11:3 13:11 4:11 11:6,CHUANG Chih-Yuan,2022
ITTF World Team Championships Finals Presented by China Telecom 2022,2022-09-30,LIAO Cheng-Ting,NUYTINCK Cedric,BEL,TPE,3,0,"11,11,11|5,9,4",QUAL,WORLD_CHAMPIONSHIPS,MT,2535,Qualification,LIAO Cheng-Ting (TPE),NUYTINCK Cedric (BEL),,,0 - 3,5:11 9:11 4:11,NUYTINCK Cedric,2022
ITTF World Team Championships Finals Presented by China Telecom 2022,2022-09-30,HUANG Yan-Cheng,RASSENFOSSE Adrien,BEL,TPE,3,1,"12,8,13,11|10,11,11,7",QUAL,WORLD_CHAMPIONSHIPS,MT,2535,Qualification,HUANG Yan-Cheng (TPE),RASSENFOSSE Adrien (BEL),,,1 - 3,10:12 11:8 11:13 7:11,RASSENFOSSE Adrien,2022
ITTF World Team Championships Finals Presented by China Telecom 2022,2022-09-30,CHUANG Chih-Yuan,NUYTINCK Cedric,BEL,TPE,3,1,"11,16,5,11|8,14,11,8",QUAL,WORLD_CHAMPIONSHIPS,MT,2535,Qualification,CHUANG Chih-Yuan (TPE),NUYTINCK Cedric (BEL),,,1 - 3,8:11 14:16 11:5 8:11,NUYTINCK Cedric,2022
ITTF World Team Championships Finals Presented by China Telecom 2022,2022-09-30,GACINA Andrej,CHEW Clarence,CRO,SGP,3,0,"11,12,11|8,10,7",QUAL,WORLD_CHAMPIONSHIPS,MT,2535,Qualification,GACINA Andrej (CRO),CHEW Clarence (SGP),,,3 - 0,11:8 12:10 11:7,GACINA Andrej,2022
ITTF World Team Championships Finals Presented by China Telecom 2022,2022-09-30,PUCAR Tomislav,PANG Koen,SGP,CRO,3,0,"11,11,11|4,8,7",QUAL,WORLD_CHAMPIONSHIPS,MT,2535,Qualification,PUCAR Tomislav (CRO),PANG Koen (SGP),,,0 - 3,4:11 8:11 7:11,PANG Koen,2022
ITTF World Team Championships Finals Presented by China Telecom 2022,2022-09-30,ZELJKO Filip,QUEK Izaac,SGP,CRO,3,0,"11,11,11|9,7,9",QUAL,WORLD_CHAMPIONSHIPS,MT,2535,Qualification,ZELJKO Filip (CRO),QUEK Izaac (SGP),,,0 - 3,9:11 7:11 9:11,QUEK Izaac,2022
ITTF World Team Championships Finals Presented by China Telecom 2022,2022-09-30,GACINA Andrej,PANG Koen,CRO,SGP,3,2,"14,5,11,11,15|16,11,8,2,13",QUAL,WORLD_CHAMPIONSHIPS,MT,2535,Qualification,GACINA Andrej (CRO),PANG Koen (SGP),,,3 - 2,14:16 5:11 11:8 11:2 15:13,GACINA Andrej,2022
ITTF World Team Championships Finals Presented by China Telecom 2022,2022-09-30,PUCAR Tomislav,CHEW Clarence,CRO,SGP,3,2,"11,8,8,11,11|8,11,11,6,9",QUAL,WORLD_CHAMPIONSHIPS,MT,2535,Qualification,PUCAR Tomislav (CRO),CHEW Clarence (SGP),,,3 - 2,11:8 8:11 8:11 11:6 11:9,PUCAR Tomislav,2022
ITTF World Team Championships Finals Presented by China Telecom 2022,2022-09-30,DOO Hoi Kem,PAVADE Prithika,HKG,FRA,3,1,"6,11,11,11|11,7,6,8",QUAL,WORLD_CHAMPIONSHIPS,WT,2535,Qualification,DOO Hoi Kem (HKG),PAVADE Prithika (FRA),,,3 - 1,6:11 11:7 11:6 11:8,DOO Hoi Kem,2022
ITTF World Team Championships Finals Presented by China Telecom 2022,2022-09-30,ZHU Chengzhu,YUAN Jia Nan,HKG,FRA,3,1,"11,11,9,11|7,4,11,9",QUAL,WORLD_CHAMPIONSHIPS,WT,2535,Qualification,ZHU Chengzhu (HKG),YUAN Jia Nan (FRA),,,3 - 1,11:7 11:4 9:11 11:9,ZHU Chengzhu,2022
ITTF World Team Championships Finals Presented by China Telecom 2022,2022-09-30,LEE Ho Ching,CHASSELIN Pauline,FRA,HKG,3,0,"11,11,11|7,9,9",QUAL,WORLD_CHAMPIONSHIPS,WT,2535,Qualification,LEE Ho Ching (HKG),CHASSELIN Pauline (FRA),,,0 - 3,7:11 9:11 9:11,CHASSELIN Pauline,2022
ITTF World Team Championships Finals Presented by China Telecom 2022,2022-09-30,DOO Hoi Kem,YUAN Jia Nan,FRA,HKG,3,1,"11,3,14,11|9,11,12,9",QUAL,WORLD_CHAMPIONSHIPS,WT,2535,Qualification,DOO Hoi Kem (HKG),YUAN Jia Nan (FRA),,,1 - 3,9:11 11:3 12:14 9:11,YUAN Jia Nan,2022
ITTF World Team Championships Finals Presented by China Telecom 2022,2022-09-30,ZHU Chengzhu,PAVADE Prithika,HKG,FRA,3,1,"11,12,8,11|6,10,11,6",QUAL,WORLD_CHAMPIONSHIPS,WT,2535,Qualification,ZHU Chengzhu (HKG),PAVADE Prithika (FRA),,,3 - 1,11:6 12:10 8:11 11:6,ZHU Chengzhu,2022
ITTF World Team Championships Finals Presented by China Telecom 2022,2022-09-30,CALDERANO Hugo,GERALDO Joao,BRA,POR,3,2,"13,6,11,7,11|11,11,8,11,8",QUAL,WORLD_CHAMPIONSHIPS,MT,2535,Qualification,CALDERANO Hugo (BRA),GERALDO Joao (POR),,,3 - 2,13:11 6:11 11:8 7:11 11:8,CALDERANO Hugo,2022
ITTF World Team Championships Finals Presented by China Telecom 2022,2022-09-30,JOUTI Eric,FREITAS Marcos,POR,BRA,3,0,"11,11,11|4,6,5",QUAL,WORLD_CHAMPIONSHIPS,MT,2535,Qualification,JOUTI Eric (BRA),FREITAS Marcos (POR),,,0 - 3,4:11 6:11 5:11,FREITAS Marcos,2022
ITTF World Team Championships Finals Presented by China Telecom 2022,2022-09-30,ISHIY Vitor,MONTEIRO Joao,POR,BRA,3,2,"12,4,9,11,11|10,11,11,5,8",QUAL,WORLD_CHAMPIONSHIPS,MT,2535,Qualification,ISHIY Vitor (BRA),MONTEIRO Joao (POR),,,2 - 3,10:12 11:4 11:9 5:11 8:11,MONTEIRO Joao,2022
ITTF World Team Championships Finals Presented by China Telecom 2022,2022-09-30,CALDERANO Hugo,FREITAS Marcos,BRA,POR,3,1,"11,9,11,11|8,11,9,7",QUAL,WORLD_CHAMPIONSHIPS,MT,2535,Qualification,CALDERANO Hugo (BRA),FREITAS Marcos (POR),,,3 - 1,11:8 9:11 11:9 11:7,CALDERANO Hugo,2022
ITTF World Team Championships Finals Presented by China Telecom 2022,2022-09-30,JOUTI Eric,GERALDO Joao,POR,BRA,3,1,"7,11,11,11|11,4,7,4",QUAL,WORLD_CHAMPIONSHIPS,MT,2535,Qualification,JOUTI Eric (BRA),GERALDO Joao (POR),,,1 - 3,11:7 4:11 7:11 4:11,GERALDO Joao,2022
ITTF World Team Championships Finals Presented by China Telecom 2022,2022-09-30,AFANADOR Brian,TANCHAROEN Sarayut,PUR,THA,3,1,"5,11,11,12|11,6,7,10",QUAL,WORLD_CHAMPIONSHIPS,MT,2535,Qualification,AFANADOR Brian (PUR),TANCHAROEN Sarayut (THA),,,3 - 1,5:11 11:6 11:7 12:10,AFANADOR Brian,2022
ITTF World Team Championships Finals Presented by China Telecom 2022,2022-09-30,GONZALEZ Daniel,SANGUANSIN Phakpoom,PUR,THA,3,0,"11,11,11|9,9,6",QUAL,WORLD_CHAMPIONSHIPS,MT,2535,Qualification,GONZALEZ Daniel (PUR),SANGUANSIN Phakpoom (THA),,,3 - 0,11:9 11:9 11:6,GONZALEZ Daniel,2022
ITTF World Team Championships Finals Presented by China Telecom 2022,2022-09-30,NARANJO Angel,PASSARA Pattaratorn,PUR,THA,3,0,"15,12,12|13,10,10",QUAL,WORLD_CHAMPIONSHIPS,MT,2535,Qualification,NARANJO Angel (PUR),PASSARA Pattaratorn (THA),,,3 - 0,15:13 12:10 12:10,NARANJO Angel,2022
ITTF World Team Championships Finals Presented by China Telecom 2022,2022-09-30,MESHREF Dina,HAN Ying,GER,EGY,3,0,"11,11,11|5,3,6",QUAL,WORLD_CHAMPIONSHIPS,WT,2535,Qualification,MESHREF Dina (EGY),HAN Ying (GER),,,0 - 3,5:11 3:11 6:11,HAN Ying,2022
ITTF World Team Championships Finals Presented by China Telecom 2022,2022-09-30,GODA Hana,SHAN Xiaona,GER,EGY,3,0,"11,11,11|4,9,4",QUAL,WORLD_CHAMPIONSHIPS,WT,2535,Qualification,GODA Hana (EGY),SHAN Xiaona (GER),,,0 - 3,4:11 9:11 4:11,SHAN Xiaona,2022
ITTF World Team Championships Finals Presented by China Telecom 2022,2022-09-30,ALHODABY Mariam,MITTELHAM Nina,GER,EGY,3,0,"14,13,11|12,11,3",QUAL,WORLD_CHAMPIONSHIPS,WT,2535,Qualification,ALHODABY Mariam (EGY),MITTELHAM Nina (GER),,,0 - 3,12:14 11:13 3:11,MITTELHAM Nina,2022
ITTF World Team Championships Finals Presented by China Telecom 2022,2022-09-30,GNANASEKARAN Sathiyan,DUDA Benedikt,IND,GER,3,2,"11,4,11,11,11|13,11,8,4,9",QUAL,WORLD_CHAMPIONSHIPS,MT,2535,Qualification,GNANASEKARAN Sathiyan (IND),DUDA Benedikt (GER),,,3 - 2,11:13 4:11 11:8 11:4 11:9,GNANASEKARAN Sathiyan,2022
ITTF World Team Championships Finals Presented by China Telecom 2022,2022-09-30,DESAI Harmeet,QIU Dang,GER,IND,3,1,"11,11,11,11|7,9,13,3",QUAL,WORLD_CHAMPIONSHIPS,MT,2535,Qualification,DESAI Harmeet (IND),QIU Dang (GER),,,1 - 3,7:11 9:11 13:11 3:11,QIU Dang,2022
ITTF World Team Championships Finals Presented by China Telecom 2022,2022-09-30,THAKKAR Manav,WALTHER Ricardo,IND,GER,3,1,"13,6,11,12|11,11,8,10",QUAL,WORLD_CHAMPIONSHIPS,MT,2535,Qualification,THAKKAR Manav (IND),WALTHER Ricardo (GER),,,3 - 1,13:11 6:11 11:8 12:10,THAKKAR Manav,2022
ITTF World Team Championships Finals Presented by China Telecom 2022,2022-09-30,GNANASEKARAN Sathiyan,QIU Dang,IND,GER,3,2,"10,7,11,11,11|12,11,8,8,9",QUAL,WORLD_CHAMPIONSHIPS,MT,2535,Qualification,GNANASEKARAN Sathiyan (IND),QIU Dang (GER),,,3 - 2,10:12 7:11 11:8 11:8 11:9,GNANASEKARAN Sathiyan,2022
ITTF World Team Championships Finals Presented by China Telecom 2022,2022-09-30,PARANANG Orawan,YOON Hyobin,THA,KOR,3,0,"11,11,11|7,8,4",QUAL,WORLD_CHAMPIONSHIPS,WT,2535,Qualification,PARANANG Orawan (THA),YOON Hyobin (KOR),,,3 - 0,11:7 11:8 11:4,PARANANG Orawan,2022
ITTF World Team Championships Finals Presented by China Telecom 2022,2022-09-30,SAWETTABUT Jinnipa,LEE Zion,KOR,THA,3,2,"11,8,11,13,15|7,11,5,15,13",QUAL,WORLD_CHAMPIONSHIPS,WT,2535,Qualification,SAWETTABUT Jinnipa (THA),LEE Zion (KOR),,,2 - 3,7:11 11:8 5:11 15:13 13:15,LEE Zion,2022
ITTF World Team Championships Finals Presented by China Telecom 2022,2022-09-30,AUEAWIRIYAYOTHIN Wanwisa,KIM Nayeong,KOR,THA,3,1,"13,11,11,11|15,6,5,9",QUAL,WORLD_CHAMPIONSHIPS,WT,2535,Qualification,AUEAWIRIYAYOTHIN Wanwisa (THA),KIM Nayeong (KOR),,,1 - 3,15:13 6:11 5:11 9:11,KIM Nayeong,2022
ITTF World Team Championships Finals Presented by China Telecom 2022,2022-09-30,PARANANG Orawan,LEE Zion,KOR,THA,3,2,"11,4,7,11,11|4,11,11,6,9",QUAL,WORLD_CHAMPIONSHIPS,WT,2535,Qualification,PARANANG Orawan (THA),LEE Zion (KOR),,,2 - 3,4:11 11:4 11:7 6:11 9:11,LEE Zion,2022
ITTF World Team Championships Finals Presented by China Telecom 2022,2022-09-30,ANORBOEV Abdulaziz,ZHOLUDEV Denis,KAZ,UZB,3,0,"11,11,11|6,6,8",QUAL,WORLD_CHAMPIONSHIPS,MT,2535,Qualification,ANORBOEV Abdulaziz (UZB),ZHOLUDEV Denis (KAZ),,,0 - 3,6:11 6:11 8:11,ZHOLUDEV Denis,2022
ITTF World Team Championships Finals Presented by China Telecom 2022,2022-09-30,ISKANDAROV Shokhrukh,GERASSIMENKO Kirill,KAZ,UZB,3,0,"11,11,11|2,6,8",QUAL,WORLD_CHAMPIONSHIPS,MT,2535,Qualification,ISKANDAROV Shokhrukh (UZB),GERASSIMENKO Kirill (KAZ),,,0 - 3,2:11 6:11 8:11,GERASSIMENKO Kirill,2022
ITTF World Team Championships Finals Presented by China Telecom 2022,2022-09-30,KHOLIKOV Elmurod,KURMANGALIYEV Alan,KAZ,UZB,3,0,"11,11,12|5,2,10",QUAL,WORLD_CHAMPIONSHIPS,MT,2535,Qualification,KHOLIKOV Elmurod (UZB),KURMANGALIYEV Alan (KAZ),,,0 - 3,5:11 2:11 10:12,KURMANGALIYEV Alan,2022
ITTF World Team Championships Finals Presented by China Telecom 2022,2022-09-30,NI Xia Lian,RAHIMI Elina,LUX,IRI,3,1,"11,8,11,11|9,11,5,6",QUAL,WORLD_CHAMPIONSHIPS,WT,2535,Qualification,NI Xia Lian (LUX),RAHIMI Elina (IRI),,,3 - 1,11:9 8:11 11:5 11:6,NI Xia Lian,2022
ITTF World Team Championships Finals Presented by China Telecom 2022,2022-09-30,DE NUTTE Sarah,SHAHSAVARI Neda,LUX,IRI,3,1,"11,11,6,15|9,6,11,13",QUAL,WORLD_CHAMPIONSHIPS,WT,2535,Qualification,DE NUTTE Sarah (LUX),SHAHSAVARI Neda (IRI),,,3 - 1,11:9 11:6 6:11 15:13,DE NUTTE Sarah,2022
ITTF World Team Championships Finals Presented by China Telecom 2022,2022-09-30,GONDERINGER Tessy,SAFAEI Shima,LUX,IRI,3,2,"16,8,10,11,11|14,11,12,9,6",QUAL,WORLD_CHAMPIONSHIPS,WT,2535,Qualification,GONDERINGER Tessy (LUX),SAFAEI Shima (IRI),,,3 - 2,16:14 8:11 10:12 11:9 11:6,GONDERINGER Tessy,2022
ITTF World Team Championships Finals Presented by China Telecom 2022,2022-09-30,VARADY Barbora,KHADJIEVA Rozalina,SVK,UZB,3,0,"11,11,13|8,8,11",QUAL,WORLD_CHAMPIONSHIPS,WT,2535,Qualification,VARADY Barbora (SVK),KHADJIEVA Rozalina (UZB),,,3 - 0,11:8 11:8 13:11,VARADY Barbora,2022
ITTF World Team Championships Finals Presented by China Telecom 2022,2022-09-30,KUKULKOVA Tatiana,MAGDIEVA Markhabo,SVK,UZB,3,1,"11,11,5,11|3,8,11,9",QUAL,WORLD_CHAMPIONSHIPS,WT,2535,Qualification,KUKULKOVA Tatiana (SVK),MAGDIEVA Markhabo (UZB),,,3 - 1,11:3 11:8 5:11 11:9,KUKULKOVA Tatiana,2022
ITTF World Team Championships Finals Presented by China Telecom 2022,2022-09-30,LABOSOVA Ema,MADALIEVA Sugdiyona,SVK,UZB,3,0,"11,11,11|8,5,2",QUAL,WORLD_CHAMPIONSHIPS,WT,2535,Qualification,LABOSOVA Ema (SVK),MADALIEVA Sugdiyona (UZB),,,3 - 0,11:8 11:5 11:2,LABOSOVA Ema,2022
ITTF World Team Championships Finals Presented by China Telecom 2022,2022-09-30,PATEL Danisha,ARLIA Nicole,ITA,RSA,3,0,"11,11,11|4,5,7",QUAL,WORLD_CHAMPIONSHIPS,WT,2535,Qualification,PATEL Danisha (RSA),ARLIA Nicole (ITA),,,0 - 3,4:11 5:11 7:11,ARLIA Nicole,2022
ITTF World Team Championships Finals Presented by China Telecom 2022,2022-09-30,EDWARDS Lailaa,PICCOLIN Giorgia,ITA,RSA,3,0,"11,11,11|2,3,4",QUAL,WORLD_CHAMPIONSHIPS,WT,2535,Qualification,EDWARDS Lailaa (RSA),PICCOLIN Giorgia (ITA),,,0 - 3,2:11 3:11 4:11,PICCOLIN Giorgia,2022
ITTF World Team Championships Finals Presented by China Telecom 2022,2022-09-30,MAPHANGA Zodwa,VIVARELLI Debora,ITA,RSA,3,1,"11,11,8,11|7,2,11,1",QUAL,WORLD_CHAMPIONSHIPS,WT,2535,Qualification,MAPHANGA Zodwa (RSA),VIVARELLI Debora (ITA),,,1 - 3,7:11 2:11 11:8 1:11,VIVARELLI Debora,2022
ITTF World Team Championships Finals Presented by China Telecom 2022,2022-09-30,DIAZ Adriana,WANG Manyu,CHN,PUR,3,0,"12,11,11|10,4,5",QUAL,WORLD_CHAMPIONSHIPS,WT,2535,Qualification,DIAZ Adriana (PUR),WANG Manyu (CHN),,,0 - 3,10:12 4:11 5:11,WANG Manyu,2022
ITTF World Team Championships Finals Presented by China Telecom 2022,2022-09-30,RIOS Daniely,CHEN Meng,CHN,PUR,3,0,"12,11,11|10,9,4",QUAL,WORLD_CHAMPIONSHIPS,WT,2535,Qualification,RIOS Daniely (PUR),CHEN Meng (CHN),,,0 - 3,10:12 9:11 4:11,CHEN Meng,2022
ITTF World Team Championships Finals Presented by China Telecom 2022,2022-09-30,DIAZ Melanie,WANG Yidi,CHN,PUR,3,0,"11,11,11|1,2,3",QUAL,WORLD_CHAMPIONSHIPS,WT,2535,Qualification,DIAZ Melanie (PUR),WANG Yidi (CHN),,,0 - 3,1:11 2:11 3:11,WANG Yidi,2022
ITTF World Team Championships Finals Presented by China Telecom 2022,2022-09-30,HARIMOTO Tomokazu,IONESCU Eduard,JPN,ROU,3,0,"11,11,11|5,7,9",QUAL,WORLD_CHAMPIONSHIPS,MT,2535,Qualification,HARIMOTO Tomokazu (JPN),IONESCU Eduard (ROU),,,3 - 0,11:5 11:7 11:9,HARIMOTO Tomokazu,2022
ITTF World Team Championships Finals Presented by China Telecom 2022,2022-09-30,TOGAMI Shunsuke,IONESCU Ovidiu,JPN,ROU,3,2,"12,7,11,11,14|10,11,9,13,12",QUAL,WORLD_CHAMPIONSHIPS,MT,2535,Qualification,TOGAMI Shunsuke (JPN),IONESCU Ovidiu (ROU),,,3 - 2,12:10 7:11 11:9 11:13 14:12,TOGAMI Shunsuke,2022
ITTF World Team Championships Finals Presented by China Telecom 2022,2022-09-30,OIKAWA Mizuki,SZOCS Hunor,ROU,JPN,3,0,"11,11,11|6,5,9",QUAL,WORLD_CHAMPIONSHIPS,MT,2535,Qualification,OIKAWA Mizuki (JPN),SZOCS Hunor (ROU),,,0 - 3,6:11 5:11 9:11,SZOCS Hunor,2022
ITTF World Team Championships Finals Presented by China Telecom 2022,2022-09-30,HARIMOTO Tomokazu,IONESCU Ovidiu,ROU,JPN,3,1,"11,11,7,11|8,6,11,5",QUAL,WORLD_CHAMPIONSHIPS,MT,2535,Qualification,HARIMOTO Tomokazu (JPN),IONESCU Ovidiu (ROU),,,1 - 3,8:11 6:11 11:7 5:11,IONESCU Ovidiu,2022
ITTF World Team Championships Finals Presented by China Telecom 2022,2022-09-30,TOGAMI Shunsuke,IONESCU Eduard,JPN,ROU,3,0,"11,11,11|8,3,4",QUAL,WORLD_CHAMPIONSHIPS,MT,2535,Qualification,TOGAMI Shunsuke (JPN),IONESCU Eduard (ROU),,,3 - 0,11:8 11:3 11:4,TOGAMI Shunsuke,2022
ITTF World Team Championships Finals Presented by China Telecom 2022,2022-09-30,SZUDI Adam,ALAMIAN Nima,HUN,IRI,3,0,"11,11,11|6,9,8",QUAL,WORLD_CHAMPIONSHIPS,MT,2535,Qualification,SZUDI Adam (HUN),ALAMIAN Nima (IRI),,,3 - 0,11:6 11:9 11:8,SZUDI Adam,2022
ITTF World Team Championships Finals Presented by China Telecom 2022,2022-09-30,ECSEKI Nandor,ALAMIYAN Noshad,IRI,HUN,3,0,"12,11,11|10,8,8",QUAL,WORLD_CHAMPIONSHIPS,MT,2535,Qualification,ECSEKI Nandor (HUN),ALAMIYAN Noshad (IRI),,,0 - 3,10:12 8:11 8:11,ALAMIYAN Noshad,2022
ITTF World Team Championships Finals Presented by China Telecom 2022,2022-09-30,LAKATOS Tamas,HODAEI Amir Hossein,HUN,IRI,3,2,"11,5,11,11,11|7,11,9,13,3",QUAL,WORLD_CHAMPIONSHIPS,MT,2535,Qualification,LAKATOS Tamas (HUN),HODAEI Amir Hossein (IRI),,,3 - 2,11:7 5:11 11:9 11:13 11:3,LAKATOS Tamas,2022
ITTF World Team Championships Finals Presented by China Telecom 2022,2022-09-30,SZUDI Adam,ALAMIYAN Noshad,IRI,HUN,3,1,"11,6,11,11|9,11,6,8",QUAL,WORLD_CHAMPIONSHIPS,MT,2535,Qualification,SZUDI Adam (HUN),ALAMIYAN Noshad (IRI),,,1 - 3,9:11 11:6 6:11 8:11,ALAMIYAN Noshad,2022
ITTF World Team Championships Finals Presented by China Telecom 2022,2022-09-30,ECSEKI Nandor,ALAMIAN Nima,HUN,IRI,3,1,"13,6,11,11|11,11,1,7",QUAL,WORLD_CHAMPIONSHIPS,MT,2535,Qualification,ECSEKI Nandor (HUN),ALAMIAN Nima (IRI),,,3 - 1,13:11 6:11 11:1 11:7,ECSEKI Nandor,2022
ITTF World Team Championships Finals Presented by China Telecom 2022,2022-09-30,MATELOVA Hana,BATRA Manika,IND,CZE,3,1,"11,11,8,12|6,6,11,10",QUAL,WORLD_CHAMPIONSHIPS,WT,2535,Qualification,MATELOVA Hana (CZE),BATRA Manika (IND),,,1 - 3,6:11 6:11 11:8 10:12,BATRA Manika,2022
ITTF World Team Championships Finals Presented by China Telecom 2022,2022-09-30,SEVCIKOVA Marketa,AKULA Sreeja,IND,CZE,3,0,"11,11,11|5,3,8",QUAL,WORLD_CHAMPIONSHIPS,WT,2535,Qualification,SEVCIKOVA Marketa (CZE),AKULA Sreeja (IND),,,0 - 3,5:11 3:11 8:11,AKULA Sreeja,2022
ITTF World Team Championships Finals Presented by China Telecom 2022,2022-09-30,TOMANOVSKA Katerina,CHITALE Diya,IND,CZE,3,1,"11,15,12,14|13,13,10,12",QUAL,WORLD_CHAMPIONSHIPS,WT,2535,Qualification,TOMANOVSKA Katerina (CZE),CHITALE Diya (IND),,,1 - 3,13:11 13:15 10:12 12:14,CHITALE Diya,2022
ITTF World Team Championships Finals Presented by China Telecom 2022,2022-09-30,GACINA Andrej,PENG Wang-Wei,CRO,TPE,3,0,"11,11,11|4,9,7",QUAL,WORLD_CHAMPIONSHIPS,MT,2535,Qualification,GACINA Andrej (CRO),PENG Wang-Wei (TPE),,,3 - 0,11:4 11:9 11:7,GACINA Andrej,2022
ITTF World Team Championships Finals Presented by China Telecom 2022,2022-09-30,PUCAR Tomislav,LIAO Cheng-Ting,TPE,CRO,3,1,"5,14,11,15|11,12,8,13",QUAL,WORLD_CHAMPIONSHIPS,MT,2535,Qualification,PUCAR Tomislav (CRO),LIAO Cheng-Ting (TPE),,,1 - 3,11:5 12:14 8:11 13:15,LIAO Cheng-Ting,2022
ITTF World Team Championships Finals Presented by China Telecom 2022,2022-09-30,ZELJKO Filip,HUANG Yan-Cheng,CRO,TPE,3,0,"11,11,11|5,4,8",QUAL,WORLD_CHAMPIONSHIPS,MT,2535,Qualification,ZELJKO Filip (CRO),HUANG Yan-Cheng (TPE),,,3 - 0,11:5 11:4 11:8,ZELJKO Filip,2022
ITTF World Team Championships Finals Presented by China Telecom 2022,2022-09-30,GACINA Andrej,LIAO Cheng-Ting,CRO,TPE,3,1,"11,11,10,11|7,9,12,9",QUAL,WORLD_CHAMPIONSHIPS,MT,2535,Qualification,GACINA Andrej (CRO),LIAO Cheng-Ting (TPE),,,3 - 1,11:7 11:9 10:12 11:9,GACINA Andrej,2022
ITTF World Team Championships Finals Presented by China Telecom 2022,2022-09-30,PANG Koen,ALLEGRO Martin,BEL,SGP,3,1,"11,11,11,13|13,5,9,11",QUAL,WORLD_CHAMPIONSHIPS,MT,2535,Qualification,PANG Koen (SGP),ALLEGRO Martin (BEL),,,1 - 3,13:11 5:11 9:11 11:13,ALLEGRO Martin,2022
ITTF World Team Championships Finals Presented by China Telecom 2022,2022-09-30,CHEW Clarence,NUYTINCK Cedric,BEL,SGP,3,1,"11,11,6,11|3,9,11,6",QUAL,WORLD_CHAMPIONSHIPS,MT,2535,Qualification,CHEW Clarence (SGP),NUYTINCK Cedric (BEL),,,1 - 3,3:11 9:11 11:6 6:11,NUYTINCK Cedric,2022
ITTF World Team Championships Finals Presented by China Telecom 2022,2022-09-30,QUEK Izaac,RASSENFOSSE Adrien,BEL,SGP,3,1,"11,6,11,11|3,11,7,3",QUAL,WORLD_CHAMPIONSHIPS,MT,2535,Qualification,QUEK Izaac (SGP),RASSENFOSSE Adrien (BEL),,,1 - 3,3:11 11:6 7:11 3:11,RASSENFOSSE Adrien,2022
ITTF World Team Championships Finals Presented by China Telecom 2022,2022-09-30,MA Long,LEVINSKI Mishel,CHN,USA,3,1,"7,11,11,11|11,6,4,2",QUAL,WORLD_CHAMPIONSHIPS,MT,2535,Qualification,MA Long (CHN),LEVINSKI Mishel (USA),,,3 - 1,7:11 11:6 11:4 11:2,MA Long,2022
ITTF World Team Championships Finals Presented by China Telecom 2022,2022-09-30,LIANG Jingkun,LIANG Jishan,CHN,USA,3,0,"11,11,11|8,3,6",QUAL,WORLD_CHAMPIONSHIPS,MT,2535,Qualification,LIANG Jingkun (CHN),LIANG Jishan (USA),,,3 - 0,11:8 11:3 11:6,LIANG Jingkun,2022
ITTF World Team Championships Finals Presented by China Telecom 2022,2022-09-30,LIN Gaoyuan,ALTO Earl James,CHN,USA,3,0,"11,11,11|6,6,5",QUAL,WORLD_CHAMPIONSHIPS,MT,2535,Qualification,LIN Gaoyuan (CHN),ALTO Earl James (USA),,,3 - 0,11:6 11:6 11:5,LIN Gaoyuan,2022
ITTF World Team Championships Finals Presented by China Telecom 2022,2022-09-30,ITO Mima,WEGRZYN Anna,JPN,POL,3,0,"11,11,11|7,7,4",QUAL,WORLD_CHAMPIONSHIPS,WT,2535,Qualification,ITO Mima (JPN),WEGRZYN Anna (POL),,,3 - 0,11:7 11:7 11:4,ITO Mima,2022
ITTF World Team Championships Finals Presented by China Telecom 2022,2022-09-30,SATO Hitomi,WEGRZYN Katarzyna,JPN,POL,3,0,"11,11,11|9,6,9",QUAL,WORLD_CHAMPIONSHIPS,WT,2535,Qualification,SATO Hitomi (JPN),WEGRZYN Katarzyna (POL),,,3 - 0,11:9 11:6 11:9,SATO Hitomi,2022
ITTF World Team Championships Finals Presented by China Telecom 2022,2022-09-30,NAGASAKI Miyu,KRZYSIEK Paulina,JPN,POL,3,0,"11,11,11|5,3,4",QUAL,WORLD_CHAMPIONSHIPS,WT,2535,Qualification,NAGASAKI Miyu (JPN),KRZYSIEK Paulina (POL),,,3 - 0,11:5 11:3 11:4,NAGASAKI Miyu,2022
ITTF World Team Championships Finals Presented by China Telecom 2022,2022-09-30,WANG Yang,RASMUSSEN Tobias,SVK,DEN,3,0,"11,11,11|1,7,2",QUAL,WORLD_CHAMPIONSHIPS,MT,2535,Qualification,WANG Yang (SVK),RASMUSSEN Tobias (DEN),,,3 - 0,11:1 11:7 11:2,WANG Yang,2022
ITTF World Team Championships Finals Presented by China Telecom 2022,2022-09-30,KLAJBER Adam,LIND Anders,DEN,SVK,3,0,"11,11,11|5,4,5",QUAL,WORLD_CHAMPIONSHIPS,MT,2535,Qualification,KLAJBER Adam (SVK),LIND Anders (DEN),,,0 - 3,5:11 4:11 5:11,LIND Anders,2022
ITTF World Team Championships Finals Presented by China Telecom 2022,2022-09-30,ZELINKA Jakub,BUCH Martin,SVK,DEN,3,2,"6,7,11,11,11|11,11,6,8,8",QUAL,WORLD_CHAMPIONSHIPS,MT,2535,Qualification,ZELINKA Jakub (SVK),BUCH Martin (DEN),,,3 - 2,6:11 7:11 11:6 11:8 11:8,ZELINKA Jakub,2022
ITTF World Team Championships Finals Presented by China Telecom 2022,2022-09-30,WANG Yang,LIND Anders,SVK,DEN,3,1,"11,11,7,11|1,8,11,7",QUAL,WORLD_CHAMPIONSHIPS,MT,2535,Qualification,WANG Yang (SVK),LIND Anders (DEN),,,3 - 1,11:1 11:8 7:11 11:7,WANG Yang,2022
ITTF World Team Championships Finals Presented by China Telecom 2022,2022-09-30,VALENTA Jan,JANG Woojin,KOR,CZE,3,0,"11,12,11|6,10,2",QUAL,WORLD_CHAMPIONSHIPS,MT,2535,Qualification,VALENTA Jan (CZE),JANG Woojin (KOR),,,0 - 3,6:11 10:12 2:11,JANG Woojin,2022
ITTF World Team Championships Finals Presented by China Telecom 2022,2022-09-30,KOLDAS Tomas,AN Jaehyun,KOR,CZE,3,1,"11,8,11,11|9,11,6,8",QUAL,WORLD_CHAMPIONSHIPS,MT,2535,Qualification,KOLDAS Tomas (CZE),AN Jaehyun (KOR),,,1 - 3,9:11 11:8 6:11 8:11,AN Jaehyun,2022
ITTF World Team Championships Finals Presented by China Telecom 2022,2022-09-30,POLANSKY Tomas,CHO Daeseong,KOR,CZE,3,0,"11,11,11|0,0,0",QUAL,WORLD_CHAMPIONSHIPS,MT,2535,Qualification,POLANSKY Tomas (CZE),CHO Daeseong (KOR),,,0 - 3,0:11 0:11 0:11,CHO Daeseong,2022
ITTF World Team Championships Finals Presented by China Telecom 2022,2022-09-30,ALKHADRAWI Ali,XU David,KSA,CAN,3,0,"11,11,11|5,4,3",QUAL,WORLD_CHAMPIONSHIPS,MT,2535,Qualification,ALKHADRAWI Ali (KSA),XU David (CAN),,,3 - 0,11:5 11:4 11:3,ALKHADRAWI Ali,2022
ITTF World Team Championships Finals Presented by China Telecom 2022,2022-09-30,BU SHULAYBI Abdulaziz,LY Edward,KSA,CAN,3,0,"11,11,11|5,5,4",QUAL,WORLD_CHAMPIONSHIPS,MT,2535,Qualification,BU SHULAYBI Abdulaziz (KSA),LY Edward (CAN),,,3 - 0,11:5 11:5 11:4,BU SHULAYBI Abdulaziz,2022
ITTF World Team Championships Finals Presented by China Telecom 2022,2022-09-30,ALSHAREIF Khalid,WANG Zexuan,CAN,KSA,3,2,"11,7,11,11,13|4,11,13,9,11",QUAL,WORLD_CHAMPIONSHIPS,MT,2535,Qualification,ALSHAREIF Khalid (KSA),WANG Zexuan (CAN),,,2 - 3,4:11 11:7 13:11 9:11 11:13,WANG Zexuan,2022
ITTF World Team Championships Finals Presented by China Telecom 2022,2022-09-30,ALKHADRAWI Ali,LY Edward,KSA,CAN,3,1,"12,9,13,11|10,11,11,6",QUAL,WORLD_CHAMPIONSHIPS,MT,2535,Qualification,ALKHADRAWI Ali (KSA),LY Edward (CAN),,,3 - 1,12:10 9:11 13:11 11:6,ALKHADRAWI Ali,2022
ITTF World Team Championships Finals Presented by China Telecom 2022,2022-09-30,LIU Crystal,LYNE Karen,CAN,MAS,3,2,"11,10,5,13,11|4,12,11,11,8",QUAL,WORLD_CHAMPIONSHIPS,WT,2535,Qualification,LIU Crystal (CAN),LYNE Karen (MAS),,,3 - 2,11:4 10:12 5:11 13:11 11:8,LIU Crystal,2022
ITTF World Team Championships Finals Presented by China Telecom 2022,2022-09-30,LIAO Ivy,CHANG Li Sian,MAS,CAN,3,1,"11,11,9,11|9,6,11,8",QUAL,WORLD_CHAMPIONSHIPS,WT,2535,Qualification,LIAO Ivy (CAN),CHANG Li Sian (MAS),,,1 - 3,9:11 6:11 11:9 8:11,CHANG Li Sian,2022
ITTF World Team Championships Finals Presented by China Telecom 2022,2022-09-30,NIE Jiayi,TEE Ai Xin,MAS,CAN,3,0,"11,11,11|5,8,4",QUAL,WORLD_CHAMPIONSHIPS,WT,2535,Qualification,NIE Jiayi (CAN),TEE Ai Xin (MAS),,,0 - 3,5:11 8:11 4:11,TEE Ai Xin,2022
ITTF World Team Championships Finals Presented by China Telecom 2022,2022-09-30,LIU Crystal,CHANG Li Sian,MAS,CAN,3,1,"11,9,11,11|4,11,9,7",QUAL,WORLD_CHAMPIONSHIPS,WT,2535,Qualification,LIU Crystal (CAN),CHANG Li Sian (MAS),,,1 - 3,4:11 11:9 9:11 7:11,CHANG Li Sian,2022
ITTF World Team Championships Finals Presented by China Telecom 2022,2022-09-30,CHEW Clarence,HUANG Yan-Cheng,TPE,SGP,3,0,"11,11,11|5,8,1",QUAL,WORLD_CHAMPIONSHIPS,MT,2535,Qualification,CHEW Clarence (SGP),HUANG Yan-Cheng (TPE),,,0 - 3,5:11 8:11 1:11,HUANG Yan-Cheng,2022
ITTF World Team Championships Finals Presented by China Telecom 2022,2022-09-30,QUEK Izaac,LIAO Cheng-Ting,SGP,TPE,3,1,"11,13,9,11|8,11,11,7",QUAL,WORLD_CHAMPIONSHIPS,MT,2535,Qualification,QUEK Izaac (SGP),LIAO Cheng-Ting (TPE),,,3 - 1,11:8 13:11 9:11 11:7,QUEK Izaac,2022
ITTF World Team Championships Finals Presented by China Telecom 2022,2022-09-30,BEH Kun Ting,PENG Wang-Wei,SGP,TPE,3,1,"3,11,11,11|11,7,8,9",QUAL,WORLD_CHAMPIONSHIPS,MT,2535,Qualification,BEH Kun Ting (SGP),PENG Wang-Wei (TPE),,,3 - 1,3:11 11:7 11:8 11:9,BEH Kun Ting,2022
ITTF World Team Championships Finals Presented by China Telecom 2022,2022-09-30,CHEW Clarence,LIAO Cheng-Ting,SGP,TPE,3,1,"11,5,11,11|6,11,6,8",QUAL,WORLD_CHAMPIONSHIPS,MT,2535,Qualification,CHEW Clarence (SGP),LIAO Cheng-Ting (TPE),,,3 - 1,11:6 5:11 11:6 11:8,CHEW Clarence,2022
ITTF World Team Championships Finals Presented by China Telecom 2022,2022-09-30,DOO Hoi Kem,TAKAHASHI Giulia,HKG,BRA,3,0,"11,11,12|7,4,10",QUAL,WORLD_CHAMPIONSHIPS,WT,2535,Qualification,DOO Hoi Kem (HKG),TAKAHASHI Giulia (BRA),,,3 - 0,11:7 11:4 12:10,DOO Hoi Kem,2022
ITTF World Team Championships Finals Presented by China Telecom 2022,2022-09-30,ZHU Chengzhu,TAKAHASHI Bruna,HKG,BRA,3,0,"11,11,18|7,7,16",QUAL,WORLD_CHAMPIONSHIPS,WT,2535,Qualification,ZHU Chengzhu (HKG),TAKAHASHI Bruna (BRA),,,3 - 0,11:7 11:7 18:16,ZHU Chengzhu,2022
ITTF World Team Championships Finals Presented by China Telecom 2022,2022-09-30,SOO Wai Yam,WATANABE Laura,HKG,BRA,3,0,"11,11,11|6,5,8",QUAL,WORLD_CHAMPIONSHIPS,WT,2535,Qualification,SOO Wai Yam (HKG),WATANABE Laura (BRA),,,3 - 0,11:6 11:5 11:8,SOO Wai Yam,2022
ITTF World Team Championships Finals Presented by China Telecom 2022,2022-09-30,NUYTINCK Cedric,GACINA Andrej,BEL,CRO,3,2,"11,11,9,10,11|8,8,11,12,9",QUAL,WORLD_CHAMPIONSHIPS,MT,2535,Qualification,NUYTINCK Cedric (BEL),GACINA Andrej (CRO),,,3 - 2,11:8 11:8 9:11 10:12 11:9,NUYTINCK Cedric,2022
ITTF World Team Championships Finals Presented by China Telecom 2022,2022-09-30,ALLEGRO Martin,ZELJKO Filip,CRO,BEL,3,2,"11,7,7,11,11|3,11,11,6,7",QUAL,WORLD_CHAMPIONSHIPS,MT,2535,Qualification,ALLEGRO Martin (BEL),ZELJKO Filip (CRO),,,2 - 3,3:11 11:7 11:7 6:11 7:11,ZELJKO Filip,2022
ITTF World Team Championships Finals Presented by China Telecom 2022,2022-09-30,RASSENFOSSE Adrien,PUCAR Tomislav,CRO,BEL,3,1,"8,11,11,11|11,7,6,4",QUAL,WORLD_CHAMPIONSHIPS,MT,2535,Qualification,RASSENFOSSE Adrien (BEL),PUCAR Tomislav (CRO),,,1 - 3,11:8 7:11 6:11 4:11,PUCAR Tomislav,2022
ITTF World Team Championships Finals Presented by China Telecom 2022,2022-09-30,NUYTINCK Cedric,ZELJKO Filip,CRO,BEL,3,1,"10,11,12,11|12,8,10,7",QUAL,WORLD_CHAMPIONSHIPS,MT,2535,Qualification,NUYTINCK Cedric (BEL),ZELJKO Filip (CRO),,,1 - 3,12:10 8:11 10:12 7:11,ZELJKO Filip,2022
ITTF World Team Championships Finals Presented by China Telecom 2022,2022-09-30,LEE Zion,ZHOU Jingyi,SGP,KOR,3,2,"5,11,8,11,12|11,9,11,8,10",QUAL,WORLD_CHAMPIONSHIPS,WT,2535,Qualification,LEE Zion (KOR),ZHOU Jingyi (SGP),,,2 - 3,11:5 9:11 11:8 8:11 10:12,ZHOU Jingyi,2022
ITTF World Team Championships Finals Presented by China Telecom 2022,2022-09-30,KIM Nayeong,ZENG Jian,SGP,KOR,3,1,"11,9,11,11|9,11,9,9",QUAL,WORLD_CHAMPIONSHIPS,WT,2535,Qualification,KIM Nayeong (KOR),ZENG Jian (SGP),,,1 - 3,9:11 11:9 9:11 9:11,ZENG Jian,2022
ITTF World Team Championships Finals Presented by China Telecom 2022,2022-09-30,YOON Hyobin,GOI Rui Xuan,KOR,SGP,3,0,"11,11,11|6,7,9",QUAL,WORLD_CHAMPIONSHIPS,WT,2535,Qualification,YOON Hyobin (KOR),GOI Rui Xuan (SGP),,,3 - 0,11:6 11:7 11:9,YOON Hyobin,2022
ITTF World Team Championships Finals Presented by China Telecom 2022,2022-09-30,LEE Zion,ZENG Jian,SGP,KOR,3,0,"11,11,12|5,3,10",QUAL,WORLD_CHAMPIONSHIPS,WT,2535,Qualification,LEE Zion (KOR),ZENG Jian (SGP),,,0 - 3,5:11 3:11 10:12,ZENG Jian,2022
ITTF World Team Championships Finals Presented by China Telecom 2022,2022-09-30,LIANG Jishan,AFANADOR Brian,USA,PUR,3,1,"11,11,10,11|6,7,12,8",QUAL,WORLD_CHAMPIONSHIPS,MT,2535,Qualification,LIANG Jishan (USA),AFANADOR Brian (PUR),,,3 - 1,11:6 11:7 10:12 11:8,LIANG Jishan,2022
ITTF World Team Championships Finals Presented by China Telecom 2022,2022-09-30,LEVINSKI Mishel,GONZALEZ Daniel,USA,PUR,3,0,"11,11,11|6,5,9",QUAL,WORLD_CHAMPIONSHIPS,MT,2535,Qualification,LEVINSKI Mishel (USA),GONZALEZ Daniel (PUR),,,3 - 0,11:6 11:5 11:9,LEVINSKI Mishel,2022
ITTF World Team Championships Finals Presented by China Telecom 2022,2022-09-30,ALTO Earl James,NARANJO Angel,PUR,USA,3,0,"11,13,11|4,11,7",QUAL,WORLD_CHAMPIONSHIPS,MT,2535,Qualification,ALTO Earl James (USA),NARANJO Angel (PUR),,,0 - 3,4:11 11:13 7:11,NARANJO Angel,2022
ITTF World Team Championships Finals Presented by China Telecom 2022,2022-09-30,LIANG Jishan,GONZALEZ Daniel,USA,PUR,3,0,"11,11,11|5,4,2",QUAL,WORLD_CHAMPIONSHIPS,MT,2535,Qualification,LIANG Jishan (USA),GONZALEZ Daniel (PUR),,,3 - 0,11:5 11:4 11:2,LIANG Jishan,2022
ITTF World Team Championships Finals Presented by China Telecom 2022,2022-09-30,AKULA Sreeja,GODA Hana,IND,EGY,3,0,"11,11,11|6,4,1",QUAL,WORLD_CHAMPIONSHIPS,WT,2535,Qualification,AKULA Sreeja (IND),GODA Hana (EGY),,,3 - 0,11:6 11:4 11:1,AKULA Sreeja,2022
ITTF World Team Championships Finals Presented by China Telecom 2022,2022-09-30,BATRA Manika,MESHREF Dina,IND,EGY,3,2,"8,11,11,2,11|11,6,7,11,8",QUAL,WORLD_CHAMPIONSHIPS,WT,2535,Qualification,BATRA Manika (IND),MESHREF Dina (EGY),,,3 - 2,8:11 11:6 11:7 2:11 11:8,BATRA Manika,2022
ITTF World Team Championships Finals Presented by China Telecom 2022,2022-09-30,CHITALE Diya,HELMY Yousra,EGY,IND,3,2,"5,12,9,11,11|11,10,11,9,4",QUAL,WORLD_CHAMPIONSHIPS,WT,2535,Qualification,CHITALE Diya (IND),HELMY Yousra (EGY),,,2 - 3,11:5 10:12 11:9 9:11 4:11,HELMY Yousra,2022
ITTF World Team Championships Finals Presented by China Telecom 2022,2022-09-30,AKULA Sreeja,MESHREF Dina,IND,EGY,3,1,"11,11,9,11|8,8,11,6",QUAL,WORLD_CHAMPIONSHIPS,WT,2535,Qualification,AKULA Sreeja (IND),MESHREF Dina (EGY),,,3 - 1,11:8 11:8 9:11 11:6,AKULA Sreeja,2022
ITTF World Team Championships Finals Presented by China Telecom 2022,2022-09-30,QIU Dang,LEBRUN Felix,GER,FRA,3,1,"13,11,9,11|11,9,11,6",QUAL,WORLD_CHAMPIONSHIPS,MT,2535,Qualification,QIU Dang (GER),LEBRUN Felix (FRA),,,3 - 1,13:11 11:9 9:11 11:6,QIU Dang,2022
ITTF World Team Championships Finals Presented by China Telecom 2022,2022-09-30,DUDA Benedikt,LEBRUN Alexis,FRA,GER,3,0,"11,11,11|9,7,8",QUAL,WORLD_CHAMPIONSHIPS,MT,2535,Qualification,DUDA Benedikt (GER),LEBRUN Alexis (FRA),,,0 - 3,9:11 7:11 8:11,LEBRUN Alexis,2022
ITTF World Team Championships Finals Presented by China Telecom 2022,2022-09-30,STUMPER Kay,LEBESSON Emmanuel,GER,FRA,3,2,"11,7,13,8,11|9,11,11,11,8",QUAL,WORLD_CHAMPIONSHIPS,MT,2535,Qualification,STUMPER Kay (GER),LEBESSON Emmanuel (FRA),,,3 - 2,11:9 7:11 13:11 8:11 11:8,STUMPER Kay,2022
ITTF World Team Championships Finals Presented by China Telecom 2022,2022-09-30,QIU Dang,LEBRUN Alexis,GER,FRA,3,0,"11,11,11|7,6,3",QUAL,WORLD_CHAMPIONSHIPS,MT,2535,Qualification,QIU Dang (GER),LEBRUN Alexis (FRA),,,3 - 0,11:7 11:6 11:3,QIU Dang,2022
ITTF World Team Championships Finals Presented by China Telecom 2022,2022-09-30,DIAZ Adriana,LIU Crystal,PUR,CAN,3,0,"11,11,11|3,7,3",QUAL,WORLD_CHAMPIONSHIPS,WT,2535,Qualification,DIAZ Adriana (PUR),LIU Crystal (CAN),,,3 - 0,11:3 11:7 11:3,DIAZ Adriana,2022
ITTF World Team Championships Finals Presented by China Telecom 2022,2022-09-30,RIOS Daniely,LIAO Ivy,PUR,CAN,3,0,"11,11,11|3,6,4",QUAL,WORLD_CHAMPIONSHIPS,WT,2535,Qualification,RIOS Daniely (PUR),LIAO Ivy (CAN),,,3 - 0,11:3 11:6 11:4,RIOS Daniely,2022
ITTF World Team Championships Finals Presented by China Telecom 2022,2022-09-30,DIAZ Melanie,HUANG Hui,PUR,CAN,3,0,"11,11,11|5,4,5",QUAL,WORLD_CHAMPIONSHIPS,WT,2535,Qualification,DIAZ Melanie (PUR),HUANG Hui (CAN),,,3 - 0,11:5 11:4 11:5,DIAZ Melanie,2022
ITTF World Team Championships Finals Presented by China Telecom 2022,2022-09-30,HAN Ying,TOMANOVSKA Katerina,GER,CZE,3,0,"11,11,11|4,5,7",QUAL,WORLD_CHAMPIONSHIPS,WT,2535,Qualification,HAN Ying (GER),TOMANOVSKA Katerina (CZE),,,3 - 0,11:4 11:5 11:7,HAN Ying,2022
ITTF World Team Championships Finals Presented by China Telecom 2022,2022-09-30,MITTELHAM Nina,MATELOVA Hana,GER,CZE,3,1,"8,11,11,11|11,7,9,6",QUAL,WORLD_CHAMPIONSHIPS,WT,2535,Qualification,MITTELHAM Nina (GER),MATELOVA Hana (CZE),,,3 - 1,8:11 11:7 11:9 11:6,MITTELHAM Nina,2022
ITTF World Team Championships Finals Presented by China Telecom 2022,2022-09-30,SHAN Xiaona,SEVCIKOVA Marketa,GER,CZE,3,0,"11,11,11|8,4,5",QUAL,WORLD_CHAMPIONSHIPS,WT,2535,Qualification,SHAN Xiaona (GER),SEVCIKOVA Marketa (CZE),,,3 - 0,11:8 11:4 11:5,SHAN Xiaona,2022
ITTF World Team Championships Finals Presented by China Telecom 2022,2022-09-30,GNANASEKARAN Sathiyan,ZHOLUDEV Denis,IND,KAZ,3,0,"11,11,11|1,9,5",QUAL,WORLD_CHAMPIONSHIPS,MT,2535,Qualification,GNANASEKARAN Sathiyan (IND),ZHOLUDEV Denis (KAZ),,,3 - 0,11:1 11:9 11:5,GNANASEKARAN Sathiyan,2022
ITTF World Team Championships Finals Presented by China Telecom 2022,2022-09-30,DESAI Harmeet,GERASSIMENKO Kirill,KAZ,IND,3,0,"11,11,11|6,8,9",QUAL,WORLD_CHAMPIONSHIPS,MT,2535,Qualification,DESAI Harmeet (IND),GERASSIMENKO Kirill (KAZ),,,0 - 3,6:11 8:11 9:11,GERASSIMENKO Kirill,2022
ITTF World Team Championships Finals Presented by China Telecom 2022,2022-09-30,THAKKAR Manav,KURMANGALIYEV Alan,IND,KAZ,3,0,"12,11,11|10,1,8",QUAL,WORLD_CHAMPIONSHIPS,MT,2535,Qualification,THAKKAR Manav (IND),KURMANGALIYEV Alan (KAZ),,,3 - 0,12:10 11:1 11:8,THAKKAR Manav,2022
ITTF World Team Championships Finals Presented by China Telecom 2022,2022-09-30,GNANASEKARAN Sathiyan,GERASSIMENKO Kirill,KAZ,IND,3,2,"6,11,12,11,11|11,5,14,9,6",QUAL,WORLD_CHAMPIONSHIPS,MT,2535,Qualification,GNANASEKARAN Sathiyan (IND),GERASSIMENKO Kirill (KAZ),,,2 - 3,11:6 5:11 14:12 9:11 6:11,GERASSIMENKO Kirill,2022
ITTF World Team Championships Finals Presented by China Telecom 2022,2022-09-30,DESAI Harmeet,ZHOLUDEV Denis,IND,KAZ,3,0,"12,11,11|10,9,6",QUAL,WORLD_CHAMPIONSHIPS,MT,2535,Qualification,DESAI Harmeet (IND),ZHOLUDEV Denis (KAZ),,,3 - 0,12:10 11:9 11:6,DESAI Harmeet,2022
ITTF World Team Championships Finals Presented by China Telecom 2022,2022-09-30,PICCOLIN Giorgia,PAVADE Prithika,FRA,ITA,3,1,"11,11,7,11|7,6,11,5",QUAL,WORLD_CHAMPIONSHIPS,WT,2535,Qualification,PICCOLIN Giorgia (ITA),PAVADE Prithika (FRA),,,1 - 3,7:11 6:11 11:7 5:11,PAVADE Prithika,2022
ITTF World Team Championships Finals Presented by China Telecom 2022,2022-09-30,ARLIA Nicole,YUAN Jia Nan,FRA,ITA,3,1,"11,11,7,11|7,7,11,9",QUAL,WORLD_CHAMPIONSHIPS,WT,2535,Qualification,ARLIA Nicole (ITA),YUAN Jia Nan (FRA),,,1 - 3,7:11 7:11 11:7 9:11,YUAN Jia Nan,2022
ITTF World Team Championships Finals Presented by China Telecom 2022,2022-09-30,VIVARELLI Debora,CHASSELIN Pauline,FRA,ITA,3,0,"12,13,13|10,11,11",QUAL,WORLD_CHAMPIONSHIPS,WT,2535,Qualification,VIVARELLI Debora (ITA),CHASSELIN Pauline (FRA),,,0 - 3,10:12 11:13 11:13,CHASSELIN Pauline,2022
ITTF World Team Championships Finals Presented by China Telecom 2022,2022-09-30,ZHANG Lily,SUN Yingsha,CHN,USA,3,0,"14,11,11|12,3,8",QUAL,WORLD_CHAMPIONSHIPS,WT,2535,Qualification,ZHANG Lily (USA),SUN Yingsha (CHN),,,0 - 3,12:14 3:11 8:11,SUN Yingsha,2022
ITTF World Team Championships Finals Presented by China Telecom 2022,2022-09-30,JALLI Sarah,CHEN Xingtong,CHN,USA,3,1,"9,11,11,11|11,2,5,4",QUAL,WORLD_CHAMPIONSHIPS,WT,2535,Qualification,JALLI Sarah (USA),CHEN Xingtong (CHN),,,1 - 3,11:9 2:11 5:11 4:11,CHEN Xingtong,2022
ITTF World Team Championships Finals Presented by China Telecom 2022,2022-09-30,LIN Yishiuan,CHEN Meng,CHN,USA,3,0,"11,11,11|6,2,5",QUAL,WORLD_CHAMPIONSHIPS,WT,2535,Qualification,LIN Yishiuan (USA),CHEN Meng (CHN),,,0 - 3,6:11 2:11 5:11,CHEN Meng,2022
ITTF World Team Championships Finals Presented by China Telecom 2022,2022-09-30,WONG Chun Ting,TOGAMI Shunsuke,HKG,JPN,3,0,"13,11,11|11,4,6",QUAL,WORLD_CHAMPIONSHIPS,MT,2535,Qualification,WONG Chun Ting (HKG),TOGAMI Shunsuke (JPN),,,3 - 0,13:11 11:4 11:6,WONG Chun Ting,2022
ITTF World Team Championships Finals Presented by China Telecom 2022,2022-09-30,LAM Siu Hang,HARIMOTO Tomokazu,JPN,HKG,3,0,"11,11,11|5,7,4",QUAL,WORLD_CHAMPIONSHIPS,MT,2535,Qualification,LAM Siu Hang (HKG),HARIMOTO Tomokazu (JPN),,,0 - 3,5:11 7:11 4:11,HARIMOTO Tomokazu,2022
ITTF World Team Championships Finals Presented by China Telecom 2022,2022-09-30,NG Pak Nam,OIKAWA Mizuki,JPN,HKG,3,2,"5,11,7,11,12|11,7,11,5,10",QUAL,WORLD_CHAMPIONSHIPS,MT,2535,Qualification,NG Pak Nam (HKG),OIKAWA Mizuki (JPN),,,2 - 3,11:5 7:11 11:7 5:11 10:12,OIKAWA Mizuki,2022
ITTF World Team Championships Finals Presented by China Telecom 2022,2022-09-30,WONG Chun Ting,HARIMOTO Tomokazu,JPN,HKG,3,0,"11,11,11|4,9,3",QUAL,WORLD_CHAMPIONSHIPS,MT,2535,Qualification,WONG Chun Ting (HKG),HARIMOTO Tomokazu (JPN),,,0 - 3,4:11 9:11 3:11,HARIMOTO Tomokazu,2022
ITTF World Team Championships Finals Presented by China Telecom 2022,2022-09-30,SHAO Jieni,SAMARA Elizabeta,POR,ROU,3,2,"11,11,11,9,13|13,6,4,11,11",QUAL,WORLD_CHAMPIONSHIPS,WT,2535,Qualification,SHAO Jieni (POR),SAMARA Elizabeta (ROU),,,3 - 2,11:13 11:6 11:4 9:11 13:11,SHAO Jieni,2022
ITTF World Team Championships Finals Presented by China Telecom 2022,2022-09-30,YU Fu,SZOCS Bernadette,POR,ROU,3,1,"11,11,11,11|7,7,13,6",QUAL,WORLD_CHAMPIONSHIPS,WT,2535,Qualification,YU Fu (POR),SZOCS Bernadette (ROU),,,3 - 1,11:7 11:7 11:13 11:6,YU Fu,2022
ITTF World Team Championships Finals Presented by China Telecom 2022,2022-09-30,MATOS Ines,DIACONU Adina,ROU,POR,3,0,"11,11,11|6,9,7",QUAL,WORLD_CHAMPIONSHIPS,WT,2535,Qualification,MATOS Ines (POR),DIACONU Adina (ROU),,,0 - 3,6:11 9:11 7:11,DIACONU Adina,2022
ITTF World Team Championships Finals Presented by China Telecom 2022,2022-09-30,SHAO Jieni,SZOCS Bernadette,ROU,POR,3,2,"6,12,7,11,11|11,10,11,8,5",QUAL,WORLD_CHAMPIONSHIPS,WT,2535,Qualification,SHAO Jieni (POR),SZOCS Bernadette (ROU),,,2 - 3,11:6 10:12 11:7 8:11 5:11,SZOCS Bernadette,2022
ITTF World Team Championships Finals Presented by China Telecom 2022,2022-09-30,YU Fu,SAMARA Elizabeta,POR,ROU,3,1,"10,11,11,11|12,4,7,7",QUAL,WORLD_CHAMPIONSHIPS,WT,2535,Qualification,YU Fu (POR),SAMARA Elizabeta (ROU),,,3 - 1,10:12 11:4 11:7 11:7,YU Fu,2022
ITTF World Team Championships Finals Presented by China Telecom 2022,2022-09-30,LI Yu-Jhun,BERGSTROM Linda,SWE,TPE,3,2,"11,15,4,9,11|8,13,11,11,4",QUAL,WORLD_CHAMPIONSHIPS,WT,2535,Qualification,LI Yu-Jhun (TPE),BERGSTROM Linda (SWE),,,2 - 3,8:11 13:15 11:4 11:9 4:11,BERGSTROM Linda,2022
ITTF World Team Championships Finals Presented by China Telecom 2022,2022-09-30,LIU Hsing-Yin,MUSKANTOR Rebecca,TPE,SWE,3,0,"11,11,11|4,6,8",QUAL,WORLD_CHAMPIONSHIPS,WT,2535,Qualification,LIU Hsing-Yin (TPE),MUSKANTOR Rebecca (SWE),,,3 - 0,11:4 11:6 11:8,LIU Hsing-Yin,2022
ITTF World Team Championships Finals Presented by China Telecom 2022,2022-09-30,HUANG Yi-Hua,BERGAND Filippa,SWE,TPE,3,2,"6,11,11,6,15|11,7,9,11,13",QUAL,WORLD_CHAMPIONSHIPS,WT,2535,Qualification,HUANG Yi-Hua (TPE),BERGAND Filippa (SWE),,,2 - 3,11:6 7:11 9:11 11:6 13:15,BERGAND Filippa,2022
ITTF World Team Championships Finals Presented by China Telecom 2022,2022-09-30,LI Yu-Jhun,MUSKANTOR Rebecca,TPE,SWE,3,2,"12,11,10,11,11|14,6,12,5,4",QUAL,WORLD_CHAMPIONSHIPS,WT,2535,Qualification,LI Yu-Jhun (TPE),MUSKANTOR Rebecca (SWE),,,3 - 2,12:14 11:6 10:12 11:5 11:4,LI Yu-Jhun,2022
ITTF World Team Championships Finals Presented by China Telecom 2022,2022-09-30,LIU Hsing-Yin,BERGSTROM Linda,SWE,TPE,3,2,"11,6,7,11,12|9,11,11,2,10",QUAL,WORLD_CHAMPIONSHIPS,WT,2535,Qualification,LIU Hsing-Yin (TPE),BERGSTROM Linda (SWE),,,2 - 3,9:11 11:6 11:7 2:11 10:12,BERGSTROM Linda,2022
ITTF World Team Championships Finals Presented by China Telecom 2022,2022-09-30,ELBEIALI Mohamed,CHO Seungmin,KOR,EGY,3,1,"11,11,9,11|7,8,11,9",QUAL,WORLD_CHAMPIONSHIPS,MT,2535,Qualification,ELBEIALI Mohamed (EGY),CHO Seungmin (KOR),,,1 - 3,7:11 8:11 11:9 9:11,CHO Seungmin,2022
ITTF World Team Championships Finals Presented by China Telecom 2022,2022-09-30,ABDELAZIZ Youssef,JANG Woojin,KOR,EGY,3,0,"11,11,11|5,6,9",QUAL,WORLD_CHAMPIONSHIPS,MT,2535,Qualification,ABDELAZIZ Youssef (EGY),JANG Woojin (KOR),,,0 - 3,5:11 6:11 9:11,JANG Woojin,2022
ITTF World Team Championships Finals Presented by China Telecom 2022,2022-09-30,MAGDY Shady,AN Jaehyun,EGY,KOR,3,0,"11,12,11|8,10,9",QUAL,WORLD_CHAMPIONSHIPS,MT,2535,Qualification,MAGDY Shady (EGY),AN Jaehyun (KOR),,,3 - 0,11:8 12:10 11:9,MAGDY Shady,2022
ITTF World Team Championships Finals Presented by China Telecom 2022,2022-09-30,ELBEIALI Mohamed,JANG Woojin,KOR,EGY,3,2,"11,5,11,5,11|8,11,4,11,6",QUAL,WORLD_CHAMPIONSHIPS,MT,2535,Qualification,ELBEIALI Mohamed (EGY),JANG Woojin (KOR),,,2 - 3,8:11 11:5 4:11 11:5 6:11,JANG Woojin,2022
ITTF World Team Championships Finals Presented by China Telecom 2022,2022-09-30,POLANSKY Tomas,XU David,CZE,CAN,3,0,"11,11,11|7,4,3",QUAL,WORLD_CHAMPIONSHIPS,MT,2535,Qualification,POLANSKY Tomas (CZE),XU David (CAN),,,3 - 0,11:7 11:4 11:3,POLANSKY Tomas,2022
ITTF World Team Championships Finals Presented by China Telecom 2022,2022-09-30,KOLDAS Tomas,WANG Zexuan,CZE,CAN,3,2,"11,11,8,8,11|4,5,11,11,7",QUAL,WORLD_CHAMPIONSHIPS,MT,2535,Qualification,KOLDAS Tomas (CZE),WANG Zexuan (CAN),,,3 - 2,11:4 11:5 8:11 8:11 11:7,KOLDAS Tomas,2022
ITTF World Team Championships Finals Presented by China Telecom 2022,2022-09-30,VALENTA Jan,LY Edward,CZE,CAN,3,0,"11,11,11|0,0,0",QUAL,WORLD_CHAMPIONSHIPS,MT,2535,Qualification,VALENTA Jan (CZE),LY Edward (CAN),,,3 - 0,11:0 11:0 11:0,VALENTA Jan,2022
ITTF World Team Championships Finals Presented by China Telecom 2022,2022-09-30,FAN Zhendong,KOZUL Deni,CHN,SLO,3,0,"11,11,11|7,6,5",QUAL,WORLD_CHAMPIONSHIPS,MT,2535,Qualification,FAN Zhendong (CHN),KOZUL Deni (SLO),,,3 - 0,11:7 11:6 11:5,FAN Zhendong,2022
ITTF World Team Championships Finals Presented by China Telecom 2022,2022-09-30,WANG Chuqin,JORGIC Darko,CHN,SLO,3,1,"11,7,11,11|6,11,7,9",QUAL,WORLD_CHAMPIONSHIPS,MT,2535,Qualification,WANG Chuqin (CHN),JORGIC Darko (SLO),,,3 - 1,11:6 7:11 11:7 11:9,WANG Chuqin,2022
ITTF World Team Championships Finals Presented by China Telecom 2022,2022-09-30,MA Long,CVETKO Tilen,CHN,SLO,3,0,"11,11,11|8,5,4",QUAL,WORLD_CHAMPIONSHIPS,MT,2535,Qualification,MA Long (CHN),CVETKO Tilen (SLO),,,3 - 0,11:8 11:5 11:4,MA Long,2022
ITTF World Team Championships Finals Presented by China Telecom 2022,2022-09-30,ITO Mima,DARI Helga,JPN,HUN,3,1,"10,11,11,11|12,5,5,6",QUAL,WORLD_CHAMPIONSHIPS,WT,2535,Qualification,ITO Mima (JPN),DARI Helga (HUN),,,3 - 1,10:12 11:5 11:5 11:6,ITO Mima,2022
ITTF World Team Championships Finals Presented by China Telecom 2022,2022-09-30,HAYATA Hina,MADARASZ Dora,JPN,HUN,3,1,"5,11,11,11|11,3,5,4",QUAL,WORLD_CHAMPIONSHIPS,WT,2535,Qualification,HAYATA Hina (JPN),MADARASZ Dora (HUN),,,3 - 1,5:11 11:3 11:5 11:4,HAYATA Hina,2022
ITTF World Team Championships Finals Presented by China Telecom 2022,2022-09-30,SATO Hitomi,HARTBRICH Leonie,JPN,HUN,3,0,"11,11,11|6,4,8",QUAL,WORLD_CHAMPIONSHIPS,WT,2535,Qualification,SATO Hitomi (JPN),HARTBRICH Leonie (HUN),,,3 - 0,11:6 11:4 11:8,SATO Hitomi,2022
ITTF World Team Championships Finals Presented by China Telecom 2022,2022-09-30,IONESCU Ovidiu,AMIRI NIA Soroosh,ROU,IRI,3,1,"11,11,7,11|8,5,11,8",QUAL,WORLD_CHAMPIONSHIPS,MT,2535,Qualification,IONESCU Ovidiu (ROU),AMIRI NIA Soroosh (IRI),,,3 - 1,11:8 11:5 7:11 11:8,IONESCU Ovidiu,2022
ITTF World Team Championships Finals Presented by China Telecom 2022,2022-09-30,SZOCS Hunor,ALAMIYAN Noshad,IRI,ROU,3,0,"11,11,11|7,7,7",QUAL,WORLD_CHAMPIONSHIPS,MT,2535,Qualification,SZOCS Hunor (ROU),ALAMIYAN Noshad (IRI),,,0 - 3,7:11 7:11 7:11,ALAMIYAN Noshad,2022
ITTF World Team Championships Finals Presented by China Telecom 2022,2022-09-30,IONESCU Eduard,HODAEI Amir Hossein,ROU,IRI,3,2,"11,8,15,5,11|3,11,13,11,9",QUAL,WORLD_CHAMPIONSHIPS,MT,2535,Qualification,IONESCU Eduard (ROU),HODAEI Amir Hossein (IRI),,,3 - 2,11:3 8:11 15:13 5:11 11:9,IONESCU Eduard,2022
ITTF World Team Championships Finals Presented by China Telecom 2022,2022-09-30,IONESCU Ovidiu,ALAMIYAN Noshad,IRI,ROU,3,2,"11,11,13,9,12|9,4,15,11,10",QUAL,WORLD_CHAMPIONSHIPS,MT,2535,Qualification,IONESCU Ovidiu (ROU),ALAMIYAN Noshad (IRI),,,2 - 3,9:11 4:11 15:13 11:9 10:12,ALAMIYAN Noshad,2022
ITTF World Team Championships Finals Presented by China Telecom 2022,2022-09-30,SZOCS Hunor,AMIRI NIA Soroosh,ROU,IRI,3,2,"11,11,3,3,11|3,4,11,11,3",QUAL,WORLD_CHAMPIONSHIPS,MT,2535,Qualification,SZOCS Hunor (ROU),AMIRI NIA Soroosh (IRI),,,3 - 2,11:3 11:4 3:11 3:11 11:3,SZOCS Hunor,2022
ITTF World Team Championships Finals Presented by China Telecom 2022,2022-09-30,WEGRZYN Katarzyna,KUKULKOVA Tatiana,POL,SVK,3,1,"11,3,13,11|7,11,11,5",QUAL,WORLD_CHAMPIONSHIPS,WT,2535,Qualification,WEGRZYN Katarzyna (POL),KUKULKOVA Tatiana (SVK),,,3 - 1,11:7 3:11 13:11 11:5,WEGRZYN Katarzyna,2022
ITTF World Team Championships Finals Presented by China Telecom 2022,2022-09-30,KRZYSIEK Paulina,VARADY Barbora,SVK,POL,3,0,"11,11,11|4,3,4",QUAL,WORLD_CHAMPIONSHIPS,WT,2535,Qualification,KRZYSIEK Paulina (POL),VARADY Barbora (SVK),,,0 - 3,4:11 3:11 4:11,VARADY Barbora,2022
ITTF World Team Championships Finals Presented by China Telecom 2022,2022-09-30,WEGRZYN Anna,LABOSOVA Ema,POL,SVK,3,2,"11,11,9,7,11|9,6,11,11,8",QUAL,WORLD_CHAMPIONSHIPS,WT,2535,Qualification,WEGRZYN Anna (POL),LABOSOVA Ema (SVK),,,3 - 2,11:9 11:6 9:11 7:11 11:8,WEGRZYN Anna,2022
ITTF World Team Championships Finals Presented by China Telecom 2022,2022-09-30,WEGRZYN Katarzyna,VARADY Barbora,SVK,POL,3,2,"6,11,11,2,12|11,6,9,11,10",QUAL,WORLD_CHAMPIONSHIPS,WT,2535,Qualification,WEGRZYN Katarzyna (POL),VARADY Barbora (SVK),,,2 - 3,11:6 6:11 9:11 11:2 10:12,VARADY Barbora,2022
ITTF World Team Championships Finals Presented by China Telecom 2022,2022-09-30,KRZYSIEK Paulina,KUKULKOVA Tatiana,SVK,POL,3,0,"11,11,12|9,8,10",QUAL,WORLD_CHAMPIONSHIPS,WT,2535,Qualification,KRZYSIEK Paulina (POL),KUKULKOVA Tatiana (SVK),,,0 - 3,9:11 8:11 10:12,KUKULKOVA Tatiana,2022
ITTF World Team Championships Finals Presented by China Telecom 2022,2022-09-30,PARANANG Orawan,DE NUTTE Sarah,LUX,THA,3,0,"11,11,11|7,9,8",QUAL,WORLD_CHAMPIONSHIPS,WT,2535,Qualification,PARANANG Orawan (THA),DE NUTTE Sarah (LUX),,,0 - 3,7:11 9:11 8:11,DE NUTTE Sarah,2022
ITTF World Team Championships Finals Presented by China Telecom 2022,2022-09-30,SAWETTABUT Jinnipa,NI Xia Lian,LUX,THA,3,1,"11,11,10,12|3,6,12,10",QUAL,WORLD_CHAMPIONSHIPS,WT,2535,Qualification,SAWETTABUT Jinnipa (THA),NI Xia Lian (LUX),,,1 - 3,3:11 6:11 12:10 10:12,NI Xia Lian,2022
ITTF World Team Championships Finals Presented by China Telecom 2022,2022-09-30,AUEAWIRIYAYOTHIN Wanwisa,GONDERINGER Tessy,THA,LUX,3,1,"9,11,11,11|11,9,7,6",QUAL,WORLD_CHAMPIONSHIPS,WT,2535,Qualification,AUEAWIRIYAYOTHIN Wanwisa (THA),GONDERINGER Tessy (LUX),,,3 - 1,9:11 11:9 11:7 11:6,AUEAWIRIYAYOTHIN Wanwisa,2022
ITTF World Team Championships Finals Presented by China Telecom 2022,2022-09-30,PARANANG Orawan,NI Xia Lian,LUX,THA,3,2,"11,6,13,8,11|5,11,11,11,6",QUAL,WORLD_CHAMPIONSHIPS,WT,2535,Qualification,PARANANG Orawan (THA),NI Xia Lian (LUX),,,2 - 3,5:11 11:6 11:13 11:8 6:11,NI Xia Lian,2022
ITTF World Team Championships Finals Presented by China Telecom 2022,2022-09-30,TAKAHASHI Bruna,CHASSELIN Pauline,BRA,FRA,3,0,"13,11,11|11,6,6",QUAL,WORLD_CHAMPIONSHIPS,WT,2535,Qualification,TAKAHASHI Bruna (BRA),CHASSELIN Pauline (FRA),,,3 - 0,13:11 11:6 11:6,TAKAHASHI Bruna,2022
ITTF World Team Championships Finals Presented by China Telecom 2022,2022-09-30,TAKAHASHI Giulia,PAVADE Prithika,FRA,BRA,3,0,"11,11,11|5,7,7",QUAL,WORLD_CHAMPIONSHIPS,WT,2535,Qualification,TAKAHASHI Giulia (BRA),PAVADE Prithika (FRA),,,0 - 3,5:11 7:11 7:11,PAVADE Prithika,2022
ITTF World Team Championships Finals Presented by China Telecom 2022,2022-09-30,WATANABE Laura,LUTZ Charlotte,BRA,FRA,3,1,"12,11,5,12|10,4,11,10",QUAL,WORLD_CHAMPIONSHIPS,WT,2535,Qualification,WATANABE Laura (BRA),LUTZ Charlotte (FRA),,,3 - 1,12:10 11:4 5:11 12:10,WATANABE Laura,2022
ITTF World Team Championships Finals Presented by China Telecom 2022,2022-09-30,TAKAHASHI Bruna,PAVADE Prithika,FRA,BRA,3,1,"11,14,9,11|8,12,11,9",QUAL,WORLD_CHAMPIONSHIPS,WT,2535,Qualification,TAKAHASHI Bruna (BRA),PAVADE Prithika (FRA),,,1 - 3,8:11 12:14 11:9 9:11,PAVADE Prithika,2022
ITTF World Team Championships Finals Presented by China Telecom 2022,2022-09-30,TAKAHASHI Giulia,CHASSELIN Pauline,FRA,BRA,3,0,"11,11,11|9,6,8",QUAL,WORLD_CHAMPIONSHIPS,WT,2535,Qualification,TAKAHASHI Giulia (BRA),CHASSELIN Pauline (FRA),,,0 - 3,9:11 6:11 8:11,CHASSELIN Pauline,2022
ITTF World Team Championships Finals Presented by China Telecom 2022,2022-09-30,CALDERANO Hugo,WANG Yang,BRA,SVK,3,2,"11,9,7,13,11|9,11,11,11,8",QUAL,WORLD_CHAMPIONSHIPS,MT,2535,Qualification,CALDERANO Hugo (BRA),WANG Yang (SVK),,,3 - 2,11:9 9:11 7:11 13:11 11:8,CALDERANO Hugo,2022
ITTF World Team Championships Finals Presented by China Telecom 2022,2022-09-30,ISHIY Vitor,ZELINKA Jakub,BRA,SVK,3,0,"11,11,11|8,2,8",QUAL,WORLD_CHAMPIONSHIPS,MT,2535,Qualification,ISHIY Vitor (BRA),ZELINKA Jakub (SVK),,,3 - 0,11:8 11:2 11:8,ISHIY Vitor,2022
ITTF World Team Championships Finals Presented by China Telecom 2022,2022-09-30,JOUTI Eric,KLAJBER Adam,BRA,SVK,3,0,"13,11,11|11,8,3",QUAL,WORLD_CHAMPIONSHIPS,MT,2535,Qualification,JOUTI Eric (BRA),KLAJBER Adam (SVK),,,3 - 0,13:11 11:8 11:3,JOUTI Eric,2022
ITTF World Team Championships Finals Presented by China Telecom 2022,2022-09-30,MAPHANGA Zodwa,SOO Wai Yam,HKG,RSA,3,0,"11,11,11|3,7,4",QUAL,WORLD_CHAMPIONSHIPS,WT,2535,Qualification,MAPHANGA Zodwa (RSA),SOO Wai Yam (HKG),,,0 - 3,3:11 7:11 4:11,SOO Wai Yam,2022
ITTF World Team Championships Finals Presented by China Telecom 2022,2022-09-30,KALAM Musfiquh,NG Wing Lam,HKG,RSA,3,0,"11,11,11|5,3,7",QUAL,WORLD_CHAMPIONSHIPS,WT,2535,Qualification,KALAM Musfiquh (RSA),NG Wing Lam (HKG),,,0 - 3,5:11 3:11 7:11,NG Wing Lam,2022
ITTF World Team Championships Finals Presented by China Telecom 2022,2022-09-30,EDWARDS Lailaa,LEE Ho Ching,HKG,RSA,3,0,"12,11,11|10,5,2",QUAL,WORLD_CHAMPIONSHIPS,WT,2535,Qualification,EDWARDS Lailaa (RSA),LEE Ho Ching (HKG),,,0 - 3,10:12 5:11 2:11,LEE Ho Ching,2022
ITTF World Team Championships Finals Presented by China Telecom 2022,2022-09-30,CHEN Diogo,CHRISTENSEN Thor,DEN,POR,3,0,"11,11,11|6,9,8",QUAL,WORLD_CHAMPIONSHIPS,MT,2535,Qualification,CHEN Diogo (POR),CHRISTENSEN Thor (DEN),,,0 - 3,6:11 9:11 8:11,CHRISTENSEN Thor,2022
ITTF World Team Championships Finals Presented by China Telecom 2022,2022-09-30,GERALDO Joao,LIND Anders,POR,DEN,3,1,"11,11,8,11|9,9,11,5",QUAL,WORLD_CHAMPIONSHIPS,MT,2535,Qualification,GERALDO Joao (POR),LIND Anders (DEN),,,3 - 1,11:9 11:9 8:11 11:5,GERALDO Joao,2022
ITTF World Team Championships Finals Presented by China Telecom 2022,2022-09-30,MONTEIRO Joao,RASMUSSEN Tobias,DEN,POR,3,0,"14,11,11|12,9,8",QUAL,WORLD_CHAMPIONSHIPS,MT,2535,Qualification,MONTEIRO Joao (POR),RASMUSSEN Tobias (DEN),,,0 - 3,12:14 9:11 8:11,RASMUSSEN Tobias,2022
ITTF World Team Championships Finals Presented by China Telecom 2022,2022-09-30,CHEN Diogo,LIND Anders,DEN,POR,3,1,"11,6,11,16|8,11,5,14",QUAL,WORLD_CHAMPIONSHIPS,MT,2535,Qualification,CHEN Diogo (POR),LIND Anders (DEN),,,1 - 3,8:11 11:6 5:11 14:16,LIND Anders,2022
ITTF World Team Championships Finals Presented by China Telecom 2022,2022-09-30,KULCZYCKI Samuel,MOREGARD Truls,SWE,POL,3,0,"11,11,15|9,7,13",QUAL,WORLD_CHAMPIONSHIPS,MT,2535,Qualification,KULCZYCKI Samuel (POL),MOREGARD Truls (SWE),,,0 - 3,9:11 7:11 13:15,MOREGARD Truls,2022
ITTF World Team Championships Finals Presented by China Telecom 2022,2022-09-30,KUBIK Maciej,KARLSSON Kristian,SWE,POL,3,0,"11,11,11|5,9,6",QUAL,WORLD_CHAMPIONSHIPS,MT,2535,Qualification,KUBIK Maciej (POL),KARLSSON Kristian (SWE),,,0 - 3,5:11 9:11 6:11,KARLSSON Kristian,2022
ITTF World Team Championships Finals Presented by China Telecom 2022,2022-09-30,REDZIMSKI Milosz,KARLSSON Mattias,SWE,POL,3,2,"7,7,14,11,11|11,11,12,6,8",QUAL,WORLD_CHAMPIONSHIPS,MT,2535,Qualification,REDZIMSKI Milosz (POL),KARLSSON Mattias (SWE),,,2 - 3,11:7 11:7 12:14 6:11 8:11,KARLSSON Mattias,2022
ITTF World Team Championships Finals Presented by China Telecom 2022,2022-09-30,ISKANDAROV Shokhrukh,QIU Dang,GER,UZB,3,0,"11,11,11|5,9,5",QUAL,WORLD_CHAMPIONSHIPS,MT,2535,Qualification,ISKANDAROV Shokhrukh (UZB),QIU Dang (GER),,,0 - 3,5:11 9:11 5:11,QIU Dang,2022
ITTF World Team Championships Finals Presented by China Telecom 2022,2022-09-30,ANORBOEV Abdulaziz,DUDA Benedikt,GER,UZB,3,0,"11,11,11|3,5,8",QUAL,WORLD_CHAMPIONSHIPS,MT,2535,Qualification,ANORBOEV Abdulaziz (UZB),DUDA Benedikt (GER),,,0 - 3,3:11 5:11 8:11,DUDA Benedikt,2022
ITTF World Team Championships Finals Presented by China Telecom 2022,2022-09-30,KHOLIKOV Elmurod,STUMPER Kay,GER,UZB,3,0,"11,11,11|4,3,8",QUAL,WORLD_CHAMPIONSHIPS,MT,2535,Qualification,KHOLIKOV Elmurod (UZB),STUMPER Kay (GER),,,0 - 3,4:11 3:11 8:11,STUMPER Kay,2022
ITTF World Team Championships Finals Presented by China Telecom 2022,2022-09-30,LEBRUN Alexis,THAKKAR Manav,FRA,IND,3,0,"11,11,11|6,8,8",QUAL,WORLD_CHAMPIONSHIPS,MT,2535,Qualification,LEBRUN Alexis (FRA),THAKKAR Manav (IND),,,3 - 0,11:6 11:8 11:8,LEBRUN Alexis,2022
ITTF World Team Championships Finals Presented by China Telecom 2022,2022-09-30,LEBRUN Felix,GNANASEKARAN Sathiyan,FRA,IND,3,0,"11,11,11|4,2,6",QUAL,WORLD_CHAMPIONSHIPS,MT,2535,Qualification,LEBRUN Felix (FRA),GNANASEKARAN Sathiyan (IND),,,3 - 0,11:4 11:2 11:6,LEBRUN Felix,2022
ITTF World Team Championships Finals Presented by China Telecom 2022,2022-09-30,ROLLAND Jules,DESAI Harmeet,FRA,IND,3,2,"11,13,7,11,11|13,11,11,8,7",QUAL,WORLD_CHAMPIONSHIPS,MT,2535,Qualification,ROLLAND Jules (FRA),DESAI Harmeet (IND),,,3 - 2,11:13 13:11 7:11 11:8 11:7,ROLLAND Jules,2022
ITTF World Team Championships Finals Presented by China Telecom 2022,2022-09-30,ZHANG Lily,RIOS Daniely,USA,PUR,3,0,"11,11,11|6,8,7",QUAL,WORLD_CHAMPIONSHIPS,WT,2535,Qualification,ZHANG Lily (USA),RIOS Daniely (PUR),,,3 - 0,11:6 11:8 11:7,ZHANG Lily,2022
ITTF World Team Championships Finals Presented by China Telecom 2022,2022-09-30,JALLI Sarah,DIAZ Adriana,PUR,USA,3,0,"11,11,11|4,4,3",QUAL,WORLD_CHAMPIONSHIPS,WT,2535,Qualification,JALLI Sarah (USA),DIAZ Adriana (PUR),,,0 - 3,4:11 4:11 3:11,DIAZ Adriana,2022
ITTF World Team Championships Finals Presented by China Telecom 2022,2022-09-30,KE Tiffany,DIAZ Melanie,PUR,USA,3,0,"11,12,12|6,10,10",QUAL,WORLD_CHAMPIONSHIPS,WT,2535,Qualification,KE Tiffany (USA),DIAZ Melanie (PUR),,,0 - 3,6:11 10:12 10:12,DIAZ Melanie,2022
ITTF World Team Championships Finals Presented by China Telecom 2022,2022-09-30,ZHANG Lily,DIAZ Adriana,USA,PUR,3,2,"7,6,11,11,11|11,11,8,8,4",QUAL,WORLD_CHAMPIONSHIPS,WT,2535,Qualification,ZHANG Lily (USA),DIAZ Adriana (PUR),,,3 - 2,7:11 6:11 11:8 11:8 11:4,ZHANG Lily,2022
ITTF World Team Championships Finals Presented by China Telecom 2022,2022-09-30,JALLI Sarah,RIOS Daniely,PUR,USA,3,2,"11,11,9,7,11|5,8,11,11,9",QUAL,WORLD_CHAMPIONSHIPS,WT,2535,Qualification,JALLI Sarah (USA),RIOS Daniely (PUR),,,2 - 3,5:11 8:11 11:9 11:7 9:11,RIOS Daniely,2022
ITTF World Team Championships Finals Presented by China Telecom 2022,2022-09-30,CHO Seungmin,BU SHULAYBI Abdulaziz,KOR,KSA,3,2,"11,9,11,9,11|6,11,9,11,4",QUAL,WORLD_CHAMPIONSHIPS,MT,2535,Qualification,CHO Seungmin (KOR),BU SHULAYBI Abdulaziz (KSA),,,3 - 2,11:6 9:11 11:9 9:11 11:4,CHO Seungmin,2022
ITTF World Team Championships Finals Presented by China Telecom 2022,2022-09-30,CHO Daeseong,ALKHADRAWI Ali,KOR,KSA,3,0,"11,11,11|8,4,1",QUAL,WORLD_CHAMPIONSHIPS,MT,2535,Qualification,CHO Daeseong (KOR),ALKHADRAWI Ali (KSA),,,3 - 0,11:8 11:4 11:1,CHO Daeseong,2022
ITTF World Team Championships Finals Presented by China Telecom 2022,2022-09-30,HWANG Minha,ALIM Azzam,KOR,KSA,3,1,"8,11,11,11|11,3,8,3",QUAL,WORLD_CHAMPIONSHIPS,MT,2535,Qualification,HWANG Minha (KOR),ALIM Azzam (KSA),,,3 - 1,8:11 11:3 11:8 11:3,HWANG Minha,2022
ITTF World Team Championships Finals Presented by China Telecom 2022,2022-09-30,ELBEIALI Mohamed,KOLDAS Tomas,EGY,CZE,3,1,"11,11,7,14|7,5,11,12",QUAL,WORLD_CHAMPIONSHIPS,MT,2535,Qualification,ELBEIALI Mohamed (EGY),KOLDAS Tomas (CZE),,,3 - 1,11:7 11:5 7:11 14:12,ELBEIALI Mohamed,2022
ITTF World Team Championships Finals Presented by China Telecom 2022,2022-09-30,ABDELAZIZ Youssef,POLANSKY Tomas,CZE,EGY,3,2,"11,11,7,8,14|5,4,11,11,12",QUAL,WORLD_CHAMPIONSHIPS,MT,2535,Qualification,ABDELAZIZ Youssef (EGY),POLANSKY Tomas (CZE),,,2 - 3,5:11 4:11 11:7 11:8 12:14,POLANSKY Tomas,2022
ITTF World Team Championships Finals Presented by China Telecom 2022,2022-09-30,MAGDY Shady,VALENTA Jan,EGY,CZE,3,0,"15,11,11|13,6,7",QUAL,WORLD_CHAMPIONSHIPS,MT,2535,Qualification,MAGDY Shady (EGY),VALENTA Jan (CZE),,,3 - 0,15:13 11:6 11:7,MAGDY Shady,2022
ITTF World Team Championships Finals Presented by China Telecom 2022,2022-09-30,ELBEIALI Mohamed,POLANSKY Tomas,EGY,CZE,3,1,"11,11,9,11|9,8,11,5",QUAL,WORLD_CHAMPIONSHIPS,MT,2535,Qualification,ELBEIALI Mohamed (EGY),POLANSKY Tomas (CZE),,,3 - 1,11:9 11:8 9:11 11:5,ELBEIALI Mohamed,2022
ITTF World Team Championships Finals Presented by China Telecom 2022,2022-09-30,SANGUANSIN Phakpoom,LIN Gaoyuan,CHN,THA,3,1,"12,11,11,11|10,13,1,3",QUAL,WORLD_CHAMPIONSHIPS,MT,2535,Qualification,SANGUANSIN Phakpoom (THA),LIN Gaoyuan (CHN),,,1 - 3,10:12 13:11 1:11 3:11,LIN Gaoyuan,2022
ITTF World Team Championships Finals Presented by China Telecom 2022,2022-09-30,TANCHAROEN Sarayut,FAN Zhendong,CHN,THA,3,0,"11,11,11|9,8,6",QUAL,WORLD_CHAMPIONSHIPS,MT,2535,Qualification,TANCHAROEN Sarayut (THA),FAN Zhendong (CHN),,,0 - 3,9:11 8:11 6:11,FAN Zhendong,2022
ITTF World Team Championships Finals Presented by China Telecom 2022,2022-09-30,PASSARA Pattaratorn,LIANG Jingkun,CHN,THA,3,1,"8,11,11,11|11,5,3,4",QUAL,WORLD_CHAMPIONSHIPS,MT,2535,Qualification,PASSARA Pattaratorn (THA),LIANG Jingkun (CHN),,,1 - 3,11:8 5:11 3:11 4:11,LIANG Jingkun,2022
ITTF World Team Championships Finals Presented by China Telecom 2022,2022-09-30,HARIMOTO Tomokazu,SZUDI Adam,JPN,HUN,3,1,"8,11,11,11|11,5,7,5",QUAL,WORLD_CHAMPIONSHIPS,MT,2535,Qualification,HARIMOTO Tomokazu (JPN),SZUDI Adam (HUN),,,3 - 1,8:11 11:5 11:7 11:5,HARIMOTO Tomokazu,2022
ITTF World Team Championships Finals Presented by China Telecom 2022,2022-09-30,TOGAMI Shunsuke,LAKATOS Tamas,JPN,HUN,3,0,"12,11,11|10,8,3",QUAL,WORLD_CHAMPIONSHIPS,MT,2535,Qualification,TOGAMI Shunsuke (JPN),LAKATOS Tamas (HUN),,,3 - 0,12:10 11:8 11:3,TOGAMI Shunsuke,2022
ITTF World Team Championships Finals Presented by China Telecom 2022,2022-09-30,YOKOTANI Jo,ECSEKI Nandor,HUN,JPN,3,2,"11,8,11,4,11|7,11,7,11,8",QUAL,WORLD_CHAMPIONSHIPS,MT,2535,Qualification,YOKOTANI Jo (JPN),ECSEKI Nandor (HUN),,,2 - 3,7:11 11:8 7:11 11:4 8:11,ECSEKI Nandor,2022
ITTF World Team Championships Finals Presented by China Telecom 2022,2022-09-30,HARIMOTO Tomokazu,LAKATOS Tamas,JPN,HUN,3,0,"11,11,11|7,5,4",QUAL,WORLD_CHAMPIONSHIPS,MT,2535,Qualification,HARIMOTO Tomokazu (JPN),LAKATOS Tamas (HUN),,,3 - 0,11:7 11:5 11:4,HARIMOTO Tomokazu,2022
ITTF World Team Championships Finals Presented by China Telecom 2022,2022-09-30,JORGIC Darko,LEVINSKI Mishel,SLO,USA,3,0,"11,11,11|7,6,4",QUAL,WORLD_CHAMPIONSHIPS,MT,2535,Qualification,JORGIC Darko (SLO),LEVINSKI Mishel (USA),,,3 - 0,11:7 11:6 11:4,JORGIC Darko,2022
ITTF World Team Championships Finals Presented by China Telecom 2022,2022-09-30,KOZUL Deni,LIANG Jishan,SLO,USA,3,2,"9,10,11,11,11|11,12,6,7,8",QUAL,WORLD_CHAMPIONSHIPS,MT,2535,Qualification,KOZUL Deni (SLO),LIANG Jishan (USA),,,3 - 2,9:11 10:12 11:6 11:7 11:8,KOZUL Deni,2022
ITTF World Team Championships Finals Presented by China Telecom 2022,2022-09-30,HRIBAR Peter,ALTO Earl James,SLO,USA,3,2,"11,5,11,7,11|4,11,4,11,8",QUAL,WORLD_CHAMPIONSHIPS,MT,2535,Qualification,HRIBAR Peter (SLO),ALTO Earl James (USA),,,3 - 2,11:4 5:11 11:4 7:11 11:8,HRIBAR Peter,2022
ITTF World Team Championships Finals Presented by China Telecom 2022,2022-09-30,WONG Chun Ting,SZOCS Hunor,HKG,ROU,3,0,"11,14,11|5,12,1",QUAL,WORLD_CHAMPIONSHIPS,MT,2535,Qualification,WONG Chun Ting (HKG),SZOCS Hunor (ROU),,,3 - 0,11:5 14:12 11:1,WONG Chun Ting,2022
ITTF World Team Championships Finals Presented by China Telecom 2022,2022-09-30,NG Pak Nam,IONESCU Ovidiu,ROU,HKG,3,1,"14,6,11,11|12,11,9,5",QUAL,WORLD_CHAMPIONSHIPS,MT,2535,Qualification,NG Pak Nam (HKG),IONESCU Ovidiu (ROU),,,1 - 3,12:14 11:6 9:11 5:11,IONESCU Ovidiu,2022
ITTF World Team Championships Finals Presented by China Telecom 2022,2022-09-30,LAM Siu Hang,IONESCU Eduard,HKG,ROU,3,2,"9,11,11,10,11|11,6,4,12,8",QUAL,WORLD_CHAMPIONSHIPS,MT,2535,Qualification,LAM Siu Hang (HKG),IONESCU Eduard (ROU),,,3 - 2,9:11 11:6 11:4 10:12 11:8,LAM Siu Hang,2022
ITTF World Team Championships Finals Presented by China Telecom 2022,2022-09-30,WONG Chun Ting,IONESCU Ovidiu,ROU,HKG,3,2,"9,11,1,13,11|11,6,11,11,8",QUAL,WORLD_CHAMPIONSHIPS,MT,2535,Qualification,WONG Chun Ting (HKG),IONESCU Ovidiu (ROU),,,2 - 3,11:9 6:11 11:1 11:13 8:11,IONESCU Ovidiu,2022
ITTF World Team Championships Finals Presented by China Telecom 2022,2022-09-30,NG Pak Nam,SZOCS Hunor,ROU,HKG,3,2,"11,7,11,8,11|9,11,8,11,2",QUAL,WORLD_CHAMPIONSHIPS,MT,2535,Qualification,NG Pak Nam (HKG),SZOCS Hunor (ROU),,,2 - 3,9:11 11:7 8:11 11:8 2:11,SZOCS Hunor,2022
ITTF World Team Championships Finals Presented by China Telecom 2022,2022-09-30,PARANANG Orawan,WONG Xin Ru,THA,SGP,3,0,"11,11,11|9,3,7",QUAL,WORLD_CHAMPIONSHIPS,WT,2535,Qualification,PARANANG Orawan (THA),WONG Xin Ru (SGP),,,3 - 0,11:9 11:3 11:7,PARANANG Orawan,2022
ITTF World Team Championships Finals Presented by China Telecom 2022,2022-09-30,SAWETTABUT Jinnipa,ZHOU Jingyi,SGP,THA,3,0,"11,12,11|9,10,6",QUAL,WORLD_CHAMPIONSHIPS,WT,2535,Qualification,SAWETTABUT Jinnipa (THA),ZHOU Jingyi (SGP),,,0 - 3,9:11 10:12 6:11,ZHOU Jingyi,2022
ITTF World Team Championships Finals Presented by China Telecom 2022,2022-09-30,AUEAWIRIYAYOTHIN Wanwisa,ZHANG Wanling,THA,SGP,3,0,"11,11,11|4,5,3",QUAL,WORLD_CHAMPIONSHIPS,WT,2535,Qualification,AUEAWIRIYAYOTHIN Wanwisa (THA),ZHANG Wanling (SGP),,,3 - 0,11:4 11:5 11:3,AUEAWIRIYAYOTHIN Wanwisa,2022
ITTF World Team Championships Finals Presented by China Telecom 2022,2022-09-30,PARANANG Orawan,ZHOU Jingyi,THA,SGP,3,0,"22,11,11|20,8,5",QUAL,WORLD_CHAMPIONSHIPS,WT,2535,Qualification,PARANANG Orawan (THA),ZHOU Jingyi (SGP),,,3 - 0,22:20 11:8 11:5,PARANANG Orawan,2022
ITTF World Team Championships Finals Presented by China Telecom 2022,2022-09-30,SAFAEI Shima,KIM Nayeong,KOR,IRI,3,0,"11,11,11|3,6,3",QUAL,WORLD_CHAMPIONSHIPS,WT,2535,Qualification,SAFAEI Shima (IRI),KIM Nayeong (KOR),,,0 - 3,3:11 6:11 3:11,KIM Nayeong,2022
ITTF World Team Championships Finals Presented by China Telecom 2022,2022-09-30,HAJILOU Parinaz,LEE Zion,KOR,IRI,3,2,"11,11,10,11,11|2,13,12,9,7",QUAL,WORLD_CHAMPIONSHIPS,WT,2535,Qualification,HAJILOU Parinaz (IRI),LEE Zion (KOR),,,2 - 3,2:11 13:11 12:10 9:11 7:11,LEE Zion,2022
ITTF World Team Championships Finals Presented by China Telecom 2022,2022-09-30,RAHIMI Elina,YOON Hyobin,KOR,IRI,3,0,"11,11,11|9,9,6",QUAL,WORLD_CHAMPIONSHIPS,WT,2535,Qualification,RAHIMI Elina (IRI),YOON Hyobin (KOR),,,0 - 3,9:11 9:11 6:11,YOON Hyobin,2022
ITTF World Team Championships Finals Presented by China Telecom 2022,2022-09-30,LYNE Karen,SUN Yingsha,CHN,MAS,3,0,"11,11,11|8,7,6",QUAL,WORLD_CHAMPIONSHIPS,WT,2535,Qualification,LYNE Karen (MAS),SUN Yingsha (CHN),,,0 - 3,8:11 7:11 6:11,SUN Yingsha,2022
ITTF World Team Championships Finals Presented by China Telecom 2022,2022-09-30,TEE Ai Xin,WANG Manyu,CHN,MAS,3,0,"11,11,11|5,3,8",QUAL,WORLD_CHAMPIONSHIPS,WT,2535,Qualification,TEE Ai Xin (MAS),WANG Manyu (CHN),,,0 - 3,5:11 3:11 8:11,WANG Manyu,2022
ITTF World Team Championships Finals Presented by China Telecom 2022,2022-09-30,CHANG Li Sian,WANG Yidi,CHN,MAS,3,0,"11,11,11|6,5,3",QUAL,WORLD_CHAMPIONSHIPS,WT,2535,Qualification,CHANG Li Sian (MAS),WANG Yidi (CHN),,,0 - 3,6:11 5:11 3:11,WANG Yidi,2022
ITTF World Team Championships Finals Presented by China Telecom 2022,2022-09-30,KIHARA Miyuu,MAGDIEVA Markhabo,JPN,UZB,3,0,"11,11,11|5,3,5",QUAL,WORLD_CHAMPIONSHIPS,WT,2535,Qualification,KIHARA Miyuu (JPN),MAGDIEVA Markhabo (UZB),,,3 - 0,11:5 11:3 11:5,KIHARA Miyuu,2022
ITTF World Team Championships Finals Presented by China Telecom 2022,2022-09-30,HAYATA Hina,KHADJIEVA Rozalina,JPN,UZB,3,0,"11,11,11|7,4,4",QUAL,WORLD_CHAMPIONSHIPS,WT,2535,Qualification,HAYATA Hina (JPN),KHADJIEVA Rozalina (UZB),,,3 - 0,11:7 11:4 11:4,HAYATA Hina,2022
ITTF World Team Championships Finals Presented by China Telecom 2022,2022-09-30,NAGASAKI Miyu,ERKEBAEVA Asel,JPN,UZB,3,0,"11,11,11|2,8,5",QUAL,WORLD_CHAMPIONSHIPS,WT,2535,Qualification,NAGASAKI Miyu (JPN),ERKEBAEVA Asel (UZB),,,3 - 0,11:2 11:8 11:5,NAGASAKI Miyu,2022
ITTF World Team Championships Finals Presented by China Telecom 2022,2022-09-30,LUM Nicholas,WALKER Samuel,ENG,AUS,3,1,"9,11,11,11|11,8,7,8",QUAL,WORLD_CHAMPIONSHIPS,MT,2535,Qualification,LUM Nicholas (AUS),WALKER Samuel (ENG),,,1 - 3,11:9 8:11 7:11 8:11,WALKER Samuel,2022
ITTF World Team Championships Finals Presented by China Telecom 2022,2022-09-30,LEE Yonghun,PITCHFORD Liam,ENG,AUS,3,0,"11,11,11|5,7,7",QUAL,WORLD_CHAMPIONSHIPS,MT,2535,Qualification,LEE Yonghun (AUS),PITCHFORD Liam (ENG),,,0 - 3,5:11 7:11 7:11,PITCHFORD Liam,2022
ITTF World Team Championships Finals Presented by China Telecom 2022,2022-09-30,LUU Finn,MCBEATH David,ENG,AUS,3,2,"4,11,13,9,11|11,1,11,11,3",QUAL,WORLD_CHAMPIONSHIPS,MT,2535,Qualification,LUU Finn (AUS),MCBEATH David (ENG),,,2 - 3,11:4 1:11 11:13 11:9 3:11,MCBEATH David,2022
ITTF World Team Championships Finals Presented by China Telecom 2022,2022-09-30,WEGRZYN Katarzyna,HARTBRICH Leonie,HUN,POL,3,2,"1,5,11,11,12|11,11,7,8,10",QUAL,WORLD_CHAMPIONSHIPS,WT,2535,Qualification,WEGRZYN Katarzyna (POL),HARTBRICH Leonie (HUN),,,2 - 3,11:1 11:5 7:11 8:11 10:12,HARTBRICH Leonie,2022
ITTF World Team Championships Finals Presented by China Telecom 2022,2022-09-30,WEGRZYN Anna,MADARASZ Dora,HUN,POL,3,2,"7,11,11,13,11|11,1,4,15,9",QUAL,WORLD_CHAMPIONSHIPS,WT,2535,Qualification,WEGRZYN Anna (POL),MADARASZ Dora (HUN),,,2 - 3,11:7 1:11 4:11 15:13 9:11,MADARASZ Dora,2022
ITTF World Team Championships Finals Presented by China Telecom 2022,2022-09-30,KRZYSIEK Paulina,DARI Helga,HUN,POL,3,1,"13,13,12,13|11,15,10,11",QUAL,WORLD_CHAMPIONSHIPS,WT,2535,Qualification,KRZYSIEK Paulina (POL),DARI Helga (HUN),,,1 - 3,11:13 15:13 10:12 11:13,DARI Helga,2022
ITTF World Team Championships Finals Presented by China Telecom 2022,2022-09-30,KULCZYCKI Samuel,CHO Seungmin,KOR,POL,3,0,"11,11,11|8,9,8",R16,WORLD_CHAMPIONSHIPS,MT,2535,Main Draw,KULCZYCKI Samuel (POL),CHO Seungmin (KOR),,,0 - 3,8:11 9:11 8:11,CHO Seungmin,2022
ITTF World Team Championships Finals Presented by China Telecom 2022,2022-09-30,REDZIMSKI Milosz,JANG Woojin,KOR,POL,3,0,"11,11,13|8,2,11",R16,WORLD_CHAMPIONSHIPS,MT,2535,Main Draw,REDZIMSKI Milosz (POL),JANG Woojin (KOR),,,0 - 3,8:11 2:11 11:13,JANG Woojin,2022
ITTF World Team Championships Finals Presented by China Telecom 2022,2022-09-30,KUBIK Maciej,CHO Daeseong,KOR,POL,3,0,"11,15,12|8,13,10",R16,WORLD_CHAMPIONSHIPS,MT,2535,Main Draw,KUBIK Maciej (POL),CHO Daeseong (KOR),,,0 - 3,8:11 13:15 10:12,CHO Daeseong,2022
ITTF World Team Championships Finals Presented by China Telecom 2022,2022-09-30,ELBEIALI Mohamed,NG Pak Nam,HKG,EGY,3,0,"11,11,11|3,7,8",R16,WORLD_CHAMPIONSHIPS,MT,2535,Main Draw,ELBEIALI Mohamed (EGY),NG Pak Nam (HKG),,,0 - 3,3:11 7:11 8:11,NG Pak Nam,2022
ITTF World Team Championships Finals Presented by China Telecom 2022,2022-09-30,ABDELAZIZ Youssef,WONG Chun Ting,HKG,EGY,3,0,"11,12,11|5,10,9",R16,WORLD_CHAMPIONSHIPS,MT,2535,Main Draw,ABDELAZIZ Youssef (EGY),WONG Chun Ting (HKG),,,0 - 3,5:11 10:12 9:11,WONG Chun Ting,2022
ITTF World Team Championships Finals Presented by China Telecom 2022,2022-09-30,MAGDY Shady,LAM Siu Hang,HKG,EGY,3,2,"11,11,11,8,11|13,4,3,11,7",R16,WORLD_CHAMPIONSHIPS,MT,2535,Main Draw,MAGDY Shady (EGY),LAM Siu Hang (HKG),,,2 - 3,13:11 4:11 3:11 11:8 7:11,LAM Siu Hang,2022
ITTF World Team Championships Finals Presented by China Telecom 2022,2022-09-30,MATELOVA Hana,ZHOU Jingyi,CZE,SGP,3,1,"11,9,11,11|8,11,6,9",R16,WORLD_CHAMPIONSHIPS,WT,2535,Main Draw,MATELOVA Hana (CZE),ZHOU Jingyi (SGP),,,3 - 1,11:8 9:11 11:6 11:9,MATELOVA Hana,2022
ITTF World Team Championships Finals Presented by China Telecom 2022,2022-09-30,TOMANOVSKA Katerina,ZENG Jian,SGP,CZE,3,0,"12,11,11|10,9,9",R16,WORLD_CHAMPIONSHIPS,WT,2535,Main Draw,TOMANOVSKA Katerina (CZE),ZENG Jian (SGP),,,0 - 3,10:12 9:11 9:11,ZENG Jian,2022
ITTF World Team Championships Finals Presented by China Telecom 2022,2022-09-30,SEVCIKOVA Marketa,WONG Xin Ru,SGP,CZE,3,0,"11,14,11|7,12,7",R16,WORLD_CHAMPIONSHIPS,WT,2535,Main Draw,SEVCIKOVA Marketa (CZE),WONG Xin Ru (SGP),,,0 - 3,7:11 12:14 7:11,WONG Xin Ru,2022
ITTF World Team Championships Finals Presented by China Telecom 2022,2022-09-30,MATELOVA Hana,ZENG Jian,SGP,CZE,3,0,"11,11,11|6,4,7",R16,WORLD_CHAMPIONSHIPS,WT,2535,Main Draw,MATELOVA Hana (CZE),ZENG Jian (SGP),,,0 - 3,6:11 4:11 7:11,ZENG Jian,2022
ITTF World Team Championships Finals Presented by China Telecom 2022,2022-09-30,DIAZ Adriana,MITTELHAM Nina,PUR,GER,3,2,"11,7,11,8,11|6,11,7,11,4",R16,WORLD_CHAMPIONSHIPS,WT,2535,Main Draw,DIAZ Adriana (PUR),MITTELHAM Nina (GER),,,3 - 2,11:6 7:11 11:7 8:11 11:4,DIAZ Adriana,2022
ITTF World Team Championships Finals Presented by China Telecom 2022,2022-09-30,DIAZ Melanie,HAN Ying,GER,PUR,3,0,"11,11,11|2,3,6",R16,WORLD_CHAMPIONSHIPS,WT,2535,Main Draw,DIAZ Melanie (PUR),HAN Ying (GER),,,0 - 3,2:11 3:11 6:11,HAN Ying,2022
ITTF World Team Championships Finals Presented by China Telecom 2022,2022-09-30,RIOS Daniely,SHAN Xiaona,GER,PUR,3,1,"11,10,11,11|8,12,6,3",R16,WORLD_CHAMPIONSHIPS,WT,2535,Main Draw,RIOS Daniely (PUR),SHAN Xiaona (GER),,,1 - 3,8:11 12:10 6:11 3:11,SHAN Xiaona,2022
ITTF World Team Championships Finals Presented by China Telecom 2022,2022-09-30,DIAZ Adriana,HAN Ying,GER,PUR,3,0,"11,11,11|1,1,5",R16,WORLD_CHAMPIONSHIPS,WT,2535,Main Draw,DIAZ Adriana (PUR),HAN Ying (GER),,,0 - 3,1:11 1:11 5:11,HAN Ying,2022
ITTF World Team Championships Finals Presented by China Telecom 2022,2022-09-30,SZOCS Bernadette,ZHU Chengzhu,HKG,ROU,3,2,"12,5,16,11,12|10,11,18,3,10",R16,WORLD_CHAMPIONSHIPS,WT,2535,Main Draw,SZOCS Bernadette (ROU),ZHU Chengzhu (HKG),,,2 - 3,10:12 11:5 18:16 3:11 10:12,ZHU Chengzhu,2022
ITTF World Team Championships Finals Presented by China Telecom 2022,2022-09-30,SAMARA Elizabeta,DOO Hoi Kem,HKG,ROU,3,1,"11,11,8,11|9,7,11,6",R16,WORLD_CHAMPIONSHIPS,WT,2535,Main Draw,SAMARA Elizabeta (ROU),DOO Hoi Kem (HKG),,,1 - 3,9:11 7:11 11:8 6:11,DOO Hoi Kem,2022
ITTF World Team Championships Finals Presented by China Telecom 2022,2022-09-30,DIACONU Adina,LEE Ho Ching,ROU,HKG,3,1,"11,12,11,15|8,14,6,13",R16,WORLD_CHAMPIONSHIPS,WT,2535,Main Draw,DIACONU Adina (ROU),LEE Ho Ching (HKG),,,3 - 1,11:8 12:14 11:6 15:13,DIACONU Adina,2022
ITTF World Team Championships Finals Presented by China Telecom 2022,2022-09-30,SZOCS Bernadette,DOO Hoi Kem,ROU,HKG,3,1,"11,11,5,11|5,9,11,6",R16,WORLD_CHAMPIONSHIPS,WT,2535,Main Draw,SZOCS Bernadette (ROU),DOO Hoi Kem (HKG),,,3 - 1,11:5 11:9 5:11 11:6,SZOCS Bernadette,2022
ITTF World Team Championships Finals Presented by China Telecom 2022,2022-09-30,SAMARA Elizabeta,ZHU Chengzhu,HKG,ROU,3,2,"6,13,4,11,11|11,11,11,7,9",R16,WORLD_CHAMPIONSHIPS,WT,2535,Main Draw,SAMARA Elizabeta (ROU),ZHU Chengzhu (HKG),,,2 - 3,11:6 11:13 11:4 7:11 9:11,ZHU Chengzhu,2022
ITTF World Team Championships Finals Presented by China Telecom 2022,2022-09-30,CALDERANO Hugo,TOGAMI Shunsuke,JPN,BRA,3,1,"11,12,11,11|13,10,8,7",R16,WORLD_CHAMPIONSHIPS,MT,2535,Main Draw,CALDERANO Hugo (BRA),TOGAMI Shunsuke (JPN),,,1 - 3,13:11 10:12 8:11 7:11,TOGAMI Shunsuke,2022
ITTF World Team Championships Finals Presented by China Telecom 2022,2022-09-30,JOUTI Eric,HARIMOTO Tomokazu,JPN,BRA,3,0,"11,11,11|4,5,7",R16,WORLD_CHAMPIONSHIPS,MT,2535,Main Draw,JOUTI Eric (BRA),HARIMOTO Tomokazu (JPN),,,0 - 3,4:11 5:11 7:11,HARIMOTO Tomokazu,2022
ITTF World Team Championships Finals Presented by China Telecom 2022,2022-09-30,ISHIY Vitor,OIKAWA Mizuki,JPN,BRA,3,0,"11,11,11|8,4,9",R16,WORLD_CHAMPIONSHIPS,MT,2535,Main Draw,ISHIY Vitor (BRA),OIKAWA Mizuki (JPN),,,0 - 3,8:11 4:11 9:11,OIKAWA Mizuki,2022
ITTF World Team Championships Finals Presented by China Telecom 2022,2022-09-30,CHEN Szu-Yu,BATRA Manika,TPE,IND,3,0,"11,11,11|7,9,3",R16,WORLD_CHAMPIONSHIPS,WT,2535,Main Draw,CHEN Szu-Yu (TPE),BATRA Manika (IND),,,3 - 0,11:7 11:9 11:3,CHEN Szu-Yu,2022
ITTF World Team Championships Finals Presented by China Telecom 2022,2022-09-30,CHENG I-Ching,AKULA Sreeja,TPE,IND,3,1,"11,5,11,11|8,11,6,9",R16,WORLD_CHAMPIONSHIPS,WT,2535,Main Draw,CHENG I-Ching (TPE),AKULA Sreeja (IND),,,3 - 1,11:8 5:11 11:6 11:9,CHENG I-Ching,2022
ITTF World Team Championships Finals Presented by China Telecom 2022,2022-09-30,LIU Hsing-Yin,CHITALE Diya,TPE,IND,3,2,"11,9,9,11,11|6,11,11,8,7",R16,WORLD_CHAMPIONSHIPS,WT,2535,Main Draw,LIU Hsing-Yin (TPE),CHITALE Diya (IND),,,3 - 2,11:6 9:11 9:11 11:8 11:7,LIU Hsing-Yin,2022
ITTF World Team Championships Finals Presented by China Telecom 2022,2022-09-30,VARADY Barbora,PAVADE Prithika,FRA,SVK,3,2,"7,12,8,11,11|11,10,11,8,9",R16,WORLD_CHAMPIONSHIPS,WT,2535,Main Draw,VARADY Barbora (SVK),PAVADE Prithika (FRA),,,2 - 3,11:7 10:12 11:8 8:11 9:11,PAVADE Prithika,2022
ITTF World Team Championships Finals Presented by China Telecom 2022,2022-09-30,LABOSOVA Ema,YUAN Jia Nan,SVK,FRA,3,1,"9,11,12,11|11,9,10,9",R16,WORLD_CHAMPIONSHIPS,WT,2535,Main Draw,LABOSOVA Ema (SVK),YUAN Jia Nan (FRA),,,3 - 1,9:11 11:9 12:10 11:9,LABOSOVA Ema,2022
ITTF World Team Championships Finals Presented by China Telecom 2022,2022-09-30,KUKULKOVA Tatiana,CHASSELIN Pauline,SVK,FRA,3,2,"4,12,6,11,11|11,10,11,7,3",R16,WORLD_CHAMPIONSHIPS,WT,2535,Main Draw,KUKULKOVA Tatiana (SVK),CHASSELIN Pauline (FRA),,,3 - 2,4:11 12:10 6:11 11:7 11:3,KUKULKOVA Tatiana,2022
ITTF World Team Championships Finals Presented by China Telecom 2022,2022-09-30,VARADY Barbora,YUAN Jia Nan,SVK,FRA,3,1,"11,11,10,12|9,8,12,10",R16,WORLD_CHAMPIONSHIPS,WT,2535,Main Draw,VARADY Barbora (SVK),YUAN Jia Nan (FRA),,,3 - 1,11:9 11:8 10:12 12:10,VARADY Barbora,2022
ITTF World Team Championships Finals Presented by China Telecom 2022,2022-09-30,SUN Yingsha,HARTBRICH Leonie,CHN,HUN,3,0,"11,11,11|4,2,2",R16,WORLD_CHAMPIONSHIPS,WT,2535,Main Draw,SUN Yingsha (CHN),HARTBRICH Leonie (HUN),,,3 - 0,11:4 11:2 11:2,SUN Yingsha,2022
ITTF World Team Championships Finals Presented by China Telecom 2022,2022-09-30,CHEN Meng,MADARASZ Dora,CHN,HUN,3,0,"11,11,11|4,4,3",R16,WORLD_CHAMPIONSHIPS,WT,2535,Main Draw,CHEN Meng (CHN),MADARASZ Dora (HUN),,,3 - 0,11:4 11:4 11:3,CHEN Meng,2022
ITTF World Team Championships Finals Presented by China Telecom 2022,2022-09-30,WANG Manyu,DARI Helga,CHN,HUN,3,0,"11,11,11|3,2,8",R16,WORLD_CHAMPIONSHIPS,WT,2535,Main Draw,WANG Manyu (CHN),DARI Helga (HUN),,,3 - 0,11:3 11:2 11:8,WANG Manyu,2022
ITTF World Team Championships Finals Presented by China Telecom 2022,2022-09-30,ITO Mima,KIM Nayeong,JPN,KOR,3,1,"5,11,11,11|11,7,7,8",R16,WORLD_CHAMPIONSHIPS,WT,2535,Main Draw,ITO Mima (JPN),KIM Nayeong (KOR),,,3 - 1,5:11 11:7 11:7 11:8,ITO Mima,2022
ITTF World Team Championships Finals Presented by China Telecom 2022,2022-09-30,KIHARA Miyuu,LEE Zion,JPN,KOR,3,0,"11,12,12|8,10,10",R16,WORLD_CHAMPIONSHIPS,WT,2535,Main Draw,KIHARA Miyuu (JPN),LEE Zion (KOR),,,3 - 0,11:8 12:10 12:10,KIHARA Miyuu,2022
ITTF World Team Championships Finals Presented by China Telecom 2022,2022-09-30,NAGASAKI Miyu,YOON Hyobin,JPN,KOR,3,1,"6,11,11,11|11,9,6,8",R16,WORLD_CHAMPIONSHIPS,WT,2535,Main Draw,NAGASAKI Miyu (JPN),YOON Hyobin (KOR),,,3 - 1,6:11 11:9 11:6 11:8,NAGASAKI Miyu,2022
ITTF World Team Championships Finals Presented by China Telecom 2022,2022-09-30,PITCHFORD Liam,LEBRUN Felix,ENG,FRA,3,2,"8,11,2,11,11|11,9,11,7,7",R16,WORLD_CHAMPIONSHIPS,MT,2535,Main Draw,PITCHFORD Liam (ENG),LEBRUN Felix (FRA),,,3 - 2,8:11 11:9 2:11 11:7 11:7,PITCHFORD Liam,2022
ITTF World Team Championships Finals Presented by China Telecom 2022,2022-09-30,WALKER Samuel,LEBRUN Alexis,FRA,ENG,3,0,"11,11,11|5,4,9",R16,WORLD_CHAMPIONSHIPS,MT,2535,Main Draw,WALKER Samuel (ENG),LEBRUN Alexis (FRA),,,0 - 3,5:11 4:11 9:11,LEBRUN Alexis,2022
ITTF World Team Championships Finals Presented by China Telecom 2022,2022-09-30,MCBEATH David,ROLLAND Jules,FRA,ENG,3,2,"11,9,11,8,11|6,11,6,11,7",R16,WORLD_CHAMPIONSHIPS,MT,2535,Main Draw,MCBEATH David (ENG),ROLLAND Jules (FRA),,,2 - 3,6:11 11:9 6:11 11:8 7:11,ROLLAND Jules,2022
ITTF World Team Championships Finals Presented by China Telecom 2022,2022-09-30,PITCHFORD Liam,LEBRUN Alexis,ENG,FRA,3,2,"9,11,9,11,11|11,6,11,6,8",R16,WORLD_CHAMPIONSHIPS,MT,2535,Main Draw,PITCHFORD Liam (ENG),LEBRUN Alexis (FRA),,,3 - 2,9:11 11:6 9:11 11:6 11:8,PITCHFORD Liam,2022
ITTF World Team Championships Finals Presented by China Telecom 2022,2022-09-30,WALKER Samuel,LEBRUN Felix,FRA,ENG,3,0,"11,12,14|4,10,12",R16,WORLD_CHAMPIONSHIPS,MT,2535,Main Draw,WALKER Samuel (ENG),LEBRUN Felix (FRA),,,0 - 3,4:11 10:12 12:14,LEBRUN Felix,2022
ITTF World Team Championships Finals Presented by China Telecom 2022,2022-09-30,NI Xia Lian,YU Fu,POR,LUX,3,1,"15,7,11,11|13,11,3,4",R16,WORLD_CHAMPIONSHIPS,WT,2535,Main Draw,NI Xia Lian (LUX),YU Fu (POR),,,1 - 3,13:15 11:7 3:11 4:11,YU Fu,2022
ITTF World Team Championships Finals Presented by China Telecom 2022,2022-09-30,DE NUTTE Sarah,SHAO Jieni,POR,LUX,3,1,"11,11,7,11|3,5,11,6",R16,WORLD_CHAMPIONSHIPS,WT,2535,Main Draw,DE NUTTE Sarah (LUX),SHAO Jieni (POR),,,1 - 3,3:11 5:11 11:7 6:11,SHAO Jieni,2022
ITTF World Team Championships Finals Presented by China Telecom 2022,2022-09-30,GONDERINGER Tessy,MATOS Ines,LUX,POR,3,2,"9,11,11,8,11|11,9,8,11,7",R16,WORLD_CHAMPIONSHIPS,WT,2535,Main Draw,GONDERINGER Tessy (LUX),MATOS Ines (POR),,,3 - 2,9:11 11:9 11:8 8:11 11:7,GONDERINGER Tessy,2022
ITTF World Team Championships Finals Presented by China Telecom 2022,2022-09-30,NI Xia Lian,SHAO Jieni,POR,LUX,3,2,"11,8,12,11,11|9,11,14,3,6",R16,WORLD_CHAMPIONSHIPS,WT,2535,Main Draw,NI Xia Lian (LUX),SHAO Jieni (POR),,,2 - 3,9:11 11:8 14:12 3:11 6:11,SHAO Jieni,2022
ITTF World Team Championships Finals Presented by China Telecom 2022,2022-09-30,MOREGARD Truls,ALLEGRO Martin,SWE,BEL,3,2,"11,9,8,11,11|9,11,11,3,6",R16,WORLD_CHAMPIONSHIPS,MT,2535,Main Draw,MOREGARD Truls (SWE),ALLEGRO Martin (BEL),,,3 - 2,11:9 9:11 8:11 11:3 11:6,MOREGARD Truls,2022
ITTF World Team Championships Finals Presented by China Telecom 2022,2022-09-30,KARLSSON Mattias,NUYTINCK Cedric,SWE,BEL,3,1,"12,11,15,11|14,9,13,8",R16,WORLD_CHAMPIONSHIPS,MT,2535,Main Draw,KARLSSON Mattias (SWE),NUYTINCK Cedric (BEL),,,3 - 1,12:14 11:9 15:13 11:8,KARLSSON Mattias,2022
ITTF World Team Championships Finals Presented by China Telecom 2022,2022-09-30,KALLBERG Anton,RASSENFOSSE Adrien,SWE,BEL,3,0,"11,11,11|6,9,7",R16,WORLD_CHAMPIONSHIPS,MT,2535,Main Draw,KALLBERG Anton (SWE),RASSENFOSSE Adrien (BEL),,,3 - 0,11:6 11:9 11:7,KALLBERG Anton,2022
ITTF World Team Championships Finals Presented by China Telecom 2022,2022-09-30,CHEN Szu-Yu,ZHOU Jingyi,TPE,SGP,3,0,"11,11,11|9,4,7",QF,WORLD_CHAMPIONSHIPS,WT,2535,Main Draw,CHEN Szu-Yu (TPE),ZHOU Jingyi (SGP),,,3 - 0,11:9 11:4 11:7,CHEN Szu-Yu,2022
ITTF World Team Championships Finals Presented by China Telecom 2022,2022-09-30,CHENG I-Ching,ZENG Jian,SGP,TPE,3,1,"11,12,9,11|8,10,11,8",QF,WORLD_CHAMPIONSHIPS,WT,2535,Main Draw,CHENG I-Ching (TPE),ZENG Jian (SGP),,,1 - 3,8:11 10:12 11:9 8:11,ZENG Jian,2022
ITTF World Team Championships Finals Presented by China Telecom 2022,2022-09-30,LI Yu-Jhun,WONG Xin Ru,TPE,SGP,3,2,"9,9,13,11,11|11,11,11,7,2",QF,WORLD_CHAMPIONSHIPS,WT,2535,Main Draw,LI Yu-Jhun (TPE),WONG Xin Ru (SGP),,,3 - 2,9:11 9:11 13:11 11:7 11:2,LI Yu-Jhun,2022
ITTF World Team Championships Finals Presented by China Telecom 2022,2022-09-30,CHEN Szu-Yu,ZENG Jian,SGP,TPE,3,1,"11,9,15,11|4,11,13,5",QF,WORLD_CHAMPIONSHIPS,WT,2535,Main Draw,CHEN Szu-Yu (TPE),ZENG Jian (SGP),,,1 - 3,4:11 11:9 13:15 5:11,ZENG Jian,2022
ITTF World Team Championships Finals Presented by China Telecom 2022,2022-09-30,CHENG I-Ching,ZHOU Jingyi,TPE,SGP,3,0,"11,11,11|8,2,3",QF,WORLD_CHAMPIONSHIPS,WT,2535,Main Draw,CHENG I-Ching (TPE),ZHOU Jingyi (SGP),,,3 - 0,11:8 11:2 11:3,CHENG I-Ching,2022
ITTF World Team Championships Finals Presented by China Telecom 2022,2022-09-30,FREITAS Marcos,KOZUL Deni,POR,SLO,3,1,"11,11,9,11|8,6,11,7",R16,WORLD_CHAMPIONSHIPS,MT,2535,Main Draw,FREITAS Marcos (POR),KOZUL Deni (SLO),,,3 - 1,11:8 11:6 9:11 11:7,FREITAS Marcos,2022
ITTF World Team Championships Finals Presented by China Telecom 2022,2022-09-30,GERALDO Joao,JORGIC Darko,POR,SLO,3,2,"11,11,4,11,11|6,13,11,9,8",R16,WORLD_CHAMPIONSHIPS,MT,2535,Main Draw,GERALDO Joao (POR),JORGIC Darko (SLO),,,3 - 2,11:6 11:13 4:11 11:9 11:8,GERALDO Joao,2022
ITTF World Team Championships Finals Presented by China Telecom 2022,2022-09-30,MONTEIRO Joao,HRIBAR Peter,POR,SLO,3,0,"11,12,11|9,10,3",R16,WORLD_CHAMPIONSHIPS,MT,2535,Main Draw,MONTEIRO Joao (POR),HRIBAR Peter (SLO),,,3 - 0,11:9 12:10 11:3,MONTEIRO Joao,2022
ITTF World Team Championships Finals Presented by China Telecom 2022,2022-09-30,HAN Ying,SOO Wai Yam,HKG,GER,3,1,"7,11,11,16|11,1,9,14",QF,WORLD_CHAMPIONSHIPS,WT,2535,Main Draw,HAN Ying (GER),SOO Wai Yam (HKG),,,1 - 3,11:7 1:11 9:11 14:16,SOO Wai Yam,2022
ITTF World Team Championships Finals Presented by China Telecom 2022,2022-09-30,MITTELHAM Nina,ZHU Chengzhu,HKG,GER,3,1,"11,11,13,11|3,5,15,5",QF,WORLD_CHAMPIONSHIPS,WT,2535,Main Draw,MITTELHAM Nina (GER),ZHU Chengzhu (HKG),,,1 - 3,3:11 5:11 15:13 5:11,ZHU Chengzhu,2022
ITTF World Team Championships Finals Presented by China Telecom 2022,2022-09-30,SHAN Xiaona,LEE Ho Ching,GER,HKG,3,1,"13,5,12,16|11,11,10,14",QF,WORLD_CHAMPIONSHIPS,WT,2535,Main Draw,SHAN Xiaona (GER),LEE Ho Ching (HKG),,,3 - 1,13:11 5:11 12:10 16:14,SHAN Xiaona,2022
ITTF World Team Championships Finals Presented by China Telecom 2022,2022-09-30,HAN Ying,ZHU Chengzhu,GER,HKG,3,0,"11,11,11|6,3,8",QF,WORLD_CHAMPIONSHIPS,WT,2535,Main Draw,HAN Ying (GER),ZHU Chengzhu (HKG),,,3 - 0,11:6 11:3 11:8,HAN Ying,2022
ITTF World Team Championships Finals Presented by China Telecom 2022,2022-09-30,MITTELHAM Nina,SOO Wai Yam,GER,HKG,3,1,"9,13,11,11|11,11,5,5",QF,WORLD_CHAMPIONSHIPS,WT,2535,Main Draw,MITTELHAM Nina (GER),SOO Wai Yam (HKG),,,3 - 1,9:11 13:11 11:5 11:5,MITTELHAM Nina,2022
ITTF World Team Championships Finals Presented by China Telecom 2022,2022-09-30,FAN Zhendong,DESAI Harmeet,CHN,IND,3,0,"11,11,11|2,9,5",R16,WORLD_CHAMPIONSHIPS,MT,2535,Main Draw,FAN Zhendong (CHN),DESAI Harmeet (IND),,,3 - 0,11:2 11:9 11:5,FAN Zhendong,2022
ITTF World Team Championships Finals Presented by China Telecom 2022,2022-09-30,MA Long,GNANASEKARAN Sathiyan,CHN,IND,3,0,"14,11,11|12,5,0",R16,WORLD_CHAMPIONSHIPS,MT,2535,Main Draw,MA Long (CHN),GNANASEKARAN Sathiyan (IND),,,3 - 0,14:12 11:5 11:0,MA Long,2022
ITTF World Team Championships Finals Presented by China Telecom 2022,2022-09-30,WANG Chuqin,SHAH Manush,CHN,IND,3,0,"11,11,11|4,5,6",R16,WORLD_CHAMPIONSHIPS,MT,2535,Main Draw,WANG Chuqin (CHN),SHAH Manush (IND),,,3 - 0,11:4 11:5 11:6,WANG Chuqin,2022
ITTF World Team Championships Finals Presented by China Telecom 2022,2022-09-30,GACINA Andrej,DUDA Benedikt,GER,CRO,3,0,"11,11,16|9,3,14",R16,WORLD_CHAMPIONSHIPS,MT,2535,Main Draw,GACINA Andrej (CRO),DUDA Benedikt (GER),,,0 - 3,9:11 3:11 14:16,DUDA Benedikt,2022
ITTF World Team Championships Finals Presented by China Telecom 2022,2022-09-30,ZELJKO Filip,QIU Dang,GER,CRO,3,0,"11,11,11|5,7,4",R16,WORLD_CHAMPIONSHIPS,MT,2535,Main Draw,ZELJKO Filip (CRO),QIU Dang (GER),,,0 - 3,5:11 7:11 4:11,QIU Dang,2022
ITTF World Team Championships Finals Presented by China Telecom 2022,2022-09-30,PUCAR Tomislav,STUMPER Kay,GER,CRO,3,1,"3,14,11,11|11,12,4,4",R16,WORLD_CHAMPIONSHIPS,MT,2535,Main Draw,PUCAR Tomislav (CRO),STUMPER Kay (GER),,,1 - 3,11:3 12:14 4:11 4:11,STUMPER Kay,2022
ITTF World Team Championships Finals Presented by China Telecom 2022,2022-09-30,WANG Manyu,SHAO Jieni,CHN,POR,3,0,"11,11,11|6,6,5",QF,WORLD_CHAMPIONSHIPS,WT,2535,Main Draw,WANG Manyu (CHN),SHAO Jieni (POR),,,3 - 0,11:6 11:6 11:5,WANG Manyu,2022
ITTF World Team Championships Finals Presented by China Telecom 2022,2022-09-30,CHEN Meng,YU Fu,CHN,POR,3,0,"11,11,11|4,2,5",QF,WORLD_CHAMPIONSHIPS,WT,2535,Main Draw,CHEN Meng (CHN),YU Fu (POR),,,3 - 0,11:4 11:2 11:5,CHEN Meng,2022
ITTF World Team Championships Finals Presented by China Telecom 2022,2022-09-30,SUN Yingsha,MATOS Ines,CHN,POR,3,0,"11,11,11|4,1,3",QF,WORLD_CHAMPIONSHIPS,WT,2535,Main Draw,SUN Yingsha (CHN),MATOS Ines (POR),,,3 - 0,11:4 11:1 11:3,SUN Yingsha,2022
ITTF World Team Championships Finals Presented by China Telecom 2022,2022-09-30,VARADY Barbora,HAYATA Hina,JPN,SVK,3,1,"11,11,9,11|9,7,11,6",QF,WORLD_CHAMPIONSHIPS,WT,2535,Main Draw,VARADY Barbora (SVK),HAYATA Hina (JPN),,,1 - 3,9:11 7:11 11:9 6:11,HAYATA Hina,2022
ITTF World Team Championships Finals Presented by China Telecom 2022,2022-09-30,WONG Chun Ting,CHO Seungmin,HKG,KOR,3,2,"11,6,11,9,11|9,11,9,11,9",QF,WORLD_CHAMPIONSHIPS,MT,2535,Main Draw,WONG Chun Ting (HKG),CHO Seungmin (KOR),,,3 - 2,11:9 6:11 11:9 9:11 11:9,WONG Chun Ting,2022
ITTF World Team Championships Finals Presented by China Telecom 2022,2022-09-30,NG Pak Nam,JANG Woojin,KOR,HKG,3,0,"11,11,11|4,3,4",QF,WORLD_CHAMPIONSHIPS,MT,2535,Main Draw,NG Pak Nam (HKG),JANG Woojin (KOR),,,0 - 3,4:11 3:11 4:11,JANG Woojin,2022
ITTF World Team Championships Finals Presented by China Telecom 2022,2022-09-30,LAM Siu Hang,CHO Daeseong,KOR,HKG,3,1,"8,11,11,11|11,6,5,4",QF,WORLD_CHAMPIONSHIPS,MT,2535,Main Draw,LAM Siu Hang (HKG),CHO Daeseong (KOR),,,1 - 3,11:8 6:11 5:11 4:11,CHO Daeseong,2022
ITTF World Team Championships Finals Presented by China Telecom 2022,2022-09-30,WONG Chun Ting,JANG Woojin,KOR,HKG,3,1,"11,8,11,12|6,11,9,10",QF,WORLD_CHAMPIONSHIPS,MT,2535,Main Draw,WONG Chun Ting (HKG),JANG Woojin (KOR),,,1 - 3,6:11 11:8 9:11 10:12,JANG Woojin,2022
ITTF World Team Championships Finals Presented by China Telecom 2022,2022-09-30,LEBRUN Felix,QIU Dang,FRA,GER,3,1,"12,11,6,11|10,8,11,9",QF,WORLD_CHAMPIONSHIPS,MT,2535,Main Draw,LEBRUN Felix (FRA),QIU Dang (GER),,,3 - 1,12:10 11:8 6:11 11:9,LEBRUN Felix,2022
ITTF World Team Championships Finals Presented by China Telecom 2022,2022-09-30,ROLLAND Jules,STUMPER Kay,GER,FRA,3,1,"9,11,11,11|11,6,6,4",QF,WORLD_CHAMPIONSHIPS,MT,2535,Main Draw,ROLLAND Jules (FRA),STUMPER Kay (GER),,,1 - 3,11:9 6:11 6:11 4:11,STUMPER Kay,2022
ITTF World Team Championships Finals Presented by China Telecom 2022,2022-09-30,LEBRUN Felix,DUDA Benedikt,GER,FRA,3,0,"11,11,12|6,7,10",QF,WORLD_CHAMPIONSHIPS,MT,2535,Main Draw,LEBRUN Felix (FRA),DUDA Benedikt (GER),,,0 - 3,6:11 7:11 10:12,DUDA Benedikt,2022
ITTF World Team Championships Finals Presented by China Telecom 2022,2022-09-30,CHEN Szu-Yu,SUN Yingsha,CHN,TPE,3,0,"11,11,11|9,1,4",SF,WORLD_CHAMPIONSHIPS,WT,2535,Main Draw,CHEN Szu-Yu (TPE),SUN Yingsha (CHN),,,0 - 3,9:11 1:11 4:11,SUN Yingsha,2022
ITTF World Team Championships Finals Presented by China Telecom 2022,2022-09-30,LI Yu-Jhun,CHEN Meng,CHN,TPE,3,0,"12,11,11|10,8,6",SF,WORLD_CHAMPIONSHIPS,WT,2535,Main Draw,LI Yu-Jhun (TPE),CHEN Meng (CHN),,,0 - 3,10:12 8:11 6:11,CHEN Meng,2022
ITTF World Team Championships Finals Presented by China Telecom 2022,2022-09-30,LIU Hsing-Yin,WANG Manyu,CHN,TPE,3,0,"11,11,11|3,5,9",SF,WORLD_CHAMPIONSHIPS,WT,2535,Main Draw,LIU Hsing-Yin (TPE),WANG Manyu (CHN),,,0 - 3,3:11 5:11 9:11,WANG Manyu,2022
ITTF World Team Championships Finals Presented by China Telecom 2022,2022-09-30,FREITAS Marcos,TOGAMI Shunsuke,JPN,POR,3,1,"8,11,11,11|11,6,4,7",QF,WORLD_CHAMPIONSHIPS,MT,2535,Main Draw,FREITAS Marcos (POR),TOGAMI Shunsuke (JPN),,,1 - 3,11:8 6:11 4:11 7:11,TOGAMI Shunsuke,2022
ITTF World Team Championships Finals Presented by China Telecom 2022,2022-09-30,GERALDO Joao,HARIMOTO Tomokazu,JPN,POR,3,0,"11,11,11|8,5,6",QF,WORLD_CHAMPIONSHIPS,MT,2535,Main Draw,GERALDO Joao (POR),HARIMOTO Tomokazu (JPN),,,0 - 3,8:11 5:11 6:11,HARIMOTO Tomokazu,2022
ITTF World Team Championships Finals Presented by China Telecom 2022,2022-09-30,MONTEIRO Joao,OIKAWA Mizuki,POR,JPN,3,2,"11,5,9,11,11|6,11,11,9,8",QF,WORLD_CHAMPIONSHIPS,MT,2535,Main Draw,MONTEIRO Joao (POR),OIKAWA Mizuki (JPN),,,3 - 2,11:6 5:11 9:11 11:9 11:8,MONTEIRO Joao,2022
ITTF World Team Championships Finals Presented by China Telecom 2022,2022-09-30,FREITAS Marcos,HARIMOTO Tomokazu,JPN,POR,3,1,"7,11,11,11|11,7,4,3",QF,WORLD_CHAMPIONSHIPS,MT,2535,Main Draw,FREITAS Marcos (POR),HARIMOTO Tomokazu (JPN),,,1 - 3,11:7 7:11 4:11 3:11,HARIMOTO Tomokazu,2022
ITTF World Team Championships Finals Presented by China Telecom 2022,2022-09-30,FAN Zhendong,KARLSSON Mattias,CHN,SWE,3,0,"11,11,11|7,9,5",QF,WORLD_CHAMPIONSHIPS,MT,2535,Main Draw,FAN Zhendong (CHN),KARLSSON Mattias (SWE),,,3 - 0,11:7 11:9 11:5,FAN Zhendong,2022
ITTF World Team Championships Finals Presented by China Telecom 2022,2022-09-30,MA Long,MOREGARD Truls,CHN,SWE,3,0,"13,11,11|11,8,6",QF,WORLD_CHAMPIONSHIPS,MT,2535,Main Draw,MA Long (CHN),MOREGARD Truls (SWE),,,3 - 0,13:11 11:8 11:6,MA Long,2022
ITTF World Team Championships Finals Presented by China Telecom 2022,2022-09-30,WANG Chuqin,KARLSSON Kristian,CHN,SWE,3,2,"7,10,11,11,11|11,12,3,9,6",QF,WORLD_CHAMPIONSHIPS,MT,2535,Main Draw,WANG Chuqin (CHN),KARLSSON Kristian (SWE),,,3 - 2,7:11 10:12 11:3 11:9 11:6,WANG Chuqin,2022
ITTF World Team Championships Finals Presented by China Telecom 2022,2022-09-30,HAYATA Hina,MITTELHAM Nina,JPN,GER,3,2,"9,11,6,11,11|11,3,11,6,8",SF,WORLD_CHAMPIONSHIPS,WT,2535,Main Draw,HAYATA Hina (JPN),MITTELHAM Nina (GER),,,3 - 2,9:11 11:3 6:11 11:6 11:8,HAYATA Hina,2022
ITTF World Team Championships Finals Presented by China Telecom 2022,2022-09-30,ITO Mima,HAN Ying,JPN,GER,3,0,"11,11,11|7,7,6",SF,WORLD_CHAMPIONSHIPS,WT,2535,Main Draw,ITO Mima (JPN),HAN Ying (GER),,,3 - 0,11:7 11:7 11:6,ITO Mima,2022
ITTF World Team Championships Finals Presented by China Telecom 2022,2022-09-30,KIHARA Miyuu,SHAN Xiaona,JPN,GER,3,2,"11,11,9,10,12|4,8,11,12,10",SF,WORLD_CHAMPIONSHIPS,WT,2535,Main Draw,KIHARA Miyuu (JPN),SHAN Xiaona (GER),,,3 - 2,11:4 11:8 9:11 10:12 12:10,KIHARA Miyuu,2022
ITTF World Team Championships Finals Presented by China Telecom 2022,2022-09-30,JANG Woojin,DUDA Benedikt,GER,KOR,3,1,"10,11,11,11|12,7,7,7",SF,WORLD_CHAMPIONSHIPS,MT,2535,Main Draw,JANG Woojin (KOR),DUDA Benedikt (GER),,,1 - 3,12:10 7:11 7:11 7:11,DUDA Benedikt,2022
ITTF World Team Championships Finals Presented by China Telecom 2022,2022-09-30,AN Jaehyun,QIU Dang,KOR,GER,3,1,"11,12,6,11|7,10,11,8",SF,WORLD_CHAMPIONSHIPS,MT,2535,Main Draw,AN Jaehyun (KOR),QIU Dang (GER),,,3 - 1,11:7 12:10 6:11 11:8,AN Jaehyun,2022
ITTF World Team Championships Finals Presented by China Telecom 2022,2022-09-30,CHO Seungmin,STUMPER Kay,KOR,GER,3,2,"11,4,11,9,11|6,11,5,11,8",SF,WORLD_CHAMPIONSHIPS,MT,2535,Main Draw,CHO Seungmin (KOR),STUMPER Kay (GER),,,3 - 2,11:6 4:11 11:5 9:11 11:8,CHO Seungmin,2022
ITTF World Team Championships Finals Presented by China Telecom 2022,2022-09-30,JANG Woojin,QIU Dang,GER,KOR,3,1,"14,11,11,11|12,7,13,6",SF,WORLD_CHAMPIONSHIPS,MT,2535,Main Draw,JANG Woojin (KOR),QIU Dang (GER),,,1 - 3,12:14 7:11 13:11 6:11,QIU Dang,2022
ITTF World Team Championships Finals Presented by China Telecom 2022,2022-09-30,AN Jaehyun,DUDA Benedikt,GER,KOR,3,1,"11,11,8,11|9,6,11,6",SF,WORLD_CHAMPIONSHIPS,MT,2535,Main Draw,AN Jaehyun (KOR),DUDA Benedikt (GER),,,1 - 3,9:11 6:11 11:8 6:11,DUDA Benedikt,2022
ITTF World Team Championships Finals Presented by China Telecom 2022,2022-09-30,FAN Zhendong,TOGAMI Shunsuke,CHN,JPN,3,0,"11,12,11|5,10,4",SF,WORLD_CHAMPIONSHIPS,MT,2535,Main Draw,FAN Zhendong (CHN),TOGAMI Shunsuke (JPN),,,3 - 0,11:5 12:10 11:4,FAN Zhendong,2022
ITTF World Team Championships Finals Presented by China Telecom 2022,2022-09-30,WANG Chuqin,HARIMOTO Tomokazu,JPN,CHN,3,1,"8,11,11,11|11,8,6,9",SF,WORLD_CHAMPIONSHIPS,MT,2535,Main Draw,WANG Chuqin (CHN),HARIMOTO Tomokazu (JPN),,,1 - 3,11:8 8:11 6:11 9:11,HARIMOTO Tomokazu,2022
ITTF World Team Championships Finals Presented by China Telecom 2022,2022-09-30,MA Long,OIKAWA Mizuki,CHN,JPN,3,1,"8,11,11,11|11,5,5,2",SF,WORLD_CHAMPIONSHIPS,MT,2535,Main Draw,MA Long (CHN),OIKAWA Mizuki (JPN),,,3 - 1,8:11 11:5 11:5 11:2,MA Long,2022
ITTF World Team Championships Finals Presented by China Telecom 2022,2022-09-30,FAN Zhendong,HARIMOTO Tomokazu,JPN,CHN,3,2,"11,6,3,11,11|7,11,11,9,9",SF,WORLD_CHAMPIONSHIPS,MT,2535,Main Draw,FAN Zhendong (CHN),HARIMOTO Tomokazu (JPN),,,2 - 3,7:11 11:6 11:3 9:11 9:11,HARIMOTO Tomokazu,2022
ITTF World Team Championships Finals Presented by China Telecom 2022,2022-09-30,WANG Chuqin,TOGAMI Shunsuke,CHN,JPN,3,0,"12,11,11|10,7,4",SF,WORLD_CHAMPIONSHIPS,MT,2535,Main Draw,WANG Chuqin (CHN),TOGAMI Shunsuke (JPN),,,3 - 0,12:10 11:7 11:4,WANG Chuqin,2022
ITTF World Team Championships Finals Presented by China Telecom 2022,2022-09-30,CHEN Meng,KIHARA Miyuu,CHN,JPN,3,0,"11,11,11|6,8,8",F,WORLD_CHAMPIONSHIPS,WT,2535,Main Draw,CHEN Meng (CHN),KIHARA Miyuu (JPN),,,3 - 0,11:6 11:8 11:8,CHEN Meng,2022
ITTF World Team Championships Finals Presented by China Telecom 2022,2022-09-30,WANG Manyu,ITO Mima,CHN,JPN,3,1,"11,9,12,11|9,11,10,5",F,WORLD_CHAMPIONSHIPS,WT,2535,Main Draw,WANG Manyu (CHN),ITO Mima (JPN),,,3 - 1,11:9 9:11 12:10 11:5,WANG Manyu,2022
ITTF World Team Championships Finals Presented by China Telecom 2022,2022-09-30,SUN Yingsha,NAGASAKI Miyu,CHN,JPN,3,0,"11,11,11|7,7,8",F,WORLD_CHAMPIONSHIPS,WT,2535,Main Draw,SUN Yingsha (CHN),NAGASAKI Miyu (JPN),,,3 - 0,11:7 11:7 11:8,SUN Yingsha,2022
ITTF World Team Championships Finals Presented by China Telecom 2022,2022-09-30,FAN Zhendong,DUDA Benedikt,CHN,GER,3,0,"11,11,11|8,8,9",F,WORLD_CHAMPIONSHIPS,MT,2535,Main Draw,FAN Zhendong (CHN),DUDA Benedikt (GER),,,3 - 0,11:8 11:8 11:9,FAN Zhendong,2022
ITTF World Team Championships Finals Presented by China Telecom 2022,2022-09-30,MA Long,QIU Dang,CHN,GER,3,1,"11,11,9,11|9,6,11,1",F,WORLD_CHAMPIONSHIPS,MT,2535,Main Draw,MA Long (CHN),QIU Dang (GER),,,3 - 1,11:9 11:6 9:11 11:1,MA Long,2022
ITTF World Team Championships Finals Presented by China Telecom 2022,2022-09-30,WANG Chuqin,STUMPER Kay,CHN,GER,3,0,"11,11,11|7,8,4",F,WORLD_CHAMPIONSHIPS,MT,2535,Main Draw,WANG Chuqin (CHN),STUMPER Kay (GER),,,3 - 0,11:7 11:8 11:4,WANG Chuqin,2022
ITTF-Oceania Senior Championships 2022,2022-09-05,PAUL Anais,HUANG Cecilia,NZL,NCL,3,0,"11,11,11|6,4,4",QUAL,OTHER,WT,2615,Qualification,PAUL Anais (NCL),HUANG Cecilia (NZL),,,0 - 3,6:11 4:11 4:11,HUANG Cecilia,2022
ITTF-Oceania Senior Championships 2022,2022-09-05,WANEGUI Julie,YANG Joanna,NZL,NCL,3,0,"11,11,11|6,9,3",QUAL,OTHER,WT,2615,Qualification,WANEGUI Julie (NCL),YANG Joanna (NZL),,,0 - 3,6:11 9:11 3:11,YANG Joanna,2022
ITTF-Oceania Senior Championships 2022,2022-09-05,SIFI Connie,WEBB Abbey,NZL,SOL,3,0,"11,14,11|7,12,5",QUAL,OTHER,WT,2615,Qualification,SIFI Connie (SOL),WEBB Abbey (NZL),,,0 - 3,7:11 12:14 5:11,WEBB Abbey,2022
ITTF-Oceania Senior Championships 2022,2022-09-05,LULU Ham,WU Vicky,FIJ,VAN,3,1,"7,11,11,11|11,5,5,8",QUAL,OTHER,MT,2615,Qualification,LULU Ham (VAN),WU Vicky (FIJ),,,1 - 3,11:7 5:11 5:11 8:11,WU Vicky,2022
ITTF-Oceania Senior Championships 2022,2022-09-05,LULU Edwin,YEE Joshua,FIJ,VAN,3,0,"11,11,11|5,1,4",QUAL,OTHER,MT,2615,Qualification,LULU Edwin (VAN),YEE Joshua (FIJ),,,0 - 3,5:11 1:11 4:11,YEE Joshua,2022
ITTF-Oceania Senior Championships 2022,2022-09-05,CARLOT Brendan,ZHANG Bei Yan,FIJ,VAN,3,0,"11,11,11|1,6,5",QUAL,OTHER,MT,2615,Qualification,CARLOT Brendan (VAN),ZHANG Bei Yan (FIJ),,,0 - 3,1:11 6:11 5:11,ZHANG Bei Yan,2022
ITTF-Oceania Senior Championships 2022,2022-09-05,VI Eseta,YEE Grace Rosi,FIJ,TGA,3,1,"11,11,7,11|6,3,11,2",QUAL,OTHER,WT,2615,Qualification,VI Eseta (TGA),YEE Grace Rosi (FIJ),,,1 - 3,6:11 3:11 11:7 2:11,YEE Grace Rosi,2022
ITTF-Oceania Senior Championships 2022,2022-09-05,FUNGAVAI Melekaufusi,LI Carolyn,FIJ,TGA,3,0,"11,11,11|3,5,2",QUAL,OTHER,WT,2615,Qualification,FUNGAVAI Melekaufusi (TGA),LI Carolyn (FIJ),,,0 - 3,3:11 5:11 2:11,LI Carolyn,2022
ITTF-Oceania Senior Championships 2022,2022-09-05,FIFITA Tupou,TITANA Touea,FIJ,TGA,3,0,"11,11,11|6,2,5",QUAL,OTHER,WT,2615,Qualification,FIFITA Tupou (TGA),TITANA Touea (FIJ),,,0 - 3,6:11 2:11 5:11,TITANA Touea,2022
ITTF-Oceania Senior Championships 2022,2022-09-05,DEY Jeremy,DIXON Xavier,AUS,NCL,3,0,"11,11,11|4,4,2",QUAL,OTHER,MT,2615,Qualification,DEY Jeremy (NCL),DIXON Xavier (AUS),,,0 - 3,4:11 4:11 2:11,DIXON Xavier,2022
ITTF-Oceania Senior Championships 2022,2022-09-05,PERROT Adrien,LUU Finn,AUS,NCL,3,1,"11,11,11,11|4,9,13,4",QUAL,OTHER,MT,2615,Qualification,PERROT Adrien (NCL),LUU Finn (AUS),,,1 - 3,4:11 9:11 13:11 4:11,LUU Finn,2022
ITTF-Oceania Senior Championships 2022,2022-09-05,DEY Jeremy,LUU Finn,AUS,NCL,3,0,"11,11,11|6,3,3",QUAL,OTHER,MT,2615,Qualification,DEY Jeremy (NCL),LUU Finn (AUS),,,0 - 3,6:11 3:11 3:11,LUU Finn,2022
ITTF-Oceania Senior Championships 2022,2022-09-05,SANTHY Liopa,FENG Chunyi,AUS,VAN,3,1,"11,11,7,11|6,4,11,9",QUAL,OTHER,WT,2615,Qualification,SANTHY Liopa (VAN),FENG Chunyi (AUS),,,1 - 3,6:11 4:11 11:7 9:11,FENG Chunyi,2022
ITTF-Oceania Senior Championships 2022,2022-09-05,QWEA Stephanie,TAPPER Melissa,AUS,VAN,3,0,"11,11,11|5,4,4",QUAL,OTHER,WT,2615,Qualification,QWEA Stephanie (VAN),TAPPER Melissa (AUS),,,0 - 3,5:11 4:11 4:11,TAPPER Melissa,2022
ITTF-Oceania Senior Championships 2022,2022-09-05,MAWA Tracey,LAY Jian Fang,AUS,VAN,3,0,"11,11,11|3,0,3",QUAL,OTHER,WT,2615,Qualification,MAWA Tracey (VAN),LAY Jian Fang (AUS),,,0 - 3,3:11 0:11 3:11,LAY Jian Fang,2022
ITTF-Oceania Senior Championships 2022,2022-09-05,LOI Geoffrey,DELA PENA Alfred,NZL,PNG,3,0,"11,11,11|6,8,2",QUAL,OTHER,MT,2615,Qualification,LOI Geoffrey (PNG),DELA PENA Alfred (NZL),,,0 - 3,6:11 8:11 2:11,DELA PENA Alfred,2022
ITTF-Oceania Senior Championships 2022,2022-09-05,LOI David,SHU Dean,NZL,PNG,3,0,"11,11,11|4,3,2",QUAL,OTHER,MT,2615,Qualification,LOI David (PNG),SHU Dean (NZL),,,0 - 3,4:11 3:11 2:11,SHU Dean,2022
ITTF-Oceania Senior Championships 2022,2022-09-05,SEPA Gasika,SOH Adrian,NZL,PNG,3,0,"11,11,11|9,6,4",QUAL,OTHER,MT,2615,Qualification,SEPA Gasika (PNG),SOH Adrian (NZL),,,0 - 3,9:11 6:11 4:11,SOH Adrian,2022
ITTF-Oceania Senior Championships 2022,2022-09-05,NUOPULA Gary,BELROSE Ocean,PYF,SOL,3,0,"11,11,11|2,8,5",QUAL,OTHER,MT,2615,Qualification,NUOPULA Gary (SOL),BELROSE Ocean (PYF),,,0 - 3,2:11 8:11 5:11,BELROSE Ocean,2022
ITTF-Oceania Senior Championships 2022,2022-09-05,KOUTO Selwyn,KAU-TAI Teikimeiteaki,PYF,SOL,3,0,"11,11,11|6,6,4",QUAL,OTHER,MT,2615,Qualification,KOUTO Selwyn (SOL),KAU-TAI Teikimeiteaki (PYF),,,0 - 3,6:11 6:11 4:11,KAU-TAI Teikimeiteaki,2022
ITTF-Oceania Senior Championships 2022,2022-09-05,NUOPULA Gary,KAU-TAI Teikimeiteaki,PYF,SOL,3,0,"11,11,11|4,2,7",QUAL,OTHER,MT,2615,Qualification,NUOPULA Gary (SOL),KAU-TAI Teikimeiteaki (PYF),,,0 - 3,4:11 2:11 7:11,KAU-TAI Teikimeiteaki,2022
ITTF-Oceania Senior Championships 2022,2022-09-05,YAN Xin,ZHANG Bei Yan,AUS,FIJ,3,0,"11,11,11|3,5,2",QUAL,OTHER,MT,2615,Qualification,YAN Xin (AUS),ZHANG Bei Yan (FIJ),,,3 - 0,11:3 11:5 11:2,YAN Xin,2022
ITTF-Oceania Senior Championships 2022,2022-09-05,DIXON Xavier,WU Vicky,AUS,FIJ,3,0,"11,11,11|2,4,2",QUAL,OTHER,MT,2615,Qualification,DIXON Xavier (AUS),WU Vicky (FIJ),,,3 - 0,11:2 11:4 11:2,DIXON Xavier,2022
ITTF-Oceania Senior Championships 2022,2022-09-05,LUM Nicholas,CHAUHAN Jai,AUS,FIJ,3,0,"11,11,11|5,3,1",QUAL,OTHER,MT,2615,Qualification,LUM Nicholas (AUS),CHAUHAN Jai (FIJ),,,3 - 0,11:5 11:3 11:1,LUM Nicholas,2022
ITTF-Oceania Senior Championships 2022,2022-09-05,SHU Dean,BELROSE Ocean,NZL,PYF,3,2,"11,11,12,6,11|6,7,14,11,8",QUAL,OTHER,MT,2615,Qualification,SHU Dean (NZL),BELROSE Ocean (PYF),,,3 - 2,11:6 11:7 12:14 6:11 11:8,SHU Dean,2022
ITTF-Oceania Senior Championships 2022,2022-09-05,DELA PENA Alfred,CARNET Bydhir,NZL,PYF,3,2,"9,11,11,11,11|11,13,9,7,4",QUAL,OTHER,MT,2615,Qualification,DELA PENA Alfred (NZL),CARNET Bydhir (PYF),,,3 - 2,9:11 11:13 11:9 11:7 11:4,DELA PENA Alfred,2022
ITTF-Oceania Senior Championships 2022,2022-09-05,AMOR Kelsey,KAU-TAI Teikimeiteaki,PYF,NZL,3,1,"4,11,11,11|11,6,8,9",QUAL,OTHER,MT,2615,Qualification,AMOR Kelsey (NZL),KAU-TAI Teikimeiteaki (PYF),,,1 - 3,11:4 6:11 8:11 9:11,KAU-TAI Teikimeiteaki,2022
ITTF-Oceania Senior Championships 2022,2022-09-05,SHU Dean,CARNET Bydhir,NZL,PYF,3,0,"11,11,15|3,8,13",QUAL,OTHER,MT,2615,Qualification,SHU Dean (NZL),CARNET Bydhir (PYF),,,3 - 0,11:3 11:8 15:13,SHU Dean,2022
ITTF-Oceania Senior Championships 2022,2022-09-05,PERROT Adrien,LULU Edwin,NCL,VAN,3,0,"11,11,11|4,6,4",QUAL,OTHER,MT,2615,Qualification,PERROT Adrien (NCL),LULU Edwin (VAN),,,3 - 0,11:4 11:6 11:4,PERROT Adrien,2022
ITTF-Oceania Senior Championships 2022,2022-09-05,DEY Jeremy,LULU Ham,NCL,VAN,3,0,"11,11,11|9,7,3",QUAL,OTHER,MT,2615,Qualification,DEY Jeremy (NCL),LULU Ham (VAN),,,3 - 0,11:9 11:7 11:3,DEY Jeremy,2022
ITTF-Oceania Senior Championships 2022,2022-09-05,PERROT Adrien,LULU Ham,VAN,NCL,3,1,"11,11,8,11|3,7,11,8",QUAL,OTHER,MT,2615,Qualification,PERROT Adrien (NCL),LULU Ham (VAN),,,1 - 3,3:11 7:11 11:8 8:11,LULU Ham,2022
ITTF-Oceania Senior Championships 2022,2022-09-05,DEY Jeremy,LULU Edwin,NCL,VAN,2,0,"11,11,10|1,7,3",QUAL,OTHER,MT,2615,Qualification,DEY Jeremy (NCL),LULU Edwin (VAN),,,2 - 0,11:1 11:7 10:3,,2022
ITTF-Oceania Senior Championships 2022,2022-09-05,SEPA Gasika,NUOPULA Gary,SOL,PNG,3,1,"11,11,11,11|13,7,6,9",QUAL,OTHER,MT,2615,Qualification,SEPA Gasika (PNG),NUOPULA Gary (SOL),,,1 - 3,13:11 7:11 6:11 9:11,NUOPULA Gary,2022
ITTF-Oceania Senior Championships 2022,2022-09-05,LOI Geoffrey,KOUTO Selwyn,PNG,SOL,3,0,"11,11,11|6,6,7",QUAL,OTHER,MT,2615,Qualification,LOI Geoffrey (PNG),KOUTO Selwyn (SOL),,,3 - 0,11:6 11:6 11:7,LOI Geoffrey,2022
ITTF-Oceania Senior Championships 2022,2022-09-05,SEPA Gasika,KOUTO Selwyn,PNG,SOL,3,0,"15,11,11|13,8,2",QUAL,OTHER,MT,2615,Qualification,SEPA Gasika (PNG),KOUTO Selwyn (SOL),,,3 - 0,15:13 11:8 11:2,SEPA Gasika,2022
ITTF-Oceania Senior Championships 2022,2022-09-05,LOI Geoffrey,NUOPULA Gary,PNG,SOL,3,0,"11,11,11|9,7,6",QUAL,OTHER,MT,2615,Qualification,LOI Geoffrey (PNG),NUOPULA Gary (SOL),,,3 - 0,11:9 11:7 11:6,LOI Geoffrey,2022
ITTF-Oceania Senior Championships 2022,2022-09-05,FUNGAVAI Melekaufusi,FENG Chunyi,AUS,TGA,3,0,"11,11,11|3,1,3",QUAL,OTHER,WT,2615,Qualification,FUNGAVAI Melekaufusi (TGA),FENG Chunyi (AUS),,,0 - 3,3:11 1:11 3:11,FENG Chunyi,2022
ITTF-Oceania Senior Championships 2022,2022-09-05,VI Eseta,TAPPER Melissa,AUS,TGA,3,0,"11,11,11|3,2,2",QUAL,OTHER,WT,2615,Qualification,VI Eseta (TGA),TAPPER Melissa (AUS),,,0 - 3,3:11 2:11 2:11,TAPPER Melissa,2022
ITTF-Oceania Senior Championships 2022,2022-09-05,FIFITA Tupou,LAY Jian Fang,AUS,TGA,3,0,"11,11,11|1,1,4",QUAL,OTHER,WT,2615,Qualification,FIFITA Tupou (TGA),LAY Jian Fang (AUS),,,0 - 3,1:11 1:11 4:11,LAY Jian Fang,2022
ITTF-Oceania Senior Championships 2022,2022-09-05,ZHOU Jiayi,QWEA Stephanie,NZL,VAN,3,0,"11,11,11|7,4,6",QUAL,OTHER,WT,2615,Qualification,ZHOU Jiayi (NZL),QWEA Stephanie (VAN),,,3 - 0,11:7 11:4 11:6,ZHOU Jiayi,2022
ITTF-Oceania Senior Championships 2022,2022-09-05,YANG Joanna,SANTHY Liopa,NZL,VAN,3,0,"11,11,11|2,2,4",QUAL,OTHER,WT,2615,Qualification,YANG Joanna (NZL),SANTHY Liopa (VAN),,,3 - 0,11:2 11:2 11:4,YANG Joanna,2022
ITTF-Oceania Senior Championships 2022,2022-09-05,HUANG Cecilia,MAWA Tracey,NZL,VAN,3,0,"11,11,11|1,5,7",QUAL,OTHER,WT,2615,Qualification,HUANG Cecilia (NZL),MAWA Tracey (VAN),,,3 - 0,11:1 11:5 11:7,HUANG Cecilia,2022
ITTF-Oceania Senior Championships 2022,2022-09-05,YEE Grace Rosi,PAUL Anais,FIJ,NCL,3,0,"11,11,11|3,2,6",QUAL,OTHER,WT,2615,Qualification,YEE Grace Rosi (FIJ),PAUL Anais (NCL),,,3 - 0,11:3 11:2 11:6,YEE Grace Rosi,2022
ITTF-Oceania Senior Championships 2022,2022-09-05,LI Carolyn,WANEGUI Julie,FIJ,NCL,3,1,"11,11,10,11|8,9,12,4",QUAL,OTHER,WT,2615,Qualification,LI Carolyn (FIJ),WANEGUI Julie (NCL),,,3 - 1,11:8 11:9 10:12 11:4,LI Carolyn,2022
ITTF-Oceania Senior Championships 2022,2022-09-05,TITANA Touea,SIFI Connie,FIJ,SOL,3,2,"1,9,11,11,11|11,11,9,9,2",QUAL,OTHER,WT,2615,Qualification,TITANA Touea (FIJ),SIFI Connie (SOL),,,3 - 2,1:11 9:11 11:9 11:9 11:2,TITANA Touea,2022
ITTF-Oceania Senior Championships 2022,2022-09-05,BELROSE Ocean,SEPA Gasika,PYF,PNG,3,0,"11,11,13|2,8,11",QUAL,OTHER,MT,2615,Qualification,BELROSE Ocean (PYF),SEPA Gasika (PNG),,,3 - 0,11:2 11:8 13:11,BELROSE Ocean,2022
ITTF-Oceania Senior Championships 2022,2022-09-05,CARNET Bydhir,LOI Geoffrey,PYF,PNG,3,0,"11,11,11|5,9,7",QUAL,OTHER,MT,2615,Qualification,CARNET Bydhir (PYF),LOI Geoffrey (PNG),,,3 - 0,11:5 11:9 11:7,CARNET Bydhir,2022
ITTF-Oceania Senior Championships 2022,2022-09-05,KAU-TAI Teikimeiteaki,LOI David,PYF,PNG,3,0,"11,11,11|4,7,9",QUAL,OTHER,MT,2615,Qualification,KAU-TAI Teikimeiteaki (PYF),LOI David (PNG),,,3 - 0,11:4 11:7 11:9,KAU-TAI Teikimeiteaki,2022
ITTF-Oceania Senior Championships 2022,2022-09-05,YEE Joshua,DEY Jeremy,NCL,FIJ,3,1,"11,7,11,11|8,11,4,8",QUAL,OTHER,MT,2615,Qualification,YEE Joshua (FIJ),DEY Jeremy (NCL),,,1 - 3,8:11 11:7 4:11 8:11,DEY Jeremy,2022
ITTF-Oceania Senior Championships 2022,2022-09-05,WU Vicky,PERROT Adrien,FIJ,NCL,3,0,"11,10,11|6,8,9",QUAL,OTHER,MT,2615,Qualification,WU Vicky (FIJ),PERROT Adrien (NCL),,,3 - 0,11:6 10:8 11:9,WU Vicky,2022
ITTF-Oceania Senior Championships 2022,2022-09-05,YEE Joshua,PERROT Adrien,NCL,FIJ,3,0,"11,11,11|9,7,6",QUAL,OTHER,MT,2615,Qualification,YEE Joshua (FIJ),PERROT Adrien (NCL),,,0 - 3,9:11 7:11 6:11,PERROT Adrien,2022
ITTF-Oceania Senior Championships 2022,2022-09-05,WU Vicky,DEY Jeremy,NCL,FIJ,3,0,"11,11,16|6,5,14",QUAL,OTHER,MT,2615,Qualification,WU Vicky (FIJ),DEY Jeremy (NCL),,,0 - 3,6:11 5:11 14:16,DEY Jeremy,2022
ITTF-Oceania Senior Championships 2022,2022-09-05,DIXON Xavier,CARLOT Brendan,AUS,VAN,3,0,"11,11,11|0,2,3",QUAL,OTHER,MT,2615,Qualification,DIXON Xavier (AUS),CARLOT Brendan (VAN),,,3 - 0,11:0 11:2 11:3,DIXON Xavier,2022
ITTF-Oceania Senior Championships 2022,2022-09-05,YAN Xin,LULU Ham,AUS,VAN,3,0,"11,11,11|1,7,5",QUAL,OTHER,MT,2615,Qualification,YAN Xin (AUS),LULU Ham (VAN),,,3 - 0,11:1 11:7 11:5,YAN Xin,2022
ITTF-Oceania Senior Championships 2022,2022-09-05,LUU Finn,SHING Daiki,AUS,VAN,3,0,"11,11,11|1,1,2",QUAL,OTHER,MT,2615,Qualification,LUU Finn (AUS),SHING Daiki (VAN),,,3 - 0,11:1 11:1 11:2,LUU Finn,2022
ITTF-Oceania Senior Championships 2022,2022-09-05,SHU Dean,NUOPULA Gary,NZL,SOL,2,0,"11,11,3|2,3,2",QUAL,OTHER,MT,2615,Qualification,SHU Dean (NZL),NUOPULA Gary (SOL),,,2 - 0,11:2 11:3 3:2,,2022
ITTF-Oceania Senior Championships 2022,2022-09-05,SOH Adrian,KOUTO Selwyn,NZL,SOL,3,0,"11,11,11|0,1,2",QUAL,OTHER,MT,2615,Qualification,SOH Adrian (NZL),KOUTO Selwyn (SOL),,,3 - 0,11:0 11:1 11:2,SOH Adrian,2022
ITTF-Oceania Senior Championships 2022,2022-09-05,SHU Dean,KOUTO Selwyn,NZL,SOL,3,0,"11,11,11|4,2,8",QUAL,OTHER,MT,2615,Qualification,SHU Dean (NZL),KOUTO Selwyn (SOL),,,3 - 0,11:4 11:2 11:8,SHU Dean,2022
ITTF-Oceania Senior Championships 2022,2022-09-05,LIU Yangzi,YEE Grace Rosi,AUS,FIJ,3,0,"11,11,11|6,5,1",QUAL,OTHER,WT,2615,Qualification,LIU Yangzi (AUS),YEE Grace Rosi (FIJ),,,3 - 0,11:6 11:5 11:1,LIU Yangzi,2022
ITTF-Oceania Senior Championships 2022,2022-09-05,FENG Chunyi,LI Carolyn,AUS,FIJ,3,0,"11,11,11|2,9,8",QUAL,OTHER,WT,2615,Qualification,FENG Chunyi (AUS),LI Carolyn (FIJ),,,3 - 0,11:2 11:9 11:8,FENG Chunyi,2022
ITTF-Oceania Senior Championships 2022,2022-09-05,JEE Minhyung,TITANA Touea,AUS,FIJ,3,0,"11,11,11|1,2,3",QUAL,OTHER,WT,2615,Qualification,JEE Minhyung (AUS),TITANA Touea (FIJ),,,3 - 0,11:1 11:2 11:3,JEE Minhyung,2022
ITTF-Oceania Senior Championships 2022,2022-09-05,QWEA Stephanie,PAUL Anais,VAN,NCL,3,1,"11,10,13,11|7,12,11,7",QUAL,OTHER,WT,2615,Qualification,QWEA Stephanie (VAN),PAUL Anais (NCL),,,3 - 1,11:7 10:12 13:11 11:7,QWEA Stephanie,2022
ITTF-Oceania Senior Championships 2022,2022-09-05,SANTHY Liopa,WANEGUI Julie,VAN,NCL,3,0,"11,11,11|3,8,7",QUAL,OTHER,WT,2615,Qualification,SANTHY Liopa (VAN),WANEGUI Julie (NCL),,,3 - 0,11:3 11:8 11:7,SANTHY Liopa,2022
ITTF-Oceania Senior Championships 2022,2022-09-05,MAWA Tracey,SIFI Connie,VAN,SOL,3,0,"11,11,11|4,7,9",QUAL,OTHER,WT,2615,Qualification,MAWA Tracey (VAN),SIFI Connie (SOL),,,3 - 0,11:4 11:7 11:9,MAWA Tracey,2022
ITTF-Oceania Senior Championships 2022,2022-09-05,VI Eseta,YANG Joanna,NZL,TGA,3,0,"11,11,11|6,5,4",QUAL,OTHER,WT,2615,Qualification,VI Eseta (TGA),YANG Joanna (NZL),,,0 - 3,6:11 5:11 4:11,YANG Joanna,2022
ITTF-Oceania Senior Championships 2022,2022-09-05,FUNGAVAI Melekaufusi,ZHOU Jiayi,NZL,TGA,3,0,"11,11,11|2,2,1",QUAL,OTHER,WT,2615,Qualification,FUNGAVAI Melekaufusi (TGA),ZHOU Jiayi (NZL),,,0 - 3,2:11 2:11 1:11,ZHOU Jiayi,2022
ITTF-Oceania Senior Championships 2022,2022-09-05,FIFITA Tupou,HUANG Cecilia,NZL,TGA,3,0,"11,11,11|4,2,4",QUAL,OTHER,WT,2615,Qualification,FIFITA Tupou (TGA),HUANG Cecilia (NZL),,,0 - 3,4:11 2:11 4:11,HUANG Cecilia,2022
ITTF-Oceania Senior Championships 2022,2022-09-05,BELROSE Ocean,DIXON Xavier,AUS,PYF,3,1,"11,11,6,11|7,6,11,7",SF,OTHER,MT,2615,Main Draw,BELROSE Ocean (PYF),DIXON Xavier (AUS),,,1 - 3,7:11 6:11 11:6 7:11,DIXON Xavier,2022
ITTF-Oceania Senior Championships 2022,2022-09-05,CARNET Bydhir,LUM Nicholas,AUS,PYF,3,0,"11,11,11|3,5,2",SF,OTHER,MT,2615,Main Draw,CARNET Bydhir (PYF),LUM Nicholas (AUS),,,0 - 3,3:11 5:11 2:11,LUM Nicholas,2022
ITTF-Oceania Senior Championships 2022,2022-09-05,KAU-TAI Teikimeiteaki,YAN Xin,AUS,PYF,3,0,"11,11,11|8,5,4",SF,OTHER,MT,2615,Main Draw,KAU-TAI Teikimeiteaki (PYF),YAN Xin (AUS),,,0 - 3,8:11 5:11 4:11,YAN Xin,2022
ITTF-Oceania Senior Championships 2022,2022-09-05,DEY Jeremy,DELA PENA Alfred,NZL,NCL,3,0,"11,11,11|6,6,7",SF,OTHER,MT,2615,Main Draw,DEY Jeremy (NCL),DELA PENA Alfred (NZL),,,0 - 3,6:11 6:11 7:11,DELA PENA Alfred,2022
ITTF-Oceania Senior Championships 2022,2022-09-05,PERROT Adrien,SHU Dean,NZL,NCL,3,0,"11,11,11|4,8,6",SF,OTHER,MT,2615,Main Draw,PERROT Adrien (NCL),SHU Dean (NZL),,,0 - 3,4:11 8:11 6:11,SHU Dean,2022
ITTF-Oceania Senior Championships 2022,2022-09-05,DEY Jeremy,SHU Dean,NZL,NCL,3,0,"11,11,11|0,0,0",SF,OTHER,MT,2615,Main Draw,DEY Jeremy (NCL),SHU Dean (NZL),,,0 - 3,0:11 0:11 0:11,SHU Dean,2022
ITTF-Oceania Senior Championships 2022,2022-09-05,QWEA Stephanie,VI Eseta,VAN,TGA,3,0,"11,11,11|6,7,7",QUAL,OTHER,WT,2615,Qualification,QWEA Stephanie (VAN),VI Eseta (TGA),,,3 - 0,11:6 11:7 11:7,QWEA Stephanie,2022
ITTF-Oceania Senior Championships 2022,2022-09-05,SANTHY Liopa,FUNGAVAI Melekaufusi,VAN,TGA,3,0,"11,11,12|4,2,10",QUAL,OTHER,WT,2615,Qualification,SANTHY Liopa (VAN),FUNGAVAI Melekaufusi (TGA),,,3 - 0,11:4 11:2 12:10,SANTHY Liopa,2022
ITTF-Oceania Senior Championships 2022,2022-09-05,MAWA Tracey,FIFITA Tupou,VAN,TGA,3,0,"11,11,11|4,2,2",QUAL,OTHER,WT,2615,Qualification,MAWA Tracey (VAN),FIFITA Tupou (TGA),,,3 - 0,11:4 11:2 11:2,MAWA Tracey,2022
ITTF-Oceania Senior Championships 2022,2022-09-05,PAUL Anais,FENG Chunyi,AUS,NCL,3,0,"11,11,11|2,5,6",QUAL,OTHER,WT,2615,Qualification,PAUL Anais (NCL),FENG Chunyi (AUS),,,0 - 3,2:11 5:11 6:11,FENG Chunyi,2022
ITTF-Oceania Senior Championships 2022,2022-09-05,WANEGUI Julie,LIU Yangzi,AUS,NCL,3,0,"11,11,11|2,4,3",QUAL,OTHER,WT,2615,Qualification,WANEGUI Julie (NCL),LIU Yangzi (AUS),,,0 - 3,2:11 4:11 3:11,LIU Yangzi,2022
ITTF-Oceania Senior Championships 2022,2022-09-05,SIFI Connie,JEE Minhyung,AUS,SOL,3,0,"11,11,11|1,3,3",QUAL,OTHER,WT,2615,Qualification,SIFI Connie (SOL),JEE Minhyung (AUS),,,0 - 3,1:11 3:11 3:11,JEE Minhyung,2022
ITTF-Oceania Senior Championships 2022,2022-09-05,ZHOU Jiayi,YEE Grace Rosi,NZL,FIJ,3,0,"11,11,11|6,2,3",QUAL,OTHER,WT,2615,Qualification,ZHOU Jiayi (NZL),YEE Grace Rosi (FIJ),,,3 - 0,11:6 11:2 11:3,ZHOU Jiayi,2022
ITTF-Oceania Senior Championships 2022,2022-09-05,YANG Joanna,LI Carolyn,NZL,FIJ,3,0,"11,11,11|6,1,5",QUAL,OTHER,WT,2615,Qualification,YANG Joanna (NZL),LI Carolyn (FIJ),,,3 - 0,11:6 11:1 11:5,YANG Joanna,2022
ITTF-Oceania Senior Championships 2022,2022-09-05,HUANG Cecilia,TITANA Touea,NZL,FIJ,3,0,"11,11,11|4,4,5",QUAL,OTHER,WT,2615,Qualification,HUANG Cecilia (NZL),TITANA Touea (FIJ),,,3 - 0,11:4 11:4 11:5,HUANG Cecilia,2022
ITTF-Oceania Senior Championships 2022,2022-09-05,YEE Joshua,KOUTO Selwyn,FIJ,SOL,3,0,"0,0,0|0,0,0",4,OTHER,MT,2615,Position Draw,YEE Joshua (FIJ),KOUTO Selwyn (SOL),,,3 - 0,0:0 0:0 0:0,YEE Joshua,2022
ITTF-Oceania Senior Championships 2022,2022-09-05,ZHANG Bei Yan,NUOPULA Gary,FIJ,SOL,3,2,"0,0,0,0,0|0,0,0,0,0",4,OTHER,MT,2615,Position Draw,ZHANG Bei Yan (FIJ),NUOPULA Gary (SOL),,,3 - 2,0:0 0:0 0:0 0:0 0:0,ZHANG Bei Yan,2022
ITTF-Oceania Senior Championships 2022,2022-09-05,YEE Joshua,NUOPULA Gary,FIJ,SOL,3,0,"0,0,0|0,0,0",4,OTHER,MT,2615,Position Draw,YEE Joshua (FIJ),NUOPULA Gary (SOL),,,3 - 0,0:0 0:0 0:0,YEE Joshua,2022
ITTF-Oceania Senior Championships 2022,2022-09-05,LULU Ham,LOI David,VAN,PNG,3,0,"0,0,0|0,0,0",4,OTHER,MT,2615,Position Draw,LULU Ham (VAN),LOI David (PNG),,,3 - 0,0:0 0:0 0:0,LULU Ham,2022
ITTF-Oceania Senior Championships 2022,2022-09-05,LULU Edwin,LOI Geoffrey,PNG,VAN,3,0,"0,0,0|0,0,0",4,OTHER,MT,2615,Position Draw,LULU Edwin (VAN),LOI Geoffrey (PNG),,,0 - 3,0:0 0:0 0:0,LOI Geoffrey,2022
ITTF-Oceania Senior Championships 2022,2022-09-05,CARLOT Brendan,SEPA Gasika,PNG,VAN,3,0,"0,0,0|0,0,0",4,OTHER,MT,2615,Position Draw,CARLOT Brendan (VAN),SEPA Gasika (PNG),,,0 - 3,0:0 0:0 0:0,SEPA Gasika,2022
ITTF-Oceania Senior Championships 2022,2022-09-05,LULU Ham,LOI Geoffrey,PNG,VAN,3,2,"0,0,0,0,0|0,0,0,0,0",4,OTHER,MT,2615,Position Draw,LULU Ham (VAN),LOI Geoffrey (PNG),,,2 - 3,0:0 0:0 0:0 0:0 0:0,LOI Geoffrey,2022
ITTF-Oceania Senior Championships 2022,2022-09-05,PAUL Anais,VI Eseta,NCL,TGA,3,0,"11,11,11|6,7,4",QUAL,OTHER,WT,2615,Qualification,PAUL Anais (NCL),VI Eseta (TGA),,,3 - 0,11:6 11:7 11:4,PAUL Anais,2022
ITTF-Oceania Senior Championships 2022,2022-09-05,WANEGUI Julie,FUNGAVAI Melekaufusi,NCL,TGA,3,1,"11,9,11,11|4,11,5,7",QUAL,OTHER,WT,2615,Qualification,WANEGUI Julie (NCL),FUNGAVAI Melekaufusi (TGA),,,3 - 1,11:4 9:11 11:5 11:7,WANEGUI Julie,2022
ITTF-Oceania Senior Championships 2022,2022-09-05,SIFI Connie,FIFITA Tupou,TGA,SOL,3,0,"11,11,11|0,0,0",QUAL,OTHER,WT,2615,Qualification,SIFI Connie (SOL),FIFITA Tupou (TGA),,,0 - 3,0:11 0:11 0:11,FIFITA Tupou,2022
ITTF-Oceania Senior Championships 2022,2022-09-05,PAUL Anais,FUNGAVAI Melekaufusi,NCL,TGA,3,0,"11,11,11|5,8,9",QUAL,OTHER,WT,2615,Qualification,PAUL Anais (NCL),FUNGAVAI Melekaufusi (TGA),,,3 - 0,11:5 11:8 11:9,PAUL Anais,2022
ITTF-Oceania Senior Championships 2022,2022-09-05,LOI Geoffrey,WU Vicky,PNG,FIJ,3,0,"0,0,0|0,0,0",2,OTHER,MT,2615,Position Draw,LOI Geoffrey (PNG),WU Vicky (FIJ),,,3 - 0,0:0 0:0 0:0,LOI Geoffrey,2022
ITTF-Oceania Senior Championships 2022,2022-09-05,SEPA Gasika,YEE Joshua,FIJ,PNG,3,1,"0,0,0,0|0,0,0,0",2,OTHER,MT,2615,Position Draw,SEPA Gasika (PNG),YEE Joshua (FIJ),,,1 - 3,0:0 0:0 0:0 0:0,YEE Joshua,2022
ITTF-Oceania Senior Championships 2022,2022-09-05,LOI David,ZHANG Bei Yan,FIJ,PNG,3,1,"0,0,0,0|0,0,0,0",2,OTHER,MT,2615,Position Draw,LOI David (PNG),ZHANG Bei Yan (FIJ),,,1 - 3,0:0 0:0 0:0 0:0,ZHANG Bei Yan,2022
ITTF-Oceania Senior Championships 2022,2022-09-05,LOI Geoffrey,YEE Joshua,FIJ,PNG,3,1,"0,0,0,0|0,0,0,0",2,OTHER,MT,2615,Position Draw,LOI Geoffrey (PNG),YEE Joshua (FIJ),,,1 - 3,0:0 0:0 0:0 0:0,YEE Joshua,2022
ITTF-Oceania Senior Championships 2022,2022-09-05,LULU Ham,NUOPULA Gary,VAN,SOL,3,1,"0,0,0,0|0,0,0,0",2,OTHER,MT,2615,Position Draw,LULU Ham (VAN),NUOPULA Gary (SOL),,,3 - 1,0:0 0:0 0:0 0:0,LULU Ham,2022
ITTF-Oceania Senior Championships 2022,2022-09-05,LULU Edwin,KOUTO Selwyn,SOL,VAN,3,0,"0,0,0|0,0,0",2,OTHER,MT,2615,Position Draw,LULU Edwin (VAN),KOUTO Selwyn (SOL),,,0 - 3,0:0 0:0 0:0,KOUTO Selwyn,2022
ITTF-Oceania Senior Championships 2022,2022-09-05,LULU Ham,KOUTO Selwyn,VAN,SOL,3,0,"0,0,0|0,0,0",2,OTHER,MT,2615,Position Draw,LULU Ham (VAN),KOUTO Selwyn (SOL),,,3 - 0,0:0 0:0 0:0,LULU Ham,2022
ITTF-Oceania Senior Championships 2022,2022-09-05,LULU Edwin,NUOPULA Gary,SOL,VAN,3,2,"0,0,0,0,0|0,0,0,0,0",2,OTHER,MT,2615,Position Draw,LULU Edwin (VAN),NUOPULA Gary (SOL),,,2 - 3,0:0 0:0 0:0 0:0 0:0,NUOPULA Gary,2022
ITTF-Oceania Senior Championships 2022,2022-09-05,LIU Yangzi,YANG Joanna,AUS,NZL,3,0,"11,11,13|2,8,11",QUAL,OTHER,WT,2615,Qualification,LIU Yangzi (AUS),YANG Joanna (NZL),,,3 - 0,11:2 11:8 13:11,LIU Yangzi,2022
ITTF-Oceania Senior Championships 2022,2022-09-05,LAY Jian Fang,ZHOU Jiayi,AUS,NZL,3,0,"11,11,11|4,2,3",QUAL,OTHER,WT,2615,Qualification,LAY Jian Fang (AUS),ZHOU Jiayi (NZL),,,3 - 0,11:4 11:2 11:3,LAY Jian Fang,2022
ITTF-Oceania Senior Championships 2022,2022-09-05,JEE Minhyung,HUANG Cecilia,AUS,NZL,3,0,"11,11,11|6,5,5",QUAL,OTHER,WT,2615,Qualification,JEE Minhyung (AUS),HUANG Cecilia (NZL),,,3 - 0,11:6 11:5 11:5,JEE Minhyung,2022
ITTF-Oceania Senior Championships 2022,2022-09-05,YEE Grace Rosi,QWEA Stephanie,FIJ,VAN,3,0,"11,11,11|4,5,7",QUAL,OTHER,WT,2615,Qualification,YEE Grace Rosi (FIJ),QWEA Stephanie (VAN),,,3 - 0,11:4 11:5 11:7,YEE Grace Rosi,2022
ITTF-Oceania Senior Championships 2022,2022-09-05,LI Carolyn,SANTHY Liopa,FIJ,VAN,3,1,"12,5,12,11|10,11,10,8",QUAL,OTHER,WT,2615,Qualification,LI Carolyn (FIJ),SANTHY Liopa (VAN),,,3 - 1,12:10 5:11 12:10 11:8,LI Carolyn,2022
ITTF-Oceania Senior Championships 2022,2022-09-05,TITANA Touea,MAWA Tracey,VAN,FIJ,3,2,"9,11,10,18,11|11,7,12,16,8",QUAL,OTHER,WT,2615,Qualification,TITANA Touea (FIJ),MAWA Tracey (VAN),,,2 - 3,11:9 7:11 12:10 16:18 8:11,MAWA Tracey,2022
ITTF-Oceania Senior Championships 2022,2022-09-05,YEE Grace Rosi,SANTHY Liopa,FIJ,VAN,3,1,"11,8,11,11|7,11,8,4",QUAL,OTHER,WT,2615,Qualification,YEE Grace Rosi (FIJ),SANTHY Liopa (VAN),,,3 - 1,11:7 8:11 11:8 11:4,YEE Grace Rosi,2022
ITTF-Oceania Senior Championships 2022,2022-09-05,LUU Finn,SOH Adrian,AUS,NZL,3,0,"11,11,11|6,6,6",F,OTHER,MT,2615,Main Draw,LUU Finn (AUS),SOH Adrian (NZL),,,3 - 0,11:6 11:6 11:6,LUU Finn,2022
ITTF-Oceania Senior Championships 2022,2022-09-05,LUM Nicholas,SHU Dean,NZL,AUS,3,1,"11,11,8,11|8,7,11,2",F,OTHER,MT,2615,Main Draw,LUM Nicholas (AUS),SHU Dean (NZL),,,1 - 3,8:11 7:11 11:8 2:11,SHU Dean,2022
ITTF-Oceania Senior Championships 2022,2022-09-05,YAN Xin,DELA PENA Alfred,AUS,NZL,3,0,"11,11,11|6,7,5",F,OTHER,MT,2615,Main Draw,YAN Xin (AUS),DELA PENA Alfred (NZL),,,3 - 0,11:6 11:7 11:5,YAN Xin,2022
ITTF-Oceania Senior Championships 2022,2022-09-05,LUU Finn,SHU Dean,AUS,NZL,3,0,"11,11,11|6,5,9",F,OTHER,MT,2615,Main Draw,LUU Finn (AUS),SHU Dean (NZL),,,3 - 0,11:6 11:5 11:9,LUU Finn,2022
ITTF-Oceania Senior Championships 2022,2022-09-05,BELROSE Ocean,PERROT Adrien,PYF,NCL,3,2,"10,15,12,8,11|12,13,10,11,8",F,OTHER,MT,2615,Main Draw,BELROSE Ocean (PYF),PERROT Adrien (NCL),,,3 - 2,10:12 15:13 12:10 8:11 11:8,BELROSE Ocean,2022
ITTF-Oceania Senior Championships 2022,2022-09-05,KAU-TAI Teikimeiteaki,DEY Jeremy,PYF,NCL,3,2,"11,11,9,11,11|13,8,11,7,7",F,OTHER,MT,2615,Main Draw,KAU-TAI Teikimeiteaki (PYF),DEY Jeremy (NCL),,,3 - 2,11:13 11:8 9:11 11:7 11:7,KAU-TAI Teikimeiteaki,2022
ITTF-Oceania Senior Championships 2022,2022-09-05,BELROSE Ocean,DEY Jeremy,PYF,NCL,3,0,"11,11,11|0,0,0",F,OTHER,MT,2615,Main Draw,BELROSE Ocean (PYF),DEY Jeremy (NCL),,,3 - 0,11:0 11:0 11:0,BELROSE Ocean,2022
ITTF-Oceania Senior Championships 2022,2022-09-05,TAPPER Melissa,WONG Heimoe,AUS,PYF,3,1,"11,10,11,11|2,12,3,7",QUAL,OTHER,WS,2615,Qualification,TAPPER Melissa (AUS),WONG Heimoe (PYF),,,3 - 1,11:2 10:12 11:3 11:7,TAPPER Melissa,2022
ITTF-Oceania Senior Championships 2022,2022-09-05,FENG Chunyi,FIFITA Tupou,AUS,TGA,3,0,"11,11,11|2,5,5",QUAL,OTHER,WS,2615,Qualification,FENG Chunyi (AUS),FIFITA Tupou (TGA),,,3 - 0,11:2 11:5 11:5,FENG Chunyi,2022
ITTF-Oceania Senior Championships 2022,2022-09-05,LIU Yangzi,QWEA Stephanie,AUS,VAN,3,0,"13,11,11|11,2,7",QUAL,OTHER,WS,2615,Qualification,LIU Yangzi (AUS),QWEA Stephanie (VAN),,,3 - 0,13:11 11:2 11:7,LIU Yangzi,2022
ITTF-Oceania Senior Championships 2022,2022-09-05,JEE Minhyung,VI Eseta,AUS,TGA,3,0,"11,11,11|5,2,3",QUAL,OTHER,WS,2615,Qualification,JEE Minhyung (AUS),VI Eseta (TGA),,,3 - 0,11:5 11:2 11:3,JEE Minhyung,2022
ITTF-Oceania Senior Championships 2022,2022-09-05,LAY Jian Fang,TITANA Touea,AUS,FIJ,3,0,"11,11,11|2,2,5",QUAL,OTHER,WS,2615,Qualification,LAY Jian Fang (AUS),TITANA Touea (FIJ),,,3 - 0,11:2 11:2 11:5,LAY Jian Fang,2022
ITTF-Oceania Senior Championships 2022,2022-09-05,ZHOU Jiayi,WANEGUI Julie,NZL,NCL,3,0,"11,11,11|3,1,4",QUAL,OTHER,WS,2615,Qualification,ZHOU Jiayi (NZL),WANEGUI Julie (NCL),,,3 - 0,11:3 11:1 11:4,ZHOU Jiayi,2022
ITTF-Oceania Senior Championships 2022,2022-09-05,BELROSE Ocean,PEPA Inoke,PYF,TGA,3,0,"11,11,11|1,4,3",QUAL,OTHER,MS,2615,Qualification,BELROSE Ocean (PYF),PEPA Inoke (TGA),,,3 - 0,11:1 11:4 11:3,BELROSE Ocean,2022
ITTF-Oceania Senior Championships 2022,2022-09-05,YANG Joanna,MAWA Tracey,NZL,VAN,3,0,"11,11,11|4,4,4",QUAL,OTHER,WS,2615,Qualification,YANG Joanna (NZL),MAWA Tracey (VAN),,,3 - 0,11:4 11:4 11:4,YANG Joanna,2022
ITTF-Oceania Senior Championships 2022,2022-09-05,LI Carolyn,AGARI Tammi,FIJ,PNG,3,0,"11,11,11|7,8,4",QUAL,OTHER,WS,2615,Qualification,LI Carolyn (FIJ),AGARI Tammi (PNG),,,3 - 0,11:7 11:8 11:4,LI Carolyn,2022
ITTF-Oceania Senior Championships 2022,2022-09-05,YEE Grace Rosi,TEHAHETUA Kelley,PYF,FIJ,3,2,"3,11,12,4,13|11,3,10,11,11",QUAL,OTHER,WS,2615,Qualification,YEE Grace Rosi (FIJ),TEHAHETUA Kelley (PYF),,,2 - 3,11:3 3:11 10:12 11:4 11:13,TEHAHETUA Kelley,2022
ITTF-Oceania Senior Championships 2022,2022-09-05,SANTHY Liopa,TEHAHETUA Keala,PYF,VAN,3,2,"4,11,9,11,11|11,3,11,7,8",QUAL,OTHER,WS,2615,Qualification,SANTHY Liopa (VAN),TEHAHETUA Keala (PYF),,,2 - 3,11:4 3:11 11:9 7:11 8:11,TEHAHETUA Keala,2022
ITTF-Oceania Senior Championships 2022,2022-09-05,DEY Jeremy,CARLOT Brendan,NCL,VAN,3,0,"11,11,11|0,1,8",QUAL,OTHER,MS,2615,Qualification,DEY Jeremy (NCL),CARLOT Brendan (VAN),,,3 - 0,11:0 11:1 11:8,DEY Jeremy,2022
ITTF-Oceania Senior Championships 2022,2022-09-05,TAPPER Melissa,YANG Joanna,AUS,NZL,3,1,"6,11,11,11|11,8,7,6",QUAL,OTHER,WS,2615,Qualification,TAPPER Melissa (AUS),YANG Joanna (NZL),,,3 - 1,6:11 11:8 11:7 11:6,TAPPER Melissa,2022
ITTF-Oceania Senior Championships 2022,2022-09-05,FENG Chunyi,HUANG Cecilia,AUS,NZL,3,0,"11,11,11|7,7,7",QUAL,OTHER,WS,2615,Qualification,FENG Chunyi (AUS),HUANG Cecilia (NZL),,,3 - 0,11:7 11:7 11:7,FENG Chunyi,2022
ITTF-Oceania Senior Championships 2022,2022-09-05,LIU Yangzi,LI Carolyn,AUS,FIJ,3,0,"11,11,11|1,1,3",QUAL,OTHER,WS,2615,Qualification,LIU Yangzi (AUS),LI Carolyn (FIJ),,,3 - 0,11:1 11:1 11:3,LIU Yangzi,2022
ITTF-Oceania Senior Championships 2022,2022-09-05,JEE Minhyung,YEE Grace Rosi,AUS,FIJ,3,0,"11,11,11|1,1,5",QUAL,OTHER,WS,2615,Qualification,JEE Minhyung (AUS),YEE Grace Rosi (FIJ),,,3 - 0,11:1 11:1 11:5,JEE Minhyung,2022
ITTF-Oceania Senior Championships 2022,2022-09-05,LAY Jian Fang,SIFI Connie,AUS,SOL,3,0,"11,11,11|1,1,3",QUAL,OTHER,WS,2615,Qualification,LAY Jian Fang (AUS),SIFI Connie (SOL),,,3 - 0,11:1 11:1 11:3,LAY Jian Fang,2022
ITTF-Oceania Senior Championships 2022,2022-09-05,ZHOU Jiayi,SANTHY Liopa,NZL,VAN,3,0,"11,11,11|5,5,8",QUAL,OTHER,WS,2615,Qualification,ZHOU Jiayi (NZL),SANTHY Liopa (VAN),,,3 - 0,11:5 11:5 11:8,ZHOU Jiayi,2022
ITTF-Oceania Senior Championships 2022,2022-09-05,WONG Heimoe,MAWA Tracey,PYF,VAN,3,0,"11,11,11|7,5,5",QUAL,OTHER,WS,2615,Qualification,WONG Heimoe (PYF),MAWA Tracey (VAN),,,3 - 0,11:7 11:5 11:5,WONG Heimoe,2022
ITTF-Oceania Senior Championships 2022,2022-09-05,FIFITA Tupou,PAUL Anais,NCL,TGA,3,0,"11,11,11|1,6,6",QUAL,OTHER,WS,2615,Qualification,FIFITA Tupou (TGA),PAUL Anais (NCL),,,0 - 3,1:11 6:11 6:11,PAUL Anais,2022
ITTF-Oceania Senior Championships 2022,2022-09-05,QWEA Stephanie,AGARI Tammi,VAN,PNG,3,1,"11,8,12,11|8,11,10,2",QUAL,OTHER,WS,2615,Qualification,QWEA Stephanie (VAN),AGARI Tammi (PNG),,,3 - 1,11:8 8:11 12:10 11:2,QWEA Stephanie,2022
ITTF-Oceania Senior Championships 2022,2022-09-05,VI Eseta,TEHAHETUA Kelley,PYF,TGA,3,0,"11,11,11|4,6,5",QUAL,OTHER,WS,2615,Qualification,VI Eseta (TGA),TEHAHETUA Kelley (PYF),,,0 - 3,4:11 6:11 5:11,TEHAHETUA Kelley,2022
ITTF-Oceania Senior Championships 2022,2022-09-05,TITANA Touea,WEBB Abbey,NZL,FIJ,3,0,"11,11,11|8,5,7",QUAL,OTHER,WS,2615,Qualification,TITANA Touea (FIJ),WEBB Abbey (NZL),,,0 - 3,8:11 5:11 7:11,WEBB Abbey,2022
ITTF-Oceania Senior Championships 2022,2022-09-05,WANEGUI Julie,TEHAHETUA Keala,PYF,NCL,3,0,"11,12,11|8,10,9",QUAL,OTHER,WS,2615,Qualification,WANEGUI Julie (NCL),TEHAHETUA Keala (PYF),,,0 - 3,8:11 10:12 9:11,TEHAHETUA Keala,2022
ITTF-Oceania Senior Championships 2022,2022-09-05,PEPA Inoke,CARLOT Brendan,TGA,VAN,3,2,"11,4,4,11,11|8,11,11,4,9",QUAL,OTHER,MS,2615,Qualification,PEPA Inoke (TGA),CARLOT Brendan (VAN),,,3 - 2,11:8 4:11 4:11 11:4 11:9,PEPA Inoke,2022
ITTF-Oceania Senior Championships 2022,2022-09-05,TAPPER Melissa,MAWA Tracey,AUS,VAN,3,0,"11,11,11|4,6,2",QUAL,OTHER,WS,2615,Qualification,TAPPER Melissa (AUS),MAWA Tracey (VAN),,,3 - 0,11:4 11:6 11:2,TAPPER Melissa,2022
ITTF-Oceania Senior Championships 2022,2022-09-05,LIU Yangzi,AGARI Tammi,AUS,PNG,3,0,"11,11,11|1,0,3",QUAL,OTHER,WS,2615,Qualification,LIU Yangzi (AUS),AGARI Tammi (PNG),,,3 - 0,11:1 11:0 11:3,LIU Yangzi,2022
ITTF-Oceania Senior Championships 2022,2022-09-05,JEE Minhyung,TEHAHETUA Kelley,AUS,PYF,3,0,"11,11,11|1,5,2",QUAL,OTHER,WS,2615,Qualification,JEE Minhyung (AUS),TEHAHETUA Kelley (PYF),,,3 - 0,11:1 11:5 11:2,JEE Minhyung,2022
ITTF-Oceania Senior Championships 2022,2022-09-05,LAY Jian Fang,WEBB Abbey,AUS,NZL,3,0,"11,11,11|6,1,6",QUAL,OTHER,WS,2615,Qualification,LAY Jian Fang (AUS),WEBB Abbey (NZL),,,3 - 0,11:6 11:1 11:6,LAY Jian Fang,2022
ITTF-Oceania Senior Championships 2022,2022-09-05,ZHOU Jiayi,TEHAHETUA Keala,NZL,PYF,3,1,"12,11,9,11|10,2,11,5",QUAL,OTHER,WS,2615,Qualification,ZHOU Jiayi (NZL),TEHAHETUA Keala (PYF),,,3 - 1,12:10 11:2 9:11 11:5,ZHOU Jiayi,2022
ITTF-Oceania Senior Championships 2022,2022-09-05,BELROSE Ocean,CARLOT Brendan,PYF,VAN,3,0,"11,11,11|1,3,1",QUAL,OTHER,MS,2615,Qualification,BELROSE Ocean (PYF),CARLOT Brendan (VAN),,,3 - 0,11:1 11:3 11:1,BELROSE Ocean,2022
ITTF-Oceania Senior Championships 2022,2022-09-05,YANG Joanna,WONG Heimoe,NZL,PYF,3,1,"12,11,11,11|14,7,6,6",QUAL,OTHER,WS,2615,Qualification,YANG Joanna (NZL),WONG Heimoe (PYF),,,3 - 1,12:14 11:7 11:6 11:6,YANG Joanna,2022
ITTF-Oceania Senior Championships 2022,2022-09-05,LI Carolyn,QWEA Stephanie,FIJ,VAN,3,0,"11,11,11|3,0,5",QUAL,OTHER,WS,2615,Qualification,LI Carolyn (FIJ),QWEA Stephanie (VAN),,,3 - 0,11:3 11:0 11:5,LI Carolyn,2022
ITTF-Oceania Senior Championships 2022,2022-09-05,DEY Jeremy,PEPA Inoke,NCL,TGA,3,0,"11,11,11|7,4,3",QUAL,OTHER,MS,2615,Qualification,DEY Jeremy (NCL),PEPA Inoke (TGA),,,3 - 0,11:7 11:4 11:3,DEY Jeremy,2022
ITTF-Oceania Senior Championships 2022,2022-09-05,LEE Yonghun,LOI David,AUS,PNG,2,0,"11,11,4|6,3,3",QUAL,OTHER,MS,2615,Qualification,LEE Yonghun (AUS),LOI David (PNG),,,2 - 0,11:6 11:3 4:3,,2022
ITTF-Oceania Senior Championships 2022,2022-09-05,DIXON Xavier,CHAUHAN Jai,AUS,FIJ,3,0,"11,11,11|0,0,7",QUAL,OTHER,MS,2615,Qualification,DIXON Xavier (AUS),CHAUHAN Jai (FIJ),,,3 - 0,11:0 11:0 11:7,DIXON Xavier,2022
ITTF-Oceania Senior Championships 2022,2022-09-05,LUM Nicholas,KARIKO Jackson,AUS,PNG,3,0,"11,11,11|2,2,6",QUAL,OTHER,MS,2615,Qualification,LUM Nicholas (AUS),KARIKO Jackson (PNG),,,3 - 0,11:2 11:2 11:6,LUM Nicholas,2022
ITTF-Oceania Senior Championships 2022,2022-09-05,DELA PENA Alfred,PERROT Adrien,NZL,NCL,3,0,"11,11,11|7,5,5",QUAL,OTHER,MS,2615,Qualification,DELA PENA Alfred (NZL),PERROT Adrien (NCL),,,3 - 0,11:7 11:5 11:5,DELA PENA Alfred,2022
ITTF-Oceania Senior Championships 2022,2022-09-05,LUU Finn,NUOPULA Gary,AUS,SOL,3,0,"11,11,11|2,4,3",QUAL,OTHER,MS,2615,Qualification,LUU Finn (AUS),NUOPULA Gary (SOL),,,3 - 0,11:2 11:4 11:3,LUU Finn,2022
ITTF-Oceania Senior Championships 2022,2022-09-05,SHU Dean,LAFORTUNE Heimanarii,NZL,PYF,3,0,"11,11,11|3,9,1",QUAL,OTHER,MS,2615,Qualification,SHU Dean (NZL),LAFORTUNE Heimanarii (PYF),,,3 - 0,11:3 11:9 11:1,SHU Dean,2022
ITTF-Oceania Senior Championships 2022,2022-09-05,AMOR Kelsey,SHING Daiki,NZL,VAN,3,0,"11,11,11|5,6,3",QUAL,OTHER,MS,2615,Qualification,AMOR Kelsey (NZL),SHING Daiki (VAN),,,3 - 0,11:5 11:6 11:3,AMOR Kelsey,2022
ITTF-Oceania Senior Championships 2022,2022-09-05,LUM Nicholas,ZHANG Bei Yan,AUS,FIJ,3,0,"11,11,11|1,2,3",QUAL,OTHER,MS,2615,Qualification,LUM Nicholas (AUS),ZHANG Bei Yan (FIJ),,,3 - 0,11:1 11:2 11:3,LUM Nicholas,2022
ITTF-Oceania Senior Championships 2022,2022-09-05,WU Vicky,KAU-TAI Teikimeiteaki,PYF,FIJ,3,1,"5,12,11,11|11,10,6,8",QUAL,OTHER,MS,2615,Qualification,WU Vicky (FIJ),KAU-TAI Teikimeiteaki (PYF),,,1 - 3,11:5 10:12 6:11 8:11,KAU-TAI Teikimeiteaki,2022
ITTF-Oceania Senior Championships 2022,2022-09-05,LOI Geoffrey,COCKER Salesi,PNG,TGA,3,0,"11,11,11|6,6,1",QUAL,OTHER,MS,2615,Qualification,LOI Geoffrey (PNG),COCKER Salesi (TGA),,,3 - 0,11:6 11:6 11:1,LOI Geoffrey,2022
ITTF-Oceania Senior Championships 2022,2022-09-05,LULU Ham,YEE Joshua,VAN,FIJ,3,1,"3,11,11,11|11,9,9,9",QUAL,OTHER,MS,2615,Qualification,LULU Ham (VAN),YEE Joshua (FIJ),,,3 - 1,3:11 11:9 11:9 11:9,LULU Ham,2022
ITTF-Oceania Senior Championships 2022,2022-09-05,LEE Yonghun,SOH Adrian,AUS,NZL,3,0,"14,11,11|12,5,3",QUAL,OTHER,MS,2615,Qualification,LEE Yonghun (AUS),SOH Adrian (NZL),,,3 - 0,14:12 11:5 11:3,LEE Yonghun,2022
ITTF-Oceania Senior Championships 2022,2022-09-05,DIXON Xavier,AMOR Kelsey,AUS,NZL,3,0,"11,11,11|4,3,7",QUAL,OTHER,MS,2615,Qualification,DIXON Xavier (AUS),AMOR Kelsey (NZL),,,3 - 0,11:4 11:3 11:7,DIXON Xavier,2022
ITTF-Oceania Senior Championships 2022,2022-09-05,ZHANG Bei Yan,KARIKO Jackson,FIJ,PNG,3,0,"11,11,11|7,6,4",QUAL,OTHER,MS,2615,Qualification,ZHANG Bei Yan (FIJ),KARIKO Jackson (PNG),,,3 - 0,11:7 11:6 11:4,ZHANG Bei Yan,2022
ITTF-Oceania Senior Championships 2022,2022-09-05,DELA PENA Alfred,WU Vicky,NZL,FIJ,3,0,"11,11,11|8,5,5",QUAL,OTHER,MS,2615,Qualification,DELA PENA Alfred (NZL),WU Vicky (FIJ),,,3 - 0,11:8 11:5 11:5,DELA PENA Alfred,2022
ITTF-Oceania Senior Championships 2022,2022-09-05,LUU Finn,LOI Geoffrey,AUS,PNG,3,0,"11,11,11|3,5,6",QUAL,OTHER,MS,2615,Qualification,LUU Finn (AUS),LOI Geoffrey (PNG),,,3 - 0,11:3 11:5 11:6,LUU Finn,2022
ITTF-Oceania Senior Championships 2022,2022-09-05,SHU Dean,LULU Ham,NZL,VAN,3,0,"11,11,11|8,7,4",QUAL,OTHER,MS,2615,Qualification,SHU Dean (NZL),LULU Ham (VAN),,,3 - 0,11:8 11:7 11:4,SHU Dean,2022
ITTF-Oceania Senior Championships 2022,2022-09-05,LOI David,KOUTO Selwyn,PNG,SOL,3,0,"11,11,11|7,9,3",QUAL,OTHER,MS,2615,Qualification,LOI David (PNG),KOUTO Selwyn (SOL),,,3 - 0,11:7 11:9 11:3,LOI David,2022
ITTF-Oceania Senior Championships 2022,2022-09-05,CHAUHAN Jai,SHING Daiki,FIJ,VAN,3,0,"11,11,11|1,6,3",QUAL,OTHER,MS,2615,Qualification,CHAUHAN Jai (FIJ),SHING Daiki (VAN),,,3 - 0,11:1 11:6 11:3,CHAUHAN Jai,2022
ITTF-Oceania Senior Championships 2022,2022-09-05,YAN Xin,CARNET Bydhir,AUS,PYF,3,0,"11,12,11|1,10,3",QUAL,OTHER,MS,2615,Qualification,YAN Xin (AUS),CARNET Bydhir (PYF),,,3 - 0,11:1 12:10 11:3,YAN Xin,2022
ITTF-Oceania Senior Championships 2022,2022-09-05,PERROT Adrien,KAU-TAI Teikimeiteaki,NCL,PYF,3,2,"11,4,11,8,11|7,11,4,11,9",QUAL,OTHER,MS,2615,Qualification,PERROT Adrien (NCL),KAU-TAI Teikimeiteaki (PYF),,,3 - 2,11:7 4:11 11:4 8:11 11:9,PERROT Adrien,2022
ITTF-Oceania Senior Championships 2022,2022-09-05,NUOPULA Gary,COCKER Salesi,SOL,TGA,3,0,"11,17,11|2,15,4",QUAL,OTHER,MS,2615,Qualification,NUOPULA Gary (SOL),COCKER Salesi (TGA),,,3 - 0,11:2 17:15 11:4,NUOPULA Gary,2022
ITTF-Oceania Senior Championships 2022,2022-09-05,LAFORTUNE Heimanarii,YEE Joshua,PYF,FIJ,3,1,"11,4,11,15|8,11,7,13",QUAL,OTHER,MS,2615,Qualification,LAFORTUNE Heimanarii (PYF),YEE Joshua (FIJ),,,3 - 1,11:8 4:11 11:7 15:13,LAFORTUNE Heimanarii,2022
ITTF-Oceania Senior Championships 2022,2022-09-05,LEE Yonghun,KOUTO Selwyn,AUS,SOL,3,0,"11,11,11|4,2,0",QUAL,OTHER,MS,2615,Qualification,LEE Yonghun (AUS),KOUTO Selwyn (SOL),,,3 - 0,11:4 11:2 11:0,LEE Yonghun,2022
ITTF-Oceania Senior Championships 2022,2022-09-05,DIXON Xavier,SHING Daiki,AUS,VAN,3,0,"11,11,11|0,0,0",QUAL,OTHER,MS,2615,Qualification,DIXON Xavier (AUS),SHING Daiki (VAN),,,3 - 0,11:0 11:0 11:0,DIXON Xavier,2022
ITTF-Oceania Senior Championships 2022,2022-09-05,YAN Xin,SEPA Gasika,AUS,PNG,3,0,"11,11,11|4,7,1",QUAL,OTHER,MS,2615,Qualification,YAN Xin (AUS),SEPA Gasika (PNG),,,3 - 0,11:4 11:7 11:1,YAN Xin,2022
ITTF-Oceania Senior Championships 2022,2022-09-05,DELA PENA Alfred,KAU-TAI Teikimeiteaki,NZL,PYF,3,1,"7,11,11,11|11,6,6,0",QUAL,OTHER,MS,2615,Qualification,DELA PENA Alfred (NZL),KAU-TAI Teikimeiteaki (PYF),,,3 - 1,7:11 11:6 11:6 11:0,DELA PENA Alfred,2022
ITTF-Oceania Senior Championships 2022,2022-09-05,LUU Finn,COCKER Salesi,AUS,TGA,3,1,"11,11,12,11|2,7,14,7",QUAL,OTHER,MS,2615,Qualification,LUU Finn (AUS),COCKER Salesi (TGA),,,3 - 1,11:2 11:7 12:14 11:7,LUU Finn,2022
ITTF-Oceania Senior Championships 2022,2022-09-05,SHU Dean,YEE Joshua,NZL,FIJ,3,0,"11,11,11|5,9,7",QUAL,OTHER,MS,2615,Qualification,SHU Dean (NZL),YEE Joshua (FIJ),,,3 - 0,11:5 11:9 11:7,SHU Dean,2022
ITTF-Oceania Senior Championships 2022,2022-09-05,SOH Adrian,LOI David,NZL,PNG,3,0,"11,11,11|6,2,6",QUAL,OTHER,MS,2615,Qualification,SOH Adrian (NZL),LOI David (PNG),,,3 - 0,11:6 11:2 11:6,SOH Adrian,2022
ITTF-Oceania Senior Championships 2022,2022-09-05,AMOR Kelsey,CHAUHAN Jai,NZL,FIJ,3,0,"11,11,11|6,4,6",QUAL,OTHER,MS,2615,Qualification,AMOR Kelsey (NZL),CHAUHAN Jai (FIJ),,,3 - 0,11:6 11:4 11:6,AMOR Kelsey,2022
ITTF-Oceania Senior Championships 2022,2022-09-05,SEPA Gasika,CARNET Bydhir,PYF,PNG,3,0,"11,13,11|3,11,8",QUAL,OTHER,MS,2615,Qualification,SEPA Gasika (PNG),CARNET Bydhir (PYF),,,0 - 3,3:11 11:13 8:11,CARNET Bydhir,2022
ITTF-Oceania Senior Championships 2022,2022-09-05,LULU Ham,LAFORTUNE Heimanarii,PYF,VAN,3,1,"11,7,11,11|5,11,3,7",QUAL,OTHER,MS,2615,Qualification,LULU Ham (VAN),LAFORTUNE Heimanarii (PYF),,,1 - 3,5:11 11:7 3:11 7:11,LAFORTUNE Heimanarii,2022
ITTF-Oceania Senior Championships 2022,2022-09-05,CARLOT Brendan,LOI Geoffrey,PNG,VAN,3,0,"11,12,11|4,10,7",R32,OTHER,XD,2615,Main Draw,CARLOT Brendan (VAN),LOI Geoffrey (PNG),MAWA Tracey (VAN),AGARI Tammi (PNG),0 - 3,4:11 10:12 7:11,LOI Geoffrey,2022
ITTF-Oceania Senior Championships 2022,2022-09-05,ZHANG Bei Yan,DEY Jeremy,NCL,FIJ,3,0,"13,11,16|11,3,14",R32,OTHER,XD,2615,Main Draw,ZHANG Bei Yan (FIJ),DEY Jeremy (NCL),TITANA Touea (FIJ),PAUL Anais (NCL),0 - 3,11:13 3:11 14:16,DEY Jeremy,2022
ITTF-Oceania Senior Championships 2022,2022-09-05,YEE Joshua,COCKER Salesi,FIJ,TGA,3,0,"11,11,11|2,5,7",R32,OTHER,XD,2615,Main Draw,YEE Joshua (FIJ),COCKER Salesi (TGA),LI Carolyn (FIJ),FUNGAVAI Melekaufusi (TGA),3 - 0,11:2 11:5 11:7,YEE Joshua,2022
ITTF-Oceania Senior Championships 2022,2022-09-05,PERROT Adrien,CARNET Bydhir,PYF,NCL,3,1,"8,11,11,11|11,6,5,8",R32,OTHER,XD,2615,Main Draw,PERROT Adrien (NCL),CARNET Bydhir (PYF),WANEGUI Julie (NCL),WONG Heimoe (PYF),1 - 3,11:8 6:11 5:11 8:11,CARNET Bydhir,2022
ITTF-Oceania Senior Championships 2022,2022-09-05,SEPA Gasika,LULU Ham,VAN,PNG,3,1,"11,11,8,11|6,4,11,4",R32,OTHER,XD,2615,Main Draw,SEPA Gasika (PNG),LULU Ham (VAN),FIFITA Tupou (TGA),SANTHY Liopa (VAN),1 - 3,6:11 4:11 11:8 4:11,LULU Ham,2022
ITTF-Oceania Senior Championships 2022,2022-09-05,SHING Daiki,PEPA Inoke,TGA,VAN,3,0,"11,11,11|6,7,5",R32,OTHER,XD,2615,Main Draw,SHING Daiki (VAN),PEPA Inoke (TGA),QWEA Stephanie (VAN),VI Eseta (TGA),0 - 3,6:11 7:11 5:11,PEPA Inoke,2022
ITTF-Oceania Senior Championships 2022,2022-09-05,LUU Finn,YEE Joshua,AUS,FIJ,3,0,"11,11,11|4,4,3",R16,OTHER,XD,2615,Main Draw,LUU Finn (AUS),YEE Joshua (FIJ),LIU Yangzi (AUS),LI Carolyn (FIJ),3 - 0,11:4 11:4 11:3,LUU Finn,2022
ITTF-Oceania Senior Championships 2022,2022-09-05,AMOR Kelsey,CARNET Bydhir,PYF,NZL,3,0,"11,12,11|5,10,5",R16,OTHER,XD,2615,Main Draw,AMOR Kelsey (NZL),CARNET Bydhir (PYF),HUANG Cecilia (NZL),WONG Heimoe (PYF),0 - 3,5:11 10:12 5:11,CARNET Bydhir,2022
ITTF-Oceania Senior Championships 2022,2022-09-05,PEPA Inoke,DIXON Xavier,AUS,TGA,3,0,"11,11,11|3,3,6",R16,OTHER,XD,2615,Main Draw,PEPA Inoke (TGA),DIXON Xavier (AUS),VI Eseta (TGA),TAPPER Melissa (AUS),0 - 3,3:11 3:11 6:11,DIXON Xavier,2022
ITTF-Oceania Senior Championships 2022,2022-09-05,BELROSE Ocean,SOH Adrian,PYF,NZL,3,1,"11,5,11,11|7,11,6,8",R16,OTHER,XD,2615,Main Draw,BELROSE Ocean (PYF),SOH Adrian (NZL),TEHAHETUA Kelley (PYF),WEBB Abbey (NZL),3 - 1,11:7 5:11 11:6 11:8,BELROSE Ocean,2022
ITTF-Oceania Senior Championships 2022,2022-09-05,LEE Yonghun,LOI Geoffrey,AUS,PNG,3,0,"11,11,11|4,7,3",R16,OTHER,XD,2615,Main Draw,LEE Yonghun (AUS),LOI Geoffrey (PNG),FENG Chunyi (AUS),AGARI Tammi (PNG),3 - 0,11:4 11:7 11:3,LEE Yonghun,2022
ITTF-Oceania Senior Championships 2022,2022-09-05,LULU Ham,LUM Nicholas,AUS,VAN,3,0,"11,11,11|3,4,5",R16,OTHER,XD,2615,Main Draw,LULU Ham (VAN),LUM Nicholas (AUS),SANTHY Liopa (VAN),JEE Minhyung (AUS),0 - 3,3:11 4:11 5:11,LUM Nicholas,2022
ITTF-Oceania Senior Championships 2022,2022-09-05,DELA PENA Alfred,DIXON Xavier,AUS,NZL,3,0,"11,11,13|6,5,11",QF,OTHER,XD,2615,Main Draw,DELA PENA Alfred (NZL),DIXON Xavier (AUS),YANG Joanna (NZL),TAPPER Melissa (AUS),0 - 3,6:11 5:11 11:13,DIXON Xavier,2022
ITTF-Oceania Senior Championships 2022,2022-09-05,LEE Yonghun,SHU Dean,AUS,NZL,3,1,"11,8,11,11|6,11,5,8",QF,OTHER,XD,2615,Main Draw,LEE Yonghun (AUS),SHU Dean (NZL),FENG Chunyi (AUS),ZHOU Jiayi (NZL),3 - 1,11:6 8:11 11:5 11:8,LEE Yonghun,2022
ITTF-Oceania Senior Championships 2022,2022-09-05,LUU Finn,BELROSE Ocean,AUS,PYF,3,0,"11,11,11|7,5,8",QF,OTHER,XD,2615,Main Draw,LUU Finn (AUS),BELROSE Ocean (PYF),LIU Yangzi (AUS),TEHAHETUA Kelley (PYF),3 - 0,11:7 11:5 11:8,LUU Finn,2022
ITTF-Oceania Senior Championships 2022,2022-09-05,LUU Finn,LEE Yonghun,AUS,AUS,3,0,"11,13,11|6,10,7",SF,OTHER,XD,2615,Main Draw,LUU Finn (AUS),LEE Yonghun (AUS),LIU Yangzi (AUS),FENG Chunyi (AUS),3 - 0,11:6 13:10 11:7,LUU Finn,2022
ITTF-Oceania Senior Championships 2022,2022-09-05,DIXON Xavier,LUM Nicholas,AUS,AUS,3,0,"12,11,11|10,4,8",SF,OTHER,XD,2615,Main Draw,DIXON Xavier (AUS),LUM Nicholas (AUS),TAPPER Melissa (AUS),JEE Minhyung (AUS),0 - 3,10:12 4:11 8:11,LUM Nicholas,2022
ITTF-Oceania Senior Championships 2022,2022-09-05,AGARI Tammi,YEE Grace Rosi,FIJ,PNG,3,0,"11,11,11|7,7,6",R16,OTHER,WD,2615,Main Draw,AGARI Tammi (PNG),YEE Grace Rosi (FIJ),MAWA Tracey (VAN),LI Carolyn (FIJ),0 - 3,7:11 7:11 6:11,YEE Grace Rosi,2022
ITTF-Oceania Senior Championships 2022,2022-09-05,SANTHY Liopa,TEHAHETUA Keala,VAN,PYF,3,1,"11,11,5,11|4,9,11,6",R16,OTHER,WD,2615,Main Draw,SANTHY Liopa (VAN),TEHAHETUA Keala (PYF),QWEA Stephanie (VAN),SIFI Connie (SOL),3 - 1,11:4 11:9 5:11 11:6,SANTHY Liopa,2022
ITTF-Oceania Senior Championships 2022,2022-09-05,WANEGUI Julie,TITANA Touea,NCL,FIJ,3,0,"11,11,11|1,5,2",R16,OTHER,WD,2615,Main Draw,WANEGUI Julie (NCL),TITANA Touea (FIJ),PAUL Anais (NCL),FIFITA Tupou (TGA),3 - 0,11:1 11:5 11:2,WANEGUI Julie,2022
ITTF-Oceania Senior Championships 2022,2022-09-05,FUNGAVAI Melekaufusi,TEHAHETUA Kelley,PYF,TGA,3,0,"11,11,11|4,7,8",R16,OTHER,WD,2615,Main Draw,FUNGAVAI Melekaufusi (TGA),TEHAHETUA Kelley (PYF),VI Eseta (TGA),WONG Heimoe (PYF),0 - 3,4:11 7:11 8:11,TEHAHETUA Kelley,2022
ITTF-Oceania Senior Championships 2022,2022-09-05,BELROSE Ocean,ZHANG Bei Yan,PYF,FIJ,3,1,"10,11,11,11|12,9,8,3",R16,OTHER,MD,2615,Main Draw,BELROSE Ocean (PYF),ZHANG Bei Yan (FIJ),KAU-TAI Teikimeiteaki (PYF),CHAUHAN Jai (FIJ),3 - 1,10:12 11:9 11:8 11:3,BELROSE Ocean,2022
ITTF-Oceania Senior Championships 2022,2022-09-05,SHU Dean,KARIKO Jackson,NZL,PNG,3,0,"11,11,11|1,5,4",R16,OTHER,MD,2615,Main Draw,SHU Dean (NZL),KARIKO Jackson (PNG),DELA PENA Alfred (NZL),LOI David (PNG),3 - 0,11:1 11:5 11:4,SHU Dean,2022
ITTF-Oceania Senior Championships 2022,2022-09-05,WU Vicky,SOH Adrian,FIJ,NZL,0,2,"6,4,2|11,11,10",R16,OTHER,MD,2615,Main Draw,WU Vicky (FIJ),SOH Adrian (NZL),YEE Joshua (FIJ),AMOR Kelsey (NZL),0 - 2,6:11 4:11 2:10,,2022
ITTF-Oceania Senior Championships 2022,2022-09-05,PERROT Adrien,PEPA Inoke,NCL,TGA,3,1,"11,11,8,11|5,3,11,8",R16,OTHER,MD,2615,Main Draw,PERROT Adrien (NCL),PEPA Inoke (TGA),DEY Jeremy (NCL),COCKER Salesi (TGA),3 - 1,11:5 11:3 8:11 11:8,PERROT Adrien,2022
ITTF-Oceania Senior Championships 2022,2022-09-05,FENG Chunyi,WANEGUI Julie,AUS,NCL,3,0,"11,11,11|2,5,6",QF,OTHER,WD,2615,Main Draw,FENG Chunyi (AUS),WANEGUI Julie (NCL),LIU Yangzi (AUS),PAUL Anais (NCL),3 - 0,11:2 11:5 11:6,FENG Chunyi,2022
ITTF-Oceania Senior Championships 2022,2022-09-05,HUANG Cecilia,YEE Grace Rosi,NZL,FIJ,3,1,"8,11,11,11|11,3,9,9",QF,OTHER,WD,2615,Main Draw,HUANG Cecilia (NZL),YEE Grace Rosi (FIJ),YANG Joanna (NZL),LI Carolyn (FIJ),3 - 1,8:11 11:3 11:9 11:9,HUANG Cecilia,2022
ITTF-Oceania Senior Championships 2022,2022-09-05,WONG Heimoe,LAY Jian Fang,AUS,PYF,3,0,"11,11,11|5,3,5",QF,OTHER,WD,2615,Main Draw,WONG Heimoe (PYF),LAY Jian Fang (AUS),TEHAHETUA Kelley (PYF),JEE Minhyung (AUS),0 - 3,5:11 3:11 5:11,LAY Jian Fang,2022
ITTF-Oceania Senior Championships 2022,2022-09-05,LUM Nicholas,SEPA Gasika,AUS,PNG,3,0,"11,11,11|6,3,3",QF,OTHER,MD,2615,Main Draw,LUM Nicholas (AUS),SEPA Gasika (PNG),LUU Finn (AUS),LOI Geoffrey (PNG),3 - 0,11:6 11:3 11:3,LUM Nicholas,2022
ITTF-Oceania Senior Championships 2022,2022-09-05,PERROT Adrien,YAN Xin,AUS,NCL,3,0,"11,11,11|7,4,5",QF,OTHER,MD,2615,Main Draw,PERROT Adrien (NCL),YAN Xin (AUS),DEY Jeremy (NCL),DIXON Xavier (AUS),0 - 3,7:11 4:11 5:11,YAN Xin,2022
ITTF-Oceania Senior Championships 2022,2022-09-05,LIU Yangzi,ZHOU Jiayi,AUS,NZL,3,2,"11,11,9,9,11|5,7,11,11,2",SF,OTHER,WD,2615,Main Draw,LIU Yangzi (AUS),ZHOU Jiayi (NZL),FENG Chunyi (AUS),WEBB Abbey (NZL),3 - 2,11:5 11:7 9:11 9:11 11:2,LIU Yangzi,2022
ITTF-Oceania Senior Championships 2022,2022-09-05,YANG Joanna,LAY Jian Fang,AUS,NZL,3,0,"11,11,11|6,3,6",SF,OTHER,WD,2615,Main Draw,YANG Joanna (NZL),LAY Jian Fang (AUS),HUANG Cecilia (NZL),JEE Minhyung (AUS),0 - 3,6:11 3:11 6:11,LAY Jian Fang,2022
ITTF-Oceania Senior Championships 2022,2022-09-05,WU Vicky,BELROSE Ocean,PYF,FIJ,4,1,"8,11,12,11,11|11,9,10,3,6",R16,OTHER,MS,2615,Main Draw,WU Vicky (FIJ),BELROSE Ocean (PYF),,,1 - 4,11:8 9:11 10:12 3:11 6:11,BELROSE Ocean,2022
ITTF-Oceania Senior Championships 2022,2022-09-05,TEHAHETUA Kelley,WEBB Abbey,NZL,PYF,4,2,"11,11,11,7,5,11|6,2,7,11,11,9",R16,OTHER,WS,2615,Main Draw,TEHAHETUA Kelley (PYF),WEBB Abbey (NZL),,,2 - 4,6:11 2:11 7:11 11:7 11:5 9:11,WEBB Abbey,2022
ITTF-Oceania Senior Championships 2022,2022-09-05,TAPPER Melissa,TEHAHETUA Keala,AUS,PYF,4,0,"11,11,11,11|0,1,4,5",R16,OTHER,WS,2615,Main Draw,TAPPER Melissa (AUS),TEHAHETUA Keala (PYF),,,4 - 0,11:0 11:1 11:4 11:5,TAPPER Melissa,2022
ITTF-Oceania Senior Championships 2022,2022-09-05,HUANG Cecilia,LI Carolyn,NZL,FIJ,4,1,"2,11,11,11,11|11,5,5,1,4",R16,OTHER,WS,2615,Main Draw,HUANG Cecilia (NZL),LI Carolyn (FIJ),,,4 - 1,2:11 11:5 11:5 11:1 11:4,HUANG Cecilia,2022
ITTF-Oceania Senior Championships 2022,2022-09-05,YANG Joanna,ZHOU Jiayi,NZL,NZL,4,2,"3,11,8,11,11,11|11,4,11,6,9,5",R16,OTHER,WS,2615,Main Draw,YANG Joanna (NZL),ZHOU Jiayi (NZL),,,4 - 2,3:11 11:4 8:11 11:6 11:9 11:5,YANG Joanna,2022
ITTF-Oceania Senior Championships 2022,2022-09-05,LUM Nicholas,AMOR Kelsey,AUS,NZL,4,0,"11,11,11,11|1,5,5,4",R16,OTHER,MS,2615,Main Draw,LUM Nicholas (AUS),AMOR Kelsey (NZL),,,4 - 0,11:1 11:5 11:5 11:4,LUM Nicholas,2022
ITTF-Oceania Senior Championships 2022,2022-09-05,LAFORTUNE Heimanarii,YAN Xin,AUS,PYF,4,0,"11,11,13,12|5,5,11,10",R16,OTHER,MS,2615,Main Draw,LAFORTUNE Heimanarii (PYF),YAN Xin (AUS),,,0 - 4,5:11 5:11 11:13 10:12,YAN Xin,2022
ITTF-Oceania Senior Championships 2022,2022-09-05,ZHANG Bei Yan,DIXON Xavier,AUS,FIJ,4,0,"11,11,11,11|2,5,4,2",R16,OTHER,MS,2615,Main Draw,ZHANG Bei Yan (FIJ),DIXON Xavier (AUS),,,0 - 4,2:11 5:11 4:11 2:11,DIXON Xavier,2022
ITTF-Oceania Senior Championships 2022,2022-09-05,LIU Yangzi,WEBB Abbey,AUS,NZL,4,0,"11,11,11,11|2,5,3,3",QF,OTHER,WS,2615,Main Draw,LIU Yangzi (AUS),WEBB Abbey (NZL),,,4 - 0,11:2 11:5 11:3 11:3,LIU Yangzi,2022
ITTF-Oceania Senior Championships 2022,2022-09-05,LUU Finn,DIXON Xavier,AUS,AUS,4,3,"3,9,15,11,7,11,11|11,11,13,9,11,4,4",QF,OTHER,MS,2615,Main Draw,LUU Finn (AUS),DIXON Xavier (AUS),,,3 - 4,11:3 11:9 13:15 9:11 11:7 4:11 4:11,DIXON Xavier,2022
ITTF-Oceania Senior Championships 2022,2022-09-05,TAPPER Melissa,FENG Chunyi,AUS,AUS,4,3,"12,8,8,11,11,6,11|10,11,11,9,9,11,6",QF,OTHER,WS,2615,Main Draw,TAPPER Melissa (AUS),FENG Chunyi (AUS),,,3 - 4,10:12 11:8 11:8 9:11 9:11 11:6 6:11,FENG Chunyi,2022
ITTF-Oceania Senior Championships 2022,2022-09-05,LUM Nicholas,BELROSE Ocean,AUS,PYF,4,1,"14,11,11,11,12|16,5,6,3,10",QF,OTHER,MS,2615,Main Draw,LUM Nicholas (AUS),BELROSE Ocean (PYF),,,4 - 1,14:16 11:5 11:6 11:3 12:10,LUM Nicholas,2022
ITTF-Oceania Senior Championships 2022,2022-09-05,LIU Yangzi,FENG Chunyi,AUS,AUS,4,0,"11,11,11,11|7,3,5,3",SF,OTHER,WS,2615,Main Draw,LIU Yangzi (AUS),FENG Chunyi (AUS),,,4 - 0,11:7 11:3 11:5 11:3,LIU Yangzi,2022
ITTF-Oceania Senior Championships 2022,2022-09-05,LUM Nicholas,LEE Yonghun,AUS,AUS,4,1,"11,9,12,11,11|5,11,10,9,8",SF,OTHER,MS,2615,Main Draw,LUM Nicholas (AUS),LEE Yonghun (AUS),,,4 - 1,11:5 9:11 12:10 11:9 11:8,LUM Nicholas,2022
ITTF-Oceania Senior Championships 2022,2022-09-05,LAY Jian Fang,JEE Minhyung,AUS,AUS,4,1,"10,11,11,11,11|12,8,6,3,4",SF,OTHER,WS,2615,Main Draw,LAY Jian Fang (AUS),JEE Minhyung (AUS),,,1 - 4,12:10 8:11 6:11 3:11 4:11,JEE Minhyung,2022
ITTF-Oceania Senior Championships 2022,2022-09-05,DIXON Xavier,YAN Xin,AUS,AUS,4,3,"6,11,5,10,11,11,11|11,9,11,12,5,7,7",SF,OTHER,MS,2615,Main Draw,DIXON Xavier (AUS),YAN Xin (AUS),,,3 - 4,11:6 9:11 11:5 12:10 5:11 7:11 7:11,YAN Xin,2022
ITTF-Oceania Senior Championships 2022,2022-09-05,LUU Finn,LUM Nicholas,AUS,AUS,3,2,"9,11,10,11,11|11,7,12,7,3",F,OTHER,XD,2615,Main Draw,LUU Finn (AUS),LUM Nicholas (AUS),LIU Yangzi (AUS),JEE Minhyung (AUS),2 - 3,11:9 7:11 12:10 7:11 3:11,LUM Nicholas,2022
ITTF-Oceania Senior Championships 2022,2022-09-05,LUM Nicholas,YAN Xin,AUS,AUS,3,1,"11,11,7,11|8,9,11,8",F,OTHER,MD,2615,Main Draw,LUM Nicholas (AUS),YAN Xin (AUS),LUU Finn (AUS),DIXON Xavier (AUS),3 - 1,11:8 11:9 7:11 11:8,LUM Nicholas,2022
ITTF-Oceania Senior Championships 2022,2022-09-05,LIU Yangzi,LAY Jian Fang,AUS,AUS,3,2,"11,14,8,5,11|8,12,11,11,8",F,OTHER,WD,2615,Main Draw,LIU Yangzi (AUS),LAY Jian Fang (AUS),FENG Chunyi (AUS),JEE Minhyung (AUS),3 - 2,11:8 14:12 8:11 5:11 11:8,LIU Yangzi,2022
ITTF-Oceania Senior Championships 2022,2022-09-05,LIU Yangzi,JEE Minhyung,AUS,AUS,4,3,"9,15,12,11,11,6,11|11,13,14,7,7,11,6",F,OTHER,WS,2615,Main Draw,LIU Yangzi (AUS),JEE Minhyung (AUS),,,4 - 3,9:11 15:13 12:14 11:7 11:7 6:11 11:6,LIU Yangzi,2022
European Championships 2022,2022-08-13,KARLSSON Mattias,CHEN Alexander,SWE,AUT,3,1,"11,13,11,12|4,15,5,10",R32,OTHER,MD,2617,Main Draw,KARLSSON Mattias (SWE),CHEN Alexander (AUT),KARLSSON Kristian (SWE),SERDAROGLU David (AUT),3 - 1,11:4 13:15 11:5 12:10,KARLSSON Mattias,2022
European Championships 2022,2022-08-13,BUCH Martin,JARVIS Tom,DEN,ENG,3,0,"11,14,11|8,12,4",R32,OTHER,MD,2617,Main Draw,BUCH Martin (DEN),JARVIS Tom (ENG),RASMUSSEN Tobias (DEN),WALKER Samuel (ENG),3 - 0,11:8 14:12 11:4,BUCH Martin,2022
European Championships 2022,2022-08-13,ANDRAS Csaba,GUNDUZ Ibrahim,HUN,TUR,3,0,"11,11,13|6,5,11",R32,OTHER,MD,2617,Main Draw,ANDRAS Csaba (HUN),GUNDUZ Ibrahim (TUR),MAJOROS Bence (HUN),YIGENLER Abdullah (TUR),3 - 0,11:6 11:5 13:11,ANDRAS Csaba,2022
European Championships 2022,2022-08-13,CVETKO Tilen,ALLEGRO Martin,BEL,SLO,3,1,"11,11,9,13|7,8,11,11",R32,OTHER,MD,2617,Main Draw,CVETKO Tilen (SLO),ALLEGRO Martin (BEL),HRIBAR Peter (SLO),LAMBIET Florent (BEL),1 - 3,7:11 8:11 11:9 11:13,ALLEGRO Martin,2022
European Championships 2022,2022-08-13,BOBOCICA Mihai,LIND Anders,ITA,DEN,3,0,"11,11,12|8,7,10",R32,OTHER,MD,2617,Main Draw,BOBOCICA Mihai (ITA),LIND Anders (DEN),STOYANOV Niagol (ITA),WANG Yang (SVK),3 - 0,11:8 11:7 12:10,BOBOCICA Mihai,2022
European Championships 2022,2022-08-13,KUBIK Maciej,ECSEKI Nandor,POL,HUN,3,1,"11,6,11,11|7,11,5,5",R32,OTHER,MD,2617,Main Draw,KUBIK Maciej (POL),ECSEKI Nandor (HUN),KULCZYCKI Samuel (POL),SZUDI Adam (HUN),3 - 1,11:7 6:11 11:5 11:5,KUBIK Maciej,2022
European Championships 2022,2022-08-13,ISRAELI Tal,LEBRUN Alexis,FRA,ISR,3,0,"12,11,11|10,3,6",R32,OTHER,MD,2617,Main Draw,ISRAELI Tal (ISR),LEBRUN Alexis (FRA),PICCOLIN Jordy (ITA),LEBRUN Felix (FRA),0 - 3,10:12 3:11 6:11,LEBRUN Alexis,2022
European Championships 2022,2022-08-13,KONSTANTINOPOULOS Giorgos,DUDA Benedikt,GER,GRE,3,1,"12,4,11,11|10,11,5,7",R32,OTHER,MD,2617,Main Draw,KONSTANTINOPOULOS Giorgos (GRE),DUDA Benedikt (GER),SGOUROPOULOS Ioannis (GRE),QIU Dang (GER),1 - 3,10:12 11:4 5:11 7:11,DUDA Benedikt,2022
European Championships 2022,2022-08-13,NUYTINCK Cedric,KOJIC Frane,BEL,CRO,3,1,"11,12,9,11|3,10,11,7",R32,OTHER,MD,2617,Main Draw,NUYTINCK Cedric (BEL),KOJIC Frane (CRO),DYJAS Jakub (POL),ZELJKO Filip (CRO),3 - 1,11:3 12:10 9:11 11:7,NUYTINCK Cedric,2022
European Championships 2022,2022-08-13,GAUZY Simon,KALLBERG Anton,SWE,FRA,3,2,"11,4,10,12,14|9,11,12,10,12",R32,OTHER,MD,2617,Main Draw,GAUZY Simon (FRA),KALLBERG Anton (SWE),LEBESSON Emmanuel (FRA),PERSSON Jon (SWE),2 - 3,9:11 11:4 12:10 10:12 12:14,KALLBERG Anton,2022
European Championships 2022,2022-08-13,ROBLES Alvaro,GLOD Eric,ESP,LUX,3,2,"7,13,10,11,11|11,11,12,7,6",R32,OTHER,MD,2617,Main Draw,ROBLES Alvaro (ESP),GLOD Eric (LUX),IONESCU Ovidiu (ROU),MLADENOVIC Luka (LUX),3 - 2,7:11 13:11 10:12 11:7 11:6,ROBLES Alvaro,2022
European Championships 2022,2022-08-13,REDZIMSKI Milosz,IONESCU Eduard,POL,ROU,3,1,"11,9,11,11|3,11,9,6",R32,OTHER,MD,2617,Main Draw,REDZIMSKI Milosz (POL),IONESCU Eduard (ROU),URSU Vladislav (MDA),MOVILEANU Darius (ROU),3 - 1,11:3 9:11 11:9 11:6,REDZIMSKI Milosz,2022
European Championships 2022,2022-08-13,POLANSKY Tomas,LEVAJAC Dimitrije,SRB,CZE,3,2,"7,11,8,11,11|11,8,11,8,9",R32,OTHER,MD,2617,Main Draw,POLANSKY Tomas (CZE),LEVAJAC Dimitrije (SRB),JORGIC Darko (SLO),PUTUNTICA Andrei (MDA),2 - 3,11:7 8:11 11:8 8:11 9:11,LEVAJAC Dimitrije,2022
European Championships 2022,2022-08-13,GARDOS Robert,CHIRITA Iulian,AUT,ROU,3,2,"9,11,8,11,11|11,8,11,4,6",R32,OTHER,MD,2617,Main Draw,GARDOS Robert (AUT),CHIRITA Iulian (ROU),HABESOHN Daniel (AUT),BERZOSA Daniel (ESP),3 - 2,9:11 11:8 8:11 11:4 11:6,GARDOS Robert,2022
European Championships 2022,2022-08-13,RASSENFOSSE Adrien,MARTINKO Jiri,CZE,BEL,3,1,"8,11,11,11|11,8,5,7",R32,OTHER,MD,2617,Main Draw,RASSENFOSSE Adrien (BEL),MARTINKO Jiri (CZE),HAUG Borgar (NOR),SIRUCEK Pavel (CZE),1 - 3,11:8 8:11 5:11 7:11,MARTINKO Jiri,2022
European Championships 2022,2022-08-13,PISTEJ Lubomir,GROTH Jonathan,SVK,DEN,3,2,"8,9,12,11,11|11,11,10,7,9",R32,OTHER,MD,2617,Main Draw,PISTEJ Lubomir (SVK),GROTH Jonathan (DEN),KARAKASEVIC Aleksandar (SRB),PITCHFORD Liam (ENG),3 - 2,8:11 9:11 12:10 11:7 11:9,PISTEJ Lubomir,2022
European Championships 2022,2022-08-13,KARLSSON Mattias,BUCH Martin,SWE,DEN,3,1,"11,9,11,11|5,11,5,3",R16,OTHER,MD,2617,Main Draw,KARLSSON Mattias (SWE),BUCH Martin (DEN),KARLSSON Kristian (SWE),RASMUSSEN Tobias (DEN),3 - 1,11:5 9:11 11:5 11:3,KARLSSON Mattias,2022
European Championships 2022,2022-08-13,ANDRAS Csaba,ALLEGRO Martin,BEL,HUN,3,0,"11,15,11|5,13,1",R16,OTHER,MD,2617,Main Draw,ANDRAS Csaba (HUN),ALLEGRO Martin (BEL),MAJOROS Bence (HUN),LAMBIET Florent (BEL),0 - 3,5:11 13:15 1:11,ALLEGRO Martin,2022
European Championships 2022,2022-08-13,NUYTINCK Cedric,KALLBERG Anton,SWE,BEL,3,2,"11,4,5,11,11|5,11,11,8,7",R16,OTHER,MD,2617,Main Draw,NUYTINCK Cedric (BEL),KALLBERG Anton (SWE),DYJAS Jakub (POL),PERSSON Jon (SWE),2 - 3,5:11 11:4 11:5 8:11 7:11,KALLBERG Anton,2022
European Championships 2022,2022-08-13,BOBOCICA Mihai,KUBIK Maciej,POL,ITA,3,1,"12,11,5,11|10,9,11,9",R16,OTHER,MD,2617,Main Draw,BOBOCICA Mihai (ITA),KUBIK Maciej (POL),STOYANOV Niagol (ITA),KULCZYCKI Samuel (POL),1 - 3,10:12 9:11 11:5 9:11,KUBIK Maciej,2022
European Championships 2022,2022-08-13,ROBLES Alvaro,REDZIMSKI Milosz,POL,ESP,3,1,"11,6,11,11|7,11,6,7",R16,OTHER,MD,2617,Main Draw,ROBLES Alvaro (ESP),REDZIMSKI Milosz (POL),IONESCU Ovidiu (ROU),URSU Vladislav (MDA),1 - 3,7:11 11:6 6:11 7:11,REDZIMSKI Milosz,2022
European Championships 2022,2022-08-13,LEVAJAC Dimitrije,LEBRUN Alexis,FRA,SRB,3,0,"11,11,13|5,8,11",R16,OTHER,MD,2617,Main Draw,LEVAJAC Dimitrije (SRB),LEBRUN Alexis (FRA),PUTUNTICA Andrei (MDA),LEBRUN Felix (FRA),0 - 3,5:11 8:11 11:13,LEBRUN Alexis,2022
European Championships 2022,2022-08-13,GARDOS Robert,MARTINKO Jiri,AUT,CZE,3,2,"11,12,9,11,16|8,14,11,7,14",R16,OTHER,MD,2617,Main Draw,GARDOS Robert (AUT),MARTINKO Jiri (CZE),HABESOHN Daniel (AUT),SIRUCEK Pavel (CZE),3 - 2,11:8 12:14 9:11 11:7 16:14,GARDOS Robert,2022
European Championships 2022,2022-08-13,PISTEJ Lubomir,DUDA Benedikt,GER,SVK,3,1,"2,11,11,11|11,7,9,3",R16,OTHER,MD,2617,Main Draw,PISTEJ Lubomir (SVK),DUDA Benedikt (GER),KARAKASEVIC Aleksandar (SRB),QIU Dang (GER),1 - 3,11:2 7:11 9:11 3:11,DUDA Benedikt,2022
European Championships 2022,2022-08-13,KARLSSON Mattias,ALLEGRO Martin,SWE,BEL,3,0,"11,12,11|7,10,3",QF,OTHER,MD,2617,Main Draw,KARLSSON Mattias (SWE),ALLEGRO Martin (BEL),KARLSSON Kristian (SWE),LAMBIET Florent (BEL),3 - 0,11:7 12:10 11:3,KARLSSON Mattias,2022
European Championships 2022,2022-08-13,REDZIMSKI Milosz,LEBRUN Alexis,FRA,POL,3,1,"11,11,7,11|7,7,11,9",QF,OTHER,MD,2617,Main Draw,REDZIMSKI Milosz (POL),LEBRUN Alexis (FRA),URSU Vladislav (MDA),LEBRUN Felix (FRA),1 - 3,7:11 7:11 11:7 9:11,LEBRUN Alexis,2022
European Championships 2022,2022-08-13,KALLBERG Anton,KUBIK Maciej,SWE,POL,3,2,"11,11,7,5,11|9,5,11,11,8",QF,OTHER,MD,2617,Main Draw,KALLBERG Anton (SWE),KUBIK Maciej (POL),PERSSON Jon (SWE),KULCZYCKI Samuel (POL),3 - 2,11:9 11:5 7:11 5:11 11:8,KALLBERG Anton,2022
European Championships 2022,2022-08-13,GARDOS Robert,DUDA Benedikt,AUT,GER,3,2,"11,12,5,9,13|8,10,11,11,11",QF,OTHER,MD,2617,Main Draw,GARDOS Robert (AUT),DUDA Benedikt (GER),HABESOHN Daniel (AUT),QIU Dang (GER),3 - 2,11:8 12:10 5:11 9:11 13:11,GARDOS Robert,2022
European Championships 2022,2022-08-13,LEBRUN Alexis,GARDOS Robert,AUT,FRA,3,1,"3,11,11,11|11,7,8,6",SF,OTHER,MD,2617,Main Draw,LEBRUN Alexis (FRA),GARDOS Robert (AUT),LEBRUN Felix (FRA),HABESOHN Daniel (AUT),1 - 3,11:3 7:11 8:11 6:11,GARDOS Robert,2022
European Championships 2022,2022-08-13,KARLSSON Mattias,KALLBERG Anton,SWE,SWE,3,1,"10,11,11,11|12,8,8,9",SF,OTHER,MD,2617,Main Draw,KARLSSON Mattias (SWE),KALLBERG Anton (SWE),KARLSSON Kristian (SWE),PERSSON Jon (SWE),3 - 1,10:12 11:8 11:8 11:9,KARLSSON Mattias,2022
European Championships 2022,2022-08-13,KARLSSON Mattias,GARDOS Robert,SWE,AUT,3,1,"10,11,11,13|12,1,5,11",F,OTHER,MD,2617,Main Draw,KARLSSON Mattias (SWE),GARDOS Robert (AUT),KARLSSON Kristian (SWE),HABESOHN Daniel (AUT),3 - 1,10:12 11:1 11:5 13:11,KARLSSON Mattias,2022
European Championships 2022,2022-08-13,FROSETH Martin,RADOVIC Filip,MNE,NOR,3,1,"12,11,6,11|10,2,11,8",QR64,OTHER,MD,2617,Qualification,FROSETH Martin (NOR),RADOVIC Filip (MNE),REINHOLDS Arturs (LAT),RADULOVIC Filip (MNE),1 - 3,10:12 2:11 11:6 8:11,RADOVIC Filip,2022
European Championships 2022,2022-08-13,CHEN Alexander,CABALLERO Carlos,AUT,ESP,3,1,"11,11,9,11|7,5,11,9",QR32,OTHER,MD,2617,Qualification,CHEN Alexander (AUT),CABALLERO Carlos (ESP),SERDAROGLU David (AUT),MASIP Joan (ESP),3 - 1,11:7 11:5 9:11 11:9,CHEN Alexander,2022
European Championships 2022,2022-08-13,LIBENE Toomas,REDZIMSKI Milosz,POL,EST,3,1,"9,11,13,11|11,7,11,7",QR32,OTHER,MD,2617,Qualification,LIBENE Toomas (EST),REDZIMSKI Milosz (POL),SMIRNOV Aleksandr (EST),URSU Vladislav (MDA),1 - 3,11:9 7:11 11:13 7:11,REDZIMSKI Milosz,2022
European Championships 2022,2022-08-13,CHIRITA Iulian,GREBENIUK Andrii,ROU,UKR,3,1,"11,11,9,11|4,4,11,9",QR32,OTHER,MD,2617,Qualification,CHIRITA Iulian (ROU),GREBENIUK Andrii (UKR),BERZOSA Daniel (ESP),PRYSHCHEPA Ievgen (UKR),3 - 1,11:4 11:4 9:11 11:9,CHIRITA Iulian,2022
European Championships 2022,2022-08-13,BUCH Martin,KLAJBER Adam,DEN,SVK,3,1,"11,9,12,11|7,11,10,7",QR32,OTHER,MD,2617,Qualification,BUCH Martin (DEN),KLAJBER Adam (SVK),RASMUSSEN Tobias (DEN),ZELINKA Jakub (SVK),3 - 1,11:7 9:11 12:10 11:7,BUCH Martin,2022
European Championships 2022,2022-08-13,GLOD Eric,GIARDI Federico,LUX,SMR,3,0,"11,11,11|8,8,6",QR32,OTHER,MD,2617,Qualification,GLOD Eric (LUX),GIARDI Federico (SMR),MLADENOVIC Luka (LUX),MONGIUSTI Mattias (SMR),3 - 0,11:8 11:8 11:6,GLOD Eric,2022
European Championships 2022,2022-08-13,ALEXANDROV Teodor,CVETKO Tilen,SLO,BUL,3,0,"11,11,11|8,8,5",QR32,OTHER,MD,2617,Qualification,ALEXANDROV Teodor (BUL),CVETKO Tilen (SLO),KRASTEV Petyo (BUL),HRIBAR Peter (SLO),0 - 3,8:11 8:11 5:11,CVETKO Tilen,2022
European Championships 2022,2022-08-13,LEVAJAC Dimitrije,MOULLET Barish,SRB,SUI,3,0,"11,11,11|8,8,6",QR32,OTHER,MD,2617,Qualification,LEVAJAC Dimitrije (SRB),MOULLET Barish (SUI),PUTUNTICA Andrei (MDA),STOLL Loic (SUI),3 - 0,11:8 11:8 11:6,LEVAJAC Dimitrije,2022
European Championships 2022,2022-08-13,KOJIC Frane,NAUMI Alex,CRO,FIN,3,2,"12,9,11,4,11|10,11,7,11,6",QR32,OTHER,MD,2617,Qualification,KOJIC Frane (CRO),NAUMI Alex (FIN),ZELJKO Filip (CRO),OLAH Benedek (FIN),3 - 2,12:10 9:11 11:7 4:11 11:6,KOJIC Frane,2022
European Championships 2022,2022-08-13,RASSENFOSSE Adrien,LIMONOV Anton,BEL,UKR,3,0,"13,12,13|11,10,11",QR32,OTHER,MD,2617,Qualification,RASSENFOSSE Adrien (BEL),LIMONOV Anton (UKR),HAUG Borgar (NOR),ZHMUDENKO Yaroslav (UKR),3 - 0,13:11 12:10 13:11,RASSENFOSSE Adrien,2022
European Championships 2022,2022-08-13,NAVICKAS Ignas,GUNDUZ Ibrahim,TUR,LTU,3,0,"11,11,11|6,9,8",QR32,OTHER,MD,2617,Qualification,NAVICKAS Ignas (LTU),GUNDUZ Ibrahim (TUR),ZEIMYS Kestutis (LTU),YIGENLER Abdullah (TUR),0 - 3,6:11 9:11 8:11,GUNDUZ Ibrahim,2022
European Championships 2022,2022-08-13,LIND Anders,JEVTOVIC Marko,DEN,SRB,3,1,"11,15,7,11|4,13,11,2",QR32,OTHER,MD,2617,Qualification,LIND Anders (DEN),JEVTOVIC Marko (SRB),WANG Yang (SVK),PETO Zsolt (SRB),3 - 1,11:4 15:13 7:11 11:2,LIND Anders,2022
European Championships 2022,2022-08-13,MLADENOVSKI Filip,GROTH Jonathan,DEN,MKD,3,0,"14,11,11|12,5,4",QR32,OTHER,MD,2617,Qualification,MLADENOVSKI Filip (MKD),GROTH Jonathan (DEN),KARABAXHAK Fatih (KOS),PITCHFORD Liam (ENG),0 - 3,12:14 5:11 4:11,GROTH Jonathan,2022
European Championships 2022,2022-08-13,GAUZY Simon,RADOVIC Filip,FRA,MNE,3,0,"11,11,11|9,5,8",QR32,OTHER,MD,2617,Qualification,GAUZY Simon (FRA),RADOVIC Filip (MNE),LEBESSON Emmanuel (FRA),RADULOVIC Filip (MNE),3 - 0,11:9 11:5 11:8,GAUZY Simon,2022
European Championships 2022,2022-08-13,KONSTANTINOPOULOS Giorgos,KOGANS Daniels,GRE,LAT,3,0,"11,11,11|8,8,9",QR32,OTHER,MD,2617,Qualification,KONSTANTINOPOULOS Giorgos (GRE),KOGANS Daniels (LAT),SGOUROPOULOS Ioannis (GRE),NIELSEN Ivik (GRL),3 - 0,11:8 11:8 11:9,KONSTANTINOPOULOS Giorgos,2022
European Championships 2022,2022-08-13,ISRAELI Tal,KONSTANTINOPOULOS Konstantinos,ISR,GRE,3,2,"5,12,11,7,13|11,10,8,11,11",QR32,OTHER,MD,2617,Qualification,ISRAELI Tal (ISR),KONSTANTINOPOULOS Konstantinos (GRE),PICCOLIN Jordy (ITA),STAMATOUROS Georgios (GRE),3 - 2,5:11 12:10 11:8 7:11 13:11,ISRAELI Tal,2022
European Championships 2022,2022-08-13,TAUBER Michael,KUBIK Maciej,POL,ISR,3,0,"11,11,11|4,8,2",QR32,OTHER,MD,2617,Qualification,TAUBER Michael (ISR),KUBIK Maciej (POL),YIANGOU Marios (CYP),KULCZYCKI Samuel (POL),0 - 3,4:11 8:11 2:11,KUBIK Maciej,2022
European Championships 2022,2022-08-13,POLANSKY Tomas,MOULLET Barish,CZE,SUI,3,0,"11,11,11|8,7,7",QUAL,OTHER,MS,2617,Qualification,POLANSKY Tomas (CZE),MOULLET Barish (SUI),,,3 - 0,11:8 11:7 11:7,POLANSKY Tomas,2022
European Championships 2022,2022-08-13,POLANSKY Tomas,HAUG Borgar,NOR,CZE,3,2,"11,10,11,5,11|6,12,8,11,5",QUAL,OTHER,MS,2617,Qualification,POLANSKY Tomas (CZE),HAUG Borgar (NOR),,,2 - 3,6:11 12:10 8:11 11:5 5:11,HAUG Borgar,2022
European Championships 2022,2022-08-13,HAUG Borgar,MOULLET Barish,SUI,NOR,3,1,"11,9,12,11|8,11,10,6",QUAL,OTHER,MS,2617,Qualification,HAUG Borgar (NOR),MOULLET Barish (SUI),,,1 - 3,8:11 11:9 10:12 6:11,MOULLET Barish,2022
European Championships 2022,2022-08-13,ALLEGRO Martin,LIMONOV Anton,BEL,UKR,3,0,"11,11,11|7,1,7",QUAL,OTHER,MS,2617,Qualification,ALLEGRO Martin (BEL),LIMONOV Anton (UKR),,,3 - 0,11:7 11:1 11:7,ALLEGRO Martin,2022
European Championships 2022,2022-08-13,ALLEGRO Martin,KARAKASEVIC Aleksandar,BEL,SRB,3,0,"12,11,11|10,9,6",QUAL,OTHER,MS,2617,Qualification,ALLEGRO Martin (BEL),KARAKASEVIC Aleksandar (SRB),,,3 - 0,12:10 11:9 11:6,ALLEGRO Martin,2022
European Championships 2022,2022-08-13,KARAKASEVIC Aleksandar,LIMONOV Anton,SRB,UKR,3,1,"11,8,11,11|4,11,8,8",QUAL,OTHER,MS,2617,Qualification,KARAKASEVIC Aleksandar (SRB),LIMONOV Anton (UKR),,,3 - 1,11:4 8:11 11:8 11:8,KARAKASEVIC Aleksandar,2022
European Championships 2022,2022-08-13,NUYTINCK Cedric,BERZOSA Daniel,BEL,ESP,3,0,"11,11,11|2,9,5",QUAL,OTHER,MS,2617,Qualification,NUYTINCK Cedric (BEL),BERZOSA Daniel (ESP),,,3 - 0,11:2 11:9 11:5,NUYTINCK Cedric,2022
European Championships 2022,2022-08-13,NUYTINCK Cedric,RASMUSSEN Tobias,BEL,DEN,3,0,"11,14,11|7,12,8",QUAL,OTHER,MS,2617,Qualification,NUYTINCK Cedric (BEL),RASMUSSEN Tobias (DEN),,,3 - 0,11:7 14:12 11:8,NUYTINCK Cedric,2022
European Championships 2022,2022-08-13,RASMUSSEN Tobias,BERZOSA Daniel,DEN,ESP,3,1,"11,11,9,11|8,4,11,5",QUAL,OTHER,MS,2617,Qualification,RASMUSSEN Tobias (DEN),BERZOSA Daniel (ESP),,,3 - 1,11:8 11:4 9:11 11:5,RASMUSSEN Tobias,2022
European Championships 2022,2022-08-13,WALKER Samuel,JEVTOVIC Marko,ENG,SRB,3,1,"11,10,11,11|3,12,7,9",QUAL,OTHER,MS,2617,Qualification,WALKER Samuel (ENG),JEVTOVIC Marko (SRB),,,3 - 1,11:3 10:12 11:7 11:9,WALKER Samuel,2022
European Championships 2022,2022-08-13,WALKER Samuel,YIGENLER Abdullah,ENG,TUR,3,0,"11,11,11|5,8,6",QUAL,OTHER,MS,2617,Qualification,WALKER Samuel (ENG),YIGENLER Abdullah (TUR),,,3 - 0,11:5 11:8 11:6,WALKER Samuel,2022
European Championships 2022,2022-08-13,YIGENLER Abdullah,JEVTOVIC Marko,SRB,TUR,3,1,"11,11,9,11|9,3,11,8",QUAL,OTHER,MS,2617,Qualification,YIGENLER Abdullah (TUR),JEVTOVIC Marko (SRB),,,1 - 3,9:11 3:11 11:9 8:11,JEVTOVIC Marko,2022
European Championships 2022,2022-08-13,KUBIK Maciej,STOLL Loic,POL,SUI,3,1,"5,11,11,11|11,6,9,7",QUAL,OTHER,MS,2617,Qualification,KUBIK Maciej (POL),STOLL Loic (SUI),,,3 - 1,5:11 11:6 11:9 11:7,KUBIK Maciej,2022
European Championships 2022,2022-08-13,KUBIK Maciej,HRIBAR Peter,SLO,POL,3,1,"10,11,11,11|12,9,6,8",QUAL,OTHER,MS,2617,Qualification,KUBIK Maciej (POL),HRIBAR Peter (SLO),,,1 - 3,12:10 9:11 6:11 8:11,HRIBAR Peter,2022
European Championships 2022,2022-08-13,HRIBAR Peter,STOLL Loic,SUI,SLO,3,1,"12,12,12,11|10,10,14,7",QUAL,OTHER,MS,2617,Qualification,HRIBAR Peter (SLO),STOLL Loic (SUI),,,1 - 3,10:12 10:12 14:12 7:11,STOLL Loic,2022
European Championships 2022,2022-08-13,STOYANOV Niagol,MASIP Joan,ITA,ESP,3,1,"11,5,11,11|5,11,6,9",QUAL,OTHER,MS,2617,Qualification,STOYANOV Niagol (ITA),MASIP Joan (ESP),,,3 - 1,11:5 5:11 11:6 11:9,STOYANOV Niagol,2022
European Championships 2022,2022-08-13,STOYANOV Niagol,GUNDUZ Ibrahim,TUR,ITA,3,2,"11,11,8,4,11|9,9,11,11,7",QUAL,OTHER,MS,2617,Qualification,STOYANOV Niagol (ITA),GUNDUZ Ibrahim (TUR),,,2 - 3,9:11 9:11 11:8 11:4 7:11,GUNDUZ Ibrahim,2022
European Championships 2022,2022-08-13,GUNDUZ Ibrahim,MASIP Joan,ESP,TUR,3,2,"11,11,8,5,11|9,7,11,11,5",QUAL,OTHER,MS,2617,Qualification,GUNDUZ Ibrahim (TUR),MASIP Joan (ESP),,,2 - 3,9:11 7:11 11:8 11:5 5:11,MASIP Joan,2022
European Championships 2022,2022-08-13,JARVIS Tom,PUTUNTICA Andrei,ENG,MDA,3,2,"11,10,11,9,11|6,12,9,11,9",QUAL,OTHER,MS,2617,Qualification,JARVIS Tom (ENG),PUTUNTICA Andrei (MDA),,,3 - 2,11:6 10:12 11:9 9:11 11:9,JARVIS Tom,2022
European Championships 2022,2022-08-13,JARVIS Tom,GLOD Eric,ENG,LUX,3,0,"11,12,11|8,10,8",QUAL,OTHER,MS,2617,Qualification,JARVIS Tom (ENG),GLOD Eric (LUX),,,3 - 0,11:8 12:10 11:8,JARVIS Tom,2022
European Championships 2022,2022-08-13,GLOD Eric,PUTUNTICA Andrei,MDA,LUX,3,1,"11,11,6,11|5,6,11,7",QUAL,OTHER,MS,2617,Qualification,GLOD Eric (LUX),PUTUNTICA Andrei (MDA),,,1 - 3,5:11 6:11 11:6 7:11,PUTUNTICA Andrei,2022
European Championships 2022,2022-08-13,SIPOS Rares,STAMATOUROS Georgios,ROU,GRE,3,2,"11,11,5,8,11|8,7,11,11,6",QUAL,OTHER,MS,2617,Qualification,SIPOS Rares (ROU),STAMATOUROS Georgios (GRE),,,3 - 2,11:8 11:7 5:11 8:11 11:6,SIPOS Rares,2022
European Championships 2022,2022-08-13,SIPOS Rares,KLAJBER Adam,ROU,SVK,3,0,"11,15,12|5,13,10",QUAL,OTHER,MS,2617,Qualification,SIPOS Rares (ROU),KLAJBER Adam (SVK),,,3 - 0,11:5 15:13 12:10,SIPOS Rares,2022
European Championships 2022,2022-08-13,KLAJBER Adam,STAMATOUROS Georgios,GRE,SVK,3,1,"8,12,11,11|11,10,5,6",QUAL,OTHER,MS,2617,Qualification,KLAJBER Adam (SVK),STAMATOUROS Georgios (GRE),,,1 - 3,11:8 10:12 5:11 6:11,STAMATOUROS Georgios,2022
European Championships 2022,2022-08-13,LEVENKO Andreas,YILMAZ Tugay,AUT,TUR,3,0,"11,11,11|6,4,6",QUAL,OTHER,MS,2617,Qualification,LEVENKO Andreas (AUT),YILMAZ Tugay (TUR),,,3 - 0,11:6 11:4 11:6,LEVENKO Andreas,2022
European Championships 2022,2022-08-13,LEVENKO Andreas,PETO Zsolt,AUT,SRB,3,2,"9,11,9,11,14|11,5,11,6,12",QUAL,OTHER,MS,2617,Qualification,LEVENKO Andreas (AUT),PETO Zsolt (SRB),,,3 - 2,9:11 11:5 9:11 11:6 14:12,LEVENKO Andreas,2022
European Championships 2022,2022-08-13,PETO Zsolt,YILMAZ Tugay,SRB,TUR,3,0,"11,11,13|6,8,11",QUAL,OTHER,MS,2617,Qualification,PETO Zsolt (SRB),YILMAZ Tugay (TUR),,,3 - 0,11:6 11:8 13:11,PETO Zsolt,2022
European Championships 2022,2022-08-13,RASSENFOSSE Adrien,CVETKO Tilen,BEL,SLO,3,0,"11,11,11|4,7,9",QUAL,OTHER,MS,2617,Qualification,RASSENFOSSE Adrien (BEL),CVETKO Tilen (SLO),,,3 - 0,11:4 11:7 11:9,RASSENFOSSE Adrien,2022
European Championships 2022,2022-08-13,RASSENFOSSE Adrien,ISRAELI Tal,BEL,ISR,3,0,"11,11,11|8,2,4",QUAL,OTHER,MS,2617,Qualification,RASSENFOSSE Adrien (BEL),ISRAELI Tal (ISR),,,3 - 0,11:8 11:2 11:4,RASSENFOSSE Adrien,2022
European Championships 2022,2022-08-13,ISRAELI Tal,CVETKO Tilen,SLO,ISR,3,2,"9,13,7,11,11|11,11,11,9,6",QUAL,OTHER,MS,2617,Qualification,ISRAELI Tal (ISR),CVETKO Tilen (SLO),,,2 - 3,11:9 11:13 11:7 9:11 6:11,CVETKO Tilen,2022
European Championships 2022,2022-08-13,PRYSHCHEPA Ievgen,KONSTANTINOPOULOS Giorgos,UKR,GRE,3,2,"11,11,6,2,11|7,6,11,11,5",QUAL,OTHER,MS,2617,Qualification,PRYSHCHEPA Ievgen (UKR),KONSTANTINOPOULOS Giorgos (GRE),,,3 - 2,11:7 11:6 6:11 2:11 11:5,PRYSHCHEPA Ievgen,2022
European Championships 2022,2022-08-13,PRYSHCHEPA Ievgen,CABALLERO Carlos,UKR,ESP,3,2,"9,14,7,11,11|11,12,11,8,5",QUAL,OTHER,MS,2617,Qualification,PRYSHCHEPA Ievgen (UKR),CABALLERO Carlos (ESP),,,3 - 2,9:11 14:12 7:11 11:8 11:5,PRYSHCHEPA Ievgen,2022
European Championships 2022,2022-08-13,CABALLERO Carlos,KONSTANTINOPOULOS Giorgos,GRE,ESP,3,1,"11,6,11,11|9,11,9,9",QUAL,OTHER,MS,2617,Qualification,CABALLERO Carlos (ESP),KONSTANTINOPOULOS Giorgos (GRE),,,1 - 3,9:11 11:6 9:11 9:11,KONSTANTINOPOULOS Giorgos,2022
European Championships 2022,2022-08-13,MAJOROS Bence,GREBENIUK Andrii,HUN,UKR,3,0,"11,12,15|5,10,13",QUAL,OTHER,MS,2617,Qualification,MAJOROS Bence (HUN),GREBENIUK Andrii (UKR),,,3 - 0,11:5 12:10 15:13,MAJOROS Bence,2022
European Championships 2022,2022-08-13,MAJOROS Bence,ZELINKA Jakub,HUN,SVK,3,1,"11,11,9,11|6,8,11,7",QUAL,OTHER,MS,2617,Qualification,MAJOROS Bence (HUN),ZELINKA Jakub (SVK),,,3 - 1,11:6 11:8 9:11 11:7,MAJOROS Bence,2022
European Championships 2022,2022-08-13,ZELINKA Jakub,GREBENIUK Andrii,SVK,UKR,3,0,"11,11,11|5,8,6",QUAL,OTHER,MS,2617,Qualification,ZELINKA Jakub (SVK),GREBENIUK Andrii (UKR),,,3 - 0,11:5 11:8 11:6,ZELINKA Jakub,2022
European Championships 2022,2022-08-13,MOVILEANU Darius,TAUBER Michael,ROU,ISR,3,2,"3,5,15,12,11|11,11,13,10,9",QUAL,OTHER,MS,2617,Qualification,MOVILEANU Darius (ROU),TAUBER Michael (ISR),,,3 - 2,3:11 5:11 15:13 12:10 11:9,MOVILEANU Darius,2022
European Championships 2022,2022-08-13,MOVILEANU Darius,LIND Anders,DEN,ROU,3,0,"11,14,11|2,12,5",QUAL,OTHER,MS,2617,Qualification,MOVILEANU Darius (ROU),LIND Anders (DEN),,,0 - 3,2:11 12:14 5:11,LIND Anders,2022
European Championships 2022,2022-08-13,LIND Anders,TAUBER Michael,DEN,ISR,3,0,"12,11,11|10,9,9",QUAL,OTHER,MS,2617,Qualification,LIND Anders (DEN),TAUBER Michael (ISR),,,3 - 0,12:10 11:9 11:9,LIND Anders,2022
European Championships 2022,2022-08-13,BOBOCICA Mihai,KOGANS Daniels,ITA,LAT,3,0,"11,11,11|7,3,6",QUAL,OTHER,MS,2617,Qualification,BOBOCICA Mihai (ITA),KOGANS Daniels (LAT),,,3 - 0,11:7 11:3 11:6,BOBOCICA Mihai,2022
European Championships 2022,2022-08-13,REDZIMSKI Milosz,FROSETH Martin,POL,NOR,3,0,"11,11,11|9,6,7",QUAL,OTHER,MS,2617,Qualification,REDZIMSKI Milosz (POL),FROSETH Martin (NOR),,,3 - 0,11:9 11:6 11:7,REDZIMSKI Milosz,2022
European Championships 2022,2022-08-13,BOBOCICA Mihai,REDZIMSKI Milosz,POL,ITA,3,1,"8,11,11,11|11,8,4,4",QUAL,OTHER,MS,2617,Qualification,BOBOCICA Mihai (ITA),REDZIMSKI Milosz (POL),,,1 - 3,11:8 8:11 4:11 4:11,REDZIMSKI Milosz,2022
European Championships 2022,2022-08-13,KOGANS Daniels,FROSETH Martin,NOR,LAT,3,0,"11,11,11|9,5,9",QUAL,OTHER,MS,2617,Qualification,KOGANS Daniels (LAT),FROSETH Martin (NOR),,,0 - 3,9:11 5:11 9:11,FROSETH Martin,2022
European Championships 2022,2022-08-13,BOBOCICA Mihai,FROSETH Martin,ITA,NOR,3,1,"12,11,11,12|14,7,5,10",QUAL,OTHER,MS,2617,Qualification,BOBOCICA Mihai (ITA),FROSETH Martin (NOR),,,3 - 1,12:14 11:7 11:5 12:10,BOBOCICA Mihai,2022
European Championships 2022,2022-08-13,REDZIMSKI Milosz,KOGANS Daniels,POL,LAT,3,0,"13,11,11|11,3,4",QUAL,OTHER,MS,2617,Qualification,REDZIMSKI Milosz (POL),KOGANS Daniels (LAT),,,3 - 0,13:11 11:3 11:4,REDZIMSKI Milosz,2022
European Championships 2022,2022-08-13,KOZUL Deni,BUCH Martin,SLO,DEN,3,1,"8,11,11,11|11,4,8,6",QUAL,OTHER,MS,2617,Qualification,KOZUL Deni (SLO),BUCH Martin (DEN),,,3 - 1,8:11 11:4 11:8 11:6,KOZUL Deni,2022
European Championships 2022,2022-08-13,MLADENOVIC Luka,NIELSEN Ivik,LUX,GRL,3,0,"11,11,11|4,8,9",QUAL,OTHER,MS,2617,Qualification,MLADENOVIC Luka (LUX),NIELSEN Ivik (GRL),,,3 - 0,11:4 11:8 11:9,MLADENOVIC Luka,2022
European Championships 2022,2022-08-13,BUCH Martin,NIELSEN Ivik,DEN,GRL,3,0,"11,11,11|8,3,4",QUAL,OTHER,MS,2617,Qualification,BUCH Martin (DEN),NIELSEN Ivik (GRL),,,3 - 0,11:8 11:3 11:4,BUCH Martin,2022
European Championships 2022,2022-08-13,KOZUL Deni,MLADENOVIC Luka,SLO,LUX,3,1,"4,13,11,11|11,11,8,7",QUAL,OTHER,MS,2617,Qualification,KOZUL Deni (SLO),MLADENOVIC Luka (LUX),,,3 - 1,4:11 13:11 11:8 11:7,KOZUL Deni,2022
European Championships 2022,2022-08-13,KOZUL Deni,NIELSEN Ivik,SLO,GRL,3,0,"11,11,11|6,7,4",QUAL,OTHER,MS,2617,Qualification,KOZUL Deni (SLO),NIELSEN Ivik (GRL),,,3 - 0,11:6 11:7 11:4,KOZUL Deni,2022
European Championships 2022,2022-08-13,MLADENOVIC Luka,BUCH Martin,DEN,LUX,3,1,"8,11,11,11|11,4,3,6",QUAL,OTHER,MS,2617,Qualification,MLADENOVIC Luka (LUX),BUCH Martin (DEN),,,1 - 3,11:8 4:11 3:11 6:11,BUCH Martin,2022
European Championships 2022,2022-08-13,PISTEJ Lubomir,KONSTANTINOPOULOS Konstantinos,SVK,GRE,3,1,"11,8,11,21|7,11,6,19",QUAL,OTHER,MS,2617,Qualification,PISTEJ Lubomir (SVK),KONSTANTINOPOULOS Konstantinos (GRE),,,3 - 1,11:7 8:11 11:6 21:19,PISTEJ Lubomir,2022
European Championships 2022,2022-08-13,LAMBIET Florent,YIANGOU Marios,BEL,CYP,3,0,"11,11,11|9,5,9",QUAL,OTHER,MS,2617,Qualification,LAMBIET Florent (BEL),YIANGOU Marios (CYP),,,3 - 0,11:9 11:5 11:9,LAMBIET Florent,2022
European Championships 2022,2022-08-13,PISTEJ Lubomir,LAMBIET Florent,BEL,SVK,3,1,"11,11,10,11|9,9,12,6",QUAL,OTHER,MS,2617,Qualification,PISTEJ Lubomir (SVK),LAMBIET Florent (BEL),,,1 - 3,9:11 9:11 12:10 6:11,LAMBIET Florent,2022
European Championships 2022,2022-08-13,KONSTANTINOPOULOS Konstantinos,YIANGOU Marios,CYP,GRE,3,0,"13,11,11|11,4,9",QUAL,OTHER,MS,2617,Qualification,KONSTANTINOPOULOS Konstantinos (GRE),YIANGOU Marios (CYP),,,0 - 3,11:13 4:11 9:11,YIANGOU Marios,2022
European Championships 2022,2022-08-13,PISTEJ Lubomir,YIANGOU Marios,CYP,SVK,3,1,"4,11,13,17|11,5,11,15",QUAL,OTHER,MS,2617,Qualification,PISTEJ Lubomir (SVK),YIANGOU Marios (CYP),,,1 - 3,11:4 5:11 11:13 15:17,YIANGOU Marios,2022
European Championships 2022,2022-08-13,LAMBIET Florent,KONSTANTINOPOULOS Konstantinos,BEL,GRE,3,0,"11,11,11|7,5,7",QUAL,OTHER,MS,2617,Qualification,LAMBIET Florent (BEL),KONSTANTINOPOULOS Konstantinos (GRE),,,3 - 0,11:7 11:5 11:7,LAMBIET Florent,2022
European Championships 2022,2022-08-13,KULCZYCKI Samuel,LIBENE Toomas,POL,EST,3,0,"11,11,11|4,4,6",QUAL,OTHER,MS,2617,Qualification,KULCZYCKI Samuel (POL),LIBENE Toomas (EST),,,3 - 0,11:4 11:4 11:6,KULCZYCKI Samuel,2022
European Championships 2022,2022-08-13,ANDRAS Csaba,ZEIMYS Kestutis,HUN,LTU,3,1,"9,11,11,11|11,6,3,3",QUAL,OTHER,MS,2617,Qualification,ANDRAS Csaba (HUN),ZEIMYS Kestutis (LTU),,,3 - 1,9:11 11:6 11:3 11:3,ANDRAS Csaba,2022
European Championships 2022,2022-08-13,KULCZYCKI Samuel,ANDRAS Csaba,HUN,POL,3,0,"11,11,11|9,4,7",QUAL,OTHER,MS,2617,Qualification,KULCZYCKI Samuel (POL),ANDRAS Csaba (HUN),,,0 - 3,9:11 4:11 7:11,ANDRAS Csaba,2022
European Championships 2022,2022-08-13,LIBENE Toomas,ZEIMYS Kestutis,LTU,EST,3,0,"11,11,11|9,8,9",QUAL,OTHER,MS,2617,Qualification,LIBENE Toomas (EST),ZEIMYS Kestutis (LTU),,,0 - 3,9:11 8:11 9:11,ZEIMYS Kestutis,2022
European Championships 2022,2022-08-13,KULCZYCKI Samuel,ZEIMYS Kestutis,POL,LTU,3,0,"11,11,11|8,5,5",QUAL,OTHER,MS,2617,Qualification,KULCZYCKI Samuel (POL),ZEIMYS Kestutis (LTU),,,3 - 0,11:8 11:5 11:5,KULCZYCKI Samuel,2022
European Championships 2022,2022-08-13,ANDRAS Csaba,LIBENE Toomas,HUN,EST,3,0,"12,11,11|10,9,6",QUAL,OTHER,MS,2617,Qualification,ANDRAS Csaba (HUN),LIBENE Toomas (EST),,,3 - 0,12:10 11:9 11:6,ANDRAS Csaba,2022
European Championships 2022,2022-08-13,SERDAROGLU David,ALEXANDROV Teodor,BUL,AUT,3,2,"11,5,11,5,13|9,11,9,11,11",QUAL,OTHER,MS,2617,Qualification,SERDAROGLU David (AUT),ALEXANDROV Teodor (BUL),,,2 - 3,9:11 11:5 9:11 11:5 11:13,ALEXANDROV Teodor,2022
European Championships 2022,2022-08-13,MARTINKO Jiri,KARABAXHAK Fatih,CZE,KOS,3,0,"11,11,11|8,7,3",QUAL,OTHER,MS,2617,Qualification,MARTINKO Jiri (CZE),KARABAXHAK Fatih (KOS),,,3 - 0,11:8 11:7 11:3,MARTINKO Jiri,2022
European Championships 2022,2022-08-13,SERDAROGLU David,MARTINKO Jiri,CZE,AUT,3,0,"11,11,11|8,6,6",QUAL,OTHER,MS,2617,Qualification,SERDAROGLU David (AUT),MARTINKO Jiri (CZE),,,0 - 3,8:11 6:11 6:11,MARTINKO Jiri,2022
European Championships 2022,2022-08-13,ALEXANDROV Teodor,KARABAXHAK Fatih,BUL,KOS,3,0,"11,11,11|6,8,2",QUAL,OTHER,MS,2617,Qualification,ALEXANDROV Teodor (BUL),KARABAXHAK Fatih (KOS),,,3 - 0,11:6 11:8 11:2,ALEXANDROV Teodor,2022
European Championships 2022,2022-08-13,SERDAROGLU David,KARABAXHAK Fatih,AUT,KOS,3,0,"11,11,11|5,2,5",QUAL,OTHER,MS,2617,Qualification,SERDAROGLU David (AUT),KARABAXHAK Fatih (KOS),,,3 - 0,11:5 11:2 11:5,SERDAROGLU David,2022
European Championships 2022,2022-08-13,MARTINKO Jiri,ALEXANDROV Teodor,CZE,BUL,3,0,"12,11,11|10,8,4",QUAL,OTHER,MS,2617,Qualification,MARTINKO Jiri (CZE),ALEXANDROV Teodor (BUL),,,3 - 0,12:10 11:8 11:4,MARTINKO Jiri,2022
European Championships 2022,2022-08-13,SZUDI Adam,REITSPIES David,CZE,HUN,3,1,"11,7,11,14|3,11,7,12",QUAL,OTHER,MS,2617,Qualification,SZUDI Adam (HUN),REITSPIES David (CZE),,,1 - 3,3:11 11:7 7:11 12:14,REITSPIES David,2022
European Championships 2022,2022-08-13,NAUMI Alex,GIARDI Federico,FIN,SMR,3,0,"11,11,11|8,4,4",QUAL,OTHER,MS,2617,Qualification,NAUMI Alex (FIN),GIARDI Federico (SMR),,,3 - 0,11:8 11:4 11:4,NAUMI Alex,2022
European Championships 2022,2022-08-13,SZUDI Adam,NAUMI Alex,HUN,FIN,3,2,"11,8,10,11,11|6,11,12,9,8",QUAL,OTHER,MS,2617,Qualification,SZUDI Adam (HUN),NAUMI Alex (FIN),,,3 - 2,11:6 8:11 10:12 11:9 11:8,SZUDI Adam,2022
European Championships 2022,2022-08-13,REITSPIES David,GIARDI Federico,CZE,SMR,3,0,"11,11,11|9,6,8",QUAL,OTHER,MS,2617,Qualification,REITSPIES David (CZE),GIARDI Federico (SMR),,,3 - 0,11:9 11:6 11:8,REITSPIES David,2022
European Championships 2022,2022-08-13,SZUDI Adam,GIARDI Federico,HUN,SMR,3,0,"11,11,11|4,4,6",QUAL,OTHER,MS,2617,Qualification,SZUDI Adam (HUN),GIARDI Federico (SMR),,,3 - 0,11:4 11:4 11:6,SZUDI Adam,2022
European Championships 2022,2022-08-13,NAUMI Alex,REITSPIES David,CZE,FIN,3,1,"11,11,6,11|9,8,11,5",QUAL,OTHER,MS,2617,Qualification,NAUMI Alex (FIN),REITSPIES David (CZE),,,1 - 3,9:11 8:11 11:6 5:11,REITSPIES David,2022
European Championships 2022,2022-08-13,CHEN Alexander,REINHOLDS Arturs,AUT,LAT,3,0,"11,11,11|7,6,8",QUAL,OTHER,MS,2617,Qualification,CHEN Alexander (AUT),REINHOLDS Arturs (LAT),,,3 - 0,11:7 11:6 11:8,CHEN Alexander,2022
European Championships 2022,2022-08-13,PICCOLIN Jordy,RADOVIC Filip,ITA,MNE,3,0,"11,11,11|5,9,9",QUAL,OTHER,MS,2617,Qualification,PICCOLIN Jordy (ITA),RADOVIC Filip (MNE),,,3 - 0,11:5 11:9 11:9,PICCOLIN Jordy,2022
European Championships 2022,2022-08-13,CHEN Alexander,PICCOLIN Jordy,ITA,AUT,3,0,"11,11,11|5,9,5",QUAL,OTHER,MS,2617,Qualification,CHEN Alexander (AUT),PICCOLIN Jordy (ITA),,,0 - 3,5:11 9:11 5:11,PICCOLIN Jordy,2022
European Championships 2022,2022-08-13,REINHOLDS Arturs,RADOVIC Filip,MNE,LAT,3,1,"8,11,11,11|11,9,8,9",QUAL,OTHER,MS,2617,Qualification,REINHOLDS Arturs (LAT),RADOVIC Filip (MNE),,,1 - 3,11:8 9:11 8:11 9:11,RADOVIC Filip,2022
European Championships 2022,2022-08-13,CHEN Alexander,RADOVIC Filip,AUT,MNE,3,2,"6,11,4,13,11|11,3,11,11,7",QUAL,OTHER,MS,2617,Qualification,CHEN Alexander (AUT),RADOVIC Filip (MNE),,,3 - 2,6:11 11:3 4:11 13:11 11:7,CHEN Alexander,2022
European Championships 2022,2022-08-13,PICCOLIN Jordy,REINHOLDS Arturs,ITA,LAT,3,0,"11,11,11|5,9,4",QUAL,OTHER,MS,2617,Qualification,PICCOLIN Jordy (ITA),REINHOLDS Arturs (LAT),,,3 - 0,11:5 11:9 11:4,PICCOLIN Jordy,2022
European Championships 2022,2022-08-13,SIRUCEK Pavel,KRASTEV Petyo,CZE,BUL,3,0,"11,11,11|1,7,5",QUAL,OTHER,MS,2617,Qualification,SIRUCEK Pavel (CZE),KRASTEV Petyo (BUL),,,3 - 0,11:1 11:7 11:5,SIRUCEK Pavel,2022
European Championships 2022,2022-08-13,ZHMUDENKO Yaroslav,SMIRNOV Aleksandr,UKR,EST,3,1,"11,11,8,11|5,8,11,7",QUAL,OTHER,MS,2617,Qualification,ZHMUDENKO Yaroslav (UKR),SMIRNOV Aleksandr (EST),,,3 - 1,11:5 11:8 8:11 11:7,ZHMUDENKO Yaroslav,2022
European Championships 2022,2022-08-13,SIRUCEK Pavel,ZHMUDENKO Yaroslav,UKR,CZE,3,0,"11,11,12|7,4,10",QUAL,OTHER,MS,2617,Qualification,SIRUCEK Pavel (CZE),ZHMUDENKO Yaroslav (UKR),,,0 - 3,7:11 4:11 10:12,ZHMUDENKO Yaroslav,2022
European Championships 2022,2022-08-13,KRASTEV Petyo,SMIRNOV Aleksandr,BUL,EST,3,0,"11,11,11|6,7,7",QUAL,OTHER,MS,2617,Qualification,KRASTEV Petyo (BUL),SMIRNOV Aleksandr (EST),,,3 - 0,11:6 11:7 11:7,KRASTEV Petyo,2022
European Championships 2022,2022-08-13,SIRUCEK Pavel,SMIRNOV Aleksandr,CZE,EST,3,2,"11,11,8,7,11|9,3,11,11,5",QUAL,OTHER,MS,2617,Qualification,SIRUCEK Pavel (CZE),SMIRNOV Aleksandr (EST),,,3 - 2,11:9 11:3 8:11 7:11 11:5,SIRUCEK Pavel,2022
European Championships 2022,2022-08-13,ZHMUDENKO Yaroslav,KRASTEV Petyo,UKR,BUL,3,0,"11,11,11|8,3,7",QUAL,OTHER,MS,2617,Qualification,ZHMUDENKO Yaroslav (UKR),KRASTEV Petyo (BUL),,,3 - 0,11:8 11:3 11:7,ZHMUDENKO Yaroslav,2022
European Championships 2022,2022-08-13,SGOUROPOULOS Ioannis,MLADENOVSKI Filip,GRE,MKD,3,0,"11,11,11|3,2,9",QUAL,OTHER,MS,2617,Qualification,SGOUROPOULOS Ioannis (GRE),MLADENOVSKI Filip (MKD),,,3 - 0,11:3 11:2 11:9,SGOUROPOULOS Ioannis,2022
European Championships 2022,2022-08-13,IONESCU Eduard,MONGIUSTI Mattias,ROU,SMR,3,1,"11,5,11,11|6,11,2,4",QUAL,OTHER,MS,2617,Qualification,IONESCU Eduard (ROU),MONGIUSTI Mattias (SMR),,,3 - 1,11:6 5:11 11:2 11:4,IONESCU Eduard,2022
European Championships 2022,2022-08-13,SGOUROPOULOS Ioannis,IONESCU Eduard,GRE,ROU,3,1,"13,8,11,11|11,11,1,7",QUAL,OTHER,MS,2617,Qualification,SGOUROPOULOS Ioannis (GRE),IONESCU Eduard (ROU),,,3 - 1,13:11 8:11 11:1 11:7,SGOUROPOULOS Ioannis,2022
European Championships 2022,2022-08-13,MLADENOVSKI Filip,MONGIUSTI Mattias,SMR,MKD,3,1,"11,11,9,11|5,7,11,9",QUAL,OTHER,MS,2617,Qualification,MLADENOVSKI Filip (MKD),MONGIUSTI Mattias (SMR),,,1 - 3,5:11 7:11 11:9 9:11,MONGIUSTI Mattias,2022
European Championships 2022,2022-08-13,SGOUROPOULOS Ioannis,MONGIUSTI Mattias,GRE,SMR,3,0,"11,11,11|8,8,9",QUAL,OTHER,MS,2617,Qualification,SGOUROPOULOS Ioannis (GRE),MONGIUSTI Mattias (SMR),,,3 - 0,11:8 11:8 11:9,SGOUROPOULOS Ioannis,2022
European Championships 2022,2022-08-13,IONESCU Eduard,MLADENOVSKI Filip,ROU,MKD,3,0,"11,11,11|8,7,4",QUAL,OTHER,MS,2617,Qualification,IONESCU Eduard (ROU),MLADENOVSKI Filip (MKD),,,3 - 0,11:8 11:7 11:4,IONESCU Eduard,2022
European Championships 2022,2022-08-13,CHIRITA Iulian,GUTIC Edin,ROU,BIH,3,0,"11,11,11|6,6,2",QUAL,OTHER,MS,2617,Qualification,CHIRITA Iulian (ROU),GUTIC Edin (BIH),,,3 - 0,11:6 11:6 11:2,CHIRITA Iulian,2022
European Championships 2022,2022-08-13,KOJIC Frane,URSU Vladislav,MDA,CRO,3,0,"11,11,11|5,4,8",QUAL,OTHER,MS,2617,Qualification,KOJIC Frane (CRO),URSU Vladislav (MDA),,,0 - 3,5:11 4:11 8:11,URSU Vladislav,2022
European Championships 2022,2022-08-13,CHIRITA Iulian,KOJIC Frane,CRO,ROU,3,2,"11,11,8,6,11|9,8,11,11,7",QUAL,OTHER,MS,2617,Qualification,CHIRITA Iulian (ROU),KOJIC Frane (CRO),,,2 - 3,9:11 8:11 11:8 11:6 7:11,KOJIC Frane,2022
European Championships 2022,2022-08-13,GUTIC Edin,URSU Vladislav,MDA,BIH,3,0,"11,11,11|4,5,4",QUAL,OTHER,MS,2617,Qualification,GUTIC Edin (BIH),URSU Vladislav (MDA),,,0 - 3,4:11 5:11 4:11,URSU Vladislav,2022
European Championships 2022,2022-08-13,CHIRITA Iulian,URSU Vladislav,MDA,ROU,3,2,"11,5,7,11,11|8,11,11,8,7",QUAL,OTHER,MS,2617,Qualification,CHIRITA Iulian (ROU),URSU Vladislav (MDA),,,2 - 3,8:11 11:5 11:7 8:11 7:11,URSU Vladislav,2022
European Championships 2022,2022-08-13,KOJIC Frane,GUTIC Edin,CRO,BIH,3,0,"11,11,11|8,2,2",QUAL,OTHER,MS,2617,Qualification,KOJIC Frane (CRO),GUTIC Edin (BIH),,,3 - 0,11:8 11:2 11:2,KOJIC Frane,2022
European Championships 2022,2022-08-13,LAKATOS Tamas,NAVICKAS Ignas,HUN,LTU,3,0,"11,11,11|4,4,5",QUAL,OTHER,MS,2617,Qualification,LAKATOS Tamas (HUN),NAVICKAS Ignas (LTU),,,3 - 0,11:4 11:4 11:5,LAKATOS Tamas,2022
European Championships 2022,2022-08-13,LEVAJAC Dimitrije,RADULOVIC Filip,SRB,MNE,3,0,"11,11,11|3,7,3",QUAL,OTHER,MS,2617,Qualification,LEVAJAC Dimitrije (SRB),RADULOVIC Filip (MNE),,,3 - 0,11:3 11:7 11:3,LEVAJAC Dimitrije,2022
European Championships 2022,2022-08-13,LAKATOS Tamas,LEVAJAC Dimitrije,SRB,HUN,3,1,"7,11,11,11|11,6,3,8",QUAL,OTHER,MS,2617,Qualification,LAKATOS Tamas (HUN),LEVAJAC Dimitrije (SRB),,,1 - 3,11:7 6:11 3:11 8:11,LEVAJAC Dimitrije,2022
European Championships 2022,2022-08-13,NAVICKAS Ignas,RADULOVIC Filip,MNE,LTU,3,1,"11,10,12,11|6,12,10,9",QUAL,OTHER,MS,2617,Qualification,NAVICKAS Ignas (LTU),RADULOVIC Filip (MNE),,,1 - 3,6:11 12:10 10:12 9:11,RADULOVIC Filip,2022
European Championships 2022,2022-08-13,LAKATOS Tamas,RADULOVIC Filip,HUN,MNE,3,1,"9,11,11,11|11,5,3,9",QUAL,OTHER,MS,2617,Qualification,LAKATOS Tamas (HUN),RADULOVIC Filip (MNE),,,3 - 1,9:11 11:5 11:3 11:9,LAKATOS Tamas,2022
European Championships 2022,2022-08-13,LEVAJAC Dimitrije,NAVICKAS Ignas,SRB,LTU,3,1,"11,8,11,11|9,11,8,4",QUAL,OTHER,MS,2617,Qualification,LEVAJAC Dimitrije (SRB),NAVICKAS Ignas (LTU),,,3 - 1,11:9 8:11 11:8 11:4,LEVAJAC Dimitrije,2022
European Championships 2022,2022-08-13,STAMATOUROS Georgios,PETO Zsolt,SRB,GRE,3,0,"11,12,11|7,10,7",QR32,OTHER,MS,2617,Qualification,STAMATOUROS Georgios (GRE),PETO Zsolt (SRB),,,0 - 3,7:11 10:12 7:11,PETO Zsolt,2022
European Championships 2022,2022-08-13,PUTUNTICA Andrei,CVETKO Tilen,MDA,SLO,3,1,"10,11,12,13|12,5,10,11",QR32,OTHER,MS,2617,Qualification,PUTUNTICA Andrei (MDA),CVETKO Tilen (SLO),,,3 - 1,10:12 11:5 12:10 13:11,PUTUNTICA Andrei,2022
European Championships 2022,2022-08-13,GUNDUZ Ibrahim,KONSTANTINOPOULOS Giorgos,TUR,GRE,3,0,"11,11,11|5,5,8",QR32,OTHER,MS,2617,Qualification,GUNDUZ Ibrahim (TUR),KONSTANTINOPOULOS Giorgos (GRE),,,3 - 0,11:5 11:5 11:8,GUNDUZ Ibrahim,2022
European Championships 2022,2022-08-13,STOLL Loic,ZELINKA Jakub,SVK,SUI,3,1,"7,11,11,11|11,5,6,9",QR32,OTHER,MS,2617,Qualification,STOLL Loic (SUI),ZELINKA Jakub (SVK),,,1 - 3,11:7 5:11 6:11 9:11,ZELINKA Jakub,2022
European Championships 2022,2022-08-13,JEVTOVIC Marko,MOVILEANU Darius,SRB,ROU,3,1,"8,11,15,11|11,7,13,7",QR32,OTHER,MS,2617,Qualification,JEVTOVIC Marko (SRB),MOVILEANU Darius (ROU),,,3 - 1,8:11 11:7 15:13 11:7,JEVTOVIC Marko,2022
European Championships 2022,2022-08-13,RASMUSSEN Tobias,BOBOCICA Mihai,ITA,DEN,3,0,"11,11,12|5,3,10",QR32,OTHER,MS,2617,Qualification,RASMUSSEN Tobias (DEN),BOBOCICA Mihai (ITA),,,0 - 3,5:11 3:11 10:12,BOBOCICA Mihai,2022
European Championships 2022,2022-08-13,KARAKASEVIC Aleksandar,BUCH Martin,DEN,SRB,3,1,"11,9,11,11|7,11,9,8",QR32,OTHER,MS,2617,Qualification,KARAKASEVIC Aleksandar (SRB),BUCH Martin (DEN),,,1 - 3,7:11 11:9 9:11 8:11,BUCH Martin,2022
European Championships 2022,2022-08-13,HAUG Borgar,YIANGOU Marios,NOR,CYP,3,2,"11,3,11,11,11|9,11,13,7,6",QR32,OTHER,MS,2617,Qualification,HAUG Borgar (NOR),YIANGOU Marios (CYP),,,3 - 2,11:9 3:11 11:13 11:7 11:6,HAUG Borgar,2022
European Championships 2022,2022-08-13,LAKATOS Tamas,PETO Zsolt,HUN,SRB,3,0,"11,11,11|9,5,5",QR16,OTHER,MS,2617,Qualification,LAKATOS Tamas (HUN),PETO Zsolt (SRB),,,3 - 0,11:9 11:5 11:5,LAKATOS Tamas,2022
European Championships 2022,2022-08-13,KOJIC Frane,PUTUNTICA Andrei,CRO,MDA,3,2,"7,14,7,11,11|11,12,11,5,4",QR16,OTHER,MS,2617,Qualification,KOJIC Frane (CRO),PUTUNTICA Andrei (MDA),,,3 - 2,7:11 14:12 7:11 11:5 11:4,KOJIC Frane,2022
European Championships 2022,2022-08-13,IONESCU Eduard,GUNDUZ Ibrahim,TUR,ROU,3,1,"11,6,11,11|7,11,5,4",QR16,OTHER,MS,2617,Qualification,IONESCU Eduard (ROU),GUNDUZ Ibrahim (TUR),,,1 - 3,7:11 11:6 5:11 4:11,GUNDUZ Ibrahim,2022
European Championships 2022,2022-08-13,SIRUCEK Pavel,ZELINKA Jakub,CZE,SVK,3,0,"11,11,11|2,7,7",QR16,OTHER,MS,2617,Qualification,SIRUCEK Pavel (CZE),ZELINKA Jakub (SVK),,,3 - 0,11:2 11:7 11:7,SIRUCEK Pavel,2022
European Championships 2022,2022-08-13,CHEN Alexander,JEVTOVIC Marko,SRB,AUT,3,0,"11,11,11|3,6,7",QR16,OTHER,MS,2617,Qualification,CHEN Alexander (AUT),JEVTOVIC Marko (SRB),,,0 - 3,3:11 6:11 7:11,JEVTOVIC Marko,2022
European Championships 2022,2022-08-13,SZUDI Adam,BOBOCICA Mihai,HUN,ITA,3,0,"11,11,11|8,9,7",QR16,OTHER,MS,2617,Qualification,SZUDI Adam (HUN),BOBOCICA Mihai (ITA),,,3 - 0,11:8 11:9 11:7,SZUDI Adam,2022
European Championships 2022,2022-08-13,ALEXANDROV Teodor,BUCH Martin,DEN,BUL,3,1,"10,11,12,11|12,8,10,6",QR16,OTHER,MS,2617,Qualification,ALEXANDROV Teodor (BUL),BUCH Martin (DEN),,,1 - 3,12:10 8:11 10:12 6:11,BUCH Martin,2022
European Championships 2022,2022-08-13,KULCZYCKI Samuel,HAUG Borgar,POL,NOR,3,2,"11,9,11,5,11|7,11,4,11,5",QR16,OTHER,MS,2617,Qualification,KULCZYCKI Samuel (POL),HAUG Borgar (NOR),,,3 - 2,11:7 9:11 11:4 5:11 11:5,KULCZYCKI Samuel,2022
European Championships 2022,2022-08-13,MOREGARD Truls,LAKATOS Tamas,SWE,HUN,4,2,"7,8,11,11,11,11|11,11,9,4,7,7",R64,OTHER,MS,2617,Main Draw,MOREGARD Truls (SWE),LAKATOS Tamas (HUN),,,4 - 2,7:11 8:11 11:9 11:4 11:7 11:7,MOREGARD Truls,2022
European Championships 2022,2022-08-13,WALKER Samuel,PERSSON Jon,SWE,ENG,4,2,"6,11,11,7,12,11|11,4,8,11,10,7",R64,OTHER,MS,2617,Main Draw,WALKER Samuel (ENG),PERSSON Jon (SWE),,,2 - 4,11:6 4:11 8:11 11:7 10:12 7:11,PERSSON Jon,2022
European Championships 2022,2022-08-13,OVTCHAROV Dimitrij,BUCH Martin,GER,DEN,4,1,"13,11,11,5,11|11,6,5,11,6",R64,OTHER,MS,2617,Main Draw,OVTCHAROV Dimitrij (GER),BUCH Martin (DEN),,,4 - 1,13:11 11:6 11:5 5:11 11:6,OVTCHAROV Dimitrij,2022
European Championships 2022,2022-08-13,ALLEGRO Martin,LEBRUN Alexis,FRA,BEL,4,1,"16,11,11,11,11|14,13,9,7,7",R64,OTHER,MS,2617,Main Draw,ALLEGRO Martin (BEL),LEBRUN Alexis (FRA),,,1 - 4,14:16 13:11 9:11 7:11 7:11,LEBRUN Alexis,2022
European Championships 2022,2022-08-13,FRANZISKA Patrick,SIRUCEK Pavel,GER,CZE,4,0,"11,11,11,11|8,5,4,9",R64,OTHER,MS,2617,Main Draw,FRANZISKA Patrick (GER),SIRUCEK Pavel (CZE),,,4 - 0,11:8 11:5 11:4 11:9,FRANZISKA Patrick,2022
European Championships 2022,2022-08-13,PRYSHCHEPA Ievgen,DYJAS Jakub,POL,UKR,4,3,"10,10,11,10,11,11,11|12,12,5,12,7,5,2",R64,OTHER,MS,2617,Main Draw,PRYSHCHEPA Ievgen (UKR),DYJAS Jakub (POL),,,3 - 4,12:10 12:10 5:11 12:10 7:11 5:11 2:11,DYJAS Jakub,2022
European Championships 2022,2022-08-13,APOLONIA Tiago,REITSPIES David,POR,CZE,4,0,"11,11,11,11|6,8,9,9",R64,OTHER,MS,2617,Main Draw,APOLONIA Tiago (POR),REITSPIES David (CZE),,,4 - 0,11:6 11:8 11:9 11:9,APOLONIA Tiago,2022
European Championships 2022,2022-08-13,SIPOS Rares,PUCAR Tomislav,CRO,ROU,4,1,"13,11,9,11,11|11,9,11,3,7",R64,OTHER,MS,2617,Main Draw,SIPOS Rares (ROU),PUCAR Tomislav (CRO),,,1 - 4,11:13 9:11 11:9 3:11 7:11,PUCAR Tomislav,2022
European Championships 2022,2022-08-13,IONESCU Ovidiu,ZHMUDENKO Yaroslav,UKR,ROU,4,3,"11,9,10,11,5,11,11|9,11,12,7,11,7,7",R64,OTHER,MS,2617,Main Draw,IONESCU Ovidiu (ROU),ZHMUDENKO Yaroslav (UKR),,,3 - 4,9:11 11:9 12:10 7:11 11:5 7:11 7:11,ZHMUDENKO Yaroslav,2022
European Championships 2022,2022-08-13,KARLSSON Mattias,LEVENKO Andreas,SWE,AUT,4,2,"6,10,11,12,11,11|11,12,6,10,1,9",R64,OTHER,MS,2617,Main Draw,KARLSSON Mattias (SWE),LEVENKO Andreas (AUT),,,4 - 2,6:11 10:12 11:6 12:10 11:1 11:9,KARLSSON Mattias,2022
European Championships 2022,2022-08-13,MONTEIRO Joao,MAJOROS Bence,HUN,POR,4,3,"12,9,19,12,8,6,11|10,11,17,10,11,11,9",R64,OTHER,MS,2617,Main Draw,MONTEIRO Joao (POR),MAJOROS Bence (HUN),,,3 - 4,10:12 11:9 17:19 10:12 11:8 11:6 9:11,MAJOROS Bence,2022
European Championships 2022,2022-08-13,BOLL Timo,KULCZYCKI Samuel,GER,POL,4,3,"9,11,9,5,11,11,11|11,6,11,11,9,1,5",R64,OTHER,MS,2617,Main Draw,BOLL Timo (GER),KULCZYCKI Samuel (POL),,,4 - 3,9:11 11:6 9:11 5:11 11:9 11:1 11:5,BOLL Timo,2022
European Championships 2022,2022-08-13,JARVIS Tom,JANCARIK Lubomir,CZE,ENG,4,3,"14,11,9,11,9,9,11|12,8,11,9,11,11,8",R64,OTHER,MS,2617,Main Draw,JARVIS Tom (ENG),JANCARIK Lubomir (CZE),,,3 - 4,12:14 8:11 11:9 9:11 11:9 11:9 8:11,JANCARIK Lubomir,2022
European Championships 2022,2022-08-13,KOZUL Deni,GACINA Andrej,CRO,SLO,4,0,"11,11,11,11|4,9,7,7",R64,OTHER,MS,2617,Main Draw,KOZUL Deni (SLO),GACINA Andrej (CRO),,,0 - 4,4:11 9:11 7:11 7:11,GACINA Andrej,2022
European Championships 2022,2022-08-13,LIND Anders,HABESOHN Daniel,AUT,DEN,4,1,"9,12,11,11,11|11,10,7,7,3",R64,OTHER,MS,2617,Main Draw,LIND Anders (DEN),HABESOHN Daniel (AUT),,,1 - 4,11:9 10:12 7:11 7:11 3:11,HABESOHN Daniel,2022
European Championships 2022,2022-08-13,ANDRAS Csaba,LEBESSON Emmanuel,HUN,FRA,4,3,"9,8,12,11,11,11,11|11,11,14,8,7,6,6",R64,OTHER,MS,2617,Main Draw,ANDRAS Csaba (HUN),LEBESSON Emmanuel (FRA),,,4 - 3,9:11 8:11 12:14 11:8 11:7 11:6 11:6,ANDRAS Csaba,2022
European Championships 2022,2022-08-13,SZUDI Adam,KALLBERG Anton,SWE,HUN,4,0,"11,11,12,14|4,9,10,12",R64,OTHER,MS,2617,Main Draw,SZUDI Adam (HUN),KALLBERG Anton (SWE),,,0 - 4,4:11 9:11 10:12 12:14,KALLBERG Anton,2022
European Championships 2022,2022-08-13,GUNDUZ Ibrahim,QIU Dang,GER,TUR,4,3,"6,11,11,11,10,11,11|11,6,5,13,12,4,9",R64,OTHER,MS,2617,Main Draw,GUNDUZ Ibrahim (TUR),QIU Dang (GER),,,3 - 4,11:6 6:11 5:11 13:11 12:10 4:11 9:11,QIU Dang,2022
European Championships 2022,2022-08-13,GROTH Jonathan,LEVAJAC Dimitrije,SRB,DEN,4,3,"5,11,8,11,7,11,11|11,9,11,8,11,9,9",R64,OTHER,MS,2617,Main Draw,GROTH Jonathan (DEN),LEVAJAC Dimitrije (SRB),,,3 - 4,11:5 9:11 11:8 8:11 11:7 9:11 9:11,LEVAJAC Dimitrije,2022
European Championships 2022,2022-08-13,STOYANOV Niagol,FREITAS Marcos,POR,ITA,4,0,"11,11,14,16|6,5,12,14",R64,OTHER,MS,2617,Main Draw,STOYANOV Niagol (ITA),FREITAS Marcos (POR),,,0 - 4,6:11 5:11 12:14 14:16,FREITAS Marcos,2022
European Championships 2022,2022-08-13,GARDOS Robert,NUYTINCK Cedric,BEL,AUT,4,1,"14,5,11,13,11|12,11,7,11,6",R64,OTHER,MS,2617,Main Draw,GARDOS Robert (AUT),NUYTINCK Cedric (BEL),,,1 - 4,12:14 11:5 7:11 11:13 6:11,NUYTINCK Cedric,2022
European Championships 2022,2022-08-13,LEBRUN Felix,LAMBIET Florent,FRA,BEL,4,1,"9,11,11,11,11|11,4,7,7,8",R64,OTHER,MS,2617,Main Draw,LEBRUN Felix (FRA),LAMBIET Florent (BEL),,,4 - 1,9:11 11:4 11:7 11:7 11:8,LEBRUN Felix,2022
European Championships 2022,2022-08-13,POLANSKY Tomas,PITCHFORD Liam,ENG,CZE,4,1,"12,9,11,11,11|10,11,7,8,8",R64,OTHER,MS,2617,Main Draw,POLANSKY Tomas (CZE),PITCHFORD Liam (ENG),,,1 - 4,10:12 11:9 7:11 8:11 8:11,PITCHFORD Liam,2022
European Championships 2022,2022-08-13,ZELJKO Filip,HRIBAR Peter,CRO,SLO,4,0,"11,11,11,11|5,3,4,7",R64,OTHER,MS,2617,Main Draw,ZELJKO Filip (CRO),HRIBAR Peter (SLO),,,4 - 0,11:5 11:3 11:4 11:7,ZELJKO Filip,2022
European Championships 2022,2022-08-13,MARTINKO Jiri,GERALDO Joao,POR,CZE,4,2,"11,9,6,11,11,11|9,11,11,7,9,8",R64,OTHER,MS,2617,Main Draw,MARTINKO Jiri (CZE),GERALDO Joao (POR),,,2 - 4,9:11 11:9 11:6 7:11 9:11 8:11,GERALDO Joao,2022
European Championships 2022,2022-08-13,REDZIMSKI Milosz,OLAH Benedek,POL,FIN,4,3,"10,11,11,11,7,10,11|12,6,9,8,11,12,7",R64,OTHER,MS,2617,Main Draw,REDZIMSKI Milosz (POL),OLAH Benedek (FIN),,,4 - 3,10:12 11:6 11:9 11:8 7:11 10:12 11:7,REDZIMSKI Milosz,2022
European Championships 2022,2022-08-13,WANG Yang,URSU Vladislav,SVK,MDA,4,0,"11,11,11,11|7,1,8,8",R64,OTHER,MS,2617,Main Draw,WANG Yang (SVK),URSU Vladislav (MDA),,,4 - 0,11:7 11:1 11:8 11:8,WANG Yang,2022
European Championships 2022,2022-08-13,DUDA Benedikt,PICCOLIN Jordy,GER,ITA,4,1,"11,11,11,11,13|2,4,5,13,11",R64,OTHER,MS,2617,Main Draw,DUDA Benedikt (GER),PICCOLIN Jordy (ITA),,,4 - 1,11:2 11:4 11:5 11:13 13:11,DUDA Benedikt,2022
European Championships 2022,2022-08-13,ROBLES Alvaro,SGOUROPOULOS Ioannis,GRE,ESP,4,3,"11,7,11,11,6,8,11|8,11,7,9,11,11,8",R64,OTHER,MS,2617,Main Draw,ROBLES Alvaro (ESP),SGOUROPOULOS Ioannis (GRE),,,3 - 4,8:11 11:7 7:11 9:11 11:6 11:8 8:11,SGOUROPOULOS Ioannis,2022
European Championships 2022,2022-08-13,KOJIC Frane,KARLSSON Kristian,SWE,CRO,4,2,"6,10,11,11,11,11|11,12,6,5,9,5",R64,OTHER,MS,2617,Main Draw,KOJIC Frane (CRO),KARLSSON Kristian (SWE),,,2 - 4,11:6 12:10 6:11 5:11 9:11 5:11,KARLSSON Kristian,2022
European Championships 2022,2022-08-13,GAUZY Simon,RASSENFOSSE Adrien,BEL,FRA,4,3,"11,8,11,12,2,11,11|9,11,7,14,11,7,7",R64,OTHER,MS,2617,Main Draw,GAUZY Simon (FRA),RASSENFOSSE Adrien (BEL),,,3 - 4,9:11 11:8 7:11 14:12 11:2 7:11 7:11,RASSENFOSSE Adrien,2022
European Championships 2022,2022-08-13,JEVTOVIC Marko,JORGIC Darko,SLO,SRB,4,1,"12,10,11,11,11|10,12,8,6,6",R64,OTHER,MS,2617,Main Draw,JEVTOVIC Marko (SRB),JORGIC Darko (SLO),,,1 - 4,10:12 12:10 8:11 6:11 6:11,JORGIC Darko,2022
European Championships 2022,2022-08-13,KARLSSON Mattias,REDZIMSKI Milosz,SWE,POL,4,2,"11,7,11,11,10,11|6,11,4,8,12,7",R32,OTHER,MS,2617,Main Draw,KARLSSON Mattias (SWE),REDZIMSKI Milosz (POL),,,4 - 2,11:6 7:11 11:4 11:8 10:12 11:7,KARLSSON Mattias,2022
European Championships 2022,2022-08-13,MAJOROS Bence,KALLBERG Anton,SWE,HUN,4,1,"11,11,15,7,11|8,8,13,11,9",R32,OTHER,MS,2617,Main Draw,MAJOROS Bence (HUN),KALLBERG Anton (SWE),,,1 - 4,8:11 8:11 13:15 11:7 9:11,KALLBERG Anton,2022
European Championships 2022,2022-08-13,DUDA Benedikt,HABESOHN Daniel,GER,AUT,4,3,"11,11,11,11,9,6,11|4,13,8,9,11,11,7",R32,OTHER,MS,2617,Main Draw,DUDA Benedikt (GER),HABESOHN Daniel (AUT),,,4 - 3,11:4 11:13 11:8 11:9 9:11 6:11 11:7,DUDA Benedikt,2022
European Championships 2022,2022-08-13,SGOUROPOULOS Ioannis,QIU Dang,GER,GRE,4,0,"11,11,11,11|8,9,4,5",R32,OTHER,MS,2617,Main Draw,SGOUROPOULOS Ioannis (GRE),QIU Dang (GER),,,0 - 4,8:11 9:11 4:11 5:11,QIU Dang,2022
European Championships 2022,2022-08-13,NUYTINCK Cedric,LEBRUN Alexis,FRA,BEL,4,0,"11,11,11,11|4,8,7,4",R32,OTHER,MS,2617,Main Draw,NUYTINCK Cedric (BEL),LEBRUN Alexis (FRA),,,0 - 4,4:11 8:11 7:11 4:11,LEBRUN Alexis,2022
European Championships 2022,2022-08-13,LEBRUN Felix,KARLSSON Kristian,SWE,FRA,4,1,"11,6,11,11,11|4,11,7,8,6",R32,OTHER,MS,2617,Main Draw,LEBRUN Felix (FRA),KARLSSON Kristian (SWE),,,1 - 4,4:11 11:6 7:11 8:11 6:11,KARLSSON Kristian,2022
European Championships 2022,2022-08-13,FRANZISKA Patrick,DYJAS Jakub,GER,POL,4,1,"6,11,11,11,11|11,7,8,9,9",R32,OTHER,MS,2617,Main Draw,FRANZISKA Patrick (GER),DYJAS Jakub (POL),,,4 - 1,6:11 11:7 11:8 11:9 11:9,FRANZISKA Patrick,2022
European Championships 2022,2022-08-13,APOLONIA Tiago,PITCHFORD Liam,POR,ENG,4,2,"11,11,9,7,11,11|8,9,11,11,9,2",R32,OTHER,MS,2617,Main Draw,APOLONIA Tiago (POR),PITCHFORD Liam (ENG),,,4 - 2,11:8 11:9 9:11 7:11 11:9 11:2,APOLONIA Tiago,2022
European Championships 2022,2022-08-13,MOREGARD Truls,GERALDO Joao,SWE,POR,4,0,"11,11,11,11|7,8,7,3",R32,OTHER,MS,2617,Main Draw,MOREGARD Truls (SWE),GERALDO Joao (POR),,,4 - 0,11:7 11:8 11:7 11:3,MOREGARD Truls,2022
European Championships 2022,2022-08-13,ZHMUDENKO Yaroslav,PERSSON Jon,SWE,UKR,4,1,"11,12,11,11,11|2,14,9,8,6",R32,OTHER,MS,2617,Main Draw,ZHMUDENKO Yaroslav (UKR),PERSSON Jon (SWE),,,1 - 4,2:11 14:12 9:11 8:11 6:11,PERSSON Jon,2022
European Championships 2022,2022-08-13,OVTCHAROV Dimitrij,ANDRAS Csaba,GER,HUN,4,0,"11,11,11,11|8,7,8,8",R32,OTHER,MS,2617,Main Draw,OVTCHAROV Dimitrij (GER),ANDRAS Csaba (HUN),,,4 - 0,11:8 11:7 11:8 11:8,OVTCHAROV Dimitrij,2022
European Championships 2022,2022-08-13,LEVAJAC Dimitrije,FREITAS Marcos,POR,SRB,4,0,"11,11,11,11|5,4,8,7",R32,OTHER,MS,2617,Main Draw,LEVAJAC Dimitrije (SRB),FREITAS Marcos (POR),,,0 - 4,5:11 4:11 8:11 7:11,FREITAS Marcos,2022
European Championships 2022,2022-08-13,BOLL Timo,JANCARIK Lubomir,GER,CZE,4,0,"13,11,11,11|11,3,1,2",R32,OTHER,MS,2617,Main Draw,BOLL Timo (GER),JANCARIK Lubomir (CZE),,,4 - 0,13:11 11:3 11:1 11:2,BOLL Timo,2022
European Championships 2022,2022-08-13,WANG Yang,GACINA Andrej,SVK,CRO,4,1,"13,11,12,2,11|11,5,10,11,7",R32,OTHER,MS,2617,Main Draw,WANG Yang (SVK),GACINA Andrej (CRO),,,4 - 1,13:11 11:5 12:10 2:11 11:7,WANG Yang,2022
European Championships 2022,2022-08-13,RASSENFOSSE Adrien,PUCAR Tomislav,CRO,BEL,4,3,"5,12,11,11,6,10,11|11,10,5,6,11,12,8",R32,OTHER,MS,2617,Main Draw,RASSENFOSSE Adrien (BEL),PUCAR Tomislav (CRO),,,3 - 4,11:5 10:12 5:11 6:11 11:6 12:10 8:11,PUCAR Tomislav,2022
European Championships 2022,2022-08-13,ZELJKO Filip,JORGIC Darko,SLO,CRO,4,2,"13,11,14,9,7,11|11,5,12,11,11,9",R32,OTHER,MS,2617,Main Draw,ZELJKO Filip (CRO),JORGIC Darko (SLO),,,2 - 4,11:13 5:11 12:14 11:9 11:7 9:11,JORGIC Darko,2022
European Championships 2022,2022-08-13,DUDA Benedikt,QIU Dang,GER,GER,4,1,"11,11,8,11,13|7,7,11,9,11",R16,OTHER,MS,2617,Main Draw,DUDA Benedikt (GER),QIU Dang (GER),,,1 - 4,7:11 7:11 11:8 9:11 11:13,QIU Dang,2022
European Championships 2022,2022-08-13,LEBRUN Alexis,KARLSSON Kristian,SWE,FRA,4,2,"15,16,7,11,11,11|13,14,11,13,7,6",R16,OTHER,MS,2617,Main Draw,LEBRUN Alexis (FRA),KARLSSON Kristian (SWE),,,2 - 4,13:15 14:16 11:7 13:11 7:11 6:11,KARLSSON Kristian,2022
European Championships 2022,2022-08-13,FRANZISKA Patrick,APOLONIA Tiago,POR,GER,4,2,"11,9,5,11,11,11|8,11,11,5,8,8",R16,OTHER,MS,2617,Main Draw,FRANZISKA Patrick (GER),APOLONIA Tiago (POR),,,2 - 4,8:11 11:9 11:5 5:11 8:11 8:11,APOLONIA Tiago,2022
European Championships 2022,2022-08-13,MOREGARD Truls,PERSSON Jon,SWE,SWE,4,1,"10,11,11,11,12|12,8,4,6,10",R16,OTHER,MS,2617,Main Draw,MOREGARD Truls (SWE),PERSSON Jon (SWE),,,4 - 1,10:12 11:8 11:4 11:6 12:10,MOREGARD Truls,2022
European Championships 2022,2022-08-13,BOLL Timo,WANG Yang,GER,SVK,4,0,"11,11,11,11|1,8,6,9",R16,OTHER,MS,2617,Main Draw,BOLL Timo (GER),WANG Yang (SVK),,,4 - 0,11:1 11:8 11:6 11:9,BOLL Timo,2022
European Championships 2022,2022-08-13,OVTCHAROV Dimitrij,FREITAS Marcos,GER,POR,4,3,"11,8,11,11,11,10,11|8,11,7,13,9,12,5",R16,OTHER,MS,2617,Main Draw,OVTCHAROV Dimitrij (GER),FREITAS Marcos (POR),,,4 - 3,11:8 8:11 11:7 11:13 11:9 10:12 11:5,OVTCHAROV Dimitrij,2022
European Championships 2022,2022-08-13,PUCAR Tomislav,JORGIC Darko,SLO,CRO,4,1,"11,13,8,11,11|5,11,11,9,7",R16,OTHER,MS,2617,Main Draw,PUCAR Tomislav (CRO),JORGIC Darko (SLO),,,1 - 4,5:11 11:13 11:8 9:11 7:11,JORGIC Darko,2022
European Championships 2022,2022-08-13,BOLL Timo,QIU Dang,GER,GER,4,0,"11,11,11,11|7,8,6,2",QF,OTHER,MS,2617,Main Draw,BOLL Timo (GER),QIU Dang (GER),,,0 - 4,7:11 8:11 6:11 2:11,QIU Dang,2022
European Championships 2022,2022-08-13,MOREGARD Truls,KARLSSON Mattias,SWE,SWE,4,2,"11,4,11,11,11,11|13,11,8,7,9,5",QF,OTHER,MS,2617,Main Draw,MOREGARD Truls (SWE),KARLSSON Mattias (SWE),,,2 - 4,13:11 11:4 8:11 7:11 9:11 5:11,KARLSSON Mattias,2022
European Championships 2022,2022-08-13,OVTCHAROV Dimitrij,KARLSSON Kristian,SWE,GER,4,2,"11,4,11,8,11,11|9,11,9,11,5,4",QF,OTHER,MS,2617,Main Draw,OVTCHAROV Dimitrij (GER),KARLSSON Kristian (SWE),,,2 - 4,9:11 11:4 9:11 11:8 5:11 4:11,KARLSSON Kristian,2022
European Championships 2022,2022-08-13,APOLONIA Tiago,JORGIC Darko,SLO,POR,4,3,"8,12,11,8,6,11,12|11,10,5,11,11,8,10",QF,OTHER,MS,2617,Main Draw,APOLONIA Tiago (POR),JORGIC Darko (SLO),,,3 - 4,11:8 10:12 5:11 11:8 11:6 8:11 10:12,JORGIC Darko,2022
European Championships 2022,2022-08-13,KARLSSON Mattias,QIU Dang,GER,SWE,4,1,"11,11,11,4,11|6,8,8,11,9",SF,OTHER,MS,2617,Main Draw,KARLSSON Mattias (SWE),QIU Dang (GER),,,1 - 4,6:11 8:11 8:11 11:4 9:11,QIU Dang,2022
European Championships 2022,2022-08-13,KARLSSON Kristian,JORGIC Darko,SLO,SWE,4,2,"9,11,11,6,11,11|11,5,3,11,5,0",SF,OTHER,MS,2617,Main Draw,KARLSSON Kristian (SWE),JORGIC Darko (SLO),,,2 - 4,11:9 5:11 3:11 11:6 5:11 0:11,JORGIC Darko,2022
European Championships 2022,2022-08-13,QIU Dang,JORGIC Darko,GER,SLO,4,1,"10,14,11,11,11|12,12,8,9,2",F,OTHER,MS,2617,Main Draw,QIU Dang (GER),JORGIC Darko (SLO),,,4 - 1,10:12 14:12 11:8 11:9 11:2,QIU Dang,2022
European Championships 2022,2022-08-13,BERGAND Filippa,SOLJA Amelie,SWE,AUT,3,1,"11,5,11,12|7,11,5,10",R32,OTHER,WD,2617,Main Draw,BERGAND Filippa (SWE),SOLJA Amelie (AUT),MUSKANTOR Rebecca (SWE),SEVCIKOVA Marketa (CZE),3 - 1,11:7 5:11 11:5 12:10,BERGAND Filippa,2022
European Championships 2022,2022-08-13,MISCHEK-COLUCCI Karoline,MALOBABIC Ivana,AUT,CRO,3,2,"11,8,6,11,11|8,11,11,6,8",R32,OTHER,WD,2617,Main Draw,MISCHEK-COLUCCI Karoline (AUT),MALOBABIC Ivana (CRO),HO Tin-Tin (ENG),YAREMCHUK Solomiya (UKR),3 - 2,11:8 8:11 6:11 11:6 11:8,MISCHEK-COLUCCI Karoline,2022
European Championships 2022,2022-08-13,POLCANOVA Sofia,ARLIA Nicole,AUT,ITA,3,0,"11,11,11|9,4,2",R32,OTHER,WD,2617,Main Draw,POLCANOVA Sofia (AUT),ARLIA Nicole (ITA),SZOCS Bernadette (ROU),MONFARDINI Gaia (ITA),3 - 0,11:9 11:4 11:2,POLCANOVA Sofia,2022
European Championships 2022,2022-08-13,BAJOR Natalia,ARAPOVIC Hana,POL,CRO,3,1,"11,3,11,11|5,11,4,9",R32,OTHER,WD,2617,Main Draw,BAJOR Natalia (POL),ARAPOVIC Hana (CRO),PARTYKA Natalia (POL),JEGER Mateja (CRO),3 - 1,11:5 3:11 11:4 11:9,BAJOR Natalia,2022
European Championships 2022,2022-08-13,SHAO Jieni,TOLIOU Aikaterini,POR,GRE,3,0,"11,11,11|7,9,9",R32,OTHER,WD,2617,Main Draw,SHAO Jieni (POR),TOLIOU Aikaterini (GRE),YU Fu (POR),MORET Rachel (SUI),3 - 0,11:7 11:9 11:9,SHAO Jieni,2022
European Championships 2022,2022-08-13,MADARASZ Dora,XIAO Maria,ESP,HUN,3,0,"11,11,11|4,8,6",R32,OTHER,WD,2617,Main Draw,MADARASZ Dora (HUN),XIAO Maria (ESP),POTA Georgina (HUN),DIACONU Adina (ROU),0 - 3,4:11 8:11 6:11,XIAO Maria,2022
European Championships 2022,2022-08-13,MATOS Ines,PICCOLIN Giorgia,ITA,POR,3,0,"11,11,11|7,8,8",R32,OTHER,WD,2617,Main Draw,MATOS Ines (POR),PICCOLIN Giorgia (ITA),PINTO Matilde (POR),VIVARELLI Debora (ITA),0 - 3,7:11 8:11 8:11,PICCOLIN Giorgia,2022
European Championships 2022,2022-08-13,WEGRZYN Anna,MITTELHAM Nina,GER,POL,3,2,"8,8,11,11,11|11,11,4,2,5",R32,OTHER,WD,2617,Main Draw,WEGRZYN Anna (POL),MITTELHAM Nina (GER),WEGRZYN Katarzyna (POL),WINTER Sabine (GER),2 - 3,11:8 11:8 4:11 2:11 5:11,MITTELHAM Nina,2022
European Championships 2022,2022-08-13,DE NUTTE Sarah,BALINT Bernadett,LUX,HUN,3,1,"11,11,11,11|6,5,13,5",R32,OTHER,WD,2617,Main Draw,DE NUTTE Sarah (LUX),BALINT Bernadett (HUN),NI Xia Lian (LUX),HARTBRICH Leonie (HUN),3 - 1,11:6 11:5 11:13 11:5,DE NUTTE Sarah,2022
European Championships 2022,2022-08-13,LUPULESKU Izabela,BLASKOVA Zdena,SRB,CZE,3,1,"11,11,6,11|8,2,11,4",R32,OTHER,WD,2617,Main Draw,LUPULESKU Izabela (SRB),BLASKOVA Zdena (CZE),VIGNJEVIC Dragana (SRB),TOMANOVSKA Katerina (CZE),3 - 1,11:8 11:2 6:11 11:4,LUPULESKU Izabela,2022
European Championships 2022,2022-08-13,SURJAN Sabina,BERGSTROM Linda,SWE,SRB,3,0,"11,11,13|8,6,11",R32,OTHER,WD,2617,Main Draw,SURJAN Sabina (SRB),BERGSTROM Linda (SWE),TODOROVIC Andrea (SRB),KALLBERG Christina (SWE),0 - 3,8:11 6:11 11:13,BERGSTROM Linda,2022
European Championships 2022,2022-08-13,DRAGOMAN Andreea,GUISNEL Oceane,ROU,FRA,3,0,"11,11,11|7,8,7",R32,OTHER,WD,2617,Main Draw,DRAGOMAN Andreea (ROU),GUISNEL Oceane (FRA),SAMARA Elizabeta (ROU),LUTZ Charlotte (FRA),3 - 0,11:7 11:8 11:7,DRAGOMAN Andreea,2022
European Championships 2022,2022-08-13,PUCHOVANOVA Nikoleta,STRAZAR Katarina,SVK,SLO,3,2,"11,11,8,8,11|5,9,11,11,9",R32,OTHER,WD,2617,Main Draw,PUCHOVANOVA Nikoleta (SVK),STRAZAR Katarina (SLO),YILMAZ Ozge (TUR),TOFANT Ana (SLO),3 - 2,11:5 11:9 8:11 8:11 11:9,PUCHOVANOVA Nikoleta,2022
European Championships 2022,2022-08-13,DOBREVA Polina,MATELOVA Hana,CZE,BUL,3,0,"13,11,11|11,8,7",R32,OTHER,WD,2617,Main Draw,DOBREVA Polina (BUL),MATELOVA Hana (CZE),YOVKOVA Maria (BUL),VARADY Barbora (SVK),0 - 3,11:13 8:11 7:11,MATELOVA Hana,2022
European Championships 2022,2022-08-13,MUNNE Mariona,KUKULKOVA Tatiana,SVK,ESP,3,0,"11,11,11|4,8,8",R32,OTHER,WD,2617,Main Draw,MUNNE Mariona (ESP),KUKULKOVA Tatiana (SVK),RODRIGUEZ Angela (ESP),LABOSOVA Ema (SVK),0 - 3,4:11 8:11 8:11,KUKULKOVA Tatiana,2022
European Championships 2022,2022-08-13,BILENKO Tetyana,KAUFMANN Annett,GER,UKR,3,0,"11,11,11|5,7,9",R32,OTHER,WD,2617,Main Draw,BILENKO Tetyana (UKR),KAUFMANN Annett (GER),HAPONOVA Hanna (UKR),SCHREINER Franziska (GER),0 - 3,5:11 7:11 9:11,KAUFMANN Annett,2022
European Championships 2022,2022-08-13,DE NUTTE Sarah,LUPULESKU Izabela,LUX,SRB,3,1,"11,11,10,11|7,3,12,8",R16,OTHER,WD,2617,Main Draw,DE NUTTE Sarah (LUX),LUPULESKU Izabela (SRB),NI Xia Lian (LUX),VIGNJEVIC Dragana (SRB),3 - 1,11:7 11:3 10:12 11:8,DE NUTTE Sarah,2022
European Championships 2022,2022-08-13,BERGAND Filippa,BERGSTROM Linda,SWE,SWE,3,1,"7,11,11,11|11,3,3,7",R16,OTHER,WD,2617,Main Draw,BERGAND Filippa (SWE),BERGSTROM Linda (SWE),MUSKANTOR Rebecca (SWE),KALLBERG Christina (SWE),1 - 3,11:7 3:11 3:11 7:11,BERGSTROM Linda,2022
European Championships 2022,2022-08-13,DRAGOMAN Andreea,PUCHOVANOVA Nikoleta,ROU,SVK,3,0,"11,11,11|9,7,5",R16,OTHER,WD,2617,Main Draw,DRAGOMAN Andreea (ROU),PUCHOVANOVA Nikoleta (SVK),SAMARA Elizabeta (ROU),YILMAZ Ozge (TUR),3 - 0,11:9 11:7 11:5,DRAGOMAN Andreea,2022
European Championships 2022,2022-08-13,MISCHEK-COLUCCI Karoline,MATELOVA Hana,CZE,AUT,3,0,"11,11,11|8,4,5",R16,OTHER,WD,2617,Main Draw,MISCHEK-COLUCCI Karoline (AUT),MATELOVA Hana (CZE),HO Tin-Tin (ENG),VARADY Barbora (SVK),0 - 3,8:11 4:11 5:11,MATELOVA Hana,2022
European Championships 2022,2022-08-13,POLCANOVA Sofia,BAJOR Natalia,AUT,POL,3,0,"11,11,11|7,9,4",R16,OTHER,WD,2617,Main Draw,POLCANOVA Sofia (AUT),BAJOR Natalia (POL),SZOCS Bernadette (ROU),PARTYKA Natalia (POL),3 - 0,11:7 11:9 11:4,POLCANOVA Sofia,2022
European Championships 2022,2022-08-13,SHAO Jieni,KUKULKOVA Tatiana,POR,SVK,3,1,"11,11,8,11|6,9,11,8",R16,OTHER,WD,2617,Main Draw,SHAO Jieni (POR),KUKULKOVA Tatiana (SVK),YU Fu (POR),LABOSOVA Ema (SVK),3 - 1,11:6 11:9 8:11 11:8,SHAO Jieni,2022
European Championships 2022,2022-08-13,XIAO Maria,PICCOLIN Giorgia,ESP,ITA,3,1,"12,11,9,11|10,8,11,7",R16,OTHER,WD,2617,Main Draw,XIAO Maria (ESP),PICCOLIN Giorgia (ITA),DIACONU Adina (ROU),VIVARELLI Debora (ITA),3 - 1,12:10 11:8 9:11 11:7,XIAO Maria,2022
European Championships 2022,2022-08-13,KAUFMANN Annett,MITTELHAM Nina,GER,GER,3,0,"11,11,12|5,8,10",R16,OTHER,WD,2617,Main Draw,KAUFMANN Annett (GER),MITTELHAM Nina (GER),SCHREINER Franziska (GER),WINTER Sabine (GER),0 - 3,5:11 8:11 10:12,MITTELHAM Nina,2022
European Championships 2022,2022-08-13,POLCANOVA Sofia,SHAO Jieni,AUT,POR,3,0,"11,11,11|8,6,9",QF,OTHER,WD,2617,Main Draw,POLCANOVA Sofia (AUT),SHAO Jieni (POR),SZOCS Bernadette (ROU),YU Fu (POR),3 - 0,11:8 11:6 11:9,POLCANOVA Sofia,2022
European Championships 2022,2022-08-13,XIAO Maria,MITTELHAM Nina,ESP,GER,3,1,"11,11,11,11|9,13,8,7",QF,OTHER,WD,2617,Main Draw,XIAO Maria (ESP),MITTELHAM Nina (GER),DIACONU Adina (ROU),WINTER Sabine (GER),3 - 1,11:9 11:13 11:8 11:7,XIAO Maria,2022
European Championships 2022,2022-08-13,DE NUTTE Sarah,BERGSTROM Linda,LUX,SWE,3,1,"11,13,7,11|6,11,11,8",QF,OTHER,WD,2617,Main Draw,DE NUTTE Sarah (LUX),BERGSTROM Linda (SWE),NI Xia Lian (LUX),KALLBERG Christina (SWE),3 - 1,11:6 13:11 7:11 11:8,DE NUTTE Sarah,2022
European Championships 2022,2022-08-13,DRAGOMAN Andreea,MATELOVA Hana,ROU,CZE,3,0,"12,11,11|10,7,4",QF,OTHER,WD,2617,Main Draw,DRAGOMAN Andreea (ROU),MATELOVA Hana (CZE),SAMARA Elizabeta (ROU),VARADY Barbora (SVK),3 - 0,12:10 11:7 11:4,DRAGOMAN Andreea,2022
European Championships 2022,2022-08-13,DE NUTTE Sarah,DRAGOMAN Andreea,ROU,LUX,3,1,"6,11,11,11|11,6,9,6",SF,OTHER,WD,2617,Main Draw,DE NUTTE Sarah (LUX),DRAGOMAN Andreea (ROU),NI Xia Lian (LUX),SAMARA Elizabeta (ROU),1 - 3,11:6 6:11 9:11 6:11,DRAGOMAN Andreea,2022
European Championships 2022,2022-08-13,POLCANOVA Sofia,XIAO Maria,AUT,ESP,3,0,"11,11,11|2,7,6",SF,OTHER,WD,2617,Main Draw,POLCANOVA Sofia (AUT),XIAO Maria (ESP),SZOCS Bernadette (ROU),DIACONU Adina (ROU),3 - 0,11:2 11:7 11:6,POLCANOVA Sofia,2022
European Championships 2022,2022-08-13,DRAGOMAN Andreea,POLCANOVA Sofia,AUT,ROU,3,0,"18,11,11|16,6,9",F,OTHER,WD,2617,Main Draw,DRAGOMAN Andreea (ROU),POLCANOVA Sofia (AUT),SAMARA Elizabeta (ROU),SZOCS Bernadette (ROU),0 - 3,16:18 6:11 9:11,POLCANOVA Sofia,2022
European Championships 2022,2022-08-13,BOGDANOVA Baiba,MUNNE Mariona,ESP,LAT,3,2,"11,10,9,11,11|4,12,11,4,9",QR64,OTHER,WD,2617,Qualification,BOGDANOVA Baiba (LAT),MUNNE Mariona (ESP),JANKAUSKIENE Egle (LTU),RODRIGUEZ Angela (ESP),2 - 3,4:11 12:10 11:9 4:11 9:11,MUNNE Mariona,2022
European Championships 2022,2022-08-13,MATOS Ines,BIOGRADLIC Dzana,POR,BIH,3,0,"11,11,11|4,3,7",QR32,OTHER,WD,2617,Qualification,MATOS Ines (POR),BIOGRADLIC Dzana (BIH),PINTO Matilde (POR),GNJATIC Marija (BIH),3 - 0,11:4 11:3 11:7,MATOS Ines,2022
European Championships 2022,2022-08-13,LUPULESKU Izabela,AVAMERI Airi,SRB,EST,3,1,"11,15,6,11|6,13,11,7",QR32,OTHER,WD,2617,Qualification,LUPULESKU Izabela (SRB),AVAMERI Airi (EST),VIGNJEVIC Dragana (SRB),HANSON Reelica (EST),3 - 1,11:6 15:13 6:11 11:7,LUPULESKU Izabela,2022
European Championships 2022,2022-08-13,ERNST Emine,MALOBABIC Ivana,CRO,NED,3,0,"12,12,11|10,10,9",QR32,OTHER,WD,2617,Qualification,ERNST Emine (NED),MALOBABIC Ivana (CRO),MEN Shuohan (NED),YAREMCHUK Solomiya (UKR),0 - 3,10:12 10:12 9:11,MALOBABIC Ivana,2022
European Championships 2022,2022-08-13,ARLIA Nicole,PARIDI Konstantina,ITA,GRE,3,1,"9,11,12,11|11,7,10,5",QR32,OTHER,WD,2617,Qualification,ARLIA Nicole (ITA),PARIDI Konstantina (GRE),MONFARDINI Gaia (ITA),TERPOU Elisavet (GRE),3 - 1,9:11 11:7 12:10 11:5,ARLIA Nicole,2022
European Championships 2022,2022-08-13,CARLSEN Rebekka,GUISNEL Oceane,FRA,NOR,3,2,"12,8,11,7,11|10,11,4,11,7",QR32,OTHER,WD,2617,Qualification,CARLSEN Rebekka (NOR),GUISNEL Oceane (FRA),TOFTAKER Martine (NOR),LUTZ Charlotte (FRA),2 - 3,10:12 11:8 4:11 11:7 7:11,GUISNEL Oceane,2022
European Championships 2022,2022-08-13,KAUFMANN Annett,BARBOSA Ariel,GER,LUX,3,1,"11,9,11,11|7,11,7,6",QR32,OTHER,WD,2617,Qualification,KAUFMANN Annett (GER),BARBOSA Ariel (LUX),SCHREINER Franziska (GER),GONDERINGER Tessy (LUX),3 - 1,11:7 9:11 11:7 11:6,KAUFMANN Annett,2022
European Championships 2022,2022-08-13,HRISTOVA Kalina,XIAO Maria,ESP,BUL,3,1,"12,11,11,11|14,9,7,8",QR32,OTHER,WD,2617,Qualification,HRISTOVA Kalina (BUL),XIAO Maria (ESP),SKATTET Rikke (NOR),DIACONU Adina (ROU),1 - 3,14:12 9:11 7:11 8:11,XIAO Maria,2022
European Championships 2022,2022-08-13,DOBREVA Polina,MESETOVIC Harisa,BUL,BIH,3,0,"11,11,11|6,3,6",QR32,OTHER,WD,2617,Qualification,DOBREVA Polina (BUL),MESETOVIC Harisa (BIH),YOVKOVA Maria (BUL),MELETIE Foteini (CYP),3 - 0,11:6 11:3 11:6,DOBREVA Polina,2022
European Championships 2022,2022-08-13,LUTZ Camille,MUNNE Mariona,ESP,FRA,3,0,"11,11,11|0,0,0",QR32,OTHER,WD,2617,Qualification,LUTZ Camille (FRA),MUNNE Mariona (ESP),PAVADE Prithika (FRA),RODRIGUEZ Angela (ESP),0 - 3,0:11 0:11 0:11,MUNNE Mariona,2022
European Championships 2022,2022-08-13,RILISKYTE Emilija,SURJAN Sabina,SRB,LTU,3,1,"11,11,9,11|9,6,11,4",QR32,OTHER,WD,2617,Qualification,RILISKYTE Emilija (LTU),SURJAN Sabina (SRB),RILISKYTE Kornelija (LTU),TODOROVIC Andrea (SRB),1 - 3,9:11 6:11 11:9 4:11,SURJAN Sabina,2022
European Championships 2022,2022-08-13,TOLIOU Aikaterini,BETZ Ramona Maarit,GRE,FIN,3,1,"9,11,11,11|11,7,6,7",QR32,OTHER,WD,2617,Qualification,TOLIOU Aikaterini (GRE),BETZ Ramona Maarit (FIN),MORET Rachel (SUI),KIRICHENKO Anna (FIN),3 - 1,9:11 11:7 11:6 11:7,TOLIOU Aikaterini,2022
European Championships 2022,2022-08-13,MUSAJEVA Sabina,BALINT Bernadett,HUN,LAT,3,2,"11,11,9,14,11|4,13,11,12,5",QR32,OTHER,WD,2617,Qualification,MUSAJEVA Sabina (LAT),BALINT Bernadett (HUN),CHIRIACOVA Alexandra (MDA),HARTBRICH Leonie (HUN),2 - 3,4:11 13:11 11:9 12:14 5:11,BALINT Bernadett,2022
European Championships 2022,2022-08-13,SOLJA Amelie,ZHANG Sofia-Xuan,AUT,ESP,3,0,"11,11,11|5,7,1",QR32,OTHER,WD,2617,Qualification,SOLJA Amelie (AUT),ZHANG Sofia-Xuan (ESP),SEVCIKOVA Marketa (CZE),DEGRAEF Margo (BEL),3 - 0,11:5 11:7 11:1,SOLJA Amelie,2022
European Championships 2022,2022-08-13,BAJOR Natalia,DE HOOP Sanne,POL,NED,3,0,"11,11,11|8,4,3",QR32,OTHER,WD,2617,Qualification,BAJOR Natalia (POL),DE HOOP Sanne (NED),PARTYKA Natalia (POL),TOKIC Sara (SLO),3 - 0,11:8 11:4 11:3,BAJOR Natalia,2022
European Championships 2022,2022-08-13,ZEQIRI Linda,PUCHOVANOVA Nikoleta,SVK,KOS,3,0,"11,11,11|3,8,7",QR32,OTHER,WD,2617,Qualification,ZEQIRI Linda (KOS),PUCHOVANOVA Nikoleta (SVK),NIKOLOV Amelia (MKD),YILMAZ Ozge (TUR),0 - 3,3:11 8:11 7:11,PUCHOVANOVA Nikoleta,2022
European Championships 2022,2022-08-13,ALTINKAYA Sibel,WEGRZYN Anna,POL,TUR,3,1,"6,11,11,11|11,7,6,6",QR32,OTHER,WD,2617,Qualification,ALTINKAYA Sibel (TUR),WEGRZYN Anna (POL),KULAKCEKEN Simay (TUR),WEGRZYN Katarzyna (POL),1 - 3,11:6 7:11 6:11 6:11,WEGRZYN Anna,2022
European Championships 2022,2022-08-13,SOLJA Amelie,PINTO Matilde,AUT,POR,3,0,"11,11,11|9,5,3",QUAL,OTHER,WS,2617,Qualification,SOLJA Amelie (AUT),PINTO Matilde (POR),,,3 - 0,11:9 11:5 11:3,SOLJA Amelie,2022
European Championships 2022,2022-08-13,SOLJA Amelie,TOKIC Sara,AUT,SLO,3,0,"11,11,11|6,6,3",QUAL,OTHER,WS,2617,Qualification,SOLJA Amelie (AUT),TOKIC Sara (SLO),,,3 - 0,11:6 11:6 11:3,SOLJA Amelie,2022
European Championships 2022,2022-08-13,TOKIC Sara,PINTO Matilde,POR,SLO,3,2,"10,5,11,11,13|12,11,6,6,11",QUAL,OTHER,WS,2617,Qualification,TOKIC Sara (SLO),PINTO Matilde (POR),,,2 - 3,12:10 11:5 6:11 6:11 11:13,PINTO Matilde,2022
European Championships 2022,2022-08-13,MORET Rachel,SKATTET Rikke,SUI,NOR,3,0,"11,11,11|3,5,6",QUAL,OTHER,WS,2617,Qualification,MORET Rachel (SUI),SKATTET Rikke (NOR),,,3 - 0,11:3 11:5 11:6,MORET Rachel,2022
European Championships 2022,2022-08-13,MORET Rachel,ERNST Emine,SUI,NED,3,2,"11,6,9,11,11|5,11,11,3,7",QUAL,OTHER,WS,2617,Qualification,MORET Rachel (SUI),ERNST Emine (NED),,,3 - 2,11:5 6:11 9:11 11:3 11:7,MORET Rachel,2022
European Championships 2022,2022-08-13,ERNST Emine,SKATTET Rikke,NOR,NED,3,0,"11,11,11|9,6,2",QUAL,OTHER,WS,2617,Qualification,ERNST Emine (NED),SKATTET Rikke (NOR),,,0 - 3,9:11 6:11 2:11,SKATTET Rikke,2022
European Championships 2022,2022-08-13,DRAGOMAN Andreea,RILISKYTE Kornelija,ROU,LTU,3,0,"11,11,11|7,5,7",QUAL,OTHER,WS,2617,Qualification,DRAGOMAN Andreea (ROU),RILISKYTE Kornelija (LTU),,,3 - 0,11:7 11:5 11:7,DRAGOMAN Andreea,2022
European Championships 2022,2022-08-13,DRAGOMAN Andreea,VIGNJEVIC Dragana,ROU,SRB,3,1,"11,11,6,11|8,8,11,6",QUAL,OTHER,WS,2617,Qualification,DRAGOMAN Andreea (ROU),VIGNJEVIC Dragana (SRB),,,3 - 1,11:8 11:8 6:11 11:6,DRAGOMAN Andreea,2022
European Championships 2022,2022-08-13,VIGNJEVIC Dragana,RILISKYTE Kornelija,SRB,LTU,3,1,"11,11,11,11|13,6,6,5",QUAL,OTHER,WS,2617,Qualification,VIGNJEVIC Dragana (SRB),RILISKYTE Kornelija (LTU),,,3 - 1,11:13 11:6 11:6 11:5,VIGNJEVIC Dragana,2022
European Championships 2022,2022-08-13,KAUFMANN Annett,AVAMERI Airi,GER,EST,3,1,"6,11,11,11|11,9,5,3",QUAL,OTHER,WS,2617,Qualification,KAUFMANN Annett (GER),AVAMERI Airi (EST),,,3 - 1,6:11 11:9 11:5 11:3,KAUFMANN Annett,2022
European Championships 2022,2022-08-13,KAUFMANN Annett,TERPOU Elisavet,GER,GRE,3,0,"11,11,11|8,2,9",QUAL,OTHER,WS,2617,Qualification,KAUFMANN Annett (GER),TERPOU Elisavet (GRE),,,3 - 0,11:8 11:2 11:9,KAUFMANN Annett,2022
European Championships 2022,2022-08-13,TERPOU Elisavet,AVAMERI Airi,EST,GRE,3,1,"11,11,6,11|7,7,11,7",QUAL,OTHER,WS,2617,Qualification,TERPOU Elisavet (GRE),AVAMERI Airi (EST),,,1 - 3,7:11 7:11 11:6 7:11,AVAMERI Airi,2022
European Championships 2022,2022-08-13,SURJAN Sabina,SEVCIKOVA Marketa,CZE,SRB,3,1,"11,6,11,11|9,11,5,5",QUAL,OTHER,WS,2617,Qualification,SURJAN Sabina (SRB),SEVCIKOVA Marketa (CZE),,,1 - 3,9:11 11:6 5:11 5:11,SEVCIKOVA Marketa,2022
European Championships 2022,2022-08-13,SURJAN Sabina,MONFARDINI Gaia,SRB,ITA,3,1,"9,11,12,11|11,8,10,4",QUAL,OTHER,WS,2617,Qualification,SURJAN Sabina (SRB),MONFARDINI Gaia (ITA),,,3 - 1,9:11 11:8 12:10 11:4,SURJAN Sabina,2022
European Championships 2022,2022-08-13,MONFARDINI Gaia,SEVCIKOVA Marketa,CZE,ITA,3,0,"11,11,11|2,6,8",QUAL,OTHER,WS,2617,Qualification,MONFARDINI Gaia (ITA),SEVCIKOVA Marketa (CZE),,,0 - 3,2:11 6:11 8:11,SEVCIKOVA Marketa,2022
European Championships 2022,2022-08-13,ARLIA Nicole,BARDSLEY Charlotte,ENG,ITA,3,2,"9,4,11,11,11|11,11,8,6,4",QUAL,OTHER,WS,2617,Qualification,ARLIA Nicole (ITA),BARDSLEY Charlotte (ENG),,,2 - 3,11:9 11:4 8:11 6:11 4:11,BARDSLEY Charlotte,2022
European Championships 2022,2022-08-13,ARLIA Nicole,HANSON Reelica,ITA,EST,3,1,"8,11,11,11|11,5,5,3",QUAL,OTHER,WS,2617,Qualification,ARLIA Nicole (ITA),HANSON Reelica (EST),,,3 - 1,8:11 11:5 11:5 11:3,ARLIA Nicole,2022
European Championships 2022,2022-08-13,HANSON Reelica,BARDSLEY Charlotte,ENG,EST,3,0,"11,11,11|3,8,7",QUAL,OTHER,WS,2617,Qualification,HANSON Reelica (EST),BARDSLEY Charlotte (ENG),,,0 - 3,3:11 8:11 7:11,BARDSLEY Charlotte,2022
European Championships 2022,2022-08-13,HARTBRICH Leonie,KIRICHENKO Anna,HUN,FIN,3,0,"11,11,11|9,6,4",QUAL,OTHER,WS,2617,Qualification,HARTBRICH Leonie (HUN),KIRICHENKO Anna (FIN),,,3 - 0,11:9 11:6 11:4,HARTBRICH Leonie,2022
European Championships 2022,2022-08-13,HARTBRICH Leonie,BARBOSA Ariel,HUN,LUX,3,1,"11,9,11,11|8,11,3,6",QUAL,OTHER,WS,2617,Qualification,HARTBRICH Leonie (HUN),BARBOSA Ariel (LUX),,,3 - 1,11:8 9:11 11:3 11:6,HARTBRICH Leonie,2022
European Championships 2022,2022-08-13,BARBOSA Ariel,KIRICHENKO Anna,FIN,LUX,3,0,"11,12,11|8,10,8",QUAL,OTHER,WS,2617,Qualification,BARBOSA Ariel (LUX),KIRICHENKO Anna (FIN),,,0 - 3,8:11 10:12 8:11,KIRICHENKO Anna,2022
European Championships 2022,2022-08-13,JEGER Mateja,SANTOS Patricia,CRO,POR,3,0,"11,11,11|6,1,4",QUAL,OTHER,WS,2617,Qualification,JEGER Mateja (CRO),SANTOS Patricia (POR),,,3 - 0,11:6 11:1 11:4,JEGER Mateja,2022
European Championships 2022,2022-08-13,JEGER Mateja,WEGRZYN Katarzyna,POL,CRO,3,0,"11,11,11|4,5,2",QUAL,OTHER,WS,2617,Qualification,JEGER Mateja (CRO),WEGRZYN Katarzyna (POL),,,0 - 3,4:11 5:11 2:11,WEGRZYN Katarzyna,2022
European Championships 2022,2022-08-13,WEGRZYN Katarzyna,SANTOS Patricia,POL,POR,3,2,"11,11,7,5,11|4,7,11,11,7",QUAL,OTHER,WS,2617,Qualification,WEGRZYN Katarzyna (POL),SANTOS Patricia (POR),,,3 - 2,11:4 11:7 7:11 5:11 11:7,WEGRZYN Katarzyna,2022
European Championships 2022,2022-08-13,MEN Shuohan,BETZ Ramona Maarit,NED,FIN,3,1,"5,14,11,11|11,12,8,6",QUAL,OTHER,WS,2617,Qualification,MEN Shuohan (NED),BETZ Ramona Maarit (FIN),,,3 - 1,5:11 14:12 11:8 11:6,MEN Shuohan,2022
European Championships 2022,2022-08-13,MEN Shuohan,DEGRAEF Margo,NED,BEL,3,0,"11,11,11|8,6,9",QUAL,OTHER,WS,2617,Qualification,MEN Shuohan (NED),DEGRAEF Margo (BEL),,,3 - 0,11:8 11:6 11:9,MEN Shuohan,2022
European Championships 2022,2022-08-13,DEGRAEF Margo,BETZ Ramona Maarit,BEL,FIN,3,0,"11,11,11|8,8,8",QUAL,OTHER,WS,2617,Qualification,DEGRAEF Margo (BEL),BETZ Ramona Maarit (FIN),,,3 - 0,11:8 11:8 11:8,DEGRAEF Margo,2022
European Championships 2022,2022-08-13,MALOBABIC Ivana,YOVKOVA Maria,CRO,BUL,3,0,"14,11,11|12,7,7",QUAL,OTHER,WS,2617,Qualification,MALOBABIC Ivana (CRO),YOVKOVA Maria (BUL),,,3 - 0,14:12 11:7 11:7,MALOBABIC Ivana,2022
European Championships 2022,2022-08-13,MALOBABIC Ivana,KULAKCEKEN Simay,CRO,TUR,3,0,"11,11,11|6,3,6",QUAL,OTHER,WS,2617,Qualification,MALOBABIC Ivana (CRO),KULAKCEKEN Simay (TUR),,,3 - 0,11:6 11:3 11:6,MALOBABIC Ivana,2022
European Championships 2022,2022-08-13,KULAKCEKEN Simay,YOVKOVA Maria,TUR,BUL,3,1,"2,11,11,11|11,9,6,6",QUAL,OTHER,WS,2617,Qualification,KULAKCEKEN Simay (TUR),YOVKOVA Maria (BUL),,,3 - 1,2:11 11:9 11:6 11:6,KULAKCEKEN Simay,2022
European Championships 2022,2022-08-13,HO Tin-Tin,DE HOOP Sanne,ENG,NED,3,0,"11,11,11|5,6,5",QUAL,OTHER,WS,2617,Qualification,HO Tin-Tin (ENG),DE HOOP Sanne (NED),,,3 - 0,11:5 11:6 11:5,HO Tin-Tin,2022
European Championships 2022,2022-08-13,HO Tin-Tin,WEGRZYN Anna,ENG,POL,3,0,"11,11,14|4,3,12",QUAL,OTHER,WS,2617,Qualification,HO Tin-Tin (ENG),WEGRZYN Anna (POL),,,3 - 0,11:4 11:3 14:12,HO Tin-Tin,2022
European Championships 2022,2022-08-13,WEGRZYN Anna,DE HOOP Sanne,POL,NED,3,0,"11,11,11|6,5,4",QUAL,OTHER,WS,2617,Qualification,WEGRZYN Anna (POL),DE HOOP Sanne (NED),,,3 - 0,11:6 11:5 11:4,WEGRZYN Anna,2022
European Championships 2022,2022-08-13,VIVARELLI Debora,TOFTAKER Martine,ITA,NOR,3,1,"11,11,7,12|8,7,11,10",QUAL,OTHER,WS,2617,Qualification,VIVARELLI Debora (ITA),TOFTAKER Martine (NOR),,,3 - 1,11:8 11:7 7:11 12:10,VIVARELLI Debora,2022
European Championships 2022,2022-08-13,VIVARELLI Debora,GONDERINGER Tessy,LUX,ITA,3,1,"11,9,11,11|9,11,5,5",QUAL,OTHER,WS,2617,Qualification,VIVARELLI Debora (ITA),GONDERINGER Tessy (LUX),,,1 - 3,9:11 11:9 5:11 5:11,GONDERINGER Tessy,2022
European Championships 2022,2022-08-13,GONDERINGER Tessy,TOFTAKER Martine,NOR,LUX,3,1,"9,11,13,11|11,9,11,5",QUAL,OTHER,WS,2617,Qualification,GONDERINGER Tessy (LUX),TOFTAKER Martine (NOR),,,1 - 3,11:9 9:11 11:13 5:11,TOFTAKER Martine,2022
European Championships 2022,2022-08-13,ARAPOVIC Hana,PARIDI Konstantina,CRO,GRE,3,2,"11,7,9,11,11|5,11,11,8,5",QUAL,OTHER,WS,2617,Qualification,ARAPOVIC Hana (CRO),PARIDI Konstantina (GRE),,,3 - 2,11:5 7:11 9:11 11:8 11:5,ARAPOVIC Hana,2022
European Championships 2022,2022-08-13,ARAPOVIC Hana,PLAIAN Tania,CRO,ROU,3,2,"17,7,12,9,11|15,11,10,11,4",QUAL,OTHER,WS,2617,Qualification,ARAPOVIC Hana (CRO),PLAIAN Tania (ROU),,,3 - 2,17:15 7:11 12:10 9:11 11:4,ARAPOVIC Hana,2022
European Championships 2022,2022-08-13,PLAIAN Tania,PARIDI Konstantina,ROU,GRE,3,1,"9,11,11,11|11,6,7,8",QUAL,OTHER,WS,2617,Qualification,PLAIAN Tania (ROU),PARIDI Konstantina (GRE),,,3 - 1,9:11 11:6 11:7 11:8,PLAIAN Tania,2022
European Championships 2022,2022-08-13,ZHANG Sofia-Xuan,RILISKYTE Emilija,ESP,LTU,3,0,"11,12,11|4,10,8",QUAL,OTHER,WS,2617,Qualification,ZHANG Sofia-Xuan (ESP),RILISKYTE Emilija (LTU),,,3 - 0,11:4 12:10 11:8,ZHANG Sofia-Xuan,2022
European Championships 2022,2022-08-13,ZHANG Sofia-Xuan,GUISNEL Oceane,FRA,ESP,3,1,"11,7,15,11|9,11,13,8",QUAL,OTHER,WS,2617,Qualification,ZHANG Sofia-Xuan (ESP),GUISNEL Oceane (FRA),,,1 - 3,9:11 11:7 13:15 8:11,GUISNEL Oceane,2022
European Championships 2022,2022-08-13,GUISNEL Oceane,RILISKYTE Emilija,FRA,LTU,3,1,"11,8,11,11|6,11,5,2",QUAL,OTHER,WS,2617,Qualification,GUISNEL Oceane (FRA),RILISKYTE Emilija (LTU),,,3 - 1,11:6 8:11 11:5 11:2,GUISNEL Oceane,2022
European Championships 2022,2022-08-13,LABOSOVA Ema,CARLSEN Rebekka,NOR,SVK,3,1,"11,11,4,11|5,8,11,7",QUAL,OTHER,WS,2617,Qualification,LABOSOVA Ema (SVK),CARLSEN Rebekka (NOR),,,1 - 3,5:11 8:11 11:4 7:11,CARLSEN Rebekka,2022
European Championships 2022,2022-08-13,LABOSOVA Ema,MUSKANTOR Rebecca,SVK,SWE,3,1,"11,9,11,11|8,11,5,3",QUAL,OTHER,WS,2617,Qualification,LABOSOVA Ema (SVK),MUSKANTOR Rebecca (SWE),,,3 - 1,11:8 9:11 11:5 11:3,LABOSOVA Ema,2022
European Championships 2022,2022-08-13,MUSKANTOR Rebecca,CARLSEN Rebekka,NOR,SWE,3,1,"6,11,11,11|11,9,7,6",QUAL,OTHER,WS,2617,Qualification,MUSKANTOR Rebecca (SWE),CARLSEN Rebekka (NOR),,,1 - 3,11:6 9:11 7:11 6:11,CARLSEN Rebekka,2022
European Championships 2022,2022-08-13,LUTZ Charlotte,JANKAUSKIENE Egle,FRA,LTU,3,2,"8,14,11,11,11|11,16,6,3,5",QUAL,OTHER,WS,2617,Qualification,LUTZ Charlotte (FRA),JANKAUSKIENE Egle (LTU),,,3 - 2,8:11 14:16 11:6 11:3 11:5,LUTZ Charlotte,2022
European Championships 2022,2022-08-13,LUTZ Charlotte,BILENKO Tetyana,UKR,FRA,3,2,"9,11,18,11,11|11,7,20,7,5",QUAL,OTHER,WS,2617,Qualification,LUTZ Charlotte (FRA),BILENKO Tetyana (UKR),,,2 - 3,11:9 7:11 20:18 7:11 5:11,BILENKO Tetyana,2022
European Championships 2022,2022-08-13,BILENKO Tetyana,JANKAUSKIENE Egle,UKR,LTU,3,0,"11,11,11|3,7,4",QUAL,OTHER,WS,2617,Qualification,BILENKO Tetyana (UKR),JANKAUSKIENE Egle (LTU),,,3 - 0,11:3 11:7 11:4,BILENKO Tetyana,2022
European Championships 2022,2022-08-13,DOBREVA Polina,MUSAJEVA Sabina,BUL,LAT,3,0,"11,11,11|2,3,6",QUAL,OTHER,WS,2617,Qualification,DOBREVA Polina (BUL),MUSAJEVA Sabina (LAT),,,3 - 0,11:2 11:3 11:6,DOBREVA Polina,2022
European Championships 2022,2022-08-13,DOBREVA Polina,STRAZAR Katarina,BUL,SLO,3,1,"11,11,11,11|7,6,13,9",QUAL,OTHER,WS,2617,Qualification,DOBREVA Polina (BUL),STRAZAR Katarina (SLO),,,3 - 1,11:7 11:6 11:13 11:9,DOBREVA Polina,2022
European Championships 2022,2022-08-13,STRAZAR Katarina,MUSAJEVA Sabina,SLO,LAT,3,0,"11,12,11|4,10,5",QUAL,OTHER,WS,2617,Qualification,STRAZAR Katarina (SLO),MUSAJEVA Sabina (LAT),,,3 - 0,11:4 12:10 11:5,STRAZAR Katarina,2022
European Championships 2022,2022-08-13,MISCHEK-COLUCCI Karoline,RODRIGUEZ Angela,AUT,ESP,3,2,"8,11,11,7,11|11,8,6,11,7",QUAL,OTHER,WS,2617,Qualification,MISCHEK-COLUCCI Karoline (AUT),RODRIGUEZ Angela (ESP),,,3 - 2,8:11 11:8 11:6 7:11 11:7,MISCHEK-COLUCCI Karoline,2022
European Championships 2022,2022-08-13,MISCHEK-COLUCCI Karoline,BLASKOVA Zdena,AUT,CZE,3,2,"7,11,3,11,12|11,5,11,8,10",QUAL,OTHER,WS,2617,Qualification,MISCHEK-COLUCCI Karoline (AUT),BLASKOVA Zdena (CZE),,,3 - 2,7:11 11:5 3:11 11:8 12:10,MISCHEK-COLUCCI Karoline,2022
European Championships 2022,2022-08-13,BLASKOVA Zdena,RODRIGUEZ Angela,CZE,ESP,3,1,"12,11,8,11|10,7,11,6",QUAL,OTHER,WS,2617,Qualification,BLASKOVA Zdena (CZE),RODRIGUEZ Angela (ESP),,,3 - 1,12:10 11:7 8:11 11:6,BLASKOVA Zdena,2022
European Championships 2022,2022-08-13,YAREMCHUK Solomiya,HRISTOVA Kalina,UKR,BUL,3,0,"11,11,11|4,8,5",QUAL,OTHER,WS,2617,Qualification,YAREMCHUK Solomiya (UKR),HRISTOVA Kalina (BUL),,,3 - 0,11:4 11:8 11:5,YAREMCHUK Solomiya,2022
European Championships 2022,2022-08-13,YAREMCHUK Solomiya,MATOS Ines,UKR,POR,3,2,"11,11,8,11,11|5,6,11,13,5",QUAL,OTHER,WS,2617,Qualification,YAREMCHUK Solomiya (UKR),MATOS Ines (POR),,,3 - 2,11:5 11:6 8:11 11:13 11:5,YAREMCHUK Solomiya,2022
European Championships 2022,2022-08-13,MATOS Ines,HRISTOVA Kalina,POR,BUL,3,1,"11,11,8,11|5,5,11,7",QUAL,OTHER,WS,2617,Qualification,MATOS Ines (POR),HRISTOVA Kalina (BUL),,,3 - 1,11:5 11:5 8:11 11:7,MATOS Ines,2022
European Championships 2022,2022-08-13,TOFANT Ana,MELETIE Foteini,SLO,CYP,3,0,"11,11,11|8,6,6",QUAL,OTHER,WS,2617,Qualification,TOFANT Ana (SLO),MELETIE Foteini (CYP),,,3 - 0,11:8 11:6 11:6,TOFANT Ana,2022
European Championships 2022,2022-08-13,TOFANT Ana,PUCHOVANOVA Nikoleta,SLO,SVK,3,2,"11,5,11,2,12|8,11,7,11,10",QUAL,OTHER,WS,2617,Qualification,TOFANT Ana (SLO),PUCHOVANOVA Nikoleta (SVK),,,3 - 2,11:8 5:11 11:7 2:11 12:10,TOFANT Ana,2022
European Championships 2022,2022-08-13,PUCHOVANOVA Nikoleta,MELETIE Foteini,SVK,CYP,3,0,"11,11,11|5,8,6",QUAL,OTHER,WS,2617,Qualification,PUCHOVANOVA Nikoleta (SVK),MELETIE Foteini (CYP),,,3 - 0,11:5 11:8 11:6,PUCHOVANOVA Nikoleta,2022
European Championships 2022,2022-08-13,BALINT Bernadett,BOGDANOVA Baiba,HUN,LAT,3,0,"11,11,11|6,7,7",QUAL,OTHER,WS,2617,Qualification,BALINT Bernadett (HUN),BOGDANOVA Baiba (LAT),,,3 - 0,11:6 11:7 11:7,BALINT Bernadett,2022
European Championships 2022,2022-08-13,CIOBANU Irina,NIKOLOV Amelia,ROU,MKD,3,0,"11,11,11|4,3,1",QUAL,OTHER,WS,2617,Qualification,CIOBANU Irina (ROU),NIKOLOV Amelia (MKD),,,3 - 0,11:4 11:3 11:1,CIOBANU Irina,2022
European Championships 2022,2022-08-13,BALINT Bernadett,CIOBANU Irina,ROU,HUN,3,0,"11,11,12|6,8,10",QUAL,OTHER,WS,2617,Qualification,BALINT Bernadett (HUN),CIOBANU Irina (ROU),,,0 - 3,6:11 8:11 10:12,CIOBANU Irina,2022
European Championships 2022,2022-08-13,BOGDANOVA Baiba,NIKOLOV Amelia,LAT,MKD,3,1,"11,7,11,11|7,11,8,7",QUAL,OTHER,WS,2617,Qualification,BOGDANOVA Baiba (LAT),NIKOLOV Amelia (MKD),,,3 - 1,11:7 7:11 11:8 11:7,BOGDANOVA Baiba,2022
European Championships 2022,2022-08-13,BALINT Bernadett,NIKOLOV Amelia,HUN,MKD,3,0,"11,11,11|4,8,1",QUAL,OTHER,WS,2617,Qualification,BALINT Bernadett (HUN),NIKOLOV Amelia (MKD),,,3 - 0,11:4 11:8 11:1,BALINT Bernadett,2022
European Championships 2022,2022-08-13,CIOBANU Irina,BOGDANOVA Baiba,ROU,LAT,3,0,"11,11,11|3,4,4",QUAL,OTHER,WS,2617,Qualification,CIOBANU Irina (ROU),BOGDANOVA Baiba (LAT),,,3 - 0,11:3 11:4 11:4,CIOBANU Irina,2022
European Championships 2022,2022-08-13,TOLIOU Aikaterini,MUNNE Mariona,GRE,ESP,3,0,"14,11,11|12,9,1",QUAL,OTHER,WS,2617,Qualification,TOLIOU Aikaterini (GRE),MUNNE Mariona (ESP),,,3 - 0,14:12 11:9 11:1,TOLIOU Aikaterini,2022
European Championships 2022,2022-08-13,PARTYKA Natalia,BIOGRADLIC Dzana,POL,BIH,3,0,"11,11,11|7,3,9",QUAL,OTHER,WS,2617,Qualification,PARTYKA Natalia (POL),BIOGRADLIC Dzana (BIH),,,3 - 0,11:7 11:3 11:9,PARTYKA Natalia,2022
European Championships 2022,2022-08-13,TOLIOU Aikaterini,PARTYKA Natalia,POL,GRE,3,0,"11,11,11|8,5,6",QUAL,OTHER,WS,2617,Qualification,TOLIOU Aikaterini (GRE),PARTYKA Natalia (POL),,,0 - 3,8:11 5:11 6:11,PARTYKA Natalia,2022
European Championships 2022,2022-08-13,MUNNE Mariona,BIOGRADLIC Dzana,BIH,ESP,3,2,"11,11,5,5,12|4,3,11,11,10",QUAL,OTHER,WS,2617,Qualification,MUNNE Mariona (ESP),BIOGRADLIC Dzana (BIH),,,2 - 3,4:11 3:11 11:5 11:5 10:12,BIOGRADLIC Dzana,2022
European Championships 2022,2022-08-13,TOLIOU Aikaterini,BIOGRADLIC Dzana,GRE,BIH,3,0,"11,11,11|2,7,7",QUAL,OTHER,WS,2617,Qualification,TOLIOU Aikaterini (GRE),BIOGRADLIC Dzana (BIH),,,3 - 0,11:2 11:7 11:7,TOLIOU Aikaterini,2022
European Championships 2022,2022-08-13,PARTYKA Natalia,MUNNE Mariona,POL,ESP,3,0,"11,11,11|5,2,9",QUAL,OTHER,WS,2617,Qualification,PARTYKA Natalia (POL),MUNNE Mariona (ESP),,,3 - 0,11:5 11:2 11:9,PARTYKA Natalia,2022
European Championships 2022,2022-08-13,YILMAZ Ozge,GNJATIC Marija,TUR,BIH,3,0,"11,11,11|8,9,4",QUAL,OTHER,WS,2617,Qualification,YILMAZ Ozge (TUR),GNJATIC Marija (BIH),,,3 - 0,11:8 11:9 11:4,YILMAZ Ozge,2022
European Championships 2022,2022-08-13,SCHREINER Franziska,CHIRIACOVA Alexandra,GER,MDA,3,0,"12,11,11|10,4,4",QUAL,OTHER,WS,2617,Qualification,SCHREINER Franziska (GER),CHIRIACOVA Alexandra (MDA),,,3 - 0,12:10 11:4 11:4,SCHREINER Franziska,2022
European Championships 2022,2022-08-13,YILMAZ Ozge,SCHREINER Franziska,GER,TUR,3,0,"11,11,11|5,8,6",QUAL,OTHER,WS,2617,Qualification,YILMAZ Ozge (TUR),SCHREINER Franziska (GER),,,0 - 3,5:11 8:11 6:11,SCHREINER Franziska,2022
European Championships 2022,2022-08-13,GNJATIC Marija,CHIRIACOVA Alexandra,MDA,BIH,3,1,"1,11,16,11|11,7,14,5",QUAL,OTHER,WS,2617,Qualification,GNJATIC Marija (BIH),CHIRIACOVA Alexandra (MDA),,,1 - 3,11:1 7:11 14:16 5:11,CHIRIACOVA Alexandra,2022
European Championships 2022,2022-08-13,YILMAZ Ozge,CHIRIACOVA Alexandra,TUR,MDA,3,0,"11,11,11|9,5,7",QUAL,OTHER,WS,2617,Qualification,YILMAZ Ozge (TUR),CHIRIACOVA Alexandra (MDA),,,3 - 0,11:9 11:5 11:7,YILMAZ Ozge,2022
European Championships 2022,2022-08-13,SCHREINER Franziska,GNJATIC Marija,GER,BIH,3,0,"11,11,11|6,6,7",QUAL,OTHER,WS,2617,Qualification,SCHREINER Franziska (GER),GNJATIC Marija (BIH),,,3 - 0,11:6 11:6 11:7,SCHREINER Franziska,2022
European Championships 2022,2022-08-13,TOMANOVSKA Katerina,MESETOVIC Harisa,CZE,BIH,3,0,"11,11,11|6,8,7",QUAL,OTHER,WS,2617,Qualification,TOMANOVSKA Katerina (CZE),MESETOVIC Harisa (BIH),,,3 - 0,11:6 11:8 11:7,TOMANOVSKA Katerina,2022
European Championships 2022,2022-08-13,BERGAND Filippa,ZEQIRI Linda,SWE,KOS,3,0,"11,11,11|3,4,5",QUAL,OTHER,WS,2617,Qualification,BERGAND Filippa (SWE),ZEQIRI Linda (KOS),,,3 - 0,11:3 11:4 11:5,BERGAND Filippa,2022
European Championships 2022,2022-08-13,TOMANOVSKA Katerina,BERGAND Filippa,CZE,SWE,3,2,"8,11,4,11,14|11,7,11,9,12",QUAL,OTHER,WS,2617,Qualification,TOMANOVSKA Katerina (CZE),BERGAND Filippa (SWE),,,3 - 2,8:11 11:7 4:11 11:9 14:12,TOMANOVSKA Katerina,2022
European Championships 2022,2022-08-13,MESETOVIC Harisa,ZEQIRI Linda,BIH,KOS,3,2,"6,11,11,6,13|11,7,5,11,11",QUAL,OTHER,WS,2617,Qualification,MESETOVIC Harisa (BIH),ZEQIRI Linda (KOS),,,3 - 2,6:11 11:7 11:5 6:11 13:11,MESETOVIC Harisa,2022
European Championships 2022,2022-08-13,TOMANOVSKA Katerina,ZEQIRI Linda,CZE,KOS,3,0,"11,11,11|0,0,0",QUAL,OTHER,WS,2617,Qualification,TOMANOVSKA Katerina (CZE),ZEQIRI Linda (KOS),,,3 - 0,11:0 11:0 11:0,TOMANOVSKA Katerina,2022
European Championships 2022,2022-08-13,BERGAND Filippa,MESETOVIC Harisa,SWE,BIH,3,0,"11,11,11|4,6,5",QUAL,OTHER,WS,2617,Qualification,BERGAND Filippa (SWE),MESETOVIC Harisa (BIH),,,3 - 0,11:4 11:6 11:5,BERGAND Filippa,2022
European Championships 2022,2022-08-13,JEGER Mateja,DEGRAEF Margo,CRO,BEL,3,2,"11,9,11,6,11|8,11,3,11,9",QR32,OTHER,WS,2617,Qualification,JEGER Mateja (CRO),DEGRAEF Margo (BEL),,,3 - 2,11:8 9:11 11:3 6:11 11:9,JEGER Mateja,2022
European Championships 2022,2022-08-13,KIRICHENKO Anna,WEGRZYN Anna,POL,FIN,3,1,"11,10,11,11|4,12,4,7",QR32,OTHER,WS,2617,Qualification,KIRICHENKO Anna (FIN),WEGRZYN Anna (POL),,,1 - 3,4:11 12:10 4:11 7:11,WEGRZYN Anna,2022
European Championships 2022,2022-08-13,ARLIA Nicole,KULAKCEKEN Simay,ITA,TUR,3,2,"10,14,11,2,14|12,12,8,11,12",QR32,OTHER,WS,2617,Qualification,ARLIA Nicole (ITA),KULAKCEKEN Simay (TUR),,,3 - 2,10:12 14:12 11:8 2:11 14:12,ARLIA Nicole,2022
European Championships 2022,2022-08-13,SURJAN Sabina,TOFTAKER Martine,SRB,NOR,3,0,"11,11,11|5,4,9",QR32,OTHER,WS,2617,Qualification,SURJAN Sabina (SRB),TOFTAKER Martine (NOR),,,3 - 0,11:5 11:4 11:9,SURJAN Sabina,2022
European Championships 2022,2022-08-13,AVAMERI Airi,PLAIAN Tania,ROU,EST,3,1,"11,11,9,11|5,3,11,8",QR32,OTHER,WS,2617,Qualification,AVAMERI Airi (EST),PLAIAN Tania (ROU),,,1 - 3,5:11 3:11 11:9 8:11,PLAIAN Tania,2022
European Championships 2022,2022-08-13,VIGNJEVIC Dragana,ZHANG Sofia-Xuan,SRB,ESP,3,0,"11,11,11|6,8,6",QR32,OTHER,WS,2617,Qualification,VIGNJEVIC Dragana (SRB),ZHANG Sofia-Xuan (ESP),,,3 - 0,11:6 11:8 11:6,VIGNJEVIC Dragana,2022
European Championships 2022,2022-08-13,SKATTET Rikke,LABOSOVA Ema,NOR,SVK,3,2,"11,5,16,9,11|9,11,14,11,5",QR32,OTHER,WS,2617,Qualification,SKATTET Rikke (NOR),LABOSOVA Ema (SVK),,,3 - 2,11:9 5:11 16:14 9:11 11:5,SKATTET Rikke,2022
European Championships 2022,2022-08-13,PINTO Matilde,LUTZ Charlotte,FRA,POR,3,1,"12,8,11,11|10,11,7,8",QR32,OTHER,WS,2617,Qualification,PINTO Matilde (POR),LUTZ Charlotte (FRA),,,1 - 3,10:12 11:8 7:11 8:11,LUTZ Charlotte,2022
European Championships 2022,2022-08-13,BERGAND Filippa,JEGER Mateja,CRO,SWE,3,1,"11,11,5,11|7,9,11,8",QR16,OTHER,WS,2617,Qualification,BERGAND Filippa (SWE),JEGER Mateja (CRO),,,1 - 3,7:11 9:11 11:5 8:11,JEGER Mateja,2022
European Championships 2022,2022-08-13,YILMAZ Ozge,WEGRZYN Anna,TUR,POL,3,1,"3,11,11,11|11,8,9,8",QR16,OTHER,WS,2617,Qualification,YILMAZ Ozge (TUR),WEGRZYN Anna (POL),,,3 - 1,3:11 11:8 11:9 11:8,YILMAZ Ozge,2022
European Championships 2022,2022-08-13,TOLIOU Aikaterini,ARLIA Nicole,GRE,ITA,3,0,"11,11,11|7,7,8",QR16,OTHER,WS,2617,Qualification,TOLIOU Aikaterini (GRE),ARLIA Nicole (ITA),,,3 - 0,11:7 11:7 11:8,TOLIOU Aikaterini,2022
European Championships 2022,2022-08-13,BALINT Bernadett,SURJAN Sabina,SRB,HUN,3,2,"11,2,9,11,12|8,11,11,7,10",QR16,OTHER,WS,2617,Qualification,BALINT Bernadett (HUN),SURJAN Sabina (SRB),,,2 - 3,8:11 11:2 11:9 7:11 10:12,SURJAN Sabina,2022
European Championships 2022,2022-08-13,PUCHOVANOVA Nikoleta,PLAIAN Tania,ROU,SVK,3,0,"11,11,11|3,8,4",QR16,OTHER,WS,2617,Qualification,PUCHOVANOVA Nikoleta (SVK),PLAIAN Tania (ROU),,,0 - 3,3:11 8:11 4:11,PLAIAN Tania,2022
European Championships 2022,2022-08-13,MATOS Ines,VIGNJEVIC Dragana,SRB,POR,3,1,"12,6,11,11|10,11,7,2",QR16,OTHER,WS,2617,Qualification,MATOS Ines (POR),VIGNJEVIC Dragana (SRB),,,1 - 3,10:12 11:6 7:11 2:11,VIGNJEVIC Dragana,2022
European Championships 2022,2022-08-13,BLASKOVA Zdena,SKATTET Rikke,CZE,NOR,3,1,"7,11,11,11|11,5,7,3",QR16,OTHER,WS,2617,Qualification,BLASKOVA Zdena (CZE),SKATTET Rikke (NOR),,,3 - 1,7:11 11:5 11:7 11:3,BLASKOVA Zdena,2022
European Championships 2022,2022-08-13,STRAZAR Katarina,LUTZ Charlotte,FRA,SLO,3,1,"11,11,6,11|7,9,11,8",QR16,OTHER,WS,2617,Qualification,STRAZAR Katarina (SLO),LUTZ Charlotte (FRA),,,1 - 3,7:11 9:11 11:6 8:11,LUTZ Charlotte,2022
European Championships 2022,2022-08-13,HAN Ying,VIGNJEVIC Dragana,GER,SRB,4,0,"11,11,11,11|5,1,3,2",R64,OTHER,WS,2617,Main Draw,HAN Ying (GER),VIGNJEVIC Dragana (SRB),,,4 - 0,11:5 11:1 11:3 11:2,HAN Ying,2022
European Championships 2022,2022-08-13,LUPULESKU Izabela,CIOBANU Irina,ROU,SRB,4,3,"5,21,7,12,11,13,11|11,19,11,14,7,11,3",R64,OTHER,WS,2617,Main Draw,LUPULESKU Izabela (SRB),CIOBANU Irina (ROU),,,3 - 4,11:5 19:21 11:7 14:12 7:11 11:13 3:11,CIOBANU Irina,2022
European Championships 2022,2022-08-13,EERLAND Britt,BILENKO Tetyana,UKR,NED,4,0,"11,11,11,11|0,0,0,0",R64,OTHER,WS,2617,Main Draw,EERLAND Britt (NED),BILENKO Tetyana (UKR),,,0 - 4,0:11 0:11 0:11 0:11,BILENKO Tetyana,2022
European Championships 2022,2022-08-13,PICCOLIN Giorgia,GONDERINGER Tessy,ITA,LUX,4,1,"12,7,11,11,11|10,11,3,6,7",R64,OTHER,WS,2617,Main Draw,PICCOLIN Giorgia (ITA),GONDERINGER Tessy (LUX),,,4 - 1,12:10 7:11 11:3 11:6 11:7,PICCOLIN Giorgia,2022
European Championships 2022,2022-08-13,SZOCS Bernadette,BLASKOVA Zdena,ROU,CZE,4,0,"11,11,12,11|6,4,10,5",R64,OTHER,WS,2617,Main Draw,SZOCS Bernadette (ROU),BLASKOVA Zdena (CZE),,,4 - 0,11:6 11:4 12:10 11:5,SZOCS Bernadette,2022
European Championships 2022,2022-08-13,MORET Rachel,POTA Georgina,HUN,SUI,4,3,"11,11,9,6,14,8,11|9,9,11,11,12,11,6",R64,OTHER,WS,2617,Main Draw,MORET Rachel (SUI),POTA Georgina (HUN),,,3 - 4,9:11 9:11 11:9 11:6 12:14 11:8 6:11,POTA Georgina,2022
European Championships 2022,2022-08-13,PAVADE Prithika,MALOBABIC Ivana,FRA,CRO,4,1,"9,11,11,11,11|11,5,4,2,7",R64,OTHER,WS,2617,Main Draw,PAVADE Prithika (FRA),MALOBABIC Ivana (CRO),,,4 - 1,9:11 11:5 11:4 11:2 11:7,PAVADE Prithika,2022
European Championships 2022,2022-08-13,YILMAZ Ozge,POLCANOVA Sofia,AUT,TUR,4,0,"11,11,11,11|7,7,7,6",R64,OTHER,WS,2617,Main Draw,YILMAZ Ozge (TUR),POLCANOVA Sofia (AUT),,,0 - 4,7:11 7:11 7:11 6:11,POLCANOVA Sofia,2022
European Championships 2022,2022-08-13,SEVCIKOVA Marketa,KALLBERG Christina,SWE,CZE,4,0,"11,12,11,11|4,10,4,8",R64,OTHER,WS,2617,Main Draw,SEVCIKOVA Marketa (CZE),KALLBERG Christina (SWE),,,0 - 4,4:11 10:12 4:11 8:11,KALLBERG Christina,2022
European Championships 2022,2022-08-13,GUISNEL Oceane,WINTER Sabine,GER,FRA,4,0,"11,11,11,13|6,9,5,11",R64,OTHER,WS,2617,Main Draw,GUISNEL Oceane (FRA),WINTER Sabine (GER),,,0 - 4,6:11 9:11 5:11 11:13,WINTER Sabine,2022
European Championships 2022,2022-08-13,SOLJA Amelie,KUKULKOVA Tatiana,SVK,AUT,4,2,"11,11,10,11,12,14|8,8,12,3,14,12",R64,OTHER,WS,2617,Main Draw,SOLJA Amelie (AUT),KUKULKOVA Tatiana (SVK),,,2 - 4,8:11 8:11 12:10 3:11 14:12 12:14,KUKULKOVA Tatiana,2022
European Championships 2022,2022-08-13,JEGER Mateja,MATELOVA Hana,CZE,CRO,4,2,"12,7,11,7,11,11|10,11,8,11,2,3",R64,OTHER,WS,2617,Main Draw,JEGER Mateja (CRO),MATELOVA Hana (CZE),,,2 - 4,10:12 11:7 8:11 11:7 2:11 3:11,MATELOVA Hana,2022
European Championships 2022,2022-08-13,DOBREVA Polina,NI Xia Lian,LUX,BUL,4,1,"8,11,11,11,11|11,9,2,7,4",R64,OTHER,WS,2617,Main Draw,DOBREVA Polina (BUL),NI Xia Lian (LUX),,,1 - 4,11:8 9:11 2:11 7:11 4:11,NI Xia Lian,2022
European Championships 2022,2022-08-13,WEGRZYN Katarzyna,DIACONU Adina,POL,ROU,4,2,"11,9,11,5,11,11|9,11,9,11,5,8",R64,OTHER,WS,2617,Main Draw,WEGRZYN Katarzyna (POL),DIACONU Adina (ROU),,,4 - 2,11:9 9:11 11:9 5:11 11:5 11:8,WEGRZYN Katarzyna,2022
European Championships 2022,2022-08-13,HARTBRICH Leonie,HAPONOVA Hanna,UKR,HUN,4,1,"11,13,11,14,11|8,15,8,12,9",R64,OTHER,WS,2617,Main Draw,HARTBRICH Leonie (HUN),HAPONOVA Hanna (UKR),,,1 - 4,8:11 15:13 8:11 12:14 9:11,HAPONOVA Hanna,2022
European Championships 2022,2022-08-13,KAUFMANN Annett,BAJOR Natalia,POL,GER,4,3,"11,9,12,11,10,8,11|7,11,10,7,12,11,9",R64,OTHER,WS,2617,Main Draw,KAUFMANN Annett (GER),BAJOR Natalia (POL),,,3 - 4,7:11 11:9 10:12 7:11 12:10 11:8 9:11,BAJOR Natalia,2022
European Championships 2022,2022-08-13,VARADY Barbora,PARTYKA Natalia,POL,SVK,4,3,"5,11,7,11,5,11,11|11,6,11,9,11,9,7",R64,OTHER,WS,2617,Main Draw,VARADY Barbora (SVK),PARTYKA Natalia (POL),,,3 - 4,11:5 6:11 11:7 9:11 11:5 9:11 7:11,PARTYKA Natalia,2022
European Championships 2022,2022-08-13,ARAPOVIC Hana,LUTZ Camille,CRO,FRA,4,3,"5,11,11,6,11,12,11|11,9,9,11,4,14,6",R64,OTHER,WS,2617,Main Draw,ARAPOVIC Hana (CRO),LUTZ Camille (FRA),,,4 - 3,5:11 11:9 11:9 6:11 11:4 12:14 11:6,ARAPOVIC Hana,2022
European Championships 2022,2022-08-13,SHAN Xiaona,PLAIAN Tania,GER,ROU,4,0,"11,11,11,13|7,5,9,11",R64,OTHER,WS,2617,Main Draw,SHAN Xiaona (GER),PLAIAN Tania (ROU),,,4 - 0,11:7 11:5 11:9 13:11,SHAN Xiaona,2022
European Championships 2022,2022-08-13,MADARASZ Dora,YAREMCHUK Solomiya,HUN,UKR,4,1,"11,11,11,8,11|6,4,6,11,8",R64,OTHER,WS,2617,Main Draw,MADARASZ Dora (HUN),YAREMCHUK Solomiya (UKR),,,4 - 1,11:6 11:4 11:6 8:11 11:8,MADARASZ Dora,2022
European Championships 2022,2022-08-13,MEN Shuohan,SAMARA Elizabeta,ROU,NED,4,0,"11,11,11,11|2,7,4,7",R64,OTHER,WS,2617,Main Draw,MEN Shuohan (NED),SAMARA Elizabeta (ROU),,,0 - 4,2:11 7:11 4:11 7:11,SAMARA Elizabeta,2022
European Championships 2022,2022-08-13,ALTINKAYA Sibel,MISCHEK-COLUCCI Karoline,AUT,TUR,4,1,"11,15,9,12,11|8,13,11,10,9",R64,OTHER,WS,2617,Main Draw,ALTINKAYA Sibel (TUR),MISCHEK-COLUCCI Karoline (AUT),,,1 - 4,8:11 13:15 11:9 10:12 9:11,MISCHEK-COLUCCI Karoline,2022
European Championships 2022,2022-08-13,XIAO Maria,SCHREINER Franziska,ESP,GER,4,3,"11,11,7,11,8,6,11|7,4,11,7,11,11,9",R64,OTHER,WS,2617,Main Draw,XIAO Maria (ESP),SCHREINER Franziska (GER),,,4 - 3,11:7 11:4 7:11 11:7 8:11 6:11 11:9,XIAO Maria,2022
European Championships 2022,2022-08-13,BERGSTROM Linda,CARLSEN Rebekka,SWE,NOR,4,0,"11,11,11,11|3,9,3,7",R64,OTHER,WS,2617,Main Draw,BERGSTROM Linda (SWE),CARLSEN Rebekka (NOR),,,4 - 0,11:3 11:9 11:3 11:7,BERGSTROM Linda,2022
European Championships 2022,2022-08-13,DE NUTTE Sarah,HO Tin-Tin,ENG,LUX,4,3,"9,11,9,11,11,5,12|11,6,11,6,6,11,10",R64,OTHER,WS,2617,Main Draw,DE NUTTE Sarah (LUX),HO Tin-Tin (ENG),,,3 - 4,11:9 6:11 11:9 6:11 6:11 11:5 10:12,HO Tin-Tin,2022
European Championships 2022,2022-08-13,SHAO Jieni,BARDSLEY Charlotte,POR,ENG,4,0,"11,11,11,11|5,3,5,6",R64,OTHER,WS,2617,Main Draw,SHAO Jieni (POR),BARDSLEY Charlotte (ENG),,,4 - 0,11:5 11:3 11:5 11:6,SHAO Jieni,2022
European Championships 2022,2022-08-13,SURJAN Sabina,YU Fu,SRB,POR,4,2,"9,13,14,11,11,11|11,11,16,9,4,4",R64,OTHER,WS,2617,Main Draw,SURJAN Sabina (SRB),YU Fu (POR),,,4 - 2,9:11 13:11 14:16 11:9 11:4 11:4,SURJAN Sabina,2022
European Championships 2022,2022-08-13,YUAN Jia Nan,TOLIOU Aikaterini,FRA,GRE,4,3,"11,15,13,9,11,9,11|3,17,11,11,9,11,4",R64,OTHER,WS,2617,Main Draw,YUAN Jia Nan (FRA),TOLIOU Aikaterini (GRE),,,4 - 3,11:3 15:17 13:11 9:11 11:9 9:11 11:4,YUAN Jia Nan,2022
European Championships 2022,2022-08-13,TOFANT Ana,PESOTSKA Margaryta,UKR,SLO,4,3,"11,11,11,9,10,8,11|4,7,9,11,12,11,6",R64,OTHER,WS,2617,Main Draw,TOFANT Ana (SLO),PESOTSKA Margaryta (UKR),,,3 - 4,4:11 7:11 9:11 11:9 12:10 11:8 6:11,PESOTSKA Margaryta,2022
European Championships 2022,2022-08-13,DRAGOMAN Andreea,TODOROVIC Andrea,ROU,SRB,4,1,"11,12,11,5,11|8,10,8,11,6",R64,OTHER,WS,2617,Main Draw,DRAGOMAN Andreea (ROU),TODOROVIC Andrea (SRB),,,4 - 1,11:8 12:10 11:8 5:11 11:6,DRAGOMAN Andreea,2022
European Championships 2022,2022-08-13,WAN Yuan,TOMANOVSKA Katerina,GER,CZE,4,2,"4,6,11,11,11,11|11,11,4,7,5,9",R64,OTHER,WS,2617,Main Draw,WAN Yuan (GER),TOMANOVSKA Katerina (CZE),,,4 - 2,4:11 6:11 11:4 11:7 11:5 11:9,WAN Yuan,2022
European Championships 2022,2022-08-13,LUTZ Charlotte,MITTELHAM Nina,GER,FRA,4,1,"10,11,11,11,11|12,7,8,6,3",R64,OTHER,WS,2617,Main Draw,LUTZ Charlotte (FRA),MITTELHAM Nina (GER),,,1 - 4,12:10 7:11 8:11 6:11 3:11,MITTELHAM Nina,2022
European Championships 2022,2022-08-13,HAN Ying,KALLBERG Christina,GER,SWE,4,0,"11,11,11,11|9,6,4,4",R32,OTHER,WS,2617,Main Draw,HAN Ying (GER),KALLBERG Christina (SWE),,,4 - 0,11:9 11:6 11:4 11:4,HAN Ying,2022
European Championships 2022,2022-08-13,BILENKO Tetyana,KUKULKOVA Tatiana,SVK,UKR,4,1,"11,11,11,5,11|4,8,4,11,7",R32,OTHER,WS,2617,Main Draw,BILENKO Tetyana (UKR),KUKULKOVA Tatiana (SVK),,,1 - 4,4:11 8:11 4:11 11:5 7:11,KUKULKOVA Tatiana,2022
European Championships 2022,2022-08-13,PICCOLIN Giorgia,MATELOVA Hana,ITA,CZE,4,2,"9,11,11,11,8,11|11,9,8,6,11,8",R32,OTHER,WS,2617,Main Draw,PICCOLIN Giorgia (ITA),MATELOVA Hana (CZE),,,4 - 2,9:11 11:9 11:8 11:6 8:11 11:8,PICCOLIN Giorgia,2022
European Championships 2022,2022-08-13,MISCHEK-COLUCCI Karoline,SURJAN Sabina,SRB,AUT,4,0,"11,11,11,11|8,7,9,6",R32,OTHER,WS,2617,Main Draw,MISCHEK-COLUCCI Karoline (AUT),SURJAN Sabina (SRB),,,0 - 4,8:11 7:11 9:11 6:11,SURJAN Sabina,2022
European Championships 2022,2022-08-13,CIOBANU Irina,WINTER Sabine,GER,ROU,4,3,"7,10,11,7,11,12,12|11,12,7,11,6,10,10",R32,OTHER,WS,2617,Main Draw,CIOBANU Irina (ROU),WINTER Sabine (GER),,,3 - 4,11:7 12:10 7:11 11:7 6:11 10:12 10:12,WINTER Sabine,2022
European Championships 2022,2022-08-13,SHAN Xiaona,WEGRZYN Katarzyna,GER,POL,4,0,"11,11,11,11|9,4,3,7",R32,OTHER,WS,2617,Main Draw,SHAN Xiaona (GER),WEGRZYN Katarzyna (POL),,,4 - 0,11:9 11:4 11:3 11:7,SHAN Xiaona,2022
European Championships 2022,2022-08-13,MADARASZ Dora,SAMARA Elizabeta,ROU,HUN,4,3,"11,6,11,17,7,13,11|8,11,5,19,11,11,8",R32,OTHER,WS,2617,Main Draw,MADARASZ Dora (HUN),SAMARA Elizabeta (ROU),,,3 - 4,8:11 11:6 5:11 19:17 11:7 11:13 8:11,SAMARA Elizabeta,2022
European Championships 2022,2022-08-13,SHAO Jieni,HAPONOVA Hanna,POR,UKR,4,1,"11,11,11,9,11|8,7,7,11,6",R32,OTHER,WS,2617,Main Draw,SHAO Jieni (POR),HAPONOVA Hanna (UKR),,,4 - 1,11:8 11:7 11:7 9:11 11:6,SHAO Jieni,2022
European Championships 2022,2022-08-13,SZOCS Bernadette,POTA Georgina,ROU,HUN,4,0,"11,11,11,11|7,7,8,3",R32,OTHER,WS,2617,Main Draw,SZOCS Bernadette (ROU),POTA Georgina (HUN),,,4 - 0,11:7 11:7 11:8 11:3,SZOCS Bernadette,2022
European Championships 2022,2022-08-13,PAVADE Prithika,NI Xia Lian,LUX,FRA,4,3,"2,8,11,11,9,11,11|11,11,9,7,11,2,5",R32,OTHER,WS,2617,Main Draw,PAVADE Prithika (FRA),NI Xia Lian (LUX),,,3 - 4,11:2 11:8 9:11 7:11 11:9 2:11 5:11,NI Xia Lian,2022
European Championships 2022,2022-08-13,PARTYKA Natalia,ARAPOVIC Hana,POL,CRO,4,3,"11,11,7,11,9,5,12|2,6,11,6,11,11,10",R32,OTHER,WS,2617,Main Draw,PARTYKA Natalia (POL),ARAPOVIC Hana (CRO),,,4 - 3,11:2 11:6 7:11 11:6 9:11 5:11 12:10,PARTYKA Natalia,2022
European Championships 2022,2022-08-13,HO Tin-Tin,POLCANOVA Sofia,AUT,ENG,4,1,"11,11,11,9,11|9,9,9,11,8",R32,OTHER,WS,2617,Main Draw,HO Tin-Tin (ENG),POLCANOVA Sofia (AUT),,,1 - 4,9:11 9:11 9:11 11:9 8:11,POLCANOVA Sofia,2022
European Championships 2022,2022-08-13,YUAN Jia Nan,BAJOR Natalia,FRA,POL,4,1,"11,11,11,9,11|9,6,6,11,6",R32,OTHER,WS,2617,Main Draw,YUAN Jia Nan (FRA),BAJOR Natalia (POL),,,4 - 1,11:9 11:6 11:6 9:11 11:6,YUAN Jia Nan,2022
European Championships 2022,2022-08-13,XIAO Maria,PESOTSKA Margaryta,UKR,ESP,4,2,"11,3,11,11,8,11|8,11,8,7,11,6",R32,OTHER,WS,2617,Main Draw,XIAO Maria (ESP),PESOTSKA Margaryta (UKR),,,2 - 4,8:11 11:3 8:11 7:11 11:8 6:11,PESOTSKA Margaryta,2022
European Championships 2022,2022-08-13,BERGSTROM Linda,DRAGOMAN Andreea,ROU,SWE,4,1,"11,4,16,11,11|9,11,14,9,7",R32,OTHER,WS,2617,Main Draw,BERGSTROM Linda (SWE),DRAGOMAN Andreea (ROU),,,1 - 4,9:11 11:4 14:16 9:11 7:11,DRAGOMAN Andreea,2022
European Championships 2022,2022-08-13,WAN Yuan,MITTELHAM Nina,GER,GER,4,1,"11,11,11,9,12|2,6,3,11,10",R32,OTHER,WS,2617,Main Draw,WAN Yuan (GER),MITTELHAM Nina (GER),,,1 - 4,2:11 6:11 3:11 11:9 10:12,MITTELHAM Nina,2022
European Championships 2022,2022-08-13,HAN Ying,WINTER Sabine,GER,GER,4,0,"11,11,11,11|0,0,0,0",R16,OTHER,WS,2617,Main Draw,HAN Ying (GER),WINTER Sabine (GER),,,0 - 4,0:11 0:11 0:11 0:11,WINTER Sabine,2022
European Championships 2022,2022-08-13,KUKULKOVA Tatiana,PICCOLIN Giorgia,ITA,SVK,4,1,"11,12,11,9,11|7,10,3,11,2",R16,OTHER,WS,2617,Main Draw,KUKULKOVA Tatiana (SVK),PICCOLIN Giorgia (ITA),,,1 - 4,7:11 10:12 3:11 11:9 2:11,PICCOLIN Giorgia,2022
European Championships 2022,2022-08-13,SZOCS Bernadette,NI Xia Lian,ROU,LUX,4,3,"0,16,9,11,11,11,16|11,18,11,8,8,7,14",R16,OTHER,WS,2617,Main Draw,SZOCS Bernadette (ROU),NI Xia Lian (LUX),,,4 - 3,0:11 16:18 9:11 11:8 11:8 11:7 16:14,SZOCS Bernadette,2022
European Championships 2022,2022-08-13,PARTYKA Natalia,POLCANOVA Sofia,AUT,POL,4,2,"12,6,11,6,13,11|10,11,7,11,11,7",R16,OTHER,WS,2617,Main Draw,PARTYKA Natalia (POL),POLCANOVA Sofia (AUT),,,2 - 4,10:12 11:6 7:11 11:6 11:13 7:11,POLCANOVA Sofia,2022
European Championships 2022,2022-08-13,SHAN Xiaona,SAMARA Elizabeta,GER,ROU,4,0,"11,11,11,11|7,5,9,9",R16,OTHER,WS,2617,Main Draw,SHAN Xiaona (GER),SAMARA Elizabeta (ROU),,,4 - 0,11:7 11:5 11:9 11:9,SHAN Xiaona,2022
European Championships 2022,2022-08-13,SHAO Jieni,SURJAN Sabina,POR,SRB,4,2,"11,9,11,7,14,12|8,11,7,11,12,10",R16,OTHER,WS,2617,Main Draw,SHAO Jieni (POR),SURJAN Sabina (SRB),,,4 - 2,11:8 9:11 11:7 7:11 14:12 12:10,SHAO Jieni,2022
European Championships 2022,2022-08-13,YUAN Jia Nan,PESOTSKA Margaryta,FRA,UKR,4,3,"11,13,7,7,6,11,11|7,11,11,11,11,5,9",R16,OTHER,WS,2617,Main Draw,YUAN Jia Nan (FRA),PESOTSKA Margaryta (UKR),,,4 - 3,11:7 13:11 7:11 7:11 6:11 11:5 11:9,YUAN Jia Nan,2022
European Championships 2022,2022-08-13,DRAGOMAN Andreea,MITTELHAM Nina,GER,ROU,4,2,"11,5,11,12,2,11|7,11,7,10,11,7",R16,OTHER,WS,2617,Main Draw,DRAGOMAN Andreea (ROU),MITTELHAM Nina (GER),,,2 - 4,7:11 11:5 7:11 10:12 11:2 7:11,MITTELHAM Nina,2022
European Championships 2022,2022-08-13,WINTER Sabine,PICCOLIN Giorgia,GER,ITA,4,0,"11,11,11,11|9,8,7,6",QF,OTHER,WS,2617,Main Draw,WINTER Sabine (GER),PICCOLIN Giorgia (ITA),,,4 - 0,11:9 11:8 11:7 11:6,WINTER Sabine,2022
European Championships 2022,2022-08-13,SZOCS Bernadette,POLCANOVA Sofia,AUT,ROU,4,2,"11,4,11,11,6,11|6,11,8,6,11,5",QF,OTHER,WS,2617,Main Draw,SZOCS Bernadette (ROU),POLCANOVA Sofia (AUT),,,2 - 4,6:11 11:4 8:11 6:11 11:6 5:11,POLCANOVA Sofia,2022
European Championships 2022,2022-08-13,SHAN Xiaona,SHAO Jieni,GER,POR,4,3,"9,14,11,10,11,9,11|11,12,6,12,8,11,8",QF,OTHER,WS,2617,Main Draw,SHAN Xiaona (GER),SHAO Jieni (POR),,,4 - 3,9:11 14:12 11:6 10:12 11:8 9:11 11:8,SHAN Xiaona,2022
European Championships 2022,2022-08-13,YUAN Jia Nan,MITTELHAM Nina,GER,FRA,4,3,"13,5,5,11,8,11,11|11,11,11,7,11,9,6",QF,OTHER,WS,2617,Main Draw,YUAN Jia Nan (FRA),MITTELHAM Nina (GER),,,3 - 4,11:13 11:5 11:5 7:11 11:8 9:11 6:11,MITTELHAM Nina,2022
European Championships 2022,2022-08-13,WINTER Sabine,POLCANOVA Sofia,AUT,GER,4,3,"11,11,6,14,9,9,12|9,3,11,12,11,11,10",SF,OTHER,WS,2617,Main Draw,WINTER Sabine (GER),POLCANOVA Sofia (AUT),,,3 - 4,9:11 3:11 11:6 12:14 11:9 11:9 10:12,POLCANOVA Sofia,2022
European Championships 2022,2022-08-13,SHAN Xiaona,MITTELHAM Nina,GER,GER,4,1,"11,5,11,11,13|3,11,3,6,11",SF,OTHER,WS,2617,Main Draw,SHAN Xiaona (GER),MITTELHAM Nina (GER),,,1 - 4,3:11 11:5 3:11 6:11 11:13,MITTELHAM Nina,2022
European Championships 2022,2022-08-13,POLCANOVA Sofia,MITTELHAM Nina,AUT,GER,4,0,"11,11,11,11|9,2,0,0",F,OTHER,WS,2617,Main Draw,POLCANOVA Sofia (AUT),MITTELHAM Nina (GER),,,4 - 0,11:9 11:2 11:0 11:0,POLCANOVA Sofia,2022
European Championships 2022,2022-08-13,KARLSSON Kristian,KOZUL Deni,SLO,SWE,3,1,"6,11,11,11|11,9,6,8",R32,OTHER,XD,2617,Main Draw,KARLSSON Kristian (SWE),KOZUL Deni (SLO),KALLBERG Christina (SWE),STRAZAR Katarina (SLO),1 - 3,11:6 9:11 6:11 8:11,KOZUL Deni,2022
European Championships 2022,2022-08-13,HAUG Borgar,ECSEKI Nandor,HUN,NOR,3,0,"11,11,11|5,7,4",R32,OTHER,XD,2617,Main Draw,HAUG Borgar (NOR),ECSEKI Nandor (HUN),CARLSEN Rebekka (NOR),MADARASZ Dora (HUN),0 - 3,5:11 7:11 4:11,ECSEKI Nandor,2022
European Championships 2022,2022-08-13,PISTEJ Lubomir,BUCH Martin,SVK,DEN,3,2,"9,11,11,9,17|11,5,4,11,15",R32,OTHER,XD,2617,Main Draw,PISTEJ Lubomir (SVK),BUCH Martin (DEN),VARADY Barbora (SVK),MATOS Ines (POR),3 - 2,9:11 11:5 11:4 9:11 17:15,PISTEJ Lubomir,2022
European Championships 2022,2022-08-13,DUDA Benedikt,GLOD Eric,GER,LUX,3,1,"11,11,10,11|8,5,12,8",R32,OTHER,XD,2617,Main Draw,DUDA Benedikt (GER),GLOD Eric (LUX),WINTER Sabine (GER),DE NUTTE Sarah (LUX),3 - 1,11:8 11:5 10:12 11:8,DUDA Benedikt,2022
European Championships 2022,2022-08-13,DYJAS Jakub,GUNDUZ Ibrahim,POL,TUR,3,0,"12,12,14|10,10,12",R32,OTHER,XD,2617,Main Draw,DYJAS Jakub (POL),GUNDUZ Ibrahim (TUR),PARTYKA Natalia (POL),ALTINKAYA Sibel (TUR),3 - 0,12:10 12:10 14:12,DYJAS Jakub,2022
European Championships 2022,2022-08-13,MOULLET Barish,ROBLES Alvaro,ESP,SUI,3,1,"11,11,10,11|1,7,12,4",R32,OTHER,XD,2617,Main Draw,MOULLET Barish (SUI),ROBLES Alvaro (ESP),MORET Rachel (SUI),XIAO Maria (ESP),1 - 3,1:11 7:11 12:10 4:11,ROBLES Alvaro,2022
European Championships 2022,2022-08-13,WANG Yang,OLAH Benedek,SVK,FIN,3,1,"5,11,11,12|11,4,5,10",R32,OTHER,XD,2617,Main Draw,WANG Yang (SVK),OLAH Benedek (FIN),KUKULKOVA Tatiana (SVK),EERLAND Britt (NED),3 - 1,5:11 11:4 11:5 12:10,WANG Yang,2022
European Championships 2022,2022-08-13,ZELJKO Filip,GAUZY Simon,FRA,CRO,3,0,"11,11,11|6,7,2",R32,OTHER,XD,2617,Main Draw,ZELJKO Filip (CRO),GAUZY Simon (FRA),JEGER Mateja (CRO),PAVADE Prithika (FRA),0 - 3,6:11 7:11 2:11,GAUZY Simon,2022
European Championships 2022,2022-08-13,LEBESSON Emmanuel,KONSTANTINOPOULOS Konstantinos,FRA,GRE,3,0,"11,11,11|5,9,4",R32,OTHER,XD,2617,Main Draw,LEBESSON Emmanuel (FRA),KONSTANTINOPOULOS Konstantinos (GRE),YUAN Jia Nan (FRA),TERPOU Elisavet (GRE),3 - 0,11:5 11:9 11:4,LEBESSON Emmanuel,2022
European Championships 2022,2022-08-13,HABESOHN Daniel,YIGENLER Abdullah,AUT,TUR,3,0,"11,11,11|8,7,8",R32,OTHER,XD,2617,Main Draw,HABESOHN Daniel (AUT),YIGENLER Abdullah (TUR),SAMARA Elizabeta (ROU),YILMAZ Ozge (TUR),3 - 0,11:8 11:7 11:8,HABESOHN Daniel,2022
European Championships 2022,2022-08-13,QIU Dang,MOREGARD Truls,GER,SWE,3,2,"4,11,12,12,11|11,7,14,10,3",R32,OTHER,XD,2617,Main Draw,QIU Dang (GER),MOREGARD Truls (SWE),MITTELHAM Nina (GER),BERGSTROM Linda (SWE),3 - 2,4:11 11:7 12:14 12:10 11:3,QIU Dang,2022
European Championships 2022,2022-08-13,JARVIS Tom,GARDOS Robert,AUT,ENG,3,1,"11,6,11,11|6,11,9,7",R32,OTHER,XD,2617,Main Draw,JARVIS Tom (ENG),GARDOS Robert (AUT),BARDSLEY Charlotte (ENG),POLCANOVA Sofia (AUT),1 - 3,6:11 11:6 9:11 7:11,GARDOS Robert,2022
European Championships 2022,2022-08-13,LEVAJAC Dimitrije,CABALLERO Carlos,SRB,ESP,3,1,"11,6,11,11|6,11,7,8",R32,OTHER,XD,2617,Main Draw,LEVAJAC Dimitrije (SRB),CABALLERO Carlos (ESP),LUPULESKU Izabela (SRB),ZHANG Sofia-Xuan (ESP),3 - 1,11:6 6:11 11:7 11:8,LEVAJAC Dimitrije,2022
European Championships 2022,2022-08-13,KULCZYCKI Samuel,PITCHFORD Liam,POL,ENG,3,2,"4,11,6,11,11|11,8,11,3,5",R32,OTHER,XD,2617,Main Draw,KULCZYCKI Samuel (POL),PITCHFORD Liam (ENG),WEGRZYN Katarzyna (POL),HO Tin-Tin (ENG),3 - 2,4:11 11:8 6:11 11:3 11:5,KULCZYCKI Samuel,2022
European Championships 2022,2022-08-13,STOYANOV Niagol,MLADENOVIC Luka,LUX,ITA,3,2,"8,11,9,11,12|11,8,11,4,10",R32,OTHER,XD,2617,Main Draw,STOYANOV Niagol (ITA),MLADENOVIC Luka (LUX),PICCOLIN Giorgia (ITA),NI Xia Lian (LUX),2 - 3,11:8 8:11 11:9 4:11 10:12,MLADENOVIC Luka,2022
European Championships 2022,2022-08-13,LIMONOV Anton,IONESCU Ovidiu,ROU,UKR,3,1,"11,4,11,11|3,11,9,6",R32,OTHER,XD,2617,Main Draw,LIMONOV Anton (UKR),IONESCU Ovidiu (ROU),YAREMCHUK Solomiya (UKR),SZOCS Bernadette (ROU),1 - 3,3:11 11:4 9:11 6:11,IONESCU Ovidiu,2022
European Championships 2022,2022-08-13,LEBESSON Emmanuel,HABESOHN Daniel,FRA,AUT,3,0,"11,11,11|8,9,6",R16,OTHER,XD,2617,Main Draw,LEBESSON Emmanuel (FRA),HABESOHN Daniel (AUT),YUAN Jia Nan (FRA),SAMARA Elizabeta (ROU),3 - 0,11:8 11:9 11:6,LEBESSON Emmanuel,2022
European Championships 2022,2022-08-13,KOZUL Deni,ECSEKI Nandor,HUN,SLO,3,2,"7,11,10,11,11|11,7,12,2,7",R16,OTHER,XD,2617,Main Draw,KOZUL Deni (SLO),ECSEKI Nandor (HUN),STRAZAR Katarina (SLO),MADARASZ Dora (HUN),2 - 3,11:7 7:11 12:10 2:11 7:11,ECSEKI Nandor,2022
European Championships 2022,2022-08-13,PISTEJ Lubomir,DUDA Benedikt,SVK,GER,3,0,"13,11,11|11,9,9",R16,OTHER,XD,2617,Main Draw,PISTEJ Lubomir (SVK),DUDA Benedikt (GER),VARADY Barbora (SVK),WINTER Sabine (GER),3 - 0,13:11 11:9 11:9,PISTEJ Lubomir,2022
European Championships 2022,2022-08-13,DYJAS Jakub,ROBLES Alvaro,ESP,POL,3,0,"11,16,12|9,14,10",R16,OTHER,XD,2617,Main Draw,DYJAS Jakub (POL),ROBLES Alvaro (ESP),PARTYKA Natalia (POL),XIAO Maria (ESP),0 - 3,9:11 14:16 10:12,ROBLES Alvaro,2022
European Championships 2022,2022-08-13,QIU Dang,GARDOS Robert,AUT,GER,3,1,"11,6,11,11|0,11,9,9",R16,OTHER,XD,2617,Main Draw,QIU Dang (GER),GARDOS Robert (AUT),MITTELHAM Nina (GER),POLCANOVA Sofia (AUT),1 - 3,0:11 11:6 9:11 9:11,GARDOS Robert,2022
European Championships 2022,2022-08-13,WANG Yang,GAUZY Simon,FRA,SVK,3,0,"11,11,11|1,9,9",R16,OTHER,XD,2617,Main Draw,WANG Yang (SVK),GAUZY Simon (FRA),KUKULKOVA Tatiana (SVK),PAVADE Prithika (FRA),0 - 3,1:11 9:11 9:11,GAUZY Simon,2022
European Championships 2022,2022-08-13,LEVAJAC Dimitrije,KULCZYCKI Samuel,POL,SRB,3,1,"11,9,13,11|8,11,11,6",R16,OTHER,XD,2617,Main Draw,LEVAJAC Dimitrije (SRB),KULCZYCKI Samuel (POL),LUPULESKU Izabela (SRB),WEGRZYN Katarzyna (POL),1 - 3,8:11 11:9 11:13 6:11,KULCZYCKI Samuel,2022
European Championships 2022,2022-08-13,MLADENOVIC Luka,IONESCU Ovidiu,ROU,LUX,3,1,"12,9,11,11|10,11,7,8",R16,OTHER,XD,2617,Main Draw,MLADENOVIC Luka (LUX),IONESCU Ovidiu (ROU),NI Xia Lian (LUX),SZOCS Bernadette (ROU),1 - 3,10:12 11:9 7:11 8:11,IONESCU Ovidiu,2022
European Championships 2022,2022-08-13,GARDOS Robert,GAUZY Simon,AUT,FRA,3,1,"11,5,11,11|9,11,7,5",QF,OTHER,XD,2617,Main Draw,GARDOS Robert (AUT),GAUZY Simon (FRA),POLCANOVA Sofia (AUT),PAVADE Prithika (FRA),3 - 1,11:9 5:11 11:7 11:5,GARDOS Robert,2022
European Championships 2022,2022-08-13,KULCZYCKI Samuel,IONESCU Ovidiu,ROU,POL,3,1,"11,11,5,14|5,9,11,12",QF,OTHER,XD,2617,Main Draw,KULCZYCKI Samuel (POL),IONESCU Ovidiu (ROU),WEGRZYN Katarzyna (POL),SZOCS Bernadette (ROU),1 - 3,5:11 9:11 11:5 12:14,IONESCU Ovidiu,2022
European Championships 2022,2022-08-13,LEBESSON Emmanuel,ECSEKI Nandor,FRA,HUN,3,2,"11,11,11,6,11|6,13,7,11,8",QF,OTHER,XD,2617,Main Draw,LEBESSON Emmanuel (FRA),ECSEKI Nandor (HUN),YUAN Jia Nan (FRA),MADARASZ Dora (HUN),3 - 2,11:6 11:13 11:7 6:11 11:8,LEBESSON Emmanuel,2022
European Championships 2022,2022-08-13,PISTEJ Lubomir,ROBLES Alvaro,SVK,ESP,3,2,"11,9,10,13,11|9,11,12,11,8",QF,OTHER,XD,2617,Main Draw,PISTEJ Lubomir (SVK),ROBLES Alvaro (ESP),VARADY Barbora (SVK),XIAO Maria (ESP),3 - 2,11:9 9:11 10:12 13:11 11:8,PISTEJ Lubomir,2022
European Championships 2022,2022-08-13,LEBESSON Emmanuel,PISTEJ Lubomir,FRA,SVK,3,0,"11,11,14|4,6,12",SF,OTHER,XD,2617,Main Draw,LEBESSON Emmanuel (FRA),PISTEJ Lubomir (SVK),YUAN Jia Nan (FRA),VARADY Barbora (SVK),3 - 0,11:4 11:6 14:12,LEBESSON Emmanuel,2022
European Championships 2022,2022-08-13,GARDOS Robert,IONESCU Ovidiu,ROU,AUT,3,2,"5,7,11,11,11|11,11,9,7,6",SF,OTHER,XD,2617,Main Draw,GARDOS Robert (AUT),IONESCU Ovidiu (ROU),POLCANOVA Sofia (AUT),SZOCS Bernadette (ROU),2 - 3,11:5 11:7 9:11 7:11 6:11,IONESCU Ovidiu,2022
European Championships 2022,2022-08-13,LEBESSON Emmanuel,IONESCU Ovidiu,FRA,ROU,3,1,"8,11,11,11|11,6,5,9",F,OTHER,XD,2617,Main Draw,LEBESSON Emmanuel (FRA),IONESCU Ovidiu (ROU),YUAN Jia Nan (FRA),SZOCS Bernadette (ROU),3 - 1,8:11 11:6 11:5 11:9,LEBESSON Emmanuel,2022
European Championships 2022,2022-08-13,GIARDI Federico,ALEXANDROV Teodor,BUL,SMR,3,0,"11,12,11|8,10,3",QR64,OTHER,XD,2617,Qualification,GIARDI Federico (SMR),ALEXANDROV Teodor (BUL),BIOGRADLIC Dzana (BIH),DOBREVA Polina (BUL),0 - 3,8:11 10:12 3:11,ALEXANDROV Teodor,2022
European Championships 2022,2022-08-13,URSU Vladislav,REINHOLDS Arturs,MDA,LAT,3,0,"11,11,11|6,6,9",QR64,OTHER,XD,2617,Qualification,URSU Vladislav (MDA),REINHOLDS Arturs (LAT),CHIRIACOVA Alexandra (MDA),BOGDANOVA Baiba (LAT),3 - 0,11:6 11:6 11:9,URSU Vladislav,2022
European Championships 2022,2022-08-13,KOGANS Daniels,SMIRNOV Aleksandr,EST,LAT,3,1,"11,12,10,11|2,10,12,9",QR64,OTHER,XD,2617,Qualification,KOGANS Daniels (LAT),SMIRNOV Aleksandr (EST),BETZ Ramona Maarit (FIN),HANSON Reelica (EST),1 - 3,2:11 10:12 12:10 9:11,SMIRNOV Aleksandr,2022
European Championships 2022,2022-08-13,NAVICKAS Ignas,YIANGOU Marios,CYP,LTU,3,0,"11,11,11|7,9,6",QR64,OTHER,XD,2617,Qualification,NAVICKAS Ignas (LTU),YIANGOU Marios (CYP),RILISKYTE Emilija (LTU),MELETIE Foteini (CYP),0 - 3,7:11 9:11 6:11,YIANGOU Marios,2022
European Championships 2022,2022-08-13,FROSETH Martin,KONSTANTINOPOULOS Konstantinos,GRE,NOR,3,0,"11,11,11|4,9,5",QR64,OTHER,XD,2617,Qualification,FROSETH Martin (NOR),KONSTANTINOPOULOS Konstantinos (GRE),TOFTAKER Martine (NOR),TERPOU Elisavet (GRE),0 - 3,4:11 9:11 5:11,KONSTANTINOPOULOS Konstantinos,2022
European Championships 2022,2022-08-13,KONSTANTINOPOULOS Giorgos,NAUMI Alex,GRE,FIN,3,1,"11,11,4,11|6,3,11,8",QR64,OTHER,XD,2617,Qualification,KONSTANTINOPOULOS Giorgos (GRE),NAUMI Alex (FIN),TOLIOU Aikaterini (GRE),KIRICHENKO Anna (FIN),3 - 1,11:6 11:3 4:11 11:8,KONSTANTINOPOULOS Giorgos,2022
European Championships 2022,2022-08-13,GUTIC Edin,BUCH Martin,DEN,BIH,3,1,"11,6,11,11|6,11,8,4",QR64,OTHER,XD,2617,Qualification,GUTIC Edin (BIH),BUCH Martin (DEN),MESETOVIC Harisa (BIH),MATOS Ines (POR),1 - 3,6:11 11:6 8:11 4:11,BUCH Martin,2022
European Championships 2022,2022-08-13,KARABAXHAK Fatih,NIELSEN Ivik,GRL,KOS,3,1,"16,11,11,11|14,1,13,4",QR64,OTHER,XD,2617,Qualification,KARABAXHAK Fatih (KOS),NIELSEN Ivik (GRL),ZEQIRI Linda (KOS),MUSAJEVA Sabina (LAT),1 - 3,14:16 1:11 13:11 4:11,NIELSEN Ivik,2022
European Championships 2022,2022-08-13,PRYSHCHEPA Ievgen,STOLL Loic,UKR,SUI,3,0,"11,11,11|9,4,1",QR64,OTHER,XD,2617,Qualification,PRYSHCHEPA Ievgen (UKR),STOLL Loic (SUI),BILENKO Tetyana (UKR),MEN Shuohan (NED),3 - 0,11:9 11:4 11:1,PRYSHCHEPA Ievgen,2022
European Championships 2022,2022-08-13,ZEIMYS Kestutis,KRASTEV Petyo,BUL,LTU,3,0,"11,11,11|9,8,8",QR64,OTHER,XD,2617,Qualification,ZEIMYS Kestutis (LTU),KRASTEV Petyo (BUL),RILISKYTE Kornelija (LTU),YOVKOVA Maria (BUL),0 - 3,9:11 8:11 8:11,KRASTEV Petyo,2022
European Championships 2022,2022-08-13,MONGIUSTI Mattias,MLADENOVIC Luka,LUX,SMR,3,0,"11,11,11|8,2,3",QR64,OTHER,XD,2617,Qualification,MONGIUSTI Mattias (SMR),MLADENOVIC Luka (LUX),SANTOS Patricia (POR),NI Xia Lian (LUX),0 - 3,8:11 2:11 3:11,MLADENOVIC Luka,2022
European Championships 2022,2022-08-13,LIBENE Toomas,MLADENOVSKI Filip,EST,MKD,3,0,"11,17,11|2,15,8",QR64,OTHER,XD,2617,Qualification,LIBENE Toomas (EST),MLADENOVSKI Filip (MKD),AVAMERI Airi (EST),NIKOLOV Amelia (MKD),3 - 0,11:2 17:15 11:8,LIBENE Toomas,2022
European Championships 2022,2022-08-13,TAUBER Michael,CABALLERO Carlos,ESP,ISR,3,1,"12,11,5,11|10,8,11,8",QR64,OTHER,XD,2617,Qualification,TAUBER Michael (ISR),CABALLERO Carlos (ESP),DEGRAEF Margo (BEL),ZHANG Sofia-Xuan (ESP),1 - 3,10:12 8:11 11:5 8:11,CABALLERO Carlos,2022
European Championships 2022,2022-08-13,GUNDUZ Ibrahim,ALEXANDROV Teodor,TUR,BUL,3,1,"11,12,8,11|6,10,11,3",QR32,OTHER,XD,2617,Qualification,GUNDUZ Ibrahim (TUR),ALEXANDROV Teodor (BUL),ALTINKAYA Sibel (TUR),DOBREVA Polina (BUL),3 - 1,11:6 12:10 8:11 11:3,GUNDUZ Ibrahim,2022
European Championships 2022,2022-08-13,URSU Vladislav,ZELJKO Filip,CRO,MDA,3,1,"11,11,6,12|4,5,11,10",QR32,OTHER,XD,2617,Qualification,URSU Vladislav (MDA),ZELJKO Filip (CRO),CHIRIACOVA Alexandra (MDA),JEGER Mateja (CRO),1 - 3,4:11 5:11 11:6 10:12,ZELJKO Filip,2022
European Championships 2022,2022-08-13,HAUG Borgar,SMIRNOV Aleksandr,NOR,EST,3,0,"11,11,11|6,9,8",QR32,OTHER,XD,2617,Qualification,HAUG Borgar (NOR),SMIRNOV Aleksandr (EST),CARLSEN Rebekka (NOR),HANSON Reelica (EST),3 - 0,11:6 11:9 11:8,HAUG Borgar,2022
European Championships 2022,2022-08-13,YIANGOU Marios,LIMONOV Anton,UKR,CYP,3,0,"11,11,11|5,8,5",QR32,OTHER,XD,2617,Qualification,YIANGOU Marios (CYP),LIMONOV Anton (UKR),MELETIE Foteini (CYP),YAREMCHUK Solomiya (UKR),0 - 3,5:11 8:11 5:11,LIMONOV Anton,2022
European Championships 2022,2022-08-13,KONSTANTINOPOULOS Konstantinos,HRIBAR Peter,GRE,SLO,3,1,"11,3,11,11|9,11,4,9",QR32,OTHER,XD,2617,Qualification,KONSTANTINOPOULOS Konstantinos (GRE),HRIBAR Peter (SLO),TERPOU Elisavet (GRE),TOFANT Ana (SLO),3 - 1,11:9 3:11 11:4 11:9,KONSTANTINOPOULOS Konstantinos,2022
European Championships 2022,2022-08-13,MAJOROS Bence,BUCH Martin,DEN,HUN,3,0,"11,15,11|9,13,6",QR32,OTHER,XD,2617,Qualification,MAJOROS Bence (HUN),BUCH Martin (DEN),HARTBRICH Leonie (HUN),MATOS Ines (POR),0 - 3,9:11 13:15 6:11,BUCH Martin,2022
European Championships 2022,2022-08-13,NIELSEN Ivik,OLAH Benedek,FIN,GRL,3,0,"11,11,11|7,6,4",QR32,OTHER,XD,2617,Qualification,NIELSEN Ivik (GRL),OLAH Benedek (FIN),MUSAJEVA Sabina (LAT),EERLAND Britt (NED),0 - 3,7:11 6:11 4:11,OLAH Benedek,2022
European Championships 2022,2022-08-13,HABESOHN Daniel,PRYSHCHEPA Ievgen,AUT,UKR,3,0,"11,11,11|4,7,8",QR32,OTHER,XD,2617,Qualification,HABESOHN Daniel (AUT),PRYSHCHEPA Ievgen (UKR),SAMARA Elizabeta (ROU),BILENKO Tetyana (UKR),3 - 0,11:4 11:7 11:8,HABESOHN Daniel,2022
European Championships 2022,2022-08-13,KRASTEV Petyo,MOULLET Barish,SUI,BUL,3,0,"11,11,11|8,8,6",QR32,OTHER,XD,2617,Qualification,KRASTEV Petyo (BUL),MOULLET Barish (SUI),YOVKOVA Maria (BUL),MORET Rachel (SUI),0 - 3,8:11 8:11 6:11,MOULLET Barish,2022
European Championships 2022,2022-08-13,KULCZYCKI Samuel,REITSPIES David,POL,CZE,3,0,"11,11,11|7,7,4",QR32,OTHER,XD,2617,Qualification,KULCZYCKI Samuel (POL),REITSPIES David (CZE),WEGRZYN Katarzyna (POL),TOMANOVSKA Katerina (CZE),3 - 0,11:7 11:7 11:4,KULCZYCKI Samuel,2022
European Championships 2022,2022-08-13,MLADENOVIC Luka,JANCARIK Lubomir,LUX,CZE,3,0,"11,11,11|5,7,5",QR32,OTHER,XD,2617,Qualification,MLADENOVIC Luka (LUX),JANCARIK Lubomir (CZE),NI Xia Lian (LUX),BLASKOVA Zdena (CZE),3 - 0,11:5 11:7 11:5,MLADENOVIC Luka,2022
European Championships 2022,2022-08-13,MOREGARD Truls,LIBENE Toomas,SWE,EST,3,2,"9,11,11,10,11|11,9,1,12,8",QR32,OTHER,XD,2617,Qualification,MOREGARD Truls (SWE),LIBENE Toomas (EST),BERGSTROM Linda (SWE),AVAMERI Airi (EST),3 - 2,9:11 11:9 11:1 10:12 11:8,MOREGARD Truls,2022
European Championships 2022,2022-08-13,PUTUNTICA Andrei,KOZUL Deni,SLO,MDA,3,0,"12,11,11|10,5,9",QR32,OTHER,XD,2617,Qualification,PUTUNTICA Andrei (MDA),KOZUL Deni (SLO),ARAPOVIC Hana (CRO),STRAZAR Katarina (SLO),0 - 3,10:12 5:11 9:11,KOZUL Deni,2022
European Championships 2022,2022-08-13,JARVIS Tom,KONSTANTINOPOULOS Giorgos,ENG,GRE,3,0,"13,11,11|11,8,4",QR32,OTHER,XD,2617,Qualification,JARVIS Tom (ENG),KONSTANTINOPOULOS Giorgos (GRE),BARDSLEY Charlotte (ENG),TOLIOU Aikaterini (GRE),3 - 0,13:11 11:8 11:4,JARVIS Tom,2022
European Championships 2022,2022-08-13,CABALLERO Carlos,KARAKASEVIC Aleksandar,ESP,SRB,3,2,"3,11,11,11,13|11,9,6,13,11",QR32,OTHER,XD,2617,Qualification,CABALLERO Carlos (ESP),KARAKASEVIC Aleksandar (SRB),ZHANG Sofia-Xuan (ESP),SURJAN Sabina (SRB),3 - 2,3:11 11:9 11:6 11:13 13:11,CABALLERO Carlos,2022
2022 Commonwealth Games,2022-07-28,ARUNA Quadri,RUMGAY Gavin,NGR,SCO,4,0,"11,11,11,11|2,8,3,9",R16,OTHER,MS,2614,Main Draw,ARUNA Quadri (NGR),RUMGAY Gavin (SCO),,,4 - 0,11:2 11:8 11:3 11:9,ARUNA Quadri,2022
2022 Commonwealth Games,2022-07-28,CHEW Clarence,DRINKHALL Paul,ENG,SGP,4,0,"11,11,11,11|5,5,3,9",R16,OTHER,MS,2614,Main Draw,CHEW Clarence (SGP),DRINKHALL Paul (ENG),,,0 - 4,5:11 5:11 3:11 9:11,DRINKHALL Paul,2022
2022 Commonwealth Games,2022-07-28,WANG Eugene,QUEK Izaac,SGP,CAN,4,3,"11,11,8,6,6,11,11|5,5,11,11,11,9,6",R16,OTHER,MS,2614,Main Draw,WANG Eugene (CAN),QUEK Izaac (SGP),,,3 - 4,5:11 5:11 11:8 11:6 11:6 9:11 6:11,QUEK Izaac,2022
2022 Commonwealth Games,2022-07-28,OMOTAYO Olajide,ACHANTA Sharath,IND,NGR,4,2,"8,11,11,11,12,11|11,3,6,6,14,9",R16,OTHER,MS,2614,Main Draw,OMOTAYO Olajide (NGR),ACHANTA Sharath (IND),,,2 - 4,11:8 3:11 6:11 6:11 14:12 9:11,ACHANTA Sharath,2022
2022 Commonwealth Games,2022-07-28,GNANASEKARAN Sathiyan,LUM Nicholas,IND,AUS,4,2,"11,7,11,9,12,11|6,11,9,11,10,6",R16,OTHER,MS,2614,Main Draw,GNANASEKARAN Sathiyan (IND),LUM Nicholas (AUS),,,4 - 2,11:6 7:11 11:9 9:11 12:10 11:6,GNANASEKARAN Sathiyan,2022
2022 Commonwealth Games,2022-07-28,HAZIN Jeremy,WALKER Samuel,ENG,CAN,4,0,"11,11,11,11|6,6,4,6",R16,OTHER,MS,2614,Main Draw,HAZIN Jeremy (CAN),WALKER Samuel (ENG),,,0 - 4,6:11 6:11 4:11 6:11,WALKER Samuel,2022
2022 Commonwealth Games,2022-07-28,ABIODUN Bode,SHETTY Sanil,IND,NGR,4,2,"9,11,11,9,15,11|11,8,8,11,13,8",R16,OTHER,MS,2614,Main Draw,ABIODUN Bode (NGR),SHETTY Sanil (IND),,,2 - 4,11:9 8:11 8:11 11:9 13:15 8:11,SHETTY Sanil,2022
2022 Commonwealth Games,2022-07-28,PANG Koen,PITCHFORD Liam,ENG,SGP,4,0,"17,11,11,11|15,6,5,2",R16,OTHER,MS,2614,Main Draw,PANG Koen (SGP),PITCHFORD Liam (ENG),,,0 - 4,15:17 6:11 5:11 2:11,PITCHFORD Liam,2022
2022 Commonwealth Games,2022-07-28,ARUNA Quadri,DRINKHALL Paul,ENG,NGR,5,1,"12,8,11,11,11|10,11,7,4,6",QF,OTHER,MS,2614,Main Draw,ARUNA Quadri (NGR),DRINKHALL Paul (ENG),,,1 - 5,10:12 11:8 7:11 4:11 6:11,DRINKHALL Paul,2022
2022 Commonwealth Games,2022-07-28,QUEK Izaac,ACHANTA Sharath,IND,SGP,4,0,"11,11,11,11|6,7,4,7",QF,OTHER,MS,2614,Main Draw,QUEK Izaac (SGP),ACHANTA Sharath (IND),,,0 - 4,6:11 7:11 4:11 7:11,ACHANTA Sharath,2022
2022 Commonwealth Games,2022-07-28,GNANASEKARAN Sathiyan,WALKER Samuel,IND,ENG,4,2,"11,11,11,8,10,11|5,7,5,11,12,9",QF,OTHER,MS,2614,Main Draw,GNANASEKARAN Sathiyan (IND),WALKER Samuel (ENG),,,4 - 2,11:5 11:7 11:5 8:11 10:12 11:9,GNANASEKARAN Sathiyan,2022
2022 Commonwealth Games,2022-07-28,SHETTY Sanil,PITCHFORD Liam,ENG,IND,4,1,"9,11,11,11,11|11,6,8,8,4",QF,OTHER,MS,2614,Main Draw,SHETTY Sanil (IND),PITCHFORD Liam (ENG),,,1 - 4,11:9 6:11 8:11 8:11 4:11,PITCHFORD Liam,2022
2022 Commonwealth Games,2022-07-28,DRINKHALL Paul,ACHANTA Sharath,IND,ENG,4,2,"11,11,8,11,9,11|8,8,11,7,11,8",SF,OTHER,MS,2614,Main Draw,DRINKHALL Paul (ENG),ACHANTA Sharath (IND),,,2 - 4,8:11 8:11 11:8 7:11 11:9 8:11,ACHANTA Sharath,2022
2022 Commonwealth Games,2022-07-28,GNANASEKARAN Sathiyan,PITCHFORD Liam,ENG,IND,4,1,"11,4,11,11,11|5,11,8,9,9",SF,OTHER,MS,2614,Main Draw,GNANASEKARAN Sathiyan (IND),PITCHFORD Liam (ENG),,,1 - 4,5:11 11:4 8:11 9:11 9:11,PITCHFORD Liam,2022
2022 Commonwealth Games,2022-07-28,ACHANTA Sharath,PITCHFORD Liam,IND,ENG,4,1,"11,11,11,11,11|13,7,7,6,8",F,OTHER,MS,2614,Main Draw,ACHANTA Sharath (IND),PITCHFORD Liam (ENG),,,4 - 1,11:13 11:7 11:7 11:6 11:8,ACHANTA Sharath,2022
2022 Commonwealth Games,2022-07-28,FENG Tianwei,TENNISON Reeth,SGP,IND,4,1,"11,11,9,11,11|2,4,11,3,4",R16,OTHER,WS,2614,Main Draw,FENG Tianwei (SGP),TENNISON Reeth (IND),,,4 - 1,11:2 11:4 9:11 11:3 11:4,FENG Tianwei,2022
2022 Commonwealth Games,2022-07-28,LAY Jian Fang,EDEM Offiong,AUS,NGR,4,1,"13,11,11,9,11|11,3,6,11,7",R16,OTHER,WS,2614,Main Draw,LAY Jian Fang (AUS),EDEM Offiong (NGR),,,4 - 1,13:11 11:3 11:6 9:11 11:7,LAY Jian Fang,2022
2022 Commonwealth Games,2022-07-28,AKULA Sreeja,CAREY Charlotte,IND,WAL,4,3,"8,11,12,9,11,15,12|11,7,14,11,4,13,10",R16,OTHER,WS,2614,Main Draw,AKULA Sreeja (IND),CAREY Charlotte (WAL),,,4 - 3,8:11 11:7 12:14 9:11 11:4 15:13 12:10,AKULA Sreeja,2022
2022 Commonwealth Games,2022-07-28,EARLEY Sophie,ZHANG Mo,CAN,ENG,4,3,"11,5,7,10,11,11,11|6,11,11,12,8,7,4",R16,OTHER,WS,2614,Main Draw,EARLEY Sophie (ENG),ZHANG Mo (CAN),,,3 - 4,6:11 11:5 11:7 12:10 8:11 7:11 4:11,ZHANG Mo,2022
2022 Commonwealth Games,2022-07-28,HURSEY Anna,CUMMINGS Natalie,WAL,GUY,4,0,"11,11,11,11|4,3,4,7",R16,OTHER,WS,2614,Main Draw,HURSEY Anna (WAL),CUMMINGS Natalie (GUY),,,4 - 0,11:4 11:3 11:4 11:7,HURSEY Anna,2022
2022 Commonwealth Games,2022-07-28,HO Tin-Tin,LIU Yangzi,AUS,ENG,4,0,"11,14,11,11|8,12,6,6",R16,OTHER,WS,2614,Main Draw,HO Tin-Tin (ENG),LIU Yangzi (AUS),,,0 - 4,8:11 12:14 6:11 6:11,LIU Yangzi,2022
2022 Commonwealth Games,2022-07-28,ZENG Jian,THOMAS WU ZHANG Chloe Anna,SGP,WAL,4,1,"11,11,11,11,11|13,4,8,3,3",R16,OTHER,WS,2614,Main Draw,ZENG Jian (SGP),THOMAS WU ZHANG Chloe Anna (WAL),,,4 - 1,11:13 11:4 11:8 11:3 11:3,ZENG Jian,2022
2022 Commonwealth Games,2022-07-28,JEE Minhyung,BATRA Manika,IND,AUS,4,0,"11,11,11,12|4,8,6,10",R16,OTHER,WS,2614,Main Draw,JEE Minhyung (AUS),BATRA Manika (IND),,,0 - 4,4:11 8:11 6:11 10:12,BATRA Manika,2022
2022 Commonwealth Games,2022-07-28,FENG Tianwei,LAY Jian Fang,SGP,AUS,4,0,"11,11,11,11|6,7,9,3",QF,OTHER,WS,2614,Main Draw,FENG Tianwei (SGP),LAY Jian Fang (AUS),,,4 - 0,11:6 11:7 11:9 11:3,FENG Tianwei,2022
2022 Commonwealth Games,2022-07-28,AKULA Sreeja,ZHANG Mo,IND,CAN,4,3,"9,11,6,9,11,11,11|11,4,11,11,5,4,8",QF,OTHER,WS,2614,Main Draw,AKULA Sreeja (IND),ZHANG Mo (CAN),,,4 - 3,9:11 11:4 6:11 9:11 11:5 11:4 11:8,AKULA Sreeja,2022
2022 Commonwealth Games,2022-07-28,HURSEY Anna,LIU Yangzi,AUS,WAL,4,1,"8,11,11,12,11|11,6,6,10,8",QF,OTHER,WS,2614,Main Draw,HURSEY Anna (WAL),LIU Yangzi (AUS),,,1 - 4,11:8 6:11 6:11 10:12 8:11,LIU Yangzi,2022
2022 Commonwealth Games,2022-07-28,ZENG Jian,BATRA Manika,SGP,IND,4,0,"12,11,11,11|10,9,4,7",QF,OTHER,WS,2614,Main Draw,ZENG Jian (SGP),BATRA Manika (IND),,,4 - 0,12:10 11:9 11:4 11:7,ZENG Jian,2022
2022 Commonwealth Games,2022-07-28,FENG Tianwei,AKULA Sreeja,SGP,IND,4,3,"11,8,6,11,11,8,12|6,11,11,9,8,11,10",SF,OTHER,WS,2614,Main Draw,FENG Tianwei (SGP),AKULA Sreeja (IND),,,4 - 3,11:6 8:11 6:11 11:9 11:8 8:11 12:10,FENG Tianwei,2022
2022 Commonwealth Games,2022-07-28,LIU Yangzi,ZENG Jian,SGP,AUS,4,2,"7,9,12,11,11,11|11,11,10,4,6,9",SF,OTHER,WS,2614,Main Draw,LIU Yangzi (AUS),ZENG Jian (SGP),,,2 - 4,11:7 11:9 10:12 4:11 6:11 9:11,ZENG Jian,2022
2022 Commonwealth Games,2022-07-28,FENG Tianwei,ZENG Jian,SGP,SGP,4,3,"6,5,8,11,11,11,11|11,11,11,4,6,8,5",F,OTHER,WS,2614,Main Draw,FENG Tianwei (SGP),ZENG Jian (SGP),,,4 - 3,6:11 5:11 8:11 11:4 11:6 11:8 11:5,FENG Tianwei,2022
2022 Commonwealth Games,2022-07-28,DRINKHALL Paul,KNIGHT Tyrese,ENG,BAR,3,0,"11,11,11|5,5,6",R16,OTHER,MD,2614,Main Draw,DRINKHALL Paul (ENG),KNIGHT Tyrese (BAR),PITCHFORD Liam (ENG),MAXWELL Ramon (BAR),3 - 0,11:5 11:5 11:6,DRINKHALL Paul,2022
2022 Commonwealth Games,2022-07-28,BRITTON Shemar,OMEH Amadi,NGR,GUY,3,1,"11,11,9,11|6,6,11,5",R16,OTHER,MD,2614,Main Draw,BRITTON Shemar (GUY),OMEH Amadi (NGR),FRANKLIN Christopher (GUY),OMOTAYO Olajide (NGR),1 - 3,6:11 6:11 11:9 5:11,OMEH Amadi,2022
2022 Commonwealth Games,2022-07-28,CHEW Clarence,CHEN Hongtao,SGP,CAN,3,1,"11,11,4,11|5,9,11,6",R16,OTHER,MD,2614,Main Draw,CHEW Clarence (SGP),CHEN Hongtao (CAN),POH Ethan (SGP),WANG Eugene (CAN),3 - 1,11:5 11:9 4:11 11:6,CHEW Clarence,2022
2022 Commonwealth Games,2022-07-28,CHAMBERS Dillon,DESAI Harmeet,IND,AUS,3,1,"11,9,11,11|3,11,9,7",R16,OTHER,MD,2614,Main Draw,CHAMBERS Dillon (AUS),DESAI Harmeet (IND),YAN Xin (AUS),SHETTY Sanil (IND),1 - 3,3:11 11:9 9:11 7:11,DESAI Harmeet,2022
2022 Commonwealth Games,2022-07-28,ABIODUN Bode,PANG Koen,NGR,SGP,3,2,"11,11,7,7,11|8,9,11,11,8",R16,OTHER,MD,2614,Main Draw,ABIODUN Bode (NGR),PANG Koen (SGP),ARUNA Quadri (NGR),QUEK Izaac (SGP),3 - 2,11:8 11:9 7:11 7:11 11:8,ABIODUN Bode,2022
2022 Commonwealth Games,2022-07-28,HAZIN Jeremy,LUM Nicholas,AUS,CAN,3,1,"7,11,11,11|11,6,7,6",R16,OTHER,MD,2614,Main Draw,HAZIN Jeremy (CAN),LUM Nicholas (AUS),LY Edward (CAN),LUU Finn (AUS),1 - 3,11:7 6:11 7:11 6:11,LUM Nicholas,2022
2022 Commonwealth Games,2022-07-28,JARVIS Tom,COGILL Theo,ENG,RSA,3,0,"11,11,11|8,4,5",R16,OTHER,MD,2614,Main Draw,JARVIS Tom (ENG),COGILL Theo (RSA),WALKER Samuel (ENG),NATHOO Chetan (RSA),3 - 0,11:8 11:4 11:5,JARVIS Tom,2022
2022 Commonwealth Games,2022-07-28,BAWM Ramhimlian,ACHANTA Sharath,IND,BAN,3,0,"11,11,11|6,1,4",R16,OTHER,MD,2614,Main Draw,BAWM Ramhimlian (BAN),ACHANTA Sharath (IND),RIDOY Mohutasin (BAN),GNANASEKARAN Sathiyan (IND),0 - 3,6:11 1:11 4:11,ACHANTA Sharath,2022
2022 Commonwealth Games,2022-07-28,DRINKHALL Paul,OMEH Amadi,ENG,NGR,3,0,"11,11,11|9,3,5",QF,OTHER,MD,2614,Main Draw,DRINKHALL Paul (ENG),OMEH Amadi (NGR),PITCHFORD Liam (ENG),OMOTAYO Olajide (NGR),3 - 0,11:9 11:3 11:5,DRINKHALL Paul,2022
2022 Commonwealth Games,2022-07-28,CHEW Clarence,DESAI Harmeet,SGP,IND,3,0,"12,11,11|10,7,7",QF,OTHER,MD,2614,Main Draw,CHEW Clarence (SGP),DESAI Harmeet (IND),POH Ethan (SGP),SHETTY Sanil (IND),3 - 0,12:10 11:7 11:7,CHEW Clarence,2022
2022 Commonwealth Games,2022-07-28,ABIODUN Bode,LUM Nicholas,AUS,NGR,3,2,"14,11,4,9,11|12,8,11,11,8",QF,OTHER,MD,2614,Main Draw,ABIODUN Bode (NGR),LUM Nicholas (AUS),ARUNA Quadri (NGR),LUU Finn (AUS),2 - 3,12:14 8:11 11:4 11:9 8:11,LUM Nicholas,2022
2022 Commonwealth Games,2022-07-28,JARVIS Tom,ACHANTA Sharath,IND,ENG,3,0,"11,11,11|6,8,4",QF,OTHER,MD,2614,Main Draw,JARVIS Tom (ENG),ACHANTA Sharath (IND),WALKER Samuel (ENG),GNANASEKARAN Sathiyan (IND),0 - 3,6:11 8:11 4:11,ACHANTA Sharath,2022
2022 Commonwealth Games,2022-07-28,LUM Nicholas,ACHANTA Sharath,IND,AUS,3,2,"8,11,10,11,11|11,9,12,1,8",SF,OTHER,MD,2614,Main Draw,LUM Nicholas (AUS),ACHANTA Sharath (IND),LUU Finn (AUS),GNANASEKARAN Sathiyan (IND),2 - 3,11:8 9:11 12:10 1:11 8:11,ACHANTA Sharath,2022
2022 Commonwealth Games,2022-07-28,DRINKHALL Paul,ACHANTA Sharath,ENG,IND,3,2,"8,11,11,7,11|11,8,3,11,4",F,OTHER,MD,2614,Main Draw,DRINKHALL Paul (ENG),ACHANTA Sharath (IND),PITCHFORD Liam (ENG),GNANASEKARAN Sathiyan (IND),3 - 2,8:11 11:8 11:3 7:11 11:4,DRINKHALL Paul,2022
2022 Commonwealth Games,2022-07-28,BATRA Manika,HOSENALLY Oumehani,IND,MRI,3,0,"11,11,11|5,5,3",R16,OTHER,WD,2614,Main Draw,BATRA Manika (IND),HOSENALLY Oumehani (MRI),CHITALE Diya (IND),JALIM Nandeshwaree (MRI),3 - 0,11:5 11:5 11:3,BATRA Manika,2022
2022 Commonwealth Games,2022-07-28,CAREY Charlotte,FU Ching Nam,WAL,CAN,3,0,"12,11,11|10,6,9",R16,OTHER,WD,2614,Main Draw,CAREY Charlotte (WAL),FU Ching Nam (CAN),HURSEY Anna (WAL),ZHANG Mo (CAN),3 - 0,12:10 11:6 11:9,CAREY Charlotte,2022
2022 Commonwealth Games,2022-07-28,FENG Chunyi,CUMMINGS Natalie,AUS,GUY,3,0,"11,11,11|2,6,4",R16,OTHER,WD,2614,Main Draw,FENG Chunyi (AUS),CUMMINGS Natalie (GUY),LIU Yangzi (AUS),EDGHILL Chelsea (GUY),3 - 0,11:2 11:6 11:4,FENG Chunyi,2022
2022 Commonwealth Games,2022-07-28,BARDSLEY Charlotte,FENG Tianwei,SGP,ENG,3,0,"11,11,11|5,5,2",R16,OTHER,WD,2614,Main Draw,BARDSLEY Charlotte (ENG),FENG Tianwei (SGP),BOLTON Emily (ENG),ZENG Jian (SGP),0 - 3,5:11 5:11 2:11,FENG Tianwei,2022
2022 Commonwealth Games,2022-07-28,BELLO Fatimo,EDWARDS Lailaa,NGR,RSA,3,0,"11,11,11|8,8,2",R16,OTHER,WD,2614,Main Draw,BELLO Fatimo (NGR),EDWARDS Lailaa (RSA),EDEM Offiong (NGR),KALAM Musfiquh (RSA),3 - 0,11:8 11:8 11:2,BELLO Fatimo,2022
2022 Commonwealth Games,2022-07-28,JEE Minhyung,HO Tin-Tin,AUS,ENG,3,1,"5,11,11,14|11,8,3,12",R16,OTHER,WD,2614,Main Draw,JEE Minhyung (AUS),HO Tin-Tin (ENG),LAY Jian Fang (AUS),TSAPTSINOS Maria (ENG),3 - 1,5:11 11:8 11:3 14:12,JEE Minhyung,2022
2022 Commonwealth Games,2022-07-28,AKULA Sreeja,THOMAS WU ZHANG Chloe Anna,IND,WAL,3,0,"11,11,11|7,4,3",R16,OTHER,WD,2614,Main Draw,AKULA Sreeja (IND),THOMAS WU ZHANG Chloe Anna (WAL),TENNISON Reeth (IND),WHITTON Lara (WAL),3 - 0,11:7 11:4 11:3,AKULA Sreeja,2022
2022 Commonwealth Games,2022-07-28,CUMBERBATCH Leah,WONG Xin Ru,SGP,VIN,3,0,"11,11,11|3,2,5",R16,OTHER,WD,2614,Main Draw,CUMBERBATCH Leah (VIN),WONG Xin Ru (SGP),VELOX Unica (VIN),ZHOU Jingyi (SGP),0 - 3,3:11 2:11 5:11,WONG Xin Ru,2022
2022 Commonwealth Games,2022-07-28,BATRA Manika,CAREY Charlotte,WAL,IND,3,1,"11,11,11,12|7,6,13,10",QF,OTHER,WD,2614,Main Draw,BATRA Manika (IND),CAREY Charlotte (WAL),CHITALE Diya (IND),HURSEY Anna (WAL),1 - 3,7:11 6:11 13:11 10:12,CAREY Charlotte,2022
2022 Commonwealth Games,2022-07-28,FENG Chunyi,FENG Tianwei,SGP,AUS,3,1,"9,11,11,11|11,7,7,3",QF,OTHER,WD,2614,Main Draw,FENG Chunyi (AUS),FENG Tianwei (SGP),LIU Yangzi (AUS),ZENG Jian (SGP),1 - 3,11:9 7:11 7:11 3:11,FENG Tianwei,2022
2022 Commonwealth Games,2022-07-28,BELLO Fatimo,JEE Minhyung,AUS,NGR,3,0,"11,11,11|5,5,6",QF,OTHER,WD,2614,Main Draw,BELLO Fatimo (NGR),JEE Minhyung (AUS),EDEM Offiong (NGR),LAY Jian Fang (AUS),0 - 3,5:11 5:11 6:11,JEE Minhyung,2022
2022 Commonwealth Games,2022-07-28,AKULA Sreeja,WONG Xin Ru,SGP,IND,3,1,"16,13,6,11|14,11,11,8",QF,OTHER,WD,2614,Main Draw,AKULA Sreeja (IND),WONG Xin Ru (SGP),TENNISON Reeth (IND),ZHOU Jingyi (SGP),1 - 3,14:16 11:13 11:6 8:11,WONG Xin Ru,2022
2022 Commonwealth Games,2022-07-28,CAREY Charlotte,FENG Tianwei,SGP,WAL,3,2,"11,8,9,11,11|5,11,11,7,3",SF,OTHER,WD,2614,Main Draw,CAREY Charlotte (WAL),FENG Tianwei (SGP),HURSEY Anna (WAL),ZENG Jian (SGP),2 - 3,5:11 11:8 11:9 7:11 3:11,FENG Tianwei,2022
2022 Commonwealth Games,2022-07-28,JEE Minhyung,WONG Xin Ru,AUS,SGP,3,0,"11,11,11|9,9,3",SF,OTHER,WD,2614,Main Draw,JEE Minhyung (AUS),WONG Xin Ru (SGP),LAY Jian Fang (AUS),ZHOU Jingyi (SGP),3 - 0,11:9 11:9 11:3,JEE Minhyung,2022
2022 Commonwealth Games,2022-07-28,FENG Tianwei,JEE Minhyung,SGP,AUS,3,0,"11,11,11|1,8,8",F,OTHER,WD,2614,Main Draw,FENG Tianwei (SGP),JEE Minhyung (AUS),ZENG Jian (SGP),LAY Jian Fang (AUS),3 - 0,11:1 11:8 11:8,FENG Tianwei,2022
2022 Commonwealth Games,2022-07-28,GNANASEKARAN Sathiyan,OMOTAYO Olajide,IND,NGR,3,0,"11,11,11|7,6,7",R16,OTHER,XD,2614,Main Draw,GNANASEKARAN Sathiyan (IND),OMOTAYO Olajide (NGR),BATRA Manika (IND),OJOMU Ajoke (NGR),3 - 0,11:7 11:6 11:7,GNANASEKARAN Sathiyan,2022
2022 Commonwealth Games,2022-07-28,CHOONG Javen,WANG Eugene,MAS,CAN,3,1,"11,9,11,11|2,11,6,7",R16,OTHER,XD,2614,Main Draw,CHOONG Javen (MAS),WANG Eugene (CAN),LYNE Karen (MAS),ZHANG Mo (CAN),3 - 1,11:2 9:11 11:6 11:7,CHOONG Javen,2022
2022 Commonwealth Games,2022-07-28,ABIODUN Bode,LUU Finn,AUS,NGR,3,0,"11,12,11|7,10,7",R16,OTHER,XD,2614,Main Draw,ABIODUN Bode (NGR),LUU Finn (AUS),BELLO Fatimo (NGR),LIU Yangzi (AUS),0 - 3,7:11 10:12 7:11,LUU Finn,2022
2022 Commonwealth Games,2022-07-28,WONG Qi Shen,CHEW Clarence,SGP,MAS,3,0,"11,11,11|7,6,9",R16,OTHER,XD,2614,Main Draw,WONG Qi Shen (MAS),CHEW Clarence (SGP),TEE Ai Xin (MAS),ZENG Jian (SGP),0 - 3,7:11 6:11 9:11,CHEW Clarence,2022
2022 Commonwealth Games,2022-07-28,PITCHFORD Liam,LY Edward,ENG,CAN,3,0,"11,11,11|7,9,2",R16,OTHER,XD,2614,Main Draw,PITCHFORD Liam (ENG),LY Edward (CAN),HO Tin-Tin (ENG),GAUTHIER Sophie (CAN),3 - 0,11:7 11:9 11:2,PITCHFORD Liam,2022
2022 Commonwealth Games,2022-07-28,LEONG Chee Feng,ACHANTA Sharath,IND,MAS,3,1,"5,11,11,11|11,2,6,5",R16,OTHER,XD,2614,Main Draw,LEONG Chee Feng (MAS),ACHANTA Sharath (IND),HO Ying (MAS),AKULA Sreeja (IND),1 - 3,11:5 2:11 6:11 5:11,ACHANTA Sharath,2022
2022 Commonwealth Games,2022-07-28,ABREFA Derek,LUM Nicholas,AUS,GHA,3,0,"11,11,11|4,3,5",R16,OTHER,XD,2614,Main Draw,ABREFA Derek (GHA),LUM Nicholas (AUS),KWABI Cynthia (GHA),JEE Minhyung (AUS),0 - 3,4:11 3:11 5:11,LUM Nicholas,2022
2022 Commonwealth Games,2022-07-28,HAZIN Jeremy,JARVIS Tom,ENG,CAN,3,2,"8,12,11,13,11|11,10,7,15,8",R16,OTHER,XD,2614,Main Draw,HAZIN Jeremy (CAN),JARVIS Tom (ENG),FU Ching Nam (CAN),BARDSLEY Charlotte (ENG),2 - 3,11:8 10:12 7:11 15:13 8:11,JARVIS Tom,2022
2022 Commonwealth Games,2022-07-28,GNANASEKARAN Sathiyan,CHOONG Javen,MAS,IND,3,2,"12,9,8,11,11|10,11,11,7,7",QF,OTHER,XD,2614,Main Draw,GNANASEKARAN Sathiyan (IND),CHOONG Javen (MAS),BATRA Manika (IND),LYNE Karen (MAS),2 - 3,10:12 11:9 11:8 7:11 7:11,CHOONG Javen,2022
2022 Commonwealth Games,2022-07-28,LUU Finn,CHEW Clarence,SGP,AUS,3,0,"11,16,11|8,14,7",QF,OTHER,XD,2614,Main Draw,LUU Finn (AUS),CHEW Clarence (SGP),LIU Yangzi (AUS),ZENG Jian (SGP),0 - 3,8:11 14:16 7:11,CHEW Clarence,2022
2022 Commonwealth Games,2022-07-28,LUM Nicholas,JARVIS Tom,AUS,ENG,3,0,"11,11,11|6,7,9",QF,OTHER,XD,2614,Main Draw,LUM Nicholas (AUS),JARVIS Tom (ENG),JEE Minhyung (AUS),BARDSLEY Charlotte (ENG),3 - 0,11:6 11:7 11:9,LUM Nicholas,2022
2022 Commonwealth Games,2022-07-28,CHOONG Javen,CHEW Clarence,MAS,SGP,3,1,"11,5,11,11|7,11,7,7",SF,OTHER,XD,2614,Main Draw,CHOONG Javen (MAS),CHEW Clarence (SGP),LYNE Karen (MAS),ZENG Jian (SGP),3 - 1,11:7 5:11 11:7 11:7,CHOONG Javen,2022
2022 Commonwealth Games,2022-07-28,CHOONG Javen,ACHANTA Sharath,IND,MAS,3,1,"11,9,11,11|4,11,5,6",F,OTHER,XD,2614,Main Draw,CHOONG Javen (MAS),ACHANTA Sharath (IND),LYNE Karen (MAS),AKULA Sreeja (IND),1 - 3,4:11 11:9 5:11 6:11,ACHANTA Sharath,2022
2022 South American Championships,2022-07-21,PAREDES Nathaly,ECHEVERRY Manuela,ECU,COL,3,1,"11,8,11,11|6,11,9,8",QF,OTHER,WT,2608,Main Draw,PAREDES Nathaly (ECU),ECHEVERRY Manuela (COL),,,3 - 1,11:6 8:11 11:9 11:8,PAREDES Nathaly,2022
2022 South American Championships,2022-07-21,SALAZAR Astrid,TELLEZ Cory,COL,ECU,3,1,"11,11,10,11|3,3,12,5",QF,OTHER,WT,2608,Main Draw,SALAZAR Astrid (ECU),TELLEZ Cory (COL),,,1 - 3,3:11 3:11 12:10 5:11,TELLEZ Cory,2022
2022 South American Championships,2022-07-21,PLAZA Mylena,CASAS Marta,COL,ECU,3,0,"11,11,11|7,6,9",QF,OTHER,WT,2608,Main Draw,PLAZA Mylena (ECU),CASAS Marta (COL),,,0 - 3,7:11 6:11 9:11,CASAS Marta,2022
2022 South American Championships,2022-07-21,PAREDES Nathaly,TELLEZ Cory,ECU,COL,3,2,"4,11,11,4,11|11,5,8,11,8",QF,OTHER,WT,2608,Main Draw,PAREDES Nathaly (ECU),TELLEZ Cory (COL),,,3 - 2,4:11 11:5 11:8 4:11 11:8,PAREDES Nathaly,2022
2022 South American Championships,2022-07-21,SALAZAR Astrid,ECHEVERRY Manuela,COL,ECU,3,0,"11,11,11|7,9,5",QF,OTHER,WT,2608,Main Draw,SALAZAR Astrid (ECU),ECHEVERRY Manuela (COL),,,0 - 3,7:11 9:11 5:11,ECHEVERRY Manuela,2022
2022 South American Championships,2022-07-21,ARGUELLES Camila,GOMEZ Cristina,ARG,VEN,3,0,"11,11,12|4,9,10",QF,OTHER,WT,2608,Main Draw,ARGUELLES Camila (ARG),GOMEZ Cristina (VEN),,,3 - 0,11:4 11:9 12:10,ARGUELLES Camila,2022
2022 South American Championships,2022-07-21,KAIZOJI Camila,OBANDO Camila,ARG,VEN,3,1,"11,8,11,11|8,11,5,9",QF,OTHER,WT,2608,Main Draw,KAIZOJI Camila (ARG),OBANDO Camila (VEN),,,3 - 1,11:8 8:11 11:5 11:9,KAIZOJI Camila,2022
2022 South American Championships,2022-07-21,MOLERO Candela,CARDENAS MALLIOTAKIS Isaleym Mariam,ARG,VEN,3,0,"11,11,11|2,4,3",QF,OTHER,WT,2608,Main Draw,MOLERO Candela (ARG),CARDENAS MALLIOTAKIS Isaleym Mariam (VEN),,,3 - 0,11:2 11:4 11:3,MOLERO Candela,2022
2022 South American Championships,2022-07-21,RIOFRIO Emiliano,OTALVARO Federico,COL,ECU,3,0,"11,11,11|8,6,8",QF,OTHER,MT,2608,Main Draw,RIOFRIO Emiliano (ECU),OTALVARO Federico (COL),,,0 - 3,8:11 6:11 8:11,OTALVARO Federico,2022
2022 South American Championships,2022-07-21,PIGUAVE Diego,RAMOS Julian,COL,ECU,3,1,"12,15,11,14|14,13,7,12",QF,OTHER,MT,2608,Main Draw,PIGUAVE Diego (ECU),RAMOS Julian (COL),,,1 - 3,14:12 13:15 7:11 12:14,RAMOS Julian,2022
2022 South American Championships,2022-07-21,ROBALINO Neycer,MONTES Santiago,COL,ECU,3,1,"11,11,11,11|13,6,7,7",QF,OTHER,MT,2608,Main Draw,ROBALINO Neycer (ECU),MONTES Santiago (COL),,,1 - 3,13:11 6:11 7:11 7:11,MONTES Santiago,2022
2022 South American Championships,2022-07-21,GOMEZ Gustavo,VANEGAS Luis,CHI,VEN,3,0,"11,11,11|4,6,4",QF,OTHER,MT,2608,Main Draw,GOMEZ Gustavo (CHI),VANEGAS Luis (VEN),,,3 - 0,11:4 11:6 11:4,GOMEZ Gustavo,2022
2022 South American Championships,2022-07-21,BURGOS Nicolas,CASTILLO Cesar,CHI,VEN,3,0,"11,11,11|8,6,5",QF,OTHER,MT,2608,Main Draw,BURGOS Nicolas (CHI),CASTILLO Cesar (VEN),,,3 - 0,11:8 11:6 11:5,BURGOS Nicolas,2022
2022 South American Championships,2022-07-21,OLAVE Alfonso,SOTELDO GOYO Yeifrer Yoandri,CHI,VEN,3,1,"11,11,11,11|13,3,6,8",QF,OTHER,MT,2608,Main Draw,OLAVE Alfonso (CHI),SOTELDO GOYO Yeifrer Yoandri (VEN),,,3 - 1,11:13 11:3 11:6 11:8,OLAVE Alfonso,2022
2022 South American Championships,2022-07-21,TELLEZ Cory,VEGA Paulina,CHI,COL,3,2,"11,6,8,11,11|9,11,11,5,6",SF,OTHER,WT,2608,Main Draw,TELLEZ Cory (COL),VEGA Paulina (CHI),,,2 - 3,9:11 11:6 11:8 5:11 6:11,VEGA Paulina,2022
2022 South American Championships,2022-07-21,ECHEVERRY Manuela,ORTEGA Daniela,CHI,COL,3,0,"11,12,11|8,10,6",SF,OTHER,WT,2608,Main Draw,ECHEVERRY Manuela (COL),ORTEGA Daniela (CHI),,,0 - 3,8:11 10:12 6:11,ORTEGA Daniela,2022
2022 South American Championships,2022-07-21,CASAS Marta,MORALES Judith,COL,CHI,3,1,"15,11,9,11|13,9,11,9",SF,OTHER,WT,2608,Main Draw,CASAS Marta (COL),MORALES Judith (CHI),,,3 - 1,15:13 11:9 9:11 11:9,CASAS Marta,2022
2022 South American Championships,2022-07-21,TELLEZ Cory,ORTEGA Daniela,COL,CHI,3,0,"11,11,11|8,8,3",SF,OTHER,WT,2608,Main Draw,TELLEZ Cory (COL),ORTEGA Daniela (CHI),,,3 - 0,11:8 11:8 11:3,TELLEZ Cory,2022
2022 South American Championships,2022-07-21,ECHEVERRY Manuela,VEGA Paulina,CHI,COL,3,1,"5,11,11,11|11,6,6,6",SF,OTHER,WT,2608,Main Draw,ECHEVERRY Manuela (COL),VEGA Paulina (CHI),,,1 - 3,11:5 6:11 6:11 6:11,VEGA Paulina,2022
2022 South American Championships,2022-07-21,KUMAHARA Luca,ARGUELLES Camila,BRA,ARG,3,2,"11,11,7,9,11|9,6,11,11,7",SF,OTHER,WT,2608,Main Draw,KUMAHARA Luca (BRA),ARGUELLES Camila (ARG),,,3 - 2,11:9 11:6 7:11 9:11 11:7,KUMAHARA Luca,2022
2022 South American Championships,2022-07-21,TAKAHASHI Giulia,KAIZOJI Camila,BRA,ARG,3,0,"12,11,12|10,2,10",SF,OTHER,WT,2608,Main Draw,TAKAHASHI Giulia (BRA),KAIZOJI Camila (ARG),,,3 - 0,12:10 11:2 12:10,TAKAHASHI Giulia,2022
2022 South American Championships,2022-07-21,WATANABE Laura,MOLERO Candela,ARG,BRA,3,1,"12,10,11,12|10,12,9,10",SF,OTHER,WT,2608,Main Draw,WATANABE Laura (BRA),MOLERO Candela (ARG),,,1 - 3,10:12 12:10 9:11 10:12,MOLERO Candela,2022
2022 South American Championships,2022-07-21,KUMAHARA Luca,KAIZOJI Camila,BRA,ARG,3,1,"11,11,9,11|5,4,11,4",SF,OTHER,WT,2608,Main Draw,KUMAHARA Luca (BRA),KAIZOJI Camila (ARG),,,3 - 1,11:5 11:4 9:11 11:4,KUMAHARA Luca,2022
2022 South American Championships,2022-07-21,GONZALEZ Camilo,TEODORO Guilherme,BRA,COL,3,1,"11,11,14,11|9,13,12,7",SF,OTHER,MT,2608,Main Draw,GONZALEZ Camilo (COL),TEODORO Guilherme (BRA),,,1 - 3,9:11 13:11 12:14 7:11,TEODORO Guilherme,2022
2022 South American Championships,2022-07-21,RAMOS Julian,JOUTI Eric,BRA,COL,3,2,"11,9,11,7,11|7,11,1,11,4",SF,OTHER,MT,2608,Main Draw,RAMOS Julian (COL),JOUTI Eric (BRA),,,2 - 3,7:11 11:9 1:11 11:7 4:11,JOUTI Eric,2022
2022 South American Championships,2022-07-21,MONTES Santiago,ISHIDA Carlos,BRA,COL,3,1,"11,12,11,11|5,14,7,4",SF,OTHER,MT,2608,Main Draw,MONTES Santiago (COL),ISHIDA Carlos (BRA),,,1 - 3,5:11 14:12 7:11 4:11,ISHIDA Carlos,2022
2022 South American Championships,2022-07-21,BURGOS Nicolas,ALTO Gaston,ARG,CHI,3,2,"2,11,11,7,11|11,3,5,11,5",SF,OTHER,MT,2608,Main Draw,BURGOS Nicolas (CHI),ALTO Gaston (ARG),,,2 - 3,11:2 3:11 5:11 11:7 5:11,ALTO Gaston,2022
2022 South American Championships,2022-07-21,GOMEZ Gustavo,CIFUENTES Horacio,ARG,CHI,3,0,"11,11,11|4,7,4",SF,OTHER,MT,2608,Main Draw,GOMEZ Gustavo (CHI),CIFUENTES Horacio (ARG),,,0 - 3,4:11 7:11 4:11,CIFUENTES Horacio,2022
2022 South American Championships,2022-07-21,OLAVE Alfonso,LORENZO Santiago,ARG,CHI,3,0,"11,11,12|6,6,10",SF,OTHER,MT,2608,Main Draw,OLAVE Alfonso (CHI),LORENZO Santiago (ARG),,,0 - 3,6:11 6:11 10:12,LORENZO Santiago,2022
2022 South American Championships,2022-07-21,KUMAHARA Luca,VEGA Paulina,CHI,BRA,3,2,"6,11,11,4,12|11,9,5,11,10",F,OTHER,WT,2608,Main Draw,KUMAHARA Luca (BRA),VEGA Paulina (CHI),,,2 - 3,11:6 9:11 5:11 11:4 10:12,VEGA Paulina,2022
2022 South American Championships,2022-07-21,TAKAHASHI Giulia,ORTEGA Daniela,CHI,BRA,3,2,"11,11,7,17,11|2,7,11,19,8",F,OTHER,WT,2608,Main Draw,TAKAHASHI Giulia (BRA),ORTEGA Daniela (CHI),,,2 - 3,2:11 7:11 11:7 19:17 8:11,ORTEGA Daniela,2022
2022 South American Championships,2022-07-21,WATANABE Laura,MORALES Judith,BRA,CHI,3,1,"11,13,9,11|9,11,11,9",F,OTHER,WT,2608,Main Draw,WATANABE Laura (BRA),MORALES Judith (CHI),,,3 - 1,11:9 13:11 9:11 11:9,WATANABE Laura,2022
2022 South American Championships,2022-07-21,KUMAHARA Luca,ORTEGA Daniela,BRA,CHI,3,1,"10,11,14,11|12,5,12,9",F,OTHER,WT,2608,Main Draw,KUMAHARA Luca (BRA),ORTEGA Daniela (CHI),,,3 - 1,10:12 11:5 14:12 11:9,KUMAHARA Luca,2022
2022 South American Championships,2022-07-21,TAKAHASHI Giulia,VEGA Paulina,BRA,CHI,3,0,"11,11,11|8,2,9",F,OTHER,WT,2608,Main Draw,TAKAHASHI Giulia (BRA),VEGA Paulina (CHI),,,3 - 0,11:8 11:2 11:9,TAKAHASHI Giulia,2022
2022 South American Championships,2022-07-21,JOUTI Eric,ALTO Gaston,ARG,BRA,3,1,"11,5,13,11|7,11,11,9",F,OTHER,MT,2608,Main Draw,JOUTI Eric (BRA),ALTO Gaston (ARG),,,1 - 3,7:11 11:5 11:13 9:11,ALTO Gaston,2022
2022 South American Championships,2022-07-21,TEODORO Guilherme,CIFUENTES Horacio,ARG,BRA,3,1,"11,11,10,11|5,4,12,7",F,OTHER,MT,2608,Main Draw,TEODORO Guilherme (BRA),CIFUENTES Horacio (ARG),,,1 - 3,5:11 4:11 12:10 7:11,CIFUENTES Horacio,2022
2022 South American Championships,2022-07-21,TURRINI Rafael,LORENZO Santiago,ARG,BRA,3,2,"11,8,11,11,11|6,11,7,13,3",F,OTHER,MT,2608,Main Draw,TURRINI Rafael (BRA),LORENZO Santiago (ARG),,,2 - 3,6:11 11:8 7:11 13:11 3:11,LORENZO Santiago,2022
2022 South American Championships,2022-07-21,MONTES Santiago,BURGOS Nicolas,CHI,COL,3,0,"11,11,11|9,9,9",R16,OTHER,XD,2608,Main Draw,MONTES Santiago (COL),BURGOS Nicolas (CHI),CASAS Marta (COL),VEGA Paulina (CHI),0 - 3,9:11 9:11 9:11,BURGOS Nicolas,2022
2022 South American Championships,2022-07-21,PIGUAVE Diego,CASTILLO Cesar,VEN,ECU,3,1,"2,11,11,11|11,6,5,7",R16,OTHER,XD,2608,Main Draw,PIGUAVE Diego (ECU),CASTILLO Cesar (VEN),PAREDES Nathaly (ECU),CARDENAS MALLIOTAKIS Isaleym Mariam (VEN),1 - 3,11:2 6:11 5:11 7:11,CASTILLO Cesar,2022
2022 South American Championships,2022-07-21,GONZALEZ Camilo,JOUTI Eric,BRA,COL,3,0,"12,11,11|10,4,5",R16,OTHER,XD,2608,Main Draw,GONZALEZ Camilo (COL),JOUTI Eric (BRA),LOZADA Juliana (COL),KUMAHARA Luca (BRA),0 - 3,10:12 4:11 5:11,JOUTI Eric,2022
2022 South American Championships,2022-07-21,GOMEZ Gustavo,OTALVARO Federico,CHI,COL,3,1,"11,11,10,11|7,7,12,7",R16,OTHER,XD,2608,Main Draw,GOMEZ Gustavo (CHI),OTALVARO Federico (COL),ORTEGA Daniela (CHI),TELLEZ Cory (COL),3 - 1,11:7 11:7 10:12 11:7,GOMEZ Gustavo,2022
2022 South American Championships,2022-07-21,RIOFRIO Emiliano,TORANZOS Alejandro,ECU,PAR,3,2,"9,11,9,11,11|11,8,11,7,9",R16,OTHER,XD,2608,Main Draw,RIOFRIO Emiliano (ECU),TORANZOS Alejandro (PAR),SALAZAR Astrid (ECU),GOMEZ Leyla (PAR),3 - 2,9:11 11:8 9:11 11:7 11:9,RIOFRIO Emiliano,2022
2022 South American Championships,2022-07-21,RAMOS Julian,TEODORO Guilherme,BRA,COL,3,0,"11,11,11|7,3,9",R16,OTHER,XD,2608,Main Draw,RAMOS Julian (COL),TEODORO Guilherme (BRA),ECHEVERRY Manuela (COL),TAKAHASHI Giulia (BRA),0 - 3,7:11 3:11 9:11,TEODORO Guilherme,2022
2022 South American Championships,2022-07-21,VANEGAS Luis,ALTO Gaston,VEN,ARG,3,2,"12,11,9,8,11|10,7,11,11,6",R16,OTHER,XD,2608,Main Draw,VANEGAS Luis (VEN),ALTO Gaston (ARG),OBANDO Camila (VEN),CODINA Ana (ARG),3 - 2,12:10 11:7 9:11 8:11 11:6,VANEGAS Luis,2022
2022 South American Championships,2022-07-21,CADAVID Luciana,WATANABE Laura,BRA,COL,3,0,"11,11,11|1,1,6",R16,OTHER,WD,2608,Main Draw,CADAVID Luciana (COL),WATANABE Laura (BRA),RESTREPO Mariana (COL),KANASHIRO Beatriz (BRA),0 - 3,1:11 1:11 6:11,WATANABE Laura,2022
2022 South American Championships,2022-07-21,OBANDO Camila,GOMEZ Leyla,VEN,PAR,3,1,"11,11,8,11|7,8,11,6",R16,OTHER,WD,2608,Main Draw,OBANDO Camila (VEN),GOMEZ Leyla (PAR),GOMEZ Cristina (VEN),OVELAR Lucero (PAR),3 - 1,11:7 11:8 8:11 11:6,OBANDO Camila,2022
2022 South American Championships,2022-07-21,KAIZOJI Camila,LOZADA Juliana,ARG,COL,3,0,"11,11,11|4,4,7",R16,OTHER,WD,2608,Main Draw,KAIZOJI Camila (ARG),LOZADA Juliana (COL),MOLERO Candela (ARG),CASAS Marta (COL),3 - 0,11:4 11:4 11:7,KAIZOJI Camila,2022
2022 South American Championships,2022-07-21,KUMAHARA Luca,MORALES Judith,BRA,CHI,3,0,"11,11,11|3,8,5",R16,OTHER,WD,2608,Main Draw,KUMAHARA Luca (BRA),MORALES Judith (CHI),TAKAHASHI Giulia (BRA),RIOS Valentina (CHI),3 - 0,11:3 11:8 11:5,KUMAHARA Luca,2022
2022 South American Championships,2022-07-21,RUIZ SALAZAR Mariana,PAREDES Nathaly,ECU,COL,3,0,"11,11,12|9,4,10",R16,OTHER,WD,2608,Main Draw,RUIZ SALAZAR Mariana (COL),PAREDES Nathaly (ECU),ISAZA Ana (COL),SALAZAR Astrid (ECU),0 - 3,9:11 4:11 10:12,PAREDES Nathaly,2022
2022 South American Championships,2022-07-21,TELLEZ Cory,CARDENAS MALLIOTAKIS Isaleym Mariam,COL,VEN,3,0,"11,11,11|5,6,8",R16,OTHER,WD,2608,Main Draw,TELLEZ Cory (COL),CARDENAS MALLIOTAKIS Isaleym Mariam (VEN),ECHEVERRY Manuela (COL),DIAZ Mariangel (VEN),3 - 0,11:5 11:6 11:8,TELLEZ Cory,2022
2022 South American Championships,2022-07-21,SALAZAR Jeronimo,MARTINEZ Andres,CHI,COL,3,0,"11,11,11|9,7,8",R16,OTHER,MD,2608,Main Draw,SALAZAR Jeronimo (COL),MARTINEZ Andres (CHI),PINO Brahian (COL),OLAVE Alfonso (CHI),0 - 3,9:11 7:11 8:11,MARTINEZ Andres,2022
2022 South American Championships,2022-07-21,ISHIDA Carlos,RAMOS Julian,COL,BRA,3,0,"11,11,11|3,9,9",R16,OTHER,MD,2608,Main Draw,ISHIDA Carlos (BRA),RAMOS Julian (COL),TURRINI Rafael (BRA),OTALVARO Federico (COL),0 - 3,3:11 9:11 9:11,RAMOS Julian,2022
2022 South American Championships,2022-07-21,DUFFOO Felipe,MONTES Santiago,PER,COL,3,2,"8,11,8,11,12|11,2,11,7,10",R16,OTHER,MD,2608,Main Draw,DUFFOO Felipe (PER),MONTES Santiago (COL),HIDALGO Rodrigo (PER),GONZALEZ Camilo (COL),3 - 2,8:11 11:2 8:11 11:7 12:10,DUFFOO Felipe,2022
2022 South American Championships,2022-07-21,SOTELDO GOYO Yeifrer Yoandri,PIGUAVE Diego,ECU,VEN,3,0,"11,11,11|6,7,4",R16,OTHER,MD,2608,Main Draw,SOTELDO GOYO Yeifrer Yoandri (VEN),PIGUAVE Diego (ECU),RIOS Carlos (VEN),RIOFRIO Emiliano (ECU),0 - 3,6:11 7:11 4:11,PIGUAVE Diego,2022
2022 South American Championships,2022-07-21,LORENZO Santiago,ECHAVARRIA Alexander,ARG,COL,3,0,"11,11,11|9,1,6",R16,OTHER,MD,2608,Main Draw,LORENZO Santiago (ARG),ECHAVARRIA Alexander (COL),SANCHI Francisco (ARG),RIVERA Mauricio (COL),3 - 0,11:9 11:1 11:6,LORENZO Santiago,2022
2022 South American Championships,2022-07-21,VANEGAS Luis,JOUTI Eric,BRA,VEN,3,1,"11,6,11,15|8,11,9,13",R16,OTHER,MD,2608,Main Draw,VANEGAS Luis (VEN),JOUTI Eric (BRA),CASTILLO Cesar (VEN),TEODORO Guilherme (BRA),1 - 3,8:11 11:6 9:11 13:15,JOUTI Eric,2022
2022 South American Championships,2022-07-21,ARGUELLES Camila,ECHEVERRY Manuela,ARG,COL,3,1,"11,10,12,11|5,12,10,8",QUAL,OTHER,WS,2608,Qualification,ARGUELLES Camila (ARG),ECHEVERRY Manuela (COL),,,3 - 1,11:5 10:12 12:10 11:8,ARGUELLES Camila,2022
2022 South American Championships,2022-07-21,VEGA Paulina,CARDENAS MALLIOTAKIS Isaleym Mariam,CHI,VEN,3,0,"11,11,11|2,8,6",QUAL,OTHER,WS,2608,Qualification,VEGA Paulina (CHI),CARDENAS MALLIOTAKIS Isaleym Mariam (VEN),,,3 - 0,11:2 11:8 11:6,VEGA Paulina,2022
2022 South American Championships,2022-07-21,ORTEGA Daniela,GOMEZ Cristina,CHI,VEN,3,1,"5,11,11,11|11,8,6,5",QUAL,OTHER,WS,2608,Qualification,ORTEGA Daniela (CHI),GOMEZ Cristina (VEN),,,3 - 1,5:11 11:8 11:6 11:5,ORTEGA Daniela,2022
2022 South American Championships,2022-07-21,KUMAHARA Luca,OBANDO Camila,BRA,VEN,3,0,"11,11,11|9,6,5",QUAL,OTHER,WS,2608,Qualification,KUMAHARA Luca (BRA),OBANDO Camila (VEN),,,3 - 0,11:9 11:6 11:5,KUMAHARA Luca,2022
2022 South American Championships,2022-07-21,PAREDES Nathaly,CASAS Marta,COL,ECU,3,2,"5,2,11,11,11|11,11,8,9,4",QUAL,OTHER,WS,2608,Qualification,PAREDES Nathaly (ECU),CASAS Marta (COL),,,2 - 3,11:5 11:2 8:11 9:11 4:11,CASAS Marta,2022
2022 South American Championships,2022-07-21,MORALES Judith,TELLEZ Cory,COL,CHI,3,2,"11,11,7,11,11|3,8,11,13,3",QUAL,OTHER,WS,2608,Qualification,MORALES Judith (CHI),TELLEZ Cory (COL),,,2 - 3,3:11 8:11 11:7 13:11 3:11,TELLEZ Cory,2022
2022 South American Championships,2022-07-21,CODINA Ana,SALAZAR Astrid,ARG,ECU,3,0,"11,11,11|7,5,6",QUAL,OTHER,WS,2608,Qualification,CODINA Ana (ARG),SALAZAR Astrid (ECU),,,3 - 0,11:7 11:5 11:6,CODINA Ana,2022
2022 South American Championships,2022-07-21,RIOS Valentina,OVELAR Lucero,PAR,CHI,3,2,"7,5,11,11,11|11,11,4,9,8",QUAL,OTHER,WS,2608,Qualification,RIOS Valentina (CHI),OVELAR Lucero (PAR),,,2 - 3,11:7 11:5 4:11 9:11 8:11,OVELAR Lucero,2022
2022 South American Championships,2022-07-21,CIFUENTES Horacio,ROBALINO Neycer,ARG,ECU,3,0,"11,11,11|3,6,7",QUAL,OTHER,MS,2608,Qualification,CIFUENTES Horacio (ARG),ROBALINO Neycer (ECU),,,3 - 0,11:3 11:6 11:7,CIFUENTES Horacio,2022
2022 South American Championships,2022-07-21,PLAZA Mylena,MOLERO Candela,ARG,ECU,3,0,"11,11,11|7,4,8",QUAL,OTHER,WS,2608,Qualification,PLAZA Mylena (ECU),MOLERO Candela (ARG),,,0 - 3,7:11 4:11 8:11,MOLERO Candela,2022
2022 South American Championships,2022-07-21,ALTO Gaston,MARTINEZ Andres,ARG,CHI,3,0,"11,12,11|8,10,4",QUAL,OTHER,MS,2608,Qualification,ALTO Gaston (ARG),MARTINEZ Andres (CHI),,,3 - 0,11:8 12:10 11:4,ALTO Gaston,2022
2022 South American Championships,2022-07-21,GOMEZ Gustavo,MONTES Santiago,CHI,COL,3,0,"11,11,11|4,2,7",QUAL,OTHER,MS,2608,Qualification,GOMEZ Gustavo (CHI),MONTES Santiago (COL),,,3 - 0,11:4 11:2 11:7,GOMEZ Gustavo,2022
2022 South American Championships,2022-07-21,LORENZO Santiago,SOTELDO GOYO Yeifrer Yoandri,ARG,VEN,3,1,"9,11,11,11|11,6,8,6",QUAL,OTHER,MS,2608,Qualification,LORENZO Santiago (ARG),SOTELDO GOYO Yeifrer Yoandri (VEN),,,3 - 1,9:11 11:6 11:8 11:6,LORENZO Santiago,2022
2022 South American Championships,2022-07-21,TORANZOS Alejandro,VANEGAS Luis,PAR,VEN,3,1,"11,8,11,11|9,11,3,6",QUAL,OTHER,MS,2608,Qualification,TORANZOS Alejandro (PAR),VANEGAS Luis (VEN),,,3 - 1,11:9 8:11 11:3 11:6,TORANZOS Alejandro,2022
2022 South American Championships,2022-07-21,SANCHI Francisco,RIOS Carlos,ARG,VEN,3,0,"17,11,12|15,5,10",QUAL,OTHER,MS,2608,Qualification,SANCHI Francisco (ARG),RIOS Carlos (VEN),,,3 - 0,17:15 11:5 12:10,SANCHI Francisco,2022
2022 South American Championships,2022-07-21,RIOFRIO Emiliano,OTALVARO Federico,ECU,COL,3,1,"11,5,11,11|9,11,7,7",QUAL,OTHER,MS,2608,Qualification,RIOFRIO Emiliano (ECU),OTALVARO Federico (COL),,,3 - 1,11:9 5:11 11:7 11:7,RIOFRIO Emiliano,2022
2022 South American Championships,2022-07-21,CASTILLO Cesar,TEODORO Guilherme,BRA,VEN,3,0,"11,11,11|5,3,6",QUAL,OTHER,MS,2608,Qualification,CASTILLO Cesar (VEN),TEODORO Guilherme (BRA),,,0 - 3,5:11 3:11 6:11,TEODORO Guilherme,2022
2022 South American Championships,2022-07-21,KUMAHARA Luca,GOMEZ Leyla,BRA,PAR,3,0,"11,11,11|5,4,4",QUAL,OTHER,WS,2608,Qualification,KUMAHARA Luca (BRA),GOMEZ Leyla (PAR),,,3 - 0,11:5 11:4 11:4,KUMAHARA Luca,2022
2022 South American Championships,2022-07-21,VEGA Paulina,KANASHIRO Beatriz,CHI,BRA,3,0,"11,11,11|5,5,6",QUAL,OTHER,WS,2608,Qualification,VEGA Paulina (CHI),KANASHIRO Beatriz (BRA),,,3 - 0,11:5 11:5 11:6,VEGA Paulina,2022
2022 South American Championships,2022-07-21,ORTEGA Daniela,KAIZOJI Camila,CHI,ARG,3,0,"11,11,11|4,6,9",QUAL,OTHER,WS,2608,Qualification,ORTEGA Daniela (CHI),KAIZOJI Camila (ARG),,,3 - 0,11:4 11:6 11:9,ORTEGA Daniela,2022
2022 South American Championships,2022-07-21,ARGUELLES Camila,DIAZ Mariangel,ARG,VEN,3,0,"11,11,11|4,6,8",QUAL,OTHER,WS,2608,Qualification,ARGUELLES Camila (ARG),DIAZ Mariangel (VEN),,,3 - 0,11:4 11:6 11:8,ARGUELLES Camila,2022
2022 South American Championships,2022-07-21,CODINA Ana,LOZADA Juliana,ARG,COL,3,0,"11,11,11|9,3,9",QUAL,OTHER,WS,2608,Qualification,CODINA Ana (ARG),LOZADA Juliana (COL),,,3 - 0,11:9 11:3 11:9,CODINA Ana,2022
2022 South American Championships,2022-07-21,MORALES Judith,WATANABE Laura,CHI,BRA,3,2,"11,10,12,5,11|7,12,10,11,7",QUAL,OTHER,WS,2608,Qualification,MORALES Judith (CHI),WATANABE Laura (BRA),,,3 - 2,11:7 10:12 12:10 5:11 11:7,MORALES Judith,2022
2022 South American Championships,2022-07-21,PAREDES Nathaly,TAKAHASHI Giulia,BRA,ECU,3,0,"11,11,11|5,6,5",QUAL,OTHER,WS,2608,Qualification,PAREDES Nathaly (ECU),TAKAHASHI Giulia (BRA),,,0 - 3,5:11 6:11 5:11,TAKAHASHI Giulia,2022
2022 South American Championships,2022-07-21,RIOS Valentina,PLAZA Mylena,ECU,CHI,3,2,"12,5,11,8,11|10,11,9,11,6",QUAL,OTHER,WS,2608,Qualification,RIOS Valentina (CHI),PLAZA Mylena (ECU),,,2 - 3,10:12 11:5 9:11 11:8 6:11,PLAZA Mylena,2022
2022 South American Championships,2022-07-21,OVELAR Lucero,MOLERO Candela,ARG,PAR,3,0,"11,11,11|9,5,1",QUAL,OTHER,WS,2608,Qualification,OVELAR Lucero (PAR),MOLERO Candela (ARG),,,0 - 3,9:11 5:11 1:11,MOLERO Candela,2022
2022 South American Championships,2022-07-21,CIFUENTES Horacio,DUFFOO Felipe,ARG,PER,3,1,"11,12,9,11|8,10,11,6",QUAL,OTHER,MS,2608,Qualification,CIFUENTES Horacio (ARG),DUFFOO Felipe (PER),,,3 - 1,11:8 12:10 9:11 11:6,CIFUENTES Horacio,2022
2022 South American Championships,2022-07-21,JOUTI Eric,OLAVE Alfonso,BRA,CHI,3,0,"11,11,11|8,8,7",QUAL,OTHER,MS,2608,Qualification,JOUTI Eric (BRA),OLAVE Alfonso (CHI),,,3 - 0,11:8 11:8 11:7,JOUTI Eric,2022
2022 South American Championships,2022-07-21,ALTO Gaston,ISHIDA Carlos,ARG,BRA,3,2,"11,11,8,12,20|5,6,11,14,18",QUAL,OTHER,MS,2608,Qualification,ALTO Gaston (ARG),ISHIDA Carlos (BRA),,,3 - 2,11:5 11:6 8:11 12:14 20:18,ALTO Gaston,2022
2022 South American Championships,2022-07-21,GOMEZ Gustavo,TURRINI Rafael,BRA,CHI,3,1,"14,8,11,11|12,11,9,9",QUAL,OTHER,MS,2608,Qualification,GOMEZ Gustavo (CHI),TURRINI Rafael (BRA),,,1 - 3,12:14 11:8 9:11 9:11,TURRINI Rafael,2022
2022 South American Championships,2022-07-21,LORENZO Santiago,HIDALGO Rodrigo,ARG,PER,3,2,"9,9,11,11,11|11,11,6,5,6",QUAL,OTHER,MS,2608,Qualification,LORENZO Santiago (ARG),HIDALGO Rodrigo (PER),,,3 - 2,9:11 9:11 11:6 11:5 11:6,LORENZO Santiago,2022
2022 South American Championships,2022-07-21,TORANZOS Alejandro,BURGOS Nicolas,CHI,PAR,3,0,"11,11,11|8,8,7",QUAL,OTHER,MS,2608,Qualification,TORANZOS Alejandro (PAR),BURGOS Nicolas (CHI),,,0 - 3,8:11 8:11 7:11,BURGOS Nicolas,2022
2022 South American Championships,2022-07-21,SANCHI Francisco,RIOFRIO Emiliano,ARG,ECU,3,0,"11,13,11|5,11,6",QUAL,OTHER,MS,2608,Qualification,SANCHI Francisco (ARG),RIOFRIO Emiliano (ECU),,,3 - 0,11:5 13:11 11:6,SANCHI Francisco,2022
2022 South American Championships,2022-07-21,RIOS Carlos,OTALVARO Federico,VEN,COL,3,2,"12,11,11,7,11|14,5,6,11,8",QUAL,OTHER,MS,2608,Qualification,RIOS Carlos (VEN),OTALVARO Federico (COL),,,3 - 2,12:14 11:5 11:6 7:11 11:8,RIOS Carlos,2022
2022 South American Championships,2022-07-21,PIGUAVE Diego,CASTILLO Cesar,ECU,VEN,3,0,"11,11,11|8,9,5",QUAL,OTHER,MS,2608,Qualification,PIGUAVE Diego (ECU),CASTILLO Cesar (VEN),,,3 - 0,11:8 11:9 11:5,PIGUAVE Diego,2022
2022 South American Championships,2022-07-21,DIAZ Mariangel,ECHEVERRY Manuela,COL,VEN,3,1,"12,11,5,11|10,8,11,7",QUAL,OTHER,WS,2608,Qualification,DIAZ Mariangel (VEN),ECHEVERRY Manuela (COL),,,1 - 3,10:12 8:11 11:5 7:11,ECHEVERRY Manuela,2022
2022 South American Championships,2022-07-21,KAIZOJI Camila,GOMEZ Cristina,ARG,VEN,3,1,"7,11,13,11|11,7,11,8",QUAL,OTHER,WS,2608,Qualification,KAIZOJI Camila (ARG),GOMEZ Cristina (VEN),,,3 - 1,7:11 11:7 13:11 11:8,KAIZOJI Camila,2022
2022 South American Championships,2022-07-21,KANASHIRO Beatriz,CARDENAS MALLIOTAKIS Isaleym Mariam,VEN,BRA,3,1,"13,11,12,11|11,9,14,8",QUAL,OTHER,WS,2608,Qualification,KANASHIRO Beatriz (BRA),CARDENAS MALLIOTAKIS Isaleym Mariam (VEN),,,1 - 3,11:13 9:11 14:12 8:11,CARDENAS MALLIOTAKIS Isaleym Mariam,2022
2022 South American Championships,2022-07-21,LOZADA Juliana,SALAZAR Astrid,COL,ECU,3,0,"11,11,11|2,1,9",QUAL,OTHER,WS,2608,Qualification,LOZADA Juliana (COL),SALAZAR Astrid (ECU),,,3 - 0,11:2 11:1 11:9,LOZADA Juliana,2022
2022 South American Championships,2022-07-21,WATANABE Laura,TELLEZ Cory,BRA,COL,3,2,"9,9,11,11,11|11,11,3,3,5",QUAL,OTHER,WS,2608,Qualification,WATANABE Laura (BRA),TELLEZ Cory (COL),,,3 - 2,9:11 9:11 11:3 11:3 11:5,WATANABE Laura,2022
2022 South American Championships,2022-07-21,TAKAHASHI Giulia,CASAS Marta,BRA,COL,3,1,"9,11,11,11|11,3,5,6",QUAL,OTHER,WS,2608,Qualification,TAKAHASHI Giulia (BRA),CASAS Marta (COL),,,3 - 1,9:11 11:3 11:5 11:6,TAKAHASHI Giulia,2022
2022 South American Championships,2022-07-21,RIOS Valentina,MOLERO Candela,CHI,ARG,3,1,"8,16,11,11|11,14,5,4",QUAL,OTHER,WS,2608,Qualification,RIOS Valentina (CHI),MOLERO Candela (ARG),,,3 - 1,8:11 16:14 11:5 11:4,RIOS Valentina,2022
2022 South American Championships,2022-07-21,PLAZA Mylena,OVELAR Lucero,PAR,ECU,3,0,"11,11,11|9,6,9",QUAL,OTHER,WS,2608,Qualification,PLAZA Mylena (ECU),OVELAR Lucero (PAR),,,0 - 3,9:11 6:11 9:11,OVELAR Lucero,2022
2022 South American Championships,2022-07-21,OLAVE Alfonso,GONZALEZ Camilo,CHI,COL,3,0,"11,12,13|9,10,11",QUAL,OTHER,MS,2608,Qualification,OLAVE Alfonso (CHI),GONZALEZ Camilo (COL),,,3 - 0,11:9 12:10 13:11,OLAVE Alfonso,2022
2022 South American Championships,2022-07-21,DUFFOO Felipe,ROBALINO Neycer,ECU,PER,3,2,"7,11,11,2,12|11,7,2,11,10",QUAL,OTHER,MS,2608,Qualification,DUFFOO Felipe (PER),ROBALINO Neycer (ECU),,,2 - 3,11:7 7:11 2:11 11:2 10:12,ROBALINO Neycer,2022
2022 South American Championships,2022-07-21,ISHIDA Carlos,MARTINEZ Andres,CHI,BRA,3,1,"10,22,13,15|12,20,11,13",QUAL,OTHER,MS,2608,Qualification,ISHIDA Carlos (BRA),MARTINEZ Andres (CHI),,,1 - 3,12:10 20:22 11:13 13:15,MARTINEZ Andres,2022
2022 South American Championships,2022-07-21,TURRINI Rafael,MONTES Santiago,BRA,COL,3,1,"11,8,11,11|6,11,3,6",QUAL,OTHER,MS,2608,Qualification,TURRINI Rafael (BRA),MONTES Santiago (COL),,,3 - 1,11:6 8:11 11:3 11:6,TURRINI Rafael,2022
2022 South American Championships,2022-07-21,SANCHI Francisco,OTALVARO Federico,ARG,COL,3,1,"8,11,11,11|11,5,6,5",QUAL,OTHER,MS,2608,Qualification,SANCHI Francisco (ARG),OTALVARO Federico (COL),,,3 - 1,8:11 11:5 11:6 11:5,SANCHI Francisco,2022
2022 South American Championships,2022-07-21,BURGOS Nicolas,VANEGAS Luis,CHI,VEN,3,0,"11,11,11|7,6,5",QUAL,OTHER,MS,2608,Qualification,BURGOS Nicolas (CHI),VANEGAS Luis (VEN),,,3 - 0,11:7 11:6 11:5,BURGOS Nicolas,2022
2022 South American Championships,2022-07-21,HIDALGO Rodrigo,SOTELDO GOYO Yeifrer Yoandri,PER,VEN,3,0,"11,11,11|4,5,3",QUAL,OTHER,MS,2608,Qualification,HIDALGO Rodrigo (PER),SOTELDO GOYO Yeifrer Yoandri (VEN),,,3 - 0,11:4 11:5 11:3,HIDALGO Rodrigo,2022
2022 South American Championships,2022-07-21,RIOFRIO Emiliano,RIOS Carlos,VEN,ECU,3,2,"9,9,13,11,11|11,11,11,6,8",QUAL,OTHER,MS,2608,Qualification,RIOFRIO Emiliano (ECU),RIOS Carlos (VEN),,,2 - 3,11:9 11:9 11:13 6:11 8:11,RIOS Carlos,2022
2022 South American Championships,2022-07-21,CASTILLO Cesar,RAMOS Julian,COL,VEN,3,0,"11,11,11|6,3,9",QUAL,OTHER,MS,2608,Qualification,CASTILLO Cesar (VEN),RAMOS Julian (COL),,,0 - 3,6:11 3:11 9:11,RAMOS Julian,2022
2022 South American Championships,2022-07-21,PIGUAVE Diego,TEODORO Guilherme,BRA,ECU,3,0,"11,11,11|8,5,8",QUAL,OTHER,MS,2608,Qualification,PIGUAVE Diego (ECU),TEODORO Guilherme (BRA),,,0 - 3,8:11 5:11 8:11,TEODORO Guilherme,2022
2022 South American Championships,2022-07-21,VEGA Paulina,WATANABE Laura,BRA,CHI,3,1,"8,11,11,11|11,7,6,7",QF,OTHER,WD,2608,Main Draw,VEGA Paulina (CHI),WATANABE Laura (BRA),ORTEGA Daniela (CHI),KANASHIRO Beatriz (BRA),1 - 3,11:8 7:11 6:11 7:11,WATANABE Laura,2022
2022 South American Championships,2022-07-21,TELLEZ Cory,ARGUELLES Camila,COL,ARG,3,0,"11,11,12|9,8,10",QF,OTHER,WD,2608,Main Draw,TELLEZ Cory (COL),ARGUELLES Camila (ARG),ECHEVERRY Manuela (COL),CODINA Ana (ARG),3 - 0,11:9 11:8 12:10,TELLEZ Cory,2022
2022 South American Championships,2022-07-21,KUMAHARA Luca,PAREDES Nathaly,BRA,ECU,3,0,"11,11,11|5,7,2",QF,OTHER,WD,2608,Main Draw,KUMAHARA Luca (BRA),PAREDES Nathaly (ECU),TAKAHASHI Giulia (BRA),SALAZAR Astrid (ECU),3 - 0,11:5 11:7 11:2,KUMAHARA Luca,2022
2022 South American Championships,2022-07-21,LORENZO Santiago,BURGOS Nicolas,CHI,ARG,3,1,"11,11,8,11|6,8,11,6",QF,OTHER,MD,2608,Main Draw,LORENZO Santiago (ARG),BURGOS Nicolas (CHI),SANCHI Francisco (ARG),GOMEZ Gustavo (CHI),1 - 3,6:11 8:11 11:8 6:11,BURGOS Nicolas,2022
2022 South American Championships,2022-07-21,DUFFOO Felipe,JOUTI Eric,PER,BRA,3,2,"11,11,11,8,11|8,13,8,11,7",QF,OTHER,MD,2608,Main Draw,DUFFOO Felipe (PER),JOUTI Eric (BRA),HIDALGO Rodrigo (PER),TEODORO Guilherme (BRA),3 - 2,11:8 11:13 11:8 8:11 11:7,DUFFOO Felipe,2022
2022 South American Championships,2022-07-21,CIFUENTES Horacio,MARTINEZ Andres,ARG,CHI,3,0,"11,11,11|5,9,6",QF,OTHER,MD,2608,Main Draw,CIFUENTES Horacio (ARG),MARTINEZ Andres (CHI),ALTO Gaston (ARG),OLAVE Alfonso (CHI),3 - 0,11:5 11:9 11:6,CIFUENTES Horacio,2022
2022 South American Championships,2022-07-21,RAMOS Julian,PIGUAVE Diego,ECU,COL,3,1,"7,11,11,12|11,8,9,10",QF,OTHER,MD,2608,Main Draw,RAMOS Julian (COL),PIGUAVE Diego (ECU),OTALVARO Federico (COL),RIOFRIO Emiliano (ECU),1 - 3,11:7 8:11 9:11 10:12,PIGUAVE Diego,2022
2022 South American Championships,2022-07-21,TEODORO Guilherme,VANEGAS Luis,BRA,VEN,3,0,"11,11,11|8,6,4",QF,OTHER,XD,2608,Main Draw,TEODORO Guilherme (BRA),VANEGAS Luis (VEN),TAKAHASHI Giulia (BRA),OBANDO Camila (VEN),3 - 0,11:8 11:6 11:4,TEODORO Guilherme,2022
2022 South American Championships,2022-07-21,CASTILLO Cesar,JOUTI Eric,BRA,VEN,3,1,"11,8,11,11|3,11,5,7",QF,OTHER,XD,2608,Main Draw,CASTILLO Cesar (VEN),JOUTI Eric (BRA),CARDENAS MALLIOTAKIS Isaleym Mariam (VEN),KUMAHARA Luca (BRA),1 - 3,3:11 11:8 5:11 7:11,JOUTI Eric,2022
2022 South American Championships,2022-07-21,GOMEZ Gustavo,RIOFRIO Emiliano,CHI,ECU,3,0,"11,11,11|7,6,4",QF,OTHER,XD,2608,Main Draw,GOMEZ Gustavo (CHI),RIOFRIO Emiliano (ECU),ORTEGA Daniela (CHI),SALAZAR Astrid (ECU),3 - 0,11:7 11:6 11:4,GOMEZ Gustavo,2022
2022 South American Championships,2022-07-21,CIFUENTES Horacio,BURGOS Nicolas,ARG,CHI,3,0,"11,11,11|9,9,4",QF,OTHER,XD,2608,Main Draw,CIFUENTES Horacio (ARG),BURGOS Nicolas (CHI),ARGUELLES Camila (ARG),VEGA Paulina (CHI),3 - 0,11:9 11:9 11:4,CIFUENTES Horacio,2022
2022 South American Championships,2022-07-21,MOLERO Candela,TELLEZ Cory,ARG,COL,4,2,"11,11,11,9,7,11|2,7,8,11,11,5",R16,OTHER,WS,2608,Main Draw,MOLERO Candela (ARG),TELLEZ Cory (COL),,,4 - 2,11:2 11:7 11:8 9:11 7:11 11:5,MOLERO Candela,2022
2022 South American Championships,2022-07-21,CASAS Marta,CODINA Ana,ARG,COL,4,0,"11,11,11,11|6,9,7,5",R16,OTHER,WS,2608,Main Draw,CASAS Marta (COL),CODINA Ana (ARG),,,0 - 4,6:11 9:11 7:11 5:11,CODINA Ana,2022
2022 South American Championships,2022-07-21,ALTO Gaston,TORANZOS Alejandro,ARG,PAR,4,0,"11,11,11,11|4,8,1,8",R16,OTHER,MS,2608,Main Draw,ALTO Gaston (ARG),TORANZOS Alejandro (PAR),,,4 - 0,11:4 11:8 11:1 11:8,ALTO Gaston,2022
2022 South American Championships,2022-07-21,OLAVE Alfonso,TURRINI Rafael,BRA,CHI,4,2,"9,11,6,11,11,11|11,8,11,5,9,8",R16,OTHER,MS,2608,Main Draw,OLAVE Alfonso (CHI),TURRINI Rafael (BRA),,,2 - 4,11:9 8:11 11:6 5:11 9:11 8:11,TURRINI Rafael,2022
2022 South American Championships,2022-07-21,OBANDO Camila,WATANABE Laura,BRA,VEN,4,0,"11,11,11,11|9,9,7,6",R16,OTHER,WS,2608,Main Draw,OBANDO Camila (VEN),WATANABE Laura (BRA),,,0 - 4,9:11 9:11 7:11 6:11,WATANABE Laura,2022
2022 South American Championships,2022-07-21,SANCHI Francisco,MARTINEZ Andres,ARG,CHI,4,1,"11,9,11,11,11|5,11,7,5,8",R16,OTHER,MS,2608,Main Draw,SANCHI Francisco (ARG),MARTINEZ Andres (CHI),,,4 - 1,11:5 9:11 11:7 11:5 11:8,SANCHI Francisco,2022
2022 South American Championships,2022-07-21,LORENZO Santiago,ROBALINO Neycer,ARG,ECU,4,2,"11,11,11,6,6,11|6,8,5,11,11,7",R16,OTHER,MS,2608,Main Draw,LORENZO Santiago (ARG),ROBALINO Neycer (ECU),,,4 - 2,11:6 11:8 11:5 6:11 6:11 11:7,LORENZO Santiago,2022
2022 South American Championships,2022-07-21,ARGUELLES Camila,LOZADA Juliana,ARG,COL,4,1,"12,11,9,11,11|10,4,11,4,5",R16,OTHER,WS,2608,Main Draw,ARGUELLES Camila (ARG),LOZADA Juliana (COL),,,4 - 1,12:10 11:4 9:11 11:4 11:5,ARGUELLES Camila,2022
2022 South American Championships,2022-07-21,CARDENAS MALLIOTAKIS Isaleym Mariam,ORTEGA Daniela,CHI,VEN,4,0,"11,11,11,11|3,5,9,6",R16,OTHER,WS,2608,Main Draw,CARDENAS MALLIOTAKIS Isaleym Mariam (VEN),ORTEGA Daniela (CHI),,,0 - 4,3:11 5:11 9:11 6:11,ORTEGA Daniela,2022
2022 South American Championships,2022-07-21,RIOS Carlos,JOUTI Eric,BRA,VEN,4,0,"11,11,11,11|7,4,7,8",R16,OTHER,MS,2608,Main Draw,RIOS Carlos (VEN),JOUTI Eric (BRA),,,0 - 4,7:11 4:11 7:11 8:11,JOUTI Eric,2022
2022 South American Championships,2022-07-21,GOMEZ Gustavo,TEODORO Guilherme,CHI,BRA,4,1,"11,12,7,11,11|6,10,11,7,6",R16,OTHER,MS,2608,Main Draw,GOMEZ Gustavo (CHI),TEODORO Guilherme (BRA),,,4 - 1,11:6 12:10 7:11 11:7 11:6,GOMEZ Gustavo,2022
2022 South American Championships,2022-07-21,KUMAHARA Luca,ECHEVERRY Manuela,BRA,COL,4,3,"11,9,11,11,3,2,11|6,11,7,2,11,11,6",R16,OTHER,WS,2608,Main Draw,KUMAHARA Luca (BRA),ECHEVERRY Manuela (COL),,,4 - 3,11:6 9:11 11:7 11:2 3:11 2:11 11:6,KUMAHARA Luca,2022
2022 South American Championships,2022-07-21,OVELAR Lucero,VEGA Paulina,CHI,PAR,4,0,"11,11,11,11|4,6,5,4",R16,OTHER,WS,2608,Main Draw,OVELAR Lucero (PAR),VEGA Paulina (CHI),,,0 - 4,4:11 6:11 5:11 4:11,VEGA Paulina,2022
2022 South American Championships,2022-07-21,CIFUENTES Horacio,HIDALGO Rodrigo,PER,ARG,4,0,"11,11,11,11|5,6,7,6",R16,OTHER,MS,2608,Main Draw,CIFUENTES Horacio (ARG),HIDALGO Rodrigo (PER),,,0 - 4,5:11 6:11 7:11 6:11,HIDALGO Rodrigo,2022
2022 South American Championships,2022-07-21,RAMOS Julian,BURGOS Nicolas,CHI,COL,4,0,"11,11,11,11|6,5,9,9",R16,OTHER,MS,2608,Main Draw,RAMOS Julian (COL),BURGOS Nicolas (CHI),,,0 - 4,6:11 5:11 9:11 9:11,BURGOS Nicolas,2022
2022 South American Championships,2022-07-21,CIFUENTES Horacio,JOUTI Eric,ARG,BRA,3,1,"6,11,11,13|11,7,7,11",SF,OTHER,XD,2608,Main Draw,CIFUENTES Horacio (ARG),JOUTI Eric (BRA),ARGUELLES Camila (ARG),KUMAHARA Luca (BRA),3 - 1,6:11 11:7 11:7 13:11,CIFUENTES Horacio,2022
2022 South American Championships,2022-07-21,MOLERO Candela,ORTEGA Daniela,CHI,ARG,4,1,"11,11,11,9,11|7,7,3,11,9",QF,OTHER,WS,2608,Main Draw,MOLERO Candela (ARG),ORTEGA Daniela (CHI),,,1 - 4,7:11 7:11 3:11 11:9 9:11,ORTEGA Daniela,2022
2022 South American Championships,2022-07-21,ARGUELLES Camila,WATANABE Laura,BRA,ARG,4,2,"11,8,7,11,11,11|8,11,11,6,6,1",QF,OTHER,WS,2608,Main Draw,ARGUELLES Camila (ARG),WATANABE Laura (BRA),,,2 - 4,8:11 11:8 11:7 6:11 6:11 1:11,WATANABE Laura,2022
2022 South American Championships,2022-07-21,ALTO Gaston,GOMEZ Gustavo,ARG,CHI,4,1,"11,8,11,11,11|7,11,9,4,7",QF,OTHER,MS,2608,Main Draw,ALTO Gaston (ARG),GOMEZ Gustavo (CHI),,,4 - 1,11:7 8:11 11:9 11:4 11:7,ALTO Gaston,2022
2022 South American Championships,2022-07-21,SANCHI Francisco,TURRINI Rafael,BRA,ARG,4,3,"9,14,11,6,6,11,13|11,12,8,11,11,8,11",QF,OTHER,MS,2608,Main Draw,SANCHI Francisco (ARG),TURRINI Rafael (BRA),,,3 - 4,11:9 12:14 8:11 11:6 11:6 8:11 11:13,TURRINI Rafael,2022
2022 South American Championships,2022-07-21,KUMAHARA Luca,CODINA Ana,BRA,ARG,4,1,"11,13,11,6,11|8,11,5,11,4",QF,OTHER,WS,2608,Main Draw,KUMAHARA Luca (BRA),CODINA Ana (ARG),,,4 - 1,11:8 13:11 11:5 6:11 11:4,KUMAHARA Luca,2022
2022 South American Championships,2022-07-21,LORENZO Santiago,JOUTI Eric,ARG,BRA,4,2,"2,11,11,13,5,11|11,9,8,11,11,3",QF,OTHER,MS,2608,Main Draw,LORENZO Santiago (ARG),JOUTI Eric (BRA),,,4 - 2,2:11 11:9 11:8 13:11 5:11 11:3,LORENZO Santiago,2022
2022 South American Championships,2022-07-21,HIDALGO Rodrigo,BURGOS Nicolas,CHI,PER,4,0,"11,11,12,11|8,3,10,5",QF,OTHER,MS,2608,Main Draw,HIDALGO Rodrigo (PER),BURGOS Nicolas (CHI),,,0 - 4,8:11 3:11 10:12 5:11,BURGOS Nicolas,2022
2022 South American Championships,2022-07-21,WATANABE Laura,TAKAHASHI Giulia,BRA,BRA,4,3,"5,11,7,4,11,13,11|11,3,11,11,8,11,5",SF,OTHER,WS,2608,Main Draw,WATANABE Laura (BRA),TAKAHASHI Giulia (BRA),,,4 - 3,5:11 11:3 7:11 4:11 11:8 13:11 11:5,WATANABE Laura,2022
2022 South American Championships,2022-07-21,ALTO Gaston,LORENZO Santiago,ARG,ARG,4,3,"6,11,9,11,9,11,11|11,6,11,1,11,4,5",SF,OTHER,MS,2608,Main Draw,ALTO Gaston (ARG),LORENZO Santiago (ARG),,,4 - 3,6:11 11:6 9:11 11:1 9:11 11:4 11:5,ALTO Gaston,2022
2022 South American Championships,2022-07-21,BURGOS Nicolas,TURRINI Rafael,CHI,BRA,4,0,"11,11,11,11|8,6,8,8",SF,OTHER,MS,2608,Main Draw,BURGOS Nicolas (CHI),TURRINI Rafael (BRA),,,4 - 0,11:8 11:6 11:8 11:8,BURGOS Nicolas,2022
2022 South American Championships,2022-07-21,WATANABE Laura,KAIZOJI Camila,BRA,ARG,3,1,"12,9,15,11|10,11,13,5",SF,OTHER,WD,2608,Main Draw,WATANABE Laura (BRA),KAIZOJI Camila (ARG),KANASHIRO Beatriz (BRA),MOLERO Candela (ARG),3 - 1,12:10 9:11 15:13 11:5,WATANABE Laura,2022
2022 South American Championships,2022-07-21,KUMAHARA Luca,TELLEZ Cory,BRA,COL,3,1,"11,11,11,11|8,13,9,6",SF,OTHER,WD,2608,Main Draw,KUMAHARA Luca (BRA),TELLEZ Cory (COL),TAKAHASHI Giulia (BRA),ECHEVERRY Manuela (COL),3 - 1,11:8 11:13 11:9 11:6,KUMAHARA Luca,2022
2022 South American Championships,2022-07-21,DUFFOO Felipe,BURGOS Nicolas,CHI,PER,3,1,"11,11,14,11|3,13,12,8",SF,OTHER,MD,2608,Main Draw,DUFFOO Felipe (PER),BURGOS Nicolas (CHI),HIDALGO Rodrigo (PER),GOMEZ Gustavo (CHI),1 - 3,3:11 13:11 12:14 8:11,BURGOS Nicolas,2022
2022 South American Championships,2022-07-21,CIFUENTES Horacio,PIGUAVE Diego,ARG,ECU,3,1,"9,11,11,11|11,6,5,4",SF,OTHER,MD,2608,Main Draw,CIFUENTES Horacio (ARG),PIGUAVE Diego (ECU),ALTO Gaston (ARG),RIOFRIO Emiliano (ECU),3 - 1,9:11 11:6 11:5 11:4,CIFUENTES Horacio,2022
2022 South American Championships,2022-07-21,WATANABE Laura,KUMAHARA Luca,BRA,BRA,3,0,"11,11,11|7,9,9",F,OTHER,WD,2608,Main Draw,WATANABE Laura (BRA),KUMAHARA Luca (BRA),KANASHIRO Beatriz (BRA),TAKAHASHI Giulia (BRA),0 - 3,7:11 9:11 9:11,KUMAHARA Luca,2022
2022 South American Championships,2022-07-21,CIFUENTES Horacio,BURGOS Nicolas,CHI,ARG,3,2,"8,10,11,16,11|11,12,9,14,9",F,OTHER,MD,2608,Main Draw,CIFUENTES Horacio (ARG),BURGOS Nicolas (CHI),ALTO Gaston (ARG),GOMEZ Gustavo (CHI),2 - 3,11:8 12:10 9:11 14:16 9:11,BURGOS Nicolas,2022
2022 South American Championships,2022-07-21,BURGOS Nicolas,ALTO Gaston,CHI,ARG,4,3,"7,11,11,2,6,11,11|11,9,4,11,11,7,9",F,OTHER,MS,2608,Main Draw,BURGOS Nicolas (CHI),ALTO Gaston (ARG),,,4 - 3,7:11 11:9 11:4 2:11 6:11 11:7 11:9,BURGOS Nicolas,2022
Southern Africa WTTC Finals Qualification,2022-06-30,COGILL Theo,BANDA Charles,RSA,ZAM,3,0,"0,0,0|0,0,0",QUAL,OTHER,MT,2580,Qualification,COGILL Theo (RSA),BANDA Charles (ZAM),,,3 - 0,0:0 0:0 0:0,COGILL Theo,2022
Southern Africa WTTC Finals Qualification,2022-06-30,JONES Shaun,KATUNGU Kennedy,RSA,ZAM,3,0,"0,0,0|0,0,0",QUAL,OTHER,MT,2580,Qualification,JONES Shaun (RSA),KATUNGU Kennedy (ZAM),,,3 - 0,0:0 0:0 0:0,JONES Shaun,2022
Southern Africa WTTC Finals Qualification,2022-06-30,NATHOO Chetan,HAMALAMBO Choolwe,RSA,ZAM,3,0,"0,0,0|0,0,0",QUAL,OTHER,MT,2580,Qualification,NATHOO Chetan (RSA),HAMALAMBO Choolwe (ZAM),,,3 - 0,0:0 0:0 0:0,NATHOO Chetan,2022
Southern Africa WTTC Finals Qualification,2022-06-30,SINGH Vikram,MALOKA Bakang,BOT,ZIM,3,2,"11,5,3,11,11|6,11,11,7,9",QUAL,OTHER,MT,2580,Qualification,SINGH Vikram (ZIM),MALOKA Bakang (BOT),,,2 - 3,6:11 11:5 11:3 7:11 9:11,MALOKA Bakang,2022
Southern Africa WTTC Finals Qualification,2022-06-30,CHAMBOKO Brian,MOOKETSI Ndelu,BOT,ZIM,3,0,"11,11,11|2,3,4",QUAL,OTHER,MT,2580,Qualification,CHAMBOKO Brian (ZIM),MOOKETSI Ndelu (BOT),,,0 - 3,2:11 3:11 4:11,MOOKETSI Ndelu,2022
Southern Africa WTTC Finals Qualification,2022-06-30,MUMVUMA Tatenda,MODISATHEBE Tshepho,BOT,ZIM,3,1,"7,11,12,11|11,5,10,7",QUAL,OTHER,MT,2580,Qualification,MUMVUMA Tatenda (ZIM),MODISATHEBE Tshepho (BOT),,,1 - 3,11:7 5:11 10:12 7:11,MODISATHEBE Tshepho,2022
Southern Africa WTTC Finals Qualification,2022-06-30,MANUEL Domingos,MOTHIBI Khethang,ANG,LES,3,0,"11,11,11|8,6,5",QUAL,OTHER,MT,2580,Qualification,MANUEL Domingos (ANG),MOTHIBI Khethang (LES),,,3 - 0,11:8 11:6 11:5,MANUEL Domingos,2022
Southern Africa WTTC Finals Qualification,2022-06-30,SEBASTIAO Hermenegildo,MAPESHOANE Hareteke,ANG,LES,3,0,"11,11,11|7,4,5",QUAL,OTHER,MT,2580,Qualification,SEBASTIAO Hermenegildo (ANG),MAPESHOANE Hareteke (LES),,,3 - 0,11:7 11:4 11:5,SEBASTIAO Hermenegildo,2022
Southern Africa WTTC Finals Qualification,2022-06-30,BOCK Maximilian,HARA Stewart,NAM,MAW,3,0,"0,0,0|0,0,0",QUAL,OTHER,MT,2580,Qualification,BOCK Maximilian (NAM),HARA Stewart (MAW),,,3 - 0,0:0 0:0 0:0,BOCK Maximilian,2022
Southern Africa WTTC Finals Qualification,2022-06-30,GREEN Wayne Marlon,SOMBA Abell,NAM,MAW,3,0,"0,0,0|0,0,0",QUAL,OTHER,MT,2580,Qualification,GREEN Wayne Marlon (NAM),SOMBA Abell (MAW),,,3 - 0,0:0 0:0 0:0,GREEN Wayne Marlon,2022
Southern Africa WTTC Finals Qualification,2022-06-30,DREYER Delton,MASSAH Floriano,NAM,MAW,3,0,"0,0,0|0,0,0",QUAL,OTHER,MT,2580,Qualification,DREYER Delton (NAM),MASSAH Floriano (MAW),,,3 - 0,0:0 0:0 0:0,DREYER Delton,2022
Southern Africa WTTC Finals Qualification,2022-06-30,KALAM Musfiquh,KUNDA Mubanga,RSA,ZAM,3,0,"0,0,0|0,0,0",QUAL,OTHER,WT,2580,Qualification,KALAM Musfiquh (RSA),KUNDA Mubanga (ZAM),,,3 - 0,0:0 0:0 0:0,KALAM Musfiquh,2022
Southern Africa WTTC Finals Qualification,2022-06-30,EDWARDS Lailaa,CHIBOMBE Annita,RSA,ZAM,3,0,"0,0,0|0,0,0",QUAL,OTHER,WT,2580,Qualification,EDWARDS Lailaa (RSA),CHIBOMBE Annita (ZAM),,,3 - 0,0:0 0:0 0:0,EDWARDS Lailaa,2022
Southern Africa WTTC Finals Qualification,2022-06-30,PATEL Danisha,NALAVWE Latifa,RSA,ZAM,3,0,"0,0,0|0,0,0",QUAL,OTHER,WT,2580,Qualification,PATEL Danisha (RSA),NALAVWE Latifa (ZAM),,,3 - 0,0:0 0:0 0:0,PATEL Danisha,2022
Southern Africa WTTC Finals Qualification,2022-06-30,ALBINO Isabel,MVULA Thandiwe,ANG,MAW,3,0,"0,0,0|0,0,0",QUAL,OTHER,WT,2580,Qualification,ALBINO Isabel (ANG),MVULA Thandiwe (MAW),,,3 - 0,0:0 0:0 0:0,ALBINO Isabel,2022
Southern Africa WTTC Finals Qualification,2022-06-30,SOUSA Kailane,MWENIBUNGU Chrissy,ANG,MAW,3,0,"0,0,0|0,0,0",QUAL,OTHER,WT,2580,Qualification,SOUSA Kailane (ANG),MWENIBUNGU Chrissy (MAW),,,3 - 0,0:0 0:0 0:0,SOUSA Kailane,2022
Southern Africa WTTC Finals Qualification,2022-06-30,BORGES Jerusa,PENSULO Shyreen,ANG,MAW,3,0,"0,0,0|0,0,0",QUAL,OTHER,WT,2580,Qualification,BORGES Jerusa (ANG),PENSULO Shyreen (MAW),,,3 - 0,0:0 0:0 0:0,BORGES Jerusa,2022
Southern Africa WTTC Finals Qualification,2022-06-30,BIEDERLACK Janika,MATHIBELI Thato,NAM,LES,3,0,"11,11,11|8,6,5",QUAL,OTHER,WT,2580,Qualification,BIEDERLACK Janika (NAM),MATHIBELI Thato (LES),,,3 - 0,11:8 11:6 11:5,BIEDERLACK Janika,2022
Southern Africa WTTC Finals Qualification,2022-06-30,DE KOKER Michelle,CHERE Matseliso,NAM,LES,3,0,"11,11,11|4,8,6",QUAL,OTHER,WT,2580,Qualification,DE KOKER Michelle (NAM),CHERE Matseliso (LES),,,3 - 0,11:4 11:8 11:6,DE KOKER Michelle,2022
Southern Africa WTTC Finals Qualification,2022-06-30,BIEDERLACK Janika,CHERE Matseliso,NAM,LES,3,0,"11,11,11|8,7,5",QUAL,OTHER,WT,2580,Qualification,BIEDERLACK Janika (NAM),CHERE Matseliso (LES),,,3 - 0,11:8 11:7 11:5,BIEDERLACK Janika,2022
Southern Africa WTTC Finals Qualification,2022-06-30,PATEL Danisha,KUSWANI Constance,RSA,BOT,3,0,"11,11,11|8,9,7",QUAL,OTHER,WT,2580,Qualification,PATEL Danisha (RSA),KUSWANI Constance (BOT),,,3 - 0,11:8 11:9 11:7,PATEL Danisha,2022
Southern Africa WTTC Finals Qualification,2022-06-30,KALAM Musfiquh,REBATENNE Tshepiso,RSA,BOT,3,0,"11,11,11|5,5,6",QUAL,OTHER,WT,2580,Qualification,KALAM Musfiquh (RSA),REBATENNE Tshepiso (BOT),,,3 - 0,11:5 11:5 11:6,KALAM Musfiquh,2022
Southern Africa WTTC Finals Qualification,2022-06-30,EDWARDS Lailaa,RAMAGAPU Olorato,RSA,BOT,3,0,"11,11,11|7,8,9",QUAL,OTHER,WT,2580,Qualification,EDWARDS Lailaa (RSA),RAMAGAPU Olorato (BOT),,,3 - 0,11:7 11:8 11:9,EDWARDS Lailaa,2022
Southern Africa WTTC Finals Qualification,2022-06-30,ALBINO Isabel,MATHIBELI Thato,ANG,LES,3,0,"11,11,11|8,7,6",QUAL,OTHER,WT,2580,Qualification,ALBINO Isabel (ANG),MATHIBELI Thato (LES),,,3 - 0,11:8 11:7 11:6,ALBINO Isabel,2022
Southern Africa WTTC Finals Qualification,2022-06-30,SOUSA Kailane,CHERE Matseliso,ANG,LES,3,0,"11,11,11|5,7,6",QUAL,OTHER,WT,2580,Qualification,SOUSA Kailane (ANG),CHERE Matseliso (LES),,,3 - 0,11:5 11:7 11:6,SOUSA Kailane,2022
Southern Africa WTTC Finals Qualification,2022-06-30,BIEDERLACK Janika,MVULA Thandiwe,NAM,MAW,3,0,"0,0,0|0,0,0",QUAL,OTHER,WT,2580,Qualification,BIEDERLACK Janika (NAM),MVULA Thandiwe (MAW),,,3 - 0,0:0 0:0 0:0,BIEDERLACK Janika,2022
Southern Africa WTTC Finals Qualification,2022-06-30,DE KOKER Michelle,MWENIBUNGU Chrissy,NAM,MAW,3,0,"0,0,0|0,0,0",QUAL,OTHER,WT,2580,Qualification,DE KOKER Michelle (NAM),MWENIBUNGU Chrissy (MAW),,,3 - 0,0:0 0:0 0:0,DE KOKER Michelle,2022
Southern Africa WTTC Finals Qualification,2022-06-30,BIEDERLACK Janika,MWENIBUNGU Chrissy,NAM,MAW,3,0,"0,0,0|0,0,0",QUAL,OTHER,WT,2580,Qualification,BIEDERLACK Janika (NAM),MWENIBUNGU Chrissy (MAW),,,3 - 0,0:0 0:0 0:0,BIEDERLACK Janika,2022
Southern Africa WTTC Finals Qualification,2022-06-30,MOOKETSI Ndelu,COGILL Theo,RSA,BOT,3,0,"11,11,11|9,8,7",QUAL,OTHER,MT,2580,Qualification,MOOKETSI Ndelu (BOT),COGILL Theo (RSA),,,0 - 3,9:11 8:11 7:11,COGILL Theo,2022
Southern Africa WTTC Finals Qualification,2022-06-30,MODISATHEBE Tshepho,NATHOO Chetan,RSA,BOT,3,0,"11,11,11|8,9,7",QUAL,OTHER,MT,2580,Qualification,MODISATHEBE Tshepho (BOT),NATHOO Chetan (RSA),,,0 - 3,8:11 9:11 7:11,NATHOO Chetan,2022
Southern Africa WTTC Finals Qualification,2022-06-30,TSHIPINARE Tirelo,JONES Shaun,RSA,BOT,3,0,"11,11,11|8,7,6",QUAL,OTHER,MT,2580,Qualification,TSHIPINARE Tirelo (BOT),JONES Shaun (RSA),,,0 - 3,8:11 7:11 6:11,JONES Shaun,2022
Southern Africa WTTC Finals Qualification,2022-06-30,CHAMBOKO Brian,BANDA Charles,ZIM,ZAM,3,0,"0,0,0|0,0,0",QUAL,OTHER,MT,2580,Qualification,CHAMBOKO Brian (ZIM),BANDA Charles (ZAM),,,3 - 0,0:0 0:0 0:0,CHAMBOKO Brian,2022
Southern Africa WTTC Finals Qualification,2022-06-30,SINGH Vikram,KATUNGU Kennedy,ZIM,ZAM,3,0,"0,0,0|0,0,0",QUAL,OTHER,MT,2580,Qualification,SINGH Vikram (ZIM),KATUNGU Kennedy (ZAM),,,3 - 0,0:0 0:0 0:0,SINGH Vikram,2022
Southern Africa WTTC Finals Qualification,2022-06-30,CHAFURAMA Lydale,HAMALAMBO Choolwe,ZIM,ZAM,3,0,"0,0,0|0,0,0",QUAL,OTHER,MT,2580,Qualification,CHAFURAMA Lydale (ZIM),HAMALAMBO Choolwe (ZAM),,,3 - 0,0:0 0:0 0:0,CHAFURAMA Lydale,2022
Southern Africa WTTC Finals Qualification,2022-06-30,MANUEL Domingos,HARA Stewart,ANG,MAW,3,0,"0,0,0|0,0,0",QUAL,OTHER,MT,2580,Qualification,MANUEL Domingos (ANG),HARA Stewart (MAW),,,3 - 0,0:0 0:0 0:0,MANUEL Domingos,2022
Southern Africa WTTC Finals Qualification,2022-06-30,SEBASTIAO Hermenegildo,SOMBA Abell,ANG,MAW,3,0,"0,0,0|0,0,0",QUAL,OTHER,MT,2580,Qualification,SEBASTIAO Hermenegildo (ANG),SOMBA Abell (MAW),,,3 - 0,0:0 0:0 0:0,SEBASTIAO Hermenegildo,2022
Southern Africa WTTC Finals Qualification,2022-06-30,NETO Edvane,MASSAH Floriano,ANG,MAW,3,0,"0,0,0|0,0,0",QUAL,OTHER,MT,2580,Qualification,NETO Edvane (ANG),MASSAH Floriano (MAW),,,3 - 0,0:0 0:0 0:0,NETO Edvane,2022
Southern Africa WTTC Finals Qualification,2022-06-30,DREYER Delton,MOTHIBI Khethang,NAM,LES,3,0,"11,11,13|8,9,11",QUAL,OTHER,MT,2580,Qualification,DREYER Delton (NAM),MOTHIBI Khethang (LES),,,3 - 0,11:8 11:9 13:11,DREYER Delton,2022
Southern Africa WTTC Finals Qualification,2022-06-30,GREEN Wayne Marlon,MAPESHOANE Hareteke,NAM,LES,3,0,"11,11,11|8,6,5",QUAL,OTHER,MT,2580,Qualification,GREEN Wayne Marlon (NAM),MAPESHOANE Hareteke (LES),,,3 - 0,11:8 11:6 11:5,GREEN Wayne Marlon,2022
Southern Africa WTTC Finals Qualification,2022-06-30,NATHOO Chetan,SINGH Vikram,RSA,ZIM,3,0,"11,11,17|4,8,15",QUAL,OTHER,MT,2580,Qualification,NATHOO Chetan (RSA),SINGH Vikram (ZIM),,,3 - 0,11:4 11:8 17:15,NATHOO Chetan,2022
Southern Africa WTTC Finals Qualification,2022-06-30,JONES Shaun,MUMVUMA Tatenda,RSA,ZIM,3,0,"11,11,11|6,9,4",QUAL,OTHER,MT,2580,Qualification,JONES Shaun (RSA),MUMVUMA Tatenda (ZIM),,,3 - 0,11:6 11:9 11:4,JONES Shaun,2022
Southern Africa WTTC Finals Qualification,2022-06-30,STEYN Kirshwan,CHAMBOKO Brian,RSA,ZIM,3,0,"11,11,13|7,9,11",QUAL,OTHER,MT,2580,Qualification,STEYN Kirshwan (RSA),CHAMBOKO Brian (ZIM),,,3 - 0,11:7 11:9 13:11,STEYN Kirshwan,2022
Southern Africa WTTC Finals Qualification,2022-06-30,MALOKA Bakang,BANDA Charles,BOT,ZAM,3,0,"0,0,0|0,0,0",QUAL,OTHER,MT,2580,Qualification,MALOKA Bakang (BOT),BANDA Charles (ZAM),,,3 - 0,0:0 0:0 0:0,MALOKA Bakang,2022
Southern Africa WTTC Finals Qualification,2022-06-30,MOOKETSI Ndelu,KATUNGU Kennedy,BOT,ZAM,3,0,"0,0,0|0,0,0",QUAL,OTHER,MT,2580,Qualification,MOOKETSI Ndelu (BOT),KATUNGU Kennedy (ZAM),,,3 - 0,0:0 0:0 0:0,MOOKETSI Ndelu,2022
Southern Africa WTTC Finals Qualification,2022-06-30,TSHIPINARE Tirelo,HAMALAMBO Choolwe,BOT,ZAM,3,0,"0,0,0|0,0,0",QUAL,OTHER,MT,2580,Qualification,TSHIPINARE Tirelo (BOT),HAMALAMBO Choolwe (ZAM),,,3 - 0,0:0 0:0 0:0,TSHIPINARE Tirelo,2022
Southern Africa WTTC Finals Qualification,2022-06-30,BOCK Maximilian,MANUEL Domingos,ANG,NAM,3,1,"9,13,11,11|11,11,5,6",QUAL,OTHER,MT,2580,Qualification,BOCK Maximilian (NAM),MANUEL Domingos (ANG),,,1 - 3,11:9 11:13 5:11 6:11,MANUEL Domingos,2022
Southern Africa WTTC Finals Qualification,2022-06-30,DREYER Delton,SEBASTIAO Hermenegildo,ANG,NAM,3,0,"11,11,11|5,8,9",QUAL,OTHER,MT,2580,Qualification,DREYER Delton (NAM),SEBASTIAO Hermenegildo (ANG),,,0 - 3,5:11 8:11 9:11,SEBASTIAO Hermenegildo,2022
Southern Africa WTTC Finals Qualification,2022-06-30,GREEN Wayne Marlon,LEMOS Antonio,ANG,NAM,3,0,"11,11,11|8,7,5",QUAL,OTHER,MT,2580,Qualification,GREEN Wayne Marlon (NAM),LEMOS Antonio (ANG),,,0 - 3,8:11 7:11 5:11,LEMOS Antonio,2022
Southern Africa WTTC Finals Qualification,2022-06-30,MOTHIBI Khethang,HARA Stewart,LES,MAW,3,0,"0,0,0|0,0,0",QUAL,OTHER,MT,2580,Qualification,MOTHIBI Khethang (LES),HARA Stewart (MAW),,,3 - 0,0:0 0:0 0:0,MOTHIBI Khethang,2022
Southern Africa WTTC Finals Qualification,2022-06-30,MAPESHOANE Hareteke,SOMBA Abell,LES,MAW,3,0,"0,0,0|0,0,0",QUAL,OTHER,MT,2580,Qualification,MAPESHOANE Hareteke (LES),SOMBA Abell (MAW),,,3 - 0,0:0 0:0 0:0,MAPESHOANE Hareteke,2022
Southern Africa WTTC Finals Qualification,2022-06-30,MOTHIBI Khethang,SOMBA Abell,LES,MAW,3,0,"0,0,0|0,0,0",QUAL,OTHER,MT,2580,Qualification,MOTHIBI Khethang (LES),SOMBA Abell (MAW),,,3 - 0,0:0 0:0 0:0,MOTHIBI Khethang,2022
Southern Africa WTTC Finals Qualification,2022-06-30,GAOKGALEMELWE Tsholofelo,KUNDA Mubanga,BOT,ZAM,3,0,"0,0,0|0,0,0",QUAL,OTHER,WT,2580,Qualification,GAOKGALEMELWE Tsholofelo (BOT),KUNDA Mubanga (ZAM),,,3 - 0,0:0 0:0 0:0,GAOKGALEMELWE Tsholofelo,2022
Southern Africa WTTC Finals Qualification,2022-06-30,RAMAGAPU Olorato,CHIBOMBE Annita,BOT,ZAM,3,0,"0,0,0|0,0,0",QUAL,OTHER,WT,2580,Qualification,RAMAGAPU Olorato (BOT),CHIBOMBE Annita (ZAM),,,3 - 0,0:0 0:0 0:0,RAMAGAPU Olorato,2022
Southern Africa WTTC Finals Qualification,2022-06-30,KUSWANI Constance,NALAVWE Latifa,BOT,ZAM,3,0,"0,0,0|0,0,0",QUAL,OTHER,WT,2580,Qualification,KUSWANI Constance (BOT),NALAVWE Latifa (ZAM),,,3 - 0,0:0 0:0 0:0,KUSWANI Constance,2022
Southern Africa WTTC Finals Qualification,2022-06-30,ALBINO Isabel,BIEDERLACK Janika,ANG,NAM,3,0,"11,11,12|5,7,10",QUAL,OTHER,WT,2580,Qualification,ALBINO Isabel (ANG),BIEDERLACK Janika (NAM),,,3 - 0,11:5 11:7 12:10,ALBINO Isabel,2022
Southern Africa WTTC Finals Qualification,2022-06-30,SOUSA Kailane,DE KOKER Michelle,ANG,NAM,3,0,"11,11,12|8,7,10",QUAL,OTHER,WT,2580,Qualification,SOUSA Kailane (ANG),DE KOKER Michelle (NAM),,,3 - 0,11:8 11:7 12:10,SOUSA Kailane,2022
Southern Africa WTTC Finals Qualification,2022-06-30,MATHIBELI Thato,MVULA Thandiwe,LES,MAW,3,0,"0,0,0|0,0,0",QUAL,OTHER,WT,2580,Qualification,MATHIBELI Thato (LES),MVULA Thandiwe (MAW),,,3 - 0,0:0 0:0 0:0,MATHIBELI Thato,2022
Southern Africa WTTC Finals Qualification,2022-06-30,CHERE Matseliso,MWENIBUNGU Chrissy,LES,MAW,3,0,"0,0,0|0,0,0",QUAL,OTHER,WT,2580,Qualification,CHERE Matseliso (LES),MWENIBUNGU Chrissy (MAW),,,3 - 0,0:0 0:0 0:0,CHERE Matseliso,2022
Southern Africa WTTC Finals Qualification,2022-06-30,MATHIBELI Thato,MWENIBUNGU Chrissy,LES,MAW,3,0,"0,0,0|0,0,0",QUAL,OTHER,WT,2580,Qualification,MATHIBELI Thato (LES),MWENIBUNGU Chrissy (MAW),,,3 - 0,0:0 0:0 0:0,MATHIBELI Thato,2022
Southern Africa WTTC Finals Qualification,2022-06-30,BOCK Maximilian,NATHOO Chetan,RSA,NAM,3,0,"11,11,11|5,6,1",SF,OTHER,MT,2580,Main Draw,BOCK Maximilian (NAM),NATHOO Chetan (RSA),,,0 - 3,5:11 6:11 1:11,NATHOO Chetan,2022
Southern Africa WTTC Finals Qualification,2022-06-30,DREYER Delton,COGILL Theo,RSA,NAM,3,1,"14,11,9,11|12,5,11,3",SF,OTHER,MT,2580,Main Draw,DREYER Delton (NAM),COGILL Theo (RSA),,,1 - 3,12:14 5:11 11:9 3:11,COGILL Theo,2022
Southern Africa WTTC Finals Qualification,2022-06-30,GREEN Wayne Marlon,STEYN Kirshwan,RSA,NAM,3,0,"11,11,13|5,4,11",SF,OTHER,MT,2580,Main Draw,GREEN Wayne Marlon (NAM),STEYN Kirshwan (RSA),,,0 - 3,5:11 4:11 11:13,STEYN Kirshwan,2022
Southern Africa WTTC Finals Qualification,2022-06-30,MANUEL Domingos,MOOKETSI Ndelu,ANG,BOT,3,2,"11,8,7,11,11|8,11,11,9,6",SF,OTHER,MT,2580,Main Draw,MANUEL Domingos (ANG),MOOKETSI Ndelu (BOT),,,3 - 2,11:8 8:11 7:11 11:9 11:6,MANUEL Domingos,2022
Southern Africa WTTC Finals Qualification,2022-06-30,NETO Edvane,MALOKA Bakang,ANG,BOT,3,0,"11,11,11|7,1,5",SF,OTHER,MT,2580,Main Draw,NETO Edvane (ANG),MALOKA Bakang (BOT),,,3 - 0,11:7 11:1 11:5,NETO Edvane,2022
Southern Africa WTTC Finals Qualification,2022-06-30,SEBASTIAO Hermenegildo,MODISATHEBE Tshepho,ANG,BOT,3,0,"11,11,11|5,6,6",SF,OTHER,MT,2580,Main Draw,SEBASTIAO Hermenegildo (ANG),MODISATHEBE Tshepho (BOT),,,3 - 0,11:5 11:6 11:6,SEBASTIAO Hermenegildo,2022
Southern Africa WTTC Finals Qualification,2022-06-30,BIEDERLACK Janika,EDWARDS Lailaa,RSA,NAM,3,0,"11,11,11|6,3,5",SF,OTHER,WT,2580,Main Draw,BIEDERLACK Janika (NAM),EDWARDS Lailaa (RSA),,,0 - 3,6:11 3:11 5:11,EDWARDS Lailaa,2022
Southern Africa WTTC Finals Qualification,2022-06-30,DE KOKER Michelle,KALAM Musfiquh,RSA,NAM,3,0,"11,11,11|2,2,2",SF,OTHER,WT,2580,Main Draw,DE KOKER Michelle (NAM),KALAM Musfiquh (RSA),,,0 - 3,2:11 2:11 2:11,KALAM Musfiquh,2022
Southern Africa WTTC Finals Qualification,2022-06-30,ALBINO Isabel,RAMAGAPU Olorato,ANG,BOT,3,2,"11,9,12,8,11|7,11,10,11,6",SF,OTHER,WT,2580,Main Draw,ALBINO Isabel (ANG),RAMAGAPU Olorato (BOT),,,3 - 2,11:7 9:11 12:10 8:11 11:6,ALBINO Isabel,2022
Southern Africa WTTC Finals Qualification,2022-06-30,BORGES Jerusa,REBATENNE Tshepiso,BOT,ANG,3,0,"11,11,13|6,3,11",SF,OTHER,WT,2580,Main Draw,BORGES Jerusa (ANG),REBATENNE Tshepiso (BOT),,,0 - 3,6:11 3:11 11:13,REBATENNE Tshepiso,2022
Southern Africa WTTC Finals Qualification,2022-06-30,SOUSA Kailane,KUSWANI Constance,BOT,ANG,3,2,"11,9,9,11,14|6,11,11,9,12",SF,OTHER,WT,2580,Main Draw,SOUSA Kailane (ANG),KUSWANI Constance (BOT),,,2 - 3,6:11 11:9 11:9 9:11 12:14,KUSWANI Constance,2022
Southern Africa WTTC Finals Qualification,2022-06-30,ALBINO Isabel,REBATENNE Tshepiso,ANG,BOT,3,2,"12,11,9,5,11|10,8,11,11,3",SF,OTHER,WT,2580,Main Draw,ALBINO Isabel (ANG),REBATENNE Tshepiso (BOT),,,3 - 2,12:10 11:8 9:11 5:11 11:3,ALBINO Isabel,2022
Southern Africa WTTC Finals Qualification,2022-06-30,BORGES Jerusa,RAMAGAPU Olorato,ANG,BOT,3,0,"11,11,11|8,9,4",SF,OTHER,WT,2580,Main Draw,BORGES Jerusa (ANG),RAMAGAPU Olorato (BOT),,,3 - 0,11:8 11:9 11:4,BORGES Jerusa,2022
Southern Africa WTTC Finals Qualification,2022-06-30,PATEL Danisha,ALBINO Isabel,RSA,ANG,3,0,"11,11,11|8,6,5",F,OTHER,WT,2580,Main Draw,PATEL Danisha (RSA),ALBINO Isabel (ANG),,,3 - 0,11:8 11:6 11:5,PATEL Danisha,2022
Southern Africa WTTC Finals Qualification,2022-06-30,KALAM Musfiquh,BORGES Jerusa,RSA,ANG,3,2,"7,11,11,10,11|11,7,8,12,9",F,OTHER,WT,2580,Main Draw,KALAM Musfiquh (RSA),BORGES Jerusa (ANG),,,3 - 2,7:11 11:7 11:8 10:12 11:9,KALAM Musfiquh,2022
Southern Africa WTTC Finals Qualification,2022-06-30,MAPHANGA Zodwa,SOUSA Kailane,RSA,ANG,3,0,"11,11,12|5,5,10",F,OTHER,WT,2580,Main Draw,MAPHANGA Zodwa (RSA),SOUSA Kailane (ANG),,,3 - 0,11:5 11:5 12:10,MAPHANGA Zodwa,2022
Southern Africa WTTC Finals Qualification,2022-06-30,REBATENNE Tshepiso,BIEDERLACK Janika,BOT,NAM,3,0,"11,11,11|9,2,4",2,OTHER,WT,2580,Position Draw,REBATENNE Tshepiso (BOT),BIEDERLACK Janika (NAM),,,3 - 0,11:9 11:2 11:4,REBATENNE Tshepiso,2022
Southern Africa WTTC Finals Qualification,2022-06-30,KEBODIWANG G.P.,DE KOKER Michelle,BOT,NAM,3,1,"11,8,11,11|8,11,7,4",2,OTHER,WT,2580,Position Draw,KEBODIWANG G.P. (BOT),DE KOKER Michelle (NAM),,,3 - 1,11:8 8:11 11:7 11:4,KEBODIWANG G.P.,2022
Southern Africa WTTC Finals Qualification,2022-06-30,MANUEL Domingos,NATHOO Chetan,RSA,ANG,3,0,"11,11,11|9,4,7",F,OTHER,MT,2580,Main Draw,MANUEL Domingos (ANG),NATHOO Chetan (RSA),,,0 - 3,9:11 4:11 7:11,NATHOO Chetan,2022
Southern Africa WTTC Finals Qualification,2022-06-30,NETO Edvane,COGILL Theo,RSA,ANG,3,0,"11,11,11|8,9,5",F,OTHER,MT,2580,Main Draw,NETO Edvane (ANG),COGILL Theo (RSA),,,0 - 3,8:11 9:11 5:11,COGILL Theo,2022
Southern Africa WTTC Finals Qualification,2022-06-30,SEBASTIAO Hermenegildo,JONES Shaun,RSA,ANG,3,0,"11,11,11|8,8,9",F,OTHER,MT,2580,Main Draw,SEBASTIAO Hermenegildo (ANG),JONES Shaun (RSA),,,0 - 3,8:11 8:11 9:11,JONES Shaun,2022
Southern Africa WTTC Finals Qualification,2022-06-30,GREEN Wayne Marlon,MOOKETSI Ndelu,BOT,NAM,3,0,"13,11,11|11,5,4",2,OTHER,MT,2580,Position Draw,GREEN Wayne Marlon (NAM),MOOKETSI Ndelu (BOT),,,0 - 3,11:13 5:11 4:11,MOOKETSI Ndelu,2022
Southern Africa WTTC Finals Qualification,2022-06-30,DREYER Delton,TSHIPINARE Tirelo,BOT,NAM,3,0,"11,11,11|6,9,2",2,OTHER,MT,2580,Position Draw,DREYER Delton (NAM),TSHIPINARE Tirelo (BOT),,,0 - 3,6:11 9:11 2:11,TSHIPINARE Tirelo,2022
Southern Africa WTTC Finals Qualification,2022-06-30,BOCK Maximilian,MALOKA Bakang,BOT,NAM,3,0,"11,11,11|2,7,7",2,OTHER,MT,2580,Position Draw,BOCK Maximilian (NAM),MALOKA Bakang (BOT),,,0 - 3,2:11 7:11 7:11,MALOKA Bakang,2022
Southern Africa WTTC Finals Qualification,2022-06-30,MANUEL Domingos,BANDA Charles,ZAM,ANG,3,0,"11,11,12|9,3,10",QUAL,OTHER,MS,2580,Qualification,MANUEL Domingos (ANG),BANDA Charles (ZAM),,,0 - 3,9:11 3:11 10:12,BANDA Charles,2022
Southern Africa WTTC Finals Qualification,2022-06-30,SINGH Vikram,SOMBA Abell,MAW,ZIM,3,2,"12,11,7,13,11|10,8,11,15,9",QUAL,OTHER,MS,2580,Qualification,SINGH Vikram (ZIM),SOMBA Abell (MAW),,,2 - 3,10:12 8:11 11:7 15:13 9:11,SOMBA Abell,2022
Southern Africa WTTC Finals Qualification,2022-06-30,NATHOO Chetan,SEBASTIAO Hermenegildo,RSA,ANG,3,0,"11,11,11|6,2,6",QUAL,OTHER,MS,2580,Qualification,NATHOO Chetan (RSA),SEBASTIAO Hermenegildo (ANG),,,3 - 0,11:6 11:2 11:6,NATHOO Chetan,2022
Southern Africa WTTC Finals Qualification,2022-06-30,CHAFURAMA Lydale,BOCK Maximilian,ZIM,NAM,3,2,"11,7,5,11,13|8,11,11,7,11",QUAL,OTHER,MS,2580,Qualification,CHAFURAMA Lydale (ZIM),BOCK Maximilian (NAM),,,3 - 2,11:8 7:11 5:11 11:7 13:11,CHAFURAMA Lydale,2022
Southern Africa WTTC Finals Qualification,2022-06-30,MASSAH Floriano,BANDA Isaiah,ZAM,MAW,3,2,"8,11,11,9,11|11,8,7,11,3",QUAL,OTHER,MS,2580,Qualification,MASSAH Floriano (MAW),BANDA Isaiah (ZAM),,,2 - 3,11:8 8:11 7:11 11:9 3:11,BANDA Isaiah,2022
Southern Africa WTTC Finals Qualification,2022-06-30,MOOKETSI Ndelu,MUMVUMA Tatenda,BOT,ZIM,3,0,"11,11,11|3,4,9",QUAL,OTHER,MS,2580,Qualification,MOOKETSI Ndelu (BOT),MUMVUMA Tatenda (ZIM),,,3 - 0,11:3 11:4 11:9,MOOKETSI Ndelu,2022
Southern Africa WTTC Finals Qualification,2022-06-30,GREEN Wayne Marlon,MUNGA Emmanuel,ZAM,NAM,3,0,"11,11,11|8,6,2",QUAL,OTHER,MS,2580,Qualification,GREEN Wayne Marlon (NAM),MUNGA Emmanuel (ZAM),,,0 - 3,8:11 6:11 2:11,MUNGA Emmanuel,2022
Southern Africa WTTC Finals Qualification,2022-06-30,MODISATHEBE Tshepho,FAMBIRA Tinotenda,ZIM,BOT,3,1,"9,11,11,11|11,8,2,8",QUAL,OTHER,MS,2580,Qualification,MODISATHEBE Tshepho (BOT),FAMBIRA Tinotenda (ZIM),,,1 - 3,11:9 8:11 2:11 8:11,FAMBIRA Tinotenda,2022
Southern Africa WTTC Finals Qualification,2022-06-30,MOTHIBI Khethang,HAMALAMBO Choolwe,ZAM,LES,3,1,"11,11,7,11|5,6,11,5",QUAL,OTHER,MS,2580,Qualification,MOTHIBI Khethang (LES),HAMALAMBO Choolwe (ZAM),,,1 - 3,5:11 6:11 11:7 5:11,HAMALAMBO Choolwe,2022
Southern Africa WTTC Finals Qualification,2022-06-30,CHAMBOKO Brian,NETO Edvane,ANG,ZIM,3,1,"9,11,11,11|11,7,4,2",QUAL,OTHER,MS,2580,Qualification,CHAMBOKO Brian (ZIM),NETO Edvane (ANG),,,1 - 3,11:9 7:11 4:11 2:11,NETO Edvane,2022
Southern Africa WTTC Finals Qualification,2022-06-30,MALOKA Bakang,HARA Stewart,BOT,MAW,3,1,"10,11,11,11|12,4,9,9",QUAL,OTHER,MS,2580,Qualification,MALOKA Bakang (BOT),HARA Stewart (MAW),,,3 - 1,10:12 11:4 11:9 11:9,MALOKA Bakang,2022
Southern Africa WTTC Finals Qualification,2022-06-30,KATUNGU Kennedy,LEMOS Antonio,ANG,ZAM,3,0,"11,11,11|9,8,7",QUAL,OTHER,MS,2580,Qualification,KATUNGU Kennedy (ZAM),LEMOS Antonio (ANG),,,0 - 3,9:11 8:11 7:11,LEMOS Antonio,2022
Southern Africa WTTC Finals Qualification,2022-06-30,STEYN Kirshwan,MAPESHOANE Hareteke,RSA,LES,3,0,"11,11,11|5,6,7",QUAL,OTHER,MS,2580,Qualification,STEYN Kirshwan (RSA),MAPESHOANE Hareteke (LES),,,3 - 0,11:5 11:6 11:7,STEYN Kirshwan,2022
Southern Africa WTTC Finals Qualification,2022-06-30,PATEL Danisha,SOUSA Kailane,RSA,ANG,3,0,"11,11,11|5,2,6",QUAL,OTHER,WS,2580,Qualification,PATEL Danisha (RSA),SOUSA Kailane (ANG),,,3 - 0,11:5 11:2 11:6,PATEL Danisha,2022
Southern Africa WTTC Finals Qualification,2022-06-30,ALBINO Isabel,MUTAILONI Ruth,ANG,ZAM,3,0,"11,11,11|2,3,2",QUAL,OTHER,WS,2580,Qualification,ALBINO Isabel (ANG),MUTAILONI Ruth (ZAM),,,3 - 0,11:2 11:3 11:2,ALBINO Isabel,2022
Southern Africa WTTC Finals Qualification,2022-06-30,BORGES Jerusa,MATHIBELI Thato,ANG,LES,3,0,"11,11,11|3,5,4",QUAL,OTHER,WS,2580,Qualification,BORGES Jerusa (ANG),MATHIBELI Thato (LES),,,3 - 0,11:3 11:5 11:4,BORGES Jerusa,2022
Southern Africa WTTC Finals Qualification,2022-06-30,KALAM Musfiquh,MWENIBUNGU Chrissy,RSA,MAW,3,0,"11,11,11|6,2,3",QUAL,OTHER,WS,2580,Qualification,KALAM Musfiquh (RSA),MWENIBUNGU Chrissy (MAW),,,3 - 0,11:6 11:2 11:3,KALAM Musfiquh,2022
Southern Africa WTTC Finals Qualification,2022-06-30,BIEDERLACK Janika,PENSULO Shyreen,MAW,NAM,3,2,"11,9,12,9,11|6,11,10,11,7",QUAL,OTHER,WS,2580,Qualification,BIEDERLACK Janika (NAM),PENSULO Shyreen (MAW),,,2 - 3,6:11 11:9 10:12 11:9 7:11,PENSULO Shyreen,2022
Southern Africa WTTC Finals Qualification,2022-06-30,MVULA Thandiwe,KUNDA Mubanga,ZAM,MAW,3,0,"11,11,11|3,7,9",QUAL,OTHER,WS,2580,Qualification,MVULA Thandiwe (MAW),KUNDA Mubanga (ZAM),,,0 - 3,3:11 7:11 9:11,KUNDA Mubanga,2022
Southern Africa WTTC Finals Qualification,2022-06-30,NALAVWE Latifa,EDWARDS Lailaa,RSA,ZAM,3,1,"12,12,11,11|10,14,8,7",QUAL,OTHER,WS,2580,Qualification,NALAVWE Latifa (ZAM),EDWARDS Lailaa (RSA),,,1 - 3,10:12 14:12 8:11 7:11,EDWARDS Lailaa,2022
Southern Africa WTTC Finals Qualification,2022-06-30,REBATENNE Tshepiso,DE KOKER Michelle,BOT,NAM,3,0,"11,11,11|5,9,3",QUAL,OTHER,WS,2580,Qualification,REBATENNE Tshepiso (BOT),DE KOKER Michelle (NAM),,,3 - 0,11:5 11:9 11:3,REBATENNE Tshepiso,2022
Southern Africa WTTC Finals Qualification,2022-06-30,MANUEL Domingos,MOLEFI Thapelo,ANG,BOT,3,0,"11,13,11|6,11,5",QUAL,OTHER,MS,2580,Qualification,MANUEL Domingos (ANG),MOLEFI Thapelo (BOT),,,3 - 0,11:6 13:11 11:5,MANUEL Domingos,2022
Southern Africa WTTC Finals Qualification,2022-06-30,COGILL Theo,SINGH Vikram,RSA,ZIM,3,0,"11,11,11|3,1,7",QUAL,OTHER,MS,2580,Qualification,COGILL Theo (RSA),SINGH Vikram (ZIM),,,3 - 0,11:3 11:1 11:7,COGILL Theo,2022
Southern Africa WTTC Finals Qualification,2022-06-30,DREYER Delton,SOMBA Abell,MAW,NAM,3,0,"11,11,11|6,8,4",QUAL,OTHER,MS,2580,Qualification,DREYER Delton (NAM),SOMBA Abell (MAW),,,0 - 3,6:11 8:11 4:11,SOMBA Abell,2022
Southern Africa WTTC Finals Qualification,2022-06-30,NATHOO Chetan,CHAFURAMA Lydale,RSA,ZIM,3,0,"11,12,11|6,10,6",QUAL,OTHER,MS,2580,Qualification,NATHOO Chetan (RSA),CHAFURAMA Lydale (ZIM),,,3 - 0,11:6 12:10 11:6,NATHOO Chetan,2022
Southern Africa WTTC Finals Qualification,2022-06-30,SEBASTIAO Hermenegildo,BOCK Maximilian,ANG,NAM,3,0,"11,11,11|3,5,2",QUAL,OTHER,MS,2580,Qualification,SEBASTIAO Hermenegildo (ANG),BOCK Maximilian (NAM),,,3 - 0,11:3 11:5 11:2,SEBASTIAO Hermenegildo,2022
Southern Africa WTTC Finals Qualification,2022-06-30,MASSAH Floriano,MOOKETSI Ndelu,BOT,MAW,3,0,"11,11,11|5,4,8",QUAL,OTHER,MS,2580,Qualification,MASSAH Floriano (MAW),MOOKETSI Ndelu (BOT),,,0 - 3,5:11 4:11 8:11,MOOKETSI Ndelu,2022
Southern Africa WTTC Finals Qualification,2022-06-30,BANDA Isaiah,MUMVUMA Tatenda,ZAM,ZIM,3,0,"11,11,11|3,4,9",QUAL,OTHER,MS,2580,Qualification,BANDA Isaiah (ZAM),MUMVUMA Tatenda (ZIM),,,3 - 0,11:3 11:4 11:9,BANDA Isaiah,2022
Southern Africa WTTC Finals Qualification,2022-06-30,GREEN Wayne Marlon,MODISATHEBE Tshepho,BOT,NAM,3,0,"11,11,14|4,5,12",QUAL,OTHER,MS,2580,Qualification,GREEN Wayne Marlon (NAM),MODISATHEBE Tshepho (BOT),,,0 - 3,4:11 5:11 12:14,MODISATHEBE Tshepho,2022
Southern Africa WTTC Finals Qualification,2022-06-30,MUNGA Emmanuel,FAMBIRA Tinotenda,ZAM,ZIM,3,1,"11,11,9,11|9,8,11,3",QUAL,OTHER,MS,2580,Qualification,MUNGA Emmanuel (ZAM),FAMBIRA Tinotenda (ZIM),,,3 - 1,11:9 11:8 9:11 11:3,MUNGA Emmanuel,2022
Southern Africa WTTC Finals Qualification,2022-06-30,MOTHIBI Khethang,TSHIPINARE Tirelo,BOT,LES,3,1,"11,12,7,11|6,10,11,8",QUAL,OTHER,MS,2580,Qualification,MOTHIBI Khethang (LES),TSHIPINARE Tirelo (BOT),,,1 - 3,6:11 10:12 11:7 8:11,TSHIPINARE Tirelo,2022
Southern Africa WTTC Finals Qualification,2022-06-30,HAMALAMBO Choolwe,JONES Shaun,RSA,ZAM,3,0,"11,11,11|8,8,7",QUAL,OTHER,MS,2580,Qualification,HAMALAMBO Choolwe (ZAM),JONES Shaun (RSA),,,0 - 3,8:11 8:11 7:11,JONES Shaun,2022
Southern Africa WTTC Finals Qualification,2022-06-30,CHAMBOKO Brian,MALOKA Bakang,BOT,ZIM,3,2,"11,11,11,4,17|8,13,5,11,15",QUAL,OTHER,MS,2580,Qualification,CHAMBOKO Brian (ZIM),MALOKA Bakang (BOT),,,2 - 3,8:11 13:11 5:11 11:4 15:17,MALOKA Bakang,2022
Southern Africa WTTC Finals Qualification,2022-06-30,NETO Edvane,HARA Stewart,ANG,MAW,3,0,"11,11,11|5,7,7",QUAL,OTHER,MS,2580,Qualification,NETO Edvane (ANG),HARA Stewart (MAW),,,3 - 0,11:5 11:7 11:7,NETO Edvane,2022
Southern Africa WTTC Finals Qualification,2022-06-30,KATUNGU Kennedy,STEYN Kirshwan,RSA,ZAM,3,1,"12,11,9,11|10,9,11,8",QUAL,OTHER,MS,2580,Qualification,KATUNGU Kennedy (ZAM),STEYN Kirshwan (RSA),,,1 - 3,10:12 9:11 11:9 8:11,STEYN Kirshwan,2022
Southern Africa WTTC Finals Qualification,2022-06-30,LEMOS Antonio,MAPESHOANE Hareteke,ANG,LES,3,0,"11,11,11|3,9,3",QUAL,OTHER,MS,2580,Qualification,LEMOS Antonio (ANG),MAPESHOANE Hareteke (LES),,,3 - 0,11:3 11:9 11:3,LEMOS Antonio,2022
Southern Africa WTTC Finals Qualification,2022-06-30,PATEL Danisha,CHIBOMBE Annita,RSA,ZAM,3,0,"11,11,11|3,3,7",QUAL,OTHER,WS,2580,Qualification,PATEL Danisha (RSA),CHIBOMBE Annita (ZAM),,,3 - 0,11:3 11:3 11:7,PATEL Danisha,2022
Southern Africa WTTC Finals Qualification,2022-06-30,BORGES Jerusa,KEBODIWANG G.P.,ANG,BOT,3,1,"11,6,17,11|6,11,15,9",QUAL,OTHER,WS,2580,Qualification,BORGES Jerusa (ANG),KEBODIWANG G.P. (BOT),,,3 - 1,11:6 6:11 17:15 11:9,BORGES Jerusa,2022
Southern Africa WTTC Finals Qualification,2022-06-30,KALAM Musfiquh,CHERE Matseliso,RSA,LES,3,0,"12,11,11|10,8,3",QUAL,OTHER,WS,2580,Qualification,KALAM Musfiquh (RSA),CHERE Matseliso (LES),,,3 - 0,12:10 11:8 11:3,KALAM Musfiquh,2022
Southern Africa WTTC Finals Qualification,2022-06-30,BIEDERLACK Janika,MAPHANGA Zodwa,RSA,NAM,3,0,"11,11,11|3,6,4",QUAL,OTHER,WS,2580,Qualification,BIEDERLACK Janika (NAM),MAPHANGA Zodwa (RSA),,,0 - 3,3:11 6:11 4:11,MAPHANGA Zodwa,2022
Southern Africa WTTC Finals Qualification,2022-06-30,MVULA Thandiwe,KUSWANI Constance,BOT,MAW,3,0,"11,11,11|4,5,4",QUAL,OTHER,WS,2580,Qualification,MVULA Thandiwe (MAW),KUSWANI Constance (BOT),,,0 - 3,4:11 5:11 4:11,KUSWANI Constance,2022
Southern Africa WTTC Finals Qualification,2022-06-30,NALAVWE Latifa,GAOKGALEMELWE Tsholofelo,ZAM,BOT,3,0,"11,12,11|2,10,4",QUAL,OTHER,WS,2580,Qualification,NALAVWE Latifa (ZAM),GAOKGALEMELWE Tsholofelo (BOT),,,3 - 0,11:2 12:10 11:4,NALAVWE Latifa,2022
Southern Africa WTTC Finals Qualification,2022-06-30,REBATENNE Tshepiso,MWELWA Janet,BOT,ZAM,3,1,"11,11,6,11|1,6,11,9",QUAL,OTHER,WS,2580,Qualification,REBATENNE Tshepiso (BOT),MWELWA Janet (ZAM),,,3 - 1,11:1 11:6 6:11 11:9,REBATENNE Tshepiso,2022
Southern Africa WTTC Finals Qualification,2022-06-30,MOLEFI Thapelo,BANDA Charles,ZAM,BOT,3,1,"11,8,11,11|5,11,5,6",QUAL,OTHER,MS,2580,Qualification,MOLEFI Thapelo (BOT),BANDA Charles (ZAM),,,1 - 3,5:11 11:8 5:11 6:11,BANDA Charles,2022
Southern Africa WTTC Finals Qualification,2022-06-30,COGILL Theo,SOMBA Abell,RSA,MAW,3,0,"11,11,11|5,4,5",QUAL,OTHER,MS,2580,Qualification,COGILL Theo (RSA),SOMBA Abell (MAW),,,3 - 0,11:5 11:4 11:5,COGILL Theo,2022
Southern Africa WTTC Finals Qualification,2022-06-30,SINGH Vikram,DREYER Delton,ZIM,NAM,3,1,"9,12,11,11|11,10,4,2",QUAL,OTHER,MS,2580,Qualification,SINGH Vikram (ZIM),DREYER Delton (NAM),,,3 - 1,9:11 12:10 11:4 11:2,SINGH Vikram,2022
Southern Africa WTTC Finals Qualification,2022-06-30,CHAFURAMA Lydale,SEBASTIAO Hermenegildo,ANG,ZIM,3,1,"11,11,8,11|6,5,11,7",QUAL,OTHER,MS,2580,Qualification,CHAFURAMA Lydale (ZIM),SEBASTIAO Hermenegildo (ANG),,,1 - 3,6:11 5:11 11:8 7:11,SEBASTIAO Hermenegildo,2022
Southern Africa WTTC Finals Qualification,2022-06-30,MASSAH Floriano,MUMVUMA Tatenda,ZIM,MAW,3,1,"11,11,8,11|8,6,11,5",QUAL,OTHER,MS,2580,Qualification,MASSAH Floriano (MAW),MUMVUMA Tatenda (ZIM),,,1 - 3,8:11 6:11 11:8 5:11,MUMVUMA Tatenda,2022
Southern Africa WTTC Finals Qualification,2022-06-30,MOOKETSI Ndelu,BANDA Isaiah,BOT,ZAM,3,0,"11,11,11|5,6,6",QUAL,OTHER,MS,2580,Qualification,MOOKETSI Ndelu (BOT),BANDA Isaiah (ZAM),,,3 - 0,11:5 11:6 11:6,MOOKETSI Ndelu,2022
Southern Africa WTTC Finals Qualification,2022-06-30,GREEN Wayne Marlon,FAMBIRA Tinotenda,NAM,ZIM,3,2,"11,11,11,8,11|6,13,5,11,7",QUAL,OTHER,MS,2580,Qualification,GREEN Wayne Marlon (NAM),FAMBIRA Tinotenda (ZIM),,,3 - 2,11:6 11:13 11:5 8:11 11:7,GREEN Wayne Marlon,2022
Southern Africa WTTC Finals Qualification,2022-06-30,MODISATHEBE Tshepho,MUNGA Emmanuel,BOT,ZAM,3,2,"8,11,10,14,11|11,7,12,12,4",QUAL,OTHER,MS,2580,Qualification,MODISATHEBE Tshepho (BOT),MUNGA Emmanuel (ZAM),,,3 - 2,8:11 11:7 10:12 14:12 11:4,MODISATHEBE Tshepho,2022
Southern Africa WTTC Finals Qualification,2022-06-30,MOTHIBI Khethang,JONES Shaun,RSA,LES,3,0,"11,11,11|4,4,3",QUAL,OTHER,MS,2580,Qualification,MOTHIBI Khethang (LES),JONES Shaun (RSA),,,0 - 3,4:11 4:11 3:11,JONES Shaun,2022
Southern Africa WTTC Finals Qualification,2022-06-30,CHAMBOKO Brian,HARA Stewart,MAW,ZIM,3,2,"11,9,11,9,11|4,11,9,11,9",QUAL,OTHER,MS,2580,Qualification,CHAMBOKO Brian (ZIM),HARA Stewart (MAW),,,2 - 3,4:11 11:9 9:11 11:9 9:11,HARA Stewart,2022
Southern Africa WTTC Finals Qualification,2022-06-30,KATUNGU Kennedy,MAPESHOANE Hareteke,ZAM,LES,3,0,"11,11,11|4,4,4",QUAL,OTHER,MS,2580,Qualification,KATUNGU Kennedy (ZAM),MAPESHOANE Hareteke (LES),,,3 - 0,11:4 11:4 11:4,KATUNGU Kennedy,2022
Southern Africa WTTC Finals Qualification,2022-06-30,STEYN Kirshwan,LEMOS Antonio,ANG,RSA,3,1,"8,11,11,12|11,9,9,10",QUAL,OTHER,MS,2580,Qualification,STEYN Kirshwan (RSA),LEMOS Antonio (ANG),,,1 - 3,11:8 9:11 9:11 10:12,LEMOS Antonio,2022
Southern Africa WTTC Finals Qualification,2022-06-30,CHIBOMBE Annita,SOUSA Kailane,ANG,ZAM,3,0,"11,11,11|6,8,8",QUAL,OTHER,WS,2580,Qualification,CHIBOMBE Annita (ZAM),SOUSA Kailane (ANG),,,0 - 3,6:11 8:11 8:11,SOUSA Kailane,2022
Southern Africa WTTC Finals Qualification,2022-06-30,RAMAGAPU Olorato,MUTAILONI Ruth,BOT,ZAM,3,0,"11,11,11|7,8,8",QUAL,OTHER,WS,2580,Qualification,RAMAGAPU Olorato (BOT),MUTAILONI Ruth (ZAM),,,3 - 0,11:7 11:8 11:8,RAMAGAPU Olorato,2022
Southern Africa WTTC Finals Qualification,2022-06-30,KEBODIWANG G.P.,MATHIBELI Thato,BOT,LES,3,0,"12,11,11|10,7,8",QUAL,OTHER,WS,2580,Qualification,KEBODIWANG G.P. (BOT),MATHIBELI Thato (LES),,,3 - 0,12:10 11:7 11:8,KEBODIWANG G.P.,2022
Southern Africa WTTC Finals Qualification,2022-06-30,MAPHANGA Zodwa,PENSULO Shyreen,RSA,MAW,3,0,"11,11,11|9,7,8",QUAL,OTHER,WS,2580,Qualification,MAPHANGA Zodwa (RSA),PENSULO Shyreen (MAW),,,3 - 0,11:9 11:7 11:8,MAPHANGA Zodwa,2022
Southern Africa WTTC Finals Qualification,2022-06-30,KUSWANI Constance,KUNDA Mubanga,ZAM,BOT,3,2,"9,8,15,11,11|11,11,13,8,4",QUAL,OTHER,WS,2580,Qualification,KUSWANI Constance (BOT),KUNDA Mubanga (ZAM),,,2 - 3,11:9 11:8 13:15 8:11 4:11,KUNDA Mubanga,2022
Southern Africa WTTC Finals Qualification,2022-06-30,GAOKGALEMELWE Tsholofelo,EDWARDS Lailaa,RSA,BOT,3,0,"11,11,11|4,8,5",QUAL,OTHER,WS,2580,Qualification,GAOKGALEMELWE Tsholofelo (BOT),EDWARDS Lailaa (RSA),,,0 - 3,4:11 8:11 5:11,EDWARDS Lailaa,2022
Southern Africa WTTC Finals Qualification,2022-06-30,MWELWA Janet,DE KOKER Michelle,ZAM,NAM,3,0,"13,11,11|11,9,7",QUAL,OTHER,WS,2580,Qualification,MWELWA Janet (ZAM),DE KOKER Michelle (NAM),,,3 - 0,13:11 11:9 11:7,MWELWA Janet,2022
Southern Africa WTTC Finals Qualification,2022-06-30,BANDA Charles,MALOKA Bakang,ZAM,BOT,4,3,"11,8,12,10,7,11,11|4,11,10,12,11,7,5",R16,OTHER,MS,2580,Main Draw,BANDA Charles (ZAM),MALOKA Bakang (BOT),,,4 - 3,11:4 8:11 12:10 10:12 7:11 11:7 11:5,BANDA Charles,2022
Southern Africa WTTC Finals Qualification,2022-06-30,SOMBA Abell,MODISATHEBE Tshepho,BOT,MAW,4,2,"4,11,7,11,11,11|11,5,11,5,3,6",R16,OTHER,MS,2580,Main Draw,SOMBA Abell (MAW),MODISATHEBE Tshepho (BOT),,,2 - 4,11:4 5:11 11:7 5:11 3:11 6:11,MODISATHEBE Tshepho,2022
Southern Africa WTTC Finals Qualification,2022-06-30,LEMOS Antonio,TSHIPINARE Tirelo,ANG,BOT,4,0,"12,11,11,11|10,8,9,7",R16,OTHER,MS,2580,Main Draw,LEMOS Antonio (ANG),TSHIPINARE Tirelo (BOT),,,4 - 0,12:10 11:8 11:9 11:7,LEMOS Antonio,2022
Southern Africa WTTC Finals Qualification,2022-06-30,BANDA Isaiah,NATHOO Chetan,RSA,ZAM,4,0,"11,11,12,11|7,8,10,7",R16,OTHER,MS,2580,Main Draw,BANDA Isaiah (ZAM),NATHOO Chetan (RSA),,,0 - 4,7:11 8:11 10:12 7:11,NATHOO Chetan,2022
Southern Africa WTTC Finals Qualification,2022-06-30,MOOKETSI Ndelu,SEBASTIAO Hermenegildo,ANG,BOT,4,0,"11,12,12,11|9,10,10,7",R16,OTHER,MS,2580,Main Draw,MOOKETSI Ndelu (BOT),SEBASTIAO Hermenegildo (ANG),,,0 - 4,9:11 10:12 10:12 7:11,SEBASTIAO Hermenegildo,2022
Southern Africa WTTC Finals Qualification,2022-06-30,MANUEL Domingos,JONES Shaun,RSA,ANG,4,3,"11,11,11,11,6,4,12|8,6,6,13,11,11,10",R16,OTHER,MS,2580,Main Draw,MANUEL Domingos (ANG),JONES Shaun (RSA),,,3 - 4,8:11 6:11 6:11 13:11 11:6 11:4 10:12,JONES Shaun,2022
Southern Africa WTTC Finals Qualification,2022-06-30,NETO Edvane,STEYN Kirshwan,ANG,RSA,4,1,"6,11,11,12,11|11,7,7,10,7",R16,OTHER,MS,2580,Main Draw,NETO Edvane (ANG),STEYN Kirshwan (RSA),,,4 - 1,6:11 11:7 11:7 12:10 11:7,NETO Edvane,2022
Southern Africa WTTC Finals Qualification,2022-06-30,MUNGA Emmanuel,COGILL Theo,RSA,ZAM,4,0,"11,11,11,11|3,5,5,7",R16,OTHER,MS,2580,Main Draw,MUNGA Emmanuel (ZAM),COGILL Theo (RSA),,,0 - 4,3:11 5:11 5:11 7:11,COGILL Theo,2022
Southern Africa WTTC Finals Qualification,2022-06-30,PATEL Danisha,CHERE Matseliso,RSA,LES,4,0,"11,11,11,11|1,6,4,2",R16,OTHER,WS,2580,Main Draw,PATEL Danisha (RSA),CHERE Matseliso (LES),,,4 - 0,11:1 11:6 11:4 11:2,PATEL Danisha,2022
Southern Africa WTTC Finals Qualification,2022-06-30,NALAVWE Latifa,REBATENNE Tshepiso,BOT,ZAM,4,2,"6,11,11,8,11,11|11,5,9,11,9,7",R16,OTHER,WS,2580,Main Draw,NALAVWE Latifa (ZAM),REBATENNE Tshepiso (BOT),,,2 - 4,11:6 5:11 9:11 11:8 9:11 7:11,REBATENNE Tshepiso,2022
Southern Africa WTTC Finals Qualification,2022-06-30,MAPHANGA Zodwa,RAMAGAPU Olorato,RSA,BOT,4,0,"11,11,11,11|8,8,5,5",R16,OTHER,WS,2580,Main Draw,MAPHANGA Zodwa (RSA),RAMAGAPU Olorato (BOT),,,4 - 0,11:8 11:8 11:5 11:5,MAPHANGA Zodwa,2022
Southern Africa WTTC Finals Qualification,2022-06-30,KUSWANI Constance,BORGES Jerusa,ANG,BOT,4,1,"8,11,11,11,11|11,8,8,6,3",R16,OTHER,WS,2580,Main Draw,KUSWANI Constance (BOT),BORGES Jerusa (ANG),,,1 - 4,11:8 8:11 8:11 6:11 3:11,BORGES Jerusa,2022
Southern Africa WTTC Finals Qualification,2022-06-30,KALAM Musfiquh,KEBODIWANG G.P.,RSA,BOT,4,3,"11,8,11,9,12,8,11|9,11,4,11,10,11,8",R16,OTHER,WS,2580,Main Draw,KALAM Musfiquh (RSA),KEBODIWANG G.P. (BOT),,,4 - 3,11:9 8:11 11:4 9:11 12:10 8:11 11:8,KALAM Musfiquh,2022
Southern Africa WTTC Finals Qualification,2022-06-30,SOUSA Kailane,KUNDA Mubanga,ANG,ZAM,4,0,"11,11,11,15|9,9,9,13",R16,OTHER,WS,2580,Main Draw,SOUSA Kailane (ANG),KUNDA Mubanga (ZAM),,,4 - 0,11:9 11:9 11:9 15:13,SOUSA Kailane,2022
Southern Africa WTTC Finals Qualification,2022-06-30,EDWARDS Lailaa,PENSULO Shyreen,RSA,MAW,4,0,"11,11,11,11|3,6,6,5",R16,OTHER,WS,2580,Main Draw,EDWARDS Lailaa (RSA),PENSULO Shyreen (MAW),,,4 - 0,11:3 11:6 11:6 11:5,EDWARDS Lailaa,2022
Southern Africa WTTC Finals Qualification,2022-06-30,MWELWA Janet,ALBINO Isabel,ANG,ZAM,4,1,"11,11,11,11,11|3,8,3,13,4",R16,OTHER,WS,2580,Main Draw,MWELWA Janet (ZAM),ALBINO Isabel (ANG),,,1 - 4,3:11 8:11 3:11 13:11 4:11,ALBINO Isabel,2022
Southern Africa WTTC Finals Qualification,2022-06-30,MALOKA Bakang,SOMBA Abell,BOT,MAW,3,0,"11,12,11|7,10,4",8,OTHER,MS,2580,Position Draw,MALOKA Bakang (BOT),SOMBA Abell (MAW),,,3 - 0,11:7 12:10 11:4,MALOKA Bakang,2022
Southern Africa WTTC Finals Qualification,2022-06-30,TSHIPINARE Tirelo,BANDA Isaiah,ZAM,BOT,3,2,"11,11,6,9,11|7,6,11,11,6",8,OTHER,MS,2580,Position Draw,TSHIPINARE Tirelo (BOT),BANDA Isaiah (ZAM),,,2 - 3,7:11 6:11 11:6 11:9 6:11,BANDA Isaiah,2022
Southern Africa WTTC Finals Qualification,2022-06-30,STEYN Kirshwan,MUNGA Emmanuel,RSA,ZAM,3,0,"11,11,11|7,7,3",8,OTHER,MS,2580,Position Draw,STEYN Kirshwan (RSA),MUNGA Emmanuel (ZAM),,,3 - 0,11:7 11:7 11:3,STEYN Kirshwan,2022
Southern Africa WTTC Finals Qualification,2022-06-30,CHERE Matseliso,NALAVWE Latifa,ZAM,LES,3,0,"11,11,11|7,8,3",8,OTHER,WS,2580,Position Draw,CHERE Matseliso (LES),NALAVWE Latifa (ZAM),,,0 - 3,7:11 8:11 3:11,NALAVWE Latifa,2022
Southern Africa WTTC Finals Qualification,2022-06-30,RAMAGAPU Olorato,KUSWANI Constance,BOT,BOT,3,2,"11,9,13,8,11|3,11,11,11,7",8,OTHER,WS,2580,Position Draw,RAMAGAPU Olorato (BOT),KUSWANI Constance (BOT),,,3 - 2,11:3 9:11 13:11 8:11 11:7,RAMAGAPU Olorato,2022
Southern Africa WTTC Finals Qualification,2022-06-30,KEBODIWANG G.P.,KUNDA Mubanga,ZAM,BOT,3,1,"16,7,11,11|14,11,7,9",8,OTHER,WS,2580,Position Draw,KEBODIWANG G.P. (BOT),KUNDA Mubanga (ZAM),,,1 - 3,14:16 11:7 7:11 9:11,KUNDA Mubanga,2022
Southern Africa WTTC Finals Qualification,2022-06-30,PENSULO Shyreen,MWELWA Janet,ZAM,MAW,3,1,"11,11,8,11|3,6,11,4",8,OTHER,WS,2580,Position Draw,PENSULO Shyreen (MAW),MWELWA Janet (ZAM),,,1 - 3,3:11 6:11 11:8 4:11,MWELWA Janet,2022
Southern Africa WTTC Finals Qualification,2022-06-30,BANDA Charles,MODISATHEBE Tshepho,ZAM,BOT,4,1,"11,8,12,11,11|6,11,10,2,8",QF,OTHER,MS,2580,Main Draw,BANDA Charles (ZAM),MODISATHEBE Tshepho (BOT),,,4 - 1,11:6 8:11 12:10 11:2 11:8,BANDA Charles,2022
Southern Africa WTTC Finals Qualification,2022-06-30,LEMOS Antonio,NATHOO Chetan,RSA,ANG,4,0,"11,11,11,11|3,3,4,8",QF,OTHER,MS,2580,Main Draw,LEMOS Antonio (ANG),NATHOO Chetan (RSA),,,0 - 4,3:11 3:11 4:11 8:11,NATHOO Chetan,2022
Southern Africa WTTC Finals Qualification,2022-06-30,MALOKA Bakang,BANDA Isaiah,BOT,ZAM,3,0,"11,11,11|8,8,4",4,OTHER,MS,2580,Position Draw,MALOKA Bakang (BOT),BANDA Isaiah (ZAM),,,3 - 0,11:8 11:8 11:4,MALOKA Bakang,2022
Southern Africa WTTC Finals Qualification,2022-06-30,MANUEL Domingos,STEYN Kirshwan,RSA,ANG,3,0,"11,11,11|9,8,7",4,OTHER,MS,2580,Position Draw,MANUEL Domingos (ANG),STEYN Kirshwan (RSA),,,0 - 3,9:11 8:11 7:11,STEYN Kirshwan,2022
Southern Africa WTTC Finals Qualification,2022-06-30,SOMBA Abell,TSHIPINARE Tirelo,MAW,BOT,3,2,"4,7,13,12,14|11,11,11,10,12",4,OTHER,MS,2580,Position Draw,SOMBA Abell (MAW),TSHIPINARE Tirelo (BOT),,,3 - 2,4:11 7:11 13:11 12:10 14:12,SOMBA Abell,2022
Southern Africa WTTC Finals Qualification,2022-06-30,MOOKETSI Ndelu,MUNGA Emmanuel,BOT,ZAM,3,1,"11,11,10,11|9,5,12,9",4,OTHER,MS,2580,Position Draw,MOOKETSI Ndelu (BOT),MUNGA Emmanuel (ZAM),,,3 - 1,11:9 11:5 10:12 11:9,MOOKETSI Ndelu,2022
Southern Africa WTTC Finals Qualification,2022-06-30,PATEL Danisha,REBATENNE Tshepiso,RSA,BOT,4,0,"12,11,11,11|10,4,7,4",QF,OTHER,WS,2580,Main Draw,PATEL Danisha (RSA),REBATENNE Tshepiso (BOT),,,4 - 0,12:10 11:4 11:7 11:4,PATEL Danisha,2022
Southern Africa WTTC Finals Qualification,2022-06-30,MAPHANGA Zodwa,BORGES Jerusa,RSA,ANG,4,0,"11,11,11,11|6,5,7,9",QF,OTHER,WS,2580,Main Draw,MAPHANGA Zodwa (RSA),BORGES Jerusa (ANG),,,4 - 0,11:6 11:5 11:7 11:9,MAPHANGA Zodwa,2022
Southern Africa WTTC Finals Qualification,2022-06-30,KALAM Musfiquh,SOUSA Kailane,RSA,ANG,4,0,"11,11,11,13|8,4,9,11",QF,OTHER,WS,2580,Main Draw,KALAM Musfiquh (RSA),SOUSA Kailane (ANG),,,4 - 0,11:8 11:4 11:9 13:11,KALAM Musfiquh,2022
Southern Africa WTTC Finals Qualification,2022-06-30,EDWARDS Lailaa,ALBINO Isabel,RSA,ANG,4,2,"11,11,8,11,9,11|6,3,11,7,11,5",QF,OTHER,WS,2580,Main Draw,EDWARDS Lailaa (RSA),ALBINO Isabel (ANG),,,4 - 2,11:6 11:3 8:11 11:7 9:11 11:5,EDWARDS Lailaa,2022
Southern Africa WTTC Finals Qualification,2022-06-30,NALAVWE Latifa,RAMAGAPU Olorato,ZAM,BOT,3,1,"6,11,11,11|11,9,9,9",4,OTHER,WS,2580,Position Draw,NALAVWE Latifa (ZAM),RAMAGAPU Olorato (BOT),,,3 - 1,6:11 11:9 11:9 11:9,NALAVWE Latifa,2022
Southern Africa WTTC Finals Qualification,2022-06-30,KUNDA Mubanga,MWELWA Janet,ZAM,ZAM,3,1,"14,3,11,11|12,11,3,5",4,OTHER,WS,2580,Position Draw,KUNDA Mubanga (ZAM),MWELWA Janet (ZAM),,,3 - 1,14:12 3:11 11:3 11:5,KUNDA Mubanga,2022
Southern Africa WTTC Finals Qualification,2022-06-30,CHERE Matseliso,KUSWANI Constance,BOT,LES,3,1,"13,11,13,11|11,9,15,3",4,OTHER,WS,2580,Position Draw,CHERE Matseliso (LES),KUSWANI Constance (BOT),,,1 - 3,11:13 9:11 15:13 3:11,KUSWANI Constance,2022
Southern Africa WTTC Finals Qualification,2022-06-30,KEBODIWANG G.P.,PENSULO Shyreen,BOT,MAW,3,0,"11,11,11|5,6,4",4,OTHER,WS,2580,Position Draw,KEBODIWANG G.P. (BOT),PENSULO Shyreen (MAW),,,3 - 0,11:5 11:6 11:4,KEBODIWANG G.P.,2022
Southern Africa WTTC Finals Qualification,2022-06-30,MODISATHEBE Tshepho,LEMOS Antonio,BOT,ANG,3,2,"6,8,11,11,11|11,11,7,5,6",4,OTHER,MS,2580,Position Draw,MODISATHEBE Tshepho (BOT),LEMOS Antonio (ANG),,,3 - 2,6:11 8:11 11:7 11:5 11:6,MODISATHEBE Tshepho,2022
Southern Africa WTTC Finals Qualification,2022-06-30,SEBASTIAO Hermenegildo,NETO Edvane,ANG,ANG,3,1,"6,11,11,11|11,3,4,7",4,OTHER,MS,2580,Position Draw,SEBASTIAO Hermenegildo (ANG),NETO Edvane (ANG),,,1 - 3,11:6 3:11 4:11 7:11,NETO Edvane,2022
Southern Africa WTTC Finals Qualification,2022-06-30,SOUSA Kailane,ALBINO Isabel,ANG,ANG,3,2,"11,11,8,9,13|4,9,11,11,11",4,OTHER,WS,2580,Position Draw,SOUSA Kailane (ANG),ALBINO Isabel (ANG),,,2 - 3,4:11 9:11 11:8 11:9 11:13,ALBINO Isabel,2022
Southern Africa WTTC Finals Qualification,2022-06-30,TSHIPINARE Tirelo,MUNGA Emmanuel,BOT,ZAM,3,2,"10,11,8,11,14|12,6,11,8,12",2,OTHER,MS,2580,Position Draw,TSHIPINARE Tirelo (BOT),MUNGA Emmanuel (ZAM),,,3 - 2,10:12 11:6 8:11 11:8 14:12,TSHIPINARE Tirelo,2022
Southern Africa WTTC Finals Qualification,2022-06-30,SOMBA Abell,MOOKETSI Ndelu,BOT,MAW,3,2,"11,11,7,14,11|8,13,11,12,5",2,OTHER,MS,2580,Position Draw,SOMBA Abell (MAW),MOOKETSI Ndelu (BOT),,,2 - 3,8:11 13:11 11:7 12:14 5:11,MOOKETSI Ndelu,2022
Southern Africa WTTC Finals Qualification,2022-06-30,BANDA Isaiah,MANUEL Domingos,ANG,ZAM,3,0,"14,11,15|12,9,13",2,OTHER,MS,2580,Position Draw,BANDA Isaiah (ZAM),MANUEL Domingos (ANG),,,0 - 3,12:14 9:11 13:15,MANUEL Domingos,2022
Southern Africa WTTC Finals Qualification,2022-06-30,MALOKA Bakang,STEYN Kirshwan,RSA,BOT,3,2,"11,9,11,10,11|8,11,7,12,3",2,OTHER,MS,2580,Position Draw,MALOKA Bakang (BOT),STEYN Kirshwan (RSA),,,2 - 3,8:11 11:9 7:11 12:10 3:11,STEYN Kirshwan,2022
Southern Africa WTTC Finals Qualification,2022-06-30,NALAVWE Latifa,KUNDA Mubanga,ZAM,ZAM,3,0,"11,12,13|9,10,11",2,OTHER,WS,2580,Position Draw,NALAVWE Latifa (ZAM),KUNDA Mubanga (ZAM),,,0 - 3,9:11 10:12 11:13,KUNDA Mubanga,2022
Southern Africa WTTC Finals Qualification,2022-06-30,RAMAGAPU Olorato,MWELWA Janet,ZAM,BOT,3,0,"13,11,12|11,8,10",2,OTHER,WS,2580,Position Draw,RAMAGAPU Olorato (BOT),MWELWA Janet (ZAM),,,0 - 3,11:13 8:11 10:12,MWELWA Janet,2022
Southern Africa WTTC Finals Qualification,2022-06-30,KUSWANI Constance,KEBODIWANG G.P.,BOT,BOT,3,2,"13,7,7,11,11|11,11,11,3,7",2,OTHER,WS,2580,Position Draw,KUSWANI Constance (BOT),KEBODIWANG G.P. (BOT),,,3 - 2,13:11 7:11 7:11 11:3 11:7,KUSWANI Constance,2022
Southern Africa WTTC Finals Qualification,2022-06-30,CHERE Matseliso,PENSULO Shyreen,MAW,LES,3,1,"6,11,11,19|11,6,9,17",2,OTHER,WS,2580,Position Draw,CHERE Matseliso (LES),PENSULO Shyreen (MAW),,,1 - 3,11:6 6:11 9:11 17:19,PENSULO Shyreen,2022
Southern Africa WTTC Finals Qualification,2022-06-30,BANDA Charles,NATHOO Chetan,RSA,ZAM,4,0,"11,11,11,11|5,2,8,3",SF,OTHER,MS,2580,Main Draw,BANDA Charles (ZAM),NATHOO Chetan (RSA),,,0 - 4,5:11 2:11 8:11 3:11,NATHOO Chetan,2022
Southern Africa WTTC Finals Qualification,2022-06-30,JONES Shaun,COGILL Theo,RSA,RSA,4,3,"7,11,13,11,2,11,11|11,3,15,7,11,3,8",SF,OTHER,MS,2580,Main Draw,JONES Shaun (RSA),COGILL Theo (RSA),,,3 - 4,11:7 3:11 15:13 7:11 11:2 3:11 8:11,COGILL Theo,2022
Southern Africa WTTC Finals Qualification,2022-06-30,PATEL Danisha,MAPHANGA Zodwa,RSA,RSA,4,0,"14,11,11,11|12,9,4,7",SF,OTHER,WS,2580,Main Draw,PATEL Danisha (RSA),MAPHANGA Zodwa (RSA),,,4 - 0,14:12 11:9 11:4 11:7,PATEL Danisha,2022
Southern Africa WTTC Finals Qualification,2022-06-30,KALAM Musfiquh,EDWARDS Lailaa,RSA,RSA,4,0,"11,11,11,11|4,9,7,2",SF,OTHER,WS,2580,Main Draw,KALAM Musfiquh (RSA),EDWARDS Lailaa (RSA),,,4 - 0,11:4 11:9 11:7 11:2,KALAM Musfiquh,2022
Southern Africa WTTC Finals Qualification,2022-06-30,LEMOS Antonio,SEBASTIAO Hermenegildo,ANG,ANG,3,0,"11,11,11|8,8,9",2,OTHER,MS,2580,Position Draw,LEMOS Antonio (ANG),SEBASTIAO Hermenegildo (ANG),,,0 - 3,8:11 8:11 9:11,SEBASTIAO Hermenegildo,2022
Southern Africa WTTC Finals Qualification,2022-06-30,MODISATHEBE Tshepho,NETO Edvane,ANG,BOT,3,2,"7,11,12,7,11|11,3,10,11,8",2,OTHER,MS,2580,Position Draw,MODISATHEBE Tshepho (BOT),NETO Edvane (ANG),,,2 - 3,11:7 3:11 10:12 11:7 8:11,NETO Edvane,2022
Southern Africa WTTC Finals Qualification,2022-06-30,BORGES Jerusa,SOUSA Kailane,ANG,ANG,3,1,"11,11,10,11|8,5,12,9",2,OTHER,WS,2580,Position Draw,BORGES Jerusa (ANG),SOUSA Kailane (ANG),,,1 - 3,8:11 5:11 12:10 9:11,SOUSA Kailane,2022
Southern Africa WTTC Finals Qualification,2022-06-30,MAPHANGA Zodwa,EDWARDS Lailaa,RSA,RSA,3,0,"11,11,11|8,9,6",2,OTHER,WS,2580,Position Draw,MAPHANGA Zodwa (RSA),EDWARDS Lailaa (RSA),,,0 - 3,8:11 9:11 6:11,EDWARDS Lailaa,2022
Southern Africa WTTC Finals Qualification,2022-06-30,BANDA Charles,JONES Shaun,RSA,ZAM,3,0,"11,11,11|9,4,5",2,OTHER,MS,2580,Position Draw,BANDA Charles (ZAM),JONES Shaun (RSA),,,0 - 3,9:11 4:11 5:11,JONES Shaun,2022
Southern Africa WTTC Finals Qualification,2022-06-30,PATEL Danisha,KALAM Musfiquh,RSA,RSA,4,0,"11,11,11,12|9,5,5,10",F,OTHER,WS,2580,Main Draw,PATEL Danisha (RSA),KALAM Musfiquh (RSA),,,4 - 0,11:9 11:5 11:5 12:10,PATEL Danisha,2022
Southern Africa WTTC Finals Qualification,2022-06-30,NATHOO Chetan,COGILL Theo,RSA,RSA,4,0,"11,11,11,11|5,3,7,8",F,OTHER,MS,2580,Main Draw,NATHOO Chetan (RSA),COGILL Theo (RSA),,,0 - 4,5:11 3:11 7:11 8:11,COGILL Theo,2022
Mediterranean Games Oran 2022,2022-06-25,ASSAR Omar,CABALLERO Carlos,EGY,ESP,4,1,"11,13,11,11,11|6,15,8,5,6",QUAL,OTHER,MS,2594,Qualification,ASSAR Omar (EGY),CABALLERO Carlos (ESP),,,4 - 1,11:6 13:15 11:8 11:5 11:6,ASSAR Omar,2022
Mediterranean Games Oran 2022,2022-06-25,YANG Xiaoxin,KESSACI Katia,MON,ALG,4,0,"11,11,11,11|5,5,3,4",QUAL,OTHER,WS,2594,Qualification,YANG Xiaoxin (MON),KESSACI Katia (ALG),,,4 - 0,11:5 11:5 11:3 11:4,YANG Xiaoxin,2022
Mediterranean Games Oran 2022,2022-06-25,GERALDO Joao,GUNDUZ Ibrahim,POR,TUR,4,0,"11,11,11,11|3,9,3,6",QUAL,OTHER,MS,2594,Qualification,GERALDO Joao (POR),GUNDUZ Ibrahim (TUR),,,4 - 0,11:3 11:9 11:3 11:6,GERALDO Joao,2022
Mediterranean Games Oran 2022,2022-06-25,GODA Hana,TOFANT Ana,EGY,SLO,4,0,"11,11,11,17|7,7,7,15",QUAL,OTHER,WS,2594,Qualification,GODA Hana (EGY),TOFANT Ana (SLO),,,4 - 0,11:7 11:7 11:7 17:15,GODA Hana,2022
Mediterranean Games Oran 2022,2022-06-25,SALEH Ahmed,YIGENLER Abdullah,EGY,TUR,4,3,"15,11,10,5,8,11,18|13,6,12,11,11,9,16",QUAL,OTHER,MS,2594,Qualification,SALEH Ahmed (EGY),YIGENLER Abdullah (TUR),,,4 - 3,15:13 11:6 10:12 5:11 8:11 11:9 18:16,SALEH Ahmed,2022
Mediterranean Games Oran 2022,2022-06-25,MESHREF Dina,TOLIOU Aikaterini,GRE,EGY,4,1,"11,11,11,14,13|9,9,7,16,11",QUAL,OTHER,WS,2594,Qualification,MESHREF Dina (EGY),TOLIOU Aikaterini (GRE),,,1 - 4,9:11 9:11 7:11 16:14 11:13,TOLIOU Aikaterini,2022
Mediterranean Games Oran 2022,2022-06-25,ROBLES Alvaro,HRIBAR Peter,ESP,SLO,4,1,"8,11,11,11,11|11,2,2,9,2",QUAL,OTHER,MS,2594,Qualification,ROBLES Alvaro (ESP),HRIBAR Peter (SLO),,,4 - 1,8:11 11:2 11:2 11:9 11:2,ROBLES Alvaro,2022
Mediterranean Games Oran 2022,2022-06-25,SHAO Jieni,ZHANG Sofia-Xuan,POR,ESP,4,1,"11,6,11,11,11|5,11,7,5,7",QUAL,OTHER,WS,2594,Qualification,SHAO Jieni (POR),ZHANG Sofia-Xuan (ESP),,,4 - 1,11:5 6:11 11:7 11:5 11:7,SHAO Jieni,2022
Mediterranean Games Oran 2022,2022-06-25,PICCOLIN Giorgia,STRAZAR Katarina,ITA,SLO,4,2,"11,4,11,6,11,11|9,11,6,11,8,9",QUAL,OTHER,WS,2594,Qualification,PICCOLIN Giorgia (ITA),STRAZAR Katarina (SLO),,,4 - 2,11:9 4:11 11:6 6:11 11:8 11:9,PICCOLIN Giorgia,2022
Mediterranean Games Oran 2022,2022-06-25,BOULOUSSA Mehdi,ALAJAEBI Habeb,ALG,LBA,4,0,"11,11,11,11|4,1,4,3",QUAL,OTHER,MS,2594,Qualification,BOULOUSSA Mehdi (ALG),ALAJAEBI Habeb (LBA),,,4 - 0,11:4 11:1 11:4 11:3,BOULOUSSA Mehdi,2022
Mediterranean Games Oran 2022,2022-06-25,XIAO Maria,MATOS Ines,ESP,POR,4,0,"11,12,12,11|8,10,10,4",QUAL,OTHER,WS,2594,Qualification,XIAO Maria (ESP),MATOS Ines (POR),,,4 - 0,11:8 12:10 12:10 11:4,XIAO Maria,2022
Mediterranean Games Oran 2022,2022-06-25,MONTEIRO Joao,ELRAMALLI Hussein,POR,LBA,4,0,"11,11,11,11|3,6,2,3",QUAL,OTHER,MS,2594,Qualification,MONTEIRO Joao (POR),ELRAMALLI Hussein (LBA),,,4 - 0,11:3 11:6 11:2 11:3,MONTEIRO Joao,2022
Mediterranean Games Oran 2022,2022-06-25,SURJAN Sabina,MELETIE Foteini,SRB,CYP,4,0,"11,11,11,12|7,4,1,10",QUAL,OTHER,WS,2594,Qualification,SURJAN Sabina (SRB),MELETIE Foteini (CYP),,,4 - 0,11:7 11:4 11:1 12:10,SURJAN Sabina,2022
Mediterranean Games Oran 2022,2022-06-25,DE NODREST Leo,SAVVA Christos,CYP,FRA,4,0,"0,0,0,0|0,0,0,0",QUAL,OTHER,MS,2594,Qualification,DE NODREST Leo (FRA),SAVVA Christos (CYP),,,0 - 4,0:0 0:0 0:0 0:0,SAVVA Christos,2022
Mediterranean Games Oran 2022,2022-06-25,STOYANOV Niagol,GIARDI Federico,ITA,SMR,4,1,"11,11,11,11,11|3,8,6,13,4",QUAL,OTHER,MS,2594,Qualification,STOYANOV Niagol (ITA),GIARDI Federico (SMR),,,4 - 1,11:3 11:8 11:6 11:13 11:4,STOYANOV Niagol,2022
Mediterranean Games Oran 2022,2022-06-25,REMBERT Bastien,KARABAXHAK Fatih,FRA,KOS,4,0,"11,11,11,11|6,1,4,4",QUAL,OTHER,MS,2594,Qualification,REMBERT Bastien (FRA),KARABAXHAK Fatih (KOS),,,4 - 0,11:6 11:1 11:4 11:4,REMBERT Bastien,2022
Mediterranean Games Oran 2022,2022-06-25,BOURASS Aboubaker,JEVTOVIC Marko,SRB,TUN,4,0,"11,11,11,11|7,8,6,6",QUAL,OTHER,MS,2594,Qualification,BOURASS Aboubaker (TUN),JEVTOVIC Marko (SRB),,,0 - 4,7:11 8:11 6:11 6:11,JEVTOVIC Marko,2022
Mediterranean Games Oran 2022,2022-06-25,PAVADE Prithika,LOGHRAIBI Lynda,FRA,ALG,4,1,"9,11,11,11,11|11,4,4,5,7",QUAL,OTHER,WS,2594,Qualification,PAVADE Prithika (FRA),LOGHRAIBI Lynda (ALG),,,4 - 1,9:11 11:4 11:4 11:5 11:7,PAVADE Prithika,2022
Mediterranean Games Oran 2022,2022-06-25,SGOUROPOULOS Ioannis,MAHMUTI Kreshnik,GRE,KOS,4,0,"11,11,11,13|2,2,5,11",QUAL,OTHER,MS,2594,Qualification,SGOUROPOULOS Ioannis (GRE),MAHMUTI Kreshnik (KOS),,,4 - 0,11:2 11:2 11:5 13:11,SGOUROPOULOS Ioannis,2022
Mediterranean Games Oran 2022,2022-06-25,LUPULESKU Izabela,KULAKCEKEN Simay,SRB,TUR,4,2,"11,7,11,11,9,11|6,11,4,5,11,8",QUAL,OTHER,WS,2594,Qualification,LUPULESKU Izabela (SRB),KULAKCEKEN Simay (TUR),,,4 - 2,11:6 7:11 11:4 11:5 9:11 11:8,LUPULESKU Izabela,2022
Mediterranean Games Oran 2022,2022-06-25,KOZUL Deni,YIANGOU Marios,SLO,CYP,4,1,"11,11,9,11,11|6,4,11,8,4",QUAL,OTHER,MS,2594,Qualification,KOZUL Deni (SLO),YIANGOU Marios (CYP),,,4 - 1,11:6 11:4 9:11 11:8 11:4,KOZUL Deni,2022
Mediterranean Games Oran 2022,2022-06-25,BOBOCICA Mihai,KONSTANTINOPOULOS Konstantinos,ITA,GRE,4,0,"11,11,11,11|2,0,0,0",QUAL,OTHER,MS,2594,Qualification,BOBOCICA Mihai (ITA),KONSTANTINOPOULOS Konstantinos (GRE),,,4 - 0,11:2 11:0 11:0 11:0,BOBOCICA Mihai,2022
Mediterranean Games Oran 2022,2022-06-25,ROBLES Alvaro,BOULOUSSA Mehdi,ESP,ALG,4,1,"11,8,11,11,13|8,11,8,3,11",QUAL,OTHER,MS,2594,Qualification,ROBLES Alvaro (ESP),BOULOUSSA Mehdi (ALG),,,4 - 1,11:8 8:11 11:8 11:3 13:11,ROBLES Alvaro,2022
Mediterranean Games Oran 2022,2022-06-25,SHAO Jieni,ARLIA Nicole,POR,ITA,4,0,"11,11,11,11|4,3,9,9",QUAL,OTHER,WS,2594,Qualification,SHAO Jieni (POR),ARLIA Nicole (ITA),,,4 - 0,11:4 11:3 11:9 11:9,SHAO Jieni,2022
Mediterranean Games Oran 2022,2022-06-25,MESHREF Dina,ALTINKAYA Sibel,EGY,TUR,4,2,"9,3,11,11,11,11|11,11,9,9,3,5",QUAL,OTHER,WS,2594,Qualification,MESHREF Dina (EGY),ALTINKAYA Sibel (TUR),,,4 - 2,9:11 3:11 11:9 11:9 11:3 11:5,MESHREF Dina,2022
Mediterranean Games Oran 2022,2022-06-25,SALEH Ahmed,LEVAJAC Dimitrije,EGY,SRB,4,0,"11,11,11,11|9,1,7,9",QUAL,OTHER,MS,2594,Qualification,SALEH Ahmed (EGY),LEVAJAC Dimitrije (SRB),,,4 - 0,11:9 11:1 11:7 11:9,SALEH Ahmed,2022
Mediterranean Games Oran 2022,2022-06-25,GODA Hana,ZOGHLAMI Maram,EGY,TUN,4,0,"11,11,11,16|4,3,5,14",QUAL,OTHER,WS,2594,Qualification,GODA Hana (EGY),ZOGHLAMI Maram (TUN),,,4 - 0,11:4 11:3 11:5 16:14,GODA Hana,2022
Mediterranean Games Oran 2022,2022-06-25,GERALDO Joao,KHEROUF Sami,POR,ALG,4,0,"11,11,11,11|7,1,8,8",QUAL,OTHER,MS,2594,Qualification,GERALDO Joao (POR),KHEROUF Sami (ALG),,,4 - 0,11:7 11:1 11:8 11:8,GERALDO Joao,2022
Mediterranean Games Oran 2022,2022-06-25,YANG Xiaoxin,GARCI Fadwa,MON,TUN,4,0,"11,11,11,11|1,5,9,6",QUAL,OTHER,WS,2594,Qualification,YANG Xiaoxin (MON),GARCI Fadwa (TUN),,,4 - 0,11:1 11:5 11:9 11:6,YANG Xiaoxin,2022
Mediterranean Games Oran 2022,2022-06-25,ASSAR Omar,BEN ATTIA Youssef,EGY,TUN,4,0,"11,11,11,11|4,7,3,6",QUAL,OTHER,MS,2594,Qualification,ASSAR Omar (EGY),BEN ATTIA Youssef (TUN),,,4 - 0,11:4 11:7 11:3 11:6,ASSAR Omar,2022
Mediterranean Games Oran 2022,2022-06-25,STOYANOV Niagol,REMBERT Bastien,FRA,ITA,4,1,"11,12,11,11,11|9,14,6,5,8",QUAL,OTHER,MS,2594,Qualification,STOYANOV Niagol (ITA),REMBERT Bastien (FRA),,,1 - 4,9:11 14:12 6:11 5:11 8:11,REMBERT Bastien,2022
Mediterranean Games Oran 2022,2022-06-25,MATOS Ines,MELETIE Foteini,POR,CYP,4,1,"11,11,7,11,11|7,5,11,7,6",QUAL,OTHER,WS,2594,Qualification,MATOS Ines (POR),MELETIE Foteini (CYP),,,4 - 1,11:7 11:5 7:11 11:7 11:6,MATOS Ines,2022
Mediterranean Games Oran 2022,2022-06-25,ELRAMALLI Hussein,SAVVA Christos,CYP,LBA,4,0,"11,11,11,11|5,4,4,2",QUAL,OTHER,MS,2594,Qualification,ELRAMALLI Hussein (LBA),SAVVA Christos (CYP),,,0 - 4,5:11 4:11 4:11 2:11,SAVVA Christos,2022
Mediterranean Games Oran 2022,2022-06-25,XIAO Maria,SURJAN Sabina,SRB,ESP,4,2,"11,11,1,10,12,11|7,8,11,12,10,8",QUAL,OTHER,WS,2594,Qualification,XIAO Maria (ESP),SURJAN Sabina (SRB),,,2 - 4,7:11 8:11 11:1 12:10 10:12 8:11,SURJAN Sabina,2022
Mediterranean Games Oran 2022,2022-06-25,MONTEIRO Joao,DE NODREST Leo,POR,FRA,4,0,"0,0,0,0|0,0,0,0",QUAL,OTHER,MS,2594,Qualification,MONTEIRO Joao (POR),DE NODREST Leo (FRA),,,4 - 0,0:0 0:0 0:0 0:0,MONTEIRO Joao,2022
Mediterranean Games Oran 2022,2022-06-25,PICCOLIN Giorgia,LUTZ Camille,ITA,FRA,4,1,"11,11,9,11,11|8,7,11,8,9",QUAL,OTHER,WS,2594,Qualification,PICCOLIN Giorgia (ITA),LUTZ Camille (FRA),,,4 - 1,11:8 11:7 9:11 11:8 11:9,PICCOLIN Giorgia,2022
Mediterranean Games Oran 2022,2022-06-25,HRIBAR Peter,ALAJAEBI Habeb,SLO,LBA,4,0,"11,11,11,11|7,7,1,9",QUAL,OTHER,MS,2594,Qualification,HRIBAR Peter (SLO),ALAJAEBI Habeb (LBA),,,4 - 0,11:7 11:7 11:1 11:9,HRIBAR Peter,2022
Mediterranean Games Oran 2022,2022-06-25,LOGHRAIBI Lynda,KULAKCEKEN Simay,TUR,ALG,4,3,"11,10,11,11,6,7,11|3,12,8,4,11,11,6",QUAL,OTHER,WS,2594,Qualification,LOGHRAIBI Lynda (ALG),KULAKCEKEN Simay (TUR),,,3 - 4,3:11 12:10 8:11 4:11 11:6 11:7 6:11,KULAKCEKEN Simay,2022
Mediterranean Games Oran 2022,2022-06-25,YIANGOU Marios,KONSTANTINOPOULOS Konstantinos,CYP,GRE,4,0,"0,0,0,0|0,0,0,0",QUAL,OTHER,MS,2594,Qualification,YIANGOU Marios (CYP),KONSTANTINOPOULOS Konstantinos (GRE),,,4 - 0,0:0 0:0 0:0 0:0,YIANGOU Marios,2022
Mediterranean Games Oran 2022,2022-06-25,PAVADE Prithika,LUPULESKU Izabela,FRA,SRB,4,0,"13,11,11,11|11,5,6,5",QUAL,OTHER,WS,2594,Qualification,PAVADE Prithika (FRA),LUPULESKU Izabela (SRB),,,4 - 0,13:11 11:5 11:6 11:5,PAVADE Prithika,2022
Mediterranean Games Oran 2022,2022-06-25,KOZUL Deni,BOBOCICA Mihai,SLO,ITA,4,3,"11,9,11,3,7,11,12|8,11,5,11,11,9,10",QUAL,OTHER,MS,2594,Qualification,KOZUL Deni (SLO),BOBOCICA Mihai (ITA),,,4 - 3,11:8 9:11 11:5 3:11 7:11 11:9 12:10,KOZUL Deni,2022
Mediterranean Games Oran 2022,2022-06-25,JEVTOVIC Marko,MAHMUTI Kreshnik,SRB,KOS,4,0,"11,11,11,11|6,2,2,5",QUAL,OTHER,MS,2594,Qualification,JEVTOVIC Marko (SRB),MAHMUTI Kreshnik (KOS),,,4 - 0,11:6 11:2 11:2 11:5,JEVTOVIC Marko,2022
Mediterranean Games Oran 2022,2022-06-25,BOURASS Aboubaker,SGOUROPOULOS Ioannis,GRE,TUN,4,0,"11,11,11,11|6,1,5,4",QUAL,OTHER,MS,2594,Qualification,BOURASS Aboubaker (TUN),SGOUROPOULOS Ioannis (GRE),,,0 - 4,6:11 1:11 5:11 4:11,SGOUROPOULOS Ioannis,2022
Mediterranean Games Oran 2022,2022-06-25,GIARDI Federico,KARABAXHAK Fatih,SMR,KOS,4,2,"11,12,11,11,11,11|7,14,8,5,13,4",QUAL,OTHER,MS,2594,Qualification,GIARDI Federico (SMR),KARABAXHAK Fatih (KOS),,,4 - 2,11:7 12:14 11:8 11:5 11:13 11:4,GIARDI Federico,2022
Mediterranean Games Oran 2022,2022-06-25,KHEROUF Sami,GUNDUZ Ibrahim,TUR,ALG,4,1,"11,11,8,11,11|9,6,11,3,7",QUAL,OTHER,MS,2594,Qualification,KHEROUF Sami (ALG),GUNDUZ Ibrahim (TUR),,,1 - 4,9:11 6:11 11:8 3:11 7:11,GUNDUZ Ibrahim,2022
Mediterranean Games Oran 2022,2022-06-25,GARCI Fadwa,KESSACI Katia,TUN,ALG,4,0,"11,11,12,11|4,8,10,6",QUAL,OTHER,WS,2594,Qualification,GARCI Fadwa (TUN),KESSACI Katia (ALG),,,4 - 0,11:4 11:8 12:10 11:6,GARCI Fadwa,2022
Mediterranean Games Oran 2022,2022-06-25,BEN ATTIA Youssef,CABALLERO Carlos,ESP,TUN,4,0,"11,11,11,11|8,6,6,5",QUAL,OTHER,MS,2594,Qualification,BEN ATTIA Youssef (TUN),CABALLERO Carlos (ESP),,,0 - 4,8:11 6:11 6:11 5:11,CABALLERO Carlos,2022
Mediterranean Games Oran 2022,2022-06-25,ARLIA Nicole,ZHANG Sofia-Xuan,ESP,ITA,4,0,"11,11,11,11|6,8,6,9",QUAL,OTHER,WS,2594,Qualification,ARLIA Nicole (ITA),ZHANG Sofia-Xuan (ESP),,,0 - 4,6:11 8:11 6:11 9:11,ZHANG Sofia-Xuan,2022
Mediterranean Games Oran 2022,2022-06-25,ROBLES Alvaro,ALAJAEBI Habeb,ESP,LBA,4,0,"11,11,11,11|4,5,2,1",QUAL,OTHER,MS,2594,Qualification,ROBLES Alvaro (ESP),ALAJAEBI Habeb (LBA),,,4 - 0,11:4 11:5 11:2 11:1,ROBLES Alvaro,2022
Mediterranean Games Oran 2022,2022-06-25,ZOGHLAMI Maram,TOFANT Ana,SLO,TUN,4,0,"11,11,11,11|7,8,4,4",QUAL,OTHER,WS,2594,Qualification,ZOGHLAMI Maram (TUN),TOFANT Ana (SLO),,,0 - 4,7:11 8:11 4:11 4:11,TOFANT Ana,2022
Mediterranean Games Oran 2022,2022-06-25,LEVAJAC Dimitrije,YIGENLER Abdullah,TUR,SRB,4,1,"12,11,15,11,12|10,9,17,5,10",QUAL,OTHER,MS,2594,Qualification,LEVAJAC Dimitrije (SRB),YIGENLER Abdullah (TUR),,,1 - 4,10:12 9:11 17:15 5:11 10:12,YIGENLER Abdullah,2022
Mediterranean Games Oran 2022,2022-06-25,ALTINKAYA Sibel,TOLIOU Aikaterini,TUR,GRE,4,1,"4,11,11,11,11|11,5,4,5,6",QUAL,OTHER,WS,2594,Qualification,ALTINKAYA Sibel (TUR),TOLIOU Aikaterini (GRE),,,4 - 1,4:11 11:5 11:4 11:5 11:6,ALTINKAYA Sibel,2022
Mediterranean Games Oran 2022,2022-06-25,SURJAN Sabina,MATOS Ines,SRB,POR,4,1,"11,11,11,4,11|6,4,7,11,6",QUAL,OTHER,WS,2594,Qualification,SURJAN Sabina (SRB),MATOS Ines (POR),,,4 - 1,11:6 11:4 11:7 4:11 11:6,SURJAN Sabina,2022
Mediterranean Games Oran 2022,2022-06-25,BOULOUSSA Mehdi,HRIBAR Peter,ALG,SLO,4,0,"11,11,11,11|5,4,8,7",QUAL,OTHER,MS,2594,Qualification,BOULOUSSA Mehdi (ALG),HRIBAR Peter (SLO),,,4 - 0,11:5 11:4 11:8 11:7,BOULOUSSA Mehdi,2022
Mediterranean Games Oran 2022,2022-06-25,LUTZ Camille,STRAZAR Katarina,FRA,SLO,4,1,"11,11,8,11,12|5,7,11,5,10",QUAL,OTHER,WS,2594,Qualification,LUTZ Camille (FRA),STRAZAR Katarina (SLO),,,4 - 1,11:5 11:7 8:11 11:5 12:10,LUTZ Camille,2022
Mediterranean Games Oran 2022,2022-06-25,REMBERT Bastien,GIARDI Federico,FRA,SMR,4,0,"11,11,11,11|6,8,1,7",QUAL,OTHER,MS,2594,Qualification,REMBERT Bastien (FRA),GIARDI Federico (SMR),,,4 - 0,11:6 11:8 11:1 11:7,REMBERT Bastien,2022
Mediterranean Games Oran 2022,2022-06-25,XIAO Maria,MELETIE Foteini,ESP,CYP,4,0,"11,11,11,11|5,1,4,5",QUAL,OTHER,WS,2594,Qualification,XIAO Maria (ESP),MELETIE Foteini (CYP),,,4 - 0,11:5 11:1 11:4 11:5,XIAO Maria,2022
Mediterranean Games Oran 2022,2022-06-25,MONTEIRO Joao,SAVVA Christos,POR,CYP,4,0,"11,11,11,11|9,3,3,6",QUAL,OTHER,MS,2594,Qualification,MONTEIRO Joao (POR),SAVVA Christos (CYP),,,4 - 0,11:9 11:3 11:3 11:6,MONTEIRO Joao,2022
Mediterranean Games Oran 2022,2022-06-25,DE NODREST Leo,ELRAMALLI Hussein,LBA,FRA,4,0,"0,0,0,0|0,0,0,0",QUAL,OTHER,MS,2594,Qualification,DE NODREST Leo (FRA),ELRAMALLI Hussein (LBA),,,0 - 4,0:0 0:0 0:0 0:0,ELRAMALLI Hussein,2022
Mediterranean Games Oran 2022,2022-06-25,STOYANOV Niagol,KARABAXHAK Fatih,ITA,KOS,4,0,"11,11,11,11|6,6,1,8",QUAL,OTHER,MS,2594,Qualification,STOYANOV Niagol (ITA),KARABAXHAK Fatih (KOS),,,4 - 0,11:6 11:6 11:1 11:8,STOYANOV Niagol,2022
Mediterranean Games Oran 2022,2022-06-25,KOZUL Deni,KONSTANTINOPOULOS Konstantinos,SLO,GRE,4,0,"0,0,0,0|0,0,0,0",QUAL,OTHER,MS,2594,Qualification,KOZUL Deni (SLO),KONSTANTINOPOULOS Konstantinos (GRE),,,4 - 0,0:0 0:0 0:0 0:0,KOZUL Deni,2022
Mediterranean Games Oran 2022,2022-06-25,LUPULESKU Izabela,LOGHRAIBI Lynda,SRB,ALG,4,1,"11,11,13,13,11|3,7,11,15,2",QUAL,OTHER,WS,2594,Qualification,LUPULESKU Izabela (SRB),LOGHRAIBI Lynda (ALG),,,4 - 1,11:3 11:7 13:11 13:15 11:2,LUPULESKU Izabela,2022
Mediterranean Games Oran 2022,2022-06-25,BOURASS Aboubaker,MAHMUTI Kreshnik,TUN,KOS,4,0,"11,11,11,11|5,8,8,6",QUAL,OTHER,MS,2594,Qualification,BOURASS Aboubaker (TUN),MAHMUTI Kreshnik (KOS),,,4 - 0,11:5 11:8 11:8 11:6,BOURASS Aboubaker,2022
Mediterranean Games Oran 2022,2022-06-25,PAVADE Prithika,KULAKCEKEN Simay,FRA,TUR,4,2,"11,7,11,11,6,12|6,11,6,6,11,10",QUAL,OTHER,WS,2594,Qualification,PAVADE Prithika (FRA),KULAKCEKEN Simay (TUR),,,4 - 2,11:6 7:11 11:6 11:6 6:11 12:10,PAVADE Prithika,2022
Mediterranean Games Oran 2022,2022-06-25,SGOUROPOULOS Ioannis,JEVTOVIC Marko,GRE,SRB,4,3,"12,8,11,6,11,8,11|10,11,9,11,8,11,9",QUAL,OTHER,MS,2594,Qualification,SGOUROPOULOS Ioannis (GRE),JEVTOVIC Marko (SRB),,,4 - 3,12:10 8:11 11:9 6:11 11:8 8:11 11:9,SGOUROPOULOS Ioannis,2022
Mediterranean Games Oran 2022,2022-06-25,BOBOCICA Mihai,YIANGOU Marios,ITA,CYP,4,1,"11,11,7,11,13|1,8,11,7,11",QUAL,OTHER,MS,2594,Qualification,BOBOCICA Mihai (ITA),YIANGOU Marios (CYP),,,4 - 1,11:1 11:8 7:11 11:7 13:11,BOBOCICA Mihai,2022
Mediterranean Games Oran 2022,2022-06-25,YANG Xiaoxin,LUTZ Camille,MON,FRA,4,2,"11,11,10,11,10,13|8,6,12,4,12,11",QUAL,OTHER,WS,2594,Qualification,YANG Xiaoxin (MON),LUTZ Camille (FRA),,,4 - 2,11:8 11:6 10:12 11:4 10:12 13:11,YANG Xiaoxin,2022
Mediterranean Games Oran 2022,2022-06-25,KULAKCEKEN Simay,MATOS Ines,TUR,POR,4,3,"9,5,15,12,11,8,11|11,11,13,10,7,11,9",QUAL,OTHER,WS,2594,Qualification,KULAKCEKEN Simay (TUR),MATOS Ines (POR),,,4 - 3,9:11 5:11 15:13 12:10 11:7 8:11 11:9,KULAKCEKEN Simay,2022
Mediterranean Games Oran 2022,2022-06-25,YANG Xiaoxin,KULAKCEKEN Simay,MON,TUR,4,0,"11,11,11,11|7,5,8,7",QUAL,OTHER,WS,2594,Qualification,YANG Xiaoxin (MON),KULAKCEKEN Simay (TUR),,,4 - 0,11:7 11:5 11:8 11:7,YANG Xiaoxin,2022
Mediterranean Games Oran 2022,2022-06-25,LUTZ Camille,MATOS Ines,FRA,POR,4,0,"12,13,11,11|10,11,5,7",QUAL,OTHER,WS,2594,Qualification,LUTZ Camille (FRA),MATOS Ines (POR),,,4 - 0,12:10 13:11 11:5 11:7,LUTZ Camille,2022
Mediterranean Games Oran 2022,2022-06-25,YANG Xiaoxin,MATOS Ines,MON,POR,4,0,"11,11,11,11|9,6,6,4",QUAL,OTHER,WS,2594,Qualification,YANG Xiaoxin (MON),MATOS Ines (POR),,,4 - 0,11:9 11:6 11:6 11:4,YANG Xiaoxin,2022
Mediterranean Games Oran 2022,2022-06-25,KULAKCEKEN Simay,LUTZ Camille,FRA,TUR,4,2,"5,11,11,10,12,14|11,7,8,12,10,12",QUAL,OTHER,WS,2594,Qualification,KULAKCEKEN Simay (TUR),LUTZ Camille (FRA),,,2 - 4,11:5 7:11 8:11 12:10 10:12 12:14,LUTZ Camille,2022
Mediterranean Games Oran 2022,2022-06-25,JORGIC Darko,ELIA Iosif,SLO,CYP,3,0,"11,11,11|7,1,2",QUAL,OTHER,MT,2594,Qualification,JORGIC Darko (SLO),ELIA Iosif (CYP),,,3 - 0,11:7 11:1 11:2,JORGIC Darko,2022
Mediterranean Games Oran 2022,2022-06-25,JORGIC Darko,ELIA Sharpel,SLO,CYP,3,0,"11,11,11|7,3,4",QUAL,OTHER,MT,2594,Qualification,JORGIC Darko (SLO),ELIA Sharpel (CYP),KOZUL Deni (SLO),YIANGOU Marios (CYP),3 - 0,11:7 11:3 11:4,JORGIC Darko,2022
Mediterranean Games Oran 2022,2022-06-25,MESHREF Dina,KESSACI Katia,EGY,ALG,3,0,"11,11,11|4,4,4",QUAL,OTHER,WT,2594,Qualification,MESHREF Dina (EGY),KESSACI Katia (ALG),,,3 - 0,11:4 11:4 11:4,MESHREF Dina,2022
Mediterranean Games Oran 2022,2022-06-25,GODA Hana,LOGHRAIBI Lynda,EGY,ALG,3,0,"11,11,11|3,4,3",QUAL,OTHER,WT,2594,Qualification,GODA Hana (EGY),LOGHRAIBI Lynda (ALG),,,3 - 0,11:3 11:4 11:3,GODA Hana,2022
Mediterranean Games Oran 2022,2022-06-25,ASSAR Omar,ELRAMALLI Hussein,EGY,LBA,3,0,"11,11,11|2,5,4",QUAL,OTHER,MT,2594,Qualification,ASSAR Omar (EGY),ELRAMALLI Hussein (LBA),,,3 - 0,11:2 11:5 11:4,ASSAR Omar,2022
Mediterranean Games Oran 2022,2022-06-25,ELBEIALI Mohamed,ALAJAEBI Habeb,EGY,LBA,3,0,"11,11,11|4,2,5",QUAL,OTHER,MT,2594,Qualification,ELBEIALI Mohamed (EGY),ALAJAEBI Habeb (LBA),,,3 - 0,11:4 11:2 11:5,ELBEIALI Mohamed,2022
Mediterranean Games Oran 2022,2022-06-25,SALEH Ahmed,ELRAMALLI Hussein,EGY,LBA,3,0,"11,11,11|4,6,8",QUAL,OTHER,MT,2594,Qualification,SALEH Ahmed (EGY),ELRAMALLI Hussein (LBA),ASSAR Omar (EGY),ALAJAEBI Habeb (LBA),3 - 0,11:4 11:6 11:8,SALEH Ahmed,2022
Mediterranean Games Oran 2022,2022-06-25,SHAO Jieni,TOKIC Sara,POR,SLO,3,0,"11,11,11|9,3,5",QUAL,OTHER,WT,2594,Qualification,SHAO Jieni (POR),TOKIC Sara (SLO),,,3 - 0,11:9 11:3 11:5,SHAO Jieni,2022
Mediterranean Games Oran 2022,2022-06-25,MATOS Ines,STRAZAR Katarina,POR,SLO,3,2,"11,6,9,11,13|8,11,11,3,11",QUAL,OTHER,WT,2594,Qualification,MATOS Ines (POR),STRAZAR Katarina (SLO),,,3 - 2,11:8 6:11 9:11 11:3 13:11,MATOS Ines,2022
Mediterranean Games Oran 2022,2022-06-25,YIGENLER Abdullah,GERALDO Joao,POR,TUR,3,0,"11,11,11|4,5,9",QUAL,OTHER,MT,2594,Qualification,YIGENLER Abdullah (TUR),GERALDO Joao (POR),,,0 - 3,4:11 5:11 9:11,GERALDO Joao,2022
Mediterranean Games Oran 2022,2022-06-25,GUNDUZ Ibrahim,CHEN Diogo,POR,TUR,3,0,"11,11,11|3,8,5",QUAL,OTHER,MT,2594,Qualification,GUNDUZ Ibrahim (TUR),CHEN Diogo (POR),,,0 - 3,3:11 8:11 5:11,CHEN Diogo,2022
Mediterranean Games Oran 2022,2022-06-25,YIGENLER Abdullah,CHEN Diogo,TUR,POR,3,2,"10,11,3,11,11|12,9,11,9,4",QUAL,OTHER,MT,2594,Qualification,YIGENLER Abdullah (TUR),CHEN Diogo (POR),GUNDUZ Ibrahim (TUR),MONTEIRO Joao (POR),3 - 2,10:12 11:9 3:11 11:9 11:4,YIGENLER Abdullah,2022
Mediterranean Games Oran 2022,2022-06-25,PICCOLIN Giorgia,YILMAZ Ozge,ITA,TUR,3,1,"11,13,7,11|4,11,11,8",QUAL,OTHER,WT,2594,Qualification,PICCOLIN Giorgia (ITA),YILMAZ Ozge (TUR),,,3 - 1,11:4 13:11 7:11 11:8,PICCOLIN Giorgia,2022
Mediterranean Games Oran 2022,2022-06-25,ARLIA Nicole,ALTINKAYA Sibel,TUR,ITA,3,0,"11,11,11|5,6,8",QUAL,OTHER,WT,2594,Qualification,ARLIA Nicole (ITA),ALTINKAYA Sibel (TUR),,,0 - 3,5:11 6:11 8:11,ALTINKAYA Sibel,2022
Mediterranean Games Oran 2022,2022-06-25,PICCOLIN Giorgia,ALTINKAYA Sibel,ITA,TUR,3,1,"11,7,11,11|9,11,9,8",QUAL,OTHER,WT,2594,Qualification,PICCOLIN Giorgia (ITA),ALTINKAYA Sibel (TUR),,,3 - 1,11:9 7:11 11:9 11:8,PICCOLIN Giorgia,2022
Mediterranean Games Oran 2022,2022-06-25,LEVAJAC Dimitrije,MASIP Joan,SRB,ESP,3,0,"11,13,11|4,11,5",QUAL,OTHER,MT,2594,Qualification,LEVAJAC Dimitrije (SRB),MASIP Joan (ESP),,,3 - 0,11:4 13:11 11:5,LEVAJAC Dimitrije,2022
Mediterranean Games Oran 2022,2022-06-25,JEVTOVIC Marko,ROBLES Alvaro,ESP,SRB,3,1,"9,11,11,11|11,9,9,7",QUAL,OTHER,MT,2594,Qualification,JEVTOVIC Marko (SRB),ROBLES Alvaro (ESP),,,1 - 3,11:9 9:11 9:11 7:11,ROBLES Alvaro,2022
Mediterranean Games Oran 2022,2022-06-25,LEVAJAC Dimitrije,CABALLERO Carlos,SRB,ESP,3,1,"11,9,11,11|8,11,7,7",QUAL,OTHER,MT,2594,Qualification,LEVAJAC Dimitrije (SRB),CABALLERO Carlos (ESP),JEVTOVIC Marko (SRB),ROBLES Alvaro (ESP),3 - 1,11:8 9:11 11:7 11:7,LEVAJAC Dimitrije,2022
Mediterranean Games Oran 2022,2022-06-25,LEVAJAC Dimitrije,ROBLES Alvaro,ESP,SRB,3,1,"5,11,11,11|11,5,7,4",QUAL,OTHER,MT,2594,Qualification,LEVAJAC Dimitrije (SRB),ROBLES Alvaro (ESP),,,1 - 3,11:5 5:11 7:11 4:11,ROBLES Alvaro,2022
Mediterranean Games Oran 2022,2022-06-25,JEVTOVIC Marko,MASIP Joan,SRB,ESP,3,2,"12,10,4,11,11|10,12,11,3,4",QUAL,OTHER,MT,2594,Qualification,JEVTOVIC Marko (SRB),MASIP Joan (ESP),,,3 - 2,12:10 10:12 4:11 11:3 11:4,JEVTOVIC Marko,2022
Mediterranean Games Oran 2022,2022-06-25,PICCOLIN Giorgia,LUPULESKU Izabela,ITA,SRB,3,1,"11,6,11,14|6,11,5,12",QUAL,OTHER,WT,2594,Qualification,PICCOLIN Giorgia (ITA),LUPULESKU Izabela (SRB),,,3 - 1,11:6 6:11 11:5 14:12,PICCOLIN Giorgia,2022
Mediterranean Games Oran 2022,2022-06-25,STEFANOVA Nikoleta,SURJAN Sabina,ITA,SRB,3,0,"11,11,11|3,8,6",QUAL,OTHER,WT,2594,Qualification,STEFANOVA Nikoleta (ITA),SURJAN Sabina (SRB),,,3 - 0,11:3 11:8 11:6,STEFANOVA Nikoleta,2022
Mediterranean Games Oran 2022,2022-06-25,STEFANOVA Nikoleta,SURJAN Sabina,SRB,ITA,3,1,"11,11,7,11|3,4,11,8",QUAL,OTHER,WT,2594,Qualification,STEFANOVA Nikoleta (ITA),SURJAN Sabina (SRB),ARLIA Nicole (ITA),LUPULESKU Izabela (SRB),1 - 3,3:11 4:11 11:7 8:11,SURJAN Sabina,2022
Mediterranean Games Oran 2022,2022-06-25,PICCOLIN Giorgia,SURJAN Sabina,SRB,ITA,3,2,"11,10,11,6,18|9,12,9,11,16",QUAL,OTHER,WT,2594,Qualification,PICCOLIN Giorgia (ITA),SURJAN Sabina (SRB),,,2 - 3,9:11 12:10 9:11 11:6 16:18,SURJAN Sabina,2022
Mediterranean Games Oran 2022,2022-06-25,STEFANOVA Nikoleta,LUPULESKU Izabela,ITA,SRB,3,0,"12,11,12|10,5,10",QUAL,OTHER,WT,2594,Qualification,STEFANOVA Nikoleta (ITA),LUPULESKU Izabela (SRB),,,3 - 0,12:10 11:5 12:10,STEFANOVA Nikoleta,2022
Mediterranean Games Oran 2022,2022-06-25,ASSAR Omar,KHEROUF Sami,EGY,ALG,3,0,"15,11,11|13,9,8",QUAL,OTHER,MT,2594,Qualification,ASSAR Omar (EGY),KHEROUF Sami (ALG),,,3 - 0,15:13 11:9 11:8,ASSAR Omar,2022
Mediterranean Games Oran 2022,2022-06-25,SALEH Ahmed,BOULOUSSA Mehdi,ALG,EGY,3,0,"11,11,11|9,5,6",QUAL,OTHER,MT,2594,Qualification,SALEH Ahmed (EGY),BOULOUSSA Mehdi (ALG),,,0 - 3,9:11 5:11 6:11,BOULOUSSA Mehdi,2022
Mediterranean Games Oran 2022,2022-06-25,ELBEIALI Mohamed,KHEROUF Sami,EGY,ALG,3,0,"11,11,11|5,9,7",QUAL,OTHER,MT,2594,Qualification,ELBEIALI Mohamed (EGY),KHEROUF Sami (ALG),SALEH Ahmed (EGY),BOULOUSSA Mehdi (ALG),3 - 0,11:5 11:9 11:7,ELBEIALI Mohamed,2022
Mediterranean Games Oran 2022,2022-06-25,ASSAR Omar,BOULOUSSA Mehdi,EGY,ALG,3,0,"11,11,11|3,9,4",QUAL,OTHER,MT,2594,Qualification,ASSAR Omar (EGY),BOULOUSSA Mehdi (ALG),,,3 - 0,11:3 11:9 11:4,ASSAR Omar,2022
Mediterranean Games Oran 2022,2022-06-25,XIAO Maria,SHAO Jieni,POR,ESP,3,1,"11,7,11,11|4,11,9,3",QUAL,OTHER,WT,2594,Qualification,XIAO Maria (ESP),SHAO Jieni (POR),,,1 - 3,4:11 11:7 9:11 3:11,SHAO Jieni,2022
Mediterranean Games Oran 2022,2022-06-25,ZHANG Sofia-Xuan,MATOS Ines,POR,ESP,3,0,"11,11,14|9,7,12",QUAL,OTHER,WT,2594,Qualification,ZHANG Sofia-Xuan (ESP),MATOS Ines (POR),,,0 - 3,9:11 7:11 12:14,MATOS Ines,2022
Mediterranean Games Oran 2022,2022-06-25,MASIP Joan,BOURASS Aboubaker,ESP,TUN,3,0,"11,11,11|5,9,4",QUAL,OTHER,MT,2594,Qualification,MASIP Joan (ESP),BOURASS Aboubaker (TUN),,,3 - 0,11:5 11:9 11:4,MASIP Joan,2022
Mediterranean Games Oran 2022,2022-06-25,ROBLES Alvaro,BEN ATTIA Youssef,ESP,TUN,3,1,"9,11,11,11|11,8,4,4",QUAL,OTHER,MT,2594,Qualification,ROBLES Alvaro (ESP),BEN ATTIA Youssef (TUN),CABALLERO Carlos (ESP),BOURASS Aboubaker (TUN),3 - 1,9:11 11:8 11:4 11:4,ROBLES Alvaro,2022
Mediterranean Games Oran 2022,2022-06-25,MESHREF Dina,GARCI Fadwa,EGY,TUN,3,0,"11,11,11|4,4,4",QUAL,OTHER,WT,2594,Qualification,MESHREF Dina (EGY),GARCI Fadwa (TUN),,,3 - 0,11:4 11:4 11:4,MESHREF Dina,2022
Mediterranean Games Oran 2022,2022-06-25,MESHREF Dina,ZOGHLAMI Maram,EGY,TUN,3,0,"11,11,11|7,6,7",QUAL,OTHER,WT,2594,Qualification,MESHREF Dina (EGY),ZOGHLAMI Maram (TUN),GODA Hana (EGY),GARCI Fadwa (TUN),3 - 0,11:7 11:6 11:7,MESHREF Dina,2022
Mediterranean Games Oran 2022,2022-06-25,BOBOCICA Mihai,GERALDO Joao,POR,ITA,3,1,"12,11,12,11|10,3,14,8",QUAL,OTHER,MT,2594,Qualification,BOBOCICA Mihai (ITA),GERALDO Joao (POR),,,1 - 3,10:12 3:11 14:12 8:11,GERALDO Joao,2022
Mediterranean Games Oran 2022,2022-06-25,STOYANOV Niagol,CHEN Diogo,ITA,POR,3,2,"11,11,6,10,11|9,7,11,12,1",QUAL,OTHER,MT,2594,Qualification,STOYANOV Niagol (ITA),CHEN Diogo (POR),,,3 - 2,11:9 11:7 6:11 10:12 11:1,STOYANOV Niagol,2022
Mediterranean Games Oran 2022,2022-06-25,BOBOCICA Mihai,CHEN Diogo,ITA,POR,3,0,"15,11,11|13,9,6",QUAL,OTHER,MT,2594,Qualification,BOBOCICA Mihai (ITA),CHEN Diogo (POR),STOYANOV Niagol (ITA),MONTEIRO Joao (POR),3 - 0,15:13 11:9 11:6,BOBOCICA Mihai,2022
Mediterranean Games Oran 2022,2022-06-25,JORGIC Darko,KONSTANTINOPOULOS Konstantinos,SLO,GRE,3,0,"11,11,11|7,6,9",QUAL,OTHER,MT,2594,Qualification,JORGIC Darko (SLO),KONSTANTINOPOULOS Konstantinos (GRE),,,3 - 0,11:7 11:6 11:9,JORGIC Darko,2022
Mediterranean Games Oran 2022,2022-06-25,KOZUL Deni,SGOUROPOULOS Ioannis,GRE,SLO,3,1,"8,11,12,11|11,9,10,7",QUAL,OTHER,MT,2594,Qualification,KOZUL Deni (SLO),SGOUROPOULOS Ioannis (GRE),,,1 - 3,11:8 9:11 10:12 7:11,SGOUROPOULOS Ioannis,2022
Mediterranean Games Oran 2022,2022-06-25,JORGIC Darko,SGOUROPOULOS Ioannis,SLO,GRE,3,0,"11,11,11|7,7,6",QUAL,OTHER,MT,2594,Qualification,JORGIC Darko (SLO),SGOUROPOULOS Ioannis (GRE),,,3 - 0,11:7 11:7 11:6,JORGIC Darko,2022
Mediterranean Games Oran 2022,2022-06-25,ALAJAEBI Habeb,BOURIAH Larbi,ALG,LBA,3,0,"11,11,11|3,4,7",QUAL,OTHER,MT,2594,Qualification,ALAJAEBI Habeb (LBA),BOURIAH Larbi (ALG),,,0 - 3,3:11 4:11 7:11,BOURIAH Larbi,2022
Mediterranean Games Oran 2022,2022-06-25,ELRAMALLI Hussein,KHEROUF Sami,ALG,LBA,3,0,"11,11,11|2,3,6",QUAL,OTHER,MT,2594,Qualification,ELRAMALLI Hussein (LBA),KHEROUF Sami (ALG),,,0 - 3,2:11 3:11 6:11,KHEROUF Sami,2022
Mediterranean Games Oran 2022,2022-06-25,LOGHRAIBI Lynda,ZOGHLAMI Maram,TUN,ALG,3,2,"13,11,10,9,11|11,8,12,11,9",QUAL,OTHER,WT,2594,Qualification,LOGHRAIBI Lynda (ALG),ZOGHLAMI Maram (TUN),,,2 - 3,11:13 8:11 12:10 11:9 9:11,ZOGHLAMI Maram,2022
Mediterranean Games Oran 2022,2022-06-25,KESSACI Katia,GARCI Fadwa,ALG,TUN,3,1,"13,4,11,11|11,11,8,9",QUAL,OTHER,WT,2594,Qualification,KESSACI Katia (ALG),GARCI Fadwa (TUN),,,3 - 1,13:11 4:11 11:8 11:9,KESSACI Katia,2022
Mediterranean Games Oran 2022,2022-06-25,LOGHRAIBI Lynda,GARCI Fadwa,TUN,ALG,3,2,"11,11,5,7,13|8,5,11,11,11",QUAL,OTHER,WT,2594,Qualification,LOGHRAIBI Lynda (ALG),GARCI Fadwa (TUN),,,2 - 3,8:11 5:11 11:5 11:7 11:13,GARCI Fadwa,2022
Mediterranean Games Oran 2022,2022-06-25,YIGENLER Abdullah,STOYANOV Niagol,TUR,ITA,3,2,"11,9,11,8,11|7,11,5,11,7",QUAL,OTHER,MT,2594,Qualification,YIGENLER Abdullah (TUR),STOYANOV Niagol (ITA),,,3 - 2,11:7 9:11 11:5 8:11 11:7,YIGENLER Abdullah,2022
Mediterranean Games Oran 2022,2022-06-25,GUNDUZ Ibrahim,BOBOCICA Mihai,ITA,TUR,3,0,"12,11,14|10,8,12",QUAL,OTHER,MT,2594,Qualification,GUNDUZ Ibrahim (TUR),BOBOCICA Mihai (ITA),,,0 - 3,10:12 8:11 12:14,BOBOCICA Mihai,2022
Mediterranean Games Oran 2022,2022-06-25,YIGENLER Abdullah,BOBOCICA Mihai,ITA,TUR,3,0,"11,11,11|8,5,4",QUAL,OTHER,MT,2594,Qualification,YIGENLER Abdullah (TUR),BOBOCICA Mihai (ITA),,,0 - 3,8:11 5:11 4:11,BOBOCICA Mihai,2022
Mediterranean Games Oran 2022,2022-06-25,GUNDUZ Ibrahim,STOYANOV Niagol,ITA,TUR,3,2,"5,12,10,11,11|11,10,12,6,9",QUAL,OTHER,MT,2594,Qualification,GUNDUZ Ibrahim (TUR),STOYANOV Niagol (ITA),,,2 - 3,11:5 10:12 12:10 6:11 9:11,STOYANOV Niagol,2022
Mediterranean Games Oran 2022,2022-06-25,ALTINKAYA Sibel,LUPULESKU Izabela,TUR,SRB,3,2,"11,5,11,3,11|5,11,9,11,8",QUAL,OTHER,WT,2594,Qualification,ALTINKAYA Sibel (TUR),LUPULESKU Izabela (SRB),,,3 - 2,11:5 5:11 11:9 3:11 11:8,ALTINKAYA Sibel,2022
Mediterranean Games Oran 2022,2022-06-25,YILMAZ Ozge,SURJAN Sabina,SRB,TUR,3,1,"11,1,11,11|4,11,2,5",QUAL,OTHER,WT,2594,Qualification,YILMAZ Ozge (TUR),SURJAN Sabina (SRB),,,1 - 3,4:11 11:1 2:11 5:11,SURJAN Sabina,2022
Mediterranean Games Oran 2022,2022-06-25,ALTINKAYA Sibel,SURJAN Sabina,SRB,TUR,3,2,"13,7,4,14,11|11,11,11,12,4",QUAL,OTHER,WT,2594,Qualification,ALTINKAYA Sibel (TUR),SURJAN Sabina (SRB),YILMAZ Ozge (TUR),JOKIC Tijana (SRB),2 - 3,11:13 11:7 11:4 12:14 4:11,SURJAN Sabina,2022
Mediterranean Games Oran 2022,2022-06-25,ALTINKAYA Sibel,SURJAN Sabina,TUR,SRB,3,1,"11,11,6,11|7,9,11,7",QUAL,OTHER,WT,2594,Qualification,ALTINKAYA Sibel (TUR),SURJAN Sabina (SRB),,,3 - 1,11:7 11:9 6:11 11:7,ALTINKAYA Sibel,2022
Mediterranean Games Oran 2022,2022-06-25,YILMAZ Ozge,LUPULESKU Izabela,SRB,TUR,3,1,"11,8,13,11|5,11,11,7",QUAL,OTHER,WT,2594,Qualification,YILMAZ Ozge (TUR),LUPULESKU Izabela (SRB),,,1 - 3,5:11 11:8 11:13 7:11,LUPULESKU Izabela,2022
Mediterranean Games Oran 2022,2022-06-25,BOURASS Aboubaker,LEVAJAC Dimitrije,SRB,TUN,3,0,"11,12,11|5,10,8",QUAL,OTHER,MT,2594,Qualification,BOURASS Aboubaker (TUN),LEVAJAC Dimitrije (SRB),,,0 - 3,5:11 10:12 8:11,LEVAJAC Dimitrije,2022
Mediterranean Games Oran 2022,2022-06-25,BEN ATTIA Youssef,JEVTOVIC Marko,SRB,TUN,3,0,"11,11,11|7,4,5",QUAL,OTHER,MT,2594,Qualification,BEN ATTIA Youssef (TUN),JEVTOVIC Marko (SRB),,,0 - 3,7:11 4:11 5:11,JEVTOVIC Marko,2022
Mediterranean Games Oran 2022,2022-06-25,TOFANT Ana,ZHANG Sofia-Xuan,ESP,SLO,3,1,"11,8,11,11|9,11,8,5",QUAL,OTHER,WT,2594,Qualification,TOFANT Ana (SLO),ZHANG Sofia-Xuan (ESP),,,1 - 3,9:11 11:8 8:11 5:11,ZHANG Sofia-Xuan,2022
Mediterranean Games Oran 2022,2022-06-25,TOKIC Sara,XIAO Maria,ESP,SLO,3,0,"11,11,11|5,8,5",QUAL,OTHER,WT,2594,Qualification,TOKIC Sara (SLO),XIAO Maria (ESP),,,0 - 3,5:11 8:11 5:11,XIAO Maria,2022
Mediterranean Games Oran 2022,2022-06-25,TOFANT Ana,XIAO Maria,ESP,SLO,3,0,"12,11,11|10,5,9",QUAL,OTHER,WT,2594,Qualification,TOFANT Ana (SLO),XIAO Maria (ESP),STRAZAR Katarina (SLO),ZHANG Sofia-Xuan (ESP),0 - 3,10:12 5:11 9:11,XIAO Maria,2022
Mediterranean Games Oran 2022,2022-06-25,KONSTANTINOPOULOS Konstantinos,ELIA Sharpel,GRE,CYP,3,0,"11,11,11|2,7,7",QUAL,OTHER,MT,2594,Qualification,KONSTANTINOPOULOS Konstantinos (GRE),ELIA Sharpel (CYP),,,3 - 0,11:2 11:7 11:7,KONSTANTINOPOULOS Konstantinos,2022
Mediterranean Games Oran 2022,2022-06-25,SGOUROPOULOS Ioannis,YIANGOU Marios,GRE,CYP,3,0,"11,11,11|5,6,8",QUAL,OTHER,MT,2594,Qualification,SGOUROPOULOS Ioannis (GRE),YIANGOU Marios (CYP),,,3 - 0,11:5 11:6 11:8,SGOUROPOULOS Ioannis,2022
Mediterranean Games Oran 2022,2022-06-25,KONSTANTINOPOULOS Konstantinos,YIANGOU Marios,GRE,CYP,3,0,"11,11,12|6,8,10",QUAL,OTHER,MT,2594,Qualification,KONSTANTINOPOULOS Konstantinos (GRE),YIANGOU Marios (CYP),SGOUROPOULOS Ioannis (GRE),ELIA Sharpel (CYP),3 - 0,11:6 11:8 12:10,KONSTANTINOPOULOS Konstantinos,2022
Mediterranean Games Oran 2022,2022-06-25,JORGIC Darko,KHEROUF Sami,SLO,ALG,3,0,"12,11,11|10,7,8",QF,OTHER,MT,2594,Main Draw,JORGIC Darko (SLO),KHEROUF Sami (ALG),,,3 - 0,12:10 11:7 11:8,JORGIC Darko,2022
Mediterranean Games Oran 2022,2022-06-25,KOZUL Deni,BOULOUSSA Mehdi,ALG,SLO,3,2,"4,11,5,12,11|11,9,11,10,9",QF,OTHER,MT,2594,Main Draw,KOZUL Deni (SLO),BOULOUSSA Mehdi (ALG),,,2 - 3,11:4 9:11 11:5 10:12 9:11,BOULOUSSA Mehdi,2022
Mediterranean Games Oran 2022,2022-06-25,JORGIC Darko,BOURIAH Larbi,SLO,ALG,3,0,"11,11,11|3,6,3",QF,OTHER,MT,2594,Main Draw,JORGIC Darko (SLO),BOURIAH Larbi (ALG),KOZUL Deni (SLO),BOULOUSSA Mehdi (ALG),3 - 0,11:3 11:6 11:3,JORGIC Darko,2022
Mediterranean Games Oran 2022,2022-06-25,JORGIC Darko,BOULOUSSA Mehdi,SLO,ALG,3,2,"13,11,11,11,11|15,4,13,6,9",QF,OTHER,MT,2594,Main Draw,JORGIC Darko (SLO),BOULOUSSA Mehdi (ALG),,,3 - 2,13:15 11:4 11:13 11:6 11:9,JORGIC Darko,2022
Mediterranean Games Oran 2022,2022-06-25,SURJAN Sabina,ZHANG Sofia-Xuan,ESP,SRB,3,2,"7,5,11,11,12|11,11,9,8,10",QF,OTHER,WT,2594,Main Draw,SURJAN Sabina (SRB),ZHANG Sofia-Xuan (ESP),,,2 - 3,11:7 11:5 9:11 8:11 10:12,ZHANG Sofia-Xuan,2022
Mediterranean Games Oran 2022,2022-06-25,LUPULESKU Izabela,XIAO Maria,SRB,ESP,3,2,"11,11,9,3,11|7,9,11,11,5",QF,OTHER,WT,2594,Main Draw,LUPULESKU Izabela (SRB),XIAO Maria (ESP),,,3 - 2,11:7 11:9 9:11 3:11 11:5,LUPULESKU Izabela,2022
Mediterranean Games Oran 2022,2022-06-25,BOBOCICA Mihai,ROBLES Alvaro,ESP,ITA,3,0,"11,11,16|4,9,14",QF,OTHER,MT,2594,Main Draw,BOBOCICA Mihai (ITA),ROBLES Alvaro (ESP),,,0 - 3,4:11 9:11 14:16,ROBLES Alvaro,2022
Mediterranean Games Oran 2022,2022-06-25,STOYANOV Niagol,MASIP Joan,ITA,ESP,3,1,"11,7,11,11|6,11,4,8",QF,OTHER,MT,2594,Main Draw,STOYANOV Niagol (ITA),MASIP Joan (ESP),,,3 - 1,11:6 7:11 11:4 11:8,STOYANOV Niagol,2022
Mediterranean Games Oran 2022,2022-06-25,BOBOCICA Mihai,MASIP Joan,ITA,ESP,3,0,"11,11,11|4,8,4",QF,OTHER,MT,2594,Main Draw,BOBOCICA Mihai (ITA),MASIP Joan (ESP),,,3 - 0,11:4 11:8 11:4,BOBOCICA Mihai,2022
Mediterranean Games Oran 2022,2022-06-25,STOYANOV Niagol,ROBLES Alvaro,ESP,ITA,3,0,"11,11,13|6,8,11",QF,OTHER,MT,2594,Main Draw,STOYANOV Niagol (ITA),ROBLES Alvaro (ESP),,,0 - 3,6:11 8:11 11:13,ROBLES Alvaro,2022
Mediterranean Games Oran 2022,2022-06-25,GARCI Fadwa,STEFANOVA Nikoleta,ITA,TUN,3,1,"4,11,11,11|11,3,7,7",QF,OTHER,WT,2594,Main Draw,GARCI Fadwa (TUN),STEFANOVA Nikoleta (ITA),,,1 - 3,11:4 3:11 7:11 7:11,STEFANOVA Nikoleta,2022
Mediterranean Games Oran 2022,2022-06-25,ZOGHLAMI Maram,PICCOLIN Giorgia,ITA,TUN,3,1,"11,9,11,11|5,11,5,5",QF,OTHER,WT,2594,Main Draw,ZOGHLAMI Maram (TUN),PICCOLIN Giorgia (ITA),,,1 - 3,5:11 11:9 5:11 5:11,PICCOLIN Giorgia,2022
Mediterranean Games Oran 2022,2022-06-25,ZOGHLAMI Maram,STEFANOVA Nikoleta,ITA,TUN,3,1,"6,13,11,11|11,11,6,1",QF,OTHER,WT,2594,Main Draw,ZOGHLAMI Maram (TUN),STEFANOVA Nikoleta (ITA),GARCI Fadwa (TUN),PICCOLIN Giorgia (ITA),1 - 3,11:6 11:13 6:11 1:11,STEFANOVA Nikoleta,2022
Mediterranean Games Oran 2022,2022-06-25,LEVAJAC Dimitrije,CHEN Diogo,SRB,POR,3,0,"11,11,12|8,9,10",QF,OTHER,MT,2594,Main Draw,LEVAJAC Dimitrije (SRB),CHEN Diogo (POR),,,3 - 0,11:8 11:9 12:10,LEVAJAC Dimitrije,2022
Mediterranean Games Oran 2022,2022-06-25,JEVTOVIC Marko,GERALDO Joao,POR,SRB,3,1,"11,11,7,12|8,8,11,10",QF,OTHER,MT,2594,Main Draw,JEVTOVIC Marko (SRB),GERALDO Joao (POR),,,1 - 3,8:11 8:11 11:7 10:12,GERALDO Joao,2022
Mediterranean Games Oran 2022,2022-06-25,LEVAJAC Dimitrije,CHEN Diogo,POR,SRB,3,1,"8,12,11,11|11,10,8,7",QF,OTHER,MT,2594,Main Draw,LEVAJAC Dimitrije (SRB),CHEN Diogo (POR),JEVTOVIC Marko (SRB),MONTEIRO Joao (POR),1 - 3,11:8 10:12 8:11 7:11,CHEN Diogo,2022
Mediterranean Games Oran 2022,2022-06-25,LEVAJAC Dimitrije,GERALDO Joao,POR,SRB,3,0,"11,11,11|5,7,8",QF,OTHER,MT,2594,Main Draw,LEVAJAC Dimitrije (SRB),GERALDO Joao (POR),,,0 - 3,5:11 7:11 8:11,GERALDO Joao,2022
Mediterranean Games Oran 2022,2022-06-25,SGOUROPOULOS Ioannis,ELBEIALI Mohamed,GRE,EGY,3,2,"11,9,15,6,11|9,11,13,11,7",QF,OTHER,MT,2594,Main Draw,SGOUROPOULOS Ioannis (GRE),ELBEIALI Mohamed (EGY),,,3 - 2,11:9 9:11 15:13 6:11 11:7,SGOUROPOULOS Ioannis,2022
Mediterranean Games Oran 2022,2022-06-25,KONSTANTINOPOULOS Konstantinos,ASSAR Omar,EGY,GRE,3,0,"11,16,11|8,14,7",QF,OTHER,MT,2594,Main Draw,KONSTANTINOPOULOS Konstantinos (GRE),ASSAR Omar (EGY),,,0 - 3,8:11 14:16 7:11,ASSAR Omar,2022
Mediterranean Games Oran 2022,2022-06-25,SGOUROPOULOS Ioannis,ELBEIALI Mohamed,EGY,GRE,3,1,"11,11,5,11|8,9,11,9",QF,OTHER,MT,2594,Main Draw,SGOUROPOULOS Ioannis (GRE),ELBEIALI Mohamed (EGY),KONSTANTINOPOULOS Konstantinos (GRE),SALEH Ahmed (EGY),1 - 3,8:11 9:11 11:5 9:11,ELBEIALI Mohamed,2022
Mediterranean Games Oran 2022,2022-06-25,SGOUROPOULOS Ioannis,ASSAR Omar,GRE,EGY,3,1,"10,12,11,11|12,10,9,4",QF,OTHER,MT,2594,Main Draw,SGOUROPOULOS Ioannis (GRE),ASSAR Omar (EGY),,,3 - 1,10:12 12:10 11:9 11:4,SGOUROPOULOS Ioannis,2022
Mediterranean Games Oran 2022,2022-06-25,KONSTANTINOPOULOS Konstantinos,ELBEIALI Mohamed,GRE,EGY,3,1,"11,11,11,11|8,4,13,7",QF,OTHER,MT,2594,Main Draw,KONSTANTINOPOULOS Konstantinos (GRE),ELBEIALI Mohamed (EGY),,,3 - 1,11:8 11:4 11:13 11:7,KONSTANTINOPOULOS Konstantinos,2022
Mediterranean Games Oran 2022,2022-06-25,SURJAN Sabina,GODA Hana,SRB,EGY,3,2,"11,11,7,6,13|5,9,11,11,11",SF,OTHER,WT,2594,Main Draw,SURJAN Sabina (SRB),GODA Hana (EGY),,,3 - 2,11:5 11:9 7:11 6:11 13:11,SURJAN Sabina,2022
Mediterranean Games Oran 2022,2022-06-25,LUPULESKU Izabela,MESHREF Dina,EGY,SRB,3,1,"11,11,14,12|9,6,16,10",SF,OTHER,WT,2594,Main Draw,LUPULESKU Izabela (SRB),MESHREF Dina (EGY),,,1 - 3,9:11 6:11 16:14 10:12,MESHREF Dina,2022
Mediterranean Games Oran 2022,2022-06-25,SURJAN Sabina,GODA Hana,EGY,SRB,3,1,"11,8,11,11|6,11,7,3",SF,OTHER,WT,2594,Main Draw,SURJAN Sabina (SRB),GODA Hana (EGY),JOKIC Tijana (SRB),MESHREF Dina (EGY),1 - 3,6:11 11:8 7:11 3:11,GODA Hana,2022
Mediterranean Games Oran 2022,2022-06-25,SURJAN Sabina,MESHREF Dina,EGY,SRB,3,2,"11,7,11,6,11|9,11,2,11,8",SF,OTHER,WT,2594,Main Draw,SURJAN Sabina (SRB),MESHREF Dina (EGY),,,2 - 3,9:11 11:7 2:11 11:6 8:11,MESHREF Dina,2022
Mediterranean Games Oran 2022,2022-06-25,ROBLES Alvaro,KOZUL Deni,SLO,ESP,3,2,"7,15,5,11,11|11,13,11,6,9",SF,OTHER,MT,2594,Main Draw,ROBLES Alvaro (ESP),KOZUL Deni (SLO),,,2 - 3,11:7 13:15 11:5 6:11 9:11,KOZUL Deni,2022
Mediterranean Games Oran 2022,2022-06-25,CABALLERO Carlos,JORGIC Darko,SLO,ESP,3,0,"11,11,11|7,8,6",SF,OTHER,MT,2594,Main Draw,CABALLERO Carlos (ESP),JORGIC Darko (SLO),,,0 - 3,7:11 8:11 6:11,JORGIC Darko,2022
Mediterranean Games Oran 2022,2022-06-25,ROBLES Alvaro,JORGIC Darko,SLO,ESP,3,0,"11,11,11|2,3,7",SF,OTHER,MT,2594,Main Draw,ROBLES Alvaro (ESP),JORGIC Darko (SLO),MASIP Joan (ESP),KOZUL Deni (SLO),0 - 3,2:11 3:11 7:11,JORGIC Darko,2022
Mediterranean Games Oran 2022,2022-06-25,SHAO Jieni,STEFANOVA Nikoleta,POR,ITA,3,0,"11,11,11|5,8,6",SF,OTHER,WT,2594,Main Draw,SHAO Jieni (POR),STEFANOVA Nikoleta (ITA),,,3 - 0,11:5 11:8 11:6,SHAO Jieni,2022
Mediterranean Games Oran 2022,2022-06-25,MATOS Ines,PICCOLIN Giorgia,ITA,POR,3,2,"8,12,11,5,11|11,10,7,11,8",SF,OTHER,WT,2594,Main Draw,MATOS Ines (POR),PICCOLIN Giorgia (ITA),,,2 - 3,11:8 10:12 7:11 11:5 8:11,PICCOLIN Giorgia,2022
Mediterranean Games Oran 2022,2022-06-25,SHAO Jieni,PICCOLIN Giorgia,POR,ITA,3,0,"11,11,12|7,6,10",SF,OTHER,WT,2594,Main Draw,SHAO Jieni (POR),PICCOLIN Giorgia (ITA),,,3 - 0,11:7 11:6 12:10,SHAO Jieni,2022
Mediterranean Games Oran 2022,2022-06-25,MATOS Ines,STEFANOVA Nikoleta,ITA,POR,3,1,"10,11,11,13|12,7,4,11",SF,OTHER,WT,2594,Main Draw,MATOS Ines (POR),STEFANOVA Nikoleta (ITA),,,1 - 3,12:10 7:11 4:11 11:13,STEFANOVA Nikoleta,2022
Mediterranean Games Oran 2022,2022-06-25,SGOUROPOULOS Ioannis,MONTEIRO Joao,GRE,POR,3,2,"8,11,9,12,11|11,6,11,10,9",SF,OTHER,MT,2594,Main Draw,SGOUROPOULOS Ioannis (GRE),MONTEIRO Joao (POR),,,3 - 2,8:11 11:6 9:11 12:10 11:9,SGOUROPOULOS Ioannis,2022
Mediterranean Games Oran 2022,2022-06-25,KONSTANTINOPOULOS Konstantinos,GERALDO Joao,POR,GRE,3,1,"10,16,11,11|12,14,5,3",SF,OTHER,MT,2594,Main Draw,KONSTANTINOPOULOS Konstantinos (GRE),GERALDO Joao (POR),,,1 - 3,12:10 14:16 5:11 3:11,GERALDO Joao,2022
Mediterranean Games Oran 2022,2022-06-25,SGOUROPOULOS Ioannis,MONTEIRO Joao,POR,GRE,3,1,"11,6,11,11|8,11,7,9",SF,OTHER,MT,2594,Main Draw,SGOUROPOULOS Ioannis (GRE),MONTEIRO Joao (POR),KONSTANTINOPOULOS Konstantinos (GRE),CHEN Diogo (POR),1 - 3,8:11 11:6 7:11 9:11,MONTEIRO Joao,2022
Mediterranean Games Oran 2022,2022-06-25,SGOUROPOULOS Ioannis,GERALDO Joao,POR,GRE,3,2,"9,9,11,11,11|11,11,7,6,6",SF,OTHER,MT,2594,Main Draw,SGOUROPOULOS Ioannis (GRE),GERALDO Joao (POR),,,2 - 3,11:9 11:9 7:11 6:11 6:11,GERALDO Joao,2022
Mediterranean Games Oran 2022,2022-06-25,MONTEIRO Joao,KOZUL Deni,POR,SLO,3,1,"6,11,16,12|11,4,14,10",F,OTHER,MT,2594,Main Draw,MONTEIRO Joao (POR),KOZUL Deni (SLO),,,3 - 1,6:11 11:4 16:14 12:10,MONTEIRO Joao,2022
Mediterranean Games Oran 2022,2022-06-25,GERALDO Joao,JORGIC Darko,SLO,POR,3,2,"9,9,12,11,11|11,11,10,8,7",F,OTHER,MT,2594,Main Draw,GERALDO Joao (POR),JORGIC Darko (SLO),,,2 - 3,11:9 11:9 10:12 8:11 7:11,JORGIC Darko,2022
Mediterranean Games Oran 2022,2022-06-25,CHEN Diogo,JORGIC Darko,POR,SLO,3,0,"12,12,11|10,10,8",F,OTHER,MT,2594,Main Draw,CHEN Diogo (POR),JORGIC Darko (SLO),GERALDO Joao (POR),HRIBAR Peter (SLO),3 - 0,12:10 12:10 11:8,CHEN Diogo,2022
Mediterranean Games Oran 2022,2022-06-25,MONTEIRO Joao,JORGIC Darko,SLO,POR,3,1,"6,12,11,11|11,10,4,8",F,OTHER,MT,2594,Main Draw,MONTEIRO Joao (POR),JORGIC Darko (SLO),,,1 - 3,11:6 10:12 4:11 8:11,JORGIC Darko,2022
Mediterranean Games Oran 2022,2022-06-25,GERALDO Joao,KOZUL Deni,SLO,POR,3,2,"11,7,15,11,11|9,11,13,13,8",F,OTHER,MT,2594,Main Draw,GERALDO Joao (POR),KOZUL Deni (SLO),,,2 - 3,9:11 11:7 13:15 13:11 8:11,KOZUL Deni,2022
Mediterranean Games Oran 2022,2022-06-25,PICCOLIN Giorgia,GODA Hana,EGY,ITA,3,2,"11,5,11,10,11|4,11,8,12,8",F,OTHER,WT,2594,Main Draw,PICCOLIN Giorgia (ITA),GODA Hana (EGY),,,2 - 3,4:11 11:5 8:11 12:10 8:11,GODA Hana,2022
Mediterranean Games Oran 2022,2022-06-25,STEFANOVA Nikoleta,MESHREF Dina,EGY,ITA,3,1,"11,11,10,11|7,5,12,6",F,OTHER,WT,2594,Main Draw,STEFANOVA Nikoleta (ITA),MESHREF Dina (EGY),,,1 - 3,7:11 5:11 12:10 6:11,MESHREF Dina,2022
Mediterranean Games Oran 2022,2022-06-25,PICCOLIN Giorgia,GODA Hana,ITA,EGY,3,2,"11,6,9,11,11|7,11,11,9,4",F,OTHER,WT,2594,Main Draw,PICCOLIN Giorgia (ITA),GODA Hana (EGY),STEFANOVA Nikoleta (ITA),MESHREF Dina (EGY),3 - 2,11:7 6:11 9:11 11:9 11:4,PICCOLIN Giorgia,2022
Mediterranean Games Oran 2022,2022-06-25,PICCOLIN Giorgia,MESHREF Dina,ITA,EGY,3,2,"6,11,11,9,11|11,8,7,11,8",F,OTHER,WT,2594,Main Draw,PICCOLIN Giorgia (ITA),MESHREF Dina (EGY),,,3 - 2,6:11 11:8 11:7 9:11 11:8,PICCOLIN Giorgia,2022
Mediterranean Games Oran 2022,2022-06-25,STEFANOVA Nikoleta,GODA Hana,EGY,ITA,3,0,"11,11,11|8,8,6",F,OTHER,WT,2594,Main Draw,STEFANOVA Nikoleta (ITA),GODA Hana (EGY),,,0 - 3,8:11 8:11 6:11,GODA Hana,2022
Mediterranean Games Oran 2022,2022-06-25,SGOUROPOULOS Ioannis,ROBLES Alvaro,GRE,ESP,3,1,"11,11,5,11|9,4,11,7",F,OTHER,MT,2594,Main Draw,SGOUROPOULOS Ioannis (GRE),ROBLES Alvaro (ESP),,,3 - 1,11:9 11:4 5:11 11:7,SGOUROPOULOS Ioannis,2022
Mediterranean Games Oran 2022,2022-06-25,KONSTANTINOPOULOS Konstantinos,CABALLERO Carlos,ESP,GRE,3,2,"15,11,9,7,11|13,8,11,11,4",F,OTHER,MT,2594,Main Draw,KONSTANTINOPOULOS Konstantinos (GRE),CABALLERO Carlos (ESP),,,2 - 3,13:15 8:11 11:9 11:7 4:11,CABALLERO Carlos,2022
Mediterranean Games Oran 2022,2022-06-25,SGOUROPOULOS Ioannis,CABALLERO Carlos,GRE,ESP,3,1,"12,12,4,11|10,10,11,8",F,OTHER,MT,2594,Main Draw,SGOUROPOULOS Ioannis (GRE),CABALLERO Carlos (ESP),,,3 - 1,12:10 12:10 4:11 11:8,SGOUROPOULOS Ioannis,2022
Mediterranean Games Oran 2022,2022-06-25,SHAO Jieni,SURJAN Sabina,POR,SRB,3,1,"11,6,11,11|2,11,6,9",F,OTHER,WT,2594,Main Draw,SHAO Jieni (POR),SURJAN Sabina (SRB),,,3 - 1,11:2 6:11 11:6 11:9,SHAO Jieni,2022
Mediterranean Games Oran 2022,2022-06-25,PINTO Matilde,LUPULESKU Izabela,SRB,POR,3,1,"11,13,11,11|13,11,5,6",F,OTHER,WT,2594,Main Draw,PINTO Matilde (POR),LUPULESKU Izabela (SRB),,,1 - 3,13:11 11:13 5:11 6:11,LUPULESKU Izabela,2022
Mediterranean Games Oran 2022,2022-06-25,SHAO Jieni,LUPULESKU Izabela,POR,SRB,3,1,"11,9,12,12|7,11,10,10",F,OTHER,WT,2594,Main Draw,SHAO Jieni (POR),LUPULESKU Izabela (SRB),,,3 - 1,11:7 9:11 12:10 12:10,SHAO Jieni,2022
Mediterranean Games Oran 2022,2022-06-25,MONTEIRO Joao,BOBOCICA Mihai,ITA,POR,4,2,"12,11,12,11,13,11|10,13,14,6,11,8",QUAL,OTHER,MS,2594,Qualification,MONTEIRO Joao (POR),BOBOCICA Mihai (ITA),,,2 - 4,10:12 13:11 14:12 6:11 11:13 8:11,BOBOCICA Mihai,2022
Mediterranean Games Oran 2022,2022-06-25,GERALDO Joao,SAVVA Christos,POR,CYP,4,0,"11,11,11,11|6,3,3,5",QUAL,OTHER,MS,2594,Qualification,GERALDO Joao (POR),SAVVA Christos (CYP),,,4 - 0,11:6 11:3 11:3 11:5,GERALDO Joao,2022
Mediterranean Games Oran 2022,2022-06-25,GODA Hana,TOLIOU Aikaterini,GRE,EGY,4,2,"6,7,12,11,11,11|11,11,10,9,7,6",QUAL,OTHER,WS,2594,Qualification,GODA Hana (EGY),TOLIOU Aikaterini (GRE),,,2 - 4,11:6 11:7 10:12 9:11 7:11 6:11,TOLIOU Aikaterini,2022
Mediterranean Games Oran 2022,2022-06-25,ASSAR Omar,YIGENLER Abdullah,EGY,TUR,4,2,"15,5,8,11,11,11|13,11,11,6,7,1",QUAL,OTHER,MS,2594,Qualification,ASSAR Omar (EGY),YIGENLER Abdullah (TUR),,,4 - 2,15:13 5:11 8:11 11:6 11:7 11:1,ASSAR Omar,2022
Mediterranean Games Oran 2022,2022-06-25,SURJAN Sabina,GARCI Fadwa,SRB,TUN,4,0,"11,11,14,11|3,3,12,8",QUAL,OTHER,WS,2594,Qualification,SURJAN Sabina (SRB),GARCI Fadwa (TUN),,,4 - 0,11:3 11:3 14:12 11:8,SURJAN Sabina,2022
Mediterranean Games Oran 2022,2022-06-25,ALTINKAYA Sibel,LUPULESKU Izabela,SRB,TUR,4,0,"11,11,11,11|8,4,5,6",QUAL,OTHER,WS,2594,Qualification,ALTINKAYA Sibel (TUR),LUPULESKU Izabela (SRB),,,0 - 4,8:11 4:11 5:11 6:11,LUPULESKU Izabela,2022
Mediterranean Games Oran 2022,2022-06-25,SALEH Ahmed,STOYANOV Niagol,ITA,EGY,4,3,"8,11,12,11,7,2,11|11,6,10,5,11,11,8",QUAL,OTHER,MS,2594,Qualification,SALEH Ahmed (EGY),STOYANOV Niagol (ITA),,,3 - 4,11:8 6:11 10:12 5:11 11:7 11:2 8:11,STOYANOV Niagol,2022
Mediterranean Games Oran 2022,2022-06-25,PICCOLIN Giorgia,ZHANG Sofia-Xuan,ESP,ITA,4,2,"11,7,11,11,11,12|13,11,8,4,3,10",QUAL,OTHER,WS,2594,Qualification,PICCOLIN Giorgia (ITA),ZHANG Sofia-Xuan (ESP),,,2 - 4,13:11 11:7 8:11 4:11 3:11 10:12,ZHANG Sofia-Xuan,2022
Mediterranean Games Oran 2022,2022-06-25,SHAO Jieni,XIAO Maria,ESP,POR,4,2,"11,7,6,11,11,11|9,11,11,7,9,5",QUAL,OTHER,WS,2594,Qualification,SHAO Jieni (POR),XIAO Maria (ESP),,,2 - 4,9:11 11:7 11:6 7:11 9:11 5:11,XIAO Maria,2022
Mediterranean Games Oran 2022,2022-06-25,PAVADE Prithika,TOFANT Ana,FRA,SLO,4,0,"11,11,11,11|7,6,2,4",QUAL,OTHER,WS,2594,Qualification,PAVADE Prithika (FRA),TOFANT Ana (SLO),,,4 - 0,11:7 11:6 11:2 11:4,PAVADE Prithika,2022
Mediterranean Games Oran 2022,2022-06-25,REMBERT Bastien,GUNDUZ Ibrahim,FRA,TUR,4,3,"4,8,12,11,7,11,11|11,11,10,6,11,7,9",QUAL,OTHER,MS,2594,Qualification,REMBERT Bastien (FRA),GUNDUZ Ibrahim (TUR),,,4 - 3,4:11 8:11 12:10 11:6 7:11 11:7 11:9,REMBERT Bastien,2022
Mediterranean Games Oran 2022,2022-06-25,SAVVA Christos,BOULOUSSA Mehdi,ALG,CYP,4,1,"7,11,11,11,11|11,3,1,5,4",QUAL,OTHER,MS,2594,Qualification,SAVVA Christos (CYP),BOULOUSSA Mehdi (ALG),,,1 - 4,11:7 3:11 1:11 5:11 4:11,BOULOUSSA Mehdi,2022
Mediterranean Games Oran 2022,2022-06-25,GERALDO Joao,KOZUL Deni,POR,SLO,4,2,"9,11,8,11,11,11|11,7,11,9,6,5",QUAL,OTHER,MS,2594,Qualification,GERALDO Joao (POR),KOZUL Deni (SLO),,,4 - 2,9:11 11:7 8:11 11:9 11:6 11:5,GERALDO Joao,2022
Mediterranean Games Oran 2022,2022-06-25,TOLIOU Aikaterini,GARCI Fadwa,GRE,TUN,4,0,"11,11,11,11|1,4,6,4",QUAL,OTHER,WS,2594,Qualification,TOLIOU Aikaterini (GRE),GARCI Fadwa (TUN),,,4 - 0,11:1 11:4 11:6 11:4,TOLIOU Aikaterini,2022
Mediterranean Games Oran 2022,2022-06-25,ASSAR Omar,MONTEIRO Joao,EGY,POR,4,0,"0,0,0,0|0,0,0,0",QUAL,OTHER,MS,2594,Qualification,ASSAR Omar (EGY),MONTEIRO Joao (POR),,,4 - 0,0:0 0:0 0:0 0:0,ASSAR Omar,2022
Mediterranean Games Oran 2022,2022-06-25,ROBLES Alvaro,REMBERT Bastien,FRA,ESP,4,1,"11,11,6,11,11|7,9,11,9,3",QUAL,OTHER,MS,2594,Qualification,ROBLES Alvaro (ESP),REMBERT Bastien (FRA),,,1 - 4,7:11 9:11 11:6 9:11 3:11,REMBERT Bastien,2022
Mediterranean Games Oran 2022,2022-06-25,ALTINKAYA Sibel,PICCOLIN Giorgia,TUR,ITA,4,0,"0,0,0,0|0,0,0,0",QUAL,OTHER,WS,2594,Qualification,ALTINKAYA Sibel (TUR),PICCOLIN Giorgia (ITA),,,4 - 0,0:0 0:0 0:0 0:0,ALTINKAYA Sibel,2022
Mediterranean Games Oran 2022,2022-06-25,STOYANOV Niagol,CABALLERO Carlos,ITA,ESP,4,1,"11,11,11,7,11|9,6,6,11,4",QUAL,OTHER,MS,2594,Qualification,STOYANOV Niagol (ITA),CABALLERO Carlos (ESP),,,4 - 1,11:9 11:6 11:6 7:11 11:4,STOYANOV Niagol,2022
Mediterranean Games Oran 2022,2022-06-25,LUPULESKU Izabela,ZHANG Sofia-Xuan,SRB,ESP,4,1,"11,11,11,7,11|7,9,7,11,7",QUAL,OTHER,WS,2594,Qualification,LUPULESKU Izabela (SRB),ZHANG Sofia-Xuan (ESP),,,4 - 1,11:7 11:9 11:7 7:11 11:7,LUPULESKU Izabela,2022
Mediterranean Games Oran 2022,2022-06-25,SALEH Ahmed,SGOUROPOULOS Ioannis,GRE,EGY,4,0,"11,12,11,11|7,10,9,8",QUAL,OTHER,MS,2594,Qualification,SALEH Ahmed (EGY),SGOUROPOULOS Ioannis (GRE),,,0 - 4,7:11 10:12 9:11 8:11,SGOUROPOULOS Ioannis,2022
Mediterranean Games Oran 2022,2022-06-25,SHAO Jieni,PAVADE Prithika,POR,FRA,4,1,"7,11,11,11,11|11,7,6,5,9",QUAL,OTHER,WS,2594,Qualification,SHAO Jieni (POR),PAVADE Prithika (FRA),,,4 - 1,7:11 11:7 11:6 11:5 11:9,SHAO Jieni,2022
Mediterranean Games Oran 2022,2022-06-25,JEVTOVIC Marko,GUNDUZ Ibrahim,TUR,SRB,4,3,"11,14,11,9,11,14,11|13,12,6,11,7,16,5",QUAL,OTHER,MS,2594,Qualification,JEVTOVIC Marko (SRB),GUNDUZ Ibrahim (TUR),,,3 - 4,13:11 12:14 6:11 11:9 7:11 16:14 5:11,GUNDUZ Ibrahim,2022
Mediterranean Games Oran 2022,2022-06-25,ASSAR Omar,BOBOCICA Mihai,ITA,EGY,4,1,"11,11,11,8,11|5,7,8,11,9",QUAL,OTHER,MS,2594,Qualification,ASSAR Omar (EGY),BOBOCICA Mihai (ITA),,,1 - 4,5:11 7:11 8:11 11:8 9:11,BOBOCICA Mihai,2022
Mediterranean Games Oran 2022,2022-06-25,SURJAN Sabina,TOLIOU Aikaterini,SRB,GRE,4,3,"6,11,12,3,11,8,11|11,6,10,11,3,11,7",QUAL,OTHER,WS,2594,Qualification,SURJAN Sabina (SRB),TOLIOU Aikaterini (GRE),,,4 - 3,6:11 11:6 12:10 3:11 11:3 8:11 11:7,SURJAN Sabina,2022
Mediterranean Games Oran 2022,2022-06-25,GERALDO Joao,BOULOUSSA Mehdi,ALG,POR,4,3,"11,11,7,5,10,18,13|6,6,11,11,12,16,11",QUAL,OTHER,MS,2594,Qualification,GERALDO Joao (POR),BOULOUSSA Mehdi (ALG),,,3 - 4,6:11 6:11 11:7 11:5 12:10 16:18 11:13,BOULOUSSA Mehdi,2022
Mediterranean Games Oran 2022,2022-06-25,GODA Hana,GARCI Fadwa,EGY,TUN,4,0,"11,11,11,11|2,9,2,6",QUAL,OTHER,WS,2594,Qualification,GODA Hana (EGY),GARCI Fadwa (TUN),,,4 - 0,11:2 11:9 11:2 11:6,GODA Hana,2022
Mediterranean Games Oran 2022,2022-06-25,KOZUL Deni,SAVVA Christos,SLO,CYP,4,0,"11,11,11,11|5,6,9,6",QUAL,OTHER,MS,2594,Qualification,KOZUL Deni (SLO),SAVVA Christos (CYP),,,4 - 0,11:5 11:6 11:9 11:6,KOZUL Deni,2022
Mediterranean Games Oran 2022,2022-06-25,MONTEIRO Joao,YIGENLER Abdullah,TUR,POR,4,0,"0,0,0,0|0,0,0,0",QUAL,OTHER,MS,2594,Qualification,MONTEIRO Joao (POR),YIGENLER Abdullah (TUR),,,0 - 4,0:0 0:0 0:0 0:0,YIGENLER Abdullah,2022
Mediterranean Games Oran 2022,2022-06-25,PAVADE Prithika,XIAO Maria,ESP,FRA,4,1,"12,11,11,4,11|10,8,9,11,4",QUAL,OTHER,WS,2594,Qualification,PAVADE Prithika (FRA),XIAO Maria (ESP),,,1 - 4,10:12 8:11 9:11 11:4 4:11,XIAO Maria,2022
Mediterranean Games Oran 2022,2022-06-25,REMBERT Bastien,JEVTOVIC Marko,FRA,SRB,4,2,"11,11,7,8,11,11|6,4,11,11,6,8",QUAL,OTHER,MS,2594,Qualification,REMBERT Bastien (FRA),JEVTOVIC Marko (SRB),,,4 - 2,11:6 11:4 7:11 8:11 11:6 11:8,REMBERT Bastien,2022
Mediterranean Games Oran 2022,2022-06-25,SHAO Jieni,TOFANT Ana,POR,SLO,4,0,"12,11,11,11|10,1,8,1",QUAL,OTHER,WS,2594,Qualification,SHAO Jieni (POR),TOFANT Ana (SLO),,,4 - 0,12:10 11:1 11:8 11:1,SHAO Jieni,2022
Mediterranean Games Oran 2022,2022-06-25,ROBLES Alvaro,GUNDUZ Ibrahim,ESP,TUR,4,1,"11,11,11,9,11|8,7,3,11,5",QUAL,OTHER,MS,2594,Qualification,ROBLES Alvaro (ESP),GUNDUZ Ibrahim (TUR),,,4 - 1,11:8 11:7 11:3 9:11 11:5,ROBLES Alvaro,2022
Mediterranean Games Oran 2022,2022-06-25,PICCOLIN Giorgia,LUPULESKU Izabela,SRB,ITA,4,0,"0,0,0,0|0,0,0,0",QUAL,OTHER,WS,2594,Qualification,PICCOLIN Giorgia (ITA),LUPULESKU Izabela (SRB),,,0 - 4,0:0 0:0 0:0 0:0,LUPULESKU Izabela,2022
Mediterranean Games Oran 2022,2022-06-25,SGOUROPOULOS Ioannis,STOYANOV Niagol,GRE,ITA,4,3,"12,11,11,12,9,11,11|14,6,4,14,11,7,9",QUAL,OTHER,MS,2594,Qualification,SGOUROPOULOS Ioannis (GRE),STOYANOV Niagol (ITA),,,4 - 3,12:14 11:6 11:4 12:14 9:11 11:7 11:9,SGOUROPOULOS Ioannis,2022
Mediterranean Games Oran 2022,2022-06-25,ALTINKAYA Sibel,ZHANG Sofia-Xuan,TUR,ESP,4,1,"11,12,11,10,11|6,10,9,12,5",QUAL,OTHER,WS,2594,Qualification,ALTINKAYA Sibel (TUR),ZHANG Sofia-Xuan (ESP),,,4 - 1,11:6 12:10 11:9 10:12 11:5,ALTINKAYA Sibel,2022
Mediterranean Games Oran 2022,2022-06-25,SALEH Ahmed,CABALLERO Carlos,EGY,ESP,4,1,"11,11,11,10,11|3,5,8,12,7",QUAL,OTHER,MS,2594,Qualification,SALEH Ahmed (EGY),CABALLERO Carlos (ESP),,,4 - 1,11:3 11:5 11:8 10:12 11:7,SALEH Ahmed,2022
Mediterranean Games Oran 2022,2022-06-25,YANG Xiaoxin,ALTINKAYA Sibel,MON,TUR,4,0,"11,11,11,11|5,3,9,7",QF,OTHER,WS,2594,Main Draw,YANG Xiaoxin (MON),ALTINKAYA Sibel (TUR),,,4 - 0,11:5 11:3 11:9 11:7,YANG Xiaoxin,2022
Mediterranean Games Oran 2022,2022-06-25,REMBERT Bastien,ASSAR Omar,EGY,FRA,4,2,"7,11,13,11,10,11|11,6,11,8,12,1",QF,OTHER,MS,2594,Main Draw,REMBERT Bastien (FRA),ASSAR Omar (EGY),,,2 - 4,11:7 6:11 11:13 8:11 12:10 1:11,ASSAR Omar,2022
Mediterranean Games Oran 2022,2022-06-25,STOYANOV Niagol,BOULOUSSA Mehdi,ITA,ALG,4,2,"12,11,6,11,11,11|10,13,11,9,9,5",QF,OTHER,MS,2594,Main Draw,STOYANOV Niagol (ITA),BOULOUSSA Mehdi (ALG),,,4 - 2,12:10 11:13 6:11 11:9 11:9 11:5,STOYANOV Niagol,2022
Mediterranean Games Oran 2022,2022-06-25,LUTZ Camille,GODA Hana,FRA,EGY,4,0,"11,11,11,11|7,9,9,8",QF,OTHER,WS,2594,Main Draw,LUTZ Camille (FRA),GODA Hana (EGY),,,4 - 0,11:7 11:9 11:9 11:8,LUTZ Camille,2022
Mediterranean Games Oran 2022,2022-06-25,TOLIOU Aikaterini,XIAO Maria,ESP,GRE,4,2,"12,11,10,11,4,11|10,8,12,5,11,6",QF,OTHER,WS,2594,Main Draw,TOLIOU Aikaterini (GRE),XIAO Maria (ESP),,,2 - 4,10:12 8:11 12:10 5:11 11:4 6:11,XIAO Maria,2022
Mediterranean Games Oran 2022,2022-06-25,SHAO Jieni,LUTZ Camille,POR,FRA,4,2,"8,11,7,11,11,11|11,8,11,7,6,8",SF,OTHER,WS,2594,Main Draw,SHAO Jieni (POR),LUTZ Camille (FRA),,,4 - 2,8:11 11:8 7:11 11:7 11:6 11:8,SHAO Jieni,2022
Mediterranean Games Oran 2022,2022-06-25,YANG Xiaoxin,XIAO Maria,MON,ESP,4,0,"11,11,11,11|5,7,6,7",SF,OTHER,WS,2594,Main Draw,YANG Xiaoxin (MON),XIAO Maria (ESP),,,4 - 0,11:5 11:7 11:6 11:7,YANG Xiaoxin,2022
Mediterranean Games Oran 2022,2022-06-25,ROBLES Alvaro,GERALDO Joao,ESP,POR,4,2,"6,11,7,14,12,11|11,8,11,12,10,9",SF,OTHER,MS,2594,Main Draw,ROBLES Alvaro (ESP),GERALDO Joao (POR),,,4 - 2,6:11 11:8 7:11 14:12 12:10 11:9,ROBLES Alvaro,2022
Mediterranean Games Oran 2022,2022-06-25,ASSAR Omar,STOYANOV Niagol,EGY,ITA,4,3,"11,11,9,11,6,7,12|9,8,11,8,11,11,10",SF,OTHER,MS,2594,Main Draw,ASSAR Omar (EGY),STOYANOV Niagol (ITA),,,4 - 3,11:9 11:8 9:11 11:8 6:11 7:11 12:10,ASSAR Omar,2022
Mediterranean Games Oran 2022,2022-06-25,XIAO Maria,LUTZ Camille,ESP,FRA,4,3,"11,4,13,3,11,11,11|8,11,11,11,13,6,8",2,OTHER,WS,2594,Position Draw,XIAO Maria (ESP),LUTZ Camille (FRA),,,4 - 3,11:8 4:11 13:11 3:11 11:13 11:6 11:8,XIAO Maria,2022
Mediterranean Games Oran 2022,2022-06-25,GERALDO Joao,STOYANOV Niagol,POR,ITA,4,0,"11,11,11,11|9,3,5,7",2,OTHER,MS,2594,Position Draw,GERALDO Joao (POR),STOYANOV Niagol (ITA),,,4 - 0,11:9 11:3 11:5 11:7,GERALDO Joao,2022
Mediterranean Games Oran 2022,2022-06-25,YANG Xiaoxin,SHAO Jieni,MON,POR,4,0,"11,11,11,11|4,8,7,8",F,OTHER,WS,2594,Main Draw,YANG Xiaoxin (MON),SHAO Jieni (POR),,,4 - 0,11:4 11:8 11:7 11:8,YANG Xiaoxin,2022
Mediterranean Games Oran 2022,2022-06-25,ROBLES Alvaro,ASSAR Omar,ESP,EGY,4,2,"6,11,11,5,12,11|11,8,5,11,10,4",F,OTHER,MS,2594,Main Draw,ROBLES Alvaro (ESP),ASSAR Omar (EGY),,,4 - 2,6:11 11:8 11:5 5:11 12:10 11:4,ROBLES Alvaro,2022
ITTF-Africa Cup 2022,2022-05-26,ARUNA Quadri,SOW Hamidou,NGR,SEN,3,0,"11,11,11|4,6,6",QUAL,OTHER,MS,2576,Qualification,ARUNA Quadri (NGR),SOW Hamidou (SEN),,,3 - 0,11:4 11:6 11:6,ARUNA Quadri,2022
ITTF-Africa Cup 2022,2022-05-26,ALHODABY Mariam,AKA Salie Ange,EGY,CIV,3,1,"11,8,11,11|6,11,2,5",QUAL,OTHER,WS,2576,Qualification,ALHODABY Mariam (EGY),AKA Salie Ange (CIV),,,3 - 1,11:6 8:11 11:2 11:5,ALHODABY Mariam,2022
ITTF-Africa Cup 2022,2022-05-26,ASSAR Omar,NDIAYE Dame,EGY,SEN,3,0,"11,11,11|1,2,2",QUAL,OTHER,MS,2576,Qualification,ASSAR Omar (EGY),NDIAYE Dame (SEN),,,3 - 0,11:1 11:2 11:2,ASSAR Omar,2022
ITTF-Africa Cup 2022,2022-05-26,GODA Hana,LEBA Essevoh Mireille,EGY,CIV,3,0,"11,11,11|6,3,8",QUAL,OTHER,WS,2576,Qualification,GODA Hana (EGY),LEBA Essevoh Mireille (CIV),,,3 - 0,11:6 11:3 11:8,GODA Hana,2022
ITTF-Africa Cup 2022,2022-05-26,SALEH Ahmed,NGEFUASSA Exauce,EGY,COD,3,0,"11,11,11|0,0,0",QUAL,OTHER,MS,2576,Qualification,SALEH Ahmed (EGY),NGEFUASSA Exauce (COD),,,3 - 0,11:0 11:0 11:0,SALEH Ahmed,2022
ITTF-Africa Cup 2022,2022-05-26,MESHREF Dina,ADOM-AMANKWAA Eva,EGY,GHA,3,0,"11,11,11|5,2,6",QUAL,OTHER,WS,2576,Qualification,MESHREF Dina (EGY),ADOM-AMANKWAA Eva (GHA),,,3 - 0,11:5 11:2 11:6,MESHREF Dina,2022
ITTF-Africa Cup 2022,2022-05-26,ABIODUN Bode,EKOYA KANGA Dryche,NGR,CGO,3,0,"11,11,11|5,2,1",QUAL,OTHER,MS,2576,Qualification,ABIODUN Bode (NGR),EKOYA KANGA Dryche (CGO),,,3 - 0,11:5 11:2 11:1,ABIODUN Bode,2022
ITTF-Africa Cup 2022,2022-05-26,EDEM Offiong,KWABI Cynthia,NGR,GHA,3,1,"10,11,11,11|12,5,4,8",QUAL,OTHER,WS,2576,Qualification,EDEM Offiong (NGR),KWABI Cynthia (GHA),,,3 - 1,10:12 11:5 11:4 11:8,EDEM Offiong,2022
ITTF-Africa Cup 2022,2022-05-26,OMOTAYO Olajide,KASSA Gedeon,NGR,COD,3,0,"11,11,11|0,0,0",QUAL,OTHER,MS,2576,Qualification,OMOTAYO Olajide (NGR),KASSA Gedeon (COD),,,3 - 0,11:0 11:0 11:0,OMOTAYO Olajide,2022
ITTF-Africa Cup 2022,2022-05-26,ZOGHLAMI Maram,THAKKAR Sejal,TUN,KEN,3,0,"11,11,11|0,0,0",QUAL,OTHER,WS,2576,Qualification,ZOGHLAMI Maram (TUN),THAKKAR Sejal (KEN),,,3 - 0,11:0 11:0 11:0,ZOGHLAMI Maram,2022
ITTF-Africa Cup 2022,2022-05-26,ASSOU Atarou,ABREFA Derek,GHA,TOG,3,1,"13,5,11,11|11,11,6,4",QUAL,OTHER,MS,2576,Qualification,ASSOU Atarou (TOG),ABREFA Derek (GHA),,,1 - 3,11:13 11:5 6:11 4:11,ABREFA Derek,2022
ITTF-Africa Cup 2022,2022-05-26,GARCI Fadwa,HABTE Saba,TUN,ETH,3,1,"5,11,11,11|11,8,2,8",QUAL,OTHER,WS,2576,Qualification,GARCI Fadwa (TUN),HABTE Saba (ETH),,,3 - 1,5:11 11:8 11:2 11:8,GARCI Fadwa,2022
ITTF-Africa Cup 2022,2022-05-26,ELBEIALI Mohamed,HADSH Amanual,EGY,ETH,3,0,"11,11,11|0,0,0",QUAL,OTHER,MS,2576,Qualification,ELBEIALI Mohamed (EGY),HADSH Amanual (ETH),,,3 - 0,11:0 11:0 11:0,ELBEIALI Mohamed,2022
ITTF-Africa Cup 2022,2022-05-26,AKANBI Rilwan,WANDERA Josiah,NGR,KEN,3,0,"11,11,11|0,0,0",QUAL,OTHER,MS,2576,Qualification,AKANBI Rilwan (NGR),WANDERA Josiah (KEN),,,3 - 0,11:0 11:0 11:0,AKANBI Rilwan,2022
ITTF-Africa Cup 2022,2022-05-26,BOURASS Aboubaker,DUFERA Darara,TUN,ETH,3,2,"9,11,11,10,11|11,6,7,12,8",QUAL,OTHER,MS,2576,Qualification,BOURASS Aboubaker (TUN),DUFERA Darara (ETH),,,3 - 2,9:11 11:6 11:7 10:12 11:8,BOURASS Aboubaker,2022
ITTF-Africa Cup 2022,2022-05-26,KESSACI Katia,LISA Nasimuyu,ALG,KEN,3,0,"11,11,11|0,0,0",QUAL,OTHER,WS,2576,Qualification,KESSACI Katia (ALG),LISA Nasimuyu (KEN),,,3 - 0,11:0 11:0 11:0,KESSACI Katia,2022
ITTF-Africa Cup 2022,2022-05-26,FANNY Kokou,COMMEY Emmanuel,TOG,GHA,3,0,"11,11,11|7,4,6",QUAL,OTHER,MS,2576,Qualification,FANNY Kokou (TOG),COMMEY Emmanuel (GHA),,,3 - 0,11:7 11:4 11:6,FANNY Kokou,2022
ITTF-Africa Cup 2022,2022-05-26,HANFFOU Sarah,ABRHA Gidey,CMR,ETH,3,0,"11,11,11|6,7,2",QUAL,OTHER,WS,2576,Qualification,HANFFOU Sarah (CMR),ABRHA Gidey (ETH),,,3 - 0,11:6 11:7 11:2,HANFFOU Sarah,2022
ITTF-Africa Cup 2022,2022-05-26,CHAICHI Abdelbasset,NSOH NJI Nelson,ALG,CMR,3,2,"9,11,11,8,11|11,7,4,11,9",QUAL,OTHER,MS,2576,Qualification,CHAICHI Abdelbasset (ALG),NSOH NJI Nelson (CMR),,,3 - 2,9:11 11:7 11:4 8:11 11:9,CHAICHI Abdelbasset,2022
ITTF-Africa Cup 2022,2022-05-26,OBA Oba Kizito,MUTUA Brian,CIV,KEN,3,0,"11,11,11|0,0,0",QUAL,OTHER,MS,2576,Qualification,OBA Oba Kizito (CIV),MUTUA Brian (KEN),,,3 - 0,11:0 11:0 11:0,OBA Oba Kizito,2022
ITTF-Africa Cup 2022,2022-05-26,ALHODABY Mariam,AMAH Ayoko Fanida,EGY,TOG,3,0,"11,11,11|3,6,7",QUAL,OTHER,WS,2576,Qualification,ALHODABY Mariam (EGY),AMAH Ayoko Fanida (TOG),,,3 - 0,11:3 11:6 11:7,ALHODABY Mariam,2022
ITTF-Africa Cup 2022,2022-05-26,ARUNA Quadri,IDOWU Saheed,NGR,CGO,3,0,"11,11,11|2,8,8",QUAL,OTHER,MS,2576,Qualification,ARUNA Quadri (NGR),IDOWU Saheed (CGO),,,3 - 0,11:2 11:8 11:8,ARUNA Quadri,2022
ITTF-Africa Cup 2022,2022-05-26,GODA Hana,OJOMU Ajoke,EGY,NGR,3,0,"11,11,11|9,5,6",QUAL,OTHER,WS,2576,Qualification,GODA Hana (EGY),OJOMU Ajoke (NGR),,,3 - 0,11:9 11:5 11:6,GODA Hana,2022
ITTF-Africa Cup 2022,2022-05-26,ASSAR Omar,OBA Don Ange Cedric,EGY,CIV,3,0,"11,11,11|3,5,9",QUAL,OTHER,MS,2576,Qualification,ASSAR Omar (EGY),OBA Don Ange Cedric (CIV),,,3 - 0,11:3 11:5 11:9,ASSAR Omar,2022
ITTF-Africa Cup 2022,2022-05-26,MESHREF Dina,BELLO Fatimo,EGY,NGR,3,1,"11,11,8,11|3,9,11,6",QUAL,OTHER,WS,2576,Qualification,MESHREF Dina (EGY),BELLO Fatimo (NGR),,,3 - 1,11:3 11:9 8:11 11:6,MESHREF Dina,2022
ITTF-Africa Cup 2022,2022-05-26,SALEH Ahmed,BATIX Ylane,EGY,CMR,3,1,"11,14,9,12|8,12,11,10",QUAL,OTHER,MS,2576,Qualification,SALEH Ahmed (EGY),BATIX Ylane (CMR),,,3 - 1,11:8 14:12 9:11 12:10,SALEH Ahmed,2022
ITTF-Africa Cup 2022,2022-05-26,ABIODUN Bode,BELKADI Aissa,NGR,ALG,3,0,"11,11,11|3,6,7",QUAL,OTHER,MS,2576,Qualification,ABIODUN Bode (NGR),BELKADI Aissa (ALG),,,3 - 0,11:3 11:6 11:7,ABIODUN Bode,2022
ITTF-Africa Cup 2022,2022-05-26,OMOTAYO Olajide,ASSOU Atarou,NGR,TOG,3,1,"11,12,11,11|7,14,4,4",QUAL,OTHER,MS,2576,Qualification,OMOTAYO Olajide (NGR),ASSOU Atarou (TOG),,,3 - 1,11:7 12:14 11:4 11:4,OMOTAYO Olajide,2022
ITTF-Africa Cup 2022,2022-05-26,EDEM Offiong,LODINA Reine,NGR,TOG,3,0,"11,11,11|0,0,0",QUAL,OTHER,WS,2576,Qualification,EDEM Offiong (NGR),LODINA Reine (TOG),,,3 - 0,11:0 11:0 11:0,EDEM Offiong,2022
ITTF-Africa Cup 2022,2022-05-26,KASSA Gedeon,ABREFA Derek,GHA,COD,3,0,"11,11,11|0,0,0",QUAL,OTHER,MS,2576,Qualification,KASSA Gedeon (COD),ABREFA Derek (GHA),,,0 - 3,0:11 0:11 0:11,ABREFA Derek,2022
ITTF-Africa Cup 2022,2022-05-26,ZOGHLAMI Maram,OSHONAIKE Olufunke,NGR,TUN,3,2,"11,6,12,11,11|2,11,14,5,5",QUAL,OTHER,WS,2576,Qualification,ZOGHLAMI Maram (TUN),OSHONAIKE Olufunke (NGR),,,2 - 3,2:11 11:6 14:12 5:11 5:11,OSHONAIKE Olufunke,2022
ITTF-Africa Cup 2022,2022-05-26,ELBEIALI Mohamed,AKANBI Rilwan,EGY,NGR,3,1,"11,11,12,11|6,7,14,9",QUAL,OTHER,MS,2576,Qualification,ELBEIALI Mohamed (EGY),AKANBI Rilwan (NGR),,,3 - 1,11:6 11:7 12:14 11:9,ELBEIALI Mohamed,2022
ITTF-Africa Cup 2022,2022-05-26,GARCI Fadwa,LOGHRAIBI Lynda,TUN,ALG,3,2,"7,12,6,11,12|11,10,11,8,10",QUAL,OTHER,WS,2576,Qualification,GARCI Fadwa (TUN),LOGHRAIBI Lynda (ALG),,,3 - 2,7:11 12:10 6:11 11:8 12:10,GARCI Fadwa,2022
ITTF-Africa Cup 2022,2022-05-26,KESSACI Katia,HANFFOU Sarah,CMR,ALG,3,0,"11,11,12|5,2,10",QUAL,OTHER,WS,2576,Qualification,KESSACI Katia (ALG),HANFFOU Sarah (CMR),,,0 - 3,5:11 2:11 10:12,HANFFOU Sarah,2022
ITTF-Africa Cup 2022,2022-05-26,BOURASS Aboubaker,FANNY Kokou,TUN,TOG,3,2,"12,7,14,15,16|14,11,12,13,14",QUAL,OTHER,MS,2576,Qualification,BOURASS Aboubaker (TUN),FANNY Kokou (TOG),,,3 - 2,12:14 7:11 14:12 15:13 16:14,BOURASS Aboubaker,2022
ITTF-Africa Cup 2022,2022-05-26,LISA Nasimuyu,ABRHA Gidey,ETH,KEN,3,0,"11,11,11|0,0,0",QUAL,OTHER,WS,2576,Qualification,LISA Nasimuyu (KEN),ABRHA Gidey (ETH),,,0 - 3,0:11 0:11 0:11,ABRHA Gidey,2022
ITTF-Africa Cup 2022,2022-05-26,DUFERA Darara,COMMEY Emmanuel,GHA,ETH,3,2,"11,11,10,9,11|5,7,12,11,8",QUAL,OTHER,MS,2576,Qualification,DUFERA Darara (ETH),COMMEY Emmanuel (GHA),,,2 - 3,5:11 7:11 12:10 11:9 8:11,COMMEY Emmanuel,2022
ITTF-Africa Cup 2022,2022-05-26,CHAICHI Abdelbasset,OBA Oba Kizito,CIV,ALG,3,2,"14,11,12,11,11|16,5,14,1,5",QUAL,OTHER,MS,2576,Qualification,CHAICHI Abdelbasset (ALG),OBA Oba Kizito (CIV),,,2 - 3,16:14 5:11 14:12 1:11 5:11,OBA Oba Kizito,2022
ITTF-Africa Cup 2022,2022-05-26,NSOH NJI Nelson,MUTUA Brian,CMR,KEN,3,0,"11,11,11|0,0,0",QUAL,OTHER,MS,2576,Qualification,NSOH NJI Nelson (CMR),MUTUA Brian (KEN),,,3 - 0,11:0 11:0 11:0,NSOH NJI Nelson,2022
ITTF-Africa Cup 2022,2022-05-26,IDOWU Saheed,SOW Hamidou,CGO,SEN,3,1,"11,11,8,13|8,9,11,11",QUAL,OTHER,MS,2576,Qualification,IDOWU Saheed (CGO),SOW Hamidou (SEN),,,3 - 1,11:8 11:9 8:11 13:11,IDOWU Saheed,2022
ITTF-Africa Cup 2022,2022-05-26,AMAH Ayoko Fanida,AKA Salie Ange,CIV,TOG,3,0,"11,11,11|5,6,9",QUAL,OTHER,WS,2576,Qualification,AMAH Ayoko Fanida (TOG),AKA Salie Ange (CIV),,,0 - 3,5:11 6:11 9:11,AKA Salie Ange,2022
ITTF-Africa Cup 2022,2022-05-26,OBA Don Ange Cedric,NDIAYE Dame,CIV,SEN,3,0,"11,11,11|6,5,1",QUAL,OTHER,MS,2576,Qualification,OBA Don Ange Cedric (CIV),NDIAYE Dame (SEN),,,3 - 0,11:6 11:5 11:1,OBA Don Ange Cedric,2022
ITTF-Africa Cup 2022,2022-05-26,OJOMU Ajoke,LEBA Essevoh Mireille,NGR,CIV,3,0,"11,13,11|9,11,3",QUAL,OTHER,WS,2576,Qualification,OJOMU Ajoke (NGR),LEBA Essevoh Mireille (CIV),,,3 - 0,11:9 13:11 11:3,OJOMU Ajoke,2022
ITTF-Africa Cup 2022,2022-05-26,BATIX Ylane,NGEFUASSA Exauce,CMR,COD,3,0,"11,11,11|0,0,0",QUAL,OTHER,MS,2576,Qualification,BATIX Ylane (CMR),NGEFUASSA Exauce (COD),,,3 - 0,11:0 11:0 11:0,BATIX Ylane,2022
ITTF-Africa Cup 2022,2022-05-26,BELLO Fatimo,ADOM-AMANKWAA Eva,NGR,GHA,3,0,"11,11,11|7,5,5",QUAL,OTHER,WS,2576,Qualification,BELLO Fatimo (NGR),ADOM-AMANKWAA Eva (GHA),,,3 - 0,11:7 11:5 11:5,BELLO Fatimo,2022
ITTF-Africa Cup 2022,2022-05-26,BELKADI Aissa,EKOYA KANGA Dryche,ALG,CGO,3,0,"11,11,11|5,3,5",QUAL,OTHER,MS,2576,Qualification,BELKADI Aissa (ALG),EKOYA KANGA Dryche (CGO),,,3 - 0,11:5 11:3 11:5,BELKADI Aissa,2022
ITTF-Africa Cup 2022,2022-05-26,LODINA Reine,KWABI Cynthia,GHA,TOG,3,0,"11,11,11|0,0,0",QUAL,OTHER,WS,2576,Qualification,LODINA Reine (TOG),KWABI Cynthia (GHA),,,0 - 3,0:11 0:11 0:11,KWABI Cynthia,2022
ITTF-Africa Cup 2022,2022-05-26,OMOTAYO Olajide,ABREFA Derek,NGR,GHA,3,0,"11,11,11|5,7,7",QUAL,OTHER,MS,2576,Qualification,OMOTAYO Olajide (NGR),ABREFA Derek (GHA),,,3 - 0,11:5 11:7 11:7,OMOTAYO Olajide,2022
ITTF-Africa Cup 2022,2022-05-26,OSHONAIKE Olufunke,THAKKAR Sejal,NGR,KEN,3,0,"11,11,11|0,0,0",QUAL,OTHER,WS,2576,Qualification,OSHONAIKE Olufunke (NGR),THAKKAR Sejal (KEN),,,3 - 0,11:0 11:0 11:0,OSHONAIKE Olufunke,2022
ITTF-Africa Cup 2022,2022-05-26,ASSOU Atarou,KASSA Gedeon,TOG,COD,3,0,"11,11,11|0,0,0",QUAL,OTHER,MS,2576,Qualification,ASSOU Atarou (TOG),KASSA Gedeon (COD),,,3 - 0,11:0 11:0 11:0,ASSOU Atarou,2022
ITTF-Africa Cup 2022,2022-05-26,LOGHRAIBI Lynda,HABTE Saba,ALG,ETH,3,0,"14,11,11|12,8,3",QUAL,OTHER,WS,2576,Qualification,LOGHRAIBI Lynda (ALG),HABTE Saba (ETH),,,3 - 0,14:12 11:8 11:3,LOGHRAIBI Lynda,2022
ITTF-Africa Cup 2022,2022-05-26,ELBEIALI Mohamed,WANDERA Josiah,EGY,KEN,3,0,"11,11,11|0,0,0",QUAL,OTHER,MS,2576,Qualification,ELBEIALI Mohamed (EGY),WANDERA Josiah (KEN),,,3 - 0,11:0 11:0 11:0,ELBEIALI Mohamed,2022
ITTF-Africa Cup 2022,2022-05-26,AKANBI Rilwan,HADSH Amanual,NGR,ETH,3,0,"11,11,11|0,0,0",QUAL,OTHER,MS,2576,Qualification,AKANBI Rilwan (NGR),HADSH Amanual (ETH),,,3 - 0,11:0 11:0 11:0,AKANBI Rilwan,2022
ITTF-Africa Cup 2022,2022-05-26,BOURASS Aboubaker,COMMEY Emmanuel,TUN,GHA,3,2,"12,11,9,11,11|10,13,11,6,8",QUAL,OTHER,MS,2576,Qualification,BOURASS Aboubaker (TUN),COMMEY Emmanuel (GHA),,,3 - 2,12:10 11:13 9:11 11:6 11:8,BOURASS Aboubaker,2022
ITTF-Africa Cup 2022,2022-05-26,KESSACI Katia,ABRHA Gidey,ALG,ETH,3,0,"11,11,11|3,8,9",QUAL,OTHER,WS,2576,Qualification,KESSACI Katia (ALG),ABRHA Gidey (ETH),,,3 - 0,11:3 11:8 11:9,KESSACI Katia,2022
ITTF-Africa Cup 2022,2022-05-26,FANNY Kokou,DUFERA Darara,TOG,ETH,3,0,"11,11,11|4,5,4",QUAL,OTHER,MS,2576,Qualification,FANNY Kokou (TOG),DUFERA Darara (ETH),,,3 - 0,11:4 11:5 11:4,FANNY Kokou,2022
ITTF-Africa Cup 2022,2022-05-26,HANFFOU Sarah,LISA Nasimuyu,CMR,KEN,3,0,"11,11,11|0,0,0",QUAL,OTHER,WS,2576,Qualification,HANFFOU Sarah (CMR),LISA Nasimuyu (KEN),,,3 - 0,11:0 11:0 11:0,HANFFOU Sarah,2022
ITTF-Africa Cup 2022,2022-05-26,CHAICHI Abdelbasset,MUTUA Brian,ALG,KEN,3,0,"11,11,11|0,0,0",QUAL,OTHER,MS,2576,Qualification,CHAICHI Abdelbasset (ALG),MUTUA Brian (KEN),,,3 - 0,11:0 11:0 11:0,CHAICHI Abdelbasset,2022
ITTF-Africa Cup 2022,2022-05-26,OBA Oba Kizito,NSOH NJI Nelson,CIV,CMR,3,0,"11,11,11|6,6,9",QUAL,OTHER,MS,2576,Qualification,OBA Oba Kizito (CIV),NSOH NJI Nelson (CMR),,,3 - 0,11:6 11:6 11:9,OBA Oba Kizito,2022
ITTF-Africa Cup 2022,2022-05-26,ARUNA Quadri,CHAICHI Abdelbasset,NGR,ALG,4,1,"11,7,11,11,11|7,11,4,5,4",R16,OTHER,MS,2576,Main Draw,ARUNA Quadri (NGR),CHAICHI Abdelbasset (ALG),,,4 - 1,11:7 7:11 11:4 11:5 11:4,ARUNA Quadri,2022
ITTF-Africa Cup 2022,2022-05-26,OBA Don Ange Cedric,BOURASS Aboubaker,TUN,CIV,4,0,"11,12,11,11|5,10,9,5",R16,OTHER,MS,2576,Main Draw,OBA Don Ange Cedric (CIV),BOURASS Aboubaker (TUN),,,0 - 4,5:11 10:12 9:11 5:11,BOURASS Aboubaker,2022
ITTF-Africa Cup 2022,2022-05-26,OJOMU Ajoke,HANFFOU Sarah,CMR,NGR,4,0,"11,11,12,11|6,6,10,7",R16,OTHER,WS,2576,Main Draw,OJOMU Ajoke (NGR),HANFFOU Sarah (CMR),,,0 - 4,6:11 6:11 10:12 7:11,HANFFOU Sarah,2022
ITTF-Africa Cup 2022,2022-05-26,OMOTAYO Olajide,BELKADI Aissa,NGR,ALG,4,0,"11,11,11,11|9,8,9,5",R16,OTHER,MS,2576,Main Draw,OMOTAYO Olajide (NGR),BELKADI Aissa (ALG),,,4 - 0,11:9 11:8 11:9 11:5,OMOTAYO Olajide,2022
ITTF-Africa Cup 2022,2022-05-26,BELLO Fatimo,ZOGHLAMI Maram,NGR,TUN,4,1,"9,11,11,13,11|11,8,7,11,6",R16,OTHER,WS,2576,Main Draw,BELLO Fatimo (NGR),ZOGHLAMI Maram (TUN),,,4 - 1,9:11 11:8 11:7 13:11 11:6,BELLO Fatimo,2022
ITTF-Africa Cup 2022,2022-05-26,LOGHRAIBI Lynda,EDEM Offiong,NGR,ALG,4,3,"11,10,11,11,9,11,11|5,12,6,6,11,13,6",R16,OTHER,WS,2576,Main Draw,LOGHRAIBI Lynda (ALG),EDEM Offiong (NGR),,,3 - 4,5:11 12:10 6:11 6:11 11:9 13:11 6:11,EDEM Offiong,2022
ITTF-Africa Cup 2022,2022-05-26,AKANBI Rilwan,SALEH Ahmed,EGY,NGR,4,1,"11,5,11,11,11|3,11,5,7,4",R16,OTHER,MS,2576,Main Draw,AKANBI Rilwan (NGR),SALEH Ahmed (EGY),,,1 - 4,3:11 11:5 5:11 7:11 4:11,SALEH Ahmed,2022
ITTF-Africa Cup 2022,2022-05-26,MESHREF Dina,KESSACI Katia,EGY,ALG,4,0,"11,11,11,11|7,6,3,7",R16,OTHER,WS,2576,Main Draw,MESHREF Dina (EGY),KESSACI Katia (ALG),,,4 - 0,11:7 11:6 11:3 11:7,MESHREF Dina,2022
ITTF-Africa Cup 2022,2022-05-26,ABIODUN Bode,ABREFA Derek,NGR,GHA,4,0,"11,11,11,11|6,3,7,4",R16,OTHER,MS,2576,Main Draw,ABIODUN Bode (NGR),ABREFA Derek (GHA),,,4 - 0,11:6 11:3 11:7 11:4,ABIODUN Bode,2022
ITTF-Africa Cup 2022,2022-05-26,KWABI Cynthia,GARCI Fadwa,TUN,GHA,4,0,"11,11,11,11|8,6,8,6",R16,OTHER,WS,2576,Main Draw,KWABI Cynthia (GHA),GARCI Fadwa (TUN),,,0 - 4,8:11 6:11 8:11 6:11,GARCI Fadwa,2022
ITTF-Africa Cup 2022,2022-05-26,BATIX Ylane,ELBEIALI Mohamed,EGY,CMR,4,0,"11,11,11,11|3,8,9,6",R16,OTHER,MS,2576,Main Draw,BATIX Ylane (CMR),ELBEIALI Mohamed (EGY),,,0 - 4,3:11 8:11 9:11 6:11,ELBEIALI Mohamed,2022
ITTF-Africa Cup 2022,2022-05-26,OBA Oba Kizito,FANNY Kokou,CIV,TOG,4,3,"11,9,11,11,5,11,11|9,11,5,4,11,13,8",R16,OTHER,MS,2576,Main Draw,OBA Oba Kizito (CIV),FANNY Kokou (TOG),,,4 - 3,11:9 9:11 11:5 11:4 5:11 11:13 11:8,OBA Oba Kizito,2022
ITTF-Africa Cup 2022,2022-05-26,OSHONAIKE Olufunke,AKA Salie Ange,NGR,CIV,4,0,"11,11,12,11|7,6,10,1",R16,OTHER,WS,2576,Main Draw,OSHONAIKE Olufunke (NGR),AKA Salie Ange (CIV),,,4 - 0,11:7 11:6 12:10 11:1,OSHONAIKE Olufunke,2022
ITTF-Africa Cup 2022,2022-05-26,IDOWU Saheed,ASSAR Omar,EGY,CGO,4,0,"11,11,11,11|5,9,5,1",R16,OTHER,MS,2576,Main Draw,IDOWU Saheed (CGO),ASSAR Omar (EGY),,,0 - 4,5:11 9:11 5:11 1:11,ASSAR Omar,2022
ITTF-Africa Cup 2022,2022-05-26,AMAH Ayoko Fanida,ABRHA Gidey,ETH,TOG,3,0,"11,11,11|0,0,0",8,OTHER,WS,2576,Position Draw,AMAH Ayoko Fanida (TOG),ABRHA Gidey (ETH),,,0 - 3,0:11 0:11 0:11,ABRHA Gidey,2022
ITTF-Africa Cup 2022,2022-05-26,LODINA Reine,HABTE Saba,ETH,TOG,3,0,"11,11,11|0,0,0",8,OTHER,WS,2576,Position Draw,LODINA Reine (TOG),HABTE Saba (ETH),,,0 - 3,0:11 0:11 0:11,HABTE Saba,2022
ITTF-Africa Cup 2022,2022-05-26,NSOH NJI Nelson,COMMEY Emmanuel,GHA,CMR,3,0,"11,11,11|6,5,5",8,OTHER,MS,2576,Position Draw,NSOH NJI Nelson (CMR),COMMEY Emmanuel (GHA),,,0 - 3,6:11 5:11 5:11,COMMEY Emmanuel,2022
ITTF-Africa Cup 2022,2022-05-26,EKOYA KANGA Dryche,SOW Hamidou,SEN,CGO,3,0,"11,11,11|6,5,1",8,OTHER,MS,2576,Position Draw,EKOYA KANGA Dryche (CGO),SOW Hamidou (SEN),,,0 - 3,6:11 5:11 1:11,SOW Hamidou,2022
ITTF-Africa Cup 2022,2022-05-26,DUFERA Darara,ASSOU Atarou,TOG,ETH,3,1,"11,11,14,11|7,13,12,7",8,OTHER,MS,2576,Position Draw,DUFERA Darara (ETH),ASSOU Atarou (TOG),,,1 - 3,7:11 13:11 12:14 7:11,ASSOU Atarou,2022
ITTF-Africa Cup 2022,2022-05-26,ZOGHLAMI Maram,LOGHRAIBI Lynda,ALG,TUN,3,0,"14,13,11|12,11,4",8,OTHER,WS,2576,Position Draw,ZOGHLAMI Maram (TUN),LOGHRAIBI Lynda (ALG),,,0 - 3,12:14 11:13 4:11,LOGHRAIBI Lynda,2022
ITTF-Africa Cup 2022,2022-05-26,CHAICHI Abdelbasset,OBA Don Ange Cedric,CIV,ALG,3,1,"8,11,11,13|11,6,4,11",8,OTHER,MS,2576,Position Draw,CHAICHI Abdelbasset (ALG),OBA Don Ange Cedric (CIV),,,1 - 3,11:8 6:11 4:11 11:13,OBA Don Ange Cedric,2022
ITTF-Africa Cup 2022,2022-05-26,BELKADI Aissa,AKANBI Rilwan,NGR,ALG,3,0,"11,11,11|8,5,9",8,OTHER,MS,2576,Position Draw,BELKADI Aissa (ALG),AKANBI Rilwan (NGR),,,0 - 3,8:11 5:11 9:11,AKANBI Rilwan,2022
ITTF-Africa Cup 2022,2022-05-26,ABREFA Derek,BATIX Ylane,CMR,GHA,3,0,"11,11,11|1,0,0",8,OTHER,MS,2576,Position Draw,ABREFA Derek (GHA),BATIX Ylane (CMR),,,0 - 3,1:11 0:11 0:11,BATIX Ylane,2022
ITTF-Africa Cup 2022,2022-05-26,KESSACI Katia,KWABI Cynthia,ALG,GHA,3,0,"11,11,11|6,9,1",8,OTHER,WS,2576,Position Draw,KESSACI Katia (ALG),KWABI Cynthia (GHA),,,3 - 0,11:6 11:9 11:1,KESSACI Katia,2022
ITTF-Africa Cup 2022,2022-05-26,FANNY Kokou,IDOWU Saheed,CGO,TOG,3,0,"11,11,11|0,0,0",8,OTHER,MS,2576,Position Draw,FANNY Kokou (TOG),IDOWU Saheed (CGO),,,0 - 3,0:11 0:11 0:11,IDOWU Saheed,2022
ITTF-Africa Cup 2022,2022-05-26,ALHODABY Mariam,HANFFOU Sarah,EGY,CMR,4,3,"11,6,2,11,2,11,11|2,11,11,5,11,6,8",QF,OTHER,WS,2576,Main Draw,ALHODABY Mariam (EGY),HANFFOU Sarah (CMR),,,4 - 3,11:2 6:11 2:11 11:5 2:11 11:6 11:8,ALHODABY Mariam,2022
ITTF-Africa Cup 2022,2022-05-26,ARUNA Quadri,BOURASS Aboubaker,NGR,TUN,4,0,"11,11,11,11|1,4,3,5",QF,OTHER,MS,2576,Main Draw,ARUNA Quadri (NGR),BOURASS Aboubaker (TUN),,,4 - 0,11:1 11:4 11:3 11:5,ARUNA Quadri,2022
ITTF-Africa Cup 2022,2022-05-26,OMOTAYO Olajide,SALEH Ahmed,EGY,NGR,4,2,"7,11,6,11,14,11|11,7,11,7,12,7",QF,OTHER,MS,2576,Main Draw,OMOTAYO Olajide (NGR),SALEH Ahmed (EGY),,,2 - 4,11:7 7:11 11:6 7:11 12:14 7:11,SALEH Ahmed,2022
ITTF-Africa Cup 2022,2022-05-26,BELLO Fatimo,EDEM Offiong,NGR,NGR,4,3,"3,11,7,11,8,11,11|11,9,11,9,11,7,7",QF,OTHER,WS,2576,Main Draw,BELLO Fatimo (NGR),EDEM Offiong (NGR),,,4 - 3,3:11 11:9 7:11 11:9 8:11 11:7 11:7,BELLO Fatimo,2022
ITTF-Africa Cup 2022,2022-05-26,ABIODUN Bode,ELBEIALI Mohamed,EGY,NGR,4,2,"11,2,9,11,11,11|7,11,11,3,7,0",QF,OTHER,MS,2576,Main Draw,ABIODUN Bode (NGR),ELBEIALI Mohamed (EGY),,,2 - 4,7:11 11:2 11:9 3:11 7:11 0:11,ELBEIALI Mohamed,2022
ITTF-Africa Cup 2022,2022-05-26,MESHREF Dina,GARCI Fadwa,EGY,TUN,4,0,"11,11,11,11|3,5,8,6",QF,OTHER,WS,2576,Main Draw,MESHREF Dina (EGY),GARCI Fadwa (TUN),,,4 - 0,11:3 11:5 11:8 11:6,MESHREF Dina,2022
ITTF-Africa Cup 2022,2022-05-26,OBA Oba Kizito,ASSAR Omar,EGY,CIV,4,0,"11,11,11,11|2,0,0,0",QF,OTHER,MS,2576,Main Draw,OBA Oba Kizito (CIV),ASSAR Omar (EGY),,,0 - 4,2:11 0:11 0:11 0:11,ASSAR Omar,2022
ITTF-Africa Cup 2022,2022-05-26,OSHONAIKE Olufunke,GODA Hana,EGY,NGR,4,0,"13,11,11,11|11,6,8,6",QF,OTHER,WS,2576,Main Draw,OSHONAIKE Olufunke (NGR),GODA Hana (EGY),,,0 - 4,11:13 6:11 8:11 6:11,GODA Hana,2022
ITTF-Africa Cup 2022,2022-05-26,COMMEY Emmanuel,SOW Hamidou,SEN,GHA,3,2,"11,9,8,11,11|6,11,11,6,7",4,OTHER,MS,2576,Position Draw,COMMEY Emmanuel (GHA),SOW Hamidou (SEN),,,2 - 3,6:11 11:9 11:8 6:11 7:11,SOW Hamidou,2022
ITTF-Africa Cup 2022,2022-05-26,ADOM-AMANKWAA Eva,HABTE Saba,GHA,ETH,3,0,"11,11,11|0,0,0",4,OTHER,WS,2576,Position Draw,ADOM-AMANKWAA Eva (GHA),HABTE Saba (ETH),,,3 - 0,11:0 11:0 11:0,ADOM-AMANKWAA Eva,2022
ITTF-Africa Cup 2022,2022-05-26,ASSOU Atarou,NDIAYE Dame,TOG,SEN,3,2,"8,11,6,11,11|11,6,11,8,3",4,OTHER,MS,2576,Position Draw,ASSOU Atarou (TOG),NDIAYE Dame (SEN),,,3 - 2,8:11 11:6 6:11 11:8 11:3,ASSOU Atarou,2022
ITTF-Africa Cup 2022,2022-05-26,ABRHA Gidey,LEBA Essevoh Mireille,CIV,ETH,3,0,"11,11,11|0,0,0",4,OTHER,WS,2576,Position Draw,ABRHA Gidey (ETH),LEBA Essevoh Mireille (CIV),,,0 - 3,0:11 0:11 0:11,LEBA Essevoh Mireille,2022
ITTF-Africa Cup 2022,2022-05-26,OJOMU Ajoke,LOGHRAIBI Lynda,NGR,ALG,3,0,"11,11,11|8,9,8",4,OTHER,WS,2576,Position Draw,OJOMU Ajoke (NGR),LOGHRAIBI Lynda (ALG),,,3 - 0,11:8 11:9 11:8,OJOMU Ajoke,2022
ITTF-Africa Cup 2022,2022-05-26,OBA Don Ange Cedric,AKANBI Rilwan,NGR,CIV,3,0,"11,11,11|6,9,7",4,OTHER,MS,2576,Position Draw,OBA Don Ange Cedric (CIV),AKANBI Rilwan (NGR),,,0 - 3,6:11 9:11 7:11,AKANBI Rilwan,2022
ITTF-Africa Cup 2022,2022-05-26,KESSACI Katia,AKA Salie Ange,ALG,CIV,3,1,"11,11,10,11|6,8,12,9",4,OTHER,WS,2576,Position Draw,KESSACI Katia (ALG),AKA Salie Ange (CIV),,,3 - 1,11:6 11:8 10:12 11:9,KESSACI Katia,2022
ITTF-Africa Cup 2022,2022-05-26,BATIX Ylane,IDOWU Saheed,CGO,CMR,3,2,"8,7,13,11,11|11,11,11,6,6",4,OTHER,MS,2576,Position Draw,BATIX Ylane (CMR),IDOWU Saheed (CGO),,,2 - 3,11:8 11:7 11:13 6:11 6:11,IDOWU Saheed,2022
ITTF-Africa Cup 2022,2022-05-26,GARCI Fadwa,OSHONAIKE Olufunke,NGR,TUN,3,1,"11,5,11,11|4,11,9,6",4,OTHER,WS,2576,Position Draw,GARCI Fadwa (TUN),OSHONAIKE Olufunke (NGR),,,1 - 3,4:11 11:5 9:11 6:11,OSHONAIKE Olufunke,2022
ITTF-Africa Cup 2022,2022-05-26,HANFFOU Sarah,EDEM Offiong,NGR,CMR,3,0,"12,11,11|10,5,0",4,OTHER,WS,2576,Position Draw,HANFFOU Sarah (CMR),EDEM Offiong (NGR),,,0 - 3,10:12 5:11 0:11,EDEM Offiong,2022
ITTF-Africa Cup 2022,2022-05-26,BOURASS Aboubaker,OMOTAYO Olajide,NGR,TUN,3,0,"11,11,11|3,4,4",4,OTHER,MS,2576,Position Draw,BOURASS Aboubaker (TUN),OMOTAYO Olajide (NGR),,,0 - 3,3:11 4:11 4:11,OMOTAYO Olajide,2022
ITTF-Africa Cup 2022,2022-05-26,ADOM-AMANKWAA Eva,LEBA Essevoh Mireille,CIV,GHA,3,0,"11,11,11|0,0,0",2,OTHER,WS,2576,Position Draw,ADOM-AMANKWAA Eva (GHA),LEBA Essevoh Mireille (CIV),,,0 - 3,0:11 0:11 0:11,LEBA Essevoh Mireille,2022
ITTF-Africa Cup 2022,2022-05-26,SOW Hamidou,ASSOU Atarou,TOG,SEN,3,0,"17,11,11|15,7,4",2,OTHER,MS,2576,Position Draw,SOW Hamidou (SEN),ASSOU Atarou (TOG),,,0 - 3,15:17 7:11 4:11,ASSOU Atarou,2022
ITTF-Africa Cup 2022,2022-05-26,ALHODABY Mariam,BELLO Fatimo,NGR,EGY,4,3,"10,7,13,8,11,11,11|12,11,11,11,3,6,8",SF,OTHER,WS,2576,Main Draw,ALHODABY Mariam (EGY),BELLO Fatimo (NGR),,,3 - 4,12:10 11:7 11:13 11:8 3:11 6:11 8:11,BELLO Fatimo,2022
ITTF-Africa Cup 2022,2022-05-26,ARUNA Quadri,SALEH Ahmed,NGR,EGY,4,1,"5,15,11,12,11|11,13,6,10,3",SF,OTHER,MS,2576,Main Draw,ARUNA Quadri (NGR),SALEH Ahmed (EGY),,,4 - 1,5:11 15:13 11:6 12:10 11:3,ARUNA Quadri,2022
ITTF-Africa Cup 2022,2022-05-26,MESHREF Dina,GODA Hana,EGY,EGY,4,3,"7,11,14,5,15,14,11|11,2,12,11,13,16,9",SF,OTHER,WS,2576,Main Draw,MESHREF Dina (EGY),GODA Hana (EGY),,,3 - 4,11:7 2:11 12:14 11:5 13:15 16:14 9:11,GODA Hana,2022
ITTF-Africa Cup 2022,2022-05-26,ELBEIALI Mohamed,ASSAR Omar,EGY,EGY,4,0,"11,11,11,11|4,5,5,8",SF,OTHER,MS,2576,Main Draw,ELBEIALI Mohamed (EGY),ASSAR Omar (EGY),,,0 - 4,4:11 5:11 5:11 8:11,ASSAR Omar,2022
ITTF-Africa Cup 2022,2022-05-26,OJOMU Ajoke,KESSACI Katia,NGR,ALG,3,1,"11,11,4,11|9,9,11,6",2,OTHER,WS,2576,Position Draw,OJOMU Ajoke (NGR),KESSACI Katia (ALG),,,3 - 1,11:9 11:9 4:11 11:6,OJOMU Ajoke,2022
ITTF-Africa Cup 2022,2022-05-26,AKANBI Rilwan,IDOWU Saheed,NGR,CGO,3,0,"11,12,11|9,10,8",2,OTHER,MS,2576,Position Draw,AKANBI Rilwan (NGR),IDOWU Saheed (CGO),,,3 - 0,11:9 12:10 11:8,AKANBI Rilwan,2022
ITTF-Africa Cup 2022,2022-05-26,EDEM Offiong,OSHONAIKE Olufunke,NGR,NGR,3,2,"11,12,5,7,11|8,10,11,11,9",2,OTHER,WS,2576,Position Draw,EDEM Offiong (NGR),OSHONAIKE Olufunke (NGR),,,2 - 3,8:11 10:12 11:5 11:7 9:11,OSHONAIKE Olufunke,2022
ITTF-Africa Cup 2022,2022-05-26,ALHODABY Mariam,MESHREF Dina,EGY,EGY,3,1,"11,5,11,11|6,11,8,5",2,OTHER,WS,2576,Position Draw,ALHODABY Mariam (EGY),MESHREF Dina (EGY),,,1 - 3,6:11 11:5 8:11 5:11,MESHREF Dina,2022
ITTF-Africa Cup 2022,2022-05-26,SALEH Ahmed,ELBEIALI Mohamed,EGY,EGY,3,1,"11,11,9,11|5,4,11,7",2,OTHER,MS,2576,Position Draw,SALEH Ahmed (EGY),ELBEIALI Mohamed (EGY),,,1 - 3,5:11 4:11 11:9 7:11,ELBEIALI Mohamed,2022
ITTF-Africa Cup 2022,2022-05-26,BELLO Fatimo,GODA Hana,EGY,NGR,4,0,"11,11,11,11|7,5,4,6",F,OTHER,WS,2576,Main Draw,BELLO Fatimo (NGR),GODA Hana (EGY),,,0 - 4,7:11 5:11 4:11 6:11,GODA Hana,2022
ITTF-Africa Cup 2022,2022-05-26,ARUNA Quadri,ASSAR Omar,EGY,NGR,4,3,"14,8,4,13,11,5,11|12,11,11,11,6,11,7",F,OTHER,MS,2576,Main Draw,ARUNA Quadri (NGR),ASSAR Omar (EGY),,,3 - 4,12:14 11:8 11:4 11:13 6:11 11:5 7:11,ASSAR Omar,2022
Western Africa WTTC Finals Qualification,2022-05-19,FANNY Kokou,SOUMANA Hadi,TOG,NIG,3,0,"11,11,11|4,3,5",QF,OTHER,MT,2579,Main Draw,FANNY Kokou (TOG),SOUMANA Hadi (NIG),,,3 - 0,11:4 11:3 11:5,FANNY Kokou,2022
Western Africa WTTC Finals Qualification,2022-05-19,AKAKPO Kossi,SOUMAILA Adbouahamane,TOG,NIG,3,0,"11,11,11|1,1,5",QF,OTHER,MT,2579,Main Draw,AKAKPO Kossi (TOG),SOUMAILA Adbouahamane (NIG),,,3 - 0,11:1 11:1 11:5,AKAKPO Kossi,2022
Western Africa WTTC Finals Qualification,2022-05-19,ASSOU Atarou,MOUSSA Bachir,TOG,NIG,3,0,"11,11,11|7,2,2",QF,OTHER,MT,2579,Main Draw,ASSOU Atarou (TOG),MOUSSA Bachir (NIG),,,3 - 0,11:7 11:2 11:2,ASSOU Atarou,2022
Western Africa WTTC Finals Qualification,2022-05-19,OBA Oba Kizito,NDIAYE Dame,CIV,SEN,3,0,"11,11,11|4,3,2",QF,OTHER,MT,2579,Main Draw,OBA Oba Kizito (CIV),NDIAYE Dame (SEN),,,3 - 0,11:4 11:3 11:2,OBA Oba Kizito,2022
Western Africa WTTC Finals Qualification,2022-05-19,ALI Kanate,GUEYE Mamadou,CIV,SEN,3,0,"11,11,11|4,2,3",QF,OTHER,MT,2579,Main Draw,ALI Kanate (CIV),GUEYE Mamadou (SEN),,,3 - 0,11:4 11:2 11:3,ALI Kanate,2022
Western Africa WTTC Finals Qualification,2022-05-19,OBA Don Ange Cedric,TRAORE Sekou,CIV,SEN,3,0,"11,11,11|6,5,8",QF,OTHER,MT,2579,Main Draw,OBA Don Ange Cedric (CIV),TRAORE Sekou (SEN),,,3 - 0,11:6 11:5 11:8,OBA Don Ange Cedric,2022
Western Africa WTTC Finals Qualification,2022-05-19,ABREFA Derek,ALAO Nawal,GHA,BEN,3,1,"11,11,8,11|4,5,11,8",QF,OTHER,MT,2579,Main Draw,ABREFA Derek (GHA),ALAO Nawal (BEN),,,3 - 1,11:4 11:5 8:11 11:8,ABREFA Derek,2022
Western Africa WTTC Finals Qualification,2022-05-19,COMMEY Emmanuel,OLABIYI Monday,BEN,GHA,3,0,"11,11,11|9,6,4",QF,OTHER,MT,2579,Main Draw,COMMEY Emmanuel (GHA),OLABIYI Monday (BEN),,,0 - 3,9:11 6:11 4:11,OLABIYI Monday,2022
Western Africa WTTC Finals Qualification,2022-05-19,SAM Bernard,ADOU Amir Atanda,GHA,BEN,3,0,"11,11,11|8,9,9",QF,OTHER,MT,2579,Main Draw,SAM Bernard (GHA),ADOU Amir Atanda (BEN),,,3 - 0,11:8 11:9 11:9,SAM Bernard,2022
Western Africa WTTC Finals Qualification,2022-05-19,ABREFA Derek,OLABIYI Monday,BEN,GHA,3,2,"6,11,9,11,11|11,7,11,5,9",QF,OTHER,MT,2579,Main Draw,ABREFA Derek (GHA),OLABIYI Monday (BEN),,,2 - 3,11:6 7:11 11:9 5:11 9:11,OLABIYI Monday,2022
Western Africa WTTC Finals Qualification,2022-05-19,COMMEY Emmanuel,ALAO Nawal,GHA,BEN,3,0,"11,11,11|7,3,3",QF,OTHER,MT,2579,Main Draw,COMMEY Emmanuel (GHA),ALAO Nawal (BEN),,,3 - 0,11:7 11:3 11:3,COMMEY Emmanuel,2022
Western Africa WTTC Finals Qualification,2022-05-19,OMEH Amadi,BANGOURA Abdoulaye,NGR,GUI,3,0,"11,11,11|3,3,3",QF,OTHER,MT,2579,Main Draw,OMEH Amadi (NGR),BANGOURA Abdoulaye (GUI),,,3 - 0,11:3 11:3 11:3,OMEH Amadi,2022
Western Africa WTTC Finals Qualification,2022-05-19,AKANBI Rilwan,CAMARA Maret,NGR,GUI,3,0,"11,11,11|1,8,6",QF,OTHER,MT,2579,Main Draw,AKANBI Rilwan (NGR),CAMARA Maret (GUI),,,3 - 0,11:1 11:8 11:6,AKANBI Rilwan,2022
Western Africa WTTC Finals Qualification,2022-05-19,MATI Taiwo,KANTARA Mory,NGR,GUI,3,0,"11,11,11|2,2,2",QF,OTHER,MT,2579,Main Draw,MATI Taiwo (NGR),KANTARA Mory (GUI),,,3 - 0,11:2 11:2 11:2,MATI Taiwo,2022
Western Africa WTTC Finals Qualification,2022-05-19,AMAH Ayoko Fanida,AGUEH Lyntia,TOG,BEN,3,0,"11,11,11|4,7,8",QF,OTHER,WT,2579,Main Draw,AMAH Ayoko Fanida (TOG),AGUEH Lyntia (BEN),,,3 - 0,11:4 11:7 11:8,AMAH Ayoko Fanida,2022
Western Africa WTTC Finals Qualification,2022-05-19,AVODAGBE Light Senami,AKADIRI Ziadath,BEN,TOG,3,0,"11,11,11|3,2,2",QF,OTHER,WT,2579,Main Draw,AVODAGBE Light Senami (TOG),AKADIRI Ziadath (BEN),,,0 - 3,3:11 2:11 2:11,AKADIRI Ziadath,2022
Western Africa WTTC Finals Qualification,2022-05-19,LODINA Reine,LIMA Chancia Cynthia,BEN,TOG,3,0,"11,11,11|5,3,7",QF,OTHER,WT,2579,Main Draw,LODINA Reine (TOG),LIMA Chancia Cynthia (BEN),,,0 - 3,5:11 3:11 7:11,LIMA Chancia Cynthia,2022
Western Africa WTTC Finals Qualification,2022-05-19,AMAH Ayoko Fanida,AKADIRI Ziadath,BEN,TOG,3,1,"11,11,7,11|8,8,11,9",QF,OTHER,WT,2579,Main Draw,AMAH Ayoko Fanida (TOG),AKADIRI Ziadath (BEN),,,1 - 3,8:11 8:11 11:7 9:11,AKADIRI Ziadath,2022
Western Africa WTTC Finals Qualification,2022-05-19,BELLO Fatimo,LEBA Essevoh Mireille,NGR,CIV,3,0,"11,11,11|8,7,6",SF,OTHER,WT,2579,Main Draw,BELLO Fatimo (NGR),LEBA Essevoh Mireille (CIV),,,3 - 0,11:8 11:7 11:6,BELLO Fatimo,2022
Western Africa WTTC Finals Qualification,2022-05-19,ORIBAMISE Esther,AKA Salie Ange,NGR,CIV,3,1,"11,11,8,11|6,7,11,6",SF,OTHER,WT,2579,Main Draw,ORIBAMISE Esther (NGR),AKA Salie Ange (CIV),,,3 - 1,11:6 11:7 8:11 11:6,ORIBAMISE Esther,2022
Western Africa WTTC Finals Qualification,2022-05-19,OJOMU Ajoke,HOUNGUE Rebecca,NGR,CIV,3,0,"11,11,11|7,8,6",SF,OTHER,WT,2579,Main Draw,OJOMU Ajoke (NGR),HOUNGUE Rebecca (CIV),,,3 - 0,11:7 11:8 11:6,OJOMU Ajoke,2022
Western Africa WTTC Finals Qualification,2022-05-19,KWABI Cynthia,LIMA Chancia Cynthia,GHA,BEN,3,1,"11,9,11,11|6,11,5,6",SF,OTHER,WT,2579,Main Draw,KWABI Cynthia (GHA),LIMA Chancia Cynthia (BEN),,,3 - 1,11:6 9:11 11:5 11:6,KWABI Cynthia,2022
Western Africa WTTC Finals Qualification,2022-05-19,ADOM-AMANKWAA Eva,AKADIRI Ziadath,GHA,BEN,3,0,"11,11,11|9,4,8",SF,OTHER,WT,2579,Main Draw,ADOM-AMANKWAA Eva (GHA),AKADIRI Ziadath (BEN),,,3 - 0,11:9 11:4 11:8,ADOM-AMANKWAA Eva,2022
Western Africa WTTC Finals Qualification,2022-05-19,BAAH-DANSO Celia,AGUEH Lyntia,GHA,BEN,3,2,"12,11,9,8,11|10,4,11,11,6",SF,OTHER,WT,2579,Main Draw,BAAH-DANSO Celia (GHA),AGUEH Lyntia (BEN),,,3 - 2,12:10 11:4 9:11 8:11 11:6,BAAH-DANSO Celia,2022
Western Africa WTTC Finals Qualification,2022-05-19,MOUSSA Bachir,TRAORE Sekou,SEN,NIG,3,0,"11,11,11|3,5,4",4,OTHER,MT,2579,Position Draw,MOUSSA Bachir (NIG),TRAORE Sekou (SEN),,,0 - 3,3:11 5:11 4:11,TRAORE Sekou,2022
Western Africa WTTC Finals Qualification,2022-05-19,SOUMANA Hadi,NDIAYE Dame,SEN,NIG,3,0,"11,11,11|2,3,8",4,OTHER,MT,2579,Position Draw,SOUMANA Hadi (NIG),NDIAYE Dame (SEN),,,0 - 3,2:11 3:11 8:11,NDIAYE Dame,2022
Western Africa WTTC Finals Qualification,2022-05-19,SOUMAILA Adbouahamane,GUEYE Mamadou,NIG,SEN,3,2,"9,11,17,11,11|11,7,19,7,3",4,OTHER,MT,2579,Position Draw,SOUMAILA Adbouahamane (NIG),GUEYE Mamadou (SEN),,,3 - 2,9:11 11:7 17:19 11:7 11:3,SOUMAILA Adbouahamane,2022
Western Africa WTTC Finals Qualification,2022-05-19,MOUSSA Bachir,NDIAYE Dame,SEN,NIG,3,0,"11,11,11|3,2,1",4,OTHER,MT,2579,Position Draw,MOUSSA Bachir (NIG),NDIAYE Dame (SEN),,,0 - 3,3:11 2:11 1:11,NDIAYE Dame,2022
Western Africa WTTC Finals Qualification,2022-05-19,OBA Oba Kizito,ASSOU Atarou,CIV,TOG,3,1,"11,14,7,11|6,12,11,7",SF,OTHER,MT,2579,Main Draw,OBA Oba Kizito (CIV),ASSOU Atarou (TOG),,,3 - 1,11:6 14:12 7:11 11:7,OBA Oba Kizito,2022
Western Africa WTTC Finals Qualification,2022-05-19,OBA Don Ange Cedric,FANNY Kokou,TOG,CIV,3,2,"8,11,12,4,11|11,7,10,11,8",SF,OTHER,MT,2579,Main Draw,OBA Don Ange Cedric (CIV),FANNY Kokou (TOG),,,2 - 3,11:8 7:11 10:12 11:4 8:11,FANNY Kokou,2022
Western Africa WTTC Finals Qualification,2022-05-19,ALI Kanate,AKAKPO Kossi,CIV,TOG,3,1,"11,5,11,11|7,11,4,4",SF,OTHER,MT,2579,Main Draw,ALI Kanate (CIV),AKAKPO Kossi (TOG),,,3 - 1,11:7 5:11 11:4 11:4,ALI Kanate,2022
Western Africa WTTC Finals Qualification,2022-05-19,OBA Oba Kizito,FANNY Kokou,TOG,CIV,3,1,"11,11,9,11|8,6,11,7",SF,OTHER,MT,2579,Main Draw,OBA Oba Kizito (CIV),FANNY Kokou (TOG),,,1 - 3,8:11 6:11 11:9 7:11,FANNY Kokou,2022
Western Africa WTTC Finals Qualification,2022-05-19,OBA Don Ange Cedric,ASSOU Atarou,CIV,TOG,3,0,"11,14,11|3,12,7",SF,OTHER,MT,2579,Main Draw,OBA Don Ange Cedric (CIV),ASSOU Atarou (TOG),,,3 - 0,11:3 14:12 11:7,OBA Don Ange Cedric,2022
Western Africa WTTC Finals Qualification,2022-05-19,ABREFA Derek,AKANBI Rilwan,NGR,GHA,3,0,"13,11,11|11,6,5",SF,OTHER,MT,2579,Main Draw,ABREFA Derek (GHA),AKANBI Rilwan (NGR),,,0 - 3,11:13 6:11 5:11,AKANBI Rilwan,2022
Western Africa WTTC Finals Qualification,2022-05-19,COMMEY Emmanuel,MATI Taiwo,NGR,GHA,3,1,"11,14,15,11|7,12,17,4",SF,OTHER,MT,2579,Main Draw,COMMEY Emmanuel (GHA),MATI Taiwo (NGR),,,1 - 3,7:11 12:14 17:15 4:11,MATI Taiwo,2022
Western Africa WTTC Finals Qualification,2022-05-19,SAM Bernard,SOLANKE Azeez,NGR,GHA,3,0,"11,11,11|7,3,3",SF,OTHER,MT,2579,Main Draw,SAM Bernard (GHA),SOLANKE Azeez (NGR),,,0 - 3,7:11 3:11 3:11,SOLANKE Azeez,2022
Western Africa WTTC Finals Qualification,2022-05-19,OLABIYI Monday,CAMARA Maret,BEN,GUI,3,0,"11,11,11|5,9,6",4,OTHER,MT,2579,Position Draw,OLABIYI Monday (BEN),CAMARA Maret (GUI),,,3 - 0,11:5 11:9 11:6,OLABIYI Monday,2022
Western Africa WTTC Finals Qualification,2022-05-19,AMUSA Jimoh,BANGOURA Abdoulaye,BEN,GUI,3,0,"11,11,11|9,4,9",4,OTHER,MT,2579,Position Draw,AMUSA Jimoh (BEN),BANGOURA Abdoulaye (GUI),,,3 - 0,11:9 11:4 11:9,AMUSA Jimoh,2022
Western Africa WTTC Finals Qualification,2022-05-19,ADOU Amir Atanda,KANTARA Mory,BEN,GUI,3,0,"11,11,11|4,8,6",4,OTHER,MT,2579,Position Draw,ADOU Amir Atanda (BEN),KANTARA Mory (GUI),,,3 - 0,11:4 11:8 11:6,ADOU Amir Atanda,2022
Western Africa WTTC Finals Qualification,2022-05-19,BELLO Fatimo,ADOM-AMANKWAA Eva,NGR,GHA,3,0,"11,11,12|7,7,10",F,OTHER,WT,2579,Main Draw,BELLO Fatimo (NGR),ADOM-AMANKWAA Eva (GHA),,,3 - 0,11:7 11:7 12:10,BELLO Fatimo,2022
Western Africa WTTC Finals Qualification,2022-05-19,FASHOLA Aminat,KWABI Cynthia,NGR,GHA,3,0,"11,11,11|4,7,1",F,OTHER,WT,2579,Main Draw,FASHOLA Aminat (NGR),KWABI Cynthia (GHA),,,3 - 0,11:4 11:7 11:1,FASHOLA Aminat,2022
Western Africa WTTC Finals Qualification,2022-05-19,ODUSANYA Abosede,BAAH-DANSO Celia,NGR,GHA,3,1,"11,11,8,11|6,4,11,4",F,OTHER,WT,2579,Main Draw,ODUSANYA Abosede (NGR),BAAH-DANSO Celia (GHA),,,3 - 1,11:6 11:4 8:11 11:4,ODUSANYA Abosede,2022
Western Africa WTTC Finals Qualification,2022-05-19,AKADIRI Ziadath,LEBA Essevoh Mireille,CIV,BEN,3,0,"11,11,11|8,6,5",2,OTHER,WT,2579,Position Draw,AKADIRI Ziadath (BEN),LEBA Essevoh Mireille (CIV),,,0 - 3,8:11 6:11 5:11,LEBA Essevoh Mireille,2022
Western Africa WTTC Finals Qualification,2022-05-19,AGUEH Lyntia,AKA Salie Ange,CIV,BEN,3,2,"10,11,11,8,11|12,6,8,11,8",2,OTHER,WT,2579,Position Draw,AGUEH Lyntia (BEN),AKA Salie Ange (CIV),,,2 - 3,12:10 6:11 8:11 11:8 8:11,AKA Salie Ange,2022
Western Africa WTTC Finals Qualification,2022-05-19,LIMA Chancia Cynthia,HOUNGUE Rebecca,CIV,BEN,3,0,"11,11,11|8,3,9",2,OTHER,WT,2579,Position Draw,LIMA Chancia Cynthia (BEN),HOUNGUE Rebecca (CIV),,,0 - 3,8:11 3:11 9:11,HOUNGUE Rebecca,2022
Western Africa WTTC Finals Qualification,2022-05-19,OBA Oba Kizito,OMEH Amadi,CIV,NGR,3,1,"11,11,6,12|8,7,11,10",F,OTHER,MT,2579,Main Draw,OBA Oba Kizito (CIV),OMEH Amadi (NGR),,,3 - 1,11:8 11:7 6:11 12:10,OBA Oba Kizito,2022
Western Africa WTTC Finals Qualification,2022-05-19,ALI Kanate,AKANBI Rilwan,NGR,CIV,3,1,"11,9,11,11|5,11,3,3",F,OTHER,MT,2579,Main Draw,ALI Kanate (CIV),AKANBI Rilwan (NGR),,,1 - 3,5:11 11:9 3:11 3:11,AKANBI Rilwan,2022
Western Africa WTTC Finals Qualification,2022-05-19,OBA Don Ange Cedric,SOLANKE Azeez,NGR,CIV,3,0,"11,11,11|7,8,3",F,OTHER,MT,2579,Main Draw,OBA Don Ange Cedric (CIV),SOLANKE Azeez (NGR),,,0 - 3,7:11 8:11 3:11,SOLANKE Azeez,2022
Western Africa WTTC Finals Qualification,2022-05-19,OBA Oba Kizito,AKANBI Rilwan,CIV,NGR,3,0,"11,11,12|9,7,10",F,OTHER,MT,2579,Main Draw,OBA Oba Kizito (CIV),AKANBI Rilwan (NGR),,,3 - 0,11:9 11:7 12:10,OBA Oba Kizito,2022
Western Africa WTTC Finals Qualification,2022-05-19,ALI Kanate,OMEH Amadi,NGR,CIV,3,0,"11,11,11|3,7,9",F,OTHER,MT,2579,Main Draw,ALI Kanate (CIV),OMEH Amadi (NGR),,,0 - 3,3:11 7:11 9:11,OMEH Amadi,2022
Western Africa WTTC Finals Qualification,2022-05-19,FANNY Kokou,COMMEY Emmanuel,TOG,GHA,3,2,"4,11,11,11,11|11,7,13,9,7",2,OTHER,MT,2579,Position Draw,FANNY Kokou (TOG),COMMEY Emmanuel (GHA),,,3 - 2,4:11 11:7 11:13 11:9 11:7,FANNY Kokou,2022
Western Africa WTTC Finals Qualification,2022-05-19,AKAKPO Kossi,ABREFA Derek,GHA,TOG,3,0,"11,11,11|3,6,4",2,OTHER,MT,2579,Position Draw,AKAKPO Kossi (TOG),ABREFA Derek (GHA),,,0 - 3,3:11 6:11 4:11,ABREFA Derek,2022
Western Africa WTTC Finals Qualification,2022-05-19,ASSOU Atarou,SAM Bernard,GHA,TOG,3,0,"11,11,12|9,8,10",2,OTHER,MT,2579,Position Draw,ASSOU Atarou (TOG),SAM Bernard (GHA),,,0 - 3,9:11 8:11 10:12,SAM Bernard,2022
Western Africa WTTC Finals Qualification,2022-05-19,FANNY Kokou,ABREFA Derek,TOG,GHA,3,1,"11,5,11,11|4,11,8,3",2,OTHER,MT,2579,Position Draw,FANNY Kokou (TOG),ABREFA Derek (GHA),,,3 - 1,11:4 5:11 11:8 11:3,FANNY Kokou,2022
Western Africa WTTC Finals Qualification,2022-05-19,AKAKPO Kossi,COMMEY Emmanuel,GHA,TOG,3,2,"4,11,9,11,11|11,5,11,4,8",2,OTHER,MT,2579,Position Draw,AKAKPO Kossi (TOG),COMMEY Emmanuel (GHA),,,2 - 3,11:4 5:11 11:9 4:11 8:11,COMMEY Emmanuel,2022
Western Africa WTTC Finals Qualification,2022-05-19,OLABIYI Monday,NDIAYE Dame,BEN,SEN,3,0,"11,11,11|7,4,2",2,OTHER,MT,2579,Position Draw,OLABIYI Monday (BEN),NDIAYE Dame (SEN),,,3 - 0,11:7 11:4 11:2,OLABIYI Monday,2022
Western Africa WTTC Finals Qualification,2022-05-19,ALAO Nawal,GUEYE Mamadou,BEN,SEN,3,0,"11,11,11|4,7,8",2,OTHER,MT,2579,Position Draw,ALAO Nawal (BEN),GUEYE Mamadou (SEN),,,3 - 0,11:4 11:7 11:8,ALAO Nawal,2022
Western Africa WTTC Finals Qualification,2022-05-19,AMUSA Jimoh,TRAORE Sekou,BEN,SEN,3,0,"11,11,11|9,9,7",2,OTHER,MT,2579,Position Draw,AMUSA Jimoh (BEN),TRAORE Sekou (SEN),,,3 - 0,11:9 11:9 11:7,AMUSA Jimoh,2022
Western Africa WTTC Finals Qualification,2022-05-19,CAMARA Maret,MOUSSA Bachir,GUI,NIG,3,0,"11,11,11|6,8,3",2,OTHER,MT,2579,Position Draw,CAMARA Maret (GUI),MOUSSA Bachir (NIG),,,3 - 0,11:6 11:8 11:3,CAMARA Maret,2022
Western Africa WTTC Finals Qualification,2022-05-19,BANGOURA Abdoulaye,SOUMANA Hadi,GUI,NIG,3,0,"11,11,11|4,8,3",2,OTHER,MT,2579,Position Draw,BANGOURA Abdoulaye (GUI),SOUMANA Hadi (NIG),,,3 - 0,11:4 11:8 11:3,BANGOURA Abdoulaye,2022
Western Africa WTTC Finals Qualification,2022-05-19,KANTARA Mory,SOUMAILA Adbouahamane,NIG,GUI,3,1,"11,8,11,11|2,11,4,5",2,OTHER,MT,2579,Position Draw,KANTARA Mory (GUI),SOUMAILA Adbouahamane (NIG),,,1 - 3,2:11 11:8 4:11 5:11,SOUMAILA Adbouahamane,2022
Western Africa WTTC Finals Qualification,2022-05-19,CAMARA Maret,SOUMANA Hadi,GUI,NIG,3,0,"11,11,11|3,1,3",2,OTHER,MT,2579,Position Draw,CAMARA Maret (GUI),SOUMANA Hadi (NIG),,,3 - 0,11:3 11:1 11:3,CAMARA Maret,2022
Western Africa WTTC Finals Qualification,2022-05-19,OBA Oba Kizito,OFORI Emmanuel,CIV,GHA,3,0,"12,11,13|10,4,11",QUAL,OTHER,MS,2579,Qualification,OBA Oba Kizito (CIV),OFORI Emmanuel (GHA),,,3 - 0,12:10 11:4 13:11,OBA Oba Kizito,2022
Western Africa WTTC Finals Qualification,2022-05-19,OLABIYI Monday,SAM Bernard,BEN,GHA,3,1,"8,11,11,11|11,9,7,8",QUAL,OTHER,MS,2579,Qualification,OLABIYI Monday (BEN),SAM Bernard (GHA),,,3 - 1,8:11 11:9 11:7 11:8,OLABIYI Monday,2022
Western Africa WTTC Finals Qualification,2022-05-19,ABREFA Derek,BANGOURA Abdoulaye,GHA,GUI,3,0,"11,11,11|4,8,4",QUAL,OTHER,MS,2579,Qualification,ABREFA Derek (GHA),BANGOURA Abdoulaye (GUI),,,3 - 0,11:4 11:8 11:4,ABREFA Derek,2022
Western Africa WTTC Finals Qualification,2022-05-19,ALI Kanate,SOUMAILA Adbouahamane,CIV,NIG,3,0,"11,11,11|1,5,3",QUAL,OTHER,MS,2579,Qualification,ALI Kanate (CIV),SOUMAILA Adbouahamane (NIG),,,3 - 0,11:1 11:5 11:3,ALI Kanate,2022
Western Africa WTTC Finals Qualification,2022-05-19,MATI Taiwo,MOUSSA Bachir,NGR,NIG,3,0,"11,11,11|3,4,3",QUAL,OTHER,MS,2579,Qualification,MATI Taiwo (NGR),MOUSSA Bachir (NIG),,,3 - 0,11:3 11:4 11:3,MATI Taiwo,2022
Western Africa WTTC Finals Qualification,2022-05-19,ASSOU Atarou,SOUMANA Hadi,TOG,NIG,3,0,"11,11,11|1,5,5",QUAL,OTHER,MS,2579,Qualification,ASSOU Atarou (TOG),SOUMANA Hadi (NIG),,,3 - 0,11:1 11:5 11:5,ASSOU Atarou,2022
Western Africa WTTC Finals Qualification,2022-05-19,SOLANKE Azeez,NDIAYE Dame,NGR,SEN,3,0,"11,11,11|3,6,4",QUAL,OTHER,MS,2579,Qualification,SOLANKE Azeez (NGR),NDIAYE Dame (SEN),,,3 - 0,11:3 11:6 11:4,SOLANKE Azeez,2022
Western Africa WTTC Finals Qualification,2022-05-19,CAMARA Maret,AMEDEE Amah,TOG,GUI,3,1,"11,11,9,11|8,7,11,6",QUAL,OTHER,MS,2579,Qualification,CAMARA Maret (GUI),AMEDEE Amah (TOG),,,1 - 3,8:11 7:11 11:9 6:11,AMEDEE Amah,2022
Western Africa WTTC Finals Qualification,2022-05-19,OJOMU Ajoke,SIDIBE Malado,NGR,MLI,3,0,"11,11,11|2,7,3",QUAL,OTHER,WS,2579,Qualification,OJOMU Ajoke (NGR),SIDIBE Malado (MLI),,,3 - 0,11:2 11:7 11:3,OJOMU Ajoke,2022
Western Africa WTTC Finals Qualification,2022-05-19,ORIBAMISE Esther,MAMANE Saadatou,NGR,NIG,3,0,"11,11,11|1,1,1",QUAL,OTHER,WS,2579,Qualification,ORIBAMISE Esther (NGR),MAMANE Saadatou (NIG),,,3 - 0,11:1 11:1 11:1,ORIBAMISE Esther,2022
Western Africa WTTC Finals Qualification,2022-05-19,BELLO Fatimo,CAMARA Sia,NGR,GUI,3,0,"11,11,11|1,4,8",QUAL,OTHER,WS,2579,Qualification,BELLO Fatimo (NGR),CAMARA Sia (GUI),,,3 - 0,11:1 11:4 11:8,BELLO Fatimo,2022
Western Africa WTTC Finals Qualification,2022-05-19,ODUSANYA Abosede,SACKO Karttoumou,NGR,MLI,3,0,"11,11,11|3,3,6",QUAL,OTHER,WS,2579,Qualification,ODUSANYA Abosede (NGR),SACKO Karttoumou (MLI),,,3 - 0,11:3 11:3 11:6,ODUSANYA Abosede,2022
Western Africa WTTC Finals Qualification,2022-05-19,FASHOLA Aminat,LABANTI Blessing,NGR,GHA,3,1,"12,11,6,11|10,3,11,3",QUAL,OTHER,WS,2579,Qualification,FASHOLA Aminat (NGR),LABANTI Blessing (GHA),,,3 - 1,12:10 11:3 6:11 11:3,FASHOLA Aminat,2022
Western Africa WTTC Finals Qualification,2022-05-19,KWABI Cynthia,AMAH Ayoko Fanida,GHA,TOG,3,2,"4,9,11,11,11|11,11,9,6,7",QUAL,OTHER,WS,2579,Qualification,KWABI Cynthia (GHA),AMAH Ayoko Fanida (TOG),,,3 - 2,4:11 9:11 11:9 11:6 11:7,KWABI Cynthia,2022
Western Africa WTTC Finals Qualification,2022-05-19,BAAH-DANSO Celia,KOIDJOVI Agnes Ayawa,GHA,GUI,3,0,"11,11,11|7,7,9",QUAL,OTHER,WS,2579,Qualification,BAAH-DANSO Celia (GHA),KOIDJOVI Agnes Ayawa (GUI),,,3 - 0,11:7 11:7 11:9,BAAH-DANSO Celia,2022
Western Africa WTTC Finals Qualification,2022-05-19,DERRA Mamounata,LODINA Reine,TOG,BUR,3,1,"11,6,11,11|5,11,3,6",QUAL,OTHER,WS,2579,Qualification,DERRA Mamounata (BUR),LODINA Reine (TOG),,,1 - 3,5:11 11:6 3:11 6:11,LODINA Reine,2022
Western Africa WTTC Finals Qualification,2022-05-19,ANKUDE Millicent,BOUKAR Toukoudjou,GHA,NIG,3,0,"11,11,11|2,7,3",QUAL,OTHER,WS,2579,Qualification,ANKUDE Millicent (GHA),BOUKAR Toukoudjou (NIG),,,3 - 0,11:2 11:7 11:3,ANKUDE Millicent,2022
Western Africa WTTC Finals Qualification,2022-05-19,AGUEH Lyntia,AVODAGBE Light Senami,BEN,TOG,3,0,"11,11,11|6,5,3",QUAL,OTHER,WS,2579,Qualification,AGUEH Lyntia (BEN),AVODAGBE Light Senami (TOG),,,3 - 0,11:6 11:5 11:3,AGUEH Lyntia,2022
Western Africa WTTC Finals Qualification,2022-05-19,FANNY Kokou,DERRA Adour Razak,TOG,BUR,3,0,"11,11,11|3,3,1",QUAL,OTHER,MS,2579,Qualification,FANNY Kokou (TOG),DERRA Adour Razak (BUR),,,3 - 0,11:3 11:3 11:1,FANNY Kokou,2022
Western Africa WTTC Finals Qualification,2022-05-19,OBA Oba Kizito,ALAO Nawal,CIV,BEN,3,2,"6,11,5,11,11|11,2,11,2,1",QUAL,OTHER,MS,2579,Qualification,OBA Oba Kizito (CIV),ALAO Nawal (BEN),,,3 - 2,6:11 11:2 5:11 11:2 11:1,OBA Oba Kizito,2022
Western Africa WTTC Finals Qualification,2022-05-19,OLABIYI Monday,OMEH Amadi,NGR,BEN,3,0,"11,11,11|6,6,7",QUAL,OTHER,MS,2579,Qualification,OLABIYI Monday (BEN),OMEH Amadi (NGR),,,0 - 3,6:11 6:11 7:11,OMEH Amadi,2022
Western Africa WTTC Finals Qualification,2022-05-19,ABREFA Derek,AMUSA Jimoh,GHA,BEN,3,0,"11,11,11|9,4,8",QUAL,OTHER,MS,2579,Qualification,ABREFA Derek (GHA),AMUSA Jimoh (BEN),,,3 - 0,11:9 11:4 11:8,ABREFA Derek,2022
Western Africa WTTC Finals Qualification,2022-05-19,ALI Kanate,ASANTE Emmanuel,CIV,GHA,3,0,"12,11,11|10,8,1",QUAL,OTHER,MS,2579,Qualification,ALI Kanate (CIV),ASANTE Emmanuel (GHA),,,3 - 0,12:10 11:8 11:1,ALI Kanate,2022
Western Africa WTTC Finals Qualification,2022-05-19,MATI Taiwo,ADOU Amir Atanda,NGR,BEN,3,0,"11,11,11|8,7,2",QUAL,OTHER,MS,2579,Qualification,MATI Taiwo (NGR),ADOU Amir Atanda (BEN),,,3 - 0,11:8 11:7 11:2,MATI Taiwo,2022
Western Africa WTTC Finals Qualification,2022-05-19,ASSOU Atarou,AKANBI Rilwan,NGR,TOG,3,1,"11,11,9,11|1,5,11,3",QUAL,OTHER,MS,2579,Qualification,ASSOU Atarou (TOG),AKANBI Rilwan (NGR),,,1 - 3,1:11 5:11 11:9 3:11,AKANBI Rilwan,2022
Western Africa WTTC Finals Qualification,2022-05-19,COMMEY Emmanuel,ETIM Orok,NGR,GHA,3,0,"11,11,11|6,7,4",QUAL,OTHER,MS,2579,Qualification,COMMEY Emmanuel (GHA),ETIM Orok (NGR),,,0 - 3,6:11 7:11 4:11,ETIM Orok,2022
Western Africa WTTC Finals Qualification,2022-05-19,SOLANKE Azeez,CAMARA Maret,NGR,GUI,3,0,"11,11,11|7,2,5",QUAL,OTHER,MS,2579,Qualification,SOLANKE Azeez (NGR),CAMARA Maret (GUI),,,3 - 0,11:7 11:2 11:5,SOLANKE Azeez,2022
Western Africa WTTC Finals Qualification,2022-05-19,NDIAYE Dame,AMEDEE Amah,TOG,SEN,3,0,"11,14,11|7,12,7",QUAL,OTHER,MS,2579,Qualification,NDIAYE Dame (SEN),AMEDEE Amah (TOG),,,0 - 3,7:11 12:14 7:11,AMEDEE Amah,2022
Western Africa WTTC Finals Qualification,2022-05-19,OJOMU Ajoke,ADOM-AMANKWAA Eva,NGR,GHA,3,0,"11,11,11|4,6,7",QUAL,OTHER,WS,2579,Qualification,OJOMU Ajoke (NGR),ADOM-AMANKWAA Eva (GHA),,,3 - 0,11:4 11:6 11:7,OJOMU Ajoke,2022
Western Africa WTTC Finals Qualification,2022-05-19,ORIBAMISE Esther,LEBA Essevoh Mireille,NGR,CIV,3,0,"11,11,11|6,4,7",QUAL,OTHER,WS,2579,Qualification,ORIBAMISE Esther (NGR),LEBA Essevoh Mireille (CIV),,,3 - 0,11:6 11:4 11:7,ORIBAMISE Esther,2022
Western Africa WTTC Finals Qualification,2022-05-19,BELLO Fatimo,HOUNGUE Rebecca,NGR,CIV,3,0,"11,11,11|6,5,7",QUAL,OTHER,WS,2579,Qualification,BELLO Fatimo (NGR),HOUNGUE Rebecca (CIV),,,3 - 0,11:6 11:5 11:7,BELLO Fatimo,2022
Western Africa WTTC Finals Qualification,2022-05-19,ODUSANYA Abosede,AKA Salie Ange,NGR,CIV,3,0,"11,11,11|6,6,9",QUAL,OTHER,WS,2579,Qualification,ODUSANYA Abosede (NGR),AKA Salie Ange (CIV),,,3 - 0,11:6 11:6 11:9,ODUSANYA Abosede,2022
Western Africa WTTC Finals Qualification,2022-05-19,FASHOLA Aminat,AKADIRI Ziadath,NGR,BEN,3,0,"11,11,11|3,7,6",QUAL,OTHER,WS,2579,Qualification,FASHOLA Aminat (NGR),AKADIRI Ziadath (BEN),,,3 - 0,11:3 11:7 11:6,FASHOLA Aminat,2022
Western Africa WTTC Finals Qualification,2022-05-19,KWABI Cynthia,LIMA Chancia Cynthia,BEN,GHA,3,1,"12,5,11,12|10,11,9,10",QUAL,OTHER,WS,2579,Qualification,KWABI Cynthia (GHA),LIMA Chancia Cynthia (BEN),,,1 - 3,10:12 11:5 9:11 10:12,LIMA Chancia Cynthia,2022
Western Africa WTTC Finals Qualification,2022-05-19,BAAH-DANSO Celia,DERRA Mamounata,GHA,BUR,3,0,"11,11,11|2,3,8",QUAL,OTHER,WS,2579,Qualification,BAAH-DANSO Celia (GHA),DERRA Mamounata (BUR),,,3 - 0,11:2 11:3 11:8,BAAH-DANSO Celia,2022
Western Africa WTTC Finals Qualification,2022-05-19,KOIDJOVI Agnes Ayawa,LODINA Reine,TOG,GUI,3,1,"11,8,11,13|3,11,8,11",QUAL,OTHER,WS,2579,Qualification,KOIDJOVI Agnes Ayawa (GUI),LODINA Reine (TOG),,,1 - 3,3:11 11:8 8:11 11:13,LODINA Reine,2022
Western Africa WTTC Finals Qualification,2022-05-19,ANKUDE Millicent,AGUEH Lyntia,BEN,GHA,3,1,"6,11,11,11|11,7,7,5",QUAL,OTHER,WS,2579,Qualification,ANKUDE Millicent (GHA),AGUEH Lyntia (BEN),,,1 - 3,11:6 7:11 7:11 5:11,AGUEH Lyntia,2022
Western Africa WTTC Finals Qualification,2022-05-19,BOUKAR Toukoudjou,AVODAGBE Light Senami,NIG,TOG,3,0,"11,11,11|5,8,9",QUAL,OTHER,WS,2579,Qualification,BOUKAR Toukoudjou (NIG),AVODAGBE Light Senami (TOG),,,3 - 0,11:5 11:8 11:9,BOUKAR Toukoudjou,2022
Western Africa WTTC Finals Qualification,2022-05-19,DERRA Adour Razak,OBA Don Ange Cedric,CIV,BUR,3,0,"11,11,11|8,2,5",QUAL,OTHER,MS,2579,Qualification,DERRA Adour Razak (BUR),OBA Don Ange Cedric (CIV),,,0 - 3,8:11 2:11 5:11,OBA Don Ange Cedric,2022
Western Africa WTTC Finals Qualification,2022-05-19,ALAO Nawal,OFORI Emmanuel,GHA,BEN,3,0,"11,11,11|6,9,6",QUAL,OTHER,MS,2579,Qualification,ALAO Nawal (BEN),OFORI Emmanuel (GHA),,,0 - 3,6:11 9:11 6:11,OFORI Emmanuel,2022
Western Africa WTTC Finals Qualification,2022-05-19,OMEH Amadi,SAM Bernard,NGR,GHA,3,0,"11,11,11|1,8,9",QUAL,OTHER,MS,2579,Qualification,OMEH Amadi (NGR),SAM Bernard (GHA),,,3 - 0,11:1 11:8 11:9,OMEH Amadi,2022
Western Africa WTTC Finals Qualification,2022-05-19,ASANTE Emmanuel,SOUMAILA Adbouahamane,GHA,NIG,3,0,"11,11,11|1,3,4",QUAL,OTHER,MS,2579,Qualification,ASANTE Emmanuel (GHA),SOUMAILA Adbouahamane (NIG),,,3 - 0,11:1 11:3 11:4,ASANTE Emmanuel,2022
Western Africa WTTC Finals Qualification,2022-05-19,ADOU Amir Atanda,MOUSSA Bachir,BEN,NIG,3,0,"11,11,11|7,2,3",QUAL,OTHER,MS,2579,Qualification,ADOU Amir Atanda (BEN),MOUSSA Bachir (NIG),,,3 - 0,11:7 11:2 11:3,ADOU Amir Atanda,2022
Western Africa WTTC Finals Qualification,2022-05-19,AKANBI Rilwan,SOUMANA Hadi,NGR,NIG,3,0,"11,11,11|3,5,1",QUAL,OTHER,MS,2579,Qualification,AKANBI Rilwan (NGR),SOUMANA Hadi (NIG),,,3 - 0,11:3 11:5 11:1,AKANBI Rilwan,2022
Western Africa WTTC Finals Qualification,2022-05-19,ETIM Orok,AKAKPO Kossi,NGR,TOG,3,0,"11,11,11|8,4,7",QUAL,OTHER,MS,2579,Qualification,ETIM Orok (NGR),AKAKPO Kossi (TOG),,,3 - 0,11:8 11:4 11:7,ETIM Orok,2022
Western Africa WTTC Finals Qualification,2022-05-19,SOLANKE Azeez,AMEDEE Amah,NGR,TOG,3,0,"11,11,11|4,5,6",QUAL,OTHER,MS,2579,Qualification,SOLANKE Azeez (NGR),AMEDEE Amah (TOG),,,3 - 0,11:4 11:5 11:6,SOLANKE Azeez,2022
Western Africa WTTC Finals Qualification,2022-05-19,CAMARA Maret,NDIAYE Dame,GUI,SEN,3,2,"18,7,12,7,11|16,11,10,11,6",QUAL,OTHER,MS,2579,Qualification,CAMARA Maret (GUI),NDIAYE Dame (SEN),,,3 - 2,18:16 7:11 12:10 7:11 11:6,CAMARA Maret,2022
Western Africa WTTC Finals Qualification,2022-05-19,ADOM-AMANKWAA Eva,SIDIBE Malado,GHA,MLI,3,0,"11,11,11|5,7,2",QUAL,OTHER,WS,2579,Qualification,ADOM-AMANKWAA Eva (GHA),SIDIBE Malado (MLI),,,3 - 0,11:5 11:7 11:2,ADOM-AMANKWAA Eva,2022
Western Africa WTTC Finals Qualification,2022-05-19,LEBA Essevoh Mireille,MAMANE Saadatou,CIV,NIG,3,0,"11,11,11|3,3,3",QUAL,OTHER,WS,2579,Qualification,LEBA Essevoh Mireille (CIV),MAMANE Saadatou (NIG),,,3 - 0,11:3 11:3 11:3,LEBA Essevoh Mireille,2022
Western Africa WTTC Finals Qualification,2022-05-19,HOUNGUE Rebecca,CAMARA Sia,CIV,GUI,3,0,"11,11,12|4,3,10",QUAL,OTHER,WS,2579,Qualification,HOUNGUE Rebecca (CIV),CAMARA Sia (GUI),,,3 - 0,11:4 11:3 12:10,HOUNGUE Rebecca,2022
Western Africa WTTC Finals Qualification,2022-05-19,AKA Salie Ange,SACKO Karttoumou,CIV,MLI,3,1,"11,9,11,11|9,11,2,7",QUAL,OTHER,WS,2579,Qualification,AKA Salie Ange (CIV),SACKO Karttoumou (MLI),,,3 - 1,11:9 9:11 11:2 11:7,AKA Salie Ange,2022
Western Africa WTTC Finals Qualification,2022-05-19,AKADIRI Ziadath,LABANTI Blessing,BEN,GHA,4,0,"11,11,11,11|1,8,9,4",QUAL,OTHER,WS,2579,Qualification,AKADIRI Ziadath (BEN),LABANTI Blessing (GHA),,,4 - 0,11:1 11:8 11:9 11:4,AKADIRI Ziadath,2022
Western Africa WTTC Finals Qualification,2022-05-19,LIMA Chancia Cynthia,AMAH Ayoko Fanida,TOG,BEN,3,2,"10,11,8,11,11|12,6,11,7,9",QUAL,OTHER,WS,2579,Qualification,LIMA Chancia Cynthia (BEN),AMAH Ayoko Fanida (TOG),,,2 - 3,12:10 6:11 11:8 7:11 9:11,AMAH Ayoko Fanida,2022
Western Africa WTTC Finals Qualification,2022-05-19,BAAH-DANSO Celia,LODINA Reine,GHA,TOG,3,0,"11,11,11|6,3,5",QUAL,OTHER,WS,2579,Qualification,BAAH-DANSO Celia (GHA),LODINA Reine (TOG),,,3 - 0,11:6 11:3 11:5,BAAH-DANSO Celia,2022
Western Africa WTTC Finals Qualification,2022-05-19,DERRA Mamounata,KOIDJOVI Agnes Ayawa,GUI,BUR,3,0,"11,11,13|8,1,11",QUAL,OTHER,WS,2579,Qualification,DERRA Mamounata (BUR),KOIDJOVI Agnes Ayawa (GUI),,,0 - 3,8:11 1:11 11:13,KOIDJOVI Agnes Ayawa,2022
Western Africa WTTC Finals Qualification,2022-05-19,ANKUDE Millicent,AVODAGBE Light Senami,GHA,TOG,3,0,"11,11,11|3,9,9",QUAL,OTHER,WS,2579,Qualification,ANKUDE Millicent (GHA),AVODAGBE Light Senami (TOG),,,3 - 0,11:3 11:9 11:9,ANKUDE Millicent,2022
Western Africa WTTC Finals Qualification,2022-05-19,AGUEH Lyntia,BOUKAR Toukoudjou,BEN,NIG,3,0,"11,11,11|5,7,8",QUAL,OTHER,WS,2579,Qualification,AGUEH Lyntia (BEN),BOUKAR Toukoudjou (NIG),,,3 - 0,11:5 11:7 11:8,AGUEH Lyntia,2022
Western Africa WTTC Finals Qualification,2022-05-19,ASSOU Atarou,SOLANKE Azeez,NGR,TOG,3,1,"9,11,11,11|11,9,5,4",R32,OTHER,MS,2579,Main Draw,ASSOU Atarou (TOG),SOLANKE Azeez (NGR),,,1 - 3,11:9 9:11 5:11 4:11,SOLANKE Azeez,2022
Western Africa WTTC Finals Qualification,2022-05-19,COMMEY Emmanuel,AMEDEE Amah,GHA,TOG,3,0,"11,11,11|5,4,6",R32,OTHER,MS,2579,Main Draw,COMMEY Emmanuel (GHA),AMEDEE Amah (TOG),,,3 - 0,11:5 11:4 11:6,COMMEY Emmanuel,2022
Western Africa WTTC Finals Qualification,2022-05-19,OJOMU Ajoke,AKA Salie Ange,NGR,CIV,3,1,"8,11,11,11|11,7,5,9",R16,OTHER,WS,2579,Main Draw,OJOMU Ajoke (NGR),AKA Salie Ange (CIV),,,3 - 1,8:11 11:7 11:5 11:9,OJOMU Ajoke,2022
Western Africa WTTC Finals Qualification,2022-05-19,ANKUDE Millicent,FASHOLA Aminat,NGR,GHA,3,0,"11,11,11|5,4,5",R16,OTHER,WS,2579,Main Draw,ANKUDE Millicent (GHA),FASHOLA Aminat (NGR),,,0 - 3,5:11 4:11 5:11,FASHOLA Aminat,2022
Western Africa WTTC Finals Qualification,2022-05-19,ODUSANYA Abosede,HOUNGUE Rebecca,NGR,CIV,3,0,"11,11,11|5,3,4",R16,OTHER,WS,2579,Main Draw,ODUSANYA Abosede (NGR),HOUNGUE Rebecca (CIV),,,3 - 0,11:5 11:3 11:4,ODUSANYA Abosede,2022
Western Africa WTTC Finals Qualification,2022-05-19,AKADIRI Ziadath,BAAH-DANSO Celia,BEN,GHA,3,2,"11,12,9,7,11|6,10,11,11,9",R16,OTHER,WS,2579,Main Draw,AKADIRI Ziadath (BEN),BAAH-DANSO Celia (GHA),,,3 - 2,11:6 12:10 9:11 7:11 11:9,AKADIRI Ziadath,2022
Western Africa WTTC Finals Qualification,2022-05-19,ADOM-AMANKWAA Eva,ORIBAMISE Esther,NGR,GHA,3,0,"11,11,11|2,2,4",R16,OTHER,WS,2579,Main Draw,ADOM-AMANKWAA Eva (GHA),ORIBAMISE Esther (NGR),,,0 - 3,2:11 2:11 4:11,ORIBAMISE Esther,2022
Western Africa WTTC Finals Qualification,2022-05-19,FANNY Kokou,OFORI Emmanuel,TOG,GHA,3,0,"11,11,11|6,5,9",R16,OTHER,MS,2579,Main Draw,FANNY Kokou (TOG),OFORI Emmanuel (GHA),,,3 - 0,11:6 11:5 11:9,FANNY Kokou,2022
Western Africa WTTC Finals Qualification,2022-05-19,ADOU Amir Atanda,ETIM Orok,NGR,BEN,3,1,"7,11,11,11|11,6,4,9",R16,OTHER,MS,2579,Main Draw,ADOU Amir Atanda (BEN),ETIM Orok (NGR),,,1 - 3,11:7 6:11 4:11 9:11,ETIM Orok,2022
Western Africa WTTC Finals Qualification,2022-05-19,ALI Kanate,SOLANKE Azeez,NGR,CIV,3,0,"11,11,11|4,9,4",R16,OTHER,MS,2579,Main Draw,ALI Kanate (CIV),SOLANKE Azeez (NGR),,,0 - 3,4:11 9:11 4:11,SOLANKE Azeez,2022
Western Africa WTTC Finals Qualification,2022-05-19,OLABIYI Monday,ABREFA Derek,GHA,BEN,3,0,"11,13,11|6,11,6",R16,OTHER,MS,2579,Main Draw,OLABIYI Monday (BEN),ABREFA Derek (GHA),,,0 - 3,6:11 11:13 6:11,ABREFA Derek,2022
Western Africa WTTC Finals Qualification,2022-05-19,OMEH Amadi,OBA Don Ange Cedric,NGR,CIV,3,0,"11,11,12|8,5,10",R16,OTHER,MS,2579,Main Draw,OMEH Amadi (NGR),OBA Don Ange Cedric (CIV),,,3 - 0,11:8 11:5 12:10,OMEH Amadi,2022
Western Africa WTTC Finals Qualification,2022-05-19,COMMEY Emmanuel,AKANBI Rilwan,NGR,GHA,3,0,"11,11,11|5,8,9",R16,OTHER,MS,2579,Main Draw,COMMEY Emmanuel (GHA),AKANBI Rilwan (NGR),,,0 - 3,5:11 8:11 9:11,AKANBI Rilwan,2022
Western Africa WTTC Finals Qualification,2022-05-19,MATI Taiwo,AMUSA Jimoh,NGR,BEN,3,0,"11,11,11|7,8,7",R16,OTHER,MS,2579,Main Draw,MATI Taiwo (NGR),AMUSA Jimoh (BEN),,,3 - 0,11:7 11:8 11:7,MATI Taiwo,2022
Western Africa WTTC Finals Qualification,2022-05-19,ASANTE Emmanuel,OBA Oba Kizito,CIV,GHA,3,0,"11,11,11|6,5,8",R16,OTHER,MS,2579,Main Draw,ASANTE Emmanuel (GHA),OBA Oba Kizito (CIV),,,0 - 3,6:11 5:11 8:11,OBA Oba Kizito,2022
Western Africa WTTC Finals Qualification,2022-05-19,OJOMU Ajoke,FASHOLA Aminat,NGR,NGR,4,2,"5,11,6,11,11,11|11,2,11,5,6,6",QF,OTHER,WS,2579,Main Draw,OJOMU Ajoke (NGR),FASHOLA Aminat (NGR),,,4 - 2,5:11 11:2 6:11 11:5 11:6 11:6,OJOMU Ajoke,2022
Western Africa WTTC Finals Qualification,2022-05-19,LIMA Chancia Cynthia,BELLO Fatimo,NGR,BEN,4,0,"11,11,11,11|8,7,3,8",QF,OTHER,WS,2579,Main Draw,LIMA Chancia Cynthia (BEN),BELLO Fatimo (NGR),,,0 - 4,8:11 7:11 3:11 8:11,BELLO Fatimo,2022
Western Africa WTTC Finals Qualification,2022-05-19,ODUSANYA Abosede,AKADIRI Ziadath,NGR,BEN,4,0,"11,11,11,11|5,6,6,9",QF,OTHER,WS,2579,Main Draw,ODUSANYA Abosede (NGR),AKADIRI Ziadath (BEN),,,4 - 0,11:5 11:6 11:6 11:9,ODUSANYA Abosede,2022
Western Africa WTTC Finals Qualification,2022-05-19,AMAH Ayoko Fanida,ORIBAMISE Esther,NGR,TOG,4,0,"11,11,11,11|7,8,6,9",QF,OTHER,WS,2579,Main Draw,AMAH Ayoko Fanida (TOG),ORIBAMISE Esther (NGR),,,0 - 4,7:11 8:11 6:11 9:11,ORIBAMISE Esther,2022
Western Africa WTTC Finals Qualification,2022-05-19,AKA Salie Ange,ANKUDE Millicent,CIV,GHA,3,0,"11,11,11|3,3,5",8,OTHER,WS,2579,Position Draw,AKA Salie Ange (CIV),ANKUDE Millicent (GHA),,,3 - 0,11:3 11:3 11:5,AKA Salie Ange,2022
Western Africa WTTC Finals Qualification,2022-05-19,LODINA Reine,LEBA Essevoh Mireille,CIV,TOG,3,0,"11,11,11|7,6,8",8,OTHER,WS,2579,Position Draw,LODINA Reine (TOG),LEBA Essevoh Mireille (CIV),,,0 - 3,7:11 6:11 8:11,LEBA Essevoh Mireille,2022
Western Africa WTTC Finals Qualification,2022-05-19,HOUNGUE Rebecca,BAAH-DANSO Celia,GHA,CIV,3,0,"11,11,11|9,7,8",8,OTHER,WS,2579,Position Draw,HOUNGUE Rebecca (CIV),BAAH-DANSO Celia (GHA),,,0 - 3,9:11 7:11 8:11,BAAH-DANSO Celia,2022
Western Africa WTTC Finals Qualification,2022-05-19,AGUEH Lyntia,ADOM-AMANKWAA Eva,GHA,BEN,3,0,"11,11,11|8,4,7",8,OTHER,WS,2579,Position Draw,AGUEH Lyntia (BEN),ADOM-AMANKWAA Eva (GHA),,,0 - 3,8:11 4:11 7:11,ADOM-AMANKWAA Eva,2022
Western Africa WTTC Finals Qualification,2022-05-19,FANNY Kokou,ETIM Orok,TOG,NGR,4,1,"12,11,12,4,11|10,6,10,11,8",QF,OTHER,MS,2579,Main Draw,FANNY Kokou (TOG),ETIM Orok (NGR),,,4 - 1,12:10 11:6 12:10 4:11 11:8,FANNY Kokou,2022
Western Africa WTTC Finals Qualification,2022-05-19,SOLANKE Azeez,ABREFA Derek,NGR,GHA,4,0,"11,11,11,11|6,9,6,5",QF,OTHER,MS,2579,Main Draw,SOLANKE Azeez (NGR),ABREFA Derek (GHA),,,4 - 0,11:6 11:9 11:6 11:5,SOLANKE Azeez,2022
Western Africa WTTC Finals Qualification,2022-05-19,OMEH Amadi,AKANBI Rilwan,NGR,NGR,4,0,"11,11,11,11|7,8,6,6",QF,OTHER,MS,2579,Main Draw,OMEH Amadi (NGR),AKANBI Rilwan (NGR),,,0 - 4,7:11 8:11 6:11 6:11,AKANBI Rilwan,2022
Western Africa WTTC Finals Qualification,2022-05-19,MATI Taiwo,OBA Oba Kizito,NGR,CIV,4,1,"11,11,11,9,11|7,8,5,11,5",QF,OTHER,MS,2579,Main Draw,MATI Taiwo (NGR),OBA Oba Kizito (CIV),,,4 - 1,11:7 11:8 11:5 9:11 11:5,MATI Taiwo,2022
Western Africa WTTC Finals Qualification,2022-05-19,OFORI Emmanuel,ADOU Amir Atanda,BEN,GHA,3,2,"11,7,6,11,11|8,11,11,8,9",8,OTHER,MS,2579,Position Draw,OFORI Emmanuel (GHA),ADOU Amir Atanda (BEN),,,2 - 3,8:11 11:7 11:6 8:11 9:11,ADOU Amir Atanda,2022
Western Africa WTTC Finals Qualification,2022-05-19,ALI Kanate,OLABIYI Monday,BEN,CIV,3,1,"11,8,14,11|3,11,12,9",8,OTHER,MS,2579,Position Draw,ALI Kanate (CIV),OLABIYI Monday (BEN),,,1 - 3,3:11 11:8 12:14 9:11,OLABIYI Monday,2022
Western Africa WTTC Finals Qualification,2022-05-19,OBA Don Ange Cedric,COMMEY Emmanuel,GHA,CIV,3,0,"11,11,11|5,8,9",8,OTHER,MS,2579,Position Draw,OBA Don Ange Cedric (CIV),COMMEY Emmanuel (GHA),,,0 - 3,5:11 8:11 9:11,COMMEY Emmanuel,2022
Western Africa WTTC Finals Qualification,2022-05-19,AMUSA Jimoh,ASANTE Emmanuel,GHA,BEN,3,0,"11,11,11|5,7,6",8,OTHER,MS,2579,Position Draw,AMUSA Jimoh (BEN),ASANTE Emmanuel (GHA),,,0 - 3,5:11 7:11 6:11,ASANTE Emmanuel,2022
Western Africa WTTC Finals Qualification,2022-05-19,OJOMU Ajoke,BELLO Fatimo,NGR,NGR,4,1,"11,10,11,11,11|9,12,3,6,6",SF,OTHER,WS,2579,Main Draw,OJOMU Ajoke (NGR),BELLO Fatimo (NGR),,,1 - 4,9:11 12:10 3:11 6:11 6:11,BELLO Fatimo,2022
Western Africa WTTC Finals Qualification,2022-05-19,ODUSANYA Abosede,ORIBAMISE Esther,NGR,NGR,4,3,"11,12,8,9,10,13,11|1,10,11,11,12,11,8",SF,OTHER,WS,2579,Main Draw,ODUSANYA Abosede (NGR),ORIBAMISE Esther (NGR),,,4 - 3,11:1 12:10 8:11 9:11 10:12 13:11 11:8,ODUSANYA Abosede,2022
Western Africa WTTC Finals Qualification,2022-05-19,FASHOLA Aminat,LIMA Chancia Cynthia,NGR,BEN,3,0,"11,11,11|2,2,5",4,OTHER,WS,2579,Position Draw,FASHOLA Aminat (NGR),LIMA Chancia Cynthia (BEN),,,3 - 0,11:2 11:2 11:5,FASHOLA Aminat,2022
Western Africa WTTC Finals Qualification,2022-05-19,AKA Salie Ange,LEBA Essevoh Mireille,CIV,CIV,3,2,"9,9,11,11,11|11,11,4,5,7",4,OTHER,WS,2579,Position Draw,AKA Salie Ange (CIV),LEBA Essevoh Mireille (CIV),,,2 - 3,11:9 11:9 4:11 5:11 7:11,LEBA Essevoh Mireille,2022
Western Africa WTTC Finals Qualification,2022-05-19,BAAH-DANSO Celia,ADOM-AMANKWAA Eva,GHA,GHA,3,2,"13,11,8,8,11|11,7,11,11,8",4,OTHER,WS,2579,Position Draw,BAAH-DANSO Celia (GHA),ADOM-AMANKWAA Eva (GHA),,,3 - 2,13:11 11:7 8:11 8:11 11:8,BAAH-DANSO Celia,2022
Western Africa WTTC Finals Qualification,2022-05-19,ANKUDE Millicent,LODINA Reine,GHA,TOG,3,0,"11,11,11|8,3,3",4,OTHER,WS,2579,Position Draw,ANKUDE Millicent (GHA),LODINA Reine (TOG),,,3 - 0,11:8 11:3 11:3,ANKUDE Millicent,2022
Western Africa WTTC Finals Qualification,2022-05-19,HOUNGUE Rebecca,AGUEH Lyntia,CIV,BEN,3,0,"11,11,12|9,9,10",4,OTHER,WS,2579,Position Draw,HOUNGUE Rebecca (CIV),AGUEH Lyntia (BEN),,,3 - 0,11:9 11:9 12:10,HOUNGUE Rebecca,2022
Western Africa WTTC Finals Qualification,2022-05-19,FANNY Kokou,SOLANKE Azeez,NGR,TOG,4,2,"10,8,11,11,11,11|12,11,9,5,7,4",SF,OTHER,MS,2579,Main Draw,FANNY Kokou (TOG),SOLANKE Azeez (NGR),,,2 - 4,12:10 11:8 9:11 5:11 7:11 4:11,SOLANKE Azeez,2022
Western Africa WTTC Finals Qualification,2022-05-19,AKANBI Rilwan,MATI Taiwo,NGR,NGR,4,1,"13,11,13,5,11|11,8,11,11,6",SF,OTHER,MS,2579,Main Draw,AKANBI Rilwan (NGR),MATI Taiwo (NGR),,,1 - 4,11:13 8:11 11:13 11:5 6:11,MATI Taiwo,2022
Western Africa WTTC Finals Qualification,2022-05-19,ETIM Orok,ABREFA Derek,NGR,GHA,3,0,"14,11,11|12,4,3",4,OTHER,MS,2579,Position Draw,ETIM Orok (NGR),ABREFA Derek (GHA),,,3 - 0,14:12 11:4 11:3,ETIM Orok,2022
Western Africa WTTC Finals Qualification,2022-05-19,OMEH Amadi,OBA Oba Kizito,NGR,CIV,3,0,"11,11,11|3,5,3",4,OTHER,MS,2579,Position Draw,OMEH Amadi (NGR),OBA Oba Kizito (CIV),,,3 - 0,11:3 11:5 11:3,OMEH Amadi,2022
Western Africa WTTC Finals Qualification,2022-05-19,ADOU Amir Atanda,OLABIYI Monday,BEN,BEN,3,0,"0,0,0|0,0,0",4,OTHER,MS,2579,Position Draw,ADOU Amir Atanda (BEN),OLABIYI Monday (BEN),,,3 - 0,0:0 0:0 0:0,ADOU Amir Atanda,2022
Western Africa WTTC Finals Qualification,2022-05-19,COMMEY Emmanuel,ASANTE Emmanuel,GHA,GHA,3,0,"13,11,11|11,5,8",4,OTHER,MS,2579,Position Draw,COMMEY Emmanuel (GHA),ASANTE Emmanuel (GHA),,,3 - 0,13:11 11:5 11:8,COMMEY Emmanuel,2022
Western Africa WTTC Finals Qualification,2022-05-19,OFORI Emmanuel,ALI Kanate,GHA,CIV,3,0,"11,11,11|5,8,7",4,OTHER,MS,2579,Position Draw,OFORI Emmanuel (GHA),ALI Kanate (CIV),,,3 - 0,11:5 11:8 11:7,OFORI Emmanuel,2022
Western Africa WTTC Finals Qualification,2022-05-19,OBA Don Ange Cedric,AMUSA Jimoh,CIV,BEN,3,0,"11,11,11|8,6,8",4,OTHER,MS,2579,Position Draw,OBA Don Ange Cedric (CIV),AMUSA Jimoh (BEN),,,3 - 0,11:8 11:6 11:8,OBA Don Ange Cedric,2022
Western Africa WTTC Finals Qualification,2022-05-19,LODINA Reine,AGUEH Lyntia,BEN,TOG,3,1,"11,11,11,11|2,6,13,7",2,OTHER,WS,2579,Position Draw,LODINA Reine (TOG),AGUEH Lyntia (BEN),,,1 - 3,2:11 6:11 13:11 7:11,AGUEH Lyntia,2022
Western Africa WTTC Finals Qualification,2022-05-19,ANKUDE Millicent,HOUNGUE Rebecca,CIV,GHA,3,0,"11,11,11|5,4,2",2,OTHER,WS,2579,Position Draw,ANKUDE Millicent (GHA),HOUNGUE Rebecca (CIV),,,0 - 3,5:11 4:11 2:11,HOUNGUE Rebecca,2022
Western Africa WTTC Finals Qualification,2022-05-19,AKA Salie Ange,ADOM-AMANKWAA Eva,CIV,GHA,3,0,"11,13,11|6,11,5",2,OTHER,WS,2579,Position Draw,AKA Salie Ange (CIV),ADOM-AMANKWAA Eva (GHA),,,3 - 0,11:6 13:11 11:5,AKA Salie Ange,2022
Western Africa WTTC Finals Qualification,2022-05-19,LEBA Essevoh Mireille,BAAH-DANSO Celia,CIV,GHA,3,2,"11,14,3,9,11|8,12,11,11,9",2,OTHER,WS,2579,Position Draw,LEBA Essevoh Mireille (CIV),BAAH-DANSO Celia (GHA),,,3 - 2,11:8 14:12 3:11 9:11 11:9,LEBA Essevoh Mireille,2022
Western Africa WTTC Finals Qualification,2022-05-19,LIMA Chancia Cynthia,AMAH Ayoko Fanida,BEN,TOG,3,0,"12,12,11|10,10,7",2,OTHER,WS,2579,Position Draw,LIMA Chancia Cynthia (BEN),AMAH Ayoko Fanida (TOG),,,3 - 0,12:10 12:10 11:7,LIMA Chancia Cynthia,2022
Western Africa WTTC Finals Qualification,2022-05-19,OJOMU Ajoke,ORIBAMISE Esther,NGR,NGR,3,1,"10,11,12,11|12,7,10,8",2,OTHER,WS,2579,Position Draw,OJOMU Ajoke (NGR),ORIBAMISE Esther (NGR),,,1 - 3,12:10 7:11 10:12 8:11,ORIBAMISE Esther,2022
Western Africa WTTC Finals Qualification,2022-05-19,ALI Kanate,AMUSA Jimoh,CIV,BEN,3,0,"11,11,11|8,7,4",2,OTHER,MS,2579,Position Draw,ALI Kanate (CIV),AMUSA Jimoh (BEN),,,3 - 0,11:8 11:7 11:4,ALI Kanate,2022
Western Africa WTTC Finals Qualification,2022-05-19,OFORI Emmanuel,OBA Don Ange Cedric,GHA,CIV,3,1,"12,11,4,11|10,5,11,8",2,OTHER,MS,2579,Position Draw,OFORI Emmanuel (GHA),OBA Don Ange Cedric (CIV),,,3 - 1,12:10 11:5 4:11 11:8,OFORI Emmanuel,2022
Western Africa WTTC Finals Qualification,2022-05-19,OLABIYI Monday,ASANTE Emmanuel,GHA,BEN,3,1,"11,9,11,11|8,11,7,5",2,OTHER,MS,2579,Position Draw,OLABIYI Monday (BEN),ASANTE Emmanuel (GHA),,,1 - 3,8:11 11:9 7:11 5:11,ASANTE Emmanuel,2022
Western Africa WTTC Finals Qualification,2022-05-19,ADOU Amir Atanda,COMMEY Emmanuel,GHA,BEN,3,0,"11,11,11|5,4,7",2,OTHER,MS,2579,Position Draw,ADOU Amir Atanda (BEN),COMMEY Emmanuel (GHA),,,0 - 3,5:11 4:11 7:11,COMMEY Emmanuel,2022
Western Africa WTTC Finals Qualification,2022-05-19,ABREFA Derek,OBA Oba Kizito,GHA,CIV,3,1,"9,11,11,12|11,5,5,10",2,OTHER,MS,2579,Position Draw,ABREFA Derek (GHA),OBA Oba Kizito (CIV),,,3 - 1,9:11 11:5 11:5 12:10,ABREFA Derek,2022
Western Africa WTTC Finals Qualification,2022-05-19,ETIM Orok,OMEH Amadi,NGR,NGR,3,2,"4,11,12,10,11|11,7,10,12,9",2,OTHER,MS,2579,Position Draw,ETIM Orok (NGR),OMEH Amadi (NGR),,,2 - 3,11:4 7:11 10:12 12:10 9:11,OMEH Amadi,2022
Western Africa WTTC Finals Qualification,2022-05-19,FANNY Kokou,AKANBI Rilwan,NGR,TOG,3,1,"11,13,7,11|8,11,11,8",2,OTHER,MS,2579,Position Draw,FANNY Kokou (TOG),AKANBI Rilwan (NGR),,,1 - 3,8:11 11:13 11:7 8:11,AKANBI Rilwan,2022
Western Africa WTTC Finals Qualification,2022-05-19,BELLO Fatimo,ODUSANYA Abosede,NGR,NGR,4,2,"11,7,11,5,11,11|6,11,7,11,5,4",F,OTHER,WS,2579,Main Draw,BELLO Fatimo (NGR),ODUSANYA Abosede (NGR),,,4 - 2,11:6 7:11 11:7 5:11 11:5 11:4,BELLO Fatimo,2022
Western Africa WTTC Finals Qualification,2022-05-19,SOLANKE Azeez,MATI Taiwo,NGR,NGR,4,1,"11,7,11,12,11|6,11,7,10,8",F,OTHER,MS,2579,Main Draw,SOLANKE Azeez (NGR),MATI Taiwo (NGR),,,1 - 4,6:11 11:7 7:11 10:12 8:11,MATI Taiwo,2022
Northern Africa WTTC Finals Qualification,2022-05-06,CHAICHI Abdelbasset,AGUIDA Abderrafiq,ALG,MAR,3,0,"11,11,11|1,1,1",,OTHER,MT,2577,Qualification,CHAICHI Abdelbasset (ALG),AGUIDA Abderrafiq (MAR),,,3 - 0,11:1 11:1 11:1,CHAICHI Abdelbasset,2022
Northern Africa WTTC Finals Qualification,2022-05-06,BELKADI Aissa,KARAM Salim,ALG,MAR,3,1,"11,8,11,11|9,11,2,4",,OTHER,MT,2577,Qualification,BELKADI Aissa (ALG),KARAM Salim (MAR),,,3 - 1,11:9 8:11 11:2 11:4,BELKADI Aissa,2022
Northern Africa WTTC Finals Qualification,2022-05-06,AZZALA Abderrahmane,GHOUNIM Hicham,ALG,MAR,3,0,"0,0,0|0,0,0",,OTHER,MT,2577,Qualification,AZZALA Abderrahmane (ALG),GHOUNIM Hicham (MAR),,,3 - 0,0:0 0:0 0:0,AZZALA Abderrahmane,2022
Northern Africa WTTC Finals Qualification,2022-05-06,AMEUR Habib,AHMED El Hacen,TUN,MTN,3,0,"11,11,11|2,2,1",,OTHER,MT,2577,Qualification,AMEUR Habib (TUN),AHMED El Hacen (MTN),,,3 - 0,11:2 11:2 11:1,AMEUR Habib,2022
Northern Africa WTTC Finals Qualification,2022-05-06,ABID Youssef,RADHY Abderehman,TUN,MTN,3,0,"11,11,11|1,3,2",,OTHER,MT,2577,Qualification,ABID Youssef (TUN),RADHY Abderehman (MTN),,,3 - 0,11:1 11:3 11:2,ABID Youssef,2022
Northern Africa WTTC Finals Qualification,2022-05-06,BEN ATTIA Youssef,AHMED Mohamed,TUN,MTN,3,0,"0,0,0|0,0,0",,OTHER,MT,2577,Qualification,BEN ATTIA Youssef (TUN),AHMED Mohamed (MTN),,,3 - 0,0:0 0:0 0:0,BEN ATTIA Youssef,2022
Northern Africa WTTC Finals Qualification,2022-05-06,CHAICHI Abdelbasset,ABID Youssef,ALG,TUN,3,1,"11,6,11,11|7,11,8,5",,OTHER,MT,2577,Qualification,CHAICHI Abdelbasset (ALG),ABID Youssef (TUN),,,3 - 1,11:7 6:11 11:8 11:5,CHAICHI Abdelbasset,2022
Northern Africa WTTC Finals Qualification,2022-05-06,BELKADI Aissa,BOURASS Aboubaker,ALG,TUN,3,2,"9,11,17,11,15|11,9,19,6,13",,OTHER,MT,2577,Qualification,BELKADI Aissa (ALG),BOURASS Aboubaker (TUN),,,3 - 2,9:11 11:9 17:19 11:6 15:13,BELKADI Aissa,2022
Northern Africa WTTC Finals Qualification,2022-05-06,BEN ATTIA Youssef,TIFOURA Islam,TUN,ALG,3,0,"11,11,11|6,9,8",,OTHER,MT,2577,Qualification,TIFOURA Islam (ALG),BEN ATTIA Youssef (TUN),,,0 - 3,6:11 9:11 8:11,BEN ATTIA Youssef,2022
Northern Africa WTTC Finals Qualification,2022-05-06,BOURASS Aboubaker,CHAICHI Abdelbasset,TUN,ALG,3,0,"12,11,11|10,6,8",,OTHER,MT,2577,Qualification,CHAICHI Abdelbasset (ALG),BOURASS Aboubaker (TUN),,,0 - 3,10:12 6:11 8:11,BOURASS Aboubaker,2022
Northern Africa WTTC Finals Qualification,2022-05-06,BELKADI Aissa,ABID Youssef,ALG,TUN,3,0,"11,11,11|1,6,8",,OTHER,MT,2577,Qualification,BELKADI Aissa (ALG),ABID Youssef (TUN),,,3 - 0,11:1 11:6 11:8,BELKADI Aissa,2022
Northern Africa WTTC Finals Qualification,2022-05-06,KARAM Salim,AHMED El Hacen,MAR,MTN,3,0,"11,11,11|1,1,1",,OTHER,MT,2577,Qualification,KARAM Salim (MAR),AHMED El Hacen (MTN),,,3 - 0,11:1 11:1 11:1,KARAM Salim,2022
Northern Africa WTTC Finals Qualification,2022-05-06,AGUIDA Abderrafiq,RADHY Abderehman,MAR,MTN,3,0,"11,11,11|4,6,5",,OTHER,MT,2577,Qualification,AGUIDA Abderrafiq (MAR),RADHY Abderehman (MTN),,,3 - 0,11:4 11:6 11:5,AGUIDA Abderrafiq,2022
Northern Africa WTTC Finals Qualification,2022-05-06,GHOUNIM Hicham,AHMED Mohamed,MAR,MTN,3,0,"0,0,0|0,0,0",,OTHER,MT,2577,Qualification,GHOUNIM Hicham (MAR),AHMED Mohamed (MTN),,,3 - 0,0:0 0:0 0:0,GHOUNIM Hicham,2022
Northern Africa WTTC Finals Qualification,2022-05-06,AZZALA Abderrahmane,RADHY Abderehman,ALG,MTN,3,0,"11,11,11|3,4,3",,OTHER,MT,2577,Qualification,RADHY Abderehman (MTN),AZZALA Abderrahmane (ALG),,,0 - 3,3:11 4:11 3:11,AZZALA Abderrahmane,2022
Northern Africa WTTC Finals Qualification,2022-05-06,TIFOURA Islam,AHMED El Hacen,ALG,MTN,3,0,"11,11,11|1,2,4",,OTHER,MT,2577,Qualification,AHMED El Hacen (MTN),TIFOURA Islam (ALG),,,0 - 3,1:11 2:11 4:11,TIFOURA Islam,2022
Northern Africa WTTC Finals Qualification,2022-05-06,BELKADI Aissa,AHMED Mohamed,ALG,MTN,3,0,"0,0,0|0,0,0",,OTHER,MT,2577,Qualification,AHMED Mohamed (MTN),BELKADI Aissa (ALG),,,0 - 3,0:0 0:0 0:0,BELKADI Aissa,2022
Northern Africa WTTC Finals Qualification,2022-05-06,BEN ATTIA Youssef,KARAM Salim,TUN,MAR,3,2,"7,4,11,11,11|11,11,7,9,7",,OTHER,MT,2577,Qualification,KARAM Salim (MAR),BEN ATTIA Youssef (TUN),,,2 - 3,11:7 11:4 7:11 9:11 7:11,BEN ATTIA Youssef,2022
Northern Africa WTTC Finals Qualification,2022-05-06,BOURASS Aboubaker,AGUIDA Abderrafiq,TUN,MAR,3,0,"11,11,11|6,8,9",,OTHER,MT,2577,Qualification,AGUIDA Abderrafiq (MAR),BOURASS Aboubaker (TUN),,,0 - 3,6:11 8:11 9:11,BOURASS Aboubaker,2022
Northern Africa WTTC Finals Qualification,2022-05-06,AMEUR Habib,GHOUNIM Hicham,TUN,MAR,3,0,"11,11,11|1,4,3",,OTHER,MT,2577,Qualification,GHOUNIM Hicham (MAR),AMEUR Habib (TUN),,,0 - 3,1:11 4:11 3:11,AMEUR Habib,2022
Northern Africa WTTC Finals Qualification,2022-05-06,LOGHRAIBI Lynda,ARANGAY Noha,ALG,MAR,3,0,"11,11,11|7,5,5",Final,OTHER,WT,2577,Main Draw,LOGHRAIBI Lynda (ALG),ARANGAY Noha (MAR),,,3 - 0,11:7 11:5 11:5,LOGHRAIBI Lynda,2022
Northern Africa WTTC Finals Qualification,2022-05-06,KESSACI Katia,REGRAGUI Sofia,ALG,MAR,3,1,"15,11,9,11|13,7,11,7",Final,OTHER,WT,2577,Main Draw,KESSACI Katia (ALG),REGRAGUI Sofia (MAR),,,3 - 1,15:13 11:7 9:11 11:7,KESSACI Katia,2022
Northern Africa WTTC Finals Qualification,2022-05-06,NOUARI Widad,BERREDE Meryem,ALG,MAR,3,0,"11,11,11|6,4,3",Final,OTHER,WT,2577,Main Draw,NOUARI Widad (ALG),BERREDE Meryem (MAR),,,3 - 0,11:6 11:4 11:3,NOUARI Widad,2022
Northern Africa WTTC Finals Qualification,2022-05-06,MAGDY Shady,GHOUNIM Hicham,EGY,MAR,3,0,"11,11,11|1,2,5",,OTHER,MS,2577,Qualification,MAGDY Shady (EGY),GHOUNIM Hicham (MAR),,,3 - 0,11:1 11:2 11:5,MAGDY Shady,2022
Northern Africa WTTC Finals Qualification,2022-05-06,AMEUR Habib,AZZALA Abderrahmane,TUN,ALG,3,0,"11,11,11|4,6,2",,OTHER,MS,2577,Qualification,AMEUR Habib (TUN),AZZALA Abderrahmane (ALG),,,3 - 0,11:4 11:6 11:2,AMEUR Habib,2022
Northern Africa WTTC Finals Qualification,2022-05-06,SHOUMAN Mohamed,AGUIDA Abderrafiq,EGY,MAR,3,0,"11,11,11|8,5,7",,OTHER,MS,2577,Qualification,SHOUMAN Mohamed (EGY),AGUIDA Abderrafiq (MAR),,,3 - 0,11:8 11:5 11:7,SHOUMAN Mohamed,2022
Northern Africa WTTC Finals Qualification,2022-05-06,ABID Youssef,BELABBAS Meziane,TUN,ALG,3,2,"10,11,6,11,11|12,7,11,5,7",,OTHER,MS,2577,Qualification,ABID Youssef (TUN),BELABBAS Meziane (ALG),,,3 - 2,10:12 11:7 6:11 11:5 11:7,ABID Youssef,2022
Northern Africa WTTC Finals Qualification,2022-05-06,CHAICHI Abdelbasset,TIFOURA Islam,ALG,ALG,3,1,"11,5,11,11|4,11,6,5",,OTHER,MS,2577,Qualification,CHAICHI Abdelbasset (ALG),TIFOURA Islam (ALG),,,3 - 1,11:4 5:11 11:6 11:5,CHAICHI Abdelbasset,2022
Northern Africa WTTC Finals Qualification,2022-05-06,BOURASS Aboubaker,AHMED El Hacen,TUN,MTN,3,0,"11,11,11|3,1,1",,OTHER,MS,2577,Qualification,BOURASS Aboubaker (TUN),AHMED El Hacen (MTN),,,3 - 0,11:3 11:1 11:1,BOURASS Aboubaker,2022
Northern Africa WTTC Finals Qualification,2022-05-06,BELKADI Aissa,RADHY Abderehman,ALG,MTN,3,0,"11,11,11|1,1,1",,OTHER,MS,2577,Qualification,BELKADI Aissa (ALG),RADHY Abderehman (MTN),,,3 - 0,11:1 11:1 11:1,BELKADI Aissa,2022
Northern Africa WTTC Finals Qualification,2022-05-06,NOUARI Widad,DJEDJIK Loubna,ALG,ALG,3,0,"11,11,11|7,6,5",,OTHER,WS,2577,Qualification,NOUARI Widad (ALG),DJEDJIK Loubna (ALG),,,3 - 0,11:7 11:6 11:5,NOUARI Widad,2022
Northern Africa WTTC Finals Qualification,2022-05-06,YEHIA Alaa,BERREDE Meryem,EGY,MAR,3,0,"11,11,11|3,3,3",,OTHER,WS,2577,Qualification,YEHIA Alaa (EGY),BERREDE Meryem (MAR),,,3 - 0,11:3 11:3 11:3,YEHIA Alaa,2022
Northern Africa WTTC Finals Qualification,2022-05-06,ZOGHLAMI Maram,REGRAGUI Sofia,TUN,MAR,3,0,"11,11,11|2,4,6",,OTHER,WS,2577,Qualification,ZOGHLAMI Maram (TUN),REGRAGUI Sofia (MAR),,,3 - 0,11:2 11:4 11:6,ZOGHLAMI Maram,2022
Northern Africa WTTC Finals Qualification,2022-05-06,NASRI Malissa,AHMED Melika,ALG,MTN,3,0,"11,11,11|1,2,3",,OTHER,WS,2577,Qualification,NASRI Malissa (ALG),AHMED Melika (MTN),,,3 - 0,11:1 11:2 11:3,NASRI Malissa,2022
Northern Africa WTTC Finals Qualification,2022-05-06,ELNAGHI Rouaa,HAJ SALAH Abir,EGY,TUN,3,0,"11,11,11|8,5,3",,OTHER,WS,2577,Qualification,HAJ SALAH Abir (TUN),ELNAGHI Rouaa (EGY),,,0 - 3,8:11 5:11 3:11,ELNAGHI Rouaa,2022
Northern Africa WTTC Finals Qualification,2022-05-06,TAHMI Hadjer,KESSACI Amina,ALG,ALG,3,1,"11,11,9,11|5,7,11,5",,OTHER,WS,2577,Qualification,KESSACI Amina (ALG),TAHMI Hadjer (ALG),,,1 - 3,5:11 7:11 11:9 5:11,TAHMI Hadjer,2022
Northern Africa WTTC Finals Qualification,2022-05-06,MAGDY Shady,AMEUR Habib,EGY,TUN,3,0,"11,11,11|5,5,4",,OTHER,MS,2577,Qualification,MAGDY Shady (EGY),AMEUR Habib (TUN),,,3 - 0,11:5 11:5 11:4,MAGDY Shady,2022
Northern Africa WTTC Finals Qualification,2022-05-06,SHOUMAN Mohamed,ABID Youssef,EGY,TUN,3,0,"11,11,11|5,1,7",,OTHER,MS,2577,Qualification,SHOUMAN Mohamed (EGY),ABID Youssef (TUN),,,3 - 0,11:5 11:1 11:7,SHOUMAN Mohamed,2022
Northern Africa WTTC Finals Qualification,2022-05-06,AGUIDA Abderrafiq,BELABBAS Meziane,MAR,ALG,3,2,"10,11,8,14,12|12,9,11,12,10",,OTHER,MS,2577,Qualification,AGUIDA Abderrafiq (MAR),BELABBAS Meziane (ALG),,,3 - 2,10:12 11:9 8:11 14:12 12:10,AGUIDA Abderrafiq,2022
Northern Africa WTTC Finals Qualification,2022-05-06,CHAICHI Abdelbasset,BOURASS Aboubaker,ALG,TUN,3,0,"11,13,11|8,11,4",,OTHER,MS,2577,Qualification,CHAICHI Abdelbasset (ALG),BOURASS Aboubaker (TUN),,,3 - 0,11:8 13:11 11:4,CHAICHI Abdelbasset,2022
Northern Africa WTTC Finals Qualification,2022-05-06,BEN ATTIA Youssef,RADHY Abderehman,TUN,MTN,3,0,"11,11,11|1,2,2",,OTHER,MS,2577,Qualification,BEN ATTIA Youssef (TUN),RADHY Abderehman (MTN),,,3 - 0,11:1 11:2 11:2,BEN ATTIA Youssef,2022
Northern Africa WTTC Finals Qualification,2022-05-06,YEHIA Alaa,NOUARI Widad,EGY,ALG,3,0,"11,11,11|1,3,6",,OTHER,WS,2577,Qualification,NOUARI Widad (ALG),YEHIA Alaa (EGY),,,0 - 3,1:11 3:11 6:11,YEHIA Alaa,2022
Northern Africa WTTC Finals Qualification,2022-05-06,DJEDJIK Loubna,BERREDE Meryem,ALG,MAR,3,0,"11,11,11|2,5,8",,OTHER,WS,2577,Qualification,DJEDJIK Loubna (ALG),BERREDE Meryem (MAR),,,3 - 0,11:2 11:5 11:8,DJEDJIK Loubna,2022
Northern Africa WTTC Finals Qualification,2022-05-06,ZOGHLAMI Maram,NASRI Malissa,TUN,ALG,3,2,"6,11,11,6,11|11,3,7,11,6",,OTHER,WS,2577,Qualification,ZOGHLAMI Maram (TUN),NASRI Malissa (ALG),,,3 - 2,6:11 11:3 11:7 6:11 11:6,ZOGHLAMI Maram,2022
Northern Africa WTTC Finals Qualification,2022-05-06,REGRAGUI Sofia,AHMED Melika,MAR,MTN,3,0,"11,11,11|1,1,2",,OTHER,WS,2577,Qualification,REGRAGUI Sofia (MAR),AHMED Melika (MTN),,,3 - 0,11:1 11:1 11:2,REGRAGUI Sofia,2022
Northern Africa WTTC Finals Qualification,2022-05-06,TAHMI Hadjer,ARANGAY Noha,ALG,MAR,3,0,"11,11,11|9,1,3",,OTHER,WS,2577,Qualification,ARANGAY Noha (MAR),TAHMI Hadjer (ALG),,,0 - 3,9:11 1:11 3:11,TAHMI Hadjer,2022
Northern Africa WTTC Finals Qualification,2022-05-06,ELNAGHI Rouaa,KESSACI Amina,EGY,ALG,3,0,"11,12,11|7,10,9",,OTHER,WS,2577,Qualification,KESSACI Amina (ALG),ELNAGHI Rouaa (EGY),,,0 - 3,7:11 10:12 9:11,ELNAGHI Rouaa,2022
Northern Africa WTTC Finals Qualification,2022-05-06,HAJ SALAH Abir,TAHMI Hadjer,TUN,ALG,3,0,"11,11,14|7,6,12",,OTHER,WS,2577,Qualification,HAJ SALAH Abir (TUN),TAHMI Hadjer (ALG),,,3 - 0,11:7 11:6 14:12,HAJ SALAH Abir,2022
Northern Africa WTTC Finals Qualification,2022-05-06,KESSACI Amina,ARANGAY Noha,ALG,MAR,3,2,"11,9,11,8,11|3,11,5,11,7",,OTHER,WS,2577,Qualification,ARANGAY Noha (MAR),KESSACI Amina (ALG),,,2 - 3,3:11 11:9 5:11 11:8 7:11,KESSACI Amina,2022
Northern Africa WTTC Finals Qualification,2022-05-06,NASRI Malissa,REGRAGUI Sofia,ALG,MAR,3,1,"11,11,12,11|7,13,10,6",,OTHER,WS,2577,Qualification,NASRI Malissa (ALG),REGRAGUI Sofia (MAR),,,3 - 1,11:7 11:13 12:10 11:6,NASRI Malissa,2022
Northern Africa WTTC Finals Qualification,2022-05-06,ZOGHLAMI Maram,AHMED Melika,TUN,MTN,3,0,"11,11,11|1,1,1",,OTHER,WS,2577,Qualification,ZOGHLAMI Maram (TUN),AHMED Melika (MTN),,,3 - 0,11:1 11:1 11:1,ZOGHLAMI Maram,2022
Northern Africa WTTC Finals Qualification,2022-05-06,YEHIA Alaa,DJEDJIK Loubna,EGY,ALG,3,0,"11,11,11|8,5,4",,OTHER,WS,2577,Qualification,YEHIA Alaa (EGY),DJEDJIK Loubna (ALG),,,3 - 0,11:8 11:5 11:4,YEHIA Alaa,2022
Northern Africa WTTC Finals Qualification,2022-05-06,MAGDY Shady,AZZALA Abderrahmane,EGY,ALG,3,0,"11,11,11|4,5,3",,OTHER,MS,2577,Qualification,MAGDY Shady (EGY),AZZALA Abderrahmane (ALG),,,3 - 0,11:4 11:5 11:3,MAGDY Shady,2022
Northern Africa WTTC Finals Qualification,2022-05-06,SHOUMAN Mohamed,BELABBAS Meziane,EGY,ALG,3,0,"12,11,11|10,3,8",,OTHER,MS,2577,Qualification,SHOUMAN Mohamed (EGY),BELABBAS Meziane (ALG),,,3 - 0,12:10 11:3 11:8,SHOUMAN Mohamed,2022
Northern Africa WTTC Finals Qualification,2022-05-06,ABID Youssef,AGUIDA Abderrafiq,TUN,MAR,3,0,"11,12,11|5,10,5",,OTHER,MS,2577,Qualification,ABID Youssef (TUN),AGUIDA Abderrafiq (MAR),,,3 - 0,11:5 12:10 11:5,ABID Youssef,2022
Northern Africa WTTC Finals Qualification,2022-05-06,CHAICHI Abdelbasset,AHMED El Hacen,ALG,MTN,3,0,"11,11,11|5,5,5",,OTHER,MS,2577,Qualification,CHAICHI Abdelbasset (ALG),AHMED El Hacen (MTN),,,3 - 0,11:5 11:5 11:5,CHAICHI Abdelbasset,2022
Northern Africa WTTC Finals Qualification,2022-05-06,BOURASS Aboubaker,TIFOURA Islam,TUN,ALG,3,0,"11,11,11|6,4,6",,OTHER,MS,2577,Qualification,BOURASS Aboubaker (TUN),TIFOURA Islam (ALG),,,3 - 0,11:6 11:4 11:6,BOURASS Aboubaker,2022
Northern Africa WTTC Finals Qualification,2022-05-06,KARAM Salim,RADHY Abderehman,MAR,MTN,3,0,"11,11,11|1,1,3",,OTHER,MS,2577,Qualification,KARAM Salim (MAR),RADHY Abderehman (MTN),,,3 - 0,11:1 11:1 11:3,KARAM Salim,2022
Northern Africa WTTC Finals Qualification,2022-05-06,BELKADI Aissa,BEN ATTIA Youssef,ALG,TUN,3,0,"13,15,11|11,13,8",,OTHER,MS,2577,Qualification,BELKADI Aissa (ALG),BEN ATTIA Youssef (TUN),,,3 - 0,13:11 15:13 11:8,BELKADI Aissa,2022
Northern Africa WTTC Finals Qualification,2022-05-06,HAJ SALAH Abir,ARANGAY Noha,TUN,MAR,3,0,"11,11,11|5,6,5",,OTHER,WS,2577,Qualification,ARANGAY Noha (MAR),HAJ SALAH Abir (TUN),,,0 - 3,5:11 6:11 5:11,HAJ SALAH Abir,2022
Northern Africa WTTC Finals Qualification,2022-05-06,ELNAGHI Rouaa,TAHMI Hadjer,EGY,ALG,3,0,"11,11,11|4,8,5",,OTHER,WS,2577,Qualification,TAHMI Hadjer (ALG),ELNAGHI Rouaa (EGY),,,0 - 3,4:11 8:11 5:11,ELNAGHI Rouaa,2022
Northern Africa WTTC Finals Qualification,2022-05-06,AZZALA Abderrahmane,AHMED El Hacen,ALG,MTN,3,0,"11,11,11|2,1,7",8,OTHER,MS,2577,Position Draw,AZZALA Abderrahmane (ALG),AHMED El Hacen (MTN),,,3 - 0,11:2 11:1 11:7,AZZALA Abderrahmane,2022
Northern Africa WTTC Finals Qualification,2022-05-06,KARAM Salim,BELABBAS Meziane,MAR,ALG,3,2,"7,11,11,19,11|11,6,13,17,3",8,OTHER,MS,2577,Position Draw,BELABBAS Meziane (ALG),KARAM Salim (MAR),,,2 - 3,11:7 6:11 13:11 17:19 3:11,KARAM Salim,2022
Northern Africa WTTC Finals Qualification,2022-05-06,TIFOURA Islam,GHOUNIM Hicham,ALG,MAR,3,0,"11,11,11|8,7,7",8,OTHER,MS,2577,Position Draw,TIFOURA Islam (ALG),GHOUNIM Hicham (MAR),,,3 - 0,11:8 11:7 11:7,TIFOURA Islam,2022
Northern Africa WTTC Finals Qualification,2022-05-06,HAJ SALAH Abir,KESSACI Amina,TUN,ALG,3,2,"9,11,13,15,11|11,5,11,17,8",,OTHER,WS,2577,Qualification,HAJ SALAH Abir (TUN),KESSACI Amina (ALG),,,3 - 2,9:11 11:5 13:11 15:17 11:8,HAJ SALAH Abir,2022
Northern Africa WTTC Finals Qualification,2022-05-06,ELNAGHI Rouaa,ARANGAY Noha,EGY,MAR,3,0,"11,11,11|2,3,5",,OTHER,WS,2577,Qualification,ARANGAY Noha (MAR),ELNAGHI Rouaa (EGY),,,0 - 3,2:11 3:11 5:11,ELNAGHI Rouaa,2022
Northern Africa WTTC Finals Qualification,2022-05-06,MAGDY Shady,ABID Youssef,EGY,TUN,4,0,"11,11,11,11|6,8,4,4",QuarterFinal,OTHER,MS,2577,Main Draw,MAGDY Shady (EGY),ABID Youssef (TUN),,,4 - 0,11:6 11:8 11:4 11:4,MAGDY Shady,2022
Northern Africa WTTC Finals Qualification,2022-05-06,BOURASS Aboubaker,BELKADI Aissa,TUN,ALG,4,0,"11,11,11,11|5,7,7,9",QuarterFinal,OTHER,MS,2577,Main Draw,BOURASS Aboubaker (TUN),BELKADI Aissa (ALG),,,4 - 0,11:5 11:7 11:7 11:9,BOURASS Aboubaker,2022
Northern Africa WTTC Finals Qualification,2022-05-06,BEN ATTIA Youssef,CHAICHI Abdelbasset,TUN,ALG,4,0,"11,11,11,11|7,4,4,5",QuarterFinal,OTHER,MS,2577,Main Draw,CHAICHI Abdelbasset (ALG),BEN ATTIA Youssef (TUN),,,0 - 4,7:11 4:11 4:11 5:11,BEN ATTIA Youssef,2022
Northern Africa WTTC Finals Qualification,2022-05-06,SHOUMAN Mohamed,AMEUR Habib,EGY,TUN,4,1,"11,8,11,11,11|5,11,5,5,6",QuarterFinal,OTHER,MS,2577,Main Draw,AMEUR Habib (TUN),SHOUMAN Mohamed (EGY),,,1 - 4,5:11 11:8 5:11 5:11 6:11,SHOUMAN Mohamed,2022
Northern Africa WTTC Finals Qualification,2022-05-06,HAJ SALAH Abir,NASRI Malissa,TUN,ALG,4,2,"11,7,11,8,11,11|7,11,8,11,9,8",QuarterFinal,OTHER,WS,2577,Main Draw,NASRI Malissa (ALG),HAJ SALAH Abir (TUN),,,2 - 4,7:11 11:7 8:11 11:8 9:11 8:11,HAJ SALAH Abir,2022
Northern Africa WTTC Finals Qualification,2022-05-06,ELNAGHI Rouaa,NOUARI Widad,EGY,ALG,4,0,"11,11,11,11|4,9,6,3",QuarterFinal,OTHER,WS,2577,Main Draw,ELNAGHI Rouaa (EGY),NOUARI Widad (ALG),,,4 - 0,11:4 11:9 11:6 11:3,ELNAGHI Rouaa,2022
Northern Africa WTTC Finals Qualification,2022-05-06,KARAM Salim,AZZALA Abderrahmane,MAR,ALG,3,1,"5,11,11,11|11,5,5,7",4,OTHER,MS,2577,Position Draw,AZZALA Abderrahmane (ALG),KARAM Salim (MAR),,,1 - 3,11:5 5:11 5:11 7:11,KARAM Salim,2022
Northern Africa WTTC Finals Qualification,2022-05-06,AGUIDA Abderrafiq,TIFOURA Islam,MAR,ALG,3,1,"11,11,2,11|8,5,11,6",4,OTHER,MS,2577,Position Draw,TIFOURA Islam (ALG),AGUIDA Abderrafiq (MAR),,,1 - 3,8:11 5:11 11:2 6:11,AGUIDA Abderrafiq,2022
Northern Africa WTTC Finals Qualification,2022-05-06,BELABBAS Meziane,AHMED El Hacen,ALG,MTN,3,0,"11,11,11|5,5,1",4,OTHER,MS,2577,Position Draw,AHMED El Hacen (MTN),BELABBAS Meziane (ALG),,,0 - 3,5:11 5:11 1:11,BELABBAS Meziane,2022
Northern Africa WTTC Finals Qualification,2022-05-06,RADHY Abderehman,GHOUNIM Hicham,MTN,MAR,3,0,"0,0,0|0,0,0",4,OTHER,MS,2577,Position Draw,GHOUNIM Hicham (MAR),RADHY Abderehman (MTN),,,0 - 3,0:0 0:0 0:0,RADHY Abderehman,2022
Northern Africa WTTC Finals Qualification,2022-05-06,KESSACI Amina,AHMED Melika,ALG,MTN,3,0,"11,11,11|1,2,1",8,OTHER,WS,2577,Position Draw,AHMED Melika (MTN),KESSACI Amina (ALG),,,0 - 3,1:11 2:11 1:11,KESSACI Amina,2022
Northern Africa WTTC Finals Qualification,2022-05-06,TAHMI Hadjer,BERREDE Meryem,ALG,MAR,3,0,"11,11,11|3,4,8",8,OTHER,WS,2577,Position Draw,TAHMI Hadjer (ALG),BERREDE Meryem (MAR),,,3 - 0,11:3 11:4 11:8,TAHMI Hadjer,2022
Northern Africa WTTC Finals Qualification,2022-05-06,KESSACI Amina,DJEDJIK Loubna,ALG,ALG,3,2,"11,7,9,11,11|5,11,11,9,9",4,OTHER,WS,2577,Position Draw,DJEDJIK Loubna (ALG),KESSACI Amina (ALG),,,2 - 3,5:11 11:7 11:9 9:11 9:11,KESSACI Amina,2022
Northern Africa WTTC Finals Qualification,2022-05-06,TAHMI Hadjer,REGRAGUI Sofia,ALG,MAR,3,2,"11,8,11,10,11|8,11,3,12,6",4,OTHER,WS,2577,Position Draw,TAHMI Hadjer (ALG),REGRAGUI Sofia (MAR),,,3 - 2,11:8 8:11 11:3 10:12 11:6,TAHMI Hadjer,2022
Northern Africa WTTC Finals Qualification,2022-05-06,MAGDY Shady,BOURASS Aboubaker,EGY,TUN,4,1,"11,11,8,11,11|8,3,11,6,6",SemiFinal,OTHER,MS,2577,Main Draw,MAGDY Shady (EGY),BOURASS Aboubaker (TUN),,,4 - 1,11:8 11:3 8:11 11:6 11:6,MAGDY Shady,2022
Northern Africa WTTC Finals Qualification,2022-05-06,SHOUMAN Mohamed,BEN ATTIA Youssef,EGY,TUN,4,0,"11,11,11,11|8,7,5,8",SemiFinal,OTHER,MS,2577,Main Draw,BEN ATTIA Youssef (TUN),SHOUMAN Mohamed (EGY),,,0 - 4,8:11 7:11 5:11 8:11,SHOUMAN Mohamed,2022
Northern Africa WTTC Finals Qualification,2022-05-06,CHAICHI Abdelbasset,AMEUR Habib,ALG,TUN,3,1,"12,6,11,11|10,11,8,8",4,OTHER,MS,2577,Position Draw,CHAICHI Abdelbasset (ALG),AMEUR Habib (TUN),,,3 - 1,12:10 6:11 11:8 11:8,CHAICHI Abdelbasset,2022
Northern Africa WTTC Finals Qualification,2022-05-06,YEHIA Alaa,HAJ SALAH Abir,EGY,TUN,4,0,"11,11,11,11|7,9,4,3",SemiFinal,OTHER,WS,2577,Main Draw,YEHIA Alaa (EGY),HAJ SALAH Abir (TUN),,,4 - 0,11:7 11:9 11:4 11:3,YEHIA Alaa,2022
Northern Africa WTTC Finals Qualification,2022-05-06,ELNAGHI Rouaa,ZOGHLAMI Maram,EGY,TUN,4,0,"14,11,11,11|12,4,9,6",SemiFinal,OTHER,WS,2577,Main Draw,ELNAGHI Rouaa (EGY),ZOGHLAMI Maram (TUN),,,4 - 0,14:12 11:4 11:9 11:6,ELNAGHI Rouaa,2022
Northern Africa WTTC Finals Qualification,2022-05-06,BERREDE Meryem,AHMED Melika,MAR,MTN,3,0,"11,11,11|2,1,4",2,OTHER,WS,2577,Position Draw,AHMED Melika (MTN),BERREDE Meryem (MAR),,,0 - 3,2:11 1:11 4:11,BERREDE Meryem,2022
Northern Africa WTTC Finals Qualification,2022-05-06,DJEDJIK Loubna,REGRAGUI Sofia,ALG,MAR,3,0,"11,12,11|5,10,7",2,OTHER,WS,2577,Position Draw,DJEDJIK Loubna (ALG),REGRAGUI Sofia (MAR),,,3 - 0,11:5 12:10 11:7,DJEDJIK Loubna,2022
Northern Africa WTTC Finals Qualification,2022-05-06,NOUARI Widad,NASRI Malissa,ALG,ALG,3,2,"8,11,11,6,11|11,4,7,11,3",2,OTHER,WS,2577,Position Draw,NASRI Malissa (ALG),NOUARI Widad (ALG),,,2 - 3,11:8 4:11 7:11 11:6 3:11,NOUARI Widad,2022
Northern Africa WTTC Finals Qualification,2022-05-06,BELKADI Aissa,CHAICHI Abdelbasset,ALG,ALG,3,1,"11,11,7,11|7,7,11,8",2,OTHER,MS,2577,Position Draw,BELKADI Aissa (ALG),CHAICHI Abdelbasset (ALG),,,3 - 1,11:7 11:7 7:11 11:8,BELKADI Aissa,2022
Northern Africa WTTC Finals Qualification,2022-05-06,AMEUR Habib,ABID Youssef,TUN,TUN,3,1,"11,10,11,11|8,12,4,9",2,OTHER,MS,2577,Position Draw,ABID Youssef (TUN),AMEUR Habib (TUN),,,1 - 3,8:11 12:10 4:11 9:11,AMEUR Habib,2022
Northern Africa WTTC Finals Qualification,2022-05-06,GHOUNIM Hicham,AHMED El Hacen,MAR,MTN,3,0,"11,11,11|2,2,3",2,OTHER,MS,2577,Position Draw,AHMED El Hacen (MTN),GHOUNIM Hicham (MAR),,,0 - 3,2:11 2:11 3:11,GHOUNIM Hicham,2022
Northern Africa WTTC Finals Qualification,2022-05-06,BELABBAS Meziane,RADHY Abderehman,ALG,MTN,3,0,"11,11,11|4,5,7",2,OTHER,MS,2577,Position Draw,BELABBAS Meziane (ALG),RADHY Abderehman (MTN),,,3 - 0,11:4 11:5 11:7,BELABBAS Meziane,2022
Northern Africa WTTC Finals Qualification,2022-05-06,TIFOURA Islam,AZZALA Abderrahmane,ALG,ALG,3,2,"11,2,8,11,11|5,11,11,7,5",2,OTHER,MS,2577,Position Draw,AZZALA Abderrahmane (ALG),TIFOURA Islam (ALG),,,2 - 3,5:11 11:2 11:8 7:11 5:11,TIFOURA Islam,2022
Northern Africa WTTC Finals Qualification,2022-05-06,KARAM Salim,AGUIDA Abderrafiq,MAR,MAR,3,1,"12,9,11,11|10,11,9,8",2,OTHER,MS,2577,Position Draw,KARAM Salim (MAR),AGUIDA Abderrafiq (MAR),,,3 - 1,12:10 9:11 11:9 11:8,KARAM Salim,2022
Northern Africa WTTC Finals Qualification,2022-05-06,BEN ATTIA Youssef,BOURASS Aboubaker,TUN,TUN,3,2,"5,9,12,12,14|11,11,10,10,12",2,OTHER,MS,2577,Position Draw,BOURASS Aboubaker (TUN),BEN ATTIA Youssef (TUN),,,2 - 3,11:5 11:9 10:12 10:12 12:14,BEN ATTIA Youssef,2022
Northern Africa WTTC Finals Qualification,2022-05-06,ZOGHLAMI Maram,HAJ SALAH Abir,TUN,TUN,3,1,"6,12,11,12|11,10,4,10",2,OTHER,WS,2577,Position Draw,HAJ SALAH Abir (TUN),ZOGHLAMI Maram (TUN),,,1 - 3,11:6 10:12 4:11 10:12,ZOGHLAMI Maram,2022
Northern Africa WTTC Finals Qualification,2022-05-06,SHOUMAN Mohamed,MAGDY Shady,EGY,EGY,4,2,"11,10,12,9,11,14|6,12,10,11,6,12",Final,OTHER,MS,2577,Main Draw,MAGDY Shady (EGY),SHOUMAN Mohamed (EGY),,,2 - 4,6:11 12:10 10:12 11:9 6:11 12:14,SHOUMAN Mohamed,2022
Northern Africa WTTC Finals Qualification,2022-05-06,YEHIA Alaa,ELNAGHI Rouaa,EGY,EGY,4,1,"11,11,11,9,11|7,4,8,11,5",Final,OTHER,WS,2577,Main Draw,YEHIA Alaa (EGY),ELNAGHI Rouaa (EGY),,,4 - 1,11:7 11:4 11:8 9:11 11:5,YEHIA Alaa,2022
Eastern Africa WTTC Finals Qualification,2022-05-05,NAPOOKOLI Phillip,SULTAN Godfrey,UGA,SEY,3,1,"11,10,12,11|9,12,10,4",,OTHER,MT,2578,Qualification,SULTAN Godfrey (SEY),NAPOOKOLI Phillip (UGA),,,1 - 3,9:11 12:10 10:12 4:11,NAPOOKOLI Phillip,2022
Eastern Africa WTTC Finals Qualification,2022-05-05,ACHUMA Benjamin Ebenezer,CREA Mick,UGA,SEY,3,1,"5,11,12,11|11,4,10,3",,OTHER,MT,2578,Qualification,CREA Mick (SEY),ACHUMA Benjamin Ebenezer (UGA),,,1 - 3,11:5 4:11 10:12 3:11,ACHUMA Benjamin Ebenezer,2022
Eastern Africa WTTC Finals Qualification,2022-05-05,KASOMA Desire,BANANE Dorian,UGA,SEY,3,1,"11,11,10,11|5,5,12,5",,OTHER,MT,2578,Qualification,BANANE Dorian (SEY),KASOMA Desire (UGA),,,1 - 3,5:11 5:11 12:10 5:11,KASOMA Desire,2022
Eastern Africa WTTC Finals Qualification,2022-05-05,NIYONIZIGIYE Eric,DEBRU Denden,RWA,ERI,3,0,"11,11,11|5,3,8",,OTHER,MT,2578,Qualification,DEBRU Denden (ERI),NIYONIZIGIYE Eric (RWA),,,0 - 3,5:11 3:11 8:11,NIYONIZIGIYE Eric,2022
Eastern Africa WTTC Finals Qualification,2022-05-05,HAHIRWABASENGA Didier,GHEBREIGZIABHER Sofanyas,RWA,ERI,3,0,"11,11,11|8,6,6",,OTHER,MT,2578,Qualification,GHEBREIGZIABHER Sofanyas (ERI),HAHIRWABASENGA Didier (RWA),,,0 - 3,8:11 6:11 6:11,HAHIRWABASENGA Didier,2022
Eastern Africa WTTC Finals Qualification,2022-05-05,ISHIMWE Francois,ELIAS Andemariam Okbu,RWA,ERI,3,1,"11,9,11,11|3,11,6,5",,OTHER,MT,2578,Qualification,ELIAS Andemariam Okbu (ERI),ISHIMWE Francois (RWA),,,1 - 3,3:11 11:9 6:11 5:11,ISHIMWE Francois,2022
Eastern Africa WTTC Finals Qualification,2022-05-05,ABEJE Eyob Sissay,BOURHAN Abdourazak Abdallah,ETH,DJI,3,0,"11,11,11|5,6,7",,OTHER,MT,2578,Qualification,ABEJE Eyob Sissay (ETH),BOURHAN Abdourazak Abdallah (DJI),,,3 - 0,11:5 11:6 11:7,ABEJE Eyob Sissay,2022
Eastern Africa WTTC Finals Qualification,2022-05-05,DUFERA Darara,MOHAMED Houmed Saido,ETH,DJI,3,0,"16,11,11|14,4,3",,OTHER,MT,2578,Qualification,DUFERA Darara (ETH),MOHAMED Houmed Saido (DJI),,,3 - 0,16:14 11:4 11:3,DUFERA Darara,2022
Eastern Africa WTTC Finals Qualification,2022-05-05,FARIS Aden,HOUD Abdourahman,ETH,DJI,3,0,"11,11,11|3,7,6",,OTHER,MT,2578,Qualification,FARIS Aden (ETH),HOUD Abdourahman (DJI),,,3 - 0,11:3 11:7 11:6,FARIS Aden,2022
Eastern Africa WTTC Finals Qualification,2022-05-05,DESSCANN Ryan,MZEMBABA Ali,MRI,COM,3,0,"11,11,11|8,6,3",,OTHER,MT,2578,Qualification,DESSCANN Ryan (MRI),MZEMBABA Ali (COM),,,3 - 0,11:8 11:6 11:3,DESSCANN Ryan,2022
Eastern Africa WTTC Finals Qualification,2022-05-05,BABOOLALL Muhammad,ALI Djoumoi,MRI,COM,3,0,"11,11,11|6,3,3",,OTHER,MT,2578,Qualification,BABOOLALL Muhammad (MRI),ALI Djoumoi (COM),,,3 - 0,11:6 11:3 11:3,BABOOLALL Muhammad,2022
Eastern Africa WTTC Finals Qualification,2022-05-05,PONTOISE Jason,DAHALANI Said,MRI,COM,3,0,"11,11,11|8,2,6",,OTHER,MT,2578,Qualification,PONTOISE Jason (MRI),DAHALANI Said (COM),,,3 - 0,11:8 11:2 11:6,PONTOISE Jason,2022
Eastern Africa WTTC Finals Qualification,2022-05-05,YEE KIN SIEN Karen,HOUSSEIN Rahma,MRI,DJI,3,0,"11,11,11|1,5,5",,OTHER,WT,2578,Qualification,HOUSSEIN Rahma (DJI),YEE KIN SIEN Karen (MRI),,,0 - 3,1:11 5:11 5:11,YEE KIN SIEN Karen,2022
Eastern Africa WTTC Finals Qualification,2022-05-05,KINOO Ruqayyah,KAYED Saredo,MRI,DJI,3,0,"11,14,11|4,12,4",,OTHER,WT,2578,Qualification,KAYED Saredo (DJI),KINOO Ruqayyah (MRI),,,0 - 3,4:11 12:14 4:11,KINOO Ruqayyah,2022
Eastern Africa WTTC Finals Qualification,2022-05-05,DESSCANN Sandhana,OUMAR Nassima,MRI,DJI,3,1,"11,11,8,11|5,4,11,4",,OTHER,WT,2578,Qualification,OUMAR Nassima (DJI),DESSCANN Sandhana (MRI),,,1 - 3,5:11 4:11 11:8 4:11,DESSCANN Sandhana,2022
Eastern Africa WTTC Finals Qualification,2022-05-05,GULTI Marta,SARON Bereket Tesfay,ETH,ERI,3,0,"11,11,11|6,4,2",,OTHER,WT,2578,Qualification,GULTI Marta (ETH),SARON Bereket Tesfay (ERI),,,3 - 0,11:6 11:4 11:2,GULTI Marta,2022
Eastern Africa WTTC Finals Qualification,2022-05-05,MEKURIA Meron,RUTH Mengsteab Afeworki,ETH,ERI,3,0,"11,11,11|5,2,2",,OTHER,WT,2578,Qualification,MEKURIA Meron (ETH),RUTH Mengsteab Afeworki (ERI),,,3 - 0,11:5 11:2 11:2,MEKURIA Meron,2022
Eastern Africa WTTC Finals Qualification,2022-05-05,HABTE Saba,BERHE Hana,ETH,ERI,3,0,"11,11,11|6,2,5",,OTHER,WT,2578,Qualification,HABTE Saba (ETH),BERHE Hana (ERI),,,3 - 0,11:6 11:2 11:5,HABTE Saba,2022
Eastern Africa WTTC Finals Qualification,2022-05-05,NAPOOKOLI Phillip,DEBRU Denden,UGA,ERI,3,0,"11,11,11|4,5,3",,OTHER,MT,2578,Qualification,DEBRU Denden (ERI),NAPOOKOLI Phillip (UGA),,,0 - 3,4:11 5:11 3:11,NAPOOKOLI Phillip,2022
Eastern Africa WTTC Finals Qualification,2022-05-05,ACHUMA Benjamin Ebenezer,GHEBREIGZIABHER Sofanyas,UGA,ERI,3,1,"11,11,7,11|9,5,11,3",,OTHER,MT,2578,Qualification,GHEBREIGZIABHER Sofanyas (ERI),ACHUMA Benjamin Ebenezer (UGA),,,1 - 3,9:11 5:11 11:7 3:11,ACHUMA Benjamin Ebenezer,2022
Eastern Africa WTTC Finals Qualification,2022-05-05,KASOMA Desire,ELIAS Andemariam Okbu,UGA,ERI,3,0,"11,11,11|5,5,3",,OTHER,MT,2578,Qualification,ELIAS Andemariam Okbu (ERI),KASOMA Desire (UGA),,,0 - 3,5:11 5:11 3:11,KASOMA Desire,2022
Eastern Africa WTTC Finals Qualification,2022-05-05,NIYONIZIGIYE Eric,SULTAN Godfrey,RWA,SEY,3,1,"8,11,11,11|11,9,7,6",,OTHER,MT,2578,Qualification,SULTAN Godfrey (SEY),NIYONIZIGIYE Eric (RWA),,,1 - 3,11:8 9:11 7:11 6:11,NIYONIZIGIYE Eric,2022
Eastern Africa WTTC Finals Qualification,2022-05-05,HAHIRWABASENGA Didier,CREA Mick,RWA,SEY,3,1,"8,11,13,11|11,6,11,9",,OTHER,MT,2578,Qualification,CREA Mick (SEY),HAHIRWABASENGA Didier (RWA),,,1 - 3,11:8 6:11 11:13 9:11,HAHIRWABASENGA Didier,2022
Eastern Africa WTTC Finals Qualification,2022-05-05,BANANE Dorian,ISHIMWE Francois,SEY,RWA,3,1,"3,13,11,11|11,11,8,7",,OTHER,MT,2578,Qualification,BANANE Dorian (SEY),ISHIMWE Francois (RWA),,,3 - 1,3:11 13:11 11:8 11:7,BANANE Dorian,2022
Eastern Africa WTTC Finals Qualification,2022-05-05,HAHIRWABASENGA Didier,SULTAN Godfrey,RWA,SEY,3,1,"12,9,11,11|10,11,7,5",,OTHER,MT,2578,Qualification,SULTAN Godfrey (SEY),HAHIRWABASENGA Didier (RWA),,,1 - 3,10:12 11:9 7:11 5:11,HAHIRWABASENGA Didier,2022
Eastern Africa WTTC Finals Qualification,2022-05-05,BABOOLALL Muhammad,BOURHAN Abdourazak Abdallah,MRI,DJI,3,0,"15,14,11|13,12,6",,OTHER,MT,2578,Qualification,BOURHAN Abdourazak Abdallah (DJI),BABOOLALL Muhammad (MRI),,,0 - 3,13:15 12:14 6:11,BABOOLALL Muhammad,2022
Eastern Africa WTTC Finals Qualification,2022-05-05,CHAN YOOK FO Brian,MOHAMED Houmed Saido,MRI,DJI,3,1,"11,7,11,11|6,11,5,7",,OTHER,MT,2578,Qualification,MOHAMED Houmed Saido (DJI),CHAN YOOK FO Brian (MRI),,,1 - 3,6:11 11:7 5:11 7:11,CHAN YOOK FO Brian,2022
Eastern Africa WTTC Finals Qualification,2022-05-05,PONTOISE Jason,DJAMAL Ahmed,MRI,DJI,3,0,"11,11,11|5,8,5",,OTHER,MT,2578,Qualification,DJAMAL Ahmed (DJI),PONTOISE Jason (MRI),,,0 - 3,5:11 8:11 5:11,PONTOISE Jason,2022
Eastern Africa WTTC Finals Qualification,2022-05-05,DUFERA Darara,ALI Djoumoi,ETH,COM,3,0,"11,11,11|3,2,5",,OTHER,MT,2578,Qualification,ALI Djoumoi (COM),DUFERA Darara (ETH),,,0 - 3,3:11 2:11 5:11,DUFERA Darara,2022
Eastern Africa WTTC Finals Qualification,2022-05-05,FARIS Aden,MZEMBABA Ali,ETH,COM,3,0,"11,11,12|5,9,10",,OTHER,MT,2578,Qualification,MZEMBABA Ali (COM),FARIS Aden (ETH),,,0 - 3,5:11 9:11 10:12,FARIS Aden,2022
Eastern Africa WTTC Finals Qualification,2022-05-05,HABTEYES Melese,DAHALANI Said,ETH,COM,3,0,"11,11,11|2,2,3",,OTHER,MT,2578,Qualification,DAHALANI Said (COM),HABTEYES Melese (ETH),,,0 - 3,2:11 2:11 3:11,HABTEYES Melese,2022
Eastern Africa WTTC Finals Qualification,2022-05-05,YEE KIN SIEN Karen,KILINDO Christy,MRI,SEY,3,1,"11,10,11,11|4,12,6,6",,OTHER,WT,2578,Qualification,KILINDO Christy (SEY),YEE KIN SIEN Karen (MRI),,,1 - 3,4:11 12:10 6:11 6:11,YEE KIN SIEN Karen,2022
Eastern Africa WTTC Finals Qualification,2022-05-05,KINOO Ruqayyah,BENSTRONG Anniesa,MRI,SEY,3,1,"11,10,11,13|7,12,7,11",,OTHER,WT,2578,Qualification,BENSTRONG Anniesa (SEY),KINOO Ruqayyah (MRI),,,1 - 3,7:11 12:10 7:11 11:13,KINOO Ruqayyah,2022
Eastern Africa WTTC Finals Qualification,2022-05-05,SADOOLAH Zaynah,SINON Laura,MRI,SEY,3,0,"11,11,11|3,6,7",,OTHER,WT,2578,Qualification,SINON Laura (SEY),SADOOLAH Zaynah (MRI),,,0 - 3,3:11 6:11 7:11,SADOOLAH Zaynah,2022
Eastern Africa WTTC Finals Qualification,2022-05-05,GILLO Sentayehu Gebeyehu,NEKESA Irene,ETH,UGA,3,0,"0,0,0|0,0,0",,OTHER,WT,2578,Qualification,GILLO Sentayehu Gebeyehu (ETH),NEKESA Irene (UGA),,,3 - 0,0:0 0:0 0:0,GILLO Sentayehu Gebeyehu,2022
Eastern Africa WTTC Finals Qualification,2022-05-05,ABRHA Gidey,NANGONZI Judith,ETH,UGA,3,0,"0,0,0|0,0,0",,OTHER,WT,2578,Qualification,ABRHA Gidey (ETH),NANGONZI Judith (UGA),,,3 - 0,0:0 0:0 0:0,ABRHA Gidey,2022
Eastern Africa WTTC Finals Qualification,2022-05-05,HABTE Saba,NAKHUMITSA Rita,ETH,UGA,3,0,"0,0,0|0,0,0",,OTHER,WT,2578,Qualification,HABTE Saba (ETH),NAKHUMITSA Rita (UGA),,,3 - 0,0:0 0:0 0:0,HABTE Saba,2022
Eastern Africa WTTC Finals Qualification,2022-05-05,ACHUMA Benjamin Ebenezer,NIYONIZIGIYE Eric,UGA,RWA,3,1,"11,7,12,15|3,11,10,13",,OTHER,MT,2578,Qualification,ACHUMA Benjamin Ebenezer (UGA),NIYONIZIGIYE Eric (RWA),,,3 - 1,11:3 7:11 12:10 15:13,ACHUMA Benjamin Ebenezer,2022
Eastern Africa WTTC Finals Qualification,2022-05-05,NAPOOKOLI Phillip,HAHIRWABASENGA Didier,UGA,RWA,3,1,"11,11,8,17|5,6,11,15",,OTHER,MT,2578,Qualification,NAPOOKOLI Phillip (UGA),HAHIRWABASENGA Didier (RWA),,,3 - 1,11:5 11:6 8:11 17:15,NAPOOKOLI Phillip,2022
Eastern Africa WTTC Finals Qualification,2022-05-05,ISHIMWE Francois,KASOMA Desire,RWA,UGA,3,2,"4,8,11,11,11|11,11,7,9,7",,OTHER,MT,2578,Qualification,KASOMA Desire (UGA),ISHIMWE Francois (RWA),,,2 - 3,11:4 11:8 7:11 9:11 7:11,ISHIMWE Francois,2022
Eastern Africa WTTC Finals Qualification,2022-05-05,ACHUMA Benjamin Ebenezer,HAHIRWABASENGA Didier,UGA,RWA,3,1,"13,8,11,11|11,11,3,8",,OTHER,MT,2578,Qualification,ACHUMA Benjamin Ebenezer (UGA),HAHIRWABASENGA Didier (RWA),,,3 - 1,13:11 8:11 11:3 11:8,ACHUMA Benjamin Ebenezer,2022
Eastern Africa WTTC Finals Qualification,2022-05-05,CREA Mick,ELIAS Andemariam Okbu,SEY,ERI,3,0,"11,11,11|2,9,5",,OTHER,MT,2578,Qualification,ELIAS Andemariam Okbu (ERI),CREA Mick (SEY),,,0 - 3,2:11 9:11 5:11,CREA Mick,2022
Eastern Africa WTTC Finals Qualification,2022-05-05,SULTAN Godfrey,GHEBREIGZIABHER Sofanyas,SEY,ERI,3,0,"11,11,11|9,9,8",,OTHER,MT,2578,Qualification,GHEBREIGZIABHER Sofanyas (ERI),SULTAN Godfrey (SEY),,,0 - 3,9:11 9:11 8:11,SULTAN Godfrey,2022
Eastern Africa WTTC Finals Qualification,2022-05-05,BANANE Dorian,DEBRU Denden,SEY,ERI,3,1,"10,11,11,11|12,5,9,5",,OTHER,MT,2578,Qualification,DEBRU Denden (ERI),BANANE Dorian (SEY),,,1 - 3,12:10 5:11 9:11 5:11,BANANE Dorian,2022
Eastern Africa WTTC Finals Qualification,2022-05-05,MZEMBABA Ali,MOHAMED Houmed Saido,COM,DJI,3,0,"12,11,11|10,5,1",,OTHER,MT,2578,Qualification,MOHAMED Houmed Saido (DJI),MZEMBABA Ali (COM),,,0 - 3,10:12 5:11 1:11,MZEMBABA Ali,2022
Eastern Africa WTTC Finals Qualification,2022-05-05,BOURHAN Abdourazak Abdallah,ALI Djoumoi,DJI,COM,3,0,"11,11,11|4,1,1",,OTHER,MT,2578,Qualification,BOURHAN Abdourazak Abdallah (DJI),ALI Djoumoi (COM),,,3 - 0,11:4 11:1 11:1,BOURHAN Abdourazak Abdallah,2022
Eastern Africa WTTC Finals Qualification,2022-05-05,GOULED Osman,DAHALANI Said,DJI,COM,3,0,"11,11,11|5,6,5",,OTHER,MT,2578,Qualification,GOULED Osman (DJI),DAHALANI Said (COM),,,3 - 0,11:5 11:6 11:5,GOULED Osman,2022
Eastern Africa WTTC Finals Qualification,2022-05-05,MOHAMED Houmed Saido,ALI Djoumoi,DJI,COM,3,0,"11,11,11|3,6,3",,OTHER,MT,2578,Qualification,MOHAMED Houmed Saido (DJI),ALI Djoumoi (COM),,,3 - 0,11:3 11:6 11:3,MOHAMED Houmed Saido,2022
Eastern Africa WTTC Finals Qualification,2022-05-05,BABOOLALL Muhammad,ABEJE Eyob Sissay,MRI,ETH,3,0,"12,11,11|10,9,9",,OTHER,MT,2578,Qualification,ABEJE Eyob Sissay (ETH),BABOOLALL Muhammad (MRI),,,0 - 3,10:12 9:11 9:11,BABOOLALL Muhammad,2022
Eastern Africa WTTC Finals Qualification,2022-05-05,DUFERA Darara,PONTOISE Jason,ETH,MRI,3,0,"11,11,17|4,8,15",,OTHER,MT,2578,Qualification,DUFERA Darara (ETH),PONTOISE Jason (MRI),,,3 - 0,11:4 11:8 17:15,DUFERA Darara,2022
Eastern Africa WTTC Finals Qualification,2022-05-05,CHAN YOOK FO Brian,HADSH Amanual,MRI,ETH,3,1,"11,5,11,12|5,11,6,10",,OTHER,MT,2578,Qualification,HADSH Amanual (ETH),CHAN YOOK FO Brian (MRI),,,1 - 3,5:11 11:5 6:11 10:12,CHAN YOOK FO Brian,2022
Eastern Africa WTTC Finals Qualification,2022-05-05,PONTOISE Jason,ABEJE Eyob Sissay,MRI,ETH,3,1,"8,11,13,11|11,6,11,5",,OTHER,MT,2578,Qualification,ABEJE Eyob Sissay (ETH),PONTOISE Jason (MRI),,,1 - 3,11:8 6:11 11:13 5:11,PONTOISE Jason,2022
Eastern Africa WTTC Finals Qualification,2022-05-05,HOUSSEIN Rahma,KILINDO Christy,DJI,SEY,3,2,"11,6,12,10,11|5,11,10,12,8",,OTHER,WT,2578,Qualification,HOUSSEIN Rahma (DJI),KILINDO Christy (SEY),,,3 - 2,11:5 6:11 12:10 10:12 11:8,HOUSSEIN Rahma,2022
Eastern Africa WTTC Finals Qualification,2022-05-05,BENSTRONG Anniesa,OUMAR Nassima,SEY,DJI,3,0,"11,11,11|5,7,3",,OTHER,WT,2578,Qualification,OUMAR Nassima (DJI),BENSTRONG Anniesa (SEY),,,0 - 3,5:11 7:11 3:11,BENSTRONG Anniesa,2022
Eastern Africa WTTC Finals Qualification,2022-05-05,KAYED Saredo,SINON Laura,DJI,SEY,3,1,"9,11,11,11|11,8,3,4",,OTHER,WT,2578,Qualification,KAYED Saredo (DJI),SINON Laura (SEY),,,3 - 1,9:11 11:8 11:3 11:4,KAYED Saredo,2022
Eastern Africa WTTC Finals Qualification,2022-05-05,BENSTRONG Anniesa,HOUSSEIN Rahma,SEY,DJI,3,0,"11,11,11|5,8,5",,OTHER,WT,2578,Qualification,HOUSSEIN Rahma (DJI),BENSTRONG Anniesa (SEY),,,0 - 3,5:11 8:11 5:11,BENSTRONG Anniesa,2022
Eastern Africa WTTC Finals Qualification,2022-05-05,KILINDO Christy,OUMAR Nassima,SEY,DJI,3,0,"11,11,11|9,5,6",,OTHER,WT,2578,Qualification,OUMAR Nassima (DJI),KILINDO Christy (SEY),,,0 - 3,9:11 5:11 6:11,KILINDO Christy,2022
Eastern Africa WTTC Finals Qualification,2022-05-05,NAKHUMITSA Rita,RUTH Mengsteab Afeworki,UGA,ERI,3,0,"11,11,11|4,3,5",,OTHER,WT,2578,Qualification,RUTH Mengsteab Afeworki (ERI),NAKHUMITSA Rita (UGA),,,0 - 3,4:11 3:11 5:11,NAKHUMITSA Rita,2022
Eastern Africa WTTC Finals Qualification,2022-05-05,NANGONZI Judith,SARON Bereket Tesfay,UGA,ERI,3,0,"11,11,11|5,7,3",,OTHER,WT,2578,Qualification,SARON Bereket Tesfay (ERI),NANGONZI Judith (UGA),,,0 - 3,5:11 7:11 3:11,NANGONZI Judith,2022
Eastern Africa WTTC Finals Qualification,2022-05-05,SEERA Florence,BERHE Hana,UGA,ERI,3,0,"11,12,11|5,10,6",,OTHER,WT,2578,Qualification,BERHE Hana (ERI),SEERA Florence (UGA),,,0 - 3,5:11 10:12 6:11,SEERA Florence,2022
Eastern Africa WTTC Finals Qualification,2022-05-05,DUFERA Darara,ANKUNDA Samuel,ETH,UGA,3,0,"11,11,11|7,5,9",SemiFinal,OTHER,MT,2578,Main Draw,DUFERA Darara (ETH),ANKUNDA Samuel (UGA),,,3 - 0,11:7 11:5 11:9,DUFERA Darara,2022
Eastern Africa WTTC Finals Qualification,2022-05-05,FARIS Aden,ACHUMA Benjamin Ebenezer,ETH,UGA,3,2,"8,8,11,11,11|11,11,8,5,5",SemiFinal,OTHER,MT,2578,Main Draw,FARIS Aden (ETH),ACHUMA Benjamin Ebenezer (UGA),,,3 - 2,8:11 8:11 11:8 11:5 11:5,FARIS Aden,2022
Eastern Africa WTTC Finals Qualification,2022-05-05,NAPOOKOLI Phillip,HABTEYES Melese,UGA,ETH,3,2,"4,11,7,11,11|11,7,11,8,9",SemiFinal,OTHER,MT,2578,Main Draw,HABTEYES Melese (ETH),NAPOOKOLI Phillip (UGA),,,2 - 3,11:4 7:11 11:7 8:11 9:11,NAPOOKOLI Phillip,2022
Eastern Africa WTTC Finals Qualification,2022-05-05,DUFERA Darara,ACHUMA Benjamin Ebenezer,ETH,UGA,3,0,"11,11,11|8,4,9",SemiFinal,OTHER,MT,2578,Main Draw,DUFERA Darara (ETH),ACHUMA Benjamin Ebenezer (UGA),,,3 - 0,11:8 11:4 11:9,DUFERA Darara,2022
Eastern Africa WTTC Finals Qualification,2022-05-05,BABOOLALL Muhammad,NIYONIZIGIYE Eric,MRI,RWA,3,0,"11,11,11|6,7,3",SemiFinal,OTHER,MT,2578,Main Draw,BABOOLALL Muhammad (MRI),NIYONIZIGIYE Eric (RWA),,,3 - 0,11:6 11:7 11:3,BABOOLALL Muhammad,2022
Eastern Africa WTTC Finals Qualification,2022-05-05,CHAN YOOK FO Brian,HAHIRWABASENGA Didier,MRI,RWA,3,0,"11,11,11|8,6,7",SemiFinal,OTHER,MT,2578,Main Draw,CHAN YOOK FO Brian (MRI),HAHIRWABASENGA Didier (RWA),,,3 - 0,11:8 11:6 11:7,CHAN YOOK FO Brian,2022
Eastern Africa WTTC Finals Qualification,2022-05-05,DESSCANN Ryan,ISHIMWE Francois,MRI,RWA,3,0,"11,13,11|6,11,7",SemiFinal,OTHER,MT,2578,Main Draw,DESSCANN Ryan (MRI),ISHIMWE Francois (RWA),,,3 - 0,11:6 13:11 11:7,DESSCANN Ryan,2022
Eastern Africa WTTC Finals Qualification,2022-05-05,NANGONZI Judith,KINOO Ruqayyah,UGA,MRI,3,0,"11,11,11|8,9,6",SemiFinal,OTHER,WT,2578,Main Draw,KINOO Ruqayyah (MRI),NANGONZI Judith (UGA),,,0 - 3,8:11 9:11 6:11,NANGONZI Judith,2022
Eastern Africa WTTC Finals Qualification,2022-05-05,YEE KIN SIEN Karen,NAKHUMITSA Rita,MRI,UGA,3,2,"8,11,11,6,11|11,8,9,11,5",SemiFinal,OTHER,WT,2578,Main Draw,YEE KIN SIEN Karen (MRI),NAKHUMITSA Rita (UGA),,,3 - 2,8:11 11:8 11:9 6:11 11:5,YEE KIN SIEN Karen,2022
Eastern Africa WTTC Finals Qualification,2022-05-05,DESSCANN Sandhana,SEERA Florence,MRI,UGA,3,0,"11,11,13|7,9,11",SemiFinal,OTHER,WT,2578,Main Draw,DESSCANN Sandhana (MRI),SEERA Florence (UGA),,,3 - 0,11:7 11:9 13:11,DESSCANN Sandhana,2022
Eastern Africa WTTC Finals Qualification,2022-05-05,KINOO Ruqayyah,NAKHUMITSA Rita,MRI,UGA,3,1,"11,2,12,11|4,11,10,2",SemiFinal,OTHER,WT,2578,Main Draw,KINOO Ruqayyah (MRI),NAKHUMITSA Rita (UGA),,,3 - 1,11:4 2:11 12:10 11:2,KINOO Ruqayyah,2022
Eastern Africa WTTC Finals Qualification,2022-05-05,MEKURIA Meron,KILINDO Christy,ETH,SEY,3,0,"11,11,11|5,6,2",SemiFinal,OTHER,WT,2578,Main Draw,KILINDO Christy (SEY),MEKURIA Meron (ETH),,,0 - 3,5:11 6:11 2:11,MEKURIA Meron,2022
Eastern Africa WTTC Finals Qualification,2022-05-05,GULTI Marta,BENSTRONG Anniesa,ETH,SEY,3,2,"11,6,9,11,11|9,11,11,6,5",SemiFinal,OTHER,WT,2578,Main Draw,BENSTRONG Anniesa (SEY),GULTI Marta (ETH),,,2 - 3,9:11 11:6 11:9 6:11 5:11,GULTI Marta,2022
Eastern Africa WTTC Finals Qualification,2022-05-05,HABTE Saba,SINON Laura,ETH,SEY,3,0,"11,11,11|3,1,4",SemiFinal,OTHER,WT,2578,Main Draw,SINON Laura (SEY),HABTE Saba (ETH),,,0 - 3,3:11 1:11 4:11,HABTE Saba,2022
Eastern Africa WTTC Finals Qualification,2022-05-05,DUFERA Darara,BABOOLALL Muhammad,ETH,MRI,3,0,"11,14,11|7,12,6",Final,OTHER,MT,2578,Main Draw,DUFERA Darara (ETH),BABOOLALL Muhammad (MRI),,,3 - 0,11:7 14:12 11:6,DUFERA Darara,2022
Eastern Africa WTTC Finals Qualification,2022-05-05,CHAN YOOK FO Brian,FARIS Aden,MRI,ETH,3,0,"11,11,11|4,2,4",Final,OTHER,MT,2578,Main Draw,FARIS Aden (ETH),CHAN YOOK FO Brian (MRI),,,0 - 3,4:11 2:11 4:11,CHAN YOOK FO Brian,2022
Eastern Africa WTTC Finals Qualification,2022-05-05,DUFERA Darara,CHAN YOOK FO Brian,ETH,MRI,3,1,"11,11,8,11|7,6,11,8",Final,OTHER,MT,2578,Main Draw,DUFERA Darara (ETH),CHAN YOOK FO Brian (MRI),,,3 - 1,11:7 11:6 8:11 11:8,DUFERA Darara,2022
Eastern Africa WTTC Finals Qualification,2022-05-05,BABOOLALL Muhammad,FARIS Aden,MRI,ETH,3,1,"11,11,6,12|5,3,11,10",Final,OTHER,MT,2578,Main Draw,FARIS Aden (ETH),BABOOLALL Muhammad (MRI),,,1 - 3,5:11 3:11 11:6 10:12,BABOOLALL Muhammad,2022
Eastern Africa WTTC Finals Qualification,2022-05-05,GULTI Marta,YEE KIN SIEN Karen,ETH,MRI,3,0,"11,11,12|8,5,10",Final,OTHER,WT,2578,Main Draw,GULTI Marta (ETH),YEE KIN SIEN Karen (MRI),,,3 - 0,11:8 11:5 12:10,GULTI Marta,2022
Eastern Africa WTTC Finals Qualification,2022-05-05,HABTE Saba,KINOO Ruqayyah,ETH,MRI,3,2,"11,6,9,12,11|8,11,11,10,8",Final,OTHER,WT,2578,Main Draw,HABTE Saba (ETH),KINOO Ruqayyah (MRI),,,3 - 2,11:8 6:11 9:11 12:10 11:8,HABTE Saba,2022
Eastern Africa WTTC Finals Qualification,2022-05-05,DESSCANN Sandhana,MEKURIA Meron,MRI,ETH,3,0,"12,11,14|10,7,12",Final,OTHER,WT,2578,Main Draw,MEKURIA Meron (ETH),DESSCANN Sandhana (MRI),,,0 - 3,10:12 7:11 12:14,DESSCANN Sandhana,2022
Eastern Africa WTTC Finals Qualification,2022-05-05,GULTI Marta,KINOO Ruqayyah,ETH,MRI,3,2,"11,1,12,11,11|9,11,10,13,9",Final,OTHER,WT,2578,Main Draw,GULTI Marta (ETH),KINOO Ruqayyah (MRI),,,3 - 2,11:9 1:11 12:10 11:13 11:9,GULTI Marta,2022
Eastern Africa WTTC Finals Qualification,2022-05-05,ANKUNDA Samuel,NIYONIZIGIYE Eric,UGA,RWA,3,2,"9,11,7,11,11|11,5,11,7,4",2,OTHER,MT,2578,Position Draw,ANKUNDA Samuel (UGA),NIYONIZIGIYE Eric (RWA),,,3 - 2,9:11 11:5 7:11 11:7 11:4,ANKUNDA Samuel,2022
Eastern Africa WTTC Finals Qualification,2022-05-05,ISHIMWE Francois,NAPOOKOLI Phillip,RWA,UGA,3,1,"8,13,12,11|11,11,10,8",2,OTHER,MT,2578,Position Draw,NAPOOKOLI Phillip (UGA),ISHIMWE Francois (RWA),,,1 - 3,11:8 11:13 10:12 8:11,ISHIMWE Francois,2022
Eastern Africa WTTC Finals Qualification,2022-05-05,HAHIRWABASENGA Didier,ANKUNDA Samuel,RWA,UGA,3,1,"13,11,10,11|11,7,12,8",2,OTHER,MT,2578,Position Draw,ANKUNDA Samuel (UGA),HAHIRWABASENGA Didier (RWA),,,1 - 3,11:13 7:11 12:10 8:11,HAHIRWABASENGA Didier,2022
Eastern Africa WTTC Finals Qualification,2022-05-05,NANGONZI Judith,KILINDO Christy,UGA,SEY,3,0,"11,11,11|9,4,3",2,OTHER,WT,2578,Position Draw,NANGONZI Judith (UGA),KILINDO Christy (SEY),,,3 - 0,11:9 11:4 11:3,NANGONZI Judith,2022
Eastern Africa WTTC Finals Qualification,2022-05-05,BENSTRONG Anniesa,NAKHUMITSA Rita,SEY,UGA,3,1,"11,9,11,11|6,11,5,9",2,OTHER,WT,2578,Position Draw,NAKHUMITSA Rita (UGA),BENSTRONG Anniesa (SEY),,,1 - 3,6:11 11:9 5:11 9:11,BENSTRONG Anniesa,2022
Eastern Africa WTTC Finals Qualification,2022-05-05,NAKAWALA Jemimah,SINON Laura,UGA,SEY,3,0,"11,11,11|3,3,4",2,OTHER,WT,2578,Position Draw,NAKAWALA Jemimah (UGA),SINON Laura (SEY),,,3 - 0,11:3 11:3 11:4,NAKAWALA Jemimah,2022
Eastern Africa WTTC Finals Qualification,2022-05-05,BENSTRONG Anniesa,NANGONZI Judith,SEY,UGA,3,2,"11,11,10,10,11|2,4,12,12,3",2,OTHER,WT,2578,Position Draw,NANGONZI Judith (UGA),BENSTRONG Anniesa (SEY),,,2 - 3,2:11 4:11 12:10 12:10 3:11,BENSTRONG Anniesa,2022
Eastern Africa WTTC Finals Qualification,2022-05-05,KILINDO Christy,NAKHUMITSA Rita,SEY,UGA,3,1,"9,11,11,11|11,7,9,9",2,OTHER,WT,2578,Position Draw,NAKHUMITSA Rita (UGA),KILINDO Christy (SEY),,,1 - 3,11:9 7:11 9:11 9:11,KILINDO Christy,2022
Eastern Africa WTTC Finals Qualification,2022-05-05,CHAN YOOK FO Brian,ABDIRAHIM Halimo,MRI,SOM,3,0,"11,11,11|1,3,5",,OTHER,MS,2578,Qualification,CHAN YOOK FO Brian (MRI),ABDIRAHIM Halimo (SOM),,,3 - 0,11:1 11:3 11:5,CHAN YOOK FO Brian,2022
Eastern Africa WTTC Finals Qualification,2022-05-05,BABOOLALL Muhammad,ZERIHUN Awraris,MRI,ETH,3,1,"11,11,3,11|5,8,11,3",,OTHER,MS,2578,Qualification,BABOOLALL Muhammad (MRI),ZERIHUN Awraris (ETH),,,3 - 1,11:5 11:8 3:11 11:3,BABOOLALL Muhammad,2022
Eastern Africa WTTC Finals Qualification,2022-05-05,DJAMAL Ahmed,ABDIRAHIM Nimo,DJI,SOM,3,0,"11,11,11|3,3,3",,OTHER,MS,2578,Qualification,DJAMAL Ahmed (DJI),ABDIRAHIM Nimo (SOM),,,3 - 0,11:3 11:3 11:3,DJAMAL Ahmed,2022
Eastern Africa WTTC Finals Qualification,2022-05-05,ACHUMA Benjamin Ebenezer,BANANE Dorian,UGA,SEY,3,0,"11,11,11|9,6,5",,OTHER,MS,2578,Qualification,BANANE Dorian (SEY),ACHUMA Benjamin Ebenezer (UGA),,,0 - 3,9:11 6:11 5:11,ACHUMA Benjamin Ebenezer,2022
Eastern Africa WTTC Finals Qualification,2022-05-05,CREA Mick,MUTURI Peter,SEY,KEN,3,0,"0,0,0|0,0,0",,OTHER,MS,2578,Qualification,CREA Mick (SEY),MUTURI Peter (KEN),,,3 - 0,0:0 0:0 0:0,CREA Mick,2022
Eastern Africa WTTC Finals Qualification,2022-05-05,SULTAN Godfrey,MUTURI Kevin,SEY,KEN,3,0,"0,0,0|0,0,0",,OTHER,MS,2578,Qualification,SULTAN Godfrey (SEY),MUTURI Kevin (KEN),,,3 - 0,0:0 0:0 0:0,SULTAN Godfrey,2022
Eastern Africa WTTC Finals Qualification,2022-05-05,GEBRA Natanim,MUTUA Brian,ETH,KEN,3,0,"0,0,0|0,0,0",,OTHER,MS,2578,Qualification,MUTUA Brian (KEN),GEBRA Natanim (ETH),,,0 - 3,0:0 0:0 0:0,GEBRA Natanim,2022
Eastern Africa WTTC Finals Qualification,2022-05-05,MIIRO Diouf,WANDERA Josiah,UGA,KEN,3,0,"0,0,0|0,0,0",,OTHER,MS,2578,Qualification,WANDERA Josiah (KEN),MIIRO Diouf (UGA),,,0 - 3,0:0 0:0 0:0,MIIRO Diouf,2022
Eastern Africa WTTC Finals Qualification,2022-05-05,ABEJE Eyob Sissay,NIYONIZIGIYE Eric,ETH,RWA,3,0,"12,11,11|10,4,7",,OTHER,MS,2578,Qualification,ABEJE Eyob Sissay (ETH),NIYONIZIGIYE Eric (RWA),,,3 - 0,12:10 11:4 11:7,ABEJE Eyob Sissay,2022
Eastern Africa WTTC Finals Qualification,2022-05-05,ANKUNDA Samuel,ELIAS Andemariam Okbu,UGA,ERI,3,0,"11,11,11|5,4,1",,OTHER,MS,2578,Qualification,ELIAS Andemariam Okbu (ERI),ANKUNDA Samuel (UGA),,,0 - 3,5:11 4:11 1:11,ANKUNDA Samuel,2022
Eastern Africa WTTC Finals Qualification,2022-05-05,HAHIRWABASENGA Didier,MOHAMED Houmed Saido,RWA,DJI,3,1,"6,11,11,11|11,9,7,8",,OTHER,MS,2578,Qualification,MOHAMED Houmed Saido (DJI),HAHIRWABASENGA Didier (RWA),,,1 - 3,11:6 9:11 7:11 8:11,HAHIRWABASENGA Didier,2022
Eastern Africa WTTC Finals Qualification,2022-05-05,BOURHAN Abdourazak Abdallah,YONA Jensen,DJI,KEN,3,0,"0,0,0|0,0,0",,OTHER,MS,2578,Qualification,BOURHAN Abdourazak Abdallah (DJI),YONA Jensen (KEN),,,3 - 0,0:0 0:0 0:0,BOURHAN Abdourazak Abdallah,2022
Eastern Africa WTTC Finals Qualification,2022-05-05,FARIS Aden,NAPOOKOLI Phillip,ETH,UGA,3,0,"11,13,11|3,11,5",,OTHER,MS,2578,Qualification,FARIS Aden (ETH),NAPOOKOLI Phillip (UGA),,,3 - 0,11:3 13:11 11:5,FARIS Aden,2022
Eastern Africa WTTC Finals Qualification,2022-05-05,HABTEYES Melese,DESSCANN Ryan,ETH,MRI,3,2,"11,14,2,10,11|7,12,11,12,9",,OTHER,MS,2578,Qualification,HABTEYES Melese (ETH),DESSCANN Ryan (MRI),,,3 - 2,11:7 14:12 2:11 10:12 11:9,HABTEYES Melese,2022
Eastern Africa WTTC Finals Qualification,2022-05-05,KASOMA Desire,MOUSSA Hodari,UGA,COM,3,0,"0,0,0|0,0,0",,OTHER,MS,2578,Qualification,MOUSSA Hodari (COM),KASOMA Desire (UGA),,,0 - 3,0:0 0:0 0:0,KASOMA Desire,2022
Eastern Africa WTTC Finals Qualification,2022-05-05,KINOO Ruqayyah,PARANJO Rufina,MRI,KEN,3,0,"0,0,0|0,0,0",,OTHER,WS,2578,Qualification,KINOO Ruqayyah (MRI),PARANJO Rufina (KEN),,,3 - 0,0:0 0:0 0:0,KINOO Ruqayyah,2022
Eastern Africa WTTC Finals Qualification,2022-05-05,FTWI Fana,HOUSSEIN Rahma,ETH,DJI,3,0,"11,11,11|5,4,2",,OTHER,WS,2578,Qualification,HOUSSEIN Rahma (DJI),FTWI Fana (ETH),,,0 - 3,5:11 4:11 2:11,FTWI Fana,2022
Eastern Africa WTTC Finals Qualification,2022-05-05,DESSCANN Sandhana,MEKONNEN Kenean Getu,MRI,ETH,3,0,"11,11,11|5,4,2",,OTHER,WS,2578,Qualification,DESSCANN Sandhana (MRI),MEKONNEN Kenean Getu (ETH),,,3 - 0,11:5 11:4 11:2,DESSCANN Sandhana,2022
Eastern Africa WTTC Finals Qualification,2022-05-05,GILLO Sentayehu Gebeyehu,YEE KIN SIEN Karen,ETH,MRI,3,1,"6,11,11,11|11,7,4,8",,OTHER,WS,2578,Qualification,YEE KIN SIEN Karen (MRI),GILLO Sentayehu Gebeyehu (ETH),,,1 - 3,11:6 7:11 4:11 8:11,GILLO Sentayehu Gebeyehu,2022
Eastern Africa WTTC Finals Qualification,2022-05-05,GULTI Marta,KILINDO Christy,ETH,SEY,3,0,"11,11,12|7,9,10",,OTHER,WS,2578,Qualification,GULTI Marta (ETH),KILINDO Christy (SEY),,,3 - 0,11:7 11:9 12:10,GULTI Marta,2022
Eastern Africa WTTC Finals Qualification,2022-05-05,ABRHA Gidey,THAKKAR Sejal,ETH,KEN,3,0,"0,0,0|0,0,0",,OTHER,WS,2578,Qualification,ABRHA Gidey (ETH),THAKKAR Sejal (KEN),,,3 - 0,0:0 0:0 0:0,ABRHA Gidey,2022
Eastern Africa WTTC Finals Qualification,2022-05-05,BENSTRONG Anniesa,SADOOLAH Zaynah,SEY,MRI,3,2,"8,11,8,11,11|11,7,11,5,6",,OTHER,WS,2578,Qualification,SADOOLAH Zaynah (MRI),BENSTRONG Anniesa (SEY),,,2 - 3,11:8 7:11 11:8 5:11 6:11,BENSTRONG Anniesa,2022
Eastern Africa WTTC Finals Qualification,2022-05-05,SEERA Florence,SINON Laura,UGA,SEY,3,0,"11,11,11|9,3,2",,OTHER,WS,2578,Qualification,SINON Laura (SEY),SEERA Florence (UGA),,,0 - 3,9:11 3:11 2:11,SEERA Florence,2022
Eastern Africa WTTC Finals Qualification,2022-05-05,NAKAWALA Jemimah,DEJENE Yordanos,UGA,ETH,3,2,"3,7,12,11,12|11,11,10,3,10",,OTHER,WS,2578,Qualification,DEJENE Yordanos (ETH),NAKAWALA Jemimah (UGA),,,2 - 3,11:3 11:7 10:12 3:11 10:12,NAKAWALA Jemimah,2022
Eastern Africa WTTC Finals Qualification,2022-05-05,MEKURIA Meron,NANGONZI Judith,ETH,UGA,3,1,"12,11,5,11|10,6,11,9",,OTHER,WS,2578,Qualification,MEKURIA Meron (ETH),NANGONZI Judith (UGA),,,3 - 1,12:10 11:6 5:11 11:9,MEKURIA Meron,2022
Eastern Africa WTTC Finals Qualification,2022-05-05,HABTE Saba,NEKESA Irene,ETH,UGA,3,0,"11,11,11|4,6,8",,OTHER,WS,2578,Qualification,HABTE Saba (ETH),NEKESA Irene (UGA),,,3 - 0,11:4 11:6 11:8,HABTE Saba,2022
Eastern Africa WTTC Finals Qualification,2022-05-05,GEBRU Eskedar,NAKHUMITSA Rita,ETH,UGA,3,0,"11,11,11|7,9,5",,OTHER,WS,2578,Qualification,NAKHUMITSA Rita (UGA),GEBRU Eskedar (ETH),,,0 - 3,7:11 9:11 5:11,GEBRU Eskedar,2022
Eastern Africa WTTC Finals Qualification,2022-05-05,CHAN YOOK FO Brian,DENBOBA Amanuel,MRI,ETH,3,1,"6,11,11,11|11,2,9,4",,OTHER,MS,2578,Qualification,CHAN YOOK FO Brian (MRI),DENBOBA Amanuel (ETH),,,3 - 1,6:11 11:2 11:9 11:4,CHAN YOOK FO Brian,2022
Eastern Africa WTTC Finals Qualification,2022-05-05,BABOOLALL Muhammad,DAHALANI Said,MRI,COM,3,0,"11,11,11|2,6,7",,OTHER,MS,2578,Qualification,BABOOLALL Muhammad (MRI),DAHALANI Said (COM),,,3 - 0,11:2 11:6 11:7,BABOOLALL Muhammad,2022
Eastern Africa WTTC Finals Qualification,2022-05-05,DJAMAL Ahmed,HADSH Daneil,DJI,ETH,3,2,"11,12,11,6,11|5,14,7,11,9",,OTHER,MS,2578,Qualification,DJAMAL Ahmed (DJI),HADSH Daneil (ETH),,,3 - 2,11:5 12:14 11:7 6:11 11:9,DJAMAL Ahmed,2022
Eastern Africa WTTC Finals Qualification,2022-05-05,BEYENE Endalkachew,BANANE Dorian,ETH,SEY,3,0,"11,11,11|2,4,3",,OTHER,MS,2578,Qualification,BANANE Dorian (SEY),BEYENE Endalkachew (ETH),,,0 - 3,2:11 4:11 3:11,BEYENE Endalkachew,2022
Eastern Africa WTTC Finals Qualification,2022-05-05,CREA Mick,HOUD Abdourahman,SEY,DJI,3,2,"11,9,11,9,12|6,11,8,11,10",,OTHER,MS,2578,Qualification,CREA Mick (SEY),HOUD Abdourahman (DJI),,,3 - 2,11:6 9:11 11:8 9:11 12:10,CREA Mick,2022
Eastern Africa WTTC Finals Qualification,2022-05-05,SULTAN Godfrey,GOULED Osman,SEY,DJI,3,1,"11,11,11,11|9,13,6,8",,OTHER,MS,2578,Qualification,SULTAN Godfrey (SEY),GOULED Osman (DJI),,,3 - 1,11:9 11:13 11:6 11:8,SULTAN Godfrey,2022
Eastern Africa WTTC Finals Qualification,2022-05-05,DUFERA Darara,DEBRU Denden,ETH,ERI,3,0,"11,11,11|4,6,6",,OTHER,MS,2578,Qualification,DUFERA Darara (ETH),DEBRU Denden (ERI),,,3 - 0,11:4 11:6 11:6,DUFERA Darara,2022
Eastern Africa WTTC Finals Qualification,2022-05-05,GHEBREIGZIABHER Sofanyas,MUTUA Brian,ERI,KEN,3,0,"0,0,0|0,0,0",,OTHER,MS,2578,Qualification,MUTUA Brian (KEN),GHEBREIGZIABHER Sofanyas (ERI),,,0 - 3,0:0 0:0 0:0,GHEBREIGZIABHER Sofanyas,2022
Eastern Africa WTTC Finals Qualification,2022-05-05,ALI Djoumoi,WANDERA Josiah,COM,KEN,3,0,"0,0,0|0,0,0",,OTHER,MS,2578,Qualification,WANDERA Josiah (KEN),ALI Djoumoi (COM),,,0 - 3,0:0 0:0 0:0,ALI Djoumoi,2022
Eastern Africa WTTC Finals Qualification,2022-05-05,ABEJE Eyob Sissay,MZEMBABA Ali,ETH,COM,3,0,"11,11,11|4,6,3",,OTHER,MS,2578,Qualification,ABEJE Eyob Sissay (ETH),MZEMBABA Ali (COM),,,3 - 0,11:4 11:6 11:3,ABEJE Eyob Sissay,2022
Eastern Africa WTTC Finals Qualification,2022-05-05,HADSH Amanual,MOHAMED Houmed Saido,ETH,DJI,3,0,"11,11,11|6,6,8",,OTHER,MS,2578,Qualification,MOHAMED Houmed Saido (DJI),HADSH Amanual (ETH),,,0 - 3,6:11 6:11 8:11,HADSH Amanual,2022
Eastern Africa WTTC Finals Qualification,2022-05-05,FARIS Aden,BOURHAN Abdourazak Abdallah,ETH,DJI,3,1,"7,11,11,11|11,8,4,4",,OTHER,MS,2578,Qualification,BOURHAN Abdourazak Abdallah (DJI),FARIS Aden (ETH),,,1 - 3,11:7 8:11 4:11 4:11,FARIS Aden,2022
Eastern Africa WTTC Finals Qualification,2022-05-05,NAPOOKOLI Phillip,YONA Jensen,UGA,KEN,3,0,"0,0,0|0,0,0",,OTHER,MS,2578,Qualification,YONA Jensen (KEN),NAPOOKOLI Phillip (UGA),,,0 - 3,0:0 0:0 0:0,NAPOOKOLI Phillip,2022
Eastern Africa WTTC Finals Qualification,2022-05-05,HABTEYES Melese,MOUSSA Hodari,ETH,COM,3,0,"0,0,0|0,0,0",,OTHER,MS,2578,Qualification,HABTEYES Melese (ETH),MOUSSA Hodari (COM),,,3 - 0,0:0 0:0 0:0,HABTEYES Melese,2022
Eastern Africa WTTC Finals Qualification,2022-05-05,DESSCANN Ryan,KASOMA Desire,MRI,UGA,3,0,"11,11,11|4,5,9",,OTHER,MS,2578,Qualification,DESSCANN Ryan (MRI),KASOMA Desire (UGA),,,3 - 0,11:4 11:5 11:9,DESSCANN Ryan,2022
Eastern Africa WTTC Finals Qualification,2022-05-05,KINOO Ruqayyah,HASSANA Said,MRI,COM,3,0,"11,11,11|2,2,4",,OTHER,WS,2578,Qualification,KINOO Ruqayyah (MRI),HASSANA Said (COM),,,3 - 0,11:2 11:2 11:4,KINOO Ruqayyah,2022
Eastern Africa WTTC Finals Qualification,2022-05-05,HOUSSEIN Rahma,BERHE Hana,DJI,ERI,3,0,"11,11,11|5,6,3",,OTHER,WS,2578,Qualification,HOUSSEIN Rahma (DJI),BERHE Hana (ERI),,,3 - 0,11:5 11:6 11:3,HOUSSEIN Rahma,2022
Eastern Africa WTTC Finals Qualification,2022-05-05,DESSCANN Sandhana,ASMA Ali,MRI,DJI,3,0,"11,11,11|1,9,6",,OTHER,WS,2578,Qualification,DESSCANN Sandhana (MRI),ASMA Ali (DJI),,,3 - 0,11:1 11:9 11:6,DESSCANN Sandhana,2022
Eastern Africa WTTC Finals Qualification,2022-05-05,YEE KIN SIEN Karen,RUTH Mengsteab Afeworki,MRI,ERI,3,0,"11,11,11|3,5,5",,OTHER,WS,2578,Qualification,YEE KIN SIEN Karen (MRI),RUTH Mengsteab Afeworki (ERI),,,3 - 0,11:3 11:5 11:5,YEE KIN SIEN Karen,2022
Eastern Africa WTTC Finals Qualification,2022-05-05,GULTI Marta,KINUTHIA Mary,ETH,KEN,3,0,"0,0,0|0,0,0",,OTHER,WS,2578,Qualification,GULTI Marta (ETH),KINUTHIA Mary (KEN),,,3 - 0,0:0 0:0 0:0,GULTI Marta,2022
Eastern Africa WTTC Finals Qualification,2022-05-05,ABRHA Gidey,SAID Sarah,ETH,COM,3,0,"11,11,11|4,3,5",,OTHER,WS,2578,Qualification,ABRHA Gidey (ETH),SAID Sarah (COM),,,3 - 0,11:4 11:3 11:5,ABRHA Gidey,2022
Eastern Africa WTTC Finals Qualification,2022-05-05,SADOOLAH Zaynah,KAYED Saredo,MRI,DJI,3,0,"11,11,11|2,4,8",,OTHER,WS,2578,Qualification,SADOOLAH Zaynah (MRI),KAYED Saredo (DJI),,,3 - 0,11:2 11:4 11:8,SADOOLAH Zaynah,2022
Eastern Africa WTTC Finals Qualification,2022-05-05,MAMO Betelihem,SINON Laura,ETH,SEY,3,1,"11,9,11,11|3,11,3,4",,OTHER,WS,2578,Qualification,SINON Laura (SEY),MAMO Betelihem (ETH),,,1 - 3,3:11 11:9 3:11 4:11,MAMO Betelihem,2022
Eastern Africa WTTC Finals Qualification,2022-05-05,DEJENE Yordanos,OUMAR Nassima,ETH,DJI,3,0,"11,11,11|7,5,6",,OTHER,WS,2578,Qualification,DEJENE Yordanos (ETH),OUMAR Nassima (DJI),,,3 - 0,11:7 11:5 11:6,DEJENE Yordanos,2022
Eastern Africa WTTC Finals Qualification,2022-05-05,MEKURIA Meron,LISA Nasimuyu,ETH,KEN,3,0,"0,0,0|0,0,0",,OTHER,WS,2578,Qualification,MEKURIA Meron (ETH),LISA Nasimuyu (KEN),,,3 - 0,0:0 0:0 0:0,MEKURIA Meron,2022
Eastern Africa WTTC Finals Qualification,2022-05-05,HABTE Saba,SETEY Lydia,ETH,KEN,3,0,"0,0,0|0,0,0",,OTHER,WS,2578,Qualification,HABTE Saba (ETH),SETEY Lydia (KEN),,,3 - 0,0:0 0:0 0:0,HABTE Saba,2022
Eastern Africa WTTC Finals Qualification,2022-05-05,NAKHUMITSA Rita,SARON Bereket Tesfay,UGA,ERI,3,0,"11,11,11|4,8,4",,OTHER,WS,2578,Qualification,NAKHUMITSA Rita (UGA),SARON Bereket Tesfay (ERI),,,3 - 0,11:4 11:8 11:4,NAKHUMITSA Rita,2022
Eastern Africa WTTC Finals Qualification,2022-05-05,DENBOBA Amanuel,ABDIRAHIM Halimo,ETH,SOM,3,0,"11,11,11|4,3,2",,OTHER,MS,2578,Qualification,DENBOBA Amanuel (ETH),ABDIRAHIM Halimo (SOM),,,3 - 0,11:4 11:3 11:2,DENBOBA Amanuel,2022
Eastern Africa WTTC Finals Qualification,2022-05-05,ZERIHUN Awraris,DAHALANI Said,ETH,COM,3,0,"11,11,11|1,3,4",,OTHER,MS,2578,Qualification,DAHALANI Said (COM),ZERIHUN Awraris (ETH),,,0 - 3,1:11 3:11 4:11,ZERIHUN Awraris,2022
Eastern Africa WTTC Finals Qualification,2022-05-05,HADSH Daneil,ABDIRAHIM Nimo,ETH,SOM,3,0,"14,11,11|12,3,2",,OTHER,MS,2578,Qualification,HADSH Daneil (ETH),ABDIRAHIM Nimo (SOM),,,3 - 0,14:12 11:3 11:2,HADSH Daneil,2022
Eastern Africa WTTC Finals Qualification,2022-05-05,BEYENE Endalkachew,ACHUMA Benjamin Ebenezer,ETH,UGA,3,0,"11,11,11|8,1,2",,OTHER,MS,2578,Qualification,BEYENE Endalkachew (ETH),ACHUMA Benjamin Ebenezer (UGA),,,3 - 0,11:8 11:1 11:2,BEYENE Endalkachew,2022
Eastern Africa WTTC Finals Qualification,2022-05-05,HOUD Abdourahman,MUTURI Peter,DJI,KEN,3,0,"0,0,0|0,0,0",,OTHER,MS,2578,Qualification,HOUD Abdourahman (DJI),MUTURI Peter (KEN),,,3 - 0,0:0 0:0 0:0,HOUD Abdourahman,2022
Eastern Africa WTTC Finals Qualification,2022-05-05,GOULED Osman,MUTURI Kevin,DJI,KEN,3,0,"0,0,0|0,0,0",,OTHER,MS,2578,Qualification,GOULED Osman (DJI),MUTURI Kevin (KEN),,,3 - 0,0:0 0:0 0:0,GOULED Osman,2022
Eastern Africa WTTC Finals Qualification,2022-05-05,PONTOISE Jason,DEBRU Denden,MRI,ERI,3,0,"11,11,11|5,8,1",,OTHER,MS,2578,Qualification,DEBRU Denden (ERI),PONTOISE Jason (MRI),,,0 - 3,5:11 8:11 1:11,PONTOISE Jason,2022
Eastern Africa WTTC Finals Qualification,2022-05-05,GEBRA Natanim,GHEBREIGZIABHER Sofanyas,ETH,ERI,3,1,"9,11,11,11|11,6,5,5",,OTHER,MS,2578,Qualification,GHEBREIGZIABHER Sofanyas (ERI),GEBRA Natanim (ETH),,,1 - 3,11:9 6:11 5:11 5:11,GEBRA Natanim,2022
Eastern Africa WTTC Finals Qualification,2022-05-05,MIIRO Diouf,ALI Djoumoi,UGA,COM,3,0,"11,11,11|3,2,3",,OTHER,MS,2578,Qualification,ALI Djoumoi (COM),MIIRO Diouf (UGA),,,0 - 3,3:11 2:11 3:11,MIIRO Diouf,2022
Eastern Africa WTTC Finals Qualification,2022-05-05,NIYONIZIGIYE Eric,MZEMBABA Ali,RWA,COM,3,0,"11,11,12|6,1,10",,OTHER,MS,2578,Qualification,MZEMBABA Ali (COM),NIYONIZIGIYE Eric (RWA),,,0 - 3,6:11 1:11 10:12,NIYONIZIGIYE Eric,2022
Eastern Africa WTTC Finals Qualification,2022-05-05,ANKUNDA Samuel,ISHIMWE Francois,UGA,RWA,3,2,"11,8,11,8,11|5,11,3,11,8",,OTHER,MS,2578,Qualification,ISHIMWE Francois (RWA),ANKUNDA Samuel (UGA),,,2 - 3,5:11 11:8 3:11 11:8 8:11,ANKUNDA Samuel,2022
Eastern Africa WTTC Finals Qualification,2022-05-05,HADSH Amanual,HAHIRWABASENGA Didier,ETH,RWA,3,0,"11,11,11|4,8,5",,OTHER,MS,2578,Qualification,HADSH Amanual (ETH),HAHIRWABASENGA Didier (RWA),,,3 - 0,11:4 11:8 11:5,HADSH Amanual,2022
Eastern Africa WTTC Finals Qualification,2022-05-05,NAPOOKOLI Phillip,BOURHAN Abdourazak Abdallah,UGA,DJI,3,1,"8,11,12,11|11,7,10,5",,OTHER,MS,2578,Qualification,BOURHAN Abdourazak Abdallah (DJI),NAPOOKOLI Phillip (UGA),,,1 - 3,11:8 7:11 10:12 5:11,NAPOOKOLI Phillip,2022
Eastern Africa WTTC Finals Qualification,2022-05-05,FARIS Aden,YONA Jensen,ETH,KEN,3,0,"0,0,0|0,0,0",,OTHER,MS,2578,Qualification,FARIS Aden (ETH),YONA Jensen (KEN),,,3 - 0,0:0 0:0 0:0,FARIS Aden,2022
Eastern Africa WTTC Finals Qualification,2022-05-05,HABTEYES Melese,KASOMA Desire,ETH,UGA,3,0,"11,11,11|5,7,8",,OTHER,MS,2578,Qualification,HABTEYES Melese (ETH),KASOMA Desire (UGA),,,3 - 0,11:5 11:7 11:8,HABTEYES Melese,2022
Eastern Africa WTTC Finals Qualification,2022-05-05,DESSCANN Ryan,MOUSSA Hodari,MRI,COM,3,0,"0,0,0|0,0,0",,OTHER,MS,2578,Qualification,MOUSSA Hodari (COM),DESSCANN Ryan (MRI),,,0 - 3,0:0 0:0 0:0,DESSCANN Ryan,2022
Eastern Africa WTTC Finals Qualification,2022-05-05,HASSANA Said,PARANJO Rufina,COM,KEN,3,0,"0,0,0|0,0,0",,OTHER,WS,2578,Qualification,HASSANA Said (COM),PARANJO Rufina (KEN),,,3 - 0,0:0 0:0 0:0,HASSANA Said,2022
Eastern Africa WTTC Finals Qualification,2022-05-05,FTWI Fana,BERHE Hana,ETH,ERI,3,0,"12,11,11|10,6,5",,OTHER,WS,2578,Qualification,BERHE Hana (ERI),FTWI Fana (ETH),,,0 - 3,10:12 6:11 5:11,FTWI Fana,2022
Eastern Africa WTTC Finals Qualification,2022-05-05,MEKONNEN Kenean Getu,ASMA Ali,ETH,DJI,3,0,"11,11,11|8,4,8",,OTHER,WS,2578,Qualification,ASMA Ali (DJI),MEKONNEN Kenean Getu (ETH),,,0 - 3,8:11 4:11 8:11,MEKONNEN Kenean Getu,2022
Eastern Africa WTTC Finals Qualification,2022-05-05,GILLO Sentayehu Gebeyehu,RUTH Mengsteab Afeworki,ETH,ERI,3,0,"11,11,11|5,4,4",,OTHER,WS,2578,Qualification,RUTH Mengsteab Afeworki (ERI),GILLO Sentayehu Gebeyehu (ETH),,,0 - 3,5:11 4:11 4:11,GILLO Sentayehu Gebeyehu,2022
Eastern Africa WTTC Finals Qualification,2022-05-05,KILINDO Christy,KINUTHIA Mary,SEY,KEN,3,0,"0,0,0|0,0,0",,OTHER,WS,2578,Qualification,KINUTHIA Mary (KEN),KILINDO Christy (SEY),,,0 - 3,0:0 0:0 0:0,KILINDO Christy,2022
Eastern Africa WTTC Finals Qualification,2022-05-05,SAID Sarah,THAKKAR Sejal,COM,KEN,3,0,"0,0,0|0,0,0",,OTHER,WS,2578,Qualification,SAID Sarah (COM),THAKKAR Sejal (KEN),,,3 - 0,0:0 0:0 0:0,SAID Sarah,2022
Eastern Africa WTTC Finals Qualification,2022-05-05,BENSTRONG Anniesa,KAYED Saredo,SEY,DJI,3,0,"11,11,11|4,6,3",,OTHER,WS,2578,Qualification,KAYED Saredo (DJI),BENSTRONG Anniesa (SEY),,,0 - 3,4:11 6:11 3:11,BENSTRONG Anniesa,2022
Eastern Africa WTTC Finals Qualification,2022-05-05,SEERA Florence,MAMO Betelihem,UGA,ETH,3,1,"9,11,11,11|11,7,8,8",,OTHER,WS,2578,Qualification,MAMO Betelihem (ETH),SEERA Florence (UGA),,,1 - 3,11:9 7:11 8:11 8:11,SEERA Florence,2022
Eastern Africa WTTC Finals Qualification,2022-05-05,NAKAWALA Jemimah,OUMAR Nassima,UGA,DJI,3,0,"11,11,11|4,5,4",,OTHER,WS,2578,Qualification,OUMAR Nassima (DJI),NAKAWALA Jemimah (UGA),,,0 - 3,4:11 5:11 4:11,NAKAWALA Jemimah,2022
Eastern Africa WTTC Finals Qualification,2022-05-05,NANGONZI Judith,LISA Nasimuyu,UGA,KEN,3,0,"0,0,0|0,0,0",,OTHER,WS,2578,Qualification,LISA Nasimuyu (KEN),NANGONZI Judith (UGA),,,0 - 3,0:0 0:0 0:0,NANGONZI Judith,2022
Eastern Africa WTTC Finals Qualification,2022-05-05,NEKESA Irene,SETEY Lydia,UGA,KEN,3,0,"0,0,0|0,0,0",,OTHER,WS,2578,Qualification,SETEY Lydia (KEN),NEKESA Irene (UGA),,,0 - 3,0:0 0:0 0:0,NEKESA Irene,2022
Eastern Africa WTTC Finals Qualification,2022-05-05,GEBRU Eskedar,SARON Bereket Tesfay,ETH,ERI,3,0,"11,11,11|5,5,6",,OTHER,WS,2578,Qualification,SARON Bereket Tesfay (ERI),GEBRU Eskedar (ETH),,,0 - 3,5:11 5:11 6:11,GEBRU Eskedar,2022
Eastern Africa WTTC Finals Qualification,2022-05-05,HABTEYES Melese,NIYONIZIGIYE Eric,ETH,RWA,4,0,"11,11,11,11|7,7,7,8",R32,OTHER,MS,2578,Main Draw,NIYONIZIGIYE Eric (RWA),HABTEYES Melese (ETH),,,0 - 4,7:11 7:11 7:11 8:11,HABTEYES Melese,2022
Eastern Africa WTTC Finals Qualification,2022-05-05,ZERIHUN Awraris,MIIRO Diouf,ETH,UGA,4,0,"11,11,14,11|8,8,12,7",R32,OTHER,MS,2578,Main Draw,MIIRO Diouf (UGA),ZERIHUN Awraris (ETH),,,0 - 4,8:11 8:11 12:14 7:11,ZERIHUN Awraris,2022
Eastern Africa WTTC Finals Qualification,2022-05-05,GEBRA Natanim,HAHIRWABASENGA Didier,ETH,RWA,4,1,"11,8,11,11,11|8,11,6,8,6",R32,OTHER,MS,2578,Main Draw,HAHIRWABASENGA Didier (RWA),GEBRA Natanim (ETH),,,1 - 4,8:11 11:8 6:11 8:11 6:11,GEBRA Natanim,2022
Eastern Africa WTTC Finals Qualification,2022-05-05,SULTAN Godfrey,HOUD Abdourahman,SEY,DJI,4,1,"11,11,9,11,11|6,9,11,5,8",R32,OTHER,MS,2578,Main Draw,SULTAN Godfrey (SEY),HOUD Abdourahman (DJI),,,4 - 1,11:6 11:9 9:11 11:5 11:8,SULTAN Godfrey,2022
Eastern Africa WTTC Finals Qualification,2022-05-05,FARIS Aden,ISHIMWE Francois,ETH,RWA,4,1,"11,11,12,8,11|4,7,10,11,9",R32,OTHER,MS,2578,Main Draw,ISHIMWE Francois (RWA),FARIS Aden (ETH),,,1 - 4,4:11 7:11 10:12 11:8 9:11,FARIS Aden,2022
Eastern Africa WTTC Finals Qualification,2022-05-05,DENBOBA Amanuel,CREA Mick,ETH,SEY,4,0,"11,11,11,12|5,3,9,10",R32,OTHER,MS,2578,Main Draw,CREA Mick (SEY),DENBOBA Amanuel (ETH),,,0 - 4,5:11 3:11 9:11 10:12,DENBOBA Amanuel,2022
Eastern Africa WTTC Finals Qualification,2022-05-05,PONTOISE Jason,HADSH Daneil,MRI,ETH,4,0,"11,11,11,11|4,8,8,6",R32,OTHER,MS,2578,Main Draw,HADSH Daneil (ETH),PONTOISE Jason (MRI),,,0 - 4,4:11 8:11 8:11 6:11,PONTOISE Jason,2022
Eastern Africa WTTC Finals Qualification,2022-05-05,ACHUMA Benjamin Ebenezer,HADSH Amanual,UGA,ETH,4,3,"7,7,11,6,13,11,11|11,11,9,11,11,9,4",R32,OTHER,MS,2578,Main Draw,ACHUMA Benjamin Ebenezer (UGA),HADSH Amanual (ETH),,,4 - 3,7:11 7:11 11:9 6:11 13:11 11:9 11:4,ACHUMA Benjamin Ebenezer,2022
Eastern Africa WTTC Finals Qualification,2022-05-05,ABEJE Eyob Sissay,NAPOOKOLI Phillip,ETH,UGA,4,1,"11,11,3,11,11|5,5,11,8,7",R32,OTHER,MS,2578,Main Draw,ABEJE Eyob Sissay (ETH),NAPOOKOLI Phillip (UGA),,,4 - 1,11:5 11:5 3:11 11:8 11:7,ABEJE Eyob Sissay,2022
Eastern Africa WTTC Finals Qualification,2022-05-05,DUFERA Darara,DESSCANN Ryan,ETH,MRI,4,1,"11,11,4,11,11|2,7,11,7,8",R32,OTHER,MS,2578,Main Draw,DESSCANN Ryan (MRI),DUFERA Darara (ETH),,,1 - 4,2:11 7:11 11:4 7:11 8:11,DUFERA Darara,2022
Eastern Africa WTTC Finals Qualification,2022-05-05,GHEBREIGZIABHER Sofanyas,GOULED Osman,ERI,DJI,4,1,"11,8,11,12,11|6,11,3,10,8",R32,OTHER,MS,2578,Main Draw,GOULED Osman (DJI),GHEBREIGZIABHER Sofanyas (ERI),,,1 - 4,6:11 11:8 3:11 10:12 8:11,GHEBREIGZIABHER Sofanyas,2022
Eastern Africa WTTC Finals Qualification,2022-05-05,ANKUNDA Samuel,ALI Djoumoi,UGA,COM,4,0,"11,11,11,11|5,2,1,6",R32,OTHER,MS,2578,Main Draw,ALI Djoumoi (COM),ANKUNDA Samuel (UGA),,,0 - 4,5:11 2:11 1:11 6:11,ANKUNDA Samuel,2022
Eastern Africa WTTC Finals Qualification,2022-05-05,NAKHUMITSA Rita,MEKONNEN Kenean Getu,UGA,ETH,4,0,"11,11,11,11|7,5,9,9",R32,OTHER,WS,2578,Main Draw,NAKHUMITSA Rita (UGA),MEKONNEN Kenean Getu (ETH),,,4 - 0,11:7 11:5 11:9 11:9,NAKHUMITSA Rita,2022
Eastern Africa WTTC Finals Qualification,2022-05-05,NAKAWALA Jemimah,KILINDO Christy,UGA,SEY,4,0,"11,11,11,11|3,7,6,3",R32,OTHER,WS,2578,Main Draw,NAKAWALA Jemimah (UGA),KILINDO Christy (SEY),,,4 - 0,11:3 11:7 11:6 11:3,NAKAWALA Jemimah,2022
Eastern Africa WTTC Finals Qualification,2022-05-05,MEKURIA Meron,SADOOLAH Zaynah,ETH,MRI,4,2,"8,11,11,9,11,11|11,5,8,11,9,6",R32,OTHER,WS,2578,Main Draw,SADOOLAH Zaynah (MRI),MEKURIA Meron (ETH),,,2 - 4,11:8 5:11 8:11 11:9 9:11 6:11,MEKURIA Meron,2022
Eastern Africa WTTC Finals Qualification,2022-05-05,MAMO Betelihem,SAID Sarah,ETH,COM,4,0,"11,11,11,11|1,4,2,5",R32,OTHER,WS,2578,Main Draw,MAMO Betelihem (ETH),SAID Sarah (COM),,,4 - 0,11:1 11:4 11:2 11:5,MAMO Betelihem,2022
Eastern Africa WTTC Finals Qualification,2022-05-05,GEBRU Eskedar,YEE KIN SIEN Karen,ETH,MRI,4,0,"11,11,11,11|8,7,8,9",R32,OTHER,WS,2578,Main Draw,YEE KIN SIEN Karen (MRI),GEBRU Eskedar (ETH),,,0 - 4,8:11 7:11 8:11 9:11,GEBRU Eskedar,2022
Eastern Africa WTTC Finals Qualification,2022-05-05,DEJENE Yordanos,NANGONZI Judith,ETH,UGA,4,3,"3,11,8,11,11,8,11|11,8,11,7,6,11,7",R32,OTHER,WS,2578,Main Draw,DEJENE Yordanos (ETH),NANGONZI Judith (UGA),,,4 - 3,3:11 11:8 8:11 11:7 11:6 8:11 11:7,DEJENE Yordanos,2022
Eastern Africa WTTC Finals Qualification,2022-05-05,NEKESA Irene,HOUSSEIN Rahma,UGA,DJI,4,3,"11,11,10,10,11,8,11|5,5,12,12,6,11,5",R32,OTHER,WS,2578,Main Draw,NEKESA Irene (UGA),HOUSSEIN Rahma (DJI),,,4 - 3,11:5 11:5 10:12 10:12 11:6 8:11 11:5,NEKESA Irene,2022
Eastern Africa WTTC Finals Qualification,2022-05-05,HABTE Saba,HASSANA Said,ETH,COM,4,0,"11,11,11,11|2,3,1,1",R32,OTHER,WS,2578,Main Draw,HASSANA Said (COM),HABTE Saba (ETH),,,0 - 4,2:11 3:11 1:11 1:11,HABTE Saba,2022
Eastern Africa WTTC Finals Qualification,2022-05-05,CHAN YOOK FO Brian,HABTEYES Melese,MRI,ETH,4,0,"11,11,11,11|9,4,4,7",R16,OTHER,MS,2578,Main Draw,CHAN YOOK FO Brian (MRI),HABTEYES Melese (ETH),,,4 - 0,11:9 11:4 11:4 11:7,CHAN YOOK FO Brian,2022
Eastern Africa WTTC Finals Qualification,2022-05-05,ZERIHUN Awraris,GEBRA Natanim,ETH,ETH,4,3,"6,11,11,12,8,11,11|11,8,5,14,11,5,9",R16,OTHER,MS,2578,Main Draw,ZERIHUN Awraris (ETH),GEBRA Natanim (ETH),,,4 - 3,6:11 11:8 11:5 12:14 8:11 11:5 11:9,ZERIHUN Awraris,2022
Eastern Africa WTTC Finals Qualification,2022-05-05,FARIS Aden,SULTAN Godfrey,ETH,SEY,4,0,"11,11,11,11|8,8,7,9",R16,OTHER,MS,2578,Main Draw,SULTAN Godfrey (SEY),FARIS Aden (ETH),,,0 - 4,8:11 8:11 7:11 9:11,FARIS Aden,2022
Eastern Africa WTTC Finals Qualification,2022-05-05,BEYENE Endalkachew,PONTOISE Jason,ETH,MRI,4,0,"11,11,11,11|5,5,6,8",R16,OTHER,MS,2578,Main Draw,PONTOISE Jason (MRI),BEYENE Endalkachew (ETH),,,0 - 4,5:11 5:11 6:11 8:11,BEYENE Endalkachew,2022
Eastern Africa WTTC Finals Qualification,2022-05-05,ACHUMA Benjamin Ebenezer,DJAMAL Ahmed,UGA,DJI,4,0,"11,12,11,11|6,10,7,4",R16,OTHER,MS,2578,Main Draw,DJAMAL Ahmed (DJI),ACHUMA Benjamin Ebenezer (UGA),,,0 - 4,6:11 10:12 7:11 4:11,ACHUMA Benjamin Ebenezer,2022
Eastern Africa WTTC Finals Qualification,2022-05-05,DUFERA Darara,ABEJE Eyob Sissay,ETH,ETH,4,2,"11,10,11,4,11,11|6,12,8,11,6,5",R16,OTHER,MS,2578,Main Draw,ABEJE Eyob Sissay (ETH),DUFERA Darara (ETH),,,2 - 4,6:11 12:10 8:11 11:4 6:11 5:11,DUFERA Darara,2022
Eastern Africa WTTC Finals Qualification,2022-05-05,ANKUNDA Samuel,DENBOBA Amanuel,UGA,ETH,4,2,"11,11,11,7,11,11|8,6,9,11,13,6",R16,OTHER,MS,2578,Main Draw,DENBOBA Amanuel (ETH),ANKUNDA Samuel (UGA),,,2 - 4,8:11 6:11 9:11 11:7 13:11 6:11,ANKUNDA Samuel,2022
Eastern Africa WTTC Finals Qualification,2022-05-05,BABOOLALL Muhammad,GHEBREIGZIABHER Sofanyas,MRI,ERI,4,0,"11,11,11,11|5,5,6,6",R16,OTHER,MS,2578,Main Draw,GHEBREIGZIABHER Sofanyas (ERI),BABOOLALL Muhammad (MRI),,,0 - 4,5:11 5:11 6:11 6:11,BABOOLALL Muhammad,2022
Eastern Africa WTTC Finals Qualification,2022-05-05,NAKAWALA Jemimah,ABRHA Gidey,UGA,ETH,4,2,"14,11,2,11,8,11|12,3,11,7,11,8",R16,OTHER,WS,2578,Main Draw,NAKAWALA Jemimah (UGA),ABRHA Gidey (ETH),,,4 - 2,14:12 11:3 2:11 11:7 8:11 11:8,NAKAWALA Jemimah,2022
Eastern Africa WTTC Finals Qualification,2022-05-05,MEKURIA Meron,SEERA Florence,ETH,UGA,4,1,"5,12,12,11,11|11,10,10,5,4",R16,OTHER,WS,2578,Main Draw,SEERA Florence (UGA),MEKURIA Meron (ETH),,,1 - 4,11:5 10:12 10:12 5:11 4:11,MEKURIA Meron,2022
Eastern Africa WTTC Finals Qualification,2022-05-05,HABTE Saba,DESSCANN Sandhana,ETH,MRI,4,3,"14,11,6,8,11,11,12|16,9,11,11,9,9,10",R16,OTHER,WS,2578,Main Draw,DESSCANN Sandhana (MRI),HABTE Saba (ETH),,,3 - 4,16:14 9:11 11:6 11:8 9:11 9:11 10:12,HABTE Saba,2022
Eastern Africa WTTC Finals Qualification,2022-05-05,GULTI Marta,DEJENE Yordanos,ETH,ETH,4,2,"8,11,11,6,11,11|11,5,6,11,9,6",R16,OTHER,WS,2578,Main Draw,DEJENE Yordanos (ETH),GULTI Marta (ETH),,,2 - 4,11:8 5:11 6:11 11:6 9:11 6:11,GULTI Marta,2022
Eastern Africa WTTC Finals Qualification,2022-05-05,BENSTRONG Anniesa,GEBRU Eskedar,SEY,ETH,4,2,"7,8,11,11,11,11|11,11,6,3,8,7",R16,OTHER,WS,2578,Main Draw,BENSTRONG Anniesa (SEY),GEBRU Eskedar (ETH),,,4 - 2,7:11 8:11 11:6 11:3 11:8 11:7,BENSTRONG Anniesa,2022
Eastern Africa WTTC Finals Qualification,2022-05-05,MAMO Betelihem,FTWI Fana,ETH,ETH,4,3,"6,10,8,11,11,11,11|11,12,11,7,4,7,5",R16,OTHER,WS,2578,Main Draw,MAMO Betelihem (ETH),FTWI Fana (ETH),,,4 - 3,6:11 10:12 8:11 11:7 11:4 11:7 11:5,MAMO Betelihem,2022
Eastern Africa WTTC Finals Qualification,2022-05-05,HABTEYES Melese,GEBRA Natanim,ETH,ETH,3,2,"8,3,11,11,11|11,11,7,7,6",8,OTHER,MS,2578,Position Draw,HABTEYES Melese (ETH),GEBRA Natanim (ETH),,,3 - 2,8:11 3:11 11:7 11:7 11:6,HABTEYES Melese,2022
Eastern Africa WTTC Finals Qualification,2022-05-05,PONTOISE Jason,SULTAN Godfrey,MRI,SEY,3,0,"11,11,11|7,7,1",8,OTHER,MS,2578,Position Draw,SULTAN Godfrey (SEY),PONTOISE Jason (MRI),,,0 - 3,7:11 7:11 1:11,PONTOISE Jason,2022
Eastern Africa WTTC Finals Qualification,2022-05-05,ABEJE Eyob Sissay,DJAMAL Ahmed,ETH,DJI,3,0,"11,11,11|4,5,9",8,OTHER,MS,2578,Position Draw,DJAMAL Ahmed (DJI),ABEJE Eyob Sissay (ETH),,,0 - 3,4:11 5:11 9:11,ABEJE Eyob Sissay,2022
Eastern Africa WTTC Finals Qualification,2022-05-05,DENBOBA Amanuel,GHEBREIGZIABHER Sofanyas,ETH,ERI,3,0,"11,11,11|9,3,4",8,OTHER,MS,2578,Position Draw,DENBOBA Amanuel (ETH),GHEBREIGZIABHER Sofanyas (ERI),,,3 - 0,11:9 11:3 11:4,DENBOBA Amanuel,2022
Eastern Africa WTTC Finals Qualification,2022-05-05,ABRHA Gidey,NAKHUMITSA Rita,ETH,UGA,3,1,"11,4,11,13|6,11,7,11",8,OTHER,WS,2578,Position Draw,NAKHUMITSA Rita (UGA),ABRHA Gidey (ETH),,,1 - 3,6:11 11:4 7:11 11:13,ABRHA Gidey,2022
Eastern Africa WTTC Finals Qualification,2022-05-05,SEERA Florence,NEKESA Irene,UGA,UGA,3,0,"11,11,11|9,7,4",8,OTHER,WS,2578,Position Draw,SEERA Florence (UGA),NEKESA Irene (UGA),,,3 - 0,11:9 11:7 11:4,SEERA Florence,2022
Eastern Africa WTTC Finals Qualification,2022-05-05,DEJENE Yordanos,DESSCANN Sandhana,ETH,MRI,3,2,"6,9,13,11,11|11,11,11,8,7",8,OTHER,WS,2578,Position Draw,DESSCANN Sandhana (MRI),DEJENE Yordanos (ETH),,,2 - 3,11:6 11:9 11:13 8:11 7:11,DEJENE Yordanos,2022
Eastern Africa WTTC Finals Qualification,2022-05-05,FTWI Fana,GEBRU Eskedar,ETH,ETH,3,2,"11,7,4,11,11|8,11,11,3,8",8,OTHER,WS,2578,Position Draw,GEBRU Eskedar (ETH),FTWI Fana (ETH),,,2 - 3,8:11 11:7 11:4 3:11 8:11,FTWI Fana,2022
Eastern Africa WTTC Finals Qualification,2022-05-05,CHAN YOOK FO Brian,ZERIHUN Awraris,MRI,ETH,4,0,"11,15,11,11|7,13,6,5",QuarterFinal,OTHER,MS,2578,Main Draw,CHAN YOOK FO Brian (MRI),ZERIHUN Awraris (ETH),,,4 - 0,11:7 15:13 11:6 11:5,CHAN YOOK FO Brian,2022
Eastern Africa WTTC Finals Qualification,2022-05-05,FARIS Aden,BEYENE Endalkachew,ETH,ETH,4,1,"5,11,11,11,11|11,3,5,7,9",QuarterFinal,OTHER,MS,2578,Main Draw,FARIS Aden (ETH),BEYENE Endalkachew (ETH),,,4 - 1,5:11 11:3 11:5 11:7 11:9,FARIS Aden,2022
Eastern Africa WTTC Finals Qualification,2022-05-05,ANKUNDA Samuel,BABOOLALL Muhammad,UGA,MRI,4,3,"8,13,11,5,11,13,11|11,15,9,11,6,11,5",QuarterFinal,OTHER,MS,2578,Main Draw,ANKUNDA Samuel (UGA),BABOOLALL Muhammad (MRI),,,4 - 3,8:11 13:15 11:9 5:11 11:6 13:11 11:5,ANKUNDA Samuel,2022
Eastern Africa WTTC Finals Qualification,2022-05-05,PONTOISE Jason,HABTEYES Melese,MRI,ETH,3,1,"7,11,11,11|11,3,4,6",4,OTHER,MS,2578,Position Draw,HABTEYES Melese (ETH),PONTOISE Jason (MRI),,,1 - 3,11:7 3:11 4:11 6:11,PONTOISE Jason,2022
Eastern Africa WTTC Finals Qualification,2022-05-05,ABEJE Eyob Sissay,DENBOBA Amanuel,ETH,ETH,3,0,"11,11,11|5,7,6",4,OTHER,MS,2578,Position Draw,ABEJE Eyob Sissay (ETH),DENBOBA Amanuel (ETH),,,3 - 0,11:5 11:7 11:6,ABEJE Eyob Sissay,2022
Eastern Africa WTTC Finals Qualification,2022-05-05,KINOO Ruqayyah,NAKAWALA Jemimah,MRI,UGA,4,2,"11,11,8,10,11,11|4,8,11,12,9,5",QuarterFinal,OTHER,WS,2578,Main Draw,KINOO Ruqayyah (MRI),NAKAWALA Jemimah (UGA),,,4 - 2,11:4 11:8 8:11 10:12 11:9 11:5,KINOO Ruqayyah,2022
Eastern Africa WTTC Finals Qualification,2022-05-05,MEKURIA Meron,GILLO Sentayehu Gebeyehu,ETH,ETH,4,0,"11,11,11,11|5,9,4,9",QuarterFinal,OTHER,WS,2578,Main Draw,MEKURIA Meron (ETH),GILLO Sentayehu Gebeyehu (ETH),,,4 - 0,11:5 11:9 11:4 11:9,MEKURIA Meron,2022
Eastern Africa WTTC Finals Qualification,2022-05-05,GULTI Marta,HABTE Saba,ETH,ETH,4,2,"10,11,8,11,15,11|12,7,11,6,13,9",QuarterFinal,OTHER,WS,2578,Main Draw,HABTE Saba (ETH),GULTI Marta (ETH),,,2 - 4,12:10 7:11 11:8 6:11 13:15 9:11,GULTI Marta,2022
Eastern Africa WTTC Finals Qualification,2022-05-05,MAMO Betelihem,BENSTRONG Anniesa,ETH,SEY,4,3,"11,10,11,11,11,6,11|9,12,13,9,7,11,7",QuarterFinal,OTHER,WS,2578,Main Draw,BENSTRONG Anniesa (SEY),MAMO Betelihem (ETH),,,3 - 4,9:11 12:10 13:11 9:11 7:11 11:6 7:11,MAMO Betelihem,2022
Eastern Africa WTTC Finals Qualification,2022-05-05,GEBRA Natanim,SULTAN Godfrey,ETH,SEY,3,0,"11,13,11|2,11,4",4,OTHER,MS,2578,Position Draw,GEBRA Natanim (ETH),SULTAN Godfrey (SEY),,,3 - 0,11:2 13:11 11:4,GEBRA Natanim,2022
Eastern Africa WTTC Finals Qualification,2022-05-05,DJAMAL Ahmed,GHEBREIGZIABHER Sofanyas,DJI,ERI,3,0,"11,11,11|5,5,8",4,OTHER,MS,2578,Position Draw,DJAMAL Ahmed (DJI),GHEBREIGZIABHER Sofanyas (ERI),,,3 - 0,11:5 11:5 11:8,DJAMAL Ahmed,2022
Eastern Africa WTTC Finals Qualification,2022-05-05,NAKHUMITSA Rita,NEKESA Irene,UGA,UGA,3,0,"11,11,11|3,5,9",4,OTHER,WS,2578,Position Draw,NAKHUMITSA Rita (UGA),NEKESA Irene (UGA),,,3 - 0,11:3 11:5 11:9,NAKHUMITSA Rita,2022
Eastern Africa WTTC Finals Qualification,2022-05-05,DESSCANN Sandhana,GEBRU Eskedar,MRI,ETH,3,0,"11,11,11|8,2,8",4,OTHER,WS,2578,Position Draw,DESSCANN Sandhana (MRI),GEBRU Eskedar (ETH),,,3 - 0,11:8 11:2 11:8,DESSCANN Sandhana,2022
Eastern Africa WTTC Finals Qualification,2022-05-05,ABRHA Gidey,SEERA Florence,ETH,UGA,3,1,"11,8,11,11|8,11,8,9",4,OTHER,WS,2578,Position Draw,ABRHA Gidey (ETH),SEERA Florence (UGA),,,3 - 1,11:8 8:11 11:8 11:9,ABRHA Gidey,2022
Eastern Africa WTTC Finals Qualification,2022-05-05,DEJENE Yordanos,FTWI Fana,ETH,ETH,3,0,"11,11,12|4,4,10",4,OTHER,WS,2578,Position Draw,DEJENE Yordanos (ETH),FTWI Fana (ETH),,,3 - 0,11:4 11:4 12:10,DEJENE Yordanos,2022
Eastern Africa WTTC Finals Qualification,2022-05-05,BABOOLALL Muhammad,ACHUMA Benjamin Ebenezer,MRI,UGA,3,0,"11,11,11|7,6,4",4,OTHER,MS,2578,Position Draw,ACHUMA Benjamin Ebenezer (UGA),BABOOLALL Muhammad (MRI),,,0 - 3,7:11 6:11 4:11,BABOOLALL Muhammad,2022
Eastern Africa WTTC Finals Qualification,2022-05-05,BEYENE Endalkachew,ZERIHUN Awraris,ETH,ETH,3,2,"11,6,11,8,11|2,11,8,11,4",4,OTHER,MS,2578,Position Draw,ZERIHUN Awraris (ETH),BEYENE Endalkachew (ETH),,,2 - 3,2:11 11:6 8:11 11:8 4:11,BEYENE Endalkachew,2022
Eastern Africa WTTC Finals Qualification,2022-05-05,GULTI Marta,MAMO Betelihem,ETH,ETH,4,0,"11,11,11,11|3,4,5,5",SemiFinal,OTHER,WS,2578,Main Draw,GULTI Marta (ETH),MAMO Betelihem (ETH),,,4 - 0,11:3 11:4 11:5 11:5,GULTI Marta,2022
Eastern Africa WTTC Finals Qualification,2022-05-05,KINOO Ruqayyah,MEKURIA Meron,MRI,ETH,4,1,"11,11,11,11,11|4,13,4,6,9",SemiFinal,OTHER,WS,2578,Main Draw,KINOO Ruqayyah (MRI),MEKURIA Meron (ETH),,,4 - 1,11:4 11:13 11:4 11:6 11:9,KINOO Ruqayyah,2022
Eastern Africa WTTC Finals Qualification,2022-05-05,GEBRA Natanim,DJAMAL Ahmed,ETH,DJI,3,1,"4,11,13,11|11,6,11,8",2,OTHER,MS,2578,Position Draw,GEBRA Natanim (ETH),DJAMAL Ahmed (DJI),,,3 - 1,4:11 11:6 13:11 11:8,GEBRA Natanim,2022
Eastern Africa WTTC Finals Qualification,2022-05-05,HABTEYES Melese,DENBOBA Amanuel,ETH,ETH,3,2,"6,11,9,11,11|11,5,11,8,9",2,OTHER,MS,2578,Position Draw,HABTEYES Melese (ETH),DENBOBA Amanuel (ETH),,,3 - 2,6:11 11:5 9:11 11:8 11:9,HABTEYES Melese,2022
Eastern Africa WTTC Finals Qualification,2022-05-05,ABEJE Eyob Sissay,PONTOISE Jason,ETH,MRI,3,2,"9,13,4,11,11|11,11,11,8,6",2,OTHER,MS,2578,Position Draw,PONTOISE Jason (MRI),ABEJE Eyob Sissay (ETH),,,2 - 3,11:9 11:13 11:4 8:11 6:11,ABEJE Eyob Sissay,2022
Eastern Africa WTTC Finals Qualification,2022-05-05,GILLO Sentayehu Gebeyehu,NAKAWALA Jemimah,ETH,UGA,3,2,"3,8,14,12,11|11,11,12,10,9",4,OTHER,WS,2578,Position Draw,NAKAWALA Jemimah (UGA),GILLO Sentayehu Gebeyehu (ETH),,,2 - 3,11:3 11:8 12:14 10:12 9:11,GILLO Sentayehu Gebeyehu,2022
Eastern Africa WTTC Finals Qualification,2022-05-05,HABTE Saba,BENSTRONG Anniesa,ETH,SEY,3,1,"11,12,8,11|4,10,11,8",4,OTHER,WS,2578,Position Draw,HABTE Saba (ETH),BENSTRONG Anniesa (SEY),,,3 - 1,11:4 12:10 8:11 11:8,HABTE Saba,2022
Eastern Africa WTTC Finals Qualification,2022-05-05,GEBRU Eskedar,NEKESA Irene,ETH,UGA,3,0,"11,11,11|5,9,6",2,OTHER,WS,2578,Position Draw,NEKESA Irene (UGA),GEBRU Eskedar (ETH),,,0 - 3,5:11 9:11 6:11,GEBRU Eskedar,2022
Eastern Africa WTTC Finals Qualification,2022-05-05,NAKHUMITSA Rita,DESSCANN Sandhana,UGA,MRI,3,1,"12,11,11,11|10,8,13,5",2,OTHER,WS,2578,Position Draw,NAKHUMITSA Rita (UGA),DESSCANN Sandhana (MRI),,,3 - 1,12:10 11:8 11:13 11:5,NAKHUMITSA Rita,2022
Eastern Africa WTTC Finals Qualification,2022-05-05,FTWI Fana,SEERA Florence,ETH,UGA,3,0,"11,11,11|7,6,5",2,OTHER,WS,2578,Position Draw,SEERA Florence (UGA),FTWI Fana (ETH),,,0 - 3,7:11 6:11 5:11,FTWI Fana,2022
Eastern Africa WTTC Finals Qualification,2022-05-05,DEJENE Yordanos,ABRHA Gidey,ETH,ETH,3,2,"12,8,9,11,11|10,11,11,7,5",2,OTHER,WS,2578,Position Draw,ABRHA Gidey (ETH),DEJENE Yordanos (ETH),,,2 - 3,10:12 11:8 11:9 7:11 5:11,DEJENE Yordanos,2022
Eastern Africa WTTC Finals Qualification,2022-05-05,ACHUMA Benjamin Ebenezer,ZERIHUN Awraris,UGA,ETH,3,1,"11,7,11,11|8,11,9,5",2,OTHER,MS,2578,Position Draw,ZERIHUN Awraris (ETH),ACHUMA Benjamin Ebenezer (UGA),,,1 - 3,8:11 11:7 9:11 5:11,ACHUMA Benjamin Ebenezer,2022
Eastern Africa WTTC Finals Qualification,2022-05-05,BEYENE Endalkachew,BABOOLALL Muhammad,ETH,MRI,3,1,"11,11,7,11|5,8,11,9",2,OTHER,MS,2578,Position Draw,BEYENE Endalkachew (ETH),BABOOLALL Muhammad (MRI),,,3 - 1,11:5 11:8 7:11 11:9,BEYENE Endalkachew,2022
Eastern Africa WTTC Finals Qualification,2022-05-05,BENSTRONG Anniesa,NAKAWALA Jemimah,SEY,UGA,3,1,"11,11,4,11|8,7,11,6",2,OTHER,WS,2578,Position Draw,NAKAWALA Jemimah (UGA),BENSTRONG Anniesa (SEY),,,1 - 3,8:11 7:11 11:4 6:11,BENSTRONG Anniesa,2022
Eastern Africa WTTC Finals Qualification,2022-05-05,HABTE Saba,GILLO Sentayehu Gebeyehu,ETH,ETH,3,0,"11,11,11|8,7,9",2,OTHER,WS,2578,Position Draw,GILLO Sentayehu Gebeyehu (ETH),HABTE Saba (ETH),,,0 - 3,8:11 7:11 9:11,HABTE Saba,2022
Eastern Africa WTTC Finals Qualification,2022-05-05,ANKUNDA Samuel,FARIS Aden,UGA,ETH,3,1,"11,11,4,12|5,8,11,10",2,OTHER,MS,2578,Position Draw,FARIS Aden (ETH),ANKUNDA Samuel (UGA),,,1 - 3,5:11 8:11 11:4 10:12,ANKUNDA Samuel,2022
Eastern Africa WTTC Finals Qualification,2022-05-05,MEKURIA Meron,MAMO Betelihem,ETH,ETH,3,1,"12,11,11,11|10,7,13,5",2,OTHER,WS,2578,Position Draw,MEKURIA Meron (ETH),MAMO Betelihem (ETH),,,3 - 1,12:10 11:7 11:13 11:5,MEKURIA Meron,2022
Eastern Africa WTTC Finals Qualification,2022-05-05,KINOO Ruqayyah,GULTI Marta,MRI,ETH,4,1,"11,11,10,11,11|9,8,12,9,9",Final,OTHER,WS,2578,Main Draw,KINOO Ruqayyah (MRI),GULTI Marta (ETH),,,4 - 1,11:9 11:8 10:12 11:9 11:9,KINOO Ruqayyah,2022
2022 - Central American Championships,2022-05-03,BARCENAS Clio,CUX Jenny,MEX,GUA,3,1,"12,11,11,11|14,4,8,6",,OTHER,WS,2783,Qualification,BARCENAS Clio (MEX),CUX Jenny (GUA),,,3 - 1,12:14 11:4 11:8 11:6,BARCENAS Clio,2022
2022 - Central American Championships,2022-05-03,ENRIQUEZ Mabelyn,PAGUAGA Sarai,GUA,BIZ,3,0,"11,11,13|5,3,11",,OTHER,WS,2783,Qualification,ENRIQUEZ Mabelyn (GUA),PAGUAGA Sarai (BIZ),,,3 - 0,11:5 11:3 13:11,ENRIQUEZ Mabelyn,2022
2022 - Central American Championships,2022-05-03,SILVA Yadira,CASTRO SALAS Victoria Sofia,MEX,CRC,3,0,"11,11,11|7,6,5",,OTHER,WS,2783,Qualification,SILVA Yadira (MEX),CASTRO SALAS Victoria Sofia (CRC),,,3 - 0,11:7 11:6 11:5,SILVA Yadira,2022
2022 - Central American Championships,2022-05-03,CORDERO Lucia,PEREZ Sofia,GUA,CRC,3,0,"11,11,11|2,5,4",,OTHER,WS,2783,Qualification,CORDERO Lucia (GUA),PEREZ Sofia (CRC),,,3 - 0,11:2 11:5 11:4,CORDERO Lucia,2022
2022 - Central American Championships,2022-05-03,ZAPATA Hidalynn,REYES Ixchel,GUA,MEX,3,0,"12,11,13|10,8,11",,OTHER,WS,2783,Qualification,ZAPATA Hidalynn (GUA),REYES Ixchel (MEX),,,3 - 0,12:10 11:8 13:11,ZAPATA Hidalynn,2022
2022 - Central American Championships,2022-05-03,COSSIO Arantxa,SOLIS Mariam,MEX,PAN,3,0,"11,11,11|3,4,6",,OTHER,WS,2783,Qualification,COSSIO Arantxa (MEX),SOLIS Mariam (PAN),,,3 - 0,11:3 11:4 11:6,COSSIO Arantxa,2022
2022 - Central American Championships,2022-05-03,ZAVALETA Lucia,MACHADO Cristina,CRC,ESA,3,1,"11,12,8,11|9,10,11,6",,OTHER,WS,2783,Qualification,MACHADO Cristina (ESA),ZAVALETA Lucia (CRC),,,1 - 3,9:11 10:12 11:8 6:11,ZAVALETA Lucia,2022
2022 - Central American Championships,2022-05-03,GATICA Hector,GASTELUM Pablo,GUA,MEX,3,1,"11,7,11,11|5,11,6,8",,OTHER,MS,2783,Qualification,GATICA Hector (GUA),GASTELUM Pablo (MEX),,,3 - 1,11:5 7:11 11:6 11:8,GATICA Hector,2022
2022 - Central American Championships,2022-05-03,MADRID Marcos,FERNANDEZ Kevin,MEX,CRC,3,0,"11,11,11|5,6,5",,OTHER,MS,2783,Qualification,MADRID Marcos (MEX),FERNANDEZ Kevin (CRC),,,3 - 0,11:5 11:6 11:5,MADRID Marcos,2022
2022 - Central American Championships,2022-05-03,CALVO Allan,WONG Emilio,CRC,PAN,3,0,"11,11,11|6,5,6",,OTHER,MS,2783,Qualification,CALVO Allan (CRC),WONG Emilio (PAN),,,3 - 0,11:6 11:5 11:6,CALVO Allan,2022
2022 - Central American Championships,2022-05-03,ORANTES Diego,LIMAS Jorge,ESA,HON,3,0,"11,11,11|5,3,4",,OTHER,MS,2783,Qualification,ORANTES Diego (ESA),LIMAS Jorge (HON),,,3 - 0,11:5 11:3 11:4,ORANTES Diego,2022
2022 - Central American Championships,2022-05-03,VILLALTA Oscar,MORAZAN Alfredo,ESA,HON,3,2,"11,11,9,7,11|6,5,11,11,7",,OTHER,MS,2783,Qualification,MORAZAN Alfredo (HON),VILLALTA Oscar (ESA),,,2 - 3,6:11 5:11 11:9 11:7 7:11,VILLALTA Oscar,2022
2022 - Central American Championships,2022-05-03,MOSCOSO Heber,CUEVAS Ricardo,GUA,PAN,3,0,"11,11,11|7,6,4",,OTHER,MS,2783,Qualification,MOSCOSO Heber (GUA),CUEVAS Ricardo (PAN),,,3 - 0,11:7 11:6 11:4,MOSCOSO Heber,2022
2022 - Central American Championships,2022-05-03,MONTOYA Alejandro,THADANI Parin Chanderkant,CRC,BIZ,3,1,"9,11,11,11|11,7,1,6",,OTHER,MS,2783,Qualification,MONTOYA Alejandro (CRC),THADANI Parin Chanderkant (BIZ),,,3 - 1,9:11 11:7 11:1 11:6,MONTOYA Alejandro,2022
2022 - Central American Championships,2022-05-03,ARCE Dario,HUKMANI Devesh,MEX,BIZ,3,0,"11,11,11|4,2,5",,OTHER,MS,2783,Qualification,ARCE Dario (MEX),HUKMANI Devesh (BIZ),,,3 - 0,11:4 11:2 11:5,ARCE Dario,2022
2022 - Central American Championships,2022-05-03,MARTINEZ Job,TEJADA Luis,ESA,HON,3,0,"11,11,11|4,5,6",,OTHER,MS,2783,Qualification,MARTINEZ Job (ESA),TEJADA Luis (HON),,,3 - 0,11:4 11:5 11:6,MARTINEZ Job,2022
2022 - Central American Championships,2022-05-03,GOMEZ Juan Jesus,MEDINA Luis,MEX,HON,3,0,"11,11,11|3,2,6",,OTHER,MS,2783,Qualification,GOMEZ Juan Jesus (MEX),MEDINA Luis (HON),,,3 - 0,11:3 11:2 11:6,GOMEZ Juan Jesus,2022
2022 - Central American Championships,2022-05-03,DE LA CRUZ Diego,SANCHEZ Edgardo,GUA,ESA,3,0,"11,14,11|9,12,6",,OTHER,MS,2783,Qualification,DE LA CRUZ Diego (GUA),SANCHEZ Edgardo (ESA),,,3 - 0,11:9 14:12 11:6,DE LA CRUZ Diego,2022
2022 - Central American Championships,2022-05-03,ARAYA Daniel,MIRANDA Raul,CRC,PAN,3,1,"11,11,11,11|6,7,13,7",,OTHER,MS,2783,Qualification,ARAYA Daniel (CRC),MIRANDA Raul (PAN),,,3 - 1,11:6 11:7 11:13 11:7,ARAYA Daniel,2022
2022 - Central American Championships,2022-05-03,CARRILLO Sergio,PARKINSON Taye,GUA,BIZ,3,0,"11,11,11|4,3,5",,OTHER,MS,2783,Qualification,CARRILLO Sergio (GUA),PARKINSON Taye (BIZ),,,3 - 0,11:4 11:3 11:5,CARRILLO Sergio,2022
2022 - Central American Championships,2022-05-03,SILVA Yadira,ARIAS Emme,MEX,ESA,3,0,"11,12,11|3,10,7",,OTHER,WS,2783,Qualification,SILVA Yadira (MEX),ARIAS Emme (ESA),,,3 - 0,11:3 12:10 11:7,SILVA Yadira,2022
2022 - Central American Championships,2022-05-03,ENRIQUEZ Mabelyn,ARAYA Angie,GUA,CRC,3,1,"9,11,13,14|11,9,11,12",,OTHER,WS,2783,Qualification,ENRIQUEZ Mabelyn (GUA),ARAYA Angie (CRC),,,3 - 1,9:11 11:9 13:11 14:12,ENRIQUEZ Mabelyn,2022
2022 - Central American Championships,2022-05-03,CORDERO Lucia,ORANTES Cecilia,GUA,ESA,3,0,"11,11,11|4,3,5",,OTHER,WS,2783,Qualification,CORDERO Lucia (GUA),ORANTES Cecilia (ESA),,,3 - 0,11:4 11:3 11:5,CORDERO Lucia,2022
2022 - Central American Championships,2022-05-03,BARCENAS Clio,DISCUA Raquel,MEX,HON,3,0,"11,11,11|2,5,6",,OTHER,WS,2783,Qualification,BARCENAS Clio (MEX),DISCUA Raquel (HON),,,3 - 0,11:2 11:5 11:6,BARCENAS Clio,2022
2022 - Central American Championships,2022-05-03,ZAPATA Hidalynn,SUAREZ Gabriela,GUA,ESA,3,2,"13,11,5,4,11|11,8,11,11,7",,OTHER,WS,2783,Qualification,ZAPATA Hidalynn (GUA),SUAREZ Gabriela (ESA),,,3 - 2,13:11 11:8 5:11 4:11 11:7,ZAPATA Hidalynn,2022
2022 - Central American Championships,2022-05-03,COSSIO Arantxa,MACHADO Cristina,MEX,ESA,3,0,"11,11,11|9,5,6",,OTHER,WS,2783,Qualification,COSSIO Arantxa (MEX),MACHADO Cristina (ESA),,,3 - 0,11:9 11:5 11:6,COSSIO Arantxa,2022
2022 - Central American Championships,2022-05-03,ZAVALETA Lucia,SOLIS Mariam,CRC,PAN,3,0,"11,11,11|7,6,4",,OTHER,WS,2783,Qualification,SOLIS Mariam (PAN),ZAVALETA Lucia (CRC),,,0 - 3,7:11 6:11 4:11,ZAVALETA Lucia,2022
2022 - Central American Championships,2022-05-03,GATICA Hector,CALVO Allan,GUA,CRC,3,1,"11,10,11,11|7,12,6,5",,OTHER,MS,2783,Qualification,GATICA Hector (GUA),CALVO Allan (CRC),,,3 - 1,11:7 10:12 11:6 11:5,GATICA Hector,2022
2022 - Central American Championships,2022-05-03,MADRID Marcos,CHOCK GOMEZ Jahir,MEX,PAN,3,0,"11,11,11|2,1,6",,OTHER,MS,2783,Qualification,MADRID Marcos (MEX),CHOCK GOMEZ Jahir (PAN),,,3 - 0,11:2 11:1 11:6,MADRID Marcos,2022
2022 - Central American Championships,2022-05-03,GASTELUM Pablo,WONG Emilio,MEX,PAN,3,0,"11,11,11|4,9,4",,OTHER,MS,2783,Qualification,GASTELUM Pablo (MEX),WONG Emilio (PAN),,,3 - 0,11:4 11:9 11:4,GASTELUM Pablo,2022
2022 - Central American Championships,2022-05-03,MOSCOSO Heber,MORAZAN Alfredo,GUA,HON,3,0,"11,11,11|6,9,8",,OTHER,MS,2783,Qualification,MOSCOSO Heber (GUA),MORAZAN Alfredo (HON),,,3 - 0,11:6 11:9 11:8,MOSCOSO Heber,2022
2022 - Central American Championships,2022-05-03,VILLALTA Oscar,CUEVAS Ricardo,ESA,PAN,3,0,"11,11,11|4,4,3",,OTHER,MS,2783,Qualification,CUEVAS Ricardo (PAN),VILLALTA Oscar (ESA),,,0 - 3,4:11 4:11 3:11,VILLALTA Oscar,2022
2022 - Central American Championships,2022-05-03,GOMEZ Juan Jesus,DE LA CRUZ Diego,MEX,GUA,3,0,"11,11,13|9,8,11",,OTHER,MS,2783,Qualification,GOMEZ Juan Jesus (MEX),DE LA CRUZ Diego (GUA),,,3 - 0,11:9 11:8 13:11,GOMEZ Juan Jesus,2022
2022 - Central American Championships,2022-05-03,LIMAS Jorge,THADANI Parin Chanderkant,HON,BIZ,3,0,"11,11,11|5,2,4",,OTHER,MS,2783,Qualification,LIMAS Jorge (HON),THADANI Parin Chanderkant (BIZ),,,3 - 0,11:5 11:2 11:4,LIMAS Jorge,2022
2022 - Central American Championships,2022-05-03,ARCE Dario,MARTINEZ Job,MEX,ESA,3,1,"11,9,11,11|5,11,6,6",,OTHER,MS,2783,Qualification,ARCE Dario (MEX),MARTINEZ Job (ESA),,,3 - 1,11:5 9:11 11:6 11:6,ARCE Dario,2022
2022 - Central American Championships,2022-05-03,HUKMANI Devesh,TEJADA Luis,BIZ,HON,3,0,"11,13,11|5,11,6",,OTHER,MS,2783,Qualification,HUKMANI Devesh (BIZ),TEJADA Luis (HON),,,3 - 0,11:5 13:11 11:6,HUKMANI Devesh,2022
2022 - Central American Championships,2022-05-03,ORANTES Diego,MONTOYA Alejandro,ESA,CRC,3,0,"11,11,11|3,3,5",,OTHER,MS,2783,Qualification,ORANTES Diego (ESA),MONTOYA Alejandro (CRC),,,3 - 0,11:3 11:3 11:5,ORANTES Diego,2022
2022 - Central American Championships,2022-05-03,ARAYA Daniel,CARRILLO Sergio,CRC,GUA,3,1,"10,11,11,11|12,8,4,7",,OTHER,MS,2783,Qualification,ARAYA Daniel (CRC),CARRILLO Sergio (GUA),,,3 - 1,10:12 11:8 11:4 11:7,ARAYA Daniel,2022
2022 - Central American Championships,2022-05-03,MEDINA Luis,SANCHEZ Edgardo,HON,ESA,3,2,"10,10,11,11,11|12,12,7,4,9",,OTHER,MS,2783,Qualification,MEDINA Luis (HON),SANCHEZ Edgardo (ESA),,,3 - 2,10:12 10:12 11:7 11:4 11:9,MEDINA Luis,2022
2022 - Central American Championships,2022-05-03,MIRANDA Raul,PARKINSON Taye,PAN,BIZ,3,1,"11,8,11,11|5,11,4,6",,OTHER,MS,2783,Qualification,MIRANDA Raul (PAN),PARKINSON Taye (BIZ),,,3 - 1,11:5 8:11 11:4 11:6,MIRANDA Raul,2022
2022 - Central American Championships,2022-05-03,ARIAS Emme,CASTRO SALAS Victoria Sofia,ESA,CRC,3,0,"11,11,11|4,3,3",,OTHER,WS,2783,Qualification,ARIAS Emme (ESA),CASTRO SALAS Victoria Sofia (CRC),,,3 - 0,11:4 11:3 11:3,ARIAS Emme,2022
2022 - Central American Championships,2022-05-03,ARAYA Angie,PAGUAGA Sarai,CRC,BIZ,3,0,"11,11,11|3,4,1",,OTHER,WS,2783,Qualification,ARAYA Angie (CRC),PAGUAGA Sarai (BIZ),,,3 - 0,11:3 11:4 11:1,ARAYA Angie,2022
2022 - Central American Championships,2022-05-03,CUX Jenny,DISCUA Raquel,GUA,HON,3,0,"11,11,11|9,2,9",,OTHER,WS,2783,Qualification,DISCUA Raquel (HON),CUX Jenny (GUA),,,0 - 3,9:11 2:11 9:11,CUX Jenny,2022
2022 - Central American Championships,2022-05-03,PEREZ Sofia,ORANTES Cecilia,CRC,ESA,3,1,"8,11,11,11|11,9,5,6",,OTHER,WS,2783,Qualification,ORANTES Cecilia (ESA),PEREZ Sofia (CRC),,,1 - 3,11:8 9:11 5:11 6:11,PEREZ Sofia,2022
2022 - Central American Championships,2022-05-03,SUAREZ Gabriela,REYES Ixchel,ESA,MEX,3,0,"11,11,11|6,5,5",,OTHER,WS,2783,Qualification,SUAREZ Gabriela (ESA),REYES Ixchel (MEX),,,3 - 0,11:6 11:5 11:5,SUAREZ Gabriela,2022
2022 - Central American Championships,2022-05-03,COSSIO Arantxa,ZAVALETA Lucia,MEX,CRC,3,0,"11,11,11|6,6,2",,OTHER,WS,2783,Qualification,COSSIO Arantxa (MEX),ZAVALETA Lucia (CRC),,,3 - 0,11:6 11:6 11:2,COSSIO Arantxa,2022
2022 - Central American Championships,2022-05-03,MACHADO Cristina,SOLIS Mariam,ESA,PAN,3,0,"11,11,11|6,1,2",,OTHER,WS,2783,Qualification,MACHADO Cristina (ESA),SOLIS Mariam (PAN),,,3 - 0,11:6 11:1 11:2,MACHADO Cristina,2022
2022 - Central American Championships,2022-05-03,VILLALTA Oscar,MOSCOSO Heber,ESA,GUA,3,1,"11,11,10,11|8,8,12,9",,OTHER,MS,2783,Qualification,MOSCOSO Heber (GUA),VILLALTA Oscar (ESA),,,1 - 3,8:11 8:11 12:10 9:11,VILLALTA Oscar,2022
2022 - Central American Championships,2022-05-03,GASTELUM Pablo,CALVO Allan,MEX,CRC,3,1,"11,11,9,11|4,6,11,8",,OTHER,MS,2783,Qualification,CALVO Allan (CRC),GASTELUM Pablo (MEX),,,1 - 3,4:11 6:11 11:9 8:11,GASTELUM Pablo,2022
2022 - Central American Championships,2022-05-03,CHOCK GOMEZ Jahir,FERNANDEZ Kevin,PAN,CRC,3,2,"4,11,7,11,18|11,8,11,5,16",,OTHER,MS,2783,Qualification,CHOCK GOMEZ Jahir (PAN),FERNANDEZ Kevin (CRC),,,3 - 2,4:11 11:8 7:11 11:5 18:16,CHOCK GOMEZ Jahir,2022
2022 - Central American Championships,2022-05-03,GATICA Hector,WONG Emilio,GUA,PAN,3,0,"11,11,11|2,4,4",,OTHER,MS,2783,Qualification,GATICA Hector (GUA),WONG Emilio (PAN),,,3 - 0,11:2 11:4 11:4,GATICA Hector,2022
2022 - Central American Championships,2022-05-03,MORAZAN Alfredo,CUEVAS Ricardo,HON,PAN,3,1,"11,9,11,11|3,11,6,7",,OTHER,MS,2783,Qualification,MORAZAN Alfredo (HON),CUEVAS Ricardo (PAN),,,3 - 1,11:3 9:11 11:6 11:7,MORAZAN Alfredo,2022
2022 - Central American Championships,2022-05-03,MARTINEZ Job,HUKMANI Devesh,ESA,BIZ,3,0,"11,11,11|3,7,6",,OTHER,MS,2783,Qualification,MARTINEZ Job (ESA),HUKMANI Devesh (BIZ),,,3 - 0,11:3 11:7 11:6,MARTINEZ Job,2022
2022 - Central American Championships,2022-05-03,MONTOYA Alejandro,LIMAS Jorge,CRC,HON,3,2,"7,11,9,11,12|11,4,11,4,10",,OTHER,MS,2783,Qualification,MONTOYA Alejandro (CRC),LIMAS Jorge (HON),,,3 - 2,7:11 11:4 9:11 11:4 12:10,MONTOYA Alejandro,2022
2022 - Central American Championships,2022-05-03,ARCE Dario,TEJADA Luis,MEX,HON,3,0,"11,11,11|2,5,5",,OTHER,MS,2783,Qualification,ARCE Dario (MEX),TEJADA Luis (HON),,,3 - 0,11:2 11:5 11:5,ARCE Dario,2022
2022 - Central American Championships,2022-05-03,ORANTES Diego,THADANI Parin Chanderkant,ESA,BIZ,3,0,"11,11,11|4,3,6",,OTHER,MS,2783,Qualification,ORANTES Diego (ESA),THADANI Parin Chanderkant (BIZ),,,3 - 0,11:4 11:3 11:6,ORANTES Diego,2022
2022 - Central American Championships,2022-05-03,GOMEZ Juan Jesus,SANCHEZ Edgardo,MEX,ESA,3,2,"6,11,5,11,12|11,9,11,4,10",,OTHER,MS,2783,Qualification,GOMEZ Juan Jesus (MEX),SANCHEZ Edgardo (ESA),,,3 - 2,6:11 11:9 5:11 11:4 12:10,GOMEZ Juan Jesus,2022
2022 - Central American Championships,2022-05-03,DE LA CRUZ Diego,MEDINA Luis,GUA,HON,3,0,"11,11,11|6,8,4",,OTHER,MS,2783,Qualification,DE LA CRUZ Diego (GUA),MEDINA Luis (HON),,,3 - 0,11:6 11:8 11:4,DE LA CRUZ Diego,2022
2022 - Central American Championships,2022-05-03,ARAYA Daniel,PARKINSON Taye,CRC,BIZ,3,0,"11,11,11|7,4,3",,OTHER,MS,2783,Qualification,ARAYA Daniel (CRC),PARKINSON Taye (BIZ),,,3 - 0,11:7 11:4 11:3,ARAYA Daniel,2022
2022 - Central American Championships,2022-05-03,CARRILLO Sergio,MIRANDA Raul,GUA,PAN,3,0,"11,11,11|5,4,6",,OTHER,MS,2783,Qualification,CARRILLO Sergio (GUA),MIRANDA Raul (PAN),,,3 - 0,11:5 11:4 11:6,CARRILLO Sergio,2022
2022 - Central American Championships,2022-05-03,MOSCOSO Heber,LIMAS Jorge,GUA,HON,3,0,"11,11,11|2,6,6",R16,OTHER,XD,2783,Main Draw,LIMAS Jorge (HON),MOSCOSO Heber (GUA),DISCUA Raquel (HON),CORDERO Lucia (GUA),0 - 3,2:11 6:11 6:11,MOSCOSO Heber,2022
2022 - Central American Championships,2022-05-03,DE LA CRUZ Diego,CALVO Allan,GUA,CRC,3,1,"11,5,11,11|6,11,4,7",R16,OTHER,XD,2783,Main Draw,CALVO Allan (CRC),DE LA CRUZ Diego (GUA),ARAYA Angie (CRC),ZAPATA Hidalynn (GUA),1 - 3,6:11 11:5 4:11 7:11,DE LA CRUZ Diego,2022
2022 - Central American Championships,2022-05-03,CARRILLO Sergio,WONG Emilio,GUA,PAN,3,0,"11,11,11|3,8,7",R16,OTHER,XD,2783,Main Draw,WONG Emilio (PAN),CARRILLO Sergio (GUA),SOLIS Mariam (PAN),CUX Jenny (GUA),0 - 3,3:11 8:11 7:11,CARRILLO Sergio,2022
2022 - Central American Championships,2022-05-03,GATICA Hector,HUKMANI Devesh,GUA,BIZ,3,1,"11,11,8,11|4,6,11,4",R16,OTHER,XD,2783,Main Draw,GATICA Hector (GUA),HUKMANI Devesh (BIZ),ENRIQUEZ Mabelyn (GUA),PAGUAGA Sarai (BIZ),3 - 1,11:4 11:6 8:11 11:4,GATICA Hector,2022
2022 - Central American Championships,2022-05-03,VILLALTA Oscar,MONTOYA Alejandro,ESA,CRC,3,0,"11,11,11|8,6,4",R16,OTHER,XD,2783,Main Draw,MONTOYA Alejandro (CRC),VILLALTA Oscar (ESA),ZAVALETA Lucia (CRC),ARIAS Emme (ESA),0 - 3,8:11 6:11 4:11,VILLALTA Oscar,2022
2022 - Central American Championships,2022-05-03,PEREZ Sofia,MEJIA Monica,CRC,GUA,3,2,"7,11,9,11,11|11,4,11,9,7",R16,OTHER,WD,2783,Main Draw,MEJIA Monica (GUA),PEREZ Sofia (CRC),ORELLANA Stefanie (GUA),ZAVALETA Lucia (CRC),2 - 3,11:7 4:11 11:9 9:11 7:11,PEREZ Sofia,2022
2022 - Central American Championships,2022-05-03,GUTIERREZ Allan,MORAZAN Alfredo,GUA,HON,3,0,"11,11,13|8,6,11",R16,OTHER,MD,2783,Main Draw,MORAZAN Alfredo (HON),GUTIERREZ Allan (GUA),TEJADA Luis (HON),MONTUFAR Kevin (GUA),0 - 3,8:11 6:11 11:13,GUTIERREZ Allan,2022
2022 - Central American Championships,2022-05-03,CARRILLO Sergio,CALVO Allan,GUA,CRC,3,1,"8,11,11,11|11,9,7,5",R16,OTHER,MD,2783,Main Draw,CARRILLO Sergio (GUA),CALVO Allan (CRC),DE LA CRUZ Diego (GUA),FERNANDEZ Kevin (CRC),3 - 1,8:11 11:9 11:7 11:5,CARRILLO Sergio,2022
2022 - Central American Championships,2022-05-03,ORANTES Diego,CUEVAS Ricardo,ESA,PAN,3,0,"11,11,11|1,5,3",R16,OTHER,MD,2783,Main Draw,CUEVAS Ricardo (PAN),ORANTES Diego (ESA),MIRANDA Raul (PAN),VILLALTA Oscar (ESA),0 - 3,1:11 5:11 3:11,ORANTES Diego,2022
2022 - Central American Championships,2022-05-03,GASTELUM Pablo,CHOCK GOMEZ Jahir,MEX,PAN,3,0,"11,11,11|3,3,1",R16,OTHER,MD,2783,Main Draw,GASTELUM Pablo (MEX),CHOCK GOMEZ Jahir (PAN),MADRID Marcos (MEX),WONG Emilio (PAN),3 - 0,11:3 11:3 11:1,GASTELUM Pablo,2022
2022 - Central American Championships,2022-05-03,ARAYA Daniel,RUANO Kevin,CRC,GUA,3,0,"11,11,11|7,7,9",R16,OTHER,MD,2783,Main Draw,RUANO Kevin (GUA),ARAYA Daniel (CRC),ORELLANA Enrique (GUA),MONTOYA Alejandro (CRC),0 - 3,7:11 7:11 9:11,ARAYA Daniel,2022
2022 - Central American Championships,2022-05-03,MARTINEZ Job,LIMAS Jorge,ESA,HON,3,0,"11,11,11|8,7,8",R16,OTHER,MD,2783,Main Draw,MARTINEZ Job (ESA),LIMAS Jorge (HON),SANCHEZ Edgardo (ESA),MEDINA Luis (HON),3 - 0,11:8 11:7 11:8,MARTINEZ Job,2022
2022 - Central American Championships,2022-05-03,ARAYA Angie,ZAPATA Hidalynn,CRC,GUA,4,3,"12,11,6,11,6,13,11|10,13,11,9,11,11,7",R16,OTHER,WS,2783,Main Draw,ARAYA Angie (CRC),ZAPATA Hidalynn (GUA),,,4 - 3,12:10 11:13 6:11 11:9 6:11 13:11 11:7,ARAYA Angie,2022
2022 - Central American Championships,2022-05-03,CUX Jenny,ZAVALETA Lucia,GUA,CRC,4,1,"11,6,11,11,12|9,11,6,5,10",R16,OTHER,WS,2783,Main Draw,CUX Jenny (GUA),ZAVALETA Lucia (CRC),,,4 - 1,11:9 6:11 11:6 11:5 12:10,CUX Jenny,2022
2022 - Central American Championships,2022-05-03,ARIAS Emme,PEREZ Sofia,ESA,CRC,4,1,"11,10,14,11,11|5,12,12,8,6",R16,OTHER,WS,2783,Main Draw,ARIAS Emme (ESA),PEREZ Sofia (CRC),,,4 - 1,11:5 10:12 14:12 11:8 11:6,ARIAS Emme,2022
2022 - Central American Championships,2022-05-03,COSSIO Arantxa,SUAREZ Gabriela,MEX,ESA,4,3,"7,16,8,11,11,9,11|11,14,11,8,7,11,5",R16,OTHER,WS,2783,Main Draw,COSSIO Arantxa (MEX),SUAREZ Gabriela (ESA),,,4 - 3,7:11 16:14 8:11 11:8 11:7 9:11 11:5,COSSIO Arantxa,2022
2022 - Central American Championships,2022-05-03,GOMEZ Juan Jesus,MOSCOSO Heber,MEX,GUA,4,1,"9,11,11,11,11|11,4,7,9,5",R16,OTHER,MS,2783,Main Draw,GOMEZ Juan Jesus (MEX),MOSCOSO Heber (GUA),,,4 - 1,9:11 11:4 11:7 11:9 11:5,GOMEZ Juan Jesus,2022
2022 - Central American Championships,2022-05-03,CARRILLO Sergio,MARTINEZ Job,GUA,ESA,4,1,"11,8,11,13,11|5,11,3,11,7",R16,OTHER,MS,2783,Main Draw,MARTINEZ Job (ESA),CARRILLO Sergio (GUA),,,1 - 4,5:11 11:8 3:11 11:13 7:11,CARRILLO Sergio,2022
2022 - Central American Championships,2022-05-03,GASTELUM Pablo,ORANTES Diego,MEX,ESA,4,2,"11,11,8,11,5,11|9,3,11,9,11,8",R16,OTHER,MS,2783,Main Draw,GASTELUM Pablo (MEX),ORANTES Diego (ESA),,,4 - 2,11:9 11:3 8:11 11:9 5:11 11:8,GASTELUM Pablo,2022
2022 - Central American Championships,2022-05-03,DE LA CRUZ Diego,VILLALTA Oscar,GUA,ESA,4,2,"11,6,11,9,11,11|4,11,7,11,5,6",R16,OTHER,MS,2783,Main Draw,VILLALTA Oscar (ESA),DE LA CRUZ Diego (GUA),,,2 - 4,4:11 11:6 7:11 11:9 5:11 6:11,DE LA CRUZ Diego,2022
2022 - Central American Championships,2022-05-03,ARAYA Daniel,CHOCK GOMEZ Jahir,CRC,PAN,4,0,"11,11,11,11|7,7,9,5",R16,OTHER,MS,2783,Main Draw,ARAYA Daniel (CRC),CHOCK GOMEZ Jahir (PAN),,,4 - 0,11:7 11:7 11:9 11:5,ARAYA Daniel,2022
2022 - Central American Championships,2022-05-03,ARCE Dario,MONTOYA Alejandro,MEX,CRC,4,1,"11,11,11,9,11|6,5,2,11,7",R16,OTHER,MS,2783,Main Draw,MONTOYA Alejandro (CRC),ARCE Dario (MEX),,,1 - 4,6:11 5:11 2:11 11:9 7:11,ARCE Dario,2022
2022 - Central American Championships,2022-05-03,MADRID Marcos,GATICA Hector,MEX,GUA,3,0,"11,11,11|7,7,7",QuarterFinal,OTHER,XD,2783,Main Draw,GATICA Hector (GUA),MADRID Marcos (MEX),ENRIQUEZ Mabelyn (GUA),SILVA Yadira (MEX),0 - 3,7:11 7:11 7:11,MADRID Marcos,2022
2022 - Central American Championships,2022-05-03,ARCE Dario,DE LA CRUZ Diego,MEX,GUA,3,0,"11,11,11|6,4,3",QuarterFinal,OTHER,XD,2783,Main Draw,ARCE Dario (MEX),DE LA CRUZ Diego (GUA),BARCENAS Clio (MEX),ZAPATA Hidalynn (GUA),3 - 0,11:6 11:4 11:3,ARCE Dario,2022
2022 - Central American Championships,2022-05-03,ORANTES Diego,CARRILLO Sergio,ESA,GUA,3,1,"7,11,11,11|11,4,4,8",QuarterFinal,OTHER,XD,2783,Main Draw,ORANTES Diego (ESA),CARRILLO Sergio (GUA),SUAREZ Gabriela (ESA),CUX Jenny (GUA),3 - 1,7:11 11:4 11:4 11:8,ORANTES Diego,2022
2022 - Central American Championships,2022-05-03,MOSCOSO Heber,VILLALTA Oscar,GUA,ESA,3,2,"11,10,11,11,14|8,12,7,13,12",QuarterFinal,OTHER,XD,2783,Main Draw,VILLALTA Oscar (ESA),MOSCOSO Heber (GUA),ARIAS Emme (ESA),CORDERO Lucia (GUA),2 - 3,8:11 12:10 7:11 13:11 12:14,MOSCOSO Heber,2022
2022 - Central American Championships,2022-05-03,CORDERO Lucia,SUAREZ Gabriela,GUA,ESA,3,1,"11,11,9,11|7,8,11,8",QuarterFinal,OTHER,WD,2783,Main Draw,CORDERO Lucia (GUA),SUAREZ Gabriela (ESA),ZAPATA Hidalynn (GUA),ARIAS Emme (ESA),3 - 1,11:7 11:8 9:11 11:8,CORDERO Lucia,2022
2022 - Central American Championships,2022-05-03,BARCENAS Clio,ENRIQUEZ Mabelyn,MEX,GUA,3,0,"11,13,11|7,11,7",QuarterFinal,OTHER,WD,2783,Main Draw,ENRIQUEZ Mabelyn (GUA),BARCENAS Clio (MEX),CUX Jenny (GUA),REYES Ixchel (MEX),0 - 3,7:11 11:13 7:11,BARCENAS Clio,2022
2022 - Central American Championships,2022-05-03,GARCIA Kimberly,MACHADO Cristina,GUA,ESA,3,0,"11,12,11|9,10,2",QuarterFinal,OTHER,WD,2783,Main Draw,MACHADO Cristina (ESA),GARCIA Kimberly (GUA),ORANTES Cecilia (ESA),RUIZ Katerine (GUA),0 - 3,9:11 10:12 2:11,GARCIA Kimberly,2022
2022 - Central American Championships,2022-05-03,COSSIO Arantxa,PEREZ Sofia,MEX,CRC,3,0,"11,11,11|5,3,2",QuarterFinal,OTHER,WD,2783,Main Draw,PEREZ Sofia (CRC),COSSIO Arantxa (MEX),ZAVALETA Lucia (CRC),SILVA Yadira (MEX),0 - 3,5:11 3:11 2:11,COSSIO Arantxa,2022
2022 - Central American Championships,2022-05-03,ARCE Dario,GUTIERREZ Allan,MEX,GUA,3,0,"11,11,11|8,4,5",QuarterFinal,OTHER,MD,2783,Main Draw,ARCE Dario (MEX),GUTIERREZ Allan (GUA),GOMEZ Juan Jesus (MEX),MONTUFAR Kevin (GUA),3 - 0,11:8 11:4 11:5,ARCE Dario,2022
2022 - Central American Championships,2022-05-03,ARAYA Daniel,GASTELUM Pablo,CRC,MEX,3,2,"8,11,11,4,11|11,6,9,11,8",QuarterFinal,OTHER,MD,2783,Main Draw,GASTELUM Pablo (MEX),ARAYA Daniel (CRC),MADRID Marcos (MEX),MONTOYA Alejandro (CRC),2 - 3,11:8 6:11 9:11 11:4 8:11,ARAYA Daniel,2022
2022 - Central American Championships,2022-05-03,GATICA Hector,MARTINEZ Job,GUA,ESA,3,0,"15,11,11|13,5,8",QuarterFinal,OTHER,MD,2783,Main Draw,MARTINEZ Job (ESA),GATICA Hector (GUA),SANCHEZ Edgardo (ESA),MOSCOSO Heber (GUA),0 - 3,13:15 5:11 8:11,GATICA Hector,2022
2022 - Central American Championships,2022-05-03,ARCE Dario,MOSCOSO Heber,MEX,GUA,3,0,"11,11,11|6,9,9",SemiFinal,OTHER,XD,2783,Main Draw,ARCE Dario (MEX),MOSCOSO Heber (GUA),BARCENAS Clio (MEX),CORDERO Lucia (GUA),3 - 0,11:6 11:9 11:9,ARCE Dario,2022
2022 - Central American Championships,2022-05-03,MADRID Marcos,ORANTES Diego,MEX,ESA,3,0,"12,11,11|10,5,6",SemiFinal,OTHER,XD,2783,Main Draw,ORANTES Diego (ESA),MADRID Marcos (MEX),SUAREZ Gabriela (ESA),SILVA Yadira (MEX),0 - 3,10:12 5:11 6:11,MADRID Marcos,2022
2022 - Central American Championships,2022-05-03,CORDERO Lucia,BARCENAS Clio,GUA,MEX,3,0,"11,13,14|8,11,12",SemiFinal,OTHER,WD,2783,Main Draw,CORDERO Lucia (GUA),BARCENAS Clio (MEX),ZAPATA Hidalynn (GUA),REYES Ixchel (MEX),3 - 0,11:8 13:11 14:12,CORDERO Lucia,2022
2022 - Central American Championships,2022-05-03,COSSIO Arantxa,GARCIA Kimberly,MEX,GUA,3,0,"11,11,11|7,7,7",SemiFinal,OTHER,WD,2783,Main Draw,GARCIA Kimberly (GUA),COSSIO Arantxa (MEX),RUIZ Katerine (GUA),SILVA Yadira (MEX),0 - 3,7:11 7:11 7:11,COSSIO Arantxa,2022
2022 - Central American Championships,2022-05-03,GATICA Hector,ARAYA Daniel,GUA,CRC,3,2,"6,12,8,11,11|11,10,11,5,8",SemiFinal,OTHER,MD,2783,Main Draw,ARAYA Daniel (CRC),GATICA Hector (GUA),MONTOYA Alejandro (CRC),MOSCOSO Heber (GUA),2 - 3,11:6 10:12 11:8 5:11 8:11,GATICA Hector,2022
2022 - Central American Championships,2022-05-03,ARCE Dario,ORANTES Diego,MEX,ESA,3,1,"11,4,11,12|6,11,4,10",SemiFinal,OTHER,MD,2783,Main Draw,ARCE Dario (MEX),ORANTES Diego (ESA),GOMEZ Juan Jesus (MEX),VILLALTA Oscar (ESA),3 - 1,11:6 4:11 11:4 12:10,ARCE Dario,2022
2022 - Central American Championships,2022-05-03,COSSIO Arantxa,ENRIQUEZ Mabelyn,MEX,GUA,4,3,"11,14,4,11,4,6,11|3,12,11,9,11,11,8",QuarterFinal,OTHER,WS,2783,Main Draw,COSSIO Arantxa (MEX),ENRIQUEZ Mabelyn (GUA),,,4 - 3,11:3 14:12 4:11 11:9 4:11 6:11 11:8,COSSIO Arantxa,2022
2022 - Central American Championships,2022-05-03,BARCENAS Clio,ARIAS Emme,MEX,ESA,4,0,"11,11,11,11|5,7,7,6",QuarterFinal,OTHER,WS,2783,Main Draw,BARCENAS Clio (MEX),ARIAS Emme (ESA),,,4 - 0,11:5 11:7 11:7 11:6,BARCENAS Clio,2022
2022 - Central American Championships,2022-05-03,SILVA Yadira,ARAYA Angie,MEX,CRC,4,0,"11,11,11,11|5,1,8,4",QuarterFinal,OTHER,WS,2783,Main Draw,SILVA Yadira (MEX),ARAYA Angie (CRC),,,4 - 0,11:5 11:1 11:8 11:4,SILVA Yadira,2022
2022 - Central American Championships,2022-05-03,CUX Jenny,CORDERO Lucia,GUA,GUA,4,1,"5,11,13,13,11|11,8,11,11,8",QuarterFinal,OTHER,WS,2783,Main Draw,CUX Jenny (GUA),CORDERO Lucia (GUA),,,4 - 1,5:11 11:8 13:11 13:11 11:8,CUX Jenny,2022
2022 - Central American Championships,2022-05-03,ARAYA Daniel,GATICA Hector,CRC,GUA,4,3,"8,3,11,11,11,3,11|11,11,8,9,6,11,7",QuarterFinal,OTHER,MS,2783,Main Draw,ARAYA Daniel (CRC),GATICA Hector (GUA),,,4 - 3,8:11 3:11 11:8 11:9 11:6 3:11 11:7,ARAYA Daniel,2022
2022 - Central American Championships,2022-05-03,MADRID Marcos,CARRILLO Sergio,MEX,GUA,4,0,"11,11,11,11|7,4,5,3",QuarterFinal,OTHER,MS,2783,Main Draw,MADRID Marcos (MEX),CARRILLO Sergio (GUA),,,4 - 0,11:7 11:4 11:5 11:3,MADRID Marcos,2022
2022 - Central American Championships,2022-05-03,GASTELUM Pablo,GOMEZ Juan Jesus,MEX,MEX,4,3,"11,8,4,8,11,11,11|4,11,11,11,8,8,7",QuarterFinal,OTHER,MS,2783,Main Draw,GOMEZ Juan Jesus (MEX),GASTELUM Pablo (MEX),,,3 - 4,4:11 11:8 11:4 11:8 8:11 8:11 7:11,GASTELUM Pablo,2022
2022 - Central American Championships,2022-05-03,MADRID Marcos,ARCE Dario,MEX,MEX,3,2,"16,7,6,11,11|14,11,11,8,9",Final,OTHER,XD,2783,Main Draw,ARCE Dario (MEX),MADRID Marcos (MEX),BARCENAS Clio (MEX),SILVA Yadira (MEX),2 - 3,14:16 11:7 11:6 8:11 9:11,MADRID Marcos,2022
2022 - Central American Championships,2022-05-03,SILVA Yadira,CUX Jenny,MEX,GUA,4,0,"11,11,11,11|9,7,4,8",SemiFinal,OTHER,WS,2783,Main Draw,SILVA Yadira (MEX),CUX Jenny (GUA),,,4 - 0,11:9 11:7 11:4 11:8,SILVA Yadira,2022
2022 - Central American Championships,2022-05-03,COSSIO Arantxa,BARCENAS Clio,MEX,MEX,4,3,"12,10,11,12,9,11,11|14,12,8,10,11,2,7",SemiFinal,OTHER,WS,2783,Main Draw,BARCENAS Clio (MEX),COSSIO Arantxa (MEX),,,3 - 4,14:12 12:10 8:11 10:12 11:9 2:11 7:11,COSSIO Arantxa,2022
2022 - Central American Championships,2022-05-03,MADRID Marcos,GASTELUM Pablo,MEX,MEX,4,0,"11,11,11,11|8,6,7,9",SemiFinal,OTHER,MS,2783,Main Draw,MADRID Marcos (MEX),GASTELUM Pablo (MEX),,,4 - 0,11:8 11:6 11:7 11:9,MADRID Marcos,2022
2022 - Central American Championships,2022-05-03,ARCE Dario,ARAYA Daniel,MEX,CRC,4,0,"11,11,11,11|9,2,7,4",SemiFinal,OTHER,MS,2783,Main Draw,ARCE Dario (MEX),ARAYA Daniel (CRC),,,4 - 0,11:9 11:2 11:7 11:4,ARCE Dario,2022
2022 - Central American Championships,2022-05-03,COSSIO Arantxa,CORDERO Lucia,MEX,GUA,3,2,"15,8,12,9,11|13,11,10,11,7",Final,OTHER,WD,2783,Main Draw,CORDERO Lucia (GUA),COSSIO Arantxa (MEX),ZAPATA Hidalynn (GUA),SILVA Yadira (MEX),2 - 3,13:15 11:8 10:12 11:9 7:11,COSSIO Arantxa,2022
2022 - Central American Championships,2022-05-03,ARCE Dario,GATICA Hector,MEX,GUA,3,0,"11,11,11|2,6,3",Final,OTHER,MD,2783,Main Draw,ARCE Dario (MEX),GATICA Hector (GUA),GOMEZ Juan Jesus (MEX),MOSCOSO Heber (GUA),3 - 0,11:2 11:6 11:3,ARCE Dario,2022
2022 - Central American Championships,2022-05-03,SILVA Yadira,COSSIO Arantxa,MEX,MEX,4,3,"11,12,11,6,11,9,11|8,14,8,11,6,11,2",Final,OTHER,WS,2783,Main Draw,SILVA Yadira (MEX),COSSIO Arantxa (MEX),,,4 - 3,11:8 12:14 11:8 6:11 11:6 9:11 11:2,SILVA Yadira,2022
2022 - Central American Championships,2022-05-03,MOSCOSO Heber,CALVO Allan,GUA,CRC,3,0,"11,11,11|8,7,3",,OTHER,MT,2783,Qualification,MOSCOSO Heber (GUA),CALVO Allan (CRC),,,3 - 0,11:8 11:7 11:3,MOSCOSO Heber,2022
2022 - Central American Championships,2022-05-03,CARRILLO Sergio,MONTOYA Alejandro,GUA,CRC,3,2,"11,7,9,11,13|5,11,11,5,11",,OTHER,MT,2783,Qualification,CARRILLO Sergio (GUA),MONTOYA Alejandro (CRC),,,3 - 2,11:5 7:11 9:11 11:5 13:11,CARRILLO Sergio,2022
2022 - Central American Championships,2022-05-03,MADRID Marcos,CUEVAS Ricardo,MEX,PAN,3,0,"11,11,11|4,6,3",,OTHER,MT,2783,Qualification,MADRID Marcos (MEX),CUEVAS Ricardo (PAN),,,3 - 0,11:4 11:6 11:3,MADRID Marcos,2022
2022 - Central American Championships,2022-05-03,GOMEZ Juan Jesus,MIRANDA Raul,MEX,PAN,3,0,"11,11,11|8,4,6",,OTHER,MT,2783,Qualification,GOMEZ Juan Jesus (MEX),MIRANDA Raul (PAN),,,3 - 0,11:8 11:4 11:6,GOMEZ Juan Jesus,2022
2022 - Central American Championships,2022-05-03,MORAZAN Alfredo,HUKMANI Devesh,HON,BIZ,3,1,"11,11,6,11|8,3,11,7",,OTHER,MT,2783,Qualification,HUKMANI Devesh (BIZ),MORAZAN Alfredo (HON),,,1 - 3,8:11 3:11 11:6 7:11,MORAZAN Alfredo,2022
2022 - Central American Championships,2022-05-03,MEDINA Luis,PARKINSON Taye,HON,BIZ,3,0,"11,11,11|1,6,5",,OTHER,MT,2783,Qualification,PARKINSON Taye (BIZ),MEDINA Luis (HON),,,0 - 3,1:11 6:11 5:11,MEDINA Luis,2022
2022 - Central American Championships,2022-05-03,ENRIQUEZ Mabelyn,ARIAS Emme,GUA,ESA,3,2,"11,11,7,9,11|8,2,11,11,9",,OTHER,WT,2783,Qualification,ENRIQUEZ Mabelyn (GUA),ARIAS Emme (ESA),,,3 - 2,11:8 11:2 7:11 9:11 11:9,ENRIQUEZ Mabelyn,2022
2022 - Central American Championships,2022-05-03,SUAREZ Gabriela,CORDERO Lucia,ESA,GUA,3,0,"11,11,11|3,4,8",,OTHER,WT,2783,Qualification,CORDERO Lucia (GUA),SUAREZ Gabriela (ESA),,,0 - 3,3:11 4:11 8:11,SUAREZ Gabriela,2022
2022 - Central American Championships,2022-05-03,CUX Jenny,MACHADO Cristina,GUA,ESA,3,1,"7,11,11,11|11,6,4,9",,OTHER,WT,2783,Qualification,CUX Jenny (GUA),MACHADO Cristina (ESA),,,3 - 1,7:11 11:6 11:4 11:9,CUX Jenny,2022
2022 - Central American Championships,2022-05-03,ENRIQUEZ Mabelyn,SUAREZ Gabriela,GUA,ESA,3,1,"11,8,11,11|8,11,9,7",,OTHER,WT,2783,Qualification,ENRIQUEZ Mabelyn (GUA),SUAREZ Gabriela (ESA),,,3 - 1,11:8 8:11 11:9 11:7,ENRIQUEZ Mabelyn,2022
2022 - Central American Championships,2022-05-03,COSSIO Arantxa,CASTRO SALAS Victoria Sofia,MEX,CRC,3,0,"11,11,11|4,1,3",,OTHER,WT,2783,Qualification,COSSIO Arantxa (MEX),CASTRO SALAS Victoria Sofia (CRC),,,3 - 0,11:4 11:1 11:3,COSSIO Arantxa,2022
2022 - Central American Championships,2022-05-03,BARCENAS Clio,ZAVALETA Lucia,MEX,CRC,3,1,"11,7,11,11|5,11,8,8",,OTHER,WT,2783,Qualification,BARCENAS Clio (MEX),ZAVALETA Lucia (CRC),,,3 - 1,11:5 7:11 11:8 11:8,BARCENAS Clio,2022
2022 - Central American Championships,2022-05-03,PEREZ Sofia,REYES Ixchel,CRC,MEX,3,1,"11,11,7,12|9,9,11,10",,OTHER,WT,2783,Qualification,REYES Ixchel (MEX),PEREZ Sofia (CRC),,,1 - 3,9:11 9:11 11:7 10:12,PEREZ Sofia,2022
2022 - Central American Championships,2022-05-03,ARCE Dario,VILLALTA Oscar,MEX,ESA,3,0,"11,11,11|6,7,8",,OTHER,MT,2783,Qualification,ARCE Dario (MEX),VILLALTA Oscar (ESA),,,3 - 0,11:6 11:7 11:8,ARCE Dario,2022
2022 - Central American Championships,2022-05-03,GATICA Hector,MEDINA Luis,GUA,HON,3,0,"12,11,11|10,1,4",,OTHER,MT,2783,Qualification,GATICA Hector (GUA),MEDINA Luis (HON),,,3 - 0,12:10 11:1 11:4,GATICA Hector,2022
2022 - Central American Championships,2022-05-03,DE LA CRUZ Diego,LIMAS Jorge,GUA,HON,3,0,"11,11,11|6,9,5",,OTHER,MT,2783,Qualification,DE LA CRUZ Diego (GUA),LIMAS Jorge (HON),,,3 - 0,11:6 11:9 11:5,DE LA CRUZ Diego,2022
2022 - Central American Championships,2022-05-03,HUKMANI Devesh,MONTOYA Alejandro,BIZ,CRC,3,1,"11,11,6,11|8,7,11,8",,OTHER,MT,2783,Qualification,HUKMANI Devesh (BIZ),MONTOYA Alejandro (CRC),,,3 - 1,11:8 11:7 6:11 11:8,HUKMANI Devesh,2022
2022 - Central American Championships,2022-05-03,FERNANDEZ Kevin,THADANI Parin Chanderkant,CRC,BIZ,3,0,"11,11,11|6,5,3",,OTHER,MT,2783,Qualification,THADANI Parin Chanderkant (BIZ),FERNANDEZ Kevin (CRC),,,0 - 3,6:11 5:11 3:11,FERNANDEZ Kevin,2022
2022 - Central American Championships,2022-05-03,ARAYA Daniel,HUKMANI Devesh,CRC,BIZ,3,0,"11,11,11|7,5,7",,OTHER,MT,2783,Qualification,HUKMANI Devesh (BIZ),ARAYA Daniel (CRC),,,0 - 3,7:11 5:11 7:11,ARAYA Daniel,2022
2022 - Central American Championships,2022-05-03,CORDERO Lucia,ZAVALETA Lucia,GUA,CRC,3,1,"11,8,11,11|5,11,9,5",,OTHER,WT,2783,Qualification,CORDERO Lucia (GUA),ZAVALETA Lucia (CRC),,,3 - 1,11:5 8:11 11:9 11:5,CORDERO Lucia,2022
2022 - Central American Championships,2022-05-03,ZAPATA Hidalynn,CASTRO SALAS Victoria Sofia,GUA,CRC,3,1,"11,13,8,11|5,11,11,6",,OTHER,WT,2783,Qualification,ZAPATA Hidalynn (GUA),CASTRO SALAS Victoria Sofia (CRC),,,3 - 1,11:5 13:11 8:11 11:6,ZAPATA Hidalynn,2022
2022 - Central American Championships,2022-05-03,BARCENAS Clio,SUAREZ Gabriela,MEX,ESA,3,1,"4,11,13,11|11,4,11,8",,OTHER,WT,2783,Qualification,SUAREZ Gabriela (ESA),BARCENAS Clio (MEX),,,1 - 3,11:4 4:11 11:13 8:11,BARCENAS Clio,2022
2022 - Central American Championships,2022-05-03,COSSIO Arantxa,ARIAS Emme,MEX,ESA,3,0,"11,11,11|8,9,8",,OTHER,WT,2783,Qualification,ARIAS Emme (ESA),COSSIO Arantxa (MEX),,,0 - 3,8:11 9:11 8:11,COSSIO Arantxa,2022
2022 - Central American Championships,2022-05-03,REYES Ixchel,ORANTES Cecilia,MEX,ESA,3,2,"11,11,9,6,11|9,1,11,11,7",,OTHER,WT,2783,Qualification,ORANTES Cecilia (ESA),REYES Ixchel (MEX),,,2 - 3,9:11 1:11 11:9 11:6 7:11,REYES Ixchel,2022
2022 - Central American Championships,2022-05-03,ORANTES Diego,CHOCK GOMEZ Jahir,ESA,PAN,3,0,"11,11,11|3,6,2",,OTHER,MT,2783,Qualification,ORANTES Diego (ESA),CHOCK GOMEZ Jahir (PAN),,,3 - 0,11:3 11:6 11:2,ORANTES Diego,2022
2022 - Central American Championships,2022-05-03,VILLALTA Oscar,MIRANDA Raul,ESA,PAN,3,2,"11,6,11,5,11|7,11,6,11,8",,OTHER,MT,2783,Qualification,VILLALTA Oscar (ESA),MIRANDA Raul (PAN),,,3 - 2,11:7 6:11 11:6 5:11 11:8,VILLALTA Oscar,2022
2022 - Central American Championships,2022-05-03,MARTINEZ Job,WONG Emilio,ESA,PAN,3,0,"11,11,11|4,8,8",,OTHER,MT,2783,Qualification,MARTINEZ Job (ESA),WONG Emilio (PAN),,,3 - 0,11:4 11:8 11:8,MARTINEZ Job,2022
2022 - Central American Championships,2022-05-03,DE LA CRUZ Diego,PARKINSON Taye,GUA,BIZ,3,1,"11,17,11,11|2,19,5,3",,OTHER,MT,2783,Qualification,DE LA CRUZ Diego (GUA),PARKINSON Taye (BIZ),,,3 - 1,11:2 17:19 11:5 11:3,DE LA CRUZ Diego,2022
2022 - Central American Championships,2022-05-03,CARRILLO Sergio,HUKMANI Devesh,GUA,BIZ,3,0,"11,11,11|8,5,6",,OTHER,MT,2783,Qualification,CARRILLO Sergio (GUA),HUKMANI Devesh (BIZ),,,3 - 0,11:8 11:5 11:6,CARRILLO Sergio,2022
2022 - Central American Championships,2022-05-03,MOSCOSO Heber,THADANI Parin Chanderkant,GUA,BIZ,3,0,"11,11,11|0,4,5",,OTHER,MT,2783,Qualification,MOSCOSO Heber (GUA),THADANI Parin Chanderkant (BIZ),,,3 - 0,11:0 11:4 11:5,MOSCOSO Heber,2022
2022 - Central American Championships,2022-05-03,ARAYA Daniel,MEDINA Luis,CRC,HON,3,1,"11,11,8,11|8,9,11,6",,OTHER,MT,2783,Qualification,MEDINA Luis (HON),ARAYA Daniel (CRC),,,1 - 3,8:11 9:11 11:8 6:11,ARAYA Daniel,2022
2022 - Central American Championships,2022-05-03,CALVO Allan,LIMAS Jorge,CRC,HON,3,0,"11,11,11|5,5,7",,OTHER,MT,2783,Qualification,LIMAS Jorge (HON),CALVO Allan (CRC),,,0 - 3,5:11 5:11 7:11,CALVO Allan,2022
2022 - Central American Championships,2022-05-03,FERNANDEZ Kevin,MORAZAN Alfredo,CRC,HON,3,1,"11,11,9,11|8,8,11,8",,OTHER,MT,2783,Qualification,MORAZAN Alfredo (HON),FERNANDEZ Kevin (CRC),,,1 - 3,8:11 8:11 11:9 8:11,FERNANDEZ Kevin,2022
2022 - Central American Championships,2022-05-03,MOSCOSO Heber,ORANTES Diego,GUA,ESA,3,1,"13,12,13,11|11,14,11,9",SemiFinal,OTHER,MT,2783,Main Draw,ORANTES Diego (ESA),MOSCOSO Heber (GUA),,,1 - 3,11:13 14:12 11:13 9:11,MOSCOSO Heber,2022
2022 - Central American Championships,2022-05-03,GATICA Hector,VILLALTA Oscar,GUA,ESA,3,1,"11,11,10,11|6,5,12,6",SemiFinal,OTHER,MT,2783,Main Draw,VILLALTA Oscar (ESA),GATICA Hector (GUA),,,1 - 3,6:11 5:11 12:10 6:11,GATICA Hector,2022
2022 - Central American Championships,2022-05-03,GOMEZ Juan Jesus,CALVO Allan,MEX,CRC,3,1,"10,11,13,11|12,4,11,6",SemiFinal,OTHER,MT,2783,Main Draw,GOMEZ Juan Jesus (MEX),CALVO Allan (CRC),,,3 - 1,10:12 11:4 13:11 11:6,GOMEZ Juan Jesus,2022
2022 - Central American Championships,2022-05-03,GASTELUM Pablo,MONTOYA Alejandro,MEX,CRC,3,2,"8,11,11,9,11|11,9,8,11,3",SemiFinal,OTHER,MT,2783,Main Draw,GASTELUM Pablo (MEX),MONTOYA Alejandro (CRC),,,3 - 2,8:11 11:9 11:8 9:11 11:3,GASTELUM Pablo,2022
2022 - Central American Championships,2022-05-03,BARCENAS Clio,CORDERO Lucia,MEX,GUA,3,1,"11,8,12,11|6,11,10,3",,OTHER,WT,2783,Qualification,CORDERO Lucia (GUA),BARCENAS Clio (MEX),,,1 - 3,6:11 11:8 10:12 3:11,BARCENAS Clio,2022
2022 - Central American Championships,2022-05-03,SILVA Yadira,ENRIQUEZ Mabelyn,MEX,GUA,3,0,"11,11,11|9,7,2",,OTHER,WT,2783,Qualification,ENRIQUEZ Mabelyn (GUA),SILVA Yadira (MEX),,,0 - 3,9:11 7:11 2:11,SILVA Yadira,2022
2022 - Central American Championships,2022-05-03,COSSIO Arantxa,ZAPATA Hidalynn,MEX,GUA,3,2,"11,8,6,11,11|9,11,11,3,8",,OTHER,WT,2783,Qualification,ZAPATA Hidalynn (GUA),COSSIO Arantxa (MEX),,,2 - 3,9:11 11:8 11:6 3:11 8:11,COSSIO Arantxa,2022
2022 - Central American Championships,2022-05-03,SUAREZ Gabriela,ARAYA Angie,ESA,CRC,3,1,"5,11,11,11|11,7,7,5",,OTHER,WT,2783,Qualification,SUAREZ Gabriela (ESA),ARAYA Angie (CRC),,,3 - 1,5:11 11:7 11:7 11:5,SUAREZ Gabriela,2022
2022 - Central American Championships,2022-05-03,ARIAS Emme,ZAVALETA Lucia,ESA,CRC,3,1,"11,11,8,11|8,4,11,9",,OTHER,WT,2783,Qualification,ARIAS Emme (ESA),ZAVALETA Lucia (CRC),,,3 - 1,11:8 11:4 8:11 11:9,ARIAS Emme,2022
2022 - Central American Championships,2022-05-03,ORANTES Cecilia,PEREZ Sofia,ESA,CRC,3,2,"11,4,11,10,11|4,11,2,12,8",,OTHER,WT,2783,Qualification,ORANTES Cecilia (ESA),PEREZ Sofia (CRC),,,3 - 2,11:4 4:11 11:2 10:12 11:8,ORANTES Cecilia,2022
2022 - Central American Championships,2022-05-03,GOMEZ Juan Jesus,GATICA Hector,MEX,GUA,3,0,"11,11,11|4,2,8",Final,OTHER,MT,2783,Main Draw,GOMEZ Juan Jesus (MEX),GATICA Hector (GUA),,,3 - 0,11:4 11:2 11:8,GOMEZ Juan Jesus,2022
2022 - Central American Championships,2022-05-03,GASTELUM Pablo,CARRILLO Sergio,MEX,GUA,3,1,"11,11,5,11|9,7,11,3",Final,OTHER,MT,2783,Main Draw,GASTELUM Pablo (MEX),CARRILLO Sergio (GUA),,,3 - 1,11:9 11:7 5:11 11:3,GASTELUM Pablo,2022
2022 Caribbean Senior Championships,2022-03-03,RIOS Daniely,FRASER Chloe,PUR,TTO,3,0,"11,11,11|2,4,5",,OTHER,WT,2565,Qualification,RIOS Daniely (PUR),FRASER Chloe (TTO),,,3 - 0,11:2 11:4 11:5,RIOS Daniely,2022
2022 Caribbean Senior Championships,2022-03-03,CHUNG Rheann,DIAZ Fabiola,TTO,PUR,3,0,"11,11,11|3,4,5",,OTHER,WT,2565,Qualification,DIAZ Fabiola (PUR),CHUNG Rheann (TTO),,,0 - 3,3:11 4:11 5:11,CHUNG Rheann,2022
2022 Caribbean Senior Championships,2022-03-03,BURGOS Brianna,EDWARDS-TAYLOR Imani,PUR,TTO,3,0,"11,11,11|5,4,3",,OTHER,WT,2565,Qualification,BURGOS Brianna (PUR),EDWARDS-TAYLOR Imani (TTO),,,3 - 0,11:5 11:4 11:3,BURGOS Brianna,2022
2022 Caribbean Senior Championships,2022-03-03,CHUNG Rheann,RIOS Daniely,TTO,PUR,3,2,"3,7,11,11,13|11,11,3,7,11",,OTHER,WT,2565,Qualification,RIOS Daniely (PUR),CHUNG Rheann (TTO),,,2 - 3,11:3 11:7 3:11 7:11 11:13,CHUNG Rheann,2022
2022 Caribbean Senior Championships,2022-03-03,DIAZ Fabiola,FRASER Chloe,PUR,TTO,3,0,"11,12,11|3,10,8",,OTHER,WT,2565,Qualification,DIAZ Fabiola (PUR),FRASER Chloe (TTO),,,3 - 0,11:3 12:10 11:8,DIAZ Fabiola,2022
2022 Caribbean Senior Championships,2022-03-03,FONSECA Daniela,RILEY Anthonette,CUB,BAR,3,0,"11,11,11|3,2,9",,OTHER,WT,2565,Qualification,FONSECA Daniela (CUB),RILEY Anthonette (BAR),,,3 - 0,11:3 11:2 11:9,FONSECA Daniela,2022
2022 Caribbean Senior Championships,2022-03-03,PEREZ GONZALEZ Karla,HARVEY Krystle,CUB,BAR,3,0,"11,11,11|8,1,3",,OTHER,WT,2565,Qualification,PEREZ GONZALEZ Karla (CUB),HARVEY Krystle (BAR),,,3 - 0,11:8 11:1 11:3,PEREZ GONZALEZ Karla,2022
2022 Caribbean Senior Championships,2022-03-03,RODRIGUEZ Lizdainet,KING Kenady,CUB,BAR,3,0,"11,11,11|5,8,5",,OTHER,WT,2565,Qualification,RODRIGUEZ Lizdainet (CUB),KING Kenady (BAR),,,3 - 0,11:5 11:8 11:5,RODRIGUEZ Lizdainet,2022
2022 Caribbean Senior Championships,2022-03-03,CASTRO Esmerlyn,YOUNG Solesha,DOM,JAM,3,1,"11,6,11,11|6,11,8,6",,OTHER,WT,2565,Qualification,YOUNG Solesha (JAM),CASTRO Esmerlyn (DOM),,,1 - 3,6:11 11:6 8:11 6:11,CASTRO Esmerlyn,2022
2022 Caribbean Senior Championships,2022-03-03,BRITO Eva,LEWIS Tsenaye,DOM,JAM,3,0,"11,11,11|5,5,3",,OTHER,WT,2565,Qualification,LEWIS Tsenaye (JAM),BRITO Eva (DOM),,,0 - 3,5:11 5:11 3:11,BRITO Eva,2022
2022 Caribbean Senior Championships,2022-03-03,ORTIZ Yasiris,LEWIS Gianna,DOM,JAM,3,1,"7,11,11,11|11,6,7,5",,OTHER,WT,2565,Qualification,LEWIS Gianna (JAM),ORTIZ Yasiris (DOM),,,1 - 3,11:7 6:11 7:11 5:11,ORTIZ Yasiris,2022
2022 Caribbean Senior Championships,2022-03-03,GONZALEZ Daniel,DOUGLAS Derron,PUR,TTO,3,0,"11,11,11|5,2,3",,OTHER,MT,2565,Qualification,GONZALEZ Daniel (PUR),DOUGLAS Derron (TTO),,,3 - 0,11:5 11:2 11:3,GONZALEZ Daniel,2022
2022 Caribbean Senior Championships,2022-03-03,NARANJO Angel,WILSON Aaron,PUR,TTO,3,1,"11,12,8,11|4,10,11,7",,OTHER,MT,2565,Qualification,NARANJO Angel (PUR),WILSON Aaron (TTO),,,3 - 1,11:4 12:10 8:11 11:7,NARANJO Angel,2022
2022 Caribbean Senior Championships,2022-03-03,BIRRIEL Oscar,MAXWELL Joshua,PUR,TTO,3,0,"11,11,11|7,6,7",,OTHER,MT,2565,Qualification,BIRRIEL Oscar (PUR),MAXWELL Joshua (TTO),,,3 - 0,11:7 11:6 11:7,BIRRIEL Oscar,2022
2022 Caribbean Senior Championships,2022-03-03,GALVEZ Samuel,MOO YOUNG Peter,DOM,JAM,3,0,"11,11,11|7,4,5",,OTHER,MT,2565,Qualification,GALVEZ Samuel (DOM),MOO YOUNG Peter (JAM),,,3 - 0,11:7 11:4 11:5,GALVEZ Samuel,2022
2022 Caribbean Senior Championships,2022-03-03,VILA Isaac,WATSON Kane,DOM,JAM,3,1,"11,11,9,11|2,1,11,4",,OTHER,MT,2565,Qualification,VILA Isaac (DOM),WATSON Kane (JAM),,,3 - 1,11:2 11:1 9:11 11:4,VILA Isaac,2022
2022 Caribbean Senior Championships,2022-03-03,TEJADA Abit,PHILLIPS Mark,DOM,JAM,3,1,"10,11,11,11|12,9,6,4",,OTHER,MT,2565,Qualification,TEJADA Abit (DOM),PHILLIPS Mark (JAM),,,3 - 1,10:12 11:9 11:6 11:4,TEJADA Abit,2022
2022 Caribbean Senior Championships,2022-03-03,CAMPOS Jorge,FARLEY Kevin,CUB,BAR,3,0,"11,11,11|4,8,8",,OTHER,MT,2565,Qualification,CAMPOS Jorge (CUB),FARLEY Kevin (BAR),,,3 - 0,11:4 11:8 11:8,CAMPOS Jorge,2022
2022 Caribbean Senior Championships,2022-03-03,MARTINEZ Livan,KNIGHT Tyrese,CUB,BAR,3,0,"13,11,11|11,3,3",,OTHER,MT,2565,Qualification,MARTINEZ Livan (CUB),KNIGHT Tyrese (BAR),,,3 - 0,13:11 11:3 11:3,MARTINEZ Livan,2022
2022 Caribbean Senior Championships,2022-03-03,GOMEZ ROJAS Eday,MAXWELL Ramon,CUB,BAR,3,0,"12,11,11|10,4,5",,OTHER,MT,2565,Qualification,GOMEZ ROJAS Eday (CUB),MAXWELL Ramon (BAR),,,3 - 0,12:10 11:4 11:5,GOMEZ ROJAS Eday,2022
2022 Caribbean Senior Championships,2022-03-03,ST-FLEUR Donika,FRANKLIN Christopher,HAI,GUY,3,2,"10,11,11,10,11|12,7,5,12,5",,OTHER,MT,2565,Qualification,ST-FLEUR Donika (HAI),FRANKLIN Christopher (GUY),,,3 - 2,10:12 11:7 11:5 10:12 11:5,ST-FLEUR Donika,2022
2022 Caribbean Senior Championships,2022-03-03,BRITTON Shemar,PAUL Mackentoche,GUY,HAI,3,0,"11,11,11|5,6,7",,OTHER,MT,2565,Qualification,PAUL Mackentoche (HAI),BRITTON Shemar (GUY),,,0 - 3,5:11 6:11 7:11,BRITTON Shemar,2022
2022 Caribbean Senior Championships,2022-03-03,VAN LANGE Jonathan,AZOR Brayon,GUY,HAI,3,0,"11,11,11|4,6,9",,OTHER,MT,2565,Qualification,AZOR Brayon (HAI),VAN LANGE Jonathan (GUY),,,0 - 3,4:11 6:11 9:11,VAN LANGE Jonathan,2022
2022 Caribbean Senior Championships,2022-03-03,BRITTON Shemar,ST-FLEUR Donika,GUY,HAI,3,1,"11,11,9,11|8,9,11,9",,OTHER,MT,2565,Qualification,ST-FLEUR Donika (HAI),BRITTON Shemar (GUY),,,1 - 3,8:11 9:11 11:9 9:11,BRITTON Shemar,2022
2022 Caribbean Senior Championships,2022-03-03,FONSECA Daniela,BRITO Eva,CUB,DOM,3,2,"12,11,11,11,11|14,13,8,5,9",,OTHER,WT,2565,Qualification,FONSECA Daniela (CUB),BRITO Eva (DOM),,,3 - 2,12:14 11:13 11:8 11:5 11:9,FONSECA Daniela,2022
2022 Caribbean Senior Championships,2022-03-03,CASTRO Esmerlyn,LOVET Idalys,DOM,CUB,3,2,"13,11,11,8,11|15,9,6,11,8",,OTHER,WT,2565,Qualification,LOVET Idalys (CUB),CASTRO Esmerlyn (DOM),,,2 - 3,15:13 9:11 6:11 11:8 8:11,CASTRO Esmerlyn,2022
2022 Caribbean Senior Championships,2022-03-03,PEREZ GONZALEZ Karla,ORTIZ Yasiris,CUB,DOM,3,0,"11,11,14|3,3,12",,OTHER,WT,2565,Qualification,PEREZ GONZALEZ Karla (CUB),ORTIZ Yasiris (DOM),,,3 - 0,11:3 11:3 14:12,PEREZ GONZALEZ Karla,2022
2022 Caribbean Senior Championships,2022-03-03,FONSECA Daniela,CASTRO Esmerlyn,CUB,DOM,3,0,"11,11,11|9,8,3",,OTHER,WT,2565,Qualification,FONSECA Daniela (CUB),CASTRO Esmerlyn (DOM),,,3 - 0,11:9 11:8 11:3,FONSECA Daniela,2022
2022 Caribbean Senior Championships,2022-03-03,DIAZ Fabiola,EDGHILL Chelsea,PUR,GUY,3,1,"11,13,12,11|5,11,14,5",,OTHER,WT,2565,Qualification,EDGHILL Chelsea (GUY),DIAZ Fabiola (PUR),,,1 - 3,5:11 11:13 14:12 5:11,DIAZ Fabiola,2022
2022 Caribbean Senior Championships,2022-03-03,RIOS Daniely,CUMMINGS Natalie,PUR,GUY,3,0,"11,11,11|5,8,2",,OTHER,WT,2565,Qualification,CUMMINGS Natalie (GUY),RIOS Daniely (PUR),,,0 - 3,5:11 8:11 2:11,RIOS Daniely,2022
2022 Caribbean Senior Championships,2022-03-03,MELENDEZ Kristal,GREAVES Priscilla,PUR,GUY,3,0,"11,11,11|5,7,8",,OTHER,WT,2565,Qualification,GREAVES Priscilla (GUY),MELENDEZ Kristal (PUR),,,0 - 3,5:11 7:11 8:11,MELENDEZ Kristal,2022
2022 Caribbean Senior Championships,2022-03-03,YOUNG Solesha,KING Kenady,JAM,BAR,3,0,"11,11,11|4,6,2",,OTHER,WT,2565,Qualification,YOUNG Solesha (JAM),KING Kenady (BAR),,,3 - 0,11:4 11:6 11:2,YOUNG Solesha,2022
2022 Caribbean Senior Championships,2022-03-03,HARVEY Krystle,LEWIS Tsenaye,BAR,JAM,3,0,"11,14,11|4,12,5",,OTHER,WT,2565,Qualification,LEWIS Tsenaye (JAM),HARVEY Krystle (BAR),,,0 - 3,4:11 12:14 5:11,HARVEY Krystle,2022
2022 Caribbean Senior Championships,2022-03-03,LEWIS Janae,LEWIS Gianna,BAR,JAM,3,0,"11,11,11|6,4,6",,OTHER,WT,2565,Qualification,LEWIS Gianna (JAM),LEWIS Janae (BAR),,,0 - 3,6:11 4:11 6:11,LEWIS Janae,2022
2022 Caribbean Senior Championships,2022-03-03,YOUNG Solesha,HARVEY Krystle,JAM,BAR,3,0,"11,11,11|8,6,4",,OTHER,WT,2565,Qualification,YOUNG Solesha (JAM),HARVEY Krystle (BAR),,,3 - 0,11:8 11:6 11:4,YOUNG Solesha,2022
2022 Caribbean Senior Championships,2022-03-03,KING Kenady,LEWIS Tsenaye,BAR,JAM,3,1,"11,6,11,11|7,11,9,8",,OTHER,WT,2565,Qualification,LEWIS Tsenaye (JAM),KING Kenady (BAR),,,1 - 3,7:11 11:6 9:11 8:11,KING Kenady,2022
2022 Caribbean Senior Championships,2022-03-03,CAMPOS Jorge,FRANKLIN Christopher,CUB,GUY,3,0,"11,11,11|6,3,7",,OTHER,MT,2565,Qualification,CAMPOS Jorge (CUB),FRANKLIN Christopher (GUY),,,3 - 0,11:6 11:3 11:7,CAMPOS Jorge,2022
2022 Caribbean Senior Championships,2022-03-03,PEREZ Adrian,BRITTON Shemar,CUB,GUY,3,0,"11,11,11|7,9,6",,OTHER,MT,2565,Qualification,PEREZ Adrian (CUB),BRITTON Shemar (GUY),,,3 - 0,11:7 11:9 11:6,PEREZ Adrian,2022
2022 Caribbean Senior Championships,2022-03-03,MARTINEZ Livan,WONG Miguel,CUB,GUY,3,0,"11,11,11|4,9,2",,OTHER,MT,2565,Qualification,MARTINEZ Livan (CUB),WONG Miguel (GUY),,,3 - 0,11:4 11:9 11:2,MARTINEZ Livan,2022
2022 Caribbean Senior Championships,2022-03-03,ASGARALI Khaleel,MOO YOUNG Peter,TTO,JAM,3,0,"11,11,11|6,7,8",,OTHER,MT,2565,Qualification,ASGARALI Khaleel (TTO),MOO YOUNG Peter (JAM),,,3 - 0,11:6 11:7 11:8,ASGARALI Khaleel,2022
2022 Caribbean Senior Championships,2022-03-03,WILSON Aaron,WATSON Kane,TTO,JAM,3,1,"11,11,4,12|6,6,11,10",,OTHER,MT,2565,Qualification,WILSON Aaron (TTO),WATSON Kane (JAM),,,3 - 1,11:6 11:6 4:11 12:10,WILSON Aaron,2022
2022 Caribbean Senior Championships,2022-03-03,DOUGLAS Derron,MARSH Christopher,TTO,JAM,3,2,"11,11,6,8,11|8,7,11,11,9",,OTHER,MT,2565,Qualification,DOUGLAS Derron (TTO),MARSH Christopher (JAM),,,3 - 2,11:8 11:7 6:11 8:11 11:9,DOUGLAS Derron,2022
2022 Caribbean Senior Championships,2022-03-03,GONZALEZ Daniel,VILA Isaac,PUR,DOM,3,1,"13,6,11,11|11,11,6,9",,OTHER,MT,2565,Qualification,GONZALEZ Daniel (PUR),VILA Isaac (DOM),,,3 - 1,13:11 6:11 11:6 11:9,GONZALEZ Daniel,2022
2022 Caribbean Senior Championships,2022-03-03,GALVEZ Samuel,NARANJO Angel,DOM,PUR,3,0,"11,11,11|7,5,7",,OTHER,MT,2565,Qualification,NARANJO Angel (PUR),GALVEZ Samuel (DOM),,,0 - 3,7:11 5:11 7:11,GALVEZ Samuel,2022
2022 Caribbean Senior Championships,2022-03-03,PIETRI Richard,TEJADA Abit,PUR,DOM,3,1,"11,7,11,11|4,11,8,7",,OTHER,MT,2565,Qualification,PIETRI Richard (PUR),TEJADA Abit (DOM),,,3 - 1,11:4 7:11 11:8 11:7,PIETRI Richard,2022
2022 Caribbean Senior Championships,2022-03-03,GONZALEZ Daniel,GALVEZ Samuel,PUR,DOM,3,0,"11,11,11|9,7,3",,OTHER,MT,2565,Qualification,GONZALEZ Daniel (PUR),GALVEZ Samuel (DOM),,,3 - 0,11:9 11:7 11:3,GONZALEZ Daniel,2022
2022 Caribbean Senior Championships,2022-03-03,KNIGHT Tyrese,AZOR Brayon,BAR,HAI,3,0,"11,11,11|6,3,4",,OTHER,MT,2565,Qualification,KNIGHT Tyrese (BAR),AZOR Brayon (HAI),,,3 - 0,11:6 11:3 11:4,KNIGHT Tyrese,2022
2022 Caribbean Senior Championships,2022-03-03,ST-FLEUR Donika,FARLEY Kevin,HAI,BAR,3,1,"11,11,10,11|7,5,12,7",,OTHER,MT,2565,Qualification,FARLEY Kevin (BAR),ST-FLEUR Donika (HAI),,,1 - 3,7:11 5:11 12:10 7:11,ST-FLEUR Donika,2022
2022 Caribbean Senior Championships,2022-03-03,MAXWELL Ramon,PAUL Mackentoche,BAR,HAI,3,0,"11,11,12|8,5,10",,OTHER,MT,2565,Qualification,MAXWELL Ramon (BAR),PAUL Mackentoche (HAI),,,3 - 0,11:8 11:5 12:10,MAXWELL Ramon,2022
2022 Caribbean Senior Championships,2022-03-03,KNIGHT Tyrese,ST-FLEUR Donika,BAR,HAI,3,0,"11,11,11|6,3,8",,OTHER,MT,2565,Qualification,KNIGHT Tyrese (BAR),ST-FLEUR Donika (HAI),,,3 - 0,11:6 11:3 11:8,KNIGHT Tyrese,2022
2022 Caribbean Senior Championships,2022-03-03,LOVET Idalys,LEWIS Gianna,CUB,JAM,3,0,"11,11,11|3,5,9",,OTHER,WT,2565,Qualification,LOVET Idalys (CUB),LEWIS Gianna (JAM),,,3 - 0,11:3 11:5 11:9,LOVET Idalys,2022
2022 Caribbean Senior Championships,2022-03-03,RODRIGUEZ Lizdainet,YOUNG Solesha,CUB,JAM,3,0,"11,11,12|3,4,10",,OTHER,WT,2565,Qualification,RODRIGUEZ Lizdainet (CUB),YOUNG Solesha (JAM),,,3 - 0,11:3 11:4 12:10,RODRIGUEZ Lizdainet,2022
2022 Caribbean Senior Championships,2022-03-03,PEREZ GONZALEZ Karla,BLAKE Jannel,CUB,JAM,3,0,"11,11,11|4,1,5",,OTHER,WT,2565,Qualification,PEREZ GONZALEZ Karla (CUB),BLAKE Jannel (JAM),,,3 - 0,11:4 11:1 11:5,PEREZ GONZALEZ Karla,2022
2022 Caribbean Senior Championships,2022-03-03,EDGHILL Chelsea,EDWARDS-TAYLOR Imani,GUY,TTO,3,0,"11,11,11|3,8,4",,OTHER,WT,2565,Qualification,EDGHILL Chelsea (GUY),EDWARDS-TAYLOR Imani (TTO),,,3 - 0,11:3 11:8 11:4,EDGHILL Chelsea,2022
2022 Caribbean Senior Championships,2022-03-03,CHUNG Rheann,CUMMINGS Natalie,TTO,GUY,3,1,"13,8,11,11|11,11,8,6",,OTHER,WT,2565,Qualification,CUMMINGS Natalie (GUY),CHUNG Rheann (TTO),,,1 - 3,11:13 11:8 8:11 6:11,CHUNG Rheann,2022
2022 Caribbean Senior Championships,2022-03-03,FRASER Chloe,GREAVES Priscilla,TTO,GUY,3,0,"11,11,11|4,9,9",,OTHER,WT,2565,Qualification,GREAVES Priscilla (GUY),FRASER Chloe (TTO),,,0 - 3,4:11 9:11 9:11,FRASER Chloe,2022
2022 Caribbean Senior Championships,2022-03-03,EDGHILL Chelsea,CHUNG Rheann,GUY,TTO,3,0,"12,11,11|10,7,5",,OTHER,WT,2565,Qualification,EDGHILL Chelsea (GUY),CHUNG Rheann (TTO),,,3 - 0,12:10 11:7 11:5,EDGHILL Chelsea,2022
2022 Caribbean Senior Championships,2022-03-03,CUMMINGS Natalie,EDWARDS-TAYLOR Imani,GUY,TTO,3,0,"11,11,11|2,5,5",,OTHER,WT,2565,Qualification,CUMMINGS Natalie (GUY),EDWARDS-TAYLOR Imani (TTO),,,3 - 0,11:2 11:5 11:5,CUMMINGS Natalie,2022
2022 Caribbean Senior Championships,2022-03-03,ORTIZ Yasiris,HARVEY Krystle,DOM,BAR,3,0,"11,11,11|6,8,7",,OTHER,WT,2565,Qualification,HARVEY Krystle (BAR),ORTIZ Yasiris (DOM),,,0 - 3,6:11 8:11 7:11,ORTIZ Yasiris,2022
2022 Caribbean Senior Championships,2022-03-03,BRITO Eva,RILEY Anthonette,DOM,BAR,3,0,"11,11,11|8,9,5",,OTHER,WT,2565,Qualification,RILEY Anthonette (BAR),BRITO Eva (DOM),,,0 - 3,8:11 9:11 5:11,BRITO Eva,2022
2022 Caribbean Senior Championships,2022-03-03,MUNOZ Shary,LEWIS Janae,DOM,BAR,3,0,"12,11,11|10,4,6",,OTHER,WT,2565,Qualification,LEWIS Janae (BAR),MUNOZ Shary (DOM),,,0 - 3,10:12 4:11 6:11,MUNOZ Shary,2022
2022 Caribbean Senior Championships,2022-03-03,VILA Isaac,ASGARALI Khaleel,DOM,TTO,3,0,"11,11,11|6,7,9",,OTHER,MT,2565,Qualification,ASGARALI Khaleel (TTO),VILA Isaac (DOM),,,0 - 3,6:11 7:11 9:11,VILA Isaac,2022
2022 Caribbean Senior Championships,2022-03-03,WILSON Aaron,GALVEZ Samuel,TTO,DOM,3,2,"11,13,12,15,11|8,15,14,13,4",,OTHER,MT,2565,Qualification,WILSON Aaron (TTO),GALVEZ Samuel (DOM),,,3 - 2,11:8 13:15 12:14 15:13 11:4,WILSON Aaron,2022
2022 Caribbean Senior Championships,2022-03-03,TEJADA Abit,DOUGLAS Derron,DOM,TTO,3,0,"11,11,11|9,6,5",,OTHER,MT,2565,Qualification,DOUGLAS Derron (TTO),TEJADA Abit (DOM),,,0 - 3,9:11 6:11 5:11,TEJADA Abit,2022
2022 Caribbean Senior Championships,2022-03-03,GALVEZ Samuel,ASGARALI Khaleel,DOM,TTO,3,0,"11,11,11|7,8,7",,OTHER,MT,2565,Qualification,ASGARALI Khaleel (TTO),GALVEZ Samuel (DOM),,,0 - 3,7:11 8:11 7:11,GALVEZ Samuel,2022
2022 Caribbean Senior Championships,2022-03-03,PIETRI Richard,WATSON Kane,PUR,JAM,3,1,"9,11,11,11|11,7,8,3",,OTHER,MT,2565,Qualification,WATSON Kane (JAM),PIETRI Richard (PUR),,,1 - 3,11:9 7:11 8:11 3:11,PIETRI Richard,2022
2022 Caribbean Senior Championships,2022-03-03,BIRRIEL Oscar,PHILLIPS Mark,PUR,JAM,3,0,"11,11,11|6,5,5",,OTHER,MT,2565,Qualification,PHILLIPS Mark (JAM),BIRRIEL Oscar (PUR),,,0 - 3,6:11 5:11 5:11,BIRRIEL Oscar,2022
2022 Caribbean Senior Championships,2022-03-03,NARANJO Angel,MARSH Christopher,PUR,JAM,3,0,"11,11,11|4,8,3",,OTHER,MT,2565,Qualification,MARSH Christopher (JAM),NARANJO Angel (PUR),,,0 - 3,4:11 8:11 3:11,NARANJO Angel,2022
2022 Caribbean Senior Championships,2022-03-03,GOMEZ ROJAS Eday,ST-FLEUR Donika,CUB,HAI,3,0,"11,11,11|5,6,6",,OTHER,MT,2565,Qualification,ST-FLEUR Donika (HAI),GOMEZ ROJAS Eday (CUB),,,0 - 3,5:11 6:11 6:11,GOMEZ ROJAS Eday,2022
2022 Caribbean Senior Championships,2022-03-03,MARTINEZ Livan,AZOR Brayon,CUB,HAI,3,0,"11,11,11|3,3,3",,OTHER,MT,2565,Qualification,AZOR Brayon (HAI),MARTINEZ Livan (CUB),,,0 - 3,3:11 3:11 3:11,MARTINEZ Livan,2022
2022 Caribbean Senior Championships,2022-03-03,PEREZ Adrian,PAUL Mackentoche,CUB,HAI,3,0,"11,11,11|6,6,3",,OTHER,MT,2565,Qualification,PAUL Mackentoche (HAI),PEREZ Adrian (CUB),,,0 - 3,6:11 6:11 3:11,PEREZ Adrian,2022
2022 Caribbean Senior Championships,2022-03-03,KNIGHT Tyrese,FRANKLIN Christopher,BAR,GUY,3,0,"11,11,11|9,8,6",,OTHER,MT,2565,Qualification,KNIGHT Tyrese (BAR),FRANKLIN Christopher (GUY),,,3 - 0,11:9 11:8 11:6,KNIGHT Tyrese,2022
2022 Caribbean Senior Championships,2022-03-03,BRITTON Shemar,FARLEY Kevin,GUY,BAR,3,0,"11,11,12|6,6,10",,OTHER,MT,2565,Qualification,FARLEY Kevin (BAR),BRITTON Shemar (GUY),,,0 - 3,6:11 6:11 10:12,BRITTON Shemar,2022
2022 Caribbean Senior Championships,2022-03-03,VAN LANGE Jonathan,MAXWELL Ramon,GUY,BAR,3,2,"11,6,9,11,11|8,11,11,8,2",,OTHER,MT,2565,Qualification,MAXWELL Ramon (BAR),VAN LANGE Jonathan (GUY),,,2 - 3,8:11 11:6 11:9 8:11 2:11,VAN LANGE Jonathan,2022
2022 Caribbean Senior Championships,2022-03-03,KNIGHT Tyrese,BRITTON Shemar,BAR,GUY,3,1,"11,11,7,11|7,3,11,8",,OTHER,MT,2565,Qualification,KNIGHT Tyrese (BAR),BRITTON Shemar (GUY),,,3 - 1,11:7 11:3 7:11 11:8,KNIGHT Tyrese,2022
2022 Caribbean Senior Championships,2022-03-03,FRANKLIN Christopher,FARLEY Kevin,GUY,BAR,3,0,"12,11,11|10,7,6",,OTHER,MT,2565,Qualification,FARLEY Kevin (BAR),FRANKLIN Christopher (GUY),,,0 - 3,10:12 7:11 6:11,FRANKLIN Christopher,2022
2022 Caribbean Senior Championships,2022-03-03,RIOS Daniely,CASTRO Esmerlyn,PUR,DOM,3,1,"11,11,10,11|3,9,12,4",SemiFinal,OTHER,WT,2565,Main Draw,RIOS Daniely (PUR),CASTRO Esmerlyn (DOM),,,3 - 1,11:3 11:9 10:12 11:4,RIOS Daniely,2022
2022 Caribbean Senior Championships,2022-03-03,BRITO Eva,DIAZ Fabiola,DOM,PUR,3,2,"9,8,11,12,11|11,11,4,10,5",SemiFinal,OTHER,WT,2565,Main Draw,DIAZ Fabiola (PUR),BRITO Eva (DOM),,,2 - 3,11:9 11:8 4:11 10:12 5:11,BRITO Eva,2022
2022 Caribbean Senior Championships,2022-03-03,BURGOS Brianna,ORTIZ Yasiris,PUR,DOM,3,2,"11,11,14,8,11|4,7,16,11,8",SemiFinal,OTHER,WT,2565,Main Draw,BURGOS Brianna (PUR),ORTIZ Yasiris (DOM),,,3 - 2,11:4 11:7 14:16 8:11 11:8,BURGOS Brianna,2022
2022 Caribbean Senior Championships,2022-03-03,BRITO Eva,RIOS Daniely,DOM,PUR,3,2,"7,11,11,11,11|11,7,13,8,4",SemiFinal,OTHER,WT,2565,Main Draw,RIOS Daniely (PUR),BRITO Eva (DOM),,,2 - 3,11:7 7:11 13:11 8:11 4:11,BRITO Eva,2022
2022 Caribbean Senior Championships,2022-03-03,CASTRO Esmerlyn,DIAZ Fabiola,DOM,PUR,3,1,"11,8,13,11|9,11,11,7",SemiFinal,OTHER,WT,2565,Main Draw,DIAZ Fabiola (PUR),CASTRO Esmerlyn (DOM),,,1 - 3,9:11 11:8 11:13 7:11,CASTRO Esmerlyn,2022
2022 Caribbean Senior Championships,2022-03-03,EDGHILL Chelsea,LOVET Idalys,GUY,CUB,3,1,"11,8,11,11|8,11,4,7",SemiFinal,OTHER,WT,2565,Main Draw,EDGHILL Chelsea (GUY),LOVET Idalys (CUB),,,3 - 1,11:8 8:11 11:4 11:7,EDGHILL Chelsea,2022
2022 Caribbean Senior Championships,2022-03-03,FONSECA Daniela,CUMMINGS Natalie,CUB,GUY,3,0,"11,11,11|6,3,4",SemiFinal,OTHER,WT,2565,Main Draw,CUMMINGS Natalie (GUY),FONSECA Daniela (CUB),,,0 - 3,6:11 3:11 4:11,FONSECA Daniela,2022
2022 Caribbean Senior Championships,2022-03-03,PEREZ GONZALEZ Karla,GREAVES Priscilla,CUB,GUY,3,0,"11,11,11|4,2,2",SemiFinal,OTHER,WT,2565,Main Draw,GREAVES Priscilla (GUY),PEREZ GONZALEZ Karla (CUB),,,0 - 3,4:11 2:11 2:11,PEREZ GONZALEZ Karla,2022
2022 Caribbean Senior Championships,2022-03-03,FONSECA Daniela,EDGHILL Chelsea,CUB,GUY,3,0,"11,11,11|6,5,7",SemiFinal,OTHER,WT,2565,Main Draw,EDGHILL Chelsea (GUY),FONSECA Daniela (CUB),,,0 - 3,6:11 5:11 7:11,FONSECA Daniela,2022
2022 Caribbean Senior Championships,2022-03-03,MARTINEZ Livan,GALVEZ Samuel,CUB,DOM,3,0,"11,11,11|8,6,3",SemiFinal,OTHER,MT,2565,Main Draw,GALVEZ Samuel (DOM),MARTINEZ Livan (CUB),,,0 - 3,8:11 6:11 3:11,MARTINEZ Livan,2022
2022 Caribbean Senior Championships,2022-03-03,VILA Isaac,CAMPOS Jorge,DOM,CUB,3,1,"6,14,11,11|11,12,5,7",SemiFinal,OTHER,MT,2565,Main Draw,VILA Isaac (DOM),CAMPOS Jorge (CUB),,,3 - 1,6:11 14:12 11:5 11:7,VILA Isaac,2022
2022 Caribbean Senior Championships,2022-03-03,GOMEZ ROJAS Eday,TEJADA Abit,CUB,DOM,3,0,"11,11,11|3,8,8",SemiFinal,OTHER,MT,2565,Main Draw,TEJADA Abit (DOM),GOMEZ ROJAS Eday (CUB),,,0 - 3,3:11 8:11 8:11,GOMEZ ROJAS Eday,2022
2022 Caribbean Senior Championships,2022-03-03,CAMPOS Jorge,GALVEZ Samuel,CUB,DOM,3,1,"11,11,7,11|6,9,11,8",SemiFinal,OTHER,MT,2565,Main Draw,GALVEZ Samuel (DOM),CAMPOS Jorge (CUB),,,1 - 3,6:11 9:11 11:7 8:11,CAMPOS Jorge,2022
2022 Caribbean Senior Championships,2022-03-03,BIRRIEL Oscar,FRANKLIN Christopher,PUR,GUY,3,0,"11,16,12|7,14,10",SemiFinal,OTHER,MT,2565,Main Draw,BIRRIEL Oscar (PUR),FRANKLIN Christopher (GUY),,,3 - 0,11:7 16:14 12:10,BIRRIEL Oscar,2022
2022 Caribbean Senior Championships,2022-03-03,BRITTON Shemar,PIETRI Richard,GUY,PUR,3,0,"11,14,11|6,12,5",SemiFinal,OTHER,MT,2565,Main Draw,PIETRI Richard (PUR),BRITTON Shemar (GUY),,,0 - 3,6:11 12:14 5:11,BRITTON Shemar,2022
2022 Caribbean Senior Championships,2022-03-03,GONZALEZ Daniel,VAN LANGE Jonathan,PUR,GUY,3,0,"11,11,11|7,6,8",SemiFinal,OTHER,MT,2565,Main Draw,GONZALEZ Daniel (PUR),VAN LANGE Jonathan (GUY),,,3 - 0,11:7 11:6 11:8,GONZALEZ Daniel,2022
2022 Caribbean Senior Championships,2022-03-03,BIRRIEL Oscar,BRITTON Shemar,PUR,GUY,3,1,"11,8,12,11|6,11,10,9",SemiFinal,OTHER,MT,2565,Main Draw,BIRRIEL Oscar (PUR),BRITTON Shemar (GUY),,,3 - 1,11:6 8:11 12:10 11:9,BIRRIEL Oscar,2022
2022 Caribbean Senior Championships,2022-03-03,BRITO Eva,PEREZ GONZALEZ Karla,DOM,CUB,3,1,"11,11,7,11|9,8,11,5",Final,OTHER,WT,2565,Main Draw,PEREZ GONZALEZ Karla (CUB),BRITO Eva (DOM),,,1 - 3,9:11 8:11 11:7 5:11,BRITO Eva,2022
2022 Caribbean Senior Championships,2022-03-03,LOVET Idalys,ORTIZ Yasiris,CUB,DOM,3,0,"11,11,11|7,5,8",Final,OTHER,WT,2565,Main Draw,LOVET Idalys (CUB),ORTIZ Yasiris (DOM),,,3 - 0,11:7 11:5 11:8,LOVET Idalys,2022
2022 Caribbean Senior Championships,2022-03-03,MARTINEZ Livan,GONZALEZ Daniel,CUB,PUR,3,2,"12,4,11,5,12|10,11,8,11,10",Final,OTHER,MT,2565,Main Draw,GONZALEZ Daniel (PUR),MARTINEZ Livan (CUB),,,2 - 3,10:12 11:4 8:11 11:5 10:12,MARTINEZ Livan,2022
2022 Caribbean Senior Championships,2022-03-03,CAMPOS Jorge,NARANJO Angel,CUB,PUR,3,1,"12,11,10,11|10,2,12,5",Final,OTHER,MT,2565,Main Draw,NARANJO Angel (PUR),CAMPOS Jorge (CUB),,,1 - 3,10:12 2:11 12:10 5:11,CAMPOS Jorge,2022
2022 Caribbean Senior Championships,2022-03-03,PEREZ Adrian,BIRRIEL Oscar,CUB,PUR,3,1,"11,10,11,11|8,12,9,1",Final,OTHER,MT,2565,Main Draw,BIRRIEL Oscar (PUR),PEREZ Adrian (CUB),,,1 - 3,8:11 12:10 9:11 1:11,PEREZ Adrian,2022
2022 Caribbean Senior Championships,2022-03-03,FONSECA Daniela,BURGOS Brianna,CUB,PUR,3,0,"11,11,11|8,6,3",,OTHER,WS,2565,Qualification,FONSECA Daniela (CUB),BURGOS Brianna (PUR),,,3 - 0,11:8 11:6 11:3,FONSECA Daniela,2022
2022 Caribbean Senior Championships,2022-03-03,RIOS Daniely,GREAVES Priscilla,PUR,GUY,3,0,"11,11,11|2,5,5",,OTHER,WS,2565,Qualification,RIOS Daniely (PUR),GREAVES Priscilla (GUY),,,3 - 0,11:2 11:5 11:5,RIOS Daniely,2022
2022 Caribbean Senior Championships,2022-03-03,LEWIS Janae,EDWARDS-TAYLOR Imani,BAR,TTO,3,1,"10,12,11,12|12,10,8,10",,OTHER,WS,2565,Qualification,LEWIS Janae (BAR),EDWARDS-TAYLOR Imani (TTO),,,3 - 1,10:12 12:10 11:8 12:10,LEWIS Janae,2022
2022 Caribbean Senior Championships,2022-03-03,LOVET Idalys,MELENDEZ Kristal,CUB,PUR,3,0,"11,11,11|8,7,3",,OTHER,WS,2565,Qualification,LOVET Idalys (CUB),MELENDEZ Kristal (PUR),,,3 - 0,11:8 11:7 11:3,LOVET Idalys,2022
2022 Caribbean Senior Championships,2022-03-03,CUMMINGS Natalie,LEWIS Tsenaye,GUY,JAM,3,0,"11,12,11|4,10,4",,OTHER,WS,2565,Qualification,CUMMINGS Natalie (GUY),LEWIS Tsenaye (JAM),,,3 - 0,11:4 12:10 11:4,CUMMINGS Natalie,2022
2022 Caribbean Senior Championships,2022-03-03,BRITO Eva,RODRIGUEZ Lizdainet,DOM,CUB,3,1,"11,9,11,11|7,11,5,9",,OTHER,WS,2565,Qualification,BRITO Eva (DOM),RODRIGUEZ Lizdainet (CUB),,,3 - 1,11:7 9:11 11:5 11:9,BRITO Eva,2022
2022 Caribbean Senior Championships,2022-03-03,DIAZ Fabiola,MUNOZ Shary,PUR,DOM,3,1,"11,10,11,11|8,12,9,6",,OTHER,WS,2565,Qualification,DIAZ Fabiola (PUR),MUNOZ Shary (DOM),,,3 - 1,11:8 10:12 11:9 11:6,DIAZ Fabiola,2022
2022 Caribbean Senior Championships,2022-03-03,FRASER Chloe,LOWE Trenace,TTO,GUY,3,0,"0,0,0|0,0,0",,OTHER,WS,2565,Qualification,LOWE Trenace (GUY),FRASER Chloe (TTO),,,0 - 3,0:0 0:0 0:0,FRASER Chloe,2022
2022 Caribbean Senior Championships,2022-03-03,EDGHILL Chelsea,RILEY Anthonette,GUY,BAR,3,0,"11,11,11|6,5,6",,OTHER,WS,2565,Qualification,EDGHILL Chelsea (GUY),RILEY Anthonette (BAR),,,3 - 0,11:6 11:5 11:6,EDGHILL Chelsea,2022
2022 Caribbean Senior Championships,2022-03-03,KING Kenady,LEWIS Gianna,BAR,JAM,3,1,"5,11,11,11|11,7,9,2",,OTHER,WS,2565,Qualification,KING Kenady (BAR),LEWIS Gianna (JAM),,,3 - 1,5:11 11:7 11:9 11:2,KING Kenady,2022
2022 Caribbean Senior Championships,2022-03-03,ORTIZ Yasiris,BLAKE Jannel,DOM,JAM,3,0,"11,11,11|2,2,1",,OTHER,WS,2565,Qualification,ORTIZ Yasiris (DOM),BLAKE Jannel (JAM),,,3 - 0,11:2 11:2 11:1,ORTIZ Yasiris,2022
2022 Caribbean Senior Championships,2022-03-03,PEREZ GONZALEZ Karla,CHUNG Rheann,CUB,TTO,3,1,"10,11,11,11|12,4,5,7",,OTHER,WS,2565,Qualification,CHUNG Rheann (TTO),PEREZ GONZALEZ Karla (CUB),,,1 - 3,12:10 4:11 5:11 7:11,PEREZ GONZALEZ Karla,2022
2022 Caribbean Senior Championships,2022-03-03,GONZALEZ Daniel,MAXWELL Ramon,PUR,BAR,3,0,"11,14,11|2,12,5",,OTHER,MS,2565,Qualification,GONZALEZ Daniel (PUR),MAXWELL Ramon (BAR),,,3 - 0,11:2 14:12 11:5,GONZALEZ Daniel,2022
2022 Caribbean Senior Championships,2022-03-03,CAMPOS Jorge,TEJADA Abit,CUB,DOM,3,0,"11,11,11|7,7,5",,OTHER,MS,2565,Qualification,CAMPOS Jorge (CUB),TEJADA Abit (DOM),,,3 - 0,11:7 11:7 11:5,CAMPOS Jorge,2022
2022 Caribbean Senior Championships,2022-03-03,PEREZ Adrian,NARANJO Angel,CUB,PUR,3,1,"11,10,11,12|5,12,5,10",,OTHER,MS,2565,Qualification,NARANJO Angel (PUR),PEREZ Adrian (CUB),,,1 - 3,5:11 12:10 5:11 10:12,PEREZ Adrian,2022
2022 Caribbean Senior Championships,2022-03-03,DOUGLAS Derron,RILEY Tre,TTO,BAR,3,0,"11,11,11|2,5,7",,OTHER,MS,2565,Qualification,DOUGLAS Derron (TTO),RILEY Tre (BAR),,,3 - 0,11:2 11:5 11:7,DOUGLAS Derron,2022
2022 Caribbean Senior Championships,2022-03-03,MARTINEZ Livan,ST-FLEUR Donika,CUB,HAI,3,0,"11,11,11|5,6,9",,OTHER,MS,2565,Qualification,MARTINEZ Livan (CUB),ST-FLEUR Donika (HAI),,,3 - 0,11:5 11:6 11:9,MARTINEZ Livan,2022
2022 Caribbean Senior Championships,2022-03-03,BIRRIEL Oscar,ASGARALI Khaleel,PUR,TTO,3,1,"11,9,11,11|7,11,4,8",,OTHER,MS,2565,Qualification,BIRRIEL Oscar (PUR),ASGARALI Khaleel (TTO),,,3 - 1,11:7 9:11 11:4 11:8,BIRRIEL Oscar,2022
2022 Caribbean Senior Championships,2022-03-03,GALVEZ Samuel,WILSON Aaron,DOM,TTO,3,1,"11,11,9,11|8,4,11,7",,OTHER,MS,2565,Qualification,GALVEZ Samuel (DOM),WILSON Aaron (TTO),,,3 - 1,11:8 11:4 9:11 11:7,GALVEZ Samuel,2022
2022 Caribbean Senior Championships,2022-03-03,FRANKLIN Christopher,PAUL Mackentoche,GUY,HAI,3,0,"11,11,11|8,6,4",,OTHER,MS,2565,Qualification,FRANKLIN Christopher (GUY),PAUL Mackentoche (HAI),,,3 - 0,11:8 11:6 11:4,FRANKLIN Christopher,2022
2022 Caribbean Senior Championships,2022-03-03,KNIGHT Tyrese,VAN LANGE Jonathan,BAR,GUY,3,2,"8,11,11,11,13|11,13,3,1,11",,OTHER,MS,2565,Qualification,KNIGHT Tyrese (BAR),VAN LANGE Jonathan (GUY),,,3 - 2,8:11 11:13 11:3 11:1 13:11,KNIGHT Tyrese,2022
2022 Caribbean Senior Championships,2022-03-03,FARLEY Kevin,MOO YOUNG Peter,BAR,JAM,3,0,"11,11,11|7,5,7",,OTHER,MS,2565,Qualification,FARLEY Kevin (BAR),MOO YOUNG Peter (JAM),,,3 - 0,11:7 11:5 11:7,FARLEY Kevin,2022
2022 Caribbean Senior Championships,2022-03-03,VILA Isaac,MARSH Christopher,DOM,JAM,3,0,"11,11,11|6,6,5",,OTHER,MS,2565,Qualification,VILA Isaac (DOM),MARSH Christopher (JAM),,,3 - 0,11:6 11:6 11:5,VILA Isaac,2022
2022 Caribbean Senior Championships,2022-03-03,RIOS Daniely,HARVEY Krystle,PUR,BAR,3,0,"11,11,11|5,4,1",,OTHER,WS,2565,Qualification,RIOS Daniely (PUR),HARVEY Krystle (BAR),,,3 - 0,11:5 11:4 11:1,RIOS Daniely,2022
2022 Caribbean Senior Championships,2022-03-03,PIETRI Richard,WONG Miguel,PUR,GUY,3,0,"11,11,11|5,8,5",,OTHER,MS,2565,Qualification,WONG Miguel (GUY),PIETRI Richard (PUR),,,0 - 3,5:11 8:11 5:11,PIETRI Richard,2022
2022 Caribbean Senior Championships,2022-03-03,BRITTON Shemar,AZOR Brayon,GUY,HAI,3,0,"11,11,11|4,5,9",,OTHER,MS,2565,Qualification,BRITTON Shemar (GUY),AZOR Brayon (HAI),,,3 - 0,11:4 11:5 11:9,BRITTON Shemar,2022
2022 Caribbean Senior Championships,2022-03-03,WATSON Kane,MAXWELL Joshua,JAM,TTO,3,0,"11,11,11|7,4,4",,OTHER,MS,2565,Qualification,WATSON Kane (JAM),MAXWELL Joshua (TTO),,,3 - 0,11:7 11:4 11:4,WATSON Kane,2022
2022 Caribbean Senior Championships,2022-03-03,BRITO Eva,LEWIS Janae,DOM,BAR,3,0,"11,11,11|6,2,6",,OTHER,WS,2565,Qualification,BRITO Eva (DOM),LEWIS Janae (BAR),,,3 - 0,11:6 11:2 11:6,BRITO Eva,2022
2022 Caribbean Senior Championships,2022-03-03,LOVET Idalys,CUMMINGS Natalie,CUB,GUY,3,0,"11,11,11|6,3,8",,OTHER,WS,2565,Qualification,LOVET Idalys (CUB),CUMMINGS Natalie (GUY),,,3 - 0,11:6 11:3 11:8,LOVET Idalys,2022
2022 Caribbean Senior Championships,2022-03-03,RODRIGUEZ Lizdainet,EDWARDS-TAYLOR Imani,CUB,TTO,3,0,"11,11,11|4,6,2",,OTHER,WS,2565,Qualification,RODRIGUEZ Lizdainet (CUB),EDWARDS-TAYLOR Imani (TTO),,,3 - 0,11:4 11:6 11:2,RODRIGUEZ Lizdainet,2022
2022 Caribbean Senior Championships,2022-03-03,MELENDEZ Kristal,LEWIS Tsenaye,PUR,JAM,3,0,"11,11,11|6,3,8",,OTHER,WS,2565,Qualification,MELENDEZ Kristal (PUR),LEWIS Tsenaye (JAM),,,3 - 0,11:6 11:3 11:8,MELENDEZ Kristal,2022
2022 Caribbean Senior Championships,2022-03-03,FONSECA Daniela,KING Kenady,CUB,BAR,3,0,"11,11,11|7,5,6",,OTHER,WS,2565,Qualification,FONSECA Daniela (CUB),KING Kenady (BAR),,,3 - 0,11:7 11:5 11:6,FONSECA Daniela,2022
2022 Caribbean Senior Championships,2022-03-03,BURGOS Brianna,LEWIS Gianna,PUR,JAM,3,0,"11,11,11|1,6,8",,OTHER,WS,2565,Qualification,BURGOS Brianna (PUR),LEWIS Gianna (JAM),,,3 - 0,11:1 11:6 11:8,BURGOS Brianna,2022
2022 Caribbean Senior Championships,2022-03-03,CASTRO Esmerlyn,LOWE Trenace,DOM,GUY,3,0,"0,0,0|0,0,0",,OTHER,WS,2565,Qualification,CASTRO Esmerlyn (DOM),LOWE Trenace (GUY),,,3 - 0,0:0 0:0 0:0,CASTRO Esmerlyn,2022
2022 Caribbean Senior Championships,2022-03-03,MUNOZ Shary,RILEY Anthonette,DOM,BAR,3,0,"11,11,11|4,5,2",,OTHER,WS,2565,Qualification,RILEY Anthonette (BAR),MUNOZ Shary (DOM),,,0 - 3,4:11 5:11 2:11,MUNOZ Shary,2022
2022 Caribbean Senior Championships,2022-03-03,ORTIZ Yasiris,CHUNG Rheann,DOM,TTO,3,2,"9,8,11,11,11|11,11,8,8,6",,OTHER,WS,2565,Qualification,ORTIZ Yasiris (DOM),CHUNG Rheann (TTO),,,3 - 2,9:11 8:11 11:8 11:8 11:6,ORTIZ Yasiris,2022
2022 Caribbean Senior Championships,2022-03-03,YOUNG Solesha,FRASER Chloe,JAM,TTO,3,0,"11,11,11|8,5,7",,OTHER,WS,2565,Qualification,YOUNG Solesha (JAM),FRASER Chloe (TTO),,,3 - 0,11:8 11:5 11:7,YOUNG Solesha,2022
2022 Caribbean Senior Championships,2022-03-03,GONZALEZ Daniel,GOMEZ ROJAS Eday,PUR,CUB,3,0,"11,11,11|6,4,4",,OTHER,MS,2565,Qualification,GONZALEZ Daniel (PUR),GOMEZ ROJAS Eday (CUB),,,3 - 0,11:6 11:4 11:4,GONZALEZ Daniel,2022
2022 Caribbean Senior Championships,2022-03-03,CAMPOS Jorge,PHILLIPS Mark,CUB,JAM,3,0,"11,11,11|3,2,7",,OTHER,MS,2565,Qualification,CAMPOS Jorge (CUB),PHILLIPS Mark (JAM),,,3 - 0,11:3 11:2 11:7,CAMPOS Jorge,2022
2022 Caribbean Senior Championships,2022-03-03,NARANJO Angel,DOUGLAS Derron,PUR,TTO,3,1,"9,11,11,11|11,6,6,7",,OTHER,MS,2565,Qualification,NARANJO Angel (PUR),DOUGLAS Derron (TTO),,,3 - 1,9:11 11:6 11:6 11:7,NARANJO Angel,2022
2022 Caribbean Senior Championships,2022-03-03,PEREZ Adrian,RILEY Tre,CUB,BAR,3,0,"11,11,11|5,6,7",,OTHER,MS,2565,Qualification,PEREZ Adrian (CUB),RILEY Tre (BAR),,,3 - 0,11:5 11:6 11:7,PEREZ Adrian,2022
2022 Caribbean Senior Championships,2022-03-03,MARTINEZ Livan,FARLEY Kevin,CUB,BAR,3,0,"11,11,11|7,9,5",,OTHER,MS,2565,Qualification,MARTINEZ Livan (CUB),FARLEY Kevin (BAR),,,3 - 0,11:7 11:9 11:5,MARTINEZ Livan,2022
2022 Caribbean Senior Championships,2022-03-03,MOO YOUNG Peter,ST-FLEUR Donika,JAM,HAI,3,1,"11,6,11,13|5,11,9,11",,OTHER,MS,2565,Qualification,ST-FLEUR Donika (HAI),MOO YOUNG Peter (JAM),,,1 - 3,5:11 11:6 9:11 11:13,MOO YOUNG Peter,2022
2022 Caribbean Senior Championships,2022-03-03,GALVEZ Samuel,FRANKLIN Christopher,DOM,GUY,3,0,"12,12,14|10,10,12",,OTHER,MS,2565,Qualification,GALVEZ Samuel (DOM),FRANKLIN Christopher (GUY),,,3 - 0,12:10 12:10 14:12,GALVEZ Samuel,2022
2022 Caribbean Senior Championships,2022-03-03,BRITTON Shemar,VILA Isaac,GUY,DOM,3,1,"11,11,6,11|5,8,11,8",,OTHER,MS,2565,Qualification,VILA Isaac (DOM),BRITTON Shemar (GUY),,,1 - 3,5:11 8:11 11:6 8:11,BRITTON Shemar,2022
2022 Caribbean Senior Championships,2022-03-03,BIRRIEL Oscar,KNIGHT Tyrese,PUR,BAR,3,0,"11,11,11|9,9,6",,OTHER,MS,2565,Qualification,KNIGHT Tyrese (BAR),BIRRIEL Oscar (PUR),,,0 - 3,9:11 9:11 6:11,BIRRIEL Oscar,2022
2022 Caribbean Senior Championships,2022-03-03,VAN LANGE Jonathan,ASGARALI Khaleel,GUY,TTO,3,1,"14,12,9,11|12,10,11,7",,OTHER,MS,2565,Qualification,VAN LANGE Jonathan (GUY),ASGARALI Khaleel (TTO),,,3 - 1,14:12 12:10 9:11 11:7,VAN LANGE Jonathan,2022
2022 Caribbean Senior Championships,2022-03-03,WILSON Aaron,PAUL Mackentoche,TTO,HAI,3,0,"11,11,11|0,0,0",,OTHER,MS,2565,Qualification,WILSON Aaron (TTO),PAUL Mackentoche (HAI),,,3 - 0,11:0 11:0 11:0,WILSON Aaron,2022
2022 Caribbean Senior Championships,2022-03-03,AZOR Brayon,MARSH Christopher,HAI,JAM,3,0,"11,12,11|9,10,7",,OTHER,MS,2565,Qualification,MARSH Christopher (JAM),AZOR Brayon (HAI),,,0 - 3,9:11 10:12 7:11,AZOR Brayon,2022
2022 Caribbean Senior Championships,2022-03-03,PIETRI Richard,MAXWELL Joshua,PUR,TTO,3,0,"11,11,11|3,2,4",,OTHER,MS,2565,Qualification,PIETRI Richard (PUR),MAXWELL Joshua (TTO),,,3 - 0,11:3 11:2 11:4,PIETRI Richard,2022
2022 Caribbean Senior Championships,2022-03-03,WATSON Kane,WONG Miguel,JAM,GUY,3,0,"11,11,11|5,7,4",,OTHER,MS,2565,Qualification,WONG Miguel (GUY),WATSON Kane (JAM),,,0 - 3,5:11 7:11 4:11,WATSON Kane,2022
2022 Caribbean Senior Championships,2022-03-03,FONSECA Daniela,LEWIS Gianna,CUB,JAM,3,0,"11,11,11|2,7,5",,OTHER,WS,2565,Qualification,FONSECA Daniela (CUB),LEWIS Gianna (JAM),,,3 - 0,11:2 11:7 11:5,FONSECA Daniela,2022
2022 Caribbean Senior Championships,2022-03-03,BRITO Eva,EDWARDS-TAYLOR Imani,DOM,TTO,3,0,"11,11,11|2,7,4",,OTHER,WS,2565,Qualification,BRITO Eva (DOM),EDWARDS-TAYLOR Imani (TTO),,,3 - 0,11:2 11:7 11:4,BRITO Eva,2022
2022 Caribbean Senior Championships,2022-03-03,RODRIGUEZ Lizdainet,LEWIS Janae,CUB,BAR,3,0,"11,11,11|5,3,8",,OTHER,WS,2565,Qualification,LEWIS Janae (BAR),RODRIGUEZ Lizdainet (CUB),,,0 - 3,5:11 3:11 8:11,RODRIGUEZ Lizdainet,2022
2022 Caribbean Senior Championships,2022-03-03,LOVET Idalys,LEWIS Tsenaye,CUB,JAM,3,0,"11,11,11|5,2,5",,OTHER,WS,2565,Qualification,LOVET Idalys (CUB),LEWIS Tsenaye (JAM),,,3 - 0,11:5 11:2 11:5,LOVET Idalys,2022
2022 Caribbean Senior Championships,2022-03-03,MELENDEZ Kristal,CUMMINGS Natalie,PUR,GUY,3,0,"15,11,12|13,9,10",,OTHER,WS,2565,Qualification,CUMMINGS Natalie (GUY),MELENDEZ Kristal (PUR),,,0 - 3,13:15 9:11 10:12,MELENDEZ Kristal,2022
2022 Caribbean Senior Championships,2022-03-03,HARVEY Krystle,GREAVES Priscilla,BAR,GUY,3,2,"11,11,9,2,11|5,7,11,11,9",,OTHER,WS,2565,Qualification,HARVEY Krystle (BAR),GREAVES Priscilla (GUY),,,3 - 2,11:5 11:7 9:11 2:11 11:9,HARVEY Krystle,2022
2022 Caribbean Senior Championships,2022-03-03,ORTIZ Yasiris,PEREZ GONZALEZ Karla,DOM,CUB,3,2,"11,11,10,6,11|5,7,12,11,7",,OTHER,WS,2565,Qualification,ORTIZ Yasiris (DOM),PEREZ GONZALEZ Karla (CUB),,,3 - 2,11:5 11:7 10:12 6:11 11:7,ORTIZ Yasiris,2022
2022 Caribbean Senior Championships,2022-03-03,CASTRO Esmerlyn,FRASER Chloe,DOM,TTO,3,1,"11,11,7,18|7,6,11,16",,OTHER,WS,2565,Qualification,CASTRO Esmerlyn (DOM),FRASER Chloe (TTO),,,3 - 1,11:7 11:6 7:11 18:16,CASTRO Esmerlyn,2022
2022 Caribbean Senior Championships,2022-03-03,YOUNG Solesha,LOWE Trenace,JAM,GUY,3,0,"0,0,0|0,0,0",,OTHER,WS,2565,Qualification,LOWE Trenace (GUY),YOUNG Solesha (JAM),,,0 - 3,0:0 0:0 0:0,YOUNG Solesha,2022
2022 Caribbean Senior Championships,2022-03-03,MUNOZ Shary,EDGHILL Chelsea,DOM,GUY,3,1,"9,12,11,11|11,10,8,9",,OTHER,WS,2565,Qualification,EDGHILL Chelsea (GUY),MUNOZ Shary (DOM),,,1 - 3,11:9 10:12 8:11 9:11,MUNOZ Shary,2022
2022 Caribbean Senior Championships,2022-03-03,DIAZ Fabiola,RILEY Anthonette,PUR,BAR,3,0,"11,11,11|5,4,1",,OTHER,WS,2565,Qualification,DIAZ Fabiola (PUR),RILEY Anthonette (BAR),,,3 - 0,11:5 11:4 11:1,DIAZ Fabiola,2022
2022 Caribbean Senior Championships,2022-03-03,BURGOS Brianna,KING Kenady,PUR,BAR,3,0,"11,11,11|2,8,6",,OTHER,WS,2565,Qualification,KING Kenady (BAR),BURGOS Brianna (PUR),,,0 - 3,2:11 8:11 6:11,BURGOS Brianna,2022
2022 Caribbean Senior Championships,2022-03-03,MARTINEZ Livan,MOO YOUNG Peter,CUB,JAM,3,0,"11,11,11|7,6,5",,OTHER,MS,2565,Qualification,MARTINEZ Livan (CUB),MOO YOUNG Peter (JAM),,,3 - 0,11:7 11:6 11:5,MARTINEZ Livan,2022
2022 Caribbean Senior Championships,2022-03-03,CHUNG Rheann,BLAKE Jannel,TTO,JAM,3,0,"11,11,11|1,5,0",,OTHER,WS,2565,Qualification,CHUNG Rheann (TTO),BLAKE Jannel (JAM),,,3 - 0,11:1 11:5 11:0,CHUNG Rheann,2022
2022 Caribbean Senior Championships,2022-03-03,NARANJO Angel,RILEY Tre,PUR,BAR,3,0,"11,11,11|5,5,4",,OTHER,MS,2565,Qualification,NARANJO Angel (PUR),RILEY Tre (BAR),,,3 - 0,11:5 11:5 11:4,NARANJO Angel,2022
2022 Caribbean Senior Championships,2022-03-03,PEREZ Adrian,DOUGLAS Derron,CUB,TTO,3,0,"11,11,12|5,9,10",,OTHER,MS,2565,Qualification,DOUGLAS Derron (TTO),PEREZ Adrian (CUB),,,0 - 3,5:11 9:11 10:12,PEREZ Adrian,2022
2022 Caribbean Senior Championships,2022-03-03,BIRRIEL Oscar,VAN LANGE Jonathan,PUR,GUY,3,1,"11,11,7,11|7,3,11,9",,OTHER,MS,2565,Qualification,BIRRIEL Oscar (PUR),VAN LANGE Jonathan (GUY),,,3 - 1,11:7 11:3 7:11 11:9,BIRRIEL Oscar,2022
2022 Caribbean Senior Championships,2022-03-03,GALVEZ Samuel,PAUL Mackentoche,DOM,HAI,3,0,"0,0,0|0,0,0",,OTHER,MS,2565,Qualification,GALVEZ Samuel (DOM),PAUL Mackentoche (HAI),,,3 - 0,0:0 0:0 0:0,GALVEZ Samuel,2022
2022 Caribbean Senior Championships,2022-03-03,FRANKLIN Christopher,WILSON Aaron,GUY,TTO,3,1,"7,11,11,11|11,5,8,7",,OTHER,MS,2565,Qualification,FRANKLIN Christopher (GUY),WILSON Aaron (TTO),,,3 - 1,7:11 11:5 11:8 11:7,FRANKLIN Christopher,2022
2022 Caribbean Senior Championships,2022-03-03,KNIGHT Tyrese,ASGARALI Khaleel,BAR,TTO,3,0,"11,11,11|5,6,8",,OTHER,MS,2565,Qualification,KNIGHT Tyrese (BAR),ASGARALI Khaleel (TTO),,,3 - 0,11:5 11:6 11:8,KNIGHT Tyrese,2022
2022 Caribbean Senior Championships,2022-03-03,FARLEY Kevin,ST-FLEUR Donika,BAR,HAI,3,2,"6,11,11,9,13|11,8,6,11,11",,OTHER,MS,2565,Qualification,FARLEY Kevin (BAR),ST-FLEUR Donika (HAI),,,3 - 2,6:11 11:8 11:6 9:11 13:11,FARLEY Kevin,2022
2022 Caribbean Senior Championships,2022-03-03,VILA Isaac,AZOR Brayon,DOM,HAI,3,0,"11,11,11|6,6,5",,OTHER,MS,2565,Qualification,VILA Isaac (DOM),AZOR Brayon (HAI),,,3 - 0,11:6 11:6 11:5,VILA Isaac,2022
2022 Caribbean Senior Championships,2022-03-03,WONG Miguel,MAXWELL Joshua,GUY,TTO,3,0,"11,11,12|6,9,10",,OTHER,MS,2565,Qualification,WONG Miguel (GUY),MAXWELL Joshua (TTO),,,3 - 0,11:6 11:9 12:10,WONG Miguel,2022
2022 Caribbean Senior Championships,2022-03-03,BRITTON Shemar,MARSH Christopher,GUY,JAM,3,0,"11,11,11|6,5,5",,OTHER,MS,2565,Qualification,BRITTON Shemar (GUY),MARSH Christopher (JAM),,,3 - 0,11:6 11:5 11:5,BRITTON Shemar,2022
2022 Caribbean Senior Championships,2022-03-03,WILSON Aaron,GONZALEZ Daniel,TTO,PUR,3,0,"0,0,0|0,0,0",R16,OTHER,XD,2565,Main Draw,GONZALEZ Daniel (PUR),WILSON Aaron (TTO),RIOS Daniely (PUR),CHUNG Rheann (TTO),0 - 3,0:0 0:0 0:0,WILSON Aaron,2022
2022 Caribbean Senior Championships,2022-03-03,CAMPOS Jorge,KNIGHT Tyrese,CUB,BAR,3,0,"11,11,11|9,8,7",R16,OTHER,XD,2565,Main Draw,KNIGHT Tyrese (BAR),CAMPOS Jorge (CUB),HARVEY Krystle (BAR),FONSECA Daniela (CUB),0 - 3,9:11 8:11 7:11,CAMPOS Jorge,2022
2022 Caribbean Senior Championships,2022-03-03,GOMEZ ROJAS Eday,DOUGLAS Derron,CUB,TTO,3,0,"11,11,11|2,3,2",R16,OTHER,XD,2565,Main Draw,GOMEZ ROJAS Eday (CUB),DOUGLAS Derron (TTO),PEREZ GONZALEZ Karla (CUB),FRASER Chloe (TTO),3 - 0,11:2 11:3 11:2,GOMEZ ROJAS Eday,2022
2022 Caribbean Senior Championships,2022-03-03,VILA Isaac,FARLEY Kevin,DOM,BAR,3,2,"9,14,11,4,11|11,12,5,11,4",R16,OTHER,XD,2565,Main Draw,FARLEY Kevin (BAR),VILA Isaac (DOM),RILEY Anthonette (BAR),CASTRO Esmerlyn (DOM),2 - 3,11:9 12:14 5:11 11:4 4:11,VILA Isaac,2022
2022 Caribbean Senior Championships,2022-03-03,MENDEZ Rene,BRITTON Shemar,CUB,GUY,3,1,"8,12,11,11|11,10,9,8",R16,OTHER,XD,2565,Main Draw,BRITTON Shemar (GUY),MENDEZ Rene (CUB),EDGHILL Chelsea (GUY),RODRIGUEZ Lizdainet (CUB),1 - 3,11:8 10:12 9:11 8:11,MENDEZ Rene,2022
2022 Caribbean Senior Championships,2022-03-03,NARANJO Angel,WATSON Kane,PUR,JAM,3,0,"11,11,11|5,4,3",R16,OTHER,XD,2565,Main Draw,WATSON Kane (JAM),NARANJO Angel (PUR),YOUNG Solesha (JAM),DIAZ Fabiola (PUR),0 - 3,5:11 4:11 3:11,NARANJO Angel,2022
2022 Caribbean Senior Championships,2022-03-03,LOVET Idalys,BLAKE Jannel,CUB,JAM,3,0,"11,11,11|1,5,4",R16,OTHER,WD,2565,Main Draw,BLAKE Jannel (JAM),LOVET Idalys (CUB),LEWIS Gianna (JAM),RODRIGUEZ Lizdainet (CUB),0 - 3,1:11 5:11 4:11,LOVET Idalys,2022
2022 Caribbean Senior Championships,2022-03-03,CRESPO Estela,EDGHILL Chelsea,CUB,GUY,3,1,"11,10,11,11|5,12,5,9",R16,OTHER,WD,2565,Main Draw,EDGHILL Chelsea (GUY),CRESPO Estela (CUB),CUMMINGS Natalie (GUY),De ARMAS PEREZ Thalia (CUB),1 - 3,5:11 12:10 5:11 9:11,CRESPO Estela,2022
2022 Caribbean Senior Championships,2022-03-03,BRITO Eva,HARVEY Krystle,DOM,BAR,3,0,"11,11,11|5,6,9",R16,OTHER,WD,2565,Main Draw,HARVEY Krystle (BAR),BRITO Eva (DOM),LEWIS Janae (BAR),ORTIZ Yasiris (DOM),0 - 3,5:11 6:11 9:11,BRITO Eva,2022
2022 Caribbean Senior Championships,2022-03-03,BURGOS Brianna,LEWIS Tsenaye,PUR,JAM,3,0,"11,11,11|9,4,1",R16,OTHER,WD,2565,Main Draw,BURGOS Brianna (PUR),LEWIS Tsenaye (JAM),MELENDEZ Kristal (PUR),YOUNG Solesha (JAM),3 - 0,11:9 11:4 11:1,BURGOS Brianna,2022
2022 Caribbean Senior Championships,2022-03-03,CASTRO Esmerlyn,GREAVES Priscilla,DOM,GUY,3,0,"0,0,0|0,0,0",R16,OTHER,WD,2565,Main Draw,GREAVES Priscilla (GUY),CASTRO Esmerlyn (DOM),LOWE Trenace (GUY),MUNOZ Shary (DOM),0 - 3,0:0 0:0 0:0,CASTRO Esmerlyn,2022
2022 Caribbean Senior Championships,2022-03-03,CHUNG Rheann,RILEY Anthonette,TTO,BAR,3,1,"11,8,11,11|6,11,6,8",R16,OTHER,WD,2565,Main Draw,CHUNG Rheann (TTO),RILEY Anthonette (BAR),FRASER Chloe (TTO),KING Kenady (BAR),3 - 1,11:6 8:11 11:6 11:8,CHUNG Rheann,2022
2022 Caribbean Senior Championships,2022-03-03,PHILLIPS Mark,AZOR Brayon,JAM,HAI,3,1,"11,11,3,11|8,8,11,5",R16,OTHER,MD,2565,Main Draw,AZOR Brayon (HAI),PHILLIPS Mark (JAM),ST-FLEUR Donika (HAI),WATSON Kane (JAM),1 - 3,8:11 8:11 11:3 5:11,PHILLIPS Mark,2022
2022 Caribbean Senior Championships,2022-03-03,DOUGLAS Derron,FRANKLIN Christopher,TTO,GUY,3,2,"11,11,7,6,11|8,7,11,11,7",R16,OTHER,MD,2565,Main Draw,DOUGLAS Derron (TTO),FRANKLIN Christopher (GUY),WILSON Aaron (TTO),BRITTON Shemar (GUY),3 - 2,11:8 11:7 7:11 6:11 11:7,DOUGLAS Derron,2022
2022 Caribbean Senior Championships,2022-03-03,GOMEZ ROJAS Eday,ASGARALI Khaleel,CUB,TTO,3,0,"11,11,11|9,6,3",R16,OTHER,MD,2565,Main Draw,GOMEZ ROJAS Eday (CUB),ASGARALI Khaleel (TTO),PEREZ Adrian (CUB),MAXWELL Joshua (TTO),3 - 0,11:9 11:6 11:3,GOMEZ ROJAS Eday,2022
2022 Caribbean Senior Championships,2022-03-03,GALVEZ Samuel,MARSH Christopher,DOM,JAM,3,0,"11,11,11|6,5,3",R16,OTHER,MD,2565,Main Draw,GALVEZ Samuel (DOM),MARSH Christopher (JAM),VILA Isaac (DOM),MOO YOUNG Peter (JAM),3 - 0,11:6 11:5 11:3,GALVEZ Samuel,2022
2022 Caribbean Senior Championships,2022-03-03,MENDEZ Rene,NARANJO Angel,CUB,PUR,3,1,"11,5,11,11|8,11,6,9",QuarterFinal,OTHER,XD,2565,Main Draw,MENDEZ Rene (CUB),NARANJO Angel (PUR),RODRIGUEZ Lizdainet (CUB),DIAZ Fabiola (PUR),3 - 1,11:8 5:11 11:6 11:9,MENDEZ Rene,2022
2022 Caribbean Senior Championships,2022-03-03,VILA Isaac,GOMEZ ROJAS Eday,DOM,CUB,3,0,"11,11,11|7,6,9",QuarterFinal,OTHER,XD,2565,Main Draw,GOMEZ ROJAS Eday (CUB),VILA Isaac (DOM),PEREZ GONZALEZ Karla (CUB),CASTRO Esmerlyn (DOM),0 - 3,7:11 6:11 9:11,VILA Isaac,2022
2022 Caribbean Senior Championships,2022-03-03,MARTINEZ Livan,WILSON Aaron,CUB,TTO,3,0,"11,11,11|6,8,2",QuarterFinal,OTHER,XD,2565,Main Draw,WILSON Aaron (TTO),MARTINEZ Livan (CUB),CHUNG Rheann (TTO),LOVET Idalys (CUB),0 - 3,6:11 8:11 2:11,MARTINEZ Livan,2022
2022 Caribbean Senior Championships,2022-03-03,BRITO Eva,CRESPO Estela,DOM,CUB,3,1,"11,7,13,11|6,11,11,6",QuarterFinal,OTHER,WD,2565,Main Draw,CRESPO Estela (CUB),BRITO Eva (DOM),De ARMAS PEREZ Thalia (CUB),ORTIZ Yasiris (DOM),1 - 3,6:11 11:7 11:13 6:11,BRITO Eva,2022
2022 Caribbean Senior Championships,2022-03-03,RIOS Daniely,LOVET Idalys,PUR,CUB,3,0,"11,12,11|6,10,8",QuarterFinal,OTHER,WD,2565,Main Draw,RIOS Daniely (PUR),LOVET Idalys (CUB),DIAZ Fabiola (PUR),RODRIGUEZ Lizdainet (CUB),3 - 0,11:6 12:10 11:8,RIOS Daniely,2022
2022 Caribbean Senior Championships,2022-03-03,BURGOS Brianna,CASTRO Esmerlyn,PUR,DOM,3,1,"11,11,11,11|13,7,6,4",QuarterFinal,OTHER,WD,2565,Main Draw,BURGOS Brianna (PUR),CASTRO Esmerlyn (DOM),MELENDEZ Kristal (PUR),MUNOZ Shary (DOM),3 - 1,11:13 11:7 11:6 11:4,BURGOS Brianna,2022
2022 Caribbean Senior Championships,2022-03-03,FONSECA Daniela,CHUNG Rheann,CUB,TTO,3,0,"11,11,11|4,9,8",QuarterFinal,OTHER,WD,2565,Main Draw,CHUNG Rheann (TTO),FONSECA Daniela (CUB),FRASER Chloe (TTO),PEREZ GONZALEZ Karla (CUB),0 - 3,4:11 9:11 8:11,FONSECA Daniela,2022
2022 Caribbean Senior Championships,2022-03-03,BIRRIEL Oscar,GOMEZ ROJAS Eday,PUR,CUB,3,2,"11,11,8,10,11|9,8,11,12,8",QuarterFinal,OTHER,MD,2565,Main Draw,GOMEZ ROJAS Eday (CUB),BIRRIEL Oscar (PUR),PEREZ Adrian (CUB),PIETRI Richard (PUR),2 - 3,9:11 8:11 11:8 12:10 8:11,BIRRIEL Oscar,2022
2022 Caribbean Senior Championships,2022-03-03,CAMPOS Jorge,DOUGLAS Derron,CUB,TTO,3,0,"11,11,11|4,8,6",QuarterFinal,OTHER,MD,2565,Main Draw,CAMPOS Jorge (CUB),DOUGLAS Derron (TTO),MARTINEZ Livan (CUB),WILSON Aaron (TTO),3 - 0,11:4 11:8 11:6,CAMPOS Jorge,2022
2022 Caribbean Senior Championships,2022-03-03,GONZALEZ Daniel,PHILLIPS Mark,PUR,JAM,3,0,"11,12,11|1,10,9",QuarterFinal,OTHER,MD,2565,Main Draw,GONZALEZ Daniel (PUR),PHILLIPS Mark (JAM),NARANJO Angel (PUR),WATSON Kane (JAM),3 - 0,11:1 12:10 11:9,GONZALEZ Daniel,2022
2022 Caribbean Senior Championships,2022-03-03,GALVEZ Samuel,MAXWELL Ramon,DOM,BAR,3,1,"11,12,9,11|4,10,11,6",QuarterFinal,OTHER,MD,2565,Main Draw,GALVEZ Samuel (DOM),MAXWELL Ramon (BAR),VILA Isaac (DOM),KNIGHT Tyrese (BAR),3 - 1,11:4 12:10 9:11 11:6,GALVEZ Samuel,2022
2022 Caribbean Senior Championships,2022-03-03,CASTRO Esmerlyn,MELENDEZ Kristal,DOM,PUR,4,2,"11,6,11,3,13,11|9,11,9,11,11,7",R16,OTHER,WS,2565,Main Draw,CASTRO Esmerlyn (DOM),MELENDEZ Kristal (PUR),,,4 - 2,11:9 6:11 11:9 3:11 13:11 11:7,CASTRO Esmerlyn,2022
2022 Caribbean Senior Championships,2022-03-03,ORTIZ Yasiris,RODRIGUEZ Lizdainet,DOM,CUB,4,2,"7,2,11,11,11,11|11,11,7,4,9,3",R16,OTHER,WS,2565,Main Draw,RODRIGUEZ Lizdainet (CUB),ORTIZ Yasiris (DOM),,,2 - 4,11:7 11:2 7:11 4:11 9:11 3:11,ORTIZ Yasiris,2022
2022 Caribbean Senior Championships,2022-03-03,FONSECA Daniela,MUNOZ Shary,CUB,DOM,4,0,"11,11,11,12|6,5,5,10",R16,OTHER,WS,2565,Main Draw,MUNOZ Shary (DOM),FONSECA Daniela (CUB),,,0 - 4,6:11 5:11 5:11 10:12,FONSECA Daniela,2022
2022 Caribbean Senior Championships,2022-03-03,PEREZ GONZALEZ Karla,DIAZ Fabiola,CUB,PUR,4,1,"12,11,11,11,11|14,6,9,8,8",R16,OTHER,WS,2565,Main Draw,DIAZ Fabiola (PUR),PEREZ GONZALEZ Karla (CUB),,,1 - 4,14:12 6:11 9:11 8:11 8:11,PEREZ GONZALEZ Karla,2022
2022 Caribbean Senior Championships,2022-03-03,BURGOS Brianna,YOUNG Solesha,PUR,JAM,4,0,"11,11,11,11|7,3,5,5",R16,OTHER,WS,2565,Main Draw,BURGOS Brianna (PUR),YOUNG Solesha (JAM),,,4 - 0,11:7 11:3 11:5 11:5,BURGOS Brianna,2022
2022 Caribbean Senior Championships,2022-03-03,LOVET Idalys,HARVEY Krystle,CUB,BAR,4,0,"11,11,11,11|8,3,5,7",R16,OTHER,WS,2565,Main Draw,LOVET Idalys (CUB),HARVEY Krystle (BAR),,,4 - 0,11:8 11:3 11:5 11:7,LOVET Idalys,2022
2022 Caribbean Senior Championships,2022-03-03,GONZALEZ Daniel,TEJADA Abit,PUR,DOM,4,2,"11,9,9,11,11,11|7,11,11,4,5,9",R16,OTHER,MS,2565,Main Draw,GONZALEZ Daniel (PUR),TEJADA Abit (DOM),,,4 - 2,11:7 9:11 9:11 11:4 11:5 11:9,GONZALEZ Daniel,2022
2022 Caribbean Senior Championships,2022-03-03,PIETRI Richard,KNIGHT Tyrese,PUR,BAR,4,2,"11,11,11,2,7,11|9,4,6,11,11,8",R16,OTHER,MS,2565,Main Draw,PIETRI Richard (PUR),KNIGHT Tyrese (BAR),,,4 - 2,11:9 11:4 11:6 2:11 7:11 11:8,PIETRI Richard,2022
2022 Caribbean Senior Championships,2022-03-03,PEREZ Adrian,FRANKLIN Christopher,CUB,GUY,4,1,"11,9,11,11,11|1,11,4,0,0",R16,OTHER,MS,2565,Main Draw,FRANKLIN Christopher (GUY),PEREZ Adrian (CUB),,,1 - 4,1:11 11:9 4:11 0:11 0:11,PEREZ Adrian,2022
2022 Caribbean Senior Championships,2022-03-03,CAMPOS Jorge,VILA Isaac,CUB,DOM,4,0,"11,11,11,12|6,2,8,10",R16,OTHER,MS,2565,Main Draw,VILA Isaac (DOM),CAMPOS Jorge (CUB),,,0 - 4,6:11 2:11 8:11 10:12,CAMPOS Jorge,2022
2022 Caribbean Senior Championships,2022-03-03,NARANJO Angel,GALVEZ Samuel,PUR,DOM,4,2,"11,11,8,11,7,11|2,9,11,9,11,6",R16,OTHER,MS,2565,Main Draw,NARANJO Angel (PUR),GALVEZ Samuel (DOM),,,4 - 2,11:2 11:9 8:11 11:9 7:11 11:6,NARANJO Angel,2022
2022 Caribbean Senior Championships,2022-03-03,MARTINEZ Livan,WATSON Kane,CUB,JAM,4,0,"11,11,11,12|5,1,7,10",R16,OTHER,MS,2565,Main Draw,MARTINEZ Livan (CUB),WATSON Kane (JAM),,,4 - 0,11:5 11:1 11:7 12:10,MARTINEZ Livan,2022
2022 Caribbean Senior Championships,2022-03-03,VILA Isaac,MENDEZ Rene,DOM,CUB,3,2,"4,11,6,11,11|11,5,11,9,6",SemiFinal,OTHER,XD,2565,Main Draw,VILA Isaac (DOM),MENDEZ Rene (CUB),CASTRO Esmerlyn (DOM),RODRIGUEZ Lizdainet (CUB),3 - 2,4:11 11:5 6:11 11:9 11:6,VILA Isaac,2022
2022 Caribbean Senior Championships,2022-03-03,CAMPOS Jorge,MARTINEZ Livan,CUB,CUB,3,1,"12,11,11,11|10,13,7,5",SemiFinal,OTHER,XD,2565,Main Draw,MARTINEZ Livan (CUB),CAMPOS Jorge (CUB),LOVET Idalys (CUB),FONSECA Daniela (CUB),1 - 3,10:12 13:11 7:11 5:11,CAMPOS Jorge,2022
2022 Caribbean Senior Championships,2022-03-03,RIOS Daniely,BRITO Eva,PUR,DOM,3,1,"11,10,11,11|6,12,6,8",SemiFinal,OTHER,WD,2565,Main Draw,RIOS Daniely (PUR),BRITO Eva (DOM),DIAZ Fabiola (PUR),ORTIZ Yasiris (DOM),3 - 1,11:6 10:12 11:6 11:8,RIOS Daniely,2022
2022 Caribbean Senior Championships,2022-03-03,BIRRIEL Oscar,GALVEZ Samuel,PUR,DOM,3,0,"11,11,11|7,9,7",SemiFinal,OTHER,MD,2565,Main Draw,BIRRIEL Oscar (PUR),GALVEZ Samuel (DOM),PIETRI Richard (PUR),VILA Isaac (DOM),3 - 0,11:7 11:9 11:7,BIRRIEL Oscar,2022
2022 Caribbean Senior Championships,2022-03-03,CAMPOS Jorge,GONZALEZ Daniel,CUB,PUR,3,0,"0,0,0|0,0,0",SemiFinal,OTHER,MD,2565,Main Draw,GONZALEZ Daniel (PUR),CAMPOS Jorge (CUB),NARANJO Angel (PUR),MARTINEZ Livan (CUB),0 - 3,0:0 0:0 0:0,CAMPOS Jorge,2022
2022 Caribbean Senior Championships,2022-03-03,RIOS Daniely,ORTIZ Yasiris,PUR,DOM,4,1,"11,4,11,11,11|3,11,5,8,8",QuarterFinal,OTHER,WS,2565,Main Draw,RIOS Daniely (PUR),ORTIZ Yasiris (DOM),,,4 - 1,11:3 4:11 11:5 11:8 11:8,RIOS Daniely,2022
2022 Caribbean Senior Championships,2022-03-03,LOVET Idalys,BURGOS Brianna,CUB,PUR,4,1,"11,6,11,11,11|3,11,5,8,6",QuarterFinal,OTHER,WS,2565,Main Draw,LOVET Idalys (CUB),BURGOS Brianna (PUR),,,4 - 1,11:3 6:11 11:5 11:8 11:6,LOVET Idalys,2022
2022 Caribbean Senior Championships,2022-03-03,NARANJO Angel,MARTINEZ Livan,PUR,CUB,4,1,"12,11,9,11,11|10,8,11,7,4",QuarterFinal,OTHER,MS,2565,Main Draw,MARTINEZ Livan (CUB),NARANJO Angel (PUR),,,1 - 4,10:12 8:11 11:9 7:11 4:11,NARANJO Angel,2022
2022 Caribbean Senior Championships,2022-03-03,PEREZ Adrian,PIETRI Richard,CUB,PUR,4,0,"11,11,12,11|6,6,10,8",QuarterFinal,OTHER,MS,2565,Main Draw,PIETRI Richard (PUR),PEREZ Adrian (CUB),,,0 - 4,6:11 6:11 10:12 8:11,PEREZ Adrian,2022
2022 Caribbean Senior Championships,2022-03-03,GONZALEZ Daniel,BRITTON Shemar,PUR,GUY,4,0,"11,13,11,11|5,11,7,6",QuarterFinal,OTHER,MS,2565,Main Draw,GONZALEZ Daniel (PUR),BRITTON Shemar (GUY),,,4 - 0,11:5 13:11 11:7 11:6,GONZALEZ Daniel,2022
2022 Caribbean Senior Championships,2022-03-03,CAMPOS Jorge,BIRRIEL Oscar,CUB,PUR,4,1,"11,11,11,8,11|2,3,6,11,4",QuarterFinal,OTHER,MS,2565,Main Draw,BIRRIEL Oscar (PUR),CAMPOS Jorge (CUB),,,1 - 4,2:11 3:11 6:11 11:8 4:11,CAMPOS Jorge,2022
2022 Caribbean Senior Championships,2022-03-03,LOVET Idalys,BRITO Eva,CUB,DOM,4,3,"9,5,7,11,11,11,11|11,11,11,6,6,4,7",SemiFinal,OTHER,WS,2565,Main Draw,LOVET Idalys (CUB),BRITO Eva (DOM),,,4 - 3,9:11 5:11 7:11 11:6 11:6 11:4 11:7,LOVET Idalys,2022
2022 Caribbean Senior Championships,2022-03-03,FONSECA Daniela,RIOS Daniely,CUB,PUR,4,2,"8,13,13,9,11,11|11,11,11,11,8,4",SemiFinal,OTHER,WS,2565,Main Draw,RIOS Daniely (PUR),FONSECA Daniela (CUB),,,2 - 4,11:8 11:13 11:13 11:9 8:11 4:11,FONSECA Daniela,2022
2022 Caribbean Senior Championships,2022-03-03,GONZALEZ Daniel,PEREZ Adrian,PUR,CUB,4,1,"11,11,9,11,13|8,9,11,4,11",SemiFinal,OTHER,MS,2565,Main Draw,GONZALEZ Daniel (PUR),PEREZ Adrian (CUB),,,4 - 1,11:8 11:9 9:11 11:4 13:11,GONZALEZ Daniel,2022
2022 Caribbean Senior Championships,2022-03-03,LOVET Idalys,FONSECA Daniela,CUB,CUB,4,2,"11,11,10,11,4,13|5,7,12,8,11,11",Final,OTHER,WS,2565,Main Draw,FONSECA Daniela (CUB),LOVET Idalys (CUB),,,2 - 4,5:11 7:11 12:10 8:11 11:4 11:13,LOVET Idalys,2022
Europe Top-16 Cup 2022,2022-02-26,HAN Ying,SAMARA Elizabeta,GER,ROU,4,3,"9,11,10,12,9,11,11|11,9,12,10,11,4,8",QuarterFinal,OTHER,WS,2563,Main Draw,SAMARA Elizabeta (ROU),HAN Ying (GER),,,3 - 4,11:9 9:11 12:10 10:12 11:9 4:11 8:11,HAN Ying,2022
Europe Top-16 Cup 2022,2022-02-26,MIKHAILOVA Polina,MITTELHAM Nina,RTT,GER,4,2,"11,9,4,11,11,11|7,11,11,8,7,8",QuarterFinal,OTHER,WS,2563,Main Draw,MIKHAILOVA Polina (RTT),MITTELHAM Nina (GER),,,4 - 2,11:7 9:11 4:11 11:8 11:7 11:8,MIKHAILOVA Polina,2022
Europe Top-16 Cup 2022,2022-02-26,POLCANOVA Sofia,NI Xia Lian,AUT,LUX,4,3,"13,11,14,10,1,5,11|11,2,12,12,11,11,7",QuarterFinal,OTHER,WS,2563,Main Draw,POLCANOVA Sofia (AUT),NI Xia Lian (LUX),,,4 - 3,13:11 11:2 14:12 10:12 1:11 5:11 11:7,POLCANOVA Sofia,2022
Europe Top-16 Cup 2022,2022-02-26,SZOCS Bernadette,EERLAND Britt,ROU,NED,4,2,"9,6,11,11,11,12|11,11,8,8,8,10",QuarterFinal,OTHER,WS,2563,Main Draw,SZOCS Bernadette (ROU),EERLAND Britt (NED),,,4 - 2,9:11 6:11 11:8 11:8 11:8 12:10,SZOCS Bernadette,2022
Europe Top-16 Cup 2022,2022-02-26,HAN Ying,VARADY Barbora,GER,SVK,4,2,"11,7,11,8,11,11|2,11,8,11,8,8",R16,OTHER,WS,2563,Main Draw,VARADY Barbora (SVK),HAN Ying (GER),,,2 - 4,2:11 11:7 8:11 11:8 8:11 8:11,HAN Ying,2022
Europe Top-16 Cup 2022,2022-02-26,SAMARA Elizabeta,YU Fu,ROU,POR,4,1,"11,12,11,11,11|13,10,9,8,5",R16,OTHER,WS,2563,Main Draw,SAMARA Elizabeta (ROU),YU Fu (POR),,,4 - 1,11:13 12:10 11:9 11:8 11:5,SAMARA Elizabeta,2022
Europe Top-16 Cup 2022,2022-02-26,MIKHAILOVA Polina,MATELOVA Hana,RTT,CZE,4,1,"3,11,11,12,11|11,6,8,10,3",R16,OTHER,WS,2563,Main Draw,MATELOVA Hana (CZE),MIKHAILOVA Polina (RTT),,,1 - 4,11:3 6:11 8:11 10:12 3:11,MIKHAILOVA Polina,2022
Europe Top-16 Cup 2022,2022-02-26,MITTELHAM Nina,MORET Rachel,GER,SUI,4,1,"8,11,11,11,11|11,5,7,7,8",R16,OTHER,WS,2563,Main Draw,MORET Rachel (SUI),MITTELHAM Nina (GER),,,1 - 4,11:8 5:11 7:11 7:11 8:11,MITTELHAM Nina,2022
Europe Top-16 Cup 2022,2022-02-26,NI Xia Lian,NOSKOVA Yana,LUX,RTT,4,0,"11,11,18,11|3,7,16,9",R16,OTHER,WS,2563,Main Draw,NOSKOVA Yana (RTT),NI Xia Lian (LUX),,,0 - 4,3:11 7:11 16:18 9:11,NI Xia Lian,2022
Europe Top-16 Cup 2022,2022-02-26,POLCANOVA Sofia,POTA Georgina,AUT,HUN,4,1,"4,11,11,11,11|11,5,7,9,9",R16,OTHER,WS,2563,Main Draw,POLCANOVA Sofia (AUT),POTA Georgina (HUN),,,4 - 1,4:11 11:5 11:7 11:9 11:9,POLCANOVA Sofia,2022
Europe Top-16 Cup 2022,2022-02-26,SZOCS Bernadette,SHAO Jieni,ROU,POR,4,2,"9,11,12,12,11,11|11,6,10,14,7,9",R16,OTHER,WS,2563,Main Draw,SZOCS Bernadette (ROU),SHAO Jieni (POR),,,4 - 2,9:11 11:6 12:10 12:14 11:7 11:9,SZOCS Bernadette,2022
Europe Top-16 Cup 2022,2022-02-26,EERLAND Britt,MADARASZ Dora,NED,HUN,4,1,"4,11,12,11,11|11,8,10,4,8",R16,OTHER,WS,2563,Main Draw,MADARASZ Dora (HUN),EERLAND Britt (NED),,,1 - 4,11:4 8:11 10:12 4:11 8:11,EERLAND Britt,2022
Europe Top-16 Cup 2022,2022-02-26,JORGIC Darko,MOREGARD Truls,SLO,SWE,4,3,"8,5,11,10,11,12,12|11,11,9,12,1,10,10",Final,OTHER,MS,2563,Main Draw,MOREGARD Truls (SWE),JORGIC Darko (SLO),,,3 - 4,11:8 11:5 9:11 12:10 1:11 10:12 10:12,JORGIC Darko,2022
Europe Top-16 Cup 2022,2022-02-26,JORGIC Darko,FRANZISKA Patrick,SLO,GER,4,1,"13,11,11,11,11|11,9,13,6,9",SemiFinal,OTHER,MS,2563,Main Draw,JORGIC Darko (SLO),FRANZISKA Patrick (GER),,,4 - 1,13:11 11:9 11:13 11:6 11:9,JORGIC Darko,2022
Europe Top-16 Cup 2022,2022-02-26,MOREGARD Truls,BOLL Timo,SWE,GER,4,1,"11,11,14,7,11|7,8,12,11,6",SemiFinal,OTHER,MS,2563,Main Draw,BOLL Timo (GER),MOREGARD Truls (SWE),,,1 - 4,7:11 8:11 12:14 11:7 6:11,MOREGARD Truls,2022
Europe Top-16 Cup 2022,2022-02-26,BOLL Timo,WANG Yang,GER,SVK,4,1,"11,11,9,11,12|6,8,11,6,10",QuarterFinal,OTHER,MS,2563,Main Draw,BOLL Timo (GER),WANG Yang (SVK),,,4 - 1,11:6 11:8 9:11 11:6 12:10,BOLL Timo,2022
Europe Top-16 Cup 2022,2022-02-26,JORGIC Darko,HABESOHN Daniel,SLO,AUT,4,2,"11,11,11,6,7,13|8,9,6,11,11,11",QuarterFinal,OTHER,MS,2563,Main Draw,JORGIC Darko (SLO),HABESOHN Daniel (AUT),,,4 - 2,11:8 11:9 11:6 6:11 7:11 13:11,JORGIC Darko,2022
Europe Top-16 Cup 2022,2022-02-26,MOREGARD Truls,KARLSSON Kristian,SWE,SWE,4,3,"13,8,11,11,9,8,11|11,11,4,9,11,11,8",QuarterFinal,OTHER,MS,2563,Main Draw,KARLSSON Kristian (SWE),MOREGARD Truls (SWE),,,3 - 4,11:13 11:8 4:11 9:11 11:9 11:8 8:11,MOREGARD Truls,2022
Europe Top-16 Cup 2022,2022-02-26,FRANZISKA Patrick,GIONIS Panagiotis,GER,GRE,4,1,"11,11,11,11,11|6,13,7,7,9",QuarterFinal,OTHER,MS,2563,Main Draw,GIONIS Panagiotis (GRE),FRANZISKA Patrick (GER),,,1 - 4,6:11 13:11 7:11 7:11 9:11,FRANZISKA Patrick,2022
Europe Top-16 Cup 2022,2022-02-26,WANG Yang,GACINA Andrej,SVK,CRO,4,2,"10,12,11,11,11,11|12,10,7,6,13,7",R16,OTHER,MS,2563,Main Draw,GACINA Andrej (CRO),WANG Yang (SVK),,,2 - 4,12:10 10:12 7:11 6:11 13:11 7:11,WANG Yang,2022
Europe Top-16 Cup 2022,2022-02-26,BOLL Timo,MOULLET Barish,GER,SUI,4,0,"11,11,11,11|7,4,6,4",R16,OTHER,MS,2563,Main Draw,BOLL Timo (GER),MOULLET Barish (SUI),,,4 - 0,11:7 11:4 11:6 11:4,BOLL Timo,2022
Europe Top-16 Cup 2022,2022-02-26,JORGIC Darko,GROTH Jonathan,SLO,DEN,4,0,"11,11,11,11|5,5,7,2",R16,OTHER,MS,2563,Main Draw,JORGIC Darko (SLO),GROTH Jonathan (DEN),,,4 - 0,11:5 11:5 11:7 11:2,JORGIC Darko,2022
Europe Top-16 Cup 2022,2022-02-26,HABESOHN Daniel,GAUZY Simon,AUT,FRA,4,0,"11,11,11,11|2,5,9,8",R16,OTHER,MS,2563,Main Draw,HABESOHN Daniel (AUT),GAUZY Simon (FRA),,,4 - 0,11:2 11:5 11:9 11:8,HABESOHN Daniel,2022
Europe Top-16 Cup 2022,2022-02-26,MOREGARD Truls,LEBESSON Emmanuel,SWE,FRA,4,1,"10,11,11,12,11|12,7,7,10,6",R16,OTHER,MS,2563,Main Draw,LEBESSON Emmanuel (FRA),MOREGARD Truls (SWE),,,1 - 4,12:10 7:11 7:11 10:12 6:11,MOREGARD Truls,2022
Europe Top-16 Cup 2022,2022-02-26,KARLSSON Kristian,SKACHKOV Kirill,SWE,RTT,4,0,"11,11,11,11|7,7,5,9",R16,OTHER,MS,2563,Main Draw,KARLSSON Kristian (SWE),SKACHKOV Kirill (RTT),,,4 - 0,11:7 11:7 11:5 11:9,KARLSSON Kristian,2022
Europe Top-16 Cup 2022,2022-02-26,FRANZISKA Patrick,PUCAR Tomislav,GER,CRO,4,0,"13,11,11,11|11,9,4,6",R16,OTHER,MS,2563,Main Draw,PUCAR Tomislav (CRO),FRANZISKA Patrick (GER),,,0 - 4,11:13 9:11 4:11 6:11,FRANZISKA Patrick,2022
Europe Top-16 Cup 2022,2022-02-26,GIONIS Panagiotis,GARDOS Robert,GRE,AUT,4,2,"11,9,13,13,8,11|4,11,11,11,11,7",R16,OTHER,MS,2563,Main Draw,GARDOS Robert (AUT),GIONIS Panagiotis (GRE),,,2 - 4,4:11 11:9 11:13 11:13 11:8 7:11,GIONIS Panagiotis,2022
Europe Top-16 Cup 2022,2022-02-26,MIKHAILOVA Polina,POLCANOVA Sofia,RTT,AUT,4,2,"9,11,11,11,11,11|11,9,13,7,7,4",SemiFinal,OTHER,WS,2563,Main Draw,POLCANOVA Sofia (AUT),MIKHAILOVA Polina (RTT),,,2 - 4,11:9 9:11 13:11 7:11 7:11 4:11,MIKHAILOVA Polina,2022
Europe Top-16 Cup 2022,2022-02-26,HAN Ying,SZOCS Bernadette,GER,ROU,4,0,"11,11,11,11|5,5,2,6",SemiFinal,OTHER,WS,2563,Main Draw,SZOCS Bernadette (ROU),HAN Ying (GER),,,0 - 4,5:11 5:11 2:11 6:11,HAN Ying,2022
Europe Top-16 Cup 2022,2022-02-26,HAN Ying,MIKHAILOVA Polina,GER,RTT,4,0,"11,14,13,11|8,12,11,7",Final,OTHER,WS,2563,Main Draw,MIKHAILOVA Polina (RTT),HAN Ying (GER),,,0 - 4,8:11 12:14 11:13 7:11,HAN Ying,2022
