tournament,date,player_a,player_b,country_a,country_b,score_a,score_b,game_scores,round,tier,sub_event,event_id,stage,player_a_raw,player_b_raw,player_x_raw,player_y_raw,result_raw,games_raw,winner_raw,year_raw
Women's World Cup Guangzhou 2005,2005-12-13,ZHANG Yining,GUO Yue,CHN,CHN,4,2,"9,7,11,11,11,13|11,11,8,6,8,11",QuarterFinal,WORLD_CUP,WS,1761,Main Draw,ZHANG Yining (CHN),GUO Yue (CHN),,,4 - 2,9:11 7:11 11:8 11:6 11:8 13:11,ZHANG Yining,2005
Women's World Cup Guangzhou 2005,2005-12-13,TIE Yana,LIN Ling,HKG,HKG,4,3,"11,11,6,6,11,8,11|8,6,11,11,9,11,9",QuarterFinal,WORLD_CUP,WS,1761,Main Draw,TIE Yana (HKG),LIN Ling (HKG),,,3 - 4,8:11 6:11 11:6 11:6 9:11 11:8 9:11,TIE Yana,2005
Women's World Cup Guangzhou 2005,2005-12-13,FUKUHARA Ai,GAO Jun,JPN,USA,4,2,"13,10,7,11,11,11|11,12,11,6,8,7",QuarterFinal,WORLD_CUP,WS,1761,Main Draw,FUKUHARA Ai (JPN),GAO Jun (USA),,,4 - 2,13:11 10:12 7:11 11:6 11:8 11:7,FUKUHARA Ai,2005
Women's World Cup Guangzhou 2005,2005-12-13,GUO Yan (1982),BOROS Tamara,CHN,CRO,4,1,"11,11,11,7,13|7,6,8,11,11",QuarterFinal,WORLD_CUP,WS,1761,Main Draw,GUO Yan (1982) (CHN),BOROS Tamara (CRO),,,4 - 1,11:7 11:6 11:8 7:11 13:11,GUO Yan (1982),2005
Women's World Cup Guangzhou 2005,2005-12-13,ZHANG Yining,TIE Yana,CHN,HKG,4,0,"11,11,11,11|8,9,5,9",SemiFinal,WORLD_CUP,WS,1761,Main Draw,ZHANG Yining (CHN),TIE Yana (HKG),,,4 - 0,11:8 11:9 11:5 11:9,ZHANG Yining,2005
Women's World Cup Guangzhou 2005,2005-12-13,GUO Yan (1982),FUKUHARA Ai,CHN,JPN,4,3,"6,11,7,12,9,11,11|11,3,11,10,11,2,6",SemiFinal,WORLD_CUP,WS,1761,Main Draw,GUO Yan (1982) (CHN),FUKUHARA Ai (JPN),,,3 - 4,11:6 3:11 11:7 10:12 11:9 2:11 6:11,GUO Yan (1982),2005
Women's World Cup Guangzhou 2005,2005-12-13,FUKUHARA Ai,TIE Yana,JPN,HKG,4,1,"11,11,3,11,11|6,6,11,6,8",2,WORLD_CUP,WS,1761,Position Draw,FUKUHARA Ai (JPN),TIE Yana (HKG),,,1 - 4,6:11 6:11 11:3 6:11 8:11,FUKUHARA Ai,2005
Women's World Cup Guangzhou 2005,2005-12-13,ZHANG Yining,GAO Jun,CHN,USA,4,3,"7,5,11,11,5,11,11|11,11,3,3,11,8,7",,WORLD_CUP,WS,1761,Qualification,ZHANG Yining (CHN),GAO Jun (USA),,,4 - 3,7:11 5:11 11:3 11:3 5:11 11:8 11:7,ZHANG Yining,2005
Women's World Cup Guangzhou 2005,2005-12-13,KIM Kyungah,FOMUM Victorine Agum,KOR,CMR,4,0,"11,11,11,11|3,3,1,2",QR2,WORLD_CUP,WS,1761,Qualification,KIM Kyungah (KOR),FOMUM Victorine Agum (CMR),,,0 - 4,3:11 3:11 1:11 2:11,KIM Kyungah,2005
Women's World Cup Guangzhou 2005,2005-12-13,ZHANG Yining,KIM Kyungah,CHN,KOR,4,0,"11,11,11,11|5,6,9,9",3,WORLD_CUP,WS,1761,Qualification,ZHANG Yining (CHN),KIM Kyungah (KOR),,,4 - 0,11:5 11:6 11:9 11:9,ZHANG Yining,2005
Women's World Cup Guangzhou 2005,2005-12-13,GAO Jun,FOMUM Victorine Agum,USA,CMR,4,0,"11,11,11,11|2,4,5,5",QR4,WORLD_CUP,WS,1761,Qualification,GAO Jun (USA),FOMUM Victorine Agum (CMR),,,4 - 0,11:2 11:4 11:5 11:5,GAO Jun,2005
Women's World Cup Guangzhou 2005,2005-12-13,ZHANG Yining,FOMUM Victorine Agum,CHN,CMR,4,0,"11,11,11,11|3,4,2,3",5,WORLD_CUP,WS,1761,Qualification,ZHANG Yining (CHN),FOMUM Victorine Agum (CMR),,,4 - 0,11:3 11:4 11:2 11:3,ZHANG Yining,2005
Women's World Cup Guangzhou 2005,2005-12-13,GAO Jun,KIM Kyungah,USA,KOR,4,1,"11,11,10,11,11|8,4,12,6,7",6,WORLD_CUP,WS,1761,Qualification,GAO Jun (USA),KIM Kyungah (KOR),,,1 - 4,8:11 4:11 12:10 6:11 7:11,GAO Jun,2005
Women's World Cup Guangzhou 2005,2005-12-13,GUO Yue,PAVLOVICH Viktoria,CHN,BLR,4,0,"11,11,11,11|5,4,2,4",,WORLD_CUP,WS,1761,Qualification,GUO Yue (CHN),PAVLOVICH Viktoria (BLR),,,4 - 0,11:5 11:4 11:2 11:4,GUO Yue,2005
Women's World Cup Guangzhou 2005,2005-12-13,BOROS Tamara,LIAN Qian,CRO,DOM,4,2,"8,11,11,11,3,11|11,2,7,4,11,9",QR2,WORLD_CUP,WS,1761,Qualification,BOROS Tamara (CRO),LIAN Qian (DOM),,,2 - 4,11:8 2:11 7:11 4:11 11:3 9:11,BOROS Tamara,2005
Women's World Cup Guangzhou 2005,2005-12-13,BOROS Tamara,GUO Yue,CRO,CHN,4,3,"10,11,11,11,5,12,16|12,7,6,13,11,10,14",3,WORLD_CUP,WS,1761,Qualification,BOROS Tamara (CRO),GUO Yue (CHN),,,3 - 4,12:10 7:11 6:11 13:11 11:5 10:12 14:16,BOROS Tamara,2005
Women's World Cup Guangzhou 2005,2005-12-13,PAVLOVICH Viktoria,LIAN Qian,BLR,DOM,4,2,"11,12,2,12,11,11|6,14,11,10,8,6",QR4,WORLD_CUP,WS,1761,Qualification,PAVLOVICH Viktoria (BLR),LIAN Qian (DOM),,,4 - 2,11:6 12:14 2:11 12:10 11:8 11:6,PAVLOVICH Viktoria,2005
Women's World Cup Guangzhou 2005,2005-12-13,GUO Yue,LIAN Qian,CHN,DOM,4,0,"11,11,11,11|6,6,4,8",5,WORLD_CUP,WS,1761,Qualification,GUO Yue (CHN),LIAN Qian (DOM),,,4 - 0,11:6 11:6 11:4 11:8,GUO Yue,2005
Women's World Cup Guangzhou 2005,2005-12-13,BOROS Tamara,PAVLOVICH Viktoria,CRO,BLR,4,0,"11,11,12,11|5,4,10,3",6,WORLD_CUP,WS,1761,Qualification,BOROS Tamara (CRO),PAVLOVICH Viktoria (BLR),,,4 - 0,11:5 11:4 12:10 11:3,BOROS Tamara,2005
Women's World Cup Guangzhou 2005,2005-12-13,LI Jiawei,LAU Sui Fei,SGP,HKG,4,0,"11,11,11,11|9,7,9,7",,WORLD_CUP,WS,1761,Qualification,LI Jiawei (SGP),LAU Sui Fei (HKG),,,4 - 0,11:9 11:7 11:9 11:7,LI Jiawei,2005
Women's World Cup Guangzhou 2005,2005-12-13,FUKUHARA Ai,LIN Ling,JPN,HKG,4,0,"12,11,11,11|10,6,9,7",QR2,WORLD_CUP,WS,1761,Qualification,FUKUHARA Ai (JPN),LIN Ling (HKG),,,4 - 0,12:10 11:6 11:9 11:7,FUKUHARA Ai,2005
Women's World Cup Guangzhou 2005,2005-12-13,LIN Ling,LI Jiawei,HKG,SGP,4,1,"11,4,11,12,11|7,11,7,10,6",3,WORLD_CUP,WS,1761,Qualification,LIN Ling (HKG),LI Jiawei (SGP),,,1 - 4,7:11 11:4 7:11 10:12 6:11,LIN Ling,2005
Women's World Cup Guangzhou 2005,2005-12-13,FUKUHARA Ai,LAU Sui Fei,JPN,HKG,4,1,"11,11,11,10,12|7,5,8,12,10",QR4,WORLD_CUP,WS,1761,Qualification,FUKUHARA Ai (JPN),LAU Sui Fei (HKG),,,1 - 4,7:11 5:11 8:11 12:10 10:12,FUKUHARA Ai,2005
Women's World Cup Guangzhou 2005,2005-12-13,FUKUHARA Ai,LI Jiawei,JPN,SGP,4,1,"11,11,14,6,12|4,3,12,11,10",5,WORLD_CUP,WS,1761,Qualification,FUKUHARA Ai (JPN),LI Jiawei (SGP),,,1 - 4,4:11 3:11 12:14 11:6 10:12,FUKUHARA Ai,2005
Women's World Cup Guangzhou 2005,2005-12-13,LIN Ling,LAU Sui Fei,HKG,HKG,4,0,"11,12,12,11|6,10,10,5",6,WORLD_CUP,WS,1761,Qualification,LIN Ling (HKG),LAU Sui Fei (HKG),,,4 - 0,11:6 12:10 12:10 11:5,LIN Ling,2005
Women's World Cup Guangzhou 2005,2005-12-13,GUO Yan (1982),LIU Jia,CHN,AUT,4,2,"11,13,11,10,9,11|8,11,7,12,11,8",,WORLD_CUP,WS,1761,Qualification,GUO Yan (1982) (CHN),LIU Jia (AUT),,,4 - 2,11:8 13:11 11:7 10:12 9:11 11:8,GUO Yan (1982),2005
Women's World Cup Guangzhou 2005,2005-12-13,TIE Yana,LAY Jian Fang,HKG,AUS,4,2,"9,14,11,11,11,11|11,16,6,7,3,9",QR2,WORLD_CUP,WS,1761,Qualification,TIE Yana (HKG),LAY Jian Fang (AUS),,,2 - 4,11:9 16:14 6:11 7:11 3:11 9:11,TIE Yana,2005
Women's World Cup Guangzhou 2005,2005-12-13,TIE Yana,GUO Yan (1982),HKG,CHN,4,2,"2,12,12,7,11,11|11,10,10,11,8,9",3,WORLD_CUP,WS,1761,Qualification,TIE Yana (HKG),GUO Yan (1982) (CHN),,,2 - 4,11:2 10:12 10:12 11:7 8:11 9:11,TIE Yana,2005
Women's World Cup Guangzhou 2005,2005-12-13,LIU Jia,LAY Jian Fang,AUT,AUS,4,0,"11,11,11,11|3,8,7,7",QR4,WORLD_CUP,WS,1761,Qualification,LIU Jia (AUT),LAY Jian Fang (AUS),,,4 - 0,11:3 11:8 11:7 11:7,LIU Jia,2005
Women's World Cup Guangzhou 2005,2005-12-13,GUO Yan (1982),LAY Jian Fang,CHN,AUS,4,1,"8,11,11,11,11|11,3,9,5,3",5,WORLD_CUP,WS,1761,Qualification,GUO Yan (1982) (CHN),LAY Jian Fang (AUS),,,4 - 1,8:11 11:3 11:9 11:5 11:3,GUO Yan (1982),2005
Women's World Cup Guangzhou 2005,2005-12-13,TIE Yana,LIU Jia,HKG,AUT,4,2,"11,6,11,10,11,11|9,11,9,12,7,8",6,WORLD_CUP,WS,1761,Qualification,TIE Yana (HKG),LIU Jia (AUT),,,4 - 2,11:9 6:11 11:9 10:12 11:7 11:8,TIE Yana,2005
Women's World Cup Guangzhou 2005,2005-12-13,ZHANG Yining,GUO Yan (1982),CHN,CHN,4,0,"11,14,11,11|8,12,7,5",Final,WORLD_CUP,WS,1761,Main Draw,ZHANG Yining (CHN),GUO Yan (1982) (CHN),,,4 - 0,11:8 14:12 11:7 11:5,ZHANG Yining,2005
Pro Tour Grand Finals Fuzhou 2005,2005-12-09,SAIVE Jean-Michel,SAMSONOV Vladimir,BEL,BLR,4,3,"11,13,14,7,8,5,14|9,11,12,11,11,11,12",R16,GRAND_SLAM,MS,1760,Main Draw,SAIVE Jean-Michel (BEL),SAMSONOV Vladimir (BLR),,,3 - 4,9:11 11:13 12:14 11:7 11:8 11:5 12:14,SAIVE Jean-Michel,2005
Pro Tour Grand Finals Fuzhou 2005,2005-12-09,CRISAN Adrian,SCHLAGER Werner,ROU,AUT,4,3,"12,11,6,8,8,13,11|10,6,11,11,11,11,6",R16,GRAND_SLAM,MS,1760,Main Draw,CRISAN Adrian (ROU),SCHLAGER Werner (AUT),,,3 - 4,10:12 6:11 11:6 11:8 11:8 11:13 6:11,CRISAN Adrian,2005
Pro Tour Grand Finals Fuzhou 2005,2005-12-09,MA Long,FRANZ Peter,CHN,GER,4,1,"9,11,11,11,11|11,6,4,7,8",R16,GRAND_SLAM,MS,1760,Main Draw,MA Long (CHN),FRANZ Peter (GER),,,4 - 1,9:11 11:6 11:4 11:7 11:8,MA Long,2005
Pro Tour Grand Finals Fuzhou 2005,2005-12-09,OH Sangeun,CHILA Patrick,KOR,FRA,4,2,"6,12,8,11,11,11|11,10,11,6,6,1",R16,GRAND_SLAM,MS,1760,Main Draw,OH Sangeun (KOR),CHILA Patrick (FRA),,,2 - 4,11:6 10:12 11:8 6:11 6:11 1:11,OH Sangeun,2005
Pro Tour Grand Finals Fuzhou 2005,2005-12-09,KUZMIN Fedor,LEE Jungwoo,RUS,KOR,4,1,"11,11,5,11,11|5,6,11,5,8",R16,GRAND_SLAM,MS,1760,Main Draw,KUZMIN Fedor (RUS),LEE Jungwoo (KOR),,,1 - 4,5:11 6:11 11:5 5:11 8:11,KUZMIN Fedor,2005
Pro Tour Grand Finals Fuzhou 2005,2005-12-09,RYU Seungmin,LIM Jaehyun,KOR,KOR,4,1,"11,11,9,16,11|5,2,11,14,6",R16,GRAND_SLAM,MS,1760,Main Draw,RYU Seungmin (KOR),LIM Jaehyun (KOR),,,1 - 4,5:11 2:11 11:9 14:16 6:11,RYU Seungmin,2005
Pro Tour Grand Finals Fuzhou 2005,2005-12-09,KO Lai Chak,CHEN Weixing,HKG,AUT,4,1,"9,11,11,11,14|11,9,9,6,12",R16,GRAND_SLAM,MS,1760,Main Draw,KO Lai Chak (HKG),CHEN Weixing (AUT),,,1 - 4,11:9 9:11 9:11 6:11 12:14,KO Lai Chak,2005
Pro Tour Grand Finals Fuzhou 2005,2005-12-09,BOLL Timo,CHUANG Chih-Yuan,GER,TPE,4,3,"11,11,8,7,9,11,11|5,6,11,11,11,4,6",R16,GRAND_SLAM,MS,1760,Main Draw,BOLL Timo (GER),CHUANG Chih-Yuan (TPE),,,3 - 4,5:11 6:11 11:8 11:7 11:9 4:11 6:11,BOLL Timo,2005
Pro Tour Grand Finals Fuzhou 2005,2005-12-09,SAIVE Jean-Michel,CRISAN Adrian,BEL,ROU,4,0,"11,11,11,11|5,6,6,6",QuarterFinal,GRAND_SLAM,MS,1760,Main Draw,SAIVE Jean-Michel (BEL),CRISAN Adrian (ROU),,,4 - 0,11:5 11:6 11:6 11:6,SAIVE Jean-Michel,2005
Pro Tour Grand Finals Fuzhou 2005,2005-12-09,OH Sangeun,MA Long,KOR,CHN,4,1,"11,11,11,11,11|7,9,13,8,9",QuarterFinal,GRAND_SLAM,MS,1760,Main Draw,OH Sangeun (KOR),MA Long (CHN),,,1 - 4,7:11 9:11 13:11 8:11 9:11,OH Sangeun,2005
Pro Tour Grand Finals Fuzhou 2005,2005-12-09,RYU Seungmin,KUZMIN Fedor,KOR,RUS,4,0,"11,11,11,11|7,7,8,9",QuarterFinal,GRAND_SLAM,MS,1760,Main Draw,RYU Seungmin (KOR),KUZMIN Fedor (RUS),,,0 - 4,7:11 7:11 8:11 9:11,RYU Seungmin,2005
Pro Tour Grand Finals Fuzhou 2005,2005-12-09,BOLL Timo,KO Lai Chak,GER,HKG,4,3,"11,11,11,4,7,6,11|6,7,8,11,11,11,3",QuarterFinal,GRAND_SLAM,MS,1760,Main Draw,BOLL Timo (GER),KO Lai Chak (HKG),,,3 - 4,6:11 7:11 8:11 11:4 11:7 11:6 3:11,BOLL Timo,2005
Pro Tour Grand Finals Fuzhou 2005,2005-12-09,SAIVE Jean-Michel,OH Sangeun,BEL,KOR,4,2,"11,13,6,11,11,11|13,11,11,9,7,3",SemiFinal,GRAND_SLAM,MS,1760,Main Draw,SAIVE Jean-Michel (BEL),OH Sangeun (KOR),,,4 - 2,11:13 13:11 6:11 11:9 11:7 11:3,SAIVE Jean-Michel,2005
Pro Tour Grand Finals Fuzhou 2005,2005-12-09,BOLL Timo,RYU Seungmin,GER,KOR,4,1,"11,7,11,11,11|7,11,4,6,8",SemiFinal,GRAND_SLAM,MS,1760,Main Draw,BOLL Timo (GER),RYU Seungmin (KOR),,,1 - 4,7:11 11:7 4:11 6:11 8:11,BOLL Timo,2005
Pro Tour Grand Finals Fuzhou 2005,2005-12-09,BOLL Timo,SAIVE Jean-Michel,GER,BEL,4,1,"11,11,11,9,11|6,8,7,11,5",Final,GRAND_SLAM,MS,1760,Main Draw,BOLL Timo (GER),SAIVE Jean-Michel (BEL),,,1 - 4,6:11 8:11 7:11 11:9 5:11,BOLL Timo,2005
Pro Tour Grand Finals Fuzhou 2005,2005-12-09,YANG Zi,AXELQVIST Johan,SGP,SWE,4,2,"11,11,5,10,11,11|9,7,11,12,1,7",SemiFinal,GRAND_SLAM,U21MS,1760,Main Draw,YANG Zi (SGP),AXELQVIST Johan (SWE),,,4 - 2,11:9 11:7 5:11 10:12 11:1 11:7,YANG Zi,2005
Pro Tour Grand Finals Fuzhou 2005,2005-12-09,CHO Eonrae,LIM Jaehyun,KOR,KOR,4,2,"7,11,16,4,11,11|11,8,14,11,5,7",SemiFinal,GRAND_SLAM,U21MS,1760,Main Draw,CHO Eonrae (KOR),LIM Jaehyun (KOR),,,2 - 4,11:7 8:11 14:16 11:4 5:11 7:11,CHO Eonrae,2005
Pro Tour Grand Finals Fuzhou 2005,2005-12-09,YANG Zi,CHO Eonrae,SGP,KOR,4,0,"13,11,11,11|11,7,2,4",Final,GRAND_SLAM,U21MS,1760,Main Draw,YANG Zi (SGP),CHO Eonrae (KOR),,,4 - 0,13:11 11:7 11:2 11:4,YANG Zi,2005
Pro Tour Grand Finals Fuzhou 2005,2005-12-09,JAKAB Janos,PISTEJ Lubomir,HUN,SVK,4,2,"9,11,10,11,13,12|11,7,12,8,11,10",QR2,GRAND_SLAM,U21MS,1760,Qualification,JAKAB Janos (HUN),PISTEJ Lubomir (SVK),,,4 - 2,9:11 11:7 10:12 11:8 13:11 12:10,JAKAB Janos,2005
Pro Tour Grand Finals Fuzhou 2005,2005-12-09,CHO Eonrae,JAKAB Janos,KOR,HUN,4,2,"11,3,9,11,11,11|4,11,11,9,3,9",3,GRAND_SLAM,U21MS,1760,Qualification,CHO Eonrae (KOR),JAKAB Janos (HUN),,,4 - 2,11:4 3:11 9:11 11:9 11:3 11:9,CHO Eonrae,2005
Pro Tour Grand Finals Fuzhou 2005,2005-12-09,YANG Zi,PISTEJ Lubomir,SGP,SVK,4,2,"7,11,11,5,11,11|11,8,8,11,8,6",QR4,GRAND_SLAM,U21MS,1760,Qualification,YANG Zi (SGP),PISTEJ Lubomir (SVK),,,4 - 2,7:11 11:8 11:8 5:11 11:8 11:6,YANG Zi,2005
Pro Tour Grand Finals Fuzhou 2005,2005-12-09,PISTEJ Lubomir,CHO Eonrae,SVK,KOR,4,3,"11,5,6,11,9,11,11|8,11,11,9,11,9,8",5,GRAND_SLAM,U21MS,1760,Qualification,PISTEJ Lubomir (SVK),CHO Eonrae (KOR),,,3 - 4,8:11 11:5 11:6 9:11 11:9 9:11 8:11,PISTEJ Lubomir,2005
Pro Tour Grand Finals Fuzhou 2005,2005-12-09,YANG Zi,JAKAB Janos,SGP,HUN,4,2,"12,9,12,9,11,11|10,11,10,11,8,8",6,GRAND_SLAM,U21MS,1760,Qualification,YANG Zi (SGP),JAKAB Janos (HUN),,,2 - 4,10:12 11:9 10:12 11:9 8:11 8:11,YANG Zi,2005
Pro Tour Grand Finals Fuzhou 2005,2005-12-09,LIM Jaehyun,SEREDA Peter,KOR,SVK,4,2,"8,12,9,12,13,11|11,10,11,10,11,1",,GRAND_SLAM,U21MS,1760,Qualification,LIM Jaehyun (KOR),SEREDA Peter (SVK),,,4 - 2,8:11 12:10 9:11 12:10 13:11 11:1,LIM Jaehyun,2005
Pro Tour Grand Finals Fuzhou 2005,2005-12-09,BOBILLIER Loic,AXELQVIST Johan,FRA,SWE,4,2,"5,11,11,3,11,11|11,5,6,11,6,4",QR2,GRAND_SLAM,U21MS,1760,Qualification,BOBILLIER Loic (FRA),AXELQVIST Johan (SWE),,,4 - 2,5:11 11:5 11:6 3:11 11:6 11:4,BOBILLIER Loic,2005
Pro Tour Grand Finals Fuzhou 2005,2005-12-09,LIM Jaehyun,BOBILLIER Loic,KOR,FRA,4,0,"14,11,14,13|12,5,12,11",3,GRAND_SLAM,U21MS,1760,Qualification,LIM Jaehyun (KOR),BOBILLIER Loic (FRA),,,4 - 0,14:12 11:5 14:12 13:11,LIM Jaehyun,2005
Pro Tour Grand Finals Fuzhou 2005,2005-12-09,AXELQVIST Johan,SEREDA Peter,SWE,SVK,4,3,"7,6,16,11,11,11,11|11,11,18,9,8,9,9",QR4,GRAND_SLAM,U21MS,1760,Qualification,AXELQVIST Johan (SWE),SEREDA Peter (SVK),,,3 - 4,11:7 11:6 18:16 9:11 8:11 9:11 9:11,AXELQVIST Johan,2005
Pro Tour Grand Finals Fuzhou 2005,2005-12-09,AXELQVIST Johan,LIM Jaehyun,SWE,KOR,4,2,"11,9,11,11,6,11|7,11,8,9,11,6",5,GRAND_SLAM,U21MS,1760,Qualification,AXELQVIST Johan (SWE),LIM Jaehyun (KOR),,,2 - 4,7:11 11:9 8:11 9:11 11:6 6:11,AXELQVIST Johan,2005
Pro Tour Grand Finals Fuzhou 2005,2005-12-09,BOBILLIER Loic,SEREDA Peter,FRA,SVK,4,1,"11,11,11,6,11|6,6,9,11,6",6,GRAND_SLAM,U21MS,1760,Qualification,BOBILLIER Loic (FRA),SEREDA Peter (SVK),,,4 - 1,11:6 11:6 11:9 6:11 11:6,BOBILLIER Loic,2005
Pro Tour Grand Finals Fuzhou 2005,2005-12-09,ZHANG Yining,SCHALL Elke,CHN,GER,4,0,"11,11,13,11|7,8,11,6",R16,GRAND_SLAM,WS,1760,Main Draw,ZHANG Yining (CHN),SCHALL Elke (GER),,,4 - 0,11:7 11:8 13:11 11:6,ZHANG Yining,2005
Pro Tour Grand Finals Fuzhou 2005,2005-12-09,STRUSE Nicole,ZHANG Rui,GER,HKG,4,1,"11,14,11,11,11|5,16,6,6,7",R16,GRAND_SLAM,WS,1760,Main Draw,STRUSE Nicole (GER),ZHANG Rui (HKG),,,4 - 1,11:5 14:16 11:6 11:6 11:7,STRUSE Nicole,2005
Pro Tour Grand Finals Fuzhou 2005,2005-12-09,MOON Hyunjung,PAVLOVICH Viktoria,KOR,BLR,4,3,"11,10,11,9,6,11,11|3,12,4,11,11,2,4",R16,GRAND_SLAM,WS,1760,Main Draw,MOON Hyunjung (KOR),PAVLOVICH Viktoria (BLR),,,3 - 4,3:11 12:10 4:11 11:9 11:6 2:11 4:11,MOON Hyunjung,2005
Pro Tour Grand Finals Fuzhou 2005,2005-12-09,KIM Kyungah,SHEN Yanfei,KOR,ESP,4,0,"11,11,11,11|8,8,2,5",R16,GRAND_SLAM,WS,1760,Main Draw,KIM Kyungah (KOR),SHEN Yanfei (ESP),,,0 - 4,8:11 8:11 2:11 5:11,KIM Kyungah,2005
Pro Tour Grand Finals Fuzhou 2005,2005-12-09,TIE Yana,LAU Sui Fei,HKG,HKG,4,2,"10,11,11,9,11,11|12,6,6,11,4,2",R16,GRAND_SLAM,WS,1760,Main Draw,TIE Yana (HKG),LAU Sui Fei (HKG),,,4 - 2,10:12 11:6 11:6 9:11 11:4 11:2,TIE Yana,2005
Pro Tour Grand Finals Fuzhou 2005,2005-12-09,GAO Jun,SUN Beibei,USA,SGP,4,2,"11,11,6,13,3,11|8,7,11,11,11,9",R16,GRAND_SLAM,WS,1760,Main Draw,GAO Jun (USA),SUN Beibei (SGP),,,2 - 4,8:11 7:11 11:6 11:13 11:3 9:11,GAO Jun,2005
Pro Tour Grand Finals Fuzhou 2005,2005-12-09,BOROS Tamara,LIN Ling,CRO,HKG,4,1,"11,12,7,11,13|3,10,11,9,11",R16,GRAND_SLAM,WS,1760,Main Draw,BOROS Tamara (CRO),LIN Ling (HKG),,,4 - 1,11:3 12:10 7:11 11:9 13:11,BOROS Tamara,2005
Pro Tour Grand Finals Fuzhou 2005,2005-12-09,LI Jiawei,WANG Yuegu,SGP,SGP,4,1,"13,10,11,11,11|11,12,9,7,8",R16,GRAND_SLAM,WS,1760,Main Draw,LI Jiawei (SGP),WANG Yuegu (SGP),,,1 - 4,11:13 12:10 9:11 7:11 8:11,LI Jiawei,2005
Pro Tour Grand Finals Fuzhou 2005,2005-12-09,ZHANG Yining,STRUSE Nicole,CHN,GER,4,0,"11,11,11,11|7,8,5,4",QuarterFinal,GRAND_SLAM,WS,1760,Main Draw,ZHANG Yining (CHN),STRUSE Nicole (GER),,,4 - 0,11:7 11:8 11:5 11:4,ZHANG Yining,2005
Pro Tour Grand Finals Fuzhou 2005,2005-12-09,MOON Hyunjung,KIM Kyungah,KOR,KOR,4,3,"6,8,11,9,12,11,11|11,11,5,11,10,5,7",QuarterFinal,GRAND_SLAM,WS,1760,Main Draw,MOON Hyunjung (KOR),KIM Kyungah (KOR),,,4 - 3,6:11 8:11 11:5 9:11 12:10 11:5 11:7,MOON Hyunjung,2005
Pro Tour Grand Finals Fuzhou 2005,2005-12-09,TIE Yana,GAO Jun,HKG,USA,4,1,"11,9,11,13,11|5,11,5,11,8",QuarterFinal,GRAND_SLAM,WS,1760,Main Draw,TIE Yana (HKG),GAO Jun (USA),,,4 - 1,11:5 9:11 11:5 13:11 11:8,TIE Yana,2005
Pro Tour Grand Finals Fuzhou 2005,2005-12-09,LI Jiawei,BOROS Tamara,SGP,CRO,4,1,"12,11,8,11,11|10,9,11,7,9",QuarterFinal,GRAND_SLAM,WS,1760,Main Draw,LI Jiawei (SGP),BOROS Tamara (CRO),,,1 - 4,10:12 9:11 11:8 7:11 9:11,LI Jiawei,2005
Pro Tour Grand Finals Fuzhou 2005,2005-12-09,ZHANG Yining,MOON Hyunjung,CHN,KOR,4,0,"11,11,11,11|9,4,5,8",SemiFinal,GRAND_SLAM,WS,1760,Main Draw,ZHANG Yining (CHN),MOON Hyunjung (KOR),,,4 - 0,11:9 11:4 11:5 11:8,ZHANG Yining,2005
Pro Tour Grand Finals Fuzhou 2005,2005-12-09,LI Jiawei,TIE Yana,SGP,HKG,4,3,"11,11,8,11,12,10,11|13,4,11,6,10,12,6",SemiFinal,GRAND_SLAM,WS,1760,Main Draw,LI Jiawei (SGP),TIE Yana (HKG),,,3 - 4,13:11 4:11 11:8 6:11 10:12 12:10 6:11,LI Jiawei,2005
Pro Tour Grand Finals Fuzhou 2005,2005-12-09,ZHANG Yining,LI Jiawei,CHN,SGP,4,0,"11,12,11,11|9,10,8,9",Final,GRAND_SLAM,WS,1760,Main Draw,ZHANG Yining (CHN),LI Jiawei (SGP),,,4 - 0,11:9 12:10 11:8 11:9,ZHANG Yining,2005
Pro Tour Grand Finals Fuzhou 2005,2005-12-09,STEFANOVA Nikoleta,LEE Eunhee,ITA,KOR,4,3,"6,11,7,11,11,11,11|11,4,11,6,13,6,3",SemiFinal,GRAND_SLAM,U21WS,1760,Main Draw,STEFANOVA Nikoleta (ITA),LEE Eunhee (KOR),,,4 - 3,6:11 11:4 7:11 11:6 11:13 11:6 11:3,STEFANOVA Nikoleta,2005
Pro Tour Grand Finals Fuzhou 2005,2005-12-09,SUN Beibei,LI Qiangbing,SGP,AUT,4,1,"11,11,11,4,11|9,4,7,11,9",SemiFinal,GRAND_SLAM,U21WS,1760,Main Draw,SUN Beibei (SGP),LI Qiangbing (AUT),,,4 - 1,11:9 11:4 11:7 4:11 11:9,SUN Beibei,2005
Pro Tour Grand Finals Fuzhou 2005,2005-12-09,SUN Beibei,STEFANOVA Nikoleta,SGP,ITA,4,2,"8,11,11,8,11,11|11,4,5,11,5,6",Final,GRAND_SLAM,U21WS,1760,Main Draw,SUN Beibei (SGP),STEFANOVA Nikoleta (ITA),,,2 - 4,11:8 4:11 5:11 11:8 5:11 6:11,SUN Beibei,2005
Pro Tour Grand Finals Fuzhou 2005,2005-12-09,STEFANOVA Nikoleta,HUANG Yi-Hua,ITA,TPE,4,1,"11,11,11,6,11|8,7,9,11,8",,GRAND_SLAM,U21WS,1760,Qualification,STEFANOVA Nikoleta (ITA),HUANG Yi-Hua (TPE),,,4 - 1,11:8 11:7 11:9 6:11 11:8,STEFANOVA Nikoleta,2005
Pro Tour Grand Finals Fuzhou 2005,2005-12-09,LI Qiangbing,KIM Junghyun,AUT,KOR,4,1,"7,11,11,11,11|11,9,7,8,7",QR2,GRAND_SLAM,U21WS,1760,Qualification,LI Qiangbing (AUT),KIM Junghyun (KOR),,,4 - 1,7:11 11:9 11:7 11:8 11:7,LI Qiangbing,2005
Pro Tour Grand Finals Fuzhou 2005,2005-12-09,STEFANOVA Nikoleta,LI Qiangbing,ITA,AUT,4,2,"11,10,11,8,11,12|9,12,8,11,9,10",3,GRAND_SLAM,U21WS,1760,Qualification,STEFANOVA Nikoleta (ITA),LI Qiangbing (AUT),,,4 - 2,11:9 10:12 11:8 8:11 11:9 12:10,STEFANOVA Nikoleta,2005
Pro Tour Grand Finals Fuzhou 2005,2005-12-09,HUANG Yi-Hua,KIM Junghyun,TPE,KOR,4,1,"11,11,11,9,11|6,9,3,11,5",QR4,GRAND_SLAM,U21WS,1760,Qualification,HUANG Yi-Hua (TPE),KIM Junghyun (KOR),,,4 - 1,11:6 11:9 11:3 9:11 11:5,HUANG Yi-Hua,2005
Pro Tour Grand Finals Fuzhou 2005,2005-12-09,KIM Junghyun,STEFANOVA Nikoleta,KOR,ITA,4,2,"6,11,9,11,13,11|11,9,11,9,11,9",5,GRAND_SLAM,U21WS,1760,Qualification,KIM Junghyun (KOR),STEFANOVA Nikoleta (ITA),,,2 - 4,11:6 9:11 11:9 9:11 11:13 9:11,KIM Junghyun,2005
Pro Tour Grand Finals Fuzhou 2005,2005-12-09,LI Qiangbing,HUANG Yi-Hua,AUT,TPE,4,2,"4,11,11,11,9,11|11,2,4,4,11,9",6,GRAND_SLAM,U21WS,1760,Qualification,LI Qiangbing (AUT),HUANG Yi-Hua (TPE),,,4 - 2,4:11 11:2 11:4 11:4 9:11 11:9,LI Qiangbing,2005
Pro Tour Grand Finals Fuzhou 2005,2005-12-09,POTA Georgina,KIM Hyehyun,HUN,KOR,4,0,"11,11,11,11|1,5,6,4",,GRAND_SLAM,U21WS,1760,Qualification,POTA Georgina (HUN),KIM Hyehyun (KOR),,,4 - 0,11:1 11:5 11:6 11:4,POTA Georgina,2005
Pro Tour Grand Finals Fuzhou 2005,2005-12-09,SUN Beibei,LEE Eunhee,SGP,KOR,4,0,"11,11,12,11|7,8,10,8",QR2,GRAND_SLAM,U21WS,1760,Qualification,SUN Beibei (SGP),LEE Eunhee (KOR),,,4 - 0,11:7 11:8 12:10 11:8,SUN Beibei,2005
Pro Tour Grand Finals Fuzhou 2005,2005-12-09,POTA Georgina,SUN Beibei,HUN,SGP,4,2,"15,9,8,11,12,11|13,11,11,9,10,7",3,GRAND_SLAM,U21WS,1760,Qualification,POTA Georgina (HUN),SUN Beibei (SGP),,,4 - 2,15:13 9:11 8:11 11:9 12:10 11:7,POTA Georgina,2005
Pro Tour Grand Finals Fuzhou 2005,2005-12-09,LEE Eunhee,KIM Hyehyun,KOR,KOR,4,2,"7,11,5,11,11,11|11,9,11,7,9,6",QR4,GRAND_SLAM,U21WS,1760,Qualification,LEE Eunhee (KOR),KIM Hyehyun (KOR),,,2 - 4,11:7 9:11 11:5 7:11 9:11 6:11,LEE Eunhee,2005
Pro Tour Grand Finals Fuzhou 2005,2005-12-09,LEE Eunhee,POTA Georgina,KOR,HUN,4,0,"11,11,11,11|3,2,4,3",5,GRAND_SLAM,U21WS,1760,Qualification,LEE Eunhee (KOR),POTA Georgina (HUN),,,0 - 4,3:11 2:11 4:11 3:11,LEE Eunhee,2005
Pro Tour Grand Finals Fuzhou 2005,2005-12-09,SUN Beibei,KIM Hyehyun,SGP,KOR,4,2,"11,11,10,8,11,16|5,8,12,11,8,14",6,GRAND_SLAM,U21WS,1760,Qualification,SUN Beibei (SGP),KIM Hyehyun (KOR),,,4 - 2,11:5 11:8 10:12 8:11 11:8 16:14,SUN Beibei,2005
Pro Tour Grand Finals Fuzhou 2005,2005-12-09,KO Lai Chak/LI Ching,JINDRAK Karl/SCHLAGER Werner,HKG,AUT,4,0,"12,11,11,11|10,6,7,8",QuarterFinal,GRAND_SLAM,MD,1760,Main Draw,KO Lai Chak (HKG) / LI Ching (HKG),JINDRAK Karl (AUT) / SCHLAGER Werner (AUT),LI Ching (HKG),SCHLAGER Werner (AUT),0 - 4,10:12 6:11 7:11 8:11,KO Lai Chak,2005
Pro Tour Grand Finals Fuzhou 2005,2005-12-09,CHEN Qi/WANG Liqin,BERTIN Christophe/BOBILLIER Loic,CHN,FRA,4,1,"11,11,11,11,11|7,13,9,8,5",QuarterFinal,GRAND_SLAM,MD,1760,Main Draw,CHEN Qi (CHN) / WANG Liqin (CHN),BERTIN Christophe (FRA) / BOBILLIER Loic (FRA),WANG Liqin (CHN),BOBILLIER Loic (FRA),1 - 4,7:11 13:11 9:11 8:11 5:11,CHEN Qi,2005
Pro Tour Grand Finals Fuzhou 2005,2005-12-09,BOLL Timo/SUSS Christian,CHEUNG Yuk/LEUNG Chu Yan,GER,HKG,4,0,"11,13,13,11|6,11,11,9",QuarterFinal,GRAND_SLAM,MD,1760,Main Draw,BOLL Timo (GER) / SUSS Christian (GER),CHEUNG Yuk (HKG) / LEUNG Chu Yan (HKG),SUSS Christian (GER),LEUNG Chu Yan (HKG),4 - 0,11:6 13:11 13:11 11:9,BOLL Timo,2005
Pro Tour Grand Finals Fuzhou 2005,2005-12-09,BOLL Timo/SUSS Christian,KO Lai Chak/LI Ching,GER,HKG,4,3,"11,11,5,3,12,11,13|7,8,11,11,14,6,11",SemiFinal,GRAND_SLAM,MD,1760,Main Draw,BOLL Timo (GER) / SUSS Christian (GER),KO Lai Chak (HKG) / LI Ching (HKG),SUSS Christian (GER),LI Ching (HKG),4 - 3,11:7 11:8 5:11 3:11 12:14 11:6 13:11,BOLL Timo,2005
Pro Tour Grand Finals Fuzhou 2005,2005-12-09,LEE Jungwoo/OH Sangeun,GERELL Par/LUNDQVIST Jens,KOR,SWE,4,3,"9,11,7,11,12,8,11|11,3,11,5,10,11,8",QuarterFinal,GRAND_SLAM,MD,1760,Main Draw,LEE Jungwoo (KOR) / OH Sangeun (KOR),GERELL Par (SWE) / LUNDQVIST Jens (SWE),OH Sangeun (KOR),LUNDQVIST Jens (SWE),4 - 3,9:11 11:3 7:11 11:5 12:10 8:11 11:8,LEE Jungwoo,2005
Pro Tour Grand Finals Fuzhou 2005,2005-12-09,LEE Jungwoo/OH Sangeun,CHEN Qi/WANG Liqin,KOR,CHN,4,3,"5,8,11,11,9,11,11|11,11,8,8,11,8,9",SemiFinal,GRAND_SLAM,MD,1760,Main Draw,LEE Jungwoo (KOR) / OH Sangeun (KOR),CHEN Qi (CHN) / WANG Liqin (CHN),OH Sangeun (KOR),WANG Liqin (CHN),4 - 3,5:11 8:11 11:8 11:8 9:11 11:8 11:9,LEE Jungwoo,2005
Pro Tour Grand Finals Fuzhou 2005,2005-12-09,BOLL Timo/SUSS Christian,LEE Jungwoo/OH Sangeun,GER,KOR,4,1,"11,11,3,11,11|7,6,11,9,8",Final,GRAND_SLAM,MD,1760,Main Draw,BOLL Timo (GER) / SUSS Christian (GER),LEE Jungwoo (KOR) / OH Sangeun (KOR),SUSS Christian (GER),OH Sangeun (KOR),1 - 4,7:11 6:11 11:3 9:11 8:11,BOLL Timo,2005
Pro Tour Grand Finals Fuzhou 2005,2005-12-09,GAO Jun/SHEN Yanfei,GUO Yan (1982)/GUO Yue,USA,CHN,4,2,"11,11,11,4,9,14|8,5,9,11,11,12",QuarterFinal,GRAND_SLAM,WD,1760,Main Draw,GAO Jun (USA) / SHEN Yanfei (ESP),GUO Yan (1982) (CHN) / GUO Yue (CHN),SHEN Yanfei (ESP),GUO Yue (CHN),4 - 2,11:8 11:5 11:9 4:11 9:11 14:12,GAO Jun,2005
Pro Tour Grand Finals Fuzhou 2005,2005-12-09,GAO Jun/SHEN Yanfei,SUN Beibei/WANG Yuegu,USA,SGP,4,1,"11,9,11,11,11|8,11,5,9,9",SemiFinal,GRAND_SLAM,WD,1760,Main Draw,GAO Jun (USA) / SHEN Yanfei (ESP),SUN Beibei (SGP) / WANG Yuegu (SGP),SHEN Yanfei (ESP),WANG Yuegu (SGP),4 - 1,11:8 9:11 11:5 11:9 11:9,GAO Jun,2005
Pro Tour Grand Finals Fuzhou 2005,2005-12-09,KIM Bokrae/KIM Kyungah,TIE Yana/ZHANG Rui,KOR,HKG,4,3,"7,11,9,11,11,7,11|11,9,11,7,9,11,8",QuarterFinal,GRAND_SLAM,WD,1760,Main Draw,KIM Bokrae (KOR) / KIM Kyungah (KOR),TIE Yana (HKG) / ZHANG Rui (HKG),KIM Kyungah (KOR),ZHANG Rui (HKG),3 - 4,11:7 9:11 11:9 7:11 9:11 11:7 8:11,KIM Bokrae,2005
Pro Tour Grand Finals Fuzhou 2005,2005-12-09,KRAMER Tanja/POTA Georgina,TAN Paey Fern/ZHANG Xueling,GER,SGP,4,3,"7,11,5,11,11,8,11|11,3,11,9,8,11,2",QuarterFinal,GRAND_SLAM,WD,1760,Main Draw,KRAMER Tanja (GER) / POTA Georgina (HUN),TAN Paey Fern (SGP) / ZHANG Xueling (SGP),POTA Georgina (HUN),ZHANG Xueling (SGP),4 - 3,7:11 11:3 5:11 11:9 11:8 8:11 11:2,KRAMER Tanja,2005
Pro Tour Grand Finals Fuzhou 2005,2005-12-09,SUN Beibei/WANG Yuegu,KIM Hyehyun/KIM Junghyun,SGP,KOR,4,1,"11,11,11,7,11|3,9,4,11,3",QuarterFinal,GRAND_SLAM,WD,1760,Main Draw,SUN Beibei (SGP) / WANG Yuegu (SGP),KIM Hyehyun (KOR) / KIM Junghyun (KOR),WANG Yuegu (SGP),KIM Junghyun (KOR),1 - 4,3:11 9:11 4:11 11:7 3:11,SUN Beibei,2005
Pro Tour Grand Finals Fuzhou 2005,2005-12-09,KIM Bokrae/KIM Kyungah,KRAMER Tanja/POTA Georgina,KOR,GER,4,1,"11,11,7,11,11|9,6,11,6,7",SemiFinal,GRAND_SLAM,WD,1760,Main Draw,KIM Bokrae (KOR) / KIM Kyungah (KOR),KRAMER Tanja (GER) / POTA Georgina (HUN),KIM Kyungah (KOR),POTA Georgina (HUN),4 - 1,11:9 11:6 7:11 11:6 11:7,KIM Bokrae,2005
Pro Tour Grand Finals Fuzhou 2005,2005-12-09,GAO Jun/SHEN Yanfei,KIM Bokrae/KIM Kyungah,USA,KOR,4,1,"11,11,9,11,11|7,9,11,8,3",Final,GRAND_SLAM,WD,1760,Main Draw,GAO Jun (USA) / SHEN Yanfei (ESP),KIM Bokrae (KOR) / KIM Kyungah (KOR),SHEN Yanfei (ESP),KIM Kyungah (KOR),1 - 4,7:11 9:11 11:9 8:11 3:11,GAO Jun,2005
Swedish Open Gothenburg 2005,2005-11-17,HABESOHN Mathias,BOBOCICA Mihai,AUT,ITA,4,2,"13,6,10,13,11,12|11,11,12,11,3,10",,GRAND_SLAM,MS,1759,Qualification,HABESOHN Mathias (AUT),BOBOCICA Mihai (ITA),,,4 - 2,13:11 6:11 10:12 13:11 11:3 12:10,HABESOHN Mathias,2005
Swedish Open Gothenburg 2005,2005-11-17,SUCH Bartosz,BOBOCICA Mihai,POL,ITA,4,2,"14,12,10,14,11,11|12,10,12,16,6,7",QR2,GRAND_SLAM,MS,1759,Qualification,SUCH Bartosz (POL),BOBOCICA Mihai (ITA),,,4 - 2,14:12 12:10 10:12 14:16 11:6 11:7,SUCH Bartosz,2005
Swedish Open Gothenburg 2005,2005-11-17,SUCH Bartosz,HABESOHN Mathias,POL,AUT,4,0,"11,13,11,11|9,11,5,3",3,GRAND_SLAM,MS,1759,Qualification,SUCH Bartosz (POL),HABESOHN Mathias (AUT),,,4 - 0,11:9 13:11 11:5 11:3,SUCH Bartosz,2005
Swedish Open Gothenburg 2005,2005-11-17,CLARKE Brett,KOLAREK Tomislav,AUS,CRO,4,1,"11,11,8,11,11|2,7,11,5,5",,GRAND_SLAM,MS,1759,Qualification,CLARKE Brett (AUS),KOLAREK Tomislav (CRO),,,4 - 1,11:2 11:7 8:11 11:5 11:5,CLARKE Brett,2005
Swedish Open Gothenburg 2005,2005-11-17,TOKIC Bojan,KOLAREK Tomislav,SLO,CRO,4,0,"13,11,11,11|11,7,8,6",QR2,GRAND_SLAM,MS,1759,Qualification,TOKIC Bojan (SLO),KOLAREK Tomislav (CRO),,,4 - 0,13:11 11:7 11:8 11:6,TOKIC Bojan,2005
Swedish Open Gothenburg 2005,2005-11-17,TOKIC Bojan,CLARKE Brett,SLO,AUS,4,1,"6,11,11,11,11|11,3,5,5,6",3,GRAND_SLAM,MS,1759,Qualification,TOKIC Bojan (SLO),CLARKE Brett (AUS),,,4 - 1,6:11 11:3 11:5 11:5 11:6,TOKIC Bojan,2005
Swedish Open Gothenburg 2005,2005-11-17,KLEPRLIK Jakub,LEBESSON Emmanuel,CZE,FRA,4,0,"11,11,12,11|4,6,10,8",,GRAND_SLAM,MS,1759,Qualification,KLEPRLIK Jakub (CZE),LEBESSON Emmanuel (FRA),,,4 - 0,11:4 11:6 12:10 11:8,KLEPRLIK Jakub,2005
Swedish Open Gothenburg 2005,2005-11-17,KEINATH Thomas,LEBESSON Emmanuel,SVK,FRA,4,0,"13,11,11,11|11,7,7,8",QR2,GRAND_SLAM,MS,1759,Qualification,KEINATH Thomas (SVK),LEBESSON Emmanuel (FRA),,,4 - 0,13:11 11:7 11:7 11:8,KEINATH Thomas,2005
Swedish Open Gothenburg 2005,2005-11-17,KEINATH Thomas,KLEPRLIK Jakub,SVK,CZE,4,3,"9,11,7,11,11,11,11|11,8,11,13,9,3,5",3,GRAND_SLAM,MS,1759,Qualification,KEINATH Thomas (SVK),KLEPRLIK Jakub (CZE),,,4 - 3,9:11 11:8 7:11 11:13 11:9 11:3 11:5,KEINATH Thomas,2005
Swedish Open Gothenburg 2005,2005-11-17,FYNSK Daniel,GACINA Andrej,DEN,CRO,4,2,"11,12,9,12,7,11|6,10,11,10,11,5",,GRAND_SLAM,MS,1759,Qualification,FYNSK Daniel (DEN),GACINA Andrej (CRO),,,2 - 4,6:11 10:12 11:9 10:12 11:7 5:11,FYNSK Daniel,2005
Swedish Open Gothenburg 2005,2005-11-17,YOSHIDA Kaii,FYNSK Daniel,JPN,DEN,4,0,"11,11,12,11|8,6,10,9",QR2,GRAND_SLAM,MS,1759,Qualification,YOSHIDA Kaii (JPN),FYNSK Daniel (DEN),,,4 - 0,11:8 11:6 12:10 11:9,YOSHIDA Kaii,2005
Swedish Open Gothenburg 2005,2005-11-17,YOSHIDA Kaii,GACINA Andrej,JPN,CRO,4,1,"11,11,10,11,11|3,9,12,4,2",3,GRAND_SLAM,MS,1759,Qualification,YOSHIDA Kaii (JPN),GACINA Andrej (CRO),,,4 - 1,11:3 11:9 10:12 11:4 11:2,YOSHIDA Kaii,2005
Swedish Open Gothenburg 2005,2005-11-17,PERSSON Jon,SPINICCHIA Simone,SWE,ITA,4,2,"14,11,9,10,11,11|12,6,11,12,6,9",,GRAND_SLAM,MS,1759,Qualification,PERSSON Jon (SWE),SPINICCHIA Simone (ITA),,,2 - 4,12:14 6:11 11:9 12:10 6:11 9:11,PERSSON Jon,2005
Swedish Open Gothenburg 2005,2005-11-17,MAZUNOV Dmitry,PERSSON Jon,RUS,SWE,4,0,"11,11,11,11|7,6,2,4",QR2,GRAND_SLAM,MS,1759,Qualification,MAZUNOV Dmitry (RUS),PERSSON Jon (SWE),,,4 - 0,11:7 11:6 11:2 11:4,MAZUNOV Dmitry,2005
Swedish Open Gothenburg 2005,2005-11-17,MAZUNOV Dmitry,SPINICCHIA Simone,RUS,ITA,4,0,"11,11,12,11|3,8,10,4",3,GRAND_SLAM,MS,1759,Qualification,MAZUNOV Dmitry (RUS),SPINICCHIA Simone (ITA),,,4 - 0,11:3 11:8 12:10 11:4,MAZUNOV Dmitry,2005
Swedish Open Gothenburg 2005,2005-11-17,YOON Jaeyoung,SARGSYAN Davit,KOR,ARM,4,1,"11,11,8,11,11|9,4,11,6,9",3,GRAND_SLAM,MS,1759,Qualification,YOON Jaeyoung (KOR),SARGSYAN Davit (ARM),,,4 - 1,11:9 11:4 8:11 11:6 11:9,YOON Jaeyoung,2005
Swedish Open Gothenburg 2005,2005-11-17,OYA Hidetoshi,DEVAUX Jimmy,JPN,FRA,4,0,"11,12,12,11|1,10,10,4",,GRAND_SLAM,MS,1759,Qualification,OYA Hidetoshi (JPN),DEVAUX Jimmy (FRA),,,4 - 0,11:1 12:10 12:10 11:4,OYA Hidetoshi,2005
Swedish Open Gothenburg 2005,2005-11-17,WANG Zengyi,DEVAUX Jimmy,POL,FRA,4,1,"11,11,11,9,11|5,3,6,11,7",QR2,GRAND_SLAM,MS,1759,Qualification,WANG Zengyi (POL),DEVAUX Jimmy (FRA),,,4 - 1,11:5 11:3 11:6 9:11 11:7,WANG Zengyi,2005
Swedish Open Gothenburg 2005,2005-11-17,WANG Zengyi,OYA Hidetoshi,POL,JPN,4,2,"11,11,6,17,9,13|8,7,11,15,11,11",3,GRAND_SLAM,MS,1759,Qualification,WANG Zengyi (POL),OYA Hidetoshi (JPN),,,4 - 2,11:8 11:7 6:11 17:15 9:11 13:11,WANG Zengyi,2005
Swedish Open Gothenburg 2005,2005-11-17,PEREK Jakub,RYDEN Lukas,POL,SWE,4,2,"11,6,7,11,14,11|7,11,11,6,12,1",,GRAND_SLAM,MS,1759,Qualification,PEREK Jakub (POL),RYDEN Lukas (SWE),,,4 - 2,11:7 6:11 7:11 11:6 14:12 11:1,PEREK Jakub,2005
Swedish Open Gothenburg 2005,2005-11-17,ZHANG Chao,RYDEN Lukas,CHN,SWE,4,1,"11,2,11,11,11|3,11,6,8,5",QR2,GRAND_SLAM,MS,1759,Qualification,ZHANG Chao (CHN),RYDEN Lukas (SWE),,,4 - 1,11:3 2:11 11:6 11:8 11:5,ZHANG Chao,2005
Swedish Open Gothenburg 2005,2005-11-17,ZHANG Chao,PEREK Jakub,CHN,POL,4,0,"11,11,11,11|4,5,7,8",3,GRAND_SLAM,MS,1759,Qualification,ZHANG Chao (CHN),PEREK Jakub (POL),,,4 - 0,11:4 11:5 11:7 11:8,ZHANG Chao,2005
Swedish Open Gothenburg 2005,2005-11-17,PETERSEN Christoffer,GOLOVANOV Stanislav,DEN,BUL,4,2,"11,11,11,6,4,16|3,7,5,11,11,14",,GRAND_SLAM,MS,1759,Qualification,PETERSEN Christoffer (DEN),GOLOVANOV Stanislav (BUL),,,4 - 2,11:3 11:7 11:5 6:11 4:11 16:14,PETERSEN Christoffer,2005
Swedish Open Gothenburg 2005,2005-11-17,TOSIC Roko,GOLOVANOV Stanislav,CRO,BUL,4,0,"11,12,11,11|7,10,8,9",QR2,GRAND_SLAM,MS,1759,Qualification,TOSIC Roko (CRO),GOLOVANOV Stanislav (BUL),,,4 - 0,11:7 12:10 11:8 11:9,TOSIC Roko,2005
Swedish Open Gothenburg 2005,2005-11-17,TOSIC Roko,PETERSEN Christoffer,CRO,DEN,4,3,"11,10,7,11,6,11,11|9,12,11,6,11,4,9",3,GRAND_SLAM,MS,1759,Qualification,TOSIC Roko (CRO),PETERSEN Christoffer (DEN),,,4 - 3,11:9 10:12 7:11 11:6 6:11 11:4 11:9,TOSIC Roko,2005
Swedish Open Gothenburg 2005,2005-11-17,PAPADIMITRIOU Dimitrios,CHMIEL Pawel,GRE,POL,4,2,"8,7,16,13,11,11|11,11,14,11,7,7",,GRAND_SLAM,MS,1759,Qualification,PAPADIMITRIOU Dimitrios (GRE),CHMIEL Pawel (POL),,,2 - 4,11:8 11:7 14:16 11:13 7:11 7:11,PAPADIMITRIOU Dimitrios,2005
Swedish Open Gothenburg 2005,2005-11-17,LIM Jaehyun,PAPADIMITRIOU Dimitrios,KOR,GRE,4,1,"11,11,11,9,11|5,3,5,11,7",QR2,GRAND_SLAM,MS,1759,Qualification,LIM Jaehyun (KOR),PAPADIMITRIOU Dimitrios (GRE),,,4 - 1,11:5 11:3 11:5 9:11 11:7,LIM Jaehyun,2005
Swedish Open Gothenburg 2005,2005-11-17,LIM Jaehyun,CHMIEL Pawel,KOR,POL,4,1,"11,11,6,11,11|5,3,11,8,9",3,GRAND_SLAM,MS,1759,Qualification,LIM Jaehyun (KOR),CHMIEL Pawel (POL),,,4 - 1,11:5 11:3 6:11 11:8 11:9,LIM Jaehyun,2005
Swedish Open Gothenburg 2005,2005-11-17,VLASOV Grigory,SABATINO Daniele,RUS,ITA,4,0,"11,11,11,11|5,8,3,5",,GRAND_SLAM,MS,1759,Qualification,VLASOV Grigory (RUS),SABATINO Daniele (ITA),,,4 - 0,11:5 11:8 11:3 11:5,VLASOV Grigory,2005
Swedish Open Gothenburg 2005,2005-11-17,GIONIS Panagiotis,SABATINO Daniele,GRE,ITA,4,0,"11,11,11,11|6,5,6,5",QR2,GRAND_SLAM,MS,1759,Qualification,GIONIS Panagiotis (GRE),SABATINO Daniele (ITA),,,4 - 0,11:6 11:5 11:6 11:5,GIONIS Panagiotis,2005
Swedish Open Gothenburg 2005,2005-11-17,GIONIS Panagiotis,VLASOV Grigory,GRE,RUS,4,0,"11,11,11,11|1,4,9,8",3,GRAND_SLAM,MS,1759,Qualification,GIONIS Panagiotis (GRE),VLASOV Grigory (RUS),,,4 - 0,11:1 11:4 11:9 11:8,GIONIS Panagiotis,2005
Swedish Open Gothenburg 2005,2005-11-17,VOSTES Yannick,GRACHEV Andrei,BEL,RUS,4,2,"11,11,11,7,16,11|9,6,7,11,18,8",,GRAND_SLAM,MS,1759,Qualification,VOSTES Yannick (BEL),GRACHEV Andrei (RUS),,,4 - 2,11:9 11:6 11:7 7:11 16:18 11:8,VOSTES Yannick,2005
Swedish Open Gothenburg 2005,2005-11-17,GRACHEV Andrei,HAKANSSON Fredrik,RUS,SWE,4,0,"11,11,11,11|5,8,6,6",QR2,GRAND_SLAM,MS,1759,Qualification,GRACHEV Andrei (RUS),HAKANSSON Fredrik (SWE),,,0 - 4,5:11 8:11 6:11 6:11,GRACHEV Andrei,2005
Swedish Open Gothenburg 2005,2005-11-17,HABESOHN Daniel,ASMUSSEN Jakob,AUT,DEN,4,1,"12,12,11,11,11|14,10,9,2,7",,GRAND_SLAM,MS,1759,Qualification,HABESOHN Daniel (AUT),ASMUSSEN Jakob (DEN),,,4 - 1,12:14 12:10 11:9 11:2 11:7,HABESOHN Daniel,2005
Swedish Open Gothenburg 2005,2005-11-17,SHMYREV Maxim,ASMUSSEN Jakob,RUS,DEN,4,0,"11,11,12,11|4,4,10,4",QR2,GRAND_SLAM,MS,1759,Qualification,SHMYREV Maxim (RUS),ASMUSSEN Jakob (DEN),,,4 - 0,11:4 11:4 12:10 11:4,SHMYREV Maxim,2005
Swedish Open Gothenburg 2005,2005-11-17,HABESOHN Daniel,SHMYREV Maxim,AUT,RUS,4,3,"12,10,11,9,9,11,11|10,12,8,11,11,8,6",3,GRAND_SLAM,MS,1759,Qualification,HABESOHN Daniel (AUT),SHMYREV Maxim (RUS),,,3 - 4,10:12 12:10 8:11 11:9 11:9 8:11 6:11,HABESOHN Daniel,2005
Swedish Open Gothenburg 2005,2005-11-17,DAVID Petr,DEBRUYERES Clement,CZE,FRA,4,2,"11,11,9,8,11,11|9,8,11,11,4,8",,GRAND_SLAM,MS,1759,Qualification,DAVID Petr (CZE),DEBRUYERES Clement (FRA),,,4 - 2,11:9 11:8 9:11 8:11 11:4 11:8,DAVID Petr,2005
Swedish Open Gothenburg 2005,2005-11-17,ERLANDSEN Geir,DEBRUYERES Clement,NOR,FRA,4,0,"13,11,11,11|11,5,6,5",QR2,GRAND_SLAM,MS,1759,Qualification,ERLANDSEN Geir (NOR),DEBRUYERES Clement (FRA),,,4 - 0,13:11 11:5 11:6 11:5,ERLANDSEN Geir,2005
Swedish Open Gothenburg 2005,2005-11-17,ERLANDSEN Geir,DAVID Petr,NOR,CZE,4,3,"7,11,10,11,9,11,11|11,6,12,6,11,9,6",3,GRAND_SLAM,MS,1759,Qualification,ERLANDSEN Geir (NOR),DAVID Petr (CZE),,,4 - 3,7:11 11:6 10:12 11:6 9:11 11:9 11:6,ERLANDSEN Geir,2005
Swedish Open Gothenburg 2005,2005-11-17,CHOI Hyunjin,SALIFOU Abdel-Kader,KOR,BEN,4,0,"11,11,11,11|5,8,6,7",QR2,GRAND_SLAM,MS,1759,Qualification,CHOI Hyunjin (KOR),SALIFOU Abdel-Kader (BEN),,,4 - 0,11:5 11:8 11:6 11:7,CHOI Hyunjin,2005
Swedish Open Gothenburg 2005,2005-11-17,CHOI Hyunjin,JAPEC Tomislav,KOR,CRO,4,0,,3,GRAND_SLAM,MS,1759,Qualification,CHOI Hyunjin (KOR),JAPEC Tomislav (CRO),,,4 - 0,,CHOI Hyunjin,2005
Swedish Open Gothenburg 2005,2005-11-17,GAVRILOV Denis,URBANEK Jan,RUS,CZE,4,2,"11,11,10,5,11,11|7,9,12,11,8,7",,GRAND_SLAM,MS,1759,Qualification,GAVRILOV Denis (RUS),URBANEK Jan (CZE),,,4 - 2,11:7 11:9 10:12 5:11 11:8 11:7,GAVRILOV Denis,2005
Swedish Open Gothenburg 2005,2005-11-17,WANG Jianfeng,URBANEK Jan,NOR,CZE,4,0,"11,11,11,11|6,7,6,8",QR2,GRAND_SLAM,MS,1759,Qualification,WANG Jianfeng (NOR),URBANEK Jan (CZE),,,4 - 0,11:6 11:7 11:6 11:8,WANG Jianfeng,2005
Swedish Open Gothenburg 2005,2005-11-17,WANG Jianfeng,GAVRILOV Denis,NOR,RUS,4,2,"11,5,11,8,13,11|9,11,8,11,11,8",3,GRAND_SLAM,MS,1759,Qualification,WANG Jianfeng (NOR),GAVRILOV Denis (RUS),,,4 - 2,11:9 5:11 11:8 8:11 13:11 11:8,WANG Jianfeng,2005
Swedish Open Gothenburg 2005,2005-11-17,GAVLAS Antonin,AUFRERE Julien,CZE,FRA,4,0,"11,11,11,11|5,6,7,5",,GRAND_SLAM,MS,1759,Qualification,GAVLAS Antonin (CZE),AUFRERE Julien (FRA),,,4 - 0,11:5 11:6 11:7 11:5,GAVLAS Antonin,2005
Swedish Open Gothenburg 2005,2005-11-17,CHO Jihoon,AUFRERE Julien,KOR,FRA,4,0,"11,11,11,11|2,5,5,6",QR2,GRAND_SLAM,MS,1759,Qualification,CHO Jihoon (KOR),AUFRERE Julien (FRA),,,4 - 0,11:2 11:5 11:5 11:6,CHO Jihoon,2005
Swedish Open Gothenburg 2005,2005-11-17,CHO Jihoon,GAVLAS Antonin,KOR,CZE,4,1,"11,11,10,11,11|8,4,12,8,5",3,GRAND_SLAM,MS,1759,Qualification,CHO Jihoon (KOR),GAVLAS Antonin (CZE),,,4 - 1,11:8 11:4 10:12 11:8 11:5,CHO Jihoon,2005
Swedish Open Gothenburg 2005,2005-11-17,ZUBCIC Tomislav,ZALCBERG David,CRO,AUS,4,2,"13,11,9,7,11,11|11,9,11,11,3,7",,GRAND_SLAM,MS,1759,Qualification,ZUBCIC Tomislav (CRO),ZALCBERG David (AUS),,,4 - 2,13:11 11:9 9:11 7:11 11:3 11:7,ZUBCIC Tomislav,2005
Swedish Open Gothenburg 2005,2005-11-17,PAVELKA Tomas,ZALCBERG David,CZE,AUS,4,0,"11,11,11,11|2,5,6,7",QR2,GRAND_SLAM,MS,1759,Qualification,PAVELKA Tomas (CZE),ZALCBERG David (AUS),,,4 - 0,11:2 11:5 11:6 11:7,PAVELKA Tomas,2005
Swedish Open Gothenburg 2005,2005-11-17,ZUBCIC Tomislav,PAVELKA Tomas,CRO,CZE,4,2,"11,9,2,11,12,11|7,11,11,9,10,7",3,GRAND_SLAM,MS,1759,Qualification,ZUBCIC Tomislav (CRO),PAVELKA Tomas (CZE),,,2 - 4,7:11 11:9 11:2 9:11 10:12 7:11,ZUBCIC Tomislav,2005
Swedish Open Gothenburg 2005,2005-11-17,KONECNY Tomas,MALICKI Szymon,CZE,POL,4,3,"14,9,11,8,6,11,11|12,11,3,11,11,9,9",,GRAND_SLAM,MS,1759,Qualification,KONECNY Tomas (CZE),MALICKI Szymon (POL),,,4 - 3,14:12 9:11 11:3 8:11 6:11 11:9 11:9,KONECNY Tomas,2005
Swedish Open Gothenburg 2005,2005-11-17,CHO Eonrae,MALICKI Szymon,KOR,POL,4,1,"11,8,11,11,11|6,11,7,9,2",QR2,GRAND_SLAM,MS,1759,Qualification,CHO Eonrae (KOR),MALICKI Szymon (POL),,,4 - 1,11:6 8:11 11:7 11:9 11:2,CHO Eonrae,2005
Swedish Open Gothenburg 2005,2005-11-17,CHO Eonrae,KONECNY Tomas,KOR,CZE,4,0,"11,12,11,11|7,10,5,7",3,GRAND_SLAM,MS,1759,Qualification,CHO Eonrae (KOR),KONECNY Tomas (CZE),,,4 - 0,11:7 12:10 11:5 11:7,CHO Eonrae,2005
Swedish Open Gothenburg 2005,2005-11-17,KAUCKY Petr,RASMUSSEN Claus,CZE,DEN,4,0,"11,12,13,11|6,10,11,4",,GRAND_SLAM,MS,1759,Qualification,KAUCKY Petr (CZE),RASMUSSEN Claus (DEN),,,4 - 0,11:6 12:10 13:11 11:4,KAUCKY Petr,2005
Swedish Open Gothenburg 2005,2005-11-17,MIZUTANI Jun,RASMUSSEN Claus,JPN,DEN,4,0,"11,11,11,11|9,9,6,8",QR2,GRAND_SLAM,MS,1759,Qualification,MIZUTANI Jun (JPN),RASMUSSEN Claus (DEN),,,4 - 0,11:9 11:9 11:6 11:8,MIZUTANI Jun,2005
Swedish Open Gothenburg 2005,2005-11-17,MIZUTANI Jun,KAUCKY Petr,JPN,CZE,4,3,"15,11,9,11,7,11,11|17,7,11,7,11,4,7",3,GRAND_SLAM,MS,1759,Qualification,MIZUTANI Jun (JPN),KAUCKY Petr (CZE),,,4 - 3,15:17 11:7 9:11 11:7 7:11 11:4 11:7,MIZUTANI Jun,2005
Swedish Open Gothenburg 2005,2005-11-17,ELENSKY Gregory,CARVALHO Efraim,ISR,BRA,4,0,"11,11,13,11|6,6,11,7",,GRAND_SLAM,MS,1759,Qualification,ELENSKY Gregory (ISR),CARVALHO Efraim (BRA),,,4 - 0,11:6 11:6 13:11 11:7,ELENSKY Gregory,2005
Swedish Open Gothenburg 2005,2005-11-17,MOLIN Magnus,CARVALHO Efraim,SWE,BRA,4,0,"11,11,11,11|6,2,8,6",QR2,GRAND_SLAM,MS,1759,Qualification,MOLIN Magnus (SWE),CARVALHO Efraim (BRA),,,4 - 0,11:6 11:2 11:8 11:6,MOLIN Magnus,2005
Swedish Open Gothenburg 2005,2005-11-17,MOLIN Magnus,ELENSKY Gregory,SWE,ISR,4,0,"11,11,11,12|9,5,7,10",3,GRAND_SLAM,MS,1759,Qualification,MOLIN Magnus (SWE),ELENSKY Gregory (ISR),,,4 - 0,11:9 11:5 11:7 12:10,MOLIN Magnus,2005
Swedish Open Gothenburg 2005,2005-11-17,DESPRES Rodolphe,AARAS Arne,FRA,NOR,4,0,"15,11,11,11|13,4,7,5",,GRAND_SLAM,MS,1759,Qualification,DESPRES Rodolphe (FRA),AARAS Arne (NOR),,,4 - 0,15:13 11:4 11:7 11:5,DESPRES Rodolphe,2005
Swedish Open Gothenburg 2005,2005-11-17,PLACHY Josef,AARAS Arne,CZE,NOR,4,0,"11,11,11,14|7,5,5,12",QR2,GRAND_SLAM,MS,1759,Qualification,PLACHY Josef (CZE),AARAS Arne (NOR),,,4 - 0,11:7 11:5 11:5 14:12,PLACHY Josef,2005
Swedish Open Gothenburg 2005,2005-11-17,PLACHY Josef,DESPRES Rodolphe,CZE,FRA,4,1,"13,7,11,11,11|11,11,8,8,3",3,GRAND_SLAM,MS,1759,Qualification,PLACHY Josef (CZE),DESPRES Rodolphe (FRA),,,4 - 1,13:11 7:11 11:8 11:8 11:3,PLACHY Josef,2005
Swedish Open Gothenburg 2005,2005-11-17,CHOU Tung-Yu,BAUBET Vincent,TPE,FRA,4,0,"11,11,12,11|5,9,10,6",,GRAND_SLAM,MS,1759,Qualification,CHOU Tung-Yu (TPE),BAUBET Vincent (FRA),,,4 - 0,11:5 11:9 12:10 11:6,CHOU Tung-Yu,2005
Swedish Open Gothenburg 2005,2005-11-17,GERELL Par,BAUBET Vincent,SWE,FRA,4,0,"11,11,11,11|7,9,7,5",QR2,GRAND_SLAM,MS,1759,Qualification,GERELL Par (SWE),BAUBET Vincent (FRA),,,4 - 0,11:7 11:9 11:7 11:5,GERELL Par,2005
Swedish Open Gothenburg 2005,2005-11-17,GERELL Par,CHOU Tung-Yu,SWE,TPE,4,2,"11,11,2,11,3,11|9,4,11,7,11,8",3,GRAND_SLAM,MS,1759,Qualification,GERELL Par (SWE),CHOU Tung-Yu (TPE),,,4 - 2,11:9 11:4 2:11 11:7 3:11 11:8,GERELL Par,2005
Swedish Open Gothenburg 2005,2005-11-17,NAKANO Yusuke,MATTENET Adrien,JPN,FRA,4,1,"12,11,11,8,11|10,8,6,11,8",,GRAND_SLAM,MS,1759,Qualification,NAKANO Yusuke (JPN),MATTENET Adrien (FRA),,,4 - 1,12:10 11:8 11:6 8:11 11:8,NAKANO Yusuke,2005
Swedish Open Gothenburg 2005,2005-11-17,FILIMON Andrei,MATTENET Adrien,ROU,FRA,4,1,"7,11,11,11,11|11,6,3,8,3",QR2,GRAND_SLAM,MS,1759,Qualification,FILIMON Andrei (ROU),MATTENET Adrien (FRA),,,4 - 1,7:11 11:6 11:3 11:8 11:3,FILIMON Andrei,2005
Swedish Open Gothenburg 2005,2005-11-17,FILIMON Andrei,NAKANO Yusuke,ROU,JPN,4,0,"11,11,11,11|9,7,8,7",3,GRAND_SLAM,MS,1759,Qualification,FILIMON Andrei (ROU),NAKANO Yusuke (JPN),,,4 - 0,11:9 11:7 11:8 11:7,FILIMON Andrei,2005
Swedish Open Gothenburg 2005,2005-11-17,APOLONIA Tiago,MADRID Marcos,POR,MEX,4,1,"12,11,11,8,11|10,7,9,11,5",,GRAND_SLAM,MS,1759,Qualification,APOLONIA Tiago (POR),MADRID Marcos (MEX),,,4 - 1,12:10 11:7 11:9 8:11 11:5,APOLONIA Tiago,2005
Swedish Open Gothenburg 2005,2005-11-17,XU Hui,MADRID Marcos,CHN,MEX,4,1,"11,9,11,11,11|7,11,3,7,3",QR2,GRAND_SLAM,MS,1759,Qualification,XU Hui (CHN),MADRID Marcos (MEX),,,4 - 1,11:7 9:11 11:3 11:7 11:3,XU Hui,2005
Swedish Open Gothenburg 2005,2005-11-17,XU Hui,APOLONIA Tiago,CHN,POR,4,1,"11,11,11,4,11|4,8,6,11,2",3,GRAND_SLAM,MS,1759,Qualification,XU Hui (CHN),APOLONIA Tiago (POR),,,4 - 1,11:4 11:8 11:6 4:11 11:2,XU Hui,2005
Swedish Open Gothenburg 2005,2005-11-17,OLLIVIER Brice,DAVIDOVICH Dmitry,FRA,BLR,4,2,"10,16,11,11,8,11|12,14,9,9,11,2",,GRAND_SLAM,MS,1759,Qualification,OLLIVIER Brice (FRA),DAVIDOVICH Dmitry (BLR),,,4 - 2,10:12 16:14 11:9 11:9 8:11 11:2,OLLIVIER Brice,2005
Swedish Open Gothenburg 2005,2005-11-17,MONTEIRO Thiago,DAVIDOVICH Dmitry,BRA,BLR,4,1,"7,11,11,11,11|11,4,9,7,5",QR2,GRAND_SLAM,MS,1759,Qualification,MONTEIRO Thiago (BRA),DAVIDOVICH Dmitry (BLR),,,4 - 1,7:11 11:4 11:9 11:7 11:5,MONTEIRO Thiago,2005
Swedish Open Gothenburg 2005,2005-11-17,OLLIVIER Brice,MONTEIRO Thiago,FRA,BRA,4,3,"11,15,6,12,10,11,11|13,13,11,10,12,4,7",3,GRAND_SLAM,MS,1759,Qualification,OLLIVIER Brice (FRA),MONTEIRO Thiago (BRA),,,3 - 4,13:11 13:15 11:6 10:12 12:10 4:11 7:11,OLLIVIER Brice,2005
Swedish Open Gothenburg 2005,2005-11-17,STEPHENSEN Gudmundur,KLEPRLIK Michal,ISL,CZE,4,1,"11,15,8,11,17|6,13,11,4,15",,GRAND_SLAM,MS,1759,Qualification,STEPHENSEN Gudmundur (ISL),KLEPRLIK Michal (CZE),,,4 - 1,11:6 15:13 8:11 11:4 17:15,STEPHENSEN Gudmundur,2005
Swedish Open Gothenburg 2005,2005-11-17,JIANG Weizhong,KLEPRLIK Michal,CRO,CZE,4,0,"11,11,11,11|5,9,3,6",QR2,GRAND_SLAM,MS,1759,Qualification,JIANG Weizhong (CRO),KLEPRLIK Michal (CZE),,,4 - 0,11:5 11:9 11:3 11:6,JIANG Weizhong,2005
Swedish Open Gothenburg 2005,2005-11-17,JIANG Weizhong,STEPHENSEN Gudmundur,CRO,ISL,4,1,"11,11,11,9,11|9,7,9,11,4",3,GRAND_SLAM,MS,1759,Qualification,JIANG Weizhong (CRO),STEPHENSEN Gudmundur (ISL),,,4 - 1,11:9 11:7 11:9 9:11 11:4,JIANG Weizhong,2005
Swedish Open Gothenburg 2005,2005-11-17,TAKAKIWA Taku,HINSE Pierre-Luc,JPN,CAN,4,1,"12,11,11,11,11|14,5,9,6,6",,GRAND_SLAM,MS,1759,Qualification,TAKAKIWA Taku (JPN),HINSE Pierre-Luc (CAN),,,4 - 1,12:14 11:5 11:9 11:6 11:6,TAKAKIWA Taku,2005
Swedish Open Gothenburg 2005,2005-11-17,LEE Jinkwon,HINSE Pierre-Luc,KOR,CAN,4,2,"8,11,8,11,11,11|11,5,11,4,8,3",QR2,GRAND_SLAM,MS,1759,Qualification,LEE Jinkwon (KOR),HINSE Pierre-Luc (CAN),,,4 - 2,8:11 11:5 8:11 11:4 11:8 11:3,LEE Jinkwon,2005
Swedish Open Gothenburg 2005,2005-11-17,TAKAKIWA Taku,LEE Jinkwon,JPN,KOR,4,3,"11,5,6,17,13,13,11|9,11,11,15,11,15,7",3,GRAND_SLAM,MS,1759,Qualification,TAKAKIWA Taku (JPN),LEE Jinkwon (KOR),,,3 - 4,9:11 11:5 11:6 15:17 11:13 15:13 7:11,TAKAKIWA Taku,2005
Swedish Open Gothenburg 2005,2005-11-17,MATSUMOTO Cazuo,STERNBERG Kasper,BRA,DEN,4,1,"11,11,11,8,11|7,8,9,11,9",,GRAND_SLAM,MS,1759,Qualification,MATSUMOTO Cazuo (BRA),STERNBERG Kasper (DEN),,,4 - 1,11:7 11:8 11:9 8:11 11:9,MATSUMOTO Cazuo,2005
Swedish Open Gothenburg 2005,2005-11-17,OLEJNIK Martin,STERNBERG Kasper,CZE,DEN,4,0,"11,11,12,11|4,5,10,7",QR2,GRAND_SLAM,MS,1759,Qualification,OLEJNIK Martin (CZE),STERNBERG Kasper (DEN),,,4 - 0,11:4 11:5 12:10 11:7,OLEJNIK Martin,2005
Swedish Open Gothenburg 2005,2005-11-17,OLEJNIK Martin,MATSUMOTO Cazuo,CZE,BRA,4,0,"13,11,11,11|11,7,5,8",3,GRAND_SLAM,MS,1759,Qualification,OLEJNIK Martin (CZE),MATSUMOTO Cazuo (BRA),,,4 - 0,13:11 11:7 11:5 11:8,OLEJNIK Martin,2005
Swedish Open Gothenburg 2005,2005-11-17,BAGGALEY Andrew,BALTRUSHKA Dzmitry,ENG,BLR,4,0,"11,11,11,11|5,9,5,3",,GRAND_SLAM,MS,1759,Qualification,BAGGALEY Andrew (ENG),BALTRUSHKA Dzmitry (BLR),,,4 - 0,11:5 11:9 11:5 11:3,BAGGALEY Andrew,2005
Swedish Open Gothenburg 2005,2005-11-17,MANSSON Magnus,BALTRUSHKA Dzmitry,SWE,BLR,4,2,"8,11,11,9,11,11|11,6,8,11,4,4",QR2,GRAND_SLAM,MS,1759,Qualification,MANSSON Magnus (SWE),BALTRUSHKA Dzmitry (BLR),,,4 - 2,8:11 11:6 11:8 9:11 11:4 11:4,MANSSON Magnus,2005
Swedish Open Gothenburg 2005,2005-11-17,MANSSON Magnus,BAGGALEY Andrew,SWE,ENG,4,1,"11,11,9,11,16|8,6,11,8,14",3,GRAND_SLAM,MS,1759,Qualification,MANSSON Magnus (SWE),BAGGALEY Andrew (ENG),,,4 - 1,11:8 11:6 9:11 11:8 16:14,MANSSON Magnus,2005
Swedish Open Gothenburg 2005,2005-11-17,DURAN Marc,ZLAMAL Jaromir,ESP,CZE,4,1,"13,11,11,13,11|11,7,8,15,3",,GRAND_SLAM,MS,1759,Qualification,DURAN Marc (ESP),ZLAMAL Jaromir (CZE),,,4 - 1,13:11 11:7 11:8 13:15 11:3,DURAN Marc,2005
Swedish Open Gothenburg 2005,2005-11-17,KISHIKAWA Seiya,ZLAMAL Jaromir,JPN,CZE,4,0,"11,11,11,11|2,3,4,5",QR2,GRAND_SLAM,MS,1759,Qualification,KISHIKAWA Seiya (JPN),ZLAMAL Jaromir (CZE),,,4 - 0,11:2 11:3 11:4 11:5,KISHIKAWA Seiya,2005
Swedish Open Gothenburg 2005,2005-11-17,KISHIKAWA Seiya,DURAN Marc,JPN,ESP,4,1,"11,11,11,7,11|8,6,8,11,7",3,GRAND_SLAM,MS,1759,Qualification,KISHIKAWA Seiya (JPN),DURAN Marc (ESP),,,4 - 1,11:8 11:6 11:8 7:11 11:7,KISHIKAWA Seiya,2005
Swedish Open Gothenburg 2005,2005-11-17,ROBERTSON Adam,FRIBY Silas,WAL,DEN,4,0,"11,11,11,11|5,4,9,9",,GRAND_SLAM,MS,1759,Qualification,ROBERTSON Adam (WAL),FRIBY Silas (DEN),,,4 - 0,11:5 11:4 11:9 11:9,ROBERTSON Adam,2005
Swedish Open Gothenburg 2005,2005-11-17,ZHANG Wilson,FRIBY Silas,CAN,DEN,4,0,"11,11,11,11|8,8,6,6",QR2,GRAND_SLAM,MS,1759,Qualification,ZHANG Wilson (CAN),FRIBY Silas (DEN),,,4 - 0,11:8 11:8 11:6 11:6,ZHANG Wilson,2005
Swedish Open Gothenburg 2005,2005-11-17,ROBERTSON Adam,ZHANG Wilson,WAL,CAN,4,3,"9,11,9,12,11,6,11|11,5,11,10,8,11,5",3,GRAND_SLAM,MS,1759,Qualification,ROBERTSON Adam (WAL),ZHANG Wilson (CAN),,,3 - 4,11:9 5:11 11:9 10:12 8:11 11:6 5:11,ROBERTSON Adam,2005
Swedish Open Gothenburg 2005,2005-11-17,KONGSGAARD Christian,BERNER Eric,DEN,NOR,4,0,"11,11,11,11|8,9,6,5",,GRAND_SLAM,MS,1759,Qualification,KONGSGAARD Christian (DEN),BERNER Eric (NOR),,,4 - 0,11:8 11:9 11:6 11:5,KONGSGAARD Christian,2005
Swedish Open Gothenburg 2005,2005-11-17,CABESTANY Cedrik,BERNER Eric,FRA,NOR,4,2,"11,11,11,10,8,11|6,7,8,12,11,9",QR2,GRAND_SLAM,MS,1759,Qualification,CABESTANY Cedrik (FRA),BERNER Eric (NOR),,,4 - 2,11:6 11:7 11:8 10:12 8:11 11:9,CABESTANY Cedrik,2005
Swedish Open Gothenburg 2005,2005-11-17,CABESTANY Cedrik,KONGSGAARD Christian,FRA,DEN,4,3,"8,11,6,11,11,11,11|11,7,11,7,13,6,9",3,GRAND_SLAM,MS,1759,Qualification,CABESTANY Cedrik (FRA),KONGSGAARD Christian (DEN),,,4 - 3,8:11 11:7 6:11 11:7 11:13 11:6 11:9,CABESTANY Cedrik,2005
Swedish Open Gothenburg 2005,2005-11-17,TAKAKIWA Kenichi,DAVIS Kyle,JPN,AUS,4,0,"11,11,11,11|9,6,6,8",,GRAND_SLAM,MS,1759,Qualification,TAKAKIWA Kenichi (JPN),DAVIS Kyle (AUS),,,4 - 0,11:9 11:6 11:6 11:8,TAKAKIWA Kenichi,2005
Swedish Open Gothenburg 2005,2005-11-17,WU Chih-Chi,DAVIS Kyle,TPE,AUS,4,1,"11,11,11,10,11|7,4,9,12,8",QR2,GRAND_SLAM,MS,1759,Qualification,WU Chih-Chi (TPE),DAVIS Kyle (AUS),,,4 - 1,11:7 11:4 11:9 10:12 11:8,WU Chih-Chi,2005
Swedish Open Gothenburg 2005,2005-11-17,TAKAKIWA Kenichi,WU Chih-Chi,JPN,TPE,4,0,"11,11,12,11|7,8,10,6",3,GRAND_SLAM,MS,1759,Qualification,TAKAKIWA Kenichi (JPN),WU Chih-Chi (TPE),,,0 - 4,7:11 8:11 10:12 6:11,TAKAKIWA Kenichi,2005
Swedish Open Gothenburg 2005,2005-11-17,HENZELL William,PLACEK Frantisek,AUS,CZE,4,0,"11,11,11,11|4,9,9,8",,GRAND_SLAM,MS,1759,Qualification,HENZELL William (AUS),PLACEK Frantisek (CZE),,,4 - 0,11:4 11:9 11:9 11:8,HENZELL William,2005
Swedish Open Gothenburg 2005,2005-11-17,HOYAMA Hugo,PLACEK Frantisek,BRA,CZE,4,1,"11,11,11,5,11|7,6,1,11,8",QR2,GRAND_SLAM,MS,1759,Qualification,HOYAMA Hugo (BRA),PLACEK Frantisek (CZE),,,4 - 1,11:7 11:6 11:1 5:11 11:8,HOYAMA Hugo,2005
Swedish Open Gothenburg 2005,2005-11-17,HOYAMA Hugo,HENZELL William,BRA,AUS,4,2,"9,11,11,8,18,11|11,6,7,11,16,8",3,GRAND_SLAM,MS,1759,Qualification,HOYAMA Hugo (BRA),HENZELL William (AUS),,,4 - 2,9:11 11:6 11:7 8:11 18:16 11:8,HOYAMA Hugo,2005
Swedish Open Gothenburg 2005,2005-11-17,ASAMOAH Cyprian,MENDEZ Rafael,SWE,MEX,4,0,"11,11,11,11|2,3,6,6",,GRAND_SLAM,MS,1759,Qualification,ASAMOAH Cyprian (SWE),MENDEZ Rafael (MEX),,,4 - 0,11:2 11:3 11:6 11:6,ASAMOAH Cyprian,2005
Swedish Open Gothenburg 2005,2005-11-17,LO Dany,MENDEZ Rafael,FRA,MEX,4,0,"11,11,11,12|9,7,0,10",QR2,GRAND_SLAM,MS,1759,Qualification,LO Dany (FRA),MENDEZ Rafael (MEX),,,4 - 0,11:9 11:7 11:0 12:10,LO Dany,2005
Swedish Open Gothenburg 2005,2005-11-17,LO Dany,ASAMOAH Cyprian,FRA,SWE,4,2,"11,11,10,12,12,11|7,5,12,14,10,7",3,GRAND_SLAM,MS,1759,Qualification,LO Dany (FRA),ASAMOAH Cyprian (SWE),,,4 - 2,11:7 11:5 10:12 12:14 12:10 11:7,LO Dany,2005
Swedish Open Gothenburg 2005,2005-11-17,FAN Guoliang,BEZARD Pierre,ESP,FRA,4,0,"11,11,11,11|2,7,5,4",,GRAND_SLAM,MS,1759,Qualification,FAN Guoliang (ESP),BEZARD Pierre (FRA),,,4 - 0,11:2 11:7 11:5 11:4,FAN Guoliang,2005
Swedish Open Gothenburg 2005,2005-11-17,AXELQVIST Johan,BEZARD Pierre,SWE,FRA,4,0,"11,11,11,11|7,7,8,9",QR2,GRAND_SLAM,MS,1759,Qualification,AXELQVIST Johan (SWE),BEZARD Pierre (FRA),,,4 - 0,11:7 11:7 11:8 11:9,AXELQVIST Johan,2005
Swedish Open Gothenburg 2005,2005-11-17,FAN Guoliang,AXELQVIST Johan,ESP,SWE,4,0,"12,11,11,11|10,7,5,1",3,GRAND_SLAM,MS,1759,Qualification,FAN Guoliang (ESP),AXELQVIST Johan (SWE),,,0 - 4,10:12 7:11 5:11 1:11,FAN Guoliang,2005
Swedish Open Gothenburg 2005,2005-11-17,VOZICKY Bohumil,HINDERSSON Mikkel,CZE,DEN,4,0,"11,11,11,11|8,0,5,3",,GRAND_SLAM,MS,1759,Qualification,VOZICKY Bohumil (CZE),HINDERSSON Mikkel (DEN),,,4 - 0,11:8 11:0 11:5 11:3,VOZICKY Bohumil,2005
Swedish Open Gothenburg 2005,2005-11-17,GORAK Daniel,HINDERSSON Mikkel,POL,DEN,4,0,"11,11,11,11|9,7,5,7",QR2,GRAND_SLAM,MS,1759,Qualification,GORAK Daniel (POL),HINDERSSON Mikkel (DEN),,,4 - 0,11:9 11:7 11:5 11:7,GORAK Daniel,2005
Swedish Open Gothenburg 2005,2005-11-17,VOZICKY Bohumil,GORAK Daniel,CZE,POL,4,0,"12,11,12,11|10,8,10,1",3,GRAND_SLAM,MS,1759,Qualification,VOZICKY Bohumil (CZE),GORAK Daniel (POL),,,0 - 4,10:12 8:11 10:12 1:11,VOZICKY Bohumil,2005
Swedish Open Gothenburg 2005,2005-11-17,MILICEVIC Srdan,OBESLO Michal,BIH,CZE,4,1,"12,11,7,11,11|10,6,11,5,4",,GRAND_SLAM,MS,1759,Qualification,MILICEVIC Srdan (BIH),OBESLO Michal (CZE),,,4 - 1,12:10 11:6 7:11 11:5 11:4,MILICEVIC Srdan,2005
Swedish Open Gothenburg 2005,2005-11-17,PHUNG Armand,OBESLO Michal,FRA,CZE,4,1,"11,7,11,11,11|2,11,5,6,5",QR2,GRAND_SLAM,MS,1759,Qualification,PHUNG Armand (FRA),OBESLO Michal (CZE),,,4 - 1,11:2 7:11 11:5 11:6 11:5,PHUNG Armand,2005
Swedish Open Gothenburg 2005,2005-11-17,PHUNG Armand,MILICEVIC Srdan,FRA,BIH,4,2,"7,11,11,14,6,11|11,7,4,12,11,9",3,GRAND_SLAM,MS,1759,Qualification,PHUNG Armand (FRA),MILICEVIC Srdan (BIH),,,4 - 2,7:11 11:7 11:4 14:12 6:11 11:9,PHUNG Armand,2005
Swedish Open Gothenburg 2005,2005-11-17,MACHADO Carlos,SEHIC Adnan,ESP,BIH,4,0,"11,11,11,11|4,2,8,9",,GRAND_SLAM,MS,1759,Qualification,MACHADO Carlos (ESP),SEHIC Adnan (BIH),,,4 - 0,11:4 11:2 11:8 11:9,MACHADO Carlos,2005
Swedish Open Gothenburg 2005,2005-11-17,KIHO Shinnosuke,SEHIC Adnan,JPN,BIH,4,1,"11,11,8,11,11|8,9,11,9,9",QR2,GRAND_SLAM,MS,1759,Qualification,KIHO Shinnosuke (JPN),SEHIC Adnan (BIH),,,4 - 1,11:8 11:9 8:11 11:9 11:9,KIHO Shinnosuke,2005
Swedish Open Gothenburg 2005,2005-11-17,MACHADO Carlos,KIHO Shinnosuke,ESP,JPN,4,1,"11,6,11,11,11|6,11,5,5,9",3,GRAND_SLAM,MS,1759,Qualification,MACHADO Carlos (ESP),KIHO Shinnosuke (JPN),,,1 - 4,6:11 11:6 5:11 5:11 9:11,MACHADO Carlos,2005
Swedish Open Gothenburg 2005,2005-11-17,LI Ping,KOSOWSKI Jakub,QAT,POL,4,0,"11,11,11,11|4,9,7,7",,GRAND_SLAM,MS,1759,Qualification,LI Ping (QAT),KOSOWSKI Jakub (POL),,,0 - 4,4:11 9:11 7:11 7:11,LI Ping,2005
Swedish Open Gothenburg 2005,2005-11-17,LI Ping,LIVENTSOV Alexey,QAT,RUS,4,1,"4,11,12,11,11|11,9,10,9,4",QR2,GRAND_SLAM,MS,1759,Qualification,LI Ping (QAT),LIVENTSOV Alexey (RUS),,,1 - 4,11:4 9:11 10:12 9:11 4:11,LI Ping,2005
Swedish Open Gothenburg 2005,2005-11-17,KOSOWSKI Jakub,LIVENTSOV Alexey,POL,RUS,4,1,"3,11,11,11,11|11,9,3,9,5",3,GRAND_SLAM,MS,1759,Qualification,KOSOWSKI Jakub (POL),LIVENTSOV Alexey (RUS),,,1 - 4,11:3 9:11 3:11 9:11 5:11,KOSOWSKI Jakub,2005
Swedish Open Gothenburg 2005,2005-11-17,SORENSEN Mads,HARA Masahiko,DEN,JPN,4,3,"10,11,14,11,13,11,11|12,8,16,6,15,1,6",,GRAND_SLAM,MS,1759,Qualification,SORENSEN Mads (DEN),HARA Masahiko (JPN),,,4 - 3,10:12 11:8 14:16 11:6 13:15 11:1 11:6,SORENSEN Mads,2005
Swedish Open Gothenburg 2005,2005-11-17,MONTEIRO Joao,HARA Masahiko,POR,JPN,4,0,"11,11,11,11|5,5,5,6",QR2,GRAND_SLAM,MS,1759,Qualification,MONTEIRO Joao (POR),HARA Masahiko (JPN),,,4 - 0,11:5 11:5 11:5 11:6,MONTEIRO Joao,2005
Swedish Open Gothenburg 2005,2005-11-17,MONTEIRO Joao,SORENSEN Mads,POR,DEN,4,1,"11,11,11,11,11|13,6,8,6,9",3,GRAND_SLAM,MS,1759,Qualification,MONTEIRO Joao (POR),SORENSEN Mads (DEN),,,4 - 1,11:13 11:6 11:8 11:6 11:9,MONTEIRO Joao,2005
Swedish Open Gothenburg 2005,2005-11-17,SVENSSON Robert,ABE Kazuhiro,SWE,JPN,4,0,"11,11,12,11|7,8,10,8",,GRAND_SLAM,MS,1759,Qualification,SVENSSON Robert (SWE),ABE Kazuhiro (JPN),,,4 - 0,11:7 11:8 12:10 11:8,SVENSSON Robert,2005
Swedish Open Gothenburg 2005,2005-11-17,MOLDOVAN Istvan,ABE Kazuhiro,NOR,JPN,4,1,"11,8,11,11,11|3,11,9,8,4",QR2,GRAND_SLAM,MS,1759,Qualification,MOLDOVAN Istvan (NOR),ABE Kazuhiro (JPN),,,4 - 1,11:3 8:11 11:9 11:8 11:4,MOLDOVAN Istvan,2005
Swedish Open Gothenburg 2005,2005-11-17,MOLDOVAN Istvan,SVENSSON Robert,NOR,SWE,4,1,"8,11,11,14,11|11,4,4,12,5",3,GRAND_SLAM,MS,1759,Qualification,MOLDOVAN Istvan (NOR),SVENSSON Robert (SWE),,,4 - 1,8:11 11:4 11:4 14:12 11:5,MOLDOVAN Istvan,2005
Swedish Open Gothenburg 2005,2005-11-17,JIANG Tianyi,QUENTEL Dorian,HKG,FRA,4,0,"13,11,11,11|11,2,5,3",,GRAND_SLAM,MS,1759,Qualification,JIANG Tianyi (HKG),QUENTEL Dorian (FRA),,,0 - 4,11:13 2:11 5:11 3:11,JIANG Tianyi,2005
Swedish Open Gothenburg 2005,2005-11-17,JIANG Tianyi,ZOOGLING Mikael,HKG,SWE,4,0,"14,11,11,11|12,2,9,3",QR2,GRAND_SLAM,MS,1759,Qualification,JIANG Tianyi (HKG),ZOOGLING Mikael (SWE),,,0 - 4,12:14 2:11 9:11 3:11,JIANG Tianyi,2005
Swedish Open Gothenburg 2005,2005-11-17,FETH Stefan,STAUFER Beat,GER,SUI,4,0,"11,11,11,11|6,6,2,7",,GRAND_SLAM,MS,1759,Qualification,FETH Stefan (GER),STAUFER Beat (SUI),,,4 - 0,11:6 11:6 11:2 11:7,FETH Stefan,2005
Swedish Open Gothenburg 2005,2005-11-17,NILSSON Peter,STAUFER Beat,SWE,SUI,4,3,"11,9,11,6,11,4,11|5,11,7,11,8,11,8",QR2,GRAND_SLAM,MS,1759,Qualification,NILSSON Peter (SWE),STAUFER Beat (SUI),,,4 - 3,11:5 9:11 11:7 6:11 11:8 4:11 11:8,NILSSON Peter,2005
Swedish Open Gothenburg 2005,2005-11-17,FETH Stefan,NILSSON Peter,GER,SWE,4,2,"11,12,12,6,9,11|7,10,10,11,11,7",3,GRAND_SLAM,MS,1759,Qualification,FETH Stefan (GER),NILSSON Peter (SWE),,,2 - 4,7:11 10:12 10:12 11:6 11:9 7:11,FETH Stefan,2005
Swedish Open Gothenburg 2005,2005-11-17,DEMEK Tomas,CARNEROS Alfredo,CZE,ESP,4,2,"6,11,11,11,12,14|11,7,6,6,14,12",,GRAND_SLAM,MS,1759,Qualification,DEMEK Tomas (CZE),CARNEROS Alfredo (ESP),,,2 - 4,11:6 7:11 6:11 6:11 14:12 12:14,DEMEK Tomas,2005
Swedish Open Gothenburg 2005,2005-11-17,BERTIN Christophe,DEMEK Tomas,FRA,CZE,4,0,"12,11,11,11|10,5,6,8",QR2,GRAND_SLAM,MS,1759,Qualification,BERTIN Christophe (FRA),DEMEK Tomas (CZE),,,4 - 0,12:10 11:5 11:6 11:8,BERTIN Christophe,2005
Swedish Open Gothenburg 2005,2005-11-17,CARNEROS Alfredo,BERTIN Christophe,ESP,FRA,4,0,"11,12,11,11|5,10,9,8",3,GRAND_SLAM,MS,1759,Qualification,CARNEROS Alfredo (ESP),BERTIN Christophe (FRA),,,0 - 4,5:11 10:12 9:11 8:11,CARNEROS Alfredo,2005
Swedish Open Gothenburg 2005,2005-11-17,STENBERG Mattias,MONZO Oriol,SWE,ESP,4,0,"11,11,11,11|4,4,2,3",,GRAND_SLAM,MS,1759,Qualification,STENBERG Mattias (SWE),MONZO Oriol (ESP),,,4 - 0,11:4 11:4 11:2 11:3,STENBERG Mattias,2005
Swedish Open Gothenburg 2005,2005-11-17,RUBTSOV Igor,MONZO Oriol,RUS,ESP,4,0,"11,11,11,15|2,1,6,13",QR2,GRAND_SLAM,MS,1759,Qualification,RUBTSOV Igor (RUS),MONZO Oriol (ESP),,,4 - 0,11:2 11:1 11:6 15:13,RUBTSOV Igor,2005
Swedish Open Gothenburg 2005,2005-11-17,STENBERG Mattias,RUBTSOV Igor,SWE,RUS,4,3,"11,11,13,8,12,9,11|5,9,11,11,14,11,7",3,GRAND_SLAM,MS,1759,Qualification,STENBERG Mattias (SWE),RUBTSOV Igor (RUS),,,3 - 4,5:11 9:11 11:13 11:8 14:12 11:9 7:11,STENBERG Mattias,2005
Swedish Open Gothenburg 2005,2005-11-17,TANG Peng,PIACENTINI Valentino,HKG,ITA,4,3,"11,11,11,15,11,7,11|3,13,7,17,5,11,7",,GRAND_SLAM,MS,1759,Qualification,TANG Peng (HKG),PIACENTINI Valentino (ITA),,,3 - 4,3:11 13:11 7:11 17:15 5:11 11:7 7:11,TANG Peng,2005
Swedish Open Gothenburg 2005,2005-11-17,TANG Peng,SAKAMOTO Ryusuke,HKG,JPN,4,2,"11,11,11,13,6,11|13,5,9,11,11,7",QR2,GRAND_SLAM,MS,1759,Qualification,TANG Peng (HKG),SAKAMOTO Ryusuke (JPN),,,2 - 4,13:11 5:11 9:11 11:13 11:6 7:11,TANG Peng,2005
Swedish Open Gothenburg 2005,2005-11-17,SAKAMOTO Ryusuke,PIACENTINI Valentino,JPN,ITA,4,1,"11,11,7,11,11|9,8,11,5,7",3,GRAND_SLAM,MS,1759,Qualification,SAKAMOTO Ryusuke (JPN),PIACENTINI Valentino (ITA),,,4 - 1,11:9 11:8 7:11 11:5 11:7,SAKAMOTO Ryusuke,2005
Swedish Open Gothenburg 2005,2005-11-17,JAKAB Janos,ONO Tatsuya,HUN,JPN,4,0,"11,11,11,12|6,9,6,10",,GRAND_SLAM,MS,1759,Qualification,JAKAB Janos (HUN),ONO Tatsuya (JPN),,,4 - 0,11:6 11:9 11:6 12:10,JAKAB Janos,2005
Swedish Open Gothenburg 2005,2005-11-17,KIM Junghoon,JACKSON Peter,KOR,NZL,4,1,"11,11,11,9,11|8,9,7,11,9",QR2,GRAND_SLAM,MS,1759,Qualification,KIM Junghoon (KOR),JACKSON Peter (NZL),,,4 - 1,11:8 11:9 11:7 9:11 11:9,KIM Junghoon,2005
Swedish Open Gothenburg 2005,2005-11-17,KIM Junghoon,ONO Tatsuya,KOR,JPN,4,1,"11,8,11,11,11|4,11,9,3,6",3,GRAND_SLAM,MS,1759,Qualification,KIM Junghoon (KOR),ONO Tatsuya (JPN),,,4 - 1,11:4 8:11 11:9 11:3 11:6,KIM Junghoon,2005
Swedish Open Gothenburg 2005,2005-11-17,JAKAB Janos,JACKSON Peter,HUN,NZL,4,0,"11,11,11,11|9,6,6,1",QR4,GRAND_SLAM,MS,1759,Qualification,JAKAB Janos (HUN),JACKSON Peter (NZL),,,4 - 0,11:9 11:6 11:6 11:1,JAKAB Janos,2005
Swedish Open Gothenburg 2005,2005-11-17,JAKAB Janos,KIM Junghoon,HUN,KOR,4,3,"10,9,11,7,11,11,12|12,11,9,11,3,9,10",5,GRAND_SLAM,MS,1759,Qualification,JAKAB Janos (HUN),KIM Junghoon (KOR),,,3 - 4,12:10 11:9 9:11 11:7 3:11 9:11 10:12,JAKAB Janos,2005
Swedish Open Gothenburg 2005,2005-11-17,ONO Tatsuya,JACKSON Peter,JPN,NZL,4,1,"11,11,6,11,11|7,9,11,5,5",6,GRAND_SLAM,MS,1759,Qualification,ONO Tatsuya (JPN),JACKSON Peter (NZL),,,4 - 1,11:7 11:9 6:11 11:5 11:5,ONO Tatsuya,2005
Swedish Open Gothenburg 2005,2005-11-17,LEE Jungsam,BUBA Ondrej,KOR,CZE,4,0,"11,11,11,11|3,4,7,9",,GRAND_SLAM,MS,1759,Qualification,LEE Jungsam (KOR),BUBA Ondrej (CZE),,,4 - 0,11:3 11:4 11:7 11:9,LEE Jungsam,2005
Swedish Open Gothenburg 2005,2005-11-17,BOBILLIER Loic,GREEN Wally,FRA,USA,4,0,"11,11,11,11|9,6,5,7",QR2,GRAND_SLAM,MS,1759,Qualification,BOBILLIER Loic (FRA),GREEN Wally (USA),,,4 - 0,11:9 11:6 11:5 11:7,BOBILLIER Loic,2005
Swedish Open Gothenburg 2005,2005-11-17,BOBILLIER Loic,BUBA Ondrej,FRA,CZE,4,1,"11,11,9,13,11|5,9,11,11,6",3,GRAND_SLAM,MS,1759,Qualification,BOBILLIER Loic (FRA),BUBA Ondrej (CZE),,,4 - 1,11:5 11:9 9:11 13:11 11:6,BOBILLIER Loic,2005
Swedish Open Gothenburg 2005,2005-11-17,LEE Jungsam,GREEN Wally,KOR,USA,4,0,"11,11,11,11|7,4,3,9",QR4,GRAND_SLAM,MS,1759,Qualification,LEE Jungsam (KOR),GREEN Wally (USA),,,4 - 0,11:7 11:4 11:3 11:9,LEE Jungsam,2005
Swedish Open Gothenburg 2005,2005-11-17,BOBILLIER Loic,LEE Jungsam,FRA,KOR,4,2,"9,11,9,14,11,11|11,7,11,12,8,3",5,GRAND_SLAM,MS,1759,Qualification,BOBILLIER Loic (FRA),LEE Jungsam (KOR),,,4 - 2,9:11 11:7 9:11 14:12 11:8 11:3,BOBILLIER Loic,2005
Swedish Open Gothenburg 2005,2005-11-17,BUBA Ondrej,GREEN Wally,CZE,USA,4,2,"6,11,11,7,11,11|11,7,3,11,6,8",6,GRAND_SLAM,MS,1759,Qualification,BUBA Ondrej (CZE),GREEN Wally (USA),,,4 - 2,6:11 11:7 11:3 7:11 11:6 11:8,BUBA Ondrej,2005
Swedish Open Gothenburg 2005,2005-11-17,BOLL Timo,TOKIC Bojan,GER,SLO,4,0,"11,11,11,11|7,5,7,4",R64,GRAND_SLAM,MS,1759,Main Draw,BOLL Timo (GER),TOKIC Bojan (SLO),,,4 - 0,11:7 11:5 11:7 11:4,BOLL Timo,2005
Swedish Open Gothenburg 2005,2005-11-17,TOSIC Roko,LUNDQVIST Jens,CRO,SWE,4,1,"8,11,11,11,11|11,8,4,7,7",R64,GRAND_SLAM,MS,1759,Main Draw,TOSIC Roko (CRO),LUNDQVIST Jens (SWE),,,4 - 1,8:11 11:8 11:4 11:7 11:7,TOSIC Roko,2005
Swedish Open Gothenburg 2005,2005-11-17,ELOI Damien,YOON Jaeyoung,FRA,KOR,4,2,"9,8,12,12,11,14|11,11,10,10,9,12",R64,GRAND_SLAM,MS,1759,Main Draw,ELOI Damien (FRA),YOON Jaeyoung (KOR),,,4 - 2,9:11 8:11 12:10 12:10 11:9 14:12,ELOI Damien,2005
Swedish Open Gothenburg 2005,2005-11-17,LEE Jungwoo,MIZUTANI Jun,KOR,JPN,4,1,"11,11,10,11,11|8,6,12,8,9",R64,GRAND_SLAM,MS,1759,Main Draw,LEE Jungwoo (KOR),MIZUTANI Jun (JPN),,,1 - 4,8:11 6:11 12:10 8:11 9:11,LEE Jungwoo,2005
Swedish Open Gothenburg 2005,2005-11-17,JOO Saehyuk,LO Dany,KOR,FRA,4,2,"11,8,13,11,11,11|8,11,15,3,3,4",R64,GRAND_SLAM,MS,1759,Main Draw,JOO Saehyuk (KOR),LO Dany (FRA),,,4 - 2,11:8 8:11 13:15 11:3 11:3 11:4,JOO Saehyuk,2005
Swedish Open Gothenburg 2005,2005-11-17,MA Long,YOSHIDA Kaii,CHN,JPN,4,1,"11,11,11,11,11|8,8,7,13,8",R64,GRAND_SLAM,MS,1759,Main Draw,MA Long (CHN),YOSHIDA Kaii (JPN),,,1 - 4,8:11 8:11 7:11 13:11 8:11,MA Long,2005
Swedish Open Gothenburg 2005,2005-11-17,WOSIK Torben,TANG Peng,GER,HKG,4,1,"11,3,11,13,11|8,11,5,11,6",R64,GRAND_SLAM,MS,1759,Main Draw,WOSIK Torben (GER),TANG Peng (HKG),,,4 - 1,11:8 3:11 11:5 13:11 11:6,WOSIK Torben,2005
Swedish Open Gothenburg 2005,2005-11-17,SCHLAGER Werner,JIANG Weizhong,AUT,CRO,4,1,"11,8,11,11,11|9,11,8,8,6",R64,GRAND_SLAM,MS,1759,Main Draw,SCHLAGER Werner (AUT),JIANG Weizhong (CRO),,,1 - 4,9:11 11:8 8:11 8:11 6:11,SCHLAGER Werner,2005
Swedish Open Gothenburg 2005,2005-11-17,CHUANG Chih-Yuan,VOZICKY Bohumil,TPE,CZE,4,2,"11,4,9,11,11,11|9,11,11,7,8,3",R64,GRAND_SLAM,MS,1759,Main Draw,CHUANG Chih-Yuan (TPE),VOZICKY Bohumil (CZE),,,4 - 2,11:9 4:11 9:11 11:7 11:8 11:3,CHUANG Chih-Yuan,2005
Swedish Open Gothenburg 2005,2005-11-17,HIELSCHER Lars,MANSSON Magnus,GER,SWE,4,3,"11,7,11,8,11,9,12|8,11,2,11,4,11,10",R64,GRAND_SLAM,MS,1759,Main Draw,HIELSCHER Lars (GER),MANSSON Magnus (SWE),,,3 - 4,8:11 11:7 2:11 11:8 4:11 11:9 10:12,HIELSCHER Lars,2005
Swedish Open Gothenburg 2005,2005-11-17,TAN Ruiwu,WANG Jianfeng,CRO,NOR,4,0,"11,12,11,14|7,10,7,12",R64,GRAND_SLAM,MS,1759,Main Draw,TAN Ruiwu (CRO),WANG Jianfeng (NOR),,,4 - 0,11:7 12:10 11:7 14:12,TAN Ruiwu,2005
Swedish Open Gothenburg 2005,2005-11-17,KARLSSON Peter,HOYAMA Hugo,SWE,BRA,4,1,"11,11,11,9,11|7,2,9,11,6",R64,GRAND_SLAM,MS,1759,Main Draw,KARLSSON Peter (SWE),HOYAMA Hugo (BRA),,,1 - 4,7:11 2:11 9:11 11:9 6:11,KARLSSON Peter,2005
Swedish Open Gothenburg 2005,2005-11-17,HAO Shuai,CARNEROS Alfredo,CHN,ESP,4,0,"11,12,11,11|4,10,7,5",R64,GRAND_SLAM,MS,1759,Main Draw,HAO Shuai (CHN),CARNEROS Alfredo (ESP),,,4 - 0,11:4 12:10 11:7 11:5,HAO Shuai,2005
Swedish Open Gothenburg 2005,2005-11-17,LEUNG Chu Yan,HABESOHN Daniel,HKG,AUT,4,0,"11,11,11,11|7,8,7,7",R64,GRAND_SLAM,MS,1759,Main Draw,LEUNG Chu Yan (HKG),HABESOHN Daniel (AUT),,,0 - 4,7:11 8:11 7:11 7:11,LEUNG Chu Yan,2005
Swedish Open Gothenburg 2005,2005-11-17,ZHANG Chao,FEJER-KONNERTH Zoltan,CHN,GER,4,3,"13,8,11,10,11,10,11|11,11,8,12,7,12,9",R64,GRAND_SLAM,MS,1759,Main Draw,ZHANG Chao (CHN),FEJER-KONNERTH Zoltan (GER),,,3 - 4,11:13 11:8 8:11 12:10 7:11 12:10 9:11,ZHANG Chao,2005
Swedish Open Gothenburg 2005,2005-11-17,RYU Seungmin,LI Ping,KOR,QAT,4,3,"11,6,11,4,11,6,11|7,11,8,11,6,11,9",R64,GRAND_SLAM,MS,1759,Main Draw,RYU Seungmin (KOR),LI Ping (QAT),,,3 - 4,7:11 11:6 8:11 11:4 6:11 11:6 9:11,RYU Seungmin,2005
Swedish Open Gothenburg 2005,2005-11-17,LIU Guozheng,PLACHY Josef,CHN,CZE,4,0,"11,11,11,11|8,6,4,6",R64,GRAND_SLAM,MS,1759,Main Draw,LIU Guozheng (CHN),PLACHY Josef (CZE),,,4 - 0,11:8 11:6 11:4 11:6,LIU Guozheng,2005
Swedish Open Gothenburg 2005,2005-11-17,GIONIS Panagiotis,STEGER Bastian,GRE,GER,4,0,"11,11,11,11|5,7,5,5",R64,GRAND_SLAM,MS,1759,Main Draw,GIONIS Panagiotis (GRE),STEGER Bastian (GER),,,4 - 0,11:5 11:7 11:5 11:5,GIONIS Panagiotis,2005
Swedish Open Gothenburg 2005,2005-11-17,SUSS Christian,GERELL Par,GER,SWE,4,3,"10,11,11,8,11,6,11|12,5,3,11,8,11,4",R64,GRAND_SLAM,MS,1759,Main Draw,SUSS Christian (GER),GERELL Par (SWE),,,4 - 3,10:12 11:5 11:3 8:11 11:8 6:11 11:4,SUSS Christian,2005
Swedish Open Gothenburg 2005,2005-11-17,BLASZCZYK Lucjan,BOBILLIER Loic,POL,FRA,4,2,"4,12,7,11,11,11|11,10,11,8,4,4",R64,GRAND_SLAM,MS,1759,Main Draw,BLASZCZYK Lucjan (POL),BOBILLIER Loic (FRA),,,2 - 4,11:4 10:12 11:7 8:11 4:11 4:11,BLASZCZYK Lucjan,2005
Swedish Open Gothenburg 2005,2005-11-17,XU Hui,KORBEL Petr,CHN,CZE,4,0,"11,13,11,11|5,11,7,8",R64,GRAND_SLAM,MS,1759,Main Draw,XU Hui (CHN),KORBEL Petr (CZE),,,0 - 4,5:11 11:13 7:11 8:11,XU Hui,2005
Swedish Open Gothenburg 2005,2005-11-17,OLEJNIK Martin,CHILA Patrick,CZE,FRA,4,2,"11,10,11,11,9,11|7,12,6,4,11,6",R64,GRAND_SLAM,MS,1759,Main Draw,OLEJNIK Martin (CZE),CHILA Patrick (FRA),,,4 - 2,11:7 10:12 11:6 11:4 9:11 11:6,OLEJNIK Martin,2005
Swedish Open Gothenburg 2005,2005-11-17,WANG Zengyi,LEGOUT Christophe,POL,FRA,4,1,"5,11,12,11,11|11,5,10,8,7",R64,GRAND_SLAM,MS,1759,Main Draw,WANG Zengyi (POL),LEGOUT Christophe (FRA),,,1 - 4,11:5 5:11 10:12 8:11 7:11,WANG Zengyi,2005
Swedish Open Gothenburg 2005,2005-11-17,CHEN Weixing,FILIMON Andrei,AUT,ROU,4,0,"11,12,11,11|8,10,5,7",R64,GRAND_SLAM,MS,1759,Main Draw,CHEN Weixing (AUT),FILIMON Andrei (ROU),,,0 - 4,8:11 10:12 5:11 7:11,CHEN Weixing,2005
Swedish Open Gothenburg 2005,2005-11-17,SAIVE Jean-Michel,LIM Jaehyun,BEL,KOR,4,1,"11,11,12,11,11|8,4,14,5,8",R64,GRAND_SLAM,MS,1759,Main Draw,SAIVE Jean-Michel (BEL),LIM Jaehyun (KOR),,,4 - 1,11:8 11:4 12:14 11:5 11:8,SAIVE Jean-Michel,2005
Swedish Open Gothenburg 2005,2005-11-17,YANG Min,VOSTES Yannick,ITA,BEL,4,1,"11,11,11,9,11|4,8,1,11,6",R64,GRAND_SLAM,MS,1759,Main Draw,YANG Min (ITA),VOSTES Yannick (BEL),,,1 - 4,4:11 8:11 1:11 11:9 6:11,YANG Min,2005
Swedish Open Gothenburg 2005,2005-11-17,LIN Ju,CABESTANY Cedrik,DOM,FRA,4,1,"11,11,6,11,13|9,7,11,9,11",R64,GRAND_SLAM,MS,1759,Main Draw,LIN Ju (DOM),CABESTANY Cedrik (FRA),,,4 - 1,11:9 11:7 6:11 11:9 13:11,LIN Ju,2005
Swedish Open Gothenburg 2005,2005-11-17,SUCH Bartosz,CHOI Hyunjin,POL,KOR,4,3,"13,7,9,4,11,11,11|11,11,11,11,7,9,9",R64,GRAND_SLAM,MS,1759,Main Draw,SUCH Bartosz (POL),CHOI Hyunjin (KOR),,,3 - 4,11:13 11:7 11:9 11:4 7:11 9:11 9:11,SUCH Bartosz,2005
Swedish Open Gothenburg 2005,2005-11-17,ERLANDSEN Geir,SMIRNOV Alexey,NOR,RUS,4,2,"11,15,5,6,11,11|8,13,11,11,4,6",R64,GRAND_SLAM,MS,1759,Main Draw,ERLANDSEN Geir (NOR),SMIRNOV Alexey (RUS),,,2 - 4,8:11 13:15 11:5 11:6 4:11 6:11,ERLANDSEN Geir,2005
Swedish Open Gothenburg 2005,2005-11-17,CHEUNG Yuk,MAZUNOV Dmitry,HKG,RUS,4,1,"11,11,12,11,12|13,1,10,9,10",R64,GRAND_SLAM,MS,1759,Main Draw,CHEUNG Yuk (HKG),MAZUNOV Dmitry (RUS),,,1 - 4,13:11 1:11 10:12 9:11 10:12,CHEUNG Yuk,2005
Swedish Open Gothenburg 2005,2005-11-17,KEEN Trinko,KEINATH Thomas,NED,SVK,4,3,"11,7,8,11,12,11,13|13,11,11,9,10,8,11",R64,GRAND_SLAM,MS,1759,Main Draw,KEEN Trinko (NED),KEINATH Thomas (SVK),,,4 - 3,11:13 7:11 8:11 11:9 12:10 11:8 13:11,KEEN Trinko,2005
Swedish Open Gothenburg 2005,2005-11-17,OH Sangeun,JAKAB Janos,KOR,HUN,4,1,"9,11,11,11,11|11,7,7,6,4",R64,GRAND_SLAM,MS,1759,Main Draw,OH Sangeun (KOR),JAKAB Janos (HUN),,,1 - 4,11:9 7:11 7:11 6:11 4:11,OH Sangeun,2005
Swedish Open Gothenburg 2005,2005-11-17,BOLL Timo,TOSIC Roko,GER,CRO,4,0,"11,11,11,11|8,6,3,8",R32,GRAND_SLAM,MS,1759,Main Draw,BOLL Timo (GER),TOSIC Roko (CRO),,,4 - 0,11:8 11:6 11:3 11:8,BOLL Timo,2005
Swedish Open Gothenburg 2005,2005-11-17,LEE Jungwoo,ELOI Damien,KOR,FRA,4,0,"11,11,12,11|6,8,10,6",R32,GRAND_SLAM,MS,1759,Main Draw,LEE Jungwoo (KOR),ELOI Damien (FRA),,,0 - 4,6:11 8:11 10:12 6:11,LEE Jungwoo,2005
Swedish Open Gothenburg 2005,2005-11-17,MA Long,JOO Saehyuk,CHN,KOR,4,3,"11,11,11,11,11,7,11|13,3,8,13,9,11,8",R32,GRAND_SLAM,MS,1759,Main Draw,MA Long (CHN),JOO Saehyuk (KOR),,,3 - 4,13:11 3:11 8:11 13:11 9:11 11:7 8:11,MA Long,2005
Swedish Open Gothenburg 2005,2005-11-17,SCHLAGER Werner,WOSIK Torben,AUT,GER,4,1,"11,11,6,11,11|2,8,11,9,9",R32,GRAND_SLAM,MS,1759,Main Draw,SCHLAGER Werner (AUT),WOSIK Torben (GER),,,1 - 4,2:11 8:11 11:6 9:11 9:11,SCHLAGER Werner,2005
Swedish Open Gothenburg 2005,2005-11-17,CHUANG Chih-Yuan,HIELSCHER Lars,TPE,GER,4,2,"8,11,11,11,9,11|11,5,7,9,11,6",R32,GRAND_SLAM,MS,1759,Main Draw,CHUANG Chih-Yuan (TPE),HIELSCHER Lars (GER),,,4 - 2,8:11 11:5 11:7 11:9 9:11 11:6,CHUANG Chih-Yuan,2005
Swedish Open Gothenburg 2005,2005-11-17,TAN Ruiwu,KARLSSON Peter,CRO,SWE,4,2,"11,11,8,6,11,11|5,4,11,11,7,8",R32,GRAND_SLAM,MS,1759,Main Draw,TAN Ruiwu (CRO),KARLSSON Peter (SWE),,,4 - 2,11:5 11:4 8:11 6:11 11:7 11:8,TAN Ruiwu,2005
Swedish Open Gothenburg 2005,2005-11-17,HAO Shuai,LEUNG Chu Yan,CHN,HKG,4,2,"9,12,8,11,11,11|11,0,11,9,9,6",R32,GRAND_SLAM,MS,1759,Main Draw,HAO Shuai (CHN),LEUNG Chu Yan (HKG),,,4 - 2,9:11 12:0 8:11 11:9 11:9 11:6,HAO Shuai,2005
Swedish Open Gothenburg 2005,2005-11-17,ZHANG Chao,RYU Seungmin,CHN,KOR,4,2,"11,11,7,8,11,11|9,8,11,11,6,5",R32,GRAND_SLAM,MS,1759,Main Draw,ZHANG Chao (CHN),RYU Seungmin (KOR),,,4 - 2,11:9 11:8 7:11 8:11 11:6 11:5,ZHANG Chao,2005
Swedish Open Gothenburg 2005,2005-11-17,LIU Guozheng,GIONIS Panagiotis,CHN,GRE,4,0,"11,11,11,16|9,6,9,14",R32,GRAND_SLAM,MS,1759,Main Draw,LIU Guozheng (CHN),GIONIS Panagiotis (GRE),,,4 - 0,11:9 11:6 11:9 16:14,LIU Guozheng,2005
Swedish Open Gothenburg 2005,2005-11-17,BLASZCZYK Lucjan,SUSS Christian,POL,GER,4,2,"11,5,11,6,11,11|9,11,9,11,2,9",R32,GRAND_SLAM,MS,1759,Main Draw,BLASZCZYK Lucjan (POL),SUSS Christian (GER),,,2 - 4,9:11 11:5 9:11 11:6 2:11 9:11,BLASZCZYK Lucjan,2005
Swedish Open Gothenburg 2005,2005-11-17,XU Hui,OLEJNIK Martin,CHN,CZE,4,2,"9,11,7,11,11,11|11,8,11,6,8,5",R32,GRAND_SLAM,MS,1759,Main Draw,XU Hui (CHN),OLEJNIK Martin (CZE),,,4 - 2,9:11 11:8 7:11 11:6 11:8 11:5,XU Hui,2005
Swedish Open Gothenburg 2005,2005-11-17,CHEN Weixing,WANG Zengyi,AUT,POL,4,1,"11,7,11,11,11|5,11,8,9,9",R32,GRAND_SLAM,MS,1759,Main Draw,CHEN Weixing (AUT),WANG Zengyi (POL),,,1 - 4,5:11 11:7 8:11 9:11 9:11,CHEN Weixing,2005
Swedish Open Gothenburg 2005,2005-11-17,SAIVE Jean-Michel,YANG Min,BEL,ITA,4,1,"11,6,11,11,11|6,11,4,7,8",R32,GRAND_SLAM,MS,1759,Main Draw,SAIVE Jean-Michel (BEL),YANG Min (ITA),,,4 - 1,11:6 6:11 11:4 11:7 11:8,SAIVE Jean-Michel,2005
Swedish Open Gothenburg 2005,2005-11-17,LIN Ju,SUCH Bartosz,DOM,POL,4,0,"11,11,11,11|9,8,9,7",R32,GRAND_SLAM,MS,1759,Main Draw,LIN Ju (DOM),SUCH Bartosz (POL),,,4 - 0,11:9 11:8 11:9 11:7,LIN Ju,2005
Swedish Open Gothenburg 2005,2005-11-17,CHEUNG Yuk,ERLANDSEN Geir,HKG,NOR,4,2,"6,11,6,11,11,11|11,4,11,7,8,1",R32,GRAND_SLAM,MS,1759,Main Draw,CHEUNG Yuk (HKG),ERLANDSEN Geir (NOR),,,2 - 4,11:6 4:11 11:6 7:11 8:11 1:11,CHEUNG Yuk,2005
Swedish Open Gothenburg 2005,2005-11-17,KEEN Trinko,OH Sangeun,NED,KOR,4,3,"11,11,3,8,5,11,11|9,5,11,11,11,8,3",R32,GRAND_SLAM,MS,1759,Main Draw,KEEN Trinko (NED),OH Sangeun (KOR),,,4 - 3,11:9 11:5 3:11 8:11 5:11 11:8 11:3,KEEN Trinko,2005
Swedish Open Gothenburg 2005,2005-11-17,BOLL Timo,LEE Jungwoo,GER,KOR,4,2,"8,11,11,11,7,11|11,8,8,4,11,5",R16,GRAND_SLAM,MS,1759,Main Draw,BOLL Timo (GER),LEE Jungwoo (KOR),,,4 - 2,8:11 11:8 11:8 11:4 7:11 11:5,BOLL Timo,2005
Swedish Open Gothenburg 2005,2005-11-17,MA Long,SCHLAGER Werner,CHN,AUT,4,0,"11,11,11,11|2,8,8,5",R16,GRAND_SLAM,MS,1759,Main Draw,MA Long (CHN),SCHLAGER Werner (AUT),,,4 - 0,11:2 11:8 11:8 11:5,MA Long,2005
Swedish Open Gothenburg 2005,2005-11-17,CHUANG Chih-Yuan,TAN Ruiwu,TPE,CRO,4,2,"6,11,11,11,9,11|11,2,9,7,11,8",R16,GRAND_SLAM,MS,1759,Main Draw,CHUANG Chih-Yuan (TPE),TAN Ruiwu (CRO),,,4 - 2,6:11 11:2 11:9 11:7 9:11 11:8,CHUANG Chih-Yuan,2005
Swedish Open Gothenburg 2005,2005-11-17,HAO Shuai,ZHANG Chao,CHN,CHN,4,2,"11,11,11,7,12,14|3,9,7,11,14,12",R16,GRAND_SLAM,MS,1759,Main Draw,HAO Shuai (CHN),ZHANG Chao (CHN),,,4 - 2,11:3 11:9 11:7 7:11 12:14 14:12,HAO Shuai,2005
Swedish Open Gothenburg 2005,2005-11-17,LIU Guozheng,BLASZCZYK Lucjan,CHN,POL,4,1,"6,11,12,11,11|11,8,10,7,7",R16,GRAND_SLAM,MS,1759,Main Draw,LIU Guozheng (CHN),BLASZCZYK Lucjan (POL),,,4 - 1,6:11 11:8 12:10 11:7 11:7,LIU Guozheng,2005
Swedish Open Gothenburg 2005,2005-11-17,CHEN Weixing,XU Hui,AUT,CHN,4,2,"8,14,9,11,11,11|11,12,11,5,9,9",R16,GRAND_SLAM,MS,1759,Main Draw,CHEN Weixing (AUT),XU Hui (CHN),,,2 - 4,11:8 12:14 11:9 5:11 9:11 9:11,CHEN Weixing,2005
Swedish Open Gothenburg 2005,2005-11-17,SAIVE Jean-Michel,LIN Ju,BEL,DOM,4,1,"11,11,8,11,11|8,5,11,6,7",R16,GRAND_SLAM,MS,1759,Main Draw,SAIVE Jean-Michel (BEL),LIN Ju (DOM),,,4 - 1,11:8 11:5 8:11 11:6 11:7,SAIVE Jean-Michel,2005
Swedish Open Gothenburg 2005,2005-11-17,KEEN Trinko,CHEUNG Yuk,NED,HKG,4,1,"11,5,11,11,11|7,11,9,9,1",R16,GRAND_SLAM,MS,1759,Main Draw,KEEN Trinko (NED),CHEUNG Yuk (HKG),,,1 - 4,7:11 11:5 9:11 9:11 1:11,KEEN Trinko,2005
Swedish Open Gothenburg 2005,2005-11-17,BOLL Timo,MA Long,GER,CHN,4,2,"6,11,11,11,8,11|11,7,6,9,11,1",QuarterFinal,GRAND_SLAM,MS,1759,Main Draw,BOLL Timo (GER),MA Long (CHN),,,4 - 2,6:11 11:7 11:6 11:9 8:11 11:1,BOLL Timo,2005
Swedish Open Gothenburg 2005,2005-11-17,HAO Shuai,CHUANG Chih-Yuan,CHN,TPE,4,3,"7,11,6,11,5,11,11|11,5,11,9,11,4,5",QuarterFinal,GRAND_SLAM,MS,1759,Main Draw,HAO Shuai (CHN),CHUANG Chih-Yuan (TPE),,,3 - 4,11:7 5:11 11:6 9:11 11:5 4:11 5:11,HAO Shuai,2005
Swedish Open Gothenburg 2005,2005-11-17,LIU Guozheng,CHEN Weixing,CHN,AUT,4,3,"11,8,11,3,11,9,11|4,11,6,11,4,11,4",QuarterFinal,GRAND_SLAM,MS,1759,Main Draw,LIU Guozheng (CHN),CHEN Weixing (AUT),,,4 - 3,11:4 8:11 11:6 3:11 11:4 9:11 11:4,LIU Guozheng,2005
Swedish Open Gothenburg 2005,2005-11-17,SAIVE Jean-Michel,KEEN Trinko,BEL,NED,4,3,"9,5,12,1,11,11,11|11,11,10,11,7,8,7",QuarterFinal,GRAND_SLAM,MS,1759,Main Draw,SAIVE Jean-Michel (BEL),KEEN Trinko (NED),,,4 - 3,9:11 5:11 12:10 1:11 11:7 11:8 11:7,SAIVE Jean-Michel,2005
Swedish Open Gothenburg 2005,2005-11-17,BOLL Timo,HAO Shuai,GER,CHN,4,1,"11,11,11,5,11|6,3,7,11,9",SemiFinal,GRAND_SLAM,MS,1759,Main Draw,BOLL Timo (GER),HAO Shuai (CHN),,,4 - 1,11:6 11:3 11:7 5:11 11:9,BOLL Timo,2005
Swedish Open Gothenburg 2005,2005-11-17,SAIVE Jean-Michel,LIU Guozheng,BEL,CHN,4,1,"5,11,11,11,13|11,4,9,3,11",SemiFinal,GRAND_SLAM,MS,1759,Main Draw,SAIVE Jean-Michel (BEL),LIU Guozheng (CHN),,,1 - 4,11:5 4:11 9:11 3:11 11:13,SAIVE Jean-Michel,2005
Swedish Open Gothenburg 2005,2005-11-17,BOLL Timo,SAIVE Jean-Michel,GER,BEL,4,2,"8,11,11,10,11,13|11,7,7,12,6,11",Final,GRAND_SLAM,MS,1759,Main Draw,BOLL Timo (GER),SAIVE Jean-Michel (BEL),,,4 - 2,8:11 11:7 11:7 10:12 11:6 13:11,BOLL Timo,2005
Swedish Open Gothenburg 2005,2005-11-17,BOBILLIER Loic,CHO Jihoon,FRA,KOR,4,0,"13,11,11,11|11,8,7,6",QR64,GRAND_SLAM,MS,1759,Qualification,BOBILLIER Loic (FRA),CHO Jihoon (KOR),,,0 - 4,11:13 8:11 7:11 6:11,BOBILLIER Loic,2005
Swedish Open Gothenburg 2005,2005-11-17,JAKAB Janos,ZUBCIC Tomislav,HUN,CRO,4,1,"12,11,7,11,11|10,5,11,6,7",QR64,GRAND_SLAM,MS,1759,Qualification,JAKAB Janos (HUN),ZUBCIC Tomislav (CRO),,,1 - 4,10:12 5:11 11:7 6:11 7:11,JAKAB Janos,2005
Swedish Open Gothenburg 2005,2005-11-17,TANG Peng,CHO Eonrae,HKG,KOR,4,1,"8,12,11,11,11|11,10,6,1,6",QR64,GRAND_SLAM,MS,1759,Qualification,TANG Peng (HKG),CHO Eonrae (KOR),,,1 - 4,11:8 10:12 6:11 1:11 6:11,TANG Peng,2005
Swedish Open Gothenburg 2005,2005-11-17,MIZUTANI Jun,STENBERG Mattias,JPN,SWE,4,1,"12,11,11,7,11|10,7,8,11,6",QR64,GRAND_SLAM,MS,1759,Qualification,MIZUTANI Jun (JPN),STENBERG Mattias (SWE),,,4 - 1,12:10 11:7 11:8 7:11 11:6,MIZUTANI Jun,2005
Swedish Open Gothenburg 2005,2005-11-17,CARNEROS Alfredo,MOLIN Magnus,ESP,SWE,4,2,"11,11,9,11,9,11|9,5,11,9,11,9",QR64,GRAND_SLAM,MS,1759,Qualification,CARNEROS Alfredo (ESP),MOLIN Magnus (SWE),,,2 - 4,9:11 5:11 11:9 9:11 11:9 9:11,CARNEROS Alfredo,2005
Swedish Open Gothenburg 2005,2005-11-17,PLACHY Josef,FETH Stefan,CZE,GER,4,1,"10,11,11,11,11|12,9,6,9,9",QR64,GRAND_SLAM,MS,1759,Qualification,PLACHY Josef (CZE),FETH Stefan (GER),,,4 - 1,10:12 11:9 11:6 11:9 11:9,PLACHY Josef,2005
Swedish Open Gothenburg 2005,2005-11-17,GERELL Par,JIANG Tianyi,SWE,HKG,4,0,"11,12,15,11|7,10,13,7",QR64,GRAND_SLAM,MS,1759,Qualification,GERELL Par (SWE),JIANG Tianyi (HKG),,,4 - 0,11:7 12:10 15:13 11:7,GERELL Par,2005
Swedish Open Gothenburg 2005,2005-11-17,FILIMON Andrei,MOLDOVAN Istvan,ROU,NOR,4,3,"7,11,4,7,11,11,11|11,9,11,11,8,7,3",QR64,GRAND_SLAM,MS,1759,Qualification,FILIMON Andrei (ROU),MOLDOVAN Istvan (NOR),,,4 - 3,7:11 11:9 4:11 7:11 11:8 11:7 11:3,FILIMON Andrei,2005
Swedish Open Gothenburg 2005,2005-11-17,XU Hui,MONTEIRO Joao,CHN,POR,4,0,"11,11,13,11|2,9,11,5",QR64,GRAND_SLAM,MS,1759,Qualification,XU Hui (CHN),MONTEIRO Joao (POR),,,4 - 0,11:2 11:9 13:11 11:5,XU Hui,2005
Swedish Open Gothenburg 2005,2005-11-17,LI Ping,OLLIVIER Brice,QAT,FRA,4,0,"11,11,11,11|7,5,9,6",QR64,GRAND_SLAM,MS,1759,Qualification,LI Ping (QAT),OLLIVIER Brice (FRA),,,0 - 4,7:11 5:11 9:11 6:11,LI Ping,2005
Swedish Open Gothenburg 2005,2005-11-17,JIANG Weizhong,MACHADO Carlos,CRO,ESP,4,3,"9,11,11,5,11,7,12|11,6,9,11,8,11,10",QR64,GRAND_SLAM,MS,1759,Qualification,JIANG Weizhong (CRO),MACHADO Carlos (ESP),,,4 - 3,9:11 11:6 11:9 5:11 11:8 7:11 12:10,JIANG Weizhong,2005
Swedish Open Gothenburg 2005,2005-11-17,VOZICKY Bohumil,TAKAKIWA Taku,CZE,JPN,4,2,"4,5,11,11,11,11|11,11,9,7,4,9",QR64,GRAND_SLAM,MS,1759,Qualification,VOZICKY Bohumil (CZE),TAKAKIWA Taku (JPN),,,2 - 4,11:4 11:5 9:11 7:11 4:11 9:11,VOZICKY Bohumil,2005
Swedish Open Gothenburg 2005,2005-11-17,OLEJNIK Martin,PHUNG Armand,CZE,FRA,4,2,"15,7,11,9,11,11|13,11,3,11,7,6",QR64,GRAND_SLAM,MS,1759,Qualification,OLEJNIK Martin (CZE),PHUNG Armand (FRA),,,4 - 2,15:13 7:11 11:3 9:11 11:7 11:6,OLEJNIK Martin,2005
Swedish Open Gothenburg 2005,2005-11-17,MANSSON Magnus,FAN Guoliang,SWE,ESP,4,2,"3,11,5,11,11,11|11,6,11,3,8,8",QR64,GRAND_SLAM,MS,1759,Qualification,MANSSON Magnus (SWE),FAN Guoliang (ESP),,,4 - 2,3:11 11:6 5:11 11:3 11:8 11:8,MANSSON Magnus,2005
Swedish Open Gothenburg 2005,2005-11-17,LO Dany,KISHIKAWA Seiya,FRA,JPN,4,3,"11,11,13,3,7,8,12|5,9,11,11,11,11,10",QR64,GRAND_SLAM,MS,1759,Qualification,LO Dany (FRA),KISHIKAWA Seiya (JPN),,,3 - 4,5:11 9:11 11:13 11:3 11:7 11:8 10:12,LO Dany,2005
Swedish Open Gothenburg 2005,2005-11-17,HOYAMA Hugo,ROBERTSON Adam,BRA,WAL,4,0,"13,11,11,11|11,5,6,5",QR64,GRAND_SLAM,MS,1759,Qualification,HOYAMA Hugo (BRA),ROBERTSON Adam (WAL),,,0 - 4,11:13 5:11 6:11 5:11,HOYAMA Hugo,2005
Swedish Open Gothenburg 2005,2005-11-17,CABESTANY Cedrik,TAKAKIWA Kenichi,FRA,JPN,4,1,"11,11,11,11,11|9,9,13,3,4",QR64,GRAND_SLAM,MS,1759,Qualification,CABESTANY Cedrik (FRA),TAKAKIWA Kenichi (JPN),,,4 - 1,11:9 11:9 11:13 11:3 11:4,CABESTANY Cedrik,2005
Swedish Open Gothenburg 2005,2005-11-17,KLEPRLIK Michal,DAVIDOVICH Dmitry,CZE,BLR,3,1,"11,11,4,15|5,8,11,13",,GRAND_SLAM,U21MS,1759,Qualification,KLEPRLIK Michal (CZE),DAVIDOVICH Dmitry (BLR),,,1 - 3,5:11 8:11 11:4 13:15,KLEPRLIK Michal,2005
Swedish Open Gothenburg 2005,2005-11-17,APOLONIA Tiago,KLEPRLIK Michal,POR,CZE,3,1,"12,6,11,11|10,11,6,4",QR2,GRAND_SLAM,U21MS,1759,Qualification,APOLONIA Tiago (POR),KLEPRLIK Michal (CZE),,,3 - 1,12:10 6:11 11:6 11:4,APOLONIA Tiago,2005
Swedish Open Gothenburg 2005,2005-11-17,APOLONIA Tiago,DAVIDOVICH Dmitry,POR,BLR,3,0,"11,11,11|5,6,2",3,GRAND_SLAM,U21MS,1759,Qualification,APOLONIA Tiago (POR),DAVIDOVICH Dmitry (BLR),,,3 - 0,11:5 11:6 11:2,APOLONIA Tiago,2005
Swedish Open Gothenburg 2005,2005-11-17,MATTENET Adrien,HINSE Pierre-Luc,FRA,CAN,3,2,"13,12,6,11,12|11,14,11,7,10",,GRAND_SLAM,U21MS,1759,Qualification,MATTENET Adrien (FRA),HINSE Pierre-Luc (CAN),,,3 - 2,13:11 12:14 6:11 11:7 12:10,MATTENET Adrien,2005
Swedish Open Gothenburg 2005,2005-11-17,NAKANO Yusuke,HINSE Pierre-Luc,JPN,CAN,3,1,"7,11,11,11|11,9,4,3",QR2,GRAND_SLAM,U21MS,1759,Qualification,NAKANO Yusuke (JPN),HINSE Pierre-Luc (CAN),,,3 - 1,7:11 11:9 11:4 11:3,NAKANO Yusuke,2005
Swedish Open Gothenburg 2005,2005-11-17,MATTENET Adrien,NAKANO Yusuke,FRA,JPN,3,0,"12,11,11|10,2,9",3,GRAND_SLAM,U21MS,1759,Qualification,MATTENET Adrien (FRA),NAKANO Yusuke (JPN),,,0 - 3,10:12 2:11 9:11,MATTENET Adrien,2005
Swedish Open Gothenburg 2005,2005-11-17,BAUBET Vincent,STERNBERG Kasper,FRA,DEN,3,1,"11,14,8,11|9,12,11,6",,GRAND_SLAM,U21MS,1759,Qualification,BAUBET Vincent (FRA),STERNBERG Kasper (DEN),,,3 - 1,11:9 14:12 8:11 11:6,BAUBET Vincent,2005
Swedish Open Gothenburg 2005,2005-11-17,CHOU Tung-Yu,STERNBERG Kasper,TPE,DEN,3,0,"11,11,11|9,9,6",QR2,GRAND_SLAM,U21MS,1759,Qualification,CHOU Tung-Yu (TPE),STERNBERG Kasper (DEN),,,3 - 0,11:9 11:9 11:6,CHOU Tung-Yu,2005
Swedish Open Gothenburg 2005,2005-11-17,MADRID Marcos,BALTRUSHKA Dzmitry,MEX,BLR,3,1,"11,5,12,11|9,11,10,9",,GRAND_SLAM,U21MS,1759,Qualification,MADRID Marcos (MEX),BALTRUSHKA Dzmitry (BLR),,,3 - 1,11:9 5:11 12:10 11:9,MADRID Marcos,2005
Swedish Open Gothenburg 2005,2005-11-17,DESPRES Rodolphe,BALTRUSHKA Dzmitry,FRA,BLR,3,2,"7,11,5,11,11|11,9,11,9,8",QR2,GRAND_SLAM,U21MS,1759,Qualification,DESPRES Rodolphe (FRA),BALTRUSHKA Dzmitry (BLR),,,3 - 2,7:11 11:9 5:11 11:9 11:8,DESPRES Rodolphe,2005
Swedish Open Gothenburg 2005,2005-11-17,DESPRES Rodolphe,MADRID Marcos,FRA,MEX,3,0,"11,11,11|4,7,7",3,GRAND_SLAM,U21MS,1759,Qualification,DESPRES Rodolphe (FRA),MADRID Marcos (MEX),,,3 - 0,11:4 11:7 11:7,DESPRES Rodolphe,2005
Swedish Open Gothenburg 2005,2005-11-17,AARAS Arne,RAMSTRAND Tomas,NOR,SWE,3,1,"11,11,6,13|4,8,11,11",,GRAND_SLAM,U21MS,1759,Qualification,AARAS Arne (NOR),RAMSTRAND Tomas (SWE),,,3 - 1,11:4 11:8 6:11 13:11,AARAS Arne,2005
Swedish Open Gothenburg 2005,2005-11-17,ELENSKY Gregory,RAMSTRAND Tomas,ISR,SWE,3,1,"11,9,11,11|8,11,6,5",QR2,GRAND_SLAM,U21MS,1759,Qualification,ELENSKY Gregory (ISR),RAMSTRAND Tomas (SWE),,,3 - 1,11:8 9:11 11:6 11:5,ELENSKY Gregory,2005
Swedish Open Gothenburg 2005,2005-11-17,ELENSKY Gregory,AARAS Arne,ISR,NOR,3,1,"7,13,11,11|11,11,8,8",3,GRAND_SLAM,U21MS,1759,Qualification,ELENSKY Gregory (ISR),AARAS Arne (NOR),,,3 - 1,7:11 13:11 11:8 11:8,ELENSKY Gregory,2005
Swedish Open Gothenburg 2005,2005-11-17,CARVALHO Efraim,ZLAMAL Jaromir,BRA,CZE,3,1,"8,11,13,11|11,7,11,9",,GRAND_SLAM,U21MS,1759,Qualification,CARVALHO Efraim (BRA),ZLAMAL Jaromir (CZE),,,3 - 1,8:11 11:7 13:11 11:9,CARVALHO Efraim,2005
Swedish Open Gothenburg 2005,2005-11-17,ZUBCIC Tomislav,ZLAMAL Jaromir,CRO,CZE,3,0,"11,11,11|9,3,8",QR2,GRAND_SLAM,U21MS,1759,Qualification,ZUBCIC Tomislav (CRO),ZLAMAL Jaromir (CZE),,,3 - 0,11:9 11:3 11:8,ZUBCIC Tomislav,2005
Swedish Open Gothenburg 2005,2005-11-17,ZUBCIC Tomislav,CARVALHO Efraim,CRO,BRA,3,1,"11,11,9,11|4,9,11,4",3,GRAND_SLAM,U21MS,1759,Qualification,ZUBCIC Tomislav (CRO),CARVALHO Efraim (BRA),,,3 - 1,11:4 11:9 9:11 11:4,ZUBCIC Tomislav,2005
Swedish Open Gothenburg 2005,2005-11-17,BERNER Eric,RASMUSSEN Claus,NOR,DEN,3,1,"4,11,12,11|11,7,10,9",,GRAND_SLAM,U21MS,1759,Qualification,BERNER Eric (NOR),RASMUSSEN Claus (DEN),,,1 - 3,11:4 7:11 10:12 9:11,BERNER Eric,2005
Swedish Open Gothenburg 2005,2005-11-17,KONECNY Tomas,BERNER Eric,CZE,NOR,3,1,"9,12,11,11|11,10,4,5",QR2,GRAND_SLAM,U21MS,1759,Qualification,KONECNY Tomas (CZE),BERNER Eric (NOR),,,3 - 1,9:11 12:10 11:4 11:5,KONECNY Tomas,2005
Swedish Open Gothenburg 2005,2005-11-17,KONECNY Tomas,RASMUSSEN Claus,CZE,DEN,3,1,"11,8,11,11|7,11,8,6",3,GRAND_SLAM,U21MS,1759,Qualification,KONECNY Tomas (CZE),RASMUSSEN Claus (DEN),,,3 - 1,11:7 8:11 11:8 11:6,KONECNY Tomas,2005
Swedish Open Gothenburg 2005,2005-11-17,MALICKI Szymon,FRIBY Silas,POL,DEN,3,0,"11,11,11|7,7,5",,GRAND_SLAM,U21MS,1759,Qualification,MALICKI Szymon (POL),FRIBY Silas (DEN),,,3 - 0,11:7 11:7 11:5,MALICKI Szymon,2005
Swedish Open Gothenburg 2005,2005-11-17,GAVLAS Antonin,FRIBY Silas,CZE,DEN,3,2,"10,11,6,11,11|12,4,11,7,6",QR2,GRAND_SLAM,U21MS,1759,Qualification,GAVLAS Antonin (CZE),FRIBY Silas (DEN),,,3 - 2,10:12 11:4 6:11 11:7 11:6,GAVLAS Antonin,2005
Swedish Open Gothenburg 2005,2005-11-17,GAVLAS Antonin,MALICKI Szymon,CZE,POL,3,0,"11,11,11|6,4,5",3,GRAND_SLAM,U21MS,1759,Qualification,GAVLAS Antonin (CZE),MALICKI Szymon (POL),,,3 - 0,11:6 11:4 11:5,GAVLAS Antonin,2005
Swedish Open Gothenburg 2005,2005-11-17,URBANEK Jan,DAVIS Kyle,CZE,AUS,3,2,"11,9,9,11,11|5,11,11,7,7",,GRAND_SLAM,U21MS,1759,Qualification,URBANEK Jan (CZE),DAVIS Kyle (AUS),,,3 - 2,11:5 9:11 9:11 11:7 11:7,URBANEK Jan,2005
Swedish Open Gothenburg 2005,2005-11-17,DAVIS Kyle,JAPEC Tomislav,AUS,CRO,4,0,,QR2,GRAND_SLAM,U21MS,1759,Qualification,DAVIS Kyle (AUS),JAPEC Tomislav (CRO),,,0 - 4,,DAVIS Kyle,2005
Swedish Open Gothenburg 2005,2005-11-17,URBANEK Jan,JAPEC Tomislav,CZE,CRO,3,0,,3,GRAND_SLAM,U21MS,1759,Qualification,URBANEK Jan (CZE),JAPEC Tomislav (CRO),,,0 - 3,,URBANEK Jan,2005
Swedish Open Gothenburg 2005,2005-11-17,AUFRERE Julien,HINDERSSON Mikkel,FRA,DEN,3,0,"11,11,11|4,6,7",,GRAND_SLAM,U21MS,1759,Qualification,AUFRERE Julien (FRA),HINDERSSON Mikkel (DEN),,,3 - 0,11:4 11:6 11:7,AUFRERE Julien,2005
Swedish Open Gothenburg 2005,2005-11-17,DAVID Petr,HINDERSSON Mikkel,CZE,DEN,3,1,"14,11,7,11|12,4,11,6",QR2,GRAND_SLAM,U21MS,1759,Qualification,DAVID Petr (CZE),HINDERSSON Mikkel (DEN),,,3 - 1,14:12 11:4 7:11 11:6,DAVID Petr,2005
Swedish Open Gothenburg 2005,2005-11-17,DAVID Petr,AUFRERE Julien,CZE,FRA,3,2,"5,5,15,11,11|11,11,13,4,7",3,GRAND_SLAM,U21MS,1759,Qualification,DAVID Petr (CZE),AUFRERE Julien (FRA),,,3 - 2,5:11 5:11 15:13 11:4 11:7,DAVID Petr,2005
Swedish Open Gothenburg 2005,2005-11-17,PLACEK Frantisek,SALIFOU Abdel-Kader,CZE,BEN,3,2,"13,8,13,11,11|15,11,11,8,8",,GRAND_SLAM,U21MS,1759,Qualification,PLACEK Frantisek (CZE),SALIFOU Abdel-Kader (BEN),,,2 - 3,15:13 11:8 11:13 8:11 8:11,PLACEK Frantisek,2005
Swedish Open Gothenburg 2005,2005-11-17,HABESOHN Daniel,PLACEK Frantisek,AUT,CZE,3,1,"11,11,9,11|7,7,11,9",QR2,GRAND_SLAM,U21MS,1759,Qualification,HABESOHN Daniel (AUT),PLACEK Frantisek (CZE),,,3 - 1,11:7 11:7 9:11 11:9,HABESOHN Daniel,2005
Swedish Open Gothenburg 2005,2005-11-17,HABESOHN Daniel,SALIFOU Abdel-Kader,AUT,BEN,3,0,"13,12,11|11,10,8",3,GRAND_SLAM,U21MS,1759,Qualification,HABESOHN Daniel (AUT),SALIFOU Abdel-Kader (BEN),,,3 - 0,13:11 12:10 11:8,HABESOHN Daniel,2005
Swedish Open Gothenburg 2005,2005-11-17,SINGH Martin,DEBRUYERES Clement,SWE,FRA,3,1,"4,11,11,11|11,6,9,6",,GRAND_SLAM,U21MS,1759,Qualification,SINGH Martin (SWE),DEBRUYERES Clement (FRA),,,1 - 3,11:4 6:11 9:11 6:11,SINGH Martin,2005
Swedish Open Gothenburg 2005,2005-11-17,VOSTES Yannick,SINGH Martin,BEL,SWE,3,1,"11,10,11,11|4,12,7,7",QR2,GRAND_SLAM,U21MS,1759,Qualification,VOSTES Yannick (BEL),SINGH Martin (SWE),,,3 - 1,11:4 10:12 11:7 11:7,VOSTES Yannick,2005
Swedish Open Gothenburg 2005,2005-11-17,VOSTES Yannick,DEBRUYERES Clement,BEL,FRA,3,1,"11,11,9,11|6,6,11,9",3,GRAND_SLAM,U21MS,1759,Qualification,VOSTES Yannick (BEL),DEBRUYERES Clement (FRA),,,3 - 1,11:6 11:6 9:11 11:9,VOSTES Yannick,2005
Swedish Open Gothenburg 2005,2005-11-17,AKERSTROM Fabian,BEZARD Pierre,SWE,FRA,3,0,"11,11,11|4,9,6",,GRAND_SLAM,U21MS,1759,Qualification,AKERSTROM Fabian (SWE),BEZARD Pierre (FRA),,,3 - 0,11:4 11:9 11:6,AKERSTROM Fabian,2005
Swedish Open Gothenburg 2005,2005-11-17,VLASOV Grigory,BEZARD Pierre,RUS,FRA,3,2,"10,11,11,10,11|12,4,1,12,4",QR2,GRAND_SLAM,U21MS,1759,Qualification,VLASOV Grigory (RUS),BEZARD Pierre (FRA),,,3 - 2,10:12 11:4 11:1 10:12 11:4,VLASOV Grigory,2005
Swedish Open Gothenburg 2005,2005-11-17,VLASOV Grigory,AKERSTROM Fabian,RUS,SWE,3,1,"11,7,11,12|8,11,4,10",3,GRAND_SLAM,U21MS,1759,Qualification,VLASOV Grigory (RUS),AKERSTROM Fabian (SWE),,,3 - 1,11:8 7:11 11:4 12:10,VLASOV Grigory,2005
Swedish Open Gothenburg 2005,2005-11-17,ASMUSSEN Jakob,OBESLO Michal,DEN,CZE,3,2,"6,11,9,11,14|11,5,11,9,12",,GRAND_SLAM,U21MS,1759,Qualification,ASMUSSEN Jakob (DEN),OBESLO Michal (CZE),,,3 - 2,6:11 11:5 9:11 11:9 14:12,ASMUSSEN Jakob,2005
Swedish Open Gothenburg 2005,2005-11-17,CHMIEL Pawel,OBESLO Michal,POL,CZE,3,1,"11,11,9,11|6,8,11,7",QR2,GRAND_SLAM,U21MS,1759,Qualification,CHMIEL Pawel (POL),OBESLO Michal (CZE),,,3 - 1,11:6 11:8 9:11 11:7,CHMIEL Pawel,2005
Swedish Open Gothenburg 2005,2005-11-17,ASMUSSEN Jakob,CHMIEL Pawel,DEN,POL,3,2,"11,3,11,12,11|13,11,3,10,8",3,GRAND_SLAM,U21MS,1759,Qualification,ASMUSSEN Jakob (DEN),CHMIEL Pawel (POL),,,2 - 3,13:11 11:3 3:11 10:12 8:11,ASMUSSEN Jakob,2005
Swedish Open Gothenburg 2005,2005-11-17,SABATINO Daniele,SUNDSTROM Ted,ITA,SWE,3,0,"11,11,11|6,6,8",,GRAND_SLAM,U21MS,1759,Qualification,SABATINO Daniele (ITA),SUNDSTROM Ted (SWE),,,3 - 0,11:6 11:6 11:8,SABATINO Daniele,2005
Swedish Open Gothenburg 2005,2005-11-17,PEREK Jakub,SUNDSTROM Ted,POL,SWE,3,0,"11,11,13|8,7,11",QR2,GRAND_SLAM,U21MS,1759,Qualification,PEREK Jakub (POL),SUNDSTROM Ted (SWE),,,3 - 0,11:8 11:7 13:11,PEREK Jakub,2005
Swedish Open Gothenburg 2005,2005-11-17,PEREK Jakub,SABATINO Daniele,POL,ITA,3,1,"8,11,11,11|11,8,7,9",3,GRAND_SLAM,U21MS,1759,Qualification,PEREK Jakub (POL),SABATINO Daniele (ITA),,,3 - 1,8:11 11:8 11:7 11:9,PEREK Jakub,2005
Swedish Open Gothenburg 2005,2005-11-17,PAPADIMITRIOU Dimitrios,MONZO Oriol,GRE,ESP,3,2,"12,9,7,11,11|10,11,11,9,6",,GRAND_SLAM,U21MS,1759,Qualification,PAPADIMITRIOU Dimitrios (GRE),MONZO Oriol (ESP),,,3 - 2,12:10 9:11 7:11 11:9 11:6,PAPADIMITRIOU Dimitrios,2005
Swedish Open Gothenburg 2005,2005-11-17,MONZO Oriol,OYA Hidetoshi,ESP,JPN,3,2,"5,11,8,11,11|11,5,11,6,5",QR2,GRAND_SLAM,U21MS,1759,Qualification,MONZO Oriol (ESP),OYA Hidetoshi (JPN),,,2 - 3,11:5 5:11 11:8 6:11 5:11,MONZO Oriol,2005
Swedish Open Gothenburg 2005,2005-11-17,OYA Hidetoshi,PAPADIMITRIOU Dimitrios,JPN,GRE,3,0,"11,15,11|7,13,4",3,GRAND_SLAM,U21MS,1759,Qualification,OYA Hidetoshi (JPN),PAPADIMITRIOU Dimitrios (GRE),,,3 - 0,11:7 15:13 11:4,OYA Hidetoshi,2005
Swedish Open Gothenburg 2005,2005-11-17,JIANG Tianyi,RONNINGBORN Niklas,HKG,SWE,3,1,"7,11,11,12|11,4,5,10",,GRAND_SLAM,U21MS,1759,Qualification,JIANG Tianyi (HKG),RONNINGBORN Niklas (SWE),,,1 - 3,11:7 4:11 5:11 10:12,JIANG Tianyi,2005
Swedish Open Gothenburg 2005,2005-11-17,JIANG Tianyi,SPINICCHIA Simone,HKG,ITA,3,2,"11,11,9,6,11|7,8,11,11,8",QR2,GRAND_SLAM,U21MS,1759,Qualification,JIANG Tianyi (HKG),SPINICCHIA Simone (ITA),,,2 - 3,7:11 8:11 11:9 11:6 8:11,JIANG Tianyi,2005
Swedish Open Gothenburg 2005,2005-11-17,SPINICCHIA Simone,RONNINGBORN Niklas,ITA,SWE,3,2,"7,5,11,11,11|11,11,6,7,8",3,GRAND_SLAM,U21MS,1759,Qualification,SPINICCHIA Simone (ITA),RONNINGBORN Niklas (SWE),,,3 - 2,7:11 5:11 11:6 11:7 11:8,SPINICCHIA Simone,2005
Swedish Open Gothenburg 2005,2005-11-17,GOLOVANOV Stanislav,BUBA Ondrej,BUL,CZE,3,1,"9,11,11,11|11,2,3,7",,GRAND_SLAM,U21MS,1759,Qualification,GOLOVANOV Stanislav (BUL),BUBA Ondrej (CZE),,,3 - 1,9:11 11:2 11:3 11:7,GOLOVANOV Stanislav,2005
Swedish Open Gothenburg 2005,2005-11-17,GACINA Andrej,BUBA Ondrej,CRO,CZE,3,0,"11,12,11|1,10,1",QR2,GRAND_SLAM,U21MS,1759,Qualification,GACINA Andrej (CRO),BUBA Ondrej (CZE),,,3 - 0,11:1 12:10 11:1,GACINA Andrej,2005
Swedish Open Gothenburg 2005,2005-11-17,GACINA Andrej,GOLOVANOV Stanislav,CRO,BUL,3,1,"11,11,7,11|2,6,11,8",3,GRAND_SLAM,U21MS,1759,Qualification,GACINA Andrej (CRO),GOLOVANOV Stanislav (BUL),,,3 - 1,11:2 11:6 7:11 11:8,GACINA Andrej,2005
Swedish Open Gothenburg 2005,2005-11-17,RYDEN Lukas,LI Ping,SWE,QAT,3,0,,,GRAND_SLAM,U21MS,1759,Qualification,RYDEN Lukas (SWE),LI Ping (QAT),,,3 - 0,,RYDEN Lukas,2005
Swedish Open Gothenburg 2005,2005-11-17,KLEPRLIK Jakub,LI Ping,CZE,QAT,3,0,,QR2,GRAND_SLAM,U21MS,1759,Qualification,KLEPRLIK Jakub (CZE),LI Ping (QAT),,,3 - 0,,KLEPRLIK Jakub,2005
Swedish Open Gothenburg 2005,2005-11-17,RYDEN Lukas,KLEPRLIK Jakub,SWE,CZE,3,0,"11,11,11|8,3,8",3,GRAND_SLAM,U21MS,1759,Qualification,RYDEN Lukas (SWE),KLEPRLIK Jakub (CZE),,,0 - 3,8:11 3:11 8:11,RYDEN Lukas,2005
Swedish Open Gothenburg 2005,2005-11-17,ONO Tatsuya,DEVAUX Jimmy,JPN,FRA,3,1,"13,9,13,11|11,11,11,7",,GRAND_SLAM,U21MS,1759,Qualification,ONO Tatsuya (JPN),DEVAUX Jimmy (FRA),,,1 - 3,11:13 11:9 11:13 7:11,ONO Tatsuya,2005
Swedish Open Gothenburg 2005,2005-11-17,ONO Tatsuya,HABESOHN Mathias,JPN,AUT,3,1,"11,11,11,11|13,4,5,4",QR2,GRAND_SLAM,U21MS,1759,Qualification,ONO Tatsuya (JPN),HABESOHN Mathias (AUT),,,1 - 3,13:11 4:11 5:11 4:11,ONO Tatsuya,2005
Swedish Open Gothenburg 2005,2005-11-17,HABESOHN Mathias,DEVAUX Jimmy,AUT,FRA,3,2,"10,11,9,11,11|12,6,11,8,4",3,GRAND_SLAM,U21MS,1759,Qualification,HABESOHN Mathias (AUT),DEVAUX Jimmy (FRA),,,3 - 2,10:12 11:6 9:11 11:8 11:4,HABESOHN Mathias,2005
Swedish Open Gothenburg 2005,2005-11-17,PERSSON Jon,ABE Kazuhiro,SWE,JPN,3,1,"9,11,11,11|11,7,5,3",,GRAND_SLAM,U21MS,1759,Qualification,PERSSON Jon (SWE),ABE Kazuhiro (JPN),,,3 - 1,9:11 11:7 11:5 11:3,PERSSON Jon,2005
Swedish Open Gothenburg 2005,2005-11-17,BOBOCICA Mihai,ABE Kazuhiro,ITA,JPN,3,1,"13,11,9,11|11,9,11,9",QR2,GRAND_SLAM,U21MS,1759,Qualification,BOBOCICA Mihai (ITA),ABE Kazuhiro (JPN),,,3 - 1,13:11 11:9 9:11 11:9,BOBOCICA Mihai,2005
Swedish Open Gothenburg 2005,2005-11-17,BOBOCICA Mihai,PERSSON Jon,ITA,SWE,3,1,"11,6,11,11|9,11,7,6",3,GRAND_SLAM,U21MS,1759,Qualification,BOBOCICA Mihai (ITA),PERSSON Jon (SWE),,,3 - 1,11:9 6:11 11:7 11:6,BOBOCICA Mihai,2005
Swedish Open Gothenburg 2005,2005-11-17,HARA Masahiko,LEBESSON Emmanuel,JPN,FRA,3,2,"3,11,10,11,11|11,8,12,7,9",,GRAND_SLAM,U21MS,1759,Qualification,HARA Masahiko (JPN),LEBESSON Emmanuel (FRA),,,2 - 3,11:3 8:11 12:10 7:11 9:11,HARA Masahiko,2005
Swedish Open Gothenburg 2005,2005-11-17,KOLAREK Tomislav,RELFSSON Kalle,CRO,SWE,3,2,"9,11,11,9,11|11,8,1,11,8",QR2,GRAND_SLAM,U21MS,1759,Qualification,KOLAREK Tomislav (CRO),RELFSSON Kalle (SWE),,,3 - 2,9:11 11:8 11:1 9:11 11:8,KOLAREK Tomislav,2005
Swedish Open Gothenburg 2005,2005-11-17,HARA Masahiko,KOLAREK Tomislav,JPN,CRO,3,2,"11,11,5,11,11|7,13,11,7,6",3,GRAND_SLAM,U21MS,1759,Qualification,HARA Masahiko (JPN),KOLAREK Tomislav (CRO),,,2 - 3,7:11 13:11 11:5 7:11 6:11,HARA Masahiko,2005
Swedish Open Gothenburg 2005,2005-11-17,LEBESSON Emmanuel,RELFSSON Kalle,FRA,SWE,3,0,"11,11,11|6,7,4",QR4,GRAND_SLAM,U21MS,1759,Qualification,LEBESSON Emmanuel (FRA),RELFSSON Kalle (SWE),,,3 - 0,11:6 11:7 11:4,LEBESSON Emmanuel,2005
Swedish Open Gothenburg 2005,2005-11-17,LEBESSON Emmanuel,KOLAREK Tomislav,FRA,CRO,3,1,"10,11,11,11|12,6,7,5",5,GRAND_SLAM,U21MS,1759,Qualification,LEBESSON Emmanuel (FRA),KOLAREK Tomislav (CRO),,,1 - 3,12:10 6:11 7:11 5:11,LEBESSON Emmanuel,2005
Swedish Open Gothenburg 2005,2005-11-17,HARA Masahiko,RELFSSON Kalle,JPN,SWE,3,2,"11,9,4,11,11|7,11,11,1,8",6,GRAND_SLAM,U21MS,1759,Qualification,HARA Masahiko (JPN),RELFSSON Kalle (SWE),,,3 - 2,11:7 9:11 4:11 11:1 11:8,HARA Masahiko,2005
Swedish Open Gothenburg 2005,2005-11-17,LIM Jaehyun,MATTENET Adrien,KOR,FRA,4,1,"9,11,11,11,11|11,5,6,9,9",R32,GRAND_SLAM,U21MS,1759,Main Draw,LIM Jaehyun (KOR),MATTENET Adrien (FRA),,,4 - 1,9:11 11:5 11:6 11:9 11:9,LIM Jaehyun,2005
Swedish Open Gothenburg 2005,2005-11-17,LEE Jungsam,URBANEK Jan,KOR,CZE,4,0,"13,15,11,11|11,13,7,5",R32,GRAND_SLAM,U21MS,1759,Main Draw,LEE Jungsam (KOR),URBANEK Jan (CZE),,,0 - 4,11:13 13:15 7:11 5:11,LEE Jungsam,2005
Swedish Open Gothenburg 2005,2005-11-17,ROBERTSON Adam,DAVID Petr,WAL,CZE,4,3,"7,11,1,10,11,13,11|11,7,11,12,9,11,5",R32,GRAND_SLAM,U21MS,1759,Main Draw,ROBERTSON Adam (WAL),DAVID Petr (CZE),,,4 - 3,7:11 11:7 1:11 10:12 11:9 13:11 11:5,ROBERTSON Adam,2005
Swedish Open Gothenburg 2005,2005-11-17,BERTIN Christophe,OYA Hidetoshi,FRA,JPN,4,1,"11,11,11,11,11|7,13,8,5,5",R32,GRAND_SLAM,U21MS,1759,Main Draw,BERTIN Christophe (FRA),OYA Hidetoshi (JPN),,,1 - 4,7:11 13:11 8:11 5:11 5:11,BERTIN Christophe,2005
Swedish Open Gothenburg 2005,2005-11-17,KONECNY Tomas,WU Chih-Chi,CZE,TPE,4,1,"12,11,11,5,11|10,8,4,11,9",R32,GRAND_SLAM,U21MS,1759,Main Draw,KONECNY Tomas (CZE),WU Chih-Chi (TPE),,,1 - 4,10:12 8:11 4:11 11:5 9:11,KONECNY Tomas,2005
Swedish Open Gothenburg 2005,2005-11-17,TAKAKIWA Kenichi,CHOU Tung-Yu,JPN,TPE,4,3,"11,12,11,9,11,11,11|13,14,5,11,9,6,9",R32,GRAND_SLAM,U21MS,1759,Main Draw,TAKAKIWA Kenichi (JPN),CHOU Tung-Yu (TPE),,,3 - 4,13:11 14:12 5:11 11:9 9:11 6:11 9:11,TAKAKIWA Kenichi,2005
Swedish Open Gothenburg 2005,2005-11-17,DURAN Marc,ZUBCIC Tomislav,ESP,CRO,4,3,"11,11,9,9,11,9,15|7,8,11,11,7,11,13",R32,GRAND_SLAM,U21MS,1759,Main Draw,DURAN Marc (ESP),ZUBCIC Tomislav (CRO),,,4 - 3,11:7 11:8 9:11 9:11 11:7 9:11 15:13,DURAN Marc,2005
Swedish Open Gothenburg 2005,2005-11-17,LEE Jinkwon,GACINA Andrej,KOR,CRO,4,1,"11,11,9,11,14|8,4,11,9,12",R32,GRAND_SLAM,U21MS,1759,Main Draw,LEE Jinkwon (KOR),GACINA Andrej (CRO),,,1 - 4,8:11 4:11 11:9 9:11 12:14,LEE Jinkwon,2005
Swedish Open Gothenburg 2005,2005-11-17,CHO Eonrae,BOBOCICA Mihai,KOR,ITA,4,0,"11,11,15,11|5,5,13,4",R32,GRAND_SLAM,U21MS,1759,Main Draw,CHO Eonrae (KOR),BOBOCICA Mihai (ITA),,,4 - 0,11:5 11:5 15:13 11:4,CHO Eonrae,2005
Swedish Open Gothenburg 2005,2005-11-17,BOBILLIER Loic,ONO Tatsuya,FRA,JPN,4,1,"11,10,12,11,11|3,12,10,5,7",R32,GRAND_SLAM,U21MS,1759,Main Draw,BOBILLIER Loic (FRA),ONO Tatsuya (JPN),,,4 - 1,11:3 10:12 12:10 11:5 11:7,BOBILLIER Loic,2005
Swedish Open Gothenburg 2005,2005-11-17,AXELQVIST Johan,ELENSKY Gregory,SWE,ISR,4,1,"11,11,7,11,11|6,9,11,8,7",R32,GRAND_SLAM,U21MS,1759,Main Draw,AXELQVIST Johan (SWE),ELENSKY Gregory (ISR),,,1 - 4,6:11 9:11 11:7 8:11 7:11,AXELQVIST Johan,2005
Swedish Open Gothenburg 2005,2005-11-17,LO Dany,GAVLAS Antonin,FRA,CZE,4,3,"4,11,10,6,11,13,11|11,8,12,11,5,11,8",R32,GRAND_SLAM,U21MS,1759,Main Draw,LO Dany (FRA),GAVLAS Antonin (CZE),,,4 - 3,4:11 11:8 10:12 6:11 11:5 13:11 11:8,LO Dany,2005
Swedish Open Gothenburg 2005,2005-11-17,JAKAB Janos,RYDEN Lukas,HUN,SWE,4,1,"4,11,11,12,11|11,8,8,10,7",R32,GRAND_SLAM,U21MS,1759,Main Draw,JAKAB Janos (HUN),RYDEN Lukas (SWE),,,1 - 4,11:4 8:11 8:11 10:12 7:11,JAKAB Janos,2005
Swedish Open Gothenburg 2005,2005-11-17,TAKAKIWA Taku,DESPRES Rodolphe,JPN,FRA,4,0,"11,11,11,11|5,8,5,6",R32,GRAND_SLAM,U21MS,1759,Main Draw,TAKAKIWA Taku (JPN),DESPRES Rodolphe (FRA),,,4 - 0,11:5 11:8 11:5 11:6,TAKAKIWA Taku,2005
Swedish Open Gothenburg 2005,2005-11-17,CHO Jihoon,HARA Masahiko,KOR,JPN,4,0,"11,11,11,11|4,6,5,9",R32,GRAND_SLAM,U21MS,1759,Main Draw,CHO Jihoon (KOR),HARA Masahiko (JPN),,,0 - 4,4:11 6:11 5:11 9:11,CHO Jihoon,2005
Swedish Open Gothenburg 2005,2005-11-17,LEE Jungsam,LIM Jaehyun,KOR,KOR,4,1,"11,8,11,13,11|5,11,6,11,9",R16,GRAND_SLAM,U21MS,1759,Main Draw,LEE Jungsam (KOR),LIM Jaehyun (KOR),,,1 - 4,5:11 11:8 6:11 11:13 9:11,LEE Jungsam,2005
Swedish Open Gothenburg 2005,2005-11-17,BERTIN Christophe,ROBERTSON Adam,FRA,WAL,4,3,"11,8,11,7,11,7,11|9,11,5,11,9,11,5",R16,GRAND_SLAM,U21MS,1759,Main Draw,BERTIN Christophe (FRA),ROBERTSON Adam (WAL),,,3 - 4,9:11 11:8 5:11 11:7 9:11 11:7 5:11,BERTIN Christophe,2005
Swedish Open Gothenburg 2005,2005-11-17,TAKAKIWA Kenichi,KONECNY Tomas,JPN,CZE,4,0,"11,13,11,14|6,11,9,12",R16,GRAND_SLAM,U21MS,1759,Main Draw,TAKAKIWA Kenichi (JPN),KONECNY Tomas (CZE),,,0 - 4,6:11 11:13 9:11 12:14,TAKAKIWA Kenichi,2005
Swedish Open Gothenburg 2005,2005-11-17,LEE Jinkwon,DURAN Marc,KOR,ESP,4,2,"9,13,8,11,11,11|11,11,11,9,9,9",R16,GRAND_SLAM,U21MS,1759,Main Draw,LEE Jinkwon (KOR),DURAN Marc (ESP),,,2 - 4,11:9 11:13 11:8 9:11 9:11 9:11,LEE Jinkwon,2005
Swedish Open Gothenburg 2005,2005-11-17,CHO Eonrae,APOLONIA Tiago,KOR,POR,4,1,"11,11,11,2,11|3,9,7,11,8",R16,GRAND_SLAM,U21MS,1759,Main Draw,CHO Eonrae (KOR),APOLONIA Tiago (POR),,,4 - 1,11:3 11:9 11:7 2:11 11:8,CHO Eonrae,2005
Swedish Open Gothenburg 2005,2005-11-17,AXELQVIST Johan,BOBILLIER Loic,SWE,FRA,4,3,"11,4,9,11,13,5,11|8,11,11,7,11,11,9",R16,GRAND_SLAM,U21MS,1759,Main Draw,AXELQVIST Johan (SWE),BOBILLIER Loic (FRA),,,3 - 4,8:11 11:4 11:9 7:11 11:13 11:5 9:11,AXELQVIST Johan,2005
Swedish Open Gothenburg 2005,2005-11-17,JAKAB Janos,LO Dany,HUN,FRA,4,2,"12,11,11,11,9,11|14,7,8,2,11,9",R16,GRAND_SLAM,U21MS,1759,Main Draw,JAKAB Janos (HUN),LO Dany (FRA),,,2 - 4,14:12 7:11 8:11 2:11 11:9 9:11,JAKAB Janos,2005
Swedish Open Gothenburg 2005,2005-11-17,CHO Jihoon,TAKAKIWA Taku,KOR,JPN,4,2,"11,11,9,11,10,11|4,2,11,4,12,4",R16,GRAND_SLAM,U21MS,1759,Main Draw,CHO Jihoon (KOR),TAKAKIWA Taku (JPN),,,2 - 4,4:11 2:11 11:9 4:11 12:10 4:11,CHO Jihoon,2005
Swedish Open Gothenburg 2005,2005-11-17,LEE Jungsam,BERTIN Christophe,KOR,FRA,4,1,"11,11,9,11,11|6,6,11,8,6",QuarterFinal,GRAND_SLAM,U21MS,1759,Main Draw,LEE Jungsam (KOR),BERTIN Christophe (FRA),,,4 - 1,11:6 11:6 9:11 11:8 11:6,LEE Jungsam,2005
Swedish Open Gothenburg 2005,2005-11-17,LEE Jinkwon,TAKAKIWA Kenichi,KOR,JPN,4,1,"5,11,11,11,11|11,8,9,8,4",QuarterFinal,GRAND_SLAM,U21MS,1759,Main Draw,LEE Jinkwon (KOR),TAKAKIWA Kenichi (JPN),,,1 - 4,11:5 8:11 9:11 8:11 4:11,LEE Jinkwon,2005
Swedish Open Gothenburg 2005,2005-11-17,CHO Eonrae,AXELQVIST Johan,KOR,SWE,4,2,"11,11,11,7,12,11|5,6,13,11,10,6",QuarterFinal,GRAND_SLAM,U21MS,1759,Main Draw,CHO Eonrae (KOR),AXELQVIST Johan (SWE),,,4 - 2,11:5 11:6 11:13 7:11 12:10 11:6,CHO Eonrae,2005
Swedish Open Gothenburg 2005,2005-11-17,JAKAB Janos,CHO Jihoon,HUN,KOR,4,1,"11,11,4,11,11|6,7,11,9,8",QuarterFinal,GRAND_SLAM,U21MS,1759,Main Draw,JAKAB Janos (HUN),CHO Jihoon (KOR),,,4 - 1,11:6 11:7 4:11 11:9 11:8,JAKAB Janos,2005
Swedish Open Gothenburg 2005,2005-11-17,LEE Jungsam,LEE Jinkwon,KOR,KOR,4,1,"11,9,11,11,11|4,11,8,4,8",SemiFinal,GRAND_SLAM,U21MS,1759,Main Draw,LEE Jungsam (KOR),LEE Jinkwon (KOR),,,4 - 1,11:4 9:11 11:8 11:4 11:8,LEE Jungsam,2005
Swedish Open Gothenburg 2005,2005-11-17,JAKAB Janos,CHO Eonrae,HUN,KOR,4,2,"13,11,11,6,11,11|15,4,7,11,7,6",SemiFinal,GRAND_SLAM,U21MS,1759,Main Draw,JAKAB Janos (HUN),CHO Eonrae (KOR),,,2 - 4,15:13 4:11 7:11 11:6 7:11 6:11,JAKAB Janos,2005
Swedish Open Gothenburg 2005,2005-11-17,JAKAB Janos,LEE Jungsam,HUN,KOR,4,2,"7,9,11,12,11,11|11,11,5,10,4,4",Final,GRAND_SLAM,U21MS,1759,Main Draw,JAKAB Janos (HUN),LEE Jungsam (KOR),,,2 - 4,11:7 11:9 5:11 10:12 4:11 4:11,JAKAB Janos,2005
Swedish Open Gothenburg 2005,2005-11-17,HARA Masahiko,HABESOHN Daniel,JPN,AUT,3,2,"4,12,11,10,12|11,10,7,12,10",QR16,GRAND_SLAM,U21MS,1759,Qualification,HARA Masahiko (JPN),HABESOHN Daniel (AUT),,,2 - 3,11:4 10:12 7:11 12:10 10:12,HARA Masahiko,2005
Swedish Open Gothenburg 2005,2005-11-17,BOBOCICA Mihai,VOSTES Yannick,ITA,BEL,3,1,"12,11,8,11|10,7,11,9",QR16,GRAND_SLAM,U21MS,1759,Qualification,BOBOCICA Mihai (ITA),VOSTES Yannick (BEL),,,1 - 3,10:12 7:11 11:8 9:11,BOBOCICA Mihai,2005
Swedish Open Gothenburg 2005,2005-11-17,ONO Tatsuya,VLASOV Grigory,JPN,RUS,3,1,"11,6,11,11|9,11,9,8",QR16,GRAND_SLAM,U21MS,1759,Qualification,ONO Tatsuya (JPN),VLASOV Grigory (RUS),,,1 - 3,9:11 11:6 9:11 8:11,ONO Tatsuya,2005
Swedish Open Gothenburg 2005,2005-11-17,RYDEN Lukas,ASMUSSEN Jakob,SWE,DEN,3,1,"11,10,11,11|9,12,6,1",QR16,GRAND_SLAM,U21MS,1759,Qualification,RYDEN Lukas (SWE),ASMUSSEN Jakob (DEN),,,1 - 3,9:11 12:10 6:11 1:11,RYDEN Lukas,2005
Swedish Open Gothenburg 2005,2005-11-17,GACINA Andrej,PEREK Jakub,CRO,POL,3,1,"11,6,11,11|5,11,9,6",QR16,GRAND_SLAM,U21MS,1759,Qualification,GACINA Andrej (CRO),PEREK Jakub (POL),,,1 - 3,5:11 11:6 9:11 6:11,GACINA Andrej,2005
Swedish Open Gothenburg 2005,2005-11-17,CREEMERS Linda,VAKKILA Nina,NED,SWE,4,1,"11,8,11,11,11|9,11,6,9,5",,GRAND_SLAM,WS,1759,Qualification,CREEMERS Linda (NED),VAKKILA Nina (SWE),,,4 - 1,11:9 8:11 11:6 11:9 11:5,CREEMERS Linda,2005
Swedish Open Gothenburg 2005,2005-11-17,KWAK Bangbang,VAKKILA Nina,KOR,SWE,4,1,"11,7,11,11,11|8,11,5,1,5",QR2,GRAND_SLAM,WS,1759,Qualification,KWAK Bangbang (KOR),VAKKILA Nina (SWE),,,4 - 1,11:8 7:11 11:5 11:1 11:5,KWAK Bangbang,2005
Swedish Open Gothenburg 2005,2005-11-17,KWAK Bangbang,CREEMERS Linda,KOR,NED,4,1,"18,11,10,11,11|16,8,12,4,1",3,GRAND_SLAM,WS,1759,Qualification,KWAK Bangbang (KOR),CREEMERS Linda (NED),,,4 - 1,18:16 11:8 10:12 11:4 11:1,KWAK Bangbang,2005
Swedish Open Gothenburg 2005,2005-11-17,PAUKOVIC Sanja,JOHANSSON Frida,CRO,SWE,4,2,"8,11,15,6,11,11|11,8,13,11,6,6",,GRAND_SLAM,WS,1759,Qualification,PAUKOVIC Sanja (CRO),JOHANSSON Frida (SWE),,,2 - 4,11:8 8:11 13:15 11:6 6:11 6:11,PAUKOVIC Sanja,2005
Swedish Open Gothenburg 2005,2005-11-17,STRBIKOVA Renata,PAUKOVIC Sanja,CZE,CRO,4,0,"11,11,11,11|7,9,3,8",QR2,GRAND_SLAM,WS,1759,Qualification,STRBIKOVA Renata (CZE),PAUKOVIC Sanja (CRO),,,4 - 0,11:7 11:9 11:3 11:8,STRBIKOVA Renata,2005
Swedish Open Gothenburg 2005,2005-11-17,STRBIKOVA Renata,JOHANSSON Frida,CZE,SWE,4,3,"8,11,11,5,5,11,12|11,6,9,11,11,8,10",3,GRAND_SLAM,WS,1759,Qualification,STRBIKOVA Renata (CZE),JOHANSSON Frida (SWE),,,4 - 3,8:11 11:6 11:9 5:11 5:11 11:8 12:10,STRBIKOVA Renata,2005
Swedish Open Gothenburg 2005,2005-11-17,CAHOREAU Nathalie,VAN ULSEN Sigrid,FRA,NED,4,2,"7,11,11,13,8,11|11,8,8,11,11,9",,GRAND_SLAM,WS,1759,Qualification,CAHOREAU Nathalie (FRA),VAN ULSEN Sigrid (NED),,,4 - 2,7:11 11:8 11:8 13:11 8:11 11:9,CAHOREAU Nathalie,2005
Swedish Open Gothenburg 2005,2005-11-17,PASKAUSKIENE Ruta,VAN ULSEN Sigrid,LTU,NED,4,1,"11,11,11,3,11|6,3,6,11,3",QR2,GRAND_SLAM,WS,1759,Qualification,PASKAUSKIENE Ruta (LTU),VAN ULSEN Sigrid (NED),,,4 - 1,11:6 11:3 11:6 3:11 11:3,PASKAUSKIENE Ruta,2005
Swedish Open Gothenburg 2005,2005-11-17,PASKAUSKIENE Ruta,CAHOREAU Nathalie,LTU,FRA,4,1,"11,11,4,11,11|8,4,11,5,6",3,GRAND_SLAM,WS,1759,Qualification,PASKAUSKIENE Ruta (LTU),CAHOREAU Nathalie (FRA),,,4 - 1,11:8 11:4 4:11 11:5 11:6,PASKAUSKIENE Ruta,2005
Swedish Open Gothenburg 2005,2005-11-17,WIGOW Susanna,HANFFOU Sarah,SWE,CMR,4,1,"12,5,11,14,11|10,11,8,12,8",,GRAND_SLAM,WS,1759,Qualification,WIGOW Susanna (SWE),HANFFOU Sarah (CMR),,,4 - 1,12:10 5:11 11:8 14:12 11:8,WIGOW Susanna,2005
Swedish Open Gothenburg 2005,2005-11-17,HUANG Yi-Hua,HANFFOU Sarah,TPE,CMR,4,0,"11,11,11,11|9,2,4,4",QR2,GRAND_SLAM,WS,1759,Qualification,HUANG Yi-Hua (TPE),HANFFOU Sarah (CMR),,,4 - 0,11:9 11:2 11:4 11:4,HUANG Yi-Hua,2005
Swedish Open Gothenburg 2005,2005-11-17,HUANG Yi-Hua,WIGOW Susanna,TPE,SWE,4,2,"12,11,5,11,11,11|14,6,11,5,8,3",3,GRAND_SLAM,WS,1759,Qualification,HUANG Yi-Hua (TPE),WIGOW Susanna (SWE),,,4 - 2,12:14 11:6 5:11 11:5 11:8 11:3,HUANG Yi-Hua,2005
Swedish Open Gothenburg 2005,2005-11-17,NOUWEN Carla,HARABASZOVA Lenka,NED,CZE,4,1,"11,11,7,11,11|8,9,11,9,9",,GRAND_SLAM,WS,1759,Qualification,NOUWEN Carla (NED),HARABASZOVA Lenka (CZE),,,1 - 4,8:11 9:11 11:7 9:11 9:11,NOUWEN Carla,2005
Swedish Open Gothenburg 2005,2005-11-17,PARK Miyoung,NOUWEN Carla,KOR,NED,4,0,"11,11,11,11|2,6,4,9",QR2,GRAND_SLAM,WS,1759,Qualification,PARK Miyoung (KOR),NOUWEN Carla (NED),,,4 - 0,11:2 11:6 11:4 11:9,PARK Miyoung,2005
Swedish Open Gothenburg 2005,2005-11-17,PARK Miyoung,HARABASZOVA Lenka,KOR,CZE,4,0,"12,11,11,11|10,4,4,6",3,GRAND_SLAM,WS,1759,Qualification,PARK Miyoung (KOR),HARABASZOVA Lenka (CZE),,,4 - 0,12:10 11:4 11:4 11:6,PARK Miyoung,2005
Swedish Open Gothenburg 2005,2005-11-17,WERSALL Caroline,PENKAVOVA Katerina,SWE,CZE,4,0,"11,11,11,11|9,5,7,8",,GRAND_SLAM,WS,1759,Qualification,WERSALL Caroline (SWE),PENKAVOVA Katerina (CZE),,,0 - 4,9:11 5:11 7:11 8:11,WERSALL Caroline,2005
Swedish Open Gothenburg 2005,2005-11-17,NORDENBERG Linda,MISIKONYTE Lina,SWE,LTU,4,1,"11,11,8,11,11|8,3,11,7,9",,GRAND_SLAM,WS,1759,Qualification,NORDENBERG Linda (SWE),MISIKONYTE Lina (LTU),,,4 - 1,11:8 11:3 8:11 11:7 11:9,NORDENBERG Linda,2005
Swedish Open Gothenburg 2005,2005-11-17,KRAMER Tanja,MISIKONYTE Lina,GER,LTU,4,1,"12,11,11,7,11|10,5,7,11,3",QR2,GRAND_SLAM,WS,1759,Qualification,KRAMER Tanja (GER),MISIKONYTE Lina (LTU),,,4 - 1,12:10 11:5 11:7 7:11 11:3,KRAMER Tanja,2005
Swedish Open Gothenburg 2005,2005-11-17,KRAMER Tanja,NORDENBERG Linda,GER,SWE,4,0,"11,11,11,11|4,7,5,4",3,GRAND_SLAM,WS,1759,Qualification,KRAMER Tanja (GER),NORDENBERG Linda (SWE),,,4 - 0,11:4 11:7 11:5 11:4,KRAMER Tanja,2005
Swedish Open Gothenburg 2005,2005-11-17,JONSSON Carina,COULIBALY Dieniouma,SWE,FRA,4,3,"8,11,11,11,11,5,11|11,3,1,13,5,11,2",,GRAND_SLAM,WS,1759,Qualification,JONSSON Carina (SWE),COULIBALY Dieniouma (FRA),,,4 - 3,8:11 11:3 11:1 11:13 11:5 5:11 11:2,JONSSON Carina,2005
Swedish Open Gothenburg 2005,2005-11-17,GOBEL Jessica,COULIBALY Dieniouma,GER,FRA,4,1,"11,7,11,15,11|5,11,8,13,5",QR2,GRAND_SLAM,WS,1759,Qualification,GOBEL Jessica (GER),COULIBALY Dieniouma (FRA),,,4 - 1,11:5 7:11 11:8 15:13 11:5,GOBEL Jessica,2005
Swedish Open Gothenburg 2005,2005-11-17,GOBEL Jessica,JONSSON Carina,GER,SWE,4,1,"9,11,11,11,11|11,7,9,8,5",3,GRAND_SLAM,WS,1759,Qualification,GOBEL Jessica (GER),JONSSON Carina (SWE),,,4 - 1,9:11 11:7 11:9 11:8 11:5,GOBEL Jessica,2005
Swedish Open Gothenburg 2005,2005-11-17,HASAMA Nozomi,BERGLUND Anna,JPN,SWE,4,2,"11,11,5,11,7,14|4,6,11,5,11,12",,GRAND_SLAM,WS,1759,Qualification,HASAMA Nozomi (JPN),BERGLUND Anna (SWE),,,4 - 2,11:4 11:6 5:11 11:5 7:11 14:12,HASAMA Nozomi,2005
Swedish Open Gothenburg 2005,2005-11-17,YOON Sunae,BERGLUND Anna,KOR,SWE,4,0,"11,11,11,11|2,6,4,4",QR2,GRAND_SLAM,WS,1759,Qualification,YOON Sunae (KOR),BERGLUND Anna (SWE),,,4 - 0,11:2 11:6 11:4 11:4,YOON Sunae,2005
Swedish Open Gothenburg 2005,2005-11-17,YOON Sunae,HASAMA Nozomi,KOR,JPN,4,0,"11,11,11,11|9,6,4,5",3,GRAND_SLAM,WS,1759,Qualification,YOON Sunae (KOR),HASAMA Nozomi (JPN),,,4 - 0,11:9 11:6 11:4 11:5,YOON Sunae,2005
Swedish Open Gothenburg 2005,2005-11-17,XU Jie (1979),SHIMADA Sayuri,WAL,JPN,4,0,"11,11,11,11|6,2,5,8",,GRAND_SLAM,WS,1759,Qualification,XU Jie (1979) (WAL),SHIMADA Sayuri (JPN),,,4 - 0,11:6 11:2 11:5 11:8,XU Jie (1979),2005
Swedish Open Gothenburg 2005,2005-11-17,MIAO Miao,SHIMADA Sayuri,AUS,JPN,4,2,"11,9,17,11,8,12|6,11,15,8,11,10",QR2,GRAND_SLAM,WS,1759,Qualification,MIAO Miao (AUS),SHIMADA Sayuri (JPN),,,4 - 2,11:6 9:11 17:15 11:8 8:11 12:10,MIAO Miao,2005
Swedish Open Gothenburg 2005,2005-11-17,WAGGERMAYER Elena,PERHOC Ines,AUT,CRO,4,1,"10,11,11,11,11|12,5,3,7,6",,GRAND_SLAM,WS,1759,Qualification,WAGGERMAYER Elena (AUT),PERHOC Ines (CRO),,,4 - 1,10:12 11:5 11:3 11:7 11:6,WAGGERMAYER Elena,2005
Swedish Open Gothenburg 2005,2005-11-17,ROBERTSON Laura,PERHOC Ines,GER,CRO,4,1,"7,11,11,11,15|11,5,7,7,13",QR2,GRAND_SLAM,WS,1759,Qualification,ROBERTSON Laura (GER),PERHOC Ines (CRO),,,4 - 1,7:11 11:5 11:7 11:7 15:13,ROBERTSON Laura,2005
Swedish Open Gothenburg 2005,2005-11-17,WAGGERMAYER Elena,ROBERTSON Laura,AUT,GER,4,3,"11,6,13,10,11,3,11|9,11,11,12,6,11,7",3,GRAND_SLAM,WS,1759,Qualification,WAGGERMAYER Elena (AUT),ROBERTSON Laura (GER),,,3 - 4,9:11 11:6 11:13 12:10 6:11 11:3 7:11,WAGGERMAYER Elena,2005
Swedish Open Gothenburg 2005,2005-11-17,RAMIREZ Sara,KOSTROMINA Tatyana (1973),ESP,BLR,4,0,"11,11,11,11|9,4,5,6",,GRAND_SLAM,WS,1759,Qualification,RAMIREZ Sara (ESP),KOSTROMINA Tatyana (1973) (BLR),,,4 - 0,11:9 11:4 11:5 11:6,RAMIREZ Sara,2005
Swedish Open Gothenburg 2005,2005-11-17,KIM Junghyun,KOSTROMINA Tatyana (1973),KOR,BLR,4,0,"11,11,11,11|2,3,1,8",QR2,GRAND_SLAM,WS,1759,Qualification,KIM Junghyun (KOR),KOSTROMINA Tatyana (1973) (BLR),,,4 - 0,11:2 11:3 11:1 11:8,KIM Junghyun,2005
Swedish Open Gothenburg 2005,2005-11-17,RAMIREZ Sara,KIM Junghyun,ESP,KOR,4,2,"11,11,2,11,11,11|6,13,11,9,9,4",3,GRAND_SLAM,WS,1759,Qualification,RAMIREZ Sara (ESP),KIM Junghyun (KOR),,,2 - 4,6:11 13:11 11:2 9:11 9:11 4:11,RAMIREZ Sara,2005
Swedish Open Gothenburg 2005,2005-11-17,NECULA Iulia,BADOSA Anna,ROU,ESP,4,0,"11,11,11,11|3,4,7,6",,GRAND_SLAM,WS,1759,Qualification,NECULA Iulia (ROU),BADOSA Anna (ESP),,,4 - 0,11:3 11:4 11:7 11:6,NECULA Iulia,2005
Swedish Open Gothenburg 2005,2005-11-17,PAOVIC Sandra,BADOSA Anna,CRO,ESP,4,0,"11,11,11,11|5,3,4,6",QR2,GRAND_SLAM,WS,1759,Qualification,PAOVIC Sandra (CRO),BADOSA Anna (ESP),,,4 - 0,11:5 11:3 11:4 11:6,PAOVIC Sandra,2005
Swedish Open Gothenburg 2005,2005-11-17,PAOVIC Sandra,NECULA Iulia,CRO,ROU,4,1,"10,12,11,11,11|12,10,4,4,6",3,GRAND_SLAM,WS,1759,Qualification,PAOVIC Sandra (CRO),NECULA Iulia (ROU),,,4 - 1,10:12 12:10 11:4 11:4 11:6,PAOVIC Sandra,2005
Swedish Open Gothenburg 2005,2005-11-17,BOLLMEIER Nadine,KINDGREN Malin,GER,SWE,4,0,"11,11,11,11|7,2,6,2",,GRAND_SLAM,WS,1759,Qualification,BOLLMEIER Nadine (GER),KINDGREN Malin (SWE),,,4 - 0,11:7 11:2 11:6 11:2,BOLLMEIER Nadine,2005
Swedish Open Gothenburg 2005,2005-11-17,ZHU Fang,KINDGREN Malin,ESP,SWE,4,1,"11,11,8,11,11|3,3,11,4,9",QR2,GRAND_SLAM,WS,1759,Qualification,ZHU Fang (ESP),KINDGREN Malin (SWE),,,4 - 1,11:3 11:3 8:11 11:4 11:9,ZHU Fang,2005
Swedish Open Gothenburg 2005,2005-11-17,ZHU Fang,BOLLMEIER Nadine,ESP,GER,4,3,"15,9,11,8,4,11,11|13,11,7,11,11,7,6",3,GRAND_SLAM,WS,1759,Qualification,ZHU Fang (ESP),BOLLMEIER Nadine (GER),,,4 - 3,15:13 9:11 11:7 8:11 4:11 11:7 11:6,ZHU Fang,2005
Swedish Open Gothenburg 2005,2005-11-17,GRUNDISCH Carole,LINDMAE Karin,FRA,EST,4,0,"11,11,11,11|4,6,5,5",,GRAND_SLAM,WS,1759,Qualification,GRUNDISCH Carole (FRA),LINDMAE Karin (EST),,,4 - 0,11:4 11:6 11:5 11:5,GRUNDISCH Carole,2005
Swedish Open Gothenburg 2005,2005-11-17,BAKULA Andrea,LINDMAE Karin,CRO,EST,4,1,"4,11,11,11,11|11,7,6,5,4",QR2,GRAND_SLAM,WS,1759,Qualification,BAKULA Andrea (CRO),LINDMAE Karin (EST),,,4 - 1,4:11 11:7 11:6 11:5 11:4,BAKULA Andrea,2005
Swedish Open Gothenburg 2005,2005-11-17,BAKULA Andrea,GRUNDISCH Carole,CRO,FRA,4,3,"11,9,11,4,11,9,14|8,11,6,11,5,11,12",3,GRAND_SLAM,WS,1759,Qualification,BAKULA Andrea (CRO),GRUNDISCH Carole (FRA),,,4 - 3,11:8 9:11 11:6 4:11 11:5 9:11 14:12,BAKULA Andrea,2005
Swedish Open Gothenburg 2005,2005-11-17,SMISTIKOVA Martina,PRIVALOVA Alexandra,CZE,BLR,4,1,"11,9,11,11,13|8,11,5,5,11",,GRAND_SLAM,WS,1759,Qualification,SMISTIKOVA Martina (CZE),PRIVALOVA Alexandra (BLR),,,4 - 1,11:8 9:11 11:5 11:5 13:11,SMISTIKOVA Martina,2005
Swedish Open Gothenburg 2005,2005-11-17,LU Yun-Feng,PRIVALOVA Alexandra,TPE,BLR,4,2,"12,11,9,11,9,11|10,8,11,9,11,8",QR2,GRAND_SLAM,WS,1759,Qualification,LU Yun-Feng (TPE),PRIVALOVA Alexandra (BLR),,,4 - 2,12:10 11:8 9:11 11:9 9:11 11:8,LU Yun-Feng,2005
Swedish Open Gothenburg 2005,2005-11-17,LU Yun-Feng,SMISTIKOVA Martina,TPE,CZE,4,0,"11,11,11,11|7,5,8,8",3,GRAND_SLAM,WS,1759,Qualification,LU Yun-Feng (TPE),SMISTIKOVA Martina (CZE),,,4 - 0,11:7 11:5 11:8 11:8,LU Yun-Feng,2005
Swedish Open Gothenburg 2005,2005-11-17,JIANG Huajun,STEFANSKA Kinga,HKG,POL,4,0,"11,11,11,11|2,9,6,7",,GRAND_SLAM,WS,1759,Qualification,JIANG Huajun (HKG),STEFANSKA Kinga (POL),,,0 - 4,2:11 9:11 6:11 7:11,JIANG Huajun,2005
Swedish Open Gothenburg 2005,2005-11-17,KIM Hyehyun,WESTHOLM Sofia,KOR,SWE,4,0,"11,11,11,11|3,3,9,7",,GRAND_SLAM,WS,1759,Qualification,KIM Hyehyun (KOR),WESTHOLM Sofia (SWE),,,4 - 0,11:3 11:3 11:9 11:7,KIM Hyehyun,2005
Swedish Open Gothenburg 2005,2005-11-17,POHAR Martina,WESTHOLM Sofia,SLO,SWE,4,0,"12,13,11,11|10,11,9,2",QR2,GRAND_SLAM,WS,1759,Qualification,POHAR Martina (SLO),WESTHOLM Sofia (SWE),,,4 - 0,12:10 13:11 11:9 11:2,POHAR Martina,2005
Swedish Open Gothenburg 2005,2005-11-17,POHAR Martina,KIM Hyehyun,SLO,KOR,4,3,"11,13,14,11,11,6,13|13,11,12,8,13,11,11",3,GRAND_SLAM,WS,1759,Qualification,POHAR Martina (SLO),KIM Hyehyun (KOR),,,4 - 3,11:13 13:11 14:12 11:8 11:13 6:11 13:11,POHAR Martina,2005
Swedish Open Gothenburg 2005,2005-11-17,LEE Hyangmi,SHIGEMOTO Sachie,KOR,JPN,4,0,"16,14,11,11|14,12,8,8",QR2,GRAND_SLAM,WS,1759,Qualification,LEE Hyangmi (KOR),SHIGEMOTO Sachie (JPN),,,4 - 0,16:14 14:12 11:8 11:8,LEE Hyangmi,2005
Swedish Open Gothenburg 2005,2005-11-17,DVORAK Galia,BARTOSOVA Hana,ESP,CZE,4,3,"14,11,11,11,11,8,11|16,8,13,6,7,11,6",,GRAND_SLAM,WS,1759,Qualification,DVORAK Galia (ESP),BARTOSOVA Hana (CZE),,,4 - 3,14:16 11:8 11:13 11:6 11:7 8:11 11:6,DVORAK Galia,2005
Swedish Open Gothenburg 2005,2005-11-17,IVANCAN Irene,BARTOSOVA Hana,GER,CZE,4,0,"11,11,15,11|3,9,13,9",QR2,GRAND_SLAM,WS,1759,Qualification,IVANCAN Irene (GER),BARTOSOVA Hana (CZE),,,4 - 0,11:3 11:9 15:13 11:9,IVANCAN Irene,2005
Swedish Open Gothenburg 2005,2005-11-17,DVORAK Galia,IVANCAN Irene,ESP,GER,4,2,"9,4,11,11,12,11|11,11,4,7,10,7",3,GRAND_SLAM,WS,1759,Qualification,DVORAK Galia (ESP),IVANCAN Irene (GER),,,2 - 4,11:9 11:4 4:11 7:11 10:12 7:11,DVORAK Galia,2005
Swedish Open Gothenburg 2005,2005-11-17,ITO Midori,SJOGREN Marie,JPN,SWE,4,0,"12,11,11,12|10,4,8,10",QR2,GRAND_SLAM,WS,1759,Qualification,ITO Midori (JPN),SJOGREN Marie (SWE),,,4 - 0,12:10 11:4 11:8 12:10,ITO Midori,2005
Swedish Open Gothenburg 2005,2005-11-17,GOURIN Anne-Sophie,BOMANN Anne-Cathrine,FRA,DEN,4,1,"7,13,11,13,11|11,11,7,11,3",,GRAND_SLAM,WS,1759,Qualification,GOURIN Anne-Sophie (FRA),BOMANN Anne-Cathrine (DEN),,,4 - 1,7:11 13:11 11:7 13:11 11:3,GOURIN Anne-Sophie,2005
Swedish Open Gothenburg 2005,2005-11-17,WANG Yu (YOB=1981),BOMANN Anne-Cathrine,ITA,DEN,4,1,"11,11,11,9,11|9,9,3,11,5",QR2,GRAND_SLAM,WS,1759,Qualification,WANG Yu (YOB=1981) (ITA),BOMANN Anne-Cathrine (DEN),,,4 - 1,11:9 11:9 11:3 9:11 11:5,WANG Yu (YOB=1981),2005
Swedish Open Gothenburg 2005,2005-11-17,WANG Yu (YOB=1981),GOURIN Anne-Sophie,ITA,FRA,4,1,"11,11,11,5,11|4,4,7,11,3",3,GRAND_SLAM,WS,1759,Qualification,WANG Yu (YOB=1981) (ITA),GOURIN Anne-Sophie (FRA),,,4 - 1,11:4 11:4 11:7 5:11 11:3,WANG Yu (YOB=1981),2005
Swedish Open Gothenburg 2005,2005-11-17,WATANABE Yuko,PETTERSSON Malin,JPN,SWE,4,0,"11,11,11,11|8,6,8,6",,GRAND_SLAM,WS,1759,Qualification,WATANABE Yuko (JPN),PETTERSSON Malin (SWE),,,4 - 0,11:8 11:6 11:8 11:6,WATANABE Yuko,2005
Swedish Open Gothenburg 2005,2005-11-17,WU Jiaduo,XIAN Yifang,GER,FRA,4,2,"11,11,9,11,7,11|5,8,11,7,11,7",QR2,GRAND_SLAM,WS,1759,Qualification,WU Jiaduo (GER),XIAN Yifang (FRA),,,2 - 4,5:11 8:11 11:9 7:11 11:7 7:11,WU Jiaduo,2005
Swedish Open Gothenburg 2005,2005-11-17,XIAN Yifang,PETTERSSON Malin,FRA,SWE,4,0,"11,11,11,11|4,3,5,6",3,GRAND_SLAM,WS,1759,Qualification,XIAN Yifang (FRA),PETTERSSON Malin (SWE),,,4 - 0,11:4 11:3 11:5 11:6,XIAN Yifang,2005
Swedish Open Gothenburg 2005,2005-11-17,WU Jiaduo,WATANABE Yuko,GER,JPN,4,0,"11,11,11,11|4,8,5,3",QR4,GRAND_SLAM,WS,1759,Qualification,WU Jiaduo (GER),WATANABE Yuko (JPN),,,0 - 4,4:11 8:11 5:11 3:11,WU Jiaduo,2005
Swedish Open Gothenburg 2005,2005-11-17,XIAN Yifang,WATANABE Yuko,FRA,JPN,4,0,"13,11,11,11|11,7,6,7",5,GRAND_SLAM,WS,1759,Qualification,XIAN Yifang (FRA),WATANABE Yuko (JPN),,,4 - 0,13:11 11:7 11:6 11:7,XIAN Yifang,2005
Swedish Open Gothenburg 2005,2005-11-17,WU Jiaduo,PETTERSSON Malin,GER,SWE,4,0,"11,11,11,11|6,7,4,7",6,GRAND_SLAM,WS,1759,Qualification,WU Jiaduo (GER),PETTERSSON Malin (SWE),,,0 - 4,6:11 7:11 4:11 7:11,WU Jiaduo,2005
Swedish Open Gothenburg 2005,2005-11-17,KIM Kyungah,SHIGEMOTO Sachie,KOR,JPN,4,2,"8,4,11,11,11,11|11,11,3,1,4,6",R64,GRAND_SLAM,WS,1759,Main Draw,KIM Kyungah (KOR),SHIGEMOTO Sachie (JPN),,,4 - 2,8:11 4:11 11:3 11:1 11:4 11:6,KIM Kyungah,2005
Swedish Open Gothenburg 2005,2005-11-17,LEE Eunhee,WANG Yu (YOB=1981),KOR,ITA,4,3,"10,5,11,11,9,11,11|12,11,6,6,11,3,4",R64,GRAND_SLAM,WS,1759,Main Draw,LEE Eunhee (KOR),WANG Yu (YOB=1981) (ITA),,,3 - 4,12:10 11:5 6:11 6:11 11:9 3:11 4:11,LEE Eunhee,2005
Swedish Open Gothenburg 2005,2005-11-17,PENG Luyang,DVORAK Galia,CHN,ESP,4,3,"11,12,10,7,10,11,11|8,10,12,11,12,5,5",R64,GRAND_SLAM,WS,1759,Main Draw,PENG Luyang (CHN),DVORAK Galia (ESP),,,4 - 3,11:8 12:10 10:12 7:11 10:12 11:5 11:5,PENG Luyang,2005
Swedish Open Gothenburg 2005,2005-11-17,FAN Ying,NOUWEN Carla,CHN,NED,4,0,"11,11,11,11|4,2,3,5",R64,GRAND_SLAM,WS,1759,Main Draw,FAN Ying (CHN),NOUWEN Carla (NED),,,0 - 4,4:11 2:11 3:11 5:11,FAN Ying,2005
Swedish Open Gothenburg 2005,2005-11-17,PARK Miyoung,STEFF Mihaela,KOR,ROU,4,1,"14,4,11,11,11|12,11,8,8,5",R64,GRAND_SLAM,WS,1759,Main Draw,PARK Miyoung (KOR),STEFF Mihaela (ROU),,,1 - 4,12:14 11:4 8:11 8:11 5:11,PARK Miyoung,2005
Swedish Open Gothenburg 2005,2005-11-17,HIURA Reiko,KWAK Bangbang,JPN,KOR,4,2,"8,12,11,11,5,11|11,10,7,7,11,8",R64,GRAND_SLAM,WS,1759,Main Draw,HIURA Reiko (JPN),KWAK Bangbang (KOR),,,2 - 4,11:8 10:12 7:11 7:11 11:5 8:11,HIURA Reiko,2005
Swedish Open Gothenburg 2005,2005-11-17,STEFANOVA Nikoleta,GOBEL Jessica,ITA,GER,4,0,"11,11,12,11|7,6,10,9",R64,GRAND_SLAM,WS,1759,Main Draw,STEFANOVA Nikoleta (ITA),GOBEL Jessica (GER),,,4 - 0,11:7 11:6 12:10 11:9,STEFANOVA Nikoleta,2005
Swedish Open Gothenburg 2005,2005-11-17,CAO Zhen,JONSSON Carina,CHN,SWE,4,0,"11,12,11,11|2,10,7,6",R64,GRAND_SLAM,WS,1759,Main Draw,CAO Zhen (CHN),JONSSON Carina (SWE),,,0 - 4,2:11 10:12 7:11 6:11,CAO Zhen,2005
Swedish Open Gothenburg 2005,2005-11-17,LAU Sui Fei,SJOGREN Marie,HKG,SWE,4,1,"11,11,9,11,11|7,2,11,2,8",R64,GRAND_SLAM,WS,1759,Main Draw,LAU Sui Fei (HKG),SJOGREN Marie (SWE),,,4 - 1,11:7 11:2 9:11 11:2 11:8,LAU Sui Fei,2005
Swedish Open Gothenburg 2005,2005-11-17,FUJINUMA Ai,WAGGERMAYER Elena,JPN,AUT,4,0,"11,11,11,11|7,8,6,6",R64,GRAND_SLAM,WS,1759,Main Draw,FUJINUMA Ai (JPN),WAGGERMAYER Elena (AUT),,,0 - 4,7:11 8:11 6:11 6:11,FUJINUMA Ai,2005
Swedish Open Gothenburg 2005,2005-11-17,CHANG Chenchen,PASKAUSKIENE Ruta,CHN,LTU,4,0,"11,11,11,11|7,4,9,2",R64,GRAND_SLAM,WS,1759,Main Draw,CHANG Chenchen (CHN),PASKAUSKIENE Ruta (LTU),,,4 - 0,11:7 11:4 11:9 11:2,CHANG Chenchen,2005
Swedish Open Gothenburg 2005,2005-11-17,ZHANG Rui,HUANG Yi-Hua,HKG,TPE,4,0,"11,11,11,12|6,9,9,10",R64,GRAND_SLAM,WS,1759,Main Draw,ZHANG Rui (HKG),HUANG Yi-Hua (TPE),,,0 - 4,6:11 9:11 9:11 10:12,ZHANG Rui,2005
Swedish Open Gothenburg 2005,2005-11-17,SONG Ah Sim,WERSALL Caroline,HKG,SWE,4,2,"6,9,11,12,11,11|11,11,7,10,1,5",R64,GRAND_SLAM,WS,1759,Main Draw,SONG Ah Sim (HKG),WERSALL Caroline (SWE),,,4 - 2,6:11 9:11 11:7 12:10 11:1 11:5,SONG Ah Sim,2005
Swedish Open Gothenburg 2005,2005-11-17,DING Ning,POHAR Martina,CHN,SLO,4,0,"11,11,11,11|7,5,7,5",R64,GRAND_SLAM,WS,1759,Main Draw,DING Ning (CHN),POHAR Martina (SLO),,,0 - 4,7:11 5:11 7:11 5:11,DING Ning,2005
Swedish Open Gothenburg 2005,2005-11-17,GANINA Svetlana,YOON Sunae,RUS,KOR,4,1,"11,7,11,11,12|7,11,5,4,10",R64,GRAND_SLAM,WS,1759,Main Draw,GANINA Svetlana (RUS),YOON Sunae (KOR),,,4 - 1,11:7 7:11 11:5 11:4 12:10,GANINA Svetlana,2005
Swedish Open Gothenburg 2005,2005-11-17,LIN Ling,SMISTIKOVA Martina,HKG,CZE,4,0,"11,11,11,11|7,8,4,5",R64,GRAND_SLAM,WS,1759,Main Draw,LIN Ling (HKG),SMISTIKOVA Martina (CZE),,,0 - 4,7:11 8:11 4:11 5:11,LIN Ling,2005
Swedish Open Gothenburg 2005,2005-11-17,TIE Yana,KIM Hyehyun,HKG,KOR,4,0,"11,11,11,11|3,9,9,5",R64,GRAND_SLAM,WS,1759,Main Draw,TIE Yana (HKG),KIM Hyehyun (KOR),,,4 - 0,11:3 11:9 11:9 11:5,TIE Yana,2005
Swedish Open Gothenburg 2005,2005-11-17,XU Jie (1979),KIM Bokrae,WAL,KOR,4,1,"13,11,11,7,11|11,7,5,11,4",R64,GRAND_SLAM,WS,1759,Main Draw,XU Jie (1979) (WAL),KIM Bokrae (KOR),,,4 - 1,13:11 11:7 11:5 7:11 11:4,XU Jie (1979),2005
Swedish Open Gothenburg 2005,2005-11-17,EKHOLM Matilda,JIANG Huajun,SWE,HKG,4,2,"13,6,11,6,11,11|11,11,6,11,7,8",R64,GRAND_SLAM,WS,1759,Main Draw,EKHOLM Matilda (SWE),JIANG Huajun (HKG),,,4 - 2,13:11 6:11 11:6 6:11 11:7 11:8,EKHOLM Matilda,2005
Swedish Open Gothenburg 2005,2005-11-17,STRUSE Nicole,LU Yun-Feng,GER,TPE,4,1,"14,13,7,12,11|12,11,11,10,9",R64,GRAND_SLAM,WS,1759,Main Draw,STRUSE Nicole (GER),LU Yun-Feng (TPE),,,1 - 4,12:14 11:13 11:7 10:12 9:11,STRUSE Nicole,2005
Swedish Open Gothenburg 2005,2005-11-17,RAMIREZ Sara,HIRANO Sayaka,ESP,JPN,4,3,"9,11,4,11,12,9,11|11,7,11,8,10,11,8",R64,GRAND_SLAM,WS,1759,Main Draw,RAMIREZ Sara (ESP),HIRANO Sayaka (JPN),,,3 - 4,11:9 7:11 11:4 8:11 10:12 11:9 8:11,RAMIREZ Sara,2005
Swedish Open Gothenburg 2005,2005-11-17,TAN Wenling,KRAMER Tanja,ITA,GER,4,0,"11,13,11,11|7,11,9,3",R64,GRAND_SLAM,WS,1759,Main Draw,TAN Wenling (ITA),KRAMER Tanja (GER),,,0 - 4,7:11 11:13 9:11 3:11,TAN Wenling,2005
Swedish Open Gothenburg 2005,2005-11-17,UMEMURA Aya,PAOVIC Sandra,JPN,CRO,4,3,"9,11,11,9,13,9,11|11,8,4,11,11,11,7",R64,GRAND_SLAM,WS,1759,Main Draw,UMEMURA Aya (JPN),PAOVIC Sandra (CRO),,,4 - 3,9:11 11:8 11:4 9:11 13:11 9:11 11:7,UMEMURA Aya,2005
Swedish Open Gothenburg 2005,2005-11-17,LI Xiaoxia,CREEMERS Linda,CHN,NED,4,0,"11,11,11,11|5,9,7,4",R64,GRAND_SLAM,WS,1759,Main Draw,LI Xiaoxia (CHN),CREEMERS Linda (NED),,,0 - 4,5:11 9:11 7:11 4:11,LI Xiaoxia,2005
Swedish Open Gothenburg 2005,2005-11-17,GAO Jun,STEFANSKA Kinga,USA,POL,4,0,"11,11,11,11|5,9,6,6",R64,GRAND_SLAM,WS,1759,Main Draw,GAO Jun (USA),STEFANSKA Kinga (POL),,,4 - 0,11:5 11:9 11:6 11:6,GAO Jun,2005
Swedish Open Gothenburg 2005,2005-11-17,STRBIKOVA Renata,OLSSON Marie,CZE,SWE,4,0,"11,11,11,11|8,7,6,7",R64,GRAND_SLAM,WS,1759,Main Draw,STRBIKOVA Renata (CZE),OLSSON Marie (SWE),,,4 - 0,11:8 11:7 11:6 11:7,STRBIKOVA Renata,2005
Swedish Open Gothenburg 2005,2005-11-17,FUJII Hiroko,BAKULA Andrea,JPN,CRO,4,0,"11,11,11,11|8,5,9,4",R64,GRAND_SLAM,WS,1759,Main Draw,FUJII Hiroko (JPN),BAKULA Andrea (CRO),,,4 - 0,11:8 11:5 11:9 11:4,FUJII Hiroko,2005
Swedish Open Gothenburg 2005,2005-11-17,MOON Hyunjung,ZHU Fang,KOR,ESP,4,0,"11,11,14,11|7,9,12,9",R64,GRAND_SLAM,WS,1759,Main Draw,MOON Hyunjung (KOR),ZHU Fang (ESP),,,0 - 4,7:11 9:11 12:14 9:11,MOON Hyunjung,2005
Swedish Open Gothenburg 2005,2005-11-17,SHEN Yanfei,LEE Hyangmi,ESP,KOR,4,2,"11,11,6,7,11,11|3,9,11,11,3,7",R64,GRAND_SLAM,WS,1759,Main Draw,SHEN Yanfei (ESP),LEE Hyangmi (KOR),,,4 - 2,11:3 11:9 6:11 7:11 11:3 11:7,SHEN Yanfei,2005
Swedish Open Gothenburg 2005,2005-11-17,WU Jiaduo,KANAZAWA Saki,GER,JPN,4,2,"6,11,11,11,6,11|11,7,9,3,11,9",R64,GRAND_SLAM,WS,1759,Main Draw,WU Jiaduo (GER),KANAZAWA Saki (JPN),,,4 - 2,6:11 11:7 11:9 11:3 6:11 11:9,WU Jiaduo,2005
Swedish Open Gothenburg 2005,2005-11-17,JEON Hyekyung,ITO Midori,KOR,JPN,4,3,"14,6,11,13,5,6,12|12,11,7,11,11,11,10",R64,GRAND_SLAM,WS,1759,Main Draw,JEON Hyekyung (KOR),ITO Midori (JPN),,,4 - 3,14:12 6:11 11:7 13:11 5:11 6:11 12:10,JEON Hyekyung,2005
Swedish Open Gothenburg 2005,2005-11-17,BOROS Tamara,IVANCAN Irene,CRO,GER,4,0,"11,11,11,11|1,3,6,9",R64,GRAND_SLAM,WS,1759,Main Draw,BOROS Tamara (CRO),IVANCAN Irene (GER),,,0 - 4,1:11 3:11 6:11 9:11,BOROS Tamara,2005
Swedish Open Gothenburg 2005,2005-11-17,LEE Eunhee,KIM Kyungah,KOR,KOR,4,1,"11,11,2,13,12|7,9,11,11,10",R32,GRAND_SLAM,WS,1759,Main Draw,LEE Eunhee (KOR),KIM Kyungah (KOR),,,1 - 4,7:11 9:11 11:2 11:13 10:12,LEE Eunhee,2005
Swedish Open Gothenburg 2005,2005-11-17,FAN Ying,PENG Luyang,CHN,CHN,4,1,"5,11,11,11,11|11,6,9,7,7",R32,GRAND_SLAM,WS,1759,Main Draw,FAN Ying (CHN),PENG Luyang (CHN),,,1 - 4,11:5 6:11 9:11 7:11 7:11,FAN Ying,2005
Swedish Open Gothenburg 2005,2005-11-17,PARK Miyoung,HIURA Reiko,KOR,JPN,4,0,"11,13,11,11|7,11,9,7",R32,GRAND_SLAM,WS,1759,Main Draw,PARK Miyoung (KOR),HIURA Reiko (JPN),,,4 - 0,11:7 13:11 11:9 11:7,PARK Miyoung,2005
Swedish Open Gothenburg 2005,2005-11-17,CAO Zhen,STEFANOVA Nikoleta,CHN,ITA,4,0,"11,11,11,11|7,6,8,3",R32,GRAND_SLAM,WS,1759,Main Draw,CAO Zhen (CHN),STEFANOVA Nikoleta (ITA),,,0 - 4,7:11 6:11 8:11 3:11,CAO Zhen,2005
Swedish Open Gothenburg 2005,2005-11-17,LAU Sui Fei,FUJINUMA Ai,HKG,JPN,4,2,"11,9,11,9,11,11|6,11,7,11,9,8",R32,GRAND_SLAM,WS,1759,Main Draw,LAU Sui Fei (HKG),FUJINUMA Ai (JPN),,,4 - 2,11:6 9:11 11:7 9:11 11:9 11:8,LAU Sui Fei,2005
Swedish Open Gothenburg 2005,2005-11-17,CHANG Chenchen,ZHANG Rui,CHN,HKG,4,0,"11,11,13,11|8,5,11,9",R32,GRAND_SLAM,WS,1759,Main Draw,CHANG Chenchen (CHN),ZHANG Rui (HKG),,,4 - 0,11:8 11:5 13:11 11:9,CHANG Chenchen,2005
Swedish Open Gothenburg 2005,2005-11-17,DING Ning,SONG Ah Sim,CHN,HKG,4,1,"11,2,11,11,11|8,11,7,8,5",R32,GRAND_SLAM,WS,1759,Main Draw,DING Ning (CHN),SONG Ah Sim (HKG),,,1 - 4,8:11 11:2 7:11 8:11 5:11,DING Ning,2005
Swedish Open Gothenburg 2005,2005-11-17,GANINA Svetlana,LIN Ling,RUS,HKG,4,2,"11,11,5,13,6,11|5,9,11,11,11,6",R32,GRAND_SLAM,WS,1759,Main Draw,GANINA Svetlana (RUS),LIN Ling (HKG),,,4 - 2,11:5 11:9 5:11 13:11 6:11 11:6,GANINA Svetlana,2005
Swedish Open Gothenburg 2005,2005-11-17,TIE Yana,XU Jie (1979),HKG,WAL,4,2,"5,11,13,11,8,11|11,7,11,9,11,8",R32,GRAND_SLAM,WS,1759,Main Draw,TIE Yana (HKG),XU Jie (1979) (WAL),,,4 - 2,5:11 11:7 13:11 11:9 8:11 11:8,TIE Yana,2005
Swedish Open Gothenburg 2005,2005-11-17,STRUSE Nicole,EKHOLM Matilda,GER,SWE,4,0,"11,11,11,12|8,4,7,10",R32,GRAND_SLAM,WS,1759,Main Draw,STRUSE Nicole (GER),EKHOLM Matilda (SWE),,,0 - 4,8:11 4:11 7:11 10:12,STRUSE Nicole,2005
Swedish Open Gothenburg 2005,2005-11-17,RAMIREZ Sara,TAN Wenling,ESP,ITA,4,2,"11,11,10,11,7,11|6,5,12,4,11,8",R32,GRAND_SLAM,WS,1759,Main Draw,RAMIREZ Sara (ESP),TAN Wenling (ITA),,,4 - 2,11:6 11:5 10:12 11:4 7:11 11:8,RAMIREZ Sara,2005
Swedish Open Gothenburg 2005,2005-11-17,LI Xiaoxia,UMEMURA Aya,CHN,JPN,4,3,"11,9,11,7,11,8,11|7,11,7,11,3,11,7",R32,GRAND_SLAM,WS,1759,Main Draw,LI Xiaoxia (CHN),UMEMURA Aya (JPN),,,3 - 4,7:11 11:9 7:11 11:7 3:11 11:8 7:11,LI Xiaoxia,2005
Swedish Open Gothenburg 2005,2005-11-17,GAO Jun,STRBIKOVA Renata,USA,CZE,4,3,"11,6,14,11,9,5,11|7,11,12,6,11,11,2",R32,GRAND_SLAM,WS,1759,Main Draw,GAO Jun (USA),STRBIKOVA Renata (CZE),,,4 - 3,11:7 6:11 14:12 11:6 9:11 5:11 11:2,GAO Jun,2005
Swedish Open Gothenburg 2005,2005-11-17,MOON Hyunjung,FUJII Hiroko,KOR,JPN,4,3,"13,11,5,3,3,12,13|11,9,11,11,11,10,11",R32,GRAND_SLAM,WS,1759,Main Draw,MOON Hyunjung (KOR),FUJII Hiroko (JPN),,,3 - 4,11:13 9:11 11:5 11:3 11:3 10:12 11:13,MOON Hyunjung,2005
Swedish Open Gothenburg 2005,2005-11-17,WU Jiaduo,SHEN Yanfei,GER,ESP,4,3,"5,11,12,9,11,9,11|11,8,10,11,9,11,6",R32,GRAND_SLAM,WS,1759,Main Draw,WU Jiaduo (GER),SHEN Yanfei (ESP),,,3 - 4,11:5 8:11 10:12 11:9 9:11 11:9 6:11,WU Jiaduo,2005
Swedish Open Gothenburg 2005,2005-11-17,JEON Hyekyung,BOROS Tamara,KOR,CRO,4,3,"5,11,11,3,19,11,11|11,9,5,11,17,13,9",R32,GRAND_SLAM,WS,1759,Main Draw,JEON Hyekyung (KOR),BOROS Tamara (CRO),,,4 - 3,5:11 11:9 11:5 3:11 19:17 11:13 11:9,JEON Hyekyung,2005
Swedish Open Gothenburg 2005,2005-11-17,LEE Eunhee,FAN Ying,KOR,CHN,4,2,"11,7,11,11,8,13|7,11,9,9,11,11",R16,GRAND_SLAM,WS,1759,Main Draw,LEE Eunhee (KOR),FAN Ying (CHN),,,4 - 2,11:7 7:11 11:9 11:9 8:11 13:11,LEE Eunhee,2005
Swedish Open Gothenburg 2005,2005-11-17,CAO Zhen,PARK Miyoung,CHN,KOR,4,3,"9,11,9,11,4,11,14|11,4,11,4,11,9,12",R16,GRAND_SLAM,WS,1759,Main Draw,CAO Zhen (CHN),PARK Miyoung (KOR),,,3 - 4,11:9 4:11 11:9 4:11 11:4 9:11 12:14,CAO Zhen,2005
Swedish Open Gothenburg 2005,2005-11-17,CHANG Chenchen,LAU Sui Fei,CHN,HKG,4,0,"11,11,11,11|5,7,5,6",R16,GRAND_SLAM,WS,1759,Main Draw,CHANG Chenchen (CHN),LAU Sui Fei (HKG),,,0 - 4,5:11 7:11 5:11 6:11,CHANG Chenchen,2005
Swedish Open Gothenburg 2005,2005-11-17,DING Ning,GANINA Svetlana,CHN,RUS,4,2,"11,4,12,8,13,13|9,11,10,11,11,11",R16,GRAND_SLAM,WS,1759,Main Draw,DING Ning (CHN),GANINA Svetlana (RUS),,,4 - 2,11:9 4:11 12:10 8:11 13:11 13:11,DING Ning,2005
Swedish Open Gothenburg 2005,2005-11-17,TIE Yana,STRUSE Nicole,HKG,GER,4,2,"11,8,11,7,11,11|7,11,8,11,8,6",R16,GRAND_SLAM,WS,1759,Main Draw,TIE Yana (HKG),STRUSE Nicole (GER),,,4 - 2,11:7 8:11 11:8 7:11 11:8 11:6,TIE Yana,2005
Swedish Open Gothenburg 2005,2005-11-17,LI Xiaoxia,RAMIREZ Sara,CHN,ESP,4,1,"11,11,12,9,11|9,9,10,11,7",R16,GRAND_SLAM,WS,1759,Main Draw,LI Xiaoxia (CHN),RAMIREZ Sara (ESP),,,1 - 4,9:11 9:11 10:12 11:9 7:11,LI Xiaoxia,2005
Swedish Open Gothenburg 2005,2005-11-17,GAO Jun,MOON Hyunjung,USA,KOR,4,3,"7,11,13,10,8,11,11|11,5,11,12,11,9,1",R16,GRAND_SLAM,WS,1759,Main Draw,GAO Jun (USA),MOON Hyunjung (KOR),,,4 - 3,7:11 11:5 13:11 10:12 8:11 11:9 11:1,GAO Jun,2005
Swedish Open Gothenburg 2005,2005-11-17,JEON Hyekyung,WU Jiaduo,KOR,GER,4,1,"11,11,11,8,11|5,4,8,11,8",R16,GRAND_SLAM,WS,1759,Main Draw,JEON Hyekyung (KOR),WU Jiaduo (GER),,,1 - 4,5:11 4:11 8:11 11:8 8:11,JEON Hyekyung,2005
Swedish Open Gothenburg 2005,2005-11-17,CAO Zhen,LEE Eunhee,CHN,KOR,4,2,"9,11,11,9,11,11|11,5,8,11,7,7",QuarterFinal,GRAND_SLAM,WS,1759,Main Draw,CAO Zhen (CHN),LEE Eunhee (KOR),,,2 - 4,11:9 5:11 8:11 11:9 7:11 7:11,CAO Zhen,2005
Swedish Open Gothenburg 2005,2005-11-17,DING Ning,CHANG Chenchen,CHN,CHN,4,0,"11,12,11,11|5,10,6,8",QuarterFinal,GRAND_SLAM,WS,1759,Main Draw,DING Ning (CHN),CHANG Chenchen (CHN),,,0 - 4,5:11 10:12 6:11 8:11,DING Ning,2005
Swedish Open Gothenburg 2005,2005-11-17,TIE Yana,LI Xiaoxia,HKG,CHN,4,3,"11,7,5,7,12,11,11|5,11,11,11,10,8,7",QuarterFinal,GRAND_SLAM,WS,1759,Main Draw,TIE Yana (HKG),LI Xiaoxia (CHN),,,4 - 3,11:5 7:11 5:11 7:11 12:10 11:8 11:7,TIE Yana,2005
Swedish Open Gothenburg 2005,2005-11-17,GAO Jun,JEON Hyekyung,USA,KOR,4,1,"11,8,15,11,11|7,11,13,6,8",QuarterFinal,GRAND_SLAM,WS,1759,Main Draw,GAO Jun (USA),JEON Hyekyung (KOR),,,4 - 1,11:7 8:11 15:13 11:6 11:8,GAO Jun,2005
Swedish Open Gothenburg 2005,2005-11-17,CAO Zhen,DING Ning,CHN,CHN,4,3,"7,7,11,4,11,11,11|11,11,7,11,5,7,9",SemiFinal,GRAND_SLAM,WS,1759,Main Draw,CAO Zhen (CHN),DING Ning (CHN),,,4 - 3,7:11 7:11 11:7 4:11 11:5 11:7 11:9,CAO Zhen,2005
Swedish Open Gothenburg 2005,2005-11-17,TIE Yana,GAO Jun,HKG,USA,4,0,"11,11,11,11|9,9,5,7",SemiFinal,GRAND_SLAM,WS,1759,Main Draw,TIE Yana (HKG),GAO Jun (USA),,,4 - 0,11:9 11:9 11:5 11:7,TIE Yana,2005
Swedish Open Gothenburg 2005,2005-11-17,CAO Zhen,TIE Yana,CHN,HKG,4,2,"11,11,6,8,11,11|7,5,11,11,7,8",Final,GRAND_SLAM,WS,1759,Main Draw,CAO Zhen (CHN),TIE Yana (HKG),,,4 - 2,11:7 11:5 6:11 8:11 11:7 11:8,CAO Zhen,2005
Swedish Open Gothenburg 2005,2005-11-17,INGVES Emely,BADOSA Anna,SWE,ESP,3,2,"11,12,10,7,11|4,10,12,11,6",,GRAND_SLAM,U21WS,1759,Qualification,INGVES Emely (SWE),BADOSA Anna (ESP),,,3 - 2,11:4 12:10 10:12 7:11 11:6,INGVES Emely,2005
Swedish Open Gothenburg 2005,2005-11-17,GRUNDISCH Carole,BADOSA Anna,FRA,ESP,3,0,"11,11,11|8,3,4",QR2,GRAND_SLAM,U21WS,1759,Qualification,GRUNDISCH Carole (FRA),BADOSA Anna (ESP),,,3 - 0,11:8 11:3 11:4,GRUNDISCH Carole,2005
Swedish Open Gothenburg 2005,2005-11-17,GRUNDISCH Carole,INGVES Emely,FRA,SWE,3,0,"11,12,11|4,10,8",3,GRAND_SLAM,U21WS,1759,Qualification,GRUNDISCH Carole (FRA),INGVES Emely (SWE),,,3 - 0,11:4 12:10 11:8,GRUNDISCH Carole,2005
Swedish Open Gothenburg 2005,2005-11-17,PERSSON Marie (1986),LINDMAE Karin,SWE,EST,3,0,"11,11,11|7,9,8",,GRAND_SLAM,U21WS,1759,Qualification,PERSSON Marie (1986) (SWE),LINDMAE Karin (EST),,,3 - 0,11:7 11:9 11:8,PERSSON Marie (1986),2005
Swedish Open Gothenburg 2005,2005-11-17,NECULA Iulia,LINDMAE Karin,ROU,EST,3,0,"11,11,11|2,4,7",QR2,GRAND_SLAM,U21WS,1759,Qualification,NECULA Iulia (ROU),LINDMAE Karin (EST),,,3 - 0,11:2 11:4 11:7,NECULA Iulia,2005
Swedish Open Gothenburg 2005,2005-11-17,NECULA Iulia,PERSSON Marie (1986),ROU,SWE,3,0,"11,11,12|4,7,10",3,GRAND_SLAM,U21WS,1759,Qualification,NECULA Iulia (ROU),PERSSON Marie (1986) (SWE),,,3 - 0,11:4 11:7 12:10,NECULA Iulia,2005
Swedish Open Gothenburg 2005,2005-11-17,KOSTROMINA Tatyana (1973),MELCHER Madeleine,BLR,SWE,3,2,"11,11,11,5,11|13,5,8,11,1",,GRAND_SLAM,U21WS,1759,Qualification,KOSTROMINA Tatyana (1973) (BLR),MELCHER Madeleine (SWE),,,3 - 2,11:13 11:5 11:8 5:11 11:1,KOSTROMINA Tatyana (1973),2005
Swedish Open Gothenburg 2005,2005-11-17,RAMIREZ Sara,MELCHER Madeleine,ESP,SWE,3,1,"5,11,11,11|11,6,4,2",QR2,GRAND_SLAM,U21WS,1759,Qualification,RAMIREZ Sara (ESP),MELCHER Madeleine (SWE),,,3 - 1,5:11 11:6 11:4 11:2,RAMIREZ Sara,2005
Swedish Open Gothenburg 2005,2005-11-17,SHIMADA Sayuri,PRIVALOVA Alexandra,JPN,BLR,3,0,"13,11,11|11,7,9",,GRAND_SLAM,U21WS,1759,Qualification,SHIMADA Sayuri (JPN),PRIVALOVA Alexandra (BLR),,,3 - 0,13:11 11:7 11:9,SHIMADA Sayuri,2005
Swedish Open Gothenburg 2005,2005-11-17,OLSSON Marie,PRIVALOVA Alexandra,SWE,BLR,3,0,"11,11,14|8,3,12",QR2,GRAND_SLAM,U21WS,1759,Qualification,OLSSON Marie (SWE),PRIVALOVA Alexandra (BLR),,,3 - 0,11:8 11:3 14:12,OLSSON Marie,2005
Swedish Open Gothenburg 2005,2005-11-17,SHIMADA Sayuri,OLSSON Marie,JPN,SWE,3,2,"6,11,11,8,11|11,4,8,11,7",3,GRAND_SLAM,U21WS,1759,Qualification,SHIMADA Sayuri (JPN),OLSSON Marie (SWE),,,2 - 3,11:6 4:11 8:11 11:8 7:11,SHIMADA Sayuri,2005
Swedish Open Gothenburg 2005,2005-11-17,PERHOC Ines,KINDGREN Malin,CRO,SWE,3,2,"11,10,10,12,11|8,12,12,10,1",,GRAND_SLAM,U21WS,1759,Qualification,PERHOC Ines (CRO),KINDGREN Malin (SWE),,,3 - 2,11:8 10:12 10:12 12:10 11:1,PERHOC Ines,2005
Swedish Open Gothenburg 2005,2005-11-17,HASAMA Nozomi,KINDGREN Malin,JPN,SWE,3,0,"11,11,11|5,4,4",QR2,GRAND_SLAM,U21WS,1759,Qualification,HASAMA Nozomi (JPN),KINDGREN Malin (SWE),,,3 - 0,11:5 11:4 11:4,HASAMA Nozomi,2005
Swedish Open Gothenburg 2005,2005-11-17,HASAMA Nozomi,PERHOC Ines,JPN,CRO,3,0,"11,11,11|3,6,6",3,GRAND_SLAM,U21WS,1759,Qualification,HASAMA Nozomi (JPN),PERHOC Ines (CRO),,,3 - 0,11:3 11:6 11:6,HASAMA Nozomi,2005
Swedish Open Gothenburg 2005,2005-11-17,COULIBALY Dieniouma,RASK Sara,FRA,SWE,3,0,"11,11,11|5,4,7",,GRAND_SLAM,U21WS,1759,Qualification,COULIBALY Dieniouma (FRA),RASK Sara (SWE),,,3 - 0,11:5 11:4 11:7,COULIBALY Dieniouma,2005
Swedish Open Gothenburg 2005,2005-11-17,PENKAVOVA Katerina,RASK Sara,CZE,SWE,3,0,"11,11,11|4,3,2",QR2,GRAND_SLAM,U21WS,1759,Qualification,PENKAVOVA Katerina (CZE),RASK Sara (SWE),,,3 - 0,11:4 11:3 11:2,PENKAVOVA Katerina,2005
Swedish Open Gothenburg 2005,2005-11-17,PENKAVOVA Katerina,COULIBALY Dieniouma,CZE,FRA,3,1,"6,11,13,11|11,3,11,7",3,GRAND_SLAM,U21WS,1759,Qualification,PENKAVOVA Katerina (CZE),COULIBALY Dieniouma (FRA),,,3 - 1,6:11 11:3 13:11 11:7,PENKAVOVA Katerina,2005
Swedish Open Gothenburg 2005,2005-11-17,MISIKONYTE Lina,MELLSTROM Jenny,LTU,SWE,3,0,"11,11,11|3,5,8",,GRAND_SLAM,U21WS,1759,Qualification,MISIKONYTE Lina (LTU),MELLSTROM Jenny (SWE),,,3 - 0,11:3 11:5 11:8,MISIKONYTE Lina,2005
Swedish Open Gothenburg 2005,2005-11-17,HARABASZOVA Lenka,MELLSTROM Jenny,CZE,SWE,3,0,"11,11,11|2,1,3",QR2,GRAND_SLAM,U21WS,1759,Qualification,HARABASZOVA Lenka (CZE),MELLSTROM Jenny (SWE),,,3 - 0,11:2 11:1 11:3,HARABASZOVA Lenka,2005
Swedish Open Gothenburg 2005,2005-11-17,MISIKONYTE Lina,HARABASZOVA Lenka,LTU,CZE,3,0,"11,11,12|9,6,10",3,GRAND_SLAM,U21WS,1759,Qualification,MISIKONYTE Lina (LTU),HARABASZOVA Lenka (CZE),,,0 - 3,9:11 6:11 10:12,MISIKONYTE Lina,2005
Swedish Open Gothenburg 2005,2005-11-17,WERSALL Caroline,PETTERSSON Malin,SWE,SWE,3,2,"8,11,8,11,11|11,8,11,5,6",,GRAND_SLAM,U21WS,1759,Qualification,WERSALL Caroline (SWE),PETTERSSON Malin (SWE),,,3 - 2,8:11 11:8 8:11 11:5 11:6,WERSALL Caroline,2005
Swedish Open Gothenburg 2005,2005-11-17,CAHOREAU Nathalie,PETTERSSON Malin,FRA,SWE,3,0,"11,11,12|7,8,10",QR2,GRAND_SLAM,U21WS,1759,Qualification,CAHOREAU Nathalie (FRA),PETTERSSON Malin (SWE),,,3 - 0,11:7 11:8 12:10,CAHOREAU Nathalie,2005
Swedish Open Gothenburg 2005,2005-11-17,CAHOREAU Nathalie,WERSALL Caroline,FRA,SWE,3,2,"8,11,11,11,11|11,6,9,13,7",3,GRAND_SLAM,U21WS,1759,Qualification,CAHOREAU Nathalie (FRA),WERSALL Caroline (SWE),,,3 - 2,8:11 11:6 11:9 11:13 11:7,CAHOREAU Nathalie,2005
Swedish Open Gothenburg 2005,2005-11-17,NOUWEN Carla,SHIGEMOTO Sachie,NED,JPN,3,1,"11,6,11,11|6,11,5,7",,GRAND_SLAM,U21WS,1759,Qualification,NOUWEN Carla (NED),SHIGEMOTO Sachie (JPN),,,3 - 1,11:6 6:11 11:5 11:7,NOUWEN Carla,2005
Swedish Open Gothenburg 2005,2005-11-17,SHIGEMOTO Sachie,JOHANSSON Frida,JPN,SWE,3,2,"11,11,2,7,11|9,7,11,11,4",QR2,GRAND_SLAM,U21WS,1759,Qualification,SHIGEMOTO Sachie (JPN),JOHANSSON Frida (SWE),,,2 - 3,9:11 7:11 11:2 11:7 4:11,SHIGEMOTO Sachie,2005
Swedish Open Gothenburg 2005,2005-11-17,NOUWEN Carla,JOHANSSON Frida,NED,SWE,3,2,"16,9,13,11,11|14,11,15,7,9",3,GRAND_SLAM,U21WS,1759,Qualification,NOUWEN Carla (NED),JOHANSSON Frida (SWE),,,2 - 3,14:16 11:9 15:13 7:11 9:11,NOUWEN Carla,2005
Swedish Open Gothenburg 2005,2005-11-17,HANFFOU Sarah,HAKANSSON Malin,CMR,SWE,3,0,"11,11,11|6,5,9",,GRAND_SLAM,U21WS,1759,Qualification,HANFFOU Sarah (CMR),HAKANSSON Malin (SWE),,,3 - 0,11:6 11:5 11:9,HANFFOU Sarah,2005
Swedish Open Gothenburg 2005,2005-11-17,CREEMERS Linda,HAKANSSON Malin,NED,SWE,3,0,"11,11,11|6,6,8",QR2,GRAND_SLAM,U21WS,1759,Qualification,CREEMERS Linda (NED),HAKANSSON Malin (SWE),,,3 - 0,11:6 11:6 11:8,CREEMERS Linda,2005
Swedish Open Gothenburg 2005,2005-11-17,HANFFOU Sarah,CREEMERS Linda,CMR,NED,3,2,"9,11,10,11,11|11,8,12,4,5",3,GRAND_SLAM,U21WS,1759,Qualification,HANFFOU Sarah (CMR),CREEMERS Linda (NED),,,2 - 3,11:9 8:11 12:10 4:11 5:11,HANFFOU Sarah,2005
Swedish Open Gothenburg 2005,2005-11-17,VAN ULSEN Sigrid,LUNDSTROM Cecilia,NED,SWE,3,0,"12,12,11|10,10,7",,GRAND_SLAM,U21WS,1759,Qualification,VAN ULSEN Sigrid (NED),LUNDSTROM Cecilia (SWE),,,3 - 0,12:10 12:10 11:7,VAN ULSEN Sigrid,2005
Swedish Open Gothenburg 2005,2005-11-17,PAUKOVIC Sanja,LUNDSTROM Cecilia,CRO,SWE,3,0,"12,12,11|10,10,8",QR2,GRAND_SLAM,U21WS,1759,Qualification,PAUKOVIC Sanja (CRO),LUNDSTROM Cecilia (SWE),,,3 - 0,12:10 12:10 11:8,PAUKOVIC Sanja,2005
Swedish Open Gothenburg 2005,2005-11-17,VAN ULSEN Sigrid,PAUKOVIC Sanja,NED,CRO,3,0,"11,11,11|6,6,4",3,GRAND_SLAM,U21WS,1759,Qualification,VAN ULSEN Sigrid (NED),PAUKOVIC Sanja (CRO),,,0 - 3,6:11 6:11 4:11,VAN ULSEN Sigrid,2005
Swedish Open Gothenburg 2005,2005-11-17,CAHOREAU Nathalie,DVORAK Galia,FRA,ESP,4,3,"11,9,8,7,11,11,11|8,11,11,11,9,8,8",R16,GRAND_SLAM,U21WS,1759,Main Draw,CAHOREAU Nathalie (FRA),DVORAK Galia (ESP),,,4 - 3,11:8 9:11 8:11 7:11 11:9 11:8 11:8,CAHOREAU Nathalie,2005
Swedish Open Gothenburg 2005,2005-11-17,KIM Hyehyun,SHIMADA Sayuri,KOR,JPN,4,2,"11,8,11,11,10,11|5,11,6,4,12,4",R16,GRAND_SLAM,U21WS,1759,Main Draw,KIM Hyehyun (KOR),SHIMADA Sayuri (JPN),,,4 - 2,11:5 8:11 11:6 11:4 10:12 11:4,KIM Hyehyun,2005
Swedish Open Gothenburg 2005,2005-11-17,RAMIREZ Sara,ITO Midori,ESP,JPN,4,0,"12,11,11,11|10,6,8,3",R16,GRAND_SLAM,U21WS,1759,Main Draw,RAMIREZ Sara (ESP),ITO Midori (JPN),,,4 - 0,12:10 11:6 11:8 11:3,RAMIREZ Sara,2005
Swedish Open Gothenburg 2005,2005-11-17,KIM Junghyun,GRUNDISCH Carole,KOR,FRA,4,2,"11,11,7,10,12,11|4,7,11,12,10,7",R16,GRAND_SLAM,U21WS,1759,Main Draw,KIM Junghyun (KOR),GRUNDISCH Carole (FRA),,,4 - 2,11:4 11:7 7:11 10:12 12:10 11:7,KIM Junghyun,2005
Swedish Open Gothenburg 2005,2005-11-17,WATANABE Yuko,PENKAVOVA Katerina,JPN,CZE,4,2,"11,11,10,7,11,12|8,8,12,11,4,10",R16,GRAND_SLAM,U21WS,1759,Main Draw,WATANABE Yuko (JPN),PENKAVOVA Katerina (CZE),,,2 - 4,8:11 8:11 12:10 11:7 4:11 10:12,WATANABE Yuko,2005
Swedish Open Gothenburg 2005,2005-11-17,SMISTIKOVA Martina,HANFFOU Sarah,CZE,CMR,4,2,"2,11,11,8,11,11|11,7,8,11,2,3",R16,GRAND_SLAM,U21WS,1759,Main Draw,SMISTIKOVA Martina (CZE),HANFFOU Sarah (CMR),,,4 - 2,2:11 11:7 11:8 8:11 11:2 11:3,SMISTIKOVA Martina,2005
Swedish Open Gothenburg 2005,2005-11-17,HUANG Yi-Hua,HASAMA Nozomi,TPE,JPN,4,0,"15,12,11,11|13,10,1,9",R16,GRAND_SLAM,U21WS,1759,Main Draw,HUANG Yi-Hua (TPE),HASAMA Nozomi (JPN),,,0 - 4,13:15 10:12 1:11 9:11,HUANG Yi-Hua,2005
Swedish Open Gothenburg 2005,2005-11-17,NECULA Iulia,CAHOREAU Nathalie,ROU,FRA,4,3,"5,11,11,5,4,11,13|11,4,8,11,11,8,11",QuarterFinal,GRAND_SLAM,U21WS,1759,Main Draw,NECULA Iulia (ROU),CAHOREAU Nathalie (FRA),,,4 - 3,5:11 11:4 11:8 5:11 4:11 11:8 13:11,NECULA Iulia,2005
Swedish Open Gothenburg 2005,2005-11-17,KIM Hyehyun,RAMIREZ Sara,KOR,ESP,4,2,"11,9,11,6,11,11|8,11,7,11,9,7",QuarterFinal,GRAND_SLAM,U21WS,1759,Main Draw,KIM Hyehyun (KOR),RAMIREZ Sara (ESP),,,4 - 2,11:8 9:11 11:7 6:11 11:9 11:7,KIM Hyehyun,2005
Swedish Open Gothenburg 2005,2005-11-17,KIM Junghyun,WATANABE Yuko,KOR,JPN,4,0,"11,11,11,11|6,6,9,4",QuarterFinal,GRAND_SLAM,U21WS,1759,Main Draw,KIM Junghyun (KOR),WATANABE Yuko (JPN),,,4 - 0,11:6 11:6 11:9 11:4,KIM Junghyun,2005
Swedish Open Gothenburg 2005,2005-11-17,HUANG Yi-Hua,SMISTIKOVA Martina,TPE,CZE,4,2,"6,10,11,11,11,11|11,12,9,4,5,6",QuarterFinal,GRAND_SLAM,U21WS,1759,Main Draw,HUANG Yi-Hua (TPE),SMISTIKOVA Martina (CZE),,,2 - 4,11:6 12:10 9:11 4:11 5:11 6:11,HUANG Yi-Hua,2005
Swedish Open Gothenburg 2005,2005-11-17,NECULA Iulia,KIM Hyehyun,ROU,KOR,4,1,"14,11,4,11,11|12,6,11,6,6",SemiFinal,GRAND_SLAM,U21WS,1759,Main Draw,NECULA Iulia (ROU),KIM Hyehyun (KOR),,,4 - 1,14:12 11:6 4:11 11:6 11:6,NECULA Iulia,2005
Swedish Open Gothenburg 2005,2005-11-17,HUANG Yi-Hua,KIM Junghyun,TPE,KOR,4,3,"6,11,11,8,7,11,11|11,9,5,11,11,6,7",SemiFinal,GRAND_SLAM,U21WS,1759,Main Draw,HUANG Yi-Hua (TPE),KIM Junghyun (KOR),,,3 - 4,11:6 9:11 5:11 11:8 11:7 6:11 7:11,HUANG Yi-Hua,2005
Swedish Open Gothenburg 2005,2005-11-17,HUANG Yi-Hua,NECULA Iulia,TPE,ROU,4,1,"12,4,11,12,13|10,11,4,10,11",Final,GRAND_SLAM,U21WS,1759,Main Draw,HUANG Yi-Hua (TPE),NECULA Iulia (ROU),,,1 - 4,10:12 11:4 4:11 10:12 11:13,HUANG Yi-Hua,2005
Swedish Open Gothenburg 2005,2005-11-17,PENKAVOVA Katerina,VAN ULSEN Sigrid,CZE,NED,3,1,"11,11,6,12|9,6,11,10",QR8,GRAND_SLAM,U21WS,1759,Qualification,PENKAVOVA Katerina (CZE),VAN ULSEN Sigrid (NED),,,3 - 1,11:9 11:6 6:11 12:10,PENKAVOVA Katerina,2005
Swedish Open Gothenburg 2005,2005-11-17,HANFFOU Sarah,MISIKONYTE Lina,CMR,LTU,3,2,"9,10,11,11,12|11,12,3,6,10",QR8,GRAND_SLAM,U21WS,1759,Qualification,HANFFOU Sarah (CMR),MISIKONYTE Lina (LTU),,,2 - 3,11:9 12:10 3:11 6:11 10:12,HANFFOU Sarah,2005
Swedish Open Gothenburg 2005,2005-11-17,CAHOREAU Nathalie,NOUWEN Carla,FRA,NED,3,0,"11,11,11|4,7,7",QR8,GRAND_SLAM,U21WS,1759,Qualification,CAHOREAU Nathalie (FRA),NOUWEN Carla (NED),,,3 - 0,11:4 11:7 11:7,CAHOREAU Nathalie,2005
Swedish Open Gothenburg 2005,2005-11-17,HENZELL William/ZALCBERG David,KONGSGAARD Christian/PETERSEN Christoffer,AUS,DEN,3,2,"7,11,10,11,11|11,9,12,4,8",QR64,GRAND_SLAM,MD,1759,Qualification,HENZELL William (AUS) / ZALCBERG David (AUS),KONGSGAARD Christian (DEN) / PETERSEN Christoffer (DEN),ZALCBERG David (AUS),PETERSEN Christoffer (DEN),3 - 2,7:11 11:9 10:12 11:4 11:8,HENZELL William,2005
Swedish Open Gothenburg 2005,2005-11-17,HARA Masahiko/NAKANO Yusuke,HENZELL William/ZALCBERG David,JPN,AUS,3,1,"11,11,8,11|7,7,11,9",QR32,GRAND_SLAM,MD,1759,Qualification,HARA Masahiko (JPN) / NAKANO Yusuke (JPN),HENZELL William (AUS) / ZALCBERG David (AUS),NAKANO Yusuke (JPN),ZALCBERG David (AUS),1 - 3,7:11 7:11 11:8 9:11,HARA Masahiko,2005
Swedish Open Gothenburg 2005,2005-11-17,JIANG Tianyi/TANG Peng,JINDRAK Karl/SCHLAGER Werner,HKG,AUT,4,0,"18,11,14,11|16,8,12,5",R16,GRAND_SLAM,MD,1759,Main Draw,JIANG Tianyi (HKG) / TANG Peng (HKG),JINDRAK Karl (AUT) / SCHLAGER Werner (AUT),TANG Peng (HKG),SCHLAGER Werner (AUT),0 - 4,16:18 8:11 12:14 5:11,JIANG Tianyi,2005
Swedish Open Gothenburg 2005,2005-11-17,NILSSON Peter/WU Chih-Chi,HABESOHN Daniel/HABESOHN Mathias,SWE,AUT,3,0,"11,11,11|2,6,2",QR64,GRAND_SLAM,MD,1759,Qualification,NILSSON Peter (SWE) / WU Chih-Chi (TPE),HABESOHN Daniel (AUT) / HABESOHN Mathias (AUT),WU Chih-Chi (TPE),HABESOHN Mathias (AUT),0 - 3,2:11 6:11 2:11,NILSSON Peter,2005
Swedish Open Gothenburg 2005,2005-11-17,FEJER-KONNERTH Zoltan/LIM Jaehyun,ROBERTSON Adam/VOSTES Yannick,GER,WAL,3,0,"11,12,11|6,10,5",QR128,GRAND_SLAM,MD,1759,Qualification,FEJER-KONNERTH Zoltan (GER) / LIM Jaehyun (KOR),ROBERTSON Adam (WAL) / VOSTES Yannick (BEL),LIM Jaehyun (KOR),VOSTES Yannick (BEL),0 - 3,6:11 10:12 5:11,FEJER-KONNERTH Zoltan,2005
Swedish Open Gothenburg 2005,2005-11-17,HOYAMA Hugo/MONTEIRO Thiago,SAKAMOTO Ryusuke/YOSHIDA Kaii,BRA,JPN,3,0,"11,11,14|9,6,12",QR32,GRAND_SLAM,MD,1759,Qualification,HOYAMA Hugo (BRA) / MONTEIRO Thiago (BRA),SAKAMOTO Ryusuke (JPN) / YOSHIDA Kaii (JPN),MONTEIRO Thiago (BRA),YOSHIDA Kaii (JPN),3 - 0,11:9 11:6 14:12,HOYAMA Hugo,2005
Swedish Open Gothenburg 2005,2005-11-17,HIELSCHER Lars/WOSIK Torben,CHEN Weixing/ZHANG Wilson,GER,AUT,3,2,"11,12,11,9,11|8,10,13,11,6",QR64,GRAND_SLAM,MD,1759,Qualification,HIELSCHER Lars (GER) / WOSIK Torben (GER),CHEN Weixing (AUT) / ZHANG Wilson (CAN),WOSIK Torben (GER),ZHANG Wilson (CAN),2 - 3,8:11 10:12 13:11 11:9 6:11,HIELSCHER Lars,2005
Swedish Open Gothenburg 2005,2005-11-17,SAKAMOTO Ryusuke/YOSHIDA Kaii,DEVAUX Jimmy/HINSE Pierre-Luc,JPN,FRA,3,1,"11,11,9,11|7,7,11,5",QR64,GRAND_SLAM,MD,1759,Qualification,SAKAMOTO Ryusuke (JPN) / YOSHIDA Kaii (JPN),DEVAUX Jimmy (FRA) / HINSE Pierre-Luc (CAN),YOSHIDA Kaii (JPN),HINSE Pierre-Luc (CAN),1 - 3,7:11 7:11 11:9 5:11,SAKAMOTO Ryusuke,2005
Swedish Open Gothenburg 2005,2005-11-17,LI Ping/ZHANG Chao,KEEN Trinko/TOKIC Bojan,QAT,NED,3,1,"11,11,9,11|9,9,11,8",QR128,GRAND_SLAM,MD,1759,Qualification,LI Ping (QAT) / ZHANG Chao (CHN),KEEN Trinko (NED) / TOKIC Bojan (SLO),ZHANG Chao (CHN),TOKIC Bojan (SLO),3 - 1,11:9 11:9 9:11 11:8,LI Ping,2005
Swedish Open Gothenburg 2005,2005-11-17,HAO Shuai/MA Long,FRIBY Silas/HINDERSSON Mikkel,CHN,DEN,3,0,"11,11,14|1,2,12",QR64,GRAND_SLAM,MD,1759,Qualification,HAO Shuai (CHN) / MA Long (CHN),FRIBY Silas (DEN) / HINDERSSON Mikkel (DEN),MA Long (CHN),HINDERSSON Mikkel (DEN),3 - 0,11:1 11:2 14:12,HAO Shuai,2005
Swedish Open Gothenburg 2005,2005-11-17,HAO Shuai/MA Long,OLLIVIER Brice/PHUNG Armand,CHN,FRA,3,0,"13,11,11|11,6,8",QR32,GRAND_SLAM,MD,1759,Qualification,HAO Shuai (CHN) / MA Long (CHN),OLLIVIER Brice (FRA) / PHUNG Armand (FRA),MA Long (CHN),PHUNG Armand (FRA),3 - 0,13:11 11:6 11:8,HAO Shuai,2005
Swedish Open Gothenburg 2005,2005-11-17,HAO Shuai/MA Long,BALTRUSHKA Dzmitry/DAVIDOVICH Dmitry,CHN,BLR,3,0,"11,11,11|6,9,6",QR16,GRAND_SLAM,MD,1759,Qualification,HAO Shuai (CHN) / MA Long (CHN),BALTRUSHKA Dzmitry (BLR) / DAVIDOVICH Dmitry (BLR),MA Long (CHN),DAVIDOVICH Dmitry (BLR),3 - 0,11:6 11:9 11:6,HAO Shuai,2005
Swedish Open Gothenburg 2005,2005-11-17,LI Ping/ZHANG Chao,HARA Masahiko/NAKANO Yusuke,QAT,JPN,3,0,"11,11,11|6,7,3",QR16,GRAND_SLAM,MD,1759,Qualification,LI Ping (QAT) / ZHANG Chao (CHN),HARA Masahiko (JPN) / NAKANO Yusuke (JPN),ZHANG Chao (CHN),NAKANO Yusuke (JPN),3 - 0,11:6 11:7 11:3,LI Ping,2005
Swedish Open Gothenburg 2005,2005-11-17,JIANG Weizhong/TAN Ruiwu,GAVRILOV Denis/SARGSYAN Davit,CRO,RUS,3,1,"7,11,11,11|11,9,6,8",QR128,GRAND_SLAM,MD,1759,Qualification,JIANG Weizhong (CRO) / TAN Ruiwu (CRO),GAVRILOV Denis (RUS) / SARGSYAN Davit (ARM),TAN Ruiwu (CRO),SARGSYAN Davit (ARM),3 - 1,7:11 11:9 11:6 11:8,JIANG Weizhong,2005
Swedish Open Gothenburg 2005,2005-11-17,GACINA Andrej/ZUBCIC Tomislav,CARVALHO Efraim/MATSUMOTO Cazuo,CRO,BRA,3,0,"11,11,11|4,8,8",QR128,GRAND_SLAM,MD,1759,Qualification,GACINA Andrej (CRO) / ZUBCIC Tomislav (CRO),CARVALHO Efraim (BRA) / MATSUMOTO Cazuo (BRA),ZUBCIC Tomislav (CRO),MATSUMOTO Cazuo (BRA),3 - 0,11:4 11:8 11:8,GACINA Andrej,2005
Swedish Open Gothenburg 2005,2005-11-17,JIANG Weizhong/TAN Ruiwu,MILICEVIC Srdan/SEHIC Adnan,CRO,BIH,3,1,"11,5,11,11|4,11,4,4",QR64,GRAND_SLAM,MD,1759,Qualification,JIANG Weizhong (CRO) / TAN Ruiwu (CRO),MILICEVIC Srdan (BIH) / SEHIC Adnan (BIH),TAN Ruiwu (CRO),SEHIC Adnan (BIH),3 - 1,11:4 5:11 11:4 11:4,JIANG Weizhong,2005
Swedish Open Gothenburg 2005,2005-11-17,GIONIS Panagiotis/JOO Saehyuk,JAKAB Janos/TOSIC Roko,GRE,HUN,3,2,"11,11,7,7,11|6,8,11,11,3",QR32,GRAND_SLAM,MD,1759,Qualification,GIONIS Panagiotis (GRE) / JOO Saehyuk (KOR),JAKAB Janos (HUN) / TOSIC Roko (CRO),JOO Saehyuk (KOR),TOSIC Roko (CRO),2 - 3,6:11 8:11 11:7 11:7 3:11,GIONIS Panagiotis,2005
Swedish Open Gothenburg 2005,2005-11-17,KISHIKAWA Seiya/MIZUTANI Jun,GACINA Andrej/ZUBCIC Tomislav,JPN,CRO,3,0,"11,11,11|5,6,7",QR32,GRAND_SLAM,MD,1759,Qualification,KISHIKAWA Seiya (JPN) / MIZUTANI Jun (JPN),GACINA Andrej (CRO) / ZUBCIC Tomislav (CRO),MIZUTANI Jun (JPN),ZUBCIC Tomislav (CRO),0 - 3,5:11 6:11 7:11,KISHIKAWA Seiya,2005
Swedish Open Gothenburg 2005,2005-11-17,HIELSCHER Lars/WOSIK Torben,JIANG Weizhong/TAN Ruiwu,GER,CRO,3,2,"11,13,8,11,11|7,15,11,8,8",QR16,GRAND_SLAM,MD,1759,Qualification,HIELSCHER Lars (GER) / WOSIK Torben (GER),JIANG Weizhong (CRO) / TAN Ruiwu (CRO),WOSIK Torben (GER),TAN Ruiwu (CRO),2 - 3,7:11 15:13 11:8 8:11 8:11,HIELSCHER Lars,2005
Swedish Open Gothenburg 2005,2005-11-17,BAGGALEY Andrew/KOSOWSKI Jakub,KONECNY Tomas/VOZICKY Bohumil,ENG,CZE,3,1,"7,14,11,11|11,12,9,7",QR128,GRAND_SLAM,MD,1759,Qualification,BAGGALEY Andrew (ENG) / KOSOWSKI Jakub (POL),KONECNY Tomas (CZE) / VOZICKY Bohumil (CZE),KOSOWSKI Jakub (POL),VOZICKY Bohumil (CZE),1 - 3,11:7 12:14 9:11 7:11,BAGGALEY Andrew,2005
Swedish Open Gothenburg 2005,2005-11-17,BUBA Ondrej/DEMEK Tomas,BAUBET Vincent/BEZARD Pierre,CZE,FRA,3,1,"11,5,11,11|9,11,3,8",QR128,GRAND_SLAM,MD,1759,Qualification,BUBA Ondrej (CZE) / DEMEK Tomas (CZE),BAUBET Vincent (FRA) / BEZARD Pierre (FRA),DEMEK Tomas (CZE),BEZARD Pierre (FRA),3 - 1,11:9 5:11 11:3 11:8,BUBA Ondrej,2005
Swedish Open Gothenburg 2005,2005-11-17,KISHIKAWA Seiya/MIZUTANI Jun,GAVLAS Antonin/OLEJNIK Martin,JPN,CZE,3,0,"11,14,11|7,12,1",QR64,GRAND_SLAM,MD,1759,Qualification,KISHIKAWA Seiya (JPN) / MIZUTANI Jun (JPN),GAVLAS Antonin (CZE) / OLEJNIK Martin (CZE),MIZUTANI Jun (JPN),OLEJNIK Martin (CZE),0 - 3,7:11 12:14 1:11,KISHIKAWA Seiya,2005
Swedish Open Gothenburg 2005,2005-11-17,HARA Masahiko/NAKANO Yusuke,PAVELKA Tomas/PLACHY Josef,JPN,CZE,3,1,"6,11,11,11|11,5,6,3",QR64,GRAND_SLAM,MD,1759,Qualification,HARA Masahiko (JPN) / NAKANO Yusuke (JPN),PAVELKA Tomas (CZE) / PLACHY Josef (CZE),NAKANO Yusuke (JPN),PLACHY Josef (CZE),1 - 3,11:6 5:11 6:11 3:11,HARA Masahiko,2005
Swedish Open Gothenburg 2005,2005-11-17,BALTRUSHKA Dzmitry/DAVIDOVICH Dmitry,BUBA Ondrej/DEMEK Tomas,BLR,CZE,3,2,"8,11,5,11,11|11,6,11,7,7",QR32,GRAND_SLAM,MD,1759,Qualification,BALTRUSHKA Dzmitry (BLR) / DAVIDOVICH Dmitry (BLR),BUBA Ondrej (CZE) / DEMEK Tomas (CZE),DAVIDOVICH Dmitry (BLR),DEMEK Tomas (CZE),2 - 3,11:8 6:11 11:5 7:11 7:11,BALTRUSHKA Dzmitry,2005
Swedish Open Gothenburg 2005,2005-11-17,KONGSGAARD Christian/PETERSEN Christoffer,AXELQVIST Johan/SVENSSON Robert,DEN,SWE,3,1,"8,11,11,11|11,5,8,7",QR128,GRAND_SLAM,MD,1759,Qualification,KONGSGAARD Christian (DEN) / PETERSEN Christoffer (DEN),AXELQVIST Johan (SWE) / SVENSSON Robert (SWE),PETERSEN Christoffer (DEN),SVENSSON Robert (SWE),3 - 1,8:11 11:5 11:8 11:7,KONGSGAARD Christian,2005
Swedish Open Gothenburg 2005,2005-11-17,CHOU Tung-Yu/CHUANG Chih-Yuan,SORENSEN Mads/STERNBERG Kasper,TPE,DEN,3,2,"10,11,9,11,11|12,5,11,5,8",QR64,GRAND_SLAM,MD,1759,Qualification,CHOU Tung-Yu (TPE) / CHUANG Chih-Yuan (TPE),SORENSEN Mads (DEN) / STERNBERG Kasper (DEN),CHUANG Chih-Yuan (TPE),STERNBERG Kasper (DEN),2 - 3,12:10 5:11 11:9 5:11 8:11,CHOU Tung-Yu,2005
Swedish Open Gothenburg 2005,2005-11-17,HOYAMA Hugo/MONTEIRO Thiago,MACHADO Carlos/MONZO Oriol,BRA,ESP,3,0,"11,12,11|3,10,8",QR64,GRAND_SLAM,MD,1759,Qualification,HOYAMA Hugo (BRA) / MONTEIRO Thiago (BRA),MACHADO Carlos (ESP) / MONZO Oriol (ESP),MONTEIRO Thiago (BRA),MONZO Oriol (ESP),0 - 3,3:11 10:12 8:11,HOYAMA Hugo,2005
Swedish Open Gothenburg 2005,2005-11-17,NILSSON Peter/WU Chih-Chi,ELENSKY Gregory/LO Dany,SWE,ISR,3,0,"11,11,11|9,3,6",QR128,GRAND_SLAM,MD,1759,Qualification,NILSSON Peter (SWE) / WU Chih-Chi (TPE),ELENSKY Gregory (ISR) / LO Dany (FRA),WU Chih-Chi (TPE),LO Dany (FRA),0 - 3,9:11 3:11 6:11,NILSSON Peter,2005
Swedish Open Gothenburg 2005,2005-11-17,KIHO Shinnosuke/TAKAKIWA Kenichi,LEBESSON Emmanuel/SALIFOU Abdel-Kader,JPN,FRA,3,0,"11,11,11|8,3,3",QR128,GRAND_SLAM,MD,1759,Qualification,KIHO Shinnosuke (JPN) / TAKAKIWA Kenichi (JPN),LEBESSON Emmanuel (FRA) / SALIFOU Abdel-Kader (BEN),TAKAKIWA Kenichi (JPN),SALIFOU Abdel-Kader (BEN),0 - 3,8:11 3:11 3:11,KIHO Shinnosuke,2005
Swedish Open Gothenburg 2005,2005-11-17,BERTIN Christophe/BOBILLIER Loic,FAN Guoliang/LIN Ju,FRA,ESP,3,0,"11,11,11|8,6,6",QR64,GRAND_SLAM,MD,1759,Qualification,BERTIN Christophe (FRA) / BOBILLIER Loic (FRA),FAN Guoliang (ESP) / LIN Ju (DOM),BOBILLIER Loic (FRA),LIN Ju (DOM),3 - 0,11:8 11:6 11:6,BERTIN Christophe,2005
Swedish Open Gothenburg 2005,2005-11-17,OLLIVIER Brice/PHUNG Armand,PEREK Jakub/SUCH Bartosz,FRA,POL,3,0,"11,11,11|6,4,6",QR64,GRAND_SLAM,MD,1759,Qualification,OLLIVIER Brice (FRA) / PHUNG Armand (FRA),PEREK Jakub (POL) / SUCH Bartosz (POL),PHUNG Armand (FRA),SUCH Bartosz (POL),3 - 0,11:6 11:4 11:6,OLLIVIER Brice,2005
Swedish Open Gothenburg 2005,2005-11-17,ERLANDSEN Geir/WANG Jianfeng,DESPRES Rodolphe/LEGOUT Christophe,NOR,FRA,3,0,"12,11,11|10,7,7",QR64,GRAND_SLAM,MD,1759,Qualification,ERLANDSEN Geir (NOR) / WANG Jianfeng (NOR),DESPRES Rodolphe (FRA) / LEGOUT Christophe (FRA),WANG Jianfeng (NOR),LEGOUT Christophe (FRA),0 - 3,10:12 7:11 7:11,ERLANDSEN Geir,2005
Swedish Open Gothenburg 2005,2005-11-17,CHMIEL Pawel/GORAK Daniel,AUFRERE Julien/QUENTEL Dorian,POL,FRA,3,1,"11,12,8,11|9,10,11,4",QR64,GRAND_SLAM,MD,1759,Qualification,CHMIEL Pawel (POL) / GORAK Daniel (POL),AUFRERE Julien (FRA) / QUENTEL Dorian (FRA),GORAK Daniel (POL),QUENTEL Dorian (FRA),1 - 3,9:11 10:12 11:8 4:11,CHMIEL Pawel,2005
Swedish Open Gothenburg 2005,2005-11-17,JIANG Weizhong/TAN Ruiwu,BERTIN Christophe/BOBILLIER Loic,CRO,FRA,3,2,"4,11,8,11,11|11,3,11,6,5",QR32,GRAND_SLAM,MD,1759,Qualification,JIANG Weizhong (CRO) / TAN Ruiwu (CRO),BERTIN Christophe (FRA) / BOBILLIER Loic (FRA),TAN Ruiwu (CRO),BOBILLIER Loic (FRA),2 - 3,11:4 3:11 11:8 6:11 5:11,JIANG Weizhong,2005
Swedish Open Gothenburg 2005,2005-11-17,FEJER-KONNERTH Zoltan/LIM Jaehyun,DEBRUYERES Clement/MATTENET Adrien,GER,FRA,3,0,"11,11,11|6,6,6",QR32,GRAND_SLAM,MD,1759,Qualification,FEJER-KONNERTH Zoltan (GER) / LIM Jaehyun (KOR),DEBRUYERES Clement (FRA) / MATTENET Adrien (FRA),LIM Jaehyun (KOR),MATTENET Adrien (FRA),0 - 3,6:11 6:11 6:11,FEJER-KONNERTH Zoltan,2005
Swedish Open Gothenburg 2005,2005-11-17,GIONIS Panagiotis/JOO Saehyuk,BOLL Timo/SUSS Christian,GRE,GER,4,3,"10,11,11,11,11,9,11|12,9,9,13,7,11,6",R16,GRAND_SLAM,MD,1759,Main Draw,GIONIS Panagiotis (GRE) / JOO Saehyuk (KOR),BOLL Timo (GER) / SUSS Christian (GER),JOO Saehyuk (KOR),SUSS Christian (GER),3 - 4,12:10 9:11 9:11 13:11 7:11 11:9 6:11,GIONIS Panagiotis,2005
Swedish Open Gothenburg 2005,2005-11-17,LEE Jungwoo/OH Sangeun,HIELSCHER Lars/WOSIK Torben,KOR,GER,4,0,"11,11,11,11|8,3,4,2",R16,GRAND_SLAM,MD,1759,Main Draw,LEE Jungwoo (KOR) / OH Sangeun (KOR),HIELSCHER Lars (GER) / WOSIK Torben (GER),OH Sangeun (KOR),WOSIK Torben (GER),0 - 4,8:11 3:11 4:11 2:11,LEE Jungwoo,2005
Swedish Open Gothenburg 2005,2005-11-17,HIELSCHER Lars/WOSIK Torben,CHO Jihoon/YOON Jaeyoung,GER,KOR,3,1,"11,9,11,11|4,11,8,6",QR128,GRAND_SLAM,MD,1759,Qualification,HIELSCHER Lars (GER) / WOSIK Torben (GER),CHO Jihoon (KOR) / YOON Jaeyoung (KOR),WOSIK Torben (GER),YOON Jaeyoung (KOR),3 - 1,11:4 9:11 11:8 11:6,HIELSCHER Lars,2005
Swedish Open Gothenburg 2005,2005-11-17,HIELSCHER Lars/WOSIK Torben,KLEPRLIK Jakub/KLEPRLIK Michal,GER,CZE,3,0,"14,11,11|12,4,4",QR32,GRAND_SLAM,MD,1759,Qualification,HIELSCHER Lars (GER) / WOSIK Torben (GER),KLEPRLIK Jakub (CZE) / KLEPRLIK Michal (CZE),WOSIK Torben (GER),KLEPRLIK Michal (CZE),3 - 0,14:12 11:4 11:4,HIELSCHER Lars,2005
Swedish Open Gothenburg 2005,2005-11-17,JACKSON Peter/PAPADIMITRIOU Dimitrios,MADRID Marcos/MENDEZ Rafael,NZL,MEX,3,0,"11,11,15|8,8,13",QR128,GRAND_SLAM,MD,1759,Qualification,JACKSON Peter (NZL) / PAPADIMITRIOU Dimitrios (GRE),MADRID Marcos (MEX) / MENDEZ Rafael (MEX),PAPADIMITRIOU Dimitrios (GRE),MENDEZ Rafael (MEX),3 - 0,11:8 11:8 15:13,JACKSON Peter,2005
Swedish Open Gothenburg 2005,2005-11-17,JIANG Tianyi/TANG Peng,JACKSON Peter/PAPADIMITRIOU Dimitrios,HKG,NZL,3,1,"9,11,11,11|11,4,2,6",QR64,GRAND_SLAM,MD,1759,Qualification,JIANG Tianyi (HKG) / TANG Peng (HKG),JACKSON Peter (NZL) / PAPADIMITRIOU Dimitrios (GRE),TANG Peng (HKG),PAPADIMITRIOU Dimitrios (GRE),1 - 3,11:9 4:11 2:11 6:11,JIANG Tianyi,2005
Swedish Open Gothenburg 2005,2005-11-17,LEE Jungwoo/OH Sangeun,JIANG Tianyi/TANG Peng,KOR,HKG,4,0,"11,11,11,11|8,5,6,6",QuarterFinal,GRAND_SLAM,MD,1759,Main Draw,LEE Jungwoo (KOR) / OH Sangeun (KOR),JIANG Tianyi (HKG) / TANG Peng (HKG),OH Sangeun (KOR),TANG Peng (HKG),0 - 4,8:11 5:11 6:11 6:11,LEE Jungwoo,2005
Swedish Open Gothenburg 2005,2005-11-17,JIANG Tianyi/TANG Peng,LIU Guozheng/XU Hui,HKG,CHN,3,0,"11,11,11|7,8,8",QR16,GRAND_SLAM,MD,1759,Qualification,JIANG Tianyi (HKG) / TANG Peng (HKG),LIU Guozheng (CHN) / XU Hui (CHN),TANG Peng (HKG),XU Hui (CHN),3 - 0,11:7 11:8 11:8,JIANG Tianyi,2005
Swedish Open Gothenburg 2005,2005-11-17,KIHO Shinnosuke/TAKAKIWA Kenichi,BERNER Eric/STEPHENSEN Gudmundur,JPN,NOR,3,0,"11,11,12|5,3,10",QR64,GRAND_SLAM,MD,1759,Qualification,KIHO Shinnosuke (JPN) / TAKAKIWA Kenichi (JPN),BERNER Eric (NOR) / STEPHENSEN Gudmundur (ISL),TAKAKIWA Kenichi (JPN),STEPHENSEN Gudmundur (ISL),0 - 3,5:11 3:11 10:12,KIHO Shinnosuke,2005
Swedish Open Gothenburg 2005,2005-11-17,HOYAMA Hugo/MONTEIRO Thiago,BOBOCICA Mihai/SABATINO Daniele,BRA,ITA,3,2,"15,9,9,11,11|13,11,11,4,5",QR128,GRAND_SLAM,MD,1759,Qualification,HOYAMA Hugo (BRA) / MONTEIRO Thiago (BRA),BOBOCICA Mihai (ITA) / SABATINO Daniele (ITA),MONTEIRO Thiago (BRA),SABATINO Daniele (ITA),2 - 3,13:15 11:9 11:9 4:11 5:11,HOYAMA Hugo,2005
Swedish Open Gothenburg 2005,2005-11-17,GACINA Andrej/ZUBCIC Tomislav,PIACENTINI Valentino/YANG Min,CRO,ITA,3,2,"7,11,11,6,11|11,6,7,11,5",QR64,GRAND_SLAM,MD,1759,Qualification,GACINA Andrej (CRO) / ZUBCIC Tomislav (CRO),PIACENTINI Valentino (ITA) / YANG Min (ITA),ZUBCIC Tomislav (CRO),YANG Min (ITA),2 - 3,11:7 6:11 7:11 11:6 5:11,GACINA Andrej,2005
Swedish Open Gothenburg 2005,2005-11-17,KLEPRLIK Jakub/KLEPRLIK Michal,OYA Hidetoshi/TAKAKIWA Taku,CZE,JPN,3,0,"13,16,11|11,14,3",QR64,GRAND_SLAM,MD,1759,Qualification,KLEPRLIK Jakub (CZE) / KLEPRLIK Michal (CZE),OYA Hidetoshi (JPN) / TAKAKIWA Taku (JPN),KLEPRLIK Michal (CZE),TAKAKIWA Taku (JPN),0 - 3,11:13 14:16 3:11,KLEPRLIK Jakub,2005
Swedish Open Gothenburg 2005,2005-11-17,BLASZCZYK Lucjan/WANG Zengyi,KIHO Shinnosuke/TAKAKIWA Kenichi,POL,JPN,3,1,"11,11,12,11|4,4,14,6",QR32,GRAND_SLAM,MD,1759,Qualification,BLASZCZYK Lucjan (POL) / WANG Zengyi (POL),KIHO Shinnosuke (JPN) / TAKAKIWA Kenichi (JPN),WANG Zengyi (POL),TAKAKIWA Kenichi (JPN),1 - 3,4:11 4:11 14:12 6:11,BLASZCZYK Lucjan,2005
Swedish Open Gothenburg 2005,2005-11-17,LEE Jinkwon/RYU Seungmin,KISHIKAWA Seiya/MIZUTANI Jun,KOR,JPN,4,1,"9,11,11,12,11|11,6,6,10,3",R16,GRAND_SLAM,MD,1759,Main Draw,LEE Jinkwon (KOR) / RYU Seungmin (KOR),KISHIKAWA Seiya (JPN) / MIZUTANI Jun (JPN),RYU Seungmin (KOR),MIZUTANI Jun (JPN),4 - 1,9:11 11:6 11:6 12:10 11:3,LEE Jinkwon,2005
Swedish Open Gothenburg 2005,2005-11-17,KIM Junghoon/LEE Jungsam,GERELL Par/LUNDQVIST Jens,KOR,SWE,4,1,"6,11,11,11,11|11,6,6,6,5",R16,GRAND_SLAM,MD,1759,Main Draw,KIM Junghoon (KOR) / LEE Jungsam (KOR),GERELL Par (SWE) / LUNDQVIST Jens (SWE),LEE Jungsam (KOR),LUNDQVIST Jens (SWE),4 - 1,6:11 11:6 11:6 11:6 11:5,KIM Junghoon,2005
Swedish Open Gothenburg 2005,2005-11-17,GIONIS Panagiotis/JOO Saehyuk,LI Ping/ZHANG Chao,GRE,QAT,4,0,"11,11,11,11|9,8,4,7",QuarterFinal,GRAND_SLAM,MD,1759,Main Draw,GIONIS Panagiotis (GRE) / JOO Saehyuk (KOR),LI Ping (QAT) / ZHANG Chao (CHN),JOO Saehyuk (KOR),ZHANG Chao (CHN),4 - 0,11:9 11:8 11:4 11:7,GIONIS Panagiotis,2005
Swedish Open Gothenburg 2005,2005-11-17,BLASZCZYK Lucjan/WANG Zengyi,LEE Jinkwon/RYU Seungmin,POL,KOR,4,3,"11,7,10,11,8,11,12|8,11,12,8,11,9,10",QuarterFinal,GRAND_SLAM,MD,1759,Main Draw,BLASZCZYK Lucjan (POL) / WANG Zengyi (POL),LEE Jinkwon (KOR) / RYU Seungmin (KOR),WANG Zengyi (POL),RYU Seungmin (KOR),3 - 4,8:11 11:7 12:10 8:11 11:8 9:11 10:12,BLASZCZYK Lucjan,2005
Swedish Open Gothenburg 2005,2005-11-17,BLASZCZYK Lucjan/WANG Zengyi,GIONIS Panagiotis/JOO Saehyuk,POL,GRE,4,3,"11,4,11,8,12,6,12|4,11,6,11,10,11,10",SemiFinal,GRAND_SLAM,MD,1759,Main Draw,BLASZCZYK Lucjan (POL) / WANG Zengyi (POL),GIONIS Panagiotis (GRE) / JOO Saehyuk (KOR),WANG Zengyi (POL),JOO Saehyuk (KOR),3 - 4,4:11 11:4 6:11 11:8 10:12 11:6 10:12,BLASZCZYK Lucjan,2005
Swedish Open Gothenburg 2005,2005-11-17,LEE Jungwoo/OH Sangeun,KIM Junghoon/LEE Jungsam,KOR,KOR,4,2,"6,11,11,10,11,11|11,8,6,12,8,8",SemiFinal,GRAND_SLAM,MD,1759,Main Draw,LEE Jungwoo (KOR) / OH Sangeun (KOR),KIM Junghoon (KOR) / LEE Jungsam (KOR),OH Sangeun (KOR),LEE Jungsam (KOR),2 - 4,11:6 8:11 6:11 12:10 8:11 8:11,LEE Jungwoo,2005
Swedish Open Gothenburg 2005,2005-11-17,GIONIS Panagiotis/JOO Saehyuk,ABE Kazuhiro/ONO Tatsuya,GRE,JPN,3,0,"11,11,11|4,7,8",QR128,GRAND_SLAM,MD,1759,Qualification,GIONIS Panagiotis (GRE) / JOO Saehyuk (KOR),ABE Kazuhiro (JPN) / ONO Tatsuya (JPN),JOO Saehyuk (KOR),ONO Tatsuya (JPN),3 - 0,11:4 11:7 11:8,GIONIS Panagiotis,2005
Swedish Open Gothenburg 2005,2005-11-17,GIONIS Panagiotis/JOO Saehyuk,CABESTANY Cedrik/FILIMON Andrei,GRE,FRA,3,0,"11,11,11|9,7,6",QR64,GRAND_SLAM,MD,1759,Qualification,GIONIS Panagiotis (GRE) / JOO Saehyuk (KOR),CABESTANY Cedrik (FRA) / FILIMON Andrei (ROU),JOO Saehyuk (KOR),FILIMON Andrei (ROU),3 - 0,11:9 11:7 11:6,GIONIS Panagiotis,2005
Swedish Open Gothenburg 2005,2005-11-17,FEJER-KONNERTH Zoltan/LIM Jaehyun,CLARKE Brett/DAVIS Kyle,GER,AUS,3,0,"11,11,11|4,6,5",QR64,GRAND_SLAM,MD,1759,Qualification,FEJER-KONNERTH Zoltan (GER) / LIM Jaehyun (KOR),CLARKE Brett (AUS) / DAVIS Kyle (AUS),LIM Jaehyun (KOR),DAVIS Kyle (AUS),3 - 0,11:4 11:6 11:5,FEJER-KONNERTH Zoltan,2005
Swedish Open Gothenburg 2005,2005-11-17,CHO Eonrae/CHOI Hyunjin,KAUCKY Petr/URBANEK Jan,KOR,CZE,3,1,"11,10,11,12|7,12,6,10",QR64,GRAND_SLAM,MD,1759,Qualification,CHO Eonrae (KOR) / CHOI Hyunjin (KOR),KAUCKY Petr (CZE) / URBANEK Jan (CZE),CHOI Hyunjin (KOR),URBANEK Jan (CZE),3 - 1,11:7 10:12 11:6 12:10,CHO Eonrae,2005
Swedish Open Gothenburg 2005,2005-11-17,JIANG Tianyi/TANG Peng,CHO Eonrae/CHOI Hyunjin,HKG,KOR,3,1,"11,4,11,11|8,11,5,8",QR32,GRAND_SLAM,MD,1759,Qualification,JIANG Tianyi (HKG) / TANG Peng (HKG),CHO Eonrae (KOR) / CHOI Hyunjin (KOR),TANG Peng (HKG),CHOI Hyunjin (KOR),1 - 3,8:11 11:4 5:11 8:11,JIANG Tianyi,2005
Swedish Open Gothenburg 2005,2005-11-17,GIONIS Panagiotis/JOO Saehyuk,BAGGALEY Andrew/KOSOWSKI Jakub,GRE,ENG,3,0,"12,15,11|10,13,7",QR16,GRAND_SLAM,MD,1759,Qualification,GIONIS Panagiotis (GRE) / JOO Saehyuk (KOR),BAGGALEY Andrew (ENG) / KOSOWSKI Jakub (POL),JOO Saehyuk (KOR),KOSOWSKI Jakub (POL),3 - 0,12:10 15:13 11:7,GIONIS Panagiotis,2005
Swedish Open Gothenburg 2005,2005-11-17,KISHIKAWA Seiya/MIZUTANI Jun,FEJER-KONNERTH Zoltan/LIM Jaehyun,JPN,GER,3,0,"11,11,11|9,8,8",QR16,GRAND_SLAM,MD,1759,Qualification,KISHIKAWA Seiya (JPN) / MIZUTANI Jun (JPN),FEJER-KONNERTH Zoltan (GER) / LIM Jaehyun (KOR),MIZUTANI Jun (JPN),LIM Jaehyun (KOR),0 - 3,9:11 8:11 8:11,KISHIKAWA Seiya,2005
Swedish Open Gothenburg 2005,2005-11-17,KIM Junghoon/LEE Jungsam,HOYAMA Hugo/MONTEIRO Thiago,KOR,BRA,3,0,"11,11,11|5,4,7",QR16,GRAND_SLAM,MD,1759,Qualification,KIM Junghoon (KOR) / LEE Jungsam (KOR),HOYAMA Hugo (BRA) / MONTEIRO Thiago (BRA),LEE Jungsam (KOR),MONTEIRO Thiago (BRA),3 - 0,11:5 11:4 11:7,KIM Junghoon,2005
Swedish Open Gothenburg 2005,2005-11-17,BUBA Ondrej/DEMEK Tomas,AARAS Arne/MOLDOVAN Istvan,CZE,NOR,3,2,"8,11,11,5,11|11,1,5,11,6",QR64,GRAND_SLAM,MD,1759,Qualification,BUBA Ondrej (CZE) / DEMEK Tomas (CZE),AARAS Arne (NOR) / MOLDOVAN Istvan (NOR),DEMEK Tomas (CZE),MOLDOVAN Istvan (NOR),2 - 3,11:8 1:11 5:11 11:5 6:11,BUBA Ondrej,2005
Swedish Open Gothenburg 2005,2005-11-17,LI Ping/ZHANG Chao,ERLANDSEN Geir/WANG Jianfeng,QAT,NOR,3,2,"9,11,11,11,11|11,6,13,8,3",QR32,GRAND_SLAM,MD,1759,Qualification,LI Ping (QAT) / ZHANG Chao (CHN),ERLANDSEN Geir (NOR) / WANG Jianfeng (NOR),ZHANG Chao (CHN),WANG Jianfeng (NOR),2 - 3,11:9 6:11 13:11 8:11 3:11,LI Ping,2005
Swedish Open Gothenburg 2005,2005-11-17,BLASZCZYK Lucjan/WANG Zengyi,CHEUNG Yuk/LEUNG Chu Yan,POL,HKG,4,1,"11,11,13,11,11|6,6,15,6,2",R16,GRAND_SLAM,MD,1759,Main Draw,BLASZCZYK Lucjan (POL) / WANG Zengyi (POL),CHEUNG Yuk (HKG) / LEUNG Chu Yan (HKG),WANG Zengyi (POL),LEUNG Chu Yan (HKG),4 - 1,11:6 11:6 13:15 11:6 11:2,BLASZCZYK Lucjan,2005
Swedish Open Gothenburg 2005,2005-11-17,LEE Jungwoo/OH Sangeun,BLASZCZYK Lucjan/WANG Zengyi,KOR,POL,4,1,"11,11,11,7,11|7,9,8,11,3",Final,GRAND_SLAM,MD,1759,Main Draw,LEE Jungwoo (KOR) / OH Sangeun (KOR),BLASZCZYK Lucjan (POL) / WANG Zengyi (POL),OH Sangeun (KOR),WANG Zengyi (POL),1 - 4,7:11 9:11 8:11 11:7 3:11,LEE Jungwoo,2005
Swedish Open Gothenburg 2005,2005-11-17,CHMIEL Pawel/GORAK Daniel,OBESLO Michal/PLACEK Frantisek,POL,CZE,3,0,"11,11,11|9,9,8",QR128,GRAND_SLAM,MD,1759,Qualification,CHMIEL Pawel (POL) / GORAK Daniel (POL),OBESLO Michal (CZE) / PLACEK Frantisek (CZE),GORAK Daniel (POL),PLACEK Frantisek (CZE),3 - 0,11:9 11:9 11:8,CHMIEL Pawel,2005
Swedish Open Gothenburg 2005,2005-11-17,BAGGALEY Andrew/KOSOWSKI Jakub,CHOU Tung-Yu/CHUANG Chih-Yuan,ENG,TPE,3,1,"11,5,14,14|8,11,12,12",QR32,GRAND_SLAM,MD,1759,Qualification,BAGGALEY Andrew (ENG) / KOSOWSKI Jakub (POL),CHOU Tung-Yu (TPE) / CHUANG Chih-Yuan (TPE),KOSOWSKI Jakub (POL),CHUANG Chih-Yuan (TPE),3 - 1,11:8 5:11 14:12 14:12,BAGGALEY Andrew,2005
Swedish Open Gothenburg 2005,2005-11-17,KIM Junghoon/LEE Jungsam,CHMIEL Pawel/GORAK Daniel,KOR,POL,3,0,"11,11,11|9,5,3",QR32,GRAND_SLAM,MD,1759,Qualification,KIM Junghoon (KOR) / LEE Jungsam (KOR),CHMIEL Pawel (POL) / GORAK Daniel (POL),LEE Jungsam (KOR),GORAK Daniel (POL),0 - 3,9:11 5:11 3:11,KIM Junghoon,2005
Swedish Open Gothenburg 2005,2005-11-17,APOLONIA Tiago/MONTEIRO Joao,DAVID Petr/FYNSK Daniel,POR,CZE,3,0,"11,11,11|6,8,7",QR128,GRAND_SLAM,MD,1759,Qualification,APOLONIA Tiago (POR) / MONTEIRO Joao (POR),DAVID Petr (CZE) / FYNSK Daniel (DEN),MONTEIRO Joao (POR),FYNSK Daniel (DEN),3 - 0,11:6 11:8 11:7,APOLONIA Tiago,2005
Swedish Open Gothenburg 2005,2005-11-17,KIM Junghoon/LEE Jungsam,APOLONIA Tiago/MONTEIRO Joao,KOR,POR,3,1,"11,5,13,11|5,11,11,7",QR64,GRAND_SLAM,MD,1759,Qualification,KIM Junghoon (KOR) / LEE Jungsam (KOR),APOLONIA Tiago (POR) / MONTEIRO Joao (POR),LEE Jungsam (KOR),MONTEIRO Joao (POR),1 - 3,5:11 11:5 11:13 7:11,KIM Junghoon,2005
Swedish Open Gothenburg 2005,2005-11-17,MAZUNOV Dmitry/SMIRNOV Alexey,HAO Shuai/MA Long,RUS,CHN,4,1,"13,11,5,11,11|11,9,11,5,7",R16,GRAND_SLAM,MD,1759,Main Draw,MAZUNOV Dmitry (RUS) / SMIRNOV Alexey (RUS),HAO Shuai (CHN) / MA Long (CHN),SMIRNOV Alexey (RUS),MA Long (CHN),4 - 1,13:11 11:9 5:11 11:5 11:7,MAZUNOV Dmitry,2005
Swedish Open Gothenburg 2005,2005-11-17,KIM Junghoon/LEE Jungsam,MAZUNOV Dmitry/SMIRNOV Alexey,KOR,RUS,4,0,"11,11,11,11|7,3,8,4",QuarterFinal,GRAND_SLAM,MD,1759,Main Draw,KIM Junghoon (KOR) / LEE Jungsam (KOR),MAZUNOV Dmitry (RUS) / SMIRNOV Alexey (RUS),LEE Jungsam (KOR),SMIRNOV Alexey (RUS),0 - 4,7:11 3:11 8:11 4:11,KIM Junghoon,2005
Swedish Open Gothenburg 2005,2005-11-17,OLLIVIER Brice/PHUNG Armand,GOLOVANOV Stanislav/GRACHEV Andrei,FRA,BUL,3,0,"11,11,11|9,9,7",QR128,GRAND_SLAM,MD,1759,Qualification,OLLIVIER Brice (FRA) / PHUNG Armand (FRA),GOLOVANOV Stanislav (BUL) / GRACHEV Andrei (RUS),PHUNG Armand (FRA),GRACHEV Andrei (RUS),0 - 3,9:11 9:11 7:11,OLLIVIER Brice,2005
Swedish Open Gothenburg 2005,2005-11-17,LIVENTSOV Alexey/RUBTSOV Igor,ASMUSSEN Jakob/RASMUSSEN Claus,RUS,DEN,3,0,"11,11,11|6,8,7",QR128,GRAND_SLAM,MD,1759,Qualification,LIVENTSOV Alexey (RUS) / RUBTSOV Igor (RUS),ASMUSSEN Jakob (DEN) / RASMUSSEN Claus (DEN),RUBTSOV Igor (RUS),RASMUSSEN Claus (DEN),3 - 0,11:6 11:8 11:7,LIVENTSOV Alexey,2005
Swedish Open Gothenburg 2005,2005-11-17,JAKAB Janos/TOSIC Roko,SPINICCHIA Simone/VLASOV Grigory,HUN,ITA,3,1,"17,9,11,11|15,11,6,7",QR64,GRAND_SLAM,MD,1759,Qualification,JAKAB Janos (HUN) / TOSIC Roko (CRO),SPINICCHIA Simone (ITA) / VLASOV Grigory (RUS),TOSIC Roko (CRO),VLASOV Grigory (RUS),1 - 3,15:17 11:9 6:11 7:11,JAKAB Janos,2005
Swedish Open Gothenburg 2005,2005-11-17,LIVENTSOV Alexey/RUBTSOV Igor,CARNEROS Alfredo/DURAN Marc,RUS,ESP,3,2,"11,11,10,11,12|8,7,12,13,10",QR64,GRAND_SLAM,MD,1759,Qualification,LIVENTSOV Alexey (RUS) / RUBTSOV Igor (RUS),CARNEROS Alfredo (ESP) / DURAN Marc (ESP),RUBTSOV Igor (RUS),DURAN Marc (ESP),3 - 2,11:8 11:7 10:12 11:13 12:10,LIVENTSOV Alexey,2005
Swedish Open Gothenburg 2005,2005-11-17,BLASZCZYK Lucjan/WANG Zengyi,LIVENTSOV Alexey/RUBTSOV Igor,POL,RUS,3,2,"11,11,11,11,11|9,13,4,13,2",QR16,GRAND_SLAM,MD,1759,Qualification,BLASZCZYK Lucjan (POL) / WANG Zengyi (POL),LIVENTSOV Alexey (RUS) / RUBTSOV Igor (RUS),WANG Zengyi (POL),RUBTSOV Igor (RUS),2 - 3,9:11 13:11 4:11 13:11 2:11,BLASZCZYK Lucjan,2005
Swedish Open Gothenburg 2005,2005-11-17,BALTRUSHKA Dzmitry/DAVIDOVICH Dmitry,GREEN Wally/STAUFER Beat,BLR,USA,3,0,"11,11,11|7,7,7",QR128,GRAND_SLAM,MD,1759,Qualification,BALTRUSHKA Dzmitry (BLR) / DAVIDOVICH Dmitry (BLR),GREEN Wally (USA) / STAUFER Beat (SUI),DAVIDOVICH Dmitry (BLR),STAUFER Beat (SUI),0 - 3,7:11 7:11 7:11,BALTRUSHKA Dzmitry,2005
Swedish Open Gothenburg 2005,2005-11-17,BLASZCZYK Lucjan/WANG Zengyi,FETH Stefan/KEINATH Thomas,POL,GER,3,1,"11,11,9,11|4,6,11,7",QR64,GRAND_SLAM,MD,1759,Qualification,BLASZCZYK Lucjan (POL) / WANG Zengyi (POL),FETH Stefan (GER) / KEINATH Thomas (SVK),WANG Zengyi (POL),KEINATH Thomas (SVK),1 - 3,4:11 6:11 11:9 7:11,BLASZCZYK Lucjan,2005
Swedish Open Gothenburg 2005,2005-11-17,BAGGALEY Andrew/KOSOWSKI Jakub,MANSSON Magnus/RYDEN Lukas,ENG,SWE,3,1,"11,13,9,11|9,11,11,8",QR64,GRAND_SLAM,MD,1759,Qualification,BAGGALEY Andrew (ENG) / KOSOWSKI Jakub (POL),MANSSON Magnus (SWE) / RYDEN Lukas (SWE),KOSOWSKI Jakub (POL),RYDEN Lukas (SWE),1 - 3,9:11 11:13 11:9 8:11,BAGGALEY Andrew,2005
Swedish Open Gothenburg 2005,2005-11-17,LIVENTSOV Alexey/RUBTSOV Igor,ASAMOAH Cyprian/PERSSON Jon,RUS,SWE,3,1,"11,11,12,11|4,4,14,6",QR32,GRAND_SLAM,MD,1759,Qualification,LIVENTSOV Alexey (RUS) / RUBTSOV Igor (RUS),ASAMOAH Cyprian (SWE) / PERSSON Jon (SWE),RUBTSOV Igor (RUS),PERSSON Jon (SWE),1 - 3,4:11 4:11 14:12 6:11,LIVENTSOV Alexey,2005
Swedish Open Gothenburg 2005,2005-11-17,LIU Guozheng/XU Hui,NILSSON Peter/WU Chih-Chi,CHN,SWE,3,0,"11,11,11|7,8,9",QR32,GRAND_SLAM,MD,1759,Qualification,LIU Guozheng (CHN) / XU Hui (CHN),NILSSON Peter (SWE) / WU Chih-Chi (TPE),XU Hui (CHN),WU Chih-Chi (TPE),0 - 3,7:11 8:11 9:11,LIU Guozheng,2005
Swedish Open Gothenburg 2005,2005-11-17,CHANG Chenchen/FAN Ying,STEFANOVA Nikoleta/TAN Wenling,CHN,ITA,4,3,"9,6,11,11,11,11,11|11,11,13,9,8,8,7",R16,GRAND_SLAM,WD,1759,Main Draw,CHANG Chenchen (CHN) / FAN Ying (CHN),STEFANOVA Nikoleta (ITA) / TAN Wenling (ITA),FAN Ying (CHN),TAN Wenling (ITA),4 - 3,9:11 6:11 11:13 11:9 11:8 11:8 11:7,CHANG Chenchen,2005
Swedish Open Gothenburg 2005,2005-11-17,LIN Ling/SONG Ah Sim,CHANG Chenchen/FAN Ying,HKG,CHN,4,1,"3,13,11,11,11|11,11,8,8,6",SemiFinal,GRAND_SLAM,WD,1759,Main Draw,LIN Ling (HKG) / SONG Ah Sim (HKG),CHANG Chenchen (CHN) / FAN Ying (CHN),SONG Ah Sim (HKG),FAN Ying (CHN),1 - 4,11:3 11:13 8:11 8:11 6:11,LIN Ling,2005
Swedish Open Gothenburg 2005,2005-11-17,CAO Zhen/DING Ning,XU Jie (1979)/ZHU Fang,CHN,WAL,3,0,"11,11,11|7,8,9",QR32,GRAND_SLAM,WD,1759,Qualification,CAO Zhen (CHN) / DING Ning (CHN),XU Jie (1979) (WAL) / ZHU Fang (ESP),DING Ning (CHN),ZHU Fang (ESP),3 - 0,11:7 11:8 11:9,CAO Zhen,2005
Swedish Open Gothenburg 2005,2005-11-17,LI Xiaoxia/PENG Luyang,NORDENBERG Linda/PETTERSSON Malin,CHN,SWE,3,0,"11,11,11|5,5,8",QR32,GRAND_SLAM,WD,1759,Qualification,LI Xiaoxia (CHN) / PENG Luyang (CHN),NORDENBERG Linda (SWE) / PETTERSSON Malin (SWE),PENG Luyang (CHN),PETTERSSON Malin (SWE),3 - 0,11:5 11:5 11:8,LI Xiaoxia,2005
Swedish Open Gothenburg 2005,2005-11-17,CAO Zhen/DING Ning,PENKAVOVA Katerina/STRBIKOVA Renata,CHN,CZE,3,1,"11,9,11,11|6,11,5,1",QR16,GRAND_SLAM,WD,1759,Qualification,CAO Zhen (CHN) / DING Ning (CHN),PENKAVOVA Katerina (CZE) / STRBIKOVA Renata (CZE),DING Ning (CHN),STRBIKOVA Renata (CZE),3 - 1,11:6 9:11 11:5 11:1,CAO Zhen,2005
Swedish Open Gothenburg 2005,2005-11-17,LI Xiaoxia/PENG Luyang,LEE Eunhee/LEE Hyangmi,CHN,KOR,3,2,"11,9,13,11,11|9,11,15,9,5",QR16,GRAND_SLAM,WD,1759,Qualification,LI Xiaoxia (CHN) / PENG Luyang (CHN),LEE Eunhee (KOR) / LEE Hyangmi (KOR),PENG Luyang (CHN),LEE Hyangmi (KOR),3 - 2,11:9 9:11 13:15 11:9 11:5,LI Xiaoxia,2005
Swedish Open Gothenburg 2005,2005-11-17,CHANG Chenchen/FAN Ying,ITO Midori/SHIGEMOTO Sachie,CHN,JPN,3,2,"8,11,14,11,11|11,4,16,9,8",QR16,GRAND_SLAM,WD,1759,Qualification,CHANG Chenchen (CHN) / FAN Ying (CHN),ITO Midori (JPN) / SHIGEMOTO Sachie (JPN),FAN Ying (CHN),SHIGEMOTO Sachie (JPN),3 - 2,8:11 11:4 14:16 11:9 11:8,CHANG Chenchen,2005
Swedish Open Gothenburg 2005,2005-11-17,GANINA Svetlana/IVANCAN Irene,GRUNDISCH Carole/HANFFOU Sarah,RUS,FRA,3,1,"11,9,11,13|3,11,7,11",QR32,GRAND_SLAM,WD,1759,Qualification,GANINA Svetlana (RUS) / IVANCAN Irene (GER),GRUNDISCH Carole (FRA) / HANFFOU Sarah (CMR),IVANCAN Irene (GER),HANFFOU Sarah (CMR),1 - 3,3:11 11:9 7:11 11:13,GANINA Svetlana,2005
Swedish Open Gothenburg 2005,2005-11-17,HIRANO Sayaka/HIURA Reiko,HARABASZOVA Lenka/SMISTIKOVA Martina,JPN,CZE,3,0,"11,11,11|9,4,8",QR32,GRAND_SLAM,WD,1759,Qualification,HIRANO Sayaka (JPN) / HIURA Reiko (JPN),HARABASZOVA Lenka (CZE) / SMISTIKOVA Martina (CZE),HIURA Reiko (JPN),SMISTIKOVA Martina (CZE),0 - 3,9:11 4:11 8:11,HIRANO Sayaka,2005
Swedish Open Gothenburg 2005,2005-11-17,GAO Jun/SHEN Yanfei,LI Xiaoxia/PENG Luyang,USA,CHN,4,0,"11,11,11,11|3,3,8,9",R16,GRAND_SLAM,WD,1759,Main Draw,GAO Jun (USA) / SHEN Yanfei (ESP),LI Xiaoxia (CHN) / PENG Luyang (CHN),SHEN Yanfei (ESP),PENG Luyang (CHN),4 - 0,11:3 11:3 11:8 11:9,GAO Jun,2005
Swedish Open Gothenburg 2005,2005-11-17,LIN Ling/SONG Ah Sim,GAO Jun/SHEN Yanfei,HKG,USA,4,1,"8,11,11,12,11|11,8,6,10,3",QuarterFinal,GRAND_SLAM,WD,1759,Main Draw,LIN Ling (HKG) / SONG Ah Sim (HKG),GAO Jun (USA) / SHEN Yanfei (ESP),SONG Ah Sim (HKG),SHEN Yanfei (ESP),1 - 4,11:8 8:11 6:11 10:12 3:11,LIN Ling,2005
Swedish Open Gothenburg 2005,2005-11-17,LEE Eunhee/LEE Hyangmi,DVORAK Galia/RAMIREZ Sara,KOR,ESP,3,1,"11,8,11,11|6,11,7,5",QR32,GRAND_SLAM,WD,1759,Qualification,LEE Eunhee (KOR) / LEE Hyangmi (KOR),DVORAK Galia (ESP) / RAMIREZ Sara (ESP),LEE Hyangmi (KOR),RAMIREZ Sara (ESP),1 - 3,6:11 11:8 7:11 5:11,LEE Eunhee,2005
Swedish Open Gothenburg 2005,2005-11-17,BERGLUND Anna/WESTHOLM Sofia,XIAN Yifang/GOURIN Anne-Sophie,SWE,FRA,3,2,"11,8,5,11,12|8,11,11,9,10",QR32,GRAND_SLAM,WD,1759,Qualification,BERGLUND Anna (SWE) / WESTHOLM Sofia (SWE),XIAN Yifang (FRA) / GOURIN Anne-Sophie (FRA),WESTHOLM Sofia (SWE),GOURIN Anne-Sophie (FRA),2 - 3,8:11 11:8 11:5 9:11 10:12,BERGLUND Anna,2005
Swedish Open Gothenburg 2005,2005-11-17,LIN Ling/SONG Ah Sim,STRUSE Nicole/WU Jiaduo,HKG,GER,4,0,"11,11,11,11|9,6,8,9",R16,GRAND_SLAM,WD,1759,Main Draw,LIN Ling (HKG) / SONG Ah Sim (HKG),STRUSE Nicole (GER) / WU Jiaduo (GER),SONG Ah Sim (HKG),WU Jiaduo (GER),0 - 4,9:11 6:11 8:11 9:11,LIN Ling,2005
Swedish Open Gothenburg 2005,2005-11-17,GANINA Svetlana/IVANCAN Irene,JOHANSSON Frida/VAKKILA Nina,RUS,SWE,3,1,"11,13,11,11|13,11,3,3",QR64,GRAND_SLAM,WD,1759,Qualification,GANINA Svetlana (RUS) / IVANCAN Irene (GER),JOHANSSON Frida (SWE) / VAKKILA Nina (SWE),IVANCAN Irene (GER),VAKKILA Nina (SWE),3 - 1,11:13 13:11 11:3 11:3,GANINA Svetlana,2005
Swedish Open Gothenburg 2005,2005-11-17,EKHOLM Matilda/WIGOW Susanna,BOLLMEIER Nadine/ROBERTSON Laura,SWE,GER,3,0,"11,11,11|9,6,5",QR32,GRAND_SLAM,WD,1759,Qualification,EKHOLM Matilda (SWE) / WIGOW Susanna (SWE),BOLLMEIER Nadine (GER) / ROBERTSON Laura (GER),WIGOW Susanna (SWE),ROBERTSON Laura (GER),0 - 3,9:11 6:11 5:11,EKHOLM Matilda,2005
Swedish Open Gothenburg 2005,2005-11-17,STRUSE Nicole/WU Jiaduo,BAKULA Andrea/PAOVIC Sandra,GER,CRO,3,0,"11,11,11|3,5,8",QR32,GRAND_SLAM,WD,1759,Qualification,STRUSE Nicole (GER) / WU Jiaduo (GER),BAKULA Andrea (CRO) / PAOVIC Sandra (CRO),WU Jiaduo (GER),PAOVIC Sandra (CRO),3 - 0,11:3 11:5 11:8,STRUSE Nicole,2005
Swedish Open Gothenburg 2005,2005-11-17,CHANG Chenchen/FAN Ying,GOBEL Jessica/KRAMER Tanja,CHN,GER,3,2,"11,11,2,9,11|8,4,11,11,6",QR32,GRAND_SLAM,WD,1759,Qualification,CHANG Chenchen (CHN) / FAN Ying (CHN),GOBEL Jessica (GER) / KRAMER Tanja (GER),FAN Ying (CHN),KRAMER Tanja (GER),2 - 3,8:11 4:11 11:2 11:9 6:11,CHANG Chenchen,2005
Swedish Open Gothenburg 2005,2005-11-17,FUJII Hiroko/KANAZAWA Saki,GANINA Svetlana/IVANCAN Irene,JPN,RUS,3,2,"11,11,9,4,11|7,6,11,11,9",QR16,GRAND_SLAM,WD,1759,Qualification,FUJII Hiroko (JPN) / KANAZAWA Saki (JPN),GANINA Svetlana (RUS) / IVANCAN Irene (GER),KANAZAWA Saki (JPN),IVANCAN Irene (GER),2 - 3,7:11 6:11 11:9 11:4 9:11,FUJII Hiroko,2005
Swedish Open Gothenburg 2005,2005-11-17,TIE Yana/ZHANG Rui,CAO Zhen/DING Ning,HKG,CHN,4,2,"11,8,6,12,12,12|7,11,11,10,10,10",R16,GRAND_SLAM,WD,1759,Main Draw,TIE Yana (HKG) / ZHANG Rui (HKG),CAO Zhen (CHN) / DING Ning (CHN),ZHANG Rui (HKG),DING Ning (CHN),4 - 2,11:7 8:11 6:11 12:10 12:10 12:10,TIE Yana,2005
Swedish Open Gothenburg 2005,2005-11-17,KIM Hyehyun/KIM Junghyun,JIANG Huajun/LAU Sui Fei,KOR,HKG,4,1,"11,12,12,11,13|8,10,14,7,11",R16,GRAND_SLAM,WD,1759,Main Draw,KIM Hyehyun (KOR) / KIM Junghyun (KOR),JIANG Huajun (HKG) / LAU Sui Fei (HKG),KIM Junghyun (KOR),LAU Sui Fei (HKG),1 - 4,8:11 10:12 14:12 7:11 11:13,KIM Hyehyun,2005
Swedish Open Gothenburg 2005,2005-11-17,TIE Yana/ZHANG Rui,KIM Hyehyun/KIM Junghyun,HKG,KOR,4,0,"11,11,11,15|6,3,9,13",QuarterFinal,GRAND_SLAM,WD,1759,Main Draw,TIE Yana (HKG) / ZHANG Rui (HKG),KIM Hyehyun (KOR) / KIM Junghyun (KOR),ZHANG Rui (HKG),KIM Junghyun (KOR),4 - 0,11:6 11:3 11:9 15:13,TIE Yana,2005
Swedish Open Gothenburg 2005,2005-11-17,TIE Yana/ZHANG Rui,FUJINUMA Ai/WATANABE Yuko,HKG,JPN,4,0,"11,11,11,11|5,3,8,6",SemiFinal,GRAND_SLAM,WD,1759,Main Draw,TIE Yana (HKG) / ZHANG Rui (HKG),FUJINUMA Ai (JPN) / WATANABE Yuko (JPN),ZHANG Rui (HKG),WATANABE Yuko (JPN),4 - 0,11:5 11:3 11:8 11:6,TIE Yana,2005
Swedish Open Gothenburg 2005,2005-11-17,TIE Yana/ZHANG Rui,LIN Ling/SONG Ah Sim,HKG,HKG,4,2,"11,11,11,9,8,11|6,7,6,11,11,4",Final,GRAND_SLAM,WD,1759,Main Draw,TIE Yana (HKG) / ZHANG Rui (HKG),LIN Ling (HKG) / SONG Ah Sim (HKG),ZHANG Rui (HKG),SONG Ah Sim (HKG),4 - 2,11:6 11:7 11:6 9:11 8:11 11:4,TIE Yana,2005
Swedish Open Gothenburg 2005,2005-11-17,JIANG Huajun/LAU Sui Fei,KOSTROMINA Tatyana (1973)/PRIVALOVA Alexandra,HKG,BLR,3,0,"11,11,11|4,2,6",QR32,GRAND_SLAM,WD,1759,Qualification,JIANG Huajun (HKG) / LAU Sui Fei (HKG),KOSTROMINA Tatyana (1973) (BLR) / PRIVALOVA Alexandra (BLR),LAU Sui Fei (HKG),PRIVALOVA Alexandra (BLR),3 - 0,11:4 11:2 11:6,JIANG Huajun,2005
Swedish Open Gothenburg 2005,2005-11-17,JIANG Huajun/LAU Sui Fei,BERGLUND Anna/WESTHOLM Sofia,HKG,SWE,3,0,"12,11,11|10,9,7",QR16,GRAND_SLAM,WD,1759,Qualification,JIANG Huajun (HKG) / LAU Sui Fei (HKG),BERGLUND Anna (SWE) / WESTHOLM Sofia (SWE),LAU Sui Fei (HKG),WESTHOLM Sofia (SWE),3 - 0,12:10 11:9 11:7,JIANG Huajun,2005
Swedish Open Gothenburg 2005,2005-11-17,STEFANSKA Kinga/WANG Yu (YOB=1981),KINDGREN Malin/VAN ULSEN Sigrid,POL,SWE,3,1,"11,7,11,11|6,11,5,8",QR64,GRAND_SLAM,WD,1759,Qualification,STEFANSKA Kinga (POL) / WANG Yu (YOB=1981) (ITA),KINDGREN Malin (SWE) / VAN ULSEN Sigrid (NED),WANG Yu (YOB=1981) (ITA),VAN ULSEN Sigrid (NED),3 - 1,11:6 7:11 11:5 11:8,STEFANSKA Kinga,2005
Swedish Open Gothenburg 2005,2005-11-17,PENKAVOVA Katerina/STRBIKOVA Renata,STEFANSKA Kinga/WANG Yu (YOB=1981),CZE,POL,3,2,"7,11,13,9,11|11,4,11,11,2",QR32,GRAND_SLAM,WD,1759,Qualification,PENKAVOVA Katerina (CZE) / STRBIKOVA Renata (CZE),STEFANSKA Kinga (POL) / WANG Yu (YOB=1981) (ITA),STRBIKOVA Renata (CZE),WANG Yu (YOB=1981) (ITA),2 - 3,11:7 4:11 11:13 11:9 2:11,PENKAVOVA Katerina,2005
Swedish Open Gothenburg 2005,2005-11-17,HUANG Yi-Hua/LU Yun-Feng,HIRANO Sayaka/HIURA Reiko,TPE,JPN,4,3,"6,9,11,15,8,11,11|11,11,4,13,11,9,9",R16,GRAND_SLAM,WD,1759,Main Draw,HUANG Yi-Hua (TPE) / LU Yun-Feng (TPE),HIRANO Sayaka (JPN) / HIURA Reiko (JPN),LU Yun-Feng (TPE),HIURA Reiko (JPN),3 - 4,11:6 11:9 4:11 13:15 11:8 9:11 9:11,HUANG Yi-Hua,2005
Swedish Open Gothenburg 2005,2005-11-17,FUJINUMA Ai/WATANABE Yuko,HUANG Yi-Hua/LU Yun-Feng,JPN,TPE,4,3,"8,8,11,11,11,6,11|11,11,1,6,8,11,6",QuarterFinal,GRAND_SLAM,WD,1759,Main Draw,FUJINUMA Ai (JPN) / WATANABE Yuko (JPN),HUANG Yi-Hua (TPE) / LU Yun-Feng (TPE),WATANABE Yuko (JPN),LU Yun-Feng (TPE),4 - 3,8:11 8:11 11:1 11:6 11:8 6:11 11:6,FUJINUMA Ai,2005
Swedish Open Gothenburg 2005,2005-11-17,ITO Midori/SHIGEMOTO Sachie,CAHOREAU Nathalie/COULIBALY Dieniouma,JPN,FRA,3,0,"11,11,11|6,4,7",QR64,GRAND_SLAM,WD,1759,Qualification,ITO Midori (JPN) / SHIGEMOTO Sachie (JPN),CAHOREAU Nathalie (FRA) / COULIBALY Dieniouma (FRA),SHIGEMOTO Sachie (JPN),COULIBALY Dieniouma (FRA),3 - 0,11:6 11:4 11:7,ITO Midori,2005
Swedish Open Gothenburg 2005,2005-11-17,PARK Miyoung/YOON Sunae,HASAMA Nozomi/SHIMADA Sayuri,KOR,JPN,3,0,"11,11,11|4,4,6",QR32,GRAND_SLAM,WD,1759,Qualification,PARK Miyoung (KOR) / YOON Sunae (KOR),HASAMA Nozomi (JPN) / SHIMADA Sayuri (JPN),YOON Sunae (KOR),SHIMADA Sayuri (JPN),0 - 3,4:11 4:11 6:11,PARK Miyoung,2005
Swedish Open Gothenburg 2005,2005-11-17,ITO Midori/SHIGEMOTO Sachie,BARTOSOVA Hana/WAGGERMAYER Elena,JPN,CZE,3,1,"14,10,11,11|12,12,7,5",QR32,GRAND_SLAM,WD,1759,Qualification,ITO Midori (JPN) / SHIGEMOTO Sachie (JPN),BARTOSOVA Hana (CZE) / WAGGERMAYER Elena (AUT),SHIGEMOTO Sachie (JPN),WAGGERMAYER Elena (AUT),3 - 1,14:12 10:12 11:7 11:5,ITO Midori,2005
Swedish Open Gothenburg 2005,2005-11-17,KIM Bokrae/KIM Kyungah,FUJII Hiroko/KANAZAWA Saki,KOR,JPN,4,3,"13,6,8,8,11,11,11|11,11,11,11,7,6,2",R16,GRAND_SLAM,WD,1759,Main Draw,KIM Bokrae (KOR) / KIM Kyungah (KOR),FUJII Hiroko (JPN) / KANAZAWA Saki (JPN),KIM Kyungah (KOR),KANAZAWA Saki (JPN),4 - 3,13:11 6:11 8:11 8:11 11:7 11:6 11:2,KIM Bokrae,2005
Swedish Open Gothenburg 2005,2005-11-17,CHANG Chenchen/FAN Ying,KIM Bokrae/KIM Kyungah,CHN,KOR,4,2,"11,11,7,6,11,11|3,6,11,11,6,9",QuarterFinal,GRAND_SLAM,WD,1759,Main Draw,CHANG Chenchen (CHN) / FAN Ying (CHN),KIM Bokrae (KOR) / KIM Kyungah (KOR),FAN Ying (CHN),KIM Kyungah (KOR),2 - 4,3:11 6:11 11:7 11:6 6:11 9:11,CHANG Chenchen,2005
Swedish Open Gothenburg 2005,2005-11-17,XIAN Yifang/GOURIN Anne-Sophie,PASKAUSKIENE Ruta/JEON Hyekyung,FRA,LTU,3,2,"13,2,11,8,11|11,11,5,11,7",QR64,GRAND_SLAM,WD,1759,Qualification,XIAN Yifang (FRA) / GOURIN Anne-Sophie (FRA),PASKAUSKIENE Ruta (LTU) / JEON Hyekyung (KOR),GOURIN Anne-Sophie (FRA),JEON Hyekyung (KOR),2 - 3,11:13 11:2 5:11 11:8 7:11,XIAN Yifang,2005
Swedish Open Gothenburg 2005,2005-11-17,PARK Miyoung/YOON Sunae,MIAO Miao/UMEMURA Aya,KOR,AUS,3,0,"11,11,11|7,3,6",QR64,GRAND_SLAM,WD,1759,Qualification,PARK Miyoung (KOR) / YOON Sunae (KOR),MIAO Miao (AUS) / UMEMURA Aya (JPN),YOON Sunae (KOR),UMEMURA Aya (JPN),3 - 0,11:7 11:3 11:6,PARK Miyoung,2005
Swedish Open Gothenburg 2005,2005-11-17,KWAK Bangbang/MOON Hyunjung,PAUKOVIC Sanja/PERHOC Ines,KOR,CRO,3,0,"11,11,11|6,5,5",QR64,GRAND_SLAM,WD,1759,Qualification,KWAK Bangbang (KOR) / MOON Hyunjung (KOR),PAUKOVIC Sanja (CRO) / PERHOC Ines (CRO),MOON Hyunjung (KOR),PERHOC Ines (CRO),3 - 0,11:6 11:5 11:5,KWAK Bangbang,2005
Swedish Open Gothenburg 2005,2005-11-17,STRUSE Nicole/WU Jiaduo,PARK Miyoung/YOON Sunae,GER,KOR,3,1,"11,11,7,11|3,7,11,9",QR16,GRAND_SLAM,WD,1759,Qualification,STRUSE Nicole (GER) / WU Jiaduo (GER),PARK Miyoung (KOR) / YOON Sunae (KOR),WU Jiaduo (GER),YOON Sunae (KOR),1 - 3,3:11 7:11 11:7 9:11,STRUSE Nicole,2005
Swedish Open Gothenburg 2005,2005-11-17,FUJINUMA Ai/WATANABE Yuko,KWAK Bangbang/MOON Hyunjung,JPN,KOR,3,2,"11,9,3,11,11|8,11,11,7,8",QR16,GRAND_SLAM,WD,1759,Qualification,FUJINUMA Ai (JPN) / WATANABE Yuko (JPN),KWAK Bangbang (KOR) / MOON Hyunjung (KOR),WATANABE Yuko (JPN),MOON Hyunjung (KOR),2 - 3,8:11 11:9 11:3 7:11 8:11,FUJINUMA Ai,2005
Swedish Open Gothenburg 2005,2005-11-17,FUJII Hiroko/KANAZAWA Saki,LINDMAE Karin/MISIKONYTE Lina,JPN,EST,3,0,"11,11,11|6,5,4",QR32,GRAND_SLAM,WD,1759,Qualification,FUJII Hiroko (JPN) / KANAZAWA Saki (JPN),LINDMAE Karin (EST) / MISIKONYTE Lina (LTU),KANAZAWA Saki (JPN),MISIKONYTE Lina (LTU),0 - 3,6:11 5:11 4:11,FUJII Hiroko,2005
Swedish Open Gothenburg 2005,2005-11-17,FUJINUMA Ai/WATANABE Yuko,CREEMERS Linda/NOUWEN Carla,JPN,NED,3,0,"11,11,11|6,5,9",QR32,GRAND_SLAM,WD,1759,Qualification,FUJINUMA Ai (JPN) / WATANABE Yuko (JPN),CREEMERS Linda (NED) / NOUWEN Carla (NED),WATANABE Yuko (JPN),NOUWEN Carla (NED),0 - 3,6:11 5:11 9:11,FUJINUMA Ai,2005
Swedish Open Gothenburg 2005,2005-11-17,DVORAK Galia/RAMIREZ Sara,BOMANN Anne-Cathrine/POHAR Martina,ESP,DEN,3,0,"14,11,11|12,4,6",QR64,GRAND_SLAM,WD,1759,Qualification,DVORAK Galia (ESP) / RAMIREZ Sara (ESP),BOMANN Anne-Cathrine (DEN) / POHAR Martina (SLO),RAMIREZ Sara (ESP),POHAR Martina (SLO),0 - 3,12:14 4:11 6:11,DVORAK Galia,2005
Swedish Open Gothenburg 2005,2005-11-17,FUJINUMA Ai/WATANABE Yuko,JONSSON Carina/OLSSON Marie,JPN,SWE,4,1,"11,10,13,11,11|8,12,11,8,6",R16,GRAND_SLAM,WD,1759,Main Draw,FUJINUMA Ai (JPN) / WATANABE Yuko (JPN),JONSSON Carina (SWE) / OLSSON Marie (SWE),WATANABE Yuko (JPN),OLSSON Marie (SWE),1 - 4,8:11 12:10 11:13 8:11 6:11,FUJINUMA Ai,2005
Swedish Open Gothenburg 2005,2005-11-17,EKHOLM Matilda/WIGOW Susanna,BADOSA Anna/NECULA Iulia,SWE,ESP,3,0,"11,11,11|6,6,8",QR64,GRAND_SLAM,WD,1759,Qualification,EKHOLM Matilda (SWE) / WIGOW Susanna (SWE),BADOSA Anna (ESP) / NECULA Iulia (ROU),WIGOW Susanna (SWE),NECULA Iulia (ROU),3 - 0,11:6 11:6 11:8,EKHOLM Matilda,2005
Swedish Open Gothenburg 2005,2005-11-17,KWAK Bangbang/MOON Hyunjung,SJOGREN Marie/WERSALL Caroline,KOR,SWE,3,0,"11,11,11|4,6,4",QR32,GRAND_SLAM,WD,1759,Qualification,KWAK Bangbang (KOR) / MOON Hyunjung (KOR),SJOGREN Marie (SWE) / WERSALL Caroline (SWE),MOON Hyunjung (KOR),WERSALL Caroline (SWE),0 - 3,4:11 6:11 4:11,KWAK Bangbang,2005
Swedish Open Gothenburg 2005,2005-11-17,HIRANO Sayaka/HIURA Reiko,EKHOLM Matilda/WIGOW Susanna,JPN,SWE,3,0,"11,12,11|5,10,6",QR16,GRAND_SLAM,WD,1759,Qualification,HIRANO Sayaka (JPN) / HIURA Reiko (JPN),EKHOLM Matilda (SWE) / WIGOW Susanna (SWE),HIURA Reiko (JPN),WIGOW Susanna (SWE),0 - 3,5:11 10:12 6:11,HIRANO Sayaka,2005
German Open Magdeburg 2005,2005-11-09,JEVTOVIC Marko,PALCEK Martin,SRB,SVK,4,2,"11,9,11,11,7,11|3,11,5,8,11,2",,GRAND_SLAM,MS,1758,Qualification,JEVTOVIC Marko (SRB),PALCEK Martin (SVK),,,2 - 4,3:11 11:9 5:11 8:11 11:7 2:11,JEVTOVIC Marko,2005
German Open Magdeburg 2005,2005-11-09,HIELSCHER Lars,JEVTOVIC Marko,GER,SRB,4,0,"11,11,11,12|3,4,9,10",QR2,GRAND_SLAM,MS,1758,Qualification,HIELSCHER Lars (GER),JEVTOVIC Marko (SRB),,,4 - 0,11:3 11:4 11:9 12:10,HIELSCHER Lars,2005
German Open Magdeburg 2005,2005-11-09,HIELSCHER Lars,PALCEK Martin,GER,SVK,4,1,"7,11,11,11,11|11,2,6,9,6",3,GRAND_SLAM,MS,1758,Qualification,HIELSCHER Lars (GER),PALCEK Martin (SVK),,,4 - 1,7:11 11:2 11:6 11:9 11:6,HIELSCHER Lars,2005
German Open Magdeburg 2005,2005-11-09,CLARKE Brett,MILOSEVIC Bojan,AUS,SRB,4,2,"11,11,9,6,12,12|9,6,11,11,10,10",,GRAND_SLAM,MS,1758,Qualification,CLARKE Brett (AUS),MILOSEVIC Bojan (SRB),,,2 - 4,9:11 6:11 11:9 11:6 10:12 10:12,CLARKE Brett,2005
German Open Magdeburg 2005,2005-11-09,SUSS Christian,CLARKE Brett,GER,AUS,4,0,"11,11,11,11|6,7,4,6",QR2,GRAND_SLAM,MS,1758,Qualification,SUSS Christian (GER),CLARKE Brett (AUS),,,4 - 0,11:6 11:7 11:4 11:6,SUSS Christian,2005
German Open Magdeburg 2005,2005-11-09,SUSS Christian,MILOSEVIC Bojan,GER,SRB,4,2,"8,11,11,8,11,11|11,5,9,11,6,7",3,GRAND_SLAM,MS,1758,Qualification,SUSS Christian (GER),MILOSEVIC Bojan (SRB),,,4 - 2,8:11 11:5 11:9 8:11 11:6 11:7,SUSS Christian,2005
German Open Magdeburg 2005,2005-11-09,CHUMAKOU Dmitry,PICHLER Michael,BLR,AUT,4,1,"14,11,9,11,11|12,8,11,6,5",,GRAND_SLAM,MS,1758,Qualification,CHUMAKOU Dmitry (BLR),PICHLER Michael (AUT),,,4 - 1,14:12 11:8 9:11 11:6 11:5,CHUMAKOU Dmitry,2005
German Open Magdeburg 2005,2005-11-09,KARAKASEVIC Aleksandar,PICHLER Michael,SRB,AUT,4,0,"11,11,11,11|7,8,8,7",QR2,GRAND_SLAM,MS,1758,Qualification,KARAKASEVIC Aleksandar (SRB),PICHLER Michael (AUT),,,4 - 0,11:7 11:8 11:8 11:7,KARAKASEVIC Aleksandar,2005
German Open Magdeburg 2005,2005-11-09,KARAKASEVIC Aleksandar,CHUMAKOU Dmitry,SRB,BLR,4,0,"11,11,11,11|8,4,7,6",3,GRAND_SLAM,MS,1758,Qualification,KARAKASEVIC Aleksandar (SRB),CHUMAKOU Dmitry (BLR),,,4 - 0,11:8 11:4 11:7 11:6,KARAKASEVIC Aleksandar,2005
German Open Magdeburg 2005,2005-11-09,KLEPRLIK Jakub,RUSHTON Andrew,CZE,ENG,4,1,"11,11,11,7,11|3,7,6,11,4",,GRAND_SLAM,MS,1758,Qualification,KLEPRLIK Jakub (CZE),RUSHTON Andrew (ENG),,,4 - 1,11:3 11:7 11:6 7:11 11:4,KLEPRLIK Jakub,2005
German Open Magdeburg 2005,2005-11-09,GARDOS Robert,RUSHTON Andrew,AUT,ENG,4,0,"11,11,11,11|7,7,8,5",QR2,GRAND_SLAM,MS,1758,Qualification,GARDOS Robert (AUT),RUSHTON Andrew (ENG),,,4 - 0,11:7 11:7 11:8 11:5,GARDOS Robert,2005
German Open Magdeburg 2005,2005-11-09,GARDOS Robert,KLEPRLIK Jakub,AUT,CZE,4,1,"11,11,2,11,11|7,9,11,6,6",3,GRAND_SLAM,MS,1758,Qualification,GARDOS Robert (AUT),KLEPRLIK Jakub (CZE),,,4 - 1,11:7 11:9 2:11 11:6 11:6,GARDOS Robert,2005
German Open Magdeburg 2005,2005-11-09,PRYSHCHEPA Ievgen,HABESOHN Mathias,UKR,AUT,4,1,"11,11,10,11,11|8,8,12,9,8",,GRAND_SLAM,MS,1758,Qualification,PRYSHCHEPA Ievgen (UKR),HABESOHN Mathias (AUT),,,4 - 1,11:8 11:8 10:12 11:9 11:8,PRYSHCHEPA Ievgen,2005
German Open Magdeburg 2005,2005-11-09,SUCH Bartosz,HABESOHN Mathias,POL,AUT,4,3,"11,3,11,10,11,9,11|5,11,8,12,8,11,7",QR2,GRAND_SLAM,MS,1758,Qualification,SUCH Bartosz (POL),HABESOHN Mathias (AUT),,,4 - 3,11:5 3:11 11:8 10:12 11:8 9:11 11:7,SUCH Bartosz,2005
German Open Magdeburg 2005,2005-11-09,SUCH Bartosz,PRYSHCHEPA Ievgen,POL,UKR,4,0,"11,11,17,11|6,8,15,7",3,GRAND_SLAM,MS,1758,Qualification,SUCH Bartosz (POL),PRYSHCHEPA Ievgen (UKR),,,4 - 0,11:6 11:8 17:15 11:7,SUCH Bartosz,2005
German Open Magdeburg 2005,2005-11-09,PETO Zsolt,MOLNAR Krisztian,SRB,HUN,4,3,"11,9,16,11,8,11,11|9,11,18,8,11,7,4",,GRAND_SLAM,MS,1758,Qualification,PETO Zsolt (SRB),MOLNAR Krisztian (HUN),,,4 - 3,11:9 9:11 16:18 11:8 8:11 11:7 11:4,PETO Zsolt,2005
German Open Magdeburg 2005,2005-11-09,TOKIC Bojan,MOLNAR Krisztian,SLO,HUN,4,0,"11,11,11,11|4,6,4,8",QR2,GRAND_SLAM,MS,1758,Qualification,TOKIC Bojan (SLO),MOLNAR Krisztian (HUN),,,4 - 0,11:4 11:6 11:4 11:8,TOKIC Bojan,2005
German Open Magdeburg 2005,2005-11-09,TOKIC Bojan,PETO Zsolt,SLO,SRB,4,2,"8,11,11,11,12,11|11,4,9,7,14,7",3,GRAND_SLAM,MS,1758,Qualification,TOKIC Bojan (SLO),PETO Zsolt (SRB),,,4 - 2,8:11 11:4 11:9 11:7 12:14 11:7,TOKIC Bojan,2005
German Open Magdeburg 2005,2005-11-09,BOBOCICA Mihai,GACINA Andrej,ITA,CRO,4,0,"11,11,11,11|8,5,7,6",,GRAND_SLAM,MS,1758,Qualification,BOBOCICA Mihai (ITA),GACINA Andrej (CRO),,,0 - 4,8:11 5:11 7:11 6:11,BOBOCICA Mihai,2005
German Open Magdeburg 2005,2005-11-09,KEINATH Thomas,BOBOCICA Mihai,SVK,ITA,4,2,"11,4,11,11,9,11|7,11,9,8,11,6",QR2,GRAND_SLAM,MS,1758,Qualification,KEINATH Thomas (SVK),BOBOCICA Mihai (ITA),,,4 - 2,11:7 4:11 11:9 11:8 9:11 11:6,KEINATH Thomas,2005
German Open Magdeburg 2005,2005-11-09,KEINATH Thomas,GACINA Andrej,SVK,CRO,4,2,"6,11,12,9,11,11|11,7,10,11,2,7",3,GRAND_SLAM,MS,1758,Qualification,KEINATH Thomas (SVK),GACINA Andrej (CRO),,,4 - 2,6:11 11:7 12:10 9:11 11:2 11:7,KEINATH Thomas,2005
German Open Magdeburg 2005,2005-11-09,LEBESSON Emmanuel,LIEVSHYN Vitaliy,FRA,UKR,4,1,"11,11,11,5,11|5,9,9,11,6",,GRAND_SLAM,MS,1758,Qualification,LEBESSON Emmanuel (FRA),LIEVSHYN Vitaliy (UKR),,,1 - 4,5:11 9:11 9:11 11:5 6:11,LEBESSON Emmanuel,2005
German Open Magdeburg 2005,2005-11-09,YOSHIDA Kaii,LEBESSON Emmanuel,JPN,FRA,4,3,"6,11,10,11,11,11,11|11,7,12,13,8,4,6",QR2,GRAND_SLAM,MS,1758,Qualification,YOSHIDA Kaii (JPN),LEBESSON Emmanuel (FRA),,,4 - 3,6:11 11:7 10:12 11:13 11:8 11:4 11:6,YOSHIDA Kaii,2005
German Open Magdeburg 2005,2005-11-09,YOSHIDA Kaii,LIEVSHYN Vitaliy,JPN,UKR,4,2,"7,11,11,11,8,11|11,9,6,6,11,4",3,GRAND_SLAM,MS,1758,Qualification,YOSHIDA Kaii (JPN),LIEVSHYN Vitaliy (UKR),,,4 - 2,7:11 11:9 11:6 11:6 8:11 11:4,YOSHIDA Kaii,2005
German Open Magdeburg 2005,2005-11-09,SPINICCHIA Simone,BUROV Viacheslav,ITA,RUS,4,0,,,GRAND_SLAM,MS,1758,Qualification,SPINICCHIA Simone (ITA),BUROV Viacheslav (RUS),,,4 - 0,,SPINICCHIA Simone,2005
German Open Magdeburg 2005,2005-11-09,YOON Jaeyoung,BUROV Viacheslav,KOR,RUS,4,0,,QR2,GRAND_SLAM,MS,1758,Qualification,YOON Jaeyoung (KOR),BUROV Viacheslav (RUS),,,4 - 0,,YOON Jaeyoung,2005
German Open Magdeburg 2005,2005-11-09,YOON Jaeyoung,SPINICCHIA Simone,KOR,ITA,4,1,"11,11,7,11,11|8,4,11,9,7",3,GRAND_SLAM,MS,1758,Qualification,YOON Jaeyoung (KOR),SPINICCHIA Simone (ITA),,,4 - 1,11:8 11:4 7:11 11:9 11:7,YOON Jaeyoung,2005
German Open Magdeburg 2005,2005-11-09,YOKOYAMA Yuichi,STOYANOV Niagol,JPN,ITA,4,1,"11,11,11,9,12|8,8,9,11,10",,GRAND_SLAM,MS,1758,Qualification,YOKOYAMA Yuichi (JPN),STOYANOV Niagol (ITA),,,4 - 1,11:8 11:8 11:9 9:11 12:10,YOKOYAMA Yuichi,2005
German Open Magdeburg 2005,2005-11-09,WANG Zengyi,STOYANOV Niagol,POL,ITA,4,0,"11,11,11,11|6,9,3,5",QR2,GRAND_SLAM,MS,1758,Qualification,WANG Zengyi (POL),STOYANOV Niagol (ITA),,,4 - 0,11:6 11:9 11:3 11:5,WANG Zengyi,2005
German Open Magdeburg 2005,2005-11-09,WANG Zengyi,YOKOYAMA Yuichi,POL,JPN,4,1,"11,12,11,5,11|7,10,7,11,7",3,GRAND_SLAM,MS,1758,Qualification,WANG Zengyi (POL),YOKOYAMA Yuichi (JPN),,,4 - 1,11:7 12:10 11:7 5:11 11:7,WANG Zengyi,2005
German Open Magdeburg 2005,2005-11-09,OYA Hidetoshi,JANCARIK Lubomir,JPN,CZE,4,1,"11,11,13,11,11|8,6,15,9,3",,GRAND_SLAM,MS,1758,Qualification,OYA Hidetoshi (JPN),JANCARIK Lubomir (CZE),,,4 - 1,11:8 11:6 13:15 11:9 11:3,OYA Hidetoshi,2005
German Open Magdeburg 2005,2005-11-09,ZHANG Chao,JANCARIK Lubomir,CHN,CZE,4,1,"11,11,8,11,11|7,7,11,5,6",QR2,GRAND_SLAM,MS,1758,Qualification,ZHANG Chao (CHN),JANCARIK Lubomir (CZE),,,4 - 1,11:7 11:7 8:11 11:5 11:6,ZHANG Chao,2005
German Open Magdeburg 2005,2005-11-09,ZHANG Chao,OYA Hidetoshi,CHN,JPN,4,1,"11,11,10,11,11|5,9,12,8,5",3,GRAND_SLAM,MS,1758,Qualification,ZHANG Chao (CHN),OYA Hidetoshi (JPN),,,4 - 1,11:5 11:9 10:12 11:8 11:5,ZHANG Chao,2005
German Open Magdeburg 2005,2005-11-09,PEREK Jakub,GAVLAS Petr,POL,CZE,4,2,"11,11,11,10,11,11|13,9,6,12,7,6",,GRAND_SLAM,MS,1758,Qualification,PEREK Jakub (POL),GAVLAS Petr (CZE),,,4 - 2,11:13 11:9 11:6 10:12 11:7 11:6,PEREK Jakub,2005
German Open Magdeburg 2005,2005-11-09,LIM Jaehyun,GAVLAS Petr,KOR,CZE,4,1,"11,11,11,9,11|8,5,5,11,5",QR2,GRAND_SLAM,MS,1758,Qualification,LIM Jaehyun (KOR),GAVLAS Petr (CZE),,,4 - 1,11:8 11:5 11:5 9:11 11:5,LIM Jaehyun,2005
German Open Magdeburg 2005,2005-11-09,LIM Jaehyun,PEREK Jakub,KOR,POL,4,0,"11,11,11,11|5,4,7,2",3,GRAND_SLAM,MS,1758,Qualification,LIM Jaehyun (KOR),PEREK Jakub (POL),,,4 - 0,11:5 11:4 11:7 11:2,LIM Jaehyun,2005
German Open Magdeburg 2005,2005-11-09,PETERSEN Christoffer,MAECK Anthony,DEN,BEL,4,2,"11,8,14,11,11,11|7,11,12,13,9,9",,GRAND_SLAM,MS,1758,Qualification,PETERSEN Christoffer (DEN),MAECK Anthony (BEL),,,4 - 2,11:7 8:11 14:12 11:13 11:9 11:9,PETERSEN Christoffer,2005
German Open Magdeburg 2005,2005-11-09,GIONIS Panagiotis,MAECK Anthony,GRE,BEL,4,0,"14,11,11,11|12,4,5,7",QR2,GRAND_SLAM,MS,1758,Qualification,GIONIS Panagiotis (GRE),MAECK Anthony (BEL),,,4 - 0,14:12 11:4 11:5 11:7,GIONIS Panagiotis,2005
German Open Magdeburg 2005,2005-11-09,GIONIS Panagiotis,PETERSEN Christoffer,GRE,DEN,4,1,"7,11,11,11,11|11,5,6,4,7",3,GRAND_SLAM,MS,1758,Qualification,GIONIS Panagiotis (GRE),PETERSEN Christoffer (DEN),,,4 - 1,7:11 11:5 11:6 11:4 11:7,GIONIS Panagiotis,2005
German Open Magdeburg 2005,2005-11-09,KRIEGER Alexander,CHMIEL Piotr,GER,POL,4,3,"11,8,12,11,13,12,11|5,11,14,6,15,10,8",,GRAND_SLAM,MS,1758,Qualification,KRIEGER Alexander (GER),CHMIEL Piotr (POL),,,4 - 3,11:5 8:11 12:14 11:6 13:15 12:10 11:8,KRIEGER Alexander,2005
German Open Magdeburg 2005,2005-11-09,HAKANSSON Fredrik,CHMIEL Piotr,SWE,POL,4,1,"12,11,11,11,15|10,7,7,13,13",QR2,GRAND_SLAM,MS,1758,Qualification,HAKANSSON Fredrik (SWE),CHMIEL Piotr (POL),,,4 - 1,12:10 11:7 11:7 11:13 15:13,HAKANSSON Fredrik,2005
German Open Magdeburg 2005,2005-11-09,HAKANSSON Fredrik,KRIEGER Alexander,SWE,GER,4,1,"11,11,4,11,11|6,4,11,6,9",3,GRAND_SLAM,MS,1758,Qualification,HAKANSSON Fredrik (SWE),KRIEGER Alexander (GER),,,4 - 1,11:6 11:4 4:11 11:6 11:9,HAKANSSON Fredrik,2005
German Open Magdeburg 2005,2005-11-09,CHMIEL Pawel,MENGEL Steffen,POL,GER,4,0,"13,11,11,11|11,5,7,9",,GRAND_SLAM,MS,1758,Qualification,CHMIEL Pawel (POL),MENGEL Steffen (GER),,,4 - 0,13:11 11:5 11:7 11:9,CHMIEL Pawel,2005
German Open Magdeburg 2005,2005-11-09,SHMYREV Maxim,MENGEL Steffen,RUS,GER,4,1,"11,11,11,11,11|6,8,13,7,9",QR2,GRAND_SLAM,MS,1758,Qualification,SHMYREV Maxim (RUS),MENGEL Steffen (GER),,,4 - 1,11:6 11:8 11:13 11:7 11:9,SHMYREV Maxim,2005
German Open Magdeburg 2005,2005-11-09,SHMYREV Maxim,CHMIEL Pawel,RUS,POL,4,0,"11,11,12,11|9,8,10,6",3,GRAND_SLAM,MS,1758,Qualification,SHMYREV Maxim (RUS),CHMIEL Pawel (POL),,,4 - 0,11:9 11:8 12:10 11:6,SHMYREV Maxim,2005
German Open Magdeburg 2005,2005-11-09,ERLANDSEN Geir,VLASOV Grigory,NOR,RUS,4,0,"11,11,11,11|8,3,8,7",3,GRAND_SLAM,MS,1758,Qualification,ERLANDSEN Geir (NOR),VLASOV Grigory (RUS),,,4 - 0,11:8 11:3 11:8 11:7,ERLANDSEN Geir,2005
German Open Magdeburg 2005,2005-11-09,VOSTES Yannick,PAPADIMITRIOU Dimitrios,BEL,GRE,4,3,"11,6,11,8,11,9,11|1,11,1,11,8,11,7",,GRAND_SLAM,MS,1758,Qualification,VOSTES Yannick (BEL),PAPADIMITRIOU Dimitrios (GRE),,,4 - 3,11:1 6:11 11:1 8:11 11:8 9:11 11:7,VOSTES Yannick,2005
German Open Magdeburg 2005,2005-11-09,CHOI Hyunjin,PAPADIMITRIOU Dimitrios,KOR,GRE,4,0,"11,11,11,11|5,1,7,8",QR2,GRAND_SLAM,MS,1758,Qualification,CHOI Hyunjin (KOR),PAPADIMITRIOU Dimitrios (GRE),,,4 - 0,11:5 11:1 11:7 11:8,CHOI Hyunjin,2005
German Open Magdeburg 2005,2005-11-09,CHOI Hyunjin,VOSTES Yannick,KOR,BEL,4,0,"11,11,11,11|9,7,2,7",3,GRAND_SLAM,MS,1758,Qualification,CHOI Hyunjin (KOR),VOSTES Yannick (BEL),,,4 - 0,11:9 11:7 11:2 11:7,CHOI Hyunjin,2005
German Open Magdeburg 2005,2005-11-09,ZHMUDENKO Yaroslav,DE SOUSA Arlindo,UKR,LUX,4,2,"15,11,2,6,11,11|13,7,11,11,9,6",,GRAND_SLAM,MS,1758,Qualification,ZHMUDENKO Yaroslav (UKR),DE SOUSA Arlindo (LUX),,,4 - 2,15:13 11:7 2:11 6:11 11:9 11:6,ZHMUDENKO Yaroslav,2005
German Open Magdeburg 2005,2005-11-09,SEREDA Peter,DE SOUSA Arlindo,SVK,LUX,4,2,"11,11,11,8,9,15|3,4,6,11,11,13",QR2,GRAND_SLAM,MS,1758,Qualification,SEREDA Peter (SVK),DE SOUSA Arlindo (LUX),,,4 - 2,11:3 11:4 11:6 8:11 9:11 15:13,SEREDA Peter,2005
German Open Magdeburg 2005,2005-11-09,ZHMUDENKO Yaroslav,SEREDA Peter,UKR,SVK,4,0,"11,11,12,11|8,7,10,9",3,GRAND_SLAM,MS,1758,Qualification,ZHMUDENKO Yaroslav (UKR),SEREDA Peter (SVK),,,0 - 4,8:11 7:11 10:12 9:11,ZHMUDENKO Yaroslav,2005
German Open Magdeburg 2005,2005-11-09,SEL Zolt,SABATINO Daniele,SRB,ITA,4,2,"11,11,11,9,9,11|7,9,6,11,11,1",,GRAND_SLAM,MS,1758,Qualification,SEL Zolt (SRB),SABATINO Daniele (ITA),,,4 - 2,11:7 11:9 11:6 9:11 9:11 11:1,SEL Zolt,2005
German Open Magdeburg 2005,2005-11-09,CHTCHETININE Evgueni,SABATINO Daniele,BLR,ITA,4,0,"11,11,11,11|0,8,1,5",QR2,GRAND_SLAM,MS,1758,Qualification,CHTCHETININE Evgueni (BLR),SABATINO Daniele (ITA),,,4 - 0,11:0 11:8 11:1 11:5,CHTCHETININE Evgueni,2005
German Open Magdeburg 2005,2005-11-09,CHTCHETININE Evgueni,SEL Zolt,BLR,SRB,4,2,"4,11,10,11,11,11|11,8,12,3,9,2",3,GRAND_SLAM,MS,1758,Qualification,CHTCHETININE Evgueni (BLR),SEL Zolt (SRB),,,4 - 2,4:11 11:8 10:12 11:3 11:9 11:2,CHTCHETININE Evgueni,2005
German Open Magdeburg 2005,2005-11-09,HABESOHN Daniel,DEBRUYERES Clement,AUT,FRA,4,1,"3,11,11,11,11|11,3,4,6,5",,GRAND_SLAM,MS,1758,Qualification,HABESOHN Daniel (AUT),DEBRUYERES Clement (FRA),,,4 - 1,3:11 11:3 11:4 11:6 11:5,HABESOHN Daniel,2005
German Open Magdeburg 2005,2005-11-09,PAZSY Ferenc,DEBRUYERES Clement,HUN,FRA,4,2,"6,11,6,11,11,11|11,6,11,3,6,2",QR2,GRAND_SLAM,MS,1758,Qualification,PAZSY Ferenc (HUN),DEBRUYERES Clement (FRA),,,4 - 2,6:11 11:6 6:11 11:3 11:6 11:2,PAZSY Ferenc,2005
German Open Magdeburg 2005,2005-11-09,PAZSY Ferenc,HABESOHN Daniel,HUN,AUT,4,3,"3,11,11,6,10,11,13|11,9,7,11,12,9,11",3,GRAND_SLAM,MS,1758,Qualification,PAZSY Ferenc (HUN),HABESOHN Daniel (AUT),,,4 - 3,3:11 11:9 11:7 6:11 10:12 11:9 13:11,PAZSY Ferenc,2005
German Open Magdeburg 2005,2005-11-09,DAVID Petr,SALIFOU Abdel-Kader,CZE,BEN,4,1,"11,11,12,12,11|9,3,14,10,9",,GRAND_SLAM,MS,1758,Qualification,DAVID Petr (CZE),SALIFOU Abdel-Kader (BEN),,,4 - 1,11:9 11:3 12:14 12:10 11:9,DAVID Petr,2005
German Open Magdeburg 2005,2005-11-09,CHO Jihoon,SALIFOU Abdel-Kader,KOR,BEN,4,0,"12,11,11,11|10,6,9,9",QR2,GRAND_SLAM,MS,1758,Qualification,CHO Jihoon (KOR),SALIFOU Abdel-Kader (BEN),,,4 - 0,12:10 11:6 11:9 11:9,CHO Jihoon,2005
German Open Magdeburg 2005,2005-11-09,CHO Jihoon,DAVID Petr,KOR,CZE,4,0,"11,11,11,11|7,3,6,9",3,GRAND_SLAM,MS,1758,Qualification,CHO Jihoon (KOR),DAVID Petr (CZE),,,4 - 0,11:7 11:3 11:6 11:9,CHO Jihoon,2005
German Open Magdeburg 2005,2005-11-09,FILUS Ruwen,PIETKIEWICZ Maciej,GER,POL,4,1,"4,11,11,11,11|11,7,2,4,9",,GRAND_SLAM,MS,1758,Qualification,FILUS Ruwen (GER),PIETKIEWICZ Maciej (POL),,,4 - 1,4:11 11:7 11:2 11:4 11:9,FILUS Ruwen,2005
German Open Magdeburg 2005,2005-11-09,TUGWELL Finn,PIETKIEWICZ Maciej,DEN,POL,4,0,"11,11,11,11|9,8,4,8",QR2,GRAND_SLAM,MS,1758,Qualification,TUGWELL Finn (DEN),PIETKIEWICZ Maciej (POL),,,4 - 0,11:9 11:8 11:4 11:8,TUGWELL Finn,2005
German Open Magdeburg 2005,2005-11-09,TUGWELL Finn,FILUS Ruwen,DEN,GER,4,2,"7,11,11,11,10,11|11,9,9,8,12,6",3,GRAND_SLAM,MS,1758,Qualification,TUGWELL Finn (DEN),FILUS Ruwen (GER),,,4 - 2,7:11 11:9 11:9 11:8 10:12 11:6,TUGWELL Finn,2005
German Open Magdeburg 2005,2005-11-09,JAPEC Tomislav,TANCHEV Vladislav,CRO,BUL,4,2,"9,7,11,11,11,11|11,11,8,8,7,7",,GRAND_SLAM,MS,1758,Qualification,JAPEC Tomislav (CRO),TANCHEV Vladislav (BUL),,,4 - 2,9:11 7:11 11:8 11:8 11:7 11:7,JAPEC Tomislav,2005
German Open Magdeburg 2005,2005-11-09,PAVELKA Tomas,TANCHEV Vladislav,CZE,BUL,4,2,"9,11,12,10,11,11|11,6,10,12,9,9",QR2,GRAND_SLAM,MS,1758,Qualification,PAVELKA Tomas (CZE),TANCHEV Vladislav (BUL),,,4 - 2,9:11 11:6 12:10 10:12 11:9 11:9,PAVELKA Tomas,2005
German Open Magdeburg 2005,2005-11-09,JAPEC Tomislav,PAVELKA Tomas,CRO,CZE,4,0,"11,11,11,11|7,5,1,8",3,GRAND_SLAM,MS,1758,Qualification,JAPEC Tomislav (CRO),PAVELKA Tomas (CZE),,,0 - 4,7:11 5:11 1:11 8:11,JAPEC Tomislav,2005
German Open Magdeburg 2005,2005-11-09,FREITAS Marcos,URBANEK Jan,POR,CZE,4,1,"5,11,11,11,11|11,8,4,9,4",,GRAND_SLAM,MS,1758,Qualification,FREITAS Marcos (POR),URBANEK Jan (CZE),,,4 - 1,5:11 11:8 11:4 11:9 11:4,FREITAS Marcos,2005
German Open Magdeburg 2005,2005-11-09,CHO Eonrae,URBANEK Jan,KOR,CZE,4,2,"7,10,11,11,11,11|11,12,6,8,9,9",QR2,GRAND_SLAM,MS,1758,Qualification,CHO Eonrae (KOR),URBANEK Jan (CZE),,,4 - 2,7:11 10:12 11:6 11:8 11:9 11:9,CHO Eonrae,2005
German Open Magdeburg 2005,2005-11-09,FREITAS Marcos,CHO Eonrae,POR,KOR,4,3,"3,6,11,7,15,11,11|11,11,5,11,13,6,6",3,GRAND_SLAM,MS,1758,Qualification,FREITAS Marcos (POR),CHO Eonrae (KOR),,,3 - 4,11:3 11:6 5:11 11:7 13:15 6:11 6:11,FREITAS Marcos,2005
German Open Magdeburg 2005,2005-11-09,GAVLAS Antonin,AUFRERE Julien,CZE,FRA,4,1,"7,11,11,11,12|11,4,8,4,10",,GRAND_SLAM,MS,1758,Qualification,GAVLAS Antonin (CZE),AUFRERE Julien (FRA),,,4 - 1,7:11 11:4 11:8 11:4 12:10,GAVLAS Antonin,2005
German Open Magdeburg 2005,2005-11-09,MIZUTANI Jun,AUFRERE Julien,JPN,FRA,4,0,"11,11,11,11|8,4,6,6",QR2,GRAND_SLAM,MS,1758,Qualification,MIZUTANI Jun (JPN),AUFRERE Julien (FRA),,,4 - 0,11:8 11:4 11:6 11:6,MIZUTANI Jun,2005
German Open Magdeburg 2005,2005-11-09,MIZUTANI Jun,GAVLAS Antonin,JPN,CZE,4,3,"11,11,6,8,8,11,11|7,6,11,11,11,9,6",3,GRAND_SLAM,MS,1758,Qualification,MIZUTANI Jun (JPN),GAVLAS Antonin (CZE),,,4 - 3,11:7 11:6 6:11 8:11 8:11 11:9 11:6,MIZUTANI Jun,2005
German Open Magdeburg 2005,2005-11-09,CSABA Bence,ZALCBERG David,CAN,AUS,4,1,"11,11,7,11,11|8,8,11,6,7",,GRAND_SLAM,MS,1758,Qualification,CSABA Bence (CAN),ZALCBERG David (AUS),,,4 - 1,11:8 11:8 7:11 11:6 11:7,CSABA Bence,2005
German Open Magdeburg 2005,2005-11-09,KUSINSKI Marcin,ZALCBERG David,POL,AUS,4,0,"11,11,11,11|5,4,6,6",QR2,GRAND_SLAM,MS,1758,Qualification,KUSINSKI Marcin (POL),ZALCBERG David (AUS),,,4 - 0,11:5 11:4 11:6 11:6,KUSINSKI Marcin,2005
German Open Magdeburg 2005,2005-11-09,KUSINSKI Marcin,CSABA Bence,POL,CAN,4,1,"15,9,11,11,11|13,11,6,5,5",3,GRAND_SLAM,MS,1758,Qualification,KUSINSKI Marcin (POL),CSABA Bence (CAN),,,4 - 1,15:13 9:11 11:6 11:5 11:5,KUSINSKI Marcin,2005
German Open Magdeburg 2005,2005-11-09,MALICKI Szymon,KAUCKY Petr,POL,CZE,4,3,"9,11,11,7,6,11,11|11,7,4,11,11,6,8",,GRAND_SLAM,MS,1758,Qualification,MALICKI Szymon (POL),KAUCKY Petr (CZE),,,3 - 4,11:9 7:11 4:11 11:7 11:6 6:11 8:11,MALICKI Szymon,2005
German Open Magdeburg 2005,2005-11-09,MOLIN Magnus,MALICKI Szymon,SWE,POL,4,0,"11,11,11,11|2,7,4,7",QR2,GRAND_SLAM,MS,1758,Qualification,MOLIN Magnus (SWE),MALICKI Szymon (POL),,,4 - 0,11:2 11:7 11:4 11:7,MOLIN Magnus,2005
German Open Magdeburg 2005,2005-11-09,MOLIN Magnus,KAUCKY Petr,SWE,CZE,4,2,"11,5,11,11,9,11|9,11,5,7,11,6",3,GRAND_SLAM,MS,1758,Qualification,MOLIN Magnus (SWE),KAUCKY Petr (CZE),,,4 - 2,11:9 5:11 11:5 11:7 9:11 11:6,MOLIN Magnus,2005
German Open Magdeburg 2005,2005-11-09,MUSKO Peter,CARVALHO Efraim,HUN,BRA,4,2,"8,11,11,11,6,12|11,7,8,9,11,10",,GRAND_SLAM,MS,1758,Qualification,MUSKO Peter (HUN),CARVALHO Efraim (BRA),,,4 - 2,8:11 11:7 11:8 11:9 6:11 12:10,MUSKO Peter,2005
German Open Magdeburg 2005,2005-11-09,PLACHY Josef,CARVALHO Efraim,CZE,BRA,4,1,"11,11,11,9,11|6,4,2,11,4",QR2,GRAND_SLAM,MS,1758,Qualification,PLACHY Josef (CZE),CARVALHO Efraim (BRA),,,4 - 1,11:6 11:4 11:2 9:11 11:4,PLACHY Josef,2005
German Open Magdeburg 2005,2005-11-09,PLACHY Josef,MUSKO Peter,CZE,HUN,4,3,"9,9,7,11,11,11,11|11,11,11,4,7,6,5",3,GRAND_SLAM,MS,1758,Qualification,PLACHY Josef (CZE),MUSKO Peter (HUN),,,4 - 3,9:11 9:11 7:11 11:4 11:7 11:6 11:5,PLACHY Josef,2005
German Open Magdeburg 2005,2005-11-09,REDJEP Ronald,KUCHUK Aleksandr,CRO,BLR,4,1,"11,11,11,7,11|2,1,9,11,5",,GRAND_SLAM,MS,1758,Qualification,REDJEP Ronald (CRO),KUCHUK Aleksandr (BLR),,,4 - 1,11:2 11:1 11:9 7:11 11:5,REDJEP Ronald,2005
German Open Magdeburg 2005,2005-11-09,GERELL Par,KUCHUK Aleksandr,SWE,BLR,4,1,"11,11,10,11,11|7,6,12,5,6",QR2,GRAND_SLAM,MS,1758,Qualification,GERELL Par (SWE),KUCHUK Aleksandr (BLR),,,4 - 1,11:7 11:6 10:12 11:5 11:6,GERELL Par,2005
German Open Magdeburg 2005,2005-11-09,GERELL Par,REDJEP Ronald,SWE,CRO,4,1,"8,11,11,11,11|11,9,9,5,7",3,GRAND_SLAM,MS,1758,Qualification,GERELL Par (SWE),REDJEP Ronald (CRO),,,4 - 1,8:11 11:9 11:9 11:5 11:7,GERELL Par,2005
German Open Magdeburg 2005,2005-11-09,VITSEK Ivan,AARAS Arne,HUN,NOR,4,2,"11,7,11,9,11,11|4,11,1,11,7,5",,GRAND_SLAM,MS,1758,Qualification,VITSEK Ivan (HUN),AARAS Arne (NOR),,,4 - 2,11:4 7:11 11:1 9:11 11:7 11:5,VITSEK Ivan,2005
German Open Magdeburg 2005,2005-11-09,XU Hui,AARAS Arne,CHN,NOR,4,0,"11,11,11,11|3,4,8,5",QR2,GRAND_SLAM,MS,1758,Qualification,XU Hui (CHN),AARAS Arne (NOR),,,4 - 0,11:3 11:4 11:8 11:5,XU Hui,2005
German Open Magdeburg 2005,2005-11-09,XU Hui,VITSEK Ivan,CHN,HUN,4,1,"11,9,11,11,11|8,11,4,7,8",3,GRAND_SLAM,MS,1758,Qualification,XU Hui (CHN),VITSEK Ivan (HUN),,,4 - 1,11:8 9:11 11:4 11:7 11:8,XU Hui,2005
German Open Magdeburg 2005,2005-11-09,SANCHEZ Victor,BAUBET Vincent,ESP,FRA,4,1,"8,11,11,11,11|11,5,7,9,9",,GRAND_SLAM,MS,1758,Qualification,SANCHEZ Victor (ESP),BAUBET Vincent (FRA),,,4 - 1,8:11 11:5 11:7 11:9 11:9,SANCHEZ Victor,2005
German Open Magdeburg 2005,2005-11-09,FAZEKAS Peter,BAUBET Vincent,HUN,FRA,4,0,"11,15,11,11|9,13,9,3",QR2,GRAND_SLAM,MS,1758,Qualification,FAZEKAS Peter (HUN),BAUBET Vincent (FRA),,,4 - 0,11:9 15:13 11:9 11:3,FAZEKAS Peter,2005
German Open Magdeburg 2005,2005-11-09,FAZEKAS Peter,SANCHEZ Victor,HUN,ESP,4,1,"11,12,7,11,11|9,10,11,3,8",3,GRAND_SLAM,MS,1758,Qualification,FAZEKAS Peter (HUN),SANCHEZ Victor (ESP),,,4 - 1,11:9 12:10 7:11 11:3 11:8,FAZEKAS Peter,2005
German Open Magdeburg 2005,2005-11-09,PRESSLMAYER Bernhard,ZOMBORI David,AUT,HUN,4,3,"10,11,11,11,9,11,11|12,13,6,7,11,4,8",,GRAND_SLAM,MS,1758,Qualification,PRESSLMAYER Bernhard (AUT),ZOMBORI David (HUN),,,4 - 3,10:12 11:13 11:6 11:7 9:11 11:4 11:8,PRESSLMAYER Bernhard,2005
German Open Magdeburg 2005,2005-11-09,VYBORNY Richard,ZOMBORI David,CZE,HUN,4,3,"11,12,11,11,11,9,11|13,14,7,8,5,11,5",QR2,GRAND_SLAM,MS,1758,Qualification,VYBORNY Richard (CZE),ZOMBORI David (HUN),,,4 - 3,11:13 12:14 11:7 11:8 11:5 9:11 11:5,VYBORNY Richard,2005
German Open Magdeburg 2005,2005-11-09,VYBORNY Richard,PRESSLMAYER Bernhard,CZE,AUT,4,0,"11,11,11,11|7,8,8,5",3,GRAND_SLAM,MS,1758,Qualification,VYBORNY Richard (CZE),PRESSLMAYER Bernhard (AUT),,,4 - 0,11:7 11:8 11:8 11:5,VYBORNY Richard,2005
German Open Magdeburg 2005,2005-11-09,KOSTAL Radek,SZYMANSKI Filip,CZE,POL,4,2,"11,12,8,11,5,11|7,10,11,3,11,2",,GRAND_SLAM,MS,1758,Qualification,KOSTAL Radek (CZE),SZYMANSKI Filip (POL),,,4 - 2,11:7 12:10 8:11 11:3 5:11 11:2,KOSTAL Radek,2005
German Open Magdeburg 2005,2005-11-09,JIANG Weizhong,SZYMANSKI Filip,CRO,POL,4,2,"11,11,12,11,7,11|3,6,10,13,11,2",QR2,GRAND_SLAM,MS,1758,Qualification,JIANG Weizhong (CRO),SZYMANSKI Filip (POL),,,4 - 2,11:3 11:6 12:10 11:13 7:11 11:2,JIANG Weizhong,2005
German Open Magdeburg 2005,2005-11-09,JIANG Weizhong,KOSTAL Radek,CRO,CZE,4,3,"11,7,11,14,5,12,11|6,11,7,16,11,10,5",3,GRAND_SLAM,MS,1758,Qualification,JIANG Weizhong (CRO),KOSTAL Radek (CZE),,,4 - 3,11:6 7:11 11:7 14:16 5:11 12:10 11:5,JIANG Weizhong,2005
German Open Magdeburg 2005,2005-11-09,LEWANDOWSKI Tomasz,CHRIST Nico,POL,GER,4,2,"11,6,9,11,11,11|6,11,11,4,4,7",,GRAND_SLAM,MS,1758,Qualification,LEWANDOWSKI Tomasz (POL),CHRIST Nico (GER),,,2 - 4,6:11 11:6 11:9 4:11 4:11 7:11,LEWANDOWSKI Tomasz,2005
German Open Magdeburg 2005,2005-11-09,LEE Jinkwon,LEWANDOWSKI Tomasz,KOR,POL,4,2,"5,6,11,11,11,11|11,11,6,2,5,4",QR2,GRAND_SLAM,MS,1758,Qualification,LEE Jinkwon (KOR),LEWANDOWSKI Tomasz (POL),,,4 - 2,5:11 6:11 11:6 11:2 11:5 11:4,LEE Jinkwon,2005
German Open Magdeburg 2005,2005-11-09,CHRIST Nico,LEE Jinkwon,GER,KOR,4,3,"3,8,11,11,12,9,11|11,11,5,8,10,11,9",3,GRAND_SLAM,MS,1758,Qualification,CHRIST Nico (GER),LEE Jinkwon (KOR),,,3 - 4,11:3 11:8 5:11 8:11 10:12 11:9 9:11,CHRIST Nico,2005
German Open Magdeburg 2005,2005-11-09,MICHELY Gilles,ELENSKY Gregory,LUX,ISR,4,0,"12,11,12,12|10,5,10,10",,GRAND_SLAM,MS,1758,Qualification,MICHELY Gilles (LUX),ELENSKY Gregory (ISR),,,0 - 4,10:12 5:11 10:12 10:12,MICHELY Gilles,2005
German Open Magdeburg 2005,2005-11-09,OLEJNIK Martin,MICHELY Gilles,CZE,LUX,4,0,"11,11,11,11|3,6,6,6",QR2,GRAND_SLAM,MS,1758,Qualification,OLEJNIK Martin (CZE),MICHELY Gilles (LUX),,,4 - 0,11:3 11:6 11:6 11:6,OLEJNIK Martin,2005
German Open Magdeburg 2005,2005-11-09,OLEJNIK Martin,ELENSKY Gregory,CZE,ISR,4,2,"11,8,11,12,11,11|4,11,13,10,4,3",3,GRAND_SLAM,MS,1758,Qualification,OLEJNIK Martin (CZE),ELENSKY Gregory (ISR),,,4 - 2,11:4 8:11 11:13 12:10 11:4 11:3,OLEJNIK Martin,2005
German Open Magdeburg 2005,2005-11-09,PATTANTYUS Adam,BAST Mike,HUN,LUX,4,0,"11,11,11,11|3,2,9,7",,GRAND_SLAM,MS,1758,Qualification,PATTANTYUS Adam (HUN),BAST Mike (LUX),,,4 - 0,11:3 11:2 11:9 11:7,PATTANTYUS Adam,2005
German Open Magdeburg 2005,2005-11-09,MANSSON Magnus,BAST Mike,SWE,LUX,4,0,"11,11,11,11|5,6,6,2",QR2,GRAND_SLAM,MS,1758,Qualification,MANSSON Magnus (SWE),BAST Mike (LUX),,,4 - 0,11:5 11:6 11:6 11:2,MANSSON Magnus,2005
German Open Magdeburg 2005,2005-11-09,PATTANTYUS Adam,MANSSON Magnus,HUN,SWE,4,1,"11,5,11,11,11|8,11,9,5,5",3,GRAND_SLAM,MS,1758,Qualification,PATTANTYUS Adam (HUN),MANSSON Magnus (SWE),,,1 - 4,8:11 11:5 9:11 5:11 5:11,PATTANTYUS Adam,2005
German Open Magdeburg 2005,2005-11-09,PAPAGEORGIOU Konstantinos,SIMON Fabien,GRE,LUX,4,0,"11,11,11,11|9,3,7,5",,GRAND_SLAM,MS,1758,Qualification,PAPAGEORGIOU Konstantinos (GRE),SIMON Fabien (LUX),,,4 - 0,11:9 11:3 11:7 11:5,PAPAGEORGIOU Konstantinos,2005
German Open Magdeburg 2005,2005-11-09,KISHIKAWA Seiya,SIMON Fabien,JPN,LUX,4,0,"11,11,11,11|4,8,6,5",QR2,GRAND_SLAM,MS,1758,Qualification,KISHIKAWA Seiya (JPN),SIMON Fabien (LUX),,,4 - 0,11:4 11:8 11:6 11:5,KISHIKAWA Seiya,2005
German Open Magdeburg 2005,2005-11-09,KISHIKAWA Seiya,PAPAGEORGIOU Konstantinos,JPN,GRE,4,0,"11,19,11,13|1,17,7,11",3,GRAND_SLAM,MS,1758,Qualification,KISHIKAWA Seiya (JPN),PAPAGEORGIOU Konstantinos (GRE),,,4 - 0,11:1 19:17 11:7 13:11,KISHIKAWA Seiya,2005
German Open Magdeburg 2005,2005-11-09,VARGA Zoltan,KLEPRLIK Michal,HUN,CZE,4,1,"11,8,11,11,11|9,11,7,3,8",,GRAND_SLAM,MS,1758,Qualification,VARGA Zoltan (HUN),KLEPRLIK Michal (CZE),,,4 - 1,11:9 8:11 11:7 11:3 11:8,VARGA Zoltan,2005
German Open Magdeburg 2005,2005-11-09,ZHANG Wilson,KLEPRLIK Michal,CAN,CZE,4,1,"11,10,11,12,11|9,12,2,10,7",QR2,GRAND_SLAM,MS,1758,Qualification,ZHANG Wilson (CAN),KLEPRLIK Michal (CZE),,,4 - 1,11:9 10:12 11:2 12:10 11:7,ZHANG Wilson,2005
German Open Magdeburg 2005,2005-11-09,VARGA Zoltan,ZHANG Wilson,HUN,CAN,4,0,"11,12,15,12|6,10,13,10",3,GRAND_SLAM,MS,1758,Qualification,VARGA Zoltan (HUN),ZHANG Wilson (CAN),,,0 - 4,6:11 10:12 13:15 10:12,VARGA Zoltan,2005
German Open Magdeburg 2005,2005-11-09,GRIGOREV Artur,BALTRUSHKA Dzmitry,RUS,BLR,4,1,"11,11,11,11,11|13,9,4,6,7",,GRAND_SLAM,MS,1758,Qualification,GRIGOREV Artur (RUS),BALTRUSHKA Dzmitry (BLR),,,4 - 1,11:13 11:9 11:4 11:6 11:7,GRIGOREV Artur,2005
German Open Magdeburg 2005,2005-11-09,DIDUKH Oleksandr,BALTRUSHKA Dzmitry,UKR,BLR,4,0,"12,11,11,11|10,7,4,9",QR2,GRAND_SLAM,MS,1758,Qualification,DIDUKH Oleksandr (UKR),BALTRUSHKA Dzmitry (BLR),,,4 - 0,12:10 11:7 11:4 11:9,DIDUKH Oleksandr,2005
German Open Magdeburg 2005,2005-11-09,DIDUKH Oleksandr,GRIGOREV Artur,UKR,RUS,4,0,"11,11,11,11|7,6,4,6",3,GRAND_SLAM,MS,1758,Qualification,DIDUKH Oleksandr (UKR),GRIGOREV Artur (RUS),,,4 - 0,11:7 11:6 11:4 11:6,DIDUKH Oleksandr,2005
German Open Magdeburg 2005,2005-11-09,CHOU Tung-Yu,BERNER Eric,TPE,NOR,4,1,"11,11,11,11,11|8,9,13,8,4",,GRAND_SLAM,MS,1758,Qualification,CHOU Tung-Yu (TPE),BERNER Eric (NOR),,,4 - 1,11:8 11:9 11:13 11:8 11:4,CHOU Tung-Yu,2005
German Open Magdeburg 2005,2005-11-09,KLASEK Marek,BERNER Eric,CZE,NOR,4,0,"11,11,11,15|5,8,3,13",QR2,GRAND_SLAM,MS,1758,Qualification,KLASEK Marek (CZE),BERNER Eric (NOR),,,4 - 0,11:5 11:8 11:3 15:13,KLASEK Marek,2005
German Open Magdeburg 2005,2005-11-09,KLASEK Marek,CHOU Tung-Yu,CZE,TPE,4,0,"11,11,11,11|9,2,9,7",3,GRAND_SLAM,MS,1758,Qualification,KLASEK Marek (CZE),CHOU Tung-Yu (TPE),,,4 - 0,11:9 11:2 11:9 11:7,KLASEK Marek,2005
German Open Magdeburg 2005,2005-11-09,ILLAS Erik,BURGIS Matiss,SVK,LAT,4,1,"8,11,11,14,11|11,5,9,12,6",,GRAND_SLAM,MS,1758,Qualification,ILLAS Erik (SVK),BURGIS Matiss (LAT),,,4 - 1,8:11 11:5 11:9 14:12 11:6,ILLAS Erik,2005
German Open Magdeburg 2005,2005-11-09,WU Chih-Chi,BURGIS Matiss,TPE,LAT,4,0,"11,11,12,11|8,6,10,4",QR2,GRAND_SLAM,MS,1758,Qualification,WU Chih-Chi (TPE),BURGIS Matiss (LAT),,,4 - 0,11:8 11:6 12:10 11:4,WU Chih-Chi,2005
German Open Magdeburg 2005,2005-11-09,ILLAS Erik,WU Chih-Chi,SVK,TPE,4,2,"11,5,11,8,11,11|8,11,6,11,6,6",3,GRAND_SLAM,MS,1758,Qualification,ILLAS Erik (SVK),WU Chih-Chi (TPE),,,2 - 4,8:11 11:5 6:11 11:8 6:11 6:11,ILLAS Erik,2005
German Open Magdeburg 2005,2005-11-09,APOLONIA Tiago,DAVIS Kyle,POR,AUS,4,1,"11,11,10,11,11|8,6,12,5,7",,GRAND_SLAM,MS,1758,Qualification,APOLONIA Tiago (POR),DAVIS Kyle (AUS),,,4 - 1,11:8 11:6 10:12 11:5 11:7,APOLONIA Tiago,2005
German Open Magdeburg 2005,2005-11-09,PISTEJ Lubomir,DAVIS Kyle,SVK,AUS,4,0,"11,11,11,15|9,8,3,13",QR2,GRAND_SLAM,MS,1758,Qualification,PISTEJ Lubomir (SVK),DAVIS Kyle (AUS),,,4 - 0,11:9 11:8 11:3 15:13,PISTEJ Lubomir,2005
German Open Magdeburg 2005,2005-11-09,PISTEJ Lubomir,APOLONIA Tiago,SVK,POR,4,1,"11,11,11,9,11|5,4,9,11,6",3,GRAND_SLAM,MS,1758,Qualification,PISTEJ Lubomir (SVK),APOLONIA Tiago (POR),,,4 - 1,11:5 11:4 11:9 9:11 11:6,PISTEJ Lubomir,2005
German Open Magdeburg 2005,2005-11-09,TAKAKIWA Taku,PLACEK Frantisek,JPN,CZE,4,0,"11,11,11,11|5,9,7,7",,GRAND_SLAM,MS,1758,Qualification,TAKAKIWA Taku (JPN),PLACEK Frantisek (CZE),,,4 - 0,11:5 11:9 11:7 11:7,TAKAKIWA Taku,2005
German Open Magdeburg 2005,2005-11-09,HOYAMA Hugo,PLACEK Frantisek,BRA,CZE,4,0,"11,11,11,11|8,6,3,6",QR2,GRAND_SLAM,MS,1758,Qualification,HOYAMA Hugo (BRA),PLACEK Frantisek (CZE),,,4 - 0,11:8 11:6 11:3 11:6,HOYAMA Hugo,2005
German Open Magdeburg 2005,2005-11-09,TAKAKIWA Taku,HOYAMA Hugo,JPN,BRA,4,3,"6,11,11,15,8,11,11|11,3,6,13,11,13,8",3,GRAND_SLAM,MS,1758,Qualification,TAKAKIWA Taku (JPN),HOYAMA Hugo (BRA),,,3 - 4,11:6 3:11 6:11 13:15 11:8 13:11 8:11,TAKAKIWA Taku,2005
German Open Magdeburg 2005,2005-11-09,MATSUMOTO Cazuo,SZARKA Levente,BRA,HUN,4,2,"12,11,11,7,11,12|10,13,9,11,8,10",,GRAND_SLAM,MS,1758,Qualification,MATSUMOTO Cazuo (BRA),SZARKA Levente (HUN),,,4 - 2,12:10 11:13 11:9 7:11 11:8 12:10,MATSUMOTO Cazuo,2005
German Open Magdeburg 2005,2005-11-09,SZARKA Levente,HU Jiashun,HUN,SUI,4,1,"11,6,11,11,11|3,11,9,7,7",QR2,GRAND_SLAM,MS,1758,Qualification,SZARKA Levente (HUN),HU Jiashun (SUI),,,1 - 4,3:11 11:6 9:11 7:11 7:11,SZARKA Levente,2005
German Open Magdeburg 2005,2005-11-09,HU Jiashun,MATSUMOTO Cazuo,SUI,BRA,4,3,"8,14,11,10,13,9,11|11,12,8,12,11,11,4",3,GRAND_SLAM,MS,1758,Qualification,HU Jiashun (SUI),MATSUMOTO Cazuo (BRA),,,4 - 3,8:11 14:12 11:8 10:12 13:11 9:11 11:4,HU Jiashun,2005
German Open Magdeburg 2005,2005-11-09,BAGGALEY Andrew,WENZELL Aron,ENG,DEN,4,3,"7,11,8,11,11,6,11|11,9,11,6,4,11,9",,GRAND_SLAM,MS,1758,Qualification,BAGGALEY Andrew (ENG),WENZELL Aron (DEN),,,4 - 3,7:11 11:9 8:11 11:6 11:4 6:11 11:9,BAGGALEY Andrew,2005
German Open Magdeburg 2005,2005-11-09,LO Dany,WENZELL Aron,FRA,DEN,4,1,"11,4,11,11,11|7,11,9,3,4",QR2,GRAND_SLAM,MS,1758,Qualification,LO Dany (FRA),WENZELL Aron (DEN),,,4 - 1,11:7 4:11 11:9 11:3 11:4,LO Dany,2005
German Open Magdeburg 2005,2005-11-09,BAGGALEY Andrew,LO Dany,ENG,FRA,4,3,"10,11,12,11,10,6,11|12,7,10,7,12,11,6",3,GRAND_SLAM,MS,1758,Qualification,BAGGALEY Andrew (ENG),LO Dany (FRA),,,3 - 4,12:10 7:11 10:12 7:11 12:10 11:6 6:11,BAGGALEY Andrew,2005
German Open Magdeburg 2005,2005-11-09,DURAN Marc,SIROKIJS Viktors,ESP,LAT,4,0,"11,11,11,14|3,6,6,12",,GRAND_SLAM,MS,1758,Qualification,DURAN Marc (ESP),SIROKIJS Viktors (LAT),,,4 - 0,11:3 11:6 11:6 14:12,DURAN Marc,2005
German Open Magdeburg 2005,2005-11-09,AXELQVIST Johan,SIROKIJS Viktors,SWE,LAT,4,1,"10,11,11,11,11|12,7,5,2,6",QR2,GRAND_SLAM,MS,1758,Qualification,AXELQVIST Johan (SWE),SIROKIJS Viktors (LAT),,,4 - 1,10:12 11:7 11:5 11:2 11:6,AXELQVIST Johan,2005
German Open Magdeburg 2005,2005-11-09,AXELQVIST Johan,DURAN Marc,SWE,ESP,4,1,"11,1,17,13,11|7,11,15,11,8",3,GRAND_SLAM,MS,1758,Qualification,AXELQVIST Johan (SWE),DURAN Marc (ESP),,,4 - 1,11:7 1:11 17:15 13:11 11:8,AXELQVIST Johan,2005
German Open Magdeburg 2005,2005-11-09,ROBERTSON Adam,SEHIC Adnan,WAL,BIH,4,1,"11,11,11,9,11|5,9,7,11,3",,GRAND_SLAM,MS,1758,Qualification,ROBERTSON Adam (WAL),SEHIC Adnan (BIH),,,4 - 1,11:5 11:9 11:7 9:11 11:3,ROBERTSON Adam,2005
German Open Magdeburg 2005,2005-11-09,LIVENTSOV Alexey,SEHIC Adnan,RUS,BIH,4,1,"15,11,6,11,11|13,5,11,2,7",QR2,GRAND_SLAM,MS,1758,Qualification,LIVENTSOV Alexey (RUS),SEHIC Adnan (BIH),,,4 - 1,15:13 11:5 6:11 11:2 11:7,LIVENTSOV Alexey,2005
German Open Magdeburg 2005,2005-11-09,LIVENTSOV Alexey,ROBERTSON Adam,RUS,WAL,4,3,"6,12,9,11,13,11,11|11,10,11,7,15,3,5",3,GRAND_SLAM,MS,1758,Qualification,LIVENTSOV Alexey (RUS),ROBERTSON Adam (WAL),,,4 - 3,6:11 12:10 9:11 11:7 13:15 11:3 11:5,LIVENTSOV Alexey,2005
German Open Magdeburg 2005,2005-11-09,KONGSGAARD Christian,OBESLO Michal,DEN,CZE,4,3,"11,7,11,11,11,7,11|6,11,13,6,7,11,9",,GRAND_SLAM,MS,1758,Qualification,KONGSGAARD Christian (DEN),OBESLO Michal (CZE),,,4 - 3,11:6 7:11 11:13 11:6 11:7 7:11 11:9,KONGSGAARD Christian,2005
German Open Magdeburg 2005,2005-11-09,KIHO Shinnosuke,OBESLO Michal,JPN,CZE,4,0,"11,11,11,11|7,8,6,6",QR2,GRAND_SLAM,MS,1758,Qualification,KIHO Shinnosuke (JPN),OBESLO Michal (CZE),,,4 - 0,11:7 11:8 11:6 11:6,KIHO Shinnosuke,2005
German Open Magdeburg 2005,2005-11-09,KIHO Shinnosuke,KONGSGAARD Christian,JPN,DEN,4,2,"13,9,11,9,11,12|11,11,4,11,6,10",3,GRAND_SLAM,MS,1758,Qualification,KIHO Shinnosuke (JPN),KONGSGAARD Christian (DEN),,,4 - 2,13:11 9:11 11:4 9:11 11:6 12:10,KIHO Shinnosuke,2005
German Open Magdeburg 2005,2005-11-09,BAUM Patrick,SIDOROVS Igors,GER,LAT,4,0,"11,11,11,13|7,9,7,11",,GRAND_SLAM,MS,1758,Qualification,BAUM Patrick (GER),SIDOROVS Igors (LAT),,,4 - 0,11:7 11:9 11:7 13:11,BAUM Patrick,2005
German Open Magdeburg 2005,2005-11-09,MONTEIRO Joao,SIDOROVS Igors,POR,LAT,4,1,"10,11,11,11,11|12,5,7,8,8",QR2,GRAND_SLAM,MS,1758,Qualification,MONTEIRO Joao (POR),SIDOROVS Igors (LAT),,,4 - 1,10:12 11:5 11:7 11:8 11:8,MONTEIRO Joao,2005
German Open Magdeburg 2005,2005-11-09,MONTEIRO Joao,BAUM Patrick,POR,GER,4,3,"11,5,11,12,11,5,11|9,11,8,14,8,11,9",3,GRAND_SLAM,MS,1758,Qualification,MONTEIRO Joao (POR),BAUM Patrick (GER),,,4 - 3,11:9 5:11 11:8 12:14 11:8 5:11 11:9,MONTEIRO Joao,2005
German Open Magdeburg 2005,2005-11-09,TAKAKIWA Kenichi,FERNANDO Chamara,JPN,AUS,4,0,"11,11,11,13|8,3,7,11",,GRAND_SLAM,MS,1758,Qualification,TAKAKIWA Kenichi (JPN),FERNANDO Chamara (AUS),,,4 - 0,11:8 11:3 11:7 13:11,TAKAKIWA Kenichi,2005
German Open Magdeburg 2005,2005-11-09,MOLDOVAN Istvan,FERNANDO Chamara,NOR,AUS,4,0,"13,11,11,11|11,5,9,6",QR2,GRAND_SLAM,MS,1758,Qualification,MOLDOVAN Istvan (NOR),FERNANDO Chamara (AUS),,,4 - 0,13:11 11:5 11:9 11:6,MOLDOVAN Istvan,2005
German Open Magdeburg 2005,2005-11-09,TAKAKIWA Kenichi,MOLDOVAN Istvan,JPN,NOR,4,3,"7,11,7,11,9,13,11|11,8,11,8,11,11,7",3,GRAND_SLAM,MS,1758,Qualification,TAKAKIWA Kenichi (JPN),MOLDOVAN Istvan (NOR),,,3 - 4,11:7 8:11 11:7 8:11 11:9 11:13 7:11,TAKAKIWA Kenichi,2005
German Open Magdeburg 2005,2005-11-09,TANG Peng,HENZELL William,HKG,AUS,4,2,"6,9,11,11,11,11|11,11,8,9,3,8",,GRAND_SLAM,MS,1758,Qualification,TANG Peng (HKG),HENZELL William (AUS),,,2 - 4,11:6 11:9 8:11 9:11 3:11 8:11,TANG Peng,2005
German Open Magdeburg 2005,2005-11-09,TANG Peng,SCHLICHTER Jorg,HKG,GER,4,2,"8,11,11,11,11,11|11,13,7,8,2,9",QR2,GRAND_SLAM,MS,1758,Qualification,TANG Peng (HKG),SCHLICHTER Jorg (GER),,,2 - 4,11:8 13:11 7:11 8:11 2:11 9:11,TANG Peng,2005
German Open Magdeburg 2005,2005-11-09,HENZELL William,SCHLICHTER Jorg,AUS,GER,4,0,"11,11,11,11|6,5,7,9",3,GRAND_SLAM,MS,1758,Qualification,HENZELL William (AUS),SCHLICHTER Jorg (GER),,,0 - 4,6:11 5:11 7:11 9:11,HENZELL William,2005
German Open Magdeburg 2005,2005-11-09,JIANG Tianyi,FAN Guoliang,HKG,ESP,4,0,"11,11,12,11|3,3,10,4",,GRAND_SLAM,MS,1758,Qualification,JIANG Tianyi (HKG),FAN Guoliang (ESP),,,0 - 4,3:11 3:11 10:12 4:11,JIANG Tianyi,2005
German Open Magdeburg 2005,2005-11-09,JIANG Tianyi,BERTIN Christophe,HKG,FRA,4,2,"11,10,8,12,11,14|8,12,11,10,1,12",QR2,GRAND_SLAM,MS,1758,Qualification,JIANG Tianyi (HKG),BERTIN Christophe (FRA),,,2 - 4,8:11 12:10 11:8 10:12 1:11 12:14,JIANG Tianyi,2005
German Open Magdeburg 2005,2005-11-09,FAN Guoliang,BERTIN Christophe,ESP,FRA,4,1,"11,11,5,11,11|6,9,11,5,9",3,GRAND_SLAM,MS,1758,Qualification,FAN Guoliang (ESP),BERTIN Christophe (FRA),,,1 - 4,6:11 9:11 11:5 5:11 9:11,FAN Guoliang,2005
German Open Magdeburg 2005,2005-11-09,VOZICKY Bohumil,BEN ARI Omri,CZE,ISR,4,0,"12,11,11,11|10,2,6,7",,GRAND_SLAM,MS,1758,Qualification,VOZICKY Bohumil (CZE),BEN ARI Omri (ISR),,,4 - 0,12:10 11:2 11:6 11:7,VOZICKY Bohumil,2005
German Open Magdeburg 2005,2005-11-09,RUBTSOV Igor,BEN ARI Omri,RUS,ISR,4,0,"11,11,12,11|4,6,10,4",QR2,GRAND_SLAM,MS,1758,Qualification,RUBTSOV Igor (RUS),BEN ARI Omri (ISR),,,4 - 0,11:4 11:6 12:10 11:4,RUBTSOV Igor,2005
German Open Magdeburg 2005,2005-11-09,VOZICKY Bohumil,RUBTSOV Igor,CZE,RUS,4,2,"11,11,8,7,11,11|7,9,11,11,4,5",3,GRAND_SLAM,MS,1758,Qualification,VOZICKY Bohumil (CZE),RUBTSOV Igor (RUS),,,2 - 4,7:11 9:11 11:8 11:7 4:11 5:11,VOZICKY Bohumil,2005
German Open Magdeburg 2005,2005-11-09,MILICEVIC Srdan,THEISSMANN Thomas,BIH,GER,4,3,"11,11,7,11,9,8,11|9,9,11,4,11,11,8",,GRAND_SLAM,MS,1758,Qualification,MILICEVIC Srdan (BIH),THEISSMANN Thomas (GER),,,4 - 3,11:9 11:9 7:11 11:4 9:11 8:11 11:8,MILICEVIC Srdan,2005
German Open Magdeburg 2005,2005-11-09,SAKAMOTO Ryusuke,THEISSMANN Thomas,JPN,GER,4,1,"11,11,12,9,11|5,9,10,11,7",QR2,GRAND_SLAM,MS,1758,Qualification,SAKAMOTO Ryusuke (JPN),THEISSMANN Thomas (GER),,,4 - 1,11:5 11:9 12:10 9:11 11:7,SAKAMOTO Ryusuke,2005
German Open Magdeburg 2005,2005-11-09,SAKAMOTO Ryusuke,MILICEVIC Srdan,JPN,BIH,4,2,"11,8,11,11,5,11|5,11,6,9,11,7",3,GRAND_SLAM,MS,1758,Qualification,SAKAMOTO Ryusuke (JPN),MILICEVIC Srdan (BIH),,,4 - 2,11:5 8:11 11:6 11:9 5:11 11:7,SAKAMOTO Ryusuke,2005
German Open Magdeburg 2005,2005-11-09,MACHADO Carlos,MUCA Mario,ESP,ALB,4,0,,,GRAND_SLAM,MS,1758,Qualification,MACHADO Carlos (ESP),MUCA Mario (ALB),,,4 - 0,,MACHADO Carlos,2005
German Open Magdeburg 2005,2005-11-09,KIM Junghoon,MUCA Mario,KOR,ALB,4,0,,QR2,GRAND_SLAM,MS,1758,Qualification,KIM Junghoon (KOR),MUCA Mario (ALB),,,4 - 0,,KIM Junghoon,2005
German Open Magdeburg 2005,2005-11-09,KIM Junghoon,MACHADO Carlos,KOR,ESP,4,2,"9,12,11,4,13,11|11,10,5,11,11,5",3,GRAND_SLAM,MS,1758,Qualification,KIM Junghoon (KOR),MACHADO Carlos (ESP),,,4 - 2,9:11 12:10 11:5 4:11 13:11 11:5,KIM Junghoon,2005
German Open Magdeburg 2005,2005-11-09,KOSOWSKI Jakub,MAREK David,POL,CZE,4,1,"4,11,11,11,11|11,3,7,4,6",,GRAND_SLAM,MS,1758,Qualification,KOSOWSKI Jakub (POL),MAREK David (CZE),,,4 - 1,4:11 11:3 11:7 11:4 11:6,KOSOWSKI Jakub,2005
German Open Magdeburg 2005,2005-11-09,DEMETER Lehel,MAREK David,HUN,CZE,4,0,"11,13,11,11|9,11,9,6",QR2,GRAND_SLAM,MS,1758,Qualification,DEMETER Lehel (HUN),MAREK David (CZE),,,4 - 0,11:9 13:11 11:9 11:6,DEMETER Lehel,2005
German Open Magdeburg 2005,2005-11-09,KOSOWSKI Jakub,DEMETER Lehel,POL,HUN,4,2,"14,4,11,7,11,11|12,11,8,11,7,7",3,GRAND_SLAM,MS,1758,Qualification,KOSOWSKI Jakub (POL),DEMETER Lehel (HUN),,,2 - 4,12:14 11:4 8:11 11:7 7:11 7:11,KOSOWSKI Jakub,2005
German Open Magdeburg 2005,2005-11-09,OVTCHAROV Dimitrij,CASAS Jacques Orlando,GER,USA,4,0,"11,11,11,13|4,2,9,11",,GRAND_SLAM,MS,1758,Qualification,OVTCHAROV Dimitrij (GER),CASAS Jacques Orlando (USA),,,4 - 0,11:4 11:2 11:9 13:11,OVTCHAROV Dimitrij,2005
German Open Magdeburg 2005,2005-11-09,CIHAK Marek,CASAS Jacques Orlando,CZE,USA,4,0,"11,11,11,11|6,7,2,4",QR2,GRAND_SLAM,MS,1758,Qualification,CIHAK Marek (CZE),CASAS Jacques Orlando (USA),,,4 - 0,11:6 11:7 11:2 11:4,CIHAK Marek,2005
German Open Magdeburg 2005,2005-11-09,OVTCHAROV Dimitrij,CIHAK Marek,GER,CZE,4,3,"4,11,11,9,11,4,11|11,4,9,11,9,11,8",3,GRAND_SLAM,MS,1758,Qualification,OVTCHAROV Dimitrij (GER),CIHAK Marek (CZE),,,3 - 4,11:4 4:11 9:11 11:9 9:11 11:4 8:11,OVTCHAROV Dimitrij,2005
German Open Magdeburg 2005,2005-11-09,SORENSEN Mads,VRABLIK Jiri,DEN,CZE,4,1,"12,11,11,8,11|10,6,5,11,6",,GRAND_SLAM,MS,1758,Qualification,SORENSEN Mads (DEN),VRABLIK Jiri (CZE),,,4 - 1,12:10 11:6 11:5 8:11 11:6,SORENSEN Mads,2005
German Open Magdeburg 2005,2005-11-09,BOBILLIER Loic,VRABLIK Jiri,FRA,CZE,4,2,"11,10,11,11,9,11|4,12,8,9,11,9",QR2,GRAND_SLAM,MS,1758,Qualification,BOBILLIER Loic (FRA),VRABLIK Jiri (CZE),,,4 - 2,11:4 10:12 11:8 11:9 9:11 11:9,BOBILLIER Loic,2005
German Open Magdeburg 2005,2005-11-09,SORENSEN Mads,BOBILLIER Loic,DEN,FRA,4,1,"11,11,14,7,11|8,5,12,11,7",3,GRAND_SLAM,MS,1758,Qualification,SORENSEN Mads (DEN),BOBILLIER Loic (FRA),,,1 - 4,8:11 5:11 12:14 11:7 7:11,SORENSEN Mads,2005
German Open Magdeburg 2005,2005-11-09,SVENSSON Robert,TELIISKI Georgi,SWE,BUL,4,0,"11,11,11,11|8,2,3,4",,GRAND_SLAM,MS,1758,Qualification,SVENSSON Robert (SWE),TELIISKI Georgi (BUL),,,4 - 0,11:8 11:2 11:3 11:4,SVENSSON Robert,2005
German Open Magdeburg 2005,2005-11-09,LINDNER Adam,TELIISKI Georgi,HUN,BUL,4,0,"11,13,11,11|3,11,8,6",QR2,GRAND_SLAM,MS,1758,Qualification,LINDNER Adam (HUN),TELIISKI Georgi (BUL),,,4 - 0,11:3 13:11 11:8 11:6,LINDNER Adam,2005
German Open Magdeburg 2005,2005-11-09,SVENSSON Robert,LINDNER Adam,SWE,HUN,4,2,"11,11,12,9,11,11|13,4,10,11,8,8",3,GRAND_SLAM,MS,1758,Qualification,SVENSSON Robert (SWE),LINDNER Adam (HUN),,,2 - 4,13:11 4:11 10:12 11:9 8:11 8:11,SVENSSON Robert,2005
German Open Magdeburg 2005,2005-11-09,KAMBEROV Radoslav,MARKOVIC Rade,BUL,SRB,4,0,,,GRAND_SLAM,MS,1758,Qualification,KAMBEROV Radoslav (BUL),MARKOVIC Rade (SRB),,,0 - 4,,KAMBEROV Radoslav,2005
German Open Magdeburg 2005,2005-11-09,TORRES Daniel,KAMBEROV Radoslav,ESP,BUL,4,1,"9,11,11,11,11|11,7,6,6,3",QR2,GRAND_SLAM,MS,1758,Qualification,TORRES Daniel (ESP),KAMBEROV Radoslav (BUL),,,4 - 1,9:11 11:7 11:6 11:6 11:3,TORRES Daniel,2005
German Open Magdeburg 2005,2005-11-09,TORRES Daniel,MARKOVIC Rade,ESP,SRB,4,0,,3,GRAND_SLAM,MS,1758,Qualification,TORRES Daniel (ESP),MARKOVIC Rade (SRB),,,4 - 0,,TORRES Daniel,2005
German Open Magdeburg 2005,2005-11-09,SIMONER Christoph,LI Ping,AUT,QAT,4,1,"11,11,12,11,13|7,5,14,5,11",,GRAND_SLAM,MS,1758,Qualification,SIMONER Christoph (AUT),LI Ping (QAT),,,4 - 1,11:7 11:5 12:14 11:5 13:11,SIMONER Christoph,2005
German Open Magdeburg 2005,2005-11-09,LI Ping,ZWICKL Daniel,QAT,HUN,4,1,"13,9,11,11,11|11,11,7,8,9",QR2,GRAND_SLAM,MS,1758,Qualification,LI Ping (QAT),ZWICKL Daniel (HUN),,,1 - 4,11:13 11:9 7:11 8:11 9:11,LI Ping,2005
German Open Magdeburg 2005,2005-11-09,ZWICKL Daniel,SIMONER Christoph,HUN,AUT,4,3,"9,11,11,8,6,11,11|11,5,8,11,11,7,6",3,GRAND_SLAM,MS,1758,Qualification,ZWICKL Daniel (HUN),SIMONER Christoph (AUT),,,4 - 3,9:11 11:5 11:8 8:11 6:11 11:7 11:6,ZWICKL Daniel,2005
German Open Magdeburg 2005,2005-11-09,FETH Stefan,PANIC Sasa,GER,BIH,4,0,"11,11,11,11|5,5,4,6",,GRAND_SLAM,MS,1758,Qualification,FETH Stefan (GER),PANIC Sasa (BIH),,,4 - 0,11:5 11:5 11:4 11:6,FETH Stefan,2005
German Open Magdeburg 2005,2005-11-09,LEE Jungsam,SIMULESCU Eugen,KOR,ROU,4,0,"11,11,11,11|5,8,3,5",QR2,GRAND_SLAM,MS,1758,Qualification,LEE Jungsam (KOR),SIMULESCU Eugen (ROU),,,4 - 0,11:5 11:8 11:3 11:5,LEE Jungsam,2005
German Open Magdeburg 2005,2005-11-09,LEE Jungsam,PANIC Sasa,KOR,BIH,4,0,"11,11,11,11|7,7,6,3",3,GRAND_SLAM,MS,1758,Qualification,LEE Jungsam (KOR),PANIC Sasa (BIH),,,4 - 0,11:7 11:7 11:6 11:3,LEE Jungsam,2005
German Open Magdeburg 2005,2005-11-09,FETH Stefan,SIMULESCU Eugen,GER,ROU,4,0,"11,11,11,11|5,3,7,6",QR4,GRAND_SLAM,MS,1758,Qualification,FETH Stefan (GER),SIMULESCU Eugen (ROU),,,4 - 0,11:5 11:3 11:7 11:6,FETH Stefan,2005
German Open Magdeburg 2005,2005-11-09,LEE Jungsam,FETH Stefan,KOR,GER,4,1,"13,14,11,13,11|15,12,8,11,4",5,GRAND_SLAM,MS,1758,Qualification,LEE Jungsam (KOR),FETH Stefan (GER),,,4 - 1,13:15 14:12 11:8 13:11 11:4,LEE Jungsam,2005
German Open Magdeburg 2005,2005-11-09,SIMULESCU Eugen,PANIC Sasa,ROU,BIH,4,2,"2,10,11,11,13,11|11,12,6,6,11,8",6,GRAND_SLAM,MS,1758,Qualification,SIMULESCU Eugen (ROU),PANIC Sasa (BIH),,,2 - 4,11:2 12:10 6:11 6:11 11:13 8:11,SIMULESCU Eugen,2005
German Open Magdeburg 2005,2005-11-09,CARNEROS Alfredo,VUKELIC Boris,ESP,SRB,4,2,"9,7,11,11,11,12|11,11,8,9,9,10",,GRAND_SLAM,MS,1758,Qualification,CARNEROS Alfredo (ESP),VUKELIC Boris (SRB),,,4 - 2,9:11 7:11 11:8 11:9 11:9 12:10,CARNEROS Alfredo,2005
German Open Magdeburg 2005,2005-11-09,PIACENTINI Valentino,TERNIQI Arjon,ITA,ALB,4,0,,QR2,GRAND_SLAM,MS,1758,Qualification,PIACENTINI Valentino (ITA),TERNIQI Arjon (ALB),,,4 - 0,,PIACENTINI Valentino,2005
German Open Magdeburg 2005,2005-11-09,PIACENTINI Valentino,VUKELIC Boris,ITA,SRB,4,0,"11,11,17,11|8,7,15,7",3,GRAND_SLAM,MS,1758,Qualification,PIACENTINI Valentino (ITA),VUKELIC Boris (SRB),,,4 - 0,11:8 11:7 17:15 11:7,PIACENTINI Valentino,2005
German Open Magdeburg 2005,2005-11-09,CARNEROS Alfredo,TERNIQI Arjon,ESP,ALB,4,0,,QR4,GRAND_SLAM,MS,1758,Qualification,CARNEROS Alfredo (ESP),TERNIQI Arjon (ALB),,,4 - 0,,CARNEROS Alfredo,2005
German Open Magdeburg 2005,2005-11-09,CARNEROS Alfredo,PIACENTINI Valentino,ESP,ITA,4,2,"4,11,11,9,11,11|11,8,8,11,4,4",5,GRAND_SLAM,MS,1758,Qualification,CARNEROS Alfredo (ESP),PIACENTINI Valentino (ITA),,,2 - 4,11:4 8:11 8:11 11:9 4:11 4:11,CARNEROS Alfredo,2005
German Open Magdeburg 2005,2005-11-09,VUKELIC Boris,TERNIQI Arjon,SRB,ALB,4,0,,6,GRAND_SLAM,MS,1758,Qualification,VUKELIC Boris (SRB),TERNIQI Arjon (ALB),,,4 - 0,,VUKELIC Boris,2005
German Open Magdeburg 2005,2005-11-09,STENBERG Marten,KITTENBERGER Hiroshi,SWE,AUT,4,1,"11,11,11,10,11|6,5,0,12,8",,GRAND_SLAM,MS,1758,Qualification,STENBERG Marten (SWE),KITTENBERGER Hiroshi (AUT),,,4 - 1,11:6 11:5 11:0 10:12 11:8,STENBERG Marten,2005
German Open Magdeburg 2005,2005-11-09,JAKAB Janos,GREEN Wally,HUN,USA,4,0,"11,11,11,11|7,7,5,3",QR2,GRAND_SLAM,MS,1758,Qualification,JAKAB Janos (HUN),GREEN Wally (USA),,,4 - 0,11:7 11:7 11:5 11:3,JAKAB Janos,2005
German Open Magdeburg 2005,2005-11-09,JAKAB Janos,KITTENBERGER Hiroshi,HUN,AUT,4,0,"11,11,11,11|8,6,9,9",3,GRAND_SLAM,MS,1758,Qualification,JAKAB Janos (HUN),KITTENBERGER Hiroshi (AUT),,,4 - 0,11:8 11:6 11:9 11:9,JAKAB Janos,2005
German Open Magdeburg 2005,2005-11-09,STENBERG Marten,GREEN Wally,SWE,USA,4,0,"11,11,11,11|4,8,9,8",QR4,GRAND_SLAM,MS,1758,Qualification,STENBERG Marten (SWE),GREEN Wally (USA),,,4 - 0,11:4 11:8 11:9 11:8,STENBERG Marten,2005
German Open Magdeburg 2005,2005-11-09,STENBERG Marten,JAKAB Janos,SWE,HUN,4,3,"14,11,9,8,11,5,12|12,6,11,11,7,11,10",5,GRAND_SLAM,MS,1758,Qualification,STENBERG Marten (SWE),JAKAB Janos (HUN),,,3 - 4,12:14 6:11 11:9 11:8 7:11 11:5 10:12,STENBERG Marten,2005
German Open Magdeburg 2005,2005-11-09,KITTENBERGER Hiroshi,GREEN Wally,AUT,USA,4,0,"11,11,13,11|8,1,11,9",6,GRAND_SLAM,MS,1758,Qualification,KITTENBERGER Hiroshi (AUT),GREEN Wally (USA),,,4 - 0,11:8 11:1 13:11 11:9,KITTENBERGER Hiroshi,2005
German Open Magdeburg 2005,2005-11-09,BOLL Timo,TOKIC Bojan,GER,SLO,4,0,"11,15,11,11|3,13,4,3",R64,GRAND_SLAM,MS,1758,Main Draw,BOLL Timo (GER),TOKIC Bojan (SLO),,,4 - 0,11:3 15:13 11:4 11:3,BOLL Timo,2005
German Open Magdeburg 2005,2005-11-09,FRANZ Peter,GARDOS Robert,GER,AUT,4,1,"11,11,8,12,11|6,8,11,10,5",R64,GRAND_SLAM,MS,1758,Main Draw,FRANZ Peter (GER),GARDOS Robert (AUT),,,1 - 4,6:11 8:11 11:8 10:12 5:11,FRANZ Peter,2005
German Open Magdeburg 2005,2005-11-09,KEEN Trinko,PLACHY Josef,NED,CZE,4,2,"10,11,11,9,11,11|12,8,3,11,4,5",R64,GRAND_SLAM,MS,1758,Main Draw,KEEN Trinko (NED),PLACHY Josef (CZE),,,4 - 2,10:12 11:8 11:3 9:11 11:4 11:5,KEEN Trinko,2005
German Open Magdeburg 2005,2005-11-09,MAZE Michael,DIDUKH Oleksandr,DEN,UKR,4,0,"11,11,11,11|6,4,2,2",R64,GRAND_SLAM,MS,1758,Main Draw,MAZE Michael (DEN),DIDUKH Oleksandr (UKR),,,0 - 4,6:11 4:11 2:11 2:11,MAZE Michael,2005
German Open Magdeburg 2005,2005-11-09,KORBEL Petr,CHOI Hyunjin,CZE,KOR,4,1,"11,11,11,12,11|3,13,9,10,8",R64,GRAND_SLAM,MS,1758,Main Draw,KORBEL Petr (CZE),CHOI Hyunjin (KOR),,,4 - 1,11:3 11:13 11:9 12:10 11:8,KORBEL Petr,2005
German Open Magdeburg 2005,2005-11-09,STEGER Bastian,FREITAS Marcos,GER,POR,4,2,"11,8,9,11,11,11|5,11,11,3,4,9",R64,GRAND_SLAM,MS,1758,Main Draw,STEGER Bastian (GER),FREITAS Marcos (POR),,,2 - 4,5:11 11:8 11:9 3:11 4:11 9:11,STEGER Bastian,2005
German Open Magdeburg 2005,2005-11-09,LEGOUT Christophe,LIVENTSOV Alexey,FRA,RUS,4,2,"11,7,13,7,11,11|7,11,11,11,8,6",R64,GRAND_SLAM,MS,1758,Main Draw,LEGOUT Christophe (FRA),LIVENTSOV Alexey (RUS),,,4 - 2,11:7 7:11 13:11 7:11 11:8 11:6,LEGOUT Christophe,2005
German Open Magdeburg 2005,2005-11-09,CRISAN Adrian,OLEJNIK Martin,ROU,CZE,4,3,"11,12,13,11,14,5,11|9,14,15,6,12,11,9",R64,GRAND_SLAM,MS,1758,Main Draw,CRISAN Adrian (ROU),OLEJNIK Martin (CZE),,,3 - 4,9:11 14:12 15:13 6:11 12:14 11:5 9:11,CRISAN Adrian,2005
German Open Magdeburg 2005,2005-11-09,CHUANG Chih-Yuan,YOON Jaeyoung,TPE,KOR,4,1,"10,11,11,11,12|12,5,9,7,10",R64,GRAND_SLAM,MS,1758,Main Draw,CHUANG Chih-Yuan (TPE),YOON Jaeyoung (KOR),,,4 - 1,10:12 11:5 11:9 11:7 12:10,CHUANG Chih-Yuan,2005
German Open Magdeburg 2005,2005-11-09,SUSS Christian,AXELQVIST Johan,GER,SWE,4,1,"9,11,11,11,11|11,4,7,5,8",R64,GRAND_SLAM,MS,1758,Main Draw,SUSS Christian (GER),AXELQVIST Johan (SWE),,,1 - 4,11:9 4:11 7:11 5:11 8:11,SUSS Christian,2005
German Open Magdeburg 2005,2005-11-09,MA Long,WANG Zengyi,CHN,POL,4,1,"11,11,12,11,12|8,4,14,9,10",R64,GRAND_SLAM,MS,1758,Main Draw,MA Long (CHN),WANG Zengyi (POL),,,4 - 1,11:8 11:4 12:14 11:9 12:10,MA Long,2005
German Open Magdeburg 2005,2005-11-09,KUSINSKI Marcin,HIELSCHER Lars,POL,GER,4,0,"11,11,11,11|8,7,6,5",R64,GRAND_SLAM,MS,1758,Main Draw,KUSINSKI Marcin (POL),HIELSCHER Lars (GER),,,4 - 0,11:8 11:7 11:6 11:5,KUSINSKI Marcin,2005
German Open Magdeburg 2005,2005-11-09,SCHLAGER Werner,PISTEJ Lubomir,AUT,SVK,4,0,"11,11,11,11|7,5,9,4",R64,GRAND_SLAM,MS,1758,Main Draw,SCHLAGER Werner (AUT),PISTEJ Lubomir (SVK),,,4 - 0,11:7 11:5 11:9 11:4,SCHLAGER Werner,2005
German Open Magdeburg 2005,2005-11-09,BLASZCZYK Lucjan,CHTCHETININE Evgueni,POL,BLR,4,0,"11,11,11,11|4,7,9,3",R64,GRAND_SLAM,MS,1758,Main Draw,BLASZCZYK Lucjan (POL),CHTCHETININE Evgueni (BLR),,,0 - 4,4:11 7:11 9:11 3:11,BLASZCZYK Lucjan,2005
German Open Magdeburg 2005,2005-11-09,LIN Ju,GERELL Par,DOM,SWE,4,1,"11,6,13,11,11|3,11,11,8,7",R64,GRAND_SLAM,MS,1758,Main Draw,LIN Ju (DOM),GERELL Par (SWE),,,4 - 1,11:3 6:11 13:11 11:8 11:7,LIN Ju,2005
German Open Magdeburg 2005,2005-11-09,OH Sangeun,HAKANSSON Fredrik,KOR,SWE,4,0,"11,14,11,11|3,12,4,3",R64,GRAND_SLAM,MS,1758,Main Draw,OH Sangeun (KOR),HAKANSSON Fredrik (SWE),,,0 - 4,3:11 12:14 4:11 3:11,OH Sangeun,2005
German Open Magdeburg 2005,2005-11-09,RYU Seungmin,YOSHIDA Kaii,KOR,JPN,4,1,"9,11,11,11,11|11,3,7,9,7",R64,GRAND_SLAM,MS,1758,Main Draw,RYU Seungmin (KOR),YOSHIDA Kaii (JPN),,,4 - 1,9:11 11:3 11:7 11:9 11:7,RYU Seungmin,2005
German Open Magdeburg 2005,2005-11-09,ZHANG Chao,FENG Zhe,CHN,BUL,4,0,"11,11,13,11|6,9,11,7",R64,GRAND_SLAM,MS,1758,Main Draw,ZHANG Chao (CHN),FENG Zhe (BUL),,,4 - 0,11:6 11:9 13:11 11:7,ZHANG Chao,2005
German Open Magdeburg 2005,2005-11-09,KARAKASEVIC Aleksandar,LEUNG Chu Yan,SRB,HKG,4,3,"9,7,11,11,7,11,11|11,11,7,6,11,7,4",R64,GRAND_SLAM,MS,1758,Main Draw,KARAKASEVIC Aleksandar (SRB),LEUNG Chu Yan (HKG),,,3 - 4,11:9 11:7 7:11 6:11 11:7 7:11 4:11,KARAKASEVIC Aleksandar,2005
German Open Magdeburg 2005,2005-11-09,HAO Shuai,CHO Jihoon,CHN,KOR,4,0,"17,11,11,11|15,8,2,7",R64,GRAND_SLAM,MS,1758,Main Draw,HAO Shuai (CHN),CHO Jihoon (KOR),,,0 - 4,15:17 8:11 2:11 7:11,HAO Shuai,2005
German Open Magdeburg 2005,2005-11-09,SMIRNOV Alexey,ERLANDSEN Geir,RUS,NOR,4,0,"11,11,11,11|9,8,6,5",R64,GRAND_SLAM,MS,1758,Main Draw,SMIRNOV Alexey (RUS),ERLANDSEN Geir (NOR),,,4 - 0,11:9 11:8 11:6 11:5,SMIRNOV Alexey,2005
German Open Magdeburg 2005,2005-11-09,TANG Peng,WOSIK Torben,HKG,GER,4,2,"12,8,12,11,7,11|10,11,10,9,11,4",R64,GRAND_SLAM,MS,1758,Main Draw,TANG Peng (HKG),WOSIK Torben (GER),,,4 - 2,12:10 8:11 12:10 11:9 7:11 11:4,TANG Peng,2005
German Open Magdeburg 2005,2005-11-09,FEJER-KONNERTH Zoltan,STENBERG Mattias,GER,SWE,4,3,"13,5,8,10,11,12,11|11,11,11,12,6,10,9",R64,GRAND_SLAM,MS,1758,Main Draw,FEJER-KONNERTH Zoltan (GER),STENBERG Mattias (SWE),,,4 - 3,13:11 5:11 8:11 10:12 11:6 12:10 11:9,FEJER-KONNERTH Zoltan,2005
German Open Magdeburg 2005,2005-11-09,SHMYREV Maxim,LIU Guozheng,RUS,CHN,4,3,"12,11,3,11,10,4,12|10,6,11,5,12,11,10",R64,GRAND_SLAM,MS,1758,Main Draw,SHMYREV Maxim (RUS),LIU Guozheng (CHN),,,4 - 3,12:10 11:6 3:11 11:5 10:12 4:11 12:10,SHMYREV Maxim,2005
German Open Magdeburg 2005,2005-11-09,CHEN Weixing,KEINATH Thomas,AUT,SVK,4,0,"11,12,11,11|6,10,7,8",R64,GRAND_SLAM,MS,1758,Main Draw,CHEN Weixing (AUT),KEINATH Thomas (SVK),,,4 - 0,11:6 12:10 11:7 11:8,CHEN Weixing,2005
German Open Magdeburg 2005,2005-11-09,GRUJIC Slobodan,JIANG Weizhong,SRB,CRO,4,1,"11,11,11,9,11|6,5,8,11,6",R64,GRAND_SLAM,MS,1758,Main Draw,GRUJIC Slobodan (SRB),JIANG Weizhong (CRO),,,1 - 4,6:11 5:11 8:11 11:9 6:11,GRUJIC Slobodan,2005
German Open Magdeburg 2005,2005-11-09,CHEUNG Yuk,PAZSY Ferenc,HKG,HUN,4,1,"14,11,11,13,14|12,5,4,15,12",R64,GRAND_SLAM,MS,1758,Main Draw,CHEUNG Yuk (HKG),PAZSY Ferenc (HUN),,,4 - 1,14:12 11:5 11:4 13:15 14:12,CHEUNG Yuk,2005
German Open Magdeburg 2005,2005-11-09,SAIVE Jean-Michel,LIM Jaehyun,BEL,KOR,4,3,"10,11,11,12,7,4,15|12,2,5,10,11,11,13",R64,GRAND_SLAM,MS,1758,Main Draw,SAIVE Jean-Michel (BEL),LIM Jaehyun (KOR),,,3 - 4,12:10 2:11 5:11 10:12 11:7 11:4 13:15,SAIVE Jean-Michel,2005
German Open Magdeburg 2005,2005-11-09,LEE Jungwoo,KISHIKAWA Seiya,KOR,JPN,4,0,"11,11,12,11|9,9,10,6",R64,GRAND_SLAM,MS,1758,Main Draw,LEE Jungwoo (KOR),KISHIKAWA Seiya (JPN),,,4 - 0,11:9 11:9 12:10 11:6,LEE Jungwoo,2005
German Open Magdeburg 2005,2005-11-09,GIONIS Panagiotis,KUZMIN Fedor,GRE,RUS,4,3,"9,3,11,4,11,11,14|11,11,9,11,9,9,12",R64,GRAND_SLAM,MS,1758,Main Draw,GIONIS Panagiotis (GRE),KUZMIN Fedor (RUS),,,4 - 3,9:11 3:11 11:9 4:11 11:9 11:9 14:12,GIONIS Panagiotis,2005
German Open Magdeburg 2005,2005-11-09,MIZUTANI Jun,LUNDQVIST Jens,JPN,SWE,4,0,"11,11,11,11|2,5,9,0",R64,GRAND_SLAM,MS,1758,Main Draw,MIZUTANI Jun (JPN),LUNDQVIST Jens (SWE),,,0 - 4,2:11 5:11 9:11 0:11,MIZUTANI Jun,2005
German Open Magdeburg 2005,2005-11-09,SAMSONOV Vladimir,VARGA Zoltan,BLR,HUN,4,0,"11,11,11,11|5,9,6,6",R64,GRAND_SLAM,MS,1758,Main Draw,SAMSONOV Vladimir (BLR),VARGA Zoltan (HUN),,,0 - 4,5:11 9:11 6:11 6:11,SAMSONOV Vladimir,2005
German Open Magdeburg 2005,2005-11-09,BOLL Timo,FRANZ Peter,GER,GER,4,0,"11,11,11,11|6,6,9,4",R32,GRAND_SLAM,MS,1758,Main Draw,BOLL Timo (GER),FRANZ Peter (GER),,,4 - 0,11:6 11:6 11:9 11:4,BOLL Timo,2005
German Open Magdeburg 2005,2005-11-09,MAZE Michael,KEEN Trinko,DEN,NED,4,0,"11,11,11,11|8,6,9,8",R32,GRAND_SLAM,MS,1758,Main Draw,MAZE Michael (DEN),KEEN Trinko (NED),,,0 - 4,8:11 6:11 9:11 8:11,MAZE Michael,2005
German Open Magdeburg 2005,2005-11-09,STEGER Bastian,KORBEL Petr,GER,CZE,4,0,"11,11,16,12|8,9,14,10",R32,GRAND_SLAM,MS,1758,Main Draw,STEGER Bastian (GER),KORBEL Petr (CZE),,,0 - 4,8:11 9:11 14:16 10:12,STEGER Bastian,2005
German Open Magdeburg 2005,2005-11-09,CRISAN Adrian,LEGOUT Christophe,ROU,FRA,4,2,"11,7,11,8,11,11|7,11,4,11,4,9",R32,GRAND_SLAM,MS,1758,Main Draw,CRISAN Adrian (ROU),LEGOUT Christophe (FRA),,,2 - 4,7:11 11:7 4:11 11:8 4:11 9:11,CRISAN Adrian,2005
German Open Magdeburg 2005,2005-11-09,CHUANG Chih-Yuan,SUSS Christian,TPE,GER,4,2,"8,10,11,11,11,11|11,12,3,6,8,7",R32,GRAND_SLAM,MS,1758,Main Draw,CHUANG Chih-Yuan (TPE),SUSS Christian (GER),,,4 - 2,8:11 10:12 11:3 11:6 11:8 11:7,CHUANG Chih-Yuan,2005
German Open Magdeburg 2005,2005-11-09,MA Long,KUSINSKI Marcin,CHN,POL,4,0,"11,11,11,13|7,6,8,11",R32,GRAND_SLAM,MS,1758,Main Draw,MA Long (CHN),KUSINSKI Marcin (POL),,,4 - 0,11:7 11:6 11:8 13:11,MA Long,2005
German Open Magdeburg 2005,2005-11-09,SCHLAGER Werner,BLASZCZYK Lucjan,AUT,POL,4,1,"11,9,11,11,11|6,11,8,6,7",R32,GRAND_SLAM,MS,1758,Main Draw,SCHLAGER Werner (AUT),BLASZCZYK Lucjan (POL),,,4 - 1,11:6 9:11 11:8 11:6 11:7,SCHLAGER Werner,2005
German Open Magdeburg 2005,2005-11-09,OH Sangeun,LIN Ju,KOR,DOM,4,2,"17,11,11,9,9,11|15,5,4,11,11,8",R32,GRAND_SLAM,MS,1758,Main Draw,OH Sangeun (KOR),LIN Ju (DOM),,,2 - 4,15:17 5:11 4:11 11:9 11:9 8:11,OH Sangeun,2005
German Open Magdeburg 2005,2005-11-09,RYU Seungmin,ZHANG Chao,KOR,CHN,4,1,"8,11,12,12,12|11,5,10,10,10",R32,GRAND_SLAM,MS,1758,Main Draw,RYU Seungmin (KOR),ZHANG Chao (CHN),,,4 - 1,8:11 11:5 12:10 12:10 12:10,RYU Seungmin,2005
German Open Magdeburg 2005,2005-11-09,KARAKASEVIC Aleksandar,HAO Shuai,SRB,CHN,4,2,"10,4,11,11,11,11|12,11,8,8,7,7",R32,GRAND_SLAM,MS,1758,Main Draw,KARAKASEVIC Aleksandar (SRB),HAO Shuai (CHN),,,4 - 2,10:12 4:11 11:8 11:8 11:7 11:7,KARAKASEVIC Aleksandar,2005
German Open Magdeburg 2005,2005-11-09,SMIRNOV Alexey,TANG Peng,RUS,HKG,4,2,"11,5,11,11,11,11|8,11,13,5,8,7",R32,GRAND_SLAM,MS,1758,Main Draw,SMIRNOV Alexey (RUS),TANG Peng (HKG),,,4 - 2,11:8 5:11 11:13 11:5 11:8 11:7,SMIRNOV Alexey,2005
German Open Magdeburg 2005,2005-11-09,FEJER-KONNERTH Zoltan,SHMYREV Maxim,GER,RUS,4,3,"11,8,11,11,7,8,11|8,11,8,5,11,11,8",R32,GRAND_SLAM,MS,1758,Main Draw,FEJER-KONNERTH Zoltan (GER),SHMYREV Maxim (RUS),,,4 - 3,11:8 8:11 11:8 11:5 7:11 8:11 11:8,FEJER-KONNERTH Zoltan,2005
German Open Magdeburg 2005,2005-11-09,CHEN Weixing,GRUJIC Slobodan,AUT,SRB,4,1,"7,11,11,11,11|11,7,8,8,6",R32,GRAND_SLAM,MS,1758,Main Draw,CHEN Weixing (AUT),GRUJIC Slobodan (SRB),,,4 - 1,7:11 11:7 11:8 11:8 11:6,CHEN Weixing,2005
German Open Magdeburg 2005,2005-11-09,CHEUNG Yuk,SAIVE Jean-Michel,HKG,BEL,4,1,"14,7,12,11,11|12,11,10,8,7",R32,GRAND_SLAM,MS,1758,Main Draw,CHEUNG Yuk (HKG),SAIVE Jean-Michel (BEL),,,4 - 1,14:12 7:11 12:10 11:8 11:7,CHEUNG Yuk,2005
German Open Magdeburg 2005,2005-11-09,LEE Jungwoo,GIONIS Panagiotis,KOR,GRE,4,3,"8,9,11,11,7,11,11|11,11,3,7,11,7,4",R32,GRAND_SLAM,MS,1758,Main Draw,LEE Jungwoo (KOR),GIONIS Panagiotis (GRE),,,4 - 3,8:11 9:11 11:3 11:7 7:11 11:7 11:4,LEE Jungwoo,2005
German Open Magdeburg 2005,2005-11-09,SAMSONOV Vladimir,MIZUTANI Jun,BLR,JPN,4,0,"11,11,11,11|9,5,4,3",R32,GRAND_SLAM,MS,1758,Main Draw,SAMSONOV Vladimir (BLR),MIZUTANI Jun (JPN),,,0 - 4,9:11 5:11 4:11 3:11,SAMSONOV Vladimir,2005
German Open Magdeburg 2005,2005-11-09,BOLL Timo,MAZE Michael,GER,DEN,4,2,"11,8,7,11,11,12|9,11,11,8,8,10",R16,GRAND_SLAM,MS,1758,Main Draw,BOLL Timo (GER),MAZE Michael (DEN),,,4 - 2,11:9 8:11 7:11 11:8 11:8 12:10,BOLL Timo,2005
German Open Magdeburg 2005,2005-11-09,CRISAN Adrian,STEGER Bastian,ROU,GER,4,3,"3,5,13,7,11,11,11|11,11,11,11,9,7,5",R16,GRAND_SLAM,MS,1758,Main Draw,CRISAN Adrian (ROU),STEGER Bastian (GER),,,3 - 4,11:3 11:5 11:13 11:7 9:11 7:11 5:11,CRISAN Adrian,2005
German Open Magdeburg 2005,2005-11-09,MA Long,CHUANG Chih-Yuan,CHN,TPE,4,0,"15,21,11,11|13,19,9,4",R16,GRAND_SLAM,MS,1758,Main Draw,MA Long (CHN),CHUANG Chih-Yuan (TPE),,,0 - 4,13:15 19:21 9:11 4:11,MA Long,2005
German Open Magdeburg 2005,2005-11-09,OH Sangeun,SCHLAGER Werner,KOR,AUT,4,1,"8,11,15,11,11|11,9,13,8,4",R16,GRAND_SLAM,MS,1758,Main Draw,OH Sangeun (KOR),SCHLAGER Werner (AUT),,,1 - 4,11:8 9:11 13:15 8:11 4:11,OH Sangeun,2005
German Open Magdeburg 2005,2005-11-09,KARAKASEVIC Aleksandar,RYU Seungmin,SRB,KOR,4,3,"11,11,7,3,11,11,11|7,13,11,11,4,5,8",R16,GRAND_SLAM,MS,1758,Main Draw,KARAKASEVIC Aleksandar (SRB),RYU Seungmin (KOR),,,3 - 4,7:11 13:11 11:7 11:3 4:11 5:11 8:11,KARAKASEVIC Aleksandar,2005
German Open Magdeburg 2005,2005-11-09,FEJER-KONNERTH Zoltan,SMIRNOV Alexey,GER,RUS,4,1,"11,9,11,11,11|4,11,9,5,4",R16,GRAND_SLAM,MS,1758,Main Draw,FEJER-KONNERTH Zoltan (GER),SMIRNOV Alexey (RUS),,,1 - 4,4:11 11:9 9:11 5:11 4:11,FEJER-KONNERTH Zoltan,2005
German Open Magdeburg 2005,2005-11-09,CHEUNG Yuk,CHEN Weixing,HKG,AUT,4,3,"11,11,9,12,7,11,11|6,8,11,10,11,13,8",R16,GRAND_SLAM,MS,1758,Main Draw,CHEUNG Yuk (HKG),CHEN Weixing (AUT),,,3 - 4,6:11 8:11 11:9 10:12 11:7 13:11 8:11,CHEUNG Yuk,2005
German Open Magdeburg 2005,2005-11-09,SAMSONOV Vladimir,LEE Jungwoo,BLR,KOR,4,2,"11,10,11,9,11,12|7,12,7,11,8,10",R16,GRAND_SLAM,MS,1758,Main Draw,SAMSONOV Vladimir (BLR),LEE Jungwoo (KOR),,,2 - 4,7:11 12:10 7:11 11:9 8:11 10:12,SAMSONOV Vladimir,2005
German Open Magdeburg 2005,2005-11-09,BOLL Timo,CRISAN Adrian,GER,ROU,4,0,"15,11,11,11|13,9,7,8",QuarterFinal,GRAND_SLAM,MS,1758,Main Draw,BOLL Timo (GER),CRISAN Adrian (ROU),,,4 - 0,15:13 11:9 11:7 11:8,BOLL Timo,2005
German Open Magdeburg 2005,2005-11-09,MA Long,OH Sangeun,CHN,KOR,4,2,"12,11,11,6,10,11|10,8,8,11,12,7",QuarterFinal,GRAND_SLAM,MS,1758,Main Draw,MA Long (CHN),OH Sangeun (KOR),,,4 - 2,12:10 11:8 11:8 6:11 10:12 11:7,MA Long,2005
German Open Magdeburg 2005,2005-11-09,FEJER-KONNERTH Zoltan,KARAKASEVIC Aleksandar,GER,SRB,4,3,"11,8,11,4,11,5,11|6,11,8,11,9,11,6",QuarterFinal,GRAND_SLAM,MS,1758,Main Draw,FEJER-KONNERTH Zoltan (GER),KARAKASEVIC Aleksandar (SRB),,,3 - 4,6:11 11:8 8:11 11:4 9:11 11:5 6:11,FEJER-KONNERTH Zoltan,2005
German Open Magdeburg 2005,2005-11-09,SAMSONOV Vladimir,CHEUNG Yuk,BLR,HKG,4,1,"15,11,9,13,13|13,6,11,11,11",QuarterFinal,GRAND_SLAM,MS,1758,Main Draw,SAMSONOV Vladimir (BLR),CHEUNG Yuk (HKG),,,1 - 4,13:15 6:11 11:9 11:13 11:13,SAMSONOV Vladimir,2005
German Open Magdeburg 2005,2005-11-09,MA Long,BOLL Timo,CHN,GER,4,1,"11,7,12,12,11|9,11,10,10,8",SemiFinal,GRAND_SLAM,MS,1758,Main Draw,MA Long (CHN),BOLL Timo (GER),,,1 - 4,9:11 11:7 10:12 10:12 8:11,MA Long,2005
German Open Magdeburg 2005,2005-11-09,SAMSONOV Vladimir,FEJER-KONNERTH Zoltan,BLR,GER,4,0,"11,11,11,11|8,9,8,9",SemiFinal,GRAND_SLAM,MS,1758,Main Draw,SAMSONOV Vladimir (BLR),FEJER-KONNERTH Zoltan (GER),,,0 - 4,8:11 9:11 8:11 9:11,SAMSONOV Vladimir,2005
German Open Magdeburg 2005,2005-11-09,SAMSONOV Vladimir,MA Long,BLR,CHN,4,3,"6,8,11,7,11,11,11|11,11,3,11,5,4,9",Final,GRAND_SLAM,MS,1758,Main Draw,SAMSONOV Vladimir (BLR),MA Long (CHN),,,3 - 4,11:6 11:8 3:11 11:7 5:11 4:11 9:11,SAMSONOV Vladimir,2005
German Open Magdeburg 2005,2005-11-09,STENBERG Mattias,SUCH Bartosz,SWE,POL,4,3,"11,9,10,11,18,7,11|8,11,12,7,16,11,5",QR64,GRAND_SLAM,MS,1758,Qualification,STENBERG Mattias (SWE),SUCH Bartosz (POL),,,3 - 4,8:11 11:9 12:10 7:11 16:18 11:7 5:11,STENBERG Mattias,2005
German Open Magdeburg 2005,2005-11-09,TOKIC Bojan,CARNEROS Alfredo,SLO,ESP,4,0,"11,13,11,11|6,11,5,8",QR64,GRAND_SLAM,MS,1758,Qualification,TOKIC Bojan (SLO),CARNEROS Alfredo (ESP),,,4 - 0,11:6 13:11 11:5 11:8,TOKIC Bojan,2005
German Open Magdeburg 2005,2005-11-09,KEINATH Thomas,LEE Jungsam,SVK,KOR,4,1,"11,8,12,11,11|6,11,10,5,8",QR64,GRAND_SLAM,MS,1758,Qualification,KEINATH Thomas (SVK),LEE Jungsam (KOR),,,4 - 1,11:6 8:11 12:10 11:5 11:8,KEINATH Thomas,2005
German Open Magdeburg 2005,2005-11-09,YOSHIDA Kaii,SIMONER Christoph,JPN,AUT,4,2,"13,8,5,14,11,11|11,11,11,12,7,3",QR64,GRAND_SLAM,MS,1758,Qualification,YOSHIDA Kaii (JPN),SIMONER Christoph (AUT),,,4 - 2,13:11 8:11 5:11 14:12 11:7 11:3,YOSHIDA Kaii,2005
German Open Magdeburg 2005,2005-11-09,YOON Jaeyoung,TORRES Daniel,KOR,ESP,4,0,"11,11,11,11|8,8,4,8",QR64,GRAND_SLAM,MS,1758,Qualification,YOON Jaeyoung (KOR),TORRES Daniel (ESP),,,4 - 0,11:8 11:8 11:4 11:8,YOON Jaeyoung,2005
German Open Magdeburg 2005,2005-11-09,WANG Zengyi,SVENSSON Robert,POL,SWE,4,0,"12,12,15,11|10,10,13,6",QR64,GRAND_SLAM,MS,1758,Qualification,WANG Zengyi (POL),SVENSSON Robert (SWE),,,4 - 0,12:10 12:10 15:13 11:6,WANG Zengyi,2005
German Open Magdeburg 2005,2005-11-09,ZHANG Chao,SORENSEN Mads,CHN,DEN,4,2,"4,11,11,13,9,11|11,6,4,11,11,4",QR64,GRAND_SLAM,MS,1758,Qualification,ZHANG Chao (CHN),SORENSEN Mads (DEN),,,4 - 2,4:11 11:6 11:4 13:11 9:11 11:4,ZHANG Chao,2005
German Open Magdeburg 2005,2005-11-09,LIM Jaehyun,OVTCHAROV Dimitrij,KOR,GER,4,3,"11,8,11,9,9,11,11|8,11,4,11,11,8,3",QR64,GRAND_SLAM,MS,1758,Qualification,LIM Jaehyun (KOR),OVTCHAROV Dimitrij (GER),,,4 - 3,11:8 8:11 11:4 9:11 9:11 11:8 11:3,LIM Jaehyun,2005
German Open Magdeburg 2005,2005-11-09,GIONIS Panagiotis,KOSOWSKI Jakub,GRE,POL,4,1,"11,14,12,15,11|7,16,10,13,9",QR64,GRAND_SLAM,MS,1758,Qualification,GIONIS Panagiotis (GRE),KOSOWSKI Jakub (POL),,,4 - 1,11:7 14:16 12:10 15:13 11:9,GIONIS Panagiotis,2005
German Open Magdeburg 2005,2005-11-09,HAKANSSON Fredrik,KIM Junghoon,SWE,KOR,4,3,"8,7,12,6,12,13,11|11,11,10,11,10,11,6",QR64,GRAND_SLAM,MS,1758,Qualification,HAKANSSON Fredrik (SWE),KIM Junghoon (KOR),,,4 - 3,8:11 7:11 12:10 6:11 12:10 13:11 11:6,HAKANSSON Fredrik,2005
German Open Magdeburg 2005,2005-11-09,SHMYREV Maxim,SAKAMOTO Ryusuke,RUS,JPN,4,0,"11,11,18,11|4,5,16,8",QR64,GRAND_SLAM,MS,1758,Qualification,SHMYREV Maxim (RUS),SAKAMOTO Ryusuke (JPN),,,4 - 0,11:4 11:5 18:16 11:8,SHMYREV Maxim,2005
German Open Magdeburg 2005,2005-11-09,ERLANDSEN Geir,VOZICKY Bohumil,NOR,CZE,4,3,"11,11,9,13,6,8,11|7,5,11,11,11,11,9",QR64,GRAND_SLAM,MS,1758,Qualification,ERLANDSEN Geir (NOR),VOZICKY Bohumil (CZE),,,4 - 3,11:7 11:5 9:11 13:11 6:11 8:11 11:9,ERLANDSEN Geir,2005
German Open Magdeburg 2005,2005-11-09,CHOI Hyunjin,JIANG Tianyi,KOR,HKG,4,0,"11,11,11,11|5,7,5,6",QR64,GRAND_SLAM,MS,1758,Qualification,CHOI Hyunjin (KOR),JIANG Tianyi (HKG),,,4 - 0,11:5 11:7 11:5 11:6,CHOI Hyunjin,2005
German Open Magdeburg 2005,2005-11-09,TANG Peng,ZHMUDENKO Yaroslav,HKG,UKR,4,1,"11,11,10,11,11|9,9,12,6,9",QR64,GRAND_SLAM,MS,1758,Qualification,TANG Peng (HKG),ZHMUDENKO Yaroslav (UKR),,,1 - 4,9:11 9:11 12:10 6:11 9:11,TANG Peng,2005
German Open Magdeburg 2005,2005-11-09,CHTCHETININE Evgueni,TAKAKIWA Kenichi,BLR,JPN,4,0,"11,11,11,11|4,7,7,5",QR64,GRAND_SLAM,MS,1758,Qualification,CHTCHETININE Evgueni (BLR),TAKAKIWA Kenichi (JPN),,,4 - 0,11:4 11:7 11:7 11:5,CHTCHETININE Evgueni,2005
German Open Magdeburg 2005,2005-11-09,PAZSY Ferenc,MONTEIRO Joao,HUN,POR,4,3,"11,11,7,3,11,10,11|4,6,11,11,8,12,7",QR64,GRAND_SLAM,MS,1758,Qualification,PAZSY Ferenc (HUN),MONTEIRO Joao (POR),,,4 - 3,11:4 11:6 7:11 3:11 11:8 10:12 11:7,PAZSY Ferenc,2005
German Open Magdeburg 2005,2005-11-09,CHO Jihoon,KIHO Shinnosuke,KOR,JPN,4,2,"9,7,16,11,11,11|11,11,14,8,8,7",QR64,GRAND_SLAM,MS,1758,Qualification,CHO Jihoon (KOR),KIHO Shinnosuke (JPN),,,4 - 2,9:11 7:11 16:14 11:8 11:8 11:7,CHO Jihoon,2005
German Open Magdeburg 2005,2005-11-09,LIVENTSOV Alexey,TUGWELL Finn,RUS,DEN,4,0,"11,11,11,14|9,2,6,12",QR64,GRAND_SLAM,MS,1758,Qualification,LIVENTSOV Alexey (RUS),TUGWELL Finn (DEN),,,0 - 4,9:11 2:11 6:11 12:14,LIVENTSOV Alexey,2005
German Open Magdeburg 2005,2005-11-09,AXELQVIST Johan,JAPEC Tomislav,SWE,CRO,4,1,"11,5,12,12,11|4,11,10,10,6",QR64,GRAND_SLAM,MS,1758,Qualification,AXELQVIST Johan (SWE),JAPEC Tomislav (CRO),,,1 - 4,4:11 11:5 10:12 10:12 6:11,AXELQVIST Johan,2005
German Open Magdeburg 2005,2005-11-09,FREITAS Marcos,BAGGALEY Andrew,POR,ENG,4,0,"11,13,11,11|8,11,4,8",QR64,GRAND_SLAM,MS,1758,Qualification,FREITAS Marcos (POR),BAGGALEY Andrew (ENG),,,4 - 0,11:8 13:11 11:4 11:8,FREITAS Marcos,2005
German Open Magdeburg 2005,2005-11-09,MIZUTANI Jun,SZARKA Levente,JPN,HUN,4,0,"11,11,11,11|2,4,6,8",QR64,GRAND_SLAM,MS,1758,Qualification,MIZUTANI Jun (JPN),SZARKA Levente (HUN),,,4 - 0,11:2 11:4 11:6 11:8,MIZUTANI Jun,2005
German Open Magdeburg 2005,2005-11-09,KUSINSKI Marcin,TAKAKIWA Taku,POL,JPN,4,3,"8,11,13,11,11,6,11|11,5,15,9,8,11,8",QR64,GRAND_SLAM,MS,1758,Qualification,KUSINSKI Marcin (POL),TAKAKIWA Taku (JPN),,,4 - 3,8:11 11:5 13:15 11:9 11:8 6:11 11:8,KUSINSKI Marcin,2005
German Open Magdeburg 2005,2005-11-09,PISTEJ Lubomir,MOLIN Magnus,SVK,SWE,4,2,"9,12,11,11,11,11|11,14,7,7,7,4",QR64,GRAND_SLAM,MS,1758,Qualification,PISTEJ Lubomir (SVK),MOLIN Magnus (SWE),,,2 - 4,11:9 14:12 7:11 7:11 7:11 4:11,PISTEJ Lubomir,2005
German Open Magdeburg 2005,2005-11-09,PLACHY Josef,ILLAS Erik,CZE,SVK,4,1,"11,11,9,11,11|9,1,11,9,5",QR64,GRAND_SLAM,MS,1758,Qualification,PLACHY Josef (CZE),ILLAS Erik (SVK),,,4 - 1,11:9 11:1 9:11 11:9 11:5,PLACHY Josef,2005
German Open Magdeburg 2005,2005-11-09,GERELL Par,KLASEK Marek,SWE,CZE,4,3,"8,11,11,6,12,10,11|11,4,9,11,10,12,9",QR64,GRAND_SLAM,MS,1758,Qualification,GERELL Par (SWE),KLASEK Marek (CZE),,,4 - 3,8:11 11:4 11:9 6:11 12:10 10:12 11:9,GERELL Par,2005
German Open Magdeburg 2005,2005-11-09,DIDUKH Oleksandr,XU Hui,UKR,CHN,4,2,"11,8,8,11,12,11|6,11,11,6,10,5",QR64,GRAND_SLAM,MS,1758,Qualification,DIDUKH Oleksandr (UKR),XU Hui (CHN),,,2 - 4,6:11 11:8 11:8 6:11 10:12 5:11,DIDUKH Oleksandr,2005
German Open Magdeburg 2005,2005-11-09,KISHIKAWA Seiya,FAZEKAS Peter,JPN,HUN,4,3,"11,9,4,11,11,8,11|7,11,11,8,6,11,6",QR64,GRAND_SLAM,MS,1758,Qualification,KISHIKAWA Seiya (JPN),FAZEKAS Peter (HUN),,,3 - 4,7:11 11:9 11:4 8:11 6:11 11:8 6:11,KISHIKAWA Seiya,2005
German Open Magdeburg 2005,2005-11-09,VARGA Zoltan,VYBORNY Richard,HUN,CZE,4,3,"11,15,8,7,11,11,11|7,17,11,11,5,9,7",QR64,GRAND_SLAM,MS,1758,Qualification,VARGA Zoltan (HUN),VYBORNY Richard (CZE),,,3 - 4,7:11 17:15 11:8 11:7 5:11 9:11 7:11,VARGA Zoltan,2005
German Open Magdeburg 2005,2005-11-09,JIANG Weizhong,PATTANTYUS Adam,CRO,HUN,4,3,"8,12,14,7,11,13,11|11,14,12,11,9,11,3",QR64,GRAND_SLAM,MS,1758,Qualification,JIANG Weizhong (CRO),PATTANTYUS Adam (HUN),,,4 - 3,8:11 12:14 14:12 7:11 11:9 13:11 11:3,JIANG Weizhong,2005
German Open Magdeburg 2005,2005-11-09,OLEJNIK Martin,LEE Jinkwon,CZE,KOR,4,1,"8,11,12,11,11|11,9,10,5,4",QR64,GRAND_SLAM,MS,1758,Qualification,OLEJNIK Martin (CZE),LEE Jinkwon (KOR),,,1 - 4,11:8 9:11 10:12 5:11 4:11,OLEJNIK Martin,2005
German Open Magdeburg 2005,2005-11-09,AUFRERE Julien,URBANEK Jan,FRA,CZE,3,2,"11,3,11,11,11|9,11,7,13,4",,GRAND_SLAM,U21MS,1758,Qualification,AUFRERE Julien (FRA),URBANEK Jan (CZE),,,2 - 3,9:11 11:3 7:11 13:11 4:11,AUFRERE Julien,2005
German Open Magdeburg 2005,2005-11-09,ROBERTSON Adam,AUFRERE Julien,WAL,FRA,3,0,"12,11,11|10,5,8",QR2,GRAND_SLAM,U21MS,1758,Qualification,ROBERTSON Adam (WAL),AUFRERE Julien (FRA),,,3 - 0,12:10 11:5 11:8,ROBERTSON Adam,2005
German Open Magdeburg 2005,2005-11-09,ROBERTSON Adam,URBANEK Jan,WAL,CZE,3,0,"11,11,11|8,6,5",3,GRAND_SLAM,U21MS,1758,Qualification,ROBERTSON Adam (WAL),URBANEK Jan (CZE),,,3 - 0,11:8 11:6 11:5,ROBERTSON Adam,2005
German Open Magdeburg 2005,2005-11-09,PIETKIEWICZ Maciej,CARVALHO Efraim,POL,BRA,3,2,"10,11,11,9,11|12,9,5,11,9",,GRAND_SLAM,U21MS,1758,Qualification,PIETKIEWICZ Maciej (POL),CARVALHO Efraim (BRA),,,3 - 2,10:12 11:9 11:5 9:11 11:9,PIETKIEWICZ Maciej,2005
German Open Magdeburg 2005,2005-11-09,DURAN Marc,CARVALHO Efraim,ESP,BRA,3,0,"11,11,11|8,9,8",QR2,GRAND_SLAM,U21MS,1758,Qualification,DURAN Marc (ESP),CARVALHO Efraim (BRA),,,3 - 0,11:8 11:9 11:8,DURAN Marc,2005
German Open Magdeburg 2005,2005-11-09,DURAN Marc,PIETKIEWICZ Maciej,ESP,POL,3,2,"11,16,5,11,11|7,18,11,6,5",3,GRAND_SLAM,U21MS,1758,Qualification,DURAN Marc (ESP),PIETKIEWICZ Maciej (POL),,,3 - 2,11:7 16:18 5:11 11:6 11:5,DURAN Marc,2005
German Open Magdeburg 2005,2005-11-09,MALICKI Szymon,SALIFOU Abdel-Kader,POL,BEN,3,1,"13,8,11,11|11,11,4,6",,GRAND_SLAM,U21MS,1758,Qualification,MALICKI Szymon (POL),SALIFOU Abdel-Kader (BEN),,,1 - 3,11:13 11:8 4:11 6:11,MALICKI Szymon,2005
German Open Magdeburg 2005,2005-11-09,MATSUMOTO Cazuo,MALICKI Szymon,BRA,POL,3,0,"11,11,11|8,9,9",QR2,GRAND_SLAM,U21MS,1758,Qualification,MATSUMOTO Cazuo (BRA),MALICKI Szymon (POL),,,3 - 0,11:8 11:9 11:9,MATSUMOTO Cazuo,2005
German Open Magdeburg 2005,2005-11-09,MATSUMOTO Cazuo,SALIFOU Abdel-Kader,BRA,BEN,3,1,"11,11,9,11|8,8,11,7",3,GRAND_SLAM,U21MS,1758,Qualification,MATSUMOTO Cazuo (BRA),SALIFOU Abdel-Kader (BEN),,,3 - 1,11:8 11:8 9:11 11:7,MATSUMOTO Cazuo,2005
German Open Magdeburg 2005,2005-11-09,KUCHUK Aleksandr,DEBRUYERES Clement,BLR,FRA,3,0,"11,11,11|9,7,4",,GRAND_SLAM,U21MS,1758,Qualification,KUCHUK Aleksandr (BLR),DEBRUYERES Clement (FRA),,,0 - 3,9:11 7:11 4:11,KUCHUK Aleksandr,2005
German Open Magdeburg 2005,2005-11-09,TAKAKIWA Taku,KUCHUK Aleksandr,JPN,BLR,3,0,"11,12,11|5,10,9",QR2,GRAND_SLAM,U21MS,1758,Qualification,TAKAKIWA Taku (JPN),KUCHUK Aleksandr (BLR),,,3 - 0,11:5 12:10 11:9,TAKAKIWA Taku,2005
German Open Magdeburg 2005,2005-11-09,TAKAKIWA Taku,DEBRUYERES Clement,JPN,FRA,3,1,"11,9,11,11|9,11,6,7",3,GRAND_SLAM,U21MS,1758,Qualification,TAKAKIWA Taku (JPN),DEBRUYERES Clement (FRA),,,3 - 1,11:9 9:11 11:6 11:7,TAKAKIWA Taku,2005
German Open Magdeburg 2005,2005-11-09,PAPADIMITRIOU Dimitrios,AARAS Arne,GRE,NOR,3,1,"11,7,12,11|9,11,10,5",,GRAND_SLAM,U21MS,1758,Qualification,PAPADIMITRIOU Dimitrios (GRE),AARAS Arne (NOR),,,3 - 1,11:9 7:11 12:10 11:5,PAPADIMITRIOU Dimitrios,2005
German Open Magdeburg 2005,2005-11-09,APOLONIA Tiago,AARAS Arne,POR,NOR,3,0,"11,11,11|3,8,6",QR2,GRAND_SLAM,U21MS,1758,Qualification,APOLONIA Tiago (POR),AARAS Arne (NOR),,,3 - 0,11:3 11:8 11:6,APOLONIA Tiago,2005
German Open Magdeburg 2005,2005-11-09,APOLONIA Tiago,PAPADIMITRIOU Dimitrios,POR,GRE,3,0,"11,11,11|6,1,7",3,GRAND_SLAM,U21MS,1758,Qualification,APOLONIA Tiago (POR),PAPADIMITRIOU Dimitrios (GRE),,,3 - 0,11:6 11:1 11:7,APOLONIA Tiago,2005
German Open Magdeburg 2005,2005-11-09,CHMIEL Piotr,ZOMBORI David,POL,HUN,3,1,"6,11,11,11|11,3,8,8",,GRAND_SLAM,U21MS,1758,Qualification,CHMIEL Piotr (POL),ZOMBORI David (HUN),,,3 - 1,6:11 11:3 11:8 11:8,CHMIEL Piotr,2005
German Open Magdeburg 2005,2005-11-09,CHOU Tung-Yu,ZOMBORI David,TPE,HUN,3,0,"11,11,11|6,6,6",QR2,GRAND_SLAM,U21MS,1758,Qualification,CHOU Tung-Yu (TPE),ZOMBORI David (HUN),,,3 - 0,11:6 11:6 11:6,CHOU Tung-Yu,2005
German Open Magdeburg 2005,2005-11-09,CHOU Tung-Yu,CHMIEL Piotr,TPE,POL,3,1,"8,11,11,11|11,9,8,6",3,GRAND_SLAM,U21MS,1758,Qualification,CHOU Tung-Yu (TPE),CHMIEL Piotr (POL),,,3 - 1,8:11 11:9 11:8 11:6,CHOU Tung-Yu,2005
German Open Magdeburg 2005,2005-11-09,BAUBET Vincent,GRIGOREV Artur,FRA,RUS,3,2,"11,13,2,12,12|5,15,11,10,10",QR2,GRAND_SLAM,U21MS,1758,Qualification,BAUBET Vincent (FRA),GRIGOREV Artur (RUS),,,2 - 3,5:11 15:13 11:2 10:12 10:12,BAUBET Vincent,2005
German Open Magdeburg 2005,2005-11-09,MENGEL Steffen,LEWANDOWSKI Tomasz,GER,POL,3,0,"11,11,11|9,8,6",,GRAND_SLAM,U21MS,1758,Qualification,MENGEL Steffen (GER),LEWANDOWSKI Tomasz (POL),,,3 - 0,11:9 11:8 11:6,MENGEL Steffen,2005
German Open Magdeburg 2005,2005-11-09,LEWANDOWSKI Tomasz,ELENSKY Gregory,POL,ISR,4,0,,QR2,GRAND_SLAM,U21MS,1758,Qualification,LEWANDOWSKI Tomasz (POL),ELENSKY Gregory (ISR),,,0 - 4,,LEWANDOWSKI Tomasz,2005
German Open Magdeburg 2005,2005-11-09,MENGEL Steffen,ELENSKY Gregory,GER,ISR,4,0,,3,GRAND_SLAM,U21MS,1758,Qualification,MENGEL Steffen (GER),ELENSKY Gregory (ISR),,,0 - 4,,MENGEL Steffen,2005
German Open Magdeburg 2005,2005-11-09,JANCARIK Lubomir,MICHELY Gilles,CZE,LUX,3,0,"11,11,11|5,8,7",,GRAND_SLAM,U21MS,1758,Qualification,JANCARIK Lubomir (CZE),MICHELY Gilles (LUX),,,3 - 0,11:5 11:8 11:7,JANCARIK Lubomir,2005
German Open Magdeburg 2005,2005-11-09,CSABA Bence,MICHELY Gilles,CAN,LUX,3,0,"11,11,11|8,4,9",QR2,GRAND_SLAM,U21MS,1758,Qualification,CSABA Bence (CAN),MICHELY Gilles (LUX),,,3 - 0,11:8 11:4 11:9,CSABA Bence,2005
German Open Magdeburg 2005,2005-11-09,JANCARIK Lubomir,CSABA Bence,CZE,CAN,3,1,"8,11,11,11|11,4,7,9",3,GRAND_SLAM,U21MS,1758,Qualification,JANCARIK Lubomir (CZE),CSABA Bence (CAN),,,1 - 3,11:8 4:11 7:11 9:11,JANCARIK Lubomir,2005
German Open Magdeburg 2005,2005-11-09,STOYANOV Niagol,BALTRUSHKA Dzmitry,ITA,BLR,3,0,"11,13,12|5,11,10",,GRAND_SLAM,U21MS,1758,Qualification,STOYANOV Niagol (ITA),BALTRUSHKA Dzmitry (BLR),,,3 - 0,11:5 13:11 12:10,STOYANOV Niagol,2005
German Open Magdeburg 2005,2005-11-09,GAVLAS Antonin,BALTRUSHKA Dzmitry,CZE,BLR,3,2,"11,6,12,6,11|7,11,10,11,8",QR2,GRAND_SLAM,U21MS,1758,Qualification,GAVLAS Antonin (CZE),BALTRUSHKA Dzmitry (BLR),,,3 - 2,11:7 6:11 12:10 6:11 11:8,GAVLAS Antonin,2005
German Open Magdeburg 2005,2005-11-09,GAVLAS Antonin,STOYANOV Niagol,CZE,ITA,3,0,"13,11,11|11,9,5",3,GRAND_SLAM,U21MS,1758,Qualification,GAVLAS Antonin (CZE),STOYANOV Niagol (ITA),,,3 - 0,13:11 11:9 11:5,GAVLAS Antonin,2005
German Open Magdeburg 2005,2005-11-09,LEBESSON Emmanuel,KLEPRLIK Michal,FRA,CZE,3,1,"11,9,11,11|7,11,8,3",,GRAND_SLAM,U21MS,1758,Qualification,LEBESSON Emmanuel (FRA),KLEPRLIK Michal (CZE),,,3 - 1,11:7 9:11 11:8 11:3,LEBESSON Emmanuel,2005
German Open Magdeburg 2005,2005-11-09,FREITAS Marcos,KLEPRLIK Michal,POR,CZE,3,1,"9,11,11,13|11,8,4,11",QR2,GRAND_SLAM,U21MS,1758,Qualification,FREITAS Marcos (POR),KLEPRLIK Michal (CZE),,,3 - 1,9:11 11:8 11:4 13:11,FREITAS Marcos,2005
German Open Magdeburg 2005,2005-11-09,LEBESSON Emmanuel,FREITAS Marcos,FRA,POR,3,1,"9,11,11,13|11,8,8,11",3,GRAND_SLAM,U21MS,1758,Qualification,LEBESSON Emmanuel (FRA),FREITAS Marcos (POR),,,1 - 3,11:9 8:11 8:11 11:13,LEBESSON Emmanuel,2005
German Open Magdeburg 2005,2005-11-09,BOBOCICA Mihai,BERNER Eric,ITA,NOR,3,1,"11,10,11,11|1,12,8,7",,GRAND_SLAM,U21MS,1758,Qualification,BOBOCICA Mihai (ITA),BERNER Eric (NOR),,,3 - 1,11:1 10:12 11:8 11:7,BOBOCICA Mihai,2005
German Open Magdeburg 2005,2005-11-09,JAPEC Tomislav,BERNER Eric,CRO,NOR,3,2,"9,11,11,9,11|11,4,5,11,9",QR2,GRAND_SLAM,U21MS,1758,Qualification,JAPEC Tomislav (CRO),BERNER Eric (NOR),,,3 - 2,9:11 11:4 11:5 9:11 11:9,JAPEC Tomislav,2005
German Open Magdeburg 2005,2005-11-09,BOBOCICA Mihai,JAPEC Tomislav,ITA,CRO,3,2,"11,3,11,6,11|5,11,7,11,9",3,GRAND_SLAM,U21MS,1758,Qualification,BOBOCICA Mihai (ITA),JAPEC Tomislav (CRO),,,2 - 3,5:11 11:3 7:11 11:6 9:11,BOBOCICA Mihai,2005
German Open Magdeburg 2005,2005-11-09,MOLNAR Krisztian,BURGIS Matiss,HUN,LAT,3,0,"11,12,11|9,10,7",,GRAND_SLAM,U21MS,1758,Qualification,MOLNAR Krisztian (HUN),BURGIS Matiss (LAT),,,3 - 0,11:9 12:10 11:7,MOLNAR Krisztian,2005
German Open Magdeburg 2005,2005-11-09,FILUS Ruwen,BURGIS Matiss,GER,LAT,3,1,"11,8,11,11|6,11,7,9",QR2,GRAND_SLAM,U21MS,1758,Qualification,FILUS Ruwen (GER),BURGIS Matiss (LAT),,,3 - 1,11:6 8:11 11:7 11:9,FILUS Ruwen,2005
German Open Magdeburg 2005,2005-11-09,MOLNAR Krisztian,FILUS Ruwen,HUN,GER,3,2,"11,11,9,6,14|6,4,11,11,12",3,GRAND_SLAM,U21MS,1758,Qualification,MOLNAR Krisztian (HUN),FILUS Ruwen (GER),,,2 - 3,6:11 4:11 11:9 11:6 12:14,MOLNAR Krisztian,2005
German Open Magdeburg 2005,2005-11-09,HABESOHN Mathias,DAVIS Kyle,AUT,AUS,3,0,"11,11,11|7,9,7",,GRAND_SLAM,U21MS,1758,Qualification,HABESOHN Mathias (AUT),DAVIS Kyle (AUS),,,3 - 0,11:7 11:9 11:7,HABESOHN Mathias,2005
German Open Magdeburg 2005,2005-11-09,DAVID Petr,DAVIS Kyle,CZE,AUS,3,1,"11,10,11,11|7,12,8,7",QR2,GRAND_SLAM,U21MS,1758,Qualification,DAVID Petr (CZE),DAVIS Kyle (AUS),,,3 - 1,11:7 10:12 11:8 11:7,DAVID Petr,2005
German Open Magdeburg 2005,2005-11-09,DAVID Petr,HABESOHN Mathias,CZE,AUT,3,1,"11,8,11,12|3,11,3,10",3,GRAND_SLAM,U21MS,1758,Qualification,DAVID Petr (CZE),HABESOHN Mathias (AUT),,,3 - 1,11:3 8:11 11:3 12:10,DAVID Petr,2005
German Open Magdeburg 2005,2005-11-09,JEVTOVIC Marko,PLACEK Frantisek,SRB,CZE,3,0,"11,11,14|5,9,12",,GRAND_SLAM,U21MS,1758,Qualification,JEVTOVIC Marko (SRB),PLACEK Frantisek (CZE),,,3 - 0,11:5 11:9 14:12,JEVTOVIC Marko,2005
German Open Magdeburg 2005,2005-11-09,HABESOHN Daniel,PLACEK Frantisek,AUT,CZE,3,1,"11,11,6,11|4,5,11,8",QR2,GRAND_SLAM,U21MS,1758,Qualification,HABESOHN Daniel (AUT),PLACEK Frantisek (CZE),,,3 - 1,11:4 11:5 6:11 11:8,HABESOHN Daniel,2005
German Open Magdeburg 2005,2005-11-09,JEVTOVIC Marko,HABESOHN Daniel,SRB,AUT,3,2,"11,11,7,6,11|5,7,11,11,8",3,GRAND_SLAM,U21MS,1758,Qualification,JEVTOVIC Marko (SRB),HABESOHN Daniel (AUT),,,2 - 3,5:11 7:11 11:7 11:6 8:11,JEVTOVIC Marko,2005
German Open Magdeburg 2005,2005-11-09,PALCEK Martin,SZARKA Levente,SVK,HUN,3,0,"11,11,12|4,4,10",,GRAND_SLAM,U21MS,1758,Qualification,PALCEK Martin (SVK),SZARKA Levente (HUN),,,3 - 0,11:4 11:4 12:10,PALCEK Martin,2005
German Open Magdeburg 2005,2005-11-09,SEL Zolt,SZARKA Levente,SRB,HUN,3,1,"11,11,5,11|9,8,11,8",QR2,GRAND_SLAM,U21MS,1758,Qualification,SEL Zolt (SRB),SZARKA Levente (HUN),,,3 - 1,11:9 11:8 5:11 11:8,SEL Zolt,2005
German Open Magdeburg 2005,2005-11-09,SEL Zolt,PALCEK Martin,SRB,SVK,3,0,"11,11,11|8,3,2",3,GRAND_SLAM,U21MS,1758,Qualification,SEL Zolt (SRB),PALCEK Martin (SVK),,,3 - 0,11:8 11:3 11:2,SEL Zolt,2005
German Open Magdeburg 2005,2005-11-09,KLEPRLIK Jakub,WENZELL Aron,CZE,DEN,3,2,"8,12,11,8,11|11,10,4,11,6",,GRAND_SLAM,U21MS,1758,Qualification,KLEPRLIK Jakub (CZE),WENZELL Aron (DEN),,,3 - 2,8:11 12:10 11:4 8:11 11:6,KLEPRLIK Jakub,2005
German Open Magdeburg 2005,2005-11-09,WENZELL Aron,ZHMUDENKO Yaroslav,DEN,UKR,3,0,"11,11,12|9,9,10",QR2,GRAND_SLAM,U21MS,1758,Qualification,WENZELL Aron (DEN),ZHMUDENKO Yaroslav (UKR),,,0 - 3,9:11 9:11 10:12,WENZELL Aron,2005
German Open Magdeburg 2005,2005-11-09,KLEPRLIK Jakub,ZHMUDENKO Yaroslav,CZE,UKR,3,2,"9,9,11,11,11|11,11,7,4,7",3,GRAND_SLAM,U21MS,1758,Qualification,KLEPRLIK Jakub (CZE),ZHMUDENKO Yaroslav (UKR),,,2 - 3,11:9 11:9 7:11 4:11 7:11,KLEPRLIK Jakub,2005
German Open Magdeburg 2005,2005-11-09,PRYSHCHEPA Ievgen,SIROKIJS Viktors,UKR,LAT,3,0,"13,11,11|11,4,5",,GRAND_SLAM,U21MS,1758,Qualification,PRYSHCHEPA Ievgen (UKR),SIROKIJS Viktors (LAT),,,3 - 0,13:11 11:4 11:5,PRYSHCHEPA Ievgen,2005
German Open Magdeburg 2005,2005-11-09,VOSTES Yannick,SIROKIJS Viktors,BEL,LAT,3,0,"11,11,11|8,7,4",QR2,GRAND_SLAM,U21MS,1758,Qualification,VOSTES Yannick (BEL),SIROKIJS Viktors (LAT),,,3 - 0,11:8 11:7 11:4,VOSTES Yannick,2005
German Open Magdeburg 2005,2005-11-09,VOSTES Yannick,PRYSHCHEPA Ievgen,BEL,UKR,3,2,"11,11,9,3,11|6,3,11,11,8",3,GRAND_SLAM,U21MS,1758,Qualification,VOSTES Yannick (BEL),PRYSHCHEPA Ievgen (UKR),,,3 - 2,11:6 11:3 9:11 3:11 11:8,VOSTES Yannick,2005
German Open Magdeburg 2005,2005-11-09,PETO Zsolt,OBESLO Michal,SRB,CZE,3,0,"11,11,11|4,5,5",,GRAND_SLAM,U21MS,1758,Qualification,PETO Zsolt (SRB),OBESLO Michal (CZE),,,3 - 0,11:4 11:5 11:5,PETO Zsolt,2005
German Open Magdeburg 2005,2005-11-09,VLASOV Grigory,OBESLO Michal,RUS,CZE,3,2,"11,11,9,8,11|8,5,11,11,9",QR2,GRAND_SLAM,U21MS,1758,Qualification,VLASOV Grigory (RUS),OBESLO Michal (CZE),,,3 - 2,11:8 11:5 9:11 8:11 11:9,VLASOV Grigory,2005
German Open Magdeburg 2005,2005-11-09,VLASOV Grigory,PETO Zsolt,RUS,SRB,3,0,"11,11,11|8,9,5",3,GRAND_SLAM,U21MS,1758,Qualification,VLASOV Grigory (RUS),PETO Zsolt (SRB),,,3 - 0,11:8 11:9 11:5,VLASOV Grigory,2005
German Open Magdeburg 2005,2005-11-09,GACINA Andrej,SIDOROVS Igors,CRO,LAT,3,0,"11,11,11|9,8,4",,GRAND_SLAM,U21MS,1758,Qualification,GACINA Andrej (CRO),SIDOROVS Igors (LAT),,,3 - 0,11:9 11:8 11:4,GACINA Andrej,2005
German Open Magdeburg 2005,2005-11-09,CHMIEL Pawel,SIDOROVS Igors,POL,LAT,3,0,"11,11,11|4,2,1",QR2,GRAND_SLAM,U21MS,1758,Qualification,CHMIEL Pawel (POL),SIDOROVS Igors (LAT),,,3 - 0,11:4 11:2 11:1,CHMIEL Pawel,2005
German Open Magdeburg 2005,2005-11-09,GACINA Andrej,CHMIEL Pawel,CRO,POL,3,2,"11,11,11,4,11|3,9,13,11,7",3,GRAND_SLAM,U21MS,1758,Qualification,GACINA Andrej (CRO),CHMIEL Pawel (POL),,,2 - 3,3:11 9:11 13:11 11:4 7:11,GACINA Andrej,2005
German Open Magdeburg 2005,2005-11-09,JIANG Tianyi,LIEVSHYN Vitaliy,HKG,UKR,3,0,"16,11,11|14,5,6",,GRAND_SLAM,U21MS,1758,Qualification,JIANG Tianyi (HKG),LIEVSHYN Vitaliy (UKR),,,0 - 3,14:16 5:11 6:11,JIANG Tianyi,2005
German Open Magdeburg 2005,2005-11-09,JIANG Tianyi,KRIEGER Alexander,HKG,GER,3,0,"11,11,11|4,6,8",QR2,GRAND_SLAM,U21MS,1758,Qualification,JIANG Tianyi (HKG),KRIEGER Alexander (GER),,,0 - 3,4:11 6:11 8:11,JIANG Tianyi,2005
German Open Magdeburg 2005,2005-11-09,KRIEGER Alexander,LIEVSHYN Vitaliy,GER,UKR,3,2,"7,11,9,11,11|11,1,11,6,9",3,GRAND_SLAM,U21MS,1758,Qualification,KRIEGER Alexander (GER),LIEVSHYN Vitaliy (UKR),,,3 - 2,7:11 11:1 9:11 11:6 11:9,KRIEGER Alexander,2005
German Open Magdeburg 2005,2005-11-09,YOKOYAMA Yuichi,WEHKING Lennart,JPN,GER,4,0,,,GRAND_SLAM,U21MS,1758,Qualification,YOKOYAMA Yuichi (JPN),WEHKING Lennart (GER),,,4 - 0,,YOKOYAMA Yuichi,2005
German Open Magdeburg 2005,2005-11-09,PEREK Jakub,WEHKING Lennart,POL,GER,4,0,,QR2,GRAND_SLAM,U21MS,1758,Qualification,PEREK Jakub (POL),WEHKING Lennart (GER),,,4 - 0,,PEREK Jakub,2005
German Open Magdeburg 2005,2005-11-09,YOKOYAMA Yuichi,PEREK Jakub,JPN,POL,3,0,"11,11,11|6,6,5",3,GRAND_SLAM,U21MS,1758,Qualification,YOKOYAMA Yuichi (JPN),PEREK Jakub (POL),,,0 - 3,6:11 6:11 5:11,YOKOYAMA Yuichi,2005
German Open Magdeburg 2005,2005-11-09,KAMBEROV Radoslav,SPINICCHIA Simone,BUL,ITA,3,2,"13,6,11,12,11|15,11,8,10,9",,GRAND_SLAM,U21MS,1758,Qualification,KAMBEROV Radoslav (BUL),SPINICCHIA Simone (ITA),,,2 - 3,15:13 11:6 8:11 10:12 9:11,KAMBEROV Radoslav,2005
German Open Magdeburg 2005,2005-11-09,OYA Hidetoshi,BEN ARI Omri,JPN,ISR,3,0,"11,11,11|7,4,3",QR2,GRAND_SLAM,U21MS,1758,Qualification,OYA Hidetoshi (JPN),BEN ARI Omri (ISR),,,3 - 0,11:7 11:4 11:3,OYA Hidetoshi,2005
German Open Magdeburg 2005,2005-11-09,OYA Hidetoshi,KAMBEROV Radoslav,JPN,BUL,3,1,"6,11,11,11|11,3,2,9",3,GRAND_SLAM,U21MS,1758,Qualification,OYA Hidetoshi (JPN),KAMBEROV Radoslav (BUL),,,3 - 1,6:11 11:3 11:2 11:9,OYA Hidetoshi,2005
German Open Magdeburg 2005,2005-11-09,SPINICCHIA Simone,BEN ARI Omri,ITA,ISR,3,0,"11,11,13|2,7,11",QR4,GRAND_SLAM,U21MS,1758,Qualification,SPINICCHIA Simone (ITA),BEN ARI Omri (ISR),,,3 - 0,11:2 11:7 13:11,SPINICCHIA Simone,2005
German Open Magdeburg 2005,2005-11-09,OYA Hidetoshi,SPINICCHIA Simone,JPN,ITA,3,0,"11,11,11|9,7,3",5,GRAND_SLAM,U21MS,1758,Qualification,OYA Hidetoshi (JPN),SPINICCHIA Simone (ITA),,,3 - 0,11:9 11:7 11:3,OYA Hidetoshi,2005
German Open Magdeburg 2005,2005-11-09,KAMBEROV Radoslav,BEN ARI Omri,BUL,ISR,3,2,"12,11,16,5,11|14,9,14,11,9",6,GRAND_SLAM,U21MS,1758,Qualification,KAMBEROV Radoslav (BUL),BEN ARI Omri (ISR),,,3 - 2,12:14 11:9 16:14 5:11 11:9,KAMBEROV Radoslav,2005
German Open Magdeburg 2005,2005-11-09,LIM Jaehyun,JANCARIK Lubomir,KOR,CZE,4,0,"11,11,11,11|6,8,6,7",R32,GRAND_SLAM,U21MS,1758,Main Draw,LIM Jaehyun (KOR),JANCARIK Lubomir (CZE),,,4 - 0,11:6 11:8 11:6 11:7,LIM Jaehyun,2005
German Open Magdeburg 2005,2005-11-09,ZWICKL Daniel,DURAN Marc,HUN,ESP,4,3,"9,8,11,11,11,11,11|11,11,5,4,13,8,6",R32,GRAND_SLAM,U21MS,1758,Main Draw,ZWICKL Daniel (HUN),DURAN Marc (ESP),,,3 - 4,11:9 11:8 5:11 4:11 13:11 8:11 6:11,ZWICKL Daniel,2005
German Open Magdeburg 2005,2005-11-09,JAKAB Janos,APOLONIA Tiago,HUN,POR,4,2,"9,11,11,7,11,11|11,5,9,11,9,6",R32,GRAND_SLAM,U21MS,1758,Main Draw,JAKAB Janos (HUN),APOLONIA Tiago (POR),,,4 - 2,9:11 11:5 11:9 7:11 11:9 11:6,JAKAB Janos,2005
German Open Magdeburg 2005,2005-11-09,MENGEL Steffen,WU Chih-Chi,GER,TPE,4,3,"4,11,11,2,11,8,11|11,9,8,11,7,11,9",R32,GRAND_SLAM,U21MS,1758,Main Draw,MENGEL Steffen (GER),WU Chih-Chi (TPE),,,4 - 3,4:11 11:9 11:8 2:11 11:7 8:11 11:9,MENGEL Steffen,2005
German Open Magdeburg 2005,2005-11-09,MATSUMOTO Cazuo,PISTEJ Lubomir,BRA,SVK,4,1,"11,11,6,11,11|6,5,11,8,5",R32,GRAND_SLAM,U21MS,1758,Main Draw,MATSUMOTO Cazuo (BRA),PISTEJ Lubomir (SVK),,,1 - 4,6:11 5:11 11:6 8:11 5:11,MATSUMOTO Cazuo,2005
German Open Magdeburg 2005,2005-11-09,TAKAKIWA Kenichi,RYDEN Lukas,JPN,SWE,4,1,"11,5,11,11,11|5,11,6,6,8",R32,GRAND_SLAM,U21MS,1758,Main Draw,TAKAKIWA Kenichi (JPN),RYDEN Lukas (SWE),,,1 - 4,5:11 11:5 6:11 6:11 8:11,TAKAKIWA Kenichi,2005
German Open Magdeburg 2005,2005-11-09,OVTCHAROV Dimitrij,TAKAKIWA Taku,GER,JPN,4,1,"7,11,11,11,11|11,4,6,8,9",R32,GRAND_SLAM,U21MS,1758,Main Draw,OVTCHAROV Dimitrij (GER),TAKAKIWA Taku (JPN),,,4 - 1,7:11 11:4 11:6 11:8 11:9,OVTCHAROV Dimitrij,2005
German Open Magdeburg 2005,2005-11-09,ROBERTSON Adam,CHO Eonrae,WAL,KOR,4,2,"5,11,11,7,11,12|11,5,9,11,4,10",R32,GRAND_SLAM,U21MS,1758,Main Draw,ROBERTSON Adam (WAL),CHO Eonrae (KOR),,,4 - 2,5:11 11:5 11:9 7:11 11:4 12:10,ROBERTSON Adam,2005
German Open Magdeburg 2005,2005-11-09,LEE Jinkwon,OYA Hidetoshi,KOR,JPN,4,2,"6,6,11,11,12,11|11,11,4,7,10,9",R32,GRAND_SLAM,U21MS,1758,Main Draw,LEE Jinkwon (KOR),OYA Hidetoshi (JPN),,,4 - 2,6:11 6:11 11:4 11:7 12:10 11:9,LEE Jinkwon,2005
German Open Magdeburg 2005,2005-11-09,BERTIN Christophe,VOSTES Yannick,FRA,BEL,4,0,"11,13,11,11|3,11,9,7",R32,GRAND_SLAM,U21MS,1758,Main Draw,BERTIN Christophe (FRA),VOSTES Yannick (BEL),,,0 - 4,3:11 11:13 9:11 7:11,BERTIN Christophe,2005
German Open Magdeburg 2005,2005-11-09,LEE Jungsam,GACINA Andrej,KOR,CRO,4,1,"11,11,9,11,12|7,5,11,3,10",R32,GRAND_SLAM,U21MS,1758,Main Draw,LEE Jungsam (KOR),GACINA Andrej (CRO),,,4 - 1,11:7 11:5 9:11 11:3 12:10,LEE Jungsam,2005
German Open Magdeburg 2005,2005-11-09,AXELQVIST Johan,YOKOYAMA Yuichi,SWE,JPN,4,1,"9,11,11,11,11|11,7,6,8,9",R32,GRAND_SLAM,U21MS,1758,Main Draw,AXELQVIST Johan (SWE),YOKOYAMA Yuichi (JPN),,,1 - 4,11:9 7:11 6:11 8:11 9:11,AXELQVIST Johan,2005
German Open Magdeburg 2005,2005-11-09,CHOU Tung-Yu,LO Dany,TPE,FRA,4,1,"11,8,14,13,11|8,11,12,11,5",R32,GRAND_SLAM,U21MS,1758,Main Draw,CHOU Tung-Yu (TPE),LO Dany (FRA),,,1 - 4,8:11 11:8 12:14 11:13 5:11,CHOU Tung-Yu,2005
German Open Magdeburg 2005,2005-11-09,VLASOV Grigory,BOBILLIER Loic,RUS,FRA,4,2,"6,11,12,11,11,11|11,9,14,9,9,9",R32,GRAND_SLAM,U21MS,1758,Main Draw,VLASOV Grigory (RUS),BOBILLIER Loic (FRA),,,4 - 2,6:11 11:9 12:14 11:9 11:9 11:9,VLASOV Grigory,2005
German Open Magdeburg 2005,2005-11-09,JIANG Tianyi,BAUM Patrick,HKG,GER,4,0,"11,11,11,11|7,7,9,9",R32,GRAND_SLAM,U21MS,1758,Main Draw,JIANG Tianyi (HKG),BAUM Patrick (GER),,,0 - 4,7:11 7:11 9:11 9:11,JIANG Tianyi,2005
German Open Magdeburg 2005,2005-11-09,KLEPRLIK Jakub,CHO Jihoon,CZE,KOR,4,3,"6,8,11,11,12,7,14|11,11,4,7,10,11,12",R32,GRAND_SLAM,U21MS,1758,Main Draw,KLEPRLIK Jakub (CZE),CHO Jihoon (KOR),,,4 - 3,6:11 8:11 11:4 11:7 12:10 7:11 14:12,KLEPRLIK Jakub,2005
German Open Magdeburg 2005,2005-11-09,LIM Jaehyun,ZWICKL Daniel,KOR,HUN,4,3,"8,10,4,11,11,12,13|11,12,11,7,9,10,11",R16,GRAND_SLAM,U21MS,1758,Main Draw,LIM Jaehyun (KOR),ZWICKL Daniel (HUN),,,4 - 3,8:11 10:12 4:11 11:7 11:9 12:10 13:11,LIM Jaehyun,2005
German Open Magdeburg 2005,2005-11-09,JAKAB Janos,MENGEL Steffen,HUN,GER,4,0,"11,11,11,11|7,4,4,4",R16,GRAND_SLAM,U21MS,1758,Main Draw,JAKAB Janos (HUN),MENGEL Steffen (GER),,,4 - 0,11:7 11:4 11:4 11:4,JAKAB Janos,2005
German Open Magdeburg 2005,2005-11-09,TAKAKIWA Kenichi,MATSUMOTO Cazuo,JPN,BRA,4,0,"11,11,11,11|9,8,5,5",R16,GRAND_SLAM,U21MS,1758,Main Draw,TAKAKIWA Kenichi (JPN),MATSUMOTO Cazuo (BRA),,,0 - 4,9:11 8:11 5:11 5:11,TAKAKIWA Kenichi,2005
German Open Magdeburg 2005,2005-11-09,ROBERTSON Adam,OVTCHAROV Dimitrij,WAL,GER,4,2,"10,11,11,5,11,11|12,8,8,11,6,6",R16,GRAND_SLAM,U21MS,1758,Main Draw,ROBERTSON Adam (WAL),OVTCHAROV Dimitrij (GER),,,2 - 4,12:10 8:11 8:11 11:5 6:11 6:11,ROBERTSON Adam,2005
German Open Magdeburg 2005,2005-11-09,BERTIN Christophe,LEE Jinkwon,FRA,KOR,4,0,"12,13,11,11|10,11,4,8",R16,GRAND_SLAM,U21MS,1758,Main Draw,BERTIN Christophe (FRA),LEE Jinkwon (KOR),,,0 - 4,10:12 11:13 4:11 8:11,BERTIN Christophe,2005
German Open Magdeburg 2005,2005-11-09,LEE Jungsam,AXELQVIST Johan,KOR,SWE,4,1,"11,11,11,5,12|7,6,7,11,10",R16,GRAND_SLAM,U21MS,1758,Main Draw,LEE Jungsam (KOR),AXELQVIST Johan (SWE),,,4 - 1,11:7 11:6 11:7 5:11 12:10,LEE Jungsam,2005
German Open Magdeburg 2005,2005-11-09,VLASOV Grigory,CHOU Tung-Yu,RUS,TPE,4,0,"11,11,11,11|4,8,9,9",R16,GRAND_SLAM,U21MS,1758,Main Draw,VLASOV Grigory (RUS),CHOU Tung-Yu (TPE),,,0 - 4,4:11 8:11 9:11 9:11,VLASOV Grigory,2005
German Open Magdeburg 2005,2005-11-09,JIANG Tianyi,KLEPRLIK Jakub,HKG,CZE,4,0,"11,11,11,11|8,7,8,8",R16,GRAND_SLAM,U21MS,1758,Main Draw,JIANG Tianyi (HKG),KLEPRLIK Jakub (CZE),,,4 - 0,11:8 11:7 11:8 11:8,JIANG Tianyi,2005
German Open Magdeburg 2005,2005-11-09,JAKAB Janos,LIM Jaehyun,HUN,KOR,4,1,"11,11,3,11,11|1,8,11,7,7",QuarterFinal,GRAND_SLAM,U21MS,1758,Main Draw,JAKAB Janos (HUN),LIM Jaehyun (KOR),,,1 - 4,1:11 8:11 11:3 7:11 7:11,JAKAB Janos,2005
German Open Magdeburg 2005,2005-11-09,ROBERTSON Adam,TAKAKIWA Kenichi,WAL,JPN,4,2,"11,11,11,10,15,11|7,8,7,12,17,9",QuarterFinal,GRAND_SLAM,U21MS,1758,Main Draw,ROBERTSON Adam (WAL),TAKAKIWA Kenichi (JPN),,,2 - 4,7:11 8:11 7:11 12:10 17:15 9:11,ROBERTSON Adam,2005
German Open Magdeburg 2005,2005-11-09,LEE Jungsam,BERTIN Christophe,KOR,FRA,4,1,"11,11,9,12,11|7,7,11,10,6",QuarterFinal,GRAND_SLAM,U21MS,1758,Main Draw,LEE Jungsam (KOR),BERTIN Christophe (FRA),,,1 - 4,7:11 7:11 11:9 10:12 6:11,LEE Jungsam,2005
German Open Magdeburg 2005,2005-11-09,JIANG Tianyi,VLASOV Grigory,HKG,RUS,4,2,"11,9,5,11,11,11|3,11,11,6,4,7",QuarterFinal,GRAND_SLAM,U21MS,1758,Main Draw,JIANG Tianyi (HKG),VLASOV Grigory (RUS),,,2 - 4,3:11 11:9 11:5 6:11 4:11 7:11,JIANG Tianyi,2005
German Open Magdeburg 2005,2005-11-09,JAKAB Janos,ROBERTSON Adam,HUN,WAL,4,3,"11,8,4,10,11,11,11|4,11,11,12,9,5,3",SemiFinal,GRAND_SLAM,U21MS,1758,Main Draw,JAKAB Janos (HUN),ROBERTSON Adam (WAL),,,4 - 3,11:4 8:11 4:11 10:12 11:9 11:5 11:3,JAKAB Janos,2005
German Open Magdeburg 2005,2005-11-09,JIANG Tianyi,LEE Jungsam,HKG,KOR,4,1,"10,11,11,14,11|12,1,4,12,4",SemiFinal,GRAND_SLAM,U21MS,1758,Main Draw,JIANG Tianyi (HKG),LEE Jungsam (KOR),,,1 - 4,12:10 1:11 4:11 12:14 4:11,JIANG Tianyi,2005
German Open Magdeburg 2005,2005-11-09,JIANG Tianyi,JAKAB Janos,HKG,HUN,4,1,"11,16,11,5,11|3,14,4,11,9",Final,GRAND_SLAM,U21MS,1758,Main Draw,JIANG Tianyi (HKG),JAKAB Janos (HUN),,,1 - 4,3:11 14:16 4:11 11:5 9:11,JIANG Tianyi,2005
German Open Magdeburg 2005,2005-11-09,OYA Hidetoshi,GAVLAS Antonin,JPN,CZE,3,2,"10,5,11,11,11|12,11,3,7,6",QR16,GRAND_SLAM,U21MS,1758,Qualification,OYA Hidetoshi (JPN),GAVLAS Antonin (CZE),,,2 - 3,12:10 11:5 3:11 7:11 6:11,OYA Hidetoshi,2005
German Open Magdeburg 2005,2005-11-09,YOKOYAMA Yuichi,LEBESSON Emmanuel,JPN,FRA,3,1,"11,11,6,11|6,6,11,7",QR16,GRAND_SLAM,U21MS,1758,Qualification,YOKOYAMA Yuichi (JPN),LEBESSON Emmanuel (FRA),,,1 - 3,6:11 6:11 11:6 7:11,YOKOYAMA Yuichi,2005
German Open Magdeburg 2005,2005-11-09,JIANG Tianyi,BOBOCICA Mihai,HKG,ITA,3,0,"11,11,11|4,9,6",QR16,GRAND_SLAM,U21MS,1758,Qualification,JIANG Tianyi (HKG),BOBOCICA Mihai (ITA),,,0 - 3,4:11 9:11 6:11,JIANG Tianyi,2005
German Open Magdeburg 2005,2005-11-09,GACINA Andrej,MOLNAR Krisztian,CRO,HUN,3,1,"6,13,11,11|11,11,9,8",QR16,GRAND_SLAM,U21MS,1758,Qualification,GACINA Andrej (CRO),MOLNAR Krisztian (HUN),,,1 - 3,11:6 11:13 9:11 8:11,GACINA Andrej,2005
German Open Magdeburg 2005,2005-11-09,VLASOV Grigory,DAVID Petr,RUS,CZE,3,1,"11,13,10,11|8,11,12,8",QR16,GRAND_SLAM,U21MS,1758,Qualification,VLASOV Grigory (RUS),DAVID Petr (CZE),,,1 - 3,8:11 11:13 12:10 8:11,VLASOV Grigory,2005
German Open Magdeburg 2005,2005-11-09,VOSTES Yannick,JEVTOVIC Marko,BEL,SRB,3,2,"7,11,11,6,11|11,3,5,11,9",QR16,GRAND_SLAM,U21MS,1758,Qualification,VOSTES Yannick (BEL),JEVTOVIC Marko (SRB),,,2 - 3,11:7 3:11 5:11 11:6 9:11,VOSTES Yannick,2005
German Open Magdeburg 2005,2005-11-09,KLEPRLIK Jakub,SEL Zolt,CZE,SRB,3,0,"11,11,13|3,9,11",QR16,GRAND_SLAM,U21MS,1758,Qualification,KLEPRLIK Jakub (CZE),SEL Zolt (SRB),,,0 - 3,3:11 9:11 11:13,KLEPRLIK Jakub,2005
German Open Magdeburg 2005,2005-11-09,XU Jie (1979),SOLJA Amelie,WAL,AUT,4,0,"11,11,11,11|9,5,6,4",,GRAND_SLAM,WS,1758,Qualification,XU Jie (1979) (WAL),SOLJA Amelie (AUT),,,4 - 0,11:9 11:5 11:6 11:4,XU Jie (1979),2005
German Open Magdeburg 2005,2005-11-09,BATORFI Csilla,SOLJA Amelie,HUN,AUT,4,3,"11,12,10,10,9,11,11|7,10,12,12,11,3,7",QR2,GRAND_SLAM,WS,1758,Qualification,BATORFI Csilla (HUN),SOLJA Amelie (AUT),,,4 - 3,11:7 12:10 10:12 10:12 9:11 11:3 11:7,BATORFI Csilla,2005
German Open Magdeburg 2005,2005-11-09,XU Jie (1979),BATORFI Csilla,WAL,HUN,4,1,"11,10,11,11,11|6,12,9,8,9",3,GRAND_SLAM,WS,1758,Qualification,XU Jie (1979) (WAL),BATORFI Csilla (HUN),,,1 - 4,6:11 12:10 9:11 8:11 9:11,XU Jie (1979),2005
German Open Magdeburg 2005,2005-11-09,OLSSON Marie,PIETKIEWICZ Monika,SWE,POL,4,2,"11,11,6,9,12,11|6,8,11,11,10,8",,GRAND_SLAM,WS,1758,Qualification,OLSSON Marie (SWE),PIETKIEWICZ Monika (POL),,,4 - 2,11:6 11:8 6:11 9:11 12:10 11:8,OLSSON Marie,2005
German Open Magdeburg 2005,2005-11-09,FUJII Hiroko,PIETKIEWICZ Monika,JPN,POL,4,1,"11,11,9,11,11|7,8,11,7,4",QR2,GRAND_SLAM,WS,1758,Qualification,FUJII Hiroko (JPN),PIETKIEWICZ Monika (POL),,,4 - 1,11:7 11:8 9:11 11:7 11:4,FUJII Hiroko,2005
German Open Magdeburg 2005,2005-11-09,FUJII Hiroko,OLSSON Marie,JPN,SWE,4,1,"11,11,11,11,16|8,3,13,7,14",3,GRAND_SLAM,WS,1758,Qualification,FUJII Hiroko (JPN),OLSSON Marie (SWE),,,4 - 1,11:8 11:3 11:13 11:7 16:14,FUJII Hiroko,2005
German Open Magdeburg 2005,2005-11-09,JONSSON Carina,WAGGERMAYER Elena,SWE,AUT,4,1,"11,11,11,7,11|9,7,6,11,5",,GRAND_SLAM,WS,1758,Qualification,JONSSON Carina (SWE),WAGGERMAYER Elena (AUT),,,1 - 4,9:11 7:11 6:11 11:7 5:11,JONSSON Carina,2005
German Open Magdeburg 2005,2005-11-09,STEFANOVA Nikoleta,JONSSON Carina,ITA,SWE,4,0,"11,11,11,11|5,8,6,6",QR2,GRAND_SLAM,WS,1758,Qualification,STEFANOVA Nikoleta (ITA),JONSSON Carina (SWE),,,4 - 0,11:5 11:8 11:6 11:6,STEFANOVA Nikoleta,2005
German Open Magdeburg 2005,2005-11-09,STEFANOVA Nikoleta,WAGGERMAYER Elena,ITA,AUT,4,1,"14,14,11,11,11|12,16,8,4,6",3,GRAND_SLAM,WS,1758,Qualification,STEFANOVA Nikoleta (ITA),WAGGERMAYER Elena (AUT),,,4 - 1,14:12 14:16 11:8 11:4 11:6,STEFANOVA Nikoleta,2005
German Open Magdeburg 2005,2005-11-09,LI Bin,CECHOVA Dana,HUN,CZE,4,1,"11,11,11,8,11|4,8,9,11,6",,GRAND_SLAM,WS,1758,Qualification,LI Bin (HUN),CECHOVA Dana (CZE),,,4 - 1,11:4 11:8 11:9 8:11 11:6,LI Bin,2005
German Open Magdeburg 2005,2005-11-09,KONISHI An,CECHOVA Dana,JPN,CZE,4,0,"11,11,11,12|9,7,4,10",QR2,GRAND_SLAM,WS,1758,Qualification,KONISHI An (JPN),CECHOVA Dana (CZE),,,4 - 0,11:9 11:7 11:4 12:10,KONISHI An,2005
German Open Magdeburg 2005,2005-11-09,KONISHI An,LI Bin,JPN,HUN,4,3,"7,6,11,6,11,11,11|11,11,3,11,4,7,9",3,GRAND_SLAM,WS,1758,Qualification,KONISHI An (JPN),LI Bin (HUN),,,4 - 3,7:11 6:11 11:3 6:11 11:4 11:7 11:9,KONISHI An,2005
German Open Magdeburg 2005,2005-11-09,ROHR Gaby,KMOTORKOVA Lenka,GER,SVK,4,2,"11,13,7,6,11,12|7,11,11,11,1,10",,GRAND_SLAM,WS,1758,Qualification,ROHR Gaby (GER),KMOTORKOVA Lenka (SVK),,,4 - 2,11:7 13:11 7:11 6:11 11:1 12:10,ROHR Gaby,2005
German Open Magdeburg 2005,2005-11-09,ZAMFIR Adriana,KMOTORKOVA Lenka,ROU,SVK,4,1,"11,15,9,11,11|6,13,11,4,7",QR2,GRAND_SLAM,WS,1758,Qualification,ZAMFIR Adriana (ROU),KMOTORKOVA Lenka (SVK),,,4 - 1,11:6 15:13 9:11 11:4 11:7,ZAMFIR Adriana,2005
German Open Magdeburg 2005,2005-11-09,ZAMFIR Adriana,ROHR Gaby,ROU,GER,4,3,"8,11,11,9,5,11,11|11,6,5,11,11,8,3",3,GRAND_SLAM,WS,1758,Qualification,ZAMFIR Adriana (ROU),ROHR Gaby (GER),,,4 - 3,8:11 11:6 11:5 9:11 5:11 11:8 11:3,ZAMFIR Adriana,2005
German Open Magdeburg 2005,2005-11-09,JANTA-LIPINSKA Anna,KASABOVA Asya,POL,BUL,4,1,"11,12,11,10,11|6,10,8,12,7",,GRAND_SLAM,WS,1758,Qualification,JANTA-LIPINSKA Anna (POL),KASABOVA Asya (BUL),,,1 - 4,6:11 10:12 8:11 12:10 7:11,JANTA-LIPINSKA Anna,2005
German Open Magdeburg 2005,2005-11-09,DING Ning,JANTA-LIPINSKA Anna,CHN,POL,4,1,"11,11,8,11,11|7,6,11,8,5",QR2,GRAND_SLAM,WS,1758,Qualification,DING Ning (CHN),JANTA-LIPINSKA Anna (POL),,,4 - 1,11:7 11:6 8:11 11:8 11:5,DING Ning,2005
German Open Magdeburg 2005,2005-11-09,DING Ning,KASABOVA Asya,CHN,BUL,4,0,"11,11,11,11|5,6,4,6",3,GRAND_SLAM,WS,1758,Qualification,DING Ning (CHN),KASABOVA Asya (BUL),,,4 - 0,11:5 11:6 11:4 11:6,DING Ning,2005
German Open Magdeburg 2005,2005-11-09,PENKAVOVA Katerina,SAMARA Elizabeta,CZE,ROU,4,0,"12,11,11,11|10,7,9,5",,GRAND_SLAM,WS,1758,Qualification,PENKAVOVA Katerina (CZE),SAMARA Elizabeta (ROU),,,0 - 4,10:12 7:11 9:11 5:11,PENKAVOVA Katerina,2005
German Open Magdeburg 2005,2005-11-09,HIURA Reiko,PENKAVOVA Katerina,JPN,CZE,4,1,"11,11,11,8,11|9,2,2,11,6",QR2,GRAND_SLAM,WS,1758,Qualification,HIURA Reiko (JPN),PENKAVOVA Katerina (CZE),,,4 - 1,11:9 11:2 11:2 8:11 11:6,HIURA Reiko,2005
German Open Magdeburg 2005,2005-11-09,HIURA Reiko,SAMARA Elizabeta,JPN,ROU,4,0,"11,12,11,11|4,10,5,4",3,GRAND_SLAM,WS,1758,Qualification,HIURA Reiko (JPN),SAMARA Elizabeta (ROU),,,4 - 0,11:4 12:10 11:5 11:4,HIURA Reiko,2005
German Open Magdeburg 2005,2005-11-09,RAMIREZ Sara,TIMINA Yana,ESP,NED,4,1,"11,11,10,11,11|7,7,12,5,7",,GRAND_SLAM,WS,1758,Qualification,RAMIREZ Sara (ESP),TIMINA Yana (NED),,,4 - 1,11:7 11:7 10:12 11:5 11:7,RAMIREZ Sara,2005
German Open Magdeburg 2005,2005-11-09,JEON Hyekyung,TIMINA Yana,KOR,NED,4,1,"11,7,11,11,11|7,11,9,7,6",QR2,GRAND_SLAM,WS,1758,Qualification,JEON Hyekyung (KOR),TIMINA Yana (NED),,,4 - 1,11:7 7:11 11:9 11:7 11:6,JEON Hyekyung,2005
German Open Magdeburg 2005,2005-11-09,RAMIREZ Sara,JEON Hyekyung,ESP,KOR,4,2,"8,11,11,11,8,11|11,9,7,8,11,9",3,GRAND_SLAM,WS,1758,Qualification,RAMIREZ Sara (ESP),JEON Hyekyung (KOR),,,2 - 4,11:8 9:11 7:11 8:11 11:8 9:11,RAMIREZ Sara,2005
German Open Magdeburg 2005,2005-11-09,NECULA Iulia,CSERNYIK Ildiko,ROU,HUN,4,3,"12,6,11,7,12,16,11|14,11,2,11,10,14,5",,GRAND_SLAM,WS,1758,Qualification,NECULA Iulia (ROU),CSERNYIK Ildiko (HUN),,,4 - 3,12:14 6:11 11:2 7:11 12:10 16:14 11:5,NECULA Iulia,2005
German Open Magdeburg 2005,2005-11-09,KANAZAWA Saki,CSERNYIK Ildiko,JPN,HUN,4,0,"11,11,11,11|6,5,6,5",QR2,GRAND_SLAM,WS,1758,Qualification,KANAZAWA Saki (JPN),CSERNYIK Ildiko (HUN),,,4 - 0,11:6 11:5 11:6 11:5,KANAZAWA Saki,2005
German Open Magdeburg 2005,2005-11-09,KANAZAWA Saki,NECULA Iulia,JPN,ROU,4,1,"11,11,11,7,11|8,5,5,11,8",3,GRAND_SLAM,WS,1758,Qualification,KANAZAWA Saki (JPN),NECULA Iulia (ROU),,,4 - 1,11:8 11:5 11:5 7:11 11:8,KANAZAWA Saki,2005
German Open Magdeburg 2005,2005-11-09,DRINKHALL Joanna,HEINE Veronika,ENG,AUT,4,2,"12,5,11,11,11,14|14,11,8,6,9,12",,GRAND_SLAM,WS,1758,Qualification,DRINKHALL Joanna (ENG),HEINE Veronika (AUT),,,2 - 4,14:12 11:5 8:11 6:11 9:11 12:14,DRINKHALL Joanna,2005
German Open Magdeburg 2005,2005-11-09,LEE Eunhee,DRINKHALL Joanna,KOR,ENG,4,0,"11,11,11,11|2,5,6,9",QR2,GRAND_SLAM,WS,1758,Qualification,LEE Eunhee (KOR),DRINKHALL Joanna (ENG),,,4 - 0,11:2 11:5 11:6 11:9,LEE Eunhee,2005
German Open Magdeburg 2005,2005-11-09,LEE Eunhee,HEINE Veronika,KOR,AUT,4,1,"11,7,12,11,12|8,11,10,5,10",3,GRAND_SLAM,WS,1758,Qualification,LEE Eunhee (KOR),HEINE Veronika (AUT),,,4 - 1,11:8 7:11 12:10 11:5 12:10,LEE Eunhee,2005
German Open Magdeburg 2005,2005-11-09,BOLLMEIER Nadine,PARTYKA Natalia,GER,POL,4,3,"8,11,11,11,7,11,11|11,7,7,5,11,13,1",,GRAND_SLAM,WS,1758,Qualification,BOLLMEIER Nadine (GER),PARTYKA Natalia (POL),,,4 - 3,8:11 11:7 11:7 11:5 7:11 11:13 11:1,BOLLMEIER Nadine,2005
German Open Magdeburg 2005,2005-11-09,KWAK Bangbang,PARTYKA Natalia,KOR,POL,4,0,"11,11,13,11|5,2,11,6",QR2,GRAND_SLAM,WS,1758,Qualification,KWAK Bangbang (KOR),PARTYKA Natalia (POL),,,4 - 0,11:5 11:2 13:11 11:6,KWAK Bangbang,2005
German Open Magdeburg 2005,2005-11-09,BOLLMEIER Nadine,KWAK Bangbang,GER,KOR,4,1,"11,12,9,11,11|7,10,11,9,4",3,GRAND_SLAM,WS,1758,Qualification,BOLLMEIER Nadine (GER),KWAK Bangbang (KOR),,,1 - 4,7:11 10:12 11:9 9:11 4:11,BOLLMEIER Nadine,2005
German Open Magdeburg 2005,2005-11-09,FEHER Gabriela,SMISTIKOVA Martina,SRB,CZE,4,0,"11,11,12,11|9,9,10,6",,GRAND_SLAM,WS,1758,Qualification,FEHER Gabriela (SRB),SMISTIKOVA Martina (CZE),,,0 - 4,9:11 9:11 10:12 6:11,FEHER Gabriela,2005
German Open Magdeburg 2005,2005-11-09,FADEEVA Oxana,FEHER Gabriela,RUS,SRB,4,0,"11,11,11,11|5,2,7,2",QR2,GRAND_SLAM,WS,1758,Qualification,FADEEVA Oxana (RUS),FEHER Gabriela (SRB),,,4 - 0,11:5 11:2 11:7 11:2,FADEEVA Oxana,2005
German Open Magdeburg 2005,2005-11-09,FADEEVA Oxana,SMISTIKOVA Martina,RUS,CZE,4,0,"11,11,11,11|9,5,4,2",3,GRAND_SLAM,WS,1758,Qualification,FADEEVA Oxana (RUS),SMISTIKOVA Martina (CZE),,,4 - 0,11:9 11:5 11:4 11:2,FADEEVA Oxana,2005
German Open Magdeburg 2005,2005-11-09,STEFANSKA Kinga,OPDENCAMP Karen,POL,BEL,4,2,"10,9,11,11,11,14|12,11,6,8,9,12",,GRAND_SLAM,WS,1758,Qualification,STEFANSKA Kinga (POL),OPDENCAMP Karen (BEL),,,4 - 2,10:12 9:11 11:6 11:8 11:9 14:12,STEFANSKA Kinga,2005
German Open Magdeburg 2005,2005-11-09,PALINA Irina,OPDENCAMP Karen,RUS,BEL,4,2,"11,9,11,11,11,11|13,11,6,5,4,7",QR2,GRAND_SLAM,WS,1758,Qualification,PALINA Irina (RUS),OPDENCAMP Karen (BEL),,,4 - 2,11:13 9:11 11:6 11:5 11:4 11:7,PALINA Irina,2005
German Open Magdeburg 2005,2005-11-09,PALINA Irina,STEFANSKA Kinga,RUS,POL,4,1,"11,6,11,11,11|9,11,8,5,8",3,GRAND_SLAM,WS,1758,Qualification,PALINA Irina (RUS),STEFANSKA Kinga (POL),,,4 - 1,11:9 6:11 11:8 11:5 11:8,PALINA Irina,2005
German Open Magdeburg 2005,2005-11-09,KIM Hyehyun,PERGEL Szandra,KOR,HUN,4,2,"11,8,5,11,11,11|4,11,11,9,6,8",,GRAND_SLAM,WS,1758,Qualification,KIM Hyehyun (KOR),PERGEL Szandra (HUN),,,4 - 2,11:4 8:11 5:11 11:9 11:6 11:8,KIM Hyehyun,2005
German Open Magdeburg 2005,2005-11-09,MOLNAR Cornelia,PERGEL Szandra,CRO,HUN,4,0,"11,11,11,11|5,7,8,7",QR2,GRAND_SLAM,WS,1758,Qualification,MOLNAR Cornelia (CRO),PERGEL Szandra (HUN),,,4 - 0,11:5 11:7 11:8 11:7,MOLNAR Cornelia,2005
German Open Magdeburg 2005,2005-11-09,MOLNAR Cornelia,KIM Hyehyun,CRO,KOR,4,1,"11,9,11,11,11|7,11,7,4,7",3,GRAND_SLAM,WS,1758,Qualification,MOLNAR Cornelia (CRO),KIM Hyehyun (KOR),,,4 - 1,11:7 9:11 11:7 11:4 11:7,MOLNAR Cornelia,2005
German Open Magdeburg 2005,2005-11-09,WIGOW Susanna,PLAVSIC Gordana,SWE,SRB,4,2,"12,14,11,4,11,11|14,12,7,11,6,4",,GRAND_SLAM,WS,1758,Qualification,WIGOW Susanna (SWE),PLAVSIC Gordana (SRB),,,2 - 4,14:12 12:14 7:11 11:4 6:11 4:11,WIGOW Susanna,2005
German Open Magdeburg 2005,2005-11-09,PAVLOVICH Veronika,WIGOW Susanna,BLR,SWE,4,0,"11,12,11,11|8,10,9,8",QR2,GRAND_SLAM,WS,1758,Qualification,PAVLOVICH Veronika (BLR),WIGOW Susanna (SWE),,,4 - 0,11:8 12:10 11:9 11:8,PAVLOVICH Veronika,2005
German Open Magdeburg 2005,2005-11-09,PAVLOVICH Veronika,PLAVSIC Gordana,BLR,SRB,4,0,"11,11,11,11|9,6,9,7",3,GRAND_SLAM,WS,1758,Qualification,PAVLOVICH Veronika (BLR),PLAVSIC Gordana (SRB),,,4 - 0,11:9 11:6 11:9 11:7,PAVLOVICH Veronika,2005
German Open Magdeburg 2005,2005-11-09,EKHOLM Matilda,CREEMERS Linda,SWE,NED,4,1,"10,11,11,12,11|12,8,8,10,6",,GRAND_SLAM,WS,1758,Qualification,EKHOLM Matilda (SWE),CREEMERS Linda (NED),,,4 - 1,10:12 11:8 11:8 12:10 11:6,EKHOLM Matilda,2005
German Open Magdeburg 2005,2005-11-09,HUANG Yi-Hua,CREEMERS Linda,TPE,NED,4,3,"7,11,8,12,11,8,11|11,8,11,10,6,11,7",QR2,GRAND_SLAM,WS,1758,Qualification,HUANG Yi-Hua (TPE),CREEMERS Linda (NED),,,4 - 3,7:11 11:8 8:11 12:10 11:6 8:11 11:7,HUANG Yi-Hua,2005
German Open Magdeburg 2005,2005-11-09,HUANG Yi-Hua,EKHOLM Matilda,TPE,SWE,4,1,"11,7,11,11,11|4,11,2,8,3",3,GRAND_SLAM,WS,1758,Qualification,HUANG Yi-Hua (TPE),EKHOLM Matilda (SWE),,,4 - 1,11:4 7:11 11:2 11:8 11:3,HUANG Yi-Hua,2005
German Open Magdeburg 2005,2005-11-09,KERTAI Rita,JOHANSSON Frida,HUN,SWE,4,1,"11,9,11,11,11|8,11,8,7,7",,GRAND_SLAM,WS,1758,Qualification,KERTAI Rita (HUN),JOHANSSON Frida (SWE),,,4 - 1,11:8 9:11 11:8 11:7 11:7,KERTAI Rita,2005
German Open Magdeburg 2005,2005-11-09,ODOROVA Eva,JOHANSSON Frida,SVK,SWE,4,1,"11,10,11,11,11|7,12,4,5,7",QR2,GRAND_SLAM,WS,1758,Qualification,ODOROVA Eva (SVK),JOHANSSON Frida (SWE),,,4 - 1,11:7 10:12 11:4 11:5 11:7,ODOROVA Eva,2005
German Open Magdeburg 2005,2005-11-09,ODOROVA Eva,KERTAI Rita,SVK,HUN,4,2,"6,9,11,11,11,11|11,11,8,4,4,5",3,GRAND_SLAM,WS,1758,Qualification,ODOROVA Eva (SVK),KERTAI Rita (HUN),,,4 - 2,6:11 9:11 11:8 11:4 11:4 11:5,ODOROVA Eva,2005
German Open Magdeburg 2005,2005-11-09,BARTHEL Zhenqi,BOBETIC Andrea,GER,CRO,4,2,"8,11,16,13,11,11|11,4,14,11,13,6",,GRAND_SLAM,WS,1758,Qualification,BARTHEL Zhenqi (GER),BOBETIC Andrea (CRO),,,4 - 2,8:11 11:4 16:14 13:11 11:13 11:6,BARTHEL Zhenqi,2005
German Open Magdeburg 2005,2005-11-09,PARK Miyoung,BOBETIC Andrea,KOR,CRO,4,0,"11,11,12,11|7,3,10,5",QR2,GRAND_SLAM,WS,1758,Qualification,PARK Miyoung (KOR),BOBETIC Andrea (CRO),,,4 - 0,11:7 11:3 12:10 11:5,PARK Miyoung,2005
German Open Magdeburg 2005,2005-11-09,PARK Miyoung,BARTHEL Zhenqi,KOR,GER,4,0,"13,11,11,11|11,4,3,9",3,GRAND_SLAM,WS,1758,Qualification,PARK Miyoung (KOR),BARTHEL Zhenqi (GER),,,4 - 0,13:11 11:4 11:3 11:9,PARK Miyoung,2005
German Open Magdeburg 2005,2005-11-09,DVORAK Galia,AMBRUS Timea,ESP,HUN,4,0,"11,11,12,11|3,5,10,9",,GRAND_SLAM,WS,1758,Qualification,DVORAK Galia (ESP),AMBRUS Timea (HUN),,,4 - 0,11:3 11:5 12:10 11:9,DVORAK Galia,2005
German Open Magdeburg 2005,2005-11-09,WU Xue,AMBRUS Timea,DOM,HUN,4,0,"11,11,11,11|3,5,9,5",QR2,GRAND_SLAM,WS,1758,Qualification,WU Xue (DOM),AMBRUS Timea (HUN),,,4 - 0,11:3 11:5 11:9 11:5,WU Xue,2005
German Open Magdeburg 2005,2005-11-09,WU Xue,DVORAK Galia,DOM,ESP,4,1,"8,11,11,12,11|11,6,3,10,6",3,GRAND_SLAM,WS,1758,Qualification,WU Xue (DOM),DVORAK Galia (ESP),,,4 - 1,8:11 11:6 11:3 12:10 11:6,WU Xue,2005
German Open Magdeburg 2005,2005-11-09,VAN ULSEN Sigrid,CICHOCKA Magdalena,NED,POL,4,2,"11,9,11,11,7,11|8,11,3,4,11,5",,GRAND_SLAM,WS,1758,Qualification,VAN ULSEN Sigrid (NED),CICHOCKA Magdalena (POL),,,2 - 4,8:11 11:9 3:11 4:11 11:7 5:11,VAN ULSEN Sigrid,2005
German Open Magdeburg 2005,2005-11-09,KISHIDA Satoko,VAN ULSEN Sigrid,JPN,NED,4,3,"11,13,6,9,11,11,11|6,11,11,11,6,13,7",QR2,GRAND_SLAM,WS,1758,Qualification,KISHIDA Satoko (JPN),VAN ULSEN Sigrid (NED),,,4 - 3,11:6 13:11 6:11 9:11 11:6 11:13 11:7,KISHIDA Satoko,2005
German Open Magdeburg 2005,2005-11-09,KISHIDA Satoko,CICHOCKA Magdalena,JPN,POL,4,3,"11,11,8,8,12,11,11|2,13,11,11,10,4,4",3,GRAND_SLAM,WS,1758,Qualification,KISHIDA Satoko (JPN),CICHOCKA Magdalena (POL),,,4 - 3,11:2 11:13 8:11 8:11 12:10 11:4 11:4,KISHIDA Satoko,2005
German Open Magdeburg 2005,2005-11-09,ERDELJI Anamaria,MAMALIGA Andreea,SRB,ROU,4,1,"11,11,5,11,11|6,2,11,2,6",,GRAND_SLAM,WS,1758,Qualification,ERDELJI Anamaria (SRB),MAMALIGA Andreea (ROU),,,4 - 1,11:6 11:2 5:11 11:2 11:6,ERDELJI Anamaria,2005
German Open Magdeburg 2005,2005-11-09,KOMWONG Nanthana,MAMALIGA Andreea,THA,ROU,4,0,"11,11,11,11|9,3,3,5",QR2,GRAND_SLAM,WS,1758,Qualification,KOMWONG Nanthana (THA),MAMALIGA Andreea (ROU),,,4 - 0,11:9 11:3 11:3 11:5,KOMWONG Nanthana,2005
German Open Magdeburg 2005,2005-11-09,ERDELJI Anamaria,KOMWONG Nanthana,SRB,THA,4,2,"11,8,11,9,11,11|8,11,9,11,7,8",3,GRAND_SLAM,WS,1758,Qualification,ERDELJI Anamaria (SRB),KOMWONG Nanthana (THA),,,2 - 4,8:11 11:8 9:11 11:9 7:11 8:11,ERDELJI Anamaria,2005
German Open Magdeburg 2005,2005-11-09,WEBEROVA Ivana,WATANABE Yuko,CZE,JPN,4,2,"11,9,11,12,7,11|5,11,7,10,11,2",,GRAND_SLAM,WS,1758,Qualification,WEBEROVA Ivana (CZE),WATANABE Yuko (JPN),,,2 - 4,5:11 11:9 7:11 10:12 11:7 2:11,WEBEROVA Ivana,2005
German Open Magdeburg 2005,2005-11-09,NEGRISOLI Laura,WEBEROVA Ivana,ITA,CZE,4,1,"8,11,13,13,11|11,7,11,11,4",QR2,GRAND_SLAM,WS,1758,Qualification,NEGRISOLI Laura (ITA),WEBEROVA Ivana (CZE),,,4 - 1,8:11 11:7 13:11 13:11 11:4,NEGRISOLI Laura,2005
German Open Magdeburg 2005,2005-11-09,WATANABE Yuko,NEGRISOLI Laura,JPN,ITA,4,0,,3,GRAND_SLAM,WS,1758,Qualification,WATANABE Yuko (JPN),NEGRISOLI Laura (ITA),,,0 - 4,,WATANABE Yuko,2005
German Open Magdeburg 2005,2005-11-09,VACHOVCOVA Alena,GOLOTA Marta,CZE,POL,4,1,"11,11,11,11,11|4,5,3,13,4",,GRAND_SLAM,WS,1758,Qualification,VACHOVCOVA Alena (CZE),GOLOTA Marta (POL),,,4 - 1,11:4 11:5 11:3 11:13 11:4,VACHOVCOVA Alena,2005
German Open Magdeburg 2005,2005-11-09,ERDELJI Silvija,GOLOTA Marta,SRB,POL,4,1,"11,11,11,11,13|1,9,2,13,11",QR2,GRAND_SLAM,WS,1758,Qualification,ERDELJI Silvija (SRB),GOLOTA Marta (POL),,,4 - 1,11:1 11:9 11:2 11:13 13:11,ERDELJI Silvija,2005
German Open Magdeburg 2005,2005-11-09,ERDELJI Silvija,VACHOVCOVA Alena,SRB,CZE,4,1,"4,11,11,11,12|11,6,6,4,10",3,GRAND_SLAM,WS,1758,Qualification,ERDELJI Silvija (SRB),VACHOVCOVA Alena (CZE),,,4 - 1,4:11 11:6 11:6 11:4 12:10,ERDELJI Silvija,2005
German Open Magdeburg 2005,2005-11-09,MUANGSUK Anisara,NOUWEN Carla,THA,NED,4,0,"11,11,11,11|5,9,5,5",,GRAND_SLAM,WS,1758,Qualification,MUANGSUK Anisara (THA),NOUWEN Carla (NED),,,4 - 0,11:5 11:9 11:5 11:5,MUANGSUK Anisara,2005
German Open Magdeburg 2005,2005-11-09,KRAMER Tanja,NOUWEN Carla,GER,NED,4,0,"11,11,11,11|7,1,7,5",QR2,GRAND_SLAM,WS,1758,Qualification,KRAMER Tanja (GER),NOUWEN Carla (NED),,,4 - 0,11:7 11:1 11:7 11:5,KRAMER Tanja,2005
German Open Magdeburg 2005,2005-11-09,MUANGSUK Anisara,KRAMER Tanja,THA,GER,4,2,"11,5,11,6,11,11|9,11,5,11,4,7",3,GRAND_SLAM,WS,1758,Qualification,MUANGSUK Anisara (THA),KRAMER Tanja (GER),,,2 - 4,9:11 11:5 5:11 11:6 4:11 7:11,MUANGSUK Anisara,2005
German Open Magdeburg 2005,2005-11-09,WANG Yu (YOB=1981),SIBLEY Kelly,ITA,ENG,4,1,"11,11,11,6,11|8,7,8,11,9",,GRAND_SLAM,WS,1758,Qualification,WANG Yu (YOB=1981) (ITA),SIBLEY Kelly (ENG),,,4 - 1,11:8 11:7 11:8 6:11 11:9,WANG Yu (YOB=1981),2005
German Open Magdeburg 2005,2005-11-09,GOBEL Jessica,SIBLEY Kelly,GER,ENG,4,1,"11,12,11,11,11|6,14,1,4,6",QR2,GRAND_SLAM,WS,1758,Qualification,GOBEL Jessica (GER),SIBLEY Kelly (ENG),,,4 - 1,11:6 12:14 11:1 11:4 11:6,GOBEL Jessica,2005
German Open Magdeburg 2005,2005-11-09,GOBEL Jessica,WANG Yu (YOB=1981),GER,ITA,4,2,"11,17,9,8,11,11|7,15,11,11,7,6",3,GRAND_SLAM,WS,1758,Qualification,GOBEL Jessica (GER),WANG Yu (YOB=1981) (ITA),,,4 - 2,11:7 17:15 9:11 8:11 11:7 11:6,GOBEL Jessica,2005
German Open Magdeburg 2005,2005-11-09,DODEAN Daniela,SMETEK Marta,ROU,POL,4,2,"6,11,11,11,5,11|11,9,7,6,11,7",,GRAND_SLAM,WS,1758,Qualification,DODEAN Daniela (ROU),SMETEK Marta (POL),,,4 - 2,6:11 11:9 11:7 11:6 5:11 11:7,DODEAN Daniela,2005
German Open Magdeburg 2005,2005-11-09,YOON Sunae,SMETEK Marta,KOR,POL,4,0,"11,11,12,11|2,5,10,6",QR2,GRAND_SLAM,WS,1758,Qualification,YOON Sunae (KOR),SMETEK Marta (POL),,,4 - 0,11:2 11:5 12:10 11:6,YOON Sunae,2005
German Open Magdeburg 2005,2005-11-09,YOON Sunae,DODEAN Daniela,KOR,ROU,4,2,"6,11,8,12,11,14|11,5,11,10,8,12",3,GRAND_SLAM,WS,1758,Qualification,YOON Sunae (KOR),DODEAN Daniela (ROU),,,4 - 2,6:11 11:5 8:11 12:10 11:8 14:12,YOON Sunae,2005
German Open Magdeburg 2005,2005-11-09,ITO Midori,VUGRINEC Suncica,JPN,CRO,4,3,"5,9,11,11,9,11,11|11,11,9,9,11,5,7",,GRAND_SLAM,WS,1758,Qualification,ITO Midori (JPN),VUGRINEC Suncica (CRO),,,4 - 3,5:11 9:11 11:9 11:9 9:11 11:5 11:7,ITO Midori,2005
German Open Magdeburg 2005,2005-11-09,LI Qiangbing,VUGRINEC Suncica,AUT,CRO,4,1,"9,11,11,11,11|11,7,5,9,2",QR2,GRAND_SLAM,WS,1758,Qualification,LI Qiangbing (AUT),VUGRINEC Suncica (CRO),,,4 - 1,9:11 11:7 11:5 11:9 11:2,LI Qiangbing,2005
German Open Magdeburg 2005,2005-11-09,LI Qiangbing,ITO Midori,AUT,JPN,4,0,"11,11,11,11|7,6,7,3",3,GRAND_SLAM,WS,1758,Qualification,LI Qiangbing (AUT),ITO Midori (JPN),,,4 - 0,11:7 11:6 11:7 11:3,LI Qiangbing,2005
German Open Magdeburg 2005,2005-11-09,IVANCAN Irene,PETZNER Martina,GER,AUT,4,0,"11,11,11,11|6,4,7,5",,GRAND_SLAM,WS,1758,Qualification,IVANCAN Irene (GER),PETZNER Martina (AUT),,,4 - 0,11:6 11:4 11:7 11:5,IVANCAN Irene,2005
German Open Magdeburg 2005,2005-11-09,MIAO Miao,PETZNER Martina,AUS,AUT,4,0,"11,11,11,11|7,2,6,9",QR2,GRAND_SLAM,WS,1758,Qualification,MIAO Miao (AUS),PETZNER Martina (AUT),,,4 - 0,11:7 11:2 11:6 11:9,MIAO Miao,2005
German Open Magdeburg 2005,2005-11-09,IVANCAN Irene,MIAO Miao,GER,AUS,4,1,"11,11,7,11,12|5,8,11,6,10",3,GRAND_SLAM,WS,1758,Qualification,IVANCAN Irene (GER),MIAO Miao (AUS),,,1 - 4,5:11 8:11 11:7 6:11 10:12,IVANCAN Irene,2005
German Open Magdeburg 2005,2005-11-09,LEE Hyangmi,YILDIRIM Fulya,KOR,TUR,4,1,"11,11,11,8,11|8,9,6,11,3",,GRAND_SLAM,WS,1758,Qualification,LEE Hyangmi (KOR),YILDIRIM Fulya (TUR),,,4 - 1,11:8 11:9 11:6 8:11 11:3,LEE Hyangmi,2005
German Open Magdeburg 2005,2005-11-09,VACENOVSKA Iveta,YILDIRIM Fulya,CZE,TUR,4,0,"11,11,11,11|3,9,7,6",QR2,GRAND_SLAM,WS,1758,Qualification,VACENOVSKA Iveta (CZE),YILDIRIM Fulya (TUR),,,4 - 0,11:3 11:9 11:7 11:6,VACENOVSKA Iveta,2005
German Open Magdeburg 2005,2005-11-09,VACENOVSKA Iveta,LEE Hyangmi,CZE,KOR,4,1,"8,11,11,11,11|11,8,4,7,3",3,GRAND_SLAM,WS,1758,Qualification,VACENOVSKA Iveta (CZE),LEE Hyangmi (KOR),,,4 - 1,8:11 11:8 11:4 11:7 11:3,VACENOVSKA Iveta,2005
German Open Magdeburg 2005,2005-11-09,POHAR Martina,BAK Natalia,SLO,POL,4,0,"11,11,11,11|3,5,8,4",,GRAND_SLAM,WS,1758,Qualification,POHAR Martina (SLO),BAK Natalia (POL),,,4 - 0,11:3 11:5 11:8 11:4,POHAR Martina,2005
German Open Magdeburg 2005,2005-11-09,ROBERTSON Laura,BAK Natalia,GER,POL,4,0,"11,11,13,11|5,8,11,7",QR2,GRAND_SLAM,WS,1758,Qualification,ROBERTSON Laura (GER),BAK Natalia (POL),,,4 - 0,11:5 11:8 13:11 11:7,ROBERTSON Laura,2005
German Open Magdeburg 2005,2005-11-09,POHAR Martina,ROBERTSON Laura,SLO,GER,4,3,"5,11,9,10,11,11,20|11,6,11,12,5,5,18",3,GRAND_SLAM,WS,1758,Qualification,POHAR Martina (SLO),ROBERTSON Laura (GER),,,3 - 4,11:5 6:11 11:9 12:10 5:11 5:11 18:20,POHAR Martina,2005
German Open Magdeburg 2005,2005-11-09,LIAN Qian,LUCENKOVA Viktoria,DOM,SVK,4,3,"11,9,8,11,11,7,11|9,11,11,6,8,11,5",,GRAND_SLAM,WS,1758,Qualification,LIAN Qian (DOM),LUCENKOVA Viktoria (SVK),,,4 - 3,11:9 9:11 8:11 11:6 11:8 7:11 11:5,LIAN Qian,2005
German Open Magdeburg 2005,2005-11-09,KIM Junghyun,LUCENKOVA Viktoria,KOR,SVK,4,1,"12,17,11,10,11|10,15,3,12,9",QR2,GRAND_SLAM,WS,1758,Qualification,KIM Junghyun (KOR),LUCENKOVA Viktoria (SVK),,,4 - 1,12:10 17:15 11:3 10:12 11:9,KIM Junghyun,2005
German Open Magdeburg 2005,2005-11-09,KIM Junghyun,LIAN Qian,KOR,DOM,4,1,"11,11,11,8,12|7,9,5,11,10",3,GRAND_SLAM,WS,1758,Qualification,KIM Junghyun (KOR),LIAN Qian (DOM),,,4 - 1,11:7 11:9 11:5 8:11 12:10,KIM Junghyun,2005
German Open Magdeburg 2005,2005-11-09,LU Yun-Feng,HARTMANN Carole,TPE,LUX,4,0,"11,11,11,11|1,3,7,3",,GRAND_SLAM,WS,1758,Qualification,LU Yun-Feng (TPE),HARTMANN Carole (LUX),,,4 - 0,11:1 11:3 11:7 11:3,LU Yun-Feng,2005
German Open Magdeburg 2005,2005-11-09,LOVAS Petra,HARTMANN Carole,HUN,LUX,4,3,"11,11,11,8,7,12,11|6,5,9,11,11,14,2",QR2,GRAND_SLAM,WS,1758,Qualification,LOVAS Petra (HUN),HARTMANN Carole (LUX),,,4 - 3,11:6 11:5 11:9 8:11 7:11 12:14 11:2,LOVAS Petra,2005
German Open Magdeburg 2005,2005-11-09,LU Yun-Feng,LOVAS Petra,TPE,HUN,4,0,,3,GRAND_SLAM,WS,1758,Qualification,LU Yun-Feng (TPE),LOVAS Petra (HUN),,,0 - 4,,LU Yun-Feng,2005
German Open Magdeburg 2005,2005-11-09,BAKULA Andrea,BOMANN Anne-Cathrine,CRO,DEN,4,1,"11,11,11,7,11|2,9,7,11,8",,GRAND_SLAM,WS,1758,Qualification,BAKULA Andrea (CRO),BOMANN Anne-Cathrine (DEN),,,4 - 1,11:2 11:9 11:7 7:11 11:8,BAKULA Andrea,2005
German Open Magdeburg 2005,2005-11-09,WU Jiaduo,MOLNAR Zita,GER,HUN,4,1,"11,11,7,11,11|6,7,11,6,9",QR2,GRAND_SLAM,WS,1758,Qualification,WU Jiaduo (GER),MOLNAR Zita (HUN),,,1 - 4,6:11 7:11 11:7 6:11 9:11,WU Jiaduo,2005
German Open Magdeburg 2005,2005-11-09,MOLNAR Zita,BOMANN Anne-Cathrine,HUN,DEN,4,0,"11,11,11,11|5,5,6,9",3,GRAND_SLAM,WS,1758,Qualification,MOLNAR Zita (HUN),BOMANN Anne-Cathrine (DEN),,,4 - 0,11:5 11:5 11:6 11:9,MOLNAR Zita,2005
German Open Magdeburg 2005,2005-11-09,WU Jiaduo,BAKULA Andrea,GER,CRO,4,2,"10,11,11,11,6,11|12,3,8,7,11,4",QR4,GRAND_SLAM,WS,1758,Qualification,WU Jiaduo (GER),BAKULA Andrea (CRO),,,2 - 4,12:10 3:11 8:11 7:11 11:6 4:11,WU Jiaduo,2005
German Open Magdeburg 2005,2005-11-09,MOLNAR Zita,BAKULA Andrea,HUN,CRO,4,1,"12,11,10,11,11|10,5,12,5,6",5,GRAND_SLAM,WS,1758,Qualification,MOLNAR Zita (HUN),BAKULA Andrea (CRO),,,4 - 1,12:10 11:5 10:12 11:5 11:6,MOLNAR Zita,2005
German Open Magdeburg 2005,2005-11-09,WU Jiaduo,BOMANN Anne-Cathrine,GER,DEN,4,0,"11,11,11,11|7,7,8,8",6,GRAND_SLAM,WS,1758,Qualification,WU Jiaduo (GER),BOMANN Anne-Cathrine (DEN),,,0 - 4,7:11 7:11 8:11 8:11,WU Jiaduo,2005
German Open Magdeburg 2005,2005-11-09,JIANG Huajun,ZHU Fang,HKG,ESP,4,0,"11,11,11,15|7,8,5,13",,GRAND_SLAM,WS,1758,Qualification,JIANG Huajun (HKG),ZHU Fang (ESP),,,0 - 4,7:11 8:11 5:11 13:15,JIANG Huajun,2005
German Open Magdeburg 2005,2005-11-09,PAOVIC Sandra,SKOV Mie,CRO,DEN,4,0,"11,11,11,11|8,6,6,5",QR2,GRAND_SLAM,WS,1758,Qualification,PAOVIC Sandra (CRO),SKOV Mie (DEN),,,4 - 0,11:8 11:6 11:6 11:5,PAOVIC Sandra,2005
German Open Magdeburg 2005,2005-11-09,JIANG Huajun,PAOVIC Sandra,HKG,CRO,4,0,"11,11,11,11|5,5,4,3",3,GRAND_SLAM,WS,1758,Qualification,JIANG Huajun (HKG),PAOVIC Sandra (CRO),,,0 - 4,5:11 5:11 4:11 3:11,JIANG Huajun,2005
German Open Magdeburg 2005,2005-11-09,ZHU Fang,SKOV Mie,ESP,DEN,4,2,"11,11,9,11,5,11|7,3,11,7,11,6",QR4,GRAND_SLAM,WS,1758,Qualification,ZHU Fang (ESP),SKOV Mie (DEN),,,4 - 2,11:7 11:3 9:11 11:7 5:11 11:6,ZHU Fang,2005
German Open Magdeburg 2005,2005-11-09,ZHU Fang,PAOVIC Sandra,ESP,CRO,4,1,"11,8,11,12,11|9,11,3,10,8",5,GRAND_SLAM,WS,1758,Qualification,ZHU Fang (ESP),PAOVIC Sandra (CRO),,,1 - 4,9:11 11:8 3:11 10:12 8:11,ZHU Fang,2005
German Open Magdeburg 2005,2005-11-09,JIANG Huajun,SKOV Mie,HKG,DEN,4,0,"11,11,11,11|2,7,4,2",6,GRAND_SLAM,WS,1758,Qualification,JIANG Huajun (HKG),SKOV Mie (DEN),,,4 - 0,11:2 11:7 11:4 11:2,JIANG Huajun,2005
German Open Magdeburg 2005,2005-11-09,KIM Kyungah,WU Jiaduo,KOR,GER,4,1,"11,11,6,15,11|7,7,11,13,8",R64,GRAND_SLAM,WS,1758,Main Draw,KIM Kyungah (KOR),WU Jiaduo (GER),,,4 - 1,11:7 11:7 6:11 15:13 11:8,KIM Kyungah,2005
German Open Magdeburg 2005,2005-11-09,HIRANO Sayaka,HUANG Yi-Hua,JPN,TPE,4,1,"12,11,5,11,11|10,7,11,7,5",R64,GRAND_SLAM,WS,1758,Main Draw,HIRANO Sayaka (JPN),HUANG Yi-Hua (TPE),,,1 - 4,10:12 7:11 11:5 7:11 5:11,HIRANO Sayaka,2005
German Open Magdeburg 2005,2005-11-09,WU Xue,GANINA Svetlana,DOM,RUS,4,1,"11,11,11,8,11|6,9,9,11,8",R64,GRAND_SLAM,WS,1758,Main Draw,WU Xue (DOM),GANINA Svetlana (RUS),,,1 - 4,6:11 9:11 9:11 11:8 8:11,WU Xue,2005
German Open Magdeburg 2005,2005-11-09,LI Jiao,KISHIDA Satoko,NED,JPN,4,3,"13,5,9,11,9,11,11|11,11,11,6,11,9,1",R64,GRAND_SLAM,WS,1758,Main Draw,LI Jiao (NED),KISHIDA Satoko (JPN),,,3 - 4,11:13 11:5 11:9 6:11 11:9 9:11 1:11,LI Jiao,2005
German Open Magdeburg 2005,2005-11-09,TOTH Krisztina,KONISHI An,HUN,JPN,4,3,"6,8,11,7,11,11,11|11,11,6,11,3,7,4",R64,GRAND_SLAM,WS,1758,Main Draw,TOTH Krisztina (HUN),KONISHI An (JPN),,,4 - 3,6:11 8:11 11:6 7:11 11:3 11:7 11:4,TOTH Krisztina,2005
German Open Magdeburg 2005,2005-11-09,UMEMURA Aya,MOLNAR Cornelia,JPN,CRO,4,2,"11,7,11,9,11,11|6,11,2,11,7,8",R64,GRAND_SLAM,WS,1758,Main Draw,UMEMURA Aya (JPN),MOLNAR Cornelia (CRO),,,2 - 4,6:11 11:7 2:11 11:9 7:11 8:11,UMEMURA Aya,2005
German Open Magdeburg 2005,2005-11-09,ODOROVA Eva,FUJINUMA Ai,SVK,JPN,4,2,"9,15,7,11,11,11|11,13,11,4,4,7",R64,GRAND_SLAM,WS,1758,Main Draw,ODOROVA Eva (SVK),FUJINUMA Ai (JPN),,,2 - 4,11:9 13:15 11:7 4:11 4:11 7:11,ODOROVA Eva,2005
German Open Magdeburg 2005,2005-11-09,LAU Sui Fei,PALINA Irina,HKG,RUS,4,2,"8,13,11,11,10,11|11,11,8,6,12,6",R64,GRAND_SLAM,WS,1758,Main Draw,LAU Sui Fei (HKG),PALINA Irina (RUS),,,2 - 4,11:8 11:13 8:11 6:11 12:10 6:11,LAU Sui Fei,2005
German Open Magdeburg 2005,2005-11-09,STEFANOVA Nikoleta,LI Xiaoxia,ITA,CHN,4,2,"7,8,11,11,14,11|11,11,5,7,12,9",R64,GRAND_SLAM,WS,1758,Main Draw,STEFANOVA Nikoleta (ITA),LI Xiaoxia (CHN),,,2 - 4,11:7 11:8 5:11 7:11 12:14 9:11,STEFANOVA Nikoleta,2005
German Open Magdeburg 2005,2005-11-09,MOON Hyunjung,RAMIREZ Sara,KOR,ESP,4,1,"11,11,9,11,11|7,2,11,9,9",R64,GRAND_SLAM,WS,1758,Main Draw,MOON Hyunjung (KOR),RAMIREZ Sara (ESP),,,1 - 4,7:11 2:11 11:9 9:11 9:11,MOON Hyunjung,2005
German Open Magdeburg 2005,2005-11-09,PARK Miyoung,SHEN Yanfei,KOR,ESP,4,0,"11,11,11,13|8,5,8,11",R64,GRAND_SLAM,WS,1758,Main Draw,PARK Miyoung (KOR),SHEN Yanfei (ESP),,,0 - 4,8:11 5:11 8:11 11:13,PARK Miyoung,2005
German Open Magdeburg 2005,2005-11-09,CAO Zhen,POHAR Martina,CHN,SLO,4,0,"11,11,11,11|4,9,7,6",R64,GRAND_SLAM,WS,1758,Main Draw,CAO Zhen (CHN),POHAR Martina (SLO),,,0 - 4,4:11 9:11 7:11 6:11,CAO Zhen,2005
German Open Magdeburg 2005,2005-11-09,STEFF Mihaela,PAVLOVICH Veronika,ROU,BLR,4,2,"5,11,11,11,5,11|11,8,8,8,11,9",R64,GRAND_SLAM,WS,1758,Main Draw,STEFF Mihaela (ROU),PAVLOVICH Veronika (BLR),,,4 - 2,5:11 11:8 11:8 11:8 5:11 11:9,STEFF Mihaela,2005
German Open Magdeburg 2005,2005-11-09,TAN Wenling,GOBEL Jessica,ITA,GER,4,2,"11,12,8,13,11,11|8,10,11,15,5,7",R64,GRAND_SLAM,WS,1758,Main Draw,TAN Wenling (ITA),GOBEL Jessica (GER),,,2 - 4,8:11 10:12 11:8 15:13 5:11 7:11,TAN Wenling,2005
German Open Magdeburg 2005,2005-11-09,XU Jie (1979),POTA Georgina,WAL,HUN,4,1,"9,11,11,11,12|11,6,5,5,10",R64,GRAND_SLAM,WS,1758,Main Draw,XU Jie (1979) (WAL),POTA Georgina (HUN),,,1 - 4,11:9 6:11 5:11 5:11 10:12,XU Jie (1979),2005
German Open Magdeburg 2005,2005-11-09,TIE Yana,YOON Sunae,HKG,KOR,4,1,"11,11,7,11,11|8,9,11,5,8",R64,GRAND_SLAM,WS,1758,Main Draw,TIE Yana (HKG),YOON Sunae (KOR),,,1 - 4,8:11 9:11 11:7 5:11 8:11,TIE Yana,2005
German Open Magdeburg 2005,2005-11-09,LIN Ling,ZAMFIR Adriana,HKG,ROU,4,1,"7,11,11,11,11|11,9,1,7,2",R64,GRAND_SLAM,WS,1758,Main Draw,LIN Ling (HKG),ZAMFIR Adriana (ROU),,,4 - 1,7:11 11:9 11:1 11:7 11:2,LIN Ling,2005
German Open Magdeburg 2005,2005-11-09,STRUSE Nicole,LI Qiangbing,GER,AUT,4,0,"11,11,13,11|8,3,11,3",R64,GRAND_SLAM,WS,1758,Main Draw,STRUSE Nicole (GER),LI Qiangbing (AUT),,,0 - 4,8:11 3:11 11:13 3:11,STRUSE Nicole,2005
German Open Magdeburg 2005,2005-11-09,HIURA Reiko,KIM Bokrae,JPN,KOR,4,0,"11,11,11,11|8,9,5,7",R64,GRAND_SLAM,WS,1758,Main Draw,HIURA Reiko (JPN),KIM Bokrae (KOR),,,0 - 4,8:11 9:11 5:11 7:11,HIURA Reiko,2005
German Open Magdeburg 2005,2005-11-09,LIU Jia,ERDELJI Silvija,AUT,SRB,4,0,"11,11,11,11|4,7,9,8",R64,GRAND_SLAM,WS,1758,Main Draw,LIU Jia (AUT),ERDELJI Silvija (SRB),,,0 - 4,4:11 7:11 9:11 8:11,LIU Jia,2005
German Open Magdeburg 2005,2005-11-09,FAN Ying,FUJII Hiroko,CHN,JPN,4,1,"12,11,3,11,11|10,7,11,5,6",R64,GRAND_SLAM,WS,1758,Main Draw,FAN Ying (CHN),FUJII Hiroko (JPN),,,4 - 1,12:10 11:7 3:11 11:5 11:6,FAN Ying,2005
German Open Magdeburg 2005,2005-11-09,KANAZAWA Saki,PENG Luyang,JPN,CHN,4,1,"6,11,11,11,11|11,5,9,9,7",R64,GRAND_SLAM,WS,1758,Main Draw,KANAZAWA Saki (JPN),PENG Luyang (CHN),,,4 - 1,6:11 11:5 11:9 11:9 11:7,KANAZAWA Saki,2005
German Open Magdeburg 2005,2005-11-09,XU Jie (1982),VACENOVSKA Iveta,POL,CZE,4,1,"11,11,11,7,11|6,7,6,11,8",R64,GRAND_SLAM,WS,1758,Main Draw,XU Jie (1982) (POL),VACENOVSKA Iveta (CZE),,,4 - 1,11:6 11:7 11:6 7:11 11:8,XU Jie (1982),2005
German Open Magdeburg 2005,2005-11-09,LEE Eunhee,GAO Jun,KOR,USA,4,2,"16,3,12,11,11,11|14,11,14,1,6,1",R64,GRAND_SLAM,WS,1758,Main Draw,LEE Eunhee (KOR),GAO Jun (USA),,,4 - 2,16:14 3:11 12:14 11:1 11:6 11:1,LEE Eunhee,2005
German Open Magdeburg 2005,2005-11-09,PAVLOVICH Viktoria,DING Ning,BLR,CHN,4,1,"11,5,11,11,11|6,11,9,4,9",R64,GRAND_SLAM,WS,1758,Main Draw,PAVLOVICH Viktoria (BLR),DING Ning (CHN),,,4 - 1,11:6 5:11 11:9 11:4 11:9,PAVLOVICH Viktoria,2005
German Open Magdeburg 2005,2005-11-09,SCHOPP Jie,FADEEVA Oxana,GER,RUS,4,1,"9,12,11,11,12|11,10,9,8,10",R64,GRAND_SLAM,WS,1758,Main Draw,SCHOPP Jie (GER),FADEEVA Oxana (RUS),,,1 - 4,11:9 10:12 9:11 8:11 10:12,SCHOPP Jie,2005
German Open Magdeburg 2005,2005-11-09,SCHALL Elke,JIANG Huajun,GER,HKG,4,3,"6,11,8,11,9,11,12|11,8,11,7,11,5,10",R64,GRAND_SLAM,WS,1758,Main Draw,SCHALL Elke (GER),JIANG Huajun (HKG),,,4 - 3,6:11 11:8 8:11 11:7 9:11 11:5 12:10,SCHALL Elke,2005
German Open Magdeburg 2005,2005-11-09,SONG Ah Sim,BOLLMEIER Nadine,HKG,GER,4,1,"5,11,11,11,11|11,8,7,9,7",R64,GRAND_SLAM,WS,1758,Main Draw,SONG Ah Sim (HKG),BOLLMEIER Nadine (GER),,,1 - 4,11:5 8:11 7:11 9:11 7:11,SONG Ah Sim,2005
German Open Magdeburg 2005,2005-11-09,ZHANG Rui,IVANCAN Irene,HKG,GER,4,2,"8,11,11,7,11,11|11,8,6,11,5,3",R64,GRAND_SLAM,WS,1758,Main Draw,ZHANG Rui (HKG),IVANCAN Irene (GER),,,4 - 2,8:11 11:8 11:6 7:11 11:5 11:3,ZHANG Rui,2005
German Open Magdeburg 2005,2005-11-09,CHANG Chenchen,MUANGSUK Anisara,CHN,THA,4,0,"11,11,11,11|8,9,7,5",R64,GRAND_SLAM,WS,1758,Main Draw,CHANG Chenchen (CHN),MUANGSUK Anisara (THA),,,0 - 4,8:11 9:11 7:11 5:11,CHANG Chenchen,2005
German Open Magdeburg 2005,2005-11-09,ERDELJI Anamaria,LANG Kristin,SRB,GER,4,3,"9,8,11,5,11,11,12|11,11,4,11,6,6,10",R64,GRAND_SLAM,WS,1758,Main Draw,ERDELJI Anamaria (SRB),LANG Kristin (GER),,,3 - 4,11:9 11:8 4:11 11:5 6:11 6:11 10:12,ERDELJI Anamaria,2005
German Open Magdeburg 2005,2005-11-09,BOROS Tamara,WEBEROVA Ivana,CRO,CZE,4,1,"11,8,11,11,11|3,11,7,1,6",R64,GRAND_SLAM,WS,1758,Main Draw,BOROS Tamara (CRO),WEBEROVA Ivana (CZE),,,1 - 4,3:11 11:8 7:11 1:11 6:11,BOROS Tamara,2005
German Open Magdeburg 2005,2005-11-09,KIM Kyungah,HIRANO Sayaka,KOR,JPN,4,0,"11,11,12,11|6,8,10,9",R32,GRAND_SLAM,WS,1758,Main Draw,KIM Kyungah (KOR),HIRANO Sayaka (JPN),,,4 - 0,11:6 11:8 12:10 11:9,KIM Kyungah,2005
German Open Magdeburg 2005,2005-11-09,WU Xue,LI Jiao,DOM,NED,4,1,"11,11,9,11,11|7,5,11,8,4",R32,GRAND_SLAM,WS,1758,Main Draw,WU Xue (DOM),LI Jiao (NED),,,4 - 1,11:7 11:5 9:11 11:8 11:4,WU Xue,2005
German Open Magdeburg 2005,2005-11-09,TOTH Krisztina,UMEMURA Aya,HUN,JPN,4,1,"9,11,11,11,11|11,9,7,8,3",R32,GRAND_SLAM,WS,1758,Main Draw,TOTH Krisztina (HUN),UMEMURA Aya (JPN),,,4 - 1,9:11 11:9 11:7 11:8 11:3,TOTH Krisztina,2005
German Open Magdeburg 2005,2005-11-09,LAU Sui Fei,ODOROVA Eva,HKG,SVK,4,3,"11,9,10,11,11,9,11|4,11,12,4,6,11,9",R32,GRAND_SLAM,WS,1758,Main Draw,LAU Sui Fei (HKG),ODOROVA Eva (SVK),,,3 - 4,4:11 11:9 12:10 4:11 6:11 11:9 9:11,LAU Sui Fei,2005
German Open Magdeburg 2005,2005-11-09,MOON Hyunjung,STEFANOVA Nikoleta,KOR,ITA,4,2,"9,11,11,9,11,11|11,8,5,11,6,9",R32,GRAND_SLAM,WS,1758,Main Draw,MOON Hyunjung (KOR),STEFANOVA Nikoleta (ITA),,,2 - 4,11:9 8:11 5:11 11:9 6:11 9:11,MOON Hyunjung,2005
German Open Magdeburg 2005,2005-11-09,CAO Zhen,PARK Miyoung,CHN,KOR,4,1,"11,3,11,11,11|7,11,7,3,9",R32,GRAND_SLAM,WS,1758,Main Draw,CAO Zhen (CHN),PARK Miyoung (KOR),,,1 - 4,7:11 11:3 7:11 3:11 9:11,CAO Zhen,2005
German Open Magdeburg 2005,2005-11-09,STEFF Mihaela,TAN Wenling,ROU,ITA,4,0,"11,11,11,11|5,5,3,3",R32,GRAND_SLAM,WS,1758,Main Draw,STEFF Mihaela (ROU),TAN Wenling (ITA),,,4 - 0,11:5 11:5 11:3 11:3,STEFF Mihaela,2005
German Open Magdeburg 2005,2005-11-09,TIE Yana,XU Jie (1979),HKG,WAL,4,1,"12,9,11,11,11|10,11,8,8,7",R32,GRAND_SLAM,WS,1758,Main Draw,TIE Yana (HKG),XU Jie (1979) (WAL),,,1 - 4,10:12 11:9 8:11 8:11 7:11,TIE Yana,2005
German Open Magdeburg 2005,2005-11-09,STRUSE Nicole,LIN Ling,GER,HKG,4,2,"10,11,11,11,10,11|12,4,9,4,12,8",R32,GRAND_SLAM,WS,1758,Main Draw,STRUSE Nicole (GER),LIN Ling (HKG),,,2 - 4,12:10 4:11 9:11 4:11 12:10 8:11,STRUSE Nicole,2005
German Open Magdeburg 2005,2005-11-09,HIURA Reiko,LIU Jia,JPN,AUT,4,1,"9,11,11,14,12|11,6,6,12,10",R32,GRAND_SLAM,WS,1758,Main Draw,HIURA Reiko (JPN),LIU Jia (AUT),,,4 - 1,9:11 11:6 11:6 14:12 12:10,HIURA Reiko,2005
German Open Magdeburg 2005,2005-11-09,FAN Ying,KANAZAWA Saki,CHN,JPN,4,1,"5,11,11,11,11|11,6,3,4,7",R32,GRAND_SLAM,WS,1758,Main Draw,FAN Ying (CHN),KANAZAWA Saki (JPN),,,4 - 1,5:11 11:6 11:3 11:4 11:7,FAN Ying,2005
German Open Magdeburg 2005,2005-11-09,LEE Eunhee,XU Jie (1982),KOR,POL,4,1,"9,16,11,11,11|11,14,5,7,5",R32,GRAND_SLAM,WS,1758,Main Draw,LEE Eunhee (KOR),XU Jie (1982) (POL),,,1 - 4,11:9 14:16 5:11 7:11 5:11,LEE Eunhee,2005
German Open Magdeburg 2005,2005-11-09,PAVLOVICH Viktoria,SCHOPP Jie,BLR,GER,4,1,"7,11,11,11,11|11,7,7,8,5",R32,GRAND_SLAM,WS,1758,Main Draw,PAVLOVICH Viktoria (BLR),SCHOPP Jie (GER),,,4 - 1,7:11 11:7 11:7 11:8 11:5,PAVLOVICH Viktoria,2005
German Open Magdeburg 2005,2005-11-09,SCHALL Elke,SONG Ah Sim,GER,HKG,4,1,"11,11,13,7,11|5,7,11,11,5",R32,GRAND_SLAM,WS,1758,Main Draw,SCHALL Elke (GER),SONG Ah Sim (HKG),,,4 - 1,11:5 11:7 13:11 7:11 11:5,SCHALL Elke,2005
German Open Magdeburg 2005,2005-11-09,CHANG Chenchen,ZHANG Rui,CHN,HKG,4,0,"14,11,11,11|12,9,7,7",R32,GRAND_SLAM,WS,1758,Main Draw,CHANG Chenchen (CHN),ZHANG Rui (HKG),,,0 - 4,12:14 9:11 7:11 7:11,CHANG Chenchen,2005
German Open Magdeburg 2005,2005-11-09,BOROS Tamara,ERDELJI Anamaria,CRO,SRB,4,0,"11,11,11,11|3,8,2,7",R32,GRAND_SLAM,WS,1758,Main Draw,BOROS Tamara (CRO),ERDELJI Anamaria (SRB),,,0 - 4,3:11 8:11 2:11 7:11,BOROS Tamara,2005
German Open Magdeburg 2005,2005-11-09,KIM Kyungah,WU Xue,KOR,DOM,4,1,"11,11,5,11,11|8,7,11,2,1",R16,GRAND_SLAM,WS,1758,Main Draw,KIM Kyungah (KOR),WU Xue (DOM),,,4 - 1,11:8 11:7 5:11 11:2 11:1,KIM Kyungah,2005
German Open Magdeburg 2005,2005-11-09,TOTH Krisztina,LAU Sui Fei,HUN,HKG,4,3,"9,12,5,11,11,11,11|11,14,11,8,5,7,9",R16,GRAND_SLAM,WS,1758,Main Draw,TOTH Krisztina (HUN),LAU Sui Fei (HKG),,,4 - 3,9:11 12:14 5:11 11:8 11:5 11:7 11:9,TOTH Krisztina,2005
German Open Magdeburg 2005,2005-11-09,CAO Zhen,MOON Hyunjung,CHN,KOR,4,0,"11,11,11,11|8,7,5,6",R16,GRAND_SLAM,WS,1758,Main Draw,CAO Zhen (CHN),MOON Hyunjung (KOR),,,0 - 4,8:11 7:11 5:11 6:11,CAO Zhen,2005
German Open Magdeburg 2005,2005-11-09,STEFF Mihaela,TIE Yana,ROU,HKG,4,2,"13,4,5,11,11,11|11,11,11,8,7,8",R16,GRAND_SLAM,WS,1758,Main Draw,STEFF Mihaela (ROU),TIE Yana (HKG),,,4 - 2,13:11 4:11 5:11 11:8 11:7 11:8,STEFF Mihaela,2005
German Open Magdeburg 2005,2005-11-09,STRUSE Nicole,HIURA Reiko,GER,JPN,4,0,"11,11,11,11|9,5,4,7",R16,GRAND_SLAM,WS,1758,Main Draw,STRUSE Nicole (GER),HIURA Reiko (JPN),,,4 - 0,11:9 11:5 11:4 11:7,STRUSE Nicole,2005
German Open Magdeburg 2005,2005-11-09,FAN Ying,LEE Eunhee,CHN,KOR,4,1,"12,6,11,11,11|10,11,9,5,8",R16,GRAND_SLAM,WS,1758,Main Draw,FAN Ying (CHN),LEE Eunhee (KOR),,,4 - 1,12:10 6:11 11:9 11:5 11:8,FAN Ying,2005
German Open Magdeburg 2005,2005-11-09,PAVLOVICH Viktoria,SCHALL Elke,BLR,GER,4,1,"12,8,11,11,12|10,11,7,8,10",R16,GRAND_SLAM,WS,1758,Main Draw,PAVLOVICH Viktoria (BLR),SCHALL Elke (GER),,,4 - 1,12:10 8:11 11:7 11:8 12:10,PAVLOVICH Viktoria,2005
German Open Magdeburg 2005,2005-11-09,BOROS Tamara,CHANG Chenchen,CRO,CHN,4,3,"7,11,12,11,6,11,13|11,8,14,6,11,5,11",R16,GRAND_SLAM,WS,1758,Main Draw,BOROS Tamara (CRO),CHANG Chenchen (CHN),,,3 - 4,11:7 8:11 14:12 6:11 11:6 5:11 11:13,BOROS Tamara,2005
German Open Magdeburg 2005,2005-11-09,KIM Kyungah,TOTH Krisztina,KOR,HUN,4,1,"3,11,11,11,11|11,8,6,5,5",QuarterFinal,GRAND_SLAM,WS,1758,Main Draw,KIM Kyungah (KOR),TOTH Krisztina (HUN),,,4 - 1,3:11 11:8 11:6 11:5 11:5,KIM Kyungah,2005
German Open Magdeburg 2005,2005-11-09,CAO Zhen,STEFF Mihaela,CHN,ROU,4,3,"11,11,7,8,11,6,11|7,9,11,11,8,11,3",QuarterFinal,GRAND_SLAM,WS,1758,Main Draw,CAO Zhen (CHN),STEFF Mihaela (ROU),,,4 - 3,11:7 11:9 7:11 8:11 11:8 6:11 11:3,CAO Zhen,2005
German Open Magdeburg 2005,2005-11-09,FAN Ying,STRUSE Nicole,CHN,GER,4,0,"11,11,11,11|8,5,9,8",QuarterFinal,GRAND_SLAM,WS,1758,Main Draw,FAN Ying (CHN),STRUSE Nicole (GER),,,0 - 4,8:11 5:11 9:11 8:11,FAN Ying,2005
German Open Magdeburg 2005,2005-11-09,BOROS Tamara,PAVLOVICH Viktoria,CRO,BLR,4,2,"5,11,11,11,11,11|11,13,7,7,3,8",QuarterFinal,GRAND_SLAM,WS,1758,Main Draw,BOROS Tamara (CRO),PAVLOVICH Viktoria (BLR),,,2 - 4,11:5 13:11 7:11 7:11 3:11 8:11,BOROS Tamara,2005
German Open Magdeburg 2005,2005-11-09,CAO Zhen,KIM Kyungah,CHN,KOR,4,0,"12,11,11,11|10,8,9,5",SemiFinal,GRAND_SLAM,WS,1758,Main Draw,CAO Zhen (CHN),KIM Kyungah (KOR),,,0 - 4,10:12 8:11 9:11 5:11,CAO Zhen,2005
German Open Magdeburg 2005,2005-11-09,FAN Ying,BOROS Tamara,CHN,CRO,4,1,"11,11,11,9,12|9,3,5,11,10",SemiFinal,GRAND_SLAM,WS,1758,Main Draw,FAN Ying (CHN),BOROS Tamara (CRO),,,4 - 1,11:9 11:3 11:5 9:11 12:10,FAN Ying,2005
German Open Magdeburg 2005,2005-11-09,CAO Zhen,FAN Ying,CHN,CHN,4,0,"12,11,15,11|10,8,13,7",Final,GRAND_SLAM,WS,1758,Main Draw,CAO Zhen (CHN),FAN Ying (CHN),,,4 - 0,12:10 11:8 15:13 11:7,CAO Zhen,2005
German Open Magdeburg 2005,2005-11-09,JIANG Huajun,KIM Junghyun,HKG,KOR,4,0,"11,11,11,11|9,6,8,7",QR4,GRAND_SLAM,WS,1758,Qualification,JIANG Huajun (HKG),KIM Junghyun (KOR),,,0 - 4,9:11 6:11 8:11 7:11,JIANG Huajun,2005
German Open Magdeburg 2005,2005-11-09,WU Jiaduo,LU Yun-Feng,GER,TPE,4,1,"11,11,8,11,11|9,7,11,2,3",QR4,GRAND_SLAM,WS,1758,Qualification,WU Jiaduo (GER),LU Yun-Feng (TPE),,,1 - 4,9:11 7:11 11:8 2:11 3:11,WU Jiaduo,2005
German Open Magdeburg 2005,2005-11-09,CREEMERS Linda,AMBRUS Timea,NED,HUN,3,1,"7,11,11,12|11,4,8,10",,GRAND_SLAM,U21WS,1758,Qualification,CREEMERS Linda (NED),AMBRUS Timea (HUN),,,3 - 1,7:11 11:4 11:8 12:10,CREEMERS Linda,2005
German Open Magdeburg 2005,2005-11-09,ITO Midori,AMBRUS Timea,JPN,HUN,3,0,"12,11,11|10,3,3",QR2,GRAND_SLAM,U21WS,1758,Qualification,ITO Midori (JPN),AMBRUS Timea (HUN),,,3 - 0,12:10 11:3 11:3,ITO Midori,2005
German Open Magdeburg 2005,2005-11-09,CREEMERS Linda,ITO Midori,NED,JPN,3,1,"11,11,8,11|5,6,11,9",3,GRAND_SLAM,U21WS,1758,Qualification,CREEMERS Linda (NED),ITO Midori (JPN),,,1 - 3,5:11 6:11 11:8 9:11,CREEMERS Linda,2005
German Open Magdeburg 2005,2005-11-09,JOHANSSON Frida,VAN ULSEN Sigrid,SWE,NED,3,2,"11,11,10,9,11|6,7,12,11,8",,GRAND_SLAM,U21WS,1758,Qualification,JOHANSSON Frida (SWE),VAN ULSEN Sigrid (NED),,,3 - 2,11:6 11:7 10:12 9:11 11:8,JOHANSSON Frida,2005
German Open Magdeburg 2005,2005-11-09,VAN ULSEN Sigrid,DODEAN Daniela,NED,ROU,3,1,"12,7,11,11|10,11,9,7",QR2,GRAND_SLAM,U21WS,1758,Qualification,VAN ULSEN Sigrid (NED),DODEAN Daniela (ROU),,,1 - 3,10:12 11:7 9:11 7:11,VAN ULSEN Sigrid,2005
German Open Magdeburg 2005,2005-11-09,DODEAN Daniela,JOHANSSON Frida,ROU,SWE,3,0,"11,11,13|7,8,11",3,GRAND_SLAM,U21WS,1758,Qualification,DODEAN Daniela (ROU),JOHANSSON Frida (SWE),,,3 - 0,11:7 11:8 13:11,DODEAN Daniela,2005
German Open Magdeburg 2005,2005-11-09,MAMALIGA Andreea,PERGEL Szandra,ROU,HUN,3,0,"11,11,11|7,8,4",,GRAND_SLAM,U21WS,1758,Qualification,MAMALIGA Andreea (ROU),PERGEL Szandra (HUN),,,0 - 3,7:11 8:11 4:11,MAMALIGA Andreea,2005
German Open Magdeburg 2005,2005-11-09,MAMALIGA Andreea,WATANABE Yuko,ROU,JPN,3,2,"11,9,11,9,12|9,11,8,11,10",QR2,GRAND_SLAM,U21WS,1758,Qualification,MAMALIGA Andreea (ROU),WATANABE Yuko (JPN),,,2 - 3,9:11 11:9 8:11 11:9 10:12,MAMALIGA Andreea,2005
German Open Magdeburg 2005,2005-11-09,WATANABE Yuko,PERGEL Szandra,JPN,HUN,3,1,"7,11,13,11|11,6,11,9",3,GRAND_SLAM,U21WS,1758,Qualification,WATANABE Yuko (JPN),PERGEL Szandra (HUN),,,3 - 1,7:11 11:6 13:11 11:9,WATANABE Yuko,2005
German Open Magdeburg 2005,2005-11-09,NOUWEN Carla,PARTYKA Natalia,NED,POL,3,1,"10,11,12,11|12,9,10,5",,GRAND_SLAM,U21WS,1758,Qualification,NOUWEN Carla (NED),PARTYKA Natalia (POL),,,1 - 3,12:10 9:11 10:12 5:11,NOUWEN Carla,2005
German Open Magdeburg 2005,2005-11-09,ERDELJI Anamaria,NOUWEN Carla,SRB,NED,3,0,"12,11,14|10,1,12",QR2,GRAND_SLAM,U21WS,1758,Qualification,ERDELJI Anamaria (SRB),NOUWEN Carla (NED),,,3 - 0,12:10 11:1 14:12,ERDELJI Anamaria,2005
German Open Magdeburg 2005,2005-11-09,ERDELJI Anamaria,PARTYKA Natalia,SRB,POL,3,0,"11,11,11|2,5,4",3,GRAND_SLAM,U21WS,1758,Qualification,ERDELJI Anamaria (SRB),PARTYKA Natalia (POL),,,3 - 0,11:2 11:5 11:4,ERDELJI Anamaria,2005
German Open Magdeburg 2005,2005-11-09,FEHER Gabriela,SIBLEY Kelly,SRB,ENG,3,2,"11,9,11,5,11|7,11,4,11,8",,GRAND_SLAM,U21WS,1758,Qualification,FEHER Gabriela (SRB),SIBLEY Kelly (ENG),,,3 - 2,11:7 9:11 11:4 5:11 11:8,FEHER Gabriela,2005
German Open Magdeburg 2005,2005-11-09,CICHOCKA Magdalena,SIBLEY Kelly,POL,ENG,3,2,"10,11,4,11,11|12,9,11,1,6",QR2,GRAND_SLAM,U21WS,1758,Qualification,CICHOCKA Magdalena (POL),SIBLEY Kelly (ENG),,,3 - 2,10:12 11:9 4:11 11:1 11:6,CICHOCKA Magdalena,2005
German Open Magdeburg 2005,2005-11-09,CICHOCKA Magdalena,FEHER Gabriela,POL,SRB,3,2,"9,11,12,9,11|11,6,10,11,7",3,GRAND_SLAM,U21WS,1758,Qualification,CICHOCKA Magdalena (POL),FEHER Gabriela (SRB),,,3 - 2,9:11 11:6 12:10 9:11 11:7,CICHOCKA Magdalena,2005
German Open Magdeburg 2005,2005-11-09,GOLOTA Marta,DRINKHALL Joanna,POL,ENG,3,2,"12,8,11,9,11|10,11,7,11,3",,GRAND_SLAM,U21WS,1758,Qualification,GOLOTA Marta (POL),DRINKHALL Joanna (ENG),,,2 - 3,10:12 11:8 7:11 11:9 3:11,GOLOTA Marta,2005
German Open Magdeburg 2005,2005-11-09,DVORAK Galia,GOLOTA Marta,ESP,POL,3,0,"11,11,11|8,1,4",QR2,GRAND_SLAM,U21WS,1758,Qualification,DVORAK Galia (ESP),GOLOTA Marta (POL),,,3 - 0,11:8 11:1 11:4,DVORAK Galia,2005
German Open Magdeburg 2005,2005-11-09,DVORAK Galia,DRINKHALL Joanna,ESP,ENG,3,1,"11,11,12,11|7,3,14,7",3,GRAND_SLAM,U21WS,1758,Qualification,DVORAK Galia (ESP),DRINKHALL Joanna (ENG),,,3 - 1,11:7 11:3 12:14 11:7,DVORAK Galia,2005
German Open Magdeburg 2005,2005-11-09,SMETEK Marta,CSERNYIK Ildiko,POL,HUN,3,0,"11,11,11|8,7,8",,GRAND_SLAM,U21WS,1758,Qualification,SMETEK Marta (POL),CSERNYIK Ildiko (HUN),,,0 - 3,8:11 7:11 8:11,SMETEK Marta,2005
German Open Magdeburg 2005,2005-11-09,BARTHEL Zhenqi,SMETEK Marta,GER,POL,3,0,"11,11,11|7,7,5",QR2,GRAND_SLAM,U21WS,1758,Qualification,BARTHEL Zhenqi (GER),SMETEK Marta (POL),,,3 - 0,11:7 11:7 11:5,BARTHEL Zhenqi,2005
German Open Magdeburg 2005,2005-11-09,BARTHEL Zhenqi,CSERNYIK Ildiko,GER,HUN,3,1,"11,11,9,11|5,6,11,5",3,GRAND_SLAM,U21WS,1758,Qualification,BARTHEL Zhenqi (GER),CSERNYIK Ildiko (HUN),,,3 - 1,11:5 11:6 9:11 11:5,BARTHEL Zhenqi,2005
German Open Magdeburg 2005,2005-11-09,PENKAVOVA Katerina,VUGRINEC Suncica,CZE,CRO,3,0,"12,11,11|10,7,8",,GRAND_SLAM,U21WS,1758,Qualification,PENKAVOVA Katerina (CZE),VUGRINEC Suncica (CRO),,,3 - 0,12:10 11:7 11:8,PENKAVOVA Katerina,2005
German Open Magdeburg 2005,2005-11-09,VUGRINEC Suncica,KIM Hyehyun,CRO,KOR,3,0,"11,11,11|7,9,8",QR2,GRAND_SLAM,U21WS,1758,Qualification,VUGRINEC Suncica (CRO),KIM Hyehyun (KOR),,,0 - 3,7:11 9:11 8:11,VUGRINEC Suncica,2005
German Open Magdeburg 2005,2005-11-09,KIM Hyehyun,PENKAVOVA Katerina,KOR,CZE,3,2,"6,5,11,11,11|11,11,5,6,5",3,GRAND_SLAM,U21WS,1758,Qualification,KIM Hyehyun (KOR),PENKAVOVA Katerina (CZE),,,3 - 2,6:11 5:11 11:5 11:6 11:5,KIM Hyehyun,2005
German Open Magdeburg 2005,2005-11-09,YILDIRIM Fulya,JANTA-LIPINSKA Anna,TUR,POL,3,1,"11,8,11,11|5,11,6,4",,GRAND_SLAM,U21WS,1758,Qualification,YILDIRIM Fulya (TUR),JANTA-LIPINSKA Anna (POL),,,1 - 3,5:11 11:8 6:11 4:11,YILDIRIM Fulya,2005
German Open Magdeburg 2005,2005-11-09,SMISTIKOVA Martina,YILDIRIM Fulya,CZE,TUR,3,0,"11,11,12|8,9,10",QR2,GRAND_SLAM,U21WS,1758,Qualification,SMISTIKOVA Martina (CZE),YILDIRIM Fulya (TUR),,,3 - 0,11:8 11:9 12:10,SMISTIKOVA Martina,2005
German Open Magdeburg 2005,2005-11-09,SMISTIKOVA Martina,JANTA-LIPINSKA Anna,CZE,POL,3,0,"11,11,11|8,9,9",3,GRAND_SLAM,U21WS,1758,Qualification,SMISTIKOVA Martina (CZE),JANTA-LIPINSKA Anna (POL),,,3 - 0,11:8 11:9 11:9,SMISTIKOVA Martina,2005
German Open Magdeburg 2005,2005-11-09,KMOTORKOVA Lenka,OBST Svenja,SVK,GER,3,0,"11,11,11|7,7,6",,GRAND_SLAM,U21WS,1758,Qualification,KMOTORKOVA Lenka (SVK),OBST Svenja (GER),,,3 - 0,11:7 11:7 11:6,KMOTORKOVA Lenka,2005
German Open Magdeburg 2005,2005-11-09,HEINE Veronika,OBST Svenja,AUT,GER,3,2,"11,6,14,9,11|7,11,12,11,2",QR2,GRAND_SLAM,U21WS,1758,Qualification,HEINE Veronika (AUT),OBST Svenja (GER),,,3 - 2,11:7 6:11 14:12 9:11 11:2,HEINE Veronika,2005
German Open Magdeburg 2005,2005-11-09,KMOTORKOVA Lenka,HEINE Veronika,SVK,AUT,3,0,"11,11,11|3,8,4",3,GRAND_SLAM,U21WS,1758,Qualification,KMOTORKOVA Lenka (SVK),HEINE Veronika (AUT),,,0 - 3,3:11 8:11 4:11,KMOTORKOVA Lenka,2005
German Open Magdeburg 2005,2005-11-09,SOLJA Amelie,PETZNER Martina,AUT,AUT,3,0,"11,11,11|7,9,5",,GRAND_SLAM,U21WS,1758,Qualification,SOLJA Amelie (AUT),PETZNER Martina (AUT),,,3 - 0,11:7 11:9 11:5,SOLJA Amelie,2005
German Open Magdeburg 2005,2005-11-09,PETZNER Martina,NECULA Iulia,AUT,ROU,3,2,"6,11,11,10,11|11,9,6,12,8",QR2,GRAND_SLAM,U21WS,1758,Qualification,PETZNER Martina (AUT),NECULA Iulia (ROU),,,2 - 3,11:6 9:11 6:11 12:10 8:11,PETZNER Martina,2005
German Open Magdeburg 2005,2005-11-09,SOLJA Amelie,NECULA Iulia,AUT,ROU,3,1,"11,9,11,12|7,11,7,10",3,GRAND_SLAM,U21WS,1758,Qualification,SOLJA Amelie (AUT),NECULA Iulia (ROU),,,1 - 3,7:11 11:9 7:11 10:12,SOLJA Amelie,2005
German Open Magdeburg 2005,2005-11-09,OLSSON Marie,WIRDEMANN Jessica,SWE,GER,3,1,"13,11,10,11|11,7,12,4",,GRAND_SLAM,U21WS,1758,Qualification,OLSSON Marie (SWE),WIRDEMANN Jessica (GER),,,3 - 1,13:11 11:7 10:12 11:4,OLSSON Marie,2005
German Open Magdeburg 2005,2005-11-09,RAMIREZ Sara,WIRDEMANN Jessica,ESP,GER,3,0,"11,11,11|5,4,6",QR2,GRAND_SLAM,U21WS,1758,Qualification,RAMIREZ Sara (ESP),WIRDEMANN Jessica (GER),,,3 - 0,11:5 11:4 11:6,RAMIREZ Sara,2005
German Open Magdeburg 2005,2005-11-09,RAMIREZ Sara,OLSSON Marie,ESP,SWE,3,0,"11,11,14|8,7,12",3,GRAND_SLAM,U21WS,1758,Qualification,RAMIREZ Sara (ESP),OLSSON Marie (SWE),,,3 - 0,11:8 11:7 14:12,RAMIREZ Sara,2005
German Open Magdeburg 2005,2005-11-09,ROHR Gaby,BAK Natalia,GER,POL,3,0,"11,13,13|9,11,11",,GRAND_SLAM,U21WS,1758,Qualification,ROHR Gaby (GER),BAK Natalia (POL),,,3 - 0,11:9 13:11 13:11,ROHR Gaby,2005
German Open Magdeburg 2005,2005-11-09,SAMARA Elizabeta,BAK Natalia,ROU,POL,3,0,"11,11,11|8,2,9",QR2,GRAND_SLAM,U21WS,1758,Qualification,SAMARA Elizabeta (ROU),BAK Natalia (POL),,,3 - 0,11:8 11:2 11:9,SAMARA Elizabeta,2005
German Open Magdeburg 2005,2005-11-09,SAMARA Elizabeta,ROHR Gaby,ROU,GER,3,0,"11,11,11|2,5,9",3,GRAND_SLAM,U21WS,1758,Qualification,SAMARA Elizabeta (ROU),ROHR Gaby (GER),,,3 - 0,11:2 11:5 11:9,SAMARA Elizabeta,2005
German Open Magdeburg 2005,2005-11-09,LI Bin,HARTMANN Carole,HUN,LUX,3,0,"11,11,11|6,8,6",,GRAND_SLAM,U21WS,1758,Qualification,LI Bin (HUN),HARTMANN Carole (LUX),,,3 - 0,11:6 11:8 11:6,LI Bin,2005
German Open Magdeburg 2005,2005-11-09,ROHR Meike,SKOV Mie,GER,DEN,3,1,"11,11,9,11|9,5,11,7",QR2,GRAND_SLAM,U21WS,1758,Qualification,ROHR Meike (GER),SKOV Mie (DEN),,,3 - 1,11:9 11:5 9:11 11:7,ROHR Meike,2005
German Open Magdeburg 2005,2005-11-09,ROHR Meike,HARTMANN Carole,GER,LUX,3,0,"11,11,11|9,2,5",3,GRAND_SLAM,U21WS,1758,Qualification,ROHR Meike (GER),HARTMANN Carole (LUX),,,3 - 0,11:9 11:2 11:5,ROHR Meike,2005
German Open Magdeburg 2005,2005-11-09,LI Bin,SKOV Mie,HUN,DEN,3,0,,QR4,GRAND_SLAM,U21WS,1758,Qualification,LI Bin (HUN),SKOV Mie (DEN),,,3 - 0,,LI Bin,2005
German Open Magdeburg 2005,2005-11-09,ROHR Meike,LI Bin,GER,HUN,3,1,"7,11,11,11|11,8,3,6",5,GRAND_SLAM,U21WS,1758,Qualification,ROHR Meike (GER),LI Bin (HUN),,,3 - 1,7:11 11:8 11:3 11:6,ROHR Meike,2005
German Open Magdeburg 2005,2005-11-09,HARTMANN Carole,SKOV Mie,LUX,DEN,3,0,,6,GRAND_SLAM,U21WS,1758,Qualification,HARTMANN Carole (LUX),SKOV Mie (DEN),,,3 - 0,,HARTMANN Carole,2005
German Open Magdeburg 2005,2005-11-09,POTA Georgina,DVORAK Galia,HUN,ESP,4,2,"12,8,11,9,11,11|10,11,8,11,9,8",R16,GRAND_SLAM,U21WS,1758,Main Draw,POTA Georgina (HUN),DVORAK Galia (ESP),,,4 - 2,12:10 8:11 11:8 9:11 11:9 11:8,POTA Georgina,2005
German Open Magdeburg 2005,2005-11-09,LI Qiangbing,ROHR Meike,AUT,GER,4,1,"11,10,11,11,11|6,12,9,8,7",R16,GRAND_SLAM,U21WS,1758,Main Draw,LI Qiangbing (AUT),ROHR Meike (GER),,,1 - 4,6:11 12:10 9:11 8:11 7:11,LI Qiangbing,2005
German Open Magdeburg 2005,2005-11-09,DODEAN Daniela,LU Yun-Feng,ROU,TPE,4,3,"11,11,2,5,11,11,11|7,13,11,11,9,8,8",R16,GRAND_SLAM,U21WS,1758,Main Draw,DODEAN Daniela (ROU),LU Yun-Feng (TPE),,,3 - 4,7:11 13:11 11:2 11:5 9:11 8:11 8:11,DODEAN Daniela,2005
German Open Magdeburg 2005,2005-11-09,BARTHEL Zhenqi,HUANG Yi-Hua,GER,TPE,4,3,"11,3,7,11,7,11,12|6,11,11,4,11,6,10",R16,GRAND_SLAM,U21WS,1758,Main Draw,BARTHEL Zhenqi (GER),HUANG Yi-Hua (TPE),,,4 - 3,11:6 3:11 7:11 11:4 7:11 11:6 12:10,BARTHEL Zhenqi,2005
German Open Magdeburg 2005,2005-11-09,LEE Eunhee,KMOTORKOVA Lenka,KOR,SVK,4,0,"11,11,11,11|9,6,5,3",R16,GRAND_SLAM,U21WS,1758,Main Draw,LEE Eunhee (KOR),KMOTORKOVA Lenka (SVK),,,4 - 0,11:9 11:6 11:5 11:3,LEE Eunhee,2005
German Open Magdeburg 2005,2005-11-09,KIM Junghyun,CREEMERS Linda,KOR,NED,4,0,"11,11,11,11|5,6,9,7",R16,GRAND_SLAM,U21WS,1758,Main Draw,KIM Junghyun (KOR),CREEMERS Linda (NED),,,0 - 4,5:11 6:11 9:11 7:11,KIM Junghyun,2005
German Open Magdeburg 2005,2005-11-09,VACENOVSKA Iveta,RAMIREZ Sara,CZE,ESP,4,0,"13,11,11,11|11,8,8,9",R16,GRAND_SLAM,U21WS,1758,Main Draw,VACENOVSKA Iveta (CZE),RAMIREZ Sara (ESP),,,4 - 0,13:11 11:8 11:8 11:9,VACENOVSKA Iveta,2005
German Open Magdeburg 2005,2005-11-09,STEFANOVA Nikoleta,SAMARA Elizabeta,ITA,ROU,4,3,"11,11,11,9,11,6,11|7,13,7,11,8,11,7",R16,GRAND_SLAM,U21WS,1758,Main Draw,STEFANOVA Nikoleta (ITA),SAMARA Elizabeta (ROU),,,3 - 4,7:11 13:11 7:11 11:9 8:11 11:6 7:11,STEFANOVA Nikoleta,2005
German Open Magdeburg 2005,2005-11-09,POTA Georgina,LI Qiangbing,HUN,AUT,4,0,"12,11,11,11|10,8,8,9",QuarterFinal,GRAND_SLAM,U21WS,1758,Main Draw,POTA Georgina (HUN),LI Qiangbing (AUT),,,4 - 0,12:10 11:8 11:8 11:9,POTA Georgina,2005
German Open Magdeburg 2005,2005-11-09,DODEAN Daniela,BARTHEL Zhenqi,ROU,GER,4,2,"11,8,11,9,11,11|5,11,9,11,9,9",QuarterFinal,GRAND_SLAM,U21WS,1758,Main Draw,DODEAN Daniela (ROU),BARTHEL Zhenqi (GER),,,4 - 2,11:5 8:11 11:9 9:11 11:9 11:9,DODEAN Daniela,2005
German Open Magdeburg 2005,2005-11-09,KIM Junghyun,LEE Eunhee,KOR,KOR,4,0,"14,11,11,11|12,5,4,7",QuarterFinal,GRAND_SLAM,U21WS,1758,Main Draw,KIM Junghyun (KOR),LEE Eunhee (KOR),,,0 - 4,12:14 5:11 4:11 7:11,KIM Junghyun,2005
German Open Magdeburg 2005,2005-11-09,STEFANOVA Nikoleta,VACENOVSKA Iveta,ITA,CZE,4,2,"11,11,7,11,7,11|7,6,11,2,11,7",QuarterFinal,GRAND_SLAM,U21WS,1758,Main Draw,STEFANOVA Nikoleta (ITA),VACENOVSKA Iveta (CZE),,,2 - 4,7:11 6:11 11:7 2:11 11:7 7:11,STEFANOVA Nikoleta,2005
German Open Magdeburg 2005,2005-11-09,POTA Georgina,DODEAN Daniela,HUN,ROU,4,2,"11,11,11,11,7,11|7,8,13,9,11,9",SemiFinal,GRAND_SLAM,U21WS,1758,Main Draw,POTA Georgina (HUN),DODEAN Daniela (ROU),,,4 - 2,11:7 11:8 11:13 11:9 7:11 11:9,POTA Georgina,2005
German Open Magdeburg 2005,2005-11-09,STEFANOVA Nikoleta,KIM Junghyun,ITA,KOR,4,2,"11,8,7,11,12,12|5,11,11,6,10,10",SemiFinal,GRAND_SLAM,U21WS,1758,Main Draw,STEFANOVA Nikoleta (ITA),KIM Junghyun (KOR),,,2 - 4,5:11 11:8 11:7 6:11 10:12 10:12,STEFANOVA Nikoleta,2005
German Open Magdeburg 2005,2005-11-09,STEFANOVA Nikoleta,POTA Georgina,ITA,HUN,4,1,"11,11,10,11,11|5,8,12,9,3",Final,GRAND_SLAM,U21WS,1758,Main Draw,STEFANOVA Nikoleta (ITA),POTA Georgina (HUN),,,1 - 4,5:11 8:11 12:10 9:11 3:11,STEFANOVA Nikoleta,2005
German Open Magdeburg 2005,2005-11-09,ROHR Meike,MAMALIGA Andreea,GER,ROU,3,0,"11,13,11|6,11,7",QR16,GRAND_SLAM,U21WS,1758,Qualification,ROHR Meike (GER),MAMALIGA Andreea (ROU),,,0 - 3,6:11 11:13 7:11,ROHR Meike,2005
German Open Magdeburg 2005,2005-11-09,SAMARA Elizabeta,ERDELJI Anamaria,ROU,SRB,3,0,"11,14,11|9,12,9",QR16,GRAND_SLAM,U21WS,1758,Qualification,SAMARA Elizabeta (ROU),ERDELJI Anamaria (SRB),,,0 - 3,9:11 12:14 9:11,SAMARA Elizabeta,2005
German Open Magdeburg 2005,2005-11-09,RAMIREZ Sara,CICHOCKA Magdalena,ESP,POL,3,1,"13,9,11,11|11,11,3,8",QR16,GRAND_SLAM,U21WS,1758,Qualification,RAMIREZ Sara (ESP),CICHOCKA Magdalena (POL),,,1 - 3,11:13 11:9 3:11 8:11,RAMIREZ Sara,2005
German Open Magdeburg 2005,2005-11-09,DVORAK Galia,SOLJA Amelie,ESP,AUT,3,2,"11,7,8,12,11|9,11,11,10,6",QR16,GRAND_SLAM,U21WS,1758,Qualification,DVORAK Galia (ESP),SOLJA Amelie (AUT),,,3 - 2,11:9 7:11 8:11 12:10 11:6,DVORAK Galia,2005
German Open Magdeburg 2005,2005-11-09,BARTHEL Zhenqi,SMISTIKOVA Martina,GER,CZE,3,2,"5,11,7,12,11|11,6,11,10,6",QR16,GRAND_SLAM,U21WS,1758,Qualification,BARTHEL Zhenqi (GER),SMISTIKOVA Martina (CZE),,,3 - 2,5:11 11:6 7:11 12:10 11:6,BARTHEL Zhenqi,2005
German Open Magdeburg 2005,2005-11-09,KMOTORKOVA Lenka,PENKAVOVA Katerina,SVK,CZE,3,2,"11,9,11,5,11|7,11,5,11,6",QR16,GRAND_SLAM,U21WS,1758,Qualification,KMOTORKOVA Lenka (SVK),PENKAVOVA Katerina (CZE),,,2 - 3,7:11 11:9 5:11 11:5 6:11,KMOTORKOVA Lenka,2005
German Open Magdeburg 2005,2005-11-09,AARAS Arne/BERNER Eric,MUCA Mario/TERNIQI Arjon,NOR,ALB,3,0,,QR128,GRAND_SLAM,MD,1758,Qualification,AARAS Arne (NOR) / BERNER Eric (NOR),MUCA Mario (ALB) / TERNIQI Arjon (ALB),BERNER Eric (NOR),TERNIQI Arjon (ALB),0 - 3,,AARAS Arne,2005
German Open Magdeburg 2005,2005-11-09,LI Ping/ZHANG Chao,CLARKE Brett/DAVIS Kyle,QAT,AUS,3,0,"11,11,11|7,6,5",QR128,GRAND_SLAM,MD,1758,Qualification,LI Ping (QAT) / ZHANG Chao (CHN),CLARKE Brett (AUS) / DAVIS Kyle (AUS),ZHANG Chao (CHN),DAVIS Kyle (AUS),0 - 3,7:11 6:11 5:11,LI Ping,2005
German Open Magdeburg 2005,2005-11-09,LEE Jinkwon/RYU Seungmin,JINDRAK Karl/SCHLAGER Werner,KOR,AUT,4,1,"11,10,11,11,12|7,12,8,7,10",R16,GRAND_SLAM,MD,1758,Main Draw,LEE Jinkwon (KOR) / RYU Seungmin (KOR),JINDRAK Karl (AUT) / SCHLAGER Werner (AUT),RYU Seungmin (KOR),SCHLAGER Werner (AUT),1 - 4,7:11 12:10 8:11 7:11 10:12,LEE Jinkwon,2005
German Open Magdeburg 2005,2005-11-09,CHEUNG Yuk/LEUNG Chu Yan,CHEN Weixing/GARDOS Robert,HKG,AUT,4,3,"5,11,9,13,11,11,15|11,2,11,15,8,8,13",SemiFinal,GRAND_SLAM,MD,1758,Main Draw,CHEUNG Yuk (HKG) / LEUNG Chu Yan (HKG),CHEN Weixing (AUT) / GARDOS Robert (AUT),LEUNG Chu Yan (HKG),GARDOS Robert (AUT),3 - 4,11:5 2:11 11:9 15:13 8:11 8:11 13:15,CHEUNG Yuk,2005
German Open Magdeburg 2005,2005-11-09,JIANG Tianyi/TANG Peng,HABESOHN Daniel/PICHLER Michael,HKG,AUT,3,1,"11,9,11,11|6,11,9,8",QR128,GRAND_SLAM,MD,1758,Qualification,JIANG Tianyi (HKG) / TANG Peng (HKG),HABESOHN Daniel (AUT) / PICHLER Michael (AUT),TANG Peng (HKG),PICHLER Michael (AUT),1 - 3,6:11 11:9 9:11 8:11,JIANG Tianyi,2005
German Open Magdeburg 2005,2005-11-09,HIELSCHER Lars/STEGER Bastian,JANCARIK Lubomir/PRESSLMAYER Bernhard,GER,CZE,3,0,"11,11,11|4,5,5",QR64,GRAND_SLAM,MD,1758,Qualification,HIELSCHER Lars (GER) / STEGER Bastian (GER),JANCARIK Lubomir (CZE) / PRESSLMAYER Bernhard (AUT),STEGER Bastian (GER),PRESSLMAYER Bernhard (AUT),0 - 3,4:11 5:11 5:11,HIELSCHER Lars,2005
German Open Magdeburg 2005,2005-11-09,CHUMAKOU Dmitry/KUCHUK Aleksandr,MILICEVIC Srdan/SEHIC Adnan,BLR,BIH,3,2,"11,10,11,6,12|5,12,8,11,10",QR128,GRAND_SLAM,MD,1758,Qualification,CHUMAKOU Dmitry (BLR) / KUCHUK Aleksandr (BLR),MILICEVIC Srdan (BIH) / SEHIC Adnan (BIH),KUCHUK Aleksandr (BLR),SEHIC Adnan (BIH),3 - 2,11:5 10:12 11:8 6:11 12:10,CHUMAKOU Dmitry,2005
German Open Magdeburg 2005,2005-11-09,MAECK Anthony/VOSTES Yannick,CHUMAKOU Dmitry/KUCHUK Aleksandr,BEL,BLR,3,2,"8,11,11,5,11|11,9,9,11,7",QR64,GRAND_SLAM,MD,1758,Qualification,MAECK Anthony (BEL) / VOSTES Yannick (BEL),CHUMAKOU Dmitry (BLR) / KUCHUK Aleksandr (BLR),VOSTES Yannick (BEL),KUCHUK Aleksandr (BLR),2 - 3,11:8 9:11 9:11 11:5 7:11,MAECK Anthony,2005
German Open Magdeburg 2005,2005-11-09,HOYAMA Hugo/MATSUMOTO Cazuo,BURGIS Matiss/SIROKIJS Viktors,BRA,LAT,3,1,"8,11,11,11|11,9,7,6",QR64,GRAND_SLAM,MD,1758,Qualification,HOYAMA Hugo (BRA) / MATSUMOTO Cazuo (BRA),BURGIS Matiss (LAT) / SIROKIJS Viktors (LAT),MATSUMOTO Cazuo (BRA),SIROKIJS Viktors (LAT),3 - 1,8:11 11:9 11:7 11:6,HOYAMA Hugo,2005
German Open Magdeburg 2005,2005-11-09,BERTIN Christophe/BOBILLIER Loic,HOYAMA Hugo/MATSUMOTO Cazuo,FRA,BRA,3,0,"11,11,11|3,6,6",QR32,GRAND_SLAM,MD,1758,Qualification,BERTIN Christophe (FRA) / BOBILLIER Loic (FRA),HOYAMA Hugo (BRA) / MATSUMOTO Cazuo (BRA),BOBILLIER Loic (FRA),MATSUMOTO Cazuo (BRA),0 - 3,3:11 6:11 6:11,BERTIN Christophe,2005
German Open Magdeburg 2005,2005-11-09,LEWANDOWSKI Tomasz/MALICKI Szymon,KAMBEROV Radoslav/TANCHEV Vladislav,POL,BUL,3,1,"3,11,11,11|11,2,6,8",QR128,GRAND_SLAM,MD,1758,Qualification,LEWANDOWSKI Tomasz (POL) / MALICKI Szymon (POL),KAMBEROV Radoslav (BUL) / TANCHEV Vladislav (BUL),MALICKI Szymon (POL),TANCHEV Vladislav (BUL),1 - 3,11:3 2:11 6:11 8:11,LEWANDOWSKI Tomasz,2005
German Open Magdeburg 2005,2005-11-09,SIDOROVS Igors/WENZELL Aron,BEN ARI Omri/TELIISKI Georgi,LAT,ISR,3,0,"11,11,11|9,3,6",QR128,GRAND_SLAM,MD,1758,Qualification,SIDOROVS Igors (LAT) / WENZELL Aron (DEN),BEN ARI Omri (ISR) / TELIISKI Georgi (BUL),WENZELL Aron (DEN),TELIISKI Georgi (BUL),0 - 3,9:11 3:11 6:11,SIDOROVS Igors,2005
German Open Magdeburg 2005,2005-11-09,CSABA Bence/ZHANG Wilson,HABESOHN Mathias/SIMONER Christoph,CAN,AUT,3,1,"5,11,11,11|11,8,7,7",QR128,GRAND_SLAM,MD,1758,Qualification,CSABA Bence (CAN) / ZHANG Wilson (CAN),HABESOHN Mathias (AUT) / SIMONER Christoph (AUT),ZHANG Wilson (CAN),SIMONER Christoph (AUT),3 - 1,5:11 11:8 11:7 11:7,CSABA Bence,2005
German Open Magdeburg 2005,2005-11-09,CHOU Tung-Yu/CHUANG Chih-Yuan,CSABA Bence/ZHANG Wilson,TPE,CAN,3,1,"11,11,7,11|7,7,11,3",QR64,GRAND_SLAM,MD,1758,Qualification,CHOU Tung-Yu (TPE) / CHUANG Chih-Yuan (TPE),CSABA Bence (CAN) / ZHANG Wilson (CAN),CHUANG Chih-Yuan (TPE),ZHANG Wilson (CAN),1 - 3,7:11 7:11 11:7 3:11,CHOU Tung-Yu,2005
German Open Magdeburg 2005,2005-11-09,CHEUNG Yuk/LEUNG Chu Yan,HAO Shuai/MA Long,HKG,CHN,4,2,"7,12,8,11,11,12|11,10,11,9,9,10",R16,GRAND_SLAM,MD,1758,Main Draw,CHEUNG Yuk (HKG) / LEUNG Chu Yan (HKG),HAO Shuai (CHN) / MA Long (CHN),LEUNG Chu Yan (HKG),MA Long (CHN),2 - 4,11:7 10:12 11:8 9:11 9:11 10:12,CHEUNG Yuk,2005
German Open Magdeburg 2005,2005-11-09,HAO Shuai/MA Long,OYA Hidetoshi/YOSHIDA Kaii,CHN,JPN,3,0,"11,11,11|4,6,7",QR64,GRAND_SLAM,MD,1758,Qualification,HAO Shuai (CHN) / MA Long (CHN),OYA Hidetoshi (JPN) / YOSHIDA Kaii (JPN),MA Long (CHN),YOSHIDA Kaii (JPN),3 - 0,11:4 11:6 11:7,HAO Shuai,2005
German Open Magdeburg 2005,2005-11-09,LIU Guozheng/XU Hui,GACINA Andrej/REDJEP Ronald,CHN,CRO,3,2,"11,11,3,9,11|8,3,11,11,7",QR64,GRAND_SLAM,MD,1758,Qualification,LIU Guozheng (CHN) / XU Hui (CHN),GACINA Andrej (CRO) / REDJEP Ronald (CRO),XU Hui (CHN),REDJEP Ronald (CRO),3 - 2,11:8 11:3 3:11 9:11 11:7,LIU Guozheng,2005
German Open Magdeburg 2005,2005-11-09,HAO Shuai/MA Long,AXELQVIST Johan/SVENSSON Robert,CHN,SWE,3,1,"11,11,11,11|3,6,13,7",QR32,GRAND_SLAM,MD,1758,Qualification,HAO Shuai (CHN) / MA Long (CHN),AXELQVIST Johan (SWE) / SVENSSON Robert (SWE),MA Long (CHN),SVENSSON Robert (SWE),3 - 1,11:3 11:6 11:13 11:7,HAO Shuai,2005
German Open Magdeburg 2005,2005-11-09,LIU Guozheng/XU Hui,KOSOWSKI Jakub/SZYMANSKI Filip,CHN,POL,3,0,"11,11,11|6,5,8",QR32,GRAND_SLAM,MD,1758,Qualification,LIU Guozheng (CHN) / XU Hui (CHN),KOSOWSKI Jakub (POL) / SZYMANSKI Filip (POL),XU Hui (CHN),SZYMANSKI Filip (POL),3 - 0,11:6 11:5 11:8,LIU Guozheng,2005
German Open Magdeburg 2005,2005-11-09,LI Ping/ZHANG Chao,HIELSCHER Lars/STEGER Bastian,QAT,GER,3,1,"12,11,11,11|14,8,6,6",QR32,GRAND_SLAM,MD,1758,Qualification,LI Ping (QAT) / ZHANG Chao (CHN),HIELSCHER Lars (GER) / STEGER Bastian (GER),ZHANG Chao (CHN),STEGER Bastian (GER),3 - 1,12:14 11:8 11:6 11:6,LI Ping,2005
German Open Magdeburg 2005,2005-11-09,HAO Shuai/MA Long,CARNEROS Alfredo/DURAN Marc,CHN,ESP,3,2,"11,11,5,7,11|8,9,11,11,5",QR16,GRAND_SLAM,MD,1758,Qualification,HAO Shuai (CHN) / MA Long (CHN),CARNEROS Alfredo (ESP) / DURAN Marc (ESP),MA Long (CHN),DURAN Marc (ESP),3 - 2,11:8 11:9 5:11 7:11 11:5,HAO Shuai,2005
German Open Magdeburg 2005,2005-11-09,BLASZCZYK Lucjan/WANG Zengyi,GRIGOREV Artur/JAPEC Tomislav,POL,RUS,3,0,"11,11,13|8,8,11",QR64,GRAND_SLAM,MD,1758,Qualification,BLASZCZYK Lucjan (POL) / WANG Zengyi (POL),GRIGOREV Artur (RUS) / JAPEC Tomislav (CRO),WANG Zengyi (POL),JAPEC Tomislav (CRO),0 - 3,8:11 8:11 11:13,BLASZCZYK Lucjan,2005
German Open Magdeburg 2005,2005-11-09,KISHIKAWA Seiya/SAKAMOTO Ryusuke,PLACHY Josef/VYBORNY Richard,JPN,CZE,4,3,"13,11,11,8,7,11,11|11,7,13,11,11,3,7",R16,GRAND_SLAM,MD,1758,Main Draw,KISHIKAWA Seiya (JPN) / SAKAMOTO Ryusuke (JPN),PLACHY Josef (CZE) / VYBORNY Richard (CZE),SAKAMOTO Ryusuke (JPN),VYBORNY Richard (CZE),3 - 4,11:13 7:11 13:11 11:8 11:7 3:11 7:11,KISHIKAWA Seiya,2005
German Open Magdeburg 2005,2005-11-09,PLACHY Josef/VYBORNY Richard,PANIC Sasa/SZARKA Levente,CZE,BIH,3,1,"8,11,11,11|11,8,4,4",QR128,GRAND_SLAM,MD,1758,Qualification,PLACHY Josef (CZE) / VYBORNY Richard (CZE),PANIC Sasa (BIH) / SZARKA Levente (HUN),VYBORNY Richard (CZE),SZARKA Levente (HUN),3 - 1,8:11 11:8 11:4 11:4,PLACHY Josef,2005
German Open Magdeburg 2005,2005-11-09,CHMIEL Pawel/KUSINSKI Marcin,KAUCKY Petr/URBANEK Jan,POL,CZE,3,1,"11,4,11,11|9,11,8,7",QR128,GRAND_SLAM,MD,1758,Qualification,CHMIEL Pawel (POL) / KUSINSKI Marcin (POL),KAUCKY Petr (CZE) / URBANEK Jan (CZE),KUSINSKI Marcin (POL),URBANEK Jan (CZE),1 - 3,9:11 11:4 8:11 7:11,CHMIEL Pawel,2005
German Open Magdeburg 2005,2005-11-09,GAVLAS Antonin/GAVLAS Petr,LEBESSON Emmanuel/SALIFOU Abdel-Kader,CZE,FRA,3,0,"11,11,11|7,8,6",QR128,GRAND_SLAM,MD,1758,Qualification,GAVLAS Antonin (CZE) / GAVLAS Petr (CZE),LEBESSON Emmanuel (FRA) / SALIFOU Abdel-Kader (BEN),GAVLAS Petr (CZE),SALIFOU Abdel-Kader (BEN),3 - 0,11:7 11:8 11:6,GAVLAS Antonin,2005
German Open Magdeburg 2005,2005-11-09,MUSKO Peter/VITSEK Ivan,KOSTAL Radek/VOZICKY Bohumil,HUN,CZE,3,1,"11,11,4,12|7,9,11,10",QR128,GRAND_SLAM,MD,1758,Qualification,MUSKO Peter (HUN) / VITSEK Ivan (HUN),KOSTAL Radek (CZE) / VOZICKY Bohumil (CZE),VITSEK Ivan (HUN),VOZICKY Bohumil (CZE),1 - 3,7:11 9:11 11:4 10:12,MUSKO Peter,2005
German Open Magdeburg 2005,2005-11-09,PLACHY Josef/VYBORNY Richard,FENG Zhe/JIANG Weizhong,CZE,BUL,3,2,"7,11,10,16,11|11,6,12,14,2",QR64,GRAND_SLAM,MD,1758,Qualification,PLACHY Josef (CZE) / VYBORNY Richard (CZE),FENG Zhe (BUL) / JIANG Weizhong (CRO),VYBORNY Richard (CZE),JIANG Weizhong (CRO),3 - 2,7:11 11:6 10:12 16:14 11:2,PLACHY Josef,2005
German Open Magdeburg 2005,2005-11-09,FAZEKAS Peter/PAZSY Ferenc,GAVLAS Antonin/GAVLAS Petr,HUN,CZE,3,1,"11,11,9,11|7,7,11,7",QR64,GRAND_SLAM,MD,1758,Qualification,FAZEKAS Peter (HUN) / PAZSY Ferenc (HUN),GAVLAS Antonin (CZE) / GAVLAS Petr (CZE),PAZSY Ferenc (HUN),GAVLAS Petr (CZE),1 - 3,7:11 7:11 11:9 7:11,FAZEKAS Peter,2005
German Open Magdeburg 2005,2005-11-09,CIHAK Marek/OLEJNIK Martin,APOLONIA Tiago/FREITAS Marcos,CZE,POR,3,2,"10,11,11,7,11|12,8,9,11,5",QR32,GRAND_SLAM,MD,1758,Qualification,CIHAK Marek (CZE) / OLEJNIK Martin (CZE),APOLONIA Tiago (POR) / FREITAS Marcos (POR),OLEJNIK Martin (CZE),FREITAS Marcos (POR),3 - 2,10:12 11:8 11:9 7:11 11:5,CIHAK Marek,2005
German Open Magdeburg 2005,2005-11-09,PLACHY Josef/VYBORNY Richard,GIONIS Panagiotis/PAPADIMITRIOU Dimitrios,CZE,GRE,3,0,"11,11,11|6,3,2",QR16,GRAND_SLAM,MD,1758,Qualification,PLACHY Josef (CZE) / VYBORNY Richard (CZE),GIONIS Panagiotis (GRE) / PAPADIMITRIOU Dimitrios (GRE),VYBORNY Richard (CZE),PAPADIMITRIOU Dimitrios (GRE),3 - 0,11:6 11:3 11:2,PLACHY Josef,2005
German Open Magdeburg 2005,2005-11-09,LI Ping/ZHANG Chao,CIHAK Marek/OLEJNIK Martin,QAT,CZE,3,1,"6,13,11,11|11,11,7,6",QR16,GRAND_SLAM,MD,1758,Qualification,LI Ping (QAT) / ZHANG Chao (CHN),CIHAK Marek (CZE) / OLEJNIK Martin (CZE),ZHANG Chao (CHN),OLEJNIK Martin (CZE),1 - 3,11:6 11:13 7:11 6:11,LI Ping,2005
German Open Magdeburg 2005,2005-11-09,LIN Ju/PATTANTYUS Adam,KONGSGAARD Christian/PETERSEN Christoffer,DOM,DEN,3,0,"11,11,11|6,7,4",QR128,GRAND_SLAM,MD,1758,Qualification,LIN Ju (DOM) / PATTANTYUS Adam (HUN),KONGSGAARD Christian (DEN) / PETERSEN Christoffer (DEN),PATTANTYUS Adam (HUN),PETERSEN Christoffer (DEN),0 - 3,6:11 7:11 4:11,LIN Ju,2005
German Open Magdeburg 2005,2005-11-09,SCHLICHTER Jorg/SORENSEN Mads,BALTRUSHKA Dzmitry/BUROV Viacheslav,GER,BLR,3,0,,QR128,GRAND_SLAM,MD,1758,Qualification,SCHLICHTER Jorg (GER) / SORENSEN Mads (DEN),BALTRUSHKA Dzmitry (BLR) / BUROV Viacheslav (RUS),SORENSEN Mads (DEN),BUROV Viacheslav (RUS),3 - 0,,SCHLICHTER Jorg,2005
German Open Magdeburg 2005,2005-11-09,HAKANSSON Fredrik/MOLIN Magnus,SCHLICHTER Jorg/SORENSEN Mads,SWE,GER,3,2,"11,7,6,11,11|9,11,11,9,4",QR64,GRAND_SLAM,MD,1758,Qualification,HAKANSSON Fredrik (SWE) / MOLIN Magnus (SWE),SCHLICHTER Jorg (GER) / SORENSEN Mads (DEN),MOLIN Magnus (SWE),SORENSEN Mads (DEN),2 - 3,9:11 11:7 11:6 9:11 4:11,HAKANSSON Fredrik,2005
German Open Magdeburg 2005,2005-11-09,BERTIN Christophe/BOBILLIER Loic,SIDOROVS Igors/WENZELL Aron,FRA,LAT,3,0,"13,11,11|11,9,3",QR64,GRAND_SLAM,MD,1758,Qualification,BERTIN Christophe (FRA) / BOBILLIER Loic (FRA),SIDOROVS Igors (LAT) / WENZELL Aron (DEN),BOBILLIER Loic (FRA),WENZELL Aron (DEN),0 - 3,11:13 9:11 3:11,BERTIN Christophe,2005
German Open Magdeburg 2005,2005-11-09,BAGGALEY Andrew/RUSHTON Andrew,DEMETER Lehel/MOLNAR Krisztian,ENG,HUN,3,2,"11,6,6,11,11|3,11,11,7,6",QR128,GRAND_SLAM,MD,1758,Qualification,BAGGALEY Andrew (ENG) / RUSHTON Andrew (ENG),DEMETER Lehel (HUN) / MOLNAR Krisztian (HUN),RUSHTON Andrew (ENG),MOLNAR Krisztian (HUN),3 - 2,11:3 6:11 6:11 11:7 11:6,BAGGALEY Andrew,2005
German Open Magdeburg 2005,2005-11-09,CARNEROS Alfredo/DURAN Marc,MAREK David/SHMYREV Maxim,ESP,CZE,3,2,"7,3,11,11,11|11,11,3,7,6",QR64,GRAND_SLAM,MD,1758,Qualification,CARNEROS Alfredo (ESP) / DURAN Marc (ESP),MAREK David (CZE) / SHMYREV Maxim (RUS),DURAN Marc (ESP),SHMYREV Maxim (RUS),3 - 2,7:11 3:11 11:3 11:7 11:6,CARNEROS Alfredo,2005
German Open Magdeburg 2005,2005-11-09,CRISAN Adrian/KORBEL Petr,MACHADO Carlos/TORRES Daniel,ROU,ESP,3,2,"12,8,11,11,11|14,11,5,9,2",QR64,GRAND_SLAM,MD,1758,Qualification,CRISAN Adrian (ROU) / KORBEL Petr (CZE),MACHADO Carlos (ESP) / TORRES Daniel (ESP),KORBEL Petr (CZE),TORRES Daniel (ESP),2 - 3,14:12 11:8 5:11 9:11 2:11,CRISAN Adrian,2005
German Open Magdeburg 2005,2005-11-09,CARNEROS Alfredo/DURAN Marc,CHOU Tung-Yu/CHUANG Chih-Yuan,ESP,TPE,3,0,"11,11,11|7,9,9",QR32,GRAND_SLAM,MD,1758,Qualification,CARNEROS Alfredo (ESP) / DURAN Marc (ESP),CHOU Tung-Yu (TPE) / CHUANG Chih-Yuan (TPE),DURAN Marc (ESP),CHUANG Chih-Yuan (TPE),3 - 0,11:7 11:9 11:9,CARNEROS Alfredo,2005
German Open Magdeburg 2005,2005-11-09,BAUBET Vincent/DEBRUYERES Clement,FERNANDO Chamara/KITTENBERGER Hiroshi,FRA,AUS,3,1,"5,11,11,11|11,7,5,5",QR128,GRAND_SLAM,MD,1758,Qualification,BAUBET Vincent (FRA) / DEBRUYERES Clement (FRA),FERNANDO Chamara (AUS) / KITTENBERGER Hiroshi (AUT),DEBRUYERES Clement (FRA),KITTENBERGER Hiroshi (AUT),3 - 1,5:11 11:7 11:5 11:5,BAUBET Vincent,2005
German Open Magdeburg 2005,2005-11-09,BOLL Timo/SUSS Christian,LIU Guozheng/XU Hui,GER,CHN,4,3,"11,11,13,11,9,10,11|13,4,11,7,11,12,9",R16,GRAND_SLAM,MD,1758,Main Draw,BOLL Timo (GER) / SUSS Christian (GER),LIU Guozheng (CHN) / XU Hui (CHN),SUSS Christian (GER),XU Hui (CHN),4 - 3,11:13 11:4 13:11 11:7 9:11 10:12 11:9,BOLL Timo,2005
German Open Magdeburg 2005,2005-11-09,CHEN Weixing/GARDOS Robert,TOKIC Bojan/WOSIK Torben,AUT,SLO,4,2,"11,11,9,7,11,11|9,1,11,11,5,8",R16,GRAND_SLAM,MD,1758,Main Draw,CHEN Weixing (AUT) / GARDOS Robert (AUT),TOKIC Bojan (SLO) / WOSIK Torben (GER),GARDOS Robert (AUT),WOSIK Torben (GER),2 - 4,9:11 1:11 11:9 11:7 5:11 8:11,CHEN Weixing,2005
German Open Magdeburg 2005,2005-11-09,CHEN Weixing/GARDOS Robert,BOLL Timo/SUSS Christian,AUT,GER,4,3,"15,8,9,11,11,5,15|13,11,11,9,6,11,13",QuarterFinal,GRAND_SLAM,MD,1758,Main Draw,CHEN Weixing (AUT) / GARDOS Robert (AUT),BOLL Timo (GER) / SUSS Christian (GER),GARDOS Robert (AUT),SUSS Christian (GER),3 - 4,13:15 11:8 11:9 9:11 6:11 11:5 13:15,CHEN Weixing,2005
German Open Magdeburg 2005,2005-11-09,CHRIST Nico/THEISSMANN Thomas,ERLANDSEN Geir/MOLDOVAN Istvan,GER,NOR,3,1,"11,6,11,11|5,11,7,8",QR128,GRAND_SLAM,MD,1758,Qualification,CHRIST Nico (GER) / THEISSMANN Thomas (GER),ERLANDSEN Geir (NOR) / MOLDOVAN Istvan (NOR),THEISSMANN Thomas (GER),MOLDOVAN Istvan (NOR),3 - 1,11:5 6:11 11:7 11:8,CHRIST Nico,2005
German Open Magdeburg 2005,2005-11-09,BAUM Patrick/OVTCHAROV Dimitrij,KLASEK Marek/PAVELKA Tomas,GER,CZE,3,2,"11,6,11,7,16|9,11,9,11,14",QR128,GRAND_SLAM,MD,1758,Qualification,BAUM Patrick (GER) / OVTCHAROV Dimitrij (GER),KLASEK Marek (CZE) / PAVELKA Tomas (CZE),OVTCHAROV Dimitrij (GER),PAVELKA Tomas (CZE),3 - 2,11:9 6:11 11:9 7:11 16:14,BAUM Patrick,2005
German Open Magdeburg 2005,2005-11-09,CIHAK Marek/OLEJNIK Martin,FILUS Ruwen/KRIEGER Alexander,CZE,GER,3,2,"11,11,11,11,12|8,5,13,13,10",QR128,GRAND_SLAM,MD,1758,Qualification,CIHAK Marek (CZE) / OLEJNIK Martin (CZE),FILUS Ruwen (GER) / KRIEGER Alexander (GER),OLEJNIK Martin (CZE),KRIEGER Alexander (GER),2 - 3,8:11 5:11 13:11 13:11 10:12,CIHAK Marek,2005
German Open Magdeburg 2005,2005-11-09,AXELQVIST Johan/SVENSSON Robert,BAUM Patrick/OVTCHAROV Dimitrij,SWE,GER,3,0,"11,11,12|7,8,10",QR64,GRAND_SLAM,MD,1758,Qualification,AXELQVIST Johan (SWE) / SVENSSON Robert (SWE),BAUM Patrick (GER) / OVTCHAROV Dimitrij (GER),SVENSSON Robert (SWE),OVTCHAROV Dimitrij (GER),0 - 3,7:11 8:11 10:12,AXELQVIST Johan,2005
German Open Magdeburg 2005,2005-11-09,TOKIC Bojan/WOSIK Torben,CHMIEL Pawel/KUSINSKI Marcin,SLO,POL,3,0,"11,11,11|8,5,4",QR64,GRAND_SLAM,MD,1758,Qualification,TOKIC Bojan (SLO) / WOSIK Torben (GER),CHMIEL Pawel (POL) / KUSINSKI Marcin (POL),WOSIK Torben (GER),KUSINSKI Marcin (POL),3 - 0,11:8 11:5 11:4,TOKIC Bojan,2005
German Open Magdeburg 2005,2005-11-09,TOKIC Bojan/WOSIK Torben,MAECK Anthony/VOSTES Yannick,SLO,BEL,3,1,"10,11,11,11|12,4,2,7",QR32,GRAND_SLAM,MD,1758,Qualification,TOKIC Bojan (SLO) / WOSIK Torben (GER),MAECK Anthony (BEL) / VOSTES Yannick (BEL),WOSIK Torben (GER),VOSTES Yannick (BEL),3 - 1,10:12 11:4 11:2 11:7,TOKIC Bojan,2005
German Open Magdeburg 2005,2005-11-09,TOKIC Bojan/WOSIK Torben,FAZEKAS Peter/PAZSY Ferenc,SLO,HUN,3,2,"6,11,11,10,11|11,9,6,12,5",QR16,GRAND_SLAM,MD,1758,Qualification,TOKIC Bojan (SLO) / WOSIK Torben (GER),FAZEKAS Peter (HUN) / PAZSY Ferenc (HUN),WOSIK Torben (GER),PAZSY Ferenc (HUN),3 - 2,6:11 11:9 11:6 10:12 11:5,TOKIC Bojan,2005
German Open Magdeburg 2005,2005-11-09,KOSOWSKI Jakub/SZYMANSKI Filip,HU Jiashun/PAPAGEORGIOU Konstantinos,POL,SUI,3,1,"7,11,11,12|11,9,8,10",QR128,GRAND_SLAM,MD,1758,Qualification,KOSOWSKI Jakub (POL) / SZYMANSKI Filip (POL),HU Jiashun (SUI) / PAPAGEORGIOU Konstantinos (GRE),SZYMANSKI Filip (POL),PAPAGEORGIOU Konstantinos (GRE),1 - 3,11:7 9:11 8:11 10:12,KOSOWSKI Jakub,2005
German Open Magdeburg 2005,2005-11-09,GIONIS Panagiotis/PAPADIMITRIOU Dimitrios,MENGEL Steffen/ROBERTSON Adam,GRE,GER,3,2,"12,8,11,12,11|14,11,8,10,8",QR128,GRAND_SLAM,MD,1758,Qualification,GIONIS Panagiotis (GRE) / PAPADIMITRIOU Dimitrios (GRE),MENGEL Steffen (GER) / ROBERTSON Adam (WAL),PAPADIMITRIOU Dimitrios (GRE),ROBERTSON Adam (WAL),3 - 2,12:14 8:11 11:8 12:10 11:8,GIONIS Panagiotis,2005
German Open Magdeburg 2005,2005-11-09,GIONIS Panagiotis/PAPADIMITRIOU Dimitrios,BAGGALEY Andrew/RUSHTON Andrew,GRE,ENG,3,0,"11,11,11|6,3,8",QR64,GRAND_SLAM,MD,1758,Qualification,GIONIS Panagiotis (GRE) / PAPADIMITRIOU Dimitrios (GRE),BAGGALEY Andrew (ENG) / RUSHTON Andrew (ENG),PAPADIMITRIOU Dimitrios (GRE),RUSHTON Andrew (ENG),3 - 0,11:6 11:3 11:8,GIONIS Panagiotis,2005
German Open Magdeburg 2005,2005-11-09,GIONIS Panagiotis/PAPADIMITRIOU Dimitrios,BLASZCZYK Lucjan/WANG Zengyi,GRE,POL,3,1,"11,10,11,11|5,12,9,9",QR32,GRAND_SLAM,MD,1758,Qualification,GIONIS Panagiotis (GRE) / PAPADIMITRIOU Dimitrios (GRE),BLASZCZYK Lucjan (POL) / WANG Zengyi (POL),PAPADIMITRIOU Dimitrios (GRE),WANG Zengyi (POL),3 - 1,11:5 10:12 11:9 11:9,GIONIS Panagiotis,2005
German Open Magdeburg 2005,2005-11-09,LEE Jungwoo/OH Sangeun,CHEUNG Yuk/LEUNG Chu Yan,KOR,HKG,4,1,"3,11,11,11,11|11,5,4,5,9",Final,GRAND_SLAM,MD,1758,Main Draw,LEE Jungwoo (KOR) / OH Sangeun (KOR),CHEUNG Yuk (HKG) / LEUNG Chu Yan (HKG),OH Sangeun (KOR),LEUNG Chu Yan (HKG),1 - 4,11:3 5:11 4:11 5:11 9:11,LEE Jungwoo,2005
German Open Magdeburg 2005,2005-11-09,JIANG Tianyi/TANG Peng,ELENSKY Gregory/LO Dany,HKG,ISR,3,0,"11,11,12|7,4,10",QR64,GRAND_SLAM,MD,1758,Qualification,JIANG Tianyi (HKG) / TANG Peng (HKG),ELENSKY Gregory (ISR) / LO Dany (FRA),TANG Peng (HKG),LO Dany (FRA),3 - 0,11:7 11:4 12:10,JIANG Tianyi,2005
German Open Magdeburg 2005,2005-11-09,SABATINO Daniele/VLASOV Grigory,LINDNER Adam/VARGA Zoltan,ITA,HUN,3,2,"9,11,5,11,11|11,8,11,4,9",QR128,GRAND_SLAM,MD,1758,Qualification,SABATINO Daniele (ITA) / VLASOV Grigory (RUS),LINDNER Adam (HUN) / VARGA Zoltan (HUN),VLASOV Grigory (RUS),VARGA Zoltan (HUN),2 - 3,11:9 8:11 11:5 4:11 9:11,SABATINO Daniele,2005
German Open Magdeburg 2005,2005-11-09,JAKAB Janos/ZWICKL Daniel,CHMIEL Piotr/PIETKIEWICZ Maciej,HUN,POL,3,1,"11,9,11,11|7,11,9,5",QR128,GRAND_SLAM,MD,1758,Qualification,JAKAB Janos (HUN) / ZWICKL Daniel (HUN),CHMIEL Piotr (POL) / PIETKIEWICZ Maciej (POL),ZWICKL Daniel (HUN),PIETKIEWICZ Maciej (POL),3 - 1,11:7 9:11 11:9 11:5,JAKAB Janos,2005
German Open Magdeburg 2005,2005-11-09,JAKAB Janos/ZWICKL Daniel,DE SOUSA Arlindo/MICHELY Gilles,HUN,LUX,3,0,"11,13,11|2,11,5",QR64,GRAND_SLAM,MD,1758,Qualification,JAKAB Janos (HUN) / ZWICKL Daniel (HUN),DE SOUSA Arlindo (LUX) / MICHELY Gilles (LUX),ZWICKL Daniel (HUN),MICHELY Gilles (LUX),3 - 0,11:2 13:11 11:5,JAKAB Janos,2005
German Open Magdeburg 2005,2005-11-09,PLACHY Josef/VYBORNY Richard,LIN Ju/PATTANTYUS Adam,CZE,DOM,3,0,"11,11,11|8,9,7",QR32,GRAND_SLAM,MD,1758,Qualification,PLACHY Josef (CZE) / VYBORNY Richard (CZE),LIN Ju (DOM) / PATTANTYUS Adam (HUN),VYBORNY Richard (CZE),PATTANTYUS Adam (HUN),0 - 3,8:11 9:11 7:11,PLACHY Josef,2005
German Open Magdeburg 2005,2005-11-09,JAKAB Janos/ZWICKL Daniel,AUFRERE Julien/LEGOUT Christophe,HUN,FRA,3,1,"8,11,12,11|11,8,10,3",QR32,GRAND_SLAM,MD,1758,Qualification,JAKAB Janos (HUN) / ZWICKL Daniel (HUN),AUFRERE Julien (FRA) / LEGOUT Christophe (FRA),ZWICKL Daniel (HUN),LEGOUT Christophe (FRA),3 - 1,8:11 11:8 12:10 11:3,JAKAB Janos,2005
German Open Magdeburg 2005,2005-11-09,MAREK David/SHMYREV Maxim,PIACENTINI Valentino/SPINICCHIA Simone,CZE,ITA,3,1,"15,11,4,11|13,7,11,8",QR128,GRAND_SLAM,MD,1758,Qualification,MAREK David (CZE) / SHMYREV Maxim (RUS),PIACENTINI Valentino (ITA) / SPINICCHIA Simone (ITA),SHMYREV Maxim (RUS),SPINICCHIA Simone (ITA),1 - 3,13:15 7:11 11:4 8:11,MAREK David,2005
German Open Magdeburg 2005,2005-11-09,FAN Guoliang/SANCHEZ Victor,BOBOCICA Mihai/STOYANOV Niagol,ESP,ITA,3,2,"11,13,11,9,11|1,11,13,11,6",QR128,GRAND_SLAM,MD,1758,Qualification,FAN Guoliang (ESP) / SANCHEZ Victor (ESP),BOBOCICA Mihai (ITA) / STOYANOV Niagol (ITA),SANCHEZ Victor (ESP),STOYANOV Niagol (ITA),2 - 3,1:11 11:13 13:11 11:9 6:11,FAN Guoliang,2005
German Open Magdeburg 2005,2005-11-09,MIZUTANI Jun/TAKAKIWA Taku,OBESLO Michal/PLACEK Frantisek,JPN,CZE,3,1,"13,13,9,11|11,11,11,3",QR128,GRAND_SLAM,MD,1758,Qualification,MIZUTANI Jun (JPN) / TAKAKIWA Taku (JPN),OBESLO Michal (CZE) / PLACEK Frantisek (CZE),TAKAKIWA Taku (JPN),PLACEK Frantisek (CZE),3 - 1,13:11 13:11 9:11 11:3,MIZUTANI Jun,2005
German Open Magdeburg 2005,2005-11-09,MACHADO Carlos/TORRES Daniel,TAKAKIWA Kenichi/YOKOYAMA Yuichi,ESP,JPN,3,0,"11,11,11|5,5,6",QR128,GRAND_SLAM,MD,1758,Qualification,MACHADO Carlos (ESP) / TORRES Daniel (ESP),TAKAKIWA Kenichi (JPN) / YOKOYAMA Yuichi (JPN),TORRES Daniel (ESP),YOKOYAMA Yuichi (JPN),0 - 3,5:11 5:11 6:11,MACHADO Carlos,2005
German Open Magdeburg 2005,2005-11-09,MIZUTANI Jun/TAKAKIWA Taku,LIVENTSOV Alexey/RUBTSOV Igor,JPN,RUS,3,2,"6,10,11,13,11|11,12,9,11,8",QR64,GRAND_SLAM,MD,1758,Qualification,MIZUTANI Jun (JPN) / TAKAKIWA Taku (JPN),LIVENTSOV Alexey (RUS) / RUBTSOV Igor (RUS),TAKAKIWA Taku (JPN),RUBTSOV Igor (RUS),3 - 2,6:11 10:12 11:9 13:11 11:8,MIZUTANI Jun,2005
German Open Magdeburg 2005,2005-11-09,MIZUTANI Jun/TAKAKIWA Taku,MILOSEVIC Bojan/VUKELIC Boris,JPN,SRB,3,1,"11,11,11,12|9,13,5,10",QR32,GRAND_SLAM,MD,1758,Qualification,MIZUTANI Jun (JPN) / TAKAKIWA Taku (JPN),MILOSEVIC Bojan (SRB) / VUKELIC Boris (SRB),TAKAKIWA Taku (JPN),VUKELIC Boris (SRB),3 - 1,11:9 11:13 11:5 12:10,MIZUTANI Jun,2005
German Open Magdeburg 2005,2005-11-09,LEE Jungwoo/OH Sangeun,LEE Jinkwon/RYU Seungmin,KOR,KOR,4,0,"14,11,14,11|12,4,12,7",QuarterFinal,GRAND_SLAM,MD,1758,Main Draw,LEE Jungwoo (KOR) / OH Sangeun (KOR),LEE Jinkwon (KOR) / RYU Seungmin (KOR),OH Sangeun (KOR),RYU Seungmin (KOR),0 - 4,12:14 4:11 12:14 7:11,LEE Jungwoo,2005
German Open Magdeburg 2005,2005-11-09,KIHO Shinnosuke/LIM Jaehyun,KLEPRLIK Jakub/KLEPRLIK Michal,JPN,CZE,3,0,"11,11,11|1,6,7",QR128,GRAND_SLAM,MD,1758,Qualification,KIHO Shinnosuke (JPN) / LIM Jaehyun (KOR),KLEPRLIK Jakub (CZE) / KLEPRLIK Michal (CZE),LIM Jaehyun (KOR),KLEPRLIK Michal (CZE),3 - 0,11:1 11:6 11:7,KIHO Shinnosuke,2005
German Open Magdeburg 2005,2005-11-09,LEE Jinkwon/RYU Seungmin,CHRIST Nico/THEISSMANN Thomas,KOR,GER,3,0,"11,11,11|7,3,7",QR64,GRAND_SLAM,MD,1758,Qualification,LEE Jinkwon (KOR) / RYU Seungmin (KOR),CHRIST Nico (GER) / THEISSMANN Thomas (GER),RYU Seungmin (KOR),THEISSMANN Thomas (GER),3 - 0,11:7 11:3 11:7,LEE Jinkwon,2005
German Open Magdeburg 2005,2005-11-09,LI Ping/ZHANG Chao,KIHO Shinnosuke/LIM Jaehyun,QAT,JPN,3,1,"11,11,11,11|5,3,13,3",QR64,GRAND_SLAM,MD,1758,Qualification,LI Ping (QAT) / ZHANG Chao (CHN),KIHO Shinnosuke (JPN) / LIM Jaehyun (KOR),ZHANG Chao (CHN),LIM Jaehyun (KOR),1 - 3,5:11 3:11 13:11 3:11,LI Ping,2005
German Open Magdeburg 2005,2005-11-09,CHO Eonrae/CHOI Hyunjin,MUSKO Peter/VITSEK Ivan,KOR,HUN,3,2,"11,7,11,5,15|5,11,6,11,13",QR64,GRAND_SLAM,MD,1758,Qualification,CHO Eonrae (KOR) / CHOI Hyunjin (KOR),MUSKO Peter (HUN) / VITSEK Ivan (HUN),CHOI Hyunjin (KOR),VITSEK Ivan (HUN),3 - 2,11:5 7:11 11:6 5:11 15:13,CHO Eonrae,2005
German Open Magdeburg 2005,2005-11-09,KIM Junghoon/LEE Jungsam,BAUBET Vincent/DEBRUYERES Clement,KOR,FRA,3,1,"11,7,11,11|6,11,5,4",QR64,GRAND_SLAM,MD,1758,Qualification,KIM Junghoon (KOR) / LEE Jungsam (KOR),BAUBET Vincent (FRA) / DEBRUYERES Clement (FRA),LEE Jungsam (KOR),DEBRUYERES Clement (FRA),3 - 1,11:6 7:11 11:5 11:4,KIM Junghoon,2005
German Open Magdeburg 2005,2005-11-09,LEE Jinkwon/RYU Seungmin,JIANG Tianyi/TANG Peng,KOR,HKG,3,1,"11,11,5,11|9,7,11,8",QR32,GRAND_SLAM,MD,1758,Qualification,LEE Jinkwon (KOR) / RYU Seungmin (KOR),JIANG Tianyi (HKG) / TANG Peng (HKG),RYU Seungmin (KOR),TANG Peng (HKG),3 - 1,11:9 11:7 5:11 11:8,LEE Jinkwon,2005
German Open Magdeburg 2005,2005-11-09,HAKANSSON Fredrik/MOLIN Magnus,CHO Eonrae/CHOI Hyunjin,SWE,KOR,3,2,"12,9,18,9,11|10,11,16,11,8",QR32,GRAND_SLAM,MD,1758,Qualification,HAKANSSON Fredrik (SWE) / MOLIN Magnus (SWE),CHO Eonrae (KOR) / CHOI Hyunjin (KOR),MOLIN Magnus (SWE),CHOI Hyunjin (KOR),2 - 3,10:12 11:9 16:18 11:9 8:11,HAKANSSON Fredrik,2005
German Open Magdeburg 2005,2005-11-09,KIM Junghoon/LEE Jungsam,HENZELL William/ZALCBERG David,KOR,AUS,3,1,"8,11,11,11|11,5,4,6",QR32,GRAND_SLAM,MD,1758,Qualification,KIM Junghoon (KOR) / LEE Jungsam (KOR),HENZELL William (AUS) / ZALCBERG David (AUS),LEE Jungsam (KOR),ZALCBERG David (AUS),3 - 1,8:11 11:5 11:4 11:6,KIM Junghoon,2005
German Open Magdeburg 2005,2005-11-09,LEE Jinkwon/RYU Seungmin,MIZUTANI Jun/TAKAKIWA Taku,KOR,JPN,3,1,"11,11,7,11|2,6,11,5",QR16,GRAND_SLAM,MD,1758,Qualification,LEE Jinkwon (KOR) / RYU Seungmin (KOR),MIZUTANI Jun (JPN) / TAKAKIWA Taku (JPN),RYU Seungmin (KOR),TAKAKIWA Taku (JPN),3 - 1,11:2 11:6 7:11 11:5,LEE Jinkwon,2005
German Open Magdeburg 2005,2005-11-09,KIM Junghoon/LEE Jungsam,BERTIN Christophe/BOBILLIER Loic,KOR,FRA,3,2,"4,11,4,16,11|11,8,11,14,9",QR16,GRAND_SLAM,MD,1758,Qualification,KIM Junghoon (KOR) / LEE Jungsam (KOR),BERTIN Christophe (FRA) / BOBILLIER Loic (FRA),LEE Jungsam (KOR),BOBILLIER Loic (FRA),3 - 2,4:11 11:8 4:11 16:14 11:9,KIM Junghoon,2005
German Open Magdeburg 2005,2005-11-09,BURGIS Matiss/SIROKIJS Viktors,DAVID Petr/VRABLIK Jiri,LAT,CZE,3,2,"14,9,11,7,11|12,11,6,11,5",QR128,GRAND_SLAM,MD,1758,Qualification,BURGIS Matiss (LAT) / SIROKIJS Viktors (LAT),DAVID Petr (CZE) / VRABLIK Jiri (CZE),SIROKIJS Viktors (LAT),VRABLIK Jiri (CZE),3 - 2,14:12 9:11 11:6 7:11 11:5,BURGIS Matiss,2005
German Open Magdeburg 2005,2005-11-09,GRIGOREV Artur/JAPEC Tomislav,BAST Mike/SIMON Fabien,RUS,LUX,3,1,"9,11,11,11|11,9,5,7",QR128,GRAND_SLAM,MD,1758,Qualification,GRIGOREV Artur (RUS) / JAPEC Tomislav (CRO),BAST Mike (LUX) / SIMON Fabien (LUX),JAPEC Tomislav (CRO),SIMON Fabien (LUX),1 - 3,11:9 9:11 5:11 7:11,GRIGOREV Artur,2005
German Open Magdeburg 2005,2005-11-09,DE SOUSA Arlindo/MICHELY Gilles,ILLAS Erik/PALCEK Martin,LUX,SVK,3,0,"11,11,11|8,9,8",QR128,GRAND_SLAM,MD,1758,Qualification,DE SOUSA Arlindo (LUX) / MICHELY Gilles (LUX),ILLAS Erik (SVK) / PALCEK Martin (SVK),MICHELY Gilles (LUX),PALCEK Martin (SVK),3 - 0,11:8 11:9 11:8,DE SOUSA Arlindo,2005
German Open Magdeburg 2005,2005-11-09,HENZELL William/ZALCBERG David,MADRID Marcos/MENDEZ Rafael,AUS,MEX,3,0,,QR128,GRAND_SLAM,MD,1758,Qualification,HENZELL William (AUS) / ZALCBERG David (AUS),MADRID Marcos (MEX) / MENDEZ Rafael (MEX),ZALCBERG David (AUS),MENDEZ Rafael (MEX),0 - 3,,HENZELL William,2005
German Open Magdeburg 2005,2005-11-09,FRANZ Peter/KEEN Trinko,WU Chih-Chi/ZOMBORI David,GER,TPE,3,1,"13,11,11,11|11,13,8,7",QR64,GRAND_SLAM,MD,1758,Qualification,FRANZ Peter (GER) / KEEN Trinko (NED),WU Chih-Chi (TPE) / ZOMBORI David (HUN),KEEN Trinko (NED),ZOMBORI David (HUN),3 - 1,13:11 11:13 11:8 11:7,FRANZ Peter,2005
German Open Magdeburg 2005,2005-11-09,FRANZ Peter/KEEN Trinko,CRISAN Adrian/KORBEL Petr,GER,ROU,3,2,"11,11,9,6,11|5,9,11,11,8",QR32,GRAND_SLAM,MD,1758,Qualification,FRANZ Peter (GER) / KEEN Trinko (NED),CRISAN Adrian (ROU) / KORBEL Petr (CZE),KEEN Trinko (NED),KORBEL Petr (CZE),3 - 2,11:5 11:9 9:11 6:11 11:8,FRANZ Peter,2005
German Open Magdeburg 2005,2005-11-09,LIU Guozheng/XU Hui,FRANZ Peter/KEEN Trinko,CHN,GER,3,0,"11,11,11|4,6,9",QR16,GRAND_SLAM,MD,1758,Qualification,LIU Guozheng (CHN) / XU Hui (CHN),FRANZ Peter (GER) / KEEN Trinko (NED),XU Hui (CHN),KEEN Trinko (NED),0 - 3,4:11 6:11 9:11,LIU Guozheng,2005
German Open Magdeburg 2005,2005-11-09,AUFRERE Julien/LEGOUT Christophe,AARAS Arne/BERNER Eric,FRA,NOR,3,0,"11,11,11|5,6,8",QR64,GRAND_SLAM,MD,1758,Qualification,AUFRERE Julien (FRA) / LEGOUT Christophe (FRA),AARAS Arne (NOR) / BERNER Eric (NOR),LEGOUT Christophe (FRA),BERNER Eric (NOR),0 - 3,5:11 6:11 8:11,AUFRERE Julien,2005
German Open Magdeburg 2005,2005-11-09,JANCARIK Lubomir/PRESSLMAYER Bernhard,PEREK Jakub/SUCH Bartosz,CZE,POL,3,1,"11,11,7,11|7,8,11,7",QR128,GRAND_SLAM,MD,1758,Qualification,JANCARIK Lubomir (CZE) / PRESSLMAYER Bernhard (AUT),PEREK Jakub (POL) / SUCH Bartosz (POL),PRESSLMAYER Bernhard (AUT),SUCH Bartosz (POL),1 - 3,7:11 8:11 11:7 7:11,JANCARIK Lubomir,2005
German Open Magdeburg 2005,2005-11-09,KOSOWSKI Jakub/SZYMANSKI Filip,CHO Jihoon/YOON Jaeyoung,POL,KOR,3,1,"15,11,8,11|13,5,11,9",QR64,GRAND_SLAM,MD,1758,Qualification,KOSOWSKI Jakub (POL) / SZYMANSKI Filip (POL),CHO Jihoon (KOR) / YOON Jaeyoung (KOR),SZYMANSKI Filip (POL),YOON Jaeyoung (KOR),3 - 1,15:13 11:5 8:11 11:9,KOSOWSKI Jakub,2005
German Open Magdeburg 2005,2005-11-09,HENZELL William/ZALCBERG David,LEWANDOWSKI Tomasz/MALICKI Szymon,AUS,POL,3,0,"11,11,11|7,8,9",QR64,GRAND_SLAM,MD,1758,Qualification,HENZELL William (AUS) / ZALCBERG David (AUS),LEWANDOWSKI Tomasz (POL) / MALICKI Szymon (POL),ZALCBERG David (AUS),MALICKI Szymon (POL),0 - 3,7:11 8:11 9:11,HENZELL William,2005
German Open Magdeburg 2005,2005-11-09,LIVENTSOV Alexey/RUBTSOV Igor,CARVALHO Efraim/SIMULESCU Eugen,RUS,BRA,3,1,"11,11,14,11|9,13,12,4",QR128,GRAND_SLAM,MD,1758,Qualification,LIVENTSOV Alexey (RUS) / RUBTSOV Igor (RUS),CARVALHO Efraim (BRA) / SIMULESCU Eugen (ROU),RUBTSOV Igor (RUS),SIMULESCU Eugen (ROU),1 - 3,9:11 13:11 12:14 4:11,LIVENTSOV Alexey,2005
German Open Magdeburg 2005,2005-11-09,KUZMIN Fedor/SMIRNOV Alexey,LI Ping/ZHANG Chao,RUS,QAT,4,0,"11,15,11,11|6,13,4,9",R16,GRAND_SLAM,MD,1758,Main Draw,KUZMIN Fedor (RUS) / SMIRNOV Alexey (RUS),LI Ping (QAT) / ZHANG Chao (CHN),SMIRNOV Alexey (RUS),ZHANG Chao (CHN),4 - 0,11:6 15:13 11:4 11:9,KUZMIN Fedor,2005
German Open Magdeburg 2005,2005-11-09,KUZMIN Fedor/SMIRNOV Alexey,KISHIKAWA Seiya/SAKAMOTO Ryusuke,RUS,JPN,4,3,"11,11,6,11,8,10,11|7,9,11,6,11,12,6",QuarterFinal,GRAND_SLAM,MD,1758,Main Draw,KUZMIN Fedor (RUS) / SMIRNOV Alexey (RUS),KISHIKAWA Seiya (JPN) / SAKAMOTO Ryusuke (JPN),SMIRNOV Alexey (RUS),SAKAMOTO Ryusuke (JPN),4 - 3,11:7 11:9 6:11 11:6 8:11 10:12 11:6,KUZMIN Fedor,2005
German Open Magdeburg 2005,2005-11-09,LEE Jungwoo/OH Sangeun,KUZMIN Fedor/SMIRNOV Alexey,KOR,RUS,4,2,"9,11,11,11,9,11|11,6,8,3,11,7",SemiFinal,GRAND_SLAM,MD,1758,Main Draw,LEE Jungwoo (KOR) / OH Sangeun (KOR),KUZMIN Fedor (RUS) / SMIRNOV Alexey (RUS),OH Sangeun (KOR),SMIRNOV Alexey (RUS),2 - 4,11:9 6:11 8:11 3:11 11:9 7:11,LEE Jungwoo,2005
German Open Magdeburg 2005,2005-11-09,APOLONIA Tiago/FREITAS Marcos,SABATINO Daniele/VLASOV Grigory,POR,ITA,3,0,"11,12,11|6,10,9",QR64,GRAND_SLAM,MD,1758,Qualification,APOLONIA Tiago (POR) / FREITAS Marcos (POR),SABATINO Daniele (ITA) / VLASOV Grigory (RUS),FREITAS Marcos (POR),VLASOV Grigory (RUS),0 - 3,6:11 10:12 9:11,APOLONIA Tiago,2005
German Open Magdeburg 2005,2005-11-09,GRUJIC Slobodan/KARAKASEVIC Aleksandar,KIM Junghoon/LEE Jungsam,SRB,KOR,4,2,"8,11,11,11,9,11|11,7,8,8,11,9",R16,GRAND_SLAM,MD,1758,Main Draw,GRUJIC Slobodan (SRB) / KARAKASEVIC Aleksandar (SRB),KIM Junghoon (KOR) / LEE Jungsam (KOR),KARAKASEVIC Aleksandar (SRB),LEE Jungsam (KOR),4 - 2,8:11 11:7 11:8 11:8 9:11 11:9,GRUJIC Slobodan,2005
German Open Magdeburg 2005,2005-11-09,CHEUNG Yuk/LEUNG Chu Yan,GRUJIC Slobodan/KARAKASEVIC Aleksandar,HKG,SRB,4,2,"11,13,8,11,6,11|8,11,11,8,11,2",QuarterFinal,GRAND_SLAM,MD,1758,Main Draw,CHEUNG Yuk (HKG) / LEUNG Chu Yan (HKG),GRUJIC Slobodan (SRB) / KARAKASEVIC Aleksandar (SRB),LEUNG Chu Yan (HKG),KARAKASEVIC Aleksandar (SRB),2 - 4,8:11 11:13 11:8 8:11 11:6 2:11,CHEUNG Yuk,2005
German Open Magdeburg 2005,2005-11-09,GACINA Andrej/REDJEP Ronald,MARKOVIC Rade/SEL Zolt,CRO,SRB,3,0,,QR128,GRAND_SLAM,MD,1758,Qualification,GACINA Andrej (CRO) / REDJEP Ronald (CRO),MARKOVIC Rade (SRB) / SEL Zolt (SRB),REDJEP Ronald (CRO),SEL Zolt (SRB),0 - 3,,GACINA Andrej,2005
German Open Magdeburg 2005,2005-11-09,MILOSEVIC Bojan/VUKELIC Boris,FETH Stefan/KEINATH Thomas,SRB,GER,3,2,"12,11,11,8,11|10,8,13,11,9",QR64,GRAND_SLAM,MD,1758,Qualification,MILOSEVIC Bojan (SRB) / VUKELIC Boris (SRB),FETH Stefan (GER) / KEINATH Thomas (SVK),VUKELIC Boris (SRB),KEINATH Thomas (SVK),3 - 2,12:10 11:8 11:13 8:11 11:9,MILOSEVIC Bojan,2005
German Open Magdeburg 2005,2005-11-09,JEVTOVIC Marko/PETO Zsolt,FAN Guoliang/SANCHEZ Victor,SRB,ESP,3,0,"13,11,11|11,9,7",QR64,GRAND_SLAM,MD,1758,Qualification,JEVTOVIC Marko (SRB) / PETO Zsolt (SRB),FAN Guoliang (ESP) / SANCHEZ Victor (ESP),PETO Zsolt (SRB),SANCHEZ Victor (ESP),3 - 0,13:11 11:9 11:7,JEVTOVIC Marko,2005
German Open Magdeburg 2005,2005-11-09,FAZEKAS Peter/PAZSY Ferenc,JEVTOVIC Marko/PETO Zsolt,HUN,SRB,3,2,"7,11,11,5,11|11,6,2,11,5",QR32,GRAND_SLAM,MD,1758,Qualification,FAZEKAS Peter (HUN) / PAZSY Ferenc (HUN),JEVTOVIC Marko (SRB) / PETO Zsolt (SRB),PAZSY Ferenc (HUN),PETO Zsolt (SRB),2 - 3,11:7 6:11 2:11 11:5 5:11,FAZEKAS Peter,2005
German Open Magdeburg 2005,2005-11-09,LIN Ju/PATTANTYUS Adam,PISTEJ Lubomir/SEREDA Peter,DOM,SVK,3,1,"11,5,11,11|4,11,7,2",QR64,GRAND_SLAM,MD,1758,Qualification,LIN Ju (DOM) / PATTANTYUS Adam (HUN),PISTEJ Lubomir (SVK) / SEREDA Peter (SVK),PATTANTYUS Adam (HUN),SEREDA Peter (SVK),1 - 3,4:11 11:5 7:11 2:11,LIN Ju,2005
German Open Magdeburg 2005,2005-11-09,LEE Jungwoo/OH Sangeun,HAKANSSON Fredrik/MOLIN Magnus,KOR,SWE,4,1,"11,11,14,7,11|7,2,12,11,3",R16,GRAND_SLAM,MD,1758,Main Draw,LEE Jungwoo (KOR) / OH Sangeun (KOR),HAKANSSON Fredrik (SWE) / MOLIN Magnus (SWE),OH Sangeun (KOR),MOLIN Magnus (SWE),1 - 4,7:11 2:11 12:14 11:7 3:11,LEE Jungwoo,2005
German Open Magdeburg 2005,2005-11-09,JEVTOVIC Marko/PETO Zsolt,MONTEIRO Joao/STENBERG Mattias,SRB,POR,3,2,"11,6,11,9,12|8,11,8,11,10",QR128,GRAND_SLAM,MD,1758,Qualification,JEVTOVIC Marko (SRB) / PETO Zsolt (SRB),MONTEIRO Joao (POR) / STENBERG Mattias (SWE),PETO Zsolt (SRB),STENBERG Mattias (SWE),2 - 3,8:11 11:6 8:11 11:9 10:12,JEVTOVIC Marko,2005
German Open Magdeburg 2005,2005-11-09,CIHAK Marek/OLEJNIK Martin,GERELL Par/LUNDQVIST Jens,CZE,SWE,3,0,,QR64,GRAND_SLAM,MD,1758,Qualification,CIHAK Marek (CZE) / OLEJNIK Martin (CZE),GERELL Par (SWE) / LUNDQVIST Jens (SWE),OLEJNIK Martin (CZE),LUNDQVIST Jens (SWE),0 - 3,,CIHAK Marek,2005
German Open Magdeburg 2005,2005-11-09,HAKANSSON Fredrik/MOLIN Magnus,JAKAB Janos/ZWICKL Daniel,SWE,HUN,3,1,"8,12,11,11|11,10,4,7",QR16,GRAND_SLAM,MD,1758,Qualification,HAKANSSON Fredrik (SWE) / MOLIN Magnus (SWE),JAKAB Janos (HUN) / ZWICKL Daniel (HUN),MOLIN Magnus (SWE),ZWICKL Daniel (HUN),3 - 1,8:11 12:10 11:4 11:7,HAKANSSON Fredrik,2005
German Open Magdeburg 2005,2005-11-09,MILOSEVIC Bojan/VUKELIC Boris,DIDUKH Oleksandr/ZHMUDENKO Yaroslav,SRB,UKR,3,2,"6,12,8,11,11|11,10,11,5,9",QR128,GRAND_SLAM,MD,1758,Qualification,MILOSEVIC Bojan (SRB) / VUKELIC Boris (SRB),DIDUKH Oleksandr (UKR) / ZHMUDENKO Yaroslav (UKR),VUKELIC Boris (SRB),ZHMUDENKO Yaroslav (UKR),2 - 3,11:6 10:12 11:8 5:11 9:11,MILOSEVIC Bojan,2005
German Open Magdeburg 2005,2005-11-09,APOLONIA Tiago/FREITAS Marcos,LIEVSHYN Vitaliy/PRYSHCHEPA Ievgen,POR,UKR,3,0,"11,11,11|6,6,5",QR128,GRAND_SLAM,MD,1758,Qualification,APOLONIA Tiago (POR) / FREITAS Marcos (POR),LIEVSHYN Vitaliy (UKR) / PRYSHCHEPA Ievgen (UKR),FREITAS Marcos (POR),PRYSHCHEPA Ievgen (UKR),0 - 3,6:11 6:11 5:11,APOLONIA Tiago,2005
German Open Magdeburg 2005,2005-11-09,OYA Hidetoshi/YOSHIDA Kaii,CASAS Jacques Orlando/GREEN Wally,JPN,USA,3,0,"14,11,11|12,9,8",QR128,GRAND_SLAM,MD,1758,Qualification,OYA Hidetoshi (JPN) / YOSHIDA Kaii (JPN),CASAS Jacques Orlando (USA) / GREEN Wally (USA),YOSHIDA Kaii (JPN),GREEN Wally (USA),0 - 3,12:14 9:11 8:11,OYA Hidetoshi,2005
German Open Magdeburg 2005,2005-11-09,WU Chih-Chi/ZOMBORI David,MANSSON Magnus,TPE,SWE,3,1,"11,5,11,11|7,11,6,7",QR128,GRAND_SLAM,MD,1758,Qualification,WU Chih-Chi (TPE) / ZOMBORI David (HUN),MANSSON Magnus (SWE),ZOMBORI David (HUN),,1 - 3,7:11 11:5 6:11 7:11,WU Chih-Chi,2005
German Open Magdeburg 2005,2005-11-09,POHAR Martina/ZAMFIR Adriana,LUCENKOVA Viktoria/MIAO Miao,SLO,SVK,3,1,"11,11,6,11|9,8,11,5",QR64,GRAND_SLAM,WD,1758,Qualification,POHAR Martina (SLO) / ZAMFIR Adriana (ROU),LUCENKOVA Viktoria (SVK) / MIAO Miao (AUS),ZAMFIR Adriana (ROU),MIAO Miao (AUS),1 - 3,9:11 8:11 11:6 5:11,POHAR Martina,2005
German Open Magdeburg 2005,2005-11-09,FADEEVA Oxana/WAGGERMAYER Elena,PENKAVOVA Katerina/VACENOVSKA Iveta,RUS,CZE,3,1,"13,10,12,11|11,12,10,1",QR64,GRAND_SLAM,WD,1758,Qualification,FADEEVA Oxana (RUS) / WAGGERMAYER Elena (AUT),PENKAVOVA Katerina (CZE) / VACENOVSKA Iveta (CZE),WAGGERMAYER Elena (AUT),VACENOVSKA Iveta (CZE),3 - 1,13:11 10:12 12:10 11:1,FADEEVA Oxana,2005
German Open Magdeburg 2005,2005-11-09,PARK Miyoung/YOON Sunae,YILDIRIM Fulya/SOLJA Amelie,KOR,TUR,3,0,"12,11,11|10,9,6",QR64,GRAND_SLAM,WD,1758,Qualification,PARK Miyoung (KOR) / YOON Sunae (KOR),YILDIRIM Fulya (TUR) / SOLJA Amelie (AUT),YOON Sunae (KOR),SOLJA Amelie (AUT),0 - 3,10:12 9:11 6:11,PARK Miyoung,2005
German Open Magdeburg 2005,2005-11-09,FADEEVA Oxana/WAGGERMAYER Elena,BOMANN Anne-Cathrine/SKOV Mie,RUS,DEN,3,1,"10,11,11,11|12,3,6,7",QR32,GRAND_SLAM,WD,1758,Qualification,FADEEVA Oxana (RUS) / WAGGERMAYER Elena (AUT),BOMANN Anne-Cathrine (DEN) / SKOV Mie (DEN),WAGGERMAYER Elena (AUT),SKOV Mie (DEN),3 - 1,10:12 11:3 11:6 11:7,FADEEVA Oxana,2005
German Open Magdeburg 2005,2005-11-09,PAVLOVICH Veronika/PAVLOVICH Viktoria,KIM Hyehyun/KIM Junghyun,BLR,KOR,4,3,"13,11,11,7,11,3,11|15,6,4,11,8,11,8",R16,GRAND_SLAM,WD,1758,Main Draw,PAVLOVICH Veronika (BLR) / PAVLOVICH Viktoria (BLR),KIM Hyehyun (KOR) / KIM Junghyun (KOR),PAVLOVICH Viktoria (BLR),KIM Junghyun (KOR),4 - 3,13:15 11:6 11:4 7:11 11:8 3:11 11:8,PAVLOVICH Veronika,2005
German Open Magdeburg 2005,2005-11-09,LI Qiangbing/PETZNER Martina,JOHANSSON Frida/KASABOVA Asya,AUT,SWE,3,2,"5,11,11,8,11|11,2,7,11,6",QR64,GRAND_SLAM,WD,1758,Qualification,LI Qiangbing (AUT) / PETZNER Martina (AUT),JOHANSSON Frida (SWE) / KASABOVA Asya (BUL),PETZNER Martina (AUT),KASABOVA Asya (BUL),2 - 3,11:5 2:11 7:11 11:8 6:11,LI Qiangbing,2005
German Open Magdeburg 2005,2005-11-09,LI Xiaoxia/PENG Luyang,BARTHEL Zhenqi/GOBEL Jessica,CHN,GER,3,0,"14,17,11|12,15,2",QR64,GRAND_SLAM,WD,1758,Qualification,LI Xiaoxia (CHN) / PENG Luyang (CHN),BARTHEL Zhenqi (GER) / GOBEL Jessica (GER),PENG Luyang (CHN),GOBEL Jessica (GER),3 - 0,14:12 17:15 11:2,LI Xiaoxia,2005
German Open Magdeburg 2005,2005-11-09,CAO Zhen/DING Ning,AMBRUS Timea/LI Bin,CHN,HUN,3,0,"11,11,12|4,8,10",QR64,GRAND_SLAM,WD,1758,Qualification,CAO Zhen (CHN) / DING Ning (CHN),AMBRUS Timea (HUN) / LI Bin (HUN),DING Ning (CHN),LI Bin (HUN),3 - 0,11:4 11:8 12:10,CAO Zhen,2005
German Open Magdeburg 2005,2005-11-09,LI Xiaoxia/PENG Luyang,KMOTORKOVA Lenka/ODOROVA Eva,CHN,SVK,3,1,"11,11,4,11|3,4,11,4",QR32,GRAND_SLAM,WD,1758,Qualification,LI Xiaoxia (CHN) / PENG Luyang (CHN),KMOTORKOVA Lenka (SVK) / ODOROVA Eva (SVK),PENG Luyang (CHN),ODOROVA Eva (SVK),3 - 1,11:3 11:4 4:11 11:4,LI Xiaoxia,2005
German Open Magdeburg 2005,2005-11-09,CAO Zhen/DING Ning,BAKULA Andrea/PAOVIC Sandra,CHN,CRO,3,0,"11,11,11|6,6,5",QR32,GRAND_SLAM,WD,1758,Qualification,CAO Zhen (CHN) / DING Ning (CHN),BAKULA Andrea (CRO) / PAOVIC Sandra (CRO),DING Ning (CHN),PAOVIC Sandra (CRO),3 - 0,11:6 11:6 11:5,CAO Zhen,2005
German Open Magdeburg 2005,2005-11-09,LI Xiaoxia/PENG Luyang,GANINA Svetlana/PALINA Irina,CHN,RUS,3,1,"8,11,11,13|11,2,7,11",QR16,GRAND_SLAM,WD,1758,Qualification,LI Xiaoxia (CHN) / PENG Luyang (CHN),GANINA Svetlana (RUS) / PALINA Irina (RUS),PENG Luyang (CHN),PALINA Irina (RUS),3 - 1,8:11 11:2 11:7 13:11,LI Xiaoxia,2005
German Open Magdeburg 2005,2005-11-09,KOMWONG Nanthana/MUANGSUK Anisara,BOBETIC Andrea/VUGRINEC Suncica,THA,CRO,3,0,"11,11,11|9,8,4",QR64,GRAND_SLAM,WD,1758,Qualification,KOMWONG Nanthana (THA) / MUANGSUK Anisara (THA),BOBETIC Andrea (CRO) / VUGRINEC Suncica (CRO),MUANGSUK Anisara (THA),VUGRINEC Suncica (CRO),0 - 3,9:11 8:11 4:11,KOMWONG Nanthana,2005
German Open Magdeburg 2005,2005-11-09,KISHIDA Satoko/UMEMURA Aya,VACHOVCOVA Alena/WEBEROVA Ivana,JPN,CZE,3,0,"11,11,11|6,7,1",QR64,GRAND_SLAM,WD,1758,Qualification,KISHIDA Satoko (JPN) / UMEMURA Aya (JPN),VACHOVCOVA Alena (CZE) / WEBEROVA Ivana (CZE),UMEMURA Aya (JPN),WEBEROVA Ivana (CZE),0 - 3,6:11 7:11 1:11,KISHIDA Satoko,2005
German Open Magdeburg 2005,2005-11-09,CECHOVA Dana/SMISTIKOVA Martina,LI Qiangbing/PETZNER Martina,CZE,AUT,3,2,"11,11,6,8,11|8,4,11,11,5",QR32,GRAND_SLAM,WD,1758,Qualification,CECHOVA Dana (CZE) / SMISTIKOVA Martina (CZE),LI Qiangbing (AUT) / PETZNER Martina (AUT),SMISTIKOVA Martina (CZE),PETZNER Martina (AUT),3 - 2,11:8 11:4 6:11 8:11 11:5,CECHOVA Dana,2005
German Open Magdeburg 2005,2005-11-09,PAVLOVICH Veronika/PAVLOVICH Viktoria,CECHOVA Dana/SMISTIKOVA Martina,BLR,CZE,3,0,"11,11,11|7,7,8",QR16,GRAND_SLAM,WD,1758,Qualification,PAVLOVICH Veronika (BLR) / PAVLOVICH Viktoria (BLR),CECHOVA Dana (CZE) / SMISTIKOVA Martina (CZE),PAVLOVICH Viktoria (BLR),SMISTIKOVA Martina (CZE),0 - 3,7:11 7:11 8:11,PAVLOVICH Veronika,2005
German Open Magdeburg 2005,2005-11-09,BOMANN Anne-Cathrine/SKOV Mie,KERTAI Rita/LOVAS Petra,DEN,HUN,3,0,,QR64,GRAND_SLAM,WD,1758,Qualification,BOMANN Anne-Cathrine (DEN) / SKOV Mie (DEN),KERTAI Rita (HUN) / LOVAS Petra (HUN),SKOV Mie (DEN),LOVAS Petra (HUN),3 - 0,,BOMANN Anne-Cathrine,2005
German Open Magdeburg 2005,2005-11-09,LIAN Qian/WU Xue,JONSSON Carina/OLSSON Marie,DOM,SWE,3,0,"11,11,11|7,5,7",QR64,GRAND_SLAM,WD,1758,Qualification,LIAN Qian (DOM) / WU Xue (DOM),JONSSON Carina (SWE) / OLSSON Marie (SWE),WU Xue (DOM),OLSSON Marie (SWE),3 - 0,11:7 11:5 11:7,LIAN Qian,2005
German Open Magdeburg 2005,2005-11-09,EKHOLM Matilda/WIGOW Susanna,DRINKHALL Joanna/SIBLEY Kelly,SWE,ENG,3,0,"11,11,11|6,7,8",QR64,GRAND_SLAM,WD,1758,Qualification,EKHOLM Matilda (SWE) / WIGOW Susanna (SWE),DRINKHALL Joanna (ENG) / SIBLEY Kelly (ENG),WIGOW Susanna (SWE),SIBLEY Kelly (ENG),0 - 3,6:11 7:11 8:11,EKHOLM Matilda,2005
German Open Magdeburg 2005,2005-11-09,JIANG Huajun/SONG Ah Sim,GAO Jun/SHEN Yanfei,HKG,USA,4,2,"11,4,14,11,8,11|9,11,12,3,11,5",R16,GRAND_SLAM,WD,1758,Main Draw,JIANG Huajun (HKG) / SONG Ah Sim (HKG),GAO Jun (USA) / SHEN Yanfei (ESP),SONG Ah Sim (HKG),SHEN Yanfei (ESP),2 - 4,9:11 11:4 12:14 3:11 11:8 5:11,JIANG Huajun,2005
German Open Magdeburg 2005,2005-11-09,GAO Jun/SHEN Yanfei,TIMINA Elena/VAN ULSEN Sigrid,USA,NED,3,1,"11,11,6,11|7,7,11,4",QR64,GRAND_SLAM,WD,1758,Qualification,GAO Jun (USA) / SHEN Yanfei (ESP),TIMINA Elena (NED) / VAN ULSEN Sigrid (NED),SHEN Yanfei (ESP),VAN ULSEN Sigrid (NED),3 - 1,11:7 11:7 6:11 11:4,GAO Jun,2005
German Open Magdeburg 2005,2005-11-09,STEFANOVA Nikoleta/TAN Wenling,XU Jie (1979)/ZHU Fang,ITA,WAL,3,2,"10,11,11,5,12|12,3,9,11,10",QR64,GRAND_SLAM,WD,1758,Qualification,STEFANOVA Nikoleta (ITA) / TAN Wenling (ITA),XU Jie (1979) (WAL) / ZHU Fang (ESP),TAN Wenling (ITA),ZHU Fang (ESP),2 - 3,12:10 3:11 9:11 11:5 10:12,STEFANOVA Nikoleta,2005
German Open Magdeburg 2005,2005-11-09,CECHOVA Dana/SMISTIKOVA Martina,DVORAK Galia/RAMIREZ Sara,CZE,ESP,3,1,"11,11,10,11|5,7,12,8",QR64,GRAND_SLAM,WD,1758,Qualification,CECHOVA Dana (CZE) / SMISTIKOVA Martina (CZE),DVORAK Galia (ESP) / RAMIREZ Sara (ESP),SMISTIKOVA Martina (CZE),RAMIREZ Sara (ESP),1 - 3,5:11 7:11 12:10 8:11,CECHOVA Dana,2005
German Open Magdeburg 2005,2005-11-09,GAO Jun/SHEN Yanfei,BOLLMEIER Nadine/ROBERTSON Laura,USA,GER,3,0,"17,11,11|15,5,3",QR32,GRAND_SLAM,WD,1758,Qualification,GAO Jun (USA) / SHEN Yanfei (ESP),BOLLMEIER Nadine (GER) / ROBERTSON Laura (GER),SHEN Yanfei (ESP),ROBERTSON Laura (GER),3 - 0,17:15 11:5 11:3,GAO Jun,2005
German Open Magdeburg 2005,2005-11-09,GAO Jun/SHEN Yanfei,FADEEVA Oxana/WAGGERMAYER Elena,USA,RUS,3,0,"11,11,11|8,5,6",QR16,GRAND_SLAM,WD,1758,Qualification,GAO Jun (USA) / SHEN Yanfei (ESP),FADEEVA Oxana (RUS) / WAGGERMAYER Elena (AUT),SHEN Yanfei (ESP),WAGGERMAYER Elena (AUT),3 - 0,11:8 11:5 11:6,GAO Jun,2005
German Open Magdeburg 2005,2005-11-09,KRAMER Tanja/POTA Georgina,LANG Kristin/STRUSE Nicole,GER,GER,4,1,"8,12,11,11,11|11,10,8,9,6",R16,GRAND_SLAM,WD,1758,Main Draw,KRAMER Tanja (GER) / POTA Georgina (HUN),LANG Kristin (GER) / STRUSE Nicole (GER),POTA Georgina (HUN),STRUSE Nicole (GER),1 - 4,11:8 10:12 8:11 9:11 6:11,KRAMER Tanja,2005
German Open Magdeburg 2005,2005-11-09,BOROS Tamara/MOLNAR Cornelia,IVANCAN Irene/SCHOPP Jie,CRO,GER,4,1,"11,4,11,11,12|6,11,9,6,10",R16,GRAND_SLAM,WD,1758,Main Draw,BOROS Tamara (CRO) / MOLNAR Cornelia (CRO),IVANCAN Irene (GER) / SCHOPP Jie (GER),MOLNAR Cornelia (CRO),SCHOPP Jie (GER),1 - 4,6:11 11:4 9:11 6:11 10:12,BOROS Tamara,2005
German Open Magdeburg 2005,2005-11-09,SCHALL Elke/WU Jiaduo,DODEAN Daniela/SAMARA Elizabeta,GER,ROU,3,0,"11,13,12|5,11,10",QR64,GRAND_SLAM,WD,1758,Qualification,SCHALL Elke (GER) / WU Jiaduo (GER),DODEAN Daniela (ROU) / SAMARA Elizabeta (ROU),WU Jiaduo (GER),SAMARA Elizabeta (ROU),3 - 0,11:5 13:11 12:10,SCHALL Elke,2005
German Open Magdeburg 2005,2005-11-09,ROHR Gaby/ROHR Meike,ERDELJI Anamaria/ERDELJI Silvija,GER,SRB,3,1,"15,11,12,11|13,7,14,9",QR64,GRAND_SLAM,WD,1758,Qualification,ROHR Gaby (GER) / ROHR Meike (GER),ERDELJI Anamaria (SRB) / ERDELJI Silvija (SRB),ROHR Meike (GER),ERDELJI Silvija (SRB),3 - 1,15:13 11:7 12:14 11:9,ROHR Gaby,2005
German Open Magdeburg 2005,2005-11-09,IVANCAN Irene/SCHOPP Jie,BAK Natalia/PARTYKA Natalia,GER,POL,3,1,"13,11,3,11|11,4,11,3",QR64,GRAND_SLAM,WD,1758,Qualification,IVANCAN Irene (GER) / SCHOPP Jie (GER),BAK Natalia (POL) / PARTYKA Natalia (POL),SCHOPP Jie (GER),PARTYKA Natalia (POL),3 - 1,13:11 11:4 3:11 11:3,IVANCAN Irene,2005
German Open Magdeburg 2005,2005-11-09,HEINE Veronika/LIU Jia,SCHALL Elke/WU Jiaduo,AUT,GER,3,2,"11,5,8,11,11|7,11,11,8,7",QR32,GRAND_SLAM,WD,1758,Qualification,HEINE Veronika (AUT) / LIU Jia (AUT),SCHALL Elke (GER) / WU Jiaduo (GER),LIU Jia (AUT),WU Jiaduo (GER),2 - 3,7:11 11:5 11:8 8:11 7:11,HEINE Veronika,2005
German Open Magdeburg 2005,2005-11-09,LEE Eunhee/LEE Hyangmi,ROHR Gaby/ROHR Meike,KOR,GER,3,1,"8,11,15,11|11,3,13,7",QR32,GRAND_SLAM,WD,1758,Qualification,LEE Eunhee (KOR) / LEE Hyangmi (KOR),ROHR Gaby (GER) / ROHR Meike (GER),LEE Hyangmi (KOR),ROHR Meike (GER),1 - 3,11:8 3:11 13:15 7:11,LEE Eunhee,2005
German Open Magdeburg 2005,2005-11-09,IVANCAN Irene/SCHOPP Jie,STEFANOVA Nikoleta/TAN Wenling,GER,ITA,3,2,"7,11,6,11,11|11,5,11,4,9",QR32,GRAND_SLAM,WD,1758,Qualification,IVANCAN Irene (GER) / SCHOPP Jie (GER),STEFANOVA Nikoleta (ITA) / TAN Wenling (ITA),SCHOPP Jie (GER),TAN Wenling (ITA),3 - 2,7:11 11:5 6:11 11:4 11:9,IVANCAN Irene,2005
German Open Magdeburg 2005,2005-11-09,TIE Yana/ZHANG Rui,HIRANO Sayaka/HIURA Reiko,HKG,JPN,4,1,"11,9,15,11,11|9,11,13,6,6",R16,GRAND_SLAM,WD,1758,Main Draw,TIE Yana (HKG) / ZHANG Rui (HKG),HIRANO Sayaka (JPN) / HIURA Reiko (JPN),ZHANG Rui (HKG),HIURA Reiko (JPN),4 - 1,11:9 9:11 15:13 11:6 11:6,TIE Yana,2005
German Open Magdeburg 2005,2005-11-09,TIE Yana/ZHANG Rui,PAVLOVICH Veronika/PAVLOVICH Viktoria,HKG,BLR,4,1,"11,8,11,11,11|9,11,8,4,4",QuarterFinal,GRAND_SLAM,WD,1758,Main Draw,TIE Yana (HKG) / ZHANG Rui (HKG),PAVLOVICH Veronika (BLR) / PAVLOVICH Viktoria (BLR),ZHANG Rui (HKG),PAVLOVICH Viktoria (BLR),4 - 1,11:9 8:11 11:8 11:4 11:4,TIE Yana,2005
German Open Magdeburg 2005,2005-11-09,TIE Yana/ZHANG Rui,BOROS Tamara/MOLNAR Cornelia,HKG,CRO,4,0,"11,11,11,11|2,4,9,8",SemiFinal,GRAND_SLAM,WD,1758,Main Draw,TIE Yana (HKG) / ZHANG Rui (HKG),BOROS Tamara (CRO) / MOLNAR Cornelia (CRO),ZHANG Rui (HKG),MOLNAR Cornelia (CRO),4 - 0,11:2 11:4 11:9 11:8,TIE Yana,2005
German Open Magdeburg 2005,2005-11-09,TIE Yana/ZHANG Rui,KIM Bokrae/KIM Kyungah,HKG,KOR,4,1,"11,11,11,15,11|13,8,6,13,8",Final,GRAND_SLAM,WD,1758,Main Draw,TIE Yana (HKG) / ZHANG Rui (HKG),KIM Bokrae (KOR) / KIM Kyungah (KOR),ZHANG Rui (HKG),KIM Kyungah (KOR),4 - 1,11:13 11:8 11:6 15:13 11:8,TIE Yana,2005
German Open Magdeburg 2005,2005-11-09,LAU Sui Fei/LIN Ling,POHAR Martina/ZAMFIR Adriana,HKG,SLO,3,1,"11,11,9,11|4,6,11,9",QR32,GRAND_SLAM,WD,1758,Qualification,LAU Sui Fei (HKG) / LIN Ling (HKG),POHAR Martina (SLO) / ZAMFIR Adriana (ROU),LIN Ling (HKG),ZAMFIR Adriana (ROU),3 - 1,11:4 11:6 9:11 11:9,LAU Sui Fei,2005
German Open Magdeburg 2005,2005-11-09,KISHIDA Satoko/UMEMURA Aya,LAU Sui Fei/LIN Ling,JPN,HKG,3,1,"11,8,14,11|5,11,12,8",QR16,GRAND_SLAM,WD,1758,Qualification,KISHIDA Satoko (JPN) / UMEMURA Aya (JPN),LAU Sui Fei (HKG) / LIN Ling (HKG),UMEMURA Aya (JPN),LIN Ling (HKG),1 - 3,5:11 11:8 12:14 8:11,KISHIDA Satoko,2005
German Open Magdeburg 2005,2005-11-09,BOROS Tamara/MOLNAR Cornelia,KRAMER Tanja/POTA Georgina,CRO,GER,4,2,"15,10,11,6,12,11|13,12,6,11,10,6",QuarterFinal,GRAND_SLAM,WD,1758,Main Draw,BOROS Tamara (CRO) / MOLNAR Cornelia (CRO),KRAMER Tanja (GER) / POTA Georgina (HUN),MOLNAR Cornelia (CRO),POTA Georgina (HUN),2 - 4,13:15 12:10 6:11 11:6 10:12 6:11,BOROS Tamara,2005
German Open Magdeburg 2005,2005-11-09,KRAMER Tanja/POTA Georgina,KOMWONG Nanthana/MUANGSUK Anisara,GER,THA,3,2,"8,11,11,6,12|11,6,9,11,10",QR32,GRAND_SLAM,WD,1758,Qualification,KRAMER Tanja (GER) / POTA Georgina (HUN),KOMWONG Nanthana (THA) / MUANGSUK Anisara (THA),POTA Georgina (HUN),MUANGSUK Anisara (THA),3 - 2,8:11 11:6 11:9 6:11 12:10,KRAMER Tanja,2005
German Open Magdeburg 2005,2005-11-09,KRAMER Tanja/POTA Georgina,LEE Eunhee/LEE Hyangmi,GER,KOR,3,2,"12,8,4,11,11|10,11,11,9,9",QR16,GRAND_SLAM,WD,1758,Qualification,KRAMER Tanja (GER) / POTA Georgina (HUN),LEE Eunhee (KOR) / LEE Hyangmi (KOR),POTA Georgina (HUN),LEE Hyangmi (KOR),3 - 2,12:10 8:11 4:11 11:9 11:9,KRAMER Tanja,2005
German Open Magdeburg 2005,2005-11-09,PARK Miyoung/YOON Sunae,KISHIDA Satoko/UMEMURA Aya,KOR,JPN,4,1,"11,8,11,12,11|3,11,5,10,8",QuarterFinal,GRAND_SLAM,WD,1758,Main Draw,PARK Miyoung (KOR) / YOON Sunae (KOR),KISHIDA Satoko (JPN) / UMEMURA Aya (JPN),YOON Sunae (KOR),UMEMURA Aya (JPN),1 - 4,3:11 11:8 5:11 10:12 8:11,PARK Miyoung,2005
German Open Magdeburg 2005,2005-11-09,HIRANO Sayaka/HIURA Reiko,MOLNAR Zita/PERGEL Szandra,JPN,HUN,3,2,"11,8,8,11,11|4,11,11,7,5",QR64,GRAND_SLAM,WD,1758,Qualification,HIRANO Sayaka (JPN) / HIURA Reiko (JPN),MOLNAR Zita (HUN) / PERGEL Szandra (HUN),HIURA Reiko (JPN),PERGEL Szandra (HUN),3 - 2,11:4 8:11 8:11 11:7 11:5,HIRANO Sayaka,2005
German Open Magdeburg 2005,2005-11-09,LEE Eunhee/LEE Hyangmi,ITO Midori/KONISHI An,KOR,JPN,3,0,"11,11,12|5,8,10",QR64,GRAND_SLAM,WD,1758,Qualification,LEE Eunhee (KOR) / LEE Hyangmi (KOR),ITO Midori (JPN) / KONISHI An (JPN),LEE Hyangmi (KOR),KONISHI An (JPN),0 - 3,5:11 8:11 10:12,LEE Eunhee,2005
German Open Magdeburg 2005,2005-11-09,FUJII Hiroko/KANAZAWA Saki,CICHOCKA Magdalena/XU Jie (1982),JPN,POL,3,2,"11,8,10,11,11|9,11,12,7,4",QR64,GRAND_SLAM,WD,1758,Qualification,FUJII Hiroko (JPN) / KANAZAWA Saki (JPN),CICHOCKA Magdalena (POL) / XU Jie (1982) (POL),KANAZAWA Saki (JPN),XU Jie (1982) (POL),3 - 2,11:9 8:11 10:12 11:7 11:4,FUJII Hiroko,2005
German Open Magdeburg 2005,2005-11-09,FUJINUMA Ai/WATANABE Yuko,CSERNYIK Ildiko/OPDENCAMP Karen,JPN,HUN,3,0,"11,11,11|3,5,7",QR64,GRAND_SLAM,WD,1758,Qualification,FUJINUMA Ai (JPN) / WATANABE Yuko (JPN),CSERNYIK Ildiko (HUN) / OPDENCAMP Karen (BEL),WATANABE Yuko (JPN),OPDENCAMP Karen (BEL),3 - 0,11:3 11:5 11:7,FUJINUMA Ai,2005
German Open Magdeburg 2005,2005-11-09,HIRANO Sayaka/HIURA Reiko,LIAN Qian/WU Xue,JPN,DOM,3,0,"11,11,11|9,5,9",QR32,GRAND_SLAM,WD,1758,Qualification,HIRANO Sayaka (JPN) / HIURA Reiko (JPN),LIAN Qian (DOM) / WU Xue (DOM),HIURA Reiko (JPN),WU Xue (DOM),3 - 0,11:9 11:5 11:9,HIRANO Sayaka,2005
German Open Magdeburg 2005,2005-11-09,FUJII Hiroko/KANAZAWA Saki,CHANG Chenchen/FAN Ying,JPN,CHN,3,0,"11,11,11|4,7,4",QR32,GRAND_SLAM,WD,1758,Qualification,FUJII Hiroko (JPN) / KANAZAWA Saki (JPN),CHANG Chenchen (CHN) / FAN Ying (CHN),KANAZAWA Saki (JPN),FAN Ying (CHN),3 - 0,11:4 11:7 11:4,FUJII Hiroko,2005
German Open Magdeburg 2005,2005-11-09,PARK Miyoung/YOON Sunae,FUJINUMA Ai/WATANABE Yuko,KOR,JPN,3,0,"11,11,11|8,8,8",QR32,GRAND_SLAM,WD,1758,Qualification,PARK Miyoung (KOR) / YOON Sunae (KOR),FUJINUMA Ai (JPN) / WATANABE Yuko (JPN),YOON Sunae (KOR),WATANABE Yuko (JPN),0 - 3,8:11 8:11 8:11,PARK Miyoung,2005
German Open Magdeburg 2005,2005-11-09,HIRANO Sayaka/HIURA Reiko,HEINE Veronika/LIU Jia,JPN,AUT,3,1,"14,3,11,12|12,11,5,10",QR16,GRAND_SLAM,WD,1758,Qualification,HIRANO Sayaka (JPN) / HIURA Reiko (JPN),HEINE Veronika (AUT) / LIU Jia (AUT),HIURA Reiko (JPN),LIU Jia (AUT),3 - 1,14:12 3:11 11:5 12:10,HIRANO Sayaka,2005
German Open Magdeburg 2005,2005-11-09,IVANCAN Irene/SCHOPP Jie,FUJII Hiroko/KANAZAWA Saki,GER,JPN,3,0,"11,11,11|7,9,6",QR16,GRAND_SLAM,WD,1758,Qualification,IVANCAN Irene (GER) / SCHOPP Jie (GER),FUJII Hiroko (JPN) / KANAZAWA Saki (JPN),SCHOPP Jie (GER),KANAZAWA Saki (JPN),0 - 3,7:11 9:11 6:11,IVANCAN Irene,2005
German Open Magdeburg 2005,2005-11-09,KIM Bokrae/KIM Kyungah,LI Xiaoxia/PENG Luyang,KOR,CHN,4,1,"6,11,16,11,11|11,5,14,5,6",R16,GRAND_SLAM,WD,1758,Main Draw,KIM Bokrae (KOR) / KIM Kyungah (KOR),LI Xiaoxia (CHN) / PENG Luyang (CHN),KIM Kyungah (KOR),PENG Luyang (CHN),4 - 1,6:11 11:5 16:14 11:5 11:6,KIM Bokrae,2005
German Open Magdeburg 2005,2005-11-09,PARK Miyoung/YOON Sunae,BATORFI Csilla/TOTH Krisztina,KOR,HUN,4,3,"11,13,9,11,8,3,12|6,11,11,4,11,11,10",R16,GRAND_SLAM,WD,1758,Main Draw,PARK Miyoung (KOR) / YOON Sunae (KOR),BATORFI Csilla (HUN) / TOTH Krisztina (HUN),YOON Sunae (KOR),TOTH Krisztina (HUN),4 - 3,11:6 13:11 9:11 11:4 8:11 3:11 12:10,PARK Miyoung,2005
German Open Magdeburg 2005,2005-11-09,KIM Bokrae/KIM Kyungah,JIANG Huajun/SONG Ah Sim,KOR,HKG,4,0,"11,12,12,11|6,10,10,6",QuarterFinal,GRAND_SLAM,WD,1758,Main Draw,KIM Bokrae (KOR) / KIM Kyungah (KOR),JIANG Huajun (HKG) / SONG Ah Sim (HKG),KIM Kyungah (KOR),SONG Ah Sim (HKG),4 - 0,11:6 12:10 12:10 11:6,KIM Bokrae,2005
German Open Magdeburg 2005,2005-11-09,KIM Bokrae/KIM Kyungah,PARK Miyoung/YOON Sunae,KOR,KOR,4,0,"12,11,11,11|10,3,6,9",SemiFinal,GRAND_SLAM,WD,1758,Main Draw,KIM Bokrae (KOR) / KIM Kyungah (KOR),PARK Miyoung (KOR) / YOON Sunae (KOR),KIM Kyungah (KOR),YOON Sunae (KOR),4 - 0,12:10 11:3 11:6 11:9,KIM Bokrae,2005
German Open Magdeburg 2005,2005-11-09,KWAK Bangbang/MOON Hyunjung,FEHER Gabriela/PLAVSIC Gordana,KOR,SRB,3,0,"11,11,11|9,7,6",QR64,GRAND_SLAM,WD,1758,Qualification,KWAK Bangbang (KOR) / MOON Hyunjung (KOR),FEHER Gabriela (SRB) / PLAVSIC Gordana (SRB),MOON Hyunjung (KOR),PLAVSIC Gordana (SRB),3 - 0,11:9 11:7 11:6,KWAK Bangbang,2005
German Open Magdeburg 2005,2005-11-09,KISHIDA Satoko/UMEMURA Aya,KWAK Bangbang/MOON Hyunjung,JPN,KOR,3,1,"8,11,11,11|11,8,4,5",QR32,GRAND_SLAM,WD,1758,Qualification,KISHIDA Satoko (JPN) / UMEMURA Aya (JPN),KWAK Bangbang (KOR) / MOON Hyunjung (KOR),UMEMURA Aya (JPN),MOON Hyunjung (KOR),1 - 3,11:8 8:11 4:11 5:11,KISHIDA Satoko,2005
German Open Magdeburg 2005,2005-11-09,PARK Miyoung/YOON Sunae,CAO Zhen/DING Ning,KOR,CHN,3,1,"9,11,11,11|11,4,6,2",QR16,GRAND_SLAM,WD,1758,Qualification,PARK Miyoung (KOR) / YOON Sunae (KOR),CAO Zhen (CHN) / DING Ning (CHN),YOON Sunae (KOR),DING Ning (CHN),3 - 1,9:11 11:4 11:6 11:2,PARK Miyoung,2005
German Open Magdeburg 2005,2005-11-09,JANTA-LIPINSKA Anna/NECULA Iulia,JEON Hyekyung/LI Jiao,POL,KOR,3,2,"3,7,12,11,11|11,11,10,7,8",QR64,GRAND_SLAM,WD,1758,Qualification,JANTA-LIPINSKA Anna (POL) / NECULA Iulia (ROU),JEON Hyekyung (KOR) / LI Jiao (NED),NECULA Iulia (ROU),LI Jiao (NED),2 - 3,11:3 11:7 10:12 7:11 8:11,JANTA-LIPINSKA Anna,2005
German Open Magdeburg 2005,2005-11-09,CHANG Chenchen/FAN Ying,CREEMERS Linda/NOUWEN Carla,CHN,NED,3,1,"11,8,11,11|8,11,4,5",QR64,GRAND_SLAM,WD,1758,Qualification,CHANG Chenchen (CHN) / FAN Ying (CHN),CREEMERS Linda (NED) / NOUWEN Carla (NED),FAN Ying (CHN),NOUWEN Carla (NED),1 - 3,8:11 11:8 4:11 5:11,CHANG Chenchen,2005
German Open Magdeburg 2005,2005-11-09,GANINA Svetlana/PALINA Irina,GOLOTA Marta/SMETEK Marta,RUS,POL,3,0,"11,11,11|4,6,7",QR64,GRAND_SLAM,WD,1758,Qualification,GANINA Svetlana (RUS) / PALINA Irina (RUS),GOLOTA Marta (POL) / SMETEK Marta (POL),PALINA Irina (RUS),SMETEK Marta (POL),0 - 3,4:11 6:11 7:11,GANINA Svetlana,2005
German Open Magdeburg 2005,2005-11-09,BAKULA Andrea/PAOVIC Sandra,PIETKIEWICZ Monika/STEFANSKA Kinga,CRO,POL,3,2,"7,5,11,11,11|11,11,8,9,6",QR64,GRAND_SLAM,WD,1758,Qualification,BAKULA Andrea (CRO) / PAOVIC Sandra (CRO),PIETKIEWICZ Monika (POL) / STEFANSKA Kinga (POL),PAOVIC Sandra (CRO),STEFANSKA Kinga (POL),2 - 3,11:7 11:5 8:11 9:11 6:11,BAKULA Andrea,2005
German Open Magdeburg 2005,2005-11-09,BOLLMEIER Nadine/ROBERTSON Laura,HARTMANN Carole/MAMALIGA Andreea,GER,LUX,3,0,"11,11,11|5,6,5",QR64,GRAND_SLAM,WD,1758,Qualification,BOLLMEIER Nadine (GER) / ROBERTSON Laura (GER),HARTMANN Carole (LUX) / MAMALIGA Andreea (ROU),ROBERTSON Laura (GER),MAMALIGA Andreea (ROU),0 - 3,5:11 6:11 5:11,BOLLMEIER Nadine,2005
German Open Magdeburg 2005,2005-11-09,GANINA Svetlana/PALINA Irina,JANTA-LIPINSKA Anna/NECULA Iulia,RUS,POL,3,2,"8,11,11,7,11|11,6,2,11,4",QR32,GRAND_SLAM,WD,1758,Qualification,GANINA Svetlana (RUS) / PALINA Irina (RUS),JANTA-LIPINSKA Anna (POL) / NECULA Iulia (ROU),PALINA Irina (RUS),NECULA Iulia (ROU),2 - 3,11:8 6:11 2:11 11:7 4:11,GANINA Svetlana,2005
German Open Magdeburg 2005,2005-11-09,KMOTORKOVA Lenka/ODOROVA Eva,NEGRISOLI Laura/WANG Yu (YOB=1981),SVK,ITA,3,0,,QR64,GRAND_SLAM,WD,1758,Qualification,KMOTORKOVA Lenka (SVK) / ODOROVA Eva (SVK),NEGRISOLI Laura (ITA) / WANG Yu (YOB=1981) (ITA),ODOROVA Eva (SVK),WANG Yu (YOB=1981) (ITA),3 - 0,,KMOTORKOVA Lenka,2005
German Open Magdeburg 2005,2005-11-09,PAVLOVICH Veronika/PAVLOVICH Viktoria,EKHOLM Matilda/WIGOW Susanna,BLR,SWE,3,0,"11,11,11|7,5,9",QR32,GRAND_SLAM,WD,1758,Qualification,PAVLOVICH Veronika (BLR) / PAVLOVICH Viktoria (BLR),EKHOLM Matilda (SWE) / WIGOW Susanna (SWE),PAVLOVICH Viktoria (BLR),WIGOW Susanna (SWE),0 - 3,7:11 5:11 9:11,PAVLOVICH Veronika,2005
German Open Magdeburg 2005,2005-11-09,KISHIDA Satoko/UMEMURA Aya,HUANG Yi-Hua/LU Yun-Feng,JPN,TPE,4,1,"12,8,12,11,11|10,11,10,6,3",R16,GRAND_SLAM,WD,1758,Main Draw,KISHIDA Satoko (JPN) / UMEMURA Aya (JPN),HUANG Yi-Hua (TPE) / LU Yun-Feng (TPE),UMEMURA Aya (JPN),LU Yun-Feng (TPE),1 - 4,10:12 11:8 10:12 6:11 3:11,KISHIDA Satoko,2005
St. Petersburg Open 2005,2005-11-03,GRACHEV Andrei,MOLNAR Csaba,RUS,HUN,4,3,"11,9,8,11,10,11,17|9,11,11,6,12,6,15",,GRAND_SLAM,MS,1757,Qualification,GRACHEV Andrei (RUS),MOLNAR Csaba (HUN),,,4 - 3,11:9 9:11 8:11 11:6 10:12 11:6 17:15,GRACHEV Andrei,2005
St. Petersburg Open 2005,2005-11-03,GORAK Daniel,MOLNAR Csaba,POL,HUN,4,1,"11,8,15,11,11|5,11,13,7,6",QR2,GRAND_SLAM,MS,1757,Qualification,GORAK Daniel (POL),MOLNAR Csaba (HUN),,,4 - 1,11:5 8:11 15:13 11:7 11:6,GORAK Daniel,2005
St. Petersburg Open 2005,2005-11-03,GORAK Daniel,GRACHEV Andrei,POL,RUS,4,3,"7,11,8,11,8,13,11|11,5,11,5,11,11,6",3,GRAND_SLAM,MS,1757,Qualification,GORAK Daniel (POL),GRACHEV Andrei (RUS),,,4 - 3,7:11 11:5 8:11 11:5 8:11 13:11 11:6,GORAK Daniel,2005
St. Petersburg Open 2005,2005-11-03,URBANEK Jan,BAYRAMPOUR ARALLO Mohammad,CZE,IRI,4,0,"11,11,11,11|9,5,2,5",,GRAND_SLAM,MS,1757,Qualification,URBANEK Jan (CZE),BAYRAMPOUR ARALLO Mohammad (IRI),,,0 - 4,9:11 5:11 2:11 5:11,URBANEK Jan,2005
St. Petersburg Open 2005,2005-11-03,LIVENTSOV Alexey,URBANEK Jan,RUS,CZE,4,3,"4,11,8,8,11,11,13|11,6,11,11,8,7,11",QR2,GRAND_SLAM,MS,1757,Qualification,LIVENTSOV Alexey (RUS),URBANEK Jan (CZE),,,4 - 3,4:11 11:6 8:11 8:11 11:8 11:7 13:11,LIVENTSOV Alexey,2005
St. Petersburg Open 2005,2005-11-03,LIVENTSOV Alexey,BAYRAMPOUR ARALLO Mohammad,RUS,IRI,4,0,"13,11,12,11|11,6,10,8",3,GRAND_SLAM,MS,1757,Qualification,LIVENTSOV Alexey (RUS),BAYRAMPOUR ARALLO Mohammad (IRI),,,4 - 0,13:11 11:6 12:10 11:8,LIVENTSOV Alexey,2005
St. Petersburg Open 2005,2005-11-03,GLADYSHEV Mikhail,PLATONOV Pavel,RUS,BLR,4,2,"11,11,13,12,9,11|13,2,11,10,11,9",,GRAND_SLAM,MS,1757,Qualification,GLADYSHEV Mikhail (RUS),PLATONOV Pavel (BLR),,,4 - 2,11:13 11:2 13:11 12:10 9:11 11:9,GLADYSHEV Mikhail,2005
St. Petersburg Open 2005,2005-11-03,JOVER Sebastien,PLATONOV Pavel,FRA,BLR,4,1,"12,11,11,11,11|14,9,6,6,2",QR2,GRAND_SLAM,MS,1757,Qualification,JOVER Sebastien (FRA),PLATONOV Pavel (BLR),,,4 - 1,12:14 11:9 11:6 11:6 11:2,JOVER Sebastien,2005
St. Petersburg Open 2005,2005-11-03,JOVER Sebastien,GLADYSHEV Mikhail,FRA,RUS,4,0,"12,12,11,11|10,10,6,3",3,GRAND_SLAM,MS,1757,Qualification,JOVER Sebastien (FRA),GLADYSHEV Mikhail (RUS),,,4 - 0,12:10 12:10 11:6 11:3,JOVER Sebastien,2005
St. Petersburg Open 2005,2005-11-03,GOLOVANOV Stanislav,SMIRNOV Aleksandr,BUL,EST,4,0,"11,11,13,11|7,5,11,3",,GRAND_SLAM,MS,1757,Qualification,GOLOVANOV Stanislav (BUL),SMIRNOV Aleksandr (EST),,,4 - 0,11:7 11:5 13:11 11:3,GOLOVANOV Stanislav,2005
St. Petersburg Open 2005,2005-11-03,BERTIN Christophe,SMIRNOV Aleksandr,FRA,EST,4,1,"8,11,11,11,11|11,7,4,6,3",QR2,GRAND_SLAM,MS,1757,Qualification,BERTIN Christophe (FRA),SMIRNOV Aleksandr (EST),,,4 - 1,8:11 11:7 11:4 11:6 11:3,BERTIN Christophe,2005
St. Petersburg Open 2005,2005-11-03,BERTIN Christophe,GOLOVANOV Stanislav,FRA,BUL,4,0,"11,11,11,12|4,5,7,10",3,GRAND_SLAM,MS,1757,Qualification,BERTIN Christophe (FRA),GOLOVANOV Stanislav (BUL),,,4 - 0,11:4 11:5 11:7 12:10,BERTIN Christophe,2005
St. Petersburg Open 2005,2005-11-03,ZOMBORI David,FILICHEV Vitaly,HUN,RUS,4,2,"6,11,6,11,14,11|11,9,11,7,12,6",,GRAND_SLAM,MS,1757,Qualification,ZOMBORI David (HUN),FILICHEV Vitaly (RUS),,,2 - 4,11:6 9:11 11:6 7:11 12:14 6:11,ZOMBORI David,2005
St. Petersburg Open 2005,2005-11-03,ACHANTA Sharath,ZOMBORI David,IND,HUN,4,1,"13,11,7,11,11|11,9,11,6,6",QR2,GRAND_SLAM,MS,1757,Qualification,ACHANTA Sharath (IND),ZOMBORI David (HUN),,,4 - 1,13:11 11:9 7:11 11:6 11:6,ACHANTA Sharath,2005
St. Petersburg Open 2005,2005-11-03,ACHANTA Sharath,FILICHEV Vitaly,IND,RUS,4,3,"11,7,6,8,11,11,11|9,11,11,11,3,7,6",3,GRAND_SLAM,MS,1757,Qualification,ACHANTA Sharath (IND),FILICHEV Vitaly (RUS),,,4 - 3,11:9 7:11 6:11 8:11 11:3 11:7 11:6,ACHANTA Sharath,2005
St. Petersburg Open 2005,2005-11-03,KUCHUK Aleksandr,TUZHYLIN Olexandr,BLR,UKR,4,2,"11,4,8,11,11,11|5,11,11,7,4,6",,GRAND_SLAM,MS,1757,Qualification,KUCHUK Aleksandr (BLR),TUZHYLIN Olexandr (UKR),,,2 - 4,5:11 11:4 11:8 7:11 4:11 6:11,KUCHUK Aleksandr,2005
St. Petersburg Open 2005,2005-11-03,RUBTSOV Igor,KUCHUK Aleksandr,RUS,BLR,4,0,"11,11,11,11|2,9,5,9",QR2,GRAND_SLAM,MS,1757,Qualification,RUBTSOV Igor (RUS),KUCHUK Aleksandr (BLR),,,4 - 0,11:2 11:9 11:5 11:9,RUBTSOV Igor,2005
St. Petersburg Open 2005,2005-11-03,RUBTSOV Igor,TUZHYLIN Olexandr,RUS,UKR,4,0,"11,11,11,11|7,9,7,8",3,GRAND_SLAM,MS,1757,Qualification,RUBTSOV Igor (RUS),TUZHYLIN Olexandr (UKR),,,4 - 0,11:7 11:9 11:7 11:8,RUBTSOV Igor,2005
St. Petersburg Open 2005,2005-11-03,SARMATOV Alexei,SHEVCHENKO Semen,UKR,RUS,4,0,"12,11,11,11|10,5,8,6",,GRAND_SLAM,MS,1757,Qualification,SARMATOV Alexei (UKR),SHEVCHENKO Semen (RUS),,,4 - 0,12:10 11:5 11:8 11:6,SARMATOV Alexei,2005
St. Petersburg Open 2005,2005-11-03,SHEVCHENKO Semen,BRATANOV Martin,RUS,BEL,4,2,"16,12,9,3,11,11|14,10,11,11,9,7",QR2,GRAND_SLAM,MS,1757,Qualification,SHEVCHENKO Semen (RUS),BRATANOV Martin (BEL),,,2 - 4,14:16 10:12 11:9 11:3 9:11 7:11,SHEVCHENKO Semen,2005
St. Petersburg Open 2005,2005-11-03,SARMATOV Alexei,BRATANOV Martin,UKR,BEL,4,1,"11,11,4,11,11|9,8,11,6,2",3,GRAND_SLAM,MS,1757,Qualification,SARMATOV Alexei (UKR),BRATANOV Martin (BEL),,,1 - 4,9:11 8:11 11:4 6:11 2:11,SARMATOV Alexei,2005
St. Petersburg Open 2005,2005-11-03,BUROV Viacheslav,SARGSYAN Davit,RUS,ARM,4,0,"11,11,11,11|9,7,1,3",,GRAND_SLAM,MS,1757,Qualification,BUROV Viacheslav (RUS),SARGSYAN Davit (ARM),,,4 - 0,11:9 11:7 11:1 11:3,BUROV Viacheslav,2005
St. Petersburg Open 2005,2005-11-03,DEMETER Lehel,SARGSYAN Davit,HUN,ARM,4,0,"11,11,11,12|8,9,3,10",QR2,GRAND_SLAM,MS,1757,Qualification,DEMETER Lehel (HUN),SARGSYAN Davit (ARM),,,4 - 0,11:8 11:9 11:3 12:10,DEMETER Lehel,2005
St. Petersburg Open 2005,2005-11-03,DEMETER Lehel,BUROV Viacheslav,HUN,RUS,4,1,"11,11,5,11,11|7,4,11,9,3",3,GRAND_SLAM,MS,1757,Qualification,DEMETER Lehel (HUN),BUROV Viacheslav (RUS),,,4 - 1,11:7 11:4 5:11 11:9 11:3,DEMETER Lehel,2005
St. Petersburg Open 2005,2005-11-03,REGENTOV Evgenii,MAECK Anthony,RUS,BEL,4,2,"11,11,14,5,12,11|8,5,12,11,14,7",,GRAND_SLAM,MS,1757,Qualification,REGENTOV Evgenii (RUS),MAECK Anthony (BEL),,,2 - 4,8:11 5:11 12:14 11:5 14:12 7:11,REGENTOV Evgenii,2005
St. Petersburg Open 2005,2005-11-03,REGENTOV Evgenii,CIHAK Marek,RUS,CZE,4,3,"7,11,5,11,4,11,11|11,9,11,8,11,7,5",QR2,GRAND_SLAM,MS,1757,Qualification,REGENTOV Evgenii (RUS),CIHAK Marek (CZE),,,3 - 4,11:7 9:11 11:5 8:11 11:4 7:11 5:11,REGENTOV Evgenii,2005
St. Petersburg Open 2005,2005-11-03,CIHAK Marek,MAECK Anthony,CZE,BEL,4,1,"12,9,11,11,11|10,11,4,6,6",3,GRAND_SLAM,MS,1757,Qualification,CIHAK Marek (CZE),MAECK Anthony (BEL),,,4 - 1,12:10 9:11 11:4 11:6 11:6,CIHAK Marek,2005
St. Petersburg Open 2005,2005-11-03,DIDUKH Viktor,AHADI Mehran,UKR,IRI,4,3,"8,8,11,11,11,6,13|11,11,6,5,8,11,11",,GRAND_SLAM,MS,1757,Qualification,DIDUKH Viktor (UKR),AHADI Mehran (IRI),,,3 - 4,11:8 11:8 6:11 5:11 8:11 11:6 11:13,DIDUKH Viktor,2005
St. Petersburg Open 2005,2005-11-03,BOBILLIER Loic,DIDUKH Viktor,FRA,UKR,4,1,"14,8,11,13,13|12,11,8,11,11",QR2,GRAND_SLAM,MS,1757,Qualification,BOBILLIER Loic (FRA),DIDUKH Viktor (UKR),,,4 - 1,14:12 8:11 11:8 13:11 13:11,BOBILLIER Loic,2005
St. Petersburg Open 2005,2005-11-03,BOBILLIER Loic,AHADI Mehran,FRA,IRI,4,2,"8,11,11,9,12,11|11,6,9,11,10,7",3,GRAND_SLAM,MS,1757,Qualification,BOBILLIER Loic (FRA),AHADI Mehran (IRI),,,4 - 2,8:11 11:6 11:9 9:11 12:10 11:7,BOBILLIER Loic,2005
St. Petersburg Open 2005,2005-11-03,PETRUKHIN Evgeny,FILENKO Oleg,RUS,UKR,4,1,"11,11,12,5,11|9,7,10,11,7",,GRAND_SLAM,MS,1757,Qualification,PETRUKHIN Evgeny (RUS),FILENKO Oleg (UKR),,,4 - 1,11:9 11:7 12:10 5:11 11:7,PETRUKHIN Evgeny,2005
St. Petersburg Open 2005,2005-11-03,LINDNER Adam,FILENKO Oleg,HUN,UKR,4,0,"11,11,11,11|5,8,9,4",QR2,GRAND_SLAM,MS,1757,Qualification,LINDNER Adam (HUN),FILENKO Oleg (UKR),,,4 - 0,11:5 11:8 11:9 11:4,LINDNER Adam,2005
St. Petersburg Open 2005,2005-11-03,LINDNER Adam,PETRUKHIN Evgeny,HUN,RUS,4,0,"12,11,11,11|10,6,9,6",3,GRAND_SLAM,MS,1757,Qualification,LINDNER Adam (HUN),PETRUKHIN Evgeny (RUS),,,4 - 0,12:10 11:6 11:9 11:6,LINDNER Adam,2005
St. Petersburg Open 2005,2005-11-03,DAVIDOVICH Dmitry,MAKSIMOV Maksim,BLR,RUS,4,2,"11,7,11,17,6,11|8,11,3,15,11,8",,GRAND_SLAM,MS,1757,Qualification,DAVIDOVICH Dmitry (BLR),MAKSIMOV Maksim (RUS),,,2 - 4,8:11 11:7 3:11 15:17 11:6 8:11,DAVIDOVICH Dmitry,2005
St. Petersburg Open 2005,2005-11-03,JAKAB Janos,DAVIDOVICH Dmitry,HUN,BLR,4,2,"11,11,10,11,10,11|9,9,12,2,12,4",QR2,GRAND_SLAM,MS,1757,Qualification,JAKAB Janos (HUN),DAVIDOVICH Dmitry (BLR),,,4 - 2,11:9 11:9 10:12 11:2 10:12 11:4,JAKAB Janos,2005
St. Petersburg Open 2005,2005-11-03,MAKSIMOV Maksim,JAKAB Janos,RUS,HUN,4,2,"14,9,10,11,12,11|12,11,12,5,10,6",3,GRAND_SLAM,MS,1757,Qualification,MAKSIMOV Maksim (RUS),JAKAB Janos (HUN),,,2 - 4,12:14 11:9 12:10 5:11 10:12 6:11,MAKSIMOV Maksim,2005
St. Petersburg Open 2005,2005-11-03,MOLNAR Krisztian,YEFIMOV Viktor,HUN,UKR,4,2,"11,9,11,14,13,11|3,11,3,16,11,8",,GRAND_SLAM,MS,1757,Qualification,MOLNAR Krisztian (HUN),YEFIMOV Viktor (UKR),,,4 - 2,11:3 9:11 11:3 14:16 13:11 11:8,MOLNAR Krisztian,2005
St. Petersburg Open 2005,2005-11-03,SIMONER Christoph,YEFIMOV Viktor,AUT,UKR,4,0,"11,11,11,11|5,7,4,3",QR2,GRAND_SLAM,MS,1757,Qualification,SIMONER Christoph (AUT),YEFIMOV Viktor (UKR),,,4 - 0,11:5 11:7 11:4 11:3,SIMONER Christoph,2005
St. Petersburg Open 2005,2005-11-03,SIMONER Christoph,MOLNAR Krisztian,AUT,HUN,4,2,"8,11,11,8,12,14|11,8,4,11,10,12",3,GRAND_SLAM,MS,1757,Qualification,SIMONER Christoph (AUT),MOLNAR Krisztian (HUN),,,4 - 2,8:11 11:8 11:4 8:11 12:10 14:12,SIMONER Christoph,2005
St. Petersburg Open 2005,2005-11-03,HABESOHN Mathias,KLEPRLIK Michal,AUT,CZE,4,1,"8,11,12,12,11|11,6,10,10,8",,GRAND_SLAM,MS,1757,Qualification,HABESOHN Mathias (AUT),KLEPRLIK Michal (CZE),,,4 - 1,8:11 11:6 12:10 12:10 11:8,HABESOHN Mathias,2005
St. Petersburg Open 2005,2005-11-03,SVENSSON Robert,KLEPRLIK Michal,SWE,CZE,4,2,"8,3,11,11,11,11|11,11,7,7,8,8",QR2,GRAND_SLAM,MS,1757,Qualification,SVENSSON Robert (SWE),KLEPRLIK Michal (CZE),,,4 - 2,8:11 3:11 11:7 11:7 11:8 11:8,SVENSSON Robert,2005
St. Petersburg Open 2005,2005-11-03,SVENSSON Robert,HABESOHN Mathias,SWE,AUT,4,0,"11,11,11,11|6,5,7,6",3,GRAND_SLAM,MS,1757,Qualification,SVENSSON Robert (SWE),HABESOHN Mathias (AUT),,,4 - 0,11:6 11:5 11:7 11:6,SVENSSON Robert,2005
St. Petersburg Open 2005,2005-11-03,PICHLER Michael,BALTRUSHKA Dzmitry,AUT,BLR,4,1,"5,11,11,11,11|11,7,6,6,4",,GRAND_SLAM,MS,1757,Qualification,PICHLER Michael (AUT),BALTRUSHKA Dzmitry (BLR),,,4 - 1,5:11 11:7 11:6 11:6 11:4,PICHLER Michael,2005
St. Petersburg Open 2005,2005-11-03,ANDRIANOV Sergei,BALTRUSHKA Dzmitry,RUS,BLR,4,0,"11,11,12,11|5,5,10,7",QR2,GRAND_SLAM,MS,1757,Qualification,ANDRIANOV Sergei (RUS),BALTRUSHKA Dzmitry (BLR),,,4 - 0,11:5 11:5 12:10 11:7,ANDRIANOV Sergei,2005
St. Petersburg Open 2005,2005-11-03,ANDRIANOV Sergei,PICHLER Michael,RUS,AUT,4,1,"8,11,11,11,11|11,5,7,5,5",3,GRAND_SLAM,MS,1757,Qualification,ANDRIANOV Sergei (RUS),PICHLER Michael (AUT),,,4 - 1,8:11 11:5 11:7 11:5 11:5,ANDRIANOV Sergei,2005
St. Petersburg Open 2005,2005-11-03,VOZICKY Bohumil,UTOCHKIN Artem,CZE,RUS,4,1,"11,9,11,11,11|7,11,6,6,7",QR2,GRAND_SLAM,MS,1757,Qualification,VOZICKY Bohumil (CZE),UTOCHKIN Artem (RUS),,,4 - 1,11:7 9:11 11:6 11:6 11:7,VOZICKY Bohumil,2005
St. Petersburg Open 2005,2005-11-03,AKHLAGHPASAND Mohammadreza,ZLAMAL Jaromir,USA,CZE,4,2,"7,11,10,11,11,12|11,4,12,3,8,10",,GRAND_SLAM,MS,1757,Qualification,AKHLAGHPASAND Mohammadreza (USA),ZLAMAL Jaromir (CZE),,,4 - 2,7:11 11:4 10:12 11:3 11:8 12:10,AKHLAGHPASAND Mohammadreza,2005
St. Petersburg Open 2005,2005-11-03,ASAMOAH Cyprian,ZLAMAL Jaromir,SWE,CZE,4,0,"11,11,11,14|3,9,7,12",QR2,GRAND_SLAM,MS,1757,Qualification,ASAMOAH Cyprian (SWE),ZLAMAL Jaromir (CZE),,,4 - 0,11:3 11:9 11:7 14:12,ASAMOAH Cyprian,2005
St. Petersburg Open 2005,2005-11-03,ASAMOAH Cyprian,AKHLAGHPASAND Mohammadreza,SWE,USA,4,1,"11,8,13,11,11|8,11,11,6,5",3,GRAND_SLAM,MS,1757,Qualification,ASAMOAH Cyprian (SWE),AKHLAGHPASAND Mohammadreza (USA),,,4 - 1,11:8 8:11 13:11 11:6 11:5,ASAMOAH Cyprian,2005
St. Petersburg Open 2005,2005-11-03,ROY Soumyadeep,CHUMAKOU Dmitry,IND,BLR,4,0,"11,11,11,11|6,2,8,8",3,GRAND_SLAM,MS,1757,Qualification,ROY Soumyadeep (IND),CHUMAKOU Dmitry (BLR),,,4 - 0,11:6 11:2 11:8 11:8,ROY Soumyadeep,2005
St. Petersburg Open 2005,2005-11-03,GASYMOV Elcin,MEHTA Pathik,SVK,IND,4,3,"9,7,11,11,8,11,11|11,11,9,6,11,9,8",,GRAND_SLAM,MS,1757,Qualification,GASYMOV Elcin (SVK),MEHTA Pathik (IND),,,3 - 4,11:9 11:7 9:11 6:11 11:8 9:11 8:11,GASYMOV Elcin,2005
St. Petersburg Open 2005,2005-11-03,STEPHENSEN Gudmundur,GASYMOV Elcin,ISL,SVK,4,0,"11,11,11,11|2,4,9,2",QR2,GRAND_SLAM,MS,1757,Qualification,STEPHENSEN Gudmundur (ISL),GASYMOV Elcin (SVK),,,4 - 0,11:2 11:4 11:9 11:2,STEPHENSEN Gudmundur,2005
St. Petersburg Open 2005,2005-11-03,STEPHENSEN Gudmundur,MEHTA Pathik,ISL,IND,4,0,"11,11,11,11|4,8,9,4",3,GRAND_SLAM,MS,1757,Qualification,STEPHENSEN Gudmundur (ISL),MEHTA Pathik (IND),,,4 - 0,11:4 11:8 11:9 11:4,STEPHENSEN Gudmundur,2005
St. Petersburg Open 2005,2005-11-03,KLEPRLIK Jakub,PISEMSKYY Anton,CZE,UKR,4,0,"11,11,11,11|1,5,2,6",,GRAND_SLAM,MS,1757,Qualification,KLEPRLIK Jakub (CZE),PISEMSKYY Anton (UKR),,,4 - 0,11:1 11:5 11:2 11:6,KLEPRLIK Jakub,2005
St. Petersburg Open 2005,2005-11-03,OLLIVIER Brice,PISEMSKYY Anton,FRA,UKR,4,0,"11,11,11,11|4,5,3,3",QR2,GRAND_SLAM,MS,1757,Qualification,OLLIVIER Brice (FRA),PISEMSKYY Anton (UKR),,,4 - 0,11:4 11:5 11:3 11:3,OLLIVIER Brice,2005
St. Petersburg Open 2005,2005-11-03,OLLIVIER Brice,KLEPRLIK Jakub,FRA,CZE,4,2,"11,8,11,11,5,11|4,11,7,3,11,9",3,GRAND_SLAM,MS,1757,Qualification,OLLIVIER Brice (FRA),KLEPRLIK Jakub (CZE),,,4 - 2,11:4 8:11 11:7 11:3 5:11 11:9,OLLIVIER Brice,2005
St. Petersburg Open 2005,2005-11-03,PRYSHCHEPA Ievgen,DEMEK Tomas,UKR,CZE,4,0,"13,12,11,11|11,10,5,8",,GRAND_SLAM,MS,1757,Qualification,PRYSHCHEPA Ievgen (UKR),DEMEK Tomas (CZE),,,4 - 0,13:11 12:10 11:5 11:8,PRYSHCHEPA Ievgen,2005
St. Petersburg Open 2005,2005-11-03,DEMEK Tomas,LAKEEV Vasily,CZE,RUS,4,3,"5,4,11,7,16,11,11|11,11,9,11,14,2,7",QR2,GRAND_SLAM,MS,1757,Qualification,DEMEK Tomas (CZE),LAKEEV Vasily (RUS),,,3 - 4,11:5 11:4 9:11 11:7 14:16 2:11 7:11,DEMEK Tomas,2005
St. Petersburg Open 2005,2005-11-03,PRYSHCHEPA Ievgen,LAKEEV Vasily,UKR,RUS,4,3,"9,10,4,11,11,11,11|11,12,11,8,8,9,7",3,GRAND_SLAM,MS,1757,Qualification,PRYSHCHEPA Ievgen (UKR),LAKEEV Vasily (RUS),,,3 - 4,11:9 12:10 11:4 8:11 8:11 9:11 7:11,PRYSHCHEPA Ievgen,2005
St. Petersburg Open 2005,2005-11-03,SKACHKOV Kirill,TRUFKIN Oleksandr,RUS,UKR,4,0,"11,11,11,11|4,8,7,9",,GRAND_SLAM,MS,1757,Qualification,SKACHKOV Kirill (RUS),TRUFKIN Oleksandr (UKR),,,4 - 0,11:4 11:8 11:7 11:9,SKACHKOV Kirill,2005
St. Petersburg Open 2005,2005-11-03,DESPRES Rodolphe,TRUFKIN Oleksandr,FRA,UKR,4,0,"11,11,11,11|8,7,7,3",QR2,GRAND_SLAM,MS,1757,Qualification,DESPRES Rodolphe (FRA),TRUFKIN Oleksandr (UKR),,,4 - 0,11:8 11:7 11:7 11:3,DESPRES Rodolphe,2005
St. Petersburg Open 2005,2005-11-03,SKACHKOV Kirill,DESPRES Rodolphe,RUS,FRA,4,1,"14,17,11,11,11|12,19,9,6,7",3,GRAND_SLAM,MS,1757,Qualification,SKACHKOV Kirill (RUS),DESPRES Rodolphe (FRA),,,1 - 4,12:14 19:17 9:11 6:11 7:11,SKACHKOV Kirill,2005
St. Petersburg Open 2005,2005-11-03,SAHA Subhajit,SOKOLOVSKIJ Sergej,IND,UKR,4,0,"13,11,11,11|11,9,9,9",,GRAND_SLAM,MS,1757,Qualification,SAHA Subhajit (IND),SOKOLOVSKIJ Sergej (UKR),,,4 - 0,13:11 11:9 11:9 11:9,SAHA Subhajit,2005
St. Petersburg Open 2005,2005-11-03,GRIGOREV Artur,SOKOLOVSKIJ Sergej,RUS,UKR,4,1,"5,11,12,11,11|11,7,10,4,7",QR2,GRAND_SLAM,MS,1757,Qualification,GRIGOREV Artur (RUS),SOKOLOVSKIJ Sergej (UKR),,,4 - 1,5:11 11:7 12:10 11:4 11:7,GRIGOREV Artur,2005
St. Petersburg Open 2005,2005-11-03,GRIGOREV Artur,SAHA Subhajit,RUS,IND,4,3,"8,3,11,11,8,11,11|11,11,8,6,11,7,5",3,GRAND_SLAM,MS,1757,Qualification,GRIGOREV Artur (RUS),SAHA Subhajit (IND),,,4 - 3,8:11 3:11 11:8 11:6 8:11 11:7 11:5,GRIGOREV Artur,2005
St. Petersburg Open 2005,2005-11-03,TIAPKIN Sergei,PAVLINA Sergyi,RUS,UKR,4,3,"9,11,9,11,9,11,11|11,2,11,8,11,5,5",,GRAND_SLAM,MS,1757,Qualification,TIAPKIN Sergei (RUS),PAVLINA Sergyi (UKR),,,4 - 3,9:11 11:2 9:11 11:8 9:11 11:5 11:5,TIAPKIN Sergei,2005
St. Petersburg Open 2005,2005-11-03,VARGA Zoltan,PAVLINA Sergyi,HUN,UKR,4,1,"9,11,11,11,11|11,3,2,6,6",QR2,GRAND_SLAM,MS,1757,Qualification,VARGA Zoltan (HUN),PAVLINA Sergyi (UKR),,,4 - 1,9:11 11:3 11:2 11:6 11:6,VARGA Zoltan,2005
St. Petersburg Open 2005,2005-11-03,VARGA Zoltan,TIAPKIN Sergei,HUN,RUS,4,0,"11,11,11,11|8,4,7,7",3,GRAND_SLAM,MS,1757,Qualification,VARGA Zoltan (HUN),TIAPKIN Sergei (RUS),,,4 - 0,11:8 11:4 11:7 11:7,VARGA Zoltan,2005
St. Petersburg Open 2005,2005-11-03,LIEVSHYN Vitaliy,BUBA Ondrej,UKR,CZE,4,0,"11,11,11,11|4,6,7,6",,GRAND_SLAM,MS,1757,Qualification,LIEVSHYN Vitaliy (UKR),BUBA Ondrej (CZE),,,4 - 0,11:4 11:6 11:7 11:6,LIEVSHYN Vitaliy,2005
St. Petersburg Open 2005,2005-11-03,PAPAGEORGIOU Konstantinos,BUBA Ondrej,GRE,CZE,4,1,"13,10,11,11,11|11,12,0,5,7",QR2,GRAND_SLAM,MS,1757,Qualification,PAPAGEORGIOU Konstantinos (GRE),BUBA Ondrej (CZE),,,4 - 1,13:11 10:12 11:0 11:5 11:7,PAPAGEORGIOU Konstantinos,2005
St. Petersburg Open 2005,2005-11-03,PAPAGEORGIOU Konstantinos,LIEVSHYN Vitaliy,GRE,UKR,4,1,"11,10,11,12,11|6,12,7,10,6",3,GRAND_SLAM,MS,1757,Qualification,PAPAGEORGIOU Konstantinos (GRE),LIEVSHYN Vitaliy (UKR),,,4 - 1,11:6 10:12 11:7 12:10 11:6,PAPAGEORGIOU Konstantinos,2005
St. Petersburg Open 2005,2005-11-03,ELENSKY Gregory,KALACHEVSKYI Denys,ISR,UKR,4,0,"13,11,11,11|11,7,4,8",,GRAND_SLAM,MS,1757,Qualification,ELENSKY Gregory (ISR),KALACHEVSKYI Denys (UKR),,,4 - 0,13:11 11:7 11:4 11:8,ELENSKY Gregory,2005
St. Petersburg Open 2005,2005-11-03,VINOKUROV Aleksandr,PEREK Jakub,RUS,POL,4,3,"11,7,11,11,8,4,11|9,11,8,4,11,11,5",QR2,GRAND_SLAM,MS,1757,Qualification,VINOKUROV Aleksandr (RUS),PEREK Jakub (POL),,,3 - 4,9:11 11:7 8:11 4:11 11:8 11:4 5:11,VINOKUROV Aleksandr,2005
St. Petersburg Open 2005,2005-11-03,VINOKUROV Aleksandr,ELENSKY Gregory,RUS,ISR,4,1,"11,8,11,13,11|8,11,5,11,8",3,GRAND_SLAM,MS,1757,Qualification,VINOKUROV Aleksandr (RUS),ELENSKY Gregory (ISR),,,1 - 4,8:11 11:8 5:11 11:13 8:11,VINOKUROV Aleksandr,2005
St. Petersburg Open 2005,2005-11-03,PEREK Jakub,KALACHEVSKYI Denys,POL,UKR,4,0,"11,11,11,11|7,1,6,6",QR4,GRAND_SLAM,MS,1757,Qualification,PEREK Jakub (POL),KALACHEVSKYI Denys (UKR),,,4 - 0,11:7 11:1 11:6 11:6,PEREK Jakub,2005
St. Petersburg Open 2005,2005-11-03,PEREK Jakub,ELENSKY Gregory,POL,ISR,4,3,"12,11,8,11,7,9,13|10,8,11,8,11,11,11",5,GRAND_SLAM,MS,1757,Qualification,PEREK Jakub (POL),ELENSKY Gregory (ISR),,,3 - 4,10:12 8:11 11:8 8:11 11:7 11:9 11:13,PEREK Jakub,2005
St. Petersburg Open 2005,2005-11-03,KALACHEVSKYI Denys,VINOKUROV Aleksandr,UKR,RUS,4,1,"11,4,11,11,19|8,11,6,5,17",6,GRAND_SLAM,MS,1757,Qualification,KALACHEVSKYI Denys (UKR),VINOKUROV Aleksandr (RUS),,,1 - 4,8:11 11:4 6:11 5:11 17:19,KALACHEVSKYI Denys,2005
St. Petersburg Open 2005,2005-11-03,ZUBCIC Tomislav,GUMAN Martin,CRO,SVK,4,0,"11,11,11,12|7,9,8,10",,GRAND_SLAM,MS,1757,Qualification,ZUBCIC Tomislav (CRO),GUMAN Martin (SVK),,,4 - 0,11:7 11:9 11:8 12:10,ZUBCIC Tomislav,2005
St. Petersburg Open 2005,2005-11-03,CHMIEL Pawel,GINKEL Sergyi,POL,UKR,4,1,"11,11,11,5,11|7,6,3,11,8",QR2,GRAND_SLAM,MS,1757,Qualification,CHMIEL Pawel (POL),GINKEL Sergyi (UKR),,,4 - 1,11:7 11:6 11:3 5:11 11:8,CHMIEL Pawel,2005
St. Petersburg Open 2005,2005-11-03,ZUBCIC Tomislav,GINKEL Sergyi,CRO,UKR,4,1,"11,11,11,9,11|7,1,8,11,8",3,GRAND_SLAM,MS,1757,Qualification,ZUBCIC Tomislav (CRO),GINKEL Sergyi (UKR),,,4 - 1,11:7 11:1 11:8 9:11 11:8,ZUBCIC Tomislav,2005
St. Petersburg Open 2005,2005-11-03,CHMIEL Pawel,GUMAN Martin,POL,SVK,4,1,"11,11,11,9,11|2,4,6,11,9",QR4,GRAND_SLAM,MS,1757,Qualification,CHMIEL Pawel (POL),GUMAN Martin (SVK),,,4 - 1,11:2 11:4 11:6 9:11 11:9,CHMIEL Pawel,2005
St. Petersburg Open 2005,2005-11-03,ZUBCIC Tomislav,CHMIEL Pawel,CRO,POL,4,0,"11,11,11,11|5,4,7,6",5,GRAND_SLAM,MS,1757,Qualification,ZUBCIC Tomislav (CRO),CHMIEL Pawel (POL),,,4 - 0,11:5 11:4 11:7 11:6,ZUBCIC Tomislav,2005
St. Petersburg Open 2005,2005-11-03,GUMAN Martin,GINKEL Sergyi,SVK,UKR,4,1,"11,11,11,7,11|8,5,6,11,7",6,GRAND_SLAM,MS,1757,Qualification,GUMAN Martin (SVK),GINKEL Sergyi (UKR),,,1 - 4,8:11 5:11 6:11 11:7 7:11,GUMAN Martin,2005
St. Petersburg Open 2005,2005-11-03,KONECNY Tomas,MELNIK Valery,CZE,UKR,4,1,"11,12,3,11,12|8,10,11,9,10",,GRAND_SLAM,MS,1757,Qualification,KONECNY Tomas (CZE),MELNIK Valery (UKR),,,4 - 1,11:8 12:10 3:11 11:9 12:10,KONECNY Tomas,2005
St. Petersburg Open 2005,2005-11-03,STETSENKO Alexander,VOSTES Yannick,RUS,BEL,4,2,"2,10,11,11,11,11|11,12,5,5,5,8",QR2,GRAND_SLAM,MS,1757,Qualification,STETSENKO Alexander (RUS),VOSTES Yannick (BEL),,,2 - 4,11:2 12:10 5:11 5:11 5:11 8:11,STETSENKO Alexander,2005
St. Petersburg Open 2005,2005-11-03,KONECNY Tomas,STETSENKO Alexander,CZE,RUS,4,1,"11,12,9,11,11|7,10,11,8,6",3,GRAND_SLAM,MS,1757,Qualification,KONECNY Tomas (CZE),STETSENKO Alexander (RUS),,,4 - 1,11:7 12:10 9:11 11:8 11:6,KONECNY Tomas,2005
St. Petersburg Open 2005,2005-11-03,VOSTES Yannick,MELNIK Valery,BEL,UKR,4,1,"11,11,11,4,11|4,9,5,11,7",QR4,GRAND_SLAM,MS,1757,Qualification,VOSTES Yannick (BEL),MELNIK Valery (UKR),,,4 - 1,11:4 11:9 11:5 4:11 11:7,VOSTES Yannick,2005
St. Petersburg Open 2005,2005-11-03,KONECNY Tomas,VOSTES Yannick,CZE,BEL,4,0,"13,11,11,11|11,4,3,8",5,GRAND_SLAM,MS,1757,Qualification,KONECNY Tomas (CZE),VOSTES Yannick (BEL),,,4 - 0,13:11 11:4 11:3 11:8,KONECNY Tomas,2005
St. Petersburg Open 2005,2005-11-03,STETSENKO Alexander,MELNIK Valery,RUS,UKR,4,1,"11,11,11,7,11|3,3,9,11,3",6,GRAND_SLAM,MS,1757,Qualification,STETSENKO Alexander (RUS),MELNIK Valery (UKR),,,4 - 1,11:3 11:3 11:9 7:11 11:3,STETSENKO Alexander,2005
St. Petersburg Open 2005,2005-11-03,GAVRILOV Denis,VRABLIK Jiri,RUS,CZE,4,3,"10,11,6,11,11,11,11|12,7,11,13,5,8,9",,GRAND_SLAM,MS,1757,Qualification,GAVRILOV Denis (RUS),VRABLIK Jiri (CZE),,,4 - 3,10:12 11:7 6:11 11:13 11:5 11:8 11:9,GAVRILOV Denis,2005
St. Petersburg Open 2005,2005-11-03,ZHMUDENKO Yaroslav,DERELI Sukru,UKR,TUR,4,0,"11,11,11,11|6,3,6,8",QR2,GRAND_SLAM,MS,1757,Qualification,ZHMUDENKO Yaroslav (UKR),DERELI Sukru (TUR),,,4 - 0,11:6 11:3 11:6 11:8,ZHMUDENKO Yaroslav,2005
St. Petersburg Open 2005,2005-11-03,GAVRILOV Denis,DERELI Sukru,RUS,TUR,4,0,"11,11,11,11|8,6,9,5",3,GRAND_SLAM,MS,1757,Qualification,GAVRILOV Denis (RUS),DERELI Sukru (TUR),,,4 - 0,11:8 11:6 11:9 11:5,GAVRILOV Denis,2005
St. Petersburg Open 2005,2005-11-03,VRABLIK Jiri,ZHMUDENKO Yaroslav,CZE,UKR,4,2,"11,11,10,1,11,11|5,7,12,11,7,5",QR4,GRAND_SLAM,MS,1757,Qualification,VRABLIK Jiri (CZE),ZHMUDENKO Yaroslav (UKR),,,2 - 4,5:11 7:11 12:10 11:1 7:11 5:11,VRABLIK Jiri,2005
St. Petersburg Open 2005,2005-11-03,GAVRILOV Denis,ZHMUDENKO Yaroslav,RUS,UKR,4,0,"14,11,11,14|12,7,9,12",5,GRAND_SLAM,MS,1757,Qualification,GAVRILOV Denis (RUS),ZHMUDENKO Yaroslav (UKR),,,4 - 0,14:12 11:7 11:9 14:12,GAVRILOV Denis,2005
St. Petersburg Open 2005,2005-11-03,VRABLIK Jiri,DERELI Sukru,CZE,TUR,4,0,"11,11,11,11|9,9,8,9",6,GRAND_SLAM,MS,1757,Qualification,VRABLIK Jiri (CZE),DERELI Sukru (TUR),,,0 - 4,9:11 9:11 8:11 9:11,VRABLIK Jiri,2005
St. Petersburg Open 2005,2005-11-03,KAUCKY Petr,TACHALOV Anton,CZE,RUS,4,0,"11,11,11,11|7,5,4,9",,GRAND_SLAM,MS,1757,Qualification,KAUCKY Petr (CZE),TACHALOV Anton (RUS),,,4 - 0,11:7 11:5 11:4 11:9,KAUCKY Petr,2005
St. Petersburg Open 2005,2005-11-03,HABESOHN Daniel,ASHIHMIN Volodymyr,AUT,UKR,4,0,"14,11,11,11|12,4,6,8",QR2,GRAND_SLAM,MS,1757,Qualification,HABESOHN Daniel (AUT),ASHIHMIN Volodymyr (UKR),,,4 - 0,14:12 11:4 11:6 11:8,HABESOHN Daniel,2005
St. Petersburg Open 2005,2005-11-03,KAUCKY Petr,ASHIHMIN Volodymyr,CZE,UKR,4,0,"11,11,11,11|3,7,3,4",3,GRAND_SLAM,MS,1757,Qualification,KAUCKY Petr (CZE),ASHIHMIN Volodymyr (UKR),,,4 - 0,11:3 11:7 11:3 11:4,KAUCKY Petr,2005
St. Petersburg Open 2005,2005-11-03,HABESOHN Daniel,TACHALOV Anton,AUT,RUS,4,1,"11,12,7,11,11|4,10,11,7,8",QR4,GRAND_SLAM,MS,1757,Qualification,HABESOHN Daniel (AUT),TACHALOV Anton (RUS),,,4 - 1,11:4 12:10 7:11 11:7 11:8,HABESOHN Daniel,2005
St. Petersburg Open 2005,2005-11-03,HABESOHN Daniel,KAUCKY Petr,AUT,CZE,4,2,"9,11,11,11,11,11|11,7,7,9,13,5",5,GRAND_SLAM,MS,1757,Qualification,HABESOHN Daniel (AUT),KAUCKY Petr (CZE),,,2 - 4,11:9 7:11 7:11 9:11 13:11 5:11,HABESOHN Daniel,2005
St. Petersburg Open 2005,2005-11-03,TACHALOV Anton,ASHIHMIN Volodymyr,RUS,UKR,4,0,"11,11,11,11|7,3,2,2",6,GRAND_SLAM,MS,1757,Qualification,TACHALOV Anton (RUS),ASHIHMIN Volodymyr (UKR),,,0 - 4,7:11 3:11 2:11 2:11,TACHALOV Anton,2005
St. Petersburg Open 2005,2005-11-03,RYZHOV Juri,GAVLAS Antonin,RUS,CZE,4,3,"10,11,11,11,7,8,11|12,7,8,7,11,11,8",,GRAND_SLAM,MS,1757,Qualification,RYZHOV Juri (RUS),GAVLAS Antonin (CZE),,,3 - 4,12:10 7:11 8:11 7:11 11:7 11:8 8:11,RYZHOV Juri,2005
St. Petersburg Open 2005,2005-11-03,JAPEC Tomislav,RYZHOV Juri,CRO,RUS,4,2,"7,7,11,11,12,11|11,11,5,8,10,8",QR4,GRAND_SLAM,MS,1757,Qualification,JAPEC Tomislav (CRO),RYZHOV Juri (RUS),,,4 - 2,7:11 7:11 11:5 11:8 12:10 11:8,JAPEC Tomislav,2005
St. Petersburg Open 2005,2005-11-03,JAPEC Tomislav,GAVLAS Antonin,CRO,CZE,4,3,"5,10,11,7,11,11,11|11,12,9,11,9,6,6",5,GRAND_SLAM,MS,1757,Qualification,JAPEC Tomislav (CRO),GAVLAS Antonin (CZE),,,3 - 4,11:5 12:10 9:11 11:7 9:11 6:11 6:11,JAPEC Tomislav,2005
St. Petersburg Open 2005,2005-11-03,MOSKAEV Ivan,KATKOV Ivan,RUS,UKR,4,3,"11,8,11,11,10,11,11|4,11,4,9,12,13,8",,GRAND_SLAM,MS,1757,Qualification,MOSKAEV Ivan (RUS),KATKOV Ivan (UKR),,,3 - 4,4:11 11:8 4:11 9:11 12:10 13:11 8:11,MOSKAEV Ivan,2005
St. Petersburg Open 2005,2005-11-03,DAVID Petr,ALPAY Apakgun,CZE,TUR,4,0,"11,11,11,11|3,8,3,9",QR2,GRAND_SLAM,MS,1757,Qualification,DAVID Petr (CZE),ALPAY Apakgun (TUR),,,4 - 0,11:3 11:8 11:3 11:9,DAVID Petr,2005
St. Petersburg Open 2005,2005-11-03,KATKOV Ivan,ALPAY Apakgun,UKR,TUR,4,0,"11,11,11,11|3,4,2,6",3,GRAND_SLAM,MS,1757,Qualification,KATKOV Ivan (UKR),ALPAY Apakgun (TUR),,,4 - 0,11:3 11:4 11:2 11:6,KATKOV Ivan,2005
St. Petersburg Open 2005,2005-11-03,DAVID Petr,MOSKAEV Ivan,CZE,RUS,4,1,"11,7,11,11,11|5,11,7,4,9",QR4,GRAND_SLAM,MS,1757,Qualification,DAVID Petr (CZE),MOSKAEV Ivan (RUS),,,4 - 1,11:5 7:11 11:7 11:4 11:9,DAVID Petr,2005
St. Petersburg Open 2005,2005-11-03,KATKOV Ivan,DAVID Petr,UKR,CZE,4,1,"11,5,11,11,11|8,11,9,6,8",5,GRAND_SLAM,MS,1757,Qualification,KATKOV Ivan (UKR),DAVID Petr (CZE),,,4 - 1,11:8 5:11 11:9 11:6 11:8,KATKOV Ivan,2005
St. Petersburg Open 2005,2005-11-03,MOSKAEV Ivan,ALPAY Apakgun,RUS,TUR,4,0,"11,11,11,11|6,5,1,2",6,GRAND_SLAM,MS,1757,Qualification,MOSKAEV Ivan (RUS),ALPAY Apakgun (TUR),,,0 - 4,6:11 5:11 1:11 2:11,MOSKAEV Ivan,2005
St. Petersburg Open 2005,2005-11-03,PAIKOV Mikhail,KLEPRLIK Michal,RUS,CZE,3,1,"11,13,9,11|4,11,11,9",,GRAND_SLAM,U21MS,1757,Qualification,PAIKOV Mikhail (RUS),KLEPRLIK Michal (CZE),,,1 - 3,4:11 11:13 11:9 9:11,PAIKOV Mikhail,2005
St. Petersburg Open 2005,2005-11-03,PAIKOV Mikhail,JAPEC Tomislav,RUS,CRO,3,1,"5,11,12,11|11,9,10,6",QR2,GRAND_SLAM,U21MS,1757,Qualification,PAIKOV Mikhail (RUS),JAPEC Tomislav (CRO),,,1 - 3,11:5 9:11 10:12 6:11,PAIKOV Mikhail,2005
St. Petersburg Open 2005,2005-11-03,KLEPRLIK Michal,JAPEC Tomislav,CZE,CRO,3,1,"11,12,6,11|9,10,11,9",3,GRAND_SLAM,U21MS,1757,Qualification,KLEPRLIK Michal (CZE),JAPEC Tomislav (CRO),,,1 - 3,9:11 10:12 11:6 9:11,KLEPRLIK Michal,2005
St. Petersburg Open 2005,2005-11-03,BALTRUSHKA Dzmitry,YEFIMOV Viktor,BLR,UKR,3,1,"8,11,11,12|11,9,7,10",,GRAND_SLAM,U21MS,1757,Qualification,BALTRUSHKA Dzmitry (BLR),YEFIMOV Viktor (UKR),,,1 - 3,11:8 9:11 7:11 10:12,BALTRUSHKA Dzmitry,2005
St. Petersburg Open 2005,2005-11-03,DAVID Petr,BALTRUSHKA Dzmitry,CZE,BLR,3,2,"11,5,0,11,11|6,11,11,5,3",QR2,GRAND_SLAM,U21MS,1757,Qualification,DAVID Petr (CZE),BALTRUSHKA Dzmitry (BLR),,,3 - 2,11:6 5:11 0:11 11:5 11:3,DAVID Petr,2005
St. Petersburg Open 2005,2005-11-03,DAVID Petr,YEFIMOV Viktor,CZE,UKR,3,2,"6,11,14,11,11|11,2,16,6,3",3,GRAND_SLAM,U21MS,1757,Qualification,DAVID Petr (CZE),YEFIMOV Viktor (UKR),,,3 - 2,6:11 11:2 14:16 11:6 11:3,DAVID Petr,2005
St. Petersburg Open 2005,2005-11-03,KRIVOSHEEV Viacheslav,DAVIDOVICH Dmitry,RUS,BLR,3,0,"11,11,11|6,4,7",,GRAND_SLAM,U21MS,1757,Qualification,KRIVOSHEEV Viacheslav (RUS),DAVIDOVICH Dmitry (BLR),,,0 - 3,6:11 4:11 7:11,KRIVOSHEEV Viacheslav,2005
St. Petersburg Open 2005,2005-11-03,HABESOHN Daniel,KRIVOSHEEV Viacheslav,AUT,RUS,3,1,"11,11,8,11|6,7,11,3",QR2,GRAND_SLAM,U21MS,1757,Qualification,HABESOHN Daniel (AUT),KRIVOSHEEV Viacheslav (RUS),,,3 - 1,11:6 11:7 8:11 11:3,HABESOHN Daniel,2005
St. Petersburg Open 2005,2005-11-03,HABESOHN Daniel,DAVIDOVICH Dmitry,AUT,BLR,3,2,"11,8,11,8,12|5,11,7,11,10",3,GRAND_SLAM,U21MS,1757,Qualification,HABESOHN Daniel (AUT),DAVIDOVICH Dmitry (BLR),,,3 - 2,11:5 8:11 11:7 8:11 12:10,HABESOHN Daniel,2005
St. Petersburg Open 2005,2005-11-03,MASLEEV Evgenij,ZLAMAL Jaromir,RUS,CZE,3,0,"11,11,11|3,8,5",,GRAND_SLAM,U21MS,1757,Qualification,MASLEEV Evgenij (RUS),ZLAMAL Jaromir (CZE),,,3 - 0,11:3 11:8 11:5,MASLEEV Evgenij,2005
St. Petersburg Open 2005,2005-11-03,ZHMUDENKO Yaroslav,ZLAMAL Jaromir,UKR,CZE,3,1,"11,11,9,11|7,5,11,8",QR2,GRAND_SLAM,U21MS,1757,Qualification,ZHMUDENKO Yaroslav (UKR),ZLAMAL Jaromir (CZE),,,3 - 1,11:7 11:5 9:11 11:8,ZHMUDENKO Yaroslav,2005
St. Petersburg Open 2005,2005-11-03,ZHMUDENKO Yaroslav,MASLEEV Evgenij,UKR,RUS,3,0,"11,11,11|7,8,5",3,GRAND_SLAM,U21MS,1757,Qualification,ZHMUDENKO Yaroslav (UKR),MASLEEV Evgenij (RUS),,,3 - 0,11:7 11:8 11:5,ZHMUDENKO Yaroslav,2005
St. Petersburg Open 2005,2005-11-03,DIDUKH Viktor,BARKHATOV Evgenij,UKR,RUS,3,1,"11,11,7,11|7,6,11,9",,GRAND_SLAM,U21MS,1757,Qualification,DIDUKH Viktor (UKR),BARKHATOV Evgenij (RUS),,,3 - 1,11:7 11:6 7:11 11:9,DIDUKH Viktor,2005
St. Petersburg Open 2005,2005-11-03,BARKHATOV Evgenij,VOSTES Yannick,RUS,BEL,3,2,"11,4,11,12,11|7,11,13,10,8",QR2,GRAND_SLAM,U21MS,1757,Qualification,BARKHATOV Evgenij (RUS),VOSTES Yannick (BEL),,,2 - 3,7:11 11:4 13:11 10:12 8:11,BARKHATOV Evgenij,2005
St. Petersburg Open 2005,2005-11-03,VOSTES Yannick,DIDUKH Viktor,BEL,UKR,3,0,"11,11,11|6,9,7",3,GRAND_SLAM,U21MS,1757,Qualification,VOSTES Yannick (BEL),DIDUKH Viktor (UKR),,,3 - 0,11:6 11:9 11:7,VOSTES Yannick,2005
St. Petersburg Open 2005,2005-11-03,ZOMBORI David,BUKIN Andrey,HUN,RUS,3,0,"11,11,11|2,6,3",,GRAND_SLAM,U21MS,1757,Qualification,ZOMBORI David (HUN),BUKIN Andrey (RUS),,,3 - 0,11:2 11:6 11:3,ZOMBORI David,2005
St. Petersburg Open 2005,2005-11-03,CHMIEL Pawel,BUKIN Andrey,POL,RUS,3,0,"11,11,11|1,7,2",QR2,GRAND_SLAM,U21MS,1757,Qualification,CHMIEL Pawel (POL),BUKIN Andrey (RUS),,,3 - 0,11:1 11:7 11:2,CHMIEL Pawel,2005
St. Petersburg Open 2005,2005-11-03,CHMIEL Pawel,ZOMBORI David,POL,HUN,3,2,"8,11,4,11,11|11,5,11,3,5",3,GRAND_SLAM,U21MS,1757,Qualification,CHMIEL Pawel (POL),ZOMBORI David (HUN),,,3 - 2,8:11 11:5 4:11 11:3 11:5,CHMIEL Pawel,2005
St. Petersburg Open 2005,2005-11-03,SHIBAEV Alexander,KUCHUK Aleksandr,RUS,BLR,3,0,"11,11,11|8,8,5",,GRAND_SLAM,U21MS,1757,Qualification,SHIBAEV Alexander (RUS),KUCHUK Aleksandr (BLR),,,0 - 3,8:11 8:11 5:11,SHIBAEV Alexander,2005
St. Petersburg Open 2005,2005-11-03,PEREK Jakub,SHIBAEV Alexander,POL,RUS,3,1,"4,11,11,11|11,3,9,5",QR2,GRAND_SLAM,U21MS,1757,Qualification,PEREK Jakub (POL),SHIBAEV Alexander (RUS),,,3 - 1,4:11 11:3 11:9 11:5,PEREK Jakub,2005
St. Petersburg Open 2005,2005-11-03,PEREK Jakub,KUCHUK Aleksandr,POL,BLR,3,2,"11,9,11,7,11|5,11,9,11,9",3,GRAND_SLAM,U21MS,1757,Qualification,PEREK Jakub (POL),KUCHUK Aleksandr (BLR),,,3 - 2,11:5 9:11 11:9 7:11 11:9,PEREK Jakub,2005
St. Petersburg Open 2005,2005-11-03,UTOCHKIN Artem,SMIRNOV Aleksandr,RUS,EST,3,0,"12,11,11|10,7,9",,GRAND_SLAM,U21MS,1757,Qualification,UTOCHKIN Artem (RUS),SMIRNOV Aleksandr (EST),,,0 - 3,10:12 7:11 9:11,UTOCHKIN Artem,2005
St. Petersburg Open 2005,2005-11-03,UTOCHKIN Artem,LIEVSHYN Vitaliy,RUS,UKR,3,1,"11,11,6,11|6,9,11,9",QR2,GRAND_SLAM,U21MS,1757,Qualification,UTOCHKIN Artem (RUS),LIEVSHYN Vitaliy (UKR),,,1 - 3,6:11 9:11 11:6 9:11,UTOCHKIN Artem,2005
St. Petersburg Open 2005,2005-11-03,LIEVSHYN Vitaliy,SMIRNOV Aleksandr,UKR,EST,3,1,"11,11,15,11|7,9,17,6",3,GRAND_SLAM,U21MS,1757,Qualification,LIEVSHYN Vitaliy (UKR),SMIRNOV Aleksandr (EST),,,3 - 1,11:7 11:9 15:17 11:6 0,LIEVSHYN Vitaliy,2005
St. Petersburg Open 2005,2005-11-03,URBANEK Jan,OLONOV Alexander,CZE,RUS,3,1,"11,7,12,11|6,11,10,8",,GRAND_SLAM,U21MS,1757,Qualification,URBANEK Jan (CZE),OLONOV Alexander (RUS),,,3 - 1,11:6 7:11 12:10 11:8,URBANEK Jan,2005
St. Petersburg Open 2005,2005-11-03,SKACHKOV Kirill,OLONOV Alexander,RUS,RUS,3,0,"12,11,11|10,7,7",QR2,GRAND_SLAM,U21MS,1757,Qualification,SKACHKOV Kirill (RUS),OLONOV Alexander (RUS),,,3 - 0,12:10 11:7 11:7,SKACHKOV Kirill,2005
St. Petersburg Open 2005,2005-11-03,SKACHKOV Kirill,URBANEK Jan,RUS,CZE,3,1,"11,11,11,11|8,5,13,7",3,GRAND_SLAM,U21MS,1757,Qualification,SKACHKOV Kirill (RUS),URBANEK Jan (CZE),,,3 - 1,11:8 11:5 11:13 11:7,SKACHKOV Kirill,2005
St. Petersburg Open 2005,2005-11-03,SHEVCHENKO Semen,GASYMOV Elcin,RUS,SVK,3,1,"11,7,11,11|5,11,5,5",,GRAND_SLAM,U21MS,1757,Qualification,SHEVCHENKO Semen (RUS),GASYMOV Elcin (SVK),,,3 - 1,11:5 7:11 11:5 11:5,SHEVCHENKO Semen,2005
St. Petersburg Open 2005,2005-11-03,KLEPRLIK Jakub,GASYMOV Elcin,CZE,SVK,3,0,"11,11,12|8,4,10",QR2,GRAND_SLAM,U21MS,1757,Qualification,KLEPRLIK Jakub (CZE),GASYMOV Elcin (SVK),,,3 - 0,11:8 11:4 12:10,KLEPRLIK Jakub,2005
St. Petersburg Open 2005,2005-11-03,KLEPRLIK Jakub,SHEVCHENKO Semen,CZE,RUS,3,0,"11,11,11|6,8,2",3,GRAND_SLAM,U21MS,1757,Qualification,KLEPRLIK Jakub (CZE),SHEVCHENKO Semen (RUS),,,3 - 0,11:6 11:8 11:2,KLEPRLIK Jakub,2005
St. Petersburg Open 2005,2005-11-03,MOLNAR Csaba,KOMOV Alexander,HUN,RUS,3,1,"10,11,11,11|12,6,4,9",,GRAND_SLAM,U21MS,1757,Qualification,MOLNAR Csaba (HUN),KOMOV Alexander (RUS),,,3 - 1,10:12 11:6 11:4 11:9,MOLNAR Csaba,2005
St. Petersburg Open 2005,2005-11-03,PRYSHCHEPA Ievgen,KOMOV Alexander,UKR,RUS,3,0,"11,11,11|7,5,7",QR2,GRAND_SLAM,U21MS,1757,Qualification,PRYSHCHEPA Ievgen (UKR),KOMOV Alexander (RUS),,,3 - 0,11:7 11:5 11:7,PRYSHCHEPA Ievgen,2005
St. Petersburg Open 2005,2005-11-03,PRYSHCHEPA Ievgen,MOLNAR Csaba,UKR,HUN,3,1,"9,11,11,11|11,7,4,7",3,GRAND_SLAM,U21MS,1757,Qualification,PRYSHCHEPA Ievgen (UKR),MOLNAR Csaba (HUN),,,3 - 1,9:11 11:7 11:4 11:7,PRYSHCHEPA Ievgen,2005
St. Petersburg Open 2005,2005-11-03,GOLOVANOV Stanislav,TRUFKIN Oleksandr,BUL,UKR,3,0,"11,11,11|4,6,5",,GRAND_SLAM,U21MS,1757,Qualification,GOLOVANOV Stanislav (BUL),TRUFKIN Oleksandr (UKR),,,3 - 0,11:4 11:6 11:5,GOLOVANOV Stanislav,2005
St. Petersburg Open 2005,2005-11-03,MEHTA Pathik,TRUFKIN Oleksandr,IND,UKR,3,0,"11,11,11|3,5,4",QR2,GRAND_SLAM,U21MS,1757,Qualification,MEHTA Pathik (IND),TRUFKIN Oleksandr (UKR),,,3 - 0,11:3 11:5 11:4,MEHTA Pathik,2005
St. Petersburg Open 2005,2005-11-03,GOLOVANOV Stanislav,MEHTA Pathik,BUL,IND,3,0,"11,11,11|6,7,5",3,GRAND_SLAM,U21MS,1757,Qualification,GOLOVANOV Stanislav (BUL),MEHTA Pathik (IND),,,0 - 3,6:11 7:11 5:11,GOLOVANOV Stanislav,2005
St. Petersburg Open 2005,2005-11-03,HABESOHN Mathias,GINKEL Sergyi,AUT,UKR,3,0,"11,11,11|2,2,4",,GRAND_SLAM,U21MS,1757,Qualification,HABESOHN Mathias (AUT),GINKEL Sergyi (UKR),,,3 - 0,11:2 11:2 11:4,HABESOHN Mathias,2005
St. Petersburg Open 2005,2005-11-03,BUROV Viacheslav,GUMAN Martin,RUS,SVK,3,1,"11,9,11,11|5,11,4,9",QR2,GRAND_SLAM,U21MS,1757,Qualification,BUROV Viacheslav (RUS),GUMAN Martin (SVK),,,3 - 1,11:5 9:11 11:4 11:9,BUROV Viacheslav,2005
St. Petersburg Open 2005,2005-11-03,HABESOHN Mathias,GUMAN Martin,AUT,SVK,3,1,"11,11,9,11|7,7,11,3",3,GRAND_SLAM,U21MS,1757,Qualification,HABESOHN Mathias (AUT),GUMAN Martin (SVK),,,3 - 1,11:7 11:7 9:11 11:3,HABESOHN Mathias,2005
St. Petersburg Open 2005,2005-11-03,BUROV Viacheslav,GINKEL Sergyi,RUS,UKR,3,0,"11,11,11|2,1,6",QR4,GRAND_SLAM,U21MS,1757,Qualification,BUROV Viacheslav (RUS),GINKEL Sergyi (UKR),,,3 - 0,11:2 11:1 11:6,BUROV Viacheslav,2005
St. Petersburg Open 2005,2005-11-03,BUROV Viacheslav,HABESOHN Mathias,RUS,AUT,3,0,"11,11,11|7,5,6",5,GRAND_SLAM,U21MS,1757,Qualification,BUROV Viacheslav (RUS),HABESOHN Mathias (AUT),,,0 - 3,7:11 5:11 6:11,BUROV Viacheslav,2005
St. Petersburg Open 2005,2005-11-03,MOLNAR Krisztian,BUBA Ondrej,HUN,CZE,3,1,"11,9,11,11|5,11,8,6",,GRAND_SLAM,U21MS,1757,Qualification,MOLNAR Krisztian (HUN),BUBA Ondrej (CZE),,,3 - 1,11:5 9:11 11:8 11:6,MOLNAR Krisztian,2005
St. Petersburg Open 2005,2005-11-03,PETRUKHIN Evgeny,ASHIHMIN Volodymyr,RUS,UKR,3,0,"11,11,11|6,7,8",QR2,GRAND_SLAM,U21MS,1757,Qualification,PETRUKHIN Evgeny (RUS),ASHIHMIN Volodymyr (UKR),,,3 - 0,11:6 11:7 11:8,PETRUKHIN Evgeny,2005
St. Petersburg Open 2005,2005-11-03,MOLNAR Krisztian,ASHIHMIN Volodymyr,HUN,UKR,3,0,"11,11,12|8,3,10",3,GRAND_SLAM,U21MS,1757,Qualification,MOLNAR Krisztian (HUN),ASHIHMIN Volodymyr (UKR),,,3 - 0,11:8 11:3 12:10,MOLNAR Krisztian,2005
St. Petersburg Open 2005,2005-11-03,PETRUKHIN Evgeny,BUBA Ondrej,RUS,CZE,3,1,"11,13,11,11|4,15,4,5",QR4,GRAND_SLAM,U21MS,1757,Qualification,PETRUKHIN Evgeny (RUS),BUBA Ondrej (CZE),,,3 - 1,11:4 13:15 11:4 11:5,PETRUKHIN Evgeny,2005
St. Petersburg Open 2005,2005-11-03,MOLNAR Krisztian,PETRUKHIN Evgeny,HUN,RUS,3,1,"11,11,3,11|4,5,11,8",5,GRAND_SLAM,U21MS,1757,Qualification,MOLNAR Krisztian (HUN),PETRUKHIN Evgeny (RUS),,,3 - 1,11:4 11:5 3:11 11:8,MOLNAR Krisztian,2005
St. Petersburg Open 2005,2005-11-03,BUBA Ondrej,ASHIHMIN Volodymyr,CZE,UKR,3,0,"11,12,11|5,10,8",6,GRAND_SLAM,U21MS,1757,Qualification,BUBA Ondrej (CZE),ASHIHMIN Volodymyr (UKR),,,0 - 3,5:11 10:12 8:11,BUBA Ondrej,2005
St. Petersburg Open 2005,2005-11-03,SEREDA Peter,SHIBAEV Alexander,SVK,RUS,4,0,"11,11,13,11|5,8,11,7",R32,GRAND_SLAM,U21MS,1757,Main Draw,SEREDA Peter (SVK),SHIBAEV Alexander (RUS),,,4 - 0,11:5 11:8 13:11 11:7,SEREDA Peter,2005
St. Petersburg Open 2005,2005-11-03,GAVLAS Antonin,BUROV Viacheslav,CZE,RUS,4,2,"11,11,10,8,11,13|5,4,12,11,6,11",R32,GRAND_SLAM,U21MS,1757,Main Draw,GAVLAS Antonin (CZE),BUROV Viacheslav (RUS),,,2 - 4,5:11 4:11 12:10 11:8 6:11 11:13,GAVLAS Antonin,2005
St. Petersburg Open 2005,2005-11-03,HABESOHN Daniel,ELENSKY Gregory,AUT,ISR,4,1,"11,14,9,13,11|9,12,11,11,7",R32,GRAND_SLAM,U21MS,1757,Main Draw,HABESOHN Daniel (AUT),ELENSKY Gregory (ISR),,,1 - 4,9:11 12:14 11:9 11:13 7:11,HABESOHN Daniel,2005
St. Petersburg Open 2005,2005-11-03,BOBILLIER Loic,PAIKOV Mikhail,FRA,RUS,4,1,"11,13,7,11,11|6,11,11,8,8",R32,GRAND_SLAM,U21MS,1757,Main Draw,BOBILLIER Loic (FRA),PAIKOV Mikhail (RUS),,,1 - 4,6:11 11:13 11:7 8:11 8:11,BOBILLIER Loic,2005
St. Petersburg Open 2005,2005-11-03,GRIGOREV Artur,ZHMUDENKO Yaroslav,RUS,UKR,4,1,"6,12,11,11,11|11,10,5,7,5",R32,GRAND_SLAM,U21MS,1757,Main Draw,GRIGOREV Artur (RUS),ZHMUDENKO Yaroslav (UKR),,,1 - 4,11:6 10:12 5:11 7:11 5:11,GRIGOREV Artur,2005
St. Petersburg Open 2005,2005-11-03,KONECNY Tomas,SKACHKOV Kirill,CZE,RUS,4,0,"12,11,11,11|10,8,8,9",R32,GRAND_SLAM,U21MS,1757,Main Draw,KONECNY Tomas (CZE),SKACHKOV Kirill (RUS),,,4 - 0,12:10 11:8 11:8 11:9,KONECNY Tomas,2005
St. Petersburg Open 2005,2005-11-03,LO Dany,DAVID Petr,FRA,CZE,4,2,"11,9,6,11,11,11|9,11,11,7,8,9",R32,GRAND_SLAM,U21MS,1757,Main Draw,LO Dany (FRA),DAVID Petr (CZE),,,2 - 4,9:11 11:9 11:6 7:11 8:11 9:11,LO Dany,2005
St. Petersburg Open 2005,2005-11-03,AXELQVIST Johan,VOSTES Yannick,SWE,BEL,4,1,"11,8,11,11,11|7,11,6,6,9",R32,GRAND_SLAM,U21MS,1757,Main Draw,AXELQVIST Johan (SWE),VOSTES Yannick (BEL),,,4 - 1,11:7 8:11 11:6 11:6 11:9,AXELQVIST Johan,2005
St. Petersburg Open 2005,2005-11-03,DESPRES Rodolphe,UTOCHKIN Artem,FRA,RUS,4,1,"13,8,11,11,11|11,11,7,9,7",R32,GRAND_SLAM,U21MS,1757,Main Draw,DESPRES Rodolphe (FRA),UTOCHKIN Artem (RUS),,,1 - 4,11:13 11:8 7:11 9:11 7:11,DESPRES Rodolphe,2005
St. Petersburg Open 2005,2005-11-03,CHMIEL Pawel,JAKAB Janos,POL,HUN,4,0,"11,11,11,11|6,9,8,9",R32,GRAND_SLAM,U21MS,1757,Main Draw,CHMIEL Pawel (POL),JAKAB Janos (HUN),,,0 - 4,6:11 9:11 8:11 9:11,CHMIEL Pawel,2005
St. Petersburg Open 2005,2005-11-03,ZUBCIC Tomislav,PEREK Jakub,CRO,POL,4,3,"11,11,10,11,8,4,11|6,2,12,8,11,11,5",R32,GRAND_SLAM,U21MS,1757,Main Draw,ZUBCIC Tomislav (CRO),PEREK Jakub (POL),,,3 - 4,6:11 2:11 12:10 8:11 11:8 11:4 5:11,ZUBCIC Tomislav,2005
St. Petersburg Open 2005,2005-11-03,KATKOV Ivan,GOLOVANOV Stanislav,UKR,BUL,4,2,"11,12,11,10,6,11|9,10,5,12,11,7",R32,GRAND_SLAM,U21MS,1757,Main Draw,KATKOV Ivan (UKR),GOLOVANOV Stanislav (BUL),,,4 - 2,11:9 12:10 11:5 10:12 6:11 11:7,KATKOV Ivan,2005
St. Petersburg Open 2005,2005-11-03,PISTEJ Lubomir,KLEPRLIK Michal,SVK,CZE,4,1,"12,8,11,11,11|10,11,9,8,3",R32,GRAND_SLAM,U21MS,1757,Main Draw,PISTEJ Lubomir (SVK),KLEPRLIK Michal (CZE),,,1 - 4,10:12 11:8 9:11 8:11 3:11,PISTEJ Lubomir,2005
St. Petersburg Open 2005,2005-11-03,SEREDA Peter,GAVLAS Antonin,SVK,CZE,4,0,"11,11,11,11|5,6,6,7",R16,GRAND_SLAM,U21MS,1757,Main Draw,SEREDA Peter (SVK),GAVLAS Antonin (CZE),,,4 - 0,11:5 11:6 11:6 11:7,SEREDA Peter,2005
St. Petersburg Open 2005,2005-11-03,BOBILLIER Loic,HABESOHN Daniel,FRA,AUT,4,2,"5,11,10,11,11,11|11,4,12,7,7,3",R16,GRAND_SLAM,U21MS,1757,Main Draw,BOBILLIER Loic (FRA),HABESOHN Daniel (AUT),,,2 - 4,11:5 4:11 12:10 7:11 7:11 3:11,BOBILLIER Loic,2005
St. Petersburg Open 2005,2005-11-03,GRIGOREV Artur,MOLNAR Krisztian,RUS,HUN,4,1,"12,9,11,11,11|10,11,7,7,8",R16,GRAND_SLAM,U21MS,1757,Main Draw,GRIGOREV Artur (RUS),MOLNAR Krisztian (HUN),,,1 - 4,10:12 11:9 7:11 7:11 8:11,GRIGOREV Artur,2005
St. Petersburg Open 2005,2005-11-03,LO Dany,KONECNY Tomas,FRA,CZE,4,2,"7,11,4,11,11,11|11,9,11,8,9,6",R16,GRAND_SLAM,U21MS,1757,Main Draw,LO Dany (FRA),KONECNY Tomas (CZE),,,2 - 4,11:7 9:11 11:4 8:11 9:11 6:11,LO Dany,2005
St. Petersburg Open 2005,2005-11-03,AXELQVIST Johan,DESPRES Rodolphe,SWE,FRA,4,1,"11,11,11,8,11|6,7,5,11,6",R16,GRAND_SLAM,U21MS,1757,Main Draw,AXELQVIST Johan (SWE),DESPRES Rodolphe (FRA),,,4 - 1,11:6 11:7 11:5 8:11 11:6,AXELQVIST Johan,2005
St. Petersburg Open 2005,2005-11-03,PRYSHCHEPA Ievgen,KLEPRLIK Jakub,UKR,CZE,4,3,"11,9,11,7,11,7,11|6,11,9,11,8,11,8",R16,GRAND_SLAM,U21MS,1757,Main Draw,PRYSHCHEPA Ievgen (UKR),KLEPRLIK Jakub (CZE),,,3 - 4,6:11 11:9 9:11 11:7 8:11 11:7 8:11,PRYSHCHEPA Ievgen,2005
St. Petersburg Open 2005,2005-11-03,PISTEJ Lubomir,KATKOV Ivan,SVK,UKR,4,0,"11,11,11,14|4,8,6,12",R16,GRAND_SLAM,U21MS,1757,Main Draw,PISTEJ Lubomir (SVK),KATKOV Ivan (UKR),,,0 - 4,4:11 8:11 6:11 12:14,PISTEJ Lubomir,2005
St. Petersburg Open 2005,2005-11-03,BOBILLIER Loic,SEREDA Peter,FRA,SVK,4,3,"6,5,11,3,11,11,11|11,11,9,11,6,7,7",QuarterFinal,GRAND_SLAM,U21MS,1757,Main Draw,BOBILLIER Loic (FRA),SEREDA Peter (SVK),,,3 - 4,11:6 11:5 9:11 11:3 6:11 7:11 7:11,BOBILLIER Loic,2005
St. Petersburg Open 2005,2005-11-03,GRIGOREV Artur,LO Dany,RUS,FRA,4,3,"11,2,8,11,7,11,11|5,11,11,7,11,9,9",QuarterFinal,GRAND_SLAM,U21MS,1757,Main Draw,GRIGOREV Artur (RUS),LO Dany (FRA),,,4 - 3,11:5 2:11 8:11 11:7 7:11 11:9 11:9,GRIGOREV Artur,2005
St. Petersburg Open 2005,2005-11-03,AXELQVIST Johan,PRYSHCHEPA Ievgen,SWE,UKR,4,1,"11,6,11,11,11|6,11,8,9,8",QuarterFinal,GRAND_SLAM,U21MS,1757,Main Draw,AXELQVIST Johan (SWE),PRYSHCHEPA Ievgen (UKR),,,4 - 1,11:6 6:11 11:8 11:9 11:8,AXELQVIST Johan,2005
St. Petersburg Open 2005,2005-11-03,PISTEJ Lubomir,ZUBCIC Tomislav,SVK,CRO,4,2,"11,5,5,11,11,11|5,11,11,8,8,5",QuarterFinal,GRAND_SLAM,U21MS,1757,Main Draw,PISTEJ Lubomir (SVK),ZUBCIC Tomislav (CRO),,,2 - 4,5:11 11:5 11:5 8:11 8:11 5:11,PISTEJ Lubomir,2005
St. Petersburg Open 2005,2005-11-03,BOBILLIER Loic,GRIGOREV Artur,FRA,RUS,4,3,"11,7,9,14,9,11,11|9,11,11,12,11,7,2",SemiFinal,GRAND_SLAM,U21MS,1757,Main Draw,BOBILLIER Loic (FRA),GRIGOREV Artur (RUS),,,4 - 3,11:9 7:11 9:11 14:12 9:11 11:7 11:2,BOBILLIER Loic,2005
St. Petersburg Open 2005,2005-11-03,PISTEJ Lubomir,AXELQVIST Johan,SVK,SWE,4,1,"11,10,11,14,11|8,12,6,12,6",SemiFinal,GRAND_SLAM,U21MS,1757,Main Draw,PISTEJ Lubomir (SVK),AXELQVIST Johan (SWE),,,1 - 4,8:11 12:10 6:11 12:14 6:11,PISTEJ Lubomir,2005
St. Petersburg Open 2005,2005-11-03,PISTEJ Lubomir,BOBILLIER Loic,SVK,FRA,4,2,"13,11,3,11,9,11|11,8,11,8,11,9",Final,GRAND_SLAM,U21MS,1757,Main Draw,PISTEJ Lubomir (SVK),BOBILLIER Loic (FRA),,,2 - 4,11:13 8:11 11:3 8:11 11:9 9:11,PISTEJ Lubomir,2005
St. Petersburg Open 2005,2005-11-03,SAMSONOV Vladimir,RUBTSOV Igor,BLR,RUS,4,0,"11,12,11,11|3,10,4,2",R64,GRAND_SLAM,MS,1757,Main Draw,SAMSONOV Vladimir (BLR),RUBTSOV Igor (RUS),,,4 - 0,11:3 12:10 11:4 11:2,SAMSONOV Vladimir,2005
St. Petersburg Open 2005,2005-11-03,HAKANSSON Fredrik,VINOKUROV Aleksandr,SWE,RUS,4,0,"11,11,11,11|7,7,7,5",R64,GRAND_SLAM,MS,1757,Main Draw,HAKANSSON Fredrik (SWE),VINOKUROV Aleksandr (RUS),,,0 - 4,7:11 7:11 7:11 5:11,HAKANSSON Fredrik,2005
St. Petersburg Open 2005,2005-11-03,PLACHY Josef,ZUBCIC Tomislav,CZE,CRO,4,1,"11,11,11,9,12|6,6,7,11,10",R64,GRAND_SLAM,MS,1757,Main Draw,PLACHY Josef (CZE),ZUBCIC Tomislav (CRO),,,4 - 1,11:6 11:6 11:7 9:11 12:10,PLACHY Josef,2005
St. Petersburg Open 2005,2005-11-03,JOVER Sebastien,FRANZ Peter,FRA,GER,4,2,"11,14,10,5,11,11|9,12,12,11,9,8",R64,GRAND_SLAM,MS,1757,Main Draw,JOVER Sebastien (FRA),FRANZ Peter (GER),,,4 - 2,11:9 14:12 10:12 5:11 11:9 11:8,JOVER Sebastien,2005
St. Petersburg Open 2005,2005-11-03,TAN Ruiwu,KATKOV Ivan,CRO,UKR,4,3,"11,8,14,11,11,11,11|6,11,16,13,4,2,7",R64,GRAND_SLAM,MS,1757,Main Draw,TAN Ruiwu (CRO),KATKOV Ivan (UKR),,,4 - 3,11:6 8:11 14:16 11:13 11:4 11:2 11:7,TAN Ruiwu,2005
St. Petersburg Open 2005,2005-11-03,SEREDA Peter,LIVENTSOV Alexey,SVK,RUS,4,1,"12,11,9,11,11|10,3,11,6,8",R64,GRAND_SLAM,MS,1757,Main Draw,SEREDA Peter (SVK),LIVENTSOV Alexey (RUS),,,1 - 4,10:12 3:11 11:9 6:11 8:11,SEREDA Peter,2005
St. Petersburg Open 2005,2005-11-03,AXELQVIST Johan,JAPEC Tomislav,SWE,CRO,4,3,"11,8,11,11,5,7,11|7,11,6,8,11,11,9",R64,GRAND_SLAM,MS,1757,Main Draw,AXELQVIST Johan (SWE),JAPEC Tomislav (CRO),,,4 - 3,11:7 8:11 11:6 11:8 5:11 7:11 11:9,AXELQVIST Johan,2005
St. Petersburg Open 2005,2005-11-03,KARLSSON Peter,OLLIVIER Brice,SWE,FRA,4,0,"11,11,12,13|5,9,10,11",R64,GRAND_SLAM,MS,1757,Main Draw,KARLSSON Peter (SWE),OLLIVIER Brice (FRA),,,0 - 4,5:11 9:11 10:12 11:13,KARLSSON Peter,2005
St. Petersburg Open 2005,2005-11-03,PRIMORAC Zoran,GORAK Daniel,CRO,POL,4,1,"11,9,11,14,11|5,11,4,12,3",R64,GRAND_SLAM,MS,1757,Main Draw,PRIMORAC Zoran (CRO),GORAK Daniel (POL),,,4 - 1,11:5 9:11 11:4 14:12 11:3,PRIMORAC Zoran,2005
St. Petersburg Open 2005,2005-11-03,PISTEJ Lubomir,PRYSHCHEPA Ievgen,SVK,UKR,4,2,"11,5,10,11,12,11|6,11,12,9,10,5",R64,GRAND_SLAM,MS,1757,Main Draw,PISTEJ Lubomir (SVK),PRYSHCHEPA Ievgen (UKR),,,2 - 4,6:11 11:5 12:10 9:11 10:12 5:11,PISTEJ Lubomir,2005
St. Petersburg Open 2005,2005-11-03,GIONIS Panagiotis,ACHANTA Sharath,GRE,IND,4,1,"11,11,9,11,11|9,8,11,8,7",R64,GRAND_SLAM,MS,1757,Main Draw,GIONIS Panagiotis (GRE),ACHANTA Sharath (IND),,,4 - 1,11:9 11:8 9:11 11:8 11:7,GIONIS Panagiotis,2005
St. Petersburg Open 2005,2005-11-03,BOBILLIER Loic,SUCH Bartosz,FRA,POL,4,0,"11,11,11,11|5,8,4,4",R64,GRAND_SLAM,MS,1757,Main Draw,BOBILLIER Loic (FRA),SUCH Bartosz (POL),,,4 - 0,11:5 11:8 11:4 11:4,BOBILLIER Loic,2005
St. Petersburg Open 2005,2005-11-03,GARDOS Robert,GRIGOREV Artur,AUT,RUS,4,3,"9,11,13,13,4,8,15|11,5,11,11,11,11,13",R64,GRAND_SLAM,MS,1757,Main Draw,GARDOS Robert (AUT),GRIGOREV Artur (RUS),,,4 - 3,9:11 11:5 13:11 13:11 4:11 8:11 15:13,GARDOS Robert,2005
St. Petersburg Open 2005,2005-11-03,LO Dany,ROY Soumyadeep,FRA,IND,4,2,"11,9,11,9,11,11|8,11,8,11,4,7",R64,GRAND_SLAM,MS,1757,Main Draw,LO Dany (FRA),ROY Soumyadeep (IND),,,2 - 4,8:11 11:9 8:11 11:9 4:11 7:11,LO Dany,2005
St. Petersburg Open 2005,2005-11-03,VARGA Zoltan,CABESTANY Cedrik,HUN,FRA,4,2,"4,11,12,13,11,11|11,13,10,11,6,7",R64,GRAND_SLAM,MS,1757,Main Draw,VARGA Zoltan (HUN),CABESTANY Cedrik (FRA),,,2 - 4,11:4 13:11 10:12 11:13 6:11 7:11,VARGA Zoltan,2005
St. Petersburg Open 2005,2005-11-03,CHEN Weixing,JAKAB Janos,AUT,HUN,4,2,"11,5,11,11,12,11|3,11,4,7,14,6",R64,GRAND_SLAM,MS,1757,Main Draw,CHEN Weixing (AUT),JAKAB Janos (HUN),,,2 - 4,3:11 11:5 4:11 7:11 14:12 6:11,CHEN Weixing,2005
St. Petersburg Open 2005,2005-11-03,ANDRIANOV Sergei,SCHLAGER Werner,RUS,AUT,4,3,"8,11,10,11,11,5,12|11,9,12,3,9,11,10",R64,GRAND_SLAM,MS,1757,Main Draw,ANDRIANOV Sergei (RUS),SCHLAGER Werner (AUT),,,3 - 4,11:8 9:11 12:10 3:11 9:11 11:5 10:12,ANDRIANOV Sergei,2005
St. Petersburg Open 2005,2005-11-03,MONTEIRO Thiago,HABESOHN Daniel,BRA,AUT,4,0,"11,11,13,11|8,1,11,5",R64,GRAND_SLAM,MS,1757,Main Draw,MONTEIRO Thiago (BRA),HABESOHN Daniel (AUT),,,0 - 4,8:11 1:11 11:13 5:11,MONTEIRO Thiago,2005
St. Petersburg Open 2005,2005-11-03,HOYAMA Hugo,SKACHKOV Kirill,BRA,RUS,4,2,"13,6,7,11,11,11|11,11,11,6,7,9",R64,GRAND_SLAM,MS,1757,Main Draw,HOYAMA Hugo (BRA),SKACHKOV Kirill (RUS),,,4 - 2,13:11 6:11 7:11 11:6 11:7 11:9,HOYAMA Hugo,2005
St. Petersburg Open 2005,2005-11-03,CHILA Patrick,SARMATOV Alexei,FRA,UKR,4,0,"12,11,11,11|10,3,3,5",R64,GRAND_SLAM,MS,1757,Main Draw,CHILA Patrick (FRA),SARMATOV Alexei (UKR),,,0 - 4,10:12 3:11 3:11 5:11,CHILA Patrick,2005
St. Petersburg Open 2005,2005-11-03,WANG Zengyi,KONECNY Tomas,POL,CZE,4,0,"11,11,11,11|4,6,6,4",R64,GRAND_SLAM,MS,1757,Main Draw,WANG Zengyi (POL),KONECNY Tomas (CZE),,,4 - 0,11:4 11:6 11:6 11:4,WANG Zengyi,2005
St. Petersburg Open 2005,2005-11-03,PAZSY Ferenc,PAPAGEORGIOU Konstantinos,HUN,GRE,4,1,"11,11,11,8,11|9,9,4,11,8",R64,GRAND_SLAM,MS,1757,Main Draw,PAZSY Ferenc (HUN),PAPAGEORGIOU Konstantinos (GRE),,,1 - 4,9:11 9:11 4:11 11:8 8:11,PAZSY Ferenc,2005
St. Petersburg Open 2005,2005-11-03,DIDUKH Oleksandr,ASAMOAH Cyprian,UKR,SWE,4,3,"5,9,9,14,11,11,11|11,11,11,12,8,8,7",R64,GRAND_SLAM,MS,1757,Main Draw,DIDUKH Oleksandr (UKR),ASAMOAH Cyprian (SWE),,,4 - 3,5:11 9:11 9:11 14:12 11:8 11:8 11:7,DIDUKH Oleksandr,2005
St. Petersburg Open 2005,2005-11-03,SMIRNOV Alexey,VOZICKY Bohumil,RUS,CZE,4,1,"11,14,11,11,11|4,16,4,5,9",R64,GRAND_SLAM,MS,1757,Main Draw,SMIRNOV Alexey (RUS),VOZICKY Bohumil (CZE),,,1 - 4,4:11 16:14 4:11 5:11 9:11,SMIRNOV Alexey,2005
St. Petersburg Open 2005,2005-11-03,SAIVE Jean-Michel,GAVRILOV Denis,BEL,RUS,4,3,"5,10,11,11,8,11,11|11,12,7,9,11,6,8",R64,GRAND_SLAM,MS,1757,Main Draw,SAIVE Jean-Michel (BEL),GAVRILOV Denis (RUS),,,4 - 3,5:11 10:12 11:7 11:9 8:11 11:6 11:8,SAIVE Jean-Michel,2005
St. Petersburg Open 2005,2005-11-03,STEPHENSEN Gudmundur,TOSIC Roko,ISL,CRO,4,1,"11,7,11,11,11|9,11,6,6,7",R64,GRAND_SLAM,MS,1757,Main Draw,STEPHENSEN Gudmundur (ISL),TOSIC Roko (CRO),,,4 - 1,11:9 7:11 11:6 11:6 11:7,STEPHENSEN Gudmundur,2005
St. Petersburg Open 2005,2005-11-03,FAZEKAS Peter,REGENTOV Evgenii,HUN,RUS,4,0,"11,11,11,12|7,9,8,10",R64,GRAND_SLAM,MS,1757,Main Draw,FAZEKAS Peter (HUN),REGENTOV Evgenii (RUS),,,4 - 0,11:7 11:9 11:8 12:10,FAZEKAS Peter,2005
St. Petersburg Open 2005,2005-11-03,BERTIN Christophe,KARAKASEVIC Aleksandar,FRA,SRB,4,3,"11,10,11,10,7,11,11|9,12,9,12,11,8,9",R64,GRAND_SLAM,MS,1757,Main Draw,BERTIN Christophe (FRA),KARAKASEVIC Aleksandar (SRB),,,4 - 3,11:9 10:12 11:9 10:12 7:11 11:8 11:9,BERTIN Christophe,2005
St. Petersburg Open 2005,2005-11-03,ELOI Damien,SIMONER Christoph,FRA,AUT,4,0,"11,11,11,11|7,7,4,4",R64,GRAND_SLAM,MS,1757,Main Draw,ELOI Damien (FRA),SIMONER Christoph (AUT),,,4 - 0,11:7 11:7 11:4 11:4,ELOI Damien,2005
St. Petersburg Open 2005,2005-11-03,SVENSSON Robert,PHUNG Armand,SWE,FRA,4,1,"11,4,12,11,11|9,11,10,6,3",R64,GRAND_SLAM,MS,1757,Main Draw,SVENSSON Robert (SWE),PHUNG Armand (FRA),,,4 - 1,11:9 4:11 12:10 11:6 11:3,SVENSSON Robert,2005
St. Petersburg Open 2005,2005-11-03,SHMYREV Maxim,DEMETER Lehel,RUS,HUN,4,2,"11,4,9,13,11,11|8,11,11,11,8,5",R64,GRAND_SLAM,MS,1757,Main Draw,SHMYREV Maxim (RUS),DEMETER Lehel (HUN),,,4 - 2,11:8 4:11 9:11 13:11 11:8 11:5,SHMYREV Maxim,2005
St. Petersburg Open 2005,2005-11-03,KREANGA Kalinikos,LINDNER Adam,GRE,HUN,4,2,"13,10,11,8,11,11|11,12,3,11,7,3",R64,GRAND_SLAM,MS,1757,Main Draw,KREANGA Kalinikos (GRE),LINDNER Adam (HUN),,,2 - 4,11:13 12:10 3:11 11:8 7:11 3:11,KREANGA Kalinikos,2005
St. Petersburg Open 2005,2005-11-03,SAMSONOV Vladimir,HAKANSSON Fredrik,BLR,SWE,4,1,"11,11,11,7,11|5,6,7,11,4",R32,GRAND_SLAM,MS,1757,Main Draw,SAMSONOV Vladimir (BLR),HAKANSSON Fredrik (SWE),,,4 - 1,11:5 11:6 11:7 7:11 11:4,SAMSONOV Vladimir,2005
St. Petersburg Open 2005,2005-11-03,PLACHY Josef,JOVER Sebastien,CZE,FRA,4,2,"12,11,11,7,9,11|10,4,6,11,11,7",R32,GRAND_SLAM,MS,1757,Main Draw,PLACHY Josef (CZE),JOVER Sebastien (FRA),,,4 - 2,12:10 11:4 11:6 7:11 9:11 11:7,PLACHY Josef,2005
St. Petersburg Open 2005,2005-11-03,TAN Ruiwu,SEREDA Peter,CRO,SVK,4,2,"11,11,11,13,8,12|9,7,7,15,11,10",R32,GRAND_SLAM,MS,1757,Main Draw,TAN Ruiwu (CRO),SEREDA Peter (SVK),,,4 - 2,11:9 11:7 11:7 13:15 8:11 12:10,TAN Ruiwu,2005
St. Petersburg Open 2005,2005-11-03,KARLSSON Peter,AXELQVIST Johan,SWE,SWE,4,1,"11,11,11,12,12|5,8,7,14,10",R32,GRAND_SLAM,MS,1757,Main Draw,KARLSSON Peter (SWE),AXELQVIST Johan (SWE),,,1 - 4,5:11 8:11 7:11 14:12 10:12,KARLSSON Peter,2005
St. Petersburg Open 2005,2005-11-03,PRIMORAC Zoran,PISTEJ Lubomir,CRO,SVK,4,2,"5,11,11,11,9,11|11,9,9,8,11,6",R32,GRAND_SLAM,MS,1757,Main Draw,PRIMORAC Zoran (CRO),PISTEJ Lubomir (SVK),,,4 - 2,5:11 11:9 11:9 11:8 9:11 11:6,PRIMORAC Zoran,2005
St. Petersburg Open 2005,2005-11-03,GIONIS Panagiotis,BOBILLIER Loic,GRE,FRA,4,0,"11,13,11,11|6,11,7,9",R32,GRAND_SLAM,MS,1757,Main Draw,GIONIS Panagiotis (GRE),BOBILLIER Loic (FRA),,,4 - 0,11:6 13:11 11:7 11:9,GIONIS Panagiotis,2005
St. Petersburg Open 2005,2005-11-03,GARDOS Robert,LO Dany,AUT,FRA,4,1,"11,13,9,11,11|9,11,11,6,4",R32,GRAND_SLAM,MS,1757,Main Draw,GARDOS Robert (AUT),LO Dany (FRA),,,4 - 1,11:9 13:11 9:11 11:6 11:4,GARDOS Robert,2005
St. Petersburg Open 2005,2005-11-03,CHEN Weixing,VARGA Zoltan,AUT,HUN,4,0,"11,11,11,11|5,7,3,5",R32,GRAND_SLAM,MS,1757,Main Draw,CHEN Weixing (AUT),VARGA Zoltan (HUN),,,0 - 4,5:11 7:11 3:11 5:11,CHEN Weixing,2005
St. Petersburg Open 2005,2005-11-03,ANDRIANOV Sergei,MONTEIRO Thiago,RUS,BRA,4,1,"11,11,11,4,11|8,8,3,11,7",R32,GRAND_SLAM,MS,1757,Main Draw,ANDRIANOV Sergei (RUS),MONTEIRO Thiago (BRA),,,4 - 1,11:8 11:8 11:3 4:11 11:7,ANDRIANOV Sergei,2005
St. Petersburg Open 2005,2005-11-03,CHILA Patrick,HOYAMA Hugo,FRA,BRA,4,1,"12,11,9,11,11|10,3,11,6,8",R32,GRAND_SLAM,MS,1757,Main Draw,CHILA Patrick (FRA),HOYAMA Hugo (BRA),,,1 - 4,10:12 3:11 11:9 6:11 8:11,CHILA Patrick,2005
St. Petersburg Open 2005,2005-11-03,WANG Zengyi,PAZSY Ferenc,POL,HUN,4,1,"11,11,11,9,11|7,9,4,11,5",R32,GRAND_SLAM,MS,1757,Main Draw,WANG Zengyi (POL),PAZSY Ferenc (HUN),,,4 - 1,11:7 11:9 11:4 9:11 11:5,WANG Zengyi,2005
St. Petersburg Open 2005,2005-11-03,SMIRNOV Alexey,DIDUKH Oleksandr,RUS,UKR,4,3,"11,12,2,8,6,11,11|6,10,11,11,11,8,8",R32,GRAND_SLAM,MS,1757,Main Draw,SMIRNOV Alexey (RUS),DIDUKH Oleksandr (UKR),,,3 - 4,6:11 10:12 11:2 11:8 11:6 8:11 8:11,SMIRNOV Alexey,2005
St. Petersburg Open 2005,2005-11-03,SAIVE Jean-Michel,STEPHENSEN Gudmundur,BEL,ISL,4,2,"13,11,9,11,11,11|15,8,11,9,3,2",R32,GRAND_SLAM,MS,1757,Main Draw,SAIVE Jean-Michel (BEL),STEPHENSEN Gudmundur (ISL),,,4 - 2,13:15 11:8 9:11 11:9 11:3 11:2,SAIVE Jean-Michel,2005
St. Petersburg Open 2005,2005-11-03,BERTIN Christophe,FAZEKAS Peter,FRA,HUN,4,1,"11,11,11,4,12|7,2,8,11,10",R32,GRAND_SLAM,MS,1757,Main Draw,BERTIN Christophe (FRA),FAZEKAS Peter (HUN),,,1 - 4,7:11 2:11 8:11 11:4 10:12,BERTIN Christophe,2005
St. Petersburg Open 2005,2005-11-03,SVENSSON Robert,ELOI Damien,SWE,FRA,4,3,"11,8,13,11,0,8,13|7,11,11,8,11,11,11",R32,GRAND_SLAM,MS,1757,Main Draw,SVENSSON Robert (SWE),ELOI Damien (FRA),,,3 - 4,7:11 11:8 11:13 8:11 11:0 11:8 11:13,SVENSSON Robert,2005
St. Petersburg Open 2005,2005-11-03,KREANGA Kalinikos,SHMYREV Maxim,GRE,RUS,4,1,"11,11,11,9,11|3,6,5,11,3",R32,GRAND_SLAM,MS,1757,Main Draw,KREANGA Kalinikos (GRE),SHMYREV Maxim (RUS),,,1 - 4,3:11 6:11 5:11 11:9 3:11,KREANGA Kalinikos,2005
St. Petersburg Open 2005,2005-11-03,SAMSONOV Vladimir,PLACHY Josef,BLR,CZE,4,1,"11,11,5,11,11|7,6,11,6,6",R16,GRAND_SLAM,MS,1757,Main Draw,SAMSONOV Vladimir (BLR),PLACHY Josef (CZE),,,4 - 1,11:7 11:6 5:11 11:6 11:6,SAMSONOV Vladimir,2005
St. Petersburg Open 2005,2005-11-03,KARLSSON Peter,TAN Ruiwu,SWE,CRO,4,2,"9,11,11,8,11,11|11,8,9,11,8,7",R16,GRAND_SLAM,MS,1757,Main Draw,KARLSSON Peter (SWE),TAN Ruiwu (CRO),,,2 - 4,11:9 8:11 9:11 11:8 8:11 7:11,KARLSSON Peter,2005
St. Petersburg Open 2005,2005-11-03,PRIMORAC Zoran,GIONIS Panagiotis,CRO,GRE,4,3,"9,11,11,13,5,9,11|11,9,6,11,11,11,8",R16,GRAND_SLAM,MS,1757,Main Draw,PRIMORAC Zoran (CRO),GIONIS Panagiotis (GRE),,,4 - 3,9:11 11:9 11:6 13:11 5:11 9:11 11:8,PRIMORAC Zoran,2005
St. Petersburg Open 2005,2005-11-03,GARDOS Robert,CHEN Weixing,AUT,AUT,4,1,"11,8,11,11,11|7,11,6,4,8",R16,GRAND_SLAM,MS,1757,Main Draw,GARDOS Robert (AUT),CHEN Weixing (AUT),,,4 - 1,11:7 8:11 11:6 11:4 11:8,GARDOS Robert,2005
St. Petersburg Open 2005,2005-11-03,CHILA Patrick,ANDRIANOV Sergei,FRA,RUS,4,0,"11,11,11,11|6,9,9,4",R16,GRAND_SLAM,MS,1757,Main Draw,CHILA Patrick (FRA),ANDRIANOV Sergei (RUS),,,0 - 4,6:11 9:11 9:11 4:11,CHILA Patrick,2005
St. Petersburg Open 2005,2005-11-03,SMIRNOV Alexey,WANG Zengyi,RUS,POL,4,1,"7,11,11,11,11|11,6,5,7,6",R16,GRAND_SLAM,MS,1757,Main Draw,SMIRNOV Alexey (RUS),WANG Zengyi (POL),,,1 - 4,11:7 6:11 5:11 7:11 6:11,SMIRNOV Alexey,2005
St. Petersburg Open 2005,2005-11-03,SAIVE Jean-Michel,BERTIN Christophe,BEL,FRA,4,0,"11,11,11,11|9,5,5,2",R16,GRAND_SLAM,MS,1757,Main Draw,SAIVE Jean-Michel (BEL),BERTIN Christophe (FRA),,,4 - 0,11:9 11:5 11:5 11:2,SAIVE Jean-Michel,2005
St. Petersburg Open 2005,2005-11-03,KREANGA Kalinikos,SVENSSON Robert,GRE,SWE,4,0,"11,11,11,14|6,6,7,12",R16,GRAND_SLAM,MS,1757,Main Draw,KREANGA Kalinikos (GRE),SVENSSON Robert (SWE),,,0 - 4,6:11 6:11 7:11 12:14,KREANGA Kalinikos,2005
St. Petersburg Open 2005,2005-11-03,PRIMORAC Zoran,GARDOS Robert,CRO,AUT,4,1,"11,11,8,11,11|7,9,11,3,7",QuarterFinal,GRAND_SLAM,MS,1757,Main Draw,PRIMORAC Zoran (CRO),GARDOS Robert (AUT),,,4 - 1,11:7 11:9 8:11 11:3 11:7,PRIMORAC Zoran,2005
St. Petersburg Open 2005,2005-11-03,CHILA Patrick,SMIRNOV Alexey,FRA,RUS,4,1,"6,13,11,12,11|11,11,5,10,9",QuarterFinal,GRAND_SLAM,MS,1757,Main Draw,CHILA Patrick (FRA),SMIRNOV Alexey (RUS),,,4 - 1,6:11 13:11 11:5 12:10 11:9,CHILA Patrick,2005
St. Petersburg Open 2005,2005-11-03,KREANGA Kalinikos,SAIVE Jean-Michel,GRE,BEL,4,1,"11,12,6,11,11|5,10,11,7,7",QuarterFinal,GRAND_SLAM,MS,1757,Main Draw,KREANGA Kalinikos (GRE),SAIVE Jean-Michel (BEL),,,1 - 4,5:11 10:12 11:6 7:11 7:11,KREANGA Kalinikos,2005
St. Petersburg Open 2005,2005-11-03,SAMSONOV Vladimir,PRIMORAC Zoran,BLR,CRO,4,1,"11,11,12,7,11|5,8,10,11,9",SemiFinal,GRAND_SLAM,MS,1757,Main Draw,SAMSONOV Vladimir (BLR),PRIMORAC Zoran (CRO),,,4 - 1,11:5 11:8 12:10 7:11 11:9,SAMSONOV Vladimir,2005
St. Petersburg Open 2005,2005-11-03,KREANGA Kalinikos,CHILA Patrick,GRE,FRA,4,0,"11,11,11,11|8,6,6,7",SemiFinal,GRAND_SLAM,MS,1757,Main Draw,KREANGA Kalinikos (GRE),CHILA Patrick (FRA),,,0 - 4,8:11 6:11 6:11 7:11,KREANGA Kalinikos,2005
St. Petersburg Open 2005,2005-11-03,SAMSONOV Vladimir,KREANGA Kalinikos,BLR,GRE,4,0,"11,12,11,11|5,10,9,6",Final,GRAND_SLAM,MS,1757,Main Draw,SAMSONOV Vladimir (BLR),KREANGA Kalinikos (GRE),,,4 - 0,11:5 12:10 11:9 11:6,SAMSONOV Vladimir,2005
St. Petersburg Open 2005,2005-11-03,ROHR Meike,MARKOVA Ekaterina,GER,RUS,4,3,"11,5,11,7,10,11,15|6,11,3,11,12,7,13",,GRAND_SLAM,WS,1757,Qualification,ROHR Meike (GER),MARKOVA Ekaterina (RUS),,,4 - 3,11:6 5:11 11:3 7:11 10:12 11:7 15:13,ROHR Meike,2005
St. Petersburg Open 2005,2005-11-03,ROHR Meike,TKACHOVA Tetyana,GER,UKR,4,1,"10,11,11,11,13|12,6,4,6,11",QR2,GRAND_SLAM,WS,1757,Qualification,ROHR Meike (GER),TKACHOVA Tetyana (UKR),,,4 - 1,10:12 11:6 11:4 11:6 13:11,ROHR Meike,2005
St. Petersburg Open 2005,2005-11-03,TKACHOVA Tetyana,MARKOVA Ekaterina,UKR,RUS,4,3,"6,11,11,11,8,10,11|11,5,2,4,11,12,3",3,GRAND_SLAM,WS,1757,Qualification,TKACHOVA Tetyana (UKR),MARKOVA Ekaterina (RUS),,,4 - 3,6:11 11:5 11:2 11:4 8:11 10:12 11:3,TKACHOVA Tetyana,2005
St. Petersburg Open 2005,2005-11-03,SHAVYRINA Marina,DAS Mouma,RUS,IND,4,1,"11,11,11,8,11|7,7,4,11,6",,GRAND_SLAM,WS,1757,Qualification,SHAVYRINA Marina (RUS),DAS Mouma (IND),,,1 - 4,7:11 7:11 4:11 11:8 6:11,SHAVYRINA Marina,2005
St. Petersburg Open 2005,2005-11-03,DAS Mouma,MISIKONYTE Lina,IND,LTU,4,3,"6,11,11,10,8,11,20|11,9,9,12,11,9,18",QR2,GRAND_SLAM,WS,1757,Qualification,DAS Mouma (IND),MISIKONYTE Lina (LTU),,,4 - 3,6:11 11:9 11:9 10:12 8:11 11:9 20:18,DAS Mouma,2005
St. Petersburg Open 2005,2005-11-03,MISIKONYTE Lina,SHAVYRINA Marina,LTU,RUS,4,1,"11,7,11,11,11|9,11,9,9,7",3,GRAND_SLAM,WS,1757,Qualification,MISIKONYTE Lina (LTU),SHAVYRINA Marina (RUS),,,4 - 1,11:9 7:11 11:9 11:9 11:7,MISIKONYTE Lina,2005
St. Petersburg Open 2005,2005-11-03,ROHR Gaby,PETZNER Martina,GER,AUT,4,3,"11,11,9,6,11,10,11|6,6,11,11,9,12,9",,GRAND_SLAM,WS,1757,Qualification,ROHR Gaby (GER),PETZNER Martina (AUT),,,4 - 3,11:6 11:6 9:11 6:11 11:9 10:12 11:9,ROHR Gaby,2005
St. Petersburg Open 2005,2005-11-03,ROHR Gaby,MIKHAYLOVA Olga,GER,RUS,4,0,"11,11,11,11|7,9,2,5",QR2,GRAND_SLAM,WS,1757,Qualification,ROHR Gaby (GER),MIKHAYLOVA Olga (RUS),,,4 - 0,11:7 11:9 11:2 11:5,ROHR Gaby,2005
St. Petersburg Open 2005,2005-11-03,MIKHAYLOVA Olga,PETZNER Martina,RUS,AUT,4,2,"4,11,8,11,11,11|11,6,11,6,9,9",3,GRAND_SLAM,WS,1757,Qualification,MIKHAYLOVA Olga (RUS),PETZNER Martina (AUT),,,4 - 2,4:11 11:6 8:11 11:6 11:9 11:9,MIKHAYLOVA Olga,2005
St. Petersburg Open 2005,2005-11-03,LI Bin,KOSTROMINA Tatyana (1973),HUN,BLR,4,0,"11,11,11,14|9,6,9,12",,GRAND_SLAM,WS,1757,Qualification,LI Bin (HUN),KOSTROMINA Tatyana (1973) (BLR),,,4 - 0,11:9 11:6 11:9 14:12,LI Bin,2005
St. Petersburg Open 2005,2005-11-03,LI Bin,KORNILOVA Alla,HUN,RUS,4,2,"9,12,11,5,12,11|11,10,7,11,10,4",QR2,GRAND_SLAM,WS,1757,Qualification,LI Bin (HUN),KORNILOVA Alla (RUS),,,4 - 2,9:11 12:10 11:7 5:11 12:10 11:4,LI Bin,2005
St. Petersburg Open 2005,2005-11-03,KORNILOVA Alla,KOSTROMINA Tatyana (1973),RUS,BLR,4,1,"12,11,12,8,11|10,4,10,11,4",3,GRAND_SLAM,WS,1757,Qualification,KORNILOVA Alla (RUS),KOSTROMINA Tatyana (1973) (BLR),,,4 - 1,12:10 11:4 12:10 8:11 11:4,KORNILOVA Alla,2005
St. Petersburg Open 2005,2005-11-03,PROKHOROVA Yulia,COULIBALY Dieniouma,RUS,FRA,4,2,"7,6,11,11,11,11|11,11,7,9,9,5",,GRAND_SLAM,WS,1757,Qualification,PROKHOROVA Yulia (RUS),COULIBALY Dieniouma (FRA),,,4 - 2,7:11 6:11 11:7 11:9 11:9 11:5,PROKHOROVA Yulia,2005
St. Petersburg Open 2005,2005-11-03,ISHIZUKA Miwako,PROKHOROVA Yulia,JPN,RUS,4,1,"11,11,11,11,11|4,5,7,13,8",QR2,GRAND_SLAM,WS,1757,Qualification,ISHIZUKA Miwako (JPN),PROKHOROVA Yulia (RUS),,,1 - 4,4:11 5:11 7:11 13:11 8:11,ISHIZUKA Miwako,2005
St. Petersburg Open 2005,2005-11-03,ISHIZUKA Miwako,COULIBALY Dieniouma,JPN,FRA,4,0,"11,11,12,11|4,8,10,8",3,GRAND_SLAM,WS,1757,Qualification,ISHIZUKA Miwako (JPN),COULIBALY Dieniouma (FRA),,,4 - 0,11:4 11:8 12:10 11:8,ISHIZUKA Miwako,2005
St. Petersburg Open 2005,2005-11-03,TIKHOMIROVA Anna,ABRAMOVA Natalia,RUS,RUS,4,1,"11,11,11,6,11|4,5,7,11,5",,GRAND_SLAM,WS,1757,Qualification,TIKHOMIROVA Anna (RUS),ABRAMOVA Natalia (RUS),,,4 - 1,11:4 11:5 11:7 6:11 11:5,TIKHOMIROVA Anna,2005
St. Petersburg Open 2005,2005-11-03,ONO Shiho,KUZMINA Elena,JPN,RUS,4,0,"11,11,11,11|6,4,2,5",,GRAND_SLAM,WS,1757,Qualification,ONO Shiho (JPN),KUZMINA Elena (RUS),,,4 - 0,11:6 11:4 11:2 11:5,ONO Shiho,2005
St. Petersburg Open 2005,2005-11-03,ONO Shiho,KIRITSA Liudmila,JPN,RUS,4,1,"11,11,11,9,11|5,9,6,11,5",QR2,GRAND_SLAM,WS,1757,Qualification,ONO Shiho (JPN),KIRITSA Liudmila (RUS),,,4 - 1,11:5 11:9 11:6 9:11 11:5,ONO Shiho,2005
St. Petersburg Open 2005,2005-11-03,KIRITSA Liudmila,KUZMINA Elena,RUS,RUS,4,2,"11,7,11,5,11,11|7,11,9,11,7,8",3,GRAND_SLAM,WS,1757,Qualification,KIRITSA Liudmila (RUS),KUZMINA Elena (RUS),,,4 - 2,11:7 7:11 11:9 5:11 11:7 11:8,KIRITSA Liudmila,2005
St. Petersburg Open 2005,2005-11-03,TERUI Moemi,ANDREEVA Liidia,JPN,EST,4,1,"11,11,10,12,11|4,5,12,10,8",,GRAND_SLAM,WS,1757,Qualification,TERUI Moemi (JPN),ANDREEVA Liidia (EST),,,4 - 1,11:4 11:5 10:12 12:10 11:8,TERUI Moemi,2005
St. Petersburg Open 2005,2005-11-03,TERUI Moemi,FETUKHINA Margarita,JPN,RUS,4,0,"11,12,11,12|5,10,3,10",QR2,GRAND_SLAM,WS,1757,Qualification,TERUI Moemi (JPN),FETUKHINA Margarita (RUS),,,4 - 0,11:5 12:10 11:3 12:10,TERUI Moemi,2005
St. Petersburg Open 2005,2005-11-03,FETUKHINA Margarita,ANDREEVA Liidia,RUS,EST,4,3,"11,9,9,6,11,11,11|7,11,11,11,7,6,9",3,GRAND_SLAM,WS,1757,Qualification,FETUKHINA Margarita (RUS),ANDREEVA Liidia (EST),,,4 - 3,11:7 9:11 9:11 6:11 11:7 11:6 11:9,FETUKHINA Margarita,2005
St. Petersburg Open 2005,2005-11-03,LOSOSOVSKAYA Olga,PRIVALOVA Alexandra,RUS,BLR,4,0,"11,11,11,11|9,3,3,5",,GRAND_SLAM,WS,1757,Qualification,LOSOSOVSKAYA Olga (RUS),PRIVALOVA Alexandra (BLR),,,4 - 0,11:9 11:3 11:3 11:5,LOSOSOVSKAYA Olga,2005
St. Petersburg Open 2005,2005-11-03,LOSOSOVSKAYA Olga,AMBRUS Timea,RUS,HUN,4,0,"11,11,12,11|5,4,10,6",QR2,GRAND_SLAM,WS,1757,Qualification,LOSOSOVSKAYA Olga (RUS),AMBRUS Timea (HUN),,,4 - 0,11:5 11:4 12:10 11:6,LOSOSOVSKAYA Olga,2005
St. Petersburg Open 2005,2005-11-03,AMBRUS Timea,PRIVALOVA Alexandra,HUN,BLR,4,0,"11,11,11,11|9,4,8,7",3,GRAND_SLAM,WS,1757,Qualification,AMBRUS Timea (HUN),PRIVALOVA Alexandra (BLR),,,4 - 0,11:9 11:4 11:8 11:7,AMBRUS Timea,2005
St. Petersburg Open 2005,2005-11-03,GHATAK Poulomi,SMIRNOVA Maria,IND,EST,4,1,"12,8,11,11,11|10,11,9,4,7",,GRAND_SLAM,WS,1757,Qualification,GHATAK Poulomi (IND),SMIRNOVA Maria (EST),,,4 - 1,12:10 8:11 11:9 11:4 11:7,GHATAK Poulomi,2005
St. Petersburg Open 2005,2005-11-03,GHATAK Poulomi,LEMESHEVSKAYA Valeriya,IND,RUS,4,1,"11,4,11,11,11|8,11,7,3,8",QR2,GRAND_SLAM,WS,1757,Qualification,GHATAK Poulomi (IND),LEMESHEVSKAYA Valeriya (RUS),,,4 - 1,11:8 4:11 11:7 11:3 11:8,GHATAK Poulomi,2005
St. Petersburg Open 2005,2005-11-03,LEMESHEVSKAYA Valeriya,SMIRNOVA Maria,RUS,EST,4,0,"11,11,11,12|7,4,0,10",3,GRAND_SLAM,WS,1757,Qualification,LEMESHEVSKAYA Valeriya (RUS),SMIRNOVA Maria (EST),,,4 - 0,11:7 11:4 11:0 12:10,LEMESHEVSKAYA Valeriya,2005
St. Petersburg Open 2005,2005-11-03,DOLGIKH Maria,KARAGODINA Inna,RUS,BLR,4,0,"11,11,11,11|7,3,8,4",,GRAND_SLAM,WS,1757,Qualification,DOLGIKH Maria (RUS),KARAGODINA Inna (BLR),,,4 - 0,11:7 11:3 11:8 11:4,DOLGIKH Maria,2005
St. Petersburg Open 2005,2005-11-03,DOLGIKH Maria,SAHA Nandita,RUS,IND,4,0,"11,11,13,11|4,6,11,5",QR2,GRAND_SLAM,WS,1757,Qualification,DOLGIKH Maria (RUS),SAHA Nandita (IND),,,4 - 0,11:4 11:6 13:11 11:5,DOLGIKH Maria,2005
St. Petersburg Open 2005,2005-11-03,SAHA Nandita,KARAGODINA Inna,IND,BLR,4,1,"11,8,11,11,11|4,11,5,6,6",3,GRAND_SLAM,WS,1757,Qualification,SAHA Nandita (IND),KARAGODINA Inna (BLR),,,4 - 1,11:4 8:11 11:5 11:6 11:6,SAHA Nandita,2005
St. Petersburg Open 2005,2005-11-03,KOTIKHINA Irina,BARTOSOVA Hana,RUS,CZE,4,1,"11,11,8,11,11|3,6,11,8,7",,GRAND_SLAM,WS,1757,Qualification,KOTIKHINA Irina (RUS),BARTOSOVA Hana (CZE),,,4 - 1,11:3 11:6 8:11 11:8 11:7,KOTIKHINA Irina,2005
St. Petersburg Open 2005,2005-11-03,KOTIKHINA Irina,CAHOREAU Nathalie,RUS,FRA,4,1,"11,15,12,11,11|7,13,14,3,8",QR2,GRAND_SLAM,WS,1757,Qualification,KOTIKHINA Irina (RUS),CAHOREAU Nathalie (FRA),,,4 - 1,11:7 15:13 12:14 11:3 11:8,KOTIKHINA Irina,2005
St. Petersburg Open 2005,2005-11-03,CAHOREAU Nathalie,BARTOSOVA Hana,FRA,CZE,4,2,"11,11,11,8,4,11|8,6,8,11,11,5",3,GRAND_SLAM,WS,1757,Qualification,CAHOREAU Nathalie (FRA),BARTOSOVA Hana (CZE),,,4 - 2,11:8 11:6 11:8 8:11 4:11 11:5,CAHOREAU Nathalie,2005
St. Petersburg Open 2005,2005-11-03,VORONOVA Anastasia,ISAEVA Anna,RUS,RUS,4,3,"11,11,8,9,11,9,11|9,8,11,11,6,11,5",,GRAND_SLAM,WS,1757,Qualification,VORONOVA Anastasia (RUS),ISAEVA Anna (RUS),,,4 - 3,11:9 11:8 8:11 9:11 11:6 9:11 11:5,VORONOVA Anastasia,2005
St. Petersburg Open 2005,2005-11-03,PARTYKA Natalia,VORONOVA Anastasia,POL,RUS,4,3,"16,7,12,11,4,12,11|14,11,10,8,11,14,7",QR2,GRAND_SLAM,WS,1757,Qualification,PARTYKA Natalia (POL),VORONOVA Anastasia (RUS),,,3 - 4,14:16 11:7 10:12 8:11 11:4 14:12 7:11,PARTYKA Natalia,2005
St. Petersburg Open 2005,2005-11-03,PARTYKA Natalia,ISAEVA Anna,POL,RUS,4,1,"11,7,11,11,11|8,11,5,7,9",3,GRAND_SLAM,WS,1757,Qualification,PARTYKA Natalia (POL),ISAEVA Anna (RUS),,,4 - 1,11:8 7:11 11:5 11:7 11:9,PARTYKA Natalia,2005
St. Petersburg Open 2005,2005-11-03,MIKHAILOVA Tatiana,PETUKHOVA Evgeniya,RUS,RUS,4,3,"7,11,6,9,11,11,11|11,6,11,11,9,3,8",,GRAND_SLAM,WS,1757,Qualification,MIKHAILOVA Tatiana (RUS),PETUKHOVA Evgeniya (RUS),,,3 - 4,11:7 6:11 11:6 11:9 9:11 3:11 8:11,MIKHAILOVA Tatiana,2005
St. Petersburg Open 2005,2005-11-03,PERGEL Szandra,PETUKHOVA Evgeniya,HUN,RUS,4,2,"11,9,11,11,10,11|4,11,8,7,12,8",QR2,GRAND_SLAM,WS,1757,Qualification,PERGEL Szandra (HUN),PETUKHOVA Evgeniya (RUS),,,2 - 4,4:11 11:9 8:11 7:11 12:10 8:11,PERGEL Szandra,2005
St. Petersburg Open 2005,2005-11-03,PERGEL Szandra,MIKHAILOVA Tatiana,HUN,RUS,4,3,"9,11,15,9,11,6,11|11,8,13,11,9,11,8",3,GRAND_SLAM,WS,1757,Qualification,PERGEL Szandra (HUN),MIKHAILOVA Tatiana (RUS),,,4 - 3,9:11 11:8 15:13 9:11 11:9 6:11 11:8,PERGEL Szandra,2005
St. Petersburg Open 2005,2005-11-03,TIMINA Elena,HARABASZOVA Lenka,NED,CZE,4,1,"7,11,11,11,11|11,8,9,7,4",,GRAND_SLAM,WS,1757,Qualification,TIMINA Elena (NED),HARABASZOVA Lenka (CZE),,,1 - 4,11:7 8:11 9:11 7:11 4:11,TIMINA Elena,2005
St. Petersburg Open 2005,2005-11-03,MIKHAILOVA Polina,HARABASZOVA Lenka,RUS,CZE,4,3,"7,6,11,7,14,11,12|11,11,4,11,12,9,10",QR2,GRAND_SLAM,WS,1757,Qualification,MIKHAILOVA Polina (RUS),HARABASZOVA Lenka (CZE),,,3 - 4,11:7 11:6 4:11 11:7 12:14 9:11 10:12,MIKHAILOVA Polina,2005
St. Petersburg Open 2005,2005-11-03,TIMINA Elena,MIKHAILOVA Polina,NED,RUS,4,1,"11,11,5,11,11|9,5,11,6,3",3,GRAND_SLAM,WS,1757,Qualification,TIMINA Elena (NED),MIKHAILOVA Polina (RUS),,,1 - 4,9:11 5:11 11:5 6:11 3:11,TIMINA Elena,2005
St. Petersburg Open 2005,2005-11-03,POTA Georgina,LEMESHEVSKAYA Valeriya,HUN,RUS,4,0,"11,11,12,11|9,6,10,7",R32,GRAND_SLAM,U21WS,1757,Main Draw,POTA Georgina (HUN),LEMESHEVSKAYA Valeriya (RUS),,,4 - 0,11:9 11:6 12:10 11:7,POTA Georgina,2005
St. Petersburg Open 2005,2005-11-03,ONO Shiho,VORONOVA Anastasia,JPN,RUS,4,2,"11,11,9,11,8,11|9,7,11,6,11,8",R32,GRAND_SLAM,U21WS,1757,Main Draw,ONO Shiho (JPN),VORONOVA Anastasia (RUS),,,2 - 4,9:11 7:11 11:9 6:11 11:8 8:11,ONO Shiho,2005
St. Petersburg Open 2005,2005-11-03,LI Bin,SHAVYRINA Marina,HUN,RUS,4,0,"11,11,11,11|3,9,5,3",R32,GRAND_SLAM,U21WS,1757,Main Draw,LI Bin (HUN),SHAVYRINA Marina (RUS),,,4 - 0,11:3 11:9 11:5 11:3,LI Bin,2005
St. Petersburg Open 2005,2005-11-03,GRUNDISCH Carole,KUZMINA Elena,FRA,RUS,4,0,"13,11,11,11|11,7,5,3",R32,GRAND_SLAM,U21WS,1757,Main Draw,GRUNDISCH Carole (FRA),KUZMINA Elena (RUS),,,0 - 4,11:13 7:11 5:11 3:11,GRUNDISCH Carole,2005
St. Petersburg Open 2005,2005-11-03,HEINE Veronika,NAZARIAN Kristina,AUT,RUS,4,1,"11,11,0,11,11|6,5,11,8,6",R32,GRAND_SLAM,U21WS,1757,Main Draw,HEINE Veronika (AUT),NAZARIAN Kristina (RUS),,,4 - 1,11:6 11:5 0:11 11:8 11:6,HEINE Veronika,2005
St. Petersburg Open 2005,2005-11-03,ROHR Gaby,DOLGIKH Maria,GER,RUS,4,1,"9,12,11,11,11|11,10,6,5,5",R32,GRAND_SLAM,U21WS,1757,Main Draw,ROHR Gaby (GER),DOLGIKH Maria (RUS),,,1 - 4,11:9 10:12 6:11 5:11 5:11,ROHR Gaby,2005
St. Petersburg Open 2005,2005-11-03,HARABASZOVA Lenka,ROHR Meike,CZE,GER,4,0,"11,11,11,11|4,7,9,6",R32,GRAND_SLAM,U21WS,1757,Main Draw,HARABASZOVA Lenka (CZE),ROHR Meike (GER),,,0 - 4,4:11 7:11 9:11 6:11,HARABASZOVA Lenka,2005
St. Petersburg Open 2005,2005-11-03,ISHIGAKI Yuka,MIKHAILOVA Polina,JPN,RUS,4,2,"10,11,11,9,11,13|12,5,9,11,5,11",R32,GRAND_SLAM,U21WS,1757,Main Draw,ISHIGAKI Yuka (JPN),MIKHAILOVA Polina (RUS),,,2 - 4,12:10 5:11 9:11 11:9 5:11 11:13,ISHIGAKI Yuka,2005
St. Petersburg Open 2005,2005-11-03,VACENOVSKA Iveta,FETUKHINA Margarita,CZE,RUS,4,0,"11,11,11,11|9,4,5,9",R32,GRAND_SLAM,U21WS,1757,Main Draw,VACENOVSKA Iveta (CZE),FETUKHINA Margarita (RUS),,,4 - 0,11:9 11:4 11:5 11:9,VACENOVSKA Iveta,2005
St. Petersburg Open 2005,2005-11-03,TIKHOMIROVA Anna,PARTYKA Natalia,RUS,POL,4,2,"11,11,11,8,11,11|9,13,6,11,6,5",R32,GRAND_SLAM,U21WS,1757,Main Draw,TIKHOMIROVA Anna (RUS),PARTYKA Natalia (POL),,,2 - 4,9:11 13:11 6:11 11:8 6:11 5:11,TIKHOMIROVA Anna,2005
St. Petersburg Open 2005,2005-11-03,PROKHOROVA Yulia,SAHA Nandita,RUS,IND,4,3,"12,11,11,6,14,6,11|10,2,6,11,16,11,6",R32,GRAND_SLAM,U21WS,1757,Main Draw,PROKHOROVA Yulia (RUS),SAHA Nandita (IND),,,4 - 3,12:10 11:2 11:6 6:11 14:16 6:11 11:6,PROKHOROVA Yulia,2005
St. Petersburg Open 2005,2005-11-03,ERDELJI Anamaria,CAHOREAU Nathalie,SRB,FRA,4,2,"11,9,11,11,9,11|4,11,7,3,11,8",R32,GRAND_SLAM,U21WS,1757,Main Draw,ERDELJI Anamaria (SRB),CAHOREAU Nathalie (FRA),,,2 - 4,4:11 11:9 7:11 3:11 11:9 8:11,ERDELJI Anamaria,2005
St. Petersburg Open 2005,2005-11-03,PERGEL Szandra,CICHOCKA Magdalena,HUN,POL,4,1,"11,11,9,11,11|4,7,11,2,1",R32,GRAND_SLAM,U21WS,1757,Main Draw,PERGEL Szandra (HUN),CICHOCKA Magdalena (POL),,,1 - 4,4:11 7:11 11:9 2:11 1:11,PERGEL Szandra,2005
St. Petersburg Open 2005,2005-11-03,NECULA Iulia,TERUI Moemi,ROU,JPN,4,2,"10,11,11,10,11,11|12,2,9,12,6,4",R32,GRAND_SLAM,U21WS,1757,Main Draw,NECULA Iulia (ROU),TERUI Moemi (JPN),,,2 - 4,12:10 2:11 9:11 12:10 6:11 4:11,NECULA Iulia,2005
St. Petersburg Open 2005,2005-11-03,LI Qiangbing,PETUKHOVA Evgeniya,AUT,RUS,4,0,"11,11,11,13|5,9,2,11",R32,GRAND_SLAM,U21WS,1757,Main Draw,LI Qiangbing (AUT),PETUKHOVA Evgeniya (RUS),,,0 - 4,5:11 9:11 2:11 11:13,LI Qiangbing,2005
St. Petersburg Open 2005,2005-11-03,POTA Georgina,ONO Shiho,HUN,JPN,4,0,"11,17,11,11|8,15,4,6",R16,GRAND_SLAM,U21WS,1757,Main Draw,POTA Georgina (HUN),ONO Shiho (JPN),,,4 - 0,11:8 17:15 11:4 11:6,POTA Georgina,2005
St. Petersburg Open 2005,2005-11-03,GRUNDISCH Carole,LI Bin,FRA,HUN,4,2,"7,13,11,11,11,11|11,15,5,6,2,7",R16,GRAND_SLAM,U21WS,1757,Main Draw,GRUNDISCH Carole (FRA),LI Bin (HUN),,,2 - 4,11:7 15:13 5:11 6:11 2:11 7:11,GRUNDISCH Carole,2005
St. Petersburg Open 2005,2005-11-03,HEINE Veronika,ROHR Gaby,AUT,GER,4,2,"5,11,5,11,11,11|11,6,11,8,9,9",R16,GRAND_SLAM,U21WS,1757,Main Draw,HEINE Veronika (AUT),ROHR Gaby (GER),,,4 - 2,5:11 11:6 5:11 11:8 11:9 11:9,HEINE Veronika,2005
St. Petersburg Open 2005,2005-11-03,ISHIGAKI Yuka,HARABASZOVA Lenka,JPN,CZE,4,1,"11,5,11,11,11|4,11,6,7,9",R16,GRAND_SLAM,U21WS,1757,Main Draw,ISHIGAKI Yuka (JPN),HARABASZOVA Lenka (CZE),,,1 - 4,4:11 11:5 6:11 7:11 9:11,ISHIGAKI Yuka,2005
St. Petersburg Open 2005,2005-11-03,VACENOVSKA Iveta,TIKHOMIROVA Anna,CZE,RUS,4,1,"11,5,11,11,11|6,11,5,7,4",R16,GRAND_SLAM,U21WS,1757,Main Draw,VACENOVSKA Iveta (CZE),TIKHOMIROVA Anna (RUS),,,4 - 1,11:6 5:11 11:5 11:7 11:4,VACENOVSKA Iveta,2005
St. Petersburg Open 2005,2005-11-03,PROKHOROVA Yulia,ERDELJI Anamaria,RUS,SRB,4,2,"5,13,11,2,11,11|11,11,7,11,8,3",R16,GRAND_SLAM,U21WS,1757,Main Draw,PROKHOROVA Yulia (RUS),ERDELJI Anamaria (SRB),,,4 - 2,5:11 13:11 11:7 2:11 11:8 11:3,PROKHOROVA Yulia,2005
St. Petersburg Open 2005,2005-11-03,NECULA Iulia,PERGEL Szandra,ROU,HUN,4,1,"7,11,11,11,11|11,7,5,9,5",R16,GRAND_SLAM,U21WS,1757,Main Draw,NECULA Iulia (ROU),PERGEL Szandra (HUN),,,1 - 4,11:7 7:11 5:11 9:11 5:11,NECULA Iulia,2005
St. Petersburg Open 2005,2005-11-03,LI Qiangbing,ISHIZUKA Miwako,AUT,JPN,4,0,"11,11,11,11|6,3,5,4",R16,GRAND_SLAM,U21WS,1757,Main Draw,LI Qiangbing (AUT),ISHIZUKA Miwako (JPN),,,0 - 4,6:11 3:11 5:11 4:11,LI Qiangbing,2005
St. Petersburg Open 2005,2005-11-03,GRUNDISCH Carole,POTA Georgina,FRA,HUN,4,3,"11,11,8,10,11,10,11|7,4,11,12,6,12,9",QuarterFinal,GRAND_SLAM,U21WS,1757,Main Draw,GRUNDISCH Carole (FRA),POTA Georgina (HUN),,,3 - 4,7:11 4:11 11:8 12:10 6:11 12:10 9:11,GRUNDISCH Carole,2005
St. Petersburg Open 2005,2005-11-03,ISHIGAKI Yuka,HEINE Veronika,JPN,AUT,4,1,"11,10,12,17,11|8,12,10,15,5",QuarterFinal,GRAND_SLAM,U21WS,1757,Main Draw,ISHIGAKI Yuka (JPN),HEINE Veronika (AUT),,,1 - 4,8:11 12:10 10:12 15:17 5:11,ISHIGAKI Yuka,2005
St. Petersburg Open 2005,2005-11-03,VACENOVSKA Iveta,PROKHOROVA Yulia,CZE,RUS,4,2,"11,11,11,7,9,11|0,5,9,11,11,5",QuarterFinal,GRAND_SLAM,U21WS,1757,Main Draw,VACENOVSKA Iveta (CZE),PROKHOROVA Yulia (RUS),,,4 - 2,11:0 11:5 11:9 7:11 9:11 11:5,VACENOVSKA Iveta,2005
St. Petersburg Open 2005,2005-11-03,LI Qiangbing,NECULA Iulia,AUT,ROU,4,0,"12,12,11,11|10,10,3,7",QuarterFinal,GRAND_SLAM,U21WS,1757,Main Draw,LI Qiangbing (AUT),NECULA Iulia (ROU),,,0 - 4,10:12 10:12 3:11 7:11,LI Qiangbing,2005
St. Petersburg Open 2005,2005-11-03,GRUNDISCH Carole,ISHIGAKI Yuka,FRA,JPN,4,1,"11,11,8,11,15|6,8,11,7,13",SemiFinal,GRAND_SLAM,U21WS,1757,Main Draw,GRUNDISCH Carole (FRA),ISHIGAKI Yuka (JPN),,,4 - 1,11:6 11:8 8:11 11:7 15:13,GRUNDISCH Carole,2005
St. Petersburg Open 2005,2005-11-03,LI Qiangbing,VACENOVSKA Iveta,AUT,CZE,4,3,"7,11,11,7,6,11,11|11,9,9,11,11,7,9",SemiFinal,GRAND_SLAM,U21WS,1757,Main Draw,LI Qiangbing (AUT),VACENOVSKA Iveta (CZE),,,3 - 4,11:7 9:11 9:11 11:7 11:6 7:11 9:11,LI Qiangbing,2005
St. Petersburg Open 2005,2005-11-03,LI Qiangbing,GRUNDISCH Carole,AUT,FRA,4,1,"11,11,9,12,12|3,8,11,10,10",Final,GRAND_SLAM,U21WS,1757,Main Draw,LI Qiangbing (AUT),GRUNDISCH Carole (FRA),,,1 - 4,3:11 8:11 11:9 10:12 10:12,LI Qiangbing,2005
St. Petersburg Open 2005,2005-11-03,PAVLOVICH Viktoria,HARABASZOVA Lenka,BLR,CZE,4,0,"11,11,11,13|5,8,7,11",R64,GRAND_SLAM,WS,1757,Main Draw,PAVLOVICH Viktoria (BLR),HARABASZOVA Lenka (CZE),,,4 - 0,11:5 11:8 11:7 13:11,PAVLOVICH Viktoria,2005
St. Petersburg Open 2005,2005-11-03,ROHR Gaby,KREKINA Svetlana,GER,RUS,4,3,"4,11,4,11,11,6,12|11,6,11,7,8,11,10",R64,GRAND_SLAM,WS,1757,Main Draw,ROHR Gaby (GER),KREKINA Svetlana (RUS),,,4 - 3,4:11 11:6 4:11 11:7 11:8 6:11 12:10,ROHR Gaby,2005
St. Petersburg Open 2005,2005-11-03,PERGEL Szandra,GOURIN Anne-Sophie,HUN,FRA,4,1,"12,9,12,11,11|10,11,10,8,6",R64,GRAND_SLAM,WS,1757,Main Draw,PERGEL Szandra (HUN),GOURIN Anne-Sophie (FRA),,,1 - 4,10:12 11:9 10:12 8:11 6:11,PERGEL Szandra,2005
St. Petersburg Open 2005,2005-11-03,ODOROVA Eva,MIKHAILOVA Polina,SVK,RUS,4,3,"10,4,9,11,13,11,11|12,11,11,5,11,8,6",R64,GRAND_SLAM,WS,1757,Main Draw,ODOROVA Eva (SVK),MIKHAILOVA Polina (RUS),,,3 - 4,12:10 11:4 11:9 5:11 11:13 8:11 6:11,ODOROVA Eva,2005
St. Petersburg Open 2005,2005-11-03,FADEEVA Oxana,TKACHOVA Tetyana,RUS,UKR,4,0,"11,11,11,11|9,9,7,6",R64,GRAND_SLAM,WS,1757,Main Draw,FADEEVA Oxana (RUS),TKACHOVA Tetyana (UKR),,,4 - 0,11:9 11:9 11:7 11:6,FADEEVA Oxana,2005
St. Petersburg Open 2005,2005-11-03,XIAN Yifang,ISHIZUKA Miwako,FRA,JPN,4,1,"10,17,11,11,11|12,15,7,5,5",R64,GRAND_SLAM,WS,1757,Main Draw,XIAN Yifang (FRA),ISHIZUKA Miwako (JPN),,,1 - 4,12:10 15:17 7:11 5:11 5:11,XIAN Yifang,2005
St. Petersburg Open 2005,2005-11-03,ONO Shiho,IVANCAN Irene,JPN,GER,4,1,"11,11,12,11,12|13,9,10,6,10",R64,GRAND_SLAM,WS,1757,Main Draw,ONO Shiho (JPN),IVANCAN Irene (GER),,,1 - 4,13:11 9:11 10:12 6:11 10:12,ONO Shiho,2005
St. Petersburg Open 2005,2005-11-03,POTA Georgina,FETUKHINA Margarita,HUN,RUS,4,0,"11,11,11,11|7,6,5,9",R64,GRAND_SLAM,WS,1757,Main Draw,POTA Georgina (HUN),FETUKHINA Margarita (RUS),,,0 - 4,7:11 6:11 5:11 9:11,POTA Georgina,2005
St. Petersburg Open 2005,2005-11-03,XU Jie (1982),MIKHAILOVA Tatiana,POL,RUS,4,0,"11,11,11,12|8,1,7,10",R64,GRAND_SLAM,WS,1757,Main Draw,XU Jie (1982) (POL),MIKHAILOVA Tatiana (RUS),,,4 - 0,11:8 11:1 11:7 12:10,XU Jie (1982),2005
St. Petersburg Open 2005,2005-11-03,LOVAS Petra,TIMINA Elena,HUN,NED,4,1,"12,13,11,14,11|10,15,8,12,9",R64,GRAND_SLAM,WS,1757,Main Draw,LOVAS Petra (HUN),TIMINA Elena (NED),,,1 - 4,10:12 15:13 8:11 12:14 9:11,LOVAS Petra,2005
St. Petersburg Open 2005,2005-11-03,STRBIKOVA Renata,PROKHOROVA Yulia,CZE,RUS,4,1,"11,7,11,11,11|5,11,9,6,8",R64,GRAND_SLAM,WS,1757,Main Draw,STRBIKOVA Renata (CZE),PROKHOROVA Yulia (RUS),,,1 - 4,5:11 11:7 9:11 6:11 8:11,STRBIKOVA Renata,2005
St. Petersburg Open 2005,2005-11-03,VACENOVSKA Iveta,VORONOVA Anastasia,CZE,RUS,4,0,"11,11,14,11|7,7,12,5",R64,GRAND_SLAM,WS,1757,Main Draw,VACENOVSKA Iveta (CZE),VORONOVA Anastasia (RUS),,,4 - 0,11:7 11:7 14:12 11:5,VACENOVSKA Iveta,2005
St. Petersburg Open 2005,2005-11-03,MISIKONYTE Lina,NECULA Iulia,LTU,ROU,4,2,"11,9,11,7,11,11|7,11,7,11,8,6",R64,GRAND_SLAM,WS,1757,Main Draw,MISIKONYTE Lina (LTU),NECULA Iulia (ROU),,,4 - 2,11:7 9:11 11:7 7:11 11:8 11:6,MISIKONYTE Lina,2005
St. Petersburg Open 2005,2005-11-03,LI Bin,HEINE Veronika,HUN,AUT,4,2,"6,11,11,7,11,11|11,4,7,11,8,6",R64,GRAND_SLAM,WS,1757,Main Draw,LI Bin (HUN),HEINE Veronika (AUT),,,2 - 4,11:6 4:11 7:11 11:7 8:11 6:11,LI Bin,2005
St. Petersburg Open 2005,2005-11-03,TOTH Krisztina,KIRITSA Liudmila,HUN,RUS,4,1,"11,11,11,6,11|2,4,9,11,8",R64,GRAND_SLAM,WS,1757,Main Draw,TOTH Krisztina (HUN),KIRITSA Liudmila (RUS),,,1 - 4,2:11 4:11 9:11 11:6 8:11,TOTH Krisztina,2005
St. Petersburg Open 2005,2005-11-03,SCHALL Elke,LEMESHEVSKAYA Valeriya,GER,RUS,4,1,"8,11,11,11,11|11,7,5,4,1",R64,GRAND_SLAM,WS,1757,Main Draw,SCHALL Elke (GER),LEMESHEVSKAYA Valeriya (RUS),,,4 - 1,8:11 11:7 11:5 11:4 11:1,SCHALL Elke,2005
St. Petersburg Open 2005,2005-11-03,PARTYKA Natalia,MOLNAR Zita,POL,HUN,4,3,"11,11,6,11,6,7,11|5,5,11,8,11,11,7",R64,GRAND_SLAM,WS,1757,Main Draw,PARTYKA Natalia (POL),MOLNAR Zita (HUN),,,4 - 3,11:5 11:5 6:11 11:8 6:11 7:11 11:7,PARTYKA Natalia,2005
St. Petersburg Open 2005,2005-11-03,GRUNDISCH Carole,GHATAK Poulomi,FRA,IND,4,0,"11,11,11,11|8,9,9,4",R64,GRAND_SLAM,WS,1757,Main Draw,GRUNDISCH Carole (FRA),GHATAK Poulomi (IND),,,4 - 0,11:8 11:9 11:9 11:4,GRUNDISCH Carole,2005
St. Petersburg Open 2005,2005-11-03,PAVLOVICH Veronika,SHAVYRINA Marina,BLR,RUS,4,2,"11,9,11,9,11,11|7,11,4,11,6,6",R64,GRAND_SLAM,WS,1757,Main Draw,PAVLOVICH Veronika (BLR),SHAVYRINA Marina (RUS),,,2 - 4,7:11 11:9 4:11 11:9 6:11 6:11,PAVLOVICH Veronika,2005
St. Petersburg Open 2005,2005-11-03,LI Qiangbing,ABRAMOVA Natalia,AUT,RUS,4,0,"11,11,11,12|4,8,7,10",R64,GRAND_SLAM,WS,1757,Main Draw,LI Qiangbing (AUT),ABRAMOVA Natalia (RUS),,,4 - 0,11:4 11:8 11:7 12:10,LI Qiangbing,2005
St. Petersburg Open 2005,2005-11-03,KERTAI Rita,LOSOSOVSKAYA Olga,HUN,RUS,4,1,"11,14,11,4,11|6,12,6,11,6",R64,GRAND_SLAM,WS,1757,Main Draw,KERTAI Rita (HUN),LOSOSOVSKAYA Olga (RUS),,,1 - 4,6:11 12:14 6:11 11:4 6:11,KERTAI Rita,2005
St. Petersburg Open 2005,2005-11-03,ROBERTSON Laura,TIKHOMIROVA Anna,GER,RUS,4,0,"11,11,11,11|8,2,5,9",R64,GRAND_SLAM,WS,1757,Main Draw,ROBERTSON Laura (GER),TIKHOMIROVA Anna (RUS),,,4 - 0,11:8 11:2 11:5 11:9,ROBERTSON Laura,2005
St. Petersburg Open 2005,2005-11-03,CAHOREAU Nathalie,GANINA Svetlana,FRA,RUS,4,3,"11,5,7,11,11,9,11|5,11,11,8,3,11,5",R64,GRAND_SLAM,WS,1757,Main Draw,CAHOREAU Nathalie (FRA),GANINA Svetlana (RUS),,,4 - 3,11:5 5:11 7:11 11:8 11:3 9:11 11:5,CAHOREAU Nathalie,2005
St. Petersburg Open 2005,2005-11-03,LANG Kristin,SAHA Nandita,GER,IND,4,1,"15,11,11,11,11|17,8,1,8,6",R64,GRAND_SLAM,WS,1757,Main Draw,LANG Kristin (GER),SAHA Nandita (IND),,,4 - 1,15:17 11:8 11:1 11:8 11:6,LANG Kristin,2005
St. Petersburg Open 2005,2005-11-03,KULAGINA Tatjana,ROHR Meike,RUS,GER,4,3,"11,6,5,11,6,11,11|9,11,11,9,11,9,3",R64,GRAND_SLAM,WS,1757,Main Draw,KULAGINA Tatjana (RUS),ROHR Meike (GER),,,3 - 4,9:11 11:6 11:5 9:11 11:6 9:11 3:11,KULAGINA Tatjana,2005
St. Petersburg Open 2005,2005-11-03,TERUI Moemi,CICHOCKA Magdalena,JPN,POL,4,0,"11,11,11,11|8,5,9,9",R64,GRAND_SLAM,WS,1757,Main Draw,TERUI Moemi (JPN),CICHOCKA Magdalena (POL),,,0 - 4,8:11 5:11 9:11 9:11,TERUI Moemi,2005
St. Petersburg Open 2005,2005-11-03,PASKAUSKIENE Ruta,MIKHAYLOVA Olga,LTU,RUS,4,1,"11,11,3,11,11|4,6,11,6,5",R64,GRAND_SLAM,WS,1757,Main Draw,PASKAUSKIENE Ruta (LTU),MIKHAYLOVA Olga (RUS),,,1 - 4,4:11 6:11 11:3 6:11 5:11,PASKAUSKIENE Ruta,2005
St. Petersburg Open 2005,2005-11-03,PALINA Irina,AMBRUS Timea,RUS,HUN,4,0,"11,12,11,11|5,10,5,8",R64,GRAND_SLAM,WS,1757,Main Draw,PALINA Irina (RUS),AMBRUS Timea (HUN),,,4 - 0,11:5 12:10 11:5 11:8,PALINA Irina,2005
St. Petersburg Open 2005,2005-11-03,DOLGIKH Maria,ISHIGAKI Yuka,RUS,JPN,4,0,"11,11,11,11|3,2,5,1",R64,GRAND_SLAM,WS,1757,Main Draw,DOLGIKH Maria (RUS),ISHIGAKI Yuka (JPN),,,4 - 0,11:3 11:2 11:5 11:1,DOLGIKH Maria,2005
St. Petersburg Open 2005,2005-11-03,KOTIKHINA Irina,ERDELJI Anamaria,RUS,SRB,4,1,"11,9,15,11,11|9,11,13,8,9",R64,GRAND_SLAM,WS,1757,Main Draw,KOTIKHINA Irina (RUS),ERDELJI Anamaria (SRB),,,1 - 4,9:11 11:9 13:15 8:11 9:11,KOTIKHINA Irina,2005
St. Petersburg Open 2005,2005-11-03,LIU Jia,KOSTROMINA Tatyana (1973),AUT,BLR,4,0,"11,11,11,11|6,5,8,5",R64,GRAND_SLAM,WS,1757,Main Draw,LIU Jia (AUT),KOSTROMINA Tatyana (1973) (BLR),,,0 - 4,6:11 5:11 8:11 5:11,LIU Jia,2005
St. Petersburg Open 2005,2005-11-03,PAVLOVICH Viktoria,ROHR Gaby,BLR,GER,4,1,"11,11,11,9,12|7,8,9,11,10",R32,GRAND_SLAM,WS,1757,Main Draw,PAVLOVICH Viktoria (BLR),ROHR Gaby (GER),,,4 - 1,11:7 11:8 11:9 9:11 12:10,PAVLOVICH Viktoria,2005
St. Petersburg Open 2005,2005-11-03,ODOROVA Eva,PERGEL Szandra,SVK,HUN,4,0,"11,11,11,11|4,7,6,6",R32,GRAND_SLAM,WS,1757,Main Draw,ODOROVA Eva (SVK),PERGEL Szandra (HUN),,,0 - 4,4:11 7:11 6:11 6:11,ODOROVA Eva,2005
St. Petersburg Open 2005,2005-11-03,FADEEVA Oxana,XIAN Yifang,RUS,FRA,4,1,"11,12,11,8,11|7,10,6,11,3",R32,GRAND_SLAM,WS,1757,Main Draw,FADEEVA Oxana (RUS),XIAN Yifang (FRA),,,4 - 1,11:7 12:10 11:6 8:11 11:3,FADEEVA Oxana,2005
St. Petersburg Open 2005,2005-11-03,ONO Shiho,POTA Georgina,JPN,HUN,4,1,"11,8,11,11,11|5,11,8,6,6",R32,GRAND_SLAM,WS,1757,Main Draw,ONO Shiho (JPN),POTA Georgina (HUN),,,4 - 1,11:5 8:11 11:8 11:6 11:6,ONO Shiho,2005
St. Petersburg Open 2005,2005-11-03,LOVAS Petra,XU Jie (1982),HUN,POL,4,3,"11,13,7,11,8,5,11|8,11,11,9,11,11,8",R32,GRAND_SLAM,WS,1757,Main Draw,LOVAS Petra (HUN),XU Jie (1982) (POL),,,3 - 4,8:11 11:13 11:7 9:11 11:8 11:5 8:11,LOVAS Petra,2005
St. Petersburg Open 2005,2005-11-03,STRBIKOVA Renata,KORNILOVA Alla,CZE,RUS,4,2,"13,11,12,11,11,11|15,4,14,9,8,6",R32,GRAND_SLAM,WS,1757,Main Draw,STRBIKOVA Renata (CZE),KORNILOVA Alla (RUS),,,2 - 4,15:13 4:11 14:12 9:11 8:11 6:11,STRBIKOVA Renata,2005
St. Petersburg Open 2005,2005-11-03,VACENOVSKA Iveta,MISIKONYTE Lina,CZE,LTU,4,2,"9,11,9,11,13,11|11,6,11,6,11,8",R32,GRAND_SLAM,WS,1757,Main Draw,VACENOVSKA Iveta (CZE),MISIKONYTE Lina (LTU),,,4 - 2,9:11 11:6 9:11 11:6 13:11 11:8,VACENOVSKA Iveta,2005
St. Petersburg Open 2005,2005-11-03,TOTH Krisztina,LI Bin,HUN,HUN,4,2,"11,11,3,11,11,11|13,7,11,4,6,4",R32,GRAND_SLAM,WS,1757,Main Draw,TOTH Krisztina (HUN),LI Bin (HUN),,,2 - 4,13:11 7:11 11:3 4:11 6:11 4:11,TOTH Krisztina,2005
St. Petersburg Open 2005,2005-11-03,SCHALL Elke,PARTYKA Natalia,GER,POL,4,1,"8,14,11,11,11|11,12,5,1,8",R32,GRAND_SLAM,WS,1757,Main Draw,SCHALL Elke (GER),PARTYKA Natalia (POL),,,4 - 1,8:11 14:12 11:5 11:1 11:8,SCHALL Elke,2005
St. Petersburg Open 2005,2005-11-03,PAVLOVICH Veronika,GRUNDISCH Carole,BLR,FRA,4,0,"11,13,11,11|9,11,1,6",R32,GRAND_SLAM,WS,1757,Main Draw,PAVLOVICH Veronika (BLR),GRUNDISCH Carole (FRA),,,0 - 4,9:11 11:13 1:11 6:11,PAVLOVICH Veronika,2005
St. Petersburg Open 2005,2005-11-03,LI Qiangbing,KERTAI Rita,AUT,HUN,4,2,"9,12,11,11,11,11|11,14,3,4,5,5",R32,GRAND_SLAM,WS,1757,Main Draw,LI Qiangbing (AUT),KERTAI Rita (HUN),,,4 - 2,9:11 12:14 11:3 11:4 11:5 11:5,LI Qiangbing,2005
St. Petersburg Open 2005,2005-11-03,ROBERTSON Laura,CAHOREAU Nathalie,GER,FRA,4,0,"11,11,11,13|7,8,8,11",R32,GRAND_SLAM,WS,1757,Main Draw,ROBERTSON Laura (GER),CAHOREAU Nathalie (FRA),,,4 - 0,11:7 11:8 11:8 13:11,ROBERTSON Laura,2005
St. Petersburg Open 2005,2005-11-03,KULAGINA Tatjana,LANG Kristin,RUS,GER,4,3,"8,11,11,11,11,9,11|11,13,7,7,7,11,8",R32,GRAND_SLAM,WS,1757,Main Draw,KULAGINA Tatjana (RUS),LANG Kristin (GER),,,3 - 4,11:8 13:11 7:11 7:11 7:11 11:9 8:11,KULAGINA Tatjana,2005
St. Petersburg Open 2005,2005-11-03,TERUI Moemi,PASKAUSKIENE Ruta,JPN,LTU,4,1,"11,12,11,3,11|4,10,6,11,5",R32,GRAND_SLAM,WS,1757,Main Draw,TERUI Moemi (JPN),PASKAUSKIENE Ruta (LTU),,,4 - 1,11:4 12:10 11:6 3:11 11:5,TERUI Moemi,2005
St. Petersburg Open 2005,2005-11-03,DOLGIKH Maria,PALINA Irina,RUS,RUS,4,2,"11,11,11,7,2,11|7,8,5,11,11,6",R32,GRAND_SLAM,WS,1757,Main Draw,DOLGIKH Maria (RUS),PALINA Irina (RUS),,,2 - 4,7:11 8:11 5:11 11:7 11:2 6:11,DOLGIKH Maria,2005
St. Petersburg Open 2005,2005-11-03,KOTIKHINA Irina,LIU Jia,RUS,AUT,4,2,"11,1,7,11,16,11|9,11,11,6,14,8",R32,GRAND_SLAM,WS,1757,Main Draw,KOTIKHINA Irina (RUS),LIU Jia (AUT),,,4 - 2,11:9 1:11 7:11 11:6 16:14 11:8,KOTIKHINA Irina,2005
St. Petersburg Open 2005,2005-11-03,PAVLOVICH Viktoria,ODOROVA Eva,BLR,SVK,4,1,"16,11,11,7,12|14,7,5,11,10",R16,GRAND_SLAM,WS,1757,Main Draw,PAVLOVICH Viktoria (BLR),ODOROVA Eva (SVK),,,4 - 1,16:14 11:7 11:5 7:11 12:10,PAVLOVICH Viktoria,2005
St. Petersburg Open 2005,2005-11-03,ONO Shiho,FADEEVA Oxana,JPN,RUS,4,0,"11,11,11,11|8,9,4,6",R16,GRAND_SLAM,WS,1757,Main Draw,ONO Shiho (JPN),FADEEVA Oxana (RUS),,,0 - 4,8:11 9:11 4:11 6:11,ONO Shiho,2005
St. Petersburg Open 2005,2005-11-03,STRBIKOVA Renata,LOVAS Petra,CZE,HUN,4,1,"12,9,11,11,11|10,11,6,4,5",R16,GRAND_SLAM,WS,1757,Main Draw,STRBIKOVA Renata (CZE),LOVAS Petra (HUN),,,1 - 4,10:12 11:9 6:11 4:11 5:11,STRBIKOVA Renata,2005
St. Petersburg Open 2005,2005-11-03,TOTH Krisztina,VACENOVSKA Iveta,HUN,CZE,4,0,"11,11,11,11|4,9,8,2",R16,GRAND_SLAM,WS,1757,Main Draw,TOTH Krisztina (HUN),VACENOVSKA Iveta (CZE),,,0 - 4,4:11 9:11 8:11 2:11,TOTH Krisztina,2005
St. Petersburg Open 2005,2005-11-03,SCHALL Elke,PAVLOVICH Veronika,GER,BLR,4,1,"6,11,11,11,11|11,9,6,5,9",R16,GRAND_SLAM,WS,1757,Main Draw,SCHALL Elke (GER),PAVLOVICH Veronika (BLR),,,4 - 1,6:11 11:9 11:6 11:5 11:9,SCHALL Elke,2005
St. Petersburg Open 2005,2005-11-03,ROBERTSON Laura,LI Qiangbing,GER,AUT,4,1,"11,7,12,11,11|9,11,10,7,3",R16,GRAND_SLAM,WS,1757,Main Draw,ROBERTSON Laura (GER),LI Qiangbing (AUT),,,1 - 4,9:11 11:7 10:12 7:11 3:11,ROBERTSON Laura,2005
St. Petersburg Open 2005,2005-11-03,KULAGINA Tatjana,TERUI Moemi,RUS,JPN,4,2,"4,11,11,12,8,11|11,9,2,10,11,9",R16,GRAND_SLAM,WS,1757,Main Draw,KULAGINA Tatjana (RUS),TERUI Moemi (JPN),,,4 - 2,4:11 11:9 11:2 12:10 8:11 11:9,KULAGINA Tatjana,2005
St. Petersburg Open 2005,2005-11-03,KOTIKHINA Irina,DOLGIKH Maria,RUS,RUS,4,1,"11,8,11,11,11|8,11,5,2,9",R16,GRAND_SLAM,WS,1757,Main Draw,KOTIKHINA Irina (RUS),DOLGIKH Maria (RUS),,,1 - 4,8:11 11:8 5:11 2:11 9:11,KOTIKHINA Irina,2005
St. Petersburg Open 2005,2005-11-03,ONO Shiho,PAVLOVICH Viktoria,JPN,BLR,4,3,"8,13,6,12,12,12,18|11,11,11,10,14,10,16",QuarterFinal,GRAND_SLAM,WS,1757,Main Draw,ONO Shiho (JPN),PAVLOVICH Viktoria (BLR),,,3 - 4,11:8 11:13 11:6 10:12 14:12 10:12 16:18,ONO Shiho,2005
St. Petersburg Open 2005,2005-11-03,TOTH Krisztina,STRBIKOVA Renata,HUN,CZE,4,1,"6,17,11,11,20|11,15,3,3,18",QuarterFinal,GRAND_SLAM,WS,1757,Main Draw,TOTH Krisztina (HUN),STRBIKOVA Renata (CZE),,,1 - 4,11:6 15:17 3:11 3:11 18:20,TOTH Krisztina,2005
St. Petersburg Open 2005,2005-11-03,SCHALL Elke,ROBERTSON Laura,GER,GER,4,2,"9,11,12,11,7,15|11,9,10,3,11,13",QuarterFinal,GRAND_SLAM,WS,1757,Main Draw,SCHALL Elke (GER),ROBERTSON Laura (GER),,,4 - 2,9:11 11:9 12:10 11:3 7:11 15:13,SCHALL Elke,2005
St. Petersburg Open 2005,2005-11-03,KOTIKHINA Irina,KULAGINA Tatjana,RUS,RUS,4,0,"11,11,12,14|6,7,10,12",QuarterFinal,GRAND_SLAM,WS,1757,Main Draw,KOTIKHINA Irina (RUS),KULAGINA Tatjana (RUS),,,0 - 4,6:11 7:11 10:12 12:14,KOTIKHINA Irina,2005
St. Petersburg Open 2005,2005-11-03,TOTH Krisztina,ONO Shiho,HUN,JPN,4,0,"11,11,11,11|6,8,8,4",SemiFinal,GRAND_SLAM,WS,1757,Main Draw,TOTH Krisztina (HUN),ONO Shiho (JPN),,,0 - 4,6:11 8:11 8:11 4:11,TOTH Krisztina,2005
St. Petersburg Open 2005,2005-11-03,KOTIKHINA Irina,SCHALL Elke,RUS,GER,4,1,"11,13,10,12,11|2,11,12,10,4",SemiFinal,GRAND_SLAM,WS,1757,Main Draw,KOTIKHINA Irina (RUS),SCHALL Elke (GER),,,1 - 4,2:11 11:13 12:10 10:12 4:11,KOTIKHINA Irina,2005
St. Petersburg Open 2005,2005-11-03,TOTH Krisztina,KOTIKHINA Irina,HUN,RUS,4,1,"11,11,10,11,11|6,7,12,6,6",Final,GRAND_SLAM,WS,1757,Main Draw,TOTH Krisztina (HUN),KOTIKHINA Irina (RUS),,,4 - 1,11:6 11:7 10:12 11:6 11:6,TOTH Krisztina,2005
St. Petersburg Open 2005,2005-11-03,TERUI Moemi,KOSTROMINA Tatyana (1973),JPN,BLR,3,0,"13,11,11|11,4,4",3,GRAND_SLAM,U21WS,1757,Qualification,TERUI Moemi (JPN),KOSTROMINA Tatyana (1973) (BLR),,,3 - 0,13:11 11:4 11:4,TERUI Moemi,2005
St. Petersburg Open 2005,2005-11-03,AKHMETOVA Liubov,PRIVALOVA Alexandra,RUS,BLR,3,0,"11,11,11|8,7,9",,GRAND_SLAM,U21WS,1757,Qualification,AKHMETOVA Liubov (RUS),PRIVALOVA Alexandra (BLR),,,3 - 0,11:8 11:7 11:9,AKHMETOVA Liubov,2005
St. Petersburg Open 2005,2005-11-03,DOLGIKH Maria,PRIVALOVA Alexandra,RUS,BLR,3,1,"11,11,5,11|4,8,11,2",QR2,GRAND_SLAM,U21WS,1757,Qualification,DOLGIKH Maria (RUS),PRIVALOVA Alexandra (BLR),,,3 - 1,11:4 11:8 5:11 11:2,DOLGIKH Maria,2005
St. Petersburg Open 2005,2005-11-03,DOLGIKH Maria,AKHMETOVA Liubov,RUS,RUS,3,0,"11,11,12|6,5,10",3,GRAND_SLAM,U21WS,1757,Qualification,DOLGIKH Maria (RUS),AKHMETOVA Liubov (RUS),,,3 - 0,11:6 11:5 12:10,DOLGIKH Maria,2005
St. Petersburg Open 2005,2005-11-03,ABRAMOVA Natalia,PETZNER Martina,RUS,AUT,3,2,"11,11,9,12,11|9,13,11,10,7",,GRAND_SLAM,U21WS,1757,Qualification,ABRAMOVA Natalia (RUS),PETZNER Martina (AUT),,,2 - 3,9:11 13:11 11:9 10:12 7:11,ABRAMOVA Natalia,2005
St. Petersburg Open 2005,2005-11-03,VORONOVA Anastasia,ABRAMOVA Natalia,RUS,RUS,3,0,"11,11,11|8,7,5",QR2,GRAND_SLAM,U21WS,1757,Qualification,VORONOVA Anastasia (RUS),ABRAMOVA Natalia (RUS),,,3 - 0,11:8 11:7 11:5,VORONOVA Anastasia,2005
St. Petersburg Open 2005,2005-11-03,VORONOVA Anastasia,PETZNER Martina,RUS,AUT,3,0,"11,11,11|5,4,7",3,GRAND_SLAM,U21WS,1757,Qualification,VORONOVA Anastasia (RUS),PETZNER Martina (AUT),,,3 - 0,11:5 11:4 11:7,VORONOVA Anastasia,2005
St. Petersburg Open 2005,2005-11-03,SHAVYRINA Marina,KARAGODINA Inna,RUS,BLR,3,0,"11,11,13|9,9,11",,GRAND_SLAM,U21WS,1757,Qualification,SHAVYRINA Marina (RUS),KARAGODINA Inna (BLR),,,3 - 0,11:9 11:9 13:11,SHAVYRINA Marina,2005
St. Petersburg Open 2005,2005-11-03,PETUKHOVA Evgeniya,KARAGODINA Inna,RUS,BLR,3,0,"11,11,11|7,5,8",QR2,GRAND_SLAM,U21WS,1757,Qualification,PETUKHOVA Evgeniya (RUS),KARAGODINA Inna (BLR),,,3 - 0,11:7 11:5 11:8,PETUKHOVA Evgeniya,2005
St. Petersburg Open 2005,2005-11-03,SHAVYRINA Marina,PETUKHOVA Evgeniya,RUS,RUS,3,1,"11,8,11,12|8,11,8,10",3,GRAND_SLAM,U21WS,1757,Qualification,SHAVYRINA Marina (RUS),PETUKHOVA Evgeniya (RUS),,,1 - 3,8:11 11:8 8:11 10:12,SHAVYRINA Marina,2005
St. Petersburg Open 2005,2005-11-03,VINOGRADOVA Mariia,COULIBALY Dieniouma,RUS,FRA,3,2,"11,20,4,7,11|4,18,11,11,9",,GRAND_SLAM,U21WS,1757,Qualification,VINOGRADOVA Mariia (RUS),COULIBALY Dieniouma (FRA),,,2 - 3,4:11 18:20 11:4 11:7 9:11,VINOGRADOVA Mariia,2005
St. Petersburg Open 2005,2005-11-03,HARABASZOVA Lenka,VINOGRADOVA Mariia,CZE,RUS,3,0,"11,11,11|6,4,5",QR2,GRAND_SLAM,U21WS,1757,Qualification,HARABASZOVA Lenka (CZE),VINOGRADOVA Mariia (RUS),,,3 - 0,11:6 11:4 11:5,HARABASZOVA Lenka,2005
St. Petersburg Open 2005,2005-11-03,HARABASZOVA Lenka,COULIBALY Dieniouma,CZE,FRA,3,0,"15,13,11|13,11,7",3,GRAND_SLAM,U21WS,1757,Qualification,HARABASZOVA Lenka (CZE),COULIBALY Dieniouma (FRA),,,3 - 0,15:13 13:11 11:7,HARABASZOVA Lenka,2005
St. Petersburg Open 2005,2005-11-03,MARKOVA Ekaterina,MISIKONYTE Lina,RUS,LTU,3,0,"11,11,11|3,4,6",,GRAND_SLAM,U21WS,1757,Qualification,MARKOVA Ekaterina (RUS),MISIKONYTE Lina (LTU),,,0 - 3,3:11 4:11 6:11,MARKOVA Ekaterina,2005
St. Petersburg Open 2005,2005-11-03,PARTYKA Natalia,MARKOVA Ekaterina,POL,RUS,3,0,"11,12,11|9,10,5",QR2,GRAND_SLAM,U21WS,1757,Qualification,PARTYKA Natalia (POL),MARKOVA Ekaterina (RUS),,,3 - 0,11:9 12:10 11:5,PARTYKA Natalia,2005
St. Petersburg Open 2005,2005-11-03,PARTYKA Natalia,MISIKONYTE Lina,POL,LTU,3,0,"11,11,11|7,8,2",3,GRAND_SLAM,U21WS,1757,Qualification,PARTYKA Natalia (POL),MISIKONYTE Lina (LTU),,,3 - 0,11:7 11:8 11:2,PARTYKA Natalia,2005
St. Petersburg Open 2005,2005-11-03,MIKHAYLOVA Olga,KRAEVA Marina,RUS,RUS,3,1,"11,11,9,11|5,8,11,5",,GRAND_SLAM,U21WS,1757,Qualification,MIKHAYLOVA Olga (RUS),KRAEVA Marina (RUS),,,3 - 1,11:5 11:8 9:11 11:5,MIKHAYLOVA Olga,2005
St. Petersburg Open 2005,2005-11-03,PERGEL Szandra,KRAEVA Marina,HUN,RUS,3,0,"11,11,11|7,4,4",QR2,GRAND_SLAM,U21WS,1757,Qualification,PERGEL Szandra (HUN),KRAEVA Marina (RUS),,,3 - 0,11:7 11:4 11:4,PERGEL Szandra,2005
St. Petersburg Open 2005,2005-11-03,PERGEL Szandra,MIKHAYLOVA Olga,HUN,RUS,3,1,"11,8,11,11|6,11,5,7",3,GRAND_SLAM,U21WS,1757,Qualification,PERGEL Szandra (HUN),MIKHAYLOVA Olga (RUS),,,3 - 1,11:6 8:11 11:5 11:7,PERGEL Szandra,2005
St. Petersburg Open 2005,2005-11-03,ISHIZUKA Miwako,KLYUKINA Elena,JPN,RUS,3,0,"11,11,11|3,5,5",,GRAND_SLAM,U21WS,1757,Qualification,ISHIZUKA Miwako (JPN),KLYUKINA Elena (RUS),,,3 - 0,11:3 11:5 11:5,ISHIZUKA Miwako,2005
St. Petersburg Open 2005,2005-11-03,MIKHAILOVA Polina,KLYUKINA Elena,RUS,RUS,3,1,"11,11,7,11|8,2,11,5",QR2,GRAND_SLAM,U21WS,1757,Qualification,MIKHAILOVA Polina (RUS),KLYUKINA Elena (RUS),,,3 - 1,11:8 11:2 7:11 11:5,MIKHAILOVA Polina,2005
St. Petersburg Open 2005,2005-11-03,ISHIZUKA Miwako,MIKHAILOVA Polina,JPN,RUS,3,2,"15,11,11,6,12|17,5,9,11,10",3,GRAND_SLAM,U21WS,1757,Qualification,ISHIZUKA Miwako (JPN),MIKHAILOVA Polina (RUS),,,2 - 3,17:15 5:11 9:11 11:6 10:12,ISHIZUKA Miwako,2005
St. Petersburg Open 2005,2005-11-03,KUZMINA Elena,CAHOREAU Nathalie,RUS,FRA,3,0,"11,11,11|6,8,5",QR2,GRAND_SLAM,U21WS,1757,Qualification,KUZMINA Elena (RUS),CAHOREAU Nathalie (FRA),,,0 - 3,6:11 8:11 5:11,KUZMINA Elena,2005
St. Petersburg Open 2005,2005-11-03,SAHA Nandita,ANDREEVA Liidia,IND,EST,3,0,"11,11,11|6,9,8",,GRAND_SLAM,U21WS,1757,Qualification,SAHA Nandita (IND),ANDREEVA Liidia (EST),,,3 - 0,11:6 11:9 11:8,SAHA Nandita,2005
St. Petersburg Open 2005,2005-11-03,FETUKHINA Margarita,MIKHAILOVA Tatiana,RUS,RUS,3,1,"9,11,14,15|11,7,12,13",QR2,GRAND_SLAM,U21WS,1757,Qualification,FETUKHINA Margarita (RUS),MIKHAILOVA Tatiana (RUS),,,3 - 1,9:11 11:7 14:12 15:13,FETUKHINA Margarita,2005
St. Petersburg Open 2005,2005-11-03,SAHA Nandita,MIKHAILOVA Tatiana,IND,RUS,3,2,"9,11,11,4,11|11,8,8,11,8",3,GRAND_SLAM,U21WS,1757,Qualification,SAHA Nandita (IND),MIKHAILOVA Tatiana (RUS),,,3 - 2,9:11 11:8 11:8 4:11 11:8,SAHA Nandita,2005
St. Petersburg Open 2005,2005-11-03,SAHA Nandita,FETUKHINA Margarita,IND,RUS,3,1,"11,11,11,11|9,13,7,3",5,GRAND_SLAM,U21WS,1757,Qualification,SAHA Nandita (IND),FETUKHINA Margarita (RUS),,,3 - 1,11:9 11:13 11:7 11:3,SAHA Nandita,2005
St. Petersburg Open 2005,2005-11-03,MIKHAILOVA Tatiana,ANDREEVA Liidia,RUS,EST,3,1,"11,11,10,11|8,6,12,3",6,GRAND_SLAM,U21WS,1757,Qualification,MIKHAILOVA Tatiana (RUS),ANDREEVA Liidia (EST),,,3 - 1,11:8 11:6 10:12 11:3,MIKHAILOVA Tatiana,2005
St. Petersburg Open 2005,2005-11-03,AMBRUS Timea,SMIRNOVA Maria,HUN,EST,3,0,"11,11,11|8,8,6",,GRAND_SLAM,U21WS,1757,Qualification,AMBRUS Timea (HUN),SMIRNOVA Maria (EST),,,3 - 0,11:8 11:8 11:6,AMBRUS Timea,2005
St. Petersburg Open 2005,2005-11-03,NAZARIAN Kristina,LEMESHEVSKAYA Valeriya,RUS,RUS,3,0,"11,11,16|4,8,14",QR2,GRAND_SLAM,U21WS,1757,Qualification,NAZARIAN Kristina (RUS),LEMESHEVSKAYA Valeriya (RUS),,,0 - 3,4:11 8:11 14:16,NAZARIAN Kristina,2005
St. Petersburg Open 2005,2005-11-03,NAZARIAN Kristina,AMBRUS Timea,RUS,HUN,3,1,"11,11,7,11|8,9,11,9",3,GRAND_SLAM,U21WS,1757,Qualification,NAZARIAN Kristina (RUS),AMBRUS Timea (HUN),,,1 - 3,8:11 9:11 11:7 9:11,NAZARIAN Kristina,2005
St. Petersburg Open 2005,2005-11-03,LEMESHEVSKAYA Valeriya,AMBRUS Timea,RUS,HUN,3,1,"11,11,9,11|9,9,11,6",5,GRAND_SLAM,U21WS,1757,Qualification,LEMESHEVSKAYA Valeriya (RUS),AMBRUS Timea (HUN),,,1 - 3,9:11 9:11 11:9 6:11,LEMESHEVSKAYA Valeriya,2005
St. Petersburg Open 2005,2005-11-03,NAZARIAN Kristina,SMIRNOVA Maria,RUS,EST,3,0,"11,11,11|7,6,5",6,GRAND_SLAM,U21WS,1757,Qualification,NAZARIAN Kristina (RUS),SMIRNOVA Maria (EST),,,3 - 0,11:7 11:6 11:5,NAZARIAN Kristina,2005
St. Petersburg Open 2005,2005-11-03,CHEN Weixing/GARDOS Robert,ELENSKY Gregory/LO Dany,AUT,ISR,4,0,"11,11,13,11|6,4,11,6",R16,GRAND_SLAM,MD,1757,Main Draw,CHEN Weixing (AUT) / GARDOS Robert (AUT),ELENSKY Gregory (ISR) / LO Dany (FRA),GARDOS Robert (AUT),LO Dany (FRA),4 - 0,11:6 11:4 13:11 11:6,CHEN Weixing,2005
St. Petersburg Open 2005,2005-11-03,CHEN Weixing/GARDOS Robert,GIONIS Panagiotis/PAPAGEORGIOU Konstantinos,AUT,GRE,4,3,"11,9,12,10,13,4,11|8,11,10,12,11,11,7",QuarterFinal,GRAND_SLAM,MD,1757,Main Draw,CHEN Weixing (AUT) / GARDOS Robert (AUT),GIONIS Panagiotis (GRE) / PAPAGEORGIOU Konstantinos (GRE),GARDOS Robert (AUT),PAPAGEORGIOU Konstantinos (GRE),4 - 3,11:8 9:11 12:10 10:12 13:11 4:11 11:7,CHEN Weixing,2005
St. Petersburg Open 2005,2005-11-03,CHEN Weixing/GARDOS Robert,FRANZ Peter/KREANGA Kalinikos,AUT,GER,4,2,"11,14,11,6,8,11|9,12,5,11,11,8",SemiFinal,GRAND_SLAM,MD,1757,Main Draw,CHEN Weixing (AUT) / GARDOS Robert (AUT),FRANZ Peter (GER) / KREANGA Kalinikos (GRE),GARDOS Robert (AUT),KREANGA Kalinikos (GRE),4 - 2,11:9 14:12 11:5 6:11 8:11 11:8,CHEN Weixing,2005
St. Petersburg Open 2005,2005-11-03,KARAKASEVIC Aleksandar/SCHLAGER Werner,CHEN Weixing/GARDOS Robert,SRB,AUT,4,1,"13,11,11,6,11|11,8,6,11,8",Final,GRAND_SLAM,MD,1757,Main Draw,KARAKASEVIC Aleksandar (SRB) / SCHLAGER Werner (AUT),CHEN Weixing (AUT) / GARDOS Robert (AUT),SCHLAGER Werner (AUT),GARDOS Robert (AUT),1 - 4,11:13 8:11 6:11 11:6 8:11,KARAKASEVIC Aleksandar,2005
St. Petersburg Open 2005,2005-11-03,HABESOHN Daniel/PICHLER Michael,KLEPRLIK Jakub/KLEPRLIK Michal,AUT,CZE,3,1,"11,9,12,11|2,11,10,5",QR64,GRAND_SLAM,MD,1757,Qualification,HABESOHN Daniel (AUT) / PICHLER Michael (AUT),KLEPRLIK Jakub (CZE) / KLEPRLIK Michal (CZE),PICHLER Michael (AUT),KLEPRLIK Michal (CZE),3 - 1,11:2 9:11 12:10 11:5,HABESOHN Daniel,2005
St. Petersburg Open 2005,2005-11-03,GAVRILOV Denis/SKACHKOV Kirill,HABESOHN Daniel/PICHLER Michael,RUS,AUT,3,0,"11,11,11|8,1,5",QR32,GRAND_SLAM,MD,1757,Qualification,GAVRILOV Denis (RUS) / SKACHKOV Kirill (RUS),HABESOHN Daniel (AUT) / PICHLER Michael (AUT),SKACHKOV Kirill (RUS),PICHLER Michael (AUT),0 - 3,8:11 1:11 5:11,GAVRILOV Denis,2005
St. Petersburg Open 2005,2005-11-03,HABESOHN Mathias/SIMONER Christoph,LINDNER Adam/VARGA Zoltan,AUT,HUN,3,0,"11,12,11|7,10,9",QR16,GRAND_SLAM,MD,1757,Qualification,HABESOHN Mathias (AUT) / SIMONER Christoph (AUT),LINDNER Adam (HUN) / VARGA Zoltan (HUN),SIMONER Christoph (AUT),VARGA Zoltan (HUN),3 - 0,11:7 12:10 11:9,HABESOHN Mathias,2005
St. Petersburg Open 2005,2005-11-03,MAECK Anthony/VOSTES Yannick,GRACHEV Andrei/SARGSYAN Davit,BEL,RUS,3,2,"11,6,11,11,11|6,11,13,6,4",QR32,GRAND_SLAM,MD,1757,Qualification,MAECK Anthony (BEL) / VOSTES Yannick (BEL),GRACHEV Andrei (RUS) / SARGSYAN Davit (ARM),VOSTES Yannick (BEL),SARGSYAN Davit (ARM),3 - 2,11:6 6:11 11:13 11:6 11:4,MAECK Anthony,2005
St. Petersburg Open 2005,2005-11-03,ANDRIANOV Sergei/SHMYREV Maxim,MAECK Anthony/VOSTES Yannick,RUS,BEL,3,2,"11,6,9,11,11|4,11,11,5,8",QR16,GRAND_SLAM,MD,1757,Qualification,ANDRIANOV Sergei (RUS) / SHMYREV Maxim (RUS),MAECK Anthony (BEL) / VOSTES Yannick (BEL),SHMYREV Maxim (RUS),VOSTES Yannick (BEL),2 - 3,4:11 11:6 11:9 5:11 8:11,ANDRIANOV Sergei,2005
St. Petersburg Open 2005,2005-11-03,BALTRUSHKA Dzmitry/DAVIDOVICH Dmitry,ALPAY Apakgun/DERELI Sukru,BLR,TUR,3,0,"11,11,11|4,4,9",QR64,GRAND_SLAM,MD,1757,Qualification,BALTRUSHKA Dzmitry (BLR) / DAVIDOVICH Dmitry (BLR),ALPAY Apakgun (TUR) / DERELI Sukru (TUR),DAVIDOVICH Dmitry (BLR),DERELI Sukru (TUR),3 - 0,11:4 11:4 11:9,BALTRUSHKA Dzmitry,2005
St. Petersburg Open 2005,2005-11-03,ANDRIANOV Sergei/SHMYREV Maxim,BALTRUSHKA Dzmitry/DAVIDOVICH Dmitry,RUS,BLR,3,1,"5,11,11,11|11,7,4,8",QR32,GRAND_SLAM,MD,1757,Qualification,ANDRIANOV Sergei (RUS) / SHMYREV Maxim (RUS),BALTRUSHKA Dzmitry (BLR) / DAVIDOVICH Dmitry (BLR),SHMYREV Maxim (RUS),DAVIDOVICH Dmitry (BLR),1 - 3,11:5 7:11 4:11 8:11,ANDRIANOV Sergei,2005
St. Petersburg Open 2005,2005-11-03,CHUMAKOU Dmitry/KUCHUK Aleksandr,RYZHOV Juri/TIAPKIN Sergei,BLR,RUS,3,1,"6,11,11,12|11,7,7,10",QR16,GRAND_SLAM,MD,1757,Qualification,CHUMAKOU Dmitry (BLR) / KUCHUK Aleksandr (BLR),RYZHOV Juri (RUS) / TIAPKIN Sergei (RUS),KUCHUK Aleksandr (BLR),TIAPKIN Sergei (RUS),3 - 1,6:11 11:7 11:7 12:10,CHUMAKOU Dmitry,2005
St. Petersburg Open 2005,2005-11-03,HABESOHN Mathias/SIMONER Christoph,HOYAMA Hugo/MONTEIRO Thiago,AUT,BRA,3,1,"11,12,10,11|8,10,12,6",QR32,GRAND_SLAM,MD,1757,Qualification,HABESOHN Mathias (AUT) / SIMONER Christoph (AUT),HOYAMA Hugo (BRA) / MONTEIRO Thiago (BRA),SIMONER Christoph (AUT),MONTEIRO Thiago (BRA),1 - 3,8:11 10:12 12:10 6:11,HABESOHN Mathias,2005
St. Petersburg Open 2005,2005-11-03,SMIRNOV Alexey/TAN Ruiwu,CHILA Patrick/ELOI Damien,RUS,FRA,4,3,"8,11,8,11,5,11,11|11,6,11,8,11,5,1",R16,GRAND_SLAM,MD,1757,Main Draw,SMIRNOV Alexey (RUS) / TAN Ruiwu (CRO),CHILA Patrick (FRA) / ELOI Damien (FRA),TAN Ruiwu (CRO),ELOI Damien (FRA),4 - 3,8:11 11:6 8:11 11:8 5:11 11:5 11:1,SMIRNOV Alexey,2005
St. Petersburg Open 2005,2005-11-03,SMIRNOV Alexey/TAN Ruiwu,CHMIEL Pawel/STEPHENSEN Gudmundur,RUS,POL,3,1,"8,14,11,12|11,12,5,10",QR32,GRAND_SLAM,MD,1757,Qualification,SMIRNOV Alexey (RUS) / TAN Ruiwu (CRO),CHMIEL Pawel (POL) / STEPHENSEN Gudmundur (ISL),TAN Ruiwu (CRO),STEPHENSEN Gudmundur (ISL),3 - 1,8:11 14:12 11:5 12:10,SMIRNOV Alexey,2005
St. Petersburg Open 2005,2005-11-03,SMIRNOV Alexey/TAN Ruiwu,ACHANTA Sharath/ROY Soumyadeep,RUS,IND,3,0,"11,11,11|8,7,9",QR16,GRAND_SLAM,MD,1757,Qualification,SMIRNOV Alexey (RUS) / TAN Ruiwu (CRO),ACHANTA Sharath (IND) / ROY Soumyadeep (IND),TAN Ruiwu (CRO),ROY Soumyadeep (IND),3 - 0,11:8 11:7 11:9,SMIRNOV Alexey,2005
St. Petersburg Open 2005,2005-11-03,GIONIS Panagiotis/PAPAGEORGIOU Konstantinos,JAPEC Tomislav/ZUBCIC Tomislav,GRE,CRO,3,1,"12,10,11,11|10,12,6,9",QR16,GRAND_SLAM,MD,1757,Qualification,GIONIS Panagiotis (GRE) / PAPAGEORGIOU Konstantinos (GRE),JAPEC Tomislav (CRO) / ZUBCIC Tomislav (CRO),PAPAGEORGIOU Konstantinos (GRE),ZUBCIC Tomislav (CRO),1 - 3,10:12 12:10 6:11 9:11,GIONIS Panagiotis,2005
St. Petersburg Open 2005,2005-11-03,CIHAK Marek/PLACHY Josef,PISEMSKYY Anton/TRUFKIN Oleksandr,CZE,UKR,3,0,"11,11,11|6,4,6",QR64,GRAND_SLAM,MD,1757,Qualification,CIHAK Marek (CZE) / PLACHY Josef (CZE),PISEMSKYY Anton (UKR) / TRUFKIN Oleksandr (UKR),PLACHY Josef (CZE),TRUFKIN Oleksandr (UKR),3 - 0,11:6 11:4 11:6,CIHAK Marek,2005
St. Petersburg Open 2005,2005-11-03,KONECNY Tomas/VOZICKY Bohumil,DIDUKH Viktor/YEFIMOV Viktor,CZE,UKR,3,2,"9,11,11,6,11|11,6,2,11,7",QR64,GRAND_SLAM,MD,1757,Qualification,KONECNY Tomas (CZE) / VOZICKY Bohumil (CZE),DIDUKH Viktor (UKR) / YEFIMOV Viktor (UKR),VOZICKY Bohumil (CZE),YEFIMOV Viktor (UKR),3 - 2,9:11 11:6 11:2 6:11 11:7,KONECNY Tomas,2005
St. Petersburg Open 2005,2005-11-03,ASAMOAH Cyprian/HAKANSSON Fredrik,DAVID Petr/VRABLIK Jiri,SWE,CZE,3,1,"11,10,11,11|7,12,5,5",QR64,GRAND_SLAM,MD,1757,Qualification,ASAMOAH Cyprian (SWE) / HAKANSSON Fredrik (SWE),DAVID Petr (CZE) / VRABLIK Jiri (CZE),HAKANSSON Fredrik (SWE),VRABLIK Jiri (CZE),1 - 3,7:11 12:10 5:11 5:11,ASAMOAH Cyprian,2005
St. Petersburg Open 2005,2005-11-03,GIONIS Panagiotis/PAPAGEORGIOU Konstantinos,CIHAK Marek/PLACHY Josef,GRE,CZE,3,1,"11,12,9,11|8,10,11,8",QR32,GRAND_SLAM,MD,1757,Qualification,GIONIS Panagiotis (GRE) / PAPAGEORGIOU Konstantinos (GRE),CIHAK Marek (CZE) / PLACHY Josef (CZE),PAPAGEORGIOU Konstantinos (GRE),PLACHY Josef (CZE),1 - 3,8:11 10:12 11:9 8:11,GIONIS Panagiotis,2005
St. Petersburg Open 2005,2005-11-03,JAKAB Janos/ZOMBORI David,KONECNY Tomas/VOZICKY Bohumil,HUN,CZE,3,1,"11,10,13,16|9,12,11,14",QR32,GRAND_SLAM,MD,1757,Qualification,JAKAB Janos (HUN) / ZOMBORI David (HUN),KONECNY Tomas (CZE) / VOZICKY Bohumil (CZE),ZOMBORI David (HUN),VOZICKY Bohumil (CZE),1 - 3,9:11 12:10 11:13 14:16,JAKAB Janos,2005
St. Petersburg Open 2005,2005-11-03,GORAK Daniel/WANG Zengyi,MOLNAR Csaba/SMIRNOV Aleksandr,POL,HUN,3,0,"11,11,11|3,7,8",QR64,GRAND_SLAM,MD,1757,Qualification,GORAK Daniel (POL) / WANG Zengyi (POL),MOLNAR Csaba (HUN) / SMIRNOV Aleksandr (EST),WANG Zengyi (POL),SMIRNOV Aleksandr (EST),0 - 3,3:11 7:11 8:11,GORAK Daniel,2005
St. Petersburg Open 2005,2005-11-03,BERTIN Christophe/BOBILLIER Loic,HABESOHN Mathias/SIMONER Christoph,FRA,AUT,4,0,"11,11,12,12|7,8,10,10",R16,GRAND_SLAM,MD,1757,Main Draw,BERTIN Christophe (FRA) / BOBILLIER Loic (FRA),HABESOHN Mathias (AUT) / SIMONER Christoph (AUT),BOBILLIER Loic (FRA),SIMONER Christoph (AUT),4 - 0,11:7 11:8 12:10 12:10,BERTIN Christophe,2005
St. Petersburg Open 2005,2005-11-03,GORAK Daniel/WANG Zengyi,BERTIN Christophe/BOBILLIER Loic,POL,FRA,4,2,"11,11,6,11,7,13|4,6,11,4,11,11",QuarterFinal,GRAND_SLAM,MD,1757,Main Draw,GORAK Daniel (POL) / WANG Zengyi (POL),BERTIN Christophe (FRA) / BOBILLIER Loic (FRA),WANG Zengyi (POL),BOBILLIER Loic (FRA),2 - 4,4:11 6:11 11:6 4:11 11:7 11:13,GORAK Daniel,2005
St. Petersburg Open 2005,2005-11-03,BAYRAMPOUR ARALLO Mohammad/CABESTANY Cedrik,FILENKO Oleg/MELNIK Valery,IRI,UKR,3,0,"11,11,11|3,4,6",QR64,GRAND_SLAM,MD,1757,Qualification,BAYRAMPOUR ARALLO Mohammad (IRI) / CABESTANY Cedrik (FRA),FILENKO Oleg (UKR) / MELNIK Valery (UKR),CABESTANY Cedrik (FRA),MELNIK Valery (UKR),3 - 0,11:3 11:4 11:6,BAYRAMPOUR ARALLO Mohammad,2005
St. Petersburg Open 2005,2005-11-03,JAPEC Tomislav/ZUBCIC Tomislav,BAYRAMPOUR ARALLO Mohammad/CABESTANY Cedrik,CRO,IRI,3,1,"11,11,12,11|7,3,14,6",QR32,GRAND_SLAM,MD,1757,Qualification,JAPEC Tomislav (CRO) / ZUBCIC Tomislav (CRO),BAYRAMPOUR ARALLO Mohammad (IRI) / CABESTANY Cedrik (FRA),ZUBCIC Tomislav (CRO),CABESTANY Cedrik (FRA),1 - 3,7:11 3:11 14:12 6:11,JAPEC Tomislav,2005
St. Petersburg Open 2005,2005-11-03,ELENSKY Gregory/LO Dany,MEHTA Pathik/SAHA Subhajit,ISR,IND,3,1,"2,11,11,11|11,7,2,3",QR32,GRAND_SLAM,MD,1757,Qualification,ELENSKY Gregory (ISR) / LO Dany (FRA),MEHTA Pathik (IND) / SAHA Subhajit (IND),LO Dany (FRA),SAHA Subhajit (IND),3 - 1,2:11 11:7 11:2 11:3,ELENSKY Gregory,2005
St. Petersburg Open 2005,2005-11-03,ELENSKY Gregory/LO Dany,JAKAB Janos/ZOMBORI David,ISR,HUN,3,1,"11,11,9,11|6,5,11,6",QR16,GRAND_SLAM,MD,1757,Qualification,ELENSKY Gregory (ISR) / LO Dany (FRA),JAKAB Janos (HUN) / ZOMBORI David (HUN),LO Dany (FRA),ZOMBORI David (HUN),3 - 1,11:6 11:5 9:11 11:6,ELENSKY Gregory,2005
St. Petersburg Open 2005,2005-11-03,GIONIS Panagiotis/PAPAGEORGIOU Konstantinos,PRIMORAC Zoran/TOSIC Roko,GRE,CRO,4,2,"11,11,10,11,5,11|9,8,12,3,11,7",R16,GRAND_SLAM,MD,1757,Main Draw,GIONIS Panagiotis (GRE) / PAPAGEORGIOU Konstantinos (GRE),PRIMORAC Zoran (CRO) / TOSIC Roko (CRO),PAPAGEORGIOU Konstantinos (GRE),TOSIC Roko (CRO),4 - 2,11:9 11:8 10:12 11:3 5:11 11:7,GIONIS Panagiotis,2005
St. Petersburg Open 2005,2005-11-03,FRANZ Peter/KREANGA Kalinikos,ANDRIANOV Sergei/SHMYREV Maxim,GER,RUS,4,0,"11,11,11,11|9,6,5,9",R16,GRAND_SLAM,MD,1757,Main Draw,FRANZ Peter (GER) / KREANGA Kalinikos (GRE),ANDRIANOV Sergei (RUS) / SHMYREV Maxim (RUS),KREANGA Kalinikos (GRE),SHMYREV Maxim (RUS),4 - 0,11:9 11:6 11:5 11:9,FRANZ Peter,2005
St. Petersburg Open 2005,2005-11-03,FRANZ Peter/KREANGA Kalinikos,SMIRNOV Alexey/TAN Ruiwu,GER,RUS,4,1,"15,11,10,12,11|13,8,12,10,6",QuarterFinal,GRAND_SLAM,MD,1757,Main Draw,FRANZ Peter (GER) / KREANGA Kalinikos (GRE),SMIRNOV Alexey (RUS) / TAN Ruiwu (CRO),KREANGA Kalinikos (GRE),TAN Ruiwu (CRO),4 - 1,15:13 11:8 10:12 12:10 11:6,FRANZ Peter,2005
St. Petersburg Open 2005,2005-11-03,LINDNER Adam/VARGA Zoltan,FILICHEV Vitaly/STETSENKO Alexander,HUN,RUS,3,0,"11,11,11|9,6,3",QR64,GRAND_SLAM,MD,1757,Qualification,LINDNER Adam (HUN) / VARGA Zoltan (HUN),FILICHEV Vitaly (RUS) / STETSENKO Alexander (RUS),VARGA Zoltan (HUN),STETSENKO Alexander (RUS),3 - 0,11:9 11:6 11:3,LINDNER Adam,2005
St. Petersburg Open 2005,2005-11-03,DEMETER Lehel/MOLNAR Krisztian,SHEVCHENKO Semen/UTOCHKIN Artem,HUN,RUS,3,1,"11,10,11,11|6,12,6,6",QR64,GRAND_SLAM,MD,1757,Qualification,DEMETER Lehel (HUN) / MOLNAR Krisztian (HUN),SHEVCHENKO Semen (RUS) / UTOCHKIN Artem (RUS),MOLNAR Krisztian (HUN),UTOCHKIN Artem (RUS),3 - 1,11:6 10:12 11:6 11:6,DEMETER Lehel,2005
St. Petersburg Open 2005,2005-11-03,LINDNER Adam/VARGA Zoltan,ASAMOAH Cyprian/HAKANSSON Fredrik,HUN,SWE,3,1,"9,12,11,11|11,10,9,5",QR32,GRAND_SLAM,MD,1757,Qualification,LINDNER Adam (HUN) / VARGA Zoltan (HUN),ASAMOAH Cyprian (SWE) / HAKANSSON Fredrik (SWE),VARGA Zoltan (HUN),HAKANSSON Fredrik (SWE),3 - 1,9:11 12:10 11:9 11:5,LINDNER Adam,2005
St. Petersburg Open 2005,2005-11-03,PISTEJ Lubomir/SEREDA Peter,DEMETER Lehel/MOLNAR Krisztian,SVK,HUN,3,0,"11,11,11|8,5,9",QR32,GRAND_SLAM,MD,1757,Qualification,PISTEJ Lubomir (SVK) / SEREDA Peter (SVK),DEMETER Lehel (HUN) / MOLNAR Krisztian (HUN),SEREDA Peter (SVK),MOLNAR Krisztian (HUN),0 - 3,8:11 5:11 9:11,PISTEJ Lubomir,2005
St. Petersburg Open 2005,2005-11-03,ACHANTA Sharath/ROY Soumyadeep,KAUCKY Petr/URBANEK Jan,IND,CZE,3,1,"12,11,3,11|10,1,11,9",QR64,GRAND_SLAM,MD,1757,Qualification,ACHANTA Sharath (IND) / ROY Soumyadeep (IND),KAUCKY Petr (CZE) / URBANEK Jan (CZE),ROY Soumyadeep (IND),URBANEK Jan (CZE),3 - 1,12:10 11:1 3:11 11:9,ACHANTA Sharath,2005
St. Petersburg Open 2005,2005-11-03,MEHTA Pathik/SAHA Subhajit,PEREK Jakub/SUCH Bartosz,IND,POL,3,2,"9,11,11,3,11|11,5,9,11,9",QR64,GRAND_SLAM,MD,1757,Qualification,MEHTA Pathik (IND) / SAHA Subhajit (IND),PEREK Jakub (POL) / SUCH Bartosz (POL),SAHA Subhajit (IND),SUCH Bartosz (POL),3 - 2,9:11 11:5 11:9 3:11 11:9,MEHTA Pathik,2005
St. Petersburg Open 2005,2005-11-03,ACHANTA Sharath/ROY Soumyadeep,PETRUKHIN Evgeny/REGENTOV Evgenii,IND,RUS,3,0,"11,11,11|9,7,8",QR32,GRAND_SLAM,MD,1757,Qualification,ACHANTA Sharath (IND) / ROY Soumyadeep (IND),PETRUKHIN Evgeny (RUS) / REGENTOV Evgenii (RUS),ROY Soumyadeep (IND),REGENTOV Evgenii (RUS),3 - 0,11:9 11:7 11:8,ACHANTA Sharath,2005
St. Petersburg Open 2005,2005-11-03,CHUMAKOU Dmitry/KUCHUK Aleksandr,AHADI Mehran/AKHLAGHPASAND Mohammadreza,BLR,IRI,3,1,"9,11,11,11|11,6,6,5",QR64,GRAND_SLAM,MD,1757,Qualification,CHUMAKOU Dmitry (BLR) / KUCHUK Aleksandr (BLR),AHADI Mehran (IRI) / AKHLAGHPASAND Mohammadreza (USA),KUCHUK Aleksandr (BLR),AKHLAGHPASAND Mohammadreza (USA),1 - 3,11:9 6:11 6:11 5:11,CHUMAKOU Dmitry,2005
St. Petersburg Open 2005,2005-11-03,GORAK Daniel/WANG Zengyi,FAZEKAS Peter/PAZSY Ferenc,POL,HUN,4,3,"7,16,11,8,14,6,11|11,14,3,11,12,11,6",R16,GRAND_SLAM,MD,1757,Main Draw,GORAK Daniel (POL) / WANG Zengyi (POL),FAZEKAS Peter (HUN) / PAZSY Ferenc (HUN),WANG Zengyi (POL),PAZSY Ferenc (HUN),4 - 3,7:11 16:14 11:3 8:11 14:12 6:11 11:6,GORAK Daniel,2005
St. Petersburg Open 2005,2005-11-03,KARAKASEVIC Aleksandar/SCHLAGER Werner,GORAK Daniel/WANG Zengyi,SRB,POL,4,1,"10,11,11,11,12|12,4,5,5,10",SemiFinal,GRAND_SLAM,MD,1757,Main Draw,KARAKASEVIC Aleksandar (SRB) / SCHLAGER Werner (AUT),GORAK Daniel (POL) / WANG Zengyi (POL),SCHLAGER Werner (AUT),WANG Zengyi (POL),1 - 4,12:10 4:11 5:11 5:11 10:12,KARAKASEVIC Aleksandar,2005
St. Petersburg Open 2005,2005-11-03,GORAK Daniel/WANG Zengyi,AXELQVIST Johan/SVENSSON Robert,POL,SWE,3,1,"2,11,11,11|11,7,5,3",QR32,GRAND_SLAM,MD,1757,Qualification,GORAK Daniel (POL) / WANG Zengyi (POL),AXELQVIST Johan (SWE) / SVENSSON Robert (SWE),WANG Zengyi (POL),SVENSSON Robert (SWE),3 - 1,2:11 11:7 11:5 11:3,GORAK Daniel,2005
St. Petersburg Open 2005,2005-11-03,LIVENTSOV Alexey/RUBTSOV Igor,CHUMAKOU Dmitry/KUCHUK Aleksandr,RUS,BLR,4,0,"13,11,11,12|11,8,7,10",R16,GRAND_SLAM,MD,1757,Main Draw,LIVENTSOV Alexey (RUS) / RUBTSOV Igor (RUS),CHUMAKOU Dmitry (BLR) / KUCHUK Aleksandr (BLR),RUBTSOV Igor (RUS),KUCHUK Aleksandr (BLR),4 - 0,13:11 11:8 11:7 12:10,LIVENTSOV Alexey,2005
St. Petersburg Open 2005,2005-11-03,KARAKASEVIC Aleksandar/SCHLAGER Werner,GAVRILOV Denis/SKACHKOV Kirill,SRB,RUS,4,0,"11,12,11,11|7,10,7,3",R16,GRAND_SLAM,MD,1757,Main Draw,KARAKASEVIC Aleksandar (SRB) / SCHLAGER Werner (AUT),GAVRILOV Denis (RUS) / SKACHKOV Kirill (RUS),SCHLAGER Werner (AUT),SKACHKOV Kirill (RUS),0 - 4,7:11 10:12 7:11 3:11,KARAKASEVIC Aleksandar,2005
St. Petersburg Open 2005,2005-11-03,KARAKASEVIC Aleksandar/SCHLAGER Werner,LIVENTSOV Alexey/RUBTSOV Igor,SRB,RUS,4,1,"12,8,11,11,11|10,11,7,7,6",QuarterFinal,GRAND_SLAM,MD,1757,Main Draw,KARAKASEVIC Aleksandar (SRB) / SCHLAGER Werner (AUT),LIVENTSOV Alexey (RUS) / RUBTSOV Igor (RUS),SCHLAGER Werner (AUT),RUBTSOV Igor (RUS),1 - 4,10:12 11:8 7:11 7:11 6:11,KARAKASEVIC Aleksandar,2005
St. Petersburg Open 2005,2005-11-03,PETRUKHIN Evgeny/REGENTOV Evgenii,JOVER Sebastien/PHUNG Armand,RUS,FRA,3,1,"9,11,15,13|11,5,13,11",QR64,GRAND_SLAM,MD,1757,Qualification,PETRUKHIN Evgeny (RUS) / REGENTOV Evgenii (RUS),JOVER Sebastien (FRA) / PHUNG Armand (FRA),REGENTOV Evgenii (RUS),PHUNG Armand (FRA),3 - 1,9:11 11:5 15:13 13:11,PETRUKHIN Evgeny,2005
St. Petersburg Open 2005,2005-11-03,GIONIS Panagiotis/PAPAGEORGIOU Konstantinos,GLADYSHEV Mikhail/VINOKUROV Aleksandr,GRE,RUS,3,1,"11,11,11,14|8,8,13,12",QR64,GRAND_SLAM,MD,1757,Qualification,GIONIS Panagiotis (GRE) / PAPAGEORGIOU Konstantinos (GRE),GLADYSHEV Mikhail (RUS) / VINOKUROV Aleksandr (RUS),PAPAGEORGIOU Konstantinos (GRE),VINOKUROV Aleksandr (RUS),1 - 3,8:11 8:11 13:11 12:14,GIONIS Panagiotis,2005
St. Petersburg Open 2005,2005-11-03,RYZHOV Juri/TIAPKIN Sergei,BUBA Ondrej/DEMEK Tomas,RUS,CZE,3,1,"11,10,12,11|3,12,10,1",QR64,GRAND_SLAM,MD,1757,Qualification,RYZHOV Juri (RUS) / TIAPKIN Sergei (RUS),BUBA Ondrej (CZE) / DEMEK Tomas (CZE),TIAPKIN Sergei (RUS),DEMEK Tomas (CZE),3 - 1,11:3 10:12 12:10 11:1,RYZHOV Juri,2005
St. Petersburg Open 2005,2005-11-03,BUROV Viacheslav/LAKEEV Vasily,GAVLAS Antonin/ZLAMAL Jaromir,RUS,CZE,3,0,"11,11,11|7,6,8",QR64,GRAND_SLAM,MD,1757,Qualification,BUROV Viacheslav (RUS) / LAKEEV Vasily (RUS),GAVLAS Antonin (CZE) / ZLAMAL Jaromir (CZE),LAKEEV Vasily (RUS),ZLAMAL Jaromir (CZE),3 - 0,11:7 11:6 11:8,BUROV Viacheslav,2005
St. Petersburg Open 2005,2005-11-03,RYZHOV Juri/TIAPKIN Sergei,DESPRES Rodolphe/OLLIVIER Brice,RUS,FRA,3,1,"11,11,7,11|9,2,11,8",QR32,GRAND_SLAM,MD,1757,Qualification,RYZHOV Juri (RUS) / TIAPKIN Sergei (RUS),DESPRES Rodolphe (FRA) / OLLIVIER Brice (FRA),TIAPKIN Sergei (RUS),OLLIVIER Brice (FRA),3 - 1,11:9 11:2 7:11 11:8,RYZHOV Juri,2005
St. Petersburg Open 2005,2005-11-03,GAVRILOV Denis/SKACHKOV Kirill,PISTEJ Lubomir/SEREDA Peter,RUS,SVK,3,0,"13,17,11|11,15,7",QR16,GRAND_SLAM,MD,1757,Qualification,GAVRILOV Denis (RUS) / SKACHKOV Kirill (RUS),PISTEJ Lubomir (SVK) / SEREDA Peter (SVK),SKACHKOV Kirill (RUS),SEREDA Peter (SVK),3 - 0,13:11 17:15 11:7,GAVRILOV Denis,2005
St. Petersburg Open 2005,2005-11-03,JAKAB Janos/ZOMBORI David,GASYMOV Elcin/GUMAN Martin,HUN,SVK,3,0,"11,11,11|4,7,5",QR64,GRAND_SLAM,MD,1757,Qualification,JAKAB Janos (HUN) / ZOMBORI David (HUN),GASYMOV Elcin (SVK) / GUMAN Martin (SVK),ZOMBORI David (HUN),GUMAN Martin (SVK),0 - 3,4:11 7:11 5:11,JAKAB Janos,2005
St. Petersburg Open 2005,2005-11-03,CHMIEL Pawel/STEPHENSEN Gudmundur,KATKOV Ivan/SARMATOV Alexei,POL,UKR,3,2,"15,11,7,7,12|13,8,11,11,10",QR64,GRAND_SLAM,MD,1757,Qualification,CHMIEL Pawel (POL) / STEPHENSEN Gudmundur (ISL),KATKOV Ivan (UKR) / SARMATOV Alexei (UKR),STEPHENSEN Gudmundur (ISL),SARMATOV Alexei (UKR),2 - 3,13:15 8:11 11:7 11:7 10:12,CHMIEL Pawel,2005
St. Petersburg Open 2005,2005-11-03,GRACHEV Andrei/SARGSYAN Davit,SOKOLOVSKIJ Sergej/TUZHYLIN Olexandr,RUS,UKR,3,1,"11,11,10,13|6,5,12,11",QR64,GRAND_SLAM,MD,1757,Qualification,GRACHEV Andrei (RUS) / SARGSYAN Davit (ARM),SOKOLOVSKIJ Sergej (UKR) / TUZHYLIN Olexandr (UKR),SARGSYAN Davit (ARM),TUZHYLIN Olexandr (UKR),1 - 3,6:11 5:11 12:10 11:13,GRACHEV Andrei,2005
St. Petersburg Open 2005,2005-11-03,ANDRIANOV Sergei/SHMYREV Maxim,ASHIHMIN Volodymyr/GINKEL Sergyi,RUS,UKR,3,0,"11,11,11|4,3,3",QR64,GRAND_SLAM,MD,1757,Qualification,ANDRIANOV Sergei (RUS) / SHMYREV Maxim (RUS),ASHIHMIN Volodymyr (UKR) / GINKEL Sergyi (UKR),SHMYREV Maxim (RUS),GINKEL Sergyi (UKR),0 - 3,4:11 3:11 3:11,ANDRIANOV Sergei,2005
St. Petersburg Open 2005,2005-11-03,DIDUKH Oleksandr/ZHMUDENKO Yaroslav,GOLOVANOV Stanislav/TACHALOV Anton,UKR,BUL,3,0,"11,11,12|8,6,10",QR64,GRAND_SLAM,MD,1757,Qualification,DIDUKH Oleksandr (UKR) / ZHMUDENKO Yaroslav (UKR),GOLOVANOV Stanislav (BUL) / TACHALOV Anton (RUS),ZHMUDENKO Yaroslav (UKR),TACHALOV Anton (RUS),3 - 0,11:8 11:6 12:10,DIDUKH Oleksandr,2005
St. Petersburg Open 2005,2005-11-03,GAVRILOV Denis/SKACHKOV Kirill,KALACHEVSKYI Denys/PAVLINA Sergyi,RUS,UKR,3,0,"12,11,12|10,9,10",QR64,GRAND_SLAM,MD,1757,Qualification,GAVRILOV Denis (RUS) / SKACHKOV Kirill (RUS),KALACHEVSKYI Denys (UKR) / PAVLINA Sergyi (UKR),SKACHKOV Kirill (RUS),PAVLINA Sergyi (UKR),0 - 3,10:12 9:11 10:12,GAVRILOV Denis,2005
St. Petersburg Open 2005,2005-11-03,CHUMAKOU Dmitry/KUCHUK Aleksandr,DIDUKH Oleksandr/ZHMUDENKO Yaroslav,BLR,UKR,3,1,"11,13,11,11|6,15,7,8",QR32,GRAND_SLAM,MD,1757,Qualification,CHUMAKOU Dmitry (BLR) / KUCHUK Aleksandr (BLR),DIDUKH Oleksandr (UKR) / ZHMUDENKO Yaroslav (UKR),KUCHUK Aleksandr (BLR),ZHMUDENKO Yaroslav (UKR),1 - 3,6:11 15:13 7:11 8:11,CHUMAKOU Dmitry,2005
St. Petersburg Open 2005,2005-11-03,LIEVSHYN Vitaliy/PRYSHCHEPA Ievgen,BUROV Viacheslav/LAKEEV Vasily,UKR,RUS,3,2,"8,11,4,11,11|11,8,11,5,6",QR32,GRAND_SLAM,MD,1757,Qualification,LIEVSHYN Vitaliy (UKR) / PRYSHCHEPA Ievgen (UKR),BUROV Viacheslav (RUS) / LAKEEV Vasily (RUS),PRYSHCHEPA Ievgen (UKR),LAKEEV Vasily (RUS),3 - 2,8:11 11:8 4:11 11:5 11:6,LIEVSHYN Vitaliy,2005
St. Petersburg Open 2005,2005-11-03,GORAK Daniel/WANG Zengyi,LIEVSHYN Vitaliy/PRYSHCHEPA Ievgen,POL,UKR,3,0,"11,11,11|2,6,3",QR16,GRAND_SLAM,MD,1757,Qualification,GORAK Daniel (POL) / WANG Zengyi (POL),LIEVSHYN Vitaliy (UKR) / PRYSHCHEPA Ievgen (UKR),WANG Zengyi (POL),PRYSHCHEPA Ievgen (UKR),0 - 3,2:11 6:11 3:11,GORAK Daniel,2005
St. Petersburg Open 2005,2005-11-03,KOTIKHINA Irina/TIKHOMIROVA Anna,LI Qiangbing/PETZNER Martina,RUS,AUT,3,1,"11,11,11,11|8,3,13,7",QR16,GRAND_SLAM,WD,1757,Qualification,KOTIKHINA Irina (RUS) / TIKHOMIROVA Anna (RUS),LI Qiangbing (AUT) / PETZNER Martina (AUT),TIKHOMIROVA Anna (RUS),PETZNER Martina (AUT),1 - 3,8:11 3:11 13:11 7:11,KOTIKHINA Irina,2005
St. Petersburg Open 2005,2005-11-03,HEINE Veronika/LIU Jia,KULAGINA Tatjana/VORONOVA Anastasia,AUT,RUS,4,2,"11,12,8,11,7,11|5,10,11,8,11,6",R16,GRAND_SLAM,WD,1757,Main Draw,HEINE Veronika (AUT) / LIU Jia (AUT),KULAGINA Tatjana (RUS) / VORONOVA Anastasia (RUS),LIU Jia (AUT),VORONOVA Anastasia (RUS),4 - 2,11:5 12:10 8:11 11:8 7:11 11:6,HEINE Veronika,2005
St. Petersburg Open 2005,2005-11-03,HEINE Veronika/LIU Jia,ROHR Gaby/ROHR Meike,AUT,GER,4,1,"11,11,9,11,11|6,6,11,7,6",QuarterFinal,GRAND_SLAM,WD,1757,Main Draw,HEINE Veronika (AUT) / LIU Jia (AUT),ROHR Gaby (GER) / ROHR Meike (GER),LIU Jia (AUT),ROHR Meike (GER),4 - 1,11:6 11:6 9:11 11:7 11:6,HEINE Veronika,2005
St. Petersburg Open 2005,2005-11-03,PAVLOVICH Veronika/PAVLOVICH Viktoria,HEINE Veronika/LIU Jia,BLR,AUT,4,0,"14,11,11,11|12,2,9,4",SemiFinal,GRAND_SLAM,WD,1757,Main Draw,PAVLOVICH Veronika (BLR) / PAVLOVICH Viktoria (BLR),HEINE Veronika (AUT) / LIU Jia (AUT),PAVLOVICH Viktoria (BLR),LIU Jia (AUT),0 - 4,12:14 2:11 9:11 4:11,PAVLOVICH Veronika,2005
St. Petersburg Open 2005,2005-11-03,KIRITSA Liudmila/LOSOSOVSKAYA Olga,ERDELJI Anamaria/KOSTROMINA Tatyana (1973),RUS,SRB,3,0,"11,11,11|8,5,9",QR32,GRAND_SLAM,WD,1757,Qualification,KIRITSA Liudmila (RUS) / LOSOSOVSKAYA Olga (RUS),ERDELJI Anamaria (SRB) / KOSTROMINA Tatyana (1973) (BLR),LOSOSOVSKAYA Olga (RUS),KOSTROMINA Tatyana (1973) (BLR),0 - 3,8:11 5:11 9:11,KIRITSA Liudmila,2005
St. Petersburg Open 2005,2005-11-03,MOLNAR Zita/PERGEL Szandra,BARTOSOVA Hana/HARABASZOVA Lenka,HUN,CZE,3,1,"11,11,5,12|2,9,11,10",QR32,GRAND_SLAM,WD,1757,Qualification,MOLNAR Zita (HUN) / PERGEL Szandra (HUN),BARTOSOVA Hana (CZE) / HARABASZOVA Lenka (CZE),PERGEL Szandra (HUN),HARABASZOVA Lenka (CZE),1 - 3,2:11 9:11 11:5 10:12,MOLNAR Zita,2005
St. Petersburg Open 2005,2005-11-03,ROHR Gaby/ROHR Meike,XIAN Yifang/GOURIN Anne-Sophie,GER,FRA,3,2,"11,6,11,5,11|3,11,6,11,8",QR32,GRAND_SLAM,WD,1757,Qualification,ROHR Gaby (GER) / ROHR Meike (GER),XIAN Yifang (FRA) / GOURIN Anne-Sophie (FRA),ROHR Meike (GER),GOURIN Anne-Sophie (FRA),2 - 3,3:11 11:6 6:11 11:5 8:11,ROHR Gaby,2005
St. Petersburg Open 2005,2005-11-03,CAHOREAU Nathalie/COULIBALY Dieniouma,ANDREEVA Liidia/SMIRNOVA Maria,FRA,EST,3,2,"9,11,6,11,12|11,4,11,1,10",QR32,GRAND_SLAM,WD,1757,Qualification,CAHOREAU Nathalie (FRA) / COULIBALY Dieniouma (FRA),ANDREEVA Liidia (EST) / SMIRNOVA Maria (EST),COULIBALY Dieniouma (FRA),SMIRNOVA Maria (EST),3 - 2,9:11 11:4 6:11 11:1 12:10,CAHOREAU Nathalie,2005
St. Petersburg Open 2005,2005-11-03,MISIKONYTE Lina/PETUKHOVA Evgeniya,CAHOREAU Nathalie/COULIBALY Dieniouma,LTU,FRA,3,0,"11,11,15|6,9,13",QR16,GRAND_SLAM,WD,1757,Qualification,MISIKONYTE Lina (LTU) / PETUKHOVA Evgeniya (RUS),CAHOREAU Nathalie (FRA) / COULIBALY Dieniouma (FRA),PETUKHOVA Evgeniya (RUS),COULIBALY Dieniouma (FRA),0 - 3,6:11 9:11 13:15,MISIKONYTE Lina,2005
St. Petersburg Open 2005,2005-11-03,ROHR Gaby/ROHR Meike,KERTAI Rita/LOVAS Petra,GER,HUN,4,0,"11,11,11,11|7,9,5,4",R16,GRAND_SLAM,WD,1757,Main Draw,ROHR Gaby (GER) / ROHR Meike (GER),KERTAI Rita (HUN) / LOVAS Petra (HUN),ROHR Meike (GER),LOVAS Petra (HUN),4 - 0,11:7 11:9 11:5 11:4,ROHR Gaby,2005
St. Petersburg Open 2005,2005-11-03,PAVLOVICH Veronika/PAVLOVICH Viktoria,IVANCAN Irene/ROBERTSON Laura,BLR,GER,4,3,"9,11,7,11,5,13,11|11,1,11,5,11,11,7",R16,GRAND_SLAM,WD,1757,Main Draw,PAVLOVICH Veronika (BLR) / PAVLOVICH Viktoria (BLR),IVANCAN Irene (GER) / ROBERTSON Laura (GER),PAVLOVICH Viktoria (BLR),ROBERTSON Laura (GER),3 - 4,11:9 1:11 11:7 5:11 11:5 11:13 7:11,PAVLOVICH Veronika,2005
St. Petersburg Open 2005,2005-11-03,IVANCAN Irene/ROBERTSON Laura,AMBRUS Timea/LI Bin,GER,HUN,3,1,"11,5,12,11|4,11,10,5",QR16,GRAND_SLAM,WD,1757,Qualification,IVANCAN Irene (GER) / ROBERTSON Laura (GER),AMBRUS Timea (HUN) / LI Bin (HUN),ROBERTSON Laura (GER),LI Bin (HUN),1 - 3,4:11 11:5 10:12 5:11,IVANCAN Irene,2005
St. Petersburg Open 2005,2005-11-03,POTA Georgina/TOTH Krisztina,KOTIKHINA Irina/TIKHOMIROVA Anna,HUN,RUS,4,1,"12,8,11,11,11|10,11,8,7,2",R16,GRAND_SLAM,WD,1757,Main Draw,POTA Georgina (HUN) / TOTH Krisztina (HUN),KOTIKHINA Irina (RUS) / TIKHOMIROVA Anna (RUS),TOTH Krisztina (HUN),TIKHOMIROVA Anna (RUS),4 - 1,12:10 8:11 11:8 11:7 11:2,POTA Georgina,2005
St. Petersburg Open 2005,2005-11-03,POTA Georgina/TOTH Krisztina,STRBIKOVA Renata/VACENOVSKA Iveta,HUN,CZE,4,1,"6,11,11,12,11|11,1,4,10,8",QuarterFinal,GRAND_SLAM,WD,1757,Main Draw,POTA Georgina (HUN) / TOTH Krisztina (HUN),STRBIKOVA Renata (CZE) / VACENOVSKA Iveta (CZE),TOTH Krisztina (HUN),VACENOVSKA Iveta (CZE),4 - 1,6:11 11:1 11:4 12:10 11:8,POTA Georgina,2005
St. Petersburg Open 2005,2005-11-03,POTA Georgina/TOTH Krisztina,FADEEVA Oxana/KREKINA Svetlana,HUN,RUS,4,0,"11,11,11,11|4,9,5,4",SemiFinal,GRAND_SLAM,WD,1757,Main Draw,POTA Georgina (HUN) / TOTH Krisztina (HUN),FADEEVA Oxana (RUS) / KREKINA Svetlana (RUS),TOTH Krisztina (HUN),KREKINA Svetlana (RUS),4 - 0,11:4 11:9 11:5 11:4,POTA Georgina,2005
St. Petersburg Open 2005,2005-11-03,POTA Georgina/TOTH Krisztina,PAVLOVICH Veronika/PAVLOVICH Viktoria,HUN,BLR,4,1,"11,11,9,11,11|9,8,11,4,7",Final,GRAND_SLAM,WD,1757,Main Draw,POTA Georgina (HUN) / TOTH Krisztina (HUN),PAVLOVICH Veronika (BLR) / PAVLOVICH Viktoria (BLR),TOTH Krisztina (HUN),PAVLOVICH Viktoria (BLR),4 - 1,11:9 11:8 9:11 11:4 11:7,POTA Georgina,2005
St. Petersburg Open 2005,2005-11-03,KOTIKHINA Irina/TIKHOMIROVA Anna,DAS Mouma/GHATAK Poulomi,RUS,IND,3,1,"11,9,11,11|5,11,6,6",QR32,GRAND_SLAM,WD,1757,Qualification,KOTIKHINA Irina (RUS) / TIKHOMIROVA Anna (RUS),DAS Mouma (IND) / GHATAK Poulomi (IND),TIKHOMIROVA Anna (RUS),GHATAK Poulomi (IND),1 - 3,5:11 11:9 6:11 6:11,KOTIKHINA Irina,2005
St. Petersburg Open 2005,2005-11-03,ISHIZUKA Miwako/ONO Shiho,FETUKHINA Margarita/ISAEVA Anna,JPN,RUS,3,2,"11,11,11,11,11|6,13,5,13,7",QR32,GRAND_SLAM,WD,1757,Qualification,ISHIZUKA Miwako (JPN) / ONO Shiho (JPN),FETUKHINA Margarita (RUS) / ISAEVA Anna (RUS),ONO Shiho (JPN),ISAEVA Anna (RUS),3 - 2,11:6 11:13 11:5 11:13 11:7,ISHIZUKA Miwako,2005
St. Petersburg Open 2005,2005-11-03,ISHIZUKA Miwako/ONO Shiho,MARKOVA Ekaterina/KUZMINA Elena,JPN,RUS,3,1,"11,7,11,11|4,11,6,4",QR16,GRAND_SLAM,WD,1757,Qualification,ISHIZUKA Miwako (JPN) / ONO Shiho (JPN),MARKOVA Ekaterina (RUS) / KUZMINA Elena (RUS),ONO Shiho (JPN),KUZMINA Elena (RUS),3 - 1,11:4 7:11 11:6 11:4,ISHIZUKA Miwako,2005
St. Petersburg Open 2005,2005-11-03,ROHR Gaby/ROHR Meike,ISHIGAKI Yuka/TERUI Moemi,GER,JPN,3,1,"11,8,11,11|7,11,6,6",QR16,GRAND_SLAM,WD,1757,Qualification,ROHR Gaby (GER) / ROHR Meike (GER),ISHIGAKI Yuka (JPN) / TERUI Moemi (JPN),ROHR Meike (GER),TERUI Moemi (JPN),1 - 3,7:11 11:8 6:11 6:11,ROHR Gaby,2005
St. Petersburg Open 2005,2005-11-03,MISIKONYTE Lina/PETUKHOVA Evgeniya,CICHOCKA Magdalena/XU Jie (1982),LTU,POL,3,0,"12,11,11|10,8,6",QR32,GRAND_SLAM,WD,1757,Qualification,MISIKONYTE Lina (LTU) / PETUKHOVA Evgeniya (RUS),CICHOCKA Magdalena (POL) / XU Jie (1982) (POL),PETUKHOVA Evgeniya (RUS),XU Jie (1982) (POL),0 - 3,10:12 8:11 6:11,MISIKONYTE Lina,2005
St. Petersburg Open 2005,2005-11-03,MARKOVA Ekaterina/KUZMINA Elena,GRUNDISCH Carole/NECULA Iulia,RUS,FRA,3,1,"17,11,11,11|15,6,13,8",QR32,GRAND_SLAM,WD,1757,Qualification,MARKOVA Ekaterina (RUS) / KUZMINA Elena (RUS),GRUNDISCH Carole (FRA) / NECULA Iulia (ROU),KUZMINA Elena (RUS),NECULA Iulia (ROU),3 - 1,17:15 11:6 11:13 11:8,MARKOVA Ekaterina,2005
St. Petersburg Open 2005,2005-11-03,KULAGINA Tatjana/VORONOVA Anastasia,KARAGODINA Inna/PRIVALOVA Alexandra,RUS,BLR,3,1,"11,6,11,11|8,11,7,6",QR32,GRAND_SLAM,WD,1757,Qualification,KULAGINA Tatjana (RUS) / VORONOVA Anastasia (RUS),KARAGODINA Inna (BLR) / PRIVALOVA Alexandra (BLR),VORONOVA Anastasia (RUS),PRIVALOVA Alexandra (BLR),3 - 1,11:8 6:11 11:7 11:6,KULAGINA Tatjana,2005
St. Petersburg Open 2005,2005-11-03,ISHIGAKI Yuka/TERUI Moemi,LEMESHEVSKAYA Valeriya/SHAVYRINA Marina,JPN,RUS,3,0,"11,11,14|6,4,12",QR32,GRAND_SLAM,WD,1757,Qualification,ISHIGAKI Yuka (JPN) / TERUI Moemi (JPN),LEMESHEVSKAYA Valeriya (RUS) / SHAVYRINA Marina (RUS),TERUI Moemi (JPN),SHAVYRINA Marina (RUS),0 - 3,6:11 4:11 12:14,ISHIGAKI Yuka,2005
St. Petersburg Open 2005,2005-11-03,KULAGINA Tatjana/VORONOVA Anastasia,KIRITSA Liudmila/LOSOSOVSKAYA Olga,RUS,RUS,3,2,"8,11,11,10,11|11,9,6,12,9",QR16,GRAND_SLAM,WD,1757,Qualification,KULAGINA Tatjana (RUS) / VORONOVA Anastasia (RUS),KIRITSA Liudmila (RUS) / LOSOSOVSKAYA Olga (RUS),VORONOVA Anastasia (RUS),LOSOSOVSKAYA Olga (RUS),3 - 2,8:11 11:9 11:6 10:12 11:9,KULAGINA Tatjana,2005
St. Petersburg Open 2005,2005-11-03,PROKHOROVA Yulia/DOLGIKH Maria,PASKAUSKIENE Ruta/ODOROVA Eva,RUS,LTU,3,0,"11,12,12|6,10,10",QR16,GRAND_SLAM,WD,1757,Qualification,PROKHOROVA Yulia (RUS) / DOLGIKH Maria (RUS),PASKAUSKIENE Ruta (LTU) / ODOROVA Eva (SVK),DOLGIKH Maria (RUS),ODOROVA Eva (SVK),3 - 0,11:6 12:10 12:10,PROKHOROVA Yulia,2005
St. Petersburg Open 2005,2005-11-03,MOLNAR Zita/PERGEL Szandra,ABRAMOVA Natalia/AKHMETOVA Liubov,HUN,RUS,3,0,"11,12,11|3,10,6",QR16,GRAND_SLAM,WD,1757,Qualification,MOLNAR Zita (HUN) / PERGEL Szandra (HUN),ABRAMOVA Natalia (RUS) / AKHMETOVA Liubov (RUS),PERGEL Szandra (HUN),AKHMETOVA Liubov (RUS),0 - 3,3:11 10:12 6:11,MOLNAR Zita,2005
St. Petersburg Open 2005,2005-11-03,STRBIKOVA Renata/VACENOVSKA Iveta,MISIKONYTE Lina/PETUKHOVA Evgeniya,CZE,LTU,4,1,"11,11,9,11,12|8,7,11,9,10",R16,GRAND_SLAM,WD,1757,Main Draw,STRBIKOVA Renata (CZE) / VACENOVSKA Iveta (CZE),MISIKONYTE Lina (LTU) / PETUKHOVA Evgeniya (RUS),VACENOVSKA Iveta (CZE),PETUKHOVA Evgeniya (RUS),1 - 4,8:11 7:11 11:9 9:11 10:12,STRBIKOVA Renata,2005
St. Petersburg Open 2005,2005-11-03,FADEEVA Oxana/KREKINA Svetlana,ISHIZUKA Miwako/ONO Shiho,RUS,JPN,4,0,"11,11,11,11|5,2,9,5",R16,GRAND_SLAM,WD,1757,Main Draw,FADEEVA Oxana (RUS) / KREKINA Svetlana (RUS),ISHIZUKA Miwako (JPN) / ONO Shiho (JPN),KREKINA Svetlana (RUS),ONO Shiho (JPN),4 - 0,11:5 11:2 11:9 11:5,FADEEVA Oxana,2005
St. Petersburg Open 2005,2005-11-03,PROKHOROVA Yulia/DOLGIKH Maria,LANG Kristin/SCHALL Elke,RUS,GER,4,2,"12,11,11,8,8,11|10,3,9,11,11,7",R16,GRAND_SLAM,WD,1757,Main Draw,PROKHOROVA Yulia (RUS) / DOLGIKH Maria (RUS),LANG Kristin (GER) / SCHALL Elke (GER),DOLGIKH Maria (RUS),SCHALL Elke (GER),4 - 2,12:10 11:3 11:9 8:11 8:11 11:7,PROKHOROVA Yulia,2005
St. Petersburg Open 2005,2005-11-03,GANINA Svetlana/PALINA Irina,MOLNAR Zita/PERGEL Szandra,RUS,HUN,4,0,"11,11,11,11|6,7,5,6",R16,GRAND_SLAM,WD,1757,Main Draw,GANINA Svetlana (RUS) / PALINA Irina (RUS),MOLNAR Zita (HUN) / PERGEL Szandra (HUN),PALINA Irina (RUS),PERGEL Szandra (HUN),4 - 0,11:6 11:7 11:5 11:6,GANINA Svetlana,2005
St. Petersburg Open 2005,2005-11-03,FADEEVA Oxana/KREKINA Svetlana,PROKHOROVA Yulia/DOLGIKH Maria,RUS,RUS,4,0,"11,11,11,11|7,5,8,9",QuarterFinal,GRAND_SLAM,WD,1757,Main Draw,FADEEVA Oxana (RUS) / KREKINA Svetlana (RUS),PROKHOROVA Yulia (RUS) / DOLGIKH Maria (RUS),KREKINA Svetlana (RUS),DOLGIKH Maria (RUS),4 - 0,11:7 11:5 11:8 11:9,FADEEVA Oxana,2005
St. Petersburg Open 2005,2005-11-03,PAVLOVICH Veronika/PAVLOVICH Viktoria,GANINA Svetlana/PALINA Irina,BLR,RUS,4,2,"6,10,11,11,11,11|11,12,8,6,7,6",QuarterFinal,GRAND_SLAM,WD,1757,Main Draw,PAVLOVICH Veronika (BLR) / PAVLOVICH Viktoria (BLR),GANINA Svetlana (RUS) / PALINA Irina (RUS),PAVLOVICH Viktoria (BLR),PALINA Irina (RUS),2 - 4,11:6 12:10 8:11 6:11 7:11 6:11,PAVLOVICH Veronika,2005
Men's World Cup Liege 2005,2005-10-21,BOLL Timo,WANG Liqin,GER,CHN,4,3,"3,9,11,14,11,2,11|11,11,6,12,9,11,7",QuarterFinal,WORLD_CUP,MS,1755,Main Draw,BOLL Timo (GER),WANG Liqin (CHN),,,4 - 3,3:11 9:11 11:6 14:12 11:9 2:11 11:7,BOLL Timo,2005
Men's World Cup Liege 2005,2005-10-21,MA Lin,RYU Seungmin,CHN,KOR,4,1,"11,11,9,11,11|9,8,11,6,8",QuarterFinal,WORLD_CUP,MS,1755,Main Draw,MA Lin (CHN),RYU Seungmin (KOR),,,4 - 1,11:9 11:8 9:11 11:6 11:8,MA Lin,2005
Men's World Cup Liege 2005,2005-10-21,WANG Hao,SAIVE Jean-Michel,CHN,BEL,4,2,"11,6,9,11,11,11|3,11,11,6,9,6",QuarterFinal,WORLD_CUP,MS,1755,Main Draw,WANG Hao (CHN),SAIVE Jean-Michel (BEL),,,4 - 2,11:3 6:11 9:11 11:6 11:9 11:6,WANG Hao,2005
Men's World Cup Liege 2005,2005-10-21,SAMSONOV Vladimir,MAZE Michael,BLR,DEN,4,1,"13,11,11,3,11|11,3,5,11,9",QuarterFinal,WORLD_CUP,MS,1755,Main Draw,SAMSONOV Vladimir (BLR),MAZE Michael (DEN),,,4 - 1,13:11 11:3 11:5 3:11 11:9,SAMSONOV Vladimir,2005
Men's World Cup Liege 2005,2005-10-21,BOLL Timo,MA Lin,GER,CHN,4,3,"11,5,11,6,11,8,11|9,11,7,11,8,11,6",SemiFinal,WORLD_CUP,MS,1755,Main Draw,BOLL Timo (GER),MA Lin (CHN),,,4 - 3,11:9 5:11 11:7 6:11 11:8 8:11 11:6,BOLL Timo,2005
Men's World Cup Liege 2005,2005-10-21,WANG Hao,SAMSONOV Vladimir,CHN,BLR,4,1,"11,7,11,11,11|8,11,9,4,6",SemiFinal,WORLD_CUP,MS,1755,Main Draw,WANG Hao (CHN),SAMSONOV Vladimir (BLR),,,4 - 1,11:8 7:11 11:9 11:4 11:6,WANG Hao,2005
Men's World Cup Liege 2005,2005-10-21,BOLL Timo,WANG Hao,GER,CHN,4,3,"11,4,11,3,11,11,11|3,11,8,11,13,8,5",Final,WORLD_CUP,MS,1755,Main Draw,BOLL Timo (GER),WANG Hao (CHN),,,4 - 3,11:3 4:11 11:8 3:11 11:13 11:8 11:5,BOLL Timo,2005
Men's World Cup Liege 2005,2005-10-21,MA Lin,SAMSONOV Vladimir,CHN,BLR,4,2,"11,11,9,11,8,13|9,7,11,8,11,11",2,WORLD_CUP,MS,1755,Position Draw,MA Lin (CHN),SAMSONOV Vladimir (BLR),,,4 - 2,11:9 11:7 9:11 11:8 8:11 13:11,MA Lin,2005
Men's World Cup Liege 2005,2005-10-21,WANG Liqin,MAZE Michael,CHN,DEN,4,1,"11,13,8,11,11|6,11,11,5,2",,WORLD_CUP,MS,1755,Qualification,WANG Liqin (CHN),MAZE Michael (DEN),,,4 - 1,11:6 13:11 8:11 11:5 11:2,WANG Liqin,2005
Men's World Cup Liege 2005,2005-10-21,OH Sangeun,LIN Ju,KOR,DOM,4,1,"11,11,11,9,11|7,8,6,11,5",QR2,WORLD_CUP,MS,1755,Qualification,OH Sangeun (KOR),LIN Ju (DOM),,,4 - 1,11:7 11:8 11:6 9:11 11:5,OH Sangeun,2005
Men's World Cup Liege 2005,2005-10-21,MAZE Michael,LIN Ju,DEN,DOM,4,1,"11,6,11,11,11|3,11,6,6,2",3,WORLD_CUP,MS,1755,Qualification,MAZE Michael (DEN),LIN Ju (DOM),,,4 - 1,11:3 6:11 11:6 11:6 11:2,MAZE Michael,2005
Men's World Cup Liege 2005,2005-10-21,WANG Liqin,OH Sangeun,CHN,KOR,4,0,"11,11,11,11|4,9,7,5",QR4,WORLD_CUP,MS,1755,Qualification,WANG Liqin (CHN),OH Sangeun (KOR),,,4 - 0,11:4 11:9 11:7 11:5,WANG Liqin,2005
Men's World Cup Liege 2005,2005-10-21,WANG Liqin,LIN Ju,CHN,DOM,4,0,"11,11,11,11|4,9,6,9",5,WORLD_CUP,MS,1755,Qualification,WANG Liqin (CHN),LIN Ju (DOM),,,4 - 0,11:4 11:9 11:6 11:9,WANG Liqin,2005
Men's World Cup Liege 2005,2005-10-21,MAZE Michael,OH Sangeun,DEN,KOR,4,1,"11,10,14,11,11|7,12,12,4,5",6,WORLD_CUP,MS,1755,Qualification,MAZE Michael (DEN),OH Sangeun (KOR),,,1 - 4,7:11 12:10 12:14 4:11 5:11,MAZE Michael,2005
Men's World Cup Liege 2005,2005-10-21,BOLL Timo,CHUANG Chih-Yuan,GER,TPE,4,1,"6,12,13,11,12|11,10,11,6,10",,WORLD_CUP,MS,1755,Qualification,BOLL Timo (GER),CHUANG Chih-Yuan (TPE),,,4 - 1,6:11 12:10 13:11 11:6 12:10,BOLL Timo,2005
Men's World Cup Liege 2005,2005-10-21,SAMSONOV Vladimir,HENZELL William,BLR,AUS,4,0,"11,11,11,11|7,9,3,6",QR2,WORLD_CUP,MS,1755,Qualification,SAMSONOV Vladimir (BLR),HENZELL William (AUS),,,4 - 0,11:7 11:9 11:3 11:6,SAMSONOV Vladimir,2005
Men's World Cup Liege 2005,2005-10-21,CHUANG Chih-Yuan,HENZELL William,TPE,AUS,4,1,"10,11,11,11,11|12,6,5,9,6",3,WORLD_CUP,MS,1755,Qualification,CHUANG Chih-Yuan (TPE),HENZELL William (AUS),,,4 - 1,10:12 11:6 11:5 11:9 11:6,CHUANG Chih-Yuan,2005
Men's World Cup Liege 2005,2005-10-21,SAMSONOV Vladimir,BOLL Timo,BLR,GER,4,2,"8,15,11,9,11,11|11,13,7,11,8,8",QR4,WORLD_CUP,MS,1755,Qualification,SAMSONOV Vladimir (BLR),BOLL Timo (GER),,,2 - 4,11:8 13:15 7:11 11:9 8:11 8:11,SAMSONOV Vladimir,2005
Men's World Cup Liege 2005,2005-10-21,BOLL Timo,HENZELL William,GER,AUS,4,1,"11,12,9,11,11|4,10,11,8,7",5,WORLD_CUP,MS,1755,Qualification,BOLL Timo (GER),HENZELL William (AUS),,,4 - 1,11:4 12:10 9:11 11:8 11:7,BOLL Timo,2005
Men's World Cup Liege 2005,2005-10-21,SAMSONOV Vladimir,CHUANG Chih-Yuan,BLR,TPE,4,0,"11,11,11,11|4,4,8,8",6,WORLD_CUP,MS,1755,Qualification,SAMSONOV Vladimir (BLR),CHUANG Chih-Yuan (TPE),,,4 - 0,11:4 11:4 11:8 11:8,SAMSONOV Vladimir,2005
Men's World Cup Liege 2005,2005-10-21,MA Lin,SAIVE Jean-Michel,CHN,BEL,4,1,"11,12,9,11,11|6,10,11,9,9",,WORLD_CUP,MS,1755,Qualification,MA Lin (CHN),SAIVE Jean-Michel (BEL),,,4 - 1,11:6 12:10 9:11 11:9 11:9,MA Lin,2005
Men's World Cup Liege 2005,2005-10-21,KREANGA Kalinikos,SALEH Ahmed,GRE,EGY,4,0,"11,11,11,11|5,9,2,7",QR2,WORLD_CUP,MS,1755,Qualification,KREANGA Kalinikos (GRE),SALEH Ahmed (EGY),,,4 - 0,11:5 11:9 11:2 11:7,KREANGA Kalinikos,2005
Men's World Cup Liege 2005,2005-10-21,SAIVE Jean-Michel,SALEH Ahmed,BEL,EGY,4,0,"11,11,11,11|8,4,9,6",3,WORLD_CUP,MS,1755,Qualification,SAIVE Jean-Michel (BEL),SALEH Ahmed (EGY),,,4 - 0,11:8 11:4 11:9 11:6,SAIVE Jean-Michel,2005
Men's World Cup Liege 2005,2005-10-21,MA Lin,KREANGA Kalinikos,CHN,GRE,4,1,"11,11,6,12,11|4,8,11,10,7",QR4,WORLD_CUP,MS,1755,Qualification,MA Lin (CHN),KREANGA Kalinikos (GRE),,,4 - 1,11:4 11:8 6:11 12:10 11:7,MA Lin,2005
Men's World Cup Liege 2005,2005-10-21,MA Lin,SALEH Ahmed,CHN,EGY,4,1,"11,11,15,11,11|6,7,17,7,9",5,WORLD_CUP,MS,1755,Qualification,MA Lin (CHN),SALEH Ahmed (EGY),,,4 - 1,11:6 11:7 15:17 11:7 11:9,MA Lin,2005
Men's World Cup Liege 2005,2005-10-21,SAIVE Jean-Michel,KREANGA Kalinikos,BEL,GRE,4,3,"9,12,11,8,11,8,12|11,10,9,11,7,11,10",6,WORLD_CUP,MS,1755,Qualification,SAIVE Jean-Michel (BEL),KREANGA Kalinikos (GRE),,,3 - 4,11:9 10:12 9:11 11:8 7:11 11:8 10:12,SAIVE Jean-Michel,2005
Men's World Cup Liege 2005,2005-10-21,WANG Hao,CHEN Weixing,CHN,AUT,4,3,"11,11,10,11,11,6,11|8,9,12,13,6,11,6",,WORLD_CUP,MS,1755,Qualification,WANG Hao (CHN),CHEN Weixing (AUT),,,4 - 3,11:8 11:9 10:12 11:13 11:6 6:11 11:6,WANG Hao,2005
Men's World Cup Liege 2005,2005-10-21,RYU Seungmin,CSABA Bence,KOR,CAN,4,0,"11,11,12,11|4,5,10,7",QR2,WORLD_CUP,MS,1755,Qualification,RYU Seungmin (KOR),CSABA Bence (CAN),,,4 - 0,11:4 11:5 12:10 11:7,RYU Seungmin,2005
Men's World Cup Liege 2005,2005-10-21,CHEN Weixing,CSABA Bence,AUT,CAN,4,0,"11,11,11,11|3,4,4,4",3,WORLD_CUP,MS,1755,Qualification,CHEN Weixing (AUT),CSABA Bence (CAN),,,4 - 0,11:3 11:4 11:4 11:4,CHEN Weixing,2005
Men's World Cup Liege 2005,2005-10-21,WANG Hao,RYU Seungmin,CHN,KOR,4,3,"5,9,11,11,11,14,11|11,11,7,7,6,16,2",QR4,WORLD_CUP,MS,1755,Qualification,WANG Hao (CHN),RYU Seungmin (KOR),,,4 - 3,5:11 9:11 11:7 11:7 11:6 14:16 11:2,WANG Hao,2005
Men's World Cup Liege 2005,2005-10-21,WANG Hao,CSABA Bence,CHN,CAN,4,0,"11,11,11,11|5,9,5,2",5,WORLD_CUP,MS,1755,Qualification,WANG Hao (CHN),CSABA Bence (CAN),,,4 - 0,11:5 11:9 11:5 11:2,WANG Hao,2005
Men's World Cup Liege 2005,2005-10-21,RYU Seungmin,CHEN Weixing,KOR,AUT,4,1,"11,11,9,12,11|3,6,11,10,9",6,WORLD_CUP,MS,1755,Qualification,RYU Seungmin (KOR),CHEN Weixing (AUT),,,4 - 1,11:3 11:6 9:11 12:10 11:9,RYU Seungmin,2005
Japan Open Yokohama 2005,2005-09-22,TAN Ruiwu,OYA Hidetoshi,CRO,JPN,4,0,"11,12,11,11|6,10,6,8",,GRAND_SLAM,MS,1754,Qualification,TAN Ruiwu (CRO),OYA Hidetoshi (JPN),,,4 - 0,11:6 12:10 11:6 11:8,TAN Ruiwu,2005
Japan Open Yokohama 2005,2005-09-22,TAN Ruiwu,VOSTES Yannick,CRO,BEL,4,0,"11,11,12,11|8,3,10,2",QR2,GRAND_SLAM,MS,1754,Qualification,TAN Ruiwu (CRO),VOSTES Yannick (BEL),,,4 - 0,11:8 11:3 12:10 11:2,TAN Ruiwu,2005
Japan Open Yokohama 2005,2005-09-22,OYA Hidetoshi,VOSTES Yannick,JPN,BEL,4,1,"11,11,8,11,11|0,8,11,9,5",3,GRAND_SLAM,MS,1754,Qualification,OYA Hidetoshi (JPN),VOSTES Yannick (BEL),,,1 - 4,0:11 8:11 11:8 9:11 5:11,OYA Hidetoshi,2005
Japan Open Yokohama 2005,2005-09-22,KEINATH Thomas,LEE Bumhyung,SVK,KOR,4,0,"11,11,11,11|8,5,8,9",,GRAND_SLAM,MS,1754,Qualification,KEINATH Thomas (SVK),LEE Bumhyung (KOR),,,4 - 0,11:8 11:5 11:8 11:9,KEINATH Thomas,2005
Japan Open Yokohama 2005,2005-09-22,KEINATH Thomas,CHIANG Hung-Chieh,SVK,TPE,4,2,"3,11,5,11,11,12|11,3,11,7,4,10",QR2,GRAND_SLAM,MS,1754,Qualification,KEINATH Thomas (SVK),CHIANG Hung-Chieh (TPE),,,4 - 2,3:11 11:3 5:11 11:7 11:4 12:10,KEINATH Thomas,2005
Japan Open Yokohama 2005,2005-09-22,CHIANG Hung-Chieh,LEE Bumhyung,TPE,KOR,4,3,"7,7,11,11,9,11,11|11,11,3,7,11,4,2",3,GRAND_SLAM,MS,1754,Qualification,CHIANG Hung-Chieh (TPE),LEE Bumhyung (KOR),,,4 - 3,7:11 7:11 11:3 11:7 9:11 11:4 11:2,CHIANG Hung-Chieh,2005
Japan Open Yokohama 2005,2005-09-22,LIM Jaehyun,YOKOYAMA Yuichi,KOR,JPN,4,1,"11,10,11,11,11|7,12,8,7,3",,GRAND_SLAM,MS,1754,Qualification,LIM Jaehyun (KOR),YOKOYAMA Yuichi (JPN),,,4 - 1,11:7 10:12 11:8 11:7 11:3,LIM Jaehyun,2005
Japan Open Yokohama 2005,2005-09-22,LIM Jaehyun,ELENSKY Gregory,KOR,ISR,4,2,"11,10,7,11,11,11|7,12,11,6,6,8",QR2,GRAND_SLAM,MS,1754,Qualification,LIM Jaehyun (KOR),ELENSKY Gregory (ISR),,,4 - 2,11:7 10:12 7:11 11:6 11:6 11:8,LIM Jaehyun,2005
Japan Open Yokohama 2005,2005-09-22,YOKOYAMA Yuichi,ELENSKY Gregory,JPN,ISR,4,1,"11,11,11,10,11|5,4,6,12,5",3,GRAND_SLAM,MS,1754,Qualification,YOKOYAMA Yuichi (JPN),ELENSKY Gregory (ISR),,,1 - 4,5:11 4:11 6:11 12:10 5:11,YOKOYAMA Yuichi,2005
Japan Open Yokohama 2005,2005-09-22,TOSIC Roko,MATSUDAIRA Kenta,CRO,JPN,4,3,"11,11,5,5,11,9,11|9,9,11,11,5,11,5",,GRAND_SLAM,MS,1754,Qualification,TOSIC Roko (CRO),MATSUDAIRA Kenta (JPN),,,4 - 3,11:9 11:9 5:11 5:11 11:5 9:11 11:5,TOSIC Roko,2005
Japan Open Yokohama 2005,2005-09-22,KONGSGAARD Christian,TOSIC Roko,DEN,CRO,4,1,"11,11,7,13,11|4,7,11,11,6",QR2,GRAND_SLAM,MS,1754,Qualification,KONGSGAARD Christian (DEN),TOSIC Roko (CRO),,,1 - 4,4:11 7:11 11:7 11:13 6:11,KONGSGAARD Christian,2005
Japan Open Yokohama 2005,2005-09-22,KONGSGAARD Christian,MATSUDAIRA Kenta,DEN,JPN,4,2,"11,11,7,11,10,11|9,6,11,3,12,3",3,GRAND_SLAM,MS,1754,Qualification,KONGSGAARD Christian (DEN),MATSUDAIRA Kenta (JPN),,,4 - 2,11:9 11:6 7:11 11:3 10:12 11:3,KONGSGAARD Christian,2005
Japan Open Yokohama 2005,2005-09-22,YANG Zi,SUN Wen-Wei,SGP,TPE,4,0,"19,11,11,11|17,5,9,5",,GRAND_SLAM,MS,1754,Qualification,YANG Zi (SGP),SUN Wen-Wei (TPE),,,4 - 0,19:17 11:5 11:9 11:5,YANG Zi,2005
Japan Open Yokohama 2005,2005-09-22,YANG Zi,OVTCHAROV Dimitrij,SGP,GER,4,0,"11,11,11,11|9,7,5,4",QR2,GRAND_SLAM,MS,1754,Qualification,YANG Zi (SGP),OVTCHAROV Dimitrij (GER),,,4 - 0,11:9 11:7 11:5 11:4,YANG Zi,2005
Japan Open Yokohama 2005,2005-09-22,OVTCHAROV Dimitrij,SUN Wen-Wei,GER,TPE,4,0,"11,11,11,11|4,3,2,6",3,GRAND_SLAM,MS,1754,Qualification,OVTCHAROV Dimitrij (GER),SUN Wen-Wei (TPE),,,4 - 0,11:4 11:3 11:2 11:6,OVTCHAROV Dimitrij,2005
Japan Open Yokohama 2005,2005-09-22,CHANG Yen-Shu,SALIFOU Abdel-Kader,TPE,BEN,4,1,"11,11,12,9,11|3,2,10,11,7",,GRAND_SLAM,MS,1754,Qualification,CHANG Yen-Shu (TPE),SALIFOU Abdel-Kader (BEN),,,4 - 1,11:3 11:2 12:10 9:11 11:7,CHANG Yen-Shu,2005
Japan Open Yokohama 2005,2005-09-22,CHANG Yen-Shu,BAUM Patrick,TPE,GER,4,1,"11,11,13,12,11|8,8,15,10,5",QR2,GRAND_SLAM,MS,1754,Qualification,CHANG Yen-Shu (TPE),BAUM Patrick (GER),,,4 - 1,11:8 11:8 13:15 12:10 11:5,CHANG Yen-Shu,2005
Japan Open Yokohama 2005,2005-09-22,BAUM Patrick,SALIFOU Abdel-Kader,GER,BEN,4,0,"11,11,11,11|4,9,6,6",3,GRAND_SLAM,MS,1754,Qualification,BAUM Patrick (GER),SALIFOU Abdel-Kader (BEN),,,4 - 0,11:4 11:9 11:6 11:6,BAUM Patrick,2005
Japan Open Yokohama 2005,2005-09-22,TUGWELL Finn,BAUBET Vincent,DEN,FRA,4,0,"11,11,11,11|5,7,9,4",,GRAND_SLAM,MS,1754,Qualification,TUGWELL Finn (DEN),BAUBET Vincent (FRA),,,4 - 0,11:5 11:7 11:9 11:4,TUGWELL Finn,2005
Japan Open Yokohama 2005,2005-09-22,TAKAKIWA Taku,TUGWELL Finn,JPN,DEN,4,2,"11,11,9,11,4,11|5,9,11,6,11,9",QR2,GRAND_SLAM,MS,1754,Qualification,TAKAKIWA Taku (JPN),TUGWELL Finn (DEN),,,2 - 4,5:11 9:11 11:9 6:11 11:4 9:11,TAKAKIWA Taku,2005
Japan Open Yokohama 2005,2005-09-22,TAKAKIWA Taku,BAUBET Vincent,JPN,FRA,4,0,"11,11,11,11|6,9,3,6",3,GRAND_SLAM,MS,1754,Qualification,TAKAKIWA Taku (JPN),BAUBET Vincent (FRA),,,4 - 0,11:6 11:9 11:3 11:6,TAKAKIWA Taku,2005
Japan Open Yokohama 2005,2005-09-22,YOON Jaeyoung,VIPAWATANAKUL Sithichok,KOR,AUS,4,1,"11,8,11,11,11|5,11,1,2,6",,GRAND_SLAM,MS,1754,Qualification,YOON Jaeyoung (KOR),VIPAWATANAKUL Sithichok (AUS),,,4 - 1,11:5 8:11 11:1 11:2 11:6,YOON Jaeyoung,2005
Japan Open Yokohama 2005,2005-09-22,YOON Jaeyoung,TAKAKIWA Kenichi,KOR,JPN,4,0,"11,11,11,13|8,7,8,11",QR2,GRAND_SLAM,MS,1754,Qualification,YOON Jaeyoung (KOR),TAKAKIWA Kenichi (JPN),,,4 - 0,11:8 11:7 11:8 13:11,YOON Jaeyoung,2005
Japan Open Yokohama 2005,2005-09-22,TAKAKIWA Kenichi,VIPAWATANAKUL Sithichok,JPN,AUS,4,1,"7,11,11,11,11|11,7,4,9,5",3,GRAND_SLAM,MS,1754,Qualification,TAKAKIWA Kenichi (JPN),VIPAWATANAKUL Sithichok (AUS),,,4 - 1,7:11 11:7 11:4 11:9 11:5,TAKAKIWA Kenichi,2005
Japan Open Yokohama 2005,2005-09-22,GERELL Par,ZHANG Wilson,SWE,CAN,4,3,"11,11,8,7,11,7,11|8,4,11,11,5,11,6",,GRAND_SLAM,MS,1754,Qualification,GERELL Par (SWE),ZHANG Wilson (CAN),,,4 - 3,11:8 11:4 8:11 7:11 11:5 7:11 11:6,GERELL Par,2005
Japan Open Yokohama 2005,2005-09-22,GERELL Par,KIM Junghoon,SWE,KOR,4,1,"7,11,11,13,11|11,5,8,11,8",QR2,GRAND_SLAM,MS,1754,Qualification,GERELL Par (SWE),KIM Junghoon (KOR),,,4 - 1,7:11 11:5 11:8 13:11 11:8,GERELL Par,2005
Japan Open Yokohama 2005,2005-09-22,ZHANG Wilson,KIM Junghoon,CAN,KOR,4,1,"12,11,12,4,11|10,7,10,11,6",3,GRAND_SLAM,MS,1754,Qualification,ZHANG Wilson (CAN),KIM Junghoon (KOR),,,1 - 4,10:12 7:11 10:12 11:4 6:11,ZHANG Wilson,2005
Japan Open Yokohama 2005,2005-09-22,CHO Eonrae,VIPAWATANAKUL Tanawat,KOR,THA,4,0,"11,11,11,11|4,5,5,8",,GRAND_SLAM,MS,1754,Qualification,CHO Eonrae (KOR),VIPAWATANAKUL Tanawat (THA),,,4 - 0,11:4 11:5 11:5 11:8,CHO Eonrae,2005
Japan Open Yokohama 2005,2005-09-22,CHO Eonrae,MITAMURA Muneaki,KOR,JPN,4,2,"11,12,3,4,11,11|8,10,11,11,8,9",QR2,GRAND_SLAM,MS,1754,Qualification,CHO Eonrae (KOR),MITAMURA Muneaki (JPN),,,4 - 2,11:8 12:10 3:11 4:11 11:8 11:9,CHO Eonrae,2005
Japan Open Yokohama 2005,2005-09-22,MITAMURA Muneaki,VIPAWATANAKUL Tanawat,JPN,THA,4,1,"14,11,9,11,11|12,2,11,1,9",3,GRAND_SLAM,MS,1754,Qualification,MITAMURA Muneaki (JPN),VIPAWATANAKUL Tanawat (THA),,,4 - 1,14:12 11:2 9:11 11:1 11:9,MITAMURA Muneaki,2005
Japan Open Yokohama 2005,2005-09-22,KISHIKAWA Seiya,KIM Jungkyu,JPN,KOR,4,1,"8,11,11,11,11|11,3,6,7,6",,GRAND_SLAM,MS,1754,Qualification,KISHIKAWA Seiya (JPN),KIM Jungkyu (KOR),,,4 - 1,8:11 11:3 11:6 11:7 11:6,KISHIKAWA Seiya,2005
Japan Open Yokohama 2005,2005-09-22,KISHIKAWA Seiya,BERTIN Christophe,JPN,FRA,4,3,"11,11,8,5,11,11,11|5,13,11,11,8,5,7",QR2,GRAND_SLAM,MS,1754,Qualification,KISHIKAWA Seiya (JPN),BERTIN Christophe (FRA),,,4 - 3,11:5 11:13 8:11 5:11 11:8 11:5 11:7,KISHIKAWA Seiya,2005
Japan Open Yokohama 2005,2005-09-22,BERTIN Christophe,KIM Jungkyu,FRA,KOR,4,1,"11,11,11,8,11|6,6,6,11,7",3,GRAND_SLAM,MS,1754,Qualification,BERTIN Christophe (FRA),KIM Jungkyu (KOR),,,4 - 1,11:6 11:6 11:6 8:11 11:7,BERTIN Christophe,2005
Japan Open Yokohama 2005,2005-09-22,WU Chih-Chi,MA Liang,TPE,SGP,4,2,"7,11,11,11,10,12|11,5,3,7,12,10",,GRAND_SLAM,MS,1754,Qualification,WU Chih-Chi (TPE),MA Liang (SGP),,,4 - 2,7:11 11:5 11:3 11:7 10:12 12:10,WU Chih-Chi,2005
Japan Open Yokohama 2005,2005-09-22,WU Chih-Chi,SAKAMOTO Ryusuke,TPE,JPN,4,3,"8,11,8,11,11,9,11|11,6,11,7,9,11,3",QR2,GRAND_SLAM,MS,1754,Qualification,WU Chih-Chi (TPE),SAKAMOTO Ryusuke (JPN),,,4 - 3,8:11 11:6 8:11 11:7 11:9 9:11 11:3,WU Chih-Chi,2005
Japan Open Yokohama 2005,2005-09-22,SAKAMOTO Ryusuke,MA Liang,JPN,SGP,4,1,"11,11,11,9,11|8,2,4,11,8",3,GRAND_SLAM,MS,1754,Qualification,SAKAMOTO Ryusuke (JPN),MA Liang (SGP),,,4 - 1,11:8 11:2 11:4 9:11 11:8,SAKAMOTO Ryusuke,2005
Japan Open Yokohama 2005,2005-09-22,MA Long,MIHARA Takahiro,CHN,JPN,4,1,"9,11,11,11,11|11,5,6,3,8",,GRAND_SLAM,MS,1754,Qualification,MA Long (CHN),MIHARA Takahiro (JPN),,,4 - 1,9:11 11:5 11:6 11:3 11:8,MA Long,2005
Japan Open Yokohama 2005,2005-09-22,MA Long,CAI Xiaoli,CHN,SGP,4,0,"11,11,12,11|5,5,10,1",QR2,GRAND_SLAM,MS,1754,Qualification,MA Long (CHN),CAI Xiaoli (SGP),,,4 - 0,11:5 11:5 12:10 11:1,MA Long,2005
Japan Open Yokohama 2005,2005-09-22,CAI Xiaoli,MIHARA Takahiro,SGP,JPN,4,0,"11,11,11,13|8,8,9,11",3,GRAND_SLAM,MS,1754,Qualification,CAI Xiaoli (SGP),MIHARA Takahiro (JPN),,,4 - 0,11:8 11:8 11:9 13:11,CAI Xiaoli,2005
Japan Open Yokohama 2005,2005-09-22,CHOI Hyunjin,TANIGUCHI Yuji,KOR,JPN,4,2,"11,11,11,11,10,11|13,7,2,3,12,8",,GRAND_SLAM,MS,1754,Qualification,CHOI Hyunjin (KOR),TANIGUCHI Yuji (JPN),,,4 - 2,11:13 11:7 11:2 11:3 10:12 11:8,CHOI Hyunjin,2005
Japan Open Yokohama 2005,2005-09-22,CHOI Hyunjin,SCHLICHTER Jorg,KOR,GER,4,1,"16,5,11,11,11|14,11,8,5,8",QR2,GRAND_SLAM,MS,1754,Qualification,CHOI Hyunjin (KOR),SCHLICHTER Jorg (GER),,,4 - 1,16:14 5:11 11:8 11:5 11:8,CHOI Hyunjin,2005
Japan Open Yokohama 2005,2005-09-22,SCHLICHTER Jorg,TANIGUCHI Yuji,GER,JPN,4,2,"9,14,6,11,11,11|11,12,11,8,8,8",3,GRAND_SLAM,MS,1754,Qualification,SCHLICHTER Jorg (GER),TANIGUCHI Yuji (JPN),,,4 - 2,9:11 14:12 6:11 11:8 11:8 11:8,SCHLICHTER Jorg,2005
Japan Open Yokohama 2005,2005-09-22,LO Dany,PATANAVANICHKUL Norachai,FRA,THA,4,1,"11,11,11,11,11|13,1,1,4,3",,GRAND_SLAM,MS,1754,Qualification,LO Dany (FRA),PATANAVANICHKUL Norachai (THA),,,4 - 1,11:13 11:1 11:1 11:4 11:3,LO Dany,2005
Japan Open Yokohama 2005,2005-09-22,KIHO Shinnosuke,GREEN Wally,JPN,USA,4,0,"11,11,11,13|5,2,5,11",QR2,GRAND_SLAM,MS,1754,Qualification,KIHO Shinnosuke (JPN),GREEN Wally (USA),,,4 - 0,11:5 11:2 11:5 13:11,KIHO Shinnosuke,2005
Japan Open Yokohama 2005,2005-09-22,PATANAVANICHKUL Norachai,GREEN Wally,THA,USA,4,3,"5,12,11,11,5,11,11|11,10,13,4,11,6,7",3,GRAND_SLAM,MS,1754,Qualification,PATANAVANICHKUL Norachai (THA),GREEN Wally (USA),,,3 - 4,11:5 10:12 13:11 4:11 11:5 6:11 7:11,PATANAVANICHKUL Norachai,2005
Japan Open Yokohama 2005,2005-09-22,LO Dany,KIHO Shinnosuke,FRA,JPN,4,2,"14,10,9,11,11,11|12,12,11,6,9,9",QR4,GRAND_SLAM,MS,1754,Qualification,LO Dany (FRA),KIHO Shinnosuke (JPN),,,2 - 4,12:14 12:10 11:9 6:11 9:11 9:11,LO Dany,2005
Japan Open Yokohama 2005,2005-09-22,LO Dany,GREEN Wally,FRA,USA,4,0,"11,11,11,11|8,5,4,4",5,GRAND_SLAM,MS,1754,Qualification,LO Dany (FRA),GREEN Wally (USA),,,4 - 0,11:8 11:5 11:4 11:4,LO Dany,2005
Japan Open Yokohama 2005,2005-09-22,KIHO Shinnosuke,PATANAVANICHKUL Norachai,JPN,THA,4,0,"11,11,11,11|6,4,6,4",6,GRAND_SLAM,MS,1754,Qualification,KIHO Shinnosuke (JPN),PATANAVANICHKUL Norachai (THA),,,4 - 0,11:6 11:4 11:6 11:4,KIHO Shinnosuke,2005
Japan Open Yokohama 2005,2005-09-22,TAKASHI Akira,BOBILLIER Loic,JPN,FRA,4,0,"11,11,12,12|7,8,10,10",,GRAND_SLAM,MS,1754,Qualification,TAKASHI Akira (JPN),BOBILLIER Loic (FRA),,,0 - 4,7:11 8:11 10:12 10:12,TAKASHI Akira,2005
Japan Open Yokohama 2005,2005-09-22,LEE Jinkwon,LIU Zhongze,KOR,SGP,4,3,"15,9,8,12,13,11,11|13,11,11,10,15,9,8",QR2,GRAND_SLAM,MS,1754,Qualification,LEE Jinkwon (KOR),LIU Zhongze (SGP),,,4 - 3,15:13 9:11 8:11 12:10 13:15 11:9 11:8,LEE Jinkwon,2005
Japan Open Yokohama 2005,2005-09-22,TAKASHI Akira,LIU Zhongze,JPN,SGP,4,2,"15,10,9,11,11,11|13,12,11,9,8,9",3,GRAND_SLAM,MS,1754,Qualification,TAKASHI Akira (JPN),LIU Zhongze (SGP),,,2 - 4,13:15 12:10 11:9 9:11 8:11 9:11,TAKASHI Akira,2005
Japan Open Yokohama 2005,2005-09-22,LEE Jinkwon,BOBILLIER Loic,KOR,FRA,4,3,"13,10,11,9,11,11,11|11,12,5,11,13,7,9",QR4,GRAND_SLAM,MS,1754,Qualification,LEE Jinkwon (KOR),BOBILLIER Loic (FRA),,,4 - 3,13:11 10:12 11:5 9:11 11:13 11:7 11:9,LEE Jinkwon,2005
Japan Open Yokohama 2005,2005-09-22,BOBILLIER Loic,LIU Zhongze,FRA,SGP,4,1,"11,11,11,11,11|9,9,7,13,9",5,GRAND_SLAM,MS,1754,Qualification,BOBILLIER Loic (FRA),LIU Zhongze (SGP),,,4 - 1,11:9 11:9 11:7 11:13 11:9,BOBILLIER Loic,2005
Japan Open Yokohama 2005,2005-09-22,LEE Jinkwon,TAKASHI Akira,KOR,JPN,4,1,"11,9,11,11,11|4,11,6,4,7",6,GRAND_SLAM,MS,1754,Qualification,LEE Jinkwon (KOR),TAKASHI Akira (JPN),,,4 - 1,11:4 9:11 11:6 11:4 11:7,LEE Jinkwon,2005
Japan Open Yokohama 2005,2005-09-22,TAKAGI Kazunori,VIPAWATANAKUL Sithichok,JPN,AUS,3,0,"11,11,11|7,9,8",,GRAND_SLAM,U21MS,1754,Qualification,TAKAGI Kazunori (JPN),VIPAWATANAKUL Sithichok (AUS),,,0 - 3,7:11 9:11 8:11,TAKAGI Kazunori,2005
Japan Open Yokohama 2005,2005-09-22,BERTIN Christophe,TAKAGI Kazunori,FRA,JPN,3,1,"11,6,11,11|9,11,6,6",QR2,GRAND_SLAM,U21MS,1754,Qualification,BERTIN Christophe (FRA),TAKAGI Kazunori (JPN),,,3 - 1,11:9 6:11 11:6 11:6,BERTIN Christophe,2005
Japan Open Yokohama 2005,2005-09-22,BERTIN Christophe,VIPAWATANAKUL Sithichok,FRA,AUS,3,1,"12,12,11,11|14,10,7,4",3,GRAND_SLAM,U21MS,1754,Qualification,BERTIN Christophe (FRA),VIPAWATANAKUL Sithichok (AUS),,,3 - 1,12:14 12:10 11:7 11:4,BERTIN Christophe,2005
Japan Open Yokohama 2005,2005-09-22,KIM Jungkyu,BAUBET Vincent,KOR,FRA,3,1,"12,11,10,11|10,6,12,1",,GRAND_SLAM,U21MS,1754,Qualification,KIM Jungkyu (KOR),BAUBET Vincent (FRA),,,1 - 3,10:12 6:11 12:10 1:11,KIM Jungkyu,2005
Japan Open Yokohama 2005,2005-09-22,KIM Jungkyu,TAKAKIWA Kenichi,KOR,JPN,3,2,"4,4,12,11,12|11,11,10,8,10",QR2,GRAND_SLAM,U21MS,1754,Qualification,KIM Jungkyu (KOR),TAKAKIWA Kenichi (JPN),,,2 - 3,11:4 11:4 10:12 8:11 10:12,KIM Jungkyu,2005
Japan Open Yokohama 2005,2005-09-22,TAKAKIWA Kenichi,BAUBET Vincent,JPN,FRA,3,0,"11,11,11|6,9,4",3,GRAND_SLAM,U21MS,1754,Qualification,TAKAKIWA Kenichi (JPN),BAUBET Vincent (FRA),,,3 - 0,11:6 11:9 11:4,TAKAKIWA Kenichi,2005
Japan Open Yokohama 2005,2005-09-22,SALIFOU Abdel-Kader,VIPAWATANAKUL Tanawat,BEN,THA,3,0,"11,12,11|5,10,7",,GRAND_SLAM,U21MS,1754,Qualification,SALIFOU Abdel-Kader (BEN),VIPAWATANAKUL Tanawat (THA),,,3 - 0,11:5 12:10 11:7,SALIFOU Abdel-Kader,2005
Japan Open Yokohama 2005,2005-09-22,TAKAKIWA Taku,VIPAWATANAKUL Tanawat,JPN,THA,3,0,"11,11,11|7,8,2",QR2,GRAND_SLAM,U21MS,1754,Qualification,TAKAKIWA Taku (JPN),VIPAWATANAKUL Tanawat (THA),,,3 - 0,11:7 11:8 11:2,TAKAKIWA Taku,2005
Japan Open Yokohama 2005,2005-09-22,TAKAKIWA Taku,SALIFOU Abdel-Kader,JPN,BEN,3,0,"11,11,13|9,4,11",3,GRAND_SLAM,U21MS,1754,Qualification,TAKAKIWA Taku (JPN),SALIFOU Abdel-Kader (BEN),,,3 - 0,11:9 11:4 13:11,TAKAKIWA Taku,2005
Japan Open Yokohama 2005,2005-09-22,YOSHIDA Masaki,SUN Wen-Wei,JPN,TPE,3,2,"10,7,11,11,11|12,11,6,6,4",,GRAND_SLAM,U21MS,1754,Qualification,YOSHIDA Masaki (JPN),SUN Wen-Wei (TPE),,,2 - 3,12:10 11:7 6:11 6:11 4:11,YOSHIDA Masaki,2005
Japan Open Yokohama 2005,2005-09-22,BAUM Patrick,YOSHIDA Masaki,GER,JPN,3,1,"5,11,11,11|11,8,6,9",QR2,GRAND_SLAM,U21MS,1754,Qualification,BAUM Patrick (GER),YOSHIDA Masaki (JPN),,,3 - 1,5:11 11:8 11:6 11:9,BAUM Patrick,2005
Japan Open Yokohama 2005,2005-09-22,BAUM Patrick,SUN Wen-Wei,GER,TPE,3,0,"11,12,11|1,10,5",3,GRAND_SLAM,U21MS,1754,Qualification,BAUM Patrick (GER),SUN Wen-Wei (TPE),,,3 - 0,11:1 12:10 11:5,BAUM Patrick,2005
Japan Open Yokohama 2005,2005-09-22,MATSUDAIRA Kenta,PATANAVANICHKUL Norachai,JPN,THA,3,0,"11,11,11|8,3,6",,GRAND_SLAM,U21MS,1754,Qualification,MATSUDAIRA Kenta (JPN),PATANAVANICHKUL Norachai (THA),,,3 - 0,11:8 11:3 11:6,MATSUDAIRA Kenta,2005
Japan Open Yokohama 2005,2005-09-22,OVTCHAROV Dimitrij,PATANAVANICHKUL Norachai,GER,THA,3,0,"11,11,11|4,6,6",QR2,GRAND_SLAM,U21MS,1754,Qualification,OVTCHAROV Dimitrij (GER),PATANAVANICHKUL Norachai (THA),,,3 - 0,11:4 11:6 11:6,OVTCHAROV Dimitrij,2005
Japan Open Yokohama 2005,2005-09-22,OVTCHAROV Dimitrij,MATSUDAIRA Kenta,GER,JPN,3,1,"11,6,11,11|8,11,7,8",3,GRAND_SLAM,U21MS,1754,Qualification,OVTCHAROV Dimitrij (GER),MATSUDAIRA Kenta (JPN),,,3 - 1,11:8 6:11 11:7 11:8,OVTCHAROV Dimitrij,2005
Japan Open Yokohama 2005,2005-09-22,MA Liang,YOKOYAMA Yuichi,SGP,JPN,3,1,"11,11,8,11|9,8,11,6",,GRAND_SLAM,U21MS,1754,Qualification,MA Liang (SGP),YOKOYAMA Yuichi (JPN),,,1 - 3,9:11 8:11 11:8 6:11,MA Liang,2005
Japan Open Yokohama 2005,2005-09-22,ELENSKY Gregory,MA Liang,ISR,SGP,3,2,"9,11,8,11,11|11,5,11,9,7",QR2,GRAND_SLAM,U21MS,1754,Qualification,ELENSKY Gregory (ISR),MA Liang (SGP),,,3 - 2,9:11 11:5 8:11 11:9 11:7,ELENSKY Gregory,2005
Japan Open Yokohama 2005,2005-09-22,LEE Bumhyung,HARA Yoshihiro,KOR,JPN,3,0,"11,11,11|6,4,5",,GRAND_SLAM,U21MS,1754,Qualification,LEE Bumhyung (KOR),HARA Yoshihiro (JPN),,,3 - 0,11:6 11:4 11:5,LEE Bumhyung,2005
Japan Open Yokohama 2005,2005-09-22,CHIANG Hung-Chieh,HARA Yoshihiro,TPE,JPN,3,1,"11,8,11,11|5,11,5,7",QR2,GRAND_SLAM,U21MS,1754,Qualification,CHIANG Hung-Chieh (TPE),HARA Yoshihiro (JPN),,,3 - 1,11:5 8:11 11:5 11:7,CHIANG Hung-Chieh,2005
Japan Open Yokohama 2005,2005-09-22,LEE Bumhyung,CHIANG Hung-Chieh,KOR,TPE,3,1,"13,5,11,11|11,11,8,2",3,GRAND_SLAM,U21MS,1754,Qualification,LEE Bumhyung (KOR),CHIANG Hung-Chieh (TPE),,,1 - 3,11:13 11:5 8:11 2:11,LEE Bumhyung,2005
Japan Open Yokohama 2005,2005-09-22,OYA Hidetoshi,LIU Zhongze,JPN,SGP,3,1,"12,11,9,11|10,9,11,4",,GRAND_SLAM,U21MS,1754,Qualification,OYA Hidetoshi (JPN),LIU Zhongze (SGP),,,3 - 1,12:10 11:9 9:11 11:4,OYA Hidetoshi,2005
Japan Open Yokohama 2005,2005-09-22,HOSONO Hiroto,VOSTES Yannick,JPN,BEL,3,2,"11,12,5,6,11|8,10,11,11,4",QR2,GRAND_SLAM,U21MS,1754,Qualification,HOSONO Hiroto (JPN),VOSTES Yannick (BEL),,,2 - 3,8:11 10:12 11:5 11:6 4:11,HOSONO Hiroto,2005
Japan Open Yokohama 2005,2005-09-22,OYA Hidetoshi,HOSONO Hiroto,JPN,JPN,3,0,"11,11,11|4,4,3",3,GRAND_SLAM,U21MS,1754,Qualification,OYA Hidetoshi (JPN),HOSONO Hiroto (JPN),,,3 - 0,11:4 11:4 11:3,OYA Hidetoshi,2005
Japan Open Yokohama 2005,2005-09-22,VOSTES Yannick,LIU Zhongze,BEL,SGP,3,0,"11,12,11|8,10,3",QR4,GRAND_SLAM,U21MS,1754,Qualification,VOSTES Yannick (BEL),LIU Zhongze (SGP),,,3 - 0,11:8 12:10 11:3,VOSTES Yannick,2005
Japan Open Yokohama 2005,2005-09-22,LIU Zhongze,HOSONO Hiroto,SGP,JPN,3,0,"11,11,11|6,7,6",5,GRAND_SLAM,U21MS,1754,Qualification,LIU Zhongze (SGP),HOSONO Hiroto (JPN),,,3 - 0,11:6 11:7 11:6,LIU Zhongze,2005
Japan Open Yokohama 2005,2005-09-22,WANG Liqin,BAUM Patrick,CHN,GER,4,2,"12,9,11,7,11,11|10,11,9,11,2,8",R64,GRAND_SLAM,MS,1754,Main Draw,WANG Liqin (CHN),BAUM Patrick (GER),,,4 - 2,12:10 9:11 11:9 7:11 11:2 11:8,WANG Liqin,2005
Japan Open Yokohama 2005,2005-09-22,PRIMORAC Zoran,YOON Jaeyoung,CRO,KOR,4,2,"11,10,11,15,7,12|8,12,4,13,11,10",R64,GRAND_SLAM,MS,1754,Main Draw,PRIMORAC Zoran (CRO),YOON Jaeyoung (KOR),,,2 - 4,8:11 12:10 4:11 13:15 11:7 10:12,PRIMORAC Zoran,2005
Japan Open Yokohama 2005,2005-09-22,LO Dany,HIELSCHER Lars,FRA,GER,4,1,"16,12,11,8,11|14,10,6,11,9",R64,GRAND_SLAM,MS,1754,Main Draw,LO Dany (FRA),HIELSCHER Lars (GER),,,1 - 4,14:16 10:12 6:11 11:8 9:11,LO Dany,2005
Japan Open Yokohama 2005,2005-09-22,HAO Shuai,ZHANG Wilson,CHN,CAN,4,0,"11,11,11,11|9,7,9,9",R64,GRAND_SLAM,MS,1754,Main Draw,HAO Shuai (CHN),ZHANG Wilson (CAN),,,0 - 4,9:11 7:11 9:11 9:11,HAO Shuai,2005
Japan Open Yokohama 2005,2005-09-22,TOSIC Roko,KORBEL Petr,CRO,CZE,4,2,"11,9,6,11,13,11|7,11,11,9,11,8",R64,GRAND_SLAM,MS,1754,Main Draw,TOSIC Roko (CRO),KORBEL Petr (CZE),,,2 - 4,7:11 11:9 11:6 9:11 11:13 8:11,TOSIC Roko,2005
Japan Open Yokohama 2005,2005-09-22,MIZUTANI Jun,CHO Eonrae,JPN,KOR,4,1,"12,7,16,11,11|10,11,14,8,9",R64,GRAND_SLAM,MS,1754,Main Draw,MIZUTANI Jun (JPN),CHO Eonrae (KOR),,,1 - 4,10:12 11:7 14:16 8:11 9:11,MIZUTANI Jun,2005
Japan Open Yokohama 2005,2005-09-22,MA Long,GAO Ning,CHN,SGP,4,3,"8,11,7,14,11,10,11|11,9,11,12,8,12,9",R64,GRAND_SLAM,MS,1754,Main Draw,MA Long (CHN),GAO Ning (SGP),,,3 - 4,11:8 9:11 11:7 12:14 8:11 12:10 9:11,MA Long,2005
Japan Open Yokohama 2005,2005-09-22,SCHLAGER Werner,SCHLICHTER Jorg,AUT,GER,4,1,"11,11,11,10,12|5,7,9,12,10",R64,GRAND_SLAM,MS,1754,Main Draw,SCHLAGER Werner (AUT),SCHLICHTER Jorg (GER),,,1 - 4,5:11 7:11 9:11 12:10 10:12,SCHLAGER Werner,2005
Japan Open Yokohama 2005,2005-09-22,RYU Seungmin,TUGWELL Finn,KOR,DEN,4,1,"11,11,8,11,11|9,9,11,8,7",R64,GRAND_SLAM,MS,1754,Main Draw,RYU Seungmin (KOR),TUGWELL Finn (DEN),,,4 - 1,11:9 11:9 8:11 11:8 11:7,RYU Seungmin,2005
Japan Open Yokohama 2005,2005-09-22,SUSS Christian,WU Chih-Chi,GER,TPE,4,1,"11,11,8,12,11|6,4,11,10,9",R64,GRAND_SLAM,MS,1754,Main Draw,SUSS Christian (GER),WU Chih-Chi (TPE),,,1 - 4,6:11 4:11 11:8 10:12 9:11,SUSS Christian,2005
Japan Open Yokohama 2005,2005-09-22,CHILA Patrick,LEE Jinkwon,FRA,KOR,4,1,"9,11,11,11,11|11,9,3,4,2",R64,GRAND_SLAM,MS,1754,Main Draw,CHILA Patrick (FRA),LEE Jinkwon (KOR),,,4 - 1,9:11 11:9 11:3 11:4 11:2,CHILA Patrick,2005
Japan Open Yokohama 2005,2005-09-22,SMIRNOV Alexey,OYA Hidetoshi,RUS,JPN,4,0,"11,11,11,11|8,5,6,9",R64,GRAND_SLAM,MS,1754,Main Draw,SMIRNOV Alexey (RUS),OYA Hidetoshi (JPN),,,0 - 4,8:11 5:11 6:11 9:11,SMIRNOV Alexey,2005
Japan Open Yokohama 2005,2005-09-22,CHUANG Chih-Yuan,TAKASHI Akira,TPE,JPN,4,0,"11,11,11,11|5,3,6,3",R64,GRAND_SLAM,MS,1754,Main Draw,CHUANG Chih-Yuan (TPE),TAKASHI Akira (JPN),,,4 - 0,11:5 11:3 11:6 11:3,CHUANG Chih-Yuan,2005
Japan Open Yokohama 2005,2005-09-22,LUNDQVIST Jens,KISHIKAWA Seiya,SWE,JPN,4,3,"11,12,11,11,6,6,11|9,14,6,8,11,11,7",R64,GRAND_SLAM,MS,1754,Main Draw,LUNDQVIST Jens (SWE),KISHIKAWA Seiya (JPN),,,3 - 4,9:11 14:12 6:11 8:11 11:6 11:6 7:11,LUNDQVIST Jens,2005
Japan Open Yokohama 2005,2005-09-22,MONRAD Martin,GERELL Par,DEN,SWE,4,3,"9,14,11,11,11,9,13|11,16,6,4,3,11,11",R64,GRAND_SLAM,MS,1754,Main Draw,MONRAD Martin (DEN),GERELL Par (SWE),,,4 - 3,9:11 14:16 11:6 11:4 11:3 9:11 13:11,MONRAD Martin,2005
Japan Open Yokohama 2005,2005-09-22,CHIANG Hung-Chieh,OH Sangeun,TPE,KOR,4,2,"8,6,11,11,11,11|11,11,3,9,6,9",R64,GRAND_SLAM,MS,1754,Main Draw,CHIANG Hung-Chieh (TPE),OH Sangeun (KOR),,,4 - 2,8:11 6:11 11:3 11:9 11:6 11:9,CHIANG Hung-Chieh,2005
Japan Open Yokohama 2005,2005-09-22,WANG Hao,OVTCHAROV Dimitrij,CHN,GER,4,0,"11,12,11,11|9,10,8,3",R64,GRAND_SLAM,MS,1754,Main Draw,WANG Hao (CHN),OVTCHAROV Dimitrij (GER),,,4 - 0,11:9 12:10 11:8 11:3,WANG Hao,2005
Japan Open Yokohama 2005,2005-09-22,YOSHIDA Kaii,CHOI Hyunjin,JPN,KOR,4,3,"8,8,11,11,11,11,11|11,11,7,4,13,8,8",R64,GRAND_SLAM,MS,1754,Main Draw,YOSHIDA Kaii (JPN),CHOI Hyunjin (KOR),,,3 - 4,11:8 11:8 7:11 4:11 13:11 8:11 8:11,YOSHIDA Kaii,2005
Japan Open Yokohama 2005,2005-09-22,STEGER Bastian,TAKAKIWA Taku,GER,JPN,4,3,"8,11,11,11,8,10,11|11,8,5,9,11,12,9",R64,GRAND_SLAM,MS,1754,Main Draw,STEGER Bastian (GER),TAKAKIWA Taku (JPN),,,4 - 3,8:11 11:8 11:5 11:9 8:11 10:12 11:9,STEGER Bastian,2005
Japan Open Yokohama 2005,2005-09-22,CHIANG Peng-Lung,MITAMURA Muneaki,TPE,JPN,4,1,"11,11,11,11,11|13,8,6,6,5",R64,GRAND_SLAM,MS,1754,Main Draw,CHIANG Peng-Lung (TPE),MITAMURA Muneaki (JPN),,,1 - 4,13:11 8:11 6:11 6:11 5:11,CHIANG Peng-Lung,2005
Japan Open Yokohama 2005,2005-09-22,LIU Guozheng,YOKOYAMA Yuichi,CHN,JPN,4,1,"11,13,11,11,11|6,15,7,6,6",R64,GRAND_SLAM,MS,1754,Main Draw,LIU Guozheng (CHN),YOKOYAMA Yuichi (JPN),,,4 - 1,11:6 13:15 11:7 11:6 11:6,LIU Guozheng,2005
Japan Open Yokohama 2005,2005-09-22,YANG Zi,LEE Jungwoo,SGP,KOR,4,2,"8,11,2,11,11,11|11,9,11,8,9,5",R64,GRAND_SLAM,MS,1754,Main Draw,YANG Zi (SGP),LEE Jungwoo (KOR),,,4 - 2,8:11 11:9 2:11 11:8 11:9 11:5,YANG Zi,2005
Japan Open Yokohama 2005,2005-09-22,FEJER-KONNERTH Zoltan,KONGSGAARD Christian,GER,DEN,4,1,"8,11,11,11,11|11,9,9,3,6",R64,GRAND_SLAM,MS,1754,Main Draw,FEJER-KONNERTH Zoltan (GER),KONGSGAARD Christian (DEN),,,4 - 1,8:11 11:9 11:9 11:3 11:6,FEJER-KONNERTH Zoltan,2005
Japan Open Yokohama 2005,2005-09-22,CHEN Weixing,BERTIN Christophe,AUT,FRA,4,1,"11,11,7,11,11|9,6,11,6,5",R64,GRAND_SLAM,MS,1754,Main Draw,CHEN Weixing (AUT),BERTIN Christophe (FRA),,,1 - 4,9:11 6:11 11:7 6:11 5:11,CHEN Weixing,2005
Japan Open Yokohama 2005,2005-09-22,CHEN Qi,CAI Xiaoli,CHN,SGP,4,0,"11,11,11,11|6,3,4,8",R64,GRAND_SLAM,MS,1754,Main Draw,CHEN Qi (CHN),CAI Xiaoli (SGP),,,4 - 0,11:6 11:3 11:4 11:8,CHEN Qi,2005
Japan Open Yokohama 2005,2005-09-22,LIM Jaehyun,GARDOS Robert,KOR,AUT,4,2,"11,11,11,10,4,11|8,5,5,12,11,8",R64,GRAND_SLAM,MS,1754,Main Draw,LIM Jaehyun (KOR),GARDOS Robert (AUT),,,4 - 2,11:8 11:5 11:5 10:12 4:11 11:8,LIM Jaehyun,2005
Japan Open Yokohama 2005,2005-09-22,KEINATH Thomas,KUZMIN Fedor,SVK,RUS,4,3,"4,8,15,14,11,8,11|11,11,13,12,7,11,9",R64,GRAND_SLAM,MS,1754,Main Draw,KEINATH Thomas (SVK),KUZMIN Fedor (RUS),,,3 - 4,11:4 11:8 13:15 12:14 7:11 11:8 9:11,KEINATH Thomas,2005
Japan Open Yokohama 2005,2005-09-22,CRISAN Adrian,SAKAMOTO Ryusuke,ROU,JPN,4,1,"9,11,15,11,11|11,8,13,8,9",R64,GRAND_SLAM,MS,1754,Main Draw,CRISAN Adrian (ROU),SAKAMOTO Ryusuke (JPN),,,1 - 4,11:9 8:11 13:15 8:11 9:11,CRISAN Adrian,2005
Japan Open Yokohama 2005,2005-09-22,KIHO Shinnosuke,MAZE Michael,JPN,DEN,4,2,"11,11,7,7,11,11|7,6,11,11,7,5",R64,GRAND_SLAM,MS,1754,Main Draw,KIHO Shinnosuke (JPN),MAZE Michael (DEN),,,2 - 4,7:11 6:11 11:7 11:7 7:11 5:11,KIHO Shinnosuke,2005
Japan Open Yokohama 2005,2005-09-22,WOSIK Torben,CHANG Yen-Shu,GER,TPE,4,0,"12,11,11,11|10,7,7,3",R64,GRAND_SLAM,MS,1754,Main Draw,WOSIK Torben (GER),CHANG Yen-Shu (TPE),,,0 - 4,10:12 7:11 7:11 3:11,WOSIK Torben,2005
Japan Open Yokohama 2005,2005-09-22,TAN Ruiwu,FRANZ Peter,CRO,GER,4,2,"6,9,12,11,12,14|11,11,10,9,10,12",R64,GRAND_SLAM,MS,1754,Main Draw,TAN Ruiwu (CRO),FRANZ Peter (GER),,,2 - 4,11:6 11:9 10:12 9:11 10:12 12:14,TAN Ruiwu,2005
Japan Open Yokohama 2005,2005-09-22,BOLL Timo,TAKAKIWA Kenichi,GER,JPN,4,2,"11,11,6,11,8,11|6,6,11,7,11,6",R64,GRAND_SLAM,MS,1754,Main Draw,BOLL Timo (GER),TAKAKIWA Kenichi (JPN),,,2 - 4,6:11 6:11 11:6 7:11 11:8 6:11,BOLL Timo,2005
Japan Open Yokohama 2005,2005-09-22,PRIMORAC Zoran,WANG Liqin,CRO,CHN,4,1,"11,11,11,12,13|9,6,8,14,11",R32,GRAND_SLAM,MS,1754,Main Draw,PRIMORAC Zoran (CRO),WANG Liqin (CHN),,,1 - 4,9:11 6:11 8:11 14:12 11:13,PRIMORAC Zoran,2005
Japan Open Yokohama 2005,2005-09-22,HAO Shuai,LO Dany,CHN,FRA,4,2,"8,11,11,8,11,11|11,8,6,11,4,8",R32,GRAND_SLAM,MS,1754,Main Draw,HAO Shuai (CHN),LO Dany (FRA),,,2 - 4,11:8 8:11 6:11 11:8 4:11 8:11,HAO Shuai,2005
Japan Open Yokohama 2005,2005-09-22,TOSIC Roko,MIZUTANI Jun,CRO,JPN,4,0,"11,11,11,11|7,9,8,7",R32,GRAND_SLAM,MS,1754,Main Draw,TOSIC Roko (CRO),MIZUTANI Jun (JPN),,,4 - 0,11:7 11:9 11:8 11:7,TOSIC Roko,2005
Japan Open Yokohama 2005,2005-09-22,MA Long,SCHLAGER Werner,CHN,AUT,4,1,"12,8,11,11,11|10,11,9,8,6",R32,GRAND_SLAM,MS,1754,Main Draw,MA Long (CHN),SCHLAGER Werner (AUT),,,4 - 1,12:10 8:11 11:9 11:8 11:6,MA Long,2005
Japan Open Yokohama 2005,2005-09-22,RYU Seungmin,SUSS Christian,KOR,GER,4,1,"8,11,11,11,11|11,4,6,3,4",R32,GRAND_SLAM,MS,1754,Main Draw,RYU Seungmin (KOR),SUSS Christian (GER),,,4 - 1,8:11 11:4 11:6 11:3 11:4,RYU Seungmin,2005
Japan Open Yokohama 2005,2005-09-22,CHILA Patrick,SMIRNOV Alexey,FRA,RUS,4,2,"12,7,11,9,11,11|10,11,9,11,7,5",R32,GRAND_SLAM,MS,1754,Main Draw,CHILA Patrick (FRA),SMIRNOV Alexey (RUS),,,4 - 2,12:10 7:11 11:9 9:11 11:7 11:5,CHILA Patrick,2005
Japan Open Yokohama 2005,2005-09-22,CHUANG Chih-Yuan,LUNDQVIST Jens,TPE,SWE,4,3,"11,12,8,9,8,11,11|9,10,11,11,11,9,9",R32,GRAND_SLAM,MS,1754,Main Draw,CHUANG Chih-Yuan (TPE),LUNDQVIST Jens (SWE),,,4 - 3,11:9 12:10 8:11 9:11 8:11 11:9 11:9,CHUANG Chih-Yuan,2005
Japan Open Yokohama 2005,2005-09-22,CHIANG Hung-Chieh,MONRAD Martin,TPE,DEN,4,3,"11,8,11,8,11,2,13|6,11,5,11,7,11,11",R32,GRAND_SLAM,MS,1754,Main Draw,CHIANG Hung-Chieh (TPE),MONRAD Martin (DEN),,,3 - 4,6:11 11:8 5:11 11:8 7:11 11:2 11:13,CHIANG Hung-Chieh,2005
Japan Open Yokohama 2005,2005-09-22,WANG Hao,YOSHIDA Kaii,CHN,JPN,4,2,"8,5,11,11,11,12|11,11,7,5,5,10",R32,GRAND_SLAM,MS,1754,Main Draw,WANG Hao (CHN),YOSHIDA Kaii (JPN),,,4 - 2,8:11 5:11 11:7 11:5 11:5 12:10,WANG Hao,2005
Japan Open Yokohama 2005,2005-09-22,CHIANG Peng-Lung,STEGER Bastian,TPE,GER,4,2,"8,11,11,11,9,13|11,9,9,2,11,11",R32,GRAND_SLAM,MS,1754,Main Draw,CHIANG Peng-Lung (TPE),STEGER Bastian (GER),,,2 - 4,11:8 9:11 9:11 2:11 11:9 11:13,CHIANG Peng-Lung,2005
Japan Open Yokohama 2005,2005-09-22,LIU Guozheng,YANG Zi,CHN,SGP,4,3,"7,4,11,11,11,14,12|11,11,7,13,5,12,10",R32,GRAND_SLAM,MS,1754,Main Draw,LIU Guozheng (CHN),YANG Zi (SGP),,,4 - 3,7:11 4:11 11:7 11:13 11:5 14:12 12:10,LIU Guozheng,2005
Japan Open Yokohama 2005,2005-09-22,CHEN Weixing,FEJER-KONNERTH Zoltan,AUT,GER,4,2,"11,7,11,10,11,11|9,11,6,12,6,6",R32,GRAND_SLAM,MS,1754,Main Draw,CHEN Weixing (AUT),FEJER-KONNERTH Zoltan (GER),,,2 - 4,9:11 11:7 6:11 12:10 6:11 6:11,CHEN Weixing,2005
Japan Open Yokohama 2005,2005-09-22,CHEN Qi,LIM Jaehyun,CHN,KOR,4,2,"10,9,11,15,11,11|12,11,4,13,6,8",R32,GRAND_SLAM,MS,1754,Main Draw,CHEN Qi (CHN),LIM Jaehyun (KOR),,,4 - 2,10:12 9:11 11:4 15:13 11:6 11:8,CHEN Qi,2005
Japan Open Yokohama 2005,2005-09-22,CRISAN Adrian,KEINATH Thomas,ROU,SVK,4,2,"12,11,9,11,11,11|14,8,11,9,9,6",R32,GRAND_SLAM,MS,1754,Main Draw,CRISAN Adrian (ROU),KEINATH Thomas (SVK),,,2 - 4,14:12 8:11 11:9 9:11 9:11 6:11,CRISAN Adrian,2005
Japan Open Yokohama 2005,2005-09-22,WOSIK Torben,KIHO Shinnosuke,GER,JPN,4,1,"11,11,6,11,11|5,6,11,8,9",R32,GRAND_SLAM,MS,1754,Main Draw,WOSIK Torben (GER),KIHO Shinnosuke (JPN),,,1 - 4,5:11 6:11 11:6 8:11 9:11,WOSIK Torben,2005
Japan Open Yokohama 2005,2005-09-22,BOLL Timo,TAN Ruiwu,GER,CRO,4,1,"11,11,9,11,11|5,9,11,9,9",R32,GRAND_SLAM,MS,1754,Main Draw,BOLL Timo (GER),TAN Ruiwu (CRO),,,1 - 4,5:11 9:11 11:9 9:11 9:11,BOLL Timo,2005
Japan Open Yokohama 2005,2005-09-22,HAO Shuai,PRIMORAC Zoran,CHN,CRO,4,1,"11,11,7,11,11|9,7,11,2,5",R16,GRAND_SLAM,MS,1754,Main Draw,HAO Shuai (CHN),PRIMORAC Zoran (CRO),,,1 - 4,9:11 7:11 11:7 2:11 5:11,HAO Shuai,2005
Japan Open Yokohama 2005,2005-09-22,MA Long,TOSIC Roko,CHN,CRO,4,0,"11,11,11,11|5,6,5,8",R16,GRAND_SLAM,MS,1754,Main Draw,MA Long (CHN),TOSIC Roko (CRO),,,0 - 4,5:11 6:11 5:11 8:11,MA Long,2005
Japan Open Yokohama 2005,2005-09-22,RYU Seungmin,CHILA Patrick,KOR,FRA,4,3,"7,11,6,12,11,8,11|11,5,11,10,6,11,9",R16,GRAND_SLAM,MS,1754,Main Draw,RYU Seungmin (KOR),CHILA Patrick (FRA),,,4 - 3,7:11 11:5 6:11 12:10 11:6 8:11 11:9,RYU Seungmin,2005
Japan Open Yokohama 2005,2005-09-22,CHUANG Chih-Yuan,CHIANG Hung-Chieh,TPE,TPE,4,2,"12,11,11,9,6,11|10,6,4,11,11,8",R16,GRAND_SLAM,MS,1754,Main Draw,CHUANG Chih-Yuan (TPE),CHIANG Hung-Chieh (TPE),,,4 - 2,12:10 11:6 11:4 9:11 6:11 11:8,CHUANG Chih-Yuan,2005
Japan Open Yokohama 2005,2005-09-22,WANG Hao,CHIANG Peng-Lung,CHN,TPE,4,0,"11,11,11,11|8,8,8,5",R16,GRAND_SLAM,MS,1754,Main Draw,WANG Hao (CHN),CHIANG Peng-Lung (TPE),,,4 - 0,11:8 11:8 11:8 11:5,WANG Hao,2005
Japan Open Yokohama 2005,2005-09-22,LIU Guozheng,CHEN Weixing,CHN,AUT,4,0,"11,11,11,11|6,7,7,7",R16,GRAND_SLAM,MS,1754,Main Draw,LIU Guozheng (CHN),CHEN Weixing (AUT),,,4 - 0,11:6 11:7 11:7 11:7,LIU Guozheng,2005
Japan Open Yokohama 2005,2005-09-22,CHEN Qi,CRISAN Adrian,CHN,ROU,4,0,"11,11,11,11|6,9,3,6",R16,GRAND_SLAM,MS,1754,Main Draw,CHEN Qi (CHN),CRISAN Adrian (ROU),,,4 - 0,11:6 11:9 11:3 11:6,CHEN Qi,2005
Japan Open Yokohama 2005,2005-09-22,BOLL Timo,WOSIK Torben,GER,GER,4,1,"9,11,11,11,11|11,4,9,3,3",R16,GRAND_SLAM,MS,1754,Main Draw,BOLL Timo (GER),WOSIK Torben (GER),,,1 - 4,11:9 4:11 9:11 3:11 3:11,BOLL Timo,2005
Japan Open Yokohama 2005,2005-09-22,MA Long,HAO Shuai,CHN,CHN,4,1,"7,11,11,11,15|11,4,8,8,13",QuarterFinal,GRAND_SLAM,MS,1754,Main Draw,MA Long (CHN),HAO Shuai (CHN),,,1 - 4,11:7 4:11 8:11 8:11 13:15,MA Long,2005
Japan Open Yokohama 2005,2005-09-22,RYU Seungmin,CHUANG Chih-Yuan,KOR,TPE,4,1,"4,11,11,11,11|11,9,5,8,8",QuarterFinal,GRAND_SLAM,MS,1754,Main Draw,RYU Seungmin (KOR),CHUANG Chih-Yuan (TPE),,,4 - 1,4:11 11:9 11:5 11:8 11:8,RYU Seungmin,2005
Japan Open Yokohama 2005,2005-09-22,WANG Hao,LIU Guozheng,CHN,CHN,4,2,"9,11,9,11,11,11|11,4,11,3,3,9",QuarterFinal,GRAND_SLAM,MS,1754,Main Draw,WANG Hao (CHN),LIU Guozheng (CHN),,,4 - 2,9:11 11:4 9:11 11:3 11:3 11:9,WANG Hao,2005
Japan Open Yokohama 2005,2005-09-22,BOLL Timo,CHEN Qi,GER,CHN,4,1,"9,11,11,11,11|11,8,8,9,9",QuarterFinal,GRAND_SLAM,MS,1754,Main Draw,BOLL Timo (GER),CHEN Qi (CHN),,,1 - 4,11:9 8:11 8:11 9:11 9:11,BOLL Timo,2005
Japan Open Yokohama 2005,2005-09-22,RYU Seungmin,MA Long,KOR,CHN,4,3,"9,9,11,10,11,11,11|11,11,4,12,5,8,8",SemiFinal,GRAND_SLAM,MS,1754,Main Draw,RYU Seungmin (KOR),MA Long (CHN),,,3 - 4,11:9 11:9 4:11 12:10 5:11 8:11 8:11,RYU Seungmin,2005
Japan Open Yokohama 2005,2005-09-22,BOLL Timo,WANG Hao,GER,CHN,4,3,"1,11,8,11,11,1,11|11,9,11,6,7,11,7",SemiFinal,GRAND_SLAM,MS,1754,Main Draw,BOLL Timo (GER),WANG Hao (CHN),,,3 - 4,11:1 9:11 11:8 6:11 7:11 11:1 7:11,BOLL Timo,2005
Japan Open Yokohama 2005,2005-09-22,BOLL Timo,RYU Seungmin,GER,KOR,4,0,"11,12,11,11|9,10,4,9",Final,GRAND_SLAM,MS,1754,Main Draw,BOLL Timo (GER),RYU Seungmin (KOR),,,0 - 4,9:11 10:12 4:11 9:11,BOLL Timo,2005
Japan Open Yokohama 2005,2005-09-22,LIM Jaehyun,MA Liang,KOR,SGP,4,1,"11,9,11,11,11|9,11,8,8,9",R16,GRAND_SLAM,U21MS,1754,Main Draw,LIM Jaehyun (KOR),MA Liang (SGP),,,4 - 1,11:9 9:11 11:8 11:8 11:9,LIM Jaehyun,2005
Japan Open Yokohama 2005,2005-09-22,KIM Jungkyu,BOBILLIER Loic,KOR,FRA,4,2,"5,11,11,14,10,11|11,9,8,12,12,7",R16,GRAND_SLAM,U21MS,1754,Main Draw,KIM Jungkyu (KOR),BOBILLIER Loic (FRA),,,4 - 2,5:11 11:9 11:8 14:12 10:12 11:7,KIM Jungkyu,2005
Japan Open Yokohama 2005,2005-09-22,LEE Jinkwon,OYA Hidetoshi,KOR,JPN,4,3,"10,8,11,13,9,11,11|12,11,5,11,11,9,8",R16,GRAND_SLAM,U21MS,1754,Main Draw,LEE Jinkwon (KOR),OYA Hidetoshi (JPN),,,4 - 3,10:12 8:11 11:5 13:11 9:11 11:9 11:8,LEE Jinkwon,2005
Japan Open Yokohama 2005,2005-09-22,CHO Eonrae,BAUM Patrick,KOR,GER,4,1,"11,11,11,8,11|8,7,6,11,6",R16,GRAND_SLAM,U21MS,1754,Main Draw,CHO Eonrae (KOR),BAUM Patrick (GER),,,1 - 4,8:11 7:11 6:11 11:8 6:11,CHO Eonrae,2005
Japan Open Yokohama 2005,2005-09-22,WU Chih-Chi,LEE Bumhyung,TPE,KOR,4,0,"11,11,11,11|6,5,7,5",R16,GRAND_SLAM,U21MS,1754,Main Draw,WU Chih-Chi (TPE),LEE Bumhyung (KOR),,,4 - 0,11:6 11:5 11:7 11:5,WU Chih-Chi,2005
Japan Open Yokohama 2005,2005-09-22,LO Dany,TAKAKIWA Taku,FRA,JPN,4,2,"11,9,11,11,9,11|5,11,7,3,11,8",R16,GRAND_SLAM,U21MS,1754,Main Draw,LO Dany (FRA),TAKAKIWA Taku (JPN),,,2 - 4,5:11 11:9 7:11 3:11 11:9 8:11,LO Dany,2005
Japan Open Yokohama 2005,2005-09-22,BERTIN Christophe,SAKAMOTO Ryusuke,FRA,JPN,4,3,"11,11,9,11,5,7,11|8,4,11,5,11,11,5",R16,GRAND_SLAM,U21MS,1754,Main Draw,BERTIN Christophe (FRA),SAKAMOTO Ryusuke (JPN),,,3 - 4,8:11 4:11 11:9 5:11 11:5 11:7 5:11,BERTIN Christophe,2005
Japan Open Yokohama 2005,2005-09-22,LIM Jaehyun,KIM Jungkyu,KOR,KOR,4,3,"11,6,11,6,11,10,11|5,11,3,11,8,12,1",QuarterFinal,GRAND_SLAM,U21MS,1754,Main Draw,LIM Jaehyun (KOR),KIM Jungkyu (KOR),,,4 - 3,11:5 6:11 11:3 6:11 11:8 10:12 11:1,LIM Jaehyun,2005
Japan Open Yokohama 2005,2005-09-22,CHO Eonrae,LEE Jinkwon,KOR,KOR,4,2,"7,11,11,8,11,11|11,2,7,11,5,7",QuarterFinal,GRAND_SLAM,U21MS,1754,Main Draw,CHO Eonrae (KOR),LEE Jinkwon (KOR),,,2 - 4,11:7 2:11 7:11 11:8 5:11 7:11,CHO Eonrae,2005
Japan Open Yokohama 2005,2005-09-22,WU Chih-Chi,LO Dany,TPE,FRA,4,2,"9,11,3,11,11,11|11,8,11,5,4,8",QuarterFinal,GRAND_SLAM,U21MS,1754,Main Draw,WU Chih-Chi (TPE),LO Dany (FRA),,,4 - 2,9:11 11:8 3:11 11:5 11:4 11:8,WU Chih-Chi,2005
Japan Open Yokohama 2005,2005-09-22,YANG Zi,BERTIN Christophe,SGP,FRA,4,1,"11,11,11,7,11|8,4,9,11,6",QuarterFinal,GRAND_SLAM,U21MS,1754,Main Draw,YANG Zi (SGP),BERTIN Christophe (FRA),,,1 - 4,8:11 4:11 9:11 11:7 6:11,YANG Zi,2005
Japan Open Yokohama 2005,2005-09-22,CHO Eonrae,LIM Jaehyun,KOR,KOR,4,2,"11,10,11,11,8,11|8,12,9,9,11,7",SemiFinal,GRAND_SLAM,U21MS,1754,Main Draw,CHO Eonrae (KOR),LIM Jaehyun (KOR),,,2 - 4,8:11 12:10 9:11 9:11 11:8 7:11,CHO Eonrae,2005
Japan Open Yokohama 2005,2005-09-22,YANG Zi,WU Chih-Chi,SGP,TPE,4,0,"11,11,11,11|6,7,4,7",SemiFinal,GRAND_SLAM,U21MS,1754,Main Draw,YANG Zi (SGP),WU Chih-Chi (TPE),,,0 - 4,6:11 7:11 4:11 7:11,YANG Zi,2005
Japan Open Yokohama 2005,2005-09-22,YANG Zi,CHO Eonrae,SGP,KOR,4,1,"11,11,7,11,12|6,8,11,5,10",Final,GRAND_SLAM,U21MS,1754,Main Draw,YANG Zi (SGP),CHO Eonrae (KOR),,,1 - 4,6:11 8:11 11:7 5:11 10:12,YANG Zi,2005
Japan Open Yokohama 2005,2005-09-22,YOON Sunae,PAN Chun-Chu,KOR,TPE,4,0,"11,11,11,11|9,6,4,2",,GRAND_SLAM,WS,1754,Qualification,YOON Sunae (KOR),PAN Chun-Chu (TPE),,,0 - 4,9:11 6:11 4:11 2:11,YOON Sunae,2005
Japan Open Yokohama 2005,2005-09-22,STRUSE Nicole,YOON Sunae,GER,KOR,4,2,"11,8,11,8,11,12|6,11,3,11,8,10",QR2,GRAND_SLAM,WS,1754,Qualification,STRUSE Nicole (GER),YOON Sunae (KOR),,,4 - 2,11:6 8:11 11:3 8:11 11:8 12:10,STRUSE Nicole,2005
Japan Open Yokohama 2005,2005-09-22,STRUSE Nicole,PAN Chun-Chu,GER,TPE,4,0,"11,11,11,11|4,5,6,6",3,GRAND_SLAM,WS,1754,Qualification,STRUSE Nicole (GER),PAN Chun-Chu (TPE),,,4 - 0,11:4 11:5 11:6 11:6,STRUSE Nicole,2005
Japan Open Yokohama 2005,2005-09-22,SHIN Soohee,MUANGSUK Anisara,KOR,THA,4,3,"3,11,6,8,11,11,11|11,9,11,11,9,8,7",,GRAND_SLAM,WS,1754,Qualification,SHIN Soohee (KOR),MUANGSUK Anisara (THA),,,3 - 4,11:3 9:11 11:6 11:8 9:11 8:11 7:11,SHIN Soohee,2005
Japan Open Yokohama 2005,2005-09-22,HIRANO Sayaka,SHIN Soohee,JPN,KOR,4,0,"11,12,11,11|5,10,2,6",QR2,GRAND_SLAM,WS,1754,Qualification,HIRANO Sayaka (JPN),SHIN Soohee (KOR),,,4 - 0,11:5 12:10 11:2 11:6,HIRANO Sayaka,2005
Japan Open Yokohama 2005,2005-09-22,HIRANO Sayaka,MUANGSUK Anisara,JPN,THA,4,1,"11,10,11,11,11|8,12,6,9,5",3,GRAND_SLAM,WS,1754,Qualification,HIRANO Sayaka (JPN),MUANGSUK Anisara (THA),,,4 - 1,11:8 10:12 11:6 11:9 11:5,HIRANO Sayaka,2005
Japan Open Yokohama 2005,2005-09-22,LU Yun-Feng,KERTAI Rita,TPE,HUN,4,0,"11,11,11,11|7,9,8,9",,GRAND_SLAM,WS,1754,Qualification,LU Yun-Feng (TPE),KERTAI Rita (HUN),,,4 - 0,11:7 11:9 11:8 11:9,LU Yun-Feng,2005
Japan Open Yokohama 2005,2005-09-22,SCHALL Elke,KERTAI Rita,GER,HUN,4,0,"13,11,11,11|11,9,8,6",QR2,GRAND_SLAM,WS,1754,Qualification,SCHALL Elke (GER),KERTAI Rita (HUN),,,4 - 0,13:11 11:9 11:8 11:6,SCHALL Elke,2005
Japan Open Yokohama 2005,2005-09-22,SCHALL Elke,LU Yun-Feng,GER,TPE,4,0,"11,11,11,11|9,9,2,6",3,GRAND_SLAM,WS,1754,Qualification,SCHALL Elke (GER),LU Yun-Feng (TPE),,,4 - 0,11:9 11:9 11:2 11:6,SCHALL Elke,2005
Japan Open Yokohama 2005,2005-09-22,KIM Junghyun,ISHIGAKI Yuka,KOR,JPN,4,1,"11,12,8,15,11|8,10,11,13,7",,GRAND_SLAM,WS,1754,Qualification,KIM Junghyun (KOR),ISHIGAKI Yuka (JPN),,,4 - 1,11:8 12:10 8:11 15:13 11:7,KIM Junghyun,2005
Japan Open Yokohama 2005,2005-09-22,ISHIGAKI Yuka,POTA Georgina,JPN,HUN,4,2,"5,11,5,11,11,11|11,8,11,9,6,7",QR2,GRAND_SLAM,WS,1754,Qualification,ISHIGAKI Yuka (JPN),POTA Georgina (HUN),,,2 - 4,11:5 8:11 11:5 9:11 6:11 7:11,ISHIGAKI Yuka,2005
Japan Open Yokohama 2005,2005-09-22,KIM Junghyun,POTA Georgina,KOR,HUN,4,3,"9,11,9,14,11,5,11|11,6,11,12,9,11,5",3,GRAND_SLAM,WS,1754,Qualification,KIM Junghyun (KOR),POTA Georgina (HUN),,,3 - 4,11:9 6:11 11:9 12:14 9:11 11:5 5:11,KIM Junghyun,2005
Japan Open Yokohama 2005,2005-09-22,LOVAS Petra,KIM Hyehyun,HUN,KOR,4,2,"11,11,16,11,7,11|13,5,14,5,11,9",,GRAND_SLAM,WS,1754,Qualification,LOVAS Petra (HUN),KIM Hyehyun (KOR),,,4 - 2,11:13 11:5 16:14 11:5 7:11 11:9,LOVAS Petra,2005
Japan Open Yokohama 2005,2005-09-22,KIM Hyehyun,TAN Wenling,KOR,ITA,4,3,"12,9,11,7,7,11,11|10,11,7,11,11,7,6",QR2,GRAND_SLAM,WS,1754,Qualification,KIM Hyehyun (KOR),TAN Wenling (ITA),,,3 - 4,10:12 11:9 7:11 11:7 11:7 7:11 6:11,KIM Hyehyun,2005
Japan Open Yokohama 2005,2005-09-22,TAN Wenling,LOVAS Petra,ITA,HUN,4,0,"11,11,11,11|9,3,9,9",3,GRAND_SLAM,WS,1754,Qualification,TAN Wenling (ITA),LOVAS Petra (HUN),,,4 - 0,11:9 11:3 11:9 11:9,TAN Wenling,2005
Japan Open Yokohama 2005,2005-09-22,LEE I-Chen,ROBERTSON Laura,TPE,GER,4,3,"5,12,12,10,11,6,11|11,10,10,12,9,11,8",,GRAND_SLAM,WS,1754,Qualification,LEE I-Chen (TPE),ROBERTSON Laura (GER),,,3 - 4,11:5 10:12 10:12 12:10 9:11 11:6 8:11,LEE I-Chen,2005
Japan Open Yokohama 2005,2005-09-22,KIM Bokrae,LEE I-Chen,KOR,TPE,4,1,"11,11,8,11,11|8,3,11,4,9",QR2,GRAND_SLAM,WS,1754,Qualification,KIM Bokrae (KOR),LEE I-Chen (TPE),,,4 - 1,11:8 11:3 8:11 11:4 11:9,KIM Bokrae,2005
Japan Open Yokohama 2005,2005-09-22,KIM Bokrae,ROBERTSON Laura,KOR,GER,4,3,"7,8,11,14,11,10,11|11,11,9,12,4,12,8",3,GRAND_SLAM,WS,1754,Qualification,KIM Bokrae (KOR),ROBERTSON Laura (GER),,,4 - 3,7:11 8:11 11:9 14:12 11:4 10:12 11:8,KIM Bokrae,2005
Japan Open Yokohama 2005,2005-09-22,LIU Shiwen,YU Mei-Ju,CHN,TPE,4,0,"11,11,11,11|9,9,7,7",,GRAND_SLAM,WS,1754,Qualification,LIU Shiwen (CHN),YU Mei-Ju (TPE),,,4 - 0,11:9 11:9 11:7 11:7,LIU Shiwen,2005
Japan Open Yokohama 2005,2005-09-22,FUJINUMA Ai,YU Mei-Ju,JPN,TPE,4,0,"11,11,11,11|6,7,4,9",QR2,GRAND_SLAM,WS,1754,Qualification,FUJINUMA Ai (JPN),YU Mei-Ju (TPE),,,4 - 0,11:6 11:7 11:4 11:9,FUJINUMA Ai,2005
Japan Open Yokohama 2005,2005-09-22,LIU Shiwen,FUJINUMA Ai,CHN,JPN,4,1,"11,11,4,11,11|8,8,11,4,5",3,GRAND_SLAM,WS,1754,Qualification,LIU Shiwen (CHN),FUJINUMA Ai (JPN),,,1 - 4,8:11 8:11 11:4 4:11 5:11,LIU Shiwen,2005
Japan Open Yokohama 2005,2005-09-22,KRAMER Tanja,SU Hsien-Ching,GER,TPE,4,1,"11,11,11,12,11|7,6,4,14,9",,GRAND_SLAM,WS,1754,Qualification,KRAMER Tanja (GER),SU Hsien-Ching (TPE),,,4 - 1,11:7 11:6 11:4 12:14 11:9,KRAMER Tanja,2005
Japan Open Yokohama 2005,2005-09-22,FUKUOKA Haruna,SU Hsien-Ching,JPN,TPE,4,0,"11,11,11,11|4,6,8,7",QR2,GRAND_SLAM,WS,1754,Qualification,FUKUOKA Haruna (JPN),SU Hsien-Ching (TPE),,,4 - 0,11:4 11:6 11:8 11:7,FUKUOKA Haruna,2005
Japan Open Yokohama 2005,2005-09-22,FUKUOKA Haruna,KRAMER Tanja,JPN,GER,4,2,"12,11,9,11,10,11|10,7,11,8,12,9",3,GRAND_SLAM,WS,1754,Qualification,FUKUOKA Haruna (JPN),KRAMER Tanja (GER),,,4 - 2,12:10 11:7 9:11 11:8 10:12 11:9,FUKUOKA Haruna,2005
Japan Open Yokohama 2005,2005-09-22,GOBEL Jessica,TERUI Moemi,GER,JPN,4,1,"9,12,11,11,11|11,10,5,5,9",,GRAND_SLAM,WS,1754,Qualification,GOBEL Jessica (GER),TERUI Moemi (JPN),,,4 - 1,9:11 12:10 11:5 11:5 11:9,GOBEL Jessica,2005
Japan Open Yokohama 2005,2005-09-22,ZHANG Xueling,TERUI Moemi,SGP,JPN,4,3,"11,11,10,10,3,11,14|9,7,12,12,11,7,12",QR2,GRAND_SLAM,WS,1754,Qualification,ZHANG Xueling (SGP),TERUI Moemi (JPN),,,4 - 3,11:9 11:7 10:12 10:12 3:11 11:7 14:12,ZHANG Xueling,2005
Japan Open Yokohama 2005,2005-09-22,ZHANG Xueling,GOBEL Jessica,SGP,GER,4,3,"11,5,12,11,4,11,11|8,11,14,9,11,4,7",3,GRAND_SLAM,WS,1754,Qualification,ZHANG Xueling (SGP),GOBEL Jessica (GER),,,4 - 3,11:8 5:11 12:14 11:9 4:11 11:4 11:7,ZHANG Xueling,2005
Japan Open Yokohama 2005,2005-09-22,TAN Paey Fern,ONO Shiho,SGP,JPN,4,2,"14,11,7,11,8,11|12,8,11,8,11,3",,GRAND_SLAM,WS,1754,Qualification,TAN Paey Fern (SGP),ONO Shiho (JPN),,,4 - 2,14:12 11:8 7:11 11:8 8:11 11:3,TAN Paey Fern,2005
Japan Open Yokohama 2005,2005-09-22,ONO Shiho,LANG Kristin,JPN,GER,4,3,"3,11,8,11,7,11,12|11,9,11,7,11,9,10",QR2,GRAND_SLAM,WS,1754,Qualification,ONO Shiho (JPN),LANG Kristin (GER),,,3 - 4,11:3 9:11 11:8 7:11 11:7 9:11 10:12,ONO Shiho,2005
Japan Open Yokohama 2005,2005-09-22,TAN Paey Fern,LANG Kristin,SGP,GER,4,1,"11,7,14,11,11|8,11,12,6,6",3,GRAND_SLAM,WS,1754,Qualification,TAN Paey Fern (SGP),LANG Kristin (GER),,,1 - 4,8:11 11:7 12:14 6:11 6:11,TAN Paey Fern,2005
Japan Open Yokohama 2005,2005-09-22,KISHIDA Satoko,LEE Kyeola,JPN,KOR,4,1,"11,11,11,6,14|9,6,9,11,12",,GRAND_SLAM,WS,1754,Qualification,KISHIDA Satoko (JPN),LEE Kyeola (KOR),,,4 - 1,11:9 11:6 11:9 6:11 14:12,KISHIDA Satoko,2005
Japan Open Yokohama 2005,2005-09-22,BATORFI Csilla,LEE Kyeola,HUN,KOR,4,3,"5,11,11,11,11,9,11|11,4,8,13,5,11,5",QR2,GRAND_SLAM,WS,1754,Qualification,BATORFI Csilla (HUN),LEE Kyeola (KOR),,,4 - 3,5:11 11:4 11:8 11:13 11:5 9:11 11:5,BATORFI Csilla,2005
Japan Open Yokohama 2005,2005-09-22,KISHIDA Satoko,BATORFI Csilla,JPN,HUN,4,1,"14,11,9,11,11|12,7,11,8,9",3,GRAND_SLAM,WS,1754,Qualification,KISHIDA Satoko (JPN),BATORFI Csilla (HUN),,,1 - 4,12:14 7:11 11:9 8:11 9:11,KISHIDA Satoko,2005
Japan Open Yokohama 2005,2005-09-22,PAVLOVICH Veronika,MORIMOTO Fumie,BLR,JPN,4,2,"8,11,11,6,11,11|11,6,9,11,9,9",,GRAND_SLAM,WS,1754,Qualification,PAVLOVICH Veronika (BLR),MORIMOTO Fumie (JPN),,,4 - 2,8:11 11:6 11:9 6:11 11:9 11:9,PAVLOVICH Veronika,2005
Japan Open Yokohama 2005,2005-09-22,STEFANOVA Nikoleta,MORIMOTO Fumie,ITA,JPN,4,3,"14,13,8,11,11,8,11|16,11,11,6,3,11,7",QR2,GRAND_SLAM,WS,1754,Qualification,STEFANOVA Nikoleta (ITA),MORIMOTO Fumie (JPN),,,4 - 3,14:16 13:11 8:11 11:6 11:3 8:11 11:7,STEFANOVA Nikoleta,2005
Japan Open Yokohama 2005,2005-09-22,PAVLOVICH Veronika,STEFANOVA Nikoleta,BLR,ITA,4,1,"11,5,11,12,11|4,11,8,10,4",3,GRAND_SLAM,WS,1754,Qualification,PAVLOVICH Veronika (BLR),STEFANOVA Nikoleta (ITA),,,1 - 4,4:11 11:5 8:11 10:12 4:11,PAVLOVICH Veronika,2005
Japan Open Yokohama 2005,2005-09-22,HUANG Yi-Hua,KIM Sujin,TPE,KOR,4,1,"11,5,12,11,11|6,11,10,9,9",,GRAND_SLAM,WS,1754,Qualification,HUANG Yi-Hua (TPE),KIM Sujin (KOR),,,4 - 1,11:6 5:11 12:10 11:9 11:9,HUANG Yi-Hua,2005
Japan Open Yokohama 2005,2005-09-22,FUJII Hiroko,KIM Sujin,JPN,KOR,4,0,"11,11,11,11|4,8,8,8",QR2,GRAND_SLAM,WS,1754,Qualification,FUJII Hiroko (JPN),KIM Sujin (KOR),,,4 - 0,11:4 11:8 11:8 11:8,FUJII Hiroko,2005
Japan Open Yokohama 2005,2005-09-22,FUJII Hiroko,HUANG Yi-Hua,JPN,TPE,4,0,"11,11,11,11|6,4,5,7",3,GRAND_SLAM,WS,1754,Qualification,FUJII Hiroko (JPN),HUANG Yi-Hua (TPE),,,4 - 0,11:6 11:4 11:5 11:7,FUJII Hiroko,2005
Japan Open Yokohama 2005,2005-09-22,KIM Minji,NAKAGAWA Miho,KOR,JPN,3,1,"7,13,13,13|11,11,11,11",,GRAND_SLAM,U21WS,1754,Qualification,KIM Minji (KOR),NAKAGAWA Miho (JPN),,,3 - 1,7:11 13:11 13:11 13:11,KIM Minji,2005
Japan Open Yokohama 2005,2005-09-22,LEE I-Chen,NAKAGAWA Miho,TPE,JPN,3,0,"11,11,11|4,5,6",QR2,GRAND_SLAM,U21WS,1754,Qualification,LEE I-Chen (TPE),NAKAGAWA Miho (JPN),,,3 - 0,11:4 11:5 11:6,LEE I-Chen,2005
Japan Open Yokohama 2005,2005-09-22,LEE I-Chen,KIM Minji,TPE,KOR,3,0,"11,11,11|8,6,6",3,GRAND_SLAM,U21WS,1754,Qualification,LEE I-Chen (TPE),KIM Minji (KOR),,,3 - 0,11:8 11:6 11:6,LEE I-Chen,2005
Japan Open Yokohama 2005,2005-09-22,INOUE Tomoni,PENG Wan-Hua,JPN,TPE,3,1,"11,11,8,11|7,6,11,5",,GRAND_SLAM,U21WS,1754,Qualification,INOUE Tomoni (JPN),PENG Wan-Hua (TPE),,,3 - 1,11:7 11:6 8:11 11:5,INOUE Tomoni,2005
Japan Open Yokohama 2005,2005-09-22,YU Mei-Ju,PENG Wan-Hua,TPE,TPE,3,0,"11,11,11|7,8,5",QR2,GRAND_SLAM,U21WS,1754,Qualification,YU Mei-Ju (TPE),PENG Wan-Hua (TPE),,,3 - 0,11:7 11:8 11:5,YU Mei-Ju,2005
Japan Open Yokohama 2005,2005-09-22,YU Mei-Ju,INOUE Tomoni,TPE,JPN,3,1,"11,11,8,13|8,7,11,11",3,GRAND_SLAM,U21WS,1754,Qualification,YU Mei-Ju (TPE),INOUE Tomoni (JPN),,,3 - 1,11:8 11:7 8:11 13:11,YU Mei-Ju,2005
Japan Open Yokohama 2005,2005-09-22,LIU Hsing-Yin,KANG Wang-Shan,TPE,TPE,3,0,"11,11,11|9,8,4",,GRAND_SLAM,U21WS,1754,Qualification,LIU Hsing-Yin (TPE),KANG Wang-Shan (TPE),,,3 - 0,11:9 11:8 11:4,LIU Hsing-Yin,2005
Japan Open Yokohama 2005,2005-09-22,TERUI Moemi,KANG Wang-Shan,JPN,TPE,3,0,"11,11,12|8,6,10",QR2,GRAND_SLAM,U21WS,1754,Qualification,TERUI Moemi (JPN),KANG Wang-Shan (TPE),,,3 - 0,11:8 11:6 12:10,TERUI Moemi,2005
Japan Open Yokohama 2005,2005-09-22,LIU Hsing-Yin,TERUI Moemi,TPE,JPN,3,0,"11,11,11|8,8,7",3,GRAND_SLAM,U21WS,1754,Qualification,LIU Hsing-Yin (TPE),TERUI Moemi (JPN),,,0 - 3,8:11 8:11 7:11,LIU Hsing-Yin,2005
Japan Open Yokohama 2005,2005-09-22,CHENG I-Ching,KIM Sujin,TPE,KOR,3,1,"11,11,7,11|5,9,11,4",,GRAND_SLAM,U21WS,1754,Qualification,CHENG I-Ching (TPE),KIM Sujin (KOR),,,1 - 3,5:11 9:11 11:7 4:11,CHENG I-Ching,2005
Japan Open Yokohama 2005,2005-09-22,KAWAGUCHI Nana,SU Hsien-Ching,JPN,TPE,3,0,"14,11,11|12,2,3",QR2,GRAND_SLAM,U21WS,1754,Qualification,KAWAGUCHI Nana (JPN),SU Hsien-Ching (TPE),,,0 - 3,12:14 2:11 3:11,KAWAGUCHI Nana,2005
Japan Open Yokohama 2005,2005-09-22,KIM Sujin,KAWAGUCHI Nana,KOR,JPN,3,1,"11,11,11,11|9,13,5,5",3,GRAND_SLAM,U21WS,1754,Qualification,KIM Sujin (KOR),KAWAGUCHI Nana (JPN),,,3 - 1,11:9 11:13 11:5 11:5,KIM Sujin,2005
Japan Open Yokohama 2005,2005-09-22,CHENG I-Ching,SU Hsien-Ching,TPE,TPE,3,0,"11,11,11|7,3,8",QR4,GRAND_SLAM,U21WS,1754,Qualification,CHENG I-Ching (TPE),SU Hsien-Ching (TPE),,,0 - 3,7:11 3:11 8:11,CHENG I-Ching,2005
Japan Open Yokohama 2005,2005-09-22,KAWAGUCHI Nana,CHENG I-Ching,JPN,TPE,3,2,"7,11,11,9,11|11,8,9,11,9",5,GRAND_SLAM,U21WS,1754,Qualification,KAWAGUCHI Nana (JPN),CHENG I-Ching (TPE),,,2 - 3,11:7 8:11 9:11 11:9 9:11,KAWAGUCHI Nana,2005
Japan Open Yokohama 2005,2005-09-22,KIM Sujin,SU Hsien-Ching,KOR,TPE,3,0,"11,11,11|9,6,9",6,GRAND_SLAM,U21WS,1754,Qualification,KIM Sujin (KOR),SU Hsien-Ching (TPE),,,0 - 3,9:11 6:11 9:11,KIM Sujin,2005
Japan Open Yokohama 2005,2005-09-22,LEE Kyeola,HSIUNG Nai-I,KOR,TPE,3,1,"11,7,11,11|3,11,6,9",,GRAND_SLAM,U21WS,1754,Qualification,LEE Kyeola (KOR),HSIUNG Nai-I (TPE),,,3 - 1,11:3 7:11 11:6 11:9,LEE Kyeola,2005
Japan Open Yokohama 2005,2005-09-22,ONO Shiho,NAKAJIMA Misaki,JPN,JPN,3,0,"11,11,11|8,2,5",QR2,GRAND_SLAM,U21WS,1754,Qualification,ONO Shiho (JPN),NAKAJIMA Misaki (JPN),,,3 - 0,11:8 11:2 11:5,ONO Shiho,2005
Japan Open Yokohama 2005,2005-09-22,LEE Kyeola,NAKAJIMA Misaki,KOR,JPN,3,0,"11,11,11|7,5,7",3,GRAND_SLAM,U21WS,1754,Qualification,LEE Kyeola (KOR),NAKAJIMA Misaki (JPN),,,3 - 0,11:7 11:5 11:7,LEE Kyeola,2005
Japan Open Yokohama 2005,2005-09-22,ONO Shiho,HSIUNG Nai-I,JPN,TPE,3,0,"11,11,11|5,6,8",QR4,GRAND_SLAM,U21WS,1754,Qualification,ONO Shiho (JPN),HSIUNG Nai-I (TPE),,,3 - 0,11:5 11:6 11:8,ONO Shiho,2005
Japan Open Yokohama 2005,2005-09-22,HSIUNG Nai-I,NAKAJIMA Misaki,TPE,JPN,3,2,"11,11,5,10,11|8,4,11,12,7",5,GRAND_SLAM,U21WS,1754,Qualification,HSIUNG Nai-I (TPE),NAKAJIMA Misaki (JPN),,,3 - 2,11:8 11:4 5:11 10:12 11:7,HSIUNG Nai-I,2005
Japan Open Yokohama 2005,2005-09-22,ONO Shiho,LEE Kyeola,JPN,KOR,3,1,"10,11,11,17|12,6,7,15",6,GRAND_SLAM,U21WS,1754,Qualification,ONO Shiho (JPN),LEE Kyeola (KOR),,,3 - 1,10:12 11:6 11:7 17:15,ONO Shiho,2005
Japan Open Yokohama 2005,2005-09-22,ZHANG Yining,KANAZAWA Saki,CHN,JPN,4,0,"11,11,13,11|7,9,11,4",R32,GRAND_SLAM,WS,1754,Main Draw,ZHANG Yining (CHN),KANAZAWA Saki (JPN),,,4 - 0,11:7 11:9 13:11 11:4,ZHANG Yining,2005
Japan Open Yokohama 2005,2005-09-22,FUJII Hiroko,TOTH Krisztina,JPN,HUN,4,1,"5,11,11,11,12|11,8,6,7,10",R32,GRAND_SLAM,WS,1754,Main Draw,FUJII Hiroko (JPN),TOTH Krisztina (HUN),,,4 - 1,5:11 11:8 11:6 11:7 12:10,FUJII Hiroko,2005
Japan Open Yokohama 2005,2005-09-22,BAI Yang,HIURA Reiko,CHN,JPN,4,2,"11,11,2,11,7,11|6,8,11,7,11,7",R32,GRAND_SLAM,WS,1754,Main Draw,BAI Yang (CHN),HIURA Reiko (JPN),,,4 - 2,11:6 11:8 2:11 11:7 7:11 11:7,BAI Yang,2005
Japan Open Yokohama 2005,2005-09-22,KIM Kyungah,LIU Shiwen,KOR,CHN,4,1,"11,5,11,11,11|7,11,5,5,6",R32,GRAND_SLAM,WS,1754,Main Draw,KIM Kyungah (KOR),LIU Shiwen (CHN),,,1 - 4,7:11 11:5 5:11 5:11 6:11,KIM Kyungah,2005
Japan Open Yokohama 2005,2005-09-22,LAU Sui Fei,PAVLOVICH Veronika,HKG,BLR,4,0,,R32,GRAND_SLAM,WS,1754,Main Draw,LAU Sui Fei (HKG),PAVLOVICH Veronika (BLR),,,4 - 0,,LAU Sui Fei,2005
Japan Open Yokohama 2005,2005-09-22,FUKUHARA Ai,KIM Junghyun,JPN,KOR,4,0,"11,11,11,11|5,4,8,6",R32,GRAND_SLAM,WS,1754,Main Draw,FUKUHARA Ai (JPN),KIM Junghyun (KOR),,,0 - 4,5:11 4:11 8:11 6:11,FUKUHARA Ai,2005
Japan Open Yokohama 2005,2005-09-22,CAO Zhen,KWAK Bangbang,CHN,KOR,4,1,"11,11,11,11,12|4,13,4,6,10",R32,GRAND_SLAM,WS,1754,Main Draw,CAO Zhen (CHN),KWAK Bangbang (KOR),,,4 - 1,11:4 11:13 11:4 11:6 12:10,CAO Zhen,2005
Japan Open Yokohama 2005,2005-09-22,GUO Yue,KIM Bokrae,CHN,KOR,4,1,"11,11,11,8,11|8,4,4,11,1",R32,GRAND_SLAM,WS,1754,Main Draw,GUO Yue (CHN),KIM Bokrae (KOR),,,1 - 4,8:11 4:11 4:11 11:8 1:11,GUO Yue,2005
Japan Open Yokohama 2005,2005-09-22,GUO Yan (1982),TAN Wenling,CHN,ITA,4,0,"11,11,11,11|6,4,5,8",R32,GRAND_SLAM,WS,1754,Main Draw,GUO Yan (1982) (CHN),TAN Wenling (ITA),,,4 - 0,11:6 11:4 11:5 11:8,GUO Yan (1982),2005
Japan Open Yokohama 2005,2005-09-22,WANG Yuegu,HIRANO Sayaka,SGP,JPN,4,0,"11,11,11,11|3,9,5,7",R32,GRAND_SLAM,WS,1754,Main Draw,WANG Yuegu (SGP),HIRANO Sayaka (JPN),,,0 - 4,3:11 9:11 5:11 7:11,WANG Yuegu,2005
Japan Open Yokohama 2005,2005-09-22,SCHALL Elke,SUN Beibei,GER,SGP,4,1,"11,11,11,10,11|9,8,7,12,6",R32,GRAND_SLAM,WS,1754,Main Draw,SCHALL Elke (GER),SUN Beibei (SGP),,,1 - 4,9:11 8:11 7:11 12:10 6:11,SCHALL Elke,2005
Japan Open Yokohama 2005,2005-09-22,BOROS Tamara,STRUSE Nicole,CRO,GER,4,2,"11,9,11,11,8,17|5,11,2,8,11,15",R32,GRAND_SLAM,WS,1754,Main Draw,BOROS Tamara (CRO),STRUSE Nicole (GER),,,2 - 4,5:11 11:9 2:11 8:11 11:8 15:17,BOROS Tamara,2005
Japan Open Yokohama 2005,2005-09-22,PAVLOVICH Viktoria,FUKUOKA Haruna,BLR,JPN,4,0,"11,11,11,11|8,6,7,9",R32,GRAND_SLAM,WS,1754,Main Draw,PAVLOVICH Viktoria (BLR),FUKUOKA Haruna (JPN),,,4 - 0,11:8 11:6 11:7 11:9,PAVLOVICH Viktoria,2005
Japan Open Yokohama 2005,2005-09-22,UMEMURA Aya,TAN Paey Fern,JPN,SGP,4,2,"11,8,9,11,11,11|9,11,11,6,6,4",R32,GRAND_SLAM,WS,1754,Main Draw,UMEMURA Aya (JPN),TAN Paey Fern (SGP),,,2 - 4,9:11 11:8 11:9 6:11 6:11 4:11,UMEMURA Aya,2005
Japan Open Yokohama 2005,2005-09-22,ZHANG Xueling,MOON Hyunjung,SGP,KOR,4,3,"11,7,9,11,6,11,11|3,11,11,6,11,9,7",R32,GRAND_SLAM,WS,1754,Main Draw,ZHANG Xueling (SGP),MOON Hyunjung (KOR),,,3 - 4,3:11 11:7 11:9 6:11 11:6 9:11 7:11,ZHANG Xueling,2005
Japan Open Yokohama 2005,2005-09-22,LI Jiawei,KISHIDA Satoko,SGP,JPN,4,0,"11,11,11,11|9,9,3,1",R32,GRAND_SLAM,WS,1754,Main Draw,LI Jiawei (SGP),KISHIDA Satoko (JPN),,,0 - 4,9:11 9:11 3:11 1:11,LI Jiawei,2005
Japan Open Yokohama 2005,2005-09-22,ZHANG Yining,FUJII Hiroko,CHN,JPN,4,1,"11,5,11,12,11|5,11,7,10,9",R16,GRAND_SLAM,WS,1754,Main Draw,ZHANG Yining (CHN),FUJII Hiroko (JPN),,,4 - 1,11:5 5:11 11:7 12:10 11:9,ZHANG Yining,2005
Japan Open Yokohama 2005,2005-09-22,KIM Kyungah,BAI Yang,KOR,CHN,4,1,"11,11,11,11,11|13,4,6,8,4",R16,GRAND_SLAM,WS,1754,Main Draw,KIM Kyungah (KOR),BAI Yang (CHN),,,1 - 4,13:11 4:11 6:11 8:11 4:11,KIM Kyungah,2005
Japan Open Yokohama 2005,2005-09-22,LAU Sui Fei,FUKUHARA Ai,HKG,JPN,4,2,"11,9,11,11,8,11|7,11,9,9,11,9",R16,GRAND_SLAM,WS,1754,Main Draw,LAU Sui Fei (HKG),FUKUHARA Ai (JPN),,,4 - 2,11:7 9:11 11:9 11:9 8:11 11:9,LAU Sui Fei,2005
Japan Open Yokohama 2005,2005-09-22,GUO Yue,CAO Zhen,CHN,CHN,4,0,"11,11,11,11|9,9,8,8",R16,GRAND_SLAM,WS,1754,Main Draw,GUO Yue (CHN),CAO Zhen (CHN),,,0 - 4,9:11 9:11 8:11 8:11,GUO Yue,2005
Japan Open Yokohama 2005,2005-09-22,GUO Yan (1982),WANG Yuegu,CHN,SGP,4,0,"11,11,11,11|8,7,9,6",R16,GRAND_SLAM,WS,1754,Main Draw,GUO Yan (1982) (CHN),WANG Yuegu (SGP),,,4 - 0,11:8 11:7 11:9 11:6,GUO Yan (1982),2005
Japan Open Yokohama 2005,2005-09-22,BOROS Tamara,SCHALL Elke,CRO,GER,4,2,"11,11,10,4,12,11|9,7,12,11,10,9",R16,GRAND_SLAM,WS,1754,Main Draw,BOROS Tamara (CRO),SCHALL Elke (GER),,,2 - 4,9:11 7:11 12:10 11:4 10:12 9:11,BOROS Tamara,2005
Japan Open Yokohama 2005,2005-09-22,PAVLOVICH Viktoria,UMEMURA Aya,BLR,JPN,4,1,"11,11,11,5,11|7,3,6,11,6",R16,GRAND_SLAM,WS,1754,Main Draw,PAVLOVICH Viktoria (BLR),UMEMURA Aya (JPN),,,4 - 1,11:7 11:3 11:6 5:11 11:6,PAVLOVICH Viktoria,2005
Japan Open Yokohama 2005,2005-09-22,LI Jiawei,ZHANG Xueling,SGP,SGP,4,2,"8,12,9,11,15,11|11,10,11,7,13,8",R16,GRAND_SLAM,WS,1754,Main Draw,LI Jiawei (SGP),ZHANG Xueling (SGP),,,2 - 4,11:8 10:12 11:9 7:11 13:15 8:11,LI Jiawei,2005
Japan Open Yokohama 2005,2005-09-22,ZHANG Yining,KIM Kyungah,CHN,KOR,4,0,"11,11,14,11|8,8,12,5",QuarterFinal,GRAND_SLAM,WS,1754,Main Draw,ZHANG Yining (CHN),KIM Kyungah (KOR),,,4 - 0,11:8 11:8 14:12 11:5,ZHANG Yining,2005
Japan Open Yokohama 2005,2005-09-22,GUO Yue,LAU Sui Fei,CHN,HKG,4,2,"8,11,11,5,11,11|11,9,8,11,6,5",QuarterFinal,GRAND_SLAM,WS,1754,Main Draw,GUO Yue (CHN),LAU Sui Fei (HKG),,,2 - 4,11:8 9:11 8:11 11:5 6:11 5:11,GUO Yue,2005
Japan Open Yokohama 2005,2005-09-22,GUO Yan (1982),BOROS Tamara,CHN,CRO,4,0,"11,11,11,11|5,4,6,7",QuarterFinal,GRAND_SLAM,WS,1754,Main Draw,GUO Yan (1982) (CHN),BOROS Tamara (CRO),,,4 - 0,11:5 11:4 11:6 11:7,GUO Yan (1982),2005
Japan Open Yokohama 2005,2005-09-22,LI Jiawei,PAVLOVICH Viktoria,SGP,BLR,4,2,"11,8,11,4,11,11|4,11,9,11,8,8",QuarterFinal,GRAND_SLAM,WS,1754,Main Draw,LI Jiawei (SGP),PAVLOVICH Viktoria (BLR),,,2 - 4,4:11 11:8 9:11 11:4 8:11 8:11,LI Jiawei,2005
Japan Open Yokohama 2005,2005-09-22,ZHANG Yining,GUO Yue,CHN,CHN,4,3,"10,15,4,8,11,11,12|12,13,11,11,3,3,10",SemiFinal,GRAND_SLAM,WS,1754,Main Draw,ZHANG Yining (CHN),GUO Yue (CHN),,,4 - 3,10:12 15:13 4:11 8:11 11:3 11:3 12:10,ZHANG Yining,2005
Japan Open Yokohama 2005,2005-09-22,GUO Yan (1982),LI Jiawei,CHN,SGP,4,1,"11,11,11,8,11|2,9,2,11,5",SemiFinal,GRAND_SLAM,WS,1754,Main Draw,GUO Yan (1982) (CHN),LI Jiawei (SGP),,,4 - 1,11:2 11:9 11:2 8:11 11:5,GUO Yan (1982),2005
Japan Open Yokohama 2005,2005-09-22,ZHANG Yining,GUO Yan (1982),CHN,CHN,4,0,"11,11,11,11|8,9,8,8",Final,GRAND_SLAM,WS,1754,Main Draw,ZHANG Yining (CHN),GUO Yan (1982) (CHN),,,4 - 0,11:8 11:9 11:8 11:8,ZHANG Yining,2005
Japan Open Yokohama 2005,2005-09-22,NEGRISOLI Laura,KIM Minji,ITA,KOR,4,0,"11,11,11,11|6,6,7,8",,GRAND_SLAM,WS,1754,Qualification,NEGRISOLI Laura (ITA),KIM Minji (KOR),,,4 - 0,11:6 11:6 11:7 11:8,NEGRISOLI Laura,2005
Japan Open Yokohama 2005,2005-09-22,HIURA Reiko,LIU Hsing-Yin,JPN,TPE,4,1,"6,11,11,11,11|11,1,6,5,3",QR2,GRAND_SLAM,WS,1754,Qualification,HIURA Reiko (JPN),LIU Hsing-Yin (TPE),,,4 - 1,6:11 11:1 11:6 11:5 11:3,HIURA Reiko,2005
Japan Open Yokohama 2005,2005-09-22,LIU Hsing-Yin,NEGRISOLI Laura,TPE,ITA,4,3,"11,11,5,12,7,8,11|7,5,11,10,11,11,7",3,GRAND_SLAM,WS,1754,Qualification,LIU Hsing-Yin (TPE),NEGRISOLI Laura (ITA),,,3 - 4,7:11 5:11 11:5 10:12 11:7 11:8 7:11,LIU Hsing-Yin,2005
Japan Open Yokohama 2005,2005-09-22,HIURA Reiko,KIM Minji,JPN,KOR,4,0,"11,11,11,11|0,5,8,3",QR4,GRAND_SLAM,WS,1754,Qualification,HIURA Reiko (JPN),KIM Minji (KOR),,,4 - 0,11:0 11:5 11:8 11:3,HIURA Reiko,2005
Japan Open Yokohama 2005,2005-09-22,LIU Hsing-Yin,KIM Minji,TPE,KOR,4,0,"11,14,11,11|7,12,4,9",5,GRAND_SLAM,WS,1754,Qualification,LIU Hsing-Yin (TPE),KIM Minji (KOR),,,0 - 4,7:11 12:14 4:11 9:11,LIU Hsing-Yin,2005
Japan Open Yokohama 2005,2005-09-22,HIURA Reiko,NEGRISOLI Laura,JPN,ITA,4,3,"11,11,6,14,8,5,11|9,8,11,12,11,11,5",6,GRAND_SLAM,WS,1754,Qualification,HIURA Reiko (JPN),NEGRISOLI Laura (ITA),,,4 - 3,11:9 11:8 6:11 14:12 8:11 5:11 11:5,HIURA Reiko,2005
Japan Open Yokohama 2005,2005-09-22,KWAK Bangbang,KANG Wang-Shan,KOR,TPE,4,1,"7,11,11,11,11|11,8,3,6,7",,GRAND_SLAM,WS,1754,Qualification,KWAK Bangbang (KOR),KANG Wang-Shan (TPE),,,4 - 1,7:11 11:8 11:3 11:6 11:7,KWAK Bangbang,2005
Japan Open Yokohama 2005,2005-09-22,TASEI Mikie,CHENG I-Ching,JPN,TPE,4,0,"11,11,11,11|9,5,7,3",QR2,GRAND_SLAM,WS,1754,Qualification,TASEI Mikie (JPN),CHENG I-Ching (TPE),,,4 - 0,11:9 11:5 11:7 11:3,TASEI Mikie,2005
Japan Open Yokohama 2005,2005-09-22,KWAK Bangbang,CHENG I-Ching,KOR,TPE,4,2,"11,11,10,11,9,11|2,5,12,7,11,5",3,GRAND_SLAM,WS,1754,Qualification,KWAK Bangbang (KOR),CHENG I-Ching (TPE),,,4 - 2,11:2 11:5 10:12 11:7 9:11 11:5,KWAK Bangbang,2005
Japan Open Yokohama 2005,2005-09-22,TASEI Mikie,KANG Wang-Shan,JPN,TPE,4,0,"11,11,11,11|6,8,9,8",QR4,GRAND_SLAM,WS,1754,Qualification,TASEI Mikie (JPN),KANG Wang-Shan (TPE),,,4 - 0,11:6 11:8 11:9 11:8,TASEI Mikie,2005
Japan Open Yokohama 2005,2005-09-22,CHENG I-Ching,KANG Wang-Shan,TPE,TPE,4,2,"3,4,11,11,11,11|11,11,4,9,7,7",5,GRAND_SLAM,WS,1754,Qualification,CHENG I-Ching (TPE),KANG Wang-Shan (TPE),,,2 - 4,11:3 11:4 4:11 9:11 7:11 7:11,CHENG I-Ching,2005
Japan Open Yokohama 2005,2005-09-22,KWAK Bangbang,TASEI Mikie,KOR,JPN,4,0,"13,11,11,11|11,8,2,6",6,GRAND_SLAM,WS,1754,Qualification,KWAK Bangbang (KOR),TASEI Mikie (JPN),,,0 - 4,11:13 8:11 2:11 6:11,KWAK Bangbang,2005
Japan Open Yokohama 2005,2005-09-22,PARK Miyoung,PENG Wan-Hua,KOR,TPE,4,0,"11,11,11,11|7,4,4,2",,GRAND_SLAM,WS,1754,Qualification,PARK Miyoung (KOR),PENG Wan-Hua (TPE),,,4 - 0,11:7 11:4 11:4 11:2,PARK Miyoung,2005
Japan Open Yokohama 2005,2005-09-22,KANAZAWA Saki,HSIUNG Nai-I,JPN,TPE,4,0,"11,11,11,11|9,4,5,3",QR2,GRAND_SLAM,WS,1754,Qualification,KANAZAWA Saki (JPN),HSIUNG Nai-I (TPE),,,4 - 0,11:9 11:4 11:5 11:3,KANAZAWA Saki,2005
Japan Open Yokohama 2005,2005-09-22,PARK Miyoung,HSIUNG Nai-I,KOR,TPE,4,1,"8,11,11,11,11|11,4,5,3,9",3,GRAND_SLAM,WS,1754,Qualification,PARK Miyoung (KOR),HSIUNG Nai-I (TPE),,,4 - 1,8:11 11:4 11:5 11:3 11:9,PARK Miyoung,2005
Japan Open Yokohama 2005,2005-09-22,KANAZAWA Saki,PENG Wan-Hua,JPN,TPE,4,0,"11,11,11,11|9,6,2,5",QR4,GRAND_SLAM,WS,1754,Qualification,KANAZAWA Saki (JPN),PENG Wan-Hua (TPE),,,4 - 0,11:9 11:6 11:2 11:5,KANAZAWA Saki,2005
Japan Open Yokohama 2005,2005-09-22,HSIUNG Nai-I,PENG Wan-Hua,TPE,TPE,4,0,"11,11,11,11|8,8,6,9",5,GRAND_SLAM,WS,1754,Qualification,HSIUNG Nai-I (TPE),PENG Wan-Hua (TPE),,,0 - 4,8:11 8:11 6:11 9:11,HSIUNG Nai-I,2005
Japan Open Yokohama 2005,2005-09-22,KANAZAWA Saki,PARK Miyoung,JPN,KOR,4,2,"11,11,11,9,2,11|7,4,7,11,11,9",6,GRAND_SLAM,WS,1754,Qualification,KANAZAWA Saki (JPN),PARK Miyoung (KOR),,,4 - 2,11:7 11:4 11:7 9:11 2:11 11:9,KANAZAWA Saki,2005
Japan Open Yokohama 2005,2005-09-22,LEE Kyeola,SUN Beibei,KOR,SGP,4,3,"5,6,11,11,11,8,11|11,11,5,8,9,11,7",R16,GRAND_SLAM,U21WS,1754,Main Draw,LEE Kyeola (KOR),SUN Beibei (SGP),,,3 - 4,11:5 11:6 5:11 8:11 9:11 11:8 7:11,LEE Kyeola,2005
Japan Open Yokohama 2005,2005-09-22,ONO Shiho,LU Yun-Feng,JPN,TPE,4,2,"8,11,11,9,11,11|11,8,9,11,8,5",R16,GRAND_SLAM,U21WS,1754,Main Draw,ONO Shiho (JPN),LU Yun-Feng (TPE),,,4 - 2,8:11 11:8 11:9 9:11 11:8 11:5,ONO Shiho,2005
Japan Open Yokohama 2005,2005-09-22,YU Mei-Ju,KIM Hyehyun,TPE,KOR,4,1,"11,13,7,11,11|8,11,11,8,7",R16,GRAND_SLAM,U21WS,1754,Main Draw,YU Mei-Ju (TPE),KIM Hyehyun (KOR),,,1 - 4,8:11 11:13 11:7 8:11 7:11,YU Mei-Ju,2005
Japan Open Yokohama 2005,2005-09-22,STEFANOVA Nikoleta,LEE I-Chen,ITA,TPE,4,1,"11,14,10,11,12|6,12,12,4,10",R16,GRAND_SLAM,U21WS,1754,Main Draw,STEFANOVA Nikoleta (ITA),LEE I-Chen (TPE),,,1 - 4,6:11 12:14 12:10 4:11 10:12,STEFANOVA Nikoleta,2005
Japan Open Yokohama 2005,2005-09-22,HUANG Yi-Hua,INOUE Tomoni,TPE,JPN,4,2,"11,6,8,11,11,11|7,11,11,4,5,8",R16,GRAND_SLAM,U21WS,1754,Main Draw,HUANG Yi-Hua (TPE),INOUE Tomoni (JPN),,,4 - 2,11:7 6:11 8:11 11:4 11:5 11:8,HUANG Yi-Hua,2005
Japan Open Yokohama 2005,2005-09-22,ISHIGAKI Yuka,CHENG I-Ching,JPN,TPE,4,1,"11,8,11,11,11|8,11,5,6,3",R16,GRAND_SLAM,U21WS,1754,Main Draw,ISHIGAKI Yuka (JPN),CHENG I-Ching (TPE),,,1 - 4,8:11 11:8 5:11 6:11 3:11,ISHIGAKI Yuka,2005
Japan Open Yokohama 2005,2005-09-22,KIM Junghyun,LIU Hsing-Yin,KOR,TPE,4,0,"11,11,11,12|5,9,7,10",R16,GRAND_SLAM,U21WS,1754,Main Draw,KIM Junghyun (KOR),LIU Hsing-Yin (TPE),,,4 - 0,11:5 11:9 11:7 12:10,KIM Junghyun,2005
Japan Open Yokohama 2005,2005-09-22,POTA Georgina,KIM Minji,HUN,KOR,4,0,"11,11,11,11|3,4,3,8",R16,GRAND_SLAM,U21WS,1754,Main Draw,POTA Georgina (HUN),KIM Minji (KOR),,,0 - 4,3:11 4:11 3:11 8:11,POTA Georgina,2005
Japan Open Yokohama 2005,2005-09-22,STEFANOVA Nikoleta,YU Mei-Ju,ITA,TPE,4,2,"11,4,11,11,13,12|6,11,8,8,15,10",QuarterFinal,GRAND_SLAM,U21WS,1754,Main Draw,STEFANOVA Nikoleta (ITA),YU Mei-Ju (TPE),,,2 - 4,6:11 11:4 8:11 8:11 15:13 10:12,STEFANOVA Nikoleta,2005
Japan Open Yokohama 2005,2005-09-22,ISHIGAKI Yuka,HUANG Yi-Hua,JPN,TPE,4,0,"11,11,12,11|5,7,10,7",QuarterFinal,GRAND_SLAM,U21WS,1754,Main Draw,ISHIGAKI Yuka (JPN),HUANG Yi-Hua (TPE),,,0 - 4,5:11 7:11 10:12 7:11,ISHIGAKI Yuka,2005
Japan Open Yokohama 2005,2005-09-22,POTA Georgina,KIM Junghyun,HUN,KOR,4,1,"12,11,11,7,11|10,4,8,11,8",QuarterFinal,GRAND_SLAM,U21WS,1754,Main Draw,POTA Georgina (HUN),KIM Junghyun (KOR),,,1 - 4,10:12 4:11 8:11 11:7 8:11,POTA Georgina,2005
Japan Open Yokohama 2005,2005-09-22,STEFANOVA Nikoleta,ONO Shiho,ITA,JPN,4,1,"11,11,8,13,11|7,7,11,11,3",SemiFinal,GRAND_SLAM,U21WS,1754,Main Draw,STEFANOVA Nikoleta (ITA),ONO Shiho (JPN),,,1 - 4,7:11 7:11 11:8 11:13 3:11,STEFANOVA Nikoleta,2005
Japan Open Yokohama 2005,2005-09-22,ISHIGAKI Yuka,STEFANOVA Nikoleta,JPN,ITA,4,1,"12,11,3,11,13|10,6,11,3,11",Final,GRAND_SLAM,U21WS,1754,Main Draw,ISHIGAKI Yuka (JPN),STEFANOVA Nikoleta (ITA),,,1 - 4,10:12 6:11 11:3 3:11 11:13,ISHIGAKI Yuka,2005
Japan Open Yokohama 2005,2005-09-22,CHEN Weixing/GARDOS Robert,HAO Shuai/WANG Liqin,AUT,CHN,4,2,"9,11,13,11,9,11|11,9,11,7,11,8",R16,GRAND_SLAM,MD,1754,Main Draw,CHEN Weixing (AUT) / GARDOS Robert (AUT),HAO Shuai (CHN) / WANG Liqin (CHN),GARDOS Robert (AUT),WANG Liqin (CHN),4 - 2,9:11 11:9 13:11 11:7 9:11 11:8,CHEN Weixing,2005
Japan Open Yokohama 2005,2005-09-22,LEE Jungwoo/OH Sangeun,CHEN Weixing/GARDOS Robert,KOR,AUT,4,2,"7,11,11,11,5,11|11,5,8,2,11,3",QuarterFinal,GRAND_SLAM,MD,1754,Main Draw,LEE Jungwoo (KOR) / OH Sangeun (KOR),CHEN Weixing (AUT) / GARDOS Robert (AUT),OH Sangeun (KOR),GARDOS Robert (AUT),2 - 4,11:7 5:11 8:11 2:11 11:5 3:11,LEE Jungwoo,2005
Japan Open Yokohama 2005,2005-09-22,SCHLICHTER Jorg/VOSTES Yannick,CHO Eonrae/CHOI Hyunjin,GER,KOR,3,2,"11,11,5,5,17|6,6,11,11,15",QR32,GRAND_SLAM,MD,1754,Qualification,SCHLICHTER Jorg (GER) / VOSTES Yannick (BEL),CHO Eonrae (KOR) / CHOI Hyunjin (KOR),VOSTES Yannick (BEL),CHOI Hyunjin (KOR),3 - 2,11:6 11:6 5:11 5:11 17:15,SCHLICHTER Jorg,2005
Japan Open Yokohama 2005,2005-09-22,LIU Guozheng/MA Long,BERTIN Christophe/BOBILLIER Loic,CHN,FRA,4,2,"6,7,11,11,11,11|11,11,5,2,8,7",R16,GRAND_SLAM,MD,1754,Main Draw,LIU Guozheng (CHN) / MA Long (CHN),BERTIN Christophe (FRA) / BOBILLIER Loic (FRA),MA Long (CHN),BOBILLIER Loic (FRA),4 - 2,6:11 7:11 11:5 11:2 11:8 11:7,LIU Guozheng,2005
Japan Open Yokohama 2005,2005-09-22,HAO Shuai/WANG Liqin,MITAMURA Muneaki/YOSHIDA Kaii,CHN,JPN,3,0,"11,11,11|8,5,3",QR32,GRAND_SLAM,MD,1754,Qualification,HAO Shuai (CHN) / WANG Liqin (CHN),MITAMURA Muneaki (JPN) / YOSHIDA Kaii (JPN),WANG Liqin (CHN),YOSHIDA Kaii (JPN),3 - 0,11:8 11:5 11:3,HAO Shuai,2005
Japan Open Yokohama 2005,2005-09-22,LIU Guozheng/MA Long,PRIMORAC Zoran/TOSIC Roko,CHN,CRO,3,1,"11,7,11,11|4,11,8,9",QR16,GRAND_SLAM,MD,1754,Qualification,LIU Guozheng (CHN) / MA Long (CHN),PRIMORAC Zoran (CRO) / TOSIC Roko (CRO),MA Long (CHN),TOSIC Roko (CRO),3 - 1,11:4 7:11 11:8 11:9,LIU Guozheng,2005
Japan Open Yokohama 2005,2005-09-22,HAO Shuai/WANG Liqin,KEINATH Thomas/TAN Ruiwu,CHN,SVK,3,0,"11,12,11|7,10,7",QR16,GRAND_SLAM,MD,1754,Qualification,HAO Shuai (CHN) / WANG Liqin (CHN),KEINATH Thomas (SVK) / TAN Ruiwu (CRO),WANG Liqin (CHN),TAN Ruiwu (CRO),3 - 0,11:7 12:10 11:7,HAO Shuai,2005
Japan Open Yokohama 2005,2005-09-22,KEINATH Thomas/TAN Ruiwu,ELENSKY Gregory/LO Dany,SVK,ISR,3,2,"13,11,8,7,11|11,6,11,11,8",QR32,GRAND_SLAM,MD,1754,Qualification,KEINATH Thomas (SVK) / TAN Ruiwu (CRO),ELENSKY Gregory (ISR) / LO Dany (FRA),TAN Ruiwu (CRO),LO Dany (FRA),2 - 3,11:13 6:11 11:8 11:7 8:11,KEINATH Thomas,2005
Japan Open Yokohama 2005,2005-09-22,BOLL Timo/SUSS Christian,GAO Ning/LIU Zhongze,GER,SGP,4,0,"11,11,11,11|8,8,4,6",R16,GRAND_SLAM,MD,1754,Main Draw,BOLL Timo (GER) / SUSS Christian (GER),GAO Ning (SGP) / LIU Zhongze (SGP),SUSS Christian (GER),LIU Zhongze (SGP),4 - 0,11:8 11:8 11:4 11:6,BOLL Timo,2005
Japan Open Yokohama 2005,2005-09-22,LEE Jungwoo/OH Sangeun,HIELSCHER Lars/STEGER Bastian,KOR,GER,4,0,"11,11,11,11|7,5,9,6",R16,GRAND_SLAM,MD,1754,Main Draw,LEE Jungwoo (KOR) / OH Sangeun (KOR),HIELSCHER Lars (GER) / STEGER Bastian (GER),OH Sangeun (KOR),STEGER Bastian (GER),0 - 4,7:11 5:11 9:11 6:11,LEE Jungwoo,2005
Japan Open Yokohama 2005,2005-09-22,FRANZ Peter/SCHLAGER Werner,CHILA Patrick/FEJER-KONNERTH Zoltan,GER,FRA,4,3,"11,6,9,12,10,11,11|6,11,11,10,12,9,9",R16,GRAND_SLAM,MD,1754,Main Draw,FRANZ Peter (GER) / SCHLAGER Werner (AUT),CHILA Patrick (FRA) / FEJER-KONNERTH Zoltan (GER),SCHLAGER Werner (AUT),FEJER-KONNERTH Zoltan (GER),3 - 4,6:11 11:6 11:9 10:12 12:10 9:11 9:11,FRANZ Peter,2005
Japan Open Yokohama 2005,2005-09-22,BOLL Timo/SUSS Christian,LIU Guozheng/MA Long,GER,CHN,4,3,"12,5,11,11,12,9,11|10,11,7,7,14,11,8",QuarterFinal,GRAND_SLAM,MD,1754,Main Draw,BOLL Timo (GER) / SUSS Christian (GER),LIU Guozheng (CHN) / MA Long (CHN),SUSS Christian (GER),MA Long (CHN),4 - 3,12:10 5:11 11:7 11:7 12:14 9:11 11:8,BOLL Timo,2005
Japan Open Yokohama 2005,2005-09-22,BOLL Timo/SUSS Christian,LEE Jungwoo/OH Sangeun,GER,KOR,4,3,"17,3,11,2,11,9,11|15,11,8,11,9,11,6",SemiFinal,GRAND_SLAM,MD,1754,Main Draw,BOLL Timo (GER) / SUSS Christian (GER),LEE Jungwoo (KOR) / OH Sangeun (KOR),SUSS Christian (GER),OH Sangeun (KOR),4 - 3,17:15 3:11 11:8 2:11 11:9 9:11 11:6,BOLL Timo,2005
Japan Open Yokohama 2005,2005-09-22,BOLL Timo/SUSS Christian,KUZMIN Fedor/SMIRNOV Alexey,GER,RUS,4,0,"11,11,12,11|6,8,10,7",Final,GRAND_SLAM,MD,1754,Main Draw,BOLL Timo (GER) / SUSS Christian (GER),KUZMIN Fedor (RUS) / SMIRNOV Alexey (RUS),SUSS Christian (GER),SMIRNOV Alexey (RUS),4 - 0,11:6 11:8 12:10 11:7,BOLL Timo,2005
Japan Open Yokohama 2005,2005-09-22,BAUM Patrick/OVTCHAROV Dimitrij,KORBEL Petr/WOSIK Torben,GER,CZE,3,2,"1,11,5,11,11|11,7,11,7,4",QR32,GRAND_SLAM,MD,1754,Qualification,BAUM Patrick (GER) / OVTCHAROV Dimitrij (GER),KORBEL Petr (CZE) / WOSIK Torben (GER),OVTCHAROV Dimitrij (GER),WOSIK Torben (GER),2 - 3,11:1 7:11 11:5 7:11 4:11,BAUM Patrick,2005
Japan Open Yokohama 2005,2005-09-22,BAUM Patrick/OVTCHAROV Dimitrij,HARA Yoshihiro/TAKAGI Kazunori,GER,JPN,3,0,"11,11,11|7,8,5",QR16,GRAND_SLAM,MD,1754,Qualification,BAUM Patrick (GER) / OVTCHAROV Dimitrij (GER),HARA Yoshihiro (JPN) / TAKAGI Kazunori (JPN),OVTCHAROV Dimitrij (GER),TAKAGI Kazunori (JPN),3 - 0,11:7 11:8 11:5,BAUM Patrick,2005
Japan Open Yokohama 2005,2005-09-22,KISHIKAWA Seiya/SAKAMOTO Ryusuke,BAUM Patrick/OVTCHAROV Dimitrij,JPN,GER,4,1,"11,11,5,11,11|7,7,11,6,7",R16,GRAND_SLAM,MD,1754,Main Draw,KISHIKAWA Seiya (JPN) / SAKAMOTO Ryusuke (JPN),BAUM Patrick (GER) / OVTCHAROV Dimitrij (GER),SAKAMOTO Ryusuke (JPN),OVTCHAROV Dimitrij (GER),4 - 1,11:7 11:7 5:11 11:6 11:7,KISHIKAWA Seiya,2005
Japan Open Yokohama 2005,2005-09-22,CHEN Qi/WANG Hao,MIHARA Takahiro/TAKASHI Akira,CHN,JPN,4,1,"11,9,11,11,11|6,11,3,5,8",R16,GRAND_SLAM,MD,1754,Main Draw,CHEN Qi (CHN) / WANG Hao (CHN),MIHARA Takahiro (JPN) / TAKASHI Akira (JPN),WANG Hao (CHN),TAKASHI Akira (JPN),1 - 4,6:11 11:9 3:11 5:11 8:11,CHEN Qi,2005
Japan Open Yokohama 2005,2005-09-22,KISHIKAWA Seiya/SAKAMOTO Ryusuke,CHEN Qi/WANG Hao,JPN,CHN,4,3,"3,11,6,11,11,7,11|11,9,11,9,5,11,8",QuarterFinal,GRAND_SLAM,MD,1754,Main Draw,KISHIKAWA Seiya (JPN) / SAKAMOTO Ryusuke (JPN),CHEN Qi (CHN) / WANG Hao (CHN),SAKAMOTO Ryusuke (JPN),WANG Hao (CHN),4 - 3,3:11 11:9 6:11 11:9 11:5 7:11 11:8,KISHIKAWA Seiya,2005
Japan Open Yokohama 2005,2005-09-22,PRIMORAC Zoran/TOSIC Roko,OYA Hidetoshi/YOKOYAMA Yuichi,CRO,JPN,3,0,"11,11,12|6,4,10",QR32,GRAND_SLAM,MD,1754,Qualification,PRIMORAC Zoran (CRO) / TOSIC Roko (CRO),OYA Hidetoshi (JPN) / YOKOYAMA Yuichi (JPN),TOSIC Roko (CRO),YOKOYAMA Yuichi (JPN),0 - 3,6:11 4:11 10:12,PRIMORAC Zoran,2005
Japan Open Yokohama 2005,2005-09-22,GAO Ning/LIU Zhongze,MIZUTANI Jun/TAKAKIWA Taku,SGP,JPN,3,0,"11,11,11|8,9,4",QR32,GRAND_SLAM,MD,1754,Qualification,GAO Ning (SGP) / LIU Zhongze (SGP),MIZUTANI Jun (JPN) / TAKAKIWA Taku (JPN),LIU Zhongze (SGP),TAKAKIWA Taku (JPN),0 - 3,8:11 9:11 4:11,GAO Ning,2005
Japan Open Yokohama 2005,2005-09-22,HARA Yoshihiro/TAKAGI Kazunori,KONGSGAARD Christian/YOON Jaeyoung,JPN,DEN,3,1,"11,9,11,11|6,11,8,8",QR32,GRAND_SLAM,MD,1754,Qualification,HARA Yoshihiro (JPN) / TAKAGI Kazunori (JPN),KONGSGAARD Christian (DEN) / YOON Jaeyoung (KOR),TAKAGI Kazunori (JPN),YOON Jaeyoung (KOR),3 - 1,11:6 9:11 11:8 11:8,HARA Yoshihiro,2005
Japan Open Yokohama 2005,2005-09-22,HOSONO Hiroto/YOSHIDA Masaki,GREEN Wally/ZHANG Wilson,JPN,USA,3,0,"11,12,11|9,10,9",QR32,GRAND_SLAM,MD,1754,Qualification,HOSONO Hiroto (JPN) / YOSHIDA Masaki (JPN),GREEN Wally (USA) / ZHANG Wilson (CAN),YOSHIDA Masaki (JPN),ZHANG Wilson (CAN),3 - 0,11:9 12:10 11:9,HOSONO Hiroto,2005
Japan Open Yokohama 2005,2005-09-22,CHILA Patrick/FEJER-KONNERTH Zoltan,KIHO Shinnosuke/TANIGUCHI Yuji,FRA,JPN,3,0,"11,11,11|7,2,6",QR32,GRAND_SLAM,MD,1754,Qualification,CHILA Patrick (FRA) / FEJER-KONNERTH Zoltan (GER),KIHO Shinnosuke (JPN) / TANIGUCHI Yuji (JPN),FEJER-KONNERTH Zoltan (GER),TANIGUCHI Yuji (JPN),0 - 3,7:11 2:11 6:11,CHILA Patrick,2005
Japan Open Yokohama 2005,2005-09-22,MIHARA Takahiro/TAKASHI Akira,LEE Jinkwon/RYU Seungmin,JPN,KOR,3,1,"11,6,11,11|8,11,8,8",QR16,GRAND_SLAM,MD,1754,Qualification,MIHARA Takahiro (JPN) / TAKASHI Akira (JPN),LEE Jinkwon (KOR) / RYU Seungmin (KOR),TAKASHI Akira (JPN),RYU Seungmin (KOR),3 - 1,11:8 6:11 11:8 11:8,MIHARA Takahiro,2005
Japan Open Yokohama 2005,2005-09-22,HIELSCHER Lars/STEGER Bastian,HOSONO Hiroto/YOSHIDA Masaki,GER,JPN,3,1,"11,14,7,11|7,12,11,9",QR16,GRAND_SLAM,MD,1754,Qualification,HIELSCHER Lars (GER) / STEGER Bastian (GER),HOSONO Hiroto (JPN) / YOSHIDA Masaki (JPN),STEGER Bastian (GER),YOSHIDA Masaki (JPN),1 - 3,7:11 12:14 11:7 9:11,HIELSCHER Lars,2005
Japan Open Yokohama 2005,2005-09-22,KIM Jungkyu/LEE Bumhyung,MATSUDAIRA Kenta/TAKAKIWA Kenichi,KOR,JPN,3,2,"8,7,11,11,11|11,11,7,9,7",QR32,GRAND_SLAM,MD,1754,Qualification,KIM Jungkyu (KOR) / LEE Bumhyung (KOR),MATSUDAIRA Kenta (JPN) / TAKAKIWA Kenichi (JPN),LEE Bumhyung (KOR),TAKAKIWA Kenichi (JPN),3 - 2,8:11 7:11 11:7 11:9 11:7,KIM Jungkyu,2005
Japan Open Yokohama 2005,2005-09-22,KIM Junghoon/LIM Jaehyun,CHANG Yen-Shu/SUN Wen-Wei,KOR,TPE,3,0,"11,11,11|9,9,6",QR32,GRAND_SLAM,MD,1754,Qualification,KIM Junghoon (KOR) / LIM Jaehyun (KOR),CHANG Yen-Shu (TPE) / SUN Wen-Wei (TPE),LIM Jaehyun (KOR),SUN Wen-Wei (TPE),3 - 0,11:9 11:9 11:6,KIM Junghoon,2005
Japan Open Yokohama 2005,2005-09-22,CHILA Patrick/FEJER-KONNERTH Zoltan,KIM Junghoon/LIM Jaehyun,FRA,KOR,3,0,"11,11,20|9,8,18",QR16,GRAND_SLAM,MD,1754,Qualification,CHILA Patrick (FRA) / FEJER-KONNERTH Zoltan (GER),KIM Junghoon (KOR) / LIM Jaehyun (KOR),FEJER-KONNERTH Zoltan (GER),LIM Jaehyun (KOR),0 - 3,9:11 8:11 18:20,CHILA Patrick,2005
Japan Open Yokohama 2005,2005-09-22,KUZMIN Fedor/SMIRNOV Alexey,GERELL Par/LUNDQVIST Jens,RUS,SWE,4,3,"8,14,10,11,11,4,11|11,12,12,6,8,11,9",R16,GRAND_SLAM,MD,1754,Main Draw,KUZMIN Fedor (RUS) / SMIRNOV Alexey (RUS),GERELL Par (SWE) / LUNDQVIST Jens (SWE),SMIRNOV Alexey (RUS),LUNDQVIST Jens (SWE),4 - 3,8:11 14:12 10:12 11:6 11:8 4:11 11:9,KUZMIN Fedor,2005
Japan Open Yokohama 2005,2005-09-22,KUZMIN Fedor/SMIRNOV Alexey,FRANZ Peter/SCHLAGER Werner,RUS,GER,4,3,"12,6,12,7,8,11,11|10,11,10,11,11,7,3",QuarterFinal,GRAND_SLAM,MD,1754,Main Draw,KUZMIN Fedor (RUS) / SMIRNOV Alexey (RUS),FRANZ Peter (GER) / SCHLAGER Werner (AUT),SMIRNOV Alexey (RUS),SCHLAGER Werner (AUT),4 - 3,12:10 6:11 12:10 7:11 8:11 11:7 11:3,KUZMIN Fedor,2005
Japan Open Yokohama 2005,2005-09-22,KUZMIN Fedor/SMIRNOV Alexey,KISHIKAWA Seiya/SAKAMOTO Ryusuke,RUS,JPN,4,0,"13,12,11,11|11,10,7,5",SemiFinal,GRAND_SLAM,MD,1754,Main Draw,KUZMIN Fedor (RUS) / SMIRNOV Alexey (RUS),KISHIKAWA Seiya (JPN) / SAKAMOTO Ryusuke (JPN),SMIRNOV Alexey (RUS),SAKAMOTO Ryusuke (JPN),4 - 0,13:11 12:10 11:7 11:5,KUZMIN Fedor,2005
Japan Open Yokohama 2005,2005-09-22,MIHARA Takahiro/TAKASHI Akira,CAI Xiaoli/YANG Zi,JPN,SGP,3,1,"11,11,8,11|8,5,11,6",QR32,GRAND_SLAM,MD,1754,Qualification,MIHARA Takahiro (JPN) / TAKASHI Akira (JPN),CAI Xiaoli (SGP) / YANG Zi (SGP),TAKASHI Akira (JPN),YANG Zi (SGP),1 - 3,8:11 5:11 11:8 6:11,MIHARA Takahiro,2005
Japan Open Yokohama 2005,2005-09-22,GAO Ning/LIU Zhongze,SCHLICHTER Jorg/VOSTES Yannick,SGP,GER,3,1,"10,12,16,11|12,10,14,6",QR16,GRAND_SLAM,MD,1754,Qualification,GAO Ning (SGP) / LIU Zhongze (SGP),SCHLICHTER Jorg (GER) / VOSTES Yannick (BEL),LIU Zhongze (SGP),VOSTES Yannick (BEL),3 - 1,10:12 12:10 16:14 11:6,GAO Ning,2005
Japan Open Yokohama 2005,2005-09-22,GERELL Par/LUNDQVIST Jens,BAUBET Vincent/SALIFOU Abdel-Kader,SWE,FRA,3,2,"12,8,11,11,11|14,11,4,8,6",QR32,GRAND_SLAM,MD,1754,Qualification,GERELL Par (SWE) / LUNDQVIST Jens (SWE),BAUBET Vincent (FRA) / SALIFOU Abdel-Kader (BEN),LUNDQVIST Jens (SWE),SALIFOU Abdel-Kader (BEN),3 - 2,12:14 8:11 11:4 11:8 11:6,GERELL Par,2005
Japan Open Yokohama 2005,2005-09-22,GERELL Par/LUNDQVIST Jens,KIM Jungkyu/LEE Bumhyung,SWE,KOR,3,2,"5,2,11,11,11|11,11,8,9,7",QR16,GRAND_SLAM,MD,1754,Qualification,GERELL Par (SWE) / LUNDQVIST Jens (SWE),KIM Jungkyu (KOR) / LEE Bumhyung (KOR),LUNDQVIST Jens (SWE),LEE Bumhyung (KOR),3 - 2,5:11 2:11 11:8 11:9 11:7,GERELL Par,2005
Japan Open Yokohama 2005,2005-09-22,LEE Jinkwon/RYU Seungmin,VIPAWATANAKUL Sithichok/VIPAWATANAKUL Tanawat,KOR,AUS,3,0,"11,11,11|8,4,6",QR32,GRAND_SLAM,MD,1754,Qualification,LEE Jinkwon (KOR) / RYU Seungmin (KOR),VIPAWATANAKUL Sithichok (AUS) / VIPAWATANAKUL Tanawat (THA),RYU Seungmin (KOR),VIPAWATANAKUL Tanawat (THA),0 - 3,8:11 4:11 6:11,LEE Jinkwon,2005
Japan Open Yokohama 2005,2005-09-22,LIU Guozheng/MA Long,CHIANG Peng-Lung/CHUANG Chih-Yuan,CHN,TPE,3,0,"12,11,11|10,7,6",QR32,GRAND_SLAM,MD,1754,Qualification,LIU Guozheng (CHN) / MA Long (CHN),CHIANG Peng-Lung (TPE) / CHUANG Chih-Yuan (TPE),MA Long (CHN),CHUANG Chih-Yuan (TPE),0 - 3,10:12 7:11 6:11,LIU Guozheng,2005
Japan Open Yokohama 2005,2005-09-22,HIELSCHER Lars/STEGER Bastian,CHIANG Hung-Chieh/WU Chih-Chi,GER,TPE,3,0,"12,11,11|10,6,9",QR32,GRAND_SLAM,MD,1754,Qualification,HIELSCHER Lars (GER) / STEGER Bastian (GER),CHIANG Hung-Chieh (TPE) / WU Chih-Chi (TPE),STEGER Bastian (GER),WU Chih-Chi (TPE),0 - 3,10:12 6:11 9:11,HIELSCHER Lars,2005
Japan Open Yokohama 2005,2005-09-22,BAI Yang/CAO Zhen,SUN Beibei/WANG Yuegu,CHN,SGP,4,2,"7,11,11,11,9,11|11,7,3,6,11,6",R16,GRAND_SLAM,WD,1754,Main Draw,BAI Yang (CHN) / CAO Zhen (CHN),SUN Beibei (SGP) / WANG Yuegu (SGP),CAO Zhen (CHN),WANG Yuegu (SGP),4 - 2,7:11 11:7 11:3 11:6 9:11 11:6,BAI Yang,2005
Japan Open Yokohama 2005,2005-09-22,GUO Yan (1982)/GUO Yue,PAVLOVICH Veronika/PAVLOVICH Viktoria,CHN,BLR,4,0,,R16,GRAND_SLAM,WD,1754,Main Draw,GUO Yan (1982) (CHN) / GUO Yue (CHN),PAVLOVICH Veronika (BLR) / PAVLOVICH Viktoria (BLR),GUO Yue (CHN),PAVLOVICH Viktoria (BLR),4 - 0,,GUO Yan (1982),2005
Japan Open Yokohama 2005,2005-09-22,BAI Yang/CAO Zhen,GUO Yan (1982)/GUO Yue,CHN,CHN,4,1,"4,11,11,11,11|11,5,9,8,5",SemiFinal,GRAND_SLAM,WD,1754,Main Draw,BAI Yang (CHN) / CAO Zhen (CHN),GUO Yan (1982) (CHN) / GUO Yue (CHN),CAO Zhen (CHN),GUO Yue (CHN),4 - 1,4:11 11:5 11:9 11:8 11:5,BAI Yang,2005
Japan Open Yokohama 2005,2005-09-22,BAI Yang/CAO Zhen,NAKAGAWA Miho/NAKAJIMA Misaki,CHN,JPN,3,0,"11,11,11|5,5,8",QR32,GRAND_SLAM,WD,1754,Qualification,BAI Yang (CHN) / CAO Zhen (CHN),NAKAGAWA Miho (JPN) / NAKAJIMA Misaki (JPN),CAO Zhen (CHN),NAKAJIMA Misaki (JPN),3 - 0,11:5 11:5 11:8,BAI Yang,2005
Japan Open Yokohama 2005,2005-09-22,GUO Yan (1982)/GUO Yue,HIRANO Sayaka/HIURA Reiko,CHN,JPN,3,0,"11,11,11|4,5,5",QR16,GRAND_SLAM,WD,1754,Qualification,GUO Yan (1982) (CHN) / GUO Yue (CHN),HIRANO Sayaka (JPN) / HIURA Reiko (JPN),GUO Yue (CHN),HIURA Reiko (JPN),3 - 0,11:4 11:5 11:5,GUO Yan (1982),2005
Japan Open Yokohama 2005,2005-09-22,BAI Yang/CAO Zhen,LEE I-Chen/PAN Chun-Chu,CHN,TPE,3,0,"11,11,11|2,8,4",QR16,GRAND_SLAM,WD,1754,Qualification,BAI Yang (CHN) / CAO Zhen (CHN),LEE I-Chen (TPE) / PAN Chun-Chu (TPE),CAO Zhen (CHN),PAN Chun-Chu (TPE),3 - 0,11:2 11:8 11:4,BAI Yang,2005
Japan Open Yokohama 2005,2005-09-22,LANG Kristin/SCHALL Elke,PARK Miyoung/YOON Sunae,GER,KOR,3,1,"4,11,12,11|11,6,10,8",QR16,GRAND_SLAM,WD,1754,Qualification,LANG Kristin (GER) / SCHALL Elke (GER),PARK Miyoung (KOR) / YOON Sunae (KOR),SCHALL Elke (GER),YOON Sunae (KOR),3 - 1,4:11 11:6 12:10 11:8,LANG Kristin,2005
Japan Open Yokohama 2005,2005-09-22,BATORFI Csilla/TOTH Krisztina,LANG Kristin/SCHALL Elke,HUN,GER,4,3,"11,7,7,11,11,8,12|9,11,11,4,2,11,10",R16,GRAND_SLAM,WD,1754,Main Draw,BATORFI Csilla (HUN) / TOTH Krisztina (HUN),LANG Kristin (GER) / SCHALL Elke (GER),TOTH Krisztina (HUN),SCHALL Elke (GER),4 - 3,11:9 7:11 7:11 11:4 11:2 8:11 12:10,BATORFI Csilla,2005
Japan Open Yokohama 2005,2005-09-22,KRAMER Tanja/POTA Georgina,BOROS Tamara/NEGRISOLI Laura,GER,CRO,4,0,"13,16,13,12|11,14,11,10",R16,GRAND_SLAM,WD,1754,Main Draw,KRAMER Tanja (GER) / POTA Georgina (HUN),BOROS Tamara (CRO) / NEGRISOLI Laura (ITA),POTA Georgina (HUN),NEGRISOLI Laura (ITA),4 - 0,13:11 16:14 13:11 12:10,KRAMER Tanja,2005
Japan Open Yokohama 2005,2005-09-22,BATORFI Csilla/TOTH Krisztina,FUJII Hiroko/KANAZAWA Saki,HUN,JPN,4,2,"13,4,5,11,15,11|11,11,11,3,13,7",QuarterFinal,GRAND_SLAM,WD,1754,Main Draw,BATORFI Csilla (HUN) / TOTH Krisztina (HUN),FUJII Hiroko (JPN) / KANAZAWA Saki (JPN),TOTH Krisztina (HUN),KANAZAWA Saki (JPN),4 - 2,13:11 4:11 5:11 11:3 15:13 11:7,BATORFI Csilla,2005
Japan Open Yokohama 2005,2005-09-22,KIM Bokrae/KIM Kyungah,KRAMER Tanja/POTA Georgina,KOR,GER,4,1,"4,11,11,11,11|11,5,7,6,9",QuarterFinal,GRAND_SLAM,WD,1754,Main Draw,KIM Bokrae (KOR) / KIM Kyungah (KOR),KRAMER Tanja (GER) / POTA Georgina (HUN),KIM Kyungah (KOR),POTA Georgina (HUN),1 - 4,11:4 5:11 7:11 6:11 9:11,KIM Bokrae,2005
Japan Open Yokohama 2005,2005-09-22,KIM Bokrae/KIM Kyungah,BATORFI Csilla/TOTH Krisztina,KOR,HUN,4,1,"11,11,11,8,11|9,3,5,11,5",SemiFinal,GRAND_SLAM,WD,1754,Main Draw,KIM Bokrae (KOR) / KIM Kyungah (KOR),BATORFI Csilla (HUN) / TOTH Krisztina (HUN),KIM Kyungah (KOR),TOTH Krisztina (HUN),1 - 4,9:11 3:11 5:11 11:8 5:11,KIM Bokrae,2005
Japan Open Yokohama 2005,2005-09-22,STEFANOVA Nikoleta/TAN Wenling,KIM Sujin/KWAK Bangbang,ITA,KOR,3,0,"11,11,11|5,3,8",QR32,GRAND_SLAM,WD,1754,Qualification,STEFANOVA Nikoleta (ITA) / TAN Wenling (ITA),KIM Sujin (KOR) / KWAK Bangbang (KOR),TAN Wenling (ITA),KWAK Bangbang (KOR),3 - 0,11:5 11:3 11:8,STEFANOVA Nikoleta,2005
Japan Open Yokohama 2005,2005-09-22,KISHIDA Satoko/UMEMURA Aya,STEFANOVA Nikoleta/TAN Wenling,JPN,ITA,3,1,"11,11,8,13|8,7,11,11",QR16,GRAND_SLAM,WD,1754,Qualification,KISHIDA Satoko (JPN) / UMEMURA Aya (JPN),STEFANOVA Nikoleta (ITA) / TAN Wenling (ITA),UMEMURA Aya (JPN),TAN Wenling (ITA),1 - 3,8:11 7:11 11:8 11:13,KISHIDA Satoko,2005
Japan Open Yokohama 2005,2005-09-22,FUJII Hiroko/KANAZAWA Saki,KIM Hyehyun/KIM Junghyun,JPN,KOR,4,2,"7,11,14,12,7,11|11,9,12,10,11,4",R16,GRAND_SLAM,WD,1754,Main Draw,FUJII Hiroko (JPN) / KANAZAWA Saki (JPN),KIM Hyehyun (KOR) / KIM Junghyun (KOR),KANAZAWA Saki (JPN),KIM Junghyun (KOR),4 - 2,7:11 11:9 14:12 12:10 7:11 11:4,FUJII Hiroko,2005
Japan Open Yokohama 2005,2005-09-22,FUJINUMA Ai/FUKUHARA Ai,LIU Shiwen/ZHANG Yining,JPN,CHN,4,3,"5,11,13,11,6,11,11|11,7,15,9,11,9,3",R16,GRAND_SLAM,WD,1754,Main Draw,FUJINUMA Ai (JPN) / FUKUHARA Ai (JPN),LIU Shiwen (CHN) / ZHANG Yining (CHN),FUKUHARA Ai (JPN),ZHANG Yining (CHN),4 - 3,5:11 11:7 13:15 11:9 6:11 11:9 11:3,FUJINUMA Ai,2005
Japan Open Yokohama 2005,2005-09-22,BAI Yang/CAO Zhen,KISHIDA Satoko/UMEMURA Aya,CHN,JPN,4,1,"11,11,5,11,11|7,5,11,5,8",QuarterFinal,GRAND_SLAM,WD,1754,Main Draw,BAI Yang (CHN) / CAO Zhen (CHN),KISHIDA Satoko (JPN) / UMEMURA Aya (JPN),CAO Zhen (CHN),UMEMURA Aya (JPN),1 - 4,7:11 5:11 11:5 5:11 8:11,BAI Yang,2005
Japan Open Yokohama 2005,2005-09-22,GUO Yan (1982)/GUO Yue,FUJINUMA Ai/FUKUHARA Ai,CHN,JPN,4,1,"11,11,11,9,11|8,6,7,11,8",QuarterFinal,GRAND_SLAM,WD,1754,Main Draw,GUO Yan (1982) (CHN) / GUO Yue (CHN),FUJINUMA Ai (JPN) / FUKUHARA Ai (JPN),GUO Yue (CHN),FUKUHARA Ai (JPN),1 - 4,8:11 6:11 7:11 11:9 8:11,GUO Yan (1982),2005
Japan Open Yokohama 2005,2005-09-22,PARK Miyoung/YOON Sunae,INOUE Tomoni/ONO Shiho,KOR,JPN,3,0,"11,11,11|9,4,3",QR32,GRAND_SLAM,WD,1754,Qualification,PARK Miyoung (KOR) / YOON Sunae (KOR),INOUE Tomoni (JPN) / ONO Shiho (JPN),YOON Sunae (KOR),ONO Shiho (JPN),0 - 3,9:11 4:11 3:11,PARK Miyoung,2005
Japan Open Yokohama 2005,2005-09-22,MOON Hyunjung/SHIN Soohee,ISHIGAKI Yuka/TERUI Moemi,KOR,JPN,3,2,"8,5,11,11,11|11,11,5,2,9",QR32,GRAND_SLAM,WD,1754,Qualification,MOON Hyunjung (KOR) / SHIN Soohee (KOR),ISHIGAKI Yuka (JPN) / TERUI Moemi (JPN),SHIN Soohee (KOR),TERUI Moemi (JPN),2 - 3,11:8 11:5 5:11 2:11 9:11,MOON Hyunjung,2005
Japan Open Yokohama 2005,2005-09-22,FUJII Hiroko/KANAZAWA Saki,KANG Wang-Shan/LIU Hsing-Yin,JPN,TPE,3,0,"11,11,11|5,7,9",QR32,GRAND_SLAM,WD,1754,Qualification,FUJII Hiroko (JPN) / KANAZAWA Saki (JPN),KANG Wang-Shan (TPE) / LIU Hsing-Yin (TPE),KANAZAWA Saki (JPN),LIU Hsing-Yin (TPE),3 - 0,11:5 11:7 11:9,FUJII Hiroko,2005
Japan Open Yokohama 2005,2005-09-22,FUKUOKA Haruna/TASEI Mikie,SU Hsien-Ching/YU Mei-Ju,JPN,TPE,3,0,"11,11,11|4,9,6",QR32,GRAND_SLAM,WD,1754,Qualification,FUKUOKA Haruna (JPN) / TASEI Mikie (JPN),SU Hsien-Ching (TPE) / YU Mei-Ju (TPE),TASEI Mikie (JPN),YU Mei-Ju (TPE),3 - 0,11:4 11:9 11:6,FUKUOKA Haruna,2005
Japan Open Yokohama 2005,2005-09-22,BOROS Tamara/NEGRISOLI Laura,MORIMOTO Fumie/YUHARA Miho,CRO,JPN,3,0,"14,11,11|12,5,5",QR16,GRAND_SLAM,WD,1754,Qualification,BOROS Tamara (CRO) / NEGRISOLI Laura (ITA),MORIMOTO Fumie (JPN) / YUHARA Miho (JPN),NEGRISOLI Laura (ITA),YUHARA Miho (JPN),0 - 3,12:14 5:11 5:11,BOROS Tamara,2005
Japan Open Yokohama 2005,2005-09-22,FUJII Hiroko/KANAZAWA Saki,KERTAI Rita/LOVAS Petra,JPN,HUN,3,1,"6,11,11,11|11,8,8,4",QR16,GRAND_SLAM,WD,1754,Qualification,FUJII Hiroko (JPN) / KANAZAWA Saki (JPN),KERTAI Rita (HUN) / LOVAS Petra (HUN),KANAZAWA Saki (JPN),LOVAS Petra (HUN),3 - 1,6:11 11:8 11:8 11:4,FUJII Hiroko,2005
Japan Open Yokohama 2005,2005-09-22,LIU Shiwen/ZHANG Yining,FUKUOKA Haruna/TASEI Mikie,CHN,JPN,3,2,"5,11,8,11,11|11,9,11,9,7",QR16,GRAND_SLAM,WD,1754,Qualification,LIU Shiwen (CHN) / ZHANG Yining (CHN),FUKUOKA Haruna (JPN) / TASEI Mikie (JPN),ZHANG Yining (CHN),TASEI Mikie (JPN),2 - 3,11:5 9:11 11:8 9:11 7:11,LIU Shiwen,2005
Japan Open Yokohama 2005,2005-09-22,BAI Yang/CAO Zhen,KIM Bokrae/KIM Kyungah,CHN,KOR,4,2,"10,12,11,17,6,12|12,10,9,15,11,10",Final,GRAND_SLAM,WD,1754,Main Draw,BAI Yang (CHN) / CAO Zhen (CHN),KIM Bokrae (KOR) / KIM Kyungah (KOR),CAO Zhen (CHN),KIM Kyungah (KOR),2 - 4,12:10 10:12 9:11 15:17 11:6 10:12,BAI Yang,2005
Japan Open Yokohama 2005,2005-09-22,KISHIDA Satoko/UMEMURA Aya,KIM Minji/LEE Kyeola,JPN,KOR,3,0,"11,11,11|3,8,3",QR32,GRAND_SLAM,WD,1754,Qualification,KISHIDA Satoko (JPN) / UMEMURA Aya (JPN),KIM Minji (KOR) / LEE Kyeola (KOR),UMEMURA Aya (JPN),LEE Kyeola (KOR),0 - 3,3:11 8:11 3:11,KISHIDA Satoko,2005
Japan Open Yokohama 2005,2005-09-22,KIM Bokrae/KIM Kyungah,LI Jiawei/ZHANG Xueling,KOR,SGP,4,2,"11,11,11,3,9,11|4,9,2,11,11,5",R16,GRAND_SLAM,WD,1754,Main Draw,KIM Bokrae (KOR) / KIM Kyungah (KOR),LI Jiawei (SGP) / ZHANG Xueling (SGP),KIM Kyungah (KOR),ZHANG Xueling (SGP),2 - 4,4:11 9:11 2:11 11:3 11:9 5:11,KIM Bokrae,2005
Japan Open Yokohama 2005,2005-09-22,MORIMOTO Fumie/YUHARA Miho,GOBEL Jessica/TAN Paey Fern,JPN,GER,3,2,"6,11,15,6,13|11,8,13,11,11",QR32,GRAND_SLAM,WD,1754,Qualification,MORIMOTO Fumie (JPN) / YUHARA Miho (JPN),GOBEL Jessica (GER) / TAN Paey Fern (SGP),YUHARA Miho (JPN),TAN Paey Fern (SGP),2 - 3,11:6 8:11 13:15 11:6 11:13,MORIMOTO Fumie,2005
Japan Open Yokohama 2005,2005-09-22,LI Jiawei/ZHANG Xueling,MOON Hyunjung/SHIN Soohee,SGP,KOR,3,0,"11,11,11|7,6,5",QR16,GRAND_SLAM,WD,1754,Qualification,LI Jiawei (SGP) / ZHANG Xueling (SGP),MOON Hyunjung (KOR) / SHIN Soohee (KOR),ZHANG Xueling (SGP),SHIN Soohee (KOR),3 - 0,11:7 11:6 11:5,LI Jiawei,2005
Japan Open Yokohama 2005,2005-09-22,KISHIDA Satoko/UMEMURA Aya,HUANG Yi-Hua/LU Yun-Feng,JPN,TPE,4,3,"3,12,5,5,11,15,11|11,10,11,11,6,13,9",R16,GRAND_SLAM,WD,1754,Main Draw,KISHIDA Satoko (JPN) / UMEMURA Aya (JPN),HUANG Yi-Hua (TPE) / LU Yun-Feng (TPE),UMEMURA Aya (JPN),LU Yun-Feng (TPE),3 - 4,11:3 10:12 11:5 11:5 6:11 13:15 9:11,KISHIDA Satoko,2005
Japan Open Yokohama 2005,2005-09-22,HIRANO Sayaka/HIURA Reiko,HSIUNG Nai-I/PENG Wan-Hua,JPN,TPE,3,1,"11,11,5,11|9,8,11,6",QR32,GRAND_SLAM,WD,1754,Qualification,HIRANO Sayaka (JPN) / HIURA Reiko (JPN),HSIUNG Nai-I (TPE) / PENG Wan-Hua (TPE),HIURA Reiko (JPN),PENG Wan-Hua (TPE),1 - 3,9:11 8:11 11:5 6:11,HIRANO Sayaka,2005
Japan Open Yokohama 2005,2005-09-22,LEE I-Chen/PAN Chun-Chu,STRUSE Nicole/ROBERTSON Laura,TPE,GER,3,2,"11,11,12,10,11|7,8,14,12,3",QR32,GRAND_SLAM,WD,1754,Qualification,LEE I-Chen (TPE) / PAN Chun-Chu (TPE),STRUSE Nicole (GER) / ROBERTSON Laura (GER),PAN Chun-Chu (TPE),ROBERTSON Laura (GER),3 - 2,11:7 11:8 12:14 10:12 11:3,LEE I-Chen,2005
Volkswagen China Open Shenzhen 2005,2005-09-15,WANG Liqin,NAMIKI Yusuke,CHN,JPN,4,0,"11,11,11,11|9,7,8,4",R64,GRAND_SLAM,MS,1750,Main Draw,WANG Liqin (CHN),NAMIKI Yusuke (JPN),,,4 - 0,11:9 11:7 11:8 11:4,WANG Liqin,2005
Volkswagen China Open Shenzhen 2005,2005-09-15,TAN Ruiwu,KIM Junghoon,CRO,KOR,4,0,"11,11,11,11|8,8,2,7",R64,GRAND_SLAM,MS,1750,Main Draw,TAN Ruiwu (CRO),KIM Junghoon (KOR),,,0 - 4,8:11 8:11 2:11 7:11,TAN Ruiwu,2005
Volkswagen China Open Shenzhen 2005,2005-09-15,CHILA Patrick,KIM Hyok Bong,FRA,PRK,4,1,"19,11,11,8,11|17,8,2,11,6",R64,GRAND_SLAM,MS,1750,Main Draw,CHILA Patrick (FRA),KIM Hyok Bong (PRK),,,4 - 1,19:17 11:8 11:2 8:11 11:6,CHILA Patrick,2005
Volkswagen China Open Shenzhen 2005,2005-09-15,LUNDQVIST Jens,ELENSKY Gregory,SWE,ISR,4,2,"11,11,6,11,11,11|7,13,11,4,5,6",R64,GRAND_SLAM,MS,1750,Main Draw,LUNDQVIST Jens (SWE),ELENSKY Gregory (ISR),,,2 - 4,7:11 13:11 11:6 4:11 5:11 6:11,LUNDQVIST Jens,2005
Volkswagen China Open Shenzhen 2005,2005-09-15,ROSSKOPF Jorg,LO Dany,GER,FRA,4,0,"11,11,11,11|6,4,9,9",R64,GRAND_SLAM,MS,1750,Main Draw,ROSSKOPF Jorg (GER),LO Dany (FRA),,,4 - 0,11:6 11:4 11:9 11:9,ROSSKOPF Jorg,2005
Volkswagen China Open Shenzhen 2005,2005-09-15,FRANZ Peter,LEE Jinkwon,GER,KOR,4,2,"11,7,4,11,11,11|9,11,11,9,9,9",R64,GRAND_SLAM,MS,1750,Main Draw,FRANZ Peter (GER),LEE Jinkwon (KOR),,,2 - 4,9:11 11:7 11:4 9:11 9:11 9:11,FRANZ Peter,2005
Volkswagen China Open Shenzhen 2005,2005-09-15,KEINATH Thomas,RI Kwang Il,SVK,PRK,4,0,"11,11,11,12|8,4,9,10",R64,GRAND_SLAM,MS,1750,Main Draw,KEINATH Thomas (SVK),RI Kwang Il (PRK),,,4 - 0,11:8 11:4 11:9 12:10,KEINATH Thomas,2005
Volkswagen China Open Shenzhen 2005,2005-09-15,OVTCHAROV Dimitrij,CHUANG Chih-Yuan,GER,TPE,4,1,"11,11,8,11,15|9,5,11,5,13",R64,GRAND_SLAM,MS,1750,Main Draw,OVTCHAROV Dimitrij (GER),CHUANG Chih-Yuan (TPE),,,4 - 1,11:9 11:5 8:11 11:5 15:13,OVTCHAROV Dimitrij,2005
Volkswagen China Open Shenzhen 2005,2005-09-15,CHEN Weixing,BAUM Patrick,AUT,GER,4,1,"11,11,9,11,12|9,3,11,6,10",R64,GRAND_SLAM,MS,1750,Main Draw,CHEN Weixing (AUT),BAUM Patrick (GER),,,4 - 1,11:9 11:3 9:11 11:6 12:10,CHEN Weixing,2005
Volkswagen China Open Shenzhen 2005,2005-09-15,OMORI Takahiro,FEJER-KONNERTH Zoltan,JPN,GER,4,2,"4,11,11,4,11,11|11,5,8,11,9,4",R64,GRAND_SLAM,MS,1750,Main Draw,OMORI Takahiro (JPN),FEJER-KONNERTH Zoltan (GER),,,2 - 4,11:4 5:11 8:11 11:4 9:11 4:11,OMORI Takahiro,2005
Volkswagen China Open Shenzhen 2005,2005-09-15,HAO Shuai,KURASHIMA Yosuke,CHN,JPN,4,1,"11,10,11,11,11|4,12,6,8,5",R64,GRAND_SLAM,MS,1750,Main Draw,HAO Shuai (CHN),KURASHIMA Yosuke (JPN),,,1 - 4,4:11 12:10 6:11 8:11 5:11,HAO Shuai,2005
Volkswagen China Open Shenzhen 2005,2005-09-15,CHIANG Peng-Lung,HARADA Takamasa,TPE,JPN,4,0,"11,11,11,11|1,4,3,4",R64,GRAND_SLAM,MS,1750,Main Draw,CHIANG Peng-Lung (TPE),HARADA Takamasa (JPN),,,4 - 0,11:1 11:4 11:3 11:4,CHIANG Peng-Lung,2005
Volkswagen China Open Shenzhen 2005,2005-09-15,HIELSCHER Lars,MACHADO Carlos,GER,ESP,4,1,"11,10,11,11,11|9,12,8,9,5",R64,GRAND_SLAM,MS,1750,Main Draw,HIELSCHER Lars (GER),MACHADO Carlos (ESP),,,1 - 4,9:11 12:10 8:11 9:11 5:11,HIELSCHER Lars,2005
Volkswagen China Open Shenzhen 2005,2005-09-15,LIM Jaehyun,AXELQVIST Johan,KOR,SWE,4,2,"10,11,9,13,11,11|12,7,11,11,6,8",R64,GRAND_SLAM,MS,1750,Main Draw,LIM Jaehyun (KOR),AXELQVIST Johan (SWE),,,4 - 2,10:12 11:7 9:11 13:11 11:6 11:8,LIM Jaehyun,2005
Volkswagen China Open Shenzhen 2005,2005-09-15,CHEN Qi,CHIANG Hung-Chieh,CHN,TPE,4,3,"11,14,9,11,11,9,16|7,12,11,13,8,11,14",R64,GRAND_SLAM,MS,1750,Main Draw,CHEN Qi (CHN),CHIANG Hung-Chieh (TPE),,,3 - 4,7:11 12:14 11:9 13:11 8:11 11:9 14:16,CHEN Qi,2005
Volkswagen China Open Shenzhen 2005,2005-09-15,WANG Hao,AN Chol Yong,CHN,PRK,4,1,"11,9,11,11,11|9,11,8,5,9",R64,GRAND_SLAM,MS,1750,Main Draw,WANG Hao (CHN),AN Chol Yong (PRK),,,4 - 1,11:9 9:11 11:8 11:5 11:9,WANG Hao,2005
Volkswagen China Open Shenzhen 2005,2005-09-15,ZHANG Wilson,MONRAD Martin,CAN,DEN,4,1,"11,14,11,11,11|7,16,8,6,6",R64,GRAND_SLAM,MS,1750,Main Draw,ZHANG Wilson (CAN),MONRAD Martin (DEN),,,4 - 1,11:7 14:16 11:8 11:6 11:6,ZHANG Wilson,2005
Volkswagen China Open Shenzhen 2005,2005-09-15,LEE Jungwoo,MITAMURA Muneaki,KOR,JPN,4,0,"12,12,11,11|10,10,7,8",R64,GRAND_SLAM,MS,1750,Main Draw,LEE Jungwoo (KOR),MITAMURA Muneaki (JPN),,,4 - 0,12:10 12:10 11:7 11:8,LEE Jungwoo,2005
Volkswagen China Open Shenzhen 2005,2005-09-15,LI Ching,LEE Jungsam,HKG,KOR,4,2,"11,9,10,11,12,11|2,11,12,7,10,7",R64,GRAND_SLAM,MS,1750,Main Draw,LI Ching (HKG),LEE Jungsam (KOR),,,2 - 4,2:11 11:9 12:10 7:11 10:12 7:11,LI Ching,2005
Volkswagen China Open Shenzhen 2005,2005-09-15,KO Lai Chak,CARNEROS Alfredo,HKG,ESP,4,1,"11,11,5,11,11|6,6,11,5,7",R64,GRAND_SLAM,MS,1750,Main Draw,KO Lai Chak (HKG),CARNEROS Alfredo (ESP),,,4 - 1,11:6 11:6 5:11 11:5 11:7,KO Lai Chak,2005
Volkswagen China Open Shenzhen 2005,2005-09-15,MATSUSHITA Koji,DURAN Marc,JPN,ESP,4,2,"8,15,3,11,11,11|11,13,11,7,3,3",R64,GRAND_SLAM,MS,1750,Main Draw,MATSUSHITA Koji (JPN),DURAN Marc (ESP),,,2 - 4,11:8 13:15 11:3 7:11 3:11 3:11,MATSUSHITA Koji,2005
Volkswagen China Open Shenzhen 2005,2005-09-15,GARDOS Robert,JANG Song Man,AUT,PRK,4,2,"8,11,11,11,7,11|11,9,6,8,11,8",R64,GRAND_SLAM,MS,1750,Main Draw,GARDOS Robert (AUT),JANG Song Man (PRK),,,4 - 2,8:11 11:9 11:6 11:8 7:11 11:8,GARDOS Robert,2005
Volkswagen China Open Shenzhen 2005,2005-09-15,LIU Guozheng,TSE Ka Chun,CHN,HKG,4,2,"11,11,10,3,11,11|7,9,12,11,4,6",R64,GRAND_SLAM,MS,1750,Main Draw,LIU Guozheng (CHN),TSE Ka Chun (HKG),,,2 - 4,7:11 9:11 12:10 11:3 4:11 6:11,LIU Guozheng,2005
Volkswagen China Open Shenzhen 2005,2005-09-15,MAZE Michael,SCHLICHTER Jorg,DEN,GER,4,0,"11,11,11,11|5,7,5,4",R64,GRAND_SLAM,MS,1750,Main Draw,MAZE Michael (DEN),SCHLICHTER Jorg (GER),,,4 - 0,11:5 11:7 11:5 11:4,MAZE Michael,2005
Volkswagen China Open Shenzhen 2005,2005-09-15,CHO Eonrae,TOSIC Roko,KOR,CRO,4,2,"11,11,12,4,11,11|7,6,14,11,9,8",R64,GRAND_SLAM,MS,1750,Main Draw,CHO Eonrae (KOR),TOSIC Roko (CRO),,,4 - 2,11:7 11:6 12:14 4:11 11:9 11:8,CHO Eonrae,2005
Volkswagen China Open Shenzhen 2005,2005-09-15,SEREDA Peter,WOSIK Torben,SVK,GER,4,2,"11,11,12,11,9,11|6,5,14,9,11,9",R64,GRAND_SLAM,MS,1750,Main Draw,SEREDA Peter (SVK),WOSIK Torben (GER),,,2 - 4,6:11 5:11 14:12 9:11 11:9 9:11,SEREDA Peter,2005
Volkswagen China Open Shenzhen 2005,2005-09-15,BERTIN Christophe,LEUNG Chu Yan,FRA,HKG,4,2,"5,11,11,8,13,11|11,8,6,11,11,7",R64,GRAND_SLAM,MS,1750,Main Draw,BERTIN Christophe (FRA),LEUNG Chu Yan (HKG),,,4 - 2,5:11 11:8 11:6 8:11 13:11 11:7,BERTIN Christophe,2005
Volkswagen China Open Shenzhen 2005,2005-09-15,GERELL Par,CHEUNG Yuk,SWE,HKG,4,3,"11,11,5,7,8,13,13|8,9,11,11,11,11,11",R64,GRAND_SLAM,MS,1750,Main Draw,GERELL Par (SWE),CHEUNG Yuk (HKG),,,3 - 4,8:11 9:11 11:5 11:7 11:8 11:13 11:13,GERELL Par,2005
Volkswagen China Open Shenzhen 2005,2005-09-15,RI Chol Guk,SUSS Christian,PRK,GER,4,1,"11,6,14,11,11|5,11,12,5,7",R64,GRAND_SLAM,MS,1750,Main Draw,RI Chol Guk (PRK),SUSS Christian (GER),,,4 - 1,11:5 6:11 14:12 11:5 11:7,RI Chol Guk,2005
Volkswagen China Open Shenzhen 2005,2005-09-15,MA Long,KUZMIN Fedor,CHN,RUS,4,2,"17,11,8,8,11,11|15,7,11,11,9,9",R64,GRAND_SLAM,MS,1750,Main Draw,MA Long (CHN),KUZMIN Fedor (RUS),,,2 - 4,15:17 7:11 11:8 11:8 9:11 9:11,MA Long,2005
Volkswagen China Open Shenzhen 2005,2005-09-15,BOLL Timo,YANG Zi,GER,SGP,4,1,"11,11,11,8,11|7,2,6,11,6",R64,GRAND_SLAM,MS,1750,Main Draw,BOLL Timo (GER),YANG Zi (SGP),,,1 - 4,7:11 2:11 6:11 11:8 6:11,BOLL Timo,2005
Volkswagen China Open Shenzhen 2005,2005-09-15,WANG Liqin,TAN Ruiwu,CHN,CRO,4,0,"11,11,11,11|4,9,8,7",R32,GRAND_SLAM,MS,1750,Main Draw,WANG Liqin (CHN),TAN Ruiwu (CRO),,,4 - 0,11:4 11:9 11:8 11:7,WANG Liqin,2005
Volkswagen China Open Shenzhen 2005,2005-09-15,CHILA Patrick,LUNDQVIST Jens,FRA,SWE,4,1,"11,6,15,11,11|4,11,13,7,9",R32,GRAND_SLAM,MS,1750,Main Draw,CHILA Patrick (FRA),LUNDQVIST Jens (SWE),,,4 - 1,11:4 6:11 15:13 11:7 11:9,CHILA Patrick,2005
Volkswagen China Open Shenzhen 2005,2005-09-15,ROSSKOPF Jorg,FRANZ Peter,GER,GER,4,0,"11,11,11,11|7,8,5,5",R32,GRAND_SLAM,MS,1750,Main Draw,ROSSKOPF Jorg (GER),FRANZ Peter (GER),,,4 - 0,11:7 11:8 11:5 11:5,ROSSKOPF Jorg,2005
Volkswagen China Open Shenzhen 2005,2005-09-15,KEINATH Thomas,OVTCHAROV Dimitrij,SVK,GER,4,0,"11,11,11,11|8,9,8,6",R32,GRAND_SLAM,MS,1750,Main Draw,KEINATH Thomas (SVK),OVTCHAROV Dimitrij (GER),,,4 - 0,11:8 11:9 11:8 11:6,KEINATH Thomas,2005
Volkswagen China Open Shenzhen 2005,2005-09-15,CHEN Weixing,SUSS Christian,AUT,GER,4,0,"11,11,11,11|9,9,8,6",R32,GRAND_SLAM,MS,1750,Main Draw,CHEN Weixing (AUT),SUSS Christian (GER),,,4 - 0,11:9 11:9 11:8 11:6,CHEN Weixing,2005
Volkswagen China Open Shenzhen 2005,2005-09-15,HAO Shuai,OMORI Takahiro,CHN,JPN,4,0,"11,11,11,11|4,8,8,4",R32,GRAND_SLAM,MS,1750,Main Draw,HAO Shuai (CHN),OMORI Takahiro (JPN),,,0 - 4,4:11 8:11 8:11 4:11,HAO Shuai,2005
Volkswagen China Open Shenzhen 2005,2005-09-15,CHIANG Peng-Lung,HIELSCHER Lars,TPE,GER,4,3,"11,7,8,9,13,11,11|9,11,11,11,11,1,4",R32,GRAND_SLAM,MS,1750,Main Draw,CHIANG Peng-Lung (TPE),HIELSCHER Lars (GER),,,4 - 3,11:9 7:11 8:11 9:11 13:11 11:1 11:4,CHIANG Peng-Lung,2005
Volkswagen China Open Shenzhen 2005,2005-09-15,CHEN Qi,LIM Jaehyun,CHN,KOR,4,0,"11,11,11,12|6,3,6,10",R32,GRAND_SLAM,MS,1750,Main Draw,CHEN Qi (CHN),LIM Jaehyun (KOR),,,0 - 4,6:11 3:11 6:11 10:12,CHEN Qi,2005
Volkswagen China Open Shenzhen 2005,2005-09-15,WANG Hao,ZHANG Wilson,CHN,CAN,4,0,"11,11,11,11|4,4,3,3",R32,GRAND_SLAM,MS,1750,Main Draw,WANG Hao (CHN),ZHANG Wilson (CAN),,,4 - 0,11:4 11:4 11:3 11:3,WANG Hao,2005
Volkswagen China Open Shenzhen 2005,2005-09-15,LEE Jungwoo,LI Ching,KOR,HKG,4,1,"11,8,14,11,11|6,11,12,9,8",R32,GRAND_SLAM,MS,1750,Main Draw,LEE Jungwoo (KOR),LI Ching (HKG),,,4 - 1,11:6 8:11 14:12 11:9 11:8,LEE Jungwoo,2005
Volkswagen China Open Shenzhen 2005,2005-09-15,KO Lai Chak,MATSUSHITA Koji,HKG,JPN,4,2,"11,7,11,11,9,11|7,11,6,2,11,7",R32,GRAND_SLAM,MS,1750,Main Draw,KO Lai Chak (HKG),MATSUSHITA Koji (JPN),,,4 - 2,11:7 7:11 11:6 11:2 9:11 11:7,KO Lai Chak,2005
Volkswagen China Open Shenzhen 2005,2005-09-15,LIU Guozheng,GARDOS Robert,CHN,AUT,4,2,"5,7,11,13,11,11|11,11,7,11,8,7",R32,GRAND_SLAM,MS,1750,Main Draw,LIU Guozheng (CHN),GARDOS Robert (AUT),,,2 - 4,11:5 11:7 7:11 11:13 8:11 7:11,LIU Guozheng,2005
Volkswagen China Open Shenzhen 2005,2005-09-15,MAZE Michael,CHO Eonrae,DEN,KOR,4,1,"8,11,11,11,11|11,8,9,8,3",R32,GRAND_SLAM,MS,1750,Main Draw,MAZE Michael (DEN),CHO Eonrae (KOR),,,4 - 1,8:11 11:8 11:9 11:8 11:3,MAZE Michael,2005
Volkswagen China Open Shenzhen 2005,2005-09-15,SEREDA Peter,BERTIN Christophe,SVK,FRA,4,1,"11,11,11,11,11|13,6,8,3,7",R32,GRAND_SLAM,MS,1750,Main Draw,SEREDA Peter (SVK),BERTIN Christophe (FRA),,,4 - 1,11:13 11:6 11:8 11:3 11:7,SEREDA Peter,2005
Volkswagen China Open Shenzhen 2005,2005-09-15,RI Chol Guk,GERELL Par,PRK,SWE,4,1,"11,11,6,11,11|8,8,11,9,8",R32,GRAND_SLAM,MS,1750,Main Draw,RI Chol Guk (PRK),GERELL Par (SWE),,,1 - 4,8:11 8:11 11:6 9:11 8:11,RI Chol Guk,2005
Volkswagen China Open Shenzhen 2005,2005-09-15,MA Long,BOLL Timo,CHN,GER,4,1,"11,9,11,11,11|9,11,3,8,8",R32,GRAND_SLAM,MS,1750,Main Draw,MA Long (CHN),BOLL Timo (GER),,,4 - 1,11:9 9:11 11:3 11:8 11:8,MA Long,2005
Volkswagen China Open Shenzhen 2005,2005-09-15,WANG Liqin,CHILA Patrick,CHN,FRA,4,2,"11,11,11,10,7,11|5,4,8,12,11,7",R16,GRAND_SLAM,MS,1750,Main Draw,WANG Liqin (CHN),CHILA Patrick (FRA),,,4 - 2,11:5 11:4 11:8 10:12 7:11 11:7,WANG Liqin,2005
Volkswagen China Open Shenzhen 2005,2005-09-15,KEINATH Thomas,ROSSKOPF Jorg,SVK,GER,4,0,"11,11,11,11|6,3,6,9",R16,GRAND_SLAM,MS,1750,Main Draw,KEINATH Thomas (SVK),ROSSKOPF Jorg (GER),,,0 - 4,6:11 3:11 6:11 9:11,KEINATH Thomas,2005
Volkswagen China Open Shenzhen 2005,2005-09-15,HAO Shuai,CHEN Weixing,CHN,AUT,4,0,"11,11,11,11|7,7,8,6",R16,GRAND_SLAM,MS,1750,Main Draw,HAO Shuai (CHN),CHEN Weixing (AUT),,,0 - 4,7:11 7:11 8:11 6:11,HAO Shuai,2005
Volkswagen China Open Shenzhen 2005,2005-09-15,CHEN Qi,CHIANG Peng-Lung,CHN,TPE,4,0,"11,12,11,11|6,10,6,9",R16,GRAND_SLAM,MS,1750,Main Draw,CHEN Qi (CHN),CHIANG Peng-Lung (TPE),,,0 - 4,6:11 10:12 6:11 9:11,CHEN Qi,2005
Volkswagen China Open Shenzhen 2005,2005-09-15,WANG Hao,LEE Jungwoo,CHN,KOR,4,2,"9,11,6,11,11,12|11,6,11,6,5,10",R16,GRAND_SLAM,MS,1750,Main Draw,WANG Hao (CHN),LEE Jungwoo (KOR),,,4 - 2,9:11 11:6 6:11 11:6 11:5 12:10,WANG Hao,2005
Volkswagen China Open Shenzhen 2005,2005-09-15,LIU Guozheng,KO Lai Chak,CHN,HKG,4,1,"11,4,11,12,12|9,11,7,10,10",R16,GRAND_SLAM,MS,1750,Main Draw,LIU Guozheng (CHN),KO Lai Chak (HKG),,,1 - 4,9:11 11:4 7:11 10:12 10:12,LIU Guozheng,2005
Volkswagen China Open Shenzhen 2005,2005-09-15,MAZE Michael,SEREDA Peter,DEN,SVK,4,0,"12,11,14,11|10,7,12,7",R16,GRAND_SLAM,MS,1750,Main Draw,MAZE Michael (DEN),SEREDA Peter (SVK),,,4 - 0,12:10 11:7 14:12 11:7,MAZE Michael,2005
Volkswagen China Open Shenzhen 2005,2005-09-15,MA Long,RI Chol Guk,CHN,PRK,4,1,"11,11,3,14,13|6,9,11,12,11",R16,GRAND_SLAM,MS,1750,Main Draw,MA Long (CHN),RI Chol Guk (PRK),,,1 - 4,6:11 9:11 11:3 12:14 11:13,MA Long,2005
Volkswagen China Open Shenzhen 2005,2005-09-15,WANG Liqin,KEINATH Thomas,CHN,SVK,4,1,"11,11,11,11,11|7,13,8,5,5",QuarterFinal,GRAND_SLAM,MS,1750,Main Draw,WANG Liqin (CHN),KEINATH Thomas (SVK),,,4 - 1,11:7 11:13 11:8 11:5 11:5,WANG Liqin,2005
Volkswagen China Open Shenzhen 2005,2005-09-15,CHEN Qi,HAO Shuai,CHN,CHN,4,2,"14,3,11,2,11,11|12,11,9,11,7,7",QuarterFinal,GRAND_SLAM,MS,1750,Main Draw,CHEN Qi (CHN),HAO Shuai (CHN),,,2 - 4,12:14 11:3 9:11 11:2 7:11 7:11,CHEN Qi,2005
Volkswagen China Open Shenzhen 2005,2005-09-15,WANG Hao,LIU Guozheng,CHN,CHN,4,0,"11,11,11,11|8,8,1,3",QuarterFinal,GRAND_SLAM,MS,1750,Main Draw,WANG Hao (CHN),LIU Guozheng (CHN),,,4 - 0,11:8 11:8 11:1 11:3,WANG Hao,2005
Volkswagen China Open Shenzhen 2005,2005-09-15,MA Long,MAZE Michael,CHN,DEN,4,3,"8,11,8,11,11,10,11|11,3,11,7,4,12,2",QuarterFinal,GRAND_SLAM,MS,1750,Main Draw,MA Long (CHN),MAZE Michael (DEN),,,3 - 4,11:8 3:11 11:8 7:11 4:11 12:10 2:11,MA Long,2005
Volkswagen China Open Shenzhen 2005,2005-09-15,WANG Liqin,CHEN Qi,CHN,CHN,4,2,"10,11,11,9,11,11|12,9,6,11,7,7",SemiFinal,GRAND_SLAM,MS,1750,Main Draw,WANG Liqin (CHN),CHEN Qi (CHN),,,4 - 2,10:12 11:9 11:6 9:11 11:7 11:7,WANG Liqin,2005
Volkswagen China Open Shenzhen 2005,2005-09-15,WANG Hao,MA Long,CHN,CHN,4,0,"19,11,15,14|17,4,13,12",SemiFinal,GRAND_SLAM,MS,1750,Main Draw,WANG Hao (CHN),MA Long (CHN),,,4 - 0,19:17 11:4 15:13 14:12,WANG Hao,2005
Volkswagen China Open Shenzhen 2005,2005-09-15,WANG Liqin,WANG Hao,CHN,CHN,4,1,"11,11,11,9,12|9,8,9,11,10",Final,GRAND_SLAM,MS,1750,Main Draw,WANG Liqin (CHN),WANG Hao (CHN),,,4 - 1,11:9 11:8 11:9 9:11 12:10,WANG Liqin,2005
Volkswagen China Open Shenzhen 2005,2005-09-15,JANG Song Man,YANG Zi,PRK,SGP,4,2,"13,11,11,11,7,12|15,4,7,7,11,10",,GRAND_SLAM,MS,1750,Qualification,JANG Song Man (PRK),YANG Zi (SGP),,,2 - 4,15:13 4:11 7:11 7:11 11:7 10:12,JANG Song Man,2005
Volkswagen China Open Shenzhen 2005,2005-09-15,YANG Zi,VOSTES Yannick,SGP,BEL,4,0,"11,11,11,11|6,5,6,6",QR2,GRAND_SLAM,MS,1750,Qualification,YANG Zi (SGP),VOSTES Yannick (BEL),,,4 - 0,11:6 11:5 11:6 11:6,YANG Zi,2005
Volkswagen China Open Shenzhen 2005,2005-09-15,JANG Song Man,VOSTES Yannick,PRK,BEL,4,2,"10,11,11,8,14,11|12,8,4,11,12,4",3,GRAND_SLAM,MS,1750,Qualification,JANG Song Man (PRK),VOSTES Yannick (BEL),,,2 - 4,12:10 8:11 4:11 11:8 12:14 4:11,JANG Song Man,2005
Volkswagen China Open Shenzhen 2005,2005-09-15,TSE Ka Chun,CHO Jihoon,HKG,KOR,4,1,"12,11,9,11,11|10,9,11,5,5",,GRAND_SLAM,MS,1750,Qualification,TSE Ka Chun (HKG),CHO Jihoon (KOR),,,1 - 4,10:12 9:11 11:9 5:11 5:11,TSE Ka Chun,2005
Volkswagen China Open Shenzhen 2005,2005-09-15,OMORI Takahiro,CHO Jihoon,JPN,KOR,4,2,"4,11,11,8,11,11|11,6,8,11,9,7",QR2,GRAND_SLAM,MS,1750,Qualification,OMORI Takahiro (JPN),CHO Jihoon (KOR),,,2 - 4,11:4 6:11 8:11 11:8 9:11 7:11,OMORI Takahiro,2005
Volkswagen China Open Shenzhen 2005,2005-09-15,OMORI Takahiro,TSE Ka Chun,JPN,HKG,4,2,"11,11,10,9,11,11|9,4,12,11,7,4",3,GRAND_SLAM,MS,1750,Qualification,OMORI Takahiro (JPN),TSE Ka Chun (HKG),,,4 - 2,11:9 11:4 10:12 9:11 11:7 11:4,OMORI Takahiro,2005
Volkswagen China Open Shenzhen 2005,2005-09-15,YOON Jaeyoung,SALIFOU Abdel-Kader,KOR,BEN,4,0,"11,11,11,11|2,6,4,7",,GRAND_SLAM,MS,1750,Qualification,YOON Jaeyoung (KOR),SALIFOU Abdel-Kader (BEN),,,4 - 0,11:2 11:6 11:4 11:7,YOON Jaeyoung,2005
Volkswagen China Open Shenzhen 2005,2005-09-15,YOON Jaeyoung,AN Chol Yong,KOR,PRK,4,1,"11,12,13,5,11|5,10,11,11,4",QR2,GRAND_SLAM,MS,1750,Qualification,YOON Jaeyoung (KOR),AN Chol Yong (PRK),,,4 - 1,11:5 12:10 13:11 5:11 11:4,YOON Jaeyoung,2005
Volkswagen China Open Shenzhen 2005,2005-09-15,AN Chol Yong,SALIFOU Abdel-Kader,PRK,BEN,4,0,"11,11,11,11|8,2,4,7",3,GRAND_SLAM,MS,1750,Qualification,AN Chol Yong (PRK),SALIFOU Abdel-Kader (BEN),,,4 - 0,11:8 11:2 11:4 11:7,AN Chol Yong,2005
Volkswagen China Open Shenzhen 2005,2005-09-15,SEREDA Peter,BAUBET Vincent,SVK,FRA,4,0,"11,11,11,11|3,8,8,4",,GRAND_SLAM,MS,1750,Qualification,SEREDA Peter (SVK),BAUBET Vincent (FRA),,,4 - 0,11:3 11:8 11:8 11:4,SEREDA Peter,2005
Volkswagen China Open Shenzhen 2005,2005-09-15,SEREDA Peter,CHIANG Hung-Chieh,SVK,TPE,4,3,"11,11,8,11,11,1,13|13,8,11,5,7,11,11",QR2,GRAND_SLAM,MS,1750,Qualification,SEREDA Peter (SVK),CHIANG Hung-Chieh (TPE),,,4 - 3,11:13 11:8 8:11 11:5 11:7 1:11 13:11,SEREDA Peter,2005
Volkswagen China Open Shenzhen 2005,2005-09-15,CHIANG Hung-Chieh,BAUBET Vincent,TPE,FRA,4,3,"5,11,11,8,11,8,11|11,4,4,11,8,11,9",3,GRAND_SLAM,MS,1750,Qualification,CHIANG Hung-Chieh (TPE),BAUBET Vincent (FRA),,,4 - 3,5:11 11:4 11:4 8:11 11:8 8:11 11:9,CHIANG Hung-Chieh,2005
Volkswagen China Open Shenzhen 2005,2005-09-15,GERELL Par,VIPAWATANAKUL Sithichok,SWE,AUS,4,2,"11,11,10,11,9,11|4,4,12,5,11,7",,GRAND_SLAM,MS,1750,Qualification,GERELL Par (SWE),VIPAWATANAKUL Sithichok (AUS),,,4 - 2,11:4 11:4 10:12 11:5 9:11 11:7,GERELL Par,2005
Volkswagen China Open Shenzhen 2005,2005-09-15,RI Chol Guk,VIPAWATANAKUL Sithichok,PRK,AUS,4,0,"11,11,11,11|8,9,3,7",3,GRAND_SLAM,MS,1750,Qualification,RI Chol Guk (PRK),VIPAWATANAKUL Sithichok (AUS),,,4 - 0,11:8 11:9 11:3 11:7,RI Chol Guk,2005
Volkswagen China Open Shenzhen 2005,2005-09-15,CHO Eonrae,VIPAWATANAKUL Tanawat,KOR,THA,4,0,"14,11,11,11|12,4,8,5",,GRAND_SLAM,MS,1750,Qualification,CHO Eonrae (KOR),VIPAWATANAKUL Tanawat (THA),,,4 - 0,14:12 11:4 11:8 11:5,CHO Eonrae,2005
Volkswagen China Open Shenzhen 2005,2005-09-15,CHO Eonrae,ELENSKY Gregory,KOR,ISR,4,2,"15,11,9,11,11,11|13,9,11,13,8,3",QR2,GRAND_SLAM,MS,1750,Qualification,CHO Eonrae (KOR),ELENSKY Gregory (ISR),,,4 - 2,15:13 11:9 9:11 11:13 11:8 11:3,CHO Eonrae,2005
Volkswagen China Open Shenzhen 2005,2005-09-15,ELENSKY Gregory,VIPAWATANAKUL Tanawat,ISR,THA,4,0,"11,11,11,11|6,7,6,5",3,GRAND_SLAM,MS,1750,Qualification,ELENSKY Gregory (ISR),VIPAWATANAKUL Tanawat (THA),,,4 - 0,11:6 11:7 11:6 11:5,ELENSKY Gregory,2005
Volkswagen China Open Shenzhen 2005,2005-09-15,HARADA Takamasa,PISTEJ Lubomir,JPN,SVK,4,3,"5,11,7,11,12,8,11|11,6,11,9,10,11,8",,GRAND_SLAM,MS,1750,Qualification,HARADA Takamasa (JPN),PISTEJ Lubomir (SVK),,,3 - 4,11:5 6:11 11:7 9:11 10:12 11:8 8:11,HARADA Takamasa,2005
Volkswagen China Open Shenzhen 2005,2005-09-15,DURAN Marc,PISTEJ Lubomir,ESP,SVK,4,3,"8,5,11,10,11,12,11|11,11,7,12,5,10,4",QR2,GRAND_SLAM,MS,1750,Qualification,DURAN Marc (ESP),PISTEJ Lubomir (SVK),,,3 - 4,11:8 11:5 7:11 12:10 5:11 10:12 4:11,DURAN Marc,2005
Volkswagen China Open Shenzhen 2005,2005-09-15,DURAN Marc,HARADA Takamasa,ESP,JPN,4,1,"11,11,11,12,11|6,6,13,10,5",3,GRAND_SLAM,MS,1750,Qualification,DURAN Marc (ESP),HARADA Takamasa (JPN),,,4 - 1,11:6 11:6 11:13 12:10 11:5,DURAN Marc,2005
Volkswagen China Open Shenzhen 2005,2005-09-15,ZHANG Wilson,WU Chih-Chi,CAN,TPE,4,0,"11,11,11,11|6,3,2,3",,GRAND_SLAM,MS,1750,Qualification,ZHANG Wilson (CAN),WU Chih-Chi (TPE),,,0 - 4,6:11 3:11 2:11 3:11,ZHANG Wilson,2005
Volkswagen China Open Shenzhen 2005,2005-09-15,OVTCHAROV Dimitrij,WU Chih-Chi,GER,TPE,4,2,"10,11,11,10,11,11|12,4,4,12,8,7",QR2,GRAND_SLAM,MS,1750,Qualification,OVTCHAROV Dimitrij (GER),WU Chih-Chi (TPE),,,2 - 4,12:10 4:11 4:11 12:10 8:11 7:11,OVTCHAROV Dimitrij,2005
Volkswagen China Open Shenzhen 2005,2005-09-15,ZHANG Wilson,OVTCHAROV Dimitrij,CAN,GER,4,2,"10,11,11,9,11,11|12,4,7,11,7,8",3,GRAND_SLAM,MS,1750,Qualification,ZHANG Wilson (CAN),OVTCHAROV Dimitrij (GER),,,2 - 4,12:10 4:11 7:11 11:9 7:11 8:11,ZHANG Wilson,2005
Volkswagen China Open Shenzhen 2005,2005-09-15,AXELQVIST Johan,KITO Akira,SWE,JPN,4,2,"11,11,3,11,11,11|7,13,11,4,9,0",,GRAND_SLAM,MS,1750,Qualification,AXELQVIST Johan (SWE),KITO Akira (JPN),,,4 - 2,11:7 11:13 3:11 11:4 11:9 11:0,AXELQVIST Johan,2005
Volkswagen China Open Shenzhen 2005,2005-09-15,AXELQVIST Johan,BAUM Patrick,SWE,GER,4,1,"11,11,11,11,11|9,13,3,7,2",QR2,GRAND_SLAM,MS,1750,Qualification,AXELQVIST Johan (SWE),BAUM Patrick (GER),,,4 - 1,11:9 11:13 11:3 11:7 11:2,AXELQVIST Johan,2005
Volkswagen China Open Shenzhen 2005,2005-09-15,BAUM Patrick,KITO Akira,GER,JPN,4,3,"5,11,13,11,8,5,11|11,4,11,5,11,11,3",3,GRAND_SLAM,MS,1750,Qualification,BAUM Patrick (GER),KITO Akira (JPN),,,4 - 3,5:11 11:4 13:11 11:5 8:11 5:11 11:3,BAUM Patrick,2005
Volkswagen China Open Shenzhen 2005,2005-09-15,MA Long,TASEI Kunihito,CHN,JPN,4,1,"11,11,11,9,11|6,3,7,11,6",,GRAND_SLAM,MS,1750,Qualification,MA Long (CHN),TASEI Kunihito (JPN),,,4 - 1,11:6 11:3 11:7 9:11 11:6,MA Long,2005
Volkswagen China Open Shenzhen 2005,2005-09-15,MA Long,LEE Jungsam,CHN,KOR,4,0,"11,11,11,11|5,2,8,2",QR2,GRAND_SLAM,MS,1750,Qualification,MA Long (CHN),LEE Jungsam (KOR),,,4 - 0,11:5 11:2 11:8 11:2,MA Long,2005
Volkswagen China Open Shenzhen 2005,2005-09-15,LEE Jungsam,TASEI Kunihito,KOR,JPN,4,1,"10,11,11,11,11|12,9,9,5,2",3,GRAND_SLAM,MS,1750,Qualification,LEE Jungsam (KOR),TASEI Kunihito (JPN),,,4 - 1,10:12 11:9 11:9 11:5 11:2,LEE Jungsam,2005
Volkswagen China Open Shenzhen 2005,2005-09-15,KURASHIMA Yosuke,MONTEIRO Joao,JPN,POR,4,1,"11,15,11,8,11|8,13,3,11,9",,GRAND_SLAM,MS,1750,Qualification,KURASHIMA Yosuke (JPN),MONTEIRO Joao (POR),,,1 - 4,8:11 13:15 3:11 11:8 9:11,KURASHIMA Yosuke,2005
Volkswagen China Open Shenzhen 2005,2005-09-15,KIM Junghoon,MONTEIRO Joao,KOR,POR,4,1,"11,9,11,11,11|9,11,7,7,9",QR2,GRAND_SLAM,MS,1750,Qualification,KIM Junghoon (KOR),MONTEIRO Joao (POR),,,1 - 4,9:11 11:9 7:11 7:11 9:11,KIM Junghoon,2005
Volkswagen China Open Shenzhen 2005,2005-09-15,KIM Junghoon,KURASHIMA Yosuke,KOR,JPN,4,2,"11,7,5,11,11,12|8,11,11,8,5,10",3,GRAND_SLAM,MS,1750,Qualification,KIM Junghoon (KOR),KURASHIMA Yosuke (JPN),,,4 - 2,11:8 7:11 5:11 11:8 11:5 12:10,KIM Junghoon,2005
Volkswagen China Open Shenzhen 2005,2005-09-15,LEE Jinkwon,MIHARA Takahiro,KOR,JPN,4,2,"6,11,11,8,11,11|11,8,8,11,7,5",,GRAND_SLAM,MS,1750,Qualification,LEE Jinkwon (KOR),MIHARA Takahiro (JPN),,,4 - 2,6:11 11:8 11:8 8:11 11:7 11:5,LEE Jinkwon,2005
Volkswagen China Open Shenzhen 2005,2005-09-15,LEE Jinkwon,BERTIN Christophe,KOR,FRA,4,2,"11,4,6,11,11,11|8,11,11,8,3,6",QR2,GRAND_SLAM,MS,1750,Qualification,LEE Jinkwon (KOR),BERTIN Christophe (FRA),,,4 - 2,11:8 4:11 6:11 11:8 11:3 11:6,LEE Jinkwon,2005
Volkswagen China Open Shenzhen 2005,2005-09-15,BERTIN Christophe,MIHARA Takahiro,FRA,JPN,4,0,"12,11,11,11|10,5,9,4",3,GRAND_SLAM,MS,1750,Qualification,BERTIN Christophe (FRA),MIHARA Takahiro (JPN),,,4 - 0,12:10 11:5 11:9 11:4,BERTIN Christophe,2005
Volkswagen China Open Shenzhen 2005,2005-09-15,LO Dany,MA Liang,FRA,SGP,4,0,"11,11,11,11|5,7,5,5",,GRAND_SLAM,MS,1750,Qualification,LO Dany (FRA),MA Liang (SGP),,,4 - 0,11:5 11:7 11:5 11:5,LO Dany,2005
Volkswagen China Open Shenzhen 2005,2005-09-15,MACHADO Carlos,LO Dany,ESP,FRA,4,3,"10,11,10,11,11,8,11|12,9,12,8,8,11,8",QR2,GRAND_SLAM,MS,1750,Qualification,MACHADO Carlos (ESP),LO Dany (FRA),,,3 - 4,12:10 9:11 12:10 8:11 8:11 11:8 8:11,MACHADO Carlos,2005
Volkswagen China Open Shenzhen 2005,2005-09-15,ZHANG Yining,PARK Chara,CHN,KOR,4,1,"4,11,11,11,11|11,2,3,2,5",R32,GRAND_SLAM,WS,1750,Main Draw,ZHANG Yining (CHN),PARK Chara (KOR),,,4 - 1,4:11 11:2 11:3 11:2 11:5,ZHANG Yining,2005
Volkswagen China Open Shenzhen 2005,2005-09-15,MOON Hyunjung,KONISHI An,KOR,JPN,4,1,"4,12,11,11,11|11,10,2,6,6",R32,GRAND_SLAM,WS,1750,Main Draw,MOON Hyunjung (KOR),KONISHI An (JPN),,,1 - 4,11:4 10:12 2:11 6:11 6:11,MOON Hyunjung,2005
Volkswagen China Open Shenzhen 2005,2005-09-15,DING Ning,KIM Hyang Mi,CHN,PRK,4,1,"7,11,12,11,11|11,9,10,7,9",R32,GRAND_SLAM,WS,1750,Main Draw,DING Ning (CHN),KIM Hyang Mi (PRK),,,1 - 4,11:7 9:11 10:12 7:11 9:11,DING Ning,2005
Volkswagen China Open Shenzhen 2005,2005-09-15,BOROS Tamara,JEE Minhyung,CRO,AUS,4,3,"11,8,8,6,11,11,11|8,11,11,11,7,3,5",R32,GRAND_SLAM,WS,1750,Main Draw,BOROS Tamara (CRO),JEE Minhyung (AUS),,,3 - 4,8:11 11:8 11:8 11:6 7:11 3:11 5:11,BOROS Tamara,2005
Volkswagen China Open Shenzhen 2005,2005-09-15,LAU Sui Fei,RYOM Won Ok,HKG,PRK,4,0,"13,11,13,11|11,6,11,7",R32,GRAND_SLAM,WS,1750,Main Draw,LAU Sui Fei (HKG),RYOM Won Ok (PRK),,,4 - 0,13:11 11:6 13:11 11:7,LAU Sui Fei,2005
Volkswagen China Open Shenzhen 2005,2005-09-15,WANG Yuegu,LIU Shiwen,SGP,CHN,4,2,"2,12,11,11,11,11|11,10,13,6,4,8",R32,GRAND_SLAM,WS,1750,Main Draw,WANG Yuegu (SGP),LIU Shiwen (CHN),,,2 - 4,11:2 10:12 13:11 6:11 4:11 8:11,WANG Yuegu,2005
Volkswagen China Open Shenzhen 2005,2005-09-15,FAN Ying,SUEMASU Asami,CHN,JPN,4,2,"13,11,10,11,11,11|15,7,12,8,1,9",R32,GRAND_SLAM,WS,1750,Main Draw,FAN Ying (CHN),SUEMASU Asami (JPN),,,4 - 2,13:15 11:7 10:12 11:8 11:1 11:9,FAN Ying,2005
Volkswagen China Open Shenzhen 2005,2005-09-15,GUO Yue,LEE Eunhee,CHN,KOR,4,0,"11,11,11,11|4,3,4,2",R32,GRAND_SLAM,WS,1750,Main Draw,GUO Yue (CHN),LEE Eunhee (KOR),,,0 - 4,4:11 3:11 4:11 2:11,GUO Yue,2005
Volkswagen China Open Shenzhen 2005,2005-09-15,TIE Yana,KRAMER Tanja,HKG,GER,4,1,"11,11,11,8,11|7,1,2,11,6",R32,GRAND_SLAM,WS,1750,Main Draw,TIE Yana (HKG),KRAMER Tanja (GER),,,4 - 1,11:7 11:1 11:2 8:11 11:6,TIE Yana,2005
Volkswagen China Open Shenzhen 2005,2005-09-15,LI Xiaoxia,JEON Hyekyung,CHN,KOR,4,3,"11,8,11,11,11,4,11|13,11,4,4,9,11,9",R32,GRAND_SLAM,WS,1750,Main Draw,LI Xiaoxia (CHN),JEON Hyekyung (KOR),,,3 - 4,13:11 11:8 4:11 4:11 9:11 11:4 9:11,LI Xiaoxia,2005
Volkswagen China Open Shenzhen 2005,2005-09-15,ZHANG Rui,KO Un Gyong,HKG,PRK,4,3,"11,6,12,11,8,14,11|4,11,10,9,11,16,5",R32,GRAND_SLAM,WS,1750,Main Draw,ZHANG Rui (HKG),KO Un Gyong (PRK),,,4 - 3,11:4 6:11 12:10 11:9 8:11 14:16 11:5,ZHANG Rui,2005
Volkswagen China Open Shenzhen 2005,2005-09-15,GAO Jun,KIM Mi Yong,USA,PRK,4,0,"11,11,16,12|5,3,14,10",R32,GRAND_SLAM,WS,1750,Main Draw,GAO Jun (USA),KIM Mi Yong (PRK),,,0 - 4,5:11 3:11 14:16 10:12,GAO Jun,2005
Volkswagen China Open Shenzhen 2005,2005-09-15,PAVLOVICH Viktoria,SUN Beibei,BLR,SGP,4,0,"11,11,11,15|7,8,9,13",R32,GRAND_SLAM,WS,1750,Main Draw,PAVLOVICH Viktoria (BLR),SUN Beibei (SGP),,,4 - 0,11:7 11:8 11:9 15:13,PAVLOVICH Viktoria,2005
Volkswagen China Open Shenzhen 2005,2005-09-15,LIN Ling,PAVLOVICH Veronika,HKG,BLR,4,3,"5,7,9,11,11,11,11|11,11,11,9,9,8,8",R32,GRAND_SLAM,WS,1750,Main Draw,LIN Ling (HKG),PAVLOVICH Veronika (BLR),,,3 - 4,11:5 11:7 11:9 9:11 9:11 8:11 8:11,LIN Ling,2005
Volkswagen China Open Shenzhen 2005,2005-09-15,SONG Ah Sim,TANIGUCHI Naoko,HKG,JPN,4,1,"11,11,11,7,11|6,9,9,11,6",R32,GRAND_SLAM,WS,1750,Main Draw,SONG Ah Sim (HKG),TANIGUCHI Naoko (JPN),,,4 - 1,11:6 11:9 11:9 7:11 11:6,SONG Ah Sim,2005
Volkswagen China Open Shenzhen 2005,2005-09-15,LI Jiawei,POTA Georgina,SGP,HUN,4,1,"11,11,5,13,13|4,4,11,11,11",R32,GRAND_SLAM,WS,1750,Main Draw,LI Jiawei (SGP),POTA Georgina (HUN),,,1 - 4,4:11 4:11 11:5 11:13 11:13,LI Jiawei,2005
Volkswagen China Open Shenzhen 2005,2005-09-15,ZHANG Yining,MOON Hyunjung,CHN,KOR,4,1,"7,11,11,11,11|11,2,5,4,6",R16,GRAND_SLAM,WS,1750,Main Draw,ZHANG Yining (CHN),MOON Hyunjung (KOR),,,4 - 1,7:11 11:2 11:5 11:4 11:6,ZHANG Yining,2005
Volkswagen China Open Shenzhen 2005,2005-09-15,BOROS Tamara,DING Ning,CRO,CHN,4,1,"11,7,11,11,11|9,11,8,8,7",R16,GRAND_SLAM,WS,1750,Main Draw,BOROS Tamara (CRO),DING Ning (CHN),,,1 - 4,9:11 11:7 8:11 8:11 7:11,BOROS Tamara,2005
Volkswagen China Open Shenzhen 2005,2005-09-15,LAU Sui Fei,WANG Yuegu,HKG,SGP,4,3,"2,9,11,8,11,11,14|11,11,6,11,5,9,12",R16,GRAND_SLAM,WS,1750,Main Draw,LAU Sui Fei (HKG),WANG Yuegu (SGP),,,4 - 3,2:11 9:11 11:6 8:11 11:5 11:9 14:12,LAU Sui Fei,2005
Volkswagen China Open Shenzhen 2005,2005-09-15,GUO Yue,FAN Ying,CHN,CHN,4,1,"11,5,11,11,11|8,11,4,4,4",R16,GRAND_SLAM,WS,1750,Main Draw,GUO Yue (CHN),FAN Ying (CHN),,,1 - 4,8:11 11:5 4:11 4:11 4:11,GUO Yue,2005
Volkswagen China Open Shenzhen 2005,2005-09-15,LI Xiaoxia,TIE Yana,CHN,HKG,4,2,"11,11,12,11,8,13|7,6,14,5,11,11",R16,GRAND_SLAM,WS,1750,Main Draw,LI Xiaoxia (CHN),TIE Yana (HKG),,,2 - 4,7:11 6:11 14:12 5:11 11:8 11:13,LI Xiaoxia,2005
Volkswagen China Open Shenzhen 2005,2005-09-15,GAO Jun,ZHANG Rui,USA,HKG,4,1,"11,12,11,8,11|9,10,9,11,9",R16,GRAND_SLAM,WS,1750,Main Draw,GAO Jun (USA),ZHANG Rui (HKG),,,1 - 4,9:11 10:12 9:11 11:8 9:11,GAO Jun,2005
Volkswagen China Open Shenzhen 2005,2005-09-15,LIN Ling,PAVLOVICH Viktoria,HKG,BLR,4,3,"11,9,4,11,7,11,11|3,11,11,8,11,9,5",R16,GRAND_SLAM,WS,1750,Main Draw,LIN Ling (HKG),PAVLOVICH Viktoria (BLR),,,3 - 4,3:11 11:9 11:4 8:11 11:7 9:11 5:11,LIN Ling,2005
Volkswagen China Open Shenzhen 2005,2005-09-15,LI Jiawei,SONG Ah Sim,SGP,HKG,4,2,"5,11,11,11,8,11|11,9,5,7,11,5",R16,GRAND_SLAM,WS,1750,Main Draw,LI Jiawei (SGP),SONG Ah Sim (HKG),,,2 - 4,11:5 9:11 5:11 7:11 11:8 5:11,LI Jiawei,2005
Volkswagen China Open Shenzhen 2005,2005-09-15,ZHANG Yining,BOROS Tamara,CHN,CRO,4,0,"11,11,11,11|4,4,9,8",QuarterFinal,GRAND_SLAM,WS,1750,Main Draw,ZHANG Yining (CHN),BOROS Tamara (CRO),,,4 - 0,11:4 11:4 11:9 11:8,ZHANG Yining,2005
Volkswagen China Open Shenzhen 2005,2005-09-15,GUO Yue,LAU Sui Fei,CHN,HKG,4,1,"11,8,11,11,11|9,11,8,9,6",QuarterFinal,GRAND_SLAM,WS,1750,Main Draw,GUO Yue (CHN),LAU Sui Fei (HKG),,,1 - 4,9:11 11:8 8:11 9:11 6:11,GUO Yue,2005
Volkswagen China Open Shenzhen 2005,2005-09-15,LI Xiaoxia,GAO Jun,CHN,USA,4,2,"11,1,9,11,11,11|6,11,11,8,7,7",QuarterFinal,GRAND_SLAM,WS,1750,Main Draw,LI Xiaoxia (CHN),GAO Jun (USA),,,4 - 2,11:6 1:11 9:11 11:8 11:7 11:7,LI Xiaoxia,2005
Volkswagen China Open Shenzhen 2005,2005-09-15,LIN Ling,LI Jiawei,HKG,SGP,4,2,"9,11,11,11,8,12|11,4,9,8,11,10",QuarterFinal,GRAND_SLAM,WS,1750,Main Draw,LIN Ling (HKG),LI Jiawei (SGP),,,4 - 2,9:11 11:4 11:9 11:8 8:11 12:10,LIN Ling,2005
Volkswagen China Open Shenzhen 2005,2005-09-15,GUO Yue,ZHANG Yining,CHN,CHN,4,3,"11,8,11,7,11,13,11|8,11,9,11,13,11,4",SemiFinal,GRAND_SLAM,WS,1750,Main Draw,GUO Yue (CHN),ZHANG Yining (CHN),,,3 - 4,8:11 11:8 9:11 11:7 13:11 11:13 4:11,GUO Yue,2005
Volkswagen China Open Shenzhen 2005,2005-09-15,LI Xiaoxia,LIN Ling,CHN,HKG,4,1,"15,11,11,11,13|13,7,13,2,11",SemiFinal,GRAND_SLAM,WS,1750,Main Draw,LI Xiaoxia (CHN),LIN Ling (HKG),,,4 - 1,15:13 11:7 11:13 11:2 13:11,LI Xiaoxia,2005
Volkswagen China Open Shenzhen 2005,2005-09-15,LI Xiaoxia,GUO Yue,CHN,CHN,4,1,"8,11,11,11,11|11,7,5,2,5",Final,GRAND_SLAM,WS,1750,Main Draw,LI Xiaoxia (CHN),GUO Yue (CHN),,,1 - 4,11:8 7:11 5:11 2:11 5:11,LI Xiaoxia,2005
Volkswagen China Open Shenzhen 2005,2005-09-15,LEE Hyangmi,SHIOSAKI Yuka,KOR,JPN,4,1,"10,13,11,11,11|12,11,9,7,5",,GRAND_SLAM,WS,1750,Qualification,LEE Hyangmi (KOR),SHIOSAKI Yuka (JPN),,,4 - 1,10:12 13:11 11:9 11:7 11:5,LEE Hyangmi,2005
Volkswagen China Open Shenzhen 2005,2005-09-15,SUN Beibei,SHIOSAKI Yuka,SGP,JPN,4,0,"11,11,12,11|5,9,10,8",QR2,GRAND_SLAM,WS,1750,Qualification,SUN Beibei (SGP),SHIOSAKI Yuka (JPN),,,4 - 0,11:5 11:9 12:10 11:8,SUN Beibei,2005
Volkswagen China Open Shenzhen 2005,2005-09-15,SUN Beibei,LEE Hyangmi,SGP,KOR,4,0,"11,11,11,11|9,4,5,8",3,GRAND_SLAM,WS,1750,Qualification,SUN Beibei (SGP),LEE Hyangmi (KOR),,,4 - 0,11:9 11:4 11:5 11:8,SUN Beibei,2005
Volkswagen China Open Shenzhen 2005,2005-09-15,RYOM Won Ok,MUANGSUK Anisara,PRK,THA,4,2,"11,11,10,6,11,11|4,4,12,11,9,9",,GRAND_SLAM,WS,1750,Qualification,RYOM Won Ok (PRK),MUANGSUK Anisara (THA),,,2 - 4,4:11 4:11 12:10 11:6 9:11 9:11,RYOM Won Ok,2005
Volkswagen China Open Shenzhen 2005,2005-09-15,RYOM Won Ok,SHEN Yanfei,PRK,ESP,4,2,"11,6,9,11,11,11|4,11,11,3,4,5",QR2,GRAND_SLAM,WS,1750,Qualification,RYOM Won Ok (PRK),SHEN Yanfei (ESP),,,2 - 4,4:11 11:6 11:9 3:11 4:11 5:11,RYOM Won Ok,2005
Volkswagen China Open Shenzhen 2005,2005-09-15,SHEN Yanfei,MUANGSUK Anisara,ESP,THA,4,1,"11,9,11,11,11|7,11,5,3,5",3,GRAND_SLAM,WS,1750,Qualification,SHEN Yanfei (ESP),MUANGSUK Anisara (THA),,,4 - 1,11:7 9:11 11:5 11:3 11:5,SHEN Yanfei,2005
Volkswagen China Open Shenzhen 2005,2005-09-15,TANIGUCHI Naoko,HAN Hye Song,JPN,PRK,4,0,"11,11,11,11|7,7,8,7",,GRAND_SLAM,WS,1750,Qualification,TANIGUCHI Naoko (JPN),HAN Hye Song (PRK),,,0 - 4,7:11 7:11 8:11 7:11,TANIGUCHI Naoko,2005
Volkswagen China Open Shenzhen 2005,2005-09-15,TANIGUCHI Naoko,PENG Luyang,JPN,CHN,4,2,"11,6,11,13,7,11|8,11,7,11,11,6",QR2,GRAND_SLAM,WS,1750,Qualification,TANIGUCHI Naoko (JPN),PENG Luyang (CHN),,,2 - 4,8:11 11:6 7:11 11:13 11:7 6:11,TANIGUCHI Naoko,2005
Volkswagen China Open Shenzhen 2005,2005-09-15,PENG Luyang,HAN Hye Song,CHN,PRK,4,0,"11,11,11,11|5,7,8,6",3,GRAND_SLAM,WS,1750,Qualification,PENG Luyang (CHN),HAN Hye Song (PRK),,,4 - 0,11:5 11:7 11:8 11:6,PENG Luyang,2005
Volkswagen China Open Shenzhen 2005,2005-09-15,JEE Minhyung,DVORAK Galia,AUS,ESP,4,2,"11,10,8,11,11,11|7,12,11,7,6,9",,GRAND_SLAM,WS,1750,Qualification,JEE Minhyung (AUS),DVORAK Galia (ESP),,,4 - 2,11:7 10:12 8:11 11:7 11:6 11:9,JEE Minhyung,2005
Volkswagen China Open Shenzhen 2005,2005-09-15,POTA Georgina,DVORAK Galia,HUN,ESP,4,1,"11,13,11,9,11|6,11,6,11,5",QR2,GRAND_SLAM,WS,1750,Qualification,POTA Georgina (HUN),DVORAK Galia (ESP),,,4 - 1,11:6 13:11 11:6 9:11 11:5,POTA Georgina,2005
Volkswagen China Open Shenzhen 2005,2005-09-15,JEE Minhyung,POTA Georgina,AUS,HUN,4,3,"6,9,10,11,11,11,11|11,11,12,9,8,9,9",3,GRAND_SLAM,WS,1750,Qualification,JEE Minhyung (AUS),POTA Georgina (HUN),,,3 - 4,11:6 11:9 12:10 9:11 8:11 9:11 9:11,JEE Minhyung,2005
Volkswagen China Open Shenzhen 2005,2005-09-15,SUEMASU Asami,KIM Hyehyun,JPN,KOR,4,0,"11,11,11,11|6,5,6,5",,GRAND_SLAM,WS,1750,Qualification,SUEMASU Asami (JPN),KIM Hyehyun (KOR),,,4 - 0,11:6 11:5 11:6 11:5,SUEMASU Asami,2005
Volkswagen China Open Shenzhen 2005,2005-09-15,ZHANG Xueling,KIM Hyehyun,SGP,KOR,4,2,"11,15,5,12,9,11|4,13,11,10,11,4",QR2,GRAND_SLAM,WS,1750,Qualification,ZHANG Xueling (SGP),KIM Hyehyun (KOR),,,4 - 2,11:4 15:13 5:11 12:10 9:11 11:4,ZHANG Xueling,2005
Volkswagen China Open Shenzhen 2005,2005-09-15,SUEMASU Asami,ZHANG Xueling,JPN,SGP,4,3,"4,5,11,9,11,11,11|11,11,6,11,9,9,8",3,GRAND_SLAM,WS,1750,Qualification,SUEMASU Asami (JPN),ZHANG Xueling (SGP),,,3 - 4,11:4 11:5 6:11 11:9 9:11 9:11 8:11,SUEMASU Asami,2005
Volkswagen China Open Shenzhen 2005,2005-09-15,YU Kwok See,KIM Junghyun,HKG,KOR,4,3,"10,11,11,7,11,6,11|12,9,6,11,7,11,4",,GRAND_SLAM,WS,1750,Qualification,YU Kwok See (HKG),KIM Junghyun (KOR),,,3 - 4,12:10 9:11 6:11 11:7 7:11 11:6 4:11,YU Kwok See,2005
Volkswagen China Open Shenzhen 2005,2005-09-15,KONISHI An,YU Kwok See,JPN,HKG,4,2,"7,11,11,11,11,11|11,8,6,13,5,9",QR2,GRAND_SLAM,WS,1750,Qualification,KONISHI An (JPN),YU Kwok See (HKG),,,4 - 2,7:11 11:8 11:6 11:13 11:5 11:9,KONISHI An,2005
Volkswagen China Open Shenzhen 2005,2005-09-15,KONISHI An,KIM Junghyun,JPN,KOR,4,1,"11,11,7,11,11|4,9,11,8,7",3,GRAND_SLAM,WS,1750,Qualification,KONISHI An (JPN),KIM Junghyun (KOR),,,4 - 1,11:4 11:9 7:11 11:8 11:7,KONISHI An,2005
Volkswagen China Open Shenzhen 2005,2005-09-15,LU Yun-Feng,OHATA Nahoko,TPE,JPN,4,3,"7,17,3,11,11,8,11|11,15,11,7,4,11,5",,GRAND_SLAM,WS,1750,Qualification,LU Yun-Feng (TPE),OHATA Nahoko (JPN),,,4 - 3,7:11 17:15 3:11 11:7 11:4 8:11 11:5,LU Yun-Feng,2005
Volkswagen China Open Shenzhen 2005,2005-09-15,JEON Hyekyung,OHATA Nahoko,KOR,JPN,4,1,"11,8,11,11,11|4,11,6,8,8",QR2,GRAND_SLAM,WS,1750,Qualification,JEON Hyekyung (KOR),OHATA Nahoko (JPN),,,4 - 1,11:4 8:11 11:6 11:8 11:8,JEON Hyekyung,2005
Volkswagen China Open Shenzhen 2005,2005-09-15,JEON Hyekyung,LU Yun-Feng,KOR,TPE,4,2,"11,11,7,9,11,11|7,8,11,11,5,4",3,GRAND_SLAM,WS,1750,Qualification,JEON Hyekyung (KOR),LU Yun-Feng (TPE),,,4 - 2,11:7 11:8 7:11 9:11 11:5 11:4,JEON Hyekyung,2005
Volkswagen China Open Shenzhen 2005,2005-09-15,DING Ning,ETSUZAKI Ayumi,CHN,JPN,4,3,"10,11,9,11,9,11,11|12,6,11,7,11,9,6",,GRAND_SLAM,WS,1750,Qualification,DING Ning (CHN),ETSUZAKI Ayumi (JPN),,,3 - 4,12:10 6:11 11:9 7:11 11:9 9:11 6:11,DING Ning,2005
Volkswagen China Open Shenzhen 2005,2005-09-15,DING Ning,LEE Eunhee,CHN,KOR,4,2,"6,11,11,11,8,11|11,2,8,9,11,3",QR2,GRAND_SLAM,WS,1750,Qualification,DING Ning (CHN),LEE Eunhee (KOR),,,2 - 4,11:6 2:11 8:11 9:11 11:8 3:11,DING Ning,2005
Volkswagen China Open Shenzhen 2005,2005-09-15,LEE Eunhee,ETSUZAKI Ayumi,KOR,JPN,4,1,"11,11,11,8,11|9,2,7,11,5",3,GRAND_SLAM,WS,1750,Qualification,LEE Eunhee (KOR),ETSUZAKI Ayumi (JPN),,,4 - 1,11:9 11:2 11:7 8:11 11:5,LEE Eunhee,2005
Volkswagen China Open Shenzhen 2005,2005-09-15,KRAMER Tanja,KAWAMURA Mai,GER,JPN,4,0,"11,11,12,11|9,8,10,8",,GRAND_SLAM,WS,1750,Qualification,KRAMER Tanja (GER),KAWAMURA Mai (JPN),,,4 - 0,11:9 11:8 12:10 11:8,KRAMER Tanja,2005
Volkswagen China Open Shenzhen 2005,2005-09-15,PARK Miyoung,KAWAMURA Mai,KOR,JPN,4,0,"12,11,11,11|10,8,8,6",QR2,GRAND_SLAM,WS,1750,Qualification,PARK Miyoung (KOR),KAWAMURA Mai (JPN),,,4 - 0,12:10 11:8 11:8 11:6,PARK Miyoung,2005
Volkswagen China Open Shenzhen 2005,2005-09-15,KRAMER Tanja,PARK Miyoung,GER,KOR,4,3,"11,15,12,8,11,6,11|8,13,14,11,6,11,9",3,GRAND_SLAM,WS,1750,Qualification,KRAMER Tanja (GER),PARK Miyoung (KOR),,,3 - 4,8:11 13:15 14:12 11:8 6:11 11:6 9:11,KRAMER Tanja,2005
Volkswagen China Open Shenzhen 2005,2005-09-15,LIU Shiwen,TOGO Hime,CHN,JPN,4,0,"11,11,11,11|3,7,4,4",,GRAND_SLAM,WS,1750,Qualification,LIU Shiwen (CHN),TOGO Hime (JPN),,,4 - 0,11:3 11:7 11:4 11:4,LIU Shiwen,2005
Volkswagen China Open Shenzhen 2005,2005-09-15,KWAK Bangbang,TOGO Hime,KOR,JPN,4,1,"11,7,11,11,11|8,11,9,7,9",QR2,GRAND_SLAM,WS,1750,Qualification,KWAK Bangbang (KOR),TOGO Hime (JPN),,,4 - 1,11:8 7:11 11:9 11:7 11:9,KWAK Bangbang,2005
Volkswagen China Open Shenzhen 2005,2005-09-15,LIU Shiwen,KWAK Bangbang,CHN,KOR,4,2,"8,11,11,11,7,11|11,8,6,9,11,7",3,GRAND_SLAM,WS,1750,Qualification,LIU Shiwen (CHN),KWAK Bangbang (KOR),,,2 - 4,11:8 8:11 6:11 9:11 11:7 7:11,LIU Shiwen,2005
Volkswagen China Open Shenzhen 2005,2005-09-15,LI Qiangbing,NAM Hyejin (1985),AUT,KOR,4,2,"11,9,11,11,11,11|9,11,13,5,6,9",,GRAND_SLAM,WS,1750,Qualification,LI Qiangbing (AUT),NAM Hyejin (1985) (KOR),,,4 - 2,11:9 9:11 11:13 11:5 11:6 11:9,LI Qiangbing,2005
Volkswagen China Open Shenzhen 2005,2005-09-15,KIM Mi Yong,NAM Hyejin (1985),PRK,KOR,4,0,"11,12,11,11|4,10,8,7",QR2,GRAND_SLAM,WS,1750,Qualification,KIM Mi Yong (PRK),NAM Hyejin (1985) (KOR),,,4 - 0,11:4 12:10 11:8 11:7,KIM Mi Yong,2005
Volkswagen China Open Shenzhen 2005,2005-09-15,KIM Mi Yong,LI Qiangbing,PRK,AUT,4,0,"11,11,11,11|3,6,5,7",3,GRAND_SLAM,WS,1750,Qualification,KIM Mi Yong (PRK),LI Qiangbing (AUT),,,4 - 0,11:3 11:6 11:5 11:7,KIM Mi Yong,2005
Volkswagen China Open Shenzhen 2005,2005-09-15,KO Un Gyong,PARK Chara,PRK,KOR,4,0,"11,11,11,11|2,2,6,9",,GRAND_SLAM,WS,1750,Qualification,KO Un Gyong (PRK),PARK Chara (KOR),,,4 - 0,11:2 11:2 11:6 11:9,KO Un Gyong,2005
Volkswagen China Open Shenzhen 2005,2005-09-15,PARK Chara,HUANG Yi-Hua,KOR,TPE,4,2,"11,11,7,5,11,11|8,8,11,11,8,6",QR2,GRAND_SLAM,WS,1750,Qualification,PARK Chara (KOR),HUANG Yi-Hua (TPE),,,2 - 4,8:11 8:11 11:7 11:5 8:11 6:11,PARK Chara,2005
Volkswagen China Open Shenzhen 2005,2005-09-15,KO Un Gyong,HUANG Yi-Hua,PRK,TPE,4,1,"11,11,11,7,11|5,8,9,11,7",3,GRAND_SLAM,WS,1750,Qualification,KO Un Gyong (PRK),HUANG Yi-Hua (TPE),,,1 - 4,5:11 8:11 9:11 11:7 7:11,KO Un Gyong,2005
Volkswagen China Open Shenzhen 2005,2005-09-15,TAN Paey Fern,KIM Sooyeon,SGP,KOR,4,2,"11,11,8,11,9,11|4,3,11,2,11,7",,GRAND_SLAM,WS,1750,Qualification,TAN Paey Fern (SGP),KIM Sooyeon (KOR),,,4 - 2,11:4 11:3 8:11 11:2 9:11 11:7,TAN Paey Fern,2005
Volkswagen China Open Shenzhen 2005,2005-09-15,PAVLOVICH Veronika,LONG Judy (Zhu),BLR,CAN,4,1,"11,11,11,9,11|6,9,8,11,5",QR2,GRAND_SLAM,WS,1750,Qualification,PAVLOVICH Veronika (BLR),LONG Judy (Zhu) (CAN),,,4 - 1,11:6 11:9 11:8 9:11 11:5,PAVLOVICH Veronika,2005
Volkswagen China Open Shenzhen 2005,2005-09-15,PAVLOVICH Veronika,KIM Sooyeon,BLR,KOR,4,1,"7,12,14,11,11|11,10,12,5,8",3,GRAND_SLAM,WS,1750,Qualification,PAVLOVICH Veronika (BLR),KIM Sooyeon (KOR),,,4 - 1,7:11 12:10 14:12 11:5 11:8,PAVLOVICH Veronika,2005
Volkswagen China Open Shenzhen 2005,2005-09-15,TAN Paey Fern,LONG Judy (Zhu),SGP,CAN,4,3,"4,11,11,9,7,11,11|11,6,5,11,11,9,1",QR4,GRAND_SLAM,WS,1750,Qualification,TAN Paey Fern (SGP),LONG Judy (Zhu) (CAN),,,4 - 3,4:11 11:6 11:5 9:11 7:11 11:9 11:1,TAN Paey Fern,2005
Volkswagen China Open Shenzhen 2005,2005-09-15,PAVLOVICH Veronika,TAN Paey Fern,BLR,SGP,4,2,"4,7,11,13,11,11|11,11,9,11,5,3",5,GRAND_SLAM,WS,1750,Qualification,PAVLOVICH Veronika (BLR),TAN Paey Fern (SGP),,,4 - 2,4:11 7:11 11:9 13:11 11:5 11:3,PAVLOVICH Veronika,2005
Volkswagen China Open Shenzhen 2005,2005-09-15,LONG Judy (Zhu),KIM Sooyeon,CAN,KOR,4,1,"11,11,11,15,11,11|12,4,8,17,6,9",6,GRAND_SLAM,WS,1750,Qualification,LONG Judy (Zhu) (CAN),KIM Sooyeon (KOR),,,1 - 4,12:11 4:11 8:11 17:15 6:11 9:11,LONG Judy (Zhu),2005
Volkswagen China Open Shenzhen 2005,2005-09-15,HAN Hye Song,SUN Beibei,PRK,SGP,3,1,"11,11,9,11|9,8,11,6",,GRAND_SLAM,U21WS,1750,Qualification,HAN Hye Song (PRK),SUN Beibei (SGP),,,1 - 3,9:11 8:11 11:9 6:11,HAN Hye Song,2005
Volkswagen China Open Shenzhen 2005,2005-09-15,SUN Beibei,JEE Minhyung,SGP,AUS,3,0,"11,11,11|7,4,6",QR2,GRAND_SLAM,U21WS,1750,Qualification,SUN Beibei (SGP),JEE Minhyung (AUS),,,3 - 0,11:7 11:4 11:6,SUN Beibei,2005
Volkswagen China Open Shenzhen 2005,2005-09-15,HAN Hye Song,JEE Minhyung,PRK,AUS,3,0,"11,11,11|6,8,5",3,GRAND_SLAM,U21WS,1750,Qualification,HAN Hye Song (PRK),JEE Minhyung (AUS),,,0 - 3,6:11 8:11 5:11,HAN Hye Song,2005
Volkswagen China Open Shenzhen 2005,2005-09-15,POTA Georgina,YU Kwok See,HUN,HKG,3,2,"10,9,11,11,11|12,11,3,7,8",,GRAND_SLAM,U21WS,1750,Qualification,POTA Georgina (HUN),YU Kwok See (HKG),,,3 - 2,10:12 9:11 11:3 11:7 11:8,POTA Georgina,2005
Volkswagen China Open Shenzhen 2005,2005-09-15,KIM Junghyun,KIM Sooyeon,KOR,KOR,3,2,"14,7,11,9,11|12,11,4,11,6",QR2,GRAND_SLAM,U21WS,1750,Qualification,KIM Junghyun (KOR),KIM Sooyeon (KOR),,,3 - 2,14:12 7:11 11:4 9:11 11:6,KIM Junghyun,2005
Volkswagen China Open Shenzhen 2005,2005-09-15,KIM Junghyun,POTA Georgina,KOR,HUN,3,1,"11,5,11,11|9,11,6,7",3,GRAND_SLAM,U21WS,1750,Qualification,KIM Junghyun (KOR),POTA Georgina (HUN),,,1 - 3,9:11 11:5 6:11 7:11,KIM Junghyun,2005
Volkswagen China Open Shenzhen 2005,2005-09-15,YU Kwok See,KIM Sooyeon,HKG,KOR,3,2,"12,11,12,8,11|10,9,14,11,8",QR4,GRAND_SLAM,U21WS,1750,Qualification,YU Kwok See (HKG),KIM Sooyeon (KOR),,,3 - 2,12:10 11:9 12:14 8:11 11:8,YU Kwok See,2005
Volkswagen China Open Shenzhen 2005,2005-09-15,POTA Georgina,KIM Sooyeon,HUN,KOR,3,1,"11,6,11,11|9,11,4,5",5,GRAND_SLAM,U21WS,1750,Qualification,POTA Georgina (HUN),KIM Sooyeon (KOR),,,3 - 1,11:9 6:11 11:4 11:5,POTA Georgina,2005
Volkswagen China Open Shenzhen 2005,2005-09-15,LEE Eunhee,PARK Chara,KOR,KOR,3,0,"11,11,12|8,7,10",,GRAND_SLAM,U21WS,1750,Qualification,LEE Eunhee (KOR),PARK Chara (KOR),,,3 - 0,11:8 11:7 12:10,LEE Eunhee,2005
Volkswagen China Open Shenzhen 2005,2005-09-15,LU Yun-Feng,DVORAK Galia,TPE,ESP,3,2,"11,11,12,11,11|2,6,14,13,8",QR2,GRAND_SLAM,U21WS,1750,Qualification,LU Yun-Feng (TPE),DVORAK Galia (ESP),,,3 - 2,11:2 11:6 12:14 11:13 11:8,LU Yun-Feng,2005
Volkswagen China Open Shenzhen 2005,2005-09-15,LEE Eunhee,LU Yun-Feng,KOR,TPE,3,2,"11,8,11,9,11|8,11,8,11,9",3,GRAND_SLAM,U21WS,1750,Qualification,LEE Eunhee (KOR),LU Yun-Feng (TPE),,,3 - 2,11:8 8:11 11:8 9:11 11:9,LEE Eunhee,2005
Volkswagen China Open Shenzhen 2005,2005-09-15,PARK Chara,DVORAK Galia,KOR,ESP,3,2,"11,6,11,11,11|13,11,7,8,6",QR4,GRAND_SLAM,U21WS,1750,Qualification,PARK Chara (KOR),DVORAK Galia (ESP),,,3 - 2,11:13 6:11 11:7 11:8 11:6,PARK Chara,2005
Volkswagen China Open Shenzhen 2005,2005-09-15,LEE Eunhee,DVORAK Galia,KOR,ESP,3,0,"11,11,11|3,8,6",5,GRAND_SLAM,U21WS,1750,Qualification,LEE Eunhee (KOR),DVORAK Galia (ESP),,,3 - 0,11:3 11:8 11:6,LEE Eunhee,2005
Volkswagen China Open Shenzhen 2005,2005-09-15,LU Yun-Feng,PARK Chara,TPE,KOR,3,1,"12,11,9,11|10,3,11,7",6,GRAND_SLAM,U21WS,1750,Qualification,LU Yun-Feng (TPE),PARK Chara (KOR),,,3 - 1,12:10 11:3 9:11 11:7,LU Yun-Feng,2005
Volkswagen China Open Shenzhen 2005,2005-09-15,HUANG Yi-Hua,LI Qiangbing,TPE,AUT,3,1,"3,11,22,11|11,8,20,4",,GRAND_SLAM,U21WS,1750,Qualification,HUANG Yi-Hua (TPE),LI Qiangbing (AUT),,,3 - 1,3:11 11:8 22:20 11:4,HUANG Yi-Hua,2005
Volkswagen China Open Shenzhen 2005,2005-09-15,KIM Hyehyun,NAM Hyejin (1985),KOR,KOR,3,1,"5,11,11,12|11,8,4,10",QR2,GRAND_SLAM,U21WS,1750,Qualification,KIM Hyehyun (KOR),NAM Hyejin (1985) (KOR),,,3 - 1,5:11 11:8 11:4 12:10,KIM Hyehyun,2005
Volkswagen China Open Shenzhen 2005,2005-09-15,HUANG Yi-Hua,KIM Hyehyun,TPE,KOR,3,1,"11,12,11,11|4,14,6,2",3,GRAND_SLAM,U21WS,1750,Qualification,HUANG Yi-Hua (TPE),KIM Hyehyun (KOR),,,3 - 1,11:4 12:14 11:6 11:2,HUANG Yi-Hua,2005
Volkswagen China Open Shenzhen 2005,2005-09-15,HUANG Yi-Hua,NAM Hyejin (1985),TPE,KOR,3,1,"11,11,8,11|7,3,11,2",5,GRAND_SLAM,U21WS,1750,Qualification,HUANG Yi-Hua (TPE),NAM Hyejin (1985) (KOR),,,3 - 1,11:7 11:3 8:11 11:2,HUANG Yi-Hua,2005
Volkswagen China Open Shenzhen 2005,2005-09-15,LI Qiangbing,KIM Hyehyun,AUT,KOR,3,0,"11,11,11|8,8,7",6,GRAND_SLAM,U21WS,1750,Qualification,LI Qiangbing (AUT),KIM Hyehyun (KOR),,,0 - 3,8:11 8:11 7:11,LI Qiangbing,2005
Volkswagen China Open Shenzhen 2005,2005-09-15,HAN Hye Song,LU Yun-Feng,PRK,TPE,4,1,"11,11,16,10,11|5,5,14,12,7",QuarterFinal,GRAND_SLAM,U21WS,1750,Main Draw,HAN Hye Song (PRK),LU Yun-Feng (TPE),,,4 - 1,11:5 11:5 16:14 10:12 11:7,HAN Hye Song,2005
Volkswagen China Open Shenzhen 2005,2005-09-15,LEE Eunhee,LI Qiangbing,KOR,AUT,4,0,,QuarterFinal,GRAND_SLAM,U21WS,1750,Main Draw,LEE Eunhee (KOR),LI Qiangbing (AUT),,,0 - 4,,LEE Eunhee,2005
Volkswagen China Open Shenzhen 2005,2005-09-15,POTA Georgina,HUANG Yi-Hua,HUN,TPE,4,0,"12,11,11,11|10,8,8,6",QuarterFinal,GRAND_SLAM,U21WS,1750,Main Draw,POTA Georgina (HUN),HUANG Yi-Hua (TPE),,,0 - 4,10:12 8:11 8:11 6:11,POTA Georgina,2005
Volkswagen China Open Shenzhen 2005,2005-09-15,SUN Beibei,YU Kwok See,SGP,HKG,4,0,"20,11,11,11|18,4,5,6",QuarterFinal,GRAND_SLAM,U21WS,1750,Main Draw,SUN Beibei (SGP),YU Kwok See (HKG),,,4 - 0,20:18 11:4 11:5 11:6,SUN Beibei,2005
Volkswagen China Open Shenzhen 2005,2005-09-15,HAN Hye Song,DODEAN Daniela,PRK,ROU,4,1,"19,11,11,11,11|17,8,13,2,7",SemiFinal,GRAND_SLAM,U21WS,1750,Main Draw,HAN Hye Song (PRK),DODEAN Daniela (ROU),,,4 - 1,19:17 11:8 11:13 11:2 11:7,HAN Hye Song,2005
Volkswagen China Open Shenzhen 2005,2005-09-15,POTA Georgina,SUN Beibei,HUN,SGP,4,2,"11,9,11,11,7,11|9,11,3,9,11,9",SemiFinal,GRAND_SLAM,U21WS,1750,Main Draw,POTA Georgina (HUN),SUN Beibei (SGP),,,4 - 2,11:9 9:11 11:3 11:9 7:11 11:9,POTA Georgina,2005
Volkswagen China Open Shenzhen 2005,2005-09-15,POTA Georgina,HAN Hye Song,HUN,PRK,4,2,"11,11,9,8,11,11|8,7,11,11,7,8",Final,GRAND_SLAM,U21WS,1750,Main Draw,POTA Georgina (HUN),HAN Hye Song (PRK),,,2 - 4,8:11 7:11 11:9 11:8 7:11 8:11,POTA Georgina,2005
Volkswagen China Open Shenzhen 2005,2005-09-15,CHEN Weixing/GARDOS Robert,LEE Jungsam/LIM Jaehyun,AUT,KOR,4,2,"11,11,9,11,5,13|6,4,11,7,11,11",R16,GRAND_SLAM,MD,1750,Main Draw,CHEN Weixing (AUT) / GARDOS Robert (AUT),LEE Jungsam (KOR) / LIM Jaehyun (KOR),GARDOS Robert (AUT),LIM Jaehyun (KOR),4 - 2,11:6 11:4 9:11 11:7 5:11 13:11,CHEN Weixing,2005
Volkswagen China Open Shenzhen 2005,2005-09-15,BOLL Timo/SUSS Christian,CHEN Weixing/GARDOS Robert,GER,AUT,4,1,"11,9,11,11,11|8,11,3,6,8",QuarterFinal,GRAND_SLAM,MD,1750,Main Draw,BOLL Timo (GER) / SUSS Christian (GER),CHEN Weixing (AUT) / GARDOS Robert (AUT),SUSS Christian (GER),GARDOS Robert (AUT),1 - 4,8:11 11:9 3:11 6:11 8:11,BOLL Timo,2005
Volkswagen China Open Shenzhen 2005,2005-09-15,CAI Xiaoli/YANG Zi,TSE Ka Chun/ZHANG Wilson,SGP,HKG,3,0,"11,11,11|4,9,2",QR32,GRAND_SLAM,MD,1750,Qualification,CAI Xiaoli (SGP) / YANG Zi (SGP),TSE Ka Chun (HKG) / ZHANG Wilson (CAN),YANG Zi (SGP),ZHANG Wilson (CAN),0 - 3,4:11 9:11 2:11,CAI Xiaoli,2005
Volkswagen China Open Shenzhen 2005,2005-09-15,LIU Guozheng/MA Long,BERTIN Christophe/BOBILLIER Loic,CHN,FRA,4,2,"11,7,17,6,11,11|9,11,15,11,1,5",QuarterFinal,GRAND_SLAM,MD,1750,Main Draw,LIU Guozheng (CHN) / MA Long (CHN),BERTIN Christophe (FRA) / BOBILLIER Loic (FRA),MA Long (CHN),BOBILLIER Loic (FRA),4 - 2,11:9 7:11 17:15 6:11 11:1 11:5,LIU Guozheng,2005
Volkswagen China Open Shenzhen 2005,2005-09-15,CHEN Qi/WANG Liqin,HAO Shuai/WANG Hao,CHN,CHN,4,3,"11,4,11,10,11,10,11|4,11,7,12,6,12,4",SemiFinal,GRAND_SLAM,MD,1750,Main Draw,CHEN Qi (CHN) / WANG Liqin (CHN),HAO Shuai (CHN) / WANG Hao (CHN),WANG Liqin (CHN),WANG Hao (CHN),3 - 4,4:11 11:4 7:11 12:10 6:11 12:10 4:11,CHEN Qi,2005
Volkswagen China Open Shenzhen 2005,2005-09-15,LIU Guozheng/MA Long,BOLL Timo/SUSS Christian,CHN,GER,4,3,"8,11,11,6,11,7,11|11,7,4,11,6,11,7",SemiFinal,GRAND_SLAM,MD,1750,Main Draw,LIU Guozheng (CHN) / MA Long (CHN),BOLL Timo (GER) / SUSS Christian (GER),MA Long (CHN),SUSS Christian (GER),4 - 3,8:11 11:7 11:4 6:11 11:6 7:11 11:7,LIU Guozheng,2005
Volkswagen China Open Shenzhen 2005,2005-09-15,CHEN Qi/WANG Liqin,LIU Guozheng/MA Long,CHN,CHN,4,2,"11,11,6,8,11,11|5,5,11,11,6,5",Final,GRAND_SLAM,MD,1750,Main Draw,CHEN Qi (CHN) / WANG Liqin (CHN),LIU Guozheng (CHN) / MA Long (CHN),WANG Liqin (CHN),MA Long (CHN),4 - 2,11:5 11:5 6:11 8:11 11:6 11:5,CHEN Qi,2005
Volkswagen China Open Shenzhen 2005,2005-09-15,LIU Guozheng/MA Long,CHO Jihoon/KIM Junghoon,CHN,KOR,3,1,"11,8,11,11|5,11,2,6",QR32,GRAND_SLAM,MD,1750,Qualification,LIU Guozheng (CHN) / MA Long (CHN),CHO Jihoon (KOR) / KIM Junghoon (KOR),MA Long (CHN),KIM Junghoon (KOR),3 - 1,11:5 8:11 11:2 11:6,LIU Guozheng,2005
Volkswagen China Open Shenzhen 2005,2005-09-15,HAO Shuai/WANG Hao,CHILA Patrick/TAN Ruiwu,CHN,FRA,4,3,"11,6,11,11,10,9,13|5,11,4,4,12,11,11",R16,GRAND_SLAM,MD,1750,Main Draw,HAO Shuai (CHN) / WANG Hao (CHN),CHILA Patrick (FRA) / TAN Ruiwu (CRO),WANG Hao (CHN),TAN Ruiwu (CRO),3 - 4,5:11 11:6 4:11 4:11 12:10 11:9 11:13,HAO Shuai,2005
Volkswagen China Open Shenzhen 2005,2005-09-15,JANG Song Man/TOSIC Roko,VIPAWATANAKUL Sithichok/VIPAWATANAKUL Tanawat,PRK,AUS,3,0,"11,11,11|5,2,7",QR32,GRAND_SLAM,MD,1750,Qualification,JANG Song Man (PRK) / TOSIC Roko (CRO),VIPAWATANAKUL Sithichok (AUS) / VIPAWATANAKUL Tanawat (THA),TOSIC Roko (CRO),VIPAWATANAKUL Tanawat (THA),3 - 0,11:5 11:2 11:7,JANG Song Man,2005
Volkswagen China Open Shenzhen 2005,2005-09-15,CHILA Patrick/TAN Ruiwu,SCHLICHTER Jorg/VOSTES Yannick,FRA,GER,3,2,"11,6,4,11,11|5,11,11,6,7",QR32,GRAND_SLAM,MD,1750,Qualification,CHILA Patrick (FRA) / TAN Ruiwu (CRO),SCHLICHTER Jorg (GER) / VOSTES Yannick (BEL),TAN Ruiwu (CRO),VOSTES Yannick (BEL),3 - 2,11:5 6:11 4:11 11:6 11:7,CHILA Patrick,2005
Volkswagen China Open Shenzhen 2005,2005-09-15,CHILA Patrick/TAN Ruiwu,CAI Xiaoli/YANG Zi,FRA,SGP,3,2,"9,9,11,11,11|11,11,8,8,8",QR16,GRAND_SLAM,MD,1750,Qualification,CHILA Patrick (FRA) / TAN Ruiwu (CRO),CAI Xiaoli (SGP) / YANG Zi (SGP),TAN Ruiwu (CRO),YANG Zi (SGP),3 - 2,9:11 9:11 11:8 11:8 11:8,CHILA Patrick,2005
Volkswagen China Open Shenzhen 2005,2005-09-15,MIHARA Takahiro/MITAMURA Muneaki,BAUBET Vincent/SALIFOU Abdel-Kader,JPN,FRA,3,0,"11,11,11|7,8,9",QR32,GRAND_SLAM,MD,1750,Qualification,MIHARA Takahiro (JPN) / MITAMURA Muneaki (JPN),BAUBET Vincent (FRA) / SALIFOU Abdel-Kader (BEN),MITAMURA Muneaki (JPN),SALIFOU Abdel-Kader (BEN),0 - 3,7:11 8:11 9:11,MIHARA Takahiro,2005
Volkswagen China Open Shenzhen 2005,2005-09-15,RI Chol Guk/RI Kwang Il,ELENSKY Gregory/LO Dany,PRK,ISR,3,0,"11,11,11|6,7,4",QR16,GRAND_SLAM,MD,1750,Qualification,RI Chol Guk (PRK) / RI Kwang Il (PRK),ELENSKY Gregory (ISR) / LO Dany (FRA),RI Kwang Il (PRK),LO Dany (FRA),0 - 3,6:11 7:11 4:11,RI Chol Guk,2005
Volkswagen China Open Shenzhen 2005,2005-09-15,CARNEROS Alfredo/MACHADO Carlos,BAUM Patrick/OVTCHAROV Dimitrij,ESP,GER,3,0,"11,11,16|4,7,14",QR32,GRAND_SLAM,MD,1750,Qualification,CARNEROS Alfredo (ESP) / MACHADO Carlos (ESP),BAUM Patrick (GER) / OVTCHAROV Dimitrij (GER),MACHADO Carlos (ESP),OVTCHAROV Dimitrij (GER),0 - 3,4:11 7:11 14:16,CARNEROS Alfredo,2005
Volkswagen China Open Shenzhen 2005,2005-09-15,FEJER-KONNERTH Zoltan/ROSSKOPF Jorg,HARADA Takamasa/NAMIKI Yusuke,GER,JPN,3,1,"11,8,13,11|3,11,11,4",QR32,GRAND_SLAM,MD,1750,Qualification,FEJER-KONNERTH Zoltan (GER) / ROSSKOPF Jorg (GER),HARADA Takamasa (JPN) / NAMIKI Yusuke (JPN),ROSSKOPF Jorg (GER),NAMIKI Yusuke (JPN),3 - 1,11:3 8:11 13:11 11:4,FEJER-KONNERTH Zoltan,2005
Volkswagen China Open Shenzhen 2005,2005-09-15,LIU Zhongze/MA Liang,HIELSCHER Lars/STEGER Bastian,SGP,GER,3,0,,QR32,GRAND_SLAM,MD,1750,Qualification,LIU Zhongze (SGP) / MA Liang (SGP),HIELSCHER Lars (GER) / STEGER Bastian (GER),MA Liang (SGP),STEGER Bastian (GER),0 - 3,,LIU Zhongze,2005
Volkswagen China Open Shenzhen 2005,2005-09-15,ELENSKY Gregory/LO Dany,KEINATH Thomas/WOSIK Torben,ISR,SVK,3,1,"11,11,10,11|8,5,12,5",QR32,GRAND_SLAM,MD,1750,Qualification,ELENSKY Gregory (ISR) / LO Dany (FRA),KEINATH Thomas (SVK) / WOSIK Torben (GER),LO Dany (FRA),WOSIK Torben (GER),1 - 3,8:11 5:11 12:10 5:11,ELENSKY Gregory,2005
Volkswagen China Open Shenzhen 2005,2005-09-15,LIU Guozheng/MA Long,FEJER-KONNERTH Zoltan/ROSSKOPF Jorg,CHN,GER,3,0,"11,11,11|9,3,6",QR16,GRAND_SLAM,MD,1750,Qualification,LIU Guozheng (CHN) / MA Long (CHN),FEJER-KONNERTH Zoltan (GER) / ROSSKOPF Jorg (GER),MA Long (CHN),ROSSKOPF Jorg (GER),0 - 3,9:11 3:11 6:11,LIU Guozheng,2005
Volkswagen China Open Shenzhen 2005,2005-09-15,RI Chol Guk/RI Kwang Il,KO Lai Chak/LI Ching,PRK,HKG,4,3,"11,8,11,4,11,7,14|9,11,5,11,7,11,12",R16,GRAND_SLAM,MD,1750,Main Draw,RI Chol Guk (PRK) / RI Kwang Il (PRK),KO Lai Chak (HKG) / LI Ching (HKG),RI Kwang Il (PRK),LI Ching (HKG),3 - 4,9:11 11:8 5:11 11:4 7:11 11:7 12:14,RI Chol Guk,2005
Volkswagen China Open Shenzhen 2005,2005-09-15,LIU Guozheng/MA Long,CHEUNG Yuk/LEUNG Chu Yan,CHN,HKG,4,1,"10,11,11,11,11|12,4,5,8,9",R16,GRAND_SLAM,MD,1750,Main Draw,LIU Guozheng (CHN) / MA Long (CHN),CHEUNG Yuk (HKG) / LEUNG Chu Yan (HKG),MA Long (CHN),LEUNG Chu Yan (HKG),1 - 4,12:10 4:11 5:11 8:11 9:11,LIU Guozheng,2005
Volkswagen China Open Shenzhen 2005,2005-09-15,BOLL Timo/SUSS Christian,MIHARA Takahiro/MITAMURA Muneaki,GER,JPN,4,0,"11,11,11,11|7,8,5,5",R16,GRAND_SLAM,MD,1750,Main Draw,BOLL Timo (GER) / SUSS Christian (GER),MIHARA Takahiro (JPN) / MITAMURA Muneaki (JPN),SUSS Christian (GER),MITAMURA Muneaki (JPN),0 - 4,7:11 8:11 5:11 5:11,BOLL Timo,2005
Volkswagen China Open Shenzhen 2005,2005-09-15,CHO Eonrae/LEE Jungwoo,JANG Song Man/TOSIC Roko,KOR,PRK,4,1,"12,11,14,6,11|10,9,12,11,7",R16,GRAND_SLAM,MD,1750,Main Draw,CHO Eonrae (KOR) / LEE Jungwoo (KOR),JANG Song Man (PRK) / TOSIC Roko (CRO),LEE Jungwoo (KOR),TOSIC Roko (CRO),4 - 1,12:10 11:9 14:12 6:11 11:7,CHO Eonrae,2005
Volkswagen China Open Shenzhen 2005,2005-09-15,CHEN Qi/WANG Liqin,LEE Jinkwon/YOON Jaeyoung,CHN,KOR,4,0,"11,15,11,11|9,13,4,8",R16,GRAND_SLAM,MD,1750,Main Draw,CHEN Qi (CHN) / WANG Liqin (CHN),LEE Jinkwon (KOR) / YOON Jaeyoung (KOR),WANG Liqin (CHN),YOON Jaeyoung (KOR),0 - 4,9:11 13:15 4:11 8:11,CHEN Qi,2005
Volkswagen China Open Shenzhen 2005,2005-09-15,CHEN Qi/WANG Liqin,CHO Eonrae/LEE Jungwoo,CHN,KOR,4,2,"11,8,11,11,8,11|5,11,6,4,11,8",QuarterFinal,GRAND_SLAM,MD,1750,Main Draw,CHEN Qi (CHN) / WANG Liqin (CHN),CHO Eonrae (KOR) / LEE Jungwoo (KOR),WANG Liqin (CHN),LEE Jungwoo (KOR),2 - 4,5:11 11:8 6:11 4:11 11:8 8:11,CHEN Qi,2005
Volkswagen China Open Shenzhen 2005,2005-09-15,LEE Jinkwon/YOON Jaeyoung,DURAN Marc/MONTEIRO Joao,KOR,ESP,3,2,"12,11,10,11,11|14,7,12,5,3",QR16,GRAND_SLAM,MD,1750,Qualification,LEE Jinkwon (KOR) / YOON Jaeyoung (KOR),DURAN Marc (ESP) / MONTEIRO Joao (POR),YOON Jaeyoung (KOR),MONTEIRO Joao (POR),3 - 2,12:14 11:7 10:12 11:5 11:3,LEE Jinkwon,2005
Volkswagen China Open Shenzhen 2005,2005-09-15,DURAN Marc/MONTEIRO Joao,KITO Akira/OMORI Takahiro,ESP,JPN,3,1,"11,9,11,13|9,11,5,11",QR32,GRAND_SLAM,MD,1750,Qualification,DURAN Marc (ESP) / MONTEIRO Joao (POR),KITO Akira (JPN) / OMORI Takahiro (JPN),MONTEIRO Joao (POR),OMORI Takahiro (JPN),3 - 1,11:9 9:11 11:5 13:11,DURAN Marc,2005
Volkswagen China Open Shenzhen 2005,2005-09-15,HAO Shuai/WANG Hao,RI Chol Guk/RI Kwang Il,CHN,PRK,4,1,"11,7,11,11,11|9,11,5,6,9",QuarterFinal,GRAND_SLAM,MD,1750,Main Draw,HAO Shuai (CHN) / WANG Hao (CHN),RI Chol Guk (PRK) / RI Kwang Il (PRK),WANG Hao (CHN),RI Kwang Il (PRK),1 - 4,9:11 11:7 5:11 6:11 9:11,HAO Shuai,2005
Volkswagen China Open Shenzhen 2005,2005-09-15,LEE Jungsam/LIM Jaehyun,AN Chol Yong/KIM Hyok Bong,KOR,PRK,3,2,"7,11,11,13,11|11,2,6,15,7",QR32,GRAND_SLAM,MD,1750,Qualification,LEE Jungsam (KOR) / LIM Jaehyun (KOR),AN Chol Yong (PRK) / KIM Hyok Bong (PRK),LIM Jaehyun (KOR),KIM Hyok Bong (PRK),2 - 3,11:7 2:11 6:11 15:13 7:11,LEE Jungsam,2005
Volkswagen China Open Shenzhen 2005,2005-09-15,RI Chol Guk/RI Kwang Il,CHIANG Hung-Chieh/WU Chih-Chi,PRK,TPE,3,2,"11,7,11,7,11|5,11,8,11,8",QR32,GRAND_SLAM,MD,1750,Qualification,RI Chol Guk (PRK) / RI Kwang Il (PRK),CHIANG Hung-Chieh (TPE) / WU Chih-Chi (TPE),RI Kwang Il (PRK),WU Chih-Chi (TPE),3 - 2,11:5 7:11 11:8 7:11 11:8,RI Chol Guk,2005
Volkswagen China Open Shenzhen 2005,2005-09-15,BERTIN Christophe/BOBILLIER Loic,AXELQVIST Johan/KUZMIN Fedor,FRA,SWE,4,3,"11,7,11,11,8,11,11|9,11,13,7,11,8,3",R16,GRAND_SLAM,MD,1750,Main Draw,BERTIN Christophe (FRA) / BOBILLIER Loic (FRA),AXELQVIST Johan (SWE) / KUZMIN Fedor (RUS),BOBILLIER Loic (FRA),KUZMIN Fedor (RUS),3 - 4,9:11 11:7 13:11 7:11 11:8 8:11 3:11,BERTIN Christophe,2005
Volkswagen China Open Shenzhen 2005,2005-09-15,AXELQVIST Johan/KUZMIN Fedor,KURASHIMA Yosuke/TASEI Kunihito,SWE,JPN,3,2,"6,11,11,7,11|11,8,9,11,9",QR32,GRAND_SLAM,MD,1750,Qualification,AXELQVIST Johan (SWE) / KUZMIN Fedor (RUS),KURASHIMA Yosuke (JPN) / TASEI Kunihito (JPN),KUZMIN Fedor (RUS),TASEI Kunihito (JPN),3 - 2,6:11 11:8 11:9 7:11 11:9,AXELQVIST Johan,2005
Volkswagen China Open Shenzhen 2005,2005-09-15,AXELQVIST Johan/KUZMIN Fedor,CARNEROS Alfredo/MACHADO Carlos,SWE,ESP,3,1,"9,11,11,11|11,9,5,9",QR16,GRAND_SLAM,MD,1750,Qualification,AXELQVIST Johan (SWE) / KUZMIN Fedor (RUS),CARNEROS Alfredo (ESP) / MACHADO Carlos (ESP),KUZMIN Fedor (RUS),MACHADO Carlos (ESP),3 - 1,9:11 11:9 11:5 11:9,AXELQVIST Johan,2005
Volkswagen China Open Shenzhen 2005,2005-09-15,LEE Jungsam/LIM Jaehyun,LIU Zhongze/MA Liang,KOR,SGP,3,0,"12,14,11|10,12,4",QR16,GRAND_SLAM,MD,1750,Qualification,LEE Jungsam (KOR) / LIM Jaehyun (KOR),LIU Zhongze (SGP) / MA Liang (SGP),LIM Jaehyun (KOR),MA Liang (SGP),0 - 3,10:12 12:14 4:11,LEE Jungsam,2005
Volkswagen China Open Shenzhen 2005,2005-09-15,LEE Jinkwon/YOON Jaeyoung,PISTEJ Lubomir/SEREDA Peter,KOR,SVK,3,1,"21,8,11,16|19,11,9,14",QR32,GRAND_SLAM,MD,1750,Qualification,LEE Jinkwon (KOR) / YOON Jaeyoung (KOR),PISTEJ Lubomir (SVK) / SEREDA Peter (SVK),YOON Jaeyoung (KOR),SEREDA Peter (SVK),1 - 3,19:21 11:8 9:11 14:16,LEE Jinkwon,2005
Volkswagen China Open Shenzhen 2005,2005-09-15,MIHARA Takahiro/MITAMURA Muneaki,GERELL Par/LUNDQVIST Jens,JPN,SWE,3,2,"11,5,13,1,11|9,11,11,11,9",QR16,GRAND_SLAM,MD,1750,Qualification,MIHARA Takahiro (JPN) / MITAMURA Muneaki (JPN),GERELL Par (SWE) / LUNDQVIST Jens (SWE),MITAMURA Muneaki (JPN),LUNDQVIST Jens (SWE),2 - 3,9:11 11:5 11:13 11:1 9:11,MIHARA Takahiro,2005
Volkswagen China Open Shenzhen 2005,2005-09-15,JANG Song Man/TOSIC Roko,CHIANG Peng-Lung/CHUANG Chih-Yuan,PRK,TPE,3,2,"7,11,11,11,11|11,8,13,5,9",QR16,GRAND_SLAM,MD,1750,Qualification,JANG Song Man (PRK) / TOSIC Roko (CRO),CHIANG Peng-Lung (TPE) / CHUANG Chih-Yuan (TPE),TOSIC Roko (CRO),CHUANG Chih-Yuan (TPE),2 - 3,11:7 8:11 13:11 5:11 9:11,JANG Song Man,2005
Volkswagen China Open Shenzhen 2005,2005-09-15,DING Ning/LIU Shiwen,BOROS Tamara/LI Qiangbing,CHN,CRO,3,1,"9,11,11,11|11,7,8,7",QR16,GRAND_SLAM,WD,1750,Qualification,DING Ning (CHN) / LIU Shiwen (CHN),BOROS Tamara (CRO) / LI Qiangbing (AUT),LIU Shiwen (CHN),LI Qiangbing (AUT),1 - 3,11:9 7:11 8:11 7:11,DING Ning,2005
Volkswagen China Open Shenzhen 2005,2005-09-15,GAO Jun/SHEN Yanfei,PAVLOVICH Veronika/PAVLOVICH Viktoria,USA,BLR,4,3,"13,11,10,9,11,11,11|15,1,12,11,4,6,7",R16,GRAND_SLAM,WD,1750,Main Draw,GAO Jun (USA) / SHEN Yanfei (ESP),PAVLOVICH Veronika (BLR) / PAVLOVICH Viktoria (BLR),SHEN Yanfei (ESP),PAVLOVICH Viktoria (BLR),3 - 4,15:13 1:11 12:10 11:9 4:11 6:11 7:11,GAO Jun,2005
Volkswagen China Open Shenzhen 2005,2005-09-15,DVORAK Galia/MUANGSUK Anisara,HAN Hye Song/LONG Judy (Zhu),ESP,PRK,3,0,,QR32,GRAND_SLAM,WD,1750,Qualification,DVORAK Galia (ESP) / MUANGSUK Anisara (THA),HAN Hye Song (PRK) / LONG Judy (Zhu) (CAN),MUANGSUK Anisara (THA),LONG Judy (Zhu) (CAN),0 - 3,,DVORAK Galia,2005
Volkswagen China Open Shenzhen 2005,2005-09-15,LI Xiaoxia/PENG Luyang,HUANG Yi-Hua/LU Yun-Feng,CHN,TPE,4,3,"11,9,11,11,11,10,15|4,11,6,9,13,12,13",R16,GRAND_SLAM,WD,1750,Main Draw,LI Xiaoxia (CHN) / PENG Luyang (CHN),HUANG Yi-Hua (TPE) / LU Yun-Feng (TPE),PENG Luyang (CHN),LU Yun-Feng (TPE),4 - 3,11:4 9:11 11:6 11:9 11:13 10:12 15:13,LI Xiaoxia,2005
Volkswagen China Open Shenzhen 2005,2005-09-15,DING Ning/LIU Shiwen,LAU Sui Fei/SONG Ah Sim,CHN,HKG,4,2,"11,9,11,11,11,11|9,11,13,8,8,9",R16,GRAND_SLAM,WD,1750,Main Draw,DING Ning (CHN) / LIU Shiwen (CHN),LAU Sui Fei (HKG) / SONG Ah Sim (HKG),LIU Shiwen (CHN),SONG Ah Sim (HKG),4 - 2,11:9 9:11 11:13 11:8 11:8 11:9,DING Ning,2005
Volkswagen China Open Shenzhen 2005,2005-09-15,DING Ning/LIU Shiwen,KWAK Bangbang/LEE Hyangmi,CHN,KOR,3,1,"12,11,9,11|10,9,11,7",QR32,GRAND_SLAM,WD,1750,Qualification,DING Ning (CHN) / LIU Shiwen (CHN),KWAK Bangbang (KOR) / LEE Hyangmi (KOR),LIU Shiwen (CHN),LEE Hyangmi (KOR),3 - 1,12:10 11:9 9:11 11:7,DING Ning,2005
Volkswagen China Open Shenzhen 2005,2005-09-15,LI Xiaoxia/PENG Luyang,JEE Minhyung/PARK Chara,CHN,AUS,3,1,"6,11,11,11|11,9,5,6",QR16,GRAND_SLAM,WD,1750,Qualification,LI Xiaoxia (CHN) / PENG Luyang (CHN),JEE Minhyung (AUS) / PARK Chara (KOR),PENG Luyang (CHN),PARK Chara (KOR),3 - 1,6:11 11:9 11:5 11:6,LI Xiaoxia,2005
Volkswagen China Open Shenzhen 2005,2005-09-15,GAO Jun/SHEN Yanfei,FAN Ying/TAN Paey Fern,USA,CHN,4,2,"12,12,10,11,10,11|10,10,12,9,12,7",QuarterFinal,GRAND_SLAM,WD,1750,Main Draw,GAO Jun (USA) / SHEN Yanfei (ESP),FAN Ying (CHN) / TAN Paey Fern (SGP),SHEN Yanfei (ESP),TAN Paey Fern (SGP),4 - 2,12:10 12:10 10:12 11:9 10:12 11:7,GAO Jun,2005
Volkswagen China Open Shenzhen 2005,2005-09-15,GUO Yue/ZHANG Yining,GAO Jun/SHEN Yanfei,CHN,USA,4,0,"11,11,11,13|9,3,8,11",SemiFinal,GRAND_SLAM,WD,1750,Main Draw,GUO Yue (CHN) / ZHANG Yining (CHN),GAO Jun (USA) / SHEN Yanfei (ESP),ZHANG Yining (CHN),SHEN Yanfei (ESP),0 - 4,9:11 3:11 8:11 11:13,GUO Yue,2005
Volkswagen China Open Shenzhen 2005,2005-09-15,GAO Jun/SHEN Yanfei,JEON Hyekyung/KIM Sooyeon,USA,KOR,3,0,"11,11,11|3,6,8",QR16,GRAND_SLAM,WD,1750,Qualification,GAO Jun (USA) / SHEN Yanfei (ESP),JEON Hyekyung (KOR) / KIM Sooyeon (KOR),SHEN Yanfei (ESP),KIM Sooyeon (KOR),3 - 0,11:3 11:6 11:8,GAO Jun,2005
Volkswagen China Open Shenzhen 2005,2005-09-15,TIE Yana/ZHANG Rui,LEE Eunhee/NAM Hyejin (1985),HKG,KOR,4,1,"11,11,11,6,11|5,6,6,11,3",R16,GRAND_SLAM,WD,1750,Main Draw,TIE Yana (HKG) / ZHANG Rui (HKG),LEE Eunhee (KOR) / NAM Hyejin (1985) (KOR),ZHANG Rui (HKG),NAM Hyejin (1985) (KOR),4 - 1,11:5 11:6 11:6 6:11 11:3,TIE Yana,2005
Volkswagen China Open Shenzhen 2005,2005-09-15,TIE Yana/ZHANG Rui,LI Xiaoxia/PENG Luyang,HKG,CHN,4,2,"7,12,11,8,11,11|11,10,4,11,7,8",QuarterFinal,GRAND_SLAM,WD,1750,Main Draw,TIE Yana (HKG) / ZHANG Rui (HKG),LI Xiaoxia (CHN) / PENG Luyang (CHN),ZHANG Rui (HKG),PENG Luyang (CHN),4 - 2,7:11 12:10 11:4 8:11 11:7 11:8,TIE Yana,2005
Volkswagen China Open Shenzhen 2005,2005-09-15,SUN Beibei/WANG Yuegu,TIE Yana/ZHANG Rui,SGP,HKG,4,2,"7,9,11,11,11,11|11,11,8,5,5,7",SemiFinal,GRAND_SLAM,WD,1750,Main Draw,SUN Beibei (SGP) / WANG Yuegu (SGP),TIE Yana (HKG) / ZHANG Rui (HKG),WANG Yuegu (SGP),ZHANG Rui (HKG),2 - 4,11:7 11:9 8:11 5:11 5:11 7:11,SUN Beibei,2005
Volkswagen China Open Shenzhen 2005,2005-09-15,LIN Ling/YU Kwok See,KAWAMURA Mai/TOGO Hime,HKG,JPN,3,2,"9,3,11,11,11|11,11,7,7,5",QR32,GRAND_SLAM,WD,1750,Qualification,LIN Ling (HKG) / YU Kwok See (HKG),KAWAMURA Mai (JPN) / TOGO Hime (JPN),YU Kwok See (HKG),TOGO Hime (JPN),2 - 3,11:9 11:3 7:11 7:11 5:11,LIN Ling,2005
Volkswagen China Open Shenzhen 2005,2005-09-15,LEE Eunhee/NAM Hyejin (1985),KONISHI An/SHIOSAKI Yuka,KOR,JPN,3,0,"11,11,11|4,8,6",QR16,GRAND_SLAM,WD,1750,Qualification,LEE Eunhee (KOR) / NAM Hyejin (1985) (KOR),KONISHI An (JPN) / SHIOSAKI Yuka (JPN),NAM Hyejin (1985) (KOR),SHIOSAKI Yuka (JPN),0 - 3,4:11 8:11 6:11,LEE Eunhee,2005
Volkswagen China Open Shenzhen 2005,2005-09-15,KIM Hyehyun/KIM Junghyun,LIN Ling/YU Kwok See,KOR,HKG,4,2,"11,11,11,11,8,11|7,13,7,4,11,9",R16,GRAND_SLAM,WD,1750,Main Draw,KIM Hyehyun (KOR) / KIM Junghyun (KOR),LIN Ling (HKG) / YU Kwok See (HKG),KIM Junghyun (KOR),YU Kwok See (HKG),4 - 2,11:7 11:13 11:7 11:4 8:11 11:9,KIM Hyehyun,2005
Volkswagen China Open Shenzhen 2005,2005-09-15,GUO Yue/ZHANG Yining,KIM Hyehyun/KIM Junghyun,CHN,KOR,4,1,"8,11,11,11,11|11,5,4,3,9",QuarterFinal,GRAND_SLAM,WD,1750,Main Draw,GUO Yue (CHN) / ZHANG Yining (CHN),KIM Hyehyun (KOR) / KIM Junghyun (KOR),ZHANG Yining (CHN),KIM Junghyun (KOR),1 - 4,11:8 5:11 4:11 3:11 9:11,GUO Yue,2005
Volkswagen China Open Shenzhen 2005,2005-09-15,KO Un Gyong/RYOM Won Ok,MOON Hyunjung/PARK Miyoung,PRK,KOR,3,1,"11,11,6,11|7,6,11,8",QR16,GRAND_SLAM,WD,1750,Qualification,KO Un Gyong (PRK) / RYOM Won Ok (PRK),MOON Hyunjung (KOR) / PARK Miyoung (KOR),RYOM Won Ok (PRK),PARK Miyoung (KOR),1 - 3,7:11 6:11 11:6 8:11,KO Un Gyong,2005
Volkswagen China Open Shenzhen 2005,2005-09-15,KO Un Gyong/RYOM Won Ok,SUEMASU Asami/TANIGUCHI Naoko,PRK,JPN,3,0,"11,11,13|7,7,11",QR32,GRAND_SLAM,WD,1750,Qualification,KO Un Gyong (PRK) / RYOM Won Ok (PRK),SUEMASU Asami (JPN) / TANIGUCHI Naoko (JPN),RYOM Won Ok (PRK),TANIGUCHI Naoko (JPN),3 - 0,11:7 11:7 13:11,KO Un Gyong,2005
Volkswagen China Open Shenzhen 2005,2005-09-15,LIN Ling/YU Kwok See,KIM Hyang Mi/KIM Mi Yong,HKG,PRK,3,1,"11,11,4,12|5,9,11,10",QR16,GRAND_SLAM,WD,1750,Qualification,LIN Ling (HKG) / YU Kwok See (HKG),KIM Hyang Mi (PRK) / KIM Mi Yong (PRK),YU Kwok See (HKG),KIM Mi Yong (PRK),1 - 3,5:11 9:11 11:4 10:12,LIN Ling,2005
Volkswagen China Open Shenzhen 2005,2005-09-15,SUN Beibei/WANG Yuegu,KO Un Gyong/RYOM Won Ok,SGP,PRK,4,2,"11,11,6,10,11,11|7,6,11,12,9,6",R16,GRAND_SLAM,WD,1750,Main Draw,SUN Beibei (SGP) / WANG Yuegu (SGP),KO Un Gyong (PRK) / RYOM Won Ok (PRK),WANG Yuegu (SGP),RYOM Won Ok (PRK),4 - 2,11:7 11:6 6:11 10:12 11:9 11:6,SUN Beibei,2005
Volkswagen China Open Shenzhen 2005,2005-09-15,FAN Ying/TAN Paey Fern,KRAMER Tanja/POTA Georgina,CHN,GER,4,1,"11,12,16,9,11|3,10,14,11,9",R16,GRAND_SLAM,WD,1750,Main Draw,FAN Ying (CHN) / TAN Paey Fern (SGP),KRAMER Tanja (GER) / POTA Georgina (HUN),TAN Paey Fern (SGP),POTA Georgina (HUN),4 - 1,11:3 12:10 16:14 9:11 11:9,FAN Ying,2005
Volkswagen China Open Shenzhen 2005,2005-09-15,GUO Yue/ZHANG Yining,LI Jiawei/ZHANG Xueling,CHN,SGP,4,3,"8,8,11,11,11,11,11|11,11,9,13,7,5,8",R16,GRAND_SLAM,WD,1750,Main Draw,GUO Yue (CHN) / ZHANG Yining (CHN),LI Jiawei (SGP) / ZHANG Xueling (SGP),ZHANG Yining (CHN),ZHANG Xueling (SGP),3 - 4,11:8 11:8 9:11 13:11 7:11 5:11 8:11,GUO Yue,2005
Volkswagen China Open Shenzhen 2005,2005-09-15,SUN Beibei/WANG Yuegu,DING Ning/LIU Shiwen,SGP,CHN,4,3,"11,11,11,5,5,9,12|6,6,8,11,11,11,10",QuarterFinal,GRAND_SLAM,WD,1750,Main Draw,SUN Beibei (SGP) / WANG Yuegu (SGP),DING Ning (CHN) / LIU Shiwen (CHN),WANG Yuegu (SGP),LIU Shiwen (CHN),4 - 3,11:6 11:6 11:8 5:11 5:11 9:11 12:10,SUN Beibei,2005
Volkswagen China Open Shenzhen 2005,2005-09-15,GUO Yue/ZHANG Yining,SUN Beibei/WANG Yuegu,CHN,SGP,4,1,"11,11,11,9,11|8,8,6,11,4",Final,GRAND_SLAM,WD,1750,Main Draw,GUO Yue (CHN) / ZHANG Yining (CHN),SUN Beibei (SGP) / WANG Yuegu (SGP),ZHANG Yining (CHN),WANG Yuegu (SGP),1 - 4,8:11 8:11 6:11 11:9 4:11,GUO Yue,2005
Volkswagen China Open Shenzhen 2005,2005-09-15,LI Jiawei/ZHANG Xueling,DVORAK Galia/MUANGSUK Anisara,SGP,ESP,3,1,"13,5,11,11|11,11,4,2",QR16,GRAND_SLAM,WD,1750,Qualification,LI Jiawei (SGP) / ZHANG Xueling (SGP),DVORAK Galia (ESP) / MUANGSUK Anisara (THA),ZHANG Xueling (SGP),MUANGSUK Anisara (THA),3 - 1,13:11 5:11 11:4 11:2,LI Jiawei,2005
Volkswagen China Open Shenzhen 2005,2005-09-15,FAN Ying/TAN Paey Fern,ETSUZAKI Ayumi/OHATA Nahoko,CHN,JPN,3,0,"11,11,11|3,4,6",QR16,GRAND_SLAM,WD,1750,Qualification,FAN Ying (CHN) / TAN Paey Fern (SGP),ETSUZAKI Ayumi (JPN) / OHATA Nahoko (JPN),TAN Paey Fern (SGP),OHATA Nahoko (JPN),3 - 0,11:3 11:4 11:6,FAN Ying,2005
Panasonic China Open Harbin 2005,2005-09-08,MA Long,JANG Song Man,CHN,PRK,4,1,"12,13,11,5,11|10,11,7,11,9",,GRAND_SLAM,MS,1751,Qualification,MA Long (CHN),JANG Song Man (PRK),,,4 - 1,12:10 13:11 11:7 5:11 11:9,MA Long,2005
Panasonic China Open Harbin 2005,2005-09-08,MA Long,SHIMOYAMA Takanori,CHN,JPN,4,0,"11,11,11,11|2,4,3,5",QR2,GRAND_SLAM,MS,1751,Qualification,MA Long (CHN),SHIMOYAMA Takanori (JPN),,,4 - 0,11:2 11:4 11:3 11:5,MA Long,2005
Panasonic China Open Harbin 2005,2005-09-08,JANG Song Man,SHIMOYAMA Takanori,PRK,JPN,4,2,"3,11,11,3,11,11|11,4,8,11,8,4",3,GRAND_SLAM,MS,1751,Qualification,JANG Song Man (PRK),SHIMOYAMA Takanori (JPN),,,2 - 4,11:3 4:11 8:11 11:3 8:11 4:11,JANG Song Man,2005
Panasonic China Open Harbin 2005,2005-09-08,MONTEIRO Joao,OYA Hidetoshi,POR,JPN,4,0,"11,11,11,13|8,8,8,11",,GRAND_SLAM,MS,1751,Qualification,MONTEIRO Joao (POR),OYA Hidetoshi (JPN),,,4 - 0,11:8 11:8 11:8 13:11,MONTEIRO Joao,2005
Panasonic China Open Harbin 2005,2005-09-08,AN Chol Yong,MONTEIRO Joao,PRK,POR,4,3,"2,11,6,12,11,11,12|11,8,11,14,7,6,10",QR2,GRAND_SLAM,MS,1751,Qualification,AN Chol Yong (PRK),MONTEIRO Joao (POR),,,3 - 4,11:2 8:11 11:6 14:12 7:11 6:11 10:12,AN Chol Yong,2005
Panasonic China Open Harbin 2005,2005-09-08,AN Chol Yong,OYA Hidetoshi,PRK,JPN,4,3,"6,6,11,11,10,11,11|11,11,9,8,12,8,5",3,GRAND_SLAM,MS,1751,Qualification,AN Chol Yong (PRK),OYA Hidetoshi (JPN),,,4 - 3,6:11 6:11 11:9 11:8 10:12 11:8 11:5,AN Chol Yong,2005
Panasonic China Open Harbin 2005,2005-09-08,LEE Jinkwon,MATSUDAIRA Kenta,KOR,JPN,4,1,"15,11,9,11,11|13,7,11,1,9",,GRAND_SLAM,MS,1751,Qualification,LEE Jinkwon (KOR),MATSUDAIRA Kenta (JPN),,,4 - 1,15:13 11:7 9:11 11:1 11:9,LEE Jinkwon,2005
Panasonic China Open Harbin 2005,2005-09-08,LEE Jinkwon,RI Chol Guk,KOR,PRK,4,2,"7,11,11,11,9,12|11,9,7,5,11,10",QR2,GRAND_SLAM,MS,1751,Qualification,LEE Jinkwon (KOR),RI Chol Guk (PRK),,,4 - 2,7:11 11:9 11:7 11:5 9:11 12:10,LEE Jinkwon,2005
Panasonic China Open Harbin 2005,2005-09-08,RI Chol Guk,MATSUDAIRA Kenta,PRK,JPN,4,1,"14,11,11,9,11|12,8,5,11,8",3,GRAND_SLAM,MS,1751,Qualification,RI Chol Guk (PRK),MATSUDAIRA Kenta (JPN),,,4 - 1,14:12 11:8 11:5 9:11 11:8,RI Chol Guk,2005
Panasonic China Open Harbin 2005,2005-09-08,NILSSON Peter,TSE Ka Chun,SWE,HKG,4,0,"11,11,12,11|5,7,10,9",,GRAND_SLAM,MS,1751,Qualification,NILSSON Peter (SWE),TSE Ka Chun (HKG),,,4 - 0,11:5 11:7 12:10 11:9,NILSSON Peter,2005
Panasonic China Open Harbin 2005,2005-09-08,NILSSON Peter,DURAN Marc,SWE,ESP,4,2,"9,7,11,14,11,12|11,11,5,12,6,10",QR2,GRAND_SLAM,MS,1751,Qualification,NILSSON Peter (SWE),DURAN Marc (ESP),,,4 - 2,9:11 7:11 11:5 14:12 11:6 12:10,NILSSON Peter,2005
Panasonic China Open Harbin 2005,2005-09-08,DURAN Marc,TSE Ka Chun,ESP,HKG,4,2,"11,6,11,11,7,11|6,11,7,9,11,6",3,GRAND_SLAM,MS,1751,Qualification,DURAN Marc (ESP),TSE Ka Chun (HKG),,,4 - 2,11:6 6:11 11:7 11:9 7:11 11:6,DURAN Marc,2005
Panasonic China Open Harbin 2005,2005-09-08,CARNEROS Alfredo,LIU Zhongze,ESP,SGP,4,1,"9,11,11,11,12|11,9,9,9,10",,GRAND_SLAM,MS,1751,Qualification,CARNEROS Alfredo (ESP),LIU Zhongze (SGP),,,4 - 1,9:11 11:9 11:9 11:9 12:10,CARNEROS Alfredo,2005
Panasonic China Open Harbin 2005,2005-09-08,TOKIYOSHI Yuichi,CARNEROS Alfredo,JPN,ESP,4,3,"5,9,14,12,9,11,11|11,11,12,10,11,8,9",QR2,GRAND_SLAM,MS,1751,Qualification,TOKIYOSHI Yuichi (JPN),CARNEROS Alfredo (ESP),,,3 - 4,11:5 11:9 12:14 10:12 11:9 8:11 9:11,TOKIYOSHI Yuichi,2005
Panasonic China Open Harbin 2005,2005-09-08,TOKIYOSHI Yuichi,LIU Zhongze,JPN,SGP,4,2,"11,3,11,11,11,14|8,11,8,13,9,12",3,GRAND_SLAM,MS,1751,Qualification,TOKIYOSHI Yuichi (JPN),LIU Zhongze (SGP),,,4 - 2,11:8 3:11 11:8 11:13 11:9 14:12,TOKIYOSHI Yuichi,2005
Panasonic China Open Harbin 2005,2005-09-08,RI Kwang Il,CAI Xiaoli,PRK,SGP,4,1,"5,11,11,11,11|11,7,5,9,6",,GRAND_SLAM,MS,1751,Qualification,RI Kwang Il (PRK),CAI Xiaoli (SGP),,,1 - 4,11:5 7:11 5:11 9:11 6:11,RI Kwang Il,2005
Panasonic China Open Harbin 2005,2005-09-08,LEE Jungsam,CAI Xiaoli,KOR,SGP,4,2,"11,8,8,11,11,11|6,11,11,2,3,9",QR2,GRAND_SLAM,MS,1751,Qualification,LEE Jungsam (KOR),CAI Xiaoli (SGP),,,2 - 4,6:11 11:8 11:8 2:11 3:11 9:11,LEE Jungsam,2005
Panasonic China Open Harbin 2005,2005-09-08,LEE Jungsam,RI Kwang Il,KOR,PRK,4,1,"6,11,11,11,11|11,9,4,9,5",3,GRAND_SLAM,MS,1751,Qualification,LEE Jungsam (KOR),RI Kwang Il (PRK),,,4 - 1,6:11 11:9 11:4 11:9 11:5,LEE Jungsam,2005
Panasonic China Open Harbin 2005,2005-09-08,MITAMURA Muneaki,MA Liang,JPN,SGP,4,2,"11,5,11,3,11,11|9,11,8,11,4,7",,GRAND_SLAM,MS,1751,Qualification,MITAMURA Muneaki (JPN),MA Liang (SGP),,,4 - 2,11:9 5:11 11:8 3:11 11:4 11:7,MITAMURA Muneaki,2005
Panasonic China Open Harbin 2005,2005-09-08,KIM Junghoon,MITAMURA Muneaki,KOR,JPN,4,3,"11,12,11,9,9,11,11|13,10,7,11,11,6,6",QR2,GRAND_SLAM,MS,1751,Qualification,KIM Junghoon (KOR),MITAMURA Muneaki (JPN),,,3 - 4,13:11 10:12 7:11 11:9 11:9 6:11 6:11,KIM Junghoon,2005
Panasonic China Open Harbin 2005,2005-09-08,KIM Junghoon,MA Liang,KOR,SGP,4,0,"11,11,11,11|5,7,6,7",3,GRAND_SLAM,MS,1751,Qualification,KIM Junghoon (KOR),MA Liang (SGP),,,4 - 0,11:5 11:7 11:6 11:7,KIM Junghoon,2005
Panasonic China Open Harbin 2005,2005-09-08,KIM Hyok Bong,ZHANG Wilson,PRK,CAN,4,1,"11,10,11,11,11|6,12,7,2,5",,GRAND_SLAM,MS,1751,Qualification,KIM Hyok Bong (PRK),ZHANG Wilson (CAN),,,4 - 1,11:6 10:12 11:7 11:2 11:5,KIM Hyok Bong,2005
Panasonic China Open Harbin 2005,2005-09-08,KIM Hyok Bong,MACHADO Carlos,PRK,ESP,4,0,"11,14,13,11|8,12,11,5",QR2,GRAND_SLAM,MS,1751,Qualification,KIM Hyok Bong (PRK),MACHADO Carlos (ESP),,,4 - 0,11:8 14:12 13:11 11:5,KIM Hyok Bong,2005
Panasonic China Open Harbin 2005,2005-09-08,ZHANG Wilson,MACHADO Carlos,CAN,ESP,4,1,"11,11,11,7,13|9,7,8,11,11",3,GRAND_SLAM,MS,1751,Qualification,ZHANG Wilson (CAN),MACHADO Carlos (ESP),,,1 - 4,9:11 7:11 8:11 11:7 11:13,ZHANG Wilson,2005
Panasonic China Open Harbin 2005,2005-09-08,WANG Liqin,ZHANG Wilson,CHN,CAN,4,0,"11,11,11,11|2,9,6,6",R32,GRAND_SLAM,MS,1751,Main Draw,WANG Liqin (CHN),ZHANG Wilson (CAN),,,4 - 0,11:2 11:9 11:6 11:6,WANG Liqin,2005
Panasonic China Open Harbin 2005,2005-09-08,LEE Jinkwon,AXELQVIST Johan,KOR,SWE,4,1,"13,15,11,11,12|11,17,9,5,10",R32,GRAND_SLAM,MS,1751,Main Draw,LEE Jinkwon (KOR),AXELQVIST Johan (SWE),,,4 - 1,13:11 15:17 11:9 11:5 12:10,LEE Jinkwon,2005
Panasonic China Open Harbin 2005,2005-09-08,KIM Hyok Bong,CHO Eonrae,PRK,KOR,4,0,"11,11,11,11|6,4,6,6",R32,GRAND_SLAM,MS,1751,Main Draw,KIM Hyok Bong (PRK),CHO Eonrae (KOR),,,0 - 4,6:11 4:11 6:11 6:11,KIM Hyok Bong,2005
Panasonic China Open Harbin 2005,2005-09-08,KONG Linghui,RI Kwang Il,CHN,PRK,4,0,"11,12,11,11|7,10,7,8",R32,GRAND_SLAM,MS,1751,Main Draw,KONG Linghui (CHN),RI Kwang Il (PRK),,,0 - 4,7:11 10:12 7:11 8:11,KONG Linghui,2005
Panasonic China Open Harbin 2005,2005-09-08,LI Ching,RI Chol Guk,HKG,PRK,4,2,"14,11,12,11,8,11|16,7,10,8,11,7",R32,GRAND_SLAM,MS,1751,Main Draw,LI Ching (HKG),RI Chol Guk (PRK),,,4 - 2,14:16 11:7 12:10 11:8 8:11 11:7,LI Ching,2005
Panasonic China Open Harbin 2005,2005-09-08,YOON Jaeyoung,MA Long,KOR,CHN,4,3,"11,7,10,11,11,9,12|8,11,12,8,7,11,10",R32,GRAND_SLAM,MS,1751,Main Draw,YOON Jaeyoung (KOR),MA Long (CHN),,,3 - 4,8:11 11:7 12:10 8:11 7:11 11:9 10:12,YOON Jaeyoung,2005
Panasonic China Open Harbin 2005,2005-09-08,LIM Jaehyun,NILSSON Peter,KOR,SWE,4,3,"11,11,11,7,6,9,11|4,8,7,11,11,11,8",R32,GRAND_SLAM,MS,1751,Main Draw,LIM Jaehyun (KOR),NILSSON Peter (SWE),,,4 - 3,11:4 11:8 11:7 7:11 6:11 9:11 11:8,LIM Jaehyun,2005
Panasonic China Open Harbin 2005,2005-09-08,WANG Hao,CARNEROS Alfredo,CHN,ESP,4,2,"11,11,11,9,11,11|8,9,7,11,13,7",R32,GRAND_SLAM,MS,1751,Main Draw,WANG Hao (CHN),CARNEROS Alfredo (ESP),,,2 - 4,8:11 9:11 7:11 11:9 13:11 7:11,WANG Hao,2005
Panasonic China Open Harbin 2005,2005-09-08,CHEN Qi,JANG Song Man,CHN,PRK,4,1,"11,7,11,11,11|8,11,8,6,0",R32,GRAND_SLAM,MS,1751,Main Draw,CHEN Qi (CHN),JANG Song Man (PRK),,,4 - 1,11:8 7:11 11:8 11:6 11:0,CHEN Qi,2005
Panasonic China Open Harbin 2005,2005-09-08,YANG Zi,AN Chol Yong,SGP,PRK,4,3,"4,11,5,8,11,13,14|11,2,11,11,8,11,12",R32,GRAND_SLAM,MS,1751,Main Draw,YANG Zi (SGP),AN Chol Yong (PRK),,,3 - 4,11:4 2:11 11:5 11:8 8:11 11:13 12:14,YANG Zi,2005
Panasonic China Open Harbin 2005,2005-09-08,KIM Junghoon,TAN Ruiwu,KOR,CRO,4,1,"6,11,11,11,11|11,6,7,6,6",R32,GRAND_SLAM,MS,1751,Main Draw,KIM Junghoon (KOR),TAN Ruiwu (CRO),,,1 - 4,11:6 6:11 7:11 6:11 6:11,KIM Junghoon,2005
Panasonic China Open Harbin 2005,2005-09-08,KO Lai Chak,DURAN Marc,HKG,ESP,4,2,"8,11,10,11,11,11|11,4,12,3,5,3",R32,GRAND_SLAM,MS,1751,Main Draw,KO Lai Chak (HKG),DURAN Marc (ESP),,,2 - 4,11:8 4:11 12:10 3:11 5:11 3:11,KO Lai Chak,2005
Panasonic China Open Harbin 2005,2005-09-08,LEE Jungwoo,MONTEIRO Joao,KOR,POR,4,0,"11,11,14,11|8,7,12,3",R32,GRAND_SLAM,MS,1751,Main Draw,LEE Jungwoo (KOR),MONTEIRO Joao (POR),,,4 - 0,11:8 11:7 14:12 11:3,LEE Jungwoo,2005
Panasonic China Open Harbin 2005,2005-09-08,LEE Jungsam,YOSHIDA Kaii,KOR,JPN,4,0,"12,11,11,11|10,9,9,9",R32,GRAND_SLAM,MS,1751,Main Draw,LEE Jungsam (KOR),YOSHIDA Kaii (JPN),,,4 - 0,12:10 11:9 11:9 11:9,LEE Jungsam,2005
Panasonic China Open Harbin 2005,2005-09-08,CHO Jihoon,TOKIYOSHI Yuichi,KOR,JPN,4,1,"11,11,11,2,11|5,7,6,11,7",R32,GRAND_SLAM,MS,1751,Main Draw,CHO Jihoon (KOR),TOKIYOSHI Yuichi (JPN),,,4 - 1,11:5 11:7 11:6 2:11 11:7,CHO Jihoon,2005
Panasonic China Open Harbin 2005,2005-09-08,MA Lin,MITAMURA Muneaki,CHN,JPN,4,0,"13,11,11,11|11,3,7,5",R32,GRAND_SLAM,MS,1751,Main Draw,MA Lin (CHN),MITAMURA Muneaki (JPN),,,0 - 4,11:13 3:11 7:11 5:11,MA Lin,2005
Panasonic China Open Harbin 2005,2005-09-08,WANG Liqin,LEE Jinkwon,CHN,KOR,4,1,"6,11,11,11,11|11,7,8,8,7",R16,GRAND_SLAM,MS,1751,Main Draw,WANG Liqin (CHN),LEE Jinkwon (KOR),,,4 - 1,6:11 11:7 11:8 11:8 11:7,WANG Liqin,2005
Panasonic China Open Harbin 2005,2005-09-08,KONG Linghui,KIM Hyok Bong,CHN,PRK,4,0,"12,11,11,14|10,6,7,12",R16,GRAND_SLAM,MS,1751,Main Draw,KONG Linghui (CHN),KIM Hyok Bong (PRK),,,0 - 4,10:12 6:11 7:11 12:14,KONG Linghui,2005
Panasonic China Open Harbin 2005,2005-09-08,YOON Jaeyoung,LI Ching,KOR,HKG,4,3,"11,9,11,6,11,4,11|9,11,8,11,8,11,4",R16,GRAND_SLAM,MS,1751,Main Draw,YOON Jaeyoung (KOR),LI Ching (HKG),,,3 - 4,9:11 11:9 8:11 11:6 8:11 11:4 4:11,YOON Jaeyoung,2005
Panasonic China Open Harbin 2005,2005-09-08,WANG Hao,LIM Jaehyun,CHN,KOR,4,0,"11,11,11,11|7,8,8,9",R16,GRAND_SLAM,MS,1751,Main Draw,WANG Hao (CHN),LIM Jaehyun (KOR),,,0 - 4,7:11 8:11 8:11 9:11,WANG Hao,2005
Panasonic China Open Harbin 2005,2005-09-08,YANG Zi,CHEN Qi,SGP,CHN,4,3,"11,11,10,8,11,11,11|1,6,12,11,9,13,5",R16,GRAND_SLAM,MS,1751,Main Draw,YANG Zi (SGP),CHEN Qi (CHN),,,3 - 4,1:11 6:11 12:10 11:8 9:11 13:11 5:11,YANG Zi,2005
Panasonic China Open Harbin 2005,2005-09-08,KO Lai Chak,KIM Junghoon,HKG,KOR,4,0,"11,11,11,11|9,6,8,6",R16,GRAND_SLAM,MS,1751,Main Draw,KO Lai Chak (HKG),KIM Junghoon (KOR),,,0 - 4,9:11 6:11 8:11 6:11,KO Lai Chak,2005
Panasonic China Open Harbin 2005,2005-09-08,LEE Jungwoo,LEE Jungsam,KOR,KOR,4,2,"11,11,11,11,5,11|7,5,13,3,11,4",R16,GRAND_SLAM,MS,1751,Main Draw,LEE Jungwoo (KOR),LEE Jungsam (KOR),,,4 - 2,11:7 11:5 11:13 11:3 5:11 11:4,LEE Jungwoo,2005
Panasonic China Open Harbin 2005,2005-09-08,MA Lin,CHO Jihoon,CHN,KOR,4,0,"12,11,11,11|10,9,5,6",R16,GRAND_SLAM,MS,1751,Main Draw,MA Lin (CHN),CHO Jihoon (KOR),,,0 - 4,10:12 9:11 5:11 6:11,MA Lin,2005
Panasonic China Open Harbin 2005,2005-09-08,WANG Liqin,KONG Linghui,CHN,CHN,4,1,"11,11,8,11,11|6,8,11,3,6",QuarterFinal,GRAND_SLAM,MS,1751,Main Draw,WANG Liqin (CHN),KONG Linghui (CHN),,,4 - 1,11:6 11:8 8:11 11:3 11:6,WANG Liqin,2005
Panasonic China Open Harbin 2005,2005-09-08,WANG Hao,YOON Jaeyoung,CHN,KOR,4,0,"11,11,11,11|6,8,8,5",QuarterFinal,GRAND_SLAM,MS,1751,Main Draw,WANG Hao (CHN),YOON Jaeyoung (KOR),,,0 - 4,6:11 8:11 8:11 5:11,WANG Hao,2005
Panasonic China Open Harbin 2005,2005-09-08,KO Lai Chak,YANG Zi,HKG,SGP,4,2,"11,11,14,7,8,11|8,5,12,11,11,6",QuarterFinal,GRAND_SLAM,MS,1751,Main Draw,KO Lai Chak (HKG),YANG Zi (SGP),,,2 - 4,8:11 5:11 12:14 11:7 11:8 6:11,KO Lai Chak,2005
Panasonic China Open Harbin 2005,2005-09-08,LEE Jungwoo,MA Lin,KOR,CHN,4,0,"11,11,11,13|9,9,5,11",QuarterFinal,GRAND_SLAM,MS,1751,Main Draw,LEE Jungwoo (KOR),MA Lin (CHN),,,4 - 0,11:9 11:9 11:5 13:11,LEE Jungwoo,2005
Panasonic China Open Harbin 2005,2005-09-08,WANG Liqin,WANG Hao,CHN,CHN,4,2,"8,11,11,9,11,11|11,4,3,11,1,5",SemiFinal,GRAND_SLAM,MS,1751,Main Draw,WANG Liqin (CHN),WANG Hao (CHN),,,4 - 2,8:11 11:4 11:3 9:11 11:1 11:5,WANG Liqin,2005
Panasonic China Open Harbin 2005,2005-09-08,LEE Jungwoo,KO Lai Chak,KOR,HKG,4,1,"11,13,8,13,13|7,11,11,11,11",SemiFinal,GRAND_SLAM,MS,1751,Main Draw,LEE Jungwoo (KOR),KO Lai Chak (HKG),,,1 - 4,7:11 11:13 11:8 11:13 11:13,LEE Jungwoo,2005
Panasonic China Open Harbin 2005,2005-09-08,WANG Liqin,LEE Jungwoo,CHN,KOR,4,1,"11,6,11,11,11|8,11,5,8,8",Final,GRAND_SLAM,MS,1751,Main Draw,WANG Liqin (CHN),LEE Jungwoo (KOR),,,4 - 1,11:8 6:11 11:5 11:8 11:8,WANG Liqin,2005
Panasonic China Open Harbin 2005,2005-09-08,LEE Jinkwon,AN Chol Yong,KOR,PRK,3,2,"6,11,3,11,12|11,8,11,7,10",3,GRAND_SLAM,U21MS,1751,Qualification,LEE Jinkwon (KOR),AN Chol Yong (PRK),,,3 - 2,6:11 11:8 3:11 11:7 12:10,LEE Jinkwon,2005
Panasonic China Open Harbin 2005,2005-09-08,AN Chol Yong,MATSUDAIRA Kenta,PRK,JPN,3,0,"12,12,12|10,7,10",5,GRAND_SLAM,U21MS,1751,Qualification,AN Chol Yong (PRK),MATSUDAIRA Kenta (JPN),,,3 - 0,12:10 12:7 12:10,AN Chol Yong,2005
Panasonic China Open Harbin 2005,2005-09-08,KIM Hyok Bong,RI Kwang Il,PRK,PRK,3,1,"11,9,11,11|7,11,3,9",,GRAND_SLAM,U21MS,1751,Qualification,KIM Hyok Bong (PRK),RI Kwang Il (PRK),,,3 - 1,11:7 9:11 11:3 11:9,KIM Hyok Bong,2005
Panasonic China Open Harbin 2005,2005-09-08,SHIMOYAMA Takanori,TSE Ka Chun,JPN,HKG,3,0,"11,11,11|7,6,8",QR2,GRAND_SLAM,U21MS,1751,Qualification,SHIMOYAMA Takanori (JPN),TSE Ka Chun (HKG),,,3 - 0,11:7 11:6 11:8,SHIMOYAMA Takanori,2005
Panasonic China Open Harbin 2005,2005-09-08,KIM Hyok Bong,SHIMOYAMA Takanori,PRK,JPN,3,0,"11,12,11|3,10,7",3,GRAND_SLAM,U21MS,1751,Qualification,KIM Hyok Bong (PRK),SHIMOYAMA Takanori (JPN),,,3 - 0,11:3 12:10 11:7,KIM Hyok Bong,2005
Panasonic China Open Harbin 2005,2005-09-08,RI Kwang Il,TSE Ka Chun,PRK,HKG,3,1,"13,11,7,11|11,8,11,6",QR4,GRAND_SLAM,U21MS,1751,Qualification,RI Kwang Il (PRK),TSE Ka Chun (HKG),,,3 - 1,13:11 11:8 7:11 11:6,RI Kwang Il,2005
Panasonic China Open Harbin 2005,2005-09-08,SHIMOYAMA Takanori,RI Kwang Il,JPN,PRK,3,2,"7,6,11,11,13|11,11,8,8,11",5,GRAND_SLAM,U21MS,1751,Qualification,SHIMOYAMA Takanori (JPN),RI Kwang Il (PRK),,,3 - 2,7:11 6:11 11:8 11:8 13:11,SHIMOYAMA Takanori,2005
Panasonic China Open Harbin 2005,2005-09-08,KIM Hyok Bong,TSE Ka Chun,PRK,HKG,3,1,"11,12,8,11|5,10,11,8",6,GRAND_SLAM,U21MS,1751,Qualification,KIM Hyok Bong (PRK),TSE Ka Chun (HKG),,,3 - 1,11:5 12:10 8:11 11:8,KIM Hyok Bong,2005
Panasonic China Open Harbin 2005,2005-09-08,LEE Jungsam,OYA Hidetoshi,KOR,JPN,3,1,"5,11,11,12|11,7,4,10",,GRAND_SLAM,U21MS,1751,Qualification,LEE Jungsam (KOR),OYA Hidetoshi (JPN),,,3 - 1,5:11 11:7 11:4 12:10,LEE Jungsam,2005
Panasonic China Open Harbin 2005,2005-09-08,RI Chol Guk,MA Liang,PRK,SGP,3,0,"11,11,11|4,4,4",QR2,GRAND_SLAM,U21MS,1751,Qualification,RI Chol Guk (PRK),MA Liang (SGP),,,3 - 0,11:4 11:4 11:4,RI Chol Guk,2005
Panasonic China Open Harbin 2005,2005-09-08,LEE Jungsam,RI Chol Guk,KOR,PRK,3,1,"11,5,11,11|8,11,7,7",3,GRAND_SLAM,U21MS,1751,Qualification,LEE Jungsam (KOR),RI Chol Guk (PRK),,,3 - 1,11:8 5:11 11:7 11:7,LEE Jungsam,2005
Panasonic China Open Harbin 2005,2005-09-08,MA Liang,OYA Hidetoshi,SGP,JPN,3,0,"11,11,11|8,3,3",QR4,GRAND_SLAM,U21MS,1751,Qualification,MA Liang (SGP),OYA Hidetoshi (JPN),,,0 - 3,8:11 3:11 3:11,MA Liang,2005
Panasonic China Open Harbin 2005,2005-09-08,RI Chol Guk,OYA Hidetoshi,PRK,JPN,3,1,"11,11,9,14|4,9,11,12",5,GRAND_SLAM,U21MS,1751,Qualification,RI Chol Guk (PRK),OYA Hidetoshi (JPN),,,3 - 1,11:4 11:9 9:11 14:12,RI Chol Guk,2005
Panasonic China Open Harbin 2005,2005-09-08,LEE Jungsam,MA Liang,KOR,SGP,3,0,"14,11,14|12,7,12",6,GRAND_SLAM,U21MS,1751,Qualification,LEE Jungsam (KOR),MA Liang (SGP),,,3 - 0,14:12 11:7 14:12,LEE Jungsam,2005
Panasonic China Open Harbin 2005,2005-09-08,JANG Song Man,DURAN Marc,PRK,ESP,3,2,"11,11,11,10,11|8,8,13,12,9",,GRAND_SLAM,U21MS,1751,Qualification,JANG Song Man (PRK),DURAN Marc (ESP),,,2 - 3,8:11 8:11 13:11 12:10 9:11,JANG Song Man,2005
Panasonic China Open Harbin 2005,2005-09-08,DURAN Marc,TOKIYOSHI Yuichi,ESP,JPN,3,2,"11,8,7,11,11|5,11,11,5,8",3,GRAND_SLAM,U21MS,1751,Qualification,DURAN Marc (ESP),TOKIYOSHI Yuichi (JPN),,,3 - 2,11:5 8:11 7:11 11:5 11:8,DURAN Marc,2005
Panasonic China Open Harbin 2005,2005-09-08,JANG Song Man,LIU Zhongze,PRK,SGP,3,1,"6,11,12,11|11,6,10,9",QR4,GRAND_SLAM,U21MS,1751,Qualification,JANG Song Man (PRK),LIU Zhongze (SGP),,,3 - 1,6:11 11:6 12:10 11:9,JANG Song Man,2005
Panasonic China Open Harbin 2005,2005-09-08,JANG Song Man,TOKIYOSHI Yuichi,PRK,JPN,3,0,"11,13,11|3,11,5",5,GRAND_SLAM,U21MS,1751,Qualification,JANG Song Man (PRK),TOKIYOSHI Yuichi (JPN),,,0 - 3,3:11 11:13 5:11,JANG Song Man,2005
Panasonic China Open Harbin 2005,2005-09-08,LIU Zhongze,DURAN Marc,SGP,ESP,3,2,"11,10,11,6,11|9,12,8,11,6",6,GRAND_SLAM,U21MS,1751,Qualification,LIU Zhongze (SGP),DURAN Marc (ESP),,,2 - 3,9:11 12:10 8:11 11:6 6:11,LIU Zhongze,2005
Panasonic China Open Harbin 2005,2005-09-08,LEE Jungsam,AN Chol Yong,KOR,PRK,4,2,"11,11,9,11,4,11|9,4,11,8,11,9",R16,GRAND_SLAM,U21MS,1751,Main Draw,LEE Jungsam (KOR),AN Chol Yong (PRK),,,4 - 2,11:9 11:4 9:11 11:8 4:11 11:9,LEE Jungsam,2005
Panasonic China Open Harbin 2005,2005-09-08,TOKIYOSHI Yuichi,JANG Song Man,JPN,PRK,4,3,"8,12,11,9,7,11,11|11,10,8,11,11,9,3",R16,GRAND_SLAM,U21MS,1751,Main Draw,TOKIYOSHI Yuichi (JPN),JANG Song Man (PRK),,,3 - 4,11:8 10:12 8:11 11:9 11:7 9:11 3:11,TOKIYOSHI Yuichi,2005
Panasonic China Open Harbin 2005,2005-09-08,LEE Jinkwon,LIM Jaehyun,KOR,KOR,4,3,"9,14,9,11,11,9,11|11,12,11,9,9,11,7",QuarterFinal,GRAND_SLAM,U21MS,1751,Main Draw,LEE Jinkwon (KOR),LIM Jaehyun (KOR),,,3 - 4,11:9 12:14 11:9 9:11 9:11 11:9 7:11,LEE Jinkwon,2005
Panasonic China Open Harbin 2005,2005-09-08,LEE Jungsam,AXELQVIST Johan,KOR,SWE,4,1,"11,6,11,11,11|5,11,7,9,7",QuarterFinal,GRAND_SLAM,U21MS,1751,Main Draw,LEE Jungsam (KOR),AXELQVIST Johan (SWE),,,4 - 1,11:5 6:11 11:7 11:9 11:7,LEE Jungsam,2005
Panasonic China Open Harbin 2005,2005-09-08,YANG Zi,TOKIYOSHI Yuichi,SGP,JPN,4,3,"12,9,11,14,6,11,11|10,11,8,16,11,6,5",QuarterFinal,GRAND_SLAM,U21MS,1751,Main Draw,YANG Zi (SGP),TOKIYOSHI Yuichi (JPN),,,3 - 4,10:12 11:9 8:11 16:14 11:6 6:11 5:11,YANG Zi,2005
Panasonic China Open Harbin 2005,2005-09-08,LEE Jinkwon,LEE Jungsam,KOR,KOR,4,1,"11,9,11,11,11|9,11,7,8,4",SemiFinal,GRAND_SLAM,U21MS,1751,Main Draw,LEE Jinkwon (KOR),LEE Jungsam (KOR),,,4 - 1,11:9 9:11 11:7 11:8 11:4,LEE Jinkwon,2005
Panasonic China Open Harbin 2005,2005-09-08,KIM Hyok Bong,YANG Zi,PRK,SGP,4,3,"4,11,12,4,11,9,11|11,5,10,11,9,11,8",SemiFinal,GRAND_SLAM,U21MS,1751,Main Draw,KIM Hyok Bong (PRK),YANG Zi (SGP),,,4 - 3,4:11 11:5 12:10 4:11 11:9 9:11 11:8,KIM Hyok Bong,2005
Panasonic China Open Harbin 2005,2005-09-08,LEE Jinkwon,KIM Hyok Bong,KOR,PRK,4,2,"11,11,7,13,5,11|6,5,11,11,11,9",Final,GRAND_SLAM,U21MS,1751,Main Draw,LEE Jinkwon (KOR),KIM Hyok Bong (PRK),,,4 - 2,11:6 11:5 7:11 13:11 5:11 11:9,LEE Jinkwon,2005
Panasonic China Open Harbin 2005,2005-09-08,SHEN Yanfei,LEE Hyangmi,ESP,KOR,4,3,"12,11,11,7,7,9,11|10,9,3,11,11,11,8",,GRAND_SLAM,WS,1751,Qualification,SHEN Yanfei (ESP),LEE Hyangmi (KOR),,,4 - 3,12:10 11:9 11:3 7:11 7:11 9:11 11:8,SHEN Yanfei,2005
Panasonic China Open Harbin 2005,2005-09-08,SHEN Yanfei,HAN Hye Song,ESP,PRK,4,0,"11,11,11,11|9,5,7,9",QR2,GRAND_SLAM,WS,1751,Qualification,SHEN Yanfei (ESP),HAN Hye Song (PRK),,,4 - 0,11:9 11:5 11:7 11:9,SHEN Yanfei,2005
Panasonic China Open Harbin 2005,2005-09-08,HAN Hye Song,LEE Hyangmi,PRK,KOR,4,1,"11,11,11,9,11|6,6,7,11,8",3,GRAND_SLAM,WS,1751,Qualification,HAN Hye Song (PRK),LEE Hyangmi (KOR),,,4 - 1,11:6 11:6 11:7 9:11 11:8,HAN Hye Song,2005
Panasonic China Open Harbin 2005,2005-09-08,PENG Luyang,RYOM Won Ok,CHN,PRK,4,0,"11,11,11,13|4,9,7,11",,GRAND_SLAM,WS,1751,Qualification,PENG Luyang (CHN),RYOM Won Ok (PRK),,,4 - 0,11:4 11:9 11:7 13:11,PENG Luyang,2005
Panasonic China Open Harbin 2005,2005-09-08,PENG Luyang,SUEMASU Asami,CHN,JPN,4,0,"11,12,11,14|7,10,7,12",QR2,GRAND_SLAM,WS,1751,Qualification,PENG Luyang (CHN),SUEMASU Asami (JPN),,,4 - 0,11:7 12:10 11:7 14:12,PENG Luyang,2005
Panasonic China Open Harbin 2005,2005-09-08,RYOM Won Ok,SUEMASU Asami,PRK,JPN,4,3,"9,10,11,7,14,12,11|11,12,7,11,12,10,8",3,GRAND_SLAM,WS,1751,Qualification,RYOM Won Ok (PRK),SUEMASU Asami (JPN),,,3 - 4,11:9 12:10 7:11 11:7 12:14 10:12 8:11,RYOM Won Ok,2005
Panasonic China Open Harbin 2005,2005-09-08,YOON Sunae,ZHANG Xueling,KOR,SGP,4,1,"5,11,11,11,11|11,9,2,5,3",,GRAND_SLAM,WS,1751,Qualification,YOON Sunae (KOR),ZHANG Xueling (SGP),,,1 - 4,11:5 9:11 2:11 5:11 3:11,YOON Sunae,2005
Panasonic China Open Harbin 2005,2005-09-08,ZHANG Xueling,ETSUZAKI Ayumi,SGP,JPN,4,3,"6,11,11,12,11,3,11|11,7,7,14,7,11,7",QR2,GRAND_SLAM,WS,1751,Qualification,ZHANG Xueling (SGP),ETSUZAKI Ayumi (JPN),,,4 - 3,6:11 11:7 11:7 12:14 11:7 3:11 11:7,ZHANG Xueling,2005
Panasonic China Open Harbin 2005,2005-09-08,YOON Sunae,ETSUZAKI Ayumi,KOR,JPN,4,3,"2,11,11,11,9,7,11|11,4,3,6,11,11,7",3,GRAND_SLAM,WS,1751,Qualification,YOON Sunae (KOR),ETSUZAKI Ayumi (JPN),,,3 - 4,11:2 4:11 3:11 6:11 11:9 11:7 7:11,YOON Sunae,2005
Panasonic China Open Harbin 2005,2005-09-08,KONISHI An,DVORAK Galia,JPN,ESP,4,0,"11,11,11,11|8,7,8,2",,GRAND_SLAM,WS,1751,Qualification,KONISHI An (JPN),DVORAK Galia (ESP),,,4 - 0,11:8 11:7 11:8 11:2,KONISHI An,2005
Panasonic China Open Harbin 2005,2005-09-08,PARK Seonghye,JEE Minhyung,KOR,AUS,4,2,"18,15,7,8,11,11|16,13,11,11,5,6",QR2,GRAND_SLAM,WS,1751,Qualification,PARK Seonghye (KOR),JEE Minhyung (AUS),,,2 - 4,16:18 13:15 11:7 11:8 5:11 6:11,PARK Seonghye,2005
Panasonic China Open Harbin 2005,2005-09-08,KONISHI An,JEE Minhyung,JPN,AUS,4,0,"11,11,16,11|6,9,14,9",3,GRAND_SLAM,WS,1751,Qualification,KONISHI An (JPN),JEE Minhyung (AUS),,,4 - 0,11:6 11:9 16:14 11:9,KONISHI An,2005
Panasonic China Open Harbin 2005,2005-09-08,PARK Seonghye,DVORAK Galia,KOR,ESP,4,3,"4,11,8,11,11,9,13|11,4,11,9,9,11,11",QR4,GRAND_SLAM,WS,1751,Qualification,PARK Seonghye (KOR),DVORAK Galia (ESP),,,3 - 4,11:4 4:11 11:8 9:11 9:11 11:9 11:13,PARK Seonghye,2005
Panasonic China Open Harbin 2005,2005-09-08,DVORAK Galia,JEE Minhyung,ESP,AUS,4,3,"11,12,8,7,11,7,11|9,10,11,11,5,11,9",5,GRAND_SLAM,WS,1751,Qualification,DVORAK Galia (ESP),JEE Minhyung (AUS),,,3 - 4,9:11 10:12 11:8 11:7 5:11 11:7 9:11,DVORAK Galia,2005
Panasonic China Open Harbin 2005,2005-09-08,KONISHI An,PARK Seonghye,JPN,KOR,4,0,"11,11,11,11|8,4,4,8",6,GRAND_SLAM,WS,1751,Qualification,KONISHI An (JPN),PARK Seonghye (KOR),,,4 - 0,11:8 11:4 11:4 11:8,KONISHI An,2005
Panasonic China Open Harbin 2005,2005-09-08,CHANG Chenchen,FUJITA Yuki,CHN,JPN,4,1,"11,9,11,11,11|3,11,7,7,4",,GRAND_SLAM,WS,1751,Qualification,CHANG Chenchen (CHN),FUJITA Yuki (JPN),,,4 - 1,11:3 9:11 11:7 11:7 11:4,CHANG Chenchen,2005
Panasonic China Open Harbin 2005,2005-09-08,KIM Junghyun,MOON Bosun,KOR,KOR,4,1,"11,11,12,4,15|9,5,10,11,13",QR2,GRAND_SLAM,WS,1751,Qualification,KIM Junghyun (KOR),MOON Bosun (KOR),,,4 - 1,11:9 11:5 12:10 4:11 15:13,KIM Junghyun,2005
Panasonic China Open Harbin 2005,2005-09-08,CHANG Chenchen,KIM Junghyun,CHN,KOR,4,0,"11,11,11,11|5,6,8,9",3,GRAND_SLAM,WS,1751,Qualification,CHANG Chenchen (CHN),KIM Junghyun (KOR),,,4 - 0,11:5 11:6 11:8 11:9,CHANG Chenchen,2005
Panasonic China Open Harbin 2005,2005-09-08,FUJITA Yuki,MOON Bosun,JPN,KOR,4,1,"11,11,8,11,11|6,9,11,4,4",QR4,GRAND_SLAM,WS,1751,Qualification,FUJITA Yuki (JPN),MOON Bosun (KOR),,,4 - 1,11:6 11:9 8:11 11:4 11:4,FUJITA Yuki,2005
Panasonic China Open Harbin 2005,2005-09-08,KIM Junghyun,FUJITA Yuki,KOR,JPN,4,2,"11,8,11,7,12,11|8,11,8,11,10,6",5,GRAND_SLAM,WS,1751,Qualification,KIM Junghyun (KOR),FUJITA Yuki (JPN),,,4 - 2,11:8 8:11 11:8 7:11 12:10 11:6,KIM Junghyun,2005
Panasonic China Open Harbin 2005,2005-09-08,CHANG Chenchen,MOON Bosun,CHN,KOR,4,1,"11,11,11,8,11|3,4,9,11,4",6,GRAND_SLAM,WS,1751,Qualification,CHANG Chenchen (CHN),MOON Bosun (KOR),,,4 - 1,11:3 11:4 11:9 8:11 11:4,CHANG Chenchen,2005
Panasonic China Open Harbin 2005,2005-09-08,FUJII Hiroko,SHIN Soohee,JPN,KOR,4,1,"11,11,12,5,11|4,9,10,11,5",,GRAND_SLAM,WS,1751,Qualification,FUJII Hiroko (JPN),SHIN Soohee (KOR),,,4 - 1,11:4 11:9 12:10 5:11 11:5,FUJII Hiroko,2005
Panasonic China Open Harbin 2005,2005-09-08,LI Qiangbing,XU Chris,AUT,CAN,4,1,"6,11,11,11,11|11,6,7,8,1",QR2,GRAND_SLAM,WS,1751,Qualification,LI Qiangbing (AUT),XU Chris (CAN),,,4 - 1,6:11 11:6 11:7 11:8 11:1,LI Qiangbing,2005
Panasonic China Open Harbin 2005,2005-09-08,FUJII Hiroko,LI Qiangbing,JPN,AUT,4,3,"13,10,11,8,8,11,11|11,12,7,11,11,8,7",3,GRAND_SLAM,WS,1751,Qualification,FUJII Hiroko (JPN),LI Qiangbing (AUT),,,4 - 3,13:11 10:12 11:7 8:11 8:11 11:8 11:7,FUJII Hiroko,2005
Panasonic China Open Harbin 2005,2005-09-08,SHIN Soohee,XU Chris,KOR,CAN,4,0,"11,11,11,11|4,5,5,9",QR4,GRAND_SLAM,WS,1751,Qualification,SHIN Soohee (KOR),XU Chris (CAN),,,4 - 0,11:4 11:5 11:5 11:9,SHIN Soohee,2005
Panasonic China Open Harbin 2005,2005-09-08,LI Qiangbing,SHIN Soohee,AUT,KOR,4,1,"11,11,11,10,11|8,7,2,12,9",5,GRAND_SLAM,WS,1751,Qualification,LI Qiangbing (AUT),SHIN Soohee (KOR),,,4 - 1,11:8 11:7 11:2 10:12 11:9,LI Qiangbing,2005
Panasonic China Open Harbin 2005,2005-09-08,FUJII Hiroko,XU Chris,JPN,CAN,4,0,"11,11,11,11|1,7,8,7",6,GRAND_SLAM,WS,1751,Qualification,FUJII Hiroko (JPN),XU Chris (CAN),,,4 - 0,11:1 11:7 11:8 11:7,FUJII Hiroko,2005
Panasonic China Open Harbin 2005,2005-09-08,KO Un Gyong,KANAZAWA Saki,PRK,JPN,4,2,"7,11,5,11,11,11|11,9,11,7,8,6",,GRAND_SLAM,WS,1751,Qualification,KO Un Gyong (PRK),KANAZAWA Saki (JPN),,,2 - 4,11:7 9:11 11:5 7:11 8:11 6:11,KO Un Gyong,2005
Panasonic China Open Harbin 2005,2005-09-08,KIM Hyehyun,JUN Hyunsil,KOR,KOR,4,2,"5,12,11,11,11,11|11,10,13,7,9,8",QR2,GRAND_SLAM,WS,1751,Qualification,KIM Hyehyun (KOR),JUN Hyunsil (KOR),,,4 - 2,5:11 12:10 11:13 11:7 11:9 11:8,KIM Hyehyun,2005
Panasonic China Open Harbin 2005,2005-09-08,KANAZAWA Saki,KIM Hyehyun,JPN,KOR,4,3,"11,9,8,9,11,11,12|1,11,11,11,6,8,10",3,GRAND_SLAM,WS,1751,Qualification,KANAZAWA Saki (JPN),KIM Hyehyun (KOR),,,4 - 3,11:1 9:11 8:11 9:11 11:6 11:8 12:10,KANAZAWA Saki,2005
Panasonic China Open Harbin 2005,2005-09-08,JUN Hyunsil,KO Un Gyong,KOR,PRK,4,3,"6,11,11,8,6,11,11|11,4,9,11,11,9,8",QR4,GRAND_SLAM,WS,1751,Qualification,JUN Hyunsil (KOR),KO Un Gyong (PRK),,,3 - 4,11:6 4:11 9:11 11:8 11:6 9:11 8:11,JUN Hyunsil,2005
Panasonic China Open Harbin 2005,2005-09-08,KO Un Gyong,KIM Hyehyun,PRK,KOR,4,1,"11,11,11,4,15|6,5,9,11,13",5,GRAND_SLAM,WS,1751,Qualification,KO Un Gyong (PRK),KIM Hyehyun (KOR),,,1 - 4,6:11 5:11 9:11 11:4 13:15,KO Un Gyong,2005
Panasonic China Open Harbin 2005,2005-09-08,KANAZAWA Saki,JUN Hyunsil,JPN,KOR,4,0,"11,11,11,11|3,9,7,6",6,GRAND_SLAM,WS,1751,Qualification,KANAZAWA Saki (JPN),JUN Hyunsil (KOR),,,4 - 0,11:3 11:9 11:7 11:6,KANAZAWA Saki,2005
Panasonic China Open Harbin 2005,2005-09-08,NAM Hyejin (1985),LEE Eunhee,KOR,KOR,4,1,"11,11,11,2,11|7,7,9,11,6",,GRAND_SLAM,WS,1751,Qualification,NAM Hyejin (1985) (KOR),LEE Eunhee (KOR),,,1 - 4,7:11 7:11 9:11 11:2 6:11,NAM Hyejin (1985),2005
Panasonic China Open Harbin 2005,2005-09-08,OHATA Nahoko,TAN Paey Fern,JPN,SGP,4,3,"4,11,11,12,12,11,11|11,9,7,14,14,9,9",QR2,GRAND_SLAM,WS,1751,Qualification,OHATA Nahoko (JPN),TAN Paey Fern (SGP),,,3 - 4,11:4 9:11 7:11 14:12 14:12 9:11 9:11,OHATA Nahoko,2005
Panasonic China Open Harbin 2005,2005-09-08,LEE Eunhee,TAN Paey Fern,KOR,SGP,4,2,"11,11,8,5,11,11|6,5,11,11,5,3",3,GRAND_SLAM,WS,1751,Qualification,LEE Eunhee (KOR),TAN Paey Fern (SGP),,,4 - 2,11:6 11:5 8:11 5:11 11:5 11:3,LEE Eunhee,2005
Panasonic China Open Harbin 2005,2005-09-08,NAM Hyejin (1985),OHATA Nahoko,KOR,JPN,4,3,"11,8,11,13,11,11,12|9,11,6,15,13,9,10",QR4,GRAND_SLAM,WS,1751,Qualification,NAM Hyejin (1985) (KOR),OHATA Nahoko (JPN),,,4 - 3,11:9 8:11 11:6 13:15 11:13 11:9 12:10,NAM Hyejin (1985),2005
Panasonic China Open Harbin 2005,2005-09-08,TAN Paey Fern,NAM Hyejin (1985),SGP,KOR,4,2,"11,2,11,5,11,11|6,11,7,11,7,4",5,GRAND_SLAM,WS,1751,Qualification,TAN Paey Fern (SGP),NAM Hyejin (1985) (KOR),,,4 - 2,11:6 2:11 11:7 5:11 11:7 11:4,TAN Paey Fern,2005
Panasonic China Open Harbin 2005,2005-09-08,LEE Eunhee,OHATA Nahoko,KOR,JPN,4,2,"11,9,7,11,11,12|5,11,11,5,8,10",6,GRAND_SLAM,WS,1751,Qualification,LEE Eunhee (KOR),OHATA Nahoko (JPN),,,4 - 2,11:5 9:11 7:11 11:5 11:8 12:10,LEE Eunhee,2005
Panasonic China Open Harbin 2005,2005-09-08,KWAK Bangbang,YU Kwok See,KOR,HKG,4,0,"11,11,11,11|3,8,8,9",,GRAND_SLAM,WS,1751,Qualification,KWAK Bangbang (KOR),YU Kwok See (HKG),,,4 - 0,11:3 11:8 11:8 11:9,KWAK Bangbang,2005
Panasonic China Open Harbin 2005,2005-09-08,KIM Mi Yong,ISHIZUKA Miwako,PRK,JPN,4,3,"11,11,9,9,11,7,11|9,8,11,11,6,11,8",QR2,GRAND_SLAM,WS,1751,Qualification,KIM Mi Yong (PRK),ISHIZUKA Miwako (JPN),,,4 - 3,11:9 11:8 9:11 9:11 11:6 7:11 11:8,KIM Mi Yong,2005
Panasonic China Open Harbin 2005,2005-09-08,KIM Mi Yong,KWAK Bangbang,PRK,KOR,4,1,"12,11,11,7,11|10,8,7,11,7",3,GRAND_SLAM,WS,1751,Qualification,KIM Mi Yong (PRK),KWAK Bangbang (KOR),,,1 - 4,10:12 8:11 7:11 11:7 7:11,KIM Mi Yong,2005
Panasonic China Open Harbin 2005,2005-09-08,ISHIZUKA Miwako,YU Kwok See,JPN,HKG,4,3,"9,9,12,11,11,8,11|11,11,10,9,9,11,9",QR4,GRAND_SLAM,WS,1751,Qualification,ISHIZUKA Miwako (JPN),YU Kwok See (HKG),,,3 - 4,11:9 11:9 10:12 9:11 9:11 11:8 9:11,ISHIZUKA Miwako,2005
Panasonic China Open Harbin 2005,2005-09-08,KIM Mi Yong,YU Kwok See,PRK,HKG,4,1,"6,11,11,11,11|11,8,2,7,7",5,GRAND_SLAM,WS,1751,Qualification,KIM Mi Yong (PRK),YU Kwok See (HKG),,,4 - 1,6:11 11:8 11:2 11:7 11:7,KIM Mi Yong,2005
Panasonic China Open Harbin 2005,2005-09-08,KWAK Bangbang,ISHIZUKA Miwako,KOR,JPN,4,1,"9,11,11,11,11|11,7,9,7,7",6,GRAND_SLAM,WS,1751,Qualification,KWAK Bangbang (KOR),ISHIZUKA Miwako (JPN),,,4 - 1,9:11 11:7 11:9 11:7 11:7,KWAK Bangbang,2005
Panasonic China Open Harbin 2005,2005-09-08,LI Jiawei,KANAZAWA Saki,SGP,JPN,4,3,"12,11,11,6,11,9,11|10,13,5,11,6,11,9",R32,GRAND_SLAM,WS,1751,Main Draw,LI Jiawei (SGP),KANAZAWA Saki (JPN),,,4 - 3,12:10 11:13 11:5 6:11 11:6 9:11 11:9,LI Jiawei,2005
Panasonic China Open Harbin 2005,2005-09-08,CHANG Chenchen,SUN Beibei,CHN,SGP,4,0,"13,11,12,11|11,5,10,6",R32,GRAND_SLAM,WS,1751,Main Draw,CHANG Chenchen (CHN),SUN Beibei (SGP),,,4 - 0,13:11 11:5 12:10 11:6,CHANG Chenchen,2005
Panasonic China Open Harbin 2005,2005-09-08,FUKUHARA Ai,KIM Mi Yong,JPN,PRK,4,1,"10,11,11,11,11|12,9,9,9,7",R32,GRAND_SLAM,WS,1751,Main Draw,FUKUHARA Ai (JPN),KIM Mi Yong (PRK),,,4 - 1,10:12 11:9 11:9 11:9 11:7,FUKUHARA Ai,2005
Panasonic China Open Harbin 2005,2005-09-08,KWAK Bangbang,LAU Sui Fei,KOR,HKG,4,3,"9,11,11,11,7,6,13|11,8,4,6,11,11,11",R32,GRAND_SLAM,WS,1751,Main Draw,KWAK Bangbang (KOR),LAU Sui Fei (HKG),,,4 - 3,9:11 11:8 11:4 11:6 7:11 6:11 13:11,KWAK Bangbang,2005
Panasonic China Open Harbin 2005,2005-09-08,LIU Jia,NAM Hyejin (1985),AUT,KOR,4,1,"11,11,8,11,12|8,7,11,6,10",R32,GRAND_SLAM,WS,1751,Main Draw,LIU Jia (AUT),NAM Hyejin (1985) (KOR),,,4 - 1,11:8 11:7 8:11 11:6 12:10,LIU Jia,2005
Panasonic China Open Harbin 2005,2005-09-08,SHEN Yanfei,SONG Ah Sim,ESP,HKG,4,2,"11,11,4,6,18,11|6,6,11,11,16,9",R32,GRAND_SLAM,WS,1751,Main Draw,SHEN Yanfei (ESP),SONG Ah Sim (HKG),,,4 - 2,11:6 11:6 4:11 6:11 18:16 11:9,SHEN Yanfei,2005
Panasonic China Open Harbin 2005,2005-09-08,LI Xiaoxia,KO Un Gyong,CHN,PRK,4,1,"6,12,14,11,17|11,10,12,7,15",R32,GRAND_SLAM,WS,1751,Main Draw,LI Xiaoxia (CHN),KO Un Gyong (PRK),,,4 - 1,6:11 12:10 14:12 11:7 17:15,LI Xiaoxia,2005
Panasonic China Open Harbin 2005,2005-09-08,TIE Yana,HAN Hye Song,HKG,PRK,4,1,"11,9,11,11,12|4,11,6,8,10",R32,GRAND_SLAM,WS,1751,Main Draw,TIE Yana (HKG),HAN Hye Song (PRK),,,1 - 4,4:11 11:9 6:11 8:11 10:12,TIE Yana,2005
Panasonic China Open Harbin 2005,2005-09-08,GUO Yan (1982),KIM Junghyun,CHN,KOR,4,2,"11,9,11,11,10,11|7,11,5,5,12,5",R32,GRAND_SLAM,WS,1751,Main Draw,GUO Yan (1982) (CHN),KIM Junghyun (KOR),,,4 - 2,11:7 9:11 11:5 11:5 10:12 11:5,GUO Yan (1982),2005
Panasonic China Open Harbin 2005,2005-09-08,KIM Hyang Mi,KONISHI An,PRK,JPN,4,0,"22,11,13,13|20,7,11,11",R32,GRAND_SLAM,WS,1751,Main Draw,KIM Hyang Mi (PRK),KONISHI An (JPN),,,0 - 4,20:22 7:11 11:13 11:13,KIM Hyang Mi,2005
Panasonic China Open Harbin 2005,2005-09-08,FAN Ying,FUJII Hiroko,CHN,JPN,4,0,"11,12,11,11|7,10,3,8",R32,GRAND_SLAM,WS,1751,Main Draw,FAN Ying (CHN),FUJII Hiroko (JPN),,,4 - 0,11:7 12:10 11:3 11:8,FAN Ying,2005
Panasonic China Open Harbin 2005,2005-09-08,GAO Jun,LI Qiangbing,USA,AUT,4,3,"10,11,11,4,11,11,11|12,8,7,11,13,9,9",R32,GRAND_SLAM,WS,1751,Main Draw,GAO Jun (USA),LI Qiangbing (AUT),,,3 - 4,12:10 8:11 7:11 11:4 13:11 9:11 9:11,GAO Jun,2005
Panasonic China Open Harbin 2005,2005-09-08,LIN Ling,LEE Eunhee,HKG,KOR,4,0,"13,11,11,11|11,6,6,8",R32,GRAND_SLAM,WS,1751,Main Draw,LIN Ling (HKG),LEE Eunhee (KOR),,,4 - 0,13:11 11:6 11:6 11:8,LIN Ling,2005
Panasonic China Open Harbin 2005,2005-09-08,YOON Sunae,ZHANG Rui,KOR,HKG,4,2,"4,5,11,11,12,11|11,11,9,4,10,5",R32,GRAND_SLAM,WS,1751,Main Draw,YOON Sunae (KOR),ZHANG Rui (HKG),,,4 - 2,4:11 5:11 11:9 11:4 12:10 11:5,YOON Sunae,2005
Panasonic China Open Harbin 2005,2005-09-08,PENG Luyang,WANG Yuegu,CHN,SGP,4,1,"8,11,11,13,11|11,6,9,11,4",R32,GRAND_SLAM,WS,1751,Main Draw,PENG Luyang (CHN),WANG Yuegu (SGP),,,1 - 4,11:8 6:11 9:11 11:13 4:11,PENG Luyang,2005
Panasonic China Open Harbin 2005,2005-09-08,GUO Yue,RYOM Won Ok,CHN,PRK,4,0,"11,11,11,11|8,7,8,5",R32,GRAND_SLAM,WS,1751,Main Draw,GUO Yue (CHN),RYOM Won Ok (PRK),,,0 - 4,8:11 7:11 8:11 5:11,GUO Yue,2005
Panasonic China Open Harbin 2005,2005-09-08,CHANG Chenchen,LI Jiawei,CHN,SGP,4,2,"11,11,7,11,5,12|5,7,11,5,11,10",R16,GRAND_SLAM,WS,1751,Main Draw,CHANG Chenchen (CHN),LI Jiawei (SGP),,,2 - 4,5:11 7:11 11:7 5:11 11:5 10:12,CHANG Chenchen,2005
Panasonic China Open Harbin 2005,2005-09-08,FUKUHARA Ai,KWAK Bangbang,JPN,KOR,4,0,"12,11,11,11|10,9,6,6",R16,GRAND_SLAM,WS,1751,Main Draw,FUKUHARA Ai (JPN),KWAK Bangbang (KOR),,,4 - 0,12:10 11:9 11:6 11:6,FUKUHARA Ai,2005
Panasonic China Open Harbin 2005,2005-09-08,SHEN Yanfei,LIU Jia,ESP,AUT,4,3,"4,6,5,11,11,11,13|11,11,11,9,5,9,11",R16,GRAND_SLAM,WS,1751,Main Draw,SHEN Yanfei (ESP),LIU Jia (AUT),,,3 - 4,11:4 11:6 11:5 9:11 5:11 9:11 11:13,SHEN Yanfei,2005
Panasonic China Open Harbin 2005,2005-09-08,LI Xiaoxia,TIE Yana,CHN,HKG,4,0,"11,11,11,11|6,8,5,8",R16,GRAND_SLAM,WS,1751,Main Draw,LI Xiaoxia (CHN),TIE Yana (HKG),,,4 - 0,11:6 11:8 11:5 11:8,LI Xiaoxia,2005
Panasonic China Open Harbin 2005,2005-09-08,GUO Yan (1982),KIM Hyang Mi,CHN,PRK,4,1,"12,7,11,14,11|10,11,4,12,4",R16,GRAND_SLAM,WS,1751,Main Draw,GUO Yan (1982) (CHN),KIM Hyang Mi (PRK),,,4 - 1,12:10 7:11 11:4 14:12 11:4,GUO Yan (1982),2005
Panasonic China Open Harbin 2005,2005-09-08,GAO Jun,FAN Ying,USA,CHN,4,2,"11,11,7,2,11,11|6,7,11,11,9,7",R16,GRAND_SLAM,WS,1751,Main Draw,GAO Jun (USA),FAN Ying (CHN),,,2 - 4,6:11 7:11 11:7 11:2 9:11 7:11,GAO Jun,2005
Panasonic China Open Harbin 2005,2005-09-08,LIN Ling,YOON Sunae,HKG,KOR,4,1,"11,11,11,8,11|7,8,2,11,8",R16,GRAND_SLAM,WS,1751,Main Draw,LIN Ling (HKG),YOON Sunae (KOR),,,4 - 1,11:7 11:8 11:2 8:11 11:8,LIN Ling,2005
Panasonic China Open Harbin 2005,2005-09-08,GUO Yue,PENG Luyang,CHN,CHN,4,3,"13,6,11,3,11,5,11|11,11,7,11,4,11,9",R16,GRAND_SLAM,WS,1751,Main Draw,GUO Yue (CHN),PENG Luyang (CHN),,,3 - 4,11:13 11:6 7:11 11:3 4:11 11:5 9:11,GUO Yue,2005
Panasonic China Open Harbin 2005,2005-09-08,CHANG Chenchen,FUKUHARA Ai,CHN,JPN,4,0,"12,11,11,11|10,9,3,3",QuarterFinal,GRAND_SLAM,WS,1751,Main Draw,CHANG Chenchen (CHN),FUKUHARA Ai (JPN),,,4 - 0,12:10 11:9 11:3 11:3,CHANG Chenchen,2005
Panasonic China Open Harbin 2005,2005-09-08,LI Xiaoxia,SHEN Yanfei,CHN,ESP,4,0,"11,11,12,11|7,8,10,4",QuarterFinal,GRAND_SLAM,WS,1751,Main Draw,LI Xiaoxia (CHN),SHEN Yanfei (ESP),,,0 - 4,7:11 8:11 10:12 4:11,LI Xiaoxia,2005
Panasonic China Open Harbin 2005,2005-09-08,GUO Yan (1982),GAO Jun,CHN,USA,4,1,"11,11,8,11,11|9,9,11,8,5",QuarterFinal,GRAND_SLAM,WS,1751,Main Draw,GUO Yan (1982) (CHN),GAO Jun (USA),,,4 - 1,11:9 11:9 8:11 11:8 11:5,GUO Yan (1982),2005
Panasonic China Open Harbin 2005,2005-09-08,GUO Yue,LIN Ling,CHN,HKG,4,0,"11,11,11,11|8,8,9,7",QuarterFinal,GRAND_SLAM,WS,1751,Main Draw,GUO Yue (CHN),LIN Ling (HKG),,,0 - 4,8:11 8:11 9:11 7:11,GUO Yue,2005
Panasonic China Open Harbin 2005,2005-09-08,CHANG Chenchen,LI Xiaoxia,CHN,CHN,4,1,"7,11,11,11,11|11,6,5,9,9",SemiFinal,GRAND_SLAM,WS,1751,Main Draw,CHANG Chenchen (CHN),LI Xiaoxia (CHN),,,4 - 1,7:11 11:6 11:5 11:9 11:9,CHANG Chenchen,2005
Panasonic China Open Harbin 2005,2005-09-08,GUO Yue,GUO Yan (1982),CHN,CHN,4,2,"11,4,11,11,11,12|8,11,7,8,13,10",SemiFinal,GRAND_SLAM,WS,1751,Main Draw,GUO Yue (CHN),GUO Yan (1982) (CHN),,,2 - 4,8:11 11:4 7:11 8:11 13:11 10:12,GUO Yue,2005
Panasonic China Open Harbin 2005,2005-09-08,GUO Yue,CHANG Chenchen,CHN,CHN,4,0,"11,11,11,11|5,6,5,8",Final,GRAND_SLAM,WS,1751,Main Draw,GUO Yue (CHN),CHANG Chenchen (CHN),,,0 - 4,5:11 6:11 5:11 8:11,GUO Yue,2005
Panasonic China Open Harbin 2005,2005-09-08,SUN Beibei,PARK Seonghye,SGP,KOR,3,0,"11,11,11|3,6,9",,GRAND_SLAM,U21WS,1751,Qualification,SUN Beibei (SGP),PARK Seonghye (KOR),,,3 - 0,11:3 11:6 11:9,SUN Beibei,2005
Panasonic China Open Harbin 2005,2005-09-08,SUN Beibei,KIM Hyehyun,SGP,KOR,3,1,"7,11,11,11|11,6,3,4",QR2,GRAND_SLAM,U21WS,1751,Qualification,SUN Beibei (SGP),KIM Hyehyun (KOR),,,3 - 1,7:11 11:6 11:3 11:4,SUN Beibei,2005
Panasonic China Open Harbin 2005,2005-09-08,KIM Hyehyun,PARK Seonghye,KOR,KOR,3,0,"11,12,11|7,10,4",3,GRAND_SLAM,U21WS,1751,Qualification,KIM Hyehyun (KOR),PARK Seonghye (KOR),,,3 - 0,11:7 12:10 11:4,KIM Hyehyun,2005
Panasonic China Open Harbin 2005,2005-09-08,LEE Eunhee,MOON Bosun,KOR,KOR,3,2,"9,11,8,11,12|11,5,11,9,10",,GRAND_SLAM,U21WS,1751,Qualification,LEE Eunhee (KOR),MOON Bosun (KOR),,,3 - 2,9:11 11:5 8:11 11:9 12:10,LEE Eunhee,2005
Panasonic China Open Harbin 2005,2005-09-08,YU Kwok See,LEE Eunhee,HKG,KOR,3,1,"7,11,11,11|11,9,6,4",QR2,GRAND_SLAM,U21WS,1751,Qualification,YU Kwok See (HKG),LEE Eunhee (KOR),,,1 - 3,11:7 9:11 6:11 4:11,YU Kwok See,2005
Panasonic China Open Harbin 2005,2005-09-08,MOON Bosun,YU Kwok See,KOR,HKG,3,0,"11,11,11|9,4,6",3,GRAND_SLAM,U21WS,1751,Qualification,MOON Bosun (KOR),YU Kwok See (HKG),,,0 - 3,9:11 4:11 6:11,MOON Bosun,2005
Panasonic China Open Harbin 2005,2005-09-08,LI Qiangbing,NAM Hyejin (1985),AUT,KOR,3,2,"7,11,11,8,11|11,6,7,11,8",,GRAND_SLAM,U21WS,1751,Qualification,LI Qiangbing (AUT),NAM Hyejin (1985) (KOR),,,3 - 2,7:11 11:6 11:7 8:11 11:8,LI Qiangbing,2005
Panasonic China Open Harbin 2005,2005-09-08,LI Qiangbing,DVORAK Galia,AUT,ESP,3,0,"11,12,13|5,10,11",QR2,GRAND_SLAM,U21WS,1751,Qualification,LI Qiangbing (AUT),DVORAK Galia (ESP),,,3 - 0,11:5 12:10 13:11,LI Qiangbing,2005
Panasonic China Open Harbin 2005,2005-09-08,DVORAK Galia,NAM Hyejin (1985),ESP,KOR,3,1,"11,11,9,11|5,8,11,8",3,GRAND_SLAM,U21WS,1751,Qualification,DVORAK Galia (ESP),NAM Hyejin (1985) (KOR),,,3 - 1,11:5 11:8 9:11 11:8,DVORAK Galia,2005
Panasonic China Open Harbin 2005,2005-09-08,HAN Hye Song,PARK Seonghye,PRK,KOR,4,2,"9,11,8,11,11,11|11,8,11,7,7,4",QR4,GRAND_SLAM,WS,1751,Qualification,HAN Hye Song (PRK),PARK Seonghye (KOR),,,4 - 2,9:11 11:8 8:11 11:7 11:7 11:4,HAN Hye Song,2005
Panasonic China Open Harbin 2005,2005-09-08,RYOM Won Ok,ZHANG Xueling,PRK,SGP,4,2,"11,12,11,8,5,11|8,10,6,11,11,4",QR4,GRAND_SLAM,WS,1751,Qualification,RYOM Won Ok (PRK),ZHANG Xueling (SGP),,,4 - 2,11:8 12:10 11:6 8:11 5:11 11:4,RYOM Won Ok,2005
Panasonic China Open Harbin 2005,2005-09-08,JEE Minhyung,KIM Junghyun,AUS,KOR,3,1,"11,7,11,11|8,11,9,8",,GRAND_SLAM,U21WS,1751,Qualification,JEE Minhyung (AUS),KIM Junghyun (KOR),,,1 - 3,8:11 11:7 9:11 8:11,JEE Minhyung,2005
Panasonic China Open Harbin 2005,2005-09-08,HAN Hye Song,ISHIZUKA Miwako,PRK,JPN,3,2,"9,11,11,6,11|11,9,9,11,9",QR2,GRAND_SLAM,U21WS,1751,Qualification,HAN Hye Song (PRK),ISHIZUKA Miwako (JPN),,,3 - 2,9:11 11:9 11:9 6:11 11:9,HAN Hye Song,2005
Panasonic China Open Harbin 2005,2005-09-08,HAN Hye Song,KIM Junghyun,PRK,KOR,3,1,"11,7,11,11|6,11,8,8",3,GRAND_SLAM,U21WS,1751,Qualification,HAN Hye Song (PRK),KIM Junghyun (KOR),,,1 - 3,6:11 11:7 8:11 8:11,HAN Hye Song,2005
Panasonic China Open Harbin 2005,2005-09-08,JEE Minhyung,ISHIZUKA Miwako,AUS,JPN,3,1,"11,11,12,11|6,2,14,8",QR4,GRAND_SLAM,U21WS,1751,Qualification,JEE Minhyung (AUS),ISHIZUKA Miwako (JPN),,,3 - 1,11:6 11:2 12:14 11:8,JEE Minhyung,2005
Panasonic China Open Harbin 2005,2005-09-08,KIM Junghyun,ISHIZUKA Miwako,KOR,JPN,3,2,"11,9,12,4,11|5,11,10,11,7",5,GRAND_SLAM,U21WS,1751,Qualification,KIM Junghyun (KOR),ISHIZUKA Miwako (JPN),,,3 - 2,11:5 9:11 12:10 4:11 11:7,KIM Junghyun,2005
Panasonic China Open Harbin 2005,2005-09-08,HAN Hye Song,JEE Minhyung,PRK,AUS,3,2,"11,11,9,7,11|9,9,11,11,5",6,GRAND_SLAM,U21WS,1751,Qualification,HAN Hye Song (PRK),JEE Minhyung (AUS),,,3 - 2,11:9 11:9 9:11 7:11 11:5,HAN Hye Song,2005
Panasonic China Open Harbin 2005,2005-09-08,SUN Beibei,JEE Minhyung,SGP,AUS,4,3,"6,11,11,9,11,7,11|11,4,6,11,9,11,4",QuarterFinal,GRAND_SLAM,U21WS,1751,Main Draw,SUN Beibei (SGP),JEE Minhyung (AUS),,,4 - 3,6:11 11:4 11:6 9:11 11:9 7:11 11:4,SUN Beibei,2005
Panasonic China Open Harbin 2005,2005-09-08,HAN Hye Song,LEE Eunhee,PRK,KOR,4,3,"11,12,11,11,8,11,11|6,14,13,8,11,4,5",QuarterFinal,GRAND_SLAM,U21WS,1751,Main Draw,HAN Hye Song (PRK),LEE Eunhee (KOR),,,3 - 4,6:11 14:12 13:11 8:11 11:8 4:11 5:11,HAN Hye Song,2005
Panasonic China Open Harbin 2005,2005-09-08,LI Qiangbing,KIM Hyehyun,AUT,KOR,4,1,"11,11,8,11,11|7,5,11,6,6",QuarterFinal,GRAND_SLAM,U21WS,1751,Main Draw,LI Qiangbing (AUT),KIM Hyehyun (KOR),,,4 - 1,11:7 11:5 8:11 11:6 11:6,LI Qiangbing,2005
Panasonic China Open Harbin 2005,2005-09-08,MOON Bosun,DVORAK Galia,KOR,ESP,4,2,"11,11,11,11,9,11|9,13,5,9,11,6",QuarterFinal,GRAND_SLAM,U21WS,1751,Main Draw,MOON Bosun (KOR),DVORAK Galia (ESP),,,2 - 4,9:11 13:11 5:11 9:11 11:9 6:11,MOON Bosun,2005
Panasonic China Open Harbin 2005,2005-09-08,HAN Hye Song,SUN Beibei,PRK,SGP,4,3,"11,6,11,11,4,2,11|9,11,3,2,11,11,8",SemiFinal,GRAND_SLAM,U21WS,1751,Main Draw,HAN Hye Song (PRK),SUN Beibei (SGP),,,3 - 4,9:11 11:6 3:11 2:11 11:4 11:2 8:11,HAN Hye Song,2005
Panasonic China Open Harbin 2005,2005-09-08,MOON Bosun,LI Qiangbing,KOR,AUT,4,3,"12,11,7,8,10,11,12|10,5,11,11,12,9,10",SemiFinal,GRAND_SLAM,U21WS,1751,Main Draw,MOON Bosun (KOR),LI Qiangbing (AUT),,,3 - 4,10:12 5:11 11:7 11:8 12:10 9:11 10:12,MOON Bosun,2005
Panasonic China Open Harbin 2005,2005-09-08,HAN Hye Song,MOON Bosun,PRK,KOR,4,2,"11,10,11,2,11,11|9,12,5,11,2,9",Final,GRAND_SLAM,U21WS,1751,Main Draw,HAN Hye Song (PRK),MOON Bosun (KOR),,,4 - 2,11:9 10:12 11:5 2:11 11:2 11:9,HAN Hye Song,2005
Panasonic China Open Harbin 2005,2005-09-08,CHEN Qi/WANG Liqin,JANG Song Man/TAN Ruiwu,CHN,PRK,4,0,"11,11,11,11|7,7,8,5",R16,GRAND_SLAM,MD,1751,Main Draw,CHEN Qi (CHN) / WANG Liqin (CHN),JANG Song Man (PRK) / TAN Ruiwu (CRO),WANG Liqin (CHN),TAN Ruiwu (CRO),4 - 0,11:7 11:7 11:8 11:5,CHEN Qi,2005
Panasonic China Open Harbin 2005,2005-09-08,CHEN Qi/WANG Liqin,LEE Jungsam/LIM Jaehyun,CHN,KOR,4,0,"11,11,11,11|8,8,5,7",QuarterFinal,GRAND_SLAM,MD,1751,Main Draw,CHEN Qi (CHN) / WANG Liqin (CHN),LEE Jungsam (KOR) / LIM Jaehyun (KOR),WANG Liqin (CHN),LIM Jaehyun (KOR),4 - 0,11:8 11:8 11:5 11:7,CHEN Qi,2005
Panasonic China Open Harbin 2005,2005-09-08,MA Lin/WANG Hao,CHEN Qi/WANG Liqin,CHN,CHN,4,0,"14,11,12,11|12,7,10,9",SemiFinal,GRAND_SLAM,MD,1751,Main Draw,MA Lin (CHN) / WANG Hao (CHN),CHEN Qi (CHN) / WANG Liqin (CHN),WANG Hao (CHN),WANG Liqin (CHN),0 - 4,12:14 7:11 10:12 9:11,MA Lin,2005
Panasonic China Open Harbin 2005,2005-09-08,KONG Linghui/MA Long,MA Lin/WANG Hao,CHN,CHN,4,3,"16,11,9,13,11,8,11|14,8,11,15,9,11,8",Final,GRAND_SLAM,MD,1751,Main Draw,KONG Linghui (CHN) / MA Long (CHN),MA Lin (CHN) / WANG Hao (CHN),MA Long (CHN),WANG Hao (CHN),4 - 3,16:14 11:8 9:11 13:15 11:9 8:11 11:8,KONG Linghui,2005
Panasonic China Open Harbin 2005,2005-09-08,JANG Song Man/TAN Ruiwu,TSE Ka Chun/ZHANG Wilson,PRK,HKG,3,0,"11,11,11|4,7,8",QR16,GRAND_SLAM,MD,1751,Qualification,JANG Song Man (PRK) / TAN Ruiwu (CRO),TSE Ka Chun (HKG) / ZHANG Wilson (CAN),TAN Ruiwu (CRO),ZHANG Wilson (CAN),3 - 0,11:4 11:7 11:8,JANG Song Man,2005
Panasonic China Open Harbin 2005,2005-09-08,RI Chol Guk/RI Kwang Il,CARNEROS Alfredo/DURAN Marc,PRK,ESP,4,3,"9,12,11,7,11,11,11|11,10,13,11,9,6,9",R16,GRAND_SLAM,MD,1751,Main Draw,RI Chol Guk (PRK) / RI Kwang Il (PRK),CARNEROS Alfredo (ESP) / DURAN Marc (ESP),RI Kwang Il (PRK),DURAN Marc (ESP),3 - 4,11:9 10:12 13:11 11:7 9:11 6:11 9:11,RI Chol Guk,2005
Panasonic China Open Harbin 2005,2005-09-08,KO Lai Chak/LI Ching,CHO Jihoon/KIM Junghoon,HKG,KOR,4,1,"11,11,8,11,11|8,2,11,8,8",R16,GRAND_SLAM,MD,1751,Main Draw,KO Lai Chak (HKG) / LI Ching (HKG),CHO Jihoon (KOR) / KIM Junghoon (KOR),LI Ching (HKG),KIM Junghoon (KOR),4 - 1,11:8 11:2 8:11 11:8 11:8,KO Lai Chak,2005
Panasonic China Open Harbin 2005,2005-09-08,CHO Eonrae/LEE Jungwoo,KO Lai Chak/LI Ching,KOR,HKG,4,2,"11,11,6,4,11,11|2,4,11,11,5,9",QuarterFinal,GRAND_SLAM,MD,1751,Main Draw,CHO Eonrae (KOR) / LEE Jungwoo (KOR),KO Lai Chak (HKG) / LI Ching (HKG),LEE Jungwoo (KOR),LI Ching (HKG),2 - 4,2:11 4:11 11:6 11:4 5:11 9:11,CHO Eonrae,2005
Panasonic China Open Harbin 2005,2005-09-08,KONG Linghui/MA Long,MITAMURA Muneaki/YOSHIDA Kaii,CHN,JPN,4,1,"11,6,15,11,11|7,11,13,3,9",R16,GRAND_SLAM,MD,1751,Main Draw,KONG Linghui (CHN) / MA Long (CHN),MITAMURA Muneaki (JPN) / YOSHIDA Kaii (JPN),MA Long (CHN),YOSHIDA Kaii (JPN),1 - 4,7:11 11:6 13:15 3:11 9:11,KONG Linghui,2005
Panasonic China Open Harbin 2005,2005-09-08,LEE Jungsam/LIM Jaehyun,SHIMOYAMA Takanori/TOKIYOSHI Yuichi,KOR,JPN,4,0,"13,13,11,11|11,11,6,8",R16,GRAND_SLAM,MD,1751,Main Draw,LEE Jungsam (KOR) / LIM Jaehyun (KOR),SHIMOYAMA Takanori (JPN) / TOKIYOSHI Yuichi (JPN),LIM Jaehyun (KOR),TOKIYOSHI Yuichi (JPN),0 - 4,11:13 11:13 6:11 8:11,LEE Jungsam,2005
Panasonic China Open Harbin 2005,2005-09-08,SHIMOYAMA Takanori/TOKIYOSHI Yuichi,LIU Zhongze/MA Liang,JPN,SGP,3,1,"11,8,11,13|8,11,8,11",QR16,GRAND_SLAM,MD,1751,Qualification,SHIMOYAMA Takanori (JPN) / TOKIYOSHI Yuichi (JPN),LIU Zhongze (SGP) / MA Liang (SGP),TOKIYOSHI Yuichi (JPN),MA Liang (SGP),3 - 1,11:8 8:11 11:8 13:11,SHIMOYAMA Takanori,2005
Panasonic China Open Harbin 2005,2005-09-08,MA Lin/WANG Hao,LEE Jinkwon/YOON Jaeyoung,CHN,KOR,4,1,"11,11,11,9,12|5,5,5,11,10",R16,GRAND_SLAM,MD,1751,Main Draw,MA Lin (CHN) / WANG Hao (CHN),LEE Jinkwon (KOR) / YOON Jaeyoung (KOR),WANG Hao (CHN),YOON Jaeyoung (KOR),1 - 4,5:11 5:11 5:11 11:9 10:12,MA Lin,2005
Panasonic China Open Harbin 2005,2005-09-08,KONG Linghui/MA Long,CHO Eonrae/LEE Jungwoo,CHN,KOR,4,3,"11,11,8,11,14,9,12|7,6,11,3,16,11,10",SemiFinal,GRAND_SLAM,MD,1751,Main Draw,KONG Linghui (CHN) / MA Long (CHN),CHO Eonrae (KOR) / LEE Jungwoo (KOR),MA Long (CHN),LEE Jungwoo (KOR),3 - 4,7:11 6:11 11:8 3:11 16:14 11:9 10:12,KONG Linghui,2005
Panasonic China Open Harbin 2005,2005-09-08,MA Lin/WANG Hao,RI Chol Guk/RI Kwang Il,CHN,PRK,4,0,"11,11,11,11|6,5,6,5",QuarterFinal,GRAND_SLAM,MD,1751,Main Draw,MA Lin (CHN) / WANG Hao (CHN),RI Chol Guk (PRK) / RI Kwang Il (PRK),WANG Hao (CHN),RI Kwang Il (PRK),0 - 4,6:11 5:11 6:11 5:11,MA Lin,2005
Panasonic China Open Harbin 2005,2005-09-08,RI Chol Guk/RI Kwang Il,MACHADO Carlos/MONTEIRO Joao,PRK,ESP,3,0,"11,12,11|5,10,9",QR16,GRAND_SLAM,MD,1751,Qualification,RI Chol Guk (PRK) / RI Kwang Il (PRK),MACHADO Carlos (ESP) / MONTEIRO Joao (POR),RI Kwang Il (PRK),MONTEIRO Joao (POR),3 - 0,11:5 12:10 11:9,RI Chol Guk,2005
Panasonic China Open Harbin 2005,2005-09-08,AN Chol Yong/KIM Hyok Bong,MATSUDAIRA Kenta/OYA Hidetoshi,PRK,JPN,3,0,"11,11,11|8,5,8",QR16,GRAND_SLAM,MD,1751,Qualification,AN Chol Yong (PRK) / KIM Hyok Bong (PRK),MATSUDAIRA Kenta (JPN) / OYA Hidetoshi (JPN),KIM Hyok Bong (PRK),OYA Hidetoshi (JPN),3 - 0,11:8 11:5 11:8,AN Chol Yong,2005
Panasonic China Open Harbin 2005,2005-09-08,CAI Xiaoli/YANG Zi,AN Chol Yong/KIM Hyok Bong,SGP,PRK,4,1,"11,9,11,11,11|7,11,1,8,3",R16,GRAND_SLAM,MD,1751,Main Draw,CAI Xiaoli (SGP) / YANG Zi (SGP),AN Chol Yong (PRK) / KIM Hyok Bong (PRK),YANG Zi (SGP),KIM Hyok Bong (PRK),4 - 1,11:7 9:11 11:1 11:8 11:3,CAI Xiaoli,2005
Panasonic China Open Harbin 2005,2005-09-08,KONG Linghui/MA Long,CAI Xiaoli/YANG Zi,CHN,SGP,4,0,"11,14,12,11|8,12,10,6",QuarterFinal,GRAND_SLAM,MD,1751,Main Draw,KONG Linghui (CHN) / MA Long (CHN),CAI Xiaoli (SGP) / YANG Zi (SGP),MA Long (CHN),YANG Zi (SGP),0 - 4,8:11 12:14 10:12 6:11,KONG Linghui,2005
Panasonic China Open Harbin 2005,2005-09-08,CHO Eonrae/LEE Jungwoo,AXELQVIST Johan/NILSSON Peter,KOR,SWE,4,0,"11,11,11,11|7,7,5,5",R16,GRAND_SLAM,MD,1751,Main Draw,CHO Eonrae (KOR) / LEE Jungwoo (KOR),AXELQVIST Johan (SWE) / NILSSON Peter (SWE),LEE Jungwoo (KOR),NILSSON Peter (SWE),0 - 4,7:11 7:11 5:11 5:11,CHO Eonrae,2005
Panasonic China Open Harbin 2005,2005-09-08,LI Jiawei/ZHANG Xueling,LI Qiangbing/LIU Jia,SGP,AUT,4,2,"11,11,11,8,10,11|9,5,6,11,12,4",QuarterFinal,GRAND_SLAM,WD,1751,Main Draw,LI Jiawei (SGP) / ZHANG Xueling (SGP),LI Qiangbing (AUT) / LIU Jia (AUT),ZHANG Xueling (SGP),LIU Jia (AUT),2 - 4,9:11 5:11 6:11 11:8 12:10 4:11,LI Jiawei,2005
Panasonic China Open Harbin 2005,2005-09-08,LI Qiangbing/LIU Jia,ETSUZAKI Ayumi/FUJITA Yuki,AUT,JPN,3,0,"11,11,11|3,5,6",QR16,GRAND_SLAM,WD,1751,Qualification,LI Qiangbing (AUT) / LIU Jia (AUT),ETSUZAKI Ayumi (JPN) / FUJITA Yuki (JPN),LIU Jia (AUT),FUJITA Yuki (JPN),3 - 0,11:3 11:5 11:6,LI Qiangbing,2005
Panasonic China Open Harbin 2005,2005-09-08,GUO Yan (1982)/GUO Yue,GAO Jun/SHEN Yanfei,CHN,USA,4,1,"7,11,11,11,12|11,4,3,8,10",R16,GRAND_SLAM,WD,1751,Main Draw,GUO Yan (1982) (CHN) / GUO Yue (CHN),GAO Jun (USA) / SHEN Yanfei (ESP),GUO Yue (CHN),SHEN Yanfei (ESP),4 - 1,7:11 11:4 11:3 11:8 12:10,GUO Yan (1982),2005
Panasonic China Open Harbin 2005,2005-09-08,CHANG Chenchen/FAN Ying,SUN Beibei/WANG Yuegu,CHN,SGP,4,1,"11,11,11,11,11|9,13,8,6,5",R16,GRAND_SLAM,WD,1751,Main Draw,CHANG Chenchen (CHN) / FAN Ying (CHN),SUN Beibei (SGP) / WANG Yuegu (SGP),FAN Ying (CHN),WANG Yuegu (SGP),4 - 1,11:9 11:13 11:8 11:6 11:5,CHANG Chenchen,2005
Panasonic China Open Harbin 2005,2005-09-08,LI Xiaoxia/PENG Luyang,KO Un Gyong/RYOM Won Ok,CHN,PRK,4,2,"11,11,3,11,6,11|7,6,11,7,11,1",R16,GRAND_SLAM,WD,1751,Main Draw,LI Xiaoxia (CHN) / PENG Luyang (CHN),KO Un Gyong (PRK) / RYOM Won Ok (PRK),PENG Luyang (CHN),RYOM Won Ok (PRK),4 - 2,11:7 11:6 3:11 11:7 6:11 11:1,LI Xiaoxia,2005
Panasonic China Open Harbin 2005,2005-09-08,LI Xiaoxia/PENG Luyang,LAU Sui Fei/SONG Ah Sim,CHN,HKG,4,1,"12,11,7,11,11|10,5,11,9,9",QuarterFinal,GRAND_SLAM,WD,1751,Main Draw,LI Xiaoxia (CHN) / PENG Luyang (CHN),LAU Sui Fei (HKG) / SONG Ah Sim (HKG),PENG Luyang (CHN),SONG Ah Sim (HKG),4 - 1,12:10 11:5 7:11 11:9 11:9,LI Xiaoxia,2005
Panasonic China Open Harbin 2005,2005-09-08,GUO Yan (1982)/GUO Yue,CHANG Chenchen/FAN Ying,CHN,CHN,4,0,"11,11,11,11|6,7,9,8",SemiFinal,GRAND_SLAM,WD,1751,Main Draw,GUO Yan (1982) (CHN) / GUO Yue (CHN),CHANG Chenchen (CHN) / FAN Ying (CHN),GUO Yue (CHN),FAN Ying (CHN),4 - 0,11:6 11:7 11:9 11:8,GUO Yan (1982),2005
Panasonic China Open Harbin 2005,2005-09-08,GUO Yan (1982)/GUO Yue,LI Jiawei/ZHANG Xueling,CHN,SGP,4,2,"11,11,7,8,11,11|8,6,11,11,9,4",Final,GRAND_SLAM,WD,1751,Main Draw,GUO Yan (1982) (CHN) / GUO Yue (CHN),LI Jiawei (SGP) / ZHANG Xueling (SGP),GUO Yue (CHN),ZHANG Xueling (SGP),4 - 2,11:8 11:6 7:11 8:11 11:9 11:4,GUO Yan (1982),2005
Panasonic China Open Harbin 2005,2005-09-08,GUO Yan (1982)/GUO Yue,JEE Minhyung/KWAK Bangbang,CHN,AUS,3,1,"7,11,11,12|11,9,5,10",QR16,GRAND_SLAM,WD,1751,Qualification,GUO Yan (1982) (CHN) / GUO Yue (CHN),JEE Minhyung (AUS) / KWAK Bangbang (KOR),GUO Yue (CHN),KWAK Bangbang (KOR),3 - 1,7:11 11:9 11:5 12:10,GUO Yan (1982),2005
Panasonic China Open Harbin 2005,2005-09-08,CHANG Chenchen/FAN Ying,HAN Hye Song/XU Chris,CHN,PRK,3,0,"12,11,11|10,4,5",QR16,GRAND_SLAM,WD,1751,Qualification,CHANG Chenchen (CHN) / FAN Ying (CHN),HAN Hye Song (PRK) / XU Chris (CAN),FAN Ying (CHN),XU Chris (CAN),3 - 0,12:10 11:4 11:5,CHANG Chenchen,2005
Panasonic China Open Harbin 2005,2005-09-08,TIE Yana/ZHANG Rui,OHATA Nahoko/SUEMASU Asami,HKG,JPN,4,1,"8,11,11,11,11|11,2,8,5,1",R16,GRAND_SLAM,WD,1751,Main Draw,TIE Yana (HKG) / ZHANG Rui (HKG),OHATA Nahoko (JPN) / SUEMASU Asami (JPN),ZHANG Rui (HKG),SUEMASU Asami (JPN),4 - 1,8:11 11:2 11:8 11:5 11:1,TIE Yana,2005
Panasonic China Open Harbin 2005,2005-09-08,GUO Yan (1982)/GUO Yue,TIE Yana/ZHANG Rui,CHN,HKG,4,1,"7,11,11,11,11|11,9,4,7,7",QuarterFinal,GRAND_SLAM,WD,1751,Main Draw,GUO Yan (1982) (CHN) / GUO Yue (CHN),TIE Yana (HKG) / ZHANG Rui (HKG),GUO Yue (CHN),ZHANG Rui (HKG),1 - 4,11:7 9:11 4:11 7:11 7:11,GUO Yan (1982),2005
Panasonic China Open Harbin 2005,2005-09-08,LIN Ling/YU Kwok See,DVORAK Galia/PARK Seonghye,HKG,ESP,3,0,"11,11,11|8,7,5",QR16,GRAND_SLAM,WD,1751,Qualification,LIN Ling (HKG) / YU Kwok See (HKG),DVORAK Galia (ESP) / PARK Seonghye (KOR),YU Kwok See (HKG),PARK Seonghye (KOR),3 - 0,11:8 11:7 11:5,LIN Ling,2005
Panasonic China Open Harbin 2005,2005-09-08,LAU Sui Fei/SONG Ah Sim,ISHIZUKA Miwako/KONISHI An,HKG,JPN,4,0,"12,11,11,11|10,3,9,7",R16,GRAND_SLAM,WD,1751,Main Draw,LAU Sui Fei (HKG) / SONG Ah Sim (HKG),ISHIZUKA Miwako (JPN) / KONISHI An (JPN),SONG Ah Sim (HKG),KONISHI An (JPN),0 - 4,10:12 3:11 9:11 7:11,LAU Sui Fei,2005
Panasonic China Open Harbin 2005,2005-09-08,ISHIZUKA Miwako/KONISHI An,MOON Bosun/SHIN Soohee,JPN,KOR,3,2,"11,10,11,8,11|8,12,4,11,8",QR16,GRAND_SLAM,WD,1751,Qualification,ISHIZUKA Miwako (JPN) / KONISHI An (JPN),MOON Bosun (KOR) / SHIN Soohee (KOR),KONISHI An (JPN),SHIN Soohee (KOR),3 - 2,11:8 10:12 11:4 8:11 11:8,ISHIZUKA Miwako,2005
Panasonic China Open Harbin 2005,2005-09-08,LI Qiangbing/LIU Jia,KIM Hyehyun/KIM Junghyun,AUT,KOR,4,3,"6,11,11,7,11,11,11|11,8,13,11,9,7,8",R16,GRAND_SLAM,WD,1751,Main Draw,LI Qiangbing (AUT) / LIU Jia (AUT),KIM Hyehyun (KOR) / KIM Junghyun (KOR),LIU Jia (AUT),KIM Junghyun (KOR),3 - 4,11:6 8:11 13:11 11:7 9:11 7:11 8:11,LI Qiangbing,2005
Panasonic China Open Harbin 2005,2005-09-08,OHATA Nahoko/SUEMASU Asami,TAN Paey Fern/YOON Sunae,JPN,SGP,3,2,"5,11,14,11,11|11,7,12,13,7",QR16,GRAND_SLAM,WD,1751,Qualification,OHATA Nahoko (JPN) / SUEMASU Asami (JPN),TAN Paey Fern (SGP) / YOON Sunae (KOR),SUEMASU Asami (JPN),YOON Sunae (KOR),2 - 3,11:5 7:11 12:14 13:11 7:11,OHATA Nahoko,2005
Panasonic China Open Harbin 2005,2005-09-08,KO Un Gyong/RYOM Won Ok,JUN Hyunsil/LEE Hyangmi,PRK,KOR,3,0,"11,11,11|5,6,5",QR16,GRAND_SLAM,WD,1751,Qualification,KO Un Gyong (PRK) / RYOM Won Ok (PRK),JUN Hyunsil (KOR) / LEE Hyangmi (KOR),RYOM Won Ok (PRK),LEE Hyangmi (KOR),0 - 3,5:11 6:11 5:11,KO Un Gyong,2005
Panasonic China Open Harbin 2005,2005-09-08,KIM Hyang Mi/KIM Mi Yong,LIN Ling/YU Kwok See,PRK,HKG,4,1,"11,11,6,11,11|7,7,11,5,6",R16,GRAND_SLAM,WD,1751,Main Draw,KIM Hyang Mi (PRK) / KIM Mi Yong (PRK),LIN Ling (HKG) / YU Kwok See (HKG),KIM Mi Yong (PRK),YU Kwok See (HKG),4 - 1,11:7 11:7 6:11 11:5 11:6,KIM Hyang Mi,2005
Panasonic China Open Harbin 2005,2005-09-08,CHANG Chenchen/FAN Ying,KIM Hyang Mi/KIM Mi Yong,CHN,PRK,4,2,"9,11,11,11,7,11|11,5,3,8,11,6",QuarterFinal,GRAND_SLAM,WD,1751,Main Draw,CHANG Chenchen (CHN) / FAN Ying (CHN),KIM Hyang Mi (PRK) / KIM Mi Yong (PRK),FAN Ying (CHN),KIM Mi Yong (PRK),2 - 4,11:9 5:11 3:11 8:11 11:7 6:11,CHANG Chenchen,2005
Panasonic China Open Harbin 2005,2005-09-08,LI Jiawei/ZHANG Xueling,FUJII Hiroko/KANAZAWA Saki,SGP,JPN,4,0,"11,11,11,11|8,6,3,7",R16,GRAND_SLAM,WD,1751,Main Draw,LI Jiawei (SGP) / ZHANG Xueling (SGP),FUJII Hiroko (JPN) / KANAZAWA Saki (JPN),ZHANG Xueling (SGP),KANAZAWA Saki (JPN),4 - 0,11:8 11:6 11:3 11:7,LI Jiawei,2005
Panasonic China Open Harbin 2005,2005-09-08,LI Jiawei/ZHANG Xueling,LI Xiaoxia/PENG Luyang,SGP,CHN,4,3,"6,11,9,11,11,4,11|11,8,11,9,9,11,9",SemiFinal,GRAND_SLAM,WD,1751,Main Draw,LI Jiawei (SGP) / ZHANG Xueling (SGP),LI Xiaoxia (CHN) / PENG Luyang (CHN),ZHANG Xueling (SGP),PENG Luyang (CHN),4 - 3,6:11 11:8 9:11 11:9 11:9 4:11 11:9,LI Jiawei,2005
Panasonic China Open Harbin 2005,2005-09-08,LI Jiawei/ZHANG Xueling,LEE Eunhee/NAM Hyejin (1985),SGP,KOR,3,0,"11,11,11|9,8,8",QR16,GRAND_SLAM,WD,1751,Qualification,LI Jiawei (SGP) / ZHANG Xueling (SGP),LEE Eunhee (KOR) / NAM Hyejin (1985) (KOR),ZHANG Xueling (SGP),NAM Hyejin (1985) (KOR),3 - 0,11:9 11:8 11:8,LI Jiawei,2005
US Open Fort Lauderdale 2005,2005-07-07,SAMSONOV Vladimir,REED Barney,BLR,USA,4,0,"14,13,11,11|12,11,5,6",R64,GRAND_SLAM,MS,1739,Main Draw,SAMSONOV Vladimir (BLR),REED Barney (USA),,,4 - 0,14:12 13:11 11:5 11:6,SAMSONOV Vladimir,2005
US Open Fort Lauderdale 2005,2005-07-07,SVENSSON Robert,MOLDOVAN Istvan,SWE,NOR,4,1,"11,6,12,11,11|7,11,10,8,5",R64,GRAND_SLAM,MS,1739,Main Draw,SVENSSON Robert (SWE),MOLDOVAN Istvan (NOR),,,4 - 1,11:7 6:11 12:10 11:8 11:5,SVENSSON Robert,2005
US Open Fort Lauderdale 2005,2005-07-07,MOLIN Magnus,SORENSEN Mads,SWE,DEN,4,1,"14,11,8,11,11|12,1,11,6,8",R64,GRAND_SLAM,MS,1739,Main Draw,MOLIN Magnus (SWE),SORENSEN Mads (DEN),,,4 - 1,14:12 11:1 8:11 11:6 11:8,MOLIN Magnus,2005
US Open Fort Lauderdale 2005,2005-07-07,WOSIK Torben,PETER-PAUL Pradeeban,GER,CAN,4,3,"3,9,8,11,11,13,11|11,11,11,5,7,11,6",R64,GRAND_SLAM,MS,1739,Main Draw,WOSIK Torben (GER),PETER-PAUL Pradeeban (CAN),,,3 - 4,11:3 11:9 11:8 5:11 7:11 11:13 6:11,WOSIK Torben,2005
US Open Fort Lauderdale 2005,2005-07-07,ELOI Damien,PETERSEN Christoffer,FRA,DEN,4,1,"6,11,11,11,11|11,5,6,8,7",R64,GRAND_SLAM,MS,1739,Main Draw,ELOI Damien (FRA),PETERSEN Christoffer (DEN),,,4 - 1,6:11 11:5 11:6 11:8 11:7,ELOI Damien,2005
US Open Fort Lauderdale 2005,2005-07-07,SEREDA Peter,ROBERTSON Adam,SVK,WAL,4,1,"11,12,9,11,11|7,10,11,3,8",R64,GRAND_SLAM,MS,1739,Main Draw,SEREDA Peter (SVK),ROBERTSON Adam (WAL),,,1 - 4,7:11 10:12 11:9 3:11 8:11,SEREDA Peter,2005
US Open Fort Lauderdale 2005,2005-07-07,VOSTES Yannick,TUGWELL Finn,BEL,DEN,4,3,"11,7,3,5,11,11,11|7,11,11,11,3,7,8",R64,GRAND_SLAM,MS,1739,Main Draw,VOSTES Yannick (BEL),TUGWELL Finn (DEN),,,3 - 4,7:11 11:7 11:3 11:5 3:11 7:11 8:11,VOSTES Yannick,2005
US Open Fort Lauderdale 2005,2005-07-07,LUNDQVIST Jens,LEE Jinkwon,SWE,KOR,4,0,"11,14,11,11|7,12,3,9",R64,GRAND_SLAM,MS,1739,Main Draw,LUNDQVIST Jens (SWE),LEE Jinkwon (KOR),,,0 - 4,7:11 12:14 3:11 9:11,LUNDQVIST Jens,2005
US Open Fort Lauderdale 2005,2005-07-07,CHEN Weixing,LO Dany,AUT,FRA,4,0,"11,11,11,11|6,5,4,2",R64,GRAND_SLAM,MS,1739,Main Draw,CHEN Weixing (AUT),LO Dany (FRA),,,4 - 0,11:6 11:5 11:4 11:2,CHEN Weixing,2005
US Open Fort Lauderdale 2005,2005-07-07,PISTEJ Lubomir,BERTIN Christophe,SVK,FRA,4,2,"11,7,11,6,11,11|8,11,7,11,9,8",R64,GRAND_SLAM,MS,1739,Main Draw,PISTEJ Lubomir (SVK),BERTIN Christophe (FRA),,,2 - 4,8:11 11:7 7:11 11:6 9:11 8:11,PISTEJ Lubomir,2005
US Open Fort Lauderdale 2005,2005-07-07,AXELQVIST Johan,JOVER Sebastien,SWE,FRA,4,3,"10,12,10,11,11,11,11|12,14,12,9,3,8,9",R64,GRAND_SLAM,MS,1739,Main Draw,AXELQVIST Johan (SWE),JOVER Sebastien (FRA),,,3 - 4,12:10 14:12 12:10 9:11 3:11 8:11 9:11,AXELQVIST Johan,2005
US Open Fort Lauderdale 2005,2005-07-07,LEGOUT Christophe,CHO Jihoon,FRA,KOR,4,1,"11,8,11,11,11|7,11,6,4,5",R64,GRAND_SLAM,MS,1739,Main Draw,LEGOUT Christophe (FRA),CHO Jihoon (KOR),,,1 - 4,7:11 11:8 6:11 4:11 5:11,LEGOUT Christophe,2005
US Open Fort Lauderdale 2005,2005-07-07,CHILA Patrick,KIM Taehoon,FRA,KOR,4,2,"4,11,9,13,11,11|11,9,11,11,7,5",R64,GRAND_SLAM,MS,1739,Main Draw,CHILA Patrick (FRA),KIM Taehoon (KOR),,,4 - 2,4:11 11:9 9:11 13:11 11:7 11:5,CHILA Patrick,2005
US Open Fort Lauderdale 2005,2005-07-07,KEINATH Thomas,SAHA Subhajit,SVK,IND,4,1,"11,7,11,11,11|6,11,7,3,6",R64,GRAND_SLAM,MS,1739,Main Draw,KEINATH Thomas (SVK),SAHA Subhajit (IND),,,1 - 4,6:11 11:7 7:11 3:11 6:11,KEINATH Thomas,2005
US Open Fort Lauderdale 2005,2005-07-07,KONGSGAARD Christian,MARMUREK Olivier,DEN,FRA,4,1,"11,11,8,11,11|9,9,11,8,2",R64,GRAND_SLAM,MS,1739,Main Draw,KONGSGAARD Christian (DEN),MARMUREK Olivier (FRA),,,1 - 4,9:11 9:11 11:8 8:11 2:11,KONGSGAARD Christian,2005
US Open Fort Lauderdale 2005,2005-07-07,OH Sangeun,MAECK Anthony,KOR,BEL,4,0,"11,11,11,11|8,6,9,8",R64,GRAND_SLAM,MS,1739,Main Draw,OH Sangeun (KOR),MAECK Anthony (BEL),,,0 - 4,8:11 6:11 9:11 8:11,OH Sangeun,2005
US Open Fort Lauderdale 2005,2005-07-07,SAIVE Jean-Michel,HINSE Pierre-Luc,BEL,CAN,4,1,"11,12,9,11,11|8,10,11,4,4",R64,GRAND_SLAM,MS,1739,Main Draw,SAIVE Jean-Michel (BEL),HINSE Pierre-Luc (CAN),,,4 - 1,11:8 12:10 9:11 11:4 11:4,SAIVE Jean-Michel,2005
US Open Fort Lauderdale 2005,2005-07-07,YOON Jaeyoung,DURAN Marc,KOR,ESP,4,3,"6,11,7,14,6,11,11|11,6,11,12,11,7,9",R64,GRAND_SLAM,MS,1739,Main Draw,YOON Jaeyoung (KOR),DURAN Marc (ESP),,,3 - 4,11:6 6:11 11:7 12:14 11:6 7:11 9:11,YOON Jaeyoung,2005
US Open Fort Lauderdale 2005,2005-07-07,BOBILLIER Loic,CHENG Yinghua,FRA,USA,4,1,"13,11,11,11,11|11,9,9,13,5",R64,GRAND_SLAM,MS,1739,Main Draw,BOBILLIER Loic (FRA),CHENG Yinghua (USA),,,1 - 4,11:13 9:11 9:11 13:11 5:11,BOBILLIER Loic,2005
US Open Fort Lauderdale 2005,2005-07-07,KUZMIN Fedor,YOO Changjae,RUS,KOR,4,1,"11,7,11,12,11|9,11,8,10,3",R64,GRAND_SLAM,MS,1739,Main Draw,KUZMIN Fedor (RUS),YOO Changjae (KOR),,,1 - 4,9:11 11:7 8:11 10:12 3:11,KUZMIN Fedor,2005
US Open Fort Lauderdale 2005,2005-07-07,LEE Chulseung,ACHANTA Sharath,KOR,IND,4,3,"6,9,12,11,11,9,11|11,11,10,6,4,11,6",R64,GRAND_SLAM,MS,1739,Main Draw,LEE Chulseung (KOR),ACHANTA Sharath (IND),,,4 - 3,6:11 9:11 12:10 11:6 11:4 9:11 11:6,LEE Chulseung,2005
US Open Fort Lauderdale 2005,2005-07-07,LEE Jungwoo,KASSAM Faazil,KOR,CAN,4,0,"11,11,11,11|6,6,4,5",R64,GRAND_SLAM,MS,1739,Main Draw,LEE Jungwoo (KOR),KASSAM Faazil (CAN),,,0 - 4,6:11 6:11 4:11 5:11,LEE Jungwoo,2005
US Open Fort Lauderdale 2005,2005-07-07,CHO Eonrae,ZHUANG David,KOR,USA,4,0,"11,11,12,11|8,9,10,9",R64,GRAND_SLAM,MS,1739,Main Draw,CHO Eonrae (KOR),ZHUANG David (USA),,,0 - 4,8:11 9:11 10:12 9:11,CHO Eonrae,2005
US Open Fort Lauderdale 2005,2005-07-07,SMIRNOV Alexey,DESPRES Rodolphe,RUS,FRA,4,0,"11,11,11,11|5,2,6,4",R64,GRAND_SLAM,MS,1739,Main Draw,SMIRNOV Alexey (RUS),DESPRES Rodolphe (FRA),,,0 - 4,5:11 2:11 6:11 4:11,SMIRNOV Alexey,2005
US Open Fort Lauderdale 2005,2005-07-07,GAO Ning,MEHTA Pathik,SGP,IND,4,0,"11,11,11,11|7,3,7,7",R64,GRAND_SLAM,MS,1739,Main Draw,GAO Ning (SGP),MEHTA Pathik (IND),,,4 - 0,11:7 11:3 11:7 11:7,GAO Ning,2005
US Open Fort Lauderdale 2005,2005-07-07,GERELL Par,CHRIST Nico,SWE,GER,4,0,"11,11,11,11|8,5,7,9",R64,GRAND_SLAM,MS,1739,Main Draw,GERELL Par (SWE),CHRIST Nico (GER),,,4 - 0,11:8 11:5 11:7 11:9,GERELL Par,2005
US Open Fort Lauderdale 2005,2005-07-07,GARDOS Robert,FAN Guoliang,AUT,ESP,4,1,"11,11,11,11,11|13,6,8,2,9",R64,GRAND_SLAM,MS,1739,Main Draw,GARDOS Robert (AUT),FAN Guoliang (ESP),,,1 - 4,13:11 6:11 8:11 2:11 9:11,GARDOS Robert,2005
US Open Fort Lauderdale 2005,2005-07-07,FEJER-KONNERTH Zoltan,TAKAKIWA Kenichi,GER,JPN,4,1,"11,5,12,11,11|8,11,10,8,9",R64,GRAND_SLAM,MS,1739,Main Draw,FEJER-KONNERTH Zoltan (GER),TAKAKIWA Kenichi (JPN),,,4 - 1,11:8 5:11 12:10 11:8 11:9,FEJER-KONNERTH Zoltan,2005
US Open Fort Lauderdale 2005,2005-07-07,GIONIS Panagiotis,ROY Soumyadeep,GRE,IND,4,2,"11,13,9,9,11,11|7,11,11,11,6,4",R64,GRAND_SLAM,MS,1739,Main Draw,GIONIS Panagiotis (GRE),ROY Soumyadeep (IND),,,2 - 4,7:11 11:13 11:9 11:9 6:11 4:11,GIONIS Panagiotis,2005
US Open Fort Lauderdale 2005,2005-07-07,MONRAD Martin,MATSUMOTO Cazuo,DEN,BRA,4,3,"3,11,11,2,12,9,14|11,6,7,11,10,11,12",R64,GRAND_SLAM,MS,1739,Main Draw,MONRAD Martin (DEN),MATSUMOTO Cazuo (BRA),,,4 - 3,3:11 11:6 11:7 2:11 12:10 9:11 14:12,MONRAD Martin,2005
US Open Fort Lauderdale 2005,2005-07-07,CHUANG Chih-Yuan,TSUBOI Gustavo,TPE,BRA,4,0,"11,13,11,11|5,11,6,6",R64,GRAND_SLAM,MS,1739,Main Draw,CHUANG Chih-Yuan (TPE),TSUBOI Gustavo (BRA),,,0 - 4,5:11 11:13 6:11 6:11,CHUANG Chih-Yuan,2005
US Open Fort Lauderdale 2005,2005-07-07,SAMSONOV Vladimir,SVENSSON Robert,BLR,SWE,4,0,"11,11,11,11|2,8,7,4",R32,GRAND_SLAM,MS,1739,Main Draw,SAMSONOV Vladimir (BLR),SVENSSON Robert (SWE),,,4 - 0,11:2 11:8 11:7 11:4,SAMSONOV Vladimir,2005
US Open Fort Lauderdale 2005,2005-07-07,WOSIK Torben,MOLIN Magnus,GER,SWE,4,1,"11,11,7,11,11|7,3,11,7,7",R32,GRAND_SLAM,MS,1739,Main Draw,WOSIK Torben (GER),MOLIN Magnus (SWE),,,1 - 4,7:11 3:11 11:7 7:11 7:11,WOSIK Torben,2005
US Open Fort Lauderdale 2005,2005-07-07,ELOI Damien,SEREDA Peter,FRA,SVK,4,0,"13,11,11,11|11,5,8,3",R32,GRAND_SLAM,MS,1739,Main Draw,ELOI Damien (FRA),SEREDA Peter (SVK),,,4 - 0,13:11 11:5 11:8 11:3,ELOI Damien,2005
US Open Fort Lauderdale 2005,2005-07-07,LUNDQVIST Jens,VOSTES Yannick,SWE,BEL,4,0,"11,11,11,11|7,9,6,6",R32,GRAND_SLAM,MS,1739,Main Draw,LUNDQVIST Jens (SWE),VOSTES Yannick (BEL),,,0 - 4,7:11 9:11 6:11 6:11,LUNDQVIST Jens,2005
US Open Fort Lauderdale 2005,2005-07-07,CHEN Weixing,PISTEJ Lubomir,AUT,SVK,4,0,"12,11,11,11|10,6,3,5",R32,GRAND_SLAM,MS,1739,Main Draw,CHEN Weixing (AUT),PISTEJ Lubomir (SVK),,,4 - 0,12:10 11:6 11:3 11:5,CHEN Weixing,2005
US Open Fort Lauderdale 2005,2005-07-07,LEGOUT Christophe,AXELQVIST Johan,FRA,SWE,4,1,"11,11,11,8,11|4,9,7,11,8",R32,GRAND_SLAM,MS,1739,Main Draw,LEGOUT Christophe (FRA),AXELQVIST Johan (SWE),,,1 - 4,4:11 9:11 7:11 11:8 8:11,LEGOUT Christophe,2005
US Open Fort Lauderdale 2005,2005-07-07,KEINATH Thomas,CHILA Patrick,SVK,FRA,4,2,"12,2,11,11,11,11|14,11,7,9,9,6",R32,GRAND_SLAM,MS,1739,Main Draw,KEINATH Thomas (SVK),CHILA Patrick (FRA),,,2 - 4,14:12 11:2 7:11 9:11 9:11 6:11,KEINATH Thomas,2005
US Open Fort Lauderdale 2005,2005-07-07,OH Sangeun,KONGSGAARD Christian,KOR,DEN,4,1,"7,11,11,11,11|11,7,5,6,9",R32,GRAND_SLAM,MS,1739,Main Draw,OH Sangeun (KOR),KONGSGAARD Christian (DEN),,,1 - 4,11:7 7:11 5:11 6:11 9:11,OH Sangeun,2005
US Open Fort Lauderdale 2005,2005-07-07,YOON Jaeyoung,SAIVE Jean-Michel,KOR,BEL,4,1,"11,12,8,11,11|7,10,11,6,4",R32,GRAND_SLAM,MS,1739,Main Draw,YOON Jaeyoung (KOR),SAIVE Jean-Michel (BEL),,,1 - 4,7:11 10:12 11:8 6:11 4:11,YOON Jaeyoung,2005
US Open Fort Lauderdale 2005,2005-07-07,KUZMIN Fedor,BOBILLIER Loic,RUS,FRA,4,0,"11,11,11,11|8,8,8,6",R32,GRAND_SLAM,MS,1739,Main Draw,KUZMIN Fedor (RUS),BOBILLIER Loic (FRA),,,0 - 4,8:11 8:11 8:11 6:11,KUZMIN Fedor,2005
US Open Fort Lauderdale 2005,2005-07-07,LEE Jungwoo,LEE Chulseung,KOR,KOR,4,1,"11,8,11,11,11|8,11,8,9,6",R32,GRAND_SLAM,MS,1739,Main Draw,LEE Jungwoo (KOR),LEE Chulseung (KOR),,,1 - 4,8:11 11:8 8:11 9:11 6:11,LEE Jungwoo,2005
US Open Fort Lauderdale 2005,2005-07-07,CHO Eonrae,SMIRNOV Alexey,KOR,RUS,4,0,"11,11,11,11|7,2,7,5",R32,GRAND_SLAM,MS,1739,Main Draw,CHO Eonrae (KOR),SMIRNOV Alexey (RUS),,,4 - 0,11:7 11:2 11:7 11:5,CHO Eonrae,2005
US Open Fort Lauderdale 2005,2005-07-07,GAO Ning,FETH Stefan,SGP,GER,4,2,"11,8,11,9,12,11|7,11,8,11,10,7",R32,GRAND_SLAM,MS,1739,Main Draw,GAO Ning (SGP),FETH Stefan (GER),,,4 - 2,11:7 8:11 11:8 9:11 12:10 11:7,GAO Ning,2005
US Open Fort Lauderdale 2005,2005-07-07,GERELL Par,GARDOS Robert,SWE,AUT,4,0,"11,12,11,11|8,10,9,2",R32,GRAND_SLAM,MS,1739,Main Draw,GERELL Par (SWE),GARDOS Robert (AUT),,,4 - 0,11:8 12:10 11:9 11:2,GERELL Par,2005
US Open Fort Lauderdale 2005,2005-07-07,GIONIS Panagiotis,FEJER-KONNERTH Zoltan,GRE,GER,4,3,"11,8,11,6,11,2,11|7,11,7,11,7,11,3",R32,GRAND_SLAM,MS,1739,Main Draw,GIONIS Panagiotis (GRE),FEJER-KONNERTH Zoltan (GER),,,3 - 4,7:11 11:8 7:11 11:6 7:11 11:2 3:11,GIONIS Panagiotis,2005
US Open Fort Lauderdale 2005,2005-07-07,MONRAD Martin,CHUANG Chih-Yuan,DEN,TPE,4,3,"6,8,6,11,11,11,11|11,11,11,6,7,6,7",R32,GRAND_SLAM,MS,1739,Main Draw,MONRAD Martin (DEN),CHUANG Chih-Yuan (TPE),,,4 - 3,6:11 8:11 6:11 11:6 11:7 11:6 11:7,MONRAD Martin,2005
US Open Fort Lauderdale 2005,2005-07-07,SAMSONOV Vladimir,WOSIK Torben,BLR,GER,4,1,"8,11,12,11,11|11,5,10,8,8",R16,GRAND_SLAM,MS,1739,Main Draw,SAMSONOV Vladimir (BLR),WOSIK Torben (GER),,,4 - 1,8:11 11:5 12:10 11:8 11:8,SAMSONOV Vladimir,2005
US Open Fort Lauderdale 2005,2005-07-07,LUNDQVIST Jens,ELOI Damien,SWE,FRA,4,3,"10,11,13,6,11,5,11|12,9,11,11,8,11,8",R16,GRAND_SLAM,MS,1739,Main Draw,LUNDQVIST Jens (SWE),ELOI Damien (FRA),,,3 - 4,12:10 9:11 11:13 11:6 8:11 11:5 8:11,LUNDQVIST Jens,2005
US Open Fort Lauderdale 2005,2005-07-07,CHEN Weixing,LEGOUT Christophe,AUT,FRA,4,0,"11,11,11,11|5,9,5,9",R16,GRAND_SLAM,MS,1739,Main Draw,CHEN Weixing (AUT),LEGOUT Christophe (FRA),,,4 - 0,11:5 11:9 11:5 11:9,CHEN Weixing,2005
US Open Fort Lauderdale 2005,2005-07-07,OH Sangeun,KEINATH Thomas,KOR,SVK,4,3,"11,10,14,9,9,11,11|5,12,12,11,11,7,7",R16,GRAND_SLAM,MS,1739,Main Draw,OH Sangeun (KOR),KEINATH Thomas (SVK),,,3 - 4,5:11 12:10 12:14 11:9 11:9 7:11 7:11,OH Sangeun,2005
US Open Fort Lauderdale 2005,2005-07-07,KUZMIN Fedor,YOON Jaeyoung,RUS,KOR,4,1,"11,8,14,11,11|8,11,12,5,7",R16,GRAND_SLAM,MS,1739,Main Draw,KUZMIN Fedor (RUS),YOON Jaeyoung (KOR),,,1 - 4,8:11 11:8 12:14 5:11 7:11,KUZMIN Fedor,2005
US Open Fort Lauderdale 2005,2005-07-07,LEE Jungwoo,CHO Eonrae,KOR,KOR,4,3,"3,11,8,11,11,10,11|11,7,11,8,7,12,6",R16,GRAND_SLAM,MS,1739,Main Draw,LEE Jungwoo (KOR),CHO Eonrae (KOR),,,4 - 3,3:11 11:7 8:11 11:8 11:7 10:12 11:6,LEE Jungwoo,2005
US Open Fort Lauderdale 2005,2005-07-07,GAO Ning,GERELL Par,SGP,SWE,4,1,"11,11,6,11,11|9,6,11,8,8",R16,GRAND_SLAM,MS,1739,Main Draw,GAO Ning (SGP),GERELL Par (SWE),,,4 - 1,11:9 11:6 6:11 11:8 11:8,GAO Ning,2005
US Open Fort Lauderdale 2005,2005-07-07,MONRAD Martin,GIONIS Panagiotis,DEN,GRE,4,1,"11,12,9,11,11|3,10,11,9,8",R16,GRAND_SLAM,MS,1739,Main Draw,MONRAD Martin (DEN),GIONIS Panagiotis (GRE),,,1 - 4,3:11 10:12 11:9 9:11 8:11,MONRAD Martin,2005
US Open Fort Lauderdale 2005,2005-07-07,SAMSONOV Vladimir,LUNDQVIST Jens,BLR,SWE,4,0,"13,11,11,11|11,6,7,9",QuarterFinal,GRAND_SLAM,MS,1739,Main Draw,SAMSONOV Vladimir (BLR),LUNDQVIST Jens (SWE),,,4 - 0,13:11 11:6 11:7 11:9,SAMSONOV Vladimir,2005
US Open Fort Lauderdale 2005,2005-07-07,OH Sangeun,CHEN Weixing,KOR,AUT,4,2,"11,11,11,6,8,11|9,7,6,11,11,8",QuarterFinal,GRAND_SLAM,MS,1739,Main Draw,OH Sangeun (KOR),CHEN Weixing (AUT),,,2 - 4,9:11 7:11 6:11 11:6 11:8 8:11,OH Sangeun,2005
US Open Fort Lauderdale 2005,2005-07-07,LEE Jungwoo,KUZMIN Fedor,KOR,RUS,4,1,"11,9,11,11,11|4,11,8,9,5",QuarterFinal,GRAND_SLAM,MS,1739,Main Draw,LEE Jungwoo (KOR),KUZMIN Fedor (RUS),,,1 - 4,4:11 11:9 8:11 9:11 5:11,LEE Jungwoo,2005
US Open Fort Lauderdale 2005,2005-07-07,MONRAD Martin,GAO Ning,DEN,SGP,4,2,"9,11,14,9,11,12|11,7,12,11,6,10",QuarterFinal,GRAND_SLAM,MS,1739,Main Draw,MONRAD Martin (DEN),GAO Ning (SGP),,,2 - 4,11:9 7:11 12:14 11:9 6:11 10:12,MONRAD Martin,2005
US Open Fort Lauderdale 2005,2005-07-07,OH Sangeun,SAMSONOV Vladimir,KOR,BLR,4,1,"8,11,11,11,11|11,4,8,8,9",SemiFinal,GRAND_SLAM,MS,1739,Main Draw,OH Sangeun (KOR),SAMSONOV Vladimir (BLR),,,1 - 4,11:8 4:11 8:11 8:11 9:11,OH Sangeun,2005
US Open Fort Lauderdale 2005,2005-07-07,LEE Jungwoo,MONRAD Martin,KOR,DEN,4,1,"11,11,9,11,13|7,4,11,1,11",SemiFinal,GRAND_SLAM,MS,1739,Main Draw,LEE Jungwoo (KOR),MONRAD Martin (DEN),,,4 - 1,11:7 11:4 9:11 11:1 13:11,LEE Jungwoo,2005
US Open Fort Lauderdale 2005,2005-07-07,OH Sangeun,LEE Jungwoo,KOR,KOR,4,1,"11,16,11,11,11|13,14,8,6,5",Final,GRAND_SLAM,MS,1739,Main Draw,OH Sangeun (KOR),LEE Jungwoo (KOR),,,4 - 1,11:13 16:14 11:8 11:6 11:5,OH Sangeun,2005
US Open Fort Lauderdale 2005,2005-07-07,JOVER Sebastien,DATTEL Barry,FRA,USA,4,0,"11,11,11,11|4,3,4,9",3,GRAND_SLAM,MS,1739,Qualification,JOVER Sebastien (FRA),DATTEL Barry (USA),,,4 - 0,11:4 11:3 11:4 11:9,JOVER Sebastien,2005
US Open Fort Lauderdale 2005,2005-07-07,SANJAY Lester,COCHRAN Joseph,GUA,USA,4,0,"11,11,11,11|5,7,6,9",,GRAND_SLAM,MS,1739,Qualification,SANJAY Lester (GUA),COCHRAN Joseph (USA),,,0 - 4,5:11 7:11 6:11 9:11,SANJAY Lester,2005
US Open Fort Lauderdale 2005,2005-07-07,BOBILLIER Loic,SANJAY Lester,FRA,GUA,4,0,"12,11,11,11|10,4,3,3",QR2,GRAND_SLAM,MS,1739,Qualification,BOBILLIER Loic (FRA),SANJAY Lester (GUA),,,4 - 0,12:10 11:4 11:3 11:3,BOBILLIER Loic,2005
US Open Fort Lauderdale 2005,2005-07-07,BOBILLIER Loic,COCHRAN Joseph,FRA,USA,4,0,"11,11,11,11|3,3,8,8",3,GRAND_SLAM,MS,1739,Qualification,BOBILLIER Loic (FRA),COCHRAN Joseph (USA),,,4 - 0,11:3 11:3 11:8 11:8,BOBILLIER Loic,2005
US Open Fort Lauderdale 2005,2005-07-07,CHUI Chi-Sun,STRACHAN Darryl,USA,JAM,4,0,"11,11,11,11|7,9,7,5",,GRAND_SLAM,MS,1739,Qualification,CHUI Chi-Sun (USA),STRACHAN Darryl (JAM),,,4 - 0,11:7 11:9 11:7 11:5,CHUI Chi-Sun,2005
US Open Fort Lauderdale 2005,2005-07-07,FETH Stefan,STRACHAN Darryl,GER,JAM,4,0,"11,11,11,11|4,4,7,0",QR2,GRAND_SLAM,MS,1739,Qualification,FETH Stefan (GER),STRACHAN Darryl (JAM),,,4 - 0,11:4 11:4 11:7 11:0,FETH Stefan,2005
US Open Fort Lauderdale 2005,2005-07-07,FETH Stefan,CHUI Chi-Sun,GER,USA,4,0,"11,11,11,11|5,7,5,9",3,GRAND_SLAM,MS,1739,Qualification,FETH Stefan (GER),CHUI Chi-Sun (USA),,,4 - 0,11:5 11:7 11:5 11:9,FETH Stefan,2005
US Open Fort Lauderdale 2005,2005-07-07,NANDI Anirban,AU Kevin,IND,USA,4,1,"11,7,11,14,11|6,11,8,12,8",,GRAND_SLAM,MS,1739,Qualification,NANDI Anirban (IND),AU Kevin (USA),,,1 - 4,6:11 11:7 8:11 12:14 8:11,NANDI Anirban,2005
US Open Fort Lauderdale 2005,2005-07-07,KIM Taehoon,NANDI Anirban,KOR,IND,4,0,"11,11,11,11|8,4,7,3",QR2,GRAND_SLAM,MS,1739,Qualification,KIM Taehoon (KOR),NANDI Anirban (IND),,,4 - 0,11:8 11:4 11:7 11:3,KIM Taehoon,2005
US Open Fort Lauderdale 2005,2005-07-07,KIM Taehoon,AU Kevin,KOR,USA,4,0,"11,11,11,13|7,4,7,11",3,GRAND_SLAM,MS,1739,Qualification,KIM Taehoon (KOR),AU Kevin (USA),,,4 - 0,11:7 11:4 11:7 13:11,KIM Taehoon,2005
US Open Fort Lauderdale 2005,2005-07-07,AXELQVIST Johan,ALBAN Keith,SWE,USA,4,0,"11,11,11,11|8,8,8,7",3,GRAND_SLAM,MS,1739,Qualification,AXELQVIST Johan (SWE),ALBAN Keith (USA),,,4 - 0,11:8 11:8 11:8 11:7,AXELQVIST Johan,2005
US Open Fort Lauderdale 2005,2005-07-07,FAN Guoliang,TIMSUWAN Sakda,ESP,USA,4,0,"11,11,11,11|4,2,6,5",,GRAND_SLAM,MS,1739,Qualification,FAN Guoliang (ESP),TIMSUWAN Sakda (USA),,,4 - 0,11:4 11:2 11:6 11:5,FAN Guoliang,2005
US Open Fort Lauderdale 2005,2005-07-07,LEE Jinkwon,TIMSUWAN Sakda,KOR,USA,4,0,"11,11,11,11|4,9,5,3",QR2,GRAND_SLAM,MS,1739,Qualification,LEE Jinkwon (KOR),TIMSUWAN Sakda (USA),,,4 - 0,11:4 11:9 11:5 11:3,LEE Jinkwon,2005
US Open Fort Lauderdale 2005,2005-07-07,FAN Guoliang,LEE Jinkwon,ESP,KOR,4,3,"7,11,12,11,11,9,11|11,4,14,9,5,11,8",3,GRAND_SLAM,MS,1739,Qualification,FAN Guoliang (ESP),LEE Jinkwon (KOR),,,3 - 4,11:7 4:11 14:12 9:11 5:11 11:9 8:11,FAN Guoliang,2005
US Open Fort Lauderdale 2005,2005-07-07,GATICA Hector,RUNYAN Trevor,GUA,USA,4,2,"7,8,11,11,11,11|11,11,9,9,7,7",,GRAND_SLAM,MS,1739,Qualification,GATICA Hector (GUA),RUNYAN Trevor (USA),,,4 - 2,7:11 8:11 11:9 11:9 11:7 11:7,GATICA Hector,2005
US Open Fort Lauderdale 2005,2005-07-07,BERTIN Christophe,RUNYAN Trevor,FRA,USA,4,0,"11,11,11,11|4,5,3,1",QR2,GRAND_SLAM,MS,1739,Qualification,BERTIN Christophe (FRA),RUNYAN Trevor (USA),,,4 - 0,11:4 11:5 11:3 11:1,BERTIN Christophe,2005
US Open Fort Lauderdale 2005,2005-07-07,BERTIN Christophe,GATICA Hector,FRA,GUA,4,0,"11,11,11,11|3,6,8,3",3,GRAND_SLAM,MS,1739,Qualification,BERTIN Christophe (FRA),GATICA Hector (GUA),,,4 - 0,11:3 11:6 11:8 11:3,BERTIN Christophe,2005
US Open Fort Lauderdale 2005,2005-07-07,CHIU Peter,DUBINA Samson,CAN,USA,4,3,"5,11,11,11,8,6,11|11,5,2,6,11,11,2",,GRAND_SLAM,MS,1739,Qualification,CHIU Peter (CAN),DUBINA Samson (USA),,,4 - 3,5:11 11:5 11:2 11:6 8:11 6:11 11:2,CHIU Peter,2005
US Open Fort Lauderdale 2005,2005-07-07,CHO Eonrae,DUBINA Samson,KOR,USA,4,0,"11,11,11,11|4,7,8,5",QR2,GRAND_SLAM,MS,1739,Qualification,CHO Eonrae (KOR),DUBINA Samson (USA),,,4 - 0,11:4 11:7 11:8 11:5,CHO Eonrae,2005
US Open Fort Lauderdale 2005,2005-07-07,CHO Eonrae,CHIU Peter,KOR,CAN,4,1,"11,11,11,8,11|6,4,5,11,6",3,GRAND_SLAM,MS,1739,Qualification,CHO Eonrae (KOR),CHIU Peter (CAN),,,4 - 1,11:6 11:4 11:5 8:11 11:6,CHO Eonrae,2005
US Open Fort Lauderdale 2005,2005-07-07,SORENSEN Mads,KIM Bong Geun,DEN,USA,4,0,"11,11,11,11|9,9,7,9",QR2,GRAND_SLAM,MS,1739,Qualification,SORENSEN Mads (DEN),KIM Bong Geun (USA),,,4 - 0,11:9 11:9 11:7 11:9,SORENSEN Mads,2005
US Open Fort Lauderdale 2005,2005-07-07,ACHANTA Sharath,REED Barney,IND,USA,4,0,"11,11,11,11|8,9,6,6",QR2,GRAND_SLAM,MS,1739,Qualification,ACHANTA Sharath (IND),REED Barney (USA),,,4 - 0,11:8 11:9 11:6 11:6,ACHANTA Sharath,2005
US Open Fort Lauderdale 2005,2005-07-07,SVENSSON Robert,NGUYEN Anh,SWE,USA,4,0,"11,11,11,11|4,8,6,6",QR2,GRAND_SLAM,MS,1739,Qualification,SVENSSON Robert (SWE),NGUYEN Anh (USA),,,4 - 0,11:4 11:8 11:6 11:6,SVENSSON Robert,2005
US Open Fort Lauderdale 2005,2005-07-07,GOMBOS Ludovic,GUO Peng,USA,CAN,4,0,"11,11,11,11|2,9,9,6",,GRAND_SLAM,MS,1739,Qualification,GOMBOS Ludovic (USA),GUO Peng (CAN),,,0 - 4,2:11 9:11 9:11 6:11,GOMBOS Ludovic,2005
US Open Fort Lauderdale 2005,2005-07-07,ROBERTSON Adam,GOMBOS Ludovic,WAL,USA,4,1,"11,12,11,12,11|3,10,8,14,0",QR2,GRAND_SLAM,MS,1739,Qualification,ROBERTSON Adam (WAL),GOMBOS Ludovic (USA),,,4 - 1,11:3 12:10 11:8 12:14 11:0,ROBERTSON Adam,2005
US Open Fort Lauderdale 2005,2005-07-07,ROBERTSON Adam,GUO Peng,WAL,CAN,4,0,"12,11,12,12|10,7,10,10",3,GRAND_SLAM,MS,1739,Qualification,ROBERTSON Adam (WAL),GUO Peng (CAN),,,4 - 0,12:10 11:7 12:10 12:10,ROBERTSON Adam,2005
US Open Fort Lauderdale 2005,2005-07-07,HINSE Pierre-Luc,SHAO Yu,CAN,USA,4,1,"11,11,6,11,11|9,9,11,8,7",,GRAND_SLAM,MS,1739,Qualification,HINSE Pierre-Luc (CAN),SHAO Yu (USA),,,4 - 1,11:9 11:9 6:11 11:8 11:7,HINSE Pierre-Luc,2005
US Open Fort Lauderdale 2005,2005-07-07,YOO Changjae,SHAO Yu,KOR,USA,4,1,"11,11,11,11,12|3,13,6,7,10",QR2,GRAND_SLAM,MS,1739,Qualification,YOO Changjae (KOR),SHAO Yu (USA),,,4 - 1,11:3 11:13 11:6 11:7 12:10,YOO Changjae,2005
US Open Fort Lauderdale 2005,2005-07-07,YOO Changjae,HINSE Pierre-Luc,KOR,CAN,4,1,"3,11,11,11,11|11,8,7,7,9",3,GRAND_SLAM,MS,1739,Qualification,YOO Changjae (KOR),HINSE Pierre-Luc (CAN),,,4 - 1,3:11 11:8 11:7 11:7 11:9,YOO Changjae,2005
US Open Fort Lauderdale 2005,2005-07-07,SHEN Qiang,HUANG Jeff,CAN,USA,4,0,"11,11,11,11|9,7,4,6",,GRAND_SLAM,MS,1739,Qualification,SHEN Qiang (CAN),HUANG Jeff (USA),,,4 - 0,11:9 11:7 11:4 11:6,SHEN Qiang,2005
US Open Fort Lauderdale 2005,2005-07-07,TAKAKIWA Kenichi,HUANG Jeff,JPN,USA,4,0,"11,12,11,11|5,10,9,5",QR2,GRAND_SLAM,MS,1739,Qualification,TAKAKIWA Kenichi (JPN),HUANG Jeff (USA),,,4 - 0,11:5 12:10 11:9 11:5,TAKAKIWA Kenichi,2005
US Open Fort Lauderdale 2005,2005-07-07,TAKAKIWA Kenichi,SHEN Qiang,JPN,CAN,4,1,"11,11,9,12,11|7,9,11,10,9",3,GRAND_SLAM,MS,1739,Qualification,TAKAKIWA Kenichi (JPN),SHEN Qiang (CAN),,,4 - 1,11:7 11:9 9:11 12:10 11:9,TAKAKIWA Kenichi,2005
US Open Fort Lauderdale 2005,2005-07-07,HUGH Adam,WATSON Kane,USA,JAM,4,1,"11,11,11,9,12|6,3,4,11,10",,GRAND_SLAM,MS,1739,Qualification,HUGH Adam (USA),WATSON Kane (JAM),,,4 - 1,11:6 11:3 11:4 9:11 12:10,HUGH Adam,2005
US Open Fort Lauderdale 2005,2005-07-07,ROY Soumyadeep,WATSON Kane,IND,JAM,4,0,"11,11,11,11|4,7,2,6",QR2,GRAND_SLAM,MS,1739,Qualification,ROY Soumyadeep (IND),WATSON Kane (JAM),,,4 - 0,11:4 11:7 11:2 11:6,ROY Soumyadeep,2005
US Open Fort Lauderdale 2005,2005-07-07,ROY Soumyadeep,HUGH Adam,IND,USA,4,3,"9,8,11,12,11,10,11|11,11,8,10,7,12,8",3,GRAND_SLAM,MS,1739,Qualification,ROY Soumyadeep (IND),HUGH Adam (USA),,,4 - 3,9:11 8:11 11:8 12:10 11:7 10:12 11:8,ROY Soumyadeep,2005
US Open Fort Lauderdale 2005,2005-07-07,MATSUMOTO Cazuo,THERIEN Xavier,BRA,CAN,4,1,"8,11,11,11,12|11,8,8,6,10",3,GRAND_SLAM,MS,1739,Qualification,MATSUMOTO Cazuo (BRA),THERIEN Xavier (CAN),,,4 - 1,8:11 11:8 11:8 11:6 12:10,MATSUMOTO Cazuo,2005
US Open Fort Lauderdale 2005,2005-07-07,KAMKAR-PARSI Homayoun,GREEN Wally,CAN,USA,4,1,"8,11,11,11,11|11,9,5,2,1",,GRAND_SLAM,MS,1739,Qualification,KAMKAR-PARSI Homayoun (CAN),GREEN Wally (USA),,,4 - 1,8:11 11:9 11:5 11:2 11:1,KAMKAR-PARSI Homayoun,2005
US Open Fort Lauderdale 2005,2005-07-07,DURAN Marc,KAMKAR-PARSI Homayoun,ESP,CAN,4,0,"12,11,11,11|10,5,5,5",3,GRAND_SLAM,MS,1739,Qualification,DURAN Marc (ESP),KAMKAR-PARSI Homayoun (CAN),,,4 - 0,12:10 11:5 11:5 11:5,DURAN Marc,2005
US Open Fort Lauderdale 2005,2005-07-07,FLORES Omar,WANG Jia Chen David,GUA,USA,4,1,"3,11,11,11,11|11,8,7,9,9",,GRAND_SLAM,MS,1739,Qualification,FLORES Omar (GUA),WANG Jia Chen David (USA),,,4 - 1,3:11 11:8 11:7 11:9 11:9,FLORES Omar,2005
US Open Fort Lauderdale 2005,2005-07-07,DESPRES Rodolphe,FLORES Omar,FRA,GUA,4,1,"11,9,11,11,11|7,11,6,7,4",3,GRAND_SLAM,MS,1739,Qualification,DESPRES Rodolphe (FRA),FLORES Omar (GUA),,,4 - 1,11:7 9:11 11:6 11:7 11:4,DESPRES Rodolphe,2005
US Open Fort Lauderdale 2005,2005-07-07,MEHTA Pathik,ROSENZWEIG David,IND,USA,4,0,"11,11,11,11|5,7,6,6",,GRAND_SLAM,MS,1739,Qualification,MEHTA Pathik (IND),ROSENZWEIG David (USA),,,4 - 0,11:5 11:7 11:6 11:6,MEHTA Pathik,2005
US Open Fort Lauderdale 2005,2005-07-07,CHRIST Nico,ROSENZWEIG David,GER,USA,4,0,"11,11,11,11|5,4,6,4",QR2,GRAND_SLAM,MS,1739,Qualification,CHRIST Nico (GER),ROSENZWEIG David (USA),,,4 - 0,11:5 11:4 11:6 11:4,CHRIST Nico,2005
US Open Fort Lauderdale 2005,2005-07-07,CHRIST Nico,MEHTA Pathik,GER,IND,4,1,"11,11,7,16,11|6,6,11,14,9",3,GRAND_SLAM,MS,1739,Qualification,CHRIST Nico (GER),MEHTA Pathik (IND),,,4 - 1,11:6 11:6 7:11 16:14 11:9,CHRIST Nico,2005
US Open Fort Lauderdale 2005,2005-07-07,PAPADIMITRIOU Dimitrios,NGUYEN Steve,GRE,USA,4,0,"11,11,11,12|9,8,8,10",,GRAND_SLAM,MS,1739,Qualification,PAPADIMITRIOU Dimitrios (GRE),NGUYEN Steve (USA),,,4 - 0,11:9 11:8 11:8 12:10,PAPADIMITRIOU Dimitrios,2005
US Open Fort Lauderdale 2005,2005-07-07,KONGSGAARD Christian,NGUYEN Steve,DEN,USA,4,2,"10,12,11,11,11,11|12,14,9,5,5,4",QR2,GRAND_SLAM,MS,1739,Qualification,KONGSGAARD Christian (DEN),NGUYEN Steve (USA),,,4 - 2,10:12 12:14 11:9 11:5 11:5 11:4,KONGSGAARD Christian,2005
US Open Fort Lauderdale 2005,2005-07-07,KONGSGAARD Christian,PAPADIMITRIOU Dimitrios,DEN,GRE,4,1,"7,11,11,15,11|11,5,6,13,6",3,GRAND_SLAM,MS,1739,Qualification,KONGSGAARD Christian (DEN),PAPADIMITRIOU Dimitrios (GRE),,,4 - 1,7:11 11:5 11:6 15:13 11:6,KONGSGAARD Christian,2005
US Open Fort Lauderdale 2005,2005-07-07,CHO Jihoon,PERSSON Jon,KOR,SWE,4,3,"11,6,4,13,11,10,11|5,11,11,11,5,12,8",,GRAND_SLAM,MS,1739,Qualification,CHO Jihoon (KOR),PERSSON Jon (SWE),,,3 - 4,5:11 11:6 11:4 11:13 5:11 12:10 8:11,CHO Jihoon,2005
US Open Fort Lauderdale 2005,2005-07-07,CHO Jihoon,TSUBOI Gustavo,KOR,BRA,4,2,"11,11,10,11,7,11|6,4,12,3,11,7",QR2,GRAND_SLAM,MS,1739,Qualification,CHO Jihoon (KOR),TSUBOI Gustavo (BRA),,,2 - 4,6:11 4:11 12:10 3:11 11:7 7:11,CHO Jihoon,2005
US Open Fort Lauderdale 2005,2005-07-07,TSUBOI Gustavo,PERSSON Jon,BRA,SWE,4,2,"11,6,11,11,11,11|7,11,6,6,13,8",3,GRAND_SLAM,MS,1739,Qualification,TSUBOI Gustavo (BRA),PERSSON Jon (SWE),,,4 - 2,11:7 6:11 11:6 11:6 11:13 11:8,TSUBOI Gustavo,2005
US Open Fort Lauderdale 2005,2005-07-07,KASSAM Faazil,MAECK Anthony,CAN,BEL,4,1,"11,4,11,11,11|9,11,7,3,8",3,GRAND_SLAM,MS,1739,Qualification,KASSAM Faazil (CAN),MAECK Anthony (BEL),,,4 - 1,11:9 4:11 11:7 11:3 11:8,KASSAM Faazil,2005
US Open Fort Lauderdale 2005,2005-07-07,SAHA Subhajit,ELENSKY Gregory,IND,ISR,4,2,"7,11,11,6,13,11|11,8,7,11,11,8",,GRAND_SLAM,MS,1739,Qualification,SAHA Subhajit (IND),ELENSKY Gregory (ISR),,,4 - 2,7:11 11:8 11:7 6:11 13:11 11:8,SAHA Subhajit,2005
US Open Fort Lauderdale 2005,2005-07-07,ELENSKY Gregory,BALL Andreas,ISR,GER,4,2,"11,8,11,8,11,11|5,11,8,11,7,4",QR2,GRAND_SLAM,MS,1739,Qualification,ELENSKY Gregory (ISR),BALL Andreas (GER),,,2 - 4,5:11 11:8 8:11 11:8 7:11 4:11,ELENSKY Gregory,2005
US Open Fort Lauderdale 2005,2005-07-07,SAHA Subhajit,BALL Andreas,IND,GER,4,1,"11,11,11,7,11|8,4,7,11,8",3,GRAND_SLAM,MS,1739,Qualification,SAHA Subhajit (IND),BALL Andreas (GER),,,1 - 4,8:11 4:11 7:11 11:7 8:11,SAHA Subhajit,2005
US Open Fort Lauderdale 2005,2005-07-07,PETER-PAUL Pradeeban,DOMANIKU Besart,CAN,KOS,4,0,"16,11,11,11|14,4,6,5",,GRAND_SLAM,MS,1739,Qualification,PETER-PAUL Pradeeban (CAN),DOMANIKU Besart (KOS),,,4 - 0,16:14 11:4 11:6 11:5,PETER-PAUL Pradeeban,2005
US Open Fort Lauderdale 2005,2005-07-07,HAZINSKI Mark,DOMANIKU Besart,USA,KOS,4,0,"11,11,11,11|4,5,3,2",QR4,GRAND_SLAM,MS,1739,Qualification,HAZINSKI Mark (USA),DOMANIKU Besart (KOS),,,4 - 0,11:4 11:5 11:3 11:2,HAZINSKI Mark,2005
US Open Fort Lauderdale 2005,2005-07-07,PETER-PAUL Pradeeban,HAZINSKI Mark,CAN,USA,4,2,"11,11,11,6,3,11|7,7,8,11,11,7",5,GRAND_SLAM,MS,1739,Qualification,PETER-PAUL Pradeeban (CAN),HAZINSKI Mark (USA),,,4 - 2,11:7 11:7 11:8 6:11 3:11 11:7,PETER-PAUL Pradeeban,2005
US Open Fort Lauderdale 2005,2005-07-07,PETERSEN Christoffer,CITAKU Nehat,DEN,KOS,4,0,"11,11,11,11|0,4,3,6",,GRAND_SLAM,MS,1739,Qualification,PETERSEN Christoffer (DEN),CITAKU Nehat (KOS),,,4 - 0,11:0 11:4 11:3 11:6,PETERSEN Christoffer,2005
US Open Fort Lauderdale 2005,2005-07-07,JOHNSON Ben,RAMIREZ Jose Miguel,WAL,GUA,4,2,"11,8,9,11,11,11|2,11,11,6,8,4",QR2,GRAND_SLAM,MS,1739,Qualification,JOHNSON Ben (WAL),RAMIREZ Jose Miguel (GUA),,,2 - 4,2:11 11:8 11:9 6:11 8:11 4:11,JOHNSON Ben,2005
US Open Fort Lauderdale 2005,2005-07-07,PETERSEN Christoffer,JOHNSON Ben,DEN,WAL,4,1,"11,11,12,2,11|7,5,10,11,7",3,GRAND_SLAM,MS,1739,Qualification,PETERSEN Christoffer (DEN),JOHNSON Ben (WAL),,,4 - 1,11:7 11:5 12:10 2:11 11:7,PETERSEN Christoffer,2005
US Open Fort Lauderdale 2005,2005-07-07,RAMIREZ Jose Miguel,CITAKU Nehat,GUA,KOS,4,0,"11,11,11,11|9,7,2,8",QR4,GRAND_SLAM,MS,1739,Qualification,RAMIREZ Jose Miguel (GUA),CITAKU Nehat (KOS),,,4 - 0,11:9 11:7 11:2 11:8,RAMIREZ Jose Miguel,2005
US Open Fort Lauderdale 2005,2005-07-07,PETERSEN Christoffer,RAMIREZ Jose Miguel,DEN,GUA,4,2,"11,8,12,6,11,11|9,11,10,11,7,9",5,GRAND_SLAM,MS,1739,Qualification,PETERSEN Christoffer (DEN),RAMIREZ Jose Miguel (GUA),,,4 - 2,11:9 8:11 12:10 6:11 11:7 11:9,PETERSEN Christoffer,2005
US Open Fort Lauderdale 2005,2005-07-07,JOHNSON Ben,CITAKU Nehat,WAL,KOS,4,0,"11,11,11,11|4,2,3,8",6,GRAND_SLAM,MS,1739,Qualification,JOHNSON Ben (WAL),CITAKU Nehat (KOS),,,4 - 0,11:4 11:2 11:3 11:8,JOHNSON Ben,2005
US Open Fort Lauderdale 2005,2005-07-07,VOSTES Yannick,HASANI Astrit,BEL,KOS,4,0,"11,11,11,11|4,5,8,5",,GRAND_SLAM,MS,1739,Qualification,VOSTES Yannick (BEL),HASANI Astrit (KOS),,,4 - 0,11:4 11:5 11:8 11:5,VOSTES Yannick,2005
US Open Fort Lauderdale 2005,2005-07-07,ROSNER Benjamin,DAVID Paul,GER,GUY,4,0,"11,11,11,13|5,5,6,11",QR2,GRAND_SLAM,MS,1739,Qualification,ROSNER Benjamin (GER),DAVID Paul (GUY),,,4 - 0,11:5 11:5 11:6 13:11,ROSNER Benjamin,2005
US Open Fort Lauderdale 2005,2005-07-07,VOSTES Yannick,DAVID Paul,BEL,GUY,4,0,"15,14,11,11|13,12,8,6",3,GRAND_SLAM,MS,1739,Qualification,VOSTES Yannick (BEL),DAVID Paul (GUY),,,4 - 0,15:13 14:12 11:8 11:6,VOSTES Yannick,2005
US Open Fort Lauderdale 2005,2005-07-07,ROSNER Benjamin,HASANI Astrit,GER,KOS,4,0,"11,11,11,11|4,3,6,9",QR4,GRAND_SLAM,MS,1739,Qualification,ROSNER Benjamin (GER),HASANI Astrit (KOS),,,4 - 0,11:4 11:3 11:6 11:9,ROSNER Benjamin,2005
US Open Fort Lauderdale 2005,2005-07-07,VOSTES Yannick,ROSNER Benjamin,BEL,GER,4,3,"11,10,7,11,12,5,12|3,12,11,8,10,11,10",5,GRAND_SLAM,MS,1739,Qualification,VOSTES Yannick (BEL),ROSNER Benjamin (GER),,,4 - 3,11:3 10:12 7:11 11:8 12:10 5:11 12:10,VOSTES Yannick,2005
US Open Fort Lauderdale 2005,2005-07-07,DAVID Paul,HASANI Astrit,GUY,KOS,4,0,"12,11,11,11|10,4,4,4",6,GRAND_SLAM,MS,1739,Qualification,DAVID Paul (GUY),HASANI Astrit (KOS),,,4 - 0,12:10 11:4 11:4 11:4,DAVID Paul,2005
US Open Fort Lauderdale 2005,2005-07-07,ROBERTSON Adam,STRACHAN Darryl,WAL,JAM,3,0,"13,11,11|11,8,7",QR2,GRAND_SLAM,U21MS,1739,Qualification,ROBERTSON Adam (WAL),STRACHAN Darryl (JAM),,,3 - 0,13:11 11:8 11:7,ROBERTSON Adam,2005
US Open Fort Lauderdale 2005,2005-07-07,WATSON Kane,JARRIN David,JAM,USA,3,0,"11,14,11|7,12,7",,GRAND_SLAM,U21MS,1739,Qualification,WATSON Kane (JAM),JARRIN David (USA),,,0 - 3,7:11 12:14 7:11,WATSON Kane,2005
US Open Fort Lauderdale 2005,2005-07-07,TAKAKIWA Kenichi,WATSON Kane,JPN,JAM,3,0,"11,11,11|9,6,9",QR2,GRAND_SLAM,U21MS,1739,Qualification,TAKAKIWA Kenichi (JPN),WATSON Kane (JAM),,,3 - 0,11:9 11:6 11:9,TAKAKIWA Kenichi,2005
US Open Fort Lauderdale 2005,2005-07-07,CHO Jihoon,COCHRAN Joseph,KOR,USA,3,0,"11,11,11|5,7,6",,GRAND_SLAM,U21MS,1739,Qualification,CHO Jihoon (KOR),COCHRAN Joseph (USA),,,0 - 3,5:11 7:11 6:11,CHO Jihoon,2005
US Open Fort Lauderdale 2005,2005-07-07,MATSUMOTO Cazuo,CHO Jihoon,BRA,KOR,3,2,"8,11,8,11,11|11,8,11,9,8",QR2,GRAND_SLAM,U21MS,1739,Qualification,MATSUMOTO Cazuo (BRA),CHO Jihoon (KOR),,,3 - 2,8:11 11:8 8:11 11:9 11:8,MATSUMOTO Cazuo,2005
US Open Fort Lauderdale 2005,2005-07-07,MATSUMOTO Cazuo,COCHRAN Joseph,BRA,USA,3,0,"11,11,11|2,9,5",3,GRAND_SLAM,U21MS,1739,Qualification,MATSUMOTO Cazuo (BRA),COCHRAN Joseph (USA),,,3 - 0,11:2 11:9 11:5,MATSUMOTO Cazuo,2005
US Open Fort Lauderdale 2005,2005-07-07,GATICA Hector,LEACH John,GUA,USA,3,1,"11,11,10,12|9,4,12,10",,GRAND_SLAM,U21MS,1739,Qualification,GATICA Hector (GUA),LEACH John (USA),,,3 - 1,11:9 11:4 10:12 12:10,GATICA Hector,2005
US Open Fort Lauderdale 2005,2005-07-07,DURAN Marc,LEACH John,ESP,USA,3,0,"11,11,11|7,7,6",QR2,GRAND_SLAM,U21MS,1739,Qualification,DURAN Marc (ESP),LEACH John (USA),,,3 - 0,11:7 11:7 11:6,DURAN Marc,2005
US Open Fort Lauderdale 2005,2005-07-07,DURAN Marc,GATICA Hector,ESP,GUA,3,0,"11,11,11|1,8,7",3,GRAND_SLAM,U21MS,1739,Qualification,DURAN Marc (ESP),GATICA Hector (GUA),,,3 - 0,11:1 11:8 11:7,DURAN Marc,2005
US Open Fort Lauderdale 2005,2005-07-07,CHIU Peter,MAST Michael,CAN,USA,3,0,"11,11,11|6,3,1",,GRAND_SLAM,U21MS,1739,Qualification,CHIU Peter (CAN),MAST Michael (USA),,,3 - 0,11:6 11:3 11:1,CHIU Peter,2005
US Open Fort Lauderdale 2005,2005-07-07,DESPRES Rodolphe,MAST Michael,FRA,USA,3,0,"11,11,11|4,2,4",QR2,GRAND_SLAM,U21MS,1739,Qualification,DESPRES Rodolphe (FRA),MAST Michael (USA),,,3 - 0,11:4 11:2 11:4,DESPRES Rodolphe,2005
US Open Fort Lauderdale 2005,2005-07-07,DESPRES Rodolphe,CHIU Peter,FRA,CAN,3,1,"9,11,12,11|11,9,10,8",3,GRAND_SLAM,U21MS,1739,Qualification,DESPRES Rodolphe (FRA),CHIU Peter (CAN),,,3 - 1,9:11 11:9 12:10 11:8,DESPRES Rodolphe,2005
US Open Fort Lauderdale 2005,2005-07-07,TSUBOI Gustavo,GUO Peng,BRA,CAN,3,2,"4,11,11,11,11|11,4,4,13,6",3,GRAND_SLAM,U21MS,1739,Qualification,TSUBOI Gustavo (BRA),GUO Peng (CAN),,,3 - 2,4:11 11:4 11:4 11:13 11:6,TSUBOI Gustavo,2005
US Open Fort Lauderdale 2005,2005-07-07,KASSAM Faazil,FARLEY Kevin,CAN,BAR,3,1,"11,8,11,11|7,11,6,2",3,GRAND_SLAM,U21MS,1739,Qualification,KASSAM Faazil (CAN),FARLEY Kevin (BAR),,,3 - 1,11:7 8:11 11:6 11:2,KASSAM Faazil,2005
US Open Fort Lauderdale 2005,2005-07-07,HINSE Pierre-Luc,RUNYAN Trevor,CAN,USA,3,0,"11,12,11|3,10,5",,GRAND_SLAM,U21MS,1739,Qualification,HINSE Pierre-Luc (CAN),RUNYAN Trevor (USA),,,3 - 0,11:3 12:10 11:5,HINSE Pierre-Luc,2005
US Open Fort Lauderdale 2005,2005-07-07,BALL Andreas,RUNYAN Trevor,GER,USA,3,0,"11,11,11|4,5,3",QR2,GRAND_SLAM,U21MS,1739,Qualification,BALL Andreas (GER),RUNYAN Trevor (USA),,,3 - 0,11:4 11:5 11:3,BALL Andreas,2005
US Open Fort Lauderdale 2005,2005-07-07,BALL Andreas,HINSE Pierre-Luc,GER,CAN,3,0,"11,11,11|7,6,6",3,GRAND_SLAM,U21MS,1739,Qualification,BALL Andreas (GER),HINSE Pierre-Luc (CAN),,,3 - 0,11:7 11:6 11:6,BALL Andreas,2005
US Open Fort Lauderdale 2005,2005-07-07,VOSTES Yannick,SHEN Qiang,BEL,CAN,3,1,"11,11,9,11|9,7,11,6",3,GRAND_SLAM,U21MS,1739,Qualification,VOSTES Yannick (BEL),SHEN Qiang (CAN),,,3 - 1,11:9 11:7 9:11 11:6,VOSTES Yannick,2005
US Open Fort Lauderdale 2005,2005-07-07,ELENSKY Gregory,HUGH Adam,ISR,USA,3,1,"11,12,11,11|6,14,4,4",,GRAND_SLAM,U21MS,1739,Qualification,ELENSKY Gregory (ISR),HUGH Adam (USA),,,1 - 3,6:11 14:12 4:11 4:11,ELENSKY Gregory,2005
US Open Fort Lauderdale 2005,2005-07-07,ELENSKY Gregory,ROSNER Benjamin,ISR,GER,3,0,"11,11,11|6,6,6",QR2,GRAND_SLAM,U21MS,1739,Qualification,ELENSKY Gregory (ISR),ROSNER Benjamin (GER),,,0 - 3,6:11 6:11 6:11,ELENSKY Gregory,2005
US Open Fort Lauderdale 2005,2005-07-07,ROSNER Benjamin,HUGH Adam,GER,USA,3,1,"11,11,5,11|2,9,11,4",3,GRAND_SLAM,U21MS,1739,Qualification,ROSNER Benjamin (GER),HUGH Adam (USA),,,3 - 1,11:2 11:9 5:11 11:4,ROSNER Benjamin,2005
US Open Fort Lauderdale 2005,2005-07-07,PERSSON Jon,MEHTA Pathik,SWE,IND,3,1,"11,11,3,11|7,9,11,5",5,GRAND_SLAM,U21MS,1739,Qualification,PERSSON Jon (SWE),MEHTA Pathik (IND),,,3 - 1,11:7 11:9 3:11 11:5,PERSSON Jon,2005
US Open Fort Lauderdale 2005,2005-07-07,OYA Hidetoshi,YOKOYAMA Yuichi,JPN,JPN,3,1,"11,6,11,11|6,11,4,6",QR8,GRAND_SLAM,U21MS,1739,Qualification,OYA Hidetoshi (JPN),YOKOYAMA Yuichi (JPN),,,3 - 1,11:6 6:11 11:4 11:6,OYA Hidetoshi,2005
US Open Fort Lauderdale 2005,2005-07-07,GACINA Andrej,JIANG Tianyi,CRO,HKG,3,1,"11,5,11,11|3,11,3,3",QR8,GRAND_SLAM,U21MS,1739,Qualification,GACINA Andrej (CRO),JIANG Tianyi (HKG),,,1 - 3,3:11 11:5 3:11 3:11,GACINA Andrej,2005
US Open Fort Lauderdale 2005,2005-07-07,VLASOV Grigory,VOSTES Yannick,RUS,BEL,3,1,"4,13,12,11|11,11,10,6",QR8,GRAND_SLAM,U21MS,1739,Qualification,VLASOV Grigory (RUS),VOSTES Yannick (BEL),,,3 - 1,4:11 13:11 12:10 11:6,VLASOV Grigory,2005
US Open Fort Lauderdale 2005,2005-07-07,KLEPRLIK Jakub,BALL Andreas,CZE,GER,3,1,"11,8,11,11|6,11,7,8",QR8,GRAND_SLAM,U21MS,1739,Qualification,KLEPRLIK Jakub (CZE),BALL Andreas (GER),,,3 - 1,11:6 8:11 11:7 11:8,KLEPRLIK Jakub,2005
US Open Fort Lauderdale 2005,2005-07-07,SEREDA Peter,KASSAM Faazil,SVK,CAN,4,1,"11,11,13,4,11|8,8,11,11,9",R16,GRAND_SLAM,U21MS,1739,Main Draw,SEREDA Peter (SVK),KASSAM Faazil (CAN),,,4 - 1,11:8 11:8 13:11 4:11 11:9,SEREDA Peter,2005
US Open Fort Lauderdale 2005,2005-07-07,BERTIN Christophe,TAKAKIWA Kenichi,FRA,JPN,4,2,"11,11,5,5,11,11|5,9,11,11,4,8",R16,GRAND_SLAM,U21MS,1739,Main Draw,BERTIN Christophe (FRA),TAKAKIWA Kenichi (JPN),,,2 - 4,5:11 9:11 11:5 11:5 4:11 8:11,BERTIN Christophe,2005
US Open Fort Lauderdale 2005,2005-07-07,KIM Taehoon,ROBERTSON Adam,KOR,WAL,4,1,"11,11,11,8,11|6,8,4,11,8",R16,GRAND_SLAM,U21MS,1739,Main Draw,KIM Taehoon (KOR),ROBERTSON Adam (WAL),,,4 - 1,11:6 11:8 11:4 8:11 11:8,KIM Taehoon,2005
US Open Fort Lauderdale 2005,2005-07-07,BOBILLIER Loic,TSUBOI Gustavo,FRA,BRA,4,1,"11,11,11,11,11|8,13,3,9,5",R16,GRAND_SLAM,U21MS,1739,Main Draw,BOBILLIER Loic (FRA),TSUBOI Gustavo (BRA),,,1 - 4,8:11 13:11 3:11 9:11 5:11,BOBILLIER Loic,2005
US Open Fort Lauderdale 2005,2005-07-07,CHO Eonrae,LO Dany,KOR,FRA,4,0,"11,11,11,11|6,7,7,8",R16,GRAND_SLAM,U21MS,1739,Main Draw,CHO Eonrae (KOR),LO Dany (FRA),,,0 - 4,6:11 7:11 7:11 8:11,CHO Eonrae,2005
US Open Fort Lauderdale 2005,2005-07-07,AXELQVIST Johan,DURAN Marc,SWE,ESP,4,3,"8,11,9,11,11,9,11|11,9,11,8,8,11,8",R16,GRAND_SLAM,U21MS,1739,Main Draw,AXELQVIST Johan (SWE),DURAN Marc (ESP),,,3 - 4,11:8 9:11 11:9 8:11 8:11 11:9 8:11,AXELQVIST Johan,2005
US Open Fort Lauderdale 2005,2005-07-07,LEE Jinkwon,VOSTES Yannick,KOR,BEL,4,3,"11,4,9,11,8,11,12|6,11,11,7,11,8,10",R16,GRAND_SLAM,U21MS,1739,Main Draw,LEE Jinkwon (KOR),VOSTES Yannick (BEL),,,4 - 3,11:6 4:11 9:11 11:7 8:11 11:8 12:10,LEE Jinkwon,2005
US Open Fort Lauderdale 2005,2005-07-07,PISTEJ Lubomir,MATSUMOTO Cazuo,SVK,BRA,4,3,"5,11,9,12,8,11,11|11,9,11,10,11,7,7",R16,GRAND_SLAM,U21MS,1739,Main Draw,PISTEJ Lubomir (SVK),MATSUMOTO Cazuo (BRA),,,3 - 4,11:5 9:11 11:9 10:12 11:8 7:11 7:11,PISTEJ Lubomir,2005
US Open Fort Lauderdale 2005,2005-07-07,SEREDA Peter,BERTIN Christophe,SVK,FRA,4,1,"11,8,11,11,11|2,11,9,7,5",QuarterFinal,GRAND_SLAM,U21MS,1739,Main Draw,SEREDA Peter (SVK),BERTIN Christophe (FRA),,,4 - 1,11:2 8:11 11:9 11:7 11:5,SEREDA Peter,2005
US Open Fort Lauderdale 2005,2005-07-07,KIM Taehoon,BOBILLIER Loic,KOR,FRA,4,0,"11,11,11,11|9,9,9,7",QuarterFinal,GRAND_SLAM,U21MS,1739,Main Draw,KIM Taehoon (KOR),BOBILLIER Loic (FRA),,,4 - 0,11:9 11:9 11:9 11:7,KIM Taehoon,2005
US Open Fort Lauderdale 2005,2005-07-07,CHO Eonrae,AXELQVIST Johan,KOR,SWE,4,1,"12,11,11,12,12|14,9,9,10,10",QuarterFinal,GRAND_SLAM,U21MS,1739,Main Draw,CHO Eonrae (KOR),AXELQVIST Johan (SWE),,,4 - 1,12:14 11:9 11:9 12:10 12:10,CHO Eonrae,2005
US Open Fort Lauderdale 2005,2005-07-07,PISTEJ Lubomir,LEE Jinkwon,SVK,KOR,4,3,"9,11,11,6,11,11,11|11,8,13,11,7,3,7",QuarterFinal,GRAND_SLAM,U21MS,1739,Main Draw,PISTEJ Lubomir (SVK),LEE Jinkwon (KOR),,,3 - 4,11:9 8:11 13:11 11:6 7:11 3:11 7:11,PISTEJ Lubomir,2005
US Open Fort Lauderdale 2005,2005-07-07,KIM Taehoon,SEREDA Peter,KOR,SVK,4,1,"11,11,11,11,14|13,8,8,8,12",SemiFinal,GRAND_SLAM,U21MS,1739,Main Draw,KIM Taehoon (KOR),SEREDA Peter (SVK),,,1 - 4,13:11 8:11 8:11 8:11 12:14,KIM Taehoon,2005
US Open Fort Lauderdale 2005,2005-07-07,CHO Eonrae,PISTEJ Lubomir,KOR,SVK,4,3,"12,11,8,11,3,7,11|10,7,11,7,11,11,9",SemiFinal,GRAND_SLAM,U21MS,1739,Main Draw,CHO Eonrae (KOR),PISTEJ Lubomir (SVK),,,4 - 3,12:10 11:7 8:11 11:7 3:11 7:11 11:9,CHO Eonrae,2005
US Open Fort Lauderdale 2005,2005-07-07,CHO Eonrae,KIM Taehoon,KOR,KOR,4,1,"11,9,11,11,11|9,11,6,7,7",Final,GRAND_SLAM,U21MS,1739,Main Draw,CHO Eonrae (KOR),KIM Taehoon (KOR),,,1 - 4,9:11 11:9 6:11 7:11 7:11,CHO Eonrae,2005
US Open Fort Lauderdale 2005,2005-07-07,TIE Yana,KIM Soongsil,HKG,KOR,4,1,"11,15,8,11,11|6,13,11,5,4",R32,GRAND_SLAM,WS,1739,Main Draw,TIE Yana (HKG),KIM Soongsil (KOR),,,4 - 1,11:6 15:13 8:11 11:5 11:4,TIE Yana,2005
US Open Fort Lauderdale 2005,2005-07-07,LEE Eunhee,LANG Kristin,KOR,GER,4,0,"11,12,11,11|9,10,8,1",R32,GRAND_SLAM,WS,1739,Main Draw,LEE Eunhee (KOR),LANG Kristin (GER),,,4 - 0,11:9 12:10 11:8 11:1,LEE Eunhee,2005
US Open Fort Lauderdale 2005,2005-07-07,FUJII Hiroko,STRBIKOVA Renata,JPN,CZE,4,3,"11,11,11,7,7,8,11|8,9,8,11,11,11,8",R32,GRAND_SLAM,WS,1739,Main Draw,FUJII Hiroko (JPN),STRBIKOVA Renata (CZE),,,3 - 4,8:11 9:11 8:11 11:7 11:7 11:8 8:11,FUJII Hiroko,2005
US Open Fort Lauderdale 2005,2005-07-07,GAO Jun,KIM Junghyun,USA,KOR,4,2,"11,4,11,11,11,11|3,11,5,13,2,9",R32,GRAND_SLAM,WS,1739,Main Draw,GAO Jun (USA),KIM Junghyun (KOR),,,2 - 4,3:11 11:4 5:11 13:11 2:11 9:11,GAO Jun,2005
US Open Fort Lauderdale 2005,2005-07-07,SONG Ah Sim,TASEI Mikie,HKG,JPN,4,1,"11,11,8,11,11|8,9,11,8,3",R32,GRAND_SLAM,WS,1739,Main Draw,SONG Ah Sim (HKG),TASEI Mikie (JPN),,,4 - 1,11:8 11:9 8:11 11:8 11:3,SONG Ah Sim,2005
US Open Fort Lauderdale 2005,2005-07-07,HIURA Reiko,STRUSE Nicole,JPN,GER,4,0,"11,11,11,11|7,6,4,9",R32,GRAND_SLAM,WS,1739,Main Draw,HIURA Reiko (JPN),STRUSE Nicole (GER),,,4 - 0,11:7 11:6 11:4 11:9,HIURA Reiko,2005
US Open Fort Lauderdale 2005,2005-07-07,KIM Bokrae,ZHANG Xueling,KOR,SGP,4,3,"11,11,10,12,13,8,11|8,7,12,10,15,11,7",R32,GRAND_SLAM,WS,1739,Main Draw,KIM Bokrae (KOR),ZHANG Xueling (SGP),,,3 - 4,8:11 7:11 12:10 10:12 15:13 11:8 7:11,KIM Bokrae,2005
US Open Fort Lauderdale 2005,2005-07-07,WANG Yuegu,KIM Kyungah,SGP,KOR,4,2,"11,9,11,13,11,11|9,11,9,15,9,6",R32,GRAND_SLAM,WS,1739,Main Draw,WANG Yuegu (SGP),KIM Kyungah (KOR),,,4 - 2,11:9 9:11 11:9 13:15 11:9 11:6,WANG Yuegu,2005
US Open Fort Lauderdale 2005,2005-07-07,LAU Sui Fei,PARK Miyoung,HKG,KOR,4,2,"11,8,6,11,11,11|5,11,11,7,5,3",R32,GRAND_SLAM,WS,1739,Main Draw,LAU Sui Fei (HKG),PARK Miyoung (KOR),,,4 - 2,11:5 8:11 6:11 11:7 11:5 11:3,LAU Sui Fei,2005
US Open Fort Lauderdale 2005,2005-07-07,MOON Hyunjung,TAN Paey Fern,KOR,SGP,4,0,"11,11,11,11|8,2,9,8",R32,GRAND_SLAM,WS,1739,Main Draw,MOON Hyunjung (KOR),TAN Paey Fern (SGP),,,0 - 4,8:11 2:11 9:11 8:11,MOON Hyunjung,2005
US Open Fort Lauderdale 2005,2005-07-07,SUN Beibei,LOVAS Petra,SGP,HUN,4,1,"6,11,11,11,11|11,6,4,9,5",R32,GRAND_SLAM,WS,1739,Main Draw,SUN Beibei (SGP),LOVAS Petra (HUN),,,4 - 1,6:11 11:6 11:4 11:9 11:5,SUN Beibei,2005
US Open Fort Lauderdale 2005,2005-07-07,LI Jiao,ROBERTSON Laura,NED,GER,4,1,"7,11,11,11,11|11,7,8,4,4",R32,GRAND_SLAM,WS,1739,Main Draw,LI Jiao (NED),ROBERTSON Laura (GER),,,1 - 4,11:7 7:11 8:11 4:11 4:11,LI Jiao,2005
US Open Fort Lauderdale 2005,2005-07-07,ZHANG Rui,JEON Hyekyung,HKG,KOR,4,3,"7,11,11,11,7,6,11|11,8,7,7,11,11,8",R32,GRAND_SLAM,WS,1739,Main Draw,ZHANG Rui (HKG),JEON Hyekyung (KOR),,,4 - 3,7:11 11:8 11:7 11:7 7:11 6:11 11:8,ZHANG Rui,2005
US Open Fort Lauderdale 2005,2005-07-07,HIRANO Sayaka,KERTAI Rita,JPN,HUN,4,0,"12,11,11,11|10,5,6,5",R32,GRAND_SLAM,WS,1739,Main Draw,HIRANO Sayaka (JPN),KERTAI Rita (HUN),,,0 - 4,10:12 5:11 6:11 5:11,HIRANO Sayaka,2005
US Open Fort Lauderdale 2005,2005-07-07,SCHALL Elke,KIM Hyehyun,GER,KOR,4,3,"11,7,11,11,7,9,11|4,11,9,6,11,11,6",R32,GRAND_SLAM,WS,1739,Main Draw,SCHALL Elke (GER),KIM Hyehyun (KOR),,,4 - 3,11:4 7:11 11:9 11:6 7:11 9:11 11:6,SCHALL Elke,2005
US Open Fort Lauderdale 2005,2005-07-07,LI Jiawei,KIM Minhee (YOB=1985),SGP,KOR,4,1,"11,7,11,11,11|3,11,4,3,2",R32,GRAND_SLAM,WS,1739,Main Draw,LI Jiawei (SGP),KIM Minhee (YOB=1985) (KOR),,,1 - 4,3:11 11:7 4:11 3:11 2:11,LI Jiawei,2005
US Open Fort Lauderdale 2005,2005-07-07,TIE Yana,LEE Eunhee,HKG,KOR,4,0,"11,11,11,11|8,7,7,7",R16,GRAND_SLAM,WS,1739,Main Draw,TIE Yana (HKG),LEE Eunhee (KOR),,,4 - 0,11:8 11:7 11:7 11:7,TIE Yana,2005
US Open Fort Lauderdale 2005,2005-07-07,GAO Jun,FUJII Hiroko,USA,JPN,4,2,"9,4,11,11,12,13|11,11,7,7,10,11",R16,GRAND_SLAM,WS,1739,Main Draw,GAO Jun (USA),FUJII Hiroko (JPN),,,2 - 4,11:9 11:4 7:11 7:11 10:12 11:13,GAO Jun,2005
US Open Fort Lauderdale 2005,2005-07-07,SONG Ah Sim,HIURA Reiko,HKG,JPN,4,3,"11,11,7,8,9,11,11|7,9,11,11,11,7,8",R16,GRAND_SLAM,WS,1739,Main Draw,SONG Ah Sim (HKG),HIURA Reiko (JPN),,,4 - 3,11:7 11:9 7:11 8:11 9:11 11:7 11:8,SONG Ah Sim,2005
US Open Fort Lauderdale 2005,2005-07-07,WANG Yuegu,KIM Bokrae,SGP,KOR,4,2,"12,11,9,9,11,11|10,4,11,11,8,7",R16,GRAND_SLAM,WS,1739,Main Draw,WANG Yuegu (SGP),KIM Bokrae (KOR),,,2 - 4,10:12 4:11 11:9 11:9 8:11 7:11,WANG Yuegu,2005
US Open Fort Lauderdale 2005,2005-07-07,LAU Sui Fei,MOON Hyunjung,HKG,KOR,4,1,"11,11,11,4,12|9,8,3,11,10",R16,GRAND_SLAM,WS,1739,Main Draw,LAU Sui Fei (HKG),MOON Hyunjung (KOR),,,4 - 1,11:9 11:8 11:3 4:11 12:10,LAU Sui Fei,2005
US Open Fort Lauderdale 2005,2005-07-07,LI Jiao,SUN Beibei,NED,SGP,4,2,"3,11,11,11,11,11|11,7,13,9,9,9",R16,GRAND_SLAM,WS,1739,Main Draw,LI Jiao (NED),SUN Beibei (SGP),,,2 - 4,11:3 7:11 13:11 9:11 9:11 9:11,LI Jiao,2005
US Open Fort Lauderdale 2005,2005-07-07,ZHANG Rui,HIRANO Sayaka,HKG,JPN,4,0,"11,11,11,12|7,5,7,10",R16,GRAND_SLAM,WS,1739,Main Draw,ZHANG Rui (HKG),HIRANO Sayaka (JPN),,,4 - 0,11:7 11:5 11:7 12:10,ZHANG Rui,2005
US Open Fort Lauderdale 2005,2005-07-07,LI Jiawei,SCHALL Elke,SGP,GER,4,0,"11,11,11,11|5,5,8,5",R16,GRAND_SLAM,WS,1739,Main Draw,LI Jiawei (SGP),SCHALL Elke (GER),,,0 - 4,5:11 5:11 8:11 5:11,LI Jiawei,2005
US Open Fort Lauderdale 2005,2005-07-07,TIE Yana,GAO Jun,HKG,USA,4,0,"11,11,11,11|4,4,7,9",QuarterFinal,GRAND_SLAM,WS,1739,Main Draw,TIE Yana (HKG),GAO Jun (USA),,,4 - 0,11:4 11:4 11:7 11:9,TIE Yana,2005
US Open Fort Lauderdale 2005,2005-07-07,WANG Yuegu,SONG Ah Sim,SGP,HKG,4,1,"11,11,11,11,11|6,5,13,8,7",QuarterFinal,GRAND_SLAM,WS,1739,Main Draw,WANG Yuegu (SGP),SONG Ah Sim (HKG),,,1 - 4,6:11 5:11 13:11 8:11 7:11,WANG Yuegu,2005
US Open Fort Lauderdale 2005,2005-07-07,LAU Sui Fei,LI Jiao,HKG,NED,4,2,"11,7,6,11,11,11|7,11,11,7,9,7",QuarterFinal,GRAND_SLAM,WS,1739,Main Draw,LAU Sui Fei (HKG),LI Jiao (NED),,,4 - 2,11:7 7:11 6:11 11:7 11:9 11:7,LAU Sui Fei,2005
US Open Fort Lauderdale 2005,2005-07-07,LI Jiawei,ZHANG Rui,SGP,HKG,4,1,"11,14,12,11,11|4,16,10,8,5",QuarterFinal,GRAND_SLAM,WS,1739,Main Draw,LI Jiawei (SGP),ZHANG Rui (HKG),,,1 - 4,4:11 16:14 10:12 8:11 5:11,LI Jiawei,2005
US Open Fort Lauderdale 2005,2005-07-07,TIE Yana,WANG Yuegu,HKG,SGP,4,1,"11,10,11,11,11|7,12,8,4,7",SemiFinal,GRAND_SLAM,WS,1739,Main Draw,TIE Yana (HKG),WANG Yuegu (SGP),,,4 - 1,11:7 10:12 11:8 11:4 11:7,TIE Yana,2005
US Open Fort Lauderdale 2005,2005-07-07,LI Jiawei,LAU Sui Fei,SGP,HKG,4,1,"11,8,11,11,14|4,11,5,2,12",SemiFinal,GRAND_SLAM,WS,1739,Main Draw,LI Jiawei (SGP),LAU Sui Fei (HKG),,,1 - 4,4:11 11:8 5:11 2:11 12:14,LI Jiawei,2005
US Open Fort Lauderdale 2005,2005-07-07,LI Jiawei,TIE Yana,SGP,HKG,4,0,"11,11,11,11|3,4,6,8",Final,GRAND_SLAM,WS,1739,Main Draw,LI Jiawei (SGP),TIE Yana (HKG),,,0 - 4,3:11 4:11 6:11 8:11,LI Jiawei,2005
US Open Fort Lauderdale 2005,2005-07-07,BOSIKA Mimi,MEDINA Zzwitjhallim,USA,HON,4,0,"11,12,11,11|7,10,7,6",,GRAND_SLAM,WS,1739,Qualification,BOSIKA Mimi (USA),MEDINA Zzwitjhallim (HON),,,4 - 0,11:7 12:10 11:7 11:6,BOSIKA Mimi,2005
US Open Fort Lauderdale 2005,2005-07-07,FUJII Hiroko,MEDINA Zzwitjhallim,JPN,HON,4,0,"11,11,11,11|3,7,6,3",QR2,GRAND_SLAM,WS,1739,Qualification,FUJII Hiroko (JPN),MEDINA Zzwitjhallim (HON),,,4 - 0,11:3 11:7 11:6 11:3,FUJII Hiroko,2005
US Open Fort Lauderdale 2005,2005-07-07,FUJII Hiroko,BOSIKA Mimi,JPN,USA,4,0,"11,11,12,11|6,5,10,8",3,GRAND_SLAM,WS,1739,Qualification,FUJII Hiroko (JPN),BOSIKA Mimi (USA),,,4 - 0,11:6 11:5 12:10 11:8,FUJII Hiroko,2005
US Open Fort Lauderdale 2005,2005-07-07,HUGH Judy,PRABHU Mamata,USA,IND,4,3,"8,11,11,11,9,10,14|11,8,4,9,11,12,12",,GRAND_SLAM,WS,1739,Qualification,HUGH Judy (USA),PRABHU Mamata (IND),,,4 - 3,8:11 11:8 11:4 11:9 9:11 10:12 14:12,HUGH Judy,2005
US Open Fort Lauderdale 2005,2005-07-07,TASEI Mikie,PRABHU Mamata,JPN,IND,4,0,"11,11,11,11|2,3,8,2",QR2,GRAND_SLAM,WS,1739,Qualification,TASEI Mikie (JPN),PRABHU Mamata (IND),,,4 - 0,11:2 11:3 11:8 11:2,TASEI Mikie,2005
US Open Fort Lauderdale 2005,2005-07-07,TASEI Mikie,HUGH Judy,JPN,USA,4,0,"11,11,11,11|6,3,6,3",3,GRAND_SLAM,WS,1739,Qualification,TASEI Mikie (JPN),HUGH Judy (USA),,,4 - 0,11:6 11:3 11:6 11:3,TASEI Mikie,2005
US Open Fort Lauderdale 2005,2005-07-07,YAN Shirley,LEACH Laura,CAN,USA,4,2,"11,9,7,11,11,11|4,11,11,5,7,7",,GRAND_SLAM,WS,1739,Qualification,YAN Shirley (CAN),LEACH Laura (USA),,,4 - 2,11:4 9:11 7:11 11:5 11:7 11:7,YAN Shirley,2005
US Open Fort Lauderdale 2005,2005-07-07,HIURA Reiko,LEACH Laura,JPN,USA,4,0,"11,11,11,11|2,5,4,9",QR2,GRAND_SLAM,WS,1739,Qualification,HIURA Reiko (JPN),LEACH Laura (USA),,,4 - 0,11:2 11:5 11:4 11:9,HIURA Reiko,2005
US Open Fort Lauderdale 2005,2005-07-07,HIURA Reiko,YAN Shirley,JPN,CAN,4,0,"11,11,11,11|5,9,6,8",3,GRAND_SLAM,WS,1739,Qualification,HIURA Reiko (JPN),YAN Shirley (CAN),,,4 - 0,11:5 11:9 11:6 11:8,HIURA Reiko,2005
US Open Fort Lauderdale 2005,2005-07-07,NGAN Anna,ELLIOTT Aili,CAN,USA,4,2,"11,7,11,11,13,11|6,11,8,8,15,5",,GRAND_SLAM,WS,1739,Qualification,NGAN Anna (CAN),ELLIOTT Aili (USA),,,4 - 2,11:6 7:11 11:8 11:8 13:15 11:5,NGAN Anna,2005
US Open Fort Lauderdale 2005,2005-07-07,LEE Eunhee,ELLIOTT Aili,KOR,USA,4,0,"11,11,11,11|3,8,8,2",QR2,GRAND_SLAM,WS,1739,Qualification,LEE Eunhee (KOR),ELLIOTT Aili (USA),,,4 - 0,11:3 11:8 11:8 11:2,LEE Eunhee,2005
US Open Fort Lauderdale 2005,2005-07-07,LEE Eunhee,NGAN Anna,KOR,CAN,4,0,"11,11,11,11|8,5,5,2",3,GRAND_SLAM,WS,1739,Qualification,LEE Eunhee (KOR),NGAN Anna (CAN),,,4 - 0,11:8 11:5 11:5 11:2,LEE Eunhee,2005
US Open Fort Lauderdale 2005,2005-07-07,CHAKRABORTY Kasturi,YI Sophia Dan Dan,IND,USA,4,1,"11,6,11,11,11|6,11,5,5,4",,GRAND_SLAM,WS,1739,Qualification,CHAKRABORTY Kasturi (IND),YI Sophia Dan Dan (USA),,,1 - 4,6:11 11:6 5:11 5:11 4:11,CHAKRABORTY Kasturi,2005
US Open Fort Lauderdale 2005,2005-07-07,TAN Paey Fern,CHAKRABORTY Kasturi,SGP,IND,4,0,"11,11,11,11|5,8,7,4",QR2,GRAND_SLAM,WS,1739,Qualification,TAN Paey Fern (SGP),CHAKRABORTY Kasturi (IND),,,4 - 0,11:5 11:8 11:7 11:4,TAN Paey Fern,2005
US Open Fort Lauderdale 2005,2005-07-07,TAN Paey Fern,YI Sophia Dan Dan,SGP,USA,4,0,"11,11,11,11|6,4,8,5",3,GRAND_SLAM,WS,1739,Qualification,TAN Paey Fern (SGP),YI Sophia Dan Dan (USA),,,4 - 0,11:6 11:4 11:8 11:5,TAN Paey Fern,2005
US Open Fort Lauderdale 2005,2005-07-07,PAUL Mousumi,HUANG Crystal Xi,IND,USA,4,1,"2,11,11,11,12|11,4,2,9,10",,GRAND_SLAM,WS,1739,Qualification,PAUL Mousumi (IND),HUANG Crystal Xi (USA),,,4 - 1,2:11 11:4 11:2 11:9 12:10,PAUL Mousumi,2005
US Open Fort Lauderdale 2005,2005-07-07,LOVAS Petra,HUANG Crystal Xi,HUN,USA,4,3,"7,7,11,11,13,8,12|11,11,3,3,11,11,10",QR2,GRAND_SLAM,WS,1739,Qualification,LOVAS Petra (HUN),HUANG Crystal Xi (USA),,,4 - 3,7:11 7:11 11:3 11:3 13:11 8:11 12:10,LOVAS Petra,2005
US Open Fort Lauderdale 2005,2005-07-07,LOVAS Petra,PAUL Mousumi,HUN,IND,4,2,"11,9,11,12,11,13|4,11,6,14,5,11",3,GRAND_SLAM,WS,1739,Qualification,LOVAS Petra (HUN),PAUL Mousumi (IND),,,4 - 2,11:4 9:11 11:6 12:14 11:5 13:11,LOVAS Petra,2005
US Open Fort Lauderdale 2005,2005-07-07,VIJAY Vishaka,PING Whitney,IND,USA,4,2,"11,11,11,7,5,11|8,6,7,11,11,6",,GRAND_SLAM,WS,1739,Qualification,VIJAY Vishaka (IND),PING Whitney (USA),,,2 - 4,8:11 6:11 7:11 11:7 11:5 6:11,VIJAY Vishaka,2005
US Open Fort Lauderdale 2005,2005-07-07,JEON Hyekyung,VIJAY Vishaka,KOR,IND,4,0,"11,11,11,11|7,6,7,4",QR2,GRAND_SLAM,WS,1739,Qualification,JEON Hyekyung (KOR),VIJAY Vishaka (IND),,,4 - 0,11:7 11:6 11:7 11:4,JEON Hyekyung,2005
US Open Fort Lauderdale 2005,2005-07-07,JEON Hyekyung,PING Whitney,KOR,USA,4,0,"11,11,11,11|6,8,6,3",3,GRAND_SLAM,WS,1739,Qualification,JEON Hyekyung (KOR),PING Whitney (USA),,,4 - 0,11:6 11:8 11:6 11:3,JEON Hyekyung,2005
US Open Fort Lauderdale 2005,2005-07-07,COULIBALY Dieniouma,GRESHAM Toni,FRA,USA,4,0,"11,11,11,11|7,8,3,6",,GRAND_SLAM,WS,1739,Qualification,COULIBALY Dieniouma (FRA),GRESHAM Toni (USA),,,4 - 0,11:7 11:8 11:3 11:6,COULIBALY Dieniouma,2005
US Open Fort Lauderdale 2005,2005-07-07,ROBERTSON Laura,GRESHAM Toni,GER,USA,4,0,"11,11,11,11|3,6,4,6",QR2,GRAND_SLAM,WS,1739,Qualification,ROBERTSON Laura (GER),GRESHAM Toni (USA),,,4 - 0,11:3 11:6 11:4 11:6,ROBERTSON Laura,2005
US Open Fort Lauderdale 2005,2005-07-07,ROBERTSON Laura,COULIBALY Dieniouma,GER,FRA,4,2,"11,11,11,6,8,11|5,3,8,11,11,9",3,GRAND_SLAM,WS,1739,Qualification,ROBERTSON Laura (GER),COULIBALY Dieniouma (FRA),,,4 - 2,11:5 11:3 11:8 6:11 8:11 11:9,ROBERTSON Laura,2005
US Open Fort Lauderdale 2005,2005-07-07,KIM Soongsil,LI Zecong,KOR,CAN,4,0,"11,11,11,12|4,3,2,10",,GRAND_SLAM,WS,1739,Qualification,KIM Soongsil (KOR),LI Zecong (CAN),,,4 - 0,11:4 11:3 11:2 12:10,KIM Soongsil,2005
US Open Fort Lauderdale 2005,2005-07-07,RATHER Jasna,LI Zecong,USA,CAN,4,0,"11,12,11,11|4,10,6,5",QR2,GRAND_SLAM,WS,1739,Qualification,RATHER Jasna (USA),LI Zecong (CAN),,,4 - 0,11:4 12:10 11:6 11:5,RATHER Jasna,2005
US Open Fort Lauderdale 2005,2005-07-07,KIM Soongsil,RATHER Jasna,KOR,USA,4,1,"11,7,11,11,11|9,11,9,3,5",3,GRAND_SLAM,WS,1739,Qualification,KIM Soongsil (KOR),RATHER Jasna (USA),,,1 - 4,9:11 11:7 9:11 3:11 5:11,KIM Soongsil,2005
US Open Fort Lauderdale 2005,2005-07-07,YUEN Sara,XIAO Laura,CAN,USA,4,0,"11,11,11,11|7,4,7,7",,GRAND_SLAM,WS,1739,Qualification,YUEN Sara (CAN),XIAO Laura (USA),,,4 - 0,11:7 11:4 11:7 11:7,YUEN Sara,2005
US Open Fort Lauderdale 2005,2005-07-07,PARK Miyoung,XIAO Laura,KOR,USA,4,0,"11,11,11,11|6,4,8,3",QR2,GRAND_SLAM,WS,1739,Qualification,PARK Miyoung (KOR),XIAO Laura (USA),,,4 - 0,11:6 11:4 11:8 11:3,PARK Miyoung,2005
US Open Fort Lauderdale 2005,2005-07-07,PARK Miyoung,YUEN Sara,KOR,CAN,4,0,"11,11,11,11|7,9,6,8",3,GRAND_SLAM,WS,1739,Qualification,PARK Miyoung (KOR),YUEN Sara (CAN),,,4 - 0,11:7 11:9 11:6 11:8,PARK Miyoung,2005
US Open Fort Lauderdale 2005,2005-07-07,LI Nan,CHIU Wennin,USA,CAN,4,3,"12,11,12,8,10,10,11|10,6,10,11,12,12,8",,GRAND_SLAM,WS,1739,Qualification,LI Nan (USA),CHIU Wennin (CAN),,,3 - 4,10:12 6:11 10:12 11:8 12:10 12:10 8:11,LI Nan,2005
US Open Fort Lauderdale 2005,2005-07-07,KIM Junghyun,LI Nan,KOR,USA,4,3,"11,7,9,4,11,11,11|9,11,11,11,9,5,9",QR2,GRAND_SLAM,WS,1739,Qualification,KIM Junghyun (KOR),LI Nan (USA),,,4 - 3,11:9 7:11 9:11 4:11 11:9 11:5 11:9,KIM Junghyun,2005
US Open Fort Lauderdale 2005,2005-07-07,KIM Junghyun,CHIU Wennin,KOR,CAN,4,1,"11,11,8,11,11|3,6,11,2,7",3,GRAND_SLAM,WS,1739,Qualification,KIM Junghyun (KOR),CHIU Wennin (CAN),,,4 - 1,11:3 11:6 8:11 11:2 11:7,KIM Junghyun,2005
US Open Fort Lauderdale 2005,2005-07-07,MEDINA Iizzwa,WRONSKA Beata,HON,USA,4,0,"11,11,11,11|8,8,6,6",,GRAND_SLAM,WS,1739,Qualification,MEDINA Iizzwa (HON),WRONSKA Beata (USA),,,4 - 0,11:8 11:8 11:6 11:6,MEDINA Iizzwa,2005
US Open Fort Lauderdale 2005,2005-07-07,KIM Hyehyun,WRONSKA Beata,KOR,USA,4,0,"11,11,11,11|5,3,2,6",QR2,GRAND_SLAM,WS,1739,Qualification,KIM Hyehyun (KOR),WRONSKA Beata (USA),,,4 - 0,11:5 11:3 11:2 11:6,KIM Hyehyun,2005
US Open Fort Lauderdale 2005,2005-07-07,KIM Hyehyun,MEDINA Iizzwa,KOR,HON,4,0,"11,11,11,11|3,4,2,7",3,GRAND_SLAM,WS,1739,Qualification,KIM Hyehyun (KOR),MEDINA Iizzwa (HON),,,4 - 0,11:3 11:4 11:2 11:7,KIM Hyehyun,2005
US Open Fort Lauderdale 2005,2005-07-07,WANG Yuegu,LEE Jacqueline,SGP,USA,4,1,"9,11,11,11,11|11,5,1,6,5",,GRAND_SLAM,WS,1739,Qualification,WANG Yuegu (SGP),LEE Jacqueline (USA),,,1 - 4,11:9 5:11 1:11 6:11 5:11,WANG Yuegu,2005
US Open Fort Lauderdale 2005,2005-07-07,WANG Yuegu,LEE Hyangmi,SGP,KOR,4,2,"8,9,11,11,11,11|11,11,7,3,6,7",QR2,GRAND_SLAM,WS,1739,Qualification,WANG Yuegu (SGP),LEE Hyangmi (KOR),,,2 - 4,11:8 11:9 7:11 3:11 6:11 7:11,WANG Yuegu,2005
US Open Fort Lauderdale 2005,2005-07-07,LEE Hyangmi,LEE Jacqueline,KOR,USA,4,0,"11,11,14,11|6,5,12,4",3,GRAND_SLAM,WS,1739,Qualification,LEE Hyangmi (KOR),LEE Jacqueline (USA),,,4 - 0,11:6 11:5 14:12 11:4,LEE Hyangmi,2005
US Open Fort Lauderdale 2005,2005-07-07,CAHOREAU Nathalie,LIU Charlene Xiaoying,FRA,USA,4,1,"11,10,11,11,11|4,12,4,4,3",,GRAND_SLAM,WS,1739,Qualification,CAHOREAU Nathalie (FRA),LIU Charlene Xiaoying (USA),,,4 - 1,11:4 10:12 11:4 11:4 11:3,CAHOREAU Nathalie,2005
US Open Fort Lauderdale 2005,2005-07-07,KIM Minhee (YOB=1985),LIU Charlene Xiaoying,KOR,USA,4,0,"11,11,11,11|6,2,5,9",QR2,GRAND_SLAM,WS,1739,Qualification,KIM Minhee (YOB=1985) (KOR),LIU Charlene Xiaoying (USA),,,4 - 0,11:6 11:2 11:5 11:9,KIM Minhee (YOB=1985),2005
US Open Fort Lauderdale 2005,2005-07-07,KIM Minhee (YOB=1985),CAHOREAU Nathalie,KOR,FRA,4,3,"11,11,6,2,6,11,11|4,7,11,11,11,6,7",3,GRAND_SLAM,WS,1739,Qualification,KIM Minhee (YOB=1985) (KOR),CAHOREAU Nathalie (FRA),,,4 - 3,11:4 11:7 6:11 2:11 6:11 11:6 11:7,KIM Minhee (YOB=1985),2005
US Open Fort Lauderdale 2005,2005-07-07,HALAS Helena,WEI Barbara,SLO,USA,4,0,"11,11,11,11|3,9,7,4",QR2,GRAND_SLAM,WS,1739,Qualification,HALAS Helena (SLO),WEI Barbara (USA),,,4 - 0,11:3 11:9 11:7 11:4,HALAS Helena,2005
US Open Fort Lauderdale 2005,2005-07-07,KERTAI Rita,WEI Barbara,HUN,USA,4,0,"13,11,11,11|11,3,4,9",3,GRAND_SLAM,WS,1739,Qualification,KERTAI Rita (HUN),WEI Barbara (USA),,,4 - 0,13:11 11:3 11:4 11:9,KERTAI Rita,2005
US Open Fort Lauderdale 2005,2005-07-07,KERTAI Rita,HALAS Helena,HUN,SLO,4,0,"11,11,11,11|5,6,7,7",5,GRAND_SLAM,WS,1739,Qualification,KERTAI Rita (HUN),HALAS Helena (SLO),,,4 - 0,11:5 11:6 11:7 11:7,KERTAI Rita,2005
US Open Fort Lauderdale 2005,2005-07-07,BANH THUA Tawny,RAY Susmita,USA,IND,4,0,"11,11,11,11|9,9,5,6",,GRAND_SLAM,WS,1739,Qualification,BANH THUA Tawny (USA),RAY Susmita (IND),,,4 - 0,11:9 11:9 11:5 11:6,BANH THUA Tawny,2005
US Open Fort Lauderdale 2005,2005-07-07,KIM Bokrae,GRUNDISCH Carole,KOR,FRA,4,0,"11,11,11,11|8,5,3,8",QR2,GRAND_SLAM,WS,1739,Qualification,KIM Bokrae (KOR),GRUNDISCH Carole (FRA),,,0 - 4,8:11 5:11 3:11 8:11,KIM Bokrae,2005
US Open Fort Lauderdale 2005,2005-07-07,KIM Bokrae,BANH THUA Tawny,KOR,USA,4,0,"11,11,11,11|5,8,9,4",3,GRAND_SLAM,WS,1739,Qualification,KIM Bokrae (KOR),BANH THUA Tawny (USA),,,0 - 4,5:11 8:11 9:11 4:11,KIM Bokrae,2005
US Open Fort Lauderdale 2005,2005-07-07,GRUNDISCH Carole,RAY Susmita,FRA,IND,4,1,"11,11,10,11,11|6,7,12,6,1",QR4,GRAND_SLAM,WS,1739,Qualification,GRUNDISCH Carole (FRA),RAY Susmita (IND),,,4 - 1,11:6 11:7 10:12 11:6 11:1,GRUNDISCH Carole,2005
US Open Fort Lauderdale 2005,2005-07-07,GRUNDISCH Carole,BANH THUA Tawny,FRA,USA,4,3,"8,11,11,11,4,11,11|11,5,8,8,11,13,9",5,GRAND_SLAM,WS,1739,Qualification,GRUNDISCH Carole (FRA),BANH THUA Tawny (USA),,,3 - 4,11:8 5:11 8:11 8:11 11:4 13:11 9:11,GRUNDISCH Carole,2005
US Open Fort Lauderdale 2005,2005-07-07,KIM Bokrae,RAY Susmita,KOR,IND,4,0,"11,11,11,11|8,5,5,2",6,GRAND_SLAM,WS,1739,Qualification,KIM Bokrae (KOR),RAY Susmita (IND),,,4 - 0,11:8 11:5 11:5 11:2,KIM Bokrae,2005
US Open Fort Lauderdale 2005,2005-07-07,SUN Beibei,LEE Jacqueline,SGP,USA,4,1,"11,11,11,6,11|5,4,8,11,1",R16,GRAND_SLAM,U21WS,1739,Main Draw,SUN Beibei (SGP),LEE Jacqueline (USA),,,4 - 1,11:5 11:4 11:8 6:11 11:1,SUN Beibei,2005
US Open Fort Lauderdale 2005,2005-07-07,GRUNDISCH Carole,YUEN Sara,FRA,CAN,4,1,"11,11,7,11,11|5,6,11,3,9",R16,GRAND_SLAM,U21WS,1739,Main Draw,GRUNDISCH Carole (FRA),YUEN Sara (CAN),,,1 - 4,5:11 6:11 11:7 3:11 9:11,GRUNDISCH Carole,2005
US Open Fort Lauderdale 2005,2005-07-07,CAHOREAU Nathalie,PING Whitney,FRA,USA,4,1,"11,7,11,11,11|6,11,3,6,6",R16,GRAND_SLAM,U21WS,1739,Main Draw,CAHOREAU Nathalie (FRA),PING Whitney (USA),,,4 - 1,11:6 7:11 11:3 11:6 11:6,CAHOREAU Nathalie,2005
US Open Fort Lauderdale 2005,2005-07-07,KIM Junghyun,RAY Susmita,KOR,IND,4,0,"11,14,11,11|4,12,6,7",R16,GRAND_SLAM,U21WS,1739,Main Draw,KIM Junghyun (KOR),RAY Susmita (IND),,,0 - 4,4:11 12:14 6:11 7:11,KIM Junghyun,2005
US Open Fort Lauderdale 2005,2005-07-07,ROBERTSON Laura,CHIU Wennin,GER,CAN,4,1,"11,11,11,7,11|8,4,7,11,9",R16,GRAND_SLAM,U21WS,1739,Main Draw,ROBERTSON Laura (GER),CHIU Wennin (CAN),,,4 - 1,11:8 11:4 11:7 7:11 11:9,ROBERTSON Laura,2005
US Open Fort Lauderdale 2005,2005-07-07,KIM Minhee (YOB=1985),COULIBALY Dieniouma,KOR,FRA,4,2,"11,11,12,8,9,11|9,9,10,11,11,9",R16,GRAND_SLAM,U21WS,1739,Main Draw,KIM Minhee (YOB=1985) (KOR),COULIBALY Dieniouma (FRA),,,2 - 4,9:11 9:11 10:12 11:8 11:9 9:11,KIM Minhee (YOB=1985),2005
US Open Fort Lauderdale 2005,2005-07-07,KIM Hyehyun,PAUL Mousumi,KOR,IND,4,1,"11,8,11,11,12|7,11,6,5,10",R16,GRAND_SLAM,U21WS,1739,Main Draw,KIM Hyehyun (KOR),PAUL Mousumi (IND),,,4 - 1,11:7 8:11 11:6 11:5 12:10,KIM Hyehyun,2005
US Open Fort Lauderdale 2005,2005-07-07,GRUNDISCH Carole,SUN Beibei,FRA,SGP,4,3,"7,11,11,6,8,11,11|11,7,4,11,11,5,8",QuarterFinal,GRAND_SLAM,U21WS,1739,Main Draw,GRUNDISCH Carole (FRA),SUN Beibei (SGP),,,3 - 4,11:7 7:11 4:11 11:6 11:8 5:11 8:11,GRUNDISCH Carole,2005
US Open Fort Lauderdale 2005,2005-07-07,KIM Junghyun,CAHOREAU Nathalie,KOR,FRA,4,0,"11,11,11,11|5,5,4,7",QuarterFinal,GRAND_SLAM,U21WS,1739,Main Draw,KIM Junghyun (KOR),CAHOREAU Nathalie (FRA),,,0 - 4,5:11 5:11 4:11 7:11,KIM Junghyun,2005
US Open Fort Lauderdale 2005,2005-07-07,KIM Minhee (YOB=1985),ROBERTSON Laura,KOR,GER,4,3,"11,13,8,11,9,12,11|13,11,11,4,11,10,9",QuarterFinal,GRAND_SLAM,U21WS,1739,Main Draw,KIM Minhee (YOB=1985) (KOR),ROBERTSON Laura (GER),,,3 - 4,13:11 11:13 11:8 4:11 11:9 10:12 9:11,KIM Minhee (YOB=1985),2005
US Open Fort Lauderdale 2005,2005-07-07,LEE Eunhee,KIM Hyehyun,KOR,KOR,4,2,"11,9,11,11,3,11|9,11,8,7,11,1",QuarterFinal,GRAND_SLAM,U21WS,1739,Main Draw,LEE Eunhee (KOR),KIM Hyehyun (KOR),,,2 - 4,9:11 11:9 8:11 7:11 11:3 1:11,LEE Eunhee,2005
US Open Fort Lauderdale 2005,2005-07-07,KIM Junghyun,GRUNDISCH Carole,KOR,FRA,4,2,"11,11,5,10,11,11|7,4,11,12,8,2",SemiFinal,GRAND_SLAM,U21WS,1739,Main Draw,KIM Junghyun (KOR),GRUNDISCH Carole (FRA),,,2 - 4,7:11 4:11 11:5 12:10 8:11 2:11,KIM Junghyun,2005
US Open Fort Lauderdale 2005,2005-07-07,LEE Eunhee,KIM Minhee (YOB=1985),KOR,KOR,4,3,"7,7,11,11,9,11,11|11,11,4,8,11,9,8",SemiFinal,GRAND_SLAM,U21WS,1739,Main Draw,LEE Eunhee (KOR),KIM Minhee (YOB=1985) (KOR),,,3 - 4,11:7 11:7 4:11 8:11 11:9 9:11 8:11,LEE Eunhee,2005
US Open Fort Lauderdale 2005,2005-07-07,LEE Eunhee,KIM Junghyun,KOR,KOR,4,3,"11,4,6,8,11,11,11|4,11,11,11,7,9,8",Final,GRAND_SLAM,U21WS,1739,Main Draw,LEE Eunhee (KOR),KIM Junghyun (KOR),,,3 - 4,4:11 11:4 11:6 11:8 7:11 9:11 8:11,LEE Eunhee,2005
US Open Fort Lauderdale 2005,2005-07-07,LI Zecong,DUBINA Amanda,CAN,USA,3,0,"11,11,11|1,7,6",,GRAND_SLAM,U21WS,1739,Qualification,LI Zecong (CAN),DUBINA Amanda (USA),,,3 - 0,11:1 11:7 11:6,LI Zecong,2005
US Open Fort Lauderdale 2005,2005-07-07,LEE Jacqueline,DUBINA Amanda,USA,USA,3,0,"11,12,13|9,10,11",QR2,GRAND_SLAM,U21WS,1739,Qualification,LEE Jacqueline (USA),DUBINA Amanda (USA),,,3 - 0,11:9 12:10 13:11,LEE Jacqueline,2005
US Open Fort Lauderdale 2005,2005-07-07,LEE Jacqueline,LI Zecong,USA,CAN,3,1,"11,11,11,11|6,6,13,7",3,GRAND_SLAM,U21WS,1739,Qualification,LEE Jacqueline (USA),LI Zecong (CAN),,,3 - 1,11:6 11:6 11:13 11:7,LEE Jacqueline,2005
US Open Fort Lauderdale 2005,2005-07-07,XIAO Laura,DELZO Marisol,USA,PER,3,1,"8,11,11,11|11,8,9,7",,GRAND_SLAM,U21WS,1739,Qualification,XIAO Laura (USA),DELZO Marisol (PER),,,1 - 3,11:8 8:11 9:11 7:11,XIAO Laura,2005
US Open Fort Lauderdale 2005,2005-07-07,CHIU Wennin,XIAO Laura,CAN,USA,3,0,"11,11,11|4,7,3",QR2,GRAND_SLAM,U21WS,1739,Qualification,CHIU Wennin (CAN),XIAO Laura (USA),,,3 - 0,11:4 11:7 11:3,CHIU Wennin,2005
US Open Fort Lauderdale 2005,2005-07-07,CHIU Wennin,DELZO Marisol,CAN,PER,3,0,"11,11,11|9,6,6",3,GRAND_SLAM,U21WS,1739,Qualification,CHIU Wennin (CAN),DELZO Marisol (PER),,,3 - 0,11:9 11:6 11:6,CHIU Wennin,2005
US Open Fort Lauderdale 2005,2005-07-07,FONG Atha,LEACH Laura,USA,USA,3,1,"8,11,11,11|11,6,6,3",,GRAND_SLAM,U21WS,1739,Qualification,FONG Atha (USA),LEACH Laura (USA),,,1 - 3,11:8 6:11 6:11 3:11,FONG Atha,2005
US Open Fort Lauderdale 2005,2005-07-07,YUEN Sara,FONG Atha,CAN,USA,3,0,"15,12,11|13,10,5",QR2,GRAND_SLAM,U21WS,1739,Qualification,YUEN Sara (CAN),FONG Atha (USA),,,3 - 0,15:13 12:10 11:5,YUEN Sara,2005
US Open Fort Lauderdale 2005,2005-07-07,YUEN Sara,LEACH Laura,CAN,USA,3,0,"11,11,11|8,3,3",3,GRAND_SLAM,U21WS,1739,Qualification,YUEN Sara (CAN),LEACH Laura (USA),,,3 - 0,11:8 11:3 11:3,YUEN Sara,2005
US Open Fort Lauderdale 2005,2005-07-07,COULIBALY Dieniouma,HUGH Judy,FRA,USA,3,0,"11,11,11|7,4,9",3,GRAND_SLAM,U21WS,1739,Qualification,COULIBALY Dieniouma (FRA),HUGH Judy (USA),,,3 - 0,11:7 11:4 11:9,COULIBALY Dieniouma,2005
US Open Fort Lauderdale 2005,2005-07-07,MAST Jennifer Mae,LEVESQUE Marie-Andree,USA,CAN,3,1,"9,11,11,11|11,2,1,6",,GRAND_SLAM,U21WS,1739,Qualification,MAST Jennifer Mae (USA),LEVESQUE Marie-Andree (CAN),,,1 - 3,11:9 2:11 1:11 6:11,MAST Jennifer Mae,2005
US Open Fort Lauderdale 2005,2005-07-07,PING Whitney,MAST Jennifer Mae,USA,USA,3,0,"11,11,11|4,7,2",QR2,GRAND_SLAM,U21WS,1739,Qualification,PING Whitney (USA),MAST Jennifer Mae (USA),,,3 - 0,11:4 11:7 11:2,PING Whitney,2005
US Open Fort Lauderdale 2005,2005-07-07,PING Whitney,LEVESQUE Marie-Andree,USA,CAN,3,0,"11,11,11|7,8,7",3,GRAND_SLAM,U21WS,1739,Qualification,PING Whitney (USA),LEVESQUE Marie-Andree (CAN),,,3 - 0,11:7 11:8 11:7,PING Whitney,2005
US Open Fort Lauderdale 2005,2005-07-07,YAN Shirley,WEI Barbara,CAN,USA,3,1,"11,2,11,11|9,11,6,6",,GRAND_SLAM,U21WS,1739,Qualification,YAN Shirley (CAN),WEI Barbara (USA),,,3 - 1,11:9 2:11 11:6 11:6,YAN Shirley,2005
US Open Fort Lauderdale 2005,2005-07-07,PAUL Mousumi,WEI Barbara,IND,USA,3,2,"11,4,7,11,11|7,11,11,4,8",QR2,GRAND_SLAM,U21WS,1739,Qualification,PAUL Mousumi (IND),WEI Barbara (USA),,,3 - 2,11:7 4:11 7:11 11:4 11:8,PAUL Mousumi,2005
US Open Fort Lauderdale 2005,2005-07-07,PAUL Mousumi,YAN Shirley,IND,CAN,3,2,"4,11,11,10,11|11,6,7,12,6",3,GRAND_SLAM,U21WS,1739,Qualification,PAUL Mousumi (IND),YAN Shirley (CAN),,,3 - 2,4:11 11:6 11:7 10:12 11:6,PAUL Mousumi,2005
US Open Fort Lauderdale 2005,2005-07-07,YI Sophia Dan Dan,WU Rita,USA,USA,3,1,"8,11,12,11|11,8,10,7",,GRAND_SLAM,U21WS,1739,Qualification,YI Sophia Dan Dan (USA),WU Rita (USA),,,3 - 1,8:11 11:8 12:10 11:7,YI Sophia Dan Dan,2005
US Open Fort Lauderdale 2005,2005-07-07,RAY Susmita,NGAN Anna,IND,CAN,3,1,"5,11,11,11|11,4,5,7",QR2,GRAND_SLAM,U21WS,1739,Qualification,RAY Susmita (IND),NGAN Anna (CAN),,,1 - 3,11:5 4:11 5:11 7:11,RAY Susmita,2005
US Open Fort Lauderdale 2005,2005-07-07,RAY Susmita,YI Sophia Dan Dan,IND,USA,3,0,"11,11,11|4,4,3",3,GRAND_SLAM,U21WS,1739,Qualification,RAY Susmita (IND),YI Sophia Dan Dan (USA),,,0 - 3,4:11 4:11 3:11,RAY Susmita,2005
US Open Fort Lauderdale 2005,2005-07-07,NGAN Anna,WU Rita,CAN,USA,3,0,"11,11,11|6,4,4",QR4,GRAND_SLAM,U21WS,1739,Qualification,NGAN Anna (CAN),WU Rita (USA),,,3 - 0,11:6 11:4 11:4,NGAN Anna,2005
US Open Fort Lauderdale 2005,2005-07-07,NGAN Anna,YI Sophia Dan Dan,CAN,USA,3,1,"10,11,11,11|12,7,1,8",5,GRAND_SLAM,U21WS,1739,Qualification,NGAN Anna (CAN),YI Sophia Dan Dan (USA),,,1 - 3,12:10 7:11 1:11 8:11,NGAN Anna,2005
US Open Fort Lauderdale 2005,2005-07-07,RAY Susmita,WU Rita,IND,USA,3,0,"11,11,11|2,2,3",6,GRAND_SLAM,U21WS,1739,Qualification,RAY Susmita (IND),WU Rita (USA),,,3 - 0,11:2 11:2 11:3,RAY Susmita,2005
US Open Fort Lauderdale 2005,2005-07-07,CHEN Weixing/GARDOS Robert,ELENSKY Gregory/LO Dany,AUT,ISR,4,1,"8,11,11,13,11|11,3,6,11,3",R16,GRAND_SLAM,MD,1739,Main Draw,CHEN Weixing (AUT) / GARDOS Robert (AUT),ELENSKY Gregory (ISR) / LO Dany (FRA),GARDOS Robert (AUT),LO Dany (FRA),4 - 1,8:11 11:3 11:6 13:11 11:3,CHEN Weixing,2005
US Open Fort Lauderdale 2005,2005-07-07,CHILA Patrick/ELOI Damien,CHEN Weixing/GARDOS Robert,FRA,AUT,4,2,"11,11,11,3,5,12|7,6,8,11,11,10",QuarterFinal,GRAND_SLAM,MD,1739,Main Draw,CHILA Patrick (FRA) / ELOI Damien (FRA),CHEN Weixing (AUT) / GARDOS Robert (AUT),ELOI Damien (FRA),GARDOS Robert (AUT),2 - 4,7:11 6:11 8:11 11:3 11:5 10:12,CHILA Patrick,2005
US Open Fort Lauderdale 2005,2005-07-07,MAECK Anthony/VOSTES Yannick,KAMKAR-PARSI Homayoun/PETER-PAUL Pradeeban,BEL,CAN,3,0,"11,11,11|8,9,7",QR32,GRAND_SLAM,MD,1739,Qualification,MAECK Anthony (BEL) / VOSTES Yannick (BEL),KAMKAR-PARSI Homayoun (CAN) / PETER-PAUL Pradeeban (CAN),VOSTES Yannick (BEL),PETER-PAUL Pradeeban (CAN),3 - 0,11:8 11:9 11:7,MAECK Anthony,2005
US Open Fort Lauderdale 2005,2005-07-07,DESPRES Rodolphe/LEGOUT Christophe,MATSUMOTO Cazuo/TSUBOI Gustavo,FRA,BRA,4,2,"11,4,11,16,5,11|6,11,8,14,11,4",R16,GRAND_SLAM,MD,1739,Main Draw,DESPRES Rodolphe (FRA) / LEGOUT Christophe (FRA),MATSUMOTO Cazuo (BRA) / TSUBOI Gustavo (BRA),LEGOUT Christophe (FRA),TSUBOI Gustavo (BRA),2 - 4,6:11 11:4 8:11 14:16 11:5 4:11,DESPRES Rodolphe,2005
US Open Fort Lauderdale 2005,2005-07-07,CHO Jihoon/KIM Taehoon,HINSE Pierre-Luc/THERIEN Xavier,KOR,CAN,3,1,"11,9,11,11|7,11,1,8",QR32,GRAND_SLAM,MD,1739,Qualification,CHO Jihoon (KOR) / KIM Taehoon (KOR),HINSE Pierre-Luc (CAN) / THERIEN Xavier (CAN),KIM Taehoon (KOR),THERIEN Xavier (CAN),1 - 3,7:11 11:9 1:11 8:11,CHO Jihoon,2005
US Open Fort Lauderdale 2005,2005-07-07,GIONIS Panagiotis/PAPADIMITRIOU Dimitrios,KONGSGAARD Christian/SORENSEN Mads,GRE,DEN,3,2,"11,11,9,3,12|6,7,11,11,10",QR32,GRAND_SLAM,MD,1739,Qualification,GIONIS Panagiotis (GRE) / PAPADIMITRIOU Dimitrios (GRE),KONGSGAARD Christian (DEN) / SORENSEN Mads (DEN),PAPADIMITRIOU Dimitrios (GRE),SORENSEN Mads (DEN),2 - 3,6:11 7:11 11:9 11:3 10:12,GIONIS Panagiotis,2005
US Open Fort Lauderdale 2005,2005-07-07,DURAN Marc/FAN Guoliang,DAVID Paul/SHAO Yu,ESP,GUY,3,0,"11,11,11|7,9,4",QR64,GRAND_SLAM,MD,1739,Qualification,DURAN Marc (ESP) / FAN Guoliang (ESP),DAVID Paul (GUY) / SHAO Yu (USA),FAN Guoliang (ESP),SHAO Yu (USA),3 - 0,11:7 11:9 11:4,DURAN Marc,2005
US Open Fort Lauderdale 2005,2005-07-07,DURAN Marc/FAN Guoliang,ALBAN Keith/JOHNSON Ben,ESP,USA,3,0,"11,11,11|7,4,2",QR32,GRAND_SLAM,MD,1739,Qualification,DURAN Marc (ESP) / FAN Guoliang (ESP),ALBAN Keith (USA) / JOHNSON Ben (WAL),FAN Guoliang (ESP),JOHNSON Ben (WAL),3 - 0,11:7 11:4 11:2,DURAN Marc,2005
US Open Fort Lauderdale 2005,2005-07-07,LEE Chulseung/YOO Changjae,DURAN Marc/FAN Guoliang,KOR,ESP,3,0,"11,11,11|4,6,4",QR16,GRAND_SLAM,MD,1739,Qualification,LEE Chulseung (KOR) / YOO Changjae (KOR),DURAN Marc (ESP) / FAN Guoliang (ESP),YOO Changjae (KOR),FAN Guoliang (ESP),0 - 3,4:11 6:11 4:11,LEE Chulseung,2005
US Open Fort Lauderdale 2005,2005-07-07,ELENSKY Gregory/LO Dany,COCHRAN Joseph/RUNYAN Trevor,ISR,USA,3,0,"11,12,11|5,10,2",QR64,GRAND_SLAM,MD,1739,Qualification,ELENSKY Gregory (ISR) / LO Dany (FRA),COCHRAN Joseph (USA) / RUNYAN Trevor (USA),LO Dany (FRA),RUNYAN Trevor (USA),3 - 0,11:5 12:10 11:2,ELENSKY Gregory,2005
US Open Fort Lauderdale 2005,2005-07-07,ELENSKY Gregory/LO Dany,BALL Andreas/ROSNER Benjamin,ISR,GER,3,1,"12,11,11,11|10,5,13,9",QR32,GRAND_SLAM,MD,1739,Qualification,ELENSKY Gregory (ISR) / LO Dany (FRA),BALL Andreas (GER) / ROSNER Benjamin (GER),LO Dany (FRA),ROSNER Benjamin (GER),3 - 1,12:10 11:5 11:13 11:9,ELENSKY Gregory,2005
US Open Fort Lauderdale 2005,2005-07-07,ELENSKY Gregory/LO Dany,LEE Jinkwon/YOON Jaeyoung,ISR,KOR,3,1,"6,11,11,12|11,9,9,10",QR16,GRAND_SLAM,MD,1739,Qualification,ELENSKY Gregory (ISR) / LO Dany (FRA),LEE Jinkwon (KOR) / YOON Jaeyoung (KOR),LO Dany (FRA),YOON Jaeyoung (KOR),3 - 1,6:11 11:9 11:9 12:10,ELENSKY Gregory,2005
US Open Fort Lauderdale 2005,2005-07-07,BERTIN Christophe/BOBILLIER Loic,MAECK Anthony/VOSTES Yannick,FRA,BEL,4,1,"4,11,11,11,11|11,7,9,7,4",R16,GRAND_SLAM,MD,1739,Main Draw,BERTIN Christophe (FRA) / BOBILLIER Loic (FRA),MAECK Anthony (BEL) / VOSTES Yannick (BEL),BOBILLIER Loic (FRA),VOSTES Yannick (BEL),4 - 1,4:11 11:7 11:9 11:7 11:4,BERTIN Christophe,2005
US Open Fort Lauderdale 2005,2005-07-07,MOLIN Magnus/SVENSSON Robert,CHENG Yinghua/JOVER Sebastien,SWE,USA,4,1,"11,11,12,10,11|4,5,10,12,9",R16,GRAND_SLAM,MD,1739,Main Draw,MOLIN Magnus (SWE) / SVENSSON Robert (SWE),CHENG Yinghua (USA) / JOVER Sebastien (FRA),SVENSSON Robert (SWE),JOVER Sebastien (FRA),1 - 4,4:11 5:11 10:12 12:10 9:11,MOLIN Magnus,2005
US Open Fort Lauderdale 2005,2005-07-07,LEE Chulseung/YOO Changjae,BERTIN Christophe/BOBILLIER Loic,KOR,FRA,4,1,"11,15,11,11,13|13,13,9,5,11",QuarterFinal,GRAND_SLAM,MD,1739,Main Draw,LEE Chulseung (KOR) / YOO Changjae (KOR),BERTIN Christophe (FRA) / BOBILLIER Loic (FRA),YOO Changjae (KOR),BOBILLIER Loic (FRA),1 - 4,13:11 13:15 9:11 5:11 11:13,LEE Chulseung,2005
US Open Fort Lauderdale 2005,2005-07-07,LEE Chulseung/YOO Changjae,CHILA Patrick/ELOI Damien,KOR,FRA,4,0,,SemiFinal,GRAND_SLAM,MD,1739,Main Draw,LEE Chulseung (KOR) / YOO Changjae (KOR),CHILA Patrick (FRA) / ELOI Damien (FRA),YOO Changjae (KOR),ELOI Damien (FRA),0 - 4,,LEE Chulseung,2005
US Open Fort Lauderdale 2005,2005-07-07,FEJER-KONNERTH Zoltan/WOSIK Torben,REED Barney/ZHUANG David,GER,USA,3,0,"11,11,14|8,9,12",QR32,GRAND_SLAM,MD,1739,Qualification,FEJER-KONNERTH Zoltan (GER) / WOSIK Torben (GER),REED Barney (USA) / ZHUANG David (USA),WOSIK Torben (GER),ZHUANG David (USA),3 - 0,11:8 11:9 14:12,FEJER-KONNERTH Zoltan,2005
US Open Fort Lauderdale 2005,2005-07-07,FEJER-KONNERTH Zoltan/WOSIK Torben,ACHANTA Sharath/NANDI Anirban,GER,IND,3,1,"8,11,11,11|11,6,5,7",QR16,GRAND_SLAM,MD,1739,Qualification,FEJER-KONNERTH Zoltan (GER) / WOSIK Torben (GER),ACHANTA Sharath (IND) / NANDI Anirban (IND),WOSIK Torben (GER),NANDI Anirban (IND),3 - 1,8:11 11:6 11:5 11:7,FEJER-KONNERTH Zoltan,2005
US Open Fort Lauderdale 2005,2005-07-07,CHILA Patrick/ELOI Damien,GIONIS Panagiotis/PAPADIMITRIOU Dimitrios,FRA,GRE,4,2,"11,7,11,7,11,11|7,11,9,11,8,5",R16,GRAND_SLAM,MD,1739,Main Draw,CHILA Patrick (FRA) / ELOI Damien (FRA),GIONIS Panagiotis (GRE) / PAPADIMITRIOU Dimitrios (GRE),ELOI Damien (FRA),PAPADIMITRIOU Dimitrios (GRE),2 - 4,7:11 11:7 9:11 11:7 8:11 5:11,CHILA Patrick,2005
US Open Fort Lauderdale 2005,2005-07-07,GIONIS Panagiotis/PAPADIMITRIOU Dimitrios,FLORES Omar/SANJAY Lester,GRE,GUA,3,0,"11,11,11|9,5,8",QR16,GRAND_SLAM,MD,1739,Qualification,GIONIS Panagiotis (GRE) / PAPADIMITRIOU Dimitrios (GRE),FLORES Omar (GUA) / SANJAY Lester (GUA),PAPADIMITRIOU Dimitrios (GRE),SANJAY Lester (GUA),0 - 3,9:11 5:11 8:11,GIONIS Panagiotis,2005
US Open Fort Lauderdale 2005,2005-07-07,ACHANTA Sharath/NANDI Anirban,KASSAM Faazil/SHEN Qiang,IND,CAN,3,2,"8,11,11,10,11|11,5,2,12,5",QR32,GRAND_SLAM,MD,1739,Qualification,ACHANTA Sharath (IND) / NANDI Anirban (IND),KASSAM Faazil (CAN) / SHEN Qiang (CAN),NANDI Anirban (IND),SHEN Qiang (CAN),3 - 2,8:11 11:5 11:2 10:12 11:5,ACHANTA Sharath,2005
US Open Fort Lauderdale 2005,2005-07-07,FLORES Omar/SANJAY Lester,STRACHAN Darryl/WATSON Kane,GUA,JAM,3,0,"11,11,11|5,7,6",QR64,GRAND_SLAM,MD,1739,Qualification,FLORES Omar (GUA) / SANJAY Lester (GUA),STRACHAN Darryl (JAM) / WATSON Kane (JAM),SANJAY Lester (GUA),WATSON Kane (JAM),0 - 3,5:11 7:11 6:11,FLORES Omar,2005
US Open Fort Lauderdale 2005,2005-07-07,CHO Eonrae/TAKAKIWA Kenichi,ERLANDSEN Geir/MOLDOVAN Istvan,KOR,NOR,3,0,"11,11,11|4,4,0",QR32,GRAND_SLAM,MD,1739,Qualification,CHO Eonrae (KOR) / TAKAKIWA Kenichi (JPN),ERLANDSEN Geir (NOR) / MOLDOVAN Istvan (NOR),TAKAKIWA Kenichi (JPN),MOLDOVAN Istvan (NOR),3 - 0,11:4 11:4 11:0,CHO Eonrae,2005
US Open Fort Lauderdale 2005,2005-07-07,LEE Chulseung/YOO Changjae,MONRAD Martin/TUGWELL Finn,KOR,DEN,4,2,"11,12,5,11,11,11|8,10,11,8,13,2",R16,GRAND_SLAM,MD,1739,Main Draw,LEE Chulseung (KOR) / YOO Changjae (KOR),MONRAD Martin (DEN) / TUGWELL Finn (DEN),YOO Changjae (KOR),TUGWELL Finn (DEN),4 - 2,11:8 12:10 5:11 11:8 11:13 11:2,LEE Chulseung,2005
US Open Fort Lauderdale 2005,2005-07-07,LEE Jungwoo/OH Sangeun,FEJER-KONNERTH Zoltan/WOSIK Torben,KOR,GER,4,0,"12,16,11,14|10,14,6,12",R16,GRAND_SLAM,MD,1739,Main Draw,LEE Jungwoo (KOR) / OH Sangeun (KOR),FEJER-KONNERTH Zoltan (GER) / WOSIK Torben (GER),OH Sangeun (KOR),WOSIK Torben (GER),4 - 0,12:10 16:14 11:6 14:12,LEE Jungwoo,2005
US Open Fort Lauderdale 2005,2005-07-07,LEE Jungwoo/OH Sangeun,DESPRES Rodolphe/LEGOUT Christophe,KOR,FRA,4,3,"11,11,9,11,3,9,11|7,6,11,6,11,11,4",QuarterFinal,GRAND_SLAM,MD,1739,Main Draw,LEE Jungwoo (KOR) / OH Sangeun (KOR),DESPRES Rodolphe (FRA) / LEGOUT Christophe (FRA),OH Sangeun (KOR),LEGOUT Christophe (FRA),4 - 3,11:7 11:6 9:11 11:6 3:11 9:11 11:4,LEE Jungwoo,2005
US Open Fort Lauderdale 2005,2005-07-07,LEE Jungwoo/OH Sangeun,KUZMIN Fedor/SMIRNOV Alexey,KOR,RUS,4,0,"11,11,12,11|7,7,10,9",SemiFinal,GRAND_SLAM,MD,1739,Main Draw,LEE Jungwoo (KOR) / OH Sangeun (KOR),KUZMIN Fedor (RUS) / SMIRNOV Alexey (RUS),OH Sangeun (KOR),SMIRNOV Alexey (RUS),4 - 0,11:7 11:7 12:10 11:9,LEE Jungwoo,2005
US Open Fort Lauderdale 2005,2005-07-07,LEE Jungwoo/OH Sangeun,LEE Chulseung/YOO Changjae,KOR,KOR,4,0,"11,11,11,11|6,4,9,5",Final,GRAND_SLAM,MD,1739,Main Draw,LEE Jungwoo (KOR) / OH Sangeun (KOR),LEE Chulseung (KOR) / YOO Changjae (KOR),OH Sangeun (KOR),YOO Changjae (KOR),0 - 4,6:11 4:11 9:11 5:11,LEE Jungwoo,2005
US Open Fort Lauderdale 2005,2005-07-07,DUBINA Samson/GREEN Wally,DOMANIKU Besart/HASANI Astrit,USA,KOS,3,1,"12,11,11,11|14,9,6,6",QR64,GRAND_SLAM,MD,1739,Qualification,DUBINA Samson (USA) / GREEN Wally (USA),DOMANIKU Besart (KOS) / HASANI Astrit (KOS),GREEN Wally (USA),HASANI Astrit (KOS),1 - 3,14:12 9:11 6:11 6:11,DUBINA Samson,2005
US Open Fort Lauderdale 2005,2005-07-07,FETH Stefan/KEINATH Thomas,ROY Soumyadeep/SAHA Subhajit,GER,IND,3,1,"11,12,11,11|7,14,7,4",QR32,GRAND_SLAM,MD,1739,Qualification,FETH Stefan (GER) / KEINATH Thomas (SVK),ROY Soumyadeep (IND) / SAHA Subhajit (IND),KEINATH Thomas (SVK),SAHA Subhajit (IND),3 - 1,11:7 12:14 11:7 11:4,FETH Stefan,2005
US Open Fort Lauderdale 2005,2005-07-07,PISTEJ Lubomir/SEREDA Peter,HAZINSKI Mark/HUGH Adam,SVK,USA,3,0,"15,11,11|13,6,7",QR32,GRAND_SLAM,MD,1739,Qualification,PISTEJ Lubomir (SVK) / SEREDA Peter (SVK),HAZINSKI Mark (USA) / HUGH Adam (USA),SEREDA Peter (SVK),HUGH Adam (USA),3 - 0,15:13 11:6 11:7,PISTEJ Lubomir,2005
US Open Fort Lauderdale 2005,2005-07-07,MAECK Anthony/VOSTES Yannick,FETH Stefan/KEINATH Thomas,BEL,GER,3,2,"11,11,5,7,11|6,7,11,11,8",QR16,GRAND_SLAM,MD,1739,Qualification,MAECK Anthony (BEL) / VOSTES Yannick (BEL),FETH Stefan (GER) / KEINATH Thomas (SVK),VOSTES Yannick (BEL),KEINATH Thomas (SVK),2 - 3,6:11 7:11 11:5 11:7 8:11,MAECK Anthony,2005
US Open Fort Lauderdale 2005,2005-07-07,PISTEJ Lubomir/SEREDA Peter,CHO Eonrae/TAKAKIWA Kenichi,SVK,KOR,3,1,"8,11,11,11|11,9,5,4",QR16,GRAND_SLAM,MD,1739,Qualification,PISTEJ Lubomir (SVK) / SEREDA Peter (SVK),CHO Eonrae (KOR) / TAKAKIWA Kenichi (JPN),SEREDA Peter (SVK),TAKAKIWA Kenichi (JPN),3 - 1,8:11 11:9 11:5 11:4,PISTEJ Lubomir,2005
US Open Fort Lauderdale 2005,2005-07-07,KUZMIN Fedor/SMIRNOV Alexey,PISTEJ Lubomir/SEREDA Peter,RUS,SVK,4,1,"3,11,11,11,11|11,7,3,7,9",R16,GRAND_SLAM,MD,1739,Main Draw,KUZMIN Fedor (RUS) / SMIRNOV Alexey (RUS),PISTEJ Lubomir (SVK) / SEREDA Peter (SVK),SMIRNOV Alexey (RUS),SEREDA Peter (SVK),1 - 4,11:3 7:11 3:11 7:11 9:11,KUZMIN Fedor,2005
US Open Fort Lauderdale 2005,2005-07-07,GERELL Par/LUNDQVIST Jens,GATICA Hector/RAMIREZ Jose Miguel,SWE,GUA,3,0,"12,11,11|10,2,4",QR32,GRAND_SLAM,MD,1739,Qualification,GERELL Par (SWE) / LUNDQVIST Jens (SWE),GATICA Hector (GUA) / RAMIREZ Jose Miguel (GUA),LUNDQVIST Jens (SWE),RAMIREZ Jose Miguel (GUA),3 - 0,12:10 11:2 11:4,GERELL Par,2005
US Open Fort Lauderdale 2005,2005-07-07,LEE Jinkwon/YOON Jaeyoung,AXELQVIST Johan/PERSSON Jon,KOR,SWE,3,2,"8,11,11,10,14|11,8,5,12,12",QR32,GRAND_SLAM,MD,1739,Qualification,LEE Jinkwon (KOR) / YOON Jaeyoung (KOR),AXELQVIST Johan (SWE) / PERSSON Jon (SWE),YOON Jaeyoung (KOR),PERSSON Jon (SWE),2 - 3,11:8 8:11 5:11 12:10 12:14,LEE Jinkwon,2005
US Open Fort Lauderdale 2005,2005-07-07,MATSUMOTO Cazuo/TSUBOI Gustavo,GERELL Par/LUNDQVIST Jens,BRA,SWE,3,1,"12,11,7,11|10,6,11,6",QR16,GRAND_SLAM,MD,1739,Qualification,MATSUMOTO Cazuo (BRA) / TSUBOI Gustavo (BRA),GERELL Par (SWE) / LUNDQVIST Jens (SWE),TSUBOI Gustavo (BRA),LUNDQVIST Jens (SWE),1 - 3,10:12 6:11 11:7 6:11,MATSUMOTO Cazuo,2005
US Open Fort Lauderdale 2005,2005-07-07,MOLIN Magnus/SVENSSON Robert,CHO Jihoon/KIM Taehoon,SWE,KOR,3,0,"11,11,11|2,9,9",QR16,GRAND_SLAM,MD,1739,Qualification,MOLIN Magnus (SWE) / SVENSSON Robert (SWE),CHO Jihoon (KOR) / KIM Taehoon (KOR),SVENSSON Robert (SWE),KIM Taehoon (KOR),3 - 0,11:2 11:9 11:9,MOLIN Magnus,2005
US Open Fort Lauderdale 2005,2005-07-07,KUZMIN Fedor/SMIRNOV Alexey,MOLIN Magnus/SVENSSON Robert,RUS,SWE,4,2,"11,3,5,12,11,11|9,11,11,10,9,4",QuarterFinal,GRAND_SLAM,MD,1739,Main Draw,KUZMIN Fedor (RUS) / SMIRNOV Alexey (RUS),MOLIN Magnus (SWE) / SVENSSON Robert (SWE),SMIRNOV Alexey (RUS),SVENSSON Robert (SWE),2 - 4,9:11 11:3 11:5 10:12 9:11 4:11,KUZMIN Fedor,2005
US Open Fort Lauderdale 2005,2005-07-07,ERLANDSEN Geir/MOLDOVAN Istvan,DE SOUZA Kwaovi/GOMBOS Ludovic,NOR,TOG,3,1,"10,11,11,11|12,8,8,9",QR64,GRAND_SLAM,MD,1739,Qualification,ERLANDSEN Geir (NOR) / MOLDOVAN Istvan (NOR),DE SOUZA Kwaovi (TOG) / GOMBOS Ludovic (USA),MOLDOVAN Istvan (NOR),GOMBOS Ludovic (USA),1 - 3,12:10 8:11 8:11 9:11,ERLANDSEN Geir,2005
US Open Fort Lauderdale 2005,2005-07-07,LEE Chulseung/YOO Changjae,DUBINA Samson/GREEN Wally,KOR,USA,3,0,"11,11,11|2,4,8",QR32,GRAND_SLAM,MD,1739,Qualification,LEE Chulseung (KOR) / YOO Changjae (KOR),DUBINA Samson (USA) / GREEN Wally (USA),YOO Changjae (KOR),GREEN Wally (USA),0 - 3,2:11 4:11 8:11,LEE Chulseung,2005
US Open Fort Lauderdale 2005,2005-07-07,ALBAN Keith/JOHNSON Ben,CHIU Peter/GUO Peng,USA,CAN,3,1,"11,15,11,11|6,17,9,8",QR64,GRAND_SLAM,MD,1739,Qualification,ALBAN Keith (USA) / JOHNSON Ben (WAL),CHIU Peter (CAN) / GUO Peng (CAN),JOHNSON Ben (WAL),GUO Peng (CAN),3 - 1,11:6 15:17 11:9 11:8,ALBAN Keith,2005
US Open Fort Lauderdale 2005,2005-07-07,MATSUMOTO Cazuo/TSUBOI Gustavo,CHRIST Nico/ROBERTSON Adam,BRA,GER,3,1,"11,7,11,11|7,11,6,4",QR32,GRAND_SLAM,MD,1739,Qualification,MATSUMOTO Cazuo (BRA) / TSUBOI Gustavo (BRA),CHRIST Nico (GER) / ROBERTSON Adam (WAL),TSUBOI Gustavo (BRA),ROBERTSON Adam (WAL),1 - 3,7:11 11:7 6:11 4:11,MATSUMOTO Cazuo,2005
US Open Fort Lauderdale 2005,2005-07-07,HUGH Judy/WEI Barbara,LEACH Laura/LEVESQUE Marie-Andree,USA,USA,3,0,"11,11,11|4,6,8",QR32,GRAND_SLAM,WD,1739,Qualification,HUGH Judy (USA) / WEI Barbara (USA),LEACH Laura (USA) / LEVESQUE Marie-Andree (CAN),WEI Barbara (USA),LEVESQUE Marie-Andree (CAN),0 - 3,4:11 6:11 8:11,HUGH Judy,2005
US Open Fort Lauderdale 2005,2005-07-07,GRUNDISCH Carole/ROBERTSON Laura,NGAN Anna/YAN Shirley,FRA,CAN,3,1,"12,11,5,13|10,7,11,11",QR32,GRAND_SLAM,WD,1739,Qualification,GRUNDISCH Carole (FRA) / ROBERTSON Laura (GER),NGAN Anna (CAN) / YAN Shirley (CAN),ROBERTSON Laura (GER),YAN Shirley (CAN),3 - 1,12:10 11:7 5:11 13:11,GRUNDISCH Carole,2005
US Open Fort Lauderdale 2005,2005-07-07,TIE Yana/ZHANG Rui,LEE Eunhee/LEE Hyangmi,HKG,KOR,4,1,"11,12,11,15,11|6,14,9,13,6",R16,GRAND_SLAM,WD,1739,Main Draw,TIE Yana (HKG) / ZHANG Rui (HKG),LEE Eunhee (KOR) / LEE Hyangmi (KOR),ZHANG Rui (HKG),LEE Hyangmi (KOR),4 - 1,11:6 12:14 11:9 15:13 11:6,TIE Yana,2005
US Open Fort Lauderdale 2005,2005-07-07,TIE Yana/ZHANG Rui,KIM Minhee (YOB=1985)/MOON Hyunjung,HKG,KOR,4,1,"11,5,11,11,11|5,11,5,5,6",QuarterFinal,GRAND_SLAM,WD,1739,Main Draw,TIE Yana (HKG) / ZHANG Rui (HKG),KIM Minhee (YOB=1985) (KOR) / MOON Hyunjung (KOR),ZHANG Rui (HKG),MOON Hyunjung (KOR),4 - 1,11:5 5:11 11:5 11:5 11:6,TIE Yana,2005
US Open Fort Lauderdale 2005,2005-07-07,TIE Yana/ZHANG Rui,SUN Beibei/WANG Yuegu,HKG,SGP,4,1,"11,11,11,7,11|5,4,8,11,9",SemiFinal,GRAND_SLAM,WD,1739,Main Draw,TIE Yana (HKG) / ZHANG Rui (HKG),SUN Beibei (SGP) / WANG Yuegu (SGP),ZHANG Rui (HKG),WANG Yuegu (SGP),4 - 1,11:5 11:4 11:8 7:11 11:9,TIE Yana,2005
US Open Fort Lauderdale 2005,2005-07-07,TIE Yana/ZHANG Rui,KIM Hyehyun/KIM Junghyun,HKG,KOR,4,2,"11,9,5,11,11,11|5,11,11,5,5,9",Final,GRAND_SLAM,WD,1739,Main Draw,TIE Yana (HKG) / ZHANG Rui (HKG),KIM Hyehyun (KOR) / KIM Junghyun (KOR),ZHANG Rui (HKG),KIM Junghyun (KOR),4 - 2,11:5 9:11 5:11 11:5 11:5 11:9,TIE Yana,2005
US Open Fort Lauderdale 2005,2005-07-07,HALAS Helena/RATHER Jasna,MEDINA Iizzwa/MEDINA Zzwitjhallim,SLO,HON,3,1,"13,6,11,11|11,11,7,5",QR16,GRAND_SLAM,WD,1739,Qualification,HALAS Helena (SLO) / RATHER Jasna (USA),MEDINA Iizzwa (HON) / MEDINA Zzwitjhallim (HON),RATHER Jasna (USA),MEDINA Zzwitjhallim (HON),1 - 3,11:13 11:6 7:11 5:11,HALAS Helena,2005
US Open Fort Lauderdale 2005,2005-07-07,CAHOREAU Nathalie/COULIBALY Dieniouma,PAUL Mousumi/RAY Susmita,FRA,IND,3,1,"11,10,11,11|9,12,6,5",QR32,GRAND_SLAM,WD,1739,Qualification,CAHOREAU Nathalie (FRA) / COULIBALY Dieniouma (FRA),PAUL Mousumi (IND) / RAY Susmita (IND),COULIBALY Dieniouma (FRA),RAY Susmita (IND),1 - 3,9:11 12:10 6:11 5:11,CAHOREAU Nathalie,2005
US Open Fort Lauderdale 2005,2005-07-07,KERTAI Rita/LOVAS Petra,PRABHU Mamata/VIJAY Vishaka,HUN,IND,3,0,"11,11,11|6,9,3",QR16,GRAND_SLAM,WD,1739,Qualification,KERTAI Rita (HUN) / LOVAS Petra (HUN),PRABHU Mamata (IND) / VIJAY Vishaka (IND),LOVAS Petra (HUN),VIJAY Vishaka (IND),0 - 3,6:11 9:11 3:11,KERTAI Rita,2005
US Open Fort Lauderdale 2005,2005-07-07,FUJII Hiroko/HIURA Reiko,CAHOREAU Nathalie/COULIBALY Dieniouma,JPN,FRA,3,0,"11,11,11|2,5,5",QR16,GRAND_SLAM,WD,1739,Qualification,FUJII Hiroko (JPN) / HIURA Reiko (JPN),CAHOREAU Nathalie (FRA) / COULIBALY Dieniouma (FRA),HIURA Reiko (JPN),COULIBALY Dieniouma (FRA),3 - 0,11:2 11:5 11:5,FUJII Hiroko,2005
US Open Fort Lauderdale 2005,2005-07-07,KIM Bokrae/KIM Kyungah,FUJII Hiroko/HIURA Reiko,KOR,JPN,4,2,"11,11,7,11,13,11|7,13,11,9,11,7",R16,GRAND_SLAM,WD,1739,Main Draw,KIM Bokrae (KOR) / KIM Kyungah (KOR),FUJII Hiroko (JPN) / HIURA Reiko (JPN),KIM Kyungah (KOR),HIURA Reiko (JPN),2 - 4,7:11 13:11 11:7 9:11 11:13 7:11,KIM Bokrae,2005
US Open Fort Lauderdale 2005,2005-07-07,LI Jiawei/PARK Miyoung,HIRANO Sayaka/TASEI Mikie,SGP,JPN,4,3,"10,11,11,4,18,6,13|12,8,6,11,16,11,11",R16,GRAND_SLAM,WD,1739,Main Draw,LI Jiawei (SGP) / PARK Miyoung (KOR),HIRANO Sayaka (JPN) / TASEI Mikie (JPN),PARK Miyoung (KOR),TASEI Mikie (JPN),3 - 4,12:10 8:11 6:11 11:4 16:18 11:6 11:13,LI Jiawei,2005
US Open Fort Lauderdale 2005,2005-07-07,LI Jiawei/PARK Miyoung,HUGH Judy/WEI Barbara,SGP,USA,3,1,"11,14,11,11|5,16,9,9",QR16,GRAND_SLAM,WD,1739,Qualification,LI Jiawei (SGP) / PARK Miyoung (KOR),HUGH Judy (USA) / WEI Barbara (USA),PARK Miyoung (KOR),WEI Barbara (USA),3 - 1,11:5 14:16 11:9 11:9,LI Jiawei,2005
US Open Fort Lauderdale 2005,2005-07-07,KIM Hyehyun/KIM Junghyun,GRUNDISCH Carole/ROBERTSON Laura,KOR,FRA,3,1,"12,4,11,11|10,11,5,9",QR16,GRAND_SLAM,WD,1739,Qualification,KIM Hyehyun (KOR) / KIM Junghyun (KOR),GRUNDISCH Carole (FRA) / ROBERTSON Laura (GER),KIM Junghyun (KOR),ROBERTSON Laura (GER),3 - 1,12:10 4:11 11:5 11:9,KIM Hyehyun,2005
US Open Fort Lauderdale 2005,2005-07-07,JEON Hyekyung/KIM Soongsil,STRBIKOVA Renata/STRUSE Nicole,KOR,CZE,3,0,"11,11,11|6,9,7",QR16,GRAND_SLAM,WD,1739,Qualification,JEON Hyekyung (KOR) / KIM Soongsil (KOR),STRBIKOVA Renata (CZE) / STRUSE Nicole (GER),KIM Soongsil (KOR),STRUSE Nicole (GER),3 - 0,11:6 11:9 11:7,JEON Hyekyung,2005
US Open Fort Lauderdale 2005,2005-07-07,KIM Minhee (YOB=1985)/MOON Hyunjung,LANG Kristin/SCHALL Elke,KOR,GER,4,1,"12,11,11,9,11|10,5,6,11,3",R16,GRAND_SLAM,WD,1739,Main Draw,KIM Minhee (YOB=1985) (KOR) / MOON Hyunjung (KOR),LANG Kristin (GER) / SCHALL Elke (GER),MOON Hyunjung (KOR),SCHALL Elke (GER),4 - 1,12:10 11:5 11:6 9:11 11:3,KIM Minhee (YOB=1985),2005
US Open Fort Lauderdale 2005,2005-07-07,JEON Hyekyung/KIM Soongsil,GAO Jun/LI Jiao,KOR,USA,4,3,"5,4,11,11,11,10,11|11,11,6,5,7,12,4",R16,GRAND_SLAM,WD,1739,Main Draw,JEON Hyekyung (KOR) / KIM Soongsil (KOR),GAO Jun (USA) / LI Jiao (NED),KIM Soongsil (KOR),LI Jiao (NED),4 - 3,5:11 4:11 11:6 11:5 11:7 10:12 11:4,JEON Hyekyung,2005
US Open Fort Lauderdale 2005,2005-07-07,KIM Hyehyun/KIM Junghyun,LAU Sui Fei/SONG Ah Sim,KOR,HKG,4,3,"10,13,11,11,7,6,11|12,11,7,9,11,11,6",R16,GRAND_SLAM,WD,1739,Main Draw,KIM Hyehyun (KOR) / KIM Junghyun (KOR),LAU Sui Fei (HKG) / SONG Ah Sim (HKG),KIM Junghyun (KOR),SONG Ah Sim (HKG),4 - 3,10:12 13:11 11:7 11:9 7:11 6:11 11:6,KIM Hyehyun,2005
US Open Fort Lauderdale 2005,2005-07-07,KIM Hyehyun/KIM Junghyun,LI Jiawei/PARK Miyoung,KOR,SGP,4,1,"13,13,6,11,11|11,11,11,9,9",QuarterFinal,GRAND_SLAM,WD,1739,Main Draw,KIM Hyehyun (KOR) / KIM Junghyun (KOR),LI Jiawei (SGP) / PARK Miyoung (KOR),KIM Junghyun (KOR),PARK Miyoung (KOR),1 - 4,11:13 11:13 11:6 9:11 9:11,KIM Hyehyun,2005
US Open Fort Lauderdale 2005,2005-07-07,SUN Beibei/WANG Yuegu,KERTAI Rita/LOVAS Petra,SGP,HUN,4,0,"11,11,11,11|2,8,9,5",R16,GRAND_SLAM,WD,1739,Main Draw,SUN Beibei (SGP) / WANG Yuegu (SGP),KERTAI Rita (HUN) / LOVAS Petra (HUN),WANG Yuegu (SGP),LOVAS Petra (HUN),4 - 0,11:2 11:8 11:9 11:5,SUN Beibei,2005
US Open Fort Lauderdale 2005,2005-07-07,TAN Paey Fern/ZHANG Xueling,HALAS Helena/RATHER Jasna,SGP,SLO,4,0,"11,11,13,11|2,5,11,4",R16,GRAND_SLAM,WD,1739,Main Draw,TAN Paey Fern (SGP) / ZHANG Xueling (SGP),HALAS Helena (SLO) / RATHER Jasna (USA),ZHANG Xueling (SGP),RATHER Jasna (USA),4 - 0,11:2 11:5 13:11 11:4,TAN Paey Fern,2005
US Open Fort Lauderdale 2005,2005-07-07,SUN Beibei/WANG Yuegu,KIM Bokrae/KIM Kyungah,SGP,KOR,4,1,"11,11,14,11,11|13,7,12,4,8",QuarterFinal,GRAND_SLAM,WD,1739,Main Draw,SUN Beibei (SGP) / WANG Yuegu (SGP),KIM Bokrae (KOR) / KIM Kyungah (KOR),WANG Yuegu (SGP),KIM Kyungah (KOR),4 - 1,11:13 11:7 14:12 11:4 11:8,SUN Beibei,2005
US Open Fort Lauderdale 2005,2005-07-07,TAN Paey Fern/ZHANG Xueling,JEON Hyekyung/KIM Soongsil,SGP,KOR,4,1,"12,11,11,9,11|10,9,6,11,9",QuarterFinal,GRAND_SLAM,WD,1739,Main Draw,TAN Paey Fern (SGP) / ZHANG Xueling (SGP),JEON Hyekyung (KOR) / KIM Soongsil (KOR),ZHANG Xueling (SGP),KIM Soongsil (KOR),4 - 1,12:10 11:9 11:6 9:11 11:9,TAN Paey Fern,2005
US Open Fort Lauderdale 2005,2005-07-07,KIM Hyehyun/KIM Junghyun,TAN Paey Fern/ZHANG Xueling,KOR,SGP,4,0,"11,13,15,11|9,11,13,8",SemiFinal,GRAND_SLAM,WD,1739,Main Draw,KIM Hyehyun (KOR) / KIM Junghyun (KOR),TAN Paey Fern (SGP) / ZHANG Xueling (SGP),KIM Junghyun (KOR),ZHANG Xueling (SGP),0 - 4,9:11 11:13 13:15 8:11,KIM Hyehyun,2005
US Open Fort Lauderdale 2005,2005-07-07,BANH THUA Tawny/HUANG Crystal Xi,CHAKRABORTY Kasturi/PING Whitney,USA,IND,3,0,"11,13,11|3,11,4",QR32,GRAND_SLAM,WD,1739,Qualification,BANH THUA Tawny (USA) / HUANG Crystal Xi (USA),CHAKRABORTY Kasturi (IND) / PING Whitney (USA),HUANG Crystal Xi (USA),PING Whitney (USA),3 - 0,11:3 13:11 11:4,BANH THUA Tawny,2005
US Open Fort Lauderdale 2005,2005-07-07,CHIU Wennin/LEE Jacqueline,XIAO Laura/YI Sophia Dan Dan,CAN,USA,3,0,"11,12,11|3,10,9",QR32,GRAND_SLAM,WD,1739,Qualification,CHIU Wennin (CAN) / LEE Jacqueline (USA),XIAO Laura (USA) / YI Sophia Dan Dan (USA),LEE Jacqueline (USA),YI Sophia Dan Dan (USA),3 - 0,11:3 12:10 11:9,CHIU Wennin,2005
US Open Fort Lauderdale 2005,2005-07-07,LEE Eunhee/LEE Hyangmi,BANH THUA Tawny/HUANG Crystal Xi,KOR,USA,3,1,"9,11,11,11|11,5,3,4",QR16,GRAND_SLAM,WD,1739,Qualification,LEE Eunhee (KOR) / LEE Hyangmi (KOR),BANH THUA Tawny (USA) / HUANG Crystal Xi (USA),LEE Hyangmi (KOR),HUANG Crystal Xi (USA),1 - 3,11:9 5:11 3:11 4:11,LEE Eunhee,2005
US Open Fort Lauderdale 2005,2005-07-07,KIM Minhee (YOB=1985)/MOON Hyunjung,CHIU Wennin/LEE Jacqueline,KOR,CAN,3,0,"12,11,11|10,5,9",QR16,GRAND_SLAM,WD,1739,Qualification,KIM Minhee (YOB=1985) (KOR) / MOON Hyunjung (KOR),CHIU Wennin (CAN) / LEE Jacqueline (USA),MOON Hyunjung (KOR),LEE Jacqueline (USA),0 - 3,10:12 5:11 9:11,KIM Minhee (YOB=1985),2005
