tournament,date,player_a,player_b,score_a,score_b,game_scores,round,tier,sub_event,event_id,stage,player_a_raw,player_b_raw
Polish Open Warsaw 2004,2004-10-14,KEINATH Thomas,DEMETER Lehel,4,0,"11,11,11,11|4,5,5,7",R64,GRAND_SLAM,MS,1705,Main Draw,KEINATH Thomas (SVK),DEMETER Lehel (HUN)
Polish Open Warsaw 2004,2004-10-14,FEJER-KONNERTH Zoltan,GIONIS Panagiotis,4,2,"12,11,10,13,11,11|10,5,12,11,13,4",R64,GRAND_SLAM,MS,1705,Main Draw,FEJER-KONNERTH Zoltan (GER),GIONIS Panagiotis (GRE)
Polish Open Warsaw 2004,2004-10-14,YOSHIDA Kaii,LENGEROV Kostadin,4,1,"11,5,11,11,11|3,11,9,6,8",R64,GRAND_SLAM,MS,1705,Main Draw,YOSHIDA Kaii (JPN),LENGEROV Kostadin (AUT)
Polish Open Warsaw 2004,2004-10-14,KARLSSON Peter,RUBTSOV Igor,4,1,"11,11,14,5,13|7,7,12,11,11",R64,GRAND_SLAM,MS,1705,Main Draw,KARLSSON Peter (SWE),RUBTSOV Igor (RUS)
Polish Open Warsaw 2004,2004-10-14,ROSSKOPF Jorg,VOZICKY Bohumil,4,2,"11,11,9,8,11,11|8,7,11,11,7,6",R64,GRAND_SLAM,MS,1705,Main Draw,ROSSKOPF Jorg (GER),VOZICKY Bohumil (CZE)
Polish Open Warsaw 2004,2004-10-14,TASAKI Toshio,SEREDA Peter,4,1,"11,2,11,11,11|9,11,7,6,6",R64,GRAND_SLAM,MS,1705,Main Draw,TASAKI Toshio (JPN),SEREDA Peter (SVK)
Polish Open Warsaw 2004,2004-10-14,FENG Zhe,MONRAD Martin,4,0,"11,11,11,11|9,5,9,8",R64,GRAND_SLAM,MS,1705,Main Draw,FENG Zhe (BUL),MONRAD Martin (DEN)
Polish Open Warsaw 2004,2004-10-14,PERSSON Jorgen,VARGA Zoltan,4,1,"13,11,11,7,13|11,4,6,11,11",R64,GRAND_SLAM,MS,1705,Main Draw,PERSSON Jorgen (SWE),VARGA Zoltan (HUN)
Polish Open Warsaw 2004,2004-10-14,SMIRNOV Alexey,LIEVSHYN Vitaliy,4,0,"11,11,11,12|4,5,7,10",R64,GRAND_SLAM,MS,1705,Main Draw,SMIRNOV Alexey (RUS),LIEVSHYN Vitaliy (UKR)
Polish Open Warsaw 2004,2004-10-14,BENTSEN Allan,JOVER Sebastien,4,0,"11,11,11,11|7,2,9,6",R64,GRAND_SLAM,MS,1705,Main Draw,BENTSEN Allan (DEN),JOVER Sebastien (FRA)
Polish Open Warsaw 2004,2004-10-14,GARDOS Robert,FAZEKAS Peter,4,1,"11,11,11,10,11|9,6,6,12,7",R64,GRAND_SLAM,MS,1705,Main Draw,GARDOS Robert (AUT),FAZEKAS Peter (HUN)
Polish Open Warsaw 2004,2004-10-14,PRIMORAC Zoran,GORAK Daniel,4,0,"11,11,11,11|9,8,8,8",R64,GRAND_SLAM,MS,1705,Main Draw,PRIMORAC Zoran (CRO),GORAK Daniel (POL)
Polish Open Warsaw 2004,2004-10-14,OLEJNIK Martin,LEUNG Chu Yan,4,3,"11,7,12,11,11,15,11|9,11,14,7,13,13,9",R64,GRAND_SLAM,MS,1705,Main Draw,OLEJNIK Martin (CZE),LEUNG Chu Yan (HKG)
Polish Open Warsaw 2004,2004-10-14,KARAKASEVIC Aleksandar,PAVELKA Tomas,4,0,"11,12,11,11|3,10,5,6",R64,GRAND_SLAM,MS,1705,Main Draw,KARAKASEVIC Aleksandar (SRB),PAVELKA Tomas (CZE)
Polish Open Warsaw 2004,2004-10-14,GRUJIC Slobodan,PAZSY Ferenc,4,1,"12,11,11,11,13|14,8,8,5,11",R64,GRAND_SLAM,MS,1705,Main Draw,GRUJIC Slobodan (SRB),PAZSY Ferenc (HUN)
Polish Open Warsaw 2004,2004-10-14,MAZUNOV Dmitry,KLASEK Marek,4,3,"7,11,4,11,9,11,11|11,9,11,6,11,9,6",R64,GRAND_SLAM,MS,1705,Main Draw,MAZUNOV Dmitry (RUS),KLASEK Marek (CZE)
Polish Open Warsaw 2004,2004-10-14,SAIVE Jean-Michel,KOSOWSKI Jakub,4,2,"5,11,6,12,11,11|11,3,11,10,5,5",R64,GRAND_SLAM,MS,1705,Main Draw,SAIVE Jean-Michel (BEL),KOSOWSKI Jakub (POL)
Polish Open Warsaw 2004,2004-10-14,WOSIK Torben,MOLNAR Krisztian,4,0,"11,11,11,11|9,5,4,3",R64,GRAND_SLAM,MS,1705,Main Draw,WOSIK Torben (GER),MOLNAR Krisztian (HUN)
Polish Open Warsaw 2004,2004-10-14,LEGOUT Christophe,URBANEK Jan,4,0,"13,11,12,11|11,8,10,4",R64,GRAND_SLAM,MS,1705,Main Draw,LEGOUT Christophe (FRA),URBANEK Jan (CZE)
Polish Open Warsaw 2004,2004-10-14,LUNDQVIST Jens,CABESTANY Cedrik,4,0,"11,11,11,12|1,8,9,10",R64,GRAND_SLAM,MS,1705,Main Draw,LUNDQVIST Jens (SWE),CABESTANY Cedrik (FRA)
Polish Open Warsaw 2004,2004-10-14,CRISAN Adrian,PAPAGEORGIOU Konstantinos,4,1,"11,11,12,11,11|13,9,10,1,4",R64,GRAND_SLAM,MS,1705,Main Draw,CRISAN Adrian (ROU),PAPAGEORGIOU Konstantinos (GRE)
Polish Open Warsaw 2004,2004-10-14,CHILA Patrick,REDJEP Ronald,4,1,"7,11,11,11,11|11,4,8,9,7",R64,GRAND_SLAM,MS,1705,Main Draw,CHILA Patrick (FRA),REDJEP Ronald (CRO)
Polish Open Warsaw 2004,2004-10-14,ZWICKL Daniel,KUSINSKI Marcin,4,2,"12,9,12,11,9,11|10,11,10,9,11,7",R64,GRAND_SLAM,MS,1705,Main Draw,ZWICKL Daniel (HUN),KUSINSKI Marcin (POL)
Polish Open Warsaw 2004,2004-10-14,CHEN Weixing,KISHIKAWA Seiya,4,0,"11,11,11,11|3,5,6,6",R64,GRAND_SLAM,MS,1705,Main Draw,CHEN Weixing (AUT),KISHIKAWA Seiya (JPN)
Polish Open Warsaw 2004,2004-10-14,MAZE Michael,WANG Zengyi,4,2,"11,13,7,8,11,12|7,11,11,11,9,10",R64,GRAND_SLAM,MS,1705,Main Draw,MAZE Michael (DEN),WANG Zengyi (POL)
Polish Open Warsaw 2004,2004-10-14,HIELSCHER Lars,VLASOV Grigory,4,2,"4,11,11,10,11,11|11,3,7,12,6,7",R64,GRAND_SLAM,MS,1705,Main Draw,HIELSCHER Lars (GER),VLASOV Grigory (RUS)
Polish Open Warsaw 2004,2004-10-14,SUCH Bartosz,KUZMIN Fedor,4,2,"11,10,11,9,11,11|6,12,7,11,6,4",R64,GRAND_SLAM,MS,1705,Main Draw,SUCH Bartosz (POL),KUZMIN Fedor (RUS)
Polish Open Warsaw 2004,2004-10-14,ELOI Damien,CIOTI Constantin,4,1,"11,14,6,11,11|7,12,11,8,5",R64,GRAND_SLAM,MS,1705,Main Draw,ELOI Damien (FRA),CIOTI Constantin (ROU)
Polish Open Warsaw 2004,2004-10-14,BLASZCZYK Lucjan,FETH Stefan,4,0,"13,13,11,11|11,11,4,9",R64,GRAND_SLAM,MS,1705,Main Draw,BLASZCZYK Lucjan (POL),FETH Stefan (GER)
Polish Open Warsaw 2004,2004-10-14,SUSS Christian,LINDNER Adam,4,2,"10,15,11,11,9,11|12,13,5,7,11,3",R64,GRAND_SLAM,MS,1705,Main Draw,SUSS Christian (GER),LINDNER Adam (HUN)
Polish Open Warsaw 2004,2004-10-14,STEGER Bastian,TOSIC Roko,4,1,"13,11,11,6,11|11,6,9,11,8",R64,GRAND_SLAM,MS,1705,Main Draw,STEGER Bastian (GER),TOSIC Roko (CRO)
Polish Open Warsaw 2004,2004-10-14,BOLL Timo,MIZUTANI Jun,4,0,"11,11,11,11|5,8,2,8",R64,GRAND_SLAM,MS,1705,Main Draw,BOLL Timo (GER),MIZUTANI Jun (JPN)
Polish Open Warsaw 2004,2004-10-14,FEJER-KONNERTH Zoltan,KEINATH Thomas,4,1,"11,11,4,11,11|6,8,11,4,9",R32,GRAND_SLAM,MS,1705,Main Draw,FEJER-KONNERTH Zoltan (GER),KEINATH Thomas (SVK)
Polish Open Warsaw 2004,2004-10-14,KARLSSON Peter,YOSHIDA Kaii,4,0,"11,11,11,11|6,7,9,6",R32,GRAND_SLAM,MS,1705,Main Draw,KARLSSON Peter (SWE),YOSHIDA Kaii (JPN)
Polish Open Warsaw 2004,2004-10-14,ROSSKOPF Jorg,TASAKI Toshio,4,1,"11,11,11,9,12|5,9,7,11,10",R32,GRAND_SLAM,MS,1705,Main Draw,ROSSKOPF Jorg (GER),TASAKI Toshio (JPN)
Polish Open Warsaw 2004,2004-10-14,FENG Zhe,PERSSON Jorgen,4,3,"15,11,7,9,12,11,11|17,7,11,11,10,7,6",R32,GRAND_SLAM,MS,1705,Main Draw,FENG Zhe (BUL),PERSSON Jorgen (SWE)
Polish Open Warsaw 2004,2004-10-14,SMIRNOV Alexey,BENTSEN Allan,4,1,"11,10,12,11,11|5,12,10,3,4",R32,GRAND_SLAM,MS,1705,Main Draw,SMIRNOV Alexey (RUS),BENTSEN Allan (DEN)
Polish Open Warsaw 2004,2004-10-14,PRIMORAC Zoran,GARDOS Robert,4,1,"12,11,11,11,11|10,13,6,6,9",R32,GRAND_SLAM,MS,1705,Main Draw,PRIMORAC Zoran (CRO),GARDOS Robert (AUT)
Polish Open Warsaw 2004,2004-10-14,KARAKASEVIC Aleksandar,OLEJNIK Martin,4,1,"11,11,9,11,12|4,7,11,9,10",R32,GRAND_SLAM,MS,1705,Main Draw,KARAKASEVIC Aleksandar (SRB),OLEJNIK Martin (CZE)
Polish Open Warsaw 2004,2004-10-14,MAZUNOV Dmitry,GRUJIC Slobodan,4,2,"5,11,3,11,13,12|11,6,11,6,11,10",R32,GRAND_SLAM,MS,1705,Main Draw,MAZUNOV Dmitry (RUS),GRUJIC Slobodan (SRB)
Polish Open Warsaw 2004,2004-10-14,WOSIK Torben,SAIVE Jean-Michel,4,3,"8,11,5,11,11,6,11|11,9,11,8,7,11,9",R32,GRAND_SLAM,MS,1705,Main Draw,WOSIK Torben (GER),SAIVE Jean-Michel (BEL)
Polish Open Warsaw 2004,2004-10-14,LEGOUT Christophe,LUNDQVIST Jens,4,2,"11,12,9,11,10,12|9,10,11,9,12,10",R32,GRAND_SLAM,MS,1705,Main Draw,LEGOUT Christophe (FRA),LUNDQVIST Jens (SWE)
Polish Open Warsaw 2004,2004-10-14,CRISAN Adrian,CHILA Patrick,4,3,"8,11,11,12,6,7,11|11,4,8,10,11,11,3",R32,GRAND_SLAM,MS,1705,Main Draw,CRISAN Adrian (ROU),CHILA Patrick (FRA)
Polish Open Warsaw 2004,2004-10-14,CHEN Weixing,ZWICKL Daniel,4,0,"11,13,11,11|9,11,5,7",R32,GRAND_SLAM,MS,1705,Main Draw,CHEN Weixing (AUT),ZWICKL Daniel (HUN)
Polish Open Warsaw 2004,2004-10-14,MAZE Michael,HIELSCHER Lars,4,0,"11,11,13,11|9,9,11,7",R32,GRAND_SLAM,MS,1705,Main Draw,MAZE Michael (DEN),HIELSCHER Lars (GER)
Polish Open Warsaw 2004,2004-10-14,ELOI Damien,SUCH Bartosz,4,3,"11,11,11,8,11,9,13|8,5,5,11,13,11,11",R32,GRAND_SLAM,MS,1705,Main Draw,ELOI Damien (FRA),SUCH Bartosz (POL)
Polish Open Warsaw 2004,2004-10-14,SUSS Christian,BLASZCZYK Lucjan,4,3,"8,10,7,11,11,11,11|11,12,11,5,3,9,9",R32,GRAND_SLAM,MS,1705,Main Draw,SUSS Christian (GER),BLASZCZYK Lucjan (POL)
Polish Open Warsaw 2004,2004-10-14,BOLL Timo,STEGER Bastian,4,0,"11,11,12,11|7,7,10,5",R32,GRAND_SLAM,MS,1705,Main Draw,BOLL Timo (GER),STEGER Bastian (GER)
Polish Open Warsaw 2004,2004-10-14,KARLSSON Peter,FEJER-KONNERTH Zoltan,4,3,"9,11,11,11,4,11,11|11,5,3,13,11,5,7",R16,GRAND_SLAM,MS,1705,Main Draw,KARLSSON Peter (SWE),FEJER-KONNERTH Zoltan (GER)
Polish Open Warsaw 2004,2004-10-14,ROSSKOPF Jorg,FENG Zhe,4,1,"11,11,8,11,14|8,8,11,9,12",R16,GRAND_SLAM,MS,1705,Main Draw,ROSSKOPF Jorg (GER),FENG Zhe (BUL)
Polish Open Warsaw 2004,2004-10-14,PRIMORAC Zoran,SMIRNOV Alexey,4,1,"11,12,11,10,11|9,10,8,12,4",R16,GRAND_SLAM,MS,1705,Main Draw,PRIMORAC Zoran (CRO),SMIRNOV Alexey (RUS)
Polish Open Warsaw 2004,2004-10-14,MAZUNOV Dmitry,KARAKASEVIC Aleksandar,4,2,"12,6,9,11,11,11|10,11,11,5,3,5",R16,GRAND_SLAM,MS,1705,Main Draw,MAZUNOV Dmitry (RUS),KARAKASEVIC Aleksandar (SRB)
Polish Open Warsaw 2004,2004-10-14,WOSIK Torben,LEGOUT Christophe,4,2,"11,7,11,11,8,11|8,11,7,6,11,8",R16,GRAND_SLAM,MS,1705,Main Draw,WOSIK Torben (GER),LEGOUT Christophe (FRA)
Polish Open Warsaw 2004,2004-10-14,CHEN Weixing,CRISAN Adrian,4,2,"11,11,11,7,8,11|6,8,5,11,11,8",R16,GRAND_SLAM,MS,1705,Main Draw,CHEN Weixing (AUT),CRISAN Adrian (ROU)
Polish Open Warsaw 2004,2004-10-14,MAZE Michael,ELOI Damien,4,2,"11,11,10,11,10,11|2,4,12,7,12,7",R16,GRAND_SLAM,MS,1705,Main Draw,MAZE Michael (DEN),ELOI Damien (FRA)
Polish Open Warsaw 2004,2004-10-14,BOLL Timo,SUSS Christian,4,2,"11,11,13,11,8,11|8,5,15,9,11,6",R16,GRAND_SLAM,MS,1705,Main Draw,BOLL Timo (GER),SUSS Christian (GER)
Polish Open Warsaw 2004,2004-10-14,KARLSSON Peter,ROSSKOPF Jorg,4,1,"10,11,11,11,11|12,6,1,6,4",QF,GRAND_SLAM,MS,1705,Main Draw,KARLSSON Peter (SWE),ROSSKOPF Jorg (GER)
Polish Open Warsaw 2004,2004-10-14,PRIMORAC Zoran,MAZUNOV Dmitry,4,2,"11,11,16,9,4,11|9,3,14,11,11,8",QF,GRAND_SLAM,MS,1705,Main Draw,PRIMORAC Zoran (CRO),MAZUNOV Dmitry (RUS)
Polish Open Warsaw 2004,2004-10-14,CHEN Weixing,WOSIK Torben,4,1,"14,11,11,10,11|12,6,8,12,2",QF,GRAND_SLAM,MS,1705,Main Draw,CHEN Weixing (AUT),WOSIK Torben (GER)
Polish Open Warsaw 2004,2004-10-14,BOLL Timo,MAZE Michael,4,1,"11,12,11,9,11|7,10,9,11,7",QF,GRAND_SLAM,MS,1705,Main Draw,BOLL Timo (GER),MAZE Michael (DEN)
Polish Open Warsaw 2004,2004-10-14,PRIMORAC Zoran,KARLSSON Peter,4,0,"11,12,12,11|3,10,10,7",SF,GRAND_SLAM,MS,1705,Main Draw,PRIMORAC Zoran (CRO),KARLSSON Peter (SWE)
Polish Open Warsaw 2004,2004-10-14,BOLL Timo,CHEN Weixing,4,1,"11,7,12,12,11|4,11,10,10,9",SF,GRAND_SLAM,MS,1705,Main Draw,BOLL Timo (GER),CHEN Weixing (AUT)
Polish Open Warsaw 2004,2004-10-14,BOLL Timo,PRIMORAC Zoran,4,1,"11,11,11,9,11|9,8,9,11,8",F,GRAND_SLAM,MS,1705,Main Draw,BOLL Timo (GER),PRIMORAC Zoran (CRO)
Polish Open Warsaw 2004,2004-10-14,ZUBCIC Tomislav,JEVTOVIC Marko,4,3,"5,8,11,12,7,11,11|11,11,6,10,11,8,2",,GRAND_SLAM,MS,1705,Qualification,ZUBCIC Tomislav (CRO),JEVTOVIC Marko (SRB)
Polish Open Warsaw 2004,2004-10-14,KEINATH Thomas,ZUBCIC Tomislav,4,1,"8,11,11,11,11|11,4,9,7,8",QR2,GRAND_SLAM,MS,1705,Qualification,KEINATH Thomas (SVK),ZUBCIC Tomislav (CRO)
Polish Open Warsaw 2004,2004-10-14,KEINATH Thomas,JEVTOVIC Marko,4,1,"13,12,11,9,11|11,10,3,11,6",3,GRAND_SLAM,MS,1705,Qualification,KEINATH Thomas (SVK),JEVTOVIC Marko (SRB)
Polish Open Warsaw 2004,2004-10-14,HABESOHN Mathias,CHUMAKOU Dmitry,4,1,"10,11,14,11,11|12,7,12,8,4",,GRAND_SLAM,MS,1705,Qualification,HABESOHN Mathias (AUT),CHUMAKOU Dmitry (BLR)
Polish Open Warsaw 2004,2004-10-14,KLASEK Marek,HABESOHN Mathias,4,0,"11,13,11,11|3,11,4,5",QR2,GRAND_SLAM,MS,1705,Qualification,KLASEK Marek (CZE),HABESOHN Mathias (AUT)
Polish Open Warsaw 2004,2004-10-14,KLASEK Marek,CHUMAKOU Dmitry,4,2,"11,9,7,11,11,11|9,11,11,2,7,5",3,GRAND_SLAM,MS,1705,Qualification,KLASEK Marek (CZE),CHUMAKOU Dmitry (BLR)
Polish Open Warsaw 2004,2004-10-14,PETO Zsolt,PRYSHCHEPA Ievgen,4,2,"8,11,11,11,4,12|11,4,6,5,11,10",,GRAND_SLAM,MS,1705,Qualification,PETO Zsolt (SRB),PRYSHCHEPA Ievgen (UKR)
Polish Open Warsaw 2004,2004-10-14,MAZUNOV Dmitry,PETO Zsolt,4,0,"11,11,11,11|9,4,6,7",QR2,GRAND_SLAM,MS,1705,Qualification,MAZUNOV Dmitry (RUS),PETO Zsolt (SRB)
Polish Open Warsaw 2004,2004-10-14,MAZUNOV Dmitry,PRYSHCHEPA Ievgen,4,1,"11,11,9,11,11|5,8,11,4,3",3,GRAND_SLAM,MS,1705,Qualification,MAZUNOV Dmitry (RUS),PRYSHCHEPA Ievgen (UKR)
Polish Open Warsaw 2004,2004-10-14,PETRUKHIN Evgeny,KLEPRLIK Jakub,4,2,"14,11,8,9,11,14|12,5,11,11,3,12",,GRAND_SLAM,MS,1705,Qualification,PETRUKHIN Evgeny (RUS),KLEPRLIK Jakub (CZE)
Polish Open Warsaw 2004,2004-10-14,CIOTI Constantin,PETRUKHIN Evgeny,4,0,"11,11,11,11|5,3,6,6",QR2,GRAND_SLAM,MS,1705,Qualification,CIOTI Constantin (ROU),PETRUKHIN Evgeny (RUS)
Polish Open Warsaw 2004,2004-10-14,KLEPRLIK Jakub,CIOTI Constantin,4,3,"7,11,1,7,12,11,11|11,8,11,11,10,7,9",3,GRAND_SLAM,MS,1705,Qualification,KLEPRLIK Jakub (CZE),CIOTI Constantin (ROU)
Polish Open Warsaw 2004,2004-10-14,CHMIEL Pawel,KOLAREK Tomislav,4,1,"11,11,8,11,11|7,6,11,9,8",,GRAND_SLAM,MS,1705,Qualification,CHMIEL Pawel (POL),KOLAREK Tomislav (CRO)
Polish Open Warsaw 2004,2004-10-14,PAZSY Ferenc,KOLAREK Tomislav,4,0,"11,11,11,11|5,7,8,9",QR2,GRAND_SLAM,MS,1705,Qualification,PAZSY Ferenc (HUN),KOLAREK Tomislav (CRO)
Polish Open Warsaw 2004,2004-10-14,PAZSY Ferenc,CHMIEL Pawel,4,1,"11,11,7,11,13|4,6,11,5,11",3,GRAND_SLAM,MS,1705,Qualification,PAZSY Ferenc (HUN),CHMIEL Pawel (POL)
Polish Open Warsaw 2004,2004-10-14,MOLNAR Krisztian,SAHA Subhajit,4,0,"11,11,12,11|5,8,10,6",,GRAND_SLAM,MS,1705,Qualification,MOLNAR Krisztian (HUN),SAHA Subhajit (IND)
Polish Open Warsaw 2004,2004-10-14,MOLNAR Krisztian,YUZAWA Ryo,4,3,"11,2,11,9,13,5,12|7,11,9,11,11,11,10",QR2,GRAND_SLAM,MS,1705,Qualification,MOLNAR Krisztian (HUN),YUZAWA Ryo (JPN)
Polish Open Warsaw 2004,2004-10-14,YUZAWA Ryo,SAHA Subhajit,4,1,"9,11,11,11,11|11,5,2,7,9",3,GRAND_SLAM,MS,1705,Qualification,YUZAWA Ryo (JPN),SAHA Subhajit (IND)
Polish Open Warsaw 2004,2004-10-14,LIEVSHYN Vitaliy,BUROV Viacheslav,4,3,"15,11,11,6,8,10,11|13,7,8,11,11,12,3",,GRAND_SLAM,MS,1705,Qualification,LIEVSHYN Vitaliy (UKR),BUROV Viacheslav (RUS)
Polish Open Warsaw 2004,2004-10-14,REDJEP Ronald,MAGYAR Laszlo,4,3,"5,11,10,11,11,11,12|11,8,12,2,9,13,10",,GRAND_SLAM,MS,1705,Qualification,REDJEP Ronald (CRO),MAGYAR Laszlo (HUN)
Polish Open Warsaw 2004,2004-10-14,MAGYAR Laszlo,BRATANOV Martin,4,3,"11,7,11,9,11,8,11|5,11,7,11,4,11,6",QR2,GRAND_SLAM,MS,1705,Qualification,MAGYAR Laszlo (HUN),BRATANOV Martin (BEL)
Polish Open Warsaw 2004,2004-10-14,REDJEP Ronald,BRATANOV Martin,4,3,"11,11,11,11,11,8,11|2,8,4,13,13,11,8",3,GRAND_SLAM,MS,1705,Qualification,REDJEP Ronald (CRO),BRATANOV Martin (BEL)
Polish Open Warsaw 2004,2004-10-14,SHEVCHENKO Semen,ZHMUDENKO Yaroslav,4,0,"11,11,11,11|8,6,9,5",,GRAND_SLAM,MS,1705,Qualification,SHEVCHENKO Semen (RUS),ZHMUDENKO Yaroslav (UKR)
Polish Open Warsaw 2004,2004-10-14,MONRAD Martin,SHEVCHENKO Semen,4,1,"11,13,11,11,11|13,11,6,2,7",QR2,GRAND_SLAM,MS,1705,Qualification,MONRAD Martin (DEN),SHEVCHENKO Semen (RUS)
Polish Open Warsaw 2004,2004-10-14,MONRAD Martin,ZHMUDENKO Yaroslav,4,0,"11,12,11,11|8,10,7,6",3,GRAND_SLAM,MS,1705,Qualification,MONRAD Martin (DEN),ZHMUDENKO Yaroslav (UKR)
Polish Open Warsaw 2004,2004-10-14,SIMONCIK Josef,SIMON Fabien,4,0,"11,11,11,11|5,4,7,6",,GRAND_SLAM,MS,1705,Qualification,SIMONCIK Josef (CZE),SIMON Fabien (LUX)
Polish Open Warsaw 2004,2004-10-14,GIONIS Panagiotis,SIMON Fabien,4,0,"11,11,11,11|3,7,9,8",QR2,GRAND_SLAM,MS,1705,Qualification,GIONIS Panagiotis (GRE),SIMON Fabien (LUX)
Polish Open Warsaw 2004,2004-10-14,GIONIS Panagiotis,SIMONCIK Josef,4,3,"11,11,11,6,5,11,11|5,13,9,11,11,9,6",3,GRAND_SLAM,MS,1705,Qualification,GIONIS Panagiotis (GRE),SIMONCIK Josef (CZE)
Polish Open Warsaw 2004,2004-10-14,HABESOHN Daniel,FILENKO Oleg,4,1,"9,11,11,11,11|11,9,4,4,9",,GRAND_SLAM,MS,1705,Qualification,HABESOHN Daniel (AUT),FILENKO Oleg (UKR)
Polish Open Warsaw 2004,2004-10-14,OLEJNIK Martin,FILENKO Oleg,4,1,"11,11,11,8,11|6,5,3,11,7",QR2,GRAND_SLAM,MS,1705,Qualification,OLEJNIK Martin (CZE),FILENKO Oleg (UKR)
Polish Open Warsaw 2004,2004-10-14,OLEJNIK Martin,HABESOHN Daniel,4,2,"11,11,11,4,9,11|5,9,7,11,11,7",3,GRAND_SLAM,MS,1705,Qualification,OLEJNIK Martin (CZE),HABESOHN Daniel (AUT)
Polish Open Warsaw 2004,2004-10-14,PICHLER Michael,DAVID Petr,4,0,"11,11,11,11|6,9,8,3",,GRAND_SLAM,MS,1705,Qualification,PICHLER Michael (AUT),DAVID Petr (CZE)
Polish Open Warsaw 2004,2004-10-14,SUCH Bartosz,DAVID Petr,4,1,"12,11,12,6,11|10,5,10,11,7",QR2,GRAND_SLAM,MS,1705,Qualification,SUCH Bartosz (POL),DAVID Petr (CZE)
Polish Open Warsaw 2004,2004-10-14,SUCH Bartosz,PICHLER Michael,4,0,"11,12,11,11|9,10,6,6",3,GRAND_SLAM,MS,1705,Qualification,SUCH Bartosz (POL),PICHLER Michael (AUT)
Polish Open Warsaw 2004,2004-10-14,URBANEK Jan,MENDES Enio,4,3,"4,11,11,9,12,11,11|11,9,7,11,14,7,9",,GRAND_SLAM,MS,1705,Qualification,URBANEK Jan (CZE),MENDES Enio (POR)
Polish Open Warsaw 2004,2004-10-14,URBANEK Jan,MONTEIRO Thiago,4,3,"11,6,11,11,6,10,11|8,11,6,4,11,12,6",QR2,GRAND_SLAM,MS,1705,Qualification,URBANEK Jan (CZE),MONTEIRO Thiago (BRA)
Polish Open Warsaw 2004,2004-10-14,MONTEIRO Thiago,MENDES Enio,4,2,"11,9,7,11,11,11|8,11,11,9,3,7",3,GRAND_SLAM,MS,1705,Qualification,MONTEIRO Thiago (BRA),MENDES Enio (POR)
Polish Open Warsaw 2004,2004-10-14,KRIVIC Jakov,BALTRUSHKA Dzmitry,4,0,"11,11,11,11|6,7,4,6",,GRAND_SLAM,MS,1705,Qualification,KRIVIC Jakov (CRO),BALTRUSHKA Dzmitry (BLR)
Polish Open Warsaw 2004,2004-10-14,PAVELKA Tomas,BALTRUSHKA Dzmitry,4,0,"11,11,11,11|4,4,5,6",QR2,GRAND_SLAM,MS,1705,Qualification,PAVELKA Tomas (CZE),BALTRUSHKA Dzmitry (BLR)
Polish Open Warsaw 2004,2004-10-14,PAVELKA Tomas,KRIVIC Jakov,4,0,"11,11,11,13|6,7,5,11",3,GRAND_SLAM,MS,1705,Qualification,PAVELKA Tomas (CZE),KRIVIC Jakov (CRO)
Polish Open Warsaw 2004,2004-10-14,PEREK Jakub,BAST Mike,4,2,"11,5,11,7,12,11|9,11,6,11,10,3",,GRAND_SLAM,MS,1705,Qualification,PEREK Jakub (POL),BAST Mike (LUX)
Polish Open Warsaw 2004,2004-10-14,TOSIC Roko,BAST Mike,4,0,"11,11,12,11|4,7,10,8",QR2,GRAND_SLAM,MS,1705,Qualification,TOSIC Roko (CRO),BAST Mike (LUX)
Polish Open Warsaw 2004,2004-10-14,TOSIC Roko,PEREK Jakub,4,2,"11,11,5,11,9,11|2,8,11,2,11,6",3,GRAND_SLAM,MS,1705,Qualification,TOSIC Roko (CRO),PEREK Jakub (POL)
Polish Open Warsaw 2004,2004-10-14,VLASOV Grigory,KLEPRLIK Michal,4,1,"6,11,11,11,11|11,6,5,6,2",,GRAND_SLAM,MS,1705,Qualification,VLASOV Grigory (RUS),KLEPRLIK Michal (CZE)
Polish Open Warsaw 2004,2004-10-14,KONECNY Tomas,KOSZYK Boguslaw,4,0,"14,11,11,11|12,5,8,9",,GRAND_SLAM,MS,1705,Qualification,KONECNY Tomas (CZE),KOSZYK Boguslaw (POL)
Polish Open Warsaw 2004,2004-10-14,JOVER Sebastien,KOSZYK Boguslaw,4,3,"7,11,8,11,11,11,11|11,13,11,6,8,2,5",QR2,GRAND_SLAM,MS,1705,Qualification,JOVER Sebastien (FRA),KOSZYK Boguslaw (POL)
Polish Open Warsaw 2004,2004-10-14,JOVER Sebastien,KONECNY Tomas,4,2,"11,5,11,11,8,11|9,11,7,5,11,8",3,GRAND_SLAM,MS,1705,Qualification,JOVER Sebastien (FRA),KONECNY Tomas (CZE)
Polish Open Warsaw 2004,2004-10-14,MALICKI Szymon,SEL Zolt,4,2,"4,11,11,11,6,14|11,7,6,8,11,12",,GRAND_SLAM,MS,1705,Qualification,MALICKI Szymon (POL),SEL Zolt (SRB)
Polish Open Warsaw 2004,2004-10-14,CABESTANY Cedrik,MALICKI Szymon,4,3,"11,11,7,9,9,11,11|9,4,11,11,11,3,4",QR2,GRAND_SLAM,MS,1705,Qualification,CABESTANY Cedrik (FRA),MALICKI Szymon (POL)
Polish Open Warsaw 2004,2004-10-14,CABESTANY Cedrik,SEL Zolt,4,0,"11,11,11,11|5,6,3,3",3,GRAND_SLAM,MS,1705,Qualification,CABESTANY Cedrik (FRA),SEL Zolt (SRB)
Polish Open Warsaw 2004,2004-10-14,GERADA Simon,ZLAMAL Jaromir,4,0,"11,11,11,11|5,9,8,1",,GRAND_SLAM,MS,1705,Qualification,GERADA Simon (AUS),ZLAMAL Jaromir (CZE)
Polish Open Warsaw 2004,2004-10-14,KISHIKAWA Seiya,ZLAMAL Jaromir,4,0,"11,11,11,11|9,3,7,6",QR2,GRAND_SLAM,MS,1705,Qualification,KISHIKAWA Seiya (JPN),ZLAMAL Jaromir (CZE)
Polish Open Warsaw 2004,2004-10-14,KISHIKAWA Seiya,GERADA Simon,4,0,"11,11,13,11|7,8,11,4",3,GRAND_SLAM,MS,1705,Qualification,KISHIKAWA Seiya (JPN),GERADA Simon (AUS)
Polish Open Warsaw 2004,2004-10-14,JUZBASIC Ivan,KIELB Dariusz,4,3,"11,10,11,11,8,9,12|9,12,6,4,11,11,10",,GRAND_SLAM,MS,1705,Qualification,JUZBASIC Ivan (CRO),KIELB Dariusz (POL)
Polish Open Warsaw 2004,2004-10-14,FAZEKAS Peter,KIELB Dariusz,4,0,"11,11,12,11|8,9,10,5",QR2,GRAND_SLAM,MS,1705,Qualification,FAZEKAS Peter (HUN),KIELB Dariusz (POL)
Polish Open Warsaw 2004,2004-10-14,FAZEKAS Peter,JUZBASIC Ivan,4,1,"11,13,8,11,11|9,11,11,4,8",3,GRAND_SLAM,MS,1705,Qualification,FAZEKAS Peter (HUN),JUZBASIC Ivan (CRO)
Polish Open Warsaw 2004,2004-10-14,SIMONER Christoph,GUDILKIN Igor,4,1,"11,11,11,11,11|13,9,4,4,5",,GRAND_SLAM,MS,1705,Qualification,SIMONER Christoph (AUT),GUDILKIN Igor (UKR)
Polish Open Warsaw 2004,2004-10-14,GORAK Daniel,GUDILKIN Igor,4,2,"10,11,11,11,11,11|12,13,2,9,9,7",QR2,GRAND_SLAM,MS,1705,Qualification,GORAK Daniel (POL),GUDILKIN Igor (UKR)
Polish Open Warsaw 2004,2004-10-14,GORAK Daniel,SIMONER Christoph,4,3,"8,11,6,11,9,11,11|11,8,11,8,11,9,2",3,GRAND_SLAM,MS,1705,Qualification,GORAK Daniel (POL),SIMONER Christoph (AUT)
Polish Open Warsaw 2004,2004-10-14,CSABA Bence,SZOTEK Karol,4,3,"3,11,11,8,7,13,12|11,8,9,11,11,11,10",,GRAND_SLAM,MS,1705,Qualification,CSABA Bence (CAN),SZOTEK Karol (POL)
Polish Open Warsaw 2004,2004-10-14,FETH Stefan,SZOTEK Karol,4,1,"11,11,11,11,12|8,8,13,8,10",QR2,GRAND_SLAM,MS,1705,Qualification,FETH Stefan (GER),SZOTEK Karol (POL)
Polish Open Warsaw 2004,2004-10-14,FETH Stefan,CSABA Bence,4,0,"11,11,11,11|5,9,7,4",3,GRAND_SLAM,MS,1705,Qualification,FETH Stefan (GER),CSABA Bence (CAN)
Polish Open Warsaw 2004,2004-10-14,PAPAGEORGIOU Konstantinos,LEWANDOWSKI Tomasz,4,1,"11,5,11,11,12|5,11,7,4,10",,GRAND_SLAM,MS,1705,Qualification,PAPAGEORGIOU Konstantinos (GRE),LEWANDOWSKI Tomasz (POL)
Polish Open Warsaw 2004,2004-10-14,PISTEJ Lubomir,LEWANDOWSKI Tomasz,4,1,"11,11,4,12,11|9,4,11,10,8",QR2,GRAND_SLAM,MS,1705,Qualification,PISTEJ Lubomir (SVK),LEWANDOWSKI Tomasz (POL)
Polish Open Warsaw 2004,2004-10-14,PAPAGEORGIOU Konstantinos,PISTEJ Lubomir,4,2,"7,11,11,9,11,11|11,3,9,11,9,9",3,GRAND_SLAM,MS,1705,Qualification,PAPAGEORGIOU Konstantinos (GRE),PISTEJ Lubomir (SVK)
Polish Open Warsaw 2004,2004-10-14,KONGSGAARD Christian,REDZIMSKI Tomasz,4,3,"6,6,11,11,11,9,11|11,11,7,6,9,11,7",,GRAND_SLAM,MS,1705,Qualification,KONGSGAARD Christian (DEN),REDZIMSKI Tomasz (POL)
Polish Open Warsaw 2004,2004-10-14,SEREDA Peter,REDZIMSKI Tomasz,4,0,"14,11,11,11|12,8,2,9",QR2,GRAND_SLAM,MS,1705,Qualification,SEREDA Peter (SVK),REDZIMSKI Tomasz (POL)
Polish Open Warsaw 2004,2004-10-14,SEREDA Peter,KONGSGAARD Christian,4,3,"16,11,11,9,9,9,14|14,9,5,11,11,11,12",3,GRAND_SLAM,MS,1705,Qualification,SEREDA Peter (SVK),KONGSGAARD Christian (DEN)
Polish Open Warsaw 2004,2004-10-14,RUBTSOV Igor,PRESSLMAYER Bernhard,4,0,"11,11,11,11|3,6,8,5",3,GRAND_SLAM,MS,1705,Qualification,RUBTSOV Igor (RUS),PRESSLMAYER Bernhard (AUT)
Polish Open Warsaw 2004,2004-10-14,BAUM Patrick,KOTOV Yevgen,4,0,"11,11,11,11|9,7,8,7",,GRAND_SLAM,MS,1705,Qualification,BAUM Patrick (GER),KOTOV Yevgen (UKR)
Polish Open Warsaw 2004,2004-10-14,LIVENTSOV Alexey,KOTOV Yevgen,4,0,"11,11,11,11|8,8,7,8",QR2,GRAND_SLAM,MS,1705,Qualification,LIVENTSOV Alexey (RUS),KOTOV Yevgen (UKR)
Polish Open Warsaw 2004,2004-10-14,BAUM Patrick,LIVENTSOV Alexey,4,3,"11,9,6,7,11,11,11|7,11,11,11,6,6,8",3,GRAND_SLAM,MS,1705,Qualification,BAUM Patrick (GER),LIVENTSOV Alexey (RUS)
Polish Open Warsaw 2004,2004-10-14,CIHAK Marek,LEACH John,4,0,"11,11,11,11|3,2,1,3",QR2,GRAND_SLAM,MS,1705,Qualification,CIHAK Marek (CZE),LEACH John (USA)
Polish Open Warsaw 2004,2004-10-14,CIHAK Marek,VITSEK Ivan,4,1,"11,12,11,10,11|8,10,8,12,6",3,GRAND_SLAM,MS,1705,Qualification,CIHAK Marek (CZE),VITSEK Ivan (HUN)
Polish Open Warsaw 2004,2004-10-14,ROBERTSON Adam,PLATONOV Pavel,4,0,"12,11,11,14|10,5,9,12",,GRAND_SLAM,MS,1705,Qualification,ROBERTSON Adam (WAL),PLATONOV Pavel (BLR)
Polish Open Warsaw 2004,2004-10-14,KOSOWSKI Jakub,PLATONOV Pavel,4,1,"11,11,9,11,11|8,7,11,6,5",QR2,GRAND_SLAM,MS,1705,Qualification,KOSOWSKI Jakub (POL),PLATONOV Pavel (BLR)
Polish Open Warsaw 2004,2004-10-14,KOSOWSKI Jakub,ROBERTSON Adam,4,3,"11,6,11,10,11,11,11|6,11,8,12,13,6,8",3,GRAND_SLAM,MS,1705,Qualification,KOSOWSKI Jakub (POL),ROBERTSON Adam (WAL)
Polish Open Warsaw 2004,2004-10-14,VOZICKY Bohumil,CLOSSET Marc,4,1,"11,11,11,8,12|4,7,8,11,10",,GRAND_SLAM,MS,1705,Qualification,VOZICKY Bohumil (CZE),CLOSSET Marc (BEL)
Polish Open Warsaw 2004,2004-10-14,VOZICKY Bohumil,MURAMORI Minoru,4,2,"8,9,11,11,11,11|11,11,5,9,7,3",QR2,GRAND_SLAM,MS,1705,Qualification,VOZICKY Bohumil (CZE),MURAMORI Minoru (JPN)
Polish Open Warsaw 2004,2004-10-14,MURAMORI Minoru,CLOSSET Marc,4,2,"11,14,7,11,11,11|6,16,11,5,4,6",3,GRAND_SLAM,MS,1705,Qualification,MURAMORI Minoru (JPN),CLOSSET Marc (BEL)
Polish Open Warsaw 2004,2004-10-14,DESPRES Rodolphe,MEHTA Pathik,4,0,"11,11,11,11|8,5,6,7",,GRAND_SLAM,MS,1705,Qualification,DESPRES Rodolphe (FRA),MEHTA Pathik (IND)
Polish Open Warsaw 2004,2004-10-14,YOSHIDA Kaii,MEHTA Pathik,4,0,"11,11,11,11|3,7,7,4",QR2,GRAND_SLAM,MS,1705,Qualification,YOSHIDA Kaii (JPN),MEHTA Pathik (IND)
Polish Open Warsaw 2004,2004-10-14,YOSHIDA Kaii,DESPRES Rodolphe,4,0,"12,11,11,11|10,6,2,5",3,GRAND_SLAM,MS,1705,Qualification,YOSHIDA Kaii (JPN),DESPRES Rodolphe (FRA)
Polish Open Warsaw 2004,2004-10-14,BERTIN Christophe,DANIEL Artur,4,3,"7,11,7,11,11,9,12|11,5,11,5,5,11,10",,GRAND_SLAM,MS,1705,Qualification,BERTIN Christophe (FRA),DANIEL Artur (POL)
Polish Open Warsaw 2004,2004-10-14,DANIEL Artur,SAKAMOTO Ryusuke,4,3,"11,6,11,5,6,11,11|7,11,6,11,11,5,8",QR2,GRAND_SLAM,MS,1705,Qualification,DANIEL Artur (POL),SAKAMOTO Ryusuke (JPN)
Polish Open Warsaw 2004,2004-10-14,SAKAMOTO Ryusuke,BERTIN Christophe,4,3,"11,8,6,15,15,11,11|6,11,11,13,13,13,8",3,GRAND_SLAM,MS,1705,Qualification,SAKAMOTO Ryusuke (JPN),BERTIN Christophe (FRA)
Polish Open Warsaw 2004,2004-10-14,VARGA Zoltan,ARAKI Takeshi,4,1,"11,11,11,6,14|9,6,5,11,12",,GRAND_SLAM,MS,1705,Qualification,VARGA Zoltan (HUN),ARAKI Takeshi (JPN)
Polish Open Warsaw 2004,2004-10-14,ARAKI Takeshi,ACHANTA Sharath,4,1,"11,12,11,11,11|8,10,5,13,8",QR2,GRAND_SLAM,MS,1705,Qualification,ARAKI Takeshi (JPN),ACHANTA Sharath (IND)
Polish Open Warsaw 2004,2004-10-14,ACHANTA Sharath,VARGA Zoltan,4,3,"11,10,11,11,7,4,11|7,12,6,5,11,11,9",3,GRAND_SLAM,MS,1705,Qualification,ACHANTA Sharath (IND),VARGA Zoltan (HUN)
Polish Open Warsaw 2004,2004-10-14,MAIER Christoph,KAWAHARA Yuji,4,3,"13,11,11,9,11,9,11|15,6,9,11,8,11,4",,GRAND_SLAM,MS,1705,Qualification,MAIER Christoph (AUT),KAWAHARA Yuji (JPN)
Polish Open Warsaw 2004,2004-10-14,DEMETER Lehel,KAWAHARA Yuji,4,0,"11,11,11,11|5,9,7,8",QR2,GRAND_SLAM,MS,1705,Qualification,DEMETER Lehel (HUN),KAWAHARA Yuji (JPN)
Polish Open Warsaw 2004,2004-10-14,DEMETER Lehel,MAIER Christoph,4,1,"11,15,11,11,11|7,17,5,7,2",3,GRAND_SLAM,MS,1705,Qualification,DEMETER Lehel (HUN),MAIER Christoph (AUT)
Polish Open Warsaw 2004,2004-10-14,BOBILLIER Loic,TAKEYA Koichi,4,3,"4,3,11,9,11,11,12|11,11,9,11,6,6,10",,GRAND_SLAM,MS,1705,Qualification,BOBILLIER Loic (FRA),TAKEYA Koichi (JPN)
Polish Open Warsaw 2004,2004-10-14,TAKEYA Koichi,GARDOS Krisztian,4,2,"9,11,11,11,15,11|11,8,5,6,17,9",QR2,GRAND_SLAM,MS,1705,Qualification,TAKEYA Koichi (JPN),GARDOS Krisztian (AUT)
Polish Open Warsaw 2004,2004-10-14,GARDOS Krisztian,BOBILLIER Loic,4,3,"11,8,12,9,11,4,11|6,11,10,11,6,11,4",3,GRAND_SLAM,MS,1705,Qualification,GARDOS Krisztian (AUT),BOBILLIER Loic (FRA)
Polish Open Warsaw 2004,2004-10-14,MIZUTANI Jun,MLYNARSKI Filip,4,1,"8,11,11,11,11|11,5,7,4,7",,GRAND_SLAM,MS,1705,Qualification,MIZUTANI Jun (JPN),MLYNARSKI Filip (POL)
Polish Open Warsaw 2004,2004-10-14,SURBEK Dragutin,MLYNARSKI Filip,4,0,"11,13,11,11|7,11,7,4",QR2,GRAND_SLAM,MS,1705,Qualification,SURBEK Dragutin (CRO),MLYNARSKI Filip (POL)
Polish Open Warsaw 2004,2004-10-14,MIZUTANI Jun,SURBEK Dragutin,4,1,"13,13,11,11,11|15,11,8,8,8",3,GRAND_SLAM,MS,1705,Qualification,MIZUTANI Jun (JPN),SURBEK Dragutin (CRO)
Polish Open Warsaw 2004,2004-10-14,ROY Soumyadeep,WAKINOTANI Katsutoshi,4,3,"3,12,11,11,11,8,12|11,10,13,7,9,11,10",,GRAND_SLAM,MS,1705,Qualification,ROY Soumyadeep (IND),WAKINOTANI Katsutoshi (JPN)
Polish Open Warsaw 2004,2004-10-14,WAKINOTANI Katsutoshi,MUSKO Peter,4,3,"11,6,11,11,4,8,11|6,11,7,6,11,11,5",QR2,GRAND_SLAM,MS,1705,Qualification,WAKINOTANI Katsutoshi (JPN),MUSKO Peter (HUN)
Polish Open Warsaw 2004,2004-10-14,ROY Soumyadeep,MUSKO Peter,4,2,"11,5,8,11,11,11|8,11,11,0,8,9",3,GRAND_SLAM,MS,1705,Qualification,ROY Soumyadeep (IND),MUSKO Peter (HUN)
Polish Open Warsaw 2004,2004-10-14,WANG Zengyi,JAKAB Janos,4,2,"11,11,5,11,7,11|7,6,11,5,11,5",,GRAND_SLAM,MS,1705,Qualification,WANG Zengyi (POL),JAKAB Janos (HUN)
Polish Open Warsaw 2004,2004-10-14,WANG Zengyi,AXELQVIST Johan,4,1,"11,11,11,9,11|7,9,6,11,2",QR2,GRAND_SLAM,MS,1705,Qualification,WANG Zengyi (POL),AXELQVIST Johan (SWE)
Polish Open Warsaw 2004,2004-10-14,AXELQVIST Johan,JAKAB Janos,4,0,"11,11,12,14|7,8,10,12",3,GRAND_SLAM,MS,1705,Qualification,AXELQVIST Johan (SWE),JAKAB Janos (HUN)
Polish Open Warsaw 2004,2004-10-14,MARTINEZ Michel,ZAKLADNYI Gennadii,4,2,"7,14,9,11,11,11|11,12,11,4,9,7",,GRAND_SLAM,MS,1705,Qualification,MARTINEZ Michel (FRA),ZAKLADNYI Gennadii (UKR)
Polish Open Warsaw 2004,2004-10-14,ZWICKL Daniel,ZAKLADNYI Gennadii,4,0,"13,12,11,11|11,10,4,8",QR2,GRAND_SLAM,MS,1705,Qualification,ZWICKL Daniel (HUN),ZAKLADNYI Gennadii (UKR)
Polish Open Warsaw 2004,2004-10-14,ZWICKL Daniel,MARTINEZ Michel,4,3,"5,16,11,11,3,9,11|11,14,1,4,11,11,9",3,GRAND_SLAM,MS,1705,Qualification,ZWICKL Daniel (HUN),MARTINEZ Michel (FRA)
Polish Open Warsaw 2004,2004-10-14,KAUCKY Petr,VAKHTA Dmitry,4,2,"11,8,11,14,11,11|5,11,13,12,6,8",,GRAND_SLAM,MS,1705,Qualification,KAUCKY Petr (CZE),VAKHTA Dmitry (UKR)
Polish Open Warsaw 2004,2004-10-14,LINDNER Adam,VAKHTA Dmitry,4,1,"11,11,8,11,12|2,7,11,5,10",QR2,GRAND_SLAM,MS,1705,Qualification,LINDNER Adam (HUN),VAKHTA Dmitry (UKR)
Polish Open Warsaw 2004,2004-10-14,LINDNER Adam,KAUCKY Petr,4,1,"11,11,11,9,11|7,7,7,11,4",3,GRAND_SLAM,MS,1705,Qualification,LINDNER Adam (HUN),KAUCKY Petr (CZE)
Polish Open Warsaw 2004,2004-10-14,SVENSSON Robert,ILLAS Erik,4,0,"16,11,11,11|14,4,4,8",,GRAND_SLAM,MS,1705,Qualification,SVENSSON Robert (SWE),ILLAS Erik (SVK)
Polish Open Warsaw 2004,2004-10-14,DIDUKH Oleksandr,ILLAS Erik,4,2,"11,11,5,11,4,11|5,5,11,7,11,5",QR2,GRAND_SLAM,MS,1705,Qualification,DIDUKH Oleksandr (UKR),ILLAS Erik (SVK)
Polish Open Warsaw 2004,2004-10-14,DIDUKH Oleksandr,SVENSSON Robert,4,2,"6,11,11,11,3,11|11,9,9,5,11,7",3,GRAND_SLAM,MS,1705,Qualification,DIDUKH Oleksandr (UKR),SVENSSON Robert (SWE)
Polish Open Warsaw 2004,2004-10-14,CHMIEL Piotr,BUROV Viacheslav,3,1,"11,11,3,11|6,9,11,7",,GRAND_SLAM,U21MS,1705,Qualification,CHMIEL Piotr (POL),BUROV Viacheslav (RUS)
Polish Open Warsaw 2004,2004-10-14,JAKAB Janos,CHMIEL Piotr,3,1,"11,6,11,11|5,11,2,5",QR2,GRAND_SLAM,U21MS,1705,Qualification,JAKAB Janos (HUN),CHMIEL Piotr (POL)
Polish Open Warsaw 2004,2004-10-14,JAKAB Janos,BUROV Viacheslav,3,2,"11,11,9,10,11|7,7,11,12,5",3,GRAND_SLAM,U21MS,1705,Qualification,JAKAB Janos (HUN),BUROV Viacheslav (RUS)
Polish Open Warsaw 2004,2004-10-14,MOLNAR Krisztian,PIETKIEWICZ Maciej,3,2,"13,11,3,9,11|11,8,11,11,4",,GRAND_SLAM,U21MS,1705,Qualification,MOLNAR Krisztian (HUN),PIETKIEWICZ Maciej (POL)
Polish Open Warsaw 2004,2004-10-14,ROY Soumyadeep,MOLNAR Krisztian,3,2,"16,8,12,9,11|14,11,10,11,3",QR2,GRAND_SLAM,U21MS,1705,Qualification,ROY Soumyadeep (IND),MOLNAR Krisztian (HUN)
Polish Open Warsaw 2004,2004-10-14,ROY Soumyadeep,PIETKIEWICZ Maciej,3,0,"11,11,11|9,5,8",3,GRAND_SLAM,U21MS,1705,Qualification,ROY Soumyadeep (IND),PIETKIEWICZ Maciej (POL)
Polish Open Warsaw 2004,2004-10-14,SHEVCHENKO Semen,KOLAREK Tomislav,3,1,"11,10,11,11|5,12,8,9",,GRAND_SLAM,U21MS,1705,Qualification,SHEVCHENKO Semen (RUS),KOLAREK Tomislav (CRO)
Polish Open Warsaw 2004,2004-10-14,MIZUTANI Jun,SHEVCHENKO Semen,3,1,"11,11,9,11|8,4,11,2",QR2,GRAND_SLAM,U21MS,1705,Qualification,MIZUTANI Jun (JPN),SHEVCHENKO Semen (RUS)
Polish Open Warsaw 2004,2004-10-14,MIZUTANI Jun,KOLAREK Tomislav,3,0,"11,13,11|3,11,8",3,GRAND_SLAM,U21MS,1705,Qualification,MIZUTANI Jun (JPN),KOLAREK Tomislav (CRO)
Polish Open Warsaw 2004,2004-10-14,DAVID Petr,PETO Zsolt,3,1,"11,7,11,12|4,11,8,10",,GRAND_SLAM,U21MS,1705,Qualification,DAVID Petr (CZE),PETO Zsolt (SRB)
Polish Open Warsaw 2004,2004-10-14,BOBILLIER Loic,DAVID Petr,3,2,"11,6,5,11,11|4,11,11,5,7",QR2,GRAND_SLAM,U21MS,1705,Qualification,BOBILLIER Loic (FRA),DAVID Petr (CZE)
Polish Open Warsaw 2004,2004-10-14,BOBILLIER Loic,PETO Zsolt,3,2,"10,11,16,11,11|12,7,18,3,5",3,GRAND_SLAM,U21MS,1705,Qualification,BOBILLIER Loic (FRA),PETO Zsolt (SRB)
Polish Open Warsaw 2004,2004-10-14,PETRUKHIN Evgeny,URBANEK Jan,3,0,"11,11,11|4,5,7",,GRAND_SLAM,U21MS,1705,Qualification,PETRUKHIN Evgeny (RUS),URBANEK Jan (CZE)
Polish Open Warsaw 2004,2004-10-14,BERTIN Christophe,URBANEK Jan,3,1,"7,11,11,11|11,3,9,6",QR2,GRAND_SLAM,U21MS,1705,Qualification,BERTIN Christophe (FRA),URBANEK Jan (CZE)
Polish Open Warsaw 2004,2004-10-14,BERTIN Christophe,PETRUKHIN Evgeny,3,2,"11,10,11,11,11|13,12,6,7,8",3,GRAND_SLAM,U21MS,1705,Qualification,BERTIN Christophe (FRA),PETRUKHIN Evgeny (RUS)
Polish Open Warsaw 2004,2004-10-14,HABESOHN Mathias,SIMON Fabien,3,2,"10,6,12,11,11|12,11,10,5,3",,GRAND_SLAM,U21MS,1705,Qualification,HABESOHN Mathias (AUT),SIMON Fabien (LUX)
Polish Open Warsaw 2004,2004-10-14,DESPRES Rodolphe,SIMON Fabien,3,1,"11,11,7,11|7,7,11,8",QR2,GRAND_SLAM,U21MS,1705,Qualification,DESPRES Rodolphe (FRA),SIMON Fabien (LUX)
Polish Open Warsaw 2004,2004-10-14,DESPRES Rodolphe,HABESOHN Mathias,3,0,"11,11,11|9,6,9",3,GRAND_SLAM,U21MS,1705,Qualification,DESPRES Rodolphe (FRA),HABESOHN Mathias (AUT)
Polish Open Warsaw 2004,2004-10-14,ZUBCIC Tomislav,BALTRUSHKA Dzmitry,3,1,"11,9,11,11|6,11,6,1",,GRAND_SLAM,U21MS,1705,Qualification,ZUBCIC Tomislav (CRO),BALTRUSHKA Dzmitry (BLR)
Polish Open Warsaw 2004,2004-10-14,ROBERTSON Adam,BALTRUSHKA Dzmitry,3,1,"11,11,9,11|9,8,11,7",QR2,GRAND_SLAM,U21MS,1705,Qualification,ROBERTSON Adam (WAL),BALTRUSHKA Dzmitry (BLR)
Polish Open Warsaw 2004,2004-10-14,ROBERTSON Adam,ZUBCIC Tomislav,3,0,"11,11,11|5,9,7",3,GRAND_SLAM,U21MS,1705,Qualification,ROBERTSON Adam (WAL),ZUBCIC Tomislav (CRO)
Polish Open Warsaw 2004,2004-10-14,JEVTOVIC Marko,KLEPRLIK Michal,3,0,"11,11,11|6,6,8",,GRAND_SLAM,U21MS,1705,Qualification,JEVTOVIC Marko (SRB),KLEPRLIK Michal (CZE)
Polish Open Warsaw 2004,2004-10-14,BAUM Patrick,KLEPRLIK Michal,3,1,"11,11,7,11|6,9,11,5",QR2,GRAND_SLAM,U21MS,1705,Qualification,BAUM Patrick (GER),KLEPRLIK Michal (CZE)
Polish Open Warsaw 2004,2004-10-14,BAUM Patrick,JEVTOVIC Marko,3,0,"11,12,11|6,10,8",3,GRAND_SLAM,U21MS,1705,Qualification,BAUM Patrick (GER),JEVTOVIC Marko (SRB)
Polish Open Warsaw 2004,2004-10-14,CHUMAKOU Dmitry,KOSZYK Boguslaw,3,2,"12,11,10,11,11|10,13,12,6,6",,GRAND_SLAM,U21MS,1705,Qualification,CHUMAKOU Dmitry (BLR),KOSZYK Boguslaw (POL)
Polish Open Warsaw 2004,2004-10-14,KONGSGAARD Christian,KOSZYK Boguslaw,3,0,"11,11,11|2,4,6",QR2,GRAND_SLAM,U21MS,1705,Qualification,KONGSGAARD Christian (DEN),KOSZYK Boguslaw (POL)
Polish Open Warsaw 2004,2004-10-14,KONGSGAARD Christian,CHUMAKOU Dmitry,3,1,"7,14,13,11|11,12,11,8",3,GRAND_SLAM,U21MS,1705,Qualification,KONGSGAARD Christian (DEN),CHUMAKOU Dmitry (BLR)
Polish Open Warsaw 2004,2004-10-14,MALICKI Szymon,PRYSHCHEPA Ievgen,3,1,"11,11,9,11|5,7,11,7",,GRAND_SLAM,U21MS,1705,Qualification,MALICKI Szymon (POL),PRYSHCHEPA Ievgen (UKR)
Polish Open Warsaw 2004,2004-10-14,MEHTA Pathik,KLEPRLIK Jakub,3,1,"11,11,6,11|9,4,11,6",,GRAND_SLAM,U21MS,1705,Qualification,MEHTA Pathik (IND),KLEPRLIK Jakub (CZE)
Polish Open Warsaw 2004,2004-10-14,SIMONER Christoph,MEHTA Pathik,3,1,"11,9,11,11|8,11,7,6",QR2,GRAND_SLAM,U21MS,1705,Qualification,SIMONER Christoph (AUT),MEHTA Pathik (IND)
Polish Open Warsaw 2004,2004-10-14,SIMONER Christoph,KLEPRLIK Jakub,3,0,"11,11,11|6,6,5",3,GRAND_SLAM,U21MS,1705,Qualification,SIMONER Christoph (AUT),KLEPRLIK Jakub (CZE)
Polish Open Warsaw 2004,2004-10-14,CHMIEL Pawel,ZAKLADNYI Gennadii,3,0,"11,14,11|5,12,9",,GRAND_SLAM,U21MS,1705,Qualification,CHMIEL Pawel (POL),ZAKLADNYI Gennadii (UKR)
Polish Open Warsaw 2004,2004-10-14,ZAKLADNYI Gennadii,SEL Zolt,3,2,"14,8,11,4,11|12,11,6,11,6",QR2,GRAND_SLAM,U21MS,1705,Qualification,ZAKLADNYI Gennadii (UKR),SEL Zolt (SRB)
Polish Open Warsaw 2004,2004-10-14,SEL Zolt,CHMIEL Pawel,3,2,"11,7,14,8,11|8,11,12,11,6",3,GRAND_SLAM,U21MS,1705,Qualification,SEL Zolt (SRB),CHMIEL Pawel (POL)
Polish Open Warsaw 2004,2004-10-14,ROY Soumyadeep,AXELQVIST Johan,4,1,"8,11,11,11,11|11,9,6,4,8",R16,GRAND_SLAM,U21MS,1705,Main Draw,ROY Soumyadeep (IND),AXELQVIST Johan (SWE)
Polish Open Warsaw 2004,2004-10-14,MIZUTANI Jun,ZWICKL Daniel,4,1,"9,11,11,13,11|11,8,6,11,8",R16,GRAND_SLAM,U21MS,1705,Main Draw,MIZUTANI Jun (JPN),ZWICKL Daniel (HUN)
Polish Open Warsaw 2004,2004-10-14,BERTIN Christophe,MURAMORI Minoru,4,1,"11,5,11,11,11|6,11,9,9,7",R16,GRAND_SLAM,U21MS,1705,Main Draw,BERTIN Christophe (FRA),MURAMORI Minoru (JPN)
Polish Open Warsaw 2004,2004-10-14,SEREDA Peter,SIMONER Christoph,4,0,"11,11,11,11|7,5,4,3",R16,GRAND_SLAM,U21MS,1705,Main Draw,SEREDA Peter (SVK),SIMONER Christoph (AUT)
Polish Open Warsaw 2004,2004-10-14,JAKAB Janos,SVENSSON Robert,4,3,"11,4,7,11,8,11,11|8,11,11,9,11,6,9",R16,GRAND_SLAM,U21MS,1705,Main Draw,JAKAB Janos (HUN),SVENSSON Robert (SWE)
Polish Open Warsaw 2004,2004-10-14,SAKAMOTO Ryusuke,ROBERTSON Adam,4,3,"8,11,3,11,8,11,11|11,9,11,7,11,3,9",R16,GRAND_SLAM,U21MS,1705,Main Draw,SAKAMOTO Ryusuke (JPN),ROBERTSON Adam (WAL)
Polish Open Warsaw 2004,2004-10-14,PISTEJ Lubomir,KONGSGAARD Christian,4,1,"10,12,11,11,14|12,10,8,4,12",R16,GRAND_SLAM,U21MS,1705,Main Draw,PISTEJ Lubomir (SVK),KONGSGAARD Christian (DEN)
Polish Open Warsaw 2004,2004-10-14,ROY Soumyadeep,BOBILLIER Loic,4,1,"11,11,12,8,11|8,7,10,11,6",QF,GRAND_SLAM,U21MS,1705,Main Draw,ROY Soumyadeep (IND),BOBILLIER Loic (FRA)
Polish Open Warsaw 2004,2004-10-14,MIZUTANI Jun,BERTIN Christophe,4,1,"11,12,4,11,11|5,10,11,3,6",QF,GRAND_SLAM,U21MS,1705,Main Draw,MIZUTANI Jun (JPN),BERTIN Christophe (FRA)
Polish Open Warsaw 2004,2004-10-14,SEREDA Peter,JAKAB Janos,4,1,"11,11,11,2,12|4,9,3,11,10",QF,GRAND_SLAM,U21MS,1705,Main Draw,SEREDA Peter (SVK),JAKAB Janos (HUN)
Polish Open Warsaw 2004,2004-10-14,PISTEJ Lubomir,SAKAMOTO Ryusuke,4,1,"11,11,8,11,11|4,8,11,8,5",QF,GRAND_SLAM,U21MS,1705,Main Draw,PISTEJ Lubomir (SVK),SAKAMOTO Ryusuke (JPN)
Polish Open Warsaw 2004,2004-10-14,MIZUTANI Jun,ROY Soumyadeep,4,2,"11,11,6,9,11,11|5,3,11,11,4,3",SF,GRAND_SLAM,U21MS,1705,Main Draw,MIZUTANI Jun (JPN),ROY Soumyadeep (IND)
Polish Open Warsaw 2004,2004-10-14,PISTEJ Lubomir,SEREDA Peter,4,2,"11,7,11,12,5,15|9,11,2,10,11,13",SF,GRAND_SLAM,U21MS,1705,Main Draw,PISTEJ Lubomir (SVK),SEREDA Peter (SVK)
Polish Open Warsaw 2004,2004-10-14,MIZUTANI Jun,PISTEJ Lubomir,4,1,"11,9,11,12,11|8,11,8,10,6",F,GRAND_SLAM,U21MS,1705,Main Draw,MIZUTANI Jun (JPN),PISTEJ Lubomir (SVK)
Polish Open Warsaw 2004,2004-10-14,JAKAB Janos,GRZESLAK Zbigniew,3,0,"11,11,12|4,8,10",QR16,GRAND_SLAM,U21MS,1705,Qualification,JAKAB Janos (HUN),GRZESLAK Zbigniew (POL)
Polish Open Warsaw 2004,2004-10-14,ROY Soumyadeep,HABESOHN Daniel,3,2,"7,11,11,8,11|11,9,6,11,5",QR16,GRAND_SLAM,U21MS,1705,Qualification,ROY Soumyadeep (IND),HABESOHN Daniel (AUT)
Polish Open Warsaw 2004,2004-10-14,MIZUTANI Jun,ZHMUDENKO Yaroslav,3,2,"11,9,11,9,11|8,11,8,11,9",QR16,GRAND_SLAM,U21MS,1705,Qualification,MIZUTANI Jun (JPN),ZHMUDENKO Yaroslav (UKR)
Polish Open Warsaw 2004,2004-10-14,BOBILLIER Loic,KONECNY Tomas,3,1,"11,11,7,11|9,7,11,5",QR16,GRAND_SLAM,U21MS,1705,Qualification,BOBILLIER Loic (FRA),KONECNY Tomas (CZE)
Polish Open Warsaw 2004,2004-10-14,BERTIN Christophe,CHMIEL Pawel,3,1,"6,11,12,11|11,5,10,6",QR16,GRAND_SLAM,U21MS,1705,Qualification,BERTIN Christophe (FRA),CHMIEL Pawel (POL)
Polish Open Warsaw 2004,2004-10-14,SIMONER Christoph,DESPRES Rodolphe,3,2,"11,8,8,11,11|9,11,11,9,8",QR16,GRAND_SLAM,U21MS,1705,Qualification,SIMONER Christoph (AUT),DESPRES Rodolphe (FRA)
Polish Open Warsaw 2004,2004-10-14,ROBERTSON Adam,MALICKI Szymon,3,1,"12,11,11,11|14,5,7,9",QR16,GRAND_SLAM,U21MS,1705,Qualification,ROBERTSON Adam (WAL),MALICKI Szymon (POL)
Polish Open Warsaw 2004,2004-10-14,KONGSGAARD Christian,BAUM Patrick,3,1,"11,11,7,14|7,2,11,12",QR16,GRAND_SLAM,U21MS,1705,Qualification,KONGSGAARD Christian (DEN),BAUM Patrick (GER)
Polish Open Warsaw 2004,2004-10-14,KONECNY Tomas,LEACH John,3,0,"11,11,12|3,6,10",,GRAND_SLAM,U21MS,1705,Qualification,KONECNY Tomas (CZE),LEACH John (USA)
Polish Open Warsaw 2004,2004-10-14,LEWANDOWSKI Tomasz,LIEVSHYN Vitaliy,3,1,"11,8,11,11|5,11,7,7",QR2,GRAND_SLAM,U21MS,1705,Qualification,LEWANDOWSKI Tomasz (POL),LIEVSHYN Vitaliy (UKR)
Polish Open Warsaw 2004,2004-10-14,KONECNY Tomas,LEWANDOWSKI Tomasz,3,1,"11,11,9,11|4,8,11,4",3,GRAND_SLAM,U21MS,1705,Qualification,KONECNY Tomas (CZE),LEWANDOWSKI Tomasz (POL)
Polish Open Warsaw 2004,2004-10-14,LIEVSHYN Vitaliy,LEACH John,3,0,"11,11,11|8,8,8",QR4,GRAND_SLAM,U21MS,1705,Qualification,LIEVSHYN Vitaliy (UKR),LEACH John (USA)
Polish Open Warsaw 2004,2004-10-14,LIEVSHYN Vitaliy,KONECNY Tomas,3,1,"9,13,11,12|11,11,7,10",5,GRAND_SLAM,U21MS,1705,Qualification,LIEVSHYN Vitaliy (UKR),KONECNY Tomas (CZE)
Polish Open Warsaw 2004,2004-10-14,LEWANDOWSKI Tomasz,LEACH John,3,0,"11,11,11|5,3,5",6,GRAND_SLAM,U21MS,1705,Qualification,LEWANDOWSKI Tomasz (POL),LEACH John (USA)
Polish Open Warsaw 2004,2004-10-14,VLASOV Grigory,KRIVIC Jakov,3,1,"11,9,11,11|8,11,6,7",,GRAND_SLAM,U21MS,1705,Qualification,VLASOV Grigory (RUS),KRIVIC Jakov (CRO)
Polish Open Warsaw 2004,2004-10-14,ZLAMAL Jaromir,ZHMUDENKO Yaroslav,3,2,"11,11,12,11,11|8,13,10,13,7",QR2,GRAND_SLAM,U21MS,1705,Qualification,ZLAMAL Jaromir (CZE),ZHMUDENKO Yaroslav (UKR)
Polish Open Warsaw 2004,2004-10-14,VLASOV Grigory,ZLAMAL Jaromir,3,0,"11,11,11|4,7,8",3,GRAND_SLAM,U21MS,1705,Qualification,VLASOV Grigory (RUS),ZLAMAL Jaromir (CZE)
Polish Open Warsaw 2004,2004-10-14,ZHMUDENKO Yaroslav,KRIVIC Jakov,3,0,"11,11,11|8,8,7",QR4,GRAND_SLAM,U21MS,1705,Qualification,ZHMUDENKO Yaroslav (UKR),KRIVIC Jakov (CRO)
Polish Open Warsaw 2004,2004-10-14,ZHMUDENKO Yaroslav,VLASOV Grigory,3,0,"11,14,12|6,12,10",5,GRAND_SLAM,U21MS,1705,Qualification,ZHMUDENKO Yaroslav (UKR),VLASOV Grigory (RUS)
Polish Open Warsaw 2004,2004-10-14,ZLAMAL Jaromir,KRIVIC Jakov,3,2,"11,12,12,9,11|8,10,14,11,6",6,GRAND_SLAM,U21MS,1705,Qualification,ZLAMAL Jaromir (CZE),KRIVIC Jakov (CRO)
Polish Open Warsaw 2004,2004-10-14,PEREK Jakub,PLATONOV Pavel,3,1,"16,8,11,12|14,11,9,10",,GRAND_SLAM,U21MS,1705,Qualification,PEREK Jakub (POL),PLATONOV Pavel (BLR)
Polish Open Warsaw 2004,2004-10-14,HABESOHN Daniel,KOTOV Yevgen,3,0,"11,11,11|4,7,6",QR2,GRAND_SLAM,U21MS,1705,Qualification,HABESOHN Daniel (AUT),KOTOV Yevgen (UKR)
Polish Open Warsaw 2004,2004-10-14,PEREK Jakub,KOTOV Yevgen,3,2,"11,10,10,11,11|9,12,12,2,9",3,GRAND_SLAM,U21MS,1705,Qualification,PEREK Jakub (POL),KOTOV Yevgen (UKR)
Polish Open Warsaw 2004,2004-10-14,HABESOHN Daniel,PLATONOV Pavel,3,1,"8,11,14,11|11,9,12,6",QR4,GRAND_SLAM,U21MS,1705,Qualification,HABESOHN Daniel (AUT),PLATONOV Pavel (BLR)
Polish Open Warsaw 2004,2004-10-14,HABESOHN Daniel,PEREK Jakub,3,1,"11,6,11,11|9,11,2,7",5,GRAND_SLAM,U21MS,1705,Qualification,HABESOHN Daniel (AUT),PEREK Jakub (POL)
Polish Open Warsaw 2004,2004-10-14,PLATONOV Pavel,KOTOV Yevgen,3,2,"11,9,11,2,11|9,11,6,11,3",6,GRAND_SLAM,U21MS,1705,Qualification,PLATONOV Pavel (BLR),KOTOV Yevgen (UKR)
Polish Open Warsaw 2004,2004-10-14,GRZESLAK Zbigniew,MENDES Enio,3,0,"14,11,11|12,8,7",,GRAND_SLAM,U21MS,1705,Qualification,GRZESLAK Zbigniew (POL),MENDES Enio (POR)
Polish Open Warsaw 2004,2004-10-14,VAKHTA Dmitry,PICHLER Michael,3,2,"9,11,8,14,11|11,3,11,12,5",QR2,GRAND_SLAM,U21MS,1705,Qualification,VAKHTA Dmitry (UKR),PICHLER Michael (AUT)
Polish Open Warsaw 2004,2004-10-14,VAKHTA Dmitry,MENDES Enio,3,1,"14,11,7,11|12,8,11,4",3,GRAND_SLAM,U21MS,1705,Qualification,VAKHTA Dmitry (UKR),MENDES Enio (POR)
Polish Open Warsaw 2004,2004-10-14,GRZESLAK Zbigniew,PICHLER Michael,3,0,"11,11,11|9,9,6",QR4,GRAND_SLAM,U21MS,1705,Qualification,GRZESLAK Zbigniew (POL),PICHLER Michael (AUT)
Polish Open Warsaw 2004,2004-10-14,MENDES Enio,PICHLER Michael,3,1,"11,10,11,11|7,12,8,8",5,GRAND_SLAM,U21MS,1705,Qualification,MENDES Enio (POR),PICHLER Michael (AUT)
Polish Open Warsaw 2004,2004-10-14,GRZESLAK Zbigniew,VAKHTA Dmitry,3,2,"2,11,11,7,12|11,7,9,11,10",6,GRAND_SLAM,U21MS,1705,Qualification,GRZESLAK Zbigniew (POL),VAKHTA Dmitry (UKR)
Polish Open Warsaw 2004,2004-10-14,RUBTSOV Igor,DIDUKH Oleksandr,4,2,"11,8,11,3,11,11|7,11,7,11,7,9",QR16,GRAND_SLAM,MS,1705,Qualification,RUBTSOV Igor (RUS),DIDUKH Oleksandr (UKR)
Polish Open Warsaw 2004,2004-10-14,LINDNER Adam,BAUM Patrick,4,1,"8,12,12,15,12|11,10,10,13,10",QR16,GRAND_SLAM,MS,1705,Qualification,LINDNER Adam (HUN),BAUM Patrick (GER)
Polish Open Warsaw 2004,2004-10-14,WANG Zengyi,CIHAK Marek,4,2,"11,5,12,9,11,14|5,11,10,11,4,12",QR16,GRAND_SLAM,MS,1705,Qualification,WANG Zengyi (POL),CIHAK Marek (CZE)
Polish Open Warsaw 2004,2004-10-14,ZWICKL Daniel,KOSOWSKI Jakub,4,0,"11,11,11,11|7,5,9,7",QR16,GRAND_SLAM,MS,1705,Qualification,ZWICKL Daniel (HUN),KOSOWSKI Jakub (POL)
Polish Open Warsaw 2004,2004-10-14,VOZICKY Bohumil,MIZUTANI Jun,4,3,"15,10,3,15,14,11,11|13,12,11,17,12,7,6",QR16,GRAND_SLAM,MS,1705,Qualification,VOZICKY Bohumil (CZE),MIZUTANI Jun (JPN)
Polish Open Warsaw 2004,2004-10-14,DEMETER Lehel,BERTIN Christophe,4,3,"8,11,11,11,3,5,11|11,6,6,5,11,11,8",QR16,GRAND_SLAM,MS,1705,Qualification,DEMETER Lehel (HUN),BERTIN Christophe (FRA)
Polish Open Warsaw 2004,2004-10-14,VARGA Zoltan,TAKEYA Koichi,4,2,"12,8,11,4,11,11|10,11,8,11,8,9",QR16,GRAND_SLAM,MS,1705,Qualification,VARGA Zoltan (HUN),TAKEYA Koichi (JPN)
Polish Open Warsaw 2004,2004-10-14,BOROS Tamara,GOROWSKA Magdalena,4,0,"11,11,11,11|9,6,5,9",R64,GRAND_SLAM,WS,1705,Main Draw,BOROS Tamara (CRO),GOROWSKA Magdalena (POL)
Polish Open Warsaw 2004,2004-10-14,IVANCAN Irene,ETSUZAKI Ayumi,4,3,"5,11,9,11,6,11,11|11,4,11,8,11,3,3",R64,GRAND_SLAM,WS,1705,Main Draw,IVANCAN Irene (GER),ETSUZAKI Ayumi (JPN)
Polish Open Warsaw 2004,2004-10-14,SUEMASU Asami,LOSOSOVSKAYA Olga,4,2,"9,11,11,9,11,11|11,8,9,11,4,9",R64,GRAND_SLAM,WS,1705,Main Draw,SUEMASU Asami (JPN),LOSOSOVSKAYA Olga (RUS)
Polish Open Warsaw 2004,2004-10-14,POTA Georgina,PETUKHOVA Evgeniya,4,0,"11,11,11,11|8,7,6,6",R64,GRAND_SLAM,WS,1705,Main Draw,POTA Georgina (HUN),PETUKHOVA Evgeniya (RUS)
Polish Open Warsaw 2004,2004-10-14,KONISHI An,VACENOVSKA Iveta,4,3,"11,4,6,11,11,5,11|9,11,11,6,5,11,8",R64,GRAND_SLAM,WS,1705,Main Draw,KONISHI An (JPN),VACENOVSKA Iveta (CZE)
Polish Open Warsaw 2004,2004-10-14,LI Qiangbing,KERTAI Rita,4,0,"12,12,11,11|10,10,2,6",R64,GRAND_SLAM,WS,1705,Main Draw,LI Qiangbing (AUT),KERTAI Rita (HUN)
Polish Open Warsaw 2004,2004-10-14,ROHR Gaby,RATHER Jasna,4,2,"12,12,4,9,11,11|10,10,11,11,2,7",R64,GRAND_SLAM,WS,1705,Main Draw,ROHR Gaby (GER),RATHER Jasna (USA)
Polish Open Warsaw 2004,2004-10-14,BADESCU Otilia,SMETEK Marta,4,0,"11,11,11,11|5,5,5,6",R64,GRAND_SLAM,WS,1705,Main Draw,BADESCU Otilia (ROU),SMETEK Marta (POL)
Polish Open Warsaw 2004,2004-10-14,PAVLOVICH Viktoria,ISHIGAKI Yuka,4,0,"11,11,11,11|4,1,5,6",R64,GRAND_SLAM,WS,1705,Main Draw,PAVLOVICH Viktoria (BLR),ISHIGAKI Yuka (JPN)
Polish Open Warsaw 2004,2004-10-14,BAKULA Andrea,LUCZAKOWSKA Daria,4,2,"7,11,8,11,11,11|11,9,11,6,7,8",R64,GRAND_SLAM,WS,1705,Main Draw,BAKULA Andrea (CRO),LUCZAKOWSKA Daria (POL)
Polish Open Warsaw 2004,2004-10-14,KRAMER Tanja,GOLOTA Marta,4,1,"11,13,11,7,11|8,11,7,11,5",R64,GRAND_SLAM,WS,1705,Main Draw,KRAMER Tanja (GER),GOLOTA Marta (POL)
Polish Open Warsaw 2004,2004-10-14,PASKAUSKIENE Ruta,VORONOVA Anastasia,4,1,"11,11,11,6,11|9,3,6,11,7",R64,GRAND_SLAM,WS,1705,Main Draw,PASKAUSKIENE Ruta (LTU),VORONOVA Anastasia (RUS)
Polish Open Warsaw 2004,2004-10-14,PALINA Irina,SZYMANSKA Antonina,4,2,"6,11,11,10,13,11|11,7,8,12,11,5",R64,GRAND_SLAM,WS,1705,Main Draw,PALINA Irina (RUS),SZYMANSKA Antonina (POL)
Polish Open Warsaw 2004,2004-10-14,PAOVIC Sandra,LOVAS Petra,4,2,"11,3,11,10,11,11|8,11,5,12,9,9",R64,GRAND_SLAM,WS,1705,Main Draw,PAOVIC Sandra (CRO),LOVAS Petra (HUN)
Polish Open Warsaw 2004,2004-10-14,PAVLOVICH Veronika,BILENKO Tetyana,4,0,"11,14,11,11|6,12,8,7",R64,GRAND_SLAM,WS,1705,Main Draw,PAVLOVICH Veronika (BLR),BILENKO Tetyana (UKR)
Polish Open Warsaw 2004,2004-10-14,LAU Sui Fei,BOLLMEIER Nadine,4,1,"11,11,11,7,11|6,7,9,11,6",R64,GRAND_SLAM,WS,1705,Main Draw,LAU Sui Fei (HKG),BOLLMEIER Nadine (GER)
Polish Open Warsaw 2004,2004-10-14,SONG Ah Sim,CECHOVA Dana,4,0,"11,11,11,11|6,7,4,5",R64,GRAND_SLAM,WS,1705,Main Draw,SONG Ah Sim (HKG),CECHOVA Dana (CZE)
Polish Open Warsaw 2004,2004-10-14,ROBERTSON Laura,KREKINA Svetlana,4,1,"11,11,11,3,11|9,8,8,11,5",R64,GRAND_SLAM,WS,1705,Main Draw,ROBERTSON Laura (GER),KREKINA Svetlana (RUS)
Polish Open Warsaw 2004,2004-10-14,TASEI Mikie,ROHR Meike,4,2,"11,10,11,11,5,11|5,12,6,9,11,9",R64,GRAND_SLAM,WS,1705,Main Draw,TASEI Mikie (JPN),ROHR Meike (GER)
Polish Open Warsaw 2004,2004-10-14,GANINA Svetlana,COULIBALY Dieniouma,4,0,"11,11,11,11|5,4,7,4",R64,GRAND_SLAM,WS,1705,Main Draw,GANINA Svetlana (RUS),COULIBALY Dieniouma (FRA)
Polish Open Warsaw 2004,2004-10-14,SCHALL Elke,PIETKIEWICZ Monika,4,1,"6,11,11,11,13|11,7,8,6,11",R64,GRAND_SLAM,WS,1705,Main Draw,SCHALL Elke (GER),PIETKIEWICZ Monika (POL)
Polish Open Warsaw 2004,2004-10-14,LI Jiao,WAGGERMAYER Elena,4,1,"11,11,11,9,11|8,8,5,11,9",R64,GRAND_SLAM,WS,1705,Main Draw,LI Jiao (NED),WAGGERMAYER Elena (AUT)
Polish Open Warsaw 2004,2004-10-14,MOLNAR Zita,STEFANSKA Kinga,4,0,"11,11,11,11|7,5,9,6",R64,GRAND_SLAM,WS,1705,Main Draw,MOLNAR Zita (HUN),STEFANSKA Kinga (POL)
Polish Open Warsaw 2004,2004-10-14,SHIOSAKI Yuka,PERGEL Szandra,4,0,"12,11,11,11|10,4,7,5",R64,GRAND_SLAM,WS,1705,Main Draw,SHIOSAKI Yuka (JPN),PERGEL Szandra (HUN)
Polish Open Warsaw 2004,2004-10-14,SCHOPP Jie,ONO Shiho,4,0,"11,11,11,11|4,2,9,8",R64,GRAND_SLAM,WS,1705,Main Draw,SCHOPP Jie (GER),ONO Shiho (JPN)
Polish Open Warsaw 2004,2004-10-14,LANG Kristin,PENKAVOVA Katerina,4,1,"11,11,11,9,11|9,4,6,11,4",R64,GRAND_SLAM,WS,1705,Main Draw,LANG Kristin (GER),PENKAVOVA Katerina (CZE)
Polish Open Warsaw 2004,2004-10-14,MOLNAR Cornelia,GOURIN Anne-Sophie,4,1,"11,8,11,11,11|6,11,4,7,9",R64,GRAND_SLAM,WS,1705,Main Draw,MOLNAR Cornelia (CRO),GOURIN Anne-Sophie (FRA)
Polish Open Warsaw 2004,2004-10-14,CICHOCKA Magdalena,KISHIDA Satoko,4,1,"6,11,12,14,11|11,8,10,12,8",R64,GRAND_SLAM,WS,1705,Main Draw,CICHOCKA Magdalena (POL),KISHIDA Satoko (JPN)
Polish Open Warsaw 2004,2004-10-14,FAZEKAS Maria,PARTYKA Natalia,4,0,"11,11,11,11|8,9,5,9",R64,GRAND_SLAM,WS,1705,Main Draw,FAZEKAS Maria (HUN),PARTYKA Natalia (POL)
Polish Open Warsaw 2004,2004-10-14,KOVTUN Elena,HASAMA Nozomi,4,0,"11,11,11,12|4,9,7,10",R64,GRAND_SLAM,WS,1705,Main Draw,KOVTUN Elena (UKR),HASAMA Nozomi (JPN)
Polish Open Warsaw 2004,2004-10-14,ODOROVA Eva,SMISTIKOVA Martina,4,0,"11,11,11,11|9,6,4,6",R64,GRAND_SLAM,WS,1705,Main Draw,ODOROVA Eva (SVK),SMISTIKOVA Martina (CZE)
Polish Open Warsaw 2004,2004-10-14,LIU Jia,KOLAROVA Dominika,4,0,"11,11,11,11|6,6,1,7",R64,GRAND_SLAM,WS,1705,Main Draw,LIU Jia (AUT),KOLAROVA Dominika (SVK)
Polish Open Warsaw 2004,2004-10-14,BOROS Tamara,IVANCAN Irene,4,1,"11,13,11,12,11|5,11,6,14,7",R32,GRAND_SLAM,WS,1705,Main Draw,BOROS Tamara (CRO),IVANCAN Irene (GER)
Polish Open Warsaw 2004,2004-10-14,POTA Georgina,SUEMASU Asami,4,3,"10,9,11,11,7,11,11|12,11,7,7,11,9,8",R32,GRAND_SLAM,WS,1705,Main Draw,POTA Georgina (HUN),SUEMASU Asami (JPN)
Polish Open Warsaw 2004,2004-10-14,KONISHI An,LI Qiangbing,4,2,"11,11,11,10,3,11|7,8,7,12,11,5",R32,GRAND_SLAM,WS,1705,Main Draw,KONISHI An (JPN),LI Qiangbing (AUT)
Polish Open Warsaw 2004,2004-10-14,BADESCU Otilia,ROHR Gaby,4,0,"11,11,11,11|8,5,7,7",R32,GRAND_SLAM,WS,1705,Main Draw,BADESCU Otilia (ROU),ROHR Gaby (GER)
Polish Open Warsaw 2004,2004-10-14,PAVLOVICH Viktoria,BAKULA Andrea,4,2,"11,5,8,11,11,11|6,11,11,8,7,6",R32,GRAND_SLAM,WS,1705,Main Draw,PAVLOVICH Viktoria (BLR),BAKULA Andrea (CRO)
Polish Open Warsaw 2004,2004-10-14,KRAMER Tanja,PASKAUSKIENE Ruta,4,1,"11,5,11,11,11|6,11,7,9,6",R32,GRAND_SLAM,WS,1705,Main Draw,KRAMER Tanja (GER),PASKAUSKIENE Ruta (LTU)
Polish Open Warsaw 2004,2004-10-14,PALINA Irina,PAOVIC Sandra,4,3,"11,11,11,9,11,9,11|2,5,13,11,7,11,4",R32,GRAND_SLAM,WS,1705,Main Draw,PALINA Irina (RUS),PAOVIC Sandra (CRO)
Polish Open Warsaw 2004,2004-10-14,LAU Sui Fei,PAVLOVICH Veronika,4,2,"11,6,11,11,11,11|6,11,13,7,8,3",R32,GRAND_SLAM,WS,1705,Main Draw,LAU Sui Fei (HKG),PAVLOVICH Veronika (BLR)
Polish Open Warsaw 2004,2004-10-14,SONG Ah Sim,ROBERTSON Laura,4,1,"18,4,11,11,11|16,11,5,7,8",R32,GRAND_SLAM,WS,1705,Main Draw,SONG Ah Sim (HKG),ROBERTSON Laura (GER)
Polish Open Warsaw 2004,2004-10-14,GANINA Svetlana,TASEI Mikie,4,0,"11,11,13,11|5,6,11,5",R32,GRAND_SLAM,WS,1705,Main Draw,GANINA Svetlana (RUS),TASEI Mikie (JPN)
Polish Open Warsaw 2004,2004-10-14,LI Jiao,SCHALL Elke,4,2,"7,10,11,11,11,11|11,12,9,4,8,5",R32,GRAND_SLAM,WS,1705,Main Draw,LI Jiao (NED),SCHALL Elke (GER)
Polish Open Warsaw 2004,2004-10-14,MOLNAR Zita,SHIOSAKI Yuka,4,2,"12,9,11,10,11,11|10,11,8,12,6,3",R32,GRAND_SLAM,WS,1705,Main Draw,MOLNAR Zita (HUN),SHIOSAKI Yuka (JPN)
Polish Open Warsaw 2004,2004-10-14,SCHOPP Jie,LANG Kristin,4,1,"8,11,11,11,11|11,9,9,6,3",R32,GRAND_SLAM,WS,1705,Main Draw,SCHOPP Jie (GER),LANG Kristin (GER)
Polish Open Warsaw 2004,2004-10-14,MOLNAR Cornelia,CICHOCKA Magdalena,4,0,"11,11,11,11|6,9,6,8",R32,GRAND_SLAM,WS,1705,Main Draw,MOLNAR Cornelia (CRO),CICHOCKA Magdalena (POL)
Polish Open Warsaw 2004,2004-10-14,FAZEKAS Maria,KOVTUN Elena,4,0,"11,11,11,11|7,8,7,6",R32,GRAND_SLAM,WS,1705,Main Draw,FAZEKAS Maria (HUN),KOVTUN Elena (UKR)
Polish Open Warsaw 2004,2004-10-14,LIU Jia,ODOROVA Eva,4,1,"11,11,12,9,12|8,5,10,11,10",R32,GRAND_SLAM,WS,1705,Main Draw,LIU Jia (AUT),ODOROVA Eva (SVK)
Polish Open Warsaw 2004,2004-10-14,BOROS Tamara,POTA Georgina,4,0,"11,11,11,11|3,6,8,5",R16,GRAND_SLAM,WS,1705,Main Draw,BOROS Tamara (CRO),POTA Georgina (HUN)
Polish Open Warsaw 2004,2004-10-14,BADESCU Otilia,KONISHI An,4,3,"11,6,9,9,11,11,11|9,11,11,11,8,7,5",R16,GRAND_SLAM,WS,1705,Main Draw,BADESCU Otilia (ROU),KONISHI An (JPN)
Polish Open Warsaw 2004,2004-10-14,KRAMER Tanja,PAVLOVICH Viktoria,4,2,"11,10,9,11,11,11|7,12,11,4,8,5",R16,GRAND_SLAM,WS,1705,Main Draw,KRAMER Tanja (GER),PAVLOVICH Viktoria (BLR)
Polish Open Warsaw 2004,2004-10-14,LAU Sui Fei,PALINA Irina,4,0,"11,11,11,11|6,4,7,8",R16,GRAND_SLAM,WS,1705,Main Draw,LAU Sui Fei (HKG),PALINA Irina (RUS)
Polish Open Warsaw 2004,2004-10-14,SONG Ah Sim,GANINA Svetlana,4,2,"11,11,10,11,9,11|5,4,12,9,11,9",R16,GRAND_SLAM,WS,1705,Main Draw,SONG Ah Sim (HKG),GANINA Svetlana (RUS)
Polish Open Warsaw 2004,2004-10-14,LI Jiao,MOLNAR Zita,4,0,"12,11,11,11|10,8,7,8",R16,GRAND_SLAM,WS,1705,Main Draw,LI Jiao (NED),MOLNAR Zita (HUN)
Polish Open Warsaw 2004,2004-10-14,SCHOPP Jie,MOLNAR Cornelia,4,2,"7,11,13,11,11,11|11,5,15,8,5,9",R16,GRAND_SLAM,WS,1705,Main Draw,SCHOPP Jie (GER),MOLNAR Cornelia (CRO)
Polish Open Warsaw 2004,2004-10-14,FAZEKAS Maria,LIU Jia,4,1,"11,8,11,11,11|5,11,8,4,4",R16,GRAND_SLAM,WS,1705,Main Draw,FAZEKAS Maria (HUN),LIU Jia (AUT)
Polish Open Warsaw 2004,2004-10-14,BOROS Tamara,BADESCU Otilia,4,0,"13,11,11,12|11,9,4,10",QF,GRAND_SLAM,WS,1705,Main Draw,BOROS Tamara (CRO),BADESCU Otilia (ROU)
Polish Open Warsaw 2004,2004-10-14,LAU Sui Fei,KRAMER Tanja,4,0,"11,11,11,11|8,3,7,6",QF,GRAND_SLAM,WS,1705,Main Draw,LAU Sui Fei (HKG),KRAMER Tanja (GER)
Polish Open Warsaw 2004,2004-10-14,SONG Ah Sim,LI Jiao,4,0,"11,11,12,11|6,6,10,5",QF,GRAND_SLAM,WS,1705,Main Draw,SONG Ah Sim (HKG),LI Jiao (NED)
Polish Open Warsaw 2004,2004-10-14,FAZEKAS Maria,SCHOPP Jie,4,0,"11,11,11,11|9,7,5,5",QF,GRAND_SLAM,WS,1705,Main Draw,FAZEKAS Maria (HUN),SCHOPP Jie (GER)
Polish Open Warsaw 2004,2004-10-14,LAU Sui Fei,BOROS Tamara,4,2,"11,11,3,11,11,11|9,8,11,13,8,7",SF,GRAND_SLAM,WS,1705,Main Draw,LAU Sui Fei (HKG),BOROS Tamara (CRO)
Polish Open Warsaw 2004,2004-10-14,FAZEKAS Maria,SONG Ah Sim,4,2,"11,2,11,8,11,11|7,11,4,11,6,4",SF,GRAND_SLAM,WS,1705,Main Draw,FAZEKAS Maria (HUN),SONG Ah Sim (HKG)
Polish Open Warsaw 2004,2004-10-14,LAU Sui Fei,FAZEKAS Maria,4,0,"11,11,14,11|5,6,12,9",F,GRAND_SLAM,WS,1705,Main Draw,LAU Sui Fei (HKG),FAZEKAS Maria (HUN)
Polish Open Warsaw 2004,2004-10-14,SHIOSAKI Yuka,PIETKIEWICZ Monika,4,0,"11,14,11,11|6,12,7,6",,GRAND_SLAM,WS,1705,Qualification,SHIOSAKI Yuka (JPN),PIETKIEWICZ Monika (POL)
Polish Open Warsaw 2004,2004-10-14,SHIOSAKI Yuka,CAHOREAU Nathalie,4,2,"11,3,7,11,11,11|5,11,11,9,7,3",QR2,GRAND_SLAM,WS,1705,Qualification,SHIOSAKI Yuka (JPN),CAHOREAU Nathalie (FRA)
Polish Open Warsaw 2004,2004-10-14,PIETKIEWICZ Monika,CAHOREAU Nathalie,4,1,"11,11,11,8,11|8,6,5,11,7",3,GRAND_SLAM,WS,1705,Qualification,PIETKIEWICZ Monika (POL),CAHOREAU Nathalie (FRA)
Polish Open Warsaw 2004,2004-10-14,MOLNAR Zita,CECHOVA Dana,4,0,"11,11,11,11|5,7,5,3",,GRAND_SLAM,WS,1705,Qualification,MOLNAR Zita (HUN),CECHOVA Dana (CZE)
Polish Open Warsaw 2004,2004-10-14,PARTYKA Natalia,PHAI PANG Laurie,4,2,"6,9,11,11,11,11|11,11,9,6,7,8",QR2,GRAND_SLAM,WS,1705,Qualification,PARTYKA Natalia (POL),PHAI PANG Laurie (FRA)
Polish Open Warsaw 2004,2004-10-14,MOLNAR Zita,PHAI PANG Laurie,4,2,"11,7,6,11,11,11|6,11,11,6,6,3",3,GRAND_SLAM,WS,1705,Qualification,MOLNAR Zita (HUN),PHAI PANG Laurie (FRA)
Polish Open Warsaw 2004,2004-10-14,PARTYKA Natalia,CECHOVA Dana,4,0,"11,11,11,12|9,9,8,10",QR4,GRAND_SLAM,WS,1705,Qualification,PARTYKA Natalia (POL),CECHOVA Dana (CZE)
Polish Open Warsaw 2004,2004-10-14,MOLNAR Zita,PARTYKA Natalia,4,1,"11,14,11,11,11|3,16,4,7,4",5,GRAND_SLAM,WS,1705,Qualification,MOLNAR Zita (HUN),PARTYKA Natalia (POL)
Polish Open Warsaw 2004,2004-10-14,CECHOVA Dana,PHAI PANG Laurie,4,3,"11,9,11,11,4,13,11|2,11,8,5,11,15,7",6,GRAND_SLAM,WS,1705,Qualification,CECHOVA Dana (CZE),PHAI PANG Laurie (FRA)
Polish Open Warsaw 2004,2004-10-14,PENKAVOVA Katerina,GOBEL Jessica,4,2,"11,11,11,11,5,11|9,8,13,4,11,8",,GRAND_SLAM,WS,1705,Qualification,PENKAVOVA Katerina (CZE),GOBEL Jessica (GER)
Polish Open Warsaw 2004,2004-10-14,CICHOCKA Magdalena,KOZLOVSKAIAI Anna,4,0,"11,11,11,11|9,7,3,4",QR2,GRAND_SLAM,WS,1705,Qualification,CICHOCKA Magdalena (POL),KOZLOVSKAIAI Anna (RUS)
Polish Open Warsaw 2004,2004-10-14,CICHOCKA Magdalena,GOBEL Jessica,4,2,"12,11,8,5,11,11|10,9,11,11,6,6",3,GRAND_SLAM,WS,1705,Qualification,CICHOCKA Magdalena (POL),GOBEL Jessica (GER)
Polish Open Warsaw 2004,2004-10-14,PENKAVOVA Katerina,KOZLOVSKAIAI Anna,4,0,"11,12,11,14|5,10,0,12",QR4,GRAND_SLAM,WS,1705,Qualification,PENKAVOVA Katerina (CZE),KOZLOVSKAIAI Anna (RUS)
Polish Open Warsaw 2004,2004-10-14,GOBEL Jessica,KOZLOVSKAIAI Anna,4,2,"11,11,8,11,10,11|6,7,11,0,12,3",5,GRAND_SLAM,WS,1705,Qualification,GOBEL Jessica (GER),KOZLOVSKAIAI Anna (RUS)
Polish Open Warsaw 2004,2004-10-14,PENKAVOVA Katerina,CICHOCKA Magdalena,4,0,"12,11,11,11|10,5,5,9",6,GRAND_SLAM,WS,1705,Qualification,PENKAVOVA Katerina (CZE),CICHOCKA Magdalena (POL)
Polish Open Warsaw 2004,2004-10-14,BILENKO Tetyana,SMETEK Marta,4,0,"11,11,11,11|8,5,7,6",,GRAND_SLAM,WS,1705,Qualification,BILENKO Tetyana (UKR),SMETEK Marta (POL)
Polish Open Warsaw 2004,2004-10-14,VIKTORCHYK Maryia,PROKHOROVA Yulia,4,1,"11,11,11,6,11|9,8,8,11,6",QR2,GRAND_SLAM,WS,1705,Qualification,VIKTORCHYK Maryia (BLR),PROKHOROVA Yulia (RUS)
Polish Open Warsaw 2004,2004-10-14,BILENKO Tetyana,PROKHOROVA Yulia,4,3,"7,11,11,11,9,4,11|11,5,8,6,11,11,5",3,GRAND_SLAM,WS,1705,Qualification,BILENKO Tetyana (UKR),PROKHOROVA Yulia (RUS)
Polish Open Warsaw 2004,2004-10-14,SMETEK Marta,VIKTORCHYK Maryia,4,0,"11,13,11,11|8,11,5,5",QR4,GRAND_SLAM,WS,1705,Qualification,SMETEK Marta (POL),VIKTORCHYK Maryia (BLR)
Polish Open Warsaw 2004,2004-10-14,BILENKO Tetyana,VIKTORCHYK Maryia,4,1,"11,11,7,11,11|6,4,11,7,2",5,GRAND_SLAM,WS,1705,Qualification,BILENKO Tetyana (UKR),VIKTORCHYK Maryia (BLR)
Polish Open Warsaw 2004,2004-10-14,PROKHOROVA Yulia,SMETEK Marta,4,3,"7,9,10,11,11,11,11|11,11,12,6,5,8,4",6,GRAND_SLAM,WS,1705,Qualification,PROKHOROVA Yulia (RUS),SMETEK Marta (POL)
Polish Open Warsaw 2004,2004-10-14,VACENOVSKA Iveta,GOROWSKA Magdalena,4,0,"12,11,11,11|10,4,6,4",,GRAND_SLAM,WS,1705,Qualification,VACENOVSKA Iveta (CZE),GOROWSKA Magdalena (POL)
Polish Open Warsaw 2004,2004-10-14,HASAMA Nozomi,MORKOVKINA Irina,4,0,"11,11,11,11|7,5,7,5",QR2,GRAND_SLAM,WS,1705,Qualification,HASAMA Nozomi (JPN),MORKOVKINA Irina (RUS)
Polish Open Warsaw 2004,2004-10-14,HASAMA Nozomi,VACENOVSKA Iveta,4,2,"11,4,11,11,5,11|8,11,5,4,11,7",3,GRAND_SLAM,WS,1705,Qualification,HASAMA Nozomi (JPN),VACENOVSKA Iveta (CZE)
Polish Open Warsaw 2004,2004-10-14,GOROWSKA Magdalena,MORKOVKINA Irina,4,0,"11,11,11,11|7,6,4,3",QR4,GRAND_SLAM,WS,1705,Qualification,GOROWSKA Magdalena (POL),MORKOVKINA Irina (RUS)
Polish Open Warsaw 2004,2004-10-14,VACENOVSKA Iveta,MORKOVKINA Irina,4,0,"11,11,11,11|2,5,7,8",5,GRAND_SLAM,WS,1705,Qualification,VACENOVSKA Iveta (CZE),MORKOVKINA Irina (RUS)
Polish Open Warsaw 2004,2004-10-14,HASAMA Nozomi,GOROWSKA Magdalena,4,3,"11,11,11,9,10,5,11|7,8,6,11,12,11,5",6,GRAND_SLAM,WS,1705,Qualification,HASAMA Nozomi (JPN),GOROWSKA Magdalena (POL)
Polish Open Warsaw 2004,2004-10-14,GOURIN Anne-Sophie,PILKA Marta,4,0,"13,11,11,11|11,8,7,9",,GRAND_SLAM,WS,1705,Qualification,GOURIN Anne-Sophie (FRA),PILKA Marta (POL)
Polish Open Warsaw 2004,2004-10-14,PETUKHOVA Evgeniya,YUNOSHEVA Ganna,4,0,"11,11,11,11|4,6,4,5",QR2,GRAND_SLAM,WS,1705,Qualification,PETUKHOVA Evgeniya (RUS),YUNOSHEVA Ganna (UKR)
Polish Open Warsaw 2004,2004-10-14,GOURIN Anne-Sophie,PETUKHOVA Evgeniya,4,0,"11,11,11,11|5,9,5,9",3,GRAND_SLAM,WS,1705,Qualification,GOURIN Anne-Sophie (FRA),PETUKHOVA Evgeniya (RUS)
Polish Open Warsaw 2004,2004-10-14,PILKA Marta,YUNOSHEVA Ganna,4,0,"11,11,11,13|6,8,7,11",QR4,GRAND_SLAM,WS,1705,Qualification,PILKA Marta (POL),YUNOSHEVA Ganna (UKR)
Polish Open Warsaw 2004,2004-10-14,GOURIN Anne-Sophie,YUNOSHEVA Ganna,4,1,"11,11,12,11,11|7,8,14,7,3",5,GRAND_SLAM,WS,1705,Qualification,GOURIN Anne-Sophie (FRA),YUNOSHEVA Ganna (UKR)
Polish Open Warsaw 2004,2004-10-14,PETUKHOVA Evgeniya,PILKA Marta,4,1,"8,11,11,11,11|11,9,7,6,8",6,GRAND_SLAM,WS,1705,Qualification,PETUKHOVA Evgeniya (RUS),PILKA Marta (POL)
Polish Open Warsaw 2004,2004-10-14,KERTAI Rita,JANTA-LIPINSKA Anna,4,1,"11,7,11,11,11|7,11,8,7,8",,GRAND_SLAM,WS,1705,Qualification,KERTAI Rita (HUN),JANTA-LIPINSKA Anna (POL)
Polish Open Warsaw 2004,2004-10-14,VORONOVA Anastasia,BAK Natalia,4,0,"11,11,11,11|5,6,9,7",QR2,GRAND_SLAM,WS,1705,Qualification,VORONOVA Anastasia (RUS),BAK Natalia (POL)
Polish Open Warsaw 2004,2004-10-14,KERTAI Rita,VORONOVA Anastasia,4,0,"12,12,11,11|10,10,9,6",3,GRAND_SLAM,WS,1705,Qualification,KERTAI Rita (HUN),VORONOVA Anastasia (RUS)
Polish Open Warsaw 2004,2004-10-14,JANTA-LIPINSKA Anna,BAK Natalia,4,1,"11,7,11,12,13|7,11,7,10,11",QR4,GRAND_SLAM,WS,1705,Qualification,JANTA-LIPINSKA Anna (POL),BAK Natalia (POL)
Polish Open Warsaw 2004,2004-10-14,KERTAI Rita,BAK Natalia,4,2,"6,11,14,11,8,12|11,8,12,3,11,10",5,GRAND_SLAM,WS,1705,Qualification,KERTAI Rita (HUN),BAK Natalia (POL)
Polish Open Warsaw 2004,2004-10-14,VORONOVA Anastasia,JANTA-LIPINSKA Anna,4,1,"11,7,11,11,11|9,11,5,7,6",6,GRAND_SLAM,WS,1705,Qualification,VORONOVA Anastasia (RUS),JANTA-LIPINSKA Anna (POL)
Polish Open Warsaw 2004,2004-10-14,SHABAN Zeina,KREKINA Svetlana,4,1,"11,11,11,7,11|8,8,9,11,9",,GRAND_SLAM,WS,1705,Qualification,SHABAN Zeina (JOR),KREKINA Svetlana (RUS)
Polish Open Warsaw 2004,2004-10-14,SZYMANSKA Antonina,KMOTORKOVA Lenka,4,2,"8,11,9,11,11,11|11,7,11,8,8,9",QR2,GRAND_SLAM,WS,1705,Qualification,SZYMANSKA Antonina (POL),KMOTORKOVA Lenka (SVK)
Polish Open Warsaw 2004,2004-10-14,KREKINA Svetlana,KMOTORKOVA Lenka,4,0,"11,11,11,11|7,6,8,5",3,GRAND_SLAM,WS,1705,Qualification,KREKINA Svetlana (RUS),KMOTORKOVA Lenka (SVK)
Polish Open Warsaw 2004,2004-10-14,SZYMANSKA Antonina,SHABAN Zeina,4,0,"11,11,11,11|5,9,8,7",QR4,GRAND_SLAM,WS,1705,Qualification,SZYMANSKA Antonina (POL),SHABAN Zeina (JOR)
Polish Open Warsaw 2004,2004-10-14,KREKINA Svetlana,SZYMANSKA Antonina,4,0,"11,11,11,11|5,7,6,9",5,GRAND_SLAM,WS,1705,Qualification,KREKINA Svetlana (RUS),SZYMANSKA Antonina (POL)
Polish Open Warsaw 2004,2004-10-14,KMOTORKOVA Lenka,SHABAN Zeina,4,2,"11,9,11,7,12,11|5,11,6,11,10,7",6,GRAND_SLAM,WS,1705,Qualification,KMOTORKOVA Lenka (SVK),SHABAN Zeina (JOR)
Polish Open Warsaw 2004,2004-10-14,PERGEL Szandra,BOLLMEIER Nadine,4,3,"6,8,12,11,8,11,11|11,11,10,7,11,7,4",,GRAND_SLAM,WS,1705,Qualification,PERGEL Szandra (HUN),BOLLMEIER Nadine (GER)
Polish Open Warsaw 2004,2004-10-14,ISHIGAKI Yuka,SMYKOWSKA Anna,4,2,"3,8,11,11,11,12|11,11,9,8,3,10",QR2,GRAND_SLAM,WS,1705,Qualification,ISHIGAKI Yuka (JPN),SMYKOWSKA Anna (POL)
Polish Open Warsaw 2004,2004-10-14,ISHIGAKI Yuka,BOLLMEIER Nadine,4,1,"8,11,11,12,12|11,6,8,10,10",3,GRAND_SLAM,WS,1705,Qualification,ISHIGAKI Yuka (JPN),BOLLMEIER Nadine (GER)
Polish Open Warsaw 2004,2004-10-14,PERGEL Szandra,SMYKOWSKA Anna,4,1,"12,11,11,11,11|14,6,8,8,8",QR4,GRAND_SLAM,WS,1705,Qualification,PERGEL Szandra (HUN),SMYKOWSKA Anna (POL)
Polish Open Warsaw 2004,2004-10-14,BOLLMEIER Nadine,SMYKOWSKA Anna,4,0,"11,11,11,11|5,2,5,9",5,GRAND_SLAM,WS,1705,Qualification,BOLLMEIER Nadine (GER),SMYKOWSKA Anna (POL)
Polish Open Warsaw 2004,2004-10-14,PERGEL Szandra,ISHIGAKI Yuka,4,3,"5,12,11,11,6,11,11|11,10,5,13,11,8,6",6,GRAND_SLAM,WS,1705,Qualification,PERGEL Szandra (HUN),ISHIGAKI Yuka (JPN)
Polish Open Warsaw 2004,2004-10-14,PAOVIC Sandra,ONO Shiho,4,1,"11,11,11,10,11|7,7,6,12,5",,GRAND_SLAM,WS,1705,Qualification,PAOVIC Sandra (CRO),ONO Shiho (JPN)
Polish Open Warsaw 2004,2004-10-14,XU Jie (1982),LI Bin,4,1,"3,11,11,11,11|11,2,3,6,9",QR2,GRAND_SLAM,WS,1705,Qualification,XU Jie (1982) (POL),LI Bin (HUN)
Polish Open Warsaw 2004,2004-10-14,PAOVIC Sandra,LI Bin,4,1,"11,9,11,11,11|8,11,5,4,5",3,GRAND_SLAM,WS,1705,Qualification,PAOVIC Sandra (CRO),LI Bin (HUN)
Polish Open Warsaw 2004,2004-10-14,ONO Shiho,XU Jie (1982),4,3,"7,11,12,3,11,9,11|11,7,10,11,9,11,5",QR4,GRAND_SLAM,WS,1705,Qualification,ONO Shiho (JPN),XU Jie (1982) (POL)
Polish Open Warsaw 2004,2004-10-14,PAOVIC Sandra,XU Jie (1982),4,1,"6,11,12,11,11|11,6,10,4,8",5,GRAND_SLAM,WS,1705,Qualification,PAOVIC Sandra (CRO),XU Jie (1982) (POL)
Polish Open Warsaw 2004,2004-10-14,ONO Shiho,LI Bin,4,1,"11,11,11,5,11|8,6,8,11,7",6,GRAND_SLAM,WS,1705,Qualification,ONO Shiho (JPN),LI Bin (HUN)
Polish Open Warsaw 2004,2004-10-14,SMISTIKOVA Martina,KOLTSOVA Anastasia,4,1,"11,8,11,11,11|9,11,9,7,2",,GRAND_SLAM,WS,1705,Qualification,SMISTIKOVA Martina (CZE),KOLTSOVA Anastasia (RUS)
Polish Open Warsaw 2004,2004-10-14,LOSOSOVSKAYA Olga,GUMULA Renata,4,0,"11,13,11,11|6,11,7,6",QR2,GRAND_SLAM,WS,1705,Qualification,LOSOSOVSKAYA Olga (RUS),GUMULA Renata (POL)
Polish Open Warsaw 2004,2004-10-14,SMISTIKOVA Martina,LOSOSOVSKAYA Olga,4,0,"11,11,11,13|6,4,8,11",3,GRAND_SLAM,WS,1705,Qualification,SMISTIKOVA Martina (CZE),LOSOSOVSKAYA Olga (RUS)
Polish Open Warsaw 2004,2004-10-14,KOLTSOVA Anastasia,GUMULA Renata,4,1,"11,11,12,10,11|8,7,10,12,8",QR4,GRAND_SLAM,WS,1705,Qualification,KOLTSOVA Anastasia (RUS),GUMULA Renata (POL)
Polish Open Warsaw 2004,2004-10-14,SMISTIKOVA Martina,GUMULA Renata,4,1,"11,11,11,6,11|7,8,3,11,7",5,GRAND_SLAM,WS,1705,Qualification,SMISTIKOVA Martina (CZE),GUMULA Renata (POL)
Polish Open Warsaw 2004,2004-10-14,LOSOSOVSKAYA Olga,KOLTSOVA Anastasia,4,1,"11,13,9,11,11|8,11,11,2,9",6,GRAND_SLAM,WS,1705,Qualification,LOSOSOVSKAYA Olga (RUS),KOLTSOVA Anastasia (RUS)
Polish Open Warsaw 2004,2004-10-14,GOLOTA Marta,BOLSHAKOVA Natalia,4,3,"11,9,3,15,7,12,12|9,11,11,13,11,10,10",,GRAND_SLAM,WS,1705,Qualification,GOLOTA Marta (POL),BOLSHAKOVA Natalia (RUS)
Polish Open Warsaw 2004,2004-10-14,ROHR Gaby,KOLAROVA Dominika,4,2,"11,13,8,11,10,11|7,11,11,7,12,8",QR2,GRAND_SLAM,WS,1705,Qualification,ROHR Gaby (GER),KOLAROVA Dominika (SVK)
Polish Open Warsaw 2004,2004-10-14,ROHR Gaby,BOLSHAKOVA Natalia,4,1,"4,11,11,11,11|11,5,6,7,3",3,GRAND_SLAM,WS,1705,Qualification,ROHR Gaby (GER),BOLSHAKOVA Natalia (RUS)
Polish Open Warsaw 2004,2004-10-14,GOLOTA Marta,KOLAROVA Dominika,4,0,"12,12,11,11|10,10,4,8",QR4,GRAND_SLAM,WS,1705,Qualification,GOLOTA Marta (POL),KOLAROVA Dominika (SVK)
Polish Open Warsaw 2004,2004-10-14,KOLAROVA Dominika,BOLSHAKOVA Natalia,4,1,"11,11,11,12,15|4,9,7,14,13",5,GRAND_SLAM,WS,1705,Qualification,KOLAROVA Dominika (SVK),BOLSHAKOVA Natalia (RUS)
Polish Open Warsaw 2004,2004-10-14,ROHR Gaby,GOLOTA Marta,4,1,"11,8,11,11,11|1,11,4,5,8",6,GRAND_SLAM,WS,1705,Qualification,ROHR Gaby (GER),GOLOTA Marta (POL)
Polish Open Warsaw 2004,2004-10-14,PASTOR Agata,WAGGERMAYER Elena,4,0,"11,11,13,11|8,8,11,9",,GRAND_SLAM,WS,1705,Qualification,PASTOR Agata (POL),WAGGERMAYER Elena (AUT)
Polish Open Warsaw 2004,2004-10-14,IVANCAN Irene,PETZNER Martina,4,1,"11,12,9,11,11|8,10,11,9,9",QR2,GRAND_SLAM,WS,1705,Qualification,IVANCAN Irene (GER),PETZNER Martina (AUT)
Polish Open Warsaw 2004,2004-10-14,WAGGERMAYER Elena,IVANCAN Irene,4,3,"7,9,11,9,12,11,11|11,11,8,11,10,2,1",3,GRAND_SLAM,WS,1705,Qualification,WAGGERMAYER Elena (AUT),IVANCAN Irene (GER)
Polish Open Warsaw 2004,2004-10-14,PETZNER Martina,PASTOR Agata,4,1,"3,11,11,11,11|11,7,9,5,8",QR4,GRAND_SLAM,WS,1705,Qualification,PETZNER Martina (AUT),PASTOR Agata (POL)
Polish Open Warsaw 2004,2004-10-14,WAGGERMAYER Elena,PETZNER Martina,4,0,"14,11,11,11|12,7,5,8",5,GRAND_SLAM,WS,1705,Qualification,WAGGERMAYER Elena (AUT),PETZNER Martina (AUT)
Polish Open Warsaw 2004,2004-10-14,IVANCAN Irene,PASTOR Agata,4,1,"11,11,11,8,11|4,6,9,11,6",6,GRAND_SLAM,WS,1705,Qualification,IVANCAN Irene (GER),PASTOR Agata (POL)
Polish Open Warsaw 2004,2004-10-14,ROHR Meike,COULIBALY Dieniouma,4,0,"11,11,11,11|9,5,1,9",,GRAND_SLAM,WS,1705,Qualification,ROHR Meike (GER),COULIBALY Dieniouma (FRA)
Polish Open Warsaw 2004,2004-10-14,LUCZAKOWSKA Daria,LAKHOVA Tatiana,4,1,"11,7,11,12,11|9,11,8,10,8",QR2,GRAND_SLAM,WS,1705,Qualification,LUCZAKOWSKA Daria (POL),LAKHOVA Tatiana (RUS)
Polish Open Warsaw 2004,2004-10-14,ROHR Meike,LUCZAKOWSKA Daria,4,1,"13,11,8,11,11|11,5,11,4,4",3,GRAND_SLAM,WS,1705,Qualification,ROHR Meike (GER),LUCZAKOWSKA Daria (POL)
Polish Open Warsaw 2004,2004-10-14,COULIBALY Dieniouma,LAKHOVA Tatiana,4,0,"11,11,11,11|5,7,8,6",QR4,GRAND_SLAM,WS,1705,Qualification,COULIBALY Dieniouma (FRA),LAKHOVA Tatiana (RUS)
Polish Open Warsaw 2004,2004-10-14,ROHR Meike,LAKHOVA Tatiana,4,1,"11,11,4,11,11|8,7,11,5,9",5,GRAND_SLAM,WS,1705,Qualification,ROHR Meike (GER),LAKHOVA Tatiana (RUS)
Polish Open Warsaw 2004,2004-10-14,LUCZAKOWSKA Daria,COULIBALY Dieniouma,4,2,"11,11,9,7,11,11|7,8,11,11,5,9",6,GRAND_SLAM,WS,1705,Qualification,LUCZAKOWSKA Daria (POL),COULIBALY Dieniouma (FRA)
Polish Open Warsaw 2004,2004-10-14,ROHR Meike,KOZLOVSKAIAI Anna,3,1,"11,11,7,12|3,7,11,10",,GRAND_SLAM,U21WS,1705,Qualification,ROHR Meike (GER),KOZLOVSKAIAI Anna (RUS)
Polish Open Warsaw 2004,2004-10-14,GOLOTA Marta,KOLTSOVA Anastasia,3,1,"11,4,11,11|7,11,6,5",QR2,GRAND_SLAM,U21WS,1705,Qualification,GOLOTA Marta (POL),KOLTSOVA Anastasia (RUS)
Polish Open Warsaw 2004,2004-10-14,GOLOTA Marta,ROHR Meike,3,1,"8,12,11,11|11,10,7,3",3,GRAND_SLAM,U21WS,1705,Qualification,GOLOTA Marta (POL),ROHR Meike (GER)
Polish Open Warsaw 2004,2004-10-14,KOLTSOVA Anastasia,KOZLOVSKAIAI Anna,3,2,"11,11,9,8,11|9,6,11,11,8",QR4,GRAND_SLAM,U21WS,1705,Qualification,KOLTSOVA Anastasia (RUS),KOZLOVSKAIAI Anna (RUS)
Polish Open Warsaw 2004,2004-10-14,ROHR Meike,KOLTSOVA Anastasia,3,2,"4,11,14,11,11|11,8,16,6,3",5,GRAND_SLAM,U21WS,1705,Qualification,ROHR Meike (GER),KOLTSOVA Anastasia (RUS)
Polish Open Warsaw 2004,2004-10-14,KOZLOVSKAIAI Anna,GOLOTA Marta,3,0,"11,11,11|4,9,8",6,GRAND_SLAM,U21WS,1705,Qualification,KOZLOVSKAIAI Anna (RUS),GOLOTA Marta (POL)
Polish Open Warsaw 2004,2004-10-14,IVANCAN Irene,YUNOSHEVA Ganna,3,0,"11,11,15|6,8,13",,GRAND_SLAM,U21WS,1705,Qualification,IVANCAN Irene (GER),YUNOSHEVA Ganna (UKR)
Polish Open Warsaw 2004,2004-10-14,PERGEL Szandra,PARTYKA Natalia,3,0,"11,11,11|9,7,9",QR2,GRAND_SLAM,U21WS,1705,Qualification,PERGEL Szandra (HUN),PARTYKA Natalia (POL)
Polish Open Warsaw 2004,2004-10-14,PARTYKA Natalia,IVANCAN Irene,3,0,"12,11,11|10,7,9",3,GRAND_SLAM,U21WS,1705,Qualification,PARTYKA Natalia (POL),IVANCAN Irene (GER)
Polish Open Warsaw 2004,2004-10-14,PERGEL Szandra,YUNOSHEVA Ganna,3,0,"11,11,11|9,9,9",QR4,GRAND_SLAM,U21WS,1705,Qualification,PERGEL Szandra (HUN),YUNOSHEVA Ganna (UKR)
Polish Open Warsaw 2004,2004-10-14,IVANCAN Irene,PERGEL Szandra,3,1,"11,4,11,11|7,11,6,7",5,GRAND_SLAM,U21WS,1705,Qualification,IVANCAN Irene (GER),PERGEL Szandra (HUN)
Polish Open Warsaw 2004,2004-10-14,PARTYKA Natalia,YUNOSHEVA Ganna,3,0,"11,11,13|8,2,11",6,GRAND_SLAM,U21WS,1705,Qualification,PARTYKA Natalia (POL),YUNOSHEVA Ganna (UKR)
Polish Open Warsaw 2004,2004-10-14,ONO Shiho,VIKTORCHYK Maryia,3,0,"11,12,11|8,10,5",,GRAND_SLAM,U21WS,1705,Qualification,ONO Shiho (JPN),VIKTORCHYK Maryia (BLR)
Polish Open Warsaw 2004,2004-10-14,LUCZAKOWSKA Daria,VIKTORCHYK Maryia,3,1,"11,11,10,12|8,9,12,10",QR2,GRAND_SLAM,U21WS,1705,Qualification,LUCZAKOWSKA Daria (POL),VIKTORCHYK Maryia (BLR)
Polish Open Warsaw 2004,2004-10-14,ONO Shiho,LUCZAKOWSKA Daria,3,0,"11,11,11|7,5,4",3,GRAND_SLAM,U21WS,1705,Qualification,ONO Shiho (JPN),LUCZAKOWSKA Daria (POL)
Polish Open Warsaw 2004,2004-10-14,PASTOR Agata,SHABAN Zeina,3,0,"11,12,11|8,10,5",,GRAND_SLAM,U21WS,1705,Qualification,PASTOR Agata (POL),SHABAN Zeina (JOR)
Polish Open Warsaw 2004,2004-10-14,ROHR Gaby,PASTOR Agata,3,0,"11,11,11|9,7,5",QR2,GRAND_SLAM,U21WS,1705,Qualification,ROHR Gaby (GER),PASTOR Agata (POL)
Polish Open Warsaw 2004,2004-10-14,ROHR Gaby,SHABAN Zeina,3,1,"8,11,11,11|11,6,8,9",3,GRAND_SLAM,U21WS,1705,Qualification,ROHR Gaby (GER),SHABAN Zeina (JOR)
Polish Open Warsaw 2004,2004-10-14,JANTA-LIPINSKA Anna,COULIBALY Dieniouma,3,0,"11,11,11|7,6,9",,GRAND_SLAM,U21WS,1705,Qualification,JANTA-LIPINSKA Anna (POL),COULIBALY Dieniouma (FRA)
Polish Open Warsaw 2004,2004-10-14,LOSOSOVSKAYA Olga,COULIBALY Dieniouma,3,2,"9,9,11,11,12|11,11,4,9,10",QR2,GRAND_SLAM,U21WS,1705,Qualification,LOSOSOVSKAYA Olga (RUS),COULIBALY Dieniouma (FRA)
Polish Open Warsaw 2004,2004-10-14,LOSOSOVSKAYA Olga,JANTA-LIPINSKA Anna,3,0,"13,11,11|11,7,7",3,GRAND_SLAM,U21WS,1705,Qualification,LOSOSOVSKAYA Olga (RUS),JANTA-LIPINSKA Anna (POL)
Polish Open Warsaw 2004,2004-10-14,SMETEK Marta,PETZNER Martina,3,0,"11,11,11|8,8,4",,GRAND_SLAM,U21WS,1705,Qualification,SMETEK Marta (POL),PETZNER Martina (AUT)
Polish Open Warsaw 2004,2004-10-14,LI Bin,PETZNER Martina,3,0,"11,11,11|6,5,6",QR2,GRAND_SLAM,U21WS,1705,Qualification,LI Bin (HUN),PETZNER Martina (AUT)
Polish Open Warsaw 2004,2004-10-14,LI Bin,SMETEK Marta,3,1,"5,11,11,11|11,5,7,4",3,GRAND_SLAM,U21WS,1705,Qualification,LI Bin (HUN),SMETEK Marta (POL)
Polish Open Warsaw 2004,2004-10-14,PENKAVOVA Katerina,GUMULA Renata,3,1,"5,11,11,11|11,9,3,6",,GRAND_SLAM,U21WS,1705,Qualification,PENKAVOVA Katerina (CZE),GUMULA Renata (POL)
Polish Open Warsaw 2004,2004-10-14,ISHIGAKI Yuka,GUMULA Renata,3,2,"7,11,11,9,11|11,8,9,11,5",QR2,GRAND_SLAM,U21WS,1705,Qualification,ISHIGAKI Yuka (JPN),GUMULA Renata (POL)
Polish Open Warsaw 2004,2004-10-14,ISHIGAKI Yuka,PENKAVOVA Katerina,3,0,"11,11,11|9,7,7",3,GRAND_SLAM,U21WS,1705,Qualification,ISHIGAKI Yuka (JPN),PENKAVOVA Katerina (CZE)
Polish Open Warsaw 2004,2004-10-14,CECHOVA Dana,WALNA Weronika,3,0,"11,12,11|4,10,6",,GRAND_SLAM,U21WS,1705,Qualification,CECHOVA Dana (CZE),WALNA Weronika (POL)
Polish Open Warsaw 2004,2004-10-14,VORONOVA Anastasia,WALNA Weronika,3,0,"11,11,11|3,9,8",QR2,GRAND_SLAM,U21WS,1705,Qualification,VORONOVA Anastasia (RUS),WALNA Weronika (POL)
Polish Open Warsaw 2004,2004-10-14,CECHOVA Dana,VORONOVA Anastasia,3,0,"11,11,11|7,9,5",3,GRAND_SLAM,U21WS,1705,Qualification,CECHOVA Dana (CZE),VORONOVA Anastasia (RUS)
Polish Open Warsaw 2004,2004-10-14,PIETKIEWICZ Monika,KOLAROVA Dominika,3,0,"11,11,11|9,7,6",,GRAND_SLAM,U21WS,1705,Qualification,PIETKIEWICZ Monika (POL),KOLAROVA Dominika (SVK)
Polish Open Warsaw 2004,2004-10-14,KOLAROVA Dominika,PETUKHOVA Evgeniya,3,0,"11,11,12|7,7,10",QR2,GRAND_SLAM,U21WS,1705,Qualification,KOLAROVA Dominika (SVK),PETUKHOVA Evgeniya (RUS)
Polish Open Warsaw 2004,2004-10-14,PIETKIEWICZ Monika,PETUKHOVA Evgeniya,3,1,"11,8,11,11|7,11,7,8",3,GRAND_SLAM,U21WS,1705,Qualification,PIETKIEWICZ Monika (POL),PETUKHOVA Evgeniya (RUS)
Polish Open Warsaw 2004,2004-10-14,BAK Natalia,CAHOREAU Nathalie,3,2,"5,11,6,11,11|11,8,11,8,7",,GRAND_SLAM,U21WS,1705,Qualification,BAK Natalia (POL),CAHOREAU Nathalie (FRA)
Polish Open Warsaw 2004,2004-10-14,BAK Natalia,KMOTORKOVA Lenka,3,2,"9,7,11,11,11|11,11,9,6,8",QR2,GRAND_SLAM,U21WS,1705,Qualification,BAK Natalia (POL),KMOTORKOVA Lenka (SVK)
Polish Open Warsaw 2004,2004-10-14,KMOTORKOVA Lenka,CAHOREAU Nathalie,3,1,"10,11,11,11|12,5,6,3",3,GRAND_SLAM,U21WS,1705,Qualification,KMOTORKOVA Lenka (SVK),CAHOREAU Nathalie (FRA)
Polish Open Warsaw 2004,2004-10-14,CICHOCKA Magdalena,LAKHOVA Tatiana,3,0,"11,11,11|6,7,6",,GRAND_SLAM,U21WS,1705,Qualification,CICHOCKA Magdalena (POL),LAKHOVA Tatiana (RUS)
Polish Open Warsaw 2004,2004-10-14,HASAMA Nozomi,LAKHOVA Tatiana,3,0,"11,11,11|7,9,6",QR2,GRAND_SLAM,U21WS,1705,Qualification,HASAMA Nozomi (JPN),LAKHOVA Tatiana (RUS)
Polish Open Warsaw 2004,2004-10-14,CICHOCKA Magdalena,HASAMA Nozomi,3,0,"12,11,11|10,6,9",3,GRAND_SLAM,U21WS,1705,Qualification,CICHOCKA Magdalena (POL),HASAMA Nozomi (JPN)
Polish Open Warsaw 2004,2004-10-14,SZYMANSKA Antonina,PHAI PANG Laurie,3,0,"11,12,11|8,10,7",,GRAND_SLAM,U21WS,1705,Qualification,SZYMANSKA Antonina (POL),PHAI PANG Laurie (FRA)
Polish Open Warsaw 2004,2004-10-14,PROKHOROVA Yulia,SZYMANSKA Antonina,3,1,"10,11,11,11|12,6,9,8",QR2,GRAND_SLAM,U21WS,1705,Qualification,PROKHOROVA Yulia (RUS),SZYMANSKA Antonina (POL)
Polish Open Warsaw 2004,2004-10-14,PROKHOROVA Yulia,PHAI PANG Laurie,3,2,"11,11,5,7,12|7,7,11,11,10",3,GRAND_SLAM,U21WS,1705,Qualification,PROKHOROVA Yulia (RUS),PHAI PANG Laurie (FRA)
Polish Open Warsaw 2004,2004-10-14,POTA Georgina,GOLOTA Marta,4,1,"11,11,9,11,11|9,6,11,4,3",R16,GRAND_SLAM,U21WS,1705,Main Draw,POTA Georgina (HUN),GOLOTA Marta (POL)
Polish Open Warsaw 2004,2004-10-14,PIETKIEWICZ Monika,SMISTIKOVA Martina,4,0,"11,14,12,11|9,12,10,9",R16,GRAND_SLAM,U21WS,1705,Main Draw,PIETKIEWICZ Monika (POL),SMISTIKOVA Martina (CZE)
Polish Open Warsaw 2004,2004-10-14,VACENOVSKA Iveta,ISHIGAKI Yuka,4,1,"11,11,6,11,11|4,5,11,8,8",R16,GRAND_SLAM,U21WS,1705,Main Draw,VACENOVSKA Iveta (CZE),ISHIGAKI Yuka (JPN)
Polish Open Warsaw 2004,2004-10-14,ROBERTSON Laura,LOSOSOVSKAYA Olga,4,0,"11,11,11,16|5,4,3,14",R16,GRAND_SLAM,U21WS,1705,Main Draw,ROBERTSON Laura (GER),LOSOSOVSKAYA Olga (RUS)
Polish Open Warsaw 2004,2004-10-14,LANG Kristin,ONO Shiho,4,1,"10,11,11,11,11|12,8,4,6,5",R16,GRAND_SLAM,U21WS,1705,Main Draw,LANG Kristin (GER),ONO Shiho (JPN)
Polish Open Warsaw 2004,2004-10-14,PERGEL Szandra,BOLSHAKOVA Natalia,4,1,"6,11,11,11,11|11,8,7,8,9",R16,GRAND_SLAM,U21WS,1705,Main Draw,PERGEL Szandra (HUN),BOLSHAKOVA Natalia (RUS)
Polish Open Warsaw 2004,2004-10-14,BILENKO Tetyana,LI Bin,4,0,"11,11,11,11|5,7,2,5",R16,GRAND_SLAM,U21WS,1705,Main Draw,BILENKO Tetyana (UKR),LI Bin (HUN)
Polish Open Warsaw 2004,2004-10-14,LI Qiangbing,ROHR Gaby,4,3,"8,11,10,11,11,5,18|11,3,12,3,8,11,16",R16,GRAND_SLAM,U21WS,1705,Main Draw,LI Qiangbing (AUT),ROHR Gaby (GER)
Polish Open Warsaw 2004,2004-10-14,POTA Georgina,PIETKIEWICZ Monika,4,1,"13,9,11,11,14|11,11,6,3,12",QF,GRAND_SLAM,U21WS,1705,Main Draw,POTA Georgina (HUN),PIETKIEWICZ Monika (POL)
Polish Open Warsaw 2004,2004-10-14,VACENOVSKA Iveta,ROBERTSON Laura,4,2,"6,11,11,11,10,11|11,5,9,4,12,6",QF,GRAND_SLAM,U21WS,1705,Main Draw,VACENOVSKA Iveta (CZE),ROBERTSON Laura (GER)
Polish Open Warsaw 2004,2004-10-14,LANG Kristin,PERGEL Szandra,4,2,"11,11,6,11,5,11|8,9,11,7,11,3",QF,GRAND_SLAM,U21WS,1705,Main Draw,LANG Kristin (GER),PERGEL Szandra (HUN)
Polish Open Warsaw 2004,2004-10-14,LI Qiangbing,BILENKO Tetyana,4,0,"11,11,11,11|7,7,6,7",QF,GRAND_SLAM,U21WS,1705,Main Draw,LI Qiangbing (AUT),BILENKO Tetyana (UKR)
Polish Open Warsaw 2004,2004-10-14,POTA Georgina,VACENOVSKA Iveta,4,1,"11,11,11,15,11|7,7,6,17,9",SF,GRAND_SLAM,U21WS,1705,Main Draw,POTA Georgina (HUN),VACENOVSKA Iveta (CZE)
Polish Open Warsaw 2004,2004-10-14,LI Qiangbing,LANG Kristin,4,3,"8,14,11,12,8,8,11|11,12,4,10,11,11,5",SF,GRAND_SLAM,U21WS,1705,Main Draw,LI Qiangbing (AUT),LANG Kristin (GER)
Polish Open Warsaw 2004,2004-10-14,POTA Georgina,LI Qiangbing,4,1,"11,11,11,11,11|7,13,8,7,5",F,GRAND_SLAM,U21WS,1705,Main Draw,POTA Georgina (HUN),LI Qiangbing (AUT)
Polish Open Warsaw 2004,2004-10-14,LOSOSOVSKAYA Olga,CICHOCKA Magdalena,3,0,"11,11,11|7,4,6",QR8,GRAND_SLAM,U21WS,1705,Qualification,LOSOSOVSKAYA Olga (RUS),CICHOCKA Magdalena (POL)
Polish Open Warsaw 2004,2004-10-14,LI Bin,PROKHOROVA Yulia,3,1,"11,8,11,11|2,11,5,5",QR8,GRAND_SLAM,U21WS,1705,Qualification,LI Bin (HUN),PROKHOROVA Yulia (RUS)
Polish Open Warsaw 2004,2004-10-14,ISHIGAKI Yuka,BAK Natalia,3,0,"11,11,11|9,4,9",QR8,GRAND_SLAM,U21WS,1705,Qualification,ISHIGAKI Yuka (JPN),BAK Natalia (POL)
Polish Open Warsaw 2004,2004-10-14,PIETKIEWICZ Monika,CECHOVA Dana,3,2,"11,6,8,11,22|4,11,11,9,20",QR8,GRAND_SLAM,U21WS,1705,Qualification,PIETKIEWICZ Monika (POL),CECHOVA Dana (CZE)
Polish Open Warsaw 2004,2004-10-14,AXELQVIST Johan/SVENSSON Robert,HABESOHN Daniel/PICHLER Michael,3,1,"11,9,11,11|7,11,8,7",QR64,GRAND_SLAM,MD,1705,Qualification,AXELQVIST Johan (SWE) / SVENSSON Robert (SWE),HABESOHN Daniel (AUT) / PICHLER Michael (AUT)
Polish Open Warsaw 2004,2004-10-14,DIDUKH Oleksandr/ILLAS Erik,HABESOHN Mathias/SIMONER Christoph,3,2,"11,3,11,11,11|7,11,8,13,7",QR64,GRAND_SLAM,MD,1705,Qualification,DIDUKH Oleksandr (UKR) / ILLAS Erik (SVK),HABESOHN Mathias (AUT) / SIMONER Christoph (AUT)
Polish Open Warsaw 2004,2004-10-14,GARDOS Krisztian/GARDOS Robert,TASAKI Toshio/YUZAWA Ryo,4,0,"11,11,11,11|5,9,8,5",R16,GRAND_SLAM,MD,1705,Main Draw,GARDOS Krisztian (AUT) / GARDOS Robert (AUT),TASAKI Toshio (JPN) / YUZAWA Ryo (JPN)
Polish Open Warsaw 2004,2004-10-14,GARDOS Krisztian/GARDOS Robert,KARLSSON Peter/LUNDQVIST Jens,4,2,"11,8,11,10,15,11|6,11,5,12,13,7",QF,GRAND_SLAM,MD,1705,Main Draw,GARDOS Krisztian (AUT) / GARDOS Robert (AUT),KARLSSON Peter (SWE) / LUNDQVIST Jens (SWE)
Polish Open Warsaw 2004,2004-10-14,LINDNER Adam/VARGA Zoltan,BALTRUSHKA Dzmitry/CHUMAKOU Dmitry,3,1,"6,11,11,11|11,6,7,8",QR64,GRAND_SLAM,MD,1705,Qualification,LINDNER Adam (HUN) / VARGA Zoltan (HUN),BALTRUSHKA Dzmitry (BLR) / CHUMAKOU Dmitry (BLR)
Polish Open Warsaw 2004,2004-10-14,JUZBASIC Ivan/SURBEK Dragutin,ACHANTA Sharath/MEHTA Pathik,3,1,"11,8,11,11|3,11,5,8",QR64,GRAND_SLAM,MD,1705,Qualification,JUZBASIC Ivan (CRO) / SURBEK Dragutin (CRO),ACHANTA Sharath (IND) / MEHTA Pathik (IND)
Polish Open Warsaw 2004,2004-10-14,KRIVIC Jakov/REDJEP Ronald,ARAKI Takeshi/WAKINOTANI Katsutoshi,3,1,"11,11,8,11|6,7,11,5",QR64,GRAND_SLAM,MD,1705,Qualification,KRIVIC Jakov (CRO) / REDJEP Ronald (CRO),ARAKI Takeshi (JPN) / WAKINOTANI Katsutoshi (JPN)
Polish Open Warsaw 2004,2004-10-14,PRIMORAC Zoran/TOSIC Roko,CABESTANY Cedrik/RUBTSOV Igor,3,1,"11,11,11,11|9,13,6,7",QR64,GRAND_SLAM,MD,1705,Qualification,PRIMORAC Zoran (CRO) / TOSIC Roko (CRO),CABESTANY Cedrik (FRA) / RUBTSOV Igor (RUS)
Polish Open Warsaw 2004,2004-10-14,KUZMIN Fedor/LIVENTSOV Alexey,JUZBASIC Ivan/SURBEK Dragutin,3,0,"11,11,11|6,8,5",QR32,GRAND_SLAM,MD,1705,Qualification,KUZMIN Fedor (RUS) / LIVENTSOV Alexey (RUS),JUZBASIC Ivan (CRO) / SURBEK Dragutin (CRO)
Polish Open Warsaw 2004,2004-10-14,KRIVIC Jakov/REDJEP Ronald,KLASEK Marek/PAVELKA Tomas,3,1,"11,11,9,13|9,9,11,11",QR32,GRAND_SLAM,MD,1705,Qualification,KRIVIC Jakov (CRO) / REDJEP Ronald (CRO),KLASEK Marek (CZE) / PAVELKA Tomas (CZE)
Polish Open Warsaw 2004,2004-10-14,KOSOWSKI Jakub/WANG Zengyi,PRIMORAC Zoran/TOSIC Roko,3,2,"5,11,3,11,11|11,9,11,7,4",QR32,GRAND_SLAM,MD,1705,Qualification,KOSOWSKI Jakub (POL) / WANG Zengyi (POL),PRIMORAC Zoran (CRO) / TOSIC Roko (CRO)
Polish Open Warsaw 2004,2004-10-14,KAUCKY Petr/VOZICKY Bohumil,KOLAREK Tomislav/ZUBCIC Tomislav,3,0,"11,11,11|8,9,8",QR64,GRAND_SLAM,MD,1705,Qualification,KAUCKY Petr (CZE) / VOZICKY Bohumil (CZE),KOLAREK Tomislav (CRO) / ZUBCIC Tomislav (CRO)
Polish Open Warsaw 2004,2004-10-14,KARLSSON Peter/LUNDQVIST Jens,KAUCKY Petr/VOZICKY Bohumil,3,0,"11,13,11|7,11,6",QR32,GRAND_SLAM,MD,1705,Qualification,KARLSSON Peter (SWE) / LUNDQVIST Jens (SWE),KAUCKY Petr (CZE) / VOZICKY Bohumil (CZE)
Polish Open Warsaw 2004,2004-10-14,BENTSEN Allan/MONRAD Martin,DANIEL Artur/LEWANDOWSKI Tomasz,3,1,"11,8,11,11|4,11,7,4",QR64,GRAND_SLAM,MD,1705,Qualification,BENTSEN Allan (DEN) / MONRAD Martin (DEN),DANIEL Artur (POL) / LEWANDOWSKI Tomasz (POL)
Polish Open Warsaw 2004,2004-10-14,DESPRES Rodolphe/LEGOUT Christophe,BENTSEN Allan/MONRAD Martin,3,1,"6,11,11,11|11,8,6,6",QR32,GRAND_SLAM,MD,1705,Qualification,DESPRES Rodolphe (FRA) / LEGOUT Christophe (FRA),BENTSEN Allan (DEN) / MONRAD Martin (DEN)
Polish Open Warsaw 2004,2004-10-14,CHILA Patrick/ELOI Damien,CLOSSET Marc/MONTEIRO Thiago,3,0,"11,11,11|9,5,2",QR64,GRAND_SLAM,MD,1705,Qualification,CHILA Patrick (FRA) / ELOI Damien (FRA),CLOSSET Marc (BEL) / MONTEIRO Thiago (BRA)
Polish Open Warsaw 2004,2004-10-14,JOVER Sebastien/MARTINEZ Michel,CIHAK Marek/OLEJNIK Martin,3,0,"12,11,11|10,8,8",QR64,GRAND_SLAM,MD,1705,Qualification,JOVER Sebastien (FRA) / MARTINEZ Michel (FRA),CIHAK Marek (CZE) / OLEJNIK Martin (CZE)
Polish Open Warsaw 2004,2004-10-14,CHILA Patrick/ELOI Damien,KLEPRLIK Jakub/KLEPRLIK Michal,3,0,"11,11,11|4,9,6",QR32,GRAND_SLAM,MD,1705,Qualification,CHILA Patrick (FRA) / ELOI Damien (FRA),KLEPRLIK Jakub (CZE) / KLEPRLIK Michal (CZE)
Polish Open Warsaw 2004,2004-10-14,DESPRES Rodolphe/LEGOUT Christophe,KRIVIC Jakov/REDJEP Ronald,3,1,"9,11,11,11|11,6,4,5",QR16,GRAND_SLAM,MD,1705,Qualification,DESPRES Rodolphe (FRA) / LEGOUT Christophe (FRA),KRIVIC Jakov (CRO) / REDJEP Ronald (CRO)
Polish Open Warsaw 2004,2004-10-14,CHILA Patrick/ELOI Damien,KUSINSKI Marcin/REDZIMSKI Tomasz,3,1,"8,11,11,14|11,3,3,12",QR16,GRAND_SLAM,MD,1705,Qualification,CHILA Patrick (FRA) / ELOI Damien (FRA),KUSINSKI Marcin (POL) / REDZIMSKI Tomasz (POL)
Polish Open Warsaw 2004,2004-10-14,JEVTOVIC Marko/PETO Zsolt,JOVER Sebastien/MARTINEZ Michel,3,0,"11,11,11|7,9,9",QR16,GRAND_SLAM,MD,1705,Qualification,JEVTOVIC Marko (SRB) / PETO Zsolt (SRB),JOVER Sebastien (FRA) / MARTINEZ Michel (FRA)
Polish Open Warsaw 2004,2004-10-14,HIELSCHER Lars/ROSSKOPF Jorg,DESPRES Rodolphe/LEGOUT Christophe,4,0,"11,11,11,11|8,8,7,9",R16,GRAND_SLAM,MD,1705,Main Draw,HIELSCHER Lars (GER) / ROSSKOPF Jorg (GER),DESPRES Rodolphe (FRA) / LEGOUT Christophe (FRA)
Polish Open Warsaw 2004,2004-10-14,BOLL Timo/SUSS Christian,CHILA Patrick/ELOI Damien,4,1,"11,5,11,11,11|5,11,4,7,6",QF,GRAND_SLAM,MD,1705,Main Draw,BOLL Timo (GER) / SUSS Christian (GER),CHILA Patrick (FRA) / ELOI Damien (FRA)
Polish Open Warsaw 2004,2004-10-14,BOLL Timo/SUSS Christian,GARDOS Krisztian/GARDOS Robert,4,2,"6,4,12,11,11,11|11,11,10,9,5,4",SF,GRAND_SLAM,MD,1705,Main Draw,BOLL Timo (GER) / SUSS Christian (GER),GARDOS Krisztian (AUT) / GARDOS Robert (AUT)
Polish Open Warsaw 2004,2004-10-14,BOLL Timo/SUSS Christian,CHEN Weixing/GIONIS Panagiotis,4,3,"12,5,8,11,9,11,11|10,11,11,5,11,9,8",F,GRAND_SLAM,MD,1705,Main Draw,BOLL Timo (GER) / SUSS Christian (GER),CHEN Weixing (AUT) / GIONIS Panagiotis (GRE)
Polish Open Warsaw 2004,2004-10-14,BERTIN Christophe/BOBILLIER Loic,MENDES Enio/PAPAGEORGIOU Konstantinos,3,0,"11,11,11|6,4,7",QR64,GRAND_SLAM,MD,1705,Qualification,BERTIN Christophe (FRA) / BOBILLIER Loic (FRA),MENDES Enio (POR) / PAPAGEORGIOU Konstantinos (GRE)
Polish Open Warsaw 2004,2004-10-14,CHEN Weixing/GIONIS Panagiotis,FEJER-KONNERTH Zoltan/WOSIK Torben,4,2,"13,11,6,10,11,11|11,8,11,12,8,7",R16,GRAND_SLAM,MD,1705,Main Draw,CHEN Weixing (AUT) / GIONIS Panagiotis (GRE),FEJER-KONNERTH Zoltan (GER) / WOSIK Torben (GER)
Polish Open Warsaw 2004,2004-10-14,CHEN Weixing/GIONIS Panagiotis,GRUJIC Slobodan/KARAKASEVIC Aleksandar,4,3,"8,11,12,11,6,6,11|11,5,10,8,11,11,4",QF,GRAND_SLAM,MD,1705,Main Draw,CHEN Weixing (AUT) / GIONIS Panagiotis (GRE),GRUJIC Slobodan (SRB) / KARAKASEVIC Aleksandar (SRB)
Polish Open Warsaw 2004,2004-10-14,FENG Zhe/LEUNG Chu Yan,FILENKO Oleg/GUDILKIN Igor,3,0,"11,11,11|7,5,7",QR64,GRAND_SLAM,MD,1705,Qualification,FENG Zhe (BUL) / LEUNG Chu Yan (HKG),FILENKO Oleg (UKR) / GUDILKIN Igor (UKR)
Polish Open Warsaw 2004,2004-10-14,FENG Zhe/LEUNG Chu Yan,MIZUTANI Jun/YOSHIDA Kaii,3,1,"12,5,11,11|10,11,5,9",QR16,GRAND_SLAM,MD,1705,Qualification,FENG Zhe (BUL) / LEUNG Chu Yan (HKG),MIZUTANI Jun (JPN) / YOSHIDA Kaii (JPN)
Polish Open Warsaw 2004,2004-10-14,GRUJIC Slobodan/KARAKASEVIC Aleksandar,FENG Zhe/LEUNG Chu Yan,4,3,"11,9,11,9,11,10,11|4,11,3,11,5,12,8",R16,GRAND_SLAM,MD,1705,Main Draw,GRUJIC Slobodan (SRB) / KARAKASEVIC Aleksandar (SRB),FENG Zhe (BUL) / LEUNG Chu Yan (HKG)
Polish Open Warsaw 2004,2004-10-14,DEMETER Lehel/ZWICKL Daniel,KONECNY Tomas/SIMONCIK Josef,3,0,"11,11,11|8,7,8",QR64,GRAND_SLAM,MD,1705,Qualification,DEMETER Lehel (HUN) / ZWICKL Daniel (HUN),KONECNY Tomas (CZE) / SIMONCIK Josef (CZE)
Polish Open Warsaw 2004,2004-10-14,BAUM Patrick/STEGER Bastian,MUSKO Peter/VITSEK Ivan,3,2,"9,11,5,11,11|11,4,11,9,8",QR64,GRAND_SLAM,MD,1705,Qualification,BAUM Patrick (GER) / STEGER Bastian (GER),MUSKO Peter (HUN) / VITSEK Ivan (HUN)
Polish Open Warsaw 2004,2004-10-14,BERTIN Christophe/BOBILLIER Loic,DEMETER Lehel/ZWICKL Daniel,3,2,"12,4,11,4,11|10,11,7,11,4",QR32,GRAND_SLAM,MD,1705,Qualification,BERTIN Christophe (FRA) / BOBILLIER Loic (FRA),DEMETER Lehel (HUN) / ZWICKL Daniel (HUN)
Polish Open Warsaw 2004,2004-10-14,FEJER-KONNERTH Zoltan/WOSIK Torben,LINDNER Adam/VARGA Zoltan,3,2,"12,11,7,11,11|10,5,11,13,4",QR32,GRAND_SLAM,MD,1705,Qualification,FEJER-KONNERTH Zoltan (GER) / WOSIK Torben (GER),LINDNER Adam (HUN) / VARGA Zoltan (HUN)
Polish Open Warsaw 2004,2004-10-14,TASAKI Toshio/YUZAWA Ryo,JAKAB Janos/MOLNAR Krisztian,3,0,"11,11,11|9,9,9",QR32,GRAND_SLAM,MD,1705,Qualification,TASAKI Toshio (JPN) / YUZAWA Ryo (JPN),JAKAB Janos (HUN) / MOLNAR Krisztian (HUN)
Polish Open Warsaw 2004,2004-10-14,LENGEROV Kostadin/MURAMORI Minoru,ROY Soumyadeep/SAHA Subhajit,3,0,"11,12,11|9,10,4",QR64,GRAND_SLAM,MD,1705,Qualification,LENGEROV Kostadin (AUT) / MURAMORI Minoru (JPN),ROY Soumyadeep (IND) / SAHA Subhajit (IND)
Polish Open Warsaw 2004,2004-10-14,KARLSSON Peter/LUNDQVIST Jens,KAWAHARA Yuji/TAKEYA Koichi,3,1,"11,5,11,11|9,11,6,6",QR64,GRAND_SLAM,MD,1705,Qualification,KARLSSON Peter (SWE) / LUNDQVIST Jens (SWE),KAWAHARA Yuji (JPN) / TAKEYA Koichi (JPN)
Polish Open Warsaw 2004,2004-10-14,KLASEK Marek/PAVELKA Tomas,BAST Mike/SIMON Fabien,3,2,"11,7,11,6,11|7,11,6,11,3",QR64,GRAND_SLAM,MD,1705,Qualification,KLASEK Marek (CZE) / PAVELKA Tomas (CZE),BAST Mike (LUX) / SIMON Fabien (LUX)
Polish Open Warsaw 2004,2004-10-14,SHEVCHENKO Semen/VLASOV Grigory,CHMIEL Pawel/PEREK Jakub,3,2,"11,4,3,15,11|9,11,11,13,9",QR128,GRAND_SLAM,MD,1705,Qualification,SHEVCHENKO Semen (RUS) / VLASOV Grigory (RUS),CHMIEL Pawel (POL) / PEREK Jakub (POL)
Polish Open Warsaw 2004,2004-10-14,KUZMIN Fedor/LIVENTSOV Alexey,KIELB Dariusz/MLYNARSKI Filip,3,0,"17,11,11|15,5,5",QR64,GRAND_SLAM,MD,1705,Qualification,KUZMIN Fedor (RUS) / LIVENTSOV Alexey (RUS),KIELB Dariusz (POL) / MLYNARSKI Filip (POL)
Polish Open Warsaw 2004,2004-10-14,CIOTI Constantin/CRISAN Adrian,KOSZYK Boguslaw/MALICKI Szymon,3,1,"11,11,7,11|8,3,11,4",QR64,GRAND_SLAM,MD,1705,Qualification,CIOTI Constantin (ROU) / CRISAN Adrian (ROU),KOSZYK Boguslaw (POL) / MALICKI Szymon (POL)
Polish Open Warsaw 2004,2004-10-14,KUSINSKI Marcin/REDZIMSKI Tomasz,PLATONOV Pavel/URBANEK Jan,3,1,"6,11,11,11|11,7,8,9",QR64,GRAND_SLAM,MD,1705,Qualification,KUSINSKI Marcin (POL) / REDZIMSKI Tomasz (POL),PLATONOV Pavel (BLR) / URBANEK Jan (CZE)
Polish Open Warsaw 2004,2004-10-14,KOSOWSKI Jakub/WANG Zengyi,MAIER Christoph/PRESSLMAYER Bernhard,3,2,"2,13,11,9,13|11,11,9,11,11",QR64,GRAND_SLAM,MD,1705,Qualification,KOSOWSKI Jakub (POL) / WANG Zengyi (POL),MAIER Christoph (AUT) / PRESSLMAYER Bernhard (AUT)
Polish Open Warsaw 2004,2004-10-14,GORAK Daniel/SUCH Bartosz,BUROV Viacheslav/PETRUKHIN Evgeny,3,1,"11,10,11,13|8,12,8,11",QR64,GRAND_SLAM,MD,1705,Qualification,GORAK Daniel (POL) / SUCH Bartosz (POL),BUROV Viacheslav (RUS) / PETRUKHIN Evgeny (RUS)
Polish Open Warsaw 2004,2004-10-14,KUSINSKI Marcin/REDZIMSKI Tomasz,BAUM Patrick/STEGER Bastian,3,0,"11,16,11|6,14,9",QR32,GRAND_SLAM,MD,1705,Qualification,KUSINSKI Marcin (POL) / REDZIMSKI Tomasz (POL),BAUM Patrick (GER) / STEGER Bastian (GER)
Polish Open Warsaw 2004,2004-10-14,JEVTOVIC Marko/PETO Zsolt,GORAK Daniel/SUCH Bartosz,3,0,"11,11,11|3,3,6",QR32,GRAND_SLAM,MD,1705,Qualification,JEVTOVIC Marko (SRB) / PETO Zsolt (SRB),GORAK Daniel (POL) / SUCH Bartosz (POL)
Polish Open Warsaw 2004,2004-10-14,TASAKI Toshio/YUZAWA Ryo,KOSOWSKI Jakub/WANG Zengyi,3,2,"5,11,3,11,11|11,3,11,6,9",QR16,GRAND_SLAM,MD,1705,Qualification,TASAKI Toshio (JPN) / YUZAWA Ryo (JPN),KOSOWSKI Jakub (POL) / WANG Zengyi (POL)
Polish Open Warsaw 2004,2004-10-14,FEJER-KONNERTH Zoltan/WOSIK Torben,CIOTI Constantin/CRISAN Adrian,3,0,"11,11,13|5,7,11",QR16,GRAND_SLAM,MD,1705,Qualification,FEJER-KONNERTH Zoltan (GER) / WOSIK Torben (GER),CIOTI Constantin (ROU) / CRISAN Adrian (ROU)
Polish Open Warsaw 2004,2004-10-14,SHEVCHENKO Semen/VLASOV Grigory,DAVID Petr/ZLAMAL Jaromir,3,0,"11,11,13|9,7,11",QR64,GRAND_SLAM,MD,1705,Qualification,SHEVCHENKO Semen (RUS) / VLASOV Grigory (RUS),DAVID Petr (CZE) / ZLAMAL Jaromir (CZE)
Polish Open Warsaw 2004,2004-10-14,KUZMIN Fedor/LIVENTSOV Alexey,BERTIN Christophe/BOBILLIER Loic,3,2,"9,5,11,11,11|11,11,2,8,4",QR16,GRAND_SLAM,MD,1705,Qualification,KUZMIN Fedor (RUS) / LIVENTSOV Alexey (RUS),BERTIN Christophe (FRA) / BOBILLIER Loic (FRA)
Polish Open Warsaw 2004,2004-10-14,BOLL Timo/SUSS Christian,KUZMIN Fedor/LIVENTSOV Alexey,4,2,"11,11,14,4,3,11|4,7,12,11,11,9",R16,GRAND_SLAM,MD,1705,Main Draw,BOLL Timo (GER) / SUSS Christian (GER),KUZMIN Fedor (RUS) / LIVENTSOV Alexey (RUS)
Polish Open Warsaw 2004,2004-10-14,MAZUNOV Dmitry/SMIRNOV Alexey,JEVTOVIC Marko/PETO Zsolt,4,2,"10,11,8,11,11,11|12,7,11,3,9,7",R16,GRAND_SLAM,MD,1705,Main Draw,MAZUNOV Dmitry (RUS) / SMIRNOV Alexey (RUS),JEVTOVIC Marko (SRB) / PETO Zsolt (SRB)
Polish Open Warsaw 2004,2004-10-14,MAZUNOV Dmitry/SMIRNOV Alexey,HIELSCHER Lars/ROSSKOPF Jorg,4,2,"9,11,12,7,11,11|11,3,10,11,8,4",QF,GRAND_SLAM,MD,1705,Main Draw,MAZUNOV Dmitry (RUS) / SMIRNOV Alexey (RUS),HIELSCHER Lars (GER) / ROSSKOPF Jorg (GER)
Polish Open Warsaw 2004,2004-10-14,CHEN Weixing/GIONIS Panagiotis,MAZUNOV Dmitry/SMIRNOV Alexey,4,3,"9,12,11,11,6,9,11|11,10,9,9,11,11,9",SF,GRAND_SLAM,MD,1705,Main Draw,CHEN Weixing (AUT) / GIONIS Panagiotis (GRE),MAZUNOV Dmitry (RUS) / SMIRNOV Alexey (RUS)
Polish Open Warsaw 2004,2004-10-14,JEVTOVIC Marko/PETO Zsolt,FAZEKAS Peter/PAZSY Ferenc,3,2,"4,11,11,5,11|11,9,9,11,2",QR64,GRAND_SLAM,MD,1705,Qualification,JEVTOVIC Marko (SRB) / PETO Zsolt (SRB),FAZEKAS Peter (HUN) / PAZSY Ferenc (HUN)
Polish Open Warsaw 2004,2004-10-14,FETH Stefan/KEINATH Thomas,KOTOV Yevgen/ZAKLADNYI Gennadii,3,0,"11,11,11|3,8,4",QR64,GRAND_SLAM,MD,1705,Qualification,FETH Stefan (GER) / KEINATH Thomas (SVK),KOTOV Yevgen (UKR) / ZAKLADNYI Gennadii (UKR)
Polish Open Warsaw 2004,2004-10-14,PISTEJ Lubomir/SEREDA Peter,GRZESLAK Zbigniew/SZOTEK Karol,3,0,"11,11,11|4,6,5",QR64,GRAND_SLAM,MD,1705,Qualification,PISTEJ Lubomir (SVK) / SEREDA Peter (SVK),GRZESLAK Zbigniew (POL) / SZOTEK Karol (POL)
Polish Open Warsaw 2004,2004-10-14,CIOTI Constantin/CRISAN Adrian,DIDUKH Oleksandr/ILLAS Erik,3,1,"11,11,7,11|8,9,11,3",QR32,GRAND_SLAM,MD,1705,Qualification,CIOTI Constantin (ROU) / CRISAN Adrian (ROU),DIDUKH Oleksandr (UKR) / ILLAS Erik (SVK)
Polish Open Warsaw 2004,2004-10-14,JOVER Sebastien/MARTINEZ Michel,FETH Stefan/KEINATH Thomas,3,2,"11,12,9,8,11|7,10,11,11,9",QR32,GRAND_SLAM,MD,1705,Qualification,JOVER Sebastien (FRA) / MARTINEZ Michel (FRA),FETH Stefan (GER) / KEINATH Thomas (SVK)
Polish Open Warsaw 2004,2004-10-14,PISTEJ Lubomir/SEREDA Peter,LENGEROV Kostadin/MURAMORI Minoru,3,1,"11,11,6,12|6,7,11,10",QR32,GRAND_SLAM,MD,1705,Qualification,PISTEJ Lubomir (SVK) / SEREDA Peter (SVK),LENGEROV Kostadin (AUT) / MURAMORI Minoru (JPN)
Polish Open Warsaw 2004,2004-10-14,KARLSSON Peter/LUNDQVIST Jens,PISTEJ Lubomir/SEREDA Peter,3,2,"11,8,11,14,11|5,11,7,16,3",QR16,GRAND_SLAM,MD,1705,Qualification,KARLSSON Peter (SWE) / LUNDQVIST Jens (SWE),PISTEJ Lubomir (SVK) / SEREDA Peter (SVK)
Polish Open Warsaw 2004,2004-10-14,MIZUTANI Jun/YOSHIDA Kaii,AXELQVIST Johan/SVENSSON Robert,3,1,"11,11,5,11|8,5,11,5",QR32,GRAND_SLAM,MD,1705,Qualification,MIZUTANI Jun (JPN) / YOSHIDA Kaii (JPN),AXELQVIST Johan (SWE) / SVENSSON Robert (SWE)
Polish Open Warsaw 2004,2004-10-14,KARLSSON Peter/LUNDQVIST Jens,KISHIKAWA Seiya/SAKAMOTO Ryusuke,4,2,"11,11,8,7,11,11|8,6,11,11,8,9",R16,GRAND_SLAM,MD,1705,Main Draw,KARLSSON Peter (SWE) / LUNDQVIST Jens (SWE),KISHIKAWA Seiya (JPN) / SAKAMOTO Ryusuke (JPN)
Polish Open Warsaw 2004,2004-10-14,DESPRES Rodolphe/LEGOUT Christophe,PRYSHCHEPA Ievgen/ZHMUDENKO Yaroslav,3,0,"11,11,13|9,3,11",QR64,GRAND_SLAM,MD,1705,Qualification,DESPRES Rodolphe (FRA) / LEGOUT Christophe (FRA),PRYSHCHEPA Ievgen (UKR) / ZHMUDENKO Yaroslav (UKR)
Polish Open Warsaw 2004,2004-10-14,KLEPRLIK Jakub/KLEPRLIK Michal,LIEVSHYN Vitaliy/VAKHTA Dmitry,3,1,"11,14,7,11|9,12,11,9",QR64,GRAND_SLAM,MD,1705,Qualification,KLEPRLIK Jakub (CZE) / KLEPRLIK Michal (CZE),LIEVSHYN Vitaliy (UKR) / VAKHTA Dmitry (UKR)
Polish Open Warsaw 2004,2004-10-14,FEJER-KONNERTH Zoltan/WOSIK Torben,KONGSGAARD Christian/ROBERTSON Adam,3,2,"11,11,7,6,11|2,7,11,11,9",QR64,GRAND_SLAM,MD,1705,Qualification,FEJER-KONNERTH Zoltan (GER) / WOSIK Torben (GER),KONGSGAARD Christian (DEN) / ROBERTSON Adam (WAL)
Polish Open Warsaw 2004,2004-10-14,CECHOVA Dana/PENKAVOVA Katerina,LI Qiangbing/PETZNER Martina,3,2,"11,3,11,11,19|13,11,7,6,17",QR32,GRAND_SLAM,WD,1705,Qualification,CECHOVA Dana (CZE) / PENKAVOVA Katerina (CZE),LI Qiangbing (AUT) / PETZNER Martina (AUT)
Polish Open Warsaw 2004,2004-10-14,BADESCU Otilia/PASKAUSKIENE Ruta,PAVLOVICH Veronika/PAVLOVICH Viktoria,4,2,"6,4,11,11,11,12|11,11,7,8,8,10",R16,GRAND_SLAM,WD,1705,Main Draw,BADESCU Otilia (ROU) / PASKAUSKIENE Ruta (LTU),PAVLOVICH Veronika (BLR) / PAVLOVICH Viktoria (BLR)
Polish Open Warsaw 2004,2004-10-14,KONISHI An/LI Jiao,BOROS Tamara/MOLNAR Cornelia,4,2,"11,12,17,11,4,11|8,10,19,8,11,6",F,GRAND_SLAM,WD,1705,Main Draw,KONISHI An (JPN) / LI Jiao (NED),BOROS Tamara (CRO) / MOLNAR Cornelia (CRO)
Polish Open Warsaw 2004,2004-10-14,BAKULA Andrea/PAOVIC Sandra,SMISTIKOVA Martina/VACENOVSKA Iveta,3,0,"11,11,11|8,5,6",QR32,GRAND_SLAM,WD,1705,Qualification,BAKULA Andrea (CRO) / PAOVIC Sandra (CRO),SMISTIKOVA Martina (CZE) / VACENOVSKA Iveta (CZE)
Polish Open Warsaw 2004,2004-10-14,BAKULA Andrea/PAOVIC Sandra,KOVTUN Elena/BILENKO Tetyana,3,1,"11,9,11,11|5,11,8,5",QR16,GRAND_SLAM,WD,1705,Qualification,BAKULA Andrea (CRO) / PAOVIC Sandra (CRO),KOVTUN Elena (UKR) / BILENKO Tetyana (UKR)
Polish Open Warsaw 2004,2004-10-14,IVANCAN Irene/SCHOPP Jie,CECHOVA Dana/PENKAVOVA Katerina,3,1,"11,9,11,11|7,11,7,8",QR16,GRAND_SLAM,WD,1705,Qualification,IVANCAN Irene (GER) / SCHOPP Jie (GER),CECHOVA Dana (CZE) / PENKAVOVA Katerina (CZE)
Polish Open Warsaw 2004,2004-10-14,CAHOREAU Nathalie/PHAI PANG Laurie,LUCZAKOWSKA Daria/SMYKOWSKA Anna,3,2,"7,4,11,13,11|11,11,7,11,8",QR32,GRAND_SLAM,WD,1705,Qualification,CAHOREAU Nathalie (FRA) / PHAI PANG Laurie (FRA),LUCZAKOWSKA Daria (POL) / SMYKOWSKA Anna (POL)
Polish Open Warsaw 2004,2004-10-14,GANINA Svetlana/PALINA Irina,IVANCAN Irene/SCHOPP Jie,4,3,"8,11,11,11,9,5,13|11,5,9,6,11,11,11",R16,GRAND_SLAM,WD,1705,Main Draw,GANINA Svetlana (RUS) / PALINA Irina (RUS),IVANCAN Irene (GER) / SCHOPP Jie (GER)
Polish Open Warsaw 2004,2004-10-14,KONISHI An/LI Jiao,KRAMER Tanja/SCHALL Elke,4,0,"11,11,11,11|9,7,6,8",SF,GRAND_SLAM,WD,1705,Main Draw,KONISHI An (JPN) / LI Jiao (NED),KRAMER Tanja (GER) / SCHALL Elke (GER)
Polish Open Warsaw 2004,2004-10-14,IVANCAN Irene/SCHOPP Jie,KISHIDA Satoko/SUEMASU Asami,3,1,"12,11,11,11|14,7,9,6",QR32,GRAND_SLAM,WD,1705,Qualification,IVANCAN Irene (GER) / SCHOPP Jie (GER),KISHIDA Satoko (JPN) / SUEMASU Asami (JPN)
Polish Open Warsaw 2004,2004-10-14,BOLLMEIER Nadine/GOBEL Jessica,PIETKIEWICZ Monika/STEFANSKA Kinga,3,2,"8,11,12,8,11|11,7,10,11,5",QR32,GRAND_SLAM,WD,1705,Qualification,BOLLMEIER Nadine (GER) / GOBEL Jessica (GER),PIETKIEWICZ Monika (POL) / STEFANSKA Kinga (POL)
Polish Open Warsaw 2004,2004-10-14,BOLLMEIER Nadine/GOBEL Jessica,KMOTORKOVA Lenka/ODOROVA Eva,3,1,"11,11,9,11|9,8,11,5",QR16,GRAND_SLAM,WD,1705,Qualification,BOLLMEIER Nadine (GER) / GOBEL Jessica (GER),KMOTORKOVA Lenka (SVK) / ODOROVA Eva (SVK)
Polish Open Warsaw 2004,2004-10-14,LAU Sui Fei/SONG Ah Sim,BOLLMEIER Nadine/GOBEL Jessica,4,1,"11,13,11,12,11|9,15,5,10,8",R16,GRAND_SLAM,WD,1705,Main Draw,LAU Sui Fei (HKG) / SONG Ah Sim (HKG),BOLLMEIER Nadine (GER) / GOBEL Jessica (GER)
Polish Open Warsaw 2004,2004-10-14,LAU Sui Fei/SONG Ah Sim,FAZEKAS Maria/POTA Georgina,4,0,"11,11,11,11|9,7,6,4",QF,GRAND_SLAM,WD,1705,Main Draw,LAU Sui Fei (HKG) / SONG Ah Sim (HKG),FAZEKAS Maria (HUN) / POTA Georgina (HUN)
Polish Open Warsaw 2004,2004-10-14,BOROS Tamara/MOLNAR Cornelia,LAU Sui Fei/SONG Ah Sim,4,2,"11,11,11,7,6,11|7,9,7,11,11,6",SF,GRAND_SLAM,WD,1705,Main Draw,BOROS Tamara (CRO) / MOLNAR Cornelia (CRO),LAU Sui Fei (HKG) / SONG Ah Sim (HKG)
Polish Open Warsaw 2004,2004-10-14,KERTAI Rita/LOVAS Petra,KOLTSOVA Anastasia/YUNOSHEVA Ganna,3,0,"11,11,11|6,8,2",QR32,GRAND_SLAM,WD,1705,Qualification,KERTAI Rita (HUN) / LOVAS Petra (HUN),KOLTSOVA Anastasia (RUS) / YUNOSHEVA Ganna (UKR)
Polish Open Warsaw 2004,2004-10-14,KERTAI Rita/LOVAS Petra,COULIBALY Dieniouma/GOURIN Anne-Sophie,3,1,"7,11,14,11|11,4,12,7",QR16,GRAND_SLAM,WD,1705,Qualification,KERTAI Rita (HUN) / LOVAS Petra (HUN),COULIBALY Dieniouma (FRA) / GOURIN Anne-Sophie (FRA)
Polish Open Warsaw 2004,2004-10-14,GOROWSKA Magdalena/PILKA Marta,PERGEL Szandra/SHABAN Zeina,3,0,"11,11,11|9,8,4",QR64,GRAND_SLAM,WD,1705,Qualification,GOROWSKA Magdalena (POL) / PILKA Marta (POL),PERGEL Szandra (HUN) / SHABAN Zeina (JOR)
Polish Open Warsaw 2004,2004-10-14,SHIOSAKI Yuka/TASEI Mikie,BAKULA Andrea/PAOVIC Sandra,4,3,"7,5,15,11,13,9,13|11,11,13,3,11,11,11",R16,GRAND_SLAM,WD,1705,Main Draw,SHIOSAKI Yuka (JPN) / TASEI Mikie (JPN),BAKULA Andrea (CRO) / PAOVIC Sandra (CRO)
Polish Open Warsaw 2004,2004-10-14,BOROS Tamara/MOLNAR Cornelia,SHIOSAKI Yuka/TASEI Mikie,4,2,"6,11,8,11,11,11|11,7,11,2,8,6",QF,GRAND_SLAM,WD,1705,Main Draw,BOROS Tamara (CRO) / MOLNAR Cornelia (CRO),SHIOSAKI Yuka (JPN) / TASEI Mikie (JPN)
Polish Open Warsaw 2004,2004-10-14,CICHOCKA Magdalena/XU Jie (1982),ETSUZAKI Ayumi/ISHIGAKI Yuka,3,2,"10,9,11,14,11|12,11,4,12,8",QR32,GRAND_SLAM,WD,1705,Qualification,CICHOCKA Magdalena (POL) / XU Jie (1982) (POL),ETSUZAKI Ayumi (JPN) / ISHIGAKI Yuka (JPN)
Polish Open Warsaw 2004,2004-10-14,GOROWSKA Magdalena/PILKA Marta,HASAMA Nozomi/ONO Shiho,3,2,"4,11,10,11,15|11,3,12,3,13",QR32,GRAND_SLAM,WD,1705,Qualification,GOROWSKA Magdalena (POL) / PILKA Marta (POL),HASAMA Nozomi (JPN) / ONO Shiho (JPN)
Polish Open Warsaw 2004,2004-10-14,KRAMER Tanja/SCHALL Elke,BADESCU Otilia/PASKAUSKIENE Ruta,4,3,"10,14,11,13,4,9,11|12,12,9,11,11,11,6",QF,GRAND_SLAM,WD,1705,Main Draw,KRAMER Tanja (GER) / SCHALL Elke (GER),BADESCU Otilia (ROU) / PASKAUSKIENE Ruta (LTU)
Polish Open Warsaw 2004,2004-10-14,KONISHI An/LI Jiao,KERTAI Rita/LOVAS Petra,4,0,"11,11,11,11|7,6,6,2",R16,GRAND_SLAM,WD,1705,Main Draw,KONISHI An (JPN) / LI Jiao (NED),KERTAI Rita (HUN) / LOVAS Petra (HUN)
Polish Open Warsaw 2004,2004-10-14,KONISHI An/LI Jiao,GANINA Svetlana/PALINA Irina,4,2,"9,11,11,11,11,12|11,3,6,13,9,10",QF,GRAND_SLAM,WD,1705,Main Draw,KONISHI An (JPN) / LI Jiao (NED),GANINA Svetlana (RUS) / PALINA Irina (RUS)
Polish Open Warsaw 2004,2004-10-14,KRAMER Tanja/SCHALL Elke,CICHOCKA Magdalena/XU Jie (1982),4,0,"11,11,11,11|6,4,5,9",R16,GRAND_SLAM,WD,1705,Main Draw,KRAMER Tanja (GER) / SCHALL Elke (GER),CICHOCKA Magdalena (POL) / XU Jie (1982) (POL)
Polish Open Warsaw 2004,2004-10-14,SMISTIKOVA Martina/VACENOVSKA Iveta,GUMULA Renata/SZYMANSKA Antonina,3,0,"11,11,11|7,9,6",QR64,GRAND_SLAM,WD,1705,Qualification,SMISTIKOVA Martina (CZE) / VACENOVSKA Iveta (CZE),GUMULA Renata (POL) / SZYMANSKA Antonina (POL)
Polish Open Warsaw 2004,2004-10-14,CECHOVA Dana/PENKAVOVA Katerina,GOLOTA Marta/PARTYKA Natalia,3,0,"12,11,12|10,9,10",QR64,GRAND_SLAM,WD,1705,Qualification,CECHOVA Dana (CZE) / PENKAVOVA Katerina (CZE),GOLOTA Marta (POL) / PARTYKA Natalia (POL)
Polish Open Warsaw 2004,2004-10-14,JANTA-LIPINSKA Anna/PASTOR Agata,LI Bin/MOLNAR Zita,3,2,"11,11,8,9,11|4,7,11,11,9",QR32,GRAND_SLAM,WD,1705,Qualification,JANTA-LIPINSKA Anna (POL) / PASTOR Agata (POL),LI Bin (HUN) / MOLNAR Zita (HUN)
Polish Open Warsaw 2004,2004-10-14,COULIBALY Dieniouma/GOURIN Anne-Sophie,BAK Natalia/SMETEK Marta,3,1,"11,9,11,11|4,11,4,5",QR32,GRAND_SLAM,WD,1705,Qualification,COULIBALY Dieniouma (FRA) / GOURIN Anne-Sophie (FRA),BAK Natalia (POL) / SMETEK Marta (POL)
Polish Open Warsaw 2004,2004-10-14,CICHOCKA Magdalena/XU Jie (1982),LANG Kristin/ROBERTSON Laura,3,1,"8,12,11,12|11,10,7,10",QR16,GRAND_SLAM,WD,1705,Qualification,CICHOCKA Magdalena (POL) / XU Jie (1982) (POL),LANG Kristin (GER) / ROBERTSON Laura (GER)
Polish Open Warsaw 2004,2004-10-14,BADESCU Otilia/PASKAUSKIENE Ruta,GOROWSKA Magdalena/PILKA Marta,3,1,"11,9,13,11|5,11,11,3",QR16,GRAND_SLAM,WD,1705,Qualification,BADESCU Otilia (ROU) / PASKAUSKIENE Ruta (LTU),GOROWSKA Magdalena (POL) / PILKA Marta (POL)
Polish Open Warsaw 2004,2004-10-14,BOROS Tamara/MOLNAR Cornelia,KREKINA Svetlana/LOSOSOVSKAYA Olga,4,0,"11,11,11,11|5,7,7,6",R16,GRAND_SLAM,WD,1705,Main Draw,BOROS Tamara (CRO) / MOLNAR Cornelia (CRO),KREKINA Svetlana (RUS) / LOSOSOVSKAYA Olga (RUS)
Polish Open Warsaw 2004,2004-10-14,KREKINA Svetlana/LOSOSOVSKAYA Olga,KOLAROVA Dominika/VIKTORCHYK Maryia,3,2,"11,11,8,7,11|9,9,11,11,5",QR32,GRAND_SLAM,WD,1705,Qualification,KREKINA Svetlana (RUS) / LOSOSOVSKAYA Olga (RUS),KOLAROVA Dominika (SVK) / VIKTORCHYK Maryia (BLR)
Polish Open Warsaw 2004,2004-10-14,LANG Kristin/ROBERTSON Laura,WAGGERMAYER Elena/PROKHOROVA Yulia,3,1,"11,11,11,11|9,7,13,6",QR32,GRAND_SLAM,WD,1705,Qualification,LANG Kristin (GER) / ROBERTSON Laura (GER),WAGGERMAYER Elena (AUT) / PROKHOROVA Yulia (RUS)
Polish Open Warsaw 2004,2004-10-14,KMOTORKOVA Lenka/ODOROVA Eva,BOLSHAKOVA Natalia/KOZLOVSKAIAI Anna,3,1,"11,11,6,11|5,5,11,9",QR32,GRAND_SLAM,WD,1705,Qualification,KMOTORKOVA Lenka (SVK) / ODOROVA Eva (SVK),BOLSHAKOVA Natalia (RUS) / KOZLOVSKAIAI Anna (RUS)
Polish Open Warsaw 2004,2004-10-14,BADESCU Otilia/PASKAUSKIENE Ruta,PETUKHOVA Evgeniya/VORONOVA Anastasia,3,1,"10,11,11,11|12,3,1,4",QR32,GRAND_SLAM,WD,1705,Qualification,BADESCU Otilia (ROU) / PASKAUSKIENE Ruta (LTU),PETUKHOVA Evgeniya (RUS) / VORONOVA Anastasia (RUS)
Polish Open Warsaw 2004,2004-10-14,KREKINA Svetlana/LOSOSOVSKAYA Olga,JANTA-LIPINSKA Anna/PASTOR Agata,3,1,"8,11,11,11|11,7,7,9",QR16,GRAND_SLAM,WD,1705,Qualification,KREKINA Svetlana (RUS) / LOSOSOVSKAYA Olga (RUS),JANTA-LIPINSKA Anna (POL) / PASTOR Agata (POL)
Polish Open Warsaw 2004,2004-10-14,KOVTUN Elena/BILENKO Tetyana,ROHR Gaby/ROHR Meike,3,2,"5,12,9,11,11|11,10,11,6,9",QR32,GRAND_SLAM,WD,1705,Qualification,KOVTUN Elena (UKR) / BILENKO Tetyana (UKR),ROHR Gaby (GER) / ROHR Meike (GER)
Polish Open Warsaw 2004,2004-10-14,FAZEKAS Maria/POTA Georgina,LIU Jia/RATHER Jasna,4,1,"11,11,9,11,11|7,9,11,9,8",R16,GRAND_SLAM,WD,1705,Main Draw,FAZEKAS Maria (HUN) / POTA Georgina (HUN),LIU Jia (AUT) / RATHER Jasna (USA)
Polish Open Warsaw 2004,2004-10-14,LIU Jia/RATHER Jasna,LAKHOVA Tatiana/MORKOVKINA Irina,3,0,"11,11,11|9,6,6",QR32,GRAND_SLAM,WD,1705,Qualification,LIU Jia (AUT) / RATHER Jasna (USA),LAKHOVA Tatiana (RUS) / MORKOVKINA Irina (RUS)
Polish Open Warsaw 2004,2004-10-14,LIU Jia/RATHER Jasna,CAHOREAU Nathalie/PHAI PANG Laurie,3,0,"11,11,11|8,5,8",QR16,GRAND_SLAM,WD,1705,Qualification,LIU Jia (AUT) / RATHER Jasna (USA),CAHOREAU Nathalie (FRA) / PHAI PANG Laurie (FRA)
