tournament,date,player_a,player_b,score_a,score_b,game_scores,round,tier,sub_event,event_id,stage,player_a_raw,player_b_raw,winner_raw
Swedish Open Gothenburg 2005,2005-11-17,HABESOHN Mathias,BOBOCICA Mihai,4,2,"13,6,10,13,11,12|11,11,12,11,3,10",,GRAND_SLAM,MS,1759,Qualification,HABESOHN Mathias (AUT),BOBOCICA Mihai (ITA),HABESOHN Mathias
Swedish Open Gothenburg 2005,2005-11-17,SUCH Bartosz,BOBOCICA Mihai,4,2,"14,12,10,14,11,11|12,10,12,16,6,7",QR2,GRAND_SLAM,MS,1759,Qualification,SUCH Bartosz (POL),BOBOCICA Mihai (ITA),SUCH Bartosz
Swedish Open Gothenburg 2005,2005-11-17,SUCH Bartosz,HABESOHN Mathias,4,0,"11,13,11,11|9,11,5,3",3,GRAND_SLAM,MS,1759,Qualification,SUCH Bartosz (POL),HABESOHN Mathias (AUT),SUCH Bartosz
Swedish Open Gothenburg 2005,2005-11-17,CLARKE Brett,KOLAREK Tomislav,4,1,"11,11,8,11,11|2,7,11,5,5",,GRAND_SLAM,MS,1759,Qualification,CLARKE Brett (AUS),KOLAREK Tomislav (CRO),CLARKE Brett
Swedish Open Gothenburg 2005,2005-11-17,TOKIC Bojan,KOLAREK Tomislav,4,0,"13,11,11,11|11,7,8,6",QR2,GRAND_SLAM,MS,1759,Qualification,TOKIC Bojan (SLO),KOLAREK Tomislav (CRO),TOKIC Bojan
Swedish Open Gothenburg 2005,2005-11-17,TOKIC Bojan,CLARKE Brett,4,1,"6,11,11,11,11|11,3,5,5,6",3,GRAND_SLAM,MS,1759,Qualification,TOKIC Bojan (SLO),CLARKE Brett (AUS),TOKIC Bojan
Swedish Open Gothenburg 2005,2005-11-17,KLEPRLIK Jakub,LEBESSON Emmanuel,4,0,"11,11,12,11|4,6,10,8",,GRAND_SLAM,MS,1759,Qualification,KLEPRLIK Jakub (CZE),LEBESSON Emmanuel (FRA),KLEPRLIK Jakub
Swedish Open Gothenburg 2005,2005-11-17,KEINATH Thomas,LEBESSON Emmanuel,4,0,"13,11,11,11|11,7,7,8",QR2,GRAND_SLAM,MS,1759,Qualification,KEINATH Thomas (SVK),LEBESSON Emmanuel (FRA),KEINATH Thomas
Swedish Open Gothenburg 2005,2005-11-17,KEINATH Thomas,KLEPRLIK Jakub,4,3,"9,11,7,11,11,11,11|11,8,11,13,9,3,5",3,GRAND_SLAM,MS,1759,Qualification,KEINATH Thomas (SVK),KLEPRLIK Jakub (CZE),KEINATH Thomas
Swedish Open Gothenburg 2005,2005-11-17,FYNSK Daniel,GACINA Andrej,4,2,"11,12,9,12,7,11|6,10,11,10,11,5",,GRAND_SLAM,MS,1759,Qualification,FYNSK Daniel (DEN),GACINA Andrej (CRO),FYNSK Daniel
Swedish Open Gothenburg 2005,2005-11-17,YOSHIDA Kaii,FYNSK Daniel,4,0,"11,11,12,11|8,6,10,9",QR2,GRAND_SLAM,MS,1759,Qualification,YOSHIDA Kaii (JPN),FYNSK Daniel (DEN),YOSHIDA Kaii
Swedish Open Gothenburg 2005,2005-11-17,YOSHIDA Kaii,GACINA Andrej,4,1,"11,11,10,11,11|3,9,12,4,2",3,GRAND_SLAM,MS,1759,Qualification,YOSHIDA Kaii (JPN),GACINA Andrej (CRO),YOSHIDA Kaii
Swedish Open Gothenburg 2005,2005-11-17,PERSSON Jon,SPINICCHIA Simone,4,2,"14,11,9,10,11,11|12,6,11,12,6,9",,GRAND_SLAM,MS,1759,Qualification,PERSSON Jon (SWE),SPINICCHIA Simone (ITA),PERSSON Jon
Swedish Open Gothenburg 2005,2005-11-17,MAZUNOV Dmitry,PERSSON Jon,4,0,"11,11,11,11|7,6,2,4",QR2,GRAND_SLAM,MS,1759,Qualification,MAZUNOV Dmitry (RUS),PERSSON Jon (SWE),MAZUNOV Dmitry
Swedish Open Gothenburg 2005,2005-11-17,MAZUNOV Dmitry,SPINICCHIA Simone,4,0,"11,11,12,11|3,8,10,4",3,GRAND_SLAM,MS,1759,Qualification,MAZUNOV Dmitry (RUS),SPINICCHIA Simone (ITA),MAZUNOV Dmitry
Swedish Open Gothenburg 2005,2005-11-17,YOON Jaeyoung,SARGSYAN Davit,4,1,"11,11,8,11,11|9,4,11,6,9",3,GRAND_SLAM,MS,1759,Qualification,YOON Jaeyoung (KOR),SARGSYAN Davit (ARM),YOON Jaeyoung
Swedish Open Gothenburg 2005,2005-11-17,OYA Hidetoshi,DEVAUX Jimmy,4,0,"11,12,12,11|1,10,10,4",,GRAND_SLAM,MS,1759,Qualification,OYA Hidetoshi (JPN),DEVAUX Jimmy (FRA),OYA Hidetoshi
Swedish Open Gothenburg 2005,2005-11-17,WANG Zengyi,DEVAUX Jimmy,4,1,"11,11,11,9,11|5,3,6,11,7",QR2,GRAND_SLAM,MS,1759,Qualification,WANG Zengyi (POL),DEVAUX Jimmy (FRA),WANG Zengyi
Swedish Open Gothenburg 2005,2005-11-17,WANG Zengyi,OYA Hidetoshi,4,2,"11,11,6,17,9,13|8,7,11,15,11,11",3,GRAND_SLAM,MS,1759,Qualification,WANG Zengyi (POL),OYA Hidetoshi (JPN),WANG Zengyi
Swedish Open Gothenburg 2005,2005-11-17,PEREK Jakub,RYDEN Lukas,4,2,"11,6,7,11,14,11|7,11,11,6,12,1",,GRAND_SLAM,MS,1759,Qualification,PEREK Jakub (POL),RYDEN Lukas (SWE),PEREK Jakub
Swedish Open Gothenburg 2005,2005-11-17,ZHANG Chao,RYDEN Lukas,4,1,"11,2,11,11,11|3,11,6,8,5",QR2,GRAND_SLAM,MS,1759,Qualification,ZHANG Chao (CHN),RYDEN Lukas (SWE),ZHANG Chao
Swedish Open Gothenburg 2005,2005-11-17,ZHANG Chao,PEREK Jakub,4,0,"11,11,11,11|4,5,7,8",3,GRAND_SLAM,MS,1759,Qualification,ZHANG Chao (CHN),PEREK Jakub (POL),ZHANG Chao
Swedish Open Gothenburg 2005,2005-11-17,PETERSEN Christoffer,GOLOVANOV Stanislav,4,2,"11,11,11,6,4,16|3,7,5,11,11,14",,GRAND_SLAM,MS,1759,Qualification,PETERSEN Christoffer (DEN),GOLOVANOV Stanislav (BUL),PETERSEN Christoffer
Swedish Open Gothenburg 2005,2005-11-17,TOSIC Roko,GOLOVANOV Stanislav,4,0,"11,12,11,11|7,10,8,9",QR2,GRAND_SLAM,MS,1759,Qualification,TOSIC Roko (CRO),GOLOVANOV Stanislav (BUL),TOSIC Roko
Swedish Open Gothenburg 2005,2005-11-17,TOSIC Roko,PETERSEN Christoffer,4,3,"11,10,7,11,6,11,11|9,12,11,6,11,4,9",3,GRAND_SLAM,MS,1759,Qualification,TOSIC Roko (CRO),PETERSEN Christoffer (DEN),TOSIC Roko
Swedish Open Gothenburg 2005,2005-11-17,PAPADIMITRIOU Dimitrios,CHMIEL Pawel,4,2,"8,7,16,13,11,11|11,11,14,11,7,7",,GRAND_SLAM,MS,1759,Qualification,PAPADIMITRIOU Dimitrios (GRE),CHMIEL Pawel (POL),PAPADIMITRIOU Dimitrios
Swedish Open Gothenburg 2005,2005-11-17,LIM Jaehyun,PAPADIMITRIOU Dimitrios,4,1,"11,11,11,9,11|5,3,5,11,7",QR2,GRAND_SLAM,MS,1759,Qualification,LIM Jaehyun (KOR),PAPADIMITRIOU Dimitrios (GRE),LIM Jaehyun
Swedish Open Gothenburg 2005,2005-11-17,LIM Jaehyun,CHMIEL Pawel,4,1,"11,11,6,11,11|5,3,11,8,9",3,GRAND_SLAM,MS,1759,Qualification,LIM Jaehyun (KOR),CHMIEL Pawel (POL),LIM Jaehyun
Swedish Open Gothenburg 2005,2005-11-17,VLASOV Grigory,SABATINO Daniele,4,0,"11,11,11,11|5,8,3,5",,GRAND_SLAM,MS,1759,Qualification,VLASOV Grigory (RUS),SABATINO Daniele (ITA),VLASOV Grigory
Swedish Open Gothenburg 2005,2005-11-17,GIONIS Panagiotis,SABATINO Daniele,4,0,"11,11,11,11|6,5,6,5",QR2,GRAND_SLAM,MS,1759,Qualification,GIONIS Panagiotis (GRE),SABATINO Daniele (ITA),GIONIS Panagiotis
Swedish Open Gothenburg 2005,2005-11-17,GIONIS Panagiotis,VLASOV Grigory,4,0,"11,11,11,11|1,4,9,8",3,GRAND_SLAM,MS,1759,Qualification,GIONIS Panagiotis (GRE),VLASOV Grigory (RUS),GIONIS Panagiotis
Swedish Open Gothenburg 2005,2005-11-17,VOSTES Yannick,GRACHEV Andrei,4,2,"11,11,11,7,16,11|9,6,7,11,18,8",,GRAND_SLAM,MS,1759,Qualification,VOSTES Yannick (BEL),GRACHEV Andrei (RUS),VOSTES Yannick
Swedish Open Gothenburg 2005,2005-11-17,GRACHEV Andrei,HAKANSSON Fredrik,4,0,"11,11,11,11|5,8,6,6",QR2,GRAND_SLAM,MS,1759,Qualification,GRACHEV Andrei (RUS),HAKANSSON Fredrik (SWE),GRACHEV Andrei
Swedish Open Gothenburg 2005,2005-11-17,HABESOHN Daniel,ASMUSSEN Jakob,4,1,"12,12,11,11,11|14,10,9,2,7",,GRAND_SLAM,MS,1759,Qualification,HABESOHN Daniel (AUT),ASMUSSEN Jakob (DEN),HABESOHN Daniel
Swedish Open Gothenburg 2005,2005-11-17,SHMYREV Maxim,ASMUSSEN Jakob,4,0,"11,11,12,11|4,4,10,4",QR2,GRAND_SLAM,MS,1759,Qualification,SHMYREV Maxim (RUS),ASMUSSEN Jakob (DEN),SHMYREV Maxim
Swedish Open Gothenburg 2005,2005-11-17,HABESOHN Daniel,SHMYREV Maxim,4,3,"12,10,11,9,9,11,11|10,12,8,11,11,8,6",3,GRAND_SLAM,MS,1759,Qualification,HABESOHN Daniel (AUT),SHMYREV Maxim (RUS),HABESOHN Daniel
Swedish Open Gothenburg 2005,2005-11-17,DAVID Petr,DEBRUYERES Clement,4,2,"11,11,9,8,11,11|9,8,11,11,4,8",,GRAND_SLAM,MS,1759,Qualification,DAVID Petr (CZE),DEBRUYERES Clement (FRA),DAVID Petr
Swedish Open Gothenburg 2005,2005-11-17,ERLANDSEN Geir,DEBRUYERES Clement,4,0,"13,11,11,11|11,5,6,5",QR2,GRAND_SLAM,MS,1759,Qualification,ERLANDSEN Geir (NOR),DEBRUYERES Clement (FRA),ERLANDSEN Geir
Swedish Open Gothenburg 2005,2005-11-17,ERLANDSEN Geir,DAVID Petr,4,3,"7,11,10,11,9,11,11|11,6,12,6,11,9,6",3,GRAND_SLAM,MS,1759,Qualification,ERLANDSEN Geir (NOR),DAVID Petr (CZE),ERLANDSEN Geir
Swedish Open Gothenburg 2005,2005-11-17,CHOI Hyunjin,SALIFOU Abdel-Kader,4,0,"11,11,11,11|5,8,6,7",QR2,GRAND_SLAM,MS,1759,Qualification,CHOI Hyunjin (KOR),SALIFOU Abdel-Kader (BEN),CHOI Hyunjin
Swedish Open Gothenburg 2005,2005-11-17,CHOI Hyunjin,JAPEC Tomislav,4,0,,3,GRAND_SLAM,MS,1759,Qualification,CHOI Hyunjin (KOR),JAPEC Tomislav (CRO),CHOI Hyunjin
Swedish Open Gothenburg 2005,2005-11-17,GAVRILOV Denis,URBANEK Jan,4,2,"11,11,10,5,11,11|7,9,12,11,8,7",,GRAND_SLAM,MS,1759,Qualification,GAVRILOV Denis (RUS),URBANEK Jan (CZE),GAVRILOV Denis
Swedish Open Gothenburg 2005,2005-11-17,WANG Jianfeng,URBANEK Jan,4,0,"11,11,11,11|6,7,6,8",QR2,GRAND_SLAM,MS,1759,Qualification,WANG Jianfeng (NOR),URBANEK Jan (CZE),WANG Jianfeng
Swedish Open Gothenburg 2005,2005-11-17,WANG Jianfeng,GAVRILOV Denis,4,2,"11,5,11,8,13,11|9,11,8,11,11,8",3,GRAND_SLAM,MS,1759,Qualification,WANG Jianfeng (NOR),GAVRILOV Denis (RUS),WANG Jianfeng
Swedish Open Gothenburg 2005,2005-11-17,GAVLAS Antonin,AUFRERE Julien,4,0,"11,11,11,11|5,6,7,5",,GRAND_SLAM,MS,1759,Qualification,GAVLAS Antonin (CZE),AUFRERE Julien (FRA),GAVLAS Antonin
Swedish Open Gothenburg 2005,2005-11-17,CHO Jihoon,AUFRERE Julien,4,0,"11,11,11,11|2,5,5,6",QR2,GRAND_SLAM,MS,1759,Qualification,CHO Jihoon (KOR),AUFRERE Julien (FRA),CHO Jihoon
Swedish Open Gothenburg 2005,2005-11-17,CHO Jihoon,GAVLAS Antonin,4,1,"11,11,10,11,11|8,4,12,8,5",3,GRAND_SLAM,MS,1759,Qualification,CHO Jihoon (KOR),GAVLAS Antonin (CZE),CHO Jihoon
Swedish Open Gothenburg 2005,2005-11-17,ZUBCIC Tomislav,ZALCBERG David,4,2,"13,11,9,7,11,11|11,9,11,11,3,7",,GRAND_SLAM,MS,1759,Qualification,ZUBCIC Tomislav (CRO),ZALCBERG David (AUS),ZUBCIC Tomislav
Swedish Open Gothenburg 2005,2005-11-17,PAVELKA Tomas,ZALCBERG David,4,0,"11,11,11,11|2,5,6,7",QR2,GRAND_SLAM,MS,1759,Qualification,PAVELKA Tomas (CZE),ZALCBERG David (AUS),PAVELKA Tomas
Swedish Open Gothenburg 2005,2005-11-17,ZUBCIC Tomislav,PAVELKA Tomas,4,2,"11,9,2,11,12,11|7,11,11,9,10,7",3,GRAND_SLAM,MS,1759,Qualification,ZUBCIC Tomislav (CRO),PAVELKA Tomas (CZE),ZUBCIC Tomislav
Swedish Open Gothenburg 2005,2005-11-17,KONECNY Tomas,MALICKI Szymon,4,3,"14,9,11,8,6,11,11|12,11,3,11,11,9,9",,GRAND_SLAM,MS,1759,Qualification,KONECNY Tomas (CZE),MALICKI Szymon (POL),KONECNY Tomas
Swedish Open Gothenburg 2005,2005-11-17,CHO Eonrae,MALICKI Szymon,4,1,"11,8,11,11,11|6,11,7,9,2",QR2,GRAND_SLAM,MS,1759,Qualification,CHO Eonrae (KOR),MALICKI Szymon (POL),CHO Eonrae
Swedish Open Gothenburg 2005,2005-11-17,CHO Eonrae,KONECNY Tomas,4,0,"11,12,11,11|7,10,5,7",3,GRAND_SLAM,MS,1759,Qualification,CHO Eonrae (KOR),KONECNY Tomas (CZE),CHO Eonrae
Swedish Open Gothenburg 2005,2005-11-17,KAUCKY Petr,RASMUSSEN Claus,4,0,"11,12,13,11|6,10,11,4",,GRAND_SLAM,MS,1759,Qualification,KAUCKY Petr (CZE),RASMUSSEN Claus (DEN),KAUCKY Petr
Swedish Open Gothenburg 2005,2005-11-17,MIZUTANI Jun,RASMUSSEN Claus,4,0,"11,11,11,11|9,9,6,8",QR2,GRAND_SLAM,MS,1759,Qualification,MIZUTANI Jun (JPN),RASMUSSEN Claus (DEN),MIZUTANI Jun
Swedish Open Gothenburg 2005,2005-11-17,MIZUTANI Jun,KAUCKY Petr,4,3,"15,11,9,11,7,11,11|17,7,11,7,11,4,7",3,GRAND_SLAM,MS,1759,Qualification,MIZUTANI Jun (JPN),KAUCKY Petr (CZE),MIZUTANI Jun
Swedish Open Gothenburg 2005,2005-11-17,ELENSKY Gregory,CARVALHO Efraim,4,0,"11,11,13,11|6,6,11,7",,GRAND_SLAM,MS,1759,Qualification,ELENSKY Gregory (ISR),CARVALHO Efraim (BRA),ELENSKY Gregory
Swedish Open Gothenburg 2005,2005-11-17,MOLIN Magnus,CARVALHO Efraim,4,0,"11,11,11,11|6,2,8,6",QR2,GRAND_SLAM,MS,1759,Qualification,MOLIN Magnus (SWE),CARVALHO Efraim (BRA),MOLIN Magnus
Swedish Open Gothenburg 2005,2005-11-17,MOLIN Magnus,ELENSKY Gregory,4,0,"11,11,11,12|9,5,7,10",3,GRAND_SLAM,MS,1759,Qualification,MOLIN Magnus (SWE),ELENSKY Gregory (ISR),MOLIN Magnus
Swedish Open Gothenburg 2005,2005-11-17,DESPRES Rodolphe,AARAS Arne,4,0,"15,11,11,11|13,4,7,5",,GRAND_SLAM,MS,1759,Qualification,DESPRES Rodolphe (FRA),AARAS Arne (NOR),DESPRES Rodolphe
Swedish Open Gothenburg 2005,2005-11-17,PLACHY Josef,AARAS Arne,4,0,"11,11,11,14|7,5,5,12",QR2,GRAND_SLAM,MS,1759,Qualification,PLACHY Josef (CZE),AARAS Arne (NOR),PLACHY Josef
Swedish Open Gothenburg 2005,2005-11-17,PLACHY Josef,DESPRES Rodolphe,4,1,"13,7,11,11,11|11,11,8,8,3",3,GRAND_SLAM,MS,1759,Qualification,PLACHY Josef (CZE),DESPRES Rodolphe (FRA),PLACHY Josef
Swedish Open Gothenburg 2005,2005-11-17,CHOU Tung-Yu,BAUBET Vincent,4,0,"11,11,12,11|5,9,10,6",,GRAND_SLAM,MS,1759,Qualification,CHOU Tung-Yu (TPE),BAUBET Vincent (FRA),CHOU Tung-Yu
Swedish Open Gothenburg 2005,2005-11-17,GERELL Par,BAUBET Vincent,4,0,"11,11,11,11|7,9,7,5",QR2,GRAND_SLAM,MS,1759,Qualification,GERELL Par (SWE),BAUBET Vincent (FRA),GERELL Par
Swedish Open Gothenburg 2005,2005-11-17,GERELL Par,CHOU Tung-Yu,4,2,"11,11,2,11,3,11|9,4,11,7,11,8",3,GRAND_SLAM,MS,1759,Qualification,GERELL Par (SWE),CHOU Tung-Yu (TPE),GERELL Par
Swedish Open Gothenburg 2005,2005-11-17,NAKANO Yusuke,MATTENET Adrien,4,1,"12,11,11,8,11|10,8,6,11,8",,GRAND_SLAM,MS,1759,Qualification,NAKANO Yusuke (JPN),MATTENET Adrien (FRA),NAKANO Yusuke
Swedish Open Gothenburg 2005,2005-11-17,FILIMON Andrei,MATTENET Adrien,4,1,"7,11,11,11,11|11,6,3,8,3",QR2,GRAND_SLAM,MS,1759,Qualification,FILIMON Andrei (ROU),MATTENET Adrien (FRA),FILIMON Andrei
Swedish Open Gothenburg 2005,2005-11-17,FILIMON Andrei,NAKANO Yusuke,4,0,"11,11,11,11|9,7,8,7",3,GRAND_SLAM,MS,1759,Qualification,FILIMON Andrei (ROU),NAKANO Yusuke (JPN),FILIMON Andrei
Swedish Open Gothenburg 2005,2005-11-17,APOLONIA Tiago,MADRID Marcos,4,1,"12,11,11,8,11|10,7,9,11,5",,GRAND_SLAM,MS,1759,Qualification,APOLONIA Tiago (POR),MADRID Marcos (MEX),APOLONIA Tiago
Swedish Open Gothenburg 2005,2005-11-17,XU Hui,MADRID Marcos,4,1,"11,9,11,11,11|7,11,3,7,3",QR2,GRAND_SLAM,MS,1759,Qualification,XU Hui (CHN),MADRID Marcos (MEX),XU Hui
Swedish Open Gothenburg 2005,2005-11-17,XU Hui,APOLONIA Tiago,4,1,"11,11,11,4,11|4,8,6,11,2",3,GRAND_SLAM,MS,1759,Qualification,XU Hui (CHN),APOLONIA Tiago (POR),XU Hui
Swedish Open Gothenburg 2005,2005-11-17,OLLIVIER Brice,DAVIDOVICH Dmitry,4,2,"10,16,11,11,8,11|12,14,9,9,11,2",,GRAND_SLAM,MS,1759,Qualification,OLLIVIER Brice (FRA),DAVIDOVICH Dmitry (BLR),OLLIVIER Brice
Swedish Open Gothenburg 2005,2005-11-17,MONTEIRO Thiago,DAVIDOVICH Dmitry,4,1,"7,11,11,11,11|11,4,9,7,5",QR2,GRAND_SLAM,MS,1759,Qualification,MONTEIRO Thiago (BRA),DAVIDOVICH Dmitry (BLR),MONTEIRO Thiago
Swedish Open Gothenburg 2005,2005-11-17,OLLIVIER Brice,MONTEIRO Thiago,4,3,"11,15,6,12,10,11,11|13,13,11,10,12,4,7",3,GRAND_SLAM,MS,1759,Qualification,OLLIVIER Brice (FRA),MONTEIRO Thiago (BRA),OLLIVIER Brice
Swedish Open Gothenburg 2005,2005-11-17,STEPHENSEN Gudmundur,KLEPRLIK Michal,4,1,"11,15,8,11,17|6,13,11,4,15",,GRAND_SLAM,MS,1759,Qualification,STEPHENSEN Gudmundur (ISL),KLEPRLIK Michal (CZE),STEPHENSEN Gudmundur
Swedish Open Gothenburg 2005,2005-11-17,JIANG Weizhong,KLEPRLIK Michal,4,0,"11,11,11,11|5,9,3,6",QR2,GRAND_SLAM,MS,1759,Qualification,JIANG Weizhong (CRO),KLEPRLIK Michal (CZE),JIANG Weizhong
Swedish Open Gothenburg 2005,2005-11-17,JIANG Weizhong,STEPHENSEN Gudmundur,4,1,"11,11,11,9,11|9,7,9,11,4",3,GRAND_SLAM,MS,1759,Qualification,JIANG Weizhong (CRO),STEPHENSEN Gudmundur (ISL),JIANG Weizhong
Swedish Open Gothenburg 2005,2005-11-17,TAKAKIWA Taku,HINSE Pierre-Luc,4,1,"12,11,11,11,11|14,5,9,6,6",,GRAND_SLAM,MS,1759,Qualification,TAKAKIWA Taku (JPN),HINSE Pierre-Luc (CAN),TAKAKIWA Taku
Swedish Open Gothenburg 2005,2005-11-17,LEE Jinkwon,HINSE Pierre-Luc,4,2,"8,11,8,11,11,11|11,5,11,4,8,3",QR2,GRAND_SLAM,MS,1759,Qualification,LEE Jinkwon (KOR),HINSE Pierre-Luc (CAN),LEE Jinkwon
Swedish Open Gothenburg 2005,2005-11-17,TAKAKIWA Taku,LEE Jinkwon,4,3,"11,5,6,17,13,13,11|9,11,11,15,11,15,7",3,GRAND_SLAM,MS,1759,Qualification,TAKAKIWA Taku (JPN),LEE Jinkwon (KOR),TAKAKIWA Taku
Swedish Open Gothenburg 2005,2005-11-17,MATSUMOTO Cazuo,STERNBERG Kasper,4,1,"11,11,11,8,11|7,8,9,11,9",,GRAND_SLAM,MS,1759,Qualification,MATSUMOTO Cazuo (BRA),STERNBERG Kasper (DEN),MATSUMOTO Cazuo
Swedish Open Gothenburg 2005,2005-11-17,OLEJNIK Martin,STERNBERG Kasper,4,0,"11,11,12,11|4,5,10,7",QR2,GRAND_SLAM,MS,1759,Qualification,OLEJNIK Martin (CZE),STERNBERG Kasper (DEN),OLEJNIK Martin
Swedish Open Gothenburg 2005,2005-11-17,OLEJNIK Martin,MATSUMOTO Cazuo,4,0,"13,11,11,11|11,7,5,8",3,GRAND_SLAM,MS,1759,Qualification,OLEJNIK Martin (CZE),MATSUMOTO Cazuo (BRA),OLEJNIK Martin
Swedish Open Gothenburg 2005,2005-11-17,BAGGALEY Andrew,BALTRUSHKA Dzmitry,4,0,"11,11,11,11|5,9,5,3",,GRAND_SLAM,MS,1759,Qualification,BAGGALEY Andrew (ENG),BALTRUSHKA Dzmitry (BLR),BAGGALEY Andrew
Swedish Open Gothenburg 2005,2005-11-17,MANSSON Magnus,BALTRUSHKA Dzmitry,4,2,"8,11,11,9,11,11|11,6,8,11,4,4",QR2,GRAND_SLAM,MS,1759,Qualification,MANSSON Magnus (SWE),BALTRUSHKA Dzmitry (BLR),MANSSON Magnus
Swedish Open Gothenburg 2005,2005-11-17,MANSSON Magnus,BAGGALEY Andrew,4,1,"11,11,9,11,16|8,6,11,8,14",3,GRAND_SLAM,MS,1759,Qualification,MANSSON Magnus (SWE),BAGGALEY Andrew (ENG),MANSSON Magnus
Swedish Open Gothenburg 2005,2005-11-17,DURAN Marc,ZLAMAL Jaromir,4,1,"13,11,11,13,11|11,7,8,15,3",,GRAND_SLAM,MS,1759,Qualification,DURAN Marc (ESP),ZLAMAL Jaromir (CZE),DURAN Marc
Swedish Open Gothenburg 2005,2005-11-17,KISHIKAWA Seiya,ZLAMAL Jaromir,4,0,"11,11,11,11|2,3,4,5",QR2,GRAND_SLAM,MS,1759,Qualification,KISHIKAWA Seiya (JPN),ZLAMAL Jaromir (CZE),KISHIKAWA Seiya
Swedish Open Gothenburg 2005,2005-11-17,KISHIKAWA Seiya,DURAN Marc,4,1,"11,11,11,7,11|8,6,8,11,7",3,GRAND_SLAM,MS,1759,Qualification,KISHIKAWA Seiya (JPN),DURAN Marc (ESP),KISHIKAWA Seiya
Swedish Open Gothenburg 2005,2005-11-17,ROBERTSON Adam,FRIBY Silas,4,0,"11,11,11,11|5,4,9,9",,GRAND_SLAM,MS,1759,Qualification,ROBERTSON Adam (WAL),FRIBY Silas (DEN),ROBERTSON Adam
Swedish Open Gothenburg 2005,2005-11-17,ZHANG Wilson,FRIBY Silas,4,0,"11,11,11,11|8,8,6,6",QR2,GRAND_SLAM,MS,1759,Qualification,ZHANG Wilson (CAN),FRIBY Silas (DEN),ZHANG Wilson
Swedish Open Gothenburg 2005,2005-11-17,ROBERTSON Adam,ZHANG Wilson,4,3,"9,11,9,12,11,6,11|11,5,11,10,8,11,5",3,GRAND_SLAM,MS,1759,Qualification,ROBERTSON Adam (WAL),ZHANG Wilson (CAN),ROBERTSON Adam
Swedish Open Gothenburg 2005,2005-11-17,KONGSGAARD Christian,BERNER Eric,4,0,"11,11,11,11|8,9,6,5",,GRAND_SLAM,MS,1759,Qualification,KONGSGAARD Christian (DEN),BERNER Eric (NOR),KONGSGAARD Christian
Swedish Open Gothenburg 2005,2005-11-17,CABESTANY Cedrik,BERNER Eric,4,2,"11,11,11,10,8,11|6,7,8,12,11,9",QR2,GRAND_SLAM,MS,1759,Qualification,CABESTANY Cedrik (FRA),BERNER Eric (NOR),CABESTANY Cedrik
Swedish Open Gothenburg 2005,2005-11-17,CABESTANY Cedrik,KONGSGAARD Christian,4,3,"8,11,6,11,11,11,11|11,7,11,7,13,6,9",3,GRAND_SLAM,MS,1759,Qualification,CABESTANY Cedrik (FRA),KONGSGAARD Christian (DEN),CABESTANY Cedrik
Swedish Open Gothenburg 2005,2005-11-17,TAKAKIWA Kenichi,DAVIS Kyle,4,0,"11,11,11,11|9,6,6,8",,GRAND_SLAM,MS,1759,Qualification,TAKAKIWA Kenichi (JPN),DAVIS Kyle (AUS),TAKAKIWA Kenichi
Swedish Open Gothenburg 2005,2005-11-17,WU Chih-Chi,DAVIS Kyle,4,1,"11,11,11,10,11|7,4,9,12,8",QR2,GRAND_SLAM,MS,1759,Qualification,WU Chih-Chi (TPE),DAVIS Kyle (AUS),WU Chih-Chi
Swedish Open Gothenburg 2005,2005-11-17,TAKAKIWA Kenichi,WU Chih-Chi,4,0,"11,11,12,11|7,8,10,6",3,GRAND_SLAM,MS,1759,Qualification,TAKAKIWA Kenichi (JPN),WU Chih-Chi (TPE),TAKAKIWA Kenichi
Swedish Open Gothenburg 2005,2005-11-17,HENZELL William,PLACEK Frantisek,4,0,"11,11,11,11|4,9,9,8",,GRAND_SLAM,MS,1759,Qualification,HENZELL William (AUS),PLACEK Frantisek (CZE),HENZELL William
Swedish Open Gothenburg 2005,2005-11-17,HOYAMA Hugo,PLACEK Frantisek,4,1,"11,11,11,5,11|7,6,1,11,8",QR2,GRAND_SLAM,MS,1759,Qualification,HOYAMA Hugo (BRA),PLACEK Frantisek (CZE),HOYAMA Hugo
Swedish Open Gothenburg 2005,2005-11-17,HOYAMA Hugo,HENZELL William,4,2,"9,11,11,8,18,11|11,6,7,11,16,8",3,GRAND_SLAM,MS,1759,Qualification,HOYAMA Hugo (BRA),HENZELL William (AUS),HOYAMA Hugo
Swedish Open Gothenburg 2005,2005-11-17,ASAMOAH Cyprian,MENDEZ Rafael,4,0,"11,11,11,11|2,3,6,6",,GRAND_SLAM,MS,1759,Qualification,ASAMOAH Cyprian (SWE),MENDEZ Rafael (MEX),ASAMOAH Cyprian
Swedish Open Gothenburg 2005,2005-11-17,LO Dany,MENDEZ Rafael,4,0,"11,11,11,12|9,7,0,10",QR2,GRAND_SLAM,MS,1759,Qualification,LO Dany (FRA),MENDEZ Rafael (MEX),LO Dany
Swedish Open Gothenburg 2005,2005-11-17,LO Dany,ASAMOAH Cyprian,4,2,"11,11,10,12,12,11|7,5,12,14,10,7",3,GRAND_SLAM,MS,1759,Qualification,LO Dany (FRA),ASAMOAH Cyprian (SWE),LO Dany
Swedish Open Gothenburg 2005,2005-11-17,FAN Guoliang,BEZARD Pierre,4,0,"11,11,11,11|2,7,5,4",,GRAND_SLAM,MS,1759,Qualification,FAN Guoliang (ESP),BEZARD Pierre (FRA),FAN Guoliang
Swedish Open Gothenburg 2005,2005-11-17,AXELQVIST Johan,BEZARD Pierre,4,0,"11,11,11,11|7,7,8,9",QR2,GRAND_SLAM,MS,1759,Qualification,AXELQVIST Johan (SWE),BEZARD Pierre (FRA),AXELQVIST Johan
Swedish Open Gothenburg 2005,2005-11-17,FAN Guoliang,AXELQVIST Johan,4,0,"12,11,11,11|10,7,5,1",3,GRAND_SLAM,MS,1759,Qualification,FAN Guoliang (ESP),AXELQVIST Johan (SWE),FAN Guoliang
Swedish Open Gothenburg 2005,2005-11-17,VOZICKY Bohumil,HINDERSSON Mikkel,4,0,"11,11,11,11|8,0,5,3",,GRAND_SLAM,MS,1759,Qualification,VOZICKY Bohumil (CZE),HINDERSSON Mikkel (DEN),VOZICKY Bohumil
Swedish Open Gothenburg 2005,2005-11-17,GORAK Daniel,HINDERSSON Mikkel,4,0,"11,11,11,11|9,7,5,7",QR2,GRAND_SLAM,MS,1759,Qualification,GORAK Daniel (POL),HINDERSSON Mikkel (DEN),GORAK Daniel
Swedish Open Gothenburg 2005,2005-11-17,VOZICKY Bohumil,GORAK Daniel,4,0,"12,11,12,11|10,8,10,1",3,GRAND_SLAM,MS,1759,Qualification,VOZICKY Bohumil (CZE),GORAK Daniel (POL),VOZICKY Bohumil
Swedish Open Gothenburg 2005,2005-11-17,MILICEVIC Srdan,OBESLO Michal,4,1,"12,11,7,11,11|10,6,11,5,4",,GRAND_SLAM,MS,1759,Qualification,MILICEVIC Srdan (BIH),OBESLO Michal (CZE),MILICEVIC Srdan
Swedish Open Gothenburg 2005,2005-11-17,PHUNG Armand,OBESLO Michal,4,1,"11,7,11,11,11|2,11,5,6,5",QR2,GRAND_SLAM,MS,1759,Qualification,PHUNG Armand (FRA),OBESLO Michal (CZE),PHUNG Armand
Swedish Open Gothenburg 2005,2005-11-17,PHUNG Armand,MILICEVIC Srdan,4,2,"7,11,11,14,6,11|11,7,4,12,11,9",3,GRAND_SLAM,MS,1759,Qualification,PHUNG Armand (FRA),MILICEVIC Srdan (BIH),PHUNG Armand
Swedish Open Gothenburg 2005,2005-11-17,MACHADO Carlos,SEHIC Adnan,4,0,"11,11,11,11|4,2,8,9",,GRAND_SLAM,MS,1759,Qualification,MACHADO Carlos (ESP),SEHIC Adnan (BIH),MACHADO Carlos
Swedish Open Gothenburg 2005,2005-11-17,KIHO Shinnosuke,SEHIC Adnan,4,1,"11,11,8,11,11|8,9,11,9,9",QR2,GRAND_SLAM,MS,1759,Qualification,KIHO Shinnosuke (JPN),SEHIC Adnan (BIH),KIHO Shinnosuke
Swedish Open Gothenburg 2005,2005-11-17,MACHADO Carlos,KIHO Shinnosuke,4,1,"11,6,11,11,11|6,11,5,5,9",3,GRAND_SLAM,MS,1759,Qualification,MACHADO Carlos (ESP),KIHO Shinnosuke (JPN),MACHADO Carlos
Swedish Open Gothenburg 2005,2005-11-17,LI Ping,KOSOWSKI Jakub,4,0,"11,11,11,11|4,9,7,7",,GRAND_SLAM,MS,1759,Qualification,LI Ping (QAT),KOSOWSKI Jakub (POL),LI Ping
Swedish Open Gothenburg 2005,2005-11-17,LI Ping,LIVENTSOV Alexey,4,1,"4,11,12,11,11|11,9,10,9,4",QR2,GRAND_SLAM,MS,1759,Qualification,LI Ping (QAT),LIVENTSOV Alexey (RUS),LI Ping
Swedish Open Gothenburg 2005,2005-11-17,KOSOWSKI Jakub,LIVENTSOV Alexey,4,1,"3,11,11,11,11|11,9,3,9,5",3,GRAND_SLAM,MS,1759,Qualification,KOSOWSKI Jakub (POL),LIVENTSOV Alexey (RUS),KOSOWSKI Jakub
Swedish Open Gothenburg 2005,2005-11-17,SORENSEN Mads,HARA Masahiko,4,3,"10,11,14,11,13,11,11|12,8,16,6,15,1,6",,GRAND_SLAM,MS,1759,Qualification,SORENSEN Mads (DEN),HARA Masahiko (JPN),SORENSEN Mads
Swedish Open Gothenburg 2005,2005-11-17,MONTEIRO Joao,HARA Masahiko,4,0,"11,11,11,11|5,5,5,6",QR2,GRAND_SLAM,MS,1759,Qualification,MONTEIRO Joao (POR),HARA Masahiko (JPN),MONTEIRO Joao
Swedish Open Gothenburg 2005,2005-11-17,MONTEIRO Joao,SORENSEN Mads,4,1,"11,11,11,11,11|13,6,8,6,9",3,GRAND_SLAM,MS,1759,Qualification,MONTEIRO Joao (POR),SORENSEN Mads (DEN),MONTEIRO Joao
Swedish Open Gothenburg 2005,2005-11-17,SVENSSON Robert,ABE Kazuhiro,4,0,"11,11,12,11|7,8,10,8",,GRAND_SLAM,MS,1759,Qualification,SVENSSON Robert (SWE),ABE Kazuhiro (JPN),SVENSSON Robert
Swedish Open Gothenburg 2005,2005-11-17,MOLDOVAN Istvan,ABE Kazuhiro,4,1,"11,8,11,11,11|3,11,9,8,4",QR2,GRAND_SLAM,MS,1759,Qualification,MOLDOVAN Istvan (NOR),ABE Kazuhiro (JPN),MOLDOVAN Istvan
Swedish Open Gothenburg 2005,2005-11-17,MOLDOVAN Istvan,SVENSSON Robert,4,1,"8,11,11,14,11|11,4,4,12,5",3,GRAND_SLAM,MS,1759,Qualification,MOLDOVAN Istvan (NOR),SVENSSON Robert (SWE),MOLDOVAN Istvan
Swedish Open Gothenburg 2005,2005-11-17,JIANG Tianyi,QUENTEL Dorian,4,0,"13,11,11,11|11,2,5,3",,GRAND_SLAM,MS,1759,Qualification,JIANG Tianyi (HKG),QUENTEL Dorian (FRA),JIANG Tianyi
Swedish Open Gothenburg 2005,2005-11-17,JIANG Tianyi,ZOOGLING Mikael,4,0,"14,11,11,11|12,2,9,3",QR2,GRAND_SLAM,MS,1759,Qualification,JIANG Tianyi (HKG),ZOOGLING Mikael (SWE),JIANG Tianyi
Swedish Open Gothenburg 2005,2005-11-17,FETH Stefan,STAUFER Beat,4,0,"11,11,11,11|6,6,2,7",,GRAND_SLAM,MS,1759,Qualification,FETH Stefan (GER),STAUFER Beat (SUI),FETH Stefan
Swedish Open Gothenburg 2005,2005-11-17,NILSSON Peter,STAUFER Beat,4,3,"11,9,11,6,11,4,11|5,11,7,11,8,11,8",QR2,GRAND_SLAM,MS,1759,Qualification,NILSSON Peter (SWE),STAUFER Beat (SUI),NILSSON Peter
Swedish Open Gothenburg 2005,2005-11-17,FETH Stefan,NILSSON Peter,4,2,"11,12,12,6,9,11|7,10,10,11,11,7",3,GRAND_SLAM,MS,1759,Qualification,FETH Stefan (GER),NILSSON Peter (SWE),FETH Stefan
Swedish Open Gothenburg 2005,2005-11-17,DEMEK Tomas,CARNEROS Alfredo,4,2,"6,11,11,11,12,14|11,7,6,6,14,12",,GRAND_SLAM,MS,1759,Qualification,DEMEK Tomas (CZE),CARNEROS Alfredo (ESP),DEMEK Tomas
Swedish Open Gothenburg 2005,2005-11-17,BERTIN Christophe,DEMEK Tomas,4,0,"12,11,11,11|10,5,6,8",QR2,GRAND_SLAM,MS,1759,Qualification,BERTIN Christophe (FRA),DEMEK Tomas (CZE),BERTIN Christophe
Swedish Open Gothenburg 2005,2005-11-17,CARNEROS Alfredo,BERTIN Christophe,4,0,"11,12,11,11|5,10,9,8",3,GRAND_SLAM,MS,1759,Qualification,CARNEROS Alfredo (ESP),BERTIN Christophe (FRA),CARNEROS Alfredo
Swedish Open Gothenburg 2005,2005-11-17,STENBERG Mattias,MONZO Oriol,4,0,"11,11,11,11|4,4,2,3",,GRAND_SLAM,MS,1759,Qualification,STENBERG Mattias (SWE),MONZO Oriol (ESP),STENBERG Mattias
Swedish Open Gothenburg 2005,2005-11-17,RUBTSOV Igor,MONZO Oriol,4,0,"11,11,11,15|2,1,6,13",QR2,GRAND_SLAM,MS,1759,Qualification,RUBTSOV Igor (RUS),MONZO Oriol (ESP),RUBTSOV Igor
Swedish Open Gothenburg 2005,2005-11-17,STENBERG Mattias,RUBTSOV Igor,4,3,"11,11,13,8,12,9,11|5,9,11,11,14,11,7",3,GRAND_SLAM,MS,1759,Qualification,STENBERG Mattias (SWE),RUBTSOV Igor (RUS),STENBERG Mattias
Swedish Open Gothenburg 2005,2005-11-17,TANG Peng,PIACENTINI Valentino,4,3,"11,11,11,15,11,7,11|3,13,7,17,5,11,7",,GRAND_SLAM,MS,1759,Qualification,TANG Peng (HKG),PIACENTINI Valentino (ITA),TANG Peng
Swedish Open Gothenburg 2005,2005-11-17,TANG Peng,SAKAMOTO Ryusuke,4,2,"11,11,11,13,6,11|13,5,9,11,11,7",QR2,GRAND_SLAM,MS,1759,Qualification,TANG Peng (HKG),SAKAMOTO Ryusuke (JPN),TANG Peng
Swedish Open Gothenburg 2005,2005-11-17,SAKAMOTO Ryusuke,PIACENTINI Valentino,4,1,"11,11,7,11,11|9,8,11,5,7",3,GRAND_SLAM,MS,1759,Qualification,SAKAMOTO Ryusuke (JPN),PIACENTINI Valentino (ITA),SAKAMOTO Ryusuke
Swedish Open Gothenburg 2005,2005-11-17,JAKAB Janos,ONO Tatsuya,4,0,"11,11,11,12|6,9,6,10",,GRAND_SLAM,MS,1759,Qualification,JAKAB Janos (HUN),ONO Tatsuya (JPN),JAKAB Janos
Swedish Open Gothenburg 2005,2005-11-17,KIM Junghoon,JACKSON Peter,4,1,"11,11,11,9,11|8,9,7,11,9",QR2,GRAND_SLAM,MS,1759,Qualification,KIM Junghoon (KOR),JACKSON Peter (NZL),KIM Junghoon
Swedish Open Gothenburg 2005,2005-11-17,KIM Junghoon,ONO Tatsuya,4,1,"11,8,11,11,11|4,11,9,3,6",3,GRAND_SLAM,MS,1759,Qualification,KIM Junghoon (KOR),ONO Tatsuya (JPN),KIM Junghoon
Swedish Open Gothenburg 2005,2005-11-17,JAKAB Janos,JACKSON Peter,4,0,"11,11,11,11|9,6,6,1",QR4,GRAND_SLAM,MS,1759,Qualification,JAKAB Janos (HUN),JACKSON Peter (NZL),JAKAB Janos
Swedish Open Gothenburg 2005,2005-11-17,JAKAB Janos,KIM Junghoon,4,3,"10,9,11,7,11,11,12|12,11,9,11,3,9,10",5,GRAND_SLAM,MS,1759,Qualification,JAKAB Janos (HUN),KIM Junghoon (KOR),JAKAB Janos
Swedish Open Gothenburg 2005,2005-11-17,ONO Tatsuya,JACKSON Peter,4,1,"11,11,6,11,11|7,9,11,5,5",6,GRAND_SLAM,MS,1759,Qualification,ONO Tatsuya (JPN),JACKSON Peter (NZL),ONO Tatsuya
Swedish Open Gothenburg 2005,2005-11-17,LEE Jungsam,BUBA Ondrej,4,0,"11,11,11,11|3,4,7,9",,GRAND_SLAM,MS,1759,Qualification,LEE Jungsam (KOR),BUBA Ondrej (CZE),LEE Jungsam
Swedish Open Gothenburg 2005,2005-11-17,BOBILLIER Loic,GREEN Wally,4,0,"11,11,11,11|9,6,5,7",QR2,GRAND_SLAM,MS,1759,Qualification,BOBILLIER Loic (FRA),GREEN Wally (USA),BOBILLIER Loic
Swedish Open Gothenburg 2005,2005-11-17,BOBILLIER Loic,BUBA Ondrej,4,1,"11,11,9,13,11|5,9,11,11,6",3,GRAND_SLAM,MS,1759,Qualification,BOBILLIER Loic (FRA),BUBA Ondrej (CZE),BOBILLIER Loic
Swedish Open Gothenburg 2005,2005-11-17,LEE Jungsam,GREEN Wally,4,0,"11,11,11,11|7,4,3,9",QR4,GRAND_SLAM,MS,1759,Qualification,LEE Jungsam (KOR),GREEN Wally (USA),LEE Jungsam
Swedish Open Gothenburg 2005,2005-11-17,BOBILLIER Loic,LEE Jungsam,4,2,"9,11,9,14,11,11|11,7,11,12,8,3",5,GRAND_SLAM,MS,1759,Qualification,BOBILLIER Loic (FRA),LEE Jungsam (KOR),BOBILLIER Loic
Swedish Open Gothenburg 2005,2005-11-17,BUBA Ondrej,GREEN Wally,4,2,"6,11,11,7,11,11|11,7,3,11,6,8",6,GRAND_SLAM,MS,1759,Qualification,BUBA Ondrej (CZE),GREEN Wally (USA),BUBA Ondrej
Swedish Open Gothenburg 2005,2005-11-17,BOLL Timo,TOKIC Bojan,4,0,"11,11,11,11|7,5,7,4",R64,GRAND_SLAM,MS,1759,Main Draw,BOLL Timo (GER),TOKIC Bojan (SLO),BOLL Timo
Swedish Open Gothenburg 2005,2005-11-17,TOSIC Roko,LUNDQVIST Jens,4,1,"8,11,11,11,11|11,8,4,7,7",R64,GRAND_SLAM,MS,1759,Main Draw,TOSIC Roko (CRO),LUNDQVIST Jens (SWE),TOSIC Roko
Swedish Open Gothenburg 2005,2005-11-17,ELOI Damien,YOON Jaeyoung,4,2,"9,8,12,12,11,14|11,11,10,10,9,12",R64,GRAND_SLAM,MS,1759,Main Draw,ELOI Damien (FRA),YOON Jaeyoung (KOR),ELOI Damien
Swedish Open Gothenburg 2005,2005-11-17,LEE Jungwoo,MIZUTANI Jun,4,1,"11,11,10,11,11|8,6,12,8,9",R64,GRAND_SLAM,MS,1759,Main Draw,LEE Jungwoo (KOR),MIZUTANI Jun (JPN),LEE Jungwoo
Swedish Open Gothenburg 2005,2005-11-17,JOO Saehyuk,LO Dany,4,2,"11,8,13,11,11,11|8,11,15,3,3,4",R64,GRAND_SLAM,MS,1759,Main Draw,JOO Saehyuk (KOR),LO Dany (FRA),JOO Saehyuk
Swedish Open Gothenburg 2005,2005-11-17,MA Long,YOSHIDA Kaii,4,1,"11,11,11,11,11|8,8,7,13,8",R64,GRAND_SLAM,MS,1759,Main Draw,MA Long (CHN),YOSHIDA Kaii (JPN),MA Long
Swedish Open Gothenburg 2005,2005-11-17,WOSIK Torben,TANG Peng,4,1,"11,3,11,13,11|8,11,5,11,6",R64,GRAND_SLAM,MS,1759,Main Draw,WOSIK Torben (GER),TANG Peng (HKG),WOSIK Torben
Swedish Open Gothenburg 2005,2005-11-17,SCHLAGER Werner,JIANG Weizhong,4,1,"11,8,11,11,11|9,11,8,8,6",R64,GRAND_SLAM,MS,1759,Main Draw,SCHLAGER Werner (AUT),JIANG Weizhong (CRO),SCHLAGER Werner
Swedish Open Gothenburg 2005,2005-11-17,CHUANG Chih-Yuan,VOZICKY Bohumil,4,2,"11,4,9,11,11,11|9,11,11,7,8,3",R64,GRAND_SLAM,MS,1759,Main Draw,CHUANG Chih-Yuan (TPE),VOZICKY Bohumil (CZE),CHUANG Chih-Yuan
Swedish Open Gothenburg 2005,2005-11-17,HIELSCHER Lars,MANSSON Magnus,4,3,"11,7,11,8,11,9,12|8,11,2,11,4,11,10",R64,GRAND_SLAM,MS,1759,Main Draw,HIELSCHER Lars (GER),MANSSON Magnus (SWE),HIELSCHER Lars
Swedish Open Gothenburg 2005,2005-11-17,TAN Ruiwu,WANG Jianfeng,4,0,"11,12,11,14|7,10,7,12",R64,GRAND_SLAM,MS,1759,Main Draw,TAN Ruiwu (CRO),WANG Jianfeng (NOR),TAN Ruiwu
Swedish Open Gothenburg 2005,2005-11-17,KARLSSON Peter,HOYAMA Hugo,4,1,"11,11,11,9,11|7,2,9,11,6",R64,GRAND_SLAM,MS,1759,Main Draw,KARLSSON Peter (SWE),HOYAMA Hugo (BRA),KARLSSON Peter
Swedish Open Gothenburg 2005,2005-11-17,HAO Shuai,CARNEROS Alfredo,4,0,"11,12,11,11|4,10,7,5",R64,GRAND_SLAM,MS,1759,Main Draw,HAO Shuai (CHN),CARNEROS Alfredo (ESP),HAO Shuai
Swedish Open Gothenburg 2005,2005-11-17,LEUNG Chu Yan,HABESOHN Daniel,4,0,"11,11,11,11|7,8,7,7",R64,GRAND_SLAM,MS,1759,Main Draw,LEUNG Chu Yan (HKG),HABESOHN Daniel (AUT),LEUNG Chu Yan
Swedish Open Gothenburg 2005,2005-11-17,ZHANG Chao,FEJER-KONNERTH Zoltan,4,3,"13,8,11,10,11,10,11|11,11,8,12,7,12,9",R64,GRAND_SLAM,MS,1759,Main Draw,ZHANG Chao (CHN),FEJER-KONNERTH Zoltan (GER),ZHANG Chao
Swedish Open Gothenburg 2005,2005-11-17,RYU Seungmin,LI Ping,4,3,"11,6,11,4,11,6,11|7,11,8,11,6,11,9",R64,GRAND_SLAM,MS,1759,Main Draw,RYU Seungmin (KOR),LI Ping (QAT),RYU Seungmin
Swedish Open Gothenburg 2005,2005-11-17,LIU Guozheng,PLACHY Josef,4,0,"11,11,11,11|8,6,4,6",R64,GRAND_SLAM,MS,1759,Main Draw,LIU Guozheng (CHN),PLACHY Josef (CZE),LIU Guozheng
Swedish Open Gothenburg 2005,2005-11-17,GIONIS Panagiotis,STEGER Bastian,4,0,"11,11,11,11|5,7,5,5",R64,GRAND_SLAM,MS,1759,Main Draw,GIONIS Panagiotis (GRE),STEGER Bastian (GER),GIONIS Panagiotis
Swedish Open Gothenburg 2005,2005-11-17,SUSS Christian,GERELL Par,4,3,"10,11,11,8,11,6,11|12,5,3,11,8,11,4",R64,GRAND_SLAM,MS,1759,Main Draw,SUSS Christian (GER),GERELL Par (SWE),SUSS Christian
Swedish Open Gothenburg 2005,2005-11-17,BLASZCZYK Lucjan,BOBILLIER Loic,4,2,"4,12,7,11,11,11|11,10,11,8,4,4",R64,GRAND_SLAM,MS,1759,Main Draw,BLASZCZYK Lucjan (POL),BOBILLIER Loic (FRA),BLASZCZYK Lucjan
Swedish Open Gothenburg 2005,2005-11-17,XU Hui,KORBEL Petr,4,0,"11,13,11,11|5,11,7,8",R64,GRAND_SLAM,MS,1759,Main Draw,XU Hui (CHN),KORBEL Petr (CZE),XU Hui
Swedish Open Gothenburg 2005,2005-11-17,OLEJNIK Martin,CHILA Patrick,4,2,"11,10,11,11,9,11|7,12,6,4,11,6",R64,GRAND_SLAM,MS,1759,Main Draw,OLEJNIK Martin (CZE),CHILA Patrick (FRA),OLEJNIK Martin
Swedish Open Gothenburg 2005,2005-11-17,WANG Zengyi,LEGOUT Christophe,4,1,"5,11,12,11,11|11,5,10,8,7",R64,GRAND_SLAM,MS,1759,Main Draw,WANG Zengyi (POL),LEGOUT Christophe (FRA),WANG Zengyi
Swedish Open Gothenburg 2005,2005-11-17,CHEN Weixing,FILIMON Andrei,4,0,"11,12,11,11|8,10,5,7",R64,GRAND_SLAM,MS,1759,Main Draw,CHEN Weixing (AUT),FILIMON Andrei (ROU),CHEN Weixing
Swedish Open Gothenburg 2005,2005-11-17,SAIVE Jean-Michel,LIM Jaehyun,4,1,"11,11,12,11,11|8,4,14,5,8",R64,GRAND_SLAM,MS,1759,Main Draw,SAIVE Jean-Michel (BEL),LIM Jaehyun (KOR),SAIVE Jean-Michel
Swedish Open Gothenburg 2005,2005-11-17,YANG Min,VOSTES Yannick,4,1,"11,11,11,9,11|4,8,1,11,6",R64,GRAND_SLAM,MS,1759,Main Draw,YANG Min (ITA),VOSTES Yannick (BEL),YANG Min
Swedish Open Gothenburg 2005,2005-11-17,LIN Ju,CABESTANY Cedrik,4,1,"11,11,6,11,13|9,7,11,9,11",R64,GRAND_SLAM,MS,1759,Main Draw,LIN Ju (DOM),CABESTANY Cedrik (FRA),LIN Ju
Swedish Open Gothenburg 2005,2005-11-17,SUCH Bartosz,CHOI Hyunjin,4,3,"13,7,9,4,11,11,11|11,11,11,11,7,9,9",R64,GRAND_SLAM,MS,1759,Main Draw,SUCH Bartosz (POL),CHOI Hyunjin (KOR),SUCH Bartosz
Swedish Open Gothenburg 2005,2005-11-17,ERLANDSEN Geir,SMIRNOV Alexey,4,2,"11,15,5,6,11,11|8,13,11,11,4,6",R64,GRAND_SLAM,MS,1759,Main Draw,ERLANDSEN Geir (NOR),SMIRNOV Alexey (RUS),ERLANDSEN Geir
Swedish Open Gothenburg 2005,2005-11-17,CHEUNG Yuk,MAZUNOV Dmitry,4,1,"11,11,12,11,12|13,1,10,9,10",R64,GRAND_SLAM,MS,1759,Main Draw,CHEUNG Yuk (HKG),MAZUNOV Dmitry (RUS),CHEUNG Yuk
Swedish Open Gothenburg 2005,2005-11-17,KEEN Trinko,KEINATH Thomas,4,3,"11,7,8,11,12,11,13|13,11,11,9,10,8,11",R64,GRAND_SLAM,MS,1759,Main Draw,KEEN Trinko (NED),KEINATH Thomas (SVK),KEEN Trinko
Swedish Open Gothenburg 2005,2005-11-17,OH Sangeun,JAKAB Janos,4,1,"9,11,11,11,11|11,7,7,6,4",R64,GRAND_SLAM,MS,1759,Main Draw,OH Sangeun (KOR),JAKAB Janos (HUN),OH Sangeun
Swedish Open Gothenburg 2005,2005-11-17,BOLL Timo,TOSIC Roko,4,0,"11,11,11,11|8,6,3,8",R32,GRAND_SLAM,MS,1759,Main Draw,BOLL Timo (GER),TOSIC Roko (CRO),BOLL Timo
Swedish Open Gothenburg 2005,2005-11-17,LEE Jungwoo,ELOI Damien,4,0,"11,11,12,11|6,8,10,6",R32,GRAND_SLAM,MS,1759,Main Draw,LEE Jungwoo (KOR),ELOI Damien (FRA),LEE Jungwoo
Swedish Open Gothenburg 2005,2005-11-17,MA Long,JOO Saehyuk,4,3,"11,11,11,11,11,7,11|13,3,8,13,9,11,8",R32,GRAND_SLAM,MS,1759,Main Draw,MA Long (CHN),JOO Saehyuk (KOR),MA Long
Swedish Open Gothenburg 2005,2005-11-17,SCHLAGER Werner,WOSIK Torben,4,1,"11,11,6,11,11|2,8,11,9,9",R32,GRAND_SLAM,MS,1759,Main Draw,SCHLAGER Werner (AUT),WOSIK Torben (GER),SCHLAGER Werner
Swedish Open Gothenburg 2005,2005-11-17,CHUANG Chih-Yuan,HIELSCHER Lars,4,2,"8,11,11,11,9,11|11,5,7,9,11,6",R32,GRAND_SLAM,MS,1759,Main Draw,CHUANG Chih-Yuan (TPE),HIELSCHER Lars (GER),CHUANG Chih-Yuan
Swedish Open Gothenburg 2005,2005-11-17,TAN Ruiwu,KARLSSON Peter,4,2,"11,11,8,6,11,11|5,4,11,11,7,8",R32,GRAND_SLAM,MS,1759,Main Draw,TAN Ruiwu (CRO),KARLSSON Peter (SWE),TAN Ruiwu
Swedish Open Gothenburg 2005,2005-11-17,HAO Shuai,LEUNG Chu Yan,4,2,"9,12,8,11,11,11|11,0,11,9,9,6",R32,GRAND_SLAM,MS,1759,Main Draw,HAO Shuai (CHN),LEUNG Chu Yan (HKG),HAO Shuai
Swedish Open Gothenburg 2005,2005-11-17,ZHANG Chao,RYU Seungmin,4,2,"11,11,7,8,11,11|9,8,11,11,6,5",R32,GRAND_SLAM,MS,1759,Main Draw,ZHANG Chao (CHN),RYU Seungmin (KOR),ZHANG Chao
Swedish Open Gothenburg 2005,2005-11-17,LIU Guozheng,GIONIS Panagiotis,4,0,"11,11,11,16|9,6,9,14",R32,GRAND_SLAM,MS,1759,Main Draw,LIU Guozheng (CHN),GIONIS Panagiotis (GRE),LIU Guozheng
Swedish Open Gothenburg 2005,2005-11-17,BLASZCZYK Lucjan,SUSS Christian,4,2,"11,5,11,6,11,11|9,11,9,11,2,9",R32,GRAND_SLAM,MS,1759,Main Draw,BLASZCZYK Lucjan (POL),SUSS Christian (GER),BLASZCZYK Lucjan
Swedish Open Gothenburg 2005,2005-11-17,XU Hui,OLEJNIK Martin,4,2,"9,11,7,11,11,11|11,8,11,6,8,5",R32,GRAND_SLAM,MS,1759,Main Draw,XU Hui (CHN),OLEJNIK Martin (CZE),XU Hui
Swedish Open Gothenburg 2005,2005-11-17,CHEN Weixing,WANG Zengyi,4,1,"11,7,11,11,11|5,11,8,9,9",R32,GRAND_SLAM,MS,1759,Main Draw,CHEN Weixing (AUT),WANG Zengyi (POL),CHEN Weixing
Swedish Open Gothenburg 2005,2005-11-17,SAIVE Jean-Michel,YANG Min,4,1,"11,6,11,11,11|6,11,4,7,8",R32,GRAND_SLAM,MS,1759,Main Draw,SAIVE Jean-Michel (BEL),YANG Min (ITA),SAIVE Jean-Michel
Swedish Open Gothenburg 2005,2005-11-17,LIN Ju,SUCH Bartosz,4,0,"11,11,11,11|9,8,9,7",R32,GRAND_SLAM,MS,1759,Main Draw,LIN Ju (DOM),SUCH Bartosz (POL),LIN Ju
Swedish Open Gothenburg 2005,2005-11-17,CHEUNG Yuk,ERLANDSEN Geir,4,2,"6,11,6,11,11,11|11,4,11,7,8,1",R32,GRAND_SLAM,MS,1759,Main Draw,CHEUNG Yuk (HKG),ERLANDSEN Geir (NOR),CHEUNG Yuk
Swedish Open Gothenburg 2005,2005-11-17,KEEN Trinko,OH Sangeun,4,3,"11,11,3,8,5,11,11|9,5,11,11,11,8,3",R32,GRAND_SLAM,MS,1759,Main Draw,KEEN Trinko (NED),OH Sangeun (KOR),KEEN Trinko
Swedish Open Gothenburg 2005,2005-11-17,BOLL Timo,LEE Jungwoo,4,2,"8,11,11,11,7,11|11,8,8,4,11,5",R16,GRAND_SLAM,MS,1759,Main Draw,BOLL Timo (GER),LEE Jungwoo (KOR),BOLL Timo
Swedish Open Gothenburg 2005,2005-11-17,MA Long,SCHLAGER Werner,4,0,"11,11,11,11|2,8,8,5",R16,GRAND_SLAM,MS,1759,Main Draw,MA Long (CHN),SCHLAGER Werner (AUT),MA Long
Swedish Open Gothenburg 2005,2005-11-17,CHUANG Chih-Yuan,TAN Ruiwu,4,2,"6,11,11,11,9,11|11,2,9,7,11,8",R16,GRAND_SLAM,MS,1759,Main Draw,CHUANG Chih-Yuan (TPE),TAN Ruiwu (CRO),CHUANG Chih-Yuan
Swedish Open Gothenburg 2005,2005-11-17,HAO Shuai,ZHANG Chao,4,2,"11,11,11,7,12,14|3,9,7,11,14,12",R16,GRAND_SLAM,MS,1759,Main Draw,HAO Shuai (CHN),ZHANG Chao (CHN),HAO Shuai
Swedish Open Gothenburg 2005,2005-11-17,LIU Guozheng,BLASZCZYK Lucjan,4,1,"6,11,12,11,11|11,8,10,7,7",R16,GRAND_SLAM,MS,1759,Main Draw,LIU Guozheng (CHN),BLASZCZYK Lucjan (POL),LIU Guozheng
Swedish Open Gothenburg 2005,2005-11-17,CHEN Weixing,XU Hui,4,2,"8,14,9,11,11,11|11,12,11,5,9,9",R16,GRAND_SLAM,MS,1759,Main Draw,CHEN Weixing (AUT),XU Hui (CHN),CHEN Weixing
Swedish Open Gothenburg 2005,2005-11-17,SAIVE Jean-Michel,LIN Ju,4,1,"11,11,8,11,11|8,5,11,6,7",R16,GRAND_SLAM,MS,1759,Main Draw,SAIVE Jean-Michel (BEL),LIN Ju (DOM),SAIVE Jean-Michel
Swedish Open Gothenburg 2005,2005-11-17,KEEN Trinko,CHEUNG Yuk,4,1,"11,5,11,11,11|7,11,9,9,1",R16,GRAND_SLAM,MS,1759,Main Draw,KEEN Trinko (NED),CHEUNG Yuk (HKG),KEEN Trinko
Swedish Open Gothenburg 2005,2005-11-17,BOLL Timo,MA Long,4,2,"6,11,11,11,8,11|11,7,6,9,11,1",QF,GRAND_SLAM,MS,1759,Main Draw,BOLL Timo (GER),MA Long (CHN),BOLL Timo
Swedish Open Gothenburg 2005,2005-11-17,HAO Shuai,CHUANG Chih-Yuan,4,3,"7,11,6,11,5,11,11|11,5,11,9,11,4,5",QF,GRAND_SLAM,MS,1759,Main Draw,HAO Shuai (CHN),CHUANG Chih-Yuan (TPE),HAO Shuai
Swedish Open Gothenburg 2005,2005-11-17,LIU Guozheng,CHEN Weixing,4,3,"11,8,11,3,11,9,11|4,11,6,11,4,11,4",QF,GRAND_SLAM,MS,1759,Main Draw,LIU Guozheng (CHN),CHEN Weixing (AUT),LIU Guozheng
Swedish Open Gothenburg 2005,2005-11-17,SAIVE Jean-Michel,KEEN Trinko,4,3,"9,5,12,1,11,11,11|11,11,10,11,7,8,7",QF,GRAND_SLAM,MS,1759,Main Draw,SAIVE Jean-Michel (BEL),KEEN Trinko (NED),SAIVE Jean-Michel
Swedish Open Gothenburg 2005,2005-11-17,BOLL Timo,HAO Shuai,4,1,"11,11,11,5,11|6,3,7,11,9",SF,GRAND_SLAM,MS,1759,Main Draw,BOLL Timo (GER),HAO Shuai (CHN),BOLL Timo
Swedish Open Gothenburg 2005,2005-11-17,SAIVE Jean-Michel,LIU Guozheng,4,1,"5,11,11,11,13|11,4,9,3,11",SF,GRAND_SLAM,MS,1759,Main Draw,SAIVE Jean-Michel (BEL),LIU Guozheng (CHN),SAIVE Jean-Michel
Swedish Open Gothenburg 2005,2005-11-17,BOLL Timo,SAIVE Jean-Michel,4,2,"8,11,11,10,11,13|11,7,7,12,6,11",F,GRAND_SLAM,MS,1759,Main Draw,BOLL Timo (GER),SAIVE Jean-Michel (BEL),BOLL Timo
Swedish Open Gothenburg 2005,2005-11-17,BOBILLIER Loic,CHO Jihoon,4,0,"13,11,11,11|11,8,7,6",QR64,GRAND_SLAM,MS,1759,Qualification,BOBILLIER Loic (FRA),CHO Jihoon (KOR),BOBILLIER Loic
Swedish Open Gothenburg 2005,2005-11-17,JAKAB Janos,ZUBCIC Tomislav,4,1,"12,11,7,11,11|10,5,11,6,7",QR64,GRAND_SLAM,MS,1759,Qualification,JAKAB Janos (HUN),ZUBCIC Tomislav (CRO),JAKAB Janos
Swedish Open Gothenburg 2005,2005-11-17,TANG Peng,CHO Eonrae,4,1,"8,12,11,11,11|11,10,6,1,6",QR64,GRAND_SLAM,MS,1759,Qualification,TANG Peng (HKG),CHO Eonrae (KOR),TANG Peng
Swedish Open Gothenburg 2005,2005-11-17,MIZUTANI Jun,STENBERG Mattias,4,1,"12,11,11,7,11|10,7,8,11,6",QR64,GRAND_SLAM,MS,1759,Qualification,MIZUTANI Jun (JPN),STENBERG Mattias (SWE),MIZUTANI Jun
Swedish Open Gothenburg 2005,2005-11-17,CARNEROS Alfredo,MOLIN Magnus,4,2,"11,11,9,11,9,11|9,5,11,9,11,9",QR64,GRAND_SLAM,MS,1759,Qualification,CARNEROS Alfredo (ESP),MOLIN Magnus (SWE),CARNEROS Alfredo
Swedish Open Gothenburg 2005,2005-11-17,PLACHY Josef,FETH Stefan,4,1,"10,11,11,11,11|12,9,6,9,9",QR64,GRAND_SLAM,MS,1759,Qualification,PLACHY Josef (CZE),FETH Stefan (GER),PLACHY Josef
Swedish Open Gothenburg 2005,2005-11-17,GERELL Par,JIANG Tianyi,4,0,"11,12,15,11|7,10,13,7",QR64,GRAND_SLAM,MS,1759,Qualification,GERELL Par (SWE),JIANG Tianyi (HKG),GERELL Par
Swedish Open Gothenburg 2005,2005-11-17,FILIMON Andrei,MOLDOVAN Istvan,4,3,"7,11,4,7,11,11,11|11,9,11,11,8,7,3",QR64,GRAND_SLAM,MS,1759,Qualification,FILIMON Andrei (ROU),MOLDOVAN Istvan (NOR),FILIMON Andrei
Swedish Open Gothenburg 2005,2005-11-17,XU Hui,MONTEIRO Joao,4,0,"11,11,13,11|2,9,11,5",QR64,GRAND_SLAM,MS,1759,Qualification,XU Hui (CHN),MONTEIRO Joao (POR),XU Hui
Swedish Open Gothenburg 2005,2005-11-17,LI Ping,OLLIVIER Brice,4,0,"11,11,11,11|7,5,9,6",QR64,GRAND_SLAM,MS,1759,Qualification,LI Ping (QAT),OLLIVIER Brice (FRA),LI Ping
Swedish Open Gothenburg 2005,2005-11-17,JIANG Weizhong,MACHADO Carlos,4,3,"9,11,11,5,11,7,12|11,6,9,11,8,11,10",QR64,GRAND_SLAM,MS,1759,Qualification,JIANG Weizhong (CRO),MACHADO Carlos (ESP),JIANG Weizhong
Swedish Open Gothenburg 2005,2005-11-17,VOZICKY Bohumil,TAKAKIWA Taku,4,2,"4,5,11,11,11,11|11,11,9,7,4,9",QR64,GRAND_SLAM,MS,1759,Qualification,VOZICKY Bohumil (CZE),TAKAKIWA Taku (JPN),VOZICKY Bohumil
Swedish Open Gothenburg 2005,2005-11-17,OLEJNIK Martin,PHUNG Armand,4,2,"15,7,11,9,11,11|13,11,3,11,7,6",QR64,GRAND_SLAM,MS,1759,Qualification,OLEJNIK Martin (CZE),PHUNG Armand (FRA),OLEJNIK Martin
Swedish Open Gothenburg 2005,2005-11-17,MANSSON Magnus,FAN Guoliang,4,2,"3,11,5,11,11,11|11,6,11,3,8,8",QR64,GRAND_SLAM,MS,1759,Qualification,MANSSON Magnus (SWE),FAN Guoliang (ESP),MANSSON Magnus
Swedish Open Gothenburg 2005,2005-11-17,LO Dany,KISHIKAWA Seiya,4,3,"11,11,13,3,7,8,12|5,9,11,11,11,11,10",QR64,GRAND_SLAM,MS,1759,Qualification,LO Dany (FRA),KISHIKAWA Seiya (JPN),LO Dany
Swedish Open Gothenburg 2005,2005-11-17,HOYAMA Hugo,ROBERTSON Adam,4,0,"13,11,11,11|11,5,6,5",QR64,GRAND_SLAM,MS,1759,Qualification,HOYAMA Hugo (BRA),ROBERTSON Adam (WAL),HOYAMA Hugo
Swedish Open Gothenburg 2005,2005-11-17,CABESTANY Cedrik,TAKAKIWA Kenichi,4,1,"11,11,11,11,11|9,9,13,3,4",QR64,GRAND_SLAM,MS,1759,Qualification,CABESTANY Cedrik (FRA),TAKAKIWA Kenichi (JPN),CABESTANY Cedrik
Swedish Open Gothenburg 2005,2005-11-17,KLEPRLIK Michal,DAVIDOVICH Dmitry,3,1,"11,11,4,15|5,8,11,13",,GRAND_SLAM,U21MS,1759,Qualification,KLEPRLIK Michal (CZE),DAVIDOVICH Dmitry (BLR),KLEPRLIK Michal
Swedish Open Gothenburg 2005,2005-11-17,APOLONIA Tiago,KLEPRLIK Michal,3,1,"12,6,11,11|10,11,6,4",QR2,GRAND_SLAM,U21MS,1759,Qualification,APOLONIA Tiago (POR),KLEPRLIK Michal (CZE),APOLONIA Tiago
Swedish Open Gothenburg 2005,2005-11-17,APOLONIA Tiago,DAVIDOVICH Dmitry,3,0,"11,11,11|5,6,2",3,GRAND_SLAM,U21MS,1759,Qualification,APOLONIA Tiago (POR),DAVIDOVICH Dmitry (BLR),APOLONIA Tiago
Swedish Open Gothenburg 2005,2005-11-17,MATTENET Adrien,HINSE Pierre-Luc,3,2,"13,12,6,11,12|11,14,11,7,10",,GRAND_SLAM,U21MS,1759,Qualification,MATTENET Adrien (FRA),HINSE Pierre-Luc (CAN),MATTENET Adrien
Swedish Open Gothenburg 2005,2005-11-17,NAKANO Yusuke,HINSE Pierre-Luc,3,1,"7,11,11,11|11,9,4,3",QR2,GRAND_SLAM,U21MS,1759,Qualification,NAKANO Yusuke (JPN),HINSE Pierre-Luc (CAN),NAKANO Yusuke
Swedish Open Gothenburg 2005,2005-11-17,MATTENET Adrien,NAKANO Yusuke,3,0,"12,11,11|10,2,9",3,GRAND_SLAM,U21MS,1759,Qualification,MATTENET Adrien (FRA),NAKANO Yusuke (JPN),MATTENET Adrien
Swedish Open Gothenburg 2005,2005-11-17,BAUBET Vincent,STERNBERG Kasper,3,1,"11,14,8,11|9,12,11,6",,GRAND_SLAM,U21MS,1759,Qualification,BAUBET Vincent (FRA),STERNBERG Kasper (DEN),BAUBET Vincent
Swedish Open Gothenburg 2005,2005-11-17,CHOU Tung-Yu,STERNBERG Kasper,3,0,"11,11,11|9,9,6",QR2,GRAND_SLAM,U21MS,1759,Qualification,CHOU Tung-Yu (TPE),STERNBERG Kasper (DEN),CHOU Tung-Yu
Swedish Open Gothenburg 2005,2005-11-17,MADRID Marcos,BALTRUSHKA Dzmitry,3,1,"11,5,12,11|9,11,10,9",,GRAND_SLAM,U21MS,1759,Qualification,MADRID Marcos (MEX),BALTRUSHKA Dzmitry (BLR),MADRID Marcos
Swedish Open Gothenburg 2005,2005-11-17,DESPRES Rodolphe,BALTRUSHKA Dzmitry,3,2,"7,11,5,11,11|11,9,11,9,8",QR2,GRAND_SLAM,U21MS,1759,Qualification,DESPRES Rodolphe (FRA),BALTRUSHKA Dzmitry (BLR),DESPRES Rodolphe
Swedish Open Gothenburg 2005,2005-11-17,DESPRES Rodolphe,MADRID Marcos,3,0,"11,11,11|4,7,7",3,GRAND_SLAM,U21MS,1759,Qualification,DESPRES Rodolphe (FRA),MADRID Marcos (MEX),DESPRES Rodolphe
Swedish Open Gothenburg 2005,2005-11-17,AARAS Arne,RAMSTRAND Tomas,3,1,"11,11,6,13|4,8,11,11",,GRAND_SLAM,U21MS,1759,Qualification,AARAS Arne (NOR),RAMSTRAND Tomas (SWE),AARAS Arne
Swedish Open Gothenburg 2005,2005-11-17,ELENSKY Gregory,RAMSTRAND Tomas,3,1,"11,9,11,11|8,11,6,5",QR2,GRAND_SLAM,U21MS,1759,Qualification,ELENSKY Gregory (ISR),RAMSTRAND Tomas (SWE),ELENSKY Gregory
Swedish Open Gothenburg 2005,2005-11-17,ELENSKY Gregory,AARAS Arne,3,1,"7,13,11,11|11,11,8,8",3,GRAND_SLAM,U21MS,1759,Qualification,ELENSKY Gregory (ISR),AARAS Arne (NOR),ELENSKY Gregory
Swedish Open Gothenburg 2005,2005-11-17,CARVALHO Efraim,ZLAMAL Jaromir,3,1,"8,11,13,11|11,7,11,9",,GRAND_SLAM,U21MS,1759,Qualification,CARVALHO Efraim (BRA),ZLAMAL Jaromir (CZE),CARVALHO Efraim
Swedish Open Gothenburg 2005,2005-11-17,ZUBCIC Tomislav,ZLAMAL Jaromir,3,0,"11,11,11|9,3,8",QR2,GRAND_SLAM,U21MS,1759,Qualification,ZUBCIC Tomislav (CRO),ZLAMAL Jaromir (CZE),ZUBCIC Tomislav
Swedish Open Gothenburg 2005,2005-11-17,ZUBCIC Tomislav,CARVALHO Efraim,3,1,"11,11,9,11|4,9,11,4",3,GRAND_SLAM,U21MS,1759,Qualification,ZUBCIC Tomislav (CRO),CARVALHO Efraim (BRA),ZUBCIC Tomislav
Swedish Open Gothenburg 2005,2005-11-17,BERNER Eric,RASMUSSEN Claus,3,1,"4,11,12,11|11,7,10,9",,GRAND_SLAM,U21MS,1759,Qualification,BERNER Eric (NOR),RASMUSSEN Claus (DEN),BERNER Eric
Swedish Open Gothenburg 2005,2005-11-17,KONECNY Tomas,BERNER Eric,3,1,"9,12,11,11|11,10,4,5",QR2,GRAND_SLAM,U21MS,1759,Qualification,KONECNY Tomas (CZE),BERNER Eric (NOR),KONECNY Tomas
Swedish Open Gothenburg 2005,2005-11-17,KONECNY Tomas,RASMUSSEN Claus,3,1,"11,8,11,11|7,11,8,6",3,GRAND_SLAM,U21MS,1759,Qualification,KONECNY Tomas (CZE),RASMUSSEN Claus (DEN),KONECNY Tomas
Swedish Open Gothenburg 2005,2005-11-17,MALICKI Szymon,FRIBY Silas,3,0,"11,11,11|7,7,5",,GRAND_SLAM,U21MS,1759,Qualification,MALICKI Szymon (POL),FRIBY Silas (DEN),MALICKI Szymon
Swedish Open Gothenburg 2005,2005-11-17,GAVLAS Antonin,FRIBY Silas,3,2,"10,11,6,11,11|12,4,11,7,6",QR2,GRAND_SLAM,U21MS,1759,Qualification,GAVLAS Antonin (CZE),FRIBY Silas (DEN),GAVLAS Antonin
Swedish Open Gothenburg 2005,2005-11-17,GAVLAS Antonin,MALICKI Szymon,3,0,"11,11,11|6,4,5",3,GRAND_SLAM,U21MS,1759,Qualification,GAVLAS Antonin (CZE),MALICKI Szymon (POL),GAVLAS Antonin
Swedish Open Gothenburg 2005,2005-11-17,URBANEK Jan,DAVIS Kyle,3,2,"11,9,9,11,11|5,11,11,7,7",,GRAND_SLAM,U21MS,1759,Qualification,URBANEK Jan (CZE),DAVIS Kyle (AUS),URBANEK Jan
Swedish Open Gothenburg 2005,2005-11-17,DAVIS Kyle,JAPEC Tomislav,4,0,,QR2,GRAND_SLAM,U21MS,1759,Qualification,DAVIS Kyle (AUS),JAPEC Tomislav (CRO),DAVIS Kyle
Swedish Open Gothenburg 2005,2005-11-17,URBANEK Jan,JAPEC Tomislav,3,0,,3,GRAND_SLAM,U21MS,1759,Qualification,URBANEK Jan (CZE),JAPEC Tomislav (CRO),URBANEK Jan
Swedish Open Gothenburg 2005,2005-11-17,AUFRERE Julien,HINDERSSON Mikkel,3,0,"11,11,11|4,6,7",,GRAND_SLAM,U21MS,1759,Qualification,AUFRERE Julien (FRA),HINDERSSON Mikkel (DEN),AUFRERE Julien
Swedish Open Gothenburg 2005,2005-11-17,DAVID Petr,HINDERSSON Mikkel,3,1,"14,11,7,11|12,4,11,6",QR2,GRAND_SLAM,U21MS,1759,Qualification,DAVID Petr (CZE),HINDERSSON Mikkel (DEN),DAVID Petr
Swedish Open Gothenburg 2005,2005-11-17,DAVID Petr,AUFRERE Julien,3,2,"5,5,15,11,11|11,11,13,4,7",3,GRAND_SLAM,U21MS,1759,Qualification,DAVID Petr (CZE),AUFRERE Julien (FRA),DAVID Petr
Swedish Open Gothenburg 2005,2005-11-17,PLACEK Frantisek,SALIFOU Abdel-Kader,3,2,"13,8,13,11,11|15,11,11,8,8",,GRAND_SLAM,U21MS,1759,Qualification,PLACEK Frantisek (CZE),SALIFOU Abdel-Kader (BEN),PLACEK Frantisek
Swedish Open Gothenburg 2005,2005-11-17,HABESOHN Daniel,PLACEK Frantisek,3,1,"11,11,9,11|7,7,11,9",QR2,GRAND_SLAM,U21MS,1759,Qualification,HABESOHN Daniel (AUT),PLACEK Frantisek (CZE),HABESOHN Daniel
Swedish Open Gothenburg 2005,2005-11-17,HABESOHN Daniel,SALIFOU Abdel-Kader,3,0,"13,12,11|11,10,8",3,GRAND_SLAM,U21MS,1759,Qualification,HABESOHN Daniel (AUT),SALIFOU Abdel-Kader (BEN),HABESOHN Daniel
Swedish Open Gothenburg 2005,2005-11-17,SINGH Martin,DEBRUYERES Clement,3,1,"4,11,11,11|11,6,9,6",,GRAND_SLAM,U21MS,1759,Qualification,SINGH Martin (SWE),DEBRUYERES Clement (FRA),SINGH Martin
Swedish Open Gothenburg 2005,2005-11-17,VOSTES Yannick,SINGH Martin,3,1,"11,10,11,11|4,12,7,7",QR2,GRAND_SLAM,U21MS,1759,Qualification,VOSTES Yannick (BEL),SINGH Martin (SWE),VOSTES Yannick
Swedish Open Gothenburg 2005,2005-11-17,VOSTES Yannick,DEBRUYERES Clement,3,1,"11,11,9,11|6,6,11,9",3,GRAND_SLAM,U21MS,1759,Qualification,VOSTES Yannick (BEL),DEBRUYERES Clement (FRA),VOSTES Yannick
Swedish Open Gothenburg 2005,2005-11-17,AKERSTROM Fabian,BEZARD Pierre,3,0,"11,11,11|4,9,6",,GRAND_SLAM,U21MS,1759,Qualification,AKERSTROM Fabian (SWE),BEZARD Pierre (FRA),AKERSTROM Fabian
Swedish Open Gothenburg 2005,2005-11-17,VLASOV Grigory,BEZARD Pierre,3,2,"10,11,11,10,11|12,4,1,12,4",QR2,GRAND_SLAM,U21MS,1759,Qualification,VLASOV Grigory (RUS),BEZARD Pierre (FRA),VLASOV Grigory
Swedish Open Gothenburg 2005,2005-11-17,VLASOV Grigory,AKERSTROM Fabian,3,1,"11,7,11,12|8,11,4,10",3,GRAND_SLAM,U21MS,1759,Qualification,VLASOV Grigory (RUS),AKERSTROM Fabian (SWE),VLASOV Grigory
Swedish Open Gothenburg 2005,2005-11-17,ASMUSSEN Jakob,OBESLO Michal,3,2,"6,11,9,11,14|11,5,11,9,12",,GRAND_SLAM,U21MS,1759,Qualification,ASMUSSEN Jakob (DEN),OBESLO Michal (CZE),ASMUSSEN Jakob
Swedish Open Gothenburg 2005,2005-11-17,CHMIEL Pawel,OBESLO Michal,3,1,"11,11,9,11|6,8,11,7",QR2,GRAND_SLAM,U21MS,1759,Qualification,CHMIEL Pawel (POL),OBESLO Michal (CZE),CHMIEL Pawel
Swedish Open Gothenburg 2005,2005-11-17,ASMUSSEN Jakob,CHMIEL Pawel,3,2,"11,3,11,12,11|13,11,3,10,8",3,GRAND_SLAM,U21MS,1759,Qualification,ASMUSSEN Jakob (DEN),CHMIEL Pawel (POL),ASMUSSEN Jakob
Swedish Open Gothenburg 2005,2005-11-17,SABATINO Daniele,SUNDSTROM Ted,3,0,"11,11,11|6,6,8",,GRAND_SLAM,U21MS,1759,Qualification,SABATINO Daniele (ITA),SUNDSTROM Ted (SWE),SABATINO Daniele
Swedish Open Gothenburg 2005,2005-11-17,PEREK Jakub,SUNDSTROM Ted,3,0,"11,11,13|8,7,11",QR2,GRAND_SLAM,U21MS,1759,Qualification,PEREK Jakub (POL),SUNDSTROM Ted (SWE),PEREK Jakub
Swedish Open Gothenburg 2005,2005-11-17,PEREK Jakub,SABATINO Daniele,3,1,"8,11,11,11|11,8,7,9",3,GRAND_SLAM,U21MS,1759,Qualification,PEREK Jakub (POL),SABATINO Daniele (ITA),PEREK Jakub
Swedish Open Gothenburg 2005,2005-11-17,PAPADIMITRIOU Dimitrios,MONZO Oriol,3,2,"12,9,7,11,11|10,11,11,9,6",,GRAND_SLAM,U21MS,1759,Qualification,PAPADIMITRIOU Dimitrios (GRE),MONZO Oriol (ESP),PAPADIMITRIOU Dimitrios
Swedish Open Gothenburg 2005,2005-11-17,MONZO Oriol,OYA Hidetoshi,3,2,"5,11,8,11,11|11,5,11,6,5",QR2,GRAND_SLAM,U21MS,1759,Qualification,MONZO Oriol (ESP),OYA Hidetoshi (JPN),MONZO Oriol
Swedish Open Gothenburg 2005,2005-11-17,OYA Hidetoshi,PAPADIMITRIOU Dimitrios,3,0,"11,15,11|7,13,4",3,GRAND_SLAM,U21MS,1759,Qualification,OYA Hidetoshi (JPN),PAPADIMITRIOU Dimitrios (GRE),OYA Hidetoshi
Swedish Open Gothenburg 2005,2005-11-17,JIANG Tianyi,RONNINGBORN Niklas,3,1,"7,11,11,12|11,4,5,10",,GRAND_SLAM,U21MS,1759,Qualification,JIANG Tianyi (HKG),RONNINGBORN Niklas (SWE),JIANG Tianyi
Swedish Open Gothenburg 2005,2005-11-17,JIANG Tianyi,SPINICCHIA Simone,3,2,"11,11,9,6,11|7,8,11,11,8",QR2,GRAND_SLAM,U21MS,1759,Qualification,JIANG Tianyi (HKG),SPINICCHIA Simone (ITA),JIANG Tianyi
Swedish Open Gothenburg 2005,2005-11-17,SPINICCHIA Simone,RONNINGBORN Niklas,3,2,"7,5,11,11,11|11,11,6,7,8",3,GRAND_SLAM,U21MS,1759,Qualification,SPINICCHIA Simone (ITA),RONNINGBORN Niklas (SWE),SPINICCHIA Simone
Swedish Open Gothenburg 2005,2005-11-17,GOLOVANOV Stanislav,BUBA Ondrej,3,1,"9,11,11,11|11,2,3,7",,GRAND_SLAM,U21MS,1759,Qualification,GOLOVANOV Stanislav (BUL),BUBA Ondrej (CZE),GOLOVANOV Stanislav
Swedish Open Gothenburg 2005,2005-11-17,GACINA Andrej,BUBA Ondrej,3,0,"11,12,11|1,10,1",QR2,GRAND_SLAM,U21MS,1759,Qualification,GACINA Andrej (CRO),BUBA Ondrej (CZE),GACINA Andrej
Swedish Open Gothenburg 2005,2005-11-17,GACINA Andrej,GOLOVANOV Stanislav,3,1,"11,11,7,11|2,6,11,8",3,GRAND_SLAM,U21MS,1759,Qualification,GACINA Andrej (CRO),GOLOVANOV Stanislav (BUL),GACINA Andrej
Swedish Open Gothenburg 2005,2005-11-17,RYDEN Lukas,LI Ping,3,0,,,GRAND_SLAM,U21MS,1759,Qualification,RYDEN Lukas (SWE),LI Ping (QAT),RYDEN Lukas
Swedish Open Gothenburg 2005,2005-11-17,KLEPRLIK Jakub,LI Ping,3,0,,QR2,GRAND_SLAM,U21MS,1759,Qualification,KLEPRLIK Jakub (CZE),LI Ping (QAT),KLEPRLIK Jakub
Swedish Open Gothenburg 2005,2005-11-17,RYDEN Lukas,KLEPRLIK Jakub,3,0,"11,11,11|8,3,8",3,GRAND_SLAM,U21MS,1759,Qualification,RYDEN Lukas (SWE),KLEPRLIK Jakub (CZE),RYDEN Lukas
Swedish Open Gothenburg 2005,2005-11-17,ONO Tatsuya,DEVAUX Jimmy,3,1,"13,9,13,11|11,11,11,7",,GRAND_SLAM,U21MS,1759,Qualification,ONO Tatsuya (JPN),DEVAUX Jimmy (FRA),ONO Tatsuya
Swedish Open Gothenburg 2005,2005-11-17,ONO Tatsuya,HABESOHN Mathias,3,1,"11,11,11,11|13,4,5,4",QR2,GRAND_SLAM,U21MS,1759,Qualification,ONO Tatsuya (JPN),HABESOHN Mathias (AUT),ONO Tatsuya
Swedish Open Gothenburg 2005,2005-11-17,HABESOHN Mathias,DEVAUX Jimmy,3,2,"10,11,9,11,11|12,6,11,8,4",3,GRAND_SLAM,U21MS,1759,Qualification,HABESOHN Mathias (AUT),DEVAUX Jimmy (FRA),HABESOHN Mathias
Swedish Open Gothenburg 2005,2005-11-17,PERSSON Jon,ABE Kazuhiro,3,1,"9,11,11,11|11,7,5,3",,GRAND_SLAM,U21MS,1759,Qualification,PERSSON Jon (SWE),ABE Kazuhiro (JPN),PERSSON Jon
Swedish Open Gothenburg 2005,2005-11-17,BOBOCICA Mihai,ABE Kazuhiro,3,1,"13,11,9,11|11,9,11,9",QR2,GRAND_SLAM,U21MS,1759,Qualification,BOBOCICA Mihai (ITA),ABE Kazuhiro (JPN),BOBOCICA Mihai
Swedish Open Gothenburg 2005,2005-11-17,BOBOCICA Mihai,PERSSON Jon,3,1,"11,6,11,11|9,11,7,6",3,GRAND_SLAM,U21MS,1759,Qualification,BOBOCICA Mihai (ITA),PERSSON Jon (SWE),BOBOCICA Mihai
Swedish Open Gothenburg 2005,2005-11-17,HARA Masahiko,LEBESSON Emmanuel,3,2,"3,11,10,11,11|11,8,12,7,9",,GRAND_SLAM,U21MS,1759,Qualification,HARA Masahiko (JPN),LEBESSON Emmanuel (FRA),HARA Masahiko
Swedish Open Gothenburg 2005,2005-11-17,KOLAREK Tomislav,RELFSSON Kalle,3,2,"9,11,11,9,11|11,8,1,11,8",QR2,GRAND_SLAM,U21MS,1759,Qualification,KOLAREK Tomislav (CRO),RELFSSON Kalle (SWE),KOLAREK Tomislav
Swedish Open Gothenburg 2005,2005-11-17,HARA Masahiko,KOLAREK Tomislav,3,2,"11,11,5,11,11|7,13,11,7,6",3,GRAND_SLAM,U21MS,1759,Qualification,HARA Masahiko (JPN),KOLAREK Tomislav (CRO),HARA Masahiko
Swedish Open Gothenburg 2005,2005-11-17,LEBESSON Emmanuel,RELFSSON Kalle,3,0,"11,11,11|6,7,4",QR4,GRAND_SLAM,U21MS,1759,Qualification,LEBESSON Emmanuel (FRA),RELFSSON Kalle (SWE),LEBESSON Emmanuel
Swedish Open Gothenburg 2005,2005-11-17,LEBESSON Emmanuel,KOLAREK Tomislav,3,1,"10,11,11,11|12,6,7,5",5,GRAND_SLAM,U21MS,1759,Qualification,LEBESSON Emmanuel (FRA),KOLAREK Tomislav (CRO),LEBESSON Emmanuel
Swedish Open Gothenburg 2005,2005-11-17,HARA Masahiko,RELFSSON Kalle,3,2,"11,9,4,11,11|7,11,11,1,8",6,GRAND_SLAM,U21MS,1759,Qualification,HARA Masahiko (JPN),RELFSSON Kalle (SWE),HARA Masahiko
Swedish Open Gothenburg 2005,2005-11-17,LIM Jaehyun,MATTENET Adrien,4,1,"9,11,11,11,11|11,5,6,9,9",R32,GRAND_SLAM,U21MS,1759,Main Draw,LIM Jaehyun (KOR),MATTENET Adrien (FRA),LIM Jaehyun
Swedish Open Gothenburg 2005,2005-11-17,LEE Jungsam,URBANEK Jan,4,0,"13,15,11,11|11,13,7,5",R32,GRAND_SLAM,U21MS,1759,Main Draw,LEE Jungsam (KOR),URBANEK Jan (CZE),LEE Jungsam
Swedish Open Gothenburg 2005,2005-11-17,ROBERTSON Adam,DAVID Petr,4,3,"7,11,1,10,11,13,11|11,7,11,12,9,11,5",R32,GRAND_SLAM,U21MS,1759,Main Draw,ROBERTSON Adam (WAL),DAVID Petr (CZE),ROBERTSON Adam
Swedish Open Gothenburg 2005,2005-11-17,BERTIN Christophe,OYA Hidetoshi,4,1,"11,11,11,11,11|7,13,8,5,5",R32,GRAND_SLAM,U21MS,1759,Main Draw,BERTIN Christophe (FRA),OYA Hidetoshi (JPN),BERTIN Christophe
Swedish Open Gothenburg 2005,2005-11-17,KONECNY Tomas,WU Chih-Chi,4,1,"12,11,11,5,11|10,8,4,11,9",R32,GRAND_SLAM,U21MS,1759,Main Draw,KONECNY Tomas (CZE),WU Chih-Chi (TPE),KONECNY Tomas
Swedish Open Gothenburg 2005,2005-11-17,TAKAKIWA Kenichi,CHOU Tung-Yu,4,3,"11,12,11,9,11,11,11|13,14,5,11,9,6,9",R32,GRAND_SLAM,U21MS,1759,Main Draw,TAKAKIWA Kenichi (JPN),CHOU Tung-Yu (TPE),TAKAKIWA Kenichi
Swedish Open Gothenburg 2005,2005-11-17,DURAN Marc,ZUBCIC Tomislav,4,3,"11,11,9,9,11,9,15|7,8,11,11,7,11,13",R32,GRAND_SLAM,U21MS,1759,Main Draw,DURAN Marc (ESP),ZUBCIC Tomislav (CRO),DURAN Marc
Swedish Open Gothenburg 2005,2005-11-17,LEE Jinkwon,GACINA Andrej,4,1,"11,11,9,11,14|8,4,11,9,12",R32,GRAND_SLAM,U21MS,1759,Main Draw,LEE Jinkwon (KOR),GACINA Andrej (CRO),LEE Jinkwon
Swedish Open Gothenburg 2005,2005-11-17,CHO Eonrae,BOBOCICA Mihai,4,0,"11,11,15,11|5,5,13,4",R32,GRAND_SLAM,U21MS,1759,Main Draw,CHO Eonrae (KOR),BOBOCICA Mihai (ITA),CHO Eonrae
Swedish Open Gothenburg 2005,2005-11-17,BOBILLIER Loic,ONO Tatsuya,4,1,"11,10,12,11,11|3,12,10,5,7",R32,GRAND_SLAM,U21MS,1759,Main Draw,BOBILLIER Loic (FRA),ONO Tatsuya (JPN),BOBILLIER Loic
Swedish Open Gothenburg 2005,2005-11-17,AXELQVIST Johan,ELENSKY Gregory,4,1,"11,11,7,11,11|6,9,11,8,7",R32,GRAND_SLAM,U21MS,1759,Main Draw,AXELQVIST Johan (SWE),ELENSKY Gregory (ISR),AXELQVIST Johan
Swedish Open Gothenburg 2005,2005-11-17,LO Dany,GAVLAS Antonin,4,3,"4,11,10,6,11,13,11|11,8,12,11,5,11,8",R32,GRAND_SLAM,U21MS,1759,Main Draw,LO Dany (FRA),GAVLAS Antonin (CZE),LO Dany
Swedish Open Gothenburg 2005,2005-11-17,JAKAB Janos,RYDEN Lukas,4,1,"4,11,11,12,11|11,8,8,10,7",R32,GRAND_SLAM,U21MS,1759,Main Draw,JAKAB Janos (HUN),RYDEN Lukas (SWE),JAKAB Janos
Swedish Open Gothenburg 2005,2005-11-17,TAKAKIWA Taku,DESPRES Rodolphe,4,0,"11,11,11,11|5,8,5,6",R32,GRAND_SLAM,U21MS,1759,Main Draw,TAKAKIWA Taku (JPN),DESPRES Rodolphe (FRA),TAKAKIWA Taku
Swedish Open Gothenburg 2005,2005-11-17,CHO Jihoon,HARA Masahiko,4,0,"11,11,11,11|4,6,5,9",R32,GRAND_SLAM,U21MS,1759,Main Draw,CHO Jihoon (KOR),HARA Masahiko (JPN),CHO Jihoon
Swedish Open Gothenburg 2005,2005-11-17,LEE Jungsam,LIM Jaehyun,4,1,"11,8,11,13,11|5,11,6,11,9",R16,GRAND_SLAM,U21MS,1759,Main Draw,LEE Jungsam (KOR),LIM Jaehyun (KOR),LEE Jungsam
Swedish Open Gothenburg 2005,2005-11-17,BERTIN Christophe,ROBERTSON Adam,4,3,"11,8,11,7,11,7,11|9,11,5,11,9,11,5",R16,GRAND_SLAM,U21MS,1759,Main Draw,BERTIN Christophe (FRA),ROBERTSON Adam (WAL),BERTIN Christophe
Swedish Open Gothenburg 2005,2005-11-17,TAKAKIWA Kenichi,KONECNY Tomas,4,0,"11,13,11,14|6,11,9,12",R16,GRAND_SLAM,U21MS,1759,Main Draw,TAKAKIWA Kenichi (JPN),KONECNY Tomas (CZE),TAKAKIWA Kenichi
Swedish Open Gothenburg 2005,2005-11-17,LEE Jinkwon,DURAN Marc,4,2,"9,13,8,11,11,11|11,11,11,9,9,9",R16,GRAND_SLAM,U21MS,1759,Main Draw,LEE Jinkwon (KOR),DURAN Marc (ESP),LEE Jinkwon
Swedish Open Gothenburg 2005,2005-11-17,CHO Eonrae,APOLONIA Tiago,4,1,"11,11,11,2,11|3,9,7,11,8",R16,GRAND_SLAM,U21MS,1759,Main Draw,CHO Eonrae (KOR),APOLONIA Tiago (POR),CHO Eonrae
Swedish Open Gothenburg 2005,2005-11-17,AXELQVIST Johan,BOBILLIER Loic,4,3,"11,4,9,11,13,5,11|8,11,11,7,11,11,9",R16,GRAND_SLAM,U21MS,1759,Main Draw,AXELQVIST Johan (SWE),BOBILLIER Loic (FRA),AXELQVIST Johan
Swedish Open Gothenburg 2005,2005-11-17,JAKAB Janos,LO Dany,4,2,"12,11,11,11,9,11|14,7,8,2,11,9",R16,GRAND_SLAM,U21MS,1759,Main Draw,JAKAB Janos (HUN),LO Dany (FRA),JAKAB Janos
Swedish Open Gothenburg 2005,2005-11-17,CHO Jihoon,TAKAKIWA Taku,4,2,"11,11,9,11,10,11|4,2,11,4,12,4",R16,GRAND_SLAM,U21MS,1759,Main Draw,CHO Jihoon (KOR),TAKAKIWA Taku (JPN),CHO Jihoon
Swedish Open Gothenburg 2005,2005-11-17,LEE Jungsam,BERTIN Christophe,4,1,"11,11,9,11,11|6,6,11,8,6",QF,GRAND_SLAM,U21MS,1759,Main Draw,LEE Jungsam (KOR),BERTIN Christophe (FRA),LEE Jungsam
Swedish Open Gothenburg 2005,2005-11-17,LEE Jinkwon,TAKAKIWA Kenichi,4,1,"5,11,11,11,11|11,8,9,8,4",QF,GRAND_SLAM,U21MS,1759,Main Draw,LEE Jinkwon (KOR),TAKAKIWA Kenichi (JPN),LEE Jinkwon
Swedish Open Gothenburg 2005,2005-11-17,CHO Eonrae,AXELQVIST Johan,4,2,"11,11,11,7,12,11|5,6,13,11,10,6",QF,GRAND_SLAM,U21MS,1759,Main Draw,CHO Eonrae (KOR),AXELQVIST Johan (SWE),CHO Eonrae
Swedish Open Gothenburg 2005,2005-11-17,JAKAB Janos,CHO Jihoon,4,1,"11,11,4,11,11|6,7,11,9,8",QF,GRAND_SLAM,U21MS,1759,Main Draw,JAKAB Janos (HUN),CHO Jihoon (KOR),JAKAB Janos
Swedish Open Gothenburg 2005,2005-11-17,LEE Jungsam,LEE Jinkwon,4,1,"11,9,11,11,11|4,11,8,4,8",SF,GRAND_SLAM,U21MS,1759,Main Draw,LEE Jungsam (KOR),LEE Jinkwon (KOR),LEE Jungsam
Swedish Open Gothenburg 2005,2005-11-17,JAKAB Janos,CHO Eonrae,4,2,"13,11,11,6,11,11|15,4,7,11,7,6",SF,GRAND_SLAM,U21MS,1759,Main Draw,JAKAB Janos (HUN),CHO Eonrae (KOR),JAKAB Janos
Swedish Open Gothenburg 2005,2005-11-17,JAKAB Janos,LEE Jungsam,4,2,"7,9,11,12,11,11|11,11,5,10,4,4",F,GRAND_SLAM,U21MS,1759,Main Draw,JAKAB Janos (HUN),LEE Jungsam (KOR),JAKAB Janos
Swedish Open Gothenburg 2005,2005-11-17,HARA Masahiko,HABESOHN Daniel,3,2,"4,12,11,10,12|11,10,7,12,10",QR16,GRAND_SLAM,U21MS,1759,Qualification,HARA Masahiko (JPN),HABESOHN Daniel (AUT),HARA Masahiko
Swedish Open Gothenburg 2005,2005-11-17,BOBOCICA Mihai,VOSTES Yannick,3,1,"12,11,8,11|10,7,11,9",QR16,GRAND_SLAM,U21MS,1759,Qualification,BOBOCICA Mihai (ITA),VOSTES Yannick (BEL),BOBOCICA Mihai
Swedish Open Gothenburg 2005,2005-11-17,ONO Tatsuya,VLASOV Grigory,3,1,"11,6,11,11|9,11,9,8",QR16,GRAND_SLAM,U21MS,1759,Qualification,ONO Tatsuya (JPN),VLASOV Grigory (RUS),ONO Tatsuya
Swedish Open Gothenburg 2005,2005-11-17,RYDEN Lukas,ASMUSSEN Jakob,3,1,"11,10,11,11|9,12,6,1",QR16,GRAND_SLAM,U21MS,1759,Qualification,RYDEN Lukas (SWE),ASMUSSEN Jakob (DEN),RYDEN Lukas
Swedish Open Gothenburg 2005,2005-11-17,GACINA Andrej,PEREK Jakub,3,1,"11,6,11,11|5,11,9,6",QR16,GRAND_SLAM,U21MS,1759,Qualification,GACINA Andrej (CRO),PEREK Jakub (POL),GACINA Andrej
Swedish Open Gothenburg 2005,2005-11-17,CREEMERS Linda,VAKKILA Nina,4,1,"11,8,11,11,11|9,11,6,9,5",,GRAND_SLAM,WS,1759,Qualification,CREEMERS Linda (NED),VAKKILA Nina (SWE),CREEMERS Linda
Swedish Open Gothenburg 2005,2005-11-17,KWAK Bangbang,VAKKILA Nina,4,1,"11,7,11,11,11|8,11,5,1,5",QR2,GRAND_SLAM,WS,1759,Qualification,KWAK Bangbang (KOR),VAKKILA Nina (SWE),KWAK Bangbang
Swedish Open Gothenburg 2005,2005-11-17,KWAK Bangbang,CREEMERS Linda,4,1,"18,11,10,11,11|16,8,12,4,1",3,GRAND_SLAM,WS,1759,Qualification,KWAK Bangbang (KOR),CREEMERS Linda (NED),KWAK Bangbang
Swedish Open Gothenburg 2005,2005-11-17,PAUKOVIC Sanja,JOHANSSON Frida,4,2,"8,11,15,6,11,11|11,8,13,11,6,6",,GRAND_SLAM,WS,1759,Qualification,PAUKOVIC Sanja (CRO),JOHANSSON Frida (SWE),PAUKOVIC Sanja
Swedish Open Gothenburg 2005,2005-11-17,STRBIKOVA Renata,PAUKOVIC Sanja,4,0,"11,11,11,11|7,9,3,8",QR2,GRAND_SLAM,WS,1759,Qualification,STRBIKOVA Renata (CZE),PAUKOVIC Sanja (CRO),STRBIKOVA Renata
Swedish Open Gothenburg 2005,2005-11-17,STRBIKOVA Renata,JOHANSSON Frida,4,3,"8,11,11,5,5,11,12|11,6,9,11,11,8,10",3,GRAND_SLAM,WS,1759,Qualification,STRBIKOVA Renata (CZE),JOHANSSON Frida (SWE),STRBIKOVA Renata
Swedish Open Gothenburg 2005,2005-11-17,CAHOREAU Nathalie,VAN ULSEN Sigrid,4,2,"7,11,11,13,8,11|11,8,8,11,11,9",,GRAND_SLAM,WS,1759,Qualification,CAHOREAU Nathalie (FRA),VAN ULSEN Sigrid (NED),CAHOREAU Nathalie
Swedish Open Gothenburg 2005,2005-11-17,PASKAUSKIENE Ruta,VAN ULSEN Sigrid,4,1,"11,11,11,3,11|6,3,6,11,3",QR2,GRAND_SLAM,WS,1759,Qualification,PASKAUSKIENE Ruta (LTU),VAN ULSEN Sigrid (NED),PASKAUSKIENE Ruta
Swedish Open Gothenburg 2005,2005-11-17,PASKAUSKIENE Ruta,CAHOREAU Nathalie,4,1,"11,11,4,11,11|8,4,11,5,6",3,GRAND_SLAM,WS,1759,Qualification,PASKAUSKIENE Ruta (LTU),CAHOREAU Nathalie (FRA),PASKAUSKIENE Ruta
Swedish Open Gothenburg 2005,2005-11-17,WIGOW Susanna,HANFFOU Sarah,4,1,"12,5,11,14,11|10,11,8,12,8",,GRAND_SLAM,WS,1759,Qualification,WIGOW Susanna (SWE),HANFFOU Sarah (CMR),WIGOW Susanna
Swedish Open Gothenburg 2005,2005-11-17,HUANG Yi-Hua,HANFFOU Sarah,4,0,"11,11,11,11|9,2,4,4",QR2,GRAND_SLAM,WS,1759,Qualification,HUANG Yi-Hua (TPE),HANFFOU Sarah (CMR),HUANG Yi-Hua
Swedish Open Gothenburg 2005,2005-11-17,HUANG Yi-Hua,WIGOW Susanna,4,2,"12,11,5,11,11,11|14,6,11,5,8,3",3,GRAND_SLAM,WS,1759,Qualification,HUANG Yi-Hua (TPE),WIGOW Susanna (SWE),HUANG Yi-Hua
Swedish Open Gothenburg 2005,2005-11-17,NOUWEN Carla,HARABASZOVA Lenka,4,1,"11,11,7,11,11|8,9,11,9,9",,GRAND_SLAM,WS,1759,Qualification,NOUWEN Carla (NED),HARABASZOVA Lenka (CZE),NOUWEN Carla
Swedish Open Gothenburg 2005,2005-11-17,PARK Miyoung,NOUWEN Carla,4,0,"11,11,11,11|2,6,4,9",QR2,GRAND_SLAM,WS,1759,Qualification,PARK Miyoung (KOR),NOUWEN Carla (NED),PARK Miyoung
Swedish Open Gothenburg 2005,2005-11-17,PARK Miyoung,HARABASZOVA Lenka,4,0,"12,11,11,11|10,4,4,6",3,GRAND_SLAM,WS,1759,Qualification,PARK Miyoung (KOR),HARABASZOVA Lenka (CZE),PARK Miyoung
Swedish Open Gothenburg 2005,2005-11-17,WERSALL Caroline,PENKAVOVA Katerina,4,0,"11,11,11,11|9,5,7,8",,GRAND_SLAM,WS,1759,Qualification,WERSALL Caroline (SWE),PENKAVOVA Katerina (CZE),WERSALL Caroline
Swedish Open Gothenburg 2005,2005-11-17,NORDENBERG Linda,MISIKONYTE Lina,4,1,"11,11,8,11,11|8,3,11,7,9",,GRAND_SLAM,WS,1759,Qualification,NORDENBERG Linda (SWE),MISIKONYTE Lina (LTU),NORDENBERG Linda
Swedish Open Gothenburg 2005,2005-11-17,KRAMER Tanja,MISIKONYTE Lina,4,1,"12,11,11,7,11|10,5,7,11,3",QR2,GRAND_SLAM,WS,1759,Qualification,KRAMER Tanja (GER),MISIKONYTE Lina (LTU),KRAMER Tanja
Swedish Open Gothenburg 2005,2005-11-17,KRAMER Tanja,NORDENBERG Linda,4,0,"11,11,11,11|4,7,5,4",3,GRAND_SLAM,WS,1759,Qualification,KRAMER Tanja (GER),NORDENBERG Linda (SWE),KRAMER Tanja
Swedish Open Gothenburg 2005,2005-11-17,JONSSON Carina,COULIBALY Dieniouma,4,3,"8,11,11,11,11,5,11|11,3,1,13,5,11,2",,GRAND_SLAM,WS,1759,Qualification,JONSSON Carina (SWE),COULIBALY Dieniouma (FRA),JONSSON Carina
Swedish Open Gothenburg 2005,2005-11-17,GOBEL Jessica,COULIBALY Dieniouma,4,1,"11,7,11,15,11|5,11,8,13,5",QR2,GRAND_SLAM,WS,1759,Qualification,GOBEL Jessica (GER),COULIBALY Dieniouma (FRA),GOBEL Jessica
Swedish Open Gothenburg 2005,2005-11-17,GOBEL Jessica,JONSSON Carina,4,1,"9,11,11,11,11|11,7,9,8,5",3,GRAND_SLAM,WS,1759,Qualification,GOBEL Jessica (GER),JONSSON Carina (SWE),GOBEL Jessica
Swedish Open Gothenburg 2005,2005-11-17,HASAMA Nozomi,BERGLUND Anna,4,2,"11,11,5,11,7,14|4,6,11,5,11,12",,GRAND_SLAM,WS,1759,Qualification,HASAMA Nozomi (JPN),BERGLUND Anna (SWE),HASAMA Nozomi
Swedish Open Gothenburg 2005,2005-11-17,YOON Sunae,BERGLUND Anna,4,0,"11,11,11,11|2,6,4,4",QR2,GRAND_SLAM,WS,1759,Qualification,YOON Sunae (KOR),BERGLUND Anna (SWE),YOON Sunae
Swedish Open Gothenburg 2005,2005-11-17,YOON Sunae,HASAMA Nozomi,4,0,"11,11,11,11|9,6,4,5",3,GRAND_SLAM,WS,1759,Qualification,YOON Sunae (KOR),HASAMA Nozomi (JPN),YOON Sunae
Swedish Open Gothenburg 2005,2005-11-17,XU Jie (1979),SHIMADA Sayuri,4,0,"11,11,11,11|6,2,5,8",,GRAND_SLAM,WS,1759,Qualification,XU Jie (1979) (WAL),SHIMADA Sayuri (JPN),XU Jie (1979)
Swedish Open Gothenburg 2005,2005-11-17,MIAO Miao,SHIMADA Sayuri,4,2,"11,9,17,11,8,12|6,11,15,8,11,10",QR2,GRAND_SLAM,WS,1759,Qualification,MIAO Miao (AUS),SHIMADA Sayuri (JPN),MIAO Miao
Swedish Open Gothenburg 2005,2005-11-17,WAGGERMAYER Elena,PERHOC Ines,4,1,"10,11,11,11,11|12,5,3,7,6",,GRAND_SLAM,WS,1759,Qualification,WAGGERMAYER Elena (AUT),PERHOC Ines (CRO),WAGGERMAYER Elena
Swedish Open Gothenburg 2005,2005-11-17,ROBERTSON Laura,PERHOC Ines,4,1,"7,11,11,11,15|11,5,7,7,13",QR2,GRAND_SLAM,WS,1759,Qualification,ROBERTSON Laura (GER),PERHOC Ines (CRO),ROBERTSON Laura
Swedish Open Gothenburg 2005,2005-11-17,WAGGERMAYER Elena,ROBERTSON Laura,4,3,"11,6,13,10,11,3,11|9,11,11,12,6,11,7",3,GRAND_SLAM,WS,1759,Qualification,WAGGERMAYER Elena (AUT),ROBERTSON Laura (GER),WAGGERMAYER Elena
Swedish Open Gothenburg 2005,2005-11-17,RAMIREZ Sara,KOSTROMINA Tatyana (1973),4,0,"11,11,11,11|9,4,5,6",,GRAND_SLAM,WS,1759,Qualification,RAMIREZ Sara (ESP),KOSTROMINA Tatyana (1973) (BLR),RAMIREZ Sara
Swedish Open Gothenburg 2005,2005-11-17,KIM Junghyun,KOSTROMINA Tatyana (1973),4,0,"11,11,11,11|2,3,1,8",QR2,GRAND_SLAM,WS,1759,Qualification,KIM Junghyun (KOR),KOSTROMINA Tatyana (1973) (BLR),KIM Junghyun
Swedish Open Gothenburg 2005,2005-11-17,RAMIREZ Sara,KIM Junghyun,4,2,"11,11,2,11,11,11|6,13,11,9,9,4",3,GRAND_SLAM,WS,1759,Qualification,RAMIREZ Sara (ESP),KIM Junghyun (KOR),RAMIREZ Sara
Swedish Open Gothenburg 2005,2005-11-17,NECULA Iulia,BADOSA Anna,4,0,"11,11,11,11|3,4,7,6",,GRAND_SLAM,WS,1759,Qualification,NECULA Iulia (ROU),BADOSA Anna (ESP),NECULA Iulia
Swedish Open Gothenburg 2005,2005-11-17,PAOVIC Sandra,BADOSA Anna,4,0,"11,11,11,11|5,3,4,6",QR2,GRAND_SLAM,WS,1759,Qualification,PAOVIC Sandra (CRO),BADOSA Anna (ESP),PAOVIC Sandra
Swedish Open Gothenburg 2005,2005-11-17,PAOVIC Sandra,NECULA Iulia,4,1,"10,12,11,11,11|12,10,4,4,6",3,GRAND_SLAM,WS,1759,Qualification,PAOVIC Sandra (CRO),NECULA Iulia (ROU),PAOVIC Sandra
Swedish Open Gothenburg 2005,2005-11-17,BOLLMEIER Nadine,KINDGREN Malin,4,0,"11,11,11,11|7,2,6,2",,GRAND_SLAM,WS,1759,Qualification,BOLLMEIER Nadine (GER),KINDGREN Malin (SWE),BOLLMEIER Nadine
Swedish Open Gothenburg 2005,2005-11-17,ZHU Fang,KINDGREN Malin,4,1,"11,11,8,11,11|3,3,11,4,9",QR2,GRAND_SLAM,WS,1759,Qualification,ZHU Fang (ESP),KINDGREN Malin (SWE),ZHU Fang
Swedish Open Gothenburg 2005,2005-11-17,ZHU Fang,BOLLMEIER Nadine,4,3,"15,9,11,8,4,11,11|13,11,7,11,11,7,6",3,GRAND_SLAM,WS,1759,Qualification,ZHU Fang (ESP),BOLLMEIER Nadine (GER),ZHU Fang
Swedish Open Gothenburg 2005,2005-11-17,GRUNDISCH Carole,LINDMAE Karin,4,0,"11,11,11,11|4,6,5,5",,GRAND_SLAM,WS,1759,Qualification,GRUNDISCH Carole (FRA),LINDMAE Karin (EST),GRUNDISCH Carole
Swedish Open Gothenburg 2005,2005-11-17,BAKULA Andrea,LINDMAE Karin,4,1,"4,11,11,11,11|11,7,6,5,4",QR2,GRAND_SLAM,WS,1759,Qualification,BAKULA Andrea (CRO),LINDMAE Karin (EST),BAKULA Andrea
Swedish Open Gothenburg 2005,2005-11-17,BAKULA Andrea,GRUNDISCH Carole,4,3,"11,9,11,4,11,9,14|8,11,6,11,5,11,12",3,GRAND_SLAM,WS,1759,Qualification,BAKULA Andrea (CRO),GRUNDISCH Carole (FRA),BAKULA Andrea
Swedish Open Gothenburg 2005,2005-11-17,SMISTIKOVA Martina,PRIVALOVA Alexandra,4,1,"11,9,11,11,13|8,11,5,5,11",,GRAND_SLAM,WS,1759,Qualification,SMISTIKOVA Martina (CZE),PRIVALOVA Alexandra (BLR),SMISTIKOVA Martina
Swedish Open Gothenburg 2005,2005-11-17,LU Yun-Feng,PRIVALOVA Alexandra,4,2,"12,11,9,11,9,11|10,8,11,9,11,8",QR2,GRAND_SLAM,WS,1759,Qualification,LU Yun-Feng (TPE),PRIVALOVA Alexandra (BLR),LU Yun-Feng
Swedish Open Gothenburg 2005,2005-11-17,LU Yun-Feng,SMISTIKOVA Martina,4,0,"11,11,11,11|7,5,8,8",3,GRAND_SLAM,WS,1759,Qualification,LU Yun-Feng (TPE),SMISTIKOVA Martina (CZE),LU Yun-Feng
Swedish Open Gothenburg 2005,2005-11-17,JIANG Huajun,STEFANSKA Kinga,4,0,"11,11,11,11|2,9,6,7",,GRAND_SLAM,WS,1759,Qualification,JIANG Huajun (HKG),STEFANSKA Kinga (POL),JIANG Huajun
Swedish Open Gothenburg 2005,2005-11-17,KIM Hyehyun,WESTHOLM Sofia,4,0,"11,11,11,11|3,3,9,7",,GRAND_SLAM,WS,1759,Qualification,KIM Hyehyun (KOR),WESTHOLM Sofia (SWE),KIM Hyehyun
Swedish Open Gothenburg 2005,2005-11-17,POHAR Martina,WESTHOLM Sofia,4,0,"12,13,11,11|10,11,9,2",QR2,GRAND_SLAM,WS,1759,Qualification,POHAR Martina (SLO),WESTHOLM Sofia (SWE),POHAR Martina
Swedish Open Gothenburg 2005,2005-11-17,POHAR Martina,KIM Hyehyun,4,3,"11,13,14,11,11,6,13|13,11,12,8,13,11,11",3,GRAND_SLAM,WS,1759,Qualification,POHAR Martina (SLO),KIM Hyehyun (KOR),POHAR Martina
Swedish Open Gothenburg 2005,2005-11-17,LEE Hyangmi,SHIGEMOTO Sachie,4,0,"16,14,11,11|14,12,8,8",QR2,GRAND_SLAM,WS,1759,Qualification,LEE Hyangmi (KOR),SHIGEMOTO Sachie (JPN),LEE Hyangmi
Swedish Open Gothenburg 2005,2005-11-17,DVORAK Galia,BARTOSOVA Hana,4,3,"14,11,11,11,11,8,11|16,8,13,6,7,11,6",,GRAND_SLAM,WS,1759,Qualification,DVORAK Galia (ESP),BARTOSOVA Hana (CZE),DVORAK Galia
Swedish Open Gothenburg 2005,2005-11-17,IVANCAN Irene,BARTOSOVA Hana,4,0,"11,11,15,11|3,9,13,9",QR2,GRAND_SLAM,WS,1759,Qualification,IVANCAN Irene (GER),BARTOSOVA Hana (CZE),IVANCAN Irene
Swedish Open Gothenburg 2005,2005-11-17,DVORAK Galia,IVANCAN Irene,4,2,"9,4,11,11,12,11|11,11,4,7,10,7",3,GRAND_SLAM,WS,1759,Qualification,DVORAK Galia (ESP),IVANCAN Irene (GER),DVORAK Galia
Swedish Open Gothenburg 2005,2005-11-17,ITO Midori,SJOGREN Marie,4,0,"12,11,11,12|10,4,8,10",QR2,GRAND_SLAM,WS,1759,Qualification,ITO Midori (JPN),SJOGREN Marie (SWE),ITO Midori
Swedish Open Gothenburg 2005,2005-11-17,GOURIN Anne-Sophie,BOMANN Anne-Cathrine,4,1,"7,13,11,13,11|11,11,7,11,3",,GRAND_SLAM,WS,1759,Qualification,GOURIN Anne-Sophie (FRA),BOMANN Anne-Cathrine (DEN),GOURIN Anne-Sophie
Swedish Open Gothenburg 2005,2005-11-17,WANG Yu (YOB=1981),BOMANN Anne-Cathrine,4,1,"11,11,11,9,11|9,9,3,11,5",QR2,GRAND_SLAM,WS,1759,Qualification,WANG Yu (YOB=1981) (ITA),BOMANN Anne-Cathrine (DEN),WANG Yu (YOB=1981)
Swedish Open Gothenburg 2005,2005-11-17,WANG Yu (YOB=1981),GOURIN Anne-Sophie,4,1,"11,11,11,5,11|4,4,7,11,3",3,GRAND_SLAM,WS,1759,Qualification,WANG Yu (YOB=1981) (ITA),GOURIN Anne-Sophie (FRA),WANG Yu (YOB=1981)
Swedish Open Gothenburg 2005,2005-11-17,WATANABE Yuko,PETTERSSON Malin,4,0,"11,11,11,11|8,6,8,6",,GRAND_SLAM,WS,1759,Qualification,WATANABE Yuko (JPN),PETTERSSON Malin (SWE),WATANABE Yuko
Swedish Open Gothenburg 2005,2005-11-17,WU Jiaduo,XIAN Yifang,4,2,"11,11,9,11,7,11|5,8,11,7,11,7",QR2,GRAND_SLAM,WS,1759,Qualification,WU Jiaduo (GER),XIAN Yifang (FRA),WU Jiaduo
Swedish Open Gothenburg 2005,2005-11-17,XIAN Yifang,PETTERSSON Malin,4,0,"11,11,11,11|4,3,5,6",3,GRAND_SLAM,WS,1759,Qualification,XIAN Yifang (FRA),PETTERSSON Malin (SWE),XIAN Yifang
Swedish Open Gothenburg 2005,2005-11-17,WU Jiaduo,WATANABE Yuko,4,0,"11,11,11,11|4,8,5,3",QR4,GRAND_SLAM,WS,1759,Qualification,WU Jiaduo (GER),WATANABE Yuko (JPN),WU Jiaduo
Swedish Open Gothenburg 2005,2005-11-17,XIAN Yifang,WATANABE Yuko,4,0,"13,11,11,11|11,7,6,7",5,GRAND_SLAM,WS,1759,Qualification,XIAN Yifang (FRA),WATANABE Yuko (JPN),XIAN Yifang
Swedish Open Gothenburg 2005,2005-11-17,WU Jiaduo,PETTERSSON Malin,4,0,"11,11,11,11|6,7,4,7",6,GRAND_SLAM,WS,1759,Qualification,WU Jiaduo (GER),PETTERSSON Malin (SWE),WU Jiaduo
Swedish Open Gothenburg 2005,2005-11-17,KIM Kyungah,SHIGEMOTO Sachie,4,2,"8,4,11,11,11,11|11,11,3,1,4,6",R64,GRAND_SLAM,WS,1759,Main Draw,KIM Kyungah (KOR),SHIGEMOTO Sachie (JPN),KIM Kyungah
Swedish Open Gothenburg 2005,2005-11-17,LEE Eunhee,WANG Yu (YOB=1981),4,3,"10,5,11,11,9,11,11|12,11,6,6,11,3,4",R64,GRAND_SLAM,WS,1759,Main Draw,LEE Eunhee (KOR),WANG Yu (YOB=1981) (ITA),LEE Eunhee
Swedish Open Gothenburg 2005,2005-11-17,PENG Luyang,DVORAK Galia,4,3,"11,12,10,7,10,11,11|8,10,12,11,12,5,5",R64,GRAND_SLAM,WS,1759,Main Draw,PENG Luyang (CHN),DVORAK Galia (ESP),PENG Luyang
Swedish Open Gothenburg 2005,2005-11-17,FAN Ying,NOUWEN Carla,4,0,"11,11,11,11|4,2,3,5",R64,GRAND_SLAM,WS,1759,Main Draw,FAN Ying (CHN),NOUWEN Carla (NED),FAN Ying
Swedish Open Gothenburg 2005,2005-11-17,PARK Miyoung,STEFF Mihaela,4,1,"14,4,11,11,11|12,11,8,8,5",R64,GRAND_SLAM,WS,1759,Main Draw,PARK Miyoung (KOR),STEFF Mihaela (ROU),PARK Miyoung
Swedish Open Gothenburg 2005,2005-11-17,HIURA Reiko,KWAK Bangbang,4,2,"8,12,11,11,5,11|11,10,7,7,11,8",R64,GRAND_SLAM,WS,1759,Main Draw,HIURA Reiko (JPN),KWAK Bangbang (KOR),HIURA Reiko
Swedish Open Gothenburg 2005,2005-11-17,STEFANOVA Nikoleta,GOBEL Jessica,4,0,"11,11,12,11|7,6,10,9",R64,GRAND_SLAM,WS,1759,Main Draw,STEFANOVA Nikoleta (ITA),GOBEL Jessica (GER),STEFANOVA Nikoleta
Swedish Open Gothenburg 2005,2005-11-17,CAO Zhen,JONSSON Carina,4,0,"11,12,11,11|2,10,7,6",R64,GRAND_SLAM,WS,1759,Main Draw,CAO Zhen (CHN),JONSSON Carina (SWE),CAO Zhen
Swedish Open Gothenburg 2005,2005-11-17,LAU Sui Fei,SJOGREN Marie,4,1,"11,11,9,11,11|7,2,11,2,8",R64,GRAND_SLAM,WS,1759,Main Draw,LAU Sui Fei (HKG),SJOGREN Marie (SWE),LAU Sui Fei
Swedish Open Gothenburg 2005,2005-11-17,FUJINUMA Ai,WAGGERMAYER Elena,4,0,"11,11,11,11|7,8,6,6",R64,GRAND_SLAM,WS,1759,Main Draw,FUJINUMA Ai (JPN),WAGGERMAYER Elena (AUT),FUJINUMA Ai
Swedish Open Gothenburg 2005,2005-11-17,CHANG Chenchen,PASKAUSKIENE Ruta,4,0,"11,11,11,11|7,4,9,2",R64,GRAND_SLAM,WS,1759,Main Draw,CHANG Chenchen (CHN),PASKAUSKIENE Ruta (LTU),CHANG Chenchen
Swedish Open Gothenburg 2005,2005-11-17,ZHANG Rui,HUANG Yi-Hua,4,0,"11,11,11,12|6,9,9,10",R64,GRAND_SLAM,WS,1759,Main Draw,ZHANG Rui (HKG),HUANG Yi-Hua (TPE),ZHANG Rui
Swedish Open Gothenburg 2005,2005-11-17,SONG Ah Sim,WERSALL Caroline,4,2,"6,9,11,12,11,11|11,11,7,10,1,5",R64,GRAND_SLAM,WS,1759,Main Draw,SONG Ah Sim (HKG),WERSALL Caroline (SWE),SONG Ah Sim
Swedish Open Gothenburg 2005,2005-11-17,DING Ning,POHAR Martina,4,0,"11,11,11,11|7,5,7,5",R64,GRAND_SLAM,WS,1759,Main Draw,DING Ning (CHN),POHAR Martina (SLO),DING Ning
Swedish Open Gothenburg 2005,2005-11-17,GANINA Svetlana,YOON Sunae,4,1,"11,7,11,11,12|7,11,5,4,10",R64,GRAND_SLAM,WS,1759,Main Draw,GANINA Svetlana (RUS),YOON Sunae (KOR),GANINA Svetlana
Swedish Open Gothenburg 2005,2005-11-17,LIN Ling,SMISTIKOVA Martina,4,0,"11,11,11,11|7,8,4,5",R64,GRAND_SLAM,WS,1759,Main Draw,LIN Ling (HKG),SMISTIKOVA Martina (CZE),LIN Ling
Swedish Open Gothenburg 2005,2005-11-17,TIE Yana,KIM Hyehyun,4,0,"11,11,11,11|3,9,9,5",R64,GRAND_SLAM,WS,1759,Main Draw,TIE Yana (HKG),KIM Hyehyun (KOR),TIE Yana
Swedish Open Gothenburg 2005,2005-11-17,XU Jie (1979),KIM Bokrae,4,1,"13,11,11,7,11|11,7,5,11,4",R64,GRAND_SLAM,WS,1759,Main Draw,XU Jie (1979) (WAL),KIM Bokrae (KOR),XU Jie (1979)
Swedish Open Gothenburg 2005,2005-11-17,EKHOLM Matilda,JIANG Huajun,4,2,"13,6,11,6,11,11|11,11,6,11,7,8",R64,GRAND_SLAM,WS,1759,Main Draw,EKHOLM Matilda (SWE),JIANG Huajun (HKG),EKHOLM Matilda
Swedish Open Gothenburg 2005,2005-11-17,STRUSE Nicole,LU Yun-Feng,4,1,"14,13,7,12,11|12,11,11,10,9",R64,GRAND_SLAM,WS,1759,Main Draw,STRUSE Nicole (GER),LU Yun-Feng (TPE),STRUSE Nicole
Swedish Open Gothenburg 2005,2005-11-17,RAMIREZ Sara,HIRANO Sayaka,4,3,"9,11,4,11,12,9,11|11,7,11,8,10,11,8",R64,GRAND_SLAM,WS,1759,Main Draw,RAMIREZ Sara (ESP),HIRANO Sayaka (JPN),RAMIREZ Sara
Swedish Open Gothenburg 2005,2005-11-17,TAN Wenling,KRAMER Tanja,4,0,"11,13,11,11|7,11,9,3",R64,GRAND_SLAM,WS,1759,Main Draw,TAN Wenling (ITA),KRAMER Tanja (GER),TAN Wenling
Swedish Open Gothenburg 2005,2005-11-17,UMEMURA Aya,PAOVIC Sandra,4,3,"9,11,11,9,13,9,11|11,8,4,11,11,11,7",R64,GRAND_SLAM,WS,1759,Main Draw,UMEMURA Aya (JPN),PAOVIC Sandra (CRO),UMEMURA Aya
Swedish Open Gothenburg 2005,2005-11-17,LI Xiaoxia,CREEMERS Linda,4,0,"11,11,11,11|5,9,7,4",R64,GRAND_SLAM,WS,1759,Main Draw,LI Xiaoxia (CHN),CREEMERS Linda (NED),LI Xiaoxia
Swedish Open Gothenburg 2005,2005-11-17,GAO Jun,STEFANSKA Kinga,4,0,"11,11,11,11|5,9,6,6",R64,GRAND_SLAM,WS,1759,Main Draw,GAO Jun (USA),STEFANSKA Kinga (POL),GAO Jun
Swedish Open Gothenburg 2005,2005-11-17,STRBIKOVA Renata,OLSSON Marie,4,0,"11,11,11,11|8,7,6,7",R64,GRAND_SLAM,WS,1759,Main Draw,STRBIKOVA Renata (CZE),OLSSON Marie (SWE),STRBIKOVA Renata
Swedish Open Gothenburg 2005,2005-11-17,FUJII Hiroko,BAKULA Andrea,4,0,"11,11,11,11|8,5,9,4",R64,GRAND_SLAM,WS,1759,Main Draw,FUJII Hiroko (JPN),BAKULA Andrea (CRO),FUJII Hiroko
Swedish Open Gothenburg 2005,2005-11-17,MOON Hyunjung,ZHU Fang,4,0,"11,11,14,11|7,9,12,9",R64,GRAND_SLAM,WS,1759,Main Draw,MOON Hyunjung (KOR),ZHU Fang (ESP),MOON Hyunjung
Swedish Open Gothenburg 2005,2005-11-17,SHEN Yanfei,LEE Hyangmi,4,2,"11,11,6,7,11,11|3,9,11,11,3,7",R64,GRAND_SLAM,WS,1759,Main Draw,SHEN Yanfei (ESP),LEE Hyangmi (KOR),SHEN Yanfei
Swedish Open Gothenburg 2005,2005-11-17,WU Jiaduo,KANAZAWA Saki,4,2,"6,11,11,11,6,11|11,7,9,3,11,9",R64,GRAND_SLAM,WS,1759,Main Draw,WU Jiaduo (GER),KANAZAWA Saki (JPN),WU Jiaduo
Swedish Open Gothenburg 2005,2005-11-17,JEON Hyekyung,ITO Midori,4,3,"14,6,11,13,5,6,12|12,11,7,11,11,11,10",R64,GRAND_SLAM,WS,1759,Main Draw,JEON Hyekyung (KOR),ITO Midori (JPN),JEON Hyekyung
Swedish Open Gothenburg 2005,2005-11-17,BOROS Tamara,IVANCAN Irene,4,0,"11,11,11,11|1,3,6,9",R64,GRAND_SLAM,WS,1759,Main Draw,BOROS Tamara (CRO),IVANCAN Irene (GER),BOROS Tamara
Swedish Open Gothenburg 2005,2005-11-17,LEE Eunhee,KIM Kyungah,4,1,"11,11,2,13,12|7,9,11,11,10",R32,GRAND_SLAM,WS,1759,Main Draw,LEE Eunhee (KOR),KIM Kyungah (KOR),LEE Eunhee
Swedish Open Gothenburg 2005,2005-11-17,FAN Ying,PENG Luyang,4,1,"5,11,11,11,11|11,6,9,7,7",R32,GRAND_SLAM,WS,1759,Main Draw,FAN Ying (CHN),PENG Luyang (CHN),FAN Ying
Swedish Open Gothenburg 2005,2005-11-17,PARK Miyoung,HIURA Reiko,4,0,"11,13,11,11|7,11,9,7",R32,GRAND_SLAM,WS,1759,Main Draw,PARK Miyoung (KOR),HIURA Reiko (JPN),PARK Miyoung
Swedish Open Gothenburg 2005,2005-11-17,CAO Zhen,STEFANOVA Nikoleta,4,0,"11,11,11,11|7,6,8,3",R32,GRAND_SLAM,WS,1759,Main Draw,CAO Zhen (CHN),STEFANOVA Nikoleta (ITA),CAO Zhen
Swedish Open Gothenburg 2005,2005-11-17,LAU Sui Fei,FUJINUMA Ai,4,2,"11,9,11,9,11,11|6,11,7,11,9,8",R32,GRAND_SLAM,WS,1759,Main Draw,LAU Sui Fei (HKG),FUJINUMA Ai (JPN),LAU Sui Fei
Swedish Open Gothenburg 2005,2005-11-17,CHANG Chenchen,ZHANG Rui,4,0,"11,11,13,11|8,5,11,9",R32,GRAND_SLAM,WS,1759,Main Draw,CHANG Chenchen (CHN),ZHANG Rui (HKG),CHANG Chenchen
Swedish Open Gothenburg 2005,2005-11-17,DING Ning,SONG Ah Sim,4,1,"11,2,11,11,11|8,11,7,8,5",R32,GRAND_SLAM,WS,1759,Main Draw,DING Ning (CHN),SONG Ah Sim (HKG),DING Ning
Swedish Open Gothenburg 2005,2005-11-17,GANINA Svetlana,LIN Ling,4,2,"11,11,5,13,6,11|5,9,11,11,11,6",R32,GRAND_SLAM,WS,1759,Main Draw,GANINA Svetlana (RUS),LIN Ling (HKG),GANINA Svetlana
Swedish Open Gothenburg 2005,2005-11-17,TIE Yana,XU Jie (1979),4,2,"5,11,13,11,8,11|11,7,11,9,11,8",R32,GRAND_SLAM,WS,1759,Main Draw,TIE Yana (HKG),XU Jie (1979) (WAL),TIE Yana
Swedish Open Gothenburg 2005,2005-11-17,STRUSE Nicole,EKHOLM Matilda,4,0,"11,11,11,12|8,4,7,10",R32,GRAND_SLAM,WS,1759,Main Draw,STRUSE Nicole (GER),EKHOLM Matilda (SWE),STRUSE Nicole
Swedish Open Gothenburg 2005,2005-11-17,RAMIREZ Sara,TAN Wenling,4,2,"11,11,10,11,7,11|6,5,12,4,11,8",R32,GRAND_SLAM,WS,1759,Main Draw,RAMIREZ Sara (ESP),TAN Wenling (ITA),RAMIREZ Sara
Swedish Open Gothenburg 2005,2005-11-17,LI Xiaoxia,UMEMURA Aya,4,3,"11,9,11,7,11,8,11|7,11,7,11,3,11,7",R32,GRAND_SLAM,WS,1759,Main Draw,LI Xiaoxia (CHN),UMEMURA Aya (JPN),LI Xiaoxia
Swedish Open Gothenburg 2005,2005-11-17,GAO Jun,STRBIKOVA Renata,4,3,"11,6,14,11,9,5,11|7,11,12,6,11,11,2",R32,GRAND_SLAM,WS,1759,Main Draw,GAO Jun (USA),STRBIKOVA Renata (CZE),GAO Jun
Swedish Open Gothenburg 2005,2005-11-17,MOON Hyunjung,FUJII Hiroko,4,3,"13,11,5,3,3,12,13|11,9,11,11,11,10,11",R32,GRAND_SLAM,WS,1759,Main Draw,MOON Hyunjung (KOR),FUJII Hiroko (JPN),MOON Hyunjung
Swedish Open Gothenburg 2005,2005-11-17,WU Jiaduo,SHEN Yanfei,4,3,"5,11,12,9,11,9,11|11,8,10,11,9,11,6",R32,GRAND_SLAM,WS,1759,Main Draw,WU Jiaduo (GER),SHEN Yanfei (ESP),WU Jiaduo
Swedish Open Gothenburg 2005,2005-11-17,JEON Hyekyung,BOROS Tamara,4,3,"5,11,11,3,19,11,11|11,9,5,11,17,13,9",R32,GRAND_SLAM,WS,1759,Main Draw,JEON Hyekyung (KOR),BOROS Tamara (CRO),JEON Hyekyung
Swedish Open Gothenburg 2005,2005-11-17,LEE Eunhee,FAN Ying,4,2,"11,7,11,11,8,13|7,11,9,9,11,11",R16,GRAND_SLAM,WS,1759,Main Draw,LEE Eunhee (KOR),FAN Ying (CHN),LEE Eunhee
Swedish Open Gothenburg 2005,2005-11-17,CAO Zhen,PARK Miyoung,4,3,"9,11,9,11,4,11,14|11,4,11,4,11,9,12",R16,GRAND_SLAM,WS,1759,Main Draw,CAO Zhen (CHN),PARK Miyoung (KOR),CAO Zhen
Swedish Open Gothenburg 2005,2005-11-17,CHANG Chenchen,LAU Sui Fei,4,0,"11,11,11,11|5,7,5,6",R16,GRAND_SLAM,WS,1759,Main Draw,CHANG Chenchen (CHN),LAU Sui Fei (HKG),CHANG Chenchen
Swedish Open Gothenburg 2005,2005-11-17,DING Ning,GANINA Svetlana,4,2,"11,4,12,8,13,13|9,11,10,11,11,11",R16,GRAND_SLAM,WS,1759,Main Draw,DING Ning (CHN),GANINA Svetlana (RUS),DING Ning
Swedish Open Gothenburg 2005,2005-11-17,TIE Yana,STRUSE Nicole,4,2,"11,8,11,7,11,11|7,11,8,11,8,6",R16,GRAND_SLAM,WS,1759,Main Draw,TIE Yana (HKG),STRUSE Nicole (GER),TIE Yana
Swedish Open Gothenburg 2005,2005-11-17,LI Xiaoxia,RAMIREZ Sara,4,1,"11,11,12,9,11|9,9,10,11,7",R16,GRAND_SLAM,WS,1759,Main Draw,LI Xiaoxia (CHN),RAMIREZ Sara (ESP),LI Xiaoxia
Swedish Open Gothenburg 2005,2005-11-17,GAO Jun,MOON Hyunjung,4,3,"7,11,13,10,8,11,11|11,5,11,12,11,9,1",R16,GRAND_SLAM,WS,1759,Main Draw,GAO Jun (USA),MOON Hyunjung (KOR),GAO Jun
Swedish Open Gothenburg 2005,2005-11-17,JEON Hyekyung,WU Jiaduo,4,1,"11,11,11,8,11|5,4,8,11,8",R16,GRAND_SLAM,WS,1759,Main Draw,JEON Hyekyung (KOR),WU Jiaduo (GER),JEON Hyekyung
Swedish Open Gothenburg 2005,2005-11-17,CAO Zhen,LEE Eunhee,4,2,"9,11,11,9,11,11|11,5,8,11,7,7",QF,GRAND_SLAM,WS,1759,Main Draw,CAO Zhen (CHN),LEE Eunhee (KOR),CAO Zhen
Swedish Open Gothenburg 2005,2005-11-17,DING Ning,CHANG Chenchen,4,0,"11,12,11,11|5,10,6,8",QF,GRAND_SLAM,WS,1759,Main Draw,DING Ning (CHN),CHANG Chenchen (CHN),DING Ning
Swedish Open Gothenburg 2005,2005-11-17,TIE Yana,LI Xiaoxia,4,3,"11,7,5,7,12,11,11|5,11,11,11,10,8,7",QF,GRAND_SLAM,WS,1759,Main Draw,TIE Yana (HKG),LI Xiaoxia (CHN),TIE Yana
Swedish Open Gothenburg 2005,2005-11-17,GAO Jun,JEON Hyekyung,4,1,"11,8,15,11,11|7,11,13,6,8",QF,GRAND_SLAM,WS,1759,Main Draw,GAO Jun (USA),JEON Hyekyung (KOR),GAO Jun
Swedish Open Gothenburg 2005,2005-11-17,CAO Zhen,DING Ning,4,3,"7,7,11,4,11,11,11|11,11,7,11,5,7,9",SF,GRAND_SLAM,WS,1759,Main Draw,CAO Zhen (CHN),DING Ning (CHN),CAO Zhen
Swedish Open Gothenburg 2005,2005-11-17,TIE Yana,GAO Jun,4,0,"11,11,11,11|9,9,5,7",SF,GRAND_SLAM,WS,1759,Main Draw,TIE Yana (HKG),GAO Jun (USA),TIE Yana
Swedish Open Gothenburg 2005,2005-11-17,CAO Zhen,TIE Yana,4,2,"11,11,6,8,11,11|7,5,11,11,7,8",F,GRAND_SLAM,WS,1759,Main Draw,CAO Zhen (CHN),TIE Yana (HKG),CAO Zhen
Swedish Open Gothenburg 2005,2005-11-17,INGVES Emely,BADOSA Anna,3,2,"11,12,10,7,11|4,10,12,11,6",,GRAND_SLAM,U21WS,1759,Qualification,INGVES Emely (SWE),BADOSA Anna (ESP),INGVES Emely
Swedish Open Gothenburg 2005,2005-11-17,GRUNDISCH Carole,BADOSA Anna,3,0,"11,11,11|8,3,4",QR2,GRAND_SLAM,U21WS,1759,Qualification,GRUNDISCH Carole (FRA),BADOSA Anna (ESP),GRUNDISCH Carole
Swedish Open Gothenburg 2005,2005-11-17,GRUNDISCH Carole,INGVES Emely,3,0,"11,12,11|4,10,8",3,GRAND_SLAM,U21WS,1759,Qualification,GRUNDISCH Carole (FRA),INGVES Emely (SWE),GRUNDISCH Carole
Swedish Open Gothenburg 2005,2005-11-17,PERSSON Marie (1986),LINDMAE Karin,3,0,"11,11,11|7,9,8",,GRAND_SLAM,U21WS,1759,Qualification,PERSSON Marie (1986) (SWE),LINDMAE Karin (EST),PERSSON Marie (1986)
Swedish Open Gothenburg 2005,2005-11-17,NECULA Iulia,LINDMAE Karin,3,0,"11,11,11|2,4,7",QR2,GRAND_SLAM,U21WS,1759,Qualification,NECULA Iulia (ROU),LINDMAE Karin (EST),NECULA Iulia
Swedish Open Gothenburg 2005,2005-11-17,NECULA Iulia,PERSSON Marie (1986),3,0,"11,11,12|4,7,10",3,GRAND_SLAM,U21WS,1759,Qualification,NECULA Iulia (ROU),PERSSON Marie (1986) (SWE),NECULA Iulia
Swedish Open Gothenburg 2005,2005-11-17,KOSTROMINA Tatyana (1973),MELCHER Madeleine,3,2,"11,11,11,5,11|13,5,8,11,1",,GRAND_SLAM,U21WS,1759,Qualification,KOSTROMINA Tatyana (1973) (BLR),MELCHER Madeleine (SWE),KOSTROMINA Tatyana (1973)
Swedish Open Gothenburg 2005,2005-11-17,RAMIREZ Sara,MELCHER Madeleine,3,1,"5,11,11,11|11,6,4,2",QR2,GRAND_SLAM,U21WS,1759,Qualification,RAMIREZ Sara (ESP),MELCHER Madeleine (SWE),RAMIREZ Sara
Swedish Open Gothenburg 2005,2005-11-17,SHIMADA Sayuri,PRIVALOVA Alexandra,3,0,"13,11,11|11,7,9",,GRAND_SLAM,U21WS,1759,Qualification,SHIMADA Sayuri (JPN),PRIVALOVA Alexandra (BLR),SHIMADA Sayuri
Swedish Open Gothenburg 2005,2005-11-17,OLSSON Marie,PRIVALOVA Alexandra,3,0,"11,11,14|8,3,12",QR2,GRAND_SLAM,U21WS,1759,Qualification,OLSSON Marie (SWE),PRIVALOVA Alexandra (BLR),OLSSON Marie
Swedish Open Gothenburg 2005,2005-11-17,SHIMADA Sayuri,OLSSON Marie,3,2,"6,11,11,8,11|11,4,8,11,7",3,GRAND_SLAM,U21WS,1759,Qualification,SHIMADA Sayuri (JPN),OLSSON Marie (SWE),SHIMADA Sayuri
Swedish Open Gothenburg 2005,2005-11-17,PERHOC Ines,KINDGREN Malin,3,2,"11,10,10,12,11|8,12,12,10,1",,GRAND_SLAM,U21WS,1759,Qualification,PERHOC Ines (CRO),KINDGREN Malin (SWE),PERHOC Ines
Swedish Open Gothenburg 2005,2005-11-17,HASAMA Nozomi,KINDGREN Malin,3,0,"11,11,11|5,4,4",QR2,GRAND_SLAM,U21WS,1759,Qualification,HASAMA Nozomi (JPN),KINDGREN Malin (SWE),HASAMA Nozomi
Swedish Open Gothenburg 2005,2005-11-17,HASAMA Nozomi,PERHOC Ines,3,0,"11,11,11|3,6,6",3,GRAND_SLAM,U21WS,1759,Qualification,HASAMA Nozomi (JPN),PERHOC Ines (CRO),HASAMA Nozomi
Swedish Open Gothenburg 2005,2005-11-17,COULIBALY Dieniouma,RASK Sara,3,0,"11,11,11|5,4,7",,GRAND_SLAM,U21WS,1759,Qualification,COULIBALY Dieniouma (FRA),RASK Sara (SWE),COULIBALY Dieniouma
Swedish Open Gothenburg 2005,2005-11-17,PENKAVOVA Katerina,RASK Sara,3,0,"11,11,11|4,3,2",QR2,GRAND_SLAM,U21WS,1759,Qualification,PENKAVOVA Katerina (CZE),RASK Sara (SWE),PENKAVOVA Katerina
Swedish Open Gothenburg 2005,2005-11-17,PENKAVOVA Katerina,COULIBALY Dieniouma,3,1,"6,11,13,11|11,3,11,7",3,GRAND_SLAM,U21WS,1759,Qualification,PENKAVOVA Katerina (CZE),COULIBALY Dieniouma (FRA),PENKAVOVA Katerina
Swedish Open Gothenburg 2005,2005-11-17,MISIKONYTE Lina,MELLSTROM Jenny,3,0,"11,11,11|3,5,8",,GRAND_SLAM,U21WS,1759,Qualification,MISIKONYTE Lina (LTU),MELLSTROM Jenny (SWE),MISIKONYTE Lina
Swedish Open Gothenburg 2005,2005-11-17,HARABASZOVA Lenka,MELLSTROM Jenny,3,0,"11,11,11|2,1,3",QR2,GRAND_SLAM,U21WS,1759,Qualification,HARABASZOVA Lenka (CZE),MELLSTROM Jenny (SWE),HARABASZOVA Lenka
Swedish Open Gothenburg 2005,2005-11-17,MISIKONYTE Lina,HARABASZOVA Lenka,3,0,"11,11,12|9,6,10",3,GRAND_SLAM,U21WS,1759,Qualification,MISIKONYTE Lina (LTU),HARABASZOVA Lenka (CZE),MISIKONYTE Lina
Swedish Open Gothenburg 2005,2005-11-17,WERSALL Caroline,PETTERSSON Malin,3,2,"8,11,8,11,11|11,8,11,5,6",,GRAND_SLAM,U21WS,1759,Qualification,WERSALL Caroline (SWE),PETTERSSON Malin (SWE),WERSALL Caroline
Swedish Open Gothenburg 2005,2005-11-17,CAHOREAU Nathalie,PETTERSSON Malin,3,0,"11,11,12|7,8,10",QR2,GRAND_SLAM,U21WS,1759,Qualification,CAHOREAU Nathalie (FRA),PETTERSSON Malin (SWE),CAHOREAU Nathalie
Swedish Open Gothenburg 2005,2005-11-17,CAHOREAU Nathalie,WERSALL Caroline,3,2,"8,11,11,11,11|11,6,9,13,7",3,GRAND_SLAM,U21WS,1759,Qualification,CAHOREAU Nathalie (FRA),WERSALL Caroline (SWE),CAHOREAU Nathalie
Swedish Open Gothenburg 2005,2005-11-17,NOUWEN Carla,SHIGEMOTO Sachie,3,1,"11,6,11,11|6,11,5,7",,GRAND_SLAM,U21WS,1759,Qualification,NOUWEN Carla (NED),SHIGEMOTO Sachie (JPN),NOUWEN Carla
Swedish Open Gothenburg 2005,2005-11-17,SHIGEMOTO Sachie,JOHANSSON Frida,3,2,"11,11,2,7,11|9,7,11,11,4",QR2,GRAND_SLAM,U21WS,1759,Qualification,SHIGEMOTO Sachie (JPN),JOHANSSON Frida (SWE),SHIGEMOTO Sachie
Swedish Open Gothenburg 2005,2005-11-17,NOUWEN Carla,JOHANSSON Frida,3,2,"16,9,13,11,11|14,11,15,7,9",3,GRAND_SLAM,U21WS,1759,Qualification,NOUWEN Carla (NED),JOHANSSON Frida (SWE),NOUWEN Carla
Swedish Open Gothenburg 2005,2005-11-17,HANFFOU Sarah,HAKANSSON Malin,3,0,"11,11,11|6,5,9",,GRAND_SLAM,U21WS,1759,Qualification,HANFFOU Sarah (CMR),HAKANSSON Malin (SWE),HANFFOU Sarah
Swedish Open Gothenburg 2005,2005-11-17,CREEMERS Linda,HAKANSSON Malin,3,0,"11,11,11|6,6,8",QR2,GRAND_SLAM,U21WS,1759,Qualification,CREEMERS Linda (NED),HAKANSSON Malin (SWE),CREEMERS Linda
Swedish Open Gothenburg 2005,2005-11-17,HANFFOU Sarah,CREEMERS Linda,3,2,"9,11,10,11,11|11,8,12,4,5",3,GRAND_SLAM,U21WS,1759,Qualification,HANFFOU Sarah (CMR),CREEMERS Linda (NED),HANFFOU Sarah
Swedish Open Gothenburg 2005,2005-11-17,VAN ULSEN Sigrid,LUNDSTROM Cecilia,3,0,"12,12,11|10,10,7",,GRAND_SLAM,U21WS,1759,Qualification,VAN ULSEN Sigrid (NED),LUNDSTROM Cecilia (SWE),VAN ULSEN Sigrid
Swedish Open Gothenburg 2005,2005-11-17,PAUKOVIC Sanja,LUNDSTROM Cecilia,3,0,"12,12,11|10,10,8",QR2,GRAND_SLAM,U21WS,1759,Qualification,PAUKOVIC Sanja (CRO),LUNDSTROM Cecilia (SWE),PAUKOVIC Sanja
Swedish Open Gothenburg 2005,2005-11-17,VAN ULSEN Sigrid,PAUKOVIC Sanja,3,0,"11,11,11|6,6,4",3,GRAND_SLAM,U21WS,1759,Qualification,VAN ULSEN Sigrid (NED),PAUKOVIC Sanja (CRO),VAN ULSEN Sigrid
Swedish Open Gothenburg 2005,2005-11-17,CAHOREAU Nathalie,DVORAK Galia,4,3,"11,9,8,7,11,11,11|8,11,11,11,9,8,8",R16,GRAND_SLAM,U21WS,1759,Main Draw,CAHOREAU Nathalie (FRA),DVORAK Galia (ESP),CAHOREAU Nathalie
Swedish Open Gothenburg 2005,2005-11-17,KIM Hyehyun,SHIMADA Sayuri,4,2,"11,8,11,11,10,11|5,11,6,4,12,4",R16,GRAND_SLAM,U21WS,1759,Main Draw,KIM Hyehyun (KOR),SHIMADA Sayuri (JPN),KIM Hyehyun
Swedish Open Gothenburg 2005,2005-11-17,RAMIREZ Sara,ITO Midori,4,0,"12,11,11,11|10,6,8,3",R16,GRAND_SLAM,U21WS,1759,Main Draw,RAMIREZ Sara (ESP),ITO Midori (JPN),RAMIREZ Sara
Swedish Open Gothenburg 2005,2005-11-17,KIM Junghyun,GRUNDISCH Carole,4,2,"11,11,7,10,12,11|4,7,11,12,10,7",R16,GRAND_SLAM,U21WS,1759,Main Draw,KIM Junghyun (KOR),GRUNDISCH Carole (FRA),KIM Junghyun
Swedish Open Gothenburg 2005,2005-11-17,WATANABE Yuko,PENKAVOVA Katerina,4,2,"11,11,10,7,11,12|8,8,12,11,4,10",R16,GRAND_SLAM,U21WS,1759,Main Draw,WATANABE Yuko (JPN),PENKAVOVA Katerina (CZE),WATANABE Yuko
Swedish Open Gothenburg 2005,2005-11-17,SMISTIKOVA Martina,HANFFOU Sarah,4,2,"2,11,11,8,11,11|11,7,8,11,2,3",R16,GRAND_SLAM,U21WS,1759,Main Draw,SMISTIKOVA Martina (CZE),HANFFOU Sarah (CMR),SMISTIKOVA Martina
Swedish Open Gothenburg 2005,2005-11-17,HUANG Yi-Hua,HASAMA Nozomi,4,0,"15,12,11,11|13,10,1,9",R16,GRAND_SLAM,U21WS,1759,Main Draw,HUANG Yi-Hua (TPE),HASAMA Nozomi (JPN),HUANG Yi-Hua
Swedish Open Gothenburg 2005,2005-11-17,NECULA Iulia,CAHOREAU Nathalie,4,3,"5,11,11,5,4,11,13|11,4,8,11,11,8,11",QF,GRAND_SLAM,U21WS,1759,Main Draw,NECULA Iulia (ROU),CAHOREAU Nathalie (FRA),NECULA Iulia
Swedish Open Gothenburg 2005,2005-11-17,KIM Hyehyun,RAMIREZ Sara,4,2,"11,9,11,6,11,11|8,11,7,11,9,7",QF,GRAND_SLAM,U21WS,1759,Main Draw,KIM Hyehyun (KOR),RAMIREZ Sara (ESP),KIM Hyehyun
Swedish Open Gothenburg 2005,2005-11-17,KIM Junghyun,WATANABE Yuko,4,0,"11,11,11,11|6,6,9,4",QF,GRAND_SLAM,U21WS,1759,Main Draw,KIM Junghyun (KOR),WATANABE Yuko (JPN),KIM Junghyun
Swedish Open Gothenburg 2005,2005-11-17,HUANG Yi-Hua,SMISTIKOVA Martina,4,2,"6,10,11,11,11,11|11,12,9,4,5,6",QF,GRAND_SLAM,U21WS,1759,Main Draw,HUANG Yi-Hua (TPE),SMISTIKOVA Martina (CZE),HUANG Yi-Hua
Swedish Open Gothenburg 2005,2005-11-17,NECULA Iulia,KIM Hyehyun,4,1,"14,11,4,11,11|12,6,11,6,6",SF,GRAND_SLAM,U21WS,1759,Main Draw,NECULA Iulia (ROU),KIM Hyehyun (KOR),NECULA Iulia
Swedish Open Gothenburg 2005,2005-11-17,HUANG Yi-Hua,KIM Junghyun,4,3,"6,11,11,8,7,11,11|11,9,5,11,11,6,7",SF,GRAND_SLAM,U21WS,1759,Main Draw,HUANG Yi-Hua (TPE),KIM Junghyun (KOR),HUANG Yi-Hua
Swedish Open Gothenburg 2005,2005-11-17,HUANG Yi-Hua,NECULA Iulia,4,1,"12,4,11,12,13|10,11,4,10,11",F,GRAND_SLAM,U21WS,1759,Main Draw,HUANG Yi-Hua (TPE),NECULA Iulia (ROU),HUANG Yi-Hua
Swedish Open Gothenburg 2005,2005-11-17,PENKAVOVA Katerina,VAN ULSEN Sigrid,3,1,"11,11,6,12|9,6,11,10",QR8,GRAND_SLAM,U21WS,1759,Qualification,PENKAVOVA Katerina (CZE),VAN ULSEN Sigrid (NED),PENKAVOVA Katerina
Swedish Open Gothenburg 2005,2005-11-17,HANFFOU Sarah,MISIKONYTE Lina,3,2,"9,10,11,11,12|11,12,3,6,10",QR8,GRAND_SLAM,U21WS,1759,Qualification,HANFFOU Sarah (CMR),MISIKONYTE Lina (LTU),HANFFOU Sarah
Swedish Open Gothenburg 2005,2005-11-17,CAHOREAU Nathalie,NOUWEN Carla,3,0,"11,11,11|4,7,7",QR8,GRAND_SLAM,U21WS,1759,Qualification,CAHOREAU Nathalie (FRA),NOUWEN Carla (NED),CAHOREAU Nathalie
Swedish Open Gothenburg 2005,2005-11-17,HENZELL William/ZALCBERG David,KONGSGAARD Christian/PETERSEN Christoffer,3,2,"7,11,10,11,11|11,9,12,4,8",QR64,GRAND_SLAM,MD,1759,Qualification,HENZELL William (AUS) / ZALCBERG David (AUS),KONGSGAARD Christian (DEN) / PETERSEN Christoffer (DEN),HENZELL William
Swedish Open Gothenburg 2005,2005-11-17,HARA Masahiko/NAKANO Yusuke,HENZELL William/ZALCBERG David,3,1,"11,11,8,11|7,7,11,9",QR32,GRAND_SLAM,MD,1759,Qualification,HARA Masahiko (JPN) / NAKANO Yusuke (JPN),HENZELL William (AUS) / ZALCBERG David (AUS),HARA Masahiko
Swedish Open Gothenburg 2005,2005-11-17,JIANG Tianyi/TANG Peng,JINDRAK Karl/SCHLAGER Werner,4,0,"18,11,14,11|16,8,12,5",R16,GRAND_SLAM,MD,1759,Main Draw,JIANG Tianyi (HKG) / TANG Peng (HKG),JINDRAK Karl (AUT) / SCHLAGER Werner (AUT),JIANG Tianyi
Swedish Open Gothenburg 2005,2005-11-17,NILSSON Peter/WU Chih-Chi,HABESOHN Daniel/HABESOHN Mathias,3,0,"11,11,11|2,6,2",QR64,GRAND_SLAM,MD,1759,Qualification,NILSSON Peter (SWE) / WU Chih-Chi (TPE),HABESOHN Daniel (AUT) / HABESOHN Mathias (AUT),NILSSON Peter
Swedish Open Gothenburg 2005,2005-11-17,FEJER-KONNERTH Zoltan/LIM Jaehyun,ROBERTSON Adam/VOSTES Yannick,3,0,"11,12,11|6,10,5",QR128,GRAND_SLAM,MD,1759,Qualification,FEJER-KONNERTH Zoltan (GER) / LIM Jaehyun (KOR),ROBERTSON Adam (WAL) / VOSTES Yannick (BEL),FEJER-KONNERTH Zoltan
Swedish Open Gothenburg 2005,2005-11-17,HOYAMA Hugo/MONTEIRO Thiago,SAKAMOTO Ryusuke/YOSHIDA Kaii,3,0,"11,11,14|9,6,12",QR32,GRAND_SLAM,MD,1759,Qualification,HOYAMA Hugo (BRA) / MONTEIRO Thiago (BRA),SAKAMOTO Ryusuke (JPN) / YOSHIDA Kaii (JPN),HOYAMA Hugo
Swedish Open Gothenburg 2005,2005-11-17,HIELSCHER Lars/WOSIK Torben,CHEN Weixing/ZHANG Wilson,3,2,"11,12,11,9,11|8,10,13,11,6",QR64,GRAND_SLAM,MD,1759,Qualification,HIELSCHER Lars (GER) / WOSIK Torben (GER),CHEN Weixing (AUT) / ZHANG Wilson (CAN),HIELSCHER Lars
Swedish Open Gothenburg 2005,2005-11-17,SAKAMOTO Ryusuke/YOSHIDA Kaii,DEVAUX Jimmy/HINSE Pierre-Luc,3,1,"11,11,9,11|7,7,11,5",QR64,GRAND_SLAM,MD,1759,Qualification,SAKAMOTO Ryusuke (JPN) / YOSHIDA Kaii (JPN),DEVAUX Jimmy (FRA) / HINSE Pierre-Luc (CAN),SAKAMOTO Ryusuke
Swedish Open Gothenburg 2005,2005-11-17,LI Ping/ZHANG Chao,KEEN Trinko/TOKIC Bojan,3,1,"11,11,9,11|9,9,11,8",QR128,GRAND_SLAM,MD,1759,Qualification,LI Ping (QAT) / ZHANG Chao (CHN),KEEN Trinko (NED) / TOKIC Bojan (SLO),LI Ping
Swedish Open Gothenburg 2005,2005-11-17,HAO Shuai/MA Long,FRIBY Silas/HINDERSSON Mikkel,3,0,"11,11,14|1,2,12",QR64,GRAND_SLAM,MD,1759,Qualification,HAO Shuai (CHN) / MA Long (CHN),FRIBY Silas (DEN) / HINDERSSON Mikkel (DEN),HAO Shuai
Swedish Open Gothenburg 2005,2005-11-17,HAO Shuai/MA Long,OLLIVIER Brice/PHUNG Armand,3,0,"13,11,11|11,6,8",QR32,GRAND_SLAM,MD,1759,Qualification,HAO Shuai (CHN) / MA Long (CHN),OLLIVIER Brice (FRA) / PHUNG Armand (FRA),HAO Shuai
Swedish Open Gothenburg 2005,2005-11-17,HAO Shuai/MA Long,BALTRUSHKA Dzmitry/DAVIDOVICH Dmitry,3,0,"11,11,11|6,9,6",QR16,GRAND_SLAM,MD,1759,Qualification,HAO Shuai (CHN) / MA Long (CHN),BALTRUSHKA Dzmitry (BLR) / DAVIDOVICH Dmitry (BLR),HAO Shuai
Swedish Open Gothenburg 2005,2005-11-17,LI Ping/ZHANG Chao,HARA Masahiko/NAKANO Yusuke,3,0,"11,11,11|6,7,3",QR16,GRAND_SLAM,MD,1759,Qualification,LI Ping (QAT) / ZHANG Chao (CHN),HARA Masahiko (JPN) / NAKANO Yusuke (JPN),LI Ping
Swedish Open Gothenburg 2005,2005-11-17,JIANG Weizhong/TAN Ruiwu,GAVRILOV Denis/SARGSYAN Davit,3,1,"7,11,11,11|11,9,6,8",QR128,GRAND_SLAM,MD,1759,Qualification,JIANG Weizhong (CRO) / TAN Ruiwu (CRO),GAVRILOV Denis (RUS) / SARGSYAN Davit (ARM),JIANG Weizhong
Swedish Open Gothenburg 2005,2005-11-17,GACINA Andrej/ZUBCIC Tomislav,CARVALHO Efraim/MATSUMOTO Cazuo,3,0,"11,11,11|4,8,8",QR128,GRAND_SLAM,MD,1759,Qualification,GACINA Andrej (CRO) / ZUBCIC Tomislav (CRO),CARVALHO Efraim (BRA) / MATSUMOTO Cazuo (BRA),GACINA Andrej
Swedish Open Gothenburg 2005,2005-11-17,JIANG Weizhong/TAN Ruiwu,MILICEVIC Srdan/SEHIC Adnan,3,1,"11,5,11,11|4,11,4,4",QR64,GRAND_SLAM,MD,1759,Qualification,JIANG Weizhong (CRO) / TAN Ruiwu (CRO),MILICEVIC Srdan (BIH) / SEHIC Adnan (BIH),JIANG Weizhong
Swedish Open Gothenburg 2005,2005-11-17,GIONIS Panagiotis/JOO Saehyuk,JAKAB Janos/TOSIC Roko,3,2,"11,11,7,7,11|6,8,11,11,3",QR32,GRAND_SLAM,MD,1759,Qualification,GIONIS Panagiotis (GRE) / JOO Saehyuk (KOR),JAKAB Janos (HUN) / TOSIC Roko (CRO),GIONIS Panagiotis
Swedish Open Gothenburg 2005,2005-11-17,KISHIKAWA Seiya/MIZUTANI Jun,GACINA Andrej/ZUBCIC Tomislav,3,0,"11,11,11|5,6,7",QR32,GRAND_SLAM,MD,1759,Qualification,KISHIKAWA Seiya (JPN) / MIZUTANI Jun (JPN),GACINA Andrej (CRO) / ZUBCIC Tomislav (CRO),KISHIKAWA Seiya
Swedish Open Gothenburg 2005,2005-11-17,HIELSCHER Lars/WOSIK Torben,JIANG Weizhong/TAN Ruiwu,3,2,"11,13,8,11,11|7,15,11,8,8",QR16,GRAND_SLAM,MD,1759,Qualification,HIELSCHER Lars (GER) / WOSIK Torben (GER),JIANG Weizhong (CRO) / TAN Ruiwu (CRO),HIELSCHER Lars
Swedish Open Gothenburg 2005,2005-11-17,BAGGALEY Andrew/KOSOWSKI Jakub,KONECNY Tomas/VOZICKY Bohumil,3,1,"7,14,11,11|11,12,9,7",QR128,GRAND_SLAM,MD,1759,Qualification,BAGGALEY Andrew (ENG) / KOSOWSKI Jakub (POL),KONECNY Tomas (CZE) / VOZICKY Bohumil (CZE),BAGGALEY Andrew
Swedish Open Gothenburg 2005,2005-11-17,BUBA Ondrej/DEMEK Tomas,BAUBET Vincent/BEZARD Pierre,3,1,"11,5,11,11|9,11,3,8",QR128,GRAND_SLAM,MD,1759,Qualification,BUBA Ondrej (CZE) / DEMEK Tomas (CZE),BAUBET Vincent (FRA) / BEZARD Pierre (FRA),BUBA Ondrej
Swedish Open Gothenburg 2005,2005-11-17,KISHIKAWA Seiya/MIZUTANI Jun,GAVLAS Antonin/OLEJNIK Martin,3,0,"11,14,11|7,12,1",QR64,GRAND_SLAM,MD,1759,Qualification,KISHIKAWA Seiya (JPN) / MIZUTANI Jun (JPN),GAVLAS Antonin (CZE) / OLEJNIK Martin (CZE),KISHIKAWA Seiya
Swedish Open Gothenburg 2005,2005-11-17,HARA Masahiko/NAKANO Yusuke,PAVELKA Tomas/PLACHY Josef,3,1,"6,11,11,11|11,5,6,3",QR64,GRAND_SLAM,MD,1759,Qualification,HARA Masahiko (JPN) / NAKANO Yusuke (JPN),PAVELKA Tomas (CZE) / PLACHY Josef (CZE),HARA Masahiko
Swedish Open Gothenburg 2005,2005-11-17,BALTRUSHKA Dzmitry/DAVIDOVICH Dmitry,BUBA Ondrej/DEMEK Tomas,3,2,"8,11,5,11,11|11,6,11,7,7",QR32,GRAND_SLAM,MD,1759,Qualification,BALTRUSHKA Dzmitry (BLR) / DAVIDOVICH Dmitry (BLR),BUBA Ondrej (CZE) / DEMEK Tomas (CZE),BALTRUSHKA Dzmitry
Swedish Open Gothenburg 2005,2005-11-17,KONGSGAARD Christian/PETERSEN Christoffer,AXELQVIST Johan/SVENSSON Robert,3,1,"8,11,11,11|11,5,8,7",QR128,GRAND_SLAM,MD,1759,Qualification,KONGSGAARD Christian (DEN) / PETERSEN Christoffer (DEN),AXELQVIST Johan (SWE) / SVENSSON Robert (SWE),KONGSGAARD Christian
Swedish Open Gothenburg 2005,2005-11-17,CHOU Tung-Yu/CHUANG Chih-Yuan,SORENSEN Mads/STERNBERG Kasper,3,2,"10,11,9,11,11|12,5,11,5,8",QR64,GRAND_SLAM,MD,1759,Qualification,CHOU Tung-Yu (TPE) / CHUANG Chih-Yuan (TPE),SORENSEN Mads (DEN) / STERNBERG Kasper (DEN),CHOU Tung-Yu
Swedish Open Gothenburg 2005,2005-11-17,HOYAMA Hugo/MONTEIRO Thiago,MACHADO Carlos/MONZO Oriol,3,0,"11,12,11|3,10,8",QR64,GRAND_SLAM,MD,1759,Qualification,HOYAMA Hugo (BRA) / MONTEIRO Thiago (BRA),MACHADO Carlos (ESP) / MONZO Oriol (ESP),HOYAMA Hugo
Swedish Open Gothenburg 2005,2005-11-17,NILSSON Peter/WU Chih-Chi,ELENSKY Gregory/LO Dany,3,0,"11,11,11|9,3,6",QR128,GRAND_SLAM,MD,1759,Qualification,NILSSON Peter (SWE) / WU Chih-Chi (TPE),ELENSKY Gregory (ISR) / LO Dany (FRA),NILSSON Peter
Swedish Open Gothenburg 2005,2005-11-17,KIHO Shinnosuke/TAKAKIWA Kenichi,LEBESSON Emmanuel/SALIFOU Abdel-Kader,3,0,"11,11,11|8,3,3",QR128,GRAND_SLAM,MD,1759,Qualification,KIHO Shinnosuke (JPN) / TAKAKIWA Kenichi (JPN),LEBESSON Emmanuel (FRA) / SALIFOU Abdel-Kader (BEN),KIHO Shinnosuke
Swedish Open Gothenburg 2005,2005-11-17,BERTIN Christophe/BOBILLIER Loic,FAN Guoliang/LIN Ju,3,0,"11,11,11|8,6,6",QR64,GRAND_SLAM,MD,1759,Qualification,BERTIN Christophe (FRA) / BOBILLIER Loic (FRA),FAN Guoliang (ESP) / LIN Ju (DOM),BERTIN Christophe
Swedish Open Gothenburg 2005,2005-11-17,OLLIVIER Brice/PHUNG Armand,PEREK Jakub/SUCH Bartosz,3,0,"11,11,11|6,4,6",QR64,GRAND_SLAM,MD,1759,Qualification,OLLIVIER Brice (FRA) / PHUNG Armand (FRA),PEREK Jakub (POL) / SUCH Bartosz (POL),OLLIVIER Brice
Swedish Open Gothenburg 2005,2005-11-17,ERLANDSEN Geir/WANG Jianfeng,DESPRES Rodolphe/LEGOUT Christophe,3,0,"12,11,11|10,7,7",QR64,GRAND_SLAM,MD,1759,Qualification,ERLANDSEN Geir (NOR) / WANG Jianfeng (NOR),DESPRES Rodolphe (FRA) / LEGOUT Christophe (FRA),ERLANDSEN Geir
Swedish Open Gothenburg 2005,2005-11-17,CHMIEL Pawel/GORAK Daniel,AUFRERE Julien/QUENTEL Dorian,3,1,"11,12,8,11|9,10,11,4",QR64,GRAND_SLAM,MD,1759,Qualification,CHMIEL Pawel (POL) / GORAK Daniel (POL),AUFRERE Julien (FRA) / QUENTEL Dorian (FRA),CHMIEL Pawel
Swedish Open Gothenburg 2005,2005-11-17,JIANG Weizhong/TAN Ruiwu,BERTIN Christophe/BOBILLIER Loic,3,2,"4,11,8,11,11|11,3,11,6,5",QR32,GRAND_SLAM,MD,1759,Qualification,JIANG Weizhong (CRO) / TAN Ruiwu (CRO),BERTIN Christophe (FRA) / BOBILLIER Loic (FRA),JIANG Weizhong
Swedish Open Gothenburg 2005,2005-11-17,FEJER-KONNERTH Zoltan/LIM Jaehyun,DEBRUYERES Clement/MATTENET Adrien,3,0,"11,11,11|6,6,6",QR32,GRAND_SLAM,MD,1759,Qualification,FEJER-KONNERTH Zoltan (GER) / LIM Jaehyun (KOR),DEBRUYERES Clement (FRA) / MATTENET Adrien (FRA),FEJER-KONNERTH Zoltan
Swedish Open Gothenburg 2005,2005-11-17,GIONIS Panagiotis/JOO Saehyuk,BOLL Timo/SUSS Christian,4,3,"10,11,11,11,11,9,11|12,9,9,13,7,11,6",R16,GRAND_SLAM,MD,1759,Main Draw,GIONIS Panagiotis (GRE) / JOO Saehyuk (KOR),BOLL Timo (GER) / SUSS Christian (GER),GIONIS Panagiotis
Swedish Open Gothenburg 2005,2005-11-17,LEE Jungwoo/OH Sangeun,HIELSCHER Lars/WOSIK Torben,4,0,"11,11,11,11|8,3,4,2",R16,GRAND_SLAM,MD,1759,Main Draw,LEE Jungwoo (KOR) / OH Sangeun (KOR),HIELSCHER Lars (GER) / WOSIK Torben (GER),LEE Jungwoo
Swedish Open Gothenburg 2005,2005-11-17,HIELSCHER Lars/WOSIK Torben,CHO Jihoon/YOON Jaeyoung,3,1,"11,9,11,11|4,11,8,6",QR128,GRAND_SLAM,MD,1759,Qualification,HIELSCHER Lars (GER) / WOSIK Torben (GER),CHO Jihoon (KOR) / YOON Jaeyoung (KOR),HIELSCHER Lars
Swedish Open Gothenburg 2005,2005-11-17,HIELSCHER Lars/WOSIK Torben,KLEPRLIK Jakub/KLEPRLIK Michal,3,0,"14,11,11|12,4,4",QR32,GRAND_SLAM,MD,1759,Qualification,HIELSCHER Lars (GER) / WOSIK Torben (GER),KLEPRLIK Jakub (CZE) / KLEPRLIK Michal (CZE),HIELSCHER Lars
Swedish Open Gothenburg 2005,2005-11-17,JACKSON Peter/PAPADIMITRIOU Dimitrios,MADRID Marcos/MENDEZ Rafael,3,0,"11,11,15|8,8,13",QR128,GRAND_SLAM,MD,1759,Qualification,JACKSON Peter (NZL) / PAPADIMITRIOU Dimitrios (GRE),MADRID Marcos (MEX) / MENDEZ Rafael (MEX),JACKSON Peter
Swedish Open Gothenburg 2005,2005-11-17,JIANG Tianyi/TANG Peng,JACKSON Peter/PAPADIMITRIOU Dimitrios,3,1,"9,11,11,11|11,4,2,6",QR64,GRAND_SLAM,MD,1759,Qualification,JIANG Tianyi (HKG) / TANG Peng (HKG),JACKSON Peter (NZL) / PAPADIMITRIOU Dimitrios (GRE),JIANG Tianyi
Swedish Open Gothenburg 2005,2005-11-17,LEE Jungwoo/OH Sangeun,JIANG Tianyi/TANG Peng,4,0,"11,11,11,11|8,5,6,6",QF,GRAND_SLAM,MD,1759,Main Draw,LEE Jungwoo (KOR) / OH Sangeun (KOR),JIANG Tianyi (HKG) / TANG Peng (HKG),LEE Jungwoo
Swedish Open Gothenburg 2005,2005-11-17,JIANG Tianyi/TANG Peng,LIU Guozheng/XU Hui,3,0,"11,11,11|7,8,8",QR16,GRAND_SLAM,MD,1759,Qualification,JIANG Tianyi (HKG) / TANG Peng (HKG),LIU Guozheng (CHN) / XU Hui (CHN),JIANG Tianyi
Swedish Open Gothenburg 2005,2005-11-17,KIHO Shinnosuke/TAKAKIWA Kenichi,BERNER Eric/STEPHENSEN Gudmundur,3,0,"11,11,12|5,3,10",QR64,GRAND_SLAM,MD,1759,Qualification,KIHO Shinnosuke (JPN) / TAKAKIWA Kenichi (JPN),BERNER Eric (NOR) / STEPHENSEN Gudmundur (ISL),KIHO Shinnosuke
Swedish Open Gothenburg 2005,2005-11-17,HOYAMA Hugo/MONTEIRO Thiago,BOBOCICA Mihai/SABATINO Daniele,3,2,"15,9,9,11,11|13,11,11,4,5",QR128,GRAND_SLAM,MD,1759,Qualification,HOYAMA Hugo (BRA) / MONTEIRO Thiago (BRA),BOBOCICA Mihai (ITA) / SABATINO Daniele (ITA),HOYAMA Hugo
Swedish Open Gothenburg 2005,2005-11-17,GACINA Andrej/ZUBCIC Tomislav,PIACENTINI Valentino/YANG Min,3,2,"7,11,11,6,11|11,6,7,11,5",QR64,GRAND_SLAM,MD,1759,Qualification,GACINA Andrej (CRO) / ZUBCIC Tomislav (CRO),PIACENTINI Valentino (ITA) / YANG Min (ITA),GACINA Andrej
Swedish Open Gothenburg 2005,2005-11-17,KLEPRLIK Jakub/KLEPRLIK Michal,OYA Hidetoshi/TAKAKIWA Taku,3,0,"13,16,11|11,14,3",QR64,GRAND_SLAM,MD,1759,Qualification,KLEPRLIK Jakub (CZE) / KLEPRLIK Michal (CZE),OYA Hidetoshi (JPN) / TAKAKIWA Taku (JPN),KLEPRLIK Jakub
Swedish Open Gothenburg 2005,2005-11-17,BLASZCZYK Lucjan/WANG Zengyi,KIHO Shinnosuke/TAKAKIWA Kenichi,3,1,"11,11,12,11|4,4,14,6",QR32,GRAND_SLAM,MD,1759,Qualification,BLASZCZYK Lucjan (POL) / WANG Zengyi (POL),KIHO Shinnosuke (JPN) / TAKAKIWA Kenichi (JPN),BLASZCZYK Lucjan
Swedish Open Gothenburg 2005,2005-11-17,LEE Jinkwon/RYU Seungmin,KISHIKAWA Seiya/MIZUTANI Jun,4,1,"9,11,11,12,11|11,6,6,10,3",R16,GRAND_SLAM,MD,1759,Main Draw,LEE Jinkwon (KOR) / RYU Seungmin (KOR),KISHIKAWA Seiya (JPN) / MIZUTANI Jun (JPN),LEE Jinkwon
Swedish Open Gothenburg 2005,2005-11-17,KIM Junghoon/LEE Jungsam,GERELL Par/LUNDQVIST Jens,4,1,"6,11,11,11,11|11,6,6,6,5",R16,GRAND_SLAM,MD,1759,Main Draw,KIM Junghoon (KOR) / LEE Jungsam (KOR),GERELL Par (SWE) / LUNDQVIST Jens (SWE),KIM Junghoon
Swedish Open Gothenburg 2005,2005-11-17,GIONIS Panagiotis/JOO Saehyuk,LI Ping/ZHANG Chao,4,0,"11,11,11,11|9,8,4,7",QF,GRAND_SLAM,MD,1759,Main Draw,GIONIS Panagiotis (GRE) / JOO Saehyuk (KOR),LI Ping (QAT) / ZHANG Chao (CHN),GIONIS Panagiotis
Swedish Open Gothenburg 2005,2005-11-17,BLASZCZYK Lucjan/WANG Zengyi,LEE Jinkwon/RYU Seungmin,4,3,"11,7,10,11,8,11,12|8,11,12,8,11,9,10",QF,GRAND_SLAM,MD,1759,Main Draw,BLASZCZYK Lucjan (POL) / WANG Zengyi (POL),LEE Jinkwon (KOR) / RYU Seungmin (KOR),BLASZCZYK Lucjan
Swedish Open Gothenburg 2005,2005-11-17,BLASZCZYK Lucjan/WANG Zengyi,GIONIS Panagiotis/JOO Saehyuk,4,3,"11,4,11,8,12,6,12|4,11,6,11,10,11,10",SF,GRAND_SLAM,MD,1759,Main Draw,BLASZCZYK Lucjan (POL) / WANG Zengyi (POL),GIONIS Panagiotis (GRE) / JOO Saehyuk (KOR),BLASZCZYK Lucjan
Swedish Open Gothenburg 2005,2005-11-17,LEE Jungwoo/OH Sangeun,KIM Junghoon/LEE Jungsam,4,2,"6,11,11,10,11,11|11,8,6,12,8,8",SF,GRAND_SLAM,MD,1759,Main Draw,LEE Jungwoo (KOR) / OH Sangeun (KOR),KIM Junghoon (KOR) / LEE Jungsam (KOR),LEE Jungwoo
Swedish Open Gothenburg 2005,2005-11-17,GIONIS Panagiotis/JOO Saehyuk,ABE Kazuhiro/ONO Tatsuya,3,0,"11,11,11|4,7,8",QR128,GRAND_SLAM,MD,1759,Qualification,GIONIS Panagiotis (GRE) / JOO Saehyuk (KOR),ABE Kazuhiro (JPN) / ONO Tatsuya (JPN),GIONIS Panagiotis
Swedish Open Gothenburg 2005,2005-11-17,GIONIS Panagiotis/JOO Saehyuk,CABESTANY Cedrik/FILIMON Andrei,3,0,"11,11,11|9,7,6",QR64,GRAND_SLAM,MD,1759,Qualification,GIONIS Panagiotis (GRE) / JOO Saehyuk (KOR),CABESTANY Cedrik (FRA) / FILIMON Andrei (ROU),GIONIS Panagiotis
Swedish Open Gothenburg 2005,2005-11-17,FEJER-KONNERTH Zoltan/LIM Jaehyun,CLARKE Brett/DAVIS Kyle,3,0,"11,11,11|4,6,5",QR64,GRAND_SLAM,MD,1759,Qualification,FEJER-KONNERTH Zoltan (GER) / LIM Jaehyun (KOR),CLARKE Brett (AUS) / DAVIS Kyle (AUS),FEJER-KONNERTH Zoltan
Swedish Open Gothenburg 2005,2005-11-17,CHO Eonrae/CHOI Hyunjin,KAUCKY Petr/URBANEK Jan,3,1,"11,10,11,12|7,12,6,10",QR64,GRAND_SLAM,MD,1759,Qualification,CHO Eonrae (KOR) / CHOI Hyunjin (KOR),KAUCKY Petr (CZE) / URBANEK Jan (CZE),CHO Eonrae
Swedish Open Gothenburg 2005,2005-11-17,JIANG Tianyi/TANG Peng,CHO Eonrae/CHOI Hyunjin,3,1,"11,4,11,11|8,11,5,8",QR32,GRAND_SLAM,MD,1759,Qualification,JIANG Tianyi (HKG) / TANG Peng (HKG),CHO Eonrae (KOR) / CHOI Hyunjin (KOR),JIANG Tianyi
Swedish Open Gothenburg 2005,2005-11-17,GIONIS Panagiotis/JOO Saehyuk,BAGGALEY Andrew/KOSOWSKI Jakub,3,0,"12,15,11|10,13,7",QR16,GRAND_SLAM,MD,1759,Qualification,GIONIS Panagiotis (GRE) / JOO Saehyuk (KOR),BAGGALEY Andrew (ENG) / KOSOWSKI Jakub (POL),GIONIS Panagiotis
Swedish Open Gothenburg 2005,2005-11-17,KISHIKAWA Seiya/MIZUTANI Jun,FEJER-KONNERTH Zoltan/LIM Jaehyun,3,0,"11,11,11|9,8,8",QR16,GRAND_SLAM,MD,1759,Qualification,KISHIKAWA Seiya (JPN) / MIZUTANI Jun (JPN),FEJER-KONNERTH Zoltan (GER) / LIM Jaehyun (KOR),KISHIKAWA Seiya
Swedish Open Gothenburg 2005,2005-11-17,KIM Junghoon/LEE Jungsam,HOYAMA Hugo/MONTEIRO Thiago,3,0,"11,11,11|5,4,7",QR16,GRAND_SLAM,MD,1759,Qualification,KIM Junghoon (KOR) / LEE Jungsam (KOR),HOYAMA Hugo (BRA) / MONTEIRO Thiago (BRA),KIM Junghoon
Swedish Open Gothenburg 2005,2005-11-17,BUBA Ondrej/DEMEK Tomas,AARAS Arne/MOLDOVAN Istvan,3,2,"8,11,11,5,11|11,1,5,11,6",QR64,GRAND_SLAM,MD,1759,Qualification,BUBA Ondrej (CZE) / DEMEK Tomas (CZE),AARAS Arne (NOR) / MOLDOVAN Istvan (NOR),BUBA Ondrej
Swedish Open Gothenburg 2005,2005-11-17,LI Ping/ZHANG Chao,ERLANDSEN Geir/WANG Jianfeng,3,2,"9,11,11,11,11|11,6,13,8,3",QR32,GRAND_SLAM,MD,1759,Qualification,LI Ping (QAT) / ZHANG Chao (CHN),ERLANDSEN Geir (NOR) / WANG Jianfeng (NOR),LI Ping
Swedish Open Gothenburg 2005,2005-11-17,BLASZCZYK Lucjan/WANG Zengyi,CHEUNG Yuk/LEUNG Chu Yan,4,1,"11,11,13,11,11|6,6,15,6,2",R16,GRAND_SLAM,MD,1759,Main Draw,BLASZCZYK Lucjan (POL) / WANG Zengyi (POL),CHEUNG Yuk (HKG) / LEUNG Chu Yan (HKG),BLASZCZYK Lucjan
Swedish Open Gothenburg 2005,2005-11-17,LEE Jungwoo/OH Sangeun,BLASZCZYK Lucjan/WANG Zengyi,4,1,"11,11,11,7,11|7,9,8,11,3",F,GRAND_SLAM,MD,1759,Main Draw,LEE Jungwoo (KOR) / OH Sangeun (KOR),BLASZCZYK Lucjan (POL) / WANG Zengyi (POL),LEE Jungwoo
Swedish Open Gothenburg 2005,2005-11-17,CHMIEL Pawel/GORAK Daniel,OBESLO Michal/PLACEK Frantisek,3,0,"11,11,11|9,9,8",QR128,GRAND_SLAM,MD,1759,Qualification,CHMIEL Pawel (POL) / GORAK Daniel (POL),OBESLO Michal (CZE) / PLACEK Frantisek (CZE),CHMIEL Pawel
Swedish Open Gothenburg 2005,2005-11-17,BAGGALEY Andrew/KOSOWSKI Jakub,CHOU Tung-Yu/CHUANG Chih-Yuan,3,1,"11,5,14,14|8,11,12,12",QR32,GRAND_SLAM,MD,1759,Qualification,BAGGALEY Andrew (ENG) / KOSOWSKI Jakub (POL),CHOU Tung-Yu (TPE) / CHUANG Chih-Yuan (TPE),BAGGALEY Andrew
Swedish Open Gothenburg 2005,2005-11-17,KIM Junghoon/LEE Jungsam,CHMIEL Pawel/GORAK Daniel,3,0,"11,11,11|9,5,3",QR32,GRAND_SLAM,MD,1759,Qualification,KIM Junghoon (KOR) / LEE Jungsam (KOR),CHMIEL Pawel (POL) / GORAK Daniel (POL),KIM Junghoon
Swedish Open Gothenburg 2005,2005-11-17,APOLONIA Tiago/MONTEIRO Joao,DAVID Petr/FYNSK Daniel,3,0,"11,11,11|6,8,7",QR128,GRAND_SLAM,MD,1759,Qualification,APOLONIA Tiago (POR) / MONTEIRO Joao (POR),DAVID Petr (CZE) / FYNSK Daniel (DEN),APOLONIA Tiago
Swedish Open Gothenburg 2005,2005-11-17,KIM Junghoon/LEE Jungsam,APOLONIA Tiago/MONTEIRO Joao,3,1,"11,5,13,11|5,11,11,7",QR64,GRAND_SLAM,MD,1759,Qualification,KIM Junghoon (KOR) / LEE Jungsam (KOR),APOLONIA Tiago (POR) / MONTEIRO Joao (POR),KIM Junghoon
Swedish Open Gothenburg 2005,2005-11-17,MAZUNOV Dmitry/SMIRNOV Alexey,HAO Shuai/MA Long,4,1,"13,11,5,11,11|11,9,11,5,7",R16,GRAND_SLAM,MD,1759,Main Draw,MAZUNOV Dmitry (RUS) / SMIRNOV Alexey (RUS),HAO Shuai (CHN) / MA Long (CHN),MAZUNOV Dmitry
Swedish Open Gothenburg 2005,2005-11-17,KIM Junghoon/LEE Jungsam,MAZUNOV Dmitry/SMIRNOV Alexey,4,0,"11,11,11,11|7,3,8,4",QF,GRAND_SLAM,MD,1759,Main Draw,KIM Junghoon (KOR) / LEE Jungsam (KOR),MAZUNOV Dmitry (RUS) / SMIRNOV Alexey (RUS),KIM Junghoon
Swedish Open Gothenburg 2005,2005-11-17,OLLIVIER Brice/PHUNG Armand,GOLOVANOV Stanislav/GRACHEV Andrei,3,0,"11,11,11|9,9,7",QR128,GRAND_SLAM,MD,1759,Qualification,OLLIVIER Brice (FRA) / PHUNG Armand (FRA),GOLOVANOV Stanislav (BUL) / GRACHEV Andrei (RUS),OLLIVIER Brice
Swedish Open Gothenburg 2005,2005-11-17,LIVENTSOV Alexey/RUBTSOV Igor,ASMUSSEN Jakob/RASMUSSEN Claus,3,0,"11,11,11|6,8,7",QR128,GRAND_SLAM,MD,1759,Qualification,LIVENTSOV Alexey (RUS) / RUBTSOV Igor (RUS),ASMUSSEN Jakob (DEN) / RASMUSSEN Claus (DEN),LIVENTSOV Alexey
Swedish Open Gothenburg 2005,2005-11-17,JAKAB Janos/TOSIC Roko,SPINICCHIA Simone/VLASOV Grigory,3,1,"17,9,11,11|15,11,6,7",QR64,GRAND_SLAM,MD,1759,Qualification,JAKAB Janos (HUN) / TOSIC Roko (CRO),SPINICCHIA Simone (ITA) / VLASOV Grigory (RUS),JAKAB Janos
Swedish Open Gothenburg 2005,2005-11-17,LIVENTSOV Alexey/RUBTSOV Igor,CARNEROS Alfredo/DURAN Marc,3,2,"11,11,10,11,12|8,7,12,13,10",QR64,GRAND_SLAM,MD,1759,Qualification,LIVENTSOV Alexey (RUS) / RUBTSOV Igor (RUS),CARNEROS Alfredo (ESP) / DURAN Marc (ESP),LIVENTSOV Alexey
Swedish Open Gothenburg 2005,2005-11-17,BLASZCZYK Lucjan/WANG Zengyi,LIVENTSOV Alexey/RUBTSOV Igor,3,2,"11,11,11,11,11|9,13,4,13,2",QR16,GRAND_SLAM,MD,1759,Qualification,BLASZCZYK Lucjan (POL) / WANG Zengyi (POL),LIVENTSOV Alexey (RUS) / RUBTSOV Igor (RUS),BLASZCZYK Lucjan
Swedish Open Gothenburg 2005,2005-11-17,BALTRUSHKA Dzmitry/DAVIDOVICH Dmitry,GREEN Wally/STAUFER Beat,3,0,"11,11,11|7,7,7",QR128,GRAND_SLAM,MD,1759,Qualification,BALTRUSHKA Dzmitry (BLR) / DAVIDOVICH Dmitry (BLR),GREEN Wally (USA) / STAUFER Beat (SUI),BALTRUSHKA Dzmitry
Swedish Open Gothenburg 2005,2005-11-17,BLASZCZYK Lucjan/WANG Zengyi,FETH Stefan/KEINATH Thomas,3,1,"11,11,9,11|4,6,11,7",QR64,GRAND_SLAM,MD,1759,Qualification,BLASZCZYK Lucjan (POL) / WANG Zengyi (POL),FETH Stefan (GER) / KEINATH Thomas (SVK),BLASZCZYK Lucjan
Swedish Open Gothenburg 2005,2005-11-17,BAGGALEY Andrew/KOSOWSKI Jakub,MANSSON Magnus/RYDEN Lukas,3,1,"11,13,9,11|9,11,11,8",QR64,GRAND_SLAM,MD,1759,Qualification,BAGGALEY Andrew (ENG) / KOSOWSKI Jakub (POL),MANSSON Magnus (SWE) / RYDEN Lukas (SWE),BAGGALEY Andrew
Swedish Open Gothenburg 2005,2005-11-17,LIVENTSOV Alexey/RUBTSOV Igor,ASAMOAH Cyprian/PERSSON Jon,3,1,"11,11,12,11|4,4,14,6",QR32,GRAND_SLAM,MD,1759,Qualification,LIVENTSOV Alexey (RUS) / RUBTSOV Igor (RUS),ASAMOAH Cyprian (SWE) / PERSSON Jon (SWE),LIVENTSOV Alexey
Swedish Open Gothenburg 2005,2005-11-17,LIU Guozheng/XU Hui,NILSSON Peter/WU Chih-Chi,3,0,"11,11,11|7,8,9",QR32,GRAND_SLAM,MD,1759,Qualification,LIU Guozheng (CHN) / XU Hui (CHN),NILSSON Peter (SWE) / WU Chih-Chi (TPE),LIU Guozheng
Swedish Open Gothenburg 2005,2005-11-17,CHANG Chenchen/FAN Ying,STEFANOVA Nikoleta/TAN Wenling,4,3,"9,6,11,11,11,11,11|11,11,13,9,8,8,7",R16,GRAND_SLAM,WD,1759,Main Draw,CHANG Chenchen (CHN) / FAN Ying (CHN),STEFANOVA Nikoleta (ITA) / TAN Wenling (ITA),CHANG Chenchen
Swedish Open Gothenburg 2005,2005-11-17,LIN Ling/SONG Ah Sim,CHANG Chenchen/FAN Ying,4,1,"3,13,11,11,11|11,11,8,8,6",SF,GRAND_SLAM,WD,1759,Main Draw,LIN Ling (HKG) / SONG Ah Sim (HKG),CHANG Chenchen (CHN) / FAN Ying (CHN),LIN Ling
Swedish Open Gothenburg 2005,2005-11-17,CAO Zhen/DING Ning,XU Jie (1979)/ZHU Fang,3,0,"11,11,11|7,8,9",QR32,GRAND_SLAM,WD,1759,Qualification,CAO Zhen (CHN) / DING Ning (CHN),XU Jie (1979) (WAL) / ZHU Fang (ESP),CAO Zhen
Swedish Open Gothenburg 2005,2005-11-17,LI Xiaoxia/PENG Luyang,NORDENBERG Linda/PETTERSSON Malin,3,0,"11,11,11|5,5,8",QR32,GRAND_SLAM,WD,1759,Qualification,LI Xiaoxia (CHN) / PENG Luyang (CHN),NORDENBERG Linda (SWE) / PETTERSSON Malin (SWE),LI Xiaoxia
Swedish Open Gothenburg 2005,2005-11-17,CAO Zhen/DING Ning,PENKAVOVA Katerina/STRBIKOVA Renata,3,1,"11,9,11,11|6,11,5,1",QR16,GRAND_SLAM,WD,1759,Qualification,CAO Zhen (CHN) / DING Ning (CHN),PENKAVOVA Katerina (CZE) / STRBIKOVA Renata (CZE),CAO Zhen
Swedish Open Gothenburg 2005,2005-11-17,LI Xiaoxia/PENG Luyang,LEE Eunhee/LEE Hyangmi,3,2,"11,9,13,11,11|9,11,15,9,5",QR16,GRAND_SLAM,WD,1759,Qualification,LI Xiaoxia (CHN) / PENG Luyang (CHN),LEE Eunhee (KOR) / LEE Hyangmi (KOR),LI Xiaoxia
Swedish Open Gothenburg 2005,2005-11-17,CHANG Chenchen/FAN Ying,ITO Midori/SHIGEMOTO Sachie,3,2,"8,11,14,11,11|11,4,16,9,8",QR16,GRAND_SLAM,WD,1759,Qualification,CHANG Chenchen (CHN) / FAN Ying (CHN),ITO Midori (JPN) / SHIGEMOTO Sachie (JPN),CHANG Chenchen
Swedish Open Gothenburg 2005,2005-11-17,GANINA Svetlana/IVANCAN Irene,GRUNDISCH Carole/HANFFOU Sarah,3,1,"11,9,11,13|3,11,7,11",QR32,GRAND_SLAM,WD,1759,Qualification,GANINA Svetlana (RUS) / IVANCAN Irene (GER),GRUNDISCH Carole (FRA) / HANFFOU Sarah (CMR),GANINA Svetlana
Swedish Open Gothenburg 2005,2005-11-17,HIRANO Sayaka/HIURA Reiko,HARABASZOVA Lenka/SMISTIKOVA Martina,3,0,"11,11,11|9,4,8",QR32,GRAND_SLAM,WD,1759,Qualification,HIRANO Sayaka (JPN) / HIURA Reiko (JPN),HARABASZOVA Lenka (CZE) / SMISTIKOVA Martina (CZE),HIRANO Sayaka
Swedish Open Gothenburg 2005,2005-11-17,GAO Jun/SHEN Yanfei,LI Xiaoxia/PENG Luyang,4,0,"11,11,11,11|3,3,8,9",R16,GRAND_SLAM,WD,1759,Main Draw,GAO Jun (USA) / SHEN Yanfei (ESP),LI Xiaoxia (CHN) / PENG Luyang (CHN),GAO Jun
Swedish Open Gothenburg 2005,2005-11-17,LIN Ling/SONG Ah Sim,GAO Jun/SHEN Yanfei,4,1,"8,11,11,12,11|11,8,6,10,3",QF,GRAND_SLAM,WD,1759,Main Draw,LIN Ling (HKG) / SONG Ah Sim (HKG),GAO Jun (USA) / SHEN Yanfei (ESP),LIN Ling
Swedish Open Gothenburg 2005,2005-11-17,LEE Eunhee/LEE Hyangmi,DVORAK Galia/RAMIREZ Sara,3,1,"11,8,11,11|6,11,7,5",QR32,GRAND_SLAM,WD,1759,Qualification,LEE Eunhee (KOR) / LEE Hyangmi (KOR),DVORAK Galia (ESP) / RAMIREZ Sara (ESP),LEE Eunhee
Swedish Open Gothenburg 2005,2005-11-17,BERGLUND Anna/WESTHOLM Sofia,XIAN Yifang/GOURIN Anne-Sophie,3,2,"11,8,5,11,12|8,11,11,9,10",QR32,GRAND_SLAM,WD,1759,Qualification,BERGLUND Anna (SWE) / WESTHOLM Sofia (SWE),XIAN Yifang (FRA) / GOURIN Anne-Sophie (FRA),BERGLUND Anna
Swedish Open Gothenburg 2005,2005-11-17,LIN Ling/SONG Ah Sim,STRUSE Nicole/WU Jiaduo,4,0,"11,11,11,11|9,6,8,9",R16,GRAND_SLAM,WD,1759,Main Draw,LIN Ling (HKG) / SONG Ah Sim (HKG),STRUSE Nicole (GER) / WU Jiaduo (GER),LIN Ling
Swedish Open Gothenburg 2005,2005-11-17,GANINA Svetlana/IVANCAN Irene,JOHANSSON Frida/VAKKILA Nina,3,1,"11,13,11,11|13,11,3,3",QR64,GRAND_SLAM,WD,1759,Qualification,GANINA Svetlana (RUS) / IVANCAN Irene (GER),JOHANSSON Frida (SWE) / VAKKILA Nina (SWE),GANINA Svetlana
Swedish Open Gothenburg 2005,2005-11-17,EKHOLM Matilda/WIGOW Susanna,BOLLMEIER Nadine/ROBERTSON Laura,3,0,"11,11,11|9,6,5",QR32,GRAND_SLAM,WD,1759,Qualification,EKHOLM Matilda (SWE) / WIGOW Susanna (SWE),BOLLMEIER Nadine (GER) / ROBERTSON Laura (GER),EKHOLM Matilda
Swedish Open Gothenburg 2005,2005-11-17,STRUSE Nicole/WU Jiaduo,BAKULA Andrea/PAOVIC Sandra,3,0,"11,11,11|3,5,8",QR32,GRAND_SLAM,WD,1759,Qualification,STRUSE Nicole (GER) / WU Jiaduo (GER),BAKULA Andrea (CRO) / PAOVIC Sandra (CRO),STRUSE Nicole
Swedish Open Gothenburg 2005,2005-11-17,CHANG Chenchen/FAN Ying,GOBEL Jessica/KRAMER Tanja,3,2,"11,11,2,9,11|8,4,11,11,6",QR32,GRAND_SLAM,WD,1759,Qualification,CHANG Chenchen (CHN) / FAN Ying (CHN),GOBEL Jessica (GER) / KRAMER Tanja (GER),CHANG Chenchen
Swedish Open Gothenburg 2005,2005-11-17,FUJII Hiroko/KANAZAWA Saki,GANINA Svetlana/IVANCAN Irene,3,2,"11,11,9,4,11|7,6,11,11,9",QR16,GRAND_SLAM,WD,1759,Qualification,FUJII Hiroko (JPN) / KANAZAWA Saki (JPN),GANINA Svetlana (RUS) / IVANCAN Irene (GER),FUJII Hiroko
Swedish Open Gothenburg 2005,2005-11-17,TIE Yana/ZHANG Rui,CAO Zhen/DING Ning,4,2,"11,8,6,12,12,12|7,11,11,10,10,10",R16,GRAND_SLAM,WD,1759,Main Draw,TIE Yana (HKG) / ZHANG Rui (HKG),CAO Zhen (CHN) / DING Ning (CHN),TIE Yana
Swedish Open Gothenburg 2005,2005-11-17,KIM Hyehyun/KIM Junghyun,JIANG Huajun/LAU Sui Fei,4,1,"11,12,12,11,13|8,10,14,7,11",R16,GRAND_SLAM,WD,1759,Main Draw,KIM Hyehyun (KOR) / KIM Junghyun (KOR),JIANG Huajun (HKG) / LAU Sui Fei (HKG),KIM Hyehyun
Swedish Open Gothenburg 2005,2005-11-17,TIE Yana/ZHANG Rui,KIM Hyehyun/KIM Junghyun,4,0,"11,11,11,15|6,3,9,13",QF,GRAND_SLAM,WD,1759,Main Draw,TIE Yana (HKG) / ZHANG Rui (HKG),KIM Hyehyun (KOR) / KIM Junghyun (KOR),TIE Yana
Swedish Open Gothenburg 2005,2005-11-17,TIE Yana/ZHANG Rui,FUJINUMA Ai/WATANABE Yuko,4,0,"11,11,11,11|5,3,8,6",SF,GRAND_SLAM,WD,1759,Main Draw,TIE Yana (HKG) / ZHANG Rui (HKG),FUJINUMA Ai (JPN) / WATANABE Yuko (JPN),TIE Yana
Swedish Open Gothenburg 2005,2005-11-17,TIE Yana/ZHANG Rui,LIN Ling/SONG Ah Sim,4,2,"11,11,11,9,8,11|6,7,6,11,11,4",F,GRAND_SLAM,WD,1759,Main Draw,TIE Yana (HKG) / ZHANG Rui (HKG),LIN Ling (HKG) / SONG Ah Sim (HKG),TIE Yana
Swedish Open Gothenburg 2005,2005-11-17,JIANG Huajun/LAU Sui Fei,KOSTROMINA Tatyana (1973)/PRIVALOVA Alexandra,3,0,"11,11,11|4,2,6",QR32,GRAND_SLAM,WD,1759,Qualification,JIANG Huajun (HKG) / LAU Sui Fei (HKG),KOSTROMINA Tatyana (1973) (BLR) / PRIVALOVA Alexandra (BLR),JIANG Huajun
Swedish Open Gothenburg 2005,2005-11-17,JIANG Huajun/LAU Sui Fei,BERGLUND Anna/WESTHOLM Sofia,3,0,"12,11,11|10,9,7",QR16,GRAND_SLAM,WD,1759,Qualification,JIANG Huajun (HKG) / LAU Sui Fei (HKG),BERGLUND Anna (SWE) / WESTHOLM Sofia (SWE),JIANG Huajun
Swedish Open Gothenburg 2005,2005-11-17,STEFANSKA Kinga/WANG Yu (YOB=1981),KINDGREN Malin/VAN ULSEN Sigrid,3,1,"11,7,11,11|6,11,5,8",QR64,GRAND_SLAM,WD,1759,Qualification,STEFANSKA Kinga (POL) / WANG Yu (YOB=1981) (ITA),KINDGREN Malin (SWE) / VAN ULSEN Sigrid (NED),STEFANSKA Kinga
Swedish Open Gothenburg 2005,2005-11-17,PENKAVOVA Katerina/STRBIKOVA Renata,STEFANSKA Kinga/WANG Yu (YOB=1981),3,2,"7,11,13,9,11|11,4,11,11,2",QR32,GRAND_SLAM,WD,1759,Qualification,PENKAVOVA Katerina (CZE) / STRBIKOVA Renata (CZE),STEFANSKA Kinga (POL) / WANG Yu (YOB=1981) (ITA),PENKAVOVA Katerina
Swedish Open Gothenburg 2005,2005-11-17,HUANG Yi-Hua/LU Yun-Feng,HIRANO Sayaka/HIURA Reiko,4,3,"6,9,11,15,8,11,11|11,11,4,13,11,9,9",R16,GRAND_SLAM,WD,1759,Main Draw,HUANG Yi-Hua (TPE) / LU Yun-Feng (TPE),HIRANO Sayaka (JPN) / HIURA Reiko (JPN),HUANG Yi-Hua
Swedish Open Gothenburg 2005,2005-11-17,FUJINUMA Ai/WATANABE Yuko,HUANG Yi-Hua/LU Yun-Feng,4,3,"8,8,11,11,11,6,11|11,11,1,6,8,11,6",QF,GRAND_SLAM,WD,1759,Main Draw,FUJINUMA Ai (JPN) / WATANABE Yuko (JPN),HUANG Yi-Hua (TPE) / LU Yun-Feng (TPE),FUJINUMA Ai
Swedish Open Gothenburg 2005,2005-11-17,ITO Midori/SHIGEMOTO Sachie,CAHOREAU Nathalie/COULIBALY Dieniouma,3,0,"11,11,11|6,4,7",QR64,GRAND_SLAM,WD,1759,Qualification,ITO Midori (JPN) / SHIGEMOTO Sachie (JPN),CAHOREAU Nathalie (FRA) / COULIBALY Dieniouma (FRA),ITO Midori
Swedish Open Gothenburg 2005,2005-11-17,PARK Miyoung/YOON Sunae,HASAMA Nozomi/SHIMADA Sayuri,3,0,"11,11,11|4,4,6",QR32,GRAND_SLAM,WD,1759,Qualification,PARK Miyoung (KOR) / YOON Sunae (KOR),HASAMA Nozomi (JPN) / SHIMADA Sayuri (JPN),PARK Miyoung
Swedish Open Gothenburg 2005,2005-11-17,ITO Midori/SHIGEMOTO Sachie,BARTOSOVA Hana/WAGGERMAYER Elena,3,1,"14,10,11,11|12,12,7,5",QR32,GRAND_SLAM,WD,1759,Qualification,ITO Midori (JPN) / SHIGEMOTO Sachie (JPN),BARTOSOVA Hana (CZE) / WAGGERMAYER Elena (AUT),ITO Midori
Swedish Open Gothenburg 2005,2005-11-17,KIM Bokrae/KIM Kyungah,FUJII Hiroko/KANAZAWA Saki,4,3,"13,6,8,8,11,11,11|11,11,11,11,7,6,2",R16,GRAND_SLAM,WD,1759,Main Draw,KIM Bokrae (KOR) / KIM Kyungah (KOR),FUJII Hiroko (JPN) / KANAZAWA Saki (JPN),KIM Bokrae
Swedish Open Gothenburg 2005,2005-11-17,CHANG Chenchen/FAN Ying,KIM Bokrae/KIM Kyungah,4,2,"11,11,7,6,11,11|3,6,11,11,6,9",QF,GRAND_SLAM,WD,1759,Main Draw,CHANG Chenchen (CHN) / FAN Ying (CHN),KIM Bokrae (KOR) / KIM Kyungah (KOR),CHANG Chenchen
Swedish Open Gothenburg 2005,2005-11-17,XIAN Yifang/GOURIN Anne-Sophie,PASKAUSKIENE Ruta/JEON Hyekyung,3,2,"13,2,11,8,11|11,11,5,11,7",QR64,GRAND_SLAM,WD,1759,Qualification,XIAN Yifang (FRA) / GOURIN Anne-Sophie (FRA),PASKAUSKIENE Ruta (LTU) / JEON Hyekyung (KOR),XIAN Yifang
Swedish Open Gothenburg 2005,2005-11-17,PARK Miyoung/YOON Sunae,MIAO Miao/UMEMURA Aya,3,0,"11,11,11|7,3,6",QR64,GRAND_SLAM,WD,1759,Qualification,PARK Miyoung (KOR) / YOON Sunae (KOR),MIAO Miao (AUS) / UMEMURA Aya (JPN),PARK Miyoung
Swedish Open Gothenburg 2005,2005-11-17,KWAK Bangbang/MOON Hyunjung,PAUKOVIC Sanja/PERHOC Ines,3,0,"11,11,11|6,5,5",QR64,GRAND_SLAM,WD,1759,Qualification,KWAK Bangbang (KOR) / MOON Hyunjung (KOR),PAUKOVIC Sanja (CRO) / PERHOC Ines (CRO),KWAK Bangbang
Swedish Open Gothenburg 2005,2005-11-17,STRUSE Nicole/WU Jiaduo,PARK Miyoung/YOON Sunae,3,1,"11,11,7,11|3,7,11,9",QR16,GRAND_SLAM,WD,1759,Qualification,STRUSE Nicole (GER) / WU Jiaduo (GER),PARK Miyoung (KOR) / YOON Sunae (KOR),STRUSE Nicole
Swedish Open Gothenburg 2005,2005-11-17,FUJINUMA Ai/WATANABE Yuko,KWAK Bangbang/MOON Hyunjung,3,2,"11,9,3,11,11|8,11,11,7,8",QR16,GRAND_SLAM,WD,1759,Qualification,FUJINUMA Ai (JPN) / WATANABE Yuko (JPN),KWAK Bangbang (KOR) / MOON Hyunjung (KOR),FUJINUMA Ai
Swedish Open Gothenburg 2005,2005-11-17,FUJII Hiroko/KANAZAWA Saki,LINDMAE Karin/MISIKONYTE Lina,3,0,"11,11,11|6,5,4",QR32,GRAND_SLAM,WD,1759,Qualification,FUJII Hiroko (JPN) / KANAZAWA Saki (JPN),LINDMAE Karin (EST) / MISIKONYTE Lina (LTU),FUJII Hiroko
Swedish Open Gothenburg 2005,2005-11-17,FUJINUMA Ai/WATANABE Yuko,CREEMERS Linda/NOUWEN Carla,3,0,"11,11,11|6,5,9",QR32,GRAND_SLAM,WD,1759,Qualification,FUJINUMA Ai (JPN) / WATANABE Yuko (JPN),CREEMERS Linda (NED) / NOUWEN Carla (NED),FUJINUMA Ai
Swedish Open Gothenburg 2005,2005-11-17,DVORAK Galia/RAMIREZ Sara,BOMANN Anne-Cathrine/POHAR Martina,3,0,"14,11,11|12,4,6",QR64,GRAND_SLAM,WD,1759,Qualification,DVORAK Galia (ESP) / RAMIREZ Sara (ESP),BOMANN Anne-Cathrine (DEN) / POHAR Martina (SLO),DVORAK Galia
Swedish Open Gothenburg 2005,2005-11-17,FUJINUMA Ai/WATANABE Yuko,JONSSON Carina/OLSSON Marie,4,1,"11,10,13,11,11|8,12,11,8,6",R16,GRAND_SLAM,WD,1759,Main Draw,FUJINUMA Ai (JPN) / WATANABE Yuko (JPN),JONSSON Carina (SWE) / OLSSON Marie (SWE),FUJINUMA Ai
Swedish Open Gothenburg 2005,2005-11-17,EKHOLM Matilda/WIGOW Susanna,BADOSA Anna/NECULA Iulia,3,0,"11,11,11|6,6,8",QR64,GRAND_SLAM,WD,1759,Qualification,EKHOLM Matilda (SWE) / WIGOW Susanna (SWE),BADOSA Anna (ESP) / NECULA Iulia (ROU),EKHOLM Matilda
Swedish Open Gothenburg 2005,2005-11-17,KWAK Bangbang/MOON Hyunjung,SJOGREN Marie/WERSALL Caroline,3,0,"11,11,11|4,6,4",QR32,GRAND_SLAM,WD,1759,Qualification,KWAK Bangbang (KOR) / MOON Hyunjung (KOR),SJOGREN Marie (SWE) / WERSALL Caroline (SWE),KWAK Bangbang
Swedish Open Gothenburg 2005,2005-11-17,HIRANO Sayaka/HIURA Reiko,EKHOLM Matilda/WIGOW Susanna,3,0,"11,12,11|5,10,6",QR16,GRAND_SLAM,WD,1759,Qualification,HIRANO Sayaka (JPN) / HIURA Reiko (JPN),EKHOLM Matilda (SWE) / WIGOW Susanna (SWE),HIRANO Sayaka
