tournament,date,player_a,player_b,score_a,score_b,game_scores,round,tier,sub_event,event_id,stage,player_a_raw,player_b_raw
Panasonic China Open Shenzhen 2007,2007-08-29,KISHIKAWA Seiya,SHEN Qiang,4,2,"9,9,11,11,11,12|11,11,3,8,8,10",,GRAND_SLAM,MS,1867,Qualification,KISHIKAWA Seiya (JPN),SHEN Qiang (CAN)
Panasonic China Open Shenzhen 2007,2007-08-29,KISHIKAWA Seiya,SUN Wen-Wei,4,0,"11,11,11,11|3,6,9,4",QR2,GRAND_SLAM,MS,1867,Qualification,KISHIKAWA Seiya (JPN),SUN Wen-Wei (TPE)
Panasonic China Open Shenzhen 2007,2007-08-29,SHEN Qiang,SUN Wen-Wei,4,0,"11,11,11,11|9,9,7,7",3,GRAND_SLAM,MS,1867,Qualification,SHEN Qiang (CAN),SUN Wen-Wei (TPE)
Panasonic China Open Shenzhen 2007,2007-08-29,TAKAKIWA Taku,BALTRUSHKA Dzmitry,4,0,"11,11,11,11|6,9,2,4",,GRAND_SLAM,MS,1867,Qualification,TAKAKIWA Taku (JPN),BALTRUSHKA Dzmitry (BLR)
Panasonic China Open Shenzhen 2007,2007-08-29,TAKAKIWA Taku,TSE Ka Chun,4,1,"15,11,6,14,11|13,7,11,12,6",QR2,GRAND_SLAM,MS,1867,Qualification,TAKAKIWA Taku (JPN),TSE Ka Chun (HKG)
Panasonic China Open Shenzhen 2007,2007-08-29,TSE Ka Chun,BALTRUSHKA Dzmitry,4,0,"12,11,11,14|10,9,8,12",3,GRAND_SLAM,MS,1867,Qualification,TSE Ka Chun (HKG),BALTRUSHKA Dzmitry (BLR)
Panasonic China Open Shenzhen 2007,2007-08-29,KEINATH Thomas,LI Kwun Ngai,4,1,"11,11,11,11,11|4,4,8,13,4",,GRAND_SLAM,MS,1867,Qualification,KEINATH Thomas (SVK),LI Kwun Ngai (HKG)
Panasonic China Open Shenzhen 2007,2007-08-29,KEINATH Thomas,CANTERO Jesus,4,0,"11,12,13,11|8,10,11,7",QR2,GRAND_SLAM,MS,1867,Qualification,KEINATH Thomas (SVK),CANTERO Jesus (ESP)
Panasonic China Open Shenzhen 2007,2007-08-29,CANTERO Jesus,LI Kwun Ngai,4,2,"11,11,4,10,15,11|4,6,11,12,13,5",3,GRAND_SLAM,MS,1867,Qualification,CANTERO Jesus (ESP),LI Kwun Ngai (HKG)
Panasonic China Open Shenzhen 2007,2007-08-29,GORAK Daniel,BARBOLIN Illia,4,0,"11,11,14,11|9,4,12,7",,GRAND_SLAM,MS,1867,Qualification,GORAK Daniel (POL),BARBOLIN Illia (BLR)
Panasonic China Open Shenzhen 2007,2007-08-29,GORAK Daniel,ZOMBORI David,4,2,"7,16,11,11,11,11|11,18,5,8,5,6",QR2,GRAND_SLAM,MS,1867,Qualification,GORAK Daniel (POL),ZOMBORI David (HUN)
Panasonic China Open Shenzhen 2007,2007-08-29,ZOMBORI David,BARBOLIN Illia,4,0,"11,11,11,11|8,8,7,7",3,GRAND_SLAM,MS,1867,Qualification,ZOMBORI David (HUN),BARBOLIN Illia (BLR)
Panasonic China Open Shenzhen 2007,2007-08-29,WU Chih-Chi,SHODHAN Shashin,4,1,"7,11,13,11,11|11,6,11,8,6",,GRAND_SLAM,MS,1867,Qualification,WU Chih-Chi (TPE),SHODHAN Shashin (USA)
Panasonic China Open Shenzhen 2007,2007-08-29,WU Chih-Chi,KUCHUK Aleksandr,4,1,"11,11,11,11,11|7,2,8,13,3",QR2,GRAND_SLAM,MS,1867,Qualification,WU Chih-Chi (TPE),KUCHUK Aleksandr (BLR)
Panasonic China Open Shenzhen 2007,2007-08-29,KUCHUK Aleksandr,SHODHAN Shashin,4,0,"11,11,11,11|7,3,4,5",3,GRAND_SLAM,MS,1867,Qualification,KUCHUK Aleksandr (BLR),SHODHAN Shashin (USA)
Panasonic China Open Shenzhen 2007,2007-08-29,GERELL Par,YANG Ling Kun,4,0,"11,11,11,11|6,3,3,6",,GRAND_SLAM,MS,1867,Qualification,GERELL Par (SWE),YANG Ling Kun (CAN)
Panasonic China Open Shenzhen 2007,2007-08-29,GERELL Par,SEO Myoungduck,4,0,"11,11,11,11|7,8,8,9",QR2,GRAND_SLAM,MS,1867,Qualification,GERELL Par (SWE),SEO Myoungduck (KOR)
Panasonic China Open Shenzhen 2007,2007-08-29,SEO Myoungduck,YANG Ling Kun,4,0,"11,11,12,11|7,5,10,3",3,GRAND_SLAM,MS,1867,Qualification,SEO Myoungduck (KOR),YANG Ling Kun (CAN)
Panasonic China Open Shenzhen 2007,2007-08-29,TUGWELL Finn,LINDSAY Kenneth,4,2,"11,11,10,9,11,11|4,6,12,11,1,8",,GRAND_SLAM,MS,1867,Qualification,TUGWELL Finn (DEN),LINDSAY Kenneth (SCO)
Panasonic China Open Shenzhen 2007,2007-08-29,TUGWELL Finn,HAN Jimin,4,1,"11,11,11,8,11|7,5,9,11,9",QR2,GRAND_SLAM,MS,1867,Qualification,TUGWELL Finn (DEN),HAN Jimin (KOR)
Panasonic China Open Shenzhen 2007,2007-08-29,HAN Jimin,LINDSAY Kenneth,4,1,"11,8,11,11,11|6,11,5,7,4",3,GRAND_SLAM,MS,1867,Qualification,HAN Jimin (KOR),LINDSAY Kenneth (SCO)
Panasonic China Open Shenzhen 2007,2007-08-29,LEE Jinkwon,HO Andre,4,1,"9,11,11,11,11|11,3,7,7,5",,GRAND_SLAM,MS,1867,Qualification,LEE Jinkwon (KOR),HO Andre (CAN)
Panasonic China Open Shenzhen 2007,2007-08-29,CHEN Chien-An,LEE Jinkwon,4,1,"7,15,11,11,12|11,13,7,4,10",QR2,GRAND_SLAM,MS,1867,Qualification,CHEN Chien-An (TPE),LEE Jinkwon (KOR)
Panasonic China Open Shenzhen 2007,2007-08-29,CHEN Chien-An,HO Andre,4,0,"11,11,11,11|5,4,8,9",3,GRAND_SLAM,MS,1867,Qualification,CHEN Chien-An (TPE),HO Andre (CAN)
Panasonic China Open Shenzhen 2007,2007-08-29,SVENSSON Robert,KIM Nam Chol,4,2,"11,8,12,13,11,11|6,11,10,11,13,8",,GRAND_SLAM,MS,1867,Qualification,SVENSSON Robert (SWE),KIM Nam Chol (PRK)
Panasonic China Open Shenzhen 2007,2007-08-29,SVENSSON Robert,MATTENET Adrien,4,3,"11,10,11,11,11,8,11|7,12,9,13,8,11,8",QR2,GRAND_SLAM,MS,1867,Qualification,SVENSSON Robert (SWE),MATTENET Adrien (FRA)
Panasonic China Open Shenzhen 2007,2007-08-29,MATTENET Adrien,KIM Nam Chol,4,3,"7,12,11,10,11,5,12|11,10,8,12,4,11,10",3,GRAND_SLAM,MS,1867,Qualification,MATTENET Adrien (FRA),KIM Nam Chol (PRK)
Panasonic China Open Shenzhen 2007,2007-08-29,JAKAB Janos,KANG Donghoon,4,1,"11,11,7,11,11|5,6,11,6,7",,GRAND_SLAM,MS,1867,Qualification,JAKAB Janos (HUN),KANG Donghoon (KOR)
Panasonic China Open Shenzhen 2007,2007-08-29,JAKAB Janos,NEKHVEDOVICH Vitaly,4,1,"11,11,11,8,11|8,8,8,11,9",QR2,GRAND_SLAM,MS,1867,Qualification,JAKAB Janos (HUN),NEKHVEDOVICH Vitaly (BLR)
Panasonic China Open Shenzhen 2007,2007-08-29,NEKHVEDOVICH Vitaly,KANG Donghoon,4,3,"9,7,11,11,8,11,11|11,11,8,3,11,7,8",3,GRAND_SLAM,MS,1867,Qualification,NEKHVEDOVICH Vitaly (BLR),KANG Donghoon (KOR)
Panasonic China Open Shenzhen 2007,2007-08-29,MACHADO Carlos,GUO Yi Teng,4,0,"11,11,11,11|5,3,5,5",,GRAND_SLAM,MS,1867,Qualification,MACHADO Carlos (ESP),GUO Yi Teng (SGP)
Panasonic China Open Shenzhen 2007,2007-08-29,MACHADO Carlos,OYA Hidetoshi,4,2,"10,11,4,11,11,11|12,6,11,6,4,4",QR2,GRAND_SLAM,MS,1867,Qualification,MACHADO Carlos (ESP),OYA Hidetoshi (JPN)
Panasonic China Open Shenzhen 2007,2007-08-29,OYA Hidetoshi,GUO Yi Teng,4,1,"11,11,7,11,11|7,4,11,2,5",3,GRAND_SLAM,MS,1867,Qualification,OYA Hidetoshi (JPN),GUO Yi Teng (SGP)
Panasonic China Open Shenzhen 2007,2007-08-29,MATSUDAIRA Kenta,YOO Changjae,4,0,"11,11,11,11|5,9,8,7",,GRAND_SLAM,MS,1867,Qualification,MATSUDAIRA Kenta (JPN),YOO Changjae (KOR)
Panasonic China Open Shenzhen 2007,2007-08-29,MATSUDAIRA Kenta,VLASOV Grigory,4,0,"11,11,11,11|5,5,8,5",QR2,GRAND_SLAM,MS,1867,Qualification,MATSUDAIRA Kenta (JPN),VLASOV Grigory (RUS)
Panasonic China Open Shenzhen 2007,2007-08-29,YOO Changjae,VLASOV Grigory,4,1,"11,2,11,11,11|4,11,7,6,8",3,GRAND_SLAM,MS,1867,Qualification,YOO Changjae (KOR),VLASOV Grigory (RUS)
Panasonic China Open Shenzhen 2007,2007-08-29,BAUM Patrick,LEE Jungjae,4,0,"11,11,11,18|5,5,9,16",,GRAND_SLAM,MS,1867,Qualification,BAUM Patrick (GER),LEE Jungjae (KOR)
Panasonic China Open Shenzhen 2007,2007-08-29,HUANG Sheng-Sheng,BAUM Patrick,4,1,"11,8,11,11,11|1,11,8,4,5",QR2,GRAND_SLAM,MS,1867,Qualification,HUANG Sheng-Sheng (TPE),BAUM Patrick (GER)
Panasonic China Open Shenzhen 2007,2007-08-29,HUANG Sheng-Sheng,LEE Jungjae,4,0,"14,11,11,11|12,9,7,9",3,GRAND_SLAM,MS,1867,Qualification,HUANG Sheng-Sheng (TPE),LEE Jungjae (KOR)
Panasonic China Open Shenzhen 2007,2007-08-29,JU Se Il,ZWICKL Daniel,4,2,"11,7,11,11,11,11|9,11,5,8,13,8",,GRAND_SLAM,MS,1867,Qualification,JU Se Il (PRK),ZWICKL Daniel (HUN)
Panasonic China Open Shenzhen 2007,2007-08-29,KO Junhyung,ZWICKL Daniel,4,1,"12,7,11,11,12|10,11,7,4,10",QR2,GRAND_SLAM,MS,1867,Qualification,KO Junhyung (KOR),ZWICKL Daniel (HUN)
Panasonic China Open Shenzhen 2007,2007-08-29,KO Junhyung,JU Se Il,4,3,"5,11,7,11,14,7,11|11,9,11,5,12,11,4",3,GRAND_SLAM,MS,1867,Qualification,KO Junhyung (KOR),JU Se Il (PRK)
Panasonic China Open Shenzhen 2007,2007-08-29,PARK Seungyong,CAI Xiaoli,4,3,"7,9,12,8,14,11,11|11,11,10,11,12,9,7",,GRAND_SLAM,MS,1867,Qualification,PARK Seungyong (KOR),CAI Xiaoli (SGP)
Panasonic China Open Shenzhen 2007,2007-08-29,LEBESSON Emmanuel,CAI Xiaoli,4,2,"11,7,8,11,11,11|6,11,11,6,8,6",QR2,GRAND_SLAM,MS,1867,Qualification,LEBESSON Emmanuel (FRA),CAI Xiaoli (SGP)
Panasonic China Open Shenzhen 2007,2007-08-29,PARK Seungyong,LEBESSON Emmanuel,4,1,"7,11,17,11,11|11,7,15,9,9",3,GRAND_SLAM,MS,1867,Qualification,PARK Seungyong (KOR),LEBESSON Emmanuel (FRA)
Panasonic China Open Shenzhen 2007,2007-08-29,BOBOCICA Mihai,GREEN Wally,4,0,"11,11,11,11|3,2,3,2",,GRAND_SLAM,MS,1867,Qualification,BOBOCICA Mihai (ITA),GREEN Wally (USA)
Panasonic China Open Shenzhen 2007,2007-08-29,AN Chol Yong,BOBOCICA Mihai,4,3,"11,11,7,7,11,5,11|9,9,11,11,9,11,4",QR2,GRAND_SLAM,MS,1867,Qualification,AN Chol Yong (PRK),BOBOCICA Mihai (ITA)
Panasonic China Open Shenzhen 2007,2007-08-29,AN Chol Yong,GREEN Wally,4,0,,3,GRAND_SLAM,MS,1867,Qualification,AN Chol Yong (PRK),GREEN Wally (USA)
Panasonic China Open Shenzhen 2007,2007-08-29,KIM Taehoon,CHOE Hyok Chol,4,3,"6,7,11,11,7,11,11|11,11,6,8,11,5,6",,GRAND_SLAM,MS,1867,Qualification,KIM Taehoon (KOR),CHOE Hyok Chol (PRK)
Panasonic China Open Shenzhen 2007,2007-08-29,KIM Taehoon,VOSTES Yannick,4,3,"11,8,10,11,6,13,11|8,11,12,9,11,11,5",QR2,GRAND_SLAM,MS,1867,Qualification,KIM Taehoon (KOR),VOSTES Yannick (BEL)
Panasonic China Open Shenzhen 2007,2007-08-29,CHOE Hyok Chol,VOSTES Yannick,4,0,"11,11,11,11|5,8,7,6",3,GRAND_SLAM,MS,1867,Qualification,CHOE Hyok Chol (PRK),VOSTES Yannick (BEL)
Panasonic China Open Shenzhen 2007,2007-08-29,AXELQVIST Johan,SEO Younggyun,4,2,"11,13,6,11,13,12|6,11,11,8,15,10",,GRAND_SLAM,MS,1867,Qualification,AXELQVIST Johan (SWE),SEO Younggyun (KOR)
Panasonic China Open Shenzhen 2007,2007-08-29,AXELQVIST Johan,DURAN Marc,4,1,"11,11,11,6,11|9,9,7,11,3",QR2,GRAND_SLAM,MS,1867,Qualification,AXELQVIST Johan (SWE),DURAN Marc (ESP)
Panasonic China Open Shenzhen 2007,2007-08-29,SEO Younggyun,DURAN Marc,4,3,"8,14,11,11,11,8,12|11,12,13,6,8,11,10",3,GRAND_SLAM,MS,1867,Qualification,SEO Younggyun (KOR),DURAN Marc (ESP)
Panasonic China Open Shenzhen 2007,2007-08-29,GAVLAS Antonin,LIU Tony,4,0,"11,11,11,11|7,5,4,5",,GRAND_SLAM,MS,1867,Qualification,GAVLAS Antonin (CZE),LIU Tony (CAN)
Panasonic China Open Shenzhen 2007,2007-08-29,RIOS Alejandro,GRIGOREV Artur,4,0,,QR2,GRAND_SLAM,MS,1867,Qualification,RIOS Alejandro (MEX),GRIGOREV Artur (RUS)
Panasonic China Open Shenzhen 2007,2007-08-29,GAVLAS Antonin,GRIGOREV Artur,4,0,,3,GRAND_SLAM,MS,1867,Qualification,GAVLAS Antonin (CZE),GRIGOREV Artur (RUS)
Panasonic China Open Shenzhen 2007,2007-08-29,RIOS Alejandro,LIU Tony,4,2,"7,11,13,7,11,11|11,4,11,11,9,3",QR4,GRAND_SLAM,MS,1867,Qualification,RIOS Alejandro (MEX),LIU Tony (CAN)
Panasonic China Open Shenzhen 2007,2007-08-29,GAVLAS Antonin,RIOS Alejandro,4,0,"11,11,11,11|2,4,1,3",5,GRAND_SLAM,MS,1867,Qualification,GAVLAS Antonin (CZE),RIOS Alejandro (MEX)
Panasonic China Open Shenzhen 2007,2007-08-29,LIU Tony,GRIGOREV Artur,4,0,,6,GRAND_SLAM,MS,1867,Qualification,LIU Tony (CAN),GRIGOREV Artur (RUS)
Panasonic China Open Shenzhen 2007,2007-08-29,LINDSAY Kenneth,HO Andre,3,0,"11,11,13|6,9,11",,GRAND_SLAM,U21MS,1867,Qualification,LINDSAY Kenneth (SCO),HO Andre (CAN)
Panasonic China Open Shenzhen 2007,2007-08-29,HUANG Sheng-Sheng,HO Andre,3,0,"11,11,11|6,8,5",QR2,GRAND_SLAM,U21MS,1867,Qualification,HUANG Sheng-Sheng (TPE),HO Andre (CAN)
Panasonic China Open Shenzhen 2007,2007-08-29,HUANG Sheng-Sheng,LINDSAY Kenneth,3,0,"11,12,11|2,10,4",3,GRAND_SLAM,U21MS,1867,Qualification,HUANG Sheng-Sheng (TPE),LINDSAY Kenneth (SCO)
Panasonic China Open Shenzhen 2007,2007-08-29,KIM Nam Chol,YANG Ling Kun,3,0,"12,11,11|10,4,5",,GRAND_SLAM,U21MS,1867,Qualification,KIM Nam Chol (PRK),YANG Ling Kun (CAN)
Panasonic China Open Shenzhen 2007,2007-08-29,KIM Nam Chol,OYA Hidetoshi,3,2,"6,11,3,11,13|11,9,11,8,11",QR2,GRAND_SLAM,U21MS,1867,Qualification,KIM Nam Chol (PRK),OYA Hidetoshi (JPN)
Panasonic China Open Shenzhen 2007,2007-08-29,OYA Hidetoshi,YANG Ling Kun,3,1,"8,11,12,11|11,2,10,7",3,GRAND_SLAM,U21MS,1867,Qualification,OYA Hidetoshi (JPN),YANG Ling Kun (CAN)
Panasonic China Open Shenzhen 2007,2007-08-29,PARK Seungyong,LI Kwun Ngai,3,2,"11,7,12,6,11|8,11,10,11,8",,GRAND_SLAM,U21MS,1867,Qualification,PARK Seungyong (KOR),LI Kwun Ngai (HKG)
Panasonic China Open Shenzhen 2007,2007-08-29,MATTENET Adrien,PARK Seungyong,3,2,"9,3,11,12,11|11,11,8,10,9",QR2,GRAND_SLAM,U21MS,1867,Qualification,MATTENET Adrien (FRA),PARK Seungyong (KOR)
Panasonic China Open Shenzhen 2007,2007-08-29,LI Kwun Ngai,MATTENET Adrien,3,1,"11,6,11,14|4,11,4,12",3,GRAND_SLAM,U21MS,1867,Qualification,LI Kwun Ngai (HKG),MATTENET Adrien (FRA)
Panasonic China Open Shenzhen 2007,2007-08-29,KANG Donghoon,BALTRUSHKA Dzmitry,3,0,"11,11,11|8,5,2",,GRAND_SLAM,U21MS,1867,Qualification,KANG Donghoon (KOR),BALTRUSHKA Dzmitry (BLR)
Panasonic China Open Shenzhen 2007,2007-08-29,CHEN Chien-An,KANG Donghoon,3,2,"9,11,11,8,14|11,3,7,11,12",QR2,GRAND_SLAM,U21MS,1867,Qualification,CHEN Chien-An (TPE),KANG Donghoon (KOR)
Panasonic China Open Shenzhen 2007,2007-08-29,CHEN Chien-An,BALTRUSHKA Dzmitry,3,0,"11,11,11|7,7,6",3,GRAND_SLAM,U21MS,1867,Qualification,CHEN Chien-An (TPE),BALTRUSHKA Dzmitry (BLR)
Panasonic China Open Shenzhen 2007,2007-08-29,SHEN Qiang,BORRE Rickard,3,0,"11,11,11|3,3,4",,GRAND_SLAM,U21MS,1867,Qualification,SHEN Qiang (CAN),BORRE Rickard (SWE)
Panasonic China Open Shenzhen 2007,2007-08-29,HAN Jimin,BORRE Rickard,3,0,"11,11,11|7,8,7",QR2,GRAND_SLAM,U21MS,1867,Qualification,HAN Jimin (KOR),BORRE Rickard (SWE)
Panasonic China Open Shenzhen 2007,2007-08-29,HAN Jimin,SHEN Qiang,3,0,"11,11,11|1,3,6",3,GRAND_SLAM,U21MS,1867,Qualification,HAN Jimin (KOR),SHEN Qiang (CAN)
Panasonic China Open Shenzhen 2007,2007-08-29,SEO Myoungduck,CHOE Hyok Chol,3,2,"11,11,8,7,11|4,4,11,11,9",,GRAND_SLAM,U21MS,1867,Qualification,SEO Myoungduck (KOR),CHOE Hyok Chol (PRK)
Panasonic China Open Shenzhen 2007,2007-08-29,SUN Wen-Wei,KVIST Andreas,3,2,"9,6,11,13,11|11,11,9,11,6",QR2,GRAND_SLAM,U21MS,1867,Qualification,SUN Wen-Wei (TPE),KVIST Andreas (SWE)
Panasonic China Open Shenzhen 2007,2007-08-29,SEO Myoungduck,KVIST Andreas,3,1,"11,13,15,11|4,11,17,9",3,GRAND_SLAM,U21MS,1867,Qualification,SEO Myoungduck (KOR),KVIST Andreas (SWE)
Panasonic China Open Shenzhen 2007,2007-08-29,CHOE Hyok Chol,SUN Wen-Wei,3,0,"11,12,11|7,10,9",QR4,GRAND_SLAM,U21MS,1867,Qualification,CHOE Hyok Chol (PRK),SUN Wen-Wei (TPE)
Panasonic China Open Shenzhen 2007,2007-08-29,SEO Myoungduck,SUN Wen-Wei,3,0,"11,11,11|4,3,5",5,GRAND_SLAM,U21MS,1867,Qualification,SEO Myoungduck (KOR),SUN Wen-Wei (TPE)
Panasonic China Open Shenzhen 2007,2007-08-29,CHOE Hyok Chol,KVIST Andreas,3,0,"11,11,12|8,5,10",6,GRAND_SLAM,U21MS,1867,Qualification,CHOE Hyok Chol (PRK),KVIST Andreas (SWE)
Panasonic China Open Shenzhen 2007,2007-08-29,ZOMBORI David,RIOS Alejandro,3,0,"11,11,11|6,7,5",,GRAND_SLAM,U21MS,1867,Qualification,ZOMBORI David (HUN),RIOS Alejandro (MEX)
Panasonic China Open Shenzhen 2007,2007-08-29,TSE Ka Chun,LIU Tony,3,0,"15,11,16|13,8,14",QR2,GRAND_SLAM,U21MS,1867,Qualification,TSE Ka Chun (HKG),LIU Tony (CAN)
Panasonic China Open Shenzhen 2007,2007-08-29,ZOMBORI David,LIU Tony,3,0,"11,12,11|7,10,9",3,GRAND_SLAM,U21MS,1867,Qualification,ZOMBORI David (HUN),LIU Tony (CAN)
Panasonic China Open Shenzhen 2007,2007-08-29,TSE Ka Chun,RIOS Alejandro,3,0,"11,11,11|2,8,1",QR4,GRAND_SLAM,U21MS,1867,Qualification,TSE Ka Chun (HKG),RIOS Alejandro (MEX)
Panasonic China Open Shenzhen 2007,2007-08-29,ZOMBORI David,TSE Ka Chun,3,1,"7,11,11,11|11,8,9,6",5,GRAND_SLAM,U21MS,1867,Qualification,ZOMBORI David (HUN),TSE Ka Chun (HKG)
Panasonic China Open Shenzhen 2007,2007-08-29,LIU Tony,RIOS Alejandro,3,2,"11,11,6,9,12|7,5,11,11,10",6,GRAND_SLAM,U21MS,1867,Qualification,LIU Tony (CAN),RIOS Alejandro (MEX)
Panasonic China Open Shenzhen 2007,2007-08-29,MA Lin,MATTENET Adrien,4,0,"11,11,12,13|8,6,10,11",R64,GRAND_SLAM,MS,1867,Main Draw,MA Lin (CHN),MATTENET Adrien (FRA)
Panasonic China Open Shenzhen 2007,2007-08-29,YOSHIDA Kaii,HUANG Sheng-Sheng,4,0,"12,11,11,12|10,4,2,10",R64,GRAND_SLAM,MS,1867,Main Draw,YOSHIDA Kaii (JPN),HUANG Sheng-Sheng (TPE)
Panasonic China Open Shenzhen 2007,2007-08-29,JIANG Tianyi,CHEN Chien-An,4,3,"11,9,9,11,4,11,11|8,11,11,8,11,7,9",R64,GRAND_SLAM,MS,1867,Main Draw,JIANG Tianyi (HKG),CHEN Chien-An (TPE)
Panasonic China Open Shenzhen 2007,2007-08-29,KISHIKAWA Seiya,CANTERO Jesus,4,1,"11,11,11,9,11|9,9,5,11,5",R64,GRAND_SLAM,MS,1867,Main Draw,KISHIKAWA Seiya (JPN),CANTERO Jesus (ESP)
Panasonic China Open Shenzhen 2007,2007-08-29,OVTCHAROV Dimitrij,HAN Jimin,4,1,"8,11,11,11,14|11,6,4,6,12",R64,GRAND_SLAM,MS,1867,Main Draw,OVTCHAROV Dimitrij (GER),HAN Jimin (KOR)
Panasonic China Open Shenzhen 2007,2007-08-29,YANG Zi,KIM Taehoon,4,1,"11,11,11,13,11|8,2,4,15,6",R64,GRAND_SLAM,MS,1867,Main Draw,YANG Zi (SGP),KIM Taehoon (KOR)
Panasonic China Open Shenzhen 2007,2007-08-29,TUGWELL Finn,LIM Jaehyun,4,2,"11,11,11,8,8,11|6,9,9,11,11,9",R64,GRAND_SLAM,MS,1867,Main Draw,TUGWELL Finn (DEN),LIM Jaehyun (KOR)
Panasonic China Open Shenzhen 2007,2007-08-29,HAO Shuai,LEBESSON Emmanuel,4,2,"7,11,11,8,11,11|11,4,6,11,6,7",R64,GRAND_SLAM,MS,1867,Main Draw,HAO Shuai (CHN),LEBESSON Emmanuel (FRA)
Panasonic China Open Shenzhen 2007,2007-08-29,CHEN Qi,YOO Changjae,4,0,"12,11,11,11|10,1,8,3",R64,GRAND_SLAM,MS,1867,Main Draw,CHEN Qi (CHN),YOO Changjae (KOR)
Panasonic China Open Shenzhen 2007,2007-08-29,SUSS Christian,AN Chol Yong,4,0,"11,11,11,11|6,7,9,8",R64,GRAND_SLAM,MS,1867,Main Draw,SUSS Christian (GER),AN Chol Yong (PRK)
Panasonic China Open Shenzhen 2007,2007-08-29,CHEUNG Yuk,SVENSSON Robert,4,2,"11,7,9,11,11,11|7,11,11,7,6,6",R64,GRAND_SLAM,MS,1867,Main Draw,CHEUNG Yuk (HKG),SVENSSON Robert (SWE)
Panasonic China Open Shenzhen 2007,2007-08-29,MAZE Michael,GAVLAS Antonin,4,2,"12,11,9,11,5,12|10,0,11,7,11,10",R64,GRAND_SLAM,MS,1867,Main Draw,MAZE Michael (DEN),GAVLAS Antonin (CZE)
Panasonic China Open Shenzhen 2007,2007-08-29,PERSSON Jorgen,ZOMBORI David,4,1,"11,11,13,7,11|5,5,11,11,7",R64,GRAND_SLAM,MS,1867,Main Draw,PERSSON Jorgen (SWE),ZOMBORI David (HUN)
Panasonic China Open Shenzhen 2007,2007-08-29,SAIVE Jean-Michel,KEINATH Thomas,4,3,"10,10,11,8,11,11,11|12,12,5,11,6,6,6",R64,GRAND_SLAM,MS,1867,Main Draw,SAIVE Jean-Michel (BEL),KEINATH Thomas (SVK)
Panasonic China Open Shenzhen 2007,2007-08-29,JAKAB Janos,FEJER-KONNERTH Zoltan,4,3,"13,11,7,11,5,5,13|11,9,11,8,11,11,11",R64,GRAND_SLAM,MS,1867,Main Draw,JAKAB Janos (HUN),FEJER-KONNERTH Zoltan (GER)
Panasonic China Open Shenzhen 2007,2007-08-29,WANG Hao,BAUM Patrick,4,1,"11,11,11,12,11|6,9,6,14,3",R64,GRAND_SLAM,MS,1867,Main Draw,WANG Hao (CHN),BAUM Patrick (GER)
Panasonic China Open Shenzhen 2007,2007-08-29,BOLL Timo,NEKHVEDOVICH Vitaly,4,0,"11,11,11,14|9,4,9,12",R64,GRAND_SLAM,MS,1867,Main Draw,BOLL Timo (GER),NEKHVEDOVICH Vitaly (BLR)
Panasonic China Open Shenzhen 2007,2007-08-29,LUNDQVIST Jens,KO Junhyung,4,1,"5,11,11,11,13|11,2,4,9,11",R64,GRAND_SLAM,MS,1867,Main Draw,LUNDQVIST Jens (SWE),KO Junhyung (KOR)
Panasonic China Open Shenzhen 2007,2007-08-29,CHANG Yen-Shu,PARK Seungyong,4,1,"11,4,11,11,11|7,11,6,9,8",R64,GRAND_SLAM,MS,1867,Main Draw,CHANG Yen-Shu (TPE),PARK Seungyong (KOR)
Panasonic China Open Shenzhen 2007,2007-08-29,GAO Ning,BOBOCICA Mihai,4,0,"11,11,12,11|7,5,10,2",R64,GRAND_SLAM,MS,1867,Main Draw,GAO Ning (SGP),BOBOCICA Mihai (ITA)
Panasonic China Open Shenzhen 2007,2007-08-29,KO Lai Chak,AXELQVIST Johan,4,2,"11,9,11,11,2,11|5,11,7,4,11,5",R64,GRAND_SLAM,MS,1867,Main Draw,KO Lai Chak (HKG),AXELQVIST Johan (SWE)
Panasonic China Open Shenzhen 2007,2007-08-29,TANG Peng,GERELL Par,4,1,"11,21,6,11,11|7,19,11,8,5",R64,GRAND_SLAM,MS,1867,Main Draw,TANG Peng (HKG),GERELL Par (SWE)
Panasonic China Open Shenzhen 2007,2007-08-29,TOKIC Bojan,MATSUDAIRA Kenta,4,3,"11,14,8,11,9,11,11|4,12,11,8,11,13,9",R64,GRAND_SLAM,MS,1867,Main Draw,TOKIC Bojan (SLO),MATSUDAIRA Kenta (JPN)
Panasonic China Open Shenzhen 2007,2007-08-29,LI Ching,SHEN Qiang,4,0,"11,11,11,11|5,3,5,4",R64,GRAND_SLAM,MS,1867,Main Draw,LI Ching (HKG),SHEN Qiang (CAN)
Panasonic China Open Shenzhen 2007,2007-08-29,MA Long,OYA Hidetoshi,4,0,"11,11,11,11|3,8,9,5",R64,GRAND_SLAM,MS,1867,Main Draw,MA Long (CHN),OYA Hidetoshi (JPN)
Panasonic China Open Shenzhen 2007,2007-08-29,LEUNG Chu Yan,GORAK Daniel,4,3,"11,8,10,11,11,8,12|8,11,12,9,7,11,10",R64,GRAND_SLAM,MS,1867,Main Draw,LEUNG Chu Yan (HKG),GORAK Daniel (POL)
Panasonic China Open Shenzhen 2007,2007-08-29,WU Chih-Chi,KARAKASEVIC Aleksandar,4,1,"11,9,11,11,14|7,11,6,7,12",R64,GRAND_SLAM,MS,1867,Main Draw,WU Chih-Chi (TPE),KARAKASEVIC Aleksandar (SRB)
Panasonic China Open Shenzhen 2007,2007-08-29,CHUANG Chih-Yuan,LEE Jinkwon,4,1,"11,11,11,9,11|3,9,9,11,7",R64,GRAND_SLAM,MS,1867,Main Draw,CHUANG Chih-Yuan (TPE),LEE Jinkwon (KOR)
Panasonic China Open Shenzhen 2007,2007-08-29,KORBEL Petr,SEO Younggyun,4,3,"6,6,5,11,11,11,13|11,11,11,7,8,6,11",R64,GRAND_SLAM,MS,1867,Main Draw,KORBEL Petr (CZE),SEO Younggyun (KOR)
Panasonic China Open Shenzhen 2007,2007-08-29,TAKAKIWA Taku,STEGER Bastian,4,1,"5,11,11,11,11|11,2,8,6,5",R64,GRAND_SLAM,MS,1867,Main Draw,TAKAKIWA Taku (JPN),STEGER Bastian (GER)
Panasonic China Open Shenzhen 2007,2007-08-29,MACHADO Carlos,ROSSKOPF Jorg,4,2,"11,8,11,11,11,11|5,11,6,9,13,8",R64,GRAND_SLAM,MS,1867,Main Draw,MACHADO Carlos (ESP),ROSSKOPF Jorg (GER)
Panasonic China Open Shenzhen 2007,2007-08-29,WANG Liqin,JU Se Il,4,0,"11,11,11,11|7,4,2,9",R64,GRAND_SLAM,MS,1867,Main Draw,WANG Liqin (CHN),JU Se Il (PRK)
Panasonic China Open Shenzhen 2007,2007-08-29,MA Lin,YOSHIDA Kaii,4,3,"11,11,6,6,4,11,11|8,8,11,11,11,9,5",R32,GRAND_SLAM,MS,1867,Main Draw,MA Lin (CHN),YOSHIDA Kaii (JPN)
Panasonic China Open Shenzhen 2007,2007-08-29,JIANG Tianyi,KISHIKAWA Seiya,4,1,"11,11,7,11,11|8,6,11,8,9",R32,GRAND_SLAM,MS,1867,Main Draw,JIANG Tianyi (HKG),KISHIKAWA Seiya (JPN)
Panasonic China Open Shenzhen 2007,2007-08-29,OVTCHAROV Dimitrij,YANG Zi,4,1,"9,11,11,11,11|11,3,7,6,9",R32,GRAND_SLAM,MS,1867,Main Draw,OVTCHAROV Dimitrij (GER),YANG Zi (SGP)
Panasonic China Open Shenzhen 2007,2007-08-29,TUGWELL Finn,HAO Shuai,4,3,"11,8,7,5,14,11,11|6,11,11,11,12,8,8",R32,GRAND_SLAM,MS,1867,Main Draw,TUGWELL Finn (DEN),HAO Shuai (CHN)
Panasonic China Open Shenzhen 2007,2007-08-29,CHEN Qi,SUSS Christian,4,2,"11,11,8,11,6,16|7,6,11,9,11,14",R32,GRAND_SLAM,MS,1867,Main Draw,CHEN Qi (CHN),SUSS Christian (GER)
Panasonic China Open Shenzhen 2007,2007-08-29,CHEUNG Yuk,MAZE Michael,4,0,"13,11,13,11|11,4,11,9",R32,GRAND_SLAM,MS,1867,Main Draw,CHEUNG Yuk (HKG),MAZE Michael (DEN)
Panasonic China Open Shenzhen 2007,2007-08-29,SAIVE Jean-Michel,PERSSON Jorgen,4,3,"8,9,11,11,11,9,11|11,11,7,6,8,11,7",R32,GRAND_SLAM,MS,1867,Main Draw,SAIVE Jean-Michel (BEL),PERSSON Jorgen (SWE)
Panasonic China Open Shenzhen 2007,2007-08-29,WANG Hao,JAKAB Janos,4,1,"12,4,11,14,11|10,11,6,12,4",R32,GRAND_SLAM,MS,1867,Main Draw,WANG Hao (CHN),JAKAB Janos (HUN)
Panasonic China Open Shenzhen 2007,2007-08-29,LUNDQVIST Jens,BOLL Timo,4,0,,R32,GRAND_SLAM,MS,1867,Main Draw,LUNDQVIST Jens (SWE),BOLL Timo (GER)
Panasonic China Open Shenzhen 2007,2007-08-29,GAO Ning,CHANG Yen-Shu,4,1,"11,11,9,11,11|8,6,11,7,9",R32,GRAND_SLAM,MS,1867,Main Draw,GAO Ning (SGP),CHANG Yen-Shu (TPE)
Panasonic China Open Shenzhen 2007,2007-08-29,TANG Peng,KO Lai Chak,4,0,"11,11,12,11|9,3,10,4",R32,GRAND_SLAM,MS,1867,Main Draw,TANG Peng (HKG),KO Lai Chak (HKG)
Panasonic China Open Shenzhen 2007,2007-08-29,LI Ching,TOKIC Bojan,4,0,"11,11,12,11|8,6,10,6",R32,GRAND_SLAM,MS,1867,Main Draw,LI Ching (HKG),TOKIC Bojan (SLO)
Panasonic China Open Shenzhen 2007,2007-08-29,MA Long,LEUNG Chu Yan,4,0,"11,11,11,11|5,8,2,4",R32,GRAND_SLAM,MS,1867,Main Draw,MA Long (CHN),LEUNG Chu Yan (HKG)
Panasonic China Open Shenzhen 2007,2007-08-29,CHUANG Chih-Yuan,WU Chih-Chi,4,0,"11,11,11,11|8,6,7,7",R32,GRAND_SLAM,MS,1867,Main Draw,CHUANG Chih-Yuan (TPE),WU Chih-Chi (TPE)
Panasonic China Open Shenzhen 2007,2007-08-29,KORBEL Petr,TAKAKIWA Taku,4,2,"11,6,11,9,11,11|5,11,7,11,3,4",R32,GRAND_SLAM,MS,1867,Main Draw,KORBEL Petr (CZE),TAKAKIWA Taku (JPN)
Panasonic China Open Shenzhen 2007,2007-08-29,WANG Liqin,MACHADO Carlos,4,1,"8,11,11,11,11|11,9,3,7,4",R32,GRAND_SLAM,MS,1867,Main Draw,WANG Liqin (CHN),MACHADO Carlos (ESP)
Panasonic China Open Shenzhen 2007,2007-08-29,MA Lin,JIANG Tianyi,4,1,"11,11,8,11,11|9,4,11,3,5",R16,GRAND_SLAM,MS,1867,Main Draw,MA Lin (CHN),JIANG Tianyi (HKG)
Panasonic China Open Shenzhen 2007,2007-08-29,OVTCHAROV Dimitrij,TUGWELL Finn,4,1,"7,11,11,11,11|11,6,8,8,4",R16,GRAND_SLAM,MS,1867,Main Draw,OVTCHAROV Dimitrij (GER),TUGWELL Finn (DEN)
Panasonic China Open Shenzhen 2007,2007-08-29,CHEN Qi,CHEUNG Yuk,4,0,"11,11,12,12|6,5,10,10",R16,GRAND_SLAM,MS,1867,Main Draw,CHEN Qi (CHN),CHEUNG Yuk (HKG)
Panasonic China Open Shenzhen 2007,2007-08-29,WANG Hao,SAIVE Jean-Michel,4,2,"11,11,11,10,11,11|9,6,9,12,13,5",R16,GRAND_SLAM,MS,1867,Main Draw,WANG Hao (CHN),SAIVE Jean-Michel (BEL)
Panasonic China Open Shenzhen 2007,2007-08-29,GAO Ning,LUNDQVIST Jens,4,1,"12,11,10,11,11|10,8,12,7,9",R16,GRAND_SLAM,MS,1867,Main Draw,GAO Ning (SGP),LUNDQVIST Jens (SWE)
Panasonic China Open Shenzhen 2007,2007-08-29,TANG Peng,LI Ching,4,2,"11,8,11,12,4,12|5,11,9,10,11,10",R16,GRAND_SLAM,MS,1867,Main Draw,TANG Peng (HKG),LI Ching (HKG)
Panasonic China Open Shenzhen 2007,2007-08-29,MA Long,CHUANG Chih-Yuan,4,0,"15,11,11,11|13,9,5,7",R16,GRAND_SLAM,MS,1867,Main Draw,MA Long (CHN),CHUANG Chih-Yuan (TPE)
Panasonic China Open Shenzhen 2007,2007-08-29,WANG Liqin,KORBEL Petr,4,2,"11,11,11,12,6,12|2,3,6,14,11,10",R16,GRAND_SLAM,MS,1867,Main Draw,WANG Liqin (CHN),KORBEL Petr (CZE)
Panasonic China Open Shenzhen 2007,2007-08-29,MA Lin,OVTCHAROV Dimitrij,4,1,"11,11,11,11,11|3,13,2,7,5",QuarterFinal,GRAND_SLAM,MS,1867,Main Draw,MA Lin (CHN),OVTCHAROV Dimitrij (GER)
Panasonic China Open Shenzhen 2007,2007-08-29,WANG Hao,CHEN Qi,4,0,"11,11,11,11|7,8,5,9",QuarterFinal,GRAND_SLAM,MS,1867,Main Draw,WANG Hao (CHN),CHEN Qi (CHN)
Panasonic China Open Shenzhen 2007,2007-08-29,GAO Ning,TANG Peng,4,2,"7,9,11,11,11,11|11,11,9,6,6,3",QuarterFinal,GRAND_SLAM,MS,1867,Main Draw,GAO Ning (SGP),TANG Peng (HKG)
Panasonic China Open Shenzhen 2007,2007-08-29,WANG Liqin,MA Long,4,0,"11,11,12,11|8,8,10,6",QuarterFinal,GRAND_SLAM,MS,1867,Main Draw,WANG Liqin (CHN),MA Long (CHN)
Panasonic China Open Shenzhen 2007,2007-08-29,WANG Hao,MA Lin,4,2,"11,9,11,6,11,11|9,11,4,11,8,9",SemiFinal,GRAND_SLAM,MS,1867,Main Draw,WANG Hao (CHN),MA Lin (CHN)
Panasonic China Open Shenzhen 2007,2007-08-29,WANG Liqin,GAO Ning,4,1,"11,11,10,11,11|9,5,12,7,8",SemiFinal,GRAND_SLAM,MS,1867,Main Draw,WANG Liqin (CHN),GAO Ning (SGP)
Panasonic China Open Shenzhen 2007,2007-08-29,WANG Hao,WANG Liqin,4,2,"14,13,11,9,11,11|12,15,9,11,4,6",Final,GRAND_SLAM,MS,1867,Main Draw,WANG Hao (CHN),WANG Liqin (CHN)
Panasonic China Open Shenzhen 2007,2007-08-29,SHEN Qiang,RIOS Alejandro,4,0,"11,11,11,11|8,4,6,3",QR32,GRAND_SLAM,MS,1867,Qualification,SHEN Qiang (CAN),RIOS Alejandro (MEX)
Panasonic China Open Shenzhen 2007,2007-08-29,SEO Younggyun,TSE Ka Chun,4,3,"11,13,11,7,3,2,11|8,11,9,11,11,11,6",QR32,GRAND_SLAM,MS,1867,Qualification,SEO Younggyun (KOR),TSE Ka Chun (HKG)
Panasonic China Open Shenzhen 2007,2007-08-29,CANTERO Jesus,CHOE Hyok Chol,4,1,"11,11,17,9,11|5,9,15,11,9",QR32,GRAND_SLAM,MS,1867,Qualification,CANTERO Jesus (ESP),CHOE Hyok Chol (PRK)
Panasonic China Open Shenzhen 2007,2007-08-29,BOBOCICA Mihai,KUCHUK Aleksandr,4,2,"10,11,12,6,11,11|12,8,10,11,8,7",QR32,GRAND_SLAM,MS,1867,Qualification,BOBOCICA Mihai (ITA),KUCHUK Aleksandr (BLR)
Panasonic China Open Shenzhen 2007,2007-08-29,LEBESSON Emmanuel,SEO Myoungduck,4,1,"11,5,11,11,11|6,11,6,5,3",QR32,GRAND_SLAM,MS,1867,Qualification,LEBESSON Emmanuel (FRA),SEO Myoungduck (KOR)
Panasonic China Open Shenzhen 2007,2007-08-29,HAN Jimin,JU Se Il,4,3,"11,8,7,11,11,4,15|8,11,11,6,8,11,13",QR32,GRAND_SLAM,MS,1867,Qualification,HAN Jimin (KOR),JU Se Il (PRK)
Panasonic China Open Shenzhen 2007,2007-08-29,LEE Jinkwon,BAUM Patrick,4,2,"1,15,11,11,4,11|11,13,9,5,11,3",QR32,GRAND_SLAM,MS,1867,Qualification,LEE Jinkwon (KOR),BAUM Patrick (GER)
Panasonic China Open Shenzhen 2007,2007-08-29,YOO Changjae,MATTENET Adrien,4,1,"5,11,11,11,11|11,5,6,8,5",QR32,GRAND_SLAM,MS,1867,Qualification,YOO Changjae (KOR),MATTENET Adrien (FRA)
Panasonic China Open Shenzhen 2007,2007-08-29,OYA Hidetoshi,NEKHVEDOVICH Vitaly,4,1,"11,11,6,11,11|7,4,11,4,7",QR32,GRAND_SLAM,MS,1867,Qualification,OYA Hidetoshi (JPN),NEKHVEDOVICH Vitaly (BLR)
Panasonic China Open Shenzhen 2007,2007-08-29,OYA Hidetoshi,LEE Jinkwon,4,1,"11,11,11,4,11|9,8,8,11,6",R16,GRAND_SLAM,U21MS,1867,Main Draw,OYA Hidetoshi (JPN),LEE Jinkwon (KOR)
Panasonic China Open Shenzhen 2007,2007-08-29,DURAN Marc,ZOMBORI David,4,3,"9,11,11,11,10,12,11|11,13,9,6,12,10,8",R16,GRAND_SLAM,U21MS,1867,Main Draw,DURAN Marc (ESP),ZOMBORI David (HUN)
Panasonic China Open Shenzhen 2007,2007-08-29,LEBESSON Emmanuel,LI Kwun Ngai,4,2,"11,12,11,7,8,11|3,10,6,11,11,6",R16,GRAND_SLAM,U21MS,1867,Main Draw,LEBESSON Emmanuel (FRA),LI Kwun Ngai (HKG)
Panasonic China Open Shenzhen 2007,2007-08-29,MATSUDAIRA Kenta,CHEN Chien-An,4,0,"11,11,12,11|5,4,10,9",R16,GRAND_SLAM,U21MS,1867,Main Draw,MATSUDAIRA Kenta (JPN),CHEN Chien-An (TPE)
Panasonic China Open Shenzhen 2007,2007-08-29,KIM Nam Chol,KIM Taehoon,4,0,,R16,GRAND_SLAM,U21MS,1867,Main Draw,KIM Nam Chol (PRK),KIM Taehoon (KOR)
Panasonic China Open Shenzhen 2007,2007-08-29,BOBOCICA Mihai,SEO Myoungduck,4,2,"11,6,11,9,11,11|9,11,7,11,3,1",R16,GRAND_SLAM,U21MS,1867,Main Draw,BOBOCICA Mihai (ITA),SEO Myoungduck (KOR)
Panasonic China Open Shenzhen 2007,2007-08-29,HAN Jimin,JAKAB Janos,4,3,"11,11,11,7,8,4,11|4,6,6,11,11,11,7",R16,GRAND_SLAM,U21MS,1867,Main Draw,HAN Jimin (KOR),JAKAB Janos (HUN)
Panasonic China Open Shenzhen 2007,2007-08-29,OYA Hidetoshi,DURAN Marc,4,3,"11,2,11,4,11,9,11|9,11,6,11,9,11,6",QuarterFinal,GRAND_SLAM,U21MS,1867,Main Draw,OYA Hidetoshi (JPN),DURAN Marc (ESP)
Panasonic China Open Shenzhen 2007,2007-08-29,LEBESSON Emmanuel,HUANG Sheng-Sheng,4,2,"14,11,2,8,11,11|12,6,11,11,4,7",QuarterFinal,GRAND_SLAM,U21MS,1867,Main Draw,LEBESSON Emmanuel (FRA),HUANG Sheng-Sheng (TPE)
Panasonic China Open Shenzhen 2007,2007-08-29,MATSUDAIRA Kenta,KIM Nam Chol,4,0,"11,11,12,11|9,9,10,9",QuarterFinal,GRAND_SLAM,U21MS,1867,Main Draw,MATSUDAIRA Kenta (JPN),KIM Nam Chol (PRK)
Panasonic China Open Shenzhen 2007,2007-08-29,BOBOCICA Mihai,HAN Jimin,4,2,"12,9,11,1,11,11|10,11,7,11,8,5",QuarterFinal,GRAND_SLAM,U21MS,1867,Main Draw,BOBOCICA Mihai (ITA),HAN Jimin (KOR)
Panasonic China Open Shenzhen 2007,2007-08-29,LEBESSON Emmanuel,OYA Hidetoshi,4,1,"4,11,11,11,12|11,3,4,7,10",SemiFinal,GRAND_SLAM,U21MS,1867,Main Draw,LEBESSON Emmanuel (FRA),OYA Hidetoshi (JPN)
Panasonic China Open Shenzhen 2007,2007-08-29,MATSUDAIRA Kenta,BOBOCICA Mihai,4,1,"5,11,11,11,11|11,4,7,8,8",SemiFinal,GRAND_SLAM,U21MS,1867,Main Draw,MATSUDAIRA Kenta (JPN),BOBOCICA Mihai (ITA)
Panasonic China Open Shenzhen 2007,2007-08-29,MATSUDAIRA Kenta,LEBESSON Emmanuel,4,1,"11,12,11,6,11|6,10,8,11,5",Final,GRAND_SLAM,U21MS,1867,Main Draw,MATSUDAIRA Kenta (JPN),LEBESSON Emmanuel (FRA)
Panasonic China Open Shenzhen 2007,2007-08-29,ZHU Fang,AN Chorong,4,1,"9,11,11,11,11|11,3,6,7,8",,GRAND_SLAM,WS,1867,Qualification,ZHU Fang (ESP),AN Chorong (KOR)
Panasonic China Open Shenzhen 2007,2007-08-29,ZHU Fang,HSIUNG Nai-I,4,2,"11,11,11,9,8,11|9,6,6,11,11,6",QR2,GRAND_SLAM,WS,1867,Qualification,ZHU Fang (ESP),HSIUNG Nai-I (TPE)
Panasonic China Open Shenzhen 2007,2007-08-29,HSIUNG Nai-I,AN Chorong,4,0,"11,11,11,11|7,4,2,6",3,GRAND_SLAM,WS,1867,Qualification,HSIUNG Nai-I (TPE),AN Chorong (KOR)
Panasonic China Open Shenzhen 2007,2007-08-29,PAVLOVICH Veronika,YUEN Sara,4,0,"11,11,11,13|4,8,1,11",,GRAND_SLAM,WS,1867,Qualification,PAVLOVICH Veronika (BLR),YUEN Sara (CAN)
Panasonic China Open Shenzhen 2007,2007-08-29,SKOV Mie,PAVLOVICH Veronika,4,3,"6,11,11,11,8,9,11|11,5,9,8,11,11,9",QR2,GRAND_SLAM,WS,1867,Qualification,SKOV Mie (DEN),PAVLOVICH Veronika (BLR)
Panasonic China Open Shenzhen 2007,2007-08-29,YUEN Sara,SKOV Mie,4,3,"6,9,5,13,11,11,18|11,11,11,11,7,7,16",3,GRAND_SLAM,WS,1867,Qualification,YUEN Sara (CAN),SKOV Mie (DEN)
Panasonic China Open Shenzhen 2007,2007-08-29,ETSUZAKI Ayumi,PARK Seohee,4,2,"11,6,11,5,11,12|8,11,6,11,2,10",,GRAND_SLAM,WS,1867,Qualification,ETSUZAKI Ayumi (JPN),PARK Seohee (KOR)
Panasonic China Open Shenzhen 2007,2007-08-29,ETSUZAKI Ayumi,SIN Hye Song,4,1,"11,11,9,11,11|8,2,11,3,5",QR2,GRAND_SLAM,WS,1867,Qualification,ETSUZAKI Ayumi (JPN),SIN Hye Song (PRK)
Panasonic China Open Shenzhen 2007,2007-08-29,PARK Seohee,SIN Hye Song,4,3,"6,11,10,11,11,7,11|11,9,12,7,8,11,7",3,GRAND_SLAM,WS,1867,Qualification,PARK Seohee (KOR),SIN Hye Song (PRK)
Panasonic China Open Shenzhen 2007,2007-08-29,HUANG Yi-Hua,KIM Hyehyun,4,0,"11,11,11,11|5,8,9,9",,GRAND_SLAM,WS,1867,Qualification,HUANG Yi-Hua (TPE),KIM Hyehyun (KOR)
Panasonic China Open Shenzhen 2007,2007-08-29,HUANG Yi-Hua,KERTAI Rita,4,0,"11,11,11,12|7,7,8,10",QR2,GRAND_SLAM,WS,1867,Qualification,HUANG Yi-Hua (TPE),KERTAI Rita (HUN)
Panasonic China Open Shenzhen 2007,2007-08-29,KERTAI Rita,KIM Hyehyun,4,2,"11,11,3,11,3,12|9,8,11,6,11,10",3,GRAND_SLAM,WS,1867,Qualification,KERTAI Rita (HUN),KIM Hyehyun (KOR)
Panasonic China Open Shenzhen 2007,2007-08-29,LU Yun-Feng,MORIZONO Misaki,4,2,"11,12,8,11,12,11|4,10,11,8,14,6",,GRAND_SLAM,WS,1867,Qualification,LU Yun-Feng (TPE),MORIZONO Misaki (JPN)
Panasonic China Open Shenzhen 2007,2007-08-29,MOON Bosun,LU Yun-Feng,4,2,"11,11,11,8,8,11|9,6,6,11,11,4",QR2,GRAND_SLAM,WS,1867,Qualification,MOON Bosun (KOR),LU Yun-Feng (TPE)
Panasonic China Open Shenzhen 2007,2007-08-29,MOON Bosun,MORIZONO Misaki,4,0,"12,11,11,11|10,9,9,7",3,GRAND_SLAM,WS,1867,Qualification,MOON Bosun (KOR),MORIZONO Misaki (JPN)
Panasonic China Open Shenzhen 2007,2007-08-29,KIM Hye Song,RAMIREZ Sara,4,1,"11,4,11,11,11|7,11,8,5,9",,GRAND_SLAM,WS,1867,Qualification,KIM Hye Song (PRK),RAMIREZ Sara (ESP)
Panasonic China Open Shenzhen 2007,2007-08-29,RAMIREZ Sara,PARK Seonghye,4,2,"11,9,12,11,9,11|8,11,10,9,11,9",QR2,GRAND_SLAM,WS,1867,Qualification,RAMIREZ Sara (ESP),PARK Seonghye (KOR)
Panasonic China Open Shenzhen 2007,2007-08-29,PARK Seonghye,KIM Hye Song,4,1,"8,12,12,11,11|11,10,10,5,6",3,GRAND_SLAM,WS,1867,Qualification,PARK Seonghye (KOR),KIM Hye Song (PRK)
Panasonic China Open Shenzhen 2007,2007-08-29,BARTHEL Zhenqi,PRIVALOVA Alexandra,4,0,"11,11,11,11|8,6,6,8",,GRAND_SLAM,WS,1867,Qualification,BARTHEL Zhenqi (GER),PRIVALOVA Alexandra (BLR)
Panasonic China Open Shenzhen 2007,2007-08-29,BARTHEL Zhenqi,PARK Youngsook,4,2,"11,13,11,6,11,11|9,15,6,11,7,8",QR2,GRAND_SLAM,WS,1867,Qualification,BARTHEL Zhenqi (GER),PARK Youngsook (KOR)
Panasonic China Open Shenzhen 2007,2007-08-29,PARK Youngsook,PRIVALOVA Alexandra,4,2,"11,12,9,11,9,11|8,10,11,3,11,8",3,GRAND_SLAM,WS,1867,Qualification,PARK Youngsook (KOR),PRIVALOVA Alexandra (BLR)
Panasonic China Open Shenzhen 2007,2007-08-29,KO Somi,JON Chung Gyong,4,0,"11,11,11,17|5,6,9,15",,GRAND_SLAM,WS,1867,Qualification,KO Somi (KOR),JON Chung Gyong (PRK)
Panasonic China Open Shenzhen 2007,2007-08-29,KO Somi,PERGEL Szandra,4,2,"11,11,8,11,2,13|8,7,11,4,11,11",QR2,GRAND_SLAM,WS,1867,Qualification,KO Somi (KOR),PERGEL Szandra (HUN)
Panasonic China Open Shenzhen 2007,2007-08-29,JON Chung Gyong,PERGEL Szandra,4,2,"11,9,9,11,11,20|9,11,11,4,8,18",3,GRAND_SLAM,WS,1867,Qualification,JON Chung Gyong (PRK),PERGEL Szandra (HUN)
Panasonic China Open Shenzhen 2007,2007-08-29,PAK Song Mi,IVANCAN Irene,4,3,"4,11,8,11,16,7,17|11,8,11,3,14,11,15",,GRAND_SLAM,WS,1867,Qualification,PAK Song Mi (PRK),IVANCAN Irene (GER)
Panasonic China Open Shenzhen 2007,2007-08-29,KIM Sujin,IVANCAN Irene,4,3,"11,8,8,3,11,11,11|7,11,11,11,8,6,7",QR2,GRAND_SLAM,WS,1867,Qualification,KIM Sujin (KOR),IVANCAN Irene (GER)
Panasonic China Open Shenzhen 2007,2007-08-29,PAK Song Mi,KIM Sujin,4,1,"12,5,13,11,11|10,11,11,7,5",3,GRAND_SLAM,WS,1867,Qualification,PAK Song Mi (PRK),KIM Sujin (KOR)
Panasonic China Open Shenzhen 2007,2007-08-29,YU Kwok See,YU Eomji,4,1,"7,11,11,11,11|11,9,7,8,8",,GRAND_SLAM,WS,1867,Qualification,YU Kwok See (HKG),YU Eomji (KOR)
Panasonic China Open Shenzhen 2007,2007-08-29,YU Kwok See,LEE I-Chen,4,2,"12,5,8,11,11,11|10,11,11,8,7,5",QR2,GRAND_SLAM,WS,1867,Qualification,YU Kwok See (HKG),LEE I-Chen (TPE)
Panasonic China Open Shenzhen 2007,2007-08-29,LEE I-Chen,YU Eomji,4,0,"11,13,11,11|9,11,9,4",3,GRAND_SLAM,WS,1867,Qualification,LEE I-Chen (TPE),YU Eomji (KOR)
Panasonic China Open Shenzhen 2007,2007-08-29,JEON Hyekyung,JANG Hyon Ae,4,2,"11,9,11,7,11,11|6,11,4,11,6,7",,GRAND_SLAM,WS,1867,Qualification,JEON Hyekyung (KOR),JANG Hyon Ae (PRK)
Panasonic China Open Shenzhen 2007,2007-08-29,JANG Hyon Ae,CHENG I-Ching,4,0,"11,11,11,11|7,9,5,6",QR2,GRAND_SLAM,WS,1867,Qualification,JANG Hyon Ae (PRK),CHENG I-Ching (TPE)
Panasonic China Open Shenzhen 2007,2007-08-29,CHENG I-Ching,JEON Hyekyung,4,2,"11,14,6,14,7,11|9,12,11,12,11,8",3,GRAND_SLAM,WS,1867,Qualification,CHENG I-Ching (TPE),JEON Hyekyung (KOR)
Panasonic China Open Shenzhen 2007,2007-08-29,PAN Chun-Chu,KIM Sooyeon,4,1,"11,7,11,11,11|7,11,6,5,7",,GRAND_SLAM,WS,1867,Qualification,PAN Chun-Chu (TPE),KIM Sooyeon (KOR)
Panasonic China Open Shenzhen 2007,2007-08-29,PAN Chun-Chu,LI Bin,4,1,"12,11,11,9,13|10,7,4,11,11",QR2,GRAND_SLAM,WS,1867,Qualification,PAN Chun-Chu (TPE),LI Bin (HUN)
Panasonic China Open Shenzhen 2007,2007-08-29,LI Bin,KIM Sooyeon,4,0,"11,11,11,11|4,6,9,4",3,GRAND_SLAM,WS,1867,Qualification,LI Bin (HUN),KIM Sooyeon (KOR)
Panasonic China Open Shenzhen 2007,2007-08-29,LEE Hyangmi,CHA Yong Sim,4,2,"8,11,11,11,11,11|11,6,6,9,13,6",,GRAND_SLAM,WS,1867,Qualification,LEE Hyangmi (KOR),CHA Yong Sim (PRK)
Panasonic China Open Shenzhen 2007,2007-08-29,ISHIKAWA Kasumi,KARAGODINA Inna,4,1,"11,9,11,11,11|7,11,4,6,9",QR2,GRAND_SLAM,WS,1867,Qualification,ISHIKAWA Kasumi (JPN),KARAGODINA Inna (BLR)
Panasonic China Open Shenzhen 2007,2007-08-29,LEE Hyangmi,ISHIKAWA Kasumi,4,1,"10,12,11,11,11|12,10,8,6,7",3,GRAND_SLAM,WS,1867,Qualification,LEE Hyangmi (KOR),ISHIKAWA Kasumi (JPN)
Panasonic China Open Shenzhen 2007,2007-08-29,CHA Yong Sim,KARAGODINA Inna,4,1,"11,11,11,13,13|8,6,5,15,11",QR4,GRAND_SLAM,WS,1867,Qualification,CHA Yong Sim (PRK),KARAGODINA Inna (BLR)
Panasonic China Open Shenzhen 2007,2007-08-29,LEE Hyangmi,KARAGODINA Inna,4,1,"11,11,11,9,11|4,4,3,11,1",5,GRAND_SLAM,WS,1867,Qualification,LEE Hyangmi (KOR),KARAGODINA Inna (BLR)
Panasonic China Open Shenzhen 2007,2007-08-29,CHA Yong Sim,ISHIKAWA Kasumi,4,2,"11,10,10,12,11,11|9,12,12,10,8,5",6,GRAND_SLAM,WS,1867,Qualification,CHA Yong Sim (PRK),ISHIKAWA Kasumi (JPN)
Panasonic China Open Shenzhen 2007,2007-08-29,PARK Seohee,KIM Hye Song,3,1,"11,10,11,11|8,12,9,8",,GRAND_SLAM,U21WS,1867,Qualification,PARK Seohee (KOR),KIM Hye Song (PRK)
Panasonic China Open Shenzhen 2007,2007-08-29,LEE I-Chen,PARK Seohee,3,2,"8,12,11,12,11|11,14,7,10,6",QR2,GRAND_SLAM,U21WS,1867,Qualification,LEE I-Chen (TPE),PARK Seohee (KOR)
Panasonic China Open Shenzhen 2007,2007-08-29,LEE I-Chen,KIM Hye Song,3,1,"7,11,11,13|11,9,7,11",3,GRAND_SLAM,U21WS,1867,Qualification,LEE I-Chen (TPE),KIM Hye Song (PRK)
Panasonic China Open Shenzhen 2007,2007-08-29,AN Chorong,PRIVALOVA Alexandra,3,0,"11,11,11|6,9,6",,GRAND_SLAM,U21WS,1867,Qualification,AN Chorong (KOR),PRIVALOVA Alexandra (BLR)
Panasonic China Open Shenzhen 2007,2007-08-29,PERGEL Szandra,PRIVALOVA Alexandra,3,1,"6,11,11,11|11,7,4,6",QR2,GRAND_SLAM,U21WS,1867,Qualification,PERGEL Szandra (HUN),PRIVALOVA Alexandra (BLR)
Panasonic China Open Shenzhen 2007,2007-08-29,PERGEL Szandra,AN Chorong,3,2,"11,12,10,9,11|4,10,12,11,3",3,GRAND_SLAM,U21WS,1867,Qualification,PERGEL Szandra (HUN),AN Chorong (KOR)
Panasonic China Open Shenzhen 2007,2007-08-29,JON Chung Gyong,MORIZONO Misaki,3,2,"11,8,11,11,12|9,11,13,6,10",,GRAND_SLAM,U21WS,1867,Qualification,JON Chung Gyong (PRK),MORIZONO Misaki (JPN)
Panasonic China Open Shenzhen 2007,2007-08-29,PARK Youngsook,JON Chung Gyong,3,2,"11,13,8,12,11|8,11,11,14,9",QR2,GRAND_SLAM,U21WS,1867,Qualification,PARK Youngsook (KOR),JON Chung Gyong (PRK)
Panasonic China Open Shenzhen 2007,2007-08-29,PARK Youngsook,MORIZONO Misaki,3,1,"11,11,9,11|7,9,11,8",3,GRAND_SLAM,U21WS,1867,Qualification,PARK Youngsook (KOR),MORIZONO Misaki (JPN)
Panasonic China Open Shenzhen 2007,2007-08-29,CHA Yong Sim,YUEN Sara,3,0,"11,11,11|8,8,5",,GRAND_SLAM,U21WS,1867,Qualification,CHA Yong Sim (PRK),YUEN Sara (CAN)
Panasonic China Open Shenzhen 2007,2007-08-29,PARK Seonghye,CHA Yong Sim,3,2,"11,3,7,11,11|6,11,11,6,5",QR2,GRAND_SLAM,U21WS,1867,Qualification,PARK Seonghye (KOR),CHA Yong Sim (PRK)
Panasonic China Open Shenzhen 2007,2007-08-29,PARK Seonghye,YUEN Sara,3,1,"11,11,8,11|6,2,11,7",3,GRAND_SLAM,U21WS,1867,Qualification,PARK Seonghye (KOR),YUEN Sara (CAN)
Panasonic China Open Shenzhen 2007,2007-08-29,PAK Song Mi,HSIUNG Nai-I,3,1,"11,12,11,11|4,14,6,7",,GRAND_SLAM,U21WS,1867,Qualification,PAK Song Mi (PRK),HSIUNG Nai-I (TPE)
Panasonic China Open Shenzhen 2007,2007-08-29,PAK Song Mi,MOON Bosun,3,2,"8,11,11,3,11|11,9,9,11,7",QR2,GRAND_SLAM,U21WS,1867,Qualification,PAK Song Mi (PRK),MOON Bosun (KOR)
Panasonic China Open Shenzhen 2007,2007-08-29,HSIUNG Nai-I,MOON Bosun,3,0,"11,11,11|7,3,6",3,GRAND_SLAM,U21WS,1867,Qualification,HSIUNG Nai-I (TPE),MOON Bosun (KOR)
Panasonic China Open Shenzhen 2007,2007-08-29,SIN Hye Song,KARAGODINA Inna,3,2,"11,6,11,5,11|5,11,4,11,7",,GRAND_SLAM,U21WS,1867,Qualification,SIN Hye Song (PRK),KARAGODINA Inna (BLR)
Panasonic China Open Shenzhen 2007,2007-08-29,YU Eomji,SKOV Mie,3,1,"12,7,11,11|10,11,2,8",QR2,GRAND_SLAM,U21WS,1867,Qualification,YU Eomji (KOR),SKOV Mie (DEN)
Panasonic China Open Shenzhen 2007,2007-08-29,SIN Hye Song,YU Eomji,3,1,"11,7,13,11|9,11,11,9",3,GRAND_SLAM,U21WS,1867,Qualification,SIN Hye Song (PRK),YU Eomji (KOR)
Panasonic China Open Shenzhen 2007,2007-08-29,SKOV Mie,KARAGODINA Inna,3,1,"11,11,9,11|6,7,11,7",QR4,GRAND_SLAM,U21WS,1867,Qualification,SKOV Mie (DEN),KARAGODINA Inna (BLR)
Panasonic China Open Shenzhen 2007,2007-08-29,SIN Hye Song,SKOV Mie,3,1,"11,11,7,12|8,7,11,10",5,GRAND_SLAM,U21WS,1867,Qualification,SIN Hye Song (PRK),SKOV Mie (DEN)
Panasonic China Open Shenzhen 2007,2007-08-29,YU Eomji,KARAGODINA Inna,3,0,"11,11,11|6,7,8",6,GRAND_SLAM,U21WS,1867,Qualification,YU Eomji (KOR),KARAGODINA Inna (BLR)
Panasonic China Open Shenzhen 2007,2007-08-29,ZHANG Yining,ISHIKAWA Kasumi,4,1,"11,12,11,11,11|7,14,7,3,5",R64,GRAND_SLAM,WS,1867,Main Draw,ZHANG Yining (CHN),ISHIKAWA Kasumi (JPN)
Panasonic China Open Shenzhen 2007,2007-08-29,PAOVIC Sandra,ETSUZAKI Ayumi,4,1,"12,11,11,4,11|10,7,6,11,2",R64,GRAND_SLAM,WS,1867,Main Draw,PAOVIC Sandra (CRO),ETSUZAKI Ayumi (JPN)
Panasonic China Open Shenzhen 2007,2007-08-29,POTA Georgina,PARK Youngsook,4,0,"11,11,11,11|7,4,7,6",R64,GRAND_SLAM,WS,1867,Main Draw,POTA Georgina (HUN),PARK Youngsook (KOR)
Panasonic China Open Shenzhen 2007,2007-08-29,SHEN Yanfei,LU Yun-Feng,4,0,"13,11,14,14|11,9,12,12",R64,GRAND_SLAM,WS,1867,Main Draw,SHEN Yanfei (ESP),LU Yun-Feng (TPE)
Panasonic China Open Shenzhen 2007,2007-08-29,ZHANG Rui,CHA Yong Sim,4,2,"11,11,7,11,7,11|4,3,11,5,11,5",R64,GRAND_SLAM,WS,1867,Main Draw,ZHANG Rui (HKG),CHA Yong Sim (PRK)
Panasonic China Open Shenzhen 2007,2007-08-29,JANG Hyon Ae,KRAMER Tanja,4,1,"11,11,9,11,11|7,8,11,6,5",R64,GRAND_SLAM,WS,1867,Main Draw,JANG Hyon Ae (PRK),KRAMER Tanja (GER)
Panasonic China Open Shenzhen 2007,2007-08-29,FUJII Hiroko,YU Kwok See,4,1,"7,11,11,11,11|11,7,3,7,5",R64,GRAND_SLAM,WS,1867,Main Draw,FUJII Hiroko (JPN),YU Kwok See (HKG)
Panasonic China Open Shenzhen 2007,2007-08-29,TIE Yana,YUEN Sara,4,0,"11,11,11,11|6,6,1,2",R64,GRAND_SLAM,WS,1867,Main Draw,TIE Yana (HKG),YUEN Sara (CAN)
Panasonic China Open Shenzhen 2007,2007-08-29,JIANG Huajun,PRIVALOVA Alexandra,4,0,"11,11,11,11|4,1,2,2",R64,GRAND_SLAM,WS,1867,Main Draw,JIANG Huajun (HKG),PRIVALOVA Alexandra (BLR)
Panasonic China Open Shenzhen 2007,2007-08-29,LIU Shiwen,HUANG Yi-Hua,4,2,"11,11,10,11,8,11|6,7,12,8,11,7",R64,GRAND_SLAM,WS,1867,Main Draw,LIU Shiwen (CHN),HUANG Yi-Hua (TPE)
Panasonic China Open Shenzhen 2007,2007-08-29,PAVLOVICH Viktoria,PAN Chun-Chu,4,1,"11,11,7,11,11|7,9,11,7,8",R64,GRAND_SLAM,WS,1867,Main Draw,PAVLOVICH Viktoria (BLR),PAN Chun-Chu (TPE)
Panasonic China Open Shenzhen 2007,2007-08-29,LIN Ling,KIM Sujin,4,2,"11,11,4,11,9,11|9,4,11,9,11,6",R64,GRAND_SLAM,WS,1867,Main Draw,LIN Ling (HKG),KIM Sujin (KOR)
Panasonic China Open Shenzhen 2007,2007-08-29,WU Jiaduo,HSIUNG Nai-I,4,2,"11,9,8,13,11,11|2,11,11,11,9,7",R64,GRAND_SLAM,WS,1867,Main Draw,WU Jiaduo (GER),HSIUNG Nai-I (TPE)
Panasonic China Open Shenzhen 2007,2007-08-29,TASEI Mikie,LEE Hyangmi,4,3,"8,11,11,11,12,4,11|11,13,8,8,10,11,9",R64,GRAND_SLAM,WS,1867,Main Draw,TASEI Mikie (JPN),LEE Hyangmi (KOR)
Panasonic China Open Shenzhen 2007,2007-08-29,LOVAS Petra,PAK Song Mi,4,3,"14,11,12,11,11,5,11|16,6,14,5,8,11,8",R64,GRAND_SLAM,WS,1867,Main Draw,LOVAS Petra (HUN),PAK Song Mi (PRK)
Panasonic China Open Shenzhen 2007,2007-08-29,LI Xiaoxia,IVANCAN Irene,4,0,"11,11,11,11|7,7,8,8",R64,GRAND_SLAM,WS,1867,Main Draw,LI Xiaoxia (CHN),IVANCAN Irene (GER)
Panasonic China Open Shenzhen 2007,2007-08-29,GUO Yan (1982),YU Eomji,4,0,"11,11,11,11|8,7,5,7",R64,GRAND_SLAM,WS,1867,Main Draw,GUO Yan (1982) (CHN),YU Eomji (KOR)
Panasonic China Open Shenzhen 2007,2007-08-29,LAU Sui Fei,ZHU Fang,4,1,"11,12,8,11,11|3,10,11,6,3",R64,GRAND_SLAM,WS,1867,Main Draw,LAU Sui Fei (HKG),ZHU Fang (ESP)
Panasonic China Open Shenzhen 2007,2007-08-29,PARK Seonghye,KONISHI An,4,2,"11,9,11,12,7,11|9,11,8,10,11,7",R64,GRAND_SLAM,WS,1867,Main Draw,PARK Seonghye (KOR),KONISHI An (JPN)
Panasonic China Open Shenzhen 2007,2007-08-29,SUN Beibei,KERTAI Rita,4,0,"11,11,11,14|9,3,3,12",R64,GRAND_SLAM,WS,1867,Main Draw,SUN Beibei (SGP),KERTAI Rita (HUN)
Panasonic China Open Shenzhen 2007,2007-08-29,FUKUOKA Haruna,PARK Seohee,4,0,"11,11,11,11|7,6,9,7",R64,GRAND_SLAM,WS,1867,Main Draw,FUKUOKA Haruna (JPN),PARK Seohee (KOR)
Panasonic China Open Shenzhen 2007,2007-08-29,BOROS Tamara,SKOV Mie,4,1,"11,11,11,7,11|8,4,5,11,8",R64,GRAND_SLAM,WS,1867,Main Draw,BOROS Tamara (CRO),SKOV Mie (DEN)
Panasonic China Open Shenzhen 2007,2007-08-29,KOSTROMINA Tatyana (1973),LI Bin,4,2,"11,8,9,14,11,11|5,11,11,12,9,3",R64,GRAND_SLAM,WS,1867,Main Draw,KOSTROMINA Tatyana (1973) (BLR),LI Bin (HUN)
Panasonic China Open Shenzhen 2007,2007-08-29,WANG Yuegu,LEE I-Chen,4,0,"11,11,11,11|5,6,8,4",R64,GRAND_SLAM,WS,1867,Main Draw,WANG Yuegu (SGP),LEE I-Chen (TPE)
Panasonic China Open Shenzhen 2007,2007-08-29,LI Jiawei,JEON Hyekyung,4,3,"11,7,9,9,12,11,11|7,11,11,11,10,9,8",R64,GRAND_SLAM,WS,1867,Main Draw,LI Jiawei (SGP),JEON Hyekyung (KOR)
Panasonic China Open Shenzhen 2007,2007-08-29,KO Somi,MOLNAR Cornelia,4,3,"6,7,11,14,5,11,11|11,11,5,12,11,6,2",R64,GRAND_SLAM,WS,1867,Main Draw,KO Somi (KOR),MOLNAR Cornelia (CRO)
Panasonic China Open Shenzhen 2007,2007-08-29,BARTHEL Zhenqi,FUJINUMA Ai,4,2,"8,11,11,11,6,12|11,9,8,5,11,10",R64,GRAND_SLAM,WS,1867,Main Draw,BARTHEL Zhenqi (GER),FUJINUMA Ai (JPN)
Panasonic China Open Shenzhen 2007,2007-08-29,HIRANO Sayaka,JON Chung Gyong,4,1,"11,9,11,11,11|7,11,3,5,3",R64,GRAND_SLAM,WS,1867,Main Draw,HIRANO Sayaka (JPN),JON Chung Gyong (PRK)
Panasonic China Open Shenzhen 2007,2007-08-29,KANAZAWA Saki,KIM Hye Song,4,0,"11,11,13,11|6,3,11,5",R64,GRAND_SLAM,WS,1867,Main Draw,KANAZAWA Saki (JPN),KIM Hye Song (PRK)
Panasonic China Open Shenzhen 2007,2007-08-29,FENG Tianwei,PAVLOVICH Veronika,4,0,"15,11,11,11|13,6,7,6",R64,GRAND_SLAM,WS,1867,Main Draw,FENG Tianwei (SGP),PAVLOVICH Veronika (BLR)
Panasonic China Open Shenzhen 2007,2007-08-29,HIURA Reiko,MOON Bosun,4,0,"13,11,11,11|11,9,8,3",R64,GRAND_SLAM,WS,1867,Main Draw,HIURA Reiko (JPN),MOON Bosun (KOR)
Panasonic China Open Shenzhen 2007,2007-08-29,GUO Yue,PERGEL Szandra,4,0,"11,11,11,11|7,5,4,9",R64,GRAND_SLAM,WS,1867,Main Draw,GUO Yue (CHN),PERGEL Szandra (HUN)
Panasonic China Open Shenzhen 2007,2007-08-29,ZHANG Yining,PAOVIC Sandra,4,0,"11,11,11,11|3,4,3,5",R32,GRAND_SLAM,WS,1867,Main Draw,ZHANG Yining (CHN),PAOVIC Sandra (CRO)
Panasonic China Open Shenzhen 2007,2007-08-29,SHEN Yanfei,POTA Georgina,4,1,"8,11,11,11,11|11,3,8,4,7",R32,GRAND_SLAM,WS,1867,Main Draw,SHEN Yanfei (ESP),POTA Georgina (HUN)
Panasonic China Open Shenzhen 2007,2007-08-29,ZHANG Rui,JANG Hyon Ae,4,1,"11,8,11,12,11|7,11,7,10,4",R32,GRAND_SLAM,WS,1867,Main Draw,ZHANG Rui (HKG),JANG Hyon Ae (PRK)
Panasonic China Open Shenzhen 2007,2007-08-29,TIE Yana,FUJII Hiroko,4,1,"12,8,11,11,11|10,11,7,8,7",R32,GRAND_SLAM,WS,1867,Main Draw,TIE Yana (HKG),FUJII Hiroko (JPN)
Panasonic China Open Shenzhen 2007,2007-08-29,LIU Shiwen,JIANG Huajun,4,3,"9,9,9,13,11,11,13|11,11,11,11,7,9,11",R32,GRAND_SLAM,WS,1867,Main Draw,LIU Shiwen (CHN),JIANG Huajun (HKG)
Panasonic China Open Shenzhen 2007,2007-08-29,PAVLOVICH Viktoria,LIN Ling,4,1,"11,14,7,11,12|9,12,11,7,10",R32,GRAND_SLAM,WS,1867,Main Draw,PAVLOVICH Viktoria (BLR),LIN Ling (HKG)
Panasonic China Open Shenzhen 2007,2007-08-29,WU Jiaduo,TASEI Mikie,4,2,"11,11,11,11,10,11|5,9,5,13,12,7",R32,GRAND_SLAM,WS,1867,Main Draw,WU Jiaduo (GER),TASEI Mikie (JPN)
Panasonic China Open Shenzhen 2007,2007-08-29,LI Xiaoxia,LOVAS Petra,4,0,"11,11,11,11|3,8,5,3",R32,GRAND_SLAM,WS,1867,Main Draw,LI Xiaoxia (CHN),LOVAS Petra (HUN)
Panasonic China Open Shenzhen 2007,2007-08-29,GUO Yan (1982),LAU Sui Fei,4,0,"11,11,11,11|8,4,8,4",R32,GRAND_SLAM,WS,1867,Main Draw,GUO Yan (1982) (CHN),LAU Sui Fei (HKG)
Panasonic China Open Shenzhen 2007,2007-08-29,SUN Beibei,PARK Seonghye,4,0,"11,11,11,11|8,7,5,5",R32,GRAND_SLAM,WS,1867,Main Draw,SUN Beibei (SGP),PARK Seonghye (KOR)
Panasonic China Open Shenzhen 2007,2007-08-29,BOROS Tamara,FUKUOKA Haruna,4,3,"11,11,12,11,7,11,11|13,7,14,9,11,9,9",R32,GRAND_SLAM,WS,1867,Main Draw,BOROS Tamara (CRO),FUKUOKA Haruna (JPN)
Panasonic China Open Shenzhen 2007,2007-08-29,WANG Yuegu,KOSTROMINA Tatyana (1973),4,0,"11,11,11,11|3,5,4,7",R32,GRAND_SLAM,WS,1867,Main Draw,WANG Yuegu (SGP),KOSTROMINA Tatyana (1973) (BLR)
Panasonic China Open Shenzhen 2007,2007-08-29,LI Jiawei,KO Somi,4,0,"11,11,11,11|7,7,6,4",R32,GRAND_SLAM,WS,1867,Main Draw,LI Jiawei (SGP),KO Somi (KOR)
Panasonic China Open Shenzhen 2007,2007-08-29,HIRANO Sayaka,BARTHEL Zhenqi,4,2,"11,8,11,11,7,13|7,11,5,6,11,11",R32,GRAND_SLAM,WS,1867,Main Draw,HIRANO Sayaka (JPN),BARTHEL Zhenqi (GER)
Panasonic China Open Shenzhen 2007,2007-08-29,FENG Tianwei,KANAZAWA Saki,4,1,"11,11,8,11,15|4,7,11,3,13",R32,GRAND_SLAM,WS,1867,Main Draw,FENG Tianwei (SGP),KANAZAWA Saki (JPN)
Panasonic China Open Shenzhen 2007,2007-08-29,GUO Yue,HIURA Reiko,4,0,"11,11,11,11|4,6,5,9",R32,GRAND_SLAM,WS,1867,Main Draw,GUO Yue (CHN),HIURA Reiko (JPN)
Panasonic China Open Shenzhen 2007,2007-08-29,ZHANG Yining,SHEN Yanfei,4,0,"11,12,14,11|9,10,12,4",R16,GRAND_SLAM,WS,1867,Main Draw,ZHANG Yining (CHN),SHEN Yanfei (ESP)
Panasonic China Open Shenzhen 2007,2007-08-29,TIE Yana,ZHANG Rui,4,2,"11,9,7,11,11,11|9,11,11,6,7,7",R16,GRAND_SLAM,WS,1867,Main Draw,TIE Yana (HKG),ZHANG Rui (HKG)
Panasonic China Open Shenzhen 2007,2007-08-29,LIU Shiwen,PAVLOVICH Viktoria,4,3,"11,5,11,7,11,9,11|7,11,2,11,9,11,7",R16,GRAND_SLAM,WS,1867,Main Draw,LIU Shiwen (CHN),PAVLOVICH Viktoria (BLR)
Panasonic China Open Shenzhen 2007,2007-08-29,LI Xiaoxia,WU Jiaduo,4,2,"7,11,11,11,7,11|11,6,5,7,11,5",R16,GRAND_SLAM,WS,1867,Main Draw,LI Xiaoxia (CHN),WU Jiaduo (GER)
Panasonic China Open Shenzhen 2007,2007-08-29,GUO Yan (1982),SUN Beibei,4,0,"11,13,15,11|5,11,13,6",R16,GRAND_SLAM,WS,1867,Main Draw,GUO Yan (1982) (CHN),SUN Beibei (SGP)
Panasonic China Open Shenzhen 2007,2007-08-29,WANG Yuegu,BOROS Tamara,4,0,"11,11,11,11|1,8,8,6",R16,GRAND_SLAM,WS,1867,Main Draw,WANG Yuegu (SGP),BOROS Tamara (CRO)
Panasonic China Open Shenzhen 2007,2007-08-29,LI Jiawei,HIRANO Sayaka,4,0,"13,11,11,11|11,5,8,7",R16,GRAND_SLAM,WS,1867,Main Draw,LI Jiawei (SGP),HIRANO Sayaka (JPN)
Panasonic China Open Shenzhen 2007,2007-08-29,GUO Yue,FENG Tianwei,4,3,"11,9,11,11,11,7,11|6,11,5,13,2,11,9",R16,GRAND_SLAM,WS,1867,Main Draw,GUO Yue (CHN),FENG Tianwei (SGP)
Panasonic China Open Shenzhen 2007,2007-08-29,ZHANG Yining,TIE Yana,4,0,"11,13,11,11|7,11,8,8",QuarterFinal,GRAND_SLAM,WS,1867,Main Draw,ZHANG Yining (CHN),TIE Yana (HKG)
Panasonic China Open Shenzhen 2007,2007-08-29,LI Xiaoxia,LIU Shiwen,4,0,"11,11,11,11|9,6,7,5",QuarterFinal,GRAND_SLAM,WS,1867,Main Draw,LI Xiaoxia (CHN),LIU Shiwen (CHN)
Panasonic China Open Shenzhen 2007,2007-08-29,GUO Yan (1982),WANG Yuegu,4,3,"11,9,11,11,8,8,11|4,11,4,5,11,11,9",QuarterFinal,GRAND_SLAM,WS,1867,Main Draw,GUO Yan (1982) (CHN),WANG Yuegu (SGP)
Panasonic China Open Shenzhen 2007,2007-08-29,GUO Yue,LI Jiawei,4,2,"11,10,11,11,11,11|7,12,13,5,1,9",QuarterFinal,GRAND_SLAM,WS,1867,Main Draw,GUO Yue (CHN),LI Jiawei (SGP)
Panasonic China Open Shenzhen 2007,2007-08-29,ZHANG Yining,LI Xiaoxia,4,0,"11,11,11,11|9,6,6,6",SemiFinal,GRAND_SLAM,WS,1867,Main Draw,ZHANG Yining (CHN),LI Xiaoxia (CHN)
Panasonic China Open Shenzhen 2007,2007-08-29,GUO Yue,GUO Yan (1982),4,2,"10,11,11,11,10,11|12,8,9,9,12,4",SemiFinal,GRAND_SLAM,WS,1867,Main Draw,GUO Yue (CHN),GUO Yan (1982) (CHN)
Panasonic China Open Shenzhen 2007,2007-08-29,ZHANG Yining,GUO Yue,4,1,"11,11,11,2,12|1,4,9,11,10",Final,GRAND_SLAM,WS,1867,Main Draw,ZHANG Yining (CHN),GUO Yue (CHN)
Panasonic China Open Shenzhen 2007,2007-08-29,FENG Tianwei,JON Chung Gyong,4,1,"11,11,11,8,11|4,8,6,11,3",R16,GRAND_SLAM,U21WS,1867,Main Draw,FENG Tianwei (SGP),JON Chung Gyong (PRK)
Panasonic China Open Shenzhen 2007,2007-08-29,LI Bin,PAK Song Mi,4,2,"12,11,8,11,8,13|10,8,11,9,11,11",R16,GRAND_SLAM,U21WS,1867,Main Draw,LI Bin (HUN),PAK Song Mi (PRK)
Panasonic China Open Shenzhen 2007,2007-08-29,SIN Hye Song,CHENG I-Ching,4,2,"11,9,6,11,11,11|9,11,11,7,6,7",R16,GRAND_SLAM,U21WS,1867,Main Draw,SIN Hye Song (PRK),CHENG I-Ching (TPE)
Panasonic China Open Shenzhen 2007,2007-08-29,BARTHEL Zhenqi,PERGEL Szandra,4,3,"12,11,7,8,11,2,11|10,7,11,11,5,11,9",R16,GRAND_SLAM,U21WS,1867,Main Draw,BARTHEL Zhenqi (GER),PERGEL Szandra (HUN)
Panasonic China Open Shenzhen 2007,2007-08-29,YU Kwok See,PARK Seonghye,4,1,"14,18,10,11,12|12,16,12,8,10",R16,GRAND_SLAM,U21WS,1867,Main Draw,YU Kwok See (HKG),PARK Seonghye (KOR)
Panasonic China Open Shenzhen 2007,2007-08-29,PARK Youngsook,JANG Hyon Ae,4,2,"12,11,11,3,11,11|14,9,5,11,6,8",R16,GRAND_SLAM,U21WS,1867,Main Draw,PARK Youngsook (KOR),JANG Hyon Ae (PRK)
Panasonic China Open Shenzhen 2007,2007-08-29,LEE I-Chen,ISHIKAWA Kasumi,4,2,"11,11,11,7,9,11|9,4,8,11,11,9",R16,GRAND_SLAM,U21WS,1867,Main Draw,LEE I-Chen (TPE),ISHIKAWA Kasumi (JPN)
Panasonic China Open Shenzhen 2007,2007-08-29,RAMIREZ Sara,HSIUNG Nai-I,4,1,"8,11,11,11,11|11,7,3,3,8",R16,GRAND_SLAM,U21WS,1867,Main Draw,RAMIREZ Sara (ESP),HSIUNG Nai-I (TPE)
Panasonic China Open Shenzhen 2007,2007-08-29,FENG Tianwei,LI Bin,4,2,"9,11,9,11,11,11|11,8,11,9,3,7",QuarterFinal,GRAND_SLAM,U21WS,1867,Main Draw,FENG Tianwei (SGP),LI Bin (HUN)
Panasonic China Open Shenzhen 2007,2007-08-29,SIN Hye Song,BARTHEL Zhenqi,4,1,"11,5,11,13,15|8,11,7,11,13",QuarterFinal,GRAND_SLAM,U21WS,1867,Main Draw,SIN Hye Song (PRK),BARTHEL Zhenqi (GER)
Panasonic China Open Shenzhen 2007,2007-08-29,PARK Youngsook,YU Kwok See,4,1,"10,11,12,11,11|12,3,10,7,3",QuarterFinal,GRAND_SLAM,U21WS,1867,Main Draw,PARK Youngsook (KOR),YU Kwok See (HKG)
Panasonic China Open Shenzhen 2007,2007-08-29,RAMIREZ Sara,LEE I-Chen,4,3,"11,11,11,11,7,8,11|7,7,13,3,11,11,8",QuarterFinal,GRAND_SLAM,U21WS,1867,Main Draw,RAMIREZ Sara (ESP),LEE I-Chen (TPE)
Panasonic China Open Shenzhen 2007,2007-08-29,FENG Tianwei,SIN Hye Song,4,2,"11,5,11,11,9,11|2,11,6,5,11,4",SemiFinal,GRAND_SLAM,U21WS,1867,Main Draw,FENG Tianwei (SGP),SIN Hye Song (PRK)
Panasonic China Open Shenzhen 2007,2007-08-29,PARK Youngsook,RAMIREZ Sara,4,1,"11,11,11,7,11|6,8,7,11,6",SemiFinal,GRAND_SLAM,U21WS,1867,Main Draw,PARK Youngsook (KOR),RAMIREZ Sara (ESP)
Panasonic China Open Shenzhen 2007,2007-08-29,FENG Tianwei,PARK Youngsook,4,1,"11,11,11,8,11|7,6,7,11,4",Final,GRAND_SLAM,U21WS,1867,Main Draw,FENG Tianwei (SGP),PARK Youngsook (KOR)
Panasonic China Open Shenzhen 2007,2007-08-29,FEJER-KONNERTH Zoltan/HUANG Sheng-Sheng,KUCHUK Aleksandr/NEKHVEDOVICH Vitaly,3,0,"11,11,11|3,8,7",QR32,GRAND_SLAM,MD,1867,Qualification,FEJER-KONNERTH Zoltan (GER) / HUANG Sheng-Sheng (TPE),KUCHUK Aleksandr (BLR) / NEKHVEDOVICH Vitaly (BLR)
Panasonic China Open Shenzhen 2007,2007-08-29,SHEN Qiang/YANG Ling Kun,LINDSAY Kenneth/SHODHAN Shashin,3,1,"11,10,13,11|8,12,11,1",QR64,GRAND_SLAM,MD,1867,Qualification,SHEN Qiang (CAN) / YANG Ling Kun (CAN),LINDSAY Kenneth (SCO) / SHODHAN Shashin (USA)
Panasonic China Open Shenzhen 2007,2007-08-29,HAO Shuai/WANG Liqin,SHEN Qiang/YANG Ling Kun,3,0,"11,11,11|1,6,3",QR32,GRAND_SLAM,MD,1867,Qualification,HAO Shuai (CHN) / WANG Liqin (CHN),SHEN Qiang (CAN) / YANG Ling Kun (CAN)
Panasonic China Open Shenzhen 2007,2007-08-29,CHEN Qi/MA Long,JIANG Tianyi/LEUNG Chu Yan,4,0,"11,13,11,11|8,11,5,4",R16,GRAND_SLAM,MD,1867,Main Draw,CHEN Qi (CHN) / MA Long (CHN),JIANG Tianyi (HKG) / LEUNG Chu Yan (HKG)
Panasonic China Open Shenzhen 2007,2007-08-29,CHEN Qi/MA Long,KO Lai Chak/TANG Peng,4,2,"11,8,15,8,11,11|8,11,13,11,7,6",SemiFinal,GRAND_SLAM,MD,1867,Main Draw,CHEN Qi (CHN) / MA Long (CHN),KO Lai Chak (HKG) / TANG Peng (HKG)
Panasonic China Open Shenzhen 2007,2007-08-29,MA Lin/WANG Hao,CHEN Qi/MA Long,4,3,"11,11,11,6,6,4,11|9,4,6,11,11,11,9",Final,GRAND_SLAM,MD,1867,Main Draw,MA Lin (CHN) / WANG Hao (CHN),CHEN Qi (CHN) / MA Long (CHN)
Panasonic China Open Shenzhen 2007,2007-08-29,CHEN Qi/MA Long,KANG Donghoon/PARK Seungyong,3,0,"11,11,11|1,6,1",QR32,GRAND_SLAM,MD,1867,Qualification,CHEN Qi (CHN) / MA Long (CHN),KANG Donghoon (KOR) / PARK Seungyong (KOR)
Panasonic China Open Shenzhen 2007,2007-08-29,CHEN Qi/MA Long,FEJER-KONNERTH Zoltan/HUANG Sheng-Sheng,3,0,"11,11,11|6,7,7",QR16,GRAND_SLAM,MD,1867,Qualification,CHEN Qi (CHN) / MA Long (CHN),FEJER-KONNERTH Zoltan (GER) / HUANG Sheng-Sheng (TPE)
Panasonic China Open Shenzhen 2007,2007-08-29,KO Lai Chak/TANG Peng,GAVLAS Antonin/KORBEL Petr,4,2,"11,10,11,11,11,12|7,12,13,5,6,10",R16,GRAND_SLAM,MD,1867,Main Draw,KO Lai Chak (HKG) / TANG Peng (HKG),GAVLAS Antonin (CZE) / KORBEL Petr (CZE)
Panasonic China Open Shenzhen 2007,2007-08-29,MA Lin/WANG Hao,LEBESSON Emmanuel/MATTENET Adrien,4,0,"11,11,11,11|8,6,2,7",QuarterFinal,GRAND_SLAM,MD,1867,Main Draw,MA Lin (CHN) / WANG Hao (CHN),LEBESSON Emmanuel (FRA) / MATTENET Adrien (FRA)
Panasonic China Open Shenzhen 2007,2007-08-29,LEBESSON Emmanuel/MATTENET Adrien,BALTRUSHKA Dzmitry/BARBOLIN Illia,3,0,"11,11,11|6,8,9",QR32,GRAND_SLAM,MD,1867,Qualification,LEBESSON Emmanuel (FRA) / MATTENET Adrien (FRA),BALTRUSHKA Dzmitry (BLR) / BARBOLIN Illia (BLR)
Panasonic China Open Shenzhen 2007,2007-08-29,LEBESSON Emmanuel/MATTENET Adrien,JAKAB Janos/KISHIKAWA Seiya,3,0,"11,11,11|9,7,8",QR16,GRAND_SLAM,MD,1867,Qualification,LEBESSON Emmanuel (FRA) / MATTENET Adrien (FRA),JAKAB Janos (HUN) / KISHIKAWA Seiya (JPN)
Panasonic China Open Shenzhen 2007,2007-08-29,AN Chol Yong/KIM Nam Chol,STEGER Bastian/SUSS Christian,4,2,"11,7,11,11,6,12|7,11,9,4,11,10",R16,GRAND_SLAM,MD,1867,Main Draw,AN Chol Yong (PRK) / KIM Nam Chol (PRK),STEGER Bastian (GER) / SUSS Christian (GER)
Panasonic China Open Shenzhen 2007,2007-08-29,OVTCHAROV Dimitrij/ROSSKOPF Jorg,CANTERO Jesus/MACHADO Carlos,3,0,"11,11,14|5,6,12",QR32,GRAND_SLAM,MD,1867,Qualification,OVTCHAROV Dimitrij (GER) / ROSSKOPF Jorg (GER),CANTERO Jesus (ESP) / MACHADO Carlos (ESP)
Panasonic China Open Shenzhen 2007,2007-08-29,OVTCHAROV Dimitrij/ROSSKOPF Jorg,LEE Jungjae/YOO Changjae,3,0,"11,11,11|8,8,7",QR16,GRAND_SLAM,MD,1867,Qualification,OVTCHAROV Dimitrij (GER) / ROSSKOPF Jorg (GER),LEE Jungjae (KOR) / YOO Changjae (KOR)
Panasonic China Open Shenzhen 2007,2007-08-29,CHEUNG Yuk/LI Ching,OVTCHAROV Dimitrij/ROSSKOPF Jorg,4,3,"11,12,12,9,11,11,11|5,14,10,11,3,13,6",R16,GRAND_SLAM,MD,1867,Main Draw,CHEUNG Yuk (HKG) / LI Ching (HKG),OVTCHAROV Dimitrij (GER) / ROSSKOPF Jorg (GER)
Panasonic China Open Shenzhen 2007,2007-08-29,CHEUNG Yuk/LI Ching,HAN Jimin/KO Junhyung,4,0,"12,11,11,11|10,8,6,4",QuarterFinal,GRAND_SLAM,MD,1867,Main Draw,CHEUNG Yuk (HKG) / LI Ching (HKG),HAN Jimin (KOR) / KO Junhyung (KOR)
Panasonic China Open Shenzhen 2007,2007-08-29,MA Lin/WANG Hao,CHEUNG Yuk/LI Ching,4,0,"11,11,11,11|9,7,6,8",SemiFinal,GRAND_SLAM,MD,1867,Main Draw,MA Lin (CHN) / WANG Hao (CHN),CHEUNG Yuk (HKG) / LI Ching (HKG)
Panasonic China Open Shenzhen 2007,2007-08-29,ZOMBORI David/ZWICKL Daniel,LI Kwun Ngai/TSE Ka Chun,3,0,"15,11,11|13,7,5",QR32,GRAND_SLAM,MD,1867,Qualification,ZOMBORI David (HUN) / ZWICKL Daniel (HUN),LI Kwun Ngai (HKG) / TSE Ka Chun (HKG)
Panasonic China Open Shenzhen 2007,2007-08-29,AXELQVIST Johan/TUGWELL Finn,ZOMBORI David/ZWICKL Daniel,3,0,"11,12,11|5,10,8",QR16,GRAND_SLAM,MD,1867,Qualification,AXELQVIST Johan (SWE) / TUGWELL Finn (DEN),ZOMBORI David (HUN) / ZWICKL Daniel (HUN)
Panasonic China Open Shenzhen 2007,2007-08-29,MA Lin/WANG Hao,MATSUDAIRA Kenta/OYA Hidetoshi,4,1,"13,7,11,11,11|11,11,2,6,3",R16,GRAND_SLAM,MD,1867,Main Draw,MA Lin (CHN) / WANG Hao (CHN),MATSUDAIRA Kenta (JPN) / OYA Hidetoshi (JPN)
Panasonic China Open Shenzhen 2007,2007-08-29,BOBOCICA Mihai/TAKAKIWA Taku,CAI Xiaoli/GUO Yi Teng,3,0,"11,11,11|6,8,5",QR32,GRAND_SLAM,MD,1867,Qualification,BOBOCICA Mihai (ITA) / TAKAKIWA Taku (JPN),CAI Xiaoli (SGP) / GUO Yi Teng (SGP)
Panasonic China Open Shenzhen 2007,2007-08-29,MATSUDAIRA Kenta/OYA Hidetoshi,CHUANG Chih-Yuan/WU Chih-Chi,3,2,"8,12,7,12,11|11,10,11,10,5",QR16,GRAND_SLAM,MD,1867,Qualification,MATSUDAIRA Kenta (JPN) / OYA Hidetoshi (JPN),CHUANG Chih-Yuan (TPE) / WU Chih-Chi (TPE)
Panasonic China Open Shenzhen 2007,2007-08-29,HAN Jimin/KO Junhyung,CHANG Yen-Shu/CHIANG Peng-Lung,4,0,,R16,GRAND_SLAM,MD,1867,Main Draw,HAN Jimin (KOR) / KO Junhyung (KOR),CHANG Yen-Shu (TPE) / CHIANG Peng-Lung (TPE)
Panasonic China Open Shenzhen 2007,2007-08-29,KANG Donghoon/PARK Seungyong,CHOE Hyok Chol/JU Se Il,3,1,"9,11,11,11|11,8,6,7",QR64,GRAND_SLAM,MD,1867,Qualification,KANG Donghoon (KOR) / PARK Seungyong (KOR),CHOE Hyok Chol (PRK) / JU Se Il (PRK)
Panasonic China Open Shenzhen 2007,2007-08-29,LEE Jungjae/YOO Changjae,GORAK Daniel/VOSTES Yannick,3,0,"11,11,11|5,9,8",QR32,GRAND_SLAM,MD,1867,Qualification,LEE Jungjae (KOR) / YOO Changjae (KOR),GORAK Daniel (POL) / VOSTES Yannick (BEL)
Panasonic China Open Shenzhen 2007,2007-08-29,AN Chol Yong/KIM Nam Chol,KIM Taehoon/LEE Jinkwon,3,2,"6,11,7,11,12|11,8,11,7,10",QR32,GRAND_SLAM,MD,1867,Qualification,AN Chol Yong (PRK) / KIM Nam Chol (PRK),KIM Taehoon (KOR) / LEE Jinkwon (KOR)
Panasonic China Open Shenzhen 2007,2007-08-29,GAVLAS Antonin/KORBEL Petr,SEO Myoungduck/SEO Younggyun,3,1,"7,12,12,11|11,10,10,4",QR32,GRAND_SLAM,MD,1867,Qualification,GAVLAS Antonin (CZE) / KORBEL Petr (CZE),SEO Myoungduck (KOR) / SEO Younggyun (KOR)
Panasonic China Open Shenzhen 2007,2007-08-29,HAN Jimin/KO Junhyung,BAUM Patrick/DURAN Marc,3,2,"11,9,11,13,11|9,11,8,15,9",QR32,GRAND_SLAM,MD,1867,Qualification,HAN Jimin (KOR) / KO Junhyung (KOR),BAUM Patrick (GER) / DURAN Marc (ESP)
Panasonic China Open Shenzhen 2007,2007-08-29,HAN Jimin/KO Junhyung,HAO Shuai/WANG Liqin,3,2,"3,11,5,11,11|11,8,11,5,8",QR16,GRAND_SLAM,MD,1867,Qualification,HAN Jimin (KOR) / KO Junhyung (KOR),HAO Shuai (CHN) / WANG Liqin (CHN)
Panasonic China Open Shenzhen 2007,2007-08-29,KO Lai Chak/TANG Peng,AN Chol Yong/KIM Nam Chol,4,2,"12,11,11,5,9,14|10,7,9,11,11,12",QuarterFinal,GRAND_SLAM,MD,1867,Main Draw,KO Lai Chak (HKG) / TANG Peng (HKG),AN Chol Yong (PRK) / KIM Nam Chol (PRK)
Panasonic China Open Shenzhen 2007,2007-08-29,AN Chol Yong/KIM Nam Chol,BOBOCICA Mihai/TAKAKIWA Taku,3,1,"11,11,11,11|8,13,6,6",QR16,GRAND_SLAM,MD,1867,Qualification,AN Chol Yong (PRK) / KIM Nam Chol (PRK),BOBOCICA Mihai (ITA) / TAKAKIWA Taku (JPN)
Panasonic China Open Shenzhen 2007,2007-08-29,CHUANG Chih-Yuan/WU Chih-Chi,GRIGOREV Artur/VLASOV Grigory,3,0,,QR32,GRAND_SLAM,MD,1867,Qualification,CHUANG Chih-Yuan (TPE) / WU Chih-Chi (TPE),GRIGOREV Artur (RUS) / VLASOV Grigory (RUS)
Panasonic China Open Shenzhen 2007,2007-08-29,GAO Ning/YANG Zi,AXELQVIST Johan/TUGWELL Finn,4,2,"11,12,10,11,11,11|4,14,12,6,7,5",R16,GRAND_SLAM,MD,1867,Main Draw,GAO Ning (SGP) / YANG Zi (SGP),AXELQVIST Johan (SWE) / TUGWELL Finn (DEN)
Panasonic China Open Shenzhen 2007,2007-08-29,CHEN Qi/MA Long,GAO Ning/YANG Zi,4,3,"12,11,8,11,7,11,11|14,7,11,5,11,4,7",QuarterFinal,GRAND_SLAM,MD,1867,Main Draw,CHEN Qi (CHN) / MA Long (CHN),GAO Ning (SGP) / YANG Zi (SGP)
Panasonic China Open Shenzhen 2007,2007-08-29,LEBESSON Emmanuel/MATTENET Adrien,KARAKASEVIC Aleksandar/TOKIC Bojan,4,3,"5,14,12,5,11,9,12|11,12,10,11,9,11,10",R16,GRAND_SLAM,MD,1867,Main Draw,LEBESSON Emmanuel (FRA) / MATTENET Adrien (FRA),KARAKASEVIC Aleksandar (SRB) / TOKIC Bojan (SLO)
Panasonic China Open Shenzhen 2007,2007-08-29,JAKAB Janos/KISHIKAWA Seiya,GREEN Wally/KEINATH Thomas,3,0,"11,11,12|6,4,10",QR32,GRAND_SLAM,MD,1867,Qualification,JAKAB Janos (HUN) / KISHIKAWA Seiya (JPN),GREEN Wally (USA) / KEINATH Thomas (SVK)
Panasonic China Open Shenzhen 2007,2007-08-29,MATSUDAIRA Kenta/OYA Hidetoshi,GERELL Par/LUNDQVIST Jens,3,0,,QR32,GRAND_SLAM,MD,1867,Qualification,MATSUDAIRA Kenta (JPN) / OYA Hidetoshi (JPN),GERELL Par (SWE) / LUNDQVIST Jens (SWE)
Panasonic China Open Shenzhen 2007,2007-08-29,PERSSON Jorgen/SVENSSON Robert,HO Andre/LIU Tony,3,0,"11,11,11|5,3,4",QR32,GRAND_SLAM,MD,1867,Qualification,PERSSON Jorgen (SWE) / SVENSSON Robert (SWE),HO Andre (CAN) / LIU Tony (CAN)
Panasonic China Open Shenzhen 2007,2007-08-29,GAVLAS Antonin/KORBEL Petr,PERSSON Jorgen/SVENSSON Robert,3,0,"12,11,11|10,6,3",QR16,GRAND_SLAM,MD,1867,Qualification,GAVLAS Antonin (CZE) / KORBEL Petr (CZE),PERSSON Jorgen (SWE) / SVENSSON Robert (SWE)
Panasonic China Open Shenzhen 2007,2007-08-29,AXELQVIST Johan/TUGWELL Finn,CHEN Chien-An/SUN Wen-Wei,3,2,"11,6,11,9,11|4,11,7,11,8",QR32,GRAND_SLAM,MD,1867,Qualification,AXELQVIST Johan (SWE) / TUGWELL Finn (DEN),CHEN Chien-An (TPE) / SUN Wen-Wei (TPE)
Panasonic China Open Shenzhen 2007,2007-08-29,KOSTROMINA Tatyana (1973)/PAVLOVICH Viktoria,CHA Yong Sim/JANG Hyon Ae,4,3,"10,13,11,11,8,7,11|12,11,9,8,11,11,5",R16,GRAND_SLAM,WD,1867,Main Draw,KOSTROMINA Tatyana (1973) (BLR) / PAVLOVICH Viktoria (BLR),CHA Yong Sim (PRK) / JANG Hyon Ae (PRK)
Panasonic China Open Shenzhen 2007,2007-08-29,GUO Yan (1982)/GUO Yue,KOSTROMINA Tatyana (1973)/PAVLOVICH Viktoria,4,0,"11,11,11,11|4,8,2,3",QuarterFinal,GRAND_SLAM,WD,1867,Main Draw,GUO Yan (1982) (CHN) / GUO Yue (CHN),KOSTROMINA Tatyana (1973) (BLR) / PAVLOVICH Viktoria (BLR)
Panasonic China Open Shenzhen 2007,2007-08-29,BARTHEL Zhenqi/BOROS Tamara,PAVLOVICH Veronika/PRIVALOVA Alexandra,3,1,"11,11,5,11|5,7,11,9",QR16,GRAND_SLAM,WD,1867,Qualification,BARTHEL Zhenqi (GER) / BOROS Tamara (CRO),PAVLOVICH Veronika (BLR) / PRIVALOVA Alexandra (BLR)
Panasonic China Open Shenzhen 2007,2007-08-29,PAOVIC Sandra/MOLNAR Cornelia,KARAGODINA Inna/YUEN Sara,3,1,"8,11,11,11|11,7,4,4",QR32,GRAND_SLAM,WD,1867,Qualification,PAOVIC Sandra (CRO) / MOLNAR Cornelia (CRO),KARAGODINA Inna (BLR) / YUEN Sara (CAN)
Panasonic China Open Shenzhen 2007,2007-08-29,LI Xiaoxia/ZHANG Yining,FUJII Hiroko/FUJINUMA Ai,4,1,"11,11,12,5,11|9,9,10,11,6",R16,GRAND_SLAM,WD,1867,Main Draw,LI Xiaoxia (CHN) / ZHANG Yining (CHN),FUJII Hiroko (JPN) / FUJINUMA Ai (JPN)
Panasonic China Open Shenzhen 2007,2007-08-29,GUO Yan (1982)/GUO Yue,LI Xiaoxia/ZHANG Yining,4,2,"12,11,11,4,7,14|10,8,3,11,11,12",SemiFinal,GRAND_SLAM,WD,1867,Main Draw,GUO Yan (1982) (CHN) / GUO Yue (CHN),LI Xiaoxia (CHN) / ZHANG Yining (CHN)
Panasonic China Open Shenzhen 2007,2007-08-29,GUO Yan (1982)/GUO Yue,HIRANO Sayaka/KANAZAWA Saki,4,1,"11,10,11,11,11|6,12,5,4,1",Final,GRAND_SLAM,WD,1867,Main Draw,GUO Yan (1982) (CHN) / GUO Yue (CHN),HIRANO Sayaka (JPN) / KANAZAWA Saki (JPN)
Panasonic China Open Shenzhen 2007,2007-08-29,LI Xiaoxia/ZHANG Yining,AN Chorong/MOON Bosun,3,1,"11,11,5,11|4,2,11,4",QR16,GRAND_SLAM,WD,1867,Qualification,LI Xiaoxia (CHN) / ZHANG Yining (CHN),AN Chorong (KOR) / MOON Bosun (KOR)
Panasonic China Open Shenzhen 2007,2007-08-29,LI Xiaoxia/ZHANG Yining,PAOVIC Sandra/MOLNAR Cornelia,4,1,"11,6,11,11,11|8,11,9,5,8",QuarterFinal,GRAND_SLAM,WD,1867,Main Draw,LI Xiaoxia (CHN) / ZHANG Yining (CHN),PAOVIC Sandra (CRO) / MOLNAR Cornelia (CRO)
Panasonic China Open Shenzhen 2007,2007-08-29,LI Jiawei/SUN Beibei,RAMIREZ Sara/ZHU Fang,4,0,"11,11,11,11|3,8,5,8",R16,GRAND_SLAM,WD,1867,Main Draw,LI Jiawei (SGP) / SUN Beibei (SGP),RAMIREZ Sara (ESP) / ZHU Fang (ESP)
Panasonic China Open Shenzhen 2007,2007-08-29,RAMIREZ Sara/ZHU Fang,PARK Seonghye/PARK Youngsook,3,2,"11,5,9,11,11|4,11,11,9,8",QR32,GRAND_SLAM,WD,1867,Qualification,RAMIREZ Sara (ESP) / ZHU Fang (ESP),PARK Seonghye (KOR) / PARK Youngsook (KOR)
Panasonic China Open Shenzhen 2007,2007-08-29,RAMIREZ Sara/ZHU Fang,FUKUOKA Haruna/TASEI Mikie,3,0,"11,11,11|7,3,6",QR16,GRAND_SLAM,WD,1867,Qualification,RAMIREZ Sara (ESP) / ZHU Fang (ESP),FUKUOKA Haruna (JPN) / TASEI Mikie (JPN)
Panasonic China Open Shenzhen 2007,2007-08-29,HUANG Yi-Hua/LU Yun-Feng,KRAMER Tanja/WU Jiaduo,4,3,"3,11,10,4,11,11,11|11,9,12,11,7,7,8",R16,GRAND_SLAM,WD,1867,Main Draw,HUANG Yi-Hua (TPE) / LU Yun-Feng (TPE),KRAMER Tanja (GER) / WU Jiaduo (GER)
Panasonic China Open Shenzhen 2007,2007-08-29,PAOVIC Sandra/MOLNAR Cornelia,TIE Yana/ZHANG Rui,4,3,"5,6,8,13,12,11,11|11,11,11,11,10,7,8",R16,GRAND_SLAM,WD,1867,Main Draw,PAOVIC Sandra (CRO) / MOLNAR Cornelia (CRO),TIE Yana (HKG) / ZHANG Rui (HKG)
Panasonic China Open Shenzhen 2007,2007-08-29,LAU Sui Fei/LIN Ling,BARTHEL Zhenqi/BOROS Tamara,4,2,"11,8,10,11,11,12|8,11,12,8,4,10",R16,GRAND_SLAM,WD,1867,Main Draw,LAU Sui Fei (HKG) / LIN Ling (HKG),BARTHEL Zhenqi (GER) / BOROS Tamara (CRO)
Panasonic China Open Shenzhen 2007,2007-08-29,HUANG Yi-Hua/LU Yun-Feng,LAU Sui Fei/LIN Ling,4,0,"11,11,11,11|9,6,6,9",QuarterFinal,GRAND_SLAM,WD,1867,Main Draw,HUANG Yi-Hua (TPE) / LU Yun-Feng (TPE),LAU Sui Fei (HKG) / LIN Ling (HKG)
Panasonic China Open Shenzhen 2007,2007-08-29,JIANG Huajun/YU Kwok See,KIM Hye Song/PAK Song Mi,3,1,"8,11,11,11|11,3,7,9",QR32,GRAND_SLAM,WD,1867,Qualification,JIANG Huajun (HKG) / YU Kwok See (HKG),KIM Hye Song (PRK) / PAK Song Mi (PRK)
Panasonic China Open Shenzhen 2007,2007-08-29,JIANG Huajun/YU Kwok See,ETSUZAKI Ayumi/IVANCAN Irene,3,1,"12,5,11,11|10,11,2,6",QR16,GRAND_SLAM,WD,1867,Qualification,JIANG Huajun (HKG) / YU Kwok See (HKG),ETSUZAKI Ayumi (JPN) / IVANCAN Irene (GER)
Panasonic China Open Shenzhen 2007,2007-08-29,PARK Seohee/YU Eomji,LOVAS Petra/PERGEL Szandra,3,1,"11,11,8,11|7,6,11,5",QR32,GRAND_SLAM,WD,1867,Qualification,PARK Seohee (KOR) / YU Eomji (KOR),LOVAS Petra (HUN) / PERGEL Szandra (HUN)
Panasonic China Open Shenzhen 2007,2007-08-29,GUO Yan (1982)/GUO Yue,HIURA Reiko/ISHIKAWA Kasumi,4,0,"11,11,11,11|7,2,4,7",R16,GRAND_SLAM,WD,1867,Main Draw,GUO Yan (1982) (CHN) / GUO Yue (CHN),HIURA Reiko (JPN) / ISHIKAWA Kasumi (JPN)
Panasonic China Open Shenzhen 2007,2007-08-29,HIRANO Sayaka/KANAZAWA Saki,JIANG Huajun/YU Kwok See,4,2,"11,11,7,11,10,11|9,5,11,7,12,5",R16,GRAND_SLAM,WD,1867,Main Draw,HIRANO Sayaka (JPN) / KANAZAWA Saki (JPN),JIANG Huajun (HKG) / YU Kwok See (HKG)
Panasonic China Open Shenzhen 2007,2007-08-29,HIRANO Sayaka/KANAZAWA Saki,LI Jiawei/SUN Beibei,4,2,"7,9,12,11,11,12|11,11,10,9,3,10",QuarterFinal,GRAND_SLAM,WD,1867,Main Draw,HIRANO Sayaka (JPN) / KANAZAWA Saki (JPN),LI Jiawei (SGP) / SUN Beibei (SGP)
Panasonic China Open Shenzhen 2007,2007-08-29,HIURA Reiko/ISHIKAWA Kasumi,JEON Hyekyung/KIM Sooyeon,3,2,"11,8,10,15,12|5,11,12,13,10",QR16,GRAND_SLAM,WD,1867,Qualification,HIURA Reiko (JPN) / ISHIKAWA Kasumi (JPN),JEON Hyekyung (KOR) / KIM Sooyeon (KOR)
Panasonic China Open Shenzhen 2007,2007-08-29,BARTHEL Zhenqi/BOROS Tamara,KIM Sujin/LEE Hyangmi,3,2,"5,11,11,10,11|11,9,9,12,3",QR32,GRAND_SLAM,WD,1867,Qualification,BARTHEL Zhenqi (GER) / BOROS Tamara (CRO),KIM Sujin (KOR) / LEE Hyangmi (KOR)
Panasonic China Open Shenzhen 2007,2007-08-29,JEON Hyekyung/KIM Sooyeon,KERTAI Rita/LI Bin,3,2,"7,16,10,11,11|11,14,12,8,4",QR32,GRAND_SLAM,WD,1867,Qualification,JEON Hyekyung (KOR) / KIM Sooyeon (KOR),KERTAI Rita (HUN) / LI Bin (HUN)
Panasonic China Open Shenzhen 2007,2007-08-29,CHA Yong Sim/JANG Hyon Ae,KIM Hyehyun/KO Somi,3,2,"11,12,9,8,11|9,10,11,11,7",QR32,GRAND_SLAM,WD,1867,Qualification,CHA Yong Sim (PRK) / JANG Hyon Ae (PRK),KIM Hyehyun (KOR) / KO Somi (KOR)
Panasonic China Open Shenzhen 2007,2007-08-29,PAOVIC Sandra/MOLNAR Cornelia,PARK Seohee/YU Eomji,3,0,"11,11,11|3,5,8",QR16,GRAND_SLAM,WD,1867,Qualification,PAOVIC Sandra (CRO) / MOLNAR Cornelia (CRO),PARK Seohee (KOR) / YU Eomji (KOR)
Panasonic China Open Shenzhen 2007,2007-08-29,AN Chorong/MOON Bosun,JON Chung Gyong/SIN Hye Song,3,1,"9,11,11,11|11,5,3,2",QR32,GRAND_SLAM,WD,1867,Qualification,AN Chorong (KOR) / MOON Bosun (KOR),JON Chung Gyong (PRK) / SIN Hye Song (PRK)
Panasonic China Open Shenzhen 2007,2007-08-29,CHA Yong Sim/JANG Hyon Ae,FENG Tianwei/WANG Yuegu,3,1,"11,11,8,11|8,6,11,3",QR16,GRAND_SLAM,WD,1867,Qualification,CHA Yong Sim (PRK) / JANG Hyon Ae (PRK),FENG Tianwei (SGP) / WANG Yuegu (SGP)
Panasonic China Open Shenzhen 2007,2007-08-29,HIRANO Sayaka/KANAZAWA Saki,HUANG Yi-Hua/LU Yun-Feng,4,1,"11,11,11,6,12|4,6,7,11,10",SemiFinal,GRAND_SLAM,WD,1867,Main Draw,HIRANO Sayaka (JPN) / KANAZAWA Saki (JPN),HUANG Yi-Hua (TPE) / LU Yun-Feng (TPE)
Panasonic China Open Shenzhen 2007,2007-08-29,LEE I-Chen/PAN Chun-Chu,KONISHI An/MORIZONO Misaki,3,1,"9,11,11,11|11,7,9,6",QR32,GRAND_SLAM,WD,1867,Qualification,LEE I-Chen (TPE) / PAN Chun-Chu (TPE),KONISHI An (JPN) / MORIZONO Misaki (JPN)
Panasonic China Open Shenzhen 2007,2007-08-29,ETSUZAKI Ayumi/IVANCAN Irene,CHENG I-Ching/HSIUNG Nai-I,3,1,"11,11,11,11|13,8,9,8",QR32,GRAND_SLAM,WD,1867,Qualification,ETSUZAKI Ayumi (JPN) / IVANCAN Irene (GER),CHENG I-Ching (TPE) / HSIUNG Nai-I (TPE)
Panasonic China Open Shenzhen 2007,2007-08-29,KRAMER Tanja/WU Jiaduo,LEE I-Chen/PAN Chun-Chu,3,0,"11,12,11|6,10,5",QR16,GRAND_SLAM,WD,1867,Qualification,KRAMER Tanja (GER) / WU Jiaduo (GER),LEE I-Chen (TPE) / PAN Chun-Chu (TPE)
Panasonic China Open Shenzhen 2007,2007-08-29,Kishikawa Seiya,SHEN Qiang,4,2,"9,9,11,11,11,12|11,11,3,8,8,10",,GRAND_SLAM,MS,1867,Qualification,KISHIKAWA Seiya (JPN),SHEN Qiang (CAN)
Panasonic China Open Shenzhen 2007,2007-08-29,Kishikawa Seiya,SUN Wen-Wei,4,0,"11,11,11,11|3,6,9,4",QR2,GRAND_SLAM,MS,1867,Qualification,KISHIKAWA Seiya (JPN),SUN Wen-Wei (TPE)
Panasonic China Open Shenzhen 2007,2007-08-29,Taku Takakiwa,BALTRUSHKA Dzmitry,4,0,"11,11,11,11|6,9,2,4",,GRAND_SLAM,MS,1867,Qualification,TAKAKIWA Taku (JPN),BALTRUSHKA Dzmitry (BLR)
Panasonic China Open Shenzhen 2007,2007-08-29,Taku Takakiwa,TSE Ka Chun,4,1,"15,11,6,14,11|13,7,11,12,6",QR2,GRAND_SLAM,MS,1867,Qualification,TAKAKIWA Taku (JPN),TSE Ka Chun (HKG)
Panasonic China Open Shenzhen 2007,2007-08-29,Daniel Górak,BARBOLIN Illia,4,0,"11,11,14,11|9,4,12,7",,GRAND_SLAM,MS,1867,Qualification,GORAK Daniel (POL),BARBOLIN Illia (BLR)
Panasonic China Open Shenzhen 2007,2007-08-29,Daniel Górak,ZOMBORI David,4,2,"7,16,11,11,11,11|11,18,5,8,5,6",QR2,GRAND_SLAM,MS,1867,Qualification,GORAK Daniel (POL),ZOMBORI David (HUN)
Panasonic China Open Shenzhen 2007,2007-08-29,Pär Gerell,YANG Ling Kun,4,0,"11,11,11,11|6,3,3,6",,GRAND_SLAM,MS,1867,Qualification,GERELL Par (SWE),YANG Ling Kun (CAN)
Panasonic China Open Shenzhen 2007,2007-08-29,Pär Gerell,SEO Myoungduck,4,0,"11,11,11,11|7,8,8,9",QR2,GRAND_SLAM,MS,1867,Qualification,GERELL Par (SWE),SEO Myoungduck (KOR)
Panasonic China Open Shenzhen 2007,2007-08-29,LEE Jinkwon,Andre Ho,4,1,"9,11,11,11,11|11,3,7,7,5",,GRAND_SLAM,MS,1867,Qualification,LEE Jinkwon (KOR),HO Andre (CAN)
Panasonic China Open Shenzhen 2007,2007-08-29,CHEN Chien-An,Andre Ho,4,0,"11,11,11,11|5,4,8,9",3,GRAND_SLAM,MS,1867,Qualification,CHEN Chien-An (TPE),HO Andre (CAN)
Panasonic China Open Shenzhen 2007,2007-08-29,Robert Svensson,KIM Nam Chol,4,2,"11,8,12,13,11,11|6,11,10,11,13,8",,GRAND_SLAM,MS,1867,Qualification,SVENSSON Robert (SWE),KIM Nam Chol (PRK)
Panasonic China Open Shenzhen 2007,2007-08-29,Robert Svensson,MATTENET Adrien,4,3,"11,10,11,11,11,8,11|7,12,9,13,8,11,8",QR2,GRAND_SLAM,MS,1867,Qualification,SVENSSON Robert (SWE),MATTENET Adrien (FRA)
Panasonic China Open Shenzhen 2007,2007-08-29,János Jakab,KANG Donghoon,4,1,"11,11,7,11,11|5,6,11,6,7",,GRAND_SLAM,MS,1867,Qualification,JAKAB Janos (HUN),KANG Donghoon (KOR)
Panasonic China Open Shenzhen 2007,2007-08-29,János Jakab,NEKHVEDOVICH Vitaly,4,1,"11,11,11,8,11|8,8,8,11,9",QR2,GRAND_SLAM,MS,1867,Qualification,JAKAB Janos (HUN),NEKHVEDOVICH Vitaly (BLR)
Panasonic China Open Shenzhen 2007,2007-08-29,Carlos Machado,GUO Yi Teng,4,0,"11,11,11,11|5,3,5,5",,GRAND_SLAM,MS,1867,Qualification,MACHADO Carlos (ESP),GUO Yi Teng (SGP)
Panasonic China Open Shenzhen 2007,2007-08-29,Carlos Machado,OYA Hidetoshi,4,2,"10,11,4,11,11,11|12,6,11,6,4,4",QR2,GRAND_SLAM,MS,1867,Qualification,MACHADO Carlos (ESP),OYA Hidetoshi (JPN)
Panasonic China Open Shenzhen 2007,2007-08-29,Kenta Matsudaira,YOO Changjae,4,0,"11,11,11,11|5,9,8,7",,GRAND_SLAM,MS,1867,Qualification,MATSUDAIRA Kenta (JPN),YOO Changjae (KOR)
Panasonic China Open Shenzhen 2007,2007-08-29,Kenta Matsudaira,Grigory Vlasov,4,0,"11,11,11,11|5,5,8,5",QR2,GRAND_SLAM,MS,1867,Qualification,MATSUDAIRA Kenta (JPN),VLASOV Grigory (RUS)
Panasonic China Open Shenzhen 2007,2007-08-29,YOO Changjae,Grigory Vlasov,4,1,"11,2,11,11,11|4,11,7,6,8",3,GRAND_SLAM,MS,1867,Qualification,YOO Changjae (KOR),VLASOV Grigory (RUS)
Panasonic China Open Shenzhen 2007,2007-08-29,Patrick Baum,LEE Jungjae,4,0,"11,11,11,18|5,5,9,16",,GRAND_SLAM,MS,1867,Qualification,BAUM Patrick (GER),LEE Jungjae (KOR)
Panasonic China Open Shenzhen 2007,2007-08-29,HUANG Sheng-Sheng,Patrick Baum,4,1,"11,8,11,11,11|1,11,8,4,5",QR2,GRAND_SLAM,MS,1867,Qualification,HUANG Sheng-Sheng (TPE),BAUM Patrick (GER)
Panasonic China Open Shenzhen 2007,2007-08-29,JU Se Il,Dániel Zwickl,4,2,"11,7,11,11,11,11|9,11,5,8,13,8",,GRAND_SLAM,MS,1867,Qualification,JU Se Il (PRK),ZWICKL Daniel (HUN)
Panasonic China Open Shenzhen 2007,2007-08-29,KO Junhyung,Dániel Zwickl,4,1,"12,7,11,11,12|10,11,7,4,10",QR2,GRAND_SLAM,MS,1867,Qualification,KO Junhyung (KOR),ZWICKL Daniel (HUN)
Panasonic China Open Shenzhen 2007,2007-08-29,KIM Taehoon,Yannick Vostes,4,3,"11,8,10,11,6,13,11|8,11,12,9,11,11,5",QR2,GRAND_SLAM,MS,1867,Qualification,KIM Taehoon (KOR),VOSTES Yannick (BEL)
Panasonic China Open Shenzhen 2007,2007-08-29,CHOE Hyok Chol,Yannick Vostes,4,0,"11,11,11,11|5,8,7,6",3,GRAND_SLAM,MS,1867,Qualification,CHOE Hyok Chol (PRK),VOSTES Yannick (BEL)
Panasonic China Open Shenzhen 2007,2007-08-29,AXELQVIST Johan,Marc Duran,4,1,"11,11,11,6,11|9,9,7,11,3",QR2,GRAND_SLAM,MS,1867,Qualification,AXELQVIST Johan (SWE),DURAN Marc (ESP)
Panasonic China Open Shenzhen 2007,2007-08-29,SEO Younggyun,Marc Duran,4,3,"8,14,11,11,11,8,12|11,12,13,6,8,11,10",3,GRAND_SLAM,MS,1867,Qualification,SEO Younggyun (KOR),DURAN Marc (ESP)
Panasonic China Open Shenzhen 2007,2007-08-29,Antonín Gavlas,LIU Tony,4,0,"11,11,11,11|7,5,4,5",,GRAND_SLAM,MS,1867,Qualification,GAVLAS Antonin (CZE),LIU Tony (CAN)
Panasonic China Open Shenzhen 2007,2007-08-29,Antonín Gavlas,GRIGOREV Artur,4,0,,3,GRAND_SLAM,MS,1867,Qualification,GAVLAS Antonin (CZE),GRIGOREV Artur (RUS)
Panasonic China Open Shenzhen 2007,2007-08-29,Antonín Gavlas,RIOS Alejandro,4,0,"11,11,11,11|2,4,1,3",5,GRAND_SLAM,MS,1867,Qualification,GAVLAS Antonin (CZE),RIOS Alejandro (MEX)
Panasonic China Open Shenzhen 2007,2007-08-29,LINDSAY Kenneth,Andre Ho,3,0,"11,11,13|6,9,11",,GRAND_SLAM,U21MS,1867,Qualification,LINDSAY Kenneth (SCO),HO Andre (CAN)
Panasonic China Open Shenzhen 2007,2007-08-29,HUANG Sheng-Sheng,Andre Ho,3,0,"11,11,11|6,8,5",QR2,GRAND_SLAM,U21MS,1867,Qualification,HUANG Sheng-Sheng (TPE),HO Andre (CAN)
Panasonic China Open Shenzhen 2007,2007-08-29,Ma Lin,MATTENET Adrien,4,0,"11,11,12,13|8,6,10,11",R64,GRAND_SLAM,MS,1867,Main Draw,MA Lin (CHN),MATTENET Adrien (FRA)
Panasonic China Open Shenzhen 2007,2007-08-29,Kaii Yoshida,HUANG Sheng-Sheng,4,0,"12,11,11,12|10,4,2,10",R64,GRAND_SLAM,MS,1867,Main Draw,YOSHIDA Kaii (JPN),HUANG Sheng-Sheng (TPE)
Panasonic China Open Shenzhen 2007,2007-08-29,JIANG TianYi,CHEN Chien-An,4,3,"11,9,9,11,4,11,11|8,11,11,8,11,7,9",R64,GRAND_SLAM,MS,1867,Main Draw,JIANG Tianyi (HKG),CHEN Chien-An (TPE)
Panasonic China Open Shenzhen 2007,2007-08-29,Kishikawa Seiya,CANTERO Jesus,4,1,"11,11,11,9,11|9,9,5,11,5",R64,GRAND_SLAM,MS,1867,Main Draw,KISHIKAWA Seiya (JPN),CANTERO Jesus (ESP)
Panasonic China Open Shenzhen 2007,2007-08-29,Dimitrij Ovtcharov,HAN Jimin,4,1,"8,11,11,11,14|11,6,4,6,12",R64,GRAND_SLAM,MS,1867,Main Draw,OVTCHAROV Dimitrij (GER),HAN Jimin (KOR)
Panasonic China Open Shenzhen 2007,2007-08-29,Yang Zi,KIM Taehoon,4,1,"11,11,11,13,11|8,2,4,15,6",R64,GRAND_SLAM,MS,1867,Main Draw,YANG Zi (SGP),KIM Taehoon (KOR)
Panasonic China Open Shenzhen 2007,2007-08-29,Chen Qi,YOO Changjae,4,0,"12,11,11,11|10,1,8,3",R64,GRAND_SLAM,MS,1867,Main Draw,CHEN Qi (CHN),YOO Changjae (KOR)
Panasonic China Open Shenzhen 2007,2007-08-29,ZHANG Yu,Robert Svensson,4,2,"11,7,9,11,11,11|7,11,11,7,6,6",R64,GRAND_SLAM,MS,1867,Main Draw,CHEUNG Yuk (HKG),SVENSSON Robert (SWE)
Panasonic China Open Shenzhen 2007,2007-08-29,Michael Maze,Antonín Gavlas,4,2,"12,11,9,11,5,12|10,0,11,7,11,10",R64,GRAND_SLAM,MS,1867,Main Draw,MAZE Michael (DEN),GAVLAS Antonin (CZE)
Panasonic China Open Shenzhen 2007,2007-08-29,Jörgen Persson,ZOMBORI David,4,1,"11,11,13,7,11|5,5,11,11,7",R64,GRAND_SLAM,MS,1867,Main Draw,PERSSON Jorgen (SWE),ZOMBORI David (HUN)
Panasonic China Open Shenzhen 2007,2007-08-29,János Jakab,Zoltán Fejer-Konnerth,4,3,"13,11,7,11,5,5,13|11,9,11,8,11,11,11",R64,GRAND_SLAM,MS,1867,Main Draw,JAKAB Janos (HUN),FEJER-KONNERTH Zoltan (GER)
Panasonic China Open Shenzhen 2007,2007-08-29,Wang Hao,Patrick Baum,4,1,"11,11,11,12,11|6,9,6,14,3",R64,GRAND_SLAM,MS,1867,Main Draw,WANG Hao (CHN),BAUM Patrick (GER)
Panasonic China Open Shenzhen 2007,2007-08-29,Jens Lundqvist,KO Junhyung,4,1,"5,11,11,11,13|11,2,4,9,11",R64,GRAND_SLAM,MS,1867,Main Draw,LUNDQVIST Jens (SWE),KO Junhyung (KOR)
Panasonic China Open Shenzhen 2007,2007-08-29,Ko Lai Chak,AXELQVIST Johan,4,2,"11,9,11,11,2,11|5,11,7,4,11,5",R64,GRAND_SLAM,MS,1867,Main Draw,KO Lai Chak (HKG),AXELQVIST Johan (SWE)
Panasonic China Open Shenzhen 2007,2007-08-29,Tang Peng,Pär Gerell,4,1,"11,21,6,11,11|7,19,11,8,5",R64,GRAND_SLAM,MS,1867,Main Draw,TANG Peng (HKG),GERELL Par (SWE)
Panasonic China Open Shenzhen 2007,2007-08-29,TOKIC Bojan,Kenta Matsudaira,4,3,"11,14,8,11,9,11,11|4,12,11,8,11,13,9",R64,GRAND_SLAM,MS,1867,Main Draw,TOKIC Bojan (SLO),MATSUDAIRA Kenta (JPN)
Panasonic China Open Shenzhen 2007,2007-08-29,Ma Long,OYA Hidetoshi,4,0,"11,11,11,11|3,8,9,5",R64,GRAND_SLAM,MS,1867,Main Draw,MA Long (CHN),OYA Hidetoshi (JPN)
Panasonic China Open Shenzhen 2007,2007-08-29,CY Leung,Daniel Górak,4,3,"11,8,10,11,11,8,12|8,11,12,9,7,11,10",R64,GRAND_SLAM,MS,1867,Main Draw,LEUNG Chu Yan (HKG),GORAK Daniel (POL)
Panasonic China Open Shenzhen 2007,2007-08-29,Petr Korbel,SEO Younggyun,4,3,"6,6,5,11,11,11,13|11,11,11,7,8,6,11",R64,GRAND_SLAM,MS,1867,Main Draw,KORBEL Petr (CZE),SEO Younggyun (KOR)
Panasonic China Open Shenzhen 2007,2007-08-29,Taku Takakiwa,Bastian Steger,4,1,"5,11,11,11,11|11,2,8,6,5",R64,GRAND_SLAM,MS,1867,Main Draw,TAKAKIWA Taku (JPN),STEGER Bastian (GER)
Panasonic China Open Shenzhen 2007,2007-08-29,Carlos Machado,ROSSKOPF Jorg,4,2,"11,8,11,11,11,11|5,11,6,9,13,8",R64,GRAND_SLAM,MS,1867,Main Draw,MACHADO Carlos (ESP),ROSSKOPF Jorg (GER)
Panasonic China Open Shenzhen 2007,2007-08-29,Wang Liqin,JU Se Il,4,0,"11,11,11,11|7,4,2,9",R64,GRAND_SLAM,MS,1867,Main Draw,WANG Liqin (CHN),JU Se Il (PRK)
Panasonic China Open Shenzhen 2007,2007-08-29,Ma Lin,Kaii Yoshida,4,3,"11,11,6,6,4,11,11|8,8,11,11,11,9,5",R32,GRAND_SLAM,MS,1867,Main Draw,MA Lin (CHN),YOSHIDA Kaii (JPN)
Panasonic China Open Shenzhen 2007,2007-08-29,JIANG TianYi,Kishikawa Seiya,4,1,"11,11,7,11,11|8,6,11,8,9",R32,GRAND_SLAM,MS,1867,Main Draw,JIANG Tianyi (HKG),KISHIKAWA Seiya (JPN)
Panasonic China Open Shenzhen 2007,2007-08-29,Dimitrij Ovtcharov,Yang Zi,4,1,"9,11,11,11,11|11,3,7,6,9",R32,GRAND_SLAM,MS,1867,Main Draw,OVTCHAROV Dimitrij (GER),YANG Zi (SGP)
Panasonic China Open Shenzhen 2007,2007-08-29,Chen Qi,SUSS Christian,4,2,"11,11,8,11,6,16|7,6,11,9,11,14",R32,GRAND_SLAM,MS,1867,Main Draw,CHEN Qi (CHN),SUSS Christian (GER)
Panasonic China Open Shenzhen 2007,2007-08-29,ZHANG Yu,Michael Maze,4,0,"13,11,13,11|11,4,11,9",R32,GRAND_SLAM,MS,1867,Main Draw,CHEUNG Yuk (HKG),MAZE Michael (DEN)
Panasonic China Open Shenzhen 2007,2007-08-29,SAIVE Jean-Michel,Jörgen Persson,4,3,"8,9,11,11,11,9,11|11,11,7,6,8,11,7",R32,GRAND_SLAM,MS,1867,Main Draw,SAIVE Jean-Michel (BEL),PERSSON Jorgen (SWE)
Panasonic China Open Shenzhen 2007,2007-08-29,Wang Hao,János Jakab,4,1,"12,4,11,14,11|10,11,6,12,4",R32,GRAND_SLAM,MS,1867,Main Draw,WANG Hao (CHN),JAKAB Janos (HUN)
Panasonic China Open Shenzhen 2007,2007-08-29,Jens Lundqvist,BOLL Timo,4,0,,R32,GRAND_SLAM,MS,1867,Main Draw,LUNDQVIST Jens (SWE),BOLL Timo (GER)
Panasonic China Open Shenzhen 2007,2007-08-29,Tang Peng,Ko Lai Chak,4,0,"11,11,12,11|9,3,10,4",R32,GRAND_SLAM,MS,1867,Main Draw,TANG Peng (HKG),KO Lai Chak (HKG)
Panasonic China Open Shenzhen 2007,2007-08-29,Ma Long,CY Leung,4,0,"11,11,11,11|5,8,2,4",R32,GRAND_SLAM,MS,1867,Main Draw,MA Long (CHN),LEUNG Chu Yan (HKG)
Panasonic China Open Shenzhen 2007,2007-08-29,Petr Korbel,Taku Takakiwa,4,2,"11,6,11,9,11,11|5,11,7,11,3,4",R32,GRAND_SLAM,MS,1867,Main Draw,KORBEL Petr (CZE),TAKAKIWA Taku (JPN)
Panasonic China Open Shenzhen 2007,2007-08-29,Wang Liqin,Carlos Machado,4,1,"8,11,11,11,11|11,9,3,7,4",R32,GRAND_SLAM,MS,1867,Main Draw,WANG Liqin (CHN),MACHADO Carlos (ESP)
Panasonic China Open Shenzhen 2007,2007-08-29,Ma Lin,JIANG TianYi,4,1,"11,11,8,11,11|9,4,11,3,5",R16,GRAND_SLAM,MS,1867,Main Draw,MA Lin (CHN),JIANG Tianyi (HKG)
Panasonic China Open Shenzhen 2007,2007-08-29,Dimitrij Ovtcharov,TUGWELL Finn,4,1,"7,11,11,11,11|11,6,8,8,4",R16,GRAND_SLAM,MS,1867,Main Draw,OVTCHAROV Dimitrij (GER),TUGWELL Finn (DEN)
Panasonic China Open Shenzhen 2007,2007-08-29,Chen Qi,ZHANG Yu,4,0,"11,11,12,12|6,5,10,10",R16,GRAND_SLAM,MS,1867,Main Draw,CHEN Qi (CHN),CHEUNG Yuk (HKG)
Panasonic China Open Shenzhen 2007,2007-08-29,Wang Hao,SAIVE Jean-Michel,4,2,"11,11,11,10,11,11|9,6,9,12,13,5",R16,GRAND_SLAM,MS,1867,Main Draw,WANG Hao (CHN),SAIVE Jean-Michel (BEL)
Panasonic China Open Shenzhen 2007,2007-08-29,GAO Ning,Jens Lundqvist,4,1,"12,11,10,11,11|10,8,12,7,9",R16,GRAND_SLAM,MS,1867,Main Draw,GAO Ning (SGP),LUNDQVIST Jens (SWE)
Panasonic China Open Shenzhen 2007,2007-08-29,Tang Peng,LI Ching,4,2,"11,8,11,12,4,12|5,11,9,10,11,10",R16,GRAND_SLAM,MS,1867,Main Draw,TANG Peng (HKG),LI Ching (HKG)
Panasonic China Open Shenzhen 2007,2007-08-29,Ma Long,CHUANG Chih-Yuan,4,0,"15,11,11,11|13,9,5,7",R16,GRAND_SLAM,MS,1867,Main Draw,MA Long (CHN),CHUANG Chih-Yuan (TPE)
Panasonic China Open Shenzhen 2007,2007-08-29,Wang Liqin,Petr Korbel,4,2,"11,11,11,12,6,12|2,3,6,14,11,10",R16,GRAND_SLAM,MS,1867,Main Draw,WANG Liqin (CHN),KORBEL Petr (CZE)
Panasonic China Open Shenzhen 2007,2007-08-29,Ma Lin,Dimitrij Ovtcharov,4,1,"11,11,11,11,11|3,13,2,7,5",QuarterFinal,GRAND_SLAM,MS,1867,Main Draw,MA Lin (CHN),OVTCHAROV Dimitrij (GER)
Panasonic China Open Shenzhen 2007,2007-08-29,Wang Hao,Chen Qi,4,0,"11,11,11,11|7,8,5,9",QuarterFinal,GRAND_SLAM,MS,1867,Main Draw,WANG Hao (CHN),CHEN Qi (CHN)
Panasonic China Open Shenzhen 2007,2007-08-29,GAO Ning,Tang Peng,4,2,"7,9,11,11,11,11|11,11,9,6,6,3",QuarterFinal,GRAND_SLAM,MS,1867,Main Draw,GAO Ning (SGP),TANG Peng (HKG)
Panasonic China Open Shenzhen 2007,2007-08-29,Wang Liqin,Ma Long,4,0,"11,11,12,11|8,8,10,6",QuarterFinal,GRAND_SLAM,MS,1867,Main Draw,WANG Liqin (CHN),MA Long (CHN)
Panasonic China Open Shenzhen 2007,2007-08-29,Wang Hao,Ma Lin,4,2,"11,9,11,6,11,11|9,11,4,11,8,9",SemiFinal,GRAND_SLAM,MS,1867,Main Draw,WANG Hao (CHN),MA Lin (CHN)
Panasonic China Open Shenzhen 2007,2007-08-29,Wang Liqin,GAO Ning,4,1,"11,11,10,11,11|9,5,12,7,8",SemiFinal,GRAND_SLAM,MS,1867,Main Draw,WANG Liqin (CHN),GAO Ning (SGP)
Panasonic China Open Shenzhen 2007,2007-08-29,Wang Hao,Wang Liqin,4,2,"14,13,11,9,11,11|12,15,9,11,4,6",Final,GRAND_SLAM,MS,1867,Main Draw,WANG Hao (CHN),WANG Liqin (CHN)
Panasonic China Open Shenzhen 2007,2007-08-29,LEE Jinkwon,Patrick Baum,4,2,"1,15,11,11,4,11|11,13,9,5,11,3",QR32,GRAND_SLAM,MS,1867,Qualification,LEE Jinkwon (KOR),BAUM Patrick (GER)
Panasonic China Open Shenzhen 2007,2007-08-29,Marc Duran,ZOMBORI David,4,3,"9,11,11,11,10,12,11|11,13,9,6,12,10,8",R16,GRAND_SLAM,U21MS,1867,Main Draw,DURAN Marc (ESP),ZOMBORI David (HUN)
Panasonic China Open Shenzhen 2007,2007-08-29,Kenta Matsudaira,CHEN Chien-An,4,0,"11,11,12,11|5,4,10,9",R16,GRAND_SLAM,U21MS,1867,Main Draw,MATSUDAIRA Kenta (JPN),CHEN Chien-An (TPE)
Panasonic China Open Shenzhen 2007,2007-08-29,HAN Jimin,János Jakab,4,3,"11,11,11,7,8,4,11|4,6,6,11,11,11,7",R16,GRAND_SLAM,U21MS,1867,Main Draw,HAN Jimin (KOR),JAKAB Janos (HUN)
Panasonic China Open Shenzhen 2007,2007-08-29,OYA Hidetoshi,Marc Duran,4,3,"11,2,11,4,11,9,11|9,11,6,11,9,11,6",QuarterFinal,GRAND_SLAM,U21MS,1867,Main Draw,OYA Hidetoshi (JPN),DURAN Marc (ESP)
Panasonic China Open Shenzhen 2007,2007-08-29,Kenta Matsudaira,KIM Nam Chol,4,0,"11,11,12,11|9,9,10,9",QuarterFinal,GRAND_SLAM,U21MS,1867,Main Draw,MATSUDAIRA Kenta (JPN),KIM Nam Chol (PRK)
Panasonic China Open Shenzhen 2007,2007-08-29,Kenta Matsudaira,BOBOCICA Mihai,4,1,"5,11,11,11,11|11,4,7,8,8",SemiFinal,GRAND_SLAM,U21MS,1867,Main Draw,MATSUDAIRA Kenta (JPN),BOBOCICA Mihai (ITA)
Panasonic China Open Shenzhen 2007,2007-08-29,Kenta Matsudaira,LEBESSON Emmanuel,4,1,"11,12,11,6,11|6,10,8,11,5",Final,GRAND_SLAM,U21MS,1867,Main Draw,MATSUDAIRA Kenta (JPN),LEBESSON Emmanuel (FRA)
Panasonic China Open Shenzhen 2007,2007-08-29,Zhu Fang,AN Chorong,4,1,"9,11,11,11,11|11,3,6,7,8",,GRAND_SLAM,WS,1867,Qualification,ZHU Fang (ESP),AN Chorong (KOR)
Panasonic China Open Shenzhen 2007,2007-08-29,Zhu Fang,HSIUNG Nai-I,4,2,"11,11,11,9,8,11|9,6,6,11,11,6",QR2,GRAND_SLAM,WS,1867,Qualification,ZHU Fang (ESP),HSIUNG Nai-I (TPE)
Panasonic China Open Shenzhen 2007,2007-08-29,Mie Skov,PAVLOVICH Veronika,4,3,"6,11,11,11,8,9,11|11,5,9,8,11,11,9",QR2,GRAND_SLAM,WS,1867,Qualification,SKOV Mie (DEN),PAVLOVICH Veronika (BLR)
Panasonic China Open Shenzhen 2007,2007-08-29,YUEN Sara,Mie Skov,4,3,"6,9,5,13,11,11,18|11,11,11,11,7,7,16",3,GRAND_SLAM,WS,1867,Qualification,YUEN Sara (CAN),SKOV Mie (DEN)
Panasonic China Open Shenzhen 2007,2007-08-29,Huang Yi-Hua,KIM Hyehyun,4,0,"11,11,11,11|5,8,9,9",,GRAND_SLAM,WS,1867,Qualification,HUANG Yi-Hua (TPE),KIM Hyehyun (KOR)
Panasonic China Open Shenzhen 2007,2007-08-29,Huang Yi-Hua,KERTAI Rita,4,0,"11,11,11,12|7,7,8,10",QR2,GRAND_SLAM,WS,1867,Qualification,HUANG Yi-Hua (TPE),KERTAI Rita (HUN)
Panasonic China Open Shenzhen 2007,2007-08-29,Lu Yun-Feng,MORIZONO Misaki,4,2,"11,12,8,11,12,11|4,10,11,8,14,6",,GRAND_SLAM,WS,1867,Qualification,LU Yun-Feng (TPE),MORIZONO Misaki (JPN)
Panasonic China Open Shenzhen 2007,2007-08-29,MOON Bosun,Lu Yun-Feng,4,2,"11,11,11,8,8,11|9,6,6,11,11,4",QR2,GRAND_SLAM,WS,1867,Qualification,MOON Bosun (KOR),LU Yun-Feng (TPE)
Panasonic China Open Shenzhen 2007,2007-08-29,KIM Hye Song,Sara Ramírez,4,1,"11,4,11,11,11|7,11,8,5,9",,GRAND_SLAM,WS,1867,Qualification,KIM Hye Song (PRK),RAMIREZ Sara (ESP)
Panasonic China Open Shenzhen 2007,2007-08-29,Sara Ramírez,PARK Seonghye,4,2,"11,9,12,11,9,11|8,11,10,9,11,9",QR2,GRAND_SLAM,WS,1867,Qualification,RAMIREZ Sara (ESP),PARK Seonghye (KOR)
Panasonic China Open Shenzhen 2007,2007-08-29,Zhenqi Barthel,Alexandra Privalova,4,0,"11,11,11,11|8,6,6,8",,GRAND_SLAM,WS,1867,Qualification,BARTHEL Zhenqi (GER),PRIVALOVA Alexandra (BLR)
Panasonic China Open Shenzhen 2007,2007-08-29,Zhenqi Barthel,PARK Youngsook,4,2,"11,13,11,6,11,11|9,15,6,11,7,8",QR2,GRAND_SLAM,WS,1867,Qualification,BARTHEL Zhenqi (GER),PARK Youngsook (KOR)
Panasonic China Open Shenzhen 2007,2007-08-29,PARK Youngsook,Alexandra Privalova,4,2,"11,12,9,11,9,11|8,10,11,3,11,8",3,GRAND_SLAM,WS,1867,Qualification,PARK Youngsook (KOR),PRIVALOVA Alexandra (BLR)
Panasonic China Open Shenzhen 2007,2007-08-29,KO Somi,Szandra Pergel,4,2,"11,11,8,11,2,13|8,7,11,4,11,11",QR2,GRAND_SLAM,WS,1867,Qualification,KO Somi (KOR),PERGEL Szandra (HUN)
Panasonic China Open Shenzhen 2007,2007-08-29,JON Chung Gyong,Szandra Pergel,4,2,"11,9,9,11,11,20|9,11,11,4,8,18",3,GRAND_SLAM,WS,1867,Qualification,JON Chung Gyong (PRK),PERGEL Szandra (HUN)
Panasonic China Open Shenzhen 2007,2007-08-29,PAK Song Mi,Irene Ivancan,4,3,"4,11,8,11,16,7,17|11,8,11,3,14,11,15",,GRAND_SLAM,WS,1867,Qualification,PAK Song Mi (PRK),IVANCAN Irene (GER)
Panasonic China Open Shenzhen 2007,2007-08-29,KIM Su Jin,Irene Ivancan,4,3,"11,8,8,3,11,11,11|7,11,11,11,8,6,7",QR2,GRAND_SLAM,WS,1867,Qualification,KIM Sujin (KOR),IVANCAN Irene (GER)
Panasonic China Open Shenzhen 2007,2007-08-29,PAK Song Mi,KIM Su Jin,4,1,"12,5,13,11,11|10,11,11,7,5",3,GRAND_SLAM,WS,1867,Qualification,PAK Song Mi (PRK),KIM Sujin (KOR)
Panasonic China Open Shenzhen 2007,2007-08-29,Yu Kwok See,YU Eomji,4,1,"7,11,11,11,11|11,9,7,8,8",,GRAND_SLAM,WS,1867,Qualification,YU Kwok See (HKG),YU Eomji (KOR)
Panasonic China Open Shenzhen 2007,2007-08-29,Yu Kwok See,LEE I-Chen,4,2,"12,5,8,11,11,11|10,11,11,8,7,5",QR2,GRAND_SLAM,WS,1867,Qualification,YU Kwok See (HKG),LEE I-Chen (TPE)
Panasonic China Open Shenzhen 2007,2007-08-29,Kasumi Ishikawa,KARAGODINA Inna,4,1,"11,9,11,11,11|7,11,4,6,9",QR2,GRAND_SLAM,WS,1867,Qualification,ISHIKAWA Kasumi (JPN),KARAGODINA Inna (BLR)
Panasonic China Open Shenzhen 2007,2007-08-29,LEE Hyangmi,Kasumi Ishikawa,4,1,"10,12,11,11,11|12,10,8,6,7",3,GRAND_SLAM,WS,1867,Qualification,LEE Hyangmi (KOR),ISHIKAWA Kasumi (JPN)
Panasonic China Open Shenzhen 2007,2007-08-29,CHA Yong Sim,Kasumi Ishikawa,4,2,"11,10,10,12,11,11|9,12,12,10,8,5",6,GRAND_SLAM,WS,1867,Qualification,CHA Yong Sim (PRK),ISHIKAWA Kasumi (JPN)
Panasonic China Open Shenzhen 2007,2007-08-29,AN Chorong,Alexandra Privalova,3,0,"11,11,11|6,9,6",,GRAND_SLAM,U21WS,1867,Qualification,AN Chorong (KOR),PRIVALOVA Alexandra (BLR)
Panasonic China Open Shenzhen 2007,2007-08-29,Szandra Pergel,Alexandra Privalova,3,1,"6,11,11,11|11,7,4,6",QR2,GRAND_SLAM,U21WS,1867,Qualification,PERGEL Szandra (HUN),PRIVALOVA Alexandra (BLR)
Panasonic China Open Shenzhen 2007,2007-08-29,Szandra Pergel,AN Chorong,3,2,"11,12,10,9,11|4,10,12,11,3",3,GRAND_SLAM,U21WS,1867,Qualification,PERGEL Szandra (HUN),AN Chorong (KOR)
Panasonic China Open Shenzhen 2007,2007-08-29,YU Eomji,Mie Skov,3,1,"12,7,11,11|10,11,2,8",QR2,GRAND_SLAM,U21WS,1867,Qualification,YU Eomji (KOR),SKOV Mie (DEN)
Panasonic China Open Shenzhen 2007,2007-08-29,Mie Skov,KARAGODINA Inna,3,1,"11,11,9,11|6,7,11,7",QR4,GRAND_SLAM,U21WS,1867,Qualification,SKOV Mie (DEN),KARAGODINA Inna (BLR)
Panasonic China Open Shenzhen 2007,2007-08-29,SIN Hye Song,Mie Skov,3,1,"11,11,7,12|8,7,11,10",5,GRAND_SLAM,U21WS,1867,Qualification,SIN Hye Song (PRK),SKOV Mie (DEN)
Panasonic China Open Shenzhen 2007,2007-08-29,Zhang Yining,Kasumi Ishikawa,4,1,"11,12,11,11,11|7,14,7,3,5",R64,GRAND_SLAM,WS,1867,Main Draw,ZHANG Yining (CHN),ISHIKAWA Kasumi (JPN)
Panasonic China Open Shenzhen 2007,2007-08-29,Sandra Paović,ETSUZAKI Ayumi,4,1,"12,11,11,4,11|10,7,6,11,2",R64,GRAND_SLAM,WS,1867,Main Draw,PAOVIC Sandra (CRO),ETSUZAKI Ayumi (JPN)
Panasonic China Open Shenzhen 2007,2007-08-29,Shen Yanfei,Lu Yun-Feng,4,0,"13,11,14,14|11,9,12,12",R64,GRAND_SLAM,WS,1867,Main Draw,SHEN Yanfei (ESP),LU Yun-Feng (TPE)
Panasonic China Open Shenzhen 2007,2007-08-29,Hiroko Fujii,Yu Kwok See,4,1,"7,11,11,11,11|11,7,3,7,5",R64,GRAND_SLAM,WS,1867,Main Draw,FUJII Hiroko (JPN),YU Kwok See (HKG)
Panasonic China Open Shenzhen 2007,2007-08-29,Tie Yana,YUEN Sara,4,0,"11,11,11,11|6,6,1,2",R64,GRAND_SLAM,WS,1867,Main Draw,TIE Yana (HKG),YUEN Sara (CAN)
Panasonic China Open Shenzhen 2007,2007-08-29,Jiang Huajun,Alexandra Privalova,4,0,"11,11,11,11|4,1,2,2",R64,GRAND_SLAM,WS,1867,Main Draw,JIANG Huajun (HKG),PRIVALOVA Alexandra (BLR)
Panasonic China Open Shenzhen 2007,2007-08-29,Liu Shiwen,Huang Yi-Hua,4,2,"11,11,10,11,8,11|6,7,12,8,11,7",R64,GRAND_SLAM,WS,1867,Main Draw,LIU Shiwen (CHN),HUANG Yi-Hua (TPE)
Panasonic China Open Shenzhen 2007,2007-08-29,Lin Ling,KIM Su Jin,4,2,"11,11,4,11,9,11|9,4,11,9,11,6",R64,GRAND_SLAM,WS,1867,Main Draw,LIN Ling (HKG),KIM Sujin (KOR)
Panasonic China Open Shenzhen 2007,2007-08-29,Wu Jiaduo,HSIUNG Nai-I,4,2,"11,9,8,13,11,11|2,11,11,11,9,7",R64,GRAND_SLAM,WS,1867,Main Draw,WU Jiaduo (GER),HSIUNG Nai-I (TPE)
Panasonic China Open Shenzhen 2007,2007-08-29,Mikie Tasei,LEE Hyangmi,4,3,"8,11,11,11,12,4,11|11,13,8,8,10,11,9",R64,GRAND_SLAM,WS,1867,Main Draw,TASEI Mikie (JPN),LEE Hyangmi (KOR)
Panasonic China Open Shenzhen 2007,2007-08-29,Petra Lovas,PAK Song Mi,4,3,"14,11,12,11,11,5,11|16,6,14,5,8,11,8",R64,GRAND_SLAM,WS,1867,Main Draw,LOVAS Petra (HUN),PAK Song Mi (PRK)
Panasonic China Open Shenzhen 2007,2007-08-29,Li Xiaoxia,Irene Ivancan,4,0,"11,11,11,11|7,7,8,8",R64,GRAND_SLAM,WS,1867,Main Draw,LI Xiaoxia (CHN),IVANCAN Irene (GER)
Panasonic China Open Shenzhen 2007,2007-08-29,Guo Yan,YU Eomji,4,0,"11,11,11,11|8,7,5,7",R64,GRAND_SLAM,WS,1867,Main Draw,GUO Yan (1982) (CHN),YU Eomji (KOR)
Panasonic China Open Shenzhen 2007,2007-08-29,Lau Sui Fei,Zhu Fang,4,1,"11,12,8,11,11|3,10,11,6,3",R64,GRAND_SLAM,WS,1867,Main Draw,LAU Sui Fei (HKG),ZHU Fang (ESP)
Panasonic China Open Shenzhen 2007,2007-08-29,Sun Beibei,KERTAI Rita,4,0,"11,11,11,14|9,3,3,12",R64,GRAND_SLAM,WS,1867,Main Draw,SUN Beibei (SGP),KERTAI Rita (HUN)
Panasonic China Open Shenzhen 2007,2007-08-29,Haruna Fukuoka,PARK Seohee,4,0,"11,11,11,11|7,6,9,7",R64,GRAND_SLAM,WS,1867,Main Draw,FUKUOKA Haruna (JPN),PARK Seohee (KOR)
Panasonic China Open Shenzhen 2007,2007-08-29,Tamara Boroš,Mie Skov,4,1,"11,11,11,7,11|8,4,5,11,8",R64,GRAND_SLAM,WS,1867,Main Draw,BOROS Tamara (CRO),SKOV Mie (DEN)
Panasonic China Open Shenzhen 2007,2007-08-29,Wang Yuegu,LEE I-Chen,4,0,"11,11,11,11|5,6,8,4",R64,GRAND_SLAM,WS,1867,Main Draw,WANG Yuegu (SGP),LEE I-Chen (TPE)
Panasonic China Open Shenzhen 2007,2007-08-29,Li Jiawei,JEON Hyekyung,4,3,"11,7,9,9,12,11,11|7,11,11,11,10,9,8",R64,GRAND_SLAM,WS,1867,Main Draw,LI Jiawei (SGP),JEON Hyekyung (KOR)
Panasonic China Open Shenzhen 2007,2007-08-29,Zhenqi Barthel,Ai Fujinuma,4,2,"8,11,11,11,6,12|11,9,8,5,11,10",R64,GRAND_SLAM,WS,1867,Main Draw,BARTHEL Zhenqi (GER),FUJINUMA Ai (JPN)
Panasonic China Open Shenzhen 2007,2007-08-29,Sayaka Hirano,JON Chung Gyong,4,1,"11,9,11,11,11|7,11,3,5,3",R64,GRAND_SLAM,WS,1867,Main Draw,HIRANO Sayaka (JPN),JON Chung Gyong (PRK)
Panasonic China Open Shenzhen 2007,2007-08-29,Feng Tianwei,PAVLOVICH Veronika,4,0,"15,11,11,11|13,6,7,6",R64,GRAND_SLAM,WS,1867,Main Draw,FENG Tianwei (SGP),PAVLOVICH Veronika (BLR)
Panasonic China Open Shenzhen 2007,2007-08-29,Guo Yue,Szandra Pergel,4,0,"11,11,11,11|7,5,4,9",R64,GRAND_SLAM,WS,1867,Main Draw,GUO Yue (CHN),PERGEL Szandra (HUN)
Panasonic China Open Shenzhen 2007,2007-08-29,Zhang Yining,Sandra Paović,4,0,"11,11,11,11|3,4,3,5",R32,GRAND_SLAM,WS,1867,Main Draw,ZHANG Yining (CHN),PAOVIC Sandra (CRO)
Panasonic China Open Shenzhen 2007,2007-08-29,Shen Yanfei,POTA Georgina,4,1,"8,11,11,11,11|11,3,8,4,7",R32,GRAND_SLAM,WS,1867,Main Draw,SHEN Yanfei (ESP),POTA Georgina (HUN)
Panasonic China Open Shenzhen 2007,2007-08-29,Tie Yana,Hiroko Fujii,4,1,"12,8,11,11,11|10,11,7,8,7",R32,GRAND_SLAM,WS,1867,Main Draw,TIE Yana (HKG),FUJII Hiroko (JPN)
Panasonic China Open Shenzhen 2007,2007-08-29,Liu Shiwen,Jiang Huajun,4,3,"9,9,9,13,11,11,13|11,11,11,11,7,9,11",R32,GRAND_SLAM,WS,1867,Main Draw,LIU Shiwen (CHN),JIANG Huajun (HKG)
Panasonic China Open Shenzhen 2007,2007-08-29,PAVLOVICH Viktoria,Lin Ling,4,1,"11,14,7,11,12|9,12,11,7,10",R32,GRAND_SLAM,WS,1867,Main Draw,PAVLOVICH Viktoria (BLR),LIN Ling (HKG)
Panasonic China Open Shenzhen 2007,2007-08-29,Wu Jiaduo,Mikie Tasei,4,2,"11,11,11,11,10,11|5,9,5,13,12,7",R32,GRAND_SLAM,WS,1867,Main Draw,WU Jiaduo (GER),TASEI Mikie (JPN)
Panasonic China Open Shenzhen 2007,2007-08-29,Li Xiaoxia,Petra Lovas,4,0,"11,11,11,11|3,8,5,3",R32,GRAND_SLAM,WS,1867,Main Draw,LI Xiaoxia (CHN),LOVAS Petra (HUN)
Panasonic China Open Shenzhen 2007,2007-08-29,Guo Yan,Lau Sui Fei,4,0,"11,11,11,11|8,4,8,4",R32,GRAND_SLAM,WS,1867,Main Draw,GUO Yan (1982) (CHN),LAU Sui Fei (HKG)
Panasonic China Open Shenzhen 2007,2007-08-29,Sun Beibei,PARK Seonghye,4,0,"11,11,11,11|8,7,5,5",R32,GRAND_SLAM,WS,1867,Main Draw,SUN Beibei (SGP),PARK Seonghye (KOR)
Panasonic China Open Shenzhen 2007,2007-08-29,Tamara Boroš,Haruna Fukuoka,4,3,"11,11,12,11,7,11,11|13,7,14,9,11,9,9",R32,GRAND_SLAM,WS,1867,Main Draw,BOROS Tamara (CRO),FUKUOKA Haruna (JPN)
Panasonic China Open Shenzhen 2007,2007-08-29,Wang Yuegu,KOSTROMINA Tatyana (1973),4,0,"11,11,11,11|3,5,4,7",R32,GRAND_SLAM,WS,1867,Main Draw,WANG Yuegu (SGP),KOSTROMINA Tatyana (1973) (BLR)
Panasonic China Open Shenzhen 2007,2007-08-29,Li Jiawei,KO Somi,4,0,"11,11,11,11|7,7,6,4",R32,GRAND_SLAM,WS,1867,Main Draw,LI Jiawei (SGP),KO Somi (KOR)
Panasonic China Open Shenzhen 2007,2007-08-29,Sayaka Hirano,Zhenqi Barthel,4,2,"11,8,11,11,7,13|7,11,5,6,11,11",R32,GRAND_SLAM,WS,1867,Main Draw,HIRANO Sayaka (JPN),BARTHEL Zhenqi (GER)
Panasonic China Open Shenzhen 2007,2007-08-29,Feng Tianwei,KANAZAWA Saki,4,1,"11,11,8,11,15|4,7,11,3,13",R32,GRAND_SLAM,WS,1867,Main Draw,FENG Tianwei (SGP),KANAZAWA Saki (JPN)
Panasonic China Open Shenzhen 2007,2007-08-29,Guo Yue,HIURA Reiko,4,0,"11,11,11,11|4,6,5,9",R32,GRAND_SLAM,WS,1867,Main Draw,GUO Yue (CHN),HIURA Reiko (JPN)
Panasonic China Open Shenzhen 2007,2007-08-29,Zhang Yining,Shen Yanfei,4,0,"11,12,14,11|9,10,12,4",R16,GRAND_SLAM,WS,1867,Main Draw,ZHANG Yining (CHN),SHEN Yanfei (ESP)
Panasonic China Open Shenzhen 2007,2007-08-29,Tie Yana,ZHANG Rui,4,2,"11,9,7,11,11,11|9,11,11,6,7,7",R16,GRAND_SLAM,WS,1867,Main Draw,TIE Yana (HKG),ZHANG Rui (HKG)
Panasonic China Open Shenzhen 2007,2007-08-29,Liu Shiwen,PAVLOVICH Viktoria,4,3,"11,5,11,7,11,9,11|7,11,2,11,9,11,7",R16,GRAND_SLAM,WS,1867,Main Draw,LIU Shiwen (CHN),PAVLOVICH Viktoria (BLR)
Panasonic China Open Shenzhen 2007,2007-08-29,Li Xiaoxia,Wu Jiaduo,4,2,"7,11,11,11,7,11|11,6,5,7,11,5",R16,GRAND_SLAM,WS,1867,Main Draw,LI Xiaoxia (CHN),WU Jiaduo (GER)
Panasonic China Open Shenzhen 2007,2007-08-29,Guo Yan,Sun Beibei,4,0,"11,13,15,11|5,11,13,6",R16,GRAND_SLAM,WS,1867,Main Draw,GUO Yan (1982) (CHN),SUN Beibei (SGP)
Panasonic China Open Shenzhen 2007,2007-08-29,Wang Yuegu,Tamara Boroš,4,0,"11,11,11,11|1,8,8,6",R16,GRAND_SLAM,WS,1867,Main Draw,WANG Yuegu (SGP),BOROS Tamara (CRO)
Panasonic China Open Shenzhen 2007,2007-08-29,Li Jiawei,Sayaka Hirano,4,0,"13,11,11,11|11,5,8,7",R16,GRAND_SLAM,WS,1867,Main Draw,LI Jiawei (SGP),HIRANO Sayaka (JPN)
Panasonic China Open Shenzhen 2007,2007-08-29,Guo Yue,Feng Tianwei,4,3,"11,9,11,11,11,7,11|6,11,5,13,2,11,9",R16,GRAND_SLAM,WS,1867,Main Draw,GUO Yue (CHN),FENG Tianwei (SGP)
Panasonic China Open Shenzhen 2007,2007-08-29,Zhang Yining,Tie Yana,4,0,"11,13,11,11|7,11,8,8",QuarterFinal,GRAND_SLAM,WS,1867,Main Draw,ZHANG Yining (CHN),TIE Yana (HKG)
Panasonic China Open Shenzhen 2007,2007-08-29,Li Xiaoxia,Liu Shiwen,4,0,"11,11,11,11|9,6,7,5",QuarterFinal,GRAND_SLAM,WS,1867,Main Draw,LI Xiaoxia (CHN),LIU Shiwen (CHN)
Panasonic China Open Shenzhen 2007,2007-08-29,Guo Yan,Wang Yuegu,4,3,"11,9,11,11,8,8,11|4,11,4,5,11,11,9",QuarterFinal,GRAND_SLAM,WS,1867,Main Draw,GUO Yan (1982) (CHN),WANG Yuegu (SGP)
Panasonic China Open Shenzhen 2007,2007-08-29,Guo Yue,Li Jiawei,4,2,"11,10,11,11,11,11|7,12,13,5,1,9",QuarterFinal,GRAND_SLAM,WS,1867,Main Draw,GUO Yue (CHN),LI Jiawei (SGP)
Panasonic China Open Shenzhen 2007,2007-08-29,Zhang Yining,Li Xiaoxia,4,0,"11,11,11,11|9,6,6,6",SemiFinal,GRAND_SLAM,WS,1867,Main Draw,ZHANG Yining (CHN),LI Xiaoxia (CHN)
Panasonic China Open Shenzhen 2007,2007-08-29,Guo Yue,Guo Yan,4,2,"10,11,11,11,10,11|12,8,9,9,12,4",SemiFinal,GRAND_SLAM,WS,1867,Main Draw,GUO Yue (CHN),GUO Yan (1982) (CHN)
Panasonic China Open Shenzhen 2007,2007-08-29,Zhang Yining,Guo Yue,4,1,"11,11,11,2,12|1,4,9,11,10",Final,GRAND_SLAM,WS,1867,Main Draw,ZHANG Yining (CHN),GUO Yue (CHN)
Panasonic China Open Shenzhen 2007,2007-08-29,Feng Tianwei,JON Chung Gyong,4,1,"11,11,11,8,11|4,8,6,11,3",R16,GRAND_SLAM,U21WS,1867,Main Draw,FENG Tianwei (SGP),JON Chung Gyong (PRK)
Panasonic China Open Shenzhen 2007,2007-08-29,Zhenqi Barthel,Szandra Pergel,4,3,"12,11,7,8,11,2,11|10,7,11,11,5,11,9",R16,GRAND_SLAM,U21WS,1867,Main Draw,BARTHEL Zhenqi (GER),PERGEL Szandra (HUN)
Panasonic China Open Shenzhen 2007,2007-08-29,Yu Kwok See,PARK Seonghye,4,1,"14,18,10,11,12|12,16,12,8,10",R16,GRAND_SLAM,U21WS,1867,Main Draw,YU Kwok See (HKG),PARK Seonghye (KOR)
Panasonic China Open Shenzhen 2007,2007-08-29,LEE I-Chen,Kasumi Ishikawa,4,2,"11,11,11,7,9,11|9,4,8,11,11,9",R16,GRAND_SLAM,U21WS,1867,Main Draw,LEE I-Chen (TPE),ISHIKAWA Kasumi (JPN)
Panasonic China Open Shenzhen 2007,2007-08-29,Sara Ramírez,HSIUNG Nai-I,4,1,"8,11,11,11,11|11,7,3,3,8",R16,GRAND_SLAM,U21WS,1867,Main Draw,RAMIREZ Sara (ESP),HSIUNG Nai-I (TPE)
Panasonic China Open Shenzhen 2007,2007-08-29,Feng Tianwei,LI Bin,4,2,"9,11,9,11,11,11|11,8,11,9,3,7",QuarterFinal,GRAND_SLAM,U21WS,1867,Main Draw,FENG Tianwei (SGP),LI Bin (HUN)
Panasonic China Open Shenzhen 2007,2007-08-29,SIN Hye Song,Zhenqi Barthel,4,1,"11,5,11,13,15|8,11,7,11,13",QuarterFinal,GRAND_SLAM,U21WS,1867,Main Draw,SIN Hye Song (PRK),BARTHEL Zhenqi (GER)
Panasonic China Open Shenzhen 2007,2007-08-29,PARK Youngsook,Yu Kwok See,4,1,"10,11,12,11,11|12,3,10,7,3",QuarterFinal,GRAND_SLAM,U21WS,1867,Main Draw,PARK Youngsook (KOR),YU Kwok See (HKG)
Panasonic China Open Shenzhen 2007,2007-08-29,Sara Ramírez,LEE I-Chen,4,3,"11,11,11,11,7,8,11|7,7,13,3,11,11,8",QuarterFinal,GRAND_SLAM,U21WS,1867,Main Draw,RAMIREZ Sara (ESP),LEE I-Chen (TPE)
Panasonic China Open Shenzhen 2007,2007-08-29,Feng Tianwei,SIN Hye Song,4,2,"11,5,11,11,9,11|2,11,6,5,11,4",SemiFinal,GRAND_SLAM,U21WS,1867,Main Draw,FENG Tianwei (SGP),SIN Hye Song (PRK)
Panasonic China Open Shenzhen 2007,2007-08-29,PARK Youngsook,Sara Ramírez,4,1,"11,11,11,7,11|6,8,7,11,6",SemiFinal,GRAND_SLAM,U21WS,1867,Main Draw,PARK Youngsook (KOR),RAMIREZ Sara (ESP)
Panasonic China Open Shenzhen 2007,2007-08-29,Feng Tianwei,PARK Youngsook,4,1,"11,11,11,8,11|7,6,7,11,4",Final,GRAND_SLAM,U21WS,1867,Main Draw,FENG Tianwei (SGP),PARK Youngsook (KOR)
Panasonic China Open Shenzhen 2007,2007-08-29,Zoltán Fejer-Konnerth/HUANG Sheng-Sheng,KUCHUK Aleksandr/NEKHVEDOVICH Vitaly,3,0,"11,11,11|3,8,7",QR32,GRAND_SLAM,MD,1867,Qualification,FEJER-KONNERTH Zoltan (GER) / HUANG Sheng-Sheng (TPE),KUCHUK Aleksandr (BLR) / NEKHVEDOVICH Vitaly (BLR)
Panasonic China Open Shenzhen 2007,2007-08-29,HAO Shuai/Wang Liqin,SHEN Qiang/YANG Ling Kun,3,0,"11,11,11|1,6,3",QR32,GRAND_SLAM,MD,1867,Qualification,HAO Shuai (CHN) / WANG Liqin (CHN),SHEN Qiang (CAN) / YANG Ling Kun (CAN)
Panasonic China Open Shenzhen 2007,2007-08-29,Chen Qi/Ma Long,JIANG TianYi/CY Leung,4,0,"11,13,11,11|8,11,5,4",R16,GRAND_SLAM,MD,1867,Main Draw,CHEN Qi (CHN) / MA Long (CHN),JIANG Tianyi (HKG) / LEUNG Chu Yan (HKG)
Panasonic China Open Shenzhen 2007,2007-08-29,Chen Qi/Ma Long,Ko Lai Chak/Tang Peng,4,2,"11,8,15,8,11,11|8,11,13,11,7,6",SemiFinal,GRAND_SLAM,MD,1867,Main Draw,CHEN Qi (CHN) / MA Long (CHN),KO Lai Chak (HKG) / TANG Peng (HKG)
Panasonic China Open Shenzhen 2007,2007-08-29,Ma Lin/Wang Hao,Chen Qi/Ma Long,4,3,"11,11,11,6,6,4,11|9,4,6,11,11,11,9",Final,GRAND_SLAM,MD,1867,Main Draw,MA Lin (CHN) / WANG Hao (CHN),CHEN Qi (CHN) / MA Long (CHN)
Panasonic China Open Shenzhen 2007,2007-08-29,Chen Qi/Ma Long,KANG Donghoon/PARK Seungyong,3,0,"11,11,11|1,6,1",QR32,GRAND_SLAM,MD,1867,Qualification,CHEN Qi (CHN) / MA Long (CHN),KANG Donghoon (KOR) / PARK Seungyong (KOR)
Panasonic China Open Shenzhen 2007,2007-08-29,Chen Qi/Ma Long,Zoltán Fejer-Konnerth/HUANG Sheng-Sheng,3,0,"11,11,11|6,7,7",QR16,GRAND_SLAM,MD,1867,Qualification,CHEN Qi (CHN) / MA Long (CHN),FEJER-KONNERTH Zoltan (GER) / HUANG Sheng-Sheng (TPE)
Panasonic China Open Shenzhen 2007,2007-08-29,Ko Lai Chak/Tang Peng,Antonín Gavlas/Petr Korbel,4,2,"11,10,11,11,11,12|7,12,13,5,6,10",R16,GRAND_SLAM,MD,1867,Main Draw,KO Lai Chak (HKG) / TANG Peng (HKG),GAVLAS Antonin (CZE) / KORBEL Petr (CZE)
Panasonic China Open Shenzhen 2007,2007-08-29,Ma Lin/Wang Hao,LEBESSON Emmanuel/MATTENET Adrien,4,0,"11,11,11,11|8,6,2,7",QuarterFinal,GRAND_SLAM,MD,1867,Main Draw,MA Lin (CHN) / WANG Hao (CHN),LEBESSON Emmanuel (FRA) / MATTENET Adrien (FRA)
Panasonic China Open Shenzhen 2007,2007-08-29,LEBESSON Emmanuel/MATTENET Adrien,János Jakab/Kishikawa Seiya,3,0,"11,11,11|9,7,8",QR16,GRAND_SLAM,MD,1867,Qualification,LEBESSON Emmanuel (FRA) / MATTENET Adrien (FRA),JAKAB Janos (HUN) / KISHIKAWA Seiya (JPN)
Panasonic China Open Shenzhen 2007,2007-08-29,AN Chol Yong/KIM Nam Chol,Bastian Steger/SUSS Christian,4,2,"11,7,11,11,6,12|7,11,9,4,11,10",R16,GRAND_SLAM,MD,1867,Main Draw,AN Chol Yong (PRK) / KIM Nam Chol (PRK),STEGER Bastian (GER) / SUSS Christian (GER)
Panasonic China Open Shenzhen 2007,2007-08-29,Dimitrij Ovtcharov/ROSSKOPF Jorg,CANTERO Jesus/Carlos Machado,3,0,"11,11,14|5,6,12",QR32,GRAND_SLAM,MD,1867,Qualification,OVTCHAROV Dimitrij (GER) / ROSSKOPF Jorg (GER),CANTERO Jesus (ESP) / MACHADO Carlos (ESP)
Panasonic China Open Shenzhen 2007,2007-08-29,Dimitrij Ovtcharov/ROSSKOPF Jorg,LEE Jungjae/YOO Changjae,3,0,"11,11,11|8,8,7",QR16,GRAND_SLAM,MD,1867,Qualification,OVTCHAROV Dimitrij (GER) / ROSSKOPF Jorg (GER),LEE Jungjae (KOR) / YOO Changjae (KOR)
Panasonic China Open Shenzhen 2007,2007-08-29,ZHANG Yu/LI Ching,Dimitrij Ovtcharov/ROSSKOPF Jorg,4,3,"11,12,12,9,11,11,11|5,14,10,11,3,13,6",R16,GRAND_SLAM,MD,1867,Main Draw,CHEUNG Yuk (HKG) / LI Ching (HKG),OVTCHAROV Dimitrij (GER) / ROSSKOPF Jorg (GER)
Panasonic China Open Shenzhen 2007,2007-08-29,ZHANG Yu/LI Ching,HAN Jimin/KO Junhyung,4,0,"12,11,11,11|10,8,6,4",QuarterFinal,GRAND_SLAM,MD,1867,Main Draw,CHEUNG Yuk (HKG) / LI Ching (HKG),HAN Jimin (KOR) / KO Junhyung (KOR)
Panasonic China Open Shenzhen 2007,2007-08-29,Ma Lin/Wang Hao,ZHANG Yu/LI Ching,4,0,"11,11,11,11|9,7,6,8",SemiFinal,GRAND_SLAM,MD,1867,Main Draw,MA Lin (CHN) / WANG Hao (CHN),CHEUNG Yuk (HKG) / LI Ching (HKG)
Panasonic China Open Shenzhen 2007,2007-08-29,ZOMBORI David/Dániel Zwickl,LI Kwun Ngai/TSE Ka Chun,3,0,"15,11,11|13,7,5",QR32,GRAND_SLAM,MD,1867,Qualification,ZOMBORI David (HUN) / ZWICKL Daniel (HUN),LI Kwun Ngai (HKG) / TSE Ka Chun (HKG)
Panasonic China Open Shenzhen 2007,2007-08-29,AXELQVIST Johan/TUGWELL Finn,ZOMBORI David/Dániel Zwickl,3,0,"11,12,11|5,10,8",QR16,GRAND_SLAM,MD,1867,Qualification,AXELQVIST Johan (SWE) / TUGWELL Finn (DEN),ZOMBORI David (HUN) / ZWICKL Daniel (HUN)
Panasonic China Open Shenzhen 2007,2007-08-29,Ma Lin/Wang Hao,Kenta Matsudaira/OYA Hidetoshi,4,1,"13,7,11,11,11|11,11,2,6,3",R16,GRAND_SLAM,MD,1867,Main Draw,MA Lin (CHN) / WANG Hao (CHN),MATSUDAIRA Kenta (JPN) / OYA Hidetoshi (JPN)
Panasonic China Open Shenzhen 2007,2007-08-29,BOBOCICA Mihai/Taku Takakiwa,CAI Xiaoli/GUO Yi Teng,3,0,"11,11,11|6,8,5",QR32,GRAND_SLAM,MD,1867,Qualification,BOBOCICA Mihai (ITA) / TAKAKIWA Taku (JPN),CAI Xiaoli (SGP) / GUO Yi Teng (SGP)
Panasonic China Open Shenzhen 2007,2007-08-29,Kenta Matsudaira/OYA Hidetoshi,CHUANG Chih-Yuan/WU Chih-Chi,3,2,"8,12,7,12,11|11,10,11,10,5",QR16,GRAND_SLAM,MD,1867,Qualification,MATSUDAIRA Kenta (JPN) / OYA Hidetoshi (JPN),CHUANG Chih-Yuan (TPE) / WU Chih-Chi (TPE)
Panasonic China Open Shenzhen 2007,2007-08-29,HAN Jimin/KO Junhyung,CHANG Yen-Shu/Chiang Peng-lung,4,0,,R16,GRAND_SLAM,MD,1867,Main Draw,HAN Jimin (KOR) / KO Junhyung (KOR),CHANG Yen-Shu (TPE) / CHIANG Peng-Lung (TPE)
Panasonic China Open Shenzhen 2007,2007-08-29,LEE Jungjae/YOO Changjae,Daniel Górak/Yannick Vostes,3,0,"11,11,11|5,9,8",QR32,GRAND_SLAM,MD,1867,Qualification,LEE Jungjae (KOR) / YOO Changjae (KOR),GORAK Daniel (POL) / VOSTES Yannick (BEL)
Panasonic China Open Shenzhen 2007,2007-08-29,Antonín Gavlas/Petr Korbel,SEO Myoungduck/SEO Younggyun,3,1,"7,12,12,11|11,10,10,4",QR32,GRAND_SLAM,MD,1867,Qualification,GAVLAS Antonin (CZE) / KORBEL Petr (CZE),SEO Myoungduck (KOR) / SEO Younggyun (KOR)
Panasonic China Open Shenzhen 2007,2007-08-29,HAN Jimin/KO Junhyung,Patrick Baum/Marc Duran,3,2,"11,9,11,13,11|9,11,8,15,9",QR32,GRAND_SLAM,MD,1867,Qualification,HAN Jimin (KOR) / KO Junhyung (KOR),BAUM Patrick (GER) / DURAN Marc (ESP)
Panasonic China Open Shenzhen 2007,2007-08-29,HAN Jimin/KO Junhyung,HAO Shuai/Wang Liqin,3,2,"3,11,5,11,11|11,8,11,5,8",QR16,GRAND_SLAM,MD,1867,Qualification,HAN Jimin (KOR) / KO Junhyung (KOR),HAO Shuai (CHN) / WANG Liqin (CHN)
Panasonic China Open Shenzhen 2007,2007-08-29,Ko Lai Chak/Tang Peng,AN Chol Yong/KIM Nam Chol,4,2,"12,11,11,5,9,14|10,7,9,11,11,12",QuarterFinal,GRAND_SLAM,MD,1867,Main Draw,KO Lai Chak (HKG) / TANG Peng (HKG),AN Chol Yong (PRK) / KIM Nam Chol (PRK)
Panasonic China Open Shenzhen 2007,2007-08-29,AN Chol Yong/KIM Nam Chol,BOBOCICA Mihai/Taku Takakiwa,3,1,"11,11,11,11|8,13,6,6",QR16,GRAND_SLAM,MD,1867,Qualification,AN Chol Yong (PRK) / KIM Nam Chol (PRK),BOBOCICA Mihai (ITA) / TAKAKIWA Taku (JPN)
Panasonic China Open Shenzhen 2007,2007-08-29,CHUANG Chih-Yuan/WU Chih-Chi,GRIGOREV Artur/Grigory Vlasov,3,0,,QR32,GRAND_SLAM,MD,1867,Qualification,CHUANG Chih-Yuan (TPE) / WU Chih-Chi (TPE),GRIGOREV Artur (RUS) / VLASOV Grigory (RUS)
Panasonic China Open Shenzhen 2007,2007-08-29,GAO Ning/Yang Zi,AXELQVIST Johan/TUGWELL Finn,4,2,"11,12,10,11,11,11|4,14,12,6,7,5",R16,GRAND_SLAM,MD,1867,Main Draw,GAO Ning (SGP) / YANG Zi (SGP),AXELQVIST Johan (SWE) / TUGWELL Finn (DEN)
Panasonic China Open Shenzhen 2007,2007-08-29,Chen Qi/Ma Long,GAO Ning/Yang Zi,4,3,"12,11,8,11,7,11,11|14,7,11,5,11,4,7",QuarterFinal,GRAND_SLAM,MD,1867,Main Draw,CHEN Qi (CHN) / MA Long (CHN),GAO Ning (SGP) / YANG Zi (SGP)
Panasonic China Open Shenzhen 2007,2007-08-29,János Jakab/Kishikawa Seiya,GREEN Wally/KEINATH Thomas,3,0,"11,11,12|6,4,10",QR32,GRAND_SLAM,MD,1867,Qualification,JAKAB Janos (HUN) / KISHIKAWA Seiya (JPN),GREEN Wally (USA) / KEINATH Thomas (SVK)
Panasonic China Open Shenzhen 2007,2007-08-29,Kenta Matsudaira/OYA Hidetoshi,Pär Gerell/Jens Lundqvist,3,0,,QR32,GRAND_SLAM,MD,1867,Qualification,MATSUDAIRA Kenta (JPN) / OYA Hidetoshi (JPN),GERELL Par (SWE) / LUNDQVIST Jens (SWE)
Panasonic China Open Shenzhen 2007,2007-08-29,Jörgen Persson/Robert Svensson,Andre Ho/LIU Tony,3,0,"11,11,11|5,3,4",QR32,GRAND_SLAM,MD,1867,Qualification,PERSSON Jorgen (SWE) / SVENSSON Robert (SWE),HO Andre (CAN) / LIU Tony (CAN)
Panasonic China Open Shenzhen 2007,2007-08-29,Antonín Gavlas/Petr Korbel,Jörgen Persson/Robert Svensson,3,0,"12,11,11|10,6,3",QR16,GRAND_SLAM,MD,1867,Qualification,GAVLAS Antonin (CZE) / KORBEL Petr (CZE),PERSSON Jorgen (SWE) / SVENSSON Robert (SWE)
Panasonic China Open Shenzhen 2007,2007-08-29,Guo Yan/Guo Yue,KOSTROMINA Tatyana (1973)/PAVLOVICH Viktoria,4,0,"11,11,11,11|4,8,2,3",QuarterFinal,GRAND_SLAM,WD,1867,Main Draw,GUO Yan (1982) (CHN) / GUO Yue (CHN),KOSTROMINA Tatyana (1973) (BLR) / PAVLOVICH Viktoria (BLR)
Panasonic China Open Shenzhen 2007,2007-08-29,Zhenqi Barthel/Tamara Boroš,PAVLOVICH Veronika/Alexandra Privalova,3,1,"11,11,5,11|5,7,11,9",QR16,GRAND_SLAM,WD,1867,Qualification,BARTHEL Zhenqi (GER) / BOROS Tamara (CRO),PAVLOVICH Veronika (BLR) / PRIVALOVA Alexandra (BLR)
Panasonic China Open Shenzhen 2007,2007-08-29,Sandra Paović/MOLNAR Cornelia,KARAGODINA Inna/YUEN Sara,3,1,"8,11,11,11|11,7,4,4",QR32,GRAND_SLAM,WD,1867,Qualification,PAOVIC Sandra (CRO) / MOLNAR Cornelia (CRO),KARAGODINA Inna (BLR) / YUEN Sara (CAN)
Panasonic China Open Shenzhen 2007,2007-08-29,Li Xiaoxia/Zhang Yining,Hiroko Fujii/Ai Fujinuma,4,1,"11,11,12,5,11|9,9,10,11,6",R16,GRAND_SLAM,WD,1867,Main Draw,LI Xiaoxia (CHN) / ZHANG Yining (CHN),FUJII Hiroko (JPN) / FUJINUMA Ai (JPN)
Panasonic China Open Shenzhen 2007,2007-08-29,Guo Yan/Guo Yue,Li Xiaoxia/Zhang Yining,4,2,"12,11,11,4,7,14|10,8,3,11,11,12",SemiFinal,GRAND_SLAM,WD,1867,Main Draw,GUO Yan (1982) (CHN) / GUO Yue (CHN),LI Xiaoxia (CHN) / ZHANG Yining (CHN)
Panasonic China Open Shenzhen 2007,2007-08-29,Guo Yan/Guo Yue,Sayaka Hirano/KANAZAWA Saki,4,1,"11,10,11,11,11|6,12,5,4,1",Final,GRAND_SLAM,WD,1867,Main Draw,GUO Yan (1982) (CHN) / GUO Yue (CHN),HIRANO Sayaka (JPN) / KANAZAWA Saki (JPN)
Panasonic China Open Shenzhen 2007,2007-08-29,Li Xiaoxia/Zhang Yining,AN Chorong/MOON Bosun,3,1,"11,11,5,11|4,2,11,4",QR16,GRAND_SLAM,WD,1867,Qualification,LI Xiaoxia (CHN) / ZHANG Yining (CHN),AN Chorong (KOR) / MOON Bosun (KOR)
Panasonic China Open Shenzhen 2007,2007-08-29,Li Xiaoxia/Zhang Yining,Sandra Paović/MOLNAR Cornelia,4,1,"11,6,11,11,11|8,11,9,5,8",QuarterFinal,GRAND_SLAM,WD,1867,Main Draw,LI Xiaoxia (CHN) / ZHANG Yining (CHN),PAOVIC Sandra (CRO) / MOLNAR Cornelia (CRO)
Panasonic China Open Shenzhen 2007,2007-08-29,Li Jiawei/Sun Beibei,Sara Ramírez/Zhu Fang,4,0,"11,11,11,11|3,8,5,8",R16,GRAND_SLAM,WD,1867,Main Draw,LI Jiawei (SGP) / SUN Beibei (SGP),RAMIREZ Sara (ESP) / ZHU Fang (ESP)
Panasonic China Open Shenzhen 2007,2007-08-29,Sara Ramírez/Zhu Fang,PARK Seonghye/PARK Youngsook,3,2,"11,5,9,11,11|4,11,11,9,8",QR32,GRAND_SLAM,WD,1867,Qualification,RAMIREZ Sara (ESP) / ZHU Fang (ESP),PARK Seonghye (KOR) / PARK Youngsook (KOR)
Panasonic China Open Shenzhen 2007,2007-08-29,Sara Ramírez/Zhu Fang,Haruna Fukuoka/Mikie Tasei,3,0,"11,11,11|7,3,6",QR16,GRAND_SLAM,WD,1867,Qualification,RAMIREZ Sara (ESP) / ZHU Fang (ESP),FUKUOKA Haruna (JPN) / TASEI Mikie (JPN)
Panasonic China Open Shenzhen 2007,2007-08-29,Huang Yi-Hua/Lu Yun-Feng,KRAMER Tanja/Wu Jiaduo,4,3,"3,11,10,4,11,11,11|11,9,12,11,7,7,8",R16,GRAND_SLAM,WD,1867,Main Draw,HUANG Yi-Hua (TPE) / LU Yun-Feng (TPE),KRAMER Tanja (GER) / WU Jiaduo (GER)
Panasonic China Open Shenzhen 2007,2007-08-29,Sandra Paović/MOLNAR Cornelia,Tie Yana/ZHANG Rui,4,3,"5,6,8,13,12,11,11|11,11,11,11,10,7,8",R16,GRAND_SLAM,WD,1867,Main Draw,PAOVIC Sandra (CRO) / MOLNAR Cornelia (CRO),TIE Yana (HKG) / ZHANG Rui (HKG)
Panasonic China Open Shenzhen 2007,2007-08-29,Lau Sui Fei/Lin Ling,Zhenqi Barthel/Tamara Boroš,4,2,"11,8,10,11,11,12|8,11,12,8,4,10",R16,GRAND_SLAM,WD,1867,Main Draw,LAU Sui Fei (HKG) / LIN Ling (HKG),BARTHEL Zhenqi (GER) / BOROS Tamara (CRO)
Panasonic China Open Shenzhen 2007,2007-08-29,Huang Yi-Hua/Lu Yun-Feng,Lau Sui Fei/Lin Ling,4,0,"11,11,11,11|9,6,6,9",QuarterFinal,GRAND_SLAM,WD,1867,Main Draw,HUANG Yi-Hua (TPE) / LU Yun-Feng (TPE),LAU Sui Fei (HKG) / LIN Ling (HKG)
Panasonic China Open Shenzhen 2007,2007-08-29,Jiang Huajun/Yu Kwok See,KIM Hye Song/PAK Song Mi,3,1,"8,11,11,11|11,3,7,9",QR32,GRAND_SLAM,WD,1867,Qualification,JIANG Huajun (HKG) / YU Kwok See (HKG),KIM Hye Song (PRK) / PAK Song Mi (PRK)
Panasonic China Open Shenzhen 2007,2007-08-29,Jiang Huajun/Yu Kwok See,ETSUZAKI Ayumi/Irene Ivancan,3,1,"12,5,11,11|10,11,2,6",QR16,GRAND_SLAM,WD,1867,Qualification,JIANG Huajun (HKG) / YU Kwok See (HKG),ETSUZAKI Ayumi (JPN) / IVANCAN Irene (GER)
Panasonic China Open Shenzhen 2007,2007-08-29,PARK Seohee/YU Eomji,Petra Lovas/Szandra Pergel,3,1,"11,11,8,11|7,6,11,5",QR32,GRAND_SLAM,WD,1867,Qualification,PARK Seohee (KOR) / YU Eomji (KOR),LOVAS Petra (HUN) / PERGEL Szandra (HUN)
Panasonic China Open Shenzhen 2007,2007-08-29,Guo Yan/Guo Yue,HIURA Reiko/Kasumi Ishikawa,4,0,"11,11,11,11|7,2,4,7",R16,GRAND_SLAM,WD,1867,Main Draw,GUO Yan (1982) (CHN) / GUO Yue (CHN),HIURA Reiko (JPN) / ISHIKAWA Kasumi (JPN)
Panasonic China Open Shenzhen 2007,2007-08-29,Sayaka Hirano/KANAZAWA Saki,Jiang Huajun/Yu Kwok See,4,2,"11,11,7,11,10,11|9,5,11,7,12,5",R16,GRAND_SLAM,WD,1867,Main Draw,HIRANO Sayaka (JPN) / KANAZAWA Saki (JPN),JIANG Huajun (HKG) / YU Kwok See (HKG)
Panasonic China Open Shenzhen 2007,2007-08-29,Sayaka Hirano/KANAZAWA Saki,Li Jiawei/Sun Beibei,4,2,"7,9,12,11,11,12|11,11,10,9,3,10",QuarterFinal,GRAND_SLAM,WD,1867,Main Draw,HIRANO Sayaka (JPN) / KANAZAWA Saki (JPN),LI Jiawei (SGP) / SUN Beibei (SGP)
Panasonic China Open Shenzhen 2007,2007-08-29,HIURA Reiko/Kasumi Ishikawa,JEON Hyekyung/KIM Sooyeon,3,2,"11,8,10,15,12|5,11,12,13,10",QR16,GRAND_SLAM,WD,1867,Qualification,HIURA Reiko (JPN) / ISHIKAWA Kasumi (JPN),JEON Hyekyung (KOR) / KIM Sooyeon (KOR)
Panasonic China Open Shenzhen 2007,2007-08-29,Zhenqi Barthel/Tamara Boroš,KIM Su Jin/LEE Hyangmi,3,2,"5,11,11,10,11|11,9,9,12,3",QR32,GRAND_SLAM,WD,1867,Qualification,BARTHEL Zhenqi (GER) / BOROS Tamara (CRO),KIM Sujin (KOR) / LEE Hyangmi (KOR)
Panasonic China Open Shenzhen 2007,2007-08-29,Sandra Paović/MOLNAR Cornelia,PARK Seohee/YU Eomji,3,0,"11,11,11|3,5,8",QR16,GRAND_SLAM,WD,1867,Qualification,PAOVIC Sandra (CRO) / MOLNAR Cornelia (CRO),PARK Seohee (KOR) / YU Eomji (KOR)
Panasonic China Open Shenzhen 2007,2007-08-29,CHA Yong Sim/JANG Hyon Ae,Feng Tianwei/Wang Yuegu,3,1,"11,11,8,11|8,6,11,3",QR16,GRAND_SLAM,WD,1867,Qualification,CHA Yong Sim (PRK) / JANG Hyon Ae (PRK),FENG Tianwei (SGP) / WANG Yuegu (SGP)
Panasonic China Open Shenzhen 2007,2007-08-29,Sayaka Hirano/KANAZAWA Saki,Huang Yi-Hua/Lu Yun-Feng,4,1,"11,11,11,6,12|4,6,7,11,10",SemiFinal,GRAND_SLAM,WD,1867,Main Draw,HIRANO Sayaka (JPN) / KANAZAWA Saki (JPN),HUANG Yi-Hua (TPE) / LU Yun-Feng (TPE)
Panasonic China Open Shenzhen 2007,2007-08-29,ETSUZAKI Ayumi/Irene Ivancan,CHENG I-Ching/HSIUNG Nai-I,3,1,"11,11,11,11|13,8,9,8",QR32,GRAND_SLAM,WD,1867,Qualification,ETSUZAKI Ayumi (JPN) / IVANCAN Irene (GER),CHENG I-Ching (TPE) / HSIUNG Nai-I (TPE)
Panasonic China Open Shenzhen 2007,2007-08-29,KRAMER Tanja/Wu Jiaduo,LEE I-Chen/PAN Chun-Chu,3,0,"11,12,11|6,10,5",QR16,GRAND_SLAM,WD,1867,Qualification,KRAMER Tanja (GER) / WU Jiaduo (GER),LEE I-Chen (TPE) / PAN Chun-Chu (TPE)
