tournament,date,player_a,player_b,score_a,score_b,game_scores,round,tier,sub_event,event_id,stage,player_a_raw,player_b_raw
Pro Tour German Open Bremen 2009,2009-03-19,YORDANOV Teodor,KOSIBA Daniel,4,1,"11,7,11,13,11|8,11,9,11,8",,GRAND_SLAM,MS,42,Qualification,YORDANOV Teodor (BUL),KOSIBA Daniel (HUN)
Pro Tour German Open Bremen 2009,2009-03-19,FEJER-KONNERTH Zoltan,KOSIBA Daniel,4,3,"11,9,7,11,4,11,11|2,11,11,5,11,6,6",QR2,GRAND_SLAM,MS,42,Qualification,FEJER-KONNERTH Zoltan (GER),KOSIBA Daniel (HUN)
Pro Tour German Open Bremen 2009,2009-03-19,FEJER-KONNERTH Zoltan,YORDANOV Teodor,4,3,"12,9,11,7,11,9,11|10,11,8,11,6,11,9",3,GRAND_SLAM,MS,42,Qualification,FEJER-KONNERTH Zoltan (GER),YORDANOV Teodor (BUL)
Pro Tour German Open Bremen 2009,2009-03-19,ROGIERS Benjamin,STERNBERG Kasper,4,2,"11,12,11,11,6,11|7,10,13,6,11,8",,GRAND_SLAM,MS,42,Qualification,ROGIERS Benjamin (BEL),STERNBERG Kasper (DEN)
Pro Tour German Open Bremen 2009,2009-03-19,KISHIKAWA Seiya,ROGIERS Benjamin,4,2,"8,12,14,11,11,11|11,10,16,7,8,8",QR2,GRAND_SLAM,MS,42,Qualification,KISHIKAWA Seiya (JPN),ROGIERS Benjamin (BEL)
Pro Tour German Open Bremen 2009,2009-03-19,KISHIKAWA Seiya,STERNBERG Kasper,4,1,"11,15,11,11,11|9,17,7,8,5",3,GRAND_SLAM,MS,42,Qualification,KISHIKAWA Seiya (JPN),STERNBERG Kasper (DEN)
Pro Tour German Open Bremen 2009,2009-03-19,DODEAN Adrian,KAUCKY Petr,4,1,"11,11,1,11,11|7,6,11,5,9",,GRAND_SLAM,MS,42,Qualification,DODEAN Adrian (ROU),KAUCKY Petr (CZE)
Pro Tour German Open Bremen 2009,2009-03-19,GERELL Par,DODEAN Adrian,4,0,"11,11,11,13|4,9,7,11",QR2,GRAND_SLAM,MS,42,Qualification,GERELL Par (SWE),DODEAN Adrian (ROU)
Pro Tour German Open Bremen 2009,2009-03-19,GERELL Par,KAUCKY Petr,4,1,"13,10,11,11,11|11,12,7,5,5",3,GRAND_SLAM,MS,42,Qualification,GERELL Par (SWE),KAUCKY Petr (CZE)
Pro Tour German Open Bremen 2009,2009-03-19,PLATONOV Pavel,JIANG Pengfei,4,0,"13,11,11,11|11,6,7,1",,GRAND_SLAM,MS,42,Qualification,PLATONOV Pavel (BLR),JIANG Pengfei (TUR)
Pro Tour German Open Bremen 2009,2009-03-19,MONTEIRO Thiago,PLATONOV Pavel,4,0,"11,11,11,11|2,4,5,2",QR2,GRAND_SLAM,MS,42,Qualification,MONTEIRO Thiago (BRA),PLATONOV Pavel (BLR)
Pro Tour German Open Bremen 2009,2009-03-19,MONTEIRO Thiago,JIANG Pengfei,4,1,"11,7,11,11,15|9,11,7,7,13",3,GRAND_SLAM,MS,42,Qualification,MONTEIRO Thiago (BRA),JIANG Pengfei (TUR)
Pro Tour German Open Bremen 2009,2009-03-19,VRABLIK Jiri,KUCHUK Aleksandr,4,2,"11,10,6,12,11,11|6,12,11,10,4,7",,GRAND_SLAM,MS,42,Qualification,VRABLIK Jiri (CZE),KUCHUK Aleksandr (BLR)
Pro Tour German Open Bremen 2009,2009-03-19,BAUM Patrick,KUCHUK Aleksandr,4,0,"11,11,11,11|6,8,5,9",QR2,GRAND_SLAM,MS,42,Qualification,BAUM Patrick (GER),KUCHUK Aleksandr (BLR)
Pro Tour German Open Bremen 2009,2009-03-19,BAUM Patrick,VRABLIK Jiri,4,1,"11,7,11,11,11|7,11,7,8,5",3,GRAND_SLAM,MS,42,Qualification,BAUM Patrick (GER),VRABLIK Jiri (CZE)
Pro Tour German Open Bremen 2009,2009-03-19,TREGLER Tomas,BUROV Viacheslav,4,3,"12,8,11,11,8,9,11|10,11,4,6,11,11,5",,GRAND_SLAM,MS,42,Qualification,TREGLER Tomas (CZE),BUROV Viacheslav (RUS)
Pro Tour German Open Bremen 2009,2009-03-19,FREITAS Marcos,TREGLER Tomas,4,3,"11,11,9,5,9,14,11|2,6,11,11,11,12,8",QR2,GRAND_SLAM,MS,42,Qualification,FREITAS Marcos (POR),TREGLER Tomas (CZE)
Pro Tour German Open Bremen 2009,2009-03-19,BUROV Viacheslav,FREITAS Marcos,4,0,"11,11,11,11|6,9,7,6",3,GRAND_SLAM,MS,42,Qualification,BUROV Viacheslav (RUS),FREITAS Marcos (POR)
Pro Tour German Open Bremen 2009,2009-03-19,SHIBAEV Alexander,MUSKO Peter,4,3,"8,11,11,9,5,11,11|11,4,7,11,11,8,7",,GRAND_SLAM,MS,42,Qualification,SHIBAEV Alexander (RUS),MUSKO Peter (HUN)
Pro Tour German Open Bremen 2009,2009-03-19,KEINATH Thomas,SHIBAEV Alexander,4,0,,QR2,GRAND_SLAM,MS,42,Qualification,KEINATH Thomas (SVK),SHIBAEV Alexander (RUS)
Pro Tour German Open Bremen 2009,2009-03-19,KEINATH Thomas,MUSKO Peter,4,1,"11,11,12,7,11|9,9,10,11,5",3,GRAND_SLAM,MS,42,Qualification,KEINATH Thomas (SVK),MUSKO Peter (HUN)
Pro Tour German Open Bremen 2009,2009-03-19,CHENG Jingqi,MENGEL Steffen,4,3,"10,11,11,12,6,7,11|12,9,5,10,11,11,8",,GRAND_SLAM,MS,42,Qualification,CHENG Jingqi (CHN),MENGEL Steffen (GER)
Pro Tour German Open Bremen 2009,2009-03-19,CHENG Jingqi,GACINA Andrej,4,0,"11,11,11,11|6,9,9,6",QR2,GRAND_SLAM,MS,42,Qualification,CHENG Jingqi (CHN),GACINA Andrej (CRO)
Pro Tour German Open Bremen 2009,2009-03-19,GACINA Andrej,MENGEL Steffen,4,1,"9,11,11,11,13|11,7,3,5,11",3,GRAND_SLAM,MS,42,Qualification,GACINA Andrej (CRO),MENGEL Steffen (GER)
Pro Tour German Open Bremen 2009,2009-03-19,KLEPRLIK Jakub,RINIOTIS Anastasios,4,1,"9,11,13,11,11|11,6,11,7,8",,GRAND_SLAM,MS,42,Qualification,KLEPRLIK Jakub (CZE),RINIOTIS Anastasios (GRE)
Pro Tour German Open Bremen 2009,2009-03-19,HIELSCHER Lars,RINIOTIS Anastasios,4,0,"11,11,11,11|9,8,7,8",QR2,GRAND_SLAM,MS,42,Qualification,HIELSCHER Lars (GER),RINIOTIS Anastasios (GRE)
Pro Tour German Open Bremen 2009,2009-03-19,HIELSCHER Lars,KLEPRLIK Jakub,4,3,"11,8,12,8,6,11,12|4,11,10,11,11,2,10",3,GRAND_SLAM,MS,42,Qualification,HIELSCHER Lars (GER),KLEPRLIK Jakub (CZE)
Pro Tour German Open Bremen 2009,2009-03-19,ZOMBORI David,DIDUKH Viktor,4,2,"11,12,9,11,8,11|9,10,11,3,11,6",,GRAND_SLAM,MS,42,Qualification,ZOMBORI David (HUN),DIDUKH Viktor (UKR)
Pro Tour German Open Bremen 2009,2009-03-19,WU Chih-Chi,DIDUKH Viktor,4,0,"12,11,11,11|10,4,5,3",QR2,GRAND_SLAM,MS,42,Qualification,WU Chih-Chi (TPE),DIDUKH Viktor (UKR)
Pro Tour German Open Bremen 2009,2009-03-19,WU Chih-Chi,ZOMBORI David,4,0,"11,11,11,11|6,5,4,9",3,GRAND_SLAM,MS,42,Qualification,WU Chih-Chi (TPE),ZOMBORI David (HUN)
Pro Tour German Open Bremen 2009,2009-03-19,AKERSTROM Fabian,ASSAR Omar,4,2,"7,5,11,11,11,11|11,11,7,5,8,6",,GRAND_SLAM,MS,42,Qualification,AKERSTROM Fabian (SWE),ASSAR Omar (EGY)
Pro Tour German Open Bremen 2009,2009-03-19,WOSIK Torben,ASSAR Omar,4,0,"11,11,16,11|5,6,14,3",QR2,GRAND_SLAM,MS,42,Qualification,WOSIK Torben (GER),ASSAR Omar (EGY)
Pro Tour German Open Bremen 2009,2009-03-19,AKERSTROM Fabian,WOSIK Torben,4,3,"11,11,5,8,6,11,14|8,6,11,11,11,8,12",3,GRAND_SLAM,MS,42,Qualification,AKERSTROM Fabian (SWE),WOSIK Torben (GER)
Pro Tour German Open Bremen 2009,2009-03-19,GOLOVANOV Stanislav,KARLSSON Kristian,4,3,"5,7,13,8,11,11,11|11,11,11,11,3,8,6",,GRAND_SLAM,MS,42,Qualification,GOLOVANOV Stanislav (BUL),KARLSSON Kristian (SWE)
Pro Tour German Open Bremen 2009,2009-03-19,FILIMON Andrei,KARLSSON Kristian,4,2,"11,9,11,7,11,11|9,11,9,11,3,6",QR2,GRAND_SLAM,MS,42,Qualification,FILIMON Andrei (ROU),KARLSSON Kristian (SWE)
Pro Tour German Open Bremen 2009,2009-03-19,GOLOVANOV Stanislav,FILIMON Andrei,4,2,"11,11,5,13,8,11|6,6,11,11,11,7",3,GRAND_SLAM,MS,42,Qualification,GOLOVANOV Stanislav (BUL),FILIMON Andrei (ROU)
Pro Tour German Open Bremen 2009,2009-03-19,SZYMANSKI Filip,LE BRETON Thomas,4,1,"11,8,11,11,13|5,11,8,6,11",,GRAND_SLAM,MS,42,Qualification,SZYMANSKI Filip (POL),LE BRETON Thomas (FRA)
Pro Tour German Open Bremen 2009,2009-03-19,CIOTI Constantin,LE BRETON Thomas,4,1,"11,8,11,11,11|5,11,7,6,1",QR2,GRAND_SLAM,MS,42,Qualification,CIOTI Constantin (ROU),LE BRETON Thomas (FRA)
Pro Tour German Open Bremen 2009,2009-03-19,CIOTI Constantin,SZYMANSKI Filip,4,0,"13,11,11,11|11,6,5,7",3,GRAND_SLAM,MS,42,Qualification,CIOTI Constantin (ROU),SZYMANSKI Filip (POL)
Pro Tour German Open Bremen 2009,2009-03-19,FEGERL Stefan,MICHELY Gilles,4,0,"11,11,11,11|6,8,4,5",,GRAND_SLAM,MS,42,Qualification,FEGERL Stefan (AUT),MICHELY Gilles (LUX)
Pro Tour German Open Bremen 2009,2009-03-19,MICHELY Gilles,GRUJIC Slobodan,4,3,"15,9,11,11,5,5,11|13,11,9,6,11,11,9",QR2,GRAND_SLAM,MS,42,Qualification,MICHELY Gilles (LUX),GRUJIC Slobodan (SRB)
Pro Tour German Open Bremen 2009,2009-03-19,FEGERL Stefan,GRUJIC Slobodan,4,0,,3,GRAND_SLAM,MS,42,Qualification,FEGERL Stefan (AUT),GRUJIC Slobodan (SRB)
Pro Tour German Open Bremen 2009,2009-03-19,ILLAS Erik,OMAR Rashid,4,0,"11,11,11,11|4,9,7,5",,GRAND_SLAM,MS,42,Qualification,ILLAS Erik (SVK),OMAR Rashid (UAE)
Pro Tour German Open Bremen 2009,2009-03-19,WANG Jianfeng,OMAR Rashid,4,2,"11,4,11,9,11,11|5,11,5,11,6,6",QR2,GRAND_SLAM,MS,42,Qualification,WANG Jianfeng (NOR),OMAR Rashid (UAE)
Pro Tour German Open Bremen 2009,2009-03-19,WANG Jianfeng,ILLAS Erik,4,1,"11,9,11,11,11|3,11,4,7,5",3,GRAND_SLAM,MS,42,Qualification,WANG Jianfeng (NOR),ILLAS Erik (SVK)
Pro Tour German Open Bremen 2009,2009-03-19,WANG Daqi,KARLSSON Mattias,4,1,"13,11,11,3,12|11,9,7,11,10",,GRAND_SLAM,MS,42,Qualification,WANG Daqi (SMR),KARLSSON Mattias (SWE)
Pro Tour German Open Bremen 2009,2009-03-19,APOLONIA Tiago,KARLSSON Mattias,4,1,"11,11,11,15,11|9,3,5,17,5",QR2,GRAND_SLAM,MS,42,Qualification,APOLONIA Tiago (POR),KARLSSON Mattias (SWE)
Pro Tour German Open Bremen 2009,2009-03-19,APOLONIA Tiago,WANG Daqi,4,3,"11,8,9,11,11,8,11|9,11,11,2,8,11,4",3,GRAND_SLAM,MS,42,Qualification,APOLONIA Tiago (POR),WANG Daqi (SMR)
Pro Tour German Open Bremen 2009,2009-03-19,VOSTES Yannick,FERTIKOWSKI Pawel,4,0,"11,11,11,11|6,7,6,5",,GRAND_SLAM,MS,42,Qualification,VOSTES Yannick (BEL),FERTIKOWSKI Pawel (POL)
Pro Tour German Open Bremen 2009,2009-03-19,CHIANG Hung-Chieh,FERTIKOWSKI Pawel,4,1,"11,11,9,12,11|7,5,11,10,6",QR2,GRAND_SLAM,MS,42,Qualification,CHIANG Hung-Chieh (TPE),FERTIKOWSKI Pawel (POL)
Pro Tour German Open Bremen 2009,2009-03-19,VOSTES Yannick,CHIANG Hung-Chieh,4,2,"11,7,11,10,11,11|8,11,9,12,4,6",3,GRAND_SLAM,MS,42,Qualification,VOSTES Yannick (BEL),CHIANG Hung-Chieh (TPE)
Pro Tour German Open Bremen 2009,2009-03-19,VLASOV Grigory,VITTA Kilomo,4,2,"12,7,11,11,10,11|10,11,5,6,12,7",,GRAND_SLAM,MS,42,Qualification,VLASOV Grigory (RUS),VITTA Kilomo (BEL)
Pro Tour German Open Bremen 2009,2009-03-19,JAKAB Janos,VITTA Kilomo,4,1,"11,11,10,11,11|3,7,12,5,7",QR2,GRAND_SLAM,MS,42,Qualification,JAKAB Janos (HUN),VITTA Kilomo (BEL)
Pro Tour German Open Bremen 2009,2009-03-19,JAKAB Janos,VLASOV Grigory,4,1,"11,11,11,3,11|7,5,8,11,9",3,GRAND_SLAM,MS,42,Qualification,JAKAB Janos (HUN),VLASOV Grigory (RUS)
Pro Tour German Open Bremen 2009,2009-03-19,IONESCU Ovidiu,FILUS Ruwen,4,3,"14,9,11,11,9,11,11|12,11,9,13,11,9,8",,GRAND_SLAM,MS,42,Qualification,IONESCU Ovidiu (ROU),FILUS Ruwen (GER)
Pro Tour German Open Bremen 2009,2009-03-19,YANG Min,IONESCU Ovidiu,4,0,"11,11,11,11|4,1,8,9",QR2,GRAND_SLAM,MS,42,Qualification,YANG Min (ITA),IONESCU Ovidiu (ROU)
Pro Tour German Open Bremen 2009,2009-03-19,YANG Min,FILUS Ruwen,4,2,"11,10,11,7,11,11|9,12,6,11,4,8",3,GRAND_SLAM,MS,42,Qualification,YANG Min (ITA),FILUS Ruwen (GER)
Pro Tour German Open Bremen 2009,2009-03-19,LI Kewei,ALAMIYAN Noshad,4,2,"11,8,11,11,11,11|13,11,5,5,4,4",,GRAND_SLAM,MS,42,Qualification,LI Kewei (MLT),ALAMIYAN Noshad (IRI)
Pro Tour German Open Bremen 2009,2009-03-19,CHTCHETININE Evgueni,ALAMIYAN Noshad,4,0,"11,11,11,11|9,8,6,7",QR2,GRAND_SLAM,MS,42,Qualification,CHTCHETININE Evgueni (BLR),ALAMIYAN Noshad (IRI)
Pro Tour German Open Bremen 2009,2009-03-19,CHTCHETININE Evgueni,LI Kewei,4,3,"4,13,10,11,11,10,11|11,11,12,8,8,12,8",3,GRAND_SLAM,MS,42,Qualification,CHTCHETININE Evgueni (BLR),LI Kewei (MLT)
Pro Tour German Open Bremen 2009,2009-03-19,BOBILLIER Loic,KOVAC Borna,4,1,"11,7,11,11,11|8,11,2,9,7",,GRAND_SLAM,MS,42,Qualification,BOBILLIER Loic (FRA),KOVAC Borna (CRO)
Pro Tour German Open Bremen 2009,2009-03-19,PISTEJ Lubomir,KOVAC Borna,4,2,"11,6,11,9,11,12|4,11,9,11,3,10",QR2,GRAND_SLAM,MS,42,Qualification,PISTEJ Lubomir (SVK),KOVAC Borna (CRO)
Pro Tour German Open Bremen 2009,2009-03-19,PISTEJ Lubomir,BOBILLIER Loic,4,1,"11,13,14,7,11|8,11,12,11,7",3,GRAND_SLAM,MS,42,Qualification,PISTEJ Lubomir (SVK),BOBILLIER Loic (FRA)
Pro Tour German Open Bremen 2009,2009-03-19,ZHMUDENKO Yaroslav,MENGE Gencay,4,0,"11,11,12,11|7,3,10,8",,GRAND_SLAM,MS,42,Qualification,ZHMUDENKO Yaroslav (UKR),MENGE Gencay (TUR)
Pro Tour German Open Bremen 2009,2009-03-19,MATTENET Adrien,MENGE Gencay,4,1,"3,11,11,11,11|11,7,8,6,6",QR2,GRAND_SLAM,MS,42,Qualification,MATTENET Adrien (FRA),MENGE Gencay (TUR)
Pro Tour German Open Bremen 2009,2009-03-19,MATTENET Adrien,ZHMUDENKO Yaroslav,4,1,"11,11,8,11,11|6,7,11,9,4",3,GRAND_SLAM,MS,42,Qualification,MATTENET Adrien (FRA),ZHMUDENKO Yaroslav (UKR)
Pro Tour German Open Bremen 2009,2009-03-19,BURGIS Matiss,LE GUEN Victorien,4,2,"11,6,11,5,11,11|4,11,8,11,7,7",,GRAND_SLAM,MS,42,Qualification,BURGIS Matiss (LAT),LE GUEN Victorien (FRA)
Pro Tour German Open Bremen 2009,2009-03-19,SVENSSON Robert,LE GUEN Victorien,4,0,"11,11,11,11|9,2,8,4",QR2,GRAND_SLAM,MS,42,Qualification,SVENSSON Robert (SWE),LE GUEN Victorien (FRA)
Pro Tour German Open Bremen 2009,2009-03-19,SVENSSON Robert,BURGIS Matiss,4,1,"11,7,11,11,11|9,11,9,4,6",3,GRAND_SLAM,MS,42,Qualification,SVENSSON Robert (SWE),BURGIS Matiss (LAT)
Pro Tour German Open Bremen 2009,2009-03-19,VOZICKY Bohumil,LI Kwun Ngai,4,1,"11,11,11,11,13|13,5,8,6,11",,GRAND_SLAM,MS,42,Qualification,VOZICKY Bohumil (CZE),LI Kwun Ngai (HKG)
Pro Tour German Open Bremen 2009,2009-03-19,ZENG Cem,LI Kwun Ngai,4,1,"11,9,11,11,13|7,11,7,5,11",QR2,GRAND_SLAM,MS,42,Qualification,ZENG Cem (TUR),LI Kwun Ngai (HKG)
Pro Tour German Open Bremen 2009,2009-03-19,ZENG Cem,VOZICKY Bohumil,4,1,"11,13,6,11,15|9,11,11,6,13",3,GRAND_SLAM,MS,42,Qualification,ZENG Cem (TUR),VOZICKY Bohumil (CZE)
Pro Tour German Open Bremen 2009,2009-03-19,DURAN Marc,AGUIRRE Marcelo,4,0,"13,11,11,13|11,7,6,11",,GRAND_SLAM,MS,42,Qualification,DURAN Marc (ESP),AGUIRRE Marcelo (PAR)
Pro Tour German Open Bremen 2009,2009-03-19,KOSOWSKI Jakub,AGUIRRE Marcelo,4,1,"9,11,11,11,11|11,8,4,6,7",QR2,GRAND_SLAM,MS,42,Qualification,KOSOWSKI Jakub (POL),AGUIRRE Marcelo (PAR)
Pro Tour German Open Bremen 2009,2009-03-19,KOSOWSKI Jakub,DURAN Marc,4,1,"11,11,11,12,11|6,9,13,10,6",3,GRAND_SLAM,MS,42,Qualification,KOSOWSKI Jakub (POL),DURAN Marc (ESP)
Pro Tour German Open Bremen 2009,2009-03-19,JEVTOVIC Marko,FLORAS Robert,4,1,"11,11,6,12,11|6,8,11,10,8",,GRAND_SLAM,MS,42,Qualification,JEVTOVIC Marko (SRB),FLORAS Robert (POL)
Pro Tour German Open Bremen 2009,2009-03-19,BOBOCICA Mihai,FLORAS Robert,4,1,"11,11,12,9,11|9,7,10,11,8",QR2,GRAND_SLAM,MS,42,Qualification,BOBOCICA Mihai (ITA),FLORAS Robert (POL)
Pro Tour German Open Bremen 2009,2009-03-19,BOBOCICA Mihai,JEVTOVIC Marko,4,0,"11,11,11,11|7,5,9,5",3,GRAND_SLAM,MS,42,Qualification,BOBOCICA Mihai (ITA),JEVTOVIC Marko (SRB)
Pro Tour German Open Bremen 2009,2009-03-19,TOMASI Stefano,GOLEBIOWSKI Mateusz,4,3,"11,11,5,11,5,11,11|7,6,11,7,11,13,5",,GRAND_SLAM,MS,42,Qualification,TOMASI Stefano (ITA),GOLEBIOWSKI Mateusz (POL)
Pro Tour German Open Bremen 2009,2009-03-19,SEREDA Peter,GOLEBIOWSKI Mateusz,4,2,"7,11,1,11,11,11|11,5,11,3,4,6",QR2,GRAND_SLAM,MS,42,Qualification,SEREDA Peter (SVK),GOLEBIOWSKI Mateusz (POL)
Pro Tour German Open Bremen 2009,2009-03-19,SEREDA Peter,TOMASI Stefano,4,0,"11,11,14,11|4,5,12,6",3,GRAND_SLAM,MS,42,Qualification,SEREDA Peter (SVK),TOMASI Stefano (ITA)
Pro Tour German Open Bremen 2009,2009-03-19,KONGSGAARD Christian,PLACEK Frantisek,4,0,"11,11,11,11|2,9,9,8",,GRAND_SLAM,MS,42,Qualification,KONGSGAARD Christian (DEN),PLACEK Frantisek (CZE)
Pro Tour German Open Bremen 2009,2009-03-19,LEBESSON Emmanuel,PLACEK Frantisek,4,0,"11,11,11,11|5,7,7,5",QR2,GRAND_SLAM,MS,42,Qualification,LEBESSON Emmanuel (FRA),PLACEK Frantisek (CZE)
Pro Tour German Open Bremen 2009,2009-03-19,LEBESSON Emmanuel,KONGSGAARD Christian,4,0,"11,11,11,11|6,6,9,4",3,GRAND_SLAM,MS,42,Qualification,LEBESSON Emmanuel (FRA),KONGSGAARD Christian (DEN)
Pro Tour German Open Bremen 2009,2009-03-19,GAVLAS Antonin,RONNEBERG Espen,4,3,"12,6,8,11,11,10,11|10,11,11,5,7,12,6",,GRAND_SLAM,MS,42,Qualification,GAVLAS Antonin (CZE),RONNEBERG Espen (NOR)
Pro Tour German Open Bremen 2009,2009-03-19,MONRAD Martin,RONNEBERG Espen,4,2,"12,11,6,9,12,12|10,7,11,11,10,10",QR2,GRAND_SLAM,MS,42,Qualification,MONRAD Martin (DEN),RONNEBERG Espen (NOR)
Pro Tour German Open Bremen 2009,2009-03-19,MONRAD Martin,GAVLAS Antonin,4,2,"11,11,11,10,9,13|6,9,9,12,11,11",3,GRAND_SLAM,MS,42,Qualification,MONRAD Martin (DEN),GAVLAS Antonin (CZE)
Pro Tour German Open Bremen 2009,2009-03-19,NEKHVEDOVICH Vitaly,EVANS Gavin,4,1,"11,12,9,11,11|9,10,11,8,8",,GRAND_SLAM,MS,42,Qualification,NEKHVEDOVICH Vitaly (BLR),EVANS Gavin (ENG)
Pro Tour German Open Bremen 2009,2009-03-19,TOSIC Roko,EVANS Gavin,4,0,"11,12,11,11|6,10,6,3",QR2,GRAND_SLAM,MS,42,Qualification,TOSIC Roko (CRO),EVANS Gavin (ENG)
Pro Tour German Open Bremen 2009,2009-03-19,TOSIC Roko,NEKHVEDOVICH Vitaly,4,2,"12,13,11,6,11,11|14,11,4,11,8,2",3,GRAND_SLAM,MS,42,Qualification,TOSIC Roko (CRO),NEKHVEDOVICH Vitaly (BLR)
Pro Tour German Open Bremen 2009,2009-03-19,PETO Zsolt,DIEZ Endika,4,2,"6,11,11,9,12,11|11,6,8,11,10,5",,GRAND_SLAM,MS,42,Qualification,PETO Zsolt (SRB),DIEZ Endika (ESP)
Pro Tour German Open Bremen 2009,2009-03-19,DIDUKH Oleksandr,DIEZ Endika,4,3,"8,10,11,6,11,11,11|11,12,4,11,6,2,6",QR2,GRAND_SLAM,MS,42,Qualification,DIDUKH Oleksandr (UKR),DIEZ Endika (ESP)
Pro Tour German Open Bremen 2009,2009-03-19,DIDUKH Oleksandr,PETO Zsolt,4,1,"11,10,11,11,11|9,12,9,6,5",3,GRAND_SLAM,MS,42,Qualification,DIDUKH Oleksandr (UKR),PETO Zsolt (SRB)
Pro Tour German Open Bremen 2009,2009-03-19,PROKOPCOV Dmitrij,PLATTNER Dominique,4,0,"11,11,11,11|9,6,5,7",,GRAND_SLAM,MS,42,Qualification,PROKOPCOV Dmitrij (CZE),PLATTNER Dominique (AUT)
Pro Tour German Open Bremen 2009,2009-03-19,DRINKHALL Paul,PLATTNER Dominique,4,2,"8,9,11,11,11,12|11,11,4,9,5,10",QR2,GRAND_SLAM,MS,42,Qualification,DRINKHALL Paul (ENG),PLATTNER Dominique (AUT)
Pro Tour German Open Bremen 2009,2009-03-19,PROKOPCOV Dmitrij,DRINKHALL Paul,4,2,"11,12,6,11,10,11|8,10,11,3,12,7",3,GRAND_SLAM,MS,42,Qualification,PROKOPCOV Dmitrij (CZE),DRINKHALL Paul (ENG)
Pro Tour German Open Bremen 2009,2009-03-19,CAI Xiaoli,STORF Martin,4,1,"11,6,11,12,17|7,11,6,10,15",,GRAND_SLAM,MS,42,Qualification,CAI Xiaoli (SGP),STORF Martin (AUT)
Pro Tour German Open Bremen 2009,2009-03-19,MACHADO Carlos,STORF Martin,4,0,"11,11,11,11|6,4,5,6",QR2,GRAND_SLAM,MS,42,Qualification,MACHADO Carlos (ESP),STORF Martin (AUT)
Pro Tour German Open Bremen 2009,2009-03-19,MACHADO Carlos,CAI Xiaoli,4,2,"12,11,11,9,11,11|10,7,7,11,13,9",3,GRAND_SLAM,MS,42,Qualification,MACHADO Carlos (ESP),CAI Xiaoli (SGP)
Pro Tour German Open Bremen 2009,2009-03-19,PRESSLMAYER Bernhard,PANG Xue Jie,4,2,"8,11,11,6,11,11|11,9,5,11,3,9",,GRAND_SLAM,MS,42,Qualification,PRESSLMAYER Bernhard (AUT),PANG Xue Jie (SGP)
Pro Tour German Open Bremen 2009,2009-03-19,SKACHKOV Kirill,PANG Xue Jie,4,1,"11,11,11,9,11|6,9,7,11,5",QR2,GRAND_SLAM,MS,42,Qualification,SKACHKOV Kirill (RUS),PANG Xue Jie (SGP)
Pro Tour German Open Bremen 2009,2009-03-19,SKACHKOV Kirill,PRESSLMAYER Bernhard,4,1,"11,11,11,9,11|5,8,8,11,6",3,GRAND_SLAM,MS,42,Qualification,SKACHKOV Kirill (RUS),PRESSLMAYER Bernhard (AUT)
Pro Tour German Open Bremen 2009,2009-03-19,SALIFOU Abdel-Kader,GROTH Jonathan,4,1,"11,11,11,9,11|5,4,6,11,6",,GRAND_SLAM,MS,42,Qualification,SALIFOU Abdel-Kader (BEN),GROTH Jonathan (DEN)
Pro Tour German Open Bremen 2009,2009-03-19,CARNEROS Alfredo,GROTH Jonathan,4,3,"10,11,10,4,11,11,13|12,9,12,11,4,6,11",QR2,GRAND_SLAM,MS,42,Qualification,CARNEROS Alfredo (ESP),GROTH Jonathan (DEN)
Pro Tour German Open Bremen 2009,2009-03-19,CARNEROS Alfredo,SALIFOU Abdel-Kader,4,1,"11,11,11,11,11|13,8,7,6,5",3,GRAND_SLAM,MS,42,Qualification,CARNEROS Alfredo (ESP),SALIFOU Abdel-Kader (BEN)
Pro Tour German Open Bremen 2009,2009-03-19,PAPAGEORGIOU Konstantinos,KAMBEROV Radoslav,4,1,"11,11,16,11,11|7,6,14,13,7",,GRAND_SLAM,MS,42,Qualification,PAPAGEORGIOU Konstantinos (GRE),KAMBEROV Radoslav (BUL)
Pro Tour German Open Bremen 2009,2009-03-19,MATSUDAIRA Kenji,KAMBEROV Radoslav,4,0,"11,11,11,11|6,2,6,3",QR2,GRAND_SLAM,MS,42,Qualification,MATSUDAIRA Kenji (JPN),KAMBEROV Radoslav (BUL)
Pro Tour German Open Bremen 2009,2009-03-19,MATSUDAIRA Kenji,PAPAGEORGIOU Konstantinos,4,3,"11,9,6,14,7,11,12|8,11,11,12,11,6,10",3,GRAND_SLAM,MS,42,Qualification,MATSUDAIRA Kenji (JPN),PAPAGEORGIOU Konstantinos (GRE)
Pro Tour German Open Bremen 2009,2009-03-19,CHMIEL Pawel,VANNUCCI Marco,4,0,"11,11,11,11|6,6,4,3",,GRAND_SLAM,MS,42,Qualification,CHMIEL Pawel (POL),VANNUCCI Marco (SMR)
Pro Tour German Open Bremen 2009,2009-03-19,JOVER Sebastien,VANNUCCI Marco,4,1,"9,11,11,11,11|11,5,6,8,7",QR2,GRAND_SLAM,MS,42,Qualification,JOVER Sebastien (FRA),VANNUCCI Marco (SMR)
Pro Tour German Open Bremen 2009,2009-03-19,JOVER Sebastien,CHMIEL Pawel,4,0,"11,11,14,11|7,9,12,8",3,GRAND_SLAM,MS,42,Qualification,JOVER Sebastien (FRA),CHMIEL Pawel (POL)
Pro Tour German Open Bremen 2009,2009-03-19,KONECNY Tomas,ZHENG Peifeng,4,0,"11,11,11,11|9,9,7,9",,GRAND_SLAM,MS,42,Qualification,KONECNY Tomas (CZE),ZHENG Peifeng (CHN)
Pro Tour German Open Bremen 2009,2009-03-19,ZHENG Peifeng,MA Liang,4,3,"6,12,6,11,11,14,11|11,10,11,13,9,12,5",QR2,GRAND_SLAM,MS,42,Qualification,ZHENG Peifeng (CHN),MA Liang (SGP)
Pro Tour German Open Bremen 2009,2009-03-19,MA Liang,KONECNY Tomas,4,2,"8,11,11,12,8,11|11,4,6,10,11,9",3,GRAND_SLAM,MS,42,Qualification,MA Liang (SGP),KONECNY Tomas (CZE)
Pro Tour German Open Bremen 2009,2009-03-19,DANIEL Artur,AXELQVIST Johan,4,3,"11,6,6,11,12,11,12|9,11,11,13,10,8,10",,GRAND_SLAM,MS,42,Qualification,DANIEL Artur (POL),AXELQVIST Johan (SWE)
Pro Tour German Open Bremen 2009,2009-03-19,HABESOHN Daniel,DANIEL Artur,4,2,"12,11,11,2,9,11|10,7,2,11,11,9",QR2,GRAND_SLAM,MS,42,Qualification,HABESOHN Daniel (AUT),DANIEL Artur (POL)
Pro Tour German Open Bremen 2009,2009-03-19,AXELQVIST Johan,HABESOHN Daniel,4,3,"7,9,11,9,14,11,11|11,11,8,11,12,9,9",3,GRAND_SLAM,MS,42,Qualification,AXELQVIST Johan (SWE),HABESOHN Daniel (AUT)
Pro Tour German Open Bremen 2009,2009-03-19,JANCARIK Lubomir,MANNA Romualdo,4,1,"13,5,11,11,11|11,11,7,4,6",,GRAND_SLAM,MS,42,Qualification,JANCARIK Lubomir (CZE),MANNA Romualdo (ITA)
Pro Tour German Open Bremen 2009,2009-03-19,TSUBOI Gustavo,LIU Yanan,4,2,"7,11,13,2,11,11|11,5,11,11,7,9",QR2,GRAND_SLAM,MS,42,Qualification,TSUBOI Gustavo (BRA),LIU Yanan (CHN)
Pro Tour German Open Bremen 2009,2009-03-19,JANCARIK Lubomir,LIU Yanan,4,2,"10,11,6,11,11,11|12,6,11,9,8,8",3,GRAND_SLAM,MS,42,Qualification,JANCARIK Lubomir (CZE),LIU Yanan (CHN)
Pro Tour German Open Bremen 2009,2009-03-19,TSUBOI Gustavo,MANNA Romualdo,4,0,"11,11,11,11|7,4,7,6",QR4,GRAND_SLAM,MS,42,Qualification,TSUBOI Gustavo (BRA),MANNA Romualdo (ITA)
Pro Tour German Open Bremen 2009,2009-03-19,JANCARIK Lubomir,TSUBOI Gustavo,4,3,"9,8,12,11,6,11,11|11,11,10,6,11,7,7",5,GRAND_SLAM,MS,42,Qualification,JANCARIK Lubomir (CZE),TSUBOI Gustavo (BRA)
Pro Tour German Open Bremen 2009,2009-03-19,LIU Yanan,MANNA Romualdo,4,2,"11,5,11,11,6,11|5,11,9,9,11,6",6,GRAND_SLAM,MS,42,Qualification,LIU Yanan (CHN),MANNA Romualdo (ITA)
Pro Tour German Open Bremen 2009,2009-03-19,YIN Hang,OYA Hidetoshi,4,3,"9,11,11,11,5,6,11|11,8,9,9,11,11,5",,GRAND_SLAM,MS,42,Qualification,YIN Hang (CHN),OYA Hidetoshi (JPN)
Pro Tour German Open Bremen 2009,2009-03-19,HUANG Sheng-Sheng,SCHAIBLE Rene,4,0,"11,11,11,12|3,4,8,10",QR2,GRAND_SLAM,MS,42,Qualification,HUANG Sheng-Sheng (TPE),SCHAIBLE Rene (PAN)
Pro Tour German Open Bremen 2009,2009-03-19,OYA Hidetoshi,SCHAIBLE Rene,4,1,"11,11,10,11,11|5,9,12,8,3",3,GRAND_SLAM,MS,42,Qualification,OYA Hidetoshi (JPN),SCHAIBLE Rene (PAN)
Pro Tour German Open Bremen 2009,2009-03-19,YIN Hang,HUANG Sheng-Sheng,4,3,"5,11,12,11,11,7,11|11,8,10,13,7,11,5",QR4,GRAND_SLAM,MS,42,Qualification,YIN Hang (CHN),HUANG Sheng-Sheng (TPE)
Pro Tour German Open Bremen 2009,2009-03-19,OYA Hidetoshi,HUANG Sheng-Sheng,4,3,"8,12,7,8,12,11,11|11,10,11,11,10,7,8",5,GRAND_SLAM,MS,42,Qualification,OYA Hidetoshi (JPN),HUANG Sheng-Sheng (TPE)
Pro Tour German Open Bremen 2009,2009-03-19,YIN Hang,SCHAIBLE Rene,4,0,"11,11,11,11|5,7,4,6",6,GRAND_SLAM,MS,42,Qualification,YIN Hang (CHN),SCHAIBLE Rene (PAN)
Pro Tour German Open Bremen 2009,2009-03-19,BOLL Timo,YANG Min,4,0,"11,11,11,12|7,1,3,10",R64,GRAND_SLAM,MS,42,Main Draw,BOLL Timo (GER),YANG Min (ITA)
Pro Tour German Open Bremen 2009,2009-03-19,GIONIS Panagiotis,WU Chih-Chi,4,3,"8,8,11,8,11,11,11|11,11,3,11,5,8,2",R64,GRAND_SLAM,MS,42,Main Draw,GIONIS Panagiotis (GRE),WU Chih-Chi (TPE)
Pro Tour German Open Bremen 2009,2009-03-19,ELOI Damien,BOBOCICA Mihai,4,2,"9,11,10,11,11,13|11,4,12,5,3,11",R64,GRAND_SLAM,MS,42,Main Draw,ELOI Damien (FRA),BOBOCICA Mihai (ITA)
Pro Tour German Open Bremen 2009,2009-03-19,MATTENET Adrien,CRISAN Adrian,4,2,"11,11,9,11,9,11|8,6,11,4,11,3",R64,GRAND_SLAM,MS,42,Main Draw,MATTENET Adrien (FRA),CRISAN Adrian (ROU)
Pro Tour German Open Bremen 2009,2009-03-19,CHEN Weixing,HIELSCHER Lars,4,0,"11,11,11,11|8,6,2,0",R64,GRAND_SLAM,MS,42,Main Draw,CHEN Weixing (AUT),HIELSCHER Lars (GER)
Pro Tour German Open Bremen 2009,2009-03-19,SEREDA Peter,VANG Bora,4,2,"8,14,11,9,14,11|11,12,4,11,12,8",R64,GRAND_SLAM,MS,42,Main Draw,SEREDA Peter (SVK),VANG Bora (TUR)
Pro Tour German Open Bremen 2009,2009-03-19,KEINATH Thomas,KORBEL Petr,4,1,"11,11,15,5,11|7,6,13,11,2",R64,GRAND_SLAM,MS,42,Main Draw,KEINATH Thomas (SVK),KORBEL Petr (CZE)
Pro Tour German Open Bremen 2009,2009-03-19,CIOTI Constantin,MAZE Michael,4,2,"11,11,7,11,11,11|13,4,11,9,8,5",R64,GRAND_SLAM,MS,42,Main Draw,CIOTI Constantin (ROU),MAZE Michael (DEN)
Pro Tour German Open Bremen 2009,2009-03-19,KAN Yo,PROKOPCOV Dmitrij,4,3,"7,11,12,11,11,10,11|11,8,14,9,8,12,4",R64,GRAND_SLAM,MS,42,Main Draw,KAN Yo (JPN),PROKOPCOV Dmitrij (CZE)
Pro Tour German Open Bremen 2009,2009-03-19,KISHIKAWA Seiya,TOKIC Bojan,4,3,"11,8,6,12,11,7,11|8,11,11,10,6,11,8",R64,GRAND_SLAM,MS,42,Main Draw,KISHIKAWA Seiya (JPN),TOKIC Bojan (SLO)
Pro Tour German Open Bremen 2009,2009-03-19,LEGOUT Christophe,MONTEIRO Thiago,4,3,"8,11,11,19,10,7,18|11,6,9,17,12,11,16",R64,GRAND_SLAM,MS,42,Main Draw,LEGOUT Christophe (FRA),MONTEIRO Thiago (BRA)
Pro Tour German Open Bremen 2009,2009-03-19,MIZUTANI Jun,LEBESSON Emmanuel,4,0,"11,12,11,11|7,10,9,2",R64,GRAND_SLAM,MS,42,Main Draw,MIZUTANI Jun (JPN),LEBESSON Emmanuel (FRA)
Pro Tour German Open Bremen 2009,2009-03-19,YOSHIDA Kaii,FEGERL Stefan,4,1,"11,11,11,11,11|9,13,6,9,8",R64,GRAND_SLAM,MS,42,Main Draw,YOSHIDA Kaii (JPN),FEGERL Stefan (AUT)
Pro Tour German Open Bremen 2009,2009-03-19,TOSIC Roko,LUNDQVIST Jens,4,1,"12,8,15,12,11|10,11,13,10,6",R64,GRAND_SLAM,MS,42,Main Draw,TOSIC Roko (CRO),LUNDQVIST Jens (SWE)
Pro Tour German Open Bremen 2009,2009-03-19,HE Zhiwen,BUROV Viacheslav,4,1,"11,8,11,11,11|8,11,5,2,3",R64,GRAND_SLAM,MS,42,Main Draw,HE Zhiwen (ESP),BUROV Viacheslav (RUS)
Pro Tour German Open Bremen 2009,2009-03-19,CHUANG Chih-Yuan,YIN Hang,4,1,"11,5,11,11,11|3,11,5,5,9",R64,GRAND_SLAM,MS,42,Main Draw,CHUANG Chih-Yuan (TPE),YIN Hang (CHN)
Pro Tour German Open Bremen 2009,2009-03-19,OVTCHAROV Dimitrij,AKERSTROM Fabian,4,1,"11,11,8,11,13|8,7,11,6,11",R64,GRAND_SLAM,MS,42,Main Draw,OVTCHAROV Dimitrij (GER),AKERSTROM Fabian (SWE)
Pro Tour German Open Bremen 2009,2009-03-19,GERELL Par,BLASZCZYK Lucjan,4,2,"5,3,11,11,11,12|11,11,8,4,4,10",R64,GRAND_SLAM,MS,42,Main Draw,GERELL Par (SWE),BLASZCZYK Lucjan (POL)
Pro Tour German Open Bremen 2009,2009-03-19,YANG Zi,CHENG Jingqi,4,0,"11,11,11,11|9,8,9,9",R64,GRAND_SLAM,MS,42,Main Draw,YANG Zi (SGP),CHENG Jingqi (CHN)
Pro Tour German Open Bremen 2009,2009-03-19,SUSS Christian,JAKAB Janos,4,0,"11,11,11,11|5,7,2,9",R64,GRAND_SLAM,MS,42,Main Draw,SUSS Christian (GER),JAKAB Janos (HUN)
Pro Tour German Open Bremen 2009,2009-03-19,PRIMORAC Zoran,SVENSSON Robert,4,1,"15,11,11,8,11|13,6,8,11,8",R64,GRAND_SLAM,MS,42,Main Draw,PRIMORAC Zoran (CRO),SVENSSON Robert (SWE)
Pro Tour German Open Bremen 2009,2009-03-19,STEGER Bastian,MONRAD Martin,4,2,"11,11,7,11,10,11|8,6,11,7,12,7",R64,GRAND_SLAM,MS,42,Main Draw,STEGER Bastian (GER),MONRAD Martin (DEN)
Pro Tour German Open Bremen 2009,2009-03-19,SMIRNOV Alexey,PISTEJ Lubomir,4,3,"13,11,6,9,11,6,11|11,3,11,11,9,11,7",R64,GRAND_SLAM,MS,42,Main Draw,SMIRNOV Alexey (RUS),PISTEJ Lubomir (SVK)
Pro Tour German Open Bremen 2009,2009-03-19,SKACHKOV Kirill,PERSSON Jorgen,4,1,"14,11,11,6,12|12,9,7,11,10",R64,GRAND_SLAM,MS,42,Main Draw,SKACHKOV Kirill (RUS),PERSSON Jorgen (SWE)
Pro Tour German Open Bremen 2009,2009-03-19,GAO Ning,APOLONIA Tiago,4,2,"11,7,11,11,11,11|4,11,9,6,13,6",R64,GRAND_SLAM,MS,42,Main Draw,GAO Ning (SGP),APOLONIA Tiago (POR)
Pro Tour German Open Bremen 2009,2009-03-19,MONTEIRO Joao,GOLOVANOV Stanislav,4,1,"11,9,11,11,11|8,11,4,4,8",R64,GRAND_SLAM,MS,42,Main Draw,MONTEIRO Joao (POR),GOLOVANOV Stanislav (BUL)
Pro Tour German Open Bremen 2009,2009-03-19,CHTCHETININE Evgueni,TORIOLA Segun,4,2,"10,11,11,6,11,11|12,7,7,11,1,6",R64,GRAND_SLAM,MS,42,Main Draw,CHTCHETININE Evgueni (BLR),TORIOLA Segun (NGR)
Pro Tour German Open Bremen 2009,2009-03-19,TANG Peng,VOSTES Yannick,4,2,"11,7,8,11,11,11|4,11,11,7,7,7",R64,GRAND_SLAM,MS,42,Main Draw,TANG Peng (HKG),VOSTES Yannick (BEL)
Pro Tour German Open Bremen 2009,2009-03-19,GARDOS Robert,FEJER-KONNERTH Zoltan,4,2,"11,11,4,5,11,11|6,5,11,11,1,7",R64,GRAND_SLAM,MS,42,Main Draw,GARDOS Robert (AUT),FEJER-KONNERTH Zoltan (GER)
Pro Tour German Open Bremen 2009,2009-03-19,KOSOWSKI Jakub,KARAKASEVIC Aleksandar,4,3,"11,10,11,11,8,7,11|7,12,7,5,11,11,5",R64,GRAND_SLAM,MS,42,Main Draw,KOSOWSKI Jakub (POL),KARAKASEVIC Aleksandar (SRB)
Pro Tour German Open Bremen 2009,2009-03-19,BAUM Patrick,KUZMIN Fedor,4,2,"11,11,9,9,11,11|7,2,11,11,7,7",R64,GRAND_SLAM,MS,42,Main Draw,BAUM Patrick (GER),KUZMIN Fedor (RUS)
Pro Tour German Open Bremen 2009,2009-03-19,SAMSONOV Vladimir,WANG Jianfeng,4,2,"11,10,5,11,11,11|2,12,11,9,7,8",R64,GRAND_SLAM,MS,42,Main Draw,SAMSONOV Vladimir (BLR),WANG Jianfeng (NOR)
Pro Tour German Open Bremen 2009,2009-03-19,BOLL Timo,GIONIS Panagiotis,4,1,"11,11,10,11,11|6,8,12,4,5",R32,GRAND_SLAM,MS,42,Main Draw,BOLL Timo (GER),GIONIS Panagiotis (GRE)
Pro Tour German Open Bremen 2009,2009-03-19,MATTENET Adrien,ELOI Damien,4,2,"9,7,11,11,11,11|11,11,5,9,8,6",R32,GRAND_SLAM,MS,42,Main Draw,MATTENET Adrien (FRA),ELOI Damien (FRA)
Pro Tour German Open Bremen 2009,2009-03-19,CHEN Weixing,SEREDA Peter,4,0,"11,12,11,13|7,10,9,11",R32,GRAND_SLAM,MS,42,Main Draw,CHEN Weixing (AUT),SEREDA Peter (SVK)
Pro Tour German Open Bremen 2009,2009-03-19,KEINATH Thomas,CIOTI Constantin,4,1,"11,11,9,11,11|5,8,11,7,6",R32,GRAND_SLAM,MS,42,Main Draw,KEINATH Thomas (SVK),CIOTI Constantin (ROU)
Pro Tour German Open Bremen 2009,2009-03-19,KAN Yo,KISHIKAWA Seiya,4,0,"11,11,11,15|8,7,3,13",R32,GRAND_SLAM,MS,42,Main Draw,KAN Yo (JPN),KISHIKAWA Seiya (JPN)
Pro Tour German Open Bremen 2009,2009-03-19,MIZUTANI Jun,LEGOUT Christophe,4,3,"11,11,8,11,11,11,11|8,13,11,4,13,5,3",R32,GRAND_SLAM,MS,42,Main Draw,MIZUTANI Jun (JPN),LEGOUT Christophe (FRA)
Pro Tour German Open Bremen 2009,2009-03-19,YOSHIDA Kaii,TOSIC Roko,4,0,"11,11,11,11|8,6,7,8",R32,GRAND_SLAM,MS,42,Main Draw,YOSHIDA Kaii (JPN),TOSIC Roko (CRO)
Pro Tour German Open Bremen 2009,2009-03-19,CHUANG Chih-Yuan,HE Zhiwen,4,1,"12,7,13,11,11|10,11,11,7,4",R32,GRAND_SLAM,MS,42,Main Draw,CHUANG Chih-Yuan (TPE),HE Zhiwen (ESP)
Pro Tour German Open Bremen 2009,2009-03-19,GERELL Par,OVTCHAROV Dimitrij,4,2,"11,6,11,9,11,11|6,11,8,11,4,6",R32,GRAND_SLAM,MS,42,Main Draw,GERELL Par (SWE),OVTCHAROV Dimitrij (GER)
Pro Tour German Open Bremen 2009,2009-03-19,SUSS Christian,YANG Zi,4,2,"8,11,11,6,11,11|11,6,4,11,6,6",R32,GRAND_SLAM,MS,42,Main Draw,SUSS Christian (GER),YANG Zi (SGP)
Pro Tour German Open Bremen 2009,2009-03-19,PRIMORAC Zoran,STEGER Bastian,4,0,"12,11,11,13|10,2,7,11",R32,GRAND_SLAM,MS,42,Main Draw,PRIMORAC Zoran (CRO),STEGER Bastian (GER)
Pro Tour German Open Bremen 2009,2009-03-19,SKACHKOV Kirill,SMIRNOV Alexey,4,2,"11,7,11,9,11,11|3,11,2,11,7,9",R32,GRAND_SLAM,MS,42,Main Draw,SKACHKOV Kirill (RUS),SMIRNOV Alexey (RUS)
Pro Tour German Open Bremen 2009,2009-03-19,GAO Ning,MONTEIRO Joao,4,1,"11,11,11,7,12|2,8,7,11,10",R32,GRAND_SLAM,MS,42,Main Draw,GAO Ning (SGP),MONTEIRO Joao (POR)
Pro Tour German Open Bremen 2009,2009-03-19,CHTCHETININE Evgueni,TANG Peng,4,2,"11,11,8,13,12,11|5,7,11,15,10,9",R32,GRAND_SLAM,MS,42,Main Draw,CHTCHETININE Evgueni (BLR),TANG Peng (HKG)
Pro Tour German Open Bremen 2009,2009-03-19,GARDOS Robert,KOSOWSKI Jakub,4,0,"11,11,11,11|5,5,4,5",R32,GRAND_SLAM,MS,42,Main Draw,GARDOS Robert (AUT),KOSOWSKI Jakub (POL)
Pro Tour German Open Bremen 2009,2009-03-19,SAMSONOV Vladimir,BAUM Patrick,4,1,"11,15,4,11,11|6,13,11,2,3",R32,GRAND_SLAM,MS,42,Main Draw,SAMSONOV Vladimir (BLR),BAUM Patrick (GER)
Pro Tour German Open Bremen 2009,2009-03-19,BOLL Timo,MATTENET Adrien,4,0,"11,11,11,11|8,9,4,6",R16,GRAND_SLAM,MS,42,Main Draw,BOLL Timo (GER),MATTENET Adrien (FRA)
Pro Tour German Open Bremen 2009,2009-03-19,CHEN Weixing,KEINATH Thomas,4,1,"11,6,11,11,11|6,11,8,7,5",R16,GRAND_SLAM,MS,42,Main Draw,CHEN Weixing (AUT),KEINATH Thomas (SVK)
Pro Tour German Open Bremen 2009,2009-03-19,MIZUTANI Jun,KAN Yo,4,0,"11,11,12,11,11|6,9,13,4,9",R16,GRAND_SLAM,MS,42,Main Draw,MIZUTANI Jun (JPN),KAN Yo (JPN)
Pro Tour German Open Bremen 2009,2009-03-19,CHUANG Chih-Yuan,YOSHIDA Kaii,4,3,"11,11,10,11,10,7,15|9,2,12,5,12,11,13",R16,GRAND_SLAM,MS,42,Main Draw,CHUANG Chih-Yuan (TPE),YOSHIDA Kaii (JPN)
Pro Tour German Open Bremen 2009,2009-03-19,SUSS Christian,GERELL Par,4,0,"11,11,12,13|2,6,10,11",R16,GRAND_SLAM,MS,42,Main Draw,SUSS Christian (GER),GERELL Par (SWE)
Pro Tour German Open Bremen 2009,2009-03-19,PRIMORAC Zoran,SKACHKOV Kirill,4,1,"11,12,11,6,11|4,10,9,11,8",R16,GRAND_SLAM,MS,42,Main Draw,PRIMORAC Zoran (CRO),SKACHKOV Kirill (RUS)
Pro Tour German Open Bremen 2009,2009-03-19,GAO Ning,CHTCHETININE Evgueni,4,2,"6,11,11,16,5,11|11,8,8,14,11,7",R16,GRAND_SLAM,MS,42,Main Draw,GAO Ning (SGP),CHTCHETININE Evgueni (BLR)
Pro Tour German Open Bremen 2009,2009-03-19,SAMSONOV Vladimir,GARDOS Robert,4,3,"11,11,9,11,7,11,11|7,9,11,6,11,13,1",R16,GRAND_SLAM,MS,42,Main Draw,SAMSONOV Vladimir (BLR),GARDOS Robert (AUT)
Pro Tour German Open Bremen 2009,2009-03-19,BOLL Timo,CHEN Weixing,4,2,"10,11,11,10,13,11|12,9,8,12,11,7",QuarterFinal,GRAND_SLAM,MS,42,Main Draw,BOLL Timo (GER),CHEN Weixing (AUT)
Pro Tour German Open Bremen 2009,2009-03-19,MIZUTANI Jun,CHUANG Chih-Yuan,4,2,"8,8,13,11,11,11|11,11,11,8,9,6",QuarterFinal,GRAND_SLAM,MS,42,Main Draw,MIZUTANI Jun (JPN),CHUANG Chih-Yuan (TPE)
Pro Tour German Open Bremen 2009,2009-03-19,SUSS Christian,PRIMORAC Zoran,4,2,"11,11,8,9,11,12|8,7,11,11,7,10",QuarterFinal,GRAND_SLAM,MS,42,Main Draw,SUSS Christian (GER),PRIMORAC Zoran (CRO)
Pro Tour German Open Bremen 2009,2009-03-19,SAMSONOV Vladimir,GAO Ning,4,0,"11,12,11,12|6,10,7,10",QuarterFinal,GRAND_SLAM,MS,42,Main Draw,SAMSONOV Vladimir (BLR),GAO Ning (SGP)
Pro Tour German Open Bremen 2009,2009-03-19,BOLL Timo,MIZUTANI Jun,4,1,"11,12,11,9,11|6,10,8,11,8",SemiFinal,GRAND_SLAM,MS,42,Main Draw,BOLL Timo (GER),MIZUTANI Jun (JPN)
Pro Tour German Open Bremen 2009,2009-03-19,SAMSONOV Vladimir,SUSS Christian,4,0,"11,11,11,11|8,8,6,7",SemiFinal,GRAND_SLAM,MS,42,Main Draw,SAMSONOV Vladimir (BLR),SUSS Christian (GER)
Pro Tour German Open Bremen 2009,2009-03-19,BOLL Timo,SAMSONOV Vladimir,4,0,"11,12,11,11|8,10,6,9",Final,GRAND_SLAM,MS,42,Main Draw,BOLL Timo (GER),SAMSONOV Vladimir (BLR)
Pro Tour German Open Bremen 2009,2009-03-19,CHIANG Hung-Chieh,MICHELY Gilles,4,0,"11,11,11,11|7,9,7,8",R32,GRAND_SLAM,U21MS,42,Main Draw,CHIANG Hung-Chieh (TPE),MICHELY Gilles (LUX)
Pro Tour German Open Bremen 2009,2009-03-19,FILUS Ruwen,SHIBAEV Alexander,4,2,"7,11,10,11,11,11|11,9,12,6,5,7",R32,GRAND_SLAM,U21MS,42,Main Draw,FILUS Ruwen (GER),SHIBAEV Alexander (RUS)
Pro Tour German Open Bremen 2009,2009-03-19,KOSIBA Daniel,GOLOVANOV Stanislav,4,1,"9,11,11,11,11|11,6,7,6,7",R32,GRAND_SLAM,U21MS,42,Main Draw,KOSIBA Daniel (HUN),GOLOVANOV Stanislav (BUL)
Pro Tour German Open Bremen 2009,2009-03-19,OYA Hidetoshi,CHENG Jingqi,4,0,"11,11,11,11|8,3,9,9",R32,GRAND_SLAM,U21MS,42,Main Draw,OYA Hidetoshi (JPN),CHENG Jingqi (CHN)
Pro Tour German Open Bremen 2009,2009-03-19,ZHMUDENKO Yaroslav,VITTA Kilomo,4,0,"11,12,11,11|8,10,7,6",R32,GRAND_SLAM,U21MS,42,Main Draw,ZHMUDENKO Yaroslav (UKR),VITTA Kilomo (BEL)
Pro Tour German Open Bremen 2009,2009-03-19,ROGIERS Benjamin,ZOMBORI David,4,0,"11,11,11,11|4,8,6,7",R32,GRAND_SLAM,U21MS,42,Main Draw,ROGIERS Benjamin (BEL),ZOMBORI David (HUN)
Pro Tour German Open Bremen 2009,2009-03-19,MENGEL Steffen,YIN Hang,4,1,"12,11,11,12,13|10,6,7,14,11",R32,GRAND_SLAM,U21MS,42,Main Draw,MENGEL Steffen (GER),YIN Hang (CHN)
Pro Tour German Open Bremen 2009,2009-03-19,MATSUDAIRA Kenji,KOVAC Borna,4,2,"11,11,8,9,11,11|6,8,11,11,9,3",R32,GRAND_SLAM,U21MS,42,Main Draw,MATSUDAIRA Kenji (JPN),KOVAC Borna (CRO)
Pro Tour German Open Bremen 2009,2009-03-19,MA Liang,FERTIKOWSKI Pawel,4,2,"11,11,11,10,11,11|7,5,8,12,13,7",R32,GRAND_SLAM,U21MS,42,Main Draw,MA Liang (SGP),FERTIKOWSKI Pawel (POL)
Pro Tour German Open Bremen 2009,2009-03-19,KARLSSON Mattias,FEGERL Stefan,4,2,"11,7,11,10,11,11|9,11,5,12,5,6",R32,GRAND_SLAM,U21MS,42,Main Draw,KARLSSON Mattias (SWE),FEGERL Stefan (AUT)
Pro Tour German Open Bremen 2009,2009-03-19,AKERSTROM Fabian,IONESCU Ovidiu,4,1,"11,5,11,13,11|5,11,9,11,6",R32,GRAND_SLAM,U21MS,42,Main Draw,AKERSTROM Fabian (SWE),IONESCU Ovidiu (ROU)
Pro Tour German Open Bremen 2009,2009-03-19,ZHENG Peifeng,SALIFOU Abdel-Kader,4,2,"6,5,11,11,11,13|11,11,9,3,6,11",R32,GRAND_SLAM,U21MS,42,Main Draw,ZHENG Peifeng (CHN),SALIFOU Abdel-Kader (BEN)
Pro Tour German Open Bremen 2009,2009-03-19,LE BRETON Thomas,BURGIS Matiss,4,2,"1,11,8,11,11,12|11,9,11,5,7,10",R32,GRAND_SLAM,U21MS,42,Main Draw,LE BRETON Thomas (FRA),BURGIS Matiss (LAT)
Pro Tour German Open Bremen 2009,2009-03-19,TREGLER Tomas,JIANG Pengfei,4,0,"11,11,11,13|9,4,9,11",R32,GRAND_SLAM,U21MS,42,Main Draw,TREGLER Tomas (CZE),JIANG Pengfei (TUR)
Pro Tour German Open Bremen 2009,2009-03-19,STERNBERG Kasper,LIU Yanan,4,3,"13,4,12,11,6,9,11|11,11,10,6,11,11,9",R32,GRAND_SLAM,U21MS,42,Main Draw,STERNBERG Kasper (DEN),LIU Yanan (CHN)
Pro Tour German Open Bremen 2009,2009-03-19,PANG Xue Jie,DRINKHALL Paul,4,3,"13,6,11,11,9,10,11|11,11,8,9,11,12,4",R32,GRAND_SLAM,U21MS,42,Main Draw,PANG Xue Jie (SGP),DRINKHALL Paul (ENG)
Pro Tour German Open Bremen 2009,2009-03-19,FILUS Ruwen,CHIANG Hung-Chieh,4,2,"12,11,11,9,11,11|14,9,7,11,7,9",R16,GRAND_SLAM,U21MS,42,Main Draw,FILUS Ruwen (GER),CHIANG Hung-Chieh (TPE)
Pro Tour German Open Bremen 2009,2009-03-19,KOSIBA Daniel,OYA Hidetoshi,4,2,"9,7,11,11,11,11|11,11,9,8,7,4",R16,GRAND_SLAM,U21MS,42,Main Draw,KOSIBA Daniel (HUN),OYA Hidetoshi (JPN)
Pro Tour German Open Bremen 2009,2009-03-19,ZHMUDENKO Yaroslav,ROGIERS Benjamin,4,2,"12,11,11,4,5,16|10,4,2,11,11,14",R16,GRAND_SLAM,U21MS,42,Main Draw,ZHMUDENKO Yaroslav (UKR),ROGIERS Benjamin (BEL)
Pro Tour German Open Bremen 2009,2009-03-19,MATSUDAIRA Kenji,MENGEL Steffen,4,0,"11,11,11,13|4,8,8,11",R16,GRAND_SLAM,U21MS,42,Main Draw,MATSUDAIRA Kenji (JPN),MENGEL Steffen (GER)
Pro Tour German Open Bremen 2009,2009-03-19,MA Liang,KARLSSON Mattias,4,1,"11,11,8,11,11|7,8,11,8,6",R16,GRAND_SLAM,U21MS,42,Main Draw,MA Liang (SGP),KARLSSON Mattias (SWE)
Pro Tour German Open Bremen 2009,2009-03-19,AKERSTROM Fabian,ZHENG Peifeng,4,1,"11,11,9,11,12|8,8,11,7,10",R16,GRAND_SLAM,U21MS,42,Main Draw,AKERSTROM Fabian (SWE),ZHENG Peifeng (CHN)
Pro Tour German Open Bremen 2009,2009-03-19,TREGLER Tomas,LE BRETON Thomas,4,1,"11,16,9,11,11|4,14,11,8,7",R16,GRAND_SLAM,U21MS,42,Main Draw,TREGLER Tomas (CZE),LE BRETON Thomas (FRA)
Pro Tour German Open Bremen 2009,2009-03-19,STERNBERG Kasper,PANG Xue Jie,4,1,"11,11,5,13,11|6,8,11,11,9",R16,GRAND_SLAM,U21MS,42,Main Draw,STERNBERG Kasper (DEN),PANG Xue Jie (SGP)
Pro Tour German Open Bremen 2009,2009-03-19,FILUS Ruwen,KOSIBA Daniel,4,1,"8,11,11,11,11|11,6,6,3,7",QuarterFinal,GRAND_SLAM,U21MS,42,Main Draw,FILUS Ruwen (GER),KOSIBA Daniel (HUN)
Pro Tour German Open Bremen 2009,2009-03-19,MATSUDAIRA Kenji,ZHMUDENKO Yaroslav,4,1,"11,11,12,11,11|7,9,14,7,8",QuarterFinal,GRAND_SLAM,U21MS,42,Main Draw,MATSUDAIRA Kenji (JPN),ZHMUDENKO Yaroslav (UKR)
Pro Tour German Open Bremen 2009,2009-03-19,MA Liang,AKERSTROM Fabian,4,1,"11,11,8,11,11|9,4,11,8,4",QuarterFinal,GRAND_SLAM,U21MS,42,Main Draw,MA Liang (SGP),AKERSTROM Fabian (SWE)
Pro Tour German Open Bremen 2009,2009-03-19,TREGLER Tomas,STERNBERG Kasper,4,2,"11,9,15,0,11,11|5,11,13,11,8,4",QuarterFinal,GRAND_SLAM,U21MS,42,Main Draw,TREGLER Tomas (CZE),STERNBERG Kasper (DEN)
Pro Tour German Open Bremen 2009,2009-03-19,FILUS Ruwen,MATSUDAIRA Kenji,4,2,"11,11,9,12,9,11|7,4,11,10,11,8",SemiFinal,GRAND_SLAM,U21MS,42,Main Draw,FILUS Ruwen (GER),MATSUDAIRA Kenji (JPN)
Pro Tour German Open Bremen 2009,2009-03-19,TREGLER Tomas,MA Liang,4,0,"13,11,11,11|11,8,2,9",SemiFinal,GRAND_SLAM,U21MS,42,Main Draw,TREGLER Tomas (CZE),MA Liang (SGP)
Pro Tour German Open Bremen 2009,2009-03-19,FILUS Ruwen,TREGLER Tomas,4,0,"11,11,11,11|6,6,9,9",Final,GRAND_SLAM,U21MS,42,Main Draw,FILUS Ruwen (GER),TREGLER Tomas (CZE)
Pro Tour German Open Bremen 2009,2009-03-19,YIN Hang,ZENG Cem,4,2,"13,11,4,11,13,12|15,3,11,7,11,10",QR32,GRAND_SLAM,MS,42,Qualification,YIN Hang (CHN),ZENG Cem (TUR)
Pro Tour German Open Bremen 2009,2009-03-19,KOSOWSKI Jakub,JANCARIK Lubomir,4,1,"11,6,11,11,11|2,11,7,8,8",QR32,GRAND_SLAM,MS,42,Qualification,KOSOWSKI Jakub (POL),JANCARIK Lubomir (CZE)
Pro Tour German Open Bremen 2009,2009-03-19,BOBOCICA Mihai,HABESOHN Daniel,4,0,"11,13,13,14|9,11,11,12",QR32,GRAND_SLAM,MS,42,Qualification,BOBOCICA Mihai (ITA),HABESOHN Daniel (AUT)
Pro Tour German Open Bremen 2009,2009-03-19,SEREDA Peter,JOVER Sebastien,4,2,"11,11,8,11,8,12|4,5,11,8,11,10",QR32,GRAND_SLAM,MS,42,Qualification,SEREDA Peter (SVK),JOVER Sebastien (FRA)
Pro Tour German Open Bremen 2009,2009-03-19,LEBESSON Emmanuel,KONECNY Tomas,4,1,"11,11,12,9,11|4,2,10,11,9",QR32,GRAND_SLAM,MS,42,Qualification,LEBESSON Emmanuel (FRA),KONECNY Tomas (CZE)
Pro Tour German Open Bremen 2009,2009-03-19,MONRAD Martin,MATSUDAIRA Kenji,4,1,"11,11,12,3,11|2,3,10,11,8",QR32,GRAND_SLAM,MS,42,Qualification,MONRAD Martin (DEN),MATSUDAIRA Kenji (JPN)
Pro Tour German Open Bremen 2009,2009-03-19,TOSIC Roko,CARNEROS Alfredo,4,1,"8,11,11,12,11|11,4,9,10,7",QR32,GRAND_SLAM,MS,42,Qualification,TOSIC Roko (CRO),CARNEROS Alfredo (ESP)
Pro Tour German Open Bremen 2009,2009-03-19,SKACHKOV Kirill,DIDUKH Oleksandr,4,2,"11,9,11,6,12,11|9,11,6,11,10,9",QR32,GRAND_SLAM,MS,42,Qualification,SKACHKOV Kirill (RUS),DIDUKH Oleksandr (UKR)
Pro Tour German Open Bremen 2009,2009-03-19,PROKOPCOV Dmitrij,MACHADO Carlos,4,3,"9,9,10,11,11,11,11|11,11,12,9,8,8,9",QR32,GRAND_SLAM,MS,42,Qualification,PROKOPCOV Dmitrij (CZE),MACHADO Carlos (ESP)
Pro Tour German Open Bremen 2009,2009-03-19,ZHENG Peifeng,LI Kwun Ngai,3,1,"11,9,11,11|3,11,7,6",QR4,GRAND_SLAM,U21MS,42,Qualification,ZHENG Peifeng (CHN),LI Kwun Ngai (HKG)
Pro Tour German Open Bremen 2009,2009-03-19,KOVAC Borna,MENGE Gencay,3,2,"11,11,9,6,11|8,6,11,11,6",QR4,GRAND_SLAM,U21MS,42,Qualification,KOVAC Borna (CRO),MENGE Gencay (TUR)
Pro Tour German Open Bremen 2009,2009-03-19,LI Kwun Ngai,KOSIBA Daniel,3,2,"12,10,12,12,11|10,12,14,10,5",,GRAND_SLAM,U21MS,42,Qualification,LI Kwun Ngai (HKG),KOSIBA Daniel (HUN)
Pro Tour German Open Bremen 2009,2009-03-19,KOSIBA Daniel,LE GUEN Victorien,3,1,"9,12,12,12|11,10,10,10",QR2,GRAND_SLAM,U21MS,42,Qualification,KOSIBA Daniel (HUN),LE GUEN Victorien (FRA)
Pro Tour German Open Bremen 2009,2009-03-19,LE GUEN Victorien,LI Kwun Ngai,3,2,"6,7,11,11,11|11,11,9,6,7",3,GRAND_SLAM,U21MS,42,Qualification,LE GUEN Victorien (FRA),LI Kwun Ngai (HKG)
Pro Tour German Open Bremen 2009,2009-03-19,ROGIERS Benjamin,FLORAS Robert,3,0,"11,11,11|6,5,6",,GRAND_SLAM,U21MS,42,Qualification,ROGIERS Benjamin (BEL),FLORAS Robert (POL)
Pro Tour German Open Bremen 2009,2009-03-19,ROGIERS Benjamin,MENGE Gencay,3,1,"11,11,8,11|6,6,11,9",QR2,GRAND_SLAM,U21MS,42,Qualification,ROGIERS Benjamin (BEL),MENGE Gencay (TUR)
Pro Tour German Open Bremen 2009,2009-03-19,MENGE Gencay,FLORAS Robert,3,1,"14,7,11,11|12,11,7,8",3,GRAND_SLAM,U21MS,42,Qualification,MENGE Gencay (TUR),FLORAS Robert (POL)
Pro Tour German Open Bremen 2009,2009-03-19,TREGLER Tomas,AGUIRRE Marcelo,3,1,"8,11,11,11|11,7,7,8",,GRAND_SLAM,U21MS,42,Qualification,TREGLER Tomas (CZE),AGUIRRE Marcelo (PAR)
Pro Tour German Open Bremen 2009,2009-03-19,TREGLER Tomas,KOVAC Borna,3,0,"11,11,11|5,8,5",QR2,GRAND_SLAM,U21MS,42,Qualification,TREGLER Tomas (CZE),KOVAC Borna (CRO)
Pro Tour German Open Bremen 2009,2009-03-19,KOVAC Borna,AGUIRRE Marcelo,3,1,"11,8,11,11|8,11,9,1",3,GRAND_SLAM,U21MS,42,Qualification,KOVAC Borna (CRO),AGUIRRE Marcelo (PAR)
Pro Tour German Open Bremen 2009,2009-03-19,GOLEBIOWSKI Mateusz,SHIBAEV Alexander,3,2,"11,1,8,12,11|8,11,11,10,9",,GRAND_SLAM,U21MS,42,Qualification,GOLEBIOWSKI Mateusz (POL),SHIBAEV Alexander (RUS)
Pro Tour German Open Bremen 2009,2009-03-19,ZHENG Peifeng,ALAMIYAN Noshad,3,0,"12,11,11|10,6,6",QR2,GRAND_SLAM,U21MS,42,Qualification,ZHENG Peifeng (CHN),ALAMIYAN Noshad (IRI)
Pro Tour German Open Bremen 2009,2009-03-19,SHIBAEV Alexander,ALAMIYAN Noshad,3,0,"11,11,11|1,7,8",3,GRAND_SLAM,U21MS,42,Qualification,SHIBAEV Alexander (RUS),ALAMIYAN Noshad (IRI)
Pro Tour German Open Bremen 2009,2009-03-19,ZHENG Peifeng,GOLEBIOWSKI Mateusz,3,0,"11,11,11|8,4,7",QR4,GRAND_SLAM,U21MS,42,Qualification,ZHENG Peifeng (CHN),GOLEBIOWSKI Mateusz (POL)
Pro Tour German Open Bremen 2009,2009-03-19,SHIBAEV Alexander,ZHENG Peifeng,3,0,"11,13,11|4,11,6",5,GRAND_SLAM,U21MS,42,Qualification,SHIBAEV Alexander (RUS),ZHENG Peifeng (CHN)
Pro Tour German Open Bremen 2009,2009-03-19,GOLEBIOWSKI Mateusz,ALAMIYAN Noshad,3,2,"10,11,9,11,11|12,5,11,8,9",6,GRAND_SLAM,U21MS,42,Qualification,GOLEBIOWSKI Mateusz (POL),ALAMIYAN Noshad (IRI)
Pro Tour German Open Bremen 2009,2009-03-19,CHENG Jingqi,PLACEK Frantisek,3,0,"11,12,11|7,10,7",,GRAND_SLAM,U21MS,42,Qualification,CHENG Jingqi (CHN),PLACEK Frantisek (CZE)
Pro Tour German Open Bremen 2009,2009-03-19,IONESCU Ovidiu,GROTH Jonathan,3,1,"11,5,11,11|6,11,7,6",QR2,GRAND_SLAM,U21MS,42,Qualification,IONESCU Ovidiu (ROU),GROTH Jonathan (DEN)
Pro Tour German Open Bremen 2009,2009-03-19,IONESCU Ovidiu,CHENG Jingqi,3,2,"15,7,11,11,12|17,11,8,8,10",3,GRAND_SLAM,U21MS,42,Qualification,IONESCU Ovidiu (ROU),CHENG Jingqi (CHN)
Pro Tour German Open Bremen 2009,2009-03-19,PLACEK Frantisek,GROTH Jonathan,3,1,"18,10,11,11|16,12,9,9",QR4,GRAND_SLAM,U21MS,42,Qualification,PLACEK Frantisek (CZE),GROTH Jonathan (DEN)
Pro Tour German Open Bremen 2009,2009-03-19,CHENG Jingqi,GROTH Jonathan,3,0,"11,11,11|7,4,7",5,GRAND_SLAM,U21MS,42,Qualification,CHENG Jingqi (CHN),GROTH Jonathan (DEN)
Pro Tour German Open Bremen 2009,2009-03-19,IONESCU Ovidiu,PLACEK Frantisek,3,2,"11,9,8,11,11|7,11,11,8,5",6,GRAND_SLAM,U21MS,42,Qualification,IONESCU Ovidiu (ROU),PLACEK Frantisek (CZE)
Pro Tour German Open Bremen 2009,2009-03-19,KARLSSON Kristian,RONNEBERG Espen,3,0,"11,11,11|7,9,3",,GRAND_SLAM,U21MS,42,Qualification,KARLSSON Kristian (SWE),RONNEBERG Espen (NOR)
Pro Tour German Open Bremen 2009,2009-03-19,YIN Hang,VITTA Kilomo,3,0,"12,11,11|10,6,7",QR2,GRAND_SLAM,U21MS,42,Qualification,YIN Hang (CHN),VITTA Kilomo (BEL)
Pro Tour German Open Bremen 2009,2009-03-19,VITTA Kilomo,KARLSSON Kristian,3,0,"11,11,11|4,8,6",3,GRAND_SLAM,U21MS,42,Qualification,VITTA Kilomo (BEL),KARLSSON Kristian (SWE)
Pro Tour German Open Bremen 2009,2009-03-19,YIN Hang,RONNEBERG Espen,3,0,"11,11,11|6,4,9",QR4,GRAND_SLAM,U21MS,42,Qualification,YIN Hang (CHN),RONNEBERG Espen (NOR)
Pro Tour German Open Bremen 2009,2009-03-19,YIN Hang,KARLSSON Kristian,3,0,"12,12,11|10,10,8",5,GRAND_SLAM,U21MS,42,Qualification,YIN Hang (CHN),KARLSSON Kristian (SWE)
Pro Tour German Open Bremen 2009,2009-03-19,VITTA Kilomo,RONNEBERG Espen,3,1,"11,12,10,11|9,10,12,7",6,GRAND_SLAM,U21MS,42,Qualification,VITTA Kilomo (BEL),RONNEBERG Espen (NOR)
Pro Tour German Open Bremen 2009,2009-03-19,ASSAR Omar,EVANS Gavin,3,1,"9,11,11,14|11,8,9,12",,GRAND_SLAM,U21MS,42,Qualification,ASSAR Omar (EGY),EVANS Gavin (ENG)
Pro Tour German Open Bremen 2009,2009-03-19,LIU Yanan,FERTIKOWSKI Pawel,3,2,"11,13,12,6,14|1,11,14,11,12",QR2,GRAND_SLAM,U21MS,42,Qualification,LIU Yanan (CHN),FERTIKOWSKI Pawel (POL)
Pro Tour German Open Bremen 2009,2009-03-19,FERTIKOWSKI Pawel,ASSAR Omar,3,1,"7,12,12,11|11,10,10,7",3,GRAND_SLAM,U21MS,42,Qualification,FERTIKOWSKI Pawel (POL),ASSAR Omar (EGY)
Pro Tour German Open Bremen 2009,2009-03-19,LIU Yanan,EVANS Gavin,3,1,"10,13,11,11|12,11,7,4",QR4,GRAND_SLAM,U21MS,42,Qualification,LIU Yanan (CHN),EVANS Gavin (ENG)
Pro Tour German Open Bremen 2009,2009-03-19,LIU Yanan,ASSAR Omar,3,2,"7,11,3,11,13|11,9,11,7,11",5,GRAND_SLAM,U21MS,42,Qualification,LIU Yanan (CHN),ASSAR Omar (EGY)
Pro Tour German Open Bremen 2009,2009-03-19,FERTIKOWSKI Pawel,EVANS Gavin,3,0,"11,11,11|4,4,9",6,GRAND_SLAM,U21MS,42,Qualification,FERTIKOWSKI Pawel (POL),EVANS Gavin (ENG)
Pro Tour German Open Bremen 2009,2009-03-19,LE BRETON Thomas,DIEZ Endika,3,0,"11,11,11|9,5,7",,GRAND_SLAM,U21MS,42,Qualification,LE BRETON Thomas (FRA),DIEZ Endika (ESP)
Pro Tour German Open Bremen 2009,2009-03-19,KARLSSON Mattias,STORF Martin,3,0,"11,11,11|3,0,4",QR2,GRAND_SLAM,U21MS,42,Qualification,KARLSSON Mattias (SWE),STORF Martin (AUT)
Pro Tour German Open Bremen 2009,2009-03-19,KARLSSON Mattias,LE BRETON Thomas,3,1,"11,11,7,11|8,5,11,7",3,GRAND_SLAM,U21MS,42,Qualification,KARLSSON Mattias (SWE),LE BRETON Thomas (FRA)
Pro Tour German Open Bremen 2009,2009-03-19,DIEZ Endika,STORF Martin,3,1,"13,7,11,11|11,11,8,2",QR4,GRAND_SLAM,U21MS,42,Qualification,DIEZ Endika (ESP),STORF Martin (AUT)
Pro Tour German Open Bremen 2009,2009-03-19,LE BRETON Thomas,STORF Martin,3,0,,5,GRAND_SLAM,U21MS,42,Qualification,LE BRETON Thomas (FRA),STORF Martin (AUT)
Pro Tour German Open Bremen 2009,2009-03-19,KARLSSON Mattias,DIEZ Endika,3,0,"11,11,11|6,5,7",6,GRAND_SLAM,U21MS,42,Qualification,KARLSSON Mattias (SWE),DIEZ Endika (ESP)
Pro Tour German Open Bremen 2009,2009-03-19,PLATTNER Dominique,MICHELY Gilles,3,2,"6,6,11,11,15|11,11,6,8,13",,GRAND_SLAM,U21MS,42,Qualification,PLATTNER Dominique (AUT),MICHELY Gilles (LUX)
Pro Tour German Open Bremen 2009,2009-03-19,PANG Xue Jie,OMAR Rashid,3,2,"11,9,12,11,11|8,11,14,8,8",QR2,GRAND_SLAM,U21MS,42,Qualification,PANG Xue Jie (SGP),OMAR Rashid (UAE)
Pro Tour German Open Bremen 2009,2009-03-19,MICHELY Gilles,OMAR Rashid,3,0,"12,11,12|10,9,10",3,GRAND_SLAM,U21MS,42,Qualification,MICHELY Gilles (LUX),OMAR Rashid (UAE)
Pro Tour German Open Bremen 2009,2009-03-19,PANG Xue Jie,PLATTNER Dominique,3,1,"12,6,14,11|10,11,12,4",QR4,GRAND_SLAM,U21MS,42,Qualification,PANG Xue Jie (SGP),PLATTNER Dominique (AUT)
Pro Tour German Open Bremen 2009,2009-03-19,MICHELY Gilles,PANG Xue Jie,3,1,"11,10,11,11|7,12,5,9",5,GRAND_SLAM,U21MS,42,Qualification,MICHELY Gilles (LUX),PANG Xue Jie (SGP)
Pro Tour German Open Bremen 2009,2009-03-19,PLATTNER Dominique,OMAR Rashid,3,1,"8,15,11,13|11,13,9,11",6,GRAND_SLAM,U21MS,42,Qualification,PLATTNER Dominique (AUT),OMAR Rashid (UAE)
Pro Tour German Open Bremen 2009,2009-03-19,LOVAS Petra,KOLTSOVA Anastasia,4,2,"13,11,11,11,7,12|15,7,3,9,11,10",,GRAND_SLAM,WS,42,Qualification,LOVAS Petra (HUN),KOLTSOVA Anastasia (RUS)
Pro Tour German Open Bremen 2009,2009-03-19,LOVAS Petra,PRIVALOVA Alexandra,4,3,"9,11,11,11,2,7,11|11,7,4,5,11,11,7",QR2,GRAND_SLAM,WS,42,Qualification,LOVAS Petra (HUN),PRIVALOVA Alexandra (BLR)
Pro Tour German Open Bremen 2009,2009-03-19,PRIVALOVA Alexandra,KOLTSOVA Anastasia,4,0,"11,11,11,13|6,7,2,11",3,GRAND_SLAM,WS,42,Qualification,PRIVALOVA Alexandra (BLR),KOLTSOVA Anastasia (RUS)
Pro Tour German Open Bremen 2009,2009-03-19,EKHOLM Matilda,BAK Natalia,4,1,"11,11,10,13,11|3,5,12,11,7",,GRAND_SLAM,WS,42,Qualification,EKHOLM Matilda (SWE),BAK Natalia (POL)
Pro Tour German Open Bremen 2009,2009-03-19,EKHOLM Matilda,SOLJA Petrissa,4,1,"11,9,11,11,11|8,11,5,6,9",QR2,GRAND_SLAM,WS,42,Qualification,EKHOLM Matilda (SWE),SOLJA Petrissa (GER)
Pro Tour German Open Bremen 2009,2009-03-19,SOLJA Petrissa,BAK Natalia,4,1,"10,11,11,11,11|12,3,4,9,6",3,GRAND_SLAM,WS,42,Qualification,SOLJA Petrissa (GER),BAK Natalia (POL)
Pro Tour German Open Bremen 2009,2009-03-19,WU Yang,OPDENCAMP Karen,4,1,"6,11,11,11,11|11,6,5,8,2",,GRAND_SLAM,WS,42,Qualification,WU Yang (CHN),OPDENCAMP Karen (BEL)
Pro Tour German Open Bremen 2009,2009-03-19,WU Yang,ALI Meral Ildiz,4,0,"11,11,11,12|5,3,3,10",QR2,GRAND_SLAM,WS,42,Qualification,WU Yang (CHN),ALI Meral Ildiz (TUR)
Pro Tour German Open Bremen 2009,2009-03-19,ALI Meral Ildiz,OPDENCAMP Karen,4,0,"11,11,11,11|8,8,8,7",3,GRAND_SLAM,WS,42,Qualification,ALI Meral Ildiz (TUR),OPDENCAMP Karen (BEL)
Pro Tour German Open Bremen 2009,2009-03-19,VACENOVSKA Iveta,YILDIRIM Fulya,4,0,"11,11,11,11|7,7,8,8",,GRAND_SLAM,WS,42,Qualification,VACENOVSKA Iveta (CZE),YILDIRIM Fulya (TUR)
Pro Tour German Open Bremen 2009,2009-03-19,VACENOVSKA Iveta,MATTENET Audrey,4,2,"12,11,6,8,11,11|10,4,11,11,6,7",QR2,GRAND_SLAM,WS,42,Qualification,VACENOVSKA Iveta (CZE),MATTENET Audrey (FRA)
Pro Tour German Open Bremen 2009,2009-03-19,MATTENET Audrey,YILDIRIM Fulya,4,0,"11,11,11,11|8,8,5,2",3,GRAND_SLAM,WS,42,Qualification,MATTENET Audrey (FRA),YILDIRIM Fulya (TUR)
Pro Tour German Open Bremen 2009,2009-03-19,FADEEVA Oxana,STAHR Rosalia,4,0,"11,11,11,11|4,6,2,2",,GRAND_SLAM,WS,42,Qualification,FADEEVA Oxana (RUS),STAHR Rosalia (GER)
Pro Tour German Open Bremen 2009,2009-03-19,FADEEVA Oxana,BARTOSOVA Hana,4,1,"11,11,6,11,11|9,6,11,6,9",QR2,GRAND_SLAM,WS,42,Qualification,FADEEVA Oxana (RUS),BARTOSOVA Hana (CZE)
Pro Tour German Open Bremen 2009,2009-03-19,BARTOSOVA Hana,STAHR Rosalia,4,0,"11,11,11,13|6,3,2,11",3,GRAND_SLAM,WS,42,Qualification,BARTOSOVA Hana (CZE),STAHR Rosalia (GER)
Pro Tour German Open Bremen 2009,2009-03-19,STRBIKOVA Renata,PETTERSSON Malin,4,2,"13,9,11,5,11,11|11,11,7,11,6,7",,GRAND_SLAM,WS,42,Qualification,STRBIKOVA Renata (CZE),PETTERSSON Malin (SWE)
Pro Tour German Open Bremen 2009,2009-03-19,STRBIKOVA Renata,DURAND Christelle,4,0,"11,11,13,11|5,7,11,7",QR2,GRAND_SLAM,WS,42,Qualification,STRBIKOVA Renata (CZE),DURAND Christelle (FRA)
Pro Tour German Open Bremen 2009,2009-03-19,DURAND Christelle,PETTERSSON Malin,4,3,"6,6,11,6,11,11,15|11,11,8,11,9,6,13",3,GRAND_SLAM,WS,42,Qualification,DURAND Christelle (FRA),PETTERSSON Malin (SWE)
Pro Tour German Open Bremen 2009,2009-03-19,LANG Kristin,DUBKOVA Elena,4,0,"11,11,11,11|8,9,7,2",,GRAND_SLAM,WS,42,Qualification,LANG Kristin (GER),DUBKOVA Elena (BLR)
Pro Tour German Open Bremen 2009,2009-03-19,LANG Kristin,LIU Na,4,1,"8,11,11,11,11|11,4,3,9,5",QR2,GRAND_SLAM,WS,42,Qualification,LANG Kristin (GER),LIU Na (IRL)
Pro Tour German Open Bremen 2009,2009-03-19,LIU Na,DUBKOVA Elena,4,2,"11,10,9,12,11,12|8,12,11,10,8,10",3,GRAND_SLAM,WS,42,Qualification,LIU Na (IRL),DUBKOVA Elena (BLR)
Pro Tour German Open Bremen 2009,2009-03-19,TIKHOMIROVA Anna,AMBRUS Krisztina,4,1,"9,11,11,11,11|11,8,6,2,9",,GRAND_SLAM,WS,42,Qualification,TIKHOMIROVA Anna (RUS),AMBRUS Krisztina (HUN)
Pro Tour German Open Bremen 2009,2009-03-19,TIKHOMIROVA Anna,WANG Yu (YOB=1985),4,2,"7,11,11,7,11,11|11,5,7,11,6,7",QR2,GRAND_SLAM,WS,42,Qualification,TIKHOMIROVA Anna (RUS),WANG Yu (YOB=1985) (MLT)
Pro Tour German Open Bremen 2009,2009-03-19,WANG Yu (YOB=1985),AMBRUS Krisztina,4,3,"11,10,12,9,9,11,11|2,12,10,11,11,9,9",3,GRAND_SLAM,WS,42,Qualification,WANG Yu (YOB=1985) (MLT),AMBRUS Krisztina (HUN)
Pro Tour German Open Bremen 2009,2009-03-19,DVORAK Galia,DURAK Mirela,4,1,"11,11,10,11,11|5,6,12,2,2",,GRAND_SLAM,WS,42,Qualification,DVORAK Galia (ESP),DURAK Mirela (CRO)
Pro Tour German Open Bremen 2009,2009-03-19,VORONOVA Anastasia,DVORAK Galia,4,2,"11,12,11,11,9,11|6,14,8,3,11,8",QR2,GRAND_SLAM,WS,42,Qualification,VORONOVA Anastasia (RUS),DVORAK Galia (ESP)
Pro Tour German Open Bremen 2009,2009-03-19,VORONOVA Anastasia,DURAK Mirela,4,0,"11,11,11,11|4,8,2,6",3,GRAND_SLAM,WS,42,Qualification,VORONOVA Anastasia (RUS),DURAK Mirela (CRO)
Pro Tour German Open Bremen 2009,2009-03-19,GRZYBOWSKA-FRANC Katarzyna,KRAMER Tanja,4,2,"13,11,12,9,11,11|11,5,14,11,7,5",,GRAND_SLAM,WS,42,Qualification,GRZYBOWSKA-FRANC Katarzyna (POL),KRAMER Tanja (GER)
Pro Tour German Open Bremen 2009,2009-03-19,CREEMERS Linda,KRAMER Tanja,4,3,"9,7,5,11,11,11,12|11,11,11,2,7,6,10",QR2,GRAND_SLAM,WS,42,Qualification,CREEMERS Linda (NED),KRAMER Tanja (GER)
Pro Tour German Open Bremen 2009,2009-03-19,GRZYBOWSKA-FRANC Katarzyna,CREEMERS Linda,4,3,"11,7,10,10,11,11,11|9,11,12,12,5,7,8",3,GRAND_SLAM,WS,42,Qualification,GRZYBOWSKA-FRANC Katarzyna (POL),CREEMERS Linda (NED)
Pro Tour German Open Bremen 2009,2009-03-19,TIMINA Elena,FUHRER Monika,4,0,"11,11,11,11|2,5,6,7",,GRAND_SLAM,WS,42,Qualification,TIMINA Elena (NED),FUHRER Monika (SUI)
Pro Tour German Open Bremen 2009,2009-03-19,TIMINA Elena,SMISTIKOVA Martina,4,0,"11,11,11,11|5,6,6,7",QR2,GRAND_SLAM,WS,42,Qualification,TIMINA Elena (NED),SMISTIKOVA Martina (CZE)
Pro Tour German Open Bremen 2009,2009-03-19,SMISTIKOVA Martina,FUHRER Monika,4,0,"11,11,11,11|5,7,9,6",3,GRAND_SLAM,WS,42,Qualification,SMISTIKOVA Martina (CZE),FUHRER Monika (SUI)
Pro Tour German Open Bremen 2009,2009-03-19,GRUNDISCH Carole,SIM Kai Xin Zena,4,0,"12,11,11,11|10,5,9,4",,GRAND_SLAM,WS,42,Qualification,GRUNDISCH Carole (FRA),SIM Kai Xin Zena (SGP)
Pro Tour German Open Bremen 2009,2009-03-19,GRUNDISCH Carole,KERTAI Rita,4,0,"11,11,11,12|5,6,6,10",QR2,GRAND_SLAM,WS,42,Qualification,GRUNDISCH Carole (FRA),KERTAI Rita (HUN)
Pro Tour German Open Bremen 2009,2009-03-19,KERTAI Rita,SIM Kai Xin Zena,4,0,"11,12,11,11|6,10,5,7",3,GRAND_SLAM,WS,42,Qualification,KERTAI Rita (HUN),SIM Kai Xin Zena (SGP)
Pro Tour German Open Bremen 2009,2009-03-19,ISHIKAWA Kasumi,ZANARDI Marine,4,0,"11,13,11,11|2,11,3,7",,GRAND_SLAM,WS,42,Qualification,ISHIKAWA Kasumi (JPN),ZANARDI Marine (FRA)
Pro Tour German Open Bremen 2009,2009-03-19,NTOULAKI Ekaterina,MATZKE Laura,4,0,"11,11,11,11|7,9,9,4",QR2,GRAND_SLAM,WS,42,Qualification,NTOULAKI Ekaterina (GRE),MATZKE Laura (GER)
Pro Tour German Open Bremen 2009,2009-03-19,ISHIKAWA Kasumi,NTOULAKI Ekaterina,4,2,"11,11,7,11,6,11|6,4,11,9,11,8",3,GRAND_SLAM,WS,42,Qualification,ISHIKAWA Kasumi (JPN),NTOULAKI Ekaterina (GRE)
Pro Tour German Open Bremen 2009,2009-03-19,MATZKE Laura,ZANARDI Marine,4,1,"11,11,6,11,11|8,9,11,8,5",QR4,GRAND_SLAM,WS,42,Qualification,MATZKE Laura (GER),ZANARDI Marine (FRA)
Pro Tour German Open Bremen 2009,2009-03-19,ISHIKAWA Kasumi,MATZKE Laura,4,2,"15,5,11,11,11,11|17,11,8,4,4,3",5,GRAND_SLAM,WS,42,Qualification,ISHIKAWA Kasumi (JPN),MATZKE Laura (GER)
Pro Tour German Open Bremen 2009,2009-03-19,ZANARDI Marine,NTOULAKI Ekaterina,4,3,"9,7,11,10,11,12,11|11,11,7,12,7,10,6",6,GRAND_SLAM,WS,42,Qualification,ZANARDI Marine (FRA),NTOULAKI Ekaterina (GRE)
Pro Tour German Open Bremen 2009,2009-03-19,PARTYKA Natalia,WINTER Sabine,4,0,"11,11,11,11|8,9,9,7",,GRAND_SLAM,WS,42,Qualification,PARTYKA Natalia (POL),WINTER Sabine (GER)
Pro Tour German Open Bremen 2009,2009-03-19,LIU Yuan,WANG Yu (YOB=1981),4,2,"6,11,11,11,8,11|11,8,6,6,11,6",QR2,GRAND_SLAM,WS,42,Qualification,LIU Yuan (AUT),WANG Yu (YOB=1981) (ITA)
Pro Tour German Open Bremen 2009,2009-03-19,PARTYKA Natalia,WANG Yu (YOB=1981),4,1,"11,11,9,11,11|6,5,11,8,8",3,GRAND_SLAM,WS,42,Qualification,PARTYKA Natalia (POL),WANG Yu (YOB=1981) (ITA)
Pro Tour German Open Bremen 2009,2009-03-19,WINTER Sabine,LIU Yuan,4,2,"11,7,11,3,11,11|9,11,9,11,9,9",QR4,GRAND_SLAM,WS,42,Qualification,WINTER Sabine (GER),LIU Yuan (AUT)
Pro Tour German Open Bremen 2009,2009-03-19,PARTYKA Natalia,LIU Yuan,4,1,"13,9,14,11,11|11,11,12,6,7",5,GRAND_SLAM,WS,42,Qualification,PARTYKA Natalia (POL),LIU Yuan (AUT)
Pro Tour German Open Bremen 2009,2009-03-19,WINTER Sabine,WANG Yu (YOB=1981),4,3,"7,11,11,5,11,8,16|11,8,4,11,8,11,14",6,GRAND_SLAM,WS,42,Qualification,WINTER Sabine (GER),WANG Yu (YOB=1981) (ITA)
Pro Tour German Open Bremen 2009,2009-03-19,NEGRISOLI Laura,OWEN Naomi,4,1,"11,11,10,11,11|8,9,12,9,4",,GRAND_SLAM,WS,42,Qualification,NEGRISOLI Laura (ITA),OWEN Naomi (WAL)
Pro Tour German Open Bremen 2009,2009-03-19,GUO Pengpeng,ERDELJI Anamaria,4,2,"11,6,11,18,8,14|9,11,8,16,11,12",QR2,GRAND_SLAM,WS,42,Qualification,GUO Pengpeng (GER),ERDELJI Anamaria (SRB)
Pro Tour German Open Bremen 2009,2009-03-19,ERDELJI Anamaria,NEGRISOLI Laura,4,2,"12,10,12,9,12,11|10,12,10,11,10,9",3,GRAND_SLAM,WS,42,Qualification,ERDELJI Anamaria (SRB),NEGRISOLI Laura (ITA)
Pro Tour German Open Bremen 2009,2009-03-19,GUO Pengpeng,OWEN Naomi,4,2,"11,11,7,6,11,11|5,2,11,11,6,9",QR4,GRAND_SLAM,WS,42,Qualification,GUO Pengpeng (GER),OWEN Naomi (WAL)
Pro Tour German Open Bremen 2009,2009-03-19,NEGRISOLI Laura,GUO Pengpeng,4,3,"15,11,13,12,5,9,11|13,9,15,10,11,11,4",5,GRAND_SLAM,WS,42,Qualification,NEGRISOLI Laura (ITA),GUO Pengpeng (GER)
Pro Tour German Open Bremen 2009,2009-03-19,ERDELJI Anamaria,OWEN Naomi,4,1,"5,11,11,11,11|11,8,3,6,8",6,GRAND_SLAM,WS,42,Qualification,ERDELJI Anamaria (SRB),OWEN Naomi (WAL)
Pro Tour German Open Bremen 2009,2009-03-19,ROBERTSON Laura,PETZNER Martina,4,0,"14,11,11,11|12,6,9,8",,GRAND_SLAM,WS,42,Qualification,ROBERTSON Laura (GER),PETZNER Martina (AUT)
Pro Tour German Open Bremen 2009,2009-03-19,ZHANG Mo,JANKOVIC Ljiljana,4,0,"11,11,12,11|6,7,10,8",QR2,GRAND_SLAM,WS,42,Qualification,ZHANG Mo (CAN),JANKOVIC Ljiljana (CRO)
Pro Tour German Open Bremen 2009,2009-03-19,ZHANG Mo,ROBERTSON Laura,4,2,"11,7,9,11,11,11|2,11,11,3,5,5",3,GRAND_SLAM,WS,42,Qualification,ZHANG Mo (CAN),ROBERTSON Laura (GER)
Pro Tour German Open Bremen 2009,2009-03-19,PETZNER Martina,JANKOVIC Ljiljana,4,2,"11,11,4,9,11,11|9,5,11,11,4,5",QR4,GRAND_SLAM,WS,42,Qualification,PETZNER Martina (AUT),JANKOVIC Ljiljana (CRO)
Pro Tour German Open Bremen 2009,2009-03-19,ROBERTSON Laura,JANKOVIC Ljiljana,4,1,"11,6,11,11,12|7,11,8,7,10",5,GRAND_SLAM,WS,42,Qualification,ROBERTSON Laura (GER),JANKOVIC Ljiljana (CRO)
Pro Tour German Open Bremen 2009,2009-03-19,ZHANG Mo,PETZNER Martina,4,1,"11,11,11,5,12|8,5,9,11,10",6,GRAND_SLAM,WS,42,Qualification,ZHANG Mo (CAN),PETZNER Martina (AUT)
Pro Tour German Open Bremen 2009,2009-03-19,FENG Tianwei,SMISTIKOVA Martina,4,0,"11,11,11,11|4,4,1,5",R64,GRAND_SLAM,WS,42,Main Draw,FENG Tianwei (SGP),SMISTIKOVA Martina (CZE)
Pro Tour German Open Bremen 2009,2009-03-19,WU Yang,FUJINUMA Ai,4,0,"11,11,11,11|8,4,5,5",R64,GRAND_SLAM,WS,42,Main Draw,WU Yang (CHN),FUJINUMA Ai (JPN)
Pro Tour German Open Bremen 2009,2009-03-19,HU Melek,PARTYKA Natalia,4,3,"11,5,11,4,11,9,11|7,11,7,11,5,11,4",R64,GRAND_SLAM,WS,42,Main Draw,HU Melek (TUR),PARTYKA Natalia (POL)
Pro Tour German Open Bremen 2009,2009-03-19,PAVLOVICH Viktoria,CREEMERS Linda,4,0,"11,11,11,11|7,7,5,3",R64,GRAND_SLAM,WS,42,Main Draw,PAVLOVICH Viktoria (BLR),CREEMERS Linda (NED)
Pro Tour German Open Bremen 2009,2009-03-19,YU Mengyu,LIU Na,4,0,"11,11,12,12|4,6,10,10",R64,GRAND_SLAM,WS,42,Main Draw,YU Mengyu (SGP),LIU Na (IRL)
Pro Tour German Open Bremen 2009,2009-03-19,MU Zi,EKHOLM Matilda,4,3,"11,9,11,8,11,8,11|8,11,3,11,3,11,5",R64,GRAND_SLAM,WS,42,Main Draw,MU Zi (CHN),EKHOLM Matilda (SWE)
Pro Tour German Open Bremen 2009,2009-03-19,FUJII Hiroko,STRBIKOVA Renata,4,2,"11,11,11,11,7,11|13,3,3,9,11,6",R64,GRAND_SLAM,WS,42,Main Draw,FUJII Hiroko (JPN),STRBIKOVA Renata (CZE)
Pro Tour German Open Bremen 2009,2009-03-19,TOTH Krisztina,DVORAK Galia,4,3,"5,11,11,13,11,9,11|11,13,9,11,3,11,7",R64,GRAND_SLAM,WS,42,Main Draw,TOTH Krisztina (HUN),DVORAK Galia (ESP)
Pro Tour German Open Bremen 2009,2009-03-19,SUN Beibei,SOLJA Amelie,4,0,"11,11,11,11|8,9,9,5",R64,GRAND_SLAM,WS,42,Main Draw,SUN Beibei (SGP),SOLJA Amelie (AUT)
Pro Tour German Open Bremen 2009,2009-03-19,PAVLOVICH Veronika,WANG Xuan,4,2,"11,9,11,11,6,11|9,11,9,7,11,8",R64,GRAND_SLAM,WS,42,Main Draw,PAVLOVICH Veronika (BLR),WANG Xuan (CHN)
Pro Tour German Open Bremen 2009,2009-03-19,ZHANG Mo,TAN Wenling,4,1,"4,11,11,11,11|11,7,4,6,8",R64,GRAND_SLAM,WS,42,Main Draw,ZHANG Mo (CAN),TAN Wenling (ITA)
Pro Tour German Open Bremen 2009,2009-03-19,SAMARA Elizabeta,VACENOVSKA Iveta,4,3,"11,11,4,11,10,8,11|8,5,11,8,12,11,8",R64,GRAND_SLAM,WS,42,Main Draw,SAMARA Elizabeta (ROU),VACENOVSKA Iveta (CZE)
Pro Tour German Open Bremen 2009,2009-03-19,DODEAN Daniela,NTOULAKI Ekaterina,4,3,"1,12,11,5,11,9,11|11,10,9,11,2,11,4",R64,GRAND_SLAM,WS,42,Main Draw,DODEAN Daniela (ROU),NTOULAKI Ekaterina (GRE)
Pro Tour German Open Bremen 2009,2009-03-19,BARTHEL Zhenqi,HE Sirin,4,1,"11,11,14,7,11|9,8,12,11,7",R64,GRAND_SLAM,WS,42,Main Draw,BARTHEL Zhenqi (GER),HE Sirin (TUR)
Pro Tour German Open Bremen 2009,2009-03-19,PASKAUSKIENE Ruta,RAMIREZ Sara,4,1,"10,11,11,11,11|12,6,9,8,2",R64,GRAND_SLAM,WS,42,Main Draw,PASKAUSKIENE Ruta (LTU),RAMIREZ Sara (ESP)
Pro Tour German Open Bremen 2009,2009-03-19,LI Jiao,ISHIKAWA Kasumi,4,0,"11,11,11,12|3,7,3,10",R64,GRAND_SLAM,WS,42,Main Draw,LI Jiao (NED),ISHIKAWA Kasumi (JPN)
Pro Tour German Open Bremen 2009,2009-03-19,LANG Kristin,FUKUHARA Ai,4,2,"5,1,11,15,11,11|11,11,9,13,9,5",R64,GRAND_SLAM,WS,42,Main Draw,LANG Kristin (GER),FUKUHARA Ai (JPN)
Pro Tour German Open Bremen 2009,2009-03-19,XU Jie (1982),TIMINA Elena,4,1,"11,11,14,9,11|7,4,12,11,7",R64,GRAND_SLAM,WS,42,Main Draw,XU Jie (1982) (POL),TIMINA Elena (NED)
Pro Tour German Open Bremen 2009,2009-03-19,LI Xiaodan,VORONOVA Anastasia,4,0,"12,11,11,11|10,8,3,8",R64,GRAND_SLAM,WS,42,Main Draw,LI Xiaodan (CHN),VORONOVA Anastasia (RUS)
Pro Tour German Open Bremen 2009,2009-03-19,ROBERTSON Laura,POTA Georgina,4,3,"5,11,7,13,14,10,11|11,9,11,11,12,12,9",R64,GRAND_SLAM,WS,42,Main Draw,ROBERTSON Laura (GER),POTA Georgina (HUN)
Pro Tour German Open Bremen 2009,2009-03-19,ERDELJI Anamaria,BOROS Tamara,4,2,"11,7,4,11,11,11|6,11,11,4,9,7",R64,GRAND_SLAM,WS,42,Main Draw,ERDELJI Anamaria (SRB),BOROS Tamara (CRO)
Pro Tour German Open Bremen 2009,2009-03-19,XIAN Yifang,GUO Pengpeng,4,1,"11,12,11,8,11|9,10,6,11,9",R64,GRAND_SLAM,WS,42,Main Draw,XIAN Yifang (FRA),GUO Pengpeng (GER)
Pro Tour German Open Bremen 2009,2009-03-19,HIURA Reiko,GRUNDISCH Carole,4,1,"9,11,11,11,11|11,6,9,6,4",R64,GRAND_SLAM,WS,42,Main Draw,HIURA Reiko (JPN),GRUNDISCH Carole (FRA)
Pro Tour German Open Bremen 2009,2009-03-19,WU Jiaduo,PROKHOROVA Yulia,4,0,"11,11,11,11|2,5,6,6",R64,GRAND_SLAM,WS,42,Main Draw,WU Jiaduo (GER),PROKHOROVA Yulia (RUS)
Pro Tour German Open Bremen 2009,2009-03-19,LI Qian,SOLJA Petrissa,4,0,"11,11,11,11|3,8,9,7",R64,GRAND_SLAM,WS,42,Main Draw,LI Qian (POL),SOLJA Petrissa (GER)
Pro Tour German Open Bremen 2009,2009-03-19,ZHU Fang,LOVAS Petra,4,3,"11,11,9,6,8,12,11|4,9,11,11,11,10,9",R64,GRAND_SLAM,WS,42,Main Draw,ZHU Fang (ESP),LOVAS Petra (HUN)
Pro Tour German Open Bremen 2009,2009-03-19,LI Xue,GRZYBOWSKA-FRANC Katarzyna,4,0,"11,12,11,13|6,10,5,11",R64,GRAND_SLAM,WS,42,Main Draw,LI Xue (FRA),GRZYBOWSKA-FRANC Katarzyna (POL)
Pro Tour German Open Bremen 2009,2009-03-19,HIRANO Sayaka,IVANCAN Irene,4,0,"11,11,11,11|5,5,4,4",R64,GRAND_SLAM,WS,42,Main Draw,HIRANO Sayaka (JPN),IVANCAN Irene (GER)
Pro Tour German Open Bremen 2009,2009-03-19,FADEEVA Oxana,SCHALL Elke,4,2,"11,11,3,11,6,11|7,9,11,9,11,4",R64,GRAND_SLAM,WS,42,Main Draw,FADEEVA Oxana (RUS),SCHALL Elke (GER)
Pro Tour German Open Bremen 2009,2009-03-19,STEFANOVA Nikoleta,TIKHOMIROVA Anna,4,0,"13,11,11,11|11,9,7,6",R64,GRAND_SLAM,WS,42,Main Draw,STEFANOVA Nikoleta (ITA),TIKHOMIROVA Anna (RUS)
Pro Tour German Open Bremen 2009,2009-03-19,BOLLMEIER Nadine,LI Qiangbing,4,1,"11,11,12,11,15|6,8,10,13,13",R64,GRAND_SLAM,WS,42,Main Draw,BOLLMEIER Nadine (GER),LI Qiangbing (AUT)
Pro Tour German Open Bremen 2009,2009-03-19,WANG Yuegu,MATTENET Audrey,4,1,"11,7,12,11,13|4,11,10,2,11",R64,GRAND_SLAM,WS,42,Main Draw,WANG Yuegu (SGP),MATTENET Audrey (FRA)
Pro Tour German Open Bremen 2009,2009-03-19,FENG Tianwei,WU Yang,4,1,"11,3,11,11,11|8,11,9,7,6",R32,GRAND_SLAM,WS,42,Main Draw,FENG Tianwei (SGP),WU Yang (CHN)
Pro Tour German Open Bremen 2009,2009-03-19,PAVLOVICH Viktoria,HU Melek,4,1,"11,11,11,9,13|8,7,4,11,11",R32,GRAND_SLAM,WS,42,Main Draw,PAVLOVICH Viktoria (BLR),HU Melek (TUR)
Pro Tour German Open Bremen 2009,2009-03-19,YU Mengyu,MU Zi,4,2,"11,8,15,6,11,11|9,11,13,11,6,7",R32,GRAND_SLAM,WS,42,Main Draw,YU Mengyu (SGP),MU Zi (CHN)
Pro Tour German Open Bremen 2009,2009-03-19,TOTH Krisztina,FUJII Hiroko,4,2,"11,13,11,11,9,11|6,11,4,13,11,6",R32,GRAND_SLAM,WS,42,Main Draw,TOTH Krisztina (HUN),FUJII Hiroko (JPN)
Pro Tour German Open Bremen 2009,2009-03-19,SUN Beibei,PAVLOVICH Veronika,4,0,"11,11,11,11|6,2,7,9",R32,GRAND_SLAM,WS,42,Main Draw,SUN Beibei (SGP),PAVLOVICH Veronika (BLR)
Pro Tour German Open Bremen 2009,2009-03-19,SAMARA Elizabeta,ZHANG Mo,4,0,"11,11,12,11|3,3,10,9",R32,GRAND_SLAM,WS,42,Main Draw,SAMARA Elizabeta (ROU),ZHANG Mo (CAN)
Pro Tour German Open Bremen 2009,2009-03-19,BARTHEL Zhenqi,DODEAN Daniela,4,1,"11,11,12,9,11|6,9,10,11,2",R32,GRAND_SLAM,WS,42,Main Draw,BARTHEL Zhenqi (GER),DODEAN Daniela (ROU)
Pro Tour German Open Bremen 2009,2009-03-19,PASKAUSKIENE Ruta,LI Jiao,4,2,"12,11,7,12,5,11|10,6,11,10,11,8",R32,GRAND_SLAM,WS,42,Main Draw,PASKAUSKIENE Ruta (LTU),LI Jiao (NED)
Pro Tour German Open Bremen 2009,2009-03-19,LANG Kristin,XU Jie (1982),4,1,"11,12,11,7,11|8,10,6,11,6",R32,GRAND_SLAM,WS,42,Main Draw,LANG Kristin (GER),XU Jie (1982) (POL)
Pro Tour German Open Bremen 2009,2009-03-19,LI Xiaodan,ROBERTSON Laura,4,1,"11,11,11,4,11|2,4,5,11,4",R32,GRAND_SLAM,WS,42,Main Draw,LI Xiaodan (CHN),ROBERTSON Laura (GER)
Pro Tour German Open Bremen 2009,2009-03-19,ERDELJI Anamaria,XIAN Yifang,4,0,"12,11,11,11|10,1,6,5",R32,GRAND_SLAM,WS,42,Main Draw,ERDELJI Anamaria (SRB),XIAN Yifang (FRA)
Pro Tour German Open Bremen 2009,2009-03-19,WU Jiaduo,HIURA Reiko,4,1,"11,10,13,11,11|8,12,11,8,8",R32,GRAND_SLAM,WS,42,Main Draw,WU Jiaduo (GER),HIURA Reiko (JPN)
Pro Tour German Open Bremen 2009,2009-03-19,LI Qian,ZHU Fang,4,1,"11,11,11,7,11|4,3,4,11,3",R32,GRAND_SLAM,WS,42,Main Draw,LI Qian (POL),ZHU Fang (ESP)
Pro Tour German Open Bremen 2009,2009-03-19,HIRANO Sayaka,LI Xue,4,0,"11,12,11,12|6,10,6,10",R32,GRAND_SLAM,WS,42,Main Draw,HIRANO Sayaka (JPN),LI Xue (FRA)
Pro Tour German Open Bremen 2009,2009-03-19,STEFANOVA Nikoleta,FADEEVA Oxana,4,0,"11,11,11,11|5,8,6,9",R32,GRAND_SLAM,WS,42,Main Draw,STEFANOVA Nikoleta (ITA),FADEEVA Oxana (RUS)
Pro Tour German Open Bremen 2009,2009-03-19,WANG Yuegu,BOLLMEIER Nadine,4,1,"11,11,13,8,11|5,3,11,11,4",R32,GRAND_SLAM,WS,42,Main Draw,WANG Yuegu (SGP),BOLLMEIER Nadine (GER)
Pro Tour German Open Bremen 2009,2009-03-19,PAVLOVICH Viktoria,FENG Tianwei,4,0,"11,11,11,11|8,5,8,9",R16,GRAND_SLAM,WS,42,Main Draw,PAVLOVICH Viktoria (BLR),FENG Tianwei (SGP)
Pro Tour German Open Bremen 2009,2009-03-19,YU Mengyu,TOTH Krisztina,4,1,"7,12,13,11,11|11,10,11,0,0",R16,GRAND_SLAM,WS,42,Main Draw,YU Mengyu (SGP),TOTH Krisztina (HUN)
Pro Tour German Open Bremen 2009,2009-03-19,SUN Beibei,SAMARA Elizabeta,4,0,"11,11,11,11|6,4,7,7",R16,GRAND_SLAM,WS,42,Main Draw,SUN Beibei (SGP),SAMARA Elizabeta (ROU)
Pro Tour German Open Bremen 2009,2009-03-19,BARTHEL Zhenqi,PASKAUSKIENE Ruta,4,2,"14,11,11,5,5,11|12,6,7,11,11,4",R16,GRAND_SLAM,WS,42,Main Draw,BARTHEL Zhenqi (GER),PASKAUSKIENE Ruta (LTU)
Pro Tour German Open Bremen 2009,2009-03-19,LI Xiaodan,LANG Kristin,4,2,"7,11,11,11,6,11|11,4,7,6,11,7",R16,GRAND_SLAM,WS,42,Main Draw,LI Xiaodan (CHN),LANG Kristin (GER)
Pro Tour German Open Bremen 2009,2009-03-19,WU Jiaduo,ERDELJI Anamaria,4,1,"7,11,11,12,11|11,8,8,10,7",R16,GRAND_SLAM,WS,42,Main Draw,WU Jiaduo (GER),ERDELJI Anamaria (SRB)
Pro Tour German Open Bremen 2009,2009-03-19,HIRANO Sayaka,LI Qian,4,0,"11,11,11,11|5,4,5,4",R16,GRAND_SLAM,WS,42,Main Draw,HIRANO Sayaka (JPN),LI Qian (POL)
Pro Tour German Open Bremen 2009,2009-03-19,WANG Yuegu,STEFANOVA Nikoleta,4,3,"11,9,14,8,11,7,11|9,11,12,11,7,11,6",R16,GRAND_SLAM,WS,42,Main Draw,WANG Yuegu (SGP),STEFANOVA Nikoleta (ITA)
Pro Tour German Open Bremen 2009,2009-03-19,PAVLOVICH Viktoria,YU Mengyu,4,0,"11,11,11,11|8,4,4,7",QuarterFinal,GRAND_SLAM,WS,42,Main Draw,PAVLOVICH Viktoria (BLR),YU Mengyu (SGP)
Pro Tour German Open Bremen 2009,2009-03-19,SUN Beibei,BARTHEL Zhenqi,4,2,"11,11,7,11,8,13|6,2,11,7,11,11",QuarterFinal,GRAND_SLAM,WS,42,Main Draw,SUN Beibei (SGP),BARTHEL Zhenqi (GER)
Pro Tour German Open Bremen 2009,2009-03-19,LI Xiaodan,WU Jiaduo,4,1,"11,3,11,11,11|8,11,4,6,5",QuarterFinal,GRAND_SLAM,WS,42,Main Draw,LI Xiaodan (CHN),WU Jiaduo (GER)
Pro Tour German Open Bremen 2009,2009-03-19,HIRANO Sayaka,WANG Yuegu,4,1,"11,11,12,6,11|9,7,10,11,6",QuarterFinal,GRAND_SLAM,WS,42,Main Draw,HIRANO Sayaka (JPN),WANG Yuegu (SGP)
Pro Tour German Open Bremen 2009,2009-03-19,PAVLOVICH Viktoria,SUN Beibei,4,1,"14,11,6,11,11|12,6,11,2,3",SemiFinal,GRAND_SLAM,WS,42,Main Draw,PAVLOVICH Viktoria (BLR),SUN Beibei (SGP)
Pro Tour German Open Bremen 2009,2009-03-19,HIRANO Sayaka,LI Xiaodan,4,2,"11,9,11,11,8,13|7,11,5,5,11,11",SemiFinal,GRAND_SLAM,WS,42,Main Draw,HIRANO Sayaka (JPN),LI Xiaodan (CHN)
Pro Tour German Open Bremen 2009,2009-03-19,HIRANO Sayaka,PAVLOVICH Viktoria,4,1,"11,11,8,11,11|5,9,11,9,6",Final,GRAND_SLAM,WS,42,Main Draw,HIRANO Sayaka (JPN),PAVLOVICH Viktoria (BLR)
Pro Tour German Open Bremen 2009,2009-03-19,SAMARA Elizabeta,ZANARDI Marine,4,0,"12,11,11,11|10,5,6,5",R16,GRAND_SLAM,U21WS,42,Main Draw,SAMARA Elizabeta (ROU),ZANARDI Marine (FRA)
Pro Tour German Open Bremen 2009,2009-03-19,MU Zi,STAHR Rosalia,4,0,"11,11,11,11|2,4,3,6",R16,GRAND_SLAM,U21WS,42,Main Draw,MU Zi (CHN),STAHR Rosalia (GER)
Pro Tour German Open Bremen 2009,2009-03-19,WU Yang,BAK Natalia,4,0,"11,11,11,11|8,6,6,2",R16,GRAND_SLAM,U21WS,42,Main Draw,WU Yang (CHN),BAK Natalia (POL)
Pro Tour German Open Bremen 2009,2009-03-19,LI Xiaodan,SIM Kai Xin Zena,4,0,"11,11,11,11|2,5,7,9",R16,GRAND_SLAM,U21WS,42,Main Draw,LI Xiaodan (CHN),SIM Kai Xin Zena (SGP)
Pro Tour German Open Bremen 2009,2009-03-19,WANG Xuan,HU Melek,4,0,"11,11,11,11|3,7,7,4",R16,GRAND_SLAM,U21WS,42,Main Draw,WANG Xuan (CHN),HU Melek (TUR)
Pro Tour German Open Bremen 2009,2009-03-19,HE Sirin,SOLJA Petrissa,4,3,"6,11,13,9,12,7,11|11,9,11,11,10,11,5",R16,GRAND_SLAM,U21WS,42,Main Draw,HE Sirin (TUR),SOLJA Petrissa (GER)
Pro Tour German Open Bremen 2009,2009-03-19,PARTYKA Natalia,DUBKOVA Elena,4,2,"11,11,11,6,9,11|6,6,4,11,11,4",R16,GRAND_SLAM,U21WS,42,Main Draw,PARTYKA Natalia (POL),DUBKOVA Elena (BLR)
Pro Tour German Open Bremen 2009,2009-03-19,YU Mengyu,SOLJA Amelie,4,3,"7,5,12,11,7,11,11|11,11,10,4,11,8,9",R16,GRAND_SLAM,U21WS,42,Main Draw,YU Mengyu (SGP),SOLJA Amelie (AUT)
Pro Tour German Open Bremen 2009,2009-03-19,MU Zi,SAMARA Elizabeta,4,0,"17,11,11,11|15,7,5,6",QuarterFinal,GRAND_SLAM,U21WS,42,Main Draw,MU Zi (CHN),SAMARA Elizabeta (ROU)
Pro Tour German Open Bremen 2009,2009-03-19,WU Yang,LI Xiaodan,4,0,"11,11,11,11|6,6,5,6",QuarterFinal,GRAND_SLAM,U21WS,42,Main Draw,WU Yang (CHN),LI Xiaodan (CHN)
Pro Tour German Open Bremen 2009,2009-03-19,WANG Xuan,HE Sirin,4,1,"11,11,11,9,11|4,5,5,11,4",QuarterFinal,GRAND_SLAM,U21WS,42,Main Draw,WANG Xuan (CHN),HE Sirin (TUR)
Pro Tour German Open Bremen 2009,2009-03-19,YU Mengyu,PARTYKA Natalia,4,2,"13,12,6,8,11,11|11,10,11,11,5,9",QuarterFinal,GRAND_SLAM,U21WS,42,Main Draw,YU Mengyu (SGP),PARTYKA Natalia (POL)
Pro Tour German Open Bremen 2009,2009-03-19,MU Zi,WU Yang,4,1,"11,11,12,11,11|9,13,10,2,7",SemiFinal,GRAND_SLAM,U21WS,42,Main Draw,MU Zi (CHN),WU Yang (CHN)
Pro Tour German Open Bremen 2009,2009-03-19,WANG Xuan,YU Mengyu,4,2,"11,13,9,11,8,11|7,11,11,8,11,6",SemiFinal,GRAND_SLAM,U21WS,42,Main Draw,WANG Xuan (CHN),YU Mengyu (SGP)
Pro Tour German Open Bremen 2009,2009-03-19,MU Zi,WANG Xuan,4,2,"6,11,12,8,11,11|11,8,10,11,8,9",Final,GRAND_SLAM,U21WS,42,Main Draw,MU Zi (CHN),WANG Xuan (CHN)
Pro Tour German Open Bremen 2009,2009-03-19,BAKULA Andrea,ERMAKOVA Irina,4,0,"11,11,11,11|8,4,4,8",,GRAND_SLAM,WS,42,Qualification,BAKULA Andrea (CRO),ERMAKOVA Irina (RUS)
Pro Tour German Open Bremen 2009,2009-03-19,WANG Xuan,IVANCAN Irene,4,3,"5,10,11,11,11,4,11|11,12,8,4,5,11,8",QR2,GRAND_SLAM,WS,42,Qualification,WANG Xuan (CHN),IVANCAN Irene (GER)
Pro Tour German Open Bremen 2009,2009-03-19,IVANCAN Irene,BAKULA Andrea,4,1,"11,11,13,8,11|4,7,11,11,8",3,GRAND_SLAM,WS,42,Qualification,IVANCAN Irene (GER),BAKULA Andrea (CRO)
Pro Tour German Open Bremen 2009,2009-03-19,WANG Xuan,ERMAKOVA Irina,4,1,"9,12,11,11,11|11,10,6,4,6",QR4,GRAND_SLAM,WS,42,Qualification,WANG Xuan (CHN),ERMAKOVA Irina (RUS)
Pro Tour German Open Bremen 2009,2009-03-19,WANG Xuan,BAKULA Andrea,4,0,"11,11,13,11|5,3,11,5",5,GRAND_SLAM,WS,42,Qualification,WANG Xuan (CHN),BAKULA Andrea (CRO)
Pro Tour German Open Bremen 2009,2009-03-19,IVANCAN Irene,ERMAKOVA Irina,4,0,"11,11,11,11|9,7,5,9",6,GRAND_SLAM,WS,42,Qualification,IVANCAN Irene (GER),ERMAKOVA Irina (RUS)
Pro Tour German Open Bremen 2009,2009-03-19,RAMIREZ Sara,HAAN Simone,4,2,"7,11,7,11,11,11|11,6,11,2,5,6",,GRAND_SLAM,WS,42,Qualification,RAMIREZ Sara (ESP),HAAN Simone (LUX)
Pro Tour German Open Bremen 2009,2009-03-19,SOLJA Amelie,SOLDI Simona,4,1,"11,9,11,12,11|3,11,6,10,5",QR2,GRAND_SLAM,WS,42,Qualification,SOLJA Amelie (AUT),SOLDI Simona (ITA)
Pro Tour German Open Bremen 2009,2009-03-19,RAMIREZ Sara,SOLJA Amelie,4,3,"11,5,11,6,7,11,11|5,11,0,11,11,3,8",3,GRAND_SLAM,WS,42,Qualification,RAMIREZ Sara (ESP),SOLJA Amelie (AUT)
Pro Tour German Open Bremen 2009,2009-03-19,HAAN Simone,SOLDI Simona,4,2,"11,11,7,11,5,13|7,9,11,6,11,11",QR4,GRAND_SLAM,WS,42,Qualification,HAAN Simone (LUX),SOLDI Simona (ITA)
Pro Tour German Open Bremen 2009,2009-03-19,RAMIREZ Sara,SOLDI Simona,4,0,"11,11,11,11|6,3,8,7",5,GRAND_SLAM,WS,42,Qualification,RAMIREZ Sara (ESP),SOLDI Simona (ITA)
Pro Tour German Open Bremen 2009,2009-03-19,SOLJA Amelie,HAAN Simone,4,2,"11,13,11,8,7,11|4,11,7,11,11,5",6,GRAND_SLAM,WS,42,Qualification,SOLJA Amelie (AUT),HAAN Simone (LUX)
Pro Tour German Open Bremen 2009,2009-03-19,BOLLMEIER Nadine,STESHENKO Tatyana,4,0,"11,11,11,11|6,8,7,4",,GRAND_SLAM,WS,42,Qualification,BOLLMEIER Nadine (GER),STESHENKO Tatyana (ITA)
Pro Tour German Open Bremen 2009,2009-03-19,FEHER Gabriela,SCHARRER Laura,4,1,"11,11,11,4,12|5,5,1,11,10",QR2,GRAND_SLAM,WS,42,Qualification,FEHER Gabriela (SRB),SCHARRER Laura (SUI)
Pro Tour German Open Bremen 2009,2009-03-19,BOLLMEIER Nadine,FEHER Gabriela,4,0,"11,11,11,11|3,7,1,0",3,GRAND_SLAM,WS,42,Qualification,BOLLMEIER Nadine (GER),FEHER Gabriela (SRB)
Pro Tour German Open Bremen 2009,2009-03-19,STESHENKO Tatyana,SCHARRER Laura,4,1,"11,3,11,12,11|9,11,8,10,7",QR4,GRAND_SLAM,WS,42,Qualification,STESHENKO Tatyana (ITA),SCHARRER Laura (SUI)
Pro Tour German Open Bremen 2009,2009-03-19,BOLLMEIER Nadine,SCHARRER Laura,4,0,"11,11,11,11|2,9,4,7",5,GRAND_SLAM,WS,42,Qualification,BOLLMEIER Nadine (GER),SCHARRER Laura (SUI)
Pro Tour German Open Bremen 2009,2009-03-19,STESHENKO Tatyana,FEHER Gabriela,4,0,,6,GRAND_SLAM,WS,42,Qualification,STESHENKO Tatyana (ITA),FEHER Gabriela (SRB)
Pro Tour German Open Bremen 2009,2009-03-19,HE Sirin,MUHLBACH Kathrin,4,3,"7,11,18,11,5,11,11|11,9,16,13,11,8,7",,GRAND_SLAM,WS,42,Qualification,HE Sirin (TUR),MUHLBACH Kathrin (GER)
Pro Tour German Open Bremen 2009,2009-03-19,PROKHOROVA Yulia,BADOSA Anna,4,0,"11,11,11,11|3,3,5,4",QR2,GRAND_SLAM,WS,42,Qualification,PROKHOROVA Yulia (RUS),BADOSA Anna (ESP)
Pro Tour German Open Bremen 2009,2009-03-19,HE Sirin,PROKHOROVA Yulia,4,1,"8,11,11,11,12|11,4,5,4,10",3,GRAND_SLAM,WS,42,Qualification,HE Sirin (TUR),PROKHOROVA Yulia (RUS)
Pro Tour German Open Bremen 2009,2009-03-19,MUHLBACH Kathrin,BADOSA Anna,4,0,"11,11,11,11|9,8,5,2",QR4,GRAND_SLAM,WS,42,Qualification,MUHLBACH Kathrin (GER),BADOSA Anna (ESP)
Pro Tour German Open Bremen 2009,2009-03-19,HE Sirin,BADOSA Anna,4,0,"11,11,13,11|5,7,11,3",5,GRAND_SLAM,WS,42,Qualification,HE Sirin (TUR),BADOSA Anna (ESP)
Pro Tour German Open Bremen 2009,2009-03-19,PROKHOROVA Yulia,MUHLBACH Kathrin,4,1,"6,14,11,11,11|11,12,7,7,9",6,GRAND_SLAM,WS,42,Qualification,PROKHOROVA Yulia (RUS),MUHLBACH Kathrin (GER)
Pro Tour German Open Bremen 2009,2009-03-19,PROKHOROVA Yulia,PRIVALOVA Alexandra,4,3,"11,11,4,11,9,6,11|3,7,11,7,11,11,7",QR32,GRAND_SLAM,WS,42,Qualification,PROKHOROVA Yulia (RUS),PRIVALOVA Alexandra (BLR)
Pro Tour German Open Bremen 2009,2009-03-19,SOLJA Petrissa,STESHENKO Tatyana,4,2,"11,11,11,7,6,11|6,7,3,11,11,4",QR32,GRAND_SLAM,WS,42,Qualification,SOLJA Petrissa (GER),STESHENKO Tatyana (ITA)
Pro Tour German Open Bremen 2009,2009-03-19,SOLJA Amelie,ALI Meral Ildiz,4,0,"11,11,11,11|5,5,8,9",QR32,GRAND_SLAM,WS,42,Qualification,SOLJA Amelie (AUT),ALI Meral Ildiz (TUR)
Pro Tour German Open Bremen 2009,2009-03-19,IVANCAN Irene,MATTENET Audrey,4,2,"12,11,7,11,8,13|10,7,11,4,11,11",QR32,GRAND_SLAM,WS,42,Qualification,IVANCAN Irene (GER),MATTENET Audrey (FRA)
Pro Tour German Open Bremen 2009,2009-03-19,ROBERTSON Laura,BARTOSOVA Hana,4,2,"8,11,11,11,7,11|11,3,8,8,11,9",QR32,GRAND_SLAM,WS,42,Qualification,ROBERTSON Laura (GER),BARTOSOVA Hana (CZE)
Pro Tour German Open Bremen 2009,2009-03-19,ERDELJI Anamaria,DURAND Christelle,4,0,"11,12,11,11|5,10,5,8",QR32,GRAND_SLAM,WS,42,Qualification,ERDELJI Anamaria (SRB),DURAND Christelle (FRA)
Pro Tour German Open Bremen 2009,2009-03-19,LIU Na,WINTER Sabine,4,0,"11,11,11,11|7,5,8,8",QR32,GRAND_SLAM,WS,42,Qualification,LIU Na (IRL),WINTER Sabine (GER)
Pro Tour German Open Bremen 2009,2009-03-19,NTOULAKI Ekaterina,WANG Yu (YOB=1985),4,3,"11,11,6,11,4,11,11|8,9,11,7,11,13,7",QR32,GRAND_SLAM,WS,42,Qualification,NTOULAKI Ekaterina (GRE),WANG Yu (YOB=1985) (MLT)
Pro Tour German Open Bremen 2009,2009-03-19,DVORAK Galia,KERTAI Rita,4,0,"11,11,11,11|7,2,7,7",QR32,GRAND_SLAM,WS,42,Qualification,DVORAK Galia (ESP),KERTAI Rita (HUN)
Pro Tour German Open Bremen 2009,2009-03-19,CREEMERS Linda,SMISTIKOVA Martina,4,1,"11,11,4,11,11|8,9,11,4,9",QR32,GRAND_SLAM,WS,42,Qualification,CREEMERS Linda (NED),SMISTIKOVA Martina (CZE)
Pro Tour German Open Bremen 2009,2009-03-19,OWEN Naomi,STESHENKO Tatyana,3,0,"11,11,11|7,8,5",,GRAND_SLAM,U21WS,42,Qualification,OWEN Naomi (WAL),STESHENKO Tatyana (ITA)
Pro Tour German Open Bremen 2009,2009-03-19,SOLJA Amelie,STESHENKO Tatyana,3,0,"11,11,11|5,8,5",QR2,GRAND_SLAM,U21WS,42,Qualification,SOLJA Amelie (AUT),STESHENKO Tatyana (ITA)
Pro Tour German Open Bremen 2009,2009-03-19,SOLJA Amelie,OWEN Naomi,3,0,"11,11,11|2,8,4",3,GRAND_SLAM,U21WS,42,Qualification,SOLJA Amelie (AUT),OWEN Naomi (WAL)
Pro Tour German Open Bremen 2009,2009-03-19,SIM Kai Xin Zena,WINTER Sabine,3,2,"12,11,7,7,11|10,8,11,11,6",,GRAND_SLAM,U21WS,42,Qualification,SIM Kai Xin Zena (SGP),WINTER Sabine (GER)
Pro Tour German Open Bremen 2009,2009-03-19,WINTER Sabine,FEHER Gabriela,3,0,,QR2,GRAND_SLAM,U21WS,42,Qualification,WINTER Sabine (GER),FEHER Gabriela (SRB)
Pro Tour German Open Bremen 2009,2009-03-19,SIM Kai Xin Zena,FEHER Gabriela,3,0,,3,GRAND_SLAM,U21WS,42,Qualification,SIM Kai Xin Zena (SGP),FEHER Gabriela (SRB)
Pro Tour German Open Bremen 2009,2009-03-19,ZANARDI Marine,MUHLBACH Kathrin,3,0,"11,11,11|5,5,7",,GRAND_SLAM,U21WS,42,Qualification,ZANARDI Marine (FRA),MUHLBACH Kathrin (GER)
Pro Tour German Open Bremen 2009,2009-03-19,MUHLBACH Kathrin,ZHANG Mo,3,2,"11,11,10,10,11|8,7,12,12,8",QR2,GRAND_SLAM,U21WS,42,Qualification,MUHLBACH Kathrin (GER),ZHANG Mo (CAN)
Pro Tour German Open Bremen 2009,2009-03-19,ZANARDI Marine,ZHANG Mo,3,2,"11,11,8,8,11|8,9,11,11,7",3,GRAND_SLAM,U21WS,42,Qualification,ZANARDI Marine (FRA),ZHANG Mo (CAN)
Pro Tour German Open Bremen 2009,2009-03-19,FUHRER Monika,SOLDI Simona,3,0,"11,12,11|5,10,7",,GRAND_SLAM,U21WS,42,Qualification,FUHRER Monika (SUI),SOLDI Simona (ITA)
Pro Tour German Open Bremen 2009,2009-03-19,SOLJA Petrissa,SOLDI Simona,3,0,"11,11,11|6,8,6",QR2,GRAND_SLAM,U21WS,42,Qualification,SOLJA Petrissa (GER),SOLDI Simona (ITA)
Pro Tour German Open Bremen 2009,2009-03-19,SOLJA Petrissa,FUHRER Monika,3,0,"11,11,13|2,4,11",3,GRAND_SLAM,U21WS,42,Qualification,SOLJA Petrissa (GER),FUHRER Monika (SUI)
Pro Tour German Open Bremen 2009,2009-03-19,SCHARRER Laura,ZHAN Ying Ni,3,2,"11,4,7,12,11|6,11,11,10,9",,GRAND_SLAM,U21WS,42,Qualification,SCHARRER Laura (SUI),ZHAN Ying Ni (GER)
Pro Tour German Open Bremen 2009,2009-03-19,BAK Natalia,SCHARRER Laura,3,1,"9,13,11,16|11,11,8,14",QR2,GRAND_SLAM,U21WS,42,Qualification,BAK Natalia (POL),SCHARRER Laura (SUI)
Pro Tour German Open Bremen 2009,2009-03-19,ZHAN Ying Ni,BAK Natalia,3,2,"11,6,6,11,13|7,11,11,9,11",3,GRAND_SLAM,U21WS,42,Qualification,ZHAN Ying Ni (GER),BAK Natalia (POL)
Pro Tour German Open Bremen 2009,2009-03-19,GRZYBOWSKA-FRANC Katarzyna,JANKOVIC Ljiljana,3,2,"11,11,11,10,11|3,13,5,12,2",,GRAND_SLAM,U21WS,42,Qualification,GRZYBOWSKA-FRANC Katarzyna (POL),JANKOVIC Ljiljana (CRO)
Pro Tour German Open Bremen 2009,2009-03-19,STAHR Rosalia,JANKOVIC Ljiljana,3,0,"11,11,11|7,7,8",QR2,GRAND_SLAM,U21WS,42,Qualification,STAHR Rosalia (GER),JANKOVIC Ljiljana (CRO)
Pro Tour German Open Bremen 2009,2009-03-19,STAHR Rosalia,GRZYBOWSKA-FRANC Katarzyna,3,1,"12,4,12,11|10,11,10,7",3,GRAND_SLAM,U21WS,42,Qualification,STAHR Rosalia (GER),GRZYBOWSKA-FRANC Katarzyna (POL)
Pro Tour German Open Bremen 2009,2009-03-19,WANG Xuan,DURAK Mirela,3,1,"12,8,11,11|10,11,6,6",,GRAND_SLAM,U21WS,42,Qualification,WANG Xuan (CHN),DURAK Mirela (CRO)
Pro Tour German Open Bremen 2009,2009-03-19,WANG Xuan,PETTERSSON Malin,3,0,"11,11,11|8,4,5",QR2,GRAND_SLAM,U21WS,42,Qualification,WANG Xuan (CHN),PETTERSSON Malin (SWE)
Pro Tour German Open Bremen 2009,2009-03-19,PETTERSSON Malin,DURAK Mirela,3,2,"6,11,9,11,12|11,6,11,4,10",3,GRAND_SLAM,U21WS,42,Qualification,PETTERSSON Malin (SWE),DURAK Mirela (CRO)
Pro Tour German Open Bremen 2009,2009-03-19,AMBRUS Krisztina,MATZKE Laura,3,1,"8,11,13,11|11,6,11,9",,GRAND_SLAM,U21WS,42,Qualification,AMBRUS Krisztina (HUN),MATZKE Laura (GER)
Pro Tour German Open Bremen 2009,2009-03-19,MATZKE Laura,DUBKOVA Elena,3,2,"11,11,9,11,11|13,8,11,8,6",QR2,GRAND_SLAM,U21WS,42,Qualification,MATZKE Laura (GER),DUBKOVA Elena (BLR)
Pro Tour German Open Bremen 2009,2009-03-19,DUBKOVA Elena,AMBRUS Krisztina,3,0,"11,11,11|4,7,3",3,GRAND_SLAM,U21WS,42,Qualification,DUBKOVA Elena (BLR),AMBRUS Krisztina (HUN)
Pro Tour German Open Bremen 2009,2009-03-19,HABESOHN Daniel/PRESSLMAYER Bernhard,PLATTNER Dominique/STORF Martin,3,2,"7,11,11,6,11|11,8,6,11,7",QR32,GRAND_SLAM,MD,42,Qualification,HABESOHN Daniel (AUT) / PRESSLMAYER Bernhard (AUT),PLATTNER Dominique (AUT) / STORF Martin (AUT)
Pro Tour German Open Bremen 2009,2009-03-19,LI Kwun Ngai/MICHELY Gilles,ROGIERS Benjamin/VOSTES Yannick,3,0,"11,11,13|6,3,11",QR64,GRAND_SLAM,MD,42,Qualification,LI Kwun Ngai (HKG) / MICHELY Gilles (LUX),ROGIERS Benjamin (BEL) / VOSTES Yannick (BEL)
Pro Tour German Open Bremen 2009,2009-03-19,KOSIBA Daniel/ZOMBORI David,CHTCHETININE Evgueni/PLATONOV Pavel,3,2,"4,11,11,4,11|11,6,7,11,7",QR64,GRAND_SLAM,MD,42,Qualification,KOSIBA Daniel (HUN) / ZOMBORI David (HUN),CHTCHETININE Evgueni (BLR) / PLATONOV Pavel (BLR)
Pro Tour German Open Bremen 2009,2009-03-19,KUCHUK Aleksandr/NEKHVEDOVICH Vitaly,RINIOTIS Anastasios/VITTA Kilomo,3,2,"11,11,8,7,13|6,7,11,11,11",QR64,GRAND_SLAM,MD,42,Qualification,KUCHUK Aleksandr (BLR) / NEKHVEDOVICH Vitaly (BLR),RINIOTIS Anastasios (GRE) / VITTA Kilomo (BEL)
Pro Tour German Open Bremen 2009,2009-03-19,PERSSON Jorgen/SVENSSON Robert,KUCHUK Aleksandr/NEKHVEDOVICH Vitaly,3,0,"11,11,11|5,7,4",QR32,GRAND_SLAM,MD,42,Qualification,PERSSON Jorgen (SWE) / SVENSSON Robert (SWE),KUCHUK Aleksandr (BLR) / NEKHVEDOVICH Vitaly (BLR)
Pro Tour German Open Bremen 2009,2009-03-19,ILLAS Erik/PISTEJ Lubomir,GOLOVANOV Stanislav/YORDANOV Teodor,3,0,"11,11,11|8,9,2",QR64,GRAND_SLAM,MD,42,Qualification,ILLAS Erik (SVK) / PISTEJ Lubomir (SVK),GOLOVANOV Stanislav (BUL) / YORDANOV Teodor (BUL)
Pro Tour German Open Bremen 2009,2009-03-19,LIU Yanan/YIN Hang,TOMASI Stefano/YANG Min,3,0,"11,12,11|7,10,9",QR64,GRAND_SLAM,MD,42,Qualification,LIU Yanan (CHN) / YIN Hang (CHN),TOMASI Stefano (ITA) / YANG Min (ITA)
Pro Tour German Open Bremen 2009,2009-03-19,CHENG Jingqi/ZHENG Peifeng,BOBOCICA Mihai/MONTEIRO Joao,3,2,"10,11,11,8,11|12,4,9,11,8",QR64,GRAND_SLAM,MD,42,Qualification,CHENG Jingqi (CHN) / ZHENG Peifeng (CHN),BOBOCICA Mihai (ITA) / MONTEIRO Joao (POR)
Pro Tour German Open Bremen 2009,2009-03-19,GACINA Andrej/TOSIC Roko,BUROV Viacheslav/SHIBAEV Alexander,3,2,"10,11,4,11,13|12,9,11,2,11",QR64,GRAND_SLAM,MD,42,Qualification,GACINA Andrej (CRO) / TOSIC Roko (CRO),BUROV Viacheslav (RUS) / SHIBAEV Alexander (RUS)
Pro Tour German Open Bremen 2009,2009-03-19,KOVAC Borna/PRIMORAC Zoran,DODEAN Adrian/IONESCU Ovidiu,3,1,"11,9,11,11|7,11,9,9",QR64,GRAND_SLAM,MD,42,Qualification,KOVAC Borna (CRO) / PRIMORAC Zoran (CRO),DODEAN Adrian (ROU) / IONESCU Ovidiu (ROU)
Pro Tour German Open Bremen 2009,2009-03-19,BURGIS Matiss/MA Liang,GACINA Andrej/TOSIC Roko,3,1,"12,11,9,11|10,9,11,5",QR32,GRAND_SLAM,MD,42,Qualification,BURGIS Matiss (LAT) / MA Liang (SGP),GACINA Andrej (CRO) / TOSIC Roko (CRO)
Pro Tour German Open Bremen 2009,2009-03-19,GERELL Par/LUNDQVIST Jens,KOVAC Borna/PRIMORAC Zoran,3,1,"11,8,11,11|5,11,7,6",QR32,GRAND_SLAM,MD,42,Qualification,GERELL Par (SWE) / LUNDQVIST Jens (SWE),KOVAC Borna (CRO) / PRIMORAC Zoran (CRO)
Pro Tour German Open Bremen 2009,2009-03-19,JANCARIK Lubomir/KONECNY Tomas,AGUIRRE Marcelo/DIEZ Endika,3,1,"11,11,10,11|7,7,12,9",QR64,GRAND_SLAM,MD,42,Qualification,JANCARIK Lubomir (CZE) / KONECNY Tomas (CZE),AGUIRRE Marcelo (PAR) / DIEZ Endika (ESP)
Pro Tour German Open Bremen 2009,2009-03-19,LEBESSON Emmanuel/MATTENET Adrien,BURGIS Matiss/MA Liang,4,0,"11,11,11,11|9,7,1,9",R16,GRAND_SLAM,MD,42,Main Draw,LEBESSON Emmanuel (FRA) / MATTENET Adrien (FRA),BURGIS Matiss (LAT) / MA Liang (SGP)
Pro Tour German Open Bremen 2009,2009-03-19,BOLL Timo/SUSS Christian,LEBESSON Emmanuel/MATTENET Adrien,4,1,"11,11,11,13,11|5,6,6,15,8",QuarterFinal,GRAND_SLAM,MD,42,Main Draw,BOLL Timo (GER) / SUSS Christian (GER),LEBESSON Emmanuel (FRA) / MATTENET Adrien (FRA)
Pro Tour German Open Bremen 2009,2009-03-19,VANG Bora/ZENG Cem,LE BRETON Thomas/LE GUEN Victorien,3,1,"11,11,9,11|3,9,11,5",QR64,GRAND_SLAM,MD,42,Qualification,VANG Bora (TUR) / ZENG Cem (TUR),LE BRETON Thomas (FRA) / LE GUEN Victorien (FRA)
Pro Tour German Open Bremen 2009,2009-03-19,MONTEIRO Thiago/TSUBOI Gustavo,FEJER-KONNERTH Zoltan/WOSIK Torben,4,0,"12,11,11,11|10,5,7,7",R16,GRAND_SLAM,MD,42,Main Draw,MONTEIRO Thiago (BRA) / TSUBOI Gustavo (BRA),FEJER-KONNERTH Zoltan (GER) / WOSIK Torben (GER)
Pro Tour German Open Bremen 2009,2009-03-19,GERELL Par/LUNDQVIST Jens,FILUS Ruwen/MENGEL Steffen,3,0,"11,11,11|3,8,9",QR64,GRAND_SLAM,MD,42,Qualification,GERELL Par (SWE) / LUNDQVIST Jens (SWE),FILUS Ruwen (GER) / MENGEL Steffen (GER)
Pro Tour German Open Bremen 2009,2009-03-19,BAUM Patrick/HIELSCHER Lars,DIDUKH Oleksandr/ZHMUDENKO Yaroslav,3,1,"1,13,12,11|11,11,10,2",QR64,GRAND_SLAM,MD,42,Qualification,BAUM Patrick (GER) / HIELSCHER Lars (GER),DIDUKH Oleksandr (UKR) / ZHMUDENKO Yaroslav (UKR)
Pro Tour German Open Bremen 2009,2009-03-19,FEJER-KONNERTH Zoltan/WOSIK Torben,JAKAB Janos/MUSKO Peter,3,2,"6,7,11,12,11|11,11,7,10,8",QR32,GRAND_SLAM,MD,42,Qualification,FEJER-KONNERTH Zoltan (GER) / WOSIK Torben (GER),JAKAB Janos (HUN) / MUSKO Peter (HUN)
Pro Tour German Open Bremen 2009,2009-03-19,OVTCHAROV Dimitrij/STEGER Bastian,ILLAS Erik/PISTEJ Lubomir,3,1,"11,11,9,11|4,2,11,8",QR32,GRAND_SLAM,MD,42,Qualification,OVTCHAROV Dimitrij (GER) / STEGER Bastian (GER),ILLAS Erik (SVK) / PISTEJ Lubomir (SVK)
Pro Tour German Open Bremen 2009,2009-03-19,BAUM Patrick/HIELSCHER Lars,CHENG Jingqi/ZHENG Peifeng,3,2,"9,5,11,11,11|11,11,7,9,8",QR32,GRAND_SLAM,MD,42,Qualification,BAUM Patrick (GER) / HIELSCHER Lars (GER),CHENG Jingqi (CHN) / ZHENG Peifeng (CHN)
Pro Tour German Open Bremen 2009,2009-03-19,FEJER-KONNERTH Zoltan/WOSIK Torben,HABESOHN Daniel/PRESSLMAYER Bernhard,3,1,"6,13,15,11|11,11,13,4",QR16,GRAND_SLAM,MD,42,Qualification,FEJER-KONNERTH Zoltan (GER) / WOSIK Torben (GER),HABESOHN Daniel (AUT) / PRESSLMAYER Bernhard (AUT)
Pro Tour German Open Bremen 2009,2009-03-19,CHIANG Hung-Chieh/HUANG Sheng-Sheng,OVTCHAROV Dimitrij/STEGER Bastian,3,1,"11,11,10,11|7,7,12,4",QR16,GRAND_SLAM,MD,42,Qualification,CHIANG Hung-Chieh (TPE) / HUANG Sheng-Sheng (TPE),OVTCHAROV Dimitrij (GER) / STEGER Bastian (GER)
Pro Tour German Open Bremen 2009,2009-03-19,BAUM Patrick/HIELSCHER Lars,CHMIEL Pawel/DANIEL Artur,3,0,"11,11,11|4,5,9",QR16,GRAND_SLAM,MD,42,Qualification,BAUM Patrick (GER) / HIELSCHER Lars (GER),CHMIEL Pawel (POL) / DANIEL Artur (POL)
Pro Tour German Open Bremen 2009,2009-03-19,JAKAB Janos/MUSKO Peter,CAI Xiaoli/PANG Xue Jie,3,2,"6,8,12,11,11|11,11,10,8,7",QR64,GRAND_SLAM,MD,42,Qualification,JAKAB Janos (HUN) / MUSKO Peter (HUN),CAI Xiaoli (SGP) / PANG Xue Jie (SGP)
Pro Tour German Open Bremen 2009,2009-03-19,KISHIKAWA Seiya/MIZUTANI Jun,GERELL Par/LUNDQVIST Jens,4,3,"11,5,11,5,9,11,11|9,11,7,11,11,6,6",R16,GRAND_SLAM,MD,42,Main Draw,KISHIKAWA Seiya (JPN) / MIZUTANI Jun (JPN),GERELL Par (SWE) / LUNDQVIST Jens (SWE)
Pro Tour German Open Bremen 2009,2009-03-19,KISHIKAWA Seiya/MIZUTANI Jun,CHUANG Chih-Yuan/WU Chih-Chi,4,2,"4,11,7,11,11,11|11,4,11,7,7,5",QuarterFinal,GRAND_SLAM,MD,42,Main Draw,KISHIKAWA Seiya (JPN) / MIZUTANI Jun (JPN),CHUANG Chih-Yuan (TPE) / WU Chih-Chi (TPE)
Pro Tour German Open Bremen 2009,2009-03-19,BOLL Timo/SUSS Christian,KISHIKAWA Seiya/MIZUTANI Jun,4,2,"11,11,12,7,9,13|3,6,10,11,11,11",Final,GRAND_SLAM,MD,42,Main Draw,BOLL Timo (GER) / SUSS Christian (GER),KISHIKAWA Seiya (JPN) / MIZUTANI Jun (JPN)
Pro Tour German Open Bremen 2009,2009-03-19,FEJER-KONNERTH Zoltan/WOSIK Torben,MATSUDAIRA Kenji/OYA Hidetoshi,3,2,"11,9,8,11,11|9,11,11,2,8",QR64,GRAND_SLAM,MD,42,Qualification,FEJER-KONNERTH Zoltan (GER) / WOSIK Torben (GER),MATSUDAIRA Kenji (JPN) / OYA Hidetoshi (JPN)
Pro Tour German Open Bremen 2009,2009-03-19,KAN Yo/YOSHIDA Kaii,MANNA Romualdo/SCHAIBLE Rene,3,0,"11,11,11|4,4,7",QR64,GRAND_SLAM,MD,42,Qualification,KAN Yo (JPN) / YOSHIDA Kaii (JPN),MANNA Romualdo (ITA) / SCHAIBLE Rene (PAN)
Pro Tour German Open Bremen 2009,2009-03-19,VANG Bora/ZENG Cem,KAN Yo/YOSHIDA Kaii,3,0,"11,11,11|9,7,9",QR32,GRAND_SLAM,MD,42,Qualification,VANG Bora (TUR) / ZENG Cem (TUR),KAN Yo (JPN) / YOSHIDA Kaii (JPN)
Pro Tour German Open Bremen 2009,2009-03-19,CARNEROS Alfredo/DURAN Marc,LI Kwun Ngai/MICHELY Gilles,3,2,"9,11,11,11,15|11,7,4,13,13",QR32,GRAND_SLAM,MD,42,Qualification,CARNEROS Alfredo (ESP) / DURAN Marc (ESP),LI Kwun Ngai (HKG) / MICHELY Gilles (LUX)
Pro Tour German Open Bremen 2009,2009-03-19,RONNEBERG Espen/WANG Jianfeng,PLACEK Frantisek/TREGLER Tomas,3,2,"10,8,11,11,11|12,11,9,5,7",QR64,GRAND_SLAM,MD,42,Qualification,RONNEBERG Espen (NOR) / WANG Jianfeng (NOR),PLACEK Frantisek (CZE) / TREGLER Tomas (CZE)
Pro Tour German Open Bremen 2009,2009-03-19,CHEN Weixing/GARDOS Robert,RONNEBERG Espen/WANG Jianfeng,3,1,"11,9,11,11|6,11,5,8",QR32,GRAND_SLAM,MD,42,Qualification,CHEN Weixing (AUT) / GARDOS Robert (AUT),RONNEBERG Espen (NOR) / WANG Jianfeng (NOR)
Pro Tour German Open Bremen 2009,2009-03-19,CARNEROS Alfredo/DURAN Marc,FERTIKOWSKI Pawel/FLORAS Robert,3,0,"11,11,11|7,9,5",QR64,GRAND_SLAM,MD,42,Qualification,CARNEROS Alfredo (ESP) / DURAN Marc (ESP),FERTIKOWSKI Pawel (POL) / FLORAS Robert (POL)
Pro Tour German Open Bremen 2009,2009-03-19,BLASZCZYK Lucjan/KOSOWSKI Jakub,GROTH Jonathan/STERNBERG Kasper,3,2,"8,11,7,11,11|11,9,11,8,9",QR64,GRAND_SLAM,MD,42,Qualification,BLASZCZYK Lucjan (POL) / KOSOWSKI Jakub (POL),GROTH Jonathan (DEN) / STERNBERG Kasper (DEN)
Pro Tour German Open Bremen 2009,2009-03-19,CHMIEL Pawel/DANIEL Artur,JEVTOVIC Marko/PETO Zsolt,3,0,"11,11,11|8,7,5",QR64,GRAND_SLAM,MD,42,Qualification,CHMIEL Pawel (POL) / DANIEL Artur (POL),JEVTOVIC Marko (SRB) / PETO Zsolt (SRB)
Pro Tour German Open Bremen 2009,2009-03-19,BLASZCZYK Lucjan/KOSOWSKI Jakub,LEGOUT Christophe/SALIFOU Abdel-Kader,3,2,"5,11,11,11,13|11,13,6,9,11",QR32,GRAND_SLAM,MD,42,Qualification,BLASZCZYK Lucjan (POL) / KOSOWSKI Jakub (POL),LEGOUT Christophe (FRA) / SALIFOU Abdel-Kader (BEN)
Pro Tour German Open Bremen 2009,2009-03-19,APOLONIA Tiago/FREITAS Marcos,KOSIBA Daniel/ZOMBORI David,3,0,"11,11,11|5,6,8",QR32,GRAND_SLAM,MD,42,Qualification,APOLONIA Tiago (POR) / FREITAS Marcos (POR),KOSIBA Daniel (HUN) / ZOMBORI David (HUN)
Pro Tour German Open Bremen 2009,2009-03-19,SKACHKOV Kirill/VLASOV Grigory,APOLONIA Tiago/FREITAS Marcos,3,1,"11,11,2,11|6,7,11,5",QR16,GRAND_SLAM,MD,42,Qualification,SKACHKOV Kirill (RUS) / VLASOV Grigory (RUS),APOLONIA Tiago (POR) / FREITAS Marcos (POR)
Pro Tour German Open Bremen 2009,2009-03-19,CHUANG Chih-Yuan/WU Chih-Chi,SKACHKOV Kirill/VLASOV Grigory,4,2,"11,13,1,12,6,11|9,11,11,10,11,3",R16,GRAND_SLAM,MD,42,Main Draw,CHUANG Chih-Yuan (TPE) / WU Chih-Chi (TPE),SKACHKOV Kirill (RUS) / VLASOV Grigory (RUS)
Pro Tour German Open Bremen 2009,2009-03-19,KARAKASEVIC Aleksandar/TOKIC Bojan,KUZMIN Fedor/SMIRNOV Alexey,4,3,"17,11,8,8,11,5,11|15,8,11,11,9,11,7",R16,GRAND_SLAM,MD,42,Main Draw,KARAKASEVIC Aleksandar (SRB) / TOKIC Bojan (SLO),KUZMIN Fedor (RUS) / SMIRNOV Alexey (RUS)
Pro Tour German Open Bremen 2009,2009-03-19,SKACHKOV Kirill/VLASOV Grigory,KONGSGAARD Christian/MONRAD Martin,3,2,"7,11,6,11,12|11,2,11,5,10",QR64,GRAND_SLAM,MD,42,Qualification,SKACHKOV Kirill (RUS) / VLASOV Grigory (RUS),KONGSGAARD Christian (DEN) / MONRAD Martin (DEN)
Pro Tour German Open Bremen 2009,2009-03-19,SKACHKOV Kirill/VLASOV Grigory,HE Zhiwen/MACHADO Carlos,3,1,"9,11,11,11|11,8,7,5",QR32,GRAND_SLAM,MD,42,Qualification,SKACHKOV Kirill (RUS) / VLASOV Grigory (RUS),HE Zhiwen (ESP) / MACHADO Carlos (ESP)
Pro Tour German Open Bremen 2009,2009-03-19,GAO Ning/YANG Zi,BAUM Patrick/HIELSCHER Lars,4,3,"11,11,11,10,11,6,11|7,7,13,12,7,11,5",R16,GRAND_SLAM,MD,42,Main Draw,GAO Ning (SGP) / YANG Zi (SGP),BAUM Patrick (GER) / HIELSCHER Lars (GER)
Pro Tour German Open Bremen 2009,2009-03-19,GAO Ning/YANG Zi,GAVLAS Antonin/KORBEL Petr,4,2,"11,11,11,7,10,11|8,7,4,11,12,4",QuarterFinal,GRAND_SLAM,MD,42,Main Draw,GAO Ning (SGP) / YANG Zi (SGP),GAVLAS Antonin (CZE) / KORBEL Petr (CZE)
Pro Tour German Open Bremen 2009,2009-03-19,KISHIKAWA Seiya/MIZUTANI Jun,GAO Ning/YANG Zi,4,1,"11,9,11,11,11|7,11,5,7,8",SemiFinal,GRAND_SLAM,MD,42,Main Draw,KISHIKAWA Seiya (JPN) / MIZUTANI Jun (JPN),GAO Ning (SGP) / YANG Zi (SGP)
Pro Tour German Open Bremen 2009,2009-03-19,BURGIS Matiss/MA Liang,PERSSON Jorgen/SVENSSON Robert,3,1,"11,11,16,11|3,7,18,5",QR16,GRAND_SLAM,MD,42,Qualification,BURGIS Matiss (LAT) / MA Liang (SGP),PERSSON Jorgen (SWE) / SVENSSON Robert (SWE)
Pro Tour German Open Bremen 2009,2009-03-19,KARAKASEVIC Aleksandar/TOKIC Bojan,MONTEIRO Thiago/TSUBOI Gustavo,4,0,"11,11,11,11|5,6,5,8",QuarterFinal,GRAND_SLAM,MD,42,Main Draw,KARAKASEVIC Aleksandar (SRB) / TOKIC Bojan (SLO),MONTEIRO Thiago (BRA) / TSUBOI Gustavo (BRA)
Pro Tour German Open Bremen 2009,2009-03-19,BOLL Timo/SUSS Christian,KARAKASEVIC Aleksandar/TOKIC Bojan,4,0,"11,11,11,11|3,3,8,3",SemiFinal,GRAND_SLAM,MD,42,Main Draw,BOLL Timo (GER) / SUSS Christian (GER),KARAKASEVIC Aleksandar (SRB) / TOKIC Bojan (SLO)
Pro Tour German Open Bremen 2009,2009-03-19,KARAKASEVIC Aleksandar/TOKIC Bojan,LIU Yanan/YIN Hang,3,0,"11,11,11|4,3,6",QR32,GRAND_SLAM,MD,42,Qualification,KARAKASEVIC Aleksandar (SRB) / TOKIC Bojan (SLO),LIU Yanan (CHN) / YIN Hang (CHN)
Pro Tour German Open Bremen 2009,2009-03-19,KARAKASEVIC Aleksandar/TOKIC Bojan,CARNEROS Alfredo/DURAN Marc,3,0,"11,11,11|9,2,4",QR16,GRAND_SLAM,MD,42,Qualification,KARAKASEVIC Aleksandar (SRB) / TOKIC Bojan (SLO),CARNEROS Alfredo (ESP) / DURAN Marc (ESP)
Pro Tour German Open Bremen 2009,2009-03-19,PERSSON Jorgen/SVENSSON Robert,VANNUCCI Marco/WANG Daqi,3,0,"11,11,11|8,6,1",QR64,GRAND_SLAM,MD,42,Qualification,PERSSON Jorgen (SWE) / SVENSSON Robert (SWE),VANNUCCI Marco (SMR) / WANG Daqi (SMR)
Pro Tour German Open Bremen 2009,2009-03-19,PLATTNER Dominique/STORF Martin,KEINATH Thomas/SEREDA Peter,3,1,"9,11,11,11|11,6,9,6",QR64,GRAND_SLAM,MD,42,Qualification,PLATTNER Dominique (AUT) / STORF Martin (AUT),KEINATH Thomas (SVK) / SEREDA Peter (SVK)
Pro Tour German Open Bremen 2009,2009-03-19,KARLSSON Kristian/KARLSSON Mattias,DRINKHALL Paul/EVANS Gavin,3,0,"11,12,11|6,10,8",QR64,GRAND_SLAM,MD,42,Qualification,KARLSSON Kristian (SWE) / KARLSSON Mattias (SWE),DRINKHALL Paul (ENG) / EVANS Gavin (ENG)
Pro Tour German Open Bremen 2009,2009-03-19,CHMIEL Pawel/DANIEL Artur,KARLSSON Kristian/KARLSSON Mattias,3,2,"11,11,6,8,11|9,5,11,11,6",QR32,GRAND_SLAM,MD,42,Qualification,CHMIEL Pawel (POL) / DANIEL Artur (POL),KARLSSON Kristian (SWE) / KARLSSON Mattias (SWE)
Pro Tour German Open Bremen 2009,2009-03-19,GERELL Par/LUNDQVIST Jens,BLASZCZYK Lucjan/KOSOWSKI Jakub,3,0,"11,12,11|9,10,8",QR16,GRAND_SLAM,MD,42,Qualification,GERELL Par (SWE) / LUNDQVIST Jens (SWE),BLASZCZYK Lucjan (POL) / KOSOWSKI Jakub (POL)
Pro Tour German Open Bremen 2009,2009-03-19,BOLL Timo/SUSS Christian,CHIANG Hung-Chieh/HUANG Sheng-Sheng,4,0,"11,11,11,11|5,9,5,4",R16,GRAND_SLAM,MD,42,Main Draw,BOLL Timo (GER) / SUSS Christian (GER),CHIANG Hung-Chieh (TPE) / HUANG Sheng-Sheng (TPE)
Pro Tour German Open Bremen 2009,2009-03-19,CHIANG Hung-Chieh/HUANG Sheng-Sheng,GIONIS Panagiotis/PAPAGEORGIOU Konstantinos,3,2,"11,7,11,9,11|9,11,9,11,6",QR64,GRAND_SLAM,MD,42,Qualification,CHIANG Hung-Chieh (TPE) / HUANG Sheng-Sheng (TPE),GIONIS Panagiotis (GRE) / PAPAGEORGIOU Konstantinos (GRE)
Pro Tour German Open Bremen 2009,2009-03-19,CHIANG Hung-Chieh/HUANG Sheng-Sheng,JANCARIK Lubomir/KONECNY Tomas,3,0,"11,11,11|6,8,7",QR32,GRAND_SLAM,MD,42,Qualification,CHIANG Hung-Chieh (TPE) / HUANG Sheng-Sheng (TPE),JANCARIK Lubomir (CZE) / KONECNY Tomas (CZE)
Pro Tour German Open Bremen 2009,2009-03-19,GAVLAS Antonin/KORBEL Petr,VANG Bora/ZENG Cem,4,1,"11,7,11,11,11|7,11,7,9,7",R16,GRAND_SLAM,MD,42,Main Draw,GAVLAS Antonin (CZE) / KORBEL Petr (CZE),VANG Bora (TUR) / ZENG Cem (TUR)
Pro Tour German Open Bremen 2009,2009-03-19,LEGOUT Christophe/SALIFOU Abdel-Kader,JIANG Pengfei/MENGE Gencay,3,0,"11,11,11|1,4,5",QR64,GRAND_SLAM,MD,42,Qualification,LEGOUT Christophe (FRA) / SALIFOU Abdel-Kader (BEN),JIANG Pengfei (TUR) / MENGE Gencay (TUR)
Pro Tour German Open Bremen 2009,2009-03-19,VANG Bora/ZENG Cem,CHEN Weixing/GARDOS Robert,3,2,"8,12,5,11,11|11,10,11,8,7",QR16,GRAND_SLAM,MD,42,Qualification,VANG Bora (TUR) / ZENG Cem (TUR),CHEN Weixing (AUT) / GARDOS Robert (AUT)
Pro Tour German Open Bremen 2009,2009-03-19,BURGIS Matiss/MA Liang,ASSAR Omar/OMAR Rashid,3,0,"11,11,11|6,5,6",QR64,GRAND_SLAM,MD,42,Qualification,BURGIS Matiss (LAT) / MA Liang (SGP),ASSAR Omar (EGY) / OMAR Rashid (UAE)
Pro Tour German Open Bremen 2009,2009-03-19,HE Zhiwen/MACHADO Carlos,ALAMIYAN Noshad/DIDUKH Viktor,3,0,"11,11,11|9,7,4",QR64,GRAND_SLAM,MD,42,Qualification,HE Zhiwen (ESP) / MACHADO Carlos (ESP),ALAMIYAN Noshad (IRI) / DIDUKH Viktor (UKR)
Pro Tour German Open Bremen 2009,2009-03-19,LI Xue/XIAN Yifang,HAAN Simone/LIU Yuan,3,0,"11,11,11|9,3,6",QR32,GRAND_SLAM,WD,42,Qualification,LI Xue (FRA) / XIAN Yifang (FRA),HAAN Simone (LUX) / LIU Yuan (AUT)
Pro Tour German Open Bremen 2009,2009-03-19,TIKHOMIROVA Anna/VORONOVA Anastasia,NTOULAKI Ekaterina/OPDENCAMP Karen,3,0,"11,11,11|9,5,7",QR32,GRAND_SLAM,WD,42,Qualification,TIKHOMIROVA Anna (RUS) / VORONOVA Anastasia (RUS),NTOULAKI Ekaterina (GRE) / OPDENCAMP Karen (BEL)
Pro Tour German Open Bremen 2009,2009-03-19,FENG Tianwei/WANG Yuegu,PAVLOVICH Veronika/PRIVALOVA Alexandra,4,1,"9,11,11,11,11|11,3,7,9,6",R16,GRAND_SLAM,WD,42,Main Draw,FENG Tianwei (SGP) / WANG Yuegu (SGP),PAVLOVICH Veronika (BLR) / PRIVALOVA Alexandra (BLR)
Pro Tour German Open Bremen 2009,2009-03-19,LI Xiaodan/MU Zi,STEFANOVA Nikoleta/TAN Wenling,4,0,"11,11,11,11|9,9,5,6",R16,GRAND_SLAM,WD,42,Main Draw,LI Xiaodan (CHN) / MU Zi (CHN),STEFANOVA Nikoleta (ITA) / TAN Wenling (ITA)
Pro Tour German Open Bremen 2009,2009-03-19,LI Xiaodan/MU Zi,SCHALL Elke/WU Jiaduo,4,0,"12,11,11,11|10,8,5,6",Final,GRAND_SLAM,WD,42,Main Draw,LI Xiaodan (CHN) / MU Zi (CHN),SCHALL Elke (GER) / WU Jiaduo (GER)
Pro Tour German Open Bremen 2009,2009-03-19,LI Xiaodan/MU Zi,WANG Yu (YOB=1985)/ZHANG Mo,3,0,"15,11,11|13,2,8",QR32,GRAND_SLAM,WD,42,Qualification,LI Xiaodan (CHN) / MU Zi (CHN),WANG Yu (YOB=1985) (MLT) / ZHANG Mo (CAN)
Pro Tour German Open Bremen 2009,2009-03-19,WANG Xuan/WU Yang,LIU Na/OWEN Naomi,3,0,"11,11,11|4,7,6",QR32,GRAND_SLAM,WD,42,Qualification,WANG Xuan (CHN) / WU Yang (CHN),LIU Na (IRL) / OWEN Naomi (WAL)
Pro Tour German Open Bremen 2009,2009-03-19,LI Xiaodan/MU Zi,LI Xue/XIAN Yifang,3,2,"11,9,10,11,11|7,11,12,8,8",QR16,GRAND_SLAM,WD,42,Qualification,LI Xiaodan (CHN) / MU Zi (CHN),LI Xue (FRA) / XIAN Yifang (FRA)
Pro Tour German Open Bremen 2009,2009-03-19,WANG Xuan/WU Yang,HE Sirin/HU Melek,3,1,"11,11,5,11|6,6,11,8",QR16,GRAND_SLAM,WD,42,Qualification,WANG Xuan (CHN) / WU Yang (CHN),HE Sirin (TUR) / HU Melek (TUR)
Pro Tour German Open Bremen 2009,2009-03-19,BAKULA Andrea/DURAK Mirela,GRUNDISCH Carole/MATTENET Audrey,3,1,"11,7,11,11|6,11,7,7",QR32,GRAND_SLAM,WD,42,Qualification,BAKULA Andrea (CRO) / DURAK Mirela (CRO),GRUNDISCH Carole (FRA) / MATTENET Audrey (FRA)
Pro Tour German Open Bremen 2009,2009-03-19,FUJII Hiroko/ISHIKAWA Kasumi,BAKULA Andrea/DURAK Mirela,3,0,"11,11,11|5,8,9",QR16,GRAND_SLAM,WD,42,Qualification,FUJII Hiroko (JPN) / ISHIKAWA Kasumi (JPN),BAKULA Andrea (CRO) / DURAK Mirela (CRO)
Pro Tour German Open Bremen 2009,2009-03-19,DURAND Christelle/ZANARDI Marine,BAK Natalia/GRZYBOWSKA-FRANC Katarzyna,3,0,"11,11,11|9,9,8",QR32,GRAND_SLAM,WD,42,Qualification,DURAND Christelle (FRA) / ZANARDI Marine (FRA),BAK Natalia (POL) / GRZYBOWSKA-FRANC Katarzyna (POL)
Pro Tour German Open Bremen 2009,2009-03-19,DURAND Christelle/ZANARDI Marine,TIKHOMIROVA Anna/VORONOVA Anastasia,3,2,"11,7,11,6,11|5,11,8,11,8",QR16,GRAND_SLAM,WD,42,Qualification,DURAND Christelle (FRA) / ZANARDI Marine (FRA),TIKHOMIROVA Anna (RUS) / VORONOVA Anastasia (RUS)
Pro Tour German Open Bremen 2009,2009-03-19,SCHALL Elke/WU Jiaduo,WANG Xuan/WU Yang,4,3,"4,9,11,11,11,8,11|11,11,6,8,8,11,6",R16,GRAND_SLAM,WD,42,Main Draw,SCHALL Elke (GER) / WU Jiaduo (GER),WANG Xuan (CHN) / WU Yang (CHN)
Pro Tour German Open Bremen 2009,2009-03-19,SCHALL Elke/WU Jiaduo,FUKUHARA Ai/HIRANO Sayaka,4,2,"11,8,11,3,11,13|9,11,8,11,6,11",QuarterFinal,GRAND_SLAM,WD,42,Main Draw,SCHALL Elke (GER) / WU Jiaduo (GER),FUKUHARA Ai (JPN) / HIRANO Sayaka (JPN)
Pro Tour German Open Bremen 2009,2009-03-19,SCHALL Elke/WU Jiaduo,FUJII Hiroko/ISHIKAWA Kasumi,4,3,"11,4,6,11,7,12,12|7,11,11,7,11,10,10",SemiFinal,GRAND_SLAM,WD,42,Main Draw,SCHALL Elke (GER) / WU Jiaduo (GER),FUJII Hiroko (JPN) / ISHIKAWA Kasumi (JPN)
Pro Tour German Open Bremen 2009,2009-03-19,BARTHEL Zhenqi/LANG Kristin,KERTAI Rita/SMISTIKOVA Martina,3,0,"11,11,11|6,8,8",QR32,GRAND_SLAM,WD,42,Qualification,BARTHEL Zhenqi (GER) / LANG Kristin (GER),KERTAI Rita (HUN) / SMISTIKOVA Martina (CZE)
Pro Tour German Open Bremen 2009,2009-03-19,BARTHEL Zhenqi/LANG Kristin,DVORAK Galia/RAMIREZ Sara,3,0,"12,11,11|10,6,5",QR16,GRAND_SLAM,WD,42,Qualification,BARTHEL Zhenqi (GER) / LANG Kristin (GER),DVORAK Galia (ESP) / RAMIREZ Sara (ESP)
Pro Tour German Open Bremen 2009,2009-03-19,AMBRUS Krisztina/LOVAS Petra,ERDELJI Anamaria/FEHER Gabriela,3,0,,QR32,GRAND_SLAM,WD,42,Qualification,AMBRUS Krisztina (HUN) / LOVAS Petra (HUN),ERDELJI Anamaria (SRB) / FEHER Gabriela (SRB)
Pro Tour German Open Bremen 2009,2009-03-19,PARTYKA Natalia/XU Jie (1982),AMBRUS Krisztina/LOVAS Petra,3,0,"11,11,11|7,9,5",QR16,GRAND_SLAM,WD,42,Qualification,PARTYKA Natalia (POL) / XU Jie (1982) (POL),AMBRUS Krisztina (HUN) / LOVAS Petra (HUN)
Pro Tour German Open Bremen 2009,2009-03-19,SUN Beibei/YU Mengyu,STESHENKO Tatyana/WANG Yu (YOB=1981),3,0,"11,11,11|4,9,4",QR32,GRAND_SLAM,WD,42,Qualification,SUN Beibei (SGP) / YU Mengyu (SGP),STESHENKO Tatyana (ITA) / WANG Yu (YOB=1981) (ITA)
Pro Tour German Open Bremen 2009,2009-03-19,FUJINUMA Ai/HIURA Reiko,BARTHEL Zhenqi/LANG Kristin,4,1,"11,11,5,12,11|6,8,11,10,3",R16,GRAND_SLAM,WD,42,Main Draw,FUJINUMA Ai (JPN) / HIURA Reiko (JPN),BARTHEL Zhenqi (GER) / LANG Kristin (GER)
Pro Tour German Open Bremen 2009,2009-03-19,FUJII Hiroko/ISHIKAWA Kasumi,POTA Georgina/TOTH Krisztina,4,1,"11,15,8,11,11|3,13,11,2,9",R16,GRAND_SLAM,WD,42,Main Draw,FUJII Hiroko (JPN) / ISHIKAWA Kasumi (JPN),POTA Georgina (HUN) / TOTH Krisztina (HUN)
Pro Tour German Open Bremen 2009,2009-03-19,LI Xiaodan/MU Zi,FUJINUMA Ai/HIURA Reiko,4,0,"11,11,11,11|5,8,8,6",QuarterFinal,GRAND_SLAM,WD,42,Main Draw,LI Xiaodan (CHN) / MU Zi (CHN),FUJINUMA Ai (JPN) / HIURA Reiko (JPN)
Pro Tour German Open Bremen 2009,2009-03-19,HE Sirin/HU Melek,CREEMERS Linda/TIMINA Elena,3,0,"11,11,11|3,2,7",QR32,GRAND_SLAM,WD,42,Qualification,HE Sirin (TUR) / HU Melek (TUR),CREEMERS Linda (NED) / TIMINA Elena (NED)
Pro Tour German Open Bremen 2009,2009-03-19,FUKUHARA Ai/HIRANO Sayaka,PARTYKA Natalia/XU Jie (1982),4,2,"11,9,11,11,11,11|9,11,13,8,9,9",R16,GRAND_SLAM,WD,42,Main Draw,FUKUHARA Ai (JPN) / HIRANO Sayaka (JPN),PARTYKA Natalia (POL) / XU Jie (1982) (POL)
Pro Tour German Open Bremen 2009,2009-03-19,DODEAN Daniela/SAMARA Elizabeta,DURAND Christelle/ZANARDI Marine,4,1,"8,11,11,11,11|11,6,5,7,2",R16,GRAND_SLAM,WD,42,Main Draw,DODEAN Daniela (ROU) / SAMARA Elizabeta (ROU),DURAND Christelle (FRA) / ZANARDI Marine (FRA)
Pro Tour German Open Bremen 2009,2009-03-19,SUN Beibei/YU Mengyu,DODEAN Daniela/SAMARA Elizabeta,4,2,"9,15,10,11,11,11|11,13,12,9,7,5",QuarterFinal,GRAND_SLAM,WD,42,Main Draw,SUN Beibei (SGP) / YU Mengyu (SGP),DODEAN Daniela (ROU) / SAMARA Elizabeta (ROU)
Pro Tour German Open Bremen 2009,2009-03-19,SOLJA Amelie/STAHR Rosalia,ERMAKOVA Irina/KOLTSOVA Anastasia,3,1,"11,11,8,11|6,5,11,3",QR64,GRAND_SLAM,WD,42,Qualification,SOLJA Amelie (AUT) / STAHR Rosalia (GER),ERMAKOVA Irina (RUS) / KOLTSOVA Anastasia (RUS)
Pro Tour German Open Bremen 2009,2009-03-19,PARTYKA Natalia/XU Jie (1982),FADEEVA Oxana/PROKHOROVA Yulia,3,0,"11,12,12|3,10,10",QR32,GRAND_SLAM,WD,42,Qualification,PARTYKA Natalia (POL) / XU Jie (1982) (POL),FADEEVA Oxana (RUS) / PROKHOROVA Yulia (RUS)
Pro Tour German Open Bremen 2009,2009-03-19,SUN Beibei/YU Mengyu,DUBKOVA Elena/PAVLOVICH Viktoria,4,1,"11,11,4,11,11|7,7,11,8,7",R16,GRAND_SLAM,WD,42,Main Draw,SUN Beibei (SGP) / YU Mengyu (SGP),DUBKOVA Elena (BLR) / PAVLOVICH Viktoria (BLR)
Pro Tour German Open Bremen 2009,2009-03-19,FUJII Hiroko/ISHIKAWA Kasumi,FENG Tianwei/WANG Yuegu,4,1,"11,4,11,11,11|8,11,6,7,7",QuarterFinal,GRAND_SLAM,WD,42,Main Draw,FUJII Hiroko (JPN) / ISHIKAWA Kasumi (JPN),FENG Tianwei (SGP) / WANG Yuegu (SGP)
Pro Tour German Open Bremen 2009,2009-03-19,LI Xiaodan/MU Zi,SUN Beibei/YU Mengyu,4,2,"11,12,11,10,3,11|7,10,5,12,11,5",SemiFinal,GRAND_SLAM,WD,42,Main Draw,LI Xiaodan (CHN) / MU Zi (CHN),SUN Beibei (SGP) / YU Mengyu (SGP)
Pro Tour German Open Bremen 2009,2009-03-19,FENG Tianwei/WANG Yuegu,SOLJA Amelie/STAHR Rosalia,3,1,"2,11,11,11|11,6,5,4",QR32,GRAND_SLAM,WD,42,Qualification,FENG Tianwei (SGP) / WANG Yuegu (SGP),SOLJA Amelie (AUT) / STAHR Rosalia (GER)
Pro Tour German Open Bremen 2009,2009-03-19,FUJII Hiroko/ISHIKAWA Kasumi,BADOSA Anna/SIM Kai Xin Zena,3,0,"11,11,11|2,4,7",QR32,GRAND_SLAM,WD,42,Qualification,FUJII Hiroko (JPN) / ISHIKAWA Kasumi (JPN),BADOSA Anna (ESP) / SIM Kai Xin Zena (SGP)
Pro Tour German Open Bremen 2009,2009-03-19,FENG Tianwei/WANG Yuegu,FUHRER Monika/SCHARRER Laura,3,0,"11,11,11|4,4,2",QR16,GRAND_SLAM,WD,42,Qualification,FENG Tianwei (SGP) / WANG Yuegu (SGP),FUHRER Monika (SUI) / SCHARRER Laura (SUI)
Pro Tour German Open Bremen 2009,2009-03-19,FUHRER Monika/SCHARRER Laura,LI Qiangbing/PETZNER Martina,3,2,"12,3,6,11,12|10,11,11,8,10",QR32,GRAND_SLAM,WD,42,Qualification,FUHRER Monika (SUI) / SCHARRER Laura (SUI),LI Qiangbing (AUT) / PETZNER Martina (AUT)
Pro Tour German Open Bremen 2009,2009-03-19,EKHOLM Matilda/PETTERSSON Malin,STRBIKOVA Renata/VACENOVSKA Iveta,3,1,"7,11,11,11|11,2,8,6",QR32,GRAND_SLAM,WD,42,Qualification,EKHOLM Matilda (SWE) / PETTERSSON Malin (SWE),STRBIKOVA Renata (CZE) / VACENOVSKA Iveta (CZE)
Pro Tour German Open Bremen 2009,2009-03-19,SUN Beibei/YU Mengyu,EKHOLM Matilda/PETTERSSON Malin,3,1,"11,11,10,11|9,2,12,8",QR16,GRAND_SLAM,WD,42,Qualification,SUN Beibei (SGP) / YU Mengyu (SGP),EKHOLM Matilda (SWE) / PETTERSSON Malin (SWE)
Pro Tour German Open Bremen 2009,2009-03-19,DVORAK Galia/RAMIREZ Sara,ALI Meral Ildiz/YILDIRIM Fulya,3,0,"11,11,11|9,3,5",QR32,GRAND_SLAM,WD,42,Qualification,DVORAK Galia (ESP) / RAMIREZ Sara (ESP),ALI Meral Ildiz (TUR) / YILDIRIM Fulya (TUR)
