tournament,date,player_a,player_b,score_a,score_b,game_scores,round,tier,sub_event,event_id,stage,player_a_raw,player_b_raw
Pro Tour Polish Open Warsaw 2010,2010-11-10,LIN Ju/LIU Song,DEVOS Robin/JEAN Lauric,3,0,"11,11,11|5,7,7",QR64,GRAND_SLAM,MD,63,Qualification,LIN Ju (DOM) / LIU Song (ARG),DEVOS Robin (BEL) / JEAN Lauric (BEL)
Pro Tour Polish Open Warsaw 2010,2010-11-10,GOLOVANOV Stanislav/PLATONOV Pavel,KARLSSON Kristian/KARLSSON Mattias,3,2,"11,2,8,11,11|2,11,11,8,7",QR64,GRAND_SLAM,MD,63,Qualification,GOLOVANOV Stanislav (BUL) / PLATONOV Pavel (BLR),KARLSSON Kristian (SWE) / KARLSSON Mattias (SWE)
Pro Tour Polish Open Warsaw 2010,2010-11-10,BAGGALEY Andrew/KNIGHT Darius,KULPEKSHA Siarhei/SOPELEU Anton,3,0,"11,11,11|9,2,8",QR64,GRAND_SLAM,MD,63,Qualification,BAGGALEY Andrew (ENG) / KNIGHT Darius (ENG),KULPEKSHA Siarhei (BLR) / SOPELEU Anton (BLR)
Pro Tour Polish Open Warsaw 2010,2010-11-10,KOSOWSKI Jakub/SZYMANSKI Filip,MATSUMOTO Cazuo/TSUBOI Gustavo,3,1,"12,13,12,11|14,11,10,8",QR64,GRAND_SLAM,MD,63,Qualification,KOSOWSKI Jakub (POL) / SZYMANSKI Filip (POL),MATSUMOTO Cazuo (BRA) / TSUBOI Gustavo (BRA)
Pro Tour Polish Open Warsaw 2010,2010-11-10,ASSAR Omar/HAZZAA Walaaeldin,CONTRERAS Matias/OLIVARES Felipe,3,2,"8,11,11,11,11|11,5,13,9,5",QR64,GRAND_SLAM,MD,63,Qualification,ASSAR Omar (EGY) / HAZZAA Walaaeldin (EGY),CONTRERAS Matias (CHI) / OLIVARES Felipe (CHI)
Pro Tour Polish Open Warsaw 2010,2010-11-10,LIN Gaoyuan/YIN Hang,MORICZ Mate/SCHAFFER Daniel,3,1,"11,11,5,11|8,1,11,5",QR64,GRAND_SLAM,MD,63,Qualification,LIN Gaoyuan (CHN) / YIN Hang (CHN),MORICZ Mate (HUN) / SCHAFFER Daniel (HUN)
Pro Tour Polish Open Warsaw 2010,2010-11-10,KARAKASEVIC Aleksandar/TOKIC Bojan,LIN Gaoyuan/YIN Hang,3,2,"11,6,11,9,11|9,11,9,11,8",QR32,GRAND_SLAM,MD,63,Qualification,KARAKASEVIC Aleksandar (SRB) / TOKIC Bojan (SLO),LIN Gaoyuan (CHN) / YIN Hang (CHN)
Pro Tour Polish Open Warsaw 2010,2010-11-10,FREITAS Marcos/GACINA Andrej,KONECNY Tomas/PROKOPCOV Dmitrij,4,2,"2,11,7,11,11,11|11,2,11,3,8,2",R16,GRAND_SLAM,MD,63,Main Draw,FREITAS Marcos (POR) / GACINA Andrej (CRO),KONECNY Tomas (CZE) / PROKOPCOV Dmitrij (CZE)
Pro Tour Polish Open Warsaw 2010,2010-11-10,FREITAS Marcos/GACINA Andrej,LEBESSON Emmanuel/MATTENET Adrien,4,0,"11,11,11,11|7,7,4,7",QuarterFinal,GRAND_SLAM,MD,63,Main Draw,FREITAS Marcos (POR) / GACINA Andrej (CRO),LEBESSON Emmanuel (FRA) / MATTENET Adrien (FRA)
Pro Tour Polish Open Warsaw 2010,2010-11-10,JUZBASIC Ivan/TOSIC Roko,FAN Shengpeng/SONG Hongyuan,3,0,"11,11,11|8,8,2",QR64,GRAND_SLAM,MD,63,Qualification,JUZBASIC Ivan (CRO) / TOSIC Roko (CRO),FAN Shengpeng (CHN) / SONG Hongyuan (CHN)
Pro Tour Polish Open Warsaw 2010,2010-11-10,SHIBAEV Alexander/VLASOV Grigory,JUZBASIC Ivan/TOSIC Roko,3,2,"11,4,11,10,11|5,11,5,12,7",QR32,GRAND_SLAM,MD,63,Qualification,SHIBAEV Alexander (RUS) / VLASOV Grigory (RUS),JUZBASIC Ivan (CRO) / TOSIC Roko (CRO)
Pro Tour Polish Open Warsaw 2010,2010-11-10,FREITAS Marcos/GACINA Andrej,GAVLAS Antonin/KORBEL Petr,4,1,"11,11,9,11,11|5,7,11,6,8",Final,GRAND_SLAM,MD,63,Main Draw,FREITAS Marcos (POR) / GACINA Andrej (CRO),GAVLAS Antonin (CZE) / KORBEL Petr (CZE)
Pro Tour Polish Open Warsaw 2010,2010-11-10,OBESLO Michal/TREGLER Tomas,FRAGKOULIS Georgios/LAGOGIANNIS Konstantinos,3,1,"11,8,12,12|9,11,10,10",QR64,GRAND_SLAM,MD,63,Qualification,OBESLO Michal (CZE) / TREGLER Tomas (CZE),FRAGKOULIS Georgios (GRE) / LAGOGIANNIS Konstantinos (GRE)
Pro Tour Polish Open Warsaw 2010,2010-11-10,FEGERL Stefan/FENG Xiaoquan,OBESLO Michal/TREGLER Tomas,3,1,"11,5,14,13|6,11,12,11",QR32,GRAND_SLAM,MD,63,Qualification,FEGERL Stefan (AUT) / FENG Xiaoquan (AUT),OBESLO Michal (CZE) / TREGLER Tomas (CZE)
Pro Tour Polish Open Warsaw 2010,2010-11-10,HINDERSSON Mikkel/KONGSGAARD Christian,DRINKHALL Paul/REED Daniel,3,2,"11,8,7,11,11|9,11,11,6,9",QR64,GRAND_SLAM,MD,63,Qualification,HINDERSSON Mikkel (DEN) / KONGSGAARD Christian (DEN),DRINKHALL Paul (ENG) / REED Daniel (ENG)
Pro Tour Polish Open Warsaw 2010,2010-11-10,RASMUSSEN Morten/REENBERG Asbjorn,DIDUKH Oleksandr/KATKOV Ivan,3,2,"7,11,9,11,11|11,7,11,2,9",QR64,GRAND_SLAM,MD,63,Qualification,RASMUSSEN Morten (DEN) / REENBERG Asbjorn (DEN),DIDUKH Oleksandr (UKR) / KATKOV Ivan (UKR)
Pro Tour Polish Open Warsaw 2010,2010-11-10,GROTH Jonathan/STERNBERG Kasper,DURAN Marc/MACHADO Carlos,3,2,"11,5,11,8,11|8,11,8,11,4",QR64,GRAND_SLAM,MD,63,Qualification,GROTH Jonathan (DEN) / STERNBERG Kasper (DEN),DURAN Marc (ESP) / MACHADO Carlos (ESP)
Pro Tour Polish Open Warsaw 2010,2010-11-10,SKACHKOV Kirill/SMIRNOV Alexey,GROTH Jonathan/STERNBERG Kasper,3,0,"11,11,11|8,3,8",QR32,GRAND_SLAM,MD,63,Qualification,SKACHKOV Kirill (RUS) / SMIRNOV Alexey (RUS),GROTH Jonathan (DEN) / STERNBERG Kasper (DEN)
Pro Tour Polish Open Warsaw 2010,2010-11-10,ASSAR Omar/HAZZAA Walaaeldin,CHOJNOWSKI Patryk/FERTIKOWSKI Pawel,3,0,,QR32,GRAND_SLAM,MD,63,Qualification,ASSAR Omar (EGY) / HAZZAA Walaaeldin (EGY),CHOJNOWSKI Patryk (POL) / FERTIKOWSKI Pawel (POL)
Pro Tour Polish Open Warsaw 2010,2010-11-10,BEN ARI Omri/DORAN Christopher,MENDES Enio/SILVA Andre,3,1,"14,11,7,11|12,5,11,5",QR64,GRAND_SLAM,MD,63,Qualification,BEN ARI Omri (ISR) / DORAN Christopher (ENG),MENDES Enio (POR) / SILVA Andre (POR)
Pro Tour Polish Open Warsaw 2010,2010-11-10,KUZMIN Fedor/RUBTSOV Igor,LEGOUT Christophe/SALIFOU Abdel-Kader,4,2,"14,11,9,15,11,17|12,6,11,17,8,15",R16,GRAND_SLAM,MD,63,Main Draw,KUZMIN Fedor (RUS) / RUBTSOV Igor (RUS),LEGOUT Christophe (FRA) / SALIFOU Abdel-Kader (BEN)
Pro Tour Polish Open Warsaw 2010,2010-11-10,GAUZY Simon/LE BRETON Thomas,REDJEP Ronald/ZIBRAT Jan,3,2,"11,7,11,9,13|8,11,6,11,11",QR64,GRAND_SLAM,MD,63,Qualification,GAUZY Simon (FRA) / LE BRETON Thomas (FRA),REDJEP Ronald (CRO) / ZIBRAT Jan (SLO)
Pro Tour Polish Open Warsaw 2010,2010-11-10,GARDOS Robert/HABESOHN Daniel,GAUZY Simon/LE BRETON Thomas,3,2,"11,11,4,11,11|13,6,11,4,8",QR32,GRAND_SLAM,MD,63,Qualification,GARDOS Robert (AUT) / HABESOHN Daniel (AUT),GAUZY Simon (FRA) / LE BRETON Thomas (FRA)
Pro Tour Polish Open Warsaw 2010,2010-11-10,BAUM Patrick/STEGER Bastian,SKACHKOV Kirill/SMIRNOV Alexey,4,2,"8,11,6,11,13,11|11,8,11,9,11,9",R16,GRAND_SLAM,MD,63,Main Draw,BAUM Patrick (GER) / STEGER Bastian (GER),SKACHKOV Kirill (RUS) / SMIRNOV Alexey (RUS)
Pro Tour Polish Open Warsaw 2010,2010-11-10,BAUM Patrick/STEGER Bastian,LI Ahmet/VANG Bora,4,2,"11,14,11,9,13,11|13,12,7,11,11,4",QuarterFinal,GRAND_SLAM,MD,63,Main Draw,BAUM Patrick (GER) / STEGER Bastian (GER),LI Ahmet (TUR) / VANG Bora (TUR)
Pro Tour Polish Open Warsaw 2010,2010-11-10,GAVLAS Antonin/KORBEL Petr,BAUM Patrick/STEGER Bastian,4,0,"11,11,12,11|5,4,10,5",SemiFinal,GRAND_SLAM,MD,63,Main Draw,GAVLAS Antonin (CZE) / KORBEL Petr (CZE),BAUM Patrick (GER) / STEGER Bastian (GER)
Pro Tour Polish Open Warsaw 2010,2010-11-10,FLORITZ Philipp/FRANZISKA Patrick,IONESCU Ovidiu/YIANGOU Marios,3,0,"11,11,11|6,7,7",QR64,GRAND_SLAM,MD,63,Qualification,FLORITZ Philipp (BUL) / FRANZISKA Patrick (GER),IONESCU Ovidiu (ROU) / YIANGOU Marios (CYP)
Pro Tour Polish Open Warsaw 2010,2010-11-10,FLORITZ Philipp/FRANZISKA Patrick,BEN ARI Omri/DORAN Christopher,3,2,"11,11,15,13,11|7,13,13,15,3",QR32,GRAND_SLAM,MD,63,Qualification,FLORITZ Philipp (BUL) / FRANZISKA Patrick (GER),BEN ARI Omri (ISR) / DORAN Christopher (ENG)
Pro Tour Polish Open Warsaw 2010,2010-11-10,FLORITZ Philipp/FRANZISKA Patrick,ASSAR Omar/HAZZAA Walaaeldin,3,0,"11,11,11|9,7,6",QR16,GRAND_SLAM,MD,63,Qualification,FLORITZ Philipp (BUL) / FRANZISKA Patrick (GER),ASSAR Omar (EGY) / HAZZAA Walaaeldin (EGY)
Pro Tour Polish Open Warsaw 2010,2010-11-10,RINIOTIS Anastasios/VLOTINOS Ioannis,KUCHUK Aleksandr/NEKHVEDOVICH Vitaly,3,2,"11,11,8,10,11|8,6,11,12,8",QR64,GRAND_SLAM,MD,63,Qualification,RINIOTIS Anastasios (GRE) / VLOTINOS Ioannis (GRE),KUCHUK Aleksandr (BLR) / NEKHVEDOVICH Vitaly (BLR)
Pro Tour Polish Open Warsaw 2010,2010-11-10,LUPULESKU Lorencio/PETO Zsolt,GIONIS Panagiotis/PAPAGEORGIOU Konstantinos,3,2,"11,9,5,11,11|5,11,11,8,5",QR64,GRAND_SLAM,MD,63,Qualification,LUPULESKU Lorencio (SRB) / PETO Zsolt (SRB),GIONIS Panagiotis (GRE) / PAPAGEORGIOU Konstantinos (GRE)
Pro Tour Polish Open Warsaw 2010,2010-11-10,KARAKASEVIC Aleksandar/TOKIC Bojan,MOLNAR Csaba/NAGY Krisztian,3,1,"10,11,11,11|12,8,3,3",QR64,GRAND_SLAM,MD,63,Qualification,KARAKASEVIC Aleksandar (SRB) / TOKIC Bojan (SLO),MOLNAR Csaba (HUN) / NAGY Krisztian (HUN)
Pro Tour Polish Open Warsaw 2010,2010-11-10,LEBESSON Emmanuel/MATTENET Adrien,BOBOCICA Mihai/STOYANOV Niagol,4,1,"10,11,11,11,11|12,5,3,8,8",R16,GRAND_SLAM,MD,63,Main Draw,LEBESSON Emmanuel (FRA) / MATTENET Adrien (FRA),BOBOCICA Mihai (ITA) / STOYANOV Niagol (ITA)
Pro Tour Polish Open Warsaw 2010,2010-11-10,BOBOCICA Mihai/STOYANOV Niagol,KOLAREK Tomislav/KOVAC Borna,3,1,"11,11,7,11|4,5,11,7",QR64,GRAND_SLAM,MD,63,Qualification,BOBOCICA Mihai (ITA) / STOYANOV Niagol (ITA),KOLAREK Tomislav (CRO) / KOVAC Borna (CRO)
Pro Tour Polish Open Warsaw 2010,2010-11-10,BOBOCICA Mihai/STOYANOV Niagol,KOU Lei/PRYSHCHEPA Ievgen,3,1,"11,11,9,11|6,5,11,2",QR32,GRAND_SLAM,MD,63,Qualification,BOBOCICA Mihai (ITA) / STOYANOV Niagol (ITA),KOU Lei (UKR) / PRYSHCHEPA Ievgen (UKR)
Pro Tour Polish Open Warsaw 2010,2010-11-10,GARDOS Robert/HABESOHN Daniel,DODEAN Adrian/MIUCHI Kentaro,3,2,"8,11,11,9,11|11,4,4,11,6",QR64,GRAND_SLAM,MD,63,Qualification,GARDOS Robert (AUT) / HABESOHN Daniel (AUT),DODEAN Adrian (ROU) / MIUCHI Kentaro (JPN)
Pro Tour Polish Open Warsaw 2010,2010-11-10,FUJIMOTO Kaito/KASAHARA Hiromitsu,CREPULJA Bojan/SUBOTIC Dragan,3,0,"11,12,11|6,10,9",QR32,GRAND_SLAM,MD,63,Qualification,FUJIMOTO Kaito (JPN) / KASAHARA Hiromitsu (JPN),CREPULJA Bojan (SRB) / SUBOTIC Dragan (SRB)
Pro Tour Polish Open Warsaw 2010,2010-11-10,SKACHKOV Kirill/SMIRNOV Alexey,FUJIMOTO Kaito/KASAHARA Hiromitsu,3,1,"11,3,11,11|1,11,9,7",QR16,GRAND_SLAM,MD,63,Qualification,SKACHKOV Kirill (RUS) / SMIRNOV Alexey (RUS),FUJIMOTO Kaito (JPN) / KASAHARA Hiromitsu (JPN)
Pro Tour Polish Open Warsaw 2010,2010-11-10,APOLONIA Tiago/MONTEIRO Joao,LEE Jinkwon/LEE Jungsam,4,3,"11,7,11,7,11,4,12|5,11,8,11,7,11,10",R16,GRAND_SLAM,MD,63,Main Draw,APOLONIA Tiago (POR) / MONTEIRO Joao (POR),LEE Jinkwon (KOR) / LEE Jungsam (KOR)
Pro Tour Polish Open Warsaw 2010,2010-11-10,LEE Jinkwon/LEE Jungsam,FEKETE Soma/KOSIBA Daniel,3,1,"15,11,10,11|13,8,12,7",QR64,GRAND_SLAM,MD,63,Qualification,LEE Jinkwon (KOR) / LEE Jungsam (KOR),FEKETE Soma (HUN) / KOSIBA Daniel (HUN)
Pro Tour Polish Open Warsaw 2010,2010-11-10,LEE Jinkwon/LEE Jungsam,GOLOVANOV Stanislav/PLATONOV Pavel,3,2,"11,4,11,12,11|9,11,4,14,7",QR32,GRAND_SLAM,MD,63,Qualification,LEE Jinkwon (KOR) / LEE Jungsam (KOR),GOLOVANOV Stanislav (BUL) / PLATONOV Pavel (BLR)
Pro Tour Polish Open Warsaw 2010,2010-11-10,LEE Jinkwon/LEE Jungsam,FEGERL Stefan/FENG Xiaoquan,3,2,"6,7,11,11,11|11,11,7,6,7",QR16,GRAND_SLAM,MD,63,Qualification,LEE Jinkwon (KOR) / LEE Jungsam (KOR),FEGERL Stefan (AUT) / FENG Xiaoquan (AUT)
Pro Tour Polish Open Warsaw 2010,2010-11-10,KONECNY Tomas/PROKOPCOV Dmitrij,BERNER Eric/RONNEBERG Espen,3,0,"11,11,11|8,2,8",QR64,GRAND_SLAM,MD,63,Qualification,KONECNY Tomas (CZE) / PROKOPCOV Dmitrij (CZE),BERNER Eric (NOR) / RONNEBERG Espen (NOR)
Pro Tour Polish Open Warsaw 2010,2010-11-10,GORAK Daniel/WANG Zengyi,FLORITZ Philipp/FRANZISKA Patrick,4,1,"6,12,11,11,11|11,10,2,9,9",R16,GRAND_SLAM,MD,63,Main Draw,GORAK Daniel (POL) / WANG Zengyi (POL),FLORITZ Philipp (BUL) / FRANZISKA Patrick (GER)
Pro Tour Polish Open Warsaw 2010,2010-11-10,GAVLAS Antonin/KORBEL Petr,GORAK Daniel/WANG Zengyi,4,3,"11,8,6,3,11,11,11|5,11,11,11,5,9,9",QuarterFinal,GRAND_SLAM,MD,63,Main Draw,GAVLAS Antonin (CZE) / KORBEL Petr (CZE),GORAK Daniel (POL) / WANG Zengyi (POL)
Pro Tour Polish Open Warsaw 2010,2010-11-10,FEGERL Stefan/FENG Xiaoquan,FLORAS Robert/SUCH Bartosz,3,2,"7,5,11,11,11|11,11,5,7,8",QR64,GRAND_SLAM,MD,63,Qualification,FEGERL Stefan (AUT) / FENG Xiaoquan (AUT),FLORAS Robert (POL) / SUCH Bartosz (POL)
Pro Tour Polish Open Warsaw 2010,2010-11-10,GOLEBIOWSKI Mateusz/JENDRZEJEWSKI Patryk,MADRID Marcos/URIBE Salvador,3,1,"11,11,12,11|2,6,14,6",QR64,GRAND_SLAM,MD,63,Qualification,GOLEBIOWSKI Mateusz (POL) / JENDRZEJEWSKI Patryk (POL),MADRID Marcos (MEX) / URIBE Salvador (MEX)
Pro Tour Polish Open Warsaw 2010,2010-11-10,KOSOWSKI Jakub/SZYMANSKI Filip,HINDERSSON Mikkel/KONGSGAARD Christian,3,2,"11,8,11,4,11|7,11,7,11,9",QR32,GRAND_SLAM,MD,63,Qualification,KOSOWSKI Jakub (POL) / SZYMANSKI Filip (POL),HINDERSSON Mikkel (DEN) / KONGSGAARD Christian (DEN)
Pro Tour Polish Open Warsaw 2010,2010-11-10,KONECNY Tomas/PROKOPCOV Dmitrij,GOLEBIOWSKI Mateusz/JENDRZEJEWSKI Patryk,3,0,"11,11,12|4,6,10",QR32,GRAND_SLAM,MD,63,Qualification,KONECNY Tomas (CZE) / PROKOPCOV Dmitrij (CZE),GOLEBIOWSKI Mateusz (POL) / JENDRZEJEWSKI Patryk (POL)
Pro Tour Polish Open Warsaw 2010,2010-11-10,BOBOCICA Mihai/STOYANOV Niagol,KOSOWSKI Jakub/SZYMANSKI Filip,3,2,"11,6,11,11,11|13,11,8,3,3",QR16,GRAND_SLAM,MD,63,Qualification,BOBOCICA Mihai (ITA) / STOYANOV Niagol (ITA),KOSOWSKI Jakub (POL) / SZYMANSKI Filip (POL)
Pro Tour Polish Open Warsaw 2010,2010-11-10,FREITAS Marcos/GACINA Andrej,APOLONIA Tiago/MONTEIRO Joao,4,1,"6,11,12,11,12|11,8,10,8,10",SemiFinal,GRAND_SLAM,MD,63,Main Draw,FREITAS Marcos (POR) / GACINA Andrej (CRO),APOLONIA Tiago (POR) / MONTEIRO Joao (POR)
Pro Tour Polish Open Warsaw 2010,2010-11-10,APOLONIA Tiago/MONTEIRO Joao,KUZMIN Fedor/RUBTSOV Igor,4,0,"11,14,11,11|7,12,4,5",QuarterFinal,GRAND_SLAM,MD,63,Main Draw,APOLONIA Tiago (POR) / MONTEIRO Joao (POR),KUZMIN Fedor (RUS) / RUBTSOV Igor (RUS)
Pro Tour Polish Open Warsaw 2010,2010-11-10,SHIBAEV Alexander/VLASOV Grigory,HABESOHN Mathias/SIMONER Christoph,3,0,"11,11,11|8,7,3",QR64,GRAND_SLAM,MD,63,Qualification,SHIBAEV Alexander (RUS) / VLASOV Grigory (RUS),HABESOHN Mathias (AUT) / SIMONER Christoph (AUT)
Pro Tour Polish Open Warsaw 2010,2010-11-10,KUZMIN Fedor/RUBTSOV Igor,DYJAS Jakub/KULPA Konrad,3,0,,QR64,GRAND_SLAM,MD,63,Qualification,KUZMIN Fedor (RUS) / RUBTSOV Igor (RUS),DYJAS Jakub (POL) / KULPA Konrad (POL)
Pro Tour Polish Open Warsaw 2010,2010-11-10,KUZMIN Fedor/RUBTSOV Igor,BAGGALEY Andrew/KNIGHT Darius,3,1,"16,11,11,11|14,13,6,7",QR32,GRAND_SLAM,MD,63,Qualification,KUZMIN Fedor (RUS) / RUBTSOV Igor (RUS),BAGGALEY Andrew (ENG) / KNIGHT Darius (ENG)
Pro Tour Polish Open Warsaw 2010,2010-11-10,KUZMIN Fedor/RUBTSOV Igor,KARAKASEVIC Aleksandar/TOKIC Bojan,3,0,"11,11,11|6,9,9",QR16,GRAND_SLAM,MD,63,Qualification,KUZMIN Fedor (RUS) / RUBTSOV Igor (RUS),KARAKASEVIC Aleksandar (SRB) / TOKIC Bojan (SLO)
Pro Tour Polish Open Warsaw 2010,2010-11-10,CREPULJA Bojan/SUBOTIC Dragan,CHENG Jingqi/ZHENG Peifeng,3,2,"11,7,10,11,11|9,11,12,9,9",QR64,GRAND_SLAM,MD,63,Qualification,CREPULJA Bojan (SRB) / SUBOTIC Dragan (SRB),CHENG Jingqi (CHN) / ZHENG Peifeng (CHN)
Pro Tour Polish Open Warsaw 2010,2010-11-10,LUPULESKU Lorencio/PETO Zsolt,RASMUSSEN Morten/REENBERG Asbjorn,3,0,"11,11,11|5,4,5",QR32,GRAND_SLAM,MD,63,Qualification,LUPULESKU Lorencio (SRB) / PETO Zsolt (SRB),RASMUSSEN Morten (DEN) / REENBERG Asbjorn (DEN)
Pro Tour Polish Open Warsaw 2010,2010-11-10,KONECNY Tomas/PROKOPCOV Dmitrij,LUPULESKU Lorencio/PETO Zsolt,3,1,"11,11,6,11|6,5,11,9",QR16,GRAND_SLAM,MD,63,Qualification,KONECNY Tomas (CZE) / PROKOPCOV Dmitrij (CZE),LUPULESKU Lorencio (SRB) / PETO Zsolt (SRB)
Pro Tour Polish Open Warsaw 2010,2010-11-10,GAVLAS Antonin/KORBEL Petr,PERSSON Jorgen/SVENSSON Robert,4,3,"6,11,11,11,12,14,11|11,13,9,5,14,12,9",R16,GRAND_SLAM,MD,63,Main Draw,GAVLAS Antonin (CZE) / KORBEL Petr (CZE),PERSSON Jorgen (SWE) / SVENSSON Robert (SWE)
Pro Tour Polish Open Warsaw 2010,2010-11-10,PERSSON Jorgen/SVENSSON Robert,RAMIREZ Jose Miguel/SANTOS Emil,3,1,"11,4,11,11|7,11,6,4",QR64,GRAND_SLAM,MD,63,Qualification,PERSSON Jorgen (SWE) / SVENSSON Robert (SWE),RAMIREZ Jose Miguel (GUA) / SANTOS Emil (DOM)
Pro Tour Polish Open Warsaw 2010,2010-11-10,FUJIMOTO Kaito/KASAHARA Hiromitsu,GERELL Par/LUNDQVIST Jens,3,2,"5,11,11,8,12|11,5,9,11,10",QR64,GRAND_SLAM,MD,63,Qualification,FUJIMOTO Kaito (JPN) / KASAHARA Hiromitsu (JPN),GERELL Par (SWE) / LUNDQVIST Jens (SWE)
Pro Tour Polish Open Warsaw 2010,2010-11-10,PERSSON Jorgen/SVENSSON Robert,LIN Ju/LIU Song,3,1,"11,9,11,11|3,11,5,3",QR32,GRAND_SLAM,MD,63,Qualification,PERSSON Jorgen (SWE) / SVENSSON Robert (SWE),LIN Ju (DOM) / LIU Song (ARG)
Pro Tour Polish Open Warsaw 2010,2010-11-10,PERSSON Jorgen/SVENSSON Robert,GARDOS Robert/HABESOHN Daniel,3,1,"11,4,12,11|5,11,10,8",QR16,GRAND_SLAM,MD,63,Qualification,PERSSON Jorgen (SWE) / SVENSSON Robert (SWE),GARDOS Robert (AUT) / HABESOHN Daniel (AUT)
Pro Tour Polish Open Warsaw 2010,2010-11-10,CHOJNOWSKI Patryk/FERTIKOWSKI Pawel,HUNG Tzu-Hsiang/LAI Yi-Yao,3,0,"12,14,11|10,12,6",QR64,GRAND_SLAM,MD,63,Qualification,CHOJNOWSKI Patryk (POL) / FERTIKOWSKI Pawel (POL),HUNG Tzu-Hsiang (TPE) / LAI Yi-Yao (TPE)
Pro Tour Polish Open Warsaw 2010,2010-11-10,LI Ahmet/VANG Bora,MATSUDAIRA Kenji/UEDA Jin,4,1,"11,7,11,11,13|4,11,9,4,11",R16,GRAND_SLAM,MD,63,Main Draw,LI Ahmet (TUR) / VANG Bora (TUR),MATSUDAIRA Kenji (JPN) / UEDA Jin (JPN)
Pro Tour Polish Open Warsaw 2010,2010-11-10,LI Ahmet/VANG Bora,RINIOTIS Anastasios/VLOTINOS Ioannis,3,2,"11,9,11,10,11|9,11,8,12,5",QR32,GRAND_SLAM,MD,63,Qualification,LI Ahmet (TUR) / VANG Bora (TUR),RINIOTIS Anastasios (GRE) / VLOTINOS Ioannis (GRE)
Pro Tour Polish Open Warsaw 2010,2010-11-10,LI Ahmet/VANG Bora,SHIBAEV Alexander/VLASOV Grigory,3,2,"7,11,11,9,11|11,9,8,11,7",QR16,GRAND_SLAM,MD,63,Qualification,LI Ahmet (TUR) / VANG Bora (TUR),SHIBAEV Alexander (RUS) / VLASOV Grigory (RUS)
Pro Tour Polish Open Warsaw 2010,2010-11-10,KOU Lei/PRYSHCHEPA Ievgen,BURGIS Matiss/KEINATH Thomas,3,1,"6,11,11,11|11,9,4,8",QR64,GRAND_SLAM,MD,63,Qualification,KOU Lei (UKR) / PRYSHCHEPA Ievgen (UKR),BURGIS Matiss (LAT) / KEINATH Thomas (SVK)
Pro Tour Polish Open Warsaw 2010,2010-11-10,SAMSONOV Vladimir,FILUS Ruwen,4,0,"11,11,11,11|9,8,9,5",R64,GRAND_SLAM,MS,63,Main Draw,SAMSONOV Vladimir (BLR),FILUS Ruwen (GER)
Pro Tour Polish Open Warsaw 2010,2010-11-10,FEJER-KONNERTH Zoltan,BOBOCICA Mihai,4,0,"11,11,11,14|7,8,7,12",R64,GRAND_SLAM,MS,63,Main Draw,FEJER-KONNERTH Zoltan (GER),BOBOCICA Mihai (ITA)
Pro Tour Polish Open Warsaw 2010,2010-11-10,DRINKHALL Paul,MONTEIRO Joao,4,3,"11,6,10,11,9,11,11|7,11,12,6,11,3,6",R64,GRAND_SLAM,MS,63,Main Draw,DRINKHALL Paul (ENG),MONTEIRO Joao (POR)
Pro Tour Polish Open Warsaw 2010,2010-11-10,LIN Ju,TOKIC Bojan,4,1,"11,11,11,11,11|13,3,8,7,8",R64,GRAND_SLAM,MS,63,Main Draw,LIN Ju (DOM),TOKIC Bojan (SLO)
Pro Tour Polish Open Warsaw 2010,2010-11-10,PERSSON Jorgen,FEGERL Stefan,4,1,"11,9,11,11,11|6,11,8,9,5",R64,GRAND_SLAM,MS,63,Main Draw,PERSSON Jorgen (SWE),FEGERL Stefan (AUT)
Pro Tour Polish Open Warsaw 2010,2010-11-10,RUBTSOV Igor,BENTSEN Allan,4,2,"3,11,11,11,4,11|11,7,6,9,11,8",R64,GRAND_SLAM,MS,63,Main Draw,RUBTSOV Igor (RUS),BENTSEN Allan (DEN)
Pro Tour Polish Open Warsaw 2010,2010-11-10,LEGOUT Christophe,KOU Lei,4,3,"12,4,9,13,6,11,12|10,11,11,11,11,4,10",R64,GRAND_SLAM,MS,63,Main Draw,LEGOUT Christophe (FRA),KOU Lei (UKR)
Pro Tour Polish Open Warsaw 2010,2010-11-10,SMIRNOV Alexey,MATSUDAIRA Kenji,4,3,"15,11,11,10,7,8,11|13,3,6,12,11,11,8",R64,GRAND_SLAM,MS,63,Main Draw,SMIRNOV Alexey (RUS),MATSUDAIRA Kenji (JPN)
Pro Tour Polish Open Warsaw 2010,2010-11-10,CHEN Weixing,SVENSSON Robert,4,3,"5,11,11,7,11,5,12|11,7,4,11,8,11,10",R64,GRAND_SLAM,MS,63,Main Draw,CHEN Weixing (AUT),SVENSSON Robert (SWE)
Pro Tour Polish Open Warsaw 2010,2010-11-10,KARAKASEVIC Aleksandar,BURGIS Matiss,4,0,"11,11,11,11|7,9,7,8",R64,GRAND_SLAM,MS,63,Main Draw,KARAKASEVIC Aleksandar (SRB),BURGIS Matiss (LAT)
Pro Tour Polish Open Warsaw 2010,2010-11-10,TREGLER Tomas,GACINA Andrej,4,2,"8,3,11,11,11,11|11,11,8,7,9,6",R64,GRAND_SLAM,MS,63,Main Draw,TREGLER Tomas (CZE),GACINA Andrej (CRO)
Pro Tour Polish Open Warsaw 2010,2010-11-10,GERELL Par,ASSAR Omar,4,2,"12,9,11,11,6,11|10,11,9,7,11,8",R64,GRAND_SLAM,MS,63,Main Draw,GERELL Par (SWE),ASSAR Omar (EGY)
Pro Tour Polish Open Warsaw 2010,2010-11-10,GARDOS Robert,LEE Jungsam,4,3,"12,6,11,13,6,9,11|10,11,3,11,11,11,5",R64,GRAND_SLAM,MS,63,Main Draw,GARDOS Robert (AUT),LEE Jungsam (KOR)
Pro Tour Polish Open Warsaw 2010,2010-11-10,MACHADO Carlos,KONECNY Tomas,4,1,"11,11,11,8,11|1,8,7,11,1",R64,GRAND_SLAM,MS,63,Main Draw,MACHADO Carlos (ESP),KONECNY Tomas (CZE)
Pro Tour Polish Open Warsaw 2010,2010-11-10,UEDA Jin,KUZMIN Fedor,4,1,"11,7,11,11,11|3,11,6,1,3",R64,GRAND_SLAM,MS,63,Main Draw,UEDA Jin (JPN),KUZMIN Fedor (RUS)
Pro Tour Polish Open Warsaw 2010,2010-11-10,RYU Seungmin,LEWANDOWSKI Tomasz,4,2,"11,11,10,11,9,11|9,6,12,5,11,5",R64,GRAND_SLAM,MS,63,Main Draw,RYU Seungmin (KOR),LEWANDOWSKI Tomasz (POL)
Pro Tour Polish Open Warsaw 2010,2010-11-10,BAUM Patrick,LI Ahmet,4,1,"9,11,11,11,11|11,7,9,4,6",R64,GRAND_SLAM,MS,63,Main Draw,BAUM Patrick (GER),LI Ahmet (TUR)
Pro Tour Polish Open Warsaw 2010,2010-11-10,SKACHKOV Kirill,KACZMAREK Krzysztof,4,1,"11,11,10,11,15|9,5,12,8,13",R64,GRAND_SLAM,MS,63,Main Draw,SKACHKOV Kirill (RUS),KACZMAREK Krzysztof (POL)
Pro Tour Polish Open Warsaw 2010,2010-11-10,FREITAS Marcos,SIMONER Christoph,4,0,"11,11,11,11|5,8,8,6",R64,GRAND_SLAM,MS,63,Main Draw,FREITAS Marcos (POR),SIMONER Christoph (AUT)
Pro Tour Polish Open Warsaw 2010,2010-11-10,MATTENET Adrien,LIU Song,4,0,"15,11,11,11|13,9,7,9",R64,GRAND_SLAM,MS,63,Main Draw,MATTENET Adrien (FRA),LIU Song (ARG)
Pro Tour Polish Open Warsaw 2010,2010-11-10,LEE Jinkwon,KORBEL Petr,4,3,"9,11,11,11,5,11,11|11,6,7,13,11,4,9",R64,GRAND_SLAM,MS,63,Main Draw,LEE Jinkwon (KOR),KORBEL Petr (CZE)
Pro Tour Polish Open Warsaw 2010,2010-11-10,LUNDQVIST Jens,LEBESSON Emmanuel,4,1,"9,11,11,15,11|11,2,8,13,7",R64,GRAND_SLAM,MS,63,Main Draw,LUNDQVIST Jens (SWE),LEBESSON Emmanuel (FRA)
Pro Tour Polish Open Warsaw 2010,2010-11-10,WANG Zengyi,WOSIK Torben,4,1,"11,8,11,11,15|7,11,9,7,13",R64,GRAND_SLAM,MS,63,Main Draw,WANG Zengyi (POL),WOSIK Torben (GER)
Pro Tour Polish Open Warsaw 2010,2010-11-10,STEGER Bastian,VLASOV Grigory,4,3,"7,13,11,9,11,9,11|11,11,8,11,6,11,3",R64,GRAND_SLAM,MS,63,Main Draw,STEGER Bastian (GER),VLASOV Grigory (RUS)
Pro Tour Polish Open Warsaw 2010,2010-11-10,KASAHARA Hiromitsu,APOLONIA Tiago,4,3,"11,11,7,12,7,9,11|5,7,11,10,11,11,6",R64,GRAND_SLAM,MS,63,Main Draw,KASAHARA Hiromitsu (JPN),APOLONIA Tiago (POR)
Pro Tour Polish Open Warsaw 2010,2010-11-10,ELOI Damien,TSUBOI Gustavo,4,2,"11,11,8,11,5,11|7,6,11,4,11,7",R64,GRAND_SLAM,MS,63,Main Draw,ELOI Damien (FRA),TSUBOI Gustavo (BRA)
Pro Tour Polish Open Warsaw 2010,2010-11-10,PROKOPCOV Dmitrij,REED Daniel,4,0,"11,13,11,11|9,11,9,3",R64,GRAND_SLAM,MS,63,Main Draw,PROKOPCOV Dmitrij (CZE),REED Daniel (ENG)
Pro Tour Polish Open Warsaw 2010,2010-11-10,BAGGALEY Andrew,SAIVE Jean-Michel,4,2,"9,11,12,15,11,12|11,7,10,17,9,10",R64,GRAND_SLAM,MS,63,Main Draw,BAGGALEY Andrew (ENG),SAIVE Jean-Michel (BEL)
Pro Tour Polish Open Warsaw 2010,2010-11-10,GIONIS Panagiotis,SONG Hongyuan,4,1,"9,11,11,11,12|11,8,2,9,10",R64,GRAND_SLAM,MS,63,Main Draw,GIONIS Panagiotis (GRE),SONG Hongyuan (CHN)
Pro Tour Polish Open Warsaw 2010,2010-11-10,KOSIBA Daniel,KEINATH Thomas,4,2,"11,9,11,8,15,11|7,11,8,11,13,7",R64,GRAND_SLAM,MS,63,Main Draw,KOSIBA Daniel (HUN),KEINATH Thomas (SVK)
Pro Tour Polish Open Warsaw 2010,2010-11-10,KOLAREK Tomislav,GORAK Daniel,4,1,"11,6,11,11,11|9,11,9,9,6",R64,GRAND_SLAM,MS,63,Main Draw,KOLAREK Tomislav (CRO),GORAK Daniel (POL)
Pro Tour Polish Open Warsaw 2010,2010-11-10,OVTCHAROV Dimitrij,KOSOWSKI Jakub,4,1,"11,12,9,12,11|6,10,11,10,7",R64,GRAND_SLAM,MS,63,Main Draw,OVTCHAROV Dimitrij (GER),KOSOWSKI Jakub (POL)
Pro Tour Polish Open Warsaw 2010,2010-11-10,SAMSONOV Vladimir,FEJER-KONNERTH Zoltan,4,1,"11,12,11,5,11|5,10,6,11,7",R32,GRAND_SLAM,MS,63,Main Draw,SAMSONOV Vladimir (BLR),FEJER-KONNERTH Zoltan (GER)
Pro Tour Polish Open Warsaw 2010,2010-11-10,LIN Ju,DRINKHALL Paul,4,1,"14,11,7,11,11|12,8,11,6,4",R32,GRAND_SLAM,MS,63,Main Draw,LIN Ju (DOM),DRINKHALL Paul (ENG)
Pro Tour Polish Open Warsaw 2010,2010-11-10,PERSSON Jorgen,RUBTSOV Igor,4,1,"9,11,11,11,11|11,7,7,7,9",R32,GRAND_SLAM,MS,63,Main Draw,PERSSON Jorgen (SWE),RUBTSOV Igor (RUS)
Pro Tour Polish Open Warsaw 2010,2010-11-10,SMIRNOV Alexey,LEGOUT Christophe,4,2,"11,10,11,10,11,11|8,12,6,12,1,7",R32,GRAND_SLAM,MS,63,Main Draw,SMIRNOV Alexey (RUS),LEGOUT Christophe (FRA)
Pro Tour Polish Open Warsaw 2010,2010-11-10,CHEN Weixing,KARAKASEVIC Aleksandar,4,1,"11,7,11,11,11|9,11,9,5,7",R32,GRAND_SLAM,MS,63,Main Draw,CHEN Weixing (AUT),KARAKASEVIC Aleksandar (SRB)
Pro Tour Polish Open Warsaw 2010,2010-11-10,GERELL Par,TREGLER Tomas,4,3,"10,6,11,14,8,11,11|12,11,7,12,11,9,7",R32,GRAND_SLAM,MS,63,Main Draw,GERELL Par (SWE),TREGLER Tomas (CZE)
Pro Tour Polish Open Warsaw 2010,2010-11-10,GARDOS Robert,MACHADO Carlos,4,1,"2,11,11,11,11|11,6,9,5,7",R32,GRAND_SLAM,MS,63,Main Draw,GARDOS Robert (AUT),MACHADO Carlos (ESP)
Pro Tour Polish Open Warsaw 2010,2010-11-10,RYU Seungmin,UEDA Jin,4,0,"11,11,11,12|4,6,9,10",R32,GRAND_SLAM,MS,63,Main Draw,RYU Seungmin (KOR),UEDA Jin (JPN)
Pro Tour Polish Open Warsaw 2010,2010-11-10,BAUM Patrick,SKACHKOV Kirill,4,3,"11,7,11,4,7,15,11|7,11,4,11,11,13,9",R32,GRAND_SLAM,MS,63,Main Draw,BAUM Patrick (GER),SKACHKOV Kirill (RUS)
Pro Tour Polish Open Warsaw 2010,2010-11-10,FREITAS Marcos,MATTENET Adrien,4,0,"13,11,11,11|11,9,6,8",R32,GRAND_SLAM,MS,63,Main Draw,FREITAS Marcos (POR),MATTENET Adrien (FRA)
Pro Tour Polish Open Warsaw 2010,2010-11-10,LUNDQVIST Jens,LEE Jinkwon,4,0,"11,11,11,11|7,3,6,5",R32,GRAND_SLAM,MS,63,Main Draw,LUNDQVIST Jens (SWE),LEE Jinkwon (KOR)
Pro Tour Polish Open Warsaw 2010,2010-11-10,STEGER Bastian,WANG Zengyi,4,2,"5,4,11,15,15,11|11,11,6,13,13,8",R32,GRAND_SLAM,MS,63,Main Draw,STEGER Bastian (GER),WANG Zengyi (POL)
Pro Tour Polish Open Warsaw 2010,2010-11-10,KASAHARA Hiromitsu,ELOI Damien,4,2,"11,11,4,11,9,11|4,9,11,8,11,9",R32,GRAND_SLAM,MS,63,Main Draw,KASAHARA Hiromitsu (JPN),ELOI Damien (FRA)
Pro Tour Polish Open Warsaw 2010,2010-11-10,PROKOPCOV Dmitrij,BAGGALEY Andrew,4,0,"11,11,11,11|7,8,9,7",R32,GRAND_SLAM,MS,63,Main Draw,PROKOPCOV Dmitrij (CZE),BAGGALEY Andrew (ENG)
Pro Tour Polish Open Warsaw 2010,2010-11-10,GIONIS Panagiotis,KOSIBA Daniel,4,0,"11,11,11,11|7,9,6,3",R32,GRAND_SLAM,MS,63,Main Draw,GIONIS Panagiotis (GRE),KOSIBA Daniel (HUN)
Pro Tour Polish Open Warsaw 2010,2010-11-10,OVTCHAROV Dimitrij,KOLAREK Tomislav,4,0,"11,11,11,11|7,9,5,8",R32,GRAND_SLAM,MS,63,Main Draw,OVTCHAROV Dimitrij (GER),KOLAREK Tomislav (CRO)
Pro Tour Polish Open Warsaw 2010,2010-11-10,SAMSONOV Vladimir,LIN Ju,4,0,"11,11,12,11|3,5,10,2",R16,GRAND_SLAM,MS,63,Main Draw,SAMSONOV Vladimir (BLR),LIN Ju (DOM)
Pro Tour Polish Open Warsaw 2010,2010-11-10,SMIRNOV Alexey,PERSSON Jorgen,4,0,"12,11,11,11|10,7,7,6",R16,GRAND_SLAM,MS,63,Main Draw,SMIRNOV Alexey (RUS),PERSSON Jorgen (SWE)
Pro Tour Polish Open Warsaw 2010,2010-11-10,CHEN Weixing,GERELL Par,4,0,,R16,GRAND_SLAM,MS,63,Main Draw,CHEN Weixing (AUT),GERELL Par (SWE)
Pro Tour Polish Open Warsaw 2010,2010-11-10,RYU Seungmin,GARDOS Robert,4,2,"8,12,7,11,11,11|11,10,11,5,8,9",R16,GRAND_SLAM,MS,63,Main Draw,RYU Seungmin (KOR),GARDOS Robert (AUT)
Pro Tour Polish Open Warsaw 2010,2010-11-10,BAUM Patrick,FREITAS Marcos,4,3,"9,8,11,15,14,5,11|11,11,6,13,12,11,7",R16,GRAND_SLAM,MS,63,Main Draw,BAUM Patrick (GER),FREITAS Marcos (POR)
Pro Tour Polish Open Warsaw 2010,2010-11-10,STEGER Bastian,LUNDQVIST Jens,4,3,"11,12,8,11,8,6,12|7,10,11,8,11,11,10",R16,GRAND_SLAM,MS,63,Main Draw,STEGER Bastian (GER),LUNDQVIST Jens (SWE)
Pro Tour Polish Open Warsaw 2010,2010-11-10,KASAHARA Hiromitsu,PROKOPCOV Dmitrij,4,1,"5,13,11,11,11|11,11,2,4,7",R16,GRAND_SLAM,MS,63,Main Draw,KASAHARA Hiromitsu (JPN),PROKOPCOV Dmitrij (CZE)
Pro Tour Polish Open Warsaw 2010,2010-11-10,OVTCHAROV Dimitrij,GIONIS Panagiotis,4,1,"6,11,11,11,11|11,8,3,5,2",R16,GRAND_SLAM,MS,63,Main Draw,OVTCHAROV Dimitrij (GER),GIONIS Panagiotis (GRE)
Pro Tour Polish Open Warsaw 2010,2010-11-10,SAMSONOV Vladimir,SMIRNOV Alexey,4,1,"11,11,11,5,11|8,9,4,11,7",QuarterFinal,GRAND_SLAM,MS,63,Main Draw,SAMSONOV Vladimir (BLR),SMIRNOV Alexey (RUS)
Pro Tour Polish Open Warsaw 2010,2010-11-10,RYU Seungmin,CHEN Weixing,4,1,"9,11,11,11,11|11,5,4,8,8",QuarterFinal,GRAND_SLAM,MS,63,Main Draw,RYU Seungmin (KOR),CHEN Weixing (AUT)
Pro Tour Polish Open Warsaw 2010,2010-11-10,BAUM Patrick,STEGER Bastian,4,2,"9,11,11,7,11,11|11,3,8,11,7,9",QuarterFinal,GRAND_SLAM,MS,63,Main Draw,BAUM Patrick (GER),STEGER Bastian (GER)
Pro Tour Polish Open Warsaw 2010,2010-11-10,OVTCHAROV Dimitrij,KASAHARA Hiromitsu,4,0,"11,11,14,11|9,9,12,4",QuarterFinal,GRAND_SLAM,MS,63,Main Draw,OVTCHAROV Dimitrij (GER),KASAHARA Hiromitsu (JPN)
Pro Tour Polish Open Warsaw 2010,2010-11-10,SAMSONOV Vladimir,RYU Seungmin,4,1,"13,8,11,11,11|11,11,2,7,4",SemiFinal,GRAND_SLAM,MS,63,Main Draw,SAMSONOV Vladimir (BLR),RYU Seungmin (KOR)
Pro Tour Polish Open Warsaw 2010,2010-11-10,OVTCHAROV Dimitrij,BAUM Patrick,4,0,"11,11,11,11|4,7,6,8",SemiFinal,GRAND_SLAM,MS,63,Main Draw,OVTCHAROV Dimitrij (GER),BAUM Patrick (GER)
Pro Tour Polish Open Warsaw 2010,2010-11-10,SAMSONOV Vladimir,OVTCHAROV Dimitrij,4,1,"11,11,11,6,11|7,4,6,11,3",Final,GRAND_SLAM,MS,63,Main Draw,SAMSONOV Vladimir (BLR),OVTCHAROV Dimitrij (GER)
Pro Tour Polish Open Warsaw 2010,2010-11-10,WISNIEWSKI Tomasz,MATSUDAIRA Kenji,4,3,"11,6,5,11,7,11,11|7,11,11,6,11,7,6",R32,GRAND_SLAM,U21MS,63,Main Draw,WISNIEWSKI Tomasz (POL),MATSUDAIRA Kenji (JPN)
Pro Tour Polish Open Warsaw 2010,2010-11-10,JEAN Lauric,FRANZISKA Patrick,4,3,"8,4,15,11,11,5,11|11,11,13,7,9,11,8",R32,GRAND_SLAM,U21MS,63,Main Draw,JEAN Lauric (BEL),FRANZISKA Patrick (GER)
Pro Tour Polish Open Warsaw 2010,2010-11-10,ASSAR Omar,GROTH Jonathan,4,0,"11,11,11,11|6,7,2,9",R32,GRAND_SLAM,U21MS,63,Main Draw,ASSAR Omar (EGY),GROTH Jonathan (DEN)
Pro Tour Polish Open Warsaw 2010,2010-11-10,ZHENG Peifeng,DORAN Christopher,4,3,"5,13,11,11,9,10,11|11,11,8,7,11,12,7",R32,GRAND_SLAM,U21MS,63,Main Draw,ZHENG Peifeng (CHN),DORAN Christopher (ENG)
Pro Tour Polish Open Warsaw 2010,2010-11-10,KARLSSON Mattias,SHIBAEV Alexander,4,1,"8,11,13,14,11|11,8,11,12,8",R32,GRAND_SLAM,U21MS,63,Main Draw,KARLSSON Mattias (SWE),SHIBAEV Alexander (RUS)
Pro Tour Polish Open Warsaw 2010,2010-11-10,IONESCU Ovidiu,GAUZY Simon,4,1,"4,12,12,11,11|11,10,10,8,8",R32,GRAND_SLAM,U21MS,63,Main Draw,IONESCU Ovidiu (ROU),GAUZY Simon (FRA)
Pro Tour Polish Open Warsaw 2010,2010-11-10,LIN Gaoyuan,HOLTER Arne,4,0,"11,11,13,11|7,6,11,9",R32,GRAND_SLAM,U21MS,63,Main Draw,LIN Gaoyuan (CHN),HOLTER Arne (GER)
Pro Tour Polish Open Warsaw 2010,2010-11-10,DRINKHALL Paul,KOVAC Borna,4,3,"7,11,11,11,7,9,11|11,6,8,7,11,11,5",R32,GRAND_SLAM,U21MS,63,Main Draw,DRINKHALL Paul (ENG),KOVAC Borna (CRO)
Pro Tour Polish Open Warsaw 2010,2010-11-10,LI Ahmet,NAGY Krisztian,4,2,"11,11,9,10,11,11|9,4,11,12,5,3",R32,GRAND_SLAM,U21MS,63,Main Draw,LI Ahmet (TUR),NAGY Krisztian (HUN)
Pro Tour Polish Open Warsaw 2010,2010-11-10,UEDA Jin,OLIVARES Felipe,4,0,"11,11,11,11|5,1,5,8",R32,GRAND_SLAM,U21MS,63,Main Draw,UEDA Jin (JPN),OLIVARES Felipe (CHI)
Pro Tour Polish Open Warsaw 2010,2010-11-10,SONG Hongyuan,PAIKOV Mikhail,4,2,"11,11,9,14,11,12|4,7,11,16,8,10",R32,GRAND_SLAM,U21MS,63,Main Draw,SONG Hongyuan (CHN),PAIKOV Mikhail (RUS)
Pro Tour Polish Open Warsaw 2010,2010-11-10,BURGIS Matiss,KOJIC Frane,4,1,"11,11,11,9,11|7,7,6,11,5",R32,GRAND_SLAM,U21MS,63,Main Draw,BURGIS Matiss (LAT),KOJIC Frane (CRO)
Pro Tour Polish Open Warsaw 2010,2010-11-10,KASAHARA Hiromitsu,ANDERSSON Harald,4,0,"11,11,11,11|9,6,9,6",R32,GRAND_SLAM,U21MS,63,Main Draw,KASAHARA Hiromitsu (JPN),ANDERSSON Harald (SWE)
Pro Tour Polish Open Warsaw 2010,2010-11-10,YIN Hang,HUNG Tzu-Hsiang,4,1,"12,6,11,11,12|10,11,5,7,10",R32,GRAND_SLAM,U21MS,63,Main Draw,YIN Hang (CHN),HUNG Tzu-Hsiang (TPE)
Pro Tour Polish Open Warsaw 2010,2010-11-10,PLATTNER Dominique,TREGLER Tomas,4,0,,R32,GRAND_SLAM,U21MS,63,Main Draw,PLATTNER Dominique (AUT),TREGLER Tomas (CZE)
Pro Tour Polish Open Warsaw 2010,2010-11-10,KOSIBA Daniel,REED Daniel,4,3,"7,11,11,11,10,8,11|11,7,7,9,12,11,0",R32,GRAND_SLAM,U21MS,63,Main Draw,KOSIBA Daniel (HUN),REED Daniel (ENG)
Pro Tour Polish Open Warsaw 2010,2010-11-10,WISNIEWSKI Tomasz,JEAN Lauric,4,3,"10,2,11,11,11,5,11|12,11,8,5,8,11,8",R16,GRAND_SLAM,U21MS,63,Main Draw,WISNIEWSKI Tomasz (POL),JEAN Lauric (BEL)
Pro Tour Polish Open Warsaw 2010,2010-11-10,ASSAR Omar,ZHENG Peifeng,4,3,"8,5,11,11,12,5,11|11,11,9,9,10,11,5",R16,GRAND_SLAM,U21MS,63,Main Draw,ASSAR Omar (EGY),ZHENG Peifeng (CHN)
Pro Tour Polish Open Warsaw 2010,2010-11-10,KARLSSON Mattias,IONESCU Ovidiu,4,3,"7,7,6,11,11,11,15|11,11,11,9,4,1,13",R16,GRAND_SLAM,U21MS,63,Main Draw,KARLSSON Mattias (SWE),IONESCU Ovidiu (ROU)
Pro Tour Polish Open Warsaw 2010,2010-11-10,DRINKHALL Paul,LIN Gaoyuan,4,1,"11,11,11,9,11|4,9,9,11,4",R16,GRAND_SLAM,U21MS,63,Main Draw,DRINKHALL Paul (ENG),LIN Gaoyuan (CHN)
Pro Tour Polish Open Warsaw 2010,2010-11-10,LI Ahmet,UEDA Jin,4,1,"11,8,11,14,11|4,11,1,12,9",R16,GRAND_SLAM,U21MS,63,Main Draw,LI Ahmet (TUR),UEDA Jin (JPN)
Pro Tour Polish Open Warsaw 2010,2010-11-10,SONG Hongyuan,BURGIS Matiss,4,3,"9,8,11,11,8,11,11|11,11,3,5,11,8,7",R16,GRAND_SLAM,U21MS,63,Main Draw,SONG Hongyuan (CHN),BURGIS Matiss (LAT)
Pro Tour Polish Open Warsaw 2010,2010-11-10,KASAHARA Hiromitsu,YIN Hang,4,2,"11,8,11,8,11,11|7,11,7,11,9,7",R16,GRAND_SLAM,U21MS,63,Main Draw,KASAHARA Hiromitsu (JPN),YIN Hang (CHN)
Pro Tour Polish Open Warsaw 2010,2010-11-10,KOSIBA Daniel,PLATTNER Dominique,4,2,"12,7,11,11,8,11|10,11,5,9,11,9",R16,GRAND_SLAM,U21MS,63,Main Draw,KOSIBA Daniel (HUN),PLATTNER Dominique (AUT)
Pro Tour Polish Open Warsaw 2010,2010-11-10,ASSAR Omar,WISNIEWSKI Tomasz,4,1,"11,11,8,11,11|8,6,11,8,5",QuarterFinal,GRAND_SLAM,U21MS,63,Main Draw,ASSAR Omar (EGY),WISNIEWSKI Tomasz (POL)
Pro Tour Polish Open Warsaw 2010,2010-11-10,DRINKHALL Paul,KARLSSON Mattias,4,2,"3,11,9,11,11,11|11,6,11,7,7,7",QuarterFinal,GRAND_SLAM,U21MS,63,Main Draw,DRINKHALL Paul (ENG),KARLSSON Mattias (SWE)
Pro Tour Polish Open Warsaw 2010,2010-11-10,SONG Hongyuan,LI Ahmet,4,2,"11,4,13,11,11,14|7,11,15,7,6,12",QuarterFinal,GRAND_SLAM,U21MS,63,Main Draw,SONG Hongyuan (CHN),LI Ahmet (TUR)
Pro Tour Polish Open Warsaw 2010,2010-11-10,KASAHARA Hiromitsu,KOSIBA Daniel,4,0,"11,14,11,11|8,12,8,3",QuarterFinal,GRAND_SLAM,U21MS,63,Main Draw,KASAHARA Hiromitsu (JPN),KOSIBA Daniel (HUN)
Pro Tour Polish Open Warsaw 2010,2010-11-10,DRINKHALL Paul,ASSAR Omar,4,1,"11,9,11,11,11|8,11,6,3,8",SemiFinal,GRAND_SLAM,U21MS,63,Main Draw,DRINKHALL Paul (ENG),ASSAR Omar (EGY)
Pro Tour Polish Open Warsaw 2010,2010-11-10,SONG Hongyuan,KASAHARA Hiromitsu,4,2,"10,11,15,4,13,11|12,9,13,11,11,2",SemiFinal,GRAND_SLAM,U21MS,63,Main Draw,SONG Hongyuan (CHN),KASAHARA Hiromitsu (JPN)
Pro Tour Polish Open Warsaw 2010,2010-11-10,DRINKHALL Paul,SONG Hongyuan,4,3,"7,8,11,10,11,11,13|11,11,9,12,5,9,11",Final,GRAND_SLAM,U21MS,63,Main Draw,DRINKHALL Paul (ENG),SONG Hongyuan (CHN)
Pro Tour Polish Open Warsaw 2010,2010-11-10,LEWANDOWSKI Tomasz,KARLSSON Kristian,4,0,"11,11,11,11|1,7,8,9",,GRAND_SLAM,MS,63,Qualification,LEWANDOWSKI Tomasz (POL),KARLSSON Kristian (SWE)
Pro Tour Polish Open Warsaw 2010,2010-11-10,LEUNG Chu Yan,LEWANDOWSKI Tomasz,4,2,"5,11,11,12,11,11|11,7,6,14,8,6",,GRAND_SLAM,MS,63,Qualification,LEUNG Chu Yan (HKG),LEWANDOWSKI Tomasz (POL)
Pro Tour Polish Open Warsaw 2010,2010-11-10,KARLSSON Kristian,LEUNG Chu Yan,4,2,"11,7,11,9,11,11|7,11,8,11,8,9",,GRAND_SLAM,MS,63,Qualification,KARLSSON Kristian (SWE),LEUNG Chu Yan (HKG)
Pro Tour Polish Open Warsaw 2010,2010-11-10,PLACEK Frantisek,ANDERSSON Harald,4,1,"11,11,2,11,11|7,4,11,7,8",,GRAND_SLAM,MS,63,Qualification,PLACEK Frantisek (CZE),ANDERSSON Harald (SWE)
Pro Tour Polish Open Warsaw 2010,2010-11-10,MATSUDAIRA Kenji,ANDERSSON Harald,4,0,"11,11,11,11|7,8,4,8",,GRAND_SLAM,MS,63,Qualification,MATSUDAIRA Kenji (JPN),ANDERSSON Harald (SWE)
Pro Tour Polish Open Warsaw 2010,2010-11-10,MATSUDAIRA Kenji,PLACEK Frantisek,4,1,"11,11,15,11,11|8,3,17,6,9",,GRAND_SLAM,MS,63,Qualification,MATSUDAIRA Kenji (JPN),PLACEK Frantisek (CZE)
Pro Tour Polish Open Warsaw 2010,2010-11-10,GOLEBIOWSKI Mateusz,KOVAC Borna,4,0,"11,12,11,11|7,10,5,5",,GRAND_SLAM,MS,63,Qualification,GOLEBIOWSKI Mateusz (POL),KOVAC Borna (CRO)
Pro Tour Polish Open Warsaw 2010,2010-11-10,LIU Song,KOVAC Borna,4,0,"11,12,11,11|7,10,4,2",,GRAND_SLAM,MS,63,Qualification,LIU Song (ARG),KOVAC Borna (CRO)
Pro Tour Polish Open Warsaw 2010,2010-11-10,LIU Song,GOLEBIOWSKI Mateusz,4,0,"11,11,11,12|7,8,9,10",,GRAND_SLAM,MS,63,Qualification,LIU Song (ARG),GOLEBIOWSKI Mateusz (POL)
Pro Tour Polish Open Warsaw 2010,2010-11-10,FERTIKOWSKI Pawel,RASMUSSEN Morten,4,2,"10,11,11,11,9,11|12,9,3,5,11,5",,GRAND_SLAM,MS,63,Qualification,FERTIKOWSKI Pawel (POL),RASMUSSEN Morten (DEN)
Pro Tour Polish Open Warsaw 2010,2010-11-10,WOSIK Torben,FERTIKOWSKI Pawel,4,1,"11,9,11,11,11|7,11,8,9,3",,GRAND_SLAM,MS,63,Qualification,WOSIK Torben (GER),FERTIKOWSKI Pawel (POL)
Pro Tour Polish Open Warsaw 2010,2010-11-10,WOSIK Torben,RASMUSSEN Morten,4,0,"11,14,11,12|8,12,7,10",,GRAND_SLAM,MS,63,Qualification,WOSIK Torben (GER),RASMUSSEN Morten (DEN)
Pro Tour Polish Open Warsaw 2010,2010-11-10,SONDELL Johan,OLIVARES Felipe,4,2,"11,11,11,13,9,11|8,9,5,15,11,8",,GRAND_SLAM,MS,63,Qualification,SONDELL Johan (SWE),OLIVARES Felipe (CHI)
Pro Tour Polish Open Warsaw 2010,2010-11-10,LIN Ju,SONDELL Johan,4,1,"8,11,11,11,11|11,8,8,4,7",,GRAND_SLAM,MS,63,Qualification,LIN Ju (DOM),SONDELL Johan (SWE)
Pro Tour Polish Open Warsaw 2010,2010-11-10,LIN Ju,OLIVARES Felipe,4,1,"11,13,11,12,11|8,15,4,10,6",,GRAND_SLAM,MS,63,Qualification,LIN Ju (DOM),OLIVARES Felipe (CHI)
Pro Tour Polish Open Warsaw 2010,2010-11-10,MOLNAR Csaba,HABESOHN Mathias,4,2,"4,12,7,12,11,11|11,10,11,10,9,5",,GRAND_SLAM,MS,63,Qualification,MOLNAR Csaba (HUN),HABESOHN Mathias (AUT)
Pro Tour Polish Open Warsaw 2010,2010-11-10,SVENSSON Robert,MOLNAR Csaba,4,0,"11,11,11,11|4,5,7,5",,GRAND_SLAM,MS,63,Qualification,SVENSSON Robert (SWE),MOLNAR Csaba (HUN)
Pro Tour Polish Open Warsaw 2010,2010-11-10,SVENSSON Robert,HABESOHN Mathias,4,1,"11,15,11,8,11|5,13,7,11,6",,GRAND_SLAM,MS,63,Qualification,SVENSSON Robert (SWE),HABESOHN Mathias (AUT)
Pro Tour Polish Open Warsaw 2010,2010-11-10,SILVA Andre,KOJIC Frane,4,3,"10,11,7,11,8,11,12|12,8,11,9,11,6,10",,GRAND_SLAM,MS,63,Qualification,SILVA Andre (POR),KOJIC Frane (CRO)
Pro Tour Polish Open Warsaw 2010,2010-11-10,LEE Jinkwon,KOJIC Frane,4,1,"11,16,11,6,11|8,14,9,11,7",,GRAND_SLAM,MS,63,Qualification,LEE Jinkwon (KOR),KOJIC Frane (CRO)
Pro Tour Polish Open Warsaw 2010,2010-11-10,LEE Jinkwon,SILVA Andre,4,1,"11,6,11,11,12|8,11,7,7,10",,GRAND_SLAM,MS,63,Qualification,LEE Jinkwon (KOR),SILVA Andre (POR)
Pro Tour Polish Open Warsaw 2010,2010-11-10,SZARMACH Bartosz,KUCHUK Aleksandr,4,2,"11,11,8,11,4,11|8,8,11,7,11,8",,GRAND_SLAM,MS,63,Qualification,SZARMACH Bartosz (POL),KUCHUK Aleksandr (BLR)
Pro Tour Polish Open Warsaw 2010,2010-11-10,BOBOCICA Mihai,SZARMACH Bartosz,4,3,"11,3,9,11,11,9,12|5,11,11,7,8,11,10",,GRAND_SLAM,MS,63,Qualification,BOBOCICA Mihai (ITA),SZARMACH Bartosz (POL)
Pro Tour Polish Open Warsaw 2010,2010-11-10,BOBOCICA Mihai,KUCHUK Aleksandr,4,1,"6,11,11,11,11|11,5,4,8,7",,GRAND_SLAM,MS,63,Qualification,BOBOCICA Mihai (ITA),KUCHUK Aleksandr (BLR)
Pro Tour Polish Open Warsaw 2010,2010-11-10,ARVIDSSON Simon,RAMIREZ Jose Miguel,4,0,"14,11,11,11|12,7,8,5",,GRAND_SLAM,MS,63,Qualification,ARVIDSSON Simon (SWE),RAMIREZ Jose Miguel (GUA)
Pro Tour Polish Open Warsaw 2010,2010-11-10,BENTSEN Allan,ARVIDSSON Simon,4,1,"11,11,11,0,11|9,4,7,11,3",,GRAND_SLAM,MS,63,Qualification,BENTSEN Allan (DEN),ARVIDSSON Simon (SWE)
Pro Tour Polish Open Warsaw 2010,2010-11-10,BENTSEN Allan,RAMIREZ Jose Miguel,4,1,"11,6,11,11,11|4,11,3,8,3",,GRAND_SLAM,MS,63,Qualification,BENTSEN Allan (DEN),RAMIREZ Jose Miguel (GUA)
Pro Tour Polish Open Warsaw 2010,2010-11-10,LE BRETON Thomas,HABESOHN Dominik,4,3,"11,11,9,8,6,12,11|6,9,11,11,11,10,9",,GRAND_SLAM,MS,63,Qualification,LE BRETON Thomas (FRA),HABESOHN Dominik (AUT)
Pro Tour Polish Open Warsaw 2010,2010-11-10,LEE Jungsam,HABESOHN Dominik,4,2,"11,10,7,11,11,11|9,12,11,9,5,8",,GRAND_SLAM,MS,63,Qualification,LEE Jungsam (KOR),HABESOHN Dominik (AUT)
Pro Tour Polish Open Warsaw 2010,2010-11-10,LEE Jungsam,LE BRETON Thomas,4,0,"11,11,11,11|7,3,8,7",,GRAND_SLAM,MS,63,Qualification,LEE Jungsam (KOR),LE BRETON Thomas (FRA)
Pro Tour Polish Open Warsaw 2010,2010-11-10,SZARMACH Karol,BERNER Eric,4,3,"8,11,16,11,11,9,11|11,8,18,7,3,11,2",,GRAND_SLAM,MS,63,Qualification,SZARMACH Karol (POL),BERNER Eric (NOR)
Pro Tour Polish Open Warsaw 2010,2010-11-10,KOSIBA Daniel,SZARMACH Karol,4,2,"7,11,9,11,11,11|11,9,11,6,9,6",,GRAND_SLAM,MS,63,Qualification,KOSIBA Daniel (HUN),SZARMACH Karol (POL)
Pro Tour Polish Open Warsaw 2010,2010-11-10,KOSIBA Daniel,BERNER Eric,4,1,"11,11,11,7,12|6,4,6,11,10",,GRAND_SLAM,MS,63,Qualification,KOSIBA Daniel (HUN),BERNER Eric (NOR)
Pro Tour Polish Open Warsaw 2010,2010-11-10,GROTH Jonathan,HOLTER Arne,4,3,"11,6,7,11,11,7,11|7,11,11,7,7,11,8",,GRAND_SLAM,MS,63,Qualification,GROTH Jonathan (DEN),HOLTER Arne (GER)
Pro Tour Polish Open Warsaw 2010,2010-11-10,PETO Zsolt,HOLTER Arne,4,0,"11,11,11,13|7,6,8,11",,GRAND_SLAM,MS,63,Qualification,PETO Zsolt (SRB),HOLTER Arne (GER)
Pro Tour Polish Open Warsaw 2010,2010-11-10,GROTH Jonathan,PETO Zsolt,4,3,"8,6,11,12,11,11,11|11,11,5,10,13,8,9",,GRAND_SLAM,MS,63,Qualification,GROTH Jonathan (DEN),PETO Zsolt (SRB)
Pro Tour Polish Open Warsaw 2010,2010-11-10,PYSAR Dmytro,LAGOGIANNIS Konstantinos,4,2,"11,11,11,5,10,12|7,8,5,11,12,10",,GRAND_SLAM,MS,63,Qualification,PYSAR Dmytro (UKR),LAGOGIANNIS Konstantinos (GRE)
Pro Tour Polish Open Warsaw 2010,2010-11-10,HABESOHN Daniel,PYSAR Dmytro,4,2,"11,5,12,9,11,11|8,11,10,11,2,5",,GRAND_SLAM,MS,63,Qualification,HABESOHN Daniel (AUT),PYSAR Dmytro (UKR)
Pro Tour Polish Open Warsaw 2010,2010-11-10,LAGOGIANNIS Konstantinos,HABESOHN Daniel,4,2,"12,4,11,6,11,11|10,11,9,11,8,9",,GRAND_SLAM,MS,63,Qualification,LAGOGIANNIS Konstantinos (GRE),HABESOHN Daniel (AUT)
Pro Tour Polish Open Warsaw 2010,2010-11-10,LORENTZ Romain,BEN ARI Omri,4,2,"11,3,5,11,12,11|6,11,11,7,10,8",,GRAND_SLAM,MS,63,Qualification,LORENTZ Romain (FRA),BEN ARI Omri (ISR)
Pro Tour Polish Open Warsaw 2010,2010-11-10,TSUBOI Gustavo,BEN ARI Omri,4,0,"11,11,11,13|9,8,7,11",,GRAND_SLAM,MS,63,Qualification,TSUBOI Gustavo (BRA),BEN ARI Omri (ISR)
Pro Tour Polish Open Warsaw 2010,2010-11-10,TSUBOI Gustavo,LORENTZ Romain,4,0,"11,11,11,11|4,5,4,6",,GRAND_SLAM,MS,63,Qualification,TSUBOI Gustavo (BRA),LORENTZ Romain (FRA)
Pro Tour Polish Open Warsaw 2010,2010-11-10,FLORITZ Philipp,STORF Martin,4,1,"9,11,11,11,11|11,5,5,8,6",,GRAND_SLAM,MS,63,Qualification,FLORITZ Philipp (BUL),STORF Martin (AUT)
Pro Tour Polish Open Warsaw 2010,2010-11-10,SALIFOU Abdel-Kader,STORF Martin,4,2,"11,9,11,11,6,11|7,11,5,7,11,5",,GRAND_SLAM,MS,63,Qualification,SALIFOU Abdel-Kader (BEN),STORF Martin (AUT)
Pro Tour Polish Open Warsaw 2010,2010-11-10,SALIFOU Abdel-Kader,FLORITZ Philipp,4,1,"14,9,11,12,11|12,11,4,10,4",,GRAND_SLAM,MS,63,Qualification,SALIFOU Abdel-Kader (BEN),FLORITZ Philipp (BUL)
Pro Tour Polish Open Warsaw 2010,2010-11-10,FAN Shengpeng,BIERNY Ludovic,4,1,"11,8,11,11,11|8,11,6,9,5",,GRAND_SLAM,MS,63,Qualification,FAN Shengpeng (CHN),BIERNY Ludovic (BEL)
Pro Tour Polish Open Warsaw 2010,2010-11-10,KOSOWSKI Jakub,BIERNY Ludovic,4,1,"9,11,11,11,11|11,2,1,5,8",,GRAND_SLAM,MS,63,Qualification,KOSOWSKI Jakub (POL),BIERNY Ludovic (BEL)
Pro Tour Polish Open Warsaw 2010,2010-11-10,KOSOWSKI Jakub,FAN Shengpeng,4,3,"9,9,11,11,11,4,11|11,11,4,3,9,11,7",,GRAND_SLAM,MS,63,Qualification,KOSOWSKI Jakub (POL),FAN Shengpeng (CHN)
Pro Tour Polish Open Warsaw 2010,2010-11-10,CREPULJA Bojan,YIANGOU Marios,4,3,"9,11,10,5,11,11,11|11,8,12,11,9,9,9",,GRAND_SLAM,MS,63,Qualification,CREPULJA Bojan (SRB),YIANGOU Marios (CYP)
Pro Tour Polish Open Warsaw 2010,2010-11-10,SUCH Bartosz,CREPULJA Bojan,4,2,"9,11,11,11,8,11|11,7,4,9,11,7",,GRAND_SLAM,MS,63,Qualification,SUCH Bartosz (POL),CREPULJA Bojan (SRB)
Pro Tour Polish Open Warsaw 2010,2010-11-10,SUCH Bartosz,YIANGOU Marios,4,1,"11,8,11,11,11|9,11,6,1,5",,GRAND_SLAM,MS,63,Qualification,SUCH Bartosz (POL),YIANGOU Marios (CYP)
Pro Tour Polish Open Warsaw 2010,2010-11-10,MERZLIKIN Taras,RONNEBERG Espen,4,0,"11,11,13,12|5,5,11,10",,GRAND_SLAM,MS,63,Qualification,MERZLIKIN Taras (RUS),RONNEBERG Espen (NOR)
Pro Tour Polish Open Warsaw 2010,2010-11-10,LEBESSON Emmanuel,MERZLIKIN Taras,4,1,"11,11,9,11,11|5,4,11,7,9",,GRAND_SLAM,MS,63,Qualification,LEBESSON Emmanuel (FRA),MERZLIKIN Taras (RUS)
Pro Tour Polish Open Warsaw 2010,2010-11-10,LEBESSON Emmanuel,RONNEBERG Espen,4,1,"11,2,11,11,11|8,11,4,6,9",,GRAND_SLAM,MS,63,Qualification,LEBESSON Emmanuel (FRA),RONNEBERG Espen (NOR)
Pro Tour Polish Open Warsaw 2010,2010-11-10,RINIOTIS Anastasios,LAI Yi-Yao,4,3,"12,9,7,11,11,11,11|14,11,11,5,8,7,7",,GRAND_SLAM,MS,63,Qualification,RINIOTIS Anastasios (GRE),LAI Yi-Yao (TPE)
Pro Tour Polish Open Warsaw 2010,2010-11-10,FILUS Ruwen,LAI Yi-Yao,4,0,"11,11,11,11|1,7,4,9",,GRAND_SLAM,MS,63,Qualification,FILUS Ruwen (GER),LAI Yi-Yao (TPE)
Pro Tour Polish Open Warsaw 2010,2010-11-10,FILUS Ruwen,RINIOTIS Anastasios,4,1,"11,2,11,11,11|8,11,7,6,9",,GRAND_SLAM,MS,63,Qualification,FILUS Ruwen (GER),RINIOTIS Anastasios (GRE)
Pro Tour Polish Open Warsaw 2010,2010-11-10,DODEAN Adrian,SANTOS Emil,4,2,"11,12,9,7,11,11|8,10,11,11,7,9",,GRAND_SLAM,MS,63,Qualification,DODEAN Adrian (ROU),SANTOS Emil (DOM)
Pro Tour Polish Open Warsaw 2010,2010-11-10,DRINKHALL Paul,SANTOS Emil,4,0,"11,13,12,11|4,11,10,6",,GRAND_SLAM,MS,63,Qualification,DRINKHALL Paul (ENG),SANTOS Emil (DOM)
Pro Tour Polish Open Warsaw 2010,2010-11-10,DRINKHALL Paul,DODEAN Adrian,4,1,"11,6,11,11,14|6,11,8,8,12",,GRAND_SLAM,MS,63,Qualification,DRINKHALL Paul (ENG),DODEAN Adrian (ROU)
Pro Tour Polish Open Warsaw 2010,2010-11-10,KARLSSON Mattias,SCHAFFER Daniel,4,2,"14,7,8,11,12,11|12,11,11,0,10,7",,GRAND_SLAM,MS,63,Qualification,KARLSSON Mattias (SWE),SCHAFFER Daniel (HUN)
Pro Tour Polish Open Warsaw 2010,2010-11-10,LI Ahmet,SCHAFFER Daniel,4,0,"11,11,12,11|5,5,10,5",,GRAND_SLAM,MS,63,Qualification,LI Ahmet (TUR),SCHAFFER Daniel (HUN)
Pro Tour Polish Open Warsaw 2010,2010-11-10,LI Ahmet,KARLSSON Mattias,4,2,"14,11,11,11,7,11|16,8,7,8,11,8",,GRAND_SLAM,MS,63,Qualification,LI Ahmet (TUR),KARLSSON Mattias (SWE)
Pro Tour Polish Open Warsaw 2010,2010-11-10,MENDES Enio,TRAN Anthony,4,0,"11,11,11,11|7,2,3,5",,GRAND_SLAM,MS,63,Qualification,MENDES Enio (POR),TRAN Anthony (SWE)
Pro Tour Polish Open Warsaw 2010,2010-11-10,ZHENG Peifeng,TRAN Anthony,4,0,"11,11,11,11|6,5,4,9",,GRAND_SLAM,MS,63,Qualification,ZHENG Peifeng (CHN),TRAN Anthony (SWE)
Pro Tour Polish Open Warsaw 2010,2010-11-10,MENDES Enio,ZHENG Peifeng,4,0,"11,11,11,11|1,5,7,7",,GRAND_SLAM,MS,63,Qualification,MENDES Enio (POR),ZHENG Peifeng (CHN)
Pro Tour Polish Open Warsaw 2010,2010-11-10,FUJIMOTO Kaito,DORAN Christopher,4,0,"11,12,11,12|9,10,5,10",,GRAND_SLAM,MS,63,Qualification,FUJIMOTO Kaito (JPN),DORAN Christopher (ENG)
Pro Tour Polish Open Warsaw 2010,2010-11-10,VLASOV Grigory,DORAN Christopher,4,0,"11,11,11,11|9,8,7,8",,GRAND_SLAM,MS,63,Qualification,VLASOV Grigory (RUS),DORAN Christopher (ENG)
Pro Tour Polish Open Warsaw 2010,2010-11-10,VLASOV Grigory,FUJIMOTO Kaito,4,3,"8,5,11,11,9,11,11|11,11,8,8,11,2,8",,GRAND_SLAM,MS,63,Qualification,VLASOV Grigory (RUS),FUJIMOTO Kaito (JPN)
Pro Tour Polish Open Warsaw 2010,2010-11-10,FLORAS Robert,DEVOS Robin,4,0,"14,11,11,11|12,9,7,9",,GRAND_SLAM,MS,63,Qualification,FLORAS Robert (POL),DEVOS Robin (BEL)
Pro Tour Polish Open Warsaw 2010,2010-11-10,SHIBAEV Alexander,DEVOS Robin,4,0,"11,11,11,13|9,4,8,11",,GRAND_SLAM,MS,63,Qualification,SHIBAEV Alexander (RUS),DEVOS Robin (BEL)
Pro Tour Polish Open Warsaw 2010,2010-11-10,SHIBAEV Alexander,FLORAS Robert,4,1,"11,9,11,11,11|2,11,8,7,8",,GRAND_SLAM,MS,63,Qualification,SHIBAEV Alexander (RUS),FLORAS Robert (POL)
Pro Tour Polish Open Warsaw 2010,2010-11-10,SUBOTIC Dragan,KUIMOV Philipp,4,0,"11,11,11,11|8,5,6,5",,GRAND_SLAM,MS,63,Qualification,SUBOTIC Dragan (SRB),KUIMOV Philipp (RUS)
Pro Tour Polish Open Warsaw 2010,2010-11-10,BURGIS Matiss,KUIMOV Philipp,4,0,"11,11,11,11|3,7,5,6",,GRAND_SLAM,MS,63,Qualification,BURGIS Matiss (LAT),KUIMOV Philipp (RUS)
Pro Tour Polish Open Warsaw 2010,2010-11-10,BURGIS Matiss,SUBOTIC Dragan,4,1,"7,11,12,11,11|11,9,10,8,9",,GRAND_SLAM,MS,63,Qualification,BURGIS Matiss (LAT),SUBOTIC Dragan (SRB)
Pro Tour Polish Open Warsaw 2010,2010-11-10,STERNBERG Kasper,GADIEV Vildan,4,1,"11,9,12,11,11|2,11,10,8,6",,GRAND_SLAM,MS,63,Qualification,STERNBERG Kasper (DEN),GADIEV Vildan (RUS)
Pro Tour Polish Open Warsaw 2010,2010-11-10,VANG Bora,GADIEV Vildan,4,0,"11,11,11,11|9,3,8,6",,GRAND_SLAM,MS,63,Qualification,VANG Bora (TUR),GADIEV Vildan (RUS)
Pro Tour Polish Open Warsaw 2010,2010-11-10,VANG Bora,STERNBERG Kasper,4,0,"11,11,11,11|9,8,4,6",,GRAND_SLAM,MS,63,Qualification,VANG Bora (TUR),STERNBERG Kasper (DEN)
Pro Tour Polish Open Warsaw 2010,2010-11-10,JEAN Lauric,JENDRZEJEWSKI Patryk,4,2,"11,11,4,11,13,16|6,7,11,8,15,14",,GRAND_SLAM,MS,63,Qualification,JEAN Lauric (BEL),JENDRZEJEWSKI Patryk (POL)
Pro Tour Polish Open Warsaw 2010,2010-11-10,DIDUKH Oleksandr,JENDRZEJEWSKI Patryk,4,0,"11,11,11,11|7,5,9,8",,GRAND_SLAM,MS,63,Qualification,DIDUKH Oleksandr (UKR),JENDRZEJEWSKI Patryk (POL)
Pro Tour Polish Open Warsaw 2010,2010-11-10,DIDUKH Oleksandr,JEAN Lauric,4,1,"11,12,11,6,11|8,10,4,11,5",,GRAND_SLAM,MS,63,Qualification,DIDUKH Oleksandr (UKR),JEAN Lauric (BEL)
Pro Tour Polish Open Warsaw 2010,2010-11-10,GOLOVANOV Stanislav,OBESLO Marek,4,0,"11,11,11,11|6,9,6,8",,GRAND_SLAM,MS,63,Qualification,GOLOVANOV Stanislav (BUL),OBESLO Marek (CZE)
Pro Tour Polish Open Warsaw 2010,2010-11-10,JOVER Sebastien,OBESLO Marek,4,3,"6,11,11,11,12,9,11|11,7,5,9,14,11,9",,GRAND_SLAM,MS,63,Qualification,JOVER Sebastien (FRA),OBESLO Marek (CZE)
Pro Tour Polish Open Warsaw 2010,2010-11-10,JOVER Sebastien,GOLOVANOV Stanislav,4,0,"11,11,11,11|3,5,8,3",,GRAND_SLAM,MS,63,Qualification,JOVER Sebastien (FRA),GOLOVANOV Stanislav (BUL)
Pro Tour Polish Open Warsaw 2010,2010-11-10,STOYANOV Niagol,MORICZ Mate,4,1,"11,11,11,9,11|8,3,7,11,7",,GRAND_SLAM,MS,63,Qualification,STOYANOV Niagol (ITA),MORICZ Mate (HUN)
Pro Tour Polish Open Warsaw 2010,2010-11-10,OLEJNIK Martin,MORICZ Mate,4,0,"11,11,11,11|2,7,4,8",,GRAND_SLAM,MS,63,Qualification,OLEJNIK Martin (CZE),MORICZ Mate (HUN)
Pro Tour Polish Open Warsaw 2010,2010-11-10,OLEJNIK Martin,STOYANOV Niagol,4,2,"4,11,11,3,11,11|11,7,7,11,8,8",,GRAND_SLAM,MS,63,Qualification,OLEJNIK Martin (CZE),STOYANOV Niagol (ITA)
Pro Tour Polish Open Warsaw 2010,2010-11-10,KNIGHT Darius,FEKETE Soma,4,0,"20,11,11,11|18,2,9,6",,GRAND_SLAM,MS,63,Qualification,KNIGHT Darius (ENG),FEKETE Soma (HUN)
Pro Tour Polish Open Warsaw 2010,2010-11-10,KONECNY Tomas,FEKETE Soma,4,0,"11,11,11,11|6,8,6,7",,GRAND_SLAM,MS,63,Qualification,KONECNY Tomas (CZE),FEKETE Soma (HUN)
Pro Tour Polish Open Warsaw 2010,2010-11-10,KONECNY Tomas,KNIGHT Darius,4,1,"11,13,7,11,11|9,11,11,7,7",,GRAND_SLAM,MS,63,Qualification,KONECNY Tomas (CZE),KNIGHT Darius (ENG)
Pro Tour Polish Open Warsaw 2010,2010-11-10,PRYSHCHEPA Ievgen,PLATTNER Dominique,4,3,"9,8,11,7,11,11,11|11,11,7,11,7,3,9",,GRAND_SLAM,MS,63,Qualification,PRYSHCHEPA Ievgen (UKR),PLATTNER Dominique (AUT)
Pro Tour Polish Open Warsaw 2010,2010-11-10,VRABLIK Jiri,PLATTNER Dominique,4,2,"11,13,11,5,11,11|7,15,6,11,9,5",,GRAND_SLAM,MS,63,Qualification,VRABLIK Jiri (CZE),PLATTNER Dominique (AUT)
Pro Tour Polish Open Warsaw 2010,2010-11-10,VRABLIK Jiri,PRYSHCHEPA Ievgen,4,0,"11,11,11,11|7,3,5,2",,GRAND_SLAM,MS,63,Qualification,VRABLIK Jiri (CZE),PRYSHCHEPA Ievgen (UKR)
Pro Tour Polish Open Warsaw 2010,2010-11-10,NAGY Krisztian,FRAGKOULIS Georgios,4,1,"11,12,11,10,11|6,10,3,12,9",,GRAND_SLAM,MS,63,Qualification,NAGY Krisztian (HUN),FRAGKOULIS Georgios (GRE)
Pro Tour Polish Open Warsaw 2010,2010-11-10,TOSIC Roko,FRAGKOULIS Georgios,4,1,"11,11,9,11,12|3,3,11,7,10",,GRAND_SLAM,MS,63,Qualification,TOSIC Roko (CRO),FRAGKOULIS Georgios (GRE)
Pro Tour Polish Open Warsaw 2010,2010-11-10,TOSIC Roko,NAGY Krisztian,4,3,"2,12,11,11,3,8,14|11,10,9,9,11,11,12",,GRAND_SLAM,MS,63,Qualification,TOSIC Roko (CRO),NAGY Krisztian (HUN)
Pro Tour Polish Open Warsaw 2010,2010-11-10,DAVID Petr,KULPA Konrad,4,0,"11,11,12,11|8,8,10,9",,GRAND_SLAM,MS,63,Qualification,DAVID Petr (CZE),KULPA Konrad (POL)
Pro Tour Polish Open Warsaw 2010,2010-11-10,KOU Lei,KULPA Konrad,4,2,"11,10,11,11,11,11|13,12,6,6,5,5",,GRAND_SLAM,MS,63,Qualification,KOU Lei (UKR),KULPA Konrad (POL)
Pro Tour Polish Open Warsaw 2010,2010-11-10,KOU Lei,DAVID Petr,4,1,"11,11,3,11,11|8,9,11,3,9",,GRAND_SLAM,MS,63,Qualification,KOU Lei (UKR),DAVID Petr (CZE)
Pro Tour Polish Open Warsaw 2010,2010-11-10,SONG Hongyuan,LUPULESKU Lorencio,4,1,"11,10,11,11,11|6,12,7,8,2",,GRAND_SLAM,MS,63,Qualification,SONG Hongyuan (CHN),LUPULESKU Lorencio (SRB)
Pro Tour Polish Open Warsaw 2010,2010-11-10,BARDON Michal,LUPULESKU Lorencio,4,1,"11,9,11,11,11|5,11,6,8,9",,GRAND_SLAM,MS,63,Qualification,BARDON Michal (SVK),LUPULESKU Lorencio (SRB)
Pro Tour Polish Open Warsaw 2010,2010-11-10,SONG Hongyuan,BARDON Michal,4,3,"8,14,11,9,12,7,11|11,12,9,11,10,11,7",,GRAND_SLAM,MS,63,Qualification,SONG Hongyuan (CHN),BARDON Michal (SVK)
Pro Tour Polish Open Warsaw 2010,2010-11-10,GAUZY Simon,CONTRERAS Matias,4,1,"6,11,12,11,11|11,5,10,8,7",,GRAND_SLAM,MS,63,Qualification,GAUZY Simon (FRA),CONTRERAS Matias (CHI)
Pro Tour Polish Open Warsaw 2010,2010-11-10,JUZBASIC Ivan,CONTRERAS Matias,4,0,"11,11,11,11|5,4,6,8",,GRAND_SLAM,MS,63,Qualification,JUZBASIC Ivan (CRO),CONTRERAS Matias (CHI)
Pro Tour Polish Open Warsaw 2010,2010-11-10,GAUZY Simon,JUZBASIC Ivan,4,3,"7,12,9,8,11,11,11|11,10,11,11,4,9,3",,GRAND_SLAM,MS,63,Qualification,GAUZY Simon (FRA),JUZBASIC Ivan (CRO)
Pro Tour Polish Open Warsaw 2010,2010-11-10,CHOJNOWSKI Patryk,WAGNER Florian,4,1,"11,11,11,9,11|3,7,9,11,8",,GRAND_SLAM,MS,63,Qualification,CHOJNOWSKI Patryk (POL),WAGNER Florian (GER)
Pro Tour Polish Open Warsaw 2010,2010-11-10,KASAHARA Hiromitsu,WAGNER Florian,4,1,"11,11,11,12,11|7,4,3,14,1",,GRAND_SLAM,MS,63,Qualification,KASAHARA Hiromitsu (JPN),WAGNER Florian (GER)
Pro Tour Polish Open Warsaw 2010,2010-11-10,KASAHARA Hiromitsu,CHOJNOWSKI Patryk,4,0,,,GRAND_SLAM,MS,63,Qualification,KASAHARA Hiromitsu (JPN),CHOJNOWSKI Patryk (POL)
Pro Tour Polish Open Warsaw 2010,2010-11-10,REED Daniel,DYJAS Jakub,4,0,,,GRAND_SLAM,MS,63,Qualification,REED Daniel (ENG),DYJAS Jakub (POL)
Pro Tour Polish Open Warsaw 2010,2010-11-10,PLATONOV Pavel,DYJAS Jakub,4,0,,,GRAND_SLAM,MS,63,Qualification,PLATONOV Pavel (BLR),DYJAS Jakub (POL)
Pro Tour Polish Open Warsaw 2010,2010-11-10,REED Daniel,PLATONOV Pavel,4,2,"9,9,11,11,11,11|11,11,7,8,5,7",,GRAND_SLAM,MS,63,Qualification,REED Daniel (ENG),PLATONOV Pavel (BLR)
Pro Tour Polish Open Warsaw 2010,2010-11-10,ZIBRAT Jan,REENBERG Asbjorn,4,0,"11,11,11,11|5,4,7,8",,GRAND_SLAM,MS,63,Qualification,ZIBRAT Jan (SLO),REENBERG Asbjorn (DEN)
Pro Tour Polish Open Warsaw 2010,2010-11-10,TREGLER Tomas,REENBERG Asbjorn,4,0,"11,11,11,11|7,2,7,7",,GRAND_SLAM,MS,63,Qualification,TREGLER Tomas (CZE),REENBERG Asbjorn (DEN)
Pro Tour Polish Open Warsaw 2010,2010-11-10,TREGLER Tomas,ZIBRAT Jan,4,3,"11,11,10,11,3,8,15|9,6,12,8,11,11,13",,GRAND_SLAM,MS,63,Qualification,TREGLER Tomas (CZE),ZIBRAT Jan (SLO)
Pro Tour Polish Open Warsaw 2010,2010-11-10,KOLAREK Tomislav,URIBE Salvador,4,3,"11,10,7,11,6,11,11|5,12,11,2,11,5,3",,GRAND_SLAM,MS,63,Qualification,KOLAREK Tomislav (CRO),URIBE Salvador (MEX)
Pro Tour Polish Open Warsaw 2010,2010-11-10,LIN Gaoyuan,URIBE Salvador,4,1,"11,11,11,7,11|9,1,4,11,6",,GRAND_SLAM,MS,63,Qualification,LIN Gaoyuan (CHN),URIBE Salvador (MEX)
Pro Tour Polish Open Warsaw 2010,2010-11-10,KOLAREK Tomislav,LIN Gaoyuan,4,3,"10,11,7,11,5,11,13|12,9,11,4,11,7,11",,GRAND_SLAM,MS,63,Qualification,KOLAREK Tomislav (CRO),LIN Gaoyuan (CHN)
Pro Tour Polish Open Warsaw 2010,2010-11-10,BUROV Viacheslav,BANKOSZ Michal,4,0,"11,11,11,11|5,7,6,1",,GRAND_SLAM,MS,63,Qualification,BUROV Viacheslav (RUS),BANKOSZ Michal (POL)
Pro Tour Polish Open Warsaw 2010,2010-11-10,MATSUMOTO Cazuo,BANKOSZ Michal,4,1,"11,11,5,11,11|3,9,11,2,5",,GRAND_SLAM,MS,63,Qualification,MATSUMOTO Cazuo (BRA),BANKOSZ Michal (POL)
Pro Tour Polish Open Warsaw 2010,2010-11-10,BUROV Viacheslav,MATSUMOTO Cazuo,4,3,"11,12,11,11,3,7,11|5,10,13,8,11,11,8",,GRAND_SLAM,MS,63,Qualification,BUROV Viacheslav (RUS),MATSUMOTO Cazuo (BRA)
Pro Tour Polish Open Warsaw 2010,2010-11-10,OBESLO Michal,SOPELEU Anton,4,0,"11,12,12,11|8,10,10,6",,GRAND_SLAM,MS,63,Qualification,OBESLO Michal (CZE),SOPELEU Anton (BLR)
Pro Tour Polish Open Warsaw 2010,2010-11-10,UEDA Jin,SOPELEU Anton,4,0,"11,11,11,11|7,9,2,1",,GRAND_SLAM,MS,63,Qualification,UEDA Jin (JPN),SOPELEU Anton (BLR)
Pro Tour Polish Open Warsaw 2010,2010-11-10,UEDA Jin,OBESLO Michal,4,0,"11,11,11,11|8,9,4,6",,GRAND_SLAM,MS,63,Qualification,UEDA Jin (JPN),OBESLO Michal (CZE)
Pro Tour Polish Open Warsaw 2010,2010-11-10,FENG Xiaoquan,KULPEKSHA Siarhei,4,0,"11,11,11,11|6,3,6,4",,GRAND_SLAM,MS,63,Qualification,FENG Xiaoquan (AUT),KULPEKSHA Siarhei (BLR)
Pro Tour Polish Open Warsaw 2010,2010-11-10,JANCARIK Lubomir,KULPEKSHA Siarhei,4,0,"11,11,12,11|3,5,10,7",,GRAND_SLAM,MS,63,Qualification,JANCARIK Lubomir (CZE),KULPEKSHA Siarhei (BLR)
Pro Tour Polish Open Warsaw 2010,2010-11-10,JANCARIK Lubomir,FENG Xiaoquan,4,3,"11,5,8,6,11,11,11|7,11,11,11,4,6,7",,GRAND_SLAM,MS,63,Qualification,JANCARIK Lubomir (CZE),FENG Xiaoquan (AUT)
Pro Tour Polish Open Warsaw 2010,2010-11-10,HUNG Tzu-Hsiang,ZATOWKA Patryk,4,1,"11,10,11,11,12|3,12,8,5,10",,GRAND_SLAM,MS,63,Qualification,HUNG Tzu-Hsiang (TPE),ZATOWKA Patryk (POL)
Pro Tour Polish Open Warsaw 2010,2010-11-10,FEGERL Stefan,ZATOWKA Patryk,4,0,"11,13,11,15|4,11,2,13",,GRAND_SLAM,MS,63,Qualification,FEGERL Stefan (AUT),ZATOWKA Patryk (POL)
Pro Tour Polish Open Warsaw 2010,2010-11-10,FEGERL Stefan,HUNG Tzu-Hsiang,4,1,"11,5,11,11,11|9,11,4,3,4",,GRAND_SLAM,MS,63,Qualification,FEGERL Stefan (AUT),HUNG Tzu-Hsiang (TPE)
Pro Tour Polish Open Warsaw 2010,2010-11-10,YIN Hang,TOMICKI Jaroslaw,4,2,"9,6,12,11,11,11|11,11,10,4,6,6",,GRAND_SLAM,MS,63,Qualification,YIN Hang (CHN),TOMICKI Jaroslaw (POL)
Pro Tour Polish Open Warsaw 2010,2010-11-10,TOMICKI Jaroslaw,DURAN Marc,4,2,"11,11,11,7,6,13|7,8,8,11,11,11",,GRAND_SLAM,MS,63,Qualification,TOMICKI Jaroslaw (POL),DURAN Marc (ESP)
Pro Tour Polish Open Warsaw 2010,2010-11-10,YIN Hang,DURAN Marc,4,3,"4,7,11,15,11,6,11|11,11,9,13,2,11,9",,GRAND_SLAM,MS,63,Qualification,YIN Hang (CHN),DURAN Marc (ESP)
Pro Tour Polish Open Warsaw 2010,2010-11-10,NORDBERG Hampus,MADRID Marcos,4,1,"12,16,6,11,11|10,14,11,9,8",,GRAND_SLAM,MS,63,Qualification,NORDBERG Hampus (SWE),MADRID Marcos (MEX)
Pro Tour Polish Open Warsaw 2010,2010-11-10,NORDBERG Hampus,GAVLAS Antonin,4,3,"5,13,7,11,11,9,11|11,11,11,7,7,11,9",,GRAND_SLAM,MS,63,Qualification,NORDBERG Hampus (SWE),GAVLAS Antonin (CZE)
Pro Tour Polish Open Warsaw 2010,2010-11-10,MADRID Marcos,GAVLAS Antonin,4,3,"11,11,11,4,3,8,11|4,3,8,11,11,11,8",,GRAND_SLAM,MS,63,Qualification,MADRID Marcos (MEX),GAVLAS Antonin (CZE)
Pro Tour Polish Open Warsaw 2010,2010-11-10,GADIEV Vildan,JENDRZEJEWSKI Patryk,3,1,"11,11,11,11|8,13,5,8",,GRAND_SLAM,U21MS,63,Qualification,GADIEV Vildan (RUS),JENDRZEJEWSKI Patryk (POL)
Pro Tour Polish Open Warsaw 2010,2010-11-10,JENDRZEJEWSKI Patryk,HUNG Tzu-Hsiang,3,1,"11,11,8,11|6,8,11,8",,GRAND_SLAM,U21MS,63,Qualification,JENDRZEJEWSKI Patryk (POL),HUNG Tzu-Hsiang (TPE)
Pro Tour Polish Open Warsaw 2010,2010-11-10,HUNG Tzu-Hsiang,GADIEV Vildan,3,1,"11,8,11,11|6,11,8,6",,GRAND_SLAM,U21MS,63,Qualification,HUNG Tzu-Hsiang (TPE),GADIEV Vildan (RUS)
Pro Tour Polish Open Warsaw 2010,2010-11-10,WISNIEWSKI Tomasz,DEVOS Robin,3,0,"11,12,11|7,10,3",,GRAND_SLAM,U21MS,63,Qualification,WISNIEWSKI Tomasz (POL),DEVOS Robin (BEL)
Pro Tour Polish Open Warsaw 2010,2010-11-10,OBESLO Michal,WISNIEWSKI Tomasz,3,1,"12,11,7,12|10,9,11,10",,GRAND_SLAM,U21MS,63,Qualification,OBESLO Michal (CZE),WISNIEWSKI Tomasz (POL)
Pro Tour Polish Open Warsaw 2010,2010-11-10,DEVOS Robin,OBESLO Michal,3,1,"11,11,6,11|9,9,11,9",,GRAND_SLAM,U21MS,63,Qualification,DEVOS Robin (BEL),OBESLO Michal (CZE)
Pro Tour Polish Open Warsaw 2010,2010-11-10,DORAN Christopher,OBESLO Marek,3,0,"11,11,16|6,8,14",,GRAND_SLAM,U21MS,63,Qualification,DORAN Christopher (ENG),OBESLO Marek (CZE)
Pro Tour Polish Open Warsaw 2010,2010-11-10,OBESLO Marek,ZIBRAT Jan,3,1,"8,11,11,11|11,7,7,4",,GRAND_SLAM,U21MS,63,Qualification,OBESLO Marek (CZE),ZIBRAT Jan (SLO)
Pro Tour Polish Open Warsaw 2010,2010-11-10,DORAN Christopher,ZIBRAT Jan,3,2,"11,6,8,11,11|8,11,11,4,6",,GRAND_SLAM,U21MS,63,Qualification,DORAN Christopher (ENG),ZIBRAT Jan (SLO)
Pro Tour Polish Open Warsaw 2010,2010-11-10,KUIMOV Philipp,MORICZ Mate,3,2,"11,9,11,10,11|5,11,6,12,5",,GRAND_SLAM,U21MS,63,Qualification,KUIMOV Philipp (RUS),MORICZ Mate (HUN)
Pro Tour Polish Open Warsaw 2010,2010-11-10,MORICZ Mate,REED Daniel,3,1,"8,11,12,11|11,7,10,7",,GRAND_SLAM,U21MS,63,Qualification,MORICZ Mate (HUN),REED Daniel (ENG)
Pro Tour Polish Open Warsaw 2010,2010-11-10,REED Daniel,KUIMOV Philipp,3,0,"12,11,11|10,3,8",,GRAND_SLAM,U21MS,63,Qualification,REED Daniel (ENG),KUIMOV Philipp (RUS)
Pro Tour Polish Open Warsaw 2010,2010-11-10,PLATTNER Dominique,SCHAFFER Daniel,3,1,"3,11,11,11|11,9,9,7",,GRAND_SLAM,U21MS,63,Qualification,PLATTNER Dominique (AUT),SCHAFFER Daniel (HUN)
Pro Tour Polish Open Warsaw 2010,2010-11-10,PLATTNER Dominique,CHOJNOWSKI Patryk,3,1,"11,11,9,11|7,7,11,9",,GRAND_SLAM,U21MS,63,Qualification,PLATTNER Dominique (AUT),CHOJNOWSKI Patryk (POL)
Pro Tour Polish Open Warsaw 2010,2010-11-10,SCHAFFER Daniel,CHOJNOWSKI Patryk,3,0,,,GRAND_SLAM,U21MS,63,Qualification,SCHAFFER Daniel (HUN),CHOJNOWSKI Patryk (POL)
Pro Tour Polish Open Warsaw 2010,2010-11-10,FEKETE Soma,TRAN Anthony,3,0,"11,11,11|7,6,8",,GRAND_SLAM,U21MS,63,Qualification,FEKETE Soma (HUN),TRAN Anthony (SWE)
Pro Tour Polish Open Warsaw 2010,2010-11-10,GAUZY Simon,FEKETE Soma,3,0,"11,11,11|7,7,5",,GRAND_SLAM,U21MS,63,Qualification,GAUZY Simon (FRA),FEKETE Soma (HUN)
Pro Tour Polish Open Warsaw 2010,2010-11-10,GAUZY Simon,TRAN Anthony,3,0,"11,12,11|9,10,6",,GRAND_SLAM,U21MS,63,Qualification,GAUZY Simon (FRA),TRAN Anthony (SWE)
Pro Tour Polish Open Warsaw 2010,2010-11-10,FRAGKOULIS Georgios,SANTOS Emil,3,2,"6,8,11,11,11|11,11,9,4,4",,GRAND_SLAM,U21MS,63,Qualification,FRAGKOULIS Georgios (GRE),SANTOS Emil (DOM)
Pro Tour Polish Open Warsaw 2010,2010-11-10,SONG Hongyuan,FRAGKOULIS Georgios,3,0,"12,11,12|10,8,10",,GRAND_SLAM,U21MS,63,Qualification,SONG Hongyuan (CHN),FRAGKOULIS Georgios (GRE)
Pro Tour Polish Open Warsaw 2010,2010-11-10,SONG Hongyuan,SANTOS Emil,3,0,,,GRAND_SLAM,U21MS,63,Qualification,SONG Hongyuan (CHN),SANTOS Emil (DOM)
Pro Tour Polish Open Warsaw 2010,2010-11-10,LAI Yi-Yao,KULPA Konrad,3,1,"11,6,11,11|9,11,7,6",,GRAND_SLAM,U21MS,63,Qualification,LAI Yi-Yao (TPE),KULPA Konrad (POL)
Pro Tour Polish Open Warsaw 2010,2010-11-10,KULPA Konrad,NAGY Krisztian,3,2,"11,6,11,6,11|5,11,7,11,9",,GRAND_SLAM,U21MS,63,Qualification,KULPA Konrad (POL),NAGY Krisztian (HUN)
Pro Tour Polish Open Warsaw 2010,2010-11-10,NAGY Krisztian,LAI Yi-Yao,3,0,"11,11,11|8,7,7",,GRAND_SLAM,U21MS,63,Qualification,NAGY Krisztian (HUN),LAI Yi-Yao (TPE)
Pro Tour Polish Open Warsaw 2010,2010-11-10,DABROWSKI Michal,MERZLIKIN Taras,3,2,"7,11,7,11,11|11,6,11,3,9",,GRAND_SLAM,U21MS,63,Qualification,DABROWSKI Michal (POL),MERZLIKIN Taras (RUS)
Pro Tour Polish Open Warsaw 2010,2010-11-10,KNIGHT Darius,DABROWSKI Michal,3,0,"11,11,11|3,5,8",,GRAND_SLAM,U21MS,63,Qualification,KNIGHT Darius (ENG),DABROWSKI Michal (POL)
Pro Tour Polish Open Warsaw 2010,2010-11-10,KNIGHT Darius,MERZLIKIN Taras,3,1,"11,7,11,11|9,11,8,7",,GRAND_SLAM,U21MS,63,Qualification,KNIGHT Darius (ENG),MERZLIKIN Taras (RUS)
Pro Tour Polish Open Warsaw 2010,2010-11-10,TROKA Mateusz,CREPULJA Bojan,3,1,"11,5,11,11|9,11,4,2",,GRAND_SLAM,U21MS,63,Qualification,TROKA Mateusz (POL),CREPULJA Bojan (SRB)
Pro Tour Polish Open Warsaw 2010,2010-11-10,JEAN Lauric,TROKA Mateusz,3,0,"15,14,13|13,12,11",,GRAND_SLAM,U21MS,63,Qualification,JEAN Lauric (BEL),TROKA Mateusz (POL)
Pro Tour Polish Open Warsaw 2010,2010-11-10,JEAN Lauric,CREPULJA Bojan,3,1,"11,11,11,11|3,13,6,8",,GRAND_SLAM,U21MS,63,Qualification,JEAN Lauric (BEL),CREPULJA Bojan (SRB)
Pro Tour Polish Open Warsaw 2010,2010-11-10,BIALEK Artur,CONTRERAS Matias,3,0,"11,12,11|9,10,7",,GRAND_SLAM,U21MS,63,Qualification,BIALEK Artur (POL),CONTRERAS Matias (CHI)
Pro Tour Polish Open Warsaw 2010,2010-11-10,SUBOTIC Dragan,CONTRERAS Matias,3,0,"11,11,11|8,7,8",,GRAND_SLAM,U21MS,63,Qualification,SUBOTIC Dragan (SRB),CONTRERAS Matias (CHI)
Pro Tour Polish Open Warsaw 2010,2010-11-10,SUBOTIC Dragan,BIALEK Artur,3,2,"7,13,11,11,12|11,11,3,13,10",,GRAND_SLAM,U21MS,63,Qualification,SUBOTIC Dragan (SRB),BIALEK Artur (POL)
Pro Tour Polish Open Warsaw 2010,2010-11-10,LUPULESKU Lorencio,BIERNY Ludovic,3,0,"11,11,15|7,9,13",,GRAND_SLAM,U21MS,63,Qualification,LUPULESKU Lorencio (SRB),BIERNY Ludovic (BEL)
Pro Tour Polish Open Warsaw 2010,2010-11-10,LUPULESKU Lorencio,FLORAS Robert,3,2,"11,8,11,6,11|3,11,6,11,4",,GRAND_SLAM,U21MS,63,Qualification,LUPULESKU Lorencio (SRB),FLORAS Robert (POL)
Pro Tour Polish Open Warsaw 2010,2010-11-10,FLORAS Robert,BIERNY Ludovic,3,2,"11,4,7,11,11|8,11,11,4,4",,GRAND_SLAM,U21MS,63,Qualification,FLORAS Robert (POL),BIERNY Ludovic (BEL)
Pro Tour Polish Open Warsaw 2010,2010-11-10,KORYCKI Michal,STORF Martin,3,2,"10,11,11,8,11|12,9,5,11,5",,GRAND_SLAM,U21MS,63,Qualification,KORYCKI Michal (POL),STORF Martin (AUT)
Pro Tour Polish Open Warsaw 2010,2010-11-10,FUJIMOTO Kaito,KORYCKI Michal,3,0,"11,11,11|5,8,7",,GRAND_SLAM,U21MS,63,Qualification,FUJIMOTO Kaito (JPN),KORYCKI Michal (POL)
Pro Tour Polish Open Warsaw 2010,2010-11-10,FUJIMOTO Kaito,STORF Martin,3,1,"11,11,2,11|8,8,11,9",,GRAND_SLAM,U21MS,63,Qualification,FUJIMOTO Kaito (JPN),STORF Martin (AUT)
Pro Tour Polish Open Warsaw 2010,2010-11-10,BEN ARI Omri,WAGNER Florian,3,0,"11,11,11|6,2,8",,GRAND_SLAM,U21MS,63,Qualification,BEN ARI Omri (ISR),WAGNER Florian (GER)
Pro Tour Polish Open Warsaw 2010,2010-11-10,KARLSSON Mattias,WAGNER Florian,3,0,"11,11,12|6,6,10",,GRAND_SLAM,U21MS,63,Qualification,KARLSSON Mattias (SWE),WAGNER Florian (GER)
Pro Tour Polish Open Warsaw 2010,2010-11-10,KARLSSON Mattias,BEN ARI Omri,3,2,"11,5,8,11,11|9,11,11,9,4",,GRAND_SLAM,U21MS,63,Qualification,KARLSSON Mattias (SWE),BEN ARI Omri (ISR)
Pro Tour Polish Open Warsaw 2010,2010-11-10,PYSAR Dmytro,DYJAS Jakub,3,0,,,GRAND_SLAM,U21MS,63,Qualification,PYSAR Dmytro (UKR),DYJAS Jakub (POL)
Pro Tour Polish Open Warsaw 2010,2010-11-10,RONNEBERG Espen,DYJAS Jakub,3,0,,,GRAND_SLAM,U21MS,63,Qualification,RONNEBERG Espen (NOR),DYJAS Jakub (POL)
Pro Tour Polish Open Warsaw 2010,2010-11-10,PYSAR Dmytro,RONNEBERG Espen,3,2,"8,15,11,4,12|11,13,3,11,10",,GRAND_SLAM,U21MS,63,Qualification,PYSAR Dmytro (UKR),RONNEBERG Espen (NOR)
Pro Tour Polish Open Warsaw 2010,2010-11-10,HOLTER Arne,REENBERG Asbjorn,3,2,"4,11,11,6,11|11,7,7,11,5",,GRAND_SLAM,U21MS,63,Qualification,HOLTER Arne (GER),REENBERG Asbjorn (DEN)
Pro Tour Polish Open Warsaw 2010,2010-11-10,YIANGOU Marios,REENBERG Asbjorn,3,0,"11,11,11|3,1,9",,GRAND_SLAM,U21MS,63,Qualification,YIANGOU Marios (CYP),REENBERG Asbjorn (DEN)
Pro Tour Polish Open Warsaw 2010,2010-11-10,HOLTER Arne,YIANGOU Marios,3,2,"5,11,4,11,11|11,6,11,4,3",,GRAND_SLAM,U21MS,63,Qualification,HOLTER Arne (GER),YIANGOU Marios (CYP)
Pro Tour Polish Open Warsaw 2010,2010-11-10,ARVIDSSON Simon,NADOLSKI Lukasz,3,0,"11,11,11|8,7,8",,GRAND_SLAM,U21MS,63,Qualification,ARVIDSSON Simon (SWE),NADOLSKI Lukasz (POL)
Pro Tour Polish Open Warsaw 2010,2010-11-10,FAN Shengpeng,NADOLSKI Lukasz,3,0,"11,11,11|2,5,6",,GRAND_SLAM,U21MS,63,Qualification,FAN Shengpeng (CHN),NADOLSKI Lukasz (POL)
Pro Tour Polish Open Warsaw 2010,2010-11-10,FAN Shengpeng,ARVIDSSON Simon,3,1,"12,12,12,11|14,10,10,4",,GRAND_SLAM,U21MS,63,Qualification,FAN Shengpeng (CHN),ARVIDSSON Simon (SWE)
Pro Tour Polish Open Warsaw 2010,2010-11-10,KOJIC Frane,URIBE Salvador,3,1,"11,11,9,11|7,4,11,5",,GRAND_SLAM,U21MS,63,Qualification,KOJIC Frane (CRO),URIBE Salvador (MEX)
Pro Tour Polish Open Warsaw 2010,2010-11-10,LORENTZ Romain,URIBE Salvador,3,0,"11,11,11|4,5,2",,GRAND_SLAM,U21MS,63,Qualification,LORENTZ Romain (FRA),URIBE Salvador (MEX)
Pro Tour Polish Open Warsaw 2010,2010-11-10,KOJIC Frane,LORENTZ Romain,3,1,"9,11,11,11|11,7,6,6",,GRAND_SLAM,U21MS,63,Qualification,KOJIC Frane (CRO),LORENTZ Romain (FRA)
Pro Tour Polish Open Warsaw 2010,2010-11-10,SONDELL Johan,BANKOSZ Michal,3,2,"8,11,9,11,11|11,7,11,7,3",,GRAND_SLAM,U21MS,63,Qualification,SONDELL Johan (SWE),BANKOSZ Michal (POL)
Pro Tour Polish Open Warsaw 2010,2010-11-10,FLORITZ Philipp,BANKOSZ Michal,3,1,"16,11,8,11|14,5,11,4",,GRAND_SLAM,U21MS,63,Qualification,FLORITZ Philipp (BUL),BANKOSZ Michal (POL)
Pro Tour Polish Open Warsaw 2010,2010-11-10,FLORITZ Philipp,SONDELL Johan,3,2,"11,13,11,8,11|8,15,4,11,7",,GRAND_SLAM,U21MS,63,Qualification,FLORITZ Philipp (BUL),SONDELL Johan (SWE)
Pro Tour Polish Open Warsaw 2010,2010-11-10,FERTIKOWSKI Pawel,SOPELEU Anton,3,0,"11,11,11|5,6,9",,GRAND_SLAM,U21MS,63,Qualification,FERTIKOWSKI Pawel (POL),SOPELEU Anton (BLR)
Pro Tour Polish Open Warsaw 2010,2010-11-10,GROTH Jonathan,SOPELEU Anton,3,0,"11,11,11|7,5,5",,GRAND_SLAM,U21MS,63,Qualification,GROTH Jonathan (DEN),SOPELEU Anton (BLR)
Pro Tour Polish Open Warsaw 2010,2010-11-10,GROTH Jonathan,FERTIKOWSKI Pawel,3,1,"11,7,11,11|5,11,7,9",,GRAND_SLAM,U21MS,63,Qualification,GROTH Jonathan (DEN),FERTIKOWSKI Pawel (POL)
Pro Tour Polish Open Warsaw 2010,2010-11-10,SZYMANSKI Filip,MOLLA Zaman,4,0,,,GRAND_SLAM,MS,63,Qualification,SZYMANSKI Filip (POL),MOLLA Zaman (IRI)
Pro Tour Polish Open Warsaw 2010,2010-11-10,VLOTINOS Ioannis,MOLLA Zaman,4,0,,,GRAND_SLAM,MS,63,Qualification,VLOTINOS Ioannis (GRE),MOLLA Zaman (IRI)
Pro Tour Polish Open Warsaw 2010,2010-11-10,SZYMANSKI Filip,VLOTINOS Ioannis,4,1,"11,12,13,12,11|9,10,11,14,9",,GRAND_SLAM,MS,63,Qualification,SZYMANSKI Filip (POL),VLOTINOS Ioannis (GRE)
Pro Tour Polish Open Warsaw 2010,2010-11-10,KONGSGAARD Christian,HAZZAA Walaaeldin,4,0,"11,11,11,11|3,8,3,7",,GRAND_SLAM,MS,63,Qualification,KONGSGAARD Christian (DEN),HAZZAA Walaaeldin (EGY)
Pro Tour Polish Open Warsaw 2010,2010-11-10,REDJEP Ronald,HAZZAA Walaaeldin,4,1,"14,11,12,9,11|12,7,10,11,9",,GRAND_SLAM,MS,63,Qualification,REDJEP Ronald (CRO),HAZZAA Walaaeldin (EGY)
Pro Tour Polish Open Warsaw 2010,2010-11-10,KONGSGAARD Christian,REDJEP Ronald,4,3,"10,11,8,11,16,11,11|12,9,11,13,14,8,7",,GRAND_SLAM,MS,63,Qualification,KONGSGAARD Christian (DEN),REDJEP Ronald (CRO)
Pro Tour Polish Open Warsaw 2010,2010-11-10,HOREJSI Miroslav,GLADYSHEV Mikhail,4,2,"6,11,9,11,11,11|11,5,11,8,7,9",,GRAND_SLAM,MS,63,Qualification,HOREJSI Miroslav (CZE),GLADYSHEV Mikhail (RUS)
Pro Tour Polish Open Warsaw 2010,2010-11-10,BAGGALEY Andrew,HOREJSI Miroslav,4,0,"11,11,11,11|7,9,6,6",,GRAND_SLAM,MS,63,Qualification,BAGGALEY Andrew (ENG),HOREJSI Miroslav (CZE)
Pro Tour Polish Open Warsaw 2010,2010-11-10,BAGGALEY Andrew,GLADYSHEV Mikhail,4,3,"12,7,11,13,10,6,11|10,11,5,11,12,11,9",,GRAND_SLAM,MS,63,Qualification,BAGGALEY Andrew (ENG),GLADYSHEV Mikhail (RUS)
Pro Tour Polish Open Warsaw 2010,2010-11-10,MIUCHI Kentaro,PAPAGEORGIOU Konstantinos,4,3,"7,8,12,13,7,11,11|11,11,10,11,11,4,5",,GRAND_SLAM,MS,63,Qualification,MIUCHI Kentaro (JPN),PAPAGEORGIOU Konstantinos (GRE)
Pro Tour Polish Open Warsaw 2010,2010-11-10,MIUCHI Kentaro,CHMIEL Pawel,4,0,"11,11,11,11|4,7,3,5",,GRAND_SLAM,MS,63,Qualification,MIUCHI Kentaro (JPN),CHMIEL Pawel (POL)
Pro Tour Polish Open Warsaw 2010,2010-11-10,PAPAGEORGIOU Konstantinos,CHMIEL Pawel,4,3,"8,11,9,12,2,11,11|11,5,11,10,11,7,6",,GRAND_SLAM,MS,63,Qualification,PAPAGEORGIOU Konstantinos (GRE),CHMIEL Pawel (POL)
Pro Tour Polish Open Warsaw 2010,2010-11-10,PAIKOV Mikhail,CHENG Jingqi,4,2,"11,9,13,3,11,11|7,11,11,11,9,8",,GRAND_SLAM,MS,63,Qualification,PAIKOV Mikhail (RUS),CHENG Jingqi (CHN)
Pro Tour Polish Open Warsaw 2010,2010-11-10,CHENG Jingqi,SIMONER Christoph,4,3,"8,6,11,11,6,11,11|11,11,9,9,11,8,1",,GRAND_SLAM,MS,63,Qualification,CHENG Jingqi (CHN),SIMONER Christoph (AUT)
Pro Tour Polish Open Warsaw 2010,2010-11-10,SIMONER Christoph,PAIKOV Mikhail,4,0,"11,13,11,11|6,11,2,4",,GRAND_SLAM,MS,63,Qualification,SIMONER Christoph (AUT),PAIKOV Mikhail (RUS)
Pro Tour Polish Open Warsaw 2010,2010-11-10,KATKOV Ivan,CIHAK Marek,4,1,"11,11,12,9,11|9,8,10,11,8",,GRAND_SLAM,MS,63,Qualification,KATKOV Ivan (UKR),CIHAK Marek (CZE)
Pro Tour Polish Open Warsaw 2010,2010-11-10,CIHAK Marek,NEKHVEDOVICH Vitaly,4,1,"7,11,12,11,11|11,7,10,1,8",,GRAND_SLAM,MS,63,Qualification,CIHAK Marek (CZE),NEKHVEDOVICH Vitaly (BLR)
Pro Tour Polish Open Warsaw 2010,2010-11-10,KATKOV Ivan,NEKHVEDOVICH Vitaly,4,1,"11,11,8,11,11|9,4,11,4,6",,GRAND_SLAM,MS,63,Qualification,KATKOV Ivan (UKR),NEKHVEDOVICH Vitaly (BLR)
Pro Tour Polish Open Warsaw 2010,2010-11-10,KACZMAREK Krzysztof,IONESCU Ovidiu,4,3,"11,8,18,11,9,8,12|2,11,16,9,11,11,10",,GRAND_SLAM,MS,63,Qualification,KACZMAREK Krzysztof (POL),IONESCU Ovidiu (ROU)
Pro Tour Polish Open Warsaw 2010,2010-11-10,KACZMAREK Krzysztof,FRANZISKA Patrick,4,2,"7,11,9,11,17,11|11,4,11,9,15,6",,GRAND_SLAM,MS,63,Qualification,KACZMAREK Krzysztof (POL),FRANZISKA Patrick (GER)
Pro Tour Polish Open Warsaw 2010,2010-11-10,FRANZISKA Patrick,IONESCU Ovidiu,4,3,"12,2,11,11,12,5,11|14,11,9,9,10,11,9",,GRAND_SLAM,MS,63,Qualification,FRANZISKA Patrick (GER),IONESCU Ovidiu (ROU)
Pro Tour Polish Open Warsaw 2010,2010-11-10,ASSAR Omar,HINDERSSON Mikkel,4,0,"11,11,11,11|4,8,7,9",,GRAND_SLAM,MS,63,Qualification,ASSAR Omar (EGY),HINDERSSON Mikkel (DEN)
Pro Tour Polish Open Warsaw 2010,2010-11-10,DANIEL Artur,HUSNIK Petr,4,3,"11,11,7,11,9,9,11|8,7,11,4,11,11,5",,GRAND_SLAM,MS,63,Qualification,DANIEL Artur (POL),HUSNIK Petr (CZE)
Pro Tour Polish Open Warsaw 2010,2010-11-10,ASSAR Omar,HUSNIK Petr,4,0,"11,12,15,11|5,10,13,6",,GRAND_SLAM,MS,63,Qualification,ASSAR Omar (EGY),HUSNIK Petr (CZE)
Pro Tour Polish Open Warsaw 2010,2010-11-10,HINDERSSON Mikkel,DANIEL Artur,4,1,"8,12,11,11,11|11,10,9,5,9",,GRAND_SLAM,MS,63,Qualification,HINDERSSON Mikkel (DEN),DANIEL Artur (POL)
Pro Tour Polish Open Warsaw 2010,2010-11-10,ASSAR Omar,DANIEL Artur,4,3,"8,11,11,8,11,9,11|11,4,3,11,9,11,3",,GRAND_SLAM,MS,63,Qualification,ASSAR Omar (EGY),DANIEL Artur (POL)
Pro Tour Polish Open Warsaw 2010,2010-11-10,HINDERSSON Mikkel,HUSNIK Petr,4,3,"9,9,8,11,11,11,11|11,11,11,8,9,8,6",,GRAND_SLAM,MS,63,Qualification,HINDERSSON Mikkel (DEN),HUSNIK Petr (CZE)
Pro Tour Polish Open Warsaw 2010,2010-11-10,KACZMAREK Krzysztof,HABESOHN Daniel,4,2,"9,11,11,3,11,11|11,8,6,11,7,7",QR64,GRAND_SLAM,MS,63,Qualification,KACZMAREK Krzysztof (POL),HABESOHN Daniel (AUT)
Pro Tour Polish Open Warsaw 2010,2010-11-10,TSUBOI Gustavo,KATKOV Ivan,4,3,"8,11,11,11,9,10,11|11,8,4,5,11,12,8",QR64,GRAND_SLAM,MS,63,Qualification,TSUBOI Gustavo (BRA),KATKOV Ivan (UKR)
Pro Tour Polish Open Warsaw 2010,2010-11-10,SIMONER Christoph,SALIFOU Abdel-Kader,4,3,"6,11,11,11,9,7,11|11,6,6,5,11,11,4",QR64,GRAND_SLAM,MS,63,Qualification,SIMONER Christoph (AUT),SALIFOU Abdel-Kader (BEN)
Pro Tour Polish Open Warsaw 2010,2010-11-10,KOSOWSKI Jakub,MIUCHI Kentaro,4,3,"5,4,11,11,12,7,11|11,11,9,9,10,11,9",QR64,GRAND_SLAM,MS,63,Qualification,KOSOWSKI Jakub (POL),MIUCHI Kentaro (JPN)
Pro Tour Polish Open Warsaw 2010,2010-11-10,BAGGALEY Andrew,SUCH Bartosz,4,3,"16,8,13,11,5,8,11|14,11,11,9,11,11,9",QR64,GRAND_SLAM,MS,63,Qualification,BAGGALEY Andrew (ENG),SUCH Bartosz (POL)
Pro Tour Polish Open Warsaw 2010,2010-11-10,LEBESSON Emmanuel,KONGSGAARD Christian,4,1,"11,11,11,9,15|6,4,8,11,13",QR64,GRAND_SLAM,MS,63,Qualification,LEBESSON Emmanuel (FRA),KONGSGAARD Christian (DEN)
Pro Tour Polish Open Warsaw 2010,2010-11-10,FILUS Ruwen,SZYMANSKI Filip,4,0,"11,12,11,11|5,10,8,5",QR64,GRAND_SLAM,MS,63,Qualification,FILUS Ruwen (GER),SZYMANSKI Filip (POL)
Pro Tour Polish Open Warsaw 2010,2010-11-10,DRINKHALL Paul,NORDBERG Hampus,4,2,"11,8,11,11,14,11|9,11,3,5,16,6",QR64,GRAND_SLAM,MS,63,Qualification,DRINKHALL Paul (ENG),NORDBERG Hampus (SWE)
Pro Tour Polish Open Warsaw 2010,2010-11-10,LI Ahmet,YIN Hang,4,0,"12,11,11,11|10,5,8,5",QR64,GRAND_SLAM,MS,63,Qualification,LI Ahmet (TUR),YIN Hang (CHN)
Pro Tour Polish Open Warsaw 2010,2010-11-10,FEGERL Stefan,MENDES Enio,3,0,"11,11,11|6,8,9",QR64,GRAND_SLAM,MS,63,Qualification,FEGERL Stefan (AUT),MENDES Enio (POR)
Pro Tour Polish Open Warsaw 2010,2010-11-10,VLASOV Grigory,JANCARIK Lubomir,4,2,"10,11,11,5,11,11|12,4,8,11,8,5",QR64,GRAND_SLAM,MS,63,Qualification,VLASOV Grigory (RUS),JANCARIK Lubomir (CZE)
Pro Tour Polish Open Warsaw 2010,2010-11-10,UEDA Jin,SHIBAEV Alexander,4,0,"11,13,11,11|4,11,7,9",QR64,GRAND_SLAM,MS,63,Qualification,UEDA Jin (JPN),SHIBAEV Alexander (RUS)
Pro Tour Polish Open Warsaw 2010,2010-11-10,BURGIS Matiss,BUROV Viacheslav,4,3,"7,11,12,4,11,10,11|11,2,10,11,5,12,9",QR64,GRAND_SLAM,MS,63,Qualification,BURGIS Matiss (LAT),BUROV Viacheslav (RUS)
Pro Tour Polish Open Warsaw 2010,2010-11-10,KOLAREK Tomislav,VANG Bora,4,0,"11,11,11,11|7,9,7,3",QR64,GRAND_SLAM,MS,63,Qualification,KOLAREK Tomislav (CRO),VANG Bora (TUR)
Pro Tour Polish Open Warsaw 2010,2010-11-10,TREGLER Tomas,DIDUKH Oleksandr,4,1,"11,14,4,11,11|5,12,11,4,3",QR64,GRAND_SLAM,MS,63,Qualification,TREGLER Tomas (CZE),DIDUKH Oleksandr (UKR)
Pro Tour Polish Open Warsaw 2010,2010-11-10,REED Daniel,JOVER Sebastien,4,3,"9,8,11,15,13,7,14|11,11,5,13,11,11,12",QR64,GRAND_SLAM,MS,63,Qualification,REED Daniel (ENG),JOVER Sebastien (FRA)
Pro Tour Polish Open Warsaw 2010,2010-11-10,KASAHARA Hiromitsu,OLEJNIK Martin,4,0,"11,11,11,12|6,7,9,10",QR64,GRAND_SLAM,MS,63,Qualification,KASAHARA Hiromitsu (JPN),OLEJNIK Martin (CZE)
Pro Tour Polish Open Warsaw 2010,2010-11-10,KONECNY Tomas,GAUZY Simon,4,2,"8,17,11,11,11,11|11,19,8,6,6,5",QR64,GRAND_SLAM,MS,63,Qualification,KONECNY Tomas (CZE),GAUZY Simon (FRA)
Pro Tour Polish Open Warsaw 2010,2010-11-10,SONG Hongyuan,VRABLIK Jiri,4,3,"11,12,11,3,12,6,11|7,14,9,11,10,11,7",QR64,GRAND_SLAM,MS,63,Qualification,SONG Hongyuan (CHN),VRABLIK Jiri (CZE)
Pro Tour Polish Open Warsaw 2010,2010-11-10,KOU Lei,TOSIC Roko,4,2,"6,11,11,11,10,11|11,7,9,7,12,6",QR64,GRAND_SLAM,MS,63,Qualification,KOU Lei (UKR),TOSIC Roko (CRO)
Pro Tour Polish Open Warsaw 2010,2010-11-10,NAGY Krisztian,MIUCHI Kentaro,3,1,"13,8,11,11|11,11,6,7",QR32,GRAND_SLAM,U21MS,63,Qualification,NAGY Krisztian (HUN),MIUCHI Kentaro (JPN)
Pro Tour Polish Open Warsaw 2010,2010-11-10,OLIVARES Felipe,KNIGHT Darius,3,2,"9,11,6,11,11|11,1,11,9,7",QR32,GRAND_SLAM,U21MS,63,Qualification,OLIVARES Felipe (CHI),KNIGHT Darius (ENG)
Pro Tour Polish Open Warsaw 2010,2010-11-10,JEAN Lauric,CHODORSKI Piotr,3,1,"11,2,11,11|8,11,6,9",QR32,GRAND_SLAM,U21MS,63,Qualification,JEAN Lauric (BEL),CHODORSKI Piotr (POL)
Pro Tour Polish Open Warsaw 2010,2010-11-10,ANDERSSON Harald,SUBOTIC Dragan,3,2,"8,11,4,11,11|11,9,11,8,6",QR32,GRAND_SLAM,U21MS,63,Qualification,ANDERSSON Harald (SWE),SUBOTIC Dragan (SRB)
Pro Tour Polish Open Warsaw 2010,2010-11-10,KOVAC Borna,LUPULESKU Lorencio,3,1,"7,11,11,11|11,7,4,6",QR32,GRAND_SLAM,U21MS,63,Qualification,KOVAC Borna (CRO),LUPULESKU Lorencio (SRB)
Pro Tour Polish Open Warsaw 2010,2010-11-10,GROTH Jonathan,FUJIMOTO Kaito,3,2,"9,9,11,11,11|11,11,9,7,1",QR32,GRAND_SLAM,U21MS,63,Qualification,GROTH Jonathan (DEN),FUJIMOTO Kaito (JPN)
Pro Tour Polish Open Warsaw 2010,2010-11-10,KARLSSON Mattias,FLORITZ Philipp,3,2,"7,11,11,10,11|11,7,7,12,6",QR32,GRAND_SLAM,U21MS,63,Qualification,KARLSSON Mattias (SWE),FLORITZ Philipp (BUL)
Pro Tour Polish Open Warsaw 2010,2010-11-10,KOJIC Frane,PYSAR Dmytro,3,1,"9,11,11,11|11,7,9,4",QR32,GRAND_SLAM,U21MS,63,Qualification,KOJIC Frane (CRO),PYSAR Dmytro (UKR)
Pro Tour Polish Open Warsaw 2010,2010-11-10,HOLTER Arne,FAN Shengpeng,3,1,"11,11,10,12|8,8,12,10",QR32,GRAND_SLAM,U21MS,63,Qualification,HOLTER Arne (GER),FAN Shengpeng (CHN)
Pro Tour Polish Open Warsaw 2010,2010-11-10,KOVAC Borna,KULPEKSHA Siarhei,3,0,"11,11,11|6,7,4",,GRAND_SLAM,U21MS,63,Qualification,KOVAC Borna (CRO),KULPEKSHA Siarhei (BLR)
Pro Tour Polish Open Warsaw 2010,2010-11-10,LE BRETON Thomas,KULPEKSHA Siarhei,3,0,"11,11,11|8,7,7",,GRAND_SLAM,U21MS,63,Qualification,LE BRETON Thomas (FRA),KULPEKSHA Siarhei (BLR)
Pro Tour Polish Open Warsaw 2010,2010-11-10,KOVAC Borna,LE BRETON Thomas,3,0,"12,11,11|10,6,1",,GRAND_SLAM,U21MS,63,Qualification,KOVAC Borna (CRO),LE BRETON Thomas (FRA)
Pro Tour Polish Open Warsaw 2010,2010-11-10,ANDERSSON Harald,ZATOWKA Patryk,3,0,"12,11,11|10,8,6",,GRAND_SLAM,U21MS,63,Qualification,ANDERSSON Harald (SWE),ZATOWKA Patryk (POL)
Pro Tour Polish Open Warsaw 2010,2010-11-10,SILVA Andre,ZATOWKA Patryk,3,0,"11,11,11|5,3,8",,GRAND_SLAM,U21MS,63,Qualification,SILVA Andre (POR),ZATOWKA Patryk (POL)
Pro Tour Polish Open Warsaw 2010,2010-11-10,ANDERSSON Harald,SILVA Andre,3,2,"11,10,14,9,11|6,12,12,11,4",,GRAND_SLAM,U21MS,63,Qualification,ANDERSSON Harald (SWE),SILVA Andre (POR)
Pro Tour Polish Open Warsaw 2010,2010-11-10,KARLSSON Kristian,HINDERSSON Mikkel,3,1,"11,12,9,11|6,10,11,5",,GRAND_SLAM,U21MS,63,Qualification,KARLSSON Kristian (SWE),HINDERSSON Mikkel (DEN)
Pro Tour Polish Open Warsaw 2010,2010-11-10,CHODORSKI Piotr,HINDERSSON Mikkel,3,0,"11,11,11|7,6,7",,GRAND_SLAM,U21MS,63,Qualification,CHODORSKI Piotr (POL),HINDERSSON Mikkel (DEN)
Pro Tour Polish Open Warsaw 2010,2010-11-10,CHODORSKI Piotr,KARLSSON Kristian,3,0,"11,11,11|5,7,7",,GRAND_SLAM,U21MS,63,Qualification,CHODORSKI Piotr (POL),KARLSSON Kristian (SWE)
Pro Tour Polish Open Warsaw 2010,2010-11-10,PLACEK Frantisek,NOWALINSKI Maciej,3,0,"11,12,11|4,10,9",,GRAND_SLAM,U21MS,63,Qualification,PLACEK Frantisek (CZE),NOWALINSKI Maciej (POL)
Pro Tour Polish Open Warsaw 2010,2010-11-10,OLIVARES Felipe,NOWALINSKI Maciej,3,0,"11,12,11|8,10,7",,GRAND_SLAM,U21MS,63,Qualification,OLIVARES Felipe (CHI),NOWALINSKI Maciej (POL)
Pro Tour Polish Open Warsaw 2010,2010-11-10,OLIVARES Felipe,PLACEK Frantisek,3,1,"14,13,8,11|12,11,11,4",,GRAND_SLAM,U21MS,63,Qualification,OLIVARES Felipe (CHI),PLACEK Frantisek (CZE)
Pro Tour Polish Open Warsaw 2010,2010-11-10,CHENG Jingqi,RASMUSSEN Morten,3,2,"10,11,9,11,17|12,9,11,5,15",,GRAND_SLAM,U21MS,63,Qualification,CHENG Jingqi (CHN),RASMUSSEN Morten (DEN)
Pro Tour Polish Open Warsaw 2010,2010-11-10,MIUCHI Kentaro,GOLEBIOWSKI Mateusz,3,0,"11,11,11|9,7,8",,GRAND_SLAM,U21MS,63,Qualification,MIUCHI Kentaro (JPN),GOLEBIOWSKI Mateusz (POL)
Pro Tour Polish Open Warsaw 2010,2010-11-10,MIUCHI Kentaro,RASMUSSEN Morten,3,1,"11,12,11,11|3,14,7,7",,GRAND_SLAM,U21MS,63,Qualification,MIUCHI Kentaro (JPN),RASMUSSEN Morten (DEN)
Pro Tour Polish Open Warsaw 2010,2010-11-10,CHENG Jingqi,GOLEBIOWSKI Mateusz,3,2,"7,6,11,11,11|11,11,2,5,9",,GRAND_SLAM,U21MS,63,Qualification,CHENG Jingqi (CHN),GOLEBIOWSKI Mateusz (POL)
Pro Tour Polish Open Warsaw 2010,2010-11-10,RASMUSSEN Morten,GOLEBIOWSKI Mateusz,3,2,"4,11,8,11,12|11,9,11,6,10",,GRAND_SLAM,U21MS,63,Qualification,RASMUSSEN Morten (DEN),GOLEBIOWSKI Mateusz (POL)
Pro Tour Polish Open Warsaw 2010,2010-11-10,MIUCHI Kentaro,CHENG Jingqi,3,2,"9,11,10,11,11|11,9,12,5,8",,GRAND_SLAM,U21MS,63,Qualification,MIUCHI Kentaro (JPN),CHENG Jingqi (CHN)
Pro Tour Polish Open Warsaw 2010,2010-11-10,ISHIGAKI Yuka,NOWACKA Paulina,4,0,"11,11,11,11|3,4,3,8",R32,GRAND_SLAM,U21WS,63,Main Draw,ISHIGAKI Yuka (JPN),NOWACKA Paulina (POL)
Pro Tour Polish Open Warsaw 2010,2010-11-10,KUSINSKA Klaudia,HOU Yu-Ling,4,2,"8,9,11,11,11,11|11,11,5,3,5,7",R32,GRAND_SLAM,U21WS,63,Main Draw,KUSINSKA Klaudia (POL),HOU Yu-Ling (TPE)
Pro Tour Polish Open Warsaw 2010,2010-11-10,DUBKOVA Elena,DESSAINT Aurore,4,2,"11,13,10,3,11,11|8,11,12,11,6,9",R32,GRAND_SLAM,U21WS,63,Main Draw,DUBKOVA Elena (BLR),DESSAINT Aurore (FRA)
Pro Tour Polish Open Warsaw 2010,2010-11-10,CHENG Hsien-Tzu,SOLJA Petrissa,4,0,"11,11,11,11|9,5,5,9",R32,GRAND_SLAM,U21WS,63,Main Draw,CHENG Hsien-Tzu (TPE),SOLJA Petrissa (GER)
Pro Tour Polish Open Warsaw 2010,2010-11-10,HE Sirin,LIN Chia-Yu,4,2,"11,11,6,4,11,11|3,7,11,11,3,6",R32,GRAND_SLAM,U21WS,63,Main Draw,HE Sirin (TUR),LIN Chia-Yu (TPE)
Pro Tour Polish Open Warsaw 2010,2010-11-10,MATSUZAWA Marina,CHEN Szu-Yu,4,2,"11,12,7,11,9,11|5,10,11,9,11,8",R32,GRAND_SLAM,U21WS,63,Main Draw,MATSUZAWA Marina (JPN),CHEN Szu-Yu (TPE)
Pro Tour Polish Open Warsaw 2010,2010-11-10,MADARASZ Dora,KRZEWICKA Maja,4,1,"11,9,11,11,11|1,11,8,5,4",R32,GRAND_SLAM,U21WS,63,Main Draw,MADARASZ Dora (HUN),KRZEWICKA Maja (POL)
Pro Tour Polish Open Warsaw 2010,2010-11-10,EERLAND Britt,SAMARA Elizabeta,4,1,"12,11,8,11,11|10,7,11,8,2",R32,GRAND_SLAM,U21WS,63,Main Draw,EERLAND Britt (NED),SAMARA Elizabeta (ROU)
Pro Tour Polish Open Warsaw 2010,2010-11-10,KANG Misoon,MIKULCOVA Kristyna,4,0,"11,11,13,11|6,4,11,7",R32,GRAND_SLAM,U21WS,63,Main Draw,KANG Misoon (KOR),MIKULCOVA Kristyna (CZE)
Pro Tour Polish Open Warsaw 2010,2010-11-10,GRZYBOWSKA-FRANC Katarzyna,KRIEGHOFF Anna,4,2,"13,11,6,7,11,11|11,7,11,11,1,3",R32,GRAND_SLAM,U21WS,63,Main Draw,GRZYBOWSKA-FRANC Katarzyna (POL),KRIEGHOFF Anna (GER)
Pro Tour Polish Open Warsaw 2010,2010-11-10,SZCZERKOWSKA Magdalena,PAPADAKI Angeliki,4,0,"11,11,11,11|5,4,8,6",R32,GRAND_SLAM,U21WS,63,Main Draw,SZCZERKOWSKA Magdalena (POL),PAPADAKI Angeliki (GRE)
Pro Tour Polish Open Warsaw 2010,2010-11-10,PESOTSKA Margaryta,KNEZEVIC Monika,4,0,"11,11,11,11|9,7,7,7",R32,GRAND_SLAM,U21WS,63,Main Draw,PESOTSKA Margaryta (UKR),KNEZEVIC Monika (SRB)
Pro Tour Polish Open Warsaw 2010,2010-11-10,PARTYKA Natalia,DOBREVA Polina,4,1,"10,11,12,11,13|12,8,10,8,11",R32,GRAND_SLAM,U21WS,63,Main Draw,PARTYKA Natalia (POL),DOBREVA Polina (BUL)
Pro Tour Polish Open Warsaw 2010,2010-11-10,SONG Maeum,SCHUH Anja,4,1,"11,9,11,11,11|2,11,2,8,3",R32,GRAND_SLAM,U21WS,63,Main Draw,SONG Maeum (KOR),SCHUH Anja (GER)
Pro Tour Polish Open Warsaw 2010,2010-11-10,KUZMINA Elena,NAKAJIMA Misaki,4,0,"11,11,11,11|2,6,3,7",R32,GRAND_SLAM,U21WS,63,Main Draw,KUZMINA Elena (RUS),NAKAJIMA Misaki (JPN)
Pro Tour Polish Open Warsaw 2010,2010-11-10,HU Melek,MUHLBACH Kathrin,4,2,"8,11,11,11,3,11|11,8,5,6,11,7",R32,GRAND_SLAM,U21WS,63,Main Draw,HU Melek (TUR),MUHLBACH Kathrin (GER)
Pro Tour Polish Open Warsaw 2010,2010-11-10,ISHIGAKI Yuka,KUSINSKA Klaudia,4,0,"11,11,11,11|3,8,4,6",R16,GRAND_SLAM,U21WS,63,Main Draw,ISHIGAKI Yuka (JPN),KUSINSKA Klaudia (POL)
Pro Tour Polish Open Warsaw 2010,2010-11-10,DUBKOVA Elena,CHENG Hsien-Tzu,4,1,"12,8,11,16,11|10,11,7,14,9",R16,GRAND_SLAM,U21WS,63,Main Draw,DUBKOVA Elena (BLR),CHENG Hsien-Tzu (TPE)
Pro Tour Polish Open Warsaw 2010,2010-11-10,MATSUZAWA Marina,HE Sirin,4,3,"6,10,4,11,11,11,11|11,12,11,6,4,7,3",R16,GRAND_SLAM,U21WS,63,Main Draw,MATSUZAWA Marina (JPN),HE Sirin (TUR)
Pro Tour Polish Open Warsaw 2010,2010-11-10,MADARASZ Dora,EERLAND Britt,4,0,"11,11,11,11|2,9,6,6",R16,GRAND_SLAM,U21WS,63,Main Draw,MADARASZ Dora (HUN),EERLAND Britt (NED)
Pro Tour Polish Open Warsaw 2010,2010-11-10,KANG Misoon,GRZYBOWSKA-FRANC Katarzyna,4,0,"11,11,12,11|6,9,10,9",R16,GRAND_SLAM,U21WS,63,Main Draw,KANG Misoon (KOR),GRZYBOWSKA-FRANC Katarzyna (POL)
Pro Tour Polish Open Warsaw 2010,2010-11-10,PESOTSKA Margaryta,SZCZERKOWSKA Magdalena,4,2,"11,7,11,11,10,11|9,11,9,3,12,8",R16,GRAND_SLAM,U21WS,63,Main Draw,PESOTSKA Margaryta (UKR),SZCZERKOWSKA Magdalena (POL)
Pro Tour Polish Open Warsaw 2010,2010-11-10,SONG Maeum,PARTYKA Natalia,4,1,"11,11,9,11,11|9,9,11,8,6",R16,GRAND_SLAM,U21WS,63,Main Draw,SONG Maeum (KOR),PARTYKA Natalia (POL)
Pro Tour Polish Open Warsaw 2010,2010-11-10,HU Melek,KUZMINA Elena,4,2,"10,11,8,11,12,11|12,6,11,8,10,5",R16,GRAND_SLAM,U21WS,63,Main Draw,HU Melek (TUR),KUZMINA Elena (RUS)
Pro Tour Polish Open Warsaw 2010,2010-11-10,ISHIGAKI Yuka,DUBKOVA Elena,4,0,"11,11,11,11|8,2,5,7",QuarterFinal,GRAND_SLAM,U21WS,63,Main Draw,ISHIGAKI Yuka (JPN),DUBKOVA Elena (BLR)
Pro Tour Polish Open Warsaw 2010,2010-11-10,MADARASZ Dora,MATSUZAWA Marina,4,2,"9,11,11,10,11,11|11,8,4,12,9,7",QuarterFinal,GRAND_SLAM,U21WS,63,Main Draw,MADARASZ Dora (HUN),MATSUZAWA Marina (JPN)
Pro Tour Polish Open Warsaw 2010,2010-11-10,PESOTSKA Margaryta,KANG Misoon,4,3,"2,6,5,11,11,11,14|11,11,11,4,6,8,12",QuarterFinal,GRAND_SLAM,U21WS,63,Main Draw,PESOTSKA Margaryta (UKR),KANG Misoon (KOR)
Pro Tour Polish Open Warsaw 2010,2010-11-10,SONG Maeum,HU Melek,2,0,"11,11|5,9",QuarterFinal,GRAND_SLAM,U21WS,63,Main Draw,SONG Maeum (KOR),HU Melek (TUR)
Pro Tour Polish Open Warsaw 2010,2010-11-10,ISHIGAKI Yuka,MADARASZ Dora,4,0,"11,11,11,11|5,6,2,4",SemiFinal,GRAND_SLAM,U21WS,63,Main Draw,ISHIGAKI Yuka (JPN),MADARASZ Dora (HUN)
Pro Tour Polish Open Warsaw 2010,2010-11-10,SONG Maeum,PESOTSKA Margaryta,4,2,"11,11,9,7,11,11|9,5,11,11,6,9",SemiFinal,GRAND_SLAM,U21WS,63,Main Draw,SONG Maeum (KOR),PESOTSKA Margaryta (UKR)
Pro Tour Polish Open Warsaw 2010,2010-11-10,ISHIGAKI Yuka,SONG Maeum,4,0,"12,12,11,11|10,10,5,6",Final,GRAND_SLAM,U21WS,63,Main Draw,ISHIGAKI Yuka (JPN),SONG Maeum (KOR)
Pro Tour Polish Open Warsaw 2010,2010-11-10,MIKULCOVA Kristyna,ADAMASZEK Beata,3,1,"11,9,11,11|7,11,9,6",QR16,GRAND_SLAM,U21WS,63,Qualification,MIKULCOVA Kristyna (CZE),ADAMASZEK Beata (POL)
Pro Tour Polish Open Warsaw 2010,2010-11-10,MUHLBACH Kathrin,NOWACKA Paulina,3,0,"11,11,11|8,6,5",QR16,GRAND_SLAM,U21WS,63,Qualification,MUHLBACH Kathrin (GER),NOWACKA Paulina (POL)
Pro Tour Polish Open Warsaw 2010,2010-11-10,EERLAND Britt,BAJOR Natalia,3,1,"11,11,7,11|4,5,11,6",QR16,GRAND_SLAM,U21WS,63,Qualification,EERLAND Britt (NED),BAJOR Natalia (POL)
Pro Tour Polish Open Warsaw 2010,2010-11-10,DOBREVA Polina,PAWLAK Sylwia,3,0,"11,11,11|7,7,9",QR16,GRAND_SLAM,U21WS,63,Qualification,DOBREVA Polina (BUL),PAWLAK Sylwia (POL)
Pro Tour Polish Open Warsaw 2010,2010-11-10,KNEZEVIC Monika,STUCKYTE Egle,3,1,"11,11,9,11|9,9,11,5",QR16,GRAND_SLAM,U21WS,63,Qualification,KNEZEVIC Monika (SRB),STUCKYTE Egle (LTU)
Pro Tour Polish Open Warsaw 2010,2010-11-10,DUBKOVA Elena,QUACH Michelle,3,0,"12,12,11|10,10,7",,GRAND_SLAM,U21WS,63,Qualification,DUBKOVA Elena (BLR),QUACH Michelle (SWE)
Pro Tour Polish Open Warsaw 2010,2010-11-10,DUBKOVA Elena,ADAMASZEK Beata,3,0,"11,11,11|3,8,7",,GRAND_SLAM,U21WS,63,Qualification,DUBKOVA Elena (BLR),ADAMASZEK Beata (POL)
Pro Tour Polish Open Warsaw 2010,2010-11-10,ADAMASZEK Beata,QUACH Michelle,3,0,"11,12,11|8,10,8",,GRAND_SLAM,U21WS,63,Qualification,ADAMASZEK Beata (POL),QUACH Michelle (SWE)
Pro Tour Polish Open Warsaw 2010,2010-11-10,MATSUZAWA Marina,MUHLBACH Kathrin,3,1,"12,11,11,11|14,5,7,8",,GRAND_SLAM,U21WS,63,Qualification,MATSUZAWA Marina (JPN),MUHLBACH Kathrin (GER)
Pro Tour Polish Open Warsaw 2010,2010-11-10,MUHLBACH Kathrin,ZIELINSKA Anna,3,0,"11,11,11|6,5,4",,GRAND_SLAM,U21WS,63,Qualification,MUHLBACH Kathrin (GER),ZIELINSKA Anna (POL)
Pro Tour Polish Open Warsaw 2010,2010-11-10,MATSUZAWA Marina,ZIELINSKA Anna,3,0,"11,11,12|8,8,10",,GRAND_SLAM,U21WS,63,Qualification,MATSUZAWA Marina (JPN),ZIELINSKA Anna (POL)
Pro Tour Polish Open Warsaw 2010,2010-11-10,EERLAND Britt,LIN Chia-Hsuan,3,0,"11,11,11|5,8,8",,GRAND_SLAM,U21WS,63,Qualification,EERLAND Britt (NED),LIN Chia-Hsuan (TPE)
Pro Tour Polish Open Warsaw 2010,2010-11-10,KRZEWICKA Maja,EERLAND Britt,3,2,"9,7,11,11,11|11,11,4,7,8",,GRAND_SLAM,U21WS,63,Qualification,KRZEWICKA Maja (POL),EERLAND Britt (NED)
Pro Tour Polish Open Warsaw 2010,2010-11-10,KRZEWICKA Maja,LIN Chia-Hsuan,3,0,"11,11,11|8,7,9",,GRAND_SLAM,U21WS,63,Qualification,KRZEWICKA Maja (POL),LIN Chia-Hsuan (TPE)
Pro Tour Polish Open Warsaw 2010,2010-11-10,KRIEGHOFF Anna,PAWLAK Sylwia,3,2,"11,9,10,13,11|6,11,12,11,7",,GRAND_SLAM,U21WS,63,Qualification,KRIEGHOFF Anna (GER),PAWLAK Sylwia (POL)
Pro Tour Polish Open Warsaw 2010,2010-11-10,KRIEGHOFF Anna,AGERHOLM Pernille,3,1,"11,11,9,11|4,7,11,8",,GRAND_SLAM,U21WS,63,Qualification,KRIEGHOFF Anna (GER),AGERHOLM Pernille (DEN)
Pro Tour Polish Open Warsaw 2010,2010-11-10,PAWLAK Sylwia,AGERHOLM Pernille,3,0,"11,11,11|5,1,7",,GRAND_SLAM,U21WS,63,Qualification,PAWLAK Sylwia (POL),AGERHOLM Pernille (DEN)
Pro Tour Polish Open Warsaw 2010,2010-11-10,LIN Chia-Yu,KNEZEVIC Monika,3,1,"7,13,11,14|11,11,8,12",,GRAND_SLAM,U21WS,63,Qualification,LIN Chia-Yu (TPE),KNEZEVIC Monika (SRB)
Pro Tour Polish Open Warsaw 2010,2010-11-10,WABIK Sandra,ZHMUDENKO Iana,3,0,"11,12,11|9,10,7",,GRAND_SLAM,U21WS,63,Qualification,WABIK Sandra (POL),ZHMUDENKO Iana (UKR)
Pro Tour Polish Open Warsaw 2010,2010-11-10,KNEZEVIC Monika,WABIK Sandra,3,2,"7,14,11,11,11|11,16,2,6,1",,GRAND_SLAM,U21WS,63,Qualification,KNEZEVIC Monika (SRB),WABIK Sandra (POL)
Pro Tour Polish Open Warsaw 2010,2010-11-10,LIN Chia-Yu,ZHMUDENKO Iana,3,2,"11,13,4,4,11|8,11,11,11,5",,GRAND_SLAM,U21WS,63,Qualification,LIN Chia-Yu (TPE),ZHMUDENKO Iana (UKR)
Pro Tour Polish Open Warsaw 2010,2010-11-10,KNEZEVIC Monika,ZHMUDENKO Iana,3,2,"3,11,11,9,11|11,5,4,11,4",,GRAND_SLAM,U21WS,63,Qualification,KNEZEVIC Monika (SRB),ZHMUDENKO Iana (UKR)
Pro Tour Polish Open Warsaw 2010,2010-11-10,LIN Chia-Yu,WABIK Sandra,3,1,"9,11,11,11|11,6,8,9",,GRAND_SLAM,U21WS,63,Qualification,LIN Chia-Yu (TPE),WABIK Sandra (POL)
Pro Tour Polish Open Warsaw 2010,2010-11-10,HOU Yu-Ling,STUCKYTE Egle,3,0,"11,11,12|6,8,10",,GRAND_SLAM,U21WS,63,Qualification,HOU Yu-Ling (TPE),STUCKYTE Egle (LTU)
Pro Tour Polish Open Warsaw 2010,2010-11-10,SLIFIRCZYK Katarzyna,CIESZCZYK Natalia,3,1,"12,7,11,11|10,11,8,8",,GRAND_SLAM,U21WS,63,Qualification,SLIFIRCZYK Katarzyna (POL),CIESZCZYK Natalia (POL)
Pro Tour Polish Open Warsaw 2010,2010-11-10,STUCKYTE Egle,SLIFIRCZYK Katarzyna,3,1,"7,14,11,11|11,12,5,7",,GRAND_SLAM,U21WS,63,Qualification,STUCKYTE Egle (LTU),SLIFIRCZYK Katarzyna (POL)
Pro Tour Polish Open Warsaw 2010,2010-11-10,HOU Yu-Ling,CIESZCZYK Natalia,3,0,"11,11,11|6,8,4",,GRAND_SLAM,U21WS,63,Qualification,HOU Yu-Ling (TPE),CIESZCZYK Natalia (POL)
Pro Tour Polish Open Warsaw 2010,2010-11-10,STUCKYTE Egle,CIESZCZYK Natalia,3,0,"11,11,11|4,8,4",,GRAND_SLAM,U21WS,63,Qualification,STUCKYTE Egle (LTU),CIESZCZYK Natalia (POL)
Pro Tour Polish Open Warsaw 2010,2010-11-10,HOU Yu-Ling,SLIFIRCZYK Katarzyna,3,1,"11,11,10,11|4,5,12,6",,GRAND_SLAM,U21WS,63,Qualification,HOU Yu-Ling (TPE),SLIFIRCZYK Katarzyna (POL)
Pro Tour Polish Open Warsaw 2010,2010-11-10,BAJOR Natalia,BAK Natalia,4,0,,,GRAND_SLAM,U21WS,63,Qualification,BAJOR Natalia (POL),BAK Natalia (POL)
Pro Tour Polish Open Warsaw 2010,2010-11-10,NAKAJIMA Misaki,MOSKOVITS Daniela,3,1,"11,11,9,11|6,9,11,7",,GRAND_SLAM,U21WS,63,Qualification,NAKAJIMA Misaki (JPN),MOSKOVITS Daniela (SWE)
Pro Tour Polish Open Warsaw 2010,2010-11-10,MOSKOVITS Daniela,BAK Natalia,3,0,,,GRAND_SLAM,U21WS,63,Qualification,MOSKOVITS Daniela (SWE),BAK Natalia (POL)
Pro Tour Polish Open Warsaw 2010,2010-11-10,NAKAJIMA Misaki,BAJOR Natalia,3,0,"11,11,11|5,4,8",,GRAND_SLAM,U21WS,63,Qualification,NAKAJIMA Misaki (JPN),BAJOR Natalia (POL)
Pro Tour Polish Open Warsaw 2010,2010-11-10,NAKAJIMA Misaki,BAK Natalia,3,0,,,GRAND_SLAM,U21WS,63,Qualification,NAKAJIMA Misaki (JPN),BAK Natalia (POL)
Pro Tour Polish Open Warsaw 2010,2010-11-10,BAJOR Natalia,MOSKOVITS Daniela,3,2,"7,12,11,11,12|11,14,9,7,10",,GRAND_SLAM,U21WS,63,Qualification,BAJOR Natalia (POL),MOSKOVITS Daniela (SWE)
Pro Tour Polish Open Warsaw 2010,2010-11-10,NOWACKA Paulina,LOEUILLETTE Stephanie,3,2,"19,8,12,4,11|17,11,10,11,5",,GRAND_SLAM,U21WS,63,Qualification,NOWACKA Paulina (POL),LOEUILLETTE Stephanie (FRA)
Pro Tour Polish Open Warsaw 2010,2010-11-10,SCHUH Anja,KACZMAREK Agnieszka,3,0,"14,12,11|12,10,6",,GRAND_SLAM,U21WS,63,Qualification,SCHUH Anja (GER),KACZMAREK Agnieszka (POL)
Pro Tour Polish Open Warsaw 2010,2010-11-10,SCHUH Anja,LOEUILLETTE Stephanie,3,1,"11,8,11,11|9,11,9,1",,GRAND_SLAM,U21WS,63,Qualification,SCHUH Anja (GER),LOEUILLETTE Stephanie (FRA)
Pro Tour Polish Open Warsaw 2010,2010-11-10,NOWACKA Paulina,KACZMAREK Agnieszka,3,1,"11,11,9,11|9,8,11,5",,GRAND_SLAM,U21WS,63,Qualification,NOWACKA Paulina (POL),KACZMAREK Agnieszka (POL)
Pro Tour Polish Open Warsaw 2010,2010-11-10,LOEUILLETTE Stephanie,KACZMAREK Agnieszka,3,1,"11,5,11,11|8,11,4,2",,GRAND_SLAM,U21WS,63,Qualification,LOEUILLETTE Stephanie (FRA),KACZMAREK Agnieszka (POL)
Pro Tour Polish Open Warsaw 2010,2010-11-10,SCHUH Anja,NOWACKA Paulina,3,1,"6,12,11,11|11,10,9,9",,GRAND_SLAM,U21WS,63,Qualification,SCHUH Anja (GER),NOWACKA Paulina (POL)
Pro Tour Polish Open Warsaw 2010,2010-11-10,NOWOCIN Katarzyna,DOBREVA Polina,3,2,"4,12,6,11,11|11,10,11,6,7",,GRAND_SLAM,U21WS,63,Qualification,NOWOCIN Katarzyna (POL),DOBREVA Polina (BUL)
Pro Tour Polish Open Warsaw 2010,2010-11-10,CHENG Hsien-Tzu,SZYMANSKA Olga,3,0,"11,11,11|6,4,3",,GRAND_SLAM,U21WS,63,Qualification,CHENG Hsien-Tzu (TPE),SZYMANSKA Olga (POL)
Pro Tour Polish Open Warsaw 2010,2010-11-10,CHENG Hsien-Tzu,DOBREVA Polina,3,0,"11,11,11|8,7,5",,GRAND_SLAM,U21WS,63,Qualification,CHENG Hsien-Tzu (TPE),DOBREVA Polina (BUL)
Pro Tour Polish Open Warsaw 2010,2010-11-10,SZYMANSKA Olga,NOWOCIN Katarzyna,3,1,"11,15,9,14|4,13,11,12",,GRAND_SLAM,U21WS,63,Qualification,SZYMANSKA Olga (POL),NOWOCIN Katarzyna (POL)
Pro Tour Polish Open Warsaw 2010,2010-11-10,DOBREVA Polina,SZYMANSKA Olga,3,0,"11,11,11|4,7,7",,GRAND_SLAM,U21WS,63,Qualification,DOBREVA Polina (BUL),SZYMANSKA Olga (POL)
Pro Tour Polish Open Warsaw 2010,2010-11-10,CHENG Hsien-Tzu,NOWOCIN Katarzyna,3,1,"11,7,11,11|3,11,9,7",,GRAND_SLAM,U21WS,63,Qualification,CHENG Hsien-Tzu (TPE),NOWOCIN Katarzyna (POL)
Pro Tour Polish Open Warsaw 2010,2010-11-10,PAPADAKI Angeliki,JONCZYK Ada,3,1,"9,13,11,11|11,11,4,6",,GRAND_SLAM,U21WS,63,Qualification,PAPADAKI Angeliki (GRE),JONCZYK Ada (POL)
Pro Tour Polish Open Warsaw 2010,2010-11-10,MIKULCOVA Kristyna,KRAJEWSKA Marta,3,0,"11,11,12|6,8,10",,GRAND_SLAM,U21WS,63,Qualification,MIKULCOVA Kristyna (CZE),KRAJEWSKA Marta (POL)
Pro Tour Polish Open Warsaw 2010,2010-11-10,PAPADAKI Angeliki,MIKULCOVA Kristyna,3,2,"4,11,11,7,11|11,8,8,11,8",,GRAND_SLAM,U21WS,63,Qualification,PAPADAKI Angeliki (GRE),MIKULCOVA Kristyna (CZE)
Pro Tour Polish Open Warsaw 2010,2010-11-10,KRAJEWSKA Marta,JONCZYK Ada,3,1,"11,12,6,11|4,10,11,5",,GRAND_SLAM,U21WS,63,Qualification,KRAJEWSKA Marta (POL),JONCZYK Ada (POL)
Pro Tour Polish Open Warsaw 2010,2010-11-10,PAPADAKI Angeliki,KRAJEWSKA Marta,3,1,"6,11,11,11|11,6,6,8",,GRAND_SLAM,U21WS,63,Qualification,PAPADAKI Angeliki (GRE),KRAJEWSKA Marta (POL)
Pro Tour Polish Open Warsaw 2010,2010-11-10,MIKULCOVA Kristyna,JONCZYK Ada,3,0,"11,11,11|6,6,8",,GRAND_SLAM,U21WS,63,Qualification,MIKULCOVA Kristyna (CZE),JONCZYK Ada (POL)
Pro Tour Polish Open Warsaw 2010,2010-11-10,FUKUOKA Haruna/HIURA Reiko,CECHOVA Dana/PENKAVOVA Katerina,4,0,"11,11,11,11|7,7,7,2",R16,GRAND_SLAM,WD,63,Main Draw,FUKUOKA Haruna (JPN) / HIURA Reiko (JPN),CECHOVA Dana (CZE) / PENKAVOVA Katerina (CZE)
Pro Tour Polish Open Warsaw 2010,2010-11-10,LI Jiao/LI Jie,KNEZEVIC Monika/VACENOVSKA Iveta,4,2,"11,11,11,8,9,11|4,5,4,11,11,6",R16,GRAND_SLAM,WD,63,Main Draw,LI Jiao (NED) / LI Jie (NED),KNEZEVIC Monika (SRB) / VACENOVSKA Iveta (CZE)
Pro Tour Polish Open Warsaw 2010,2010-11-10,KUSINSKA Klaudia/SZCZERKOWSKA Magdalena,HARABASZOVA Lenka/SMISTIKOVA Martina,3,1,"13,11,11,11|15,9,9,5",QR64,GRAND_SLAM,WD,63,Qualification,KUSINSKA Klaudia (POL) / SZCZERKOWSKA Magdalena (POL),HARABASZOVA Lenka (CZE) / SMISTIKOVA Martina (CZE)
Pro Tour Polish Open Warsaw 2010,2010-11-10,CECHOVA Dana/PENKAVOVA Katerina,EXARCHOU Filareti/PAPADAKI Angeliki,3,0,"11,11,13|5,7,11",QR32,GRAND_SLAM,WD,63,Qualification,CECHOVA Dana (CZE) / PENKAVOVA Katerina (CZE),EXARCHOU Filareti (GRE) / PAPADAKI Angeliki (GRE)
Pro Tour Polish Open Warsaw 2010,2010-11-10,NI Xia Lian/STRBIKOVA Renata,DESSAINT Aurore/MATTENET Audrey,3,1,"11,9,11,11|4,11,6,3",QR32,GRAND_SLAM,WD,63,Qualification,NI Xia Lian (LUX) / STRBIKOVA Renata (CZE),DESSAINT Aurore (FRA) / MATTENET Audrey (FRA)
Pro Tour Polish Open Warsaw 2010,2010-11-10,CECHOVA Dana/PENKAVOVA Katerina,DUBKOVA Elena/PRIVALOVA Alexandra,3,1,"11,11,11,11|5,13,7,7",QR16,GRAND_SLAM,WD,63,Qualification,CECHOVA Dana (CZE) / PENKAVOVA Katerina (CZE),DUBKOVA Elena (BLR) / PRIVALOVA Alexandra (BLR)
Pro Tour Polish Open Warsaw 2010,2010-11-10,NI Xia Lian/STRBIKOVA Renata,KIM Junghyun/SHIM Serom,3,1,"8,11,11,11|11,8,8,9",QR16,GRAND_SLAM,WD,63,Qualification,NI Xia Lian (LUX) / STRBIKOVA Renata (CZE),KIM Junghyun (KOR) / SHIM Serom (KOR)
Pro Tour Polish Open Warsaw 2010,2010-11-10,DVORAK Galia/RAMIREZ Sara,LIU Na/OWEN Naomi,3,1,"11,11,9,11|6,4,11,8",QR32,GRAND_SLAM,WD,63,Qualification,DVORAK Galia (ESP) / RAMIREZ Sara (ESP),LIU Na (IRL) / OWEN Naomi (WAL)
Pro Tour Polish Open Warsaw 2010,2010-11-10,KNEZEVIC Monika/VACENOVSKA Iveta,DVORAK Galia/RAMIREZ Sara,3,2,"4,12,11,11,11|11,10,13,8,9",QR16,GRAND_SLAM,WD,63,Qualification,KNEZEVIC Monika (SRB) / VACENOVSKA Iveta (CZE),DVORAK Galia (ESP) / RAMIREZ Sara (ESP)
Pro Tour Polish Open Warsaw 2010,2010-11-10,MATSUZAWA Marina/NAKAJIMA Misaki,GRUNDISCH Carole/LI Xue,3,2,"11,6,8,11,11|9,11,11,7,4",QR32,GRAND_SLAM,WD,63,Qualification,MATSUZAWA Marina (JPN) / NAKAJIMA Misaki (JPN),GRUNDISCH Carole (FRA) / LI Xue (FRA)
Pro Tour Polish Open Warsaw 2010,2010-11-10,BARTHEL Zhenqi/SCHALL Elke,NI Xia Lian/STRBIKOVA Renata,4,1,"13,9,12,11,11|11,11,10,8,8",R16,GRAND_SLAM,WD,63,Main Draw,BARTHEL Zhenqi (GER) / SCHALL Elke (GER),NI Xia Lian (LUX) / STRBIKOVA Renata (CZE)
Pro Tour Polish Open Warsaw 2010,2010-11-10,LI Jiao/LI Jie,BARTHEL Zhenqi/SCHALL Elke,4,0,"11,11,11,11|4,9,7,5",QuarterFinal,GRAND_SLAM,WD,63,Main Draw,LI Jiao (NED) / LI Jie (NED),BARTHEL Zhenqi (GER) / SCHALL Elke (GER)
Pro Tour Polish Open Warsaw 2010,2010-11-10,CHENG Hsien-Tzu/CHEN Szu-Yu,SCHUH Anja/SOLJA Petrissa,3,1,"11,11,8,11|6,8,11,4",QR64,GRAND_SLAM,WD,63,Qualification,CHENG Hsien-Tzu (TPE) / CHEN Szu-Yu (TPE),SCHUH Anja (GER) / SOLJA Petrissa (GER)
Pro Tour Polish Open Warsaw 2010,2010-11-10,DRINKHALL Joanna/SIBLEY Kelly,LI Bin/MADARASZ Dora,3,0,"11,11,11|7,9,6",QR32,GRAND_SLAM,WD,63,Qualification,DRINKHALL Joanna (ENG) / SIBLEY Kelly (ENG),LI Bin (HUN) / MADARASZ Dora (HUN)
Pro Tour Polish Open Warsaw 2010,2010-11-10,LOVAS Petra/PERGEL Szandra,HOU Yu-Ling/LIN Chia-Hui,3,0,"12,13,11|10,11,8",QR32,GRAND_SLAM,WD,63,Qualification,LOVAS Petra (HUN) / PERGEL Szandra (HUN),HOU Yu-Ling (TPE) / LIN Chia-Hui (TPE)
Pro Tour Polish Open Warsaw 2010,2010-11-10,CHOI Moonyoung/LEE Eunhee,LOVAS Petra/PERGEL Szandra,3,0,"11,11,11|6,8,4",QR16,GRAND_SLAM,WD,63,Qualification,CHOI Moonyoung (KOR) / LEE Eunhee (KOR),LOVAS Petra (HUN) / PERGEL Szandra (HUN)
Pro Tour Polish Open Warsaw 2010,2010-11-10,MATSUZAWA Marina/NAKAJIMA Misaki,POTA Georgina/TOTH Krisztina,4,1,"11,11,3,11,11|9,7,11,5,7",R16,GRAND_SLAM,WD,63,Main Draw,MATSUZAWA Marina (JPN) / NAKAJIMA Misaki (JPN),POTA Georgina (HUN) / TOTH Krisztina (HUN)
Pro Tour Polish Open Warsaw 2010,2010-11-10,FUKUOKA Haruna/HIURA Reiko,LI Jiao/LI Jie,4,3,"11,7,11,11,10,9,11|9,11,3,6,12,11,8",SemiFinal,GRAND_SLAM,WD,63,Main Draw,FUKUOKA Haruna (JPN) / HIURA Reiko (JPN),LI Jiao (NED) / LI Jie (NED)
Pro Tour Polish Open Warsaw 2010,2010-11-10,FUKUOKA Haruna/HIURA Reiko,HE Sirin/HU Melek,4,0,"11,12,11,11|3,10,7,6",Final,GRAND_SLAM,WD,63,Main Draw,FUKUOKA Haruna (JPN) / HIURA Reiko (JPN),HE Sirin (TUR) / HU Melek (TUR)
Pro Tour Polish Open Warsaw 2010,2010-11-10,ISHIGAKI Yuka/YAMANASHI Yuri,BOROS Tamara/TIAN Yuan,3,0,"11,11,11|6,6,3",QR32,GRAND_SLAM,WD,63,Qualification,ISHIGAKI Yuka (JPN) / YAMANASHI Yuri (JPN),BOROS Tamara (CRO) / TIAN Yuan (CRO)
Pro Tour Polish Open Warsaw 2010,2010-11-10,ISHIGAKI Yuka/YAMANASHI Yuri,KANG Misoon/SONG Maeum,3,0,"11,11,11|7,8,7",QR16,GRAND_SLAM,WD,63,Qualification,ISHIGAKI Yuka (JPN) / YAMANASHI Yuri (JPN),KANG Misoon (KOR) / SONG Maeum (KOR)
Pro Tour Polish Open Warsaw 2010,2010-11-10,MATSUZAWA Marina/NAKAJIMA Misaki,KUSINSKA Klaudia/SZCZERKOWSKA Magdalena,3,0,"11,11,11|3,2,8",QR16,GRAND_SLAM,WD,63,Qualification,MATSUZAWA Marina (JPN) / NAKAJIMA Misaki (JPN),KUSINSKA Klaudia (POL) / SZCZERKOWSKA Magdalena (POL)
Pro Tour Polish Open Warsaw 2010,2010-11-10,GANINA Svetlana/PAVLOVICH Viktoria,CHOI Moonyoung/LEE Eunhee,4,3,"8,12,13,11,9,1,11|11,10,11,8,11,11,7",R16,GRAND_SLAM,WD,63,Main Draw,GANINA Svetlana (RUS) / PAVLOVICH Viktoria (BLR),CHOI Moonyoung (KOR) / LEE Eunhee (KOR)
Pro Tour Polish Open Warsaw 2010,2010-11-10,PAVLOVICH Veronika/TIKHOMIROVA Anna,PARTYKA Natalia/XU Jie (1982),4,3,"11,8,11,11,11,8,11|8,11,2,13,5,11,8",R16,GRAND_SLAM,WD,63,Main Draw,PAVLOVICH Veronika (BLR) / TIKHOMIROVA Anna (RUS),PARTYKA Natalia (POL) / XU Jie (1982) (POL)
Pro Tour Polish Open Warsaw 2010,2010-11-10,KANG Misoon/SONG Maeum,LUCZAKOWSKA Daria/PIETKIEWICZ Monika,3,2,"8,8,11,11,11|11,11,8,3,4",QR32,GRAND_SLAM,WD,63,Qualification,KANG Misoon (KOR) / SONG Maeum (KOR),LUCZAKOWSKA Daria (POL) / PIETKIEWICZ Monika (POL)
Pro Tour Polish Open Warsaw 2010,2010-11-10,DUBKOVA Elena/PRIVALOVA Alexandra,GRZYBOWSKA-FRANC Katarzyna/SIKORSKA Magdalena,3,2,"9,9,11,11,12|11,11,5,6,10",QR32,GRAND_SLAM,WD,63,Qualification,DUBKOVA Elena (BLR) / PRIVALOVA Alexandra (BLR),GRZYBOWSKA-FRANC Katarzyna (POL) / SIKORSKA Magdalena (POL)
Pro Tour Polish Open Warsaw 2010,2010-11-10,KIM Junghyun/SHIM Serom,JANTA-LIPINSKA Anna/PASTOR Agata,3,0,,QR32,GRAND_SLAM,WD,63,Qualification,KIM Junghyun (KOR) / SHIM Serom (KOR),JANTA-LIPINSKA Anna (POL) / PASTOR Agata (POL)
Pro Tour Polish Open Warsaw 2010,2010-11-10,KUSINSKA Klaudia/SZCZERKOWSKA Magdalena,MIKHAILOVA Polina/TIMINA Elena,3,1,"12,12,4,11|10,10,11,1",QR32,GRAND_SLAM,WD,63,Qualification,KUSINSKA Klaudia (POL) / SZCZERKOWSKA Magdalena (POL),MIKHAILOVA Polina (RUS) / TIMINA Elena (NED)
Pro Tour Polish Open Warsaw 2010,2010-11-10,DODEAN Daniela/SAMARA Elizabeta,ISHIGAKI Yuka/YAMANASHI Yuri,4,2,"3,11,6,11,12,11|11,7,11,3,10,9",R16,GRAND_SLAM,WD,63,Main Draw,DODEAN Daniela (ROU) / SAMARA Elizabeta (ROU),ISHIGAKI Yuka (JPN) / YAMANASHI Yuri (JPN)
Pro Tour Polish Open Warsaw 2010,2010-11-10,FUKUOKA Haruna/HIURA Reiko,DODEAN Daniela/SAMARA Elizabeta,4,1,"11,11,13,9,11|7,3,11,11,7",QuarterFinal,GRAND_SLAM,WD,63,Main Draw,FUKUOKA Haruna (JPN) / HIURA Reiko (JPN),DODEAN Daniela (ROU) / SAMARA Elizabeta (ROU)
Pro Tour Polish Open Warsaw 2010,2010-11-10,PAVLOVICH Veronika/TIKHOMIROVA Anna,GANINA Svetlana/PAVLOVICH Viktoria,4,0,"11,11,11,11|7,8,3,3",QuarterFinal,GRAND_SLAM,WD,63,Main Draw,PAVLOVICH Veronika (BLR) / TIKHOMIROVA Anna (RUS),GANINA Svetlana (RUS) / PAVLOVICH Viktoria (BLR)
Pro Tour Polish Open Warsaw 2010,2010-11-10,PAVLOVICH Veronika/TIKHOMIROVA Anna,STUCKYTE Egle/ZHMUDENKO Iana,3,0,"11,11,11|2,9,4",QR32,GRAND_SLAM,WD,63,Qualification,PAVLOVICH Veronika (BLR) / TIKHOMIROVA Anna (RUS),STUCKYTE Egle (LTU) / ZHMUDENKO Iana (UKR)
Pro Tour Polish Open Warsaw 2010,2010-11-10,CHOI Moonyoung/LEE Eunhee,VINOGRADOVA Mariia/LOSOSOVSKAYA Olga,3,0,"11,11,11|7,4,6",QR32,GRAND_SLAM,WD,63,Qualification,CHOI Moonyoung (KOR) / LEE Eunhee (KOR),VINOGRADOVA Mariia (RUS) / LOSOSOVSKAYA Olga (RUS)
Pro Tour Polish Open Warsaw 2010,2010-11-10,PAVLOVICH Veronika/TIKHOMIROVA Anna,DRINKHALL Joanna/SIBLEY Kelly,3,0,"11,11,12|6,8,10",QR16,GRAND_SLAM,WD,63,Qualification,PAVLOVICH Veronika (BLR) / TIKHOMIROVA Anna (RUS),DRINKHALL Joanna (ENG) / SIBLEY Kelly (ENG)
Pro Tour Polish Open Warsaw 2010,2010-11-10,GRZYBOWSKA-FRANC Katarzyna/SIKORSKA Magdalena,MOSKOVITS Daniela/QUACH Michelle,3,0,"11,11,11|6,9,9",QR64,GRAND_SLAM,WD,63,Qualification,GRZYBOWSKA-FRANC Katarzyna (POL) / SIKORSKA Magdalena (POL),MOSKOVITS Daniela (SWE) / QUACH Michelle (SWE)
Pro Tour Polish Open Warsaw 2010,2010-11-10,KRIEGHOFF Anna/MUHLBACH Kathrin,LIN Chia-Hsuan/LIN Chia-Yu,3,1,"11,13,12,11|5,15,10,2",QR32,GRAND_SLAM,WD,63,Qualification,KRIEGHOFF Anna (GER) / MUHLBACH Kathrin (GER),LIN Chia-Hsuan (TPE) / LIN Chia-Yu (TPE)
Pro Tour Polish Open Warsaw 2010,2010-11-10,KNEZEVIC Monika/VACENOVSKA Iveta,CHENG Hsien-Tzu/CHEN Szu-Yu,3,0,"14,11,11|12,8,6",QR32,GRAND_SLAM,WD,63,Qualification,KNEZEVIC Monika (SRB) / VACENOVSKA Iveta (CZE),CHENG Hsien-Tzu (TPE) / CHEN Szu-Yu (TPE)
Pro Tour Polish Open Warsaw 2010,2010-11-10,HE Sirin/HU Melek,HAPONOVA Hanna/BILENKO Tetyana,4,3,"11,8,10,7,11,11,11|4,11,12,11,5,9,3",R16,GRAND_SLAM,WD,63,Main Draw,HE Sirin (TUR) / HU Melek (TUR),HAPONOVA Hanna (UKR) / BILENKO Tetyana (UKR)
Pro Tour Polish Open Warsaw 2010,2010-11-10,HE Sirin/HU Melek,MATSUZAWA Marina/NAKAJIMA Misaki,4,3,"11,5,9,11,11,3,11|9,11,11,9,5,11,8",QuarterFinal,GRAND_SLAM,WD,63,Main Draw,HE Sirin (TUR) / HU Melek (TUR),MATSUZAWA Marina (JPN) / NAKAJIMA Misaki (JPN)
Pro Tour Polish Open Warsaw 2010,2010-11-10,HE Sirin/HU Melek,PAVLOVICH Veronika/TIKHOMIROVA Anna,4,1,"11,12,11,8,11|5,10,6,11,9",SemiFinal,GRAND_SLAM,WD,63,Main Draw,HE Sirin (TUR) / HU Melek (TUR),PAVLOVICH Veronika (BLR) / TIKHOMIROVA Anna (RUS)
Pro Tour Polish Open Warsaw 2010,2010-11-10,HAPONOVA Hanna/BILENKO Tetyana,BAJOR Natalia/WABIK Sandra,3,1,"12,11,11,11|14,4,5,9",QR32,GRAND_SLAM,WD,63,Qualification,HAPONOVA Hanna (UKR) / BILENKO Tetyana (UKR),BAJOR Natalia (POL) / WABIK Sandra (POL)
Pro Tour Polish Open Warsaw 2010,2010-11-10,HAPONOVA Hanna/BILENKO Tetyana,KRIEGHOFF Anna/MUHLBACH Kathrin,3,2,"7,11,11,10,11|11,7,9,12,7",QR16,GRAND_SLAM,WD,63,Qualification,HAPONOVA Hanna (UKR) / BILENKO Tetyana (UKR),KRIEGHOFF Anna (GER) / MUHLBACH Kathrin (GER)
Pro Tour Polish Open Warsaw 2010,2010-11-10,LI Jiao,LIN Chia-Hsuan,4,0,"11,11,11,11|7,4,1,3",R64,GRAND_SLAM,WS,63,Main Draw,LI Jiao (NED),LIN Chia-Hsuan (TPE)
Pro Tour Polish Open Warsaw 2010,2010-11-10,BARTHEL Zhenqi,GANINA Svetlana,4,2,"11,11,9,4,11,11|8,6,11,11,6,5",R64,GRAND_SLAM,WS,63,Main Draw,BARTHEL Zhenqi (GER),GANINA Svetlana (RUS)
Pro Tour Polish Open Warsaw 2010,2010-11-10,BOROS Tamara,SONG Maeum,4,0,"11,11,11,11|9,9,4,5",R64,GRAND_SLAM,WS,63,Main Draw,BOROS Tamara (CRO),SONG Maeum (KOR)
Pro Tour Polish Open Warsaw 2010,2010-11-10,KANG Misoon,PARTYKA Natalia,4,3,"8,5,11,8,11,11,11|11,11,6,11,9,6,6",R64,GRAND_SLAM,WS,63,Main Draw,KANG Misoon (KOR),PARTYKA Natalia (POL)
Pro Tour Polish Open Warsaw 2010,2010-11-10,SAMARA Elizabeta,LIN Chia-Hui,4,2,"11,11,3,11,8,11|8,8,11,6,11,2",R64,GRAND_SLAM,WS,63,Main Draw,SAMARA Elizabeta (ROU),LIN Chia-Hui (TPE)
Pro Tour Polish Open Warsaw 2010,2010-11-10,BILENKO Tetyana,KIM Junghyun,4,0,"14,11,11,11|12,8,7,8",R64,GRAND_SLAM,WS,63,Main Draw,BILENKO Tetyana (UKR),KIM Junghyun (KOR)
Pro Tour Polish Open Warsaw 2010,2010-11-10,SHIM Serom,STRBIKOVA Renata,4,2,"3,11,11,11,3,11|11,6,9,4,11,9",R64,GRAND_SLAM,WS,63,Main Draw,SHIM Serom (KOR),STRBIKOVA Renata (CZE)
Pro Tour Polish Open Warsaw 2010,2010-11-10,ISHIGAKI Yuka,SOLJA Petrissa,4,0,"11,11,11,11|6,3,7,3",R64,GRAND_SLAM,WS,63,Main Draw,ISHIGAKI Yuka (JPN),SOLJA Petrissa (GER)
Pro Tour Polish Open Warsaw 2010,2010-11-10,PAVLOVICH Viktoria,STEFANSKA Kinga,4,0,"11,11,11,12|6,1,2,10",R64,GRAND_SLAM,WS,63,Main Draw,PAVLOVICH Viktoria (BLR),STEFANSKA Kinga (POL)
Pro Tour Polish Open Warsaw 2010,2010-11-10,FUKUOKA Haruna,HE Sirin,4,0,"11,12,11,11|4,10,6,4",R64,GRAND_SLAM,WS,63,Main Draw,FUKUOKA Haruna (JPN),HE Sirin (TUR)
Pro Tour Polish Open Warsaw 2010,2010-11-10,SIBLEY Kelly,PESOTSKA Margaryta,4,1,"11,12,11,9,12|8,10,9,11,10",R64,GRAND_SLAM,WS,63,Main Draw,SIBLEY Kelly (ENG),PESOTSKA Margaryta (UKR)
Pro Tour Polish Open Warsaw 2010,2010-11-10,NI Xia Lian,CECHOVA Dana,4,0,"11,11,11,11|7,8,3,3",R64,GRAND_SLAM,WS,63,Main Draw,NI Xia Lian (LUX),CECHOVA Dana (CZE)
Pro Tour Polish Open Warsaw 2010,2010-11-10,DODEAN Daniela,KRAMER Tanja,4,2,"8,11,11,6,11,11|11,6,7,11,5,4",R64,GRAND_SLAM,WS,63,Main Draw,DODEAN Daniela (ROU),KRAMER Tanja (GER)
Pro Tour Polish Open Warsaw 2010,2010-11-10,PAVLOVICH Veronika,CHEN Szu-Yu,4,0,"11,11,11,11|3,9,9,5",R64,GRAND_SLAM,WS,63,Main Draw,PAVLOVICH Veronika (BLR),CHEN Szu-Yu (TPE)
Pro Tour Polish Open Warsaw 2010,2010-11-10,LI Qian,MUHLBACH Kathrin,4,1,"9,11,11,11,11|11,5,9,6,2",R64,GRAND_SLAM,WS,63,Main Draw,LI Qian (POL),MUHLBACH Kathrin (GER)
Pro Tour Polish Open Warsaw 2010,2010-11-10,SHEN Yanfei,TIAN Yuan,4,1,"10,11,11,11,13|12,4,2,7,11",R64,GRAND_SLAM,WS,63,Main Draw,SHEN Yanfei (ESP),TIAN Yuan (CRO)
Pro Tour Polish Open Warsaw 2010,2010-11-10,MATSUZAWA Marina,PASKAUSKIENE Ruta,4,2,"5,11,7,11,11,11|11,6,11,5,8,5",R64,GRAND_SLAM,WS,63,Main Draw,MATSUZAWA Marina (JPN),PASKAUSKIENE Ruta (LTU)
Pro Tour Polish Open Warsaw 2010,2010-11-10,XU Jie (1982),HAPONOVA Hanna,4,3,"10,9,12,7,11,11,11|12,11,10,11,7,3,9",R64,GRAND_SLAM,WS,63,Main Draw,XU Jie (1982) (POL),HAPONOVA Hanna (UKR)
Pro Tour Polish Open Warsaw 2010,2010-11-10,POTA Georgina,DRINKHALL Joanna,4,2,"11,5,11,11,9,11|8,11,2,5,11,6",R64,GRAND_SLAM,WS,63,Main Draw,POTA Georgina (HUN),DRINKHALL Joanna (ENG)
Pro Tour Polish Open Warsaw 2010,2010-11-10,HIURA Reiko,RAMIREZ Sara,4,1,"11,4,11,11,11|7,11,5,7,6",R64,GRAND_SLAM,WS,63,Main Draw,HIURA Reiko (JPN),RAMIREZ Sara (ESP)
Pro Tour Polish Open Warsaw 2010,2010-11-10,IVANCAN Irene,LOVAS Petra,4,3,"11,6,11,8,9,11,11|7,11,5,11,11,3,5",R64,GRAND_SLAM,WS,63,Main Draw,IVANCAN Irene (GER),LOVAS Petra (HUN)
Pro Tour Polish Open Warsaw 2010,2010-11-10,BOLLMEIER Nadine,TIKHOMIROVA Anna,4,3,"12,11,13,9,11,10,11|10,13,11,11,7,12,5",R64,GRAND_SLAM,WS,63,Main Draw,BOLLMEIER Nadine (GER),TIKHOMIROVA Anna (RUS)
Pro Tour Polish Open Warsaw 2010,2010-11-10,LI Jie,GRZYBOWSKA-FRANC Katarzyna,4,3,"9,7,12,11,11,11,11|11,11,14,7,6,4,5",R64,GRAND_SLAM,WS,63,Main Draw,LI Jie (NED),GRZYBOWSKA-FRANC Katarzyna (POL)
Pro Tour Polish Open Warsaw 2010,2010-11-10,TOTH Krisztina,KUZMINA Elena,4,0,"11,11,13,11|7,1,11,9",R64,GRAND_SLAM,WS,63,Main Draw,TOTH Krisztina (HUN),KUZMINA Elena (RUS)
Pro Tour Polish Open Warsaw 2010,2010-11-10,GRUNDISCH Carole,SKOV Mie,4,0,"11,11,11,11|4,7,7,7",R64,GRAND_SLAM,WS,63,Main Draw,GRUNDISCH Carole (FRA),SKOV Mie (DEN)
Pro Tour Polish Open Warsaw 2010,2010-11-10,LI Xue,MIKHAILOVA Polina,4,3,"10,9,12,11,13,11,11|12,11,10,4,15,5,8",R64,GRAND_SLAM,WS,63,Main Draw,LI Xue (FRA),MIKHAILOVA Polina (RUS)
Pro Tour Polish Open Warsaw 2010,2010-11-10,LEE Eunhee,YAMANASHI Yuri,4,0,"11,11,11,11|4,6,9,7",R64,GRAND_SLAM,WS,63,Main Draw,LEE Eunhee (KOR),YAMANASHI Yuri (JPN)
Pro Tour Polish Open Warsaw 2010,2010-11-10,HU Melek,GOLOTA Marta,4,0,"11,11,11,11|7,7,4,7",R64,GRAND_SLAM,WS,63,Main Draw,HU Melek (TUR),GOLOTA Marta (POL)
Pro Tour Polish Open Warsaw 2010,2010-11-10,TIMINA Elena,LI Bin,4,1,"7,11,11,12,13|11,4,8,10,11",R64,GRAND_SLAM,WS,63,Main Draw,TIMINA Elena (NED),LI Bin (HUN)
Pro Tour Polish Open Warsaw 2010,2010-11-10,CHOI Moonyoung,VACENOVSKA Iveta,4,2,"11,12,6,4,11,11|7,10,11,11,8,4",R64,GRAND_SLAM,WS,63,Main Draw,CHOI Moonyoung (KOR),VACENOVSKA Iveta (CZE)
Pro Tour Polish Open Warsaw 2010,2010-11-10,LIU Jia,NAKAJIMA Misaki,4,2,"11,11,8,11,8,11|4,7,11,8,11,7",R64,GRAND_SLAM,WS,63,Main Draw,LIU Jia (AUT),NAKAJIMA Misaki (JPN)
Pro Tour Polish Open Warsaw 2010,2010-11-10,LI Jiao,BARTHEL Zhenqi,4,2,"11,11,8,11,6,11|3,7,11,7,11,7",R32,GRAND_SLAM,WS,63,Main Draw,LI Jiao (NED),BARTHEL Zhenqi (GER)
Pro Tour Polish Open Warsaw 2010,2010-11-10,KANG Misoon,BOROS Tamara,4,0,"12,11,11,11|10,7,8,8",R32,GRAND_SLAM,WS,63,Main Draw,KANG Misoon (KOR),BOROS Tamara (CRO)
Pro Tour Polish Open Warsaw 2010,2010-11-10,SAMARA Elizabeta,BILENKO Tetyana,4,0,"11,11,11,11|7,6,7,9",R32,GRAND_SLAM,WS,63,Main Draw,SAMARA Elizabeta (ROU),BILENKO Tetyana (UKR)
Pro Tour Polish Open Warsaw 2010,2010-11-10,SHIM Serom,ISHIGAKI Yuka,4,0,"13,12,11,11|11,10,4,4",R32,GRAND_SLAM,WS,63,Main Draw,SHIM Serom (KOR),ISHIGAKI Yuka (JPN)
Pro Tour Polish Open Warsaw 2010,2010-11-10,FUKUOKA Haruna,PAVLOVICH Viktoria,4,2,"11,11,6,10,11,11|7,7,11,12,8,7",R32,GRAND_SLAM,WS,63,Main Draw,FUKUOKA Haruna (JPN),PAVLOVICH Viktoria (BLR)
Pro Tour Polish Open Warsaw 2010,2010-11-10,NI Xia Lian,SIBLEY Kelly,4,1,"9,11,11,13,11|11,2,8,11,9",R32,GRAND_SLAM,WS,63,Main Draw,NI Xia Lian (LUX),SIBLEY Kelly (ENG)
Pro Tour Polish Open Warsaw 2010,2010-11-10,DODEAN Daniela,PAVLOVICH Veronika,4,3,"14,13,11,4,9,9,11|12,11,5,11,11,11,7",R32,GRAND_SLAM,WS,63,Main Draw,DODEAN Daniela (ROU),PAVLOVICH Veronika (BLR)
Pro Tour Polish Open Warsaw 2010,2010-11-10,LI Qian,DVORAK Galia,4,1,"11,13,11,11,11|5,15,9,5,9",R32,GRAND_SLAM,WS,63,Main Draw,LI Qian (POL),DVORAK Galia (ESP)
Pro Tour Polish Open Warsaw 2010,2010-11-10,SHEN Yanfei,MATSUZAWA Marina,4,3,"11,11,9,9,4,11,14|7,5,11,11,11,9,12",R32,GRAND_SLAM,WS,63,Main Draw,SHEN Yanfei (ESP),MATSUZAWA Marina (JPN)
Pro Tour Polish Open Warsaw 2010,2010-11-10,POTA Georgina,XU Jie (1982),4,0,"11,14,11,12|9,12,8,10",R32,GRAND_SLAM,WS,63,Main Draw,POTA Georgina (HUN),XU Jie (1982) (POL)
Pro Tour Polish Open Warsaw 2010,2010-11-10,IVANCAN Irene,HIURA Reiko,4,0,"11,11,11,11|9,6,3,4",R32,GRAND_SLAM,WS,63,Main Draw,IVANCAN Irene (GER),HIURA Reiko (JPN)
Pro Tour Polish Open Warsaw 2010,2010-11-10,LI Jie,BOLLMEIER Nadine,4,2,"3,9,11,11,11,13|11,11,9,4,8,11",R32,GRAND_SLAM,WS,63,Main Draw,LI Jie (NED),BOLLMEIER Nadine (GER)
Pro Tour Polish Open Warsaw 2010,2010-11-10,TOTH Krisztina,GRUNDISCH Carole,4,3,"11,9,7,11,11,11,11|9,11,11,8,4,13,5",R32,GRAND_SLAM,WS,63,Main Draw,TOTH Krisztina (HUN),GRUNDISCH Carole (FRA)
Pro Tour Polish Open Warsaw 2010,2010-11-10,LEE Eunhee,LI Xue,4,1,"11,11,8,11,11|3,9,11,6,5",R32,GRAND_SLAM,WS,63,Main Draw,LEE Eunhee (KOR),LI Xue (FRA)
Pro Tour Polish Open Warsaw 2010,2010-11-10,HU Melek,TIMINA Elena,4,2,"11,5,11,9,11,11|3,11,7,11,8,2",R32,GRAND_SLAM,WS,63,Main Draw,HU Melek (TUR),TIMINA Elena (NED)
Pro Tour Polish Open Warsaw 2010,2010-11-10,CHOI Moonyoung,LIU Jia,4,2,"8,5,11,12,12,11|11,11,5,10,10,9",R32,GRAND_SLAM,WS,63,Main Draw,CHOI Moonyoung (KOR),LIU Jia (AUT)
Pro Tour Polish Open Warsaw 2010,2010-11-10,LI Jiao,KANG Misoon,4,2,"10,11,9,11,11,11|12,7,11,9,6,9",R16,GRAND_SLAM,WS,63,Main Draw,LI Jiao (NED),KANG Misoon (KOR)
Pro Tour Polish Open Warsaw 2010,2010-11-10,SAMARA Elizabeta,SHIM Serom,4,1,"7,11,11,11,11|11,8,8,5,8",R16,GRAND_SLAM,WS,63,Main Draw,SAMARA Elizabeta (ROU),SHIM Serom (KOR)
Pro Tour Polish Open Warsaw 2010,2010-11-10,FUKUOKA Haruna,NI Xia Lian,4,0,"11,11,11,11|5,4,7,6",R16,GRAND_SLAM,WS,63,Main Draw,FUKUOKA Haruna (JPN),NI Xia Lian (LUX)
Pro Tour Polish Open Warsaw 2010,2010-11-10,DODEAN Daniela,LI Qian,4,3,"10,6,11,11,11,6,11|12,11,7,6,8,11,7",R16,GRAND_SLAM,WS,63,Main Draw,DODEAN Daniela (ROU),LI Qian (POL)
Pro Tour Polish Open Warsaw 2010,2010-11-10,SHEN Yanfei,POTA Georgina,4,1,"11,11,6,12,11|9,8,11,10,5",R16,GRAND_SLAM,WS,63,Main Draw,SHEN Yanfei (ESP),POTA Georgina (HUN)
Pro Tour Polish Open Warsaw 2010,2010-11-10,IVANCAN Irene,LI Jie,4,1,"11,11,13,9,11|7,8,11,11,8",R16,GRAND_SLAM,WS,63,Main Draw,IVANCAN Irene (GER),LI Jie (NED)
Pro Tour Polish Open Warsaw 2010,2010-11-10,LEE Eunhee,TOTH Krisztina,4,2,"11,18,11,9,7,11|9,16,6,11,11,9",R16,GRAND_SLAM,WS,63,Main Draw,LEE Eunhee (KOR),TOTH Krisztina (HUN)
Pro Tour Polish Open Warsaw 2010,2010-11-10,CHOI Moonyoung,HU Melek,4,2,"4,11,11,11,11,11|11,13,7,6,5,5",R16,GRAND_SLAM,WS,63,Main Draw,CHOI Moonyoung (KOR),HU Melek (TUR)
Pro Tour Polish Open Warsaw 2010,2010-11-10,LI Jiao,SAMARA Elizabeta,4,0,"11,15,11,11|5,13,9,8",QuarterFinal,GRAND_SLAM,WS,63,Main Draw,LI Jiao (NED),SAMARA Elizabeta (ROU)
Pro Tour Polish Open Warsaw 2010,2010-11-10,DODEAN Daniela,FUKUOKA Haruna,4,1,"11,8,14,11,11|8,11,12,8,4",QuarterFinal,GRAND_SLAM,WS,63,Main Draw,DODEAN Daniela (ROU),FUKUOKA Haruna (JPN)
Pro Tour Polish Open Warsaw 2010,2010-11-10,SHEN Yanfei,IVANCAN Irene,4,2,"11,5,8,11,11,11|7,11,11,3,5,8",QuarterFinal,GRAND_SLAM,WS,63,Main Draw,SHEN Yanfei (ESP),IVANCAN Irene (GER)
Pro Tour Polish Open Warsaw 2010,2010-11-10,LEE Eunhee,CHOI Moonyoung,4,1,"11,11,11,11,11|13,4,2,8,5",QuarterFinal,GRAND_SLAM,WS,63,Main Draw,LEE Eunhee (KOR),CHOI Moonyoung (KOR)
Pro Tour Polish Open Warsaw 2010,2010-11-10,LI Jiao,DODEAN Daniela,4,2,"11,4,11,11,11,11|3,11,13,5,4,9",SemiFinal,GRAND_SLAM,WS,63,Main Draw,LI Jiao (NED),DODEAN Daniela (ROU)
Pro Tour Polish Open Warsaw 2010,2010-11-10,SHEN Yanfei,LEE Eunhee,4,0,"11,11,11,11|4,9,5,3",SemiFinal,GRAND_SLAM,WS,63,Main Draw,SHEN Yanfei (ESP),LEE Eunhee (KOR)
Pro Tour Polish Open Warsaw 2010,2010-11-10,LI Jiao,SHEN Yanfei,4,1,"11,11,9,11,11|8,8,11,4,6",Final,GRAND_SLAM,WS,63,Main Draw,LI Jiao (NED),SHEN Yanfei (ESP)
Pro Tour Polish Open Warsaw 2010,2010-11-10,HAPONOVA Hanna,EKHOLM Matilda,4,1,"5,11,11,11,11|11,4,9,4,3",,GRAND_SLAM,WS,63,Qualification,HAPONOVA Hanna (UKR),EKHOLM Matilda (SWE)
Pro Tour Polish Open Warsaw 2010,2010-11-10,MUHLBACH Kathrin,EKHOLM Matilda,4,0,,,GRAND_SLAM,WS,63,Qualification,MUHLBACH Kathrin (GER),EKHOLM Matilda (SWE)
Pro Tour Polish Open Warsaw 2010,2010-11-10,HAPONOVA Hanna,MUHLBACH Kathrin,4,1,"11,12,5,11,11|5,10,11,2,2",,GRAND_SLAM,WS,63,Qualification,HAPONOVA Hanna (UKR),MUHLBACH Kathrin (GER)
Pro Tour Polish Open Warsaw 2010,2010-11-10,PARTYKA Natalia,EERLAND Britt,4,3,"11,9,11,11,11,5,11|5,11,13,7,4,11,6",,GRAND_SLAM,WS,63,Qualification,PARTYKA Natalia (POL),EERLAND Britt (NED)
Pro Tour Polish Open Warsaw 2010,2010-11-10,PARTYKA Natalia,DUBKOVA Elena,4,1,"11,11,9,11,11|5,5,11,7,3",,GRAND_SLAM,WS,63,Qualification,PARTYKA Natalia (POL),DUBKOVA Elena (BLR)
Pro Tour Polish Open Warsaw 2010,2010-11-10,DUBKOVA Elena,EERLAND Britt,4,0,"11,11,11,11|9,7,8,5",,GRAND_SLAM,WS,63,Qualification,DUBKOVA Elena (BLR),EERLAND Britt (NED)
Pro Tour Polish Open Warsaw 2010,2010-11-10,DVORAK Galia,KRIEGHOFF Anna,4,1,"6,11,11,11,14|11,5,3,5,12",,GRAND_SLAM,WS,63,Qualification,DVORAK Galia (ESP),KRIEGHOFF Anna (GER)
Pro Tour Polish Open Warsaw 2010,2010-11-10,DVORAK Galia,KERTAI Rita,4,1,"11,11,11,12,11|3,4,13,10,2",,GRAND_SLAM,WS,63,Qualification,DVORAK Galia (ESP),KERTAI Rita (HUN)
Pro Tour Polish Open Warsaw 2010,2010-11-10,KERTAI Rita,KRIEGHOFF Anna,4,2,"11,16,11,13,8,11|8,18,6,11,11,9",,GRAND_SLAM,WS,63,Qualification,KERTAI Rita (HUN),KRIEGHOFF Anna (GER)
Pro Tour Polish Open Warsaw 2010,2010-11-10,RAMIREZ Sara,KNEZEVIC Monika,4,0,"12,11,11,11|10,7,5,6",,GRAND_SLAM,WS,63,Qualification,RAMIREZ Sara (ESP),KNEZEVIC Monika (SRB)
Pro Tour Polish Open Warsaw 2010,2010-11-10,RAMIREZ Sara,LIU Na,4,1,"8,11,11,11,11|11,3,6,6,9",,GRAND_SLAM,WS,63,Qualification,RAMIREZ Sara (ESP),LIU Na (IRL)
Pro Tour Polish Open Warsaw 2010,2010-11-10,LIU Na,KNEZEVIC Monika,4,0,"12,11,11,11|10,7,9,8",,GRAND_SLAM,WS,63,Qualification,LIU Na (IRL),KNEZEVIC Monika (SRB)
Pro Tour Polish Open Warsaw 2010,2010-11-10,GRUNDISCH Carole,HARABASZOVA Lenka,4,0,"11,11,11,11|4,8,8,5",,GRAND_SLAM,WS,63,Qualification,GRUNDISCH Carole (FRA),HARABASZOVA Lenka (CZE)
Pro Tour Polish Open Warsaw 2010,2010-11-10,HOU Yu-Ling,SZCZERKOWSKA Magdalena,4,1,"7,11,11,11,11|11,5,7,9,8",,GRAND_SLAM,WS,63,Qualification,HOU Yu-Ling (TPE),SZCZERKOWSKA Magdalena (POL)
Pro Tour Polish Open Warsaw 2010,2010-11-10,GRUNDISCH Carole,SZCZERKOWSKA Magdalena,4,0,"12,11,11,11|10,5,9,5",,GRAND_SLAM,WS,63,Qualification,GRUNDISCH Carole (FRA),SZCZERKOWSKA Magdalena (POL)
Pro Tour Polish Open Warsaw 2010,2010-11-10,HOU Yu-Ling,HARABASZOVA Lenka,4,3,"7,11,9,10,11,11,14|11,6,11,12,6,9,12",,GRAND_SLAM,WS,63,Qualification,HOU Yu-Ling (TPE),HARABASZOVA Lenka (CZE)
Pro Tour Polish Open Warsaw 2010,2010-11-10,GRUNDISCH Carole,HOU Yu-Ling,4,1,"11,3,11,11,13|9,11,9,6,11",,GRAND_SLAM,WS,63,Qualification,GRUNDISCH Carole (FRA),HOU Yu-Ling (TPE)
Pro Tour Polish Open Warsaw 2010,2010-11-10,SZCZERKOWSKA Magdalena,HARABASZOVA Lenka,4,2,"11,11,8,11,9,11|3,8,11,9,11,9",,GRAND_SLAM,WS,63,Qualification,SZCZERKOWSKA Magdalena (POL),HARABASZOVA Lenka (CZE)
Pro Tour Polish Open Warsaw 2010,2010-11-10,NAKAJIMA Misaki,MATTENET Audrey,4,1,"11,11,7,11,11|4,8,11,9,8",,GRAND_SLAM,WS,63,Qualification,NAKAJIMA Misaki (JPN),MATTENET Audrey (FRA)
Pro Tour Polish Open Warsaw 2010,2010-11-10,CHOI Moonyoung,MATTENET Audrey,4,2,"8,11,11,10,11,11|11,5,9,12,7,5",,GRAND_SLAM,WS,63,Qualification,CHOI Moonyoung (KOR),MATTENET Audrey (FRA)
Pro Tour Polish Open Warsaw 2010,2010-11-10,NAKAJIMA Misaki,SZYMANSKA Antonina,4,0,"11,11,11,11|7,7,6,7",,GRAND_SLAM,WS,63,Qualification,NAKAJIMA Misaki (JPN),SZYMANSKA Antonina (POL)
Pro Tour Polish Open Warsaw 2010,2010-11-10,CHOI Moonyoung,NAKAJIMA Misaki,4,2,"9,8,11,11,11,11|11,11,6,6,5,5",,GRAND_SLAM,WS,63,Qualification,CHOI Moonyoung (KOR),NAKAJIMA Misaki (JPN)
Pro Tour Polish Open Warsaw 2010,2010-11-10,SZYMANSKA Antonina,MATTENET Audrey,4,2,"6,11,13,8,11,11|11,2,11,11,4,7",,GRAND_SLAM,WS,63,Qualification,SZYMANSKA Antonina (POL),MATTENET Audrey (FRA)
Pro Tour Polish Open Warsaw 2010,2010-11-10,GANINA Svetlana,BARTOSOVA Hana,4,0,"11,12,11,11|3,10,9,8",,GRAND_SLAM,WS,63,Qualification,GANINA Svetlana (RUS),BARTOSOVA Hana (CZE)
Pro Tour Polish Open Warsaw 2010,2010-11-10,GRZYBOWSKA-FRANC Katarzyna,ZHMUDENKO Iana,4,0,"11,11,12,12|6,6,10,10",,GRAND_SLAM,WS,63,Qualification,GRZYBOWSKA-FRANC Katarzyna (POL),ZHMUDENKO Iana (UKR)
Pro Tour Polish Open Warsaw 2010,2010-11-10,GANINA Svetlana,GRZYBOWSKA-FRANC Katarzyna,4,1,"7,11,11,11,11|11,9,6,7,5",,GRAND_SLAM,WS,63,Qualification,GANINA Svetlana (RUS),GRZYBOWSKA-FRANC Katarzyna (POL)
Pro Tour Polish Open Warsaw 2010,2010-11-10,BARTOSOVA Hana,ZHMUDENKO Iana,4,1,"11,11,11,11,11|3,9,13,9,8",,GRAND_SLAM,WS,63,Qualification,BARTOSOVA Hana (CZE),ZHMUDENKO Iana (UKR)
Pro Tour Polish Open Warsaw 2010,2010-11-10,GANINA Svetlana,ZHMUDENKO Iana,4,0,"11,11,11,11|7,8,2,8",,GRAND_SLAM,WS,63,Qualification,GANINA Svetlana (RUS),ZHMUDENKO Iana (UKR)
Pro Tour Polish Open Warsaw 2010,2010-11-10,GRZYBOWSKA-FRANC Katarzyna,BARTOSOVA Hana,4,0,"11,11,11,11|8,6,9,6",,GRAND_SLAM,WS,63,Qualification,GRZYBOWSKA-FRANC Katarzyna (POL),BARTOSOVA Hana (CZE)
Pro Tour Polish Open Warsaw 2010,2010-11-10,IVANCAN Irene,PIETKIEWICZ Monika,4,1,"11,6,11,11,11|5,11,9,7,6",,GRAND_SLAM,WS,63,Qualification,IVANCAN Irene (GER),PIETKIEWICZ Monika (POL)
Pro Tour Polish Open Warsaw 2010,2010-11-10,PENKAVOVA Katerina,LIN Chia-Yu,4,0,"11,11,11,12|9,4,3,10",,GRAND_SLAM,WS,63,Qualification,PENKAVOVA Katerina (CZE),LIN Chia-Yu (TPE)
Pro Tour Polish Open Warsaw 2010,2010-11-10,IVANCAN Irene,PENKAVOVA Katerina,4,1,"11,7,13,11,11|8,11,11,4,9",,GRAND_SLAM,WS,63,Qualification,IVANCAN Irene (GER),PENKAVOVA Katerina (CZE)
Pro Tour Polish Open Warsaw 2010,2010-11-10,PIETKIEWICZ Monika,LIN Chia-Yu,4,2,"11,11,11,6,10,11|1,4,5,11,12,5",,GRAND_SLAM,WS,63,Qualification,PIETKIEWICZ Monika (POL),LIN Chia-Yu (TPE)
Pro Tour Polish Open Warsaw 2010,2010-11-10,IVANCAN Irene,LIN Chia-Yu,4,0,"11,11,12,11|7,4,10,6",,GRAND_SLAM,WS,63,Qualification,IVANCAN Irene (GER),LIN Chia-Yu (TPE)
Pro Tour Polish Open Warsaw 2010,2010-11-10,PENKAVOVA Katerina,PIETKIEWICZ Monika,4,1,"11,11,4,11,11|9,8,11,7,7",,GRAND_SLAM,WS,63,Qualification,PENKAVOVA Katerina (CZE),PIETKIEWICZ Monika (POL)
Pro Tour Polish Open Warsaw 2010,2010-11-10,SIBLEY Kelly,PASTOR Agata,4,0,"11,11,12,13|7,8,10,11",,GRAND_SLAM,WS,63,Qualification,SIBLEY Kelly (ENG),PASTOR Agata (POL)
Pro Tour Polish Open Warsaw 2010,2010-11-10,LIN Chia-Hsuan,PRIVALOVA Alexandra,4,2,"11,9,8,11,12,11|9,11,11,7,10,8",,GRAND_SLAM,WS,63,Qualification,LIN Chia-Hsuan (TPE),PRIVALOVA Alexandra (BLR)
Pro Tour Polish Open Warsaw 2010,2010-11-10,SIBLEY Kelly,PRIVALOVA Alexandra,4,0,"11,11,11,11|4,6,3,9",,GRAND_SLAM,WS,63,Qualification,SIBLEY Kelly (ENG),PRIVALOVA Alexandra (BLR)
Pro Tour Polish Open Warsaw 2010,2010-11-10,LIN Chia-Hsuan,PASTOR Agata,4,3,"9,6,11,11,11,9,12|11,11,9,4,6,11,10",,GRAND_SLAM,WS,63,Qualification,LIN Chia-Hsuan (TPE),PASTOR Agata (POL)
Pro Tour Polish Open Warsaw 2010,2010-11-10,SIBLEY Kelly,LIN Chia-Hsuan,4,0,"11,11,11,11|6,4,6,4",,GRAND_SLAM,WS,63,Qualification,SIBLEY Kelly (ENG),LIN Chia-Hsuan (TPE)
Pro Tour Polish Open Warsaw 2010,2010-11-10,PRIVALOVA Alexandra,PASTOR Agata,4,0,,,GRAND_SLAM,WS,63,Qualification,PRIVALOVA Alexandra (BLR),PASTOR Agata (POL)
Pro Tour Polish Open Warsaw 2010,2010-11-10,SOLJA Petrissa,JANTA-LIPINSKA Anna,4,0,"11,11,11,11|9,6,5,9",,GRAND_SLAM,WS,63,Qualification,SOLJA Petrissa (GER),JANTA-LIPINSKA Anna (POL)
Pro Tour Polish Open Warsaw 2010,2010-11-10,MATSUZAWA Marina,MADARASZ Dora,4,0,"11,11,11,11|8,5,5,5",,GRAND_SLAM,WS,63,Qualification,MATSUZAWA Marina (JPN),MADARASZ Dora (HUN)
Pro Tour Polish Open Warsaw 2010,2010-11-10,SOLJA Petrissa,MADARASZ Dora,4,2,"11,11,11,7,5,11|5,3,8,11,11,5",,GRAND_SLAM,WS,63,Qualification,SOLJA Petrissa (GER),MADARASZ Dora (HUN)
Pro Tour Polish Open Warsaw 2010,2010-11-10,MATSUZAWA Marina,JANTA-LIPINSKA Anna,4,0,"11,11,11,11|4,3,9,9",,GRAND_SLAM,WS,63,Qualification,MATSUZAWA Marina (JPN),JANTA-LIPINSKA Anna (POL)
Pro Tour Polish Open Warsaw 2010,2010-11-10,MATSUZAWA Marina,SOLJA Petrissa,4,0,"11,11,11,11|3,9,9,4",,GRAND_SLAM,WS,63,Qualification,MATSUZAWA Marina (JPN),SOLJA Petrissa (GER)
Pro Tour Polish Open Warsaw 2010,2010-11-10,MADARASZ Dora,JANTA-LIPINSKA Anna,4,2,"12,7,7,11,11,11|10,11,11,7,6,6",,GRAND_SLAM,WS,63,Qualification,MADARASZ Dora (HUN),JANTA-LIPINSKA Anna (POL)
Pro Tour Polish Open Warsaw 2010,2010-11-10,KIM Junghyun,KOLTSOVA Anastasia,4,0,"11,11,11,11|4,8,5,5",,GRAND_SLAM,WS,63,Qualification,KIM Junghyun (KOR),KOLTSOVA Anastasia (RUS)
Pro Tour Polish Open Warsaw 2010,2010-11-10,QUACH Michelle,KUSINSKA Klaudia,4,3,"11,7,11,8,11,13,12|8,11,5,11,13,11,10",,GRAND_SLAM,WS,63,Qualification,QUACH Michelle (SWE),KUSINSKA Klaudia (POL)
Pro Tour Polish Open Warsaw 2010,2010-11-10,KUSINSKA Klaudia,KIM Junghyun,4,2,"5,11,11,11,7,11|11,1,6,7,11,3",,GRAND_SLAM,WS,63,Qualification,KUSINSKA Klaudia (POL),KIM Junghyun (KOR)
Pro Tour Polish Open Warsaw 2010,2010-11-10,KOLTSOVA Anastasia,QUACH Michelle,4,3,"9,11,11,11,6,8,11|11,3,3,6,11,11,5",,GRAND_SLAM,WS,63,Qualification,KOLTSOVA Anastasia (RUS),QUACH Michelle (SWE)
Pro Tour Polish Open Warsaw 2010,2010-11-10,KIM Junghyun,QUACH Michelle,4,0,"11,11,11,11|7,7,8,3",,GRAND_SLAM,WS,63,Qualification,KIM Junghyun (KOR),QUACH Michelle (SWE)
Pro Tour Polish Open Warsaw 2010,2010-11-10,KOLTSOVA Anastasia,KUSINSKA Klaudia,4,3,"11,11,11,8,12,9,11|7,13,7,11,10,11,5",,GRAND_SLAM,WS,63,Qualification,KOLTSOVA Anastasia (RUS),KUSINSKA Klaudia (POL)
Pro Tour Polish Open Warsaw 2010,2010-11-10,YAMANASHI Yuri,LUCZAKOWSKA Daria,4,0,"11,11,11,11|7,9,4,7",,GRAND_SLAM,WS,63,Qualification,YAMANASHI Yuri (JPN),LUCZAKOWSKA Daria (POL)
Pro Tour Polish Open Warsaw 2010,2010-11-10,LIN Chia-Hui,EXARCHOU Filareti,4,1,"11,7,11,11,11|5,11,7,8,9",,GRAND_SLAM,WS,63,Qualification,LIN Chia-Hui (TPE),EXARCHOU Filareti (GRE)
Pro Tour Polish Open Warsaw 2010,2010-11-10,YAMANASHI Yuri,LIN Chia-Hui,4,0,"11,11,11,12|9,3,8,10",,GRAND_SLAM,WS,63,Qualification,YAMANASHI Yuri (JPN),LIN Chia-Hui (TPE)
Pro Tour Polish Open Warsaw 2010,2010-11-10,LUCZAKOWSKA Daria,EXARCHOU Filareti,4,0,"11,15,11,11|9,13,7,4",,GRAND_SLAM,WS,63,Qualification,LUCZAKOWSKA Daria (POL),EXARCHOU Filareti (GRE)
Pro Tour Polish Open Warsaw 2010,2010-11-10,YAMANASHI Yuri,EXARCHOU Filareti,4,0,"11,11,11,11|7,8,4,5",,GRAND_SLAM,WS,63,Qualification,YAMANASHI Yuri (JPN),EXARCHOU Filareti (GRE)
Pro Tour Polish Open Warsaw 2010,2010-11-10,LIN Chia-Hui,LUCZAKOWSKA Daria,4,1,"11,11,11,8,11|8,7,6,11,6",,GRAND_SLAM,WS,63,Qualification,LIN Chia-Hui (TPE),LUCZAKOWSKA Daria (POL)
Pro Tour Polish Open Warsaw 2010,2010-11-10,HE Sirin,GOLOTA Marta,4,0,"11,11,13,11|1,9,11,7",,GRAND_SLAM,WS,63,Qualification,HE Sirin (TUR),GOLOTA Marta (POL)
Pro Tour Polish Open Warsaw 2010,2010-11-10,AGERHOLM Pernille,SMISTIKOVA Martina,4,1,"4,11,11,12,11|11,7,8,10,6",,GRAND_SLAM,WS,63,Qualification,AGERHOLM Pernille (DEN),SMISTIKOVA Martina (CZE)
Pro Tour Polish Open Warsaw 2010,2010-11-10,HE Sirin,SMISTIKOVA Martina,4,1,"12,7,11,11,11|10,11,2,2,9",,GRAND_SLAM,WS,63,Qualification,HE Sirin (TUR),SMISTIKOVA Martina (CZE)
Pro Tour Polish Open Warsaw 2010,2010-11-10,GOLOTA Marta,AGERHOLM Pernille,4,0,"12,11,12,11|10,9,10,7",,GRAND_SLAM,WS,63,Qualification,GOLOTA Marta (POL),AGERHOLM Pernille (DEN)
Pro Tour Polish Open Warsaw 2010,2010-11-10,HE Sirin,AGERHOLM Pernille,4,2,"9,11,7,11,11,11|11,6,11,3,7,6",,GRAND_SLAM,WS,63,Qualification,HE Sirin (TUR),AGERHOLM Pernille (DEN)
Pro Tour Polish Open Warsaw 2010,2010-11-10,SMISTIKOVA Martina,GOLOTA Marta,4,2,"11,16,11,9,5,12|6,14,3,11,11,10",,GRAND_SLAM,WS,63,Qualification,SMISTIKOVA Martina (CZE),GOLOTA Marta (POL)
Pro Tour Polish Open Warsaw 2010,2010-11-10,CHEN Szu-Yu,OWEN Naomi,4,2,"14,12,3,11,11,11|16,10,11,7,6,7",,GRAND_SLAM,WS,63,Qualification,CHEN Szu-Yu (TPE),OWEN Naomi (WAL)
Pro Tour Polish Open Warsaw 2010,2010-11-10,DESSAINT Aurore,WABIK Sandra,4,1,"7,11,11,11,11|11,3,3,8,9",,GRAND_SLAM,WS,63,Qualification,DESSAINT Aurore (FRA),WABIK Sandra (POL)
Pro Tour Polish Open Warsaw 2010,2010-11-10,CHEN Szu-Yu,DESSAINT Aurore,4,1,"11,6,11,11,11|8,11,5,6,9",,GRAND_SLAM,WS,63,Qualification,CHEN Szu-Yu (TPE),DESSAINT Aurore (FRA)
Pro Tour Polish Open Warsaw 2010,2010-11-10,WABIK Sandra,OWEN Naomi,4,2,"11,11,5,11,7,14|5,3,11,3,11,12",,GRAND_SLAM,WS,63,Qualification,WABIK Sandra (POL),OWEN Naomi (WAL)
Pro Tour Polish Open Warsaw 2010,2010-11-10,CHEN Szu-Yu,WABIK Sandra,4,1,"11,11,11,8,11|7,9,2,11,3",,GRAND_SLAM,WS,63,Qualification,CHEN Szu-Yu (TPE),WABIK Sandra (POL)
Pro Tour Polish Open Warsaw 2010,2010-11-10,DESSAINT Aurore,OWEN Naomi,4,0,"11,13,11,11|7,11,7,4",,GRAND_SLAM,WS,63,Qualification,DESSAINT Aurore (FRA),OWEN Naomi (WAL)
Pro Tour Polish Open Warsaw 2010,2010-11-10,KRAMER Tanja,LOSOSOVSKAYA Olga,4,0,"11,11,11,11|8,5,6,6",,GRAND_SLAM,WS,63,Qualification,KRAMER Tanja (GER),LOSOSOVSKAYA Olga (RUS)
Pro Tour Polish Open Warsaw 2010,2010-11-10,CECHOVA Dana,SLIFIRCZYK Katarzyna,4,1,"11,11,4,11,11|6,9,11,9,4",,GRAND_SLAM,WS,63,Qualification,CECHOVA Dana (CZE),SLIFIRCZYK Katarzyna (POL)
Pro Tour Polish Open Warsaw 2010,2010-11-10,CECHOVA Dana,KRAMER Tanja,4,2,"4,11,12,11,8,12|11,2,10,7,11,10",,GRAND_SLAM,WS,63,Qualification,CECHOVA Dana (CZE),KRAMER Tanja (GER)
Pro Tour Polish Open Warsaw 2010,2010-11-10,SLIFIRCZYK Katarzyna,LOSOSOVSKAYA Olga,4,3,"14,9,11,6,11,4,11|12,11,7,11,9,11,7",,GRAND_SLAM,WS,63,Qualification,SLIFIRCZYK Katarzyna (POL),LOSOSOVSKAYA Olga (RUS)
Pro Tour Polish Open Warsaw 2010,2010-11-10,KRAMER Tanja,SLIFIRCZYK Katarzyna,4,0,"11,11,11,11|7,5,3,9",,GRAND_SLAM,WS,63,Qualification,KRAMER Tanja (GER),SLIFIRCZYK Katarzyna (POL)
Pro Tour Polish Open Warsaw 2010,2010-11-10,CECHOVA Dana,LOSOSOVSKAYA Olga,4,0,"11,11,11,12|5,4,4,10",,GRAND_SLAM,WS,63,Qualification,CECHOVA Dana (CZE),LOSOSOVSKAYA Olga (RUS)
Pro Tour Polish Open Warsaw 2010,2010-11-10,BOLLMEIER Nadine,STUCKYTE Egle,4,0,"11,11,11,11|3,2,7,4",,GRAND_SLAM,WS,63,Qualification,BOLLMEIER Nadine (GER),STUCKYTE Egle (LTU)
Pro Tour Polish Open Warsaw 2010,2010-11-10,STEFANSKA Kinga,MOSKOVITS Daniela,4,1,"6,11,11,11,11|11,7,3,7,3",,GRAND_SLAM,WS,63,Qualification,STEFANSKA Kinga (POL),MOSKOVITS Daniela (SWE)
Pro Tour Polish Open Warsaw 2010,2010-11-10,STUCKYTE Egle,MOSKOVITS Daniela,4,1,"11,12,11,9,11|7,10,9,11,8",,GRAND_SLAM,WS,63,Qualification,STUCKYTE Egle (LTU),MOSKOVITS Daniela (SWE)
Pro Tour Polish Open Warsaw 2010,2010-11-10,BOLLMEIER Nadine,MOSKOVITS Daniela,4,1,"11,11,11,11,11|7,13,5,8,5",,GRAND_SLAM,WS,63,Qualification,BOLLMEIER Nadine (GER),MOSKOVITS Daniela (SWE)
Pro Tour Polish Open Warsaw 2010,2010-11-10,STEFANSKA Kinga,STUCKYTE Egle,4,0,"12,11,11,11|10,6,8,6",,GRAND_SLAM,WS,63,Qualification,STEFANSKA Kinga (POL),STUCKYTE Egle (LTU)
Pro Tour Polish Open Warsaw 2010,2010-11-10,KUZMINA Elena,SIKORSKA Magdalena,4,0,"11,11,11,12|5,4,8,10",,GRAND_SLAM,WS,63,Qualification,KUZMINA Elena (RUS),SIKORSKA Magdalena (POL)
Pro Tour Polish Open Warsaw 2010,2010-11-10,LI Bin,SCHUH Anja,4,0,"11,11,11,14|4,6,8,12",,GRAND_SLAM,WS,63,Qualification,LI Bin (HUN),SCHUH Anja (GER)
Pro Tour Polish Open Warsaw 2010,2010-11-10,LI Bin,KUZMINA Elena,4,1,"7,11,11,11,11|11,4,8,7,3",,GRAND_SLAM,WS,63,Qualification,LI Bin (HUN),KUZMINA Elena (RUS)
Pro Tour Polish Open Warsaw 2010,2010-11-10,SIKORSKA Magdalena,SCHUH Anja,4,1,"11,11,8,11,11|3,7,11,8,7",,GRAND_SLAM,WS,63,Qualification,SIKORSKA Magdalena (POL),SCHUH Anja (GER)
Pro Tour Polish Open Warsaw 2010,2010-11-10,KUZMINA Elena,SCHUH Anja,4,1,"11,11,5,11,11|8,6,11,4,7",,GRAND_SLAM,WS,63,Qualification,KUZMINA Elena (RUS),SCHUH Anja (GER)
Pro Tour Polish Open Warsaw 2010,2010-11-10,LI Bin,SIKORSKA Magdalena,4,3,"11,12,9,2,11,9,11|7,10,11,11,3,11,8",,GRAND_SLAM,WS,63,Qualification,LI Bin (HUN),SIKORSKA Magdalena (POL)
Pro Tour Polish Open Warsaw 2010,2010-11-10,TIAN Yuan,VINOGRADOVA Mariia,4,1,"11,11,11,9,11|4,4,5,11,7",,GRAND_SLAM,WS,63,Qualification,TIAN Yuan (CRO),VINOGRADOVA Mariia (RUS)
Pro Tour Polish Open Warsaw 2010,2010-11-10,SONG Maeum,CHENG Hsien-Tzu,4,1,"11,11,7,11,11|3,8,11,2,9",,GRAND_SLAM,WS,63,Qualification,SONG Maeum (KOR),CHENG Hsien-Tzu (TPE)
Pro Tour Polish Open Warsaw 2010,2010-11-10,SONG Maeum,TIAN Yuan,4,2,"6,11,3,11,11,11|11,5,11,8,9,3",,GRAND_SLAM,WS,63,Qualification,SONG Maeum (KOR),TIAN Yuan (CRO)
Pro Tour Polish Open Warsaw 2010,2010-11-10,VINOGRADOVA Mariia,CHENG Hsien-Tzu,4,1,"11,11,11,5,11|3,6,3,11,7",,GRAND_SLAM,WS,63,Qualification,VINOGRADOVA Mariia (RUS),CHENG Hsien-Tzu (TPE)
Pro Tour Polish Open Warsaw 2010,2010-11-10,TIAN Yuan,CHENG Hsien-Tzu,4,1,"11,18,9,11,11|8,16,11,8,7",,GRAND_SLAM,WS,63,Qualification,TIAN Yuan (CRO),CHENG Hsien-Tzu (TPE)
Pro Tour Polish Open Warsaw 2010,2010-11-10,SONG Maeum,VINOGRADOVA Mariia,4,0,"11,11,11,11|9,4,9,9",,GRAND_SLAM,WS,63,Qualification,SONG Maeum (KOR),VINOGRADOVA Mariia (RUS)
Pro Tour Polish Open Warsaw 2010,2010-11-10,SHIM Serom,LOEUILLETTE Stephanie,4,1,"11,11,7,11,12|3,5,11,4,10",,GRAND_SLAM,WS,63,Qualification,SHIM Serom (KOR),LOEUILLETTE Stephanie (FRA)
Pro Tour Polish Open Warsaw 2010,2010-11-10,DRINKHALL Joanna,MIKULCOVA Kristyna,4,0,"11,11,11,11|5,8,7,6",,GRAND_SLAM,WS,63,Qualification,DRINKHALL Joanna (ENG),MIKULCOVA Kristyna (CZE)
Pro Tour Polish Open Warsaw 2010,2010-11-10,SHIM Serom,DRINKHALL Joanna,4,2,"11,8,11,8,11,11|5,11,9,11,5,7",,GRAND_SLAM,WS,63,Qualification,SHIM Serom (KOR),DRINKHALL Joanna (ENG)
Pro Tour Polish Open Warsaw 2010,2010-11-10,LOEUILLETTE Stephanie,MIKULCOVA Kristyna,4,3,"11,9,5,10,13,11,11|9,11,11,12,11,9,8",,GRAND_SLAM,WS,63,Qualification,LOEUILLETTE Stephanie (FRA),MIKULCOVA Kristyna (CZE)
Pro Tour Polish Open Warsaw 2010,2010-11-10,SHIM Serom,MIKULCOVA Kristyna,4,0,"11,11,11,11|8,3,8,9",,GRAND_SLAM,WS,63,Qualification,SHIM Serom (KOR),MIKULCOVA Kristyna (CZE)
Pro Tour Polish Open Warsaw 2010,2010-11-10,DRINKHALL Joanna,LOEUILLETTE Stephanie,4,0,"11,12,11,11|8,10,4,8",,GRAND_SLAM,WS,63,Qualification,DRINKHALL Joanna (ENG),LOEUILLETTE Stephanie (FRA)
Pro Tour Polish Open Warsaw 2010,2010-11-10,PERGEL Szandra,DOBREVA Polina,4,1,"9,11,12,11,11|11,4,10,0,3",,GRAND_SLAM,WS,63,Qualification,PERGEL Szandra (HUN),DOBREVA Polina (BUL)
Pro Tour Polish Open Warsaw 2010,2010-11-10,MIKHAILOVA Polina,PAPADAKI Angeliki,4,0,"11,11,11,11|7,4,5,4",,GRAND_SLAM,WS,63,Qualification,MIKHAILOVA Polina (RUS),PAPADAKI Angeliki (GRE)
Pro Tour Polish Open Warsaw 2010,2010-11-10,MIKHAILOVA Polina,PERGEL Szandra,4,1,"4,11,11,11,12|11,9,8,8,10",,GRAND_SLAM,WS,63,Qualification,MIKHAILOVA Polina (RUS),PERGEL Szandra (HUN)
Pro Tour Polish Open Warsaw 2010,2010-11-10,DOBREVA Polina,PAPADAKI Angeliki,4,0,"12,12,11,11|10,10,9,6",,GRAND_SLAM,WS,63,Qualification,DOBREVA Polina (BUL),PAPADAKI Angeliki (GRE)
Pro Tour Polish Open Warsaw 2010,2010-11-10,PERGEL Szandra,PAPADAKI Angeliki,4,2,"11,8,11,11,9,11|9,11,5,5,11,7",,GRAND_SLAM,WS,63,Qualification,PERGEL Szandra (HUN),PAPADAKI Angeliki (GRE)
Pro Tour Polish Open Warsaw 2010,2010-11-10,MIKHAILOVA Polina,DOBREVA Polina,4,1,"11,8,11,11,11|5,11,4,6,9",,GRAND_SLAM,WS,63,Qualification,MIKHAILOVA Polina (RUS),DOBREVA Polina (BUL)
Pro Tour Polish Open Warsaw 2010,2010-11-10,MUHLBACH Kathrin,PERGEL Szandra,4,2,"7,11,8,11,11,12|11,7,11,8,9,10",QR32,GRAND_SLAM,WS,63,Qualification,MUHLBACH Kathrin (GER),PERGEL Szandra (HUN)
Pro Tour Polish Open Warsaw 2010,2010-11-10,DRINKHALL Joanna,DUBKOVA Elena,4,0,,QR32,GRAND_SLAM,WS,63,Qualification,DRINKHALL Joanna (ENG),DUBKOVA Elena (BLR)
Pro Tour Polish Open Warsaw 2010,2010-11-10,TIAN Yuan,KERTAI Rita,4,1,"11,6,11,13,11|6,11,7,11,7",QR32,GRAND_SLAM,WS,63,Qualification,TIAN Yuan (CRO),KERTAI Rita (HUN)
Pro Tour Polish Open Warsaw 2010,2010-11-10,KUZMINA Elena,LIU Na,4,1,"11,11,11,6,11|5,6,5,11,5",QR32,GRAND_SLAM,WS,63,Qualification,KUZMINA Elena (RUS),LIU Na (IRL)
Pro Tour Polish Open Warsaw 2010,2010-11-10,STEFANSKA Kinga,HOU Yu-Ling,4,0,"11,11,12,11|6,2,10,8",QR32,GRAND_SLAM,WS,63,Qualification,STEFANSKA Kinga (POL),HOU Yu-Ling (TPE)
Pro Tour Polish Open Warsaw 2010,2010-11-10,KRAMER Tanja,NAKAJIMA Misaki,4,1,"11,11,10,12,11|6,8,12,10,4",QR32,GRAND_SLAM,WS,63,Qualification,KRAMER Tanja (GER),NAKAJIMA Misaki (JPN)
Pro Tour Polish Open Warsaw 2010,2010-11-10,GRZYBOWSKA-FRANC Katarzyna,DESSAINT Aurore,4,2,"8,11,7,11,11,11|11,3,11,9,5,9",QR32,GRAND_SLAM,WS,63,Qualification,GRZYBOWSKA-FRANC Katarzyna (POL),DESSAINT Aurore (FRA)
Pro Tour Polish Open Warsaw 2010,2010-11-10,LIN Chia-Hui,PENKAVOVA Katerina,4,1,"11,9,11,11,11|9,11,8,5,7",QR32,GRAND_SLAM,WS,63,Qualification,LIN Chia-Hui (TPE),PENKAVOVA Katerina (CZE)
Pro Tour Polish Open Warsaw 2010,2010-11-10,GOLOTA Marta,LIN Chia-Hsuan,4,0,"11,11,11,13|6,5,5,11",QR32,GRAND_SLAM,WS,63,Qualification,GOLOTA Marta (POL),LIN Chia-Hsuan (TPE)
Pro Tour Polish Open Warsaw 2010,2010-11-10,SOLJA Petrissa,KOLTSOVA Anastasia,4,0,,QR32,GRAND_SLAM,WS,63,Qualification,SOLJA Petrissa (GER),KOLTSOVA Anastasia (RUS)
