tournament,date,player_a,player_b,score_a,score_b,game_scores,round,tier,sub_event,event_id,stage,player_a_raw,player_b_raw,winner_raw
Oceania Championships Auckland 2010,2010-04-12,HOTAN Kenji,TUIONETOA William,3,0,,R64,OTHER,CBS,670,Main Draw,HOTAN Kenji (PYF),TUIONETOA William (TGA),HOTAN Kenji
Oceania Championships Auckland 2010,2010-04-12,LAI VAN Fabien,MAFI Ofa,3,0,,R64,OTHER,CBS,670,Main Draw,LAI VAN Fabien (NCL),MAFI Ofa (TGA),LAI VAN Fabien
Oceania Championships Auckland 2010,2010-04-12,SHAN CHING SEONG Erwin,FOSTER Uate,3,0,,R64,OTHER,CBS,670,Main Draw,SHAN CHING SEONG Erwin (PYF),FOSTER Uate (TGA),SHAN CHING SEONG Erwin
Oceania Championships Auckland 2010,2010-04-12,CATHCART Dillon,WANG Roger,3,0,,R32,OTHER,CBS,670,Main Draw,CATHCART Dillon (AUS),WANG Roger (NZL),CATHCART Dillon
Oceania Championships Auckland 2010,2010-04-12,CANG Jerry,GEORGE Junior,3,0,,R32,OTHER,CBS,670,Main Draw,CANG Jerry (NZL),GEORGE Junior (COK),CANG Jerry
Oceania Championships Auckland 2010,2010-04-12,HOTAN Kenji,SHEN Yang,3,0,,R32,OTHER,CBS,670,Main Draw,HOTAN Kenji (PYF),SHEN Yang (AUS),HOTAN Kenji
Oceania Championships Auckland 2010,2010-04-12,LOWE Daniel,WU Zhicong,3,0,,R32,OTHER,CBS,670,Main Draw,LOWE Daniel (NZL),WU Zhicong (FIJ),LOWE Daniel
Oceania Championships Auckland 2010,2010-04-12,ONG THOMSON Mitchell,PARK Young Jun,3,0,,R32,OTHER,CBS,670,Main Draw,ONG THOMSON Mitchell (AUS),PARK Young Jun (FIJ),ONG THOMSON Mitchell
Oceania Championships Auckland 2010,2010-04-12,LAI VAN Fabien,MA Victor,3,0,,R32,OTHER,CBS,670,Main Draw,LAI VAN Fabien (NCL),MA Victor (NZL),LAI VAN Fabien
Oceania Championships Auckland 2010,2010-04-12,TETABO Katirakei,HUANG Jeffrey,3,0,,R32,OTHER,CBS,670,Main Draw,TETABO Katirakei (KIR),HUANG Jeffrey (NZL),TETABO Katirakei
Oceania Championships Auckland 2010,2010-04-12,NING Xu,LEFEE Fonoi,3,0,,R32,OTHER,CBS,670,Main Draw,NING Xu (NZL),LEFEE Fonoi (ASA),NING Xu
Oceania Championships Auckland 2010,2010-04-12,TSAO Erny,GILBERT Paula,3,0,,R32,OTHER,CBS,670,Main Draw,TSAO Erny (AUS),GILBERT Paula (TGA),TSAO Erny
Oceania Championships Auckland 2010,2010-04-12,WARRENDER Conal,TARARO Kura,3,0,,R32,OTHER,CBS,670,Main Draw,WARRENDER Conal (NZL),TARARO Kura (COK),WARRENDER Conal
Oceania Championships Auckland 2010,2010-04-12,BEIA Teitua,LAVE Sione,3,0,,R32,OTHER,CBS,670,Main Draw,BEIA Teitua (KIR),LAVE Sione (TGA),BEIA Teitua
Oceania Championships Auckland 2010,2010-04-12,ARISHT Prajoal,KACIMAIWAI Mathew,3,0,,R32,OTHER,CBS,670,Main Draw,ARISHT Prajoal (NZL),KACIMAIWAI Mathew (FIJ),ARISHT Prajoal
Oceania Championships Auckland 2010,2010-04-12,NG Abraham,YOUNG Liam,3,0,,R32,OTHER,CBS,670,Main Draw,NG Abraham (AUS),YOUNG Liam (NZL),NG Abraham
Oceania Championships Auckland 2010,2010-04-12,SHAN CHING SEONG Erwin,ANTONIO Victor,3,0,,R32,OTHER,CBS,670,Main Draw,SHAN CHING SEONG Erwin (PYF),ANTONIO Victor (FIJ),SHAN CHING SEONG Erwin
Oceania Championships Auckland 2010,2010-04-12,SHU Dean,TABURIMAI Teingia,3,0,,R32,OTHER,CBS,670,Main Draw,SHU Dean (NZL),TABURIMAI Teingia (KIR),SHU Dean
Oceania Championships Auckland 2010,2010-04-12,RAO Roger,LEFEE Fuanuu,3,0,,R32,OTHER,CBS,670,Main Draw,RAO Roger (NZL),LEFEE Fuanuu (ASA),RAO Roger
Oceania Championships Auckland 2010,2010-04-12,CATHCART Dillon,CANG Jerry,3,0,,R16,OTHER,CBS,670,Main Draw,CATHCART Dillon (AUS),CANG Jerry (NZL),CATHCART Dillon
Oceania Championships Auckland 2010,2010-04-12,LOWE Daniel,HOTAN Kenji,3,0,,R16,OTHER,CBS,670,Main Draw,LOWE Daniel (NZL),HOTAN Kenji (PYF),LOWE Daniel
Oceania Championships Auckland 2010,2010-04-12,LAI VAN Fabien,ONG THOMSON Mitchell,3,0,,R16,OTHER,CBS,670,Main Draw,LAI VAN Fabien (NCL),ONG THOMSON Mitchell (AUS),LAI VAN Fabien
Oceania Championships Auckland 2010,2010-04-12,NING Xu,TETABO Katirakei,3,0,,R16,OTHER,CBS,670,Main Draw,NING Xu (NZL),TETABO Katirakei (KIR),NING Xu
Oceania Championships Auckland 2010,2010-04-12,TSAO Erny,WARRENDER Conal,3,0,,R16,OTHER,CBS,670,Main Draw,TSAO Erny (AUS),WARRENDER Conal (NZL),TSAO Erny
Oceania Championships Auckland 2010,2010-04-12,ARISHT Prajoal,BEIA Teitua,3,0,,R16,OTHER,CBS,670,Main Draw,ARISHT Prajoal (NZL),BEIA Teitua (KIR),ARISHT Prajoal
Oceania Championships Auckland 2010,2010-04-12,NG Abraham,SHAN CHING SEONG Erwin,3,0,,R16,OTHER,CBS,670,Main Draw,NG Abraham (AUS),SHAN CHING SEONG Erwin (PYF),NG Abraham
Oceania Championships Auckland 2010,2010-04-12,RAO Roger,SHU Dean,3,0,,R16,OTHER,CBS,670,Main Draw,RAO Roger (NZL),SHU Dean (NZL),RAO Roger
Oceania Championships Auckland 2010,2010-04-12,CATHCART Dillon,LOWE Daniel,3,0,,QF,OTHER,CBS,670,Main Draw,CATHCART Dillon (AUS),LOWE Daniel (NZL),CATHCART Dillon
Oceania Championships Auckland 2010,2010-04-12,NING Xu,LAI VAN Fabien,3,0,,QF,OTHER,CBS,670,Main Draw,NING Xu (NZL),LAI VAN Fabien (NCL),NING Xu
Oceania Championships Auckland 2010,2010-04-12,TSAO Erny,ARISHT Prajoal,3,0,,QF,OTHER,CBS,670,Main Draw,TSAO Erny (AUS),ARISHT Prajoal (NZL),TSAO Erny
Oceania Championships Auckland 2010,2010-04-12,RAO Roger,NG Abraham,3,0,,QF,OTHER,CBS,670,Main Draw,RAO Roger (NZL),NG Abraham (AUS),RAO Roger
Oceania Championships Auckland 2010,2010-04-12,CATHCART Dillon,NING Xu,3,0,,SF,OTHER,CBS,670,Main Draw,CATHCART Dillon (AUS),NING Xu (NZL),CATHCART Dillon
Oceania Championships Auckland 2010,2010-04-12,RAO Roger,TSAO Erny,3,0,,SF,OTHER,CBS,670,Main Draw,RAO Roger (NZL),TSAO Erny (AUS),RAO Roger
Oceania Championships Auckland 2010,2010-04-12,RAO Roger,CATHCART Dillon,3,0,,F,OTHER,CBS,670,Main Draw,RAO Roger (NZL),CATHCART Dillon (AUS),RAO Roger
Oceania Championships Auckland 2010,2010-04-12,ARISHT Prajoal,TETABO Katirakei,3,0,,,OTHER,CBT,670,Qualification,ARISHT Prajoal (NZL),TETABO Katirakei (KIR),ARISHT Prajoal
Oceania Championships Auckland 2010,2010-04-12,NING Xu,TABURIMAI Teingia,3,0,,,OTHER,CBT,670,Qualification,NING Xu (NZL),TABURIMAI Teingia (KIR),NING Xu
Oceania Championships Auckland 2010,2010-04-12,ARISHT Prajoal,TABURIMAI Teingia,3,0,,,OTHER,CBT,670,Qualification,ARISHT Prajoal (NZL),TABURIMAI Teingia (KIR),ARISHT Prajoal
Oceania Championships Auckland 2010,2010-04-12,PARK Young Jun,FOSTER Uate,3,0,,,OTHER,CBT,670,Qualification,PARK Young Jun (FIJ),FOSTER Uate (TGA),PARK Young Jun
Oceania Championships Auckland 2010,2010-04-12,LAVE Sione,ANTONIO Victor,3,0,,,OTHER,CBT,670,Qualification,LAVE Sione (TGA),ANTONIO Victor (FIJ),LAVE Sione
Oceania Championships Auckland 2010,2010-04-12,PARK Young Jun,LAVE Sione,3,0,,,OTHER,CBT,670,Qualification,PARK Young Jun (FIJ),LAVE Sione (TGA),PARK Young Jun
Oceania Championships Auckland 2010,2010-04-12,FOSTER Uate,ANTONIO Victor,3,0,,,OTHER,CBT,670,Qualification,FOSTER Uate (TGA),ANTONIO Victor (FIJ),FOSTER Uate
Oceania Championships Auckland 2010,2010-04-12,TSAO Erny,LEFEE Fonoi,3,0,,,OTHER,CBT,670,Qualification,TSAO Erny (AUS),LEFEE Fonoi (ASA),TSAO Erny
Oceania Championships Auckland 2010,2010-04-12,ONG THOMSON Mitchell,LEFEE Fuanuu,3,0,,,OTHER,CBT,670,Qualification,ONG THOMSON Mitchell (AUS),LEFEE Fuanuu (ASA),ONG THOMSON Mitchell
Oceania Championships Auckland 2010,2010-04-12,TSAO Erny,LEFEE Fuanuu,3,0,,,OTHER,CBT,670,Qualification,TSAO Erny (AUS),LEFEE Fuanuu (ASA),TSAO Erny
Oceania Championships Auckland 2010,2010-04-12,ONG THOMSON Mitchell,LEFEE Fonoi,3,0,,,OTHER,CBT,670,Qualification,ONG THOMSON Mitchell (AUS),LEFEE Fonoi (ASA),ONG THOMSON Mitchell
Oceania Championships Auckland 2010,2010-04-12,HOTAN Kenji,TARARO Kura,3,0,,,OTHER,CBT,670,Qualification,HOTAN Kenji (PYF),TARARO Kura (COK),HOTAN Kenji
Oceania Championships Auckland 2010,2010-04-12,SHAN CHING SEONG Erwin,GEORGE Junior,3,0,,,OTHER,CBT,670,Qualification,SHAN CHING SEONG Erwin (PYF),GEORGE Junior (COK),SHAN CHING SEONG Erwin
Oceania Championships Auckland 2010,2010-04-12,HOTAN Kenji,GEORGE Junior,3,0,,,OTHER,CBT,670,Qualification,HOTAN Kenji (PYF),GEORGE Junior (COK),HOTAN Kenji
Oceania Championships Auckland 2010,2010-04-12,SHAN CHING SEONG Erwin,TARARO Kura,3,0,,,OTHER,CBT,670,Qualification,SHAN CHING SEONG Erwin (PYF),TARARO Kura (COK),SHAN CHING SEONG Erwin
Oceania Championships Auckland 2010,2010-04-12,NG Abraham,HOTAN Kenji,3,0,,,OTHER,CBT,670,Qualification,NG Abraham (AUS),HOTAN Kenji (PYF),NG Abraham
Oceania Championships Auckland 2010,2010-04-12,TSAO Erny,SHAN CHING SEONG Erwin,3,0,,,OTHER,CBT,670,Qualification,TSAO Erny (AUS),SHAN CHING SEONG Erwin (PYF),TSAO Erny
Oceania Championships Auckland 2010,2010-04-12,TSAO Erny,HOTAN Kenji,3,0,,,OTHER,CBT,670,Qualification,TSAO Erny (AUS),HOTAN Kenji (PYF),TSAO Erny
Oceania Championships Auckland 2010,2010-04-12,RAO Roger,PARK Young Jun,3,0,,,OTHER,CBT,670,Qualification,RAO Roger (NZL),PARK Young Jun (FIJ),RAO Roger
Oceania Championships Auckland 2010,2010-04-12,ARISHT Prajoal,PARK Young Jun,3,0,,,OTHER,CBT,670,Qualification,ARISHT Prajoal (NZL),PARK Young Jun (FIJ),ARISHT Prajoal
Oceania Championships Auckland 2010,2010-04-12,RAO Roger,KACIMAIWAI Mathew,3,0,,,OTHER,CBT,670,Qualification,RAO Roger (NZL),KACIMAIWAI Mathew (FIJ),RAO Roger
Oceania Championships Auckland 2010,2010-04-12,LEFEE Fonoi,TARARO Kura,3,0,,,OTHER,CBT,670,Qualification,LEFEE Fonoi (ASA),TARARO Kura (COK),LEFEE Fonoi
Oceania Championships Auckland 2010,2010-04-12,LEFEE Fuanuu,GEORGE Junior,3,0,,,OTHER,CBT,670,Qualification,LEFEE Fuanuu (ASA),GEORGE Junior (COK),LEFEE Fuanuu
Oceania Championships Auckland 2010,2010-04-12,TARARO Kura,LEFEE Fuanuu,3,0,,,OTHER,CBT,670,Qualification,TARARO Kura (COK),LEFEE Fuanuu (ASA),TARARO Kura
Oceania Championships Auckland 2010,2010-04-12,LEFEE Fonoi,GEORGE Junior,3,0,,,OTHER,CBT,670,Qualification,LEFEE Fonoi (ASA),GEORGE Junior (COK),LEFEE Fonoi
Oceania Championships Auckland 2010,2010-04-12,TABURIMAI Teingia,FOSTER Uate,3,0,,,OTHER,CBT,670,Qualification,TABURIMAI Teingia (KIR),FOSTER Uate (TGA),TABURIMAI Teingia
Oceania Championships Auckland 2010,2010-04-12,TABURIMAI Teingia,LAVE Sione,3,0,,,OTHER,CBT,670,Qualification,TABURIMAI Teingia (KIR),LAVE Sione (TGA),TABURIMAI Teingia
Oceania Championships Auckland 2010,2010-04-12,BEIA Teitua,FOSTER Uate,3,0,,,OTHER,CBT,670,Qualification,BEIA Teitua (KIR),FOSTER Uate (TGA),BEIA Teitua
Oceania Championships Auckland 2010,2010-04-12,ARISHT Prajoal,MAFI Ofa,3,0,,,OTHER,CBT,670,Qualification,ARISHT Prajoal (NZL),MAFI Ofa (TGA),ARISHT Prajoal
Oceania Championships Auckland 2010,2010-04-12,RAO Roger,LAVE Sione,3,0,,,OTHER,CBT,670,Qualification,RAO Roger (NZL),LAVE Sione (TGA),RAO Roger
Oceania Championships Auckland 2010,2010-04-12,RAO Roger,MAFI Ofa,3,0,,,OTHER,CBT,670,Qualification,RAO Roger (NZL),MAFI Ofa (TGA),RAO Roger
Oceania Championships Auckland 2010,2010-04-12,ARISHT Prajoal,LAVE Sione,3,0,,,OTHER,CBT,670,Qualification,ARISHT Prajoal (NZL),LAVE Sione (TGA),ARISHT Prajoal
Oceania Championships Auckland 2010,2010-04-12,ONG THOMSON Mitchell,TARARO Kura,3,0,,,OTHER,CBT,670,Qualification,ONG THOMSON Mitchell (AUS),TARARO Kura (COK),ONG THOMSON Mitchell
Oceania Championships Auckland 2010,2010-04-12,NG Abraham,GEORGE Junior,3,0,,,OTHER,CBT,670,Qualification,NG Abraham (AUS),GEORGE Junior (COK),NG Abraham
Oceania Championships Auckland 2010,2010-04-12,ONG THOMSON Mitchell,GEORGE Junior,3,0,,,OTHER,CBT,670,Qualification,ONG THOMSON Mitchell (AUS),GEORGE Junior (COK),ONG THOMSON Mitchell
Oceania Championships Auckland 2010,2010-04-12,NG Abraham,TARARO Kura,3,0,,,OTHER,CBT,670,Qualification,NG Abraham (AUS),TARARO Kura (COK),NG Abraham
Oceania Championships Auckland 2010,2010-04-12,TABURIMAI Teingia,WU Zhicong,3,0,,,OTHER,CBT,670,Qualification,TABURIMAI Teingia (KIR),WU Zhicong (FIJ),TABURIMAI Teingia
Oceania Championships Auckland 2010,2010-04-12,TETABO Katirakei,PARK Young Jun,3,0,,,OTHER,CBT,670,Qualification,TETABO Katirakei (KIR),PARK Young Jun (FIJ),TETABO Katirakei
Oceania Championships Auckland 2010,2010-04-12,TABURIMAI Teingia,PARK Young Jun,3,0,,,OTHER,CBT,670,Qualification,TABURIMAI Teingia (KIR),PARK Young Jun (FIJ),TABURIMAI Teingia
Oceania Championships Auckland 2010,2010-04-12,TETABO Katirakei,WU Zhicong,3,0,,,OTHER,CBT,670,Qualification,TETABO Katirakei (KIR),WU Zhicong (FIJ),TETABO Katirakei
Oceania Championships Auckland 2010,2010-04-12,HOTAN Kenji,LEFEE Fonoi,3,0,,,OTHER,CBT,670,Qualification,HOTAN Kenji (PYF),LEFEE Fonoi (ASA),HOTAN Kenji
Oceania Championships Auckland 2010,2010-04-12,LEFEE Fuanuu,SHAN CHING SEONG Erwin,3,0,,,OTHER,CBT,670,Qualification,LEFEE Fuanuu (ASA),SHAN CHING SEONG Erwin (PYF),LEFEE Fuanuu
Oceania Championships Auckland 2010,2010-04-12,HOTAN Kenji,LEFEE Fuanuu,3,0,,,OTHER,CBT,670,Qualification,HOTAN Kenji (PYF),LEFEE Fuanuu (ASA),HOTAN Kenji
Oceania Championships Auckland 2010,2010-04-12,SHAN CHING SEONG Erwin,LEFEE Fonoi,3,0,,,OTHER,CBT,670,Qualification,SHAN CHING SEONG Erwin (PYF),LEFEE Fonoi (ASA),SHAN CHING SEONG Erwin
Oceania Championships Auckland 2010,2010-04-12,TSAO Erny,BEIA Teitua,3,0,,,OTHER,CBT,670,Qualification,TSAO Erny (AUS),BEIA Teitua (KIR),TSAO Erny
Oceania Championships Auckland 2010,2010-04-12,NG Abraham,TABURIMAI Teingia,3,0,,,OTHER,CBT,670,Qualification,NG Abraham (AUS),TABURIMAI Teingia (KIR),NG Abraham
Oceania Championships Auckland 2010,2010-04-12,TUIONETOA William,GEORGE Junior,3,0,,,OTHER,CBT,670,Qualification,TUIONETOA William (TGA),GEORGE Junior (COK),TUIONETOA William
Oceania Championships Auckland 2010,2010-04-12,LAVE Sione,TARARO Kura,3,0,,,OTHER,CBT,670,Qualification,LAVE Sione (TGA),TARARO Kura (COK),LAVE Sione
Oceania Championships Auckland 2010,2010-04-12,GEORGE Junior,LAVE Sione,3,0,,,OTHER,CBT,670,Qualification,GEORGE Junior (COK),LAVE Sione (TGA),GEORGE Junior
Oceania Championships Auckland 2010,2010-04-12,TARARO Kura,TUIONETOA William,3,0,,,OTHER,CBT,670,Qualification,TARARO Kura (COK),TUIONETOA William (TGA),TARARO Kura
Oceania Championships Auckland 2010,2010-04-12,RAO Roger,SHAN CHING SEONG Erwin,3,0,,,OTHER,CBT,670,Qualification,RAO Roger (NZL),SHAN CHING SEONG Erwin (PYF),RAO Roger
Oceania Championships Auckland 2010,2010-04-12,NING Xu,HOTAN Kenji,3,0,,,OTHER,CBT,670,Qualification,NING Xu (NZL),HOTAN Kenji (PYF),NING Xu
Oceania Championships Auckland 2010,2010-04-12,LEFEE Fonoi,PARK Young Jun,3,0,,,OTHER,CBT,670,Qualification,LEFEE Fonoi (ASA),PARK Young Jun (FIJ),LEFEE Fonoi
Oceania Championships Auckland 2010,2010-04-12,WU Zhicong,LEFEE Fuanuu,3,0,,,OTHER,CBT,670,Qualification,WU Zhicong (FIJ),LEFEE Fuanuu (ASA),WU Zhicong
Oceania Championships Auckland 2010,2010-04-12,PARK Young Jun,LEFEE Fuanuu,3,0,,,OTHER,CBT,670,Qualification,PARK Young Jun (FIJ),LEFEE Fuanuu (ASA),PARK Young Jun
Oceania Championships Auckland 2010,2010-04-12,LEFEE Fonoi,WU Zhicong,3,0,,,OTHER,CBT,670,Qualification,LEFEE Fonoi (ASA),WU Zhicong (FIJ),LEFEE Fonoi
Oceania Championships Auckland 2010,2010-04-12,HOTAN Kenji,TABURIMAI Teingia,3,0,,,OTHER,CBT,670,Qualification,HOTAN Kenji (PYF),TABURIMAI Teingia (KIR),HOTAN Kenji
Oceania Championships Auckland 2010,2010-04-12,TETABO Katirakei,SHAN CHING SEONG Erwin,3,0,,,OTHER,CBT,670,Qualification,TETABO Katirakei (KIR),SHAN CHING SEONG Erwin (PYF),TETABO Katirakei
Oceania Championships Auckland 2010,2010-04-12,HOTAN Kenji,TETABO Katirakei,3,0,,,OTHER,CBT,670,Qualification,HOTAN Kenji (PYF),TETABO Katirakei (KIR),HOTAN Kenji
Oceania Championships Auckland 2010,2010-04-12,TABURIMAI Teingia,SHAN CHING SEONG Erwin,3,0,,,OTHER,CBT,670,Qualification,TABURIMAI Teingia (KIR),SHAN CHING SEONG Erwin (PYF),TABURIMAI Teingia
Oceania Championships Auckland 2010,2010-04-12,TARARO Kura,PARK Young Jun,3,0,,,OTHER,CBT,670,Qualification,TARARO Kura (COK),PARK Young Jun (FIJ),TARARO Kura
Oceania Championships Auckland 2010,2010-04-12,KACIMAIWAI Mathew,GEORGE Junior,3,0,,,OTHER,CBT,670,Qualification,KACIMAIWAI Mathew (FIJ),GEORGE Junior (COK),KACIMAIWAI Mathew
Oceania Championships Auckland 2010,2010-04-12,GEORGE Junior,PARK Young Jun,3,0,,,OTHER,CBT,670,Qualification,GEORGE Junior (COK),PARK Young Jun (FIJ),GEORGE Junior
Oceania Championships Auckland 2010,2010-04-12,TARARO Kura,KACIMAIWAI Mathew,3,0,,,OTHER,CBT,670,Qualification,TARARO Kura (COK),KACIMAIWAI Mathew (FIJ),TARARO Kura
Oceania Championships Auckland 2010,2010-04-12,LEFEE Fuanuu,LAVE Sione,3,0,,,OTHER,CBT,670,Qualification,LEFEE Fuanuu (ASA),LAVE Sione (TGA),LEFEE Fuanuu
Oceania Championships Auckland 2010,2010-04-12,LEFEE Fonoi,FOSTER Uate,3,0,,,OTHER,CBT,670,Qualification,LEFEE Fonoi (ASA),FOSTER Uate (TGA),LEFEE Fonoi
Oceania Championships Auckland 2010,2010-04-12,LEFEE Fonoi,LAVE Sione,3,0,,,OTHER,CBT,670,Qualification,LEFEE Fonoi (ASA),LAVE Sione (TGA),LEFEE Fonoi
Oceania Championships Auckland 2010,2010-04-12,LEFEE Fuanuu,FOSTER Uate,3,0,,,OTHER,CBT,670,Qualification,LEFEE Fuanuu (ASA),FOSTER Uate (TGA),LEFEE Fuanuu
Oceania Championships Auckland 2010,2010-04-12,NING Xu,TSAO Erny,3,0,,,OTHER,CBT,670,Qualification,NING Xu (NZL),TSAO Erny (AUS),NING Xu
Oceania Championships Auckland 2010,2010-04-12,NG Abraham,RAO Roger,3,0,,,OTHER,CBT,670,Qualification,NG Abraham (AUS),RAO Roger (NZL),NG Abraham
Oceania Championships Auckland 2010,2010-04-12,NING Xu,NG Abraham,3,0,,,OTHER,CBT,670,Qualification,NING Xu (NZL),NG Abraham (AUS),NING Xu
Oceania Championships Auckland 2010,2010-04-12,LAFARGUE Sarah,PERE Ana,3,0,,R32,OTHER,CGS,670,Main Draw,LAFARGUE Sarah (NCL),PERE Ana (COK),LAFARGUE Sarah
Oceania Championships Auckland 2010,2010-04-12,MII Tina,RATKA Ola,3,0,,R32,OTHER,CGS,670,Main Draw,MII Tina (PYF),RATKA Ola (NZL),MII Tina
Oceania Championships Auckland 2010,2010-04-12,GUTTERSBERGER Tanya,MAFI Julien,3,0,,R32,OTHER,CGS,670,Main Draw,GUTTERSBERGER Tanya (FIJ),MAFI Julien (TGA),GUTTERSBERGER Tanya
Oceania Championships Auckland 2010,2010-04-12,PEPA Barbara,ELLIOTT Penina,3,0,,R32,OTHER,CGS,670,Main Draw,PEPA Barbara (TGA),ELLIOTT Penina (FIJ),PEPA Barbara
Oceania Championships Auckland 2010,2010-04-12,MAUI Manihei,WAAGA Adeline,3,0,,R32,OTHER,CGS,670,Main Draw,MAUI Manihei (PYF),WAAGA Adeline (NCL),MAUI Manihei
Oceania Championships Auckland 2010,2010-04-12,PHAN Lily,TAUALUPE Hulita,3,0,,R16,OTHER,CGS,670,Main Draw,PHAN Lily (AUS),TAUALUPE Hulita (TGA),PHAN Lily
Oceania Championships Auckland 2010,2010-04-12,LI Haoyi,LAFARGUE Sarah,3,0,,R16,OTHER,CGS,670,Main Draw,LI Haoyi (NZL),LAFARGUE Sarah (NCL),LI Haoyi
Oceania Championships Auckland 2010,2010-04-12,MII Tina,DUMORTIER Fleur,3,0,,R16,OTHER,CGS,670,Main Draw,MII Tina (PYF),DUMORTIER Fleur (NCL),MII Tina
Oceania Championships Auckland 2010,2010-04-12,DONG Sophia,GUTTERSBERGER Tanya,3,0,,R16,OTHER,CGS,670,Main Draw,DONG Sophia (NZL),GUTTERSBERGER Tanya (FIJ),DONG Sophia
Oceania Championships Auckland 2010,2010-04-12,TSENG Jennifer,LAI VAN Lea,3,0,,R16,OTHER,CGS,670,Main Draw,TSENG Jennifer (NZL),LAI VAN Lea (NCL),TSENG Jennifer
Oceania Championships Auckland 2010,2010-04-12,CAI Margaret,PEPA Barbara,3,0,,R16,OTHER,CGS,670,Main Draw,CAI Margaret (AUS),PEPA Barbara (TGA),CAI Margaret
Oceania Championships Auckland 2010,2010-04-12,RAO Ruofei,MAUI Manihei,3,0,,R16,OTHER,CGS,670,Main Draw,RAO Ruofei (NZL),MAUI Manihei (PYF),RAO Ruofei
Oceania Championships Auckland 2010,2010-04-12,BUI Vy,TULIA Nayter,3,0,,R16,OTHER,CGS,670,Main Draw,BUI Vy (AUS),TULIA Nayter (TGA),BUI Vy
Oceania Championships Auckland 2010,2010-04-12,PHAN Lily,LI Haoyi,3,0,,QF,OTHER,CGS,670,Main Draw,PHAN Lily (AUS),LI Haoyi (NZL),PHAN Lily
Oceania Championships Auckland 2010,2010-04-12,DONG Sophia,MII Tina,3,0,,QF,OTHER,CGS,670,Main Draw,DONG Sophia (NZL),MII Tina (PYF),DONG Sophia
Oceania Championships Auckland 2010,2010-04-12,TSENG Jennifer,CAI Margaret,3,0,,QF,OTHER,CGS,670,Main Draw,TSENG Jennifer (NZL),CAI Margaret (AUS),TSENG Jennifer
Oceania Championships Auckland 2010,2010-04-12,BUI Vy,RAO Ruofei,3,0,,QF,OTHER,CGS,670,Main Draw,BUI Vy (AUS),RAO Ruofei (NZL),BUI Vy
Oceania Championships Auckland 2010,2010-04-12,PHAN Lily,DONG Sophia,3,0,,SF,OTHER,CGS,670,Main Draw,PHAN Lily (AUS),DONG Sophia (NZL),PHAN Lily
Oceania Championships Auckland 2010,2010-04-12,BUI Vy,TSENG Jennifer,3,0,,SF,OTHER,CGS,670,Main Draw,BUI Vy (AUS),TSENG Jennifer (NZL),BUI Vy
Oceania Championships Auckland 2010,2010-04-12,PHAN Lily,BUI Vy,3,0,,F,OTHER,CGS,670,Main Draw,PHAN Lily (AUS),BUI Vy (AUS),PHAN Lily
Oceania Championships Auckland 2010,2010-04-12,DONG Sophia,ELLIOTT Penina,3,0,,,OTHER,CGT,670,Main Draw,DONG Sophia (NZL),ELLIOTT Penina (FIJ),DONG Sophia
Oceania Championships Auckland 2010,2010-04-12,LI Haoyi,GUTTERSBERGER Tanya,3,0,,,OTHER,CGT,670,Main Draw,LI Haoyi (NZL),GUTTERSBERGER Tanya (FIJ),LI Haoyi
Oceania Championships Auckland 2010,2010-04-12,LI Haoyi,ELLIOTT Penina,3,0,,,OTHER,CGT,670,Main Draw,LI Haoyi (NZL),ELLIOTT Penina (FIJ),LI Haoyi
Oceania Championships Auckland 2010,2010-04-12,DUMORTIER Fleur,PEPA Barbara,3,0,,,OTHER,CGT,670,Main Draw,DUMORTIER Fleur (NCL),PEPA Barbara (TGA),DUMORTIER Fleur
Oceania Championships Auckland 2010,2010-04-12,LAI VAN Lea,TULIA Nayter,3,0,,,OTHER,CGT,670,Main Draw,LAI VAN Lea (NCL),TULIA Nayter (TGA),LAI VAN Lea
Oceania Championships Auckland 2010,2010-04-12,DUMORTIER Fleur,TULIA Nayter,3,0,,,OTHER,CGT,670,Main Draw,DUMORTIER Fleur (NCL),TULIA Nayter (TGA),DUMORTIER Fleur
Oceania Championships Auckland 2010,2010-04-12,LAI VAN Lea,PEPA Barbara,3,0,,,OTHER,CGT,670,Main Draw,LAI VAN Lea (NCL),PEPA Barbara (TGA),LAI VAN Lea
Oceania Championships Auckland 2010,2010-04-12,DUMORTIER Fleur,ELLIOTT Penina,3,0,,,OTHER,CGT,670,Main Draw,DUMORTIER Fleur (NCL),ELLIOTT Penina (FIJ),DUMORTIER Fleur
Oceania Championships Auckland 2010,2010-04-12,LAI VAN Lea,GUTTERSBERGER Tanya,3,0,,,OTHER,CGT,670,Main Draw,LAI VAN Lea (NCL),GUTTERSBERGER Tanya (FIJ),LAI VAN Lea
Oceania Championships Auckland 2010,2010-04-12,DUMORTIER Fleur,GUTTERSBERGER Tanya,3,0,,,OTHER,CGT,670,Main Draw,DUMORTIER Fleur (NCL),GUTTERSBERGER Tanya (FIJ),DUMORTIER Fleur
Oceania Championships Auckland 2010,2010-04-12,LAI VAN Lea,ELLIOTT Penina,3,0,,,OTHER,CGT,670,Main Draw,LAI VAN Lea (NCL),ELLIOTT Penina (FIJ),LAI VAN Lea
Oceania Championships Auckland 2010,2010-04-12,MII Tina,TAUALUPE Hulita,3,0,,,OTHER,CGT,670,Main Draw,MII Tina (PYF),TAUALUPE Hulita (TGA),MII Tina
Oceania Championships Auckland 2010,2010-04-12,MAUI Manihei,TULIA Nayter,3,0,,,OTHER,CGT,670,Main Draw,MAUI Manihei (PYF),TULIA Nayter (TGA),MAUI Manihei
Oceania Championships Auckland 2010,2010-04-12,MII Tina,TULIA Nayter,3,0,,,OTHER,CGT,670,Main Draw,MII Tina (PYF),TULIA Nayter (TGA),MII Tina
Oceania Championships Auckland 2010,2010-04-12,MAUI Manihei,TAUALUPE Hulita,3,0,,,OTHER,CGT,670,Main Draw,MAUI Manihei (PYF),TAUALUPE Hulita (TGA),MAUI Manihei
Oceania Championships Auckland 2010,2010-04-12,DONG Sophia,MAFI Julien,3,0,,,OTHER,CGT,670,Main Draw,DONG Sophia (NZL),MAFI Julien (TGA),DONG Sophia
Oceania Championships Auckland 2010,2010-04-12,RAO Ruofei,PEPA Barbara,3,0,,,OTHER,CGT,670,Main Draw,RAO Ruofei (NZL),PEPA Barbara (TGA),RAO Ruofei
Oceania Championships Auckland 2010,2010-04-12,DONG Sophia,PEPA Barbara,3,0,,,OTHER,CGT,670,Main Draw,DONG Sophia (NZL),PEPA Barbara (TGA),DONG Sophia
Oceania Championships Auckland 2010,2010-04-12,RAO Ruofei,MAFI Julien,3,0,,,OTHER,CGT,670,Main Draw,RAO Ruofei (NZL),MAFI Julien (TGA),RAO Ruofei
Oceania Championships Auckland 2010,2010-04-12,LAI VAN Lea,MAUI Manihei,3,0,,,OTHER,CGT,670,Main Draw,LAI VAN Lea (NCL),MAUI Manihei (PYF),LAI VAN Lea
Oceania Championships Auckland 2010,2010-04-12,DUMORTIER Fleur,MII Tina,3,0,,,OTHER,CGT,670,Main Draw,DUMORTIER Fleur (NCL),MII Tina (PYF),DUMORTIER Fleur
Oceania Championships Auckland 2010,2010-04-12,LAI VAN Lea,MII Tina,3,0,,,OTHER,CGT,670,Main Draw,LAI VAN Lea (NCL),MII Tina (PYF),LAI VAN Lea
Oceania Championships Auckland 2010,2010-04-12,DUMORTIER Fleur,MAUI Manihei,3,0,,,OTHER,CGT,670,Main Draw,DUMORTIER Fleur (NCL),MAUI Manihei (PYF),DUMORTIER Fleur
Oceania Championships Auckland 2010,2010-04-12,DONG Sophia,MAUI Manihei,3,0,,,OTHER,CGT,670,Main Draw,DONG Sophia (NZL),MAUI Manihei (PYF),DONG Sophia
Oceania Championships Auckland 2010,2010-04-12,MII Tina,LI Haoyi,3,0,,,OTHER,CGT,670,Main Draw,MII Tina (PYF),LI Haoyi (NZL),MII Tina
Oceania Championships Auckland 2010,2010-04-12,MAUI Manihei,LI Haoyi,3,0,,,OTHER,CGT,670,Main Draw,MAUI Manihei (PYF),LI Haoyi (NZL),MAUI Manihei
Oceania Championships Auckland 2010,2010-04-12,TULIA Nayter,GUTTERSBERGER Tanya,3,0,,,OTHER,CGT,670,Main Draw,TULIA Nayter (TGA),GUTTERSBERGER Tanya (FIJ),TULIA Nayter
Oceania Championships Auckland 2010,2010-04-12,PEPA Barbara,GUTTERSBERGER Tanya,3,0,,,OTHER,CGT,670,Main Draw,PEPA Barbara (TGA),GUTTERSBERGER Tanya (FIJ),PEPA Barbara
Oceania Championships Auckland 2010,2010-04-12,TULIA Nayter,ELLIOTT Penina,3,0,,,OTHER,CGT,670,Main Draw,TULIA Nayter (TGA),ELLIOTT Penina (FIJ),TULIA Nayter
Oceania Championships Auckland 2010,2010-04-12,MII Tina,GUTTERSBERGER Tanya,3,0,,,OTHER,CGT,670,Main Draw,MII Tina (PYF),GUTTERSBERGER Tanya (FIJ),MII Tina
Oceania Championships Auckland 2010,2010-04-12,MAUI Manihei,ELLIOTT Penina,3,0,,,OTHER,CGT,670,Main Draw,MAUI Manihei (PYF),ELLIOTT Penina (FIJ),MAUI Manihei
Oceania Championships Auckland 2010,2010-04-12,MII Tina,ELLIOTT Penina,3,0,,,OTHER,CGT,670,Main Draw,MII Tina (PYF),ELLIOTT Penina (FIJ),MII Tina
Oceania Championships Auckland 2010,2010-04-12,MAUI Manihei,GUTTERSBERGER Tanya,3,0,,,OTHER,CGT,670,Main Draw,MAUI Manihei (PYF),GUTTERSBERGER Tanya (FIJ),MAUI Manihei
Oceania Championships Auckland 2010,2010-04-12,DONG Sophia,DUMORTIER Fleur,3,0,,,OTHER,CGT,670,Main Draw,DONG Sophia (NZL),DUMORTIER Fleur (NCL),DONG Sophia
Oceania Championships Auckland 2010,2010-04-12,HOTAN Kenji,GILBERT Paula,3,0,,R64,OTHER,JBS,670,Main Draw,HOTAN Kenji (PYF),GILBERT Paula (TGA),HOTAN Kenji
Oceania Championships Auckland 2010,2010-04-12,ONG THOMSON Mitchell,FOSTER Uate,3,0,,R64,OTHER,JBS,670,Main Draw,ONG THOMSON Mitchell (AUS),FOSTER Uate (TGA),ONG THOMSON Mitchell
Oceania Championships Auckland 2010,2010-04-12,RAO Roger,LEFEE Fonoi,3,0,,R64,OTHER,JBS,670,Main Draw,RAO Roger (NZL),LEFEE Fonoi (ASA),RAO Roger
Oceania Championships Auckland 2010,2010-04-12,CATHCART Dillon,LAVE Sione,3,0,,R64,OTHER,JBS,670,Main Draw,CATHCART Dillon (AUS),LAVE Sione (TGA),CATHCART Dillon
Oceania Championships Auckland 2010,2010-04-12,WARRENDER Conal,GUTTERSBERGER Chris,3,0,,R64,OTHER,JBS,670,Main Draw,WARRENDER Conal (NZL),GUTTERSBERGER Chris (FIJ),WARRENDER Conal
Oceania Championships Auckland 2010,2010-04-12,LAI VAN Fabien,WANG Roger,3,0,,R64,OTHER,JBS,670,Main Draw,LAI VAN Fabien (NCL),WANG Roger (NZL),LAI VAN Fabien
Oceania Championships Auckland 2010,2010-04-12,LING Hanson,TABURIMAI Teingia,3,0,,R64,OTHER,JBS,670,Main Draw,LING Hanson (NZL),TABURIMAI Teingia (KIR),LING Hanson
Oceania Championships Auckland 2010,2010-04-12,NING Xu,KACIMAIWAI Mathew,3,0,,R64,OTHER,JBS,670,Main Draw,NING Xu (NZL),KACIMAIWAI Mathew (FIJ),NING Xu
Oceania Championships Auckland 2010,2010-04-12,MORIN Kenji,MAFI Ofa,3,0,,R64,OTHER,JBS,670,Main Draw,MORIN Kenji (PYF),MAFI Ofa (TGA),MORIN Kenji
Oceania Championships Auckland 2010,2010-04-12,WALLACE Brandon,BEIA Teitua,3,0,,R64,OTHER,JBS,670,Main Draw,WALLACE Brandon (NZL),BEIA Teitua (KIR),WALLACE Brandon
Oceania Championships Auckland 2010,2010-04-12,GILABERT Stephane,KOLO Mosa'Ati,3,0,,R64,OTHER,JBS,670,Main Draw,GILABERT Stephane (NCL),KOLO Mosa'Ati (TGA),GILABERT Stephane
Oceania Championships Auckland 2010,2010-04-12,YOUNG Liam,LAL Christopher,3,0,,R64,OTHER,JBS,670,Main Draw,YOUNG Liam (NZL),LAL Christopher (FIJ),YOUNG Liam
Oceania Championships Auckland 2010,2010-04-12,SHEN Yang,GEORGE Junior,3,0,,R64,OTHER,JBS,670,Main Draw,SHEN Yang (AUS),GEORGE Junior (COK),SHEN Yang
Oceania Championships Auckland 2010,2010-04-12,TARARO Kura,SHAN CHING SEONG Erwin,3,0,,R64,OTHER,JBS,670,Main Draw,TARARO Kura (COK),SHAN CHING SEONG Erwin (PYF),TARARO Kura
Oceania Championships Auckland 2010,2010-04-12,LOWE Daniel,KUMAR Nikhil,3,0,,R64,OTHER,JBS,670,Main Draw,LOWE Daniel (NZL),KUMAR Nikhil (FIJ),LOWE Daniel
Oceania Championships Auckland 2010,2010-04-12,FIELDING David,TUIONETOA Siaki,3,0,,R64,OTHER,JBS,670,Main Draw,FIELDING David (AUS),TUIONETOA Siaki (TGA),FIELDING David
Oceania Championships Auckland 2010,2010-04-12,SCARLETT Oliver,TETABO Katirakei,3,0,,R64,OTHER,JBS,670,Main Draw,SCARLETT Oliver (NZL),TETABO Katirakei (KIR),SCARLETT Oliver
Oceania Championships Auckland 2010,2010-04-12,TSAO Erny,TUIONETOA William,3,0,,R64,OTHER,JBS,670,Main Draw,TSAO Erny (AUS),TUIONETOA William (TGA),TSAO Erny
Oceania Championships Auckland 2010,2010-04-12,LUA Halafo'Ou,ANTONIO Victor,3,0,,R64,OTHER,JBS,670,Main Draw,LUA Halafo'Ou (TGA),ANTONIO Victor (FIJ),LUA Halafo'Ou
Oceania Championships Auckland 2010,2010-04-12,BELROSE Ocean,ARISHT Prajoal,3,0,,R64,OTHER,JBS,670,Main Draw,BELROSE Ocean (PYF),ARISHT Prajoal (NZL),BELROSE Ocean
Oceania Championships Auckland 2010,2010-04-12,NG Abraham,TAUSISI Ofa,3,0,,R64,OTHER,JBS,670,Main Draw,NG Abraham (AUS),TAUSISI Ofa (TGA),NG Abraham
Oceania Championships Auckland 2010,2010-04-12,QUINNE Xavier,HUANG Jeffrey,3,0,,R64,OTHER,JBS,670,Main Draw,QUINNE Xavier (NCL),HUANG Jeffrey (NZL),QUINNE Xavier
Oceania Championships Auckland 2010,2010-04-12,FONG-ROSS Michael,WU Zhicong,3,0,,R64,OTHER,JBS,670,Main Draw,FONG-ROSS Michael (NZL),WU Zhicong (FIJ),FONG-ROSS Michael
Oceania Championships Auckland 2010,2010-04-12,LOSSING Yoan,PAGE Aaron,3,0,,R64,OTHER,JBS,670,Main Draw,LOSSING Yoan (PYF),PAGE Aaron (NZL),LOSSING Yoan
Oceania Championships Auckland 2010,2010-04-12,PARK Young Jun,TAUSISI Sitaleki,3,0,,R64,OTHER,JBS,670,Main Draw,PARK Young Jun (FIJ),TAUSISI Sitaleki (TGA),PARK Young Jun
Oceania Championships Auckland 2010,2010-04-12,CANG Jerry,LEFEE Fuanuu,3,0,,R64,OTHER,JBS,670,Main Draw,CANG Jerry (NZL),LEFEE Fuanuu (ASA),CANG Jerry
Oceania Championships Auckland 2010,2010-04-12,KONG Lingnan,HOTAN Kenji,3,0,,R32,OTHER,JBS,670,Main Draw,KONG Lingnan (NZL),HOTAN Kenji (PYF),KONG Lingnan
Oceania Championships Auckland 2010,2010-04-12,RAO Roger,ONG THOMSON Mitchell,3,0,,R32,OTHER,JBS,670,Main Draw,RAO Roger (NZL),ONG THOMSON Mitchell (AUS),RAO Roger
Oceania Championships Auckland 2010,2010-04-12,CATHCART Dillon,WARRENDER Conal,3,0,,R32,OTHER,JBS,670,Main Draw,CATHCART Dillon (AUS),WARRENDER Conal (NZL),CATHCART Dillon
Oceania Championships Auckland 2010,2010-04-12,LING Hanson,LAI VAN Fabien,3,0,,R32,OTHER,JBS,670,Main Draw,LING Hanson (NZL),LAI VAN Fabien (NCL),LING Hanson
Oceania Championships Auckland 2010,2010-04-12,BRICKNELL Jesse,NING Xu,3,0,,R32,OTHER,JBS,670,Main Draw,BRICKNELL Jesse (AUS),NING Xu (NZL),BRICKNELL Jesse
Oceania Championships Auckland 2010,2010-04-12,WALLACE Brandon,MORIN Kenji,3,0,,R32,OTHER,JBS,670,Main Draw,WALLACE Brandon (NZL),MORIN Kenji (PYF),WALLACE Brandon
Oceania Championships Auckland 2010,2010-04-12,GILABERT Stephane,YOUNG Liam,3,0,,R32,OTHER,JBS,670,Main Draw,GILABERT Stephane (NCL),YOUNG Liam (NZL),GILABERT Stephane
Oceania Championships Auckland 2010,2010-04-12,NGUYEN Thom,SHEN Yang,3,0,,R32,OTHER,JBS,670,Main Draw,NGUYEN Thom (NZL),SHEN Yang (AUS),NGUYEN Thom
Oceania Championships Auckland 2010,2010-04-12,WU Kevin,TARARO Kura,3,0,,R32,OTHER,JBS,670,Main Draw,WU Kevin (NZL),TARARO Kura (COK),WU Kevin
Oceania Championships Auckland 2010,2010-04-12,FIELDING David,LOWE Daniel,3,0,,R32,OTHER,JBS,670,Main Draw,FIELDING David (AUS),LOWE Daniel (NZL),FIELDING David
Oceania Championships Auckland 2010,2010-04-12,TSAO Erny,SCARLETT Oliver,3,0,,R32,OTHER,JBS,670,Main Draw,TSAO Erny (AUS),SCARLETT Oliver (NZL),TSAO Erny
Oceania Championships Auckland 2010,2010-04-12,BELROSE Ocean,LUA Halafo'Ou,3,0,,R32,OTHER,JBS,670,Main Draw,BELROSE Ocean (PYF),LUA Halafo'Ou (TGA),BELROSE Ocean
Oceania Championships Auckland 2010,2010-04-12,CHENG Zhiyang,NG Abraham,3,0,,R32,OTHER,JBS,670,Main Draw,CHENG Zhiyang (NZL),NG Abraham (AUS),CHENG Zhiyang
Oceania Championships Auckland 2010,2010-04-12,FONG-ROSS Michael,QUINNE Xavier,3,0,,R32,OTHER,JBS,670,Main Draw,FONG-ROSS Michael (NZL),QUINNE Xavier (NCL),FONG-ROSS Michael
Oceania Championships Auckland 2010,2010-04-12,LOSSING Yoan,PARK Young Jun,3,0,,R32,OTHER,JBS,670,Main Draw,LOSSING Yoan (PYF),PARK Young Jun (FIJ),LOSSING Yoan
Oceania Championships Auckland 2010,2010-04-12,HU Heming,CANG Jerry,3,0,,R32,OTHER,JBS,670,Main Draw,HU Heming (AUS),CANG Jerry (NZL),HU Heming
Oceania Championships Auckland 2010,2010-04-12,KONG Lingnan,RAO Roger,3,0,,R16,OTHER,JBS,670,Main Draw,KONG Lingnan (NZL),RAO Roger (NZL),KONG Lingnan
Oceania Championships Auckland 2010,2010-04-12,CATHCART Dillon,LING Hanson,3,0,,R16,OTHER,JBS,670,Main Draw,CATHCART Dillon (AUS),LING Hanson (NZL),CATHCART Dillon
Oceania Championships Auckland 2010,2010-04-12,BRICKNELL Jesse,WALLACE Brandon,3,0,,R16,OTHER,JBS,670,Main Draw,BRICKNELL Jesse (AUS),WALLACE Brandon (NZL),BRICKNELL Jesse
Oceania Championships Auckland 2010,2010-04-12,NGUYEN Thom,GILABERT Stephane,3,0,,R16,OTHER,JBS,670,Main Draw,NGUYEN Thom (NZL),GILABERT Stephane (NCL),NGUYEN Thom
Oceania Championships Auckland 2010,2010-04-12,WU Kevin,FIELDING David,3,0,,R16,OTHER,JBS,670,Main Draw,WU Kevin (NZL),FIELDING David (AUS),WU Kevin
Oceania Championships Auckland 2010,2010-04-12,BELROSE Ocean,TSAO Erny,3,0,,R16,OTHER,JBS,670,Main Draw,BELROSE Ocean (PYF),TSAO Erny (AUS),BELROSE Ocean
Oceania Championships Auckland 2010,2010-04-12,CHENG Zhiyang,FONG-ROSS Michael,3,0,,R16,OTHER,JBS,670,Main Draw,CHENG Zhiyang (NZL),FONG-ROSS Michael (NZL),CHENG Zhiyang
Oceania Championships Auckland 2010,2010-04-12,HU Heming,LOSSING Yoan,3,0,,R16,OTHER,JBS,670,Main Draw,HU Heming (AUS),LOSSING Yoan (PYF),HU Heming
Oceania Championships Auckland 2010,2010-04-12,KONG Lingnan,CATHCART Dillon,3,0,,QF,OTHER,JBS,670,Main Draw,KONG Lingnan (NZL),CATHCART Dillon (AUS),KONG Lingnan
Oceania Championships Auckland 2010,2010-04-12,BRICKNELL Jesse,NGUYEN Thom,3,0,,QF,OTHER,JBS,670,Main Draw,BRICKNELL Jesse (AUS),NGUYEN Thom (NZL),BRICKNELL Jesse
Oceania Championships Auckland 2010,2010-04-12,WU Kevin,BELROSE Ocean,3,0,,QF,OTHER,JBS,670,Main Draw,WU Kevin (NZL),BELROSE Ocean (PYF),WU Kevin
Oceania Championships Auckland 2010,2010-04-12,HU Heming,CHENG Zhiyang,3,0,,QF,OTHER,JBS,670,Main Draw,HU Heming (AUS),CHENG Zhiyang (NZL),HU Heming
Oceania Championships Auckland 2010,2010-04-12,BRICKNELL Jesse,KONG Lingnan,3,0,,SF,OTHER,JBS,670,Main Draw,BRICKNELL Jesse (AUS),KONG Lingnan (NZL),BRICKNELL Jesse
Oceania Championships Auckland 2010,2010-04-12,WU Kevin,HU Heming,3,0,,SF,OTHER,JBS,670,Main Draw,WU Kevin (NZL),HU Heming (AUS),WU Kevin
Oceania Championships Auckland 2010,2010-04-12,WU Kevin,BRICKNELL Jesse,3,0,,F,OTHER,JBS,670,Main Draw,WU Kevin (NZL),BRICKNELL Jesse (AUS),WU Kevin
Oceania Championships Auckland 2010,2010-04-12,FIELDING David,BEIA Teitua,3,0,,,OTHER,JBT,670,Qualification,FIELDING David (AUS),BEIA Teitua (KIR),FIELDING David
Oceania Championships Auckland 2010,2010-04-12,CATHCART Dillon,TABURIMAI Teingia,3,0,,,OTHER,JBT,670,Qualification,CATHCART Dillon (AUS),TABURIMAI Teingia (KIR),CATHCART Dillon
Oceania Championships Auckland 2010,2010-04-12,BRICKNELL Jesse,TETABO Katirakei,3,0,,,OTHER,JBT,670,Qualification,BRICKNELL Jesse (AUS),TETABO Katirakei (KIR),BRICKNELL Jesse
Oceania Championships Auckland 2010,2010-04-12,FIELDING David,TABURIMAI Teingia,3,0,,,OTHER,JBT,670,Qualification,FIELDING David (AUS),TABURIMAI Teingia (KIR),FIELDING David
Oceania Championships Auckland 2010,2010-04-12,CATHCART Dillon,BEIA Teitua,3,0,,,OTHER,JBT,670,Qualification,CATHCART Dillon (AUS),BEIA Teitua (KIR),CATHCART Dillon
Oceania Championships Auckland 2010,2010-04-12,GILABERT Stephane,TUIONETOA Siaki,3,0,,,OTHER,JBT,670,Qualification,GILABERT Stephane (NCL),TUIONETOA Siaki (TGA),GILABERT Stephane
Oceania Championships Auckland 2010,2010-04-12,QUINNE Xavier,TAUSISI Sitaleki,3,0,,,OTHER,JBT,670,Qualification,QUINNE Xavier (NCL),TAUSISI Sitaleki (TGA),QUINNE Xavier
Oceania Championships Auckland 2010,2010-04-12,LAI VAN Fabien,LUA Halafo'Ou,3,0,,,OTHER,JBT,670,Qualification,LAI VAN Fabien (NCL),LUA Halafo'Ou (TGA),LAI VAN Fabien
Oceania Championships Auckland 2010,2010-04-12,GILABERT Stephane,TAUSISI Sitaleki,3,0,,,OTHER,JBT,670,Qualification,GILABERT Stephane (NCL),TAUSISI Sitaleki (TGA),GILABERT Stephane
Oceania Championships Auckland 2010,2010-04-12,QUINNE Xavier,TUIONETOA Siaki,3,0,,,OTHER,JBT,670,Qualification,QUINNE Xavier (NCL),TUIONETOA Siaki (TGA),QUINNE Xavier
Oceania Championships Auckland 2010,2010-04-12,NGUYEN Thom,LAL Christopher,3,0,,,OTHER,JBT,670,Qualification,NGUYEN Thom (NZL),LAL Christopher (FIJ),NGUYEN Thom
Oceania Championships Auckland 2010,2010-04-12,WU Kevin,KUMAR Nikhil,3,0,,,OTHER,JBT,670,Qualification,WU Kevin (NZL),KUMAR Nikhil (FIJ),WU Kevin
Oceania Championships Auckland 2010,2010-04-12,KONG Lingnan,GUTTERSBERGER Chris,3,0,,,OTHER,JBT,670,Qualification,KONG Lingnan (NZL),GUTTERSBERGER Chris (FIJ),KONG Lingnan
Oceania Championships Auckland 2010,2010-04-12,BRICKNELL Jesse,QUINNE Xavier,3,0,,,OTHER,JBT,670,Qualification,BRICKNELL Jesse (AUS),QUINNE Xavier (NCL),BRICKNELL Jesse
Oceania Championships Auckland 2010,2010-04-12,HU Heming,GILABERT Stephane,3,0,,,OTHER,JBT,670,Qualification,HU Heming (AUS),GILABERT Stephane (NCL),HU Heming
Oceania Championships Auckland 2010,2010-04-12,FIELDING David,LAI VAN Fabien,3,0,,,OTHER,JBT,670,Qualification,FIELDING David (AUS),LAI VAN Fabien (NCL),FIELDING David
Oceania Championships Auckland 2010,2010-04-12,BRICKNELL Jesse,GILABERT Stephane,3,0,,,OTHER,JBT,670,Qualification,BRICKNELL Jesse (AUS),GILABERT Stephane (NCL),BRICKNELL Jesse
Oceania Championships Auckland 2010,2010-04-12,HU Heming,QUINNE Xavier,3,0,,,OTHER,JBT,670,Qualification,HU Heming (AUS),QUINNE Xavier (NCL),HU Heming
Oceania Championships Auckland 2010,2010-04-12,WU Kevin,LOSSING Yoan,3,0,,,OTHER,JBT,670,Qualification,WU Kevin (NZL),LOSSING Yoan (PYF),WU Kevin
Oceania Championships Auckland 2010,2010-04-12,BELROSE Ocean,NGUYEN Thom,3,0,,,OTHER,JBT,670,Qualification,BELROSE Ocean (PYF),NGUYEN Thom (NZL),BELROSE Ocean
Oceania Championships Auckland 2010,2010-04-12,KONG Lingnan,MORIN Kenji,3,0,,,OTHER,JBT,670,Qualification,KONG Lingnan (NZL),MORIN Kenji (PYF),KONG Lingnan
Oceania Championships Auckland 2010,2010-04-12,NGUYEN Thom,LOSSING Yoan,3,0,,,OTHER,JBT,670,Qualification,NGUYEN Thom (NZL),LOSSING Yoan (PYF),NGUYEN Thom
Oceania Championships Auckland 2010,2010-04-12,TAUSISI Sitaleki,BEIA Teitua,3,0,,,OTHER,JBT,670,Qualification,TAUSISI Sitaleki (TGA),BEIA Teitua (KIR),TAUSISI Sitaleki
Oceania Championships Auckland 2010,2010-04-12,TETABO Katirakei,TUIONETOA Siaki,3,0,,,OTHER,JBT,670,Qualification,TETABO Katirakei (KIR),TUIONETOA Siaki (TGA),TETABO Katirakei
Oceania Championships Auckland 2010,2010-04-12,TABURIMAI Teingia,TAUSISI Ofa,3,0,,,OTHER,JBT,670,Qualification,TABURIMAI Teingia (KIR),TAUSISI Ofa (TGA),TABURIMAI Teingia
Oceania Championships Auckland 2010,2010-04-12,BEIA Teitua,TUIONETOA Siaki,3,0,,,OTHER,JBT,670,Qualification,BEIA Teitua (KIR),TUIONETOA Siaki (TGA),BEIA Teitua
Oceania Championships Auckland 2010,2010-04-12,TETABO Katirakei,TAUSISI Sitaleki,3,0,,,OTHER,JBT,670,Qualification,TETABO Katirakei (KIR),TAUSISI Sitaleki (TGA),TETABO Katirakei
Oceania Championships Auckland 2010,2010-04-12,LOSSING Yoan,LAL Christopher,3,0,,,OTHER,JBT,670,Qualification,LOSSING Yoan (PYF),LAL Christopher (FIJ),LOSSING Yoan
Oceania Championships Auckland 2010,2010-04-12,BELROSE Ocean,GUTTERSBERGER Chris,3,0,,,OTHER,JBT,670,Qualification,BELROSE Ocean (PYF),GUTTERSBERGER Chris (FIJ),BELROSE Ocean
Oceania Championships Auckland 2010,2010-04-12,MORIN Kenji,KUMAR Nikhil,3,0,,,OTHER,JBT,670,Qualification,MORIN Kenji (PYF),KUMAR Nikhil (FIJ),MORIN Kenji
Oceania Championships Auckland 2010,2010-04-12,BELROSE Ocean,LAL Christopher,3,0,,,OTHER,JBT,670,Qualification,BELROSE Ocean (PYF),LAL Christopher (FIJ),BELROSE Ocean
Oceania Championships Auckland 2010,2010-04-12,LOSSING Yoan,GUTTERSBERGER Chris,3,0,,,OTHER,JBT,670,Qualification,LOSSING Yoan (PYF),GUTTERSBERGER Chris (FIJ),LOSSING Yoan
Oceania Championships Auckland 2010,2010-04-12,QUINNE Xavier,BEIA Teitua,3,0,,,OTHER,JBT,670,Qualification,QUINNE Xavier (NCL),BEIA Teitua (KIR),QUINNE Xavier
Oceania Championships Auckland 2010,2010-04-12,GILABERT Stephane,TABURIMAI Teingia,3,0,,,OTHER,JBT,670,Qualification,GILABERT Stephane (NCL),TABURIMAI Teingia (KIR),GILABERT Stephane
Oceania Championships Auckland 2010,2010-04-12,LAI VAN Fabien,TETABO Katirakei,3,0,,,OTHER,JBT,670,Qualification,LAI VAN Fabien (NCL),TETABO Katirakei (KIR),LAI VAN Fabien
Oceania Championships Auckland 2010,2010-04-12,GILABERT Stephane,BEIA Teitua,3,0,,,OTHER,JBT,670,Qualification,GILABERT Stephane (NCL),BEIA Teitua (KIR),GILABERT Stephane
Oceania Championships Auckland 2010,2010-04-12,QUINNE Xavier,TABURIMAI Teingia,3,0,,,OTHER,JBT,670,Qualification,QUINNE Xavier (NCL),TABURIMAI Teingia (KIR),QUINNE Xavier
Oceania Championships Auckland 2010,2010-04-12,FIELDING David,TAUSISI Sitaleki,3,0,,,OTHER,JBT,670,Qualification,FIELDING David (AUS),TAUSISI Sitaleki (TGA),FIELDING David
Oceania Championships Auckland 2010,2010-04-12,CATHCART Dillon,TUIONETOA Siaki,3,0,,,OTHER,JBT,670,Qualification,CATHCART Dillon (AUS),TUIONETOA Siaki (TGA),CATHCART Dillon
Oceania Championships Auckland 2010,2010-04-12,HU Heming,TAUSISI Ofa,3,0,,,OTHER,JBT,670,Qualification,HU Heming (AUS),TAUSISI Ofa (TGA),HU Heming
Oceania Championships Auckland 2010,2010-04-12,CATHCART Dillon,TAUSISI Sitaleki,3,0,,,OTHER,JBT,670,Qualification,CATHCART Dillon (AUS),TAUSISI Sitaleki (TGA),CATHCART Dillon
Oceania Championships Auckland 2010,2010-04-12,KONG Lingnan,GILABERT Stephane,3,0,,,OTHER,JBT,670,Qualification,KONG Lingnan (NZL),GILABERT Stephane (NCL),KONG Lingnan
Oceania Championships Auckland 2010,2010-04-12,WU Kevin,QUINNE Xavier,3,0,,,OTHER,JBT,670,Qualification,WU Kevin (NZL),QUINNE Xavier (NCL),WU Kevin
Oceania Championships Auckland 2010,2010-04-12,NGUYEN Thom,LAI VAN Fabien,3,0,,,OTHER,JBT,670,Qualification,NGUYEN Thom (NZL),LAI VAN Fabien (NCL),NGUYEN Thom
Oceania Championships Auckland 2010,2010-04-12,LAL Christopher,TAUSISI Ofa,3,0,,,OTHER,JBT,670,Qualification,LAL Christopher (FIJ),TAUSISI Ofa (TGA),LAL Christopher
Oceania Championships Auckland 2010,2010-04-12,TUIONETOA Siaki,KUMAR Nikhil,3,0,,,OTHER,JBT,670,Qualification,TUIONETOA Siaki (TGA),KUMAR Nikhil (FIJ),TUIONETOA Siaki
Oceania Championships Auckland 2010,2010-04-12,TAUSISI Sitaleki,GUTTERSBERGER Chris,3,0,,,OTHER,JBT,670,Qualification,TAUSISI Sitaleki (TGA),GUTTERSBERGER Chris (FIJ),TAUSISI Sitaleki
Oceania Championships Auckland 2010,2010-04-12,LAL Christopher,TUIONETOA Siaki,3,0,,,OTHER,JBT,670,Qualification,LAL Christopher (FIJ),TUIONETOA Siaki (TGA),LAL Christopher
Oceania Championships Auckland 2010,2010-04-12,TAUSISI Ofa,KUMAR Nikhil,3,0,,,OTHER,JBT,670,Qualification,TAUSISI Ofa (TGA),KUMAR Nikhil (FIJ),TAUSISI Ofa
Oceania Championships Auckland 2010,2010-04-12,BRICKNELL Jesse,MORIN Kenji,3,0,,,OTHER,JBT,670,Qualification,BRICKNELL Jesse (AUS),MORIN Kenji (PYF),BRICKNELL Jesse
Oceania Championships Auckland 2010,2010-04-12,BELROSE Ocean,HU Heming,3,0,,,OTHER,JBT,670,Qualification,BELROSE Ocean (PYF),HU Heming (AUS),BELROSE Ocean
Oceania Championships Auckland 2010,2010-04-12,CATHCART Dillon,LOSSING Yoan,3,0,,,OTHER,JBT,670,Qualification,CATHCART Dillon (AUS),LOSSING Yoan (PYF),CATHCART Dillon
Oceania Championships Auckland 2010,2010-04-12,BELROSE Ocean,BRICKNELL Jesse,3,0,,,OTHER,JBT,670,Qualification,BELROSE Ocean (PYF),BRICKNELL Jesse (AUS),BELROSE Ocean
Oceania Championships Auckland 2010,2010-04-12,HU Heming,MORIN Kenji,3,0,,,OTHER,JBT,670,Qualification,HU Heming (AUS),MORIN Kenji (PYF),HU Heming
Oceania Championships Auckland 2010,2010-04-12,HU Heming,WU Kevin,3,0,,,OTHER,JBT,670,Qualification,HU Heming (AUS),WU Kevin (NZL),HU Heming
Oceania Championships Auckland 2010,2010-04-12,KONG Lingnan,BRICKNELL Jesse,3,0,,,OTHER,JBT,670,Qualification,KONG Lingnan (NZL),BRICKNELL Jesse (AUS),KONG Lingnan
Oceania Championships Auckland 2010,2010-04-12,NGUYEN Thom,CATHCART Dillon,3,0,,,OTHER,JBT,670,Qualification,NGUYEN Thom (NZL),CATHCART Dillon (AUS),NGUYEN Thom
Oceania Championships Auckland 2010,2010-04-12,LOSSING Yoan,QUINNE Xavier,3,0,,,OTHER,JBT,670,Qualification,LOSSING Yoan (PYF),QUINNE Xavier (NCL),LOSSING Yoan
Oceania Championships Auckland 2010,2010-04-12,GILABERT Stephane,BELROSE Ocean,3,0,,,OTHER,JBT,670,Qualification,GILABERT Stephane (NCL),BELROSE Ocean (PYF),GILABERT Stephane
Oceania Championships Auckland 2010,2010-04-12,LAI VAN Fabien,MORIN Kenji,3,0,,,OTHER,JBT,670,Qualification,LAI VAN Fabien (NCL),MORIN Kenji (PYF),LAI VAN Fabien
Oceania Championships Auckland 2010,2010-04-12,BELROSE Ocean,QUINNE Xavier,3,0,,,OTHER,JBT,670,Qualification,BELROSE Ocean (PYF),QUINNE Xavier (NCL),BELROSE Ocean
Oceania Championships Auckland 2010,2010-04-12,GILABERT Stephane,LOSSING Yoan,3,0,,,OTHER,JBT,670,Qualification,GILABERT Stephane (NCL),LOSSING Yoan (PYF),GILABERT Stephane
Oceania Championships Auckland 2010,2010-04-12,LAL Christopher,TABURIMAI Teingia,3,0,,,OTHER,JBT,670,Qualification,LAL Christopher (FIJ),TABURIMAI Teingia (KIR),LAL Christopher
Oceania Championships Auckland 2010,2010-04-12,TETABO Katirakei,GUTTERSBERGER Chris,3,0,,,OTHER,JBT,670,Qualification,TETABO Katirakei (KIR),GUTTERSBERGER Chris (FIJ),TETABO Katirakei
Oceania Championships Auckland 2010,2010-04-12,KUMAR Nikhil,BEIA Teitua,3,0,,,OTHER,JBT,670,Qualification,KUMAR Nikhil (FIJ),BEIA Teitua (KIR),KUMAR Nikhil
Oceania Championships Auckland 2010,2010-04-12,TABURIMAI Teingia,GUTTERSBERGER Chris,3,0,,,OTHER,JBT,670,Qualification,TABURIMAI Teingia (KIR),GUTTERSBERGER Chris (FIJ),TABURIMAI Teingia
Oceania Championships Auckland 2010,2010-04-12,TETABO Katirakei,LAL Christopher,3,0,,,OTHER,JBT,670,Qualification,TETABO Katirakei (KIR),LAL Christopher (FIJ),TETABO Katirakei
Oceania Championships Auckland 2010,2010-04-12,TULIA Nayter,ANTONIO Leighann,3,0,,R32,OTHER,JGS,670,Main Draw,TULIA Nayter (TGA),ANTONIO Leighann (FIJ),TULIA Nayter
Oceania Championships Auckland 2010,2010-04-12,CAI Margaret,PERE Ana,3,0,,R32,OTHER,JGS,670,Main Draw,CAI Margaret (AUS),PERE Ana (COK),CAI Margaret
Oceania Championships Auckland 2010,2010-04-12,TSENG Jennifer,MAUI Manihei,3,0,,R32,OTHER,JGS,670,Main Draw,TSENG Jennifer (NZL),MAUI Manihei (PYF),TSENG Jennifer
Oceania Championships Auckland 2010,2010-04-12,GAUMET Vaihiria,LAFARGUE Sarah,3,0,,R32,OTHER,JGS,670,Main Draw,GAUMET Vaihiria (PYF),LAFARGUE Sarah (NCL),GAUMET Vaihiria
Oceania Championships Auckland 2010,2010-04-12,LI Haoyi,HUNT Kerryn,3,0,,R32,OTHER,JGS,670,Main Draw,LI Haoyi (NZL),HUNT Kerryn (COK),LI Haoyi
Oceania Championships Auckland 2010,2010-04-12,BUI Vy,TAUALUPE Hulita,3,0,,R32,OTHER,JGS,670,Main Draw,BUI Vy (AUS),TAUALUPE Hulita (TGA),BUI Vy
Oceania Championships Auckland 2010,2010-04-12,MII Tina,RAO Ruofei,3,0,,R32,OTHER,JGS,670,Main Draw,MII Tina (PYF),RAO Ruofei (NZL),MII Tina
Oceania Championships Auckland 2010,2010-04-12,COOMBS Kayla,MAFI Julien,3,0,,R32,OTHER,JGS,670,Main Draw,COOMBS Kayla (AUS),MAFI Julien (TGA),COOMBS Kayla
Oceania Championships Auckland 2010,2010-04-12,PATERSON Natalie,LUI Brenda,3,0,,R32,OTHER,JGS,670,Main Draw,PATERSON Natalie (NZL),LUI Brenda (PYF),PATERSON Natalie
Oceania Championships Auckland 2010,2010-04-12,LI Carolyn,WAAGA Adeline,3,0,,R32,OTHER,JGS,670,Main Draw,LI Carolyn (FIJ),WAAGA Adeline (NCL),LI Carolyn
Oceania Championships Auckland 2010,2010-04-12,MANICO Louisa,PEPA Barbara,3,0,,R32,OTHER,JGS,670,Main Draw,MANICO Louisa (COK),PEPA Barbara (TGA),MANICO Louisa
Oceania Championships Auckland 2010,2010-04-12,PHAN Lily,TULIA Nayter,3,0,,R16,OTHER,JGS,670,Main Draw,PHAN Lily (AUS),TULIA Nayter (TGA),PHAN Lily
Oceania Championships Auckland 2010,2010-04-12,DONG Sophia,GAUMET Vaihiria,3,0,,R16,OTHER,JGS,670,Main Draw,DONG Sophia (NZL),GAUMET Vaihiria (PYF),DONG Sophia
Oceania Championships Auckland 2010,2010-04-12,BUI Vy,LI Haoyi,3,0,,R16,OTHER,JGS,670,Main Draw,BUI Vy (AUS),LI Haoyi (NZL),BUI Vy
Oceania Championships Auckland 2010,2010-04-12,WU Julia,DUMORTIER Fleur,3,0,,R16,OTHER,JGS,670,Main Draw,WU Julia (NZL),DUMORTIER Fleur (NCL),WU Julia
Oceania Championships Auckland 2010,2010-04-12,COOMBS Kayla,MII Tina,3,0,,R16,OTHER,JGS,670,Main Draw,COOMBS Kayla (AUS),MII Tina (PYF),COOMBS Kayla
Oceania Championships Auckland 2010,2010-04-12,PATERSON Natalie,LI Carolyn,3,0,,R16,OTHER,JGS,670,Main Draw,PATERSON Natalie (NZL),LI Carolyn (FIJ),PATERSON Natalie
Oceania Championships Auckland 2010,2010-04-12,DU Anna,MANICO Louisa,3,0,,R16,OTHER,JGS,670,Main Draw,DU Anna (AUS),MANICO Louisa (COK),DU Anna
Oceania Championships Auckland 2010,2010-04-12,PHAN Lily,TSENG Jennifer,3,0,,QF,OTHER,JGS,670,Main Draw,PHAN Lily (AUS),TSENG Jennifer (NZL),PHAN Lily
Oceania Championships Auckland 2010,2010-04-12,BUI Vy,DONG Sophia,3,0,,QF,OTHER,JGS,670,Main Draw,BUI Vy (AUS),DONG Sophia (NZL),BUI Vy
Oceania Championships Auckland 2010,2010-04-12,WU Julia,COOMBS Kayla,3,0,,QF,OTHER,JGS,670,Main Draw,WU Julia (NZL),COOMBS Kayla (AUS),WU Julia
Oceania Championships Auckland 2010,2010-04-12,DU Anna,PATERSON Natalie,3,0,,QF,OTHER,JGS,670,Main Draw,DU Anna (AUS),PATERSON Natalie (NZL),DU Anna
Oceania Championships Auckland 2010,2010-04-12,DU Anna,WU Julia,3,0,,SF,OTHER,JGS,670,Main Draw,DU Anna (AUS),WU Julia (NZL),DU Anna
Oceania Championships Auckland 2010,2010-04-12,DU Anna,PHAN Lily,3,0,,F,OTHER,JGS,670,Main Draw,DU Anna (AUS),PHAN Lily (AUS),DU Anna
Oceania Championships Auckland 2010,2010-04-12,WU Julia,LAI VAN Lea,3,0,,,OTHER,JGT,670,Qualification,WU Julia (NZL),LAI VAN Lea (NCL),WU Julia
Oceania Championships Auckland 2010,2010-04-12,PATERSON Natalie,DUMORTIER Fleur,3,0,,,OTHER,JGT,670,Qualification,PATERSON Natalie (NZL),DUMORTIER Fleur (NCL),PATERSON Natalie
Oceania Championships Auckland 2010,2010-04-12,TSENG Jennifer,LAFARGUE Sarah,3,0,,,OTHER,JGT,670,Qualification,TSENG Jennifer (NZL),LAFARGUE Sarah (NCL),TSENG Jennifer
Oceania Championships Auckland 2010,2010-04-12,LAI VAN Lea,PATERSON Natalie,3,0,,,OTHER,JGT,670,Qualification,LAI VAN Lea (NCL),PATERSON Natalie (NZL),LAI VAN Lea
Oceania Championships Auckland 2010,2010-04-12,LUI Brenda,TULIA Nayter,3,0,,,OTHER,JGT,670,Qualification,LUI Brenda (PYF),TULIA Nayter (TGA),LUI Brenda
Oceania Championships Auckland 2010,2010-04-12,GAUMET Vaihiria,PEPA Barbara,3,0,,,OTHER,JGT,670,Qualification,GAUMET Vaihiria (PYF),PEPA Barbara (TGA),GAUMET Vaihiria
Oceania Championships Auckland 2010,2010-04-12,LUI Brenda,PEPA Barbara,3,0,,,OTHER,JGT,670,Qualification,LUI Brenda (PYF),PEPA Barbara (TGA),LUI Brenda
Oceania Championships Auckland 2010,2010-04-12,GAUMET Vaihiria,TULIA Nayter,3,0,,,OTHER,JGT,670,Qualification,GAUMET Vaihiria (PYF),TULIA Nayter (TGA),GAUMET Vaihiria
Oceania Championships Auckland 2010,2010-04-12,DU Anna,ANTONIO Leighann,3,0,,,OTHER,JGT,670,Qualification,DU Anna (AUS),ANTONIO Leighann (FIJ),DU Anna
Oceania Championships Auckland 2010,2010-04-12,BUI Vy,LI Carolyn,3,0,,,OTHER,JGT,670,Qualification,BUI Vy (AUS),LI Carolyn (FIJ),BUI Vy
Oceania Championships Auckland 2010,2010-04-12,COOMBS Kayla,GUTTERSBERGER Tanya,3,0,,,OTHER,JGT,670,Qualification,COOMBS Kayla (AUS),GUTTERSBERGER Tanya (FIJ),COOMBS Kayla
Oceania Championships Auckland 2010,2010-04-12,DU Anna,LI Carolyn,3,0,,,OTHER,JGT,670,Qualification,DU Anna (AUS),LI Carolyn (FIJ),DU Anna
Oceania Championships Auckland 2010,2010-04-12,BUI Vy,ANTONIO Leighann,3,0,,,OTHER,JGT,670,Qualification,BUI Vy (AUS),ANTONIO Leighann (FIJ),BUI Vy
Oceania Championships Auckland 2010,2010-04-12,WU Julia,LUI Brenda,3,0,,,OTHER,JGT,670,Qualification,WU Julia (NZL),LUI Brenda (PYF),WU Julia
Oceania Championships Auckland 2010,2010-04-12,TSENG Jennifer,GAUMET Vaihiria,3,0,,,OTHER,JGT,670,Qualification,TSENG Jennifer (NZL),GAUMET Vaihiria (PYF),TSENG Jennifer
Oceania Championships Auckland 2010,2010-04-12,PATERSON Natalie,MII Tina,3,0,,,OTHER,JGT,670,Qualification,PATERSON Natalie (NZL),MII Tina (PYF),PATERSON Natalie
Oceania Championships Auckland 2010,2010-04-12,TSENG Jennifer,LUI Brenda,3,0,,,OTHER,JGT,670,Qualification,TSENG Jennifer (NZL),LUI Brenda (PYF),TSENG Jennifer
Oceania Championships Auckland 2010,2010-04-12,WU Julia,GAUMET Vaihiria,3,0,,,OTHER,JGT,670,Qualification,WU Julia (NZL),GAUMET Vaihiria (PYF),WU Julia
Oceania Championships Auckland 2010,2010-04-12,COOMBS Kayla,HUNT Kerryn,3,0,,,OTHER,JGT,670,Qualification,COOMBS Kayla (AUS),HUNT Kerryn (COK),COOMBS Kayla
Oceania Championships Auckland 2010,2010-04-12,PHAN Lily,MANICO Louisa,3,0,,,OTHER,JGT,670,Qualification,PHAN Lily (AUS),MANICO Louisa (COK),PHAN Lily
Oceania Championships Auckland 2010,2010-04-12,BUI Vy,PERE Ana,3,0,,,OTHER,JGT,670,Qualification,BUI Vy (AUS),PERE Ana (COK),BUI Vy
Oceania Championships Auckland 2010,2010-04-12,PHAN Lily,HUNT Kerryn,3,0,,,OTHER,JGT,670,Qualification,PHAN Lily (AUS),HUNT Kerryn (COK),PHAN Lily
Oceania Championships Auckland 2010,2010-04-12,MANICO Louisa,COOMBS Kayla,3,0,,,OTHER,JGT,670,Qualification,MANICO Louisa (COK),COOMBS Kayla (AUS),MANICO Louisa
Oceania Championships Auckland 2010,2010-04-12,DUMORTIER Fleur,MAFI Julien,3,0,,,OTHER,JGT,670,Qualification,DUMORTIER Fleur (NCL),MAFI Julien (TGA),DUMORTIER Fleur
Oceania Championships Auckland 2010,2010-04-12,TAUALUPE Hulita,LAFARGUE Sarah,3,0,,,OTHER,JGT,670,Qualification,TAUALUPE Hulita (TGA),LAFARGUE Sarah (NCL),TAUALUPE Hulita
Oceania Championships Auckland 2010,2010-04-12,LAI VAN Lea,MAFI Julien,3,0,,,OTHER,JGT,670,Qualification,LAI VAN Lea (NCL),MAFI Julien (TGA),LAI VAN Lea
Oceania Championships Auckland 2010,2010-04-12,PATERSON Natalie,PEPA Barbara,3,0,,,OTHER,JGT,670,Qualification,PATERSON Natalie (NZL),PEPA Barbara (TGA),PATERSON Natalie
Oceania Championships Auckland 2010,2010-04-12,TSENG Jennifer,TAUALUPE Hulita,3,0,,,OTHER,JGT,670,Qualification,TSENG Jennifer (NZL),TAUALUPE Hulita (TGA),TSENG Jennifer
Oceania Championships Auckland 2010,2010-04-12,DONG Sophia,TULIA Nayter,3,0,,,OTHER,JGT,670,Qualification,DONG Sophia (NZL),TULIA Nayter (TGA),DONG Sophia
Oceania Championships Auckland 2010,2010-04-12,TSENG Jennifer,PEPA Barbara,3,0,,,OTHER,JGT,670,Qualification,TSENG Jennifer (NZL),PEPA Barbara (TGA),TSENG Jennifer
Oceania Championships Auckland 2010,2010-04-12,PATERSON Natalie,TAUALUPE Hulita,3,0,,,OTHER,JGT,670,Qualification,PATERSON Natalie (NZL),TAUALUPE Hulita (TGA),PATERSON Natalie
Oceania Championships Auckland 2010,2010-04-12,DUMORTIER Fleur,GAUMET Vaihiria,3,0,,,OTHER,JGT,670,Qualification,DUMORTIER Fleur (NCL),GAUMET Vaihiria (PYF),DUMORTIER Fleur
Oceania Championships Auckland 2010,2010-04-12,LUI Brenda,LAI VAN Lea,3,0,,,OTHER,JGT,670,Qualification,LUI Brenda (PYF),LAI VAN Lea (NCL),LUI Brenda
Oceania Championships Auckland 2010,2010-04-12,MII Tina,LAFARGUE Sarah,3,0,,,OTHER,JGT,670,Qualification,MII Tina (PYF),LAFARGUE Sarah (NCL),MII Tina
Oceania Championships Auckland 2010,2010-04-12,DUMORTIER Fleur,LUI Brenda,3,0,,,OTHER,JGT,670,Qualification,DUMORTIER Fleur (NCL),LUI Brenda (PYF),DUMORTIER Fleur
Oceania Championships Auckland 2010,2010-04-12,GAUMET Vaihiria,LAI VAN Lea,3,0,,,OTHER,JGT,670,Qualification,GAUMET Vaihiria (PYF),LAI VAN Lea (NCL),GAUMET Vaihiria
Oceania Championships Auckland 2010,2010-04-12,MANICO Louisa,ANTONIO Leighann,3,0,,,OTHER,JGT,670,Qualification,MANICO Louisa (COK),ANTONIO Leighann (FIJ),MANICO Louisa
Oceania Championships Auckland 2010,2010-04-12,HUNT Kerryn,LI Carolyn,3,0,,,OTHER,JGT,670,Qualification,HUNT Kerryn (COK),LI Carolyn (FIJ),HUNT Kerryn
Oceania Championships Auckland 2010,2010-04-12,GUTTERSBERGER Tanya,PERE Ana,3,0,,,OTHER,JGT,670,Qualification,GUTTERSBERGER Tanya (FIJ),PERE Ana (COK),GUTTERSBERGER Tanya
Oceania Championships Auckland 2010,2010-04-12,MANICO Louisa,LI Carolyn,3,0,,,OTHER,JGT,670,Qualification,MANICO Louisa (COK),LI Carolyn (FIJ),MANICO Louisa
Oceania Championships Auckland 2010,2010-04-12,ANTONIO Leighann,HUNT Kerryn,3,0,,,OTHER,JGT,670,Qualification,ANTONIO Leighann (FIJ),HUNT Kerryn (COK),ANTONIO Leighann
Oceania Championships Auckland 2010,2010-04-12,TSENG Jennifer,MANICO Louisa,3,0,,,OTHER,JGT,670,Main Draw,TSENG Jennifer (NZL),MANICO Louisa (COK),TSENG Jennifer
Oceania Championships Auckland 2010,2010-04-12,WU Julia,HUNT Kerryn,3,0,,,OTHER,JGT,670,Main Draw,WU Julia (NZL),HUNT Kerryn (COK),WU Julia
Oceania Championships Auckland 2010,2010-04-12,PATERSON Natalie,PERE Ana,3,0,,,OTHER,JGT,670,Main Draw,PATERSON Natalie (NZL),PERE Ana (COK),PATERSON Natalie
Oceania Championships Auckland 2010,2010-04-12,BUI Vy,LUI Brenda,3,0,,,OTHER,JGT,670,Main Draw,BUI Vy (AUS),LUI Brenda (PYF),BUI Vy
Oceania Championships Auckland 2010,2010-04-12,DU Anna,GAUMET Vaihiria,3,0,,,OTHER,JGT,670,Main Draw,DU Anna (AUS),GAUMET Vaihiria (PYF),DU Anna
Oceania Championships Auckland 2010,2010-04-12,LI Carolyn,PEPA Barbara,3,0,,,OTHER,JGT,670,Main Draw,LI Carolyn (FIJ),PEPA Barbara (TGA),LI Carolyn
Oceania Championships Auckland 2010,2010-04-12,ANTONIO Leighann,TAUALUPE Hulita,3,0,,,OTHER,JGT,670,Main Draw,ANTONIO Leighann (FIJ),TAUALUPE Hulita (TGA),ANTONIO Leighann
Oceania Championships Auckland 2010,2010-04-12,LI Carolyn,TAUALUPE Hulita,3,0,,,OTHER,JGT,670,Main Draw,LI Carolyn (FIJ),TAUALUPE Hulita (TGA),LI Carolyn
Oceania Championships Auckland 2010,2010-04-12,ANTONIO Leighann,PEPA Barbara,3,0,,,OTHER,JGT,670,Main Draw,ANTONIO Leighann (FIJ),PEPA Barbara (TGA),ANTONIO Leighann
Oceania Championships Auckland 2010,2010-04-12,BUI Vy,PATERSON Natalie,3,0,,,OTHER,JGT,670,Main Draw,BUI Vy (AUS),PATERSON Natalie (NZL),BUI Vy
Oceania Championships Auckland 2010,2010-04-12,MANICO Louisa,GAUMET Vaihiria,3,0,,,OTHER,JGT,670,Main Draw,MANICO Louisa (COK),GAUMET Vaihiria (PYF),MANICO Louisa
Oceania Championships Auckland 2010,2010-04-12,LUI Brenda,PERE Ana,3,0,,,OTHER,JGT,670,Main Draw,LUI Brenda (PYF),PERE Ana (COK),LUI Brenda
Oceania Championships Auckland 2010,2010-04-12,MII Tina,HUNT Kerryn,3,0,,,OTHER,JGT,670,Main Draw,MII Tina (PYF),HUNT Kerryn (COK),MII Tina
Oceania Championships Auckland 2010,2010-04-12,MANICO Louisa,LUI Brenda,3,0,,,OTHER,JGT,670,Main Draw,MANICO Louisa (COK),LUI Brenda (PYF),MANICO Louisa
Oceania Championships Auckland 2010,2010-04-12,GAUMET Vaihiria,PERE Ana,3,0,,,OTHER,JGT,670,Main Draw,GAUMET Vaihiria (PYF),PERE Ana (COK),GAUMET Vaihiria
Oceania Championships Auckland 2010,2010-04-12,LI Carolyn,LAI VAN Lea,3,0,,,OTHER,JGT,670,Main Draw,LI Carolyn (FIJ),LAI VAN Lea (NCL),LI Carolyn
Oceania Championships Auckland 2010,2010-04-12,DUMORTIER Fleur,ANTONIO Leighann,3,0,,,OTHER,JGT,670,Main Draw,DUMORTIER Fleur (NCL),ANTONIO Leighann (FIJ),DUMORTIER Fleur
Oceania Championships Auckland 2010,2010-04-12,LAFARGUE Sarah,GUTTERSBERGER Tanya,3,0,,,OTHER,JGT,670,Main Draw,LAFARGUE Sarah (NCL),GUTTERSBERGER Tanya (FIJ),LAFARGUE Sarah
Oceania Championships Auckland 2010,2010-04-12,DUMORTIER Fleur,LI Carolyn,3,0,,,OTHER,JGT,670,Main Draw,DUMORTIER Fleur (NCL),LI Carolyn (FIJ),DUMORTIER Fleur
Oceania Championships Auckland 2010,2010-04-12,HETHERINGTON Matthew,LATU Lisiate,3,0,,R128,OTHER,MS,670,Main Draw,HETHERINGTON Matthew (NZL),LATU Lisiate (TGA),HETHERINGTON Matthew
Oceania Championships Auckland 2010,2010-04-12,HENZELL William,TUIONETOA Heneli,3,0,,R64,OTHER,MS,670,Main Draw,HENZELL William (AUS),TUIONETOA Heneli (TGA),HENZELL William
Oceania Championships Auckland 2010,2010-04-12,BALL Matthew,BARNARD Julian,3,0,,R64,OTHER,MS,670,Main Draw,BALL Matthew (NZL),BARNARD Julian (COK),BALL Matthew
Oceania Championships Auckland 2010,2010-04-12,FONG-ROSS Michael,SUTER Vaki,3,0,,R64,OTHER,MS,670,Main Draw,FONG-ROSS Michael (NZL),SUTER Vaki (TGA),FONG-ROSS Michael
Oceania Championships Auckland 2010,2010-04-12,WU Kevin,GUTTERSBERGER Chris,3,0,,R64,OTHER,MS,670,Main Draw,WU Kevin (NZL),GUTTERSBERGER Chris (FIJ),WU Kevin
Oceania Championships Auckland 2010,2010-04-12,LOWE Nathan,QUINNE Xavier,3,0,,R64,OTHER,MS,670,Main Draw,LOWE Nathan (NZL),QUINNE Xavier (NCL),LOWE Nathan
Oceania Championships Auckland 2010,2010-04-12,REILLY Stephen,PEPA Simote,3,0,,R64,OTHER,MS,670,Main Draw,REILLY Stephen (FIJ),PEPA Simote (TGA),REILLY Stephen
Oceania Championships Auckland 2010,2010-04-12,BELROSE Alize,TUIAKI Ketoni,3,0,,R64,OTHER,MS,670,Main Draw,BELROSE Alize (PYF),TUIAKI Ketoni (TGA),BELROSE Alize
Oceania Championships Auckland 2010,2010-04-12,POWELL David,CHENG Zhiyang,3,0,,R64,OTHER,MS,670,Main Draw,POWELL David (AUS),CHENG Zhiyang (NZL),POWELL David
Oceania Championships Auckland 2010,2010-04-12,CORDUE John,ANTONIO Peter,3,0,,R64,OTHER,MS,670,Main Draw,CORDUE John (NZL),ANTONIO Peter (FIJ),CORDUE John
Oceania Championships Auckland 2010,2010-04-12,SCARLETT Oliver,LAO Jeremy,3,0,,R64,OTHER,MS,670,Main Draw,SCARLETT Oliver (NZL),LAO Jeremy (NCL),SCARLETT Oliver
Oceania Championships Auckland 2010,2010-04-12,BRICKNELL Jesse,TAVO Salesi,3,0,,R64,OTHER,MS,670,Main Draw,BRICKNELL Jesse (AUS),TAVO Salesi (TGA),BRICKNELL Jesse
Oceania Championships Auckland 2010,2010-04-12,HARTER James,TABURIMAI Teingia,3,0,,R64,OTHER,MS,670,Main Draw,HARTER James (NZL),TABURIMAI Teingia (KIR),HARTER James
Oceania Championships Auckland 2010,2010-04-12,ALEXANDRE Josh,DOUAGLIN Joel,3,0,,R64,OTHER,MS,670,Main Draw,ALEXANDRE Josh (NZL),DOUAGLIN Joel (NCL),ALEXANDRE Josh
Oceania Championships Auckland 2010,2010-04-12,WARRENDER Conal,KUMAR Nikhil,3,0,,R64,OTHER,MS,670,Main Draw,WARRENDER Conal (NZL),KUMAR Nikhil (FIJ),WARRENDER Conal
Oceania Championships Auckland 2010,2010-04-12,MORIN Kenji,FEKAU Mauniteni,3,0,,R64,OTHER,MS,670,Main Draw,MORIN Kenji (PYF),FEKAU Mauniteni (TGA),MORIN Kenji
Oceania Championships Auckland 2010,2010-04-12,TANG George,NGUYEN Thom,3,0,,R64,OTHER,MS,670,Main Draw,TANG George (AUS),NGUYEN Thom (NZL),TANG George
Oceania Championships Auckland 2010,2010-04-12,DAVIS Kyle,TAUFEULUNGAKI Metui,3,0,,R64,OTHER,MS,670,Main Draw,DAVIS Kyle (AUS),TAUFEULUNGAKI Metui (TGA),DAVIS Kyle
Oceania Championships Auckland 2010,2010-04-12,COLLINS Ben,GILABERT Stephane,3,0,,R64,OTHER,MS,670,Main Draw,COLLINS Ben (NZL),GILABERT Stephane (NCL),COLLINS Ben
Oceania Championships Auckland 2010,2010-04-12,CHAND Sanesh,VAKALAHI Alekisanita,3,0,,R64,OTHER,MS,670,Main Draw,CHAND Sanesh (FIJ),VAKALAHI Alekisanita (TGA),CHAND Sanesh
Oceania Championships Auckland 2010,2010-04-12,KONG Lingnan,KLOUMAN Tinihau,3,0,,R64,OTHER,MS,670,Main Draw,KONG Lingnan (NZL),KLOUMAN Tinihau (PYF),KONG Lingnan
Oceania Championships Auckland 2010,2010-04-12,WANG Qi,VAILEA Fotuika,3,0,,R64,OTHER,MS,670,Main Draw,WANG Qi (FIJ),VAILEA Fotuika (TGA),WANG Qi
Oceania Championships Auckland 2010,2010-04-12,LOWE Matthew,UPOKO Ngamata,3,0,,R64,OTHER,MS,670,Main Draw,LOWE Matthew (NZL),UPOKO Ngamata (COK),LOWE Matthew
Oceania Championships Auckland 2010,2010-04-12,FIELDING David,HETHERINGTON Matthew,3,0,,R64,OTHER,MS,670,Main Draw,FIELDING David (AUS),HETHERINGTON Matthew (NZL),FIELDING David
Oceania Championships Auckland 2010,2010-04-12,XIAO Phillip,LAI VAN Fabien,3,0,,R64,OTHER,MS,670,Main Draw,XIAO Phillip (NZL),LAI VAN Fabien (NCL),XIAO Phillip
Oceania Championships Auckland 2010,2010-04-12,ZHU Ryan,EIAO Eric,3,0,,R64,OTHER,MS,670,Main Draw,ZHU Ryan (NZL),EIAO Eric (COK),ZHU Ryan
Oceania Championships Auckland 2010,2010-04-12,LAL Christopher,AFEMUI Pilimai,3,0,,R64,OTHER,MS,670,Main Draw,LAL Christopher (FIJ),AFEMUI Pilimai (TGA),LAL Christopher
Oceania Championships Auckland 2010,2010-04-12,BELROSE Ocean,TANGI One'one,3,0,,R64,OTHER,MS,670,Main Draw,BELROSE Ocean (PYF),TANGI One'one (TGA),BELROSE Ocean
Oceania Championships Auckland 2010,2010-04-12,HU Heming,COLLINS Myles,3,0,,R64,OTHER,MS,670,Main Draw,HU Heming (AUS),COLLINS Myles (NZL),HU Heming
Oceania Championships Auckland 2010,2010-04-12,DYE Craig,HO Anthony,3,0,,R64,OTHER,MS,670,Main Draw,DYE Craig (NZL),HO Anthony (FIJ),DYE Craig
Oceania Championships Auckland 2010,2010-04-12,DEY Jeremy,UHI Sekope,3,0,,R64,OTHER,MS,670,Main Draw,DEY Jeremy (NCL),UHI Sekope (TGA),DEY Jeremy
Oceania Championships Auckland 2010,2010-04-12,LOSSING Yoan,AFU Paltiel,3,0,,R64,OTHER,MS,670,Main Draw,LOSSING Yoan (PYF),AFU Paltiel (TGA),LOSSING Yoan
Oceania Championships Auckland 2010,2010-04-12,HAN Justin,LING Hanson,3,0,,R64,OTHER,MS,670,Main Draw,HAN Justin (AUS),LING Hanson (NZL),HAN Justin
Oceania Championships Auckland 2010,2010-04-12,HENZELL William,BALL Matthew,3,0,,R32,OTHER,MS,670,Main Draw,HENZELL William (AUS),BALL Matthew (NZL),HENZELL William
Oceania Championships Auckland 2010,2010-04-12,WU Kevin,FONG-ROSS Michael,3,0,,R32,OTHER,MS,670,Main Draw,WU Kevin (NZL),FONG-ROSS Michael (NZL),WU Kevin
Oceania Championships Auckland 2010,2010-04-12,LOWE Nathan,REILLY Stephen,3,0,,R32,OTHER,MS,670,Main Draw,LOWE Nathan (NZL),REILLY Stephen (FIJ),LOWE Nathan
Oceania Championships Auckland 2010,2010-04-12,POWELL David,BELROSE Alize,3,0,,R32,OTHER,MS,670,Main Draw,POWELL David (AUS),BELROSE Alize (PYF),POWELL David
Oceania Championships Auckland 2010,2010-04-12,CORDUE John,SCARLETT Oliver,3,0,,R32,OTHER,MS,670,Main Draw,CORDUE John (NZL),SCARLETT Oliver (NZL),CORDUE John
Oceania Championships Auckland 2010,2010-04-12,BRICKNELL Jesse,HARTER James,3,0,,R32,OTHER,MS,670,Main Draw,BRICKNELL Jesse (AUS),HARTER James (NZL),BRICKNELL Jesse
Oceania Championships Auckland 2010,2010-04-12,ALEXANDRE Josh,WARRENDER Conal,3,0,,R32,OTHER,MS,670,Main Draw,ALEXANDRE Josh (NZL),WARRENDER Conal (NZL),ALEXANDRE Josh
Oceania Championships Auckland 2010,2010-04-12,TANG George,MORIN Kenji,3,0,,R32,OTHER,MS,670,Main Draw,TANG George (AUS),MORIN Kenji (PYF),TANG George
Oceania Championships Auckland 2010,2010-04-12,DAVIS Kyle,COLLINS Ben,3,0,,R32,OTHER,MS,670,Main Draw,DAVIS Kyle (AUS),COLLINS Ben (NZL),DAVIS Kyle
Oceania Championships Auckland 2010,2010-04-12,KONG Lingnan,CHAND Sanesh,3,0,,R32,OTHER,MS,670,Main Draw,KONG Lingnan (NZL),CHAND Sanesh (FIJ),KONG Lingnan
Oceania Championships Auckland 2010,2010-04-12,LOWE Matthew,WANG Qi,3,0,,R32,OTHER,MS,670,Main Draw,LOWE Matthew (NZL),WANG Qi (FIJ),LOWE Matthew
Oceania Championships Auckland 2010,2010-04-12,XIAO Phillip,FIELDING David,3,0,,R32,OTHER,MS,670,Main Draw,XIAO Phillip (NZL),FIELDING David (AUS),XIAO Phillip
Oceania Championships Auckland 2010,2010-04-12,ZHU Ryan,LAL Christopher,3,0,,R32,OTHER,MS,670,Main Draw,ZHU Ryan (NZL),LAL Christopher (FIJ),ZHU Ryan
Oceania Championships Auckland 2010,2010-04-12,HU Heming,BELROSE Ocean,3,0,,R32,OTHER,MS,670,Main Draw,HU Heming (AUS),BELROSE Ocean (PYF),HU Heming
Oceania Championships Auckland 2010,2010-04-12,DYE Craig,DEY Jeremy,3,0,,R32,OTHER,MS,670,Main Draw,DYE Craig (NZL),DEY Jeremy (NCL),DYE Craig
Oceania Championships Auckland 2010,2010-04-12,HAN Justin,LOSSING Yoan,3,0,,R32,OTHER,MS,670,Main Draw,HAN Justin (AUS),LOSSING Yoan (PYF),HAN Justin
Oceania Championships Auckland 2010,2010-04-12,HENZELL William,WU Kevin,3,0,,R16,OTHER,MS,670,Main Draw,HENZELL William (AUS),WU Kevin (NZL),HENZELL William
Oceania Championships Auckland 2010,2010-04-12,POWELL David,LOWE Nathan,3,0,,R16,OTHER,MS,670,Main Draw,POWELL David (AUS),LOWE Nathan (NZL),POWELL David
Oceania Championships Auckland 2010,2010-04-12,CORDUE John,BRICKNELL Jesse,3,0,,R16,OTHER,MS,670,Main Draw,CORDUE John (NZL),BRICKNELL Jesse (AUS),CORDUE John
Oceania Championships Auckland 2010,2010-04-12,TANG George,ALEXANDRE Josh,3,0,,R16,OTHER,MS,670,Main Draw,TANG George (AUS),ALEXANDRE Josh (NZL),TANG George
Oceania Championships Auckland 2010,2010-04-12,DAVIS Kyle,KONG Lingnan,3,0,,R16,OTHER,MS,670,Main Draw,DAVIS Kyle (AUS),KONG Lingnan (NZL),DAVIS Kyle
Oceania Championships Auckland 2010,2010-04-12,XIAO Phillip,LOWE Matthew,3,0,,R16,OTHER,MS,670,Main Draw,XIAO Phillip (NZL),LOWE Matthew (NZL),XIAO Phillip
Oceania Championships Auckland 2010,2010-04-12,HU Heming,ZHU Ryan,3,0,,R16,OTHER,MS,670,Main Draw,HU Heming (AUS),ZHU Ryan (NZL),HU Heming
Oceania Championships Auckland 2010,2010-04-12,HAN Justin,DYE Craig,3,0,,R16,OTHER,MS,670,Main Draw,HAN Justin (AUS),DYE Craig (NZL),HAN Justin
Oceania Championships Auckland 2010,2010-04-12,HENZELL William,POWELL David,3,0,,QF,OTHER,MS,670,Main Draw,HENZELL William (AUS),POWELL David (AUS),HENZELL William
Oceania Championships Auckland 2010,2010-04-12,TANG George,CORDUE John,3,0,,QF,OTHER,MS,670,Main Draw,TANG George (AUS),CORDUE John (NZL),TANG George
Oceania Championships Auckland 2010,2010-04-12,DAVIS Kyle,XIAO Phillip,3,0,,QF,OTHER,MS,670,Main Draw,DAVIS Kyle (AUS),XIAO Phillip (NZL),DAVIS Kyle
Oceania Championships Auckland 2010,2010-04-12,HAN Justin,HU Heming,3,0,,QF,OTHER,MS,670,Main Draw,HAN Justin (AUS),HU Heming (AUS),HAN Justin
Oceania Championships Auckland 2010,2010-04-12,HENZELL William,TANG George,3,0,,SF,OTHER,MS,670,Main Draw,HENZELL William (AUS),TANG George (AUS),HENZELL William
Oceania Championships Auckland 2010,2010-04-12,HAN Justin,DAVIS Kyle,3,0,,SF,OTHER,MS,670,Main Draw,HAN Justin (AUS),DAVIS Kyle (AUS),HAN Justin
Oceania Championships Auckland 2010,2010-04-12,HENZELL William,HAN Justin,3,0,,F,OTHER,MS,670,Main Draw,HENZELL William (AUS),HAN Justin (AUS),HENZELL William
Oceania Championships Auckland 2010,2010-04-12,SCARLETT Oliver,GILABERT Stephane,3,0,,R64,OTHER,U21MS,670,Main Draw,SCARLETT Oliver (NZL),GILABERT Stephane (NCL),SCARLETT Oliver
Oceania Championships Auckland 2010,2010-04-12,WARRENDER Conal,KULA Taikoni,3,0,,R64,OTHER,U21MS,670,Main Draw,WARRENDER Conal (NZL),KULA Taikoni (TGA),WARRENDER Conal
Oceania Championships Auckland 2010,2010-04-12,CHENG Zhiyang,CHAND Sanesh,3,0,,R64,OTHER,U21MS,670,Main Draw,CHENG Zhiyang (NZL),CHAND Sanesh (FIJ),CHENG Zhiyang
Oceania Championships Auckland 2010,2010-04-12,BELROSE Ocean,LASALOSI Sioeli,3,0,,R64,OTHER,U21MS,670,Main Draw,BELROSE Ocean (PYF),LASALOSI Sioeli (TGA),BELROSE Ocean
Oceania Championships Auckland 2010,2010-04-12,PAGE Aaron,TABURIMAI Teingia,3,0,,R64,OTHER,U21MS,670,Main Draw,PAGE Aaron (NZL),TABURIMAI Teingia (KIR),PAGE Aaron
Oceania Championships Auckland 2010,2010-04-12,ONG THOMSON Mitchell,MOALA Heimoana,3,0,,R64,OTHER,U21MS,670,Main Draw,ONG THOMSON Mitchell (AUS),MOALA Heimoana (TGA),ONG THOMSON Mitchell
Oceania Championships Auckland 2010,2010-04-12,FONG-ROSS Michael,ANTONIO Victor,3,0,,R64,OTHER,U21MS,670,Main Draw,FONG-ROSS Michael (NZL),ANTONIO Victor (FIJ),FONG-ROSS Michael
Oceania Championships Auckland 2010,2010-04-12,MORIN Kenji,FILIAI Longani,3,0,,R64,OTHER,U21MS,670,Main Draw,MORIN Kenji (PYF),FILIAI Longani (TGA),MORIN Kenji
Oceania Championships Auckland 2010,2010-04-12,BALL Matthew,BEIA Teitua,3,0,,R64,OTHER,U21MS,670,Main Draw,BALL Matthew (NZL),BEIA Teitua (KIR),BALL Matthew
Oceania Championships Auckland 2010,2010-04-12,NING Xu,ANTONIO Peter,3,0,,R64,OTHER,U21MS,670,Main Draw,NING Xu (NZL),ANTONIO Peter (FIJ),NING Xu
Oceania Championships Auckland 2010,2010-04-12,FIELDING David,FISI'IANI Gerry,3,0,,R64,OTHER,U21MS,670,Main Draw,FIELDING David (AUS),FISI'IANI Gerry (TGA),FIELDING David
Oceania Championships Auckland 2010,2010-04-12,LOSSING Yoan,LATU Lisiate,3,0,,R64,OTHER,U21MS,670,Main Draw,LOSSING Yoan (PYF),LATU Lisiate (TGA),LOSSING Yoan
Oceania Championships Auckland 2010,2010-04-12,ARISHT Prajoal,GUTTERSBERGER Chris,3,0,,R64,OTHER,U21MS,670,Main Draw,ARISHT Prajoal (NZL),GUTTERSBERGER Chris (FIJ),ARISHT Prajoal
Oceania Championships Auckland 2010,2010-04-12,LING Hanson,TSAO Erny,3,0,,R64,OTHER,U21MS,670,Main Draw,LING Hanson (NZL),TSAO Erny (AUS),LING Hanson
Oceania Championships Auckland 2010,2010-04-12,BRICKNELL Jesse,HETHERINGTON Matthew,3,0,,R64,OTHER,U21MS,670,Main Draw,BRICKNELL Jesse (AUS),HETHERINGTON Matthew (NZL),BRICKNELL Jesse
Oceania Championships Auckland 2010,2010-04-12,LASALOSI Sisi,TETABO Katirakei,3,0,,R64,OTHER,U21MS,670,Main Draw,LASALOSI Sisi (TGA),TETABO Katirakei (KIR),LASALOSI Sisi
Oceania Championships Auckland 2010,2010-04-12,NG Abraham,MOALA Sione,3,0,,R64,OTHER,U21MS,670,Main Draw,NG Abraham (AUS),MOALA Sione (TGA),NG Abraham
Oceania Championships Auckland 2010,2010-04-12,CATHCART Dillon,QUINNE Xavier,3,0,,R64,OTHER,U21MS,670,Main Draw,CATHCART Dillon (AUS),QUINNE Xavier (NCL),CATHCART Dillon
Oceania Championships Auckland 2010,2010-04-12,LAL Christopher,FOLAU Ofa,3,0,,R64,OTHER,U21MS,670,Main Draw,LAL Christopher (FIJ),FOLAU Ofa (TGA),LAL Christopher
Oceania Championships Auckland 2010,2010-04-12,BELROSE Alize,WALLACE Brandon,3,0,,R64,OTHER,U21MS,670,Main Draw,BELROSE Alize (PYF),WALLACE Brandon (NZL),BELROSE Alize
Oceania Championships Auckland 2010,2010-04-12,HOTAN Kenji,FA'AOSO Siaki,3,0,,R64,OTHER,U21MS,670,Main Draw,HOTAN Kenji (PYF),FA'AOSO Siaki (TGA),HOTAN Kenji
Oceania Championships Auckland 2010,2010-04-12,RAO Roger,KUMAR Nikhil,3,0,,R64,OTHER,U21MS,670,Main Draw,RAO Roger (NZL),KUMAR Nikhil (FIJ),RAO Roger
Oceania Championships Auckland 2010,2010-04-12,HAN Justin,SCARLETT Oliver,3,0,,R32,OTHER,U21MS,670,Main Draw,HAN Justin (AUS),SCARLETT Oliver (NZL),HAN Justin
Oceania Championships Auckland 2010,2010-04-12,CHENG Zhiyang,WARRENDER Conal,3,0,,R32,OTHER,U21MS,670,Main Draw,CHENG Zhiyang (NZL),WARRENDER Conal (NZL),CHENG Zhiyang
Oceania Championships Auckland 2010,2010-04-12,BELROSE Ocean,PAGE Aaron,3,0,,R32,OTHER,U21MS,670,Main Draw,BELROSE Ocean (PYF),PAGE Aaron (NZL),BELROSE Ocean
Oceania Championships Auckland 2010,2010-04-12,HARTER James,ONG THOMSON Mitchell,3,0,,R32,OTHER,U21MS,670,Main Draw,HARTER James (NZL),ONG THOMSON Mitchell (AUS),HARTER James
Oceania Championships Auckland 2010,2010-04-12,HU Heming,FONG-ROSS Michael,3,0,,R32,OTHER,U21MS,670,Main Draw,HU Heming (AUS),FONG-ROSS Michael (NZL),HU Heming
Oceania Championships Auckland 2010,2010-04-12,LOWE Matthew,MORIN Kenji,3,0,,R32,OTHER,U21MS,670,Main Draw,LOWE Matthew (NZL),MORIN Kenji (PYF),LOWE Matthew
Oceania Championships Auckland 2010,2010-04-12,BALL Matthew,NING Xu,3,0,,R32,OTHER,U21MS,670,Main Draw,BALL Matthew (NZL),NING Xu (NZL),BALL Matthew
Oceania Championships Auckland 2010,2010-04-12,KONG Lingnan,FIELDING David,3,0,,R32,OTHER,U21MS,670,Main Draw,KONG Lingnan (NZL),FIELDING David (AUS),KONG Lingnan
Oceania Championships Auckland 2010,2010-04-12,XIAO Phillip,LOSSING Yoan,3,0,,R32,OTHER,U21MS,670,Main Draw,XIAO Phillip (NZL),LOSSING Yoan (PYF),XIAO Phillip
Oceania Championships Auckland 2010,2010-04-12,ARISHT Prajoal,LING Hanson,3,0,,R32,OTHER,U21MS,670,Main Draw,ARISHT Prajoal (NZL),LING Hanson (NZL),ARISHT Prajoal
Oceania Championships Auckland 2010,2010-04-12,BRICKNELL Jesse,LASALOSI Sisi,3,0,,R32,OTHER,U21MS,670,Main Draw,BRICKNELL Jesse (AUS),LASALOSI Sisi (TGA),BRICKNELL Jesse
Oceania Championships Auckland 2010,2010-04-12,NGUYEN Thom,NG Abraham,3,0,,R32,OTHER,U21MS,670,Main Draw,NGUYEN Thom (NZL),NG Abraham (AUS),NGUYEN Thom
Oceania Championships Auckland 2010,2010-04-12,WU Kevin,CATHCART Dillon,3,0,,R32,OTHER,U21MS,670,Main Draw,WU Kevin (NZL),CATHCART Dillon (AUS),WU Kevin
Oceania Championships Auckland 2010,2010-04-12,BELROSE Alize,LAL Christopher,3,0,,R32,OTHER,U21MS,670,Main Draw,BELROSE Alize (PYF),LAL Christopher (FIJ),BELROSE Alize
Oceania Championships Auckland 2010,2010-04-12,COLLINS Myles,HOTAN Kenji,3,0,,R32,OTHER,U21MS,670,Main Draw,COLLINS Myles (NZL),HOTAN Kenji (PYF),COLLINS Myles
Oceania Championships Auckland 2010,2010-04-12,POWELL David,RAO Roger,3,0,,R32,OTHER,U21MS,670,Main Draw,POWELL David (AUS),RAO Roger (NZL),POWELL David
Oceania Championships Auckland 2010,2010-04-12,HAN Justin,CHENG Zhiyang,3,0,,R16,OTHER,U21MS,670,Main Draw,HAN Justin (AUS),CHENG Zhiyang (NZL),HAN Justin
Oceania Championships Auckland 2010,2010-04-12,BELROSE Ocean,HARTER James,3,0,,R16,OTHER,U21MS,670,Main Draw,BELROSE Ocean (PYF),HARTER James (NZL),BELROSE Ocean
Oceania Championships Auckland 2010,2010-04-12,HU Heming,LOWE Matthew,3,0,,R16,OTHER,U21MS,670,Main Draw,HU Heming (AUS),LOWE Matthew (NZL),HU Heming
Oceania Championships Auckland 2010,2010-04-12,KONG Lingnan,BALL Matthew,3,0,,R16,OTHER,U21MS,670,Main Draw,KONG Lingnan (NZL),BALL Matthew (NZL),KONG Lingnan
Oceania Championships Auckland 2010,2010-04-12,XIAO Phillip,ARISHT Prajoal,3,0,,R16,OTHER,U21MS,670,Main Draw,XIAO Phillip (NZL),ARISHT Prajoal (NZL),XIAO Phillip
Oceania Championships Auckland 2010,2010-04-12,WU Kevin,BELROSE Alize,3,0,,R16,OTHER,U21MS,670,Main Draw,WU Kevin (NZL),BELROSE Alize (PYF),WU Kevin
Oceania Championships Auckland 2010,2010-04-12,POWELL David,COLLINS Myles,3,0,,R16,OTHER,U21MS,670,Main Draw,POWELL David (AUS),COLLINS Myles (NZL),POWELL David
Oceania Championships Auckland 2010,2010-04-12,HAN Justin,BELROSE Ocean,3,0,,QF,OTHER,U21MS,670,Main Draw,HAN Justin (AUS),BELROSE Ocean (PYF),HAN Justin
Oceania Championships Auckland 2010,2010-04-12,HU Heming,KONG Lingnan,3,0,,QF,OTHER,U21MS,670,Main Draw,HU Heming (AUS),KONG Lingnan (NZL),HU Heming
Oceania Championships Auckland 2010,2010-04-12,XIAO Phillip,BRICKNELL Jesse,3,0,,QF,OTHER,U21MS,670,Main Draw,XIAO Phillip (NZL),BRICKNELL Jesse (AUS),XIAO Phillip
Oceania Championships Auckland 2010,2010-04-12,POWELL David,WU Kevin,3,0,,QF,OTHER,U21MS,670,Main Draw,POWELL David (AUS),WU Kevin (NZL),POWELL David
Oceania Championships Auckland 2010,2010-04-12,XIAO Phillip,POWELL David,3,0,,SF,OTHER,U21MS,670,Main Draw,XIAO Phillip (NZL),POWELL David (AUS),XIAO Phillip
Oceania Championships Auckland 2010,2010-04-12,HAN Justin,XIAO Phillip,3,0,,F,OTHER,U21MS,670,Main Draw,HAN Justin (AUS),XIAO Phillip (NZL),HAN Justin
Oceania Championships Auckland 2010,2010-04-12,TABURIMAI Teingia,FA'AOSO Siaki,3,0,,R32,OTHER,U21MS,670,Main Draw,TABURIMAI Teingia (KIR),FA'AOSO Siaki (TGA),TABURIMAI Teingia
Oceania Championships Auckland 2010,2010-04-12,LASALOSI Sioeli,BEIA Teitua,3,0,,R32,OTHER,U21MS,670,Main Draw,LASALOSI Sioeli (TGA),BEIA Teitua (KIR),LASALOSI Sioeli
Oceania Championships Auckland 2010,2010-04-12,GUTTERSBERGER Chris,MOALA Heimoana,3,0,,R32,OTHER,U21MS,670,Main Draw,GUTTERSBERGER Chris (FIJ),MOALA Heimoana (TGA),GUTTERSBERGER Chris
Oceania Championships Auckland 2010,2010-04-12,KUMAR Nikhil,LATU Lisiate,3,0,,R32,OTHER,U21MS,670,Main Draw,KUMAR Nikhil (FIJ),LATU Lisiate (TGA),KUMAR Nikhil
Oceania Championships Auckland 2010,2010-04-12,LAL Christopher,MOALA Sione,3,0,,R32,OTHER,U21MS,670,Main Draw,LAL Christopher (FIJ),MOALA Sione (TGA),LAL Christopher
Oceania Championships Auckland 2010,2010-04-12,TETABO Katirakei,FILIAI Longani,3,0,,R32,OTHER,U21MS,670,Main Draw,TETABO Katirakei (KIR),FILIAI Longani (TGA),TETABO Katirakei
Oceania Championships Auckland 2010,2010-04-12,WALLACE Brandon,ANTONIO Victor,3,0,,R16,OTHER,U21MS,670,Main Draw,WALLACE Brandon (NZL),ANTONIO Victor (FIJ),WALLACE Brandon
Oceania Championships Auckland 2010,2010-04-12,ANTONIO Peter,TABURIMAI Teingia,3,0,,R16,OTHER,U21MS,670,Main Draw,ANTONIO Peter (FIJ),TABURIMAI Teingia (KIR),ANTONIO Peter
Oceania Championships Auckland 2010,2010-04-12,QUINNE Xavier,LASALOSI Sioeli,3,0,,R16,OTHER,U21MS,670,Main Draw,QUINNE Xavier (NCL),LASALOSI Sioeli (TGA),QUINNE Xavier
Oceania Championships Auckland 2010,2010-04-12,GUTTERSBERGER Chris,FIELDING David,3,0,,R16,OTHER,U21MS,670,Main Draw,GUTTERSBERGER Chris (FIJ),FIELDING David (AUS),GUTTERSBERGER Chris
Oceania Championships Auckland 2010,2010-04-12,GILABERT Stephane,KUMAR Nikhil,3,0,,R16,OTHER,U21MS,670,Main Draw,GILABERT Stephane (NCL),KUMAR Nikhil (FIJ),GILABERT Stephane
Oceania Championships Auckland 2010,2010-04-12,WARRENDER Conal,LAL Christopher,3,0,,R16,OTHER,U21MS,670,Main Draw,WARRENDER Conal (NZL),LAL Christopher (FIJ),WARRENDER Conal
Oceania Championships Auckland 2010,2010-04-12,TSAO Erny,TETABO Katirakei,3,0,,R16,OTHER,U21MS,670,Main Draw,TSAO Erny (AUS),TETABO Katirakei (KIR),TSAO Erny
Oceania Championships Auckland 2010,2010-04-12,HETHERINGTON Matthew,CHAND Sanesh,3,0,,R16,OTHER,U21MS,670,Main Draw,HETHERINGTON Matthew (NZL),CHAND Sanesh (FIJ),HETHERINGTON Matthew
Oceania Championships Auckland 2010,2010-04-12,WALLACE Brandon,ANTONIO Peter,3,0,,QF,OTHER,U21MS,670,Main Draw,WALLACE Brandon (NZL),ANTONIO Peter (FIJ),WALLACE Brandon
Oceania Championships Auckland 2010,2010-04-12,QUINNE Xavier,GUTTERSBERGER Chris,3,0,,QF,OTHER,U21MS,670,Main Draw,QUINNE Xavier (NCL),GUTTERSBERGER Chris (FIJ),QUINNE Xavier
Oceania Championships Auckland 2010,2010-04-12,GILABERT Stephane,WARRENDER Conal,3,0,,QF,OTHER,U21MS,670,Main Draw,GILABERT Stephane (NCL),WARRENDER Conal (NZL),GILABERT Stephane
Oceania Championships Auckland 2010,2010-04-12,TSAO Erny,HETHERINGTON Matthew,3,0,,QF,OTHER,U21MS,670,Main Draw,TSAO Erny (AUS),HETHERINGTON Matthew (NZL),TSAO Erny
Oceania Championships Auckland 2010,2010-04-12,WALLACE Brandon,QUINNE Xavier,3,0,,SF,OTHER,U21MS,670,Main Draw,WALLACE Brandon (NZL),QUINNE Xavier (NCL),WALLACE Brandon
Oceania Championships Auckland 2010,2010-04-12,TSAO Erny,GILABERT Stephane,3,0,,SF,OTHER,U21MS,670,Main Draw,TSAO Erny (AUS),GILABERT Stephane (NCL),TSAO Erny
Oceania Championships Auckland 2010,2010-04-12,WALLACE Brandon,TSAO Erny,3,0,,F,OTHER,U21MS,670,Main Draw,WALLACE Brandon (NZL),TSAO Erny (AUS),WALLACE Brandon
Oceania Championships Auckland 2010,2010-04-12,ZHU Ryan,TANGI One'one,3,0,,GROUP,OTHER,MT,670,Main Draw,ZHU Ryan (NZL),TANGI One'one (TGA),ZHU Ryan
Oceania Championships Auckland 2010,2010-04-12,CORDUE John,VAKALAHI Alekisanita,3,0,,GROUP,OTHER,MT,670,Main Draw,CORDUE John (NZL),VAKALAHI Alekisanita (TGA),CORDUE John
Oceania Championships Auckland 2010,2010-04-12,WU Kevin,TUIAKI Ketoni,3,0,,GROUP,OTHER,MT,670,Main Draw,WU Kevin (NZL),TUIAKI Ketoni (TGA),WU Kevin
Oceania Championships Auckland 2010,2010-04-12,ZHU Ryan,VAKALAHI Alekisanita,3,0,,GROUP,OTHER,MT,670,Main Draw,ZHU Ryan (NZL),VAKALAHI Alekisanita (TGA),ZHU Ryan
Oceania Championships Auckland 2010,2010-04-12,CORDUE John,TANGI One'one,3,0,,GROUP,OTHER,MT,670,Main Draw,CORDUE John (NZL),TANGI One'one (TGA),CORDUE John
Oceania Championships Auckland 2010,2010-04-12,KLOUMAN Tinihau,EIAO Eric,3,0,,GROUP,OTHER,MT,670,Main Draw,KLOUMAN Tinihau (PYF),EIAO Eric (COK),KLOUMAN Tinihau
Oceania Championships Auckland 2010,2010-04-12,BELROSE Alize,UPOKO Ngamata,3,0,,GROUP,OTHER,MT,670,Main Draw,BELROSE Alize (PYF),UPOKO Ngamata (COK),BELROSE Alize
Oceania Championships Auckland 2010,2010-04-12,BELROSE Ocean,BARNARD Julian,3,0,,GROUP,OTHER,MT,670,Main Draw,BELROSE Ocean (PYF),BARNARD Julian (COK),BELROSE Ocean
Oceania Championships Auckland 2010,2010-04-12,BELROSE Alize,EIAO Eric,3,0,,GROUP,OTHER,MT,670,Main Draw,BELROSE Alize (PYF),EIAO Eric (COK),BELROSE Alize
Oceania Championships Auckland 2010,2010-04-12,KLOUMAN Tinihau,UPOKO Ngamata,3,0,,GROUP,OTHER,MT,670,Main Draw,KLOUMAN Tinihau (PYF),UPOKO Ngamata (COK),KLOUMAN Tinihau
Oceania Championships Auckland 2010,2010-04-12,HENZELL William,WANG Qi,3,0,,GROUP,OTHER,MT,670,Main Draw,HENZELL William (AUS),WANG Qi (FIJ),HENZELL William
Oceania Championships Auckland 2010,2010-04-12,HAN Justin,ANTONIO Peter,3,0,,GROUP,OTHER,MT,670,Main Draw,HAN Justin (AUS),ANTONIO Peter (FIJ),HAN Justin
Oceania Championships Auckland 2010,2010-04-12,POWELL David,CHAND Sanesh,3,0,,GROUP,OTHER,MT,670,Main Draw,POWELL David (AUS),CHAND Sanesh (FIJ),POWELL David
Oceania Championships Auckland 2010,2010-04-12,HENZELL William,ANTONIO Peter,3,0,,GROUP,OTHER,MT,670,Main Draw,HENZELL William (AUS),ANTONIO Peter (FIJ),HENZELL William
Oceania Championships Auckland 2010,2010-04-12,HAN Justin,WANG Qi,3,0,,GROUP,OTHER,MT,670,Main Draw,HAN Justin (AUS),WANG Qi (FIJ),HAN Justin
Oceania Championships Auckland 2010,2010-04-12,CORDUE John,KLOUMAN Tinihau,3,0,,GROUP,OTHER,MT,670,Main Draw,CORDUE John (NZL),KLOUMAN Tinihau (PYF),CORDUE John
Oceania Championships Auckland 2010,2010-04-12,XIAO Phillip,BELROSE Alize,3,0,,GROUP,OTHER,MT,670,Main Draw,XIAO Phillip (NZL),BELROSE Alize (PYF),XIAO Phillip
Oceania Championships Auckland 2010,2010-04-12,LOWE Nathan,BELROSE Ocean,3,0,,GROUP,OTHER,MT,670,Main Draw,LOWE Nathan (NZL),BELROSE Ocean (PYF),LOWE Nathan
Oceania Championships Auckland 2010,2010-04-12,BELROSE Alize,CORDUE John,3,0,,GROUP,OTHER,MT,670,Main Draw,BELROSE Alize (PYF),CORDUE John (NZL),BELROSE Alize
Oceania Championships Auckland 2010,2010-04-12,XIAO Phillip,KLOUMAN Tinihau,3,0,,GROUP,OTHER,MT,670,Main Draw,XIAO Phillip (NZL),KLOUMAN Tinihau (PYF),XIAO Phillip
Oceania Championships Auckland 2010,2010-04-12,HENZELL William,DEY Jeremy,3,0,,GROUP,OTHER,MT,670,Main Draw,HENZELL William (AUS),DEY Jeremy (NCL),HENZELL William
Oceania Championships Auckland 2010,2010-04-12,POWELL David,LAO Jeremy,3,0,,GROUP,OTHER,MT,670,Main Draw,POWELL David (AUS),LAO Jeremy (NCL),POWELL David
Oceania Championships Auckland 2010,2010-04-12,HAN Justin,GILABERT Stephane,3,0,,GROUP,OTHER,MT,670,Main Draw,HAN Justin (AUS),GILABERT Stephane (NCL),HAN Justin
Oceania Championships Auckland 2010,2010-04-12,HENZELL William,LAO Jeremy,3,0,,GROUP,OTHER,MT,670,Main Draw,HENZELL William (AUS),LAO Jeremy (NCL),HENZELL William
Oceania Championships Auckland 2010,2010-04-12,POWELL David,DEY Jeremy,3,0,,GROUP,OTHER,MT,670,Main Draw,POWELL David (AUS),DEY Jeremy (NCL),POWELL David
Oceania Championships Auckland 2010,2010-04-12,PEPA Simote,IORANGI Tearoa,3,0,,GROUP,OTHER,MT,670,Main Draw,PEPA Simote (TGA),IORANGI Tearoa (COK),PEPA Simote
Oceania Championships Auckland 2010,2010-04-12,BARNARD Julian,TANGI One'one,3,0,,GROUP,OTHER,MT,670,Main Draw,BARNARD Julian (COK),TANGI One'one (TGA),BARNARD Julian
Oceania Championships Auckland 2010,2010-04-12,VAKALAHI Alekisanita,EIAO Eric,3,0,,GROUP,OTHER,MT,670,Main Draw,VAKALAHI Alekisanita (TGA),EIAO Eric (COK),VAKALAHI Alekisanita
Oceania Championships Auckland 2010,2010-04-12,PEPA Simote,BARNARD Julian,3,0,,GROUP,OTHER,MT,670,Main Draw,PEPA Simote (TGA),BARNARD Julian (COK),PEPA Simote
Oceania Championships Auckland 2010,2010-04-12,IORANGI Tearoa,TANGI One'one,3,0,,GROUP,OTHER,MT,670,Main Draw,IORANGI Tearoa (COK),TANGI One'one (TGA),IORANGI Tearoa
Oceania Championships Auckland 2010,2010-04-12,KLOUMAN Tinihau,TANGI One'one,3,0,,GROUP,OTHER,MT,670,Main Draw,KLOUMAN Tinihau (PYF),TANGI One'one (TGA),KLOUMAN Tinihau
Oceania Championships Auckland 2010,2010-04-12,BELROSE Alize,PEPA Simote,3,0,,GROUP,OTHER,MT,670,Main Draw,BELROSE Alize (PYF),PEPA Simote (TGA),BELROSE Alize
Oceania Championships Auckland 2010,2010-04-12,MORIN Kenji,VAKALAHI Alekisanita,3,0,,GROUP,OTHER,MT,670,Main Draw,MORIN Kenji (PYF),VAKALAHI Alekisanita (TGA),MORIN Kenji
Oceania Championships Auckland 2010,2010-04-12,KLOUMAN Tinihau,PEPA Simote,3,0,,GROUP,OTHER,MT,670,Main Draw,KLOUMAN Tinihau (PYF),PEPA Simote (TGA),KLOUMAN Tinihau
Oceania Championships Auckland 2010,2010-04-12,BELROSE Alize,TANGI One'one,3,0,,GROUP,OTHER,MT,670,Main Draw,BELROSE Alize (PYF),TANGI One'one (TGA),BELROSE Alize
Oceania Championships Auckland 2010,2010-04-12,ZHU Ryan,BARNARD Julian,3,0,,GROUP,OTHER,MT,670,Main Draw,ZHU Ryan (NZL),BARNARD Julian (COK),ZHU Ryan
Oceania Championships Auckland 2010,2010-04-12,XIAO Phillip,EIAO Eric,3,0,,GROUP,OTHER,MT,670,Main Draw,XIAO Phillip (NZL),EIAO Eric (COK),XIAO Phillip
Oceania Championships Auckland 2010,2010-04-12,LOWE Nathan,UPOKO Ngamata,3,0,,GROUP,OTHER,MT,670,Main Draw,LOWE Nathan (NZL),UPOKO Ngamata (COK),LOWE Nathan
Oceania Championships Auckland 2010,2010-04-12,XIAO Phillip,BARNARD Julian,3,0,,GROUP,OTHER,MT,670,Main Draw,XIAO Phillip (NZL),BARNARD Julian (COK),XIAO Phillip
Oceania Championships Auckland 2010,2010-04-12,WANG Qi,DEY Jeremy,3,0,,GROUP,OTHER,MT,670,Main Draw,WANG Qi (FIJ),DEY Jeremy (NCL),WANG Qi
Oceania Championships Auckland 2010,2010-04-12,GILABERT Stephane,REILLY Stephen,3,0,,GROUP,OTHER,MT,670,Main Draw,GILABERT Stephane (NCL),REILLY Stephen (FIJ),GILABERT Stephane
Oceania Championships Auckland 2010,2010-04-12,LAO Jeremy,ANTONIO Peter,3,0,,GROUP,OTHER,MT,670,Main Draw,LAO Jeremy (NCL),ANTONIO Peter (FIJ),LAO Jeremy
Oceania Championships Auckland 2010,2010-04-12,GILABERT Stephane,WANG Qi,3,0,,GROUP,OTHER,MT,670,Main Draw,GILABERT Stephane (NCL),WANG Qi (FIJ),GILABERT Stephane
Oceania Championships Auckland 2010,2010-04-12,DEY Jeremy,REILLY Stephen,3,0,,GROUP,OTHER,MT,670,Main Draw,DEY Jeremy (NCL),REILLY Stephen (FIJ),DEY Jeremy
Oceania Championships Auckland 2010,2010-04-12,HAN Justin,BELROSE Alize,3,0,,,OTHER,MT,670,Main Draw,HAN Justin (AUS),BELROSE Alize (PYF),HAN Justin
Oceania Championships Auckland 2010,2010-04-12,HENZELL William,KLOUMAN Tinihau,3,0,,,OTHER,MT,670,Main Draw,HENZELL William (AUS),KLOUMAN Tinihau (PYF),HENZELL William
Oceania Championships Auckland 2010,2010-04-12,DAVIS Kyle,BELROSE Ocean,3,0,,,OTHER,MT,670,Main Draw,DAVIS Kyle (AUS),BELROSE Ocean (PYF),DAVIS Kyle
Oceania Championships Auckland 2010,2010-04-12,CORDUE John,GILABERT Stephane,3,0,,,OTHER,MT,670,Main Draw,CORDUE John (NZL),GILABERT Stephane (NCL),CORDUE John
Oceania Championships Auckland 2010,2010-04-12,ZHU Ryan,LAO Jeremy,3,0,,,OTHER,MT,670,Main Draw,ZHU Ryan (NZL),LAO Jeremy (NCL),ZHU Ryan
Oceania Championships Auckland 2010,2010-04-12,XIAO Phillip,DEY Jeremy,3,0,,,OTHER,MT,670,Main Draw,XIAO Phillip (NZL),DEY Jeremy (NCL),XIAO Phillip
Oceania Championships Auckland 2010,2010-04-12,WANG Qi,BARNARD Julian,3,0,,,OTHER,MT,670,Main Draw,WANG Qi (FIJ),BARNARD Julian (COK),WANG Qi
Oceania Championships Auckland 2010,2010-04-12,ANTONIO Peter,UPOKO Ngamata,3,0,,,OTHER,MT,670,Main Draw,ANTONIO Peter (FIJ),UPOKO Ngamata (COK),ANTONIO Peter
Oceania Championships Auckland 2010,2010-04-12,REILLY Stephen,EIAO Eric,3,0,,,OTHER,MT,670,Main Draw,REILLY Stephen (FIJ),EIAO Eric (COK),REILLY Stephen
Oceania Championships Auckland 2010,2010-04-12,BARNARD Julian,ANTONIO Peter,3,0,,,OTHER,MT,670,Main Draw,BARNARD Julian (COK),ANTONIO Peter (FIJ),BARNARD Julian
Oceania Championships Auckland 2010,2010-04-12,WANG Qi,UPOKO Ngamata,3,0,,,OTHER,MT,670,Main Draw,WANG Qi (FIJ),UPOKO Ngamata (COK),WANG Qi
Oceania Championships Auckland 2010,2010-04-12,WANG Qi,TANGI One'one,3,0,,,OTHER,MT,670,Main Draw,WANG Qi (FIJ),TANGI One'one (TGA),WANG Qi
Oceania Championships Auckland 2010,2010-04-12,ANTONIO Peter,TUIAKI Ketoni,3,0,,,OTHER,MT,670,Main Draw,ANTONIO Peter (FIJ),TUIAKI Ketoni (TGA),ANTONIO Peter
Oceania Championships Auckland 2010,2010-04-12,WANG Qi,PEPA Simote,3,0,,,OTHER,MT,670,Main Draw,WANG Qi (FIJ),PEPA Simote (TGA),WANG Qi
Oceania Championships Auckland 2010,2010-04-12,REILLY Stephen,TANGI One'one,3,0,,,OTHER,MT,670,Main Draw,REILLY Stephen (FIJ),TANGI One'one (TGA),REILLY Stephen
Oceania Championships Auckland 2010,2010-04-12,KLOUMAN Tinihau,DEY Jeremy,3,0,,,OTHER,MT,670,Main Draw,KLOUMAN Tinihau (PYF),DEY Jeremy (NCL),KLOUMAN Tinihau
Oceania Championships Auckland 2010,2010-04-12,BELROSE Alize,GILABERT Stephane,3,0,,,OTHER,MT,670,Main Draw,BELROSE Alize (PYF),GILABERT Stephane (NCL),BELROSE Alize
Oceania Championships Auckland 2010,2010-04-12,BELROSE Ocean,LAO Jeremy,3,0,,,OTHER,MT,670,Main Draw,BELROSE Ocean (PYF),LAO Jeremy (NCL),BELROSE Ocean
Oceania Championships Auckland 2010,2010-04-12,HENZELL William,XIAO Phillip,3,0,,,OTHER,MT,670,Main Draw,HENZELL William (AUS),XIAO Phillip (NZL),HENZELL William
Oceania Championships Auckland 2010,2010-04-12,HAN Justin,LOWE Nathan,3,0,,,OTHER,MT,670,Main Draw,HAN Justin (AUS),LOWE Nathan (NZL),HAN Justin
Oceania Championships Auckland 2010,2010-04-12,POWELL David,CORDUE John,3,0,,,OTHER,MT,670,Main Draw,POWELL David (AUS),CORDUE John (NZL),POWELL David
Oceania Championships Auckland 2010,2010-04-12,THUNOT Tuarikirau,LI Carolyn,3,0,,R32,OTHER,U21WS,670,Main Draw,THUNOT Tuarikirau (PYF),LI Carolyn (FIJ),THUNOT Tuarikirau
Oceania Championships Auckland 2010,2010-04-12,PATERSON Natalie,BOUTEILLE Ornella,3,0,,R32,OTHER,U21WS,670,Main Draw,PATERSON Natalie (NZL),BOUTEILLE Ornella (NCL),PATERSON Natalie
Oceania Championships Auckland 2010,2010-04-12,BUI Vy,PEPA Barbara,3,0,,R32,OTHER,U21WS,670,Main Draw,BUI Vy (AUS),PEPA Barbara (TGA),BUI Vy
Oceania Championships Auckland 2010,2010-04-12,SANTHY Liopa,TULIA Nayter,3,0,,R32,OTHER,U21WS,670,Main Draw,SANTHY Liopa (VAN),TULIA Nayter (TGA),SANTHY Liopa
Oceania Championships Auckland 2010,2010-04-12,DU Anna,PAUL Anais,3,0,,R32,OTHER,U21WS,670,Main Draw,DU Anna (AUS),PAUL Anais (NCL),DU Anna
Oceania Championships Auckland 2010,2010-04-12,TOMMY Priscilla,TAUALUPE Hulita,3,0,,R32,OTHER,U21WS,670,Main Draw,TOMMY Priscilla (VAN),TAUALUPE Hulita (TGA),TOMMY Priscilla
Oceania Championships Auckland 2010,2010-04-12,COOMBS Kayla,LI Haoyi,3,0,,R32,OTHER,U21WS,670,Main Draw,COOMBS Kayla (AUS),LI Haoyi (NZL),COOMBS Kayla
Oceania Championships Auckland 2010,2010-04-12,COURTOT Cindy,PERE Ana,3,0,,R32,OTHER,U21WS,670,Main Draw,COURTOT Cindy (NCL),PERE Ana (COK),COURTOT Cindy
Oceania Championships Auckland 2010,2010-04-12,MACASKILL Jessica,HUNT Kerryn,3,0,,R32,OTHER,U21WS,670,Main Draw,MACASKILL Jessica (NZL),HUNT Kerryn (COK),MACASKILL Jessica
Oceania Championships Auckland 2010,2010-04-12,CAI Margaret,ANTONIO Leighann,3,0,,R32,OTHER,U21WS,670,Main Draw,CAI Margaret (AUS),ANTONIO Leighann (FIJ),CAI Margaret
Oceania Championships Auckland 2010,2010-04-12,GAUMET Vaihiria,MAFI Julien,3,0,,R32,OTHER,U21WS,670,Main Draw,GAUMET Vaihiria (PYF),MAFI Julien (TGA),GAUMET Vaihiria
Oceania Championships Auckland 2010,2010-04-12,HUNG Jenny,THUNOT Tuarikirau,3,0,,R16,OTHER,U21WS,670,Main Draw,HUNG Jenny (NZL),THUNOT Tuarikirau (PYF),HUNG Jenny
Oceania Championships Auckland 2010,2010-04-12,PATERSON Natalie,BUI Vy,3,0,,R16,OTHER,U21WS,670,Main Draw,PATERSON Natalie (NZL),BUI Vy (AUS),PATERSON Natalie
Oceania Championships Auckland 2010,2010-04-12,TSENG Jennifer,SANTHY Liopa,3,0,,R16,OTHER,U21WS,670,Main Draw,TSENG Jennifer (NZL),SANTHY Liopa (VAN),TSENG Jennifer
Oceania Championships Auckland 2010,2010-04-12,DU Anna,DONG Sophia,3,0,,R16,OTHER,U21WS,670,Main Draw,DU Anna (AUS),DONG Sophia (NZL),DU Anna
Oceania Championships Auckland 2010,2010-04-12,TOMMY Priscilla,COOMBS Kayla,3,0,,R16,OTHER,U21WS,670,Main Draw,TOMMY Priscilla (VAN),COOMBS Kayla (AUS),TOMMY Priscilla
Oceania Championships Auckland 2010,2010-04-12,WU Julia,COURTOT Cindy,3,0,,R16,OTHER,U21WS,670,Main Draw,WU Julia (NZL),COURTOT Cindy (NCL),WU Julia
Oceania Championships Auckland 2010,2010-04-12,CAI Margaret,MACASKILL Jessica,3,0,,R16,OTHER,U21WS,670,Main Draw,CAI Margaret (AUS),MACASKILL Jessica (NZL),CAI Margaret
Oceania Championships Auckland 2010,2010-04-12,PHAN Lily,GAUMET Vaihiria,3,0,,R16,OTHER,U21WS,670,Main Draw,PHAN Lily (AUS),GAUMET Vaihiria (PYF),PHAN Lily
Oceania Championships Auckland 2010,2010-04-12,HUNG Jenny,PATERSON Natalie,3,0,,QF,OTHER,U21WS,670,Main Draw,HUNG Jenny (NZL),PATERSON Natalie (NZL),HUNG Jenny
Oceania Championships Auckland 2010,2010-04-12,DU Anna,TSENG Jennifer,3,0,,QF,OTHER,U21WS,670,Main Draw,DU Anna (AUS),TSENG Jennifer (NZL),DU Anna
Oceania Championships Auckland 2010,2010-04-12,TOMMY Priscilla,WU Julia,3,0,,QF,OTHER,U21WS,670,Main Draw,TOMMY Priscilla (VAN),WU Julia (NZL),TOMMY Priscilla
Oceania Championships Auckland 2010,2010-04-12,PHAN Lily,CAI Margaret,3,0,,QF,OTHER,U21WS,670,Main Draw,PHAN Lily (AUS),CAI Margaret (AUS),PHAN Lily
Oceania Championships Auckland 2010,2010-04-12,HUNG Jenny,DU Anna,3,0,,SF,OTHER,U21WS,670,Main Draw,HUNG Jenny (NZL),DU Anna (AUS),HUNG Jenny
Oceania Championships Auckland 2010,2010-04-12,PHAN Lily,TOMMY Priscilla,3,0,,SF,OTHER,U21WS,670,Main Draw,PHAN Lily (AUS),TOMMY Priscilla (VAN),PHAN Lily
Oceania Championships Auckland 2010,2010-04-12,HUNG Jenny,PHAN Lily,3,0,,F,OTHER,U21WS,670,Main Draw,HUNG Jenny (NZL),PHAN Lily (AUS),HUNG Jenny
Oceania Championships Auckland 2010,2010-04-12,ANTONIO Leighann,TULIA Nayter,3,0,,R16,OTHER,U21WS,670,Main Draw,ANTONIO Leighann (FIJ),TULIA Nayter (TGA),ANTONIO Leighann
Oceania Championships Auckland 2010,2010-04-12,LI Haoyi,PEPA Barbara,3,0,,R16,OTHER,U21WS,670,Main Draw,LI Haoyi (NZL),PEPA Barbara (TGA),LI Haoyi
Oceania Championships Auckland 2010,2010-04-12,LI Carolyn,LUI Brenda,3,0,,R16,OTHER,U21WS,670,Main Draw,LI Carolyn (FIJ),LUI Brenda (PYF),LI Carolyn
Oceania Championships Auckland 2010,2010-04-12,PERE Ana,MAFI Julien,3,0,,R16,OTHER,U21WS,670,Main Draw,PERE Ana (COK),MAFI Julien (TGA),PERE Ana
Oceania Championships Auckland 2010,2010-04-12,PAUL Anais,TAUALUPE Hulita,3,0,,R16,OTHER,U21WS,670,Main Draw,PAUL Anais (NCL),TAUALUPE Hulita (TGA),PAUL Anais
Oceania Championships Auckland 2010,2010-04-12,BOUTEILLE Ornella,ANTONIO Leighann,3,0,,QF,OTHER,U21WS,670,Main Draw,BOUTEILLE Ornella (NCL),ANTONIO Leighann (FIJ),BOUTEILLE Ornella
Oceania Championships Auckland 2010,2010-04-12,LI Carolyn,PERE Ana,3,0,,QF,OTHER,U21WS,670,Main Draw,LI Carolyn (FIJ),PERE Ana (COK),LI Carolyn
Oceania Championships Auckland 2010,2010-04-12,MANICO Louisa,PAUL Anais,3,0,,QF,OTHER,U21WS,670,Main Draw,MANICO Louisa (COK),PAUL Anais (NCL),MANICO Louisa
Oceania Championships Auckland 2010,2010-04-12,BOUTEILLE Ornella,MII Tina,3,0,,SF,OTHER,U21WS,670,Main Draw,BOUTEILLE Ornella (NCL),MII Tina (PYF),BOUTEILLE Ornella
Oceania Championships Auckland 2010,2010-04-12,BOUTEILLE Ornella,MANICO Louisa,3,0,,F,OTHER,U21WS,670,Main Draw,BOUTEILLE Ornella (NCL),MANICO Louisa (COK),BOUTEILLE Ornella
Oceania Championships Auckland 2010,2010-04-12,MCCARTHY Michelle,TOMMY Priscilla,3,0,,R64,OTHER,WS,670,Main Draw,MCCARTHY Michelle (NZL),TOMMY Priscilla (VAN),MCCARTHY Michelle
Oceania Championships Auckland 2010,2010-04-12,GUTTERSBERGER Tanya,TAUALUPE Fifita,3,0,,R64,OTHER,WS,670,Main Draw,GUTTERSBERGER Tanya (FIJ),TAUALUPE Fifita (TGA),GUTTERSBERGER Tanya
Oceania Championships Auckland 2010,2010-04-12,COOMBS Kayla,VI Eseta,3,0,,R64,OTHER,WS,670,Main Draw,COOMBS Kayla (AUS),VI Eseta (TGA),COOMBS Kayla
Oceania Championships Auckland 2010,2010-04-12,PATERSON Natalie,COURTOT Cindy,3,0,,R64,OTHER,WS,670,Main Draw,PATERSON Natalie (NZL),COURTOT Cindy (NCL),PATERSON Natalie
Oceania Championships Auckland 2010,2010-04-12,LI Karen,GAUMET Vaihiria,3,0,,R32,OTHER,WS,670,Main Draw,LI Karen (NZL),GAUMET Vaihiria (PYF),LI Karen
Oceania Championships Auckland 2010,2010-04-12,MCCARTHY Michelle,LAI VAN Lea,3,0,,R32,OTHER,WS,670,Main Draw,MCCARTHY Michelle (NZL),LAI VAN Lea (NCL),MCCARTHY Michelle
Oceania Championships Auckland 2010,2010-04-12,DEDERKO Zhenhua,LI Carolyn,3,0,,R32,OTHER,WS,670,Main Draw,DEDERKO Zhenhua (AUS),LI Carolyn (FIJ),DEDERKO Zhenhua
Oceania Championships Auckland 2010,2010-04-12,HER-LEE Sarah,WAAGA Adeline,3,0,,R32,OTHER,WS,670,Main Draw,HER-LEE Sarah (NZL),WAAGA Adeline (NCL),HER-LEE Sarah
Oceania Championships Auckland 2010,2010-04-12,DU Anna,GUTTERSBERGER Tanya,3,0,,R32,OTHER,WS,670,Main Draw,DU Anna (AUS),GUTTERSBERGER Tanya (FIJ),DU Anna
Oceania Championships Auckland 2010,2010-04-12,DUMORTIER Fleur,SINGH Armindeep,3,0,,R32,OTHER,WS,670,Main Draw,DUMORTIER Fleur (NCL),SINGH Armindeep (NZL),DUMORTIER Fleur
Oceania Championships Auckland 2010,2010-04-12,LAY Jian Fang,LUI Brenda,3,0,,R32,OTHER,WS,670,Main Draw,LAY Jian Fang (AUS),LUI Brenda (PYF),LAY Jian Fang
Oceania Championships Auckland 2010,2010-04-12,SANG Xu Stephanie,SANTHY Liopa,3,0,,R32,OTHER,WS,670,Main Draw,SANG Xu Stephanie (AUS),SANTHY Liopa (VAN),SANG Xu Stephanie
Oceania Championships Auckland 2010,2010-04-12,WU Julia,DEVI Shoma,3,0,,R32,OTHER,WS,670,Main Draw,WU Julia (NZL),DEVI Shoma (FIJ),WU Julia
Oceania Championships Auckland 2010,2010-04-12,COOMBS Kayla,THUNOT Tuarikirau,3,0,,R32,OTHER,WS,670,Main Draw,COOMBS Kayla (AUS),THUNOT Tuarikirau (PYF),COOMBS Kayla
Oceania Championships Auckland 2010,2010-04-12,SUN Yang,PAUL Anais,3,0,,R32,OTHER,WS,670,Main Draw,SUN Yang (NZL),PAUL Anais (NCL),SUN Yang
Oceania Championships Auckland 2010,2010-04-12,HUNG Jenny,ANTONIO Leighann,3,0,,R32,OTHER,WS,670,Main Draw,HUNG Jenny (NZL),ANTONIO Leighann (FIJ),HUNG Jenny
Oceania Championships Auckland 2010,2010-04-12,PATERSON Natalie,HUNT Kerryn,3,0,,R32,OTHER,WS,670,Main Draw,PATERSON Natalie (NZL),HUNT Kerryn (COK),PATERSON Natalie
Oceania Championships Auckland 2010,2010-04-12,MACASKILL Jessica,LAFARGUE Sarah,3,0,,R32,OTHER,WS,670,Main Draw,MACASKILL Jessica (NZL),LAFARGUE Sarah (NCL),MACASKILL Jessica
Oceania Championships Auckland 2010,2010-04-12,MIAO Miao,LULU Anolyn,3,0,,R32,OTHER,WS,670,Main Draw,MIAO Miao (AUS),LULU Anolyn (VAN),MIAO Miao
Oceania Championships Auckland 2010,2010-04-12,LI Karen,BOUTEILLE Ornella,3,0,,R16,OTHER,WS,670,Main Draw,LI Karen (NZL),BOUTEILLE Ornella (NCL),LI Karen
Oceania Championships Auckland 2010,2010-04-12,DEDERKO Zhenhua,MCCARTHY Michelle,3,0,,R16,OTHER,WS,670,Main Draw,DEDERKO Zhenhua (AUS),MCCARTHY Michelle (NZL),DEDERKO Zhenhua
Oceania Championships Auckland 2010,2010-04-12,HER-LEE Sarah,DU Anna,3,0,,R16,OTHER,WS,670,Main Draw,HER-LEE Sarah (NZL),DU Anna (AUS),HER-LEE Sarah
Oceania Championships Auckland 2010,2010-04-12,LAY Jian Fang,DUMORTIER Fleur,3,0,,R16,OTHER,WS,670,Main Draw,LAY Jian Fang (AUS),DUMORTIER Fleur (NCL),LAY Jian Fang
Oceania Championships Auckland 2010,2010-04-12,SANG Xu Stephanie,WU Julia,3,0,,R16,OTHER,WS,670,Main Draw,SANG Xu Stephanie (AUS),WU Julia (NZL),SANG Xu Stephanie
Oceania Championships Auckland 2010,2010-04-12,SUN Yang,COOMBS Kayla,3,0,,R16,OTHER,WS,670,Main Draw,SUN Yang (NZL),COOMBS Kayla (AUS),SUN Yang
Oceania Championships Auckland 2010,2010-04-12,MIAO Miao,MACASKILL Jessica,3,0,,R16,OTHER,WS,670,Main Draw,MIAO Miao (AUS),MACASKILL Jessica (NZL),MIAO Miao
Oceania Championships Auckland 2010,2010-04-12,LI Karen,DEDERKO Zhenhua,3,0,,QF,OTHER,WS,670,Main Draw,LI Karen (NZL),DEDERKO Zhenhua (AUS),LI Karen
Oceania Championships Auckland 2010,2010-04-12,LAY Jian Fang,HER-LEE Sarah,3,0,,QF,OTHER,WS,670,Main Draw,LAY Jian Fang (AUS),HER-LEE Sarah (NZL),LAY Jian Fang
Oceania Championships Auckland 2010,2010-04-12,SUN Yang,SANG Xu Stephanie,3,0,,QF,OTHER,WS,670,Main Draw,SUN Yang (NZL),SANG Xu Stephanie (AUS),SUN Yang
Oceania Championships Auckland 2010,2010-04-12,MIAO Miao,HUNG Jenny,3,0,,QF,OTHER,WS,670,Main Draw,MIAO Miao (AUS),HUNG Jenny (NZL),MIAO Miao
Oceania Championships Auckland 2010,2010-04-12,LI Karen,LAY Jian Fang,3,0,,SF,OTHER,WS,670,Main Draw,LI Karen (NZL),LAY Jian Fang (AUS),LI Karen
Oceania Championships Auckland 2010,2010-04-12,MIAO Miao,SUN Yang,3,0,,SF,OTHER,WS,670,Main Draw,MIAO Miao (AUS),SUN Yang (NZL),MIAO Miao
Oceania Championships Auckland 2010,2010-04-12,LI Karen,MIAO Miao,3,0,,F,OTHER,WS,670,Main Draw,LI Karen (NZL),MIAO Miao (AUS),LI Karen
Oceania Championships Auckland 2010,2010-04-12,MIAO Miao,BOUTEILLE Ornella,3,0,,GROUP,OTHER,WT,670,Main Draw,MIAO Miao (AUS),BOUTEILLE Ornella (NCL),MIAO Miao
Oceania Championships Auckland 2010,2010-04-12,DEDERKO Zhenhua,PAUL Anais,3,0,,GROUP,OTHER,WT,670,Main Draw,DEDERKO Zhenhua (AUS),PAUL Anais (NCL),DEDERKO Zhenhua
Oceania Championships Auckland 2010,2010-04-12,SANG Xu Stephanie,COURTOT Cindy,3,0,,GROUP,OTHER,WT,670,Main Draw,SANG Xu Stephanie (AUS),COURTOT Cindy (NCL),SANG Xu Stephanie
Oceania Championships Auckland 2010,2010-04-12,DEDERKO Zhenhua,BOUTEILLE Ornella,3,0,,GROUP,OTHER,WT,670,Main Draw,DEDERKO Zhenhua (AUS),BOUTEILLE Ornella (NCL),DEDERKO Zhenhua
Oceania Championships Auckland 2010,2010-04-12,MIAO Miao,PAUL Anais,3,0,,GROUP,OTHER,WT,670,Main Draw,MIAO Miao (AUS),PAUL Anais (NCL),MIAO Miao
Oceania Championships Auckland 2010,2010-04-12,LUI Brenda,VI Eseta,3,0,,GROUP,OTHER,WT,670,Main Draw,LUI Brenda (PYF),VI Eseta (TGA),LUI Brenda
Oceania Championships Auckland 2010,2010-04-12,THUNOT Tuarikirau,TAUALUPE Fifita,3,0,,GROUP,OTHER,WT,670,Main Draw,THUNOT Tuarikirau (PYF),TAUALUPE Fifita (TGA),THUNOT Tuarikirau
Oceania Championships Auckland 2010,2010-04-12,THUNOT Tuarikirau,VI Eseta,3,0,,GROUP,OTHER,WT,670,Main Draw,THUNOT Tuarikirau (PYF),VI Eseta (TGA),THUNOT Tuarikirau
Oceania Championships Auckland 2010,2010-04-12,LUI Brenda,TAUALUPE Fifita,3,0,,GROUP,OTHER,WT,670,Main Draw,LUI Brenda (PYF),TAUALUPE Fifita (TGA),LUI Brenda
Oceania Championships Auckland 2010,2010-04-12,LI Karen,DEVI Shoma,3,0,,GROUP,OTHER,WT,670,Main Draw,LI Karen (NZL),DEVI Shoma (FIJ),LI Karen
Oceania Championships Auckland 2010,2010-04-12,SUN Yang,LI Carolyn,3,0,,GROUP,OTHER,WT,670,Main Draw,SUN Yang (NZL),LI Carolyn (FIJ),SUN Yang
Oceania Championships Auckland 2010,2010-04-12,MCCARTHY Michelle,ANTONIO Leighann,3,0,,GROUP,OTHER,WT,670,Main Draw,MCCARTHY Michelle (NZL),ANTONIO Leighann (FIJ),MCCARTHY Michelle
Oceania Championships Auckland 2010,2010-04-12,LI Karen,LI Carolyn,3,0,,GROUP,OTHER,WT,670,Main Draw,LI Karen (NZL),LI Carolyn (FIJ),LI Karen
Oceania Championships Auckland 2010,2010-04-12,SUN Yang,DEVI Shoma,3,0,,GROUP,OTHER,WT,670,Main Draw,SUN Yang (NZL),DEVI Shoma (FIJ),SUN Yang
Oceania Championships Auckland 2010,2010-04-12,TOMMY Priscilla,HUNT Kerryn,3,0,,GROUP,OTHER,WT,670,Main Draw,TOMMY Priscilla (VAN),HUNT Kerryn (COK),TOMMY Priscilla
Oceania Championships Auckland 2010,2010-04-12,MANICO Louisa,LULU Anolyn,3,0,,GROUP,OTHER,WT,670,Main Draw,MANICO Louisa (COK),LULU Anolyn (VAN),MANICO Louisa
Oceania Championships Auckland 2010,2010-04-12,SANTHY Liopa,PERE Ana,3,0,,GROUP,OTHER,WT,670,Main Draw,SANTHY Liopa (VAN),PERE Ana (COK),SANTHY Liopa
Oceania Championships Auckland 2010,2010-04-12,LULU Anolyn,HUNT Kerryn,3,0,,GROUP,OTHER,WT,670,Main Draw,LULU Anolyn (VAN),HUNT Kerryn (COK),LULU Anolyn
Oceania Championships Auckland 2010,2010-04-12,TOMMY Priscilla,MANICO Louisa,3,0,,GROUP,OTHER,WT,670,Main Draw,TOMMY Priscilla (VAN),MANICO Louisa (COK),TOMMY Priscilla
Oceania Championships Auckland 2010,2010-04-12,LI Karen,LULU Anolyn,3,0,,GROUP,OTHER,WT,670,Main Draw,LI Karen (NZL),LULU Anolyn (VAN),LI Karen
Oceania Championships Auckland 2010,2010-04-12,SUN Yang,TOMMY Priscilla,3,0,,GROUP,OTHER,WT,670,Main Draw,SUN Yang (NZL),TOMMY Priscilla (VAN),SUN Yang
Oceania Championships Auckland 2010,2010-04-12,HUNG Jenny,SANTHY Liopa,3,0,,GROUP,OTHER,WT,670,Main Draw,HUNG Jenny (NZL),SANTHY Liopa (VAN),HUNG Jenny
Oceania Championships Auckland 2010,2010-04-12,LI Karen,TOMMY Priscilla,3,0,,GROUP,OTHER,WT,670,Main Draw,LI Karen (NZL),TOMMY Priscilla (VAN),LI Karen
Oceania Championships Auckland 2010,2010-04-12,SUN Yang,LULU Anolyn,3,0,,GROUP,OTHER,WT,670,Main Draw,SUN Yang (NZL),LULU Anolyn (VAN),SUN Yang
Oceania Championships Auckland 2010,2010-04-12,MIAO Miao,LUI Brenda,3,0,,GROUP,OTHER,WT,670,Main Draw,MIAO Miao (AUS),LUI Brenda (PYF),MIAO Miao
Oceania Championships Auckland 2010,2010-04-12,SANG Xu Stephanie,THUNOT Tuarikirau,3,0,,GROUP,OTHER,WT,670,Main Draw,SANG Xu Stephanie (AUS),THUNOT Tuarikirau (PYF),SANG Xu Stephanie
Oceania Championships Auckland 2010,2010-04-12,LAY Jian Fang,GAUMET Vaihiria,3,0,,GROUP,OTHER,WT,670,Main Draw,LAY Jian Fang (AUS),GAUMET Vaihiria (PYF),LAY Jian Fang
Oceania Championships Auckland 2010,2010-04-12,MIAO Miao,THUNOT Tuarikirau,3,0,,GROUP,OTHER,WT,670,Main Draw,MIAO Miao (AUS),THUNOT Tuarikirau (PYF),MIAO Miao
Oceania Championships Auckland 2010,2010-04-12,SANG Xu Stephanie,LUI Brenda,3,0,,GROUP,OTHER,WT,670,Main Draw,SANG Xu Stephanie (AUS),LUI Brenda (PYF),SANG Xu Stephanie
Oceania Championships Auckland 2010,2010-04-12,MANICO Louisa,DEVI Shoma,3,0,,GROUP,OTHER,WT,670,Main Draw,MANICO Louisa (COK),DEVI Shoma (FIJ),MANICO Louisa
Oceania Championships Auckland 2010,2010-04-12,HUNT Kerryn,ANTONIO Leighann,3,0,,GROUP,OTHER,WT,670,Main Draw,HUNT Kerryn (COK),ANTONIO Leighann (FIJ),HUNT Kerryn
Oceania Championships Auckland 2010,2010-04-12,LI Carolyn,MANICO Louisa,3,0,,GROUP,OTHER,WT,670,Main Draw,LI Carolyn (FIJ),MANICO Louisa (COK),LI Carolyn
Oceania Championships Auckland 2010,2010-04-12,DEVI Shoma,PERE Ana,3,0,,GROUP,OTHER,WT,670,Main Draw,DEVI Shoma (FIJ),PERE Ana (COK),DEVI Shoma
Oceania Championships Auckland 2010,2010-04-12,BOUTEILLE Ornella,VI Eseta,3,0,,GROUP,OTHER,WT,670,Main Draw,BOUTEILLE Ornella (NCL),VI Eseta (TGA),BOUTEILLE Ornella
Oceania Championships Auckland 2010,2010-04-12,PAUL Anais,TAUALUPE Fifita,3,0,,GROUP,OTHER,WT,670,Main Draw,PAUL Anais (NCL),TAUALUPE Fifita (TGA),PAUL Anais
Oceania Championships Auckland 2010,2010-04-12,BOUTEILLE Ornella,TAUALUPE Fifita,3,0,,GROUP,OTHER,WT,670,Main Draw,BOUTEILLE Ornella (NCL),TAUALUPE Fifita (TGA),BOUTEILLE Ornella
Oceania Championships Auckland 2010,2010-04-12,VI Eseta,PAUL Anais,3,0,,GROUP,OTHER,WT,670,Main Draw,VI Eseta (TGA),PAUL Anais (NCL),VI Eseta
Oceania Championships Auckland 2010,2010-04-12,HUNG Jenny,HUNT Kerryn,3,0,,GROUP,OTHER,WT,670,Main Draw,HUNG Jenny (NZL),HUNT Kerryn (COK),HUNG Jenny
Oceania Championships Auckland 2010,2010-04-12,LI Karen,MANICO Louisa,3,0,,GROUP,OTHER,WT,670,Main Draw,LI Karen (NZL),MANICO Louisa (COK),LI Karen
Oceania Championships Auckland 2010,2010-04-12,HER-LEE Sarah,PERE Ana,3,0,,GROUP,OTHER,WT,670,Main Draw,HER-LEE Sarah (NZL),PERE Ana (COK),HER-LEE Sarah
Oceania Championships Auckland 2010,2010-04-12,LI Karen,HUNT Kerryn,3,0,,GROUP,OTHER,WT,670,Main Draw,LI Karen (NZL),HUNT Kerryn (COK),LI Karen
Oceania Championships Auckland 2010,2010-04-12,HUNG Jenny,MANICO Louisa,3,0,,GROUP,OTHER,WT,670,Main Draw,HUNG Jenny (NZL),MANICO Louisa (COK),HUNG Jenny
Oceania Championships Auckland 2010,2010-04-12,LAY Jian Fang,TAUALUPE Fifita,3,0,,GROUP,OTHER,WT,670,Main Draw,LAY Jian Fang (AUS),TAUALUPE Fifita (TGA),LAY Jian Fang
Oceania Championships Auckland 2010,2010-04-12,DEDERKO Zhenhua,VI Eseta,3,0,,GROUP,OTHER,WT,670,Main Draw,DEDERKO Zhenhua (AUS),VI Eseta (TGA),DEDERKO Zhenhua
Oceania Championships Auckland 2010,2010-04-12,LAY Jian Fang,VI Eseta,3,0,,GROUP,OTHER,WT,670,Main Draw,LAY Jian Fang (AUS),VI Eseta (TGA),LAY Jian Fang
Oceania Championships Auckland 2010,2010-04-12,DEDERKO Zhenhua,TAUALUPE Fifita,3,0,,GROUP,OTHER,WT,670,Main Draw,DEDERKO Zhenhua (AUS),TAUALUPE Fifita (TGA),DEDERKO Zhenhua
Oceania Championships Auckland 2010,2010-04-12,TOMMY Priscilla,DEVI Shoma,3,0,,GROUP,OTHER,WT,670,Main Draw,TOMMY Priscilla (VAN),DEVI Shoma (FIJ),TOMMY Priscilla
Oceania Championships Auckland 2010,2010-04-12,LULU Anolyn,LI Carolyn,3,0,,GROUP,OTHER,WT,670,Main Draw,LULU Anolyn (VAN),LI Carolyn (FIJ),LULU Anolyn
Oceania Championships Auckland 2010,2010-04-12,SANTHY Liopa,ANTONIO Leighann,3,0,,GROUP,OTHER,WT,670,Main Draw,SANTHY Liopa (VAN),ANTONIO Leighann (FIJ),SANTHY Liopa
Oceania Championships Auckland 2010,2010-04-12,TOMMY Priscilla,LI Carolyn,3,0,,GROUP,OTHER,WT,670,Main Draw,TOMMY Priscilla (VAN),LI Carolyn (FIJ),TOMMY Priscilla
Oceania Championships Auckland 2010,2010-04-12,LULU Anolyn,DEVI Shoma,3,0,,GROUP,OTHER,WT,670,Main Draw,LULU Anolyn (VAN),DEVI Shoma (FIJ),LULU Anolyn
Oceania Championships Auckland 2010,2010-04-12,LUI Brenda,PAUL Anais,3,0,,GROUP,OTHER,WT,670,Main Draw,LUI Brenda (PYF),PAUL Anais (NCL),LUI Brenda
Oceania Championships Auckland 2010,2010-04-12,BOUTEILLE Ornella,THUNOT Tuarikirau,3,0,,GROUP,OTHER,WT,670,Main Draw,BOUTEILLE Ornella (NCL),THUNOT Tuarikirau (PYF),BOUTEILLE Ornella
Oceania Championships Auckland 2010,2010-04-12,GAUMET Vaihiria,COURTOT Cindy,3,0,,GROUP,OTHER,WT,670,Main Draw,GAUMET Vaihiria (PYF),COURTOT Cindy (NCL),GAUMET Vaihiria
Oceania Championships Auckland 2010,2010-04-12,BOUTEILLE Ornella,LUI Brenda,3,0,,GROUP,OTHER,WT,670,Main Draw,BOUTEILLE Ornella (NCL),LUI Brenda (PYF),BOUTEILLE Ornella
Oceania Championships Auckland 2010,2010-04-12,THUNOT Tuarikirau,PAUL Anais,3,0,,GROUP,OTHER,WT,670,Main Draw,THUNOT Tuarikirau (PYF),PAUL Anais (NCL),THUNOT Tuarikirau
Oceania Championships Auckland 2010,2010-04-12,LI Karen,THUNOT Tuarikirau,3,0,,,OTHER,WT,670,Main Draw,LI Karen (NZL),THUNOT Tuarikirau (PYF),LI Karen
Oceania Championships Auckland 2010,2010-04-12,SUN Yang,LUI Brenda,3,0,,,OTHER,WT,670,Main Draw,SUN Yang (NZL),LUI Brenda (PYF),SUN Yang
Oceania Championships Auckland 2010,2010-04-12,HUNG Jenny,GAUMET Vaihiria,3,0,,,OTHER,WT,670,Main Draw,HUNG Jenny (NZL),GAUMET Vaihiria (PYF),HUNG Jenny
Oceania Championships Auckland 2010,2010-04-12,SANG Xu Stephanie,TOMMY Priscilla,3,0,,,OTHER,WT,670,Main Draw,SANG Xu Stephanie (AUS),TOMMY Priscilla (VAN),SANG Xu Stephanie
Oceania Championships Auckland 2010,2010-04-12,DEDERKO Zhenhua,SANTHY Liopa,3,0,,,OTHER,WT,670,Main Draw,DEDERKO Zhenhua (AUS),SANTHY Liopa (VAN),DEDERKO Zhenhua
Oceania Championships Auckland 2010,2010-04-12,HUNT Kerryn,PAUL Anais,3,0,,,OTHER,WT,670,Main Draw,HUNT Kerryn (COK),PAUL Anais (NCL),HUNT Kerryn
Oceania Championships Auckland 2010,2010-04-12,BOUTEILLE Ornella,HUNT Kerryn,3,0,,,OTHER,WT,670,Main Draw,BOUTEILLE Ornella (NCL),HUNT Kerryn (COK),BOUTEILLE Ornella
Oceania Championships Auckland 2010,2010-04-12,VI Eseta,DEVI Shoma,3,0,,,OTHER,WT,670,Main Draw,VI Eseta (TGA),DEVI Shoma (FIJ),VI Eseta
Oceania Championships Auckland 2010,2010-04-12,LI Carolyn,TAUALUPE Fifita,3,0,,,OTHER,WT,670,Main Draw,LI Carolyn (FIJ),TAUALUPE Fifita (TGA),LI Carolyn
Oceania Championships Auckland 2010,2010-04-12,LI Carolyn,VI Eseta,3,0,,,OTHER,WT,670,Main Draw,LI Carolyn (FIJ),VI Eseta (TGA),LI Carolyn
Oceania Championships Auckland 2010,2010-04-12,DEVI Shoma,TAUALUPE Fifita,3,0,,,OTHER,WT,670,Main Draw,DEVI Shoma (FIJ),TAUALUPE Fifita (TGA),DEVI Shoma
Oceania Championships Auckland 2010,2010-04-12,BOUTEILLE Ornella,DEVI Shoma,3,0,,,OTHER,WT,670,Main Draw,BOUTEILLE Ornella (NCL),DEVI Shoma (FIJ),BOUTEILLE Ornella
Oceania Championships Auckland 2010,2010-04-12,PAUL Anais,LI Carolyn,3,0,,,OTHER,WT,670,Main Draw,PAUL Anais (NCL),LI Carolyn (FIJ),PAUL Anais
Oceania Championships Auckland 2010,2010-04-12,COURTOT Cindy,ANTONIO Leighann,3,0,,,OTHER,WT,670,Main Draw,COURTOT Cindy (NCL),ANTONIO Leighann (FIJ),COURTOT Cindy
Oceania Championships Auckland 2010,2010-04-12,VI Eseta,HUNT Kerryn,3,0,,,OTHER,WT,670,Main Draw,VI Eseta (TGA),HUNT Kerryn (COK),VI Eseta
Oceania Championships Auckland 2010,2010-04-12,MANICO Louisa,TAUALUPE Fifita,3,0,,,OTHER,WT,670,Main Draw,MANICO Louisa (COK),TAUALUPE Fifita (TGA),MANICO Louisa
Oceania Championships Auckland 2010,2010-04-12,MANICO Louisa,VI Eseta,3,0,,,OTHER,WT,670,Main Draw,MANICO Louisa (COK),VI Eseta (TGA),MANICO Louisa
Oceania Championships Auckland 2010,2010-04-12,HUNT Kerryn,TAUALUPE Fifita,3,0,,,OTHER,WT,670,Main Draw,HUNT Kerryn (COK),TAUALUPE Fifita (TGA),HUNT Kerryn
Oceania Championships Auckland 2010,2010-04-12,TOMMY Priscilla,THUNOT Tuarikirau,3,0,,,OTHER,WT,670,Main Draw,TOMMY Priscilla (VAN),THUNOT Tuarikirau (PYF),TOMMY Priscilla
Oceania Championships Auckland 2010,2010-04-12,LULU Anolyn,LUI Brenda,3,0,,,OTHER,WT,670,Main Draw,LULU Anolyn (VAN),LUI Brenda (PYF),LULU Anolyn
Oceania Championships Auckland 2010,2010-04-12,SANTHY Liopa,GAUMET Vaihiria,3,0,,,OTHER,WT,670,Main Draw,SANTHY Liopa (VAN),GAUMET Vaihiria (PYF),SANTHY Liopa
Oceania Championships Auckland 2010,2010-04-12,LI Karen,SANG Xu Stephanie,3,0,,,OTHER,WT,670,Main Draw,LI Karen (NZL),SANG Xu Stephanie (AUS),LI Karen
Oceania Championships Auckland 2010,2010-04-12,LAY Jian Fang,SUN Yang,3,0,,,OTHER,WT,670,Main Draw,LAY Jian Fang (AUS),SUN Yang (NZL),LAY Jian Fang
Oceania Championships Auckland 2010,2010-04-12,SANG Xu Stephanie,HUNG Jenny,3,0,,,OTHER,WT,670,Main Draw,SANG Xu Stephanie (AUS),HUNG Jenny (NZL),SANG Xu Stephanie
