tournament,date,player_a,player_b,score_a,score_b,game_scores,round,tier,sub_event,event_id,stage,player_a_raw,player_b_raw,winner_raw
Luxembourg Open Luxembourg 2014,2014-04-16,MOREGARD Malte,BAND Joshua,4,0,"11,11,11,11|4,8,6,9",R64,WTT_CONTENDER,MS,276,Main Draw,BAND Joshua (JEY),MOREGARD Malte (SWE),MOREGARD Malte
Luxembourg Open Luxembourg 2014,2014-04-16,ROGIERS Benjamin,WHEELER Christopher,4,1,"11,11,9,12,11|6,7,11,10,8",R64,WTT_CONTENDER,MS,276,Main Draw,WHEELER Christopher (SCO),ROGIERS Benjamin (BEL),ROGIERS Benjamin
Luxembourg Open Luxembourg 2014,2014-04-16,MARTINEZ Guillermo,DUVAL Celian,4,1,"11,11,11,11,11|8,13,9,9,3",R64,WTT_CONTENDER,MS,276,Main Draw,DUVAL Celian (FRA),MARTINEZ Guillermo (ESP),MARTINEZ Guillermo
Luxembourg Open Luxembourg 2014,2014-04-16,BILAS Arthur,OEIJ Patrick,4,0,"13,11,11,11|11,9,5,4",R64,WTT_CONTENDER,MS,276,Main Draw,OEIJ Patrick (NED),BILAS Arthur (BEL),BILAS Arthur
Luxembourg Open Luxembourg 2014,2014-04-16,SERDAROGLU David,CHAMPOD Nicolas,4,2,"11,8,11,3,14|3,11,5,11,12",R64,WTT_CONTENDER,MS,276,Main Draw,CHAMPOD Nicolas (SUI),SERDAROGLU David (AUT),SERDAROGLU David
Luxembourg Open Luxembourg 2014,2014-04-16,FRANCO Hernando,ZATS Oleksandr,4,0,"11,11,11,11|7,6,3,7",R64,WTT_CONTENDER,MS,276,Main Draw,ZATS Oleksandr (UKR),FRANCO Hernando (COL),FRANCO Hernando
Luxembourg Open Luxembourg 2014,2014-04-16,CHOBEAU Clement,ROBINSON Ashley,4,0,"11,11,17,11|8,8,15,6",R64,WTT_CONTENDER,MS,276,Main Draw,ROBINSON Ashley (IRL),CHOBEAU Clement (FRA),CHOBEAU Clement
Luxembourg Open Luxembourg 2014,2014-04-16,MAES Yannick,BERGLUND Simon,4,3,"11,11,10,11,7|5,4,12,9,11",R64,WTT_CONTENDER,MS,276,Main Draw,BERGLUND Simon (SWE),MAES Yannick (BEL),MAES Yannick
Luxembourg Open Luxembourg 2014,2014-04-16,O'DRISCOLL Michael,SHI Guang Victor,4,2,"11,10,11,9,11|4,12,8,11,6",R64,WTT_CONTENDER,MS,276,Main Draw,SHI Guang Victor (SCO),O'DRISCOLL Michael (ENG),O'DRISCOLL Michael
Luxembourg Open Luxembourg 2014,2014-04-16,KHOSHBAKHT Omid,GLOD Eric,4,2,"4,11,11,11,8|11,9,8,4,11",R64,WTT_CONTENDER,MS,276,Main Draw,GLOD Eric (LUX),KHOSHBAKHT Omid (SWE),KHOSHBAKHT Omid
Luxembourg Open Luxembourg 2014,2014-04-16,SKUCAS Matas,BAST Mike,4,2,"11,9,11,11,4|5,11,3,8,11",R64,WTT_CONTENDER,MS,276,Main Draw,BAST Mike (LUX),SKUCAS Matas (LTU),SKUCAS Matas
Luxembourg Open Luxembourg 2014,2014-04-16,MERCHEZ Cedric,GIRALDO Juan,4,0,"11,11,11,11|6,6,7,9",R64,WTT_CONTENDER,MS,276,Main Draw,MERCHEZ Cedric (BEL),GIRALDO Juan (COL),MERCHEZ Cedric
Luxembourg Open Luxembourg 2014,2014-04-16,KUMAR Jubin,PIERAERT Valentin,4,0,"11,11,14,11|9,6,12,8",R64,WTT_CONTENDER,MS,276,Main Draw,KUMAR Jubin (IND),PIERAERT Valentin (BEL),KUMAR Jubin
Luxembourg Open Luxembourg 2014,2014-04-16,HAGERAATS Koen,CNUDDE Florian,4,2,"11,12,11,9,11|6,14,7,11,4",R64,WTT_CONTENDER,MS,276,Main Draw,HAGERAATS Koen (NED),CNUDDE Florian (BEL),HAGERAATS Koen
Luxembourg Open Luxembourg 2014,2014-04-16,HAGBERG Johan,DOMEIKA Arnoldas,4,1,"11,11,5,11,11|6,7,11,5,6",R64,WTT_CONTENDER,MS,276,Main Draw,HAGBERG Johan (LAO),DOMEIKA Arnoldas (LTU),HAGBERG Johan
Luxembourg Open Luxembourg 2014,2014-04-16,LUGINGER Christian,FARRELL Ryan,4,1,"11,11,11,8,11|7,6,4,11,5",R64,WTT_CONTENDER,MS,276,Main Draw,FARRELL Ryan (IRL),LUGINGER Christian (AUT),LUGINGER Christian
Luxembourg Open Luxembourg 2014,2014-04-16,CALVO Alejandro,CRAWFORD Stewart,4,0,"11,11,12,11|5,8,10,5",R64,WTT_CONTENDER,MS,276,Main Draw,CRAWFORD Stewart (SCO),CALVO Alejandro (ESP),CALVO Alejandro
Luxembourg Open Luxembourg 2014,2014-04-16,ZAIDI Mohammed,ARCILA Carlos,4,2,"12,11,7,12,7|10,5,11,10,11",R64,WTT_CONTENDER,MS,276,Main Draw,ZAIDI Mohammed (ALG),ARCILA Carlos (COL),ZAIDI Mohammed
Luxembourg Open Luxembourg 2014,2014-04-16,REILAND Herve,ERIKSSON Anders,4,1,"11,11,11,6,11|7,7,8,11,8",R64,WTT_CONTENDER,MS,276,Main Draw,ERIKSSON Anders (SWE),REILAND Herve (FRA),REILAND Herve
Luxembourg Open Luxembourg 2014,2014-04-16,OLTEANU Dragos,GRAHAM Peter,4,0,"11,11,11,15|6,5,4,13",R64,WTT_CONTENDER,MS,276,Main Draw,OLTEANU Dragos (LUX),GRAHAM Peter (IRL),OLTEANU Dragos
Luxembourg Open Luxembourg 2014,2014-04-16,TCYBIN Andrei,LEVENKO Andreas,4,3,"11,6,11,5,8|9,11,8,11,11",R64,WTT_CONTENDER,MS,276,Main Draw,LEVENKO Andreas (AUT),TCYBIN Andrei (RUS),TCYBIN Andrei
Luxembourg Open Luxembourg 2014,2014-04-16,DARCIS Thibaut,BENITO Javier,4,3,"9,11,10,12,7|11,7,12,10,11",R64,WTT_CONTENDER,MS,276,Main Draw,BENITO Javier (ESP),DARCIS Thibaut (BEL),DARCIS Thibaut
Luxembourg Open Luxembourg 2014,2014-04-16,ZATS Oleksandr,MARSDEN Michael,4,1,"11,11,6,11,11|4,5,11,4,7",R64,WTT_CONTENDER,MS,276,Main Draw,ZATS Oleksandr (UKR),MARSDEN Michael (WAL),ZATS Oleksandr
Luxembourg Open Luxembourg 2014,2014-04-16,ZHAI Yujia,KHEROUF Sami,4,1,"11,11,11,8,11|9,5,7,11,7",R64,WTT_CONTENDER,MS,276,Main Draw,KHEROUF Sami (ALG),ZHAI Yujia (DEN),ZHAI Yujia
Luxembourg Open Luxembourg 2014,2014-04-16,MAGUIRE Gavin,MLADENOVIC Luka,4,0,"11,11,11,11|6,6,3,8",R64,WTT_CONTENDER,MS,276,Main Draw,MLADENOVIC Luka (LUX),MAGUIRE Gavin (IRL),MAGUIRE Gavin
Luxembourg Open Luxembourg 2014,2014-04-16,SWARTENBROUCKX Gaetan,HANSEN Sven,4,1,"12,11,11,12,11|14,9,8,10,9",R64,WTT_CONTENDER,MS,276,Main Draw,HANSEN Sven (LUX),SWARTENBROUCKX Gaetan (BEL),SWARTENBROUCKX Gaetan
Luxembourg Open Luxembourg 2014,2014-04-16,BALGU Aman,GALVANO Nicolas,4,0,"11,11,11,11|7,8,7,4",R64,WTT_CONTENDER,MS,276,Main Draw,GALVANO Nicolas (ARG),BALGU Aman (IND),BALGU Aman
Luxembourg Open Luxembourg 2014,2014-04-16,TREGLER Tomas,MOREGARD Malte,4,1,"11,11,4,11,11|4,4,11,8,9",R64,WTT_CONTENDER,MS,276,Main Draw,TREGLER Tomas (CZE),MOREGARD Malte (SWE),TREGLER Tomas
Luxembourg Open Luxembourg 2014,2014-04-16,UDRA Alfredas,CIOCIU Traian,4,1,"11,11,11,8,11|9,1,7,11,5",R64,WTT_CONTENDER,MS,276,Main Draw,CIOCIU Traian (LUX),UDRA Alfredas (LTU),UDRA Alfredas
Luxembourg Open Luxembourg 2014,2014-04-16,ROGIERS Benjamin,RANEFUR Elias,4,2,"14,9,11,11,7|12,11,9,8,11",R64,WTT_CONTENDER,MS,276,Main Draw,RANEFUR Elias (SWE),ROGIERS Benjamin (BEL),ROGIERS Benjamin
Luxembourg Open Luxembourg 2014,2014-04-16,OLIVARES Felipe,MARTINEZ Guillermo,4,0,"11,11,11,11|5,3,8,8",R64,WTT_CONTENDER,MS,276,Main Draw,MARTINEZ Guillermo (ESP),OLIVARES Felipe (CHI),OLIVARES Felipe
Luxembourg Open Luxembourg 2014,2014-04-16,CASSIN Alexandre,BILAS Arthur,4,1,"8,11,11,11,11|11,9,9,7,7",R64,WTT_CONTENDER,MS,276,Main Draw,CASSIN Alexandre (FRA),BILAS Arthur (BEL),CASSIN Alexandre
Luxembourg Open Luxembourg 2014,2014-04-16,MUHLBACH Hermann,BLOMQVIST Adam,4,0,"11,11,11,11|7,7,6,7",R64,WTT_CONTENDER,MS,276,Main Draw,BLOMQVIST Adam (SWE),MUHLBACH Hermann (LUX),MUHLBACH Hermann
Luxembourg Open Luxembourg 2014,2014-04-16,MCCREERY Paul,SERDAROGLU David,4,3,"11,13,14,11,13|8,11,16,13,11",R64,WTT_CONTENDER,MS,276,Main Draw,MCCREERY Paul (IRL),SERDAROGLU David (AUT),MCCREERY Paul
Luxembourg Open Luxembourg 2014,2014-04-16,ARVIDSSON Simon,FRANCO Hernando,4,0,"11,11,11,11|5,7,6,2",R64,WTT_CONTENDER,MS,276,Main Draw,FRANCO Hernando (COL),ARVIDSSON Simon (SWE),ARVIDSSON Simon
Luxembourg Open Luxembourg 2014,2014-04-16,PYSAR Dmytro,CHOBEAU Clement,4,0,"12,11,11,11|10,9,8,5",R64,WTT_CONTENDER,MS,276,Main Draw,PYSAR Dmytro (UKR),CHOBEAU Clement (FRA),PYSAR Dmytro
Luxembourg Open Luxembourg 2014,2014-04-16,MAES Yannick,DIEZ Endika,4,1,"11,11,11,7,13|8,6,4,11,11",R64,WTT_CONTENDER,MS,276,Main Draw,MAES Yannick (BEL),DIEZ Endika (ESP),MAES Yannick
Luxembourg Open Luxembourg 2014,2014-04-16,LEITGEB Stefan,O'DRISCOLL Michael,4,2,"11,11,7,11,4|5,8,11,6,11",R64,WTT_CONTENDER,MS,276,Main Draw,LEITGEB Stefan (AUT),O'DRISCOLL Michael (ENG),LEITGEB Stefan
Luxembourg Open Luxembourg 2014,2014-04-16,OLAH Benedek,KHOSHBAKHT Omid,4,0,"11,11,11,11|8,6,6,5",R64,WTT_CONTENDER,MS,276,Main Draw,KHOSHBAKHT Omid (SWE),OLAH Benedek (FIN),OLAH Benedek
Luxembourg Open Luxembourg 2014,2014-04-16,MERZLIKIN Taras,SKUCAS Matas,4,1,"11,9,11,11,11|9,11,6,4,8",R64,WTT_CONTENDER,MS,276,Main Draw,MERZLIKIN Taras (RUS),SKUCAS Matas (LTU),MERZLIKIN Taras
Luxembourg Open Luxembourg 2014,2014-04-16,NIELSEN Claus,MERCHEZ Cedric,4,1,"11,10,14,11,11|7,12,12,8,5",R64,WTT_CONTENDER,MS,276,Main Draw,MERCHEZ Cedric (BEL),NIELSEN Claus (DEN),NIELSEN Claus
Luxembourg Open Luxembourg 2014,2014-04-16,ERICSON Gustaf,VAN WAMBEKE Louis,4,0,"11,11,11,11|6,9,5,5",R64,WTT_CONTENDER,MS,276,Main Draw,ERICSON Gustaf (SWE),VAN WAMBEKE Louis (LUX),ERICSON Gustaf
Luxembourg Open Luxembourg 2014,2014-04-16,HACHARD Antoine,KUMAR Jubin,4,1,"11,11,11,7,12|9,4,5,11,10",R64,WTT_CONTENDER,MS,276,Main Draw,KUMAR Jubin (IND),HACHARD Antoine (FRA),HACHARD Antoine
Luxembourg Open Luxembourg 2014,2014-04-16,REITSPIES David,HAGERAATS Koen,4,0,"11,11,11,11|5,6,4,5",R64,WTT_CONTENDER,MS,276,Main Draw,REITSPIES David (CZE),HAGERAATS Koen (NED),REITSPIES David
Luxembourg Open Luxembourg 2014,2014-04-16,RUIZ Romain,HAGBERG Johan,4,2,"11,8,8,13,11|5,11,11,11,8",R64,WTT_CONTENDER,MS,276,Main Draw,HAGBERG Johan (LAO),RUIZ Romain (FRA),RUIZ Romain
Luxembourg Open Luxembourg 2014,2014-04-16,MICHELY Gilles,LUGINGER Christian,4,2,"6,11,9,11,11|11,8,11,7,6",R64,WTT_CONTENDER,MS,276,Main Draw,MICHELY Gilles (LUX),LUGINGER Christian (AUT),MICHELY Gilles
Luxembourg Open Luxembourg 2014,2014-04-16,LIEVSHYN Vitaliy,ZAIDI Mohammed,4,0,"11,12,11,11|4,10,3,8",R64,WTT_CONTENDER,MS,276,Main Draw,LIEVSHYN Vitaliy (UKR),ZAIDI Mohammed (ALG),LIEVSHYN Vitaliy
Luxembourg Open Luxembourg 2014,2014-04-16,REILAND Herve,FRANCO Carlos,4,1,"11,5,11,11,11|7,11,9,6,9",R64,WTT_CONTENDER,MS,276,Main Draw,REILAND Herve (FRA),FRANCO Carlos (ESP),REILAND Herve
Luxembourg Open Luxembourg 2014,2014-04-16,JOHANSSON Henrik,OLTEANU Dragos,4,1,"11,8,11,11,14|5,11,8,6,12",R64,WTT_CONTENDER,MS,276,Main Draw,JOHANSSON Henrik (SWE),OLTEANU Dragos (LUX),JOHANSSON Henrik
Luxembourg Open Luxembourg 2014,2014-04-16,JEAN Lauric,TCYBIN Andrei,4,1,"11,11,9,11,11|8,9,11,5,7",R64,WTT_CONTENDER,MS,276,Main Draw,TCYBIN Andrei (RUS),JEAN Lauric (BEL),JEAN Lauric
Luxembourg Open Luxembourg 2014,2014-04-16,BOULOUSSA Mehdi,DARCIS Thibaut,4,0,"11,11,11,14|9,5,9,12",R64,WTT_CONTENDER,MS,276,Main Draw,BOULOUSSA Mehdi (ALG),DARCIS Thibaut (BEL),BOULOUSSA Mehdi
Luxembourg Open Luxembourg 2014,2014-04-16,KALACHEVSKYI Denys,ZATS Oleksandr,4,1,"11,11,11,7,11|6,5,7,11,7",R64,WTT_CONTENDER,MS,276,Main Draw,ZATS Oleksandr (UKR),KALACHEVSKYI Denys (UKR),KALACHEVSKYI Denys
Luxembourg Open Luxembourg 2014,2014-04-16,ZHAI Yujia,WEBER Lionel,4,1,"11,12,6,11,12|5,10,11,8,10",R64,WTT_CONTENDER,MS,276,Main Draw,WEBER Lionel (SUI),ZHAI Yujia (DEN),ZHAI Yujia
Luxembourg Open Luxembourg 2014,2014-04-16,KALLBERG Anton,MAGUIRE Gavin,4,2,"11,11,11,6,11|8,13,7,11,7",R64,WTT_CONTENDER,MS,276,Main Draw,MAGUIRE Gavin (IRL),KALLBERG Anton (SWE),KALLBERG Anton
Luxembourg Open Luxembourg 2014,2014-04-16,SWARTENBROUCKX Gaetan,MIKUTIS Tomas,4,1,"11,8,11,11,11|8,11,8,6,8",R64,WTT_CONTENDER,MS,276,Main Draw,MIKUTIS Tomas (LTU),SWARTENBROUCKX Gaetan (BEL),SWARTENBROUCKX Gaetan
Luxembourg Open Luxembourg 2014,2014-04-16,GORMAN Viktor,BALGU Aman,4,2,"10,9,11,11,11|12,11,4,6,8",R64,WTT_CONTENDER,MS,276,Main Draw,BALGU Aman (IND),GORMAN Viktor (SWE),GORMAN Viktor
Luxembourg Open Luxembourg 2014,2014-04-16,PLATTNER Dominique,VITTA Kilomo,4,2,"7,6,11,17,11|11,11,0,15,8",R64,WTT_CONTENDER,MS,276,Main Draw,PLATTNER Dominique (AUT),VITTA Kilomo (BEL),PLATTNER Dominique
Luxembourg Open Luxembourg 2014,2014-04-16,BUROV Viacheslav,NICOLLE Dorian,4,0,"11,11,11,17|5,7,4,15",R64,WTT_CONTENDER,MS,276,Main Draw,NICOLLE Dorian (FRA),BUROV Viacheslav (RUS),BUROV Viacheslav
Luxembourg Open Luxembourg 2014,2014-04-16,TREGLER Tomas,UDRA Alfredas,4,0,"11,11,11,11|8,7,4,7",R32,WTT_CONTENDER,MS,276,Main Draw,TREGLER Tomas (CZE),UDRA Alfredas (LTU),TREGLER Tomas
Luxembourg Open Luxembourg 2014,2014-04-16,OLIVARES Felipe,ROGIERS Benjamin,4,2,"10,11,11,8,11|12,4,8,11,9",R32,WTT_CONTENDER,MS,276,Main Draw,ROGIERS Benjamin (BEL),OLIVARES Felipe (CHI),OLIVARES Felipe
Luxembourg Open Luxembourg 2014,2014-04-16,MUHLBACH Hermann,CASSIN Alexandre,4,1,"10,11,11,11,12|12,5,9,8,10",R32,WTT_CONTENDER,MS,276,Main Draw,CASSIN Alexandre (FRA),MUHLBACH Hermann (LUX),MUHLBACH Hermann
Luxembourg Open Luxembourg 2014,2014-04-16,ARVIDSSON Simon,MCCREERY Paul,4,2,"7,11,11,11,12|11,9,7,7,14",R32,WTT_CONTENDER,MS,276,Main Draw,MCCREERY Paul (IRL),ARVIDSSON Simon (SWE),ARVIDSSON Simon
Luxembourg Open Luxembourg 2014,2014-04-16,PYSAR Dmytro,MAES Yannick,4,1,"11,11,6,13,14|3,5,11,11,12",R32,WTT_CONTENDER,MS,276,Main Draw,PYSAR Dmytro (UKR),MAES Yannick (BEL),PYSAR Dmytro
Luxembourg Open Luxembourg 2014,2014-04-16,OLAH Benedek,LEITGEB Stefan,4,1,"9,11,11,11,11|11,9,8,5,9",R32,WTT_CONTENDER,MS,276,Main Draw,LEITGEB Stefan (AUT),OLAH Benedek (FIN),OLAH Benedek
Luxembourg Open Luxembourg 2014,2014-04-16,MERZLIKIN Taras,NIELSEN Claus,4,1,"11,11,7,11,11|7,5,11,7,6",R32,WTT_CONTENDER,MS,276,Main Draw,MERZLIKIN Taras (RUS),NIELSEN Claus (DEN),MERZLIKIN Taras
Luxembourg Open Luxembourg 2014,2014-04-16,ERICSON Gustaf,HACHARD Antoine,4,2,"11,11,11,11,4|8,5,5,13,11",R32,WTT_CONTENDER,MS,276,Main Draw,ERICSON Gustaf (SWE),HACHARD Antoine (FRA),ERICSON Gustaf
Luxembourg Open Luxembourg 2014,2014-04-16,REITSPIES David,RUIZ Romain,4,2,"8,11,11,11,4|11,8,2,8,11",R32,WTT_CONTENDER,MS,276,Main Draw,REITSPIES David (CZE),RUIZ Romain (FRA),REITSPIES David
Luxembourg Open Luxembourg 2014,2014-04-16,MICHELY Gilles,AHLANDER-J Carl,4,3,"9,11,1,14,5|11,7,11,12,11",R32,WTT_CONTENDER,MS,276,Main Draw,MICHELY Gilles (LUX),AHLANDER-J Carl (SWE),MICHELY Gilles
Luxembourg Open Luxembourg 2014,2014-04-16,LIEVSHYN Vitaliy,REILAND Herve,4,0,"11,11,11,11|5,4,9,9",R32,WTT_CONTENDER,MS,276,Main Draw,LIEVSHYN Vitaliy (UKR),REILAND Herve (FRA),LIEVSHYN Vitaliy
Luxembourg Open Luxembourg 2014,2014-04-16,JOHANSSON Henrik,JEAN Lauric,4,3,"13,11,9,7,6|11,8,11,11,11",R32,WTT_CONTENDER,MS,276,Main Draw,JOHANSSON Henrik (SWE),JEAN Lauric (BEL),JOHANSSON Henrik
Luxembourg Open Luxembourg 2014,2014-04-16,BOULOUSSA Mehdi,KALACHEVSKYI Denys,4,0,"11,15,12,11|9,13,10,9",R32,WTT_CONTENDER,MS,276,Main Draw,BOULOUSSA Mehdi (ALG),KALACHEVSKYI Denys (UKR),BOULOUSSA Mehdi
Luxembourg Open Luxembourg 2014,2014-04-16,ZHAI Yujia,KALLBERG Anton,4,1,"14,14,11,13,11|16,12,6,11,8",R32,WTT_CONTENDER,MS,276,Main Draw,ZHAI Yujia (DEN),KALLBERG Anton (SWE),ZHAI Yujia
Luxembourg Open Luxembourg 2014,2014-04-16,SWARTENBROUCKX Gaetan,GORMAN Viktor,4,2,"11,11,14,10,5|5,9,12,12,11",R32,WTT_CONTENDER,MS,276,Main Draw,SWARTENBROUCKX Gaetan (BEL),GORMAN Viktor (SWE),SWARTENBROUCKX Gaetan
Luxembourg Open Luxembourg 2014,2014-04-16,BUROV Viacheslav,PLATTNER Dominique,4,3,"9,11,11,11,7|11,3,7,4,11",R32,WTT_CONTENDER,MS,276,Main Draw,PLATTNER Dominique (AUT),BUROV Viacheslav (RUS),BUROV Viacheslav
Luxembourg Open Luxembourg 2014,2014-04-16,NICOLLE Dorian,VITTA Kilomo,4,0,"11,11,11,11|2,7,4,9",R64,WTT_CONTENDER,MS,276,Main Draw,NICOLLE Dorian (FRA),VITTA Kilomo (BEL),NICOLLE Dorian
Luxembourg Open Luxembourg 2014,2014-04-16,BALGU Aman,MIKUTIS Tomas,4,2,"11,14,9,11,11|9,16,11,9,9",R64,WTT_CONTENDER,MS,276,Main Draw,BALGU Aman (IND),MIKUTIS Tomas (LTU),BALGU Aman
Luxembourg Open Luxembourg 2014,2014-04-16,WEBER Lionel,MAGUIRE Gavin,4,3,"10,12,11,8,6|12,10,8,11,11",R64,WTT_CONTENDER,MS,276,Main Draw,MAGUIRE Gavin (IRL),WEBER Lionel (SUI),WEBER Lionel
Luxembourg Open Luxembourg 2014,2014-04-16,CHAMPOD Nicolas,DARCIS Thibaut,4,0,"11,11,11,11|2,4,6,5",R64,WTT_CONTENDER,MS,276,Main Draw,CHAMPOD Nicolas (SUI),DARCIS Thibaut (BEL),CHAMPOD Nicolas
Luxembourg Open Luxembourg 2014,2014-04-16,BERGLUND Simon,TCYBIN Andrei,4,1,"11,6,12,11,11|4,11,10,9,2",R64,WTT_CONTENDER,MS,276,Main Draw,TCYBIN Andrei (RUS),BERGLUND Simon (SWE),BERGLUND Simon
Luxembourg Open Luxembourg 2014,2014-04-16,FRANCO Carlos,ZAIDI Mohammed,4,0,"11,11,11,11|1,9,2,4",R64,WTT_CONTENDER,MS,276,Main Draw,FRANCO Carlos (ESP),ZAIDI Mohammed (ALG),FRANCO Carlos
Luxembourg Open Luxembourg 2014,2014-04-16,LUGINGER Christian,BAST Mike,4,2,"11,9,11,7,14|6,11,9,11,12",R64,WTT_CONTENDER,MS,276,Main Draw,BAST Mike (LUX),LUGINGER Christian (AUT),LUGINGER Christian
Luxembourg Open Luxembourg 2014,2014-04-16,CRAWFORD Stewart,HAGBERG Johan,4,1,"11,11,11,7,11|9,8,8,11,7",R64,WTT_CONTENDER,MS,276,Main Draw,HAGBERG Johan (LAO),CRAWFORD Stewart (SCO),CRAWFORD Stewart
Luxembourg Open Luxembourg 2014,2014-04-16,KUMAR Jubin,DOMEIKA Arnoldas,4,1,"9,11,11,12,11|11,7,6,10,6",R64,WTT_CONTENDER,MS,276,Main Draw,KUMAR Jubin (IND),DOMEIKA Arnoldas (LTU),KUMAR Jubin
Luxembourg Open Luxembourg 2014,2014-04-16,MERCHEZ Cedric,SKUCAS Matas,4,1,"11,11,11,11,11|13,2,5,2,8",R64,WTT_CONTENDER,MS,276,Main Draw,MERCHEZ Cedric (BEL),SKUCAS Matas (LTU),MERCHEZ Cedric
Luxembourg Open Luxembourg 2014,2014-04-16,BENITO Javier,LEVENKO Andreas,4,0,"11,11,11,12|9,9,6,10",R64,WTT_CONTENDER,MS,276,Main Draw,BENITO Javier (ESP),LEVENKO Andreas (AUT),BENITO Javier
Luxembourg Open Luxembourg 2014,2014-04-16,CHOBEAU Clement,DIEZ Endika,4,2,"11,7,3,11,11|6,11,11,6,8",R64,WTT_CONTENDER,MS,276,Main Draw,DIEZ Endika (ESP),CHOBEAU Clement (FRA),CHOBEAU Clement
Luxembourg Open Luxembourg 2014,2014-04-16,SERDAROGLU David,ARCILA Carlos,4,2,"11,11,11,6,8|8,7,9,11,11",R64,WTT_CONTENDER,MS,276,Main Draw,ARCILA Carlos (COL),SERDAROGLU David (AUT),SERDAROGLU David
Luxembourg Open Luxembourg 2014,2014-04-16,GALVANO Nicolas,BLOMQVIST Adam,4,2,"7,11,15,11,9|11,8,13,7,11",R64,WTT_CONTENDER,MS,276,Main Draw,BLOMQVIST Adam (SWE),GALVANO Nicolas (ARG),GALVANO Nicolas
Luxembourg Open Luxembourg 2014,2014-04-16,RANEFUR Elias,MARTINEZ Guillermo,4,3,"11,9,9,8,11|5,11,11,11,5",R64,WTT_CONTENDER,MS,276,Main Draw,MARTINEZ Guillermo (ESP),RANEFUR Elias (SWE),RANEFUR Elias
Luxembourg Open Luxembourg 2014,2014-04-16,CIOCIU Traian,MOREGARD Malte,4,3,"9,7,7,11,11|11,11,11,6,9",R64,WTT_CONTENDER,MS,276,Main Draw,CIOCIU Traian (LUX),MOREGARD Malte (SWE),CIOCIU Traian
Luxembourg Open Luxembourg 2014,2014-04-16,NICOLLE Dorian,RUIZ Romain,4,2,"11,11,8,11,8|8,8,11,7,11",R64,WTT_CONTENDER,MS,276,Main Draw,RUIZ Romain (FRA),NICOLLE Dorian (FRA),NICOLLE Dorian
Luxembourg Open Luxembourg 2014,2014-04-16,AHLANDER-J Carl,BALGU Aman,4,1,"11,11,5,11,11|8,5,11,6,9",R64,WTT_CONTENDER,MS,276,Main Draw,AHLANDER-J Carl (SWE),BALGU Aman (IND),AHLANDER-J Carl
Luxembourg Open Luxembourg 2014,2014-04-16,CHAMPOD Nicolas,JEAN Lauric,4,1,"11,11,11,6,11|5,7,7,11,9",R64,WTT_CONTENDER,MS,276,Main Draw,JEAN Lauric (BEL),CHAMPOD Nicolas (SUI),CHAMPOD Nicolas
Luxembourg Open Luxembourg 2014,2014-04-16,KALACHEVSKYI Denys,BERGLUND Simon,4,1,"12,7,11,11,11|10,11,7,9,4",R64,WTT_CONTENDER,MS,276,Main Draw,KALACHEVSKYI Denys (UKR),BERGLUND Simon (SWE),KALACHEVSKYI Denys
Luxembourg Open Luxembourg 2014,2014-04-16,KALLBERG Anton,FRANCO Carlos,4,1,"12,11,11,11,11|14,6,3,6,3",R64,WTT_CONTENDER,MS,276,Main Draw,KALLBERG Anton (SWE),FRANCO Carlos (ESP),KALLBERG Anton
Luxembourg Open Luxembourg 2014,2014-04-16,GORMAN Viktor,LUGINGER Christian,4,2,"13,12,10,11,5|11,10,12,4,11",R64,WTT_CONTENDER,MS,276,Main Draw,GORMAN Viktor (SWE),LUGINGER Christian (AUT),GORMAN Viktor
Luxembourg Open Luxembourg 2014,2014-04-16,PLATTNER Dominique,CRAWFORD Stewart,4,0,"11,11,11,11|4,8,8,8",R64,WTT_CONTENDER,MS,276,Main Draw,PLATTNER Dominique (AUT),CRAWFORD Stewart (SCO),PLATTNER Dominique
Luxembourg Open Luxembourg 2014,2014-04-16,UDRA Alfredas,KUMAR Jubin,4,2,"11,14,11,11,9|8,12,8,13,11",R64,WTT_CONTENDER,MS,276,Main Draw,UDRA Alfredas (LTU),KUMAR Jubin (IND),UDRA Alfredas
Luxembourg Open Luxembourg 2014,2014-04-16,ROGIERS Benjamin,MERCHEZ Cedric,4,0,"11,11,11,12|9,6,4,10",R64,WTT_CONTENDER,MS,276,Main Draw,ROGIERS Benjamin (BEL),MERCHEZ Cedric (BEL),ROGIERS Benjamin
Luxembourg Open Luxembourg 2014,2014-04-16,CASSIN Alexandre,BENITO Javier,4,0,"11,11,11,11|5,4,7,3",R64,WTT_CONTENDER,MS,276,Main Draw,CASSIN Alexandre (FRA),BENITO Javier (ESP),CASSIN Alexandre
Luxembourg Open Luxembourg 2014,2014-04-16,CHOBEAU Clement,MCCREERY Paul,4,0,"11,11,11,12|3,9,6,10",R64,WTT_CONTENDER,MS,276,Main Draw,MCCREERY Paul (IRL),CHOBEAU Clement (FRA),CHOBEAU Clement
Luxembourg Open Luxembourg 2014,2014-04-16,MAES Yannick,SERDAROGLU David,4,2,"11,11,9,10,11|9,9,11,12,9",R64,WTT_CONTENDER,MS,276,Main Draw,MAES Yannick (BEL),SERDAROGLU David (AUT),MAES Yannick
Luxembourg Open Luxembourg 2014,2014-04-16,LEITGEB Stefan,GALVANO Nicolas,4,3,"1,7,11,12,11|11,11,9,10,8",R64,WTT_CONTENDER,MS,276,Main Draw,LEITGEB Stefan (AUT),GALVANO Nicolas (ARG),LEITGEB Stefan
Luxembourg Open Luxembourg 2014,2014-04-16,NIELSEN Claus,RANEFUR Elias,4,3,"8,11,7,4,11|11,5,11,11,9",R64,WTT_CONTENDER,MS,276,Main Draw,NIELSEN Claus (DEN),RANEFUR Elias (SWE),NIELSEN Claus
Luxembourg Open Luxembourg 2014,2014-04-16,HACHARD Antoine,CIOCIU Traian,4,0,"11,11,11,11|8,4,6,6",R64,WTT_CONTENDER,MS,276,Main Draw,HACHARD Antoine (FRA),CIOCIU Traian (LUX),HACHARD Antoine
Luxembourg Open Luxembourg 2014,2014-04-16,NICOLLE Dorian,OEIJ Patrick,4,1,"11,11,3,11,11|8,1,11,3,3",R64,WTT_CONTENDER,MS,276,Main Draw,OEIJ Patrick (NED),NICOLLE Dorian (FRA),NICOLLE Dorian
Luxembourg Open Luxembourg 2014,2014-04-16,VITTA Kilomo,DUVAL Celian,4,1,"11,11,7,11,11|7,7,11,8,9",R64,WTT_CONTENDER,MS,276,Main Draw,DUVAL Celian (FRA),VITTA Kilomo (BEL),VITTA Kilomo
Luxembourg Open Luxembourg 2014,2014-04-16,BALGU Aman,WHEELER Christopher,4,0,"11,11,11,12|7,8,6,10",R64,WTT_CONTENDER,MS,276,Main Draw,WHEELER Christopher (SCO),BALGU Aman (IND),BALGU Aman
Luxembourg Open Luxembourg 2014,2014-04-16,MAGUIRE Gavin,BAND Joshua,4,2,"11,10,11,6,13|6,12,7,11,11",R64,WTT_CONTENDER,MS,276,Main Draw,BAND Joshua (JEY),MAGUIRE Gavin (IRL),MAGUIRE Gavin
Luxembourg Open Luxembourg 2014,2014-04-16,CHAMPOD Nicolas,ZATS Oleksandr,4,1,"11,4,12,11,12|9,11,10,8,10",R64,WTT_CONTENDER,MS,276,Main Draw,CHAMPOD Nicolas (SUI),ZATS Oleksandr (UKR),CHAMPOD Nicolas
Luxembourg Open Luxembourg 2014,2014-04-16,DARCIS Thibaut,ZATS Oleksandr,4,0,"11,11,11,11|3,9,5,2",R64,WTT_CONTENDER,MS,276,Main Draw,ZATS Oleksandr (UKR),DARCIS Thibaut (BEL),DARCIS Thibaut
Luxembourg Open Luxembourg 2014,2014-04-16,TCYBIN Andrei,ROBINSON Ashley,4,2,"7,11,5,11,11|11,7,11,8,6",R64,WTT_CONTENDER,MS,276,Main Draw,ROBINSON Ashley (IRL),TCYBIN Andrei (RUS),TCYBIN Andrei
Luxembourg Open Luxembourg 2014,2014-04-16,BERGLUND Simon,OLTEANU Dragos,4,1,"11,11,13,9,11|7,7,11,11,6",R64,WTT_CONTENDER,MS,276,Main Draw,BERGLUND Simon (SWE),OLTEANU Dragos (LUX),BERGLUND Simon
Luxembourg Open Luxembourg 2014,2014-04-16,ZAIDI Mohammed,GIRALDO Juan,4,1,"12,11,12,12,11|10,5,10,14,4",R64,WTT_CONTENDER,MS,276,Main Draw,GIRALDO Juan (COL),ZAIDI Mohammed (ALG),ZAIDI Mohammed
Luxembourg Open Luxembourg 2014,2014-04-16,LUGINGER Christian,GLOD Eric,4,3,"11,13,11,9,7|7,11,8,11,11",R64,WTT_CONTENDER,MS,276,Main Draw,GLOD Eric (LUX),LUGINGER Christian (AUT),LUGINGER Christian
Luxembourg Open Luxembourg 2014,2014-04-16,HAGBERG Johan,SHI Guang Victor,4,0,"11,11,13,11|5,4,11,8",R64,WTT_CONTENDER,MS,276,Main Draw,SHI Guang Victor (SCO),HAGBERG Johan (LAO),HAGBERG Johan
Luxembourg Open Luxembourg 2014,2014-04-16,CRAWFORD Stewart,HAGERAATS Koen,4,2,"11,6,11,10,11|9,11,8,12,8",R64,WTT_CONTENDER,MS,276,Main Draw,CRAWFORD Stewart (SCO),HAGERAATS Koen (NED),CRAWFORD Stewart
Luxembourg Open Luxembourg 2014,2014-04-16,KUMAR Jubin,FARRELL Ryan,4,0,"11,11,11,11|6,9,9,7",R64,WTT_CONTENDER,MS,276,Main Draw,FARRELL Ryan (IRL),KUMAR Jubin (IND),KUMAR Jubin
Luxembourg Open Luxembourg 2014,2014-04-16,DOMEIKA Arnoldas,VAN WAMBEKE Louis,4,1,"11,9,11,11,11|5,11,9,7,3",R64,WTT_CONTENDER,MS,276,Main Draw,DOMEIKA Arnoldas (LTU),VAN WAMBEKE Louis (LUX),DOMEIKA Arnoldas
Luxembourg Open Luxembourg 2014,2014-04-16,MERCHEZ Cedric,CNUDDE Florian,4,0,"13,11,11,11|11,6,9,4",R64,WTT_CONTENDER,MS,276,Main Draw,CNUDDE Florian (BEL),MERCHEZ Cedric (BEL),MERCHEZ Cedric
Luxembourg Open Luxembourg 2014,2014-04-16,SKUCAS Matas,PIERAERT Valentin,4,1,"7,11,11,11,11|11,9,8,4,8",R64,WTT_CONTENDER,MS,276,Main Draw,PIERAERT Valentin (BEL),SKUCAS Matas (LTU),SKUCAS Matas
Luxembourg Open Luxembourg 2014,2014-04-16,BENITO Javier,KHOSHBAKHT Omid,4,3,"6,5,11,8,12|11,11,8,11,10",R64,WTT_CONTENDER,MS,276,Main Draw,BENITO Javier (ESP),KHOSHBAKHT Omid (SWE),BENITO Javier
Luxembourg Open Luxembourg 2014,2014-04-16,LEVENKO Andreas,O'DRISCOLL Michael,4,2,"11,11,14,10,9|9,9,12,12,11",R64,WTT_CONTENDER,MS,276,Main Draw,LEVENKO Andreas (AUT),O'DRISCOLL Michael (ENG),LEVENKO Andreas
Luxembourg Open Luxembourg 2014,2014-04-16,DIEZ Endika,GRAHAM Peter,4,0,"11,11,11,11|7,5,7,6",R64,WTT_CONTENDER,MS,276,Main Draw,GRAHAM Peter (IRL),DIEZ Endika (ESP),DIEZ Endika
Luxembourg Open Luxembourg 2014,2014-04-16,CHOBEAU Clement,ERIKSSON Anders,4,1,"10,11,14,11,11|12,9,12,5,9",R64,WTT_CONTENDER,MS,276,Main Draw,ERIKSSON Anders (SWE),CHOBEAU Clement (FRA),CHOBEAU Clement
Luxembourg Open Luxembourg 2014,2014-04-16,ARCILA Carlos,FRANCO Hernando,4,1,"11,9,11,11,11|3,11,8,9,6",R64,WTT_CONTENDER,MS,276,Main Draw,ARCILA Carlos (COL),FRANCO Hernando (COL),ARCILA Carlos
Luxembourg Open Luxembourg 2014,2014-04-16,GALVANO Nicolas,BILAS Arthur,4,0,"11,11,13,11|9,6,11,9",R64,WTT_CONTENDER,MS,276,Main Draw,GALVANO Nicolas (ARG),BILAS Arthur (BEL),GALVANO Nicolas
Luxembourg Open Luxembourg 2014,2014-04-16,MARTINEZ Guillermo,HANSEN Sven,4,3,"10,11,5,7,11|12,6,11,11,4",R64,WTT_CONTENDER,MS,276,Main Draw,HANSEN Sven (LUX),MARTINEZ Guillermo (ESP),MARTINEZ Guillermo
Luxembourg Open Luxembourg 2014,2014-04-16,RANEFUR Elias,MLADENOVIC Luka,4,0,"11,11,11,11|7,5,7,9",R64,WTT_CONTENDER,MS,276,Main Draw,MLADENOVIC Luka (LUX),RANEFUR Elias (SWE),RANEFUR Elias
Luxembourg Open Luxembourg 2014,2014-04-16,CIOCIU Traian,KHEROUF Sami,4,3,"12,11,7,11,11|14,7,11,5,4",R64,WTT_CONTENDER,MS,276,Main Draw,KHEROUF Sami (ALG),CIOCIU Traian (LUX),CIOCIU Traian
Luxembourg Open Luxembourg 2014,2014-04-16,MOREGARD Malte,MARSDEN Michael,4,2,"11,10,11,9,11|2,12,9,11,5",R64,WTT_CONTENDER,MS,276,Main Draw,MARSDEN Michael (WAL),MOREGARD Malte (SWE),MOREGARD Malte
Luxembourg Open Luxembourg 2014,2014-04-16,TREGLER Tomas,OLIVARES Felipe,4,2,"11,7,11,7,11|6,11,6,11,8",R16,WTT_CONTENDER,MS,276,Main Draw,TREGLER Tomas (CZE),OLIVARES Felipe (CHI),TREGLER Tomas
Luxembourg Open Luxembourg 2014,2014-04-16,MUHLBACH Hermann,ARVIDSSON Simon,4,2,"13,11,5,11,7|11,9,11,6,11",R16,WTT_CONTENDER,MS,276,Main Draw,MUHLBACH Hermann (LUX),ARVIDSSON Simon (SWE),MUHLBACH Hermann
Luxembourg Open Luxembourg 2014,2014-04-16,PYSAR Dmytro,OLAH Benedek,4,2,"5,10,11,13,11|11,12,7,11,5",R16,WTT_CONTENDER,MS,276,Main Draw,PYSAR Dmytro (UKR),OLAH Benedek (FIN),PYSAR Dmytro
Luxembourg Open Luxembourg 2014,2014-04-16,MERZLIKIN Taras,ERICSON Gustaf,4,3,"12,6,11,11,5|10,11,7,8,11",R16,WTT_CONTENDER,MS,276,Main Draw,MERZLIKIN Taras (RUS),ERICSON Gustaf (SWE),MERZLIKIN Taras
Luxembourg Open Luxembourg 2014,2014-04-16,REITSPIES David,MICHELY Gilles,4,0,"12,11,11,11|10,4,9,8",R16,WTT_CONTENDER,MS,276,Main Draw,REITSPIES David (CZE),MICHELY Gilles (LUX),REITSPIES David
Luxembourg Open Luxembourg 2014,2014-04-16,LIEVSHYN Vitaliy,JOHANSSON Henrik,4,1,"11,15,11,11,11|6,17,7,9,4",R16,WTT_CONTENDER,MS,276,Main Draw,LIEVSHYN Vitaliy (UKR),JOHANSSON Henrik (SWE),LIEVSHYN Vitaliy
Luxembourg Open Luxembourg 2014,2014-04-16,ZHAI Yujia,BOULOUSSA Mehdi,4,3,"4,11,11,11,11|11,13,0,9,7",R16,WTT_CONTENDER,MS,276,Main Draw,BOULOUSSA Mehdi (ALG),ZHAI Yujia (DEN),ZHAI Yujia
Luxembourg Open Luxembourg 2014,2014-04-16,BUROV Viacheslav,SWARTENBROUCKX Gaetan,4,1,"11,11,10,11,11|2,6,12,3,5",R16,WTT_CONTENDER,MS,276,Main Draw,SWARTENBROUCKX Gaetan (BEL),BUROV Viacheslav (RUS),BUROV Viacheslav
Luxembourg Open Luxembourg 2014,2014-04-16,TREGLER Tomas,MUHLBACH Hermann,4,2,"11,9,11,11,8|2,11,9,8,11",QF,WTT_CONTENDER,MS,276,Main Draw,TREGLER Tomas (CZE),MUHLBACH Hermann (LUX),TREGLER Tomas
Luxembourg Open Luxembourg 2014,2014-04-16,PYSAR Dmytro,MERZLIKIN Taras,4,0,"11,11,11,11|5,8,6,9",QF,WTT_CONTENDER,MS,276,Main Draw,PYSAR Dmytro (UKR),MERZLIKIN Taras (RUS),PYSAR Dmytro
Luxembourg Open Luxembourg 2014,2014-04-16,REITSPIES David,LIEVSHYN Vitaliy,4,1,"11,11,8,11,11|7,9,11,8,5",QF,WTT_CONTENDER,MS,276,Main Draw,REITSPIES David (CZE),LIEVSHYN Vitaliy (UKR),REITSPIES David
Luxembourg Open Luxembourg 2014,2014-04-16,BUROV Viacheslav,ZHAI Yujia,4,0,"11,11,11,11|9,2,9,8",QF,WTT_CONTENDER,MS,276,Main Draw,ZHAI Yujia (DEN),BUROV Viacheslav (RUS),BUROV Viacheslav
Luxembourg Open Luxembourg 2014,2014-04-16,NICOLLE Dorian,AHLANDER-J Carl,4,1,"11,7,11,12,15|7,11,9,10,13",R64,WTT_CONTENDER,MS,276,Main Draw,NICOLLE Dorian (FRA),AHLANDER-J Carl (SWE),NICOLLE Dorian
Luxembourg Open Luxembourg 2014,2014-04-16,WEBER Lionel,CHAMPOD Nicolas,4,2,"6,11,11,12,7|11,4,8,10,11",R64,WTT_CONTENDER,MS,276,Main Draw,WEBER Lionel (SUI),CHAMPOD Nicolas (SUI),WEBER Lionel
Luxembourg Open Luxembourg 2014,2014-04-16,KALLBERG Anton,KALACHEVSKYI Denys,4,1,"11,7,11,11,12|9,11,7,7,10",R64,WTT_CONTENDER,MS,276,Main Draw,KALACHEVSKYI Denys (UKR),KALLBERG Anton (SWE),KALLBERG Anton
Luxembourg Open Luxembourg 2014,2014-04-16,PLATTNER Dominique,GORMAN Viktor,4,1,"11,11,7,11,13|7,6,11,8,11",R64,WTT_CONTENDER,MS,276,Main Draw,GORMAN Viktor (SWE),PLATTNER Dominique (AUT),PLATTNER Dominique
Luxembourg Open Luxembourg 2014,2014-04-16,ROGIERS Benjamin,UDRA Alfredas,4,2,"8,9,11,11,11|11,11,4,8,9",R64,WTT_CONTENDER,MS,276,Main Draw,UDRA Alfredas (LTU),ROGIERS Benjamin (BEL),ROGIERS Benjamin
Luxembourg Open Luxembourg 2014,2014-04-16,CASSIN Alexandre,CHOBEAU Clement,4,0,"12,11,11,11|10,6,9,6",R64,WTT_CONTENDER,MS,276,Main Draw,CASSIN Alexandre (FRA),CHOBEAU Clement (FRA),CASSIN Alexandre
Luxembourg Open Luxembourg 2014,2014-04-16,LEITGEB Stefan,MAES Yannick,4,0,"11,13,11,11|1,11,8,9",R64,WTT_CONTENDER,MS,276,Main Draw,MAES Yannick (BEL),LEITGEB Stefan (AUT),LEITGEB Stefan
Luxembourg Open Luxembourg 2014,2014-04-16,HACHARD Antoine,NIELSEN Claus,4,3,"12,5,11,13,11|14,11,6,11,4",R64,WTT_CONTENDER,MS,276,Main Draw,NIELSEN Claus (DEN),HACHARD Antoine (FRA),HACHARD Antoine
Luxembourg Open Luxembourg 2014,2014-04-16,ERICSON Gustaf,NICOLLE Dorian,4,0,"11,11,19,11|6,8,17,5",R64,WTT_CONTENDER,MS,276,Main Draw,ERICSON Gustaf (SWE),NICOLLE Dorian (FRA),ERICSON Gustaf
Luxembourg Open Luxembourg 2014,2014-04-16,OLAH Benedek,WEBER Lionel,4,1,"11,11,11,3,11|2,5,8,11,4",R64,WTT_CONTENDER,MS,276,Main Draw,OLAH Benedek (FIN),WEBER Lionel (SUI),OLAH Benedek
Luxembourg Open Luxembourg 2014,2014-04-16,KALLBERG Anton,ARVIDSSON Simon,4,1,"11,11,5,13,11|7,9,11,11,9",R64,WTT_CONTENDER,MS,276,Main Draw,ARVIDSSON Simon (SWE),KALLBERG Anton (SWE),KALLBERG Anton
Luxembourg Open Luxembourg 2014,2014-04-16,PLATTNER Dominique,OLIVARES Felipe,4,2,"6,16,11,11,7|11,14,3,3,11",R64,WTT_CONTENDER,MS,276,Main Draw,OLIVARES Felipe (CHI),PLATTNER Dominique (AUT),PLATTNER Dominique
Luxembourg Open Luxembourg 2014,2014-04-16,ROGIERS Benjamin,SWARTENBROUCKX Gaetan,4,2,"11,4,11,11,3|6,11,8,4,11",R64,WTT_CONTENDER,MS,276,Main Draw,SWARTENBROUCKX Gaetan (BEL),ROGIERS Benjamin (BEL),ROGIERS Benjamin
Luxembourg Open Luxembourg 2014,2014-04-16,CASSIN Alexandre,BOULOUSSA Mehdi,4,3,"8,11,12,7,11|11,4,10,11,2",R64,WTT_CONTENDER,MS,276,Main Draw,BOULOUSSA Mehdi (ALG),CASSIN Alexandre (FRA),CASSIN Alexandre
Luxembourg Open Luxembourg 2014,2014-04-16,JOHANSSON Henrik,LEITGEB Stefan,4,0,"12,11,11,11|10,6,7,8",R64,WTT_CONTENDER,MS,276,Main Draw,JOHANSSON Henrik (SWE),LEITGEB Stefan (AUT),JOHANSSON Henrik
Luxembourg Open Luxembourg 2014,2014-04-16,HACHARD Antoine,MICHELY Gilles,4,2,"9,11,11,7,11|11,9,6,11,6",R64,WTT_CONTENDER,MS,276,Main Draw,MICHELY Gilles (LUX),HACHARD Antoine (FRA),HACHARD Antoine
Luxembourg Open Luxembourg 2014,2014-04-16,OLAH Benedek,ERICSON Gustaf,4,3,"12,11,11,10,6|10,4,5,12,11",R64,WTT_CONTENDER,MS,276,Main Draw,ERICSON Gustaf (SWE),OLAH Benedek (FIN),OLAH Benedek
Luxembourg Open Luxembourg 2014,2014-04-16,KALLBERG Anton,PLATTNER Dominique,4,0,"11,11,11,11|8,5,9,5",R64,WTT_CONTENDER,MS,276,Main Draw,KALLBERG Anton (SWE),PLATTNER Dominique (AUT),KALLBERG Anton
Luxembourg Open Luxembourg 2014,2014-04-16,CASSIN Alexandre,ROGIERS Benjamin,4,3,"11,7,9,11,9|4,11,11,9,11",R64,WTT_CONTENDER,MS,276,Main Draw,ROGIERS Benjamin (BEL),CASSIN Alexandre (FRA),CASSIN Alexandre
Luxembourg Open Luxembourg 2014,2014-04-16,HACHARD Antoine,JOHANSSON Henrik,4,1,"11,11,14,11,11|9,4,16,6,8",R64,WTT_CONTENDER,MS,276,Main Draw,JOHANSSON Henrik (SWE),HACHARD Antoine (FRA),HACHARD Antoine
Luxembourg Open Luxembourg 2014,2014-04-16,WEBER Lionel,NICOLLE Dorian,4,2,"8,11,9,11,11|11,7,11,8,5",R64,WTT_CONTENDER,MS,276,Main Draw,NICOLLE Dorian (FRA),WEBER Lionel (SUI),WEBER Lionel
Luxembourg Open Luxembourg 2014,2014-04-16,ARVIDSSON Simon,OLIVARES Felipe,4,1,"11,11,13,7,11|6,6,11,11,9",R64,WTT_CONTENDER,MS,276,Main Draw,ARVIDSSON Simon (SWE),OLIVARES Felipe (CHI),ARVIDSSON Simon
Luxembourg Open Luxembourg 2014,2014-04-16,SWARTENBROUCKX Gaetan,BOULOUSSA Mehdi,4,3,"7,7,4,11,11|11,11,11,9,9",R64,WTT_CONTENDER,MS,276,Main Draw,SWARTENBROUCKX Gaetan (BEL),BOULOUSSA Mehdi (ALG),SWARTENBROUCKX Gaetan
Luxembourg Open Luxembourg 2014,2014-04-16,LEITGEB Stefan,MICHELY Gilles,4,3,"9,11,11,7,12|11,6,5,11,10",R64,WTT_CONTENDER,MS,276,Main Draw,LEITGEB Stefan (AUT),MICHELY Gilles (LUX),LEITGEB Stefan
Luxembourg Open Luxembourg 2014,2014-04-16,AHLANDER-J Carl,CHAMPOD Nicolas,4,0,"11,11,11,11|9,6,6,5",R64,WTT_CONTENDER,MS,276,Main Draw,AHLANDER-J Carl (SWE),CHAMPOD Nicolas (SUI),AHLANDER-J Carl
Luxembourg Open Luxembourg 2014,2014-04-16,KALACHEVSKYI Denys,GORMAN Viktor,4,1,"11,7,11,11,11|6,11,6,5,9",R64,WTT_CONTENDER,MS,276,Main Draw,KALACHEVSKYI Denys (UKR),GORMAN Viktor (SWE),KALACHEVSKYI Denys
Luxembourg Open Luxembourg 2014,2014-04-16,UDRA Alfredas,CHOBEAU Clement,4,2,"5,15,5,11,11|11,13,11,8,5",R64,WTT_CONTENDER,MS,276,Main Draw,UDRA Alfredas (LTU),CHOBEAU Clement (FRA),UDRA Alfredas
Luxembourg Open Luxembourg 2014,2014-04-16,NIELSEN Claus,MAES Yannick,4,1,"11,11,11,6,11|7,6,5,11,6",R64,WTT_CONTENDER,MS,276,Main Draw,MAES Yannick (BEL),NIELSEN Claus (DEN),NIELSEN Claus
Luxembourg Open Luxembourg 2014,2014-04-16,OLAH Benedek,MUHLBACH Hermann,4,1,"12,11,6,11,11|10,9,11,6,9",R64,WTT_CONTENDER,MS,276,Main Draw,MUHLBACH Hermann (LUX),OLAH Benedek (FIN),OLAH Benedek
Luxembourg Open Luxembourg 2014,2014-04-16,KALLBERG Anton,MERZLIKIN Taras,4,0,"11,13,11,11|7,11,4,9",R64,WTT_CONTENDER,MS,276,Main Draw,MERZLIKIN Taras (RUS),KALLBERG Anton (SWE),KALLBERG Anton
Luxembourg Open Luxembourg 2014,2014-04-16,CASSIN Alexandre,LIEVSHYN Vitaliy,4,3,"11,11,5,8,6|7,7,11,11,11",R64,WTT_CONTENDER,MS,276,Main Draw,LIEVSHYN Vitaliy (UKR),CASSIN Alexandre (FRA),CASSIN Alexandre
Luxembourg Open Luxembourg 2014,2014-04-16,ZHAI Yujia,HACHARD Antoine,4,1,"11,9,11,11,13|8,11,8,8,11",R64,WTT_CONTENDER,MS,276,Main Draw,ZHAI Yujia (DEN),HACHARD Antoine (FRA),ZHAI Yujia
Luxembourg Open Luxembourg 2014,2014-04-16,ARVIDSSON Simon,WEBER Lionel,4,0,"11,11,11,11|7,5,6,9",R64,WTT_CONTENDER,MS,276,Main Draw,WEBER Lionel (SUI),ARVIDSSON Simon (SWE),ARVIDSSON Simon
Luxembourg Open Luxembourg 2014,2014-04-16,SWARTENBROUCKX Gaetan,LEITGEB Stefan,4,3,"9,13,13,11,12|11,11,15,4,14",R64,WTT_CONTENDER,MS,276,Main Draw,SWARTENBROUCKX Gaetan (BEL),LEITGEB Stefan (AUT),SWARTENBROUCKX Gaetan
Luxembourg Open Luxembourg 2014,2014-04-16,BOULOUSSA Mehdi,MICHELY Gilles,4,1,"11,11,11,8,11|3,5,6,11,5",R64,WTT_CONTENDER,MS,276,Main Draw,BOULOUSSA Mehdi (ALG),MICHELY Gilles (LUX),BOULOUSSA Mehdi
Luxembourg Open Luxembourg 2014,2014-04-16,GORMAN Viktor,CHAMPOD Nicolas,4,3,"10,6,11,12,6|12,11,9,10,11",R64,WTT_CONTENDER,MS,276,Main Draw,CHAMPOD Nicolas (SUI),GORMAN Viktor (SWE),GORMAN Viktor
Luxembourg Open Luxembourg 2014,2014-04-16,CHOBEAU Clement,MAES Yannick,4,1,"7,11,11,11,11|11,8,8,7,2",R64,WTT_CONTENDER,MS,276,Main Draw,CHOBEAU Clement (FRA),MAES Yannick (BEL),CHOBEAU Clement
Luxembourg Open Luxembourg 2014,2014-04-16,KALACHEVSKYI Denys,AHLANDER-J Carl,4,1,"12,11,11,11,11|14,7,7,8,7",R64,WTT_CONTENDER,MS,276,Main Draw,AHLANDER-J Carl (SWE),KALACHEVSKYI Denys (UKR),KALACHEVSKYI Denys
Luxembourg Open Luxembourg 2014,2014-04-16,TREGLER Tomas,PYSAR Dmytro,4,0,"13,12,11,11|11,10,9,4",SF,WTT_CONTENDER,MS,276,Main Draw,TREGLER Tomas (CZE),PYSAR Dmytro (UKR),TREGLER Tomas
Luxembourg Open Luxembourg 2014,2014-04-16,BUROV Viacheslav,REITSPIES David,4,1,"11,11,14,7,11|5,9,12,11,3",SF,WTT_CONTENDER,MS,276,Main Draw,REITSPIES David (CZE),BUROV Viacheslav (RUS),BUROV Viacheslav
Luxembourg Open Luxembourg 2014,2014-04-16,KALLBERG Anton,OLAH Benedek,4,0,"11,11,13,11|7,5,11,6",R64,WTT_CONTENDER,MS,276,Main Draw,OLAH Benedek (FIN),KALLBERG Anton (SWE),KALLBERG Anton
Luxembourg Open Luxembourg 2014,2014-04-16,ZHAI Yujia,CASSIN Alexandre,4,1,"11,11,11,11,13|3,7,8,13,11",R64,WTT_CONTENDER,MS,276,Main Draw,CASSIN Alexandre (FRA),ZHAI Yujia (DEN),ZHAI Yujia
Luxembourg Open Luxembourg 2014,2014-04-16,ERICSON Gustaf,PLATTNER Dominique,4,2,"4,11,11,5,11|11,8,9,11,5",R64,WTT_CONTENDER,MS,276,Main Draw,ERICSON Gustaf (SWE),PLATTNER Dominique (AUT),ERICSON Gustaf
Luxembourg Open Luxembourg 2014,2014-04-16,ROGIERS Benjamin,JOHANSSON Henrik,4,1,"11,10,11,11,11|4,12,5,6,7",R64,WTT_CONTENDER,MS,276,Main Draw,ROGIERS Benjamin (BEL),JOHANSSON Henrik (SWE),ROGIERS Benjamin
Luxembourg Open Luxembourg 2014,2014-04-16,MUHLBACH Hermann,MERZLIKIN Taras,4,1,"9,13,11,11,11|11,11,6,7,8",R64,WTT_CONTENDER,MS,276,Main Draw,MUHLBACH Hermann (LUX),MERZLIKIN Taras (RUS),MUHLBACH Hermann
Luxembourg Open Luxembourg 2014,2014-04-16,HACHARD Antoine,LIEVSHYN Vitaliy,4,0,"11,11,11,12|8,6,4,10",R64,WTT_CONTENDER,MS,276,Main Draw,LIEVSHYN Vitaliy (UKR),HACHARD Antoine (FRA),HACHARD Antoine
Luxembourg Open Luxembourg 2014,2014-04-16,ARVIDSSON Simon,SWARTENBROUCKX Gaetan,4,0,"11,11,11,12|4,5,7,10",R64,WTT_CONTENDER,MS,276,Main Draw,ARVIDSSON Simon (SWE),SWARTENBROUCKX Gaetan (BEL),ARVIDSSON Simon
Luxembourg Open Luxembourg 2014,2014-04-16,LEITGEB Stefan,WEBER Lionel,4,3,"11,5,8,11,7|5,11,11,9,11",R64,WTT_CONTENDER,MS,276,Main Draw,WEBER Lionel (SUI),LEITGEB Stefan (AUT),LEITGEB Stefan
Luxembourg Open Luxembourg 2014,2014-04-16,BOULOUSSA Mehdi,NICOLLE Dorian,4,0,"11,11,11,12|5,6,7,10",R64,WTT_CONTENDER,MS,276,Main Draw,NICOLLE Dorian (FRA),BOULOUSSA Mehdi (ALG),BOULOUSSA Mehdi
Luxembourg Open Luxembourg 2014,2014-04-16,KALACHEVSKYI Denys,NIELSEN Claus,4,0,"11,11,11,11|7,5,6,9",R64,WTT_CONTENDER,MS,276,Main Draw,KALACHEVSKYI Denys (UKR),NIELSEN Claus (DEN),KALACHEVSKYI Denys
Luxembourg Open Luxembourg 2014,2014-04-16,CHOBEAU Clement,GORMAN Viktor,4,2,"9,11,8,11,13|11,9,11,9,11",R64,WTT_CONTENDER,MS,276,Main Draw,GORMAN Viktor (SWE),CHOBEAU Clement (FRA),CHOBEAU Clement
Luxembourg Open Luxembourg 2014,2014-04-16,CHAMPOD Nicolas,MAES Yannick,4,2,"11,6,11,16,5|9,11,4,14,11",R64,WTT_CONTENDER,MS,276,Main Draw,CHAMPOD Nicolas (SUI),MAES Yannick (BEL),CHAMPOD Nicolas
Luxembourg Open Luxembourg 2014,2014-04-16,PYSAR Dmytro,KALLBERG Anton,4,0,"12,11,11,11|10,6,3,6",R64,WTT_CONTENDER,MS,276,Main Draw,PYSAR Dmytro (UKR),KALLBERG Anton (SWE),PYSAR Dmytro
Luxembourg Open Luxembourg 2014,2014-04-16,REITSPIES David,ZHAI Yujia,4,3,"11,12,11,5,11|3,10,13,11,5",R64,WTT_CONTENDER,MS,276,Main Draw,REITSPIES David (CZE),ZHAI Yujia (DEN),REITSPIES David
Luxembourg Open Luxembourg 2014,2014-04-16,PLATTNER Dominique,JOHANSSON Henrik,4,3,"11,11,11,9,7|8,3,7,11,11",R64,WTT_CONTENDER,MS,276,Main Draw,PLATTNER Dominique (AUT),JOHANSSON Henrik (SWE),PLATTNER Dominique
Luxembourg Open Luxembourg 2014,2014-04-16,ROGIERS Benjamin,ERICSON Gustaf,4,0,"11,11,11,12|5,8,3,10",R64,WTT_CONTENDER,MS,276,Main Draw,ERICSON Gustaf (SWE),ROGIERS Benjamin (BEL),ROGIERS Benjamin
Luxembourg Open Luxembourg 2014,2014-04-16,OLAH Benedek,CASSIN Alexandre,4,2,"9,6,11,11,15|11,11,9,7,13",R64,WTT_CONTENDER,MS,276,Main Draw,OLAH Benedek (FIN),CASSIN Alexandre (FRA),OLAH Benedek
Luxembourg Open Luxembourg 2014,2014-04-16,KALLBERG Anton,ZHAI Yujia,4,2,"6,5,11,11,11|11,11,8,8,5",R64,WTT_CONTENDER,MS,276,Main Draw,KALLBERG Anton (SWE),ZHAI Yujia (DEN),KALLBERG Anton
Luxembourg Open Luxembourg 2014,2014-04-16,REITSPIES David,PYSAR Dmytro,4,0,"11,11,11,11|8,3,2,8",R64,WTT_CONTENDER,MS,276,Main Draw,PYSAR Dmytro (UKR),REITSPIES David (CZE),REITSPIES David
Luxembourg Open Luxembourg 2014,2014-04-16,MERZLIKIN Taras,LIEVSHYN Vitaliy,4,2,"8,11,5,11,12|11,8,11,7,10",R64,WTT_CONTENDER,MS,276,Main Draw,MERZLIKIN Taras (RUS),LIEVSHYN Vitaliy (UKR),MERZLIKIN Taras
Luxembourg Open Luxembourg 2014,2014-04-16,HACHARD Antoine,MUHLBACH Hermann,4,0,"12,11,12,11|10,5,10,8",R64,WTT_CONTENDER,MS,276,Main Draw,MUHLBACH Hermann (LUX),HACHARD Antoine (FRA),HACHARD Antoine
Luxembourg Open Luxembourg 2014,2014-04-16,TREGLER Tomas,BUROV Viacheslav,4,2,"11,11,6,12,11|8,5,11,14,9",F,WTT_CONTENDER,MS,276,Main Draw,TREGLER Tomas (CZE),BUROV Viacheslav (RUS),TREGLER Tomas
Luxembourg Open Luxembourg 2014,2014-04-16,LUGINGER Christian,CRAWFORD Stewart,4,0,"11,11,11,11|8,8,4,3",R64,WTT_CONTENDER,MS,276,Main Draw,LUGINGER Christian (AUT),CRAWFORD Stewart (SCO),LUGINGER Christian
Luxembourg Open Luxembourg 2014,2014-04-16,LUGINGER Christian,MCCREERY Paul,4,3,"11,11,5,6,11|5,13,11,11,8",R64,WTT_CONTENDER,MS,276,Main Draw,LUGINGER Christian (AUT),MCCREERY Paul (IRL),LUGINGER Christian
Luxembourg Open Luxembourg 2014,2014-04-16,MCCREERY Paul,CRAWFORD Stewart,4,1,"11,6,11,11,11|7,11,5,5,9",R64,WTT_CONTENDER,MS,276,Main Draw,MCCREERY Paul (IRL),CRAWFORD Stewart (SCO),MCCREERY Paul
Luxembourg Open Luxembourg 2014,2014-04-16,BERGLUND Simon,REILAND Herve,4,2,"9,12,11,21,2|11,10,6,19,11",R64,WTT_CONTENDER,MS,276,Main Draw,BERGLUND Simon (SWE),REILAND Herve (FRA),BERGLUND Simon
Luxembourg Open Luxembourg 2014,2014-04-16,BALGU Aman,BENITO Javier,4,0,"11,11,11,11|5,5,9,9",R64,WTT_CONTENDER,MS,276,Main Draw,BENITO Javier (ESP),BALGU Aman (IND),BALGU Aman
Luxembourg Open Luxembourg 2014,2014-04-16,RUIZ Romain,BENITO Javier,4,1,"4,11,11,11,11|11,9,4,9,4",R64,WTT_CONTENDER,MS,276,Main Draw,BENITO Javier (ESP),RUIZ Romain (FRA),RUIZ Romain
Luxembourg Open Luxembourg 2014,2014-04-16,RUIZ Romain,BALGU Aman,4,0,"11,11,11,11|9,7,4,9",R64,WTT_CONTENDER,MS,276,Main Draw,RUIZ Romain (FRA),BALGU Aman (IND),RUIZ Romain
Luxembourg Open Luxembourg 2014,2014-04-16,KUMAR Jubin,GALVANO Nicolas,4,2,"11,11,7,11,5|9,3,11,3,11",R64,WTT_CONTENDER,MS,276,Main Draw,GALVANO Nicolas (ARG),KUMAR Jubin (IND),KUMAR Jubin
Luxembourg Open Luxembourg 2014,2014-04-16,CIOCIU Traian,RANEFUR Elias,4,3,"3,11,14,7,4|11,8,12,11,11",R64,WTT_CONTENDER,MS,276,Main Draw,RANEFUR Elias (SWE),CIOCIU Traian (LUX),CIOCIU Traian
Luxembourg Open Luxembourg 2014,2014-04-16,RANEFUR Elias,GALVANO Nicolas,4,0,"13,11,11,11|11,8,1,9",R64,WTT_CONTENDER,MS,276,Main Draw,GALVANO Nicolas (ARG),RANEFUR Elias (SWE),RANEFUR Elias
Luxembourg Open Luxembourg 2014,2014-04-16,KUMAR Jubin,RANEFUR Elias,4,3,"2,11,10,11,5|11,7,12,9,11",R64,WTT_CONTENDER,MS,276,Main Draw,RANEFUR Elias (SWE),KUMAR Jubin (IND),KUMAR Jubin
Luxembourg Open Luxembourg 2014,2014-04-16,MOREGARD Malte,VITTA Kilomo,4,2,"6,11,11,5,12|11,5,9,11,10",R64,WTT_CONTENDER,MS,276,Main Draw,MOREGARD Malte (SWE),VITTA Kilomo (BEL),MOREGARD Malte
Luxembourg Open Luxembourg 2014,2014-04-16,MOREGARD Malte,MAGUIRE Gavin,4,3,"11,6,11,11,7|8,11,8,7,11",R64,WTT_CONTENDER,MS,276,Main Draw,MOREGARD Malte (SWE),MAGUIRE Gavin (IRL),MOREGARD Malte
Luxembourg Open Luxembourg 2014,2014-04-16,VITTA Kilomo,MAGUIRE Gavin,4,1,"9,11,11,11,11|11,7,8,7,7",R64,WTT_CONTENDER,MS,276,Main Draw,MAGUIRE Gavin (IRL),VITTA Kilomo (BEL),VITTA Kilomo
Luxembourg Open Luxembourg 2014,2014-04-16,ZAIDI Mohammed,DARCIS Thibaut,4,3,"7,11,11,12,6|11,4,8,10,11",R64,WTT_CONTENDER,MS,276,Main Draw,DARCIS Thibaut (BEL),ZAIDI Mohammed (ALG),ZAIDI Mohammed
Luxembourg Open Luxembourg 2014,2014-04-16,MARTINEZ Guillermo,DOMEIKA Arnoldas,4,0,"11,16,11,11|6,14,4,8",R64,WTT_CONTENDER,MS,276,Main Draw,MARTINEZ Guillermo (ESP),DOMEIKA Arnoldas (LTU),MARTINEZ Guillermo
Luxembourg Open Luxembourg 2014,2014-04-16,MARTINEZ Guillermo,DARCIS Thibaut,4,1,"11,11,8,11,11|6,6,11,8,9",R64,WTT_CONTENDER,MS,276,Main Draw,DARCIS Thibaut (BEL),MARTINEZ Guillermo (ESP),MARTINEZ Guillermo
Luxembourg Open Luxembourg 2014,2014-04-16,DOMEIKA Arnoldas,ZAIDI Mohammed,4,2,"11,11,11,4,11|8,8,13,11,5",R64,WTT_CONTENDER,MS,276,Main Draw,ZAIDI Mohammed (ALG),DOMEIKA Arnoldas (LTU),DOMEIKA Arnoldas
Luxembourg Open Luxembourg 2014,2014-04-16,DARCIS Thibaut,DOMEIKA Arnoldas,4,3,"11,8,3,11,10|8,11,11,8,12",R64,WTT_CONTENDER,MS,276,Main Draw,DARCIS Thibaut (BEL),DOMEIKA Arnoldas (LTU),DARCIS Thibaut
Luxembourg Open Luxembourg 2014,2014-04-16,MARTINEZ Guillermo,ZAIDI Mohammed,4,2,"10,8,11,11,11|12,11,8,6,2",R64,WTT_CONTENDER,MS,276,Main Draw,MARTINEZ Guillermo (ESP),ZAIDI Mohammed (ALG),MARTINEZ Guillermo
Luxembourg Open Luxembourg 2014,2014-04-16,BLOMQVIST Adam,BAST Mike,4,1,"11,11,12,8,11|5,6,10,11,9",R64,WTT_CONTENDER,MS,276,Main Draw,BLOMQVIST Adam (SWE),BAST Mike (LUX),BLOMQVIST Adam
Luxembourg Open Luxembourg 2014,2014-04-16,ARCILA Carlos,SKUCAS Matas,4,1,"13,11,10,11,12|11,5,12,8,10",R64,WTT_CONTENDER,MS,276,Main Draw,SKUCAS Matas (LTU),ARCILA Carlos (COL),ARCILA Carlos
Luxembourg Open Luxembourg 2014,2014-04-16,BLOMQVIST Adam,SKUCAS Matas,4,3,"6,11,9,7,11|11,6,11,11,7",R64,WTT_CONTENDER,MS,276,Main Draw,BLOMQVIST Adam (SWE),SKUCAS Matas (LTU),BLOMQVIST Adam
Luxembourg Open Luxembourg 2014,2014-04-16,ARCILA Carlos,BAST Mike,4,0,"11,11,11,11|7,2,7,9",R64,WTT_CONTENDER,MS,276,Main Draw,BAST Mike (LUX),ARCILA Carlos (COL),ARCILA Carlos
Luxembourg Open Luxembourg 2014,2014-04-16,BLOMQVIST Adam,ARCILA Carlos,4,3,"8,11,8,11,11|11,9,11,6,7",R64,WTT_CONTENDER,MS,276,Main Draw,BLOMQVIST Adam (SWE),ARCILA Carlos (COL),BLOMQVIST Adam
Luxembourg Open Luxembourg 2014,2014-04-16,SHI Guang Victor,MLADENOVIC Luka,4,2,"11,10,11,11,9|5,12,5,6,11",R64,WTT_CONTENDER,MS,276,Main Draw,MLADENOVIC Luka (LUX),SHI Guang Victor (SCO),SHI Guang Victor
Luxembourg Open Luxembourg 2014,2014-04-16,BILAS Arthur,MLADENOVIC Luka,4,2,"11,10,11,11,9|5,12,5,6,11",R64,WTT_CONTENDER,MS,276,Main Draw,MLADENOVIC Luka (LUX),BILAS Arthur (BEL),BILAS Arthur
Luxembourg Open Luxembourg 2014,2014-04-16,BILAS Arthur,SHI Guang Victor,4,0,"11,11,11,11|8,5,7,6",R64,WTT_CONTENDER,MS,276,Main Draw,BILAS Arthur (BEL),SHI Guang Victor (SCO),BILAS Arthur
Luxembourg Open Luxembourg 2014,2014-04-16,DUVAL Celian,PIERAERT Valentin,4,0,"11,11,11,11|6,1,7,7",R64,WTT_CONTENDER,MS,276,Main Draw,PIERAERT Valentin (BEL),DUVAL Celian (FRA),DUVAL Celian
Luxembourg Open Luxembourg 2014,2014-04-16,O'DRISCOLL Michael,PIERAERT Valentin,4,3,"11,11,6,11,9|9,8,11,6,11",R64,WTT_CONTENDER,MS,276,Main Draw,PIERAERT Valentin (BEL),O'DRISCOLL Michael (ENG),O'DRISCOLL Michael
Luxembourg Open Luxembourg 2014,2014-04-16,O'DRISCOLL Michael,DUVAL Celian,4,2,"12,11,11,3,7|10,9,9,11,11",R64,WTT_CONTENDER,MS,276,Main Draw,O'DRISCOLL Michael (ENG),DUVAL Celian (FRA),O'DRISCOLL Michael
Luxembourg Open Luxembourg 2014,2014-04-16,FARRELL Ryan,BAND Joshua,4,1,"11,11,7,11,11|4,9,11,6,7",R64,WTT_CONTENDER,MS,276,Main Draw,FARRELL Ryan (IRL),BAND Joshua (JEY),FARRELL Ryan
Luxembourg Open Luxembourg 2014,2014-04-16,HAGERAATS Koen,FARRELL Ryan,4,0,"11,11,11,11|5,6,9,8",R64,WTT_CONTENDER,MS,276,Main Draw,FARRELL Ryan (IRL),HAGERAATS Koen (NED),HAGERAATS Koen
Luxembourg Open Luxembourg 2014,2014-04-16,HAGERAATS Koen,BAND Joshua,4,1,"11,8,11,11,11|6,11,5,8,9",R64,WTT_CONTENDER,MS,276,Main Draw,HAGERAATS Koen (NED),BAND Joshua (JEY),HAGERAATS Koen
Luxembourg Open Luxembourg 2014,2014-04-16,OLTEANU Dragos,KHOSHBAKHT Omid,4,1,"7,11,12,11,12|11,7,10,7,10",R64,WTT_CONTENDER,MS,276,Main Draw,OLTEANU Dragos (LUX),KHOSHBAKHT Omid (SWE),OLTEANU Dragos
Luxembourg Open Luxembourg 2014,2014-04-16,KHEROUF Sami,WHEELER Christopher,4,0,"11,11,11,11|9,8,6,9",R64,WTT_CONTENDER,MS,276,Main Draw,WHEELER Christopher (SCO),KHEROUF Sami (ALG),KHEROUF Sami
Luxembourg Open Luxembourg 2014,2014-04-16,OLTEANU Dragos,WHEELER Christopher,4,1,"9,11,11,11,11|11,6,4,5,8",R64,WTT_CONTENDER,MS,276,Main Draw,OLTEANU Dragos (LUX),WHEELER Christopher (SCO),OLTEANU Dragos
Luxembourg Open Luxembourg 2014,2014-04-16,KHOSHBAKHT Omid,KHEROUF Sami,4,1,"11,11,12,3,11|7,8,10,11,6",R64,WTT_CONTENDER,MS,276,Main Draw,KHOSHBAKHT Omid (SWE),KHEROUF Sami (ALG),KHOSHBAKHT Omid
Luxembourg Open Luxembourg 2014,2014-04-16,OLTEANU Dragos,KHEROUF Sami,4,3,"10,11,7,12,9|12,8,11,10,11",R64,WTT_CONTENDER,MS,276,Main Draw,OLTEANU Dragos (LUX),KHEROUF Sami (ALG),OLTEANU Dragos
Luxembourg Open Luxembourg 2014,2014-04-16,KHOSHBAKHT Omid,WHEELER Christopher,4,0,"11,11,11,11|9,6,7,9",R64,WTT_CONTENDER,MS,276,Main Draw,WHEELER Christopher (SCO),KHOSHBAKHT Omid (SWE),KHOSHBAKHT Omid
Luxembourg Open Luxembourg 2014,2014-04-16,CNUDDE Florian,ZATS Oleksandr,4,0,"11,11,11,11|4,8,5,7",R64,WTT_CONTENDER,MS,276,Main Draw,CNUDDE Florian (BEL),ZATS Oleksandr (UKR),CNUDDE Florian
Luxembourg Open Luxembourg 2014,2014-04-16,HANSEN Sven,FRANCO Hernando,4,0,"12,11,11,11|10,6,3,4",R64,WTT_CONTENDER,MS,276,Main Draw,HANSEN Sven (LUX),FRANCO Hernando (COL),HANSEN Sven
Luxembourg Open Luxembourg 2014,2014-04-16,CNUDDE Florian,HANSEN Sven,4,2,"11,4,12,11,7|8,11,10,8,11",R64,WTT_CONTENDER,MS,276,Main Draw,CNUDDE Florian (BEL),HANSEN Sven (LUX),CNUDDE Florian
Luxembourg Open Luxembourg 2014,2014-04-16,CNUDDE Florian,FRANCO Hernando,4,0,"11,12,11,11|9,10,4,9",R64,WTT_CONTENDER,MS,276,Main Draw,CNUDDE Florian (BEL),FRANCO Hernando (COL),CNUDDE Florian
Luxembourg Open Luxembourg 2014,2014-04-16,HANSEN Sven,ZATS Oleksandr,4,0,"11,11,11,11|5,5,5,1",R64,WTT_CONTENDER,MS,276,Main Draw,HANSEN Sven (LUX),ZATS Oleksandr (UKR),HANSEN Sven
Luxembourg Open Luxembourg 2014,2014-04-16,GLOD Eric,GRAHAM Peter,4,3,"6,12,9,5,11|11,10,11,11,5",R64,WTT_CONTENDER,MS,276,Main Draw,GLOD Eric (LUX),GRAHAM Peter (IRL),GLOD Eric
Luxembourg Open Luxembourg 2014,2014-04-16,OEIJ Patrick,ZATS Oleksandr,4,1,"11,5,11,11,11|7,11,5,9,6",R64,WTT_CONTENDER,MS,276,Main Draw,OEIJ Patrick (NED),ZATS Oleksandr (UKR),OEIJ Patrick
Luxembourg Open Luxembourg 2014,2014-04-16,GLOD Eric,OEIJ Patrick,4,2,"9,11,11,11,8|11,8,3,5,11",R64,WTT_CONTENDER,MS,276,Main Draw,GLOD Eric (LUX),OEIJ Patrick (NED),GLOD Eric
Luxembourg Open Luxembourg 2014,2014-04-16,GRAHAM Peter,ZATS Oleksandr,4,3,"4,11,9,12,11|11,9,11,10,9",R64,WTT_CONTENDER,MS,276,Main Draw,GRAHAM Peter (IRL),ZATS Oleksandr (UKR),GRAHAM Peter
Luxembourg Open Luxembourg 2014,2014-04-16,GLOD Eric,ZATS Oleksandr,4,2,"7,11,11,5,12|11,5,8,11,10",R64,WTT_CONTENDER,MS,276,Main Draw,GLOD Eric (LUX),ZATS Oleksandr (UKR),GLOD Eric
Luxembourg Open Luxembourg 2014,2014-04-16,OEIJ Patrick,GRAHAM Peter,4,0,"11,11,11,11|3,7,8,5",R64,WTT_CONTENDER,MS,276,Main Draw,OEIJ Patrick (NED),GRAHAM Peter (IRL),OEIJ Patrick
Luxembourg Open Luxembourg 2014,2014-04-16,MARSDEN Michael,GIRALDO Juan,4,3,"12,11,9,11,11|14,13,11,2,4",R64,WTT_CONTENDER,MS,276,Main Draw,MARSDEN Michael (WAL),GIRALDO Juan (COL),MARSDEN Michael
Luxembourg Open Luxembourg 2014,2014-04-16,ROBINSON Ashley,VAN WAMBEKE Louis,4,0,"11,11,11,11|7,9,5,5",R64,WTT_CONTENDER,MS,276,Main Draw,ROBINSON Ashley (IRL),VAN WAMBEKE Louis (LUX),ROBINSON Ashley
Luxembourg Open Luxembourg 2014,2014-04-16,ROBINSON Ashley,MARSDEN Michael,4,0,"11,11,11,12|8,5,7,10",R64,WTT_CONTENDER,MS,276,Main Draw,MARSDEN Michael (WAL),ROBINSON Ashley (IRL),ROBINSON Ashley
Luxembourg Open Luxembourg 2014,2014-04-16,GIRALDO Juan,VAN WAMBEKE Louis,4,2,"8,11,11,11,5|11,9,5,8,11",R64,WTT_CONTENDER,MS,276,Main Draw,GIRALDO Juan (COL),VAN WAMBEKE Louis (LUX),GIRALDO Juan
Luxembourg Open Luxembourg 2014,2014-04-16,MARSDEN Michael,VAN WAMBEKE Louis,4,0,"11,11,11,11|4,6,9,9",R64,WTT_CONTENDER,MS,276,Main Draw,MARSDEN Michael (WAL),VAN WAMBEKE Louis (LUX),MARSDEN Michael
Luxembourg Open Luxembourg 2014,2014-04-16,ROBINSON Ashley,GIRALDO Juan,4,2,"4,11,8,11,11|11,4,11,4,5",R64,WTT_CONTENDER,MS,276,Main Draw,ROBINSON Ashley (IRL),GIRALDO Juan (COL),ROBINSON Ashley
Luxembourg Open Luxembourg 2014,2014-04-16,HACKEMACK Lauranne,KIRICHENKO Anna,4,0,"13,11,11,11|11,8,9,4",R64,WTT_CONTENDER,WS,276,Main Draw,KIRICHENKO Anna (FIN),HACKEMACK Lauranne (BEL),HACKEMACK Lauranne
Luxembourg Open Luxembourg 2014,2014-04-16,MEYER Sarah,MABROUK Fatima,4,2,"11,7,7,11,11|8,11,11,7,8",R64,WTT_CONTENDER,WS,276,Main Draw,MEYER Sarah (LUX),MABROUK Fatima (ALG),MEYER Sarah
Luxembourg Open Luxembourg 2014,2014-04-16,HICKS Hannah,CHRISTENSEN Stefanie,4,0,"11,11,11,11|9,5,8,4",R64,WTT_CONTENDER,WS,276,Main Draw,HICKS Hannah (ENG),CHRISTENSEN Stefanie (DEN),HICKS Hannah
Luxembourg Open Luxembourg 2014,2014-04-16,AASEBO Marte,HER-LEE Sarah,4,2,"10,6,11,11,11|12,11,3,3,4",R64,WTT_CONTENDER,WS,276,Main Draw,HER-LEE Sarah (NZL),AASEBO Marte (NOR),AASEBO Marte
Luxembourg Open Luxembourg 2014,2014-04-16,VAN DUIN Rianne,KARLSSON Michaela,4,3,"13,12,4,4,11|11,14,11,11,6",R64,WTT_CONTENDER,WS,276,Main Draw,KARLSSON Michaela (SWE),VAN DUIN Rianne (NED),VAN DUIN Rianne
Luxembourg Open Luxembourg 2014,2014-04-16,BARENDREGT Alice,ALEXANDRE Bruna,4,3,"9,11,5,16,10|11,9,11,14,12",R64,WTT_CONTENDER,WS,276,Main Draw,BARENDREGT Alice (NED),ALEXANDRE Bruna (BRA),BARENDREGT Alice
Luxembourg Open Luxembourg 2014,2014-04-16,AGERHOLM Pernille,PHILLIPS Angharad,4,2,"11,11,11,11,9|5,13,4,3,11",R64,WTT_CONTENDER,WS,276,Main Draw,AGERHOLM Pernille (DEN),PHILLIPS Angharad (WAL),AGERHOLM Pernille
Luxembourg Open Luxembourg 2014,2014-04-16,ZETTERSTROM Kristina,SCHLINK Vinita,4,1,"13,11,11,10,16|11,9,8,12,14",R64,WTT_CONTENDER,WS,276,Main Draw,ZETTERSTROM Kristina (SWE),SCHLINK Vinita (LUX),ZETTERSTROM Kristina
Luxembourg Open Luxembourg 2014,2014-04-16,DEGRAEF Margo,LYNCH-DAWSON Hannah,4,1,"11,11,5,11,11|8,3,11,9,9",R64,WTT_CONTENDER,WS,276,Main Draw,DEGRAEF Margo (BEL),LYNCH-DAWSON Hannah (IRL),DEGRAEF Margo
Luxembourg Open Luxembourg 2014,2014-04-16,ARMITAGE Tressa,ERKHEIKKI Anna-Sofia,4,0,"13,11,11,11|11,8,3,6",R64,WTT_CONTENDER,WS,276,Main Draw,ARMITAGE Tressa (ENG),ERKHEIKKI Anna-Sofia (FIN),ARMITAGE Tressa
Luxembourg Open Luxembourg 2014,2014-04-16,MUHLBACH Kathrin,TIMLIN Sarah,4,0,"11,11,11,11|7,3,8,9",R64,WTT_CONTENDER,WS,276,Main Draw,MUHLBACH Kathrin (GER),TIMLIN Sarah (IRL),MUHLBACH Kathrin
Luxembourg Open Luxembourg 2014,2014-04-16,JACOBSEN Mie,MUSTAFA Huda,4,1,"14,11,11,13,11|16,8,9,11,6",R64,WTT_CONTENDER,WS,276,Main Draw,MUSTAFA Huda (SWE),JACOBSEN Mie (DEN),JACOBSEN Mie
Luxembourg Open Luxembourg 2014,2014-04-16,BOLENIUS Sannamari,STAMMET Annick,4,1,"11,6,11,11,11|6,11,7,2,9",R64,WTT_CONTENDER,WS,276,Main Draw,STAMMET Annick (LUX),BOLENIUS Sannamari (SWE),BOLENIUS Sannamari
Luxembourg Open Luxembourg 2014,2014-04-16,THOMAS WU ZHANG Chloe Anna,BOUCLARAS Fatiha,4,0,"11,11,11,11|3,9,5,7",R64,WTT_CONTENDER,WS,276,Main Draw,THOMAS WU ZHANG Chloe Anna (WAL),BOUCLARAS Fatiha (ALG),THOMAS WU ZHANG Chloe Anna
Luxembourg Open Luxembourg 2014,2014-04-16,HALL Nicole,BOUGADOUM Chahinez,4,0,"11,11,11,11|8,4,7,4",R64,WTT_CONTENDER,WS,276,Main Draw,BOUGADOUM Chahinez (ALG),HALL Nicole (WAL),HALL Nicole
Luxembourg Open Luxembourg 2014,2014-04-16,KONSBRUCK Danielle,VAN ACKER Florence,4,2,"11,10,9,12,11|8,12,11,10,4",R64,WTT_CONTENDER,WS,276,Main Draw,VAN ACKER Florence (BEL),KONSBRUCK Danielle (LUX),KONSBRUCK Danielle
Luxembourg Open Luxembourg 2014,2014-04-16,MOSKOVITS Daniela,LUDLOW Emma,4,0,"11,11,11,11|4,4,5,4",R64,WTT_CONTENDER,WS,276,Main Draw,MOSKOVITS Daniela (SWE),LUDLOW Emma (IRL),MOSKOVITS Daniela
Luxembourg Open Luxembourg 2014,2014-04-16,MOGEY Amanda,LAID Islem,4,0,"11,11,11,11|5,7,8,6",R64,WTT_CONTENDER,WS,276,Main Draw,LAID Islem (ALG),MOGEY Amanda (IRL),MOGEY Amanda
Luxembourg Open Luxembourg 2014,2014-04-16,JONSSON Jennifer,LOYEN Eline,4,0,"12,11,11,11|10,5,3,9",R64,WTT_CONTENDER,WS,276,Main Draw,LOYEN Eline (BEL),JONSSON Jennifer (SWE),JONSSON Jennifer
Luxembourg Open Luxembourg 2014,2014-04-16,SONDERGAARD Pernille,AASEBO Anna,4,1,"10,11,12,11,11|12,5,10,6,9",R64,WTT_CONTENDER,WS,276,Main Draw,SONDERGAARD Pernille (DEN),AASEBO Anna (NOR),SONDERGAARD Pernille
Luxembourg Open Luxembourg 2014,2014-04-16,HARTMANN Carole,GIVAN Ashley,4,1,"11,5,11,11,11|7,11,4,7,5",R64,WTT_CONTENDER,WS,276,Main Draw,HARTMANN Carole (LUX),GIVAN Ashley (IRL),HARTMANN Carole
Luxembourg Open Luxembourg 2014,2014-04-16,HADZIAHMETOVIC Emina,LUNG Lisa,4,1,"11,11,6,11,11|6,4,11,6,8",R64,WTT_CONTENDER,WS,276,Main Draw,LUNG Lisa (BEL),HADZIAHMETOVIC Emina (BIH),HADZIAHMETOVIC Emina
Luxembourg Open Luxembourg 2014,2014-04-16,ALEXANDRE Bruna,LUDLOW Emma,4,2,"7,11,11,11,4|11,6,4,8,11",R64,WTT_CONTENDER,WS,276,Main Draw,ALEXANDRE Bruna (BRA),LUDLOW Emma (IRL),ALEXANDRE Bruna
Luxembourg Open Luxembourg 2014,2014-04-16,LUNG Lisa,STAMMET Annick,4,1,"9,11,11,11,11|11,7,6,5,8",R64,WTT_CONTENDER,WS,276,Main Draw,STAMMET Annick (LUX),LUNG Lisa (BEL),LUNG Lisa
Luxembourg Open Luxembourg 2014,2014-04-16,MUSTAFA Huda,TIMLIN Sarah,4,1,"7,11,14,11,11|11,6,12,7,7",R64,WTT_CONTENDER,WS,276,Main Draw,MUSTAFA Huda (SWE),TIMLIN Sarah (IRL),MUSTAFA Huda
Luxembourg Open Luxembourg 2014,2014-04-16,PHILLIPS Angharad,SCHLINK Vinita,4,3,"8,11,11,11,8|11,9,13,8,11",R64,WTT_CONTENDER,WS,276,Main Draw,SCHLINK Vinita (LUX),PHILLIPS Angharad (WAL),PHILLIPS Angharad
Luxembourg Open Luxembourg 2014,2014-04-16,LOYEN Eline,LAID Islem,4,2,"11,6,11,11,5|9,11,4,4,11",R64,WTT_CONTENDER,WS,276,Main Draw,LOYEN Eline (BEL),LAID Islem (ALG),LOYEN Eline
Luxembourg Open Luxembourg 2014,2014-04-16,KARLSSON Michaela,KIRICHENKO Anna,4,3,"11,9,10,2,12|6,11,12,11,10",R64,WTT_CONTENDER,WS,276,Main Draw,KIRICHENKO Anna (FIN),KARLSSON Michaela (SWE),KARLSSON Michaela
Luxembourg Open Luxembourg 2014,2014-04-16,XIAO Maria,HARTMANN Carole,4,0,"11,11,11,11|5,4,3,3",R32,WTT_CONTENDER,WS,276,Main Draw,XIAO Maria (ESP),HARTMANN Carole (LUX),XIAO Maria
Luxembourg Open Luxembourg 2014,2014-04-16,VAN DUIN Rianne,HACKEMACK Lauranne,4,3,"11,8,9,11,11|7,11,11,7,5",R32,WTT_CONTENDER,WS,276,Main Draw,VAN DUIN Rianne (NED),HACKEMACK Lauranne (BEL),VAN DUIN Rianne
Luxembourg Open Luxembourg 2014,2014-04-16,ASCHWANDEN Rahel,MEYER Sarah,4,0,"11,11,11,11|5,9,1,6",R32,WTT_CONTENDER,WS,276,Main Draw,ASCHWANDEN Rahel (SUI),MEYER Sarah (LUX),ASCHWANDEN Rahel
Luxembourg Open Luxembourg 2014,2014-04-16,BERGSTROM Linda,HICKS Hannah,4,0,"11,11,13,11|4,6,11,6",R32,WTT_CONTENDER,WS,276,Main Draw,HICKS Hannah (ENG),BERGSTROM Linda (SWE),BERGSTROM Linda
Luxembourg Open Luxembourg 2014,2014-04-16,GONDERINGER Tessy,AASEBO Marte,4,0,"11,11,12,11|8,8,10,3",R32,WTT_CONTENDER,WS,276,Main Draw,GONDERINGER Tessy (LUX),AASEBO Marte (NOR),GONDERINGER Tessy
Luxembourg Open Luxembourg 2014,2014-04-16,MOGEY Amanda,JONSSON Jennifer,4,2,"11,13,11,12,11|8,15,7,14,3",R32,WTT_CONTENDER,WS,276,Main Draw,MOGEY Amanda (IRL),JONSSON Jennifer (SWE),MOGEY Amanda
Luxembourg Open Luxembourg 2014,2014-04-16,AGERHOLM Pernille,ZETTERSTROM Kristina,4,2,"11,10,11,11,12|8,12,13,1,10",R32,WTT_CONTENDER,WS,276,Main Draw,AGERHOLM Pernille (DEN),ZETTERSTROM Kristina (SWE),AGERHOLM Pernille
Luxembourg Open Luxembourg 2014,2014-04-16,CHASSELIN Pauline,DEGRAEF Margo,4,1,"15,11,11,11,11|13,13,4,6,4",R32,WTT_CONTENDER,WS,276,Main Draw,DEGRAEF Margo (BEL),CHASSELIN Pauline (FRA),CHASSELIN Pauline
Luxembourg Open Luxembourg 2014,2014-04-16,DE NUTTE Sarah,ARMITAGE Tressa,4,1,"11,11,11,9,11|7,8,6,11,4",R32,WTT_CONTENDER,WS,276,Main Draw,DE NUTTE Sarah (LUX),ARMITAGE Tressa (ENG),DE NUTTE Sarah
Luxembourg Open Luxembourg 2014,2014-04-16,MUHLBACH Kathrin,JACOBSEN Mie,4,1,"11,12,11,11,11|9,14,6,4,9",R32,WTT_CONTENDER,WS,276,Main Draw,MUHLBACH Kathrin (GER),JACOBSEN Mie (DEN),MUHLBACH Kathrin
Luxembourg Open Luxembourg 2014,2014-04-16,BOLENIUS Sannamari,HADZIAHMETOVIC Emina,4,2,"12,7,11,11,9|10,11,9,4,11",R32,WTT_CONTENDER,WS,276,Main Draw,HADZIAHMETOVIC Emina (BIH),BOLENIUS Sannamari (SWE),BOLENIUS Sannamari
Luxembourg Open Luxembourg 2014,2014-04-16,STUCKYTE Egle,THOMAS WU ZHANG Chloe Anna,4,1,"9,11,11,11,11|11,6,8,8,6",R32,WTT_CONTENDER,WS,276,Main Draw,THOMAS WU ZHANG Chloe Anna (WAL),STUCKYTE Egle (LTU),STUCKYTE Egle
Luxembourg Open Luxembourg 2014,2014-04-16,MORET Rachel,HALL Nicole,4,0,"11,11,11,11|3,4,4,4",R32,WTT_CONTENDER,WS,276,Main Draw,MORET Rachel (SUI),HALL Nicole (WAL),MORET Rachel
Luxembourg Open Luxembourg 2014,2014-04-16,SOPOSKI Roza,KONSBRUCK Danielle,4,3,"11,11,3,12,6|6,8,11,10,11",R32,WTT_CONTENDER,WS,276,Main Draw,KONSBRUCK Danielle (LUX),SOPOSKI Roza (FRA),SOPOSKI Roza
Luxembourg Open Luxembourg 2014,2014-04-16,MOSKOVITS Daniela,BARENDREGT Alice,4,3,"4,7,11,9,12|11,11,7,11,10",R32,WTT_CONTENDER,WS,276,Main Draw,MOSKOVITS Daniela (SWE),BARENDREGT Alice (NED),MOSKOVITS Daniela
Luxembourg Open Luxembourg 2014,2014-04-16,YANG Xiaoxin,SONDERGAARD Pernille,4,0,"11,11,11,11|8,7,7,6",R32,WTT_CONTENDER,WS,276,Main Draw,SONDERGAARD Pernille (DEN),YANG Xiaoxin (MON),YANG Xiaoxin
Luxembourg Open Luxembourg 2014,2014-04-16,AASEBO Anna,ARMITAGE Tressa,4,3,"11,14,11,4,4|7,12,7,11,11",R64,WTT_CONTENDER,WS,276,Main Draw,ARMITAGE Tressa (ENG),AASEBO Anna (NOR),AASEBO Anna
Luxembourg Open Luxembourg 2014,2014-04-16,ALEXANDRE Bruna,JACOBSEN Mie,4,0,"11,11,11,12|7,8,8,10",R64,WTT_CONTENDER,WS,276,Main Draw,JACOBSEN Mie (DEN),ALEXANDRE Bruna (BRA),ALEXANDRE Bruna
Luxembourg Open Luxembourg 2014,2014-04-16,HADZIAHMETOVIC Emina,VAN ACKER Florence,4,1,"8,11,11,11,11|11,9,6,5,3",R64,WTT_CONTENDER,WS,276,Main Draw,HADZIAHMETOVIC Emina (BIH),VAN ACKER Florence (BEL),HADZIAHMETOVIC Emina
Luxembourg Open Luxembourg 2014,2014-04-16,THOMAS WU ZHANG Chloe Anna,BOUGADOUM Chahinez,4,1,"11,11,11,7,11|5,7,8,11,2",R64,WTT_CONTENDER,WS,276,Main Draw,THOMAS WU ZHANG Chloe Anna (WAL),BOUGADOUM Chahinez (ALG),THOMAS WU ZHANG Chloe Anna
Luxembourg Open Luxembourg 2014,2014-04-16,HALL Nicole,BOUCLARAS Fatiha,4,0,"11,11,11,11|9,7,6,5",R64,WTT_CONTENDER,WS,276,Main Draw,HALL Nicole (WAL),BOUCLARAS Fatiha (ALG),HALL Nicole
Luxembourg Open Luxembourg 2014,2014-04-16,KONSBRUCK Danielle,LUNG Lisa,4,3,"11,11,4,4,11|5,9,11,11,8",R64,WTT_CONTENDER,WS,276,Main Draw,KONSBRUCK Danielle (LUX),LUNG Lisa (BEL),KONSBRUCK Danielle
Luxembourg Open Luxembourg 2014,2014-04-16,MUSTAFA Huda,BARENDREGT Alice,4,2,"11,10,11,13,9|5,12,8,11,11",R64,WTT_CONTENDER,WS,276,Main Draw,BARENDREGT Alice (NED),MUSTAFA Huda (SWE),MUSTAFA Huda
Luxembourg Open Luxembourg 2014,2014-04-16,ERKHEIKKI Anna-Sofia,SONDERGAARD Pernille,4,0,"11,11,11,11|6,9,6,8",R64,WTT_CONTENDER,WS,276,Main Draw,SONDERGAARD Pernille (DEN),ERKHEIKKI Anna-Sofia (FIN),ERKHEIKKI Anna-Sofia
Luxembourg Open Luxembourg 2014,2014-04-16,HARTMANN Carole,LYNCH-DAWSON Hannah,4,1,"10,12,11,11,11|12,10,8,5,9",R64,WTT_CONTENDER,WS,276,Main Draw,HARTMANN Carole (LUX),LYNCH-DAWSON Hannah (IRL),HARTMANN Carole
Luxembourg Open Luxembourg 2014,2014-04-16,HACKEMACK Lauranne,PHILLIPS Angharad,4,0,"13,11,11,11|11,4,3,3",R64,WTT_CONTENDER,WS,276,Main Draw,HACKEMACK Lauranne (BEL),PHILLIPS Angharad (WAL),HACKEMACK Lauranne
Luxembourg Open Luxembourg 2014,2014-04-16,LOYEN Eline,MEYER Sarah,4,0,"11,11,12,11|7,3,10,8",R64,WTT_CONTENDER,WS,276,Main Draw,MEYER Sarah (LUX),LOYEN Eline (BEL),LOYEN Eline
Luxembourg Open Luxembourg 2014,2014-04-16,HICKS Hannah,HER-LEE Sarah,4,1,"11,11,11,7,11|6,9,5,11,5",R64,WTT_CONTENDER,WS,276,Main Draw,HICKS Hannah (ENG),HER-LEE Sarah (NZL),HICKS Hannah
Luxembourg Open Luxembourg 2014,2014-04-16,CHRISTENSEN Stefanie,AASEBO Marte,4,2,"8,11,11,9,11|11,5,9,11,9",R64,WTT_CONTENDER,WS,276,Main Draw,AASEBO Marte (NOR),CHRISTENSEN Stefanie (DEN),CHRISTENSEN Stefanie
Luxembourg Open Luxembourg 2014,2014-04-16,JONSSON Jennifer,MABROUK Fatima,4,0,"12,11,11,11|10,6,6,6",R64,WTT_CONTENDER,WS,276,Main Draw,JONSSON Jennifer (SWE),MABROUK Fatima (ALG),JONSSON Jennifer
Luxembourg Open Luxembourg 2014,2014-04-16,KARLSSON Michaela,ZETTERSTROM Kristina,4,2,"14,11,10,13,9|12,9,12,11,11",R64,WTT_CONTENDER,WS,276,Main Draw,ZETTERSTROM Kristina (SWE),KARLSSON Michaela (SWE),KARLSSON Michaela
Luxembourg Open Luxembourg 2014,2014-04-16,DEGRAEF Margo,GIVAN Ashley,4,2,"11,3,11,11,9|4,11,3,6,11",R64,WTT_CONTENDER,WS,276,Main Draw,DEGRAEF Margo (BEL),GIVAN Ashley (IRL),DEGRAEF Margo
Luxembourg Open Luxembourg 2014,2014-04-16,XIAO Maria,VAN DUIN Rianne,4,1,"10,11,11,11,11|12,5,7,6,7",R16,WTT_CONTENDER,WS,276,Main Draw,XIAO Maria (ESP),VAN DUIN Rianne (NED),XIAO Maria
Luxembourg Open Luxembourg 2014,2014-04-16,BERGSTROM Linda,ASCHWANDEN Rahel,4,0,"12,11,11,11|10,9,4,6",R16,WTT_CONTENDER,WS,276,Main Draw,ASCHWANDEN Rahel (SUI),BERGSTROM Linda (SWE),BERGSTROM Linda
Luxembourg Open Luxembourg 2014,2014-04-16,GONDERINGER Tessy,MOGEY Amanda,4,1,"11,6,12,11,13|9,11,10,2,11",R16,WTT_CONTENDER,WS,276,Main Draw,GONDERINGER Tessy (LUX),MOGEY Amanda (IRL),GONDERINGER Tessy
Luxembourg Open Luxembourg 2014,2014-04-16,AGERHOLM Pernille,CHASSELIN Pauline,4,0,"11,11,11,11|6,9,2,6",R16,WTT_CONTENDER,WS,276,Main Draw,AGERHOLM Pernille (DEN),CHASSELIN Pauline (FRA),AGERHOLM Pernille
Luxembourg Open Luxembourg 2014,2014-04-16,MORET Rachel,SOPOSKI Roza,4,1,"11,11,10,11,11|6,5,12,7,9",R16,WTT_CONTENDER,WS,276,Main Draw,MORET Rachel (SUI),SOPOSKI Roza (FRA),MORET Rachel
Luxembourg Open Luxembourg 2014,2014-04-16,YANG Xiaoxin,MOSKOVITS Daniela,4,0,"11,13,11,11|4,11,9,3",R16,WTT_CONTENDER,WS,276,Main Draw,MOSKOVITS Daniela (SWE),YANG Xiaoxin (MON),YANG Xiaoxin
Luxembourg Open Luxembourg 2014,2014-04-16,DE NUTTE Sarah,MUHLBACH Kathrin,4,1,"11,13,11,8,11|3,11,7,11,5",R16,WTT_CONTENDER,WS,276,Main Draw,DE NUTTE Sarah (LUX),MUHLBACH Kathrin (GER),DE NUTTE Sarah
Luxembourg Open Luxembourg 2014,2014-04-16,STUCKYTE Egle,BOLENIUS Sannamari,4,1,"11,11,8,11,11|6,9,11,7,9",R16,WTT_CONTENDER,WS,276,Main Draw,BOLENIUS Sannamari (SWE),STUCKYTE Egle (LTU),STUCKYTE Egle
Luxembourg Open Luxembourg 2014,2014-04-16,KONSBRUCK Danielle,HALL Nicole,4,0,"11,11,11,18|6,8,4,16",R64,WTT_CONTENDER,WS,276,Main Draw,HALL Nicole (WAL),KONSBRUCK Danielle (LUX),KONSBRUCK Danielle
Luxembourg Open Luxembourg 2014,2014-04-16,MUSTAFA Huda,ERKHEIKKI Anna-Sofia,4,2,"11,12,11,8,11|9,14,4,11,6",R64,WTT_CONTENDER,WS,276,Main Draw,MUSTAFA Huda (SWE),ERKHEIKKI Anna-Sofia (FIN),MUSTAFA Huda
Luxembourg Open Luxembourg 2014,2014-04-16,HACKEMACK Lauranne,HARTMANN Carole,4,1,"5,11,11,11,11|11,9,6,9,4",R64,WTT_CONTENDER,WS,276,Main Draw,HARTMANN Carole (LUX),HACKEMACK Lauranne (BEL),HACKEMACK Lauranne
Luxembourg Open Luxembourg 2014,2014-04-16,HICKS Hannah,LOYEN Eline,4,1,"11,11,11,6,11|9,9,5,11,5",R64,WTT_CONTENDER,WS,276,Main Draw,LOYEN Eline (BEL),HICKS Hannah (ENG),HICKS Hannah
Luxembourg Open Luxembourg 2014,2014-04-16,JONSSON Jennifer,CHRISTENSEN Stefanie,4,3,"9,11,11,11,12|11,9,2,13,14",R64,WTT_CONTENDER,WS,276,Main Draw,CHRISTENSEN Stefanie (DEN),JONSSON Jennifer (SWE),JONSSON Jennifer
Luxembourg Open Luxembourg 2014,2014-04-16,KARLSSON Michaela,DEGRAEF Margo,4,2,"9,11,9,11,11|11,8,11,4,4",R64,WTT_CONTENDER,WS,276,Main Draw,KARLSSON Michaela (SWE),DEGRAEF Margo (BEL),KARLSSON Michaela
Luxembourg Open Luxembourg 2014,2014-04-16,AASEBO Anna,ALEXANDRE Bruna,4,2,"11,11,11,1,9|7,8,2,11,11",R64,WTT_CONTENDER,WS,276,Main Draw,AASEBO Anna (NOR),ALEXANDRE Bruna (BRA),AASEBO Anna
Luxembourg Open Luxembourg 2014,2014-04-16,HADZIAHMETOVIC Emina,THOMAS WU ZHANG Chloe Anna,4,2,"10,11,11,7,11|12,9,6,11,6",R64,WTT_CONTENDER,WS,276,Main Draw,HADZIAHMETOVIC Emina (BIH),THOMAS WU ZHANG Chloe Anna (WAL),HADZIAHMETOVIC Emina
Luxembourg Open Luxembourg 2014,2014-04-16,BERGSTROM Linda,XIAO Maria,4,0,"11,11,11,11|5,0,0,0",QF,WTT_CONTENDER,WS,276,Main Draw,XIAO Maria (ESP),BERGSTROM Linda (SWE),BERGSTROM Linda
Luxembourg Open Luxembourg 2014,2014-04-16,GONDERINGER Tessy,AGERHOLM Pernille,4,2,"11,6,11,11,11|7,11,7,6,13",QF,WTT_CONTENDER,WS,276,Main Draw,GONDERINGER Tessy (LUX),AGERHOLM Pernille (DEN),GONDERINGER Tessy
Luxembourg Open Luxembourg 2014,2014-04-16,STUCKYTE Egle,DE NUTTE Sarah,4,1,"13,11,7,11,11|11,9,11,4,1",QF,WTT_CONTENDER,WS,276,Main Draw,DE NUTTE Sarah (LUX),STUCKYTE Egle (LTU),STUCKYTE Egle
Luxembourg Open Luxembourg 2014,2014-04-16,YANG Xiaoxin,MORET Rachel,4,1,"11,11,11,6,12|6,6,9,11,10",QF,WTT_CONTENDER,WS,276,Main Draw,MORET Rachel (SUI),YANG Xiaoxin (MON),YANG Xiaoxin
Luxembourg Open Luxembourg 2014,2014-04-16,KONSBRUCK Danielle,ASCHWANDEN Rahel,4,1,"11,11,7,11,11|6,7,11,6,8",R64,WTT_CONTENDER,WS,276,Main Draw,ASCHWANDEN Rahel (SUI),KONSBRUCK Danielle (LUX),KONSBRUCK Danielle
Luxembourg Open Luxembourg 2014,2014-04-16,MUSTAFA Huda,VAN DUIN Rianne,4,3,"11,9,11,11,7|2,11,5,6,11",R64,WTT_CONTENDER,WS,276,Main Draw,VAN DUIN Rianne (NED),MUSTAFA Huda (SWE),MUSTAFA Huda
Luxembourg Open Luxembourg 2014,2014-04-16,HACKEMACK Lauranne,MOSKOVITS Daniela,4,2,"11,6,9,11,11|6,11,11,9,7",R64,WTT_CONTENDER,WS,276,Main Draw,MOSKOVITS Daniela (SWE),HACKEMACK Lauranne (BEL),HACKEMACK Lauranne
Luxembourg Open Luxembourg 2014,2014-04-16,SOPOSKI Roza,HICKS Hannah,4,2,"5,11,11,9,11|11,6,8,11,7",R64,WTT_CONTENDER,WS,276,Main Draw,SOPOSKI Roza (FRA),HICKS Hannah (ENG),SOPOSKI Roza
Luxembourg Open Luxembourg 2014,2014-04-16,JONSSON Jennifer,BOLENIUS Sannamari,4,1,"11,11,13,11,13|3,8,15,5,11",R64,WTT_CONTENDER,WS,276,Main Draw,BOLENIUS Sannamari (SWE),JONSSON Jennifer (SWE),JONSSON Jennifer
Luxembourg Open Luxembourg 2014,2014-04-16,MUHLBACH Kathrin,KARLSSON Michaela,4,3,"11,11,6,11,8|7,9,11,3,11",R64,WTT_CONTENDER,WS,276,Main Draw,MUHLBACH Kathrin (GER),KARLSSON Michaela (SWE),MUHLBACH Kathrin
Luxembourg Open Luxembourg 2014,2014-04-16,CHASSELIN Pauline,AASEBO Anna,4,0,"11,11,11,11|5,8,9,6",R64,WTT_CONTENDER,WS,276,Main Draw,CHASSELIN Pauline (FRA),AASEBO Anna (NOR),CHASSELIN Pauline
Luxembourg Open Luxembourg 2014,2014-04-16,HADZIAHMETOVIC Emina,MOGEY Amanda,4,0,"11,12,11,11|7,10,1,6",R64,WTT_CONTENDER,WS,276,Main Draw,MOGEY Amanda (IRL),HADZIAHMETOVIC Emina (BIH),HADZIAHMETOVIC Emina
Luxembourg Open Luxembourg 2014,2014-04-16,SOPOSKI Roza,HACKEMACK Lauranne,4,0,"11,13,11,11|5,11,6,9",R64,WTT_CONTENDER,WS,276,Main Draw,HACKEMACK Lauranne (BEL),SOPOSKI Roza (FRA),SOPOSKI Roza
Luxembourg Open Luxembourg 2014,2014-04-16,MUHLBACH Kathrin,JONSSON Jennifer,4,2,"10,11,11,11,10|12,5,8,8,12",R64,WTT_CONTENDER,WS,276,Main Draw,JONSSON Jennifer (SWE),MUHLBACH Kathrin (GER),MUHLBACH Kathrin
Luxembourg Open Luxembourg 2014,2014-04-16,HICKS Hannah,MOSKOVITS Daniela,4,2,"17,13,10,8,11|15,11,12,11,6",R64,WTT_CONTENDER,WS,276,Main Draw,MOSKOVITS Daniela (SWE),HICKS Hannah (ENG),HICKS Hannah
Luxembourg Open Luxembourg 2014,2014-04-16,KARLSSON Michaela,BOLENIUS Sannamari,4,3,"11,11,5,8,9|8,4,11,11,11",R64,WTT_CONTENDER,WS,276,Main Draw,BOLENIUS Sannamari (SWE),KARLSSON Michaela (SWE),KARLSSON Michaela
Luxembourg Open Luxembourg 2014,2014-04-16,HADZIAHMETOVIC Emina,CHASSELIN Pauline,4,2,"11,12,7,11,7|8,10,11,7,11",R64,WTT_CONTENDER,WS,276,Main Draw,CHASSELIN Pauline (FRA),HADZIAHMETOVIC Emina (BIH),HADZIAHMETOVIC Emina
Luxembourg Open Luxembourg 2014,2014-04-16,KONSBRUCK Danielle,MUSTAFA Huda,4,1,"11,11,11,11,12|4,7,9,13,10",R64,WTT_CONTENDER,WS,276,Main Draw,KONSBRUCK Danielle (LUX),MUSTAFA Huda (SWE),KONSBRUCK Danielle
Luxembourg Open Luxembourg 2014,2014-04-16,MOGEY Amanda,AASEBO Anna,4,1,"10,11,11,11,13|12,3,7,2,11",R64,WTT_CONTENDER,WS,276,Main Draw,AASEBO Anna (NOR),MOGEY Amanda (IRL),MOGEY Amanda
Luxembourg Open Luxembourg 2014,2014-04-16,LOYEN Eline,HARTMANN Carole,4,0,"11,13,11,11|7,11,9,8",R64,WTT_CONTENDER,WS,276,Main Draw,HARTMANN Carole (LUX),LOYEN Eline (BEL),LOYEN Eline
Luxembourg Open Luxembourg 2014,2014-04-16,CHRISTENSEN Stefanie,DEGRAEF Margo,4,3,"11,6,8,11,9|7,11,11,1,11",R64,WTT_CONTENDER,WS,276,Main Draw,CHRISTENSEN Stefanie (DEN),DEGRAEF Margo (BEL),CHRISTENSEN Stefanie
Luxembourg Open Luxembourg 2014,2014-04-16,THOMAS WU ZHANG Chloe Anna,ALEXANDRE Bruna,4,1,"12,8,11,11,11|10,11,5,7,8",R64,WTT_CONTENDER,WS,276,Main Draw,ALEXANDRE Bruna (BRA),THOMAS WU ZHANG Chloe Anna (WAL),THOMAS WU ZHANG Chloe Anna
Luxembourg Open Luxembourg 2014,2014-04-16,HALL Nicole,ERKHEIKKI Anna-Sofia,4,3,"11,7,7,3,12|9,11,11,11,10",R64,WTT_CONTENDER,WS,276,Main Draw,HALL Nicole (WAL),ERKHEIKKI Anna-Sofia (FIN),HALL Nicole
Luxembourg Open Luxembourg 2014,2014-04-16,DE NUTTE Sarah,SOPOSKI Roza,4,1,"11,11,11,8,11|4,9,5,11,6",R64,WTT_CONTENDER,WS,276,Main Draw,DE NUTTE Sarah (LUX),SOPOSKI Roza (FRA),DE NUTTE Sarah
Luxembourg Open Luxembourg 2014,2014-04-16,MUHLBACH Kathrin,MORET Rachel,4,2,"14,12,11,9,9|12,10,8,11,11",R64,WTT_CONTENDER,WS,276,Main Draw,MORET Rachel (SUI),MUHLBACH Kathrin (GER),MUHLBACH Kathrin
Luxembourg Open Luxembourg 2014,2014-04-16,VAN DUIN Rianne,MOGEY Amanda,4,1,"18,9,11,11,11|16,11,5,5,9",R64,WTT_CONTENDER,WS,276,Main Draw,MOGEY Amanda (IRL),VAN DUIN Rianne (NED),VAN DUIN Rianne
Luxembourg Open Luxembourg 2014,2014-04-16,HICKS Hannah,KARLSSON Michaela,4,3,"11,8,11,11,10|8,11,7,3,12",R64,WTT_CONTENDER,WS,276,Main Draw,HICKS Hannah (ENG),KARLSSON Michaela (SWE),HICKS Hannah
Luxembourg Open Luxembourg 2014,2014-04-16,BERGSTROM Linda,GONDERINGER Tessy,4,1,"8,11,11,11,11|11,3,5,4,5",SF,WTT_CONTENDER,WS,276,Main Draw,BERGSTROM Linda (SWE),GONDERINGER Tessy (LUX),BERGSTROM Linda
Luxembourg Open Luxembourg 2014,2014-04-16,CHRISTENSEN Stefanie,LOYEN Eline,4,1,"11,11,11,5,11|6,8,8,11,9",R64,WTT_CONTENDER,WS,276,Main Draw,LOYEN Eline (BEL),CHRISTENSEN Stefanie (DEN),CHRISTENSEN Stefanie
Luxembourg Open Luxembourg 2014,2014-04-16,HADZIAHMETOVIC Emina,AGERHOLM Pernille,4,1,"11,12,11,9,11|7,10,7,11,6",R64,WTT_CONTENDER,WS,276,Main Draw,HADZIAHMETOVIC Emina (BIH),AGERHOLM Pernille (DEN),HADZIAHMETOVIC Emina
Luxembourg Open Luxembourg 2014,2014-04-16,HICKS Hannah,VAN DUIN Rianne,4,2,"12,8,11,11,7|10,11,3,3,11",R64,WTT_CONTENDER,WS,276,Main Draw,VAN DUIN Rianne (NED),HICKS Hannah (ENG),HICKS Hannah
Luxembourg Open Luxembourg 2014,2014-04-16,DEGRAEF Margo,ALEXANDRE Bruna,4,1,"11,11,8,11,11|5,2,11,9,7",R64,WTT_CONTENDER,WS,276,Main Draw,ALEXANDRE Bruna (BRA),DEGRAEF Margo (BEL),DEGRAEF Margo
Luxembourg Open Luxembourg 2014,2014-04-16,HADZIAHMETOVIC Emina,GONDERINGER Tessy,4,3,"4,11,7,10,12|11,8,11,12,19",R64,WTT_CONTENDER,WS,276,Main Draw,GONDERINGER Tessy (LUX),HADZIAHMETOVIC Emina (BIH),HADZIAHMETOVIC Emina
Luxembourg Open Luxembourg 2014,2014-04-16,CHASSELIN Pauline,HACKEMACK Lauranne,4,1,"11,13,6,11,11|6,11,11,4,7",R64,WTT_CONTENDER,WS,276,Main Draw,CHASSELIN Pauline (FRA),HACKEMACK Lauranne (BEL),CHASSELIN Pauline
Luxembourg Open Luxembourg 2014,2014-04-16,MUHLBACH Kathrin,AGERHOLM Pernille,4,0,"15,11,12,11|13,9,10,1",R64,WTT_CONTENDER,WS,276,Main Draw,AGERHOLM Pernille (DEN),MUHLBACH Kathrin (GER),MUHLBACH Kathrin
Luxembourg Open Luxembourg 2014,2014-04-16,DE NUTTE Sarah,HADZIAHMETOVIC Emina,4,3,"10,11,9,11,11|12,6,11,8,7",R64,WTT_CONTENDER,WS,276,Main Draw,HADZIAHMETOVIC Emina (BIH),DE NUTTE Sarah (LUX),DE NUTTE Sarah
Luxembourg Open Luxembourg 2014,2014-04-16,YANG Xiaoxin,BERGSTROM Linda,4,0,"11,11,11,11|1,7,4,6",F,WTT_CONTENDER,WS,276,Main Draw,BERGSTROM Linda (SWE),YANG Xiaoxin (MON),YANG Xiaoxin
Luxembourg Open Luxembourg 2014,2014-04-16,SCHLINK Vinita,LUDLOW Emma,4,0,"13,11,11,11|11,6,2,8",R64,WTT_CONTENDER,WS,276,Main Draw,LUDLOW Emma (IRL),SCHLINK Vinita (LUX),SCHLINK Vinita
Luxembourg Open Luxembourg 2014,2014-04-16,STAMMET Annick,TIMLIN Sarah,4,1,"11,8,11,11,11|6,11,4,8,8",R64,WTT_CONTENDER,WS,276,Main Draw,STAMMET Annick (LUX),TIMLIN Sarah (IRL),STAMMET Annick
Luxembourg Open Luxembourg 2014,2014-04-16,LAID Islem,STAMMET Annick,4,2,"11,11,5,7,11|3,6,11,11,6",R64,WTT_CONTENDER,WS,276,Main Draw,STAMMET Annick (LUX),LAID Islem (ALG),LAID Islem
Luxembourg Open Luxembourg 2014,2014-04-16,LAID Islem,TIMLIN Sarah,4,2,"6,11,9,11,11|11,5,11,7,5",R64,WTT_CONTENDER,WS,276,Main Draw,LAID Islem (ALG),TIMLIN Sarah (IRL),LAID Islem
Luxembourg Open Luxembourg 2014,2014-04-16,BOUGADOUM Chahinez,MEYER Sarah,4,3,"7,15,9,7,11|11,13,11,11,6",R64,WTT_CONTENDER,WS,276,Main Draw,MEYER Sarah (LUX),BOUGADOUM Chahinez (ALG),BOUGADOUM Chahinez
Luxembourg Open Luxembourg 2014,2014-04-16,VAN ACKER Florence,MEYER Sarah,4,0,"11,11,11,11|7,6,6,6",R64,WTT_CONTENDER,WS,276,Main Draw,MEYER Sarah (LUX),VAN ACKER Florence (BEL),VAN ACKER Florence
Luxembourg Open Luxembourg 2014,2014-04-16,VAN ACKER Florence,BOUGADOUM Chahinez,4,0,"11,11,11,11|7,4,6,7",R64,WTT_CONTENDER,WS,276,Main Draw,VAN ACKER Florence (BEL),BOUGADOUM Chahinez (ALG),VAN ACKER Florence
Luxembourg Open Luxembourg 2014,2014-04-16,GIVAN Ashley,BOUCLARAS Fatiha,4,1,"13,4,14,11,11|11,11,12,8,4",R64,WTT_CONTENDER,WS,276,Main Draw,GIVAN Ashley (IRL),BOUCLARAS Fatiha (ALG),GIVAN Ashley
Luxembourg Open Luxembourg 2014,2014-04-16,JACOBSEN Mie,HER-LEE Sarah,4,0,"11,11,11,12|7,8,7,10",R64,WTT_CONTENDER,WS,276,Main Draw,JACOBSEN Mie (DEN),HER-LEE Sarah (NZL),JACOBSEN Mie
Luxembourg Open Luxembourg 2014,2014-04-16,JACOBSEN Mie,GIVAN Ashley,4,1,"4,11,11,11,11|11,9,7,9,6",R64,WTT_CONTENDER,WS,276,Main Draw,GIVAN Ashley (IRL),JACOBSEN Mie (DEN),JACOBSEN Mie
Luxembourg Open Luxembourg 2014,2014-04-16,GIVAN Ashley,HER-LEE Sarah,4,1,"11,10,11,11,11|8,12,7,7,8",R64,WTT_CONTENDER,WS,276,Main Draw,GIVAN Ashley (IRL),HER-LEE Sarah (NZL),GIVAN Ashley
Luxembourg Open Luxembourg 2014,2014-04-16,JACOBSEN Mie,BOUCLARAS Fatiha,4,0,"11,11,11,11|7,4,4,2",R64,WTT_CONTENDER,WS,276,Main Draw,JACOBSEN Mie (DEN),BOUCLARAS Fatiha (ALG),JACOBSEN Mie
Luxembourg Open Luxembourg 2014,2014-04-16,SONDERGAARD Pernille,ARMITAGE Tressa,4,3,"11,6,11,12,7|9,11,6,10,11",R64,WTT_CONTENDER,WS,276,Main Draw,ARMITAGE Tressa (ENG),SONDERGAARD Pernille (DEN),SONDERGAARD Pernille
Luxembourg Open Luxembourg 2014,2014-04-16,ZETTERSTROM Kristina,AASEBO Marte,4,3,"6,14,13,8,8|11,12,11,11,11",R64,WTT_CONTENDER,WS,276,Main Draw,ZETTERSTROM Kristina (SWE),AASEBO Marte (NOR),ZETTERSTROM Kristina
Luxembourg Open Luxembourg 2014,2014-04-16,ZETTERSTROM Kristina,ARMITAGE Tressa,4,1,"11,11,10,11,11|9,7,12,7,7",R64,WTT_CONTENDER,WS,276,Main Draw,ARMITAGE Tressa (ENG),ZETTERSTROM Kristina (SWE),ZETTERSTROM Kristina
Luxembourg Open Luxembourg 2014,2014-04-16,AASEBO Marte,SONDERGAARD Pernille,4,1,"3,11,11,11,11|11,6,8,9,4",R64,WTT_CONTENDER,WS,276,Main Draw,SONDERGAARD Pernille (DEN),AASEBO Marte (NOR),AASEBO Marte
Luxembourg Open Luxembourg 2014,2014-04-16,ARMITAGE Tressa,AASEBO Marte,4,2,"11,11,8,11,3|4,7,11,9,11",R64,WTT_CONTENDER,WS,276,Main Draw,ARMITAGE Tressa (ENG),AASEBO Marte (NOR),ARMITAGE Tressa
Luxembourg Open Luxembourg 2014,2014-04-16,ZETTERSTROM Kristina,SONDERGAARD Pernille,4,2,"7,11,10,12,11|11,9,12,10,9",R64,WTT_CONTENDER,WS,276,Main Draw,ZETTERSTROM Kristina (SWE),SONDERGAARD Pernille (DEN),ZETTERSTROM Kristina
Luxembourg Open Luxembourg 2014,2014-04-16,PHILLIPS Angharad,LYNCH-DAWSON Hannah,4,1,"6,11,11,11,11|11,2,9,7,1",R64,WTT_CONTENDER,WS,276,Main Draw,PHILLIPS Angharad (WAL),LYNCH-DAWSON Hannah (IRL),PHILLIPS Angharad
Luxembourg Open Luxembourg 2014,2014-04-16,BARENDREGT Alice,MABROUK Fatima,4,1,"11,7,11,11,11|6,11,7,9,9",R64,WTT_CONTENDER,WS,276,Main Draw,BARENDREGT Alice (NED),MABROUK Fatima (ALG),BARENDREGT Alice
Luxembourg Open Luxembourg 2014,2014-04-16,BARENDREGT Alice,PHILLIPS Angharad,4,2,"11,11,9,8,11|9,4,11,11,9",R64,WTT_CONTENDER,WS,276,Main Draw,PHILLIPS Angharad (WAL),BARENDREGT Alice (NED),BARENDREGT Alice
Luxembourg Open Luxembourg 2014,2014-04-16,MABROUK Fatima,LYNCH-DAWSON Hannah,4,3,"12,10,7,11,14|10,12,11,9,12",R64,WTT_CONTENDER,WS,276,Main Draw,LYNCH-DAWSON Hannah (IRL),MABROUK Fatima (ALG),MABROUK Fatima
Luxembourg Open Luxembourg 2014,2014-04-16,PHILLIPS Angharad,MABROUK Fatima,4,0,"11,11,11,11|6,6,8,3",R64,WTT_CONTENDER,WS,276,Main Draw,PHILLIPS Angharad (WAL),MABROUK Fatima (ALG),PHILLIPS Angharad
Luxembourg Open Luxembourg 2014,2014-04-16,BARENDREGT Alice,LYNCH-DAWSON Hannah,4,1,"9,11,12,11,11|11,7,10,9,2",R64,WTT_CONTENDER,WS,276,Main Draw,BARENDREGT Alice (NED),LYNCH-DAWSON Hannah (IRL),BARENDREGT Alice
Luxembourg Open Luxembourg 2014,2014-04-16,CRAWFORD Stewart,SKUCAS Matas,3,1,"5,11,11,11|11,9,7,6",,WTT_CONTENDER,MT,276,Main Draw,SKUCAS Matas (LTU),CRAWFORD Stewart (SCO),CRAWFORD Stewart
Luxembourg Open Luxembourg 2014,2014-04-16,VITTA Kilomo,ZATS Oleksandr,3,1,"7,11,11,11|11,6,5,4",,WTT_CONTENDER,MT,276,Main Draw,VITTA Kilomo (BEL),ZATS Oleksandr (UKR),VITTA Kilomo
Luxembourg Open Luxembourg 2014,2014-04-16,KUMAR Jubin,MARSDEN Michael,3,0,"11,11,11|6,5,6",,WTT_CONTENDER,MT,276,Main Draw,KUMAR Jubin (IND),MARSDEN Michael (WAL),KUMAR Jubin
Luxembourg Open Luxembourg 2014,2014-04-16,BALGU Aman,O'CONNELL Daniel,3,0,"11,11,11|9,9,6",,WTT_CONTENDER,MT,276,Main Draw,BALGU Aman (IND),O'CONNELL Daniel (WAL),BALGU Aman
Luxembourg Open Luxembourg 2014,2014-04-16,CHOBEAU Clement,ARCILA Carlos,3,0,"11,11,11|8,5,9",,WTT_CONTENDER,MT,276,Main Draw,CHOBEAU Clement (FRA),ARCILA Carlos (COL),CHOBEAU Clement
Luxembourg Open Luxembourg 2014,2014-04-16,NICOLLE Dorian,FRANCO Hernando,3,0,"11,11,11|1,7,3",,WTT_CONTENDER,MT,276,Main Draw,NICOLLE Dorian (FRA),FRANCO Hernando (COL),NICOLLE Dorian
Luxembourg Open Luxembourg 2014,2014-04-16,KHEROUF Sami,MLADENOVIC Luka,3,0,"11,14,11|6,12,9",,WTT_CONTENDER,MT,276,Main Draw,KHEROUF Sami (ALG),MLADENOVIC Luka (LUX),KHEROUF Sami
Luxembourg Open Luxembourg 2014,2014-04-16,ZAIDI Mohammed,VAN WAMBEKE Louis,3,0,"11,14,14|5,12,12",,WTT_CONTENDER,MT,276,Main Draw,ZAIDI Mohammed (ALG),VAN WAMBEKE Louis (LUX),ZAIDI Mohammed
Luxembourg Open Luxembourg 2014,2014-04-16,DUVAL Celian,WHEELER Christopher,3,2,"7,11,11,9|11,5,8,11",,WTT_CONTENDER,MT,276,Main Draw,DUVAL Celian (FRA),WHEELER Christopher (SCO),DUVAL Celian
Luxembourg Open Luxembourg 2014,2014-04-16,SHI Guang Victor,REILAND Herve,3,1,"6,11,11,12|11,8,8,10",,WTT_CONTENDER,MT,276,Main Draw,REILAND Herve (FRA),SHI Guang Victor (SCO),SHI Guang Victor
Luxembourg Open Luxembourg 2014,2014-04-16,TREGLER Tomas,SKUCAS Matas,3,1,"11,5,11,11|9,11,9,2",,WTT_CONTENDER,MT,276,Main Draw,TREGLER Tomas (CZE),SKUCAS Matas (LTU),TREGLER Tomas
Luxembourg Open Luxembourg 2014,2014-04-16,REITSPIES David,VITTA Kilomo,3,1,"6,11,11,11|11,8,5,9",,WTT_CONTENDER,MT,276,Main Draw,REITSPIES David (CZE),VITTA Kilomo (BEL),REITSPIES David
Luxembourg Open Luxembourg 2014,2014-04-16,LEVENKO Andreas,MAGUIRE Gavin,3,0,"11,11,11|3,8,7",,WTT_CONTENDER,MT,276,Main Draw,MAGUIRE Gavin (IRL),LEVENKO Andreas (AUT),LEVENKO Andreas
Luxembourg Open Luxembourg 2014,2014-04-16,BUROV Viacheslav,WEBER Lionel,3,0,"11,11,11|4,6,4",,WTT_CONTENDER,MT,276,Main Draw,WEBER Lionel (SUI),BUROV Viacheslav (RUS),BUROV Viacheslav
Luxembourg Open Luxembourg 2014,2014-04-16,TCYBIN Andrei,CHAMPOD Nicolas,3,1,"4,11,11,12|11,8,6,10",,WTT_CONTENDER,MT,276,Main Draw,CHAMPOD Nicolas (SUI),TCYBIN Andrei (RUS),TCYBIN Andrei
Luxembourg Open Luxembourg 2014,2014-04-16,GORMAN Viktor,MARTINEZ Guillermo,3,0,"11,11,11|8,4,7",,WTT_CONTENDER,MT,276,Main Draw,MARTINEZ Guillermo (ESP),GORMAN Viktor (SWE),GORMAN Viktor
Luxembourg Open Luxembourg 2014,2014-04-16,JOHANSSON Henrik,O'DRISCOLL Michael,3,0,"16,16,11|14,14,9",,WTT_CONTENDER,MT,276,Main Draw,O'DRISCOLL Michael (ENG),JOHANSSON Henrik (SWE),JOHANSSON Henrik
Luxembourg Open Luxembourg 2014,2014-04-16,KUMAR Jubin,MICHELY Gilles,3,1,"14,8,11,11|12,11,7,8",,WTT_CONTENDER,MT,276,Main Draw,MICHELY Gilles (LUX),KUMAR Jubin (IND),KUMAR Jubin
Luxembourg Open Luxembourg 2014,2014-04-16,BALGU Aman,BAST Mike,3,1,"11,6,11,11|7,11,6,7",,WTT_CONTENDER,MT,276,Main Draw,BAST Mike (LUX),BALGU Aman (IND),BALGU Aman
Luxembourg Open Luxembourg 2014,2014-04-16,BILAS Arthur,RANEFUR Elias,3,2,"7,11,7,11|11,3,11,6",,WTT_CONTENDER,MT,276,Main Draw,BILAS Arthur (BEL),RANEFUR Elias (SWE),BILAS Arthur
Luxembourg Open Luxembourg 2014,2014-04-16,BERGLUND Simon,DARCIS Thibaut,3,1,"12,5,11,11|10,11,7,4",,WTT_CONTENDER,MT,276,Main Draw,DARCIS Thibaut (BEL),BERGLUND Simon (SWE),BERGLUND Simon
Luxembourg Open Luxembourg 2014,2014-04-16,ERIKSSON Anders,DIEZ Endika,3,2,"11,8,11,8|7,11,7,11",,WTT_CONTENDER,MT,276,Main Draw,DIEZ Endika (ESP),ERIKSSON Anders (SWE),ERIKSSON Anders
Luxembourg Open Luxembourg 2014,2014-04-16,NICOLLE Dorian,KALACHEVSKYI Denys,3,2,"4,9,14,11|11,11,12,7",,WTT_CONTENDER,MT,276,Main Draw,NICOLLE Dorian (FRA),KALACHEVSKYI Denys (UKR),NICOLLE Dorian
Luxembourg Open Luxembourg 2014,2014-04-16,KALLBERG Anton,KHEROUF Sami,3,0,"11,11,11|5,9,8",,WTT_CONTENDER,MT,276,Main Draw,KALLBERG Anton (SWE),KHEROUF Sami (ALG),KALLBERG Anton
Luxembourg Open Luxembourg 2014,2014-04-16,AHLANDER-J Carl,ZAIDI Mohammed,3,0,"11,11,11|5,5,6",,WTT_CONTENDER,MT,276,Main Draw,AHLANDER-J Carl (SWE),ZAIDI Mohammed (ALG),AHLANDER-J Carl
Luxembourg Open Luxembourg 2014,2014-04-16,UDRA Alfredas,MCCREERY Paul,3,1,"11,1,11,11|8,11,6,6",,WTT_CONTENDER,MT,276,Main Draw,MCCREERY Paul (IRL),UDRA Alfredas (LTU),UDRA Alfredas
Luxembourg Open Luxembourg 2014,2014-04-16,DOMEIKA Arnoldas,ROBINSON Ashley,3,1,"11,12,9,11|5,10,11,2",,WTT_CONTENDER,MT,276,Main Draw,ROBINSON Ashley (IRL),DOMEIKA Arnoldas (LTU),DOMEIKA Arnoldas
Luxembourg Open Luxembourg 2014,2014-04-16,LEITGEB Stefan,BLOMQVIST Adam,3,0,"11,11,11|9,6,7",,WTT_CONTENDER,MT,276,Main Draw,LEITGEB Stefan (AUT),BLOMQVIST Adam (SWE),LEITGEB Stefan
Luxembourg Open Luxembourg 2014,2014-04-16,SERDAROGLU David,MOREGARD Malte,3,1,"11,11,9,12|2,8,11,10",,WTT_CONTENDER,MT,276,Main Draw,SERDAROGLU David (AUT),MOREGARD Malte (SWE),SERDAROGLU David
Luxembourg Open Luxembourg 2014,2014-04-16,OLAH Benedek,JEAN Lauric,3,0,"14,11,13|12,9,11",,WTT_CONTENDER,MT,276,Main Draw,OLAH Benedek (FIN),JEAN Lauric (BEL),OLAH Benedek
Luxembourg Open Luxembourg 2014,2014-04-16,SWARTENBROUCKX Gaetan,GIRALDO Juan,3,1,"11,11,9,11|1,8,11,8",,WTT_CONTENDER,MT,276,Main Draw,GIRALDO Juan (COL),SWARTENBROUCKX Gaetan (BEL),SWARTENBROUCKX Gaetan
Luxembourg Open Luxembourg 2014,2014-04-16,ERICSON Gustaf,HANSEN Sven,3,2,"6,11,11,6|11,6,5,11",,WTT_CONTENDER,MT,276,Main Draw,ERICSON Gustaf (SWE),HANSEN Sven (LUX),ERICSON Gustaf
Luxembourg Open Luxembourg 2014,2014-04-16,HAGBERG Johan,GLOD Eric,3,0,"11,11,11|5,5,9",,WTT_CONTENDER,MT,276,Main Draw,HAGBERG Johan (LAO),GLOD Eric (LUX),HAGBERG Johan
Luxembourg Open Luxembourg 2014,2014-04-16,FRANCO Carlos,HAGERAATS Koen,3,0,"13,14,11|11,12,3",,WTT_CONTENDER,MT,276,Main Draw,HAGERAATS Koen (NED),FRANCO Carlos (ESP),FRANCO Carlos
Luxembourg Open Luxembourg 2014,2014-04-16,CALVO Alejandro,OEIJ Patrick,3,1,"18,6,11,14|16,11,8,12",,WTT_CONTENDER,MT,276,Main Draw,OEIJ Patrick (NED),CALVO Alejandro (ESP),CALVO Alejandro
Luxembourg Open Luxembourg 2014,2014-04-16,LIEVSHYN Vitaliy,OLIVARES Felipe,3,0,"11,11,11|9,8,4",,WTT_CONTENDER,MT,276,Main Draw,OLIVARES Felipe (CHI),LIEVSHYN Vitaliy (UKR),LIEVSHYN Vitaliy
Luxembourg Open Luxembourg 2014,2014-04-16,GALVANO Nicolas,ZATS Oleksandr,3,0,"11,11,11|6,4,6",,WTT_CONTENDER,MT,276,Main Draw,GALVANO Nicolas (ARG),ZATS Oleksandr (UKR),GALVANO Nicolas
Luxembourg Open Luxembourg 2014,2014-04-16,MIKUTIS Tomas,WHEELER Christopher,3,0,"11,11,14|4,4,12",,WTT_CONTENDER,MT,276,Main Draw,WHEELER Christopher (SCO),MIKUTIS Tomas (LTU),MIKUTIS Tomas
Luxembourg Open Luxembourg 2014,2014-04-16,SHI Guang Victor,MERZLIKIN Taras,3,0,"11,11,11|8,8,4",,WTT_CONTENDER,MT,276,Main Draw,SHI Guang Victor (SCO),MERZLIKIN Taras (RUS),SHI Guang Victor
Luxembourg Open Luxembourg 2014,2014-04-16,TREGLER Tomas,LEVENKO Andreas,3,0,"11,11,11|6,1,8",,WTT_CONTENDER,MT,276,Main Draw,TREGLER Tomas (CZE),LEVENKO Andreas (AUT),TREGLER Tomas
Luxembourg Open Luxembourg 2014,2014-04-16,REITSPIES David,LUGINGER Christian,3,0,"11,11,14|5,9,12",,WTT_CONTENDER,MT,276,Main Draw,REITSPIES David (CZE),LUGINGER Christian (AUT),REITSPIES David
Luxembourg Open Luxembourg 2014,2014-04-16,BUROV Viacheslav,ARVIDSSON Simon,3,1,"11,11,8,11|7,7,11,4",,WTT_CONTENDER,MT,276,Main Draw,BUROV Viacheslav (RUS),ARVIDSSON Simon (SWE),BUROV Viacheslav
Luxembourg Open Luxembourg 2014,2014-04-16,GORMAN Viktor,TCYBIN Andrei,3,1,"11,6,11,11|3,11,5,9",,WTT_CONTENDER,MT,276,Main Draw,TCYBIN Andrei (RUS),GORMAN Viktor (SWE),GORMAN Viktor
Luxembourg Open Luxembourg 2014,2014-04-16,RANEFUR Elias,KUMAR Jubin,3,1,"11,11,9,11|8,9,11,5",,WTT_CONTENDER,MT,276,Main Draw,KUMAR Jubin (IND),RANEFUR Elias (SWE),RANEFUR Elias
Luxembourg Open Luxembourg 2014,2014-04-16,BALGU Aman,BERGLUND Simon,3,2,"11,11,10,9|8,5,12,11",,WTT_CONTENDER,MT,276,Main Draw,BALGU Aman (IND),BERGLUND Simon (SWE),BALGU Aman
Luxembourg Open Luxembourg 2014,2014-04-16,PYSAR Dmytro,DIEZ Endika,3,1,"11,11,5,11|8,9,11,7",,WTT_CONTENDER,MT,276,Main Draw,DIEZ Endika (ESP),PYSAR Dmytro (UKR),PYSAR Dmytro
Luxembourg Open Luxembourg 2014,2014-04-16,KALACHEVSKYI Denys,BENITO Javier,3,0,"11,12,11|7,10,5",,WTT_CONTENDER,MT,276,Main Draw,BENITO Javier (ESP),KALACHEVSKYI Denys (UKR),KALACHEVSKYI Denys
Luxembourg Open Luxembourg 2014,2014-04-16,UDRA Alfredas,KALLBERG Anton,3,2,"11,5,6,12|5,11,11,10",,WTT_CONTENDER,MT,276,Main Draw,KALLBERG Anton (SWE),UDRA Alfredas (LTU),UDRA Alfredas
Luxembourg Open Luxembourg 2014,2014-04-16,AHLANDER-J Carl,DOMEIKA Arnoldas,3,1,"11,11,7,11|9,8,11,7",,WTT_CONTENDER,MT,276,Main Draw,AHLANDER-J Carl (SWE),DOMEIKA Arnoldas (LTU),AHLANDER-J Carl
Luxembourg Open Luxembourg 2014,2014-04-16,SERDAROGLU David,GIRALDO Juan,3,0,"11,11,11|6,8,6",,WTT_CONTENDER,MT,276,Main Draw,SERDAROGLU David (AUT),GIRALDO Juan (COL),SERDAROGLU David
Luxembourg Open Luxembourg 2014,2014-04-16,FRANCO Carlos,ERICSON Gustaf,3,2,"8,11,11,5|11,6,7,11",,WTT_CONTENDER,MT,276,Main Draw,ERICSON Gustaf (SWE),FRANCO Carlos (ESP),FRANCO Carlos
Luxembourg Open Luxembourg 2014,2014-04-16,HAGBERG Johan,CALVO Alejandro,3,0,"12,11,11|10,8,8",,WTT_CONTENDER,MT,276,Main Draw,HAGBERG Johan (LAO),CALVO Alejandro (ESP),HAGBERG Johan
Luxembourg Open Luxembourg 2014,2014-04-16,OLIVARES Felipe,MIKUTIS Tomas,3,0,"11,11,11|7,6,4",,WTT_CONTENDER,MT,276,Main Draw,OLIVARES Felipe (CHI),MIKUTIS Tomas (LTU),OLIVARES Felipe
Luxembourg Open Luxembourg 2014,2014-04-16,MERZLIKIN Taras,GALVANO Nicolas,3,1,"14,6,11,11|12,11,8,8",,WTT_CONTENDER,MT,276,Main Draw,GALVANO Nicolas (ARG),MERZLIKIN Taras (RUS),MERZLIKIN Taras
Luxembourg Open Luxembourg 2014,2014-04-16,KUMAR Jubin,TREGLER Tomas,3,1,"5,11,11,11|11,3,9,9",,WTT_CONTENDER,MT,276,Main Draw,TREGLER Tomas (CZE),KUMAR Jubin (IND),KUMAR Jubin
Luxembourg Open Luxembourg 2014,2014-04-16,REITSPIES David,BALGU Aman,3,0,"11,11,11|4,6,7",,WTT_CONTENDER,MT,276,Main Draw,REITSPIES David (CZE),BALGU Aman (IND),REITSPIES David
Luxembourg Open Luxembourg 2014,2014-04-16,KALLBERG Anton,MIKUTIS Tomas,3,1,"10,11,11,11|12,5,9,3",,WTT_CONTENDER,MT,276,Main Draw,KALLBERG Anton (SWE),MIKUTIS Tomas (LTU),KALLBERG Anton
Luxembourg Open Luxembourg 2014,2014-04-16,ARVIDSSON Simon,TREGLER Tomas,3,1,"11,9,11,11|4,11,7,6",,WTT_CONTENDER,MT,276,Main Draw,TREGLER Tomas (CZE),ARVIDSSON Simon (SWE),ARVIDSSON Simon
Luxembourg Open Luxembourg 2014,2014-04-16,REITSPIES David,JOHANSSON Henrik,3,1,"11,11,7,12|6,5,11,10",,WTT_CONTENDER,MT,276,Main Draw,REITSPIES David (CZE),JOHANSSON Henrik (SWE),REITSPIES David
Luxembourg Open Luxembourg 2014,2014-04-16,PYSAR Dmytro,KUMAR Jubin,3,1,"7,12,11,11|11,10,5,2",,WTT_CONTENDER,MT,276,Main Draw,KUMAR Jubin (IND),PYSAR Dmytro (UKR),PYSAR Dmytro
Luxembourg Open Luxembourg 2014,2014-04-16,BALGU Aman,KALACHEVSKYI Denys,3,2,"11,12,2,13|6,10,11,15",,WTT_CONTENDER,MT,276,Main Draw,BALGU Aman (IND),KALACHEVSKYI Denys (UKR),BALGU Aman
Luxembourg Open Luxembourg 2014,2014-04-16,KALLBERG Anton,LEITGEB Stefan,3,0,"11,11,12|7,7,10",,WTT_CONTENDER,MT,276,Main Draw,KALLBERG Anton (SWE),LEITGEB Stefan (AUT),KALLBERG Anton
Luxembourg Open Luxembourg 2014,2014-04-16,AHLANDER-J Carl,SERDAROGLU David,3,1,"7,11,11,13|11,6,5,11",,WTT_CONTENDER,MT,276,Main Draw,AHLANDER-J Carl (SWE),SERDAROGLU David (AUT),AHLANDER-J Carl
Luxembourg Open Luxembourg 2014,2014-04-16,MIKUTIS Tomas,FRANCO Carlos,3,2,"8,11,6,11|11,8,11,4",,WTT_CONTENDER,MT,276,Main Draw,FRANCO Carlos (ESP),MIKUTIS Tomas (LTU),MIKUTIS Tomas
Luxembourg Open Luxembourg 2014,2014-04-16,MERZLIKIN Taras,CALVO Alejandro,3,2,"12,7,11,7|10,11,3,11",,WTT_CONTENDER,MT,276,Main Draw,CALVO Alejandro (ESP),MERZLIKIN Taras (RUS),MERZLIKIN Taras
Luxembourg Open Luxembourg 2014,2014-04-16,AHLANDER-J Carl,MERZLIKIN Taras,3,1,"12,11,8,11|10,1,11,7",,WTT_CONTENDER,MT,276,Main Draw,AHLANDER-J Carl (SWE),MERZLIKIN Taras (RUS),AHLANDER-J Carl
Luxembourg Open Luxembourg 2014,2014-04-16,KALLBERG Anton,TREGLER Tomas,3,1,"9,11,11,11|11,7,5,7",,WTT_CONTENDER,MT,276,Main Draw,TREGLER Tomas (CZE),KALLBERG Anton (SWE),KALLBERG Anton
Luxembourg Open Luxembourg 2014,2014-04-16,REITSPIES David,AHLANDER-J Carl,3,2,"8,7,12,11|11,11,10,8",,WTT_CONTENDER,MT,276,Main Draw,REITSPIES David (CZE),AHLANDER-J Carl (SWE),REITSPIES David
Luxembourg Open Luxembourg 2014,2014-04-16,CRAWFORD Stewart,MAGUIRE Gavin,3,1,"11,7,11,11|2,11,6,6",,WTT_CONTENDER,MT,276,Main Draw,CRAWFORD Stewart (SCO),MAGUIRE Gavin (IRL),CRAWFORD Stewart
Luxembourg Open Luxembourg 2014,2014-04-16,ZATS Oleksandr,FARRELL Ryan,3,1,"9,12,11,11|11,10,6,7",,WTT_CONTENDER,MT,276,Main Draw,ZATS Oleksandr (UKR),FARRELL Ryan (IRL),ZATS Oleksandr
Luxembourg Open Luxembourg 2014,2014-04-16,MARTINEZ Guillermo,WEBER Lionel,3,1,"14,8,11,12|12,11,6,10",,WTT_CONTENDER,MT,276,Main Draw,WEBER Lionel (SUI),MARTINEZ Guillermo (ESP),MARTINEZ Guillermo
Luxembourg Open Luxembourg 2014,2014-04-16,CHAMPOD Nicolas,O'DRISCOLL Michael,3,1,"11,5,11,11|9,11,7,8",,WTT_CONTENDER,MT,276,Main Draw,CHAMPOD Nicolas (SUI),O'DRISCOLL Michael (ENG),CHAMPOD Nicolas
Luxembourg Open Luxembourg 2014,2014-04-16,MICHELY Gilles,MARSDEN Michael,3,1,"11,12,8,11|3,10,11,9",,WTT_CONTENDER,MT,276,Main Draw,MARSDEN Michael (WAL),MICHELY Gilles (LUX),MICHELY Gilles
Luxembourg Open Luxembourg 2014,2014-04-16,BAST Mike,O'CONNELL Daniel,3,0,"11,11,14|8,7,12",,WTT_CONTENDER,MT,276,Main Draw,O'CONNELL Daniel (WAL),BAST Mike (LUX),BAST Mike
Luxembourg Open Luxembourg 2014,2014-04-16,ERIKSSON Anders,BILAS Arthur,3,0,"11,11,11|8,8,8",,WTT_CONTENDER,MT,276,Main Draw,BILAS Arthur (BEL),ERIKSSON Anders (SWE),ERIKSSON Anders
Luxembourg Open Luxembourg 2014,2014-04-16,KHOSHBAKHT Omid,DARCIS Thibaut,3,2,"6,11,6,11|11,9,11,9",,WTT_CONTENDER,MT,276,Main Draw,DARCIS Thibaut (BEL),KHOSHBAKHT Omid (SWE),KHOSHBAKHT Omid
Luxembourg Open Luxembourg 2014,2014-04-16,ARCILA Carlos,MLADENOVIC Luka,3,0,"11,11,11|6,4,4",,WTT_CONTENDER,MT,276,Main Draw,ARCILA Carlos (COL),MLADENOVIC Luka (LUX),ARCILA Carlos
Luxembourg Open Luxembourg 2014,2014-04-16,VAN WAMBEKE Louis,FRANCO Hernando,3,1,"11,8,11,11|4,11,7,5",,WTT_CONTENDER,MT,276,Main Draw,FRANCO Hernando (COL),VAN WAMBEKE Louis (LUX),VAN WAMBEKE Louis
Luxembourg Open Luxembourg 2014,2014-04-16,BLOMQVIST Adam,MCCREERY Paul,3,2,"11,6,11,10|8,11,6,12",,WTT_CONTENDER,MT,276,Main Draw,MCCREERY Paul (IRL),BLOMQVIST Adam (SWE),BLOMQVIST Adam
Luxembourg Open Luxembourg 2014,2014-04-16,MOREGARD Malte,ROBINSON Ashley,3,0,"11,11,11|7,8,7",,WTT_CONTENDER,MT,276,Main Draw,ROBINSON Ashley (IRL),MOREGARD Malte (SWE),MOREGARD Malte
Luxembourg Open Luxembourg 2014,2014-04-16,HANSEN Sven,JEAN Lauric,3,1,"11,10,13,12|8,12,11,10",,WTT_CONTENDER,MT,276,Main Draw,JEAN Lauric (BEL),HANSEN Sven (LUX),HANSEN Sven
Luxembourg Open Luxembourg 2014,2014-04-16,SWARTENBROUCKX Gaetan,GLOD Eric,3,1,"10,11,11,11|12,4,4,7",,WTT_CONTENDER,MT,276,Main Draw,SWARTENBROUCKX Gaetan (BEL),GLOD Eric (LUX),SWARTENBROUCKX Gaetan
Luxembourg Open Luxembourg 2014,2014-04-16,LIEVSHYN Vitaliy,HAGERAATS Koen,3,0,"11,12,11|4,10,9",,WTT_CONTENDER,MT,276,Main Draw,HAGERAATS Koen (NED),LIEVSHYN Vitaliy (UKR),LIEVSHYN Vitaliy
Luxembourg Open Luxembourg 2014,2014-04-16,AGERHOLM Pernille,LYNCH-DAWSON Hannah,3,1,"11,5,11,11|8,11,9,9",,WTT_CONTENDER,WT,276,Main Draw,LYNCH-DAWSON Hannah (IRL),AGERHOLM Pernille (DEN),AGERHOLM Pernille
Luxembourg Open Luxembourg 2014,2014-04-16,MOGEY Amanda,SONDERGAARD Pernille,3,2,"9,11,3,11|11,6,11,4",,WTT_CONTENDER,WT,276,Main Draw,MOGEY Amanda (IRL),SONDERGAARD Pernille (DEN),MOGEY Amanda
Luxembourg Open Luxembourg 2014,2014-04-16,DE NUTTE Sarah,THOMAS WU ZHANG Chloe Anna,3,0,"11,11,11|5,6,5",,WTT_CONTENDER,WT,276,Main Draw,DE NUTTE Sarah (LUX),THOMAS WU ZHANG Chloe Anna (WAL),DE NUTTE Sarah
Luxembourg Open Luxembourg 2014,2014-04-16,MUHLBACH Kathrin,HALL Nicole,3,0,"11,11,11|7,8,5",,WTT_CONTENDER,WT,276,Main Draw,MUHLBACH Kathrin (GER),HALL Nicole (WAL),MUHLBACH Kathrin
Luxembourg Open Luxembourg 2014,2014-04-16,HICKS Hannah,GIVAN Ashley,3,0,"11,11,11|6,5,6",,WTT_CONTENDER,WT,276,Main Draw,GIVAN Ashley (IRL),HICKS Hannah (ENG),HICKS Hannah
Luxembourg Open Luxembourg 2014,2014-04-16,ARMITAGE Tressa,LUDLOW Emma,3,0,"11,11,11|7,7,4",,WTT_CONTENDER,WT,276,Main Draw,LUDLOW Emma (IRL),ARMITAGE Tressa (ENG),ARMITAGE Tressa
Luxembourg Open Luxembourg 2014,2014-04-16,HACKEMACK Lauranne,MABROUK Fatima,3,0,"11,11,11|8,2,5",,WTT_CONTENDER,WT,276,Main Draw,HACKEMACK Lauranne (BEL),MABROUK Fatima (ALG),HACKEMACK Lauranne
Luxembourg Open Luxembourg 2014,2014-04-16,VAN ACKER Florence,BOUCLARAS Fatiha,3,1,"11,9,11,11|1,11,5,8",,WTT_CONTENDER,WT,276,Main Draw,VAN ACKER Florence (BEL),BOUCLARAS Fatiha (ALG),VAN ACKER Florence
Luxembourg Open Luxembourg 2014,2014-04-16,ZETTERSTROM Kristina,LAID Islem,3,1,"5,11,11,11|11,8,8,6",,WTT_CONTENDER,WT,276,Main Draw,LAID Islem (ALG),ZETTERSTROM Kristina (SWE),ZETTERSTROM Kristina
Luxembourg Open Luxembourg 2014,2014-04-16,MUSTAFA Huda,BOUGADOUM Chahinez,3,0,"11,11,11|6,5,6",,WTT_CONTENDER,WT,276,Main Draw,BOUGADOUM Chahinez (ALG),MUSTAFA Huda (SWE),MUSTAFA Huda
Luxembourg Open Luxembourg 2014,2014-04-16,PHILLIPS Angharad,AASEBO Marte,3,0,"11,11,11|8,8,8",,WTT_CONTENDER,WT,276,Main Draw,AASEBO Marte (NOR),PHILLIPS Angharad (WAL),PHILLIPS Angharad
Luxembourg Open Luxembourg 2014,2014-04-16,HER-LEE Sarah,AASEBO Anna,3,1,"12,11,11,11|14,3,9,7",,WTT_CONTENDER,WT,276,Main Draw,AASEBO Anna (NOR),HER-LEE Sarah (NZL),HER-LEE Sarah
Luxembourg Open Luxembourg 2014,2014-04-16,BARENDREGT Alice,MEYER Sarah,3,1,"11,11,8,11|4,7,11,7",,WTT_CONTENDER,WT,276,Main Draw,MEYER Sarah (LUX),BARENDREGT Alice (NED),BARENDREGT Alice
Luxembourg Open Luxembourg 2014,2014-04-16,VAN DUIN Rianne,SCHLINK Vinita,3,0,"14,11,11|12,9,7",,WTT_CONTENDER,WT,276,Main Draw,SCHLINK Vinita (LUX),VAN DUIN Rianne (NED),VAN DUIN Rianne
Luxembourg Open Luxembourg 2014,2014-04-16,KIRICHENKO Anna,ALEXANDRE Bruna,3,2,"5,11,6,11|11,7,11,1",,WTT_CONTENDER,WT,276,Main Draw,ALEXANDRE Bruna (BRA),KIRICHENKO Anna (FIN),KIRICHENKO Anna
Luxembourg Open Luxembourg 2014,2014-04-16,TIMLIN Sarah,ERKHEIKKI Anna-Sofia,3,2,"11,5,9,11|7,11,11,8",,WTT_CONTENDER,WT,276,Main Draw,TIMLIN Sarah (IRL),ERKHEIKKI Anna-Sofia (FIN),TIMLIN Sarah
Luxembourg Open Luxembourg 2014,2014-04-16,CHASSELIN Pauline,LYNCH-DAWSON Hannah,3,0,"11,11,11|6,7,8",,WTT_CONTENDER,WT,276,Main Draw,CHASSELIN Pauline (FRA),LYNCH-DAWSON Hannah (IRL),CHASSELIN Pauline
Luxembourg Open Luxembourg 2014,2014-04-16,SOPOSKI Roza,MOGEY Amanda,3,0,"11,11,11|8,7,6",,WTT_CONTENDER,WT,276,Main Draw,SOPOSKI Roza (FRA),MOGEY Amanda (IRL),SOPOSKI Roza
Luxembourg Open Luxembourg 2014,2014-04-16,BERGSTROM Linda,DE NUTTE Sarah,3,1,"11,11,8,11|9,6,11,8",,WTT_CONTENDER,WT,276,Main Draw,DE NUTTE Sarah (LUX),BERGSTROM Linda (SWE),BERGSTROM Linda
Luxembourg Open Luxembourg 2014,2014-04-16,ARMITAGE Tressa,JONSSON Jennifer,3,2,"11,7,11,14|8,11,8,16",,WTT_CONTENDER,WT,276,Main Draw,JONSSON Jennifer (SWE),ARMITAGE Tressa (ENG),ARMITAGE Tressa
Luxembourg Open Luxembourg 2014,2014-04-16,MORET Rachel,HACKEMACK Lauranne,3,0,"11,11,11|6,7,4",,WTT_CONTENDER,WT,276,Main Draw,HACKEMACK Lauranne (BEL),MORET Rachel (SUI),MORET Rachel
Luxembourg Open Luxembourg 2014,2014-04-16,ASCHWANDEN Rahel,VAN ACKER Florence,3,2,"11,9,7,12|8,11,11,10",,WTT_CONTENDER,WT,276,Main Draw,VAN ACKER Florence (BEL),ASCHWANDEN Rahel (SUI),ASCHWANDEN Rahel
Luxembourg Open Luxembourg 2014,2014-04-16,GONDERINGER Tessy,ZETTERSTROM Kristina,3,0,"11,11,11|3,6,8",,WTT_CONTENDER,WT,276,Main Draw,GONDERINGER Tessy (LUX),ZETTERSTROM Kristina (SWE),GONDERINGER Tessy
Luxembourg Open Luxembourg 2014,2014-04-16,DEGRAEF Margo,PHILLIPS Angharad,3,0,"11,11,11|3,9,6",,WTT_CONTENDER,WT,276,Main Draw,PHILLIPS Angharad (WAL),DEGRAEF Margo (BEL),DEGRAEF Margo
Luxembourg Open Luxembourg 2014,2014-04-16,LOYEN Eline,HER-LEE Sarah,3,2,"12,5,5,11|10,11,11,4",,WTT_CONTENDER,WT,276,Main Draw,HER-LEE Sarah (NZL),LOYEN Eline (BEL),LOYEN Eline
Luxembourg Open Luxembourg 2014,2014-04-16,BARENDREGT Alice,JACOBSEN Mie,3,2,"10,11,11,5|12,5,6,11",,WTT_CONTENDER,WT,276,Main Draw,JACOBSEN Mie (DEN),BARENDREGT Alice (NED),BARENDREGT Alice
Luxembourg Open Luxembourg 2014,2014-04-16,CHRISTENSEN Stefanie,VAN DUIN Rianne,3,2,"7,5,11,11|11,11,7,7",,WTT_CONTENDER,WT,276,Main Draw,CHRISTENSEN Stefanie (DEN),VAN DUIN Rianne (NED),CHRISTENSEN Stefanie
Luxembourg Open Luxembourg 2014,2014-04-16,XIAO Maria,KIRICHENKO Anna,3,0,"11,11,11|4,5,2",,WTT_CONTENDER,WT,276,Main Draw,KIRICHENKO Anna (FIN),XIAO Maria (ESP),XIAO Maria
Luxembourg Open Luxembourg 2014,2014-04-16,BOLENIUS Sannamari,ERKHEIKKI Anna-Sofia,3,1,"11,5,18,11|4,11,16,9",,WTT_CONTENDER,WT,276,Main Draw,ERKHEIKKI Anna-Sofia (FIN),BOLENIUS Sannamari (SWE),BOLENIUS Sannamari
Luxembourg Open Luxembourg 2014,2014-04-16,DE NUTTE Sarah,CHASSELIN Pauline,3,2,"12,11,7,9|10,8,11,11",,WTT_CONTENDER,WT,276,Main Draw,CHASSELIN Pauline (FRA),DE NUTTE Sarah (LUX),DE NUTTE Sarah
Luxembourg Open Luxembourg 2014,2014-04-16,MUHLBACH Kathrin,SOPOSKI Roza,3,1,"11,11,8,12|7,6,11,10",,WTT_CONTENDER,WT,276,Main Draw,SOPOSKI Roza (FRA),MUHLBACH Kathrin (GER),MUHLBACH Kathrin
Luxembourg Open Luxembourg 2014,2014-04-16,MORET Rachel,HICKS Hannah,3,0,"11,11,11|9,3,6",,WTT_CONTENDER,WT,276,Main Draw,HICKS Hannah (ENG),MORET Rachel (SUI),MORET Rachel
Luxembourg Open Luxembourg 2014,2014-04-16,ARMITAGE Tressa,ASCHWANDEN Rahel,3,1,"11,8,13,11|6,11,11,8",,WTT_CONTENDER,WT,276,Main Draw,ARMITAGE Tressa (ENG),ASCHWANDEN Rahel (SUI),ARMITAGE Tressa
Luxembourg Open Luxembourg 2014,2014-04-16,DEGRAEF Margo,GONDERINGER Tessy,3,2,"4,11,8,11|11,5,11,5",,WTT_CONTENDER,WT,276,Main Draw,GONDERINGER Tessy (LUX),DEGRAEF Margo (BEL),DEGRAEF Margo
Luxembourg Open Luxembourg 2014,2014-04-16,KONSBRUCK Danielle,LOYEN Eline,3,1,"11,11,9,11|9,6,11,8",,WTT_CONTENDER,WT,276,Main Draw,KONSBRUCK Danielle (LUX),LOYEN Eline (BEL),KONSBRUCK Danielle
Luxembourg Open Luxembourg 2014,2014-04-16,XIAO Maria,JACOBSEN Mie,3,1,"11,7,13,11|7,11,11,2",,WTT_CONTENDER,WT,276,Main Draw,JACOBSEN Mie (DEN),XIAO Maria (ESP),XIAO Maria
Luxembourg Open Luxembourg 2014,2014-04-16,BOLENIUS Sannamari,CHRISTENSEN Stefanie,3,1,"14,9,12,11|12,11,10,7",,WTT_CONTENDER,WT,276,Main Draw,CHRISTENSEN Stefanie (DEN),BOLENIUS Sannamari (SWE),BOLENIUS Sannamari
Luxembourg Open Luxembourg 2014,2014-04-16,MORET Rachel,DE NUTTE Sarah,3,2,"4,11,11,9|11,7,6,11",,WTT_CONTENDER,WT,276,Main Draw,DE NUTTE Sarah (LUX),MORET Rachel (SUI),MORET Rachel
Luxembourg Open Luxembourg 2014,2014-04-16,ASCHWANDEN Rahel,MUHLBACH Kathrin,3,0,"11,12,14|8,10,12",,WTT_CONTENDER,WT,276,Main Draw,MUHLBACH Kathrin (GER),ASCHWANDEN Rahel (SUI),ASCHWANDEN Rahel
Luxembourg Open Luxembourg 2014,2014-04-16,XIAO Maria,GONDERINGER Tessy,3,1,"11,11,12,11|9,4,14,6",,WTT_CONTENDER,WT,276,Main Draw,GONDERINGER Tessy (LUX),XIAO Maria (ESP),XIAO Maria
Luxembourg Open Luxembourg 2014,2014-04-16,KONSBRUCK Danielle,BOLENIUS Sannamari,3,1,"11,15,2,11|2,13,11,7",,WTT_CONTENDER,WT,276,Main Draw,KONSBRUCK Danielle (LUX),BOLENIUS Sannamari (SWE),KONSBRUCK Danielle
Luxembourg Open Luxembourg 2014,2014-04-16,XIAO Maria,MORET Rachel,3,0,"11,11,11|5,6,9",,WTT_CONTENDER,WT,276,Main Draw,MORET Rachel (SUI),XIAO Maria (ESP),XIAO Maria
Luxembourg Open Luxembourg 2014,2014-04-16,ASCHWANDEN Rahel,BOLENIUS Sannamari,3,2,"11,9,3,11|5,11,11,7",,WTT_CONTENDER,WT,276,Main Draw,ASCHWANDEN Rahel (SUI),BOLENIUS Sannamari (SWE),ASCHWANDEN Rahel
Luxembourg Open Luxembourg 2014,2014-04-16,AGERHOLM Pernille,THOMAS WU ZHANG Chloe Anna,3,2,"11,6,5,11|9,11,11,5",,WTT_CONTENDER,WT,276,Main Draw,AGERHOLM Pernille (DEN),THOMAS WU ZHANG Chloe Anna (WAL),AGERHOLM Pernille
Luxembourg Open Luxembourg 2014,2014-04-16,HALL Nicole,SONDERGAARD Pernille,3,1,"5,12,11,11|11,10,8,7",,WTT_CONTENDER,WT,276,Main Draw,SONDERGAARD Pernille (DEN),HALL Nicole (WAL),HALL Nicole
Luxembourg Open Luxembourg 2014,2014-04-16,AASEBO Marte,LAID Islem,3,1,"8,11,11,11|11,7,8,3",,WTT_CONTENDER,WT,276,Main Draw,LAID Islem (ALG),AASEBO Marte (NOR),AASEBO Marte
Luxembourg Open Luxembourg 2014,2014-04-16,AASEBO Anna,BOUGADOUM Chahinez,3,0,"11,11,11|4,7,3",,WTT_CONTENDER,WT,276,Main Draw,BOUGADOUM Chahinez (ALG),AASEBO Anna (NOR),AASEBO Anna
Luxembourg Open Luxembourg 2014,2014-04-16,ALEXANDRE Bruna,MEYER Sarah,3,0,"11,11,11|7,2,8",,WTT_CONTENDER,WT,276,Main Draw,MEYER Sarah (LUX),ALEXANDRE Bruna (BRA),ALEXANDRE Bruna
