tournament,date,player_a,player_b,score_a,score_b,game_scores,round,tier,sub_event,event_id,stage,player_a_raw,player_b_raw
ITTF Asian Championships Yogyakarta 2019,2019-09-15,MYANDAL Temuulen/BATBAYAR Doljinzuu,CHOWDHURY Manash/ALAM Moumita,3,0,"11,11,11|3,8,7",R64,OTHER,XD,2092,Main Draw,MYANDAL Temuulen (MGL) / BATBAYAR Doljinzuu (MGL),CHOWDHURY Manash (BAN) / ALAM Moumita (BAN)
ITTF Asian Championships Yogyakarta 2019,2019-09-15,AN Ji Song/KIM Nam Hae,WANG Tai-Wei/LIU Hsing-Yin,3,2,"11,11,10,4,11|4,4,12,11,8",R64,OTHER,XD,2092,Main Draw,AN Ji Song (PRK) / KIM Nam Hae (PRK),WANG Tai-Wei (TPE) / LIU Hsing-Yin (TPE)
ITTF Asian Championships Yogyakarta 2019,2019-09-15,GERASSIMENKO Kirill/LAVROVA Anastassiya,CHEONG Chi Cheng/TAO Chong,3,1,"11,7,11,11|4,11,8,8",R64,OTHER,XD,2092,Main Draw,GERASSIMENKO Kirill (KAZ) / LAVROVA Anastassiya (KAZ),CHEONG Chi Cheng (MAC) / TAO Chong (MAC)
ITTF Asian Championships Yogyakarta 2019,2019-09-15,WONG Qi Shen/HO Ying,HAMIE Mohamad/SAHAKIAN Mariana,3,1,"14,11,11,11|16,6,6,3",R64,OTHER,XD,2092,Main Draw,WONG Qi Shen (MAS) / HO Ying (MAS),HAMIE Mohamad (LBN) / SAHAKIAN Mariana (LBN)
ITTF Asian Championships Yogyakarta 2019,2019-09-15,PRAMUDYA Arfan Seina/WIDARAHMAN Novida,ALLANAZAROV Guychgeldi/NYYAZGYLYJOVA Oguljennet,3,0,"11,12,11|5,10,4",R64,OTHER,XD,2092,Main Draw,PRAMUDYA Arfan Seina (INA) / WIDARAHMAN Novida (INA),ALLANAZAROV Guychgeldi (TKM) / NYYAZGYLYJOVA Oguljennet (TKM)
ITTF Asian Championships Yogyakarta 2019,2019-09-15,ACHANTA Sharath/BATRA Manika,KENJAEV Zokhid/GUFRANOVA Rimma,3,0,"17,11,11|15,5,4",R64,OTHER,XD,2092,Main Draw,ACHANTA Sharath (IND) / BATRA Manika (IND),KENJAEV Zokhid (UZB) / GUFRANOVA Rimma (UZB)
ITTF Asian Championships Yogyakarta 2019,2019-09-15,CHOONG Javen/LYNE Karen,KENZHIGULOV Aidos/AKASHEVA Zauresh,3,2,"5,5,11,11,11|11,11,9,9,5",R64,OTHER,XD,2092,Main Draw,CHOONG Javen (MAS) / LYNE Karen (MAS),KENZHIGULOV Aidos (KAZ) / AKASHEVA Zauresh (KAZ)
ITTF Asian Championships Yogyakarta 2019,2019-09-15,SHRESTHA Santoo/SHRESTHA Nabita,JARGALSAIKHAN Munkhzorig/BATMUNKH Bolor-Erdene,3,0,"11,11,11|8,7,9",R64,OTHER,XD,2092,Main Draw,SHRESTHA Santoo (NEP) / SHRESTHA Nabita (NEP),JARGALSAIKHAN Munkhzorig (MGL) / BATMUNKH Bolor-Erdene (MGL)
ITTF Asian Championships Yogyakarta 2019,2019-09-15,WISUTMAYTHANGKOON Supanut/PARANANG Orawan,HE Chon Fai/LEI Wai Mei,3,0,"11,11,11|3,3,9",R64,OTHER,XD,2092,Main Draw,WISUTMAYTHANGKOON Supanut (THA) / PARANANG Orawan (THA),HE Chon Fai (MAC) / LEI Wai Mei (MAC)
ITTF Asian Championships Yogyakarta 2019,2019-09-15,CHO Daeseong/SHIN Yubin,HAM Yu Song/CHA Hyo Sim,3,2,"8,13,11,9,11|11,11,9,11,8",R64,OTHER,XD,2092,Main Draw,CHO Daeseong (KOR) / SHIN Yubin (KOR),HAM Yu Song (PRK) / CHA Hyo Sim (PRK)
ITTF Asian Championships Yogyakarta 2019,2019-09-15,GNANASEKARAN Sathiyan/KAMATH Archana,CHEAIB Dauud/KHOURY Malak,3,0,"11,11,11|3,5,2",R64,OTHER,XD,2092,Main Draw,GNANASEKARAN Sathiyan (IND) / KAMATH Archana (IND),CHEAIB Dauud (LBN) / KHOURY Malak (LBN)
ITTF Asian Championships Yogyakarta 2019,2019-09-15,XU Xin/LIU Shiwen,MYANDAL Temuulen/BATBAYAR Doljinzuu,3,0,"11,11,11|2,8,2",R32,OTHER,XD,2092,Main Draw,XU Xin (CHN) / LIU Shiwen (CHN),MYANDAL Temuulen (MGL) / BATBAYAR Doljinzuu (MGL)
ITTF Asian Championships Yogyakarta 2019,2019-09-15,TANVIRIYAVECHAKUL Padasak/SAWETTABUT Suthasini,MISAL John Russel/LAUDE Angelou Joyce,3,0,"11,11,11|7,3,1",R32,OTHER,XD,2092,Main Draw,TANVIRIYAVECHAKUL Padasak (THA) / SAWETTABUT Suthasini (THA),MISAL John Russel (PHI) / LAUDE Angelou Joyce (PHI)
ITTF Asian Championships Yogyakarta 2019,2019-09-15,AN Ji Song/KIM Nam Hae,ALDMAISY Zeyad/ABO-YAMAN Taimmaa,3,0,"11,11,11|5,4,6",R32,OTHER,XD,2092,Main Draw,AN Ji Song (PRK) / KIM Nam Hae (PRK),ALDMAISY Zeyad (JOR) / ABO-YAMAN Taimmaa (JOR)
ITTF Asian Championships Yogyakarta 2019,2019-09-15,HO Kwan Kit/LEE Ho Ching,GERASSIMENKO Kirill/LAVROVA Anastassiya,3,0,"11,11,11|2,7,6",R32,OTHER,XD,2092,Main Draw,HO Kwan Kit (HKG) / LEE Ho Ching (HKG),GERASSIMENKO Kirill (KAZ) / LAVROVA Anastassiya (KAZ)
ITTF Asian Championships Yogyakarta 2019,2019-09-15,TOGAMI Shunsuke/SHIBATA Saki,WONG Qi Shen/HO Ying,3,2,"9,11,11,8,12|11,4,9,11,10",R32,OTHER,XD,2092,Main Draw,TOGAMI Shunsuke (JPN) / SHIBATA Saki (JPN),WONG Qi Shen (MAS) / HO Ying (MAS)
ITTF Asian Championships Yogyakarta 2019,2019-09-15,PRAMUDYA Arfan Seina/WIDARAHMAN Novida,MALLA Amar/MAHARJAN Elina,3,2,"12,9,8,11,11|10,11,11,9,7",R32,OTHER,XD,2092,Main Draw,PRAMUDYA Arfan Seina (INA) / WIDARAHMAN Novida (INA),MALLA Amar (NEP) / MAHARJAN Elina (NEP)
ITTF Asian Championships Yogyakarta 2019,2019-09-15,POH Ethan/GOI Rui Xuan,SIRISENA Rohan/MADURANGI Ishara,3,0,"12,11,11|10,9,3",R32,OTHER,XD,2092,Main Draw,POH Ethan (SGP) / GOI Rui Xuan (SGP),SIRISENA Rohan (SRI) / MADURANGI Ishara (SRI)
ITTF Asian Championships Yogyakarta 2019,2019-09-15,LEE Sang Su/JEON Jihee,ACHANTA Sharath/BATRA Manika,3,0,"11,11,11|9,8,7",R32,OTHER,XD,2092,Main Draw,LEE Sang Su (KOR) / JEON Jihee (KOR),ACHANTA Sharath (IND) / BATRA Manika (IND)
ITTF Asian Championships Yogyakarta 2019,2019-09-15,WONG Chun Ting/DOO Hoi Kem,CHOONG Javen/LYNE Karen,3,0,"11,11,11|8,7,7",R32,OTHER,XD,2092,Main Draw,WONG Chun Ting (HKG) / DOO Hoi Kem (HKG),CHOONG Javen (MAS) / LYNE Karen (MAS)
ITTF Asian Championships Yogyakarta 2019,2019-09-15,PANG Koen/WONG Xin Ru,WARUSAWITHANA Supuna/WARUSAWITHANA Erandi,3,0,"11,11,11|6,7,8",R32,OTHER,XD,2092,Main Draw,PANG Koen (SGP) / WONG Xin Ru (SGP),WARUSAWITHANA Supuna (SRI) / WARUSAWITHANA Erandi (SRI)
ITTF Asian Championships Yogyakarta 2019,2019-09-15,MAMONTO Syahrizal Nauval Akbar/AMINAH Siti,TESHABOEV Kutbidillo/KIM Regina,3,2,"11,11,2,9,11|5,7,11,11,8",R32,OTHER,XD,2092,Main Draw,MAMONTO Syahrizal Nauval Akbar (INA) / AMINAH Siti (INA),TESHABOEV Kutbidillo (UZB) / KIM Regina (UZB)
ITTF Asian Championships Yogyakarta 2019,2019-09-15,UDA Yukiya/KATO Miyu,SHRESTHA Santoo/SHRESTHA Nabita,3,0,"11,11,11|6,8,1",R32,OTHER,XD,2092,Main Draw,UDA Yukiya (JPN) / KATO Miyu (JPN),SHRESTHA Santoo (NEP) / SHRESTHA Nabita (NEP)
ITTF Asian Championships Yogyakarta 2019,2019-09-15,CHEN Chien-An/CHEN Szu-Yu,WISUTMAYTHANGKOON Supanut/PARANANG Orawan,3,2,"9,11,7,11,11|11,9,11,8,9",R32,OTHER,XD,2092,Main Draw,CHEN Chien-An (TPE) / CHEN Szu-Yu (TPE),WISUTMAYTHANGKOON Supanut (THA) / PARANANG Orawan (THA)
ITTF Asian Championships Yogyakarta 2019,2019-09-15,CHO Daeseong/SHIN Yubin,GARYAGDYYEV Emir/BALLYYEVA Enejan,3,0,"11,11,11|6,4,5",R32,OTHER,XD,2092,Main Draw,CHO Daeseong (KOR) / SHIN Yubin (KOR),GARYAGDYYEV Emir (TKM) / BALLYYEVA Enejan (TKM)
ITTF Asian Championships Yogyakarta 2019,2019-09-15,JACOLO Ryan Rodney/DAEL Emy Rose,RIDOY Mohutasin/SOMA Sonam,3,0,"11,11,11|8,5,9",R32,OTHER,XD,2092,Main Draw,JACOLO Ryan Rodney (PHI) / DAEL Emy Rose (PHI),RIDOY Mohutasin (BAN) / SOMA Sonam (BAN)
ITTF Asian Championships Yogyakarta 2019,2019-09-15,WANG Chuqin/SUN Yingsha,GNANASEKARAN Sathiyan/KAMATH Archana,3,0,"11,11,13|7,9,11",R32,OTHER,XD,2092,Main Draw,WANG Chuqin (CHN) / SUN Yingsha (CHN),GNANASEKARAN Sathiyan (IND) / KAMATH Archana (IND)
ITTF Asian Championships Yogyakarta 2019,2019-09-15,XU Xin/LIU Shiwen,TANVIRIYAVECHAKUL Padasak/SAWETTABUT Suthasini,3,0,"11,11,11|3,4,7",R16,OTHER,XD,2092,Main Draw,XU Xin (CHN) / LIU Shiwen (CHN),TANVIRIYAVECHAKUL Padasak (THA) / SAWETTABUT Suthasini (THA)
ITTF Asian Championships Yogyakarta 2019,2019-09-15,HO Kwan Kit/LEE Ho Ching,AN Ji Song/KIM Nam Hae,3,0,"11,16,11|7,14,7",R16,OTHER,XD,2092,Main Draw,HO Kwan Kit (HKG) / LEE Ho Ching (HKG),AN Ji Song (PRK) / KIM Nam Hae (PRK)
ITTF Asian Championships Yogyakarta 2019,2019-09-15,TOGAMI Shunsuke/SHIBATA Saki,PRAMUDYA Arfan Seina/WIDARAHMAN Novida,3,0,"11,11,11|6,2,3",R16,OTHER,XD,2092,Main Draw,TOGAMI Shunsuke (JPN) / SHIBATA Saki (JPN),PRAMUDYA Arfan Seina (INA) / WIDARAHMAN Novida (INA)
ITTF Asian Championships Yogyakarta 2019,2019-09-15,LEE Sang Su/JEON Jihee,POH Ethan/GOI Rui Xuan,3,2,"11,6,11,9,11|6,11,6,11,8",R16,OTHER,XD,2092,Main Draw,LEE Sang Su (KOR) / JEON Jihee (KOR),POH Ethan (SGP) / GOI Rui Xuan (SGP)
ITTF Asian Championships Yogyakarta 2019,2019-09-15,WONG Chun Ting/DOO Hoi Kem,PANG Koen/WONG Xin Ru,3,0,"11,11,12|4,5,10",R16,OTHER,XD,2092,Main Draw,WONG Chun Ting (HKG) / DOO Hoi Kem (HKG),PANG Koen (SGP) / WONG Xin Ru (SGP)
ITTF Asian Championships Yogyakarta 2019,2019-09-15,UDA Yukiya/KATO Miyu,MAMONTO Syahrizal Nauval Akbar/AMINAH Siti,3,0,"11,11,11|6,6,2",R16,OTHER,XD,2092,Main Draw,UDA Yukiya (JPN) / KATO Miyu (JPN),MAMONTO Syahrizal Nauval Akbar (INA) / AMINAH Siti (INA)
ITTF Asian Championships Yogyakarta 2019,2019-09-15,CHO Daeseong/SHIN Yubin,CHEN Chien-An/CHEN Szu-Yu,3,0,"11,11,11|7,7,6",R16,OTHER,XD,2092,Main Draw,CHO Daeseong (KOR) / SHIN Yubin (KOR),CHEN Chien-An (TPE) / CHEN Szu-Yu (TPE)
ITTF Asian Championships Yogyakarta 2019,2019-09-15,WANG Chuqin/SUN Yingsha,JACOLO Ryan Rodney/DAEL Emy Rose,3,0,"11,11,11|8,4,1",R16,OTHER,XD,2092,Main Draw,WANG Chuqin (CHN) / SUN Yingsha (CHN),JACOLO Ryan Rodney (PHI) / DAEL Emy Rose (PHI)
ITTF Asian Championships Yogyakarta 2019,2019-09-15,WARNAKULASURIYA Jithara,CHEUNG Pui Man,3,1,"11,11,18,11|6,9,20,8",R128,OTHER,WS,2092,Main Draw,CHEUNG Pui Man (MAC),WARNAKULASURIYA Jithara (SRI)
ITTF Asian Championships Yogyakarta 2019,2019-09-15,ZHU Chengzhu,SAWETTABUT Suthasini,3,0,"11,11,11|8,3,6",R128,OTHER,WS,2092,Main Draw,ZHU Chengzhu (HKG),SAWETTABUT Suthasini (THA)
ITTF Asian Championships Yogyakarta 2019,2019-09-15,SAMET Mahshid,KHOURY Malak,3,1,"9,11,11,12|11,6,9,10",R128,OTHER,WS,2092,Main Draw,SAMET Mahshid (IRI),KHOURY Malak (LBN)
ITTF Asian Championships Yogyakarta 2019,2019-09-15,WIDARAHMAN Novida,DURDYYEVA Menli,3,0,"11,11,11|3,2,2",R128,OTHER,WS,2092,Main Draw,DURDYYEVA Menli (TKM),WIDARAHMAN Novida (INA)
ITTF Asian Championships Yogyakarta 2019,2019-09-15,NORKULOVA Mekhriniso,ALDMAISY Yara,3,0,"11,11,11|5,5,8",R128,OTHER,WS,2092,Main Draw,ALDMAISY Yara (JOR),NORKULOVA Mekhriniso (UZB)
ITTF Asian Championships Yogyakarta 2019,2019-09-15,KIM Jinju,SYAHRANI Tyas,3,0,"11,12,11|3,10,1",R128,OTHER,WS,2092,Main Draw,SYAHRANI Tyas (INA),KIM Jinju (PRK)
ITTF Asian Championships Yogyakarta 2019,2019-09-15,CRUZ Kheith,MUNKHBAT Undram,3,0,"0,0,0|0,0,0",R128,OTHER,WS,2092,Main Draw,MUNKHBAT Undram (MGL),CRUZ Kheith (PHI)
ITTF Asian Championships Yogyakarta 2019,2019-09-15,MAHARJAN Elina,NAJAFI Nooria,3,0,"11,11,11|5,3,5",R128,OTHER,WS,2092,Main Draw,MAHARJAN Elina (NEP),NAJAFI Nooria (AFG)
ITTF Asian Championships Yogyakarta 2019,2019-09-15,LYNE Karen,NIMAL Fathimath,3,1,"11,8,11,12|8,11,5,10",R128,OTHER,WS,2092,Main Draw,LYNE Karen (MAS),NIMAL Fathimath (MDV)
ITTF Asian Championships Yogyakarta 2019,2019-09-15,KIM Nam Hae,BANDARA Bimandee,3,0,"11,11,11|3,5,4",R128,OTHER,WS,2092,Main Draw,KIM Nam Hae (PRK),BANDARA Bimandee (SRI)
ITTF Asian Championships Yogyakarta 2019,2019-09-15,SHIBATA Saki,SAWETTABUT Jinnipa,3,1,"11,10,11,11|3,12,5,3",R128,OTHER,WS,2092,Main Draw,SHIBATA Saki (JPN),SAWETTABUT Jinnipa (THA)
ITTF Asian Championships Yogyakarta 2019,2019-09-15,TEE Ai Xin,SAFAEI Shima,3,2,"9,5,11,11,11|11,11,7,9,8",R128,OTHER,WS,2092,Main Draw,SAFAEI Shima (IRI),TEE Ai Xin (MAS)
ITTF Asian Championships Yogyakarta 2019,2019-09-15,CHENG Hsien-Tzu,ALAM Moumita,3,0,"11,11,11|3,6,1",R128,OTHER,WS,2092,Main Draw,ALAM Moumita (BAN),CHENG Hsien-Tzu (TPE)
ITTF Asian Championships Yogyakarta 2019,2019-09-15,LIN Ye,GUFRANOVA Rimma,3,1,"11,13,9,11|8,11,11,7",R128,OTHER,WS,2092,Main Draw,GUFRANOVA Rimma (UZB),LIN Ye (CAN)
ITTF Asian Championships Yogyakarta 2019,2019-09-15,KHUSSEINOVA Gulchekhra,KECHICHIAN Noel,3,1,"5,11,11,11|11,9,4,3",R128,OTHER,WS,2092,Main Draw,KHUSSEINOVA Gulchekhra (KAZ),KECHICHIAN Noel (LBN)
ITTF Asian Championships Yogyakarta 2019,2019-09-15,AMINAH Siti,LEI Wai Mei,3,0,"11,12,11|6,10,8",R128,OTHER,WS,2092,Main Draw,LEI Wai Mei (MAC),AMINAH Siti (INA)
ITTF Asian Championships Yogyakarta 2019,2019-09-15,ALI Fathimath,BALLYYEVA Enejan,3,1,"11,11,8,11|6,8,11,9",R128,OTHER,WS,2092,Main Draw,ALI Fathimath (MDV),BALLYYEVA Enejan (TKM)
ITTF Asian Championships Yogyakarta 2019,2019-09-15,BATRA Manika,BATSAIKHAN Khongorzul,3,0,"11,11,11|8,4,4",R128,OTHER,WS,2092,Main Draw,BATSAIKHAN Khongorzul (MGL),BATRA Manika (IND)
ITTF Asian Championships Yogyakarta 2019,2019-09-15,SOO Wai Yam,SHRESTHA Nabita,3,0,"11,11,12|5,3,10",R128,OTHER,WS,2092,Main Draw,SHRESTHA Nabita (NEP),SOO Wai Yam (HKG)
ITTF Asian Championships Yogyakarta 2019,2019-09-15,PYON Song Gyong,CHAU Wing Sze,3,1,"2,11,11,11|11,9,4,7",R128,OTHER,WS,2092,Main Draw,PYON Song Gyong (PRK),CHAU Wing Sze (HKG)
ITTF Asian Championships Yogyakarta 2019,2019-09-15,FADOL Rose Jean,SOMA Sonam,3,0,"11,11,11|6,5,7",R128,OTHER,WS,2092,Main Draw,FADOL Rose Jean (PHI),SOMA Sonam (BAN)
ITTF Asian Championships Yogyakarta 2019,2019-09-15,YU Mengyu,SU Pei-Ling,3,0,"11,11,11|2,7,4",R128,OTHER,WS,2092,Main Draw,YU Mengyu (SGP),SU Pei-Ling (TPE)
ITTF Asian Championships Yogyakarta 2019,2019-09-15,MUKHERJEE Sutirtha,BATMUNKH Bolor-Erdene,3,1,"11,11,5,11|3,6,11,7",R128,OTHER,WS,2092,Main Draw,BATMUNKH Bolor-Erdene (MGL),MUKHERJEE Sutirtha (IND)
ITTF Asian Championships Yogyakarta 2019,2019-09-15,MADURANGI Ishara,LEONG Kit Weng,3,0,"11,11,11|4,7,5",R128,OTHER,WS,2092,Main Draw,MADURANGI Ishara (SRI),LEONG Kit Weng (MAC)
ITTF Asian Championships Yogyakarta 2019,2019-09-15,KIM Regina,NYYAZGYLYJOVA Oguljennet,3,1,"11,11,7,11|4,9,11,4",R128,OTHER,WS,2092,Main Draw,NYYAZGYLYJOVA Oguljennet (TKM),KIM Regina (UZB)
ITTF Asian Championships Yogyakarta 2019,2019-09-15,LEE Eunhye,KOMWONG Nanthana,3,0,"11,11,11|6,7,6",R128,OTHER,WS,2092,Main Draw,KOMWONG Nanthana (THA),LEE Eunhye (KOR)
ITTF Asian Championships Yogyakarta 2019,2019-09-15,SHAHSAVARI Neda,AZ HARI Gading Putri,3,0,"11,11,11|9,4,4",R128,OTHER,WS,2092,Main Draw,AZ HARI Gading Putri (INA),SHAHSAVARI Neda (IRI)
ITTF Asian Championships Yogyakarta 2019,2019-09-15,YANG Ha Eun,WARUSAWITHANA Erandi,3,0,"11,11,11|5,2,3",R128,OTHER,WS,2092,Main Draw,WARUSAWITHANA Erandi (SRI),YANG Ha Eun (KOR)
ITTF Asian Championships Yogyakarta 2019,2019-09-15,HO Ying,ABO-YAMAN Taimmaa,3,0,"11,11,11|8,3,5",R128,OTHER,WS,2092,Main Draw,HO Ying (MAS),ABO-YAMAN Taimmaa (JOR)
ITTF Asian Championships Yogyakarta 2019,2019-09-15,DAEL Emy Rose,AL-WEDIAN Bara,3,0,"11,11,11|7,4,3",R128,OTHER,WS,2092,Main Draw,DAEL Emy Rose (PHI),AL-WEDIAN Bara (JOR)
ITTF Asian Championships Yogyakarta 2019,2019-09-15,SAHAKIAN Mariana,JAMALIFAR Fatemeh,3,1,"10,11,11,11|12,7,6,2",R128,OTHER,WS,2092,Main Draw,SAHAKIAN Mariana (LBN),JAMALIFAR Fatemeh (IRI)
ITTF Asian Championships Yogyakarta 2019,2019-09-15,GOI Rui Xuan,TAO Chong,3,0,"11,11,11|1,6,7",R128,OTHER,WS,2092,Main Draw,TAO Chong (MAC),GOI Rui Xuan (SGP)
ITTF Asian Championships Yogyakarta 2019,2019-09-15,MUKHERJEE Ayhika,LAUDE Angelou Joyce,3,1,"11,11,6,11|5,7,11,6",R128,OTHER,WS,2092,Main Draw,LAUDE Angelou Joyce (PHI),MUKHERJEE Ayhika (IND)
ITTF Asian Championships Yogyakarta 2019,2019-09-15,BATBAYAR Doljinzuu,KHADJIEVA Rozalina,3,2,"11,10,9,11,11|5,12,11,6,8",R128,OTHER,WS,2092,Main Draw,KHADJIEVA Rozalina (UZB),BATBAYAR Doljinzuu (MGL)
ITTF Asian Championships Yogyakarta 2019,2019-09-15,PARANANG Orawan,KHALIF ILMA Isna Syafira,3,0,"11,11,11|6,4,9",R128,OTHER,WS,2092,Main Draw,KHALIF ILMA Isna Syafira (INA),PARANANG Orawan (THA)
ITTF Asian Championships Yogyakarta 2019,2019-09-15,CHA Hyo Sim,AKTER Rahima,3,0,"11,11,11|3,3,2",R128,OTHER,WS,2092,Main Draw,AKTER Rahima (BAN),CHA Hyo Sim (PRK)
ITTF Asian Championships Yogyakarta 2019,2019-09-15,CHANG Li Sian,ISMAIL Laisa,3,0,"11,11,11|3,9,4",R128,OTHER,WS,2092,Main Draw,ISMAIL Laisa (MDV),CHANG Li Sian (MAS)
ITTF Asian Championships Yogyakarta 2019,2019-09-15,ZHAMAL Bekulan/KENZHIGULOV Aidos,CHEONG Chi Cheng/CHEONG Chi Chon,3,0,"11,13,12|7,11,10",R64,OTHER,MD,2092,Main Draw,ZHAMAL Bekulan (KAZ) / KENZHIGULOV Aidos (KAZ),CHEONG Chi Cheng (MAC) / CHEONG Chi Chon (MAC)
ITTF Asian Championships Yogyakarta 2019,2019-09-15,KIM Ok Chan/AN Ji Song,AL-ABBAD Abdulaziz/ALSHARIF Mohammed,3,0,"11,11,11|4,5,6",R64,OTHER,MD,2092,Main Draw,KIM Ok Chan (PRK) / AN Ji Song (PRK),AL-ABBAD Abdulaziz (KSA) / ALSHARIF Mohammed (KSA)
ITTF Asian Championships Yogyakarta 2019,2019-09-15,CHOONG Javen/WONG Qi Shen,HAMIE Mohamad/CHEAIB Dauud,3,1,"12,11,4,11|10,9,11,6",R64,OTHER,MD,2092,Main Draw,CHOONG Javen (MAS) / WONG Qi Shen (MAS),HAMIE Mohamad (LBN) / CHEAIB Dauud (LBN)
ITTF Asian Championships Yogyakarta 2019,2019-09-15,CHEN Chien-An/PENG Wang-Wei,WARUSAWITHANA Supuna/SILVA Senura,3,0,"11,11,11|6,4,5",R64,OTHER,MD,2092,Main Draw,CHEN Chien-An (TPE) / PENG Wang-Wei (TPE),WARUSAWITHANA Supuna (SRI) / SILVA Senura (SRI)
ITTF Asian Championships Yogyakarta 2019,2019-09-15,WISUTMAYTHANGKOON Supanut/TANVIRIYAVECHAKUL Padasak,KENJAEV Zokhid/TYAN Stanislav,3,1,"11,11,5,11|3,7,11,8",R64,OTHER,MD,2092,Main Draw,WISUTMAYTHANGKOON Supanut (THA) / TANVIRIYAVECHAKUL Padasak (THA),KENJAEV Zokhid (UZB) / TYAN Stanislav (UZB)
ITTF Asian Championships Yogyakarta 2019,2019-09-15,SALAMEH Mohammad/KHADER Khaled,AL-HASAN Ibrahem/AL-HASAN Salem,3,0,"0,0,0|0,0,0",R64,OTHER,MD,2092,Main Draw,SALAMEH Mohammad (JOR) / KHADER Khaled (JOR),AL-HASAN Ibrahem (KUW) / AL-HASAN Salem (KUW)
ITTF Asian Championships Yogyakarta 2019,2019-09-15,ADASA Japheth/JACOLO Ryan Rodney,ALYASSI Alyas/SALEH Mohamed,3,1,"11,9,12,11|8,11,10,7",R64,OTHER,MD,2092,Main Draw,ADASA Japheth (PHI) / JACOLO Ryan Rodney (PHI),ALYASSI Alyas (BRN) / SALEH Mohamed (BRN)
ITTF Asian Championships Yogyakarta 2019,2019-09-15,YOSHIMURA Maharu/TOGAMI Shunsuke,NIMAN Rafanael/ANNAFI Hafidh Nuur,3,0,"11,11,11|9,9,5",R64,OTHER,MD,2092,Main Draw,YOSHIMURA Maharu (JPN) / TOGAMI Shunsuke (JPN),NIMAN Rafanael (INA) / ANNAFI Hafidh Nuur (INA)
ITTF Asian Championships Yogyakarta 2019,2019-09-15,POH Ethan/BEH Kun Ting,SHRESTHA Santoo/KAPALI Sanyog,3,0,"11,11,11|2,5,2",R64,OTHER,MD,2092,Main Draw,POH Ethan (SGP) / BEH Kun Ting (SGP),SHRESTHA Santoo (NEP) / KAPALI Sanyog (NEP)
ITTF Asian Championships Yogyakarta 2019,2019-09-15,AHMEDOV Rashid/AHMEDOV Ravil,SARHAN Zubair/ALBLOOSHI Essa,3,1,"5,11,11,12|11,5,5,10",R64,OTHER,MD,2092,Main Draw,AHMEDOV Rashid (TKM) / AHMEDOV Ravil (TKM),SARHAN Zubair (UAE) / ALBLOOSHI Essa (UAE)
ITTF Asian Championships Yogyakarta 2019,2019-09-15,PARAG Masud Rana/CHOWDHURY Manash,GANBAATAR Bat-Ireedui/MYANDAL Temuulen,3,0,"0,0,0|0,0,0",R64,OTHER,MD,2092,Main Draw,PARAG Masud Rana (BAN) / CHOWDHURY Manash (BAN),GANBAATAR Bat-Ireedui (MGL) / MYANDAL Temuulen (MGL)
ITTF Asian Championships Yogyakarta 2019,2019-09-15,RI Jong Sik/HAM Yu Song,TESHABOEV Kutbidillo/RAKHIMBERGANOV Jamshchid,3,1,"11,8,11,11|8,11,5,4",R64,OTHER,MD,2092,Main Draw,RI Jong Sik (PRK) / HAM Yu Song (PRK),TESHABOEV Kutbidillo (UZB) / RAKHIMBERGANOV Jamshchid (UZB)
ITTF Asian Championships Yogyakarta 2019,2019-09-15,CHUA Josh/PANG Koen,GANKHUYAG Ser-Od/JARGALSAIKHAN Munkhzorig,3,0,"11,11,11|7,9,1",R64,OTHER,MD,2092,Main Draw,CHUA Josh (SGP) / PANG Koen (SGP),GANKHUYAG Ser-Od (MGL) / JARGALSAIKHAN Munkhzorig (MGL)
ITTF Asian Championships Yogyakarta 2019,2019-09-15,LIAO Cheng-Ting/WANG Tai-Wei,TAHER Omar/TAHER Mohammed,3,0,"0,0,0|0,0,0",R64,OTHER,MD,2092,Main Draw,LIAO Cheng-Ting (TPE) / WANG Tai-Wei (TPE),TAHER Omar (IRQ) / TAHER Mohammed (IRQ)
ITTF Asian Championships Yogyakarta 2019,2019-09-15,ALBALOOSHI Abdulla/ALBALUSHI Salah,AL-MOHANNADI Ahmad Khalil/ABDELWAHAB Mohamed,3,0,"0,0,0|0,0,0",R64,OTHER,MD,2092,Main Draw,ALBALOOSHI Abdulla (UAE) / ALBALUSHI Salah (UAE),AL-MOHANNADI Ahmad Khalil (QAT) / ABDELWAHAB Mohamed (QAT)
ITTF Asian Championships Yogyakarta 2019,2019-09-15,LAM Siu Hang/NG Pak Nam,BU SHULAYBI Abdulaziz/ALKHADRAWI Ali,3,0,"11,11,11|6,5,9",R64,OTHER,MD,2092,Main Draw,LAM Siu Hang (HKG) / NG Pak Nam (HKG),BU SHULAYBI Abdulaziz (KSA) / ALKHADRAWI Ali (KSA)
ITTF Asian Championships Yogyakarta 2019,2019-09-15,PASSARA Pattaratorn/PANAGITGUN Yanapong,MAMONTO Syahrizal Nauval Akbar/PRAMUDYA Arfan Seina,3,0,"11,12,11|6,10,7",R64,OTHER,MD,2092,Main Draw,PASSARA Pattaratorn (THA) / PANAGITGUN Yanapong (THA),MAMONTO Syahrizal Nauval Akbar (INA) / PRAMUDYA Arfan Seina (INA)
ITTF Asian Championships Yogyakarta 2019,2019-09-15,ABO YAMAN Zaid/ALDMAISY Zeyad,HE Chon Fai/KOU CHEONG Chak,3,2,"11,8,11,8,11|7,11,3,11,8",R64,OTHER,MD,2092,Main Draw,ABO YAMAN Zaid (JOR) / ALDMAISY Zeyad (JOR),HE Chon Fai (MAC) / KOU CHEONG Chak (MAC)
ITTF Asian Championships Yogyakarta 2019,2019-09-15,XU Xin/LIU Shiwen,HO Kwan Kit/LEE Ho Ching,3,0,"11,11,11|8,3,5",QF,OTHER,XD,2092,Main Draw,XU Xin (CHN) / LIU Shiwen (CHN),HO Kwan Kit (HKG) / LEE Ho Ching (HKG)
ITTF Asian Championships Yogyakarta 2019,2019-09-15,LEE Sang Su/JEON Jihee,TOGAMI Shunsuke/SHIBATA Saki,3,0,"11,11,12|3,2,10",QF,OTHER,XD,2092,Main Draw,LEE Sang Su (KOR) / JEON Jihee (KOR),TOGAMI Shunsuke (JPN) / SHIBATA Saki (JPN)
ITTF Asian Championships Yogyakarta 2019,2019-09-15,WONG Chun Ting/DOO Hoi Kem,UDA Yukiya/KATO Miyu,3,1,"11,11,2,11|7,6,11,6",QF,OTHER,XD,2092,Main Draw,WONG Chun Ting (HKG) / DOO Hoi Kem (HKG),UDA Yukiya (JPN) / KATO Miyu (JPN)
ITTF Asian Championships Yogyakarta 2019,2019-09-15,WANG Chuqin/SUN Yingsha,CHO Daeseong/SHIN Yubin,3,1,"11,4,11,11|5,11,4,9",QF,OTHER,XD,2092,Main Draw,WANG Chuqin (CHN) / SUN Yingsha (CHN),CHO Daeseong (KOR) / SHIN Yubin (KOR)
ITTF Asian Championships Yogyakarta 2019,2019-09-15,GINIGE Chameera/SIRISENA Rohan,ALRASHIDI Marzooq/AL-BALHAN Jaber,3,0,"11,12,11|9,10,9",R64,OTHER,MD,2092,Main Draw,GINIGE Chameera (SRI) / SIRISENA Rohan (SRI),ALRASHIDI Marzooq (KUW) / AL-BALHAN Jaber (KUW)
ITTF Asian Championships Yogyakarta 2019,2019-09-15,MURTADHA Husain/RASHED Rashed,GOH Christopher/LING Yi Heng Amos,3,2,"11,6,11,6,12|8,11,5,11,10",R64,OTHER,MD,2092,Main Draw,MURTADHA Husain (BRN) / RASHED Rashed (BRN),GOH Christopher (MAS) / LING Yi Heng Amos (MAS)
ITTF Asian Championships Yogyakarta 2019,2019-09-15,NAYRE Jann Mari/MISAL John Russel,MOHAMADIAN Hossain/HOSSEINI Mohammad,3,0,"11,11,11|5,4,5",R64,OTHER,MD,2092,Main Draw,NAYRE Jann Mari (PHI) / MISAL John Russel (PHI),MOHAMADIAN Hossain (AFG) / HOSSEINI Mohammad (AFG)
ITTF Asian Championships Yogyakarta 2019,2019-09-15,AITAHUNOV Abdyljan/AKHMEDZHANOV Mukhammed,GARYAGDYYEV Emir/ALLANAZAROV Guychgeldi,3,2,"11,6,11,8,11|4,11,4,11,8",R64,OTHER,MD,2092,Main Draw,AITAHUNOV Abdyljan (KGZ) / AKHMEDZHANOV Mukhammed (KGZ),GARYAGDYYEV Emir (TKM) / ALLANAZAROV Guychgeldi (TKM)
ITTF Asian Championships Yogyakarta 2019,2019-09-15,AHMADIAN Amin/HODAEI Amir Hossein,DOUFESH Husam/MASALMA Fadi,3,2,"11,13,11,8,11|6,15,6,11,6",R64,OTHER,MD,2092,Main Draw,AHMADIAN Amin (IRI) / HODAEI Amir Hossein (IRI),DOUFESH Husam (PLE) / MASALMA Fadi (PLE)
ITTF Asian Championships Yogyakarta 2019,2019-09-15,AMINAH Siti/WIDARAHMAN Novida,NORKULOVA Mekhriniso/KHADJIEVA Rozalina,3,0,"11,12,11|6,10,7",R64,OTHER,WD,2092,Main Draw,AMINAH Siti (INA) / WIDARAHMAN Novida (INA),NORKULOVA Mekhriniso (UZB) / KHADJIEVA Rozalina (UZB)
ITTF Asian Championships Yogyakarta 2019,2019-09-15,SAHAKIAN Mariana/KHOURY Malak,BATSAIKHAN Khongorzul/BATBAYAR Doljinzuu,3,2,"6,8,11,11,11|11,11,2,7,6",R64,OTHER,WD,2092,Main Draw,SAHAKIAN Mariana (LBN) / KHOURY Malak (LBN),BATSAIKHAN Khongorzul (MGL) / BATBAYAR Doljinzuu (MGL)
ITTF Asian Championships Yogyakarta 2019,2019-09-15,KAMATH Archana/BATRA Manika,LAVROVA Anastassiya/KHUSSEINOVA Gulchekhra,3,1,"11,9,11,11|4,11,6,5",R64,OTHER,WD,2092,Main Draw,KAMATH Archana (IND) / BATRA Manika (IND),LAVROVA Anastassiya (KAZ) / KHUSSEINOVA Gulchekhra (KAZ)
ITTF Asian Championships Yogyakarta 2019,2019-09-15,WARUSAWITHANA Erandi/WARNAKULASURIYA Jithara,ABO-YAMAN Taimmaa/AL-WEDIAN Bara,3,0,"11,11,11|5,9,7",R64,OTHER,WD,2092,Main Draw,WARUSAWITHANA Erandi (SRI) / WARNAKULASURIYA Jithara (SRI),ABO-YAMAN Taimmaa (JOR) / AL-WEDIAN Bara (JOR)
ITTF Asian Championships Yogyakarta 2019,2019-09-15,PYON Song Gyong/KIM Jinju,ALI Fathimath/NAZIM Aishath,3,1,"11,11,9,11|4,4,11,2",R64,OTHER,WD,2092,Main Draw,PYON Song Gyong (PRK) / KIM Jinju (PRK),ALI Fathimath (MDV) / NAZIM Aishath (MDV)
ITTF Asian Championships Yogyakarta 2019,2019-09-15,WANG Tai-Wei,MISAL John Russel,3,0,"11,11,11|4,2,8",R256,OTHER,MS,2092,Main Draw,WANG Tai-Wei (TPE),MISAL John Russel (PHI)
ITTF Asian Championships Yogyakarta 2019,2019-09-15,PATKAR Madhurika/MUKHERJEE Sutirtha,TAO Chong/LEI Wai Mei,3,0,"11,11,11|2,4,4",R64,OTHER,WD,2092,Main Draw,PATKAR Madhurika (IND) / MUKHERJEE Sutirtha (IND),TAO Chong (MAC) / LEI Wai Mei (MAC)
ITTF Asian Championships Yogyakarta 2019,2019-09-15,LEE Eunhye/YOO Eunchong,LAUDE Angelou Joyce/CRUZ Kheith,3,0,"11,11,11|3,4,9",R64,OTHER,WD,2092,Main Draw,LEE Eunhye (KOR) / YOO Eunchong (KOR),LAUDE Angelou Joyce (PHI) / CRUZ Kheith (PHI)
ITTF Asian Championships Yogyakarta 2019,2019-09-15,PARANANG Orawan/SAWETTABUT Suthasini,MADURANGI Ishara/BANDARA Bimandee,3,0,"11,11,11|3,5,8",R64,OTHER,WD,2092,Main Draw,PARANANG Orawan (THA) / SAWETTABUT Suthasini (THA),MADURANGI Ishara (SRI) / BANDARA Bimandee (SRI)
ITTF Asian Championships Yogyakarta 2019,2019-09-15,BALLYYEVA Enejan/NYYAZGYLYJOVA Oguljennet,MUNKHBAT Undram/BATMUNKH Bolor-Erdene,3,0,"11,11,11|0,0,0",R64,OTHER,WD,2092,Main Draw,BALLYYEVA Enejan (TKM) / NYYAZGYLYJOVA Oguljennet (TKM),MUNKHBAT Undram (MGL) / BATMUNKH Bolor-Erdene (MGL)
ITTF Asian Championships Yogyakarta 2019,2019-09-15,ISMAIL Laisa/NIMAL Fathimath,NAJAFI Nooria/ELYASSI Marwa,3,0,"11,11,11|0,0,0",R64,OTHER,WD,2092,Main Draw,ISMAIL Laisa (MDV) / NIMAL Fathimath (MDV),NAJAFI Nooria (AFG) / ELYASSI Marwa (AFG)
ITTF Asian Championships Yogyakarta 2019,2019-09-15,KIM Nam Hae/CHA Hyo Sim,SYAHRANI Tyas,3,0,"11,11,11|5,3,1",R64,OTHER,WD,2092,Main Draw,KIM Nam Hae (PRK) / CHA Hyo Sim (PRK),SYAHRANI Tyas (INA)
ITTF Asian Championships Yogyakarta 2019,2019-09-15,WONG Chun Ting/HO Kwan Kit,PARAG Masud Rana/CHOWDHURY Manash,3,0,"11,11,11|3,7,7",R32,OTHER,MD,2092,Main Draw,WONG Chun Ting (HKG) / HO Kwan Kit (HKG),PARAG Masud Rana (BAN) / CHOWDHURY Manash (BAN)
ITTF Asian Championships Yogyakarta 2019,2019-09-15,FAN Zhendong/XU Xin,ZHAMAL Bekulan/KENZHIGULOV Aidos,3,0,"11,11,11|2,5,5",R32,OTHER,MD,2092,Main Draw,FAN Zhendong (CHN) / XU Xin (CHN),ZHAMAL Bekulan (KAZ) / KENZHIGULOV Aidos (KAZ)
ITTF Asian Championships Yogyakarta 2019,2019-09-15,KIM Ok Chan/AN Ji Song,CHOONG Javen/WONG Qi Shen,3,1,"11,11,11,11|13,6,5,5",R32,OTHER,MD,2092,Main Draw,KIM Ok Chan (PRK) / AN Ji Song (PRK),CHOONG Javen (MAS) / WONG Qi Shen (MAS)
ITTF Asian Championships Yogyakarta 2019,2019-09-15,CHEN Chien-An/PENG Wang-Wei,DESAI Harmeet/ANTHONY Amalraj,3,2,"5,11,3,11,11|11,7,11,8,6",R32,OTHER,MD,2092,Main Draw,CHEN Chien-An (TPE) / PENG Wang-Wei (TPE),DESAI Harmeet (IND) / ANTHONY Amalraj (IND)
ITTF Asian Championships Yogyakarta 2019,2019-09-15,JANG Woojin/CHO Daeseong,WISUTMAYTHANGKOON Supanut/TANVIRIYAVECHAKUL Padasak,3,0,"11,11,11|6,6,5",R32,OTHER,MD,2092,Main Draw,JANG Woojin (KOR) / CHO Daeseong (KOR),WISUTMAYTHANGKOON Supanut (THA) / TANVIRIYAVECHAKUL Padasak (THA)
ITTF Asian Championships Yogyakarta 2019,2019-09-15,ALAMIAN Nima/ALAMIYAN Noshad,SALAMEH Mohammad/KHADER Khaled,3,1,"11,11,9,11|9,8,11,9",R32,OTHER,MD,2092,Main Draw,ALAMIAN Nima (IRI) / ALAMIYAN Noshad (IRI),SALAMEH Mohammad (JOR) / KHADER Khaled (JOR)
ITTF Asian Championships Yogyakarta 2019,2019-09-15,YOSHIMURA Maharu/TOGAMI Shunsuke,ADASA Japheth/JACOLO Ryan Rodney,3,0,"11,11,11|8,5,2",R32,OTHER,MD,2092,Main Draw,YOSHIMURA Maharu (JPN) / TOGAMI Shunsuke (JPN),ADASA Japheth (PHI) / JACOLO Ryan Rodney (PHI)
ITTF Asian Championships Yogyakarta 2019,2019-09-15,POH Ethan/BEH Kun Ting,AHMEDOV Rashid/AHMEDOV Ravil,3,0,"11,11,11|6,8,1",R32,OTHER,MD,2092,Main Draw,POH Ethan (SGP) / BEH Kun Ting (SGP),AHMEDOV Rashid (TKM) / AHMEDOV Ravil (TKM)
ITTF Asian Championships Yogyakarta 2019,2019-09-15,RI Jong Sik/HAM Yu Song,JEOUNG Youngsik/LEE Sang Su,3,1,"12,10,11,11|10,12,6,9",R32,OTHER,MD,2092,Main Draw,RI Jong Sik (PRK) / HAM Yu Song (PRK),JEOUNG Youngsik (KOR) / LEE Sang Su (KOR)
ITTF Asian Championships Yogyakarta 2019,2019-09-15,LIAO Cheng-Ting/WANG Tai-Wei,CHUA Josh/PANG Koen,3,1,"8,11,11,14|11,9,8,12",R32,OTHER,MD,2092,Main Draw,LIAO Cheng-Ting (TPE) / WANG Tai-Wei (TPE),CHUA Josh (SGP) / PANG Koen (SGP)
ITTF Asian Championships Yogyakarta 2019,2019-09-15,LAM Siu Hang/NG Pak Nam,ALBALOOSHI Abdulla/ALBALUSHI Salah,3,0,"11,11,11|9,1,2",R32,OTHER,MD,2092,Main Draw,LAM Siu Hang (HKG) / NG Pak Nam (HKG),ALBALOOSHI Abdulla (UAE) / ALBALUSHI Salah (UAE)
ITTF Asian Championships Yogyakarta 2019,2019-09-15,UDA Yukiya/YOSHIMURA Kazuhiro,PASSARA Pattaratorn/PANAGITGUN Yanapong,3,0,"11,11,12|8,9,10",R32,OTHER,MD,2092,Main Draw,UDA Yukiya (JPN) / YOSHIMURA Kazuhiro (JPN),PASSARA Pattaratorn (THA) / PANAGITGUN Yanapong (THA)
ITTF Asian Championships Yogyakarta 2019,2019-09-15,GNANASEKARAN Sathiyan/ACHANTA Sharath,ABO YAMAN Zaid/ALDMAISY Zeyad,3,0,"11,11,11|4,7,8",R32,OTHER,MD,2092,Main Draw,GNANASEKARAN Sathiyan (IND) / ACHANTA Sharath (IND),ABO YAMAN Zaid (JOR) / ALDMAISY Zeyad (JOR)
ITTF Asian Championships Yogyakarta 2019,2019-09-15,MURTADHA Husain/RASHED Rashed,GINIGE Chameera/SIRISENA Rohan,3,2,"4,9,11,11,11|11,11,7,5,7",R32,OTHER,MD,2092,Main Draw,MURTADHA Husain (BRN) / RASHED Rashed (BRN),GINIGE Chameera (SRI) / SIRISENA Rohan (SRI)
ITTF Asian Championships Yogyakarta 2019,2019-09-15,NAYRE Jann Mari/MISAL John Russel,GARYAGDYYEV Emir/ALLANAZAROV Guychgeldi,3,0,"11,11,11|6,1,4",R32,OTHER,MD,2092,Main Draw,NAYRE Jann Mari (PHI) / MISAL John Russel (PHI),GARYAGDYYEV Emir (TKM) / ALLANAZAROV Guychgeldi (TKM)
ITTF Asian Championships Yogyakarta 2019,2019-09-15,LIANG Jingkun/LIN Gaoyuan,AHMADIAN Amin/HODAEI Amir Hossein,3,1,"11,3,11,11|3,11,4,0",R32,OTHER,MD,2092,Main Draw,LIANG Jingkun (CHN) / LIN Gaoyuan (CHN),AHMADIAN Amin (IRI) / HODAEI Amir Hossein (IRI)
ITTF Asian Championships Yogyakarta 2019,2019-09-15,CHEN Meng/WANG Manyu,AMINAH Siti/WIDARAHMAN Novida,3,0,"11,11,11|3,3,3",R32,OTHER,WD,2092,Main Draw,CHEN Meng (CHN) / WANG Manyu (CHN),AMINAH Siti (INA) / WIDARAHMAN Novida (INA)
ITTF Asian Championships Yogyakarta 2019,2019-09-15,KOMWONG Nanthana/SAWETTABUT Jinnipa,LIU Hsing-Yin/SU Pei-Ling,3,2,"9,11,8,11,11|11,6,11,5,8",R32,OTHER,WD,2092,Main Draw,KOMWONG Nanthana (THA) / SAWETTABUT Jinnipa (THA),LIU Hsing-Yin (TPE) / SU Pei-Ling (TPE)
ITTF Asian Championships Yogyakarta 2019,2019-09-15,SAHAKIAN Mariana/KHOURY Malak,LEONG Kit Weng/CHEUNG Pui Man,3,0,"11,11,12|6,9,10",R32,OTHER,WD,2092,Main Draw,SAHAKIAN Mariana (LBN) / KHOURY Malak (LBN),LEONG Kit Weng (MAC) / CHEUNG Pui Man (MAC)
ITTF Asian Championships Yogyakarta 2019,2019-09-15,YANG Ha Eun/JEON Jihee,KAMATH Archana/BATRA Manika,3,0,"11,11,11|6,9,7",R32,OTHER,WD,2092,Main Draw,YANG Ha Eun (KOR) / JEON Jihee (KOR),KAMATH Archana (IND) / BATRA Manika (IND)
ITTF Asian Championships Yogyakarta 2019,2019-09-15,YU Mengyu/LIN Ye,WARUSAWITHANA Erandi/WARNAKULASURIYA Jithara,3,0,"11,11,11|2,5,4",R32,OTHER,WD,2092,Main Draw,YU Mengyu (SGP) / LIN Ye (CAN),WARUSAWITHANA Erandi (SRI) / WARNAKULASURIYA Jithara (SRI)
ITTF Asian Championships Yogyakarta 2019,2019-09-15,SOO Wai Yam/ZHU Chengzhu,SHAHSAVARI Neda/JAMALIFAR Fatemeh,3,0,"11,11,11|7,9,3",R32,OTHER,WD,2092,Main Draw,SOO Wai Yam (HKG) / ZHU Chengzhu (HKG),SHAHSAVARI Neda (IRI) / JAMALIFAR Fatemeh (IRI)
ITTF Asian Championships Yogyakarta 2019,2019-09-15,CHANG Li Sian/TEE Ai Xin,DAEL Emy Rose/FADOL Rose Jean,3,1,"8,11,11,11|11,7,8,2",R32,OTHER,WD,2092,Main Draw,CHANG Li Sian (MAS) / TEE Ai Xin (MAS),DAEL Emy Rose (PHI) / FADOL Rose Jean (PHI)
ITTF Asian Championships Yogyakarta 2019,2019-09-15,HIRANO Miu/ISHIKAWA Kasumi,PYON Song Gyong/KIM Jinju,3,0,"11,11,11|8,8,8",R32,OTHER,WD,2092,Main Draw,HIRANO Miu (JPN) / ISHIKAWA Kasumi (JPN),PYON Song Gyong (PRK) / KIM Jinju (PRK)
ITTF Asian Championships Yogyakarta 2019,2019-09-15,DOO Hoi Kem/LEE Ho Ching,PATKAR Madhurika/MUKHERJEE Sutirtha,3,0,"11,11,13|9,5,11",R32,OTHER,WD,2092,Main Draw,DOO Hoi Kem (HKG) / LEE Ho Ching (HKG),PATKAR Madhurika (IND) / MUKHERJEE Sutirtha (IND)
ITTF Asian Championships Yogyakarta 2019,2019-09-15,WONG Xin Ru/GOI Rui Xuan,LYNE Karen/HO Ying,3,1,"11,11,5,11|9,4,11,8",R32,OTHER,WD,2092,Main Draw,WONG Xin Ru (SGP) / GOI Rui Xuan (SGP),LYNE Karen (MAS) / HO Ying (MAS)
ITTF Asian Championships Yogyakarta 2019,2019-09-15,LEE Eunhye/YOO Eunchong,SAFAEI Shima/SAMET Mahshid,3,0,"15,11,11|13,5,4",R32,OTHER,WD,2092,Main Draw,LEE Eunhye (KOR) / YOO Eunchong (KOR),SAFAEI Shima (IRI) / SAMET Mahshid (IRI)
ITTF Asian Championships Yogyakarta 2019,2019-09-15,SHIBATA Saki/SATO Hitomi,PARANANG Orawan/SAWETTABUT Suthasini,3,0,"11,12,13|2,10,11",R32,OTHER,WD,2092,Main Draw,SHIBATA Saki (JPN) / SATO Hitomi (JPN),PARANANG Orawan (THA) / SAWETTABUT Suthasini (THA)
ITTF Asian Championships Yogyakarta 2019,2019-09-15,CHEN Szu-Yu/CHENG Hsien-Tzu,BALLYYEVA Enejan/NYYAZGYLYJOVA Oguljennet,3,0,"11,11,11|3,1,6",R32,OTHER,WD,2092,Main Draw,CHEN Szu-Yu (TPE) / CHENG Hsien-Tzu (TPE),BALLYYEVA Enejan (TKM) / NYYAZGYLYJOVA Oguljennet (TKM)
ITTF Asian Championships Yogyakarta 2019,2019-09-15,KIM Regina/GUFRANOVA Rimma,ISMAIL Laisa/NIMAL Fathimath,3,0,"11,14,11|5,12,7",R32,OTHER,WD,2092,Main Draw,KIM Regina (UZB) / GUFRANOVA Rimma (UZB),ISMAIL Laisa (MDV) / NIMAL Fathimath (MDV)
ITTF Asian Championships Yogyakarta 2019,2019-09-15,MAHARJAN Elina/SHRESTHA Nabita,SOMA Sonam/ALAM Moumita,3,0,"11,11,11|4,4,7",R32,OTHER,WD,2092,Main Draw,MAHARJAN Elina (NEP) / SHRESTHA Nabita (NEP),SOMA Sonam (BAN) / ALAM Moumita (BAN)
ITTF Asian Championships Yogyakarta 2019,2019-09-15,DING Ning/ZHU Yuling,KIM Nam Hae/CHA Hyo Sim,3,0,"11,11,11|7,6,7",R32,OTHER,WD,2092,Main Draw,DING Ning (CHN) / ZHU Yuling (MAC),KIM Nam Hae (PRK) / CHA Hyo Sim (PRK)
ITTF Asian Championships Yogyakarta 2019,2019-09-15,TESHABOEV Kutbidillo,PARAG Masud Rana,3,0,"11,12,11|5,10,3",R128,OTHER,MS,2092,Main Draw,PARAG Masud Rana (BAN),TESHABOEV Kutbidillo (UZB)
ITTF Asian Championships Yogyakarta 2019,2019-09-15,XU Xin,WANG Tai-Wei,3,2,"11,11,9,13,11|8,2,11,15,3",R128,OTHER,MS,2092,Main Draw,XU Xin (CHN),WANG Tai-Wei (TPE)
ITTF Asian Championships Yogyakarta 2019,2019-09-15,AL-HASAN Ibrahem,AHMEDOV Ravil,3,1,"11,10,11,11|2,12,5,1",R128,OTHER,MS,2092,Main Draw,AL-HASAN Ibrahem (KUW),AHMEDOV Ravil (TKM)
ITTF Asian Championships Yogyakarta 2019,2019-09-15,ALBALOOSHI Abdulla,MAMONTO Syahrizal Nauval Akbar,3,0,"11,13,11|1,11,9",R128,OTHER,MS,2092,Main Draw,MAMONTO Syahrizal Nauval Akbar (INA),ALBALOOSHI Abdulla (UAE)
ITTF Asian Championships Yogyakarta 2019,2019-09-15,HODAEI Amir Hossein,LING Yi Heng Amos,3,1,"11,6,14,11|9,11,12,9",R128,OTHER,MS,2092,Main Draw,LING Yi Heng Amos (MAS),HODAEI Amir Hossein (IRI)
ITTF Asian Championships Yogyakarta 2019,2019-09-15,LAM Siu Hang,ALYASSI Alyas,3,1,"11,9,11,11|9,11,5,2",R128,OTHER,MS,2092,Main Draw,LAM Siu Hang (HKG),ALYASSI Alyas (BRN)
ITTF Asian Championships Yogyakarta 2019,2019-09-15,NAYRE Jann Mari,TANVIRIYAVECHAKUL Padasak,3,1,"11,9,11,12|9,11,8,10",R128,OTHER,MS,2092,Main Draw,TANVIRIYAVECHAKUL Padasak (THA),NAYRE Jann Mari (PHI)
ITTF Asian Championships Yogyakarta 2019,2019-09-15,BEH Kun Ting,BAYASGALAN Bilguun,3,0,"11,11,11|8,5,6",R128,OTHER,MS,2092,Main Draw,BAYASGALAN Bilguun (MGL),BEH Kun Ting (SGP)
ITTF Asian Championships Yogyakarta 2019,2019-09-15,YOSHIMURA Maharu,DOUFESH Husam,3,1,"11,11,7,11|7,5,11,4",R128,OTHER,MS,2092,Main Draw,DOUFESH Husam (PLE),YOSHIMURA Maharu (JPN)
ITTF Asian Championships Yogyakarta 2019,2019-09-15,JIN Takuya,ALKHADRAWI Ali,3,0,"11,11,11|7,5,2",R128,OTHER,MS,2092,Main Draw,JIN Takuya (JPN),ALKHADRAWI Ali (KSA)
ITTF Asian Championships Yogyakarta 2019,2019-09-15,AKHMEDZHANOV Mukhammed,AL-MOHANNADI Ahmad Khalil,3,0,"0,0,0|0,0,0",R128,OTHER,MS,2092,Main Draw,AL-MOHANNADI Ahmad Khalil (QAT),AKHMEDZHANOV Mukhammed (KGZ)
ITTF Asian Championships Yogyakarta 2019,2019-09-15,KIM Ok Chan,SILVA Senura,3,0,"11,11,11|1,6,3",R128,OTHER,MS,2092,Main Draw,KIM Ok Chan (PRK),SILVA Senura (SRI)
ITTF Asian Championships Yogyakarta 2019,2019-09-15,ADASA Japheth,KAPALI Sanyog,3,1,"13,16,8,11|11,14,11,7",R128,OTHER,MS,2092,Main Draw,ADASA Japheth (PHI),KAPALI Sanyog (NEP)
ITTF Asian Championships Yogyakarta 2019,2019-09-15,HABACH SaadEddine,SANGPAO Komgrit,3,0,"11,11,11|0,0,0",R128,OTHER,MS,2092,Main Draw,SANGPAO Komgrit (THA),HABACH SaadEddine (LBN)
ITTF Asian Championships Yogyakarta 2019,2019-09-15,CHEONG Chi Chon,SALAMEH Mohammad,3,2,"7,11,11,5,11|11,9,6,11,3",R128,OTHER,MS,2092,Main Draw,CHEONG Chi Chon (MAC),SALAMEH Mohammad (JOR)
ITTF Asian Championships Yogyakarta 2019,2019-09-15,LEE Sang Su,HAMEED Anwer,3,0,"0,0,0|0,0,0",R128,OTHER,MS,2092,Main Draw,HAMEED Anwer (IRQ),LEE Sang Su (KOR)
ITTF Asian Championships Yogyakarta 2019,2019-09-15,LIANG Jingkun,HUNG Tzu-Hsiang,3,0,"11,11,11|8,7,8",R128,OTHER,MS,2092,Main Draw,LIANG Jingkun (CHN),HUNG Tzu-Hsiang (TPE)
ITTF Asian Championships Yogyakarta 2019,2019-09-15,ABO YAMAN Zaid,SIRISENA Rohan,3,0,"11,11,11|7,8,6",R128,OTHER,MS,2092,Main Draw,ABO YAMAN Zaid (JOR),SIRISENA Rohan (SRI)
ITTF Asian Championships Yogyakarta 2019,2019-09-15,NIMAN Rafanael,AITAHUNOV Abdyljan,3,0,"11,11,11|7,5,6",R128,OTHER,MS,2092,Main Draw,AITAHUNOV Abdyljan (KGZ),NIMAN Rafanael (INA)
ITTF Asian Championships Yogyakarta 2019,2019-09-15,HO Kwan Kit,RASHED Rashed,3,0,"11,11,11|5,7,9",R128,OTHER,MS,2092,Main Draw,HO Kwan Kit (HKG),RASHED Rashed (BRN)
ITTF Asian Championships Yogyakarta 2019,2019-09-15,PANG Koen,GARYAGDYYEV Emir,3,0,"11,11,11|3,4,4",R128,OTHER,MS,2092,Main Draw,GARYAGDYYEV Emir (TKM),PANG Koen (SGP)
ITTF Asian Championships Yogyakarta 2019,2019-09-15,GNANASEKARAN Sathiyan,TAHER Omar,3,0,"0,0,0|0,0,0",R128,OTHER,MS,2092,Main Draw,GNANASEKARAN Sathiyan (IND),TAHER Omar (IRQ)
ITTF Asian Championships Yogyakarta 2019,2019-09-15,WONG Qi Shen,RIDOY Mohutasin,3,0,"11,12,11|7,10,5",R128,OTHER,MS,2092,Main Draw,WONG Qi Shen (MAS),RIDOY Mohutasin (BAN)
ITTF Asian Championships Yogyakarta 2019,2019-09-15,HARIMOTO Tomokazu,ALBALUSHI Salah,3,0,"11,11,11|4,1,1",R128,OTHER,MS,2092,Main Draw,ALBALUSHI Salah (UAE),HARIMOTO Tomokazu (JPN)
ITTF Asian Championships Yogyakarta 2019,2019-09-15,LIN Gaoyuan,TYAN Stanislav,3,0,"11,11,11|4,2,5",R128,OTHER,MS,2092,Main Draw,LIN Gaoyuan (CHN),TYAN Stanislav (UZB)
ITTF Asian Championships Yogyakarta 2019,2019-09-15,HAMIE Mohamad,KENZHIGULOV Aidos,3,0,"12,17,11|10,15,6",R128,OTHER,MS,2092,Main Draw,HAMIE Mohamad (LBN),KENZHIGULOV Aidos (KAZ)
ITTF Asian Championships Yogyakarta 2019,2019-09-15,GONZALES Richard,MASALMA Fadi,3,0,"11,11,11|3,3,2",R128,OTHER,MS,2092,Main Draw,MASALMA Fadi (PLE),GONZALES Richard (PHI)
ITTF Asian Championships Yogyakarta 2019,2019-09-15,UDA Yukiya,CHOWDHURY Manash,3,0,"11,11,11|6,6,3",R128,OTHER,MS,2092,Main Draw,CHOWDHURY Manash (BAN),UDA Yukiya (JPN)
ITTF Asian Championships Yogyakarta 2019,2019-09-15,CHEONG Chi Cheng,TSOI Evgeny,3,0,"11,11,11|2,6,2",R128,OTHER,MS,2092,Main Draw,TSOI Evgeny (KGZ),CHEONG Chi Cheng (MAC)
ITTF Asian Championships Yogyakarta 2019,2019-09-15,GOH Christopher,SALEH Mohamed,3,2,"11,11,8,8,11|7,5,11,11,7",R128,OTHER,MS,2092,Main Draw,GOH Christopher (MAS),SALEH Mohamed (BRN)
ITTF Asian Championships Yogyakarta 2019,2019-09-15,JARGALSAIKHAN Munkhzorig,MOHAMADIAN Hossain,3,2,"5,13,10,11,11|11,11,12,7,3",R128,OTHER,MS,2092,Main Draw,JARGALSAIKHAN Munkhzorig (MGL),MOHAMADIAN Hossain (AFG)
ITTF Asian Championships Yogyakarta 2019,2019-09-15,AN Jaehyun,SARHAN Zubair,3,0,"11,11,11|4,6,9",R128,OTHER,MS,2092,Main Draw,SARHAN Zubair (UAE),AN Jaehyun (KOR)
ITTF Asian Championships Yogyakarta 2019,2019-09-15,POH Ethan,HE Chon Fai,3,0,"11,11,11|8,7,3",R128,OTHER,MS,2092,Main Draw,POH Ethan (SGP),HE Chon Fai (MAC)
ITTF Asian Championships Yogyakarta 2019,2019-09-15,KOH Dominic,WARUSAWITHANA Supuna,3,0,"12,11,11|10,6,7",R128,OTHER,MS,2092,Main Draw,KOH Dominic (SGP),WARUSAWITHANA Supuna (SRI)
ITTF Asian Championships Yogyakarta 2019,2019-09-15,ALAMIYAN Noshad,AL-HASAN Salem,3,0,"11,11,11|5,5,8",R128,OTHER,MS,2092,Main Draw,AL-HASAN Salem (KUW),ALAMIYAN Noshad (IRI)
ITTF Asian Championships Yogyakarta 2019,2019-09-15,PASSARA Pattaratorn,GANBAATAR Bat-Ireedui,3,0,"0,0,0|0,0,0",R128,OTHER,MS,2092,Main Draw,PASSARA Pattaratorn (THA),GANBAATAR Bat-Ireedui (MGL)
ITTF Asian Championships Yogyakarta 2019,2019-09-15,PENG Wang-Wei,AL-ABBAD Abdulaziz,3,1,"11,8,11,11|3,11,3,8",R128,OTHER,MS,2092,Main Draw,AL-ABBAD Abdulaziz (KSA),PENG Wang-Wei (TPE)
ITTF Asian Championships Yogyakarta 2019,2019-09-15,KHADER Khaled,AHMEDOV Rashid,3,0,"11,11,11|7,8,4",R128,OTHER,MS,2092,Main Draw,AHMEDOV Rashid (TKM),KHADER Khaled (JOR)
ITTF Asian Championships Yogyakarta 2019,2019-09-15,KIM Minhyeok,PRAMUDYA Arfan Seina,3,0,"11,11,11|4,9,7",R128,OTHER,MS,2092,Main Draw,PRAMUDYA Arfan Seina (INA),KIM Minhyeok (KOR)
ITTF Asian Championships Yogyakarta 2019,2019-09-15,AN Ji Song,WONG Chun Ting,3,2,"11,11,4,4,12|5,5,11,11,10",R128,OTHER,MS,2092,Main Draw,AN Ji Song (PRK),WONG Chun Ting (HKG)
ITTF Asian Championships Yogyakarta 2019,2019-09-15,JANG Woojin,NG Pak Nam,3,0,"13,11,11|11,2,8",R128,OTHER,MS,2092,Main Draw,JANG Woojin (KOR),NG Pak Nam (HKG)
ITTF Asian Championships Yogyakarta 2019,2019-09-15,DESAI Harmeet,PANAGITGUN Yanapong,3,1,"11,6,11,11|9,11,5,5",R128,OTHER,MS,2092,Main Draw,DESAI Harmeet (IND),PANAGITGUN Yanapong (THA)
ITTF Asian Championships Yogyakarta 2019,2019-09-15,CHEAIB Dauud,MURTADHA Husain,3,0,"11,11,13|4,3,11",R128,OTHER,MS,2092,Main Draw,CHEAIB Dauud (LBN),MURTADHA Husain (BRN)
ITTF Asian Championships Yogyakarta 2019,2019-09-15,CHEN Chien-An,CHUA Josh,3,0,"11,11,11|8,3,3",R128,OTHER,MS,2092,Main Draw,CHEN Chien-An (TPE),CHUA Josh (SGP)
ITTF Asian Championships Yogyakarta 2019,2019-09-15,YOSHIMURA Kazuhiro,WISUTMAYTHANGKOON Supanut,3,0,"11,11,11|5,6,8",R128,OTHER,MS,2092,Main Draw,YOSHIMURA Kazuhiro (JPN),WISUTMAYTHANGKOON Supanut (THA)
ITTF Asian Championships Yogyakarta 2019,2019-09-15,THAKKAR Manav,ALRASHIDI Marzooq,3,0,"11,11,11|7,6,5",R128,OTHER,MS,2092,Main Draw,ALRASHIDI Marzooq (KUW),THAKKAR Manav (IND)
ITTF Asian Championships Yogyakarta 2019,2019-09-15,LIAO Cheng-Ting,FADILAH Fikri Faqih,3,0,"11,11,11|2,6,3",R128,OTHER,MS,2092,Main Draw,LIAO Cheng-Ting (TPE),FADILAH Fikri Faqih (INA)
ITTF Asian Championships Yogyakarta 2019,2019-09-15,GERASSIMENKO Kirill,JACOLO Ryan Rodney,3,0,"11,11,11|9,6,8",R128,OTHER,MS,2092,Main Draw,GERASSIMENKO Kirill (KAZ),JACOLO Ryan Rodney (PHI)
ITTF Asian Championships Yogyakarta 2019,2019-09-15,CHOONG Javen,ABDELWAHAB Mohamed,3,0,"11,11,15|5,7,13",R128,OTHER,MS,2092,Main Draw,CHOONG Javen (MAS),ABDELWAHAB Mohamed (QAT)
ITTF Asian Championships Yogyakarta 2019,2019-09-15,ALDMAISY Zeyad,ALLANAZAROV Guychgeldi,3,0,"11,11,11|3,7,9",R128,OTHER,MS,2092,Main Draw,ALDMAISY Zeyad (JOR),ALLANAZAROV Guychgeldi (TKM)
ITTF Asian Championships Yogyakarta 2019,2019-09-15,RI Jong Sik,GANKHUYAG Ser-Od,3,1,"13,9,11,11|11,11,3,9",R128,OTHER,MS,2092,Main Draw,GANKHUYAG Ser-Od (MGL),RI Jong Sik (PRK)
ITTF Asian Championships Yogyakarta 2019,2019-09-15,FAN Zhendong,LI Hon Ming,3,0,"11,11,11|1,8,8",R128,OTHER,MS,2092,Main Draw,LI Hon Ming (HKG),FAN Zhendong (CHN)
ITTF Asian Championships Yogyakarta 2019,2019-09-15,ANNAFI Hafidh Nuur,BAKHTIYARI Mustafa,3,0,"11,11,13|9,7,11",R128,OTHER,MS,2092,Main Draw,BAKHTIYARI Mustafa (AFG),ANNAFI Hafidh Nuur (INA)
ITTF Asian Championships Yogyakarta 2019,2019-09-15,ALSHARIF Mohammed,RAKHIMBERGANOV Jamshchid,3,0,"11,11,12|4,6,10",R128,OTHER,MS,2092,Main Draw,RAKHIMBERGANOV Jamshchid (UZB),ALSHARIF Mohammed (KSA)
ITTF Asian Championships Yogyakarta 2019,2019-09-15,WANG Chuqin,KENJAEV Zokhid,3,0,"11,11,11|7,2,8",R128,OTHER,MS,2092,Main Draw,KENJAEV Zokhid (UZB),WANG Chuqin (CHN)
ITTF Asian Championships Yogyakarta 2019,2019-09-15,HAM Yu Song,MYANDAL Temuulen,3,0,"11,11,11|0,0,0",R128,OTHER,MS,2092,Main Draw,HAM Yu Song (PRK),MYANDAL Temuulen (MGL)
ITTF Asian Championships Yogyakarta 2019,2019-09-15,ACHANTA Sharath,HOSSEINI Mohammad,3,0,"11,11,11|4,6,5",R128,OTHER,MS,2092,Main Draw,ACHANTA Sharath (IND),HOSSEINI Mohammad (AFG)
ITTF Asian Championships Yogyakarta 2019,2019-09-15,ANTHONY Amalraj,SHRESTHA Santoo,3,0,"11,11,11|7,5,5",R128,OTHER,MS,2092,Main Draw,SHRESTHA Santoo (NEP),ANTHONY Amalraj (IND)
ITTF Asian Championships Yogyakarta 2019,2019-09-15,ZHAMAL Bekulan,KOU CHEONG Chak,3,0,"11,19,11|9,17,5",R128,OTHER,MS,2092,Main Draw,KOU CHEONG Chak (MAC),ZHAMAL Bekulan (KAZ)
ITTF Asian Championships Yogyakarta 2019,2019-09-15,BU SHULAYBI Abdulaziz,MALLA Amar,3,0,"11,11,11|7,8,8",R128,OTHER,MS,2092,Main Draw,MALLA Amar (NEP),BU SHULAYBI Abdulaziz (KSA)
ITTF Asian Championships Yogyakarta 2019,2019-09-15,AHMADIAN Amin,ABOU SEF Yousri,3,0,"11,11,11|7,6,4",R128,OTHER,MS,2092,Main Draw,AHMADIAN Amin (IRI),ABOU SEF Yousri (PLE)
ITTF Asian Championships Yogyakarta 2019,2019-09-15,GINIGE Chameera,ALBLOOSHI Essa,3,0,"11,11,11|8,3,6",R128,OTHER,MS,2092,Main Draw,GINIGE Chameera (SRI),ALBLOOSHI Essa (UAE)
ITTF Asian Championships Yogyakarta 2019,2019-09-15,JEOUNG Youngsik,AL-BALHAN Jaber,3,0,"11,11,11|3,3,5",R128,OTHER,MS,2092,Main Draw,AL-BALHAN Jaber (KUW),JEOUNG Youngsik (KOR)
ITTF Asian Championships Yogyakarta 2019,2019-09-15,ALAMIAN Nima,TAHER Mohammed,3,0,"0,0,0|0,0,0",R128,OTHER,MS,2092,Main Draw,ALAMIAN Nima (IRI),TAHER Mohammed (IRQ)
ITTF Asian Championships Yogyakarta 2019,2019-09-15,DOO Hoi Kem/LEE Ho Ching,WONG Xin Ru/GOI Rui Xuan,3,0,"11,11,11|6,8,7",R16,OTHER,WD,2092,Main Draw,DOO Hoi Kem (HKG) / LEE Ho Ching (HKG),WONG Xin Ru (SGP) / GOI Rui Xuan (SGP)
ITTF Asian Championships Yogyakarta 2019,2019-09-15,SHIBATA Saki/SATO Hitomi,LEE Eunhye/YOO Eunchong,3,1,"15,11,11,11|17,7,6,4",R16,OTHER,WD,2092,Main Draw,SHIBATA Saki (JPN) / SATO Hitomi (JPN),LEE Eunhye (KOR) / YOO Eunchong (KOR)
ITTF Asian Championships Yogyakarta 2019,2019-09-15,CHEN Szu-Yu/CHENG Hsien-Tzu,KIM Regina/GUFRANOVA Rimma,3,0,"11,11,11|4,6,6",R16,OTHER,WD,2092,Main Draw,CHEN Szu-Yu (TPE) / CHENG Hsien-Tzu (TPE),KIM Regina (UZB) / GUFRANOVA Rimma (UZB)
ITTF Asian Championships Yogyakarta 2019,2019-09-15,DING Ning/ZHU Yuling,MAHARJAN Elina/SHRESTHA Nabita,3,0,"11,11,11|8,3,6",R16,OTHER,WD,2092,Main Draw,DING Ning (CHN) / ZHU Yuling (MAC),MAHARJAN Elina (NEP) / SHRESTHA Nabita (NEP)
ITTF Asian Championships Yogyakarta 2019,2019-09-15,CHEN Meng/WANG Manyu,KOMWONG Nanthana/SAWETTABUT Jinnipa,3,0,"11,15,11|4,13,2",R16,OTHER,WD,2092,Main Draw,CHEN Meng (CHN) / WANG Manyu (CHN),KOMWONG Nanthana (THA) / SAWETTABUT Jinnipa (THA)
ITTF Asian Championships Yogyakarta 2019,2019-09-15,YANG Ha Eun/JEON Jihee,SAHAKIAN Mariana/KHOURY Malak,3,0,"11,11,11|7,8,1",R16,OTHER,WD,2092,Main Draw,YANG Ha Eun (KOR) / JEON Jihee (KOR),SAHAKIAN Mariana (LBN) / KHOURY Malak (LBN)
ITTF Asian Championships Yogyakarta 2019,2019-09-15,SOO Wai Yam/ZHU Chengzhu,YU Mengyu/LIN Ye,3,0,"11,13,11|5,11,7",R16,OTHER,WD,2092,Main Draw,SOO Wai Yam (HKG) / ZHU Chengzhu (HKG),YU Mengyu (SGP) / LIN Ye (CAN)
ITTF Asian Championships Yogyakarta 2019,2019-09-15,HIRANO Miu/ISHIKAWA Kasumi,CHANG Li Sian/TEE Ai Xin,3,0,"11,11,11|4,3,2",R16,OTHER,WD,2092,Main Draw,HIRANO Miu (JPN) / ISHIKAWA Kasumi (JPN),CHANG Li Sian (MAS) / TEE Ai Xin (MAS)
ITTF Asian Championships Yogyakarta 2019,2019-09-15,RI Jong Sik/HAM Yu Song,LIAO Cheng-Ting/WANG Tai-Wei,3,0,"11,11,12|6,8,10",R16,OTHER,MD,2092,Main Draw,RI Jong Sik (PRK) / HAM Yu Song (PRK),LIAO Cheng-Ting (TPE) / WANG Tai-Wei (TPE)
ITTF Asian Championships Yogyakarta 2019,2019-09-15,LAM Siu Hang/NG Pak Nam,UDA Yukiya/YOSHIMURA Kazuhiro,3,2,"7,11,14,8,12|11,4,12,11,10",R16,OTHER,MD,2092,Main Draw,LAM Siu Hang (HKG) / NG Pak Nam (HKG),UDA Yukiya (JPN) / YOSHIMURA Kazuhiro (JPN)
ITTF Asian Championships Yogyakarta 2019,2019-09-15,GNANASEKARAN Sathiyan/ACHANTA Sharath,MURTADHA Husain/RASHED Rashed,3,0,"11,11,11|8,6,3",R16,OTHER,MD,2092,Main Draw,GNANASEKARAN Sathiyan (IND) / ACHANTA Sharath (IND),MURTADHA Husain (BRN) / RASHED Rashed (BRN)
ITTF Asian Championships Yogyakarta 2019,2019-09-15,LIANG Jingkun/LIN Gaoyuan,NAYRE Jann Mari/MISAL John Russel,3,0,"15,11,11|13,6,8",R16,OTHER,MD,2092,Main Draw,LIANG Jingkun (CHN) / LIN Gaoyuan (CHN),NAYRE Jann Mari (PHI) / MISAL John Russel (PHI)
ITTF Asian Championships Yogyakarta 2019,2019-09-15,FAN Zhendong/XU Xin,KIM Ok Chan/AN Ji Song,3,0,"11,11,11|9,4,5",R16,OTHER,MD,2092,Main Draw,FAN Zhendong (CHN) / XU Xin (CHN),KIM Ok Chan (PRK) / AN Ji Song (PRK)
ITTF Asian Championships Yogyakarta 2019,2019-09-15,JANG Woojin/CHO Daeseong,CHEN Chien-An/PENG Wang-Wei,3,1,"12,10,12,11|10,12,10,9",R16,OTHER,MD,2092,Main Draw,JANG Woojin (KOR) / CHO Daeseong (KOR),CHEN Chien-An (TPE) / PENG Wang-Wei (TPE)
ITTF Asian Championships Yogyakarta 2019,2019-09-15,YOSHIMURA Maharu/TOGAMI Shunsuke,ALAMIAN Nima/ALAMIYAN Noshad,3,0,"11,14,11|4,12,7",R16,OTHER,MD,2092,Main Draw,YOSHIMURA Maharu (JPN) / TOGAMI Shunsuke (JPN),ALAMIAN Nima (IRI) / ALAMIYAN Noshad (IRI)
ITTF Asian Championships Yogyakarta 2019,2019-09-15,WONG Chun Ting/HO Kwan Kit,POH Ethan/BEH Kun Ting,3,0,"11,11,13|9,7,11",R16,OTHER,MD,2092,Main Draw,WONG Chun Ting (HKG) / HO Kwan Kit (HKG),POH Ethan (SGP) / BEH Kun Ting (SGP)
ITTF Asian Championships Yogyakarta 2019,2019-09-15,CHEN Meng,WARNAKULASURIYA Jithara,3,0,"11,11,11|5,3,3",R64,OTHER,WS,2092,Main Draw,CHEN Meng (CHN),WARNAKULASURIYA Jithara (SRI)
ITTF Asian Championships Yogyakarta 2019,2019-09-15,ZHU Chengzhu,SAMET Mahshid,3,0,"11,11,11|7,7,5",R64,OTHER,WS,2092,Main Draw,ZHU Chengzhu (HKG),SAMET Mahshid (IRI)
ITTF Asian Championships Yogyakarta 2019,2019-09-15,WONG Xin Ru,WIDARAHMAN Novida,3,1,"7,11,11,11|11,7,8,9",R64,OTHER,WS,2092,Main Draw,WONG Xin Ru (SGP),WIDARAHMAN Novida (INA)
ITTF Asian Championships Yogyakarta 2019,2019-09-15,KATO Miyu,NORKULOVA Mekhriniso,3,0,"11,11,11|5,7,2",R64,OTHER,WS,2092,Main Draw,NORKULOVA Mekhriniso (UZB),KATO Miyu (JPN)
ITTF Asian Championships Yogyakarta 2019,2019-09-15,FENG Tianwei,KIM Jinju,3,1,"4,11,11,11|11,3,7,6",R64,OTHER,WS,2092,Main Draw,FENG Tianwei (SGP),KIM Jinju (PRK)
ITTF Asian Championships Yogyakarta 2019,2019-09-15,KAMATH Archana,CRUZ Kheith,3,0,"11,11,11|7,6,5",R64,OTHER,WS,2092,Main Draw,CRUZ Kheith (PHI),KAMATH Archana (IND)
ITTF Asian Championships Yogyakarta 2019,2019-09-15,SHIN Yubin,MAHARJAN Elina,3,0,"11,11,11|4,4,1",R64,OTHER,WS,2092,Main Draw,SHIN Yubin (KOR),MAHARJAN Elina (NEP)
ITTF Asian Championships Yogyakarta 2019,2019-09-15,CHENG I-Ching,LYNE Karen,3,0,"11,11,11|6,6,6",R64,OTHER,WS,2092,Main Draw,LYNE Karen (MAS),CHENG I-Ching (TPE)
ITTF Asian Championships Yogyakarta 2019,2019-09-15,ISHIKAWA Kasumi,KIM Nam Hae,3,2,"13,12,10,7,11|11,10,12,11,6",R64,OTHER,WS,2092,Main Draw,ISHIKAWA Kasumi (JPN),KIM Nam Hae (PRK)
ITTF Asian Championships Yogyakarta 2019,2019-09-15,BATRA Manika,TEE Ai Xin,3,0,"11,11,11|8,9,8",R64,OTHER,WS,2092,Main Draw,TEE Ai Xin (MAS),BATRA Manika (IND)
ITTF Asian Championships Yogyakarta 2019,2019-09-15,LEE Ho Ching,LIN Ye,3,0,"11,11,11|6,9,7",R64,OTHER,WS,2092,Main Draw,LEE Ho Ching (HKG),LIN Ye (CAN)
ITTF Asian Championships Yogyakarta 2019,2019-09-15,SHIBATA Saki,CHENG Hsien-Tzu,3,1,"8,11,11,11|11,7,3,9",R64,OTHER,WS,2092,Main Draw,CHENG Hsien-Tzu (TPE),SHIBATA Saki (JPN)
ITTF Asian Championships Yogyakarta 2019,2019-09-15,LIU Shiwen,SOO Wai Yam,3,1,"11,8,11,11|6,11,9,3",R64,OTHER,WS,2092,Main Draw,SOO Wai Yam (HKG),LIU Shiwen (CHN)
ITTF Asian Championships Yogyakarta 2019,2019-09-15,WANG Manyu,PYON Song Gyong,3,0,"11,11,11|5,8,3",R64,OTHER,WS,2092,Main Draw,WANG Manyu (CHN),PYON Song Gyong (PRK)
ITTF Asian Championships Yogyakarta 2019,2019-09-15,YU Mengyu,FADOL Rose Jean,3,0,"11,11,11|2,3,6",R64,OTHER,WS,2092,Main Draw,FADOL Rose Jean (PHI),YU Mengyu (SGP)
ITTF Asian Championships Yogyakarta 2019,2019-09-15,MUKHERJEE Sutirtha,SUWAL Sikka,3,0,"11,11,11|4,3,6",R64,OTHER,WS,2092,Main Draw,SUWAL Sikka (NEP),MUKHERJEE Sutirtha (IND)
ITTF Asian Championships Yogyakarta 2019,2019-09-15,JEON Jihee,LAVROVA Anastassiya,3,0,"11,11,11|4,6,3",R64,OTHER,WS,2092,Main Draw,LAVROVA Anastassiya (KAZ),JEON Jihee (KOR)
ITTF Asian Championships Yogyakarta 2019,2019-09-15,SATO Hitomi,MADURANGI Ishara,3,0,"11,11,11|5,3,4",R64,OTHER,WS,2092,Main Draw,SATO Hitomi (JPN),MADURANGI Ishara (SRI)
ITTF Asian Championships Yogyakarta 2019,2019-09-15,PATKAR Madhurika,KIM Regina,3,0,"11,11,11|3,8,3",R64,OTHER,WS,2092,Main Draw,KIM Regina (UZB),PATKAR Madhurika (IND)
ITTF Asian Championships Yogyakarta 2019,2019-09-15,LEE Eunhye,SHAHSAVARI Neda,3,0,"11,11,11|7,6,7",R64,OTHER,WS,2092,Main Draw,LEE Eunhye (KOR),SHAHSAVARI Neda (IRI)
ITTF Asian Championships Yogyakarta 2019,2019-09-15,SUN Yingsha,HO Ying,3,0,"11,14,11|5,12,6",R64,OTHER,WS,2092,Main Draw,HO Ying (MAS),SUN Yingsha (CHN)
ITTF Asian Championships Yogyakarta 2019,2019-09-15,HIRANO Miu,DAEL Emy Rose,3,0,"11,11,11|4,5,4",R64,OTHER,WS,2092,Main Draw,HIRANO Miu (JPN),DAEL Emy Rose (PHI)
ITTF Asian Championships Yogyakarta 2019,2019-09-15,DOO Hoi Kem,YANG Ha Eun,3,0,"11,12,11|3,10,7",R64,OTHER,WS,2092,Main Draw,YANG Ha Eun (KOR),DOO Hoi Kem (HKG)
ITTF Asian Championships Yogyakarta 2019,2019-09-15,SUH Hyo Won,KHUSSEINOVA Gulchekhra,3,0,"11,11,11|3,3,4",R64,OTHER,WS,2092,Main Draw,KHUSSEINOVA Gulchekhra (KAZ),SUH Hyo Won (KOR)
ITTF Asian Championships Yogyakarta 2019,2019-09-15,KIM Song I,AMINAH Siti,3,0,"12,11,11|10,4,6",R64,OTHER,WS,2092,Main Draw,KIM Song I (PRK),AMINAH Siti (INA)
ITTF Asian Championships Yogyakarta 2019,2019-09-15,ROMERO Jannah,ALI Fathimath,3,1,"11,12,9,11|9,10,11,8",R64,OTHER,WS,2092,Main Draw,ALI Fathimath (MDV),ROMERO Jannah (PHI)
ITTF Asian Championships Yogyakarta 2019,2019-09-15,MUKHERJEE Ayhika,CHEN Szu-Yu,3,2,"6,11,9,11,11|11,7,11,7,9",R64,OTHER,WS,2092,Main Draw,CHEN Szu-Yu (TPE),MUKHERJEE Ayhika (IND)
ITTF Asian Championships Yogyakarta 2019,2019-09-15,BATBAYAR Doljinzuu,ELYASSI Marwa,3,0,"11,11,11|4,2,7",R64,OTHER,WS,2092,Main Draw,BATBAYAR Doljinzuu (MGL),ELYASSI Marwa (AFG)
ITTF Asian Championships Yogyakarta 2019,2019-09-15,CHA Hyo Sim,PARANANG Orawan,3,1,"5,11,11,12|11,2,7,10",R64,OTHER,WS,2092,Main Draw,PARANANG Orawan (THA),CHA Hyo Sim (PRK)
ITTF Asian Championships Yogyakarta 2019,2019-09-15,DING Ning,CHANG Li Sian,3,0,"11,11,11|2,4,1",R64,OTHER,WS,2092,Main Draw,CHANG Li Sian (MAS),DING Ning (CHN)
ITTF Asian Championships Yogyakarta 2019,2019-09-15,LIU Hsing-Yin,GOI Rui Xuan,3,0,"11,11,11|6,2,5",R64,OTHER,WS,2092,Main Draw,GOI Rui Xuan (SGP),LIU Hsing-Yin (TPE)
ITTF Asian Championships Yogyakarta 2019,2019-09-15,XU Xin/LIU Shiwen,LEE Sang Su/JEON Jihee,3,2,"4,7,12,11,11|11,11,10,6,6",SF,OTHER,XD,2092,Main Draw,XU Xin (CHN) / LIU Shiwen (CHN),LEE Sang Su (KOR) / JEON Jihee (KOR)
ITTF Asian Championships Yogyakarta 2019,2019-09-15,AKASHEVA Zauresh,SAHAKIAN Mariana,3,1,"11,8,11,12|1,11,6,10",R64,OTHER,WS,2092,Main Draw,AKASHEVA Zauresh (KAZ),SAHAKIAN Mariana (LBN)
ITTF Asian Championships Yogyakarta 2019,2019-09-15,WANG Chuqin/SUN Yingsha,WONG Chun Ting/DOO Hoi Kem,3,1,"11,11,11,13|7,6,13,11",SF,OTHER,XD,2092,Main Draw,WANG Chuqin (CHN) / SUN Yingsha (CHN),WONG Chun Ting (HKG) / DOO Hoi Kem (HKG)
ITTF Asian Championships Yogyakarta 2019,2019-09-15,JIN Takuya,ACHANTA Sharath,3,2,"4,11,7,11,14|11,5,11,6,12",R64,OTHER,MS,2092,Main Draw,ACHANTA Sharath (IND),JIN Takuya (JPN)
ITTF Asian Championships Yogyakarta 2019,2019-09-15,KIM Ok Chan,AKHMEDZHANOV Mukhammed,3,0,"11,11,13|8,7,11",R64,OTHER,MS,2092,Main Draw,AKHMEDZHANOV Mukhammed (KGZ),KIM Ok Chan (PRK)
ITTF Asian Championships Yogyakarta 2019,2019-09-15,ADASA Japheth,HABACH SaadEddine,3,0,"11,11,11|7,5,5",R64,OTHER,MS,2092,Main Draw,ADASA Japheth (PHI),HABACH SaadEddine (LBN)
ITTF Asian Championships Yogyakarta 2019,2019-09-15,XU Xin,AL-HASAN Ibrahem,3,0,"12,11,11|10,5,5",R64,OTHER,MS,2092,Main Draw,XU Xin (CHN),AL-HASAN Ibrahem (KUW)
ITTF Asian Championships Yogyakarta 2019,2019-09-15,HODAEI Amir Hossein,ALBALOOSHI Abdulla,3,0,"11,11,11|6,9,6",R64,OTHER,MS,2092,Main Draw,ALBALOOSHI Abdulla (UAE),HODAEI Amir Hossein (IRI)
ITTF Asian Championships Yogyakarta 2019,2019-09-15,LAM Siu Hang,TESHABOEV Kutbidillo,3,1,"8,11,11,11|11,6,3,4",R64,OTHER,MS,2092,Main Draw,LAM Siu Hang (HKG),TESHABOEV Kutbidillo (UZB)
ITTF Asian Championships Yogyakarta 2019,2019-09-15,YOSHIMURA Maharu,BEH Kun Ting,3,0,"11,11,11|5,6,4",R64,OTHER,MS,2092,Main Draw,BEH Kun Ting (SGP),YOSHIMURA Maharu (JPN)
ITTF Asian Championships Yogyakarta 2019,2019-09-15,LEE Sang Su,CHEONG Chi Chon,3,0,"11,11,11|5,5,6",R64,OTHER,MS,2092,Main Draw,CHEONG Chi Chon (MAC),LEE Sang Su (KOR)
ITTF Asian Championships Yogyakarta 2019,2019-09-15,LIANG Jingkun,ABO YAMAN Zaid,3,0,"11,11,11|7,5,4",R64,OTHER,MS,2092,Main Draw,LIANG Jingkun (CHN),ABO YAMAN Zaid (JOR)
ITTF Asian Championships Yogyakarta 2019,2019-09-15,HO Kwan Kit,NIMAN Rafanael,3,1,"7,11,14,11|11,2,12,7",R64,OTHER,MS,2092,Main Draw,NIMAN Rafanael (INA),HO Kwan Kit (HKG)
ITTF Asian Championships Yogyakarta 2019,2019-09-15,ALAMIAN Nima,PANG Koen,3,1,"3,11,11,13|11,4,8,11",R64,OTHER,MS,2092,Main Draw,PANG Koen (SGP),ALAMIAN Nima (IRI)
ITTF Asian Championships Yogyakarta 2019,2019-09-15,AN Jaehyun,JARGALSAIKHAN Munkhzorig,3,0,"11,11,11|6,6,9",R64,OTHER,MS,2092,Main Draw,JARGALSAIKHAN Munkhzorig (MGL),AN Jaehyun (KOR)
ITTF Asian Championships Yogyakarta 2019,2019-09-15,GNANASEKARAN Sathiyan,KOH Dominic,3,0,"11,11,11|6,4,5",R64,OTHER,MS,2092,Main Draw,GNANASEKARAN Sathiyan (IND),KOH Dominic (SGP)
ITTF Asian Championships Yogyakarta 2019,2019-09-15,ALAMIYAN Noshad,PASSARA Pattaratorn,3,0,"11,13,11|7,11,8",R64,OTHER,MS,2092,Main Draw,ALAMIYAN Noshad (IRI),PASSARA Pattaratorn (THA)
ITTF Asian Championships Yogyakarta 2019,2019-09-15,HARIMOTO Tomokazu,WONG Qi Shen,3,0,"12,11,11|10,3,8",R64,OTHER,MS,2092,Main Draw,WONG Qi Shen (MAS),HARIMOTO Tomokazu (JPN)
ITTF Asian Championships Yogyakarta 2019,2019-09-15,LIN Gaoyuan,CHEONG Chi Cheng,3,0,"11,11,11|4,7,3",R64,OTHER,MS,2092,Main Draw,LIN Gaoyuan (CHN),CHEONG Chi Cheng (MAC)
ITTF Asian Championships Yogyakarta 2019,2019-09-15,UDA Yukiya,GONZALES Richard,3,2,"11,7,11,12,11|9,11,3,14,8",R64,OTHER,MS,2092,Main Draw,UDA Yukiya (JPN),GONZALES Richard (PHI)
ITTF Asian Championships Yogyakarta 2019,2019-09-15,HAMIE Mohamad,GOH Christopher,3,0,"11,11,11|8,5,6",R64,OTHER,MS,2092,Main Draw,HAMIE Mohamad (LBN),GOH Christopher (MAS)
ITTF Asian Championships Yogyakarta 2019,2019-09-15,JEOUNG Youngsik,HAM Yu Song,3,0,"11,11,11|5,5,8",R64,OTHER,MS,2092,Main Draw,HAM Yu Song (PRK),JEOUNG Youngsik (KOR)
ITTF Asian Championships Yogyakarta 2019,2019-09-15,CHEN Chien-An,ANNAFI Hafidh Nuur,3,0,"11,11,11|6,6,4",R64,OTHER,MS,2092,Main Draw,CHEN Chien-An (TPE),ANNAFI Hafidh Nuur (INA)
ITTF Asian Championships Yogyakarta 2019,2019-09-15,ANTHONY Amalraj,ALSHARIF Mohammed,3,0,"11,11,11|4,5,4",R64,OTHER,MS,2092,Main Draw,ALSHARIF Mohammed (KSA),ANTHONY Amalraj (IND)
ITTF Asian Championships Yogyakarta 2019,2019-09-15,NAYRE Jann Mari,ZHAMAL Bekulan,3,0,"11,11,11|5,3,4",R64,OTHER,MS,2092,Main Draw,ZHAMAL Bekulan (KAZ),NAYRE Jann Mari (PHI)
ITTF Asian Championships Yogyakarta 2019,2019-09-15,FAN Zhendong,RI Jong Sik,3,0,"11,11,11|7,4,5",R64,OTHER,MS,2092,Main Draw,RI Jong Sik (PRK),FAN Zhendong (CHN)
ITTF Asian Championships Yogyakarta 2019,2019-09-15,CHOONG Javen,ALDMAISY Zeyad,3,0,"11,11,11|6,4,9",R64,OTHER,MS,2092,Main Draw,CHOONG Javen (MAS),ALDMAISY Zeyad (JOR)
ITTF Asian Championships Yogyakarta 2019,2019-09-15,LIAO Cheng-Ting,GERASSIMENKO Kirill,3,2,"12,8,11,9,11|10,11,7,11,8",R64,OTHER,MS,2092,Main Draw,LIAO Cheng-Ting (TPE),GERASSIMENKO Kirill (KAZ)
ITTF Asian Championships Yogyakarta 2019,2019-09-15,THAKKAR Manav,YOSHIMURA Kazuhiro,3,2,"10,11,16,11,11|12,13,14,4,9",R64,OTHER,MS,2092,Main Draw,YOSHIMURA Kazuhiro (JPN),THAKKAR Manav (IND)
ITTF Asian Championships Yogyakarta 2019,2019-09-15,WANG Chuqin,GINIGE Chameera,3,0,"11,11,11|3,2,1",R64,OTHER,MS,2092,Main Draw,GINIGE Chameera (SRI),WANG Chuqin (CHN)
ITTF Asian Championships Yogyakarta 2019,2019-09-15,PENG Wang-Wei,KHADER Khaled,3,0,"11,11,11|7,6,3",R64,OTHER,MS,2092,Main Draw,PENG Wang-Wei (TPE),KHADER Khaled (JOR)
ITTF Asian Championships Yogyakarta 2019,2019-09-15,AN Ji Song,KIM Minhyeok,3,0,"11,11,11|2,5,6",R64,OTHER,MS,2092,Main Draw,KIM Minhyeok (KOR),AN Ji Song (PRK)
ITTF Asian Championships Yogyakarta 2019,2019-09-15,JANG Woojin,DESAI Harmeet,3,1,"7,11,11,11|11,2,5,5",R64,OTHER,MS,2092,Main Draw,JANG Woojin (KOR),DESAI Harmeet (IND)
ITTF Asian Championships Yogyakarta 2019,2019-09-15,POH Ethan,CHEAIB Dauud,3,0,"11,11,11|0,0,0",R64,OTHER,MS,2092,Main Draw,CHEAIB Dauud (LBN),POH Ethan (SGP)
ITTF Asian Championships Yogyakarta 2019,2019-09-15,AHMADIAN Amin,BU SHULAYBI Abdulaziz,3,0,"11,11,12|8,9,10",R64,OTHER,MS,2092,Main Draw,BU SHULAYBI Abdulaziz (KSA),AHMADIAN Amin (IRI)
ITTF Asian Championships Yogyakarta 2019,2019-09-15,CHEN Meng,ZHU Chengzhu,3,0,"11,11,11|6,8,9",R32,OTHER,WS,2092,Main Draw,CHEN Meng (CHN),ZHU Chengzhu (HKG)
ITTF Asian Championships Yogyakarta 2019,2019-09-15,KATO Miyu,WONG Xin Ru,3,0,"11,11,11|3,4,7",R32,OTHER,WS,2092,Main Draw,WONG Xin Ru (SGP),KATO Miyu (JPN)
ITTF Asian Championships Yogyakarta 2019,2019-09-15,FENG Tianwei,KAMATH Archana,3,1,"11,11,9,11|9,9,11,4",R32,OTHER,WS,2092,Main Draw,FENG Tianwei (SGP),KAMATH Archana (IND)
ITTF Asian Championships Yogyakarta 2019,2019-09-15,SHIN Yubin,CHENG I-Ching,3,2,"11,12,9,7,11|2,10,11,11,8",R32,OTHER,WS,2092,Main Draw,SHIN Yubin (KOR),CHENG I-Ching (TPE)
ITTF Asian Championships Yogyakarta 2019,2019-09-15,ISHIKAWA Kasumi,BATRA Manika,3,0,"11,11,11|9,8,4",R32,OTHER,WS,2092,Main Draw,ISHIKAWA Kasumi (JPN),BATRA Manika (IND)
ITTF Asian Championships Yogyakarta 2019,2019-09-15,LEE Ho Ching,SUH Hyo Won,3,1,"3,12,14,11|11,10,12,8",R32,OTHER,WS,2092,Main Draw,LEE Ho Ching (HKG),SUH Hyo Won (KOR)
ITTF Asian Championships Yogyakarta 2019,2019-09-15,KIM Song I,ROMERO Jannah,3,0,"11,11,11|1,2,5",R32,OTHER,WS,2092,Main Draw,KIM Song I (PRK),ROMERO Jannah (PHI)
ITTF Asian Championships Yogyakarta 2019,2019-09-15,LIU Shiwen,SHIBATA Saki,3,1,"11,8,11,12|6,11,5,10",R32,OTHER,WS,2092,Main Draw,SHIBATA Saki (JPN),LIU Shiwen (CHN)
ITTF Asian Championships Yogyakarta 2019,2019-09-15,WANG Manyu,YU Mengyu,3,1,"9,11,11,11|11,3,9,6",R32,OTHER,WS,2092,Main Draw,WANG Manyu (CHN),YU Mengyu (SGP)
ITTF Asian Championships Yogyakarta 2019,2019-09-15,JEON Jihee,MUKHERJEE Sutirtha,3,1,"14,12,9,11|12,10,11,5",R32,OTHER,WS,2092,Main Draw,MUKHERJEE Sutirtha (IND),JEON Jihee (KOR)
ITTF Asian Championships Yogyakarta 2019,2019-09-15,SATO Hitomi,PATKAR Madhurika,3,0,"11,11,11|6,9,4",R32,OTHER,WS,2092,Main Draw,SATO Hitomi (JPN),PATKAR Madhurika (IND)
ITTF Asian Championships Yogyakarta 2019,2019-09-15,SUN Yingsha,LEE Eunhye,3,0,"11,11,11|9,8,9",R32,OTHER,WS,2092,Main Draw,LEE Eunhye (KOR),SUN Yingsha (CHN)
ITTF Asian Championships Yogyakarta 2019,2019-09-15,HIRANO Miu,LIU Hsing-Yin,3,2,"11,11,6,6,11|8,6,11,11,1",R32,OTHER,WS,2092,Main Draw,HIRANO Miu (JPN),LIU Hsing-Yin (TPE)
ITTF Asian Championships Yogyakarta 2019,2019-09-15,DOO Hoi Kem,AKASHEVA Zauresh,3,1,"11,6,11,11|3,11,4,4",R32,OTHER,WS,2092,Main Draw,AKASHEVA Zauresh (KAZ),DOO Hoi Kem (HKG)
ITTF Asian Championships Yogyakarta 2019,2019-09-15,MUKHERJEE Ayhika,BATBAYAR Doljinzuu,3,0,"11,11,11|6,7,3",R32,OTHER,WS,2092,Main Draw,MUKHERJEE Ayhika (IND),BATBAYAR Doljinzuu (MGL)
ITTF Asian Championships Yogyakarta 2019,2019-09-15,DING Ning,CHA Hyo Sim,3,2,"7,5,11,12,11|11,11,4,10,7",R32,OTHER,WS,2092,Main Draw,CHA Hyo Sim (PRK),DING Ning (CHN)
ITTF Asian Championships Yogyakarta 2019,2019-09-15,XU Xin,HODAEI Amir Hossein,3,0,"11,11,11|5,5,3",R32,OTHER,MS,2092,Main Draw,XU Xin (CHN),HODAEI Amir Hossein (IRI)
ITTF Asian Championships Yogyakarta 2019,2019-09-15,YOSHIMURA Maharu,LAM Siu Hang,3,0,"11,11,11|9,3,8",R32,OTHER,MS,2092,Main Draw,LAM Siu Hang (HKG),YOSHIMURA Maharu (JPN)
ITTF Asian Championships Yogyakarta 2019,2019-09-15,JIN Takuya,KIM Ok Chan,3,0,"11,12,11|8,10,7",R32,OTHER,MS,2092,Main Draw,JIN Takuya (JPN),KIM Ok Chan (PRK)
ITTF Asian Championships Yogyakarta 2019,2019-09-15,LEE Sang Su,ADASA Japheth,3,0,"11,11,11|6,6,5",R32,OTHER,MS,2092,Main Draw,ADASA Japheth (PHI),LEE Sang Su (KOR)
ITTF Asian Championships Yogyakarta 2019,2019-09-15,LIANG Jingkun,HO Kwan Kit,3,1,"11,9,11,11|7,11,1,5",R32,OTHER,MS,2092,Main Draw,LIANG Jingkun (CHN),HO Kwan Kit (HKG)
ITTF Asian Championships Yogyakarta 2019,2019-09-15,JEOUNG Youngsik,ALAMIAN Nima,3,1,"10,11,11,11|12,5,8,4",R32,OTHER,MS,2092,Main Draw,ALAMIAN Nima (IRI),JEOUNG Youngsik (KOR)
ITTF Asian Championships Yogyakarta 2019,2019-09-15,CHEN Chien-An,ANTHONY Amalraj,3,0,"11,11,11|6,8,8",R32,OTHER,MS,2092,Main Draw,CHEN Chien-An (TPE),ANTHONY Amalraj (IND)
ITTF Asian Championships Yogyakarta 2019,2019-09-15,HARIMOTO Tomokazu,NAYRE Jann Mari,3,0,"11,11,11|7,1,5",R32,OTHER,MS,2092,Main Draw,NAYRE Jann Mari (PHI),HARIMOTO Tomokazu (JPN)
ITTF Asian Championships Yogyakarta 2019,2019-09-15,LIN Gaoyuan,UDA Yukiya,3,0,"11,11,11|6,4,7",R32,OTHER,MS,2092,Main Draw,LIN Gaoyuan (CHN),UDA Yukiya (JPN)
ITTF Asian Championships Yogyakarta 2019,2019-09-15,AN Jaehyun,HAMIE Mohamad,3,1,"11,12,11,11|6,14,4,7",R32,OTHER,MS,2092,Main Draw,HAMIE Mohamad (LBN),AN Jaehyun (KOR)
ITTF Asian Championships Yogyakarta 2019,2019-09-15,GNANASEKARAN Sathiyan,ALAMIYAN Noshad,3,1,"8,11,11,11|11,7,6,5",R32,OTHER,MS,2092,Main Draw,GNANASEKARAN Sathiyan (IND),ALAMIYAN Noshad (IRI)
ITTF Asian Championships Yogyakarta 2019,2019-09-15,AN Ji Song,PENG Wang-Wei,3,0,"11,13,11|6,11,3",R32,OTHER,MS,2092,Main Draw,PENG Wang-Wei (TPE),AN Ji Song (PRK)
ITTF Asian Championships Yogyakarta 2019,2019-09-15,JANG Woojin,POH Ethan,3,1,"11,8,11,11|7,11,6,5",R32,OTHER,MS,2092,Main Draw,JANG Woojin (KOR),POH Ethan (SGP)
ITTF Asian Championships Yogyakarta 2019,2019-09-15,WANG Chuqin,AHMADIAN Amin,3,1,"11,10,11,11|5,12,5,6",R32,OTHER,MS,2092,Main Draw,AHMADIAN Amin (IRI),WANG Chuqin (CHN)
ITTF Asian Championships Yogyakarta 2019,2019-09-15,LIAO Cheng-Ting,THAKKAR Manav,3,0,"11,11,11|9,6,3",R32,OTHER,MS,2092,Main Draw,THAKKAR Manav (IND),LIAO Cheng-Ting (TPE)
ITTF Asian Championships Yogyakarta 2019,2019-09-15,FAN Zhendong,CHOONG Javen,3,0,"11,11,11|3,4,6",R32,OTHER,MS,2092,Main Draw,CHOONG Javen (MAS),FAN Zhendong (CHN)
ITTF Asian Championships Yogyakarta 2019,2019-09-15,CHEN Meng/WANG Manyu,YANG Ha Eun/JEON Jihee,3,0,"11,11,11|3,4,9",QF,OTHER,WD,2092,Main Draw,CHEN Meng (CHN) / WANG Manyu (CHN),YANG Ha Eun (KOR) / JEON Jihee (KOR)
ITTF Asian Championships Yogyakarta 2019,2019-09-15,HIRANO Miu/ISHIKAWA Kasumi,SOO Wai Yam/ZHU Chengzhu,3,0,"11,14,13|2,12,11",QF,OTHER,WD,2092,Main Draw,HIRANO Miu (JPN) / ISHIKAWA Kasumi (JPN),SOO Wai Yam (HKG) / ZHU Chengzhu (HKG)
ITTF Asian Championships Yogyakarta 2019,2019-09-15,SHIBATA Saki/SATO Hitomi,DOO Hoi Kem/LEE Ho Ching,3,1,"11,11,6,12|8,9,11,10",QF,OTHER,WD,2092,Main Draw,SHIBATA Saki (JPN) / SATO Hitomi (JPN),DOO Hoi Kem (HKG) / LEE Ho Ching (HKG)
ITTF Asian Championships Yogyakarta 2019,2019-09-15,DING Ning/ZHU Yuling,CHEN Szu-Yu/CHENG Hsien-Tzu,3,1,"11,11,8,11|4,8,11,7",QF,OTHER,WD,2092,Main Draw,DING Ning (CHN) / ZHU Yuling (MAC),CHEN Szu-Yu (TPE) / CHENG Hsien-Tzu (TPE)
ITTF Asian Championships Yogyakarta 2019,2019-09-15,FAN Zhendong/XU Xin,JANG Woojin/CHO Daeseong,3,0,"11,11,11|4,7,8",QF,OTHER,MD,2092,Main Draw,FAN Zhendong (CHN) / XU Xin (CHN),JANG Woojin (KOR) / CHO Daeseong (KOR)
ITTF Asian Championships Yogyakarta 2019,2019-09-15,YOSHIMURA Maharu/TOGAMI Shunsuke,WONG Chun Ting/HO Kwan Kit,3,1,"13,11,12,11|15,9,10,7",QF,OTHER,MD,2092,Main Draw,YOSHIMURA Maharu (JPN) / TOGAMI Shunsuke (JPN),WONG Chun Ting (HKG) / HO Kwan Kit (HKG)
ITTF Asian Championships Yogyakarta 2019,2019-09-15,LAM Siu Hang/NG Pak Nam,RI Jong Sik/HAM Yu Song,3,1,"6,11,11,11|11,6,8,5",QF,OTHER,MD,2092,Main Draw,LAM Siu Hang (HKG) / NG Pak Nam (HKG),RI Jong Sik (PRK) / HAM Yu Song (PRK)
ITTF Asian Championships Yogyakarta 2019,2019-09-15,LIANG Jingkun/LIN Gaoyuan,GNANASEKARAN Sathiyan/ACHANTA Sharath,3,2,"11,10,11,8,11|6,12,7,11,7",QF,OTHER,MD,2092,Main Draw,LIANG Jingkun (CHN) / LIN Gaoyuan (CHN),GNANASEKARAN Sathiyan (IND) / ACHANTA Sharath (IND)
ITTF Asian Championships Yogyakarta 2019,2019-09-15,CHEN Meng,KATO Miyu,3,0,"11,11,11|3,7,5",R16,OTHER,WS,2092,Main Draw,CHEN Meng (CHN),KATO Miyu (JPN)
ITTF Asian Championships Yogyakarta 2019,2019-09-15,FENG Tianwei,SHIN Yubin,3,0,"11,11,11|9,6,8",R16,OTHER,WS,2092,Main Draw,FENG Tianwei (SGP),SHIN Yubin (KOR)
ITTF Asian Championships Yogyakarta 2019,2019-09-15,ISHIKAWA Kasumi,LEE Ho Ching,3,1,"9,11,11,16|11,9,5,14",R16,OTHER,WS,2092,Main Draw,ISHIKAWA Kasumi (JPN),LEE Ho Ching (HKG)
ITTF Asian Championships Yogyakarta 2019,2019-09-15,LIU Shiwen,KIM Song I,3,1,"11,11,11,11|9,13,4,7",R16,OTHER,WS,2092,Main Draw,KIM Song I (PRK),LIU Shiwen (CHN)
ITTF Asian Championships Yogyakarta 2019,2019-09-15,WANG Manyu,JEON Jihee,3,0,"11,11,11|4,6,8",R16,OTHER,WS,2092,Main Draw,WANG Manyu (CHN),JEON Jihee (KOR)
ITTF Asian Championships Yogyakarta 2019,2019-09-15,SUN Yingsha,SATO Hitomi,3,0,"11,11,11|5,5,3",R16,OTHER,WS,2092,Main Draw,SATO Hitomi (JPN),SUN Yingsha (CHN)
ITTF Asian Championships Yogyakarta 2019,2019-09-15,HIRANO Miu,DOO Hoi Kem,3,1,"11,10,11,11|8,12,6,7",R16,OTHER,WS,2092,Main Draw,HIRANO Miu (JPN),DOO Hoi Kem (HKG)
ITTF Asian Championships Yogyakarta 2019,2019-09-15,DING Ning,MUKHERJEE Ayhika,3,1,"11,11,11,11|5,13,4,9",R16,OTHER,WS,2092,Main Draw,MUKHERJEE Ayhika (IND),DING Ning (CHN)
ITTF Asian Championships Yogyakarta 2019,2019-09-15,XU Xin,YOSHIMURA Maharu,3,1,"7,11,11,11|11,8,2,5",R16,OTHER,MS,2092,Main Draw,XU Xin (CHN),YOSHIMURA Maharu (JPN)
ITTF Asian Championships Yogyakarta 2019,2019-09-15,LEE Sang Su,JIN Takuya,3,2,"9,11,8,11,11|11,7,11,7,5",R16,OTHER,MS,2092,Main Draw,JIN Takuya (JPN),LEE Sang Su (KOR)
ITTF Asian Championships Yogyakarta 2019,2019-09-15,JEOUNG Youngsik,LIANG Jingkun,3,2,"9,4,11,11,11|11,11,6,4,7",R16,OTHER,MS,2092,Main Draw,LIANG Jingkun (CHN),JEOUNG Youngsik (KOR)
ITTF Asian Championships Yogyakarta 2019,2019-09-15,HARIMOTO Tomokazu,CHEN Chien-An,3,0,"11,11,12|5,9,10",R16,OTHER,MS,2092,Main Draw,CHEN Chien-An (TPE),HARIMOTO Tomokazu (JPN)
ITTF Asian Championships Yogyakarta 2019,2019-09-15,LIN Gaoyuan,AN Jaehyun,3,0,"11,11,11|9,8,9",R16,OTHER,MS,2092,Main Draw,LIN Gaoyuan (CHN),AN Jaehyun (KOR)
ITTF Asian Championships Yogyakarta 2019,2019-09-15,GNANASEKARAN Sathiyan,AN Ji Song,3,0,"11,11,11|7,8,6",R16,OTHER,MS,2092,Main Draw,GNANASEKARAN Sathiyan (IND),AN Ji Song (PRK)
ITTF Asian Championships Yogyakarta 2019,2019-09-15,WANG Chuqin,JANG Woojin,3,2,"12,11,11,5,11|10,13,1,11,5",R16,OTHER,MS,2092,Main Draw,JANG Woojin (KOR),WANG Chuqin (CHN)
ITTF Asian Championships Yogyakarta 2019,2019-09-15,FAN Zhendong,LIAO Cheng-Ting,3,0,"11,11,11|4,5,4",R16,OTHER,MS,2092,Main Draw,LIAO Cheng-Ting (TPE),FAN Zhendong (CHN)
ITTF Asian Championships Yogyakarta 2019,2019-09-15,LIU Shiwen,ISHIKAWA Kasumi,3,0,"11,11,11|7,8,4",QF,OTHER,WS,2092,Main Draw,ISHIKAWA Kasumi (JPN),LIU Shiwen (CHN)
ITTF Asian Championships Yogyakarta 2019,2019-09-15,CHEN Meng,FENG Tianwei,3,0,"11,11,11|6,7,8",QF,OTHER,WS,2092,Main Draw,CHEN Meng (CHN),FENG Tianwei (SGP)
ITTF Asian Championships Yogyakarta 2019,2019-09-15,DING Ning,HIRANO Miu,3,0,"11,13,11|8,11,4",QF,OTHER,WS,2092,Main Draw,HIRANO Miu (JPN),DING Ning (CHN)
ITTF Asian Championships Yogyakarta 2019,2019-09-15,SUN Yingsha,WANG Manyu,3,0,"11,11,13|9,7,11",QF,OTHER,WS,2092,Main Draw,WANG Manyu (CHN),SUN Yingsha (CHN)
ITTF Asian Championships Yogyakarta 2019,2019-09-15,HARIMOTO Tomokazu,JEOUNG Youngsik,3,0,"11,11,11|8,7,5",QF,OTHER,MS,2092,Main Draw,JEOUNG Youngsik (KOR),HARIMOTO Tomokazu (JPN)
ITTF Asian Championships Yogyakarta 2019,2019-09-15,LIN Gaoyuan,GNANASEKARAN Sathiyan,3,1,"11,11,8,11|7,5,11,8",QF,OTHER,MS,2092,Main Draw,LIN Gaoyuan (CHN),GNANASEKARAN Sathiyan (IND)
ITTF Asian Championships Yogyakarta 2019,2019-09-15,FAN Zhendong,WANG Chuqin,3,0,"11,12,11|8,10,6",QF,OTHER,MS,2092,Main Draw,WANG Chuqin (CHN),FAN Zhendong (CHN)
ITTF Asian Championships Yogyakarta 2019,2019-09-15,FAN Zhendong/XU Xin,YOSHIMURA Maharu/TOGAMI Shunsuke,3,2,"4,10,11,11,11|11,12,6,6,5",SF,OTHER,MD,2092,Main Draw,FAN Zhendong (CHN) / XU Xin (CHN),YOSHIMURA Maharu (JPN) / TOGAMI Shunsuke (JPN)
ITTF Asian Championships Yogyakarta 2019,2019-09-15,LIANG Jingkun/LIN Gaoyuan,LAM Siu Hang/NG Pak Nam,3,2,"11,11,9,8,11|5,8,11,11,4",SF,OTHER,MD,2092,Main Draw,LIANG Jingkun (CHN) / LIN Gaoyuan (CHN),LAM Siu Hang (HKG) / NG Pak Nam (HKG)
ITTF Asian Championships Yogyakarta 2019,2019-09-15,LIU Shiwen,CHEN Meng,3,1,"11,12,11,11|9,14,2,4",SF,OTHER,WS,2092,Main Draw,CHEN Meng (CHN),LIU Shiwen (CHN)
ITTF Asian Championships Yogyakarta 2019,2019-09-15,SUN Yingsha,DING Ning,3,1,"11,11,7,11|3,1,11,9",SF,OTHER,WS,2092,Main Draw,SUN Yingsha (CHN),DING Ning (CHN)
ITTF Asian Championships Yogyakarta 2019,2019-09-15,XU Xin/LIU Shiwen,WANG Chuqin/SUN Yingsha,3,1,"11,7,11,11|7,11,7,9",F,OTHER,XD,2092,Main Draw,XU Xin (CHN) / LIU Shiwen (CHN),WANG Chuqin (CHN) / SUN Yingsha (CHN)
ITTF Asian Championships Yogyakarta 2019,2019-09-15,LIANG Jingkun/LIN Gaoyuan,FAN Zhendong/XU Xin,3,1,"6,11,11,11|11,9,8,7",F,OTHER,MD,2092,Main Draw,LIANG Jingkun (CHN) / LIN Gaoyuan (CHN),FAN Zhendong (CHN) / XU Xin (CHN)
ITTF Asian Championships Yogyakarta 2019,2019-09-15,SUN Yingsha,LIU Shiwen,3,0,"14,11,13|12,8,11",F,OTHER,WS,2092,Main Draw,LIU Shiwen (CHN),SUN Yingsha (CHN)
ITTF Asian Championships Yogyakarta 2019,2019-09-15,CHEN Meng/WANG Manyu,HIRANO Miu/ISHIKAWA Kasumi,3,1,"6,11,11,11|11,7,7,5",SF,OTHER,WD,2092,Main Draw,CHEN Meng (CHN) / WANG Manyu (CHN),HIRANO Miu (JPN) / ISHIKAWA Kasumi (JPN)
ITTF Asian Championships Yogyakarta 2019,2019-09-15,DING Ning/ZHU Yuling,SHIBATA Saki/SATO Hitomi,3,0,"11,11,11|6,7,2",SF,OTHER,WD,2092,Main Draw,DING Ning (CHN) / ZHU Yuling (MAC),SHIBATA Saki (JPN) / SATO Hitomi (JPN)
ITTF Asian Championships Yogyakarta 2019,2019-09-15,XU Xin,HARIMOTO Tomokazu,3,0,"11,11,11|4,9,9",SF,OTHER,MS,2092,Main Draw,XU Xin (CHN),HARIMOTO Tomokazu (JPN)
ITTF Asian Championships Yogyakarta 2019,2019-09-15,LIN Gaoyuan,FAN Zhendong,3,0,"11,11,11|7,6,3",SF,OTHER,MS,2092,Main Draw,LIN Gaoyuan (CHN),FAN Zhendong (CHN)
ITTF Asian Championships Yogyakarta 2019,2019-09-15,DING Ning/ZHU Yuling,CHEN Meng/WANG Manyu,3,0,"11,11,11|9,4,5",F,OTHER,WD,2092,Main Draw,DING Ning (CHN) / ZHU Yuling (MAC),CHEN Meng (CHN) / WANG Manyu (CHN)
ITTF Asian Championships Yogyakarta 2019,2019-09-15,XU Xin,LIN Gaoyuan,3,1,"11,6,11,11|6,11,2,8",F,OTHER,MS,2092,Main Draw,XU Xin (CHN),LIN Gaoyuan (CHN)
ITTF Asian Championships Yogyakarta 2019,2019-09-15,CHEAIB Dauud,JARGALSAIKHAN Munkhzorig,3,0,"11,11,11|6,3,9",,OTHER,MT,2092,,CHEAIB Dauud (LBN),JARGALSAIKHAN Munkhzorig (MGL)
ITTF Asian Championships Yogyakarta 2019,2019-09-15,HAMIE Mohamad,GANKHUYAG Ser-Od,3,2,"4,10,11,13,11|11,12,7,11,7",,OTHER,MT,2092,,HAMIE Mohamad (LBN),GANKHUYAG Ser-Od (MGL)
ITTF Asian Championships Yogyakarta 2019,2019-09-15,HABACH SaadEddine,BAYASGALAN Bilguun,3,0,"11,12,12|4,10,10",,OTHER,MT,2092,,HABACH SaadEddine (LBN),BAYASGALAN Bilguun (MGL)
ITTF Asian Championships Yogyakarta 2019,2019-09-15,SIRISENA Rohan,ALRASHIDI Marzooq,3,1,"11,8,11,11|8,11,9,8",,OTHER,MT,2092,,SIRISENA Rohan (SRI),ALRASHIDI Marzooq (KUW)
ITTF Asian Championships Yogyakarta 2019,2019-09-15,AL-HASAN Ibrahem,WARUSAWITHANA Supuna,3,0,"11,11,11|3,6,7",,OTHER,MT,2092,,WARUSAWITHANA Supuna (SRI),AL-HASAN Ibrahem (KUW)
ITTF Asian Championships Yogyakarta 2019,2019-09-15,AL-HASAN Salem,GINIGE Chameera,3,1,"12,11,6,11|10,5,11,7",,OTHER,MT,2092,,GINIGE Chameera (SRI),AL-HASAN Salem (KUW)
ITTF Asian Championships Yogyakarta 2019,2019-09-15,AL-HASAN Ibrahem,SIRISENA Rohan,3,1,"11,5,11,11|5,11,6,8",,OTHER,MT,2092,,SIRISENA Rohan (SRI),AL-HASAN Ibrahem (KUW)
ITTF Asian Championships Yogyakarta 2019,2019-09-15,ALBALOOSHI Abdulla,RIDOY Mohutasin,3,0,"11,11,11|9,6,5",,OTHER,MT,2092,,ALBALOOSHI Abdulla (UAE),RIDOY Mohutasin (BAN)
ITTF Asian Championships Yogyakarta 2019,2019-09-15,ALBALUSHI Salah,CHOWDHURY Manash,3,1,"11,11,11,11|7,13,3,7",,OTHER,MT,2092,,ALBALUSHI Salah (UAE),CHOWDHURY Manash (BAN)
ITTF Asian Championships Yogyakarta 2019,2019-09-15,ALBLOOSHI Essa,PARAG Masud Rana,3,1,"9,11,11,13|11,9,7,11",,OTHER,MT,2092,,ALBLOOSHI Essa (UAE),PARAG Masud Rana (BAN)
ITTF Asian Championships Yogyakarta 2019,2019-09-15,SHRESTHA Santoo,AHMEDOV Ravil,3,0,"11,11,11|5,8,6",,OTHER,MT,2092,,SHRESTHA Santoo (NEP),AHMEDOV Ravil (TKM)
ITTF Asian Championships Yogyakarta 2019,2019-09-15,AHMEDOV Rashid,MALLA Amar,3,2,"9,11,7,11,11|11,6,11,8,9",,OTHER,MT,2092,,MALLA Amar (NEP),AHMEDOV Rashid (TKM)
ITTF Asian Championships Yogyakarta 2019,2019-09-15,KAPALI Sanyog,ALLANAZAROV Guychgeldi,3,1,"10,11,11,11|12,8,7,7",,OTHER,MT,2092,,KAPALI Sanyog (NEP),ALLANAZAROV Guychgeldi (TKM)
ITTF Asian Championships Yogyakarta 2019,2019-09-15,SHRESTHA Santoo,AHMEDOV Rashid,3,1,"12,11,8,13|10,7,11,11",,OTHER,MT,2092,,SHRESTHA Santoo (NEP),AHMEDOV Rashid (TKM)
ITTF Asian Championships Yogyakarta 2019,2019-09-15,ALDMAISY Zeyad,HOSSEINI Mohammad,3,0,"11,11,11|5,3,5",,OTHER,MT,2092,,HOSSEINI Mohammad (AFG),ALDMAISY Zeyad (JOR)
ITTF Asian Championships Yogyakarta 2019,2019-09-15,ABO YAMAN Zaid,BAKHTIYARI Mustafa,3,0,"11,11,11|7,3,6",,OTHER,MT,2092,,BAKHTIYARI Mustafa (AFG),ABO YAMAN Zaid (JOR)
ITTF Asian Championships Yogyakarta 2019,2019-09-15,SALAMEH Mohammad,MOHAMADIAN Hossain,3,1,"10,11,11,11|12,9,4,4",,OTHER,MT,2092,,MOHAMADIAN Hossain (AFG),SALAMEH Mohammad (JOR)
ITTF Asian Championships Yogyakarta 2019,2019-09-15,KENJAEV Zokhid,TAHER Omar,3,0,"0,0,0|0,0,0",,OTHER,MT,2092,,KENJAEV Zokhid (UZB),TAHER Omar (IRQ)
ITTF Asian Championships Yogyakarta 2019,2019-09-15,TESHABOEV Kutbidillo,TAHER Mohammed,3,0,"0,0,0|0,0,0",,OTHER,MT,2092,,TESHABOEV Kutbidillo (UZB),TAHER Mohammed (IRQ)
ITTF Asian Championships Yogyakarta 2019,2019-09-15,TYAN Stanislav,HAMEED Anwer,3,0,"0,0,0|0,0,0",,OTHER,MT,2092,,TYAN Stanislav (UZB),HAMEED Anwer (IRQ)
ITTF Asian Championships Yogyakarta 2019,2019-09-15,GONZALES Richard,CHEONG Chi Cheng,3,0,"11,11,11|4,5,9",,OTHER,MT,2092,,CHEONG Chi Cheng (MAC),GONZALES Richard (PHI)
ITTF Asian Championships Yogyakarta 2019,2019-09-15,NAYRE Jann Mari,CHEONG Chi Chon,3,0,"11,11,11|4,7,7",,OTHER,MT,2092,,CHEONG Chi Chon (MAC),NAYRE Jann Mari (PHI)
ITTF Asian Championships Yogyakarta 2019,2019-09-15,MISAL John Russel,KOU CHEONG Chak,3,0,"11,12,11|7,10,6",,OTHER,MT,2092,,KOU CHEONG Chak (MAC),MISAL John Russel (PHI)
ITTF Asian Championships Yogyakarta 2019,2019-09-15,AMINAH Siti,DAEL Emy Rose,3,1,"11,11,4,11|4,9,11,5",,OTHER,WT,2092,,AMINAH Siti (INA),DAEL Emy Rose (PHI)
ITTF Asian Championships Yogyakarta 2019,2019-09-15,FADOL Rose Jean,WIDARAHMAN Novida,3,0,"13,11,11|11,5,8",,OTHER,WT,2092,,WIDARAHMAN Novida (INA),FADOL Rose Jean (PHI)
ITTF Asian Championships Yogyakarta 2019,2019-09-15,ROMERO Jannah,SYAHRANI Tyas,3,0,"11,11,11|5,6,7",,OTHER,WT,2092,,SYAHRANI Tyas (INA),ROMERO Jannah (PHI)
ITTF Asian Championships Yogyakarta 2019,2019-09-15,FADOL Rose Jean,AMINAH Siti,3,0,"11,11,11|6,8,4",,OTHER,WT,2092,,AMINAH Siti (INA),FADOL Rose Jean (PHI)
ITTF Asian Championships Yogyakarta 2019,2019-09-15,ALI Fathimath,BANDARA Bimandee,3,0,"11,11,11|4,9,5",,OTHER,WT,2092,,ALI Fathimath (MDV),BANDARA Bimandee (SRI)
ITTF Asian Championships Yogyakarta 2019,2019-09-15,MADURANGI Ishara,ISMAIL Laisa,3,0,"11,11,11|6,8,2",,OTHER,WT,2092,,ISMAIL Laisa (MDV),MADURANGI Ishara (SRI)
ITTF Asian Championships Yogyakarta 2019,2019-09-15,WARUSAWITHANA Erandi,NIMAL Fathimath,3,1,"11,11,3,13|6,9,11,11",,OTHER,WT,2092,,NIMAL Fathimath (MDV),WARUSAWITHANA Erandi (SRI)
ITTF Asian Championships Yogyakarta 2019,2019-09-15,MADURANGI Ishara,ALI Fathimath,3,2,"9,11,9,11,11|11,8,11,5,9",,OTHER,WT,2092,,ALI Fathimath (MDV),MADURANGI Ishara (SRI)
ITTF Asian Championships Yogyakarta 2019,2019-09-15,KHOURY Malak,AL-WEDIAN Bara,3,0,"16,11,11|14,9,5",,OTHER,WT,2092,,AL-WEDIAN Bara (JOR),KHOURY Malak (LBN)
ITTF Asian Championships Yogyakarta 2019,2019-09-15,SAHAKIAN Mariana,ABO-YAMAN Taimmaa,3,0,"11,11,11|9,5,2",,OTHER,WT,2092,,ABO-YAMAN Taimmaa (JOR),SAHAKIAN Mariana (LBN)
ITTF Asian Championships Yogyakarta 2019,2019-09-15,KECHICHIAN Noel,ALDMAISY Yara,3,0,"11,11,11|9,9,6",,OTHER,WT,2092,,ALDMAISY Yara (JOR),KECHICHIAN Noel (LBN)
ITTF Asian Championships Yogyakarta 2019,2019-09-15,BATBAYAR Doljinzuu,DURDYYEVA Menli,3,0,"12,11,11|10,3,6",,OTHER,WT,2092,,BATBAYAR Doljinzuu (MGL),DURDYYEVA Menli (TKM)
ITTF Asian Championships Yogyakarta 2019,2019-09-15,BALLYYEVA Enejan,BATMUNKH Bolor-Erdene,3,1,"9,11,11,11|11,7,4,8",,OTHER,WT,2092,,BATMUNKH Bolor-Erdene (MGL),BALLYYEVA Enejan (TKM)
ITTF Asian Championships Yogyakarta 2019,2019-09-15,NYYAZGYLYJOVA Oguljennet,BATSAIKHAN Khongorzul,3,2,"10,11,12,11,12|12,6,14,5,10",,OTHER,WT,2092,,BATSAIKHAN Khongorzul (MGL),NYYAZGYLYJOVA Oguljennet (TKM)
ITTF Asian Championships Yogyakarta 2019,2019-09-15,BATBAYAR Doljinzuu,BALLYYEVA Enejan,3,1,"12,11,11,11|14,6,8,4",,OTHER,WT,2092,,BATBAYAR Doljinzuu (MGL),BALLYYEVA Enejan (TKM)
ITTF Asian Championships Yogyakarta 2019,2019-09-15,BATMUNKH Bolor-Erdene,DURDYYEVA Menli,3,0,"11,11,11|6,5,5",,OTHER,WT,2092,,BATMUNKH Bolor-Erdene (MGL),DURDYYEVA Menli (TKM)
ITTF Asian Championships Yogyakarta 2019,2019-09-15,KIM Regina,ALAM Moumita,3,0,"11,11,11|7,7,5",,OTHER,WT,2092,,ALAM Moumita (BAN),KIM Regina (UZB)
ITTF Asian Championships Yogyakarta 2019,2019-09-15,GUFRANOVA Rimma,SOMA Sonam,3,0,"11,11,11|2,1,8",,OTHER,WT,2092,,SOMA Sonam (BAN),GUFRANOVA Rimma (UZB)
ITTF Asian Championships Yogyakarta 2019,2019-09-15,KHADJIEVA Rozalina,AKTER Rahima,3,0,"11,11,11|3,5,3",,OTHER,WT,2092,,AKTER Rahima (BAN),KHADJIEVA Rozalina (UZB)
ITTF Asian Championships Yogyakarta 2019,2019-09-15,TAO Chong,SHRESTHA Nabita,3,1,"10,11,11,11|12,4,5,5",,OTHER,WT,2092,,SHRESTHA Nabita (NEP),TAO Chong (MAC)
ITTF Asian Championships Yogyakarta 2019,2019-09-15,LEI Wai Mei,MAHARJAN Elina,3,0,"13,11,11|11,5,9",,OTHER,WT,2092,,MAHARJAN Elina (NEP),LEI Wai Mei (MAC)
ITTF Asian Championships Yogyakarta 2019,2019-09-15,CHEUNG Pui Man,SUWAL Sikka,3,1,"11,11,7,11|8,9,11,5",,OTHER,WT,2092,,SUWAL Sikka (NEP),CHEUNG Pui Man (MAC)
ITTF Asian Championships Yogyakarta 2019,2019-09-15,SALEH Mohamed,MAMONTO Syahrizal Nauval Akbar,3,1,"9,11,11,11|11,4,3,6",,OTHER,MT,2092,,SALEH Mohamed (BRN),MAMONTO Syahrizal Nauval Akbar (INA)
ITTF Asian Championships Yogyakarta 2019,2019-09-15,NIMAN Rafanael,RASHED Rashed,3,1,"11,15,7,11|5,13,11,5",,OTHER,MT,2092,,RASHED Rashed (BRN),NIMAN Rafanael (INA)
ITTF Asian Championships Yogyakarta 2019,2019-09-15,ANNAFI Hafidh Nuur,ALYASSI Alyas,3,1,"7,11,11,11|11,9,5,6",,OTHER,MT,2092,,ALYASSI Alyas (BRN),ANNAFI Hafidh Nuur (INA)
ITTF Asian Championships Yogyakarta 2019,2019-09-15,SALEH Mohamed,NIMAN Rafanael,3,0,"11,12,11|5,10,8",,OTHER,MT,2092,,SALEH Mohamed (BRN),NIMAN Rafanael (INA)
ITTF Asian Championships Yogyakarta 2019,2019-09-15,RASHED Rashed,MAMONTO Syahrizal Nauval Akbar,3,2,"11,7,6,11,11|9,11,11,8,7",,OTHER,MT,2092,,RASHED Rashed (BRN),MAMONTO Syahrizal Nauval Akbar (INA)
ITTF Asian Championships Yogyakarta 2019,2019-09-15,AKHMEDZHANOV Mukhammed,ABOU SEF Yousri,3,0,"11,15,11|9,13,8",,OTHER,MT,2092,,AKHMEDZHANOV Mukhammed (KGZ),ABOU SEF Yousri (PLE)
ITTF Asian Championships Yogyakarta 2019,2019-09-15,DOUFESH Husam,AITAHUNOV Abdyljan,3,0,"11,11,12|7,9,10",,OTHER,MT,2092,,AITAHUNOV Abdyljan (KGZ),DOUFESH Husam (PLE)
ITTF Asian Championships Yogyakarta 2019,2019-09-15,MASALMA Fadi,TSOI Evgeny,3,0,"11,11,11|6,4,3",,OTHER,MT,2092,,TSOI Evgeny (KGZ),MASALMA Fadi (PLE)
ITTF Asian Championships Yogyakarta 2019,2019-09-15,AKHMEDZHANOV Mukhammed,DOUFESH Husam,3,0,"11,14,11|3,12,9",,OTHER,MT,2092,,AKHMEDZHANOV Mukhammed (KGZ),DOUFESH Husam (PLE)
ITTF Asian Championships Yogyakarta 2019,2019-09-15,ABOU SEF Yousri,AITAHUNOV Abdyljan,3,0,"12,11,11|10,2,6",,OTHER,MT,2092,,AITAHUNOV Abdyljan (KGZ),ABOU SEF Yousri (PLE)
ITTF Asian Championships Yogyakarta 2019,2019-09-15,FAN Zhendong,PANG Koen,3,0,"11,11,11|5,4,4",QF,OTHER,MT,2092,Main Draw,FAN Zhendong (CHN),PANG Koen (SGP)
ITTF Asian Championships Yogyakarta 2019,2019-09-15,WANG Chuqin,POH Ethan,3,0,"11,11,11|4,8,5",QF,OTHER,MT,2092,Main Draw,WANG Chuqin (CHN),POH Ethan (SGP)
ITTF Asian Championships Yogyakarta 2019,2019-09-15,LIANG Jingkun,CHUA Josh,3,0,"11,11,11|4,3,0",QF,OTHER,MT,2092,Main Draw,LIANG Jingkun (CHN),CHUA Josh (SGP)
ITTF Asian Championships Yogyakarta 2019,2019-09-15,AN Ji Song,HAMIE Mohamad,3,0,"11,11,11|4,6,9",,OTHER,MT,2092,,AN Ji Song (PRK),HAMIE Mohamad (LBN)
ITTF Asian Championships Yogyakarta 2019,2019-09-15,HAM Yu Song,CHEAIB Dauud,3,0,"11,11,11|1,9,4",,OTHER,MT,2092,,HAM Yu Song (PRK),CHEAIB Dauud (LBN)
ITTF Asian Championships Yogyakarta 2019,2019-09-15,KIM Ok Chan,HABACH SaadEddine,3,0,"11,11,11|3,4,7",,OTHER,MT,2092,,KIM Ok Chan (PRK),HABACH SaadEddine (LBN)
ITTF Asian Championships Yogyakarta 2019,2019-09-15,ACHANTA Sharath,ALRASHIDI Marzooq,3,0,"11,11,11|6,4,7",,OTHER,MT,2092,,ACHANTA Sharath (IND),ALRASHIDI Marzooq (KUW)
ITTF Asian Championships Yogyakarta 2019,2019-09-15,GNANASEKARAN Sathiyan,AL-HASAN Ibrahem,3,0,"11,11,12|9,8,10",,OTHER,MT,2092,,GNANASEKARAN Sathiyan (IND),AL-HASAN Ibrahem (KUW)
ITTF Asian Championships Yogyakarta 2019,2019-09-15,DESAI Harmeet,AL-BALHAN Jaber,3,0,"11,11,11|8,8,6",,OTHER,MT,2092,,DESAI Harmeet (IND),AL-BALHAN Jaber (KUW)
ITTF Asian Championships Yogyakarta 2019,2019-09-15,AHMADIAN Amin,RIDOY Mohutasin,3,0,"11,11,11|3,9,3",,OTHER,MT,2092,,AHMADIAN Amin (IRI),RIDOY Mohutasin (BAN)
ITTF Asian Championships Yogyakarta 2019,2019-09-15,ALAMIYAN Noshad,CHOWDHURY Manash,3,0,"11,11,11|5,7,8",,OTHER,MT,2092,,ALAMIYAN Noshad (IRI),CHOWDHURY Manash (BAN)
ITTF Asian Championships Yogyakarta 2019,2019-09-15,ALAMIAN Nima,PARAG Masud Rana,3,0,"11,11,11|3,7,5",,OTHER,MT,2092,,ALAMIAN Nima (IRI),PARAG Masud Rana (BAN)
ITTF Asian Championships Yogyakarta 2019,2019-09-15,WISUTMAYTHANGKOON Supanut,SHRESTHA Santoo,3,0,"11,11,11|8,2,8",,OTHER,MT,2092,,WISUTMAYTHANGKOON Supanut (THA),SHRESTHA Santoo (NEP)
ITTF Asian Championships Yogyakarta 2019,2019-09-15,PASSARA Pattaratorn,KAPALI Sanyog,3,0,"11,11,11|3,5,6",,OTHER,MT,2092,,PASSARA Pattaratorn (THA),KAPALI Sanyog (NEP)
ITTF Asian Championships Yogyakarta 2019,2019-09-15,PANAGITGUN Yanapong,MALLA Amar,3,0,"11,11,11|9,4,8",,OTHER,MT,2092,,PANAGITGUN Yanapong (THA),MALLA Amar (NEP)
ITTF Asian Championships Yogyakarta 2019,2019-09-15,WONG Qi Shen,HOSSEINI Mohammad,3,1,"11,8,11,11|6,11,5,3",,OTHER,MT,2092,,HOSSEINI Mohammad (AFG),WONG Qi Shen (MAS)
ITTF Asian Championships Yogyakarta 2019,2019-09-15,LING Yi Heng Amos,BAKHTIYARI Mustafa,3,0,"12,11,11|10,9,3",,OTHER,MT,2092,,BAKHTIYARI Mustafa (AFG),LING Yi Heng Amos (MAS)
ITTF Asian Championships Yogyakarta 2019,2019-09-15,CHOONG Javen,MOHAMADIAN Hossain,3,0,"11,11,11|4,4,8",,OTHER,MT,2092,,MOHAMADIAN Hossain (AFG),CHOONG Javen (MAS)
ITTF Asian Championships Yogyakarta 2019,2019-09-15,GERASSIMENKO Kirill,TAHER Omar,3,0,"0,0,0|0,0,0",,OTHER,MT,2092,,GERASSIMENKO Kirill (KAZ),TAHER Omar (IRQ)
ITTF Asian Championships Yogyakarta 2019,2019-09-15,KENZHIGULOV Aidos,TAHER Mohammed,3,0,"0,0,0|0,0,0",,OTHER,MT,2092,,KENZHIGULOV Aidos (KAZ),TAHER Mohammed (IRQ)
ITTF Asian Championships Yogyakarta 2019,2019-09-15,ZHAMAL Bekulan,HAMEED Anwer,3,0,"0,0,0|0,0,0",,OTHER,MT,2092,,ZHAMAL Bekulan (KAZ),HAMEED Anwer (IRQ)
ITTF Asian Championships Yogyakarta 2019,2019-09-15,AL-ABBAD Abdulaziz,GONZALES Richard,3,0,"11,11,11|6,7,6",,OTHER,MT,2092,,AL-ABBAD Abdulaziz (KSA),GONZALES Richard (PHI)
ITTF Asian Championships Yogyakarta 2019,2019-09-15,ALKHADRAWI Ali,NAYRE Jann Mari,3,2,"11,11,6,7,11|9,9,11,11,9",,OTHER,MT,2092,,ALKHADRAWI Ali (KSA),NAYRE Jann Mari (PHI)
ITTF Asian Championships Yogyakarta 2019,2019-09-15,MISAL John Russel,BU SHULAYBI Abdulaziz,3,0,"11,13,11|8,11,7",,OTHER,MT,2092,,BU SHULAYBI Abdulaziz (KSA),MISAL John Russel (PHI)
ITTF Asian Championships Yogyakarta 2019,2019-09-15,NAYRE Jann Mari,AL-ABBAD Abdulaziz,3,0,"11,12,11|4,10,2",,OTHER,MT,2092,,AL-ABBAD Abdulaziz (KSA),NAYRE Jann Mari (PHI)
ITTF Asian Championships Yogyakarta 2019,2019-09-15,ALKHADRAWI Ali,GONZALES Richard,3,2,"8,11,7,11,11|11,7,11,7,9",,OTHER,MT,2092,,ALKHADRAWI Ali (KSA),GONZALES Richard (PHI)
ITTF Asian Championships Yogyakarta 2019,2019-09-15,LIU Shiwen,KIM Nam Hae,3,0,"11,11,11|5,4,2",QF,OTHER,WT,2092,Main Draw,LIU Shiwen (CHN),KIM Nam Hae (PRK)
ITTF Asian Championships Yogyakarta 2019,2019-09-15,SUN Yingsha,CHA Hyo Sim,3,1,"11,11,10,11|9,5,12,5",QF,OTHER,WT,2092,Main Draw,SUN Yingsha (CHN),CHA Hyo Sim (PRK)
ITTF Asian Championships Yogyakarta 2019,2019-09-15,WANG Manyu,KIM Song I,3,0,"11,11,11|4,3,7",QF,OTHER,WT,2092,Main Draw,WANG Manyu (CHN),KIM Song I (PRK)
ITTF Asian Championships Yogyakarta 2019,2019-09-15,SAWETTABUT Suthasini,BALLYYEVA Enejan,3,0,"11,11,11|5,3,4",,OTHER,WT,2092,,SAWETTABUT Suthasini (THA),BALLYYEVA Enejan (TKM)
ITTF Asian Championships Yogyakarta 2019,2019-09-15,PARANANG Orawan,NYYAZGYLYJOVA Oguljennet,3,0,"11,11,11|4,5,4",,OTHER,WT,2092,,PARANANG Orawan (THA),NYYAZGYLYJOVA Oguljennet (TKM)
ITTF Asian Championships Yogyakarta 2019,2019-09-15,SAWETTABUT Jinnipa,DURDYYEVA Menli,3,0,"11,11,11|9,7,2",,OTHER,WT,2092,,SAWETTABUT Jinnipa (THA),DURDYYEVA Menli (TKM)
ITTF Asian Championships Yogyakarta 2019,2019-09-15,YU Mengyu,ALI Fathimath,3,0,"11,11,11|4,5,0",,OTHER,WT,2092,,YU Mengyu (SGP),ALI Fathimath (MDV)
ITTF Asian Championships Yogyakarta 2019,2019-09-15,LIN Ye,ISMAIL Laisa,3,0,"11,11,11|4,2,3",,OTHER,WT,2092,,LIN Ye (CAN),ISMAIL Laisa (MDV)
ITTF Asian Championships Yogyakarta 2019,2019-09-15,GOI Rui Xuan,NIMAL Fathimath,3,0,"11,11,11|2,3,5",,OTHER,WT,2092,,GOI Rui Xuan (SGP),NIMAL Fathimath (MDV)
ITTF Asian Championships Yogyakarta 2019,2019-09-15,PATKAR Madhurika,AL-WEDIAN Bara,3,0,"11,11,11|4,7,2",,OTHER,WT,2092,,AL-WEDIAN Bara (JOR),PATKAR Madhurika (IND)
ITTF Asian Championships Yogyakarta 2019,2019-09-15,BATRA Manika,ABO-YAMAN Taimmaa,3,0,"11,11,11|4,6,8",,OTHER,WT,2092,,ABO-YAMAN Taimmaa (JOR),BATRA Manika (IND)
ITTF Asian Championships Yogyakarta 2019,2019-09-15,MUKHERJEE Ayhika,ALDMAISY Yara,3,0,"11,11,11|0,4,0",,OTHER,WT,2092,,ALDMAISY Yara (JOR),MUKHERJEE Ayhika (IND)
ITTF Asian Championships Yogyakarta 2019,2019-09-15,NIMAN Rafanael,MASALMA Fadi,3,0,"11,11,11|8,6,7",,OTHER,MT,2092,,NIMAN Rafanael (INA),MASALMA Fadi (PLE)
ITTF Asian Championships Yogyakarta 2019,2019-09-15,MAMONTO Syahrizal Nauval Akbar,ABOU SEF Yousri,3,0,"11,11,11|8,8,9",,OTHER,MT,2092,,MAMONTO Syahrizal Nauval Akbar (INA),ABOU SEF Yousri (PLE)
ITTF Asian Championships Yogyakarta 2019,2019-09-15,ANNAFI Hafidh Nuur,DOUFESH Husam,3,0,"11,11,12|7,5,10",,OTHER,MT,2092,,ANNAFI Hafidh Nuur (INA),DOUFESH Husam (PLE)
ITTF Asian Championships Yogyakarta 2019,2019-09-15,SALEH Mohamed,AITAHUNOV Abdyljan,3,0,"11,11,11|7,4,5",,OTHER,MT,2092,,SALEH Mohamed (BRN),AITAHUNOV Abdyljan (KGZ)
ITTF Asian Championships Yogyakarta 2019,2019-09-15,AKHMEDZHANOV Mukhammed,RASHED Rashed,3,0,"11,11,11|7,8,7",,OTHER,MT,2092,,RASHED Rashed (BRN),AKHMEDZHANOV Mukhammed (KGZ)
ITTF Asian Championships Yogyakarta 2019,2019-09-15,MURTADHA Husain,TSOI Evgeny,3,0,"11,11,11|3,4,1",,OTHER,MT,2092,,MURTADHA Husain (BRN),TSOI Evgeny (KGZ)
ITTF Asian Championships Yogyakarta 2019,2019-09-15,SALEH Mohamed,AKHMEDZHANOV Mukhammed,3,0,"12,11,11|10,7,9",,OTHER,MT,2092,,SALEH Mohamed (BRN),AKHMEDZHANOV Mukhammed (KGZ)
ITTF Asian Championships Yogyakarta 2019,2019-09-15,ROMERO Jannah,LYNE Karen,3,0,"11,11,11|6,4,4",,OTHER,WT,2092,,LYNE Karen (MAS),ROMERO Jannah (PHI)
ITTF Asian Championships Yogyakarta 2019,2019-09-15,HO Ying,FADOL Rose Jean,3,0,"11,11,11|9,9,8",,OTHER,WT,2092,,HO Ying (MAS),FADOL Rose Jean (PHI)
ITTF Asian Championships Yogyakarta 2019,2019-09-15,TEE Ai Xin,DAEL Emy Rose,3,2,"11,9,11,5,11|5,11,9,11,8",,OTHER,WT,2092,,TEE Ai Xin (MAS),DAEL Emy Rose (PHI)
ITTF Asian Championships Yogyakarta 2019,2019-09-15,LYNE Karen,FADOL Rose Jean,3,0,"11,11,11|2,8,8",,OTHER,WT,2092,,LYNE Karen (MAS),FADOL Rose Jean (PHI)
ITTF Asian Championships Yogyakarta 2019,2019-09-15,AKASHEVA Zauresh,SOMA Sonam,3,0,"11,11,11|3,8,8",,OTHER,WT,2092,,AKASHEVA Zauresh (KAZ),SOMA Sonam (BAN)
ITTF Asian Championships Yogyakarta 2019,2019-09-15,KHUSSEINOVA Gulchekhra,AKTER Rahima,3,0,"11,11,11|5,5,8",,OTHER,WT,2092,,KHUSSEINOVA Gulchekhra (KAZ),AKTER Rahima (BAN)
ITTF Asian Championships Yogyakarta 2019,2019-09-15,LAVROVA Anastassiya,ALAM Moumita,3,0,"11,11,11|3,3,4",,OTHER,WT,2092,,LAVROVA Anastassiya (KAZ),ALAM Moumita (BAN)
ITTF Asian Championships Yogyakarta 2019,2019-09-15,SHAHSAVARI Neda,SHRESTHA Nabita,3,0,"11,11,14|6,4,12",,OTHER,WT,2092,,SHAHSAVARI Neda (IRI),SHRESTHA Nabita (NEP)
ITTF Asian Championships Yogyakarta 2019,2019-09-15,JAMALIFAR Fatemeh,MAHARJAN Elina,3,0,"11,11,11|2,5,6",,OTHER,WT,2092,,JAMALIFAR Fatemeh (IRI),MAHARJAN Elina (NEP)
ITTF Asian Championships Yogyakarta 2019,2019-09-15,SAMET Mahshid,SUWAL Sikka,3,0,"11,11,11|5,4,5",,OTHER,WT,2092,,SAMET Mahshid (IRI),SUWAL Sikka (NEP)
ITTF Asian Championships Yogyakarta 2019,2019-09-15,JANG Woojin,WONG Chun Ting,3,0,"11,11,13|7,6,11",QF,OTHER,MT,2092,Main Draw,WONG Chun Ting (HKG),JANG Woojin (KOR)
ITTF Asian Championships Yogyakarta 2019,2019-09-15,HO Kwan Kit,LEE Sang Su,3,1,"11,11,9,11|8,9,11,9",QF,OTHER,MT,2092,Main Draw,HO Kwan Kit (HKG),LEE Sang Su (KOR)
ITTF Asian Championships Yogyakarta 2019,2019-09-15,JEOUNG Youngsik,LAM Siu Hang,3,0,"11,11,11|6,5,8",QF,OTHER,MT,2092,Main Draw,LAM Siu Hang (HKG),JEOUNG Youngsik (KOR)
ITTF Asian Championships Yogyakarta 2019,2019-09-15,WONG Chun Ting,LEE Sang Su,3,0,"11,11,11|9,9,6",QF,OTHER,MT,2092,Main Draw,WONG Chun Ting (HKG),LEE Sang Su (KOR)
ITTF Asian Championships Yogyakarta 2019,2019-09-15,JANG Woojin,HO Kwan Kit,3,1,"13,11,7,11|11,8,11,5",QF,OTHER,MT,2092,Main Draw,HO Kwan Kit (HKG),JANG Woojin (KOR)
ITTF Asian Championships Yogyakarta 2019,2019-09-15,AL-ABBAD Abdulaziz,CHEONG Chi Chon,3,0,"11,11,11|4,8,8",,OTHER,MT,2092,,AL-ABBAD Abdulaziz (KSA),CHEONG Chi Chon (MAC)
ITTF Asian Championships Yogyakarta 2019,2019-09-15,ALKHADRAWI Ali,KOU CHEONG Chak,3,0,"11,11,11|3,9,7",,OTHER,MT,2092,,ALKHADRAWI Ali (KSA),KOU CHEONG Chak (MAC)
ITTF Asian Championships Yogyakarta 2019,2019-09-15,BU SHULAYBI Abdulaziz,HE Chon Fai,3,2,"11,11,9,11,11|7,13,11,6,5",,OTHER,MT,2092,,BU SHULAYBI Abdulaziz (KSA),HE Chon Fai (MAC)
ITTF Asian Championships Yogyakarta 2019,2019-09-15,HAM Yu Song,JARGALSAIKHAN Munkhzorig,3,0,"11,11,11|4,6,5",,OTHER,MT,2092,,JARGALSAIKHAN Munkhzorig (MGL),HAM Yu Song (PRK)
ITTF Asian Championships Yogyakarta 2019,2019-09-15,AN Ji Song,GANKHUYAG Ser-Od,3,0,"11,11,14|2,5,12",,OTHER,MT,2092,,GANKHUYAG Ser-Od (MGL),AN Ji Song (PRK)
ITTF Asian Championships Yogyakarta 2019,2019-09-15,KIM Ok Chan,BAYASGALAN Bilguun,3,0,"11,11,11|7,3,5",,OTHER,MT,2092,,BAYASGALAN Bilguun (MGL),KIM Ok Chan (PRK)
ITTF Asian Championships Yogyakarta 2019,2019-09-15,THAKKAR Manav,WARUSAWITHANA Supuna,3,0,"11,11,11|3,7,8",,OTHER,MT,2092,,THAKKAR Manav (IND),WARUSAWITHANA Supuna (SRI)
ITTF Asian Championships Yogyakarta 2019,2019-09-15,ACHANTA Sharath,GINIGE Chameera,3,0,"11,11,11|2,6,3",,OTHER,MT,2092,,ACHANTA Sharath (IND),GINIGE Chameera (SRI)
ITTF Asian Championships Yogyakarta 2019,2019-09-15,ANTHONY Amalraj,SILVA Senura,3,0,"11,13,11|4,11,5",,OTHER,MT,2092,,ANTHONY Amalraj (IND),SILVA Senura (SRI)
ITTF Asian Championships Yogyakarta 2019,2019-09-15,ALAMIYAN Noshad,ALBALOOSHI Abdulla,3,0,"11,12,11|4,10,5",,OTHER,MT,2092,,ALBALOOSHI Abdulla (UAE),ALAMIYAN Noshad (IRI)
ITTF Asian Championships Yogyakarta 2019,2019-09-15,ALAMIAN Nima,ALBALUSHI Salah,3,0,"11,11,11|6,2,9",,OTHER,MT,2092,,ALBALUSHI Salah (UAE),ALAMIAN Nima (IRI)
ITTF Asian Championships Yogyakarta 2019,2019-09-15,HODAEI Amir Hossein,ALBLOOSHI Essa,3,0,"11,11,11|7,9,9",,OTHER,MT,2092,,ALBLOOSHI Essa (UAE),HODAEI Amir Hossein (IRI)
ITTF Asian Championships Yogyakarta 2019,2019-09-15,WISUTMAYTHANGKOON Supanut,AHMEDOV Rashid,3,0,"11,11,11|4,8,7",,OTHER,MT,2092,,WISUTMAYTHANGKOON Supanut (THA),AHMEDOV Rashid (TKM)
ITTF Asian Championships Yogyakarta 2019,2019-09-15,TANVIRIYAVECHAKUL Padasak,GARYAGDYYEV Emir,3,0,"11,11,11|7,6,6",,OTHER,MT,2092,,TANVIRIYAVECHAKUL Padasak (THA),GARYAGDYYEV Emir (TKM)
ITTF Asian Championships Yogyakarta 2019,2019-09-15,PANAGITGUN Yanapong,ALLANAZAROV Guychgeldi,3,0,"11,11,11|3,7,6",,OTHER,MT,2092,,PANAGITGUN Yanapong (THA),ALLANAZAROV Guychgeldi (TKM)
ITTF Asian Championships Yogyakarta 2019,2019-09-15,WONG Qi Shen,ABO YAMAN Zaid,3,1,"8,11,11,11|11,8,9,3",,OTHER,MT,2092,,ABO YAMAN Zaid (JOR),WONG Qi Shen (MAS)
ITTF Asian Championships Yogyakarta 2019,2019-09-15,CHOONG Javen,KHADER Khaled,3,2,"7,11,11,9,11|11,8,7,11,6",,OTHER,MT,2092,,KHADER Khaled (JOR),CHOONG Javen (MAS)
ITTF Asian Championships Yogyakarta 2019,2019-09-15,ALDMAISY Zeyad,LING Yi Heng Amos,3,2,"9,11,9,11,11|11,8,11,9,7",,OTHER,MT,2092,,ALDMAISY Zeyad (JOR),LING Yi Heng Amos (MAS)
ITTF Asian Championships Yogyakarta 2019,2019-09-15,ABO YAMAN Zaid,CHOONG Javen,3,1,"9,16,11,11|11,14,7,9",,OTHER,MT,2092,,ABO YAMAN Zaid (JOR),CHOONG Javen (MAS)
ITTF Asian Championships Yogyakarta 2019,2019-09-15,WONG Qi Shen,KHADER Khaled,3,0,"11,11,11|4,3,7",,OTHER,MT,2092,,KHADER Khaled (JOR),WONG Qi Shen (MAS)
ITTF Asian Championships Yogyakarta 2019,2019-09-15,GERASSIMENKO Kirill,TESHABOEV Kutbidillo,3,1,"11,8,11,11|6,11,7,7",,OTHER,MT,2092,,GERASSIMENKO Kirill (KAZ),TESHABOEV Kutbidillo (UZB)
ITTF Asian Championships Yogyakarta 2019,2019-09-15,KENJAEV Zokhid,KENZHIGULOV Aidos,3,0,"11,11,11|9,6,6",,OTHER,MT,2092,,KENZHIGULOV Aidos (KAZ),KENJAEV Zokhid (UZB)
ITTF Asian Championships Yogyakarta 2019,2019-09-15,ZHAMAL Bekulan,TYAN Stanislav,3,2,"11,7,12,9,11|4,11,10,11,4",,OTHER,MT,2092,,ZHAMAL Bekulan (KAZ),TYAN Stanislav (UZB)
ITTF Asian Championships Yogyakarta 2019,2019-09-15,KENJAEV Zokhid,GERASSIMENKO Kirill,3,0,"11,11,11|8,4,2",,OTHER,MT,2092,,GERASSIMENKO Kirill (KAZ),KENJAEV Zokhid (UZB)
ITTF Asian Championships Yogyakarta 2019,2019-09-15,TESHABOEV Kutbidillo,KENZHIGULOV Aidos,3,1,"11,12,9,11|5,10,11,9",,OTHER,MT,2092,,KENZHIGULOV Aidos (KAZ),TESHABOEV Kutbidillo (UZB)
ITTF Asian Championships Yogyakarta 2019,2019-09-15,CHEN Szu-Yu,DOO Hoi Kem,3,0,"11,11,11|9,1,8",QF,OTHER,WT,2092,Main Draw,DOO Hoi Kem (HKG),CHEN Szu-Yu (TPE)
ITTF Asian Championships Yogyakarta 2019,2019-09-15,CHENG I-Ching,LEE Ho Ching,3,1,"11,8,11,13|8,11,8,11",QF,OTHER,WT,2092,Main Draw,LEE Ho Ching (HKG),CHENG I-Ching (TPE)
ITTF Asian Championships Yogyakarta 2019,2019-09-15,SOO Wai Yam,CHENG Hsien-Tzu,3,2,"11,3,11,6,12|8,11,7,11,10",QF,OTHER,WT,2092,Main Draw,SOO Wai Yam (HKG),CHENG Hsien-Tzu (TPE)
ITTF Asian Championships Yogyakarta 2019,2019-09-15,DOO Hoi Kem,CHENG I-Ching,3,0,"11,11,14|6,5,12",QF,OTHER,WT,2092,Main Draw,DOO Hoi Kem (HKG),CHENG I-Ching (TPE)
ITTF Asian Championships Yogyakarta 2019,2019-09-15,CHEN Szu-Yu,LEE Ho Ching,3,0,"11,11,11|7,6,4",QF,OTHER,WT,2092,Main Draw,LEE Ho Ching (HKG),CHEN Szu-Yu (TPE)
ITTF Asian Championships Yogyakarta 2019,2019-09-15,SHAHSAVARI Neda,TAO Chong,3,0,"11,11,11|9,9,8",,OTHER,WT,2092,,SHAHSAVARI Neda (IRI),TAO Chong (MAC)
ITTF Asian Championships Yogyakarta 2019,2019-09-15,JAMALIFAR Fatemeh,LEI Wai Mei,3,0,"13,11,12|11,8,10",,OTHER,WT,2092,,JAMALIFAR Fatemeh (IRI),LEI Wai Mei (MAC)
ITTF Asian Championships Yogyakarta 2019,2019-09-15,SAMET Mahshid,LEONG Kit Weng,3,0,"12,11,11|10,5,9",,OTHER,WT,2092,,SAMET Mahshid (IRI),LEONG Kit Weng (MAC)
ITTF Asian Championships Yogyakarta 2019,2019-09-15,SAWETTABUT Suthasini,BATMUNKH Bolor-Erdene,3,0,"11,11,13|6,4,11",,OTHER,WT,2092,,SAWETTABUT Suthasini (THA),BATMUNKH Bolor-Erdene (MGL)
ITTF Asian Championships Yogyakarta 2019,2019-09-15,PARANANG Orawan,BATBAYAR Doljinzuu,3,0,"11,11,11|5,3,1",,OTHER,WT,2092,,PARANANG Orawan (THA),BATBAYAR Doljinzuu (MGL)
ITTF Asian Championships Yogyakarta 2019,2019-09-15,KOMWONG Nanthana,BATSAIKHAN Khongorzul,3,0,"11,11,11|5,5,7",,OTHER,WT,2092,,KOMWONG Nanthana (THA),BATSAIKHAN Khongorzul (MGL)
ITTF Asian Championships Yogyakarta 2019,2019-09-15,AKHMEDZHANOV Mukhammed,MAMONTO Syahrizal Nauval Akbar,3,1,"11,9,12,11|8,11,10,9",,OTHER,MT,2092,,AKHMEDZHANOV Mukhammed (KGZ),MAMONTO Syahrizal Nauval Akbar (INA)
ITTF Asian Championships Yogyakarta 2019,2019-09-15,NIMAN Rafanael,TSOI Evgeny,3,0,"11,11,11|4,7,3",,OTHER,MT,2092,,TSOI Evgeny (KGZ),NIMAN Rafanael (INA)
ITTF Asian Championships Yogyakarta 2019,2019-09-15,ANNAFI Hafidh Nuur,AITAHUNOV Abdyljan,3,0,"11,11,11|3,4,2",,OTHER,MT,2092,,AITAHUNOV Abdyljan (KGZ),ANNAFI Hafidh Nuur (INA)
ITTF Asian Championships Yogyakarta 2019,2019-09-15,NIMAN Rafanael,AKHMEDZHANOV Mukhammed,3,0,"11,12,14|5,10,12",,OTHER,MT,2092,,AKHMEDZHANOV Mukhammed (KGZ),NIMAN Rafanael (INA)
ITTF Asian Championships Yogyakarta 2019,2019-09-15,SALEH Mohamed,DOUFESH Husam,3,0,"11,11,11|2,6,7",,OTHER,MT,2092,,SALEH Mohamed (BRN),DOUFESH Husam (PLE)
ITTF Asian Championships Yogyakarta 2019,2019-09-15,ALYASSI Alyas,MASALMA Fadi,3,1,"6,11,11,11|11,9,5,8",,OTHER,MT,2092,,ALYASSI Alyas (BRN),MASALMA Fadi (PLE)
ITTF Asian Championships Yogyakarta 2019,2019-09-15,RASHED Rashed,ABOU SEF Yousri,3,0,"11,11,13|5,6,11",,OTHER,MT,2092,,RASHED Rashed (BRN),ABOU SEF Yousri (PLE)
ITTF Asian Championships Yogyakarta 2019,2019-09-15,YU Mengyu,MADURANGI Ishara,3,0,"11,11,11|4,2,6",,OTHER,WT,2092,,YU Mengyu (SGP),MADURANGI Ishara (SRI)
ITTF Asian Championships Yogyakarta 2019,2019-09-15,LIN Ye,BANDARA Bimandee,3,0,"11,11,11|8,3,6",,OTHER,WT,2092,,LIN Ye (CAN),BANDARA Bimandee (SRI)
ITTF Asian Championships Yogyakarta 2019,2019-09-15,GOI Rui Xuan,WARNAKULASURIYA Jithara,3,0,"11,11,11|6,3,9",,OTHER,WT,2092,,GOI Rui Xuan (SGP),WARNAKULASURIYA Jithara (SRI)
ITTF Asian Championships Yogyakarta 2019,2019-09-15,PATKAR Madhurika,SAHAKIAN Mariana,3,1,"11,9,11,11|5,11,1,4",,OTHER,WT,2092,,SAHAKIAN Mariana (LBN),PATKAR Madhurika (IND)
ITTF Asian Championships Yogyakarta 2019,2019-09-15,BATRA Manika,KHOURY Malak,3,0,"11,11,11|4,8,5",,OTHER,WT,2092,,KHOURY Malak (LBN),BATRA Manika (IND)
ITTF Asian Championships Yogyakarta 2019,2019-09-15,MUKHERJEE Sutirtha,KECHICHIAN Noel,3,0,"11,11,11|6,4,4",,OTHER,WT,2092,,KECHICHIAN Noel (LBN),MUKHERJEE Sutirtha (IND)
ITTF Asian Championships Yogyakarta 2019,2019-09-15,HO Ying,AMINAH Siti,3,1,"11,11,12,11|9,9,14,9",,OTHER,WT,2092,,HO Ying (MAS),AMINAH Siti (INA)
ITTF Asian Championships Yogyakarta 2019,2019-09-15,LYNE Karen,WIDARAHMAN Novida,3,0,"11,11,12|9,4,10",,OTHER,WT,2092,,LYNE Karen (MAS),WIDARAHMAN Novida (INA)
ITTF Asian Championships Yogyakarta 2019,2019-09-15,CHANG Li Sian,AZ HARI Gading Putri,3,1,"11,11,9,11|7,9,11,2",,OTHER,WT,2092,,CHANG Li Sian (MAS),AZ HARI Gading Putri (INA)
ITTF Asian Championships Yogyakarta 2019,2019-09-15,LAVROVA Anastassiya,KHADJIEVA Rozalina,3,1,"7,11,11,11|11,8,8,8",,OTHER,WT,2092,,LAVROVA Anastassiya (KAZ),KHADJIEVA Rozalina (UZB)
ITTF Asian Championships Yogyakarta 2019,2019-09-15,GUFRANOVA Rimma,AKASHEVA Zauresh,3,2,"11,9,11,6,11|3,11,7,11,9",,OTHER,WT,2092,,AKASHEVA Zauresh (KAZ),GUFRANOVA Rimma (UZB)
ITTF Asian Championships Yogyakarta 2019,2019-09-15,KIM Regina,KHUSSEINOVA Gulchekhra,3,1,"11,11,7,12|5,5,11,10",,OTHER,WT,2092,,KHUSSEINOVA Gulchekhra (KAZ),KIM Regina (UZB)
ITTF Asian Championships Yogyakarta 2019,2019-09-15,GUFRANOVA Rimma,LAVROVA Anastassiya,3,2,"9,11,6,16,12|11,8,11,14,10",,OTHER,WT,2092,,LAVROVA Anastassiya (KAZ),GUFRANOVA Rimma (UZB)
ITTF Asian Championships Yogyakarta 2019,2019-09-15,SAWETTABUT Suthasini,MUKHERJEE Ayhika,3,0,"11,11,11|5,8,6",SF,OTHER,WT,2092,Main Draw,SAWETTABUT Suthasini (THA),MUKHERJEE Ayhika (IND)
ITTF Asian Championships Yogyakarta 2019,2019-09-15,PARANANG Orawan,BATRA Manika,3,2,"11,7,16,11,11|4,11,18,2,7",SF,OTHER,WT,2092,Main Draw,PARANANG Orawan (THA),BATRA Manika (IND)
ITTF Asian Championships Yogyakarta 2019,2019-09-15,KOMWONG Nanthana,KAMATH Archana,3,1,"7,11,11,11|11,5,6,6",SF,OTHER,WT,2092,Main Draw,KOMWONG Nanthana (THA),KAMATH Archana (IND)
ITTF Asian Championships Yogyakarta 2019,2019-09-15,KAMATH Archana,GUFRANOVA Rimma,3,0,"11,11,11|8,4,6",QF,OTHER,WT,2092,Main Draw,GUFRANOVA Rimma (UZB),KAMATH Archana (IND)
ITTF Asian Championships Yogyakarta 2019,2019-09-15,BATRA Manika,KIM Regina,3,0,"11,11,11|3,1,6",QF,OTHER,WT,2092,Main Draw,KIM Regina (UZB),BATRA Manika (IND)
ITTF Asian Championships Yogyakarta 2019,2019-09-15,MUKHERJEE Ayhika,KHADJIEVA Rozalina,3,0,"11,11,11|8,5,5",QF,OTHER,WT,2092,Main Draw,KHADJIEVA Rozalina (UZB),MUKHERJEE Ayhika (IND)
ITTF Asian Championships Yogyakarta 2019,2019-09-15,SHAHSAVARI Neda,CHANG Li Sian,3,0,"11,11,11|7,3,4",QF,OTHER,WT,2092,Main Draw,SHAHSAVARI Neda (IRI),CHANG Li Sian (MAS)
ITTF Asian Championships Yogyakarta 2019,2019-09-15,JAMALIFAR Fatemeh,HO Ying,3,2,"13,11,9,8,21|11,2,11,11,19",QF,OTHER,WT,2092,Main Draw,JAMALIFAR Fatemeh (IRI),HO Ying (MAS)
ITTF Asian Championships Yogyakarta 2019,2019-09-15,LYNE Karen,SAMET Mahshid,3,0,"11,13,11|9,11,7",QF,OTHER,WT,2092,Main Draw,SAMET Mahshid (IRI),LYNE Karen (MAS)
ITTF Asian Championships Yogyakarta 2019,2019-09-15,HO Ying,SHAHSAVARI Neda,3,1,"6,11,11,14|11,9,9,12",QF,OTHER,WT,2092,Main Draw,SHAHSAVARI Neda (IRI),HO Ying (MAS)
ITTF Asian Championships Yogyakarta 2019,2019-09-15,CHANG Li Sian,JAMALIFAR Fatemeh,3,1,"2,11,11,11|11,7,4,9",QF,OTHER,WT,2092,Main Draw,JAMALIFAR Fatemeh (IRI),CHANG Li Sian (MAS)
ITTF Asian Championships Yogyakarta 2019,2019-09-15,LAVROVA Anastassiya,KHOURY Malak,3,0,"11,11,11|5,7,8",9-16,OTHER,WT,2092,Position Draw,KHOURY Malak (LBN),LAVROVA Anastassiya (KAZ)
ITTF Asian Championships Yogyakarta 2019,2019-09-15,ROMERO Jannah,LEI Wai Mei,3,0,"11,11,11|3,8,4",9-16,OTHER,WT,2092,Position Draw,ROMERO Jannah (PHI),LEI Wai Mei (MAC)
ITTF Asian Championships Yogyakarta 2019,2019-09-15,FADOL Rose Jean,TAO Chong,3,0,"11,11,11|7,9,8",9-16,OTHER,WT,2092,Position Draw,FADOL Rose Jean (PHI),TAO Chong (MAC)
ITTF Asian Championships Yogyakarta 2019,2019-09-15,DAEL Emy Rose,LEONG Kit Weng,3,0,"11,11,11|5,5,5",9-16,OTHER,WT,2092,Position Draw,DAEL Emy Rose (PHI),LEONG Kit Weng (MAC)
ITTF Asian Championships Yogyakarta 2019,2019-09-15,SHRESTHA Nabita,ABO-YAMAN Taimmaa,3,2,"11,9,9,11,11|9,11,11,6,5",9-16,OTHER,WT,2092,Position Draw,SHRESTHA Nabita (NEP),ABO-YAMAN Taimmaa (JOR)
ITTF Asian Championships Yogyakarta 2019,2019-09-15,MAHARJAN Elina,AL-WEDIAN Bara,3,0,"11,11,11|8,5,8",9-16,OTHER,WT,2092,Position Draw,MAHARJAN Elina (NEP),AL-WEDIAN Bara (JOR)
ITTF Asian Championships Yogyakarta 2019,2019-09-15,SUWAL Sikka,ALDMAISY Yara,3,0,"11,11,13|7,6,11",9-16,OTHER,WT,2092,Position Draw,SUWAL Sikka (NEP),ALDMAISY Yara (JOR)
ITTF Asian Championships Yogyakarta 2019,2019-09-15,AMINAH Siti,AKTER Rahima,3,0,"11,11,11|7,4,7",9-16,OTHER,WT,2092,Position Draw,AKTER Rahima (BAN),AMINAH Siti (INA)
ITTF Asian Championships Yogyakarta 2019,2019-09-15,WIDARAHMAN Novida,ALAM Moumita,3,0,"11,11,11|6,4,6",9-16,OTHER,WT,2092,Position Draw,ALAM Moumita (BAN),WIDARAHMAN Novida (INA)
ITTF Asian Championships Yogyakarta 2019,2019-09-15,KHALIF ILMA Isna Syafira,SOMA Sonam,3,1,"11,11,10,11|5,8,12,9",9-16,OTHER,WT,2092,Position Draw,SOMA Sonam (BAN),KHALIF ILMA Isna Syafira (INA)
ITTF Asian Championships Yogyakarta 2019,2019-09-15,HAM Yu Song,WONG Qi Shen,3,0,"11,11,11|1,3,9",QF,OTHER,MT,2092,Main Draw,WONG Qi Shen (MAS),HAM Yu Song (PRK)
ITTF Asian Championships Yogyakarta 2019,2019-09-15,AN Ji Song,CHOONG Javen,3,0,"11,11,11|9,3,7",QF,OTHER,MT,2092,Main Draw,CHOONG Javen (MAS),AN Ji Song (PRK)
ITTF Asian Championships Yogyakarta 2019,2019-09-15,KIM Ok Chan,GOH Christopher,3,0,"11,11,11|6,6,5",QF,OTHER,MT,2092,Main Draw,GOH Christopher (MAS),KIM Ok Chan (PRK)
ITTF Asian Championships Yogyakarta 2019,2019-09-15,ALAMIAN Nima,RASHED Rashed,3,1,"9,11,11,11|11,7,5,3",QF,OTHER,MT,2092,Main Draw,ALAMIAN Nima (IRI),RASHED Rashed (BRN)
ITTF Asian Championships Yogyakarta 2019,2019-09-15,ALAMIYAN Noshad,SALEH Mohamed,3,2,"11,9,11,9,11|9,11,6,11,5",QF,OTHER,MT,2092,Main Draw,ALAMIYAN Noshad (IRI),SALEH Mohamed (BRN)
ITTF Asian Championships Yogyakarta 2019,2019-09-15,AHMADIAN Amin,ALYASSI Alyas,3,1,"11,11,9,11|6,1,11,9",QF,OTHER,MT,2092,Main Draw,AHMADIAN Amin (IRI),ALYASSI Alyas (BRN)
ITTF Asian Championships Yogyakarta 2019,2019-09-15,WISUTMAYTHANGKOON Supanut,TESHABOEV Kutbidillo,3,0,"11,11,11|5,7,8",QF,OTHER,MT,2092,Main Draw,WISUTMAYTHANGKOON Supanut (THA),TESHABOEV Kutbidillo (UZB)
ITTF Asian Championships Yogyakarta 2019,2019-09-15,KENJAEV Zokhid,TANVIRIYAVECHAKUL Padasak,3,1,"11,11,5,11|5,8,11,9",QF,OTHER,MT,2092,Main Draw,TANVIRIYAVECHAKUL Padasak (THA),KENJAEV Zokhid (UZB)
ITTF Asian Championships Yogyakarta 2019,2019-09-15,PASSARA Pattaratorn,TYAN Stanislav,3,1,"14,9,11,11|12,11,8,7",QF,OTHER,MT,2092,Main Draw,PASSARA Pattaratorn (THA),TYAN Stanislav (UZB)
ITTF Asian Championships Yogyakarta 2019,2019-09-15,ACHANTA Sharath,ALKHADRAWI Ali,3,0,"11,18,11|6,16,7",QF,OTHER,MT,2092,Main Draw,ALKHADRAWI Ali (KSA),ACHANTA Sharath (IND)
ITTF Asian Championships Yogyakarta 2019,2019-09-15,GNANASEKARAN Sathiyan,AL-ABBAD Abdulaziz,3,0,"11,11,11|3,5,5",QF,OTHER,MT,2092,Main Draw,AL-ABBAD Abdulaziz (KSA),GNANASEKARAN Sathiyan (IND)
ITTF Asian Championships Yogyakarta 2019,2019-09-15,BU SHULAYBI Abdulaziz,DESAI Harmeet,3,0,"11,12,11|6,10,6",QF,OTHER,MT,2092,Main Draw,BU SHULAYBI Abdulaziz (KSA),DESAI Harmeet (IND)
ITTF Asian Championships Yogyakarta 2019,2019-09-15,GNANASEKARAN Sathiyan,ALKHADRAWI Ali,3,0,"11,11,11|5,6,5",QF,OTHER,MT,2092,Main Draw,ALKHADRAWI Ali (KSA),GNANASEKARAN Sathiyan (IND)
ITTF Asian Championships Yogyakarta 2019,2019-09-15,GERASSIMENKO Kirill,HAMIE Mohamad,3,0,"11,11,11|6,8,7",9-16,OTHER,MT,2092,Position Draw,GERASSIMENKO Kirill (KAZ),HAMIE Mohamad (LBN)
ITTF Asian Championships Yogyakarta 2019,2019-09-15,CHEAIB Dauud,KENZHIGULOV Aidos,3,1,"12,11,11,11|14,4,3,8",9-16,OTHER,MT,2092,Position Draw,KENZHIGULOV Aidos (KAZ),CHEAIB Dauud (LBN)
ITTF Asian Championships Yogyakarta 2019,2019-09-15,HABACH SaadEddine,ZHAMAL Bekulan,3,0,"14,11,11|12,7,6",9-16,OTHER,MT,2092,Position Draw,ZHAMAL Bekulan (KAZ),HABACH SaadEddine (LBN)
ITTF Asian Championships Yogyakarta 2019,2019-09-15,GERASSIMENKO Kirill,CHEAIB Dauud,3,2,"5,14,11,7,11|11,12,6,11,6",9-16,OTHER,MT,2092,Position Draw,GERASSIMENKO Kirill (KAZ),CHEAIB Dauud (LBN)
ITTF Asian Championships Yogyakarta 2019,2019-09-15,KENZHIGULOV Aidos,HAMIE Mohamad,3,1,"9,11,11,11|11,5,7,9",9-16,OTHER,MT,2092,Position Draw,KENZHIGULOV Aidos (KAZ),HAMIE Mohamad (LBN)
ITTF Asian Championships Yogyakarta 2019,2019-09-15,NIMAN Rafanael,ALBALUSHI Salah,3,2,"7,12,11,2,11|11,10,3,11,3",9-16,OTHER,MT,2092,Position Draw,NIMAN Rafanael (INA),ALBALUSHI Salah (UAE)
ITTF Asian Championships Yogyakarta 2019,2019-09-15,ALBALOOSHI Abdulla,ANNAFI Hafidh Nuur,3,0,"12,11,11|10,5,7",9-16,OTHER,MT,2092,Position Draw,ANNAFI Hafidh Nuur (INA),ALBALOOSHI Abdulla (UAE)
ITTF Asian Championships Yogyakarta 2019,2019-09-15,ALBLOOSHI Essa,PRAMUDYA Arfan Seina,3,1,"11,5,11,13|9,11,2,11",9-16,OTHER,MT,2092,Position Draw,PRAMUDYA Arfan Seina (INA),ALBLOOSHI Essa (UAE)
ITTF Asian Championships Yogyakarta 2019,2019-09-15,NIMAN Rafanael,ALBALOOSHI Abdulla,3,1,"8,11,11,11|11,9,9,5",9-16,OTHER,MT,2092,Position Draw,NIMAN Rafanael (INA),ALBALOOSHI Abdulla (UAE)
ITTF Asian Championships Yogyakarta 2019,2019-09-15,ANNAFI Hafidh Nuur,ALBALUSHI Salah,3,2,"11,11,5,10,11|6,5,11,12,8",9-16,OTHER,MT,2092,Position Draw,ANNAFI Hafidh Nuur (INA),ALBALUSHI Salah (UAE)
ITTF Asian Championships Yogyakarta 2019,2019-09-15,ALDMAISY Zeyad,SHRESTHA Santoo,3,2,"11,12,10,12,11|9,14,12,10,5",9-16,OTHER,MT,2092,Position Draw,SHRESTHA Santoo (NEP),ALDMAISY Zeyad (JOR)
ITTF Asian Championships Yogyakarta 2019,2019-09-15,ABO YAMAN Zaid,MALLA Amar,3,1,"11,9,11,11|7,11,6,5",9-16,OTHER,MT,2092,Position Draw,MALLA Amar (NEP),ABO YAMAN Zaid (JOR)
ITTF Asian Championships Yogyakarta 2019,2019-09-15,SALAMEH Mohammad,KAPALI Sanyog,3,0,"11,11,11|7,7,6",9-16,OTHER,MT,2092,Position Draw,KAPALI Sanyog (NEP),SALAMEH Mohammad (JOR)
ITTF Asian Championships Yogyakarta 2019,2019-09-15,AL-HASAN Ibrahem,MISAL John Russel,3,1,"11,12,8,11|8,10,11,8",9-16,OTHER,MT,2092,Position Draw,AL-HASAN Ibrahem (KUW),MISAL John Russel (PHI)
ITTF Asian Championships Yogyakarta 2019,2019-09-15,NAYRE Jann Mari,ALRASHIDI Marzooq,3,0,"11,11,11|9,3,3",9-16,OTHER,MT,2092,Position Draw,ALRASHIDI Marzooq (KUW),NAYRE Jann Mari (PHI)
ITTF Asian Championships Yogyakarta 2019,2019-09-15,AL-HASAN Salem,ADASA Japheth,3,0,"11,11,11|9,9,4",9-16,OTHER,MT,2092,Position Draw,AL-HASAN Salem (KUW),ADASA Japheth (PHI)
ITTF Asian Championships Yogyakarta 2019,2019-09-15,NAYRE Jann Mari,AL-HASAN Ibrahem,3,1,"8,11,11,11|11,6,7,5",9-16,OTHER,MT,2092,Position Draw,AL-HASAN Ibrahem (KUW),NAYRE Jann Mari (PHI)
ITTF Asian Championships Yogyakarta 2019,2019-09-15,MISAL John Russel,ALRASHIDI Marzooq,3,0,"11,11,11|5,5,8",9-16,OTHER,MT,2092,Position Draw,ALRASHIDI Marzooq (KUW),MISAL John Russel (PHI)
ITTF Asian Championships Yogyakarta 2019,2019-09-15,SOMA Sonam,AL-WEDIAN Bara,3,1,"11,12,7,11|7,10,11,7",3RD,OTHER,WT,2092,Position Draw,AL-WEDIAN Bara (JOR),SOMA Sonam (BAN)
ITTF Asian Championships Yogyakarta 2019,2019-09-15,ABO-YAMAN Taimmaa,ALAM Moumita,3,1,"11,11,8,11|3,8,11,7",3RD,OTHER,WT,2092,Position Draw,ABO-YAMAN Taimmaa (JOR),ALAM Moumita (BAN)
ITTF Asian Championships Yogyakarta 2019,2019-09-15,AKTER Rahima,ALDMAISY Yara,3,1,"6,11,11,11|11,8,6,9",3RD,OTHER,WT,2092,Position Draw,ALDMAISY Yara (JOR),AKTER Rahima (BAN)
ITTF Asian Championships Yogyakarta 2019,2019-09-15,AL-WEDIAN Bara,ALAM Moumita,3,0,"11,11,11|9,7,1",3RD,OTHER,WT,2092,Position Draw,AL-WEDIAN Bara (JOR),ALAM Moumita (BAN)
ITTF Asian Championships Yogyakarta 2019,2019-09-15,ABO-YAMAN Taimmaa,SOMA Sonam,3,2,"11,10,11,8,11|8,12,8,11,4",3RD,OTHER,WT,2092,Position Draw,ABO-YAMAN Taimmaa (JOR),SOMA Sonam (BAN)
ITTF Asian Championships Yogyakarta 2019,2019-09-15,FENG Tianwei,LYNE Karen,3,0,"11,12,11|2,10,2",SF,OTHER,WT,2092,Main Draw,FENG Tianwei (SGP),LYNE Karen (MAS)
ITTF Asian Championships Yogyakarta 2019,2019-09-15,HO Ying,YU Mengyu,3,0,"11,11,11|6,8,4",SF,OTHER,WT,2092,Main Draw,YU Mengyu (SGP),HO Ying (MAS)
ITTF Asian Championships Yogyakarta 2019,2019-09-15,LIN Ye,TEE Ai Xin,3,0,"11,11,11|1,6,8",SF,OTHER,WT,2092,Main Draw,LIN Ye (CAN),TEE Ai Xin (MAS)
ITTF Asian Championships Yogyakarta 2019,2019-09-15,FENG Tianwei,HO Ying,3,0,"11,11,11|7,8,7",SF,OTHER,WT,2092,Main Draw,FENG Tianwei (SGP),HO Ying (MAS)
ITTF Asian Championships Yogyakarta 2019,2019-09-15,JAMALIFAR Fatemeh,GUFRANOVA Rimma,3,2,"11,11,11,9,11|13,7,5,11,8",3RD,OTHER,WT,2092,Position Draw,GUFRANOVA Rimma (UZB),JAMALIFAR Fatemeh (IRI)
ITTF Asian Championships Yogyakarta 2019,2019-09-15,SHAHSAVARI Neda,KHADJIEVA Rozalina,3,0,"11,12,11|9,10,6",3RD,OTHER,WT,2092,Position Draw,KHADJIEVA Rozalina (UZB),SHAHSAVARI Neda (IRI)
ITTF Asian Championships Yogyakarta 2019,2019-09-15,SAFAEI Shima,KIM Regina,3,1,"11,11,8,11|5,7,11,7",3RD,OTHER,WT,2092,Position Draw,KIM Regina (UZB),SAFAEI Shima (IRI)
ITTF Asian Championships Yogyakarta 2019,2019-09-15,ROMERO Jannah,BANDARA Bimandee,3,0,"11,11,11|8,3,8",5-8,OTHER,WT,2092,Position Draw,ROMERO Jannah (PHI),BANDARA Bimandee (SRI)
ITTF Asian Championships Yogyakarta 2019,2019-09-15,MADURANGI Ishara,FADOL Rose Jean,3,2,"11,13,11,6,11|13,11,4,11,9",5-8,OTHER,WT,2092,Position Draw,FADOL Rose Jean (PHI),MADURANGI Ishara (SRI)
ITTF Asian Championships Yogyakarta 2019,2019-09-15,DAEL Emy Rose,WARUSAWITHANA Erandi,3,0,"11,11,12|8,8,10",5-8,OTHER,WT,2092,Position Draw,DAEL Emy Rose (PHI),WARUSAWITHANA Erandi (SRI)
ITTF Asian Championships Yogyakarta 2019,2019-09-15,ROMERO Jannah,MADURANGI Ishara,3,1,"11,11,8,11|9,6,11,6",5-8,OTHER,WT,2092,Position Draw,ROMERO Jannah (PHI),MADURANGI Ishara (SRI)
ITTF Asian Championships Yogyakarta 2019,2019-09-15,LAVROVA Anastassiya,BATBAYAR Doljinzuu,3,0,"11,11,11|9,8,2",5-8,OTHER,WT,2092,Position Draw,LAVROVA Anastassiya (KAZ),BATBAYAR Doljinzuu (MGL)
ITTF Asian Championships Yogyakarta 2019,2019-09-15,AKASHEVA Zauresh,BATMUNKH Bolor-Erdene,3,0,"11,11,11|9,8,2",5-8,OTHER,WT,2092,Position Draw,AKASHEVA Zauresh (KAZ),BATMUNKH Bolor-Erdene (MGL)
ITTF Asian Championships Yogyakarta 2019,2019-09-15,KHUSSEINOVA Gulchekhra,BATSAIKHAN Khongorzul,3,1,"8,11,11,11|11,6,7,9",5-8,OTHER,WT,2092,Position Draw,KHUSSEINOVA Gulchekhra (KAZ),BATSAIKHAN Khongorzul (MGL)
ITTF Asian Championships Yogyakarta 2019,2019-09-15,WIDARAHMAN Novida,NAZIM Aishath,3,1,"8,11,11,11|11,7,5,4",5-8,OTHER,WT,2092,Position Draw,WIDARAHMAN Novida (INA),NAZIM Aishath (MDV)
ITTF Asian Championships Yogyakarta 2019,2019-09-15,AMINAH Siti,ALI Fathimath,3,1,"11,11,9,11|5,6,11,9",5-8,OTHER,WT,2092,Position Draw,AMINAH Siti (INA),ALI Fathimath (MDV)
ITTF Asian Championships Yogyakarta 2019,2019-09-15,SYAHRANI Tyas,ISMAIL Laisa,3,0,"11,11,11|9,6,2",5-8,OTHER,WT,2092,Position Draw,SYAHRANI Tyas (INA),ISMAIL Laisa (MDV)
ITTF Asian Championships Yogyakarta 2019,2019-09-15,MAHARJAN Elina,BALLYYEVA Enejan,3,2,"12,5,5,11,11|10,11,11,8,7",5-8,OTHER,WT,2092,Position Draw,BALLYYEVA Enejan (TKM),MAHARJAN Elina (NEP)
ITTF Asian Championships Yogyakarta 2019,2019-09-15,NYYAZGYLYJOVA Oguljennet,SHRESTHA Nabita,3,2,"11,11,3,11,11|6,13,11,7,6",5-8,OTHER,WT,2092,Position Draw,NYYAZGYLYJOVA Oguljennet (TKM),SHRESTHA Nabita (NEP)
ITTF Asian Championships Yogyakarta 2019,2019-09-15,SUWAL Sikka,DURDYYEVA Menli,3,0,"11,11,11|3,5,7",5-8,OTHER,WT,2092,Position Draw,DURDYYEVA Menli (TKM),SUWAL Sikka (NEP)
ITTF Asian Championships Yogyakarta 2019,2019-09-15,SHRESTHA Nabita,BALLYYEVA Enejan,3,0,"11,11,11|3,9,6",5-8,OTHER,WT,2092,Position Draw,BALLYYEVA Enejan (TKM),SHRESTHA Nabita (NEP)
ITTF Asian Championships Yogyakarta 2019,2019-09-15,KHOURY Malak,TAO Chong,3,0,"11,11,11|7,8,9",3RD,OTHER,WT,2092,Position Draw,TAO Chong (MAC),KHOURY Malak (LBN)
ITTF Asian Championships Yogyakarta 2019,2019-09-15,SAHAKIAN Mariana,LEI Wai Mei,3,2,"10,11,11,9,11|12,6,8,11,8",3RD,OTHER,WT,2092,Position Draw,LEI Wai Mei (MAC),SAHAKIAN Mariana (LBN)
ITTF Asian Championships Yogyakarta 2019,2019-09-15,CHEUNG Pui Man,KECHICHIAN Noel,3,2,"11,10,11,8,11|6,12,7,11,7",3RD,OTHER,WT,2092,Position Draw,CHEUNG Pui Man (MAC),KECHICHIAN Noel (LBN)
ITTF Asian Championships Yogyakarta 2019,2019-09-15,SAHAKIAN Mariana,TAO Chong,3,1,"11,11,6,11|8,4,11,7",3RD,OTHER,WT,2092,Position Draw,TAO Chong (MAC),SAHAKIAN Mariana (LBN)
ITTF Asian Championships Yogyakarta 2019,2019-09-15,ALAMIYAN Noshad,HAM Yu Song,3,2,"6,8,11,11,11|11,11,7,4,9",SF,OTHER,MT,2092,Main Draw,ALAMIYAN Noshad (IRI),HAM Yu Song (PRK)
ITTF Asian Championships Yogyakarta 2019,2019-09-15,ALAMIAN Nima,AN Ji Song,3,1,"13,11,5,11|11,8,11,3",SF,OTHER,MT,2092,Main Draw,ALAMIAN Nima (IRI),AN Ji Song (PRK)
ITTF Asian Championships Yogyakarta 2019,2019-09-15,KIM Ok Chan,HODAEI Amir Hossein,3,1,"11,8,11,11|6,11,7,5",SF,OTHER,MT,2092,Main Draw,HODAEI Amir Hossein (IRI),KIM Ok Chan (PRK)
ITTF Asian Championships Yogyakarta 2019,2019-09-15,ALAMIYAN Noshad,AN Ji Song,3,2,"6,11,11,11,11|11,5,13,9,5",SF,OTHER,MT,2092,Main Draw,ALAMIYAN Noshad (IRI),AN Ji Song (PRK)
ITTF Asian Championships Yogyakarta 2019,2019-09-15,ACHANTA Sharath,TANVIRIYAVECHAKUL Padasak,3,2,"8,11,11,9,11|11,6,4,11,2",SF,OTHER,MT,2092,Main Draw,ACHANTA Sharath (IND),TANVIRIYAVECHAKUL Padasak (THA)
ITTF Asian Championships Yogyakarta 2019,2019-09-15,GNANASEKARAN Sathiyan,WISUTMAYTHANGKOON Supanut,3,1,"9,11,11,11|11,6,9,1",SF,OTHER,MT,2092,Main Draw,GNANASEKARAN Sathiyan (IND),WISUTMAYTHANGKOON Supanut (THA)
ITTF Asian Championships Yogyakarta 2019,2019-09-15,GERASSIMENKO Kirill,ANNAFI Hafidh Nuur,3,2,"8,11,11,12,11|11,8,13,10,8",5-8,OTHER,MT,2092,Position Draw,GERASSIMENKO Kirill (KAZ),ANNAFI Hafidh Nuur (INA)
ITTF Asian Championships Yogyakarta 2019,2019-09-15,NIMAN Rafanael,KENZHIGULOV Aidos,3,1,"11,9,11,11|5,11,6,7",5-8,OTHER,MT,2092,Position Draw,KENZHIGULOV Aidos (KAZ),NIMAN Rafanael (INA)
ITTF Asian Championships Yogyakarta 2019,2019-09-15,ZHAMAL Bekulan,FADILAH Fikri Faqih,3,0,"12,12,11|10,10,9",5-8,OTHER,MT,2092,Position Draw,ZHAMAL Bekulan (KAZ),FADILAH Fikri Faqih (INA)
ITTF Asian Championships Yogyakarta 2019,2019-09-15,GERASSIMENKO Kirill,NIMAN Rafanael,3,1,"11,11,11,11|13,8,8,9",5-8,OTHER,MT,2092,Position Draw,GERASSIMENKO Kirill (KAZ),NIMAN Rafanael (INA)
ITTF Asian Championships Yogyakarta 2019,2019-09-15,NAYRE Jann Mari,ALDMAISY Zeyad,3,0,"11,11,11|5,4,5",5-8,OTHER,MT,2092,Position Draw,NAYRE Jann Mari (PHI),ALDMAISY Zeyad (JOR)
ITTF Asian Championships Yogyakarta 2019,2019-09-15,ABO YAMAN Zaid,MISAL John Russel,3,1,"8,11,11,11|11,9,5,6",5-8,OTHER,MT,2092,Position Draw,MISAL John Russel (PHI),ABO YAMAN Zaid (JOR)
ITTF Asian Championships Yogyakarta 2019,2019-09-15,JACOLO Ryan Rodney,KHADER Khaled,3,0,"11,12,11|8,10,9",5-8,OTHER,MT,2092,Position Draw,JACOLO Ryan Rodney (PHI),KHADER Khaled (JOR)
ITTF Asian Championships Yogyakarta 2019,2019-09-15,NAYRE Jann Mari,ABO YAMAN Zaid,3,1,"11,9,11,11|8,11,9,9",5-8,OTHER,MT,2092,Position Draw,NAYRE Jann Mari (PHI),ABO YAMAN Zaid (JOR)
ITTF Asian Championships Yogyakarta 2019,2019-09-15,MASALMA Fadi,RIDOY Mohutasin,3,1,"11,11,16,11|8,9,18,5",9-16,OTHER,MT,2092,Position Draw,RIDOY Mohutasin (BAN),MASALMA Fadi (PLE)
ITTF Asian Championships Yogyakarta 2019,2019-09-15,CHOWDHURY Manash,DOUFESH Husam,3,0,"11,11,11|4,6,8",9-16,OTHER,MT,2092,Position Draw,CHOWDHURY Manash (BAN),DOUFESH Husam (PLE)
ITTF Asian Championships Yogyakarta 2019,2019-09-15,PARAG Masud Rana,ABOU SEF Yousri,3,2,"5,12,11,3,11|11,10,2,11,6",9-16,OTHER,MT,2092,Position Draw,PARAG Masud Rana (BAN),ABOU SEF Yousri (PLE)
ITTF Asian Championships Yogyakarta 2019,2019-09-15,RIDOY Mohutasin,DOUFESH Husam,3,0,"11,11,11|9,8,4",9-16,OTHER,MT,2092,Position Draw,RIDOY Mohutasin (BAN),DOUFESH Husam (PLE)
ITTF Asian Championships Yogyakarta 2019,2019-09-15,AHMEDOV Rashid,BAKHTIYARI Mustafa,3,0,"11,11,11|9,4,8",9-16,OTHER,MT,2092,Position Draw,AHMEDOV Rashid (TKM),BAKHTIYARI Mustafa (AFG)
ITTF Asian Championships Yogyakarta 2019,2019-09-15,HOSSEINI Mohammad,ALLANAZAROV Guychgeldi,3,1,"10,11,11,11|12,8,9,2",9-16,OTHER,MT,2092,Position Draw,ALLANAZAROV Guychgeldi (TKM),HOSSEINI Mohammad (AFG)
ITTF Asian Championships Yogyakarta 2019,2019-09-15,AHMEDOV Ravil,MOHAMADIAN Hossain,3,0,"11,13,11|3,11,7",9-16,OTHER,MT,2092,Position Draw,AHMEDOV Ravil (TKM),MOHAMADIAN Hossain (AFG)
ITTF Asian Championships Yogyakarta 2019,2019-09-15,AHMEDOV Rashid,HOSSEINI Mohammad,3,1,"12,8,11,11|10,11,4,7",9-16,OTHER,MT,2092,Position Draw,AHMEDOV Rashid (TKM),HOSSEINI Mohammad (AFG)
ITTF Asian Championships Yogyakarta 2019,2019-09-15,SIRISENA Rohan,HE Chon Fai,3,1,"11,11,8,12|7,6,11,10",9-16,OTHER,MT,2092,Position Draw,SIRISENA Rohan (SRI),HE Chon Fai (MAC)
ITTF Asian Championships Yogyakarta 2019,2019-09-15,CHEONG Chi Cheng,WARUSAWITHANA Supuna,3,2,"7,10,11,11,13|11,12,7,6,11",9-16,OTHER,MT,2092,Position Draw,WARUSAWITHANA Supuna (SRI),CHEONG Chi Cheng (MAC)
ITTF Asian Championships Yogyakarta 2019,2019-09-15,GINIGE Chameera,KOU CHEONG Chak,3,2,"11,11,3,7,12|6,8,11,11,10",9-16,OTHER,MT,2092,Position Draw,GINIGE Chameera (SRI),KOU CHEONG Chak (MAC)
ITTF Asian Championships Yogyakarta 2019,2019-09-15,CHEONG Chi Cheng,SIRISENA Rohan,3,0,"11,11,14|9,3,12",9-16,OTHER,MT,2092,Position Draw,SIRISENA Rohan (SRI),CHEONG Chi Cheng (MAC)
ITTF Asian Championships Yogyakarta 2019,2019-09-15,WARUSAWITHANA Supuna,HE Chon Fai,3,0,"11,11,11|7,5,9",9-16,OTHER,MT,2092,Position Draw,WARUSAWITHANA Supuna (SRI),HE Chon Fai (MAC)
ITTF Asian Championships Yogyakarta 2019,2019-09-15,LIN Ye,JEON Jihee,3,0,"11,11,11|9,4,6",QF,OTHER,WT,2092,Main Draw,JEON Jihee (KOR),LIN Ye (CAN)
ITTF Asian Championships Yogyakarta 2019,2019-09-15,SUH Hyo Won,FENG Tianwei,3,2,"7,8,11,11,11|11,11,5,8,9",QF,OTHER,WT,2092,Main Draw,SUH Hyo Won (KOR),FENG Tianwei (SGP)
ITTF Asian Championships Yogyakarta 2019,2019-09-15,YU Mengyu,YANG Ha Eun,3,1,"9,11,11,11|11,6,7,4",QF,OTHER,WT,2092,Main Draw,YANG Ha Eun (KOR),YU Mengyu (SGP)
ITTF Asian Championships Yogyakarta 2019,2019-09-15,FENG Tianwei,JEON Jihee,3,1,"12,11,10,12|10,6,12,10",QF,OTHER,WT,2092,Main Draw,JEON Jihee (KOR),FENG Tianwei (SGP)
ITTF Asian Championships Yogyakarta 2019,2019-09-15,HIRANO Miu,PARANANG Orawan,3,0,"11,11,11|5,5,7",QF,OTHER,WT,2092,Main Draw,HIRANO Miu (JPN),PARANANG Orawan (THA)
ITTF Asian Championships Yogyakarta 2019,2019-09-15,ISHIKAWA Kasumi,SAWETTABUT Suthasini,3,0,"11,11,11|9,8,7",QF,OTHER,WT,2092,Main Draw,ISHIKAWA Kasumi (JPN),SAWETTABUT Suthasini (THA)
ITTF Asian Championships Yogyakarta 2019,2019-09-15,SATO Hitomi,KOMWONG Nanthana,3,1,"11,9,12,11|4,11,10,6",QF,OTHER,WT,2092,Main Draw,SATO Hitomi (JPN),KOMWONG Nanthana (THA)
ITTF Asian Championships Yogyakarta 2019,2019-09-15,WARNAKULASURIYA Jithara,BATBAYAR Doljinzuu,3,1,"11,11,11,12|8,13,2,10",3RD,OTHER,WT,2092,Position Draw,BATBAYAR Doljinzuu (MGL),WARNAKULASURIYA Jithara (SRI)
ITTF Asian Championships Yogyakarta 2019,2019-09-15,MADURANGI Ishara,BATMUNKH Bolor-Erdene,3,2,"11,8,7,11,11|9,11,11,5,9",3RD,OTHER,WT,2092,Position Draw,BATMUNKH Bolor-Erdene (MGL),MADURANGI Ishara (SRI)
ITTF Asian Championships Yogyakarta 2019,2019-09-15,BATSAIKHAN Khongorzul,WARUSAWITHANA Erandi,3,0,"11,11,12|4,3,10",3RD,OTHER,WT,2092,Position Draw,BATSAIKHAN Khongorzul (MGL),WARUSAWITHANA Erandi (SRI)
ITTF Asian Championships Yogyakarta 2019,2019-09-15,MADURANGI Ishara,BATBAYAR Doljinzuu,3,0,"11,11,11|9,5,8",3RD,OTHER,WT,2092,Position Draw,BATBAYAR Doljinzuu (MGL),MADURANGI Ishara (SRI)
ITTF Asian Championships Yogyakarta 2019,2019-09-15,GNANASEKARAN Sathiyan,HARIMOTO Tomokazu,3,0,"11,11,12|4,7,10",QF,OTHER,MT,2092,Main Draw,HARIMOTO Tomokazu (JPN),GNANASEKARAN Sathiyan (IND)
ITTF Asian Championships Yogyakarta 2019,2019-09-15,YOSHIMURA Maharu,ACHANTA Sharath,3,1,"11,10,11,14|8,12,5,12",QF,OTHER,MT,2092,Main Draw,YOSHIMURA Maharu (JPN),ACHANTA Sharath (IND)
ITTF Asian Championships Yogyakarta 2019,2019-09-15,JIN Takuya,DESAI Harmeet,3,1,"11,6,11,11|7,11,6,2",QF,OTHER,MT,2092,Main Draw,JIN Takuya (JPN),DESAI Harmeet (IND)
ITTF Asian Championships Yogyakarta 2019,2019-09-15,HARIMOTO Tomokazu,ACHANTA Sharath,3,0,"11,11,11|7,0,0",QF,OTHER,MT,2092,Main Draw,HARIMOTO Tomokazu (JPN),ACHANTA Sharath (IND)
ITTF Asian Championships Yogyakarta 2019,2019-09-15,ALAMIYAN Noshad,PENG Wang-Wei,3,0,"13,11,13|11,6,11",QF,OTHER,MT,2092,Main Draw,ALAMIYAN Noshad (IRI),PENG Wang-Wei (TPE)
ITTF Asian Championships Yogyakarta 2019,2019-09-15,CHEN Chien-An,ALAMIAN Nima,3,1,"6,11,11,11|11,6,8,8",QF,OTHER,MT,2092,Main Draw,ALAMIAN Nima (IRI),CHEN Chien-An (TPE)
ITTF Asian Championships Yogyakarta 2019,2019-09-15,LIAO Cheng-Ting,HODAEI Amir Hossein,3,0,"12,11,11|10,9,6",QF,OTHER,MT,2092,Main Draw,HODAEI Amir Hossein (IRI),LIAO Cheng-Ting (TPE)
ITTF Asian Championships Yogyakarta 2019,2019-09-15,CHEN Chien-An,ALAMIYAN Noshad,3,1,"11,11,9,15|8,9,11,13",QF,OTHER,MT,2092,Main Draw,ALAMIYAN Noshad (IRI),CHEN Chien-An (TPE)
ITTF Asian Championships Yogyakarta 2019,2019-09-15,HAMIE Mohamad,ALBALOOSHI Abdulla,3,1,"3,11,11,11|11,9,8,1",5-8,OTHER,MT,2092,Position Draw,ALBALOOSHI Abdulla (UAE),HAMIE Mohamad (LBN)
ITTF Asian Championships Yogyakarta 2019,2019-09-15,CHEAIB Dauud,ALBLOOSHI Essa,3,1,"11,11,10,11|3,5,12,3",5-8,OTHER,MT,2092,Position Draw,ALBLOOSHI Essa (UAE),CHEAIB Dauud (LBN)
ITTF Asian Championships Yogyakarta 2019,2019-09-15,HABACH SaadEddine,SARHAN Zubair,3,2,"11,9,11,8,11|9,11,4,11,8",5-8,OTHER,MT,2092,Position Draw,SARHAN Zubair (UAE),HABACH SaadEddine (LBN)
ITTF Asian Championships Yogyakarta 2019,2019-09-15,SHRESTHA Santoo,AL-BALHAN Jaber,3,0,"13,11,11|11,8,6",5-8,OTHER,MT,2092,Position Draw,SHRESTHA Santoo (NEP),AL-BALHAN Jaber (KUW)
ITTF Asian Championships Yogyakarta 2019,2019-09-15,AL-HASAN Ibrahem,MALLA Amar,3,0,"11,11,11|4,3,6",5-8,OTHER,MT,2092,Position Draw,MALLA Amar (NEP),AL-HASAN Ibrahem (KUW)
ITTF Asian Championships Yogyakarta 2019,2019-09-15,AL-HASAN Salem,KAPALI Sanyog,3,2,"11,11,10,6,11|7,5,12,11,5",5-8,OTHER,MT,2092,Position Draw,KAPALI Sanyog (NEP),AL-HASAN Salem (KUW)
ITTF Asian Championships Yogyakarta 2019,2019-09-15,AL-HASAN Ibrahem,SHRESTHA Santoo,3,1,"11,9,11,11|5,11,8,2",5-8,OTHER,MT,2092,Position Draw,SHRESTHA Santoo (NEP),AL-HASAN Ibrahem (KUW)
ITTF Asian Championships Yogyakarta 2019,2019-09-15,RIDOY Mohutasin,JARGALSAIKHAN Munkhzorig,3,1,"7,11,11,11|11,6,8,8",5-8,OTHER,MT,2092,Position Draw,JARGALSAIKHAN Munkhzorig (MGL),RIDOY Mohutasin (BAN)
ITTF Asian Championships Yogyakarta 2019,2019-09-15,CHOWDHURY Manash,GANKHUYAG Ser-Od,3,1,"14,7,11,11|12,11,6,4",5-8,OTHER,MT,2092,Position Draw,GANKHUYAG Ser-Od (MGL),CHOWDHURY Manash (BAN)
ITTF Asian Championships Yogyakarta 2019,2019-09-15,BAYASGALAN Bilguun,PARAG Masud Rana,3,2,"11,12,6,4,11|8,10,11,11,7",5-8,OTHER,MT,2092,Position Draw,BAYASGALAN Bilguun (MGL),PARAG Masud Rana (BAN)
ITTF Asian Championships Yogyakarta 2019,2019-09-15,JARGALSAIKHAN Munkhzorig,CHOWDHURY Manash,3,1,"11,6,11,11|4,11,7,7",5-8,OTHER,MT,2092,Position Draw,JARGALSAIKHAN Munkhzorig (MGL),CHOWDHURY Manash (BAN)
ITTF Asian Championships Yogyakarta 2019,2019-09-15,GANKHUYAG Ser-Od,RIDOY Mohutasin,3,1,"11,6,11,11|8,11,5,8",5-8,OTHER,MT,2092,Position Draw,GANKHUYAG Ser-Od (MGL),RIDOY Mohutasin (BAN)
ITTF Asian Championships Yogyakarta 2019,2019-09-15,WARUSAWITHANA Supuna,AHMEDOV Rashid,3,1,"9,11,11,13|11,9,9,11",5-8,OTHER,MT,2092,Position Draw,AHMEDOV Rashid (TKM),WARUSAWITHANA Supuna (SRI)
ITTF Asian Championships Yogyakarta 2019,2019-09-15,SIRISENA Rohan,GARYAGDYYEV Emir,3,0,"15,11,11|13,8,7",5-8,OTHER,MT,2092,Position Draw,GARYAGDYYEV Emir (TKM),SIRISENA Rohan (SRI)
ITTF Asian Championships Yogyakarta 2019,2019-09-15,GINIGE Chameera,AHMEDOV Ravil,3,2,"10,11,11,10,11|12,6,5,12,8",5-8,OTHER,MT,2092,Position Draw,AHMEDOV Ravil (TKM),GINIGE Chameera (SRI)
ITTF Asian Championships Yogyakarta 2019,2019-09-15,RASHED Rashed,WONG Qi Shen,3,0,"11,13,16|6,11,14",3RD,OTHER,MT,2092,Position Draw,WONG Qi Shen (MAS),RASHED Rashed (BRN)
ITTF Asian Championships Yogyakarta 2019,2019-09-15,CHOONG Javen,SALEH Mohamed,3,0,"11,11,11|6,5,1",3RD,OTHER,MT,2092,Position Draw,CHOONG Javen (MAS),SALEH Mohamed (BRN)
ITTF Asian Championships Yogyakarta 2019,2019-09-15,LING Yi Heng Amos,MURTADHA Husain,3,0,"11,11,11|3,9,7",3RD,OTHER,MT,2092,Position Draw,LING Yi Heng Amos (MAS),MURTADHA Husain (BRN)
ITTF Asian Championships Yogyakarta 2019,2019-09-15,SALEH Mohamed,WONG Qi Shen,3,0,"11,13,11|7,11,8",3RD,OTHER,MT,2092,Position Draw,WONG Qi Shen (MAS),SALEH Mohamed (BRN)
ITTF Asian Championships Yogyakarta 2019,2019-09-15,RASHED Rashed,CHOONG Javen,3,0,"11,11,11|7,9,6",3RD,OTHER,MT,2092,Position Draw,CHOONG Javen (MAS),RASHED Rashed (BRN)
ITTF Asian Championships Yogyakarta 2019,2019-09-15,ALKHADRAWI Ali,RAKHIMBERGANOV Jamshchid,3,0,"11,11,11|6,7,6",3RD,OTHER,MT,2092,Position Draw,ALKHADRAWI Ali (KSA),RAKHIMBERGANOV Jamshchid (UZB)
ITTF Asian Championships Yogyakarta 2019,2019-09-15,KENJAEV Zokhid,AL-ABBAD Abdulaziz,3,0,"11,11,11|7,8,5",3RD,OTHER,MT,2092,Position Draw,AL-ABBAD Abdulaziz (KSA),KENJAEV Zokhid (UZB)
ITTF Asian Championships Yogyakarta 2019,2019-09-15,BU SHULAYBI Abdulaziz,TESHABOEV Kutbidillo,3,0,"11,11,13|8,6,11",3RD,OTHER,MT,2092,Position Draw,BU SHULAYBI Abdulaziz (KSA),TESHABOEV Kutbidillo (UZB)
ITTF Asian Championships Yogyakarta 2019,2019-09-15,KENJAEV Zokhid,ALKHADRAWI Ali,3,0,"11,11,12|9,6,10",3RD,OTHER,MT,2092,Position Draw,ALKHADRAWI Ali (KSA),KENJAEV Zokhid (UZB)
ITTF Asian Championships Yogyakarta 2019,2019-09-15,AL-ABBAD Abdulaziz,RAKHIMBERGANOV Jamshchid,3,0,"11,11,11|6,2,3",3RD,OTHER,MT,2092,Position Draw,AL-ABBAD Abdulaziz (KSA),RAKHIMBERGANOV Jamshchid (UZB)
ITTF Asian Championships Yogyakarta 2019,2019-09-15,CHEN Meng,LIN Ye,3,1,"9,11,11,11|11,8,6,7",SF,OTHER,WT,2092,Main Draw,LIN Ye (CAN),CHEN Meng (CHN)
ITTF Asian Championships Yogyakarta 2019,2019-09-15,DING Ning,FENG Tianwei,3,0,"13,11,11|11,6,0",SF,OTHER,WT,2092,Main Draw,FENG Tianwei (SGP),DING Ning (CHN)
ITTF Asian Championships Yogyakarta 2019,2019-09-15,WANG Manyu,GOI Rui Xuan,3,0,"11,11,11|4,7,5",SF,OTHER,WT,2092,Main Draw,GOI Rui Xuan (SGP),WANG Manyu (CHN)
ITTF Asian Championships Yogyakarta 2019,2019-09-15,KIM Nam Hae,SUH Hyo Won,3,1,"7,11,11,16|11,5,9,14",5-8,OTHER,WT,2092,Position Draw,SUH Hyo Won (KOR),KIM Nam Hae (PRK)
ITTF Asian Championships Yogyakarta 2019,2019-09-15,KIM Song I,JEON Jihee,3,1,"9,12,11,11|11,10,7,3",5-8,OTHER,WT,2092,Position Draw,JEON Jihee (KOR),KIM Song I (PRK)
ITTF Asian Championships Yogyakarta 2019,2019-09-15,CHA Hyo Sim,SHIN Yubin,3,0,"11,11,11|8,5,7",5-8,OTHER,WT,2092,Position Draw,SHIN Yubin (KOR),CHA Hyo Sim (PRK)
ITTF Asian Championships Yogyakarta 2019,2019-09-15,PARANANG Orawan,DOO Hoi Kem,3,1,"16,11,7,11|14,3,11,9",5-8,OTHER,WT,2092,Position Draw,DOO Hoi Kem (HKG),PARANANG Orawan (THA)
ITTF Asian Championships Yogyakarta 2019,2019-09-15,SAWETTABUT Suthasini,SOO Wai Yam,3,2,"11,5,5,11,11|9,11,11,8,4",5-8,OTHER,WT,2092,Position Draw,SOO Wai Yam (HKG),SAWETTABUT Suthasini (THA)
ITTF Asian Championships Yogyakarta 2019,2019-09-15,LEE Ho Ching,KOMWONG Nanthana,3,0,"15,11,11|13,5,6",5-8,OTHER,WT,2092,Position Draw,LEE Ho Ching (HKG),KOMWONG Nanthana (THA)
ITTF Asian Championships Yogyakarta 2019,2019-09-15,DOO Hoi Kem,SAWETTABUT Suthasini,3,2,"7,11,6,11,11|11,8,11,9,7",5-8,OTHER,WT,2092,Position Draw,DOO Hoi Kem (HKG),SAWETTABUT Suthasini (THA)
ITTF Asian Championships Yogyakarta 2019,2019-09-15,PARANANG Orawan,SOO Wai Yam,3,2,"7,10,11,11,11|11,12,9,2,6",5-8,OTHER,WT,2092,Position Draw,SOO Wai Yam (HKG),PARANANG Orawan (THA)
ITTF Asian Championships Yogyakarta 2019,2019-09-15,KENZHIGULOV Aidos,NAYRE Jann Mari,3,1,"12,7,11,12|10,11,7,10",3RD,OTHER,MT,2092,Position Draw,NAYRE Jann Mari (PHI),KENZHIGULOV Aidos (KAZ)
ITTF Asian Championships Yogyakarta 2019,2019-09-15,MISAL John Russel,ZHAMAL Bekulan,3,0,"12,11,11|10,9,6",3RD,OTHER,MT,2092,Position Draw,MISAL John Russel (PHI),ZHAMAL Bekulan (KAZ)
ITTF Asian Championships Yogyakarta 2019,2019-09-15,GERASSIMENKO Kirill,NAYRE Jann Mari,3,0,"11,11,11|5,7,8",3RD,OTHER,MT,2092,Position Draw,NAYRE Jann Mari (PHI),GERASSIMENKO Kirill (KAZ)
ITTF Asian Championships Yogyakarta 2019,2019-09-15,HIRANO Miu,CHEN Szu-Yu,3,1,"7,11,13,11|11,9,11,5",SF,OTHER,WT,2092,Main Draw,CHEN Szu-Yu (TPE),HIRANO Miu (JPN)
ITTF Asian Championships Yogyakarta 2019,2019-09-15,ISHIKAWA Kasumi,CHENG Hsien-Tzu,3,0,"11,14,11|8,12,6",SF,OTHER,WT,2092,Main Draw,CHENG Hsien-Tzu (TPE),ISHIKAWA Kasumi (JPN)
ITTF Asian Championships Yogyakarta 2019,2019-09-15,SATO Hitomi,LIU Hsing-Yin,3,0,"11,11,11|6,6,6",SF,OTHER,WT,2092,Main Draw,LIU Hsing-Yin (TPE),SATO Hitomi (JPN)
ITTF Asian Championships Yogyakarta 2019,2019-09-15,GNANASEKARAN Sathiyan,POH Ethan,3,0,"11,11,13|5,5,11",5-8,OTHER,MT,2092,Position Draw,GNANASEKARAN Sathiyan (IND),POH Ethan (SGP)
ITTF Asian Championships Yogyakarta 2019,2019-09-15,ACHANTA Sharath,PANG Koen,3,2,"7,13,9,11,11|11,11,11,9,3",5-8,OTHER,MT,2092,Position Draw,ACHANTA Sharath (IND),PANG Koen (SGP)
ITTF Asian Championships Yogyakarta 2019,2019-09-15,ANTHONY Amalraj,CHUA Josh,3,1,"7,11,15,11|11,7,13,9",5-8,OTHER,MT,2092,Position Draw,ANTHONY Amalraj (IND),CHUA Josh (SGP)
ITTF Asian Championships Yogyakarta 2019,2019-09-15,HO Kwan Kit,ALAMIYAN Noshad,3,1,"15,11,11,11|17,5,7,9",5-8,OTHER,MT,2092,Position Draw,ALAMIYAN Noshad (IRI),HO Kwan Kit (HKG)
ITTF Asian Championships Yogyakarta 2019,2019-09-15,ALAMIAN Nima,WONG Chun Ting,3,2,"11,5,12,8,13|9,11,10,11,11",5-8,OTHER,MT,2092,Position Draw,ALAMIAN Nima (IRI),WONG Chun Ting (HKG)
ITTF Asian Championships Yogyakarta 2019,2019-09-15,NG Pak Nam,AHMADIAN Amin,3,1,"7,11,11,11|11,9,7,7",5-8,OTHER,MT,2092,Position Draw,AHMADIAN Amin (IRI),NG Pak Nam (HKG)
ITTF Asian Championships Yogyakarta 2019,2019-09-15,WONG Chun Ting,ALAMIYAN Noshad,3,0,"11,11,11|9,5,8",5-8,OTHER,MT,2092,Position Draw,ALAMIYAN Noshad (IRI),WONG Chun Ting (HKG)
ITTF Asian Championships Yogyakarta 2019,2019-09-15,GANKHUYAG Ser-Od,SIRISENA Rohan,3,1,"11,4,11,11|5,11,8,9",3RD,OTHER,MT,2092,Position Draw,SIRISENA Rohan (SRI),GANKHUYAG Ser-Od (MGL)
ITTF Asian Championships Yogyakarta 2019,2019-09-15,WARUSAWITHANA Supuna,JARGALSAIKHAN Munkhzorig,3,1,"13,8,11,11|11,11,4,9",3RD,OTHER,MT,2092,Position Draw,WARUSAWITHANA Supuna (SRI),JARGALSAIKHAN Munkhzorig (MGL)
ITTF Asian Championships Yogyakarta 2019,2019-09-15,BAYASGALAN Bilguun,GINIGE Chameera,3,1,"0,11,11,11|11,3,8,7",3RD,OTHER,MT,2092,Position Draw,GINIGE Chameera (SRI),BAYASGALAN Bilguun (MGL)
ITTF Asian Championships Yogyakarta 2019,2019-09-15,SIRISENA Rohan,JARGALSAIKHAN Munkhzorig,3,0,"11,11,11|7,9,9",3RD,OTHER,MT,2092,Position Draw,SIRISENA Rohan (SRI),JARGALSAIKHAN Munkhzorig (MGL)
ITTF Asian Championships Yogyakarta 2019,2019-09-15,WARUSAWITHANA Supuna,GANKHUYAG Ser-Od,3,1,"12,13,11,11|14,11,7,3",3RD,OTHER,MT,2092,Position Draw,WARUSAWITHANA Supuna (SRI),GANKHUYAG Ser-Od (MGL)
ITTF Asian Championships Yogyakarta 2019,2019-09-15,AN Ji Song,PANAGITGUN Yanapong,3,1,"11,11,8,11|5,5,11,6",3RD,OTHER,MT,2092,Position Draw,AN Ji Song (PRK),PANAGITGUN Yanapong (THA)
ITTF Asian Championships Yogyakarta 2019,2019-09-15,HAM Yu Song,WISUTMAYTHANGKOON Supanut,3,2,"6,6,11,11,11|11,11,5,4,3",3RD,OTHER,MT,2092,Position Draw,HAM Yu Song (PRK),WISUTMAYTHANGKOON Supanut (THA)
ITTF Asian Championships Yogyakarta 2019,2019-09-15,KIM Ok Chan,TANVIRIYAVECHAKUL Padasak,3,1,"11,10,12,11|9,12,10,9",3RD,OTHER,MT,2092,Position Draw,KIM Ok Chan (PRK),TANVIRIYAVECHAKUL Padasak (THA)
ITTF Asian Championships Yogyakarta 2019,2019-09-15,NIMAN Rafanael,KHADER Khaled,3,1,"8,11,11,11|11,7,9,4",3RD,OTHER,MT,2092,Position Draw,NIMAN Rafanael (INA),KHADER Khaled (JOR)
ITTF Asian Championships Yogyakarta 2019,2019-09-15,ANNAFI Hafidh Nuur,ALDMAISY Zeyad,3,2,"11,11,5,11,11|13,7,11,9,7",3RD,OTHER,MT,2092,Position Draw,ANNAFI Hafidh Nuur (INA),ALDMAISY Zeyad (JOR)
ITTF Asian Championships Yogyakarta 2019,2019-09-15,SALAMEH Mohammad,FADILAH Fikri Faqih,3,2,"8,11,8,11,15|11,6,11,1,13",3RD,OTHER,MT,2092,Position Draw,FADILAH Fikri Faqih (INA),SALAMEH Mohammad (JOR)
ITTF Asian Championships Yogyakarta 2019,2019-09-15,NIMAN Rafanael,ALDMAISY Zeyad,3,1,"11,11,5,11|7,8,11,9",3RD,OTHER,MT,2092,Position Draw,NIMAN Rafanael (INA),ALDMAISY Zeyad (JOR)
ITTF Asian Championships Yogyakarta 2019,2019-09-15,CHEAIB Dauud,ALRASHIDI Marzooq,3,0,"11,11,11|3,6,7",3RD,OTHER,MT,2092,Position Draw,CHEAIB Dauud (LBN),ALRASHIDI Marzooq (KUW)
ITTF Asian Championships Yogyakarta 2019,2019-09-15,HABACH SaadEddine,AL-HASAN Salem,3,1,"6,11,14,11|11,7,12,8",3RD,OTHER,MT,2092,Position Draw,HABACH SaadEddine (LBN),AL-HASAN Salem (KUW)
ITTF Asian Championships Yogyakarta 2019,2019-09-15,HAMIE Mohamad,AL-BALHAN Jaber,3,0,"11,11,11|9,9,7",3RD,OTHER,MT,2092,Position Draw,HAMIE Mohamad (LBN),AL-BALHAN Jaber (KUW)
ITTF Asian Championships Yogyakarta 2019,2019-09-15,AHMEDOV Rashid,RIDOY Mohutasin,3,2,"11,10,9,11,11|7,12,11,9,8",3RD,OTHER,MT,2092,Position Draw,AHMEDOV Rashid (TKM),RIDOY Mohutasin (BAN)
ITTF Asian Championships Yogyakarta 2019,2019-09-15,CHOWDHURY Manash,AHMEDOV Ravil,3,0,"11,11,11|4,8,3",3RD,OTHER,MT,2092,Position Draw,AHMEDOV Ravil (TKM),CHOWDHURY Manash (BAN)
ITTF Asian Championships Yogyakarta 2019,2019-09-15,PARAG Masud Rana,GARYAGDYYEV Emir,3,0,"17,11,11|15,2,8",3RD,OTHER,MT,2092,Position Draw,GARYAGDYYEV Emir (TKM),PARAG Masud Rana (BAN)
ITTF Asian Championships Yogyakarta 2019,2019-09-15,AHMEDOV Rashid,CHOWDHURY Manash,3,1,"11,11,3,11|8,7,11,7",3RD,OTHER,MT,2092,Position Draw,AHMEDOV Rashid (TKM),CHOWDHURY Manash (BAN)
ITTF Asian Championships Yogyakarta 2019,2019-09-15,RIDOY Mohutasin,AHMEDOV Ravil,3,0,"14,11,11|12,4,9",3RD,OTHER,MT,2092,Position Draw,AHMEDOV Ravil (TKM),RIDOY Mohutasin (BAN)
ITTF Asian Championships Yogyakarta 2019,2019-09-15,CHEONG Chi Cheng,ABOU SEF Yousri,3,1,"11,11,11,11|9,8,13,2",3RD,OTHER,MT,2092,Position Draw,CHEONG Chi Cheng (MAC),ABOU SEF Yousri (PLE)
ITTF Asian Championships Yogyakarta 2019,2019-09-15,CHEONG Chi Chon,MASALMA Fadi,3,0,"11,11,11|5,8,7",3RD,OTHER,MT,2092,Position Draw,CHEONG Chi Chon (MAC),MASALMA Fadi (PLE)
ITTF Asian Championships Yogyakarta 2019,2019-09-15,DOUFESH Husam,KOU CHEONG Chak,3,2,"2,11,8,11,11|11,5,11,9,3",3RD,OTHER,MT,2092,Position Draw,KOU CHEONG Chak (MAC),DOUFESH Husam (PLE)
ITTF Asian Championships Yogyakarta 2019,2019-09-15,CHEONG Chi Cheng,MASALMA Fadi,3,0,"11,12,11|4,10,7",3RD,OTHER,MT,2092,Position Draw,CHEONG Chi Cheng (MAC),MASALMA Fadi (PLE)
ITTF Asian Championships Yogyakarta 2019,2019-09-15,AMINAH Siti,SHRESTHA Nabita,3,1,"10,11,11,11|12,9,9,6",3RD,OTHER,WT,2092,Position Draw,SHRESTHA Nabita (NEP),AMINAH Siti (INA)
ITTF Asian Championships Yogyakarta 2019,2019-09-15,WIDARAHMAN Novida,MAHARJAN Elina,3,0,"11,11,11|6,6,4",3RD,OTHER,WT,2092,Position Draw,MAHARJAN Elina (NEP),WIDARAHMAN Novida (INA)
ITTF Asian Championships Yogyakarta 2019,2019-09-15,AZ HARI Gading Putri,SUWAL Sikka,3,0,"11,11,11|8,6,6",3RD,OTHER,WT,2092,Position Draw,SUWAL Sikka (NEP),AZ HARI Gading Putri (INA)
ITTF Asian Championships Yogyakarta 2019,2019-09-15,LIU Shiwen,HIRANO Miu,3,0,"13,11,11|11,4,3",F,OTHER,WT,2092,Main Draw,HIRANO Miu (JPN),LIU Shiwen (CHN)
ITTF Asian Championships Yogyakarta 2019,2019-09-15,CHEN Meng,ISHIKAWA Kasumi,3,0,"11,12,11|9,10,1",F,OTHER,WT,2092,Main Draw,ISHIKAWA Kasumi (JPN),CHEN Meng (CHN)
ITTF Asian Championships Yogyakarta 2019,2019-09-15,LIANG Jingkun,YOSHIMURA Kazuhiro,3,0,"11,14,11|6,12,1",SF,OTHER,MT,2092,Main Draw,YOSHIMURA Kazuhiro (JPN),LIANG Jingkun (CHN)
ITTF Asian Championships Yogyakarta 2019,2019-09-15,CHA Hyo Sim,SAWETTABUT Suthasini,3,2,"5,11,3,11,11|11,8,11,9,6",3RD,OTHER,WT,2092,Position Draw,SAWETTABUT Suthasini (THA),CHA Hyo Sim (PRK)
ITTF Asian Championships Yogyakarta 2019,2019-09-15,KIM Song I,PARANANG Orawan,3,0,"11,11,11|6,7,4",3RD,OTHER,WT,2092,Position Draw,PARANANG Orawan (THA),KIM Song I (PRK)
ITTF Asian Championships Yogyakarta 2019,2019-09-15,KIM Nam Hae,SAWETTABUT Jinnipa,3,0,"11,12,11|5,10,3",3RD,OTHER,WT,2092,Position Draw,SAWETTABUT Jinnipa (THA),KIM Nam Hae (PRK)
ITTF Asian Championships Yogyakarta 2019,2019-09-15,SOO Wai Yam,SHIN Yubin,3,0,"11,11,11|9,9,9",3RD,OTHER,WT,2092,Position Draw,SOO Wai Yam (HKG),SHIN Yubin (KOR)
ITTF Asian Championships Yogyakarta 2019,2019-09-15,ZHU Chengzhu,YANG Ha Eun,3,2,"8,11,12,11,11|11,6,14,9,4",3RD,OTHER,WT,2092,Position Draw,ZHU Chengzhu (HKG),YANG Ha Eun (KOR)
ITTF Asian Championships Yogyakarta 2019,2019-09-15,LEE Eunhye,CHAU Wing Sze,3,0,"11,11,11|7,3,8",3RD,OTHER,WT,2092,Position Draw,CHAU Wing Sze (HKG),LEE Eunhye (KOR)
ITTF Asian Championships Yogyakarta 2019,2019-09-15,YANG Ha Eun,SOO Wai Yam,3,0,"11,11,11|7,5,8",3RD,OTHER,WT,2092,Position Draw,SOO Wai Yam (HKG),YANG Ha Eun (KOR)
ITTF Asian Championships Yogyakarta 2019,2019-09-15,ZHU Chengzhu,SHIN Yubin,3,2,"7,7,14,13,11|11,11,12,11,5",3RD,OTHER,WT,2092,Position Draw,ZHU Chengzhu (HKG),SHIN Yubin (KOR)
ITTF Asian Championships Yogyakarta 2019,2019-09-15,JEOUNG Youngsik,LIAO Cheng-Ting,3,2,"7,11,9,11,12|11,8,11,7,10",SF,OTHER,MT,2092,Main Draw,JEOUNG Youngsik (KOR),LIAO Cheng-Ting (TPE)
ITTF Asian Championships Yogyakarta 2019,2019-09-15,LEE Sang Su,WANG Tai-Wei,3,0,"11,12,11|6,10,9",SF,OTHER,MT,2092,Main Draw,LEE Sang Su (KOR),WANG Tai-Wei (TPE)
ITTF Asian Championships Yogyakarta 2019,2019-09-15,ACHANTA Sharath,LAM Siu Hang,3,2,"9,11,7,11,11|11,6,11,7,7",3RD,OTHER,MT,2092,Position Draw,ACHANTA Sharath (IND),LAM Siu Hang (HKG)
ITTF Asian Championships Yogyakarta 2019,2019-09-15,ANTHONY Amalraj,NG Pak Nam,3,1,"9,11,11,11|11,4,6,7",3RD,OTHER,MT,2092,Position Draw,ANTHONY Amalraj (IND),NG Pak Nam (HKG)
ITTF Asian Championships Yogyakarta 2019,2019-09-15,GNANASEKARAN Sathiyan,KWAN Man Ho,3,1,"11,11,11,14|5,13,7,12",3RD,OTHER,MT,2092,Position Draw,GNANASEKARAN Sathiyan (IND),KWAN Man Ho (HKG)
ITTF Asian Championships Yogyakarta 2019,2019-09-15,PANG Koen,ALAMIAN Nima,3,0,"12,11,11|10,3,2",3RD,OTHER,MT,2092,Position Draw,PANG Koen (SGP),ALAMIAN Nima (IRI)
ITTF Asian Championships Yogyakarta 2019,2019-09-15,ALAMIYAN Noshad,KOH Dominic,3,1,"11,12,11,11|5,14,9,2",3RD,OTHER,MT,2092,Position Draw,KOH Dominic (SGP),ALAMIYAN Noshad (IRI)
ITTF Asian Championships Yogyakarta 2019,2019-09-15,AHMADIAN Amin,BEH Kun Ting,3,1,"5,11,11,11|11,5,6,5",3RD,OTHER,MT,2092,Position Draw,BEH Kun Ting (SGP),AHMADIAN Amin (IRI)
ITTF Asian Championships Yogyakarta 2019,2019-09-15,ALAMIYAN Noshad,PANG Koen,3,1,"7,11,11,11|11,7,8,9",3RD,OTHER,MT,2092,Position Draw,PANG Koen (SGP),ALAMIYAN Noshad (IRI)
ITTF Asian Championships Yogyakarta 2019,2019-09-15,XU Xin,JANG Woojin,3,0,"11,11,11|3,7,9",F,OTHER,MT,2092,Main Draw,JANG Woojin (KOR),XU Xin (CHN)
ITTF Asian Championships Yogyakarta 2019,2019-09-15,FAN Zhendong,JEOUNG Youngsik,3,0,"11,11,11|8,9,7",F,OTHER,MT,2092,Main Draw,JEOUNG Youngsik (KOR),FAN Zhendong (CHN)
ITTF Asian Championships Yogyakarta 2019,2019-09-15,LIANG Jingkun,LEE Sang Su,3,0,"11,11,11|8,7,4",F,OTHER,MT,2092,Main Draw,LEE Sang Su (KOR),LIANG Jingkun (CHN)
ITTF Asian Championships Yogyakarta 2019,2019-09-15,BATRA Manika,LYNE Karen,3,1,"11,11,5,11|9,7,11,9",3RD,OTHER,WT,2092,Position Draw,LYNE Karen (MAS),BATRA Manika (IND)
ITTF Asian Championships Yogyakarta 2019,2019-09-15,PATKAR Madhurika,HO Ying,3,0,"11,11,11|4,6,9",3RD,OTHER,WT,2092,Position Draw,HO Ying (MAS),PATKAR Madhurika (IND)
ITTF Asian Championships Yogyakarta 2019,2019-09-15,KAMATH Archana,TEE Ai Xin,3,1,"11,11,6,11|8,4,11,7",3RD,OTHER,WT,2092,Position Draw,TEE Ai Xin (MAS),KAMATH Archana (IND)
ITTF Asian Championships Yogyakarta 2019,2019-09-15,ROMERO Jannah,AKASHEVA Zauresh,3,0,"11,11,11|5,9,8",3RD,OTHER,WT,2092,Position Draw,ROMERO Jannah (PHI),AKASHEVA Zauresh (KAZ)
ITTF Asian Championships Yogyakarta 2019,2019-09-15,LAVROVA Anastassiya,FADOL Rose Jean,3,2,"7,12,11,13,14|11,14,9,11,12",3RD,OTHER,WT,2092,Position Draw,FADOL Rose Jean (PHI),LAVROVA Anastassiya (KAZ)
ITTF Asian Championships Yogyakarta 2019,2019-09-15,DAEL Emy Rose,KHUSSEINOVA Gulchekhra,3,0,"11,11,11|3,3,6",3RD,OTHER,WT,2092,Position Draw,DAEL Emy Rose (PHI),KHUSSEINOVA Gulchekhra (KAZ)
ITTF Asian Championships Yogyakarta 2019,2019-09-15,ROMERO Jannah,LAVROVA Anastassiya,3,1,"11,11,10,11|9,6,12,5",3RD,OTHER,WT,2092,Position Draw,ROMERO Jannah (PHI),LAVROVA Anastassiya (KAZ)
ITTF Asian Championships Yogyakarta 2019,2019-09-15,SAWETTABUT Suthasini,WONG Xin Ru,3,1,"7,11,11,11|11,8,2,7",F,OTHER,WT,2092,Main Draw,SAWETTABUT Suthasini (THA),WONG Xin Ru (SGP)
ITTF Asian Championships Yogyakarta 2019,2019-09-15,PARANANG Orawan,GOI Rui Xuan,3,1,"11,11,11,13|8,13,5,11",F,OTHER,WT,2092,Main Draw,PARANANG Orawan (THA),GOI Rui Xuan (SGP)
ITTF Asian Championships Yogyakarta 2019,2019-09-15,KOMWONG Nanthana,LIN Ye,3,1,"11,12,7,11|9,10,11,4",F,OTHER,WT,2092,Main Draw,KOMWONG Nanthana (THA),LIN Ye (CAN)
ITTF Asian Championships Yogyakarta 2019,2019-09-15,SALEH Mohamed,AL-ABBAD Abdulaziz,3,2,"6,8,11,11,11|11,11,9,9,9",3RD,OTHER,MT,2092,Position Draw,AL-ABBAD Abdulaziz (KSA),SALEH Mohamed (BRN)
ITTF Asian Championships Yogyakarta 2019,2019-09-15,ALKHADRAWI Ali,RASHED Rashed,3,0,"11,11,11|9,8,7",3RD,OTHER,MT,2092,Position Draw,ALKHADRAWI Ali (KSA),RASHED Rashed (BRN)
ITTF Asian Championships Yogyakarta 2019,2019-09-15,BU SHULAYBI Abdulaziz,ALYASSI Alyas,3,0,"11,13,12|4,11,10",3RD,OTHER,MT,2092,Position Draw,BU SHULAYBI Abdulaziz (KSA),ALYASSI Alyas (BRN)
ITTF Asian Championships Yogyakarta 2019,2019-09-15,AL-ABBAD Abdulaziz,RASHED Rashed,3,1,"8,11,13,11|11,7,11,7",3RD,OTHER,MT,2092,Position Draw,AL-ABBAD Abdulaziz (KSA),RASHED Rashed (BRN)
ITTF Asian Championships Yogyakarta 2019,2019-09-15,WONG Qi Shen,TYAN Stanislav,3,2,"11,9,11,9,11|9,11,8,11,5",3RD,OTHER,MT,2092,Position Draw,WONG Qi Shen (MAS),TYAN Stanislav (UZB)
ITTF Asian Championships Yogyakarta 2019,2019-09-15,CHOONG Javen,KENJAEV Zokhid,3,1,"11,11,6,11|8,7,11,6",3RD,OTHER,MT,2092,Position Draw,CHOONG Javen (MAS),KENJAEV Zokhid (UZB)
ITTF Asian Championships Yogyakarta 2019,2019-09-15,LING Yi Heng Amos,TESHABOEV Kutbidillo,3,2,"12,12,11,6,16|10,14,7,11,14",3RD,OTHER,MT,2092,Position Draw,LING Yi Heng Amos (MAS),TESHABOEV Kutbidillo (UZB)
ITTF Asian Championships Yogyakarta 2019,2019-09-15,ALBALUSHI Salah,KAPALI Sanyog,3,0,"11,11,11|8,5,6",3RD,OTHER,MT,2092,Position Draw,KAPALI Sanyog (NEP),ALBALUSHI Salah (UAE)
ITTF Asian Championships Yogyakarta 2019,2019-09-15,SHRESTHA Santoo,ALBALOOSHI Abdulla,3,0,"11,11,11|6,7,6",3RD,OTHER,MT,2092,Position Draw,SHRESTHA Santoo (NEP),ALBALOOSHI Abdulla (UAE)
ITTF Asian Championships Yogyakarta 2019,2019-09-15,MALLA Amar,ALBLOOSHI Essa,3,2,"13,7,12,8,11|11,11,10,11,8",3RD,OTHER,MT,2092,Position Draw,MALLA Amar (NEP),ALBLOOSHI Essa (UAE)
ITTF Asian Championships Yogyakarta 2019,2019-09-15,ALBALOOSHI Abdulla,KAPALI Sanyog,3,2,"11,11,9,9,11|9,4,11,11,9",3RD,OTHER,MT,2092,Position Draw,KAPALI Sanyog (NEP),ALBALOOSHI Abdulla (UAE)
ITTF Asian Championships Yogyakarta 2019,2019-09-15,ALBALUSHI Salah,SHRESTHA Santoo,3,2,"9,12,6,11,11|11,10,11,4,6",3RD,OTHER,MT,2092,Position Draw,SHRESTHA Santoo (NEP),ALBALUSHI Salah (UAE)
ITTF Asian Championships Yogyakarta 2019,2019-09-15,ACHANTA Sharath,AHMADIAN Amin,3,1,"11,9,11,11|5,11,6,6",F,OTHER,MT,2092,Main Draw,AHMADIAN Amin (IRI),ACHANTA Sharath (IND)
ITTF Asian Championships Yogyakarta 2019,2019-09-15,GNANASEKARAN Sathiyan,HODAEI Amir Hossein,3,2,"6,11,10,11,12|11,4,12,7,10",F,OTHER,MT,2092,Main Draw,HODAEI Amir Hossein (IRI),GNANASEKARAN Sathiyan (IND)
ITTF Asian Championships Yogyakarta 2019,2019-09-15,ANTHONY Amalraj,ALAMIYAN Noshad,3,2,"18,5,11,6,11|16,11,9,11,9",F,OTHER,MT,2092,Main Draw,ALAMIYAN Noshad (IRI),ANTHONY Amalraj (IND)
