tournament,date,player_a,player_b,score_a,score_b,game_scores,round,tier,sub_event,event_id,stage,player_a_raw,player_b_raw,winner_raw
ITTF Challenge Belarus Open Minsk 2019,2019-10-30,WEGRZYN Katarzyna,VOLKAVA Vera,3,0,"11,11,11|2,4,4",,OLYMPICS,U21WS,2042,Qualification,WEGRZYN Katarzyna (POL),VOLKAVA Vera (BLR),WEGRZYN Katarzyna
ITTF Challenge Belarus Open Minsk 2019,2019-10-30,GAUTHIER Lucie,SCHREINER Franziska,3,2,"11,5,11,5,11|6,11,9,11,6",,OLYMPICS,U21WS,2042,Qualification,SCHREINER Franziska (GER),GAUTHIER Lucie (FRA),GAUTHIER Lucie
ITTF Challenge Belarus Open Minsk 2019,2019-10-30,WEGRZYN Anna,HUD Veronika,3,0,"12,11,12|10,3,10",,OLYMPICS,U21WS,2042,Qualification,WEGRZYN Anna (POL),HUD Veronika (UKR),WEGRZYN Anna
ITTF Challenge Belarus Open Minsk 2019,2019-10-30,MAGDIEVA Markhabo,TAN Li Lin Jassy,3,1,"9,11,11,11|11,7,9,4",,OLYMPICS,U21WS,2042,Qualification,TAN Li Lin Jassy (SGP),MAGDIEVA Markhabo (UZB),MAGDIEVA Markhabo
ITTF Challenge Belarus Open Minsk 2019,2019-10-30,KOH Kai Xin Pearlyn,MATEJOVSKA Anna,3,1,"11,11,11,11|4,13,6,6",,OLYMPICS,U21WS,2042,Qualification,KOH Kai Xin Pearlyn (SGP),MATEJOVSKA Anna (CZE),KOH Kai Xin Pearlyn
ITTF Challenge Belarus Open Minsk 2019,2019-10-30,MICHALAK Aleksandra,TEE Ai Xin,3,1,"9,11,11,11|11,9,5,8",,OLYMPICS,U21WS,2042,Qualification,TEE Ai Xin (MAS),MICHALAK Aleksandra (POL),MICHALAK Aleksandra
ITTF Challenge Belarus Open Minsk 2019,2019-10-30,COK Isa,MIRKADIROVA Sarvinoz,3,0,"11,11,11|7,8,5",,OLYMPICS,U21WS,2042,Qualification,COK Isa (FRA),MIRKADIROVA Sarvinoz (KAZ),COK Isa
ITTF Challenge Belarus Open Minsk 2019,2019-10-30,YANG Yiyun,CHANG Li Sian,3,0,"11,13,11|7,11,2",,OLYMPICS,U21WS,2042,Qualification,CHANG Li Sian (MAS),YANG Yiyun (CHN),YANG Yiyun
ITTF Challenge Belarus Open Minsk 2019,2019-10-30,SHI Xunyao,ASHTARI Mahshid,3,0,"11,11,11|8,2,3",,OLYMPICS,U21WS,2042,Qualification,ASHTARI Mahshid (IRI),SHI Xunyao (CHN),SHI Xunyao
ITTF Challenge Belarus Open Minsk 2019,2019-10-30,YAREMCHUK Solomiya,TSUTSUI Yuki,3,0,"11,11,11|9,9,6",,OLYMPICS,U21WS,2042,Qualification,YAREMCHUK Solomiya (UKR),TSUTSUI Yuki (GER),YAREMCHUK Solomiya
ITTF Challenge Belarus Open Minsk 2019,2019-10-30,BAKHYT Anel,BLASKOVA Zdena,3,2,"5,11,12,9,11|11,5,10,11,7",,OLYMPICS,U21WS,2042,Qualification,BLASKOVA Zdena (CZE),BAKHYT Anel (KAZ),BAKHYT Anel
ITTF Challenge Belarus Open Minsk 2019,2019-10-30,CHEN Yi,NORKULOVA Mekhriniso,3,0,"11,11,11|3,5,6",,OLYMPICS,U21WS,2042,Qualification,CHEN Yi (CHN),NORKULOVA Mekhriniso (UZB),CHEN Yi
ITTF Challenge Belarus Open Minsk 2019,2019-10-30,TEE Ai Xin,DYSZKIEWICZ Gabriela,3,1,"9,11,11,11|11,4,7,7",,OLYMPICS,WS,2042,Qualification,DYSZKIEWICZ Gabriela (POL),TEE Ai Xin (MAS),TEE Ai Xin
ITTF Challenge Belarus Open Minsk 2019,2019-10-30,FARLADANSKA Ganna,TENTSER Liubov,3,1,"5,11,11,11|11,9,5,7",,OLYMPICS,WS,2042,Qualification,TENTSER Liubov (RUS),FARLADANSKA Ganna (UKR),FARLADANSKA Ganna
ITTF Challenge Belarus Open Minsk 2019,2019-10-30,SHI Xunyao,IMRE Leila,3,2,"11,8,11,9,15|7,11,5,11,13",,OLYMPICS,WS,2042,Qualification,SHI Xunyao (CHN),IMRE Leila (HUN),SHI Xunyao
ITTF Challenge Belarus Open Minsk 2019,2019-10-30,MAGDIEVA Markhabo,KIM Yedam,3,1,"11,11,10,11|5,9,12,7",,OLYMPICS,WS,2042,Qualification,KIM Yedam (KOR),MAGDIEVA Markhabo (UZB),MAGDIEVA Markhabo
ITTF Challenge Belarus Open Minsk 2019,2019-10-30,MOSTAFAVI Leili,NORKULOVA Mekhriniso,3,0,"11,11,11|3,4,3",,OLYMPICS,WS,2042,Qualification,MOSTAFAVI Leili (FRA),NORKULOVA Mekhriniso (UZB),MOSTAFAVI Leili
ITTF Challenge Belarus Open Minsk 2019,2019-10-30,WU Yangchen,COK Isa,3,0,"11,11,11|7,5,6",,OLYMPICS,WS,2042,Qualification,WU Yangchen (CHN),COK Isa (FRA),WU Yangchen
ITTF Challenge Belarus Open Minsk 2019,2019-10-30,KHALIKOVA Kamila,KOH Kai Xin Pearlyn,3,2,"13,12,10,11,11|11,14,12,8,6",,OLYMPICS,WS,2042,Qualification,KHALIKOVA Kamila (UZB),KOH Kai Xin Pearlyn (SGP),KHALIKOVA Kamila
ITTF Challenge Belarus Open Minsk 2019,2019-10-30,CHEN Yi,PAVADE Prithika,3,1,"13,6,11,11|11,11,2,7",,OLYMPICS,WS,2042,Qualification,CHEN Yi (CHN),PAVADE Prithika (FRA),CHEN Yi
ITTF Challenge Belarus Open Minsk 2019,2019-10-30,LEE Nakyung,TAN Li Lin Jassy,3,1,"8,11,11,11|11,5,2,9",,OLYMPICS,WS,2042,Qualification,LEE Nakyung (KOR),TAN Li Lin Jassy (SGP),LEE Nakyung
ITTF Challenge Belarus Open Minsk 2019,2019-10-30,CHERNOVA Daria,MATEJOVSKA Anna,3,1,"11,11,8,11|8,4,11,8",,OLYMPICS,WS,2042,Qualification,CHERNOVA Daria (RUS),MATEJOVSKA Anna (CZE),CHERNOVA Daria
ITTF Challenge Belarus Open Minsk 2019,2019-10-30,ZAKRZEWSKA Agata,TERPOU Elisavet,3,1,"11,11,6,11|6,5,11,4",,OLYMPICS,WS,2042,Qualification,TERPOU Elisavet (GRE),ZAKRZEWSKA Agata (POL),ZAKRZEWSKA Agata
ITTF Challenge Belarus Open Minsk 2019,2019-10-30,CHERNORAY Daria,LEE Yearam,3,0,"0,0,0|0,0,0",,OLYMPICS,WS,2042,Qualification,LEE Yearam (KOR),CHERNORAY Daria (RUS),CHERNORAY Daria
ITTF Challenge Belarus Open Minsk 2019,2019-10-30,SZYMCZAK Julia,HUD Veronika,3,2,"13,9,4,11,11|11,11,11,8,4",,OLYMPICS,WS,2042,Qualification,SZYMCZAK Julia (POL),HUD Veronika (UKR),SZYMCZAK Julia
ITTF Challenge Belarus Open Minsk 2019,2019-10-30,FORT Nolwenn,KISEL Darya,3,0,"11,11,14|4,5,12",,OLYMPICS,WS,2042,Qualification,FORT Nolwenn (FRA),KISEL Darya (BLR),FORT Nolwenn
ITTF Challenge Belarus Open Minsk 2019,2019-10-30,PETROVOVA Nikita,ALKHOUSKAYA Ulyana,3,1,"11,8,11,11|7,11,5,8",,OLYMPICS,WS,2042,Qualification,PETROVOVA Nikita (CZE),ALKHOUSKAYA Ulyana (BLR),PETROVOVA Nikita
ITTF Challenge Belarus Open Minsk 2019,2019-10-30,KUAI Man,CHAKAVAYA Tatsiana,3,0,"11,11,11|3,5,1",,OLYMPICS,WS,2042,Qualification,KUAI Man (CHN),CHAKAVAYA Tatsiana (BLR),KUAI Man
ITTF Challenge Belarus Open Minsk 2019,2019-10-30,SLAZAK Julia,MIASHCHANSKAYA Ulyana,3,0,"11,11,11|9,2,6",,OLYMPICS,WS,2042,Qualification,SLAZAK Julia (POL),MIASHCHANSKAYA Ulyana (BLR),SLAZAK Julia
ITTF Challenge Belarus Open Minsk 2019,2019-10-30,MYNAROVA Karolina,KOTSIUR Valeriia,3,1,"11,7,11,11|2,11,8,6",,OLYMPICS,WS,2042,Qualification,MYNAROVA Karolina (CZE),KOTSIUR Valeriia (RUS),MYNAROVA Karolina
ITTF Challenge Belarus Open Minsk 2019,2019-10-30,WEGRZYN Anna,GAUTHIER Lucie,3,2,"8,8,12,11,11|11,11,10,8,8",,OLYMPICS,WS,2042,Qualification,WEGRZYN Anna (POL),GAUTHIER Lucie (FRA),WEGRZYN Anna
ITTF Challenge Belarus Open Minsk 2019,2019-10-30,SEMENOVA Daria,GRIGELOVA Natalia,3,1,"11,6,11,11|3,11,4,7",,OLYMPICS,WS,2042,Qualification,GRIGELOVA Natalia (SVK),SEMENOVA Daria (RUS),SEMENOVA Daria
ITTF Challenge Belarus Open Minsk 2019,2019-10-30,WEGRZYN Katarzyna,BAKHYT Anel,3,0,"11,11,11|7,6,6",,OLYMPICS,WS,2042,Qualification,WEGRZYN Katarzyna (POL),BAKHYT Anel (KAZ),WEGRZYN Katarzyna
ITTF Challenge Belarus Open Minsk 2019,2019-10-30,MICHALAK Aleksandra,KIM Mingyung,3,2,"8,2,11,12,12|11,11,9,10,10",,OLYMPICS,WS,2042,Qualification,KIM Mingyung (KOR),MICHALAK Aleksandra (POL),MICHALAK Aleksandra
ITTF Challenge Belarus Open Minsk 2019,2019-10-30,KIM Haeun,MIRKADIROVA Sarvinoz,3,0,"11,11,11|4,8,8",,OLYMPICS,WS,2042,Qualification,KIM Haeun (KOR),MIRKADIROVA Sarvinoz (KAZ),KIM Haeun
ITTF Challenge Belarus Open Minsk 2019,2019-10-30,KHUSSEINOVA Gulchekhra,PADRAZHANETS Karyna,3,0,"11,11,11|8,9,6",,OLYMPICS,WS,2042,Qualification,KHUSSEINOVA Gulchekhra (KAZ),PADRAZHANETS Karyna (BLR),KHUSSEINOVA Gulchekhra
ITTF Challenge Belarus Open Minsk 2019,2019-10-30,KAZANTSEVA Kristina,PATSEYEVA Hanna,3,0,"11,11,11|7,7,6",,OLYMPICS,WS,2042,Qualification,KAZANTSEVA Kristina (RUS),PATSEYEVA Hanna (BLR),KAZANTSEVA Kristina
ITTF Challenge Belarus Open Minsk 2019,2019-10-30,CAKOL Klara,STERNER Anastasia,3,0,"11,11,11|8,4,5",,OLYMPICS,WS,2042,Qualification,CAKOL Klara (CRO),STERNER Anastasia (AUT),CAKOL Klara
ITTF Challenge Belarus Open Minsk 2019,2019-10-30,ZIRONOVA Ekaterina,CHANG Li Sian,3,2,"8,8,13,11,11|11,11,11,8,8",,OLYMPICS,WS,2042,Qualification,CHANG Li Sian (MAS),ZIRONOVA Ekaterina (RUS),ZIRONOVA Ekaterina
ITTF Challenge Belarus Open Minsk 2019,2019-10-30,SCHREINER Franziska,BARAVOK Katsiaryna,3,2,"9,11,11,8,11|11,8,8,11,6",,OLYMPICS,WS,2042,Qualification,BARAVOK Katsiaryna (BLR),SCHREINER Franziska (GER),SCHREINER Franziska
ITTF Challenge Belarus Open Minsk 2019,2019-10-30,BLASKOVA Zdena,VISHNIAKOVA Olga,3,0,"14,11,11|12,5,9",,OLYMPICS,WS,2042,Qualification,VISHNIAKOVA Olga (RUS),BLASKOVA Zdena (CZE),BLASKOVA Zdena
ITTF Challenge Belarus Open Minsk 2019,2019-10-30,YANG Yiyun,KULIKOVA Olga,3,1,"11,11,9,11|4,7,11,8",,OLYMPICS,WS,2042,Qualification,KULIKOVA Olga (RUS),YANG Yiyun (CHN),YANG Yiyun
ITTF Challenge Belarus Open Minsk 2019,2019-10-30,ASHTARI Mahshid,VOLKAVA Vera,3,0,"11,11,11|4,6,8",,OLYMPICS,WS,2042,Qualification,ASHTARI Mahshid (IRI),VOLKAVA Vera (BLR),ASHTARI Mahshid
ITTF Challenge Belarus Open Minsk 2019,2019-10-30,KOMOVA Anastasiia,ZALESKAYA Yuliya,3,0,"11,11,11|7,5,8",,OLYMPICS,WS,2042,Qualification,KOMOVA Anastasiia (RUS),ZALESKAYA Yuliya (BLR),KOMOVA Anastasiia
ITTF Challenge Belarus Open Minsk 2019,2019-10-30,ABRAAMIAN Elizabet,VAKHLIAYEVA Kastiaryna,3,2,"11,11,9,8,11|9,7,11,11,5",,OLYMPICS,WS,2042,Qualification,ABRAAMIAN Elizabet (RUS),VAKHLIAYEVA Kastiaryna (BLR),ABRAAMIAN Elizabet
ITTF Challenge Belarus Open Minsk 2019,2019-10-30,WANG Xiaotong,TUBIKANEC Ivana,3,0,"11,11,14|5,3,12",,OLYMPICS,WS,2042,Qualification,TUBIKANEC Ivana (CRO),WANG Xiaotong (CHN),WANG Xiaotong
ITTF Challenge Belarus Open Minsk 2019,2019-10-30,TSUTSUI Yuki,GUFRANOVA Rimma,3,1,"11,11,7,11|6,5,11,7",,OLYMPICS,WS,2042,Qualification,GUFRANOVA Rimma (UZB),TSUTSUI Yuki (GER),TSUTSUI Yuki
ITTF Challenge Belarus Open Minsk 2019,2019-10-30,JOKIC Tijana,SHEVTCOVA Anastasiia,3,0,"11,11,13|6,5,11",,OLYMPICS,WS,2042,Qualification,JOKIC Tijana (SRB),SHEVTCOVA Anastasiia (RUS),JOKIC Tijana
ITTF Challenge Belarus Open Minsk 2019,2019-10-30,JURKOVA Eva,VARABYOVA Veranika,3,0,"11,11,12|7,7,10",,OLYMPICS,WS,2042,Qualification,JURKOVA Eva (SVK),VARABYOVA Veranika (BLR),JURKOVA Eva
ITTF Challenge Belarus Open Minsk 2019,2019-10-30,DAISH Matthew,CISSA Victor,3,0,"11,11,11|5,6,9",,OLYMPICS,MS,2042,Qualification,CISSA Victor (MDA),DAISH Matthew (ENG),DAISH Matthew
ITTF Challenge Belarus Open Minsk 2019,2019-10-30,SAI Linwei,ZANDECKI Jan,3,2,"11,11,7,11,11|13,5,11,7,6",,OLYMPICS,MS,2042,Qualification,SAI Linwei (CHN),ZANDECKI Jan (POL),SAI Linwei
ITTF Challenge Belarus Open Minsk 2019,2019-10-30,KENZHIGULOV Aidos,SKUCAS Matas,3,1,"9,11,13,11|11,7,11,4",,OLYMPICS,MS,2042,Qualification,KENZHIGULOV Aidos (KAZ),SKUCAS Matas (LTU),KENZHIGULOV Aidos
ITTF Challenge Belarus Open Minsk 2019,2019-10-30,MEDINA Jan,KRASKOVSKII Aleksandr,3,0,"11,11,11|7,9,7",,OLYMPICS,MS,2042,Qualification,MEDINA Jan (VEN),KRASKOVSKII Aleksandr (RUS),MEDINA Jan
ITTF Challenge Belarus Open Minsk 2019,2019-10-30,RUIZ Francisco Miguel,ZELINKA Jakub,3,0,"11,11,12|9,9,10",,OLYMPICS,MS,2042,Qualification,ZELINKA Jakub (SVK),RUIZ Francisco Miguel (ESP),RUIZ Francisco Miguel
ITTF Challenge Belarus Open Minsk 2019,2019-10-30,LU Kaiyang,ORAC Daniel,3,0,"0,0,0|0,0,0",,OLYMPICS,MS,2042,Qualification,ORAC Daniel (SVK),LU Kaiyang (HUN),LU Kaiyang
ITTF Challenge Belarus Open Minsk 2019,2019-10-30,RUIZ Jose Manuel,RASSENFOSSE Adrien,3,2,"13,12,9,3,11|11,10,11,11,8",,OLYMPICS,MS,2042,Qualification,RASSENFOSSE Adrien (BEL),RUIZ Jose Manuel (ESP),RUIZ Jose Manuel
ITTF Challenge Belarus Open Minsk 2019,2019-10-30,MABEY Samuel,LILLO Alberto,3,1,"12,7,11,11|10,11,9,7",,OLYMPICS,MS,2042,Qualification,MABEY Samuel (ENG),LILLO Alberto (ESP),MABEY Samuel
ITTF Challenge Belarus Open Minsk 2019,2019-10-30,CASSIN Alexandre,BARBOLIN Illia,3,0,"11,11,11|8,9,7",,OLYMPICS,MS,2042,Qualification,CASSIN Alexandre (FRA),BARBOLIN Illia (BLR),CASSIN Alexandre
ITTF Challenge Belarus Open Minsk 2019,2019-10-30,KULCZYCKI Samuel,BEREZIN Ilya,3,0,"11,11,11|4,9,8",,OLYMPICS,MS,2042,Qualification,KULCZYCKI Samuel (POL),BEREZIN Ilya (RUS),KULCZYCKI Samuel
ITTF Challenge Belarus Open Minsk 2019,2019-10-30,YU Heyi,IVANOV Gleb,3,0,"11,11,11|8,2,2",,OLYMPICS,MS,2042,Qualification,YU Heyi (CHN),IVANOV Gleb (RUS),YU Heyi
ITTF Challenge Belarus Open Minsk 2019,2019-10-30,LIMONOV Anton,BARABANOV Kiryl,3,0,"12,11,11|10,9,6",,OLYMPICS,MS,2042,Qualification,LIMONOV Anton (UKR),BARABANOV Kiryl (BLR),LIMONOV Anton
ITTF Challenge Belarus Open Minsk 2019,2019-10-30,MERZLIKIN Taras,WETZEL Adrian,3,0,"11,11,13|6,2,11",,OLYMPICS,MS,2042,Qualification,WETZEL Adrian (NOR),MERZLIKIN Taras (RUS),MERZLIKIN Taras
ITTF Challenge Belarus Open Minsk 2019,2019-10-30,MENG Fanbo,GOLLA Marco,3,1,"12,11,11,11|14,5,9,8",,OLYMPICS,MS,2042,Qualification,MENG Fanbo (GER),GOLLA Marco (POL),MENG Fanbo
ITTF Challenge Belarus Open Minsk 2019,2019-10-30,GRELA Artur,ABUSEV Artur,3,0,"11,11,11|6,6,8",,OLYMPICS,MS,2042,Qualification,ABUSEV Artur (RUS),GRELA Artur (POL),GRELA Artur
ITTF Challenge Belarus Open Minsk 2019,2019-10-30,ZHANG Kai,DUBROVIN Veniamin,3,0,"11,11,11|5,2,6",,OLYMPICS,MS,2042,Qualification,ZHANG Kai (USA),DUBROVIN Veniamin (MDA),ZHANG Kai
ITTF Challenge Belarus Open Minsk 2019,2019-10-30,CHUA Josh,ALCHIMBAEV Ruslan,3,0,"11,11,11|5,7,7",,OLYMPICS,MS,2042,Qualification,CHUA Josh (SGP),ALCHIMBAEV Ruslan (RUS),CHUA Josh
ITTF Challenge Belarus Open Minsk 2019,2019-10-30,SEMENOV Andrey,NALEPA Kamil,3,2,"11,12,7,4,11|8,10,11,11,4",,OLYMPICS,MS,2042,Qualification,SEMENOV Andrey (RUS),NALEPA Kamil (POL),SEMENOV Andrey
ITTF Challenge Belarus Open Minsk 2019,2019-10-30,SHINOZUKA Hiroto,DAUNAROVICH Pavel,3,0,"11,16,11|6,14,4",,OLYMPICS,MS,2042,Qualification,SHINOZUKA Hiroto (JPN),DAUNAROVICH Pavel (BLR),SHINOZUKA Hiroto
ITTF Challenge Belarus Open Minsk 2019,2019-10-30,KHOLIKOV Elmurod,KUNATS Heorhi,3,0,"11,12,11|9,10,4",,OLYMPICS,MS,2042,Qualification,KHOLIKOV Elmurod (UZB),KUNATS Heorhi (BLR),KHOLIKOV Elmurod
ITTF Challenge Belarus Open Minsk 2019,2019-10-30,XU Haidong,MILOVANOV Andrey,3,0,"11,11,11|2,4,6",,OLYMPICS,MS,2042,Qualification,XU Haidong (CHN),MILOVANOV Andrey (BLR),XU Haidong
ITTF Challenge Belarus Open Minsk 2019,2019-10-30,SPANIK Tibor,TSIAROKHIN Andrei,3,1,"11,11,8,13|5,4,11,11",,OLYMPICS,MS,2042,Qualification,SPANIK Tibor (SVK),TSIAROKHIN Andrei (BLR),SPANIK Tibor
ITTF Challenge Belarus Open Minsk 2019,2019-10-30,CHAPLYGIN Maxim,ALLAHVERDIYEV Vazir,3,0,"0,0,0|0,0,0",,OLYMPICS,MS,2042,Qualification,CHAPLYGIN Maxim (RUS),ALLAHVERDIYEV Vazir (AZE),CHAPLYGIN Maxim
ITTF Challenge Belarus Open Minsk 2019,2019-10-30,KUCERA Stanislav,TSYHANOUSKI Mikhail,3,0,"0,0,0|0,0,0",,OLYMPICS,MS,2042,Qualification,KUCERA Stanislav (CZE),TSYHANOUSKI Mikhail (BLR),KUCERA Stanislav
ITTF Challenge Belarus Open Minsk 2019,2019-10-30,CVETKO Tilen,BAKO Radim,3,2,"9,9,11,12,11|11,11,8,10,4",,OLYMPICS,MS,2042,Qualification,CVETKO Tilen (SLO),BAKO Radim (CZE),CVETKO Tilen
ITTF Challenge Belarus Open Minsk 2019,2019-10-30,ZHAMAL Bekulan,BELAKON Uladzimir,3,1,"11,11,12,11|9,6,14,7",,OLYMPICS,MS,2042,Qualification,ZHAMAL Bekulan (KAZ),BELAKON Uladzimir (BLR),ZHAMAL Bekulan
ITTF Challenge Belarus Open Minsk 2019,2019-10-30,NIU Guankai,BELAKON Viachaslau,3,0,"11,11,11|4,4,6",,OLYMPICS,MS,2042,Qualification,NIU Guankai (CHN),BELAKON Viachaslau (BLR),NIU Guankai
ITTF Challenge Belarus Open Minsk 2019,2019-10-30,RUKLETSOV Vladislav,HOUDJI Zinsou,3,1,"11,11,9,11|2,5,11,4",,OLYMPICS,MS,2042,Qualification,RUKLETSOV Vladislav (BLR),HOUDJI Zinsou (CIV),RUKLETSOV Vladislav
ITTF Challenge Belarus Open Minsk 2019,2019-10-30,FILCHEV Sergei,SINGEORZAN Bogdan,3,0,"12,12,11|10,10,6",,OLYMPICS,MS,2042,Qualification,SINGEORZAN Bogdan (ROU),FILCHEV Sergei (RUS),FILCHEV Sergei
ITTF Challenge Belarus Open Minsk 2019,2019-10-30,GAO Yang,RUIZ Romain,3,0,"11,11,11|2,2,9",,OLYMPICS,MS,2042,Qualification,RUIZ Romain (FRA),GAO Yang (CHN),GAO Yang
ITTF Challenge Belarus Open Minsk 2019,2019-10-30,GREBNEV Maksim,FADEEV Kirill,3,0,"11,11,11|7,8,9",,OLYMPICS,MS,2042,Qualification,GREBNEV Maksim (RUS),FADEEV Kirill (GER),GREBNEV Maksim
ITTF Challenge Belarus Open Minsk 2019,2019-10-30,NIKULIN Ivan,KASYMOV Akylbek,3,0,"11,11,11|2,7,4",,OLYMPICS,MS,2042,Qualification,NIKULIN Ivan (RUS),KASYMOV Akylbek (KGZ),NIKULIN Ivan
ITTF Challenge Belarus Open Minsk 2019,2019-10-30,LEVAJAC Dimitrije,KHARKI Iskender,3,0,"11,11,11|7,4,3",,OLYMPICS,MS,2042,Qualification,LEVAJAC Dimitrije (SRB),KHARKI Iskender (KAZ),LEVAJAC Dimitrije
ITTF Challenge Belarus Open Minsk 2019,2019-10-30,PIERAERT Valentin,KRIVONOGOV Vitalii,3,1,"10,11,11,11|12,6,3,6",,OLYMPICS,MS,2042,Qualification,PIERAERT Valentin (BEL),KRIVONOGOV Vitalii (RUS),PIERAERT Valentin
ITTF Challenge Belarus Open Minsk 2019,2019-10-30,DARCIS Thibaut,KULPA Konrad,3,1,"11,7,12,11|7,11,10,9",,OLYMPICS,MS,2042,Qualification,DARCIS Thibaut (BEL),KULPA Konrad (POL),DARCIS Thibaut
ITTF Challenge Belarus Open Minsk 2019,2019-10-30,GREBENIUK Andrii,KYDYRBAEV Aziz,3,0,"11,11,13|1,5,11",,OLYMPICS,MS,2042,Qualification,GREBENIUK Andrii (UKR),KYDYRBAEV Aziz (KGZ),GREBENIUK Andrii
ITTF Challenge Belarus Open Minsk 2019,2019-10-30,YUAN Licen,MLADIN Paul,3,0,"11,11,11|8,5,9",,OLYMPICS,MS,2042,Qualification,MLADIN Paul (ROU),YUAN Licen (CHN),YUAN Licen
ITTF Challenge Belarus Open Minsk 2019,2019-10-30,MUTYGULLIN Ramil,MEISSNER Cedric,3,1,"11,5,12,12|6,11,10,10",,OLYMPICS,MS,2042,Qualification,MEISSNER Cedric (GER),MUTYGULLIN Ramil (RUS),MUTYGULLIN Ramil
ITTF Challenge Belarus Open Minsk 2019,2019-10-30,REN Hao,MASIP Joan,3,0,"11,11,11|2,6,7",,OLYMPICS,MS,2042,Qualification,MASIP Joan (ESP),REN Hao (CHN),REN Hao
ITTF Challenge Belarus Open Minsk 2019,2019-10-30,SHAMRUK Gleb,SALEH Mohamed,3,2,"11,10,11,8,11|8,12,9,11,8",,OLYMPICS,MS,2042,Qualification,SHAMRUK Gleb (BLR),SALEH Mohamed (BRN),SHAMRUK Gleb
ITTF Challenge Belarus Open Minsk 2019,2019-10-30,KASHIWA Takeru,MAZENOV Ataiar,3,0,"11,11,11|2,6,6",,OLYMPICS,MS,2042,Qualification,KASHIWA Takeru (JPN),MAZENOV Ataiar (KGZ),KASHIWA Takeru
ITTF Challenge Belarus Open Minsk 2019,2019-10-30,TIKHONOV Artem,VILCHEZ Miguel,3,1,"11,9,11,11|9,11,9,7",,OLYMPICS,MS,2042,Qualification,VILCHEZ Miguel (ESP),TIKHONOV Artem (RUS),TIKHONOV Artem
ITTF Challenge Belarus Open Minsk 2019,2019-10-30,KUBIK Maciej,TRAVIN Danila,3,2,"11,7,12,9,11|8,11,10,11,8",,OLYMPICS,MS,2042,Qualification,KUBIK Maciej (POL),TRAVIN Danila (RUS),KUBIK Maciej
ITTF Challenge Belarus Open Minsk 2019,2019-10-30,XIE Congfan,ARTEMENKO Nikita,3,2,"11,11,6,9,11|8,4,11,11,9",,OLYMPICS,MS,2042,Qualification,ARTEMENKO Nikita (RUS),XIE Congfan (CHN),XIE Congfan
ITTF Challenge Belarus Open Minsk 2019,2019-10-30,AL-ABBAD Abdulaziz,TSOI Evgeny,3,0,"11,11,11|2,3,2",,OLYMPICS,MS,2042,Qualification,AL-ABBAD Abdulaziz (KSA),TSOI Evgeny (KGZ),AL-ABBAD Abdulaziz
ITTF Challenge Belarus Open Minsk 2019,2019-10-30,ZHAO Zhaoyan,PUTUNTICA Andrei,3,2,"3,11,9,11,11|11,6,11,9,5",,OLYMPICS,MS,2042,Qualification,PUTUNTICA Andrei (MDA),ZHAO Zhaoyan (CHN),ZHAO Zhaoyan
ITTF Challenge Belarus Open Minsk 2019,2019-10-30,ZHUKOV Aleksei,MARTINKO Jiri,3,1,"8,11,14,11|11,7,12,9",,OLYMPICS,MS,2042,Qualification,MARTINKO Jiri (CZE),ZHUKOV Aleksei (RUS),ZHUKOV Aleksei
ITTF Challenge Belarus Open Minsk 2019,2019-10-30,FEDOTOV Petr,RASHED Rashed,3,1,"13,11,13,11|11,6,15,7",,OLYMPICS,MS,2042,Qualification,FEDOTOV Petr (RUS),RASHED Rashed (BRN),FEDOTOV Petr
ITTF Challenge Belarus Open Minsk 2019,2019-10-30,YAN Sheng,BOULOUSSA Mehdi,3,0,"11,11,11|9,8,9",,OLYMPICS,MS,2042,Qualification,BOULOUSSA Mehdi (ALG),YAN Sheng (CHN),YAN Sheng
ITTF Challenge Belarus Open Minsk 2019,2019-10-30,KISEL Darya,NORKULOVA Mekhriniso,3,0,"11,11,11|9,5,9",,OLYMPICS,U21WS,2042,Qualification,KISEL Darya (BLR),NORKULOVA Mekhriniso (UZB),KISEL Darya
ITTF Challenge Belarus Open Minsk 2019,2019-10-30,KAZANTSEVA Kristina,GAUTHIER Lucie,3,1,"11,5,11,11|8,11,9,5",,OLYMPICS,U21WS,2042,Qualification,KAZANTSEVA Kristina (RUS),GAUTHIER Lucie (FRA),KAZANTSEVA Kristina
ITTF Challenge Belarus Open Minsk 2019,2019-10-30,CAKOL Klara,HUD Veronika,3,2,"12,11,7,10,11|10,5,11,12,8",,OLYMPICS,U21WS,2042,Qualification,CAKOL Klara (CRO),HUD Veronika (UKR),CAKOL Klara
ITTF Challenge Belarus Open Minsk 2019,2019-10-30,JOKIC Tijana,MAGDIEVA Markhabo,3,1,"11,11,1,15|6,5,11,13",,OLYMPICS,U21WS,2042,Qualification,JOKIC Tijana (SRB),MAGDIEVA Markhabo (UZB),JOKIC Tijana
ITTF Challenge Belarus Open Minsk 2019,2019-10-30,MATEJOVSKA Anna,GRIGELOVA Natalia,3,0,"12,11,15|10,8,13",,OLYMPICS,U21WS,2042,Qualification,GRIGELOVA Natalia (SVK),MATEJOVSKA Anna (CZE),MATEJOVSKA Anna
ITTF Challenge Belarus Open Minsk 2019,2019-10-30,PAVADE Prithika,MICHALAK Aleksandra,3,0,"11,11,11|8,8,7",,OLYMPICS,U21WS,2042,Qualification,PAVADE Prithika (FRA),MICHALAK Aleksandra (POL),PAVADE Prithika
ITTF Challenge Belarus Open Minsk 2019,2019-10-30,TERPOU Elisavet,MIRKADIROVA Sarvinoz,3,2,"11,12,9,9,11|5,10,11,11,6",,OLYMPICS,U21WS,2042,Qualification,TERPOU Elisavet (GRE),MIRKADIROVA Sarvinoz (KAZ),TERPOU Elisavet
ITTF Challenge Belarus Open Minsk 2019,2019-10-30,YANG Yiyun,SLAZAK Julia,3,0,"11,11,11|9,8,3",,OLYMPICS,U21WS,2042,Qualification,SLAZAK Julia (POL),YANG Yiyun (CHN),YANG Yiyun
ITTF Challenge Belarus Open Minsk 2019,2019-10-30,SHI Xunyao,LAURENTI Jamila,3,0,"12,11,11|10,6,6",,OLYMPICS,U21WS,2042,Qualification,LAURENTI Jamila (ITA),SHI Xunyao (CHN),SHI Xunyao
ITTF Challenge Belarus Open Minsk 2019,2019-10-30,KUAI Man,TSUTSUI Yuki,3,1,"11,11,7,11|5,9,11,6",,OLYMPICS,U21WS,2042,Qualification,KUAI Man (CHN),TSUTSUI Yuki (GER),KUAI Man
ITTF Challenge Belarus Open Minsk 2019,2019-10-30,PETROVOVA Nikita,VOLKAVA Vera,3,1,"11,12,8,11|6,10,11,2",,OLYMPICS,U21WS,2042,Qualification,PETROVOVA Nikita (CZE),VOLKAVA Vera (BLR),PETROVOVA Nikita
ITTF Challenge Belarus Open Minsk 2019,2019-10-30,MOSTAFAVI Leili,BAKHYT Anel,3,0,"11,14,11|4,12,5",,OLYMPICS,U21WS,2042,Qualification,MOSTAFAVI Leili (FRA),BAKHYT Anel (KAZ),MOSTAFAVI Leili
ITTF Challenge Belarus Open Minsk 2019,2019-10-30,RUKLETSOV Vladislav,HRIBAR Peter,3,1,"11,9,13,11|9,11,11,7",R64,OLYMPICS,U21MS,2042,Main Draw,HRIBAR Peter (SLO),RUKLETSOV Vladislav (BLR),RUKLETSOV Vladislav
ITTF Challenge Belarus Open Minsk 2019,2019-10-30,JARVIS Tom,LU Kaiyang,3,0,"12,11,11|10,6,9",R64,OLYMPICS,U21MS,2042,Main Draw,LU Kaiyang (HUN),JARVIS Tom (ENG),JARVIS Tom
ITTF Challenge Belarus Open Minsk 2019,2019-10-30,SIDORENKO Vladimir,HOUDJI Zinsou,3,1,"11,11,10,11|2,3,12,5",R64,OLYMPICS,U21MS,2042,Main Draw,SIDORENKO Vladimir (RUS),HOUDJI Zinsou (CIV),SIDORENKO Vladimir
ITTF Challenge Belarus Open Minsk 2019,2019-10-30,BAKO Radim,KENZHIGULOV Aidos,3,2,"11,11,8,12,11|13,4,11,10,7",R64,OLYMPICS,U21MS,2042,Main Draw,BAKO Radim (CZE),KENZHIGULOV Aidos (KAZ),BAKO Radim
ITTF Challenge Belarus Open Minsk 2019,2019-10-30,TOGAMI Shunsuke,GRELA Artur,3,0,"11,11,11|4,6,7",R64,OLYMPICS,U21MS,2042,Main Draw,TOGAMI Shunsuke (JPN),GRELA Artur (POL),TOGAMI Shunsuke
ITTF Challenge Belarus Open Minsk 2019,2019-10-30,SONE Kakeru,ORAC Daniel,3,0,"0,0,0|0,0,0",R64,OLYMPICS,U21MS,2042,Main Draw,ORAC Daniel (SVK),SONE Kakeru (JPN),SONE Kakeru
ITTF Challenge Belarus Open Minsk 2019,2019-10-30,GAO Yang,PANG Koen,3,1,"11,7,11,11|7,11,9,8",R64,OLYMPICS,U21MS,2042,Main Draw,PANG Koen (SGP),GAO Yang (CHN),GAO Yang
ITTF Challenge Belarus Open Minsk 2019,2019-10-30,SAI Linwei,UDA Yukiya,3,1,"11,11,8,11|3,5,11,3",R64,OLYMPICS,U21MS,2042,Main Draw,SAI Linwei (CHN),UDA Yukiya (JPN),SAI Linwei
ITTF Challenge Belarus Open Minsk 2019,2019-10-30,NIU Guankai,ENGEMANN Gerrit,3,0,"11,11,12|3,9,10",R64,OLYMPICS,U21MS,2042,Main Draw,ENGEMANN Gerrit (GER),NIU Guankai (CHN),NIU Guankai
ITTF Challenge Belarus Open Minsk 2019,2019-10-30,TIO Nicholas,YIGENLER Abdullah,3,1,"11,11,10,11|6,4,12,7",R64,OLYMPICS,U21MS,2042,Main Draw,YIGENLER Abdullah (TUR),TIO Nicholas (USA),TIO Nicholas
ITTF Challenge Belarus Open Minsk 2019,2019-10-30,KUBIK Maciej,MLADENOVIC Luka,3,0,"11,11,11|8,9,4",R64,OLYMPICS,U21MS,2042,Main Draw,KUBIK Maciej (POL),MLADENOVIC Luka (LUX),KUBIK Maciej
ITTF Challenge Belarus Open Minsk 2019,2019-10-30,DARCIS Thibaut,ZELINKA Jakub,3,1,"11,3,11,14|8,11,4,12",R64,OLYMPICS,U21MS,2042,Main Draw,ZELINKA Jakub (SVK),DARCIS Thibaut (BEL),DARCIS Thibaut
ITTF Challenge Belarus Open Minsk 2019,2019-10-30,CNUDDE Florian,MLADIN Paul,3,1,"11,8,11,11|8,11,6,7",R64,OLYMPICS,U21MS,2042,Main Draw,CNUDDE Florian (BEL),MLADIN Paul (ROU),CNUDDE Florian
ITTF Challenge Belarus Open Minsk 2019,2019-10-30,MARTINKO Jiri,RASSENFOSSE Adrien,3,1,"11,11,3,11|8,5,11,7",R64,OLYMPICS,U21MS,2042,Main Draw,RASSENFOSSE Adrien (BEL),MARTINKO Jiri (CZE),MARTINKO Jiri
ITTF Challenge Belarus Open Minsk 2019,2019-10-30,SPANIK Tibor,CHUA Josh,3,0,"11,11,11|6,7,3",R64,OLYMPICS,U21MS,2042,Main Draw,SPANIK Tibor (SVK),CHUA Josh (SGP),SPANIK Tibor
ITTF Challenge Belarus Open Minsk 2019,2019-10-30,HODAEI Amir Hossein,KASSA Gedeon,3,1,"11,11,15,11|7,4,17,8",R64,OLYMPICS,U21MS,2042,Main Draw,KASSA Gedeon (COD),HODAEI Amir Hossein (IRI),HODAEI Amir Hossein
ITTF Challenge Belarus Open Minsk 2019,2019-10-30,KHANIN Aleksandr,LEVAJAC Dimitrije,3,1,"11,12,6,11|9,10,11,8",R64,OLYMPICS,U21MS,2042,Main Draw,KHANIN Aleksandr (BLR),LEVAJAC Dimitrije (SRB),KHANIN Aleksandr
ITTF Challenge Belarus Open Minsk 2019,2019-10-30,PUTUNTICA Andrei,RASHED Rashed,3,1,"11,11,9,11|4,9,11,5",R64,OLYMPICS,U21MS,2042,Main Draw,RASHED Rashed (BRN),PUTUNTICA Andrei (MDA),PUTUNTICA Andrei
ITTF Challenge Belarus Open Minsk 2019,2019-10-30,BERTRAND Irvin,DAISH Matthew,3,0,"11,11,13|3,2,11",R64,OLYMPICS,U21MS,2042,Main Draw,BERTRAND Irvin (FRA),DAISH Matthew (ENG),BERTRAND Irvin
ITTF Challenge Belarus Open Minsk 2019,2019-10-30,PLETEA Cristian,PIERAERT Valentin,3,1,"13,6,11,11|11,11,8,4",R64,OLYMPICS,U21MS,2042,Main Draw,PIERAERT Valentin (BEL),PLETEA Cristian (ROU),PLETEA Cristian
ITTF Challenge Belarus Open Minsk 2019,2019-10-30,ABUSEV Artur,KHARKI Iskender,3,0,"11,11,11|4,8,8",R64,OLYMPICS,U21MS,2042,Main Draw,ABUSEV Artur (RUS),KHARKI Iskender (KAZ),ABUSEV Artur
ITTF Challenge Belarus Open Minsk 2019,2019-10-30,KATSMAN Lev,RUIZ Francisco Miguel,3,0,"11,11,11|7,3,9",R64,OLYMPICS,U21MS,2042,Main Draw,RUIZ Francisco Miguel (ESP),KATSMAN Lev (RUS),KATSMAN Lev
ITTF Challenge Belarus Open Minsk 2019,2019-10-30,ZANDECKI Jan,REMBERT Bastien,3,1,"6,12,11,11|11,10,6,7",R64,OLYMPICS,U21MS,2042,Main Draw,REMBERT Bastien (FRA),ZANDECKI Jan (POL),ZANDECKI Jan
ITTF Challenge Belarus Open Minsk 2019,2019-10-30,SIPOS Rares,KUNATS Heorhi,3,1,"11,11,9,11|7,5,11,3",R64,OLYMPICS,U21MS,2042,Main Draw,KUNATS Heorhi (BLR),SIPOS Rares (ROU),SIPOS Rares
ITTF Challenge Belarus Open Minsk 2019,2019-10-30,HIPPLER Tobias,DAUNAROVICH Pavel,3,1,"11,6,11,11|8,11,2,9",R64,OLYMPICS,U21MS,2042,Main Draw,HIPPLER Tobias (GER),DAUNAROVICH Pavel (BLR),HIPPLER Tobias
ITTF Challenge Belarus Open Minsk 2019,2019-10-30,MEISSNER Cedric,CVETKO Tilen,3,2,"7,11,13,11,11|11,9,15,2,8",R64,OLYMPICS,U21MS,2042,Main Draw,CVETKO Tilen (SLO),MEISSNER Cedric (GER),MEISSNER Cedric
ITTF Challenge Belarus Open Minsk 2019,2019-10-30,MASIP Joan,WETZEL Adrian,3,0,"11,11,11|7,8,6",R64,OLYMPICS,U21MS,2042,Main Draw,MASIP Joan (ESP),WETZEL Adrian (NOR),MASIP Joan
ITTF Challenge Belarus Open Minsk 2019,2019-10-30,ROLLAND Jules,MENG Fanbo,3,0,"11,11,11|6,4,8",R64,OLYMPICS,U21MS,2042,Main Draw,MENG Fanbo (GER),ROLLAND Jules (FRA),ROLLAND Jules
ITTF Challenge Belarus Open Minsk 2019,2019-10-30,LILLO Alberto,DE NODREST Leo,3,2,"11,4,11,2,11|4,11,9,11,8",R64,OLYMPICS,U21MS,2042,Main Draw,DE NODREST Leo (FRA),LILLO Alberto (ESP),LILLO Alberto
ITTF Challenge Belarus Open Minsk 2019,2019-10-30,GREBENIUK Andrii,SINGEORZAN Bogdan,3,0,"11,12,11|3,10,9",R64,OLYMPICS,U21MS,2042,Main Draw,GREBENIUK Andrii (UKR),SINGEORZAN Bogdan (ROU),GREBENIUK Andrii
ITTF Challenge Belarus Open Minsk 2019,2019-10-30,KULCZYCKI Samuel,LIMONOV Anton,3,1,"8,11,13,11|11,5,11,4",R64,OLYMPICS,U21MS,2042,Main Draw,KULCZYCKI Samuel (POL),LIMONOV Anton (UKR),KULCZYCKI Samuel
ITTF Challenge Belarus Open Minsk 2019,2019-10-30,SHINOZUKA Hiroto,IVONIN Denis,3,0,"12,11,11|10,8,7",R64,OLYMPICS,U21MS,2042,Main Draw,SHINOZUKA Hiroto (JPN),IVONIN Denis (RUS),SHINOZUKA Hiroto
ITTF Challenge Belarus Open Minsk 2019,2019-10-30,CHERNORAY Daria,NIKITCHANKA Alina,3,1,"11,9,11,11|4,11,8,6",,OLYMPICS,WS,2042,Qualification,NIKITCHANKA Alina (BLR),CHERNORAY Daria (RUS),CHERNORAY Daria
ITTF Challenge Belarus Open Minsk 2019,2019-10-30,SIRUCKOVA Aneta,FARLADANSKA Ganna,3,2,"9,4,11,11,11|11,11,7,4,6",,OLYMPICS,WS,2042,Qualification,SIRUCKOVA Aneta (CZE),FARLADANSKA Ganna (UKR),SIRUCKOVA Aneta
ITTF Challenge Belarus Open Minsk 2019,2019-10-30,WAN Yuan,IMRE Leila,3,2,"7,11,8,11,11|11,9,11,5,5",,OLYMPICS,WS,2042,Qualification,WAN Yuan (GER),IMRE Leila (HUN),WAN Yuan
ITTF Challenge Belarus Open Minsk 2019,2019-10-30,DEGRAEF Margo,MAGDIEVA Markhabo,3,1,"9,11,11,11|11,9,6,6",,OLYMPICS,WS,2042,Qualification,DEGRAEF Margo (BEL),MAGDIEVA Markhabo (UZB),DEGRAEF Margo
ITTF Challenge Belarus Open Minsk 2019,2019-10-30,FAN Siqi,NORKULOVA Mekhriniso,3,0,"11,11,11|2,5,3",,OLYMPICS,WS,2042,Qualification,FAN Siqi (CHN),NORKULOVA Mekhriniso (UZB),FAN Siqi
ITTF Challenge Belarus Open Minsk 2019,2019-10-30,MALANINA Maria,COK Isa,3,1,"9,11,11,11|11,7,5,6",,OLYMPICS,WS,2042,Qualification,MALANINA Maria (RUS),COK Isa (FRA),MALANINA Maria
ITTF Challenge Belarus Open Minsk 2019,2019-10-30,YAREMCHUK Solomiya,KOH Kai Xin Pearlyn,3,0,"11,11,11|4,2,4",,OLYMPICS,WS,2042,Qualification,YAREMCHUK Solomiya (UKR),KOH Kai Xin Pearlyn (SGP),YAREMCHUK Solomiya
ITTF Challenge Belarus Open Minsk 2019,2019-10-30,PAVADE Prithika,KIRICHENKO Anna,3,1,"11,11,7,11|4,7,11,9",,OLYMPICS,WS,2042,Qualification,KIRICHENKO Anna (FIN),PAVADE Prithika (FRA),PAVADE Prithika
ITTF Challenge Belarus Open Minsk 2019,2019-10-30,HARTBRICH Leonie,TAN Li Lin Jassy,3,1,"8,11,11,11|11,8,9,4",,OLYMPICS,WS,2042,Qualification,HARTBRICH Leonie (HUN),TAN Li Lin Jassy (SGP),HARTBRICH Leonie
ITTF Challenge Belarus Open Minsk 2019,2019-10-30,LAURENTI Jamila,MATEJOVSKA Anna,3,1,"11,9,11,11|5,11,6,7",,OLYMPICS,WS,2042,Qualification,LAURENTI Jamila (ITA),MATEJOVSKA Anna (CZE),LAURENTI Jamila
ITTF Challenge Belarus Open Minsk 2019,2019-10-30,MIGOT Marie,ZAKRZEWSKA Agata,3,1,"11,5,11,13|6,11,7,11",,OLYMPICS,WS,2042,Qualification,MIGOT Marie (FRA),ZAKRZEWSKA Agata (POL),MIGOT Marie
ITTF Challenge Belarus Open Minsk 2019,2019-10-30,FENG Yalan,TEE Ai Xin,3,0,"11,11,11|6,9,8",,OLYMPICS,WS,2042,Qualification,FENG Yalan (CHN),TEE Ai Xin (MAS),FENG Yalan
ITTF Challenge Belarus Open Minsk 2019,2019-10-30,HUD Veronika,PUCHOVANOVA Nikoleta,3,0,"14,11,11|12,6,8",,OLYMPICS,WS,2042,Qualification,PUCHOVANOVA Nikoleta (SVK),HUD Veronika (UKR),HUD Veronika
ITTF Challenge Belarus Open Minsk 2019,2019-10-30,MANTZ Chantal,KISEL Darya,3,0,"11,11,11|9,5,3",,OLYMPICS,WS,2042,Qualification,MANTZ Chantal (GER),KISEL Darya (BLR),MANTZ Chantal
ITTF Challenge Belarus Open Minsk 2019,2019-10-30,PFEFER Laura,ALKHOUSKAYA Ulyana,3,0,"11,11,11|6,9,7",,OLYMPICS,WS,2042,Qualification,PFEFER Laura (FRA),ALKHOUSKAYA Ulyana (BLR),PFEFER Laura
ITTF Challenge Belarus Open Minsk 2019,2019-10-30,TOMANOVSKA Katerina,CHAKAVAYA Tatsiana,3,0,"11,12,11|5,10,7",,OLYMPICS,WS,2042,Qualification,TOMANOVSKA Katerina (CZE),CHAKAVAYA Tatsiana (BLR),TOMANOVSKA Katerina
ITTF Challenge Belarus Open Minsk 2019,2019-10-30,GUISNEL Oceane,PADRAZHANETS Karyna,3,0,"11,11,11|8,5,4",,OLYMPICS,WS,2042,Qualification,GUISNEL Oceane (FRA),PADRAZHANETS Karyna (BLR),GUISNEL Oceane
ITTF Challenge Belarus Open Minsk 2019,2019-10-30,KOTSIUR Valeriia,LAVROVA Anastassiya,3,1,"14,11,5,11|12,3,11,5",,OLYMPICS,WS,2042,Qualification,LAVROVA Anastassiya (KAZ),KOTSIUR Valeriia (RUS),KOTSIUR Valeriia
ITTF Challenge Belarus Open Minsk 2019,2019-10-30,CHRISTENSEN Stefanie,GAUTHIER Lucie,3,1,"11,11,6,11|7,7,11,7",,OLYMPICS,WS,2042,Qualification,CHRISTENSEN Stefanie (DEN),GAUTHIER Lucie (FRA),CHRISTENSEN Stefanie
ITTF Challenge Belarus Open Minsk 2019,2019-10-30,GARCIA Ana,SEMENOVA Daria,3,2,"11,11,9,10,12|6,6,11,12,10",,OLYMPICS,WS,2042,Qualification,GARCIA Ana (ESP),SEMENOVA Daria (RUS),GARCIA Ana
ITTF Challenge Belarus Open Minsk 2019,2019-10-30,REUST Celine,MIASHCHANSKAYA Ulyana,3,0,"11,11,11|3,6,8",,OLYMPICS,WS,2042,Qualification,REUST Celine (SUI),MIASHCHANSKAYA Ulyana (BLR),REUST Celine
ITTF Challenge Belarus Open Minsk 2019,2019-10-30,SHAHSAVARI Neda,MICHALAK Aleksandra,3,2,"8,11,11,7,11|11,7,8,11,9",,OLYMPICS,WS,2042,Qualification,SHAHSAVARI Neda (IRI),MICHALAK Aleksandra (POL),SHAHSAVARI Neda
ITTF Challenge Belarus Open Minsk 2019,2019-10-30,GOI Rui Xuan,MIRKADIROVA Sarvinoz,3,0,"11,11,11|8,8,4",,OLYMPICS,WS,2042,Qualification,GOI Rui Xuan (SGP),MIRKADIROVA Sarvinoz (KAZ),GOI Rui Xuan
ITTF Challenge Belarus Open Minsk 2019,2019-10-30,ALTINKAYA Sibel,BAKHYT Anel,3,0,"11,13,11|4,11,5",,OLYMPICS,WS,2042,Qualification,ALTINKAYA Sibel (TUR),BAKHYT Anel (KAZ),ALTINKAYA Sibel
ITTF Challenge Belarus Open Minsk 2019,2019-10-30,YANG Huijing,PATSEYEVA Hanna,3,0,"11,16,11|8,14,7",,OLYMPICS,WS,2042,Qualification,YANG Huijing (CHN),PATSEYEVA Hanna (BLR),YANG Huijing
ITTF Challenge Belarus Open Minsk 2019,2019-10-30,DOLGIKH Maria,STERNER Anastasia,3,0,"11,11,11|2,1,3",,OLYMPICS,WS,2042,Qualification,DOLGIKH Maria (RUS),STERNER Anastasia (AUT),DOLGIKH Maria
ITTF Challenge Belarus Open Minsk 2019,2019-10-30,JONSSON Jennifer,ZIRONOVA Ekaterina,3,1,"11,9,11,11|4,11,9,9",,OLYMPICS,WS,2042,Qualification,JONSSON Jennifer (SWE),ZIRONOVA Ekaterina (RUS),JONSSON Jennifer
ITTF Challenge Belarus Open Minsk 2019,2019-10-30,BLASKOVA Zdena,BARAVOK Katsiaryna,3,1,"3,11,11,11|11,8,7,4",,OLYMPICS,WS,2042,Qualification,BARAVOK Katsiaryna (BLR),BLASKOVA Zdena (CZE),BLASKOVA Zdena
ITTF Challenge Belarus Open Minsk 2019,2019-10-30,SCHREINER Franziska,VISHNIAKOVA Olga,3,2,"11,10,15,11,11|5,12,17,6,7",,OLYMPICS,WS,2042,Qualification,VISHNIAKOVA Olga (RUS),SCHREINER Franziska (GER),SCHREINER Franziska
ITTF Challenge Belarus Open Minsk 2019,2019-10-30,KULIKOVA Olga,VOLKAVA Vera,3,0,"11,11,13|8,6,11",,OLYMPICS,WS,2042,Qualification,KULIKOVA Olga (RUS),VOLKAVA Vera (BLR),KULIKOVA Olga
ITTF Challenge Belarus Open Minsk 2019,2019-10-30,YANG Yiyun,ASHTARI Mahshid,3,0,"11,11,11|6,8,5",,OLYMPICS,WS,2042,Qualification,ASHTARI Mahshid (IRI),YANG Yiyun (CHN),YANG Yiyun
ITTF Challenge Belarus Open Minsk 2019,2019-10-30,TSUTSUI Yuki,KOMOVA Anastasiia,3,0,"11,11,11|9,9,9",,OLYMPICS,WS,2042,Qualification,KOMOVA Anastasiia (RUS),TSUTSUI Yuki (GER),TSUTSUI Yuki
ITTF Challenge Belarus Open Minsk 2019,2019-10-30,GUFRANOVA Rimma,ZALESKAYA Yuliya,3,0,"11,11,11|8,3,6",,OLYMPICS,WS,2042,Qualification,GUFRANOVA Rimma (UZB),ZALESKAYA Yuliya (BLR),GUFRANOVA Rimma
ITTF Challenge Belarus Open Minsk 2019,2019-10-30,TUBIKANEC Ivana,VAKHLIAYEVA Kastiaryna,3,0,"11,11,11|6,3,4",,OLYMPICS,WS,2042,Qualification,TUBIKANEC Ivana (CRO),VAKHLIAYEVA Kastiaryna (BLR),TUBIKANEC Ivana
ITTF Challenge Belarus Open Minsk 2019,2019-10-30,WANG Xiaotong,ABRAAMIAN Elizabet,3,0,"12,11,11|10,3,5",,OLYMPICS,WS,2042,Qualification,ABRAAMIAN Elizabet (RUS),WANG Xiaotong (CHN),WANG Xiaotong
ITTF Challenge Belarus Open Minsk 2019,2019-10-30,JOKIC Tijana,VARABYOVA Veranika,3,0,"11,11,11|6,6,4",,OLYMPICS,WS,2042,Qualification,JOKIC Tijana (SRB),VARABYOVA Veranika (BLR),JOKIC Tijana
ITTF Challenge Belarus Open Minsk 2019,2019-10-30,JURKOVA Eva,SHEVTCOVA Anastasiia,3,2,"10,11,8,16,14|12,8,11,14,12",,OLYMPICS,WS,2042,Qualification,JURKOVA Eva (SVK),SHEVTCOVA Anastasiia (RUS),JURKOVA Eva
ITTF Challenge Belarus Open Minsk 2019,2019-10-30,ZHMUDENKO Yaroslav,DAISH Matthew,3,0,"11,11,11|6,5,7",,OLYMPICS,MS,2042,Qualification,ZHMUDENKO Yaroslav (UKR),DAISH Matthew (ENG),ZHMUDENKO Yaroslav
ITTF Challenge Belarus Open Minsk 2019,2019-10-30,KENJAEV Zokhid,ZANDECKI Jan,3,0,"11,11,11|6,5,6",,OLYMPICS,MS,2042,Qualification,KENJAEV Zokhid (UZB),ZANDECKI Jan (POL),KENJAEV Zokhid
ITTF Challenge Belarus Open Minsk 2019,2019-10-30,ALKHADRAWI Ali,SKUCAS Matas,3,2,"11,9,11,9,11|9,11,9,11,7",,OLYMPICS,MS,2042,Qualification,ALKHADRAWI Ali (KSA),SKUCAS Matas (LTU),ALKHADRAWI Ali
ITTF Challenge Belarus Open Minsk 2019,2019-10-30,SIPOS Rares,KRASKOVSKII Aleksandr,3,0,"11,11,11|9,3,7",,OLYMPICS,MS,2042,Qualification,SIPOS Rares (ROU),KRASKOVSKII Aleksandr (RUS),SIPOS Rares
ITTF Challenge Belarus Open Minsk 2019,2019-10-30,LAKATOS Tamas,RUIZ Francisco Miguel,3,0,"12,11,11|10,7,5",,OLYMPICS,MS,2042,Qualification,LAKATOS Tamas (HUN),RUIZ Francisco Miguel (ESP),LAKATOS Tamas
ITTF Challenge Belarus Open Minsk 2019,2019-10-30,LU Kaiyang,RASMUSSEN Tobias,3,2,"6,12,11,12,11|11,10,13,10,9",,OLYMPICS,MS,2042,Qualification,RASMUSSEN Tobias (DEN),LU Kaiyang (HUN),LU Kaiyang
ITTF Challenge Belarus Open Minsk 2019,2019-10-30,JARVIS Tom,RUIZ Jose Manuel,3,0,"11,11,11|4,4,5",,OLYMPICS,MS,2042,Qualification,JARVIS Tom (ENG),RUIZ Jose Manuel (ESP),JARVIS Tom
ITTF Challenge Belarus Open Minsk 2019,2019-10-30,ISMAILOV Sadi,LILLO Alberto,3,0,"11,11,14|7,9,12",,OLYMPICS,MS,2042,Qualification,ISMAILOV Sadi (RUS),LILLO Alberto (ESP),ISMAILOV Sadi
ITTF Challenge Belarus Open Minsk 2019,2019-10-30,SIDORENKO Vladimir,BARBOLIN Illia,3,1,"11,9,11,11|4,11,2,5",,OLYMPICS,MS,2042,Qualification,SIDORENKO Vladimir (RUS),BARBOLIN Illia (BLR),SIDORENKO Vladimir
ITTF Challenge Belarus Open Minsk 2019,2019-10-30,GUNDUZ Ibrahim,BEREZIN Ilya,3,1,"9,11,11,12|11,9,8,10",,OLYMPICS,MS,2042,Qualification,GUNDUZ Ibrahim (TUR),BEREZIN Ilya (RUS),GUNDUZ Ibrahim
ITTF Challenge Belarus Open Minsk 2019,2019-10-30,MLADENOVIC Luka,IVANOV Gleb,3,1,"6,11,11,11|11,2,7,5",,OLYMPICS,MS,2042,Qualification,MLADENOVIC Luka (LUX),IVANOV Gleb (RUS),MLADENOVIC Luka
ITTF Challenge Belarus Open Minsk 2019,2019-10-30,BARABANOV Kiryl,TIO Nicholas,3,2,"8,11,11,4,11|11,8,7,11,3",,OLYMPICS,MS,2042,Qualification,TIO Nicholas (USA),BARABANOV Kiryl (BLR),BARABANOV Kiryl
ITTF Challenge Belarus Open Minsk 2019,2019-10-30,XU Yingbin,MERZLIKIN Taras,3,0,"11,11,12|5,9,10",,OLYMPICS,MS,2042,Qualification,XU Yingbin (CHN),MERZLIKIN Taras (RUS),XU Yingbin
ITTF Challenge Belarus Open Minsk 2019,2019-10-30,TREGLER Tomas,GOLLA Marco,3,1,"9,11,11,13|11,8,5,11",,OLYMPICS,MS,2042,Qualification,TREGLER Tomas (CZE),GOLLA Marco (POL),TREGLER Tomas
ITTF Challenge Belarus Open Minsk 2019,2019-10-30,HIPPLER Tobias,GRELA Artur,3,0,"11,11,18|8,6,16",,OLYMPICS,MS,2042,Qualification,HIPPLER Tobias (GER),GRELA Artur (POL),HIPPLER Tobias
ITTF Challenge Belarus Open Minsk 2019,2019-10-30,ENGEMANN Gerrit,DUBROVIN Veniamin,3,0,"11,11,11|6,5,5",,OLYMPICS,MS,2042,Qualification,ENGEMANN Gerrit (GER),DUBROVIN Veniamin (MDA),ENGEMANN Gerrit
ITTF Challenge Belarus Open Minsk 2019,2019-10-30,CNUDDE Florian,ALCHIMBAEV Ruslan,3,0,"11,11,11|7,2,7",,OLYMPICS,MS,2042,Qualification,CNUDDE Florian (BEL),ALCHIMBAEV Ruslan (RUS),CNUDDE Florian
ITTF Challenge Belarus Open Minsk 2019,2019-10-30,DIAW Ibrahima,NALEPA Kamil,3,0,"11,11,11|6,9,7",,OLYMPICS,MS,2042,Qualification,DIAW Ibrahima (DEN),NALEPA Kamil (POL),DIAW Ibrahima
ITTF Challenge Belarus Open Minsk 2019,2019-10-30,GLOD Eric,DAUNAROVICH Pavel,3,0,"11,11,11|6,9,5",,OLYMPICS,MS,2042,Qualification,GLOD Eric (LUX),DAUNAROVICH Pavel (BLR),GLOD Eric
ITTF Challenge Belarus Open Minsk 2019,2019-10-30,TIUTRIUMOV Aleksandr,KUNATS Heorhi,3,0,"11,11,11|1,5,6",,OLYMPICS,MS,2042,Qualification,TIUTRIUMOV Aleksandr (RUS),KUNATS Heorhi (BLR),TIUTRIUMOV Aleksandr
ITTF Challenge Belarus Open Minsk 2019,2019-10-30,MILOVANOV Andrey,MACHI Asuka,3,1,"12,11,12,13|14,7,10,11",,OLYMPICS,MS,2042,Qualification,MACHI Asuka (JPN),MILOVANOV Andrey (BLR),MILOVANOV Andrey
ITTF Challenge Belarus Open Minsk 2019,2019-10-30,HODAEI Amir Hossein,TSIAROKHIN Andrei,3,1,"11,11,7,11|7,7,11,4",,OLYMPICS,MS,2042,Qualification,HODAEI Amir Hossein (IRI),TSIAROKHIN Andrei (BLR),HODAEI Amir Hossein
ITTF Challenge Belarus Open Minsk 2019,2019-10-30,YARASHENKA Vadim,ALLAHVERDIYEV Vazir,3,0,"0,0,0|0,0,0",,OLYMPICS,MS,2042,Qualification,YARASHENKA Vadim (BLR),ALLAHVERDIYEV Vazir (AZE),YARASHENKA Vadim
ITTF Challenge Belarus Open Minsk 2019,2019-10-30,IVONIN Denis,TSYHANOUSKI Mikhail,3,0,"0,0,0|0,0,0",,OLYMPICS,MS,2042,Qualification,IVONIN Denis (RUS),TSYHANOUSKI Mikhail (BLR),IVONIN Denis
ITTF Challenge Belarus Open Minsk 2019,2019-10-30,REMBERT Bastien,BAKO Radim,3,0,"13,11,11|11,7,8",,OLYMPICS,MS,2042,Qualification,REMBERT Bastien (FRA),BAKO Radim (CZE),REMBERT Bastien
ITTF Challenge Belarus Open Minsk 2019,2019-10-30,ROLLAND Jules,BELAKON Uladzimir,3,0,"11,11,11|4,1,6",,OLYMPICS,MS,2042,Qualification,ROLLAND Jules (FRA),BELAKON Uladzimir (BLR),ROLLAND Jules
ITTF Challenge Belarus Open Minsk 2019,2019-10-30,SALIFOU Abdel-Kader,BELAKON Viachaslau,3,0,"11,11,11|5,6,3",,OLYMPICS,MS,2042,Qualification,SALIFOU Abdel-Kader (BEN),BELAKON Viachaslau (BLR),SALIFOU Abdel-Kader
ITTF Challenge Belarus Open Minsk 2019,2019-10-30,SONE Kakeru,FADEEV Kirill,3,1,"10,11,11,11|12,7,9,5",,OLYMPICS,MS,2042,Qualification,SONE Kakeru (JPN),FADEEV Kirill (GER),SONE Kakeru
ITTF Challenge Belarus Open Minsk 2019,2019-10-30,KIZUKURI Yuto,FILCHEV Sergei,3,1,"11,8,11,11|7,11,7,6",,OLYMPICS,MS,2042,Qualification,KIZUKURI Yuto (JPN),FILCHEV Sergei (RUS),KIZUKURI Yuto
ITTF Challenge Belarus Open Minsk 2019,2019-10-30,GAO Yang,YIGENLER Abdullah,3,1,"13,4,11,11|11,11,7,5",,OLYMPICS,MS,2042,Qualification,YIGENLER Abdullah (TUR),GAO Yang (CHN),GAO Yang
ITTF Challenge Belarus Open Minsk 2019,2019-10-30,FRANCO Carlos,HOUDJI Zinsou,3,0,"11,11,11|2,7,2",,OLYMPICS,MS,2042,Qualification,FRANCO Carlos (ESP),HOUDJI Zinsou (CIV),FRANCO Carlos
ITTF Challenge Belarus Open Minsk 2019,2019-10-30,DE NODREST Leo,KASYMOV Akylbek,3,0,"11,11,11|5,3,4",,OLYMPICS,MS,2042,Qualification,DE NODREST Leo (FRA),KASYMOV Akylbek (KGZ),DE NODREST Leo
ITTF Challenge Belarus Open Minsk 2019,2019-10-30,KATSMAN Lev,KHARKI Iskender,3,0,"11,11,11|5,3,6",,OLYMPICS,MS,2042,Qualification,KATSMAN Lev (RUS),KHARKI Iskender (KAZ),KATSMAN Lev
ITTF Challenge Belarus Open Minsk 2019,2019-10-30,SEYFRIED Joe,KRIVONOGOV Vitalii,3,0,"11,11,11|7,1,3",,OLYMPICS,MS,2042,Qualification,SEYFRIED Joe (FRA),KRIVONOGOV Vitalii (RUS),SEYFRIED Joe
ITTF Challenge Belarus Open Minsk 2019,2019-10-30,KULPA Konrad,XIANG Peng,3,0,"11,13,11|5,11,7",,OLYMPICS,MS,2042,Qualification,XIANG Peng (CHN),KULPA Konrad (POL),KULPA Konrad
ITTF Challenge Belarus Open Minsk 2019,2019-10-30,BUROV Viacheslav,KYDYRBAEV Aziz,3,0,"11,11,11|6,5,4",,OLYMPICS,MS,2042,Qualification,BUROV Viacheslav (RUS),KYDYRBAEV Aziz (KGZ),BUROV Viacheslav
ITTF Challenge Belarus Open Minsk 2019,2019-10-30,YUAN Licen,HRIBAR Peter,3,0,"11,11,11|5,3,8",,OLYMPICS,MS,2042,Qualification,HRIBAR Peter (SLO),YUAN Licen (CHN),YUAN Licen
ITTF Challenge Belarus Open Minsk 2019,2019-10-30,PANG Koen,MUTYGULLIN Ramil,3,1,"7,11,11,11|11,8,8,9",,OLYMPICS,MS,2042,Qualification,PANG Koen (SGP),MUTYGULLIN Ramil (RUS),PANG Koen
ITTF Challenge Belarus Open Minsk 2019,2019-10-30,BERTRAND Irvin,REN Hao,3,2,"11,11,10,4,11|7,8,12,11,9",,OLYMPICS,MS,2042,Qualification,BERTRAND Irvin (FRA),REN Hao (CHN),BERTRAND Irvin
ITTF Challenge Belarus Open Minsk 2019,2019-10-30,SALEH Mohamed,KASSA Gedeon,3,1,"9,11,11,17|11,8,1,15",,OLYMPICS,MS,2042,Qualification,KASSA Gedeon (COD),SALEH Mohamed (BRN),SALEH Mohamed
ITTF Challenge Belarus Open Minsk 2019,2019-10-30,BU SHULAYBI Abdulaziz,MAZENOV Ataiar,3,0,"11,11,11|3,8,6",,OLYMPICS,MS,2042,Qualification,BU SHULAYBI Abdulaziz (KSA),MAZENOV Ataiar (KGZ),BU SHULAYBI Abdulaziz
ITTF Challenge Belarus Open Minsk 2019,2019-10-30,DIDUKH Oleksandr,TIKHONOV Artem,3,1,"8,11,11,11|11,5,9,4",,OLYMPICS,MS,2042,Qualification,DIDUKH Oleksandr (UKR),TIKHONOV Artem (RUS),DIDUKH Oleksandr
ITTF Challenge Belarus Open Minsk 2019,2019-10-30,CABALLERO Carlos,TRAVIN Danila,3,0,"11,11,11|5,3,7",,OLYMPICS,MS,2042,Qualification,CABALLERO Carlos (ESP),TRAVIN Danila (RUS),CABALLERO Carlos
ITTF Challenge Belarus Open Minsk 2019,2019-10-30,ARTEMENKO Nikita,TSOI Evgeny,3,0,"11,11,11|4,3,2",,OLYMPICS,MS,2042,Qualification,ARTEMENKO Nikita (RUS),TSOI Evgeny (KGZ),ARTEMENKO Nikita
ITTF Challenge Belarus Open Minsk 2019,2019-10-30,XIE Congfan,AL-ABBAD Abdulaziz,3,1,"11,11,8,13|8,9,11,11",,OLYMPICS,MS,2042,Qualification,AL-ABBAD Abdulaziz (KSA),XIE Congfan (CHN),XIE Congfan
ITTF Challenge Belarus Open Minsk 2019,2019-10-30,PUTUNTICA Andrei,ZHUKOV Aleksei,3,2,"5,11,11,8,11|11,8,6,11,8",,OLYMPICS,MS,2042,Qualification,PUTUNTICA Andrei (MDA),ZHUKOV Aleksei (RUS),PUTUNTICA Andrei
ITTF Challenge Belarus Open Minsk 2019,2019-10-30,ZHAO Zhaoyan,MARTINKO Jiri,3,2,"11,9,11,8,11|8,11,6,11,6",,OLYMPICS,MS,2042,Qualification,MARTINKO Jiri (CZE),ZHAO Zhaoyan (CHN),ZHAO Zhaoyan
ITTF Challenge Belarus Open Minsk 2019,2019-10-30,YAN Sheng,FEDOTOV Petr,3,0,"12,11,11|10,4,3",,OLYMPICS,MS,2042,Qualification,FEDOTOV Petr (RUS),YAN Sheng (CHN),YAN Sheng
ITTF Challenge Belarus Open Minsk 2019,2019-10-30,RASHED Rashed,BOULOUSSA Mehdi,3,1,"11,16,5,11|4,14,11,5",,OLYMPICS,MS,2042,Qualification,BOULOUSSA Mehdi (ALG),RASHED Rashed (BRN),RASHED Rashed
ITTF Challenge Belarus Open Minsk 2019,2019-10-30,WEGRZYN Anna/WEGRZYN Katarzyna,ALKHOUSKAYA Ulyana/KISEL Darya,3,0,"11,11,11|2,6,5",QR64,OLYMPICS,WD,2042,Qualification,WEGRZYN Anna (POL) / WEGRZYN Katarzyna (POL),ALKHOUSKAYA Ulyana (BLR) / KISEL Darya (BLR),WEGRZYN Anna
ITTF Challenge Belarus Open Minsk 2019,2019-10-30,KUAI Man/SHI Xunyao,BLASKOVA Zdena/PETROVOVA Nikita,3,0,"11,11,11|7,6,5",QR64,OLYMPICS,WD,2042,Qualification,KUAI Man (CHN) / SHI Xunyao (CHN),BLASKOVA Zdena (CZE) / PETROVOVA Nikita (CZE),KUAI Man
ITTF Challenge Belarus Open Minsk 2019,2019-10-30,MICHALAK Aleksandra/SLAZAK Julia,HO Tin-Tin/KOH Kai Xin Pearlyn,3,2,"11,11,10,9,11|8,6,12,11,7",QR64,OLYMPICS,WD,2042,Qualification,MICHALAK Aleksandra (POL) / SLAZAK Julia (POL),HO Tin-Tin (ENG) / KOH Kai Xin Pearlyn (SGP),MICHALAK Aleksandra
ITTF Challenge Belarus Open Minsk 2019,2019-10-30,YAREMCHUK Solomiya/HUD Veronika,BAKHYT Anel/MIRKADIROVA Sarvinoz,3,0,"11,11,11|4,5,5",QR64,OLYMPICS,WD,2042,Qualification,YAREMCHUK Solomiya (UKR) / HUD Veronika (UKR),BAKHYT Anel (KAZ) / MIRKADIROVA Sarvinoz (KAZ),YAREMCHUK Solomiya
ITTF Challenge Belarus Open Minsk 2019,2019-10-30,GRELA Artur/NALEPA Kamil,RUKLETSOV Vladislav/TSYHANOUSKI Mikhail,3,0,"0,0,0|0,0,0",QR64,OLYMPICS,MD,2042,Qualification,GRELA Artur (POL) / NALEPA Kamil (POL),RUKLETSOV Vladislav (BLR) / TSYHANOUSKI Mikhail (BLR),GRELA Artur
ITTF Challenge Belarus Open Minsk 2019,2019-10-30,SALEH Mohamed/RASHED Rashed,SHAMRUK Gleb/YARASHENKA Vadim,3,1,"11,6,11,11|7,11,5,7",QR64,OLYMPICS,MD,2042,Qualification,SALEH Mohamed (BRN) / RASHED Rashed (BRN),SHAMRUK Gleb (BLR) / YARASHENKA Vadim (BLR),SALEH Mohamed
ITTF Challenge Belarus Open Minsk 2019,2019-10-30,BAKO Radim/KUCERA Stanislav,KASYMOV Akylbek/KYDYRBAEV Aziz,3,0,"11,11,11|5,8,7",QR64,OLYMPICS,MD,2042,Qualification,BAKO Radim (CZE) / KUCERA Stanislav (CZE),KASYMOV Akylbek (KGZ) / KYDYRBAEV Aziz (KGZ),BAKO Radim
ITTF Challenge Belarus Open Minsk 2019,2019-10-30,XU Haidong/ZHAO Zhaoyan,MASIP Joan/RUIZ Francisco Miguel,3,0,"11,11,11|3,6,6",QR64,OLYMPICS,MD,2042,Qualification,XU Haidong (CHN) / ZHAO Zhaoyan (CHN),MASIP Joan (ESP) / RUIZ Francisco Miguel (ESP),XU Haidong
ITTF Challenge Belarus Open Minsk 2019,2019-10-30,AL-ABBAD Abdulaziz/KHARKI Iskender,DAISH Matthew/WETZEL Adrian,3,0,"11,11,11|6,5,2",QR64,OLYMPICS,MD,2042,Qualification,AL-ABBAD Abdulaziz (KSA) / KHARKI Iskender (KAZ),DAISH Matthew (ENG) / WETZEL Adrian (NOR),AL-ABBAD Abdulaziz
ITTF Challenge Belarus Open Minsk 2019,2019-10-30,CISSA Victor/DUBROVIN Veniamin,GREBENIUK Andrii/LIMONOV Anton,3,2,"14,11,8,4,11|12,7,11,11,6",QR64,OLYMPICS,MD,2042,Qualification,CISSA Victor (MDA) / DUBROVIN Veniamin (MDA),GREBENIUK Andrii (UKR) / LIMONOV Anton (UKR),CISSA Victor
ITTF Challenge Belarus Open Minsk 2019,2019-10-30,CABALLERO Carlos/LILLO Alberto,MAZENOV Ataiar/TSOI Evgeny,3,0,"11,11,11|6,3,7",QR64,OLYMPICS,MD,2042,Qualification,CABALLERO Carlos (ESP) / LILLO Alberto (ESP),MAZENOV Ataiar (KGZ) / TSOI Evgeny (KGZ),CABALLERO Carlos
ITTF Challenge Belarus Open Minsk 2019,2019-10-30,GAO Yang/XIE Congfan,MARTINKO Jiri/TREGLER Tomas,3,0,"15,11,13|13,8,11",QR64,OLYMPICS,MD,2042,Qualification,GAO Yang (CHN) / XIE Congfan (CHN),MARTINKO Jiri (CZE) / TREGLER Tomas (CZE),GAO Yang
ITTF Challenge Belarus Open Minsk 2019,2019-10-30,CHEN Yi,KISEL Darya,3,0,"11,11,11|3,1,8",,OLYMPICS,U21WS,2042,Qualification,KISEL Darya (BLR),CHEN Yi (CHN),CHEN Yi
ITTF Challenge Belarus Open Minsk 2019,2019-10-30,KAZANTSEVA Kristina,SCHREINER Franziska,3,1,"12,11,11,13|10,7,13,11",,OLYMPICS,U21WS,2042,Qualification,KAZANTSEVA Kristina (RUS),SCHREINER Franziska (GER),KAZANTSEVA Kristina
ITTF Challenge Belarus Open Minsk 2019,2019-10-30,WEGRZYN Anna,CAKOL Klara,3,2,"7,12,11,8,11|11,10,8,11,8",,OLYMPICS,U21WS,2042,Qualification,CAKOL Klara (CRO),WEGRZYN Anna (POL),WEGRZYN Anna
ITTF Challenge Belarus Open Minsk 2019,2019-10-30,TAN Li Lin Jassy,JOKIC Tijana,3,2,"5,11,11,4,11|11,4,9,11,7",,OLYMPICS,U21WS,2042,Qualification,JOKIC Tijana (SRB),TAN Li Lin Jassy (SGP),TAN Li Lin Jassy
ITTF Challenge Belarus Open Minsk 2019,2019-10-30,KOH Kai Xin Pearlyn,GRIGELOVA Natalia,3,1,"11,6,11,11|7,11,2,6",,OLYMPICS,U21WS,2042,Qualification,GRIGELOVA Natalia (SVK),KOH Kai Xin Pearlyn (SGP),KOH Kai Xin Pearlyn
ITTF Challenge Belarus Open Minsk 2019,2019-10-30,PAVADE Prithika,TEE Ai Xin,3,1,"11,9,11,11|7,11,3,6",,OLYMPICS,U21WS,2042,Qualification,PAVADE Prithika (FRA),TEE Ai Xin (MAS),PAVADE Prithika
ITTF Challenge Belarus Open Minsk 2019,2019-10-30,COK Isa,TERPOU Elisavet,3,1,"11,7,11,12|9,11,6,10",,OLYMPICS,U21WS,2042,Qualification,TERPOU Elisavet (GRE),COK Isa (FRA),COK Isa
ITTF Challenge Belarus Open Minsk 2019,2019-10-30,SLAZAK Julia,CHANG Li Sian,3,1,"11,12,12,15|8,14,10,13",,OLYMPICS,U21WS,2042,Qualification,SLAZAK Julia (POL),CHANG Li Sian (MAS),SLAZAK Julia
ITTF Challenge Belarus Open Minsk 2019,2019-10-30,LAURENTI Jamila,ASHTARI Mahshid,3,1,"8,13,11,11|11,11,9,8",,OLYMPICS,U21WS,2042,Qualification,LAURENTI Jamila (ITA),ASHTARI Mahshid (IRI),LAURENTI Jamila
ITTF Challenge Belarus Open Minsk 2019,2019-10-30,KUAI Man,YAREMCHUK Solomiya,3,0,"11,11,11|7,7,8",,OLYMPICS,U21WS,2042,Qualification,KUAI Man (CHN),YAREMCHUK Solomiya (UKR),KUAI Man
ITTF Challenge Belarus Open Minsk 2019,2019-10-30,WEGRZYN Katarzyna,PETROVOVA Nikita,3,1,"11,11,10,11|3,4,12,7",,OLYMPICS,U21WS,2042,Qualification,PETROVOVA Nikita (CZE),WEGRZYN Katarzyna (POL),WEGRZYN Katarzyna
ITTF Challenge Belarus Open Minsk 2019,2019-10-30,BLASKOVA Zdena,MOSTAFAVI Leili,3,1,"11,11,8,11|9,8,11,7",,OLYMPICS,U21WS,2042,Qualification,MOSTAFAVI Leili (FRA),BLASKOVA Zdena (CZE),BLASKOVA Zdena
ITTF Challenge Belarus Open Minsk 2019,2019-10-30,CHAPLYGIN Maxim,YARASHENKA Vadim,3,0,"11,11,11|4,4,7",,OLYMPICS,MS,2042,Qualification,YARASHENKA Vadim (BLR),CHAPLYGIN Maxim (RUS),CHAPLYGIN Maxim
ITTF Challenge Belarus Open Minsk 2019,2019-10-30,FRANCO Carlos,RUKLETSOV Vladislav,3,1,"7,11,11,11|11,6,7,5",,OLYMPICS,MS,2042,Qualification,FRANCO Carlos (ESP),RUKLETSOV Vladislav (BLR),FRANCO Carlos
ITTF Challenge Belarus Open Minsk 2019,2019-10-30,XU Haidong,MACHI Asuka,3,1,"11,8,11,11|8,11,3,6",,OLYMPICS,MS,2042,Qualification,MACHI Asuka (JPN),XU Haidong (CHN),XU Haidong
ITTF Challenge Belarus Open Minsk 2019,2019-10-30,SPANIK Tibor,HODAEI Amir Hossein,3,2,"11,7,9,14,11|4,11,11,12,6",,OLYMPICS,MS,2042,Qualification,HODAEI Amir Hossein (IRI),SPANIK Tibor (SVK),SPANIK Tibor
ITTF Challenge Belarus Open Minsk 2019,2019-10-30,SHINOZUKA Hiroto,GLOD Eric,3,1,"11,11,7,11|6,7,11,8",,OLYMPICS,MS,2042,Qualification,GLOD Eric (LUX),SHINOZUKA Hiroto (JPN),SHINOZUKA Hiroto
ITTF Challenge Belarus Open Minsk 2019,2019-10-30,IVONIN Denis,KUCERA Stanislav,3,1,"14,11,8,11|12,8,11,9",,OLYMPICS,MS,2042,Qualification,IVONIN Denis (RUS),KUCERA Stanislav (CZE),IVONIN Denis
ITTF Challenge Belarus Open Minsk 2019,2019-10-30,REMBERT Bastien,CVETKO Tilen,3,0,"11,11,11|9,5,9",,OLYMPICS,MS,2042,Qualification,REMBERT Bastien (FRA),CVETKO Tilen (SLO),REMBERT Bastien
ITTF Challenge Belarus Open Minsk 2019,2019-10-30,ROLLAND Jules,ZHAMAL Bekulan,3,0,"11,11,11|9,5,5",,OLYMPICS,MS,2042,Qualification,ROLLAND Jules (FRA),ZHAMAL Bekulan (KAZ),ROLLAND Jules
ITTF Challenge Belarus Open Minsk 2019,2019-10-30,SALIFOU Abdel-Kader,NIU Guankai,3,1,"11,11,8,11|7,8,11,8",,OLYMPICS,MS,2042,Qualification,SALIFOU Abdel-Kader (BEN),NIU Guankai (CHN),SALIFOU Abdel-Kader
ITTF Challenge Belarus Open Minsk 2019,2019-10-30,SONE Kakeru,GREBNEV Maksim,3,1,"11,10,11,11|9,12,8,9",,OLYMPICS,MS,2042,Qualification,SONE Kakeru (JPN),GREBNEV Maksim (RUS),SONE Kakeru
ITTF Challenge Belarus Open Minsk 2019,2019-10-30,KIZUKURI Yuto,SINGEORZAN Bogdan,3,0,"11,11,11|4,6,2",,OLYMPICS,MS,2042,Qualification,KIZUKURI Yuto (JPN),SINGEORZAN Bogdan (ROU),KIZUKURI Yuto
ITTF Challenge Belarus Open Minsk 2019,2019-10-30,RUIZ Romain,YIGENLER Abdullah,3,2,"8,4,11,11,14|11,11,8,8,12",,OLYMPICS,MS,2042,Qualification,YIGENLER Abdullah (TUR),RUIZ Romain (FRA),RUIZ Romain
ITTF Challenge Belarus Open Minsk 2019,2019-10-30,TIUTRIUMOV Aleksandr,KHOLIKOV Elmurod,3,2,"9,11,12,6,11|11,5,10,11,8",,OLYMPICS,MS,2042,Qualification,TIUTRIUMOV Aleksandr (RUS),KHOLIKOV Elmurod (UZB),TIUTRIUMOV Aleksandr
ITTF Challenge Belarus Open Minsk 2019,2019-10-30,DE NODREST Leo,NIKULIN Ivan,3,0,"11,11,11|7,3,7",,OLYMPICS,MS,2042,Qualification,DE NODREST Leo (FRA),NIKULIN Ivan (RUS),DE NODREST Leo
ITTF Challenge Belarus Open Minsk 2019,2019-10-30,KATSMAN Lev,LEVAJAC Dimitrije,3,2,"11,11,6,15,11|9,7,11,17,8",,OLYMPICS,MS,2042,Qualification,KATSMAN Lev (RUS),LEVAJAC Dimitrije (SRB),KATSMAN Lev
ITTF Challenge Belarus Open Minsk 2019,2019-10-30,SEYFRIED Joe,PIERAERT Valentin,3,1,"10,11,11,11|12,5,0,8",,OLYMPICS,MS,2042,Qualification,SEYFRIED Joe (FRA),PIERAERT Valentin (BEL),SEYFRIED Joe
ITTF Challenge Belarus Open Minsk 2019,2019-10-30,XIANG Peng,DARCIS Thibaut,3,0,"12,11,11|10,8,4",,OLYMPICS,MS,2042,Qualification,XIANG Peng (CHN),DARCIS Thibaut (BEL),XIANG Peng
ITTF Challenge Belarus Open Minsk 2019,2019-10-30,BUROV Viacheslav,GREBENIUK Andrii,3,0,"11,11,11|5,4,5",,OLYMPICS,MS,2042,Qualification,BUROV Viacheslav (RUS),GREBENIUK Andrii (UKR),BUROV Viacheslav
ITTF Challenge Belarus Open Minsk 2019,2019-10-30,HRIBAR Peter,MLADIN Paul,3,1,"11,3,11,11|9,11,7,9",,OLYMPICS,MS,2042,Qualification,HRIBAR Peter (SLO),MLADIN Paul (ROU),HRIBAR Peter
ITTF Challenge Belarus Open Minsk 2019,2019-10-30,PANG Koen,MEISSNER Cedric,3,1,"11,11,15,11|3,8,17,6",,OLYMPICS,MS,2042,Qualification,PANG Koen (SGP),MEISSNER Cedric (GER),PANG Koen
ITTF Challenge Belarus Open Minsk 2019,2019-10-30,BERTRAND Irvin,MASIP Joan,3,0,"11,11,15|6,4,13",,OLYMPICS,MS,2042,Qualification,BERTRAND Irvin (FRA),MASIP Joan (ESP),BERTRAND Irvin
ITTF Challenge Belarus Open Minsk 2019,2019-10-30,SHAMRUK Gleb,KASSA Gedeon,3,2,"10,11,11,10,11|12,7,6,12,5",,OLYMPICS,MS,2042,Qualification,KASSA Gedeon (COD),SHAMRUK Gleb (BLR),SHAMRUK Gleb
ITTF Challenge Belarus Open Minsk 2019,2019-10-30,KASHIWA Takeru,BU SHULAYBI Abdulaziz,3,0,"11,11,11|5,7,5",,OLYMPICS,MS,2042,Qualification,BU SHULAYBI Abdulaziz (KSA),KASHIWA Takeru (JPN),KASHIWA Takeru
ITTF Challenge Belarus Open Minsk 2019,2019-10-30,DIDUKH Oleksandr,VILCHEZ Miguel,3,0,"11,11,11|8,8,9",,OLYMPICS,MS,2042,Qualification,DIDUKH Oleksandr (UKR),VILCHEZ Miguel (ESP),DIDUKH Oleksandr
ITTF Challenge Belarus Open Minsk 2019,2019-10-30,CABALLERO Carlos,KUBIK Maciej,3,2,"11,11,8,8,11|8,4,11,11,8",,OLYMPICS,MS,2042,Qualification,CABALLERO Carlos (ESP),KUBIK Maciej (POL),CABALLERO Carlos
ITTF Challenge Belarus Open Minsk 2019,2019-10-30,AL-ABBAD Abdulaziz,ARTEMENKO Nikita,3,0,"11,11,11|7,4,4",,OLYMPICS,MS,2042,Qualification,ARTEMENKO Nikita (RUS),AL-ABBAD Abdulaziz (KSA),AL-ABBAD Abdulaziz
ITTF Challenge Belarus Open Minsk 2019,2019-10-30,XIE Congfan,TSOI Evgeny,3,0,"11,11,11|1,5,4",,OLYMPICS,MS,2042,Qualification,TSOI Evgeny (KGZ),XIE Congfan (CHN),XIE Congfan
ITTF Challenge Belarus Open Minsk 2019,2019-10-30,MARTINKO Jiri,PUTUNTICA Andrei,3,1,"13,7,11,11|11,11,9,9",,OLYMPICS,MS,2042,Qualification,PUTUNTICA Andrei (MDA),MARTINKO Jiri (CZE),MARTINKO Jiri
ITTF Challenge Belarus Open Minsk 2019,2019-10-30,ZHAO Zhaoyan,ZHUKOV Aleksei,3,1,"11,10,11,11|1,12,7,7",,OLYMPICS,MS,2042,Qualification,ZHUKOV Aleksei (RUS),ZHAO Zhaoyan (CHN),ZHAO Zhaoyan
ITTF Challenge Belarus Open Minsk 2019,2019-10-30,BOULOUSSA Mehdi,FEDOTOV Petr,3,0,"11,11,11|9,7,9",,OLYMPICS,MS,2042,Qualification,FEDOTOV Petr (RUS),BOULOUSSA Mehdi (ALG),BOULOUSSA Mehdi
ITTF Challenge Belarus Open Minsk 2019,2019-10-30,YAN Sheng,RASHED Rashed,3,0,"11,13,11|8,11,5",,OLYMPICS,MS,2042,Qualification,YAN Sheng (CHN),RASHED Rashed (BRN),YAN Sheng
ITTF Challenge Belarus Open Minsk 2019,2019-10-30,ZHMUDENKO Yaroslav,CISSA Victor,3,0,"11,11,11|9,1,3",,OLYMPICS,MS,2042,Qualification,ZHMUDENKO Yaroslav (UKR),CISSA Victor (MDA),ZHMUDENKO Yaroslav
ITTF Challenge Belarus Open Minsk 2019,2019-10-30,SAI Linwei,KENJAEV Zokhid,3,0,"11,11,11|5,6,8",,OLYMPICS,MS,2042,Qualification,KENJAEV Zokhid (UZB),SAI Linwei (CHN),SAI Linwei
ITTF Challenge Belarus Open Minsk 2019,2019-10-30,ALKHADRAWI Ali,KENZHIGULOV Aidos,3,0,"11,14,11|4,12,8",,OLYMPICS,MS,2042,Qualification,ALKHADRAWI Ali (KSA),KENZHIGULOV Aidos (KAZ),ALKHADRAWI Ali
ITTF Challenge Belarus Open Minsk 2019,2019-10-30,SIPOS Rares,MEDINA Jan,3,2,"11,12,8,5,11|7,10,11,11,5",,OLYMPICS,MS,2042,Qualification,SIPOS Rares (ROU),MEDINA Jan (VEN),SIPOS Rares
ITTF Challenge Belarus Open Minsk 2019,2019-10-30,LAKATOS Tamas,ZELINKA Jakub,3,1,"9,11,11,11|11,8,5,7",,OLYMPICS,MS,2042,Qualification,LAKATOS Tamas (HUN),ZELINKA Jakub (SVK),LAKATOS Tamas
ITTF Challenge Belarus Open Minsk 2019,2019-10-30,RASMUSSEN Tobias,ORAC Daniel,3,0,"0,0,0|0,0,0",,OLYMPICS,MS,2042,Qualification,RASMUSSEN Tobias (DEN),ORAC Daniel (SVK),RASMUSSEN Tobias
ITTF Challenge Belarus Open Minsk 2019,2019-10-30,JARVIS Tom,RASSENFOSSE Adrien,3,2,"7,7,11,11,11|11,11,8,5,9",,OLYMPICS,MS,2042,Qualification,JARVIS Tom (ENG),RASSENFOSSE Adrien (BEL),JARVIS Tom
ITTF Challenge Belarus Open Minsk 2019,2019-10-30,ISMAILOV Sadi,MABEY Samuel,3,0,"12,11,11|10,7,6",,OLYMPICS,MS,2042,Qualification,ISMAILOV Sadi (RUS),MABEY Samuel (ENG),ISMAILOV Sadi
ITTF Challenge Belarus Open Minsk 2019,2019-10-30,CASSIN Alexandre,SIDORENKO Vladimir,3,2,"9,11,7,11,11|11,7,11,9,5",,OLYMPICS,MS,2042,Qualification,SIDORENKO Vladimir (RUS),CASSIN Alexandre (FRA),CASSIN Alexandre
ITTF Challenge Belarus Open Minsk 2019,2019-10-30,KULCZYCKI Samuel,GUNDUZ Ibrahim,3,0,"11,11,11|7,4,7",,OLYMPICS,MS,2042,Qualification,GUNDUZ Ibrahim (TUR),KULCZYCKI Samuel (POL),KULCZYCKI Samuel
ITTF Challenge Belarus Open Minsk 2019,2019-10-30,MLADENOVIC Luka,YU Heyi,3,0,"11,11,12|3,7,10",,OLYMPICS,MS,2042,Qualification,MLADENOVIC Luka (LUX),YU Heyi (CHN),MLADENOVIC Luka
ITTF Challenge Belarus Open Minsk 2019,2019-10-30,DIAW Ibrahima,SEMENOV Andrey,3,2,"11,11,12,7,11|6,13,10,11,6",,OLYMPICS,MS,2042,Qualification,DIAW Ibrahima (DEN),SEMENOV Andrey (RUS),DIAW Ibrahima
ITTF Challenge Belarus Open Minsk 2019,2019-10-30,XU Yingbin,WETZEL Adrian,3,0,"11,11,11|6,6,9",,OLYMPICS,MS,2042,Qualification,XU Yingbin (CHN),WETZEL Adrian (NOR),XU Yingbin
ITTF Challenge Belarus Open Minsk 2019,2019-10-30,MENG Fanbo,TREGLER Tomas,3,2,"9,11,15,11,11|11,9,17,5,6",,OLYMPICS,MS,2042,Qualification,TREGLER Tomas (CZE),MENG Fanbo (GER),MENG Fanbo
ITTF Challenge Belarus Open Minsk 2019,2019-10-30,HIPPLER Tobias,ABUSEV Artur,3,1,"11,8,11,11|5,11,9,5",,OLYMPICS,MS,2042,Qualification,HIPPLER Tobias (GER),ABUSEV Artur (RUS),HIPPLER Tobias
ITTF Challenge Belarus Open Minsk 2019,2019-10-30,ENGEMANN Gerrit,ZHANG Kai,3,0,"11,11,11|6,6,5",,OLYMPICS,MS,2042,Qualification,ENGEMANN Gerrit (GER),ZHANG Kai (USA),ENGEMANN Gerrit
ITTF Challenge Belarus Open Minsk 2019,2019-10-30,CNUDDE Florian,CHUA Josh,3,1,"11,9,11,11|7,11,7,6",,OLYMPICS,MS,2042,Qualification,CNUDDE Florian (BEL),CHUA Josh (SGP),CNUDDE Florian
ITTF Challenge Belarus Open Minsk 2019,2019-10-30,TIO Nicholas,LIMONOV Anton,3,1,"11,11,9,11|7,8,11,8",,OLYMPICS,MS,2042,Qualification,TIO Nicholas (USA),LIMONOV Anton (UKR),TIO Nicholas
ITTF Challenge Belarus Open Minsk 2019,2019-10-30,MIGOT Marie,TERPOU Elisavet,3,2,"8,11,11,4,11|11,6,4,11,2",,OLYMPICS,WS,2042,Qualification,MIGOT Marie (FRA),TERPOU Elisavet (GRE),MIGOT Marie
ITTF Challenge Belarus Open Minsk 2019,2019-10-30,SIRUCKOVA Aneta,TENTSER Liubov,3,0,"11,12,11|8,10,7",,OLYMPICS,WS,2042,Qualification,SIRUCKOVA Aneta (CZE),TENTSER Liubov (RUS),SIRUCKOVA Aneta
ITTF Challenge Belarus Open Minsk 2019,2019-10-30,SHI Xunyao,WAN Yuan,3,0,"11,11,11|6,3,9",,OLYMPICS,WS,2042,Qualification,WAN Yuan (GER),SHI Xunyao (CHN),SHI Xunyao
ITTF Challenge Belarus Open Minsk 2019,2019-10-30,DEGRAEF Margo,KIM Yedam,3,1,"14,13,6,11|12,11,11,9",,OLYMPICS,WS,2042,Qualification,DEGRAEF Margo (BEL),KIM Yedam (KOR),DEGRAEF Margo
ITTF Challenge Belarus Open Minsk 2019,2019-10-30,FAN Siqi,MOSTAFAVI Leili,3,0,"11,11,11|9,6,6",,OLYMPICS,WS,2042,Qualification,FAN Siqi (CHN),MOSTAFAVI Leili (FRA),FAN Siqi
ITTF Challenge Belarus Open Minsk 2019,2019-10-30,WU Yangchen,MALANINA Maria,3,0,"11,11,12|2,8,10",,OLYMPICS,WS,2042,Qualification,MALANINA Maria (RUS),WU Yangchen (CHN),WU Yangchen
ITTF Challenge Belarus Open Minsk 2019,2019-10-30,YAREMCHUK Solomiya,KHALIKOVA Kamila,3,0,"11,11,11|5,6,6",,OLYMPICS,WS,2042,Qualification,YAREMCHUK Solomiya (UKR),KHALIKOVA Kamila (UZB),YAREMCHUK Solomiya
ITTF Challenge Belarus Open Minsk 2019,2019-10-30,CHEN Yi,KIRICHENKO Anna,3,0,"11,11,11|6,4,4",,OLYMPICS,WS,2042,Qualification,KIRICHENKO Anna (FIN),CHEN Yi (CHN),CHEN Yi
ITTF Challenge Belarus Open Minsk 2019,2019-10-30,LEE Nakyung,HARTBRICH Leonie,3,1,"11,16,11,11|8,14,13,4",,OLYMPICS,WS,2042,Qualification,HARTBRICH Leonie (HUN),LEE Nakyung (KOR),LEE Nakyung
ITTF Challenge Belarus Open Minsk 2019,2019-10-30,LAURENTI Jamila,CHERNOVA Daria,3,0,"14,11,11|12,9,8",,OLYMPICS,WS,2042,Qualification,LAURENTI Jamila (ITA),CHERNOVA Daria (RUS),LAURENTI Jamila
ITTF Challenge Belarus Open Minsk 2019,2019-10-30,NIKITCHANKA Alina,LEE Yearam,3,0,"0,0,0|0,0,0",,OLYMPICS,WS,2042,Qualification,NIKITCHANKA Alina (BLR),LEE Yearam (KOR),NIKITCHANKA Alina
ITTF Challenge Belarus Open Minsk 2019,2019-10-30,FENG Yalan,DYSZKIEWICZ Gabriela,3,0,"11,11,11|8,8,7",,OLYMPICS,WS,2042,Qualification,FENG Yalan (CHN),DYSZKIEWICZ Gabriela (POL),FENG Yalan
ITTF Challenge Belarus Open Minsk 2019,2019-10-30,SZYMCZAK Julia,PUCHOVANOVA Nikoleta,3,1,"14,6,11,11|12,11,8,8",,OLYMPICS,WS,2042,Qualification,PUCHOVANOVA Nikoleta (SVK),SZYMCZAK Julia (POL),SZYMCZAK Julia
ITTF Challenge Belarus Open Minsk 2019,2019-10-30,MANTZ Chantal,FORT Nolwenn,3,0,"11,14,11|6,12,6",,OLYMPICS,WS,2042,Qualification,MANTZ Chantal (GER),FORT Nolwenn (FRA),MANTZ Chantal
ITTF Challenge Belarus Open Minsk 2019,2019-10-30,PFEFER Laura,PETROVOVA Nikita,3,1,"9,11,11,11|11,4,2,4",,OLYMPICS,WS,2042,Qualification,PFEFER Laura (FRA),PETROVOVA Nikita (CZE),PFEFER Laura
ITTF Challenge Belarus Open Minsk 2019,2019-10-30,VISHNIAKOVA Olga,BARAVOK Katsiaryna,3,2,"11,9,11,8,11|4,11,9,11,9",,OLYMPICS,WS,2042,Qualification,BARAVOK Katsiaryna (BLR),VISHNIAKOVA Olga (RUS),VISHNIAKOVA Olga
ITTF Challenge Belarus Open Minsk 2019,2019-10-30,WEGRZYN Katarzyna,ALTINKAYA Sibel,3,2,"11,9,9,11,11|4,11,11,5,7",,OLYMPICS,WS,2042,Qualification,ALTINKAYA Sibel (TUR),WEGRZYN Katarzyna (POL),WEGRZYN Katarzyna
ITTF Challenge Belarus Open Minsk 2019,2019-10-30,MYNAROVA Karolina,LAVROVA Anastassiya,3,2,"9,5,11,11,11|11,11,6,3,7",,OLYMPICS,WS,2042,Qualification,LAVROVA Anastassiya (KAZ),MYNAROVA Karolina (CZE),MYNAROVA Karolina
ITTF Challenge Belarus Open Minsk 2019,2019-10-30,WEGRZYN Anna,CHRISTENSEN Stefanie,3,0,"11,11,12|7,7,10",,OLYMPICS,WS,2042,Qualification,CHRISTENSEN Stefanie (DEN),WEGRZYN Anna (POL),WEGRZYN Anna
ITTF Challenge Belarus Open Minsk 2019,2019-10-30,GARCIA Ana,GRIGELOVA Natalia,3,0,"11,11,13|5,5,11",,OLYMPICS,WS,2042,Qualification,GARCIA Ana (ESP),GRIGELOVA Natalia (SVK),GARCIA Ana
ITTF Challenge Belarus Open Minsk 2019,2019-10-30,SLAZAK Julia,REUST Celine,3,1,"3,12,11,11|11,10,2,8",,OLYMPICS,WS,2042,Qualification,REUST Celine (SUI),SLAZAK Julia (POL),SLAZAK Julia
ITTF Challenge Belarus Open Minsk 2019,2019-10-30,KIM Mingyung,SHAHSAVARI Neda,3,1,"8,11,11,11|11,2,3,4",,OLYMPICS,WS,2042,Qualification,SHAHSAVARI Neda (IRI),KIM Mingyung (KOR),KIM Mingyung
ITTF Challenge Belarus Open Minsk 2019,2019-10-30,KIM Haeun,GOI Rui Xuan,3,2,"11,8,11,11,11|8,11,8,13,9",,OLYMPICS,WS,2042,Qualification,GOI Rui Xuan (SGP),KIM Haeun (KOR),KIM Haeun
ITTF Challenge Belarus Open Minsk 2019,2019-10-30,GUISNEL Oceane,KHUSSEINOVA Gulchekhra,3,0,"11,11,11|3,4,9",,OLYMPICS,WS,2042,Qualification,GUISNEL Oceane (FRA),KHUSSEINOVA Gulchekhra (KAZ),GUISNEL Oceane
ITTF Challenge Belarus Open Minsk 2019,2019-10-30,YANG Huijing,KAZANTSEVA Kristina,3,0,"11,11,11|4,5,2",,OLYMPICS,WS,2042,Qualification,YANG Huijing (CHN),KAZANTSEVA Kristina (RUS),YANG Huijing
ITTF Challenge Belarus Open Minsk 2019,2019-10-30,DOLGIKH Maria,CAKOL Klara,3,1,"11,11,9,11|8,9,11,6",,OLYMPICS,WS,2042,Qualification,DOLGIKH Maria (RUS),CAKOL Klara (CRO),DOLGIKH Maria
ITTF Challenge Belarus Open Minsk 2019,2019-10-30,CHANG Li Sian,JONSSON Jennifer,3,0,"11,11,11|8,9,2",,OLYMPICS,WS,2042,Qualification,JONSSON Jennifer (SWE),CHANG Li Sian (MAS),CHANG Li Sian
ITTF Challenge Belarus Open Minsk 2019,2019-10-30,KUAI Man,TOMANOVSKA Katerina,3,0,"11,11,13|9,7,11",,OLYMPICS,WS,2042,Qualification,TOMANOVSKA Katerina (CZE),KUAI Man (CHN),KUAI Man
ITTF Challenge Belarus Open Minsk 2019,2019-10-30,BLASKOVA Zdena,SCHREINER Franziska,3,1,"11,13,3,11|7,11,11,7",,OLYMPICS,WS,2042,Qualification,BLASKOVA Zdena (CZE),SCHREINER Franziska (GER),BLASKOVA Zdena
ITTF Challenge Belarus Open Minsk 2019,2019-10-30,KULIKOVA Olga,ASHTARI Mahshid,3,1,"9,12,11,11|11,10,8,9",,OLYMPICS,WS,2042,Qualification,KULIKOVA Olga (RUS),ASHTARI Mahshid (IRI),KULIKOVA Olga
ITTF Challenge Belarus Open Minsk 2019,2019-10-30,YANG Yiyun,VOLKAVA Vera,3,1,"9,11,11,11|11,1,4,3",,OLYMPICS,WS,2042,Qualification,VOLKAVA Vera (BLR),YANG Yiyun (CHN),YANG Yiyun
ITTF Challenge Belarus Open Minsk 2019,2019-10-30,SHEVTCOVA Anastasiia,VARABYOVA Veranika,3,0,"11,11,12|6,1,10",,OLYMPICS,WS,2042,Qualification,VARABYOVA Veranika (BLR),SHEVTCOVA Anastasiia (RUS),SHEVTCOVA Anastasiia
ITTF Challenge Belarus Open Minsk 2019,2019-10-30,TSUTSUI Yuki,ZALESKAYA Yuliya,3,0,"11,11,12|8,3,10",,OLYMPICS,WS,2042,Qualification,TSUTSUI Yuki (GER),ZALESKAYA Yuliya (BLR),TSUTSUI Yuki
ITTF Challenge Belarus Open Minsk 2019,2019-10-30,ABRAAMIAN Elizabet,TUBIKANEC Ivana,3,1,"11,11,6,11|8,7,11,7",,OLYMPICS,WS,2042,Qualification,TUBIKANEC Ivana (CRO),ABRAAMIAN Elizabet (RUS),ABRAAMIAN Elizabet
ITTF Challenge Belarus Open Minsk 2019,2019-10-30,WANG Xiaotong,VAKHLIAYEVA Kastiaryna,3,0,"11,11,11|3,6,4",,OLYMPICS,WS,2042,Qualification,VAKHLIAYEVA Kastiaryna (BLR),WANG Xiaotong (CHN),WANG Xiaotong
ITTF Challenge Belarus Open Minsk 2019,2019-10-30,JOKIC Tijana,JURKOVA Eva,3,2,"11,12,11,7,11|8,14,3,11,9",,OLYMPICS,WS,2042,Qualification,JOKIC Tijana (SRB),JURKOVA Eva (SVK),JOKIC Tijana
ITTF Challenge Belarus Open Minsk 2019,2019-10-30,KOMOVA Anastasiia,GUFRANOVA Rimma,3,1,"8,11,11,12|11,7,9,10",,OLYMPICS,WS,2042,Qualification,KOMOVA Anastasiia (RUS),GUFRANOVA Rimma (UZB),KOMOVA Anastasiia
ITTF Challenge Belarus Open Minsk 2019,2019-10-30,SIPOS Rares,KHANIN Aleksandr,3,1,"12,12,7,11|10,10,11,7",R32,OLYMPICS,U21MS,2042,Main Draw,KHANIN Aleksandr (BLR),SIPOS Rares (ROU),SIPOS Rares
ITTF Challenge Belarus Open Minsk 2019,2019-10-30,JARVIS Tom,RUKLETSOV Vladislav,3,0,"12,11,11|10,4,9",R32,OLYMPICS,U21MS,2042,Main Draw,RUKLETSOV Vladislav (BLR),JARVIS Tom (ENG),JARVIS Tom
ITTF Challenge Belarus Open Minsk 2019,2019-10-30,TOGAMI Shunsuke,SONE Kakeru,3,2,"11,7,8,11,11|8,11,11,8,7",R32,OLYMPICS,U21MS,2042,Main Draw,TOGAMI Shunsuke (JPN),SONE Kakeru (JPN),TOGAMI Shunsuke
ITTF Challenge Belarus Open Minsk 2019,2019-10-30,SAI Linwei,GAO Yang,3,2,"8,8,11,11,13|11,11,5,6,11",R32,OLYMPICS,U21MS,2042,Main Draw,GAO Yang (CHN),SAI Linwei (CHN),SAI Linwei
ITTF Challenge Belarus Open Minsk 2019,2019-10-30,NIU Guankai,TIO Nicholas,3,0,"11,11,11|8,4,5",R32,OLYMPICS,U21MS,2042,Main Draw,NIU Guankai (CHN),TIO Nicholas (USA),NIU Guankai
ITTF Challenge Belarus Open Minsk 2019,2019-10-30,KUBIK Maciej,DARCIS Thibaut,3,0,"11,11,11|8,5,2",R32,OLYMPICS,U21MS,2042,Main Draw,KUBIK Maciej (POL),DARCIS Thibaut (BEL),KUBIK Maciej
ITTF Challenge Belarus Open Minsk 2019,2019-10-30,CNUDDE Florian,MARTINKO Jiri,3,1,"11,11,8,11|8,7,11,3",R32,OLYMPICS,U21MS,2042,Main Draw,CNUDDE Florian (BEL),MARTINKO Jiri (CZE),CNUDDE Florian
ITTF Challenge Belarus Open Minsk 2019,2019-10-30,HODAEI Amir Hossein,SPANIK Tibor,3,0,"11,11,11|5,7,7",R32,OLYMPICS,U21MS,2042,Main Draw,SPANIK Tibor (SVK),HODAEI Amir Hossein (IRI),HODAEI Amir Hossein
ITTF Challenge Belarus Open Minsk 2019,2019-10-30,PUTUNTICA Andrei,ZANDECKI Jan,3,2,"9,11,11,6,11|11,7,8,11,8",R32,OLYMPICS,U21MS,2042,Main Draw,ZANDECKI Jan (POL),PUTUNTICA Andrei (MDA),PUTUNTICA Andrei
ITTF Challenge Belarus Open Minsk 2019,2019-10-30,BERTRAND Irvin,PLETEA Cristian,3,0,"11,13,11|8,11,8",R32,OLYMPICS,U21MS,2042,Main Draw,BERTRAND Irvin (FRA),PLETEA Cristian (ROU),BERTRAND Irvin
ITTF Challenge Belarus Open Minsk 2019,2019-10-30,KATSMAN Lev,ABUSEV Artur,3,1,"11,10,12,11|8,12,10,9",R32,OLYMPICS,U21MS,2042,Main Draw,ABUSEV Artur (RUS),KATSMAN Lev (RUS),KATSMAN Lev
ITTF Challenge Belarus Open Minsk 2019,2019-10-30,SIDORENKO Vladimir,BAKO Radim,3,1,"11,8,11,14|3,11,6,12",R32,OLYMPICS,U21MS,2042,Main Draw,SIDORENKO Vladimir (RUS),BAKO Radim (CZE),SIDORENKO Vladimir
ITTF Challenge Belarus Open Minsk 2019,2019-10-30,HIPPLER Tobias,MEISSNER Cedric,3,1,"11,8,11,11|5,11,9,0",R32,OLYMPICS,U21MS,2042,Main Draw,HIPPLER Tobias (GER),MEISSNER Cedric (GER),HIPPLER Tobias
ITTF Challenge Belarus Open Minsk 2019,2019-10-30,ROLLAND Jules,MASIP Joan,3,0,"11,11,11|7,6,2",R32,OLYMPICS,U21MS,2042,Main Draw,MASIP Joan (ESP),ROLLAND Jules (FRA),ROLLAND Jules
ITTF Challenge Belarus Open Minsk 2019,2019-10-30,LILLO Alberto,GREBENIUK Andrii,3,1,"11,12,8,11|4,10,11,8",R32,OLYMPICS,U21MS,2042,Main Draw,LILLO Alberto (ESP),GREBENIUK Andrii (UKR),LILLO Alberto
ITTF Challenge Belarus Open Minsk 2019,2019-10-30,SHINOZUKA Hiroto,KULCZYCKI Samuel,3,0,"11,11,11|7,9,6",R32,OLYMPICS,U21MS,2042,Main Draw,KULCZYCKI Samuel (POL),SHINOZUKA Hiroto (JPN),SHINOZUKA Hiroto
ITTF Challenge Belarus Open Minsk 2019,2019-10-30,KUAI Man,TRIGOLOS Daria,3,1,"11,6,11,11|4,11,9,9",R32,OLYMPICS,U21WS,2042,Main Draw,KUAI Man (CHN),TRIGOLOS Daria (BLR),KUAI Man
ITTF Challenge Belarus Open Minsk 2019,2019-10-30,KAZANTSEVA Kristina,BOGDANOVA Nadezhda,3,1,"11,7,11,11|5,11,5,8",R32,OLYMPICS,U21WS,2042,Main Draw,KAZANTSEVA Kristina (RUS),BOGDANOVA Nadezhda (BLR),KAZANTSEVA Kristina
ITTF Challenge Belarus Open Minsk 2019,2019-10-30,WEGRZYN Anna,GARCIA Ana,3,1,"11,6,11,11|7,11,6,8",R32,OLYMPICS,U21WS,2042,Main Draw,GARCIA Ana (ESP),WEGRZYN Anna (POL),WEGRZYN Anna
ITTF Challenge Belarus Open Minsk 2019,2019-10-30,YANG Yiyun,ZHANG Sofia-Xuan,3,1,"11,11,9,11|8,1,11,7",R32,OLYMPICS,U21WS,2042,Main Draw,YANG Yiyun (CHN),ZHANG Sofia-Xuan (ESP),YANG Yiyun
ITTF Challenge Belarus Open Minsk 2019,2019-10-30,SHCHERBATYKH Valeriia,COK Isa,3,0,"11,11,11|6,4,7",R32,OLYMPICS,U21WS,2042,Main Draw,SHCHERBATYKH Valeriia (RUS),COK Isa (FRA),SHCHERBATYKH Valeriia
ITTF Challenge Belarus Open Minsk 2019,2019-10-30,HO Tin-Tin,MOSTAFAVI Leili,3,1,"11,9,13,11|6,11,11,6",R32,OLYMPICS,U21WS,2042,Main Draw,MOSTAFAVI Leili (FRA),HO Tin-Tin (ENG),HO Tin-Tin
ITTF Challenge Belarus Open Minsk 2019,2019-10-30,JOKIC Tijana,PUCHOVANOVA Nikoleta,3,1,"13,11,11,12|15,8,9,10",R32,OLYMPICS,U21WS,2042,Main Draw,PUCHOVANOVA Nikoleta (SVK),JOKIC Tijana (SRB),JOKIC Tijana
ITTF Challenge Belarus Open Minsk 2019,2019-10-30,PETROVOVA Nikita,KUKULKOVA Tatiana,3,0,"14,11,11|12,3,8",R32,OLYMPICS,U21WS,2042,Main Draw,PETROVOVA Nikita (CZE),KUKULKOVA Tatiana (SVK),PETROVOVA Nikita
ITTF Challenge Belarus Open Minsk 2019,2019-10-30,GAUTHIER Lucie,HARTBRICH Leonie,3,1,"7,11,11,14|11,2,8,12",R32,OLYMPICS,U21WS,2042,Main Draw,HARTBRICH Leonie (HUN),GAUTHIER Lucie (FRA),GAUTHIER Lucie
ITTF Challenge Belarus Open Minsk 2019,2019-10-30,LUNG Lisa,TERPOU Elisavet,3,0,"11,12,11|4,10,4",R32,OLYMPICS,U21WS,2042,Main Draw,LUNG Lisa (BEL),TERPOU Elisavet (GRE),LUNG Lisa
ITTF Challenge Belarus Open Minsk 2019,2019-10-30,PAVADE Prithika,YILMAZ Ozge,3,1,"9,11,11,11|11,7,6,6",R32,OLYMPICS,U21WS,2042,Main Draw,YILMAZ Ozge (TUR),PAVADE Prithika (FRA),PAVADE Prithika
ITTF Challenge Belarus Open Minsk 2019,2019-10-30,WEGRZYN Katarzyna,GOI Rui Xuan,3,2,"11,8,7,11,15|6,11,11,5,13",R32,OLYMPICS,U21WS,2042,Main Draw,WEGRZYN Katarzyna (POL),GOI Rui Xuan (SGP),WEGRZYN Katarzyna
ITTF Challenge Belarus Open Minsk 2019,2019-10-30,SHIOMI Maki,CHEN Yi,3,2,"11,3,8,11,11|4,11,11,3,8",R32,OLYMPICS,U21WS,2042,Main Draw,SHIOMI Maki (JPN),CHEN Yi (CHN),SHIOMI Maki
ITTF Challenge Belarus Open Minsk 2019,2019-10-30,DEGRAEF Margo,KOH Kai Xin Pearlyn,3,1,"11,7,12,11|7,11,10,7",R32,OLYMPICS,U21WS,2042,Main Draw,KOH Kai Xin Pearlyn (SGP),DEGRAEF Margo (BEL),DEGRAEF Margo
ITTF Challenge Belarus Open Minsk 2019,2019-10-30,SHI Xunyao,KOLISH Anastasia,3,1,"11,11,8,12|7,9,11,10",R32,OLYMPICS,U21WS,2042,Main Draw,KOLISH Anastasia (RUS),SHI Xunyao (CHN),SHI Xunyao
ITTF Challenge Belarus Open Minsk 2019,2019-10-30,MALANINA Maria,MAGDIEVA Markhabo,3,0,"11,11,11|4,9,7",R32,OLYMPICS,U21WS,2042,Main Draw,MAGDIEVA Markhabo (UZB),MALANINA Maria (RUS),MALANINA Maria
ITTF Challenge Belarus Open Minsk 2019,2019-10-30,DE NODREST Leo,SHAMRUK Gleb,4,0,"11,14,11,11|5,12,2,4",28,OLYMPICS,MS,2042,Qualification,DE NODREST Leo (FRA),SHAMRUK Gleb (BLR),DE NODREST Leo
ITTF Challenge Belarus Open Minsk 2019,2019-10-30,SHINOZUKA Hiroto,KATSMAN Lev,4,2,"11,9,11,11,11,11|13,11,8,8,7,8",28,OLYMPICS,MS,2042,Qualification,SHINOZUKA Hiroto (JPN),KATSMAN Lev (RUS),SHINOZUKA Hiroto
ITTF Challenge Belarus Open Minsk 2019,2019-10-30,XU Haidong,BERTRAND Irvin,4,2,"14,9,9,11,11,11|12,11,11,9,6,8",28,OLYMPICS,MS,2042,Qualification,XU Haidong (CHN),BERTRAND Irvin (FRA),XU Haidong
ITTF Challenge Belarus Open Minsk 2019,2019-10-30,PANG Koen,SPANIK Tibor,4,1,"9,11,11,11,11|11,3,7,5,5",28,OLYMPICS,MS,2042,Qualification,SPANIK Tibor (SVK),PANG Koen (SGP),PANG Koen
ITTF Challenge Belarus Open Minsk 2019,2019-10-30,CHAPLYGIN Maxim,CABALLERO Carlos,4,2,"9,15,11,11,12,11|11,17,6,2,10,4",28,OLYMPICS,MS,2042,Qualification,CHAPLYGIN Maxim (RUS),CABALLERO Carlos (ESP),CHAPLYGIN Maxim
ITTF Challenge Belarus Open Minsk 2019,2019-10-30,YUAN Licen,IVONIN Denis,4,0,"11,11,11,11|4,4,5,6",28,OLYMPICS,MS,2042,Qualification,IVONIN Denis (RUS),YUAN Licen (CHN),YUAN Licen
ITTF Challenge Belarus Open Minsk 2019,2019-10-30,YAN Sheng,REMBERT Bastien,4,0,"11,11,11,11|5,8,9,6",28,OLYMPICS,MS,2042,Qualification,REMBERT Bastien (FRA),YAN Sheng (CHN),YAN Sheng
ITTF Challenge Belarus Open Minsk 2019,2019-10-30,ROLLAND Jules,BUROV Viacheslav,4,3,"11,11,12,8,11,5,11|13,9,10,11,3,11,8",28,OLYMPICS,MS,2042,Qualification,ROLLAND Jules (FRA),BUROV Viacheslav (RUS),ROLLAND Jules
ITTF Challenge Belarus Open Minsk 2019,2019-10-30,ZHAO Zhaoyan,SALIFOU Abdel-Kader,4,0,"11,11,11,11|7,6,9,5",28,OLYMPICS,MS,2042,Qualification,SALIFOU Abdel-Kader (BEN),ZHAO Zhaoyan (CHN),ZHAO Zhaoyan
ITTF Challenge Belarus Open Minsk 2019,2019-10-30,SONE Kakeru,SEYFRIED Joe,4,1,"11,11,5,11,11|6,5,11,3,8",28,OLYMPICS,MS,2042,Qualification,SONE Kakeru (JPN),SEYFRIED Joe (FRA),SONE Kakeru
ITTF Challenge Belarus Open Minsk 2019,2019-10-30,KIZUKURI Yuto,KULPA Konrad,4,1,"11,11,9,11,11|4,7,11,6,3",28,OLYMPICS,MS,2042,Qualification,KIZUKURI Yuto (JPN),KULPA Konrad (POL),KIZUKURI Yuto
ITTF Challenge Belarus Open Minsk 2019,2019-10-30,GAO Yang,DIDUKH Oleksandr,4,2,"11,11,4,9,11,11|3,8,11,11,4,2",28,OLYMPICS,MS,2042,Qualification,GAO Yang (CHN),DIDUKH Oleksandr (UKR),GAO Yang
ITTF Challenge Belarus Open Minsk 2019,2019-10-30,KASHIWA Takeru,FRANCO Carlos,4,2,"8,11,11,7,11,11|11,7,6,11,5,9",28,OLYMPICS,MS,2042,Qualification,FRANCO Carlos (ESP),KASHIWA Takeru (JPN),KASHIWA Takeru
ITTF Challenge Belarus Open Minsk 2019,2019-10-30,XIE Congfan,TIUTRIUMOV Aleksandr,4,2,"2,11,11,12,10,11|11,9,3,10,12,6",28,OLYMPICS,MS,2042,Qualification,TIUTRIUMOV Aleksandr (RUS),XIE Congfan (CHN),XIE Congfan
ITTF Challenge Belarus Open Minsk 2019,2019-10-30,FARLADANSKA Ganna/HAPONOVA Hanna,BARAVOK Katsiaryna/NIKITCHANKA Alina,3,1,"11,9,11,11|5,11,3,8",QR32,OLYMPICS,WD,2042,Qualification,FARLADANSKA Ganna (UKR) / HAPONOVA Hanna (UKR),BARAVOK Katsiaryna (BLR) / NIKITCHANKA Alina (BLR),FARLADANSKA Ganna
ITTF Challenge Belarus Open Minsk 2019,2019-10-30,KIM Haeun/LEE Nakyung,HARTBRICH Leonie/IMRE Leila,3,0,"11,11,11|7,8,5",QR32,OLYMPICS,WD,2042,Qualification,KIM Haeun (KOR) / LEE Nakyung (KOR),HARTBRICH Leonie (HUN) / IMRE Leila (HUN),KIM Haeun
ITTF Challenge Belarus Open Minsk 2019,2019-10-30,CHEN Yi/WU Yangchen,DEGRAEF Margo/LUNG Lisa,3,0,"11,11,11|4,4,7",QR32,OLYMPICS,WD,2042,Qualification,CHEN Yi (CHN) / WU Yangchen (CHN),DEGRAEF Margo (BEL) / LUNG Lisa (BEL),CHEN Yi
ITTF Challenge Belarus Open Minsk 2019,2019-10-30,KIM Mingyung/KIM Yedam,JURKOVA Eva/PUCHOVANOVA Nikoleta,3,0,"11,12,11|3,10,6",QR32,OLYMPICS,WD,2042,Qualification,KIM Mingyung (KOR) / KIM Yedam (KOR),JURKOVA Eva (SVK) / PUCHOVANOVA Nikoleta (SVK),KIM Mingyung
ITTF Challenge Belarus Open Minsk 2019,2019-10-30,SCHREINER Franziska/TSUTSUI Yuki,CHANG Li Sian/TEE Ai Xin,3,2,"14,6,11,11,11|12,11,6,13,7",QR32,OLYMPICS,WD,2042,Qualification,SCHREINER Franziska (GER) / TSUTSUI Yuki (GER),CHANG Li Sian (MAS) / TEE Ai Xin (MAS),SCHREINER Franziska
ITTF Challenge Belarus Open Minsk 2019,2019-10-30,ALTINKAYA Sibel/YILMAZ Ozge,MAGDIEVA Markhabo/NORKULOVA Mekhriniso,3,0,"11,11,11|7,1,8",QR32,OLYMPICS,WD,2042,Qualification,ALTINKAYA Sibel (TUR) / YILMAZ Ozge (TUR),MAGDIEVA Markhabo (UZB) / NORKULOVA Mekhriniso (UZB),ALTINKAYA Sibel
ITTF Challenge Belarus Open Minsk 2019,2019-10-30,KUAI Man/SHI Xunyao,GUISNEL Oceane/PFEFER Laura,3,2,"6,11,11,3,11|11,5,6,11,3",QR32,OLYMPICS,WD,2042,Qualification,KUAI Man (CHN) / SHI Xunyao (CHN),GUISNEL Oceane (FRA) / PFEFER Laura (FRA),KUAI Man
ITTF Challenge Belarus Open Minsk 2019,2019-10-30,KOLISH Anastasia/SHCHERBATYKH Valeriia,JONSSON Jennifer/KIRICHENKO Anna,3,0,"13,11,11|11,8,5",QR32,OLYMPICS,WD,2042,Qualification,KOLISH Anastasia (RUS) / SHCHERBATYKH Valeriia (RUS),JONSSON Jennifer (SWE) / KIRICHENKO Anna (FIN),KOLISH Anastasia
ITTF Challenge Belarus Open Minsk 2019,2019-10-30,FENG Yalan/ZHANG Qiang,CAKOL Klara/TUBIKANEC Ivana,3,0,"13,13,11|11,11,2",QR32,OLYMPICS,WD,2042,Qualification,FENG Yalan (CHN) / ZHANG Qiang (CHN),CAKOL Klara (CRO) / TUBIKANEC Ivana (CRO),FENG Yalan
ITTF Challenge Belarus Open Minsk 2019,2019-10-30,GRIGELOVA Natalia/KUKULKOVA Tatiana,YAREMCHUK Solomiya/HUD Veronika,3,1,"13,8,11,11|11,11,4,6",QR32,OLYMPICS,WD,2042,Qualification,GRIGELOVA Natalia (SVK) / KUKULKOVA Tatiana (SVK),YAREMCHUK Solomiya (UKR) / HUD Veronika (UKR),GRIGELOVA Natalia
ITTF Challenge Belarus Open Minsk 2019,2019-10-30,WEGRZYN Anna/WEGRZYN Katarzyna,ASHTARI Mahshid/SHAHSAVARI Neda,3,0,"11,11,11|7,5,5",QR32,OLYMPICS,WD,2042,Qualification,WEGRZYN Anna (POL) / WEGRZYN Katarzyna (POL),ASHTARI Mahshid (IRI) / SHAHSAVARI Neda (IRI),WEGRZYN Anna
ITTF Challenge Belarus Open Minsk 2019,2019-10-30,MYNAROVA Karolina/TOMANOVSKA Katerina,GOI Rui Xuan/TAN Li Lin Jassy,3,2,"11,8,11,9,11|6,11,6,11,6",QR32,OLYMPICS,WD,2042,Qualification,MYNAROVA Karolina (CZE) / TOMANOVSKA Katerina (CZE),GOI Rui Xuan (SGP) / TAN Li Lin Jassy (SGP),MYNAROVA Karolina
ITTF Challenge Belarus Open Minsk 2019,2019-10-30,COLANTONI Chiara/LAURENTI Jamila,KAZANTSEVA Kristina/VISHNIAKOVA Olga,3,2,"7,9,11,11,11|11,11,4,3,7",QR32,OLYMPICS,WD,2042,Qualification,COLANTONI Chiara (ITA) / LAURENTI Jamila (ITA),KAZANTSEVA Kristina (RUS) / VISHNIAKOVA Olga (RUS),COLANTONI Chiara
ITTF Challenge Belarus Open Minsk 2019,2019-10-30,JOKIC Tijana/TERPOU Elisavet,MORET Rachel/REUST Celine,3,2,"7,4,11,11,11|11,11,8,4,8",QR32,OLYMPICS,WD,2042,Qualification,JOKIC Tijana (SRB) / TERPOU Elisavet (GRE),MORET Rachel (SUI) / REUST Celine (SUI),JOKIC Tijana
ITTF Challenge Belarus Open Minsk 2019,2019-10-30,MIGOT Marie/PAVADE Prithika,MICHALAK Aleksandra/SLAZAK Julia,3,0,"11,11,11|6,8,8",QR32,OLYMPICS,WD,2042,Qualification,MIGOT Marie (FRA) / PAVADE Prithika (FRA),MICHALAK Aleksandra (POL) / SLAZAK Julia (POL),MIGOT Marie
ITTF Challenge Belarus Open Minsk 2019,2019-10-30,KHUSSEINOVA Gulchekhra/LAVROVA Anastassiya,CHRISTENSEN Stefanie/MARCHETTI Nathalie,3,1,"6,15,11,11|11,13,8,8",QR32,OLYMPICS,WD,2042,Qualification,KHUSSEINOVA Gulchekhra (KAZ) / LAVROVA Anastassiya (KAZ),CHRISTENSEN Stefanie (DEN) / MARCHETTI Nathalie (BEL),KHUSSEINOVA Gulchekhra
ITTF Challenge Belarus Open Minsk 2019,2019-10-30,PLETEA Cristian/SIPOS Rares,BAKO Radim/KUCERA Stanislav,3,1,"11,8,11,11|5,11,9,8",QR32,OLYMPICS,MD,2042,Qualification,PLETEA Cristian (ROU) / SIPOS Rares (ROU),BAKO Radim (CZE) / KUCERA Stanislav (CZE),PLETEA Cristian
ITTF Challenge Belarus Open Minsk 2019,2019-10-30,FRANCO Carlos/VILCHEZ Miguel,DARCIS Thibaut/PIERAERT Valentin,3,1,"11,11,9,11|5,8,11,8",QR32,OLYMPICS,MD,2042,Qualification,FRANCO Carlos (ESP) / VILCHEZ Miguel (ESP),DARCIS Thibaut (BEL) / PIERAERT Valentin (BEL),FRANCO Carlos
ITTF Challenge Belarus Open Minsk 2019,2019-10-30,SIDORENKO Vladimir/SKACHKOV Kirill,SALEH Mohamed/RASHED Rashed,3,0,"11,11,11|6,7,8",QR32,OLYMPICS,MD,2042,Qualification,SIDORENKO Vladimir (RUS) / SKACHKOV Kirill (RUS),SALEH Mohamed (BRN) / RASHED Rashed (BRN),SIDORENKO Vladimir
ITTF Challenge Belarus Open Minsk 2019,2019-10-30,GUNDUZ Ibrahim/YIGENLER Abdullah,KENZHIGULOV Aidos/ZHAMAL Bekulan,3,2,"11,9,9,11,11|7,11,11,4,9",QR32,OLYMPICS,MD,2042,Qualification,GUNDUZ Ibrahim (TUR) / YIGENLER Abdullah (TUR),KENZHIGULOV Aidos (KAZ) / ZHAMAL Bekulan (KAZ),GUNDUZ Ibrahim
ITTF Challenge Belarus Open Minsk 2019,2019-10-30,SHINOZUKA Hiroto/SONE Kakeru,GRELA Artur/NALEPA Kamil,3,2,"12,6,7,11,11|10,11,11,7,5",QR32,OLYMPICS,MD,2042,Qualification,SHINOZUKA Hiroto (JPN) / SONE Kakeru (JPN),GRELA Artur (POL) / NALEPA Kamil (POL),SHINOZUKA Hiroto
ITTF Challenge Belarus Open Minsk 2019,2019-10-30,GREBNEV Maksim/KATSMAN Lev,TIO Nicholas/ZHANG Kai,3,0,"11,15,11|8,13,4",QR32,OLYMPICS,MD,2042,Qualification,GREBNEV Maksim (RUS) / KATSMAN Lev (RUS),TIO Nicholas (USA) / ZHANG Kai (USA),GREBNEV Maksim
ITTF Challenge Belarus Open Minsk 2019,2019-10-30,XU Haidong/ZHAO Zhaoyan,CHUA Josh/PANG Koen,3,0,"11,11,11|7,5,4",QR32,OLYMPICS,MD,2042,Qualification,XU Haidong (CHN) / ZHAO Zhaoyan (CHN),CHUA Josh (SGP) / PANG Koen (SGP),XU Haidong
ITTF Challenge Belarus Open Minsk 2019,2019-10-30,BERTRAND Irvin/DE NODREST Leo,KUBIK Maciej/KULCZYCKI Samuel,3,1,"11,11,9,11|8,2,11,6",QR32,OLYMPICS,MD,2042,Qualification,BERTRAND Irvin (FRA) / DE NODREST Leo (FRA),KUBIK Maciej (POL) / KULCZYCKI Samuel (POL),BERTRAND Irvin
ITTF Challenge Belarus Open Minsk 2019,2019-10-30,GAO Yang/XIE Congfan,LU Kaiyang/MAJOROS Bence,3,0,"11,11,11|6,8,6",QR32,OLYMPICS,MD,2042,Qualification,GAO Yang (CHN) / XIE Congfan (CHN),LU Kaiyang (HUN) / MAJOROS Bence (HUN),GAO Yang
ITTF Challenge Belarus Open Minsk 2019,2019-10-30,MLADIN Paul/PUTUNTICA Andrei,KENJAEV Zokhid/KHOLIKOV Elmurod,3,0,"11,11,11|8,8,5",QR32,OLYMPICS,MD,2042,Qualification,MLADIN Paul (ROU) / PUTUNTICA Andrei (MDA),KENJAEV Zokhid (UZB) / KHOLIKOV Elmurod (UZB),MLADIN Paul
ITTF Challenge Belarus Open Minsk 2019,2019-10-30,CABALLERO Carlos/LILLO Alberto,GLOD Eric/MLADENOVIC Luka,3,1,"3,11,11,11|11,6,9,9",QR32,OLYMPICS,MD,2042,Qualification,CABALLERO Carlos (ESP) / LILLO Alberto (ESP),GLOD Eric (LUX) / MLADENOVIC Luka (LUX),CABALLERO Carlos
ITTF Challenge Belarus Open Minsk 2019,2019-10-30,HOUDJI Zinsou/KASSA Gedeon,KOZUL Deni/TOKIC Bojan,3,0,"0,0,0|0,0,0",QR32,OLYMPICS,MD,2042,Qualification,HOUDJI Zinsou (CIV) / KASSA Gedeon (COD),KOZUL Deni (SLO) / TOKIC Bojan (SLO),HOUDJI Zinsou
ITTF Challenge Belarus Open Minsk 2019,2019-10-30,REMBERT Bastien/ROLLAND Jules,CISSA Victor/DUBROVIN Veniamin,3,0,"11,11,11|6,6,7",QR32,OLYMPICS,MD,2042,Qualification,REMBERT Bastien (FRA) / ROLLAND Jules (FRA),CISSA Victor (MDA) / DUBROVIN Veniamin (MDA),REMBERT Bastien
ITTF Challenge Belarus Open Minsk 2019,2019-10-30,LEVAJAC Dimitrije/SINGEORZAN Bogdan,CNUDDE Florian/RASSENFOSSE Adrien,3,2,"11,9,11,8,11|9,11,9,11,5",QR32,OLYMPICS,MD,2042,Qualification,LEVAJAC Dimitrije (SRB) / SINGEORZAN Bogdan (ROU),CNUDDE Florian (BEL) / RASSENFOSSE Adrien (BEL),LEVAJAC Dimitrije
ITTF Challenge Belarus Open Minsk 2019,2019-10-30,XIANG Peng/XU Yingbin,AL-ABBAD Abdulaziz/KHARKI Iskender,3,0,"11,11,11|3,4,7",QR32,OLYMPICS,MD,2042,Qualification,XIANG Peng (CHN) / XU Yingbin (CHN),AL-ABBAD Abdulaziz (KSA) / KHARKI Iskender (KAZ),XIANG Peng
ITTF Challenge Belarus Open Minsk 2019,2019-10-30,CVETKO Tilen/HRIBAR Peter,ORAC Daniel/ZELINKA Jakub,3,0,"0,0,0|0,0,0",QR32,OLYMPICS,MD,2042,Qualification,CVETKO Tilen (SLO) / HRIBAR Peter (SLO),ORAC Daniel (SVK) / ZELINKA Jakub (SVK),CVETKO Tilen
ITTF Challenge Belarus Open Minsk 2019,2019-10-30,MIGOT Marie/PAVADE Prithika,KHUSSEINOVA Gulchekhra/LAVROVA Anastassiya,3,0,"11,11,11|4,4,4",QR16,OLYMPICS,WD,2042,Qualification,MIGOT Marie (FRA) / PAVADE Prithika (FRA),KHUSSEINOVA Gulchekhra (KAZ) / LAVROVA Anastassiya (KAZ),MIGOT Marie
ITTF Challenge Belarus Open Minsk 2019,2019-10-30,KUAI Man/SHI Xunyao,KOLISH Anastasia/SHCHERBATYKH Valeriia,3,0,"11,11,11|6,9,8",QR16,OLYMPICS,WD,2042,Qualification,KUAI Man (CHN) / SHI Xunyao (CHN),KOLISH Anastasia (RUS) / SHCHERBATYKH Valeriia (RUS),KUAI Man
ITTF Challenge Belarus Open Minsk 2019,2019-10-30,ALTINKAYA Sibel/YILMAZ Ozge,SCHREINER Franziska/TSUTSUI Yuki,3,2,"2,11,11,9,11|11,7,9,11,8",QR16,OLYMPICS,WD,2042,Qualification,ALTINKAYA Sibel (TUR) / YILMAZ Ozge (TUR),SCHREINER Franziska (GER) / TSUTSUI Yuki (GER),ALTINKAYA Sibel
ITTF Challenge Belarus Open Minsk 2019,2019-10-30,KIM Mingyung/KIM Yedam,CHEN Yi/WU Yangchen,3,1,"7,11,12,11|11,5,10,2",QR16,OLYMPICS,WD,2042,Qualification,KIM Mingyung (KOR) / KIM Yedam (KOR),CHEN Yi (CHN) / WU Yangchen (CHN),KIM Mingyung
ITTF Challenge Belarus Open Minsk 2019,2019-10-30,FENG Yalan/ZHANG Qiang,FARLADANSKA Ganna/HAPONOVA Hanna,3,1,"11,5,11,11|5,11,9,9",QR16,OLYMPICS,WD,2042,Qualification,FENG Yalan (CHN) / ZHANG Qiang (CHN),FARLADANSKA Ganna (UKR) / HAPONOVA Hanna (UKR),FENG Yalan
ITTF Challenge Belarus Open Minsk 2019,2019-10-30,WEGRZYN Anna/WEGRZYN Katarzyna,MYNAROVA Karolina/TOMANOVSKA Katerina,3,0,"15,11,11|13,7,4",QR16,OLYMPICS,WD,2042,Qualification,WEGRZYN Anna (POL) / WEGRZYN Katarzyna (POL),MYNAROVA Karolina (CZE) / TOMANOVSKA Katerina (CZE),WEGRZYN Anna
ITTF Challenge Belarus Open Minsk 2019,2019-10-30,COLANTONI Chiara/LAURENTI Jamila,JOKIC Tijana/TERPOU Elisavet,3,0,"11,11,11|4,7,8",QR16,OLYMPICS,WD,2042,Qualification,COLANTONI Chiara (ITA) / LAURENTI Jamila (ITA),JOKIC Tijana (SRB) / TERPOU Elisavet (GRE),COLANTONI Chiara
ITTF Challenge Belarus Open Minsk 2019,2019-10-30,KIM Haeun/LEE Nakyung,GRIGELOVA Natalia/KUKULKOVA Tatiana,3,2,"6,9,11,11,11|11,11,8,4,9",QR16,OLYMPICS,WD,2042,Qualification,KIM Haeun (KOR) / LEE Nakyung (KOR),GRIGELOVA Natalia (SVK) / KUKULKOVA Tatiana (SVK),KIM Haeun
ITTF Challenge Belarus Open Minsk 2019,2019-10-30,GREBNEV Maksim/KATSMAN Lev,XIANG Peng/XU Yingbin,3,0,"11,11,11|8,9,7",QR16,OLYMPICS,MD,2042,Qualification,GREBNEV Maksim (RUS) / KATSMAN Lev (RUS),XIANG Peng (CHN) / XU Yingbin (CHN),GREBNEV Maksim
ITTF Challenge Belarus Open Minsk 2019,2019-10-30,SHINOZUKA Hiroto/SONE Kakeru,CVETKO Tilen/HRIBAR Peter,3,0,"11,11,11|8,0,7",QR16,OLYMPICS,MD,2042,Qualification,SHINOZUKA Hiroto (JPN) / SONE Kakeru (JPN),CVETKO Tilen (SLO) / HRIBAR Peter (SLO),SHINOZUKA Hiroto
ITTF Challenge Belarus Open Minsk 2019,2019-10-30,SIDORENKO Vladimir/SKACHKOV Kirill,GUNDUZ Ibrahim/YIGENLER Abdullah,3,0,"11,14,11|6,12,4",QR16,OLYMPICS,MD,2042,Qualification,SIDORENKO Vladimir (RUS) / SKACHKOV Kirill (RUS),GUNDUZ Ibrahim (TUR) / YIGENLER Abdullah (TUR),SIDORENKO Vladimir
ITTF Challenge Belarus Open Minsk 2019,2019-10-30,GAO Yang/XIE Congfan,MLADIN Paul/PUTUNTICA Andrei,3,1,"11,9,11,11|5,11,9,6",QR16,OLYMPICS,MD,2042,Qualification,GAO Yang (CHN) / XIE Congfan (CHN),MLADIN Paul (ROU) / PUTUNTICA Andrei (MDA),GAO Yang
ITTF Challenge Belarus Open Minsk 2019,2019-10-30,CABALLERO Carlos/LILLO Alberto,HOUDJI Zinsou/KASSA Gedeon,3,0,"11,11,11|9,2,2",QR16,OLYMPICS,MD,2042,Qualification,CABALLERO Carlos (ESP) / LILLO Alberto (ESP),HOUDJI Zinsou (CIV) / KASSA Gedeon (COD),CABALLERO Carlos
ITTF Challenge Belarus Open Minsk 2019,2019-10-30,REMBERT Bastien/ROLLAND Jules,LEVAJAC Dimitrije/SINGEORZAN Bogdan,3,0,"11,11,11|6,7,5",QR16,OLYMPICS,MD,2042,Qualification,REMBERT Bastien (FRA) / ROLLAND Jules (FRA),LEVAJAC Dimitrije (SRB) / SINGEORZAN Bogdan (ROU),REMBERT Bastien
ITTF Challenge Belarus Open Minsk 2019,2019-10-30,PLETEA Cristian/SIPOS Rares,FRANCO Carlos/VILCHEZ Miguel,3,1,"11,11,9,11|8,3,11,6",QR16,OLYMPICS,MD,2042,Qualification,PLETEA Cristian (ROU) / SIPOS Rares (ROU),FRANCO Carlos (ESP) / VILCHEZ Miguel (ESP),PLETEA Cristian
ITTF Challenge Belarus Open Minsk 2019,2019-10-30,KUAI Man,PAVADE Prithika,3,0,"11,11,14|7,8,12",R16,OLYMPICS,U21WS,2042,Main Draw,PAVADE Prithika (FRA),KUAI Man (CHN),KUAI Man
ITTF Challenge Belarus Open Minsk 2019,2019-10-30,WEGRZYN Katarzyna,LUNG Lisa,3,1,"11,9,11,11|6,11,8,8",R16,OLYMPICS,U21WS,2042,Main Draw,LUNG Lisa (BEL),WEGRZYN Katarzyna (POL),WEGRZYN Katarzyna
ITTF Challenge Belarus Open Minsk 2019,2019-10-30,SHCHERBATYKH Valeriia,HO Tin-Tin,3,0,"11,16,11|9,14,2",R16,OLYMPICS,U21WS,2042,Main Draw,SHCHERBATYKH Valeriia (RUS),HO Tin-Tin (ENG),SHCHERBATYKH Valeriia
ITTF Challenge Belarus Open Minsk 2019,2019-10-30,JOKIC Tijana,PETROVOVA Nikita,3,1,"11,10,11,11|9,12,3,9",R16,OLYMPICS,U21WS,2042,Main Draw,JOKIC Tijana (SRB),PETROVOVA Nikita (CZE),JOKIC Tijana
ITTF Challenge Belarus Open Minsk 2019,2019-10-30,WEGRZYN Anna,YANG Yiyun,3,2,"11,12,6,10,11|9,10,11,12,8",R16,OLYMPICS,U21WS,2042,Main Draw,WEGRZYN Anna (POL),YANG Yiyun (CHN),WEGRZYN Anna
ITTF Challenge Belarus Open Minsk 2019,2019-10-30,SHIOMI Maki,DEGRAEF Margo,3,1,"11,12,7,11|8,10,11,4",R16,OLYMPICS,U21WS,2042,Main Draw,SHIOMI Maki (JPN),DEGRAEF Margo (BEL),SHIOMI Maki
ITTF Challenge Belarus Open Minsk 2019,2019-10-30,SHI Xunyao,MALANINA Maria,3,0,"11,11,11|4,4,3",R16,OLYMPICS,U21WS,2042,Main Draw,SHI Xunyao (CHN),MALANINA Maria (RUS),SHI Xunyao
ITTF Challenge Belarus Open Minsk 2019,2019-10-30,SIDORENKO Vladimir,JARVIS Tom,3,1,"11,14,7,11|8,12,11,4",R16,OLYMPICS,U21MS,2042,Main Draw,SIDORENKO Vladimir (RUS),JARVIS Tom (ENG),SIDORENKO Vladimir
ITTF Challenge Belarus Open Minsk 2019,2019-10-30,SIPOS Rares,KATSMAN Lev,3,1,"11,11,8,11|9,9,11,3",R16,OLYMPICS,U21MS,2042,Main Draw,KATSMAN Lev (RUS),SIPOS Rares (ROU),SIPOS Rares
ITTF Challenge Belarus Open Minsk 2019,2019-10-30,NIU Guankai,KUBIK Maciej,3,1,"12,11,5,11|10,5,11,7",R16,OLYMPICS,U21MS,2042,Main Draw,NIU Guankai (CHN),KUBIK Maciej (POL),NIU Guankai
ITTF Challenge Belarus Open Minsk 2019,2019-10-30,HODAEI Amir Hossein,CNUDDE Florian,3,2,"8,11,11,8,11|11,4,8,11,9",R16,OLYMPICS,U21MS,2042,Main Draw,CNUDDE Florian (BEL),HODAEI Amir Hossein (IRI),HODAEI Amir Hossein
ITTF Challenge Belarus Open Minsk 2019,2019-10-30,PUTUNTICA Andrei,BERTRAND Irvin,3,2,"13,6,11,11,13|11,11,6,13,11",R16,OLYMPICS,U21MS,2042,Main Draw,PUTUNTICA Andrei (MDA),BERTRAND Irvin (FRA),PUTUNTICA Andrei
ITTF Challenge Belarus Open Minsk 2019,2019-10-30,SAI Linwei,TOGAMI Shunsuke,3,0,"11,11,11|8,9,4",R16,OLYMPICS,U21MS,2042,Main Draw,TOGAMI Shunsuke (JPN),SAI Linwei (CHN),SAI Linwei
ITTF Challenge Belarus Open Minsk 2019,2019-10-30,ROLLAND Jules,HIPPLER Tobias,3,0,"11,11,15|6,8,13",R16,OLYMPICS,U21MS,2042,Main Draw,HIPPLER Tobias (GER),ROLLAND Jules (FRA),ROLLAND Jules
ITTF Challenge Belarus Open Minsk 2019,2019-10-30,SHINOZUKA Hiroto,LILLO Alberto,3,0,"11,11,11|4,5,5",R16,OLYMPICS,U21MS,2042,Main Draw,LILLO Alberto (ESP),SHINOZUKA Hiroto (JPN),SHINOZUKA Hiroto
ITTF Challenge Belarus Open Minsk 2019,2019-10-30,NIU Guankai,HODAEI Amir Hossein,3,0,"11,11,11|7,3,2",QF,OLYMPICS,U21MS,2042,Main Draw,NIU Guankai (CHN),HODAEI Amir Hossein (IRI),NIU Guankai
ITTF Challenge Belarus Open Minsk 2019,2019-10-30,ROLLAND Jules,SHINOZUKA Hiroto,3,1,"8,11,11,11|11,6,9,5",QF,OLYMPICS,U21MS,2042,Main Draw,ROLLAND Jules (FRA),SHINOZUKA Hiroto (JPN),ROLLAND Jules
ITTF Challenge Belarus Open Minsk 2019,2019-10-30,SIPOS Rares,PUTUNTICA Andrei,3,1,"11,11,8,11|9,7,11,7",QF,OLYMPICS,U21MS,2042,Main Draw,PUTUNTICA Andrei (MDA),SIPOS Rares (ROU),SIPOS Rares
ITTF Challenge Belarus Open Minsk 2019,2019-10-30,SAI Linwei,SIDORENKO Vladimir,3,2,"11,6,5,11,11|4,11,11,3,3",QF,OLYMPICS,U21MS,2042,Main Draw,SIDORENKO Vladimir (RUS),SAI Linwei (CHN),SAI Linwei
ITTF Challenge Belarus Open Minsk 2019,2019-10-30,SHI Xunyao,SHIOMI Maki,3,0,"11,11,11|5,3,9",QF,OLYMPICS,U21WS,2042,Main Draw,SHIOMI Maki (JPN),SHI Xunyao (CHN),SHI Xunyao
ITTF Challenge Belarus Open Minsk 2019,2019-10-30,SHCHERBATYKH Valeriia,JOKIC Tijana,3,1,"14,8,13,13|12,11,11,11",QF,OLYMPICS,U21WS,2042,Main Draw,SHCHERBATYKH Valeriia (RUS),JOKIC Tijana (SRB),SHCHERBATYKH Valeriia
ITTF Challenge Belarus Open Minsk 2019,2019-10-30,KUAI Man,KAZANTSEVA Kristina,3,1,"7,11,11,11|11,6,6,6",QF,OLYMPICS,U21WS,2042,Main Draw,KAZANTSEVA Kristina (RUS),KUAI Man (CHN),KUAI Man
ITTF Challenge Belarus Open Minsk 2019,2019-10-30,WEGRZYN Katarzyna,WEGRZYN Anna,3,1,"11,11,6,11|7,6,11,3",QF,OLYMPICS,U21WS,2042,Main Draw,WEGRZYN Katarzyna (POL),WEGRZYN Anna (POL),WEGRZYN Katarzyna
ITTF Challenge Belarus Open Minsk 2019,2019-10-30,ALLEGRO Martin,KASHIWA Takeru,4,1,"13,11,11,11,12|15,4,8,9,10",R64,OLYMPICS,MS,2042,Main Draw,ALLEGRO Martin (BEL),KASHIWA Takeru (JPN),ALLEGRO Martin
ITTF Challenge Belarus Open Minsk 2019,2019-10-30,BADOWSKI Marek,GAO Yang,4,3,"11,11,5,7,10,11,11|9,9,11,11,12,8,8",R64,OLYMPICS,MS,2042,Main Draw,GAO Yang (CHN),BADOWSKI Marek (POL),BADOWSKI Marek
ITTF Challenge Belarus Open Minsk 2019,2019-10-30,LEVENKO Andreas,LIMONOV Anton,4,2,"8,11,11,11,7,11|11,3,5,8,11,5",R64,OLYMPICS,MS,2042,Main Draw,LIMONOV Anton (UKR),LEVENKO Andreas (AUT),LEVENKO Andreas
ITTF Challenge Belarus Open Minsk 2019,2019-10-30,MENG Fanbo,LAMBIET Florent,4,1,"11,7,11,11,11|4,11,7,4,8",R64,OLYMPICS,MS,2042,Main Draw,MENG Fanbo (GER),LAMBIET Florent (BEL),MENG Fanbo
ITTF Challenge Belarus Open Minsk 2019,2019-10-30,MAJOROS Bence,XU Haidong,4,2,"12,9,11,11,10,11|10,11,9,6,12,7",R64,OLYMPICS,MS,2042,Main Draw,MAJOROS Bence (HUN),XU Haidong (CHN),MAJOROS Bence
ITTF Challenge Belarus Open Minsk 2019,2019-10-30,LEBESSON Emmanuel,ALKHADRAWI Ali,4,0,"11,11,13,11|3,4,11,8",R64,OLYMPICS,MS,2042,Main Draw,LEBESSON Emmanuel (FRA),ALKHADRAWI Ali (KSA),LEBESSON Emmanuel
ITTF Challenge Belarus Open Minsk 2019,2019-10-30,ANTHONY Amalraj,XIE Congfan,4,1,"11,3,11,11,11|8,11,7,9,7",R64,OLYMPICS,MS,2042,Main Draw,ANTHONY Amalraj (IND),XIE Congfan (CHN),ANTHONY Amalraj
ITTF Challenge Belarus Open Minsk 2019,2019-10-30,JARVIS Tom,GERASSIMENKO Kirill,4,1,"11,11,11,11,13|5,4,13,8,11",R64,OLYMPICS,MS,2042,Main Draw,JARVIS Tom (ENG),GERASSIMENKO Kirill (KAZ),JARVIS Tom
ITTF Challenge Belarus Open Minsk 2019,2019-10-30,SAI Linwei,KHANIN Aleksandr,4,0,"11,11,11,11|4,6,8,8",R64,OLYMPICS,MS,2042,Main Draw,SAI Linwei (CHN),KHANIN Aleksandr (BLR),SAI Linwei
ITTF Challenge Belarus Open Minsk 2019,2019-10-30,XU Yingbin,PLETEA Cristian,4,2,"7,11,11,11,11,11|11,6,13,6,6,9",R64,OLYMPICS,MS,2042,Main Draw,XU Yingbin (CHN),PLETEA Cristian (ROU),XU Yingbin
ITTF Challenge Belarus Open Minsk 2019,2019-10-30,YUAN Licen,ECSEKI Nandor,4,2,"8,4,11,11,11,11|11,11,8,9,6,5",R64,OLYMPICS,MS,2042,Main Draw,ECSEKI Nandor (HUN),YUAN Licen (CHN),YUAN Licen
ITTF Challenge Belarus Open Minsk 2019,2019-10-30,KIZUKURI Yuto,DEVOS Robin,4,0,"11,11,11,11|8,7,7,6",R64,OLYMPICS,MS,2042,Main Draw,KIZUKURI Yuto (JPN),DEVOS Robin (BEL),KIZUKURI Yuto
ITTF Challenge Belarus Open Minsk 2019,2019-10-30,PANG Koen,ALAMIAN Nima,4,2,"11,15,11,6,11,12|8,13,5,11,13,10",R64,OLYMPICS,MS,2042,Main Draw,ALAMIAN Nima (IRI),PANG Koen (SGP),PANG Koen
ITTF Challenge Belarus Open Minsk 2019,2019-10-30,CHAPLYGIN Maxim,GONZALEZ Daniel,4,0,"12,11,11,11|10,4,6,9",R64,OLYMPICS,MS,2042,Main Draw,CHAPLYGIN Maxim (RUS),GONZALEZ Daniel (PUR),CHAPLYGIN Maxim
ITTF Challenge Belarus Open Minsk 2019,2019-10-30,CASSIN Alexandre,DESAI Harmeet,4,2,"10,11,11,11,7,11|12,9,9,9,11,8",R64,OLYMPICS,MS,2042,Main Draw,DESAI Harmeet (IND),CASSIN Alexandre (FRA),CASSIN Alexandre
ITTF Challenge Belarus Open Minsk 2019,2019-10-30,AFANADOR Brian,SHINOZUKA Hiroto,4,3,"11,10,11,6,11,2,11|6,12,8,11,5,11,2",R64,OLYMPICS,MS,2042,Main Draw,AFANADOR Brian (PUR),SHINOZUKA Hiroto (JPN),AFANADOR Brian
ITTF Challenge Belarus Open Minsk 2019,2019-10-30,PLATONOV Pavel,KULCZYCKI Samuel,4,2,"11,11,7,8,11,16|6,7,11,11,7,14",R64,OLYMPICS,MS,2042,Main Draw,PLATONOV Pavel (BLR),KULCZYCKI Samuel (POL),PLATONOV Pavel
ITTF Challenge Belarus Open Minsk 2019,2019-10-30,DIAW Ibrahima,TANAKA Yuta,4,3,"12,8,11,8,1,11,11|10,11,6,11,11,7,8",R64,OLYMPICS,MS,2042,Main Draw,TANAKA Yuta (JPN),DIAW Ibrahima (DEN),DIAW Ibrahima
ITTF Challenge Belarus Open Minsk 2019,2019-10-30,MONTEIRO Joao,LAKATOS Tamas,4,3,"11,11,8,8,11,11,11|5,8,11,11,8,13,7",R64,OLYMPICS,MS,2042,Main Draw,MONTEIRO Joao (POR),LAKATOS Tamas (HUN),MONTEIRO Joao
ITTF Challenge Belarus Open Minsk 2019,2019-10-30,KALLBERG Anton,DE NODREST Leo,4,2,"11,11,9,15,5,12|9,5,11,13,11,10",R64,OLYMPICS,MS,2042,Main Draw,DE NODREST Leo (FRA),KALLBERG Anton (SWE),KALLBERG Anton
ITTF Challenge Belarus Open Minsk 2019,2019-10-30,YAN Sheng,SKACHKOV Kirill,4,1,"11,11,11,9,11|2,3,8,11,8",R64,OLYMPICS,MS,2042,Main Draw,SKACHKOV Kirill (RUS),YAN Sheng (CHN),YAN Sheng
ITTF Challenge Belarus Open Minsk 2019,2019-10-30,CNUDDE Florian,OOSTWOUDER Ewout,4,2,"6,11,11,11,9,11|11,8,8,5,11,3",R64,OLYMPICS,MS,2042,Main Draw,CNUDDE Florian (BEL),OOSTWOUDER Ewout (NED),CNUDDE Florian
ITTF Challenge Belarus Open Minsk 2019,2019-10-30,ISMAILOV Sadi,LANDRIEU Andrea,4,0,"11,11,11,11|7,4,7,9",R64,OLYMPICS,MS,2042,Main Draw,ISMAILOV Sadi (RUS),LANDRIEU Andrea (FRA),ISMAILOV Sadi
ITTF Challenge Belarus Open Minsk 2019,2019-10-30,UDA Yukiya,ZHMUDENKO Yaroslav,4,0,"11,11,11,11|4,6,8,7",R64,OLYMPICS,MS,2042,Main Draw,ZHMUDENKO Yaroslav (UKR),UDA Yukiya (JPN),UDA Yukiya
ITTF Challenge Belarus Open Minsk 2019,2019-10-30,QIU Dang,SONE Kakeru,4,2,"11,4,12,11,11,11|13,11,10,6,5,6",R64,OLYMPICS,MS,2042,Main Draw,QIU Dang (GER),SONE Kakeru (JPN),QIU Dang
ITTF Challenge Belarus Open Minsk 2019,2019-10-30,TOKIC Bojan,ROLLAND Jules,4,1,"14,10,11,11,11|12,12,8,5,4",R64,OLYMPICS,MS,2042,Main Draw,ROLLAND Jules (FRA),TOKIC Bojan (SLO),TOKIC Bojan
ITTF Challenge Belarus Open Minsk 2019,2019-10-30,XUE Fei,ENGEMANN Gerrit,4,0,"11,11,11,12|8,8,7,10",R64,OLYMPICS,MS,2042,Main Draw,XUE Fei (CHN),ENGEMANN Gerrit (GER),XUE Fei
ITTF Challenge Belarus Open Minsk 2019,2019-10-30,KOZUL Deni,LU Kaiyang,4,1,"11,11,13,11,11|4,6,15,1,3",R64,OLYMPICS,MS,2042,Main Draw,LU Kaiyang (HUN),KOZUL Deni (SLO),KOZUL Deni
ITTF Challenge Belarus Open Minsk 2019,2019-10-30,FLORE Tristan,MLADENOVIC Luka,4,3,"10,5,7,11,12,11,12|12,11,11,8,10,9,10",R64,OLYMPICS,MS,2042,Main Draw,FLORE Tristan (FRA),MLADENOVIC Luka (LUX),FLORE Tristan
ITTF Challenge Belarus Open Minsk 2019,2019-10-30,TOGAMI Shunsuke,SIPOS Rares,4,2,"11,9,11,11,10,11|9,11,6,3,12,7",R64,OLYMPICS,MS,2042,Main Draw,SIPOS Rares (ROU),TOGAMI Shunsuke (JPN),TOGAMI Shunsuke
ITTF Challenge Belarus Open Minsk 2019,2019-10-30,GADIEV Vildan,HIPPLER Tobias,4,1,"11,11,6,11,11|7,6,11,9,7",R64,OLYMPICS,MS,2042,Main Draw,GADIEV Vildan (RUS),HIPPLER Tobias (GER),GADIEV Vildan
ITTF Challenge Belarus Open Minsk 2019,2019-10-30,ZHAO Zhaoyan,YOSHIDA Masaki,4,3,"8,11,11,11,8,9,11|11,8,8,7,11,11,7",R64,OLYMPICS,MS,2042,Main Draw,ZHAO Zhaoyan (CHN),YOSHIDA Masaki (JPN),ZHAO Zhaoyan
ITTF Challenge Belarus Open Minsk 2019,2019-10-30,SHIBATA Saki,SZYMCZAK Julia,4,0,"11,11,11,11|4,9,6,1",R64,OLYMPICS,WS,2042,Main Draw,SHIBATA Saki (JPN),SZYMCZAK Julia (POL),SHIBATA Saki
ITTF Challenge Belarus Open Minsk 2019,2019-10-30,ZARIF Audrey,LEE Nakyung,4,1,"11,11,9,12,11|4,9,11,10,0",R64,OLYMPICS,WS,2042,Main Draw,LEE Nakyung (KOR),ZARIF Audrey (FRA),ZARIF Audrey
ITTF Challenge Belarus Open Minsk 2019,2019-10-30,ZHANG Qiang,MANTZ Chantal,4,0,"11,11,11,11|5,8,2,4",R64,OLYMPICS,WS,2042,Main Draw,ZHANG Qiang (CHN),MANTZ Chantal (GER),ZHANG Qiang
ITTF Challenge Belarus Open Minsk 2019,2019-10-30,MORET Rachel,LAURENTI Jamila,4,1,"7,12,11,12,11|11,10,6,10,4",R64,OLYMPICS,WS,2042,Main Draw,LAURENTI Jamila (ITA),MORET Rachel (SUI),MORET Rachel
ITTF Challenge Belarus Open Minsk 2019,2019-10-30,KIM Mingyung,JEGER Mateja,4,3,"12,11,11,7,15,9,13|10,6,7,11,17,11,11",R64,OLYMPICS,WS,2042,Main Draw,JEGER Mateja (CRO),KIM Mingyung (KOR),KIM Mingyung
ITTF Challenge Belarus Open Minsk 2019,2019-10-30,FENG Yalan,MARCHETTI Nathalie,4,0,"11,11,11,11|6,6,5,1",R64,OLYMPICS,WS,2042,Main Draw,FENG Yalan (CHN),MARCHETTI Nathalie (BEL),FENG Yalan
ITTF Challenge Belarus Open Minsk 2019,2019-10-30,WEGRZYN Anna,COLANTONI Chiara,4,3,"9,7,11,13,5,11,11|11,11,6,11,11,9,9",R64,OLYMPICS,WS,2042,Main Draw,COLANTONI Chiara (ITA),WEGRZYN Anna (POL),WEGRZYN Anna
ITTF Challenge Belarus Open Minsk 2019,2019-10-30,MIGOT Marie,ZHANG Lily,4,3,"11,8,10,8,12,11,11|9,11,12,11,10,9,2",R64,OLYMPICS,WS,2042,Main Draw,MIGOT Marie (FRA),ZHANG Lily (USA),MIGOT Marie
ITTF Challenge Belarus Open Minsk 2019,2019-10-30,WANG Xiaotong,TRIGOLOS Daria,4,1,"11,11,12,11,12|13,3,10,6,10",R64,OLYMPICS,WS,2042,Main Draw,WANG Xiaotong (CHN),TRIGOLOS Daria (BLR),WANG Xiaotong
ITTF Challenge Belarus Open Minsk 2019,2019-10-30,LUNG Lisa,WEGRZYN Katarzyna,4,2,"7,11,15,10,11,11|11,6,13,12,6,7",R64,OLYMPICS,WS,2042,Main Draw,WEGRZYN Katarzyna (POL),LUNG Lisa (BEL),LUNG Lisa
ITTF Challenge Belarus Open Minsk 2019,2019-10-30,YILMAZ Ozge,DEGRAEF Margo,4,3,"11,24,11,8,12,6,11|9,26,5,11,10,11,9",R64,OLYMPICS,WS,2042,Main Draw,YILMAZ Ozge (TUR),DEGRAEF Margo (BEL),YILMAZ Ozge
ITTF Challenge Belarus Open Minsk 2019,2019-10-30,YANG Xiaoxin,YANG Yiyun,4,0,"11,11,11,12|7,7,4,10",R64,OLYMPICS,WS,2042,Main Draw,YANG Yiyun (CHN),YANG Xiaoxin (MON),YANG Xiaoxin
ITTF Challenge Belarus Open Minsk 2019,2019-10-30,MORI Sakura,GUISNEL Oceane,4,1,"10,11,11,11,11|12,9,6,6,3",R64,OLYMPICS,WS,2042,Main Draw,MORI Sakura (JPN),GUISNEL Oceane (FRA),MORI Sakura
ITTF Challenge Belarus Open Minsk 2019,2019-10-30,NI Xia Lian,YAREMCHUK Solomiya,4,0,"11,11,11,11|4,4,3,5",R64,OLYMPICS,WS,2042,Main Draw,NI Xia Lian (LUX),YAREMCHUK Solomiya (UKR),NI Xia Lian
ITTF Challenge Belarus Open Minsk 2019,2019-10-30,KUKULKOVA Tatiana,BLASKOVA Zdena,4,3,"8,11,11,11,9,9,11|11,9,7,2,11,11,8",R64,OLYMPICS,WS,2042,Main Draw,KUKULKOVA Tatiana (SVK),BLASKOVA Zdena (CZE),KUKULKOVA Tatiana
ITTF Challenge Belarus Open Minsk 2019,2019-10-30,FAN Siqi,WU Yue,4,0,"12,11,11,11|10,6,7,6",R64,OLYMPICS,WS,2042,Main Draw,FAN Siqi (CHN),WU Yue (USA),FAN Siqi
ITTF Challenge Belarus Open Minsk 2019,2019-10-30,BOGDANOVA Nadezhda,TSUTSUI Yuki,4,1,"11,8,16,11,11|7,11,14,4,8",R64,OLYMPICS,WS,2042,Main Draw,BOGDANOVA Nadezhda (BLR),TSUTSUI Yuki (GER),BOGDANOVA Nadezhda
ITTF Challenge Belarus Open Minsk 2019,2019-10-30,CHEN Yi,ODO Satsuki,4,0,"11,11,11,11|6,4,2,2",R64,OLYMPICS,WS,2042,Main Draw,CHEN Yi (CHN),ODO Satsuki (JPN),CHEN Yi
ITTF Challenge Belarus Open Minsk 2019,2019-10-30,HASHIMOTO Honoka,MYNAROVA Karolina,4,0,"11,11,11,11|8,1,3,6",R64,OLYMPICS,WS,2042,Main Draw,HASHIMOTO Honoka (JPN),MYNAROVA Karolina (CZE),HASHIMOTO Honoka
ITTF Challenge Belarus Open Minsk 2019,2019-10-30,WU Yangchen,MADARASZ Dora,4,0,"11,11,11,11|5,2,8,9",R64,OLYMPICS,WS,2042,Main Draw,WU Yangchen (CHN),MADARASZ Dora (HUN),WU Yangchen
ITTF Challenge Belarus Open Minsk 2019,2019-10-30,KUAI Man,VIVARELLI Debora,4,0,"11,11,11,11|3,9,7,5",R64,OLYMPICS,WS,2042,Main Draw,VIVARELLI Debora (ITA),KUAI Man (CHN),KUAI Man
ITTF Challenge Belarus Open Minsk 2019,2019-10-30,HO Tin-Tin,SLAZAK Julia,4,0,"11,11,11,11|3,9,7,6",R64,OLYMPICS,WS,2042,Main Draw,SLAZAK Julia (POL),HO Tin-Tin (ENG),HO Tin-Tin
ITTF Challenge Belarus Open Minsk 2019,2019-10-30,SHIOMI Maki,SIRUCKOVA Aneta,4,0,"11,11,11,11|9,6,7,7",R64,OLYMPICS,WS,2042,Main Draw,SHIOMI Maki (JPN),SIRUCKOVA Aneta (CZE),SHIOMI Maki
ITTF Challenge Belarus Open Minsk 2019,2019-10-30,NOSKOVA Yana,PFEFER Laura,4,3,"8,11,9,5,11,11,11|11,3,11,11,2,3,6",R64,OLYMPICS,WS,2042,Main Draw,PFEFER Laura (FRA),NOSKOVA Yana (RUS),NOSKOVA Yana
ITTF Challenge Belarus Open Minsk 2019,2019-10-30,HAPONOVA Hanna,CHERNORAY Daria,4,0,"11,14,11,11|5,12,4,8",R64,OLYMPICS,WS,2042,Main Draw,HAPONOVA Hanna (UKR),CHERNORAY Daria (RUS),HAPONOVA Hanna
ITTF Challenge Belarus Open Minsk 2019,2019-10-30,ZHANG Sofia-Xuan,JOKIC Tijana,4,1,"11,6,11,11,15|4,11,4,7,13",R64,OLYMPICS,WS,2042,Main Draw,JOKIC Tijana (SRB),ZHANG Sofia-Xuan (ESP),ZHANG Sofia-Xuan
ITTF Challenge Belarus Open Minsk 2019,2019-10-30,CHANG Li Sian,KOLISH Anastasia,4,2,"11,6,11,12,8,11|7,11,3,10,11,2",R64,OLYMPICS,WS,2042,Main Draw,KOLISH Anastasia (RUS),CHANG Li Sian (MAS),CHANG Li Sian
ITTF Challenge Belarus Open Minsk 2019,2019-10-30,KIM Haeun,PERGEL Szandra,4,0,"11,12,11,11|9,10,8,2",R64,OLYMPICS,WS,2042,Main Draw,KIM Haeun (KOR),PERGEL Szandra (HUN),KIM Haeun
ITTF Challenge Belarus Open Minsk 2019,2019-10-30,LOEUILLETTE Stephanie,GARCIA Ana,4,2,"11,7,7,11,11,11|4,11,11,6,8,4",R64,OLYMPICS,WS,2042,Main Draw,LOEUILLETTE Stephanie (FRA),GARCIA Ana (ESP),LOEUILLETTE Stephanie
ITTF Challenge Belarus Open Minsk 2019,2019-10-30,SHI Xunyao,GROFOVA Karin,4,1,"11,11,11,3,11|6,1,6,11,4",R64,OLYMPICS,WS,2042,Main Draw,SHI Xunyao (CHN),GROFOVA Karin (CZE),SHI Xunyao
ITTF Challenge Belarus Open Minsk 2019,2019-10-30,YANG Huijing,SHCHERBATYKH Valeriia,4,0,"11,11,11,14|2,8,4,12",R64,OLYMPICS,WS,2042,Main Draw,SHCHERBATYKH Valeriia (RUS),YANG Huijing (CHN),YANG Huijing
ITTF Challenge Belarus Open Minsk 2019,2019-10-30,HAYATA Hina,DOLGIKH Maria,4,0,"11,11,11,11|7,7,8,3",R64,OLYMPICS,WS,2042,Main Draw,DOLGIKH Maria (RUS),HAYATA Hina (JPN),HAYATA Hina
ITTF Challenge Belarus Open Minsk 2019,2019-10-30,SHINOZUKA Hiroto/SONE Kakeru,KHANIN Aleksandr/PLATONOV Pavel,3,2,"11,11,10,2,11|9,7,12,11,7",R16,OLYMPICS,MD,2042,Main Draw,SHINOZUKA Hiroto (JPN) / SONE Kakeru (JPN),KHANIN Aleksandr (BLR) / PLATONOV Pavel (BLR),SHINOZUKA Hiroto
ITTF Challenge Belarus Open Minsk 2019,2019-10-30,FLORE Tristan/LEBESSON Emmanuel,GAO Yang/XIE Congfan,3,0,"11,11,11|6,9,5",R16,OLYMPICS,MD,2042,Main Draw,FLORE Tristan (FRA) / LEBESSON Emmanuel (FRA),GAO Yang (CHN) / XIE Congfan (CHN),FLORE Tristan
ITTF Challenge Belarus Open Minsk 2019,2019-10-30,ALLEGRO Martin/LAMBIET Florent,PLETEA Cristian/SIPOS Rares,3,0,"11,11,12|9,6,10",R16,OLYMPICS,MD,2042,Main Draw,ALLEGRO Martin (BEL) / LAMBIET Florent (BEL),PLETEA Cristian (ROU) / SIPOS Rares (ROU),ALLEGRO Martin
ITTF Challenge Belarus Open Minsk 2019,2019-10-30,TOGAMI Shunsuke/UDA Yukiya,SIDORENKO Vladimir/SKACHKOV Kirill,3,2,"13,11,9,8,11|11,9,11,11,6",R16,OLYMPICS,MD,2042,Main Draw,TOGAMI Shunsuke (JPN) / UDA Yukiya (JPN),SIDORENKO Vladimir (RUS) / SKACHKOV Kirill (RUS),TOGAMI Shunsuke
ITTF Challenge Belarus Open Minsk 2019,2019-10-30,ECSEKI Nandor/LAKATOS Tamas,CABALLERO Carlos/LILLO Alberto,3,0,"11,12,11|5,10,7",R16,OLYMPICS,MD,2042,Main Draw,ECSEKI Nandor (HUN) / LAKATOS Tamas (HUN),CABALLERO Carlos (ESP) / LILLO Alberto (ESP),ECSEKI Nandor
ITTF Challenge Belarus Open Minsk 2019,2019-10-30,XU Haidong/ZHAO Zhaoyan,ANTHONY Amalraj/DESAI Harmeet,3,0,"11,11,11|7,8,7",R16,OLYMPICS,MD,2042,Main Draw,XU Haidong (CHN) / ZHAO Zhaoyan (CHN),ANTHONY Amalraj (IND) / DESAI Harmeet (IND),XU Haidong
ITTF Challenge Belarus Open Minsk 2019,2019-10-30,KIZUKURI Yuto/TANAKA Yuta,GREBNEV Maksim/KATSMAN Lev,3,1,"6,11,11,11|11,5,7,5",R16,OLYMPICS,MD,2042,Main Draw,KIZUKURI Yuto (JPN) / TANAKA Yuta (JPN),GREBNEV Maksim (RUS) / KATSMAN Lev (RUS),KIZUKURI Yuto
ITTF Challenge Belarus Open Minsk 2019,2019-10-30,REMBERT Bastien/ROLLAND Jules,ALKHADRAWI Ali/BU SHULAYBI Abdulaziz,3,2,"11,9,11,6,11|5,11,7,11,4",R16,OLYMPICS,MD,2042,Main Draw,REMBERT Bastien (FRA) / ROLLAND Jules (FRA),ALKHADRAWI Ali (KSA) / BU SHULAYBI Abdulaziz (KSA),REMBERT Bastien
ITTF Challenge Belarus Open Minsk 2019,2019-10-30,WEGRZYN Anna/WEGRZYN Katarzyna,BOGDANOVA Nadezhda/TRIGOLOS Daria,3,0,"11,11,11|6,5,7",R16,OLYMPICS,WD,2042,Main Draw,WEGRZYN Anna (POL) / WEGRZYN Katarzyna (POL),BOGDANOVA Nadezhda (BLR) / TRIGOLOS Daria (BLR),WEGRZYN Anna
ITTF Challenge Belarus Open Minsk 2019,2019-10-30,WU Yue/ZHANG Lily,KIM Haeun/LEE Nakyung,3,1,"11,4,13,11|6,11,11,6",R16,OLYMPICS,WD,2042,Main Draw,WU Yue (USA) / ZHANG Lily (USA),KIM Haeun (KOR) / LEE Nakyung (KOR),WU Yue
ITTF Challenge Belarus Open Minsk 2019,2019-10-30,GARCIA Ana/ZHANG Sofia-Xuan,ALTINKAYA Sibel/YILMAZ Ozge,3,2,"10,16,11,7,11|12,14,6,11,6",R16,OLYMPICS,WD,2042,Main Draw,GARCIA Ana (ESP) / ZHANG Sofia-Xuan (ESP),ALTINKAYA Sibel (TUR) / YILMAZ Ozge (TUR),GARCIA Ana
ITTF Challenge Belarus Open Minsk 2019,2019-10-30,ODO Satsuki/SHIBATA Saki,KUAI Man/SHI Xunyao,3,0,"11,11,11|9,8,9",R16,OLYMPICS,WD,2042,Main Draw,ODO Satsuki (JPN) / SHIBATA Saki (JPN),KUAI Man (CHN) / SHI Xunyao (CHN),ODO Satsuki
ITTF Challenge Belarus Open Minsk 2019,2019-10-30,HASHIMOTO Honoka/SHIOMI Maki,MIGOT Marie/PAVADE Prithika,3,1,"11,7,11,11|7,11,5,4",R16,OLYMPICS,WD,2042,Main Draw,HASHIMOTO Honoka (JPN) / SHIOMI Maki (JPN),MIGOT Marie (FRA) / PAVADE Prithika (FRA),HASHIMOTO Honoka
ITTF Challenge Belarus Open Minsk 2019,2019-10-30,FENG Yalan/ZHANG Qiang,LOEUILLETTE Stephanie/ZARIF Audrey,3,0,"11,11,11|2,8,7",R16,OLYMPICS,WD,2042,Main Draw,FENG Yalan (CHN) / ZHANG Qiang (CHN),LOEUILLETTE Stephanie (FRA) / ZARIF Audrey (FRA),FENG Yalan
ITTF Challenge Belarus Open Minsk 2019,2019-10-30,KIM Mingyung/KIM Yedam,GROFOVA Karin/SIRUCKOVA Aneta,3,1,"7,13,11,11|11,11,6,7",R16,OLYMPICS,WD,2042,Main Draw,KIM Mingyung (KOR) / KIM Yedam (KOR),GROFOVA Karin (CZE) / SIRUCKOVA Aneta (CZE),KIM Mingyung
ITTF Challenge Belarus Open Minsk 2019,2019-10-30,COLANTONI Chiara/LAURENTI Jamila,MADARASZ Dora/PERGEL Szandra,3,0,"11,13,11|3,11,4",R16,OLYMPICS,WD,2042,Main Draw,COLANTONI Chiara (ITA) / LAURENTI Jamila (ITA),MADARASZ Dora (HUN) / PERGEL Szandra (HUN),COLANTONI Chiara
ITTF Challenge Belarus Open Minsk 2019,2019-10-30,LEBESSON Emmanuel,LEVENKO Andreas,4,0,"11,11,12,11|5,9,10,5",R32,OLYMPICS,MS,2042,Main Draw,LEBESSON Emmanuel (FRA),LEVENKO Andreas (AUT),LEBESSON Emmanuel
ITTF Challenge Belarus Open Minsk 2019,2019-10-30,YUAN Licen,KIZUKURI Yuto,4,2,"11,11,9,9,11,11|6,6,11,11,9,3",R32,OLYMPICS,MS,2042,Main Draw,YUAN Licen (CHN),KIZUKURI Yuto (JPN),YUAN Licen
ITTF Challenge Belarus Open Minsk 2019,2019-10-30,BADOWSKI Marek,MAJOROS Bence,4,0,"11,11,11,11|6,9,7,6",R32,OLYMPICS,MS,2042,Main Draw,MAJOROS Bence (HUN),BADOWSKI Marek (POL),BADOWSKI Marek
ITTF Challenge Belarus Open Minsk 2019,2019-10-30,JARVIS Tom,ANTHONY Amalraj,4,3,"11,8,11,12,11,8,11|4,11,4,14,7,11,8",R32,OLYMPICS,MS,2042,Main Draw,ANTHONY Amalraj (IND),JARVIS Tom (ENG),JARVIS Tom
ITTF Challenge Belarus Open Minsk 2019,2019-10-30,CHAPLYGIN Maxim,AFANADOR Brian,4,2,"12,7,11,11,8,11|10,11,5,9,11,8",R32,OLYMPICS,MS,2042,Main Draw,AFANADOR Brian (PUR),CHAPLYGIN Maxim (RUS),CHAPLYGIN Maxim
ITTF Challenge Belarus Open Minsk 2019,2019-10-30,MENG Fanbo,ALLEGRO Martin,4,1,"11,11,7,11,11|8,7,11,5,7",R32,OLYMPICS,MS,2042,Main Draw,ALLEGRO Martin (BEL),MENG Fanbo (GER),MENG Fanbo
ITTF Challenge Belarus Open Minsk 2019,2019-10-30,SAI Linwei,PANG Koen,4,1,"11,11,11,12,11|7,2,4,14,6",R32,OLYMPICS,MS,2042,Main Draw,PANG Koen (SGP),SAI Linwei (CHN),SAI Linwei
ITTF Challenge Belarus Open Minsk 2019,2019-10-30,XU Yingbin,CASSIN Alexandre,4,0,"11,11,11,11|8,9,7,3",R32,OLYMPICS,MS,2042,Main Draw,CASSIN Alexandre (FRA),XU Yingbin (CHN),XU Yingbin
ITTF Challenge Belarus Open Minsk 2019,2019-10-30,PLATONOV Pavel,CNUDDE Florian,4,2,"11,9,12,11,12,11|3,11,10,8,14,6",R32,OLYMPICS,MS,2042,Main Draw,PLATONOV Pavel (BLR),CNUDDE Florian (BEL),PLATONOV Pavel
ITTF Challenge Belarus Open Minsk 2019,2019-10-30,KALLBERG Anton,MONTEIRO Joao,4,1,"11,11,13,7,11|8,7,11,11,6",R32,OLYMPICS,MS,2042,Main Draw,MONTEIRO Joao (POR),KALLBERG Anton (SWE),KALLBERG Anton
ITTF Challenge Belarus Open Minsk 2019,2019-10-30,ISMAILOV Sadi,YAN Sheng,4,1,"11,12,11,10,11|8,10,9,12,4",R32,OLYMPICS,MS,2042,Main Draw,YAN Sheng (CHN),ISMAILOV Sadi (RUS),ISMAILOV Sadi
ITTF Challenge Belarus Open Minsk 2019,2019-10-30,UDA Yukiya,DIAW Ibrahima,4,0,"12,11,11,11|10,9,5,9",R32,OLYMPICS,MS,2042,Main Draw,DIAW Ibrahima (DEN),UDA Yukiya (JPN),UDA Yukiya
ITTF Challenge Belarus Open Minsk 2019,2019-10-30,QIU Dang,ZHAO Zhaoyan,4,3,"11,11,10,5,12,11,11|8,5,12,11,14,7,4",R32,OLYMPICS,MS,2042,Main Draw,QIU Dang (GER),ZHAO Zhaoyan (CHN),QIU Dang
ITTF Challenge Belarus Open Minsk 2019,2019-10-30,XUE Fei,KOZUL Deni,4,1,"5,13,11,11,11|11,11,6,9,5",R32,OLYMPICS,MS,2042,Main Draw,XUE Fei (CHN),KOZUL Deni (SLO),XUE Fei
ITTF Challenge Belarus Open Minsk 2019,2019-10-30,FLORE Tristan,TOGAMI Shunsuke,4,1,"9,12,13,11,11|11,10,11,5,9",R32,OLYMPICS,MS,2042,Main Draw,FLORE Tristan (FRA),TOGAMI Shunsuke (JPN),FLORE Tristan
ITTF Challenge Belarus Open Minsk 2019,2019-10-30,TOKIC Bojan,GADIEV Vildan,4,2,"11,8,7,11,11,11|9,11,11,9,6,5",R32,OLYMPICS,MS,2042,Main Draw,GADIEV Vildan (RUS),TOKIC Bojan (SLO),TOKIC Bojan
ITTF Challenge Belarus Open Minsk 2019,2019-10-30,MIGOT Marie,WEGRZYN Anna,4,2,"6,11,11,11,4,11|11,8,5,8,11,7",R32,OLYMPICS,WS,2042,Main Draw,WEGRZYN Anna (POL),MIGOT Marie (FRA),MIGOT Marie
ITTF Challenge Belarus Open Minsk 2019,2019-10-30,WANG Xiaotong,MORI Sakura,4,1,"11,7,11,11,11|6,11,8,9,7",R32,OLYMPICS,WS,2042,Main Draw,MORI Sakura (JPN),WANG Xiaotong (CHN),WANG Xiaotong
ITTF Challenge Belarus Open Minsk 2019,2019-10-30,FENG Yalan,KIM Mingyung,4,1,"11,11,11,11,12|13,3,8,6,10",R32,OLYMPICS,WS,2042,Main Draw,KIM Mingyung (KOR),FENG Yalan (CHN),FENG Yalan
ITTF Challenge Belarus Open Minsk 2019,2019-10-30,SHIBATA Saki,ZARIF Audrey,4,2,"7,8,11,11,11,11|11,11,6,9,4,5",R32,OLYMPICS,WS,2042,Main Draw,SHIBATA Saki (JPN),ZARIF Audrey (FRA),SHIBATA Saki
ITTF Challenge Belarus Open Minsk 2019,2019-10-30,NI Xia Lian,LUNG Lisa,4,2,"11,11,11,8,9,11|4,5,2,11,11,4",R32,OLYMPICS,WS,2042,Main Draw,NI Xia Lian (LUX),LUNG Lisa (BEL),NI Xia Lian
ITTF Challenge Belarus Open Minsk 2019,2019-10-30,YANG Xiaoxin,YILMAZ Ozge,4,0,"11,11,11,11|2,7,5,4",R32,OLYMPICS,WS,2042,Main Draw,YILMAZ Ozge (TUR),YANG Xiaoxin (MON),YANG Xiaoxin
ITTF Challenge Belarus Open Minsk 2019,2019-10-30,ZHANG Qiang,MORET Rachel,4,0,"11,11,11,11|5,4,7,7",R32,OLYMPICS,WS,2042,Main Draw,ZHANG Qiang (CHN),MORET Rachel (SUI),ZHANG Qiang
ITTF Challenge Belarus Open Minsk 2019,2019-10-30,FAN Siqi,KUKULKOVA Tatiana,4,1,"11,13,9,11,11|4,11,11,9,3",R32,OLYMPICS,WS,2042,Main Draw,KUKULKOVA Tatiana (SVK),FAN Siqi (CHN),FAN Siqi
ITTF Challenge Belarus Open Minsk 2019,2019-10-30,WU Yangchen,BOGDANOVA Nadezhda,4,0,"11,11,11,11|9,4,3,7",R32,OLYMPICS,WS,2042,Main Draw,BOGDANOVA Nadezhda (BLR),WU Yangchen (CHN),WU Yangchen
ITTF Challenge Belarus Open Minsk 2019,2019-10-30,NOSKOVA Yana,SHIOMI Maki,4,2,"11,10,9,11,11,11|2,12,11,8,6,9",R32,OLYMPICS,WS,2042,Main Draw,SHIOMI Maki (JPN),NOSKOVA Yana (RUS),NOSKOVA Yana
ITTF Challenge Belarus Open Minsk 2019,2019-10-30,KUAI Man,HO Tin-Tin,4,1,"11,11,9,11,11|5,5,11,4,9",R32,OLYMPICS,WS,2042,Main Draw,KUAI Man (CHN),HO Tin-Tin (ENG),KUAI Man
ITTF Challenge Belarus Open Minsk 2019,2019-10-30,HASHIMOTO Honoka,CHEN Yi,4,2,"11,11,3,11,9,11|4,4,11,8,11,3",R32,OLYMPICS,WS,2042,Main Draw,HASHIMOTO Honoka (JPN),CHEN Yi (CHN),HASHIMOTO Honoka
ITTF Challenge Belarus Open Minsk 2019,2019-10-30,ZHANG Sofia-Xuan,HAPONOVA Hanna,4,2,"10,11,11,7,12,11|12,9,8,11,10,9",R32,OLYMPICS,WS,2042,Main Draw,HAPONOVA Hanna (UKR),ZHANG Sofia-Xuan (ESP),ZHANG Sofia-Xuan
ITTF Challenge Belarus Open Minsk 2019,2019-10-30,KIM Haeun,CHANG Li Sian,4,1,"7,11,11,11,11|11,9,8,9,9",R32,OLYMPICS,WS,2042,Main Draw,CHANG Li Sian (MAS),KIM Haeun (KOR),KIM Haeun
ITTF Challenge Belarus Open Minsk 2019,2019-10-30,SHI Xunyao,LOEUILLETTE Stephanie,4,2,"10,5,11,11,11,11|12,11,5,5,5,3",R32,OLYMPICS,WS,2042,Main Draw,LOEUILLETTE Stephanie (FRA),SHI Xunyao (CHN),SHI Xunyao
ITTF Challenge Belarus Open Minsk 2019,2019-10-30,HAYATA Hina,YANG Huijing,4,1,"11,11,11,11,13|7,9,13,5,11",R32,OLYMPICS,WS,2042,Main Draw,YANG Huijing (CHN),HAYATA Hina (JPN),HAYATA Hina
ITTF Challenge Belarus Open Minsk 2019,2019-10-30,WEGRZYN Katarzyna,SHCHERBATYKH Valeriia,3,2,"11,11,10,9,11|8,6,12,11,6",SF,OLYMPICS,U21WS,2042,Main Draw,WEGRZYN Katarzyna (POL),SHCHERBATYKH Valeriia (RUS),WEGRZYN Katarzyna
ITTF Challenge Belarus Open Minsk 2019,2019-10-30,SHI Xunyao,KUAI Man,3,0,"16,11,11|14,4,7",SF,OLYMPICS,U21WS,2042,Main Draw,KUAI Man (CHN),SHI Xunyao (CHN),SHI Xunyao
ITTF Challenge Belarus Open Minsk 2019,2019-10-30,ROLLAND Jules,SIPOS Rares,3,1,"13,8,11,11|11,11,8,7",SF,OLYMPICS,U21MS,2042,Main Draw,SIPOS Rares (ROU),ROLLAND Jules (FRA),ROLLAND Jules
ITTF Challenge Belarus Open Minsk 2019,2019-10-30,SAI Linwei,NIU Guankai,3,0,"11,11,11|7,5,6",SF,OLYMPICS,U21MS,2042,Main Draw,SAI Linwei (CHN),NIU Guankai (CHN),SAI Linwei
ITTF Challenge Belarus Open Minsk 2019,2019-10-30,GARCIA Ana/ZHANG Sofia-Xuan,WU Yue/ZHANG Lily,3,0,"11,11,11|7,4,4",QF,OLYMPICS,WD,2042,Main Draw,GARCIA Ana (ESP) / ZHANG Sofia-Xuan (ESP),WU Yue (USA) / ZHANG Lily (USA),GARCIA Ana
ITTF Challenge Belarus Open Minsk 2019,2019-10-30,ODO Satsuki/SHIBATA Saki,KIM Mingyung/KIM Yedam,3,0,"11,11,11|9,5,7",QF,OLYMPICS,WD,2042,Main Draw,ODO Satsuki (JPN) / SHIBATA Saki (JPN),KIM Mingyung (KOR) / KIM Yedam (KOR),ODO Satsuki
ITTF Challenge Belarus Open Minsk 2019,2019-10-30,FENG Yalan/ZHANG Qiang,HASHIMOTO Honoka/SHIOMI Maki,3,1,"11,7,11,11|6,11,5,7",QF,OLYMPICS,WD,2042,Main Draw,FENG Yalan (CHN) / ZHANG Qiang (CHN),HASHIMOTO Honoka (JPN) / SHIOMI Maki (JPN),FENG Yalan
ITTF Challenge Belarus Open Minsk 2019,2019-10-30,KIZUKURI Yuto/TANAKA Yuta,FLORE Tristan/LEBESSON Emmanuel,3,1,"4,12,11,11|11,10,7,7",QF,OLYMPICS,MD,2042,Main Draw,KIZUKURI Yuto (JPN) / TANAKA Yuta (JPN),FLORE Tristan (FRA) / LEBESSON Emmanuel (FRA),KIZUKURI Yuto
ITTF Challenge Belarus Open Minsk 2019,2019-10-30,XU Haidong/ZHAO Zhaoyan,ECSEKI Nandor/LAKATOS Tamas,3,0,"14,11,11|12,5,8",QF,OLYMPICS,MD,2042,Main Draw,XU Haidong (CHN) / ZHAO Zhaoyan (CHN),ECSEKI Nandor (HUN) / LAKATOS Tamas (HUN),XU Haidong
ITTF Challenge Belarus Open Minsk 2019,2019-10-30,SHINOZUKA Hiroto/SONE Kakeru,TOGAMI Shunsuke/UDA Yukiya,3,2,"10,11,8,15,12|12,2,11,13,10",QF,OLYMPICS,MD,2042,Main Draw,SHINOZUKA Hiroto (JPN) / SONE Kakeru (JPN),TOGAMI Shunsuke (JPN) / UDA Yukiya (JPN),SHINOZUKA Hiroto
ITTF Challenge Belarus Open Minsk 2019,2019-10-30,REMBERT Bastien/ROLLAND Jules,ALLEGRO Martin/LAMBIET Florent,3,2,"11,11,11,6,11|9,13,4,11,9",QF,OLYMPICS,MD,2042,Main Draw,REMBERT Bastien (FRA) / ROLLAND Jules (FRA),ALLEGRO Martin (BEL) / LAMBIET Florent (BEL),REMBERT Bastien
ITTF Challenge Belarus Open Minsk 2019,2019-10-30,ZHANG Qiang,SHIBATA Saki,4,0,"11,11,11,11|5,7,8,7",R16,OLYMPICS,WS,2042,Main Draw,SHIBATA Saki (JPN),ZHANG Qiang (CHN),ZHANG Qiang
ITTF Challenge Belarus Open Minsk 2019,2019-10-30,FENG Yalan,MIGOT Marie,4,1,"11,9,11,11,12|4,11,7,5,10",R16,OLYMPICS,WS,2042,Main Draw,FENG Yalan (CHN),MIGOT Marie (FRA),FENG Yalan
ITTF Challenge Belarus Open Minsk 2019,2019-10-30,YANG Xiaoxin,NI Xia Lian,4,0,"12,11,11,11|10,5,7,7",R16,OLYMPICS,WS,2042,Main Draw,NI Xia Lian (LUX),YANG Xiaoxin (MON),YANG Xiaoxin
ITTF Challenge Belarus Open Minsk 2019,2019-10-30,FAN Siqi,WANG Xiaotong,4,2,"11,11,11,5,11,12|8,13,9,11,9,10",R16,OLYMPICS,WS,2042,Main Draw,WANG Xiaotong (CHN),FAN Siqi (CHN),FAN Siqi
ITTF Challenge Belarus Open Minsk 2019,2019-10-30,HAYATA Hina,SHI Xunyao,4,1,"9,11,11,11,11|11,8,8,6,4",R16,OLYMPICS,WS,2042,Main Draw,SHI Xunyao (CHN),HAYATA Hina (JPN),HAYATA Hina
ITTF Challenge Belarus Open Minsk 2019,2019-10-30,KUAI Man,NOSKOVA Yana,4,1,"13,11,11,12,11|15,9,2,10,4",R16,OLYMPICS,WS,2042,Main Draw,KUAI Man (CHN),NOSKOVA Yana (RUS),KUAI Man
ITTF Challenge Belarus Open Minsk 2019,2019-10-30,HASHIMOTO Honoka,WU Yangchen,4,1,"9,11,11,11,11|11,4,6,8,6",R16,OLYMPICS,WS,2042,Main Draw,HASHIMOTO Honoka (JPN),WU Yangchen (CHN),HASHIMOTO Honoka
ITTF Challenge Belarus Open Minsk 2019,2019-10-30,ZHANG Sofia-Xuan,KIM Haeun,4,1,"11,11,6,11,13|7,8,11,4,11",R16,OLYMPICS,WS,2042,Main Draw,ZHANG Sofia-Xuan (ESP),KIM Haeun (KOR),ZHANG Sofia-Xuan
ITTF Challenge Belarus Open Minsk 2019,2019-10-30,JARVIS Tom,BADOWSKI Marek,4,1,"11,14,11,8,11|8,12,7,11,9",R16,OLYMPICS,MS,2042,Main Draw,BADOWSKI Marek (POL),JARVIS Tom (ENG),JARVIS Tom
ITTF Challenge Belarus Open Minsk 2019,2019-10-30,LEBESSON Emmanuel,MENG Fanbo,4,0,"11,12,11,11|8,10,5,5",R16,OLYMPICS,MS,2042,Main Draw,LEBESSON Emmanuel (FRA),MENG Fanbo (GER),LEBESSON Emmanuel
ITTF Challenge Belarus Open Minsk 2019,2019-10-30,YUAN Licen,CHAPLYGIN Maxim,4,3,"12,11,11,11,13,9,11|14,5,9,7,15,11,5",R16,OLYMPICS,MS,2042,Main Draw,CHAPLYGIN Maxim (RUS),YUAN Licen (CHN),YUAN Licen
ITTF Challenge Belarus Open Minsk 2019,2019-10-30,XU Yingbin,SAI Linwei,4,3,"12,7,11,11,9,11,11|10,11,7,13,11,8,7",R16,OLYMPICS,MS,2042,Main Draw,SAI Linwei (CHN),XU Yingbin (CHN),XU Yingbin
ITTF Challenge Belarus Open Minsk 2019,2019-10-30,UDA Yukiya,PLATONOV Pavel,4,0,"11,11,11,11|7,7,9,9",R16,OLYMPICS,MS,2042,Main Draw,PLATONOV Pavel (BLR),UDA Yukiya (JPN),UDA Yukiya
ITTF Challenge Belarus Open Minsk 2019,2019-10-30,FLORE Tristan,TOKIC Bojan,4,1,"11,11,9,11,11|5,8,11,9,9",R16,OLYMPICS,MS,2042,Main Draw,FLORE Tristan (FRA),TOKIC Bojan (SLO),FLORE Tristan
ITTF Challenge Belarus Open Minsk 2019,2019-10-30,QIU Dang,XUE Fei,4,3,"4,11,11,6,7,11,13|11,6,7,11,11,6,11",R16,OLYMPICS,MS,2042,Main Draw,QIU Dang (GER),XUE Fei (CHN),QIU Dang
ITTF Challenge Belarus Open Minsk 2019,2019-10-30,KALLBERG Anton,ISMAILOV Sadi,4,3,"7,11,14,11,11,8,11|11,7,12,13,5,11,7",R16,OLYMPICS,MS,2042,Main Draw,ISMAILOV Sadi (RUS),KALLBERG Anton (SWE),KALLBERG Anton
ITTF Challenge Belarus Open Minsk 2019,2019-10-30,SAI Linwei,ROLLAND Jules,3,1,"11,7,11,13|6,11,7,11",F,OLYMPICS,U21MS,2042,Main Draw,SAI Linwei (CHN),ROLLAND Jules (FRA),SAI Linwei
ITTF Challenge Belarus Open Minsk 2019,2019-10-30,SHI Xunyao,WEGRZYN Katarzyna,3,1,"13,9,11,11|11,11,4,4",F,OLYMPICS,U21WS,2042,Main Draw,WEGRZYN Katarzyna (POL),SHI Xunyao (CHN),SHI Xunyao
ITTF Challenge Belarus Open Minsk 2019,2019-10-30,ODO Satsuki/SHIBATA Saki,GARCIA Ana/ZHANG Sofia-Xuan,3,2,"15,10,6,11,11|13,12,11,6,7",SF,OLYMPICS,WD,2042,Main Draw,ODO Satsuki (JPN) / SHIBATA Saki (JPN),GARCIA Ana (ESP) / ZHANG Sofia-Xuan (ESP),ODO Satsuki
ITTF Challenge Belarus Open Minsk 2019,2019-10-30,WEGRZYN Anna/WEGRZYN Katarzyna,FENG Yalan/ZHANG Qiang,3,1,"7,11,11,11|11,9,4,7",SF,OLYMPICS,WD,2042,Main Draw,WEGRZYN Anna (POL) / WEGRZYN Katarzyna (POL),FENG Yalan (CHN) / ZHANG Qiang (CHN),WEGRZYN Anna
ITTF Challenge Belarus Open Minsk 2019,2019-10-30,XU Haidong/ZHAO Zhaoyan,KIZUKURI Yuto/TANAKA Yuta,3,0,"11,11,11|6,5,8",SF,OLYMPICS,MD,2042,Main Draw,XU Haidong (CHN) / ZHAO Zhaoyan (CHN),KIZUKURI Yuto (JPN) / TANAKA Yuta (JPN),XU Haidong
ITTF Challenge Belarus Open Minsk 2019,2019-10-30,SHINOZUKA Hiroto/SONE Kakeru,REMBERT Bastien/ROLLAND Jules,3,1,"9,11,11,11|11,6,2,8",SF,OLYMPICS,MD,2042,Main Draw,SHINOZUKA Hiroto (JPN) / SONE Kakeru (JPN),REMBERT Bastien (FRA) / ROLLAND Jules (FRA),SHINOZUKA Hiroto
ITTF Challenge Belarus Open Minsk 2019,2019-10-30,FAN Siqi,YANG Xiaoxin,4,0,"11,11,11,13|9,8,8,11",QF,OLYMPICS,WS,2042,Main Draw,YANG Xiaoxin (MON),FAN Siqi (CHN),FAN Siqi
ITTF Challenge Belarus Open Minsk 2019,2019-10-30,ZHANG Qiang,FENG Yalan,4,1,"11,11,10,12,12|7,8,12,10,10",QF,OLYMPICS,WS,2042,Main Draw,ZHANG Qiang (CHN),FENG Yalan (CHN),ZHANG Qiang
ITTF Challenge Belarus Open Minsk 2019,2019-10-30,HASHIMOTO Honoka,KUAI Man,4,1,"11,11,8,11,11|6,5,11,3,7",QF,OLYMPICS,WS,2042,Main Draw,HASHIMOTO Honoka (JPN),KUAI Man (CHN),HASHIMOTO Honoka
ITTF Challenge Belarus Open Minsk 2019,2019-10-30,HAYATA Hina,ZHANG Sofia-Xuan,4,0,"11,11,11,11|4,4,3,2",QF,OLYMPICS,WS,2042,Main Draw,ZHANG Sofia-Xuan (ESP),HAYATA Hina (JPN),HAYATA Hina
ITTF Challenge Belarus Open Minsk 2019,2019-10-30,LEBESSON Emmanuel,JARVIS Tom,4,0,"12,11,11,11|10,3,3,5",QF,OLYMPICS,MS,2042,Main Draw,LEBESSON Emmanuel (FRA),JARVIS Tom (ENG),LEBESSON Emmanuel
ITTF Challenge Belarus Open Minsk 2019,2019-10-30,XU Yingbin,YUAN Licen,4,0,"11,11,11,13|3,8,7,11",QF,OLYMPICS,MS,2042,Main Draw,YUAN Licen (CHN),XU Yingbin (CHN),XU Yingbin
ITTF Challenge Belarus Open Minsk 2019,2019-10-30,FLORE Tristan,QIU Dang,4,2,"11,11,11,8,7,13|8,8,4,11,11,11",QF,OLYMPICS,MS,2042,Main Draw,QIU Dang (GER),FLORE Tristan (FRA),FLORE Tristan
ITTF Challenge Belarus Open Minsk 2019,2019-10-30,UDA Yukiya,KALLBERG Anton,4,1,"11,11,11,12,11|13,6,7,10,7",QF,OLYMPICS,MS,2042,Main Draw,KALLBERG Anton (SWE),UDA Yukiya (JPN),UDA Yukiya
ITTF Challenge Belarus Open Minsk 2019,2019-10-30,FAN Siqi,ZHANG Qiang,4,2,"11,9,4,11,11,11|9,11,11,4,8,9",SF,OLYMPICS,WS,2042,Main Draw,ZHANG Qiang (CHN),FAN Siqi (CHN),FAN Siqi
ITTF Challenge Belarus Open Minsk 2019,2019-10-30,HAYATA Hina,HASHIMOTO Honoka,4,2,"9,11,11,11,11,11|11,4,4,8,13,9",SF,OLYMPICS,WS,2042,Main Draw,HASHIMOTO Honoka (JPN),HAYATA Hina (JPN),HAYATA Hina
ITTF Challenge Belarus Open Minsk 2019,2019-10-30,LEBESSON Emmanuel,XU Yingbin,4,3,"6,5,11,7,11,11,11|11,11,6,11,3,4,9",SF,OLYMPICS,MS,2042,Main Draw,LEBESSON Emmanuel (FRA),XU Yingbin (CHN),LEBESSON Emmanuel
ITTF Challenge Belarus Open Minsk 2019,2019-10-30,UDA Yukiya,FLORE Tristan,4,1,"10,11,11,11,11|12,7,8,5,6",SF,OLYMPICS,MS,2042,Main Draw,UDA Yukiya (JPN),FLORE Tristan (FRA),UDA Yukiya
ITTF Challenge Belarus Open Minsk 2019,2019-10-30,ODO Satsuki/SHIBATA Saki,WEGRZYN Anna/WEGRZYN Katarzyna,3,1,"7,11,11,11|11,5,4,5",F,OLYMPICS,WD,2042,Main Draw,ODO Satsuki (JPN) / SHIBATA Saki (JPN),WEGRZYN Anna (POL) / WEGRZYN Katarzyna (POL),ODO Satsuki
ITTF Challenge Belarus Open Minsk 2019,2019-10-30,XU Haidong/ZHAO Zhaoyan,SHINOZUKA Hiroto/SONE Kakeru,3,0,"15,11,11|13,7,7",F,OLYMPICS,MD,2042,Main Draw,XU Haidong (CHN) / ZHAO Zhaoyan (CHN),SHINOZUKA Hiroto (JPN) / SONE Kakeru (JPN),XU Haidong
ITTF Challenge Belarus Open Minsk 2019,2019-10-30,HAYATA Hina,FAN Siqi,4,2,"8,11,11,11,7,13|11,9,8,5,11,11",F,OLYMPICS,WS,2042,Main Draw,FAN Siqi (CHN),HAYATA Hina (JPN),HAYATA Hina
ITTF Challenge Belarus Open Minsk 2019,2019-10-30,LEBESSON Emmanuel,UDA Yukiya,4,0,"12,12,13,11|10,10,11,5",F,OLYMPICS,MS,2042,Main Draw,LEBESSON Emmanuel (FRA),UDA Yukiya (JPN),LEBESSON Emmanuel
