tournament,date,player_a,player_b,score_a,score_b,game_scores,round,tier,sub_event,event_id,stage,player_a_raw,player_b_raw,winner_raw
European Championships 2024,2024-10-15,PETKOV Vladimir/VELICHKOV Yoan,NIELSEN Ivik/SCHULTZ Rune,3,0,"11,11,11|2,6,3",QR64,OTHER,MD,3101,Qualification,PETKOV Vladimir (BUL) / VELICHKOV Yoan (BUL),NIELSEN Ivik (GRL) / SCHULTZ Rune (GRL),PETKOV Vladimir
European Championships 2024,2024-10-15,APOLONIA Tiago/MONTEIRO Joao,GUNDUZ Ibrahim/YIGENLER Abdullah,3,1,"11,14,11,11|4,16,6,7",QR64,OTHER,MD,3101,Qualification,APOLONIA Tiago (POR) / MONTEIRO Joao (POR),GUNDUZ Ibrahim (TUR) / YIGENLER Abdullah (TUR),APOLONIA Tiago
European Championships 2024,2024-10-15,LEHTLAAN Pert/MOOS Madis,BAJWA Danny/JOHNSON Martin,3,0,"11,11,11|8,1,3",QR64,OTHER,MD,3101,Qualification,LEHTLAAN Pert (EST) / MOOS Madis (EST),BAJWA Danny (SCO) / JOHNSON Martin (SCO),LEHTLAAN Pert
European Championships 2024,2024-10-15,KARTUZOVS Olegs/MASKALONOKS Aleksandrs,GIARDI Federico/MONGIUSTI Mattias,3,2,"11,5,2,11,11|6,11,11,5,6",QR64,OTHER,MD,3101,Qualification,KARTUZOVS Olegs (LAT) / MASKALONOKS Aleksandrs (LAT),GIARDI Federico (SMR) / MONGIUSTI Mattias (SMR),KARTUZOVS Olegs
European Championships 2024,2024-10-15,AVIVI Itay/SHUSHAN Eitay,HASANOV Hilal/MAMMADOV Nihad,3,0,"11,11,12|4,6,10",QR64,OTHER,MD,3101,Qualification,AVIVI Itay (ISR) / SHUSHAN Eitay (ISR),HASANOV Hilal (AZE) / MAMMADOV Nihad (AZE),AVIVI Itay
European Championships 2024,2024-10-15,GREBENIUK Andrii/ZAVADA Mykyta,RODRIGUEZ Ingi Darvis/SANDHOLT Matthias,3,1,"9,11,11,11|11,7,3,6",QR64,OTHER,MD,3101,Qualification,GREBENIUK Andrii (UKR) / ZAVADA Mykyta (UKR),RODRIGUEZ Ingi Darvis (ISL) / SANDHOLT Matthias (ISL),GREBENIUK Andrii
European Championships 2024,2024-10-15,SGOUROPOULOS Ioannis/STAMATOUROS Georgios,KOGANS Daniels/ZEIMYS Kestutis,3,1,"11,11,11,11|9,13,2,5",QR64,OTHER,MD,3101,Qualification,SGOUROPOULOS Ioannis (GRE) / STAMATOUROS Georgios (GRE),KOGANS Daniels (LAT) / ZEIMYS Kestutis (LTU),SGOUROPOULOS Ioannis
European Championships 2024,2024-10-15,MLADENOVIC Luka/VAN OOST Kas,SPALIS Arturs/STANOJKOVSKI Kristijan,3,1,"11,11,7,11|6,6,11,8",QR64,OTHER,MD,3101,Qualification,MLADENOVIC Luka (LUX) / VAN OOST Kas (NED),SPALIS Arturs  (LAT) / STANOJKOVSKI Kristijan (MKD),MLADENOVIC Luka
European Championships 2024,2024-10-15,VOVK PETROVSKI Brin/RASANEN Aleksi,CAMARA Gabrielius/DE BOER Milo,3,2,"7,11,8,11,11|11,7,11,4,9",QR64,OTHER,MD,3101,Qualification,VOVK PETROVSKI Brin (SLO) / RASANEN Aleksi (FIN),CAMARA Gabrielius (NED) / DE BOER Milo (NED),VOVK PETROVSKI Brin
European Championships 2024,2024-10-15,ANGELAKIS Konstantinos/WANG Yang,FROSETH Martin/LAM Khai,3,1,"11,8,11,11|6,11,7,6",QR32,OTHER,MD,3101,Qualification,ANGELAKIS Konstantinos (GRE) / WANG Yang (SVK),FROSETH Martin (NOR) / LAM Khai (NOR),ANGELAKIS Konstantinos
European Championships 2024,2024-10-15,DE LAS HERAS Rafael/PEREZ Juan,PETKOV Vladimir/VELICHKOV Yoan,3,0,"11,12,11|8,10,7",QR32,OTHER,MD,3101,Qualification,DE LAS HERAS Rafael (ESP) / PEREZ Juan (ESP),PETKOV Vladimir (BUL) / VELICHKOV Yoan (BUL),DE LAS HERAS Rafael
European Championships 2024,2024-10-15,APOLONIA Tiago/MONTEIRO Joao,KUNATS Heorhi/SHUTOV Nikon,3,1,"11,9,11,11|1,11,9,8",QR32,OTHER,MD,3101,Qualification,APOLONIA Tiago (POR) / MONTEIRO Joao (POR),KUNATS Heorhi (AIN) / SHUTOV Nikon (AIN),APOLONIA Tiago
European Championships 2024,2024-10-15,GREEN Connor/ISIK Hakan,LEHTLAAN Pert/MOOS Madis,3,0,"11,11,11|6,4,9",QR32,OTHER,MD,3101,Qualification,GREEN Connor (ENG) / ISIK Hakan (TUR),LEHTLAAN Pert (EST) / MOOS Madis (EST),GREEN Connor
European Championships 2024,2024-10-15,PUTUNTICA Andrei/LEVAJAC Dimitrije,YIANGOU Marios/ABRAMOV Natanel,3,1,"11,11,6,11|6,8,11,5",QR32,OTHER,MD,3101,Qualification,PUTUNTICA Andrei (MDA) / LEVAJAC Dimitrije (SRB),YIANGOU Marios (CYP) / ABRAMOV Natanel  (ISR),PUTUNTICA Andrei
European Championships 2024,2024-10-15,MUTTI Matteo/PUPPO Andrea,KARTUZOVS Olegs/MASKALONOKS Aleksandrs,3,0,"11,11,11|6,3,2",QR32,OTHER,MD,3101,Qualification,MUTTI Matteo (ITA) / PUPPO Andrea (ITA),KARTUZOVS Olegs (LAT) / MASKALONOKS Aleksandrs (LAT),MUTTI Matteo
European Championships 2024,2024-10-15,BERTELSMEIER Andre/MENG Fanbo,KVETON Ondrej/VALENTA Jan,3,2,"11,11,10,13,12|3,4,12,15,10",QR32,OTHER,MD,3101,Qualification,BERTELSMEIER Andre (GER) / MENG Fanbo (GER),KVETON Ondrej (CZE) / VALENTA Jan (CZE),BERTELSMEIER Andre
European Championships 2024,2024-10-15,KOLODZIEJCZYK Maciej/URSU Vladislav,BAN Ivor/BENKO Leon,3,2,"8,11,11,8,11|11,3,5,11,2",QR32,OTHER,MD,3101,Qualification,KOLODZIEJCZYK Maciej (AUT) / URSU Vladislav (MDA),BAN Ivor (CRO) / BENKO Leon (CRO),KOLODZIEJCZYK Maciej
European Championships 2024,2024-10-15,JANCARIK Lubomir/SIRUCEK Pavel,LIU Zhenlong/ZALEWSKI Mateusz,3,1,"11,9,11,11|9,11,9,9",QR32,OTHER,MD,3101,Qualification,JANCARIK Lubomir (CZE) / SIRUCEK Pavel (CZE),LIU Zhenlong (AUT) / ZALEWSKI Mateusz (POL),JANCARIK Lubomir
European Championships 2024,2024-10-15,ROBLES Alvaro/IONESCU Ovidiu,AVIVI Itay/SHUSHAN Eitay,3,0,"11,11,11|4,7,8",QR32,OTHER,MD,3101,Qualification,ROBLES Alvaro (ESP) / IONESCU Ovidiu (ROU),AVIVI Itay (ISR) / SHUSHAN Eitay (ISR),ROBLES Alvaro
European Championships 2024,2024-10-15,GREBENIUK Andrii/ZAVADA Mykyta,CHRISTENSEN Thor/TSCHANZ Cedric,3,1,"11,11,7,11|5,9,11,5",QR32,OTHER,MD,3101,Qualification,GREBENIUK Andrii (UKR) / ZAVADA Mykyta (UKR),CHRISTENSEN Thor (DEN) / TSCHANZ Cedric (SUI),GREBENIUK Andrii
European Championships 2024,2024-10-15,GACINA Andrej/LIND Anders,SGOUROPOULOS Ioannis/STAMATOUROS Georgios,3,0,"11,11,11|6,9,8",QR32,OTHER,MD,3101,Qualification,GACINA Andrej (CRO) / LIND Anders (DEN),SGOUROPOULOS Ioannis (GRE) / STAMATOUROS Georgios (GRE),GACINA Andrej
European Championships 2024,2024-10-15,NAUMI Alex/OLAH Benedek,RIMKUS Lukas/SISANOVAS Ignas,3,0,"11,11,13|6,3,11",QR32,OTHER,MD,3101,Qualification,NAUMI Alex (FIN) / OLAH Benedek (FIN),RIMKUS Lukas (LTU) / SISANOVAS Ignas (LTU),NAUMI Alex
European Championships 2024,2024-10-15,LIMONOV Anton/ZHMUDENKO Yaroslav,TEPIC Pero/GACEV Aleksa,3,1,"7,11,11,11|11,6,4,8",QR32,OTHER,MD,3101,Qualification,LIMONOV Anton (UKR) / ZHMUDENKO Yaroslav (UKR),TEPIC Pero (SRB) / GACEV Aleksa (SRB),LIMONOV Anton
European Championships 2024,2024-10-15,MLADENOVIC Luka/VAN OOST Kas,HARDMEIER Elias/MOULLET Barish,3,2,"10,11,11,5,15|12,7,6,11,13",QR32,OTHER,MD,3101,Qualification,MLADENOVIC Luka (LUX) / VAN OOST Kas (NED),HARDMEIER Elias (SUI) / MOULLET Barish (SUI),MLADENOVIC Luka
European Championships 2024,2024-10-15,BUCH Martin/GROTH Jonathan,VOVK PETROVSKI Brin/RASANEN Aleksi,3,0,"11,11,11|8,7,8",QR32,OTHER,MD,3101,Qualification,BUCH Martin (DEN) / GROTH Jonathan (DEN),VOVK PETROVSKI Brin (SLO) / RASANEN Aleksi (FIN),BUCH Martin
European Championships 2024,2024-10-15,ROBLES Alvaro/IONESCU Ovidiu,ECSEKI Nandor/SZUDI Adam,3,0,"11,11,11|7,6,8",R32,OTHER,MD,3101,Main Draw,ROBLES Alvaro (ESP) / IONESCU Ovidiu (ROU),ECSEKI Nandor (HUN) / SZUDI Adam (HUN),ROBLES Alvaro
European Championships 2024,2024-10-15,ANGELAKIS Konstantinos/WANG Yang,PITCHFORD Liam/WALKER Samuel,3,2,"11,7,10,11,11|7,11,12,7,8",R32,OTHER,MD,3101,Main Draw,ANGELAKIS Konstantinos (GRE) / WANG Yang (SVK),PITCHFORD Liam (ENG) / WALKER Samuel (ENG),ANGELAKIS Konstantinos
European Championships 2024,2024-10-15,NUYTINCK Cedric/PISTEJ Lubomir,DE LAS HERAS Rafael/PEREZ Juan,3,1,"12,11,11,11|14,6,7,7",R32,OTHER,MD,3101,Main Draw,NUYTINCK Cedric (BEL) / PISTEJ Lubomir (SVK),DE LAS HERAS Rafael (ESP) / PEREZ Juan (ESP),NUYTINCK Cedric
European Championships 2024,2024-10-15,KARLSSON Mattias/KARLSSON Kristian,LIMONOV Anton/ZHMUDENKO Yaroslav,3,0,"11,11,11|8,9,6",R32,OTHER,MD,3101,Main Draw,KARLSSON Mattias (SWE) / KARLSSON Kristian (SWE),LIMONOV Anton (UKR) / ZHMUDENKO Yaroslav (UKR),KARLSSON Mattias
European Championships 2024,2024-10-15,BERTELSMEIER Andre/MENG Fanbo,IONESCU Eduard/MOVILEANU Darius,3,1,"14,13,10,11|12,11,12,7",R32,OTHER,MD,3101,Main Draw,BERTELSMEIER Andre (GER) / MENG Fanbo (GER),IONESCU Eduard (ROU) / MOVILEANU Darius (ROU),BERTELSMEIER Andre
European Championships 2024,2024-10-15,GARDOS Robert/HABESOHN Daniel,PUTUNTICA Andrei/LEVAJAC Dimitrije,3,2,"7,11,11,7,11|11,6,8,11,8",R32,OTHER,MD,3101,Main Draw,GARDOS Robert (AUT) / HABESOHN Daniel (AUT),PUTUNTICA Andrei (MDA) / LEVAJAC Dimitrije (SRB),GARDOS Robert
European Championships 2024,2024-10-15,KUBIK Maciej/REDZIMSKI Milosz,APOLONIA Tiago/MONTEIRO Joao,3,2,"7,11,7,11,11|11,6,11,9,4",R32,OTHER,MD,3101,Main Draw,KUBIK Maciej (POL) / REDZIMSKI Milosz (POL),APOLONIA Tiago (POR) / MONTEIRO Joao (POR),KUBIK Maciej
European Championships 2024,2024-10-15,KALLBERG Anton/MOREGARD Truls,GACINA Andrej/LIND Anders,3,0,"14,12,11|12,10,4",R32,OTHER,MD,3101,Main Draw,KALLBERG Anton (SWE) / MOREGARD Truls (SWE),GACINA Andrej (CRO) / LIND Anders (DEN),KALLBERG Anton
European Championships 2024,2024-10-15,LEBRUN Alexis/LEBRUN Felix,BUCH Martin/GROTH Jonathan,3,1,"9,11,11,11|11,6,5,9",R32,OTHER,MD,3101,Main Draw,LEBRUN Alexis (FRA) / LEBRUN Felix (FRA),BUCH Martin (DEN) / GROTH Jonathan (DEN),LEBRUN Alexis
European Championships 2024,2024-10-15,KOLODZIEJCZYK Maciej/URSU Vladislav,ALLEGRO Martin/RASSENFOSSE Adrien,3,2,"8,9,11,11,11|11,11,5,6,5",R32,OTHER,MD,3101,Main Draw,KOLODZIEJCZYK Maciej (AUT) / URSU Vladislav (MDA),ALLEGRO Martin (BEL) / RASSENFOSSE Adrien (BEL),KOLODZIEJCZYK Maciej
European Championships 2024,2024-10-15,PUCAR Tomislav/JORGIC Darko,GREEN Connor/ISIK Hakan,3,0,"11,11,11|5,4,8",R32,OTHER,MD,3101,Main Draw,PUCAR Tomislav (CRO) / JORGIC Darko (SLO),GREEN Connor (ENG) / ISIK Hakan (TUR),PUCAR Tomislav
European Championships 2024,2024-10-15,HRIBAR Peter/KOZUL Deni,GREBENIUK Andrii/ZAVADA Mykyta,3,1,"11,8,11,11|9,11,9,6",R32,OTHER,MD,3101,Main Draw,HRIBAR Peter (SLO) / KOZUL Deni (SLO),GREBENIUK Andrii (UKR) / ZAVADA Mykyta (UKR),HRIBAR Peter
European Championships 2024,2024-10-15,BOURRASSAUD Florian/DORR Esteban,JANCARIK Lubomir/SIRUCEK Pavel,3,0,"12,11,11|10,7,9",R32,OTHER,MD,3101,Main Draw,BOURRASSAUD Florian (FRA) / DORR Esteban (FRA),JANCARIK Lubomir (CZE) / SIRUCEK Pavel (CZE),BOURRASSAUD Florian
European Championships 2024,2024-10-15,DUDA Benedikt/QIU Dang,MLADENOVIC Luka/VAN OOST Kas,3,1,"9,11,11,11|11,6,6,4",R32,OTHER,MD,3101,Main Draw,DUDA Benedikt (GER) / QIU Dang (GER),MLADENOVIC Luka (LUX) / VAN OOST Kas (NED),DUDA Benedikt
European Championships 2024,2024-10-15,LAMBIET Florent/HAUG Borgar,NAUMI Alex/OLAH Benedek,3,1,"11,7,11,11|6,11,7,8",R32,OTHER,MD,3101,Main Draw,LAMBIET Florent (BEL) / HAUG Borgar (NOR),NAUMI Alex (FIN) / OLAH Benedek (FIN),LAMBIET Florent
European Championships 2024,2024-10-15,MUTTI Matteo/PUPPO Andrea,LEI Balazs/ARPAS Samuel,3,2,"11,4,4,11,11|9,11,11,4,9",R32,OTHER,MD,3101,Main Draw,MUTTI Matteo (ITA) / PUPPO Andrea (ITA),LEI Balazs (HUN) / ARPAS Samuel (SVK),MUTTI Matteo
European Championships 2024,2024-10-15,NUYTINCK Cedric/PISTEJ Lubomir,ANGELAKIS Konstantinos/WANG Yang,3,0,"11,12,13|6,10,11",R16,OTHER,MD,3101,Main Draw,NUYTINCK Cedric (BEL) / PISTEJ Lubomir (SVK),ANGELAKIS Konstantinos (GRE) / WANG Yang (SVK),NUYTINCK Cedric
European Championships 2024,2024-10-15,HRIBAR Peter/KOZUL Deni,BOURRASSAUD Florian/DORR Esteban,3,2,"12,4,5,11,11|10,11,11,7,8",R16,OTHER,MD,3101,Main Draw,HRIBAR Peter (SLO) / KOZUL Deni (SLO),BOURRASSAUD Florian (FRA) / DORR Esteban (FRA),HRIBAR Peter
European Championships 2024,2024-10-15,KARLSSON Mattias/KARLSSON Kristian,BERTELSMEIER Andre/MENG Fanbo,3,0,"13,11,12|11,3,10",R16,OTHER,MD,3101,Main Draw,KARLSSON Mattias (SWE) / KARLSSON Kristian (SWE),BERTELSMEIER Andre (GER) / MENG Fanbo (GER),KARLSSON Mattias
European Championships 2024,2024-10-15,KUBIK Maciej/REDZIMSKI Milosz,LAMBIET Florent/HAUG Borgar,3,0,"11,11,11|4,5,8",R16,OTHER,MD,3101,Main Draw,KUBIK Maciej (POL) / REDZIMSKI Milosz (POL),LAMBIET Florent (BEL) / HAUG Borgar (NOR),KUBIK Maciej
European Championships 2024,2024-10-15,LEBRUN Alexis/LEBRUN Felix,ROBLES Alvaro/IONESCU Ovidiu,3,1,"11,11,8,14|9,6,11,12",R16,OTHER,MD,3101,Main Draw,LEBRUN Alexis (FRA) / LEBRUN Felix (FRA),ROBLES Alvaro (ESP) / IONESCU Ovidiu (ROU),LEBRUN Alexis
European Championships 2024,2024-10-15,KOLODZIEJCZYK Maciej/URSU Vladislav,PUCAR Tomislav/JORGIC Darko,3,2,"12,12,9,3,11|10,10,11,11,7",R16,OTHER,MD,3101,Main Draw,KOLODZIEJCZYK Maciej (AUT) / URSU Vladislav (MDA),PUCAR Tomislav (CRO) / JORGIC Darko (SLO),KOLODZIEJCZYK Maciej
European Championships 2024,2024-10-15,DUDA Benedikt/QIU Dang,GARDOS Robert/HABESOHN Daniel,3,0,"13,11,11|11,9,6",R16,OTHER,MD,3101,Main Draw,DUDA Benedikt (GER) / QIU Dang (GER),GARDOS Robert (AUT) / HABESOHN Daniel (AUT),DUDA Benedikt
European Championships 2024,2024-10-15,KALLBERG Anton/MOREGARD Truls,MUTTI Matteo/PUPPO Andrea,3,0,"11,11,11|3,7,8",R16,OTHER,MD,3101,Main Draw,KALLBERG Anton (SWE) / MOREGARD Truls (SWE),MUTTI Matteo (ITA) / PUPPO Andrea (ITA),KALLBERG Anton
European Championships 2024,2024-10-15,LEBRUN Alexis/LEBRUN Felix,NUYTINCK Cedric/PISTEJ Lubomir,3,0,"11,11,11|6,7,2",QF,OTHER,MD,3101,Main Draw,LEBRUN Alexis (FRA) / LEBRUN Felix (FRA),NUYTINCK Cedric (BEL) / PISTEJ Lubomir (SVK),LEBRUN Alexis
European Championships 2024,2024-10-15,KOLODZIEJCZYK Maciej/URSU Vladislav,HRIBAR Peter/KOZUL Deni,3,0,"11,16,12|9,14,10",QF,OTHER,MD,3101,Main Draw,KOLODZIEJCZYK Maciej (AUT) / URSU Vladislav (MDA),HRIBAR Peter (SLO) / KOZUL Deni (SLO),KOLODZIEJCZYK Maciej
European Championships 2024,2024-10-15,KARLSSON Mattias/KARLSSON Kristian,DUDA Benedikt/QIU Dang,3,2,"9,11,11,8,11|11,6,7,11,7",QF,OTHER,MD,3101,Main Draw,KARLSSON Mattias (SWE) / KARLSSON Kristian (SWE),DUDA Benedikt (GER) / QIU Dang (GER),KARLSSON Mattias
European Championships 2024,2024-10-15,KALLBERG Anton/MOREGARD Truls,KUBIK Maciej/REDZIMSKI Milosz,3,1,"11,11,3,13|9,8,11,11",QF,OTHER,MD,3101,Main Draw,KALLBERG Anton (SWE) / MOREGARD Truls (SWE),KUBIK Maciej (POL) / REDZIMSKI Milosz (POL),KALLBERG Anton
European Championships 2024,2024-10-15,LEBRUN Alexis/LEBRUN Felix,KOLODZIEJCZYK Maciej/URSU Vladislav,3,0,"11,11,11|5,9,3",SF,OTHER,MD,3101,Main Draw,LEBRUN Alexis (FRA) / LEBRUN Felix (FRA),KOLODZIEJCZYK Maciej (AUT) / URSU Vladislav (MDA),LEBRUN Alexis
European Championships 2024,2024-10-15,KALLBERG Anton/MOREGARD Truls,KARLSSON Mattias/KARLSSON Kristian,3,0,"12,11,11|10,6,2",SF,OTHER,MD,3101,Main Draw,KALLBERG Anton (SWE) / MOREGARD Truls (SWE),KARLSSON Mattias (SWE) / KARLSSON Kristian (SWE),KALLBERG Anton
European Championships 2024,2024-10-15,LEBRUN Alexis/LEBRUN Felix,KALLBERG Anton/MOREGARD Truls,3,0,"11,11,11|2,6,8",F,OTHER,MD,3101,Main Draw,LEBRUN Alexis (FRA) / LEBRUN Felix (FRA),KALLBERG Anton (SWE) / MOREGARD Truls (SWE),LEBRUN Alexis
European Championships 2024,2024-10-15,MONTEIRO Joao,GREBENIUK Andrii,3,1,"11,11,5,11|9,5,11,8",QUAL,OTHER,MS,3101,Qualification,MONTEIRO Joao (POR),GREBENIUK Andrii (UKR),MONTEIRO Joao
European Championships 2024,2024-10-15,MONTEIRO Joao,FROSETH Martin,3,0,"12,11,11|10,4,7",QUAL,OTHER,MS,3101,Qualification,MONTEIRO Joao (POR),FROSETH Martin (NOR),MONTEIRO Joao
European Championships 2024,2024-10-15,GREBENIUK Andrii,FROSETH Martin,3,0,"11,11,11|5,7,9",QUAL,OTHER,MS,3101,Qualification,GREBENIUK Andrii (UKR),FROSETH Martin (NOR),GREBENIUK Andrii
European Championships 2024,2024-10-15,OLAH Benedek,KOGANS Daniels,3,0,"11,12,11|6,10,6",QUAL,OTHER,MS,3101,Qualification,OLAH Benedek (FIN),KOGANS Daniels (LAT),OLAH Benedek
European Championships 2024,2024-10-15,OLAH Benedek,SIRUCEK Pavel,3,1,"11,11,11,11|9,5,13,9",QUAL,OTHER,MS,3101,Qualification,OLAH Benedek (FIN),SIRUCEK Pavel (CZE),OLAH Benedek
European Championships 2024,2024-10-15,SIRUCEK Pavel,KOGANS Daniels,3,0,"11,11,11|5,9,1",QUAL,OTHER,MS,3101,Qualification,SIRUCEK Pavel (CZE),KOGANS Daniels (LAT),SIRUCEK Pavel
European Championships 2024,2024-10-15,HAUG Borgar,KVETON Ondrej,3,1,"11,11,9,11|6,4,11,8",QUAL,OTHER,MS,3101,Qualification,HAUG Borgar (NOR),KVETON Ondrej (CZE),HAUG Borgar
European Championships 2024,2024-10-15,YIGENLER Abdullah,HAUG Borgar,3,2,"6,11,12,4,11|11,5,10,11,9",QUAL,OTHER,MS,3101,Qualification,YIGENLER Abdullah (TUR),HAUG Borgar (NOR),YIGENLER Abdullah
European Championships 2024,2024-10-15,KVETON Ondrej,YIGENLER Abdullah,3,2,"11,7,11,5,14|8,11,3,11,12",QUAL,OTHER,MS,3101,Qualification,KVETON Ondrej (CZE),YIGENLER Abdullah (TUR),KVETON Ondrej
European Championships 2024,2024-10-15,NUYTINCK Cedric,SHUTOV Nikon,3,0,"11,11,11|9,7,9",QUAL,OTHER,MS,3101,Qualification,NUYTINCK Cedric (BEL),SHUTOV Nikon (AIN),NUYTINCK Cedric
European Championships 2024,2024-10-15,NUYTINCK Cedric,ISIK Hakan,3,0,"11,11,12|2,3,10",QUAL,OTHER,MS,3101,Qualification,NUYTINCK Cedric (BEL),ISIK Hakan (TUR),NUYTINCK Cedric
European Championships 2024,2024-10-15,SHUTOV Nikon,ISIK Hakan,3,1,"7,11,11,11|11,9,8,8",QUAL,OTHER,MS,3101,Qualification,SHUTOV Nikon (AIN),ISIK Hakan (TUR),SHUTOV Nikon
European Championships 2024,2024-10-15,LEVENKO Andreas,GIARDI Federico,3,0,"11,11,11|4,5,1",QUAL,OTHER,MS,3101,Qualification,LEVENKO Andreas (AUT),GIARDI Federico (SMR),LEVENKO Andreas
European Championships 2024,2024-10-15,LEVENKO Andreas,VOVK PETROVSKI Brin,3,1,"11,4,12,11|3,11,10,9",QUAL,OTHER,MS,3101,Qualification,LEVENKO Andreas (AUT),VOVK PETROVSKI Brin (SLO),LEVENKO Andreas
European Championships 2024,2024-10-15,VOVK PETROVSKI Brin,GIARDI Federico,3,1,"11,11,11,11|13,6,3,6",QUAL,OTHER,MS,3101,Qualification,VOVK PETROVSKI Brin (SLO),GIARDI Federico (SMR),VOVK PETROVSKI Brin
European Championships 2024,2024-10-15,VAN OOST Kas,ZELJKO Filip,3,0,"11,11,11|6,8,8",QUAL,OTHER,MS,3101,Qualification,VAN OOST Kas (NED),ZELJKO Filip (CRO),VAN OOST Kas
European Championships 2024,2024-10-15,ZELJKO Filip,GACEV Aleksa,3,0,"11,11,11|5,5,8",QUAL,OTHER,MS,3101,Qualification,ZELJKO Filip (CRO),GACEV Aleksa (SRB),ZELJKO Filip
European Championships 2024,2024-10-15,GACEV Aleksa,VAN OOST Kas,3,2,"8,9,12,11,11|11,11,10,9,6",QUAL,OTHER,MS,3101,Qualification,GACEV Aleksa (SRB),VAN OOST Kas (NED),GACEV Aleksa
European Championships 2024,2024-10-15,KUBIK Maciej,HARDMEIER Elias,3,0,"11,11,11|4,6,8",QUAL,OTHER,MS,3101,Qualification,KUBIK Maciej (POL),HARDMEIER Elias (SUI),KUBIK Maciej
European Championships 2024,2024-10-15,KUBIK Maciej,LIU Zhenlong,3,0,"11,11,11|9,5,8",QUAL,OTHER,MS,3101,Qualification,KUBIK Maciej (POL),LIU Zhenlong (AUT),KUBIK Maciej
European Championships 2024,2024-10-15,HARDMEIER Elias,LIU Zhenlong,3,2,"11,14,11,11,11|13,12,6,13,9",QUAL,OTHER,MS,3101,Qualification,HARDMEIER Elias (SUI),LIU Zhenlong (AUT),HARDMEIER Elias
European Championships 2024,2024-10-15,JANCARIK Lubomir,DE BOER Milo,3,1,"11,11,7,11|6,8,11,7",QUAL,OTHER,MS,3101,Qualification,JANCARIK Lubomir (CZE),DE BOER Milo (NED),JANCARIK Lubomir
European Championships 2024,2024-10-15,JANCARIK Lubomir,TSCHANZ Cedric,3,0,"11,11,11|2,5,4",QUAL,OTHER,MS,3101,Qualification,JANCARIK Lubomir (CZE),TSCHANZ Cedric (SUI),JANCARIK Lubomir
European Championships 2024,2024-10-15,DE BOER Milo,TSCHANZ Cedric,3,2,"11,12,9,9,11|6,10,11,11,9",QUAL,OTHER,MS,3101,Qualification,DE BOER Milo (NED),TSCHANZ Cedric (SUI),DE BOER Milo
European Championships 2024,2024-10-15,GARDOS Robert,LAM Khai,3,0,"11,11,11|8,4,2",QUAL,OTHER,MS,3101,Qualification,GARDOS Robert (AUT),LAM Khai (NOR),GARDOS Robert
European Championships 2024,2024-10-15,GARDOS Robert,NAUMI Alex,3,1,"9,11,11,12|11,7,1,10",QUAL,OTHER,MS,3101,Qualification,GARDOS Robert (AUT),NAUMI Alex (FIN),GARDOS Robert
European Championships 2024,2024-10-15,LAM Khai,NAUMI Alex,3,2,"13,10,11,3,11|11,12,6,11,8",QUAL,OTHER,MS,3101,Qualification,LAM Khai (NOR),NAUMI Alex (FIN),LAM Khai
European Championships 2024,2024-10-15,PISTEJ Lubomir,RASANEN Aleksi,3,0,"11,11,16|6,9,14",QUAL,OTHER,MS,3101,Qualification,PISTEJ Lubomir (SVK),RASANEN Aleksi (FIN),PISTEJ Lubomir
European Championships 2024,2024-10-15,PISTEJ Lubomir,VALENTA Jan,3,0,"11,12,11|6,10,7",QUAL,OTHER,MS,3101,Qualification,PISTEJ Lubomir (SVK),VALENTA Jan (CZE),PISTEJ Lubomir
European Championships 2024,2024-10-15,VALENTA Jan,RASANEN Aleksi,3,0,"11,11,11|4,7,7",QUAL,OTHER,MS,3101,Qualification,VALENTA Jan (CZE),RASANEN Aleksi (FIN),VALENTA Jan
European Championships 2024,2024-10-15,MUTTI Matteo,MONGIUSTI Mattias,3,0,"15,11,11|13,7,4",QUAL,OTHER,MS,3101,Qualification,MUTTI Matteo (ITA),MONGIUSTI Mattias (SMR),MUTTI Matteo
European Championships 2024,2024-10-15,MUTTI Matteo,CHRISTENSEN Thor,3,2,"11,12,4,10,12|5,10,11,12,10",QUAL,OTHER,MS,3101,Qualification,MUTTI Matteo (ITA),CHRISTENSEN Thor (DEN),MUTTI Matteo
European Championships 2024,2024-10-15,CHRISTENSEN Thor,MONGIUSTI Mattias,3,1,"11,11,7,11|8,5,11,1",QUAL,OTHER,MS,3101,Qualification,CHRISTENSEN Thor (DEN),MONGIUSTI Mattias (SMR),CHRISTENSEN Thor
European Championships 2024,2024-10-15,ISTRATE Andrei,YIANGOU Marios,3,1,"11,14,11,11|6,16,3,4",QUAL,OTHER,MS,3101,Qualification,ISTRATE Andrei (ROU),YIANGOU Marios (CYP),ISTRATE Andrei
European Championships 2024,2024-10-15,URSU Vladislav,ISTRATE Andrei,3,1,"12,11,11,11|14,3,8,6",QUAL,OTHER,MS,3101,Qualification,URSU Vladislav (MDA),ISTRATE Andrei (ROU),URSU Vladislav
European Championships 2024,2024-10-15,URSU Vladislav,YIANGOU Marios,3,0,"11,11,11|6,6,5",QUAL,OTHER,MS,3101,Qualification,URSU Vladislav (MDA),YIANGOU Marios (CYP),URSU Vladislav
European Championships 2024,2024-10-15,BERTELSMEIER Andre,MOULLET Barish,3,0,"11,11,11|7,8,2",QUAL,OTHER,MS,3101,Qualification,BERTELSMEIER Andre (GER),MOULLET Barish (SUI),BERTELSMEIER Andre
European Championships 2024,2024-10-15,BERTELSMEIER Andre,LIMONOV Anton,3,1,"8,11,11,11|11,3,4,8",QUAL,OTHER,MS,3101,Qualification,BERTELSMEIER Andre (GER),LIMONOV Anton (UKR),BERTELSMEIER Andre
European Championships 2024,2024-10-15,MOULLET Barish,LIMONOV Anton,3,2,"8,11,11,7,11|11,8,3,11,7",QUAL,OTHER,MS,3101,Qualification,MOULLET Barish (SUI),LIMONOV Anton (UKR),MOULLET Barish
European Championships 2024,2024-10-15,RASSENFOSSE Adrien,STAMATOUROS Georgios,3,2,"5,11,11,7,13|11,6,3,11,11",QUAL,OTHER,MS,3101,Qualification,RASSENFOSSE Adrien (BEL),STAMATOUROS Georgios (GRE),RASSENFOSSE Adrien
European Championships 2024,2024-10-15,RASSENFOSSE Adrien,VALUCH Alexander,3,1,"8,11,11,11|11,3,6,7",QUAL,OTHER,MS,3101,Qualification,RASSENFOSSE Adrien (BEL),VALUCH Alexander (SVK),RASSENFOSSE Adrien
European Championships 2024,2024-10-15,STAMATOUROS Georgios,VALUCH Alexander,3,1,"11,14,8,11|8,12,11,6",QUAL,OTHER,MS,3101,Qualification,STAMATOUROS Georgios (GRE),VALUCH Alexander (SVK),STAMATOUROS Georgios
European Championships 2024,2024-10-15,MENG Fanbo,PETKOV Vladimir,3,0,"11,13,11|7,11,7",QUAL,OTHER,MS,3101,Qualification,MENG Fanbo (GER),PETKOV Vladimir (BUL),MENG Fanbo
European Championships 2024,2024-10-15,MENG Fanbo,GREEN Connor,3,1,"10,11,11,11|12,8,6,4",QUAL,OTHER,MS,3101,Qualification,MENG Fanbo (GER),GREEN Connor (ENG),MENG Fanbo
European Championships 2024,2024-10-15,GREEN Connor,PETKOV Vladimir,3,1,"11,11,11,11|8,5,13,2",QUAL,OTHER,MS,3101,Qualification,GREEN Connor (ENG),PETKOV Vladimir (BUL),GREEN Connor
European Championships 2024,2024-10-15,ANDRAS Csaba,TEPIC Pero,3,0,"11,11,11|4,4,5",QUAL,OTHER,MS,3101,Qualification,ANDRAS Csaba (HUN),TEPIC Pero (SRB),ANDRAS Csaba
European Championships 2024,2024-10-15,ANGELAKIS Konstantinos,ANDRAS Csaba,3,2,"11,11,7,10,11|5,3,11,12,9",QUAL,OTHER,MS,3101,Qualification,ANGELAKIS Konstantinos (GRE),ANDRAS Csaba (HUN),ANGELAKIS Konstantinos
European Championships 2024,2024-10-15,ANGELAKIS Konstantinos,TEPIC Pero,3,1,"11,11,9,11|6,7,11,8",QUAL,OTHER,MS,3101,Qualification,ANGELAKIS Konstantinos (GRE),TEPIC Pero (SRB),ANGELAKIS Konstantinos
European Championships 2024,2024-10-15,ZHMUDENKO Yaroslav,SPALIS Arturs,3,0,"11,11,11|4,1,3",QUAL,OTHER,MS,3101,Qualification,ZHMUDENKO Yaroslav (UKR),SPALIS Arturs  (LAT),ZHMUDENKO Yaroslav
European Championships 2024,2024-10-15,ZHMUDENKO Yaroslav,PUPPO Andrea,3,2,"11,11,9,11,11|13,7,11,5,7",QUAL,OTHER,MS,3101,Qualification,ZHMUDENKO Yaroslav (UKR),PUPPO Andrea (ITA),ZHMUDENKO Yaroslav
European Championships 2024,2024-10-15,PUPPO Andrea,SPALIS Arturs,3,0,"11,11,11|4,7,5",QUAL,OTHER,MS,3101,Qualification,PUPPO Andrea (ITA),SPALIS Arturs  (LAT),PUPPO Andrea
European Championships 2024,2024-10-15,CHIRITA Iulian,KUNATS Heorhi,3,0,"11,11,11|6,5,5",QUAL,OTHER,MS,3101,Qualification,CHIRITA Iulian (ROU),KUNATS Heorhi (AIN),CHIRITA Iulian
European Championships 2024,2024-10-15,CHIRITA Iulian,CAMARA Gabrielius,3,1,"11,9,11,11|3,11,2,9",QUAL,OTHER,MS,3101,Qualification,CHIRITA Iulian (ROU),CAMARA Gabrielius (NED),CHIRITA Iulian
European Championships 2024,2024-10-15,CAMARA Gabrielius,KUNATS Heorhi,3,2,"7,8,11,11,11|11,11,5,5,5",QUAL,OTHER,MS,3101,Qualification,CAMARA Gabrielius (NED),KUNATS Heorhi (AIN),CAMARA Gabrielius
European Championships 2024,2024-10-15,MOVILEANU Darius,BAJWA Danny,3,0,"11,15,11|3,13,9",QUAL,OTHER,MS,3101,Qualification,MOVILEANU Darius (ROU),BAJWA Danny (SCO),MOVILEANU Darius
European Championships 2024,2024-10-15,MOVILEANU Darius,RZIHAUSCHEK Julian,3,0,"11,11,11|9,6,5",QUAL,OTHER,MS,3101,Qualification,MOVILEANU Darius (ROU),RZIHAUSCHEK Julian (AUT),MOVILEANU Darius
European Championships 2024,2024-10-15,RZIHAUSCHEK Julian,BAJWA Danny,3,1,"11,11,11,11|7,7,13,9",QUAL,OTHER,MS,3101,Qualification,RZIHAUSCHEK Julian (AUT),BAJWA Danny (SCO),RZIHAUSCHEK Julian
European Championships 2024,2024-10-15,KOLODZIEJCZYK Maciej,NIELSEN Ivik,3,0,"11,11,12|6,7,10",QUAL,OTHER,MS,3101,Qualification,KOLODZIEJCZYK Maciej (AUT),NIELSEN Ivik (GRL),KOLODZIEJCZYK Maciej
European Championships 2024,2024-10-15,VELICHKOV Yoan,KOLODZIEJCZYK Maciej,3,0,"11,11,12|8,8,10",QUAL,OTHER,MS,3101,Qualification,VELICHKOV Yoan (BUL),KOLODZIEJCZYK Maciej (AUT),VELICHKOV Yoan
European Championships 2024,2024-10-15,VELICHKOV Yoan,NIELSEN Ivik,3,0,"11,11,11|2,5,7",QUAL,OTHER,MS,3101,Qualification,VELICHKOV Yoan (BUL),NIELSEN Ivik (GRL),VELICHKOV Yoan
European Championships 2024,2024-10-15,ARPAS Samuel,AVIVI Itay,3,0,"11,11,11|4,6,3",QUAL,OTHER,MS,3101,Qualification,ARPAS Samuel (SVK),AVIVI Itay (ISR),ARPAS Samuel
European Championships 2024,2024-10-15,ARPAS Samuel,SISANOVAS Ignas,3,2,"5,11,5,11,11|11,7,11,8,5",QUAL,OTHER,MS,3101,Qualification,ARPAS Samuel (SVK),SISANOVAS Ignas (LTU),ARPAS Samuel
European Championships 2024,2024-10-15,AVIVI Itay,SISANOVAS Ignas,3,1,"11,7,11,11|7,11,6,7",QUAL,OTHER,MS,3101,Qualification,AVIVI Itay (ISR),SISANOVAS Ignas (LTU),AVIVI Itay
European Championships 2024,2024-10-15,BAN Ivor,MASKALONOKS Aleksandrs,3,0,"11,11,11|8,6,8",QUAL,OTHER,MS,3101,Qualification,BAN Ivor (CRO),MASKALONOKS Aleksandrs (LAT),BAN Ivor
European Championships 2024,2024-10-15,LAKATOS Tamas,BAN Ivor,3,2,"10,11,11,7,11|12,2,9,11,9",QUAL,OTHER,MS,3101,Qualification,LAKATOS Tamas (HUN),BAN Ivor (CRO),LAKATOS Tamas
European Championships 2024,2024-10-15,LAKATOS Tamas,MASKALONOKS Aleksandrs,3,2,"10,11,11,9,11|12,6,9,11,6",QUAL,OTHER,MS,3101,Qualification,LAKATOS Tamas (HUN),MASKALONOKS Aleksandrs (LAT),LAKATOS Tamas
European Championships 2024,2024-10-15,SGOUROPOULOS Ioannis,SANDHOLT Matthias,3,0,"11,11,11|6,7,3",QUAL,OTHER,MS,3101,Qualification,SGOUROPOULOS Ioannis (GRE),SANDHOLT Matthias (ISL),SGOUROPOULOS Ioannis
European Championships 2024,2024-10-15,SGOUROPOULOS Ioannis,BENKO Leon,3,1,"9,11,11,11|11,8,5,6",QUAL,OTHER,MS,3101,Qualification,SGOUROPOULOS Ioannis (GRE),BENKO Leon (CRO),SGOUROPOULOS Ioannis
European Championships 2024,2024-10-15,BENKO Leon,SANDHOLT Matthias,3,2,"11,11,8,10,11|4,9,11,12,5",QUAL,OTHER,MS,3101,Qualification,BENKO Leon (CRO),SANDHOLT Matthias (ISL),BENKO Leon
European Championships 2024,2024-10-15,SZUDI Adam,KARTUZOVS Olegs,3,0,"11,11,13|3,4,11",QUAL,OTHER,MS,3101,Qualification,SZUDI Adam (HUN),KARTUZOVS Olegs (LAT),SZUDI Adam
European Championships 2024,2024-10-15,PUTUNTICA Andrei,SZUDI Adam,3,1,"11,11,7,12|7,9,11,10",QUAL,OTHER,MS,3101,Qualification,PUTUNTICA Andrei (MDA),SZUDI Adam (HUN),PUTUNTICA Andrei
European Championships 2024,2024-10-15,PUTUNTICA Andrei,KARTUZOVS Olegs,3,0,"11,11,11|3,4,6",QUAL,OTHER,MS,3101,Qualification,PUTUNTICA Andrei (MDA),KARTUZOVS Olegs (LAT),PUTUNTICA Andrei
European Championships 2024,2024-10-15,OYEBODE John,MOOS Madis,3,0,"11,11,11|9,5,5",QUAL,OTHER,MS,3101,Qualification,OYEBODE John (ITA),MOOS Madis (EST),OYEBODE John
European Championships 2024,2024-10-15,OYEBODE John,PEREZ Juan,3,2,"10,11,11,7,11|12,8,5,11,7",QUAL,OTHER,MS,3101,Qualification,OYEBODE John (ITA),PEREZ Juan (ESP),OYEBODE John
European Championships 2024,2024-10-15,PEREZ Juan,MOOS Madis,3,1,"11,6,11,11|4,11,7,5",QUAL,OTHER,MS,3101,Qualification,PEREZ Juan (ESP),MOOS Madis (EST),PEREZ Juan
European Championships 2024,2024-10-15,JARVIS Tom,LEHTLAAN Pert,3,0,"11,11,11|5,5,2",QUAL,OTHER,MS,3101,Qualification,JARVIS Tom (ENG),LEHTLAAN Pert (EST),JARVIS Tom
European Championships 2024,2024-10-15,ECSEKI Nandor,JARVIS Tom,3,2,"4,11,8,11,11|11,6,11,9,9",QUAL,OTHER,MS,3101,Qualification,ECSEKI Nandor (HUN),JARVIS Tom (ENG),ECSEKI Nandor
European Championships 2024,2024-10-15,ECSEKI Nandor,LEHTLAAN Pert,3,0,"11,11,11|6,7,6",QUAL,OTHER,MS,3101,Qualification,ECSEKI Nandor (HUN),LEHTLAAN Pert (EST),ECSEKI Nandor
European Championships 2024,2024-10-15,LEVAJAC Dimitrije,MAMMADOV Nihad,3,0,"11,11,11|4,8,4",QUAL,OTHER,MS,3101,Qualification,LEVAJAC Dimitrije (SRB),MAMMADOV Nihad (AZE),LEVAJAC Dimitrije
European Championships 2024,2024-10-15,LEVAJAC Dimitrije,LEI Balazs,3,1,"11,4,11,11|7,11,9,6",QUAL,OTHER,MS,3101,Qualification,LEVAJAC Dimitrije (SRB),LEI Balazs (HUN),LEVAJAC Dimitrije
European Championships 2024,2024-10-15,LEI Balazs,MAMMADOV Nihad,3,0,"11,11,11|6,2,3",QUAL,OTHER,MS,3101,Qualification,LEI Balazs (HUN),MAMMADOV Nihad (AZE),LEI Balazs
European Championships 2024,2024-10-15,ZAVADA Mykyta,SCHULTZ Rune,3,0,"11,11,11|7,4,6",QUAL,OTHER,MS,3101,Qualification,ZAVADA Mykyta (UKR),SCHULTZ Rune (GRL),ZAVADA Mykyta
European Championships 2024,2024-10-15,WALKER Samuel,SHUSHAN Eitay,3,1,"13,11,9,11|11,7,11,7",QUAL,OTHER,MS,3101,Qualification,WALKER Samuel (ENG),SHUSHAN Eitay (ISR),WALKER Samuel
European Championships 2024,2024-10-15,WALKER Samuel,ZAVADA Mykyta,3,0,"11,11,11|8,6,7",QUAL,OTHER,MS,3101,Qualification,WALKER Samuel (ENG),ZAVADA Mykyta (UKR),WALKER Samuel
European Championships 2024,2024-10-15,SHUSHAN Eitay,SCHULTZ Rune,3,0,"11,11,11|2,2,7",QUAL,OTHER,MS,3101,Qualification,SHUSHAN Eitay (ISR),SCHULTZ Rune (GRL),SHUSHAN Eitay
European Championships 2024,2024-10-15,WALKER Samuel,SCHULTZ Rune,3,0,"11,11,11|2,7,3",QUAL,OTHER,MS,3101,Qualification,WALKER Samuel (ENG),SCHULTZ Rune (GRL),WALKER Samuel
European Championships 2024,2024-10-15,SHUSHAN Eitay,ZAVADA Mykyta,3,2,"11,14,5,5,11|5,12,11,11,9",QUAL,OTHER,MS,3101,Qualification,SHUSHAN Eitay (ISR),ZAVADA Mykyta (UKR),SHUSHAN Eitay
European Championships 2024,2024-10-15,ZALEWSKI Mateusz,HASANOV Hilal,3,0,"11,11,11|5,2,7",QUAL,OTHER,MS,3101,Qualification,ZALEWSKI Mateusz (POL),HASANOV Hilal (AZE),ZALEWSKI Mateusz
European Championships 2024,2024-10-15,GUNDUZ Ibrahim,RIMKUS Lukas,3,1,"11,11,11,11|13,8,3,3",QUAL,OTHER,MS,3101,Qualification,GUNDUZ Ibrahim (TUR),RIMKUS Lukas (LTU),GUNDUZ Ibrahim
European Championships 2024,2024-10-15,ZALEWSKI Mateusz,GUNDUZ Ibrahim,3,1,"11,11,9,13|6,6,11,11",QUAL,OTHER,MS,3101,Qualification,ZALEWSKI Mateusz (POL),GUNDUZ Ibrahim (TUR),ZALEWSKI Mateusz
European Championships 2024,2024-10-15,RIMKUS Lukas,HASANOV Hilal,3,0,"11,15,11|7,13,7",QUAL,OTHER,MS,3101,Qualification,RIMKUS Lukas (LTU),HASANOV Hilal (AZE),RIMKUS Lukas
European Championships 2024,2024-10-15,GUNDUZ Ibrahim,HASANOV Hilal,3,0,"11,11,11|8,7,4",QUAL,OTHER,MS,3101,Qualification,GUNDUZ Ibrahim (TUR),HASANOV Hilal (AZE),GUNDUZ Ibrahim
European Championships 2024,2024-10-15,ZALEWSKI Mateusz,RIMKUS Lukas,3,0,"11,11,11|5,6,9",QUAL,OTHER,MS,3101,Qualification,ZALEWSKI Mateusz (POL),RIMKUS Lukas (LTU),ZALEWSKI Mateusz
European Championships 2024,2024-10-15,MAJOROS Bence,ABRAMOV Natanel,3,0,"11,11,12|7,6,10",QUAL,OTHER,MS,3101,Qualification,MAJOROS Bence (HUN),ABRAMOV Natanel  (ISR),MAJOROS Bence
European Championships 2024,2024-10-15,HRIBAR Peter,ZEIMYS Kestutis,3,0,"11,11,11|9,5,8",QUAL,OTHER,MS,3101,Qualification,HRIBAR Peter (SLO),ZEIMYS Kestutis (LTU),HRIBAR Peter
European Championships 2024,2024-10-15,HRIBAR Peter,MAJOROS Bence,3,2,"11,9,11,8,11|5,11,6,11,7",QUAL,OTHER,MS,3101,Qualification,HRIBAR Peter (SLO),MAJOROS Bence (HUN),HRIBAR Peter
European Championships 2024,2024-10-15,ZEIMYS Kestutis,ABRAMOV Natanel,3,2,"11,6,11,13,11|6,11,6,15,8",QUAL,OTHER,MS,3101,Qualification,ZEIMYS Kestutis (LTU),ABRAMOV Natanel  (ISR),ZEIMYS Kestutis
European Championships 2024,2024-10-15,HRIBAR Peter,ABRAMOV Natanel,3,0,"15,11,11|13,3,6",QUAL,OTHER,MS,3101,Qualification,HRIBAR Peter (SLO),ABRAMOV Natanel  (ISR),HRIBAR Peter
European Championships 2024,2024-10-15,MAJOROS Bence,ZEIMYS Kestutis,3,0,"11,11,12|5,5,10",QUAL,OTHER,MS,3101,Qualification,MAJOROS Bence (HUN),ZEIMYS Kestutis (LTU),MAJOROS Bence
European Championships 2024,2024-10-15,LAMBIET Florent,JOHNSON Martin,3,1,"11,9,11,11|7,11,4,3",QUAL,OTHER,MS,3101,Qualification,LAMBIET Florent (BEL),JOHNSON Martin (SCO),LAMBIET Florent
European Championships 2024,2024-10-15,BERGLUND Simon,DE LAS HERAS Rafael,3,1,"11,11,8,12|8,7,11,10",QUAL,OTHER,MS,3101,Qualification,BERGLUND Simon (SWE),DE LAS HERAS Rafael (ESP),BERGLUND Simon
European Championships 2024,2024-10-15,LAMBIET Florent,DE LAS HERAS Rafael,3,2,"11,7,11,6,11|5,11,4,11,9",QUAL,OTHER,MS,3101,Qualification,LAMBIET Florent (BEL),DE LAS HERAS Rafael (ESP),LAMBIET Florent
European Championships 2024,2024-10-15,BERGLUND Simon,JOHNSON Martin,3,0,"11,11,11|8,6,2",QUAL,OTHER,MS,3101,Qualification,BERGLUND Simon (SWE),JOHNSON Martin (SCO),BERGLUND Simon
European Championships 2024,2024-10-15,DE LAS HERAS Rafael,JOHNSON Martin,3,0,"11,11,11|0,0,0",QUAL,OTHER,MS,3101,Qualification,DE LAS HERAS Rafael (ESP),JOHNSON Martin (SCO),DE LAS HERAS Rafael
European Championships 2024,2024-10-15,BERGLUND Simon,LAMBIET Florent,3,1,"11,11,4,12|3,5,11,10",QUAL,OTHER,MS,3101,Qualification,BERGLUND Simon (SWE),LAMBIET Florent (BEL),BERGLUND Simon
European Championships 2024,2024-10-15,ABIODUN Tiago,RODRIGUEZ Ingi Darvis,3,0,"11,11,11|7,6,5",QUAL,OTHER,MS,3101,Qualification,ABIODUN Tiago (POR),RODRIGUEZ Ingi Darvis (ISL),ABIODUN Tiago
European Championships 2024,2024-10-15,BUCH Martin,STANOJKOVSKI Kristijan,3,0,"11,11,11|8,6,6",QUAL,OTHER,MS,3101,Qualification,BUCH Martin (DEN),STANOJKOVSKI Kristijan (MKD),BUCH Martin
European Championships 2024,2024-10-15,ABIODUN Tiago,BUCH Martin,3,1,"11,11,11,11|13,8,8,7",QUAL,OTHER,MS,3101,Qualification,ABIODUN Tiago (POR),BUCH Martin (DEN),ABIODUN Tiago
European Championships 2024,2024-10-15,RODRIGUEZ Ingi Darvis,STANOJKOVSKI Kristijan,3,1,"10,11,11,11|12,7,5,2",QUAL,OTHER,MS,3101,Qualification,RODRIGUEZ Ingi Darvis (ISL),STANOJKOVSKI Kristijan (MKD),RODRIGUEZ Ingi Darvis
European Championships 2024,2024-10-15,BUCH Martin,RODRIGUEZ Ingi Darvis,3,0,"11,11,11|5,4,7",QUAL,OTHER,MS,3101,Qualification,BUCH Martin (DEN),RODRIGUEZ Ingi Darvis (ISL),BUCH Martin
European Championships 2024,2024-10-15,ABIODUN Tiago,STANOJKOVSKI Kristijan,3,0,"11,11,11|4,8,2",QUAL,OTHER,MS,3101,Qualification,ABIODUN Tiago (POR),STANOJKOVSKI Kristijan (MKD),ABIODUN Tiago
European Championships 2024,2024-10-15,MONTEIRO Joao,ANDRAS Csaba,3,1,"8,11,12,11|11,5,10,5",QR64,OTHER,MS,3101,Qualification,MONTEIRO Joao (POR),ANDRAS Csaba (HUN),MONTEIRO Joao
European Championships 2024,2024-10-15,OLAH Benedek,GREEN Connor,3,2,"11,11,9,9,11|9,4,11,11,8",QR64,OTHER,MS,3101,Qualification,OLAH Benedek (FIN),GREEN Connor (ENG),OLAH Benedek
European Championships 2024,2024-10-15,HAUG Borgar,STAMATOUROS Georgios,3,0,"12,12,11|10,10,1",QR64,OTHER,MS,3101,Qualification,HAUG Borgar (NOR),STAMATOUROS Georgios (GRE),HAUG Borgar
European Championships 2024,2024-10-15,NUYTINCK Cedric,MOULLET Barish,3,1,"9,11,11,11|11,1,4,6",QR64,OTHER,MS,3101,Qualification,NUYTINCK Cedric (BEL),MOULLET Barish (SUI),NUYTINCK Cedric
European Championships 2024,2024-10-15,LEVENKO Andreas,ISTRATE Andrei,3,0,"11,11,11|6,1,5",QR64,OTHER,MS,3101,Qualification,LEVENKO Andreas (AUT),ISTRATE Andrei (ROU),LEVENKO Andreas
European Championships 2024,2024-10-15,VAN OOST Kas,CHRISTENSEN Thor,3,2,"11,11,9,15,15|13,9,11,13,13",QR64,OTHER,MS,3101,Qualification,VAN OOST Kas (NED),CHRISTENSEN Thor (DEN),VAN OOST Kas
European Championships 2024,2024-10-15,KUBIK Maciej,VALENTA Jan,3,1,"6,11,11,11|11,6,9,4",QR64,OTHER,MS,3101,Qualification,KUBIK Maciej (POL),VALENTA Jan (CZE),KUBIK Maciej
European Championships 2024,2024-10-15,JANCARIK Lubomir,LAM Khai,3,1,"8,11,11,11|11,4,6,9",QR64,OTHER,MS,3101,Qualification,JANCARIK Lubomir (CZE),LAM Khai (NOR),JANCARIK Lubomir
European Championships 2024,2024-10-15,GARDOS Robert,DE BOER Milo,3,0,"16,11,11|14,6,5",QR64,OTHER,MS,3101,Qualification,GARDOS Robert (AUT),DE BOER Milo (NED),GARDOS Robert
European Championships 2024,2024-10-15,PISTEJ Lubomir,HARDMEIER Elias,3,2,"10,13,11,6,11|12,11,6,11,9",QR64,OTHER,MS,3101,Qualification,PISTEJ Lubomir (SVK),HARDMEIER Elias (SUI),PISTEJ Lubomir
European Championships 2024,2024-10-15,ZELJKO Filip,MUTTI Matteo,3,2,"3,16,11,8,11|11,14,8,11,6",QR64,OTHER,MS,3101,Qualification,ZELJKO Filip (CRO),MUTTI Matteo (ITA),ZELJKO Filip
European Championships 2024,2024-10-15,URSU Vladislav,VOVK PETROVSKI Brin,3,1,"7,11,11,11|11,5,3,5",QR64,OTHER,MS,3101,Qualification,URSU Vladislav (MDA),VOVK PETROVSKI Brin (SLO),URSU Vladislav
European Championships 2024,2024-10-15,BERTELSMEIER Andre,SHUTOV Nikon,3,0,"11,11,11|6,8,9",QR64,OTHER,MS,3101,Qualification,BERTELSMEIER Andre (GER),SHUTOV Nikon (AIN),BERTELSMEIER Andre
European Championships 2024,2024-10-15,YIGENLER Abdullah,RASSENFOSSE Adrien,3,2,"11,11,5,6,12|8,9,11,11,10",QR64,OTHER,MS,3101,Qualification,YIGENLER Abdullah (TUR),RASSENFOSSE Adrien (BEL),YIGENLER Abdullah
European Championships 2024,2024-10-15,SIRUCEK Pavel,MENG Fanbo,3,2,"7,9,11,14,11|11,11,4,12,9",QR64,OTHER,MS,3101,Qualification,SIRUCEK Pavel (CZE),MENG Fanbo (GER),SIRUCEK Pavel
European Championships 2024,2024-10-15,ANGELAKIS Konstantinos,GREBENIUK Andrii,3,0,"11,11,11|3,8,5",QR64,OTHER,MS,3101,Qualification,ANGELAKIS Konstantinos (GRE),GREBENIUK Andrii (UKR),ANGELAKIS Konstantinos
European Championships 2024,2024-10-15,ZHMUDENKO Yaroslav,BUCH Martin,3,0,"11,11,11|6,9,4",QR64,OTHER,MS,3101,Qualification,ZHMUDENKO Yaroslav (UKR),BUCH Martin (DEN),ZHMUDENKO Yaroslav
European Championships 2024,2024-10-15,LAMBIET Florent,CHIRITA Iulian,3,2,"5,10,11,11,11|11,12,6,7,8",QR64,OTHER,MS,3101,Qualification,LAMBIET Florent (BEL),CHIRITA Iulian (ROU),LAMBIET Florent
European Championships 2024,2024-10-15,MAJOROS Bence,MOVILEANU Darius,3,0,"11,12,11|7,10,4",QR64,OTHER,MS,3101,Qualification,MAJOROS Bence (HUN),MOVILEANU Darius (ROU),MAJOROS Bence
European Championships 2024,2024-10-15,VELICHKOV Yoan,GUNDUZ Ibrahim,3,2,"11,11,4,9,11|8,7,11,11,9",QR64,OTHER,MS,3101,Qualification,VELICHKOV Yoan (BUL),GUNDUZ Ibrahim (TUR),VELICHKOV Yoan
European Championships 2024,2024-10-15,LEI Balazs,ARPAS Samuel,3,1,"11,11,13,11|4,8,15,4",QR64,OTHER,MS,3101,Qualification,LEI Balazs (HUN),ARPAS Samuel (SVK),LEI Balazs
European Championships 2024,2024-10-15,LAKATOS Tamas,SHUSHAN Eitay,3,0,"11,11,13|2,8,11",QR64,OTHER,MS,3101,Qualification,LAKATOS Tamas (HUN),SHUSHAN Eitay (ISR),LAKATOS Tamas
European Championships 2024,2024-10-15,SGOUROPOULOS Ioannis,JARVIS Tom,3,2,"11,10,12,6,11|6,12,10,11,8",QR64,OTHER,MS,3101,Qualification,SGOUROPOULOS Ioannis (GRE),JARVIS Tom (ENG),SGOUROPOULOS Ioannis
European Championships 2024,2024-10-15,PEREZ Juan,PUTUNTICA Andrei,3,2,"5,7,11,11,11|11,11,9,8,9",QR64,OTHER,MS,3101,Qualification,PEREZ Juan (ESP),PUTUNTICA Andrei (MDA),PEREZ Juan
European Championships 2024,2024-10-15,SZUDI Adam,OYEBODE John,3,2,"11,9,11,9,11|9,11,5,11,5",QR64,OTHER,MS,3101,Qualification,SZUDI Adam (HUN),OYEBODE John (ITA),SZUDI Adam
European Championships 2024,2024-10-15,ECSEKI Nandor,BENKO Leon,3,0,"11,11,11|8,8,9",QR64,OTHER,MS,3101,Qualification,ECSEKI Nandor (HUN),BENKO Leon (CRO),ECSEKI Nandor
European Championships 2024,2024-10-15,BAN Ivor,LEVAJAC Dimitrije,3,1,"11,11,8,11|8,8,11,9",QR64,OTHER,MS,3101,Qualification,BAN Ivor (CRO),LEVAJAC Dimitrije (SRB),BAN Ivor
European Championships 2024,2024-10-15,WALKER Samuel,AVIVI Itay,3,0,"11,11,12|7,6,10",QR64,OTHER,MS,3101,Qualification,WALKER Samuel (ENG),AVIVI Itay (ISR),WALKER Samuel
European Championships 2024,2024-10-15,KOLODZIEJCZYK Maciej,ZALEWSKI Mateusz,3,2,"5,11,11,10,11|11,8,9,12,8",QR64,OTHER,MS,3101,Qualification,KOLODZIEJCZYK Maciej (AUT),ZALEWSKI Mateusz (POL),KOLODZIEJCZYK Maciej
European Championships 2024,2024-10-15,RZIHAUSCHEK Julian,HRIBAR Peter,3,2,"9,6,14,11,11|11,11,12,3,8",QR64,OTHER,MS,3101,Qualification,RZIHAUSCHEK Julian (AUT),HRIBAR Peter (SLO),RZIHAUSCHEK Julian
European Championships 2024,2024-10-15,CAMARA Gabrielius,BERGLUND Simon,3,2,"11,9,5,11,11|5,11,11,8,9",QR64,OTHER,MS,3101,Qualification,CAMARA Gabrielius (NED),BERGLUND Simon (SWE),CAMARA Gabrielius
European Championships 2024,2024-10-15,ABIODUN Tiago,PUPPO Andrea,3,1,"11,11,6,11|9,6,11,5",QR64,OTHER,MS,3101,Qualification,ABIODUN Tiago (POR),PUPPO Andrea (ITA),ABIODUN Tiago
European Championships 2024,2024-10-15,LEBRUN Felix,YIGENLER Abdullah,4,0,"11,11,11,11|6,5,5,7",R64,OTHER,MS,3101,Main Draw,LEBRUN Felix (FRA),YIGENLER Abdullah (TUR),LEBRUN Felix
European Championships 2024,2024-10-15,KARLSSON Mattias,JANCARIK Lubomir,4,1,"11,11,11,5,11|9,8,8,11,8",R64,OTHER,MS,3101,Main Draw,KARLSSON Mattias (SWE),JANCARIK Lubomir (CZE),KARLSSON Mattias
European Championships 2024,2024-10-15,DUDA Benedikt,ECSEKI Nandor,4,0,"12,11,12,11|10,7,10,5",R64,OTHER,MS,3101,Main Draw,DUDA Benedikt (GER),ECSEKI Nandor (HUN),DUDA Benedikt
European Championships 2024,2024-10-15,PISTEJ Lubomir,HABESOHN Daniel,4,1,"11,4,11,11,12|5,11,8,8,10",R64,OTHER,MS,3101,Main Draw,PISTEJ Lubomir (SVK),HABESOHN Daniel (AUT),PISTEJ Lubomir
European Championships 2024,2024-10-15,PEREZ Juan,GROTH Jonathan,4,3,"6,8,13,11,7,14,11|11,11,11,8,11,12,8",R64,OTHER,MS,3101,Main Draw,PEREZ Juan (ESP),GROTH Jonathan (DEN),PEREZ Juan
European Championships 2024,2024-10-15,ALLEGRO Martin,VELICHKOV Yoan,4,0,"11,11,11,11|3,6,6,9",R64,OTHER,MS,3101,Main Draw,ALLEGRO Martin (BEL),VELICHKOV Yoan (BUL),ALLEGRO Martin
European Championships 2024,2024-10-15,BAN Ivor,KOZUL Deni,4,3,"11,4,7,11,12,7,13|8,11,11,3,10,11,11",R64,OTHER,MS,3101,Main Draw,BAN Ivor (CRO),KOZUL Deni (SLO),BAN Ivor
European Championships 2024,2024-10-15,KARLSSON Kristian,MONTEIRO Joao,4,0,"11,11,11,11|9,2,3,9",R64,OTHER,MS,3101,Main Draw,KARLSSON Kristian (SWE),MONTEIRO Joao (POR),KARLSSON Kristian
European Championships 2024,2024-10-15,OVTCHAROV Dimitrij,SGOUROPOULOS Ioannis,4,1,"11,11,11,4,11|3,5,8,11,9",R64,OTHER,MS,3101,Main Draw,OVTCHAROV Dimitrij (GER),SGOUROPOULOS Ioannis (GRE),OVTCHAROV Dimitrij
European Championships 2024,2024-10-15,FREITAS Marcos,VAN OOST Kas,4,0,"11,11,11,12|8,7,6,10",R64,OTHER,MS,3101,Main Draw,FREITAS Marcos (POR),VAN OOST Kas (NED),FREITAS Marcos
European Championships 2024,2024-10-15,GACINA Andrej,NUYTINCK Cedric,4,0,"11,11,11,11|5,9,7,5",R64,OTHER,MS,3101,Main Draw,GACINA Andrej (CRO),NUYTINCK Cedric (BEL),GACINA Andrej
European Championships 2024,2024-10-15,FRANZISKA Patrick,RZIHAUSCHEK Julian,4,0,"11,11,11,11|8,4,6,7",R64,OTHER,MS,3101,Main Draw,FRANZISKA Patrick (GER),RZIHAUSCHEK Julian (AUT),FRANZISKA Patrick
European Championships 2024,2024-10-15,REDZIMSKI Milosz,ZHMUDENKO Yaroslav,4,3,"12,8,8,11,3,11,11|10,11,11,3,11,9,4",R64,OTHER,MS,3101,Main Draw,REDZIMSKI Milosz (POL),ZHMUDENKO Yaroslav (UKR),REDZIMSKI Milosz
European Championships 2024,2024-10-15,OLAH Benedek,ROLLAND Jules,4,3,"10,11,3,4,11,11,11|12,3,11,11,8,6,6",R64,OTHER,MS,3101,Main Draw,OLAH Benedek (FIN),ROLLAND Jules (FRA),OLAH Benedek
European Championships 2024,2024-10-15,IONESCU Eduard,URSU Vladislav,4,2,"12,11,6,12,3,11|10,7,11,10,11,8",R64,OTHER,MS,3101,Main Draw,IONESCU Eduard (ROU),URSU Vladislav (MDA),IONESCU Eduard
European Championships 2024,2024-10-15,MOREGARD Truls,LAMBIET Florent,4,0,"11,11,11,11|6,8,8,5",R64,OTHER,MS,3101,Main Draw,MOREGARD Truls (SWE),LAMBIET Florent (BEL),MOREGARD Truls
European Championships 2024,2024-10-15,SZUDI Adam,APOLONIA Tiago,4,3,"11,2,8,11,12,6,12|7,11,11,5,10,11,10",R64,OTHER,MS,3101,Main Draw,SZUDI Adam (HUN),APOLONIA Tiago (POR),SZUDI Adam
European Championships 2024,2024-10-15,LIND Anders,ANGELAKIS Konstantinos,4,1,"11,7,11,11,11|8,11,9,5,9",R64,OTHER,MS,3101,Main Draw,LIND Anders (DEN),ANGELAKIS Konstantinos (GRE),LIND Anders
European Championships 2024,2024-10-15,GERALDO Joao,LAKATOS Tamas,4,3,"8,11,7,13,11,11,11|11,6,11,15,1,8,6",R64,OTHER,MS,3101,Main Draw,GERALDO Joao (POR),LAKATOS Tamas (HUN),GERALDO Joao
European Championships 2024,2024-10-15,QIU Dang,CAMARA Gabrielius,4,0,"13,11,11,11|11,3,6,9",R64,OTHER,MS,3101,Main Draw,QIU Dang (GER),CAMARA Gabrielius (NED),QIU Dang
European Championships 2024,2024-10-15,WANG Yang,WALKER Samuel,4,0,"11,11,11,11|6,5,4,3",R64,OTHER,MS,3101,Main Draw,WANG Yang (SVK),WALKER Samuel (ENG),WANG Yang
European Championships 2024,2024-10-15,ROBLES Alvaro,ZELJKO Filip,4,2,"11,5,11,12,9,11|9,11,7,10,11,5",R64,OTHER,MS,3101,Main Draw,ROBLES Alvaro (ESP),ZELJKO Filip (CRO),ROBLES Alvaro
European Championships 2024,2024-10-15,LEBRUN Alexis,MAJOROS Bence,4,0,"11,11,11,14|7,8,8,12",R64,OTHER,MS,3101,Main Draw,LEBRUN Alexis (FRA),MAJOROS Bence (HUN),LEBRUN Alexis
European Championships 2024,2024-10-15,PITCHFORD Liam,GARDOS Robert,4,1,"11,11,11,3,11|7,9,7,11,7",R64,OTHER,MS,3101,Main Draw,PITCHFORD Liam (ENG),GARDOS Robert (AUT),PITCHFORD Liam
European Championships 2024,2024-10-15,BERTELSMEIER Andre,BARDET Lilian,4,3,"12,8,11,11,9,14,11|10,11,8,9,11,16,7",R64,OTHER,MS,3101,Main Draw,BERTELSMEIER Andre (GER),BARDET Lilian (FRA),BERTELSMEIER Andre
European Championships 2024,2024-10-15,IONESCU Ovidiu,ABIODUN Tiago,4,0,"11,11,11,11|6,6,6,7",R64,OTHER,MS,3101,Main Draw,IONESCU Ovidiu (ROU),ABIODUN Tiago (POR),IONESCU Ovidiu
European Championships 2024,2024-10-15,PUCAR Tomislav,SIRUCEK Pavel,4,0,"11,11,11,11|8,4,2,3",R64,OTHER,MS,3101,Main Draw,PUCAR Tomislav (CRO),SIRUCEK Pavel (CZE),PUCAR Tomislav
European Championships 2024,2024-10-15,GAUZY Simon,LEVENKO Andreas,4,3,"11,5,11,11,10,11,11|6,11,13,4,12,6,9",R64,OTHER,MS,3101,Main Draw,GAUZY Simon (FRA),LEVENKO Andreas (AUT),GAUZY Simon
European Championships 2024,2024-10-15,JORGIC Darko,LEI Balazs,4,3,"11,4,11,6,10,12,11|2,11,7,11,12,10,6",R64,OTHER,MS,3101,Main Draw,JORGIC Darko (SLO),LEI Balazs (HUN),JORGIC Darko
European Championships 2024,2024-10-15,HAUG Borgar,MLADENOVIC Luka,4,1,"8,11,11,11,11|11,7,9,9,7",R64,OTHER,MS,3101,Main Draw,HAUG Borgar (NOR),MLADENOVIC Luka (LUX),HAUG Borgar
European Championships 2024,2024-10-15,PORET Thibault,KOLODZIEJCZYK Maciej,4,2,"11,8,11,8,11,11|7,11,9,11,5,1",R64,OTHER,MS,3101,Main Draw,PORET Thibault (FRA),KOLODZIEJCZYK Maciej (AUT),PORET Thibault
European Championships 2024,2024-10-15,LEBRUN Felix,KARLSSON Mattias,4,0,"11,11,11,11|9,4,6,8",R32,OTHER,MS,3101,Main Draw,LEBRUN Felix (FRA),KARLSSON Mattias (SWE),LEBRUN Felix
European Championships 2024,2024-10-15,PEREZ Juan,SZUDI Adam,4,2,"9,13,12,11,9,11|11,11,10,7,11,9",R32,OTHER,MS,3101,Main Draw,PEREZ Juan (ESP),SZUDI Adam (HUN),PEREZ Juan
European Championships 2024,2024-10-15,OVTCHAROV Dimitrij,ALLEGRO Martin,4,0,"11,11,18,11|8,3,16,6",R32,OTHER,MS,3101,Main Draw,OVTCHAROV Dimitrij (GER),ALLEGRO Martin (BEL),OVTCHAROV Dimitrij
European Championships 2024,2024-10-15,FREITAS Marcos,PUCAR Tomislav,4,3,"11,6,12,11,11,6,11|8,11,14,5,9,11,8",R32,OTHER,MS,3101,Main Draw,FREITAS Marcos (POR),PUCAR Tomislav (CRO),FREITAS Marcos
European Championships 2024,2024-10-15,BERTELSMEIER Andre,IONESCU Ovidiu,4,2,"2,11,11,7,11,11|11,7,9,11,2,7",R32,OTHER,MS,3101,Main Draw,BERTELSMEIER Andre (GER),IONESCU Ovidiu (ROU),BERTELSMEIER Andre
European Championships 2024,2024-10-15,JORGIC Darko,HAUG Borgar,4,1,"11,11,11,8,12|7,4,9,11,10",R32,OTHER,MS,3101,Main Draw,JORGIC Darko (SLO),HAUG Borgar (NOR),JORGIC Darko
European Championships 2024,2024-10-15,KALLBERG Anton,KARLSSON Kristian,4,1,"14,11,8,12,11|12,7,11,10,7",R32,OTHER,MS,3101,Main Draw,KALLBERG Anton (SWE),KARLSSON Kristian (SWE),KALLBERG Anton
European Championships 2024,2024-10-15,PORET Thibault,PITCHFORD Liam,4,1,"11,12,10,11,11|9,10,12,7,9",R32,OTHER,MS,3101,Main Draw,PORET Thibault (FRA),PITCHFORD Liam (ENG),PORET Thibault
European Championships 2024,2024-10-15,GACINA Andrej,LIND Anders,4,3,"4,9,11,22,11,11,11|11,11,5,20,6,13,9",R32,OTHER,MS,3101,Main Draw,GACINA Andrej (CRO),LIND Anders (DEN),GACINA Andrej
European Championships 2024,2024-10-15,QIU Dang,WANG Yang,4,0,"12,11,11,11|10,6,6,8",R32,OTHER,MS,3101,Main Draw,QIU Dang (GER),WANG Yang (SVK),QIU Dang
European Championships 2024,2024-10-15,LEBRUN Alexis,OLAH Benedek,4,2,"11,9,11,12,11,11|8,11,5,14,2,5",R32,OTHER,MS,3101,Main Draw,LEBRUN Alexis (FRA),OLAH Benedek (FIN),LEBRUN Alexis
European Championships 2024,2024-10-15,MOREGARD Truls,IONESCU Eduard,4,0,"13,11,12,11|11,7,10,4",R32,OTHER,MS,3101,Main Draw,MOREGARD Truls (SWE),IONESCU Eduard (ROU),MOREGARD Truls
European Championships 2024,2024-10-15,DUDA Benedikt,PISTEJ Lubomir,4,1,"11,11,10,12,11|9,9,12,10,9",R32,OTHER,MS,3101,Main Draw,DUDA Benedikt (GER),PISTEJ Lubomir (SVK),DUDA Benedikt
European Championships 2024,2024-10-15,FRANZISKA Patrick,GERALDO Joao,4,1,"10,11,11,12,13|12,3,6,10,11",R32,OTHER,MS,3101,Main Draw,FRANZISKA Patrick (GER),GERALDO Joao (POR),FRANZISKA Patrick
European Championships 2024,2024-10-15,ROBLES Alvaro,BAN Ivor,4,3,"9,8,12,11,11,11,11|11,11,14,6,2,6,9",R32,OTHER,MS,3101,Main Draw,ROBLES Alvaro (ESP),BAN Ivor (CRO),ROBLES Alvaro
European Championships 2024,2024-10-15,REDZIMSKI Milosz,GAUZY Simon,4,0,"12,11,11,11|10,9,9,8",R32,OTHER,MS,3101,Main Draw,REDZIMSKI Milosz (POL),GAUZY Simon (FRA),REDZIMSKI Milosz
European Championships 2024,2024-10-15,DUDA Benedikt,PEREZ Juan,4,0,"11,11,11,11|4,7,6,9",R16,OTHER,MS,3101,Main Draw,DUDA Benedikt (GER),PEREZ Juan (ESP),DUDA Benedikt
European Championships 2024,2024-10-15,FRANZISKA Patrick,GACINA Andrej,4,1,"8,11,11,11,11|11,8,6,6,5",R16,OTHER,MS,3101,Main Draw,FRANZISKA Patrick (GER),GACINA Andrej (CRO),FRANZISKA Patrick
European Championships 2024,2024-10-15,LEBRUN Alexis,REDZIMSKI Milosz,4,0,"11,11,11,11|5,6,8,5",R16,OTHER,MS,3101,Main Draw,LEBRUN Alexis (FRA),REDZIMSKI Milosz (POL),LEBRUN Alexis
European Championships 2024,2024-10-15,KALLBERG Anton,JORGIC Darko,4,3,"10,11,8,13,11,9,13|12,5,11,11,7,11,11",R16,OTHER,MS,3101,Main Draw,KALLBERG Anton (SWE),JORGIC Darko (SLO),KALLBERG Anton
European Championships 2024,2024-10-15,LEBRUN Felix,BERTELSMEIER Andre,4,1,"12,11,10,11,14|10,3,12,3,12",R16,OTHER,MS,3101,Main Draw,LEBRUN Felix (FRA),BERTELSMEIER Andre (GER),LEBRUN Felix
European Championships 2024,2024-10-15,OVTCHAROV Dimitrij,FREITAS Marcos,4,2,"9,11,11,11,5,11|11,8,8,9,11,5",R16,OTHER,MS,3101,Main Draw,OVTCHAROV Dimitrij (GER),FREITAS Marcos (POR),OVTCHAROV Dimitrij
European Championships 2024,2024-10-15,QIU Dang,ROBLES Alvaro,4,0,"11,11,11,11|6,2,5,7",R16,OTHER,MS,3101,Main Draw,QIU Dang (GER),ROBLES Alvaro (ESP),QIU Dang
European Championships 2024,2024-10-15,MOREGARD Truls,PORET Thibault,4,1,"11,5,11,11,11|6,11,8,8,7",R16,OTHER,MS,3101,Main Draw,MOREGARD Truls (SWE),PORET Thibault (FRA),MOREGARD Truls
European Championships 2024,2024-10-15,DUDA Benedikt,LEBRUN Felix,4,0,"11,11,11,11|0,0,0,0",QF,OTHER,MS,3101,Main Draw,DUDA Benedikt (GER),LEBRUN Felix (FRA),DUDA Benedikt
European Championships 2024,2024-10-15,MOREGARD Truls,KALLBERG Anton,4,2,"11,11,4,3,11,17|5,6,11,11,7,15",QF,OTHER,MS,3101,Main Draw,MOREGARD Truls (SWE),KALLBERG Anton (SWE),MOREGARD Truls
European Championships 2024,2024-10-15,OVTCHAROV Dimitrij,FRANZISKA Patrick,4,0,"11,11,11,11|3,6,7,8",QF,OTHER,MS,3101,Main Draw,OVTCHAROV Dimitrij (GER),FRANZISKA Patrick (GER),OVTCHAROV Dimitrij
European Championships 2024,2024-10-15,LEBRUN Alexis,QIU Dang,4,1,"7,11,11,11,13|11,9,8,6,11",QF,OTHER,MS,3101,Main Draw,LEBRUN Alexis (FRA),QIU Dang (GER),LEBRUN Alexis
European Championships 2024,2024-10-15,DUDA Benedikt,OVTCHAROV Dimitrij,4,2,"11,11,11,8,6,11|8,8,5,11,11,8",SF,OTHER,MS,3101,Main Draw,DUDA Benedikt (GER),OVTCHAROV Dimitrij (GER),DUDA Benedikt
European Championships 2024,2024-10-15,LEBRUN Alexis,MOREGARD Truls,4,0,"12,11,11,11|10,5,5,6",SF,OTHER,MS,3101,Main Draw,LEBRUN Alexis (FRA),MOREGARD Truls (SWE),LEBRUN Alexis
European Championships 2024,2024-10-15,LEBRUN Alexis,DUDA Benedikt,4,0,"11,11,11,11|5,8,6,2",F,OTHER,MS,3101,Main Draw,LEBRUN Alexis (FRA),DUDA Benedikt (GER),LEBRUN Alexis
European Championships 2024,2024-10-15,SHAO Jieni/YU Fu,PAPADIMITRIOU Malamatenia/TERPOU Elisavet,3,0,"11,11,11|5,2,7",QR64,OTHER,WD,3101,Qualification,SHAO Jieni (POR) / YU Fu (POR),PAPADIMITRIOU Malamatenia (GRE) / TERPOU Elisavet (GRE),SHAO Jieni
European Championships 2024,2024-10-15,HAAGENSEN Jocefina/HANSEN Maja,KHALID Alisa/LEGGETT Faye,3,2,"7,11,11,7,14|11,7,0,11,12",QR64,OTHER,WD,3101,Qualification,HAAGENSEN Jocefina (DEN) / HANSEN Maja (DEN),KHALID Alisa (SCO) / LEGGETT Faye (SCO),HAAGENSEN Jocefina
European Championships 2024,2024-10-15,ARAPOVIC Hana/MALOBABIC Ivana,PERSOVA Viktoria/JERSOVA Aleksandra,3,0,"11,11,11|6,9,2",QR32,OTHER,WD,3101,Qualification,ARAPOVIC Hana (CRO) / MALOBABIC Ivana (CRO),PERSOVA Viktoria (BUL) / JERSOVA Aleksandra (LAT),ARAPOVIC Hana
European Championships 2024,2024-10-15,YAREMCHUK Solomiya/MATIUNINA Veronika,SHAO Jieni/YU Fu,3,2,"7,11,9,13,11|11,7,11,11,7",QR32,OTHER,WD,3101,Qualification,YAREMCHUK Solomiya (UKR) / MATIUNINA Veronika (UKR),SHAO Jieni (POR) / YU Fu (POR),YAREMCHUK Solomiya
European Championships 2024,2024-10-15,CHIRIACOVA Alexandra/DYMYTRENKO Anastasiya,FUCHS Elina/SKERBINZ Nina,3,0,"13,11,11|11,9,5",QR32,OTHER,WD,3101,Qualification,CHIRIACOVA Alexandra (MDA) / DYMYTRENKO Anastasiya (UKR),FUCHS Elina (AUT) / SKERBINZ Nina (AUT),CHIRIACOVA Alexandra
European Championships 2024,2024-10-15,KISEL Darya/MIASHCHANSKAYA Ulyana,BERGAND Filippa/HANSSON Matilda,3,2,"5,11,10,11,11|11,4,12,6,9",QR32,OTHER,WD,3101,Qualification,KISEL Darya (AIN) / MIASHCHANSKAYA Ulyana (AIN),BERGAND Filippa (SWE) / HANSSON Matilda (SWE),KISEL Darya
European Championships 2024,2024-10-15,BOGDANOWICZ Natalia/BRZYSKA Anna,ABRAMAVICIUTE Eivile/MERENCO Camelia,3,0,"11,11,11|6,9,7",QR32,OTHER,WD,3101,Qualification,BOGDANOWICZ Natalia (POL) / BRZYSKA Anna (POL),ABRAMAVICIUTE Eivile (LTU) / MERENCO Camelia (MDA),BOGDANOWICZ Natalia
European Championships 2024,2024-10-15,MATOS Ines/PINTO Matilde,KODET Hanka/POLAKOVA Veronika,3,2,"6,11,11,11,11|11,4,13,2,5",QR32,OTHER,WD,3101,Qualification,MATOS Ines (POR) / PINTO Matilde (POR),KODET Hanka (CZE) / POLAKOVA Veronika (CZE),MATOS Ines
European Championships 2024,2024-10-15,KALVATN Christine/TOFTAKER Martine,DEGRAEF Margo/MEN Shuohan,3,2,"7,11,9,11,12|11,6,11,5,10",QR32,OTHER,WD,3101,Qualification,KALVATN Christine (NOR) / TOFTAKER Martine (NOR),DEGRAEF Margo (BEL) / MEN Shuohan (NED),KALVATN Christine
European Championships 2024,2024-10-15,LUTZ Charlotte/YUAN Jia Nan,HANSON Reelica/REINOL Vitalia,3,0,"11,11,12|4,4,10",QR32,OTHER,WD,3101,Qualification,LUTZ Charlotte (FRA) / YUAN Jia Nan (FRA),HANSON Reelica (EST) / REINOL Vitalia (EST),LUTZ Charlotte
European Championships 2024,2024-10-15,TOFANT Ana/TOKIC Sara,RILISKYTE Kornelija/NIKOLOV Amelia,3,1,"8,11,11,11|11,8,4,5",QR32,OTHER,WD,3101,Qualification,TOFANT Ana (SLO) / TOKIC Sara (SLO),RILISKYTE Kornelija (LTU) / NIKOLOV Amelia (MKD),TOFANT Ana
European Championships 2024,2024-10-15,BERZOSA Maria/ZHANG Sofia-Xuan,ABDULHAMIDOVA Laman/MIKAYILOVA Zemfira,3,0,"11,11,11|2,5,5",QR32,OTHER,WD,3101,Qualification,BERZOSA Maria (ESP) / ZHANG Sofia-Xuan (ESP),ABDULHAMIDOVA Laman (AZE) / MIKAYILOVA Zemfira (AZE),BERZOSA Maria
European Championships 2024,2024-10-15,MISCHEK-COLUCCI Karoline/PUCHOVANOVA Nikoleta,VENDELBO Emma/OPEKA Lara,3,1,"2,11,12,11|11,5,10,5",QR32,OTHER,WD,3101,Qualification,MISCHEK-COLUCCI Karoline (AUT) / PUCHOVANOVA Nikoleta (SVK),VENDELBO Emma (DEN) / OPEKA Lara (SLO),MISCHEK-COLUCCI Karoline
European Championships 2024,2024-10-15,MONFARDINI Gaia/MORET Rachel,DAVIDOV Elinor/MUSAJEVA Sabina,3,0,"11,11,11|5,8,6",QR32,OTHER,WD,3101,Qualification,MONFARDINI Gaia (ITA) / MORET Rachel (SUI),DAVIDOV Elinor (ISR) / MUSAJEVA Sabina (LAT),MONFARDINI Gaia
European Championships 2024,2024-10-15,ARLIA Nicole/PICCOLIN Giorgia,RAD Elvira/BETZ Ramona Maarit,3,1,"8,11,11,13|11,5,6,11",QR32,OTHER,WD,3101,Qualification,ARLIA Nicole (ITA) / PICCOLIN Giorgia (ITA),RAD Elvira (ESP) / BETZ Ramona Maarit (FIN),ARLIA Nicole
European Championships 2024,2024-10-15,BEZEG Reka/MAKSUTI Aneta,GEORGIEVA Tsvetelina/YOVKOVA Maria,3,2,"10,7,12,11,11|12,11,10,6,4",QR32,OTHER,WD,3101,Qualification,BEZEG Reka (SRB) / MAKSUTI Aneta (SRB),GEORGIEVA Tsvetelina (BUL) / YOVKOVA Maria (BUL),BEZEG Reka
European Championships 2024,2024-10-15,BALINT Bernadett/HARTBRICH Leonie,DONNER Marina/GIRLEA Maria,3,0,"11,12,11|8,10,6",QR32,OTHER,WD,3101,Qualification,BALINT Bernadett (HUN) / HARTBRICH Leonie (HUN),DONNER Marina (FIN) / GIRLEA Maria (FIN),BALINT Bernadett
European Championships 2024,2024-10-15,HO Tin-Tin/VIVARELLI Debora,HAAGENSEN Jocefina/HANSEN Maja,3,1,"11,11,10,11|7,6,12,2",QR32,OTHER,WD,3101,Qualification,HO Tin-Tin (ENG) / VIVARELLI Debora (ITA),HAAGENSEN Jocefina (DEN) / HANSEN Maja (DEN),HO Tin-Tin
European Championships 2024,2024-10-15,MONFARDINI Gaia/MORET Rachel,TOLIOU Aikaterini/ALTINKAYA Sibel,3,1,"11,10,14,11|7,12,12,2",R32,OTHER,WD,3101,Main Draw,MONFARDINI Gaia (ITA) / MORET Rachel (SUI),TOLIOU Aikaterini (GRE) / ALTINKAYA Sibel (TUR),MONFARDINI Gaia
European Championships 2024,2024-10-15,HARAC Ece/YILMAZ Ozge,KALVATN Christine/TOFTAKER Martine,3,0,"11,11,11|7,5,9",R32,OTHER,WD,3101,Main Draw,HARAC Ece (TUR) / YILMAZ Ozge (TUR),KALVATN Christine (NOR) / TOFTAKER Martine (NOR),HARAC Ece
European Championships 2024,2024-10-15,LUPULESKU Izabela/SURJAN Sabina,HO Tin-Tin/VIVARELLI Debora,3,0,"11,11,11|7,7,5",R32,OTHER,WD,3101,Main Draw,LUPULESKU Izabela (SRB) / SURJAN Sabina (SRB),HO Tin-Tin (ENG) / VIVARELLI Debora (ITA),LUPULESKU Izabela
European Championships 2024,2024-10-15,GUO ZHENG Nina/HOCHART Leana,MISCHEK-COLUCCI Karoline/PUCHOVANOVA Nikoleta,3,0,"11,11,11|4,9,3",R32,OTHER,WD,3101,Main Draw,GUO ZHENG Nina (FRA) / HOCHART Leana (FRA),MISCHEK-COLUCCI Karoline (AUT) / PUCHOVANOVA Nikoleta (SVK),GUO ZHENG Nina
European Championships 2024,2024-10-15,WEGRZYN Katarzyna/LABOSOVA Ema,KISEL Darya/MIASHCHANSKAYA Ulyana,3,0,"13,11,11|11,9,6",R32,OTHER,WD,3101,Main Draw,WEGRZYN Katarzyna (POL) / LABOSOVA Ema (SVK),KISEL Darya (AIN) / MIASHCHANSKAYA Ulyana (AIN),WEGRZYN Katarzyna
European Championships 2024,2024-10-15,JEGER Mateja/RAKOVAC Lea,BALINT Bernadett/HARTBRICH Leonie,3,1,"11,11,4,11|4,9,11,5",R32,OTHER,WD,3101,Main Draw,JEGER Mateja (CRO) / RAKOVAC Lea (CRO),BALINT Bernadett (HUN) / HARTBRICH Leonie (HUN),JEGER Mateja
European Championships 2024,2024-10-15,POTA Georgina/DE NUTTE Sarah,TOFANT Ana/TOKIC Sara,3,1,"11,9,11,11|7,11,8,5",R32,OTHER,WD,3101,Main Draw,POTA Georgina (HUN) / DE NUTTE Sarah (LUX),TOFANT Ana (SLO) / TOKIC Sara (SLO),POTA Georgina
European Championships 2024,2024-10-15,CAREY Charlotte/HURSEY Anna,MATOS Ines/PINTO Matilde,3,0,"12,11,11|10,6,5",R32,OTHER,WD,3101,Main Draw,CAREY Charlotte (WAL) / HURSEY Anna (WAL),MATOS Ines (POR) / PINTO Matilde (POR),CAREY Charlotte
European Championships 2024,2024-10-15,XIAO Maria/DIACONU Adina,ARLIA Nicole/PICCOLIN Giorgia,3,0,"11,11,11|8,5,9",R32,OTHER,WD,3101,Main Draw,XIAO Maria (ESP) / DIACONU Adina (ROU),ARLIA Nicole (ITA) / PICCOLIN Giorgia (ITA),XIAO Maria
European Championships 2024,2024-10-15,POLCANOVA Sofia/SZOCS Bernadette,YAREMCHUK Solomiya/MATIUNINA Veronika,3,0,"11,11,11|5,9,4",R32,OTHER,WD,3101,Main Draw,POLCANOVA Sofia (AUT) / SZOCS Bernadette (ROU),YAREMCHUK Solomiya (UKR) / MATIUNINA Veronika (UKR),POLCANOVA Sofia
European Championships 2024,2024-10-15,WAN Yuan/WINTER Sabine,ARAPOVIC Hana/MALOBABIC Ivana,3,0,"15,11,11|13,4,6",R32,OTHER,WD,3101,Main Draw,WAN Yuan (GER) / WINTER Sabine (GER),ARAPOVIC Hana (CRO) / MALOBABIC Ivana (CRO),WAN Yuan
European Championships 2024,2024-10-15,DRAGOMAN Andreea/SAMARA Elizabeta,BOGDANOWICZ Natalia/BRZYSKA Anna,3,0,"11,11,11|8,8,4",R32,OTHER,WD,3101,Main Draw,DRAGOMAN Andreea (ROU) / SAMARA Elizabeta (ROU),BOGDANOWICZ Natalia (POL) / BRZYSKA Anna (POL),DRAGOMAN Andreea
European Championships 2024,2024-10-15,BAJOR Natalia/KUKULKOVA Tatiana,BERZOSA Maria/ZHANG Sofia-Xuan,3,0,"11,11,11|8,2,9",R32,OTHER,WD,3101,Main Draw,BAJOR Natalia (POL) / KUKULKOVA Tatiana (SVK),BERZOSA Maria (ESP) / ZHANG Sofia-Xuan (ESP),BAJOR Natalia
European Championships 2024,2024-10-15,BERGSTROM Linda/KALLBERG Christina,BEZEG Reka/MAKSUTI Aneta,3,0,"11,11,11|7,9,7",R32,OTHER,WD,3101,Main Draw,BERGSTROM Linda (SWE) / KALLBERG Christina (SWE),BEZEG Reka (SRB) / MAKSUTI Aneta (SRB),BERGSTROM Linda
European Championships 2024,2024-10-15,KAUFMANN Annett/MITTELHAM Nina,CHIRIACOVA Alexandra/DYMYTRENKO Anastasiya,3,2,"11,10,8,11,11|3,12,11,7,8",R32,OTHER,WD,3101,Main Draw,KAUFMANN Annett (GER) / MITTELHAM Nina (GER),CHIRIACOVA Alexandra (MDA) / DYMYTRENKO Anastasiya (UKR),KAUFMANN Annett
European Championships 2024,2024-10-15,MATELOVA Hana/VARADY Barbora,LUTZ Charlotte/YUAN Jia Nan,3,0,"11,11,11|5,4,9",R32,OTHER,WD,3101,Main Draw,MATELOVA Hana (CZE) / VARADY Barbora (SVK),LUTZ Charlotte (FRA) / YUAN Jia Nan (FRA),MATELOVA Hana
European Championships 2024,2024-10-15,XIAO Maria/DIACONU Adina,MONFARDINI Gaia/MORET Rachel,3,0,"11,11,11|6,6,1",R16,OTHER,WD,3101,Main Draw,XIAO Maria (ESP) / DIACONU Adina (ROU),MONFARDINI Gaia (ITA) / MORET Rachel (SUI),XIAO Maria
European Championships 2024,2024-10-15,POLCANOVA Sofia/SZOCS Bernadette,HARAC Ece/YILMAZ Ozge,3,1,"11,11,5,11|8,5,11,8",R16,OTHER,WD,3101,Main Draw,POLCANOVA Sofia (AUT) / SZOCS Bernadette (ROU),HARAC Ece (TUR) / YILMAZ Ozge (TUR),POLCANOVA Sofia
European Championships 2024,2024-10-15,BAJOR Natalia/KUKULKOVA Tatiana,WEGRZYN Katarzyna/LABOSOVA Ema,3,0,"11,11,11|7,9,2",R16,OTHER,WD,3101,Main Draw,BAJOR Natalia (POL) / KUKULKOVA Tatiana (SVK),WEGRZYN Katarzyna (POL) / LABOSOVA Ema (SVK),BAJOR Natalia
European Championships 2024,2024-10-15,BERGSTROM Linda/KALLBERG Christina,KAUFMANN Annett/MITTELHAM Nina,3,1,"11,15,7,12|9,13,11,10",R16,OTHER,WD,3101,Main Draw,BERGSTROM Linda (SWE) / KALLBERG Christina (SWE),KAUFMANN Annett (GER) / MITTELHAM Nina (GER),BERGSTROM Linda
European Championships 2024,2024-10-15,LUPULESKU Izabela/SURJAN Sabina,WAN Yuan/WINTER Sabine,3,0,"11,14,11|4,12,4",R16,OTHER,WD,3101,Main Draw,LUPULESKU Izabela (SRB) / SURJAN Sabina (SRB),WAN Yuan (GER) / WINTER Sabine (GER),LUPULESKU Izabela
European Championships 2024,2024-10-15,GUO ZHENG Nina/HOCHART Leana,DRAGOMAN Andreea/SAMARA Elizabeta,3,2,"11,11,10,6,13|7,9,12,11,11",R16,OTHER,WD,3101,Main Draw,GUO ZHENG Nina (FRA) / HOCHART Leana (FRA),DRAGOMAN Andreea (ROU) / SAMARA Elizabeta (ROU),GUO ZHENG Nina
European Championships 2024,2024-10-15,POTA Georgina/DE NUTTE Sarah,JEGER Mateja/RAKOVAC Lea,3,0,"13,11,11|11,9,9",R16,OTHER,WD,3101,Main Draw,POTA Georgina (HUN) / DE NUTTE Sarah (LUX),JEGER Mateja (CRO) / RAKOVAC Lea (CRO),POTA Georgina
European Championships 2024,2024-10-15,MATELOVA Hana/VARADY Barbora,CAREY Charlotte/HURSEY Anna,3,0,"11,12,11|7,10,9",R16,OTHER,WD,3101,Main Draw,MATELOVA Hana (CZE) / VARADY Barbora (SVK),CAREY Charlotte (WAL) / HURSEY Anna (WAL),MATELOVA Hana
European Championships 2024,2024-10-15,POLCANOVA Sofia/SZOCS Bernadette,XIAO Maria/DIACONU Adina,3,0,"11,15,11|7,13,9",QF,OTHER,WD,3101,Main Draw,POLCANOVA Sofia (AUT) / SZOCS Bernadette (ROU),XIAO Maria (ESP) / DIACONU Adina (ROU),POLCANOVA Sofia
European Championships 2024,2024-10-15,LUPULESKU Izabela/SURJAN Sabina,GUO ZHENG Nina/HOCHART Leana,3,0,"11,11,14|5,6,12",QF,OTHER,WD,3101,Main Draw,LUPULESKU Izabela (SRB) / SURJAN Sabina (SRB),GUO ZHENG Nina (FRA) / HOCHART Leana (FRA),LUPULESKU Izabela
European Championships 2024,2024-10-15,BAJOR Natalia/KUKULKOVA Tatiana,POTA Georgina/DE NUTTE Sarah,3,0,"11,11,11|5,9,8",QF,OTHER,WD,3101,Main Draw,BAJOR Natalia (POL) / KUKULKOVA Tatiana (SVK),POTA Georgina (HUN) / DE NUTTE Sarah (LUX),BAJOR Natalia
European Championships 2024,2024-10-15,MATELOVA Hana/VARADY Barbora,BERGSTROM Linda/KALLBERG Christina,3,0,"11,11,12|8,7,10",QF,OTHER,WD,3101,Main Draw,MATELOVA Hana (CZE) / VARADY Barbora (SVK),BERGSTROM Linda (SWE) / KALLBERG Christina (SWE),MATELOVA Hana
European Championships 2024,2024-10-15,POLCANOVA Sofia/SZOCS Bernadette,LUPULESKU Izabela/SURJAN Sabina,3,2,"10,11,11,5,11|12,4,5,11,3",SF,OTHER,WD,3101,Main Draw,POLCANOVA Sofia (AUT) / SZOCS Bernadette (ROU),LUPULESKU Izabela (SRB) / SURJAN Sabina (SRB),POLCANOVA Sofia
European Championships 2024,2024-10-15,MATELOVA Hana/VARADY Barbora,BAJOR Natalia/KUKULKOVA Tatiana,3,2,"8,5,14,11,13|11,11,12,5,11",SF,OTHER,WD,3101,Main Draw,MATELOVA Hana (CZE) / VARADY Barbora (SVK),BAJOR Natalia (POL) / KUKULKOVA Tatiana (SVK),MATELOVA Hana
European Championships 2024,2024-10-15,MATELOVA Hana/VARADY Barbora,POLCANOVA Sofia/SZOCS Bernadette,3,2,"11,7,11,7,11|7,11,9,11,6",F,OTHER,WD,3101,Main Draw,MATELOVA Hana (CZE) / VARADY Barbora (SVK),POLCANOVA Sofia (AUT) / SZOCS Bernadette (ROU),MATELOVA Hana
European Championships 2024,2024-10-15,HANSSON Matilda,PUCHOVANOVA Nikoleta,3,0,"11,11,11|6,3,7",QUAL,OTHER,WS,3101,Qualification,HANSSON Matilda (SWE),PUCHOVANOVA Nikoleta (SVK),HANSSON Matilda
European Championships 2024,2024-10-15,ZARIF Audrey,PUCHOVANOVA Nikoleta,3,0,"11,11,11|5,6,2",QUAL,OTHER,WS,3101,Qualification,ZARIF Audrey (FRA),PUCHOVANOVA Nikoleta (SVK),ZARIF Audrey
European Championships 2024,2024-10-15,ZARIF Audrey,HANSSON Matilda,3,0,"11,11,11|6,4,3",QUAL,OTHER,WS,3101,Qualification,ZARIF Audrey (FRA),HANSSON Matilda (SWE),ZARIF Audrey
European Championships 2024,2024-10-15,MEN Shuohan,KODET Hanka,3,1,"11,10,11,11|9,12,6,9",QUAL,OTHER,WS,3101,Qualification,MEN Shuohan (NED),KODET Hanka (CZE),MEN Shuohan
European Championships 2024,2024-10-15,VARADY Barbora,MEN Shuohan,3,1,"7,11,11,23|11,8,6,21",QUAL,OTHER,WS,3101,Qualification,VARADY Barbora (SVK),MEN Shuohan (NED),VARADY Barbora
European Championships 2024,2024-10-15,VARADY Barbora,KODET Hanka,3,0,"11,11,14|5,6,12",QUAL,OTHER,WS,3101,Qualification,VARADY Barbora (SVK),KODET Hanka (CZE),VARADY Barbora
European Championships 2024,2024-10-15,BALINT Bernadett,PERSOVA Viktoria,3,1,"7,12,11,11|11,10,9,7",QUAL,OTHER,WS,3101,Qualification,BALINT Bernadett (HUN),PERSOVA Viktoria (BUL),BALINT Bernadett
European Championships 2024,2024-10-15,BALINT Bernadett,WEGRZYN Katarzyna,3,0,"12,11,11|10,8,4",QUAL,OTHER,WS,3101,Qualification,BALINT Bernadett (HUN),WEGRZYN Katarzyna (POL),BALINT Bernadett
European Championships 2024,2024-10-15,WEGRZYN Katarzyna,PERSOVA Viktoria,3,0,"11,11,11|6,8,8",QUAL,OTHER,WS,3101,Qualification,WEGRZYN Katarzyna (POL),PERSOVA Viktoria (BUL),WEGRZYN Katarzyna
European Championships 2024,2024-10-15,CAREY Charlotte,YOVKOVA Maria,3,0,"11,11,11|8,4,5",QUAL,OTHER,WS,3101,Qualification,CAREY Charlotte (WAL),YOVKOVA Maria (BUL),CAREY Charlotte
European Championships 2024,2024-10-15,KUKULKOVA Tatiana,CAREY Charlotte,3,2,"8,7,11,11,14|11,11,9,6,12",QUAL,OTHER,WS,3101,Qualification,KUKULKOVA Tatiana (SVK),CAREY Charlotte (WAL),KUKULKOVA Tatiana
European Championships 2024,2024-10-15,KUKULKOVA Tatiana,YOVKOVA Maria,3,1,"11,11,7,11|3,8,11,3",QUAL,OTHER,WS,3101,Qualification,KUKULKOVA Tatiana (SVK),YOVKOVA Maria (BUL),KUKULKOVA Tatiana
European Championships 2024,2024-10-15,TOFTAKER Martine,NGUYEN Minh Bao Chau Elisa,3,1,"5,11,11,11|11,8,3,7",QUAL,OTHER,WS,3101,Qualification,TOFTAKER Martine (NOR),NGUYEN Minh Bao Chau Elisa (GER),TOFTAKER Martine
European Championships 2024,2024-10-15,ZAHARIA Elena,NGUYEN Minh Bao Chau Elisa,3,0,"11,12,11|9,10,6",QUAL,OTHER,WS,3101,Qualification,ZAHARIA Elena (ROU),NGUYEN Minh Bao Chau Elisa (GER),ZAHARIA Elena
European Championships 2024,2024-10-15,ZAHARIA Elena,TOFTAKER Martine,3,1,"11,9,11,12|7,11,9,10",QUAL,OTHER,WS,3101,Qualification,ZAHARIA Elena (ROU),TOFTAKER Martine (NOR),ZAHARIA Elena
European Championships 2024,2024-10-15,BERZOSA Maria,MIASHCHANSKAYA Ulyana,3,2,"10,11,11,8,11|12,2,9,11,8",QUAL,OTHER,WS,3101,Qualification,BERZOSA Maria (ESP),MIASHCHANSKAYA Ulyana (AIN),BERZOSA Maria
European Championships 2024,2024-10-15,ARAPOVIC Hana,MIASHCHANSKAYA Ulyana,3,0,"14,12,11|12,10,5",QUAL,OTHER,WS,3101,Qualification,ARAPOVIC Hana (CRO),MIASHCHANSKAYA Ulyana (AIN),ARAPOVIC Hana
European Championships 2024,2024-10-15,ARAPOVIC Hana,BERZOSA Maria,3,0,"11,11,11|8,3,6",QUAL,OTHER,WS,3101,Qualification,ARAPOVIC Hana (CRO),BERZOSA Maria (ESP),ARAPOVIC Hana
European Championships 2024,2024-10-15,TERPOU Elisavet,CARNOVALE Miriam,3,1,"11,7,12,11|3,11,10,7",QUAL,OTHER,WS,3101,Qualification,TERPOU Elisavet (GRE),CARNOVALE Miriam (ITA),TERPOU Elisavet
European Championships 2024,2024-10-15,MORET Rachel,CARNOVALE Miriam,3,0,"11,11,11|8,8,9",QUAL,OTHER,WS,3101,Qualification,MORET Rachel (SUI),CARNOVALE Miriam (ITA),MORET Rachel
European Championships 2024,2024-10-15,MORET Rachel,TERPOU Elisavet,3,0,"11,11,11|2,6,3",QUAL,OTHER,WS,3101,Qualification,MORET Rachel (SUI),TERPOU Elisavet (GRE),MORET Rachel
European Championships 2024,2024-10-15,POLAKOVA Veronika,DAVIDOV Elinor,3,1,"11,11,8,11|8,8,11,5",QUAL,OTHER,WS,3101,Qualification,POLAKOVA Veronika (CZE),DAVIDOV Elinor (ISR),POLAKOVA Veronika
European Championships 2024,2024-10-15,ZHANG Sofia-Xuan,DAVIDOV Elinor,3,1,"8,11,11,12|11,7,8,10",QUAL,OTHER,WS,3101,Qualification,ZHANG Sofia-Xuan (ESP),DAVIDOV Elinor (ISR),ZHANG Sofia-Xuan
European Championships 2024,2024-10-15,ZHANG Sofia-Xuan,POLAKOVA Veronika,3,1,"11,11,6,11|9,4,11,5",QUAL,OTHER,WS,3101,Qualification,ZHANG Sofia-Xuan (ESP),POLAKOVA Veronika (CZE),ZHANG Sofia-Xuan
European Championships 2024,2024-10-15,TOLIOU Aikaterini,BEZEG Reka,3,1,"11,11,4,11|7,7,11,7",QUAL,OTHER,WS,3101,Qualification,TOLIOU Aikaterini (GRE),BEZEG Reka (SRB),TOLIOU Aikaterini
European Championships 2024,2024-10-15,RAKOVAC Lea,BEZEG Reka,3,1,"13,11,11,11|15,6,4,5",QUAL,OTHER,WS,3101,Qualification,RAKOVAC Lea (CRO),BEZEG Reka (SRB),RAKOVAC Lea
European Championships 2024,2024-10-15,RAKOVAC Lea,TOLIOU Aikaterini,3,1,"11,11,7,12|4,4,11,10",QUAL,OTHER,WS,3101,Qualification,RAKOVAC Lea (CRO),TOLIOU Aikaterini (GRE),RAKOVAC Lea
European Championships 2024,2024-10-15,VENDELBO Emma,PAPADIMITRIOU Malamatenia,3,1,"10,11,11,11|12,6,8,8",QUAL,OTHER,WS,3101,Qualification,VENDELBO Emma (DEN),PAPADIMITRIOU Malamatenia (GRE),VENDELBO Emma
European Championships 2024,2024-10-15,SURJAN Sabina,VENDELBO Emma,3,0,"11,11,11|2,6,4",QUAL,OTHER,WS,3101,Qualification,SURJAN Sabina (SRB),VENDELBO Emma (DEN),SURJAN Sabina
European Championships 2024,2024-10-15,SURJAN Sabina,PAPADIMITRIOU Malamatenia,3,0,"11,11,13|5,7,11",QUAL,OTHER,WS,3101,Qualification,SURJAN Sabina (SRB),PAPADIMITRIOU Malamatenia (GRE),SURJAN Sabina
European Championships 2024,2024-10-15,BERGAND Filippa,HANSON Reelica,3,1,"12,11,9,11|10,8,11,6",QUAL,OTHER,WS,3101,Qualification,BERGAND Filippa (SWE),HANSON Reelica (EST),BERGAND Filippa
European Championships 2024,2024-10-15,GEORGIEVA Tsvetelina,OPEKA Lara,3,1,"11,11,9,12|9,7,11,10",QUAL,OTHER,WS,3101,Qualification,GEORGIEVA Tsvetelina (BUL),OPEKA Lara (SLO),GEORGIEVA Tsvetelina
European Championships 2024,2024-10-15,GEORGIEVA Tsvetelina,BERGAND Filippa,3,2,"6,11,5,12,11|11,6,11,10,9",QUAL,OTHER,WS,3101,Qualification,GEORGIEVA Tsvetelina (BUL),BERGAND Filippa (SWE),GEORGIEVA Tsvetelina
European Championships 2024,2024-10-15,OPEKA Lara,HANSON Reelica,3,0,"11,11,11|6,8,8",QUAL,OTHER,WS,3101,Qualification,OPEKA Lara (SLO),HANSON Reelica (EST),OPEKA Lara
European Championships 2024,2024-10-15,BERGAND Filippa,OPEKA Lara,3,0,"11,11,12|7,9,10",QUAL,OTHER,WS,3101,Qualification,BERGAND Filippa (SWE),OPEKA Lara (SLO),BERGAND Filippa
European Championships 2024,2024-10-15,GEORGIEVA Tsvetelina,HANSON Reelica,3,1,"8,11,11,11|11,9,6,2",QUAL,OTHER,WS,3101,Qualification,GEORGIEVA Tsvetelina (BUL),HANSON Reelica (EST),GEORGIEVA Tsvetelina
European Championships 2024,2024-10-15,HAAGENSEN Jocefina,LUTZ Camille,3,2,"11,1,6,11,11|9,11,11,9,8",QUAL,OTHER,WS,3101,Qualification,HAAGENSEN Jocefina (DEN),LUTZ Camille (FRA),HAAGENSEN Jocefina
European Championships 2024,2024-10-15,DYMYTRENKO Anastasiya,ILLASOVA Adriana,3,0,"11,11,11|9,2,8",QUAL,OTHER,WS,3101,Qualification,DYMYTRENKO Anastasiya (UKR),ILLASOVA Adriana (SVK),DYMYTRENKO Anastasiya
European Championships 2024,2024-10-15,LUTZ Camille,ILLASOVA Adriana,3,0,"11,11,11|2,9,7",QUAL,OTHER,WS,3101,Qualification,LUTZ Camille (FRA),ILLASOVA Adriana (SVK),LUTZ Camille
European Championships 2024,2024-10-15,DYMYTRENKO Anastasiya,HAAGENSEN Jocefina,3,1,"11,9,11,11|2,11,9,2",QUAL,OTHER,WS,3101,Qualification,DYMYTRENKO Anastasiya (UKR),HAAGENSEN Jocefina (DEN),DYMYTRENKO Anastasiya
European Championships 2024,2024-10-15,LUTZ Camille,DYMYTRENKO Anastasiya,3,0,"11,11,11|8,7,6",QUAL,OTHER,WS,3101,Qualification,LUTZ Camille (FRA),DYMYTRENKO Anastasiya (UKR),LUTZ Camille
European Championships 2024,2024-10-15,ILLASOVA Adriana,HAAGENSEN Jocefina,3,0,"13,11,12|11,1,10",QUAL,OTHER,WS,3101,Qualification,ILLASOVA Adriana (SVK),HAAGENSEN Jocefina (DEN),ILLASOVA Adriana
European Championships 2024,2024-10-15,MONFARDINI Gaia,REINOL Vitalia,3,0,"11,11,11|3,9,5",QUAL,OTHER,WS,3101,Qualification,MONFARDINI Gaia (ITA),REINOL Vitalia (EST),MONFARDINI Gaia
European Championships 2024,2024-10-15,STERNER Anastasia,DONNER Marina,3,1,"11,15,8,11|9,13,11,8",QUAL,OTHER,WS,3101,Qualification,STERNER Anastasia (AUT),DONNER Marina (FIN),STERNER Anastasia
European Championships 2024,2024-10-15,MONFARDINI Gaia,DONNER Marina,3,0,"15,11,11|13,5,4",QUAL,OTHER,WS,3101,Qualification,MONFARDINI Gaia (ITA),DONNER Marina (FIN),MONFARDINI Gaia
European Championships 2024,2024-10-15,STERNER Anastasia,REINOL Vitalia,3,0,"11,11,11|3,4,6",QUAL,OTHER,WS,3101,Qualification,STERNER Anastasia (AUT),REINOL Vitalia (EST),STERNER Anastasia
European Championships 2024,2024-10-15,MONFARDINI Gaia,STERNER Anastasia,3,1,"6,11,11,11|11,8,3,6",QUAL,OTHER,WS,3101,Qualification,MONFARDINI Gaia (ITA),STERNER Anastasia (AUT),MONFARDINI Gaia
European Championships 2024,2024-10-15,DONNER Marina,REINOL Vitalia,3,0,"11,11,11|5,3,7",QUAL,OTHER,WS,3101,Qualification,DONNER Marina (FIN),REINOL Vitalia (EST),DONNER Marina
European Championships 2024,2024-10-15,MATIUNINA Veronika,MERENCO Camelia,3,0,"15,11,11|13,6,3",QUAL,OTHER,WS,3101,Qualification,MATIUNINA Veronika (UKR),MERENCO Camelia (MDA),MATIUNINA Veronika
European Championships 2024,2024-10-15,MISCHEK-COLUCCI Karoline,HANSEN Maja,3,0,"11,11,11|9,4,7",QUAL,OTHER,WS,3101,Qualification,MISCHEK-COLUCCI Karoline (AUT),HANSEN Maja (DEN),MISCHEK-COLUCCI Karoline
European Championships 2024,2024-10-15,MATIUNINA Veronika,HANSEN Maja,3,0,"11,11,11|3,2,3",QUAL,OTHER,WS,3101,Qualification,MATIUNINA Veronika (UKR),HANSEN Maja (DEN),MATIUNINA Veronika
European Championships 2024,2024-10-15,MISCHEK-COLUCCI Karoline,MERENCO Camelia,3,1,"11,11,8,11|3,7,11,8",QUAL,OTHER,WS,3101,Qualification,MISCHEK-COLUCCI Karoline (AUT),MERENCO Camelia (MDA),MISCHEK-COLUCCI Karoline
European Championships 2024,2024-10-15,MATIUNINA Veronika,MISCHEK-COLUCCI Karoline,3,0,"15,11,11|13,6,8",QUAL,OTHER,WS,3101,Qualification,MATIUNINA Veronika (UKR),MISCHEK-COLUCCI Karoline (AUT),MATIUNINA Veronika
European Championships 2024,2024-10-15,MERENCO Camelia,HANSEN Maja,3,1,"11,11,7,11|9,4,11,9",QUAL,OTHER,WS,3101,Qualification,MERENCO Camelia (MDA),HANSEN Maja (DEN),MERENCO Camelia
European Championships 2024,2024-10-15,JEGER Mateja,HARTBRICH Leonie,3,0,"12,11,15|10,8,13",QUAL,OTHER,WS,3101,Qualification,JEGER Mateja (CRO),HARTBRICH Leonie (HUN),JEGER Mateja
European Championships 2024,2024-10-15,RAD Elvira,KALVATN Christine,3,1,"11,9,11,11|3,11,0,6",QUAL,OTHER,WS,3101,Qualification,RAD Elvira (ESP),KALVATN Christine (NOR),RAD Elvira
European Championships 2024,2024-10-15,JEGER Mateja,KALVATN Christine,3,0,"11,11,11|1,8,6",QUAL,OTHER,WS,3101,Qualification,JEGER Mateja (CRO),KALVATN Christine (NOR),JEGER Mateja
European Championships 2024,2024-10-15,HARTBRICH Leonie,RAD Elvira,3,1,"9,11,11,11|11,9,9,8",QUAL,OTHER,WS,3101,Qualification,HARTBRICH Leonie (HUN),RAD Elvira (ESP),HARTBRICH Leonie
European Championships 2024,2024-10-15,RAD Elvira,JEGER Mateja,3,1,"7,13,11,11|11,11,6,6",QUAL,OTHER,WS,3101,Qualification,RAD Elvira (ESP),JEGER Mateja (CRO),RAD Elvira
European Championships 2024,2024-10-15,HARTBRICH Leonie,KALVATN Christine,3,1,"9,11,12,12|11,9,10,10",QUAL,OTHER,WS,3101,Qualification,HARTBRICH Leonie (HUN),KALVATN Christine (NOR),HARTBRICH Leonie
European Championships 2024,2024-10-15,LIU Yuan,BRZYSKA Anna,3,0,"12,13,11|10,11,4",QUAL,OTHER,WS,3101,Qualification,LIU Yuan (AUT),BRZYSKA Anna (POL),LIU Yuan
European Championships 2024,2024-10-15,YILMAZ Ozge,SANTOS Patricia,3,0,"11,11,11|9,2,5",QUAL,OTHER,WS,3101,Qualification,YILMAZ Ozge (TUR),SANTOS Patricia (POR),YILMAZ Ozge
European Championships 2024,2024-10-15,BRZYSKA Anna,SANTOS Patricia,3,0,"11,11,11|7,7,7",QUAL,OTHER,WS,3101,Qualification,BRZYSKA Anna (POL),SANTOS Patricia (POR),BRZYSKA Anna
European Championships 2024,2024-10-15,LIU Yuan,YILMAZ Ozge,3,2,"11,4,11,8,11|5,11,7,11,8",QUAL,OTHER,WS,3101,Qualification,LIU Yuan (AUT),YILMAZ Ozge (TUR),LIU Yuan
European Championships 2024,2024-10-15,YILMAZ Ozge,BRZYSKA Anna,3,1,"8,12,11,13|11,10,8,11",QUAL,OTHER,WS,3101,Qualification,YILMAZ Ozge (TUR),BRZYSKA Anna (POL),YILMAZ Ozge
European Championships 2024,2024-10-15,LIU Yuan,SANTOS Patricia,3,0,"11,11,11|5,9,8",QUAL,OTHER,WS,3101,Qualification,LIU Yuan (AUT),SANTOS Patricia (POR),LIU Yuan
European Championships 2024,2024-10-15,LABOSOVA Ema,JERSOVA Aleksandra,3,0,"11,11,11|6,9,2",QUAL,OTHER,WS,3101,Qualification,LABOSOVA Ema (SVK),JERSOVA Aleksandra (LAT),LABOSOVA Ema
European Championships 2024,2024-10-15,SKERBINZ Nina,BOGDANOWICZ Natalia,3,1,"11,8,11,11|4,11,5,7",QUAL,OTHER,WS,3101,Qualification,SKERBINZ Nina (AUT),BOGDANOWICZ Natalia (POL),SKERBINZ Nina
European Championships 2024,2024-10-15,SKERBINZ Nina,LABOSOVA Ema,3,1,"8,11,11,11|11,5,7,5",QUAL,OTHER,WS,3101,Qualification,SKERBINZ Nina (AUT),LABOSOVA Ema (SVK),SKERBINZ Nina
European Championships 2024,2024-10-15,BOGDANOWICZ Natalia,JERSOVA Aleksandra,3,0,"11,11,15|5,1,13",QUAL,OTHER,WS,3101,Qualification,BOGDANOWICZ Natalia (POL),JERSOVA Aleksandra (LAT),BOGDANOWICZ Natalia
European Championships 2024,2024-10-15,LABOSOVA Ema,BOGDANOWICZ Natalia,3,1,"9,11,11,13|11,8,9,11",QUAL,OTHER,WS,3101,Qualification,LABOSOVA Ema (SVK),BOGDANOWICZ Natalia (POL),LABOSOVA Ema
European Championships 2024,2024-10-15,SKERBINZ Nina,JERSOVA Aleksandra,3,0,"11,11,11|8,7,6",QUAL,OTHER,WS,3101,Qualification,SKERBINZ Nina (AUT),JERSOVA Aleksandra (LAT),SKERBINZ Nina
European Championships 2024,2024-10-15,HO Tin-Tin,LEGGETT Faye,3,0,"11,11,11|1,3,2",QUAL,OTHER,WS,3101,Qualification,HO Tin-Tin (ENG),LEGGETT Faye (SCO),HO Tin-Tin
European Championships 2024,2024-10-15,CHIRIACOVA Alexandra,TOKIC Sara,3,0,"11,11,11|4,9,6",QUAL,OTHER,WS,3101,Qualification,CHIRIACOVA Alexandra (MDA),TOKIC Sara (SLO),CHIRIACOVA Alexandra
European Championships 2024,2024-10-15,HO Tin-Tin,CHIRIACOVA Alexandra,3,0,"11,11,11|6,5,7",QUAL,OTHER,WS,3101,Qualification,HO Tin-Tin (ENG),CHIRIACOVA Alexandra (MDA),HO Tin-Tin
European Championships 2024,2024-10-15,TOKIC Sara,LEGGETT Faye,3,0,"11,11,11|9,3,4",QUAL,OTHER,WS,3101,Qualification,TOKIC Sara (SLO),LEGGETT Faye (SCO),TOKIC Sara
European Championships 2024,2024-10-15,TOKIC Sara,HO Tin-Tin,3,2,"13,9,11,6,11|11,11,6,11,7",QUAL,OTHER,WS,3101,Qualification,TOKIC Sara (SLO),HO Tin-Tin (ENG),TOKIC Sara
European Championships 2024,2024-10-15,CHIRIACOVA Alexandra,LEGGETT Faye,3,0,"11,11,11|3,2,3",QUAL,OTHER,WS,3101,Qualification,CHIRIACOVA Alexandra (MDA),LEGGETT Faye (SCO),CHIRIACOVA Alexandra
European Championships 2024,2024-10-15,HOCHART Leana,GIRLEA Maria,3,0,"11,11,11|6,3,3",QUAL,OTHER,WS,3101,Qualification,HOCHART Leana (FRA),GIRLEA Maria (FIN),HOCHART Leana
European Championships 2024,2024-10-15,MATOS Ines,ROOSE Alma,3,1,"9,11,11,11|11,6,9,6",QUAL,OTHER,WS,3101,Qualification,MATOS Ines (POR),ROOSE Alma (SWE),MATOS Ines
European Championships 2024,2024-10-15,HOCHART Leana,ROOSE Alma,3,0,"11,11,11|4,6,6",QUAL,OTHER,WS,3101,Qualification,HOCHART Leana (FRA),ROOSE Alma (SWE),HOCHART Leana
European Championships 2024,2024-10-15,MATOS Ines,GIRLEA Maria,3,2,"12,5,12,11,11|14,11,10,8,9",QUAL,OTHER,WS,3101,Qualification,MATOS Ines (POR),GIRLEA Maria (FIN),MATOS Ines
European Championships 2024,2024-10-15,HOCHART Leana,MATOS Ines,3,2,"11,11,5,8,19|6,8,11,11,17",QUAL,OTHER,WS,3101,Qualification,HOCHART Leana (FRA),MATOS Ines (POR),HOCHART Leana
European Championships 2024,2024-10-15,GIRLEA Maria,ROOSE Alma,3,1,"10,13,11,11|12,11,3,7",QUAL,OTHER,WS,3101,Qualification,GIRLEA Maria (FIN),ROOSE Alma (SWE),GIRLEA Maria
European Championships 2024,2024-10-15,BLASKOVA Zdena,KISEL Darya,3,2,"7,8,11,11,11|11,11,6,6,4",QUAL,OTHER,WS,3101,Qualification,BLASKOVA Zdena (CZE),KISEL Darya (AIN),BLASKOVA Zdena
European Championships 2024,2024-10-15,TOFANT Ana,MUSAJEVA Sabina,3,0,"11,11,11|6,5,7",QUAL,OTHER,WS,3101,Qualification,TOFANT Ana (SLO),MUSAJEVA Sabina (LAT),TOFANT Ana
European Championships 2024,2024-10-15,BLASKOVA Zdena,MUSAJEVA Sabina,3,1,"9,11,11,11|11,3,4,6",QUAL,OTHER,WS,3101,Qualification,BLASKOVA Zdena (CZE),MUSAJEVA Sabina (LAT),BLASKOVA Zdena
European Championships 2024,2024-10-15,TOFANT Ana,KISEL Darya,3,0,"11,11,11|9,9,5",QUAL,OTHER,WS,3101,Qualification,TOFANT Ana (SLO),KISEL Darya (AIN),TOFANT Ana
European Championships 2024,2024-10-15,TOFANT Ana,BLASKOVA Zdena,3,1,"11,8,11,11|9,11,7,7",QUAL,OTHER,WS,3101,Qualification,TOFANT Ana (SLO),BLASKOVA Zdena (CZE),TOFANT Ana
European Championships 2024,2024-10-15,KISEL Darya,MUSAJEVA Sabina,3,0,"11,11,11|6,3,3",QUAL,OTHER,WS,3101,Qualification,KISEL Darya (AIN),MUSAJEVA Sabina (LAT),KISEL Darya
European Championships 2024,2024-10-15,KLEE Sophia,NIKOLOV Amelia,3,0,"11,11,11|6,4,4",QUAL,OTHER,WS,3101,Qualification,KLEE Sophia (GER),NIKOLOV Amelia (MKD),KLEE Sophia
European Championships 2024,2024-10-15,PINTO Matilde,MIKAYILOVA Zemfira,3,0,"11,11,11|9,8,2",QUAL,OTHER,WS,3101,Qualification,PINTO Matilde (POR),MIKAYILOVA Zemfira (AZE),PINTO Matilde
European Championships 2024,2024-10-15,KLEE Sophia,MIKAYILOVA Zemfira,3,0,"11,11,11|6,3,9",QUAL,OTHER,WS,3101,Qualification,KLEE Sophia (GER),MIKAYILOVA Zemfira (AZE),KLEE Sophia
European Championships 2024,2024-10-15,PINTO Matilde,NIKOLOV Amelia,3,0,"12,11,11|10,6,3",QUAL,OTHER,WS,3101,Qualification,PINTO Matilde (POR),NIKOLOV Amelia (MKD),PINTO Matilde
European Championships 2024,2024-10-15,KLEE Sophia,PINTO Matilde,3,0,"11,11,11|6,4,9",QUAL,OTHER,WS,3101,Qualification,KLEE Sophia (GER),PINTO Matilde (POR),KLEE Sophia
European Championships 2024,2024-10-15,NIKOLOV Amelia,MIKAYILOVA Zemfira,3,0,"11,11,11|3,9,5",QUAL,OTHER,WS,3101,Qualification,NIKOLOV Amelia (MKD),MIKAYILOVA Zemfira (AZE),NIKOLOV Amelia
European Championships 2024,2024-10-15,RILISKYTE Kornelija,DEGRAEF Margo,3,0,"11,11,13|9,9,11",QUAL,OTHER,WS,3101,Qualification,RILISKYTE Kornelija (LTU),DEGRAEF Margo (BEL),RILISKYTE Kornelija
European Championships 2024,2024-10-15,GRIESEL Mia,ABDULHAMIDOVA Laman,3,0,"11,11,13|2,6,11",QUAL,OTHER,WS,3101,Qualification,GRIESEL Mia (GER),ABDULHAMIDOVA Laman (AZE),GRIESEL Mia
European Championships 2024,2024-10-15,DEGRAEF Margo,ABDULHAMIDOVA Laman,3,0,"11,11,11|3,6,5",QUAL,OTHER,WS,3101,Qualification,DEGRAEF Margo (BEL),ABDULHAMIDOVA Laman (AZE),DEGRAEF Margo
European Championships 2024,2024-10-15,RILISKYTE Kornelija,GRIESEL Mia,3,0,"12,11,11|10,5,7",QUAL,OTHER,WS,3101,Qualification,RILISKYTE Kornelija (LTU),GRIESEL Mia (GER),RILISKYTE Kornelija
European Championships 2024,2024-10-15,GRIESEL Mia,DEGRAEF Margo,3,1,"11,11,10,11|9,3,12,6",QUAL,OTHER,WS,3101,Qualification,GRIESEL Mia (GER),DEGRAEF Margo (BEL),GRIESEL Mia
European Championships 2024,2024-10-15,RILISKYTE Kornelija,ABDULHAMIDOVA Laman,3,0,"11,11,11|1,8,3",QUAL,OTHER,WS,3101,Qualification,RILISKYTE Kornelija (LTU),ABDULHAMIDOVA Laman (AZE),RILISKYTE Kornelija
European Championships 2024,2024-10-15,ARLIA Nicole,ABRAMAVICIUTE Eivile,3,0,"11,13,11|5,11,8",QUAL,OTHER,WS,3101,Qualification,ARLIA Nicole (ITA),ABRAMAVICIUTE Eivile (LTU),ARLIA Nicole
European Championships 2024,2024-10-15,BETZ Ramona Maarit,COLL Silvia,3,2,"11,9,11,3,13|9,11,9,11,11",QUAL,OTHER,WS,3101,Qualification,BETZ Ramona Maarit (FIN),COLL Silvia (ESP),BETZ Ramona Maarit
European Championships 2024,2024-10-15,ARLIA Nicole,BETZ Ramona Maarit,3,1,"11,11,5,12|9,2,11,10",QUAL,OTHER,WS,3101,Qualification,ARLIA Nicole (ITA),BETZ Ramona Maarit (FIN),ARLIA Nicole
European Championships 2024,2024-10-15,COLL Silvia,ABRAMAVICIUTE Eivile,3,0,"11,11,11|8,5,3",QUAL,OTHER,WS,3101,Qualification,COLL Silvia (ESP),ABRAMAVICIUTE Eivile (LTU),COLL Silvia
European Championships 2024,2024-10-15,ARLIA Nicole,COLL Silvia,3,0,"11,11,11|6,3,9",QUAL,OTHER,WS,3101,Qualification,ARLIA Nicole (ITA),COLL Silvia (ESP),ARLIA Nicole
European Championships 2024,2024-10-15,BETZ Ramona Maarit,ABRAMAVICIUTE Eivile,3,2,"12,11,8,8,11|10,3,11,11,3",QUAL,OTHER,WS,3101,Qualification,BETZ Ramona Maarit (FIN),ABRAMAVICIUTE Eivile (LTU),BETZ Ramona Maarit
European Championships 2024,2024-10-15,HARAC Ece,KHALID Alisa,3,0,"11,11,11|3,6,6",QUAL,OTHER,WS,3101,Qualification,HARAC Ece (TUR),KHALID Alisa (SCO),HARAC Ece
European Championships 2024,2024-10-15,MAKSUTI Aneta,PAVLOVIC Andrea,3,1,"11,11,6,11|3,5,11,9",QUAL,OTHER,WS,3101,Qualification,MAKSUTI Aneta (SRB),PAVLOVIC Andrea (CRO),MAKSUTI Aneta
European Championships 2024,2024-10-15,MAKSUTI Aneta,HARAC Ece,3,2,"7,12,7,11,11|11,10,11,9,6",QUAL,OTHER,WS,3101,Qualification,MAKSUTI Aneta (SRB),HARAC Ece (TUR),MAKSUTI Aneta
European Championships 2024,2024-10-15,PAVLOVIC Andrea,KHALID Alisa,3,0,"11,11,11|3,4,7",QUAL,OTHER,WS,3101,Qualification,PAVLOVIC Andrea (CRO),KHALID Alisa (SCO),PAVLOVIC Andrea
European Championships 2024,2024-10-15,HARAC Ece,PAVLOVIC Andrea,3,0,"11,11,11|3,7,3",QUAL,OTHER,WS,3101,Qualification,HARAC Ece (TUR),PAVLOVIC Andrea (CRO),HARAC Ece
European Championships 2024,2024-10-15,MAKSUTI Aneta,KHALID Alisa,3,0,"11,11,11|2,4,4",QUAL,OTHER,WS,3101,Qualification,MAKSUTI Aneta (SRB),KHALID Alisa (SCO),MAKSUTI Aneta
European Championships 2024,2024-10-15,SKERBINZ Nina,HANSSON Matilda,3,2,"8,11,12,10,12|11,4,10,12,10",QR32,OTHER,WS,3101,Qualification,SKERBINZ Nina (AUT),HANSSON Matilda (SWE),SKERBINZ Nina
European Championships 2024,2024-10-15,HO Tin-Tin,MEN Shuohan,3,0,"14,11,11|12,5,7",QR32,OTHER,WS,3101,Qualification,HO Tin-Tin (ENG),MEN Shuohan (NED),HO Tin-Tin
European Championships 2024,2024-10-15,KLEE Sophia,TOFTAKER Martine,3,2,"10,11,7,11,11|12,9,11,8,3",QR32,OTHER,WS,3101,Qualification,KLEE Sophia (GER),TOFTAKER Martine (NOR),KLEE Sophia
European Championships 2024,2024-10-15,ARLIA Nicole,TERPOU Elisavet,3,1,"11,11,9,11|2,8,11,7",QR32,OTHER,WS,3101,Qualification,ARLIA Nicole (ITA),TERPOU Elisavet (GRE),ARLIA Nicole
European Championships 2024,2024-10-15,TOLIOU Aikaterini,HARAC Ece,3,1,"9,12,11,11|11,10,9,5",QR32,OTHER,WS,3101,Qualification,TOLIOU Aikaterini (GRE),HARAC Ece (TUR),TOLIOU Aikaterini
European Championships 2024,2024-10-15,BETZ Ramona Maarit,VENDELBO Emma,3,0,"11,11,11|9,8,8",QR32,OTHER,WS,3101,Qualification,BETZ Ramona Maarit (FIN),VENDELBO Emma (DEN),BETZ Ramona Maarit
European Championships 2024,2024-10-15,GRIESEL Mia,BERGAND Filippa,3,1,"11,6,11,11|7,11,5,7",QR32,OTHER,WS,3101,Qualification,GRIESEL Mia (GER),BERGAND Filippa (SWE),GRIESEL Mia
European Championships 2024,2024-10-15,PINTO Matilde,DYMYTRENKO Anastasiya,3,0,"11,11,13|6,8,11",QR32,OTHER,WS,3101,Qualification,PINTO Matilde (POR),DYMYTRENKO Anastasiya (UKR),PINTO Matilde
European Championships 2024,2024-10-15,STERNER Anastasia,BLASKOVA Zdena,3,1,"11,11,9,11|4,8,11,6",QR32,OTHER,WS,3101,Qualification,STERNER Anastasia (AUT),BLASKOVA Zdena (CZE),STERNER Anastasia
European Championships 2024,2024-10-15,MATOS Ines,MISCHEK-COLUCCI Karoline,3,1,"11,7,11,11|7,11,3,9",QR32,OTHER,WS,3101,Qualification,MATOS Ines (POR),MISCHEK-COLUCCI Karoline (AUT),MATOS Ines
European Championships 2024,2024-10-15,CHIRIACOVA Alexandra,RAD Elvira,3,2,"5,11,10,11,11|11,7,12,9,7",QR32,OTHER,WS,3101,Qualification,CHIRIACOVA Alexandra (MDA),RAD Elvira (ESP),CHIRIACOVA Alexandra
European Championships 2024,2024-10-15,YILMAZ Ozge,LABOSOVA Ema,3,2,"11,11,6,9,11|5,7,11,11,7",QR32,OTHER,WS,3101,Qualification,YILMAZ Ozge (TUR),LABOSOVA Ema (SVK),YILMAZ Ozge
European Championships 2024,2024-10-15,HOCHART Leana,WEGRZYN Katarzyna,3,0,"11,11,12|6,6,10",QR32,OTHER,WS,3101,Qualification,HOCHART Leana (FRA),WEGRZYN Katarzyna (POL),HOCHART Leana
European Championships 2024,2024-10-15,CAREY Charlotte,TOFANT Ana,3,1,"7,11,13,11|11,5,11,8",QR32,OTHER,WS,3101,Qualification,CAREY Charlotte (WAL),TOFANT Ana (SLO),CAREY Charlotte
European Championships 2024,2024-10-15,BERZOSA Maria,RILISKYTE Kornelija,3,2,"5,11,11,6,11|11,5,8,11,9",QR32,OTHER,WS,3101,Qualification,BERZOSA Maria (ESP),RILISKYTE Kornelija (LTU),BERZOSA Maria
European Championships 2024,2024-10-15,MAKSUTI Aneta,POLAKOVA Veronika,3,0,"11,11,11|9,6,7",QR32,OTHER,WS,3101,Qualification,MAKSUTI Aneta (SRB),POLAKOVA Veronika (CZE),MAKSUTI Aneta
European Championships 2024,2024-10-15,YUAN Jia Nan,STERNER Anastasia,4,1,"9,11,11,13,11|11,9,5,11,4",R64,OTHER,WS,3101,Main Draw,YUAN Jia Nan (FRA),STERNER Anastasia (AUT),YUAN Jia Nan
European Championships 2024,2024-10-15,MITTELHAM Nina,TOLIOU Aikaterini,4,0,"11,11,11,11|6,7,6,7",R64,OTHER,WS,3101,Main Draw,MITTELHAM Nina (GER),TOLIOU Aikaterini (GRE),MITTELHAM Nina
European Championships 2024,2024-10-15,MONFARDINI Gaia,DE NUTTE Sarah,4,2,"11,10,11,11,9,11|5,12,6,8,11,9",R64,OTHER,WS,3101,Main Draw,MONFARDINI Gaia (ITA),DE NUTTE Sarah (LUX),MONFARDINI Gaia
European Championships 2024,2024-10-15,MORET Rachel,PESOTSKA Margaryta,4,1,"11,15,11,9,11|8,13,7,11,5",R64,OTHER,WS,3101,Main Draw,MORET Rachel (SUI),PESOTSKA Margaryta (UKR),MORET Rachel
European Championships 2024,2024-10-15,YU Fu,GRIESEL Mia,4,0,"11,11,11,11|8,2,8,9",R64,OTHER,WS,3101,Main Draw,YU Fu (POR),GRIESEL Mia (GER),YU Fu
European Championships 2024,2024-10-15,SHAO Jieni,BETZ Ramona Maarit,4,0,"11,11,11,11|3,7,5,3",R64,OTHER,WS,3101,Main Draw,SHAO Jieni (POR),BETZ Ramona Maarit (FIN),SHAO Jieni
European Championships 2024,2024-10-15,JEGER Mateja,ALTINKAYA Sibel,4,2,"9,13,11,11,11,12|11,15,6,3,8,10",R64,OTHER,WS,3101,Main Draw,JEGER Mateja (CRO),ALTINKAYA Sibel (TUR),JEGER Mateja
European Championships 2024,2024-10-15,KALLBERG Christina,MATOS Ines,4,3,"13,6,11,5,5,11,11|11,11,4,11,11,6,7",R64,OTHER,WS,3101,Main Draw,KALLBERG Christina (SWE),MATOS Ines (POR),KALLBERG Christina
European Championships 2024,2024-10-15,HOCHART Leana,EERLAND Britt,4,3,"14,12,11,12,8,5,11|16,10,7,10,11,11,6",R64,OTHER,WS,3101,Main Draw,HOCHART Leana (FRA),EERLAND Britt (NED),HOCHART Leana
European Championships 2024,2024-10-15,WAN Yuan,ZHANG Sofia-Xuan,4,2,"5,11,11,12,9,11|11,8,5,10,11,4",R64,OTHER,WS,3101,Main Draw,WAN Yuan (GER),ZHANG Sofia-Xuan (ESP),WAN Yuan
European Championships 2024,2024-10-15,HO Tin-Tin,BAJOR Natalia,4,1,"11,4,11,11,11|7,11,7,9,9",R64,OTHER,WS,3101,Main Draw,HO Tin-Tin (ENG),BAJOR Natalia (POL),HO Tin-Tin
European Championships 2024,2024-10-15,YAREMCHUK Solomiya,LUTZ Camille,4,2,"7,6,11,11,11,11|11,11,5,7,9,5",R64,OTHER,WS,3101,Main Draw,YAREMCHUK Solomiya (UKR),LUTZ Camille (FRA),YAREMCHUK Solomiya
European Championships 2024,2024-10-15,SCHREINER Franziska,ARAPOVIC Hana,4,3,"11,11,2,8,4,11,11|7,6,11,11,11,9,9",R64,OTHER,WS,3101,Main Draw,SCHREINER Franziska (GER),ARAPOVIC Hana (CRO),SCHREINER Franziska
European Championships 2024,2024-10-15,WINTER Sabine,PINTO Matilde,4,0,"11,11,11,11|9,8,4,6",R64,OTHER,WS,3101,Main Draw,WINTER Sabine (GER),PINTO Matilde (POR),WINTER Sabine
European Championships 2024,2024-10-15,HURSEY Anna,LIU Yuan,4,3,"12,10,11,11,2,10,11|10,12,9,7,11,12,5",R64,OTHER,WS,3101,Main Draw,HURSEY Anna (WAL),LIU Yuan (AUT),HURSEY Anna
European Championships 2024,2024-10-15,MATIUNINA Veronika,SINGEORZAN Ioana,4,3,"7,11,10,11,11,11,11|11,13,12,9,4,9,7",R64,OTHER,WS,3101,Main Draw,MATIUNINA Veronika (UKR),SINGEORZAN Ioana (ROU),MATIUNINA Veronika
European Championships 2024,2024-10-15,SZOCS Bernadette,BERZOSA Maria,4,0,"11,11,11,11|4,2,6,8",R64,OTHER,WS,3101,Main Draw,SZOCS Bernadette (ROU),BERZOSA Maria (ESP),SZOCS Bernadette
European Championships 2024,2024-10-15,MALOBABIC Ivana,GEORGIEVA Tsvetelina,4,0,"11,11,11,11|8,7,8,7",R64,OTHER,WS,3101,Main Draw,MALOBABIC Ivana (CRO),GEORGIEVA Tsvetelina (BUL),MALOBABIC Ivana
European Championships 2024,2024-10-15,BERGSTROM Linda,CHIRIACOVA Alexandra,4,0,"11,11,12,11|3,4,10,8",R64,OTHER,WS,3101,Main Draw,BERGSTROM Linda (SWE),CHIRIACOVA Alexandra (MDA),BERGSTROM Linda
European Championships 2024,2024-10-15,MAKSUTI Aneta,MATELOVA Hana,4,3,"9,9,8,11,11,11,11|11,11,11,7,7,5,7",R64,OTHER,WS,3101,Main Draw,MAKSUTI Aneta (SRB),MATELOVA Hana (CZE),MAKSUTI Aneta
European Championships 2024,2024-10-15,LUPULESKU Izabela,RAKOVAC Lea,4,1,"8,11,14,11,13|11,5,12,6,11",R64,OTHER,WS,3101,Main Draw,LUPULESKU Izabela (SRB),RAKOVAC Lea (CRO),LUPULESKU Izabela
European Championships 2024,2024-10-15,LUTZ Charlotte,VARADY Barbora,4,0,"11,11,11,11|5,8,8,5",R64,OTHER,WS,3101,Main Draw,LUTZ Charlotte (FRA),VARADY Barbora (SVK),LUTZ Charlotte
European Championships 2024,2024-10-15,PAVADE Prithika,ARLIA Nicole,4,0,"15,11,11,11|13,8,8,6",R64,OTHER,WS,3101,Main Draw,PAVADE Prithika (FRA),ARLIA Nicole (ITA),PAVADE Prithika
European Championships 2024,2024-10-15,SAMARA Elizabeta,SKERBINZ Nina,4,1,"9,12,11,12,11|11,10,4,10,4",R64,OTHER,WS,3101,Main Draw,SAMARA Elizabeta (ROU),SKERBINZ Nina (AUT),SAMARA Elizabeta
European Championships 2024,2024-10-15,KAUFMANN Annett,ZAHARIA Elena,4,0,"11,11,11,11|6,2,3,9",R64,OTHER,WS,3101,Main Draw,KAUFMANN Annett (GER),ZAHARIA Elena (ROU),KAUFMANN Annett
European Championships 2024,2024-10-15,POTA Georgina,KUKULKOVA Tatiana,4,3,"11,7,7,11,11,10,11|8,11,11,4,9,12,5",R64,OTHER,WS,3101,Main Draw,POTA Georgina (HUN),KUKULKOVA Tatiana (SVK),POTA Georgina
European Championships 2024,2024-10-15,XIAO Maria,SURJAN Sabina,4,2,"14,7,8,11,11,11|12,11,11,6,6,8",R64,OTHER,WS,3101,Main Draw,XIAO Maria (ESP),SURJAN Sabina (SRB),XIAO Maria
European Championships 2024,2024-10-15,DIACONU Adina,YILMAZ Ozge,4,2,"11,14,11,10,11,12|4,16,4,12,1,10",R64,OTHER,WS,3101,Main Draw,DIACONU Adina (ROU),YILMAZ Ozge (TUR),DIACONU Adina
European Championships 2024,2024-10-15,PICCOLIN Giorgia,KLEE Sophia,4,1,"11,11,11,6,12|7,9,3,11,10",R64,OTHER,WS,3101,Main Draw,PICCOLIN Giorgia (ITA),KLEE Sophia (GER),PICCOLIN Giorgia
European Championships 2024,2024-10-15,DRAGOMAN Andreea,ZARIF Audrey,4,3,"5,9,11,11,11,4,11|11,11,6,2,7,11,5",R64,OTHER,WS,3101,Main Draw,DRAGOMAN Andreea (ROU),ZARIF Audrey (FRA),DRAGOMAN Andreea
European Championships 2024,2024-10-15,BALINT Bernadett,VIVARELLI Debora,4,1,"9,11,11,11,11|11,7,9,7,9",R64,OTHER,WS,3101,Main Draw,BALINT Bernadett (HUN),VIVARELLI Debora (ITA),BALINT Bernadett
European Championships 2024,2024-10-15,POLCANOVA Sofia,CAREY Charlotte,4,0,"11,12,11,11|7,10,5,8",R64,OTHER,WS,3101,Main Draw,POLCANOVA Sofia (AUT),CAREY Charlotte (WAL),POLCANOVA Sofia
European Championships 2024,2024-10-15,LUPULESKU Izabela,MAKSUTI Aneta,4,3,"11,9,11,10,5,11,11|2,11,8,12,11,8,4",R32,OTHER,WS,3101,Main Draw,LUPULESKU Izabela (SRB),MAKSUTI Aneta (SRB),LUPULESKU Izabela
European Championships 2024,2024-10-15,XIAO Maria,DIACONU Adina,4,2,"11,11,9,11,5,11|2,6,11,8,11,9",R32,OTHER,WS,3101,Main Draw,XIAO Maria (ESP),DIACONU Adina (ROU),XIAO Maria
European Championships 2024,2024-10-15,DRAGOMAN Andreea,PICCOLIN Giorgia,4,1,"9,11,12,11,11|11,6,10,7,5",R32,OTHER,WS,3101,Main Draw,DRAGOMAN Andreea (ROU),PICCOLIN Giorgia (ITA),DRAGOMAN Andreea
European Championships 2024,2024-10-15,POLCANOVA Sofia,MATIUNINA Veronika,4,0,"11,11,11,11|5,4,6,8",R32,OTHER,WS,3101,Main Draw,POLCANOVA Sofia (AUT),MATIUNINA Veronika (UKR),POLCANOVA Sofia
European Championships 2024,2024-10-15,SZOCS Bernadette,KAUFMANN Annett,4,0,"11,11,11,11|8,2,3,9",R32,OTHER,WS,3101,Main Draw,SZOCS Bernadette (ROU),KAUFMANN Annett (GER),SZOCS Bernadette
European Championships 2024,2024-10-15,POTA Georgina,PAVADE Prithika,4,1,"11,9,11,11,13|9,11,9,9,11",R32,OTHER,WS,3101,Main Draw,POTA Georgina (HUN),PAVADE Prithika (FRA),POTA Georgina
European Championships 2024,2024-10-15,YU Fu,MORET Rachel,4,0,"11,11,11,11|6,3,2,7",R32,OTHER,WS,3101,Main Draw,YU Fu (POR),MORET Rachel (SUI),YU Fu
European Championships 2024,2024-10-15,WAN Yuan,HO Tin-Tin,4,3,"11,3,11,4,8,11,11|6,11,7,11,11,3,8",R32,OTHER,WS,3101,Main Draw,WAN Yuan (GER),HO Tin-Tin (ENG),WAN Yuan
European Championships 2024,2024-10-15,MITTELHAM Nina,MONFARDINI Gaia,4,3,"6,8,16,11,11,6,11|11,11,14,9,7,11,6",R32,OTHER,WS,3101,Main Draw,MITTELHAM Nina (GER),MONFARDINI Gaia (ITA),MITTELHAM Nina
European Championships 2024,2024-10-15,SHAO Jieni,JEGER Mateja,4,3,"11,9,13,11,5,8,11|4,11,11,7,11,11,7",R32,OTHER,WS,3101,Main Draw,SHAO Jieni (POR),JEGER Mateja (CRO),SHAO Jieni
European Championships 2024,2024-10-15,WINTER Sabine,SCHREINER Franziska,4,1,"11,8,11,11,16|9,11,6,7,14",R32,OTHER,WS,3101,Main Draw,WINTER Sabine (GER),SCHREINER Franziska (GER),WINTER Sabine
European Championships 2024,2024-10-15,KALLBERG Christina,HURSEY Anna,4,0,"12,11,11,11|10,5,9,6",R32,OTHER,WS,3101,Main Draw,KALLBERG Christina (SWE),HURSEY Anna (WAL),KALLBERG Christina
European Championships 2024,2024-10-15,BERGSTROM Linda,MALOBABIC Ivana,4,0,"11,11,11,11|9,6,8,8",R32,OTHER,WS,3101,Main Draw,BERGSTROM Linda (SWE),MALOBABIC Ivana (CRO),BERGSTROM Linda
European Championships 2024,2024-10-15,LUTZ Charlotte,HOCHART Leana,4,3,"4,11,7,11,11,6,11|11,3,11,9,9,11,5",R32,OTHER,WS,3101,Main Draw,LUTZ Charlotte (FRA),HOCHART Leana (FRA),LUTZ Charlotte
European Championships 2024,2024-10-15,YUAN Jia Nan,BALINT Bernadett,4,0,"12,11,11,11|10,3,2,8",R32,OTHER,WS,3101,Main Draw,YUAN Jia Nan (FRA),BALINT Bernadett (HUN),YUAN Jia Nan
European Championships 2024,2024-10-15,SAMARA Elizabeta,YAREMCHUK Solomiya,4,1,"8,11,11,11,12|11,4,9,8,10",R32,OTHER,WS,3101,Main Draw,SAMARA Elizabeta (ROU),YAREMCHUK Solomiya (UKR),SAMARA Elizabeta
European Championships 2024,2024-10-15,SZOCS Bernadette,BERGSTROM Linda,4,2,"9,11,6,11,11,13|11,6,11,7,8,11",R16,OTHER,WS,3101,Main Draw,SZOCS Bernadette (ROU),BERGSTROM Linda (SWE),SZOCS Bernadette
European Championships 2024,2024-10-15,XIAO Maria,POTA Georgina,4,2,"5,9,11,11,11,14|11,11,7,8,7,12",R16,OTHER,WS,3101,Main Draw,XIAO Maria (ESP),POTA Georgina (HUN),XIAO Maria
European Championships 2024,2024-10-15,YUAN Jia Nan,DRAGOMAN Andreea,4,0,"11,11,11,11|6,8,2,7",R16,OTHER,WS,3101,Main Draw,YUAN Jia Nan (FRA),DRAGOMAN Andreea (ROU),YUAN Jia Nan
European Championships 2024,2024-10-15,WAN Yuan,SHAO Jieni,4,1,"15,11,11,11,11|13,13,9,7,9",R16,OTHER,WS,3101,Main Draw,WAN Yuan (GER),SHAO Jieni (POR),WAN Yuan
European Championships 2024,2024-10-15,LUTZ Charlotte,LUPULESKU Izabela,4,1,"9,11,11,11,11|11,4,3,7,2",R16,OTHER,WS,3101,Main Draw,LUTZ Charlotte (FRA),LUPULESKU Izabela (SRB),LUTZ Charlotte
European Championships 2024,2024-10-15,MITTELHAM Nina,YU Fu,4,2,"9,11,11,9,11,11|11,5,9,11,8,6",R16,OTHER,WS,3101,Main Draw,MITTELHAM Nina (GER),YU Fu (POR),MITTELHAM Nina
European Championships 2024,2024-10-15,WINTER Sabine,SAMARA Elizabeta,4,3,"12,6,11,10,13,12,11|10,11,5,12,15,10,6",R16,OTHER,WS,3101,Main Draw,WINTER Sabine (GER),SAMARA Elizabeta (ROU),WINTER Sabine
European Championships 2024,2024-10-15,POLCANOVA Sofia,KALLBERG Christina,4,0,"11,11,11,12|8,4,9,10",R16,OTHER,WS,3101,Main Draw,POLCANOVA Sofia (AUT),KALLBERG Christina (SWE),POLCANOVA Sofia
European Championships 2024,2024-10-15,XIAO Maria,YUAN Jia Nan,4,3,"13,11,11,13,3,11,11|15,8,13,11,11,7,3",QF,OTHER,WS,3101,Main Draw,XIAO Maria (ESP),YUAN Jia Nan (FRA),XIAO Maria
European Championships 2024,2024-10-15,MITTELHAM Nina,WAN Yuan,4,1,"11,11,9,11,11|6,5,11,7,8",QF,OTHER,WS,3101,Main Draw,MITTELHAM Nina (GER),WAN Yuan (GER),MITTELHAM Nina
European Championships 2024,2024-10-15,SZOCS Bernadette,LUTZ Charlotte,4,2,"11,7,11,8,12,11|6,11,5,11,10,9",QF,OTHER,WS,3101,Main Draw,SZOCS Bernadette (ROU),LUTZ Charlotte (FRA),SZOCS Bernadette
European Championships 2024,2024-10-15,POLCANOVA Sofia,WINTER Sabine,4,1,"7,11,11,11,12|11,8,3,8,10",QF,OTHER,WS,3101,Main Draw,POLCANOVA Sofia (AUT),WINTER Sabine (GER),POLCANOVA Sofia
European Championships 2024,2024-10-15,SZOCS Bernadette,XIAO Maria,4,1,"11,9,11,11,11|3,11,7,6,6",SF,OTHER,WS,3101,Main Draw,SZOCS Bernadette (ROU),XIAO Maria (ESP),SZOCS Bernadette
European Championships 2024,2024-10-15,POLCANOVA Sofia,MITTELHAM Nina,4,1,"12,11,10,11,11|10,7,12,4,6",SF,OTHER,WS,3101,Main Draw,POLCANOVA Sofia (AUT),MITTELHAM Nina (GER),POLCANOVA Sofia
European Championships 2024,2024-10-15,POLCANOVA Sofia,SZOCS Bernadette,4,1,"11,11,12,11,11|8,13,10,6,9",F,OTHER,WS,3101,Main Draw,POLCANOVA Sofia (AUT),SZOCS Bernadette (ROU),POLCANOVA Sofia
European Championships 2024,2024-10-15,PUTUNTICA Andrei/RILISKYTE Kornelija,STANOJKOVSKI Kristijan/NIKOLOV Amelia,3,0,"11,11,11|2,8,5",QR64,OTHER,XD,3101,Qualification,PUTUNTICA Andrei (MDA) / RILISKYTE Kornelija (LTU),STANOJKOVSKI Kristijan (MKD) / NIKOLOV Amelia (MKD),PUTUNTICA Andrei
European Championships 2024,2024-10-15,VAN OOST Kas/DEGRAEF Margo,MAMMADOV Nihad/ABDULHAMIDOVA Laman,3,1,"11,11,9,11|8,5,11,8",QR64,OTHER,XD,3101,Qualification,VAN OOST Kas (NED) / DEGRAEF Margo (BEL),MAMMADOV Nihad (AZE) / ABDULHAMIDOVA Laman (AZE),VAN OOST Kas
European Championships 2024,2024-10-15,HARDMEIER Elias/MEN Shuohan,BAJWA Danny/LEGGETT Faye,3,0,"11,11,11|6,4,6",QR64,OTHER,XD,3101,Qualification,HARDMEIER Elias (SUI) / MEN Shuohan (NED),BAJWA Danny (SCO) / LEGGETT Faye (SCO),HARDMEIER Elias
European Championships 2024,2024-10-15,OLAH Benedek/EERLAND Britt,JOHNSON Martin/KHALID Alisa,3,0,"11,12,11|5,10,5",QR64,OTHER,XD,3101,Qualification,OLAH Benedek (FIN) / EERLAND Britt (NED),JOHNSON Martin (SCO) / KHALID Alisa (SCO),OLAH Benedek
European Championships 2024,2024-10-15,ANGELAKIS Konstantinos/TOLIOU Aikaterini,BUCH Martin/HAAGENSEN Jocefina,3,0,"14,11,11|12,7,9",QR64,OTHER,XD,3101,Qualification,ANGELAKIS Konstantinos (GRE) / TOLIOU Aikaterini (GRE),BUCH Martin (DEN) / HAAGENSEN Jocefina (DEN),ANGELAKIS Konstantinos
European Championships 2024,2024-10-15,LEHTLAAN Pert/REINOL Vitalia,SPALIS Arturs/JERSOVA Aleksandra,3,0,"11,11,11|7,7,5",QR64,OTHER,XD,3101,Qualification,LEHTLAAN Pert (EST) / REINOL Vitalia (EST),SPALIS Arturs  (LAT) / JERSOVA Aleksandra (LAT),LEHTLAAN Pert
European Championships 2024,2024-10-15,CHRISTENSEN Thor/VENDELBO Emma,SHUTOV Nikon/KISEL Darya,3,2,"11,11,11,10,11|7,13,9,12,7",QR64,OTHER,XD,3101,Qualification,CHRISTENSEN Thor (DEN) / VENDELBO Emma (DEN),SHUTOV Nikon (AIN) / KISEL Darya (AIN),CHRISTENSEN Thor
European Championships 2024,2024-10-15,NAUMI Alex/DONNER Marina,KARTUZOVS Olegs/MUSAJEVA Sabina,3,0,"11,11,11|6,4,7",QR64,OTHER,XD,3101,Qualification,NAUMI Alex (FIN) / DONNER Marina (FIN),KARTUZOVS Olegs (LAT) / MUSAJEVA Sabina (LAT),NAUMI Alex
European Championships 2024,2024-10-15,CAMARA Gabrielius/MERENCO Camelia,PETKOV Vladimir/PERSOVA Viktoria,3,1,"11,12,10,11|9,10,12,9",QR64,OTHER,XD,3101,Qualification,CAMARA Gabrielius (NED) / MERENCO Camelia (MDA),PETKOV Vladimir (BUL) / PERSOVA Viktoria (BUL),CAMARA Gabrielius
European Championships 2024,2024-10-15,KOLODZIEJCZYK Maciej/STERNER Anastasia,SHUSHAN Eitay/DAVIDOV Elinor,3,2,"14,7,5,11,11|12,11,11,9,6",QR64,OTHER,XD,3101,Qualification,KOLODZIEJCZYK Maciej (AUT) / STERNER Anastasia (AUT),SHUSHAN Eitay (ISR) / DAVIDOV Elinor (ISR),KOLODZIEJCZYK Maciej
European Championships 2024,2024-10-15,MUTTI Matteo/VIVARELLI Debora,HAUG Borgar/TOFTAKER Martine,3,2,"11,8,3,11,14|9,11,11,7,12",QR64,OTHER,XD,3101,Qualification,MUTTI Matteo (ITA) / VIVARELLI Debora (ITA),HAUG Borgar (NOR) / TOFTAKER Martine (NOR),MUTTI Matteo
European Championships 2024,2024-10-15,FROSETH Martin/KALVATN Christine,HASANOV Hilal/MIKAYILOVA Zemfira,3,0,"11,11,13|7,6,11",QR64,OTHER,XD,3101,Qualification,FROSETH Martin (NOR) / KALVATN Christine (NOR),HASANOV Hilal (AZE) / MIKAYILOVA Zemfira (AZE),FROSETH Martin
European Championships 2024,2024-10-15,ZELJKO Filip/JEGER Mateja,ROLLAND Jules/LUTZ Camille,3,0,"11,11,11|9,8,6",QR64,OTHER,XD,3101,Qualification,ZELJKO Filip (CRO) / JEGER Mateja (CRO),ROLLAND Jules (FRA) / LUTZ Camille (FRA),ZELJKO Filip
European Championships 2024,2024-10-15,KUNATS Heorhi/MIASHCHANSKAYA Ulyana,MOOS Madis/HANSON Reelica,3,2,"11,13,11,4,11|9,11,13,11,9",QR64,OTHER,XD,3101,Qualification,KUNATS Heorhi (AIN) / MIASHCHANSKAYA Ulyana (AIN),MOOS Madis (EST) / HANSON Reelica (EST),KUNATS Heorhi
European Championships 2024,2024-10-15,GACEV Aleksa/SURJAN Sabina,REDZIMSKI Milosz/BAJOR Natalia,3,0,"11,11,11|9,6,7",QR64,OTHER,XD,3101,Qualification,GACEV Aleksa (SRB) / SURJAN Sabina (SRB),REDZIMSKI Milosz (POL) / BAJOR Natalia (POL),GACEV Aleksa
European Championships 2024,2024-10-15,PEREZ Juan/ZHANG Sofia-Xuan,ANDRAS Csaba/HARTBRICH Leonie,3,2,"7,6,11,11,11|11,11,6,5,3",QR64,OTHER,XD,3101,Qualification,PEREZ Juan (ESP) / ZHANG Sofia-Xuan (ESP),ANDRAS Csaba (HUN) / HARTBRICH Leonie (HUN),PEREZ Juan
European Championships 2024,2024-10-15,URSU Vladislav/CHIRIACOVA Alexandra,SISANOVAS Ignas/ABRAMAVICIUTE Eivile,3,0,"11,14,11|7,12,9",QR64,OTHER,XD,3101,Qualification,URSU Vladislav (MDA) / CHIRIACOVA Alexandra (MDA),SISANOVAS Ignas (LTU) / ABRAMAVICIUTE Eivile (LTU),URSU Vladislav
European Championships 2024,2024-10-15,PUTUNTICA Andrei/RILISKYTE Kornelija,ZAVADA Mykyta/MATIUNINA Veronika,3,0,"11,11,11|8,5,7",QR32,OTHER,XD,3101,Qualification,PUTUNTICA Andrei (MDA) / RILISKYTE Kornelija (LTU),ZAVADA Mykyta (UKR) / MATIUNINA Veronika (UKR),PUTUNTICA Andrei
European Championships 2024,2024-10-15,VAN OOST Kas/DEGRAEF Margo,STAMATOUROS Georgios/PAPADIMITRIOU Malamatenia,3,2,"5,11,11,13,11|11,1,8,15,8",QR32,OTHER,XD,3101,Qualification,VAN OOST Kas (NED) / DEGRAEF Margo (BEL),STAMATOUROS Georgios (GRE) / PAPADIMITRIOU Malamatenia (GRE),VAN OOST Kas
European Championships 2024,2024-10-15,HRIBAR Peter/TOFANT Ana,HARDMEIER Elias/MEN Shuohan,3,0,"13,11,11|11,5,4",QR32,OTHER,XD,3101,Qualification,HRIBAR Peter (SLO) / TOFANT Ana (SLO),HARDMEIER Elias (SUI) / MEN Shuohan (NED),HRIBAR Peter
European Championships 2024,2024-10-15,OLAH Benedek/EERLAND Britt,KOZUL Deni/TOKIC Sara,3,2,"14,11,7,4,11|12,8,11,11,5",QR32,OTHER,XD,3101,Qualification,OLAH Benedek (FIN) / EERLAND Britt (NED),KOZUL Deni (SLO) / TOKIC Sara (SLO),OLAH Benedek
European Championships 2024,2024-10-15,KARLSSON Mattias/BERGSTROM Linda,ANGELAKIS Konstantinos/TOLIOU Aikaterini,3,2,"11,7,4,11,11|5,11,11,4,8",QR32,OTHER,XD,3101,Qualification,KARLSSON Mattias (SWE) / BERGSTROM Linda (SWE),ANGELAKIS Konstantinos (GRE) / TOLIOU Aikaterini (GRE),KARLSSON Mattias
European Championships 2024,2024-10-15,KVETON Ondrej/POLAKOVA Veronika,LEHTLAAN Pert/REINOL Vitalia,3,1,"11,10,11,11|3,12,6,8",QR32,OTHER,XD,3101,Qualification,KVETON Ondrej (CZE) / POLAKOVA Veronika (CZE),LEHTLAAN Pert (EST) / REINOL Vitalia (EST),KVETON Ondrej
European Championships 2024,2024-10-15,FRANZISKA Patrick/KAUFMANN Annett,CHRISTENSEN Thor/VENDELBO Emma,3,0,"11,11,11|6,8,6",QR32,OTHER,XD,3101,Qualification,FRANZISKA Patrick (GER) / KAUFMANN Annett (GER),CHRISTENSEN Thor (DEN) / VENDELBO Emma (DEN),FRANZISKA Patrick
European Championships 2024,2024-10-15,NAUMI Alex/DONNER Marina,YIGENLER Abdullah/YILMAZ Ozge,3,1,"8,12,11,11|11,10,7,5",QR32,OTHER,XD,3101,Qualification,NAUMI Alex (FIN) / DONNER Marina (FIN),YIGENLER Abdullah (TUR) / YILMAZ Ozge (TUR),NAUMI Alex
European Championships 2024,2024-10-15,KUBIK Maciej/WEGRZYN Katarzyna,CAMARA Gabrielius/MERENCO Camelia,3,0,"11,11,11|7,6,2",QR32,OTHER,XD,3101,Qualification,KUBIK Maciej (POL) / WEGRZYN Katarzyna (POL),CAMARA Gabrielius (NED) / MERENCO Camelia (MDA),KUBIK Maciej
European Championships 2024,2024-10-15,MOULLET Barish/MORET Rachel,KOLODZIEJCZYK Maciej/STERNER Anastasia,3,0,"12,11,11|10,4,8",QR32,OTHER,XD,3101,Qualification,MOULLET Barish (SUI) / MORET Rachel (SUI),KOLODZIEJCZYK Maciej (AUT) / STERNER Anastasia (AUT),MOULLET Barish
European Championships 2024,2024-10-15,MUTTI Matteo/VIVARELLI Debora,VALENTA Jan/KODET Hanka,3,2,"8,11,11,11,11|11,9,13,3,8",QR32,OTHER,XD,3101,Qualification,MUTTI Matteo (ITA) / VIVARELLI Debora (ITA),VALENTA Jan (CZE) / KODET Hanka (CZE),MUTTI Matteo
European Championships 2024,2024-10-15,ABIODUN Tiago/SANTOS Patricia,FROSETH Martin/KALVATN Christine,3,0,"11,11,11|3,4,9",QR32,OTHER,XD,3101,Qualification,ABIODUN Tiago (POR) / SANTOS Patricia (POR),FROSETH Martin (NOR) / KALVATN Christine (NOR),ABIODUN Tiago
European Championships 2024,2024-10-15,BERTELSMEIER Andre/GRIESEL Mia,ZELJKO Filip/JEGER Mateja,3,0,"11,11,11|9,9,6",QR32,OTHER,XD,3101,Qualification,BERTELSMEIER Andre (GER) / GRIESEL Mia (GER),ZELJKO Filip (CRO) / JEGER Mateja (CRO),BERTELSMEIER Andre
European Championships 2024,2024-10-15,KUNATS Heorhi/MIASHCHANSKAYA Ulyana,VELICHKOV Yoan/YOVKOVA Maria,3,0,"13,11,11|11,5,6",QR32,OTHER,XD,3101,Qualification,KUNATS Heorhi (AIN) / MIASHCHANSKAYA Ulyana (AIN),VELICHKOV Yoan (BUL) / YOVKOVA Maria (BUL),KUNATS Heorhi
European Championships 2024,2024-10-15,GACEV Aleksa/SURJAN Sabina,PEREZ Juan/ZHANG Sofia-Xuan,3,2,"11,11,9,8,11|3,8,11,11,8",QR32,OTHER,XD,3101,Qualification,GACEV Aleksa (SRB) / SURJAN Sabina (SRB),PEREZ Juan (ESP) / ZHANG Sofia-Xuan (ESP),GACEV Aleksa
European Championships 2024,2024-10-15,WALKER Samuel/HO Tin-Tin,URSU Vladislav/CHIRIACOVA Alexandra,3,0,"11,12,11|9,10,6",QR32,OTHER,XD,3101,Qualification,WALKER Samuel (ENG) / HO Tin-Tin (ENG),URSU Vladislav (MDA) / CHIRIACOVA Alexandra (MDA),WALKER Samuel
European Championships 2024,2024-10-15,KARLSSON Kristian/KALLBERG Christina,KUNATS Heorhi/MIASHCHANSKAYA Ulyana,3,0,"11,11,11|3,8,2",R32,OTHER,XD,3101,Main Draw,KARLSSON Kristian (SWE) / KALLBERG Christina (SWE),KUNATS Heorhi (AIN) / MIASHCHANSKAYA Ulyana (AIN),KARLSSON Kristian
European Championships 2024,2024-10-15,ARPAS Samuel/VARADY Barbora,WALKER Samuel/HO Tin-Tin,3,1,"12,9,11,11|10,11,5,3",R32,OTHER,XD,3101,Main Draw,ARPAS Samuel (SVK) / VARADY Barbora (SVK),WALKER Samuel (ENG) / HO Tin-Tin (ENG),ARPAS Samuel
European Championships 2024,2024-10-15,GAUZY Simon/PAVADE Prithika,NAUMI Alex/DONNER Marina,3,0,"11,11,11|5,7,3",R32,OTHER,XD,3101,Main Draw,GAUZY Simon (FRA) / PAVADE Prithika (FRA),NAUMI Alex (FIN) / DONNER Marina (FIN),GAUZY Simon
European Championships 2024,2024-10-15,KARLSSON Mattias/BERGSTROM Linda,ECSEKI Nandor/BALINT Bernadett,3,1,"11,9,11,11|9,11,8,5",R32,OTHER,XD,3101,Main Draw,KARLSSON Mattias (SWE) / BERGSTROM Linda (SWE),ECSEKI Nandor (HUN) / BALINT Bernadett (HUN),KARLSSON Mattias
European Championships 2024,2024-10-15,PISTEJ Lubomir/KUKULKOVA Tatiana,GACEV Aleksa/SURJAN Sabina,3,0,"11,11,11|5,9,8",R32,OTHER,XD,3101,Main Draw,PISTEJ Lubomir (SVK) / KUKULKOVA Tatiana (SVK),GACEV Aleksa (SRB) / SURJAN Sabina (SRB),PISTEJ Lubomir
European Championships 2024,2024-10-15,BAN Ivor/ARAPOVIC Hana,MOULLET Barish/MORET Rachel,3,2,"11,11,13,9,11|1,5,15,11,7",R32,OTHER,XD,3101,Main Draw,BAN Ivor (CRO) / ARAPOVIC Hana (CRO),MOULLET Barish (SUI) / MORET Rachel (SUI),BAN Ivor
European Championships 2024,2024-10-15,BERTELSMEIER Andre/GRIESEL Mia,OYEBODE John/MONFARDINI Gaia,3,1,"8,11,17,11|11,5,15,8",R32,OTHER,XD,3101,Main Draw,BERTELSMEIER Andre (GER) / GRIESEL Mia (GER),OYEBODE John (ITA) / MONFARDINI Gaia (ITA),BERTELSMEIER Andre
European Championships 2024,2024-10-15,ROBLES Alvaro/XIAO Maria,ABIODUN Tiago/SANTOS Patricia,3,0,"11,11,11|5,7,8",R32,OTHER,XD,3101,Main Draw,ROBLES Alvaro (ESP) / XIAO Maria (ESP),ABIODUN Tiago (POR) / SANTOS Patricia (POR),ROBLES Alvaro
European Championships 2024,2024-10-15,GARDOS Robert/POLCANOVA Sofia,KVETON Ondrej/POLAKOVA Veronika,3,2,"11,8,11,8,11|5,11,7,11,7",R32,OTHER,XD,3101,Main Draw,GARDOS Robert (AUT) / POLCANOVA Sofia (AUT),KVETON Ondrej (CZE) / POLAKOVA Veronika (CZE),GARDOS Robert
European Championships 2024,2024-10-15,KUBIK Maciej/WEGRZYN Katarzyna,MLADENOVIC Luka/DE NUTTE Sarah,3,1,"11,4,11,11|7,11,5,4",R32,OTHER,XD,3101,Main Draw,KUBIK Maciej (POL) / WEGRZYN Katarzyna (POL),MLADENOVIC Luka (LUX) / DE NUTTE Sarah (LUX),KUBIK Maciej
European Championships 2024,2024-10-15,VAN OOST Kas/DEGRAEF Margo,LIMONOV Anton/YAREMCHUK Solomiya,3,2,"8,7,11,12,11|11,11,7,10,8",R32,OTHER,XD,3101,Main Draw,VAN OOST Kas (NED) / DEGRAEF Margo (BEL),LIMONOV Anton (UKR) / YAREMCHUK Solomiya (UKR),VAN OOST Kas
European Championships 2024,2024-10-15,LEVAJAC Dimitrije/LUPULESKU Izabela,OLAH Benedek/EERLAND Britt,3,1,"11,11,11,11|9,4,13,9",R32,OTHER,XD,3101,Main Draw,LEVAJAC Dimitrije (SRB) / LUPULESKU Izabela (SRB),OLAH Benedek (FIN) / EERLAND Britt (NED),LEVAJAC Dimitrije
European Championships 2024,2024-10-15,IONESCU Eduard/SAMARA Elizabeta,PUTUNTICA Andrei/RILISKYTE Kornelija,3,0,"11,11,11|1,7,1",R32,OTHER,XD,3101,Main Draw,IONESCU Eduard (ROU) / SAMARA Elizabeta (ROU),PUTUNTICA Andrei (MDA) / RILISKYTE Kornelija (LTU),IONESCU Eduard
European Championships 2024,2024-10-15,PITCHFORD Liam/HURSEY Anna,MUTTI Matteo/VIVARELLI Debora,3,1,"11,5,12,11|9,11,10,7",R32,OTHER,XD,3101,Main Draw,PITCHFORD Liam (ENG) / HURSEY Anna (WAL),MUTTI Matteo (ITA) / VIVARELLI Debora (ITA),PITCHFORD Liam
European Championships 2024,2024-10-15,FRANZISKA Patrick/KAUFMANN Annett,GUNDUZ Ibrahim/ALTINKAYA Sibel,3,1,"11,11,11,11|4,8,13,9",R32,OTHER,XD,3101,Main Draw,FRANZISKA Patrick (GER) / KAUFMANN Annett (GER),GUNDUZ Ibrahim (TUR) / ALTINKAYA Sibel (TUR),FRANZISKA Patrick
European Championships 2024,2024-10-15,IONESCU Ovidiu/SZOCS Bernadette,HRIBAR Peter/TOFANT Ana,3,0,"11,11,11|7,6,7",R32,OTHER,XD,3101,Main Draw,IONESCU Ovidiu (ROU) / SZOCS Bernadette (ROU),HRIBAR Peter (SLO) / TOFANT Ana (SLO),IONESCU Ovidiu
European Championships 2024,2024-10-15,KARLSSON Kristian/KALLBERG Christina,ARPAS Samuel/VARADY Barbora,3,0,"11,11,13|2,9,11",R16,OTHER,XD,3101,Main Draw,KARLSSON Kristian (SWE) / KALLBERG Christina (SWE),ARPAS Samuel (SVK) / VARADY Barbora (SVK),KARLSSON Kristian
European Championships 2024,2024-10-15,GAUZY Simon/PAVADE Prithika,KARLSSON Mattias/BERGSTROM Linda,3,2,"9,11,7,11,11|11,9,11,5,4",R16,OTHER,XD,3101,Main Draw,GAUZY Simon (FRA) / PAVADE Prithika (FRA),KARLSSON Mattias (SWE) / BERGSTROM Linda (SWE),GAUZY Simon
European Championships 2024,2024-10-15,BAN Ivor/ARAPOVIC Hana,PISTEJ Lubomir/KUKULKOVA Tatiana,3,2,"8,11,11,4,11|11,5,8,11,9",R16,OTHER,XD,3101,Main Draw,BAN Ivor (CRO) / ARAPOVIC Hana (CRO),PISTEJ Lubomir (SVK) / KUKULKOVA Tatiana (SVK),BAN Ivor
European Championships 2024,2024-10-15,ROBLES Alvaro/XIAO Maria,BERTELSMEIER Andre/GRIESEL Mia,3,1,"11,11,5,12|4,5,11,10",R16,OTHER,XD,3101,Main Draw,ROBLES Alvaro (ESP) / XIAO Maria (ESP),BERTELSMEIER Andre (GER) / GRIESEL Mia (GER),ROBLES Alvaro
European Championships 2024,2024-10-15,GARDOS Robert/POLCANOVA Sofia,KUBIK Maciej/WEGRZYN Katarzyna,3,2,"11,9,11,9,11|8,11,3,11,8",R16,OTHER,XD,3101,Main Draw,GARDOS Robert (AUT) / POLCANOVA Sofia (AUT),KUBIK Maciej (POL) / WEGRZYN Katarzyna (POL),GARDOS Robert
European Championships 2024,2024-10-15,LEVAJAC Dimitrije/LUPULESKU Izabela,VAN OOST Kas/DEGRAEF Margo,3,0,"11,11,11|9,5,9",R16,OTHER,XD,3101,Main Draw,LEVAJAC Dimitrije (SRB) / LUPULESKU Izabela (SRB),VAN OOST Kas (NED) / DEGRAEF Margo (BEL),LEVAJAC Dimitrije
European Championships 2024,2024-10-15,PITCHFORD Liam/HURSEY Anna,IONESCU Eduard/SAMARA Elizabeta,3,2,"8,11,11,11,11|11,5,13,6,5",R16,OTHER,XD,3101,Main Draw,PITCHFORD Liam (ENG) / HURSEY Anna (WAL),IONESCU Eduard (ROU) / SAMARA Elizabeta (ROU),PITCHFORD Liam
European Championships 2024,2024-10-15,FRANZISKA Patrick/KAUFMANN Annett,IONESCU Ovidiu/SZOCS Bernadette,3,1,"12,11,6,11|10,7,11,3",R16,OTHER,XD,3101,Main Draw,FRANZISKA Patrick (GER) / KAUFMANN Annett (GER),IONESCU Ovidiu (ROU) / SZOCS Bernadette (ROU),FRANZISKA Patrick
European Championships 2024,2024-10-15,GAUZY Simon/PAVADE Prithika,KARLSSON Kristian/KALLBERG Christina,3,2,"8,7,11,11,11|11,11,4,9,8",QF,OTHER,XD,3101,Main Draw,GAUZY Simon (FRA) / PAVADE Prithika (FRA),KARLSSON Kristian (SWE) / KALLBERG Christina (SWE),GAUZY Simon
European Championships 2024,2024-10-15,GARDOS Robert/POLCANOVA Sofia,LEVAJAC Dimitrije/LUPULESKU Izabela,3,0,"11,11,11|2,8,9",QF,OTHER,XD,3101,Main Draw,GARDOS Robert (AUT) / POLCANOVA Sofia (AUT),LEVAJAC Dimitrije (SRB) / LUPULESKU Izabela (SRB),GARDOS Robert
European Championships 2024,2024-10-15,FRANZISKA Patrick/KAUFMANN Annett,PITCHFORD Liam/HURSEY Anna,3,0,"13,11,12|11,8,10",QF,OTHER,XD,3101,Main Draw,FRANZISKA Patrick (GER) / KAUFMANN Annett (GER),PITCHFORD Liam (ENG) / HURSEY Anna (WAL),FRANZISKA Patrick
European Championships 2024,2024-10-15,ROBLES Alvaro/XIAO Maria,GAUZY Simon/PAVADE Prithika,3,1,"11,11,9,11|8,5,11,9",SF,OTHER,XD,3101,Main Draw,ROBLES Alvaro (ESP) / XIAO Maria (ESP),GAUZY Simon (FRA) / PAVADE Prithika (FRA),ROBLES Alvaro
European Championships 2024,2024-10-15,GARDOS Robert/POLCANOVA Sofia,FRANZISKA Patrick/KAUFMANN Annett,3,2,"11,10,12,11,16|8,12,14,9,14",SF,OTHER,XD,3101,Main Draw,GARDOS Robert (AUT) / POLCANOVA Sofia (AUT),FRANZISKA Patrick (GER) / KAUFMANN Annett (GER),GARDOS Robert
European Championships 2024,2024-10-15,ROBLES Alvaro/XIAO Maria,GARDOS Robert/POLCANOVA Sofia,3,0,"11,11,12|8,9,10",F,OTHER,XD,3101,Main Draw,ROBLES Alvaro (ESP) / XIAO Maria (ESP),GARDOS Robert (AUT) / POLCANOVA Sofia (AUT),ROBLES Alvaro
