tournament,date,player_a,player_b,score_a,score_b,game_scores,round,tier,sub_event,event_id,stage,player_a_raw,player_b_raw,winner_raw
ITTF World Table Tennis Championships Finals Doha 2025,2025-05-17,LIN Shidong/KUAI Man,PITCHFORD Liam/HURSEY Anna,3,0,"11,11,11|7,5,8",R64,WORLD_CHAMPIONSHIPS,XD,3108,Main Draw,LIN Shidong (CHN) / KUAI Man (CHN),PITCHFORD Liam (ENG) / HURSEY Anna (WAL),LIN Shidong
ITTF World Table Tennis Championships Finals Doha 2025,2025-05-17,STOYANOV Niagol/PICCOLIN Giorgia,IONESCU Eduard/SZOCS Bernadette,3,0,"15,11,13|13,7,11",R64,WORLD_CHAMPIONSHIPS,XD,3108,Main Draw,STOYANOV Niagol (ITA) / PICCOLIN Giorgia (ITA),IONESCU Eduard (ROU) / SZOCS Bernadette (ROU),STOYANOV Niagol
ITTF World Table Tennis Championships Finals Doha 2025,2025-05-17,BAN Ivor/ARAPOVIC Hana,OYEBODE John/MONFARDINI Gaia,3,0,"11,11,12|8,8,10",R64,WORLD_CHAMPIONSHIPS,XD,3108,Main Draw,BAN Ivor (CRO) / ARAPOVIC Hana (CRO),OYEBODE John (ITA) / MONFARDINI Gaia (ITA),BAN Ivor
ITTF World Table Tennis Championships Finals Doha 2025,2025-05-17,GARDOS Robert/POLCANOVA Sofia,LEVAJAC Dimitrije/LUPULESKU Izabela,3,0,"14,12,11|12,10,7",R64,WORLD_CHAMPIONSHIPS,XD,3108,Main Draw,GARDOS Robert (AUT) / POLCANOVA Sofia (AUT),LEVAJAC Dimitrije (SRB) / LUPULESKU Izabela (SRB),GARDOS Robert
ITTF World Table Tennis Championships Finals Doha 2025,2025-05-17,PISTEJ Lubomir/KUKULKOVA Tatiana,LUM Nicholas/LIAO Ivy,3,2,"11,8,11,6,11|8,11,4,11,6",R64,WORLD_CHAMPIONSHIPS,XD,3108,Main Draw,PISTEJ Lubomir (SVK) / KUKULKOVA Tatiana (SVK),LUM Nicholas (AUS) / LIAO Ivy (CAN),PISTEJ Lubomir
ITTF World Table Tennis Championships Finals Doha 2025,2025-05-17,KUO Guan-Hong/HUANG Yi-Hua,CHOONG Javen/LYNE Karen,3,1,"11,7,11,11|7,11,9,9",R64,WORLD_CHAMPIONSHIPS,XD,3108,Main Draw,KUO Guan-Hong (TPE) / HUANG Yi-Hua (TPE),CHOONG Javen (MAS) / LYNE Karen (MAS),KUO Guan-Hong
ITTF World Table Tennis Championships Finals Doha 2025,2025-05-17,KULCZYCKI Samuel/WIELGOS Zuzanna,LY Edward/CHAN Natalie,3,0,"11,11,11|4,9,6",R64,WORLD_CHAMPIONSHIPS,XD,3108,Main Draw,KULCZYCKI Samuel (POL) / WIELGOS Zuzanna (POL),LY Edward (CAN) / CHAN Natalie (CAN),KULCZYCKI Samuel
ITTF World Table Tennis Championships Finals Doha 2025,2025-05-17,OMOTAYO Olajide/AYOOLA Kabirat,HELMY Mahmoud/FATHY Hend,3,2,"9,7,11,12,11|11,11,6,10,7",R64,WORLD_CHAMPIONSHIPS,XD,3108,Main Draw,OMOTAYO Olajide (NGR) / AYOOLA Kabirat (NGR),HELMY Mahmoud (EGY) / FATHY Hend (EGY),OMOTAYO Olajide
ITTF World Table Tennis Championships Finals Doha 2025,2025-05-17,SHIN Yubin,GEAR Lisa,4,0,"11,11,11,11|5,7,3,3",R128,WORLD_CHAMPIONSHIPS,WS,3108,Main Draw,GEAR Lisa (NZL),SHIN Yubin (KOR),SHIN Yubin
ITTF World Table Tennis Championships Finals Doha 2025,2025-05-17,ODO Satsuki,VEGA Paulina,4,0,"11,12,11,11|5,10,8,5",R128,WORLD_CHAMPIONSHIPS,WS,3108,Main Draw,VEGA Paulina (CHI),ODO Satsuki (JPN),ODO Satsuki
ITTF World Table Tennis Championships Finals Doha 2025,2025-05-17,HELMY Yousra,LAM Jocelyn,4,1,"11,11,11,9,11|6,7,8,11,6",R128,WORLD_CHAMPIONSHIPS,WS,3108,Main Draw,LAM Jocelyn (NZL),HELMY Yousra (EGY),HELMY Yousra
ITTF World Table Tennis Championships Finals Doha 2025,2025-05-17,LI Yu-Jhun,FONSECA Daniela,4,0,"11,11,11,11|7,8,1,5",R128,WORLD_CHAMPIONSHIPS,WS,3108,Main Draw,FONSECA Daniela (CUB),LI Yu-Jhun (TPE),LI Yu-Jhun
ITTF World Table Tennis Championships Finals Doha 2025,2025-05-17,TAKAHASHI Giulia,UDOAKA Hope,4,0,"11,11,11,11|3,1,6,8",R128,WORLD_CHAMPIONSHIPS,WS,3108,Main Draw,UDOAKA Hope (NGR),TAKAHASHI Giulia (BRA),TAKAHASHI Giulia
ITTF World Table Tennis Championships Finals Doha 2025,2025-05-17,DRAGOMAN Andreea,SAWETTABUT Jinnipa,4,1,"11,8,11,11,11|5,11,6,3,7",R128,WORLD_CHAMPIONSHIPS,WS,3108,Main Draw,SAWETTABUT Jinnipa (THA),DRAGOMAN Andreea (ROU),DRAGOMAN Andreea
ITTF World Table Tennis Championships Finals Doha 2025,2025-05-17,BAJOR Natalia,SER Lin Qian,4,2,"11,11,6,11,9,11|8,4,11,8,11,9",R128,WORLD_CHAMPIONSHIPS,WS,3108,Main Draw,BAJOR Natalia (POL),SER Lin Qian (SGP),BAJOR Natalia
ITTF World Table Tennis Championships Finals Doha 2025,2025-05-17,JORGIC Darko,RAKOTOARIMANANA Fabio,4,0,"11,12,11,11|4,10,6,4",R128,WORLD_CHAMPIONSHIPS,MS,3108,Main Draw,RAKOTOARIMANANA Fabio (MAD),JORGIC Darko (SLO),JORGIC Darko
ITTF World Table Tennis Championships Finals Doha 2025,2025-05-17,YOSHIMURA Maharu,REDZIMSKI Milosz,4,2,"9,13,11,8,11,11|11,11,3,11,5,9",R128,WORLD_CHAMPIONSHIPS,MS,3108,Main Draw,REDZIMSKI Milosz (POL),YOSHIMURA Maharu (JPN),YOSHIMURA Maharu
ITTF World Table Tennis Championships Finals Doha 2025,2025-05-17,JARVIS Tom,OLAH Benedek,4,1,"11,11,5,11,11|7,6,11,8,5",R128,WORLD_CHAMPIONSHIPS,MS,3108,Main Draw,OLAH Benedek (FIN),JARVIS Tom (ENG),JARVIS Tom
ITTF World Table Tennis Championships Finals Doha 2025,2025-05-17,GARDOS Robert,NUYTINCK Cedric,4,2,"11,6,12,7,11,11|7,11,10,11,9,7",R128,WORLD_CHAMPIONSHIPS,MS,3108,Main Draw,GARDOS Robert (AUT),NUYTINCK Cedric (BEL),GARDOS Robert
ITTF World Table Tennis Championships Finals Doha 2025,2025-05-17,CHIRITA Iulian,LUU Finn,4,0,"12,11,11,11|10,3,8,7",R128,WORLD_CHAMPIONSHIPS,MS,3108,Main Draw,CHIRITA Iulian (ROU),LUU Finn (AUS),CHIRITA Iulian
ITTF World Table Tennis Championships Finals Doha 2025,2025-05-17,QIU Dang,ZELJKO Filip,4,3,"11,7,11,6,11,3,11|6,11,5,11,8,11,8",R128,WORLD_CHAMPIONSHIPS,MS,3108,Main Draw,QIU Dang (GER),ZELJKO Filip (CRO),QIU Dang
ITTF World Table Tennis Championships Finals Doha 2025,2025-05-17,AN Jaehyun,MONTEIRO Joao,4,3,"10,11,11,11,3,8,11|12,7,9,1,11,11,9",R128,WORLD_CHAMPIONSHIPS,MS,3108,Main Draw,AN Jaehyun (KOR),MONTEIRO Joao (POR),AN Jaehyun
ITTF World Table Tennis Championships Finals Doha 2025,2025-05-17,KARLSSON Kristian,JANCARIK Lubomir,4,1,"12,7,11,11,11|10,11,7,6,5",R128,WORLD_CHAMPIONSHIPS,MS,3108,Main Draw,KARLSSON Kristian (SWE),JANCARIK Lubomir (CZE),KARLSSON Kristian
ITTF World Table Tennis Championships Finals Doha 2025,2025-05-17,WINTER Sabine/WAN Yuan,MOHAMED Aia/ALI Maryam,3,0,"11,11,11|1,6,4",R64,WORLD_CHAMPIONSHIPS,WD,3108,Main Draw,WINTER Sabine (GER) / WAN Yuan (GER),MOHAMED Aia (QAT) / ALI Maryam (QAT),WINTER Sabine
ITTF World Table Tennis Championships Finals Doha 2025,2025-05-17,SHINOZUKA Hiroto,XUE Fei,4,2,"9,9,13,16,14,11|11,11,11,14,12,4",R128,WORLD_CHAMPIONSHIPS,MS,3108,Main Draw,SHINOZUKA Hiroto (JPN),XUE Fei (CHN),SHINOZUKA Hiroto
ITTF World Table Tennis Championships Finals Doha 2025,2025-05-17,MUKHERJEE Ayhika/MUKHERJEE Sutirtha,YILMAZ Ozge/HARAC Ece,3,2,"4,11,10,11,11|11,9,12,9,7",R64,WORLD_CHAMPIONSHIPS,WD,3108,Main Draw,MUKHERJEE Ayhika (IND) / MUKHERJEE Sutirtha (IND),YILMAZ Ozge (TUR) / HARAC Ece (TUR),MUKHERJEE Ayhika
ITTF World Table Tennis Championships Finals Doha 2025,2025-05-17,GHORPADE Yashaswini/CHITALE Diya,MAGDIEVA Markhabo/ERKEBAEVA Asel,3,1,"9,11,11,11|11,2,9,8",R64,WORLD_CHAMPIONSHIPS,WD,3108,Main Draw,GHORPADE Yashaswini (IND) / CHITALE Diya (IND),MAGDIEVA Markhabo (UZB) / ERKEBAEVA Asel (UZB),GHORPADE Yashaswini
ITTF World Table Tennis Championships Finals Doha 2025,2025-05-17,ALHODABY Mariam/ALHODABY Marwa,TAVARES Ruth/ALBINO Isabel,3,0,"11,11,11|4,6,3",R64,WORLD_CHAMPIONSHIPS,WD,3108,Main Draw,ALHODABY Mariam (EGY) / ALHODABY Marwa (EGY),TAVARES Ruth (ANG) / ALBINO Isabel (ANG),ALHODABY Mariam
ITTF World Table Tennis Championships Finals Doha 2025,2025-05-17,BAKHYT Anel/ROMANOVSKAYA Angelina,RAHARIMANANA Hanitra/RAKOTONDRAZAKA Ranto,3,1,"11,7,11,11|5,11,8,9",R64,WORLD_CHAMPIONSHIPS,WD,3108,Main Draw,BAKHYT Anel (KAZ) / ROMANOVSKAYA Angelina (KAZ),RAHARIMANANA Hanitra (MAD) / RAKOTONDRAZAKA Ranto (MAD),BAKHYT Anel
ITTF World Table Tennis Championships Finals Doha 2025,2025-05-17,LUTZ Charlotte/HOCHART Leana,FTWI Fana/DEJENE Yordanos,3,0,"11,11,11|6,3,4",R64,WORLD_CHAMPIONSHIPS,WD,3108,Main Draw,LUTZ Charlotte (FRA) / HOCHART Leana (FRA),FTWI Fana (ETH) / DEJENE Yordanos (ETH),LUTZ Charlotte
ITTF World Table Tennis Championships Finals Doha 2025,2025-05-17,FATHY Hend/GODA Hana,PATEL Danisha/SONDAY Rochica,3,0,"11,11,11|6,7,5",R64,WORLD_CHAMPIONSHIPS,WD,3108,Main Draw,FATHY Hend (EGY) / GODA Hana (EGY),PATEL Danisha (RSA) / SONDAY Rochica (RSA),FATHY Hend
ITTF World Table Tennis Championships Finals Doha 2025,2025-05-17,CHEW Clarence/CHUA Josh,AL-KUWARI Sultan/ALNASER Rawad,3,0,"11,11,11|3,7,4",R64,WORLD_CHAMPIONSHIPS,MD,3108,Main Draw,CHEW Clarence (SGP) / CHUA Josh (SGP),AL-KUWARI Sultan (QAT) / ALNASER Rawad (QAT),CHEW Clarence
ITTF World Table Tennis Championships Finals Doha 2025,2025-05-17,KALLBERG Anton/MOREGARD Truls,MADRID Marcos/CASTRO Rogelio,3,0,"11,11,11|8,9,5",R64,WORLD_CHAMPIONSHIPS,MD,3108,Main Draw,KALLBERG Anton (SWE) / MOREGARD Truls (SWE),MADRID Marcos (MEX) / CASTRO Rogelio (MEX),KALLBERG Anton
ITTF World Table Tennis Championships Finals Doha 2025,2025-05-17,ELBEIALI Mohamed/ABDELAZIZ Youssef,REBETEZ Yoan/VEPA Chaitanya,3,2,"10,12,11,11,11|12,14,4,9,5",R64,WORLD_CHAMPIONSHIPS,MD,3108,Main Draw,ELBEIALI Mohamed (EGY) / ABDELAZIZ Youssef (EGY),REBETEZ Yoan (SUI) / VEPA Chaitanya (SUI),ELBEIALI Mohamed
ITTF World Table Tennis Championships Finals Doha 2025,2025-05-17,THAKKAR Manav/SHAH Manush,HRIBAR Peter/KOZUL Deni,3,0,"11,11,11|7,8,6",R64,WORLD_CHAMPIONSHIPS,MD,3108,Main Draw,THAKKAR Manav (IND) / SHAH Manush (IND),HRIBAR Peter (SLO) / KOZUL Deni (SLO),THAKKAR Manav
ITTF World Table Tennis Championships Finals Doha 2025,2025-05-17,KAO Cheng-Jui/LIN Yun-Ju,MUTTI Matteo/PUPPO Andrea,3,1,"11,4,11,11|3,11,4,9",R64,WORLD_CHAMPIONSHIPS,MD,3108,Main Draw,KAO Cheng-Jui (TPE) / LIN Yun-Ju (TPE),MUTTI Matteo (ITA) / PUPPO Andrea (ITA),KAO Cheng-Jui
ITTF World Table Tennis Championships Finals Doha 2025,2025-05-17,IONESCU Ovidiu/ROBLES Alvaro,LIN Yen-Chun/KUO Guan-Hong,3,1,"11,11,6,11|8,7,11,6",R64,WORLD_CHAMPIONSHIPS,MD,3108,Main Draw,IONESCU Ovidiu (ROU) / ROBLES Alvaro (ESP),LIN Yen-Chun (TPE) / KUO Guan-Hong (TPE),IONESCU Ovidiu
ITTF World Table Tennis Championships Finals Doha 2025,2025-05-17,MINO Alberto/PIGUAVE Diego,ZAKHAROV Vladislav/AKIMALI Bakdaulet,3,1,"7,11,11,11|11,9,8,8",R64,WORLD_CHAMPIONSHIPS,MD,3108,Main Draw,MINO Alberto (ECU) / PIGUAVE Diego (ECU),ZAKHAROV Vladislav (KAZ) / AKIMALI Bakdaulet (KAZ),MINO Alberto
ITTF World Table Tennis Championships Finals Doha 2025,2025-05-17,BOULOUSSA Mehdi/JELLOULI Milhane,SHU Dean/CHOI Timothy,3,0,"11,14,11|7,12,6",R64,WORLD_CHAMPIONSHIPS,MD,3108,Main Draw,BOULOUSSA Mehdi (ALG) / JELLOULI Milhane (ALG),SHU Dean (NZL) / CHOI Timothy (NZL),BOULOUSSA Mehdi
ITTF World Table Tennis Championships Finals Doha 2025,2025-05-17,SUN Yingsha,MATIUNINA Veronika,4,0,"11,11,11,11|5,6,5,7",R128,WORLD_CHAMPIONSHIPS,WS,3108,Main Draw,SUN Yingsha (CHN),MATIUNINA Veronika (UKR),SUN Yingsha
ITTF World Table Tennis Championships Finals Doha 2025,2025-05-17,ITO Mima,BURGOS Brianna,4,0,"11,11,11,11|4,5,5,2",R128,WORLD_CHAMPIONSHIPS,WS,3108,Main Draw,ITO Mima (JPN),BURGOS Brianna (PUR),ITO Mima
ITTF World Table Tennis Championships Finals Doha 2025,2025-05-17,PICCOLIN Giorgia,MASSART Lilou,4,0,"11,11,11,11|5,7,6,5",R128,WORLD_CHAMPIONSHIPS,WS,3108,Main Draw,PICCOLIN Giorgia (ITA),MASSART Lilou (BEL),PICCOLIN Giorgia
ITTF World Table Tennis Championships Finals Doha 2025,2025-05-17,REYES LAI Jessica,COSSIO Arantxa,4,0,"13,11,13,11|11,7,11,2",R128,WORLD_CHAMPIONSHIPS,WS,3108,Main Draw,COSSIO Arantxa (MEX),REYES LAI Jessica (USA),REYES LAI Jessica
ITTF World Table Tennis Championships Finals Doha 2025,2025-05-17,MONFARDINI Gaia,VARADY Barbora,4,2,"2,11,11,9,14,11|11,8,9,11,12,9",R128,WORLD_CHAMPIONSHIPS,WS,3108,Main Draw,MONFARDINI Gaia (ITA),VARADY Barbora (SVK),MONFARDINI Gaia
ITTF World Table Tennis Championships Finals Doha 2025,2025-05-17,SUH Hyo Won,PSIHOGIOS Constantina,4,2,"9,5,11,11,12,11|11,11,9,5,10,4",R128,WORLD_CHAMPIONSHIPS,WS,3108,Main Draw,PSIHOGIOS Constantina (AUS),SUH Hyo Won (KOR),SUH Hyo Won
ITTF World Table Tennis Championships Finals Doha 2025,2025-05-17,SINGEORZAN Ioana,ZARIF Audrey,4,0,"11,11,11,12|9,7,9,10",R128,WORLD_CHAMPIONSHIPS,WS,3108,Main Draw,SINGEORZAN Ioana (ROU),ZARIF Audrey (FRA),SINGEORZAN Ioana
ITTF World Table Tennis Championships Finals Doha 2025,2025-05-17,SAWETTABUT Suthasini,AKULA Sreeja,4,1,"9,11,11,11,11|11,8,6,5,2",R128,WORLD_CHAMPIONSHIPS,WS,3108,Main Draw,SAWETTABUT Suthasini (THA),AKULA Sreeja (IND),SAWETTABUT Suthasini
ITTF World Table Tennis Championships Finals Doha 2025,2025-05-17,LEBRUN Felix,PISTEJ Lubomir,4,0,"11,11,11,11|7,5,9,8",R128,WORLD_CHAMPIONSHIPS,MS,3108,Main Draw,LEBRUN Felix (FRA),PISTEJ Lubomir (SVK),LEBRUN Felix
ITTF World Table Tennis Championships Finals Doha 2025,2025-05-17,KAUFMANN Annett/SHAN Xiaona,ZHANG Mo/LIAO Ivy,3,1,"11,11,7,11|7,5,11,1",R64,WORLD_CHAMPIONSHIPS,WD,3108,Main Draw,KAUFMANN Annett (GER) / SHAN Xiaona (GER),ZHANG Mo (CAN) / LIAO Ivy (CAN),KAUFMANN Annett
ITTF World Table Tennis Championships Finals Doha 2025,2025-05-17,LIANG Jingkun,HAM Yu Song,4,1,"14,11,10,11,11|12,6,12,3,8",R128,WORLD_CHAMPIONSHIPS,MS,3108,Main Draw,HAM Yu Song (PRK),LIANG Jingkun (CHN),LIANG Jingkun
ITTF World Table Tennis Championships Finals Doha 2025,2025-05-17,AFANADOR Brian,BAE Hwan,4,2,"7,11,11,11,9,14|11,5,3,9,11,12",R128,WORLD_CHAMPIONSHIPS,MS,3108,Main Draw,BAE Hwan (AUS),AFANADOR Brian (PUR),AFANADOR Brian
ITTF World Table Tennis Championships Finals Doha 2025,2025-05-17,PUCAR Tomislav,QUEK Izaac,4,3,"9,12,9,11,11,11,11|11,10,11,8,2,13,6",R128,WORLD_CHAMPIONSHIPS,MS,3108,Main Draw,PUCAR Tomislav (CRO),QUEK Izaac (SGP),PUCAR Tomislav
ITTF World Table Tennis Championships Finals Doha 2025,2025-05-17,ARUNA Quadri,ISHIY Vitor,4,0,"11,11,11,11|9,7,7,9",R128,WORLD_CHAMPIONSHIPS,MS,3108,Main Draw,ISHIY Vitor (BRA),ARUNA Quadri (NGR),ARUNA Quadri
ITTF World Table Tennis Championships Finals Doha 2025,2025-05-17,OH Junsung,DUFERA Darara,4,0,"11,11,11,11|9,4,5,4",R128,WORLD_CHAMPIONSHIPS,MS,3108,Main Draw,DUFERA Darara (ETH),OH Junsung (KOR),OH Junsung
ITTF World Table Tennis Championships Finals Doha 2025,2025-05-17,IONESCU Eduard,GHALLAB Aly,4,0,"11,11,11,11|8,4,9,3",R128,WORLD_CHAMPIONSHIPS,MS,3108,Main Draw,GHALLAB Aly (EGY),IONESCU Eduard (ROU),IONESCU Eduard
ITTF World Table Tennis Championships Finals Doha 2025,2025-05-17,CALDERANO Hugo/TAKAHASHI Bruna,RAKOTOARIMANANA Fabio/RAHARIMANANA Hanitra,3,0,"11,11,11|7,7,6",R64,WORLD_CHAMPIONSHIPS,XD,3108,Main Draw,CALDERANO Hugo (BRA) / TAKAHASHI Bruna (BRA),RAKOTOARIMANANA Fabio (MAD) / RAHARIMANANA Hanitra (MAD),CALDERANO Hugo
ITTF World Table Tennis Championships Finals Doha 2025,2025-05-17,MATSUSHIMA Sora/HARIMOTO Miwa,KUTI Matthew/OJOMU Ajoke,3,0,"11,11,11|3,3,4",R64,WORLD_CHAMPIONSHIPS,XD,3108,Main Draw,MATSUSHIMA Sora (JPN) / HARIMOTO Miwa (JPN),KUTI Matthew (NGR) / OJOMU Ajoke (NGR),MATSUSHIMA Sora
ITTF World Table Tennis Championships Finals Doha 2025,2025-05-17,BURGOS Nicolas/VEGA Paulina,NARESH Nandan/MOYLAND Sally,3,2,"4,9,11,11,16|11,11,3,7,14",R64,WORLD_CHAMPIONSHIPS,XD,3108,Main Draw,BURGOS Nicolas (CHI) / VEGA Paulina (CHI),NARESH Nandan (USA) / MOYLAND Sally (USA),BURGOS Nicolas
ITTF World Table Tennis Championships Finals Doha 2025,2025-05-17,WONG Chun Ting/DOO Hoi Kem,PANG Koen/SER Lin Qian,3,2,"11,11,7,9,11|9,4,11,11,3",R64,WORLD_CHAMPIONSHIPS,XD,3108,Main Draw,WONG Chun Ting (HKG) / DOO Hoi Kem (HKG),PANG Koen (SGP) / SER Lin Qian (SGP),WONG Chun Ting
ITTF World Table Tennis Championships Finals Doha 2025,2025-05-17,KARLSSON Mattias/BERGSTROM Linda,ARPAS Samuel/VARADY Barbora,3,2,"8,11,11,8,11|11,2,3,11,5",R64,WORLD_CHAMPIONSHIPS,XD,3108,Main Draw,KARLSSON Mattias (SWE) / BERGSTROM Linda (SWE),ARPAS Samuel (SVK) / VARADY Barbora (SVK),KARLSSON Mattias
ITTF World Table Tennis Championships Finals Doha 2025,2025-05-17,TEODORO Guilherme/TAKAHASHI Giulia,SANCHI Francisco/CODINA Ana,3,1,"11,11,9,11|6,4,11,9",R64,WORLD_CHAMPIONSHIPS,XD,3108,Main Draw,TEODORO Guilherme (BRA) / TAKAHASHI Giulia (BRA),SANCHI Francisco (ARG) / CODINA Ana (ARG),TEODORO Guilherme
ITTF World Table Tennis Championships Finals Doha 2025,2025-05-17,JELLOULI Milhane/KESSACI Amina,KORANI Ahmed/ALI Maryam,3,1,"11,13,11,11|1,15,5,5",R64,WORLD_CHAMPIONSHIPS,XD,3108,Main Draw,JELLOULI Milhane (ALG) / KESSACI Amina (ALG),KORANI Ahmed (QAT) / ALI Maryam (QAT),JELLOULI Milhane
ITTF World Table Tennis Championships Finals Doha 2025,2025-05-17,RI Jong Sik/KIM Kum Yong,CHOI Timothy/GEAR Lisa,3,0,"11,11,11|3,1,5",R64,WORLD_CHAMPIONSHIPS,XD,3108,Main Draw,RI Jong Sik (PRK) / KIM Kum Yong (PRK),CHOI Timothy (NZL) / GEAR Lisa (NZL),RI Jong Sik
ITTF World Table Tennis Championships Finals Doha 2025,2025-05-17,FRANZISKA Patrick,LIAO Cheng-Ting,4,3,"11,11,3,8,11,4,11|5,3,11,11,8,11,7",R128,WORLD_CHAMPIONSHIPS,MS,3108,Main Draw,FRANZISKA Patrick (GER),LIAO Cheng-Ting (TPE),FRANZISKA Patrick
ITTF World Table Tennis Championships Finals Doha 2025,2025-05-17,ALAMIYAN Noshad,IONESCU Ovidiu,4,2,"12,10,6,11,11,11|10,12,11,5,8,9",R128,WORLD_CHAMPIONSHIPS,MS,3108,Main Draw,IONESCU Ovidiu (ROU),ALAMIYAN Noshad (IRI),ALAMIYAN Noshad
ITTF World Table Tennis Championships Finals Doha 2025,2025-05-17,LEBRUN Alexis,FANNY Kokou,4,0,"11,11,11,11|6,2,1,6",R128,WORLD_CHAMPIONSHIPS,MS,3108,Main Draw,FANNY Kokou (TOG),LEBRUN Alexis (FRA),LEBRUN Alexis
ITTF World Table Tennis Championships Finals Doha 2025,2025-05-17,SHAH Manush,APOLONIA Tiago,4,2,"11,2,11,11,5,11|6,11,7,6,11,6",R128,WORLD_CHAMPIONSHIPS,MS,3108,Main Draw,APOLONIA Tiago (POR),SHAH Manush (IND),SHAH Manush
ITTF World Table Tennis Championships Finals Doha 2025,2025-05-17,SAREEN Aditya,SHU Dean,4,3,"11,9,11,6,11,9,11|8,11,3,11,5,11,9",R128,WORLD_CHAMPIONSHIPS,MS,3108,Main Draw,SAREEN Aditya (AUS),SHU Dean (NZL),SAREEN Aditya
ITTF World Table Tennis Championships Finals Doha 2025,2025-05-17,ROBLES Alvaro,GACINA Andrej,4,2,"10,11,11,7,11,11|12,7,3,11,8,6",R128,WORLD_CHAMPIONSHIPS,MS,3108,Main Draw,GACINA Andrej (CRO),ROBLES Alvaro (ESP),ROBLES Alvaro
ITTF World Table Tennis Championships Finals Doha 2025,2025-05-17,GERALDO Joao,KOZUL Deni,4,0,"14,11,11,15|12,5,5,13",R128,WORLD_CHAMPIONSHIPS,MS,3108,Main Draw,GERALDO Joao (POR),KOZUL Deni (SLO),GERALDO Joao
ITTF World Table Tennis Championships Finals Doha 2025,2025-05-17,ESSID Wassim,PEREZ Juan,4,3,"5,11,6,11,11,10,11|11,9,11,7,9,12,8",R128,WORLD_CHAMPIONSHIPS,MS,3108,Main Draw,PEREZ Juan (ESP),ESSID Wassim (TUN),ESSID Wassim
ITTF World Table Tennis Championships Finals Doha 2025,2025-05-17,SZOCS Bernadette,WEGRZYN Katarzyna,4,2,"8,11,11,11,4,11|11,4,5,7,11,4",R128,WORLD_CHAMPIONSHIPS,WS,3108,Main Draw,SZOCS Bernadette (ROU),WEGRZYN Katarzyna (POL),SZOCS Bernadette
ITTF World Table Tennis Championships Finals Doha 2025,2025-05-17,CHENG I-Ching,PAK Su Gyong,4,0,"11,11,11,11|9,5,5,8",R128,WORLD_CHAMPIONSHIPS,WS,3108,Main Draw,PAK Su Gyong (PRK),CHENG I-Ching (TPE),CHENG I-Ching
ITTF World Table Tennis Championships Finals Doha 2025,2025-05-17,TODOROVIC Andrea,PATEL Danisha,4,1,"11,10,11,11,12|5,12,5,3,10",R128,WORLD_CHAMPIONSHIPS,WS,3108,Main Draw,TODOROVIC Andrea (SRB),PATEL Danisha (RSA),TODOROVIC Andrea
ITTF World Table Tennis Championships Finals Doha 2025,2025-05-17,ZHANG Mo,SURJAN Sabina,4,2,"10,11,9,11,11,11|12,8,11,9,7,9",R128,WORLD_CHAMPIONSHIPS,WS,3108,Main Draw,ZHANG Mo (CAN),SURJAN Sabina (SRB),ZHANG Mo
ITTF World Table Tennis Championships Finals Doha 2025,2025-05-17,CHEN Xingtong,SONDAY Rochica,4,0,"11,11,11,11|7,4,3,1",R128,WORLD_CHAMPIONSHIPS,WS,3108,Main Draw,CHEN Xingtong (CHN),SONDAY Rochica (RSA),CHEN Xingtong
ITTF World Table Tennis Championships Finals Doha 2025,2025-05-17,CHITALE Diya,ZHANG Sofia-Xuan,4,0,"11,11,11,14|4,7,3,12",R128,WORLD_CHAMPIONSHIPS,WS,3108,Main Draw,CHITALE Diya (IND),ZHANG Sofia-Xuan (ESP),CHITALE Diya
ITTF World Table Tennis Championships Finals Doha 2025,2025-05-17,POLCANOVA Sofia,PARANANG Orawan,4,2,"8,7,12,11,16,13|11,11,10,8,14,11",R128,WORLD_CHAMPIONSHIPS,WS,3108,Main Draw,POLCANOVA Sofia (AUT),PARANANG Orawan (THA),POLCANOVA Sofia
ITTF World Table Tennis Championships Finals Doha 2025,2025-05-17,WINTER Sabine,ALHODABY Mariam,4,0,"11,11,14,11|4,5,12,6",R128,WORLD_CHAMPIONSHIPS,WS,3108,Main Draw,WINTER Sabine (GER),ALHODABY Mariam (EGY),WINTER Sabine
ITTF World Table Tennis Championships Finals Doha 2025,2025-05-17,LIN Gaoyuan/LIN Shidong,ROSSI Carlo/OYEBODE John,3,0,"11,11,11|5,7,7",R64,WORLD_CHAMPIONSHIPS,MD,3108,Main Draw,LIN Gaoyuan (CHN) / LIN Shidong (CHN),ROSSI Carlo (ITA) / OYEBODE John (ITA),LIN Gaoyuan
ITTF World Table Tennis Championships Finals Doha 2025,2025-05-17,CHAN Baldwin/WONG Chun Ting,ADEGOKE Muizz/ABDULFATAI Abdulbasit,3,0,"11,11,11|3,2,5",R64,WORLD_CHAMPIONSHIPS,MD,3108,Main Draw,CHAN Baldwin (HKG) / WONG Chun Ting (HKG),ADEGOKE Muizz (NGR) / ABDULFATAI Abdulbasit (NGR),CHAN Baldwin
ITTF World Table Tennis Championships Finals Doha 2025,2025-05-17,PUCAR Tomislav/JORGIC Darko,YIGENLER Abdullah/GUNDUZ Ibrahim,3,1,"12,11,8,11|10,6,11,9",R64,WORLD_CHAMPIONSHIPS,MD,3108,Main Draw,PUCAR Tomislav (CRO) / JORGIC Darko (SLO),YIGENLER Abdullah (TUR) / GUNDUZ Ibrahim (TUR),PUCAR Tomislav
ITTF World Table Tennis Championships Finals Doha 2025,2025-05-17,CIFUENTES Horacio/LORENZO Santiago,CARRILLO Sergio/MOSCOSO Heber,3,0,"11,11,11|2,3,2",R64,WORLD_CHAMPIONSHIPS,MD,3108,Main Draw,CIFUENTES Horacio (ARG) / LORENZO Santiago (ARG),CARRILLO Sergio (GUA) / MOSCOSO Heber (GUA),CIFUENTES Horacio
ITTF World Table Tennis Championships Finals Doha 2025,2025-05-17,GARDOS Robert/HABESOHN Daniel,ALLEGRO Martin/RASSENFOSSE Adrien,3,2,"11,11,12,9,11|13,7,10,11,7",R64,WORLD_CHAMPIONSHIPS,MD,3108,Main Draw,GARDOS Robert (AUT) / HABESOHN Daniel (AUT),ALLEGRO Martin (BEL) / RASSENFOSSE Adrien (BEL),GARDOS Robert
ITTF World Table Tennis Championships Finals Doha 2025,2025-05-17,HUANG Youzheng/LIANG Jingkun,LY Edward/MARTIN Simeon,3,0,"11,11,11|4,3,6",R64,WORLD_CHAMPIONSHIPS,MD,3108,Main Draw,HUANG Youzheng (CHN) / LIANG Jingkun (CHN),LY Edward (CAN) / MARTIN Simeon (CAN),HUANG Youzheng
ITTF World Table Tennis Championships Finals Doha 2025,2025-05-17,PISTEJ Lubomir/ZELINKA Jakub,GHALLAB Aly/HELMY Mahmoud,3,0,"11,12,11|2,10,5",R64,WORLD_CHAMPIONSHIPS,MD,3108,Main Draw,PISTEJ Lubomir (SVK) / ZELINKA Jakub (SVK),GHALLAB Aly (EGY) / HELMY Mahmoud (EGY),PISTEJ Lubomir
ITTF World Table Tennis Championships Finals Doha 2025,2025-05-17,WANG Chuqin,NARESH Nandan,4,0,"11,11,11,11|6,4,2,4",R128,WORLD_CHAMPIONSHIPS,MS,3108,Main Draw,NARESH Nandan (USA),WANG Chuqin (CHN),WANG Chuqin
ITTF World Table Tennis Championships Finals Doha 2025,2025-05-17,KAUFMANN Annett,NG Wing Lam,4,0,"11,11,12,11|7,5,10,7",R128,WORLD_CHAMPIONSHIPS,WS,3108,Main Draw,NG Wing Lam (HKG),KAUFMANN Annett (GER),KAUFMANN Annett
ITTF World Table Tennis Championships Finals Doha 2025,2025-05-17,TAN Zhao Yun/ZHANG Wanling,AKASHEVA Zauresh/MIRKADIROVA Sarvinoz,3,1,"11,12,13,11|8,14,11,6",R64,WORLD_CHAMPIONSHIPS,WD,3108,Main Draw,TAN Zhao Yun (SGP) / ZHANG Wanling (SGP),AKASHEVA Zauresh (KAZ) / MIRKADIROVA Sarvinoz (KAZ),TAN Zhao Yun
ITTF World Table Tennis Championships Finals Doha 2025,2025-05-17,ZENG Jian/SER Lin Qian,NANGONZI Judith/NAKAWALA Jemimah,3,0,"11,11,11|4,1,6",R64,WORLD_CHAMPIONSHIPS,WD,3108,Main Draw,ZENG Jian (SGP) / SER Lin Qian (SGP),NANGONZI Judith (UGA) / NAKAWALA Jemimah (UGA),ZENG Jian
ITTF World Table Tennis Championships Finals Doha 2025,2025-05-17,JEGER Mateja/RAKOVAC Lea,SAMARA Elizabeta/DRAGOMAN Andreea,3,2,"5,9,11,11,12|11,11,8,7,10",R64,WORLD_CHAMPIONSHIPS,WD,3108,Main Draw,JEGER Mateja (CRO) / RAKOVAC Lea (CRO),SAMARA Elizabeta (ROU) / DRAGOMAN Andreea (ROU),JEGER Mateja
ITTF World Table Tennis Championships Finals Doha 2025,2025-05-17,MATELOVA Hana/BALAZOVA Barbora,MALOBABIC Ivana/ARAPOVIC Hana,3,0,"11,11,15|9,5,13",R64,WORLD_CHAMPIONSHIPS,WD,3108,Main Draw,MATELOVA Hana (CZE) / BALAZOVA Barbora (SVK),MALOBABIC Ivana (CRO) / ARAPOVIC Hana (CRO),MATELOVA Hana
ITTF World Table Tennis Championships Finals Doha 2025,2025-05-17,BARCENAS Clio/COSSIO Arantxa,GULTI Marta/KINFU Feven,3,0,"11,11,15|6,5,13",R64,WORLD_CHAMPIONSHIPS,WD,3108,Main Draw,BARCENAS Clio (MEX) / COSSIO Arantxa (MEX),GULTI Marta (ETH) / KINFU Feven (ETH),BARCENAS Clio
ITTF World Table Tennis Championships Finals Doha 2025,2025-05-17,POTA Georgina/DE NUTTE Sarah,TOFANT Ana/TOKIC Sara,3,2,"11,11,8,7,12|5,8,11,11,10",R64,WORLD_CHAMPIONSHIPS,WD,3108,Main Draw,POTA Georgina (HUN) / DE NUTTE Sarah (LUX),TOFANT Ana (SLO) / TOKIC Sara (SLO),POTA Georgina
ITTF World Table Tennis Championships Finals Doha 2025,2025-05-17,FARAJI Benyamin/KESHAVARZI Amirmahdi,KENZHIGULOV Aidos/ZHUBANOV Sanzhar,3,2,"13,13,5,11,11|15,11,11,9,8",R64,WORLD_CHAMPIONSHIPS,MD,3108,Main Draw,FARAJI Benyamin (IRI) / KESHAVARZI Amirmahdi (IRI),KENZHIGULOV Aidos (KAZ) / ZHUBANOV Sanzhar (KAZ),FARAJI Benyamin
ITTF World Table Tennis Championships Finals Doha 2025,2025-05-17,ABDULWAHHAB Mohammed,DELA PENA Alfred,4,0,"11,11,15,11|5,2,13,1",R128,WORLD_CHAMPIONSHIPS,MS,3108,Main Draw,ABDULWAHHAB Mohammed (QAT),DELA PENA Alfred (NZL),ABDULWAHHAB Mohammed
ITTF World Table Tennis Championships Finals Doha 2025,2025-05-17,DUDA Benedikt,MINO Alberto,4,1,"9,11,11,11,11|11,4,6,9,6",R128,WORLD_CHAMPIONSHIPS,MS,3108,Main Draw,DUDA Benedikt (GER),MINO Alberto (ECU),DUDA Benedikt
ITTF World Table Tennis Championships Finals Doha 2025,2025-05-17,KAO Cheng-Jui,BARDET Lilian,4,3,"9,11,10,11,11,5,11|11,3,12,8,7,11,8",R128,WORLD_CHAMPIONSHIPS,MS,3108,Main Draw,KAO Cheng-Jui (TPE),BARDET Lilian (FRA),KAO Cheng-Jui
ITTF World Table Tennis Championships Finals Doha 2025,2025-05-17,FREITAS Marcos,PANG Koen,4,1,"11,11,11,9,11|8,6,9,11,6",R128,WORLD_CHAMPIONSHIPS,MS,3108,Main Draw,PANG Koen (SGP),FREITAS Marcos (POR),FREITAS Marcos
ITTF World Table Tennis Championships Finals Doha 2025,2025-05-17,KALLBERG Anton,ELBEIALI Mohamed,4,0,"11,11,11,11|7,5,7,3",R128,WORLD_CHAMPIONSHIPS,MS,3108,Main Draw,ELBEIALI Mohamed (EGY),KALLBERG Anton (SWE),KALLBERG Anton
ITTF World Table Tennis Championships Finals Doha 2025,2025-05-17,CHO Daeseong,LUM Nicholas,4,0,"11,11,11,11|8,7,7,4",R128,WORLD_CHAMPIONSHIPS,MS,3108,Main Draw,LUM Nicholas (AUS),CHO Daeseong (KOR),CHO Daeseong
ITTF World Table Tennis Championships Finals Doha 2025,2025-05-17,LIN Yen-Chun,ARPAS Samuel,4,0,"11,11,14,11|7,7,12,4",R128,WORLD_CHAMPIONSHIPS,MS,3108,Main Draw,ARPAS Samuel (SVK),LIN Yen-Chun (TPE),LIN Yen-Chun
ITTF World Table Tennis Championships Finals Doha 2025,2025-05-17,GERASSIMENKO Kirill,CHEW Clarence,4,0,"12,11,11,11|10,9,7,8",R128,WORLD_CHAMPIONSHIPS,MS,3108,Main Draw,CHEW Clarence (SGP),GERASSIMENKO Kirill (KAZ),GERASSIMENKO Kirill
ITTF World Table Tennis Championships Finals Doha 2025,2025-05-17,KIM Nayeong/LEE Eunhye,BERGSTROM Linda/KALLBERG Christina,3,1,"11,11,9,14|7,8,11,12",R64,WORLD_CHAMPIONSHIPS,WD,3108,Main Draw,KIM Nayeong (KOR) / LEE Eunhye (KOR),BERGSTROM Linda (SWE) / KALLBERG Christina (SWE),KIM Nayeong
ITTF World Table Tennis Championships Finals Doha 2025,2025-05-17,YUAN Jia Nan/PAVADE Prithika,MOYLAND Sally/REYES LAI Jessica,3,0,"11,12,11|7,10,6",R64,WORLD_CHAMPIONSHIPS,WD,3108,Main Draw,YUAN Jia Nan (FRA) / PAVADE Prithika (FRA),MOYLAND Sally (USA) / REYES LAI Jessica (USA),YUAN Jia Nan
ITTF World Table Tennis Championships Finals Doha 2025,2025-05-17,LUPULESKU Izabela,MORET Rachel,4,2,"11,9,11,14,11,11|5,11,8,16,5,2",R128,WORLD_CHAMPIONSHIPS,WS,3108,Main Draw,LUPULESKU Izabela (SRB),MORET Rachel (SUI),LUPULESKU Izabela
ITTF World Table Tennis Championships Finals Doha 2025,2025-05-17,DOO Hoi Kem,HOCHART Leana,4,0,"11,11,11,11|7,9,9,4",R128,WORLD_CHAMPIONSHIPS,WS,3108,Main Draw,DOO Hoi Kem (HKG),HOCHART Leana (FRA),DOO Hoi Kem
ITTF World Table Tennis Championships Finals Doha 2025,2025-05-17,ALTINKAYA Sibel,SHAN Xiaona,4,3,"11,7,7,9,11,11,11|5,11,11,11,9,7,4",R128,WORLD_CHAMPIONSHIPS,WS,3108,Main Draw,SHAN Xiaona (GER),ALTINKAYA Sibel (TUR),ALTINKAYA Sibel
ITTF World Table Tennis Championships Finals Doha 2025,2025-05-17,KUKULKOVA Tatiana,CODINA Ana,4,2,"11,12,11,16,7,11|9,10,7,18,11,9",R128,WORLD_CHAMPIONSHIPS,WS,3108,Main Draw,CODINA Ana (ARG),KUKULKOVA Tatiana (SVK),KUKULKOVA Tatiana
ITTF World Table Tennis Championships Finals Doha 2025,2025-05-17,GODA Hana,WU Jiamuwa,4,1,"10,11,11,11,11|12,5,6,5,8",R128,WORLD_CHAMPIONSHIPS,WS,3108,Main Draw,GODA Hana (EGY),WU Jiamuwa (AUS),GODA Hana
ITTF World Table Tennis Championships Finals Doha 2025,2025-05-17,SHAO Jieni,CHANG Li Sian,4,2,"8,11,11,9,11,11|11,9,7,11,4,8",R128,WORLD_CHAMPIONSHIPS,WS,3108,Main Draw,SHAO Jieni (POR),CHANG Li Sian (MAS),SHAO Jieni
ITTF World Table Tennis Championships Finals Doha 2025,2025-05-17,WANG Chuqin/SUN Yingsha,LIANG Jishan/WANG Amy,3,0,"11,11,11|8,1,9",R64,WORLD_CHAMPIONSHIPS,XD,3108,Main Draw,WANG Chuqin (CHN) / SUN Yingsha (CHN),LIANG Jishan (USA) / WANG Amy (USA),WANG Chuqin
ITTF World Table Tennis Championships Finals Doha 2025,2025-05-17,KARLSSON Kristian/KALLBERG Christina,LIMONOV Anton/YAREMCHUK Solomiya,3,0,"11,11,11|4,7,6",R64,WORLD_CHAMPIONSHIPS,XD,3108,Main Draw,KARLSSON Kristian (SWE) / KALLBERG Christina (SWE),LIMONOV Anton (UKR) / YAREMCHUK Solomiya (UKR),KARLSSON Kristian
ITTF World Table Tennis Championships Finals Doha 2025,2025-05-17,SHAH Manush/CHITALE Diya,BOULOUSSA Mehdi/NASRI Malissa,3,0,"11,11,11|2,7,6",R64,WORLD_CHAMPIONSHIPS,XD,3108,Main Draw,SHAH Manush (IND) / CHITALE Diya (IND),BOULOUSSA Mehdi (ALG) / NASRI Malissa (ALG),SHAH Manush
ITTF World Table Tennis Championships Finals Doha 2025,2025-05-17,LIM Jonghoon/SHIN Yubin,CHAN Baldwin/ZHU Chengzhu,3,1,"11,4,11,11|7,11,5,7",R64,WORLD_CHAMPIONSHIPS,XD,3108,Main Draw,LIM Jonghoon (KOR) / SHIN Yubin (KOR),CHAN Baldwin (HKG) / ZHU Chengzhu (HKG),LIM Jonghoon
ITTF World Table Tennis Championships Finals Doha 2025,2025-05-17,CAMPOS Jorge/FONSECA Daniela,MADRID Marcos/BARCENAS Clio,3,2,"9,10,11,11,11|11,12,5,6,4",R64,WORLD_CHAMPIONSHIPS,XD,3108,Main Draw,CAMPOS Jorge (CUB) / FONSECA Daniela (CUB),MADRID Marcos (MEX) / BARCENAS Clio (MEX),CAMPOS Jorge
ITTF World Table Tennis Championships Finals Doha 2025,2025-05-17,ROBLES Alvaro/XIAO Maria,DUDA Benedikt/WAN Yuan,3,1,"11,9,11,11|7,11,3,6",R64,WORLD_CHAMPIONSHIPS,XD,3108,Main Draw,ROBLES Alvaro (ESP) / XIAO Maria (ESP),DUDA Benedikt (GER) / WAN Yuan (GER),ROBLES Alvaro
ITTF World Table Tennis Championships Finals Doha 2025,2025-05-17,PORET Thibault/HOCHART Leana,DESAI Harmeet/GHORPADE Yashaswini,3,2,"8,6,12,11,12|11,11,10,8,10",R64,WORLD_CHAMPIONSHIPS,XD,3108,Main Draw,PORET Thibault (FRA) / HOCHART Leana (FRA),DESAI Harmeet (IND) / GHORPADE Yashaswini (IND),PORET Thibault
ITTF World Table Tennis Championships Finals Doha 2025,2025-05-17,ABDELAZIZ Youssef/ALHODABY Mariam,BAE Hwan/PSIHOGIOS Constantina,3,0,"11,11,11|8,4,5",R64,WORLD_CHAMPIONSHIPS,XD,3108,Main Draw,ABDELAZIZ Youssef (EGY) / ALHODABY Mariam (EGY),BAE Hwan (AUS) / PSIHOGIOS Constantina (AUS),ABDELAZIZ Youssef
ITTF World Table Tennis Championships Finals Doha 2025,2025-05-17,PYON Song Gyong,ZAVALETA Lucia,4,0,"11,11,11,11|2,2,4,2",R128,WORLD_CHAMPIONSHIPS,WS,3108,Main Draw,ZAVALETA Lucia (CRC),PYON Song Gyong (PRK),PYON Song Gyong
ITTF World Table Tennis Championships Finals Doha 2025,2025-05-17,WANG Manyu,WIELGOS Zuzanna,4,1,"11,11,11,11,11|3,6,4,13,4",R128,WORLD_CHAMPIONSHIPS,WS,3108,Main Draw,WIELGOS Zuzanna (POL),WANG Manyu (CHN),WANG Manyu
ITTF World Table Tennis Championships Finals Doha 2025,2025-05-17,HARIMOTO Miwa/KIHARA Miyuu,VEGA Paulina/ORTEGA Daniela,3,0,"11,11,11|3,6,5",R64,WORLD_CHAMPIONSHIPS,WD,3108,Main Draw,HARIMOTO Miwa (JPN) / KIHARA Miyuu (JPN),VEGA Paulina (CHI) / ORTEGA Daniela (CHI),HARIMOTO Miwa
ITTF World Table Tennis Championships Finals Doha 2025,2025-05-17,LUTZ Charlotte,LEE Eunhye,4,2,"7,8,11,11,12,11|11,11,9,8,10,8",R128,WORLD_CHAMPIONSHIPS,WS,3108,Main Draw,LUTZ Charlotte (FRA),LEE Eunhye (KOR),LUTZ Charlotte
ITTF World Table Tennis Championships Finals Doha 2025,2025-05-17,MOYLAND Sally,OJOMU Ajoke,4,1,"11,11,16,11,11|2,7,18,4,5",R128,WORLD_CHAMPIONSHIPS,WS,3108,Main Draw,MOYLAND Sally (USA),OJOMU Ajoke (NGR),MOYLAND Sally
ITTF World Table Tennis Championships Finals Doha 2025,2025-05-17,HAN Ying,MALOBABIC Ivana,4,0,"11,11,11,13|9,6,2,11",R128,WORLD_CHAMPIONSHIPS,WS,3108,Main Draw,HAN Ying (GER),MALOBABIC Ivana (CRO),HAN Ying
ITTF World Table Tennis Championships Finals Doha 2025,2025-05-17,KIM Kum Yong,POTA Georgina,4,2,"9,11,11,9,11,11|11,7,5,11,9,8",R128,WORLD_CHAMPIONSHIPS,WS,3108,Main Draw,KIM Kum Yong (PRK),POTA Georgina (HUN),KIM Kum Yong
ITTF World Table Tennis Championships Finals Doha 2025,2025-05-17,MATELOVA Hana,MESHREF Dina,4,0,"11,11,11,11|7,3,3,7",R128,WORLD_CHAMPIONSHIPS,WS,3108,Main Draw,MESHREF Dina (EGY),MATELOVA Hana (CZE),MATELOVA Hana
ITTF World Table Tennis Championships Finals Doha 2025,2025-05-17,RAHARIMANANA Hanitra,LOY Ming Ying,4,2,"12,11,2,11,4,21|10,9,11,9,11,19",R128,WORLD_CHAMPIONSHIPS,WS,3108,Main Draw,LOY Ming Ying (SGP),RAHARIMANANA Hanitra (MAD),RAHARIMANANA Hanitra
ITTF World Table Tennis Championships Finals Doha 2025,2025-05-17,AGUIAR Rosalba,MOHAMED Aia,4,1,"11,11,11,7,11|3,7,8,11,8",R128,WORLD_CHAMPIONSHIPS,WS,3108,Main Draw,MOHAMED Aia (QAT),AGUIAR Rosalba (CUB),AGUIAR Rosalba
ITTF World Table Tennis Championships Finals Doha 2025,2025-05-17,KARLSSON Mattias,LORENZO Santiago,4,3,"14,11,11,2,10,7,11|12,8,2,11,12,11,3",R128,WORLD_CHAMPIONSHIPS,MS,3108,Main Draw,LORENZO Santiago (ARG),KARLSSON Mattias (SWE),KARLSSON Mattias
ITTF World Table Tennis Championships Finals Doha 2025,2025-05-17,ALLEGRO Martin,AL-KUWARI Sultan,4,1,"9,11,11,11,11|11,6,6,1,4",R128,WORLD_CHAMPIONSHIPS,MS,3108,Main Draw,ALLEGRO Martin (BEL),AL-KUWARI Sultan (QAT),ALLEGRO Martin
ITTF World Table Tennis Championships Finals Doha 2025,2025-05-17,GIONIS Panagiotis,WONG Qi Shen,4,0,"11,12,11,11|3,10,7,9",R128,WORLD_CHAMPIONSHIPS,MS,3108,Main Draw,WONG Qi Shen (MAS),GIONIS Panagiotis (GRE),GIONIS Panagiotis
ITTF World Table Tennis Championships Finals Doha 2025,2025-05-17,KUO Guan-Hong,KORANI Ahmed,4,0,"11,11,11,11|7,7,6,4",R128,WORLD_CHAMPIONSHIPS,MS,3108,Main Draw,KUO Guan-Hong (TPE),KORANI Ahmed (QAT),KUO Guan-Hong
ITTF World Table Tennis Championships Finals Doha 2025,2025-05-17,RASSENFOSSE Adrien,ADEGOKE Muizz,4,1,"11,6,12,11,12|5,11,10,3,10",R128,WORLD_CHAMPIONSHIPS,MS,3108,Main Draw,RASSENFOSSE Adrien (BEL),ADEGOKE Muizz (NGR),RASSENFOSSE Adrien
ITTF World Table Tennis Championships Finals Doha 2025,2025-05-17,GAUZY Simon,HELMY Mahmoud,4,0,"11,11,11,11|6,6,2,6",R128,WORLD_CHAMPIONSHIPS,MS,3108,Main Draw,GAUZY Simon (FRA),HELMY Mahmoud (EGY),GAUZY Simon
ITTF World Table Tennis Championships Finals Doha 2025,2025-05-17,FARAJI Benyamin,WANG Yang,4,3,"18,11,8,6,8,11,11|16,9,11,11,11,8,8",R128,WORLD_CHAMPIONSHIPS,MS,3108,Main Draw,WANG Yang (SVK),FARAJI Benyamin (IRI),FARAJI Benyamin
ITTF World Table Tennis Championships Finals Doha 2025,2025-05-17,QIAN Tianyi/CHEN Xingtong,FONSECA Daniela/CRESPO Estela,3,0,"11,11,11|5,7,5",R64,WORLD_CHAMPIONSHIPS,WD,3108,Main Draw,QIAN Tianyi (CHN) / CHEN Xingtong (CHN),FONSECA Daniela (CUB) / CRESPO Estela (CUB),QIAN Tianyi
ITTF World Table Tennis Championships Finals Doha 2025,2025-05-17,HIRANO Miu,DE NUTTE Sarah,4,1,"8,11,11,11,11|11,6,5,7,5",R128,WORLD_CHAMPIONSHIPS,WS,3108,Main Draw,HIRANO Miu (JPN),DE NUTTE Sarah (LUX),HIRANO Miu
ITTF World Table Tennis Championships Finals Doha 2025,2025-05-17,POLCANOVA Sofia/SZOCS Bernadette,KUNDA Mubanga/NALAVWE Latifa,3,0,"11,11,11|1,6,3",R64,WORLD_CHAMPIONSHIPS,WD,3108,Main Draw,POLCANOVA Sofia (AUT) / SZOCS Bernadette (ROU),KUNDA Mubanga (ZAM) / NALAVWE Latifa (ZAM),POLCANOVA Sofia
ITTF World Table Tennis Championships Finals Doha 2025,2025-05-17,TSAI Yun-En/HUANG Yi-Hua,LUPULESKU Izabela/SURJAN Sabina,3,2,"12,9,11,7,11|10,11,2,11,6",R64,WORLD_CHAMPIONSHIPS,WD,3108,Main Draw,TSAI Yun-En (TPE) / HUANG Yi-Hua (TPE),LUPULESKU Izabela (SRB) / SURJAN Sabina (SRB),TSAI Yun-En
ITTF World Table Tennis Championships Finals Doha 2025,2025-05-17,CHENG I-Ching/LI Yu-Jhun,LAM Jocelyn/GEAR Lisa,3,0,"11,11,11|2,3,4",R64,WORLD_CHAMPIONSHIPS,WD,3108,Main Draw,CHENG I-Ching (TPE) / LI Yu-Jhun (TPE),LAM Jocelyn (NZL) / GEAR Lisa (NZL),CHENG I-Ching
ITTF World Table Tennis Championships Finals Doha 2025,2025-05-17,CORDERO Lucia/ZAPATA Hidalynn,TODOROVIC Andrea/ALTINKAYA Sibel,3,2,"7,11,18,10,11|11,4,16,12,3",R64,WORLD_CHAMPIONSHIPS,WD,3108,Main Draw,CORDERO Lucia (GUA) / ZAPATA Hidalynn (GUA),TODOROVIC Andrea (SRB) / ALTINKAYA Sibel (TUR),CORDERO Lucia
ITTF World Table Tennis Championships Finals Doha 2025,2025-05-17,ODO Satsuki/YOKOI Sakura,MATIUNINA Veronika/YAREMCHUK Solomiya,3,0,"11,11,11|5,6,5",R64,WORLD_CHAMPIONSHIPS,WD,3108,Main Draw,ODO Satsuki (JPN) / YOKOI Sakura (JPN),MATIUNINA Veronika (UKR) / YAREMCHUK Solomiya (UKR),ODO Satsuki
ITTF World Table Tennis Championships Finals Doha 2025,2025-05-17,CHA Su Yong/PAK Su Gyong,SAWETTABUT Jinnipa/VIJITVIRIYAGUL Kulapassr,3,1,"11,11,9,11|4,7,11,9",R64,WORLD_CHAMPIONSHIPS,WD,3108,Main Draw,CHA Su Yong (PRK) / PAK Su Gyong (PRK),SAWETTABUT Jinnipa (THA) / VIJITVIRIYAGUL Kulapassr (THA),CHA Su Yong
ITTF World Table Tennis Championships Finals Doha 2025,2025-05-17,LEBRUN Felix/LEBRUN Alexis,BERZOSA Daniel/PEREZ Juan,3,2,"7,5,11,11,11|11,11,4,4,7",R64,WORLD_CHAMPIONSHIPS,MD,3108,Main Draw,LEBRUN Felix (FRA) / LEBRUN Alexis (FRA),BERZOSA Daniel (ESP) / PEREZ Juan (ESP),LEBRUN Felix
ITTF World Table Tennis Championships Finals Doha 2025,2025-05-17,HARIMOTO Tomokazu,LIM Jonghoon,4,1,"11,11,11,14,11|7,6,1,16,3",R128,WORLD_CHAMPIONSHIPS,MS,3108,Main Draw,HARIMOTO Tomokazu (JPN),LIM Jonghoon (KOR),HARIMOTO Tomokazu
ITTF World Table Tennis Championships Finals Doha 2025,2025-05-17,SHINOZUKA Hiroto/TOGAMI Shunsuke,KULCZYCKI Samuel/REDZIMSKI Milosz,3,0,"11,11,11|9,8,9",R64,WORLD_CHAMPIONSHIPS,MD,3108,Main Draw,SHINOZUKA Hiroto (JPN) / TOGAMI Shunsuke (JPN),KULCZYCKI Samuel (POL) / REDZIMSKI Milosz (POL),SHINOZUKA Hiroto
ITTF World Table Tennis Championships Finals Doha 2025,2025-05-17,JANG Woojin/CHO Daeseong,GREEN Connor/PITCHFORD Liam,3,0,"11,11,11|8,7,6",R64,WORLD_CHAMPIONSHIPS,MD,3108,Main Draw,JANG Woojin (KOR) / CHO Daeseong (KOR),GREEN Connor (ENG) / PITCHFORD Liam (ENG),JANG Woojin
ITTF World Table Tennis Championships Finals Doha 2025,2025-05-17,LEI Balazs/ARPAS Samuel,ISHIY Vitor/TEODORO Guilherme,3,0,"11,11,12|6,5,10",R64,WORLD_CHAMPIONSHIPS,MD,3108,Main Draw,LEI Balazs (HUN) / ARPAS Samuel (SVK),ISHIY Vitor (BRA) / TEODORO Guilherme (BRA),LEI Balazs
ITTF World Table Tennis Championships Finals Doha 2025,2025-05-17,KOLODZIEJCZYK Maciej/URSU Vladislav,DESAI Harmeet/GNANASEKARAN Sathiyan,3,1,"11,10,16,12|9,12,14,10",R64,WORLD_CHAMPIONSHIPS,MD,3108,Main Draw,KOLODZIEJCZYK Maciej (AUT) / URSU Vladislav (MDA),DESAI Harmeet (IND) / GNANASEKARAN Sathiyan (IND),KOLODZIEJCZYK Maciej
ITTF World Table Tennis Championships Finals Doha 2025,2025-05-17,BURGOS Nicolas/GOMEZ Gustavo,KUTI Matthew/OMOTAYO Olajide,3,0,"11,11,11|8,7,9",R64,WORLD_CHAMPIONSHIPS,MD,3108,Main Draw,BURGOS Nicolas (CHI) / GOMEZ Gustavo (CHI),KUTI Matthew (NGR) / OMOTAYO Olajide (NGR),BURGOS Nicolas
ITTF World Table Tennis Championships Finals Doha 2025,2025-05-17,BAE Hwan/SAREEN Aditya,FRANZISKA Patrick/OVTCHAROV Dimitrij,3,0,"11,11,14|6,9,12",R64,WORLD_CHAMPIONSHIPS,MD,3108,Main Draw,BAE Hwan (AUS) / SAREEN Aditya (AUS),FRANZISKA Patrick (GER) / OVTCHAROV Dimitrij (GER),BAE Hwan
ITTF World Table Tennis Championships Finals Doha 2025,2025-05-17,WANG Yidi,ZHU Chengzhu,4,1,"11,11,13,11,11|2,9,15,8,9",R128,WORLD_CHAMPIONSHIPS,WS,3108,Main Draw,ZHU Chengzhu (HKG),WANG Yidi (CHN),WANG Yidi
ITTF World Table Tennis Championships Finals Doha 2025,2025-05-17,HARIMOTO Miwa,PESOTSKA Margaryta,4,1,"11,17,9,11,11|8,15,11,9,7",R128,WORLD_CHAMPIONSHIPS,WS,3108,Main Draw,HARIMOTO Miwa (JPN),PESOTSKA Margaryta (UKR),HARIMOTO Miwa
ITTF World Table Tennis Championships Finals Doha 2025,2025-05-17,HAUG Borgar,AGUIRRE Marcelo,4,3,"11,11,12,10,8,11,11|7,2,14,12,11,7,9",R128,WORLD_CHAMPIONSHIPS,MS,3108,Main Draw,HAUG Borgar (NOR),AGUIRRE Marcelo (PAR),HAUG Borgar
ITTF World Table Tennis Championships Finals Doha 2025,2025-05-17,BATRA Manika,BELLO Fatimo,4,0,"11,11,11,11|5,6,8,2",R128,WORLD_CHAMPIONSHIPS,WS,3108,Main Draw,BELLO Fatimo (NGR),BATRA Manika (IND),BATRA Manika
ITTF World Table Tennis Championships Finals Doha 2025,2025-05-17,WANG Amy,HURSEY Anna,4,3,"20,3,9,9,11,13,11|18,11,11,11,6,11,8",R128,WORLD_CHAMPIONSHIPS,WS,3108,Main Draw,WANG Amy (USA),HURSEY Anna (WAL),WANG Amy
ITTF World Table Tennis Championships Finals Doha 2025,2025-05-17,PAVADE Prithika,XIAO Maria,4,1,"11,8,11,11,11|9,11,6,4,8",R128,WORLD_CHAMPIONSHIPS,WS,3108,Main Draw,XIAO Maria (ESP),PAVADE Prithika (FRA),PAVADE Prithika
ITTF World Table Tennis Championships Finals Doha 2025,2025-05-17,PARK Gahyeon,TAN Zhao Yun,4,2,"11,11,12,11,11,11|8,7,14,13,7,6",R128,WORLD_CHAMPIONSHIPS,WS,3108,Main Draw,TAN Zhao Yun (SGP),PARK Gahyeon (KOR),PARK Gahyeon
ITTF World Table Tennis Championships Finals Doha 2025,2025-05-17,WATANABE Laura,NASRI Malissa,4,1,"11,11,11,11,11|5,5,13,9,6",R128,WORLD_CHAMPIONSHIPS,WS,3108,Main Draw,WATANABE Laura (BRA),NASRI Malissa (ALG),WATANABE Laura
ITTF World Table Tennis Championships Finals Doha 2025,2025-05-17,MOREGARD Truls,LEVENKO Andreas,4,0,"11,11,11,11|8,7,8,7",R128,WORLD_CHAMPIONSHIPS,MS,3108,Main Draw,LEVENKO Andreas (AUT),MOREGARD Truls (SWE),MOREGARD Truls
ITTF World Table Tennis Championships Finals Doha 2025,2025-05-17,HAYATA Hina,DIACONU Adina,4,0,"11,11,11,14|6,5,9,12",R128,WORLD_CHAMPIONSHIPS,WS,3108,Main Draw,DIACONU Adina (ROU),HAYATA Hina (JPN),HAYATA Hina
ITTF World Table Tennis Championships Finals Doha 2025,2025-05-17,QIU Dang/DUDA Benedikt,HAMALAMBO Choolwe/BANDA Charles,3,0,"11,11,11|2,0,4",R64,WORLD_CHAMPIONSHIPS,MD,3108,Main Draw,QIU Dang (GER) / DUDA Benedikt (GER),HAMALAMBO Choolwe (ZAM) / BANDA Charles (ZAM),QIU Dang
ITTF World Table Tennis Championships Finals Doha 2025,2025-05-17,LIND Anders,CHAN Baldwin,4,1,"11,11,11,8,11|7,8,7,11,9",R128,WORLD_CHAMPIONSHIPS,MS,3108,Main Draw,CHAN Baldwin (HKG),LIND Anders (DEN),LIND Anders
ITTF World Table Tennis Championships Finals Doha 2025,2025-05-17,LIN Yun-Ju,LIANG Jishan,4,0,"11,11,11,11|6,3,7,7",R128,WORLD_CHAMPIONSHIPS,MS,3108,Main Draw,LIANG Jishan (USA),LIN Yun-Ju (TPE),LIN Yun-Ju
ITTF World Table Tennis Championships Finals Doha 2025,2025-05-17,LAM Siu Hang,BHATTACHARJEE Ankur,4,1,"4,11,11,12,11|11,7,9,10,8",R128,WORLD_CHAMPIONSHIPS,MS,3108,Main Draw,BHATTACHARJEE Ankur (IND),LAM Siu Hang (HKG),LAM Siu Hang
ITTF World Table Tennis Championships Finals Doha 2025,2025-05-17,THAKKAR Manav,CHOI Timothy,4,1,"11,11,6,11,14|3,8,11,7,12",R128,WORLD_CHAMPIONSHIPS,MS,3108,Main Draw,CHOI Timothy (NZL),THAKKAR Manav (IND),THAKKAR Manav
ITTF World Table Tennis Championships Finals Doha 2025,2025-05-17,SANCHI Francisco,NARESH Sid,4,1,"11,11,6,11,11|5,6,11,8,8",R128,WORLD_CHAMPIONSHIPS,MS,3108,Main Draw,NARESH Sid (USA),SANCHI Francisco (ARG),SANCHI Francisco
ITTF World Table Tennis Championships Finals Doha 2025,2025-05-17,GAUZY Simon/PAVADE Prithika,FRANZISKA Patrick/KAUFMANN Annett,3,1,"11,8,11,11|8,11,9,7",R64,WORLD_CHAMPIONSHIPS,XD,3108,Main Draw,GAUZY Simon (FRA) / PAVADE Prithika (FRA),FRANZISKA Patrick (GER) / KAUFMANN Annett (GER),GAUZY Simon
ITTF World Table Tennis Championships Finals Doha 2025,2025-05-17,YOSHIMURA Maharu/ODO Satsuki,QUEK Izaac/ZENG Jian,3,0,"11,11,11|8,7,7",R64,WORLD_CHAMPIONSHIPS,XD,3108,Main Draw,YOSHIMURA Maharu (JPN) / ODO Satsuki (JPN),QUEK Izaac (SGP) / ZENG Jian (SGP),YOSHIMURA Maharu
ITTF World Table Tennis Championships Finals Doha 2025,2025-05-17,PREECHAYAN Thitaphat/VIJITVIRIYAGUL Kulapassr,ABDULWAHHAB Mohammed/MOHAMED Aia,3,0,"11,11,11|5,6,6",R64,WORLD_CHAMPIONSHIPS,XD,3108,Main Draw,PREECHAYAN Thitaphat (THA) / VIJITVIRIYAGUL Kulapassr (THA),ABDULWAHHAB Mohammed (QAT) / MOHAMED Aia (QAT),PREECHAYAN Thitaphat
ITTF World Table Tennis Championships Finals Doha 2025,2025-05-17,OH Junsung/KIM Nayeong,SHU Dean/LAM Jocelyn,3,0,"11,11,11|5,4,6",R64,WORLD_CHAMPIONSHIPS,XD,3108,Main Draw,OH Junsung (KOR) / KIM Nayeong (KOR),SHU Dean (NZL) / LAM Jocelyn (NZL),OH Junsung
ITTF World Table Tennis Championships Finals Doha 2025,2025-05-17,LIN Yun-Ju/CHENG I-Ching,KHARKI Iskender/ROMANOVSKAYA Angelina,3,0,"11,11,11|1,6,3",R64,WORLD_CHAMPIONSHIPS,XD,3108,Main Draw,LIN Yun-Ju (TPE) / CHENG I-Ching (TPE),KHARKI Iskender (KAZ) / ROMANOVSKAYA Angelina (KAZ),LIN Yun-Ju
ITTF World Table Tennis Championships Finals Doha 2025,2025-05-17,GUNDUZ Ibrahim/ALTINKAYA Sibel,PEREZ Adrian/CRESPO Estela,3,0,"11,11,11|0,9,6",R64,WORLD_CHAMPIONSHIPS,XD,3108,Main Draw,GUNDUZ Ibrahim (TUR) / ALTINKAYA Sibel (TUR),PEREZ Adrian (CUB) / CRESPO Estela (CUB),GUNDUZ Ibrahim
ITTF World Table Tennis Championships Finals Doha 2025,2025-05-17,IONESCU Ovidiu/SAMARA Elizabeta,CASTRO Rogelio/COSSIO Arantxa,3,2,"3,11,8,11,11|11,7,11,4,8",R64,WORLD_CHAMPIONSHIPS,XD,3108,Main Draw,IONESCU Ovidiu (ROU) / SAMARA Elizabeta (ROU),CASTRO Rogelio (MEX) / COSSIO Arantxa (MEX),IONESCU Ovidiu
ITTF World Table Tennis Championships Finals Doha 2025,2025-05-17,BERZOSA Daniel/MATIUNINA Veronika,HAM Yu Song/PYON Song Gyong,3,2,"11,13,11,13,12|5,15,9,15,10",R64,WORLD_CHAMPIONSHIPS,XD,3108,Main Draw,BERZOSA Daniel (ESP) / MATIUNINA Veronika (UKR),HAM Yu Song (PRK) / PYON Song Gyong (PRK),BERZOSA Daniel
ITTF World Table Tennis Championships Finals Doha 2025,2025-05-17,TOGAMI Shunsuke,MADRID Marcos,4,0,"11,11,11,11|2,2,5,2",R128,WORLD_CHAMPIONSHIPS,MS,3108,Main Draw,MADRID Marcos (MEX),TOGAMI Shunsuke (JPN),TOGAMI Shunsuke
ITTF World Table Tennis Championships Finals Doha 2025,2025-05-17,IIZUKA Leonardo,OMOTAYO Olajide,4,1,"12,11,11,10,11|10,7,8,12,5",R128,WORLD_CHAMPIONSHIPS,MS,3108,Main Draw,OMOTAYO Olajide (NGR),IIZUKA Leonardo (BRA),IIZUKA Leonardo
ITTF World Table Tennis Championships Finals Doha 2025,2025-05-17,JANG Woojin,BURGOS Nicolas,4,3,"11,11,11,6,10,11,11|4,8,13,11,12,3,8",R128,WORLD_CHAMPIONSHIPS,MS,3108,Main Draw,JANG Woojin (KOR),BURGOS Nicolas (CHI),JANG Woojin
ITTF World Table Tennis Championships Finals Doha 2025,2025-05-17,HABESOHN Daniel,OVTCHAROV Dimitrij,4,0,"11,11,11,11|0,0,0,0",R128,WORLD_CHAMPIONSHIPS,MS,3108,Main Draw,OVTCHAROV Dimitrij (GER),HABESOHN Daniel (AUT),HABESOHN Daniel
ITTF World Table Tennis Championships Finals Doha 2025,2025-05-17,MLADENOVIC Luka,GOMEZ Gustavo,4,0,"11,12,11,11|4,10,6,9",R128,WORLD_CHAMPIONSHIPS,MS,3108,Main Draw,MLADENOVIC Luka (LUX),GOMEZ Gustavo (CHI),MLADENOVIC Luka
ITTF World Table Tennis Championships Finals Doha 2025,2025-05-17,KULCZYCKI Samuel,KUTI Matthew,4,0,"11,13,11,11|1,11,5,5",R128,WORLD_CHAMPIONSHIPS,MS,3108,Main Draw,KUTI Matthew (NGR),KULCZYCKI Samuel (POL),KULCZYCKI Samuel
ITTF World Table Tennis Championships Finals Doha 2025,2025-05-17,ASSAR Omar,KOJIC Frane,4,1,"11,9,11,11,11|7,11,9,5,4",R128,WORLD_CHAMPIONSHIPS,MS,3108,Main Draw,ASSAR Omar (EGY),KOJIC Frane (CRO),ASSAR Omar
ITTF World Table Tennis Championships Finals Doha 2025,2025-05-17,ZENG Zhiying,ALI Maryam,4,0,"11,11,11,11|2,7,1,1",R128,WORLD_CHAMPIONSHIPS,WS,3108,Main Draw,ALI Maryam (QAT),ZENG Zhiying (CHI),ZENG Zhiying
ITTF World Table Tennis Championships Finals Doha 2025,2025-05-17,HARIMOTO Tomokazu/MATSUSHIMA Sora,DEY Jeremy/MORISSEAU Jerome,3,0,"11,11,11|4,5,1",R64,WORLD_CHAMPIONSHIPS,MD,3108,Main Draw,HARIMOTO Tomokazu (JPN) / MATSUSHIMA Sora (JPN),DEY Jeremy (NCL) / MORISSEAU Jerome (NCL),HARIMOTO Tomokazu
ITTF World Table Tennis Championships Finals Doha 2025,2025-05-17,SHI Xunyao,LAM Yee Lok,4,0,"11,11,11,11|5,3,8,7",R128,WORLD_CHAMPIONSHIPS,WS,3108,Main Draw,SHI Xunyao (CHN),LAM Yee Lok (HKG),SHI Xunyao
ITTF World Table Tennis Championships Finals Doha 2025,2025-05-17,SHAHSAVARI Neda,MIRKADIROVA Sarvinoz,4,0,"12,11,11,11|10,6,5,9",R128,WORLD_CHAMPIONSHIPS,WS,3108,Main Draw,MIRKADIROVA Sarvinoz (KAZ),SHAHSAVARI Neda (IRI),SHAHSAVARI Neda
ITTF World Table Tennis Championships Finals Doha 2025,2025-05-17,WAN Yuan,YU Fu,4,1,"11,5,15,11,11|6,11,13,9,3",R128,WORLD_CHAMPIONSHIPS,WS,3108,Main Draw,WAN Yuan (GER),YU Fu (POR),WAN Yuan
ITTF World Table Tennis Championships Finals Doha 2025,2025-05-17,KALLBERG Christina,HUANG Yi-Hua,4,1,"11,11,11,9,11|4,9,9,11,9",R128,WORLD_CHAMPIONSHIPS,WS,3108,Main Draw,KALLBERG Christina (SWE),HUANG Yi-Hua (TPE),KALLBERG Christina
ITTF World Table Tennis Championships Finals Doha 2025,2025-05-17,ARAPOVIC Hana,AKASHEVA Zauresh,4,3,"8,11,6,4,11,19,11|11,7,11,11,8,17,8",R128,WORLD_CHAMPIONSHIPS,WS,3108,Main Draw,ARAPOVIC Hana (CRO),AKASHEVA Zauresh (KAZ),ARAPOVIC Hana
ITTF World Table Tennis Championships Finals Doha 2025,2025-05-17,TSAI Yun-En,CRUZ Kheith,4,2,"11,11,11,4,11,11|13,9,8,11,9,9",R128,WORLD_CHAMPIONSHIPS,WS,3108,Main Draw,TSAI Yun-En (TPE),CRUZ Kheith (PHI),TSAI Yun-En
ITTF World Table Tennis Championships Finals Doha 2025,2025-05-17,CHIRITA Iulian/IONESCU Eduard,ABDULWAHHAB Mohammed/ABDULWAHHAB Abdullah,3,1,"13,8,11,11|11,11,6,8",R64,WORLD_CHAMPIONSHIPS,MD,3108,Main Draw,CHIRITA Iulian (ROU) / IONESCU Eduard (ROU),ABDULWAHHAB Mohammed (QAT) / ABDULWAHHAB Abdullah (QAT),CHIRITA Iulian
ITTF World Table Tennis Championships Finals Doha 2025,2025-05-17,DIAZ Adriana,BERGAND Filippa,4,1,"11,11,11,10,11|5,9,7,12,7",R128,WORLD_CHAMPIONSHIPS,WS,3108,Main Draw,BERGAND Filippa (SWE),DIAZ Adriana (PUR),DIAZ Adriana
ITTF World Table Tennis Championships Finals Doha 2025,2025-05-17,CHANG Li Sian/LYNE Karen,BELLO Fatimo/UDOAKA Hope,3,0,"11,11,11|5,6,7",R64,WORLD_CHAMPIONSHIPS,WD,3108,Main Draw,CHANG Li Sian (MAS) / LYNE Karen (MAS),BELLO Fatimo (NGR) / UDOAKA Hope (NGR),CHANG Li Sian
ITTF World Table Tennis Championships Finals Doha 2025,2025-05-17,LIM Jonghoon/AN Jaehyun,LUU Finn/LUM Nicholas,3,0,"11,11,11|7,9,9",R64,WORLD_CHAMPIONSHIPS,MD,3108,Main Draw,LIM Jonghoon (KOR) / AN Jaehyun (KOR),LUU Finn (AUS) / LUM Nicholas (AUS),LIM Jonghoon
ITTF World Table Tennis Championships Finals Doha 2025,2025-05-17,WANG Yang/ANGELAKIS Konstantinos,ALKHADRAWI Ali/BU SHULAYBI Abdulaziz,3,0,"11,11,11|4,8,6",R64,WORLD_CHAMPIONSHIPS,MD,3108,Main Draw,WANG Yang (SVK) / ANGELAKIS Konstantinos (GRE),ALKHADRAWI Ali (KSA) / BU SHULAYBI Abdulaziz (KSA),WANG Yang
ITTF World Table Tennis Championships Finals Doha 2025,2025-05-17,KARLSSON Mattias/KARLSSON Kristian,RAKOTOARIMANANA Fabio/RAZAFINARIVO Antoine,3,1,"11,14,13,11|6,12,15,4",R64,WORLD_CHAMPIONSHIPS,MD,3108,Main Draw,KARLSSON Mattias (SWE) / KARLSSON Kristian (SWE),RAKOTOARIMANANA Fabio (MAD) / RAZAFINARIVO Antoine (MAD),KARLSSON Mattias
ITTF World Table Tennis Championships Finals Doha 2025,2025-05-17,KWAN Man Ho/YIU Kwan To,LIANG Jishan/NARESH Sid,3,0,"13,11,15|11,6,13",R64,WORLD_CHAMPIONSHIPS,MD,3108,Main Draw,KWAN Man Ho (HKG) / YIU Kwan To (HKG),LIANG Jishan (USA) / NARESH Sid (USA),KWAN Man Ho
ITTF World Table Tennis Championships Finals Doha 2025,2025-05-17,BOURRASSAUD Florian/DORR Esteban,CHOONG Javen/WONG Qi Shen,3,2,"12,11,9,6,11|10,6,11,11,2",R64,WORLD_CHAMPIONSHIPS,MD,3108,Main Draw,BOURRASSAUD Florian (FRA) / DORR Esteban (FRA),CHOONG Javen (MAS) / WONG Qi Shen (MAS),BOURRASSAUD Florian
ITTF World Table Tennis Championships Finals Doha 2025,2025-05-17,WANG Manyu/KUAI Man,WEGRZYN Katarzyna/WIELGOS Zuzanna,3,0,"11,11,11|9,5,3",R64,WORLD_CHAMPIONSHIPS,WD,3108,Main Draw,WANG Manyu (CHN) / KUAI Man (CHN),WEGRZYN Katarzyna (POL) / WIELGOS Zuzanna (POL),WANG Manyu
ITTF World Table Tennis Championships Finals Doha 2025,2025-05-17,SHIN Yubin/RYU Hanna,BOUHENNI Yassamine/NASRI Malissa,3,0,"11,11,11|3,2,5",R64,WORLD_CHAMPIONSHIPS,WD,3108,Main Draw,SHIN Yubin (KOR) / RYU Hanna (KOR),BOUHENNI Yassamine (ALG) / NASRI Malissa (ALG),SHIN Yubin
ITTF World Table Tennis Championships Finals Doha 2025,2025-05-17,QUEK Izaac/PANG Koen,LIND Anders/BUCH Martin,3,1,"12,11,12,13|14,8,10,11",R64,WORLD_CHAMPIONSHIPS,MD,3108,Main Draw,QUEK Izaac (SGP) / PANG Koen (SGP),LIND Anders (DEN) / BUCH Martin (DEN),QUEK Izaac
ITTF World Table Tennis Championships Finals Doha 2025,2025-05-17,NG Wing Lam/ZHU Chengzhu,CAREY Charlotte/HURSEY Anna,3,0,"11,11,11|0,0,0",R64,WORLD_CHAMPIONSHIPS,WD,3108,Main Draw,NG Wing Lam (HKG) / ZHU Chengzhu (HKG),CAREY Charlotte (WAL) / HURSEY Anna (WAL),NG Wing Lam
ITTF World Table Tennis Championships Finals Doha 2025,2025-05-17,XIAO Maria/DIACONU Adina,TAKAHASHI Giulia/WATANABE Laura,3,0,"14,11,11|12,4,8",R64,WORLD_CHAMPIONSHIPS,WD,3108,Main Draw,XIAO Maria (ESP) / DIACONU Adina (ROU),TAKAHASHI Giulia (BRA) / WATANABE Laura (BRA),XIAO Maria
ITTF World Table Tennis Championships Finals Doha 2025,2025-05-17,LEE Hoi Man/KONG Tsz Lam,PARANANG Orawan/SAWETTABUT Suthasini,3,1,"11,9,11,11|7,11,7,4",R64,WORLD_CHAMPIONSHIPS,WD,3108,Main Draw,LEE Hoi Man (HKG) / KONG Tsz Lam (HKG),PARANANG Orawan (THA) / SAWETTABUT Suthasini (THA),LEE Hoi Man
ITTF World Table Tennis Championships Finals Doha 2025,2025-05-17,MORET Rachel/MONFARDINI Gaia,WU Jiamuwa/PSIHOGIOS Constantina,3,2,"11,10,15,5,14|7,12,13,11,12",R64,WORLD_CHAMPIONSHIPS,WD,3108,Main Draw,MORET Rachel (SUI) / MONFARDINI Gaia (ITA),WU Jiamuwa (AUS) / PSIHOGIOS Constantina (AUS),MORET Rachel
ITTF World Table Tennis Championships Finals Doha 2025,2025-05-17,BAJOR Natalia/KUKULKOVA Tatiana,AYOOLA Kabirat/OJOMU Ajoke,3,0,"11,11,11|4,3,6",R64,WORLD_CHAMPIONSHIPS,WD,3108,Main Draw,BAJOR Natalia (POL) / KUKULKOVA Tatiana (SVK),AYOOLA Kabirat (NGR) / OJOMU Ajoke (NGR),BAJOR Natalia
ITTF World Table Tennis Championships Finals Doha 2025,2025-05-17,CALDERANO Hugo,CASTRO Rogelio,4,1,"11,9,11,11,11|8,11,3,4,4",R128,WORLD_CHAMPIONSHIPS,MS,3108,Main Draw,CASTRO Rogelio (MEX),CALDERANO Hugo (BRA),CALDERANO Hugo
ITTF World Table Tennis Championships Finals Doha 2025,2025-05-17,ZHANG Lily,JEGER Mateja,4,2,"6,12,11,8,14,11|11,10,4,11,12,7",R128,WORLD_CHAMPIONSHIPS,WS,3108,Main Draw,JEGER Mateja (CRO),ZHANG Lily (USA),ZHANG Lily
ITTF World Table Tennis Championships Finals Doha 2025,2025-05-17,LIN Gaoyuan,ABDELAZIZ Youssef,4,2,"6,11,11,6,11,11|11,2,8,11,7,6",R128,WORLD_CHAMPIONSHIPS,MS,3108,Main Draw,LIN Gaoyuan (CHN),ABDELAZIZ Youssef (EGY),LIN Gaoyuan
ITTF World Table Tennis Championships Finals Doha 2025,2025-05-17,WONG Chun Ting,LY Edward,4,0,"11,11,11,11|4,9,4,4",R128,WORLD_CHAMPIONSHIPS,MS,3108,Main Draw,WONG Chun Ting (HKG),LY Edward (CAN),WONG Chun Ting
ITTF World Table Tennis Championships Finals Doha 2025,2025-05-17,JHA Kanak,TEODORO Guilherme,4,3,"11,10,5,12,11,10,11|5,12,11,10,9,12,8",R128,WORLD_CHAMPIONSHIPS,MS,3108,Main Draw,JHA Kanak (USA),TEODORO Guilherme (BRA),JHA Kanak
ITTF World Table Tennis Championships Finals Doha 2025,2025-05-17,PORET Thibault,GNANASEKARAN Sathiyan,4,0,"11,11,11,11|5,6,7,6",R128,WORLD_CHAMPIONSHIPS,MS,3108,Main Draw,PORET Thibault (FRA),GNANASEKARAN Sathiyan (IND),PORET Thibault
ITTF World Table Tennis Championships Finals Doha 2025,2025-05-17,WALTHER Ricardo,WANG Eugene,4,0,"15,13,12,11|13,11,10,9",R128,WORLD_CHAMPIONSHIPS,MS,3108,Main Draw,WANG Eugene (CAN),WALTHER Ricardo (GER),WALTHER Ricardo
ITTF World Table Tennis Championships Finals Doha 2025,2025-05-17,CIFUENTES Horacio,JELLOULI Milhane,4,0,"11,11,11,11|5,8,8,8",R128,WORLD_CHAMPIONSHIPS,MS,3108,Main Draw,CIFUENTES Horacio (ARG),JELLOULI Milhane (ALG),CIFUENTES Horacio
ITTF World Table Tennis Championships Finals Doha 2025,2025-05-17,TAKAHASHI Bruna,NANGONZI Judith,4,0,"11,11,11,11|3,5,2,1",R128,WORLD_CHAMPIONSHIPS,WS,3108,Main Draw,NANGONZI Judith (UGA),TAKAHASHI Bruna (BRA),TAKAHASHI Bruna
ITTF World Table Tennis Championships Finals Doha 2025,2025-05-17,MATSUDAIRA Kenji,BOULOUSSA Mehdi,4,0,"11,11,11,12|8,7,3,10",R128,WORLD_CHAMPIONSHIPS,MS,3108,Main Draw,BOULOUSSA Mehdi (ALG),MATSUDAIRA Kenji (JPN),MATSUDAIRA Kenji
ITTF World Table Tennis Championships Finals Doha 2025,2025-05-17,SAMARA Elizabeta,VIVARELLI Debora,4,0,"11,11,11,11|4,3,8,2",R128,WORLD_CHAMPIONSHIPS,WS,3108,Main Draw,VIVARELLI Debora (ITA),SAMARA Elizabeta (ROU),SAMARA Elizabeta
ITTF World Table Tennis Championships Finals Doha 2025,2025-05-17,HUANG Yu-Chiao,KIM Nayeong,4,3,"11,4,12,9,9,11,11|7,11,10,11,11,7,7",R128,WORLD_CHAMPIONSHIPS,WS,3108,Main Draw,KIM Nayeong (KOR),HUANG Yu-Chiao (TPE),HUANG Yu-Chiao
ITTF World Table Tennis Championships Finals Doha 2025,2025-05-17,BERGSTROM Linda,YAREMCHUK Solomiya,4,1,"11,11,11,9,11|4,9,6,11,9",R128,WORLD_CHAMPIONSHIPS,WS,3108,Main Draw,YAREMCHUK Solomiya (UKR),BERGSTROM Linda (SWE),BERGSTROM Linda
ITTF World Table Tennis Championships Finals Doha 2025,2025-05-17,RAKOVAC Lea,GIRET Maylis,4,0,"11,11,11,11|1,1,2,9",R128,WORLD_CHAMPIONSHIPS,WS,3108,Main Draw,RAKOVAC Lea (CRO),GIRET Maylis (NCL),RAKOVAC Lea
ITTF World Table Tennis Championships Finals Doha 2025,2025-05-17,ZENG Jian,ORTEGA Daniela,4,2,"6,9,11,11,11,11|11,11,5,6,9,4",R128,WORLD_CHAMPIONSHIPS,WS,3108,Main Draw,ORTEGA Daniela (CHI),ZENG Jian (SGP),ZENG Jian
ITTF World Table Tennis Championships Finals Doha 2025,2025-05-17,YUAN Jia Nan,GHORPADE Yashaswini,4,1,"11,8,11,11,11|7,11,9,9,8",R128,WORLD_CHAMPIONSHIPS,WS,3108,Main Draw,GHORPADE Yashaswini (IND),YUAN Jia Nan (FRA),YUAN Jia Nan
ITTF World Table Tennis Championships Finals Doha 2025,2025-05-17,LIN Yun-Ju/CHENG I-Ching,KARLSSON Kristian/KALLBERG Christina,3,1,"9,11,11,11|11,6,6,4",R32,WORLD_CHAMPIONSHIPS,XD,3108,Main Draw,LIN Yun-Ju (TPE) / CHENG I-Ching (TPE),KARLSSON Kristian (SWE) / KALLBERG Christina (SWE),LIN Yun-Ju
ITTF World Table Tennis Championships Finals Doha 2025,2025-05-17,MATSUSHIMA Sora/HARIMOTO Miwa,BAN Ivor/ARAPOVIC Hana,3,2,"11,8,11,9,11|8,11,5,11,9",R32,WORLD_CHAMPIONSHIPS,XD,3108,Main Draw,MATSUSHIMA Sora (JPN) / HARIMOTO Miwa (JPN),BAN Ivor (CRO) / ARAPOVIC Hana (CRO),MATSUSHIMA Sora
ITTF World Table Tennis Championships Finals Doha 2025,2025-05-17,OH Junsung/KIM Nayeong,SHAH Manush/CHITALE Diya,3,0,"11,11,11|8,9,2",R32,WORLD_CHAMPIONSHIPS,XD,3108,Main Draw,OH Junsung (KOR) / KIM Nayeong (KOR),SHAH Manush (IND) / CHITALE Diya (IND),OH Junsung
ITTF World Table Tennis Championships Finals Doha 2025,2025-05-17,ABDELAZIZ Youssef/ALHODABY Mariam,STOYANOV Niagol/PICCOLIN Giorgia,3,1,"11,6,11,12|7,11,7,10",R32,WORLD_CHAMPIONSHIPS,XD,3108,Main Draw,ABDELAZIZ Youssef (EGY) / ALHODABY Mariam (EGY),STOYANOV Niagol (ITA) / PICCOLIN Giorgia (ITA),ABDELAZIZ Youssef
ITTF World Table Tennis Championships Finals Doha 2025,2025-05-17,LIN Shidong/KUAI Man,GAUZY Simon/PAVADE Prithika,3,0,"11,11,11|4,8,3",R32,WORLD_CHAMPIONSHIPS,XD,3108,Main Draw,LIN Shidong (CHN) / KUAI Man (CHN),GAUZY Simon (FRA) / PAVADE Prithika (FRA),LIN Shidong
ITTF World Table Tennis Championships Finals Doha 2025,2025-05-17,WONG Chun Ting/DOO Hoi Kem,JELLOULI Milhane/KESSACI Amina,3,0,"11,11,13|7,5,11",R32,WORLD_CHAMPIONSHIPS,XD,3108,Main Draw,WONG Chun Ting (HKG) / DOO Hoi Kem (HKG),JELLOULI Milhane (ALG) / KESSACI Amina (ALG),WONG Chun Ting
ITTF World Table Tennis Championships Finals Doha 2025,2025-05-17,LIM Jonghoon/SHIN Yubin,OMOTAYO Olajide/AYOOLA Kabirat,3,0,"11,11,11|2,3,4",R32,WORLD_CHAMPIONSHIPS,XD,3108,Main Draw,LIM Jonghoon (KOR) / SHIN Yubin (KOR),OMOTAYO Olajide (NGR) / AYOOLA Kabirat (NGR),LIM Jonghoon
ITTF World Table Tennis Championships Finals Doha 2025,2025-05-17,TEODORO Guilherme/TAKAHASHI Giulia,BERZOSA Daniel/MATIUNINA Veronika,3,2,"11,9,11,8,11|8,11,9,11,7",R32,WORLD_CHAMPIONSHIPS,XD,3108,Main Draw,TEODORO Guilherme (BRA) / TAKAHASHI Giulia (BRA),BERZOSA Daniel (ESP) / MATIUNINA Veronika (UKR),TEODORO Guilherme
ITTF World Table Tennis Championships Finals Doha 2025,2025-05-17,WANG Chuqin,IIZUKA Leonardo,4,0,"11,11,11,11|3,3,5,4",R64,WORLD_CHAMPIONSHIPS,MS,3108,Main Draw,IIZUKA Leonardo (BRA),WANG Chuqin (CHN),WANG Chuqin
ITTF World Table Tennis Championships Finals Doha 2025,2025-05-17,ODO Satsuki/YOKOI Sakura,BAKHYT Anel/ROMANOVSKAYA Angelina,3,0,"11,11,11|9,5,4",R32,WORLD_CHAMPIONSHIPS,WD,3108,Main Draw,ODO Satsuki (JPN) / YOKOI Sakura (JPN),BAKHYT Anel (KAZ) / ROMANOVSKAYA Angelina (KAZ),ODO Satsuki
ITTF World Table Tennis Championships Finals Doha 2025,2025-05-17,DUDA Benedikt,ALAMIYAN Noshad,4,0,"11,11,11,11|7,6,6,3",R64,WORLD_CHAMPIONSHIPS,MS,3108,Main Draw,DUDA Benedikt (GER),ALAMIYAN Noshad (IRI),DUDA Benedikt
ITTF World Table Tennis Championships Finals Doha 2025,2025-05-17,JARVIS Tom,QIU Dang,4,3,"11,11,11,9,1,6,11|9,9,8,11,11,11,8",R64,WORLD_CHAMPIONSHIPS,MS,3108,Main Draw,QIU Dang (GER),JARVIS Tom (ENG),JARVIS Tom
ITTF World Table Tennis Championships Finals Doha 2025,2025-05-17,RASSENFOSSE Adrien,WALTHER Ricardo,4,3,"11,11,8,11,11,10,11|4,13,11,9,6,12,9",R64,WORLD_CHAMPIONSHIPS,MS,3108,Main Draw,RASSENFOSSE Adrien (BEL),WALTHER Ricardo (GER),RASSENFOSSE Adrien
ITTF World Table Tennis Championships Finals Doha 2025,2025-05-17,AN Jaehyun,MLADENOVIC Luka,4,2,"11,8,11,9,11,11|5,11,9,11,9,8",R64,WORLD_CHAMPIONSHIPS,MS,3108,Main Draw,AN Jaehyun (KOR),MLADENOVIC Luka (LUX),AN Jaehyun
ITTF World Table Tennis Championships Finals Doha 2025,2025-05-17,FREITAS Marcos,ASSAR Omar,4,3,"6,11,10,11,11,8,12|11,8,12,3,8,11,10",R64,WORLD_CHAMPIONSHIPS,MS,3108,Main Draw,ASSAR Omar (EGY),FREITAS Marcos (POR),FREITAS Marcos
ITTF World Table Tennis Championships Finals Doha 2025,2025-05-17,ARUNA Quadri,HAUG Borgar,4,2,"11,3,11,8,11,12|7,11,8,11,7,10",R64,WORLD_CHAMPIONSHIPS,MS,3108,Main Draw,HAUG Borgar (NOR),ARUNA Quadri (NGR),ARUNA Quadri
ITTF World Table Tennis Championships Finals Doha 2025,2025-05-17,SUN Yingsha,PYON Song Gyong,4,0,"11,11,11,11|2,5,9,4",R64,WORLD_CHAMPIONSHIPS,WS,3108,Main Draw,SUN Yingsha (CHN),PYON Song Gyong (PRK),SUN Yingsha
ITTF World Table Tennis Championships Finals Doha 2025,2025-05-17,RAKOVAC Lea,HIRANO Miu,4,2,"11,7,12,5,11,11|8,11,10,11,6,7",R64,WORLD_CHAMPIONSHIPS,WS,3108,Main Draw,HIRANO Miu (JPN),RAKOVAC Lea (CRO),RAKOVAC Lea
ITTF World Table Tennis Championships Finals Doha 2025,2025-05-17,SZOCS Bernadette,ZENG Zhiying,4,0,"11,11,11,11|5,4,8,3",R64,WORLD_CHAMPIONSHIPS,WS,3108,Main Draw,SZOCS Bernadette (ROU),ZENG Zhiying (CHI),SZOCS Bernadette
ITTF World Table Tennis Championships Finals Doha 2025,2025-05-17,SHI Xunyao,TODOROVIC Andrea,4,0,"11,11,11,11|2,1,8,3",R64,WORLD_CHAMPIONSHIPS,WS,3108,Main Draw,SHI Xunyao (CHN),TODOROVIC Andrea (SRB),SHI Xunyao
ITTF World Table Tennis Championships Finals Doha 2025,2025-05-17,WINTER Sabine,RAHARIMANANA Hanitra,4,0,"11,11,11,11|2,8,2,4",R64,WORLD_CHAMPIONSHIPS,WS,3108,Main Draw,WINTER Sabine (GER),RAHARIMANANA Hanitra (MAD),WINTER Sabine
ITTF World Table Tennis Championships Finals Doha 2025,2025-05-17,LI Yu-Jhun,ZHANG Lily,4,1,"9,11,11,11,11|11,9,7,8,7",R64,WORLD_CHAMPIONSHIPS,WS,3108,Main Draw,LI Yu-Jhun (TPE),ZHANG Lily (USA),LI Yu-Jhun
ITTF World Table Tennis Championships Finals Doha 2025,2025-05-17,BAJOR Natalia,SAWETTABUT Suthasini,4,1,"11,11,13,8,12|9,8,11,11,10",R64,WORLD_CHAMPIONSHIPS,WS,3108,Main Draw,BAJOR Natalia (POL),SAWETTABUT Suthasini (THA),BAJOR Natalia
ITTF World Table Tennis Championships Finals Doha 2025,2025-05-17,IONESCU Eduard,JHA Kanak,4,3,"6,7,4,11,15,11,11|11,11,11,5,13,5,6",R64,WORLD_CHAMPIONSHIPS,MS,3108,Main Draw,JHA Kanak (USA),IONESCU Eduard (ROU),IONESCU Eduard
ITTF World Table Tennis Championships Finals Doha 2025,2025-05-17,LEBRUN Felix/LEBRUN Alexis,FARAJI Benyamin/KESHAVARZI Amirmahdi,3,0,"11,11,11|4,5,0",R32,WORLD_CHAMPIONSHIPS,MD,3108,Main Draw,LEBRUN Felix (FRA) / LEBRUN Alexis (FRA),FARAJI Benyamin (IRI) / KESHAVARZI Amirmahdi (IRI),LEBRUN Felix
ITTF World Table Tennis Championships Finals Doha 2025,2025-05-17,HARIMOTO Tomokazu/MATSUSHIMA Sora,GARDOS Robert/HABESOHN Daniel,3,0,"11,11,11|7,4,4",R32,WORLD_CHAMPIONSHIPS,MD,3108,Main Draw,HARIMOTO Tomokazu (JPN) / MATSUSHIMA Sora (JPN),GARDOS Robert (AUT) / HABESOHN Daniel (AUT),HARIMOTO Tomokazu
ITTF World Table Tennis Championships Finals Doha 2025,2025-05-17,WANG Yang/ANGELAKIS Konstantinos,CHEW Clarence/CHUA Josh,3,2,"13,3,6,12,11|11,11,11,10,7",R32,WORLD_CHAMPIONSHIPS,MD,3108,Main Draw,WANG Yang (SVK) / ANGELAKIS Konstantinos (GRE),CHEW Clarence (SGP) / CHUA Josh (SGP),WANG Yang
ITTF World Table Tennis Championships Finals Doha 2025,2025-05-17,HUANG Youzheng/LIANG Jingkun,PUCAR Tomislav/JORGIC Darko,3,1,"11,11,10,14|7,7,12,12",R32,WORLD_CHAMPIONSHIPS,MD,3108,Main Draw,HUANG Youzheng (CHN) / LIANG Jingkun (CHN),PUCAR Tomislav (CRO) / JORGIC Darko (SLO),HUANG Youzheng
ITTF World Table Tennis Championships Finals Doha 2025,2025-05-17,KAO Cheng-Jui/LIN Yun-Ju,PISTEJ Lubomir/ZELINKA Jakub,3,1,"3,11,12,11|11,2,10,7",R32,WORLD_CHAMPIONSHIPS,MD,3108,Main Draw,KAO Cheng-Jui (TPE) / LIN Yun-Ju (TPE),PISTEJ Lubomir (SVK) / ZELINKA Jakub (SVK),KAO Cheng-Jui
ITTF World Table Tennis Championships Finals Doha 2025,2025-05-17,JANG Woojin/CHO Daeseong,LEI Balazs/ARPAS Samuel,3,0,"11,11,11|5,6,9",R32,WORLD_CHAMPIONSHIPS,MD,3108,Main Draw,JANG Woojin (KOR) / CHO Daeseong (KOR),LEI Balazs (HUN) / ARPAS Samuel (SVK),JANG Woojin
ITTF World Table Tennis Championships Finals Doha 2025,2025-05-17,KALLBERG Anton/MOREGARD Truls,CIFUENTES Horacio/LORENZO Santiago,3,2,"13,11,11,5,11|15,2,8,11,6",R32,WORLD_CHAMPIONSHIPS,MD,3108,Main Draw,KALLBERG Anton (SWE) / MOREGARD Truls (SWE),CIFUENTES Horacio (ARG) / LORENZO Santiago (ARG),KALLBERG Anton
ITTF World Table Tennis Championships Finals Doha 2025,2025-05-17,IONESCU Ovidiu/ROBLES Alvaro,BAE Hwan/SAREEN Aditya,3,1,"11,11,8,11|5,2,11,5",R32,WORLD_CHAMPIONSHIPS,MD,3108,Main Draw,IONESCU Ovidiu (ROU) / ROBLES Alvaro (ESP),BAE Hwan (AUS) / SAREEN Aditya (AUS),IONESCU Ovidiu
ITTF World Table Tennis Championships Finals Doha 2025,2025-05-17,WANG Manyu/KUAI Man,CHA Su Yong/PAK Su Gyong,3,0,"11,11,11|6,3,9",R32,WORLD_CHAMPIONSHIPS,WD,3108,Main Draw,WANG Manyu (CHN) / KUAI Man (CHN),CHA Su Yong (PRK) / PAK Su Gyong (PRK),WANG Manyu
ITTF World Table Tennis Championships Finals Doha 2025,2025-05-17,HAYATA Hina,SHAHSAVARI Neda,4,0,"11,11,11,11|5,9,1,2",R64,WORLD_CHAMPIONSHIPS,WS,3108,Main Draw,SHAHSAVARI Neda (IRI),HAYATA Hina (JPN),HAYATA Hina
ITTF World Table Tennis Championships Finals Doha 2025,2025-05-17,POLCANOVA Sofia/SZOCS Bernadette,BARCENAS Clio/COSSIO Arantxa,3,0,"11,11,11|6,5,7",R32,WORLD_CHAMPIONSHIPS,WD,3108,Main Draw,POLCANOVA Sofia (AUT) / SZOCS Bernadette (ROU),BARCENAS Clio (MEX) / COSSIO Arantxa (MEX),POLCANOVA Sofia
ITTF World Table Tennis Championships Finals Doha 2025,2025-05-17,SHIN Yubin/RYU Hanna,POTA Georgina/DE NUTTE Sarah,3,0,"11,11,11|3,7,4",R32,WORLD_CHAMPIONSHIPS,WD,3108,Main Draw,SHIN Yubin (KOR) / RYU Hanna (KOR),POTA Georgina (HUN) / DE NUTTE Sarah (LUX),SHIN Yubin
ITTF World Table Tennis Championships Finals Doha 2025,2025-05-17,WINTER Sabine/WAN Yuan,QIAN Tianyi/CHEN Xingtong,3,2,"5,11,9,11,11|11,8,11,6,9",R32,WORLD_CHAMPIONSHIPS,WD,3108,Main Draw,WINTER Sabine (GER) / WAN Yuan (GER),QIAN Tianyi (CHN) / CHEN Xingtong (CHN),WINTER Sabine
ITTF World Table Tennis Championships Finals Doha 2025,2025-05-17,XIAO Maria/DIACONU Adina,CORDERO Lucia/ZAPATA Hidalynn,3,0,"11,11,11|7,4,9",R32,WORLD_CHAMPIONSHIPS,WD,3108,Main Draw,XIAO Maria (ESP) / DIACONU Adina (ROU),CORDERO Lucia (GUA) / ZAPATA Hidalynn (GUA),XIAO Maria
ITTF World Table Tennis Championships Finals Doha 2025,2025-05-17,MATELOVA Hana/VARADY Barbora,FATHY Hend/GODA Hana,3,1,"6,11,11,11|11,5,9,9",R32,WORLD_CHAMPIONSHIPS,WD,3108,Main Draw,MATELOVA Hana (CZE) / VARADY Barbora (SVK),FATHY Hend (EGY) / GODA Hana (EGY),MATELOVA Hana
ITTF World Table Tennis Championships Finals Doha 2025,2025-05-17,NG Wing Lam/ZHU Chengzhu,ALHODABY Mariam/ALHODABY Marwa,3,0,"12,11,11|10,9,5",R32,WORLD_CHAMPIONSHIPS,WD,3108,Main Draw,NG Wing Lam (HKG) / ZHU Chengzhu (HKG),ALHODABY Mariam (EGY) / ALHODABY Marwa (EGY),NG Wing Lam
ITTF World Table Tennis Championships Finals Doha 2025,2025-05-17,WANG Chuqin/SUN Yingsha,CALDERANO Hugo/TAKAHASHI Bruna,3,0,"11,11,11|2,7,4",R32,WORLD_CHAMPIONSHIPS,XD,3108,Main Draw,WANG Chuqin (CHN) / SUN Yingsha (CHN),CALDERANO Hugo (BRA) / TAKAHASHI Bruna (BRA),WANG Chuqin
ITTF World Table Tennis Championships Finals Doha 2025,2025-05-17,YOSHIMURA Maharu/ODO Satsuki,KUO Guan-Hong/HUANG Yi-Hua,3,0,"11,11,11|3,7,4",R32,WORLD_CHAMPIONSHIPS,XD,3108,Main Draw,YOSHIMURA Maharu (JPN) / ODO Satsuki (JPN),KUO Guan-Hong (TPE) / HUANG Yi-Hua (TPE),YOSHIMURA Maharu
ITTF World Table Tennis Championships Finals Doha 2025,2025-05-17,GARDOS Robert/POLCANOVA Sofia,KARLSSON Mattias/BERGSTROM Linda,3,1,"11,11,10,11|9,3,12,5",R32,WORLD_CHAMPIONSHIPS,XD,3108,Main Draw,GARDOS Robert (AUT) / POLCANOVA Sofia (AUT),KARLSSON Mattias (SWE) / BERGSTROM Linda (SWE),GARDOS Robert
ITTF World Table Tennis Championships Finals Doha 2025,2025-05-17,KULCZYCKI Samuel/WIELGOS Zuzanna,PORET Thibault/HOCHART Leana,3,2,"11,9,7,11,11|9,11,11,5,6",R32,WORLD_CHAMPIONSHIPS,XD,3108,Main Draw,KULCZYCKI Samuel (POL) / WIELGOS Zuzanna (POL),PORET Thibault (FRA) / HOCHART Leana (FRA),KULCZYCKI Samuel
ITTF World Table Tennis Championships Finals Doha 2025,2025-05-17,PISTEJ Lubomir/KUKULKOVA Tatiana,CAMPOS Jorge/FONSECA Daniela,3,0,"11,11,11|7,7,9",R32,WORLD_CHAMPIONSHIPS,XD,3108,Main Draw,PISTEJ Lubomir (SVK) / KUKULKOVA Tatiana (SVK),CAMPOS Jorge (CUB) / FONSECA Daniela (CUB),PISTEJ Lubomir
ITTF World Table Tennis Championships Finals Doha 2025,2025-05-17,ROBLES Alvaro/XIAO Maria,PREECHAYAN Thitaphat/VIJITVIRIYAGUL Kulapassr,3,0,"11,11,11|3,6,9",R32,WORLD_CHAMPIONSHIPS,XD,3108,Main Draw,ROBLES Alvaro (ESP) / XIAO Maria (ESP),PREECHAYAN Thitaphat (THA) / VIJITVIRIYAGUL Kulapassr (THA),ROBLES Alvaro
ITTF World Table Tennis Championships Finals Doha 2025,2025-05-17,RI Jong Sik/KIM Kum Yong,BURGOS Nicolas/VEGA Paulina,3,0,"11,11,11|3,5,3",R32,WORLD_CHAMPIONSHIPS,XD,3108,Main Draw,RI Jong Sik (PRK) / KIM Kum Yong (PRK),BURGOS Nicolas (CHI) / VEGA Paulina (CHI),RI Jong Sik
ITTF World Table Tennis Championships Finals Doha 2025,2025-05-17,IONESCU Ovidiu/SAMARA Elizabeta,GUNDUZ Ibrahim/ALTINKAYA Sibel,3,1,"11,11,5,11|5,6,11,9",R32,WORLD_CHAMPIONSHIPS,XD,3108,Main Draw,IONESCU Ovidiu (ROU) / SAMARA Elizabeta (ROU),GUNDUZ Ibrahim (TUR) / ALTINKAYA Sibel (TUR),IONESCU Ovidiu
ITTF World Table Tennis Championships Finals Doha 2025,2025-05-17,DIAZ Adriana,TSAI Yun-En,4,2,"7,11,11,11,6,11|11,6,3,8,11,5",R64,WORLD_CHAMPIONSHIPS,WS,3108,Main Draw,TSAI Yun-En (TPE),DIAZ Adriana (PUR),DIAZ Adriana
ITTF World Table Tennis Championships Finals Doha 2025,2025-05-17,HABESOHN Daniel,MATSUDAIRA Kenji,4,0,"11,11,11,11|5,5,7,9",R64,WORLD_CHAMPIONSHIPS,MS,3108,Main Draw,HABESOHN Daniel (AUT),MATSUDAIRA Kenji (JPN),HABESOHN Daniel
ITTF World Table Tennis Championships Finals Doha 2025,2025-05-17,WANG Yidi,WANG Amy,4,0,"11,11,11,11|4,7,8,7",R64,WORLD_CHAMPIONSHIPS,WS,3108,Main Draw,WANG Amy (USA),WANG Yidi (CHN),WANG Yidi
ITTF World Table Tennis Championships Finals Doha 2025,2025-05-17,SHIN Yubin,SINGEORZAN Ioana,4,2,"9,11,11,10,11,11|11,6,5,12,5,1",R64,WORLD_CHAMPIONSHIPS,WS,3108,Main Draw,SINGEORZAN Ioana (ROU),SHIN Yubin (KOR),SHIN Yubin
ITTF World Table Tennis Championships Finals Doha 2025,2025-05-17,SUH Hyo Won,PICCOLIN Giorgia,4,1,"11,10,11,11,11|6,12,8,4,8",R64,WORLD_CHAMPIONSHIPS,WS,3108,Main Draw,PICCOLIN Giorgia (ITA),SUH Hyo Won (KOR),SUH Hyo Won
ITTF World Table Tennis Championships Finals Doha 2025,2025-05-17,MOREGARD Truls,SANCHI Francisco,4,2,"11,10,13,6,11,11|8,12,11,11,2,5",R64,WORLD_CHAMPIONSHIPS,MS,3108,Main Draw,SANCHI Francisco (ARG),MOREGARD Truls (SWE),MOREGARD Truls
ITTF World Table Tennis Championships Finals Doha 2025,2025-05-17,GODA Hana,TAKAHASHI Giulia,4,1,"9,11,11,11,11|11,4,5,7,7",R64,WORLD_CHAMPIONSHIPS,WS,3108,Main Draw,GODA Hana (EGY),TAKAHASHI Giulia (BRA),GODA Hana
ITTF World Table Tennis Championships Finals Doha 2025,2025-05-17,HAN Ying,ARAPOVIC Hana,4,0,"12,12,11,11|10,10,8,8",R64,WORLD_CHAMPIONSHIPS,WS,3108,Main Draw,HAN Ying (GER),ARAPOVIC Hana (CRO),HAN Ying
ITTF World Table Tennis Championships Finals Doha 2025,2025-05-17,LEBRUN Felix,SHAH Manush,4,0,"11,11,11,11|5,6,6,9",R64,WORLD_CHAMPIONSHIPS,MS,3108,Main Draw,LEBRUN Felix (FRA),SHAH Manush (IND),LEBRUN Felix
ITTF World Table Tennis Championships Finals Doha 2025,2025-05-17,HARIMOTO Miwa/KIHARA Miyuu,YUAN Jia Nan/PAVADE Prithika,3,0,"17,11,11|15,3,4",R32,WORLD_CHAMPIONSHIPS,WD,3108,Main Draw,HARIMOTO Miwa (JPN) / KIHARA Miyuu (JPN),YUAN Jia Nan (FRA) / PAVADE Prithika (FRA),HARIMOTO Miwa
ITTF World Table Tennis Championships Finals Doha 2025,2025-05-17,LIANG Jingkun,GERALDO Joao,4,1,"5,11,11,11,11|11,7,3,8,8",R64,WORLD_CHAMPIONSHIPS,MS,3108,Main Draw,GERALDO Joao (POR),LIANG Jingkun (CHN),LIANG Jingkun
ITTF World Table Tennis Championships Finals Doha 2025,2025-05-17,FRANZISKA Patrick,KULCZYCKI Samuel,4,0,"11,12,11,11|6,10,8,7",R64,WORLD_CHAMPIONSHIPS,MS,3108,Main Draw,FRANZISKA Patrick (GER),KULCZYCKI Samuel (POL),FRANZISKA Patrick
ITTF World Table Tennis Championships Finals Doha 2025,2025-05-17,KAO Cheng-Jui,GIONIS Panagiotis,4,2,"9,10,11,11,11,11|11,12,7,5,7,9",R64,WORLD_CHAMPIONSHIPS,MS,3108,Main Draw,KAO Cheng-Jui (TPE),GIONIS Panagiotis (GRE),KAO Cheng-Jui
ITTF World Table Tennis Championships Finals Doha 2025,2025-05-17,CHIRITA Iulian,ALLEGRO Martin,4,0,"11,11,11,11|3,4,9,6",R64,WORLD_CHAMPIONSHIPS,MS,3108,Main Draw,ALLEGRO Martin (BEL),CHIRITA Iulian (ROU),CHIRITA Iulian
ITTF World Table Tennis Championships Finals Doha 2025,2025-05-17,OH Junsung,SAREEN Aditya,4,0,"11,11,11,11|8,5,6,5",R64,WORLD_CHAMPIONSHIPS,MS,3108,Main Draw,SAREEN Aditya (AUS),OH Junsung (KOR),OH Junsung
ITTF World Table Tennis Championships Finals Doha 2025,2025-05-17,LUPULESKU Izabela,SAMARA Elizabeta,4,0,"11,11,11,11|5,0,0,0",R64,WORLD_CHAMPIONSHIPS,WS,3108,Main Draw,LUPULESKU Izabela (SRB),SAMARA Elizabeta (ROU),LUPULESKU Izabela
ITTF World Table Tennis Championships Finals Doha 2025,2025-05-17,KAUFMANN Annett/SHAN Xiaona,MUKHERJEE Ayhika/MUKHERJEE Sutirtha,3,0,"11,13,11|1,11,7",R32,WORLD_CHAMPIONSHIPS,WD,3108,Main Draw,KAUFMANN Annett (GER) / SHAN Xiaona (GER),MUKHERJEE Ayhika (IND) / MUKHERJEE Sutirtha (IND),KAUFMANN Annett
ITTF World Table Tennis Championships Finals Doha 2025,2025-05-17,SHINOZUKA Hiroto/TOGAMI Shunsuke,KWAN Man Ho/YIU Kwan To,3,1,"9,11,11,11|11,5,2,6",R32,WORLD_CHAMPIONSHIPS,MD,3108,Main Draw,SHINOZUKA Hiroto (JPN) / TOGAMI Shunsuke (JPN),KWAN Man Ho (HKG) / YIU Kwan To (HKG),SHINOZUKA Hiroto
ITTF World Table Tennis Championships Finals Doha 2025,2025-05-17,CHENG I-Ching/LI Yu-Jhun,MORET Rachel/MONFARDINI Gaia,3,1,"11,10,11,11|7,12,5,5",R32,WORLD_CHAMPIONSHIPS,WD,3108,Main Draw,CHENG I-Ching (TPE) / LI Yu-Jhun (TPE),MORET Rachel (SUI) / MONFARDINI Gaia (ITA),CHENG I-Ching
ITTF World Table Tennis Championships Finals Doha 2025,2025-05-17,KIM Nayeong/LEE Eunhye,BAJOR Natalia/KUKULKOVA Tatiana,3,1,"11,10,15,12|7,12,13,10",R32,WORLD_CHAMPIONSHIPS,WD,3108,Main Draw,KIM Nayeong (KOR) / LEE Eunhye (KOR),BAJOR Natalia (POL) / KUKULKOVA Tatiana (SVK),KIM Nayeong
ITTF World Table Tennis Championships Finals Doha 2025,2025-05-17,QUEK Izaac/PANG Koen,BOULOUSSA Mehdi/JELLOULI Milhane,3,0,"11,11,11|9,2,8",R32,WORLD_CHAMPIONSHIPS,MD,3108,Main Draw,QUEK Izaac (SGP) / PANG Koen (SGP),BOULOUSSA Mehdi (ALG) / JELLOULI Milhane (ALG),QUEK Izaac
ITTF World Table Tennis Championships Finals Doha 2025,2025-05-17,JEGER Mateja/RAKOVAC Lea,TAN Zhao Yun/ZHANG Wanling,3,2,"11,9,11,11,11|6,11,13,8,8",R32,WORLD_CHAMPIONSHIPS,WD,3108,Main Draw,JEGER Mateja (CRO) / RAKOVAC Lea (CRO),TAN Zhao Yun (SGP) / ZHANG Wanling (SGP),JEGER Mateja
ITTF World Table Tennis Championships Finals Doha 2025,2025-05-17,GHORPADE Yashaswini/CHITALE Diya,ZENG Jian/SER Lin Qian,3,1,"6,11,11,11|11,6,6,9",R32,WORLD_CHAMPIONSHIPS,WD,3108,Main Draw,GHORPADE Yashaswini (IND) / CHITALE Diya (IND),ZENG Jian (SGP) / SER Lin Qian (SGP),GHORPADE Yashaswini
ITTF World Table Tennis Championships Finals Doha 2025,2025-05-17,LEE Hoi Man/KONG Tsz Lam,CHANG Li Sian/LYNE Karen,3,2,"11,9,6,11,11|6,11,11,9,9",R32,WORLD_CHAMPIONSHIPS,WD,3108,Main Draw,LEE Hoi Man (HKG) / KONG Tsz Lam (HKG),CHANG Li Sian (MAS) / LYNE Karen (MAS),LEE Hoi Man
ITTF World Table Tennis Championships Finals Doha 2025,2025-05-17,QIU Dang/DUDA Benedikt,THAKKAR Manav/SHAH Manush,3,1,"11,11,8,11|5,9,11,5",R32,WORLD_CHAMPIONSHIPS,MD,3108,Main Draw,QIU Dang (GER) / DUDA Benedikt (GER),THAKKAR Manav (IND) / SHAH Manush (IND),QIU Dang
ITTF World Table Tennis Championships Finals Doha 2025,2025-05-17,ZHANG Mo,REYES LAI Jessica,4,0,"11,11,11,11|5,6,4,3",R64,WORLD_CHAMPIONSHIPS,WS,3108,Main Draw,ZHANG Mo (CAN),REYES LAI Jessica (USA),ZHANG Mo
ITTF World Table Tennis Championships Finals Doha 2025,2025-05-17,TSAI Yun-En/HUANG Yi-Hua,LUTZ Charlotte/HOCHART Leana,3,1,"11,11,8,11|8,7,11,4",R32,WORLD_CHAMPIONSHIPS,WD,3108,Main Draw,TSAI Yun-En (TPE) / HUANG Yi-Hua (TPE),LUTZ Charlotte (FRA) / HOCHART Leana (FRA),TSAI Yun-En
ITTF World Table Tennis Championships Finals Doha 2025,2025-05-17,CHAN Baldwin/WONG Chun Ting,BURGOS Nicolas/GOMEZ Gustavo,3,0,"11,11,11|5,7,6",R32,WORLD_CHAMPIONSHIPS,MD,3108,Main Draw,CHAN Baldwin (HKG) / WONG Chun Ting (HKG),BURGOS Nicolas (CHI) / GOMEZ Gustavo (CHI),CHAN Baldwin
ITTF World Table Tennis Championships Finals Doha 2025,2025-05-17,KARLSSON Mattias/KARLSSON Kristian,MINO Alberto/PIGUAVE Diego,3,0,"11,11,11|3,5,6",R32,WORLD_CHAMPIONSHIPS,MD,3108,Main Draw,KARLSSON Mattias (SWE) / KARLSSON Kristian (SWE),MINO Alberto (ECU) / PIGUAVE Diego (ECU),KARLSSON Mattias
ITTF World Table Tennis Championships Finals Doha 2025,2025-05-17,LIN Gaoyuan/LIN Shidong,CHIRITA Iulian/IONESCU Eduard,3,0,"11,11,12|6,6,10",R32,WORLD_CHAMPIONSHIPS,MD,3108,Main Draw,LIN Gaoyuan (CHN) / LIN Shidong (CHN),CHIRITA Iulian (ROU) / IONESCU Eduard (ROU),LIN Gaoyuan
ITTF World Table Tennis Championships Finals Doha 2025,2025-05-17,ELBEIALI Mohamed/ABDELAZIZ Youssef,LIM Jonghoon/AN Jaehyun,3,0,"12,12,11|10,10,8",R32,WORLD_CHAMPIONSHIPS,MD,3108,Main Draw,ELBEIALI Mohamed (EGY) / ABDELAZIZ Youssef (EGY),LIM Jonghoon (KOR) / AN Jaehyun (KOR),ELBEIALI Mohamed
ITTF World Table Tennis Championships Finals Doha 2025,2025-05-17,BOURRASSAUD Florian/DORR Esteban,KOLODZIEJCZYK Maciej/URSU Vladislav,3,0,"11,11,11|6,8,8",R32,WORLD_CHAMPIONSHIPS,MD,3108,Main Draw,BOURRASSAUD Florian (FRA) / DORR Esteban (FRA),KOLODZIEJCZYK Maciej (AUT) / URSU Vladislav (MDA),BOURRASSAUD Florian
ITTF World Table Tennis Championships Finals Doha 2025,2025-05-17,LIN Shidong/KUAI Man,GARDOS Robert/POLCANOVA Sofia,3,0,"11,11,11|2,3,6",R16,WORLD_CHAMPIONSHIPS,XD,3108,Main Draw,LIN Shidong (CHN) / KUAI Man (CHN),GARDOS Robert (AUT) / POLCANOVA Sofia (AUT),LIN Shidong
ITTF World Table Tennis Championships Finals Doha 2025,2025-05-17,MATSUSHIMA Sora/HARIMOTO Miwa,ABDELAZIZ Youssef/ALHODABY Mariam,3,0,"13,11,11|11,5,4",R16,WORLD_CHAMPIONSHIPS,XD,3108,Main Draw,MATSUSHIMA Sora (JPN) / HARIMOTO Miwa (JPN),ABDELAZIZ Youssef (EGY) / ALHODABY Mariam (EGY),MATSUSHIMA Sora
ITTF World Table Tennis Championships Finals Doha 2025,2025-05-17,ROBLES Alvaro/XIAO Maria,PISTEJ Lubomir/KUKULKOVA Tatiana,3,0,"11,11,11|6,9,6",R16,WORLD_CHAMPIONSHIPS,XD,3108,Main Draw,ROBLES Alvaro (ESP) / XIAO Maria (ESP),PISTEJ Lubomir (SVK) / KUKULKOVA Tatiana (SVK),ROBLES Alvaro
ITTF World Table Tennis Championships Finals Doha 2025,2025-05-17,WONG Chun Ting/DOO Hoi Kem,TEODORO Guilherme/TAKAHASHI Giulia,3,1,"11,8,11,11|9,11,6,2",R16,WORLD_CHAMPIONSHIPS,XD,3108,Main Draw,WONG Chun Ting (HKG) / DOO Hoi Kem (HKG),TEODORO Guilherme (BRA) / TAKAHASHI Giulia (BRA),WONG Chun Ting
ITTF World Table Tennis Championships Finals Doha 2025,2025-05-17,LIM Jonghoon/SHIN Yubin,KULCZYCKI Samuel/WIELGOS Zuzanna,3,0,"11,11,11|4,4,5",R16,WORLD_CHAMPIONSHIPS,XD,3108,Main Draw,LIM Jonghoon (KOR) / SHIN Yubin (KOR),KULCZYCKI Samuel (POL) / WIELGOS Zuzanna (POL),LIM Jonghoon
ITTF World Table Tennis Championships Finals Doha 2025,2025-05-17,LIN Yun-Ju/CHENG I-Ching,OH Junsung/KIM Nayeong,3,1,"11,11,6,11|4,7,11,9",R16,WORLD_CHAMPIONSHIPS,XD,3108,Main Draw,LIN Yun-Ju (TPE) / CHENG I-Ching (TPE),OH Junsung (KOR) / KIM Nayeong (KOR),LIN Yun-Ju
ITTF World Table Tennis Championships Finals Doha 2025,2025-05-17,YOSHIMURA Maharu/ODO Satsuki,RI Jong Sik/KIM Kum Yong,3,0,"11,12,11|7,10,6",R16,WORLD_CHAMPIONSHIPS,XD,3108,Main Draw,YOSHIMURA Maharu (JPN) / ODO Satsuki (JPN),RI Jong Sik (PRK) / KIM Kum Yong (PRK),YOSHIMURA Maharu
ITTF World Table Tennis Championships Finals Doha 2025,2025-05-17,WANG Chuqin/SUN Yingsha,IONESCU Ovidiu/SAMARA Elizabeta,3,0,"11,11,11|0,0,0",R16,WORLD_CHAMPIONSHIPS,XD,3108,Main Draw,WANG Chuqin (CHN) / SUN Yingsha (CHN),IONESCU Ovidiu (ROU) / SAMARA Elizabeta (ROU),WANG Chuqin
ITTF World Table Tennis Championships Finals Doha 2025,2025-05-17,CHEN Xingtong,KAUFMANN Annett,4,2,"9,11,12,11,9,11|11,7,10,5,11,9",R64,WORLD_CHAMPIONSHIPS,WS,3108,Main Draw,CHEN Xingtong (CHN),KAUFMANN Annett (GER),CHEN Xingtong
ITTF World Table Tennis Championships Finals Doha 2025,2025-05-17,TOGAMI Shunsuke,KUO Guan-Hong,4,0,"11,11,11,11|3,8,6,6",R64,WORLD_CHAMPIONSHIPS,MS,3108,Main Draw,KUO Guan-Hong (TPE),TOGAMI Shunsuke (JPN),TOGAMI Shunsuke
ITTF World Table Tennis Championships Finals Doha 2025,2025-05-17,PARK Gahyeon,BATRA Manika,4,0,"11,11,11,11|8,7,5,8",R64,WORLD_CHAMPIONSHIPS,WS,3108,Main Draw,PARK Gahyeon (KOR),BATRA Manika (IND),PARK Gahyeon
ITTF World Table Tennis Championships Finals Doha 2025,2025-05-17,ZENG Jian,HUANG Yu-Chiao,4,3,"9,11,4,5,11,15,11|11,8,11,11,5,13,3",R64,WORLD_CHAMPIONSHIPS,WS,3108,Main Draw,HUANG Yu-Chiao (TPE),ZENG Jian (SGP),ZENG Jian
ITTF World Table Tennis Championships Finals Doha 2025,2025-05-17,TAKAHASHI Bruna,MOYLAND Sally,4,2,"11,9,14,9,13,11|3,11,12,11,11,5",R64,WORLD_CHAMPIONSHIPS,WS,3108,Main Draw,MOYLAND Sally (USA),TAKAHASHI Bruna (BRA),TAKAHASHI Bruna
ITTF World Table Tennis Championships Finals Doha 2025,2025-05-17,LUTZ Charlotte,YUAN Jia Nan,4,1,"11,11,9,11,11|9,7,11,6,7",R64,WORLD_CHAMPIONSHIPS,WS,3108,Main Draw,LUTZ Charlotte (FRA),YUAN Jia Nan (FRA),LUTZ Charlotte
ITTF World Table Tennis Championships Finals Doha 2025,2025-05-17,MATELOVA Hana,BERGSTROM Linda,4,1,"11,11,9,11,12|6,5,11,7,10",R64,WORLD_CHAMPIONSHIPS,WS,3108,Main Draw,MATELOVA Hana (CZE),BERGSTROM Linda (SWE),MATELOVA Hana
ITTF World Table Tennis Championships Finals Doha 2025,2025-05-17,ALTINKAYA Sibel,HELMY Yousra,4,3,"11,11,5,8,11,6,14|2,9,11,11,8,11,12",R64,WORLD_CHAMPIONSHIPS,WS,3108,Main Draw,ALTINKAYA Sibel (TUR),HELMY Yousra (EGY),ALTINKAYA Sibel
ITTF World Table Tennis Championships Finals Doha 2025,2025-05-17,KALLBERG Anton,ABDULWAHHAB Mohammed,4,0,"11,11,11,11|6,6,9,7",R64,WORLD_CHAMPIONSHIPS,MS,3108,Main Draw,ABDULWAHHAB Mohammed (QAT),KALLBERG Anton (SWE),KALLBERG Anton
ITTF World Table Tennis Championships Finals Doha 2025,2025-05-17,HARIMOTO Tomokazu,THAKKAR Manav,4,2,"13,11,9,11,9,11|11,3,11,6,11,3",R64,WORLD_CHAMPIONSHIPS,MS,3108,Main Draw,HARIMOTO Tomokazu (JPN),THAKKAR Manav (IND),HARIMOTO Tomokazu
ITTF World Table Tennis Championships Finals Doha 2025,2025-05-17,CHO Daeseong,KARLSSON Mattias,4,2,"11,7,6,13,11,11|9,11,11,11,7,8",R64,WORLD_CHAMPIONSHIPS,MS,3108,Main Draw,KARLSSON Mattias (SWE),CHO Daeseong (KOR),CHO Daeseong
ITTF World Table Tennis Championships Finals Doha 2025,2025-05-17,JORGIC Darko,AFANADOR Brian,4,1,"11,11,10,11,11|8,8,12,6,6",R64,WORLD_CHAMPIONSHIPS,MS,3108,Main Draw,AFANADOR Brian (PUR),JORGIC Darko (SLO),JORGIC Darko
ITTF World Table Tennis Championships Finals Doha 2025,2025-05-17,JANG Woojin,FARAJI Benyamin,4,0,"11,11,11,15|4,8,7,13",R64,WORLD_CHAMPIONSHIPS,MS,3108,Main Draw,JANG Woojin (KOR),FARAJI Benyamin (IRI),JANG Woojin
ITTF World Table Tennis Championships Finals Doha 2025,2025-05-17,GAUZY Simon,LIND Anders,4,3,"11,11,4,9,3,12,15|6,5,11,11,11,10,13",R64,WORLD_CHAMPIONSHIPS,MS,3108,Main Draw,GAUZY Simon (FRA),LIND Anders (DEN),GAUZY Simon
ITTF World Table Tennis Championships Finals Doha 2025,2025-05-17,LIN Gaoyuan,CIFUENTES Horacio,4,0,"11,11,11,13|4,9,2,11",R64,WORLD_CHAMPIONSHIPS,MS,3108,Main Draw,LIN Gaoyuan (CHN),CIFUENTES Horacio (ARG),LIN Gaoyuan
ITTF World Table Tennis Championships Finals Doha 2025,2025-05-17,GERASSIMENKO Kirill,SHINOZUKA Hiroto,4,2,"4,11,12,11,13,11|11,5,14,8,11,8",R64,WORLD_CHAMPIONSHIPS,MS,3108,Main Draw,SHINOZUKA Hiroto (JPN),GERASSIMENKO Kirill (KAZ),GERASSIMENKO Kirill
ITTF World Table Tennis Championships Finals Doha 2025,2025-05-17,PAVADE Prithika,KUKULKOVA Tatiana,4,0,"11,11,11,11|5,3,6,8",R64,WORLD_CHAMPIONSHIPS,WS,3108,Main Draw,KUKULKOVA Tatiana (SVK),PAVADE Prithika (FRA),PAVADE Prithika
ITTF World Table Tennis Championships Finals Doha 2025,2025-05-17,HARIMOTO Miwa,WAN Yuan,4,0,"11,11,11,11|3,8,6,9",R64,WORLD_CHAMPIONSHIPS,WS,3108,Main Draw,HARIMOTO Miwa (JPN),WAN Yuan (GER),HARIMOTO Miwa
ITTF World Table Tennis Championships Finals Doha 2025,2025-05-17,WANG Manyu,WATANABE Laura,4,0,"11,11,11,11|8,1,5,2",R64,WORLD_CHAMPIONSHIPS,WS,3108,Main Draw,WATANABE Laura (BRA),WANG Manyu (CHN),WANG Manyu
ITTF World Table Tennis Championships Finals Doha 2025,2025-05-17,MONFARDINI Gaia,DOO Hoi Kem,4,3,"11,11,9,4,7,11,11|9,8,11,11,11,6,7",R64,WORLD_CHAMPIONSHIPS,WS,3108,Main Draw,DOO Hoi Kem (HKG),MONFARDINI Gaia (ITA),MONFARDINI Gaia
ITTF World Table Tennis Championships Finals Doha 2025,2025-05-17,ODO Satsuki,SHAO Jieni,4,1,"11,11,11,9,11|6,7,7,11,5",R64,WORLD_CHAMPIONSHIPS,WS,3108,Main Draw,SHAO Jieni (POR),ODO Satsuki (JPN),ODO Satsuki
ITTF World Table Tennis Championships Finals Doha 2025,2025-05-17,CHENG I-Ching,CHITALE Diya,4,1,"11,11,11,6,11|3,7,6,11,5",R64,WORLD_CHAMPIONSHIPS,WS,3108,Main Draw,CHITALE Diya (IND),CHENG I-Ching (TPE),CHENG I-Ching
ITTF World Table Tennis Championships Finals Doha 2025,2025-05-17,KIM Kum Yong,KALLBERG Christina,4,1,"11,11,11,9,11|8,6,4,11,3",R64,WORLD_CHAMPIONSHIPS,WS,3108,Main Draw,KIM Kum Yong (PRK),KALLBERG Christina (SWE),KIM Kum Yong
ITTF World Table Tennis Championships Finals Doha 2025,2025-05-17,DRAGOMAN Andreea,POLCANOVA Sofia,4,2,"5,11,11,13,8,11|11,7,9,11,11,8",R64,WORLD_CHAMPIONSHIPS,WS,3108,Main Draw,POLCANOVA Sofia (AUT),DRAGOMAN Andreea (ROU),DRAGOMAN Andreea
ITTF World Table Tennis Championships Finals Doha 2025,2025-05-17,LIN Shidong,LAM Siu Hang,4,0,"11,11,11,11|9,6,4,6",R64,WORLD_CHAMPIONSHIPS,MS,3108,Main Draw,LIN Shidong (CHN),LAM Siu Hang (HKG),LIN Shidong
ITTF World Table Tennis Championships Finals Doha 2025,2025-05-17,ITO Mima,AGUIAR Rosalba,4,0,"11,11,11,11|8,2,3,9",R64,WORLD_CHAMPIONSHIPS,WS,3108,Main Draw,ITO Mima (JPN),AGUIAR Rosalba (CUB),ITO Mima
ITTF World Table Tennis Championships Finals Doha 2025,2025-05-17,KARLSSON Kristian,ROBLES Alvaro,4,0,"11,11,13,11|7,8,11,9",R64,WORLD_CHAMPIONSHIPS,MS,3108,Main Draw,KARLSSON Kristian (SWE),ROBLES Alvaro (ESP),KARLSSON Kristian
ITTF World Table Tennis Championships Finals Doha 2025,2025-05-17,WONG Chun Ting,PORET Thibault,4,1,"11,5,11,11,11|6,11,3,9,9",R64,WORLD_CHAMPIONSHIPS,MS,3108,Main Draw,PORET Thibault (FRA),WONG Chun Ting (HKG),WONG Chun Ting
ITTF World Table Tennis Championships Finals Doha 2025,2025-05-17,CALDERANO Hugo,ESSID Wassim,4,0,"11,11,11,11|5,3,5,4",R64,WORLD_CHAMPIONSHIPS,MS,3108,Main Draw,ESSID Wassim (TUN),CALDERANO Hugo (BRA),CALDERANO Hugo
ITTF World Table Tennis Championships Finals Doha 2025,2025-05-17,LIN Yen-Chun,LEBRUN Alexis,4,0,"11,11,11,11|0,0,0,0",R64,WORLD_CHAMPIONSHIPS,MS,3108,Main Draw,LIN Yen-Chun (TPE),LEBRUN Alexis (FRA),LIN Yen-Chun
ITTF World Table Tennis Championships Finals Doha 2025,2025-05-17,LIN Yun-Ju,PUCAR Tomislav,4,2,"12,5,13,11,6,11|10,11,11,7,11,7",R64,WORLD_CHAMPIONSHIPS,MS,3108,Main Draw,PUCAR Tomislav (CRO),LIN Yun-Ju (TPE),LIN Yun-Ju
ITTF World Table Tennis Championships Finals Doha 2025,2025-05-17,YOSHIMURA Maharu,GARDOS Robert,4,0,"11,11,11,11|5,6,5,8",R64,WORLD_CHAMPIONSHIPS,MS,3108,Main Draw,GARDOS Robert (AUT),YOSHIMURA Maharu (JPN),YOSHIMURA Maharu
ITTF World Table Tennis Championships Finals Doha 2025,2025-05-17,ARUNA Quadri,DUDA Benedikt,4,2,"11,4,11,2,12,11|9,11,8,11,10,9",R32,WORLD_CHAMPIONSHIPS,MS,3108,Main Draw,DUDA Benedikt (GER),ARUNA Quadri (NGR),ARUNA Quadri
ITTF World Table Tennis Championships Finals Doha 2025,2025-05-17,SHINOZUKA Hiroto/TOGAMI Shunsuke,QUEK Izaac/PANG Koen,3,2,"11,2,7,11,11|6,11,11,8,7",R16,WORLD_CHAMPIONSHIPS,MD,3108,Main Draw,SHINOZUKA Hiroto (JPN) / TOGAMI Shunsuke (JPN),QUEK Izaac (SGP) / PANG Koen (SGP),SHINOZUKA Hiroto
ITTF World Table Tennis Championships Finals Doha 2025,2025-05-17,LIANG Jingkun,FREITAS Marcos,4,0,"11,11,11,16|8,2,5,14",R32,WORLD_CHAMPIONSHIPS,MS,3108,Main Draw,FREITAS Marcos (POR),LIANG Jingkun (CHN),LIANG Jingkun
ITTF World Table Tennis Championships Finals Doha 2025,2025-05-17,JARVIS Tom,CHIRITA Iulian,4,0,"11,14,12,11|9,12,10,7",R32,WORLD_CHAMPIONSHIPS,MS,3108,Main Draw,JARVIS Tom (ENG),CHIRITA Iulian (ROU),JARVIS Tom
ITTF World Table Tennis Championships Finals Doha 2025,2025-05-17,SHI Xunyao,PARK Gahyeon,4,0,"11,11,11,11|8,5,5,7",R32,WORLD_CHAMPIONSHIPS,WS,3108,Main Draw,SHI Xunyao (CHN),PARK Gahyeon (KOR),SHI Xunyao
ITTF World Table Tennis Championships Finals Doha 2025,2025-05-17,SZOCS Bernadette,LI Yu-Jhun,4,1,"11,11,11,8,11|9,7,8,11,7",R32,WORLD_CHAMPIONSHIPS,WS,3108,Main Draw,SZOCS Bernadette (ROU),LI Yu-Jhun (TPE),SZOCS Bernadette
ITTF World Table Tennis Championships Finals Doha 2025,2025-05-17,CHEN Xingtong,LUPULESKU Izabela,4,1,"11,11,11,9,14|1,5,9,11,12",R32,WORLD_CHAMPIONSHIPS,WS,3108,Main Draw,CHEN Xingtong (CHN),LUPULESKU Izabela (SRB),CHEN Xingtong
ITTF World Table Tennis Championships Finals Doha 2025,2025-05-17,TAKAHASHI Bruna,ALTINKAYA Sibel,4,1,"11,11,11,6,11|6,7,3,11,9",R32,WORLD_CHAMPIONSHIPS,WS,3108,Main Draw,ALTINKAYA Sibel (TUR),TAKAHASHI Bruna (BRA),TAKAHASHI Bruna
ITTF World Table Tennis Championships Finals Doha 2025,2025-05-17,WANG Chuqin,WONG Chun Ting,4,0,"12,11,11,11|10,6,5,7",R32,WORLD_CHAMPIONSHIPS,MS,3108,Main Draw,WONG Chun Ting (HKG),WANG Chuqin (CHN),WANG Chuqin
ITTF World Table Tennis Championships Finals Doha 2025,2025-05-17,JANG Woojin,RASSENFOSSE Adrien,4,1,"11,5,11,13,11|7,11,5,11,9",R32,WORLD_CHAMPIONSHIPS,MS,3108,Main Draw,JANG Woojin (KOR),RASSENFOSSE Adrien (BEL),JANG Woojin
ITTF World Table Tennis Championships Finals Doha 2025,2025-05-17,JORGIC Darko,IONESCU Eduard,4,0,"11,11,11,11|9,7,2,6",R32,WORLD_CHAMPIONSHIPS,MS,3108,Main Draw,IONESCU Eduard (ROU),JORGIC Darko (SLO),JORGIC Darko
ITTF World Table Tennis Championships Finals Doha 2025,2025-05-17,GAUZY Simon,LIN Gaoyuan,4,2,"2,11,13,11,6,11|11,8,11,9,11,3",R32,WORLD_CHAMPIONSHIPS,MS,3108,Main Draw,LIN Gaoyuan (CHN),GAUZY Simon (FRA),GAUZY Simon
ITTF World Table Tennis Championships Finals Doha 2025,2025-05-17,WANG Yidi,GODA Hana,4,0,"11,12,11,11|7,10,4,7",R32,WORLD_CHAMPIONSHIPS,WS,3108,Main Draw,GODA Hana (EGY),WANG Yidi (CHN),WANG Yidi
ITTF World Table Tennis Championships Finals Doha 2025,2025-05-17,CHENG I-Ching,ZHANG Mo,4,1,"15,11,11,11,11|17,5,6,6,6",R32,WORLD_CHAMPIONSHIPS,WS,3108,Main Draw,ZHANG Mo (CAN),CHENG I-Ching (TPE),CHENG I-Ching
ITTF World Table Tennis Championships Finals Doha 2025,2025-05-17,ZENG Jian,DIAZ Adriana,4,3,"11,11,7,10,13,6,11|7,8,11,12,11,11,5",R32,WORLD_CHAMPIONSHIPS,WS,3108,Main Draw,ZENG Jian (SGP),DIAZ Adriana (PUR),ZENG Jian
ITTF World Table Tennis Championships Finals Doha 2025,2025-05-17,RAKOVAC Lea,SUH Hyo Won,4,2,"3,11,7,11,11,11|11,9,11,4,7,6",R32,WORLD_CHAMPIONSHIPS,WS,3108,Main Draw,RAKOVAC Lea (CRO),SUH Hyo Won (KOR),RAKOVAC Lea
ITTF World Table Tennis Championships Finals Doha 2025,2025-05-17,KARLSSON Mattias/KARLSSON Kristian,QIU Dang/DUDA Benedikt,3,2,"13,11,11,9,11|11,9,13,11,7",R16,WORLD_CHAMPIONSHIPS,MD,3108,Main Draw,KARLSSON Mattias (SWE) / KARLSSON Kristian (SWE),QIU Dang (GER) / DUDA Benedikt (GER),KARLSSON Mattias
ITTF World Table Tennis Championships Finals Doha 2025,2025-05-17,LEBRUN Felix,OH Junsung,4,2,"11,9,9,11,11,11|5,11,11,4,9,5",R32,WORLD_CHAMPIONSHIPS,MS,3108,Main Draw,LEBRUN Felix (FRA),OH Junsung (KOR),LEBRUN Felix
ITTF World Table Tennis Championships Finals Doha 2025,2025-05-17,KAO Cheng-Jui/LIN Yun-Ju,HUANG Youzheng/LIANG Jingkun,3,2,"3,11,13,13,11|11,8,11,15,4",R16,WORLD_CHAMPIONSHIPS,MD,3108,Main Draw,KAO Cheng-Jui (TPE) / LIN Yun-Ju (TPE),HUANG Youzheng (CHN) / LIANG Jingkun (CHN),KAO Cheng-Jui
ITTF World Table Tennis Championships Finals Doha 2025,2025-05-17,ELBEIALI Mohamed/ABDELAZIZ Youssef,WANG Yang/ANGELAKIS Konstantinos,3,0,"11,11,11|8,9,7",R16,WORLD_CHAMPIONSHIPS,MD,3108,Main Draw,ELBEIALI Mohamed (EGY) / ABDELAZIZ Youssef (EGY),WANG Yang (SVK) / ANGELAKIS Konstantinos (GRE),ELBEIALI Mohamed
ITTF World Table Tennis Championships Finals Doha 2025,2025-05-17,WANG Manyu/KUAI Man,LEE Hoi Man/KONG Tsz Lam,3,0,"11,11,11|6,6,5",R16,WORLD_CHAMPIONSHIPS,WD,3108,Main Draw,WANG Manyu (CHN) / KUAI Man (CHN),LEE Hoi Man (HKG) / KONG Tsz Lam (HKG),WANG Manyu
ITTF World Table Tennis Championships Finals Doha 2025,2025-05-17,KIM Nayeong/LEE Eunhye,CHENG I-Ching/LI Yu-Jhun,3,1,"12,11,9,11|10,8,11,5",R16,WORLD_CHAMPIONSHIPS,WD,3108,Main Draw,KIM Nayeong (KOR) / LEE Eunhye (KOR),CHENG I-Ching (TPE) / LI Yu-Jhun (TPE),KIM Nayeong
ITTF World Table Tennis Championships Finals Doha 2025,2025-05-17,SHIN Yubin/RYU Hanna,KAUFMANN Annett/SHAN Xiaona,3,1,"11,11,4,11|8,3,11,6",R16,WORLD_CHAMPIONSHIPS,WD,3108,Main Draw,SHIN Yubin (KOR) / RYU Hanna (KOR),KAUFMANN Annett (GER) / SHAN Xiaona (GER),SHIN Yubin
ITTF World Table Tennis Championships Finals Doha 2025,2025-05-17,XIAO Maria/DIACONU Adina,NG Wing Lam/ZHU Chengzhu,3,0,"13,11,12|11,4,10",R16,WORLD_CHAMPIONSHIPS,WD,3108,Main Draw,XIAO Maria (ESP) / DIACONU Adina (ROU),NG Wing Lam (HKG) / ZHU Chengzhu (HKG),XIAO Maria
ITTF World Table Tennis Championships Finals Doha 2025,2025-05-17,YOSHIMURA Maharu/ODO Satsuki,LIN Shidong/KUAI Man,3,1,"8,11,13,12|11,5,11,10",QF,WORLD_CHAMPIONSHIPS,XD,3108,Main Draw,YOSHIMURA Maharu (JPN) / ODO Satsuki (JPN),LIN Shidong (CHN) / KUAI Man (CHN),YOSHIMURA Maharu
ITTF World Table Tennis Championships Finals Doha 2025,2025-05-17,WONG Chun Ting/DOO Hoi Kem,ROBLES Alvaro/XIAO Maria,3,0,"11,11,11|1,5,7",QF,WORLD_CHAMPIONSHIPS,XD,3108,Main Draw,WONG Chun Ting (HKG) / DOO Hoi Kem (HKG),ROBLES Alvaro (ESP) / XIAO Maria (ESP),WONG Chun Ting
ITTF World Table Tennis Championships Finals Doha 2025,2025-05-17,WINTER Sabine/WAN Yuan,TSAI Yun-En/HUANG Yi-Hua,3,2,"8,9,11,11,11|11,11,8,7,7",R16,WORLD_CHAMPIONSHIPS,WD,3108,Main Draw,WINTER Sabine (GER) / WAN Yuan (GER),TSAI Yun-En (TPE) / HUANG Yi-Hua (TPE),WINTER Sabine
ITTF World Table Tennis Championships Finals Doha 2025,2025-05-17,FRANZISKA Patrick,CHO Daeseong,4,3,"7,9,7,11,11,11,11|11,11,11,7,8,4,3",R32,WORLD_CHAMPIONSHIPS,MS,3108,Main Draw,FRANZISKA Patrick (GER),CHO Daeseong (KOR),FRANZISKA Patrick
ITTF World Table Tennis Championships Finals Doha 2025,2025-05-17,LEBRUN Felix/LEBRUN Alexis,KALLBERG Anton/MOREGARD Truls,3,1,"10,11,11,11|12,5,3,5",R16,WORLD_CHAMPIONSHIPS,MD,3108,Main Draw,LEBRUN Felix (FRA) / LEBRUN Alexis (FRA),KALLBERG Anton (SWE) / MOREGARD Truls (SWE),LEBRUN Felix
ITTF World Table Tennis Championships Finals Doha 2025,2025-05-17,IONESCU Ovidiu/ROBLES Alvaro,HARIMOTO Tomokazu/MATSUSHIMA Sora,3,2,"9,14,4,11,11|11,12,11,9,9",R16,WORLD_CHAMPIONSHIPS,MD,3108,Main Draw,IONESCU Ovidiu (ROU) / ROBLES Alvaro (ESP),HARIMOTO Tomokazu (JPN) / MATSUSHIMA Sora (JPN),IONESCU Ovidiu
ITTF World Table Tennis Championships Finals Doha 2025,2025-05-17,CALDERANO Hugo,GERASSIMENKO Kirill,4,2,"9,9,11,12,11,11|11,11,5,10,9,7",R32,WORLD_CHAMPIONSHIPS,MS,3108,Main Draw,GERASSIMENKO Kirill (KAZ),CALDERANO Hugo (BRA),CALDERANO Hugo
ITTF World Table Tennis Championships Finals Doha 2025,2025-05-17,HARIMOTO Miwa,KIM Kum Yong,4,3,"11,5,11,11,8,8,11|8,11,6,7,11,11,3",R32,WORLD_CHAMPIONSHIPS,WS,3108,Main Draw,HARIMOTO Miwa (JPN),KIM Kum Yong (PRK),HARIMOTO Miwa
ITTF World Table Tennis Championships Finals Doha 2025,2025-05-17,LIN Yun-Ju,HABESOHN Daniel,4,0,"11,11,11,12|8,8,8,10",R32,WORLD_CHAMPIONSHIPS,MS,3108,Main Draw,HABESOHN Daniel (AUT),LIN Yun-Ju (TPE),LIN Yun-Ju
ITTF World Table Tennis Championships Finals Doha 2025,2025-05-17,HAYATA Hina,MATELOVA Hana,4,2,"11,7,11,9,11,12|7,11,7,11,6,10",R32,WORLD_CHAMPIONSHIPS,WS,3108,Main Draw,MATELOVA Hana (CZE),HAYATA Hina (JPN),HAYATA Hina
ITTF World Table Tennis Championships Finals Doha 2025,2025-05-17,SHIN Yubin,MONFARDINI Gaia,4,1,"11,8,11,14,16|5,11,9,12,14",R32,WORLD_CHAMPIONSHIPS,WS,3108,Main Draw,MONFARDINI Gaia (ITA),SHIN Yubin (KOR),SHIN Yubin
ITTF World Table Tennis Championships Finals Doha 2025,2025-05-17,ITO Mima,BAJOR Natalia,4,2,"11,11,11,9,2,11|7,9,9,11,11,9",R32,WORLD_CHAMPIONSHIPS,WS,3108,Main Draw,ITO Mima (JPN),BAJOR Natalia (POL),ITO Mima
ITTF World Table Tennis Championships Finals Doha 2025,2025-05-17,LIN Shidong,KARLSSON Kristian,4,1,"8,11,11,11,11|11,1,6,5,9",R32,WORLD_CHAMPIONSHIPS,MS,3108,Main Draw,LIN Shidong (CHN),KARLSSON Kristian (SWE),LIN Shidong
ITTF World Table Tennis Championships Finals Doha 2025,2025-05-17,HARIMOTO Miwa/KIHARA Miyuu,GHORPADE Yashaswini/CHITALE Diya,3,0,"11,11,11|7,8,9",R16,WORLD_CHAMPIONSHIPS,WD,3108,Main Draw,HARIMOTO Miwa (JPN) / KIHARA Miyuu (JPN),GHORPADE Yashaswini (IND) / CHITALE Diya (IND),HARIMOTO Miwa
ITTF World Table Tennis Championships Finals Doha 2025,2025-05-17,SUN Yingsha,LUTZ Charlotte,4,0,"11,11,11,11|4,6,6,1",R32,WORLD_CHAMPIONSHIPS,WS,3108,Main Draw,SUN Yingsha (CHN),LUTZ Charlotte (FRA),SUN Yingsha
ITTF World Table Tennis Championships Finals Doha 2025,2025-05-17,ODO Satsuki/YOKOI Sakura,JEGER Mateja/RAKOVAC Lea,3,0,"12,11,11|10,9,0",R16,WORLD_CHAMPIONSHIPS,WD,3108,Main Draw,ODO Satsuki (JPN) / YOKOI Sakura (JPN),JEGER Mateja (CRO) / RAKOVAC Lea (CRO),ODO Satsuki
ITTF World Table Tennis Championships Finals Doha 2025,2025-05-17,MOREGARD Truls,KAO Cheng-Jui,4,2,"5,11,11,13,11,11|11,8,7,15,4,3",R32,WORLD_CHAMPIONSHIPS,MS,3108,Main Draw,KAO Cheng-Jui (TPE),MOREGARD Truls (SWE),MOREGARD Truls
ITTF World Table Tennis Championships Finals Doha 2025,2025-05-17,TOGAMI Shunsuke,HARIMOTO Tomokazu,4,1,"11,11,9,11,11|7,9,11,5,9",R32,WORLD_CHAMPIONSHIPS,MS,3108,Main Draw,HARIMOTO Tomokazu (JPN),TOGAMI Shunsuke (JPN),TOGAMI Shunsuke
ITTF World Table Tennis Championships Finals Doha 2025,2025-05-17,LIN Gaoyuan/LIN Shidong,JANG Woojin/CHO Daeseong,3,0,"11,11,11|5,9,9",R16,WORLD_CHAMPIONSHIPS,MD,3108,Main Draw,LIN Gaoyuan (CHN) / LIN Shidong (CHN),JANG Woojin (KOR) / CHO Daeseong (KOR),LIN Gaoyuan
ITTF World Table Tennis Championships Finals Doha 2025,2025-05-17,BOURRASSAUD Florian/DORR Esteban,CHAN Baldwin/WONG Chun Ting,3,0,"11,11,11|6,8,7",R16,WORLD_CHAMPIONSHIPS,MD,3108,Main Draw,BOURRASSAUD Florian (FRA) / DORR Esteban (FRA),CHAN Baldwin (HKG) / WONG Chun Ting (HKG),BOURRASSAUD Florian
ITTF World Table Tennis Championships Finals Doha 2025,2025-05-17,WANG Manyu,HAN Ying,4,1,"12,12,9,11,13|10,10,11,4,11",R32,WORLD_CHAMPIONSHIPS,WS,3108,Main Draw,HAN Ying (GER),WANG Manyu (CHN),WANG Manyu
ITTF World Table Tennis Championships Finals Doha 2025,2025-05-17,POLCANOVA Sofia/SZOCS Bernadette,MATELOVA Hana/VARADY Barbora,3,2,"11,9,9,11,11|7,11,11,5,5",R16,WORLD_CHAMPIONSHIPS,WD,3108,Main Draw,POLCANOVA Sofia (AUT) / SZOCS Bernadette (ROU),MATELOVA Hana (CZE) / VARADY Barbora (SVK),POLCANOVA Sofia
ITTF World Table Tennis Championships Finals Doha 2025,2025-05-17,ODO Satsuki,WINTER Sabine,4,0,"11,11,11,11|4,7,6,8",R32,WORLD_CHAMPIONSHIPS,WS,3108,Main Draw,WINTER Sabine (GER),ODO Satsuki (JPN),ODO Satsuki
ITTF World Table Tennis Championships Finals Doha 2025,2025-05-17,PAVADE Prithika,DRAGOMAN Andreea,4,0,"13,11,14,11|11,9,12,6",R32,WORLD_CHAMPIONSHIPS,WS,3108,Main Draw,DRAGOMAN Andreea (ROU),PAVADE Prithika (FRA),PAVADE Prithika
ITTF World Table Tennis Championships Finals Doha 2025,2025-05-17,AN Jaehyun,LIN Yen-Chun,4,3,"11,7,11,5,7,11,16|7,11,5,11,11,7,14",R32,WORLD_CHAMPIONSHIPS,MS,3108,Main Draw,AN Jaehyun (KOR),LIN Yen-Chun (TPE),AN Jaehyun
ITTF World Table Tennis Championships Finals Doha 2025,2025-05-17,KALLBERG Anton,YOSHIMURA Maharu,4,0,"12,11,12,13|10,6,10,11",R32,WORLD_CHAMPIONSHIPS,MS,3108,Main Draw,YOSHIMURA Maharu (JPN),KALLBERG Anton (SWE),KALLBERG Anton
ITTF World Table Tennis Championships Finals Doha 2025,2025-05-17,WANG Chuqin/SUN Yingsha,MATSUSHIMA Sora/HARIMOTO Miwa,3,1,"6,11,11,11|11,9,9,9",QF,WORLD_CHAMPIONSHIPS,XD,3108,Main Draw,WANG Chuqin (CHN) / SUN Yingsha (CHN),MATSUSHIMA Sora (JPN) / HARIMOTO Miwa (JPN),WANG Chuqin
ITTF World Table Tennis Championships Finals Doha 2025,2025-05-17,LIM Jonghoon/SHIN Yubin,LIN Yun-Ju/CHENG I-Ching,3,2,"11,11,6,7,11|9,9,11,11,9",QF,WORLD_CHAMPIONSHIPS,XD,3108,Main Draw,LIM Jonghoon (KOR) / SHIN Yubin (KOR),LIN Yun-Ju (TPE) / CHENG I-Ching (TPE),LIM Jonghoon
ITTF World Table Tennis Championships Finals Doha 2025,2025-05-17,WANG Manyu,SZOCS Bernadette,4,0,"11,12,11,11|6,10,5,6",R16,WORLD_CHAMPIONSHIPS,WS,3108,Main Draw,SZOCS Bernadette (ROU),WANG Manyu (CHN),WANG Manyu
ITTF World Table Tennis Championships Finals Doha 2025,2025-05-17,ODO Satsuki,RAKOVAC Lea,4,0,"11,11,11,11|3,9,7,5",R16,WORLD_CHAMPIONSHIPS,WS,3108,Main Draw,RAKOVAC Lea (CRO),ODO Satsuki (JPN),ODO Satsuki
ITTF World Table Tennis Championships Finals Doha 2025,2025-05-17,LIANG Jingkun,JARVIS Tom,4,2,"8,11,11,5,11,11|11,8,9,11,2,6",R16,WORLD_CHAMPIONSHIPS,MS,3108,Main Draw,JARVIS Tom (ENG),LIANG Jingkun (CHN),LIANG Jingkun
ITTF World Table Tennis Championships Finals Doha 2025,2025-05-17,TOGAMI Shunsuke,JORGIC Darko,4,3,"9,11,9,11,1,12,12|11,9,11,4,11,10,10",R16,WORLD_CHAMPIONSHIPS,MS,3108,Main Draw,TOGAMI Shunsuke (JPN),JORGIC Darko (SLO),TOGAMI Shunsuke
ITTF World Table Tennis Championships Finals Doha 2025,2025-05-17,WANG Yidi,PAVADE Prithika,4,0,"11,11,11,11|7,7,7,8",R16,WORLD_CHAMPIONSHIPS,WS,3108,Main Draw,PAVADE Prithika (FRA),WANG Yidi (CHN),WANG Yidi
ITTF World Table Tennis Championships Finals Doha 2025,2025-05-17,HAYATA Hina,SHI Xunyao,4,2,"11,8,8,11,11,11|5,11,11,5,5,9",R16,WORLD_CHAMPIONSHIPS,WS,3108,Main Draw,SHI Xunyao (CHN),HAYATA Hina (JPN),HAYATA Hina
ITTF World Table Tennis Championships Finals Doha 2025,2025-05-17,KAO Cheng-Jui/LIN Yun-Ju,LIN Gaoyuan/LIN Shidong,3,1,"11,11,5,11|5,9,11,8",QF,WORLD_CHAMPIONSHIPS,MD,3108,Main Draw,KAO Cheng-Jui (TPE) / LIN Yun-Ju (TPE),LIN Gaoyuan (CHN) / LIN Shidong (CHN),KAO Cheng-Jui
ITTF World Table Tennis Championships Finals Doha 2025,2025-05-17,HARIMOTO Miwa,ZENG Jian,4,0,"11,11,11,11|5,9,4,6",R16,WORLD_CHAMPIONSHIPS,WS,3108,Main Draw,HARIMOTO Miwa (JPN),ZENG Jian (SGP),HARIMOTO Miwa
ITTF World Table Tennis Championships Finals Doha 2025,2025-05-17,CALDERANO Hugo,ARUNA Quadri,4,0,"11,11,11,11|4,4,4,6",R16,WORLD_CHAMPIONSHIPS,MS,3108,Main Draw,ARUNA Quadri (NGR),CALDERANO Hugo (BRA),CALDERANO Hugo
ITTF World Table Tennis Championships Finals Doha 2025,2025-05-17,SHIN Yubin/RYU Hanna,ODO Satsuki/YOKOI Sakura,3,1,"11,9,11,18|9,11,6,16",QF,WORLD_CHAMPIONSHIPS,WD,3108,Main Draw,SHIN Yubin (KOR) / RYU Hanna (KOR),ODO Satsuki (JPN) / YOKOI Sakura (JPN),SHIN Yubin
ITTF World Table Tennis Championships Finals Doha 2025,2025-05-17,WANG Chuqin,GAUZY Simon,4,2,"9,9,11,11,11,11|11,11,2,9,4,8",R16,WORLD_CHAMPIONSHIPS,MS,3108,Main Draw,GAUZY Simon (FRA),WANG Chuqin (CHN),WANG Chuqin
ITTF World Table Tennis Championships Finals Doha 2025,2025-05-17,CHEN Xingtong,TAKAHASHI Bruna,4,1,"10,11,11,11,11|12,7,8,7,8",R16,WORLD_CHAMPIONSHIPS,WS,3108,Main Draw,CHEN Xingtong (CHN),TAKAHASHI Bruna (BRA),CHEN Xingtong
ITTF World Table Tennis Championships Finals Doha 2025,2025-05-17,MOREGARD Truls,JANG Woojin,4,3,"11,11,7,11,3,7,14|8,7,11,9,11,11,12",R16,WORLD_CHAMPIONSHIPS,MS,3108,Main Draw,JANG Woojin (KOR),MOREGARD Truls (SWE),MOREGARD Truls
ITTF World Table Tennis Championships Finals Doha 2025,2025-05-17,ITO Mima,CHENG I-Ching,4,0,"11,21,11,11|8,19,6,9",R16,WORLD_CHAMPIONSHIPS,WS,3108,Main Draw,ITO Mima (JPN),CHENG I-Ching (TPE),ITO Mima
ITTF World Table Tennis Championships Finals Doha 2025,2025-05-17,LIN Shidong,KALLBERG Anton,4,0,"11,12,11,11|6,10,7,6",R16,WORLD_CHAMPIONSHIPS,MS,3108,Main Draw,LIN Shidong (CHN),KALLBERG Anton (SWE),LIN Shidong
ITTF World Table Tennis Championships Finals Doha 2025,2025-05-17,LIN Yun-Ju,FRANZISKA Patrick,4,3,"8,12,12,7,11,7,11|11,10,10,11,9,11,4",R16,WORLD_CHAMPIONSHIPS,MS,3108,Main Draw,FRANZISKA Patrick (GER),LIN Yun-Ju (TPE),LIN Yun-Ju
ITTF World Table Tennis Championships Finals Doha 2025,2025-05-17,SUN Yingsha,SHIN Yubin,4,2,"11,7,11,11,10,12|8,11,6,5,12,10",R16,WORLD_CHAMPIONSHIPS,WS,3108,Main Draw,SUN Yingsha (CHN),SHIN Yubin (KOR),SUN Yingsha
ITTF World Table Tennis Championships Finals Doha 2025,2025-05-17,HARIMOTO Miwa/KIHARA Miyuu,KIM Nayeong/LEE Eunhye,3,0,"11,11,11|3,5,8",QF,WORLD_CHAMPIONSHIPS,WD,3108,Main Draw,HARIMOTO Miwa (JPN) / KIHARA Miyuu (JPN),KIM Nayeong (KOR) / LEE Eunhye (KOR),HARIMOTO Miwa
ITTF World Table Tennis Championships Finals Doha 2025,2025-05-17,AN Jaehyun,LEBRUN Felix,4,3,"10,11,14,7,12,11,11|12,9,12,11,14,6,9",R16,WORLD_CHAMPIONSHIPS,MS,3108,Main Draw,LEBRUN Felix (FRA),AN Jaehyun (KOR),AN Jaehyun
ITTF World Table Tennis Championships Finals Doha 2025,2025-05-17,BOURRASSAUD Florian/DORR Esteban,IONESCU Ovidiu/ROBLES Alvaro,3,2,"8,11,4,13,11|11,7,11,11,6",QF,WORLD_CHAMPIONSHIPS,MD,3108,Main Draw,BOURRASSAUD Florian (FRA) / DORR Esteban (FRA),IONESCU Ovidiu (ROU) / ROBLES Alvaro (ESP),BOURRASSAUD Florian
ITTF World Table Tennis Championships Finals Doha 2025,2025-05-17,WANG Chuqin/SUN Yingsha,LIM Jonghoon/SHIN Yubin,3,0,"12,11,16|10,6,14",SF,WORLD_CHAMPIONSHIPS,XD,3108,Main Draw,WANG Chuqin (CHN) / SUN Yingsha (CHN),LIM Jonghoon (KOR) / SHIN Yubin (KOR),WANG Chuqin
ITTF World Table Tennis Championships Finals Doha 2025,2025-05-17,YOSHIMURA Maharu/ODO Satsuki,WONG Chun Ting/DOO Hoi Kem,3,1,"11,11,4,11|8,1,11,2",SF,WORLD_CHAMPIONSHIPS,XD,3108,Main Draw,YOSHIMURA Maharu (JPN) / ODO Satsuki (JPN),WONG Chun Ting (HKG) / DOO Hoi Kem (HKG),YOSHIMURA Maharu
ITTF World Table Tennis Championships Finals Doha 2025,2025-05-17,WANG Manyu/KUAI Man,XIAO Maria/DIACONU Adina,3,0,"11,11,11|7,9,6",QF,WORLD_CHAMPIONSHIPS,WD,3108,Main Draw,WANG Manyu (CHN) / KUAI Man (CHN),XIAO Maria (ESP) / DIACONU Adina (ROU),WANG Manyu
ITTF World Table Tennis Championships Finals Doha 2025,2025-05-17,POLCANOVA Sofia/SZOCS Bernadette,WINTER Sabine/WAN Yuan,3,1,"11,11,4,12|7,8,11,10",QF,WORLD_CHAMPIONSHIPS,WD,3108,Main Draw,POLCANOVA Sofia (AUT) / SZOCS Bernadette (ROU),WINTER Sabine (GER) / WAN Yuan (GER),POLCANOVA Sofia
ITTF World Table Tennis Championships Finals Doha 2025,2025-05-17,LEBRUN Felix/LEBRUN Alexis,KARLSSON Mattias/KARLSSON Kristian,3,1,"11,11,8,11|9,7,11,5",QF,WORLD_CHAMPIONSHIPS,MD,3108,Main Draw,LEBRUN Felix (FRA) / LEBRUN Alexis (FRA),KARLSSON Mattias (SWE) / KARLSSON Kristian (SWE),LEBRUN Felix
ITTF World Table Tennis Championships Finals Doha 2025,2025-05-17,SHINOZUKA Hiroto/TOGAMI Shunsuke,ELBEIALI Mohamed/ABDELAZIZ Youssef,3,0,"12,11,11|10,3,5",QF,WORLD_CHAMPIONSHIPS,MD,3108,Main Draw,SHINOZUKA Hiroto (JPN) / TOGAMI Shunsuke (JPN),ELBEIALI Mohamed (EGY) / ABDELAZIZ Youssef (EGY),SHINOZUKA Hiroto
ITTF World Table Tennis Championships Finals Doha 2025,2025-05-17,LIANG Jingkun,LIN Shidong,4,3,"11,11,7,5,11,8,11|5,8,11,11,8,11,7",QF,WORLD_CHAMPIONSHIPS,MS,3108,Main Draw,LIN Shidong (CHN),LIANG Jingkun (CHN),LIANG Jingkun
ITTF World Table Tennis Championships Finals Doha 2025,2025-05-17,ITO Mima,WANG Yidi,4,1,"6,11,11,11,11|11,8,6,8,9",QF,WORLD_CHAMPIONSHIPS,WS,3108,Main Draw,ITO Mima (JPN),WANG Yidi (CHN),ITO Mima
ITTF World Table Tennis Championships Finals Doha 2025,2025-05-17,SUN Yingsha,ODO Satsuki,4,1,"9,11,11,13,11|11,8,4,11,5",QF,WORLD_CHAMPIONSHIPS,WS,3108,Main Draw,SUN Yingsha (CHN),ODO Satsuki (JPN),SUN Yingsha
ITTF World Table Tennis Championships Finals Doha 2025,2025-05-17,CHEN Xingtong,HAYATA Hina,4,0,"12,11,11,11|10,6,7,9",QF,WORLD_CHAMPIONSHIPS,WS,3108,Main Draw,CHEN Xingtong (CHN),HAYATA Hina (JPN),CHEN Xingtong
ITTF World Table Tennis Championships Finals Doha 2025,2025-05-17,WANG Manyu,HARIMOTO Miwa,4,0,"11,11,11,11|5,8,9,5",QF,WORLD_CHAMPIONSHIPS,WS,3108,Main Draw,HARIMOTO Miwa (JPN),WANG Manyu (CHN),WANG Manyu
ITTF World Table Tennis Championships Finals Doha 2025,2025-05-17,WANG Chuqin,LIN Yun-Ju,4,0,"12,11,11,12|10,8,8,10",QF,WORLD_CHAMPIONSHIPS,MS,3108,Main Draw,LIN Yun-Ju (TPE),WANG Chuqin (CHN),WANG Chuqin
ITTF World Table Tennis Championships Finals Doha 2025,2025-05-17,MOREGARD Truls,TOGAMI Shunsuke,4,2,"14,3,11,11,12,11|16,11,7,8,10,9",QF,WORLD_CHAMPIONSHIPS,MS,3108,Main Draw,TOGAMI Shunsuke (JPN),MOREGARD Truls (SWE),MOREGARD Truls
ITTF World Table Tennis Championships Finals Doha 2025,2025-05-17,CALDERANO Hugo,AN Jaehyun,4,1,"11,11,9,11,12|4,6,11,7,10",QF,WORLD_CHAMPIONSHIPS,MS,3108,Main Draw,AN Jaehyun (KOR),CALDERANO Hugo (BRA),CALDERANO Hugo
ITTF World Table Tennis Championships Finals Doha 2025,2025-05-17,WANG Chuqin,MOREGARD Truls,4,1,"5,11,11,12,12|11,8,2,10,10",SF,WORLD_CHAMPIONSHIPS,MS,3108,Main Draw,MOREGARD Truls (SWE),WANG Chuqin (CHN),WANG Chuqin
ITTF World Table Tennis Championships Finals Doha 2025,2025-05-17,SUN Yingsha,ITO Mima,4,0,"11,11,11,11|7,5,9,4",SF,WORLD_CHAMPIONSHIPS,WS,3108,Main Draw,SUN Yingsha (CHN),ITO Mima (JPN),SUN Yingsha
ITTF World Table Tennis Championships Finals Doha 2025,2025-05-17,SHINOZUKA Hiroto/TOGAMI Shunsuke,BOURRASSAUD Florian/DORR Esteban,3,0,"11,11,11|0,0,0",SF,WORLD_CHAMPIONSHIPS,MD,3108,Main Draw,SHINOZUKA Hiroto (JPN) / TOGAMI Shunsuke (JPN),BOURRASSAUD Florian (FRA) / DORR Esteban (FRA),SHINOZUKA Hiroto
ITTF World Table Tennis Championships Finals Doha 2025,2025-05-17,WANG Chuqin/SUN Yingsha,YOSHIMURA Maharu/ODO Satsuki,3,1,"11,11,7,11|7,8,11,8",F,WORLD_CHAMPIONSHIPS,XD,3108,Main Draw,WANG Chuqin (CHN) / SUN Yingsha (CHN),YOSHIMURA Maharu (JPN) / ODO Satsuki (JPN),WANG Chuqin
ITTF World Table Tennis Championships Finals Doha 2025,2025-05-17,POLCANOVA Sofia/SZOCS Bernadette,SHIN Yubin/RYU Hanna,3,2,"11,8,11,9,11|5,11,8,11,9",SF,WORLD_CHAMPIONSHIPS,WD,3108,Main Draw,POLCANOVA Sofia (AUT) / SZOCS Bernadette (ROU),SHIN Yubin (KOR) / RYU Hanna (KOR),POLCANOVA Sofia
ITTF World Table Tennis Championships Finals Doha 2025,2025-05-17,CALDERANO Hugo,LIANG Jingkun,4,3,"15,11,8,11,3,7,11|13,7,11,8,11,11,9",SF,WORLD_CHAMPIONSHIPS,MS,3108,Main Draw,LIANG Jingkun (CHN),CALDERANO Hugo (BRA),CALDERANO Hugo
ITTF World Table Tennis Championships Finals Doha 2025,2025-05-17,WANG Manyu,CHEN Xingtong,4,0,"11,11,11,11|8,8,2,8",SF,WORLD_CHAMPIONSHIPS,WS,3108,Main Draw,CHEN Xingtong (CHN),WANG Manyu (CHN),WANG Manyu
ITTF World Table Tennis Championships Finals Doha 2025,2025-05-17,KAO Cheng-Jui/LIN Yun-Ju,LEBRUN Felix/LEBRUN Alexis,3,1,"11,11,9,12|8,7,11,10",SF,WORLD_CHAMPIONSHIPS,MD,3108,Main Draw,KAO Cheng-Jui (TPE) / LIN Yun-Ju (TPE),LEBRUN Felix (FRA) / LEBRUN Alexis (FRA),KAO Cheng-Jui
ITTF World Table Tennis Championships Finals Doha 2025,2025-05-17,SHINOZUKA Hiroto/TOGAMI Shunsuke,KAO Cheng-Jui/LIN Yun-Ju,3,2,"6,11,7,11,11|11,5,11,6,6",F,WORLD_CHAMPIONSHIPS,MD,3108,Main Draw,SHINOZUKA Hiroto (JPN) / TOGAMI Shunsuke (JPN),KAO Cheng-Jui (TPE) / LIN Yun-Ju (TPE),SHINOZUKA Hiroto
ITTF World Table Tennis Championships Finals Doha 2025,2025-05-17,SUN Yingsha,WANG Manyu,4,3,"11,12,8,5,12,11,11|6,10,11,11,10,13,7",F,WORLD_CHAMPIONSHIPS,WS,3108,Main Draw,SUN Yingsha (CHN),WANG Manyu (CHN),SUN Yingsha
ITTF World Table Tennis Championships Finals Doha 2025,2025-05-17,WANG Manyu/KUAI Man,POLCANOVA Sofia/SZOCS Bernadette,3,0,"11,11,11|6,6,5",F,WORLD_CHAMPIONSHIPS,WD,3108,Main Draw,WANG Manyu (CHN) / KUAI Man (CHN),POLCANOVA Sofia (AUT) / SZOCS Bernadette (ROU),WANG Manyu
ITTF World Table Tennis Championships Finals Doha 2025,2025-05-17,FALCK Mattias/BERGSTROM Linda,ARPAS Samuel/BALAZOVA Barbora,3,2,"8,11,11,8,11|11,2,3,11,5",R64,WORLD_CHAMPIONSHIPS,XD,3108,Main Draw,FALCK Mattias/BERGSTROM Linda (SWE),ARPAS Samuel/BALAZOVA Barbora (SVK),FALCK Mattias/BERGSTROM Linda
ITTF World Table Tennis Championships Finals Doha 2025,2025-05-17,MONFARDINI Gaia,BALAZOVA Barbora,4,2,"2,11,11,9,14,11|11,8,9,11,12,9",R128,WORLD_CHAMPIONSHIPS,WS,3108,Main Draw,MONFARDINI Gaia (ITA),BALAZOVA Barbora (SVK),MONFARDINI Gaia
ITTF World Table Tennis Championships Finals Doha 2025,2025-05-18,ZENG Jian,ORTEGA Daniela,4,2,"6,9,11,11,11,11|11,11,5,6,9,4",R128,WORLD_CHAMPIONSHIPS,WS,3108,Main Draw,ZENG Jian (SGP),ORTEGA Daniela (CHI),ZENG Jian
ITTF World Table Tennis Championships Finals Doha 2025,2025-05-18,BERGSTROM Linda,BRATEYKO Solomiya,4,1,"11,11,11,9,11|4,9,6,11,9",R128,WORLD_CHAMPIONSHIPS,WS,3108,Main Draw,BERGSTROM Linda (SWE),BRATEYKO Solomiya (UKR),BERGSTROM Linda
ITTF World Table Tennis Championships Finals Doha 2025,2025-05-18,YUAN Jia Nan,GHORPADE Yashaswini,4,1,"11,8,11,11,11|7,11,9,9,8",R128,WORLD_CHAMPIONSHIPS,WS,3108,Main Draw,YUAN Jia Nan (FRA),GHORPADE Yashaswini (IND),YUAN Jia Nan
ITTF World Table Tennis Championships Finals Doha 2025,2025-05-18,HUANG Yu-Chiao,KIM Nayeong,4,3,"11,4,12,9,9,11,11|7,11,10,11,11,7,7",R128,WORLD_CHAMPIONSHIPS,WS,3108,Main Draw,HUANG Yu-Chiao (TPE),KIM Nayeong (KOR),HUANG Yu-Chiao
ITTF World Table Tennis Championships Finals Doha 2025,2025-05-18,SAMARA Elizabeta,VIVARELLI Debora,4,0,"11,11,11,11|4,3,8,2",R128,WORLD_CHAMPIONSHIPS,WS,3108,Main Draw,SAMARA Elizabeta (ROU),VIVARELLI Debora (ITA),SAMARA Elizabeta
ITTF World Table Tennis Championships Finals Doha 2025,2025-05-18,JHA Kanak,TEODORO Guilherme,4,3,"11,10,5,12,11,10,11|5,12,11,10,9,12,8",R128,WORLD_CHAMPIONSHIPS,MS,3108,Main Draw,JHA Kanak (USA),TEODORO Guilherme (BRA),JHA Kanak
ITTF World Table Tennis Championships Finals Doha 2025,2025-05-18,CIFUENTES Horacio,JELLOULI Milhane,4,0,"11,11,11,11|5,8,8,8",R128,WORLD_CHAMPIONSHIPS,MS,3108,Main Draw,CIFUENTES Horacio (ARG),JELLOULI Milhane (ALG),CIFUENTES Horacio
ITTF World Table Tennis Championships Finals Doha 2025,2025-05-18,WALTHER Ricardo,WANG Eugene,4,0,"15,13,12,11|13,11,10,9",R128,WORLD_CHAMPIONSHIPS,MS,3108,Main Draw,WALTHER Ricardo (GER),WANG Eugene (CAN),WALTHER Ricardo
ITTF World Table Tennis Championships Finals Doha 2025,2025-05-18,MATSUDAIRA Kenji,BOULOUSSA Mehdi,4,0,"11,11,11,12|8,7,3,10",R128,WORLD_CHAMPIONSHIPS,MS,3108,Main Draw,MATSUDAIRA Kenji (JPN),BOULOUSSA Mehdi (ALG),MATSUDAIRA Kenji
ITTF World Table Tennis Championships Finals Doha 2025,2025-05-18,TAKAHASHI Bruna,NANGONZI Judith,4,0,"11,11,11,11|3,5,2,1",R128,WORLD_CHAMPIONSHIPS,WS,3108,Main Draw,TAKAHASHI Bruna (BRA),NANGONZI Judith (UGA),TAKAHASHI Bruna
ITTF World Table Tennis Championships Finals Doha 2025,2025-05-18,LIN Gaoyuan,ABDELAZIZ Youssef,4,2,"6,11,11,6,11,11|11,2,8,11,7,6",R128,WORLD_CHAMPIONSHIPS,MS,3108,Main Draw,LIN Gaoyuan (CHN),ABDELAZIZ Youssef (EGY),LIN Gaoyuan
ITTF World Table Tennis Championships Finals Doha 2025,2025-05-18,RAKOVAC Lea,GIRET Maylis,4,0,"11,11,11,11|1,1,2,9",R128,WORLD_CHAMPIONSHIPS,WS,3108,Main Draw,RAKOVAC Lea (CRO),GIRET Maylis (NCL),RAKOVAC Lea
ITTF World Table Tennis Championships Finals Doha 2025,2025-05-18,BAJOR Natalia/KUKULKOVA Tatiana,AYOOLA Kabirat/OJOMU Ajoke,3,0,"11,11,11|4,3,6",R64,WORLD_CHAMPIONSHIPS,WD,3108,Main Draw,BAJOR Natalia/KUKULKOVA Tatiana (POL/SVK),AYOOLA Kabirat/OJOMU Ajoke (NGR),BAJOR Natalia/KUKULKOVA Tatiana
ITTF World Table Tennis Championships Finals Doha 2025,2025-05-18,CALDERANO Hugo,CASTRO Rogelio,4,1,"11,9,11,11,11|8,11,3,4,4",R128,WORLD_CHAMPIONSHIPS,MS,3108,Main Draw,CALDERANO Hugo (BRA),CASTRO Rogelio (MEX),CALDERANO Hugo
ITTF World Table Tennis Championships Finals Doha 2025,2025-05-18,PORET Thibault,GNANASEKARAN Sathiyan,4,0,"11,11,11,11|5,6,7,6",R128,WORLD_CHAMPIONSHIPS,MS,3108,Main Draw,PORET Thibault (FRA),GNANASEKARAN Sathiyan (IND),PORET Thibault
ITTF World Table Tennis Championships Finals Doha 2025,2025-05-18,MORET Rachel/MONFARDINI Gaia,WU Jiamuwa/PSIHOGIOS Constantina,3,2,"11,10,15,5,14|7,12,13,11,12",R64,WORLD_CHAMPIONSHIPS,WD,3108,Main Draw,MORET Rachel/MONFARDINI Gaia (SUI/ITA),WU Jiamuwa/PSIHOGIOS Constantina (AUS),MORET Rachel/MONFARDINI Gaia
ITTF World Table Tennis Championships Finals Doha 2025,2025-05-18,WONG Chun Ting,LY Edward,4,0,"11,11,11,11|4,9,4,4",R128,WORLD_CHAMPIONSHIPS,MS,3108,Main Draw,WONG Chun Ting (HKG),LY Edward (CAN),WONG Chun Ting
ITTF World Table Tennis Championships Finals Doha 2025,2025-05-18,BOURRASSAUD Florian/DORR Esteban,CHOONG Javen/WONG Qi Shen,3,2,"12,11,9,6,11|10,6,11,11,2",R64,WORLD_CHAMPIONSHIPS,MD,3108,Main Draw,BOURRASSAUD Florian/DORR Esteban (FRA),CHOONG Javen/WONG Qi Shen (MAS),BOURRASSAUD Florian/DORR Esteban
ITTF World Table Tennis Championships Finals Doha 2025,2025-05-18,ZHANG Lily,JEGER Mateja,4,2,"6,12,11,8,14,11|11,10,4,11,12,7",R128,WORLD_CHAMPIONSHIPS,WS,3108,Main Draw,ZHANG Lily (USA),JEGER Mateja (CRO),ZHANG Lily
ITTF World Table Tennis Championships Finals Doha 2025,2025-05-18,LEE Hoi Man/KONG Tsz Lam,PARANANG Orawan/SAWETTABUT Suthasini,3,1,"11,9,11,11|7,11,7,4",R64,WORLD_CHAMPIONSHIPS,WD,3108,Main Draw,LEE Hoi Man/KONG Tsz Lam (HKG),PARANANG Orawan/SAWETTABUT Suthasini (THA),LEE Hoi Man/KONG Tsz Lam
ITTF World Table Tennis Championships Finals Doha 2025,2025-05-18,QUEK Izaac/PANG Koen,LIND Anders/ANDERSEN Martin,3,1,"12,11,12,13|14,8,10,11",R64,WORLD_CHAMPIONSHIPS,MD,3108,Main Draw,QUEK Izaac/PANG Koen (SGP),LIND Anders/ANDERSEN Martin (DEN),QUEK Izaac/PANG Koen
ITTF World Table Tennis Championships Finals Doha 2025,2025-05-18,WANG Manyu/KUAI Man,WEGRZYN Katarzyna/WIELGOS Zuzanna,3,0,"11,11,11|9,5,3",R64,WORLD_CHAMPIONSHIPS,WD,3108,Main Draw,WANG Manyu/KUAI Man (CHN),WEGRZYN Katarzyna/WIELGOS Zuzanna (POL),WANG Manyu/KUAI Man
ITTF World Table Tennis Championships Finals Doha 2025,2025-05-18,KWAN Man Ho/YIU Kwan To,LIANG Jishan/NARESH Sid,3,0,"13,11,15|11,6,13",R64,WORLD_CHAMPIONSHIPS,MD,3108,Main Draw,KWAN Man Ho/YIU Kwan To (HKG),LIANG Jishan/NARESH Sid (USA),KWAN Man Ho/YIU Kwan To
ITTF World Table Tennis Championships Finals Doha 2025,2025-05-18,XIAO Maria/DIACONU Adina,TAKAHASHI Giulia/WATANABE Laura,3,0,"14,11,11|12,4,8",R64,WORLD_CHAMPIONSHIPS,WD,3108,Main Draw,XIAO Maria/DIACONU Adina (ESP/ROU),TAKAHASHI Giulia/WATANABE Laura (BRA),XIAO Maria/DIACONU Adina
ITTF World Table Tennis Championships Finals Doha 2025,2025-05-18,TSAI Yun-En,CRUZ Kheith,4,2,"11,11,11,4,11,11|13,9,8,11,9,9",R128,WORLD_CHAMPIONSHIPS,WS,3108,Main Draw,TSAI Yun-En (TPE),CRUZ Kheith (PHI),TSAI Yun-En
ITTF World Table Tennis Championships Finals Doha 2025,2025-05-18,FALCK Mattias/KARLSSON Kristian,RAKOTOARIMANANA Fabio/RAZAFINARIVO Antoine,3,1,"11,14,13,11|6,12,15,4",R64,WORLD_CHAMPIONSHIPS,MD,3108,Main Draw,FALCK Mattias/KARLSSON Kristian (SWE),RAKOTOARIMANANA Fabio/RAZAFINARIVO Antoine (MAD),FALCK Mattias/KARLSSON Kristian
ITTF World Table Tennis Championships Finals Doha 2025,2025-05-18,CHIRITA Iulian/IONESCU Eduard,ABDULWAHHAB Mohammed/ABDULWAHHAB Abdullah,3,1,"13,8,11,11|11,11,6,8",R64,WORLD_CHAMPIONSHIPS,MD,3108,Main Draw,CHIRITA Iulian/IONESCU Eduard (ROU),ABDULWAHHAB Mohammed/ABDULWAHHAB Abdullah (QAT),CHIRITA Iulian/IONESCU Eduard
ITTF World Table Tennis Championships Finals Doha 2025,2025-05-18,SHIN Yubin/RYU Hanna,BOUHENNI Yassamine/NASRI Malissa,3,0,"11,11,11|3,2,5",R64,WORLD_CHAMPIONSHIPS,WD,3108,Main Draw,SHIN Yubin/RYU Hanna (KOR),BOUHENNI Yassamine/NASRI Malissa (ALG),SHIN Yubin/RYU Hanna
ITTF World Table Tennis Championships Finals Doha 2025,2025-05-18,LIM Jonghoon/AN Jaehyun,LUU Finn/LUM Nicholas,3,0,"11,11,11|7,9,9",R64,WORLD_CHAMPIONSHIPS,MD,3108,Main Draw,LIM Jonghoon/AN Jaehyun (KOR),LUU Finn/LUM Nicholas (AUS),LIM Jonghoon/AN Jaehyun
ITTF World Table Tennis Championships Finals Doha 2025,2025-05-18,WANG Yang/ANGELAKIS Konstantinos,ALKHADRAWI Ali/SHULAYBI Abdulaziz BU,3,0,"11,11,11|4,8,6",R64,WORLD_CHAMPIONSHIPS,MD,3108,Main Draw,WANG Yang/ANGELAKIS Konstantinos (SVK/GRE),ALKHADRAWI Ali/SHULAYBI Abdulaziz BU (KSA),WANG Yang/ANGELAKIS Konstantinos
ITTF World Table Tennis Championships Finals Doha 2025,2025-05-18,ARAPOVIC Hana,AKASHEVA Zauresh,4,3,"8,11,6,4,11,19,11|11,7,11,11,8,17,8",R128,WORLD_CHAMPIONSHIPS,WS,3108,Main Draw,ARAPOVIC Hana (CRO),AKASHEVA Zauresh (KAZ),ARAPOVIC Hana
ITTF World Table Tennis Championships Finals Doha 2025,2025-05-18,CHANG Li Sian/LYNE Karen,BELLO Fatimo/UDOAKA Hope,3,0,"11,11,11|5,6,7",R64,WORLD_CHAMPIONSHIPS,WD,3108,Main Draw,CHANG Li Sian/LYNE Karen (MAS),BELLO Fatimo/UDOAKA Hope (NGR),CHANG Li Sian/LYNE Karen
ITTF World Table Tennis Championships Finals Doha 2025,2025-05-18,DIAZ Adriana,BERGAND Filippa,4,1,"11,11,11,10,11|5,9,7,12,7",R128,WORLD_CHAMPIONSHIPS,WS,3108,Main Draw,DIAZ Adriana (PUR),BERGAND Filippa (SWE),DIAZ Adriana
ITTF World Table Tennis Championships Finals Doha 2025,2025-05-18,KALLBERG Christina,HUANG Yi-Hua,4,1,"11,11,11,9,11|4,9,9,11,9",R128,WORLD_CHAMPIONSHIPS,WS,3108,Main Draw,KALLBERG Christina (SWE),HUANG Yi-Hua (TPE),KALLBERG Christina
ITTF World Table Tennis Championships Finals Doha 2025,2025-05-18,WAN Yuan,YU Fu,4,1,"11,5,15,11,11|6,11,13,9,3",R128,WORLD_CHAMPIONSHIPS,WS,3108,Main Draw,WAN Yuan (GER),YU Fu (POR),WAN Yuan
ITTF World Table Tennis Championships Finals Doha 2025,2025-05-18,ZENG Zhiying,ALI Maryam,4,0,"11,11,11,11|2,7,1,1",R128,WORLD_CHAMPIONSHIPS,WS,3108,Main Draw,ZENG Zhiying (CHI),ALI Maryam (QAT),ZENG Zhiying
ITTF World Table Tennis Championships Finals Doha 2025,2025-05-18,SHAHSAVARI Neda,MIRKADIROVA Sarvinoz,4,0,"12,11,11,11|10,6,5,9",R128,WORLD_CHAMPIONSHIPS,WS,3108,Main Draw,SHAHSAVARI Neda (IRI),MIRKADIROVA Sarvinoz (KAZ),SHAHSAVARI Neda
ITTF World Table Tennis Championships Finals Doha 2025,2025-05-18,SHI Xunyao,LAM Yee Lok,4,0,"11,11,11,11|5,3,8,7",R128,WORLD_CHAMPIONSHIPS,WS,3108,Main Draw,SHI Xunyao (CHN),LAM Yee Lok (HKG),SHI Xunyao
ITTF World Table Tennis Championships Finals Doha 2025,2025-05-18,ASSAR Omar,KOJIC Frane,4,1,"11,9,11,11,11|7,11,9,5,4",R128,WORLD_CHAMPIONSHIPS,MS,3108,Main Draw,ASSAR Omar (EGY),KOJIC Frane (CRO),ASSAR Omar
ITTF World Table Tennis Championships Finals Doha 2025,2025-05-18,HARIMOTO Tomokazu/MATSUSHIMA Sora,DEY Jeremy/MORISSEAU Jerome,3,0,"11,11,11|4,5,1",R64,WORLD_CHAMPIONSHIPS,MD,3108,Main Draw,HARIMOTO Tomokazu/MATSUSHIMA Sora (JPN),DEY Jeremy/MORISSEAU Jerome (NCL),HARIMOTO Tomokazu/MATSUSHIMA Sora
ITTF World Table Tennis Championships Finals Doha 2025,2025-05-18,LIN Shidong,PITCHFORD Liam,4,0,"11,12,11,11|9,10,2,9",R128,WORLD_CHAMPIONSHIPS,MS,3108,Main Draw,LIN Shidong (CHN),PITCHFORD Liam (ENG),LIN Shidong
ITTF World Table Tennis Championships Finals Doha 2025,2025-05-18,JANG Woojin,BURGOS Nicolas,4,3,"11,11,11,6,10,11,11|4,8,13,11,12,3,8",R128,WORLD_CHAMPIONSHIPS,MS,3108,Main Draw,JANG Woojin (KOR),BURGOS Nicolas (CHI),JANG Woojin
ITTF World Table Tennis Championships Finals Doha 2025,2025-05-18,IIZUKA Leonardo,OMOTAYO Olajide,4,1,"12,11,11,10,11|10,7,8,12,5",R128,WORLD_CHAMPIONSHIPS,MS,3108,Main Draw,IIZUKA Leonardo (BRA),OMOTAYO Olajide (NGR),IIZUKA Leonardo
ITTF World Table Tennis Championships Finals Doha 2025,2025-05-18,KULCZYCKI Samuel,KUTI Matthew,4,0,"11,13,11,11|1,11,5,5",R128,WORLD_CHAMPIONSHIPS,MS,3108,Main Draw,KULCZYCKI Samuel (POL),KUTI Matthew (NGR),KULCZYCKI Samuel
ITTF World Table Tennis Championships Finals Doha 2025,2025-05-18,TOGAMI Shunsuke,MADRID Marcos,4,0,"11,11,11,11|2,2,5,2",R128,WORLD_CHAMPIONSHIPS,MS,3108,Main Draw,TOGAMI Shunsuke (JPN),MADRID Marcos (MEX),TOGAMI Shunsuke
ITTF World Table Tennis Championships Finals Doha 2025,2025-05-18,MLADENOVIC Luka,GOMEZ Gustavo,4,0,"11,12,11,11|4,10,6,9",R128,WORLD_CHAMPIONSHIPS,MS,3108,Main Draw,MLADENOVIC Luka (LUX),GOMEZ Gustavo (CHI),MLADENOVIC Luka
ITTF World Table Tennis Championships Finals Doha 2025,2025-05-18,BERZOSA Daniel/MATIUNINA Veronika,HAM Yu Song/PYON Song Gyong,3,2,"11,13,11,13,12|5,15,9,15,10",R64,WORLD_CHAMPIONSHIPS,XD,3108,Main Draw,BERZOSA Daniel/MATIUNINA Veronika (ESP/UKR),HAM Yu Song/PYON Song Gyong (PRK),BERZOSA Daniel/MATIUNINA Veronika
ITTF World Table Tennis Championships Finals Doha 2025,2025-05-18,GAUZY Simon/PAVADE Prithika,FRANZISKA Patrick/KAUFMANN Annett,3,1,"11,8,11,11|8,11,9,7",R64,WORLD_CHAMPIONSHIPS,XD,3108,Main Draw,GAUZY Simon/PAVADE Prithika (FRA),FRANZISKA Patrick/KAUFMANN Annett (GER),GAUZY Simon/PAVADE Prithika
ITTF World Table Tennis Championships Finals Doha 2025,2025-05-18,IONESCU Ovidiu/SAMARA Elizabeta,CASTRO Rogelio/COSSIO Arantxa,3,2,"3,11,8,11,11|11,7,11,4,8",R64,WORLD_CHAMPIONSHIPS,XD,3108,Main Draw,IONESCU Ovidiu/SAMARA Elizabeta (ROU),CASTRO Rogelio/COSSIO Arantxa (MEX),IONESCU Ovidiu/SAMARA Elizabeta
ITTF World Table Tennis Championships Finals Doha 2025,2025-05-18,YOSHIMURA Maharu/ODO Satsuki,QUEK Izaac/ZENG Jian,3,0,"11,11,11|8,7,7",R64,WORLD_CHAMPIONSHIPS,XD,3108,Main Draw,YOSHIMURA Maharu/ODO Satsuki (JPN),QUEK Izaac/ZENG Jian (SGP),YOSHIMURA Maharu/ODO Satsuki
ITTF World Table Tennis Championships Finals Doha 2025,2025-05-18,PREECHAYAN Thitaphat/VIJITVIRIYAGUL Kulapassr,ABDULWAHHAB Mohammed/MOHAMED Aia,3,0,"11,11,11|5,6,6",R64,WORLD_CHAMPIONSHIPS,XD,3108,Main Draw,PREECHAYAN Thitaphat/VIJITVIRIYAGUL Kulapassr (THA),ABDULWAHHAB Mohammed/MOHAMED Aia (QAT),PREECHAYAN Thitaphat/VIJITVIRIYAGUL Kulapassr
ITTF World Table Tennis Championships Finals Doha 2025,2025-05-18,OH Junsung/KIM Nayeong,SHU Dean/LAM Jocelyn,3,0,"11,11,11|5,4,6",R64,WORLD_CHAMPIONSHIPS,XD,3108,Main Draw,OH Junsung/KIM Nayeong (KOR),SHU Dean/LAM Jocelyn (NZL),OH Junsung/KIM Nayeong
ITTF World Table Tennis Championships Finals Doha 2025,2025-05-18,LIN Yun-Ju/CHENG I-Ching,KHARKI Iskender/ROMANOVSKAYA Angelina,3,0,"11,11,11|1,6,3",R64,WORLD_CHAMPIONSHIPS,XD,3108,Main Draw,LIN Yun-Ju/CHENG I-Ching (TPE),KHARKI Iskender/ROMANOVSKAYA Angelina (KAZ),LIN Yun-Ju/CHENG I-Ching
ITTF World Table Tennis Championships Finals Doha 2025,2025-05-18,GUNDUZ Ibrahim/ALTINKAYA Sibel,PEREZ Adrian/CRESPO Estela,3,0,"11,11,11|0,9,6",R64,WORLD_CHAMPIONSHIPS,XD,3108,Main Draw,GUNDUZ Ibrahim/ALTINKAYA Sibel (TUR),PEREZ Adrian/CRESPO Estela (CUB),GUNDUZ Ibrahim/ALTINKAYA Sibel
ITTF World Table Tennis Championships Finals Doha 2025,2025-05-18,HAYATA Hina,DIACONU Adina,4,0,"11,11,11,14|6,5,9,12",R128,WORLD_CHAMPIONSHIPS,WS,3108,Main Draw,HAYATA Hina (JPN),DIACONU Adina (ROU),HAYATA Hina
ITTF World Table Tennis Championships Finals Doha 2025,2025-05-18,LAM Siu Hang,BHATTACHARJEE Ankur,4,1,"4,11,11,12,11|11,7,9,10,8",R128,WORLD_CHAMPIONSHIPS,MS,3108,Main Draw,LAM Siu Hang (HKG),BHATTACHARJEE Ankur (IND),LAM Siu Hang
ITTF World Table Tennis Championships Finals Doha 2025,2025-05-18,NG Wing Lam/ZHU Chengzhu,CAREY Charlotte/HURSEY Anna,3,0,"11,11,11|0,0,0",R64,WORLD_CHAMPIONSHIPS,WD,3108,Main Draw,NG Wing Lam/ZHU Chengzhu (HKG),CAREY Charlotte/HURSEY Anna (WAL),NG Wing Lam/ZHU Chengzhu
ITTF World Table Tennis Championships Finals Doha 2025,2025-05-18,HABESOHN Daniel,OVTCHAROV Dimitrij,4,0,"11,11,11,11|0,0,0,0",R128,WORLD_CHAMPIONSHIPS,MS,3108,Main Draw,HABESOHN Daniel (AUT),OVTCHAROV Dimitrij (GER),HABESOHN Daniel
ITTF World Table Tennis Championships Finals Doha 2025,2025-05-18,SANCHI Francisco,NARESH Sid,4,1,"11,11,6,11,11|5,6,11,8,8",R128,WORLD_CHAMPIONSHIPS,MS,3108,Main Draw,SANCHI Francisco (ARG),NARESH Sid (USA),SANCHI Francisco
ITTF World Table Tennis Championships Finals Doha 2025,2025-05-18,THAKKAR Manav,CHOI Timothy,4,1,"11,11,6,11,14|3,8,11,7,12",R128,WORLD_CHAMPIONSHIPS,MS,3108,Main Draw,THAKKAR Manav (IND),CHOI Timothy (NZL),THAKKAR Manav
ITTF World Table Tennis Championships Finals Doha 2025,2025-05-18,QIU Dang/DUDA Benedikt,HAMALAMBO Choolwe/BANDA Charles,3,0,"11,11,11|2,0,4",R64,WORLD_CHAMPIONSHIPS,MD,3108,Main Draw,QIU Dang/DUDA Benedikt (GER),HAMALAMBO Choolwe/BANDA Charles (ZAM),QIU Dang/DUDA Benedikt
ITTF World Table Tennis Championships Finals Doha 2025,2025-05-18,HARIMOTO Miwa,PESOTSKA Margaryta,4,1,"11,17,9,11,11|8,15,11,9,7",R128,WORLD_CHAMPIONSHIPS,WS,3108,Main Draw,HARIMOTO Miwa (JPN),PESOTSKA Margaryta (UKR),HARIMOTO Miwa
ITTF World Table Tennis Championships Finals Doha 2025,2025-05-18,LIND Anders,CHAN Baldwin,4,1,"11,11,11,8,11|7,8,7,11,9",R128,WORLD_CHAMPIONSHIPS,MS,3108,Main Draw,LIND Anders (DEN),CHAN Baldwin (HKG),LIND Anders
ITTF World Table Tennis Championships Finals Doha 2025,2025-05-18,PAVADE Prithika,XIAO Maria,4,1,"11,8,11,11,11|9,11,6,4,8",R128,WORLD_CHAMPIONSHIPS,WS,3108,Main Draw,PAVADE Prithika (FRA),XIAO Maria (ESP),PAVADE Prithika
ITTF World Table Tennis Championships Finals Doha 2025,2025-05-18,LIN Yun-Ju,LIANG Jishan,4,0,"11,11,11,11|6,3,7,7",R128,WORLD_CHAMPIONSHIPS,MS,3108,Main Draw,LIN Yun-Ju (TPE),LIANG Jishan (USA),LIN Yun-Ju
ITTF World Table Tennis Championships Finals Doha 2025,2025-05-18,HAUG Borgar,AGUIRRE Marcelo,4,3,"11,11,12,10,8,11,11|7,2,14,12,11,7,9",R128,WORLD_CHAMPIONSHIPS,MS,3108,Main Draw,HAUG Borgar (NOR),AGUIRRE Marcelo (PAR),HAUG Borgar
ITTF World Table Tennis Championships Finals Doha 2025,2025-05-18,MOREGARD Truls,LEVENKO Andreas,4,0,"11,11,11,11|8,7,8,7",R128,WORLD_CHAMPIONSHIPS,MS,3108,Main Draw,MOREGARD Truls (SWE),LEVENKO Andreas (AUT),MOREGARD Truls
ITTF World Table Tennis Championships Finals Doha 2025,2025-05-18,WATANABE Laura,NASRI Malissa,4,1,"11,11,11,11,11|5,5,13,9,6",R128,WORLD_CHAMPIONSHIPS,WS,3108,Main Draw,WATANABE Laura (BRA),NASRI Malissa (ALG),WATANABE Laura
ITTF World Table Tennis Championships Finals Doha 2025,2025-05-18,PARK Gahyeon,TAN Zhao Yun,4,2,"11,11,12,11,11,11|8,7,14,13,7,6",R128,WORLD_CHAMPIONSHIPS,WS,3108,Main Draw,PARK Gahyeon (KOR),TAN Zhao Yun (SGP),PARK Gahyeon
ITTF World Table Tennis Championships Finals Doha 2025,2025-05-18,WANG Amy,HURSEY Anna,4,3,"20,3,9,9,11,13,11|18,11,11,11,6,11,8",R128,WORLD_CHAMPIONSHIPS,WS,3108,Main Draw,WANG Amy (USA),HURSEY Anna (WAL),WANG Amy
ITTF World Table Tennis Championships Finals Doha 2025,2025-05-18,KOLODZIEJCZYK Maciej/URSU Vladislav,DESAI Harmeet/GNANASEKARAN Sathiyan,3,1,"11,10,16,12|9,12,14,10",R64,WORLD_CHAMPIONSHIPS,MD,3108,Main Draw,KOLODZIEJCZYK Maciej/URSU Vladislav (AUT/MDA),DESAI Harmeet/GNANASEKARAN Sathiyan (IND),KOLODZIEJCZYK Maciej/URSU Vladislav
ITTF World Table Tennis Championships Finals Doha 2025,2025-05-18,WANG Yidi,ZHU Chengzhu,4,1,"11,11,13,11,11|2,9,15,8,9",R128,WORLD_CHAMPIONSHIPS,WS,3108,Main Draw,WANG Yidi (CHN),ZHU Chengzhu (HKG),WANG Yidi
ITTF World Table Tennis Championships Finals Doha 2025,2025-05-18,BATRA Manika,BELLO Fatimo,4,0,"11,11,11,11|5,6,8,2",R128,WORLD_CHAMPIONSHIPS,WS,3108,Main Draw,BATRA Manika (IND),BELLO Fatimo (NGR),BATRA Manika
ITTF World Table Tennis Championships Finals Doha 2025,2025-05-18,HARIMOTO Tomokazu,LIM Jonghoon,4,1,"11,11,11,14,11|7,6,1,16,3",R128,WORLD_CHAMPIONSHIPS,MS,3108,Main Draw,HARIMOTO Tomokazu (JPN),LIM Jonghoon (KOR),HARIMOTO Tomokazu
ITTF World Table Tennis Championships Finals Doha 2025,2025-05-18,BAE Hwan/SAREEN Aditya,FRANZISKA Patrick/OVTCHAROV Dimitrij,3,0,"11,11,14|6,9,12",R64,WORLD_CHAMPIONSHIPS,MD,3108,Main Draw,BAE Hwan/SAREEN Aditya (AUS),FRANZISKA Patrick/OVTCHAROV Dimitrij (GER),BAE Hwan/SAREEN Aditya
ITTF World Table Tennis Championships Finals Doha 2025,2025-05-18,JANG Woojin/CHO Daeseong,GREEN Connor/PITCHFORD Liam,3,0,"11,11,11|8,7,6",R64,WORLD_CHAMPIONSHIPS,MD,3108,Main Draw,JANG Woojin/CHO Daeseong (KOR),GREEN Connor/PITCHFORD Liam (ENG),JANG Woojin/CHO Daeseong
ITTF World Table Tennis Championships Finals Doha 2025,2025-05-18,SHINOZUKA Hiroto/TOGAMI Shunsuke,KULCZYCKI Samuel/REDZIMSKI Milosz,3,0,"11,11,11|9,8,9",R64,WORLD_CHAMPIONSHIPS,MD,3108,Main Draw,SHINOZUKA Hiroto/TOGAMI Shunsuke (JPN),KULCZYCKI Samuel/REDZIMSKI Milosz (POL),SHINOZUKA Hiroto/TOGAMI Shunsuke
ITTF World Table Tennis Championships Finals Doha 2025,2025-05-18,CHA Su Yong/PAK Su Gyong,SAWETTABUT Jinnipa/VIJITVIRIYAGUL Kulapassr,3,1,"11,11,9,11|4,7,11,9",R64,WORLD_CHAMPIONSHIPS,WD,3108,Main Draw,CHA Su Yong/PAK Su Gyong (PRK),SAWETTABUT Jinnipa/VIJITVIRIYAGUL Kulapassr (THA),CHA Su Yong/PAK Su Gyong
ITTF World Table Tennis Championships Finals Doha 2025,2025-05-18,CORDERO Lucia/ZAPATA Hidalynn,TODOROVIC Andrea/ALTINKAYA Sibel,3,2,"7,11,18,10,11|11,4,16,12,3",R64,WORLD_CHAMPIONSHIPS,WD,3108,Main Draw,CORDERO Lucia/ZAPATA Hidalynn (GUA),TODOROVIC Andrea/ALTINKAYA Sibel (SRB/TUR),CORDERO Lucia/ZAPATA Hidalynn
ITTF World Table Tennis Championships Finals Doha 2025,2025-05-18,TSAI Yun-En/HUANG Yi-Hua,LUPULESKU Izabela/SURJAN Sabina,3,2,"12,9,11,7,11|10,11,2,11,6",R64,WORLD_CHAMPIONSHIPS,WD,3108,Main Draw,TSAI Yun-En/HUANG Yi-Hua (TPE),LUPULESKU Izabela/SURJAN Sabina (SRB),TSAI Yun-En/HUANG Yi-Hua
ITTF World Table Tennis Championships Finals Doha 2025,2025-05-18,LEI Balazs/ARPAS Samuel,ISHIY Vitor/TEODORO Guilherme,3,0,"11,11,12|6,5,10",R64,WORLD_CHAMPIONSHIPS,MD,3108,Main Draw,LEI Balazs/ARPAS Samuel (HUN/SVK),ISHIY Vitor/TEODORO Guilherme (BRA),LEI Balazs/ARPAS Samuel
ITTF World Table Tennis Championships Finals Doha 2025,2025-05-18,HIRANO Miu,DE NUTTE Sarah,4,1,"8,11,11,11,11|11,6,5,7,5",R128,WORLD_CHAMPIONSHIPS,WS,3108,Main Draw,HIRANO Miu (JPN),DE NUTTE Sarah (LUX),HIRANO Miu
ITTF World Table Tennis Championships Finals Doha 2025,2025-05-18,LEBRUN Felix/LEBRUN Alexis,BERZOSA Daniel/PEREZ Juan,3,2,"7,5,11,11,11|11,11,4,4,7",R64,WORLD_CHAMPIONSHIPS,MD,3108,Main Draw,LEBRUN Felix/LEBRUN Alexis (FRA),BERZOSA Daniel/PEREZ Juan (ESP),LEBRUN Felix/LEBRUN Alexis
ITTF World Table Tennis Championships Finals Doha 2025,2025-05-18,BURGOS Nicolas/GOMEZ Gustavo,KUTI Matthew/OMOTAYO Olajide,3,0,"11,11,11|8,7,9",R64,WORLD_CHAMPIONSHIPS,MD,3108,Main Draw,BURGOS Nicolas/GOMEZ Gustavo (CHI),KUTI Matthew/OMOTAYO Olajide (NGR),BURGOS Nicolas/GOMEZ Gustavo
ITTF World Table Tennis Championships Finals Doha 2025,2025-05-18,FARAJI Benyamin,WANG Yang,4,3,"18,11,8,6,8,11,11|16,9,11,11,11,8,8",R128,WORLD_CHAMPIONSHIPS,MS,3108,Main Draw,FARAJI Benyamin (IRI),WANG Yang (SVK),FARAJI Benyamin
ITTF World Table Tennis Championships Finals Doha 2025,2025-05-18,POLCANOVA Sofia/SZOCS Bernadette,KUNDA Mubanga/NALAVWE Latifa,3,0,"11,11,11|1,6,3",R64,WORLD_CHAMPIONSHIPS,WD,3108,Main Draw,POLCANOVA Sofia/SZOCS Bernadette (AUT/ROU),KUNDA Mubanga/NALAVWE Latifa (ZAM),POLCANOVA Sofia/SZOCS Bernadette
ITTF World Table Tennis Championships Finals Doha 2025,2025-05-18,CHENG I-Ching/LI Yu-Jhun,LAM Jocelyn/GEAR Lisa,3,0,"11,11,11|2,3,4",R64,WORLD_CHAMPIONSHIPS,WD,3108,Main Draw,CHENG I-Ching/LI Yu-Jhun (TPE),LAM Jocelyn/GEAR Lisa (NZL),CHENG I-Ching/LI Yu-Jhun
ITTF World Table Tennis Championships Finals Doha 2025,2025-05-18,ODO Satsuki/YOKOI Sakura,MATIUNINA Veronika/BRATEYKO Solomiya,3,0,"11,11,11|5,6,5",R64,WORLD_CHAMPIONSHIPS,WD,3108,Main Draw,ODO Satsuki/YOKOI Sakura (JPN),MATIUNINA Veronika/BRATEYKO Solomiya (UKR),ODO Satsuki/YOKOI Sakura
ITTF World Table Tennis Championships Finals Doha 2025,2025-05-18,RASSENFOSSE Adrien,ADEGOKE Muizz,4,1,"11,6,12,11,12|5,11,10,3,10",R128,WORLD_CHAMPIONSHIPS,MS,3108,Main Draw,RASSENFOSSE Adrien (BEL),ADEGOKE Muizz (NGR),RASSENFOSSE Adrien
ITTF World Table Tennis Championships Finals Doha 2025,2025-05-18,ALLEGRO Martin,AL-KUWARI Sultan,4,1,"9,11,11,11,11|11,6,6,1,4",R128,WORLD_CHAMPIONSHIPS,MS,3108,Main Draw,ALLEGRO Martin (BEL),AL-KUWARI Sultan (QAT),ALLEGRO Martin
ITTF World Table Tennis Championships Finals Doha 2025,2025-05-18,GIONIS Panagiotis,WONG Qi Shen,4,0,"11,12,11,11|3,10,7,9",R128,WORLD_CHAMPIONSHIPS,MS,3108,Main Draw,GIONIS Panagiotis (GRE),WONG Qi Shen (MAS),GIONIS Panagiotis
ITTF World Table Tennis Championships Finals Doha 2025,2025-05-18,QIAN Tianyi/CHEN Xingtong,FONSECA Daniela/CRESPO Estela,3,0,"11,11,11|5,7,5",R64,WORLD_CHAMPIONSHIPS,WD,3108,Main Draw,QIAN Tianyi/CHEN Xingtong (CHN),FONSECA Daniela/CRESPO Estela (CUB),QIAN Tianyi/CHEN Xingtong
ITTF World Table Tennis Championships Finals Doha 2025,2025-05-18,FALCK Mattias,LORENZO Santiago,4,3,"14,11,11,2,10,7,11|12,8,2,11,12,11,3",R128,WORLD_CHAMPIONSHIPS,MS,3108,Main Draw,FALCK Mattias (SWE),LORENZO Santiago (ARG),FALCK Mattias
ITTF World Table Tennis Championships Finals Doha 2025,2025-05-18,GAUZY Simon,HELMY Mahmoud,4,0,"11,11,11,11|6,6,2,6",R128,WORLD_CHAMPIONSHIPS,MS,3108,Main Draw,GAUZY Simon (FRA),HELMY Mahmoud (EGY),GAUZY Simon
ITTF World Table Tennis Championships Finals Doha 2025,2025-05-18,KUO Guan-Hong,KORANI Ahmed,4,0,"11,11,11,11|7,7,6,4",R128,WORLD_CHAMPIONSHIPS,MS,3108,Main Draw,KUO Guan-Hong (TPE),KORANI Ahmed (QAT),KUO Guan-Hong
ITTF World Table Tennis Championships Finals Doha 2025,2025-05-18,AGUIAR Rosalba,MOHAMED Aia,4,1,"11,11,11,7,11|3,7,8,11,8",R128,WORLD_CHAMPIONSHIPS,WS,3108,Main Draw,AGUIAR Rosalba (CUB),MOHAMED Aia (QAT),AGUIAR Rosalba
ITTF World Table Tennis Championships Finals Doha 2025,2025-05-18,LUTZ Charlotte,LEE Eunhye,4,2,"7,8,11,11,12,11|11,11,9,8,10,8",R128,WORLD_CHAMPIONSHIPS,WS,3108,Main Draw,LUTZ Charlotte (FRA),LEE Eunhye (KOR),LUTZ Charlotte
ITTF World Table Tennis Championships Finals Doha 2025,2025-05-18,KIM Kum Yong,POTA Georgina,4,2,"9,11,11,9,11,11|11,7,5,11,9,8",R128,WORLD_CHAMPIONSHIPS,WS,3108,Main Draw,KIM Kum Yong (PRK),POTA Georgina (HUN),KIM Kum Yong
ITTF World Table Tennis Championships Finals Doha 2025,2025-05-18,MOYLAND Sally,OJOMU Ajoke,4,1,"11,11,16,11,11|2,7,18,4,5",R128,WORLD_CHAMPIONSHIPS,WS,3108,Main Draw,MOYLAND Sally (USA),OJOMU Ajoke (NGR),MOYLAND Sally
ITTF World Table Tennis Championships Finals Doha 2025,2025-05-18,HAN Ying,MALOBABIC Ivana,4,0,"11,11,11,13|9,6,2,11",R128,WORLD_CHAMPIONSHIPS,WS,3108,Main Draw,HAN Ying (GER),MALOBABIC Ivana (CRO),HAN Ying
ITTF World Table Tennis Championships Finals Doha 2025,2025-05-18,RAHARIMANANA Hanitra,LOY Ming Ying,4,2,"12,11,2,11,4,21|10,9,11,9,11,19",R128,WORLD_CHAMPIONSHIPS,WS,3108,Main Draw,RAHARIMANANA Hanitra (MAD),LOY Ming Ying (SGP),RAHARIMANANA Hanitra
ITTF World Table Tennis Championships Finals Doha 2025,2025-05-18,MATELOVA Hana,MESHREF Dina,4,0,"11,11,11,11|7,3,3,7",R128,WORLD_CHAMPIONSHIPS,WS,3108,Main Draw,MATELOVA Hana (CZE),MESHREF Dina (EGY),MATELOVA Hana
ITTF World Table Tennis Championships Finals Doha 2025,2025-05-18,WANG Manyu,WIELGOS Zuzanna,4,1,"11,11,11,11,11|3,6,4,13,4",R128,WORLD_CHAMPIONSHIPS,WS,3108,Main Draw,WANG Manyu (CHN),WIELGOS Zuzanna (POL),WANG Manyu
ITTF World Table Tennis Championships Finals Doha 2025,2025-05-18,HARIMOTO Miwa/KIHARA Miyuu,VEGA Paulina/ORTEGA Daniela,3,0,"11,11,11|3,6,5",R64,WORLD_CHAMPIONSHIPS,WD,3108,Main Draw,HARIMOTO Miwa/KIHARA Miyuu (JPN),VEGA Paulina/ORTEGA Daniela (CHI),HARIMOTO Miwa/KIHARA Miyuu
ITTF World Table Tennis Championships Finals Doha 2025,2025-05-18,PORET Thibault/HOCHART Leana,DESAI Harmeet/GHORPADE Yashaswini,3,2,"8,6,12,11,12|11,11,10,8,10",R64,WORLD_CHAMPIONSHIPS,XD,3108,Main Draw,PORET Thibault/HOCHART Leana (FRA),DESAI Harmeet/GHORPADE Yashaswini (IND),PORET Thibault/HOCHART Leana
ITTF World Table Tennis Championships Finals Doha 2025,2025-05-18,CAMPOS Jorge/FONSECA Daniela,MADRID Marcos/BARCENAS Clio,3,2,"9,10,11,11,11|11,12,5,6,4",R64,WORLD_CHAMPIONSHIPS,XD,3108,Main Draw,CAMPOS Jorge/FONSECA Daniela (CUB),MADRID Marcos/BARCENAS Clio (MEX),CAMPOS Jorge/FONSECA Daniela
ITTF World Table Tennis Championships Finals Doha 2025,2025-05-18,LIM Jonghoon/SHIN Yubin,CHAN Baldwin/ZHU Chengzhu,3,1,"11,4,11,11|7,11,5,7",R64,WORLD_CHAMPIONSHIPS,XD,3108,Main Draw,LIM Jonghoon/SHIN Yubin (KOR),CHAN Baldwin/ZHU Chengzhu (HKG),LIM Jonghoon/SHIN Yubin
ITTF World Table Tennis Championships Finals Doha 2025,2025-05-18,ROBLES Alvaro/XIAO Maria,DUDA Benedikt/WAN Yuan,3,1,"11,9,11,11|7,11,3,6",R64,WORLD_CHAMPIONSHIPS,XD,3108,Main Draw,ROBLES Alvaro/XIAO Maria (ESP),DUDA Benedikt/WAN Yuan (GER),ROBLES Alvaro/XIAO Maria
ITTF World Table Tennis Championships Finals Doha 2025,2025-05-18,ABDELAZIZ Youssef/ALHODABY Mariam,BAE Hwan/PSIHOGIOS Constantina,3,0,"11,11,11|8,4,5",R64,WORLD_CHAMPIONSHIPS,XD,3108,Main Draw,ABDELAZIZ Youssef/ALHODABY Mariam (EGY),BAE Hwan/PSIHOGIOS Constantina (AUS),ABDELAZIZ Youssef/ALHODABY Mariam
ITTF World Table Tennis Championships Finals Doha 2025,2025-05-18,KARLSSON Kristian/KALLBERG Christina,LIMONOV Anton/BRATEYKO Solomiya,3,0,"11,11,11|4,7,6",R64,WORLD_CHAMPIONSHIPS,XD,3108,Main Draw,KARLSSON Kristian/KALLBERG Christina (SWE),LIMONOV Anton/BRATEYKO Solomiya (UKR),KARLSSON Kristian/KALLBERG Christina
ITTF World Table Tennis Championships Finals Doha 2025,2025-05-18,WANG Chuqin/SUN Yingsha,LIANG Jishan/WANG Amy,3,0,"11,11,11|8,1,9",R64,WORLD_CHAMPIONSHIPS,XD,3108,Main Draw,WANG Chuqin/SUN Yingsha (CHN),LIANG Jishan/WANG Amy (USA),WANG Chuqin/SUN Yingsha
ITTF World Table Tennis Championships Finals Doha 2025,2025-05-18,SHAH Manush/CHITALE Diya,BOULOUSSA Mehdi/NASRI Malissa,3,0,"11,11,11|2,7,6",R64,WORLD_CHAMPIONSHIPS,XD,3108,Main Draw,SHAH Manush/CHITALE Diya (IND),BOULOUSSA Mehdi/NASRI Malissa (ALG),SHAH Manush/CHITALE Diya
ITTF World Table Tennis Championships Finals Doha 2025,2025-05-18,PYON Song Gyong,ZAVALETA Lucia,4,0,"11,11,11,11|2,2,4,2",R128,WORLD_CHAMPIONSHIPS,WS,3108,Main Draw,PYON Song Gyong (PRK),ZAVALETA Lucia (CRC),PYON Song Gyong
ITTF World Table Tennis Championships Finals Doha 2025,2025-05-19,LIN Gaoyuan/LIN Shidong,CHIRITA Iulian/IONESCU Eduard,3,0,"11,11,12|6,6,10",R32,WORLD_CHAMPIONSHIPS,MD,3108,Main Draw,LIN Gaoyuan/LIN Shidong (CHN),CHIRITA Iulian/IONESCU Eduard (ROU),LIN Gaoyuan/LIN Shidong
ITTF World Table Tennis Championships Finals Doha 2025,2025-05-19,CHAN Baldwin/WONG Chun Ting,BURGOS Nicolas/GOMEZ Gustavo,3,0,"11,11,11|5,7,6",R32,WORLD_CHAMPIONSHIPS,MD,3108,Main Draw,CHAN Baldwin/WONG Chun Ting (HKG),BURGOS Nicolas/GOMEZ Gustavo (CHI),CHAN Baldwin/WONG Chun Ting
ITTF World Table Tennis Championships Finals Doha 2025,2025-05-19,QIU Dang/DUDA Benedikt,THAKKAR Manav/SHAH Manush,3,1,"11,11,8,11|5,9,11,5",R32,WORLD_CHAMPIONSHIPS,MD,3108,Main Draw,QIU Dang/DUDA Benedikt (GER),THAKKAR Manav/SHAH Manush (IND),QIU Dang/DUDA Benedikt
ITTF World Table Tennis Championships Finals Doha 2025,2025-05-19,BOURRASSAUD Florian/DORR Esteban,KOLODZIEJCZYK Maciej/URSU Vladislav,3,0,"11,11,11|6,8,8",R32,WORLD_CHAMPIONSHIPS,MD,3108,Main Draw,BOURRASSAUD Florian/DORR Esteban (FRA),KOLODZIEJCZYK Maciej/URSU Vladislav (AUT/MDA),BOURRASSAUD Florian/DORR Esteban
ITTF World Table Tennis Championships Finals Doha 2025,2025-05-19,FALCK Mattias/KARLSSON Kristian,MINO Alberto/PIGUAVE Diego,3,0,"11,11,11|3,5,6",R32,WORLD_CHAMPIONSHIPS,MD,3108,Main Draw,FALCK Mattias/KARLSSON Kristian (SWE),MINO Alberto/PIGUAVE Diego (ECU),FALCK Mattias/KARLSSON Kristian
ITTF World Table Tennis Championships Finals Doha 2025,2025-05-19,ZHANG Mo,REYES LAI Jessica,4,0,"11,11,11,11|5,6,4,3",R64,WORLD_CHAMPIONSHIPS,WS,3108,Main Draw,ZHANG Mo (CAN),REYES LAI Jessica (USA),ZHANG Mo
ITTF World Table Tennis Championships Finals Doha 2025,2025-05-19,TSAI Yun-En/HUANG Yi-Hua,LUTZ Charlotte/HOCHART Leana,3,1,"11,11,8,11|8,7,11,4",R32,WORLD_CHAMPIONSHIPS,WD,3108,Main Draw,TSAI Yun-En/HUANG Yi-Hua (TPE),LUTZ Charlotte/HOCHART Leana (FRA),TSAI Yun-En/HUANG Yi-Hua
ITTF World Table Tennis Championships Finals Doha 2025,2025-05-19,ELBEIALI Mohamed/ABDELAZIZ Youssef,LIM Jonghoon/AN Jaehyun,3,0,"12,12,11|10,10,8",R32,WORLD_CHAMPIONSHIPS,MD,3108,Main Draw,ELBEIALI Mohamed/ABDELAZIZ Youssef (EGY),LIM Jonghoon/AN Jaehyun (KOR),ELBEIALI Mohamed/ABDELAZIZ Youssef
ITTF World Table Tennis Championships Finals Doha 2025,2025-05-19,KIM Nayeong/LEE Eunhye,BAJOR Natalia/KUKULKOVA Tatiana,3,1,"11,10,15,12|7,12,13,10",R32,WORLD_CHAMPIONSHIPS,WD,3108,Main Draw,KIM Nayeong/LEE Eunhye (KOR),BAJOR Natalia/KUKULKOVA Tatiana (POL/SVK),KIM Nayeong/LEE Eunhye
ITTF World Table Tennis Championships Finals Doha 2025,2025-05-19,QUEK Izaac/PANG Koen,BOULOUSSA Mehdi/JELLOULI Milhane,3,0,"11,11,11|9,2,8",R32,WORLD_CHAMPIONSHIPS,MD,3108,Main Draw,QUEK Izaac/PANG Koen (SGP),BOULOUSSA Mehdi/JELLOULI Milhane (ALG),QUEK Izaac/PANG Koen
ITTF World Table Tennis Championships Finals Doha 2025,2025-05-19,JEGER Mateja/RAKOVAC Lea,TAN Zhao Yun/ZHANG Wanling,3,2,"11,9,11,11,11|6,11,13,8,8",R32,WORLD_CHAMPIONSHIPS,WD,3108,Main Draw,JEGER Mateja/RAKOVAC Lea (CRO),TAN Zhao Yun/ZHANG Wanling (SGP),JEGER Mateja/RAKOVAC Lea
ITTF World Table Tennis Championships Finals Doha 2025,2025-05-19,LEE Hoi Man/KONG Tsz Lam,CHANG Li Sian/LYNE Karen,3,2,"11,9,6,11,11|6,11,11,9,9",R32,WORLD_CHAMPIONSHIPS,WD,3108,Main Draw,LEE Hoi Man/KONG Tsz Lam (HKG),CHANG Li Sian/LYNE Karen (MAS),LEE Hoi Man/KONG Tsz Lam
ITTF World Table Tennis Championships Finals Doha 2025,2025-05-19,SHINOZUKA Hiroto/TOGAMI Shunsuke,KWAN Man Ho/YIU Kwan To,3,1,"9,11,11,11|11,5,2,6",R32,WORLD_CHAMPIONSHIPS,MD,3108,Main Draw,SHINOZUKA Hiroto/TOGAMI Shunsuke (JPN),KWAN Man Ho/YIU Kwan To (HKG),SHINOZUKA Hiroto/TOGAMI Shunsuke
ITTF World Table Tennis Championships Finals Doha 2025,2025-05-19,KAUFMANN Annett/SHAN Xiaona,MUKHERJEE Ayhika/MUKHERJEE Sutirtha,3,0,"11,13,11|1,11,7",R32,WORLD_CHAMPIONSHIPS,WD,3108,Main Draw,KAUFMANN Annett/SHAN Xiaona (GER),MUKHERJEE Ayhika/MUKHERJEE Sutirtha (IND),KAUFMANN Annett/SHAN Xiaona
ITTF World Table Tennis Championships Finals Doha 2025,2025-05-19,CHENG I-Ching/LI Yu-Jhun,MORET Rachel/MONFARDINI Gaia,3,1,"11,10,11,11|7,12,5,5",R32,WORLD_CHAMPIONSHIPS,WD,3108,Main Draw,CHENG I-Ching/LI Yu-Jhun (TPE),MORET Rachel/MONFARDINI Gaia (SUI/ITA),CHENG I-Ching/LI Yu-Jhun
ITTF World Table Tennis Championships Finals Doha 2025,2025-05-19,KAO Cheng-Jui,GIONIS Panagiotis,4,2,"9,10,11,11,11,11|11,12,7,5,7,9",R64,WORLD_CHAMPIONSHIPS,MS,3108,Main Draw,KAO Cheng-Jui (TPE),GIONIS Panagiotis (GRE),KAO Cheng-Jui
ITTF World Table Tennis Championships Finals Doha 2025,2025-05-19,GHORPADE Yashaswini/CHITALE Diya,ZENG Jian/SER Lin Qian,3,1,"6,11,11,11|11,6,6,9",R32,WORLD_CHAMPIONSHIPS,WD,3108,Main Draw,GHORPADE Yashaswini/CHITALE Diya (IND),ZENG Jian/SER Lin Qian (SGP),GHORPADE Yashaswini/CHITALE Diya
ITTF World Table Tennis Championships Finals Doha 2025,2025-05-19,FRANZISKA Patrick,KULCZYCKI Samuel,4,0,"11,12,11,11|6,10,8,7",R64,WORLD_CHAMPIONSHIPS,MS,3108,Main Draw,FRANZISKA Patrick (GER),KULCZYCKI Samuel (POL),FRANZISKA Patrick
ITTF World Table Tennis Championships Finals Doha 2025,2025-05-19,LEBRUN Felix,SHAH Manush,4,0,"11,11,11,11|5,6,6,9",R64,WORLD_CHAMPIONSHIPS,MS,3108,Main Draw,LEBRUN Felix (FRA),SHAH Manush (IND),LEBRUN Felix
ITTF World Table Tennis Championships Finals Doha 2025,2025-05-19,LIANG Jingkun,GERALDO Joao,4,1,"5,11,11,11,11|11,7,3,8,8",R64,WORLD_CHAMPIONSHIPS,MS,3108,Main Draw,LIANG Jingkun (CHN),GERALDO Joao (POR),LIANG Jingkun
ITTF World Table Tennis Championships Finals Doha 2025,2025-05-19,CHIRITA Iulian,ALLEGRO Martin,4,0,"11,11,11,11|3,4,9,6",R64,WORLD_CHAMPIONSHIPS,MS,3108,Main Draw,CHIRITA Iulian (ROU),ALLEGRO Martin (BEL),CHIRITA Iulian
ITTF World Table Tennis Championships Finals Doha 2025,2025-05-19,HARIMOTO Miwa/KIHARA Miyuu,YUAN Jia Nan/PAVADE Prithika,3,0,"17,11,11|15,3,4",R32,WORLD_CHAMPIONSHIPS,WD,3108,Main Draw,HARIMOTO Miwa/KIHARA Miyuu (JPN),YUAN Jia Nan/PAVADE Prithika (FRA),HARIMOTO Miwa/KIHARA Miyuu
ITTF World Table Tennis Championships Finals Doha 2025,2025-05-19,OH Junsung,SAREEN Aditya,4,0,"11,11,11,11|8,5,6,5",R64,WORLD_CHAMPIONSHIPS,MS,3108,Main Draw,OH Junsung (KOR),SAREEN Aditya (AUS),OH Junsung
ITTF World Table Tennis Championships Finals Doha 2025,2025-05-19,LUPULESKU Izabela,SAMARA Elizabeta,4,0,"11,11,11,11|5,0,0,0",R64,WORLD_CHAMPIONSHIPS,WS,3108,Main Draw,LUPULESKU Izabela (SRB),SAMARA Elizabeta (ROU),LUPULESKU Izabela
ITTF World Table Tennis Championships Finals Doha 2025,2025-05-19,SHIN Yubin,SINGEORZAN Ioana,4,2,"9,11,11,10,11,11|11,6,5,12,5,1",R64,WORLD_CHAMPIONSHIPS,WS,3108,Main Draw,SHIN Yubin (KOR),SINGEORZAN Ioana (ROU),SHIN Yubin
ITTF World Table Tennis Championships Finals Doha 2025,2025-05-19,DIAZ Adriana,TSAI Yun-En,4,2,"7,11,11,11,6,11|11,6,3,8,11,5",R64,WORLD_CHAMPIONSHIPS,WS,3108,Main Draw,DIAZ Adriana (PUR),TSAI Yun-En (TPE),DIAZ Adriana
ITTF World Table Tennis Championships Finals Doha 2025,2025-05-19,MOREGARD Truls,SANCHI Francisco,4,2,"11,10,13,6,11,11|8,12,11,11,2,5",R64,WORLD_CHAMPIONSHIPS,MS,3108,Main Draw,MOREGARD Truls (SWE),SANCHI Francisco (ARG),MOREGARD Truls
ITTF World Table Tennis Championships Finals Doha 2025,2025-05-19,HAN Ying,ARAPOVIC Hana,4,0,"12,12,11,11|10,10,8,8",R64,WORLD_CHAMPIONSHIPS,WS,3108,Main Draw,HAN Ying (GER),ARAPOVIC Hana (CRO),HAN Ying
ITTF World Table Tennis Championships Finals Doha 2025,2025-05-19,HABESOHN Daniel,MATSUDAIRA Kenji,4,0,"11,11,11,11|5,5,7,9",R64,WORLD_CHAMPIONSHIPS,MS,3108,Main Draw,HABESOHN Daniel (AUT),MATSUDAIRA Kenji (JPN),HABESOHN Daniel
ITTF World Table Tennis Championships Finals Doha 2025,2025-05-19,SUH Hyo Won,PICCOLIN Giorgia,4,1,"11,10,11,11,11|6,12,8,4,8",R64,WORLD_CHAMPIONSHIPS,WS,3108,Main Draw,SUH Hyo Won (KOR),PICCOLIN Giorgia (ITA),SUH Hyo Won
ITTF World Table Tennis Championships Finals Doha 2025,2025-05-19,WANG Yidi,WANG Amy,4,0,"11,11,11,11|4,7,8,7",R64,WORLD_CHAMPIONSHIPS,WS,3108,Main Draw,WANG Yidi (CHN),WANG Amy (USA),WANG Yidi
ITTF World Table Tennis Championships Finals Doha 2025,2025-05-19,GODA Hana,TAKAHASHI Giulia,4,1,"9,11,11,11,11|11,4,5,7,7",R64,WORLD_CHAMPIONSHIPS,WS,3108,Main Draw,GODA Hana (EGY),TAKAHASHI Giulia (BRA),GODA Hana
ITTF World Table Tennis Championships Finals Doha 2025,2025-05-19,GARDOS Robert/POLCANOVA Sofia,FALCK Mattias/BERGSTROM Linda,3,1,"11,11,10,11|9,3,12,5",R32,WORLD_CHAMPIONSHIPS,XD,3108,Main Draw,GARDOS Robert/POLCANOVA Sofia (AUT),FALCK Mattias/BERGSTROM Linda (SWE),GARDOS Robert/POLCANOVA Sofia
ITTF World Table Tennis Championships Finals Doha 2025,2025-05-19,KULCZYCKI Samuel/WIELGOS Zuzanna,PORET Thibault/HOCHART Leana,3,2,"11,9,7,11,11|9,11,11,5,6",R32,WORLD_CHAMPIONSHIPS,XD,3108,Main Draw,KULCZYCKI Samuel/WIELGOS Zuzanna (POL),PORET Thibault/HOCHART Leana (FRA),KULCZYCKI Samuel/WIELGOS Zuzanna
ITTF World Table Tennis Championships Finals Doha 2025,2025-05-19,IONESCU Ovidiu/SAMARA Elizabeta,GUNDUZ Ibrahim/ALTINKAYA Sibel,3,1,"11,11,5,11|5,6,11,9",R32,WORLD_CHAMPIONSHIPS,XD,3108,Main Draw,IONESCU Ovidiu/SAMARA Elizabeta (ROU),GUNDUZ Ibrahim/ALTINKAYA Sibel (TUR),IONESCU Ovidiu/SAMARA Elizabeta
ITTF World Table Tennis Championships Finals Doha 2025,2025-05-19,WANG Chuqin/SUN Yingsha,CALDERANO Hugo/TAKAHASHI Bruna,3,0,"11,11,11|2,7,4",R32,WORLD_CHAMPIONSHIPS,XD,3108,Main Draw,WANG Chuqin/SUN Yingsha (CHN),CALDERANO Hugo/TAKAHASHI Bruna (BRA),WANG Chuqin/SUN Yingsha
ITTF World Table Tennis Championships Finals Doha 2025,2025-05-19,YOSHIMURA Maharu/ODO Satsuki,KUO Guan-Hong/HUANG Yi-Hua,3,0,"11,11,11|3,7,4",R32,WORLD_CHAMPIONSHIPS,XD,3108,Main Draw,YOSHIMURA Maharu/ODO Satsuki (JPN),KUO Guan-Hong/HUANG Yi-Hua (TPE),YOSHIMURA Maharu/ODO Satsuki
ITTF World Table Tennis Championships Finals Doha 2025,2025-05-19,ROBLES Alvaro/XIAO Maria,PREECHAYAN Thitaphat/VIJITVIRIYAGUL Kulapassr,3,0,"11,11,11|3,6,9",R32,WORLD_CHAMPIONSHIPS,XD,3108,Main Draw,ROBLES Alvaro/XIAO Maria (ESP),PREECHAYAN Thitaphat/VIJITVIRIYAGUL Kulapassr (THA),ROBLES Alvaro/XIAO Maria
ITTF World Table Tennis Championships Finals Doha 2025,2025-05-19,PISTEJ Lubomir/KUKULKOVA Tatiana,CAMPOS Jorge/FONSECA Daniela,3,0,"11,11,11|7,7,9",R32,WORLD_CHAMPIONSHIPS,XD,3108,Main Draw,PISTEJ Lubomir/KUKULKOVA Tatiana (SVK),CAMPOS Jorge/FONSECA Daniela (CUB),PISTEJ Lubomir/KUKULKOVA Tatiana
ITTF World Table Tennis Championships Finals Doha 2025,2025-05-19,RI Jong Sik/KIM Kum Yong,BURGOS Nicolas/VEGA Paulina,3,0,"11,11,11|3,5,3",R32,WORLD_CHAMPIONSHIPS,XD,3108,Main Draw,RI Jong Sik/KIM Kum Yong (PRK),BURGOS Nicolas/VEGA Paulina (CHI),RI Jong Sik/KIM Kum Yong
ITTF World Table Tennis Championships Finals Doha 2025,2025-05-19,MATELOVA Hana/BALAZOVA Barbora,FATHY Hend/GODA Hana,3,1,"6,11,11,11|11,5,9,9",R32,WORLD_CHAMPIONSHIPS,WD,3108,Main Draw,MATELOVA Hana/BALAZOVA Barbora (CZE/SVK),FATHY Hend/GODA Hana (EGY),MATELOVA Hana/BALAZOVA Barbora
ITTF World Table Tennis Championships Finals Doha 2025,2025-05-19,HAYATA Hina,SHAHSAVARI Neda,4,0,"11,11,11,11|5,9,1,2",R64,WORLD_CHAMPIONSHIPS,WS,3108,Main Draw,HAYATA Hina (JPN),SHAHSAVARI Neda (IRI),HAYATA Hina
ITTF World Table Tennis Championships Finals Doha 2025,2025-05-19,NG Wing Lam/ZHU Chengzhu,ALHODABY Mariam/ALHODABY Marwa,3,0,"12,11,11|10,9,5",R32,WORLD_CHAMPIONSHIPS,WD,3108,Main Draw,NG Wing Lam/ZHU Chengzhu (HKG),ALHODABY Mariam/ALHODABY Marwa (EGY),NG Wing Lam/ZHU Chengzhu
ITTF World Table Tennis Championships Finals Doha 2025,2025-05-19,WINTER Sabine/WAN Yuan,QIAN Tianyi/CHEN Xingtong,3,2,"5,11,9,11,11|11,8,11,6,9",R32,WORLD_CHAMPIONSHIPS,WD,3108,Main Draw,WINTER Sabine/WAN Yuan (GER),QIAN Tianyi/CHEN Xingtong (CHN),WINTER Sabine/WAN Yuan
ITTF World Table Tennis Championships Finals Doha 2025,2025-05-19,WANG Manyu/KUAI Man,CHA Su Yong/PAK Su Gyong,3,0,"11,11,11|6,3,9",R32,WORLD_CHAMPIONSHIPS,WD,3108,Main Draw,WANG Manyu/KUAI Man (CHN),CHA Su Yong/PAK Su Gyong (PRK),WANG Manyu/KUAI Man
ITTF World Table Tennis Championships Finals Doha 2025,2025-05-19,SHIN Yubin/RYU Hanna,POTA Georgina/DE NUTTE Sarah,3,0,"11,11,11|3,7,4",R32,WORLD_CHAMPIONSHIPS,WD,3108,Main Draw,SHIN Yubin/RYU Hanna (KOR),POTA Georgina/DE NUTTE Sarah (HUN/LUX),SHIN Yubin/RYU Hanna
ITTF World Table Tennis Championships Finals Doha 2025,2025-05-19,IONESCU Ovidiu/ROBLES Alvaro,BAE Hwan/SAREEN Aditya,3,1,"11,11,8,11|5,2,11,5",R32,WORLD_CHAMPIONSHIPS,MD,3108,Main Draw,IONESCU Ovidiu/ROBLES Alvaro (ROU/ESP),BAE Hwan/SAREEN Aditya (AUS),IONESCU Ovidiu/ROBLES Alvaro
ITTF World Table Tennis Championships Finals Doha 2025,2025-05-19,KALLBERG Anton/MOREGARD Truls,CIFUENTES Horacio/LORENZO Santiago,3,2,"13,11,11,5,11|15,2,8,11,6",R32,WORLD_CHAMPIONSHIPS,MD,3108,Main Draw,KALLBERG Anton/MOREGARD Truls (SWE),CIFUENTES Horacio/LORENZO Santiago (ARG),KALLBERG Anton/MOREGARD Truls
ITTF World Table Tennis Championships Finals Doha 2025,2025-05-19,POLCANOVA Sofia/SZOCS Bernadette,BARCENAS Clio/COSSIO Arantxa,3,0,"11,11,11|6,5,7",R32,WORLD_CHAMPIONSHIPS,WD,3108,Main Draw,POLCANOVA Sofia/SZOCS Bernadette (AUT/ROU),BARCENAS Clio/COSSIO Arantxa (MEX),POLCANOVA Sofia/SZOCS Bernadette
ITTF World Table Tennis Championships Finals Doha 2025,2025-05-19,XIAO Maria/DIACONU Adina,CORDERO Lucia/ZAPATA Hidalynn,3,0,"11,11,11|7,4,9",R32,WORLD_CHAMPIONSHIPS,WD,3108,Main Draw,XIAO Maria/DIACONU Adina (ESP/ROU),CORDERO Lucia/ZAPATA Hidalynn (GUA),XIAO Maria/DIACONU Adina
ITTF World Table Tennis Championships Finals Doha 2025,2025-05-19,HARIMOTO Tomokazu/MATSUSHIMA Sora,GARDOS Robert/HABESOHN Daniel,3,0,"11,11,11|7,4,4",R32,WORLD_CHAMPIONSHIPS,MD,3108,Main Draw,HARIMOTO Tomokazu/MATSUSHIMA Sora (JPN),GARDOS Robert/HABESOHN Daniel (AUT),HARIMOTO Tomokazu/MATSUSHIMA Sora
ITTF World Table Tennis Championships Finals Doha 2025,2025-05-19,HUANG Youzheng/LIANG Jingkun,PUCAR Tomislav/JORGIC Darko,3,1,"11,11,10,14|7,7,12,12",R32,WORLD_CHAMPIONSHIPS,MD,3108,Main Draw,HUANG Youzheng/LIANG Jingkun (CHN),PUCAR Tomislav/JORGIC Darko (CRO/SLO),HUANG Youzheng/LIANG Jingkun
ITTF World Table Tennis Championships Finals Doha 2025,2025-05-19,WANG Yang/ANGELAKIS Konstantinos,CHEW Clarence/CHUA Josh,3,2,"13,3,6,12,11|11,11,11,10,7",R32,WORLD_CHAMPIONSHIPS,MD,3108,Main Draw,WANG Yang/ANGELAKIS Konstantinos (SVK/GRE),CHEW Clarence/CHUA Josh (SGP),WANG Yang/ANGELAKIS Konstantinos
ITTF World Table Tennis Championships Finals Doha 2025,2025-05-19,IONESCU Eduard,JHA Kanak,4,3,"6,7,4,11,15,11,11|11,11,11,5,13,5,6",R64,WORLD_CHAMPIONSHIPS,MS,3108,Main Draw,IONESCU Eduard (ROU),JHA Kanak (USA),IONESCU Eduard
ITTF World Table Tennis Championships Finals Doha 2025,2025-05-19,JANG Woojin/CHO Daeseong,LEI Balazs/ARPAS Samuel,3,0,"11,11,11|5,6,9",R32,WORLD_CHAMPIONSHIPS,MD,3108,Main Draw,JANG Woojin/CHO Daeseong (KOR),LEI Balazs/ARPAS Samuel (HUN/SVK),JANG Woojin/CHO Daeseong
ITTF World Table Tennis Championships Finals Doha 2025,2025-05-19,KAO Cheng-Jui/LIN Yun-Ju,PISTEJ Lubomir/ZELINKA Jakub,3,1,"3,11,12,11|11,2,10,7",R32,WORLD_CHAMPIONSHIPS,MD,3108,Main Draw,KAO Cheng-Jui/LIN Yun-Ju (TPE),PISTEJ Lubomir/ZELINKA Jakub (SVK),KAO Cheng-Jui/LIN Yun-Ju
ITTF World Table Tennis Championships Finals Doha 2025,2025-05-19,RAKOVAC Lea,HIRANO Miu,4,2,"11,7,12,5,11,11|8,11,10,11,6,7",R64,WORLD_CHAMPIONSHIPS,WS,3108,Main Draw,RAKOVAC Lea (CRO),HIRANO Miu (JPN),RAKOVAC Lea
ITTF World Table Tennis Championships Finals Doha 2025,2025-05-19,BAJOR Natalia,SAWETTABUT Suthasini,4,1,"11,11,13,8,12|9,8,11,11,10",R64,WORLD_CHAMPIONSHIPS,WS,3108,Main Draw,BAJOR Natalia (POL),SAWETTABUT Suthasini (THA),BAJOR Natalia
ITTF World Table Tennis Championships Finals Doha 2025,2025-05-19,LEBRUN Felix/LEBRUN Alexis,FARAJI Benyamin/KESHAVARZI Amirmahdi,3,0,"11,11,11|4,5,0",R32,WORLD_CHAMPIONSHIPS,MD,3108,Main Draw,LEBRUN Felix/LEBRUN Alexis (FRA),FARAJI Benyamin/KESHAVARZI Amirmahdi (IRI),LEBRUN Felix/LEBRUN Alexis
ITTF World Table Tennis Championships Finals Doha 2025,2025-05-19,SHI Xunyao,TODOROVIC Andrea,4,0,"11,11,11,11|2,1,8,3",R64,WORLD_CHAMPIONSHIPS,WS,3108,Main Draw,SHI Xunyao (CHN),TODOROVIC Andrea (SRB),SHI Xunyao
ITTF World Table Tennis Championships Finals Doha 2025,2025-05-19,LI Yu-Jhun,ZHANG Lily,4,1,"9,11,11,11,11|11,9,7,8,7",R64,WORLD_CHAMPIONSHIPS,WS,3108,Main Draw,LI Yu-Jhun (TPE),ZHANG Lily (USA),LI Yu-Jhun
ITTF World Table Tennis Championships Finals Doha 2025,2025-05-19,SUN Yingsha,PYON Song Gyong,4,0,"11,11,11,11|2,5,9,4",R64,WORLD_CHAMPIONSHIPS,WS,3108,Main Draw,SUN Yingsha (CHN),PYON Song Gyong (PRK),SUN Yingsha
ITTF World Table Tennis Championships Finals Doha 2025,2025-05-19,WINTER Sabine,RAHARIMANANA Hanitra,4,0,"11,11,11,11|2,8,2,4",R64,WORLD_CHAMPIONSHIPS,WS,3108,Main Draw,WINTER Sabine (GER),RAHARIMANANA Hanitra (MAD),WINTER Sabine
ITTF World Table Tennis Championships Finals Doha 2025,2025-05-19,SZOCS Bernadette,ZENG Zhiying,4,0,"11,11,11,11|5,4,8,3",R64,WORLD_CHAMPIONSHIPS,WS,3108,Main Draw,SZOCS Bernadette (ROU),ZENG Zhiying (CHI),SZOCS Bernadette
ITTF World Table Tennis Championships Finals Doha 2025,2025-05-19,JARVIS Tom,QIU Dang,4,3,"11,11,11,9,1,6,11|9,9,8,11,11,11,8",R64,WORLD_CHAMPIONSHIPS,MS,3108,Main Draw,JARVIS Tom (ENG),QIU Dang (GER),JARVIS Tom
ITTF World Table Tennis Championships Finals Doha 2025,2025-05-19,ARUNA Quadri,HAUG Borgar,4,2,"11,3,11,8,11,12|7,11,8,11,7,10",R64,WORLD_CHAMPIONSHIPS,MS,3108,Main Draw,ARUNA Quadri (NGR),HAUG Borgar (NOR),ARUNA Quadri
ITTF World Table Tennis Championships Finals Doha 2025,2025-05-19,FREITAS Marcos,ASSAR Omar,4,3,"6,11,10,11,11,8,12|11,8,12,3,8,11,10",R64,WORLD_CHAMPIONSHIPS,MS,3108,Main Draw,FREITAS Marcos (POR),ASSAR Omar (EGY),FREITAS Marcos
ITTF World Table Tennis Championships Finals Doha 2025,2025-05-19,RASSENFOSSE Adrien,WALTHER Ricardo,4,3,"11,11,8,11,11,10,11|4,13,11,9,6,12,9",R64,WORLD_CHAMPIONSHIPS,MS,3108,Main Draw,RASSENFOSSE Adrien (BEL),WALTHER Ricardo (GER),RASSENFOSSE Adrien
ITTF World Table Tennis Championships Finals Doha 2025,2025-05-19,AN Jaehyun,MLADENOVIC Luka,4,2,"11,8,11,9,11,11|5,11,9,11,9,8",R64,WORLD_CHAMPIONSHIPS,MS,3108,Main Draw,AN Jaehyun (KOR),MLADENOVIC Luka (LUX),AN Jaehyun
ITTF World Table Tennis Championships Finals Doha 2025,2025-05-19,ODO Satsuki/YOKOI Sakura,BAKHYT Anel/ROMANOVSKAYA Angelina,3,0,"11,11,11|9,5,4",R32,WORLD_CHAMPIONSHIPS,WD,3108,Main Draw,ODO Satsuki/YOKOI Sakura (JPN),BAKHYT Anel/ROMANOVSKAYA Angelina (KAZ),ODO Satsuki/YOKOI Sakura
ITTF World Table Tennis Championships Finals Doha 2025,2025-05-19,WANG Chuqin,IIZUKA Leonardo,4,0,"11,11,11,11|3,3,5,4",R64,WORLD_CHAMPIONSHIPS,MS,3108,Main Draw,WANG Chuqin (CHN),IIZUKA Leonardo (BRA),WANG Chuqin
ITTF World Table Tennis Championships Finals Doha 2025,2025-05-19,DUDA Benedikt,ALAMIYAN Noshad,4,0,"11,11,11,11|7,6,6,3",R64,WORLD_CHAMPIONSHIPS,MS,3108,Main Draw,DUDA Benedikt (GER),ALAMIYAN Noshad (IRI),DUDA Benedikt
ITTF World Table Tennis Championships Finals Doha 2025,2025-05-19,TEODORO Guilherme/TAKAHASHI Giulia,BERZOSA Daniel/MATIUNINA Veronika,3,2,"11,9,11,8,11|8,11,9,11,7",R32,WORLD_CHAMPIONSHIPS,XD,3108,Main Draw,TEODORO Guilherme/TAKAHASHI Giulia (BRA),BERZOSA Daniel/MATIUNINA Veronika (ESP/UKR),TEODORO Guilherme/TAKAHASHI Giulia
ITTF World Table Tennis Championships Finals Doha 2025,2025-05-19,MATSUSHIMA Sora/HARIMOTO Miwa,BAN Ivor/ARAPOVIC Hana,3,2,"11,8,11,9,11|8,11,5,11,9",R32,WORLD_CHAMPIONSHIPS,XD,3108,Main Draw,MATSUSHIMA Sora/HARIMOTO Miwa (JPN),BAN Ivor/ARAPOVIC Hana (CRO),MATSUSHIMA Sora/HARIMOTO Miwa
ITTF World Table Tennis Championships Finals Doha 2025,2025-05-19,ABDELAZIZ Youssef/ALHODABY Mariam,STOYANOV Niagol/PICCOLIN Giorgia,3,1,"11,6,11,12|7,11,7,10",R32,WORLD_CHAMPIONSHIPS,XD,3108,Main Draw,ABDELAZIZ Youssef/ALHODABY Mariam (EGY),STOYANOV Niagol/PICCOLIN Giorgia (ITA),ABDELAZIZ Youssef/ALHODABY Mariam
ITTF World Table Tennis Championships Finals Doha 2025,2025-05-19,LIN Yun-Ju/CHENG I-Ching,KARLSSON Kristian/KALLBERG Christina,3,1,"9,11,11,11|11,6,6,4",R32,WORLD_CHAMPIONSHIPS,XD,3108,Main Draw,LIN Yun-Ju/CHENG I-Ching (TPE),KARLSSON Kristian/KALLBERG Christina (SWE),LIN Yun-Ju/CHENG I-Ching
ITTF World Table Tennis Championships Finals Doha 2025,2025-05-19,OH Junsung/KIM Nayeong,SHAH Manush/CHITALE Diya,3,0,"11,11,11|8,9,2",R32,WORLD_CHAMPIONSHIPS,XD,3108,Main Draw,OH Junsung/KIM Nayeong (KOR),SHAH Manush/CHITALE Diya (IND),OH Junsung/KIM Nayeong
ITTF World Table Tennis Championships Finals Doha 2025,2025-05-19,LIN Shidong/KUAI Man,GAUZY Simon/PAVADE Prithika,3,0,"11,11,11|4,8,3",R32,WORLD_CHAMPIONSHIPS,XD,3108,Main Draw,LIN Shidong/KUAI Man (CHN),GAUZY Simon/PAVADE Prithika (FRA),LIN Shidong/KUAI Man
ITTF World Table Tennis Championships Finals Doha 2025,2025-05-19,WONG Chun Ting/DOO Hoi Kem,JELLOULI Milhane/KESSACI Amina,3,0,"11,11,13|7,5,11",R32,WORLD_CHAMPIONSHIPS,XD,3108,Main Draw,WONG Chun Ting/DOO Hoi Kem (HKG),JELLOULI Milhane/KESSACI Amina (ALG),WONG Chun Ting/DOO Hoi Kem
ITTF World Table Tennis Championships Finals Doha 2025,2025-05-19,LIM Jonghoon/SHIN Yubin,OMOTAYO Olajide/AYOOLA Kabirat,3,0,"11,11,11|2,3,4",R32,WORLD_CHAMPIONSHIPS,XD,3108,Main Draw,LIM Jonghoon/SHIN Yubin (KOR),OMOTAYO Olajide/AYOOLA Kabirat (NGR),LIM Jonghoon/SHIN Yubin
ITTF World Table Tennis Championships Finals Doha 2025,2025-05-20,KIM Nayeong/LEE Eunhye,CHENG I-Ching/LI Yu-Jhun,3,1,"12,11,9,11|10,8,11,5",R16,WORLD_CHAMPIONSHIPS,WD,3108,Main Draw,KIM Nayeong/LEE Eunhye (KOR),CHENG I-Ching/LI Yu-Jhun (TPE),KIM Nayeong/LEE Eunhye
ITTF World Table Tennis Championships Finals Doha 2025,2025-05-20,SHIN Yubin/RYU Hanna,KAUFMANN Annett/SHAN Xiaona,3,1,"11,11,4,11|8,3,11,6",R16,WORLD_CHAMPIONSHIPS,WD,3108,Main Draw,SHIN Yubin/RYU Hanna (KOR),KAUFMANN Annett/SHAN Xiaona (GER),SHIN Yubin/RYU Hanna
ITTF World Table Tennis Championships Finals Doha 2025,2025-05-20,WANG Manyu/KUAI Man,LEE Hoi Man/KONG Tsz Lam,3,0,"11,11,11|6,6,5",R16,WORLD_CHAMPIONSHIPS,WD,3108,Main Draw,WANG Manyu/KUAI Man (CHN),LEE Hoi Man/KONG Tsz Lam (HKG),WANG Manyu/KUAI Man
ITTF World Table Tennis Championships Finals Doha 2025,2025-05-20,LEBRUN Felix,OH Junsung,4,2,"11,9,9,11,11,11|5,11,11,4,9,5",R32,WORLD_CHAMPIONSHIPS,MS,3108,Main Draw,LEBRUN Felix (FRA),OH Junsung (KOR),LEBRUN Felix
ITTF World Table Tennis Championships Finals Doha 2025,2025-05-20,XIAO Maria/DIACONU Adina,NG Wing Lam/ZHU Chengzhu,3,0,"13,11,12|11,4,10",R16,WORLD_CHAMPIONSHIPS,WD,3108,Main Draw,XIAO Maria/DIACONU Adina (ESP/ROU),NG Wing Lam/ZHU Chengzhu (HKG),XIAO Maria/DIACONU Adina
ITTF World Table Tennis Championships Finals Doha 2025,2025-05-20,KAO Cheng-Jui/LIN Yun-Ju,HUANG Youzheng/LIANG Jingkun,3,2,"3,11,13,13,11|11,8,11,15,4",R16,WORLD_CHAMPIONSHIPS,MD,3108,Main Draw,KAO Cheng-Jui/LIN Yun-Ju (TPE),HUANG Youzheng/LIANG Jingkun (CHN),KAO Cheng-Jui/LIN Yun-Ju
ITTF World Table Tennis Championships Finals Doha 2025,2025-05-20,ELBEIALI Mohamed/ABDELAZIZ Youssef,WANG Yang/ANGELAKIS Konstantinos,3,0,"11,11,11|8,9,7",R16,WORLD_CHAMPIONSHIPS,MD,3108,Main Draw,ELBEIALI Mohamed/ABDELAZIZ Youssef (EGY),WANG Yang/ANGELAKIS Konstantinos (SVK/GRE),ELBEIALI Mohamed/ABDELAZIZ Youssef
ITTF World Table Tennis Championships Finals Doha 2025,2025-05-20,FALCK Mattias/KARLSSON Kristian,QIU Dang/DUDA Benedikt,3,2,"13,11,11,9,11|11,9,13,11,7",R16,WORLD_CHAMPIONSHIPS,MD,3108,Main Draw,FALCK Mattias/KARLSSON Kristian (SWE),QIU Dang/DUDA Benedikt (GER),FALCK Mattias/KARLSSON Kristian
ITTF World Table Tennis Championships Finals Doha 2025,2025-05-20,RAKOVAC Lea,SUH Hyo Won,4,2,"3,11,7,11,11,11|11,9,11,4,7,6",R32,WORLD_CHAMPIONSHIPS,WS,3108,Main Draw,RAKOVAC Lea (CRO),SUH Hyo Won (KOR),RAKOVAC Lea
ITTF World Table Tennis Championships Finals Doha 2025,2025-05-20,CHENG I-Ching,ZHANG Mo,4,1,"15,11,11,11,11|17,5,6,6,6",R32,WORLD_CHAMPIONSHIPS,WS,3108,Main Draw,CHENG I-Ching (TPE),ZHANG Mo (CAN),CHENG I-Ching
ITTF World Table Tennis Championships Finals Doha 2025,2025-05-20,ZENG Jian,DIAZ Adriana,4,3,"11,11,7,10,13,6,11|7,8,11,12,11,11,5",R32,WORLD_CHAMPIONSHIPS,WS,3108,Main Draw,ZENG Jian (SGP),DIAZ Adriana (PUR),ZENG Jian
ITTF World Table Tennis Championships Finals Doha 2025,2025-05-20,WANG Yidi,GODA Hana,4,0,"11,12,11,11|7,10,4,7",R32,WORLD_CHAMPIONSHIPS,WS,3108,Main Draw,WANG Yidi (CHN),GODA Hana (EGY),WANG Yidi
ITTF World Table Tennis Championships Finals Doha 2025,2025-05-20,JANG Woojin,RASSENFOSSE Adrien,4,1,"11,5,11,13,11|7,11,5,11,9",R32,WORLD_CHAMPIONSHIPS,MS,3108,Main Draw,JANG Woojin (KOR),RASSENFOSSE Adrien (BEL),JANG Woojin
ITTF World Table Tennis Championships Finals Doha 2025,2025-05-20,GAUZY Simon,LIN Gaoyuan,4,2,"2,11,13,11,6,11|11,8,11,9,11,3",R32,WORLD_CHAMPIONSHIPS,MS,3108,Main Draw,GAUZY Simon (FRA),LIN Gaoyuan (CHN),GAUZY Simon
ITTF World Table Tennis Championships Finals Doha 2025,2025-05-20,WANG Chuqin,WONG Chun Ting,4,0,"12,11,11,11|10,6,5,7",R32,WORLD_CHAMPIONSHIPS,MS,3108,Main Draw,WANG Chuqin (CHN),WONG Chun Ting (HKG),WANG Chuqin
ITTF World Table Tennis Championships Finals Doha 2025,2025-05-20,JORGIC Darko,IONESCU Eduard,4,0,"11,11,11,11|9,7,2,6",R32,WORLD_CHAMPIONSHIPS,MS,3108,Main Draw,JORGIC Darko (SLO),IONESCU Eduard (ROU),JORGIC Darko
ITTF World Table Tennis Championships Finals Doha 2025,2025-05-20,SZOCS Bernadette,LI Yu-Jhun,4,1,"11,11,11,8,11|9,7,8,11,7",R32,WORLD_CHAMPIONSHIPS,WS,3108,Main Draw,SZOCS Bernadette (ROU),LI Yu-Jhun (TPE),SZOCS Bernadette
ITTF World Table Tennis Championships Finals Doha 2025,2025-05-20,SHI Xunyao,PARK Gahyeon,4,0,"11,11,11,11|8,5,5,7",R32,WORLD_CHAMPIONSHIPS,WS,3108,Main Draw,SHI Xunyao (CHN),PARK Gahyeon (KOR),SHI Xunyao
ITTF World Table Tennis Championships Finals Doha 2025,2025-05-20,TAKAHASHI Bruna,ALTINKAYA Sibel,4,1,"11,11,11,6,11|6,7,3,11,9",R32,WORLD_CHAMPIONSHIPS,WS,3108,Main Draw,TAKAHASHI Bruna (BRA),ALTINKAYA Sibel (TUR),TAKAHASHI Bruna
ITTF World Table Tennis Championships Finals Doha 2025,2025-05-20,CHEN Xingtong,LUPULESKU Izabela,4,1,"11,11,11,9,14|1,5,9,11,12",R32,WORLD_CHAMPIONSHIPS,WS,3108,Main Draw,CHEN Xingtong (CHN),LUPULESKU Izabela (SRB),CHEN Xingtong
ITTF World Table Tennis Championships Finals Doha 2025,2025-05-20,ARUNA Quadri,DUDA Benedikt,4,2,"11,4,11,2,12,11|9,11,8,11,10,9",R32,WORLD_CHAMPIONSHIPS,MS,3108,Main Draw,ARUNA Quadri (NGR),DUDA Benedikt (GER),ARUNA Quadri
ITTF World Table Tennis Championships Finals Doha 2025,2025-05-20,SHINOZUKA Hiroto/TOGAMI Shunsuke,QUEK Izaac/PANG Koen,3,2,"11,2,7,11,11|6,11,11,8,7",R16,WORLD_CHAMPIONSHIPS,MD,3108,Main Draw,SHINOZUKA Hiroto/TOGAMI Shunsuke (JPN),QUEK Izaac/PANG Koen (SGP),SHINOZUKA Hiroto/TOGAMI Shunsuke
ITTF World Table Tennis Championships Finals Doha 2025,2025-05-20,JARVIS Tom,CHIRITA Iulian,4,0,"11,14,12,11|9,12,10,7",R32,WORLD_CHAMPIONSHIPS,MS,3108,Main Draw,JARVIS Tom (ENG),CHIRITA Iulian (ROU),JARVIS Tom
ITTF World Table Tennis Championships Finals Doha 2025,2025-05-20,LIANG Jingkun,FREITAS Marcos,4,0,"11,11,11,16|8,2,5,14",R32,WORLD_CHAMPIONSHIPS,MS,3108,Main Draw,LIANG Jingkun (CHN),FREITAS Marcos (POR),LIANG Jingkun
ITTF World Table Tennis Championships Finals Doha 2025,2025-05-20,LIN Yun-Ju,PUCAR Tomislav,4,2,"12,5,13,11,6,11|10,11,11,7,11,7",R64,WORLD_CHAMPIONSHIPS,MS,3108,Main Draw,LIN Yun-Ju (TPE),PUCAR Tomislav (CRO),LIN Yun-Ju
ITTF World Table Tennis Championships Finals Doha 2025,2025-05-20,WONG Chun Ting,PORET Thibault,4,1,"11,5,11,11,11|6,11,3,9,9",R64,WORLD_CHAMPIONSHIPS,MS,3108,Main Draw,WONG Chun Ting (HKG),PORET Thibault (FRA),WONG Chun Ting
ITTF World Table Tennis Championships Finals Doha 2025,2025-05-20,DRAGOMAN Andreea,POLCANOVA Sofia,4,2,"5,11,11,13,8,11|11,7,9,11,11,8",R64,WORLD_CHAMPIONSHIPS,WS,3108,Main Draw,DRAGOMAN Andreea (ROU),POLCANOVA Sofia (AUT),DRAGOMAN Andreea
ITTF World Table Tennis Championships Finals Doha 2025,2025-05-20,KARLSSON Kristian,ROBLES Alvaro,4,0,"11,11,13,11|7,8,11,9",R64,WORLD_CHAMPIONSHIPS,MS,3108,Main Draw,KARLSSON Kristian (SWE),ROBLES Alvaro (ESP),KARLSSON Kristian
ITTF World Table Tennis Championships Finals Doha 2025,2025-05-20,ITO Mima,AGUIAR Rosalba,4,0,"11,11,11,11|8,2,3,9",R64,WORLD_CHAMPIONSHIPS,WS,3108,Main Draw,ITO Mima (JPN),AGUIAR Rosalba (CUB),ITO Mima
ITTF World Table Tennis Championships Finals Doha 2025,2025-05-20,MONFARDINI Gaia,DOO Hoi Kem,4,3,"11,11,9,4,7,11,11|9,8,11,11,11,6,7",R64,WORLD_CHAMPIONSHIPS,WS,3108,Main Draw,MONFARDINI Gaia (ITA),DOO Hoi Kem (HKG),MONFARDINI Gaia
ITTF World Table Tennis Championships Finals Doha 2025,2025-05-20,YOSHIMURA Maharu,GARDOS Robert,4,0,"11,11,11,11|5,6,5,8",R64,WORLD_CHAMPIONSHIPS,MS,3108,Main Draw,YOSHIMURA Maharu (JPN),GARDOS Robert (AUT),YOSHIMURA Maharu
ITTF World Table Tennis Championships Finals Doha 2025,2025-05-20,LIN Shidong,LAM Siu Hang,4,0,"11,11,11,11|9,6,4,6",R64,WORLD_CHAMPIONSHIPS,MS,3108,Main Draw,LIN Shidong (CHN),LAM Siu Hang (HKG),LIN Shidong
ITTF World Table Tennis Championships Finals Doha 2025,2025-05-20,CALDERANO Hugo,ESSID Wassim,4,0,"11,11,11,11|5,3,5,4",R64,WORLD_CHAMPIONSHIPS,MS,3108,Main Draw,CALDERANO Hugo (BRA),ESSID Wassim (TUN),CALDERANO Hugo
ITTF World Table Tennis Championships Finals Doha 2025,2025-05-20,CHENG I-Ching,CHITALE Diya,4,1,"11,11,11,6,11|3,7,6,11,5",R64,WORLD_CHAMPIONSHIPS,WS,3108,Main Draw,CHENG I-Ching (TPE),CHITALE Diya (IND),CHENG I-Ching
ITTF World Table Tennis Championships Finals Doha 2025,2025-05-20,HARIMOTO Miwa,WAN Yuan,4,0,"11,11,11,11|3,8,6,9",R64,WORLD_CHAMPIONSHIPS,WS,3108,Main Draw,HARIMOTO Miwa (JPN),WAN Yuan (GER),HARIMOTO Miwa
ITTF World Table Tennis Championships Finals Doha 2025,2025-05-20,WANG Manyu,WATANABE Laura,4,0,"11,11,11,11|8,1,5,2",R64,WORLD_CHAMPIONSHIPS,WS,3108,Main Draw,WANG Manyu (CHN),WATANABE Laura (BRA),WANG Manyu
ITTF World Table Tennis Championships Finals Doha 2025,2025-05-20,KIM Kum Yong,KALLBERG Christina,4,1,"11,11,11,9,11|8,6,4,11,3",R64,WORLD_CHAMPIONSHIPS,WS,3108,Main Draw,KIM Kum Yong (PRK),KALLBERG Christina (SWE),KIM Kum Yong
ITTF World Table Tennis Championships Finals Doha 2025,2025-05-20,GERASSIMENKO Kirill,SHINOZUKA Hiroto,4,2,"4,11,12,11,13,11|11,5,14,8,11,8",R64,WORLD_CHAMPIONSHIPS,MS,3108,Main Draw,GERASSIMENKO Kirill (KAZ),SHINOZUKA Hiroto (JPN),GERASSIMENKO Kirill
ITTF World Table Tennis Championships Finals Doha 2025,2025-05-20,ODO Satsuki,SHAO Jieni,4,1,"11,11,11,9,11|6,7,7,11,5",R64,WORLD_CHAMPIONSHIPS,WS,3108,Main Draw,ODO Satsuki (JPN),SHAO Jieni (POR),ODO Satsuki
ITTF World Table Tennis Championships Finals Doha 2025,2025-05-20,PAVADE Prithika,KUKULKOVA Tatiana,4,0,"11,11,11,11|5,3,6,8",R64,WORLD_CHAMPIONSHIPS,WS,3108,Main Draw,PAVADE Prithika (FRA),KUKULKOVA Tatiana (SVK),PAVADE Prithika
ITTF World Table Tennis Championships Finals Doha 2025,2025-05-20,GAUZY Simon,LIND Anders,4,3,"11,11,4,9,3,12,15|6,5,11,11,11,10,13",R64,WORLD_CHAMPIONSHIPS,MS,3108,Main Draw,GAUZY Simon (FRA),LIND Anders (DEN),GAUZY Simon
ITTF World Table Tennis Championships Finals Doha 2025,2025-05-20,CHO Daeseong,FALCK Mattias,4,2,"11,7,6,13,11,11|9,11,11,11,7,8",R64,WORLD_CHAMPIONSHIPS,MS,3108,Main Draw,CHO Daeseong (KOR),FALCK Mattias (SWE),CHO Daeseong
ITTF World Table Tennis Championships Finals Doha 2025,2025-05-20,JORGIC Darko,AFANADOR Brian,4,1,"11,11,10,11,11|8,8,12,6,6",R64,WORLD_CHAMPIONSHIPS,MS,3108,Main Draw,JORGIC Darko (SLO),AFANADOR Brian (PUR),JORGIC Darko
ITTF World Table Tennis Championships Finals Doha 2025,2025-05-20,HARIMOTO Tomokazu,THAKKAR Manav,4,2,"13,11,9,11,9,11|11,3,11,6,11,3",R64,WORLD_CHAMPIONSHIPS,MS,3108,Main Draw,HARIMOTO Tomokazu (JPN),THAKKAR Manav (IND),HARIMOTO Tomokazu
ITTF World Table Tennis Championships Finals Doha 2025,2025-05-20,KALLBERG Anton,ABDULWAHHAB Mohammed,4,0,"11,11,11,11|6,6,9,7",R64,WORLD_CHAMPIONSHIPS,MS,3108,Main Draw,KALLBERG Anton (SWE),ABDULWAHHAB Mohammed (QAT),KALLBERG Anton
ITTF World Table Tennis Championships Finals Doha 2025,2025-05-20,LIN Gaoyuan,CIFUENTES Horacio,4,0,"11,11,11,13|4,9,2,11",R64,WORLD_CHAMPIONSHIPS,MS,3108,Main Draw,LIN Gaoyuan (CHN),CIFUENTES Horacio (ARG),LIN Gaoyuan
ITTF World Table Tennis Championships Finals Doha 2025,2025-05-20,JANG Woojin,FARAJI Benyamin,4,0,"11,11,11,15|4,8,7,13",R64,WORLD_CHAMPIONSHIPS,MS,3108,Main Draw,JANG Woojin (KOR),FARAJI Benyamin (IRI),JANG Woojin
ITTF World Table Tennis Championships Finals Doha 2025,2025-05-20,ZENG Jian,HUANG Yu-Chiao,4,3,"9,11,4,5,11,15,11|11,8,11,11,5,13,3",R64,WORLD_CHAMPIONSHIPS,WS,3108,Main Draw,ZENG Jian (SGP),HUANG Yu-Chiao (TPE),ZENG Jian
ITTF World Table Tennis Championships Finals Doha 2025,2025-05-20,ALTINKAYA Sibel,HELMY Yousra,4,3,"11,11,5,8,11,6,14|2,9,11,11,8,11,12",R64,WORLD_CHAMPIONSHIPS,WS,3108,Main Draw,ALTINKAYA Sibel (TUR),HELMY Yousra (EGY),ALTINKAYA Sibel
ITTF World Table Tennis Championships Finals Doha 2025,2025-05-20,LUTZ Charlotte,YUAN Jia Nan,4,1,"11,11,9,11,11|9,7,11,6,7",R64,WORLD_CHAMPIONSHIPS,WS,3108,Main Draw,LUTZ Charlotte (FRA),YUAN Jia Nan (FRA),LUTZ Charlotte
ITTF World Table Tennis Championships Finals Doha 2025,2025-05-20,CHEN Xingtong,KAUFMANN Annett,4,2,"9,11,12,11,9,11|11,7,10,5,11,9",R64,WORLD_CHAMPIONSHIPS,WS,3108,Main Draw,CHEN Xingtong (CHN),KAUFMANN Annett (GER),CHEN Xingtong
ITTF World Table Tennis Championships Finals Doha 2025,2025-05-20,TAKAHASHI Bruna,MOYLAND Sally,4,2,"11,9,14,9,13,11|3,11,12,11,11,5",R64,WORLD_CHAMPIONSHIPS,WS,3108,Main Draw,TAKAHASHI Bruna (BRA),MOYLAND Sally (USA),TAKAHASHI Bruna
ITTF World Table Tennis Championships Finals Doha 2025,2025-05-20,MATELOVA Hana,BERGSTROM Linda,4,1,"11,11,9,11,12|6,5,11,7,10",R64,WORLD_CHAMPIONSHIPS,WS,3108,Main Draw,MATELOVA Hana (CZE),BERGSTROM Linda (SWE),MATELOVA Hana
ITTF World Table Tennis Championships Finals Doha 2025,2025-05-20,LIN Yen-Chun,LEBRUN Alexis,4,0,"11,11,11,11|0,0,0,0",R64,WORLD_CHAMPIONSHIPS,MS,3108,Main Draw,LIN Yen-Chun (TPE),LEBRUN Alexis (FRA),LIN Yen-Chun
ITTF World Table Tennis Championships Finals Doha 2025,2025-05-20,PARK Gahyeon,BATRA Manika,4,0,"11,11,11,11|8,7,5,8",R64,WORLD_CHAMPIONSHIPS,WS,3108,Main Draw,PARK Gahyeon (KOR),BATRA Manika (IND),PARK Gahyeon
ITTF World Table Tennis Championships Finals Doha 2025,2025-05-20,TOGAMI Shunsuke,KUO Guan-Hong,4,0,"11,11,11,11|3,8,6,6",R64,WORLD_CHAMPIONSHIPS,MS,3108,Main Draw,TOGAMI Shunsuke (JPN),KUO Guan-Hong (TPE),TOGAMI Shunsuke
ITTF World Table Tennis Championships Finals Doha 2025,2025-05-20,LIN Yun-Ju/CHENG I-Ching,OH Junsung/KIM Nayeong,3,1,"11,11,6,11|4,7,11,9",R16,WORLD_CHAMPIONSHIPS,XD,3108,Main Draw,LIN Yun-Ju/CHENG I-Ching (TPE),OH Junsung/KIM Nayeong (KOR),LIN Yun-Ju/CHENG I-Ching
ITTF World Table Tennis Championships Finals Doha 2025,2025-05-20,WONG Chun Ting/DOO Hoi Kem,TEODORO Guilherme/TAKAHASHI Giulia,3,1,"11,8,11,11|9,11,6,2",R16,WORLD_CHAMPIONSHIPS,XD,3108,Main Draw,WONG Chun Ting/DOO Hoi Kem (HKG),TEODORO Guilherme/TAKAHASHI Giulia (BRA),WONG Chun Ting/DOO Hoi Kem
ITTF World Table Tennis Championships Finals Doha 2025,2025-05-20,YOSHIMURA Maharu/ODO Satsuki,RI Jong Sik/KIM Kum Yong,3,0,"11,12,11|7,10,6",R16,WORLD_CHAMPIONSHIPS,XD,3108,Main Draw,YOSHIMURA Maharu/ODO Satsuki (JPN),RI Jong Sik/KIM Kum Yong (PRK),YOSHIMURA Maharu/ODO Satsuki
ITTF World Table Tennis Championships Finals Doha 2025,2025-05-20,MATSUSHIMA Sora/HARIMOTO Miwa,ABDELAZIZ Youssef/ALHODABY Mariam,3,0,"13,11,11|11,5,4",R16,WORLD_CHAMPIONSHIPS,XD,3108,Main Draw,MATSUSHIMA Sora/HARIMOTO Miwa (JPN),ABDELAZIZ Youssef/ALHODABY Mariam (EGY),MATSUSHIMA Sora/HARIMOTO Miwa
ITTF World Table Tennis Championships Finals Doha 2025,2025-05-20,LIN Shidong/KUAI Man,GARDOS Robert/POLCANOVA Sofia,3,0,"11,11,11|2,3,6",R16,WORLD_CHAMPIONSHIPS,XD,3108,Main Draw,LIN Shidong/KUAI Man (CHN),GARDOS Robert/POLCANOVA Sofia (AUT),LIN Shidong/KUAI Man
ITTF World Table Tennis Championships Finals Doha 2025,2025-05-20,ROBLES Alvaro/XIAO Maria,PISTEJ Lubomir/KUKULKOVA Tatiana,3,0,"11,11,11|6,9,6",R16,WORLD_CHAMPIONSHIPS,XD,3108,Main Draw,ROBLES Alvaro/XIAO Maria (ESP),PISTEJ Lubomir/KUKULKOVA Tatiana (SVK),ROBLES Alvaro/XIAO Maria
ITTF World Table Tennis Championships Finals Doha 2025,2025-05-20,LIM Jonghoon/SHIN Yubin,KULCZYCKI Samuel/WIELGOS Zuzanna,3,0,"11,11,11|4,4,5",R16,WORLD_CHAMPIONSHIPS,XD,3108,Main Draw,LIM Jonghoon/SHIN Yubin (KOR),KULCZYCKI Samuel/WIELGOS Zuzanna (POL),LIM Jonghoon/SHIN Yubin
ITTF World Table Tennis Championships Finals Doha 2025,2025-05-20,WANG Chuqin/SUN Yingsha,IONESCU Ovidiu/SAMARA Elizabeta,3,0,"11,11,11|0,0,0",R16,WORLD_CHAMPIONSHIPS,XD,3108,Main Draw,WANG Chuqin/SUN Yingsha (CHN),IONESCU Ovidiu/SAMARA Elizabeta (ROU),WANG Chuqin/SUN Yingsha
ITTF World Table Tennis Championships Finals Doha 2025,2025-05-21,AN Jaehyun,LIN Yen-Chun,4,3,"11,7,11,5,7,11,16|7,11,5,11,11,7,14",R32,WORLD_CHAMPIONSHIPS,MS,3108,Main Draw,AN Jaehyun (KOR),LIN Yen-Chun (TPE),AN Jaehyun
ITTF World Table Tennis Championships Finals Doha 2025,2025-05-21,KALLBERG Anton,YOSHIMURA Maharu,4,0,"12,11,12,13|10,6,10,11",R32,WORLD_CHAMPIONSHIPS,MS,3108,Main Draw,KALLBERG Anton (SWE),YOSHIMURA Maharu (JPN),KALLBERG Anton
ITTF World Table Tennis Championships Finals Doha 2025,2025-05-21,ODO Satsuki,WINTER Sabine,4,0,"11,11,11,11|4,7,6,8",R32,WORLD_CHAMPIONSHIPS,WS,3108,Main Draw,ODO Satsuki (JPN),WINTER Sabine (GER),ODO Satsuki
ITTF World Table Tennis Championships Finals Doha 2025,2025-05-21,PAVADE Prithika,DRAGOMAN Andreea,4,0,"13,11,14,11|11,9,12,6",R32,WORLD_CHAMPIONSHIPS,WS,3108,Main Draw,PAVADE Prithika (FRA),DRAGOMAN Andreea (ROU),PAVADE Prithika
ITTF World Table Tennis Championships Finals Doha 2025,2025-05-21,WANG Manyu,HAN Ying,4,1,"12,12,9,11,13|10,10,11,4,11",R32,WORLD_CHAMPIONSHIPS,WS,3108,Main Draw,WANG Manyu (CHN),HAN Ying (GER),WANG Manyu
ITTF World Table Tennis Championships Finals Doha 2025,2025-05-21,POLCANOVA Sofia/SZOCS Bernadette,MATELOVA Hana/BALAZOVA Barbora,3,2,"11,9,9,11,11|7,11,11,5,5",R16,WORLD_CHAMPIONSHIPS,WD,3108,Main Draw,POLCANOVA Sofia/SZOCS Bernadette (AUT/ROU),MATELOVA Hana/BALAZOVA Barbora (CZE/SVK),POLCANOVA Sofia/SZOCS Bernadette
ITTF World Table Tennis Championships Finals Doha 2025,2025-05-21,LIN Gaoyuan/LIN Shidong,JANG Woojin/CHO Daeseong,3,0,"11,11,11|5,9,9",R16,WORLD_CHAMPIONSHIPS,MD,3108,Main Draw,LIN Gaoyuan/LIN Shidong (CHN),JANG Woojin/CHO Daeseong (KOR),LIN Gaoyuan/LIN Shidong
ITTF World Table Tennis Championships Finals Doha 2025,2025-05-21,BOURRASSAUD Florian/DORR Esteban,CHAN Baldwin/WONG Chun Ting,3,0,"11,11,11|6,8,7",R16,WORLD_CHAMPIONSHIPS,MD,3108,Main Draw,BOURRASSAUD Florian/DORR Esteban (FRA),CHAN Baldwin/WONG Chun Ting (HKG),BOURRASSAUD Florian/DORR Esteban
ITTF World Table Tennis Championships Finals Doha 2025,2025-05-21,MOREGARD Truls,KAO Cheng-Jui,4,2,"5,11,11,13,11,11|11,8,7,15,4,3",R32,WORLD_CHAMPIONSHIPS,MS,3108,Main Draw,MOREGARD Truls (SWE),KAO Cheng-Jui (TPE),MOREGARD Truls
ITTF World Table Tennis Championships Finals Doha 2025,2025-05-21,TOGAMI Shunsuke,HARIMOTO Tomokazu,4,1,"11,11,9,11,11|7,9,11,5,9",R32,WORLD_CHAMPIONSHIPS,MS,3108,Main Draw,TOGAMI Shunsuke (JPN),HARIMOTO Tomokazu (JPN),TOGAMI Shunsuke
ITTF World Table Tennis Championships Finals Doha 2025,2025-05-21,SUN Yingsha,LUTZ Charlotte,4,0,"11,11,11,11|4,6,6,1",R32,WORLD_CHAMPIONSHIPS,WS,3108,Main Draw,SUN Yingsha (CHN),LUTZ Charlotte (FRA),SUN Yingsha
ITTF World Table Tennis Championships Finals Doha 2025,2025-05-21,ODO Satsuki/YOKOI Sakura,JEGER Mateja/RAKOVAC Lea,3,0,"12,11,11|10,9,0",R16,WORLD_CHAMPIONSHIPS,WD,3108,Main Draw,ODO Satsuki/YOKOI Sakura (JPN),JEGER Mateja/RAKOVAC Lea (CRO),ODO Satsuki/YOKOI Sakura
ITTF World Table Tennis Championships Finals Doha 2025,2025-05-21,LIN Shidong,KARLSSON Kristian,4,1,"8,11,11,11,11|11,1,6,5,9",R32,WORLD_CHAMPIONSHIPS,MS,3108,Main Draw,LIN Shidong (CHN),KARLSSON Kristian (SWE),LIN Shidong
ITTF World Table Tennis Championships Finals Doha 2025,2025-05-21,HARIMOTO Miwa/KIHARA Miyuu,GHORPADE Yashaswini/CHITALE Diya,3,0,"11,11,11|7,8,9",R16,WORLD_CHAMPIONSHIPS,WD,3108,Main Draw,HARIMOTO Miwa/KIHARA Miyuu (JPN),GHORPADE Yashaswini/CHITALE Diya (IND),HARIMOTO Miwa/KIHARA Miyuu
ITTF World Table Tennis Championships Finals Doha 2025,2025-05-21,ITO Mima,BAJOR Natalia,4,2,"11,11,11,9,2,11|7,9,9,11,11,9",R32,WORLD_CHAMPIONSHIPS,WS,3108,Main Draw,ITO Mima (JPN),BAJOR Natalia (POL),ITO Mima
ITTF World Table Tennis Championships Finals Doha 2025,2025-05-21,SHIN Yubin,MONFARDINI Gaia,4,1,"11,8,11,14,16|5,11,9,12,14",R32,WORLD_CHAMPIONSHIPS,WS,3108,Main Draw,SHIN Yubin (KOR),MONFARDINI Gaia (ITA),SHIN Yubin
ITTF World Table Tennis Championships Finals Doha 2025,2025-05-21,HAYATA Hina,MATELOVA Hana,4,2,"11,7,11,9,11,12|7,11,7,11,6,10",R32,WORLD_CHAMPIONSHIPS,WS,3108,Main Draw,HAYATA Hina (JPN),MATELOVA Hana (CZE),HAYATA Hina
ITTF World Table Tennis Championships Finals Doha 2025,2025-05-21,LIN Yun-Ju,HABESOHN Daniel,4,0,"11,11,11,12|8,8,8,10",R32,WORLD_CHAMPIONSHIPS,MS,3108,Main Draw,LIN Yun-Ju (TPE),HABESOHN Daniel (AUT),LIN Yun-Ju
ITTF World Table Tennis Championships Finals Doha 2025,2025-05-21,HARIMOTO Miwa,KIM Kum Yong,4,3,"11,5,11,11,8,8,11|8,11,6,7,11,11,3",R32,WORLD_CHAMPIONSHIPS,WS,3108,Main Draw,HARIMOTO Miwa (JPN),KIM Kum Yong (PRK),HARIMOTO Miwa
ITTF World Table Tennis Championships Finals Doha 2025,2025-05-21,CALDERANO Hugo,GERASSIMENKO Kirill,4,2,"9,9,11,12,11,11|11,11,5,10,9,7",R32,WORLD_CHAMPIONSHIPS,MS,3108,Main Draw,CALDERANO Hugo (BRA),GERASSIMENKO Kirill (KAZ),CALDERANO Hugo
ITTF World Table Tennis Championships Finals Doha 2025,2025-05-21,IONESCU Ovidiu/ROBLES Alvaro,HARIMOTO Tomokazu/MATSUSHIMA Sora,3,2,"9,14,4,11,11|11,12,11,9,9",R16,WORLD_CHAMPIONSHIPS,MD,3108,Main Draw,IONESCU Ovidiu/ROBLES Alvaro (ROU/ESP),HARIMOTO Tomokazu/MATSUSHIMA Sora (JPN),IONESCU Ovidiu/ROBLES Alvaro
ITTF World Table Tennis Championships Finals Doha 2025,2025-05-21,LEBRUN Felix/LEBRUN Alexis,KALLBERG Anton/MOREGARD Truls,3,1,"10,11,11,11|12,5,3,5",R16,WORLD_CHAMPIONSHIPS,MD,3108,Main Draw,LEBRUN Felix/LEBRUN Alexis (FRA),KALLBERG Anton/MOREGARD Truls (SWE),LEBRUN Felix/LEBRUN Alexis
ITTF World Table Tennis Championships Finals Doha 2025,2025-05-21,WINTER Sabine/WAN Yuan,TSAI Yun-En/HUANG Yi-Hua,3,2,"8,9,11,11,11|11,11,8,7,7",R16,WORLD_CHAMPIONSHIPS,WD,3108,Main Draw,WINTER Sabine/WAN Yuan (GER),TSAI Yun-En/HUANG Yi-Hua (TPE),WINTER Sabine/WAN Yuan
ITTF World Table Tennis Championships Finals Doha 2025,2025-05-21,FRANZISKA Patrick,CHO Daeseong,4,3,"7,9,7,11,11,11,11|11,11,11,7,8,4,3",R32,WORLD_CHAMPIONSHIPS,MS,3108,Main Draw,FRANZISKA Patrick (GER),CHO Daeseong (KOR),FRANZISKA Patrick
ITTF World Table Tennis Championships Finals Doha 2025,2025-05-21,YOSHIMURA Maharu/ODO Satsuki,LIN Shidong/KUAI Man,3,1,"8,11,13,12|11,5,11,10",QF,WORLD_CHAMPIONSHIPS,XD,3108,Main Draw,YOSHIMURA Maharu/ODO Satsuki (JPN),LIN Shidong/KUAI Man (CHN),YOSHIMURA Maharu/ODO Satsuki
ITTF World Table Tennis Championships Finals Doha 2025,2025-05-21,WONG Chun Ting/DOO Hoi Kem,ROBLES Alvaro/XIAO Maria,3,0,"11,11,11|1,5,7",QF,WORLD_CHAMPIONSHIPS,XD,3108,Main Draw,WONG Chun Ting/DOO Hoi Kem (HKG),ROBLES Alvaro/XIAO Maria (ESP),WONG Chun Ting/DOO Hoi Kem
ITTF World Table Tennis Championships Finals Doha 2025,2025-05-22,AN Jaehyun,LEBRUN Felix,4,3,"10,11,14,7,12,11,11|12,9,12,11,14,6,9",R16,WORLD_CHAMPIONSHIPS,MS,3108,Main Draw,AN Jaehyun (KOR),LEBRUN Felix (FRA),AN Jaehyun
ITTF World Table Tennis Championships Finals Doha 2025,2025-05-22,BOURRASSAUD Florian/DORR Esteban,IONESCU Ovidiu/ROBLES Alvaro,3,2,"8,11,4,13,11|11,7,11,11,6",QF,WORLD_CHAMPIONSHIPS,MD,3108,Main Draw,BOURRASSAUD Florian/DORR Esteban (FRA),IONESCU Ovidiu/ROBLES Alvaro (ROU/ESP),BOURRASSAUD Florian/DORR Esteban
ITTF World Table Tennis Championships Finals Doha 2025,2025-05-22,SUN Yingsha,SHIN Yubin,4,2,"11,7,11,11,10,12|8,11,6,5,12,10",R16,WORLD_CHAMPIONSHIPS,WS,3108,Main Draw,SUN Yingsha (CHN),SHIN Yubin (KOR),SUN Yingsha
ITTF World Table Tennis Championships Finals Doha 2025,2025-05-22,HARIMOTO Miwa/KIHARA Miyuu,KIM Nayeong/LEE Eunhye,3,0,"11,11,11|3,5,8",QF,WORLD_CHAMPIONSHIPS,WD,3108,Main Draw,HARIMOTO Miwa/KIHARA Miyuu (JPN),KIM Nayeong/LEE Eunhye (KOR),HARIMOTO Miwa/KIHARA Miyuu
ITTF World Table Tennis Championships Finals Doha 2025,2025-05-22,LIN Yun-Ju,FRANZISKA Patrick,4,3,"8,12,12,7,11,7,11|11,10,10,11,9,11,4",R16,WORLD_CHAMPIONSHIPS,MS,3108,Main Draw,LIN Yun-Ju (TPE),FRANZISKA Patrick (GER),LIN Yun-Ju
ITTF World Table Tennis Championships Finals Doha 2025,2025-05-22,LIN Shidong,KALLBERG Anton,4,0,"11,12,11,11|6,10,7,6",R16,WORLD_CHAMPIONSHIPS,MS,3108,Main Draw,LIN Shidong (CHN),KALLBERG Anton (SWE),LIN Shidong
ITTF World Table Tennis Championships Finals Doha 2025,2025-05-22,MOREGARD Truls,JANG Woojin,4,3,"11,11,7,11,3,7,14|8,7,11,9,11,11,12",R16,WORLD_CHAMPIONSHIPS,MS,3108,Main Draw,MOREGARD Truls (SWE),JANG Woojin (KOR),MOREGARD Truls
ITTF World Table Tennis Championships Finals Doha 2025,2025-05-22,ITO Mima,CHENG I-Ching,4,0,"11,21,11,11|8,19,6,9",R16,WORLD_CHAMPIONSHIPS,WS,3108,Main Draw,ITO Mima (JPN),CHENG I-Ching (TPE),ITO Mima
ITTF World Table Tennis Championships Finals Doha 2025,2025-05-22,WANG Chuqin,GAUZY Simon,4,2,"9,9,11,11,11,11|11,11,2,9,4,8",R16,WORLD_CHAMPIONSHIPS,MS,3108,Main Draw,WANG Chuqin (CHN),GAUZY Simon (FRA),WANG Chuqin
ITTF World Table Tennis Championships Finals Doha 2025,2025-05-22,CHEN Xingtong,TAKAHASHI Bruna,4,1,"10,11,11,11,11|12,7,8,7,8",R16,WORLD_CHAMPIONSHIPS,WS,3108,Main Draw,CHEN Xingtong (CHN),TAKAHASHI Bruna (BRA),CHEN Xingtong
ITTF World Table Tennis Championships Finals Doha 2025,2025-05-22,SHIN Yubin/RYU Hanna,ODO Satsuki/YOKOI Sakura,3,1,"11,9,11,18|9,11,6,16",QF,WORLD_CHAMPIONSHIPS,WD,3108,Main Draw,SHIN Yubin/RYU Hanna (KOR),ODO Satsuki/YOKOI Sakura (JPN),SHIN Yubin/RYU Hanna
ITTF World Table Tennis Championships Finals Doha 2025,2025-05-22,CALDERANO Hugo,ARUNA Quadri,4,0,"11,11,11,11|4,4,4,6",R16,WORLD_CHAMPIONSHIPS,MS,3108,Main Draw,CALDERANO Hugo (BRA),ARUNA Quadri (NGR),CALDERANO Hugo
ITTF World Table Tennis Championships Finals Doha 2025,2025-05-22,HARIMOTO Miwa,ZENG Jian,4,0,"11,11,11,11|5,9,4,6",R16,WORLD_CHAMPIONSHIPS,WS,3108,Main Draw,HARIMOTO Miwa (JPN),ZENG Jian (SGP),HARIMOTO Miwa
ITTF World Table Tennis Championships Finals Doha 2025,2025-05-22,KAO Cheng-Jui/LIN Yun-Ju,LIN Gaoyuan/LIN Shidong,3,1,"11,11,5,11|5,9,11,8",QF,WORLD_CHAMPIONSHIPS,MD,3108,Main Draw,KAO Cheng-Jui/LIN Yun-Ju (TPE),LIN Gaoyuan/LIN Shidong (CHN),KAO Cheng-Jui/LIN Yun-Ju
ITTF World Table Tennis Championships Finals Doha 2025,2025-05-22,HAYATA Hina,SHI Xunyao,4,2,"11,8,8,11,11,11|5,11,11,5,5,9",R16,WORLD_CHAMPIONSHIPS,WS,3108,Main Draw,HAYATA Hina (JPN),SHI Xunyao (CHN),HAYATA Hina
ITTF World Table Tennis Championships Finals Doha 2025,2025-05-22,WANG Yidi,PAVADE Prithika,4,0,"11,11,11,11|7,7,7,8",R16,WORLD_CHAMPIONSHIPS,WS,3108,Main Draw,WANG Yidi (CHN),PAVADE Prithika (FRA),WANG Yidi
ITTF World Table Tennis Championships Finals Doha 2025,2025-05-22,TOGAMI Shunsuke,JORGIC Darko,4,3,"9,11,9,11,1,12,12|11,9,11,4,11,10,10",R16,WORLD_CHAMPIONSHIPS,MS,3108,Main Draw,TOGAMI Shunsuke (JPN),JORGIC Darko (SLO),TOGAMI Shunsuke
ITTF World Table Tennis Championships Finals Doha 2025,2025-05-22,LIANG Jingkun,JARVIS Tom,4,2,"8,11,11,5,11,11|11,8,9,11,2,6",R16,WORLD_CHAMPIONSHIPS,MS,3108,Main Draw,LIANG Jingkun (CHN),JARVIS Tom (ENG),LIANG Jingkun
ITTF World Table Tennis Championships Finals Doha 2025,2025-05-22,ODO Satsuki,RAKOVAC Lea,4,0,"11,11,11,11|3,9,7,5",R16,WORLD_CHAMPIONSHIPS,WS,3108,Main Draw,ODO Satsuki (JPN),RAKOVAC Lea (CRO),ODO Satsuki
ITTF World Table Tennis Championships Finals Doha 2025,2025-05-22,WANG Manyu,SZOCS Bernadette,4,0,"11,12,11,11|6,10,5,6",R16,WORLD_CHAMPIONSHIPS,WS,3108,Main Draw,WANG Manyu (CHN),SZOCS Bernadette (ROU),WANG Manyu
ITTF World Table Tennis Championships Finals Doha 2025,2025-05-22,LIM Jonghoon/SHIN Yubin,LIN Yun-Ju/CHENG I-Ching,3,2,"11,11,6,7,11|9,9,11,11,9",QF,WORLD_CHAMPIONSHIPS,XD,3108,Main Draw,LIM Jonghoon/SHIN Yubin (KOR),LIN Yun-Ju/CHENG I-Ching (TPE),LIM Jonghoon/SHIN Yubin
ITTF World Table Tennis Championships Finals Doha 2025,2025-05-22,WANG Chuqin/SUN Yingsha,MATSUSHIMA Sora/HARIMOTO Miwa,3,1,"6,11,11,11|11,9,9,9",QF,WORLD_CHAMPIONSHIPS,XD,3108,Main Draw,WANG Chuqin/SUN Yingsha (CHN),MATSUSHIMA Sora/HARIMOTO Miwa (JPN),WANG Chuqin/SUN Yingsha
ITTF World Table Tennis Championships Finals Doha 2025,2025-05-23,CALDERANO Hugo,AN Jaehyun,4,1,"11,11,9,11,12|4,6,11,7,10",QF,WORLD_CHAMPIONSHIPS,MS,3108,Main Draw,CALDERANO Hugo (BRA),AN Jaehyun (KOR),CALDERANO Hugo
ITTF World Table Tennis Championships Finals Doha 2025,2025-05-23,MOREGARD Truls,TOGAMI Shunsuke,4,2,"14,3,11,11,12,11|16,11,7,8,10,9",QF,WORLD_CHAMPIONSHIPS,MS,3108,Main Draw,MOREGARD Truls (SWE),TOGAMI Shunsuke (JPN),MOREGARD Truls
ITTF World Table Tennis Championships Finals Doha 2025,2025-05-23,WANG Chuqin,LIN Yun-Ju,4,0,"12,11,11,12|10,8,8,10",QF,WORLD_CHAMPIONSHIPS,MS,3108,Main Draw,WANG Chuqin (CHN),LIN Yun-Ju (TPE),WANG Chuqin
ITTF World Table Tennis Championships Finals Doha 2025,2025-05-23,WANG Manyu,HARIMOTO Miwa,4,0,"11,11,11,11|5,8,9,5",QF,WORLD_CHAMPIONSHIPS,WS,3108,Main Draw,WANG Manyu (CHN),HARIMOTO Miwa (JPN),WANG Manyu
ITTF World Table Tennis Championships Finals Doha 2025,2025-05-23,SUN Yingsha,ODO Satsuki,4,1,"9,11,11,13,11|11,8,4,11,5",QF,WORLD_CHAMPIONSHIPS,WS,3108,Main Draw,SUN Yingsha (CHN),ODO Satsuki (JPN),SUN Yingsha
ITTF World Table Tennis Championships Finals Doha 2025,2025-05-23,CHEN Xingtong,HAYATA Hina,4,0,"12,11,11,11|10,6,7,9",QF,WORLD_CHAMPIONSHIPS,WS,3108,Main Draw,CHEN Xingtong (CHN),HAYATA Hina (JPN),CHEN Xingtong
ITTF World Table Tennis Championships Finals Doha 2025,2025-05-23,LIANG Jingkun,LIN Shidong,4,3,"11,11,7,5,11,8,11|5,8,11,11,8,11,7",QF,WORLD_CHAMPIONSHIPS,MS,3108,Main Draw,LIANG Jingkun (CHN),LIN Shidong (CHN),LIANG Jingkun
ITTF World Table Tennis Championships Finals Doha 2025,2025-05-23,ITO Mima,WANG Yidi,4,1,"6,11,11,11,11|11,8,6,8,9",QF,WORLD_CHAMPIONSHIPS,WS,3108,Main Draw,ITO Mima (JPN),WANG Yidi (CHN),ITO Mima
ITTF World Table Tennis Championships Finals Doha 2025,2025-05-23,LEBRUN Felix/LEBRUN Alexis,FALCK Mattias/KARLSSON Kristian,3,1,"11,11,8,11|9,7,11,5",QF,WORLD_CHAMPIONSHIPS,MD,3108,Main Draw,LEBRUN Felix/LEBRUN Alexis (FRA),FALCK Mattias/KARLSSON Kristian (SWE),LEBRUN Felix/LEBRUN Alexis
ITTF World Table Tennis Championships Finals Doha 2025,2025-05-23,SHINOZUKA Hiroto/TOGAMI Shunsuke,ELBEIALI Mohamed/ABDELAZIZ Youssef,3,0,"12,11,11|10,3,5",QF,WORLD_CHAMPIONSHIPS,MD,3108,Main Draw,SHINOZUKA Hiroto/TOGAMI Shunsuke (JPN),ELBEIALI Mohamed/ABDELAZIZ Youssef (EGY),SHINOZUKA Hiroto/TOGAMI Shunsuke
ITTF World Table Tennis Championships Finals Doha 2025,2025-05-23,WANG Manyu/KUAI Man,XIAO Maria/DIACONU Adina,3,0,"11,11,11|7,9,6",QF,WORLD_CHAMPIONSHIPS,WD,3108,Main Draw,WANG Manyu/KUAI Man (CHN),XIAO Maria/DIACONU Adina (ESP/ROU),WANG Manyu/KUAI Man
ITTF World Table Tennis Championships Finals Doha 2025,2025-05-23,POLCANOVA Sofia/SZOCS Bernadette,WINTER Sabine/WAN Yuan,3,1,"11,11,4,12|7,8,11,10",QF,WORLD_CHAMPIONSHIPS,WD,3108,Main Draw,POLCANOVA Sofia/SZOCS Bernadette (AUT/ROU),WINTER Sabine/WAN Yuan (GER),POLCANOVA Sofia/SZOCS Bernadette
ITTF World Table Tennis Championships Finals Doha 2025,2025-05-23,WANG Chuqin/SUN Yingsha,LIM Jonghoon/SHIN Yubin,3,0,"12,11,16|10,6,14",SF,WORLD_CHAMPIONSHIPS,XD,3108,Main Draw,WANG Chuqin/SUN Yingsha (CHN),LIM Jonghoon/SHIN Yubin (KOR),WANG Chuqin/SUN Yingsha
ITTF World Table Tennis Championships Finals Doha 2025,2025-05-23,YOSHIMURA Maharu/ODO Satsuki,WONG Chun Ting/DOO Hoi Kem,3,1,"11,11,4,11|8,1,11,2",SF,WORLD_CHAMPIONSHIPS,XD,3108,Main Draw,YOSHIMURA Maharu/ODO Satsuki (JPN),WONG Chun Ting/DOO Hoi Kem (HKG),YOSHIMURA Maharu/ODO Satsuki
ITTF World Table Tennis Championships Finals Doha 2025,2025-05-24,KAO Cheng-Jui/LIN Yun-Ju,LEBRUN Felix/LEBRUN Alexis,3,1,"11,11,9,12|8,7,11,10",SF,WORLD_CHAMPIONSHIPS,MD,3108,Main Draw,KAO Cheng-Jui/LIN Yun-Ju (TPE),LEBRUN Felix/LEBRUN Alexis (FRA),KAO Cheng-Jui/LIN Yun-Ju
ITTF World Table Tennis Championships Finals Doha 2025,2025-05-24,WANG Manyu,CHEN Xingtong,4,0,"11,11,11,11|8,8,2,8",SF,WORLD_CHAMPIONSHIPS,WS,3108,Main Draw,WANG Manyu (CHN),CHEN Xingtong (CHN),WANG Manyu
ITTF World Table Tennis Championships Finals Doha 2025,2025-05-24,CALDERANO Hugo,LIANG Jingkun,4,3,"15,11,8,11,3,7,11|13,7,11,8,11,11,9",SF,WORLD_CHAMPIONSHIPS,MS,3108,Main Draw,CALDERANO Hugo (BRA),LIANG Jingkun (CHN),CALDERANO Hugo
ITTF World Table Tennis Championships Finals Doha 2025,2025-05-24,POLCANOVA Sofia/SZOCS Bernadette,SHIN Yubin/RYU Hanna,3,2,"11,8,11,9,11|5,11,8,11,9",SF,WORLD_CHAMPIONSHIPS,WD,3108,Main Draw,POLCANOVA Sofia/SZOCS Bernadette (AUT/ROU),SHIN Yubin/RYU Hanna (KOR),POLCANOVA Sofia/SZOCS Bernadette
ITTF World Table Tennis Championships Finals Doha 2025,2025-05-24,WANG Chuqin/SUN Yingsha,YOSHIMURA Maharu/ODO Satsuki,3,1,"11,11,7,11|7,8,11,8",F,WORLD_CHAMPIONSHIPS,XD,3108,Main Draw,WANG Chuqin/SUN Yingsha (CHN),YOSHIMURA Maharu/ODO Satsuki (JPN),WANG Chuqin/SUN Yingsha
ITTF World Table Tennis Championships Finals Doha 2025,2025-05-24,WANG Manyu/KUAI Man,HARIMOTO Miwa/KIHARA Miyuu,3,0,"11,11,11|8,6,5",SF,WORLD_CHAMPIONSHIPS,WD,3108,Main Draw,WANG Manyu/KUAI Man (CHN),HARIMOTO Miwa/KIHARA Miyuu (JPN),WANG Manyu/KUAI Man
ITTF World Table Tennis Championships Finals Doha 2025,2025-05-24,SUN Yingsha,ITO Mima,4,0,"11,11,11,11|7,5,9,4",SF,WORLD_CHAMPIONSHIPS,WS,3108,Main Draw,SUN Yingsha (CHN),ITO Mima (JPN),SUN Yingsha
ITTF World Table Tennis Championships Finals Doha 2025,2025-05-24,WANG Chuqin,MOREGARD Truls,4,1,"5,11,11,12,12|11,8,2,10,10",SF,WORLD_CHAMPIONSHIPS,MS,3108,Main Draw,WANG Chuqin (CHN),MOREGARD Truls (SWE),WANG Chuqin
ITTF World Table Tennis Championships Finals Doha 2025,2025-05-24,SHINOZUKA Hiroto/TOGAMI Shunsuke,BOURRASSAUD Florian/DORR Esteban,3,0,"11,11,11|0,0,0",SF,WORLD_CHAMPIONSHIPS,MD,3108,Main Draw,SHINOZUKA Hiroto/TOGAMI Shunsuke (JPN),BOURRASSAUD Florian/DORR Esteban (FRA),SHINOZUKA Hiroto/TOGAMI Shunsuke
ITTF World Table Tennis Championships Finals Doha 2025,2025-05-25,WANG Manyu/KUAI Man,POLCANOVA Sofia/SZOCS Bernadette,3,0,"11,11,11|6,6,5",F,WORLD_CHAMPIONSHIPS,WD,3108,Main Draw,WANG Manyu/KUAI Man (CHN),POLCANOVA Sofia/SZOCS Bernadette (AUT/ROU),WANG Manyu/KUAI Man
ITTF World Table Tennis Championships Finals Doha 2025,2025-05-25,WANG Chuqin,CALDERANO Hugo,4,1,"12,11,4,11,11|10,3,11,2,7",F,WORLD_CHAMPIONSHIPS,MS,3108,Main Draw,WANG Chuqin (CHN),CALDERANO Hugo (BRA),WANG Chuqin
ITTF World Table Tennis Championships Finals Doha 2025,2025-05-25,SUN Yingsha,WANG Manyu,4,3,"11,12,8,5,12,11,11|6,10,11,11,10,13,7",F,WORLD_CHAMPIONSHIPS,WS,3108,Main Draw,SUN Yingsha (CHN),WANG Manyu (CHN),SUN Yingsha
ITTF World Table Tennis Championships Finals Doha 2025,2025-05-25,SHINOZUKA Hiroto/TOGAMI Shunsuke,KAO Cheng-Jui/LIN Yun-Ju,3,2,"6,11,7,11,11|11,5,11,6,6",F,WORLD_CHAMPIONSHIPS,MD,3108,Main Draw,SHINOZUKA Hiroto/TOGAMI Shunsuke (JPN),KAO Cheng-Jui/LIN Yun-Ju (TPE),SHINOZUKA Hiroto/TOGAMI Shunsuke
